[16:48:57] run_dir=/scratch/st-zliu-1/heqingz/CrossCarrier_Fresh_20260922/CrossCarrier_Repro/EXPERIMENTSRESULT/REVISION_5090/SUPP_ABLATION/ACR_Lfreq_only/seed42
[16:48:57] device=cuda
[16:48:57] backbone=vit_large_patch16_dinov3.lvd1689m
[16:48:57] env: manifest_dir=/scratch/st-zliu-1/heqingz/CrossCarrier_Fresh_20260922/CrossCarrier_Repro/tasks/known_people_unknown_freq/manifest dataset_root=/scratch/st-zliu-1/heqingz/CrossCarrier_Fresh_20260922/CrossCarrier_Repro use_dann=False selection=source_val_acc_ema adapter_mode=lora
[16:48:58] set_seed(42)
[16:49:04] [fast_gpu] source cache 644 imgs (0.39GB) on cuda
[16:49:04] train_source=644 train_src_rows=10:302 24:342 source_steps/epoch=40 val_all=162 heldout77_unused=140 test77_final=278
[16:49:04] [test77_split] seed=42 dev_per_class=20
[16:50:20] trainable params=2378753 (encoder_lora+neck+head + miro_proj+v15_falsification+v13_residual_split)
[16:50:20] logit_prior=[-1.9678890705108643, -1.913821816444397, -1.8427258729934692, -1.9678890705108643, -2.0133514404296875, -1.8929877281188965, -2.036881923675537]
[16:50:20] use_dann=False
[16:50:20] use_das=True
[16:50:20] das_mode=curriculum initial_stage={'name': 'stage1', 'p': 0.35, 'f_low': 10.0, 'f_high': 24.0}
[16:50:20] aug_flags: USE_HFT=True USE_SPEC_AUGMENT=True
[16:50:20] adapter_mode=lora
[16:50:20] schedule: epochs=100 steps/epoch=40 imgs/step=16 total_steps=4000 total_imgs=64000 warmup_steps=120
[16:50:20] source_qualified_policy: val_acc_ema>=0.90 candidates are recorded; best candidate by 77GHz F1 is saved as diagnostic
[16:50:20] [pool] init threshold=0.90 period=10 selection=dev77_f1
[16:50:20] [train] epoch 1/100 steps=40 use_dann=0 das=stage1 f=[10.0,24.0] p=0.35 gpu=3.0/3.0GB
[16:50:56] [train] ep=01 step=001/40 ce=7.9237 sc=2.8401 mi=1.0346 dn=0.0000 v13=0.0296 grl=0.0000 v15=0.0000 v15r=0.0000 v16=0.0000 v17=0.0000 v18=0.0000 acc=0.1875 lr=2.50e-06 lambda=0.000 grl_lambda=0.000 v18_lambda=0.000 gpu=3.0/11.8GB
[16:51:04] [train] ep=01 step=010/40 ce=8.0367 sc=2.8104 mi=1.0053 dn=0.0000 v13=0.0237 grl=0.0000 v15=0.0000 v15r=0.0000 v16=0.0000 v17=0.0000 v18=0.0000 acc=0.1812 lr=2.50e-05 lambda=0.000 grl_lambda=0.000 v18_lambda=0.000 gpu=3.0/11.8GB
[16:51:09] [train] ep=01 step=020/40 ce=7.9957 sc=2.8080 mi=0.9613 dn=0.0000 v13=0.0172 grl=0.0000 v15=0.0000 v15r=0.0000 v16=0.0000 v17=0.0000 v18=0.0000 acc=0.1375 lr=5.00e-05 lambda=0.000 grl_lambda=0.000 v18_lambda=0.000 gpu=3.0/11.8GB
[16:51:15] [train] ep=01 step=030/40 ce=7.9305 sc=2.8099 mi=0.8912 dn=0.0000 v13=0.0138 grl=0.0000 v15=0.0000 v15r=0.0000 v16=0.0000 v17=0.0000 v18=0.0000 acc=0.1437 lr=7.50e-05 lambda=0.000 grl_lambda=0.000 v18_lambda=0.000 gpu=3.0/11.8GB
[16:51:21] [train] ep=01 step=040/40 ce=7.8517 sc=2.8116 mi=0.8070 dn=0.0000 v13=0.0116 grl=0.0000 v15=0.0000 v15r=0.0000 v16=0.0000 v17=0.0000 v18=0.0000 acc=0.1547 lr=1.00e-04 lambda=0.000 grl_lambda=0.000 v18_lambda=0.000 gpu=3.0/11.8GB
[16:52:16] [ep_summary] ep=01/100 val_live=0.1975/0.1711 val_ema=0.0000/0.0000 test77_live=0.1403/0.0357 test77_diag_ema=0.0000/0.0000 v13=0.0116 grl=0.0000 v15=0.0000 v15r=0.0000 v16=0.0000 v17=0.0000 v18=0.0000 das=stage1[10,24] p=0.35 ep_time=115.8s
[16:52:16] [train] epoch 2/100 steps=40 use_dann=0 das=stage1 f=[10.0,24.0] p=0.35 gpu=3.0/11.8GB
[16:52:16] [train] ep=02 step=001/40 ce=7.2943 sc=2.5345 mi=0.4529 dn=0.0000 v13=0.0022 grl=0.0000 v15=0.0000 v15r=0.0000 v16=0.0000 v17=0.0000 v18=0.0000 acc=0.2500 lr=1.02e-04 lambda=0.000 grl_lambda=0.000 v18_lambda=0.000 gpu=3.0/11.8GB
[16:52:22] [train] ep=02 step=010/40 ce=7.3806 sc=2.7560 mi=0.3748 dn=0.0000 v13=0.0026 grl=0.0000 v15=0.0000 v15r=0.0000 v16=0.0000 v17=0.0000 v18=0.0000 acc=0.2750 lr=1.25e-04 lambda=0.000 grl_lambda=0.000 v18_lambda=0.000 gpu=3.0/11.8GB
[16:52:27] [train] ep=02 step=020/40 ce=7.3196 sc=2.7309 mi=0.3218 dn=0.0000 v13=0.0022 grl=0.0000 v15=0.0000 v15r=0.0000 v16=0.0000 v17=0.0000 v18=0.0000 acc=0.3219 lr=1.50e-04 lambda=0.000 grl_lambda=0.000 v18_lambda=0.000 gpu=3.0/11.8GB
[16:52:33] [train] ep=02 step=030/40 ce=7.2216 sc=2.7373 mi=0.2830 dn=0.0000 v13=0.0020 grl=0.0000 v15=0.0000 v15r=0.0000 v16=0.0000 v17=0.0000 v18=0.0000 acc=0.3375 lr=1.75e-04 lambda=0.000 grl_lambda=0.000 v18_lambda=0.000 gpu=3.0/11.8GB
[16:52:39] [train] ep=02 step=040/40 ce=7.0411 sc=2.6802 mi=0.2576 dn=0.0000 v13=0.0018 grl=0.0000 v15=0.0000 v15r=0.0000 v16=0.0000 v17=0.0000 v18=0.0000 acc=0.3828 lr=2.00e-04 lambda=0.000 grl_lambda=0.000 v18_lambda=0.000 gpu=3.0/11.8GB
[16:53:04] [ep_summary] ep=02/100 val_live=0.4691/0.4138 val_ema=0.0000/0.0000 test77_live=0.1403/0.0352 test77_diag_ema=0.0000/0.0000 v13=0.0018 grl=0.0000 v15=0.0000 v15r=0.0000 v16=0.0000 v17=0.0000 v18=0.0000 das=stage1[10,24] p=0.35 ep_time=48.3s
[16:53:04] [train] epoch 3/100 steps=40 use_dann=0 das=stage1 f=[10.0,24.0] p=0.35 gpu=3.0/11.8GB
[16:53:05] [train] ep=03 step=001/40 ce=6.4680 sc=2.5350 mi=0.1656 dn=0.0000 v13=0.0019 grl=0.0000 v15=0.0000 v15r=0.0000 v16=0.0000 v17=0.0000 v18=0.0000 acc=0.5000 lr=2.02e-04 lambda=0.000 grl_lambda=0.000 v18_lambda=0.000 gpu=3.0/11.8GB
[16:53:10] [train] ep=03 step=010/40 ce=5.7738 sc=2.4985 mi=0.1791 dn=0.0000 v13=0.0017 grl=0.0000 v15=0.0000 v15r=0.0000 v16=0.0000 v17=0.0000 v18=0.0000 acc=0.5000 lr=2.25e-04 lambda=0.000 grl_lambda=0.000 v18_lambda=0.000 gpu=3.0/11.8GB
[16:53:16] [train] ep=03 step=020/40 ce=5.5356 sc=2.2864 mi=0.1914 dn=0.0000 v13=0.0014 grl=0.0000 v15=0.0000 v15r=0.0000 v16=0.0000 v17=0.0000 v18=0.0000 acc=0.5531 lr=2.50e-04 lambda=0.000 grl_lambda=0.000 v18_lambda=0.000 gpu=3.0/11.8GB
[16:53:22] [train] ep=03 step=030/40 ce=4.9657 sc=2.0885 mi=0.1929 dn=0.0000 v13=0.0013 grl=0.0000 v15=0.0000 v15r=0.0000 v16=0.0000 v17=0.0000 v18=0.0000 acc=0.6188 lr=2.75e-04 lambda=0.000 grl_lambda=0.000 v18_lambda=0.000 gpu=3.0/11.8GB
[16:53:27] [train] ep=03 step=040/40 ce=4.8182 sc=2.0595 mi=0.1870 dn=0.0000 v13=0.0013 grl=0.0000 v15=0.0000 v15r=0.0000 v16=0.0000 v17=0.0000 v18=0.0000 acc=0.6406 lr=3.00e-04 lambda=0.000 grl_lambda=0.000 v18_lambda=0.000 gpu=3.0/11.8GB
[16:53:52] [ep_summary] ep=03/100 val_live=0.7469/0.7388 val_ema=0.0000/0.0000 test77_live=0.3237/0.2404 test77_diag_ema=0.0000/0.0000 v13=0.0013 grl=0.0000 v15=0.0000 v15r=0.0000 v16=0.0000 v17=0.0000 v18=0.0000 das=stage1[10,24] p=0.35 ep_time=48.1s
[16:53:52] [train] epoch 4/100 steps=40 use_dann=0 das=stage1 f=[10.0,24.0] p=0.35 gpu=3.0/11.8GB
[16:53:53] [train] ep=04 step=001/40 ce=5.1159 sc=2.4881 mi=0.1596 dn=0.0000 v13=0.0014 grl=0.0000 v15=0.0000 v15r=0.0000 v16=0.0000 v17=0.0000 v18=0.0000 acc=0.6250 lr=3.00e-04 lambda=0.000 grl_lambda=0.000 v18_lambda=0.000 gpu=3.0/11.8GB
[16:53:58] [train] ep=04 step=010/40 ce=3.7999 sc=1.8509 mi=0.1369 dn=0.0000 v13=0.0011 grl=0.0000 v15=0.0000 v15r=0.0000 v16=0.0000 v17=0.0000 v18=0.0000 acc=0.7125 lr=3.00e-04 lambda=0.000 grl_lambda=0.000 v18_lambda=0.000 gpu=3.0/11.8GB
[16:54:04] [train] ep=04 step=020/40 ce=3.1705 sc=1.7152 mi=0.1332 dn=0.0000 v13=0.0010 grl=0.0000 v15=0.0000 v15r=0.0000 v16=0.0000 v17=0.0000 v18=0.0000 acc=0.7844 lr=3.00e-04 lambda=0.000 grl_lambda=0.000 v18_lambda=0.000 gpu=3.0/11.8GB
[16:54:10] [train] ep=04 step=030/40 ce=2.9990 sc=1.6852 mi=0.1285 dn=0.0000 v13=0.0010 grl=0.0000 v15=0.0000 v15r=0.0000 v16=0.0000 v17=0.0000 v18=0.0000 acc=0.7979 lr=3.00e-04 lambda=0.000 grl_lambda=0.000 v18_lambda=0.000 gpu=3.0/11.8GB
[16:54:15] [train] ep=04 step=040/40 ce=2.8748 sc=1.6499 mi=0.1260 dn=0.0000 v13=0.0010 grl=0.0000 v15=0.0000 v15r=0.0000 v16=0.0000 v17=0.0000 v18=0.0000 acc=0.8125 lr=3.00e-04 lambda=0.000 grl_lambda=0.000 v18_lambda=0.000 gpu=3.0/11.8GB
[16:54:21] [ep_summary] ep=04/100 val_live=0.8272/0.8001 val_ema=0.0000/0.0000 test77_live=0.3849/0.2610 test77_diag_ema=0.0000/0.0000 v13=0.0010 grl=0.0000 v15=0.0000 v15r=0.0000 v16=0.0000 v17=0.0000 v18=0.0000 das=stage1[10,24] p=0.35 ep_time=28.6s
[16:54:21] [train] epoch 5/100 steps=40 use_dann=0 das=stage1 f=[10.0,24.0] p=0.35 gpu=3.0/11.8GB
[16:54:21] [train] ep=05 step=001/40 ce=1.3527 sc=1.0055 mi=0.1381 dn=0.0000 v13=0.0008 grl=0.0000 v15=0.0000 v15r=0.0000 v16=0.0000 v17=0.0000 v18=0.0000 acc=0.9375 lr=3.00e-04 lambda=0.000 grl_lambda=0.000 v18_lambda=0.000 gpu=3.0/11.8GB
[16:54:27] [train] ep=05 step=010/40 ce=2.9513 sc=1.5248 mi=0.1109 dn=0.0000 v13=0.0008 grl=0.0000 v15=0.0000 v15r=0.0000 v16=0.0000 v17=0.0000 v18=0.0000 acc=0.8250 lr=3.00e-04 lambda=0.000 grl_lambda=0.000 v18_lambda=0.000 gpu=3.0/11.8GB
[16:54:33] [train] ep=05 step=020/40 ce=2.8615 sc=1.4587 mi=0.1047 dn=0.0000 v13=0.0008 grl=0.0000 v15=0.0000 v15r=0.0000 v16=0.0000 v17=0.0000 v18=0.0000 acc=0.8313 lr=3.00e-04 lambda=0.000 grl_lambda=0.000 v18_lambda=0.000 gpu=3.0/11.8GB
[16:54:38] [train] ep=05 step=030/40 ce=2.7674 sc=1.4801 mi=0.1017 dn=0.0000 v13=0.0008 grl=0.0000 v15=0.0000 v15r=0.0000 v16=0.0000 v17=0.0000 v18=0.0000 acc=0.8292 lr=3.00e-04 lambda=0.000 grl_lambda=0.000 v18_lambda=0.000 gpu=3.0/11.8GB
[16:54:44] [train] ep=05 step=040/40 ce=2.7499 sc=1.5341 mi=0.0990 dn=0.0000 v13=0.0008 grl=0.0000 v15=0.0000 v15r=0.0000 v16=0.0000 v17=0.0000 v18=0.0000 acc=0.8266 lr=3.00e-04 lambda=0.000 grl_lambda=0.000 v18_lambda=0.000 gpu=3.0/11.8GB
[16:54:55] [ep_summary] ep=05/100 val_live=0.7654/0.7429 val_ema=0.1914/0.0960 test77_live=0.4892/0.3687 test77_diag_ema=0.1367/0.0373 v13=0.0008 grl=0.0000 v15=0.0000 v15r=0.0000 v16=0.0000 v17=0.0000 v18=0.0000 das=stage1[10,24] p=0.35 ep_time=34.4s
[16:54:55] [save] best_sourceval_ema val_acc_ema=0.1914 source_val_live=0.7654/0.7429 source_val_ema=0.1914/0.0960 ep=5
[16:54:55] [train] epoch 6/100 steps=40 use_dann=0 das=stage1 f=[10.0,24.0] p=0.35 gpu=3.0/11.8GB
[16:54:56] [train] ep=06 step=001/40 ce=5.5261 sc=2.1474 mi=0.0809 dn=0.0000 v13=0.0006 grl=0.0000 v15=0.0000 v15r=0.0000 v16=0.0000 v17=0.0000 v18=0.0000 acc=0.5625 lr=3.00e-04 lambda=0.000 grl_lambda=0.000 v18_lambda=0.000 gpu=3.0/11.8GB
[16:55:01] [train] ep=06 step=010/40 ce=2.8698 sc=1.5164 mi=0.0912 dn=0.0000 v13=0.0006 grl=0.0000 v15=0.0000 v15r=0.0000 v16=0.0000 v17=0.0000 v18=0.0000 acc=0.8250 lr=3.00e-04 lambda=0.000 grl_lambda=0.000 v18_lambda=0.000 gpu=3.0/11.8GB
[16:55:07] [train] ep=06 step=020/40 ce=2.4871 sc=1.5859 mi=0.0898 dn=0.0000 v13=0.0007 grl=0.0000 v15=0.0000 v15r=0.0000 v16=0.0000 v17=0.0000 v18=0.0000 acc=0.8469 lr=3.00e-04 lambda=0.000 grl_lambda=0.000 v18_lambda=0.000 gpu=3.0/11.8GB
[16:55:13] [train] ep=06 step=030/40 ce=2.4478 sc=1.5328 mi=0.0916 dn=0.0000 v13=0.0008 grl=0.0000 v15=0.0000 v15r=0.0000 v16=0.0000 v17=0.0000 v18=0.0000 acc=0.8542 lr=2.99e-04 lambda=0.000 grl_lambda=0.000 v18_lambda=0.000 gpu=3.0/11.8GB
[16:55:19] [train] ep=06 step=040/40 ce=2.3237 sc=1.4711 mi=0.0906 dn=0.0000 v13=0.0007 grl=0.0000 v15=0.0000 v15r=0.0000 v16=0.0000 v17=0.0000 v18=0.0000 acc=0.8641 lr=2.99e-04 lambda=0.000 grl_lambda=0.000 v18_lambda=0.000 gpu=3.0/11.8GB
[16:55:30] [ep_summary] ep=06/100 val_live=0.9012/0.8966 val_ema=0.2099/0.1163 test77_live=0.5036/0.3830 test77_diag_ema=0.1367/0.0348 v13=0.0007 grl=0.0000 v15=0.0000 v15r=0.0000 v16=0.0000 v17=0.0000 v18=0.0000 das=stage1[10,24] p=0.35 ep_time=34.4s
[16:55:30] [save] best_sourceval_ema val_acc_ema=0.2099 source_val_live=0.9012/0.8966 source_val_ema=0.2099/0.1163 ep=6
[16:55:30] [train] epoch 7/100 steps=40 use_dann=0 das=stage1 f=[10.0,24.0] p=0.35 gpu=3.0/11.8GB
[16:55:30] [train] ep=07 step=001/40 ce=2.5591 sc=1.0122 mi=0.0869 dn=0.0000 v13=0.0006 grl=0.0000 v15=0.0000 v15r=0.0000 v16=0.0000 v17=0.0000 v18=0.0000 acc=0.8750 lr=2.99e-04 lambda=0.000 grl_lambda=0.000 v18_lambda=0.000 gpu=3.0/11.8GB
[16:55:36] [train] ep=07 step=010/40 ce=2.4496 sc=1.4587 mi=0.0806 dn=0.0000 v13=0.0007 grl=0.0000 v15=0.0000 v15r=0.0000 v16=0.0000 v17=0.0000 v18=0.0000 acc=0.8500 lr=2.99e-04 lambda=0.000 grl_lambda=0.000 v18_lambda=0.000 gpu=3.0/11.8GB
[16:55:42] [train] ep=07 step=020/40 ce=2.0925 sc=1.3380 mi=0.0799 dn=0.0000 v13=0.0007 grl=0.0000 v15=0.0000 v15r=0.0000 v16=0.0000 v17=0.0000 v18=0.0000 acc=0.8719 lr=2.99e-04 lambda=0.000 grl_lambda=0.000 v18_lambda=0.000 gpu=3.0/11.8GB
[16:55:47] [train] ep=07 step=030/40 ce=2.0053 sc=1.3415 mi=0.0785 dn=0.0000 v13=0.0007 grl=0.0000 v15=0.0000 v15r=0.0000 v16=0.0000 v17=0.0000 v18=0.0000 acc=0.8771 lr=2.99e-04 lambda=0.000 grl_lambda=0.000 v18_lambda=0.000 gpu=3.0/11.8GB
[16:55:53] [train] ep=07 step=040/40 ce=1.9481 sc=1.3023 mi=0.0786 dn=0.0000 v13=0.0007 grl=0.0000 v15=0.0000 v15r=0.0000 v16=0.0000 v17=0.0000 v18=0.0000 acc=0.8828 lr=2.99e-04 lambda=0.000 grl_lambda=0.000 v18_lambda=0.000 gpu=3.0/11.8GB
[16:56:04] [ep_summary] ep=07/100 val_live=0.9259/0.9266 val_ema=0.2469/0.1778 test77_live=0.4892/0.3837 test77_diag_ema=0.1403/0.0352 v13=0.0007 grl=0.0000 v15=0.0000 v15r=0.0000 v16=0.0000 v17=0.0000 v18=0.0000 das=stage1[10,24] p=0.35 ep_time=34.3s
[16:56:04] [save] best_sourceval_ema val_acc_ema=0.2469 source_val_live=0.9259/0.9266 source_val_ema=0.2469/0.1778 ep=7
[16:56:04] [train] epoch 8/100 steps=40 use_dann=0 das=stage1 f=[10.0,24.0] p=0.35 gpu=3.0/11.8GB
[16:56:05] [train] ep=08 step=001/40 ce=0.3639 sc=0.7008 mi=0.0803 dn=0.0000 v13=0.0005 grl=0.0000 v15=0.0000 v15r=0.0000 v16=0.0000 v17=0.0000 v18=0.0000 acc=1.0000 lr=2.99e-04 lambda=0.000 grl_lambda=0.000 v18_lambda=0.000 gpu=3.0/11.8GB
[16:56:10] [train] ep=08 step=010/40 ce=1.5529 sc=1.2889 mi=0.0776 dn=0.0000 v13=0.0007 grl=0.0000 v15=0.0000 v15r=0.0000 v16=0.0000 v17=0.0000 v18=0.0000 acc=0.9125 lr=2.99e-04 lambda=0.000 grl_lambda=0.000 v18_lambda=0.000 gpu=3.0/11.8GB
[16:56:16] [train] ep=08 step=020/40 ce=1.6501 sc=1.2827 mi=0.0763 dn=0.0000 v13=0.0007 grl=0.0000 v15=0.0000 v15r=0.0000 v16=0.0000 v17=0.0000 v18=0.0000 acc=0.9000 lr=2.98e-04 lambda=0.000 grl_lambda=0.000 v18_lambda=0.000 gpu=3.0/11.8GB
[16:56:22] [train] ep=08 step=030/40 ce=1.6045 sc=1.2782 mi=0.0772 dn=0.0000 v13=0.0007 grl=0.0000 v15=0.0000 v15r=0.0000 v16=0.0000 v17=0.0000 v18=0.0000 acc=0.9083 lr=2.98e-04 lambda=0.000 grl_lambda=0.000 v18_lambda=0.000 gpu=3.0/11.8GB
[16:56:28] [train] ep=08 step=040/40 ce=1.4929 sc=1.2119 mi=0.0766 dn=0.0000 v13=0.0006 grl=0.0000 v15=0.0000 v15r=0.0000 v16=0.0000 v17=0.0000 v18=0.0000 acc=0.9141 lr=2.98e-04 lambda=0.000 grl_lambda=0.000 v18_lambda=0.000 gpu=3.0/11.8GB
[16:56:39] [ep_summary] ep=08/100 val_live=0.9198/0.9234 val_ema=0.2716/0.2155 test77_live=0.5252/0.4496 test77_diag_ema=0.1403/0.0352 v13=0.0006 grl=0.0000 v15=0.0000 v15r=0.0000 v16=0.0000 v17=0.0000 v18=0.0000 das=stage1[10,24] p=0.35 ep_time=34.5s
[16:56:39] [save] best_sourceval_ema val_acc_ema=0.2716 source_val_live=0.9198/0.9234 source_val_ema=0.2716/0.2155 ep=8
[16:56:39] [train] epoch 9/100 steps=40 use_dann=0 das=stage2 f=[10.0,50.0] p=0.70 gpu=3.0/11.8GB
[16:56:39] [train] ep=09 step=001/40 ce=1.3654 sc=0.8633 mi=0.0816 dn=0.0000 v13=0.0040 grl=0.0000 v15=0.0000 v15r=0.0000 v16=0.0000 v17=0.0000 v18=0.0000 acc=0.8750 lr=2.98e-04 lambda=0.000 grl_lambda=0.000 v18_lambda=0.000 gpu=3.0/11.8GB
[16:56:45] [train] ep=09 step=010/40 ce=1.7279 sc=1.1710 mi=0.0804 dn=0.0000 v13=0.0017 grl=0.0000 v15=0.0000 v15r=0.0000 v16=0.0000 v17=0.0000 v18=0.0000 acc=0.8938 lr=2.98e-04 lambda=0.000 grl_lambda=0.000 v18_lambda=0.000 gpu=3.0/11.8GB
[16:56:50] [train] ep=09 step=020/40 ce=1.7331 sc=1.1812 mi=0.0785 dn=0.0000 v13=0.0014 grl=0.0000 v15=0.0000 v15r=0.0000 v16=0.0000 v17=0.0000 v18=0.0000 acc=0.9000 lr=2.98e-04 lambda=0.000 grl_lambda=0.000 v18_lambda=0.000 gpu=3.0/11.8GB
[16:56:56] [train] ep=09 step=030/40 ce=1.5583 sc=1.2100 mi=0.0778 dn=0.0000 v13=0.0013 grl=0.0000 v15=0.0000 v15r=0.0000 v16=0.0000 v17=0.0000 v18=0.0000 acc=0.9229 lr=2.97e-04 lambda=0.000 grl_lambda=0.000 v18_lambda=0.000 gpu=3.0/11.8GB
[16:57:02] [train] ep=09 step=040/40 ce=1.4639 sc=1.1984 mi=0.0776 dn=0.0000 v13=0.0013 grl=0.0000 v15=0.0000 v15r=0.0000 v16=0.0000 v17=0.0000 v18=0.0000 acc=0.9297 lr=2.97e-04 lambda=0.000 grl_lambda=0.000 v18_lambda=0.000 gpu=3.0/11.8GB
[16:57:13] [ep_summary] ep=09/100 val_live=0.9444/0.9429 val_ema=0.2901/0.2324 test77_live=0.6583/0.6405 test77_diag_ema=0.1403/0.0352 v13=0.0013 grl=0.0000 v15=0.0000 v15r=0.0000 v16=0.0000 v17=0.0000 v18=0.0000 das=stage2[10,50] p=0.70 ep_time=34.3s
[16:57:13] [save] best_sourceval_ema val_acc_ema=0.2901 source_val_live=0.9444/0.9429 source_val_ema=0.2901/0.2324 ep=9
[16:57:13] [train] epoch 10/100 steps=40 use_dann=0 das=stage2 f=[10.0,50.0] p=0.70 gpu=3.0/11.8GB
[16:57:14] [train] ep=10 step=001/40 ce=0.4505 sc=0.6169 mi=0.0775 dn=0.0000 v13=0.0007 grl=0.0000 v15=0.0000 v15r=0.0000 v16=0.0000 v17=0.0000 v18=0.0000 acc=1.0000 lr=2.97e-04 lambda=0.000 grl_lambda=0.000 v18_lambda=0.000 gpu=3.0/11.8GB
[16:57:19] [train] ep=10 step=010/40 ce=1.0108 sc=1.0672 mi=0.0783 dn=0.0000 v13=0.0011 grl=0.0000 v15=0.0000 v15r=0.0000 v16=0.0000 v17=0.0000 v18=0.0000 acc=0.9500 lr=2.97e-04 lambda=0.000 grl_lambda=0.000 v18_lambda=0.000 gpu=3.0/11.8GB
[16:57:25] [train] ep=10 step=020/40 ce=1.0919 sc=1.0763 mi=0.0785 dn=0.0000 v13=0.0011 grl=0.0000 v15=0.0000 v15r=0.0000 v16=0.0000 v17=0.0000 v18=0.0000 acc=0.9437 lr=2.97e-04 lambda=0.000 grl_lambda=0.000 v18_lambda=0.000 gpu=3.0/11.8GB
[16:57:31] [train] ep=10 step=030/40 ce=1.1196 sc=1.0113 mi=0.0773 dn=0.0000 v13=0.0010 grl=0.0000 v15=0.0000 v15r=0.0000 v16=0.0000 v17=0.0000 v18=0.0000 acc=0.9437 lr=2.96e-04 lambda=0.000 grl_lambda=0.000 v18_lambda=0.000 gpu=3.0/11.8GB
[16:57:37] [train] ep=10 step=040/40 ce=1.2011 sc=1.0458 mi=0.0774 dn=0.0000 v13=0.0010 grl=0.0000 v15=0.0000 v15r=0.0000 v16=0.0000 v17=0.0000 v18=0.0000 acc=0.9406 lr=2.96e-04 lambda=0.000 grl_lambda=0.000 v18_lambda=0.000 gpu=3.0/11.8GB
[16:57:47] [pool] check ep=010/100 source_val_acc_ema=0.3025 threshold=0.90
[16:57:47] [pool] ep=010 SKIP (source_val_acc_ema=0.3025 < 0.90)
[16:57:47] [ep_summary] ep=10/100 val_live=0.9074/0.9040 val_ema=0.3025/0.2493 test77_live=0.7698/0.7497 test77_diag_ema=0.1403/0.0352 v13=0.0010 grl=0.0000 v15=0.0000 v15r=0.0000 v16=0.0000 v17=0.0000 v18=0.0000 das=stage2[10,50] p=0.70 ep_time=34.3s
[16:57:47] [save] best_sourceval_ema val_acc_ema=0.3025 source_val_live=0.9074/0.9040 source_val_ema=0.3025/0.2493 ep=10
[16:57:47] [strict77_monitor] ep=10 best_source_epoch=10 source_val_ema=0.3025/0.2493 test77_ema_diag=0.1403/0.0352 sourcequalified_count=0
[16:57:47] [train] epoch 11/100 steps=40 use_dann=0 das=stage2 f=[10.0,50.0] p=0.70 gpu=3.0/11.8GB
[16:57:48] [train] ep=11 step=001/40 ce=3.3133 sc=1.4746 mi=0.0685 dn=0.0000 v13=0.0012 grl=0.0000 v15=0.0000 v15r=0.0000 v16=0.0000 v17=0.0000 v18=0.0000 acc=0.8125 lr=2.96e-04 lambda=0.000 grl_lambda=0.000 v18_lambda=0.000 gpu=3.0/11.8GB
[16:57:53] [train] ep=11 step=010/40 ce=1.3012 sc=1.1047 mi=0.0723 dn=0.0000 v13=0.0009 grl=0.0000 v15=0.0000 v15r=0.0000 v16=0.0000 v17=0.0000 v18=0.0000 acc=0.9250 lr=2.96e-04 lambda=0.000 grl_lambda=0.000 v18_lambda=0.000 gpu=3.0/11.8GB
[16:57:59] [train] ep=11 step=020/40 ce=1.1548 sc=1.0421 mi=0.0703 dn=0.0000 v13=0.0009 grl=0.0000 v15=0.0000 v15r=0.0000 v16=0.0000 v17=0.0000 v18=0.0000 acc=0.9375 lr=2.96e-04 lambda=0.000 grl_lambda=0.000 v18_lambda=0.000 gpu=3.0/11.8GB
[16:58:05] [train] ep=11 step=030/40 ce=1.0450 sc=1.0233 mi=0.0699 dn=0.0000 v13=0.0008 grl=0.0000 v15=0.0000 v15r=0.0000 v16=0.0000 v17=0.0000 v18=0.0000 acc=0.9521 lr=2.95e-04 lambda=0.000 grl_lambda=0.000 v18_lambda=0.000 gpu=3.0/11.8GB
[16:58:11] [train] ep=11 step=040/40 ce=1.0628 sc=1.0297 mi=0.0699 dn=0.0000 v13=0.0008 grl=0.0000 v15=0.0000 v15r=0.0000 v16=0.0000 v17=0.0000 v18=0.0000 acc=0.9516 lr=2.95e-04 lambda=0.000 grl_lambda=0.000 v18_lambda=0.000 gpu=3.0/11.8GB
[16:58:22] [ep_summary] ep=11/100 val_live=0.9383/0.9378 val_ema=0.3333/0.2797 test77_live=0.7518/0.7263 test77_diag_ema=0.1403/0.0352 v13=0.0008 grl=0.0000 v15=0.0000 v15r=0.0000 v16=0.0000 v17=0.0000 v18=0.0000 das=stage2[10,50] p=0.70 ep_time=34.6s
[16:58:22] [save] best_sourceval_ema val_acc_ema=0.3333 source_val_live=0.9383/0.9378 source_val_ema=0.3333/0.2797 ep=11
[16:58:22] [train] epoch 12/100 steps=40 use_dann=0 das=stage2 f=[10.0,50.0] p=0.70 gpu=3.0/11.8GB
[16:58:23] [train] ep=12 step=001/40 ce=1.1314 sc=0.9692 mi=0.0633 dn=0.0000 v13=0.0009 grl=0.0000 v15=0.0000 v15r=0.0000 v16=0.0000 v17=0.0000 v18=0.0000 acc=0.9375 lr=2.95e-04 lambda=0.000 grl_lambda=0.000 v18_lambda=0.000 gpu=3.0/11.8GB
[16:58:28] [train] ep=12 step=010/40 ce=0.5823 sc=0.8740 mi=0.0718 dn=0.0000 v13=0.0008 grl=0.0000 v15=0.0000 v15r=0.0000 v16=0.0000 v17=0.0000 v18=0.0000 acc=0.9875 lr=2.95e-04 lambda=0.000 grl_lambda=0.000 v18_lambda=0.000 gpu=3.0/11.8GB
[16:58:34] [train] ep=12 step=020/40 ce=0.8068 sc=0.9022 mi=0.0722 dn=0.0000 v13=0.0009 grl=0.0000 v15=0.0000 v15r=0.0000 v16=0.0000 v17=0.0000 v18=0.0000 acc=0.9688 lr=2.94e-04 lambda=0.000 grl_lambda=0.000 v18_lambda=0.000 gpu=3.0/11.8GB
[16:58:40] [train] ep=12 step=030/40 ce=0.8554 sc=0.9574 mi=0.0713 dn=0.0000 v13=0.0009 grl=0.0000 v15=0.0000 v15r=0.0000 v16=0.0000 v17=0.0000 v18=0.0000 acc=0.9688 lr=2.94e-04 lambda=0.000 grl_lambda=0.000 v18_lambda=0.000 gpu=3.0/11.8GB
[16:58:45] [train] ep=12 step=040/40 ce=0.8166 sc=0.9044 mi=0.0709 dn=0.0000 v13=0.0009 grl=0.0000 v15=0.0000 v15r=0.0000 v16=0.0000 v17=0.0000 v18=0.0000 acc=0.9734 lr=2.94e-04 lambda=0.000 grl_lambda=0.000 v18_lambda=0.000 gpu=3.0/11.8GB
[16:58:57] [ep_summary] ep=12/100 val_live=0.9506/0.9508 val_ema=0.3704/0.3190 test77_live=0.7878/0.7855 test77_diag_ema=0.1403/0.0352 v13=0.0009 grl=0.0000 v15=0.0000 v15r=0.0000 v16=0.0000 v17=0.0000 v18=0.0000 das=stage2[10,50] p=0.70 ep_time=35.5s
[16:58:58] [save] best_sourceval_ema val_acc_ema=0.3704 source_val_live=0.9506/0.9508 source_val_ema=0.3704/0.3190 ep=12
[16:58:58] [train] epoch 13/100 steps=40 use_dann=0 das=stage2 f=[10.0,50.0] p=0.70 gpu=3.0/11.8GB
[16:58:58] [train] ep=13 step=001/40 ce=0.3320 sc=0.7748 mi=0.0660 dn=0.0000 v13=0.0005 grl=0.0000 v15=0.0000 v15r=0.0000 v16=0.0000 v17=0.0000 v18=0.0000 acc=1.0000 lr=2.94e-04 lambda=0.000 grl_lambda=0.000 v18_lambda=0.000 gpu=3.0/11.8GB
[16:59:03] [train] ep=13 step=010/40 ce=0.6347 sc=0.7236 mi=0.0673 dn=0.0000 v13=0.0009 grl=0.0000 v15=0.0000 v15r=0.0000 v16=0.0000 v17=0.0000 v18=0.0000 acc=0.9812 lr=2.93e-04 lambda=0.000 grl_lambda=0.000 v18_lambda=0.000 gpu=3.0/11.8GB
[16:59:09] [train] ep=13 step=020/40 ce=0.6817 sc=0.8663 mi=0.0666 dn=0.0000 v13=0.0008 grl=0.0000 v15=0.0000 v15r=0.0000 v16=0.0000 v17=0.0000 v18=0.0000 acc=0.9781 lr=2.93e-04 lambda=0.000 grl_lambda=0.000 v18_lambda=0.000 gpu=3.0/11.8GB
[16:59:15] [train] ep=13 step=030/40 ce=0.7579 sc=0.9410 mi=0.0677 dn=0.0000 v13=0.0008 grl=0.0000 v15=0.0000 v15r=0.0000 v16=0.0000 v17=0.0000 v18=0.0000 acc=0.9708 lr=2.93e-04 lambda=0.000 grl_lambda=0.000 v18_lambda=0.000 gpu=3.0/11.8GB
[16:59:21] [train] ep=13 step=040/40 ce=0.7853 sc=0.9337 mi=0.0673 dn=0.0000 v13=0.0008 grl=0.0000 v15=0.0000 v15r=0.0000 v16=0.0000 v17=0.0000 v18=0.0000 acc=0.9703 lr=2.92e-04 lambda=0.000 grl_lambda=0.000 v18_lambda=0.000 gpu=3.0/11.8GB
[16:59:32] [ep_summary] ep=13/100 val_live=0.9630/0.9634 val_ema=0.4012/0.3679 test77_live=0.6367/0.6206 test77_diag_ema=0.1403/0.0352 v13=0.0008 grl=0.0000 v15=0.0000 v15r=0.0000 v16=0.0000 v17=0.0000 v18=0.0000 das=stage2[10,50] p=0.70 ep_time=34.5s
[16:59:32] [save] best_sourceval_ema val_acc_ema=0.4012 source_val_live=0.9630/0.9634 source_val_ema=0.4012/0.3679 ep=13
[16:59:32] [train] epoch 14/100 steps=40 use_dann=0 das=stage2 f=[10.0,50.0] p=0.70 gpu=3.0/11.8GB
[16:59:33] [train] ep=14 step=001/40 ce=0.3384 sc=0.6249 mi=0.0732 dn=0.0000 v13=0.0008 grl=0.0000 v15=0.0000 v15r=0.0000 v16=0.0000 v17=0.0000 v18=0.0000 acc=1.0000 lr=2.92e-04 lambda=0.000 grl_lambda=0.000 v18_lambda=0.000 gpu=3.0/11.8GB
[16:59:38] [train] ep=14 step=010/40 ce=0.7739 sc=0.7475 mi=0.0660 dn=0.0000 v13=0.0008 grl=0.0000 v15=0.0000 v15r=0.0000 v16=0.0000 v17=0.0000 v18=0.0000 acc=0.9625 lr=2.92e-04 lambda=0.000 grl_lambda=0.000 v18_lambda=0.000 gpu=3.0/11.8GB
[16:59:44] [train] ep=14 step=020/40 ce=0.6548 sc=0.7807 mi=0.0681 dn=0.0000 v13=0.0008 grl=0.0000 v15=0.0000 v15r=0.0000 v16=0.0000 v17=0.0000 v18=0.0000 acc=0.9781 lr=2.91e-04 lambda=0.000 grl_lambda=0.000 v18_lambda=0.000 gpu=3.0/11.8GB
[16:59:50] [train] ep=14 step=030/40 ce=0.6688 sc=0.8403 mi=0.0672 dn=0.0000 v13=0.0008 grl=0.0000 v15=0.0000 v15r=0.0000 v16=0.0000 v17=0.0000 v18=0.0000 acc=0.9771 lr=2.91e-04 lambda=0.000 grl_lambda=0.000 v18_lambda=0.000 gpu=3.0/11.8GB
[16:59:56] [train] ep=14 step=040/40 ce=0.6414 sc=0.8296 mi=0.0673 dn=0.0000 v13=0.0009 grl=0.0000 v15=0.0000 v15r=0.0000 v16=0.0000 v17=0.0000 v18=0.0000 acc=0.9797 lr=2.91e-04 lambda=0.000 grl_lambda=0.000 v18_lambda=0.000 gpu=3.0/11.8GB
[17:00:06] [ep_summary] ep=14/100 val_live=0.9383/0.9391 val_ema=0.4444/0.4340 test77_live=0.7878/0.7857 test77_diag_ema=0.1403/0.0352 v13=0.0009 grl=0.0000 v15=0.0000 v15r=0.0000 v16=0.0000 v17=0.0000 v18=0.0000 das=stage2[10,50] p=0.70 ep_time=34.3s
[17:00:06] [save] best_sourceval_ema val_acc_ema=0.4444 source_val_live=0.9383/0.9391 source_val_ema=0.4444/0.4340 ep=14
[17:00:06] [train] epoch 15/100 steps=40 use_dann=0 das=stage2 f=[10.0,50.0] p=0.70 gpu=3.0/11.8GB
[17:00:07] [train] ep=15 step=001/40 ce=0.6486 sc=1.1031 mi=0.0632 dn=0.0000 v13=0.0007 grl=0.0000 v15=0.0000 v15r=0.0000 v16=0.0000 v17=0.0000 v18=0.0000 acc=1.0000 lr=2.91e-04 lambda=0.000 grl_lambda=0.000 v18_lambda=0.000 gpu=3.0/11.8GB
[17:00:13] [train] ep=15 step=010/40 ce=0.8210 sc=0.8768 mi=0.0714 dn=0.0000 v13=0.0009 grl=0.0000 v15=0.0000 v15r=0.0000 v16=0.0000 v17=0.0000 v18=0.0000 acc=0.9750 lr=2.90e-04 lambda=0.000 grl_lambda=0.000 v18_lambda=0.000 gpu=3.0/11.8GB
[17:00:18] [train] ep=15 step=020/40 ce=0.7518 sc=0.8617 mi=0.0686 dn=0.0000 v13=0.0010 grl=0.0000 v15=0.0000 v15r=0.0000 v16=0.0000 v17=0.0000 v18=0.0000 acc=0.9719 lr=2.90e-04 lambda=0.000 grl_lambda=0.000 v18_lambda=0.000 gpu=3.0/11.8GB
[17:00:24] [train] ep=15 step=030/40 ce=0.6686 sc=0.8545 mi=0.0691 dn=0.0000 v13=0.0010 grl=0.0000 v15=0.0000 v15r=0.0000 v16=0.0000 v17=0.0000 v18=0.0000 acc=0.9792 lr=2.89e-04 lambda=0.000 grl_lambda=0.000 v18_lambda=0.000 gpu=3.0/11.8GB
[17:00:30] [train] ep=15 step=040/40 ce=0.6388 sc=0.8365 mi=0.0679 dn=0.0000 v13=0.0010 grl=0.0000 v15=0.0000 v15r=0.0000 v16=0.0000 v17=0.0000 v18=0.0000 acc=0.9797 lr=2.89e-04 lambda=0.000 grl_lambda=0.000 v18_lambda=0.000 gpu=3.0/11.8GB
[17:01:16] [ep_summary] ep=15/100 val_live=0.9568/0.9565 val_ema=0.5309/0.5256 test77_live=0.7770/0.7707 test77_diag_ema=0.1403/0.0352 v13=0.0010 grl=0.0000 v15=0.0000 v15r=0.0000 v16=0.0000 v17=0.0000 v18=0.0000 das=stage2[10,50] p=0.70 ep_time=69.8s
[17:02:06] [save] best_sourceval_ema val_acc_ema=0.5309 source_val_live=0.9568/0.9565 source_val_ema=0.5309/0.5256 ep=15
[17:02:06] [train] epoch 16/100 steps=40 use_dann=0 das=stage2 f=[10.0,50.0] p=0.70 gpu=3.0/11.8GB
[17:02:08] [train] ep=16 step=001/40 ce=0.3220 sc=0.7559 mi=0.0581 dn=0.0000 v13=0.0012 grl=0.0000 v15=0.0000 v15r=0.0000 v16=0.0000 v17=0.0000 v18=0.0000 acc=1.0000 lr=2.89e-04 lambda=0.000 grl_lambda=0.000 v18_lambda=0.000 gpu=3.0/11.8GB
[17:02:13] [train] ep=16 step=010/40 ce=0.7108 sc=1.0321 mi=0.0640 dn=0.0000 v13=0.0007 grl=0.0000 v15=0.0000 v15r=0.0000 v16=0.0000 v17=0.0000 v18=0.0000 acc=0.9750 lr=2.88e-04 lambda=0.000 grl_lambda=0.000 v18_lambda=0.000 gpu=3.0/11.8GB
[17:02:19] [train] ep=16 step=020/40 ce=0.6365 sc=1.0049 mi=0.0670 dn=0.0000 v13=0.0008 grl=0.0000 v15=0.0000 v15r=0.0000 v16=0.0000 v17=0.0000 v18=0.0000 acc=0.9781 lr=2.88e-04 lambda=0.000 grl_lambda=0.000 v18_lambda=0.000 gpu=3.0/11.8GB
[17:02:25] [train] ep=16 step=030/40 ce=0.6425 sc=0.9819 mi=0.0666 dn=0.0000 v13=0.0007 grl=0.0000 v15=0.0000 v15r=0.0000 v16=0.0000 v17=0.0000 v18=0.0000 acc=0.9771 lr=2.87e-04 lambda=0.000 grl_lambda=0.000 v18_lambda=0.000 gpu=3.0/11.8GB
[17:02:31] [train] ep=16 step=040/40 ce=0.6834 sc=0.9898 mi=0.0666 dn=0.0000 v13=0.0008 grl=0.0000 v15=0.0000 v15r=0.0000 v16=0.0000 v17=0.0000 v18=0.0000 acc=0.9766 lr=2.87e-04 lambda=0.000 grl_lambda=0.000 v18_lambda=0.000 gpu=3.0/11.8GB
[17:02:50] [ep_summary] ep=16/100 val_live=0.9753/0.9755 val_ema=0.6049/0.5848 test77_live=0.7446/0.7345 test77_diag_ema=0.1403/0.0352 v13=0.0008 grl=0.0000 v15=0.0000 v15r=0.0000 v16=0.0000 v17=0.0000 v18=0.0000 das=stage2[10,50] p=0.70 ep_time=43.1s
[17:02:58] [save] best_sourceval_ema val_acc_ema=0.6049 source_val_live=0.9753/0.9755 source_val_ema=0.6049/0.5848 ep=16
[17:02:58] [train] epoch 17/100 steps=40 use_dann=0 das=stage2 f=[10.0,50.0] p=0.70 gpu=3.0/11.8GB
[17:02:59] [train] ep=17 step=001/40 ce=0.8011 sc=0.8173 mi=0.0659 dn=0.0000 v13=0.0006 grl=0.0000 v15=0.0000 v15r=0.0000 v16=0.0000 v17=0.0000 v18=0.0000 acc=0.9375 lr=2.87e-04 lambda=0.000 grl_lambda=0.000 v18_lambda=0.000 gpu=3.0/11.8GB
[17:03:04] [train] ep=17 step=010/40 ce=0.5279 sc=0.7769 mi=0.0640 dn=0.0000 v13=0.0008 grl=0.0000 v15=0.0000 v15r=0.0000 v16=0.0000 v17=0.0000 v18=0.0000 acc=0.9875 lr=2.86e-04 lambda=0.000 grl_lambda=0.000 v18_lambda=0.000 gpu=3.0/11.8GB
[17:03:10] [train] ep=17 step=020/40 ce=0.5816 sc=0.8325 mi=0.0664 dn=0.0000 v13=0.0009 grl=0.0000 v15=0.0000 v15r=0.0000 v16=0.0000 v17=0.0000 v18=0.0000 acc=0.9812 lr=2.86e-04 lambda=0.000 grl_lambda=0.000 v18_lambda=0.000 gpu=3.0/11.8GB
[17:03:16] [train] ep=17 step=030/40 ce=0.6202 sc=0.8663 mi=0.0673 dn=0.0000 v13=0.0009 grl=0.0000 v15=0.0000 v15r=0.0000 v16=0.0000 v17=0.0000 v18=0.0000 acc=0.9792 lr=2.85e-04 lambda=0.000 grl_lambda=0.000 v18_lambda=0.000 gpu=3.0/11.8GB
[17:03:22] [train] ep=17 step=040/40 ce=0.6678 sc=0.8971 mi=0.0667 dn=0.0000 v13=0.0009 grl=0.0000 v15=0.0000 v15r=0.0000 v16=0.0000 v17=0.0000 v18=0.0000 acc=0.9766 lr=2.85e-04 lambda=0.000 grl_lambda=0.000 v18_lambda=0.000 gpu=3.0/11.8GB
[17:03:41] [ep_summary] ep=17/100 val_live=0.9506/0.9507 val_ema=0.6173/0.6013 test77_live=0.7842/0.7813 test77_diag_ema=0.1403/0.0352 v13=0.0009 grl=0.0000 v15=0.0000 v15r=0.0000 v16=0.0000 v17=0.0000 v18=0.0000 das=stage2[10,50] p=0.70 ep_time=43.0s
[17:03:42] [save] best_sourceval_ema val_acc_ema=0.6173 source_val_live=0.9506/0.9507 source_val_ema=0.6173/0.6013 ep=17
[17:03:42] [train] epoch 18/100 steps=40 use_dann=0 das=stage2 f=[10.0,50.0] p=0.70 gpu=3.0/11.8GB
[17:03:43] [train] ep=18 step=001/40 ce=0.6072 sc=1.1575 mi=0.0658 dn=0.0000 v13=0.0014 grl=0.0000 v15=0.0000 v15r=0.0000 v16=0.0000 v17=0.0000 v18=0.0000 acc=1.0000 lr=2.85e-04 lambda=0.000 grl_lambda=0.000 v18_lambda=0.000 gpu=3.0/11.8GB
[17:03:48] [train] ep=18 step=010/40 ce=0.6999 sc=0.9830 mi=0.0714 dn=0.0000 v13=0.0008 grl=0.0000 v15=0.0000 v15r=0.0000 v16=0.0000 v17=0.0000 v18=0.0000 acc=0.9812 lr=2.84e-04 lambda=0.000 grl_lambda=0.000 v18_lambda=0.000 gpu=3.0/11.8GB
[17:03:54] [train] ep=18 step=020/40 ce=0.6061 sc=0.9178 mi=0.0687 dn=0.0000 v13=0.0009 grl=0.0000 v15=0.0000 v15r=0.0000 v16=0.0000 v17=0.0000 v18=0.0000 acc=0.9844 lr=2.84e-04 lambda=0.000 grl_lambda=0.000 v18_lambda=0.000 gpu=3.0/11.8GB
[17:04:00] [train] ep=18 step=030/40 ce=0.5374 sc=0.9145 mi=0.0680 dn=0.0000 v13=0.0008 grl=0.0000 v15=0.0000 v15r=0.0000 v16=0.0000 v17=0.0000 v18=0.0000 acc=0.9896 lr=2.83e-04 lambda=0.000 grl_lambda=0.000 v18_lambda=0.000 gpu=3.0/11.8GB
[17:04:05] [train] ep=18 step=040/40 ce=0.5979 sc=0.9267 mi=0.0679 dn=0.0000 v13=0.0008 grl=0.0000 v15=0.0000 v15r=0.0000 v16=0.0000 v17=0.0000 v18=0.0000 acc=0.9812 lr=2.83e-04 lambda=0.000 grl_lambda=0.000 v18_lambda=0.000 gpu=3.0/11.8GB
[17:04:18] [ep_summary] ep=18/100 val_live=0.9506/0.9492 val_ema=0.6173/0.6013 test77_live=0.7986/0.7868 test77_diag_ema=0.1403/0.0356 v13=0.0008 grl=0.0000 v15=0.0000 v15r=0.0000 v16=0.0000 v17=0.0000 v18=0.0000 das=stage2[10,50] p=0.70 ep_time=36.1s
[17:04:18] [train] epoch 19/100 steps=40 use_dann=0 das=stage2 f=[10.0,50.0] p=0.70 gpu=3.0/11.8GB
[17:04:19] [train] ep=19 step=001/40 ce=0.9651 sc=0.8948 mi=0.0677 dn=0.0000 v13=0.0007 grl=0.0000 v15=0.0000 v15r=0.0000 v16=0.0000 v17=0.0000 v18=0.0000 acc=0.9375 lr=2.83e-04 lambda=0.000 grl_lambda=0.000 v18_lambda=0.000 gpu=3.0/11.8GB
[17:04:24] [train] ep=19 step=010/40 ce=0.8463 sc=0.9278 mi=0.0634 dn=0.0000 v13=0.0006 grl=0.0000 v15=0.0000 v15r=0.0000 v16=0.0000 v17=0.0000 v18=0.0000 acc=0.9688 lr=2.82e-04 lambda=0.000 grl_lambda=0.000 v18_lambda=0.000 gpu=3.0/11.8GB
[17:04:30] [train] ep=19 step=020/40 ce=0.6591 sc=0.9137 mi=0.0642 dn=0.0000 v13=0.0006 grl=0.0000 v15=0.0000 v15r=0.0000 v16=0.0000 v17=0.0000 v18=0.0000 acc=0.9812 lr=2.82e-04 lambda=0.000 grl_lambda=0.000 v18_lambda=0.000 gpu=3.0/11.8GB
[17:04:36] [train] ep=19 step=030/40 ce=0.6065 sc=0.9021 mi=0.0650 dn=0.0000 v13=0.0006 grl=0.0000 v15=0.0000 v15r=0.0000 v16=0.0000 v17=0.0000 v18=0.0000 acc=0.9812 lr=2.81e-04 lambda=0.000 grl_lambda=0.000 v18_lambda=0.000 gpu=3.0/11.8GB
[17:04:42] [train] ep=19 step=040/40 ce=0.6223 sc=0.8825 mi=0.0660 dn=0.0000 v13=0.0006 grl=0.0000 v15=0.0000 v15r=0.0000 v16=0.0000 v17=0.0000 v18=0.0000 acc=0.9781 lr=2.80e-04 lambda=0.000 grl_lambda=0.000 v18_lambda=0.000 gpu=3.0/11.8GB
[17:04:53] [ep_summary] ep=19/100 val_live=0.9691/0.9701 val_ema=0.6667/0.6480 test77_live=0.7806/0.7745 test77_diag_ema=0.1403/0.0358 v13=0.0006 grl=0.0000 v15=0.0000 v15r=0.0000 v16=0.0000 v17=0.0000 v18=0.0000 das=stage2[10,50] p=0.70 ep_time=35.3s
[17:04:53] [save] best_sourceval_ema val_acc_ema=0.6667 source_val_live=0.9691/0.9701 source_val_ema=0.6667/0.6480 ep=19
[17:04:53] [train] epoch 20/100 steps=40 use_dann=0 das=stage2 f=[10.0,50.0] p=0.70 gpu=3.0/11.8GB
[17:04:54] [train] ep=20 step=001/40 ce=0.4237 sc=0.7692 mi=0.0631 dn=0.0000 v13=0.0009 grl=0.0000 v15=0.0000 v15r=0.0000 v16=0.0000 v17=0.0000 v18=0.0000 acc=1.0000 lr=2.80e-04 lambda=0.000 grl_lambda=0.000 v18_lambda=0.000 gpu=3.0/11.8GB
[17:04:59] [train] ep=20 step=010/40 ce=0.6411 sc=0.9284 mi=0.0675 dn=0.0000 v13=0.0006 grl=0.0000 v15=0.0000 v15r=0.0000 v16=0.0000 v17=0.0000 v18=0.0000 acc=0.9750 lr=2.80e-04 lambda=0.000 grl_lambda=0.000 v18_lambda=0.000 gpu=3.0/11.8GB
[17:05:05] [train] ep=20 step=020/40 ce=0.4944 sc=0.8679 mi=0.0645 dn=0.0000 v13=0.0007 grl=0.0000 v15=0.0000 v15r=0.0000 v16=0.0000 v17=0.0000 v18=0.0000 acc=0.9875 lr=2.79e-04 lambda=0.000 grl_lambda=0.000 v18_lambda=0.000 gpu=3.0/11.8GB
[17:05:11] [train] ep=20 step=030/40 ce=0.4545 sc=0.8738 mi=0.0651 dn=0.0000 v13=0.0006 grl=0.0000 v15=0.0000 v15r=0.0000 v16=0.0000 v17=0.0000 v18=0.0000 acc=0.9917 lr=2.79e-04 lambda=0.000 grl_lambda=0.000 v18_lambda=0.000 gpu=3.0/11.8GB
[17:05:17] [train] ep=20 step=040/40 ce=0.4396 sc=0.8557 mi=0.0643 dn=0.0000 v13=0.0006 grl=0.0000 v15=0.0000 v15r=0.0000 v16=0.0000 v17=0.0000 v18=0.0000 acc=0.9922 lr=2.78e-04 lambda=0.000 grl_lambda=0.000 v18_lambda=0.000 gpu=3.0/11.8GB
[17:05:30] [pool] check ep=020/100 source_val_acc_ema=0.7160 threshold=0.90
[17:05:30] [pool] ep=020 SKIP (source_val_acc_ema=0.7160 < 0.90)
[17:05:31] [ep_summary] ep=20/100 val_live=0.9630/0.9634 val_ema=0.7160/0.6963 test77_live=0.7770/0.7670 test77_diag_ema=0.1403/0.0361 v13=0.0006 grl=0.0000 v15=0.0000 v15r=0.0000 v16=0.0000 v17=0.0000 v18=0.0000 das=stage2[10,50] p=0.70 ep_time=37.3s
[17:05:31] [save] best_sourceval_ema val_acc_ema=0.7160 source_val_live=0.9630/0.9634 source_val_ema=0.7160/0.6963 ep=20
[17:05:31] [strict77_monitor] ep=20 best_source_epoch=20 source_val_ema=0.7160/0.6963 test77_ema_diag=0.1403/0.0361 sourcequalified_count=0
[17:05:31] [train] epoch 21/100 steps=40 use_dann=0 das=stage2 f=[10.0,50.0] p=0.70 gpu=3.0/11.8GB
[17:05:34] [train] ep=21 step=001/40 ce=0.4402 sc=0.6490 mi=0.0684 dn=0.0000 v13=0.0005 grl=0.0000 v15=0.0000 v15r=0.0000 v16=0.0000 v17=0.0000 v18=0.0000 acc=1.0000 lr=2.78e-04 lambda=0.000 grl_lambda=0.000 v18_lambda=0.000 gpu=3.0/11.8GB
[17:05:39] [train] ep=21 step=010/40 ce=0.6228 sc=1.0108 mi=0.0676 dn=0.0000 v13=0.0006 grl=0.0000 v15=0.0000 v15r=0.0000 v16=0.0000 v17=0.0000 v18=0.0000 acc=0.9750 lr=2.77e-04 lambda=0.000 grl_lambda=0.000 v18_lambda=0.000 gpu=3.0/11.8GB
[17:05:45] [train] ep=21 step=020/40 ce=0.4628 sc=0.9004 mi=0.0664 dn=0.0000 v13=0.0006 grl=0.0000 v15=0.0000 v15r=0.0000 v16=0.0000 v17=0.0000 v18=0.0000 acc=0.9875 lr=2.77e-04 lambda=0.000 grl_lambda=0.000 v18_lambda=0.000 gpu=3.0/11.8GB
[17:05:51] [train] ep=21 step=030/40 ce=0.4622 sc=0.8475 mi=0.0663 dn=0.0000 v13=0.0007 grl=0.0000 v15=0.0000 v15r=0.0000 v16=0.0000 v17=0.0000 v18=0.0000 acc=0.9875 lr=2.76e-04 lambda=0.000 grl_lambda=0.000 v18_lambda=0.000 gpu=3.0/11.8GB
[17:05:57] [train] ep=21 step=040/40 ce=0.4971 sc=0.8669 mi=0.0660 dn=0.0000 v13=0.0007 grl=0.0000 v15=0.0000 v15r=0.0000 v16=0.0000 v17=0.0000 v18=0.0000 acc=0.9844 lr=2.75e-04 lambda=0.000 grl_lambda=0.000 v18_lambda=0.000 gpu=3.0/11.8GB
[17:06:08] [ep_summary] ep=21/100 val_live=0.9444/0.9438 val_ema=0.7346/0.7118 test77_live=0.7734/0.7709 test77_diag_ema=0.1475/0.0489 v13=0.0007 grl=0.0000 v15=0.0000 v15r=0.0000 v16=0.0000 v17=0.0000 v18=0.0000 das=stage2[10,50] p=0.70 ep_time=36.2s
[17:06:08] [save] best_sourceval_ema val_acc_ema=0.7346 source_val_live=0.9444/0.9438 source_val_ema=0.7346/0.7118 ep=21
[17:06:08] [train] epoch 22/100 steps=40 use_dann=0 das=stage2 f=[10.0,50.0] p=0.70 gpu=3.0/11.8GB
[17:06:08] [train] ep=22 step=001/40 ce=0.6092 sc=0.6274 mi=0.0650 dn=0.0000 v13=0.0005 grl=0.0000 v15=0.0000 v15r=0.0000 v16=0.0000 v17=0.0000 v18=0.0000 acc=1.0000 lr=2.75e-04 lambda=0.000 grl_lambda=0.000 v18_lambda=0.000 gpu=3.0/11.8GB
[17:06:14] [train] ep=22 step=010/40 ce=0.4678 sc=0.7942 mi=0.0661 dn=0.0000 v13=0.0007 grl=0.0000 v15=0.0000 v15r=0.0000 v16=0.0000 v17=0.0000 v18=0.0000 acc=0.9875 lr=2.75e-04 lambda=0.000 grl_lambda=0.000 v18_lambda=0.000 gpu=3.0/11.8GB
[17:06:20] [train] ep=22 step=020/40 ce=0.4492 sc=0.8336 mi=0.0661 dn=0.0000 v13=0.0007 grl=0.0000 v15=0.0000 v15r=0.0000 v16=0.0000 v17=0.0000 v18=0.0000 acc=0.9906 lr=2.74e-04 lambda=0.000 grl_lambda=0.000 v18_lambda=0.000 gpu=3.0/11.8GB
[17:06:25] [train] ep=22 step=030/40 ce=0.4364 sc=0.8249 mi=0.0643 dn=0.0000 v13=0.0007 grl=0.0000 v15=0.0000 v15r=0.0000 v16=0.0000 v17=0.0000 v18=0.0000 acc=0.9917 lr=2.73e-04 lambda=0.000 grl_lambda=0.000 v18_lambda=0.000 gpu=3.0/11.8GB
[17:06:31] [train] ep=22 step=040/40 ce=0.4456 sc=0.8524 mi=0.0643 dn=0.0000 v13=0.0007 grl=0.0000 v15=0.0000 v15r=0.0000 v16=0.0000 v17=0.0000 v18=0.0000 acc=0.9906 lr=2.73e-04 lambda=0.000 grl_lambda=0.000 v18_lambda=0.000 gpu=3.0/11.8GB
[17:06:42] [ep_summary] ep=22/100 val_live=0.9383/0.9383 val_ema=0.7654/0.7375 test77_live=0.7482/0.7383 test77_diag_ema=0.1547/0.0623 v13=0.0007 grl=0.0000 v15=0.0000 v15r=0.0000 v16=0.0000 v17=0.0000 v18=0.0000 das=stage2[10,50] p=0.70 ep_time=34.6s
[17:06:42] [save] best_sourceval_ema val_acc_ema=0.7654 source_val_live=0.9383/0.9383 source_val_ema=0.7654/0.7375 ep=22
[17:06:42] [train] epoch 23/100 steps=40 use_dann=0 das=stage2 f=[10.0,50.0] p=0.70 gpu=3.0/11.8GB
[17:06:43] [train] ep=23 step=001/40 ce=0.2949 sc=1.1082 mi=0.0630 dn=0.0000 v13=0.0007 grl=0.0000 v15=0.0000 v15r=0.0000 v16=0.0000 v17=0.0000 v18=0.0000 acc=1.0000 lr=2.72e-04 lambda=0.000 grl_lambda=0.000 v18_lambda=0.000 gpu=3.0/11.8GB
[17:06:48] [train] ep=23 step=010/40 ce=0.5756 sc=0.8732 mi=0.0664 dn=0.0000 v13=0.0007 grl=0.0000 v15=0.0000 v15r=0.0000 v16=0.0000 v17=0.0000 v18=0.0000 acc=0.9812 lr=2.72e-04 lambda=0.000 grl_lambda=0.000 v18_lambda=0.000 gpu=3.0/11.8GB
[17:06:54] [train] ep=23 step=020/40 ce=0.4990 sc=0.7827 mi=0.0643 dn=0.0000 v13=0.0007 grl=0.0000 v15=0.0000 v15r=0.0000 v16=0.0000 v17=0.0000 v18=0.0000 acc=0.9875 lr=2.71e-04 lambda=0.000 grl_lambda=0.000 v18_lambda=0.000 gpu=3.0/11.8GB
[17:07:00] [train] ep=23 step=030/40 ce=0.5193 sc=0.8408 mi=0.0630 dn=0.0000 v13=0.0007 grl=0.0000 v15=0.0000 v15r=0.0000 v16=0.0000 v17=0.0000 v18=0.0000 acc=0.9854 lr=2.70e-04 lambda=0.000 grl_lambda=0.000 v18_lambda=0.000 gpu=3.0/11.8GB
[17:07:06] [train] ep=23 step=040/40 ce=0.5350 sc=0.8477 mi=0.0633 dn=0.0000 v13=0.0007 grl=0.0000 v15=0.0000 v15r=0.0000 v16=0.0000 v17=0.0000 v18=0.0000 acc=0.9828 lr=2.70e-04 lambda=0.000 grl_lambda=0.000 v18_lambda=0.000 gpu=3.0/11.8GB
[17:07:18] [ep_summary] ep=23/100 val_live=0.9691/0.9693 val_ema=0.7778/0.7488 test77_live=0.7230/0.7077 test77_diag_ema=0.1583/0.0687 v13=0.0007 grl=0.0000 v15=0.0000 v15r=0.0000 v16=0.0000 v17=0.0000 v18=0.0000 das=stage2[10,50] p=0.70 ep_time=35.2s
[17:07:18] [save] best_sourceval_ema val_acc_ema=0.7778 source_val_live=0.9691/0.9693 source_val_ema=0.7778/0.7488 ep=23
[17:07:18] [train] epoch 24/100 steps=40 use_dann=0 das=stage2 f=[10.0,50.0] p=0.70 gpu=3.0/11.8GB
[17:07:18] [train] ep=24 step=001/40 ce=0.2797 sc=0.7566 mi=0.0653 dn=0.0000 v13=0.0007 grl=0.0000 v15=0.0000 v15r=0.0000 v16=0.0000 v17=0.0000 v18=0.0000 acc=1.0000 lr=2.70e-04 lambda=0.000 grl_lambda=0.000 v18_lambda=0.000 gpu=3.0/11.8GB
[17:07:24] [train] ep=24 step=010/40 ce=0.4096 sc=0.7838 mi=0.0610 dn=0.0000 v13=0.0005 grl=0.0000 v15=0.0000 v15r=0.0000 v16=0.0000 v17=0.0000 v18=0.0000 acc=0.9938 lr=2.69e-04 lambda=0.000 grl_lambda=0.000 v18_lambda=0.000 gpu=3.0/11.8GB
[17:07:30] [train] ep=24 step=020/40 ce=0.3802 sc=0.7739 mi=0.0623 dn=0.0000 v13=0.0005 grl=0.0000 v15=0.0000 v15r=0.0000 v16=0.0000 v17=0.0000 v18=0.0000 acc=0.9938 lr=2.68e-04 lambda=0.000 grl_lambda=0.000 v18_lambda=0.000 gpu=3.0/11.8GB
[17:07:36] [train] ep=24 step=030/40 ce=0.5053 sc=0.8592 mi=0.0627 dn=0.0000 v13=0.0005 grl=0.0000 v15=0.0000 v15r=0.0000 v16=0.0000 v17=0.0000 v18=0.0000 acc=0.9854 lr=2.67e-04 lambda=0.000 grl_lambda=0.000 v18_lambda=0.000 gpu=3.0/11.8GB
[17:07:42] [train] ep=24 step=040/40 ce=0.4845 sc=0.8720 mi=0.0624 dn=0.0000 v13=0.0006 grl=0.0000 v15=0.0000 v15r=0.0000 v16=0.0000 v17=0.0000 v18=0.0000 acc=0.9875 lr=2.67e-04 lambda=0.000 grl_lambda=0.000 v18_lambda=0.000 gpu=3.0/11.8GB
[17:07:53] [ep_summary] ep=24/100 val_live=0.9568/0.9557 val_ema=0.7840/0.7538 test77_live=0.7410/0.7353 test77_diag_ema=0.1727/0.0902 v13=0.0006 grl=0.0000 v15=0.0000 v15r=0.0000 v16=0.0000 v17=0.0000 v18=0.0000 das=stage2[10,50] p=0.70 ep_time=35.4s
[17:07:53] [save] best_sourceval_ema val_acc_ema=0.7840 source_val_live=0.9568/0.9557 source_val_ema=0.7840/0.7538 ep=24
[17:07:53] [train] epoch 25/100 steps=40 use_dann=0 das=stage3 f=[12.0,95.0] p=1.00 gpu=3.0/11.8GB
[17:07:54] [train] ep=25 step=001/40 ce=0.5682 sc=0.8752 mi=0.0686 dn=0.0000 v13=0.0006 grl=0.0000 v15=0.0000 v15r=0.0000 v16=0.0000 v17=0.0000 v18=0.0000 acc=1.0000 lr=2.67e-04 lambda=0.000 grl_lambda=0.000 v18_lambda=0.000 gpu=3.0/11.8GB
[17:07:59] [train] ep=25 step=010/40 ce=0.4613 sc=0.8311 mi=0.0674 dn=0.0000 v13=0.0008 grl=0.0000 v15=0.0000 v15r=0.0000 v16=0.0000 v17=0.0000 v18=0.0000 acc=0.9875 lr=2.66e-04 lambda=0.000 grl_lambda=0.000 v18_lambda=0.000 gpu=3.0/11.8GB
[17:08:05] [train] ep=25 step=020/40 ce=0.5695 sc=0.9027 mi=0.0667 dn=0.0000 v13=0.0009 grl=0.0000 v15=0.0000 v15r=0.0000 v16=0.0000 v17=0.0000 v18=0.0000 acc=0.9844 lr=2.65e-04 lambda=0.000 grl_lambda=0.000 v18_lambda=0.000 gpu=3.0/11.8GB
[17:08:11] [train] ep=25 step=030/40 ce=0.5321 sc=0.8581 mi=0.0649 dn=0.0000 v13=0.0009 grl=0.0000 v15=0.0000 v15r=0.0000 v16=0.0000 v17=0.0000 v18=0.0000 acc=0.9875 lr=2.64e-04 lambda=0.000 grl_lambda=0.000 v18_lambda=0.000 gpu=3.0/11.8GB
[17:08:17] [train] ep=25 step=040/40 ce=0.5278 sc=0.8461 mi=0.0649 dn=0.0000 v13=0.0010 grl=0.0000 v15=0.0000 v15r=0.0000 v16=0.0000 v17=0.0000 v18=0.0000 acc=0.9891 lr=2.64e-04 lambda=0.000 grl_lambda=0.000 v18_lambda=0.000 gpu=3.0/11.8GB
[17:08:29] [ep_summary] ep=25/100 val_live=0.9691/0.9688 val_ema=0.7963/0.7675 test77_live=0.8345/0.8389 test77_diag_ema=0.1835/0.1013 v13=0.0010 grl=0.0000 v15=0.0000 v15r=0.0000 v16=0.0000 v17=0.0000 v18=0.0000 das=stage3[12,95] p=1.00 ep_time=36.1s
[17:08:29] [save] best_sourceval_ema val_acc_ema=0.7963 source_val_live=0.9691/0.9688 source_val_ema=0.7963/0.7675 ep=25
[17:08:29] [train] epoch 26/100 steps=40 use_dann=0 das=stage3 f=[12.0,95.0] p=1.00 gpu=3.0/11.8GB
[17:08:30] [train] ep=26 step=001/40 ce=0.2809 sc=0.7565 mi=0.0573 dn=0.0000 v13=0.0008 grl=0.0000 v15=0.0000 v15r=0.0000 v16=0.0000 v17=0.0000 v18=0.0000 acc=1.0000 lr=2.64e-04 lambda=0.000 grl_lambda=0.000 v18_lambda=0.000 gpu=3.0/11.8GB
[17:08:35] [train] ep=26 step=010/40 ce=0.6613 sc=0.9084 mi=0.0634 dn=0.0000 v13=0.0007 grl=0.0000 v15=0.0000 v15r=0.0000 v16=0.0000 v17=0.0000 v18=0.0000 acc=0.9750 lr=2.63e-04 lambda=0.000 grl_lambda=0.000 v18_lambda=0.000 gpu=3.0/11.8GB
[17:08:41] [train] ep=26 step=020/40 ce=0.6247 sc=0.9168 mi=0.0631 dn=0.0000 v13=0.0008 grl=0.0000 v15=0.0000 v15r=0.0000 v16=0.0000 v17=0.0000 v18=0.0000 acc=0.9781 lr=2.62e-04 lambda=0.000 grl_lambda=0.000 v18_lambda=0.000 gpu=3.0/11.8GB
[17:08:47] [train] ep=26 step=030/40 ce=0.6155 sc=0.8627 mi=0.0642 dn=0.0000 v13=0.0010 grl=0.0000 v15=0.0000 v15r=0.0000 v16=0.0000 v17=0.0000 v18=0.0000 acc=0.9792 lr=2.61e-04 lambda=0.000 grl_lambda=0.000 v18_lambda=0.000 gpu=3.0/11.8GB
[17:08:53] [train] ep=26 step=040/40 ce=0.6741 sc=0.8763 mi=0.0648 dn=0.0000 v13=0.0009 grl=0.0000 v15=0.0000 v15r=0.0000 v16=0.0000 v17=0.0000 v18=0.0000 acc=0.9703 lr=2.60e-04 lambda=0.000 grl_lambda=0.000 v18_lambda=0.000 gpu=3.0/11.8GB
[17:09:04] [ep_summary] ep=26/100 val_live=0.9506/0.9513 val_ema=0.8086/0.7902 test77_live=0.7230/0.7037 test77_diag_ema=0.2086/0.1263 v13=0.0009 grl=0.0000 v15=0.0000 v15r=0.0000 v16=0.0000 v17=0.0000 v18=0.0000 das=stage3[12,95] p=1.00 ep_time=34.6s
[17:09:04] [save] best_sourceval_ema val_acc_ema=0.8086 source_val_live=0.9506/0.9513 source_val_ema=0.8086/0.7902 ep=26
[17:09:04] [train] epoch 27/100 steps=40 use_dann=0 das=stage3 f=[12.0,95.0] p=1.00 gpu=3.0/11.8GB
[17:09:05] [train] ep=27 step=001/40 ce=0.7469 sc=0.7637 mi=0.0625 dn=0.0000 v13=0.0017 grl=0.0000 v15=0.0000 v15r=0.0000 v16=0.0000 v17=0.0000 v18=0.0000 acc=1.0000 lr=2.60e-04 lambda=0.000 grl_lambda=0.000 v18_lambda=0.000 gpu=3.0/11.8GB
[17:09:10] [train] ep=27 step=010/40 ce=0.6119 sc=0.9035 mi=0.0647 dn=0.0000 v13=0.0009 grl=0.0000 v15=0.0000 v15r=0.0000 v16=0.0000 v17=0.0000 v18=0.0000 acc=0.9750 lr=2.60e-04 lambda=0.000 grl_lambda=0.000 v18_lambda=0.000 gpu=3.0/11.8GB
[17:09:16] [train] ep=27 step=020/40 ce=0.6616 sc=0.9318 mi=0.0641 dn=0.0000 v13=0.0009 grl=0.0000 v15=0.0000 v15r=0.0000 v16=0.0000 v17=0.0000 v18=0.0000 acc=0.9719 lr=2.59e-04 lambda=0.000 grl_lambda=0.000 v18_lambda=0.000 gpu=3.0/11.8GB
[17:09:22] [train] ep=27 step=030/40 ce=0.6074 sc=0.9119 mi=0.0637 dn=0.0000 v13=0.0009 grl=0.0000 v15=0.0000 v15r=0.0000 v16=0.0000 v17=0.0000 v18=0.0000 acc=0.9750 lr=2.58e-04 lambda=0.000 grl_lambda=0.000 v18_lambda=0.000 gpu=3.0/11.8GB
[17:09:28] [train] ep=27 step=040/40 ce=0.6691 sc=0.9315 mi=0.0632 dn=0.0000 v13=0.0008 grl=0.0000 v15=0.0000 v15r=0.0000 v16=0.0000 v17=0.0000 v18=0.0000 acc=0.9703 lr=2.57e-04 lambda=0.000 grl_lambda=0.000 v18_lambda=0.000 gpu=3.0/11.8GB
[17:09:41] [ep_summary] ep=27/100 val_live=0.9444/0.9428 val_ema=0.8086/0.7902 test77_live=0.7482/0.7354 test77_diag_ema=0.2302/0.1385 v13=0.0008 grl=0.0000 v15=0.0000 v15r=0.0000 v16=0.0000 v17=0.0000 v18=0.0000 das=stage3[12,95] p=1.00 ep_time=37.6s
[17:09:41] [train] epoch 28/100 steps=40 use_dann=0 das=stage3 f=[12.0,95.0] p=1.00 gpu=3.0/11.8GB
[17:09:42] [train] ep=28 step=001/40 ce=0.4974 sc=0.8982 mi=0.0636 dn=0.0000 v13=0.0010 grl=0.0000 v15=0.0000 v15r=0.0000 v16=0.0000 v17=0.0000 v18=0.0000 acc=1.0000 lr=2.57e-04 lambda=0.000 grl_lambda=0.000 v18_lambda=0.000 gpu=3.0/11.8GB
[17:09:47] [train] ep=28 step=010/40 ce=0.3956 sc=0.6702 mi=0.0588 dn=0.0000 v13=0.0008 grl=0.0000 v15=0.0000 v15r=0.0000 v16=0.0000 v17=0.0000 v18=0.0000 acc=0.9938 lr=2.56e-04 lambda=0.000 grl_lambda=0.000 v18_lambda=0.000 gpu=3.0/11.8GB
[17:09:53] [train] ep=28 step=020/40 ce=0.4974 sc=0.8249 mi=0.0597 dn=0.0000 v13=0.0008 grl=0.0000 v15=0.0000 v15r=0.0000 v16=0.0000 v17=0.0000 v18=0.0000 acc=0.9875 lr=2.55e-04 lambda=0.000 grl_lambda=0.000 v18_lambda=0.000 gpu=3.0/11.8GB
[17:09:59] [train] ep=28 step=030/40 ce=0.4866 sc=0.8195 mi=0.0604 dn=0.0000 v13=0.0008 grl=0.0000 v15=0.0000 v15r=0.0000 v16=0.0000 v17=0.0000 v18=0.0000 acc=0.9896 lr=2.54e-04 lambda=0.000 grl_lambda=0.000 v18_lambda=0.000 gpu=3.0/11.8GB
[17:10:05] [train] ep=28 step=040/40 ce=0.4720 sc=0.8015 mi=0.0614 dn=0.0000 v13=0.0007 grl=0.0000 v15=0.0000 v15r=0.0000 v16=0.0000 v17=0.0000 v18=0.0000 acc=0.9906 lr=2.54e-04 lambda=0.000 grl_lambda=0.000 v18_lambda=0.000 gpu=3.0/11.8GB
[17:10:16] [ep_summary] ep=28/100 val_live=0.9630/0.9624 val_ema=0.8086/0.7902 test77_live=0.7446/0.7304 test77_diag_ema=0.2410/0.1412 v13=0.0007 grl=0.0000 v15=0.0000 v15r=0.0000 v16=0.0000 v17=0.0000 v18=0.0000 das=stage3[12,95] p=1.00 ep_time=34.8s
[17:10:16] [train] epoch 29/100 steps=40 use_dann=0 das=stage3 f=[12.0,95.0] p=1.00 gpu=3.0/11.8GB
[17:10:17] [train] ep=29 step=001/40 ce=0.3941 sc=1.1162 mi=0.0701 dn=0.0000 v13=0.0006 grl=0.0000 v15=0.0000 v15r=0.0000 v16=0.0000 v17=0.0000 v18=0.0000 acc=1.0000 lr=2.53e-04 lambda=0.000 grl_lambda=0.000 v18_lambda=0.000 gpu=3.0/11.8GB
[17:10:22] [train] ep=29 step=010/40 ce=0.5292 sc=0.8789 mi=0.0631 dn=0.0000 v13=0.0008 grl=0.0000 v15=0.0000 v15r=0.0000 v16=0.0000 v17=0.0000 v18=0.0000 acc=0.9938 lr=2.53e-04 lambda=0.000 grl_lambda=0.000 v18_lambda=0.000 gpu=3.0/11.8GB
[17:10:28] [train] ep=29 step=020/40 ce=0.4702 sc=0.8384 mi=0.0631 dn=0.0000 v13=0.0008 grl=0.0000 v15=0.0000 v15r=0.0000 v16=0.0000 v17=0.0000 v18=0.0000 acc=0.9938 lr=2.52e-04 lambda=0.000 grl_lambda=0.000 v18_lambda=0.000 gpu=3.0/11.8GB
[17:10:34] [train] ep=29 step=030/40 ce=0.4666 sc=0.8406 mi=0.0631 dn=0.0000 v13=0.0008 grl=0.0000 v15=0.0000 v15r=0.0000 v16=0.0000 v17=0.0000 v18=0.0000 acc=0.9938 lr=2.51e-04 lambda=0.000 grl_lambda=0.000 v18_lambda=0.000 gpu=3.0/11.8GB
[17:10:40] [train] ep=29 step=040/40 ce=0.4761 sc=0.8291 mi=0.0640 dn=0.0000 v13=0.0008 grl=0.0000 v15=0.0000 v15r=0.0000 v16=0.0000 v17=0.0000 v18=0.0000 acc=0.9906 lr=2.50e-04 lambda=0.000 grl_lambda=0.000 v18_lambda=0.000 gpu=3.0/11.8GB
[17:10:52] [ep_summary] ep=29/100 val_live=0.9506/0.9491 val_ema=0.8210/0.8007 test77_live=0.7626/0.7672 test77_diag_ema=0.2518/0.1462 v13=0.0008 grl=0.0000 v15=0.0000 v15r=0.0000 v16=0.0000 v17=0.0000 v18=0.0000 das=stage3[12,95] p=1.00 ep_time=36.0s
[17:11:03] [save] best_sourceval_ema val_acc_ema=0.8210 source_val_live=0.9506/0.9491 source_val_ema=0.8210/0.8007 ep=29
[17:11:03] [train] epoch 30/100 steps=40 use_dann=0 das=stage3 f=[12.0,95.0] p=1.00 gpu=3.0/11.8GB
[17:11:04] [train] ep=30 step=001/40 ce=1.0342 sc=1.4108 mi=0.0631 dn=0.0000 v13=0.0008 grl=0.0000 v15=0.0000 v15r=0.0000 v16=0.0000 v17=0.0000 v18=0.0000 acc=0.9375 lr=2.50e-04 lambda=0.000 grl_lambda=0.000 v18_lambda=0.000 gpu=3.0/11.8GB
[17:11:09] [train] ep=30 step=010/40 ce=0.5304 sc=0.8712 mi=0.0606 dn=0.0000 v13=0.0008 grl=0.0000 v15=0.0000 v15r=0.0000 v16=0.0000 v17=0.0000 v18=0.0000 acc=0.9812 lr=2.49e-04 lambda=0.000 grl_lambda=0.000 v18_lambda=0.000 gpu=3.0/11.8GB
[17:11:15] [train] ep=30 step=020/40 ce=0.5120 sc=0.8359 mi=0.0612 dn=0.0000 v13=0.0007 grl=0.0000 v15=0.0000 v15r=0.0000 v16=0.0000 v17=0.0000 v18=0.0000 acc=0.9844 lr=2.48e-04 lambda=0.000 grl_lambda=0.000 v18_lambda=0.000 gpu=3.0/11.8GB
[17:11:21] [train] ep=30 step=030/40 ce=0.4443 sc=0.8282 mi=0.0612 dn=0.0000 v13=0.0007 grl=0.0000 v15=0.0000 v15r=0.0000 v16=0.0000 v17=0.0000 v18=0.0000 acc=0.9896 lr=2.47e-04 lambda=0.000 grl_lambda=0.000 v18_lambda=0.000 gpu=3.0/11.8GB
[17:11:27] [train] ep=30 step=040/40 ce=0.4109 sc=0.7771 mi=0.0617 dn=0.0000 v13=0.0007 grl=0.0000 v15=0.0000 v15r=0.0000 v16=0.0000 v17=0.0000 v18=0.0000 acc=0.9922 lr=2.46e-04 lambda=0.000 grl_lambda=0.000 v18_lambda=0.000 gpu=3.0/11.8GB
[17:11:40] [pool] check ep=030/100 source_val_acc_ema=0.8395 threshold=0.90
[17:11:40] [pool] ep=030 SKIP (source_val_acc_ema=0.8395 < 0.90)
[17:11:47] [ep_summary] ep=30/100 val_live=0.9938/0.9940 val_ema=0.8395/0.8300 test77_live=0.7194/0.6885 test77_diag_ema=0.2842/0.1844 v13=0.0007 grl=0.0000 v15=0.0000 v15r=0.0000 v16=0.0000 v17=0.0000 v18=0.0000 das=stage3[12,95] p=1.00 ep_time=43.9s
[17:12:21] [save] best_sourceval_ema val_acc_ema=0.8395 source_val_live=0.9938/0.9940 source_val_ema=0.8395/0.8300 ep=30
[17:12:21] [strict77_monitor] ep=30 best_source_epoch=30 source_val_ema=0.8395/0.8300 test77_ema_diag=0.2842/0.1844 sourcequalified_count=0
[17:12:21] [train] epoch 31/100 steps=40 use_dann=0 das=stage3 f=[12.0,95.0] p=1.00 gpu=3.0/11.8GB
[17:12:22] [train] ep=31 step=001/40 ce=0.2753 sc=1.0294 mi=0.0522 dn=0.0000 v13=0.0006 grl=0.0000 v15=0.0000 v15r=0.0000 v16=0.0000 v17=0.0000 v18=0.0000 acc=1.0000 lr=2.46e-04 lambda=0.000 grl_lambda=0.000 v18_lambda=0.000 gpu=3.0/11.8GB
[17:12:28] [train] ep=31 step=010/40 ce=0.2960 sc=0.7913 mi=0.0615 dn=0.0000 v13=0.0007 grl=0.0000 v15=0.0000 v15r=0.0000 v16=0.0000 v17=0.0000 v18=0.0000 acc=1.0000 lr=2.45e-04 lambda=0.000 grl_lambda=0.000 v18_lambda=0.000 gpu=3.0/11.8GB
[17:12:34] [train] ep=31 step=020/40 ce=0.3122 sc=0.7330 mi=0.0628 dn=0.0000 v13=0.0008 grl=0.0000 v15=0.0000 v15r=0.0000 v16=0.0000 v17=0.0000 v18=0.0000 acc=1.0000 lr=2.44e-04 lambda=0.000 grl_lambda=0.000 v18_lambda=0.000 gpu=3.0/11.8GB
[17:12:40] [train] ep=31 step=030/40 ce=0.3071 sc=0.7553 mi=0.0641 dn=0.0000 v13=0.0007 grl=0.0000 v15=0.0000 v15r=0.0000 v16=0.0000 v17=0.0000 v18=0.0000 acc=1.0000 lr=2.43e-04 lambda=0.000 grl_lambda=0.000 v18_lambda=0.000 gpu=3.0/11.8GB
[17:12:46] [train] ep=31 step=040/40 ce=0.3527 sc=0.7690 mi=0.0643 dn=0.0000 v13=0.0007 grl=0.0000 v15=0.0000 v15r=0.0000 v16=0.0000 v17=0.0000 v18=0.0000 acc=0.9969 lr=2.43e-04 lambda=0.000 grl_lambda=0.000 v18_lambda=0.000 gpu=3.0/11.8GB
[17:13:12] [ep_summary] ep=31/100 val_live=0.9630/0.9625 val_ema=0.8333/0.8254 test77_live=0.7086/0.6877 test77_diag_ema=0.3129/0.2244 v13=0.0007 grl=0.0000 v15=0.0000 v15r=0.0000 v16=0.0000 v17=0.0000 v18=0.0000 das=stage3[12,95] p=1.00 ep_time=50.3s
[17:13:12] [train] epoch 32/100 steps=40 use_dann=0 das=stage3 f=[12.0,95.0] p=1.00 gpu=3.0/11.8GB
[17:13:12] [train] ep=32 step=001/40 ce=0.2689 sc=0.8527 mi=0.0613 dn=0.0000 v13=0.0006 grl=0.0000 v15=0.0000 v15r=0.0000 v16=0.0000 v17=0.0000 v18=0.0000 acc=1.0000 lr=2.42e-04 lambda=0.000 grl_lambda=0.000 v18_lambda=0.000 gpu=3.0/11.8GB
[17:13:18] [train] ep=32 step=010/40 ce=0.3914 sc=0.6736 mi=0.0596 dn=0.0000 v13=0.0007 grl=0.0000 v15=0.0000 v15r=0.0000 v16=0.0000 v17=0.0000 v18=0.0000 acc=0.9875 lr=2.42e-04 lambda=0.000 grl_lambda=0.000 v18_lambda=0.000 gpu=3.0/11.8GB
[17:13:23] [train] ep=32 step=020/40 ce=0.4598 sc=0.7195 mi=0.0598 dn=0.0000 v13=0.0007 grl=0.0000 v15=0.0000 v15r=0.0000 v16=0.0000 v17=0.0000 v18=0.0000 acc=0.9875 lr=2.41e-04 lambda=0.000 grl_lambda=0.000 v18_lambda=0.000 gpu=3.0/11.8GB
[17:13:29] [train] ep=32 step=030/40 ce=0.4364 sc=0.7683 mi=0.0605 dn=0.0000 v13=0.0007 grl=0.0000 v15=0.0000 v15r=0.0000 v16=0.0000 v17=0.0000 v18=0.0000 acc=0.9875 lr=2.40e-04 lambda=0.000 grl_lambda=0.000 v18_lambda=0.000 gpu=3.0/11.8GB
[17:13:35] [train] ep=32 step=040/40 ce=0.4099 sc=0.7636 mi=0.0606 dn=0.0000 v13=0.0007 grl=0.0000 v15=0.0000 v15r=0.0000 v16=0.0000 v17=0.0000 v18=0.0000 acc=0.9906 lr=2.39e-04 lambda=0.000 grl_lambda=0.000 v18_lambda=0.000 gpu=3.0/11.8GB
[17:13:46] [ep_summary] ep=32/100 val_live=0.9630/0.9623 val_ema=0.8519/0.8480 test77_live=0.7230/0.7022 test77_diag_ema=0.3381/0.2551 v13=0.0007 grl=0.0000 v15=0.0000 v15r=0.0000 v16=0.0000 v17=0.0000 v18=0.0000 das=stage3[12,95] p=1.00 ep_time=34.5s
[17:13:46] [save] best_sourceval_ema val_acc_ema=0.8519 source_val_live=0.9630/0.9623 source_val_ema=0.8519/0.8480 ep=32
[17:13:46] [train] epoch 33/100 steps=40 use_dann=0 das=stage3 f=[12.0,95.0] p=1.00 gpu=3.0/11.8GB
[17:13:47] [train] ep=33 step=001/40 ce=0.2694 sc=1.1808 mi=0.0566 dn=0.0000 v13=0.0005 grl=0.0000 v15=0.0000 v15r=0.0000 v16=0.0000 v17=0.0000 v18=0.0000 acc=1.0000 lr=2.39e-04 lambda=0.000 grl_lambda=0.000 v18_lambda=0.000 gpu=3.0/11.8GB
[17:13:52] [train] ep=33 step=010/40 ce=0.3425 sc=0.7512 mi=0.0602 dn=0.0000 v13=0.0005 grl=0.0000 v15=0.0000 v15r=0.0000 v16=0.0000 v17=0.0000 v18=0.0000 acc=0.9938 lr=2.38e-04 lambda=0.000 grl_lambda=0.000 v18_lambda=0.000 gpu=3.0/11.8GB
[17:13:58] [train] ep=33 step=020/40 ce=0.3478 sc=0.8078 mi=0.0589 dn=0.0000 v13=0.0005 grl=0.0000 v15=0.0000 v15r=0.0000 v16=0.0000 v17=0.0000 v18=0.0000 acc=0.9938 lr=2.37e-04 lambda=0.000 grl_lambda=0.000 v18_lambda=0.000 gpu=3.0/11.8GB
[17:14:04] [train] ep=33 step=030/40 ce=0.3338 sc=0.7906 mi=0.0589 dn=0.0000 v13=0.0006 grl=0.0000 v15=0.0000 v15r=0.0000 v16=0.0000 v17=0.0000 v18=0.0000 acc=0.9958 lr=2.36e-04 lambda=0.000 grl_lambda=0.000 v18_lambda=0.000 gpu=3.0/11.8GB
[17:14:10] [train] ep=33 step=040/40 ce=0.3245 sc=0.8156 mi=0.0594 dn=0.0000 v13=0.0006 grl=0.0000 v15=0.0000 v15r=0.0000 v16=0.0000 v17=0.0000 v18=0.0000 acc=0.9969 lr=2.35e-04 lambda=0.000 grl_lambda=0.000 v18_lambda=0.000 gpu=3.0/11.8GB
[17:14:22] [ep_summary] ep=33/100 val_live=0.9568/0.9558 val_ema=0.8580/0.8565 test77_live=0.6978/0.6870 test77_diag_ema=0.3633/0.2861 v13=0.0006 grl=0.0000 v15=0.0000 v15r=0.0000 v16=0.0000 v17=0.0000 v18=0.0000 das=stage3[12,95] p=1.00 ep_time=35.4s
[17:14:22] [save] best_sourceval_ema val_acc_ema=0.8580 source_val_live=0.9568/0.9558 source_val_ema=0.8580/0.8565 ep=33
[17:14:22] [train] epoch 34/100 steps=40 use_dann=0 das=stage3 f=[12.0,95.0] p=1.00 gpu=3.0/11.8GB
[17:14:22] [train] ep=34 step=001/40 ce=0.2714 sc=0.5461 mi=0.0550 dn=0.0000 v13=0.0009 grl=0.0000 v15=0.0000 v15r=0.0000 v16=0.0000 v17=0.0000 v18=0.0000 acc=1.0000 lr=2.35e-04 lambda=0.000 grl_lambda=0.000 v18_lambda=0.000 gpu=3.0/11.8GB
[17:14:28] [train] ep=34 step=010/40 ce=0.2773 sc=0.6894 mi=0.0614 dn=0.0000 v13=0.0008 grl=0.0000 v15=0.0000 v15r=0.0000 v16=0.0000 v17=0.0000 v18=0.0000 acc=1.0000 lr=2.34e-04 lambda=0.000 grl_lambda=0.000 v18_lambda=0.000 gpu=3.0/11.8GB
[17:14:34] [train] ep=34 step=020/40 ce=0.3767 sc=0.7608 mi=0.0606 dn=0.0000 v13=0.0008 grl=0.0000 v15=0.0000 v15r=0.0000 v16=0.0000 v17=0.0000 v18=0.0000 acc=0.9938 lr=2.33e-04 lambda=0.000 grl_lambda=0.000 v18_lambda=0.000 gpu=3.0/11.8GB
[17:14:40] [train] ep=34 step=030/40 ce=0.3774 sc=0.7578 mi=0.0606 dn=0.0000 v13=0.0008 grl=0.0000 v15=0.0000 v15r=0.0000 v16=0.0000 v17=0.0000 v18=0.0000 acc=0.9938 lr=2.32e-04 lambda=0.000 grl_lambda=0.000 v18_lambda=0.000 gpu=3.0/11.8GB
[17:14:46] [train] ep=34 step=040/40 ce=0.4021 sc=0.7905 mi=0.0601 dn=0.0000 v13=0.0008 grl=0.0000 v15=0.0000 v15r=0.0000 v16=0.0000 v17=0.0000 v18=0.0000 acc=0.9922 lr=2.31e-04 lambda=0.000 grl_lambda=0.000 v18_lambda=0.000 gpu=3.0/11.8GB
[17:14:58] [ep_summary] ep=34/100 val_live=0.9012/0.8910 val_ema=0.8704/0.8689 test77_live=0.6835/0.6535 test77_diag_ema=0.3885/0.3161 v13=0.0008 grl=0.0000 v15=0.0000 v15r=0.0000 v16=0.0000 v17=0.0000 v18=0.0000 das=stage3[12,95] p=1.00 ep_time=36.8s
[17:14:58] [save] best_sourceval_ema val_acc_ema=0.8704 source_val_live=0.9012/0.8910 source_val_ema=0.8704/0.8689 ep=34
[17:14:59] [train] epoch 35/100 steps=40 use_dann=0 das=stage3 f=[12.0,95.0] p=1.00 gpu=3.0/11.8GB
[17:14:59] [train] ep=35 step=001/40 ce=1.0570 sc=1.0754 mi=0.0601 dn=0.0000 v13=0.0007 grl=0.0000 v15=0.0000 v15r=0.0000 v16=0.0000 v17=0.0000 v18=0.0000 acc=0.9375 lr=2.31e-04 lambda=0.000 grl_lambda=0.000 v18_lambda=0.000 gpu=3.0/11.8GB
[17:15:04] [train] ep=35 step=010/40 ce=0.4763 sc=0.7099 mi=0.0639 dn=0.0000 v13=0.0007 grl=0.0000 v15=0.0000 v15r=0.0000 v16=0.0000 v17=0.0000 v18=0.0000 acc=0.9875 lr=2.30e-04 lambda=0.000 grl_lambda=0.000 v18_lambda=0.000 gpu=3.0/11.8GB
[17:15:10] [train] ep=35 step=020/40 ce=0.4523 sc=0.7231 mi=0.0628 dn=0.0000 v13=0.0008 grl=0.0000 v15=0.0000 v15r=0.0000 v16=0.0000 v17=0.0000 v18=0.0000 acc=0.9906 lr=2.29e-04 lambda=0.000 grl_lambda=0.000 v18_lambda=0.000 gpu=3.0/11.8GB
[17:15:16] [train] ep=35 step=030/40 ce=0.4052 sc=0.7518 mi=0.0625 dn=0.0000 v13=0.0007 grl=0.0000 v15=0.0000 v15r=0.0000 v16=0.0000 v17=0.0000 v18=0.0000 acc=0.9938 lr=2.28e-04 lambda=0.000 grl_lambda=0.000 v18_lambda=0.000 gpu=3.0/11.8GB
[17:15:22] [train] ep=35 step=040/40 ce=0.4078 sc=0.8054 mi=0.0621 dn=0.0000 v13=0.0007 grl=0.0000 v15=0.0000 v15r=0.0000 v16=0.0000 v17=0.0000 v18=0.0000 acc=0.9922 lr=2.27e-04 lambda=0.000 grl_lambda=0.000 v18_lambda=0.000 gpu=3.0/11.8GB
[17:15:33] [ep_summary] ep=35/100 val_live=0.9321/0.9281 val_ema=0.8765/0.8763 test77_live=0.6942/0.6751 test77_diag_ema=0.4245/0.3571 v13=0.0007 grl=0.0000 v15=0.0000 v15r=0.0000 v16=0.0000 v17=0.0000 v18=0.0000 das=stage3[12,95] p=1.00 ep_time=34.4s
[17:15:33] [save] best_sourceval_ema val_acc_ema=0.8765 source_val_live=0.9321/0.9281 source_val_ema=0.8765/0.8763 ep=35
[17:15:33] [train] epoch 36/100 steps=40 use_dann=0 das=stage3 f=[12.0,95.0] p=1.00 gpu=3.0/11.8GB
[17:15:34] [train] ep=36 step=001/40 ce=0.2703 sc=1.2332 mi=0.0544 dn=0.0000 v13=0.0005 grl=0.0000 v15=0.0000 v15r=0.0000 v16=0.0000 v17=0.0000 v18=0.0000 acc=1.0000 lr=2.26e-04 lambda=0.000 grl_lambda=0.000 v18_lambda=0.000 gpu=3.0/11.8GB
[17:15:39] [train] ep=36 step=010/40 ce=0.5090 sc=0.8993 mi=0.0590 dn=0.0000 v13=0.0007 grl=0.0000 v15=0.0000 v15r=0.0000 v16=0.0000 v17=0.0000 v18=0.0000 acc=0.9875 lr=2.25e-04 lambda=0.000 grl_lambda=0.000 v18_lambda=0.000 gpu=3.0/11.8GB
[17:15:45] [train] ep=36 step=020/40 ce=0.5531 sc=0.8797 mi=0.0589 dn=0.0000 v13=0.0007 grl=0.0000 v15=0.0000 v15r=0.0000 v16=0.0000 v17=0.0000 v18=0.0000 acc=0.9844 lr=2.24e-04 lambda=0.000 grl_lambda=0.000 v18_lambda=0.000 gpu=3.0/11.8GB
[17:15:51] [train] ep=36 step=030/40 ce=0.5098 sc=0.8698 mi=0.0601 dn=0.0000 v13=0.0008 grl=0.0000 v15=0.0000 v15r=0.0000 v16=0.0000 v17=0.0000 v18=0.0000 acc=0.9854 lr=2.23e-04 lambda=0.000 grl_lambda=0.000 v18_lambda=0.000 gpu=3.0/11.8GB
[17:15:57] [train] ep=36 step=040/40 ce=0.5016 sc=0.8491 mi=0.0595 dn=0.0000 v13=0.0009 grl=0.0000 v15=0.0000 v15r=0.0000 v16=0.0000 v17=0.0000 v18=0.0000 acc=0.9844 lr=2.22e-04 lambda=0.000 grl_lambda=0.000 v18_lambda=0.000 gpu=3.0/11.8GB
[17:16:08] [ep_summary] ep=36/100 val_live=0.9444/0.9416 val_ema=0.9074/0.9096 test77_live=0.7086/0.7014 test77_diag_ema=0.4604/0.3960 v13=0.0009 grl=0.0000 v15=0.0000 v15r=0.0000 v16=0.0000 v17=0.0000 v18=0.0000 das=stage3[12,95] p=1.00 ep_time=35.3s
[17:16:08] [save] best_sourceval_ema val_acc_ema=0.9074 source_val_live=0.9444/0.9416 source_val_ema=0.9074/0.9096 ep=36
[17:16:08] [save] best_sourcequalified77_ema ep=36 source_val_live=0.9444/0.9416 source_val_ema=0.9074/0.9096 test77_ema=0.4604/0.3960
[17:16:08] [train] epoch 37/100 steps=40 use_dann=0 das=stage3 f=[12.0,95.0] p=1.00 gpu=3.0/11.8GB
[17:16:09] [train] ep=37 step=001/40 ce=0.8252 sc=1.0003 mi=0.0613 dn=0.0000 v13=0.0007 grl=0.0000 v15=0.0000 v15r=0.0000 v16=0.0000 v17=0.0000 v18=0.0000 acc=0.9375 lr=2.22e-04 lambda=0.000 grl_lambda=0.000 v18_lambda=0.000 gpu=3.0/11.8GB
[17:16:14] [train] ep=37 step=010/40 ce=0.5275 sc=0.7881 mi=0.0597 dn=0.0000 v13=0.0009 grl=0.0000 v15=0.0000 v15r=0.0000 v16=0.0000 v17=0.0000 v18=0.0000 acc=0.9812 lr=2.21e-04 lambda=0.000 grl_lambda=0.000 v18_lambda=0.000 gpu=3.0/11.8GB
[17:16:20] [train] ep=37 step=020/40 ce=0.5200 sc=0.8732 mi=0.0605 dn=0.0000 v13=0.0008 grl=0.0000 v15=0.0000 v15r=0.0000 v16=0.0000 v17=0.0000 v18=0.0000 acc=0.9812 lr=2.20e-04 lambda=0.000 grl_lambda=0.000 v18_lambda=0.000 gpu=3.0/11.8GB
[17:16:26] [train] ep=37 step=030/40 ce=0.5475 sc=0.8997 mi=0.0610 dn=0.0000 v13=0.0008 grl=0.0000 v15=0.0000 v15r=0.0000 v16=0.0000 v17=0.0000 v18=0.0000 acc=0.9812 lr=2.19e-04 lambda=0.000 grl_lambda=0.000 v18_lambda=0.000 gpu=3.0/11.8GB
[17:16:32] [train] ep=37 step=040/40 ce=0.5370 sc=0.9140 mi=0.0616 dn=0.0000 v13=0.0008 grl=0.0000 v15=0.0000 v15r=0.0000 v16=0.0000 v17=0.0000 v18=0.0000 acc=0.9828 lr=2.18e-04 lambda=0.000 grl_lambda=0.000 v18_lambda=0.000 gpu=3.0/11.8GB
[17:16:43] [ep_summary] ep=37/100 val_live=0.9568/0.9565 val_ema=0.9136/0.9160 test77_live=0.6835/0.6615 test77_diag_ema=0.5108/0.4552 v13=0.0008 grl=0.0000 v15=0.0000 v15r=0.0000 v16=0.0000 v17=0.0000 v18=0.0000 das=stage3[12,95] p=1.00 ep_time=35.1s
[17:16:43] [save] best_sourceval_ema val_acc_ema=0.9136 source_val_live=0.9568/0.9565 source_val_ema=0.9136/0.9160 ep=37
[17:16:43] [save] best_sourcequalified77_ema ep=37 source_val_live=0.9568/0.9565 source_val_ema=0.9136/0.9160 test77_ema=0.5108/0.4552
[17:16:43] [train] epoch 38/100 steps=40 use_dann=0 das=stage3 f=[12.0,95.0] p=1.00 gpu=3.0/11.8GB
[17:16:44] [train] ep=38 step=001/40 ce=0.3074 sc=1.3355 mi=0.0593 dn=0.0000 v13=0.0004 grl=0.0000 v15=0.0000 v15r=0.0000 v16=0.0000 v17=0.0000 v18=0.0000 acc=1.0000 lr=2.18e-04 lambda=0.000 grl_lambda=0.000 v18_lambda=0.000 gpu=3.0/11.8GB
[17:16:50] [train] ep=38 step=010/40 ce=0.2958 sc=0.8129 mi=0.0574 dn=0.0000 v13=0.0007 grl=0.0000 v15=0.0000 v15r=0.0000 v16=0.0000 v17=0.0000 v18=0.0000 acc=1.0000 lr=2.17e-04 lambda=0.000 grl_lambda=0.000 v18_lambda=0.000 gpu=3.0/11.8GB
[17:16:55] [train] ep=38 step=020/40 ce=0.3214 sc=0.7379 mi=0.0596 dn=0.0000 v13=0.0007 grl=0.0000 v15=0.0000 v15r=0.0000 v16=0.0000 v17=0.0000 v18=0.0000 acc=0.9969 lr=2.16e-04 lambda=0.000 grl_lambda=0.000 v18_lambda=0.000 gpu=3.0/11.8GB
[17:17:01] [train] ep=38 step=030/40 ce=0.3083 sc=0.7673 mi=0.0590 dn=0.0000 v13=0.0007 grl=0.0000 v15=0.0000 v15r=0.0000 v16=0.0000 v17=0.0000 v18=0.0000 acc=0.9979 lr=2.15e-04 lambda=0.000 grl_lambda=0.000 v18_lambda=0.000 gpu=3.0/11.8GB
[17:17:07] [train] ep=38 step=040/40 ce=0.3191 sc=0.8016 mi=0.0587 dn=0.0000 v13=0.0007 grl=0.0000 v15=0.0000 v15r=0.0000 v16=0.0000 v17=0.0000 v18=0.0000 acc=0.9969 lr=2.14e-04 lambda=0.000 grl_lambda=0.000 v18_lambda=0.000 gpu=3.0/11.8GB
[17:17:20] [ep_summary] ep=38/100 val_live=0.9444/0.9416 val_ema=0.9136/0.9160 test77_live=0.7410/0.7300 test77_diag_ema=0.5432/0.4849 v13=0.0007 grl=0.0000 v15=0.0000 v15r=0.0000 v16=0.0000 v17=0.0000 v18=0.0000 das=stage3[12,95] p=1.00 ep_time=36.4s
[17:17:20] [save] best_sourcequalified77_ema ep=38 source_val_live=0.9444/0.9416 source_val_ema=0.9136/0.9160 test77_ema=0.5432/0.4849
[17:17:20] [train] epoch 39/100 steps=40 use_dann=0 das=stage3 f=[12.0,95.0] p=1.00 gpu=3.0/11.8GB
[17:17:21] [train] ep=39 step=001/40 ce=0.2662 sc=1.1640 mi=0.0748 dn=0.0000 v13=0.0010 grl=0.0000 v15=0.0000 v15r=0.0000 v16=0.0000 v17=0.0000 v18=0.0000 acc=1.0000 lr=2.14e-04 lambda=0.000 grl_lambda=0.000 v18_lambda=0.000 gpu=3.0/11.8GB
[17:17:26] [train] ep=39 step=010/40 ce=0.2975 sc=0.7939 mi=0.0619 dn=0.0000 v13=0.0007 grl=0.0000 v15=0.0000 v15r=0.0000 v16=0.0000 v17=0.0000 v18=0.0000 acc=1.0000 lr=2.13e-04 lambda=0.000 grl_lambda=0.000 v18_lambda=0.000 gpu=3.0/11.8GB
[17:17:32] [train] ep=39 step=020/40 ce=0.4323 sc=0.8057 mi=0.0611 dn=0.0000 v13=0.0007 grl=0.0000 v15=0.0000 v15r=0.0000 v16=0.0000 v17=0.0000 v18=0.0000 acc=0.9875 lr=2.11e-04 lambda=0.000 grl_lambda=0.000 v18_lambda=0.000 gpu=3.0/11.8GB
[17:17:38] [train] ep=39 step=030/40 ce=0.3799 sc=0.8352 mi=0.0611 dn=0.0000 v13=0.0008 grl=0.0000 v15=0.0000 v15r=0.0000 v16=0.0000 v17=0.0000 v18=0.0000 acc=0.9917 lr=2.10e-04 lambda=0.000 grl_lambda=0.000 v18_lambda=0.000 gpu=3.0/11.8GB
[17:17:44] [train] ep=39 step=040/40 ce=0.3653 sc=0.8355 mi=0.0613 dn=0.0000 v13=0.0008 grl=0.0000 v15=0.0000 v15r=0.0000 v16=0.0000 v17=0.0000 v18=0.0000 acc=0.9922 lr=2.09e-04 lambda=0.000 grl_lambda=0.000 v18_lambda=0.000 gpu=3.0/11.8GB
[17:17:55] [ep_summary] ep=39/100 val_live=0.9568/0.9556 val_ema=0.9259/0.9282 test77_live=0.7302/0.7157 test77_diag_ema=0.5935/0.5410 v13=0.0008 grl=0.0000 v15=0.0000 v15r=0.0000 v16=0.0000 v17=0.0000 v18=0.0000 das=stage3[12,95] p=1.00 ep_time=35.1s
[17:17:55] [save] best_sourceval_ema val_acc_ema=0.9259 source_val_live=0.9568/0.9556 source_val_ema=0.9259/0.9282 ep=39
[17:17:55] [save] best_sourcequalified77_ema ep=39 source_val_live=0.9568/0.9556 source_val_ema=0.9259/0.9282 test77_ema=0.5935/0.5410
[17:17:55] [train] epoch 40/100 steps=40 use_dann=0 das=stage3 f=[12.0,95.0] p=1.00 gpu=3.0/11.8GB
[17:17:56] [train] ep=40 step=001/40 ce=0.2638 sc=0.8331 mi=0.0654 dn=0.0000 v13=0.0006 grl=0.0000 v15=0.0000 v15r=0.0000 v16=0.0000 v17=0.0000 v18=0.0000 acc=1.0000 lr=2.09e-04 lambda=0.000 grl_lambda=0.000 v18_lambda=0.000 gpu=3.0/11.8GB
[17:18:01] [train] ep=40 step=010/40 ce=0.3143 sc=0.7464 mi=0.0613 dn=0.0000 v13=0.0007 grl=0.0000 v15=0.0000 v15r=0.0000 v16=0.0000 v17=0.0000 v18=0.0000 acc=1.0000 lr=2.08e-04 lambda=0.000 grl_lambda=0.000 v18_lambda=0.000 gpu=3.0/11.8GB
[17:18:07] [train] ep=40 step=020/40 ce=0.3250 sc=0.6986 mi=0.0604 dn=0.0000 v13=0.0007 grl=0.0000 v15=0.0000 v15r=0.0000 v16=0.0000 v17=0.0000 v18=0.0000 acc=0.9969 lr=2.07e-04 lambda=0.000 grl_lambda=0.000 v18_lambda=0.000 gpu=3.0/11.8GB
[17:18:13] [train] ep=40 step=030/40 ce=0.3860 sc=0.7862 mi=0.0599 dn=0.0000 v13=0.0007 grl=0.0000 v15=0.0000 v15r=0.0000 v16=0.0000 v17=0.0000 v18=0.0000 acc=0.9938 lr=2.06e-04 lambda=0.000 grl_lambda=0.000 v18_lambda=0.000 gpu=3.0/11.8GB
[17:18:19] [train] ep=40 step=040/40 ce=0.3700 sc=0.7914 mi=0.0606 dn=0.0000 v13=0.0007 grl=0.0000 v15=0.0000 v15r=0.0000 v16=0.0000 v17=0.0000 v18=0.0000 acc=0.9953 lr=2.05e-04 lambda=0.000 grl_lambda=0.000 v18_lambda=0.000 gpu=3.0/11.8GB
[17:18:30] [pool] check ep=040/100 source_val_acc_ema=0.9321 threshold=0.90
[17:18:36] [pool] ep=040 ADDED src_val=0.9321/0.9344 dev77=0.5929/0.5475 final77=0.6259/0.5756
[17:18:36] [pool] running best ep=040 dev77_f1=0.5475 final77_f1=0.5756 (pool_size=1)
[17:18:36] [ep_summary] ep=40/100 val_live=0.9321/0.9279 val_ema=0.9321/0.9344 test77_live=0.7194/0.7053 test77_diag_ema=0.6259/0.5756 v13=0.0007 grl=0.0000 v15=0.0000 v15r=0.0000 v16=0.0000 v17=0.0000 v18=0.0000 das=stage3[12,95] p=1.00 ep_time=41.3s
[17:18:36] [save] best_sourceval_ema val_acc_ema=0.9321 source_val_live=0.9321/0.9279 source_val_ema=0.9321/0.9344 ep=40
[17:18:36] [save] best_sourcequalified77_ema ep=40 source_val_live=0.9321/0.9279 source_val_ema=0.9321/0.9344 test77_ema=0.6259/0.5756
[17:18:37] [strict77_monitor] ep=40 best_source_epoch=40 source_val_ema=0.9321/0.9344 test77_ema_diag=0.6259/0.5756 sourcequalified_count=5 best_sourcequalified77_epoch=40 source_val_ema=0.9321/0.9344 test77_ema=0.6259/0.5756
[17:18:37] [train] epoch 41/100 steps=40 use_dann=0 das=stage3 f=[12.0,95.0] p=1.00 gpu=3.0/11.8GB
[17:18:38] [train] ep=41 step=001/40 ce=0.2707 sc=0.9372 mi=0.0563 dn=0.0000 v13=0.0006 grl=0.0000 v15=0.0000 v15r=0.0000 v16=0.0000 v17=0.0000 v18=0.0000 acc=1.0000 lr=2.05e-04 lambda=0.000 grl_lambda=0.000 v18_lambda=0.000 gpu=3.0/11.8GB
[17:18:43] [train] ep=41 step=010/40 ce=0.2766 sc=0.9253 mi=0.0580 dn=0.0000 v13=0.0006 grl=0.0000 v15=0.0000 v15r=0.0000 v16=0.0000 v17=0.0000 v18=0.0000 acc=1.0000 lr=2.04e-04 lambda=0.000 grl_lambda=0.000 v18_lambda=0.000 gpu=3.0/11.8GB
[17:18:49] [train] ep=41 step=020/40 ce=0.2919 sc=0.8277 mi=0.0593 dn=0.0000 v13=0.0007 grl=0.0000 v15=0.0000 v15r=0.0000 v16=0.0000 v17=0.0000 v18=0.0000 acc=1.0000 lr=2.02e-04 lambda=0.000 grl_lambda=0.000 v18_lambda=0.000 gpu=3.0/11.8GB
[17:18:55] [train] ep=41 step=030/40 ce=0.2966 sc=0.8573 mi=0.0585 dn=0.0000 v13=0.0008 grl=0.0000 v15=0.0000 v15r=0.0000 v16=0.0000 v17=0.0000 v18=0.0000 acc=0.9979 lr=2.01e-04 lambda=0.000 grl_lambda=0.000 v18_lambda=0.000 gpu=3.0/11.8GB
[17:19:01] [train] ep=41 step=040/40 ce=0.3009 sc=0.8335 mi=0.0587 dn=0.0000 v13=0.0007 grl=0.0000 v15=0.0000 v15r=0.0000 v16=0.0000 v17=0.0000 v18=0.0000 acc=0.9969 lr=2.00e-04 lambda=0.000 grl_lambda=0.000 v18_lambda=0.000 gpu=3.0/11.8GB
[17:19:12] [ep_summary] ep=41/100 val_live=0.9506/0.9488 val_ema=0.9444/0.9459 test77_live=0.7518/0.7383 test77_diag_ema=0.6403/0.5965 v13=0.0007 grl=0.0000 v15=0.0000 v15r=0.0000 v16=0.0000 v17=0.0000 v18=0.0000 das=stage3[12,95] p=1.00 ep_time=34.4s
[17:19:12] [save] best_sourceval_ema val_acc_ema=0.9444 source_val_live=0.9506/0.9488 source_val_ema=0.9444/0.9459 ep=41
[17:19:12] [save] best_sourcequalified77_ema ep=41 source_val_live=0.9506/0.9488 source_val_ema=0.9444/0.9459 test77_ema=0.6403/0.5965
[17:19:12] [train] epoch 42/100 steps=40 use_dann=0 das=stage3 f=[12.0,95.0] p=1.00 gpu=3.0/11.8GB
[17:19:12] [train] ep=42 step=001/40 ce=0.2682 sc=0.8085 mi=0.0606 dn=0.0000 v13=0.0007 grl=0.0000 v15=0.0000 v15r=0.0000 v16=0.0000 v17=0.0000 v18=0.0000 acc=1.0000 lr=2.00e-04 lambda=0.000 grl_lambda=0.000 v18_lambda=0.000 gpu=3.0/11.8GB
[17:19:18] [train] ep=42 step=010/40 ce=0.2933 sc=0.8029 mi=0.0620 dn=0.0000 v13=0.0006 grl=0.0000 v15=0.0000 v15r=0.0000 v16=0.0000 v17=0.0000 v18=0.0000 acc=1.0000 lr=1.99e-04 lambda=0.000 grl_lambda=0.000 v18_lambda=0.000 gpu=3.0/11.8GB
[17:19:23] [train] ep=42 step=020/40 ce=0.3005 sc=0.7961 mi=0.0600 dn=0.0000 v13=0.0006 grl=0.0000 v15=0.0000 v15r=0.0000 v16=0.0000 v17=0.0000 v18=0.0000 acc=1.0000 lr=1.98e-04 lambda=0.000 grl_lambda=0.000 v18_lambda=0.000 gpu=3.0/11.8GB
[17:19:29] [train] ep=42 step=030/40 ce=0.3361 sc=0.7917 mi=0.0594 dn=0.0000 v13=0.0007 grl=0.0000 v15=0.0000 v15r=0.0000 v16=0.0000 v17=0.0000 v18=0.0000 acc=0.9979 lr=1.97e-04 lambda=0.000 grl_lambda=0.000 v18_lambda=0.000 gpu=3.0/11.8GB
[17:19:35] [train] ep=42 step=040/40 ce=0.3255 sc=0.7761 mi=0.0589 dn=0.0000 v13=0.0006 grl=0.0000 v15=0.0000 v15r=0.0000 v16=0.0000 v17=0.0000 v18=0.0000 acc=0.9984 lr=1.96e-04 lambda=0.000 grl_lambda=0.000 v18_lambda=0.000 gpu=3.0/11.8GB
[17:19:46] [ep_summary] ep=42/100 val_live=0.9630/0.9627 val_ema=0.9444/0.9459 test77_live=0.7590/0.7450 test77_diag_ema=0.6367/0.5943 v13=0.0006 grl=0.0000 v15=0.0000 v15r=0.0000 v16=0.0000 v17=0.0000 v18=0.0000 das=stage3[12,95] p=1.00 ep_time=34.5s
[17:19:46] [train] epoch 43/100 steps=40 use_dann=0 das=stage3 f=[12.0,95.0] p=1.00 gpu=3.0/11.8GB
[17:19:47] [train] ep=43 step=001/40 ce=0.2673 sc=0.9485 mi=0.0594 dn=0.0000 v13=0.0005 grl=0.0000 v15=0.0000 v15r=0.0000 v16=0.0000 v17=0.0000 v18=0.0000 acc=1.0000 lr=1.95e-04 lambda=0.000 grl_lambda=0.000 v18_lambda=0.000 gpu=3.0/11.8GB
[17:19:52] [train] ep=43 step=010/40 ce=0.3883 sc=0.9997 mi=0.0588 dn=0.0000 v13=0.0008 grl=0.0000 v15=0.0000 v15r=0.0000 v16=0.0000 v17=0.0000 v18=0.0000 acc=0.9938 lr=1.94e-04 lambda=0.000 grl_lambda=0.000 v18_lambda=0.000 gpu=3.0/11.8GB
[17:19:58] [train] ep=43 step=020/40 ce=0.3323 sc=0.8506 mi=0.0592 dn=0.0000 v13=0.0008 grl=0.0000 v15=0.0000 v15r=0.0000 v16=0.0000 v17=0.0000 v18=0.0000 acc=0.9969 lr=1.93e-04 lambda=0.000 grl_lambda=0.000 v18_lambda=0.000 gpu=3.0/11.8GB
[17:20:04] [train] ep=43 step=030/40 ce=0.3168 sc=0.8353 mi=0.0588 dn=0.0000 v13=0.0008 grl=0.0000 v15=0.0000 v15r=0.0000 v16=0.0000 v17=0.0000 v18=0.0000 acc=0.9979 lr=1.92e-04 lambda=0.000 grl_lambda=0.000 v18_lambda=0.000 gpu=3.0/11.8GB
[17:20:10] [train] ep=43 step=040/40 ce=0.3835 sc=0.8626 mi=0.0590 dn=0.0000 v13=0.0007 grl=0.0000 v15=0.0000 v15r=0.0000 v16=0.0000 v17=0.0000 v18=0.0000 acc=0.9938 lr=1.91e-04 lambda=0.000 grl_lambda=0.000 v18_lambda=0.000 gpu=3.0/11.8GB
[17:20:48] [ep_summary] ep=43/100 val_live=0.9630/0.9621 val_ema=0.9506/0.9520 test77_live=0.7518/0.7359 test77_diag_ema=0.6547/0.6149 v13=0.0007 grl=0.0000 v15=0.0000 v15r=0.0000 v16=0.0000 v17=0.0000 v18=0.0000 das=stage3[12,95] p=1.00 ep_time=61.4s
[17:20:48] [save] best_sourceval_ema val_acc_ema=0.9506 source_val_live=0.9630/0.9621 source_val_ema=0.9506/0.9520 ep=43
[17:21:34] [save] best_sourcequalified77_ema ep=43 source_val_live=0.9630/0.9621 source_val_ema=0.9506/0.9520 test77_ema=0.6547/0.6149
[17:21:34] [train] epoch 44/100 steps=40 use_dann=0 das=stage3 f=[12.0,95.0] p=1.00 gpu=3.0/11.8GB
[17:21:34] [train] ep=44 step=001/40 ce=0.2641 sc=0.8415 mi=0.0529 dn=0.0000 v13=0.0010 grl=0.0000 v15=0.0000 v15r=0.0000 v16=0.0000 v17=0.0000 v18=0.0000 acc=1.0000 lr=1.91e-04 lambda=0.000 grl_lambda=0.000 v18_lambda=0.000 gpu=3.0/11.8GB
[17:21:40] [train] ep=44 step=010/40 ce=0.2779 sc=0.7412 mi=0.0587 dn=0.0000 v13=0.0007 grl=0.0000 v15=0.0000 v15r=0.0000 v16=0.0000 v17=0.0000 v18=0.0000 acc=1.0000 lr=1.90e-04 lambda=0.000 grl_lambda=0.000 v18_lambda=0.000 gpu=3.0/11.8GB
[17:21:46] [train] ep=44 step=020/40 ce=0.3291 sc=0.7476 mi=0.0580 dn=0.0000 v13=0.0009 grl=0.0000 v15=0.0000 v15r=0.0000 v16=0.0000 v17=0.0000 v18=0.0000 acc=0.9938 lr=1.89e-04 lambda=0.000 grl_lambda=0.000 v18_lambda=0.000 gpu=3.0/11.8GB
[17:21:52] [train] ep=44 step=030/40 ce=0.3462 sc=0.7602 mi=0.0583 dn=0.0000 v13=0.0008 grl=0.0000 v15=0.0000 v15r=0.0000 v16=0.0000 v17=0.0000 v18=0.0000 acc=0.9938 lr=1.87e-04 lambda=0.000 grl_lambda=0.000 v18_lambda=0.000 gpu=3.0/11.8GB
[17:21:58] [train] ep=44 step=040/40 ce=0.3430 sc=0.7748 mi=0.0586 dn=0.0000 v13=0.0008 grl=0.0000 v15=0.0000 v15r=0.0000 v16=0.0000 v17=0.0000 v18=0.0000 acc=0.9938 lr=1.86e-04 lambda=0.000 grl_lambda=0.000 v18_lambda=0.000 gpu=3.0/11.8GB
[17:22:26] [ep_summary] ep=44/100 val_live=0.9506/0.9499 val_ema=0.9506/0.9520 test77_live=0.7770/0.7635 test77_diag_ema=0.6691/0.6327 v13=0.0008 grl=0.0000 v15=0.0000 v15r=0.0000 v16=0.0000 v17=0.0000 v18=0.0000 das=stage3[12,95] p=1.00 ep_time=52.0s
[17:22:26] [save] best_sourcequalified77_ema ep=44 source_val_live=0.9506/0.9499 source_val_ema=0.9506/0.9520 test77_ema=0.6691/0.6327
[17:22:26] [train] epoch 45/100 steps=40 use_dann=0 das=stage3 f=[12.0,95.0] p=1.00 gpu=3.0/11.8GB
[17:22:27] [train] ep=45 step=001/40 ce=0.2623 sc=0.9472 mi=0.0531 dn=0.0000 v13=0.0005 grl=0.0000 v15=0.0000 v15r=0.0000 v16=0.0000 v17=0.0000 v18=0.0000 acc=1.0000 lr=1.86e-04 lambda=0.000 grl_lambda=0.000 v18_lambda=0.000 gpu=3.0/11.8GB
[17:22:32] [train] ep=45 step=010/40 ce=0.3867 sc=0.8895 mi=0.0588 dn=0.0000 v13=0.0006 grl=0.0000 v15=0.0000 v15r=0.0000 v16=0.0000 v17=0.0000 v18=0.0000 acc=0.9938 lr=1.85e-04 lambda=0.000 grl_lambda=0.000 v18_lambda=0.000 gpu=3.0/11.8GB
[17:22:38] [train] ep=45 step=020/40 ce=0.3556 sc=0.7981 mi=0.0600 dn=0.0000 v13=0.0006 grl=0.0000 v15=0.0000 v15r=0.0000 v16=0.0000 v17=0.0000 v18=0.0000 acc=0.9938 lr=1.84e-04 lambda=0.000 grl_lambda=0.000 v18_lambda=0.000 gpu=3.0/11.8GB
[17:22:44] [train] ep=45 step=030/40 ce=0.3259 sc=0.7992 mi=0.0593 dn=0.0000 v13=0.0007 grl=0.0000 v15=0.0000 v15r=0.0000 v16=0.0000 v17=0.0000 v18=0.0000 acc=0.9958 lr=1.83e-04 lambda=0.000 grl_lambda=0.000 v18_lambda=0.000 gpu=3.0/11.8GB
[17:22:50] [train] ep=45 step=040/40 ce=0.3137 sc=0.7982 mi=0.0585 dn=0.0000 v13=0.0007 grl=0.0000 v15=0.0000 v15r=0.0000 v16=0.0000 v17=0.0000 v18=0.0000 acc=0.9969 lr=1.81e-04 lambda=0.000 grl_lambda=0.000 v18_lambda=0.000 gpu=3.0/11.8GB
[17:23:01] [ep_summary] ep=45/100 val_live=0.9630/0.9619 val_ema=0.9568/0.9580 test77_live=0.7590/0.7481 test77_diag_ema=0.6906/0.6594 v13=0.0007 grl=0.0000 v15=0.0000 v15r=0.0000 v16=0.0000 v17=0.0000 v18=0.0000 das=stage3[12,95] p=1.00 ep_time=34.9s
[17:23:01] [save] best_sourceval_ema val_acc_ema=0.9568 source_val_live=0.9630/0.9619 source_val_ema=0.9568/0.9580 ep=45
[17:23:01] [save] best_sourcequalified77_ema ep=45 source_val_live=0.9630/0.9619 source_val_ema=0.9568/0.9580 test77_ema=0.6906/0.6594
[17:23:01] [train] epoch 46/100 steps=40 use_dann=0 das=stage3 f=[12.0,95.0] p=1.00 gpu=3.0/11.8GB
[17:23:02] [train] ep=46 step=001/40 ce=0.2625 sc=0.7136 mi=0.0576 dn=0.0000 v13=0.0011 grl=0.0000 v15=0.0000 v15r=0.0000 v16=0.0000 v17=0.0000 v18=0.0000 acc=1.0000 lr=1.81e-04 lambda=0.000 grl_lambda=0.000 v18_lambda=0.000 gpu=3.0/11.8GB
[17:23:07] [train] ep=46 step=010/40 ce=0.2713 sc=0.6762 mi=0.0555 dn=0.0000 v13=0.0008 grl=0.0000 v15=0.0000 v15r=0.0000 v16=0.0000 v17=0.0000 v18=0.0000 acc=1.0000 lr=1.80e-04 lambda=0.000 grl_lambda=0.000 v18_lambda=0.000 gpu=3.0/11.8GB
[17:23:13] [train] ep=46 step=020/40 ce=0.2953 sc=0.7450 mi=0.0582 dn=0.0000 v13=0.0007 grl=0.0000 v15=0.0000 v15r=0.0000 v16=0.0000 v17=0.0000 v18=0.0000 acc=0.9969 lr=1.79e-04 lambda=0.000 grl_lambda=0.000 v18_lambda=0.000 gpu=3.0/11.8GB
[17:23:19] [train] ep=46 step=030/40 ce=0.2973 sc=0.8008 mi=0.0584 dn=0.0000 v13=0.0007 grl=0.0000 v15=0.0000 v15r=0.0000 v16=0.0000 v17=0.0000 v18=0.0000 acc=0.9958 lr=1.78e-04 lambda=0.000 grl_lambda=0.000 v18_lambda=0.000 gpu=3.0/11.8GB
[17:23:25] [train] ep=46 step=040/40 ce=0.3130 sc=0.8008 mi=0.0582 dn=0.0000 v13=0.0007 grl=0.0000 v15=0.0000 v15r=0.0000 v16=0.0000 v17=0.0000 v18=0.0000 acc=0.9969 lr=1.77e-04 lambda=0.000 grl_lambda=0.000 v18_lambda=0.000 gpu=3.0/11.8GB
[17:23:36] [ep_summary] ep=46/100 val_live=0.9506/0.9496 val_ema=0.9630/0.9637 test77_live=0.7374/0.7328 test77_diag_ema=0.6906/0.6667 v13=0.0007 grl=0.0000 v15=0.0000 v15r=0.0000 v16=0.0000 v17=0.0000 v18=0.0000 das=stage3[12,95] p=1.00 ep_time=35.1s
[17:23:36] [save] best_sourceval_ema val_acc_ema=0.9630 source_val_live=0.9506/0.9496 source_val_ema=0.9630/0.9637 ep=46
[17:23:36] [save] best_sourcequalified77_ema ep=46 source_val_live=0.9506/0.9496 source_val_ema=0.9630/0.9637 test77_ema=0.6906/0.6667
[17:23:36] [train] epoch 47/100 steps=40 use_dann=0 das=stage3 f=[12.0,95.0] p=1.00 gpu=3.0/11.8GB
[17:23:37] [train] ep=47 step=001/40 ce=0.2601 sc=0.7187 mi=0.0656 dn=0.0000 v13=0.0010 grl=0.0000 v15=0.0000 v15r=0.0000 v16=0.0000 v17=0.0000 v18=0.0000 acc=1.0000 lr=1.77e-04 lambda=0.000 grl_lambda=0.000 v18_lambda=0.000 gpu=3.0/11.8GB
[17:23:42] [train] ep=47 step=010/40 ce=0.2973 sc=0.8173 mi=0.0595 dn=0.0000 v13=0.0008 grl=0.0000 v15=0.0000 v15r=0.0000 v16=0.0000 v17=0.0000 v18=0.0000 acc=1.0000 lr=1.76e-04 lambda=0.000 grl_lambda=0.000 v18_lambda=0.000 gpu=3.0/11.8GB
[17:23:48] [train] ep=47 step=020/40 ce=0.3071 sc=0.7957 mi=0.0603 dn=0.0000 v13=0.0007 grl=0.0000 v15=0.0000 v15r=0.0000 v16=0.0000 v17=0.0000 v18=0.0000 acc=1.0000 lr=1.74e-04 lambda=0.000 grl_lambda=0.000 v18_lambda=0.000 gpu=3.0/11.8GB
[17:23:54] [train] ep=47 step=030/40 ce=0.3028 sc=0.7866 mi=0.0593 dn=0.0000 v13=0.0007 grl=0.0000 v15=0.0000 v15r=0.0000 v16=0.0000 v17=0.0000 v18=0.0000 acc=1.0000 lr=1.73e-04 lambda=0.000 grl_lambda=0.000 v18_lambda=0.000 gpu=3.0/11.8GB
[17:24:00] [train] ep=47 step=040/40 ce=0.2971 sc=0.7817 mi=0.0591 dn=0.0000 v13=0.0007 grl=0.0000 v15=0.0000 v15r=0.0000 v16=0.0000 v17=0.0000 v18=0.0000 acc=1.0000 lr=1.72e-04 lambda=0.000 grl_lambda=0.000 v18_lambda=0.000 gpu=3.0/11.8GB
[17:24:11] [ep_summary] ep=47/100 val_live=0.9568/0.9565 val_ema=0.9630/0.9637 test77_live=0.7662/0.7563 test77_diag_ema=0.7050/0.6842 v13=0.0007 grl=0.0000 v15=0.0000 v15r=0.0000 v16=0.0000 v17=0.0000 v18=0.0000 das=stage3[12,95] p=1.00 ep_time=34.6s
[17:24:11] [save] best_sourcequalified77_ema ep=47 source_val_live=0.9568/0.9565 source_val_ema=0.9630/0.9637 test77_ema=0.7050/0.6842
[17:24:11] [train] epoch 48/100 steps=40 use_dann=0 das=stage3 f=[12.0,95.0] p=1.00 gpu=3.0/11.8GB
[17:24:11] [train] ep=48 step=001/40 ce=1.0085 sc=0.9724 mi=0.0626 dn=0.0000 v13=0.0006 grl=0.0000 v15=0.0000 v15r=0.0000 v16=0.0000 v17=0.0000 v18=0.0000 acc=0.9375 lr=1.72e-04 lambda=0.000 grl_lambda=0.000 v18_lambda=0.000 gpu=3.0/11.8GB
[17:24:17] [train] ep=48 step=010/40 ce=0.4244 sc=0.8463 mi=0.0584 dn=0.0000 v13=0.0008 grl=0.0000 v15=0.0000 v15r=0.0000 v16=0.0000 v17=0.0000 v18=0.0000 acc=0.9938 lr=1.71e-04 lambda=0.000 grl_lambda=0.000 v18_lambda=0.000 gpu=3.0/11.8GB
[17:24:23] [train] ep=48 step=020/40 ce=0.3436 sc=0.8678 mi=0.0568 dn=0.0000 v13=0.0008 grl=0.0000 v15=0.0000 v15r=0.0000 v16=0.0000 v17=0.0000 v18=0.0000 acc=0.9969 lr=1.69e-04 lambda=0.000 grl_lambda=0.000 v18_lambda=0.000 gpu=3.0/11.8GB
[17:24:28] [train] ep=48 step=030/40 ce=0.3326 sc=0.8345 mi=0.0566 dn=0.0000 v13=0.0008 grl=0.0000 v15=0.0000 v15r=0.0000 v16=0.0000 v17=0.0000 v18=0.0000 acc=0.9958 lr=1.68e-04 lambda=0.000 grl_lambda=0.000 v18_lambda=0.000 gpu=3.0/11.8GB
[17:24:34] [train] ep=48 step=040/40 ce=0.3249 sc=0.8216 mi=0.0570 dn=0.0000 v13=0.0007 grl=0.0000 v15=0.0000 v15r=0.0000 v16=0.0000 v17=0.0000 v18=0.0000 acc=0.9969 lr=1.67e-04 lambda=0.000 grl_lambda=0.000 v18_lambda=0.000 gpu=3.0/11.8GB
[17:24:45] [ep_summary] ep=48/100 val_live=0.9444/0.9418 val_ema=0.9630/0.9637 test77_live=0.7338/0.7272 test77_diag_ema=0.7230/0.7095 v13=0.0007 grl=0.0000 v15=0.0000 v15r=0.0000 v16=0.0000 v17=0.0000 v18=0.0000 das=stage3[12,95] p=1.00 ep_time=34.3s
[17:24:45] [save] best_sourcequalified77_ema ep=48 source_val_live=0.9444/0.9418 source_val_ema=0.9630/0.9637 test77_ema=0.7230/0.7095
[17:24:45] [train] epoch 49/100 steps=40 use_dann=0 das=stage3 f=[12.0,95.0] p=1.00 gpu=3.0/11.8GB
[17:24:46] [train] ep=49 step=001/40 ce=1.2352 sc=1.4741 mi=0.0771 dn=0.0000 v13=0.0011 grl=0.0000 v15=0.0000 v15r=0.0000 v16=0.0000 v17=0.0000 v18=0.0000 acc=0.9375 lr=1.67e-04 lambda=0.000 grl_lambda=0.000 v18_lambda=0.000 gpu=3.0/11.8GB
[17:24:51] [train] ep=49 step=010/40 ce=0.3642 sc=0.8305 mi=0.0609 dn=0.0000 v13=0.0006 grl=0.0000 v15=0.0000 v15r=0.0000 v16=0.0000 v17=0.0000 v18=0.0000 acc=0.9938 lr=1.66e-04 lambda=0.000 grl_lambda=0.000 v18_lambda=0.000 gpu=3.0/11.8GB
[17:24:57] [train] ep=49 step=020/40 ce=0.3669 sc=0.7797 mi=0.0577 dn=0.0000 v13=0.0006 grl=0.0000 v15=0.0000 v15r=0.0000 v16=0.0000 v17=0.0000 v18=0.0000 acc=0.9938 lr=1.65e-04 lambda=0.000 grl_lambda=0.000 v18_lambda=0.000 gpu=3.0/11.8GB
[17:25:03] [train] ep=49 step=030/40 ce=0.3591 sc=0.7540 mi=0.0575 dn=0.0000 v13=0.0006 grl=0.0000 v15=0.0000 v15r=0.0000 v16=0.0000 v17=0.0000 v18=0.0000 acc=0.9938 lr=1.63e-04 lambda=0.000 grl_lambda=0.000 v18_lambda=0.000 gpu=3.0/11.8GB
[17:25:09] [train] ep=49 step=040/40 ce=0.3588 sc=0.7545 mi=0.0581 dn=0.0000 v13=0.0006 grl=0.0000 v15=0.0000 v15r=0.0000 v16=0.0000 v17=0.0000 v18=0.0000 acc=0.9938 lr=1.62e-04 lambda=0.000 grl_lambda=0.000 v18_lambda=0.000 gpu=3.0/11.8GB
[17:25:21] [ep_summary] ep=49/100 val_live=0.9444/0.9420 val_ema=0.9506/0.9502 test77_live=0.6583/0.6189 test77_diag_ema=0.7374/0.7268 v13=0.0006 grl=0.0000 v15=0.0000 v15r=0.0000 v16=0.0000 v17=0.0000 v18=0.0000 das=stage3[12,95] p=1.00 ep_time=35.6s
[17:25:21] [save] best_sourcequalified77_ema ep=49 source_val_live=0.9444/0.9420 source_val_ema=0.9506/0.9502 test77_ema=0.7374/0.7268
[17:25:21] [train] epoch 50/100 steps=40 use_dann=0 das=stage3 f=[12.0,95.0] p=1.00 gpu=3.0/11.8GB
[17:25:21] [train] ep=50 step=001/40 ce=1.2205 sc=1.5006 mi=0.0622 dn=0.0000 v13=0.0016 grl=0.0000 v15=0.0000 v15r=0.0000 v16=0.0000 v17=0.0000 v18=0.0000 acc=0.9375 lr=1.62e-04 lambda=0.000 grl_lambda=0.000 v18_lambda=0.000 gpu=3.0/11.8GB
[17:25:27] [train] ep=50 step=010/40 ce=0.4201 sc=0.7851 mi=0.0565 dn=0.0000 v13=0.0007 grl=0.0000 v15=0.0000 v15r=0.0000 v16=0.0000 v17=0.0000 v18=0.0000 acc=0.9875 lr=1.61e-04 lambda=0.000 grl_lambda=0.000 v18_lambda=0.000 gpu=3.0/11.8GB
[17:25:33] [train] ep=50 step=020/40 ce=0.4289 sc=0.8387 mi=0.0571 dn=0.0000 v13=0.0007 grl=0.0000 v15=0.0000 v15r=0.0000 v16=0.0000 v17=0.0000 v18=0.0000 acc=0.9875 lr=1.60e-04 lambda=0.000 grl_lambda=0.000 v18_lambda=0.000 gpu=3.0/11.8GB
[17:25:39] [train] ep=50 step=030/40 ce=0.3977 sc=0.8230 mi=0.0577 dn=0.0000 v13=0.0007 grl=0.0000 v15=0.0000 v15r=0.0000 v16=0.0000 v17=0.0000 v18=0.0000 acc=0.9896 lr=1.59e-04 lambda=0.000 grl_lambda=0.000 v18_lambda=0.000 gpu=3.0/11.8GB
[17:25:45] [train] ep=50 step=040/40 ce=0.4116 sc=0.8350 mi=0.0574 dn=0.0000 v13=0.0007 grl=0.0000 v15=0.0000 v15r=0.0000 v16=0.0000 v17=0.0000 v18=0.0000 acc=0.9891 lr=1.57e-04 lambda=0.000 grl_lambda=0.000 v18_lambda=0.000 gpu=3.0/11.8GB
[17:25:56] [pool] check ep=050/100 source_val_acc_ema=0.9506 threshold=0.90
[17:26:01] [pool] ep=050 ADDED src_val=0.9506/0.9502 dev77=0.6714/0.6683 final77=0.7518/0.7391
[17:26:01] [pool] running best ep=050 dev77_f1=0.6683 final77_f1=0.7391 (pool_size=2)
[17:26:01] [ep_summary] ep=50/100 val_live=0.9568/0.9556 val_ema=0.9506/0.9502 test77_live=0.6043/0.5706 test77_diag_ema=0.7518/0.7391 v13=0.0007 grl=0.0000 v15=0.0000 v15r=0.0000 v16=0.0000 v17=0.0000 v18=0.0000 das=stage3[12,95] p=1.00 ep_time=40.3s
[17:26:01] [save] best_sourcequalified77_ema ep=50 source_val_live=0.9568/0.9556 source_val_ema=0.9506/0.9502 test77_ema=0.7518/0.7391
[17:26:01] [strict77_monitor] ep=50 best_source_epoch=46 source_val_ema=0.9630/0.9637 test77_ema_diag=0.6906/0.6667 sourcequalified_count=15 best_sourcequalified77_epoch=50 source_val_ema=0.9506/0.9502 test77_ema=0.7518/0.7391
[17:26:01] [train] epoch 51/100 steps=40 use_dann=0 das=stage3 f=[12.0,95.0] p=1.00 gpu=3.0/11.8GB
[17:26:02] [train] ep=51 step=001/40 ce=0.2608 sc=0.9963 mi=0.0574 dn=0.0000 v13=0.0005 grl=0.0000 v15=0.0000 v15r=0.0000 v16=0.0000 v17=0.0000 v18=0.0000 acc=1.0000 lr=1.57e-04 lambda=0.000 grl_lambda=0.000 v18_lambda=0.000 gpu=3.0/11.8GB
[17:26:07] [train] ep=51 step=010/40 ce=0.2901 sc=0.7716 mi=0.0560 dn=0.0000 v13=0.0007 grl=0.0000 v15=0.0000 v15r=0.0000 v16=0.0000 v17=0.0000 v18=0.0000 acc=1.0000 lr=1.56e-04 lambda=0.000 grl_lambda=0.000 v18_lambda=0.000 gpu=3.0/11.8GB
[17:26:13] [train] ep=51 step=020/40 ce=0.2783 sc=0.7567 mi=0.0568 dn=0.0000 v13=0.0007 grl=0.0000 v15=0.0000 v15r=0.0000 v16=0.0000 v17=0.0000 v18=0.0000 acc=1.0000 lr=1.55e-04 lambda=0.000 grl_lambda=0.000 v18_lambda=0.000 gpu=3.0/11.8GB
[17:26:19] [train] ep=51 step=030/40 ce=0.3249 sc=0.7639 mi=0.0567 dn=0.0000 v13=0.0007 grl=0.0000 v15=0.0000 v15r=0.0000 v16=0.0000 v17=0.0000 v18=0.0000 acc=0.9958 lr=1.54e-04 lambda=0.000 grl_lambda=0.000 v18_lambda=0.000 gpu=3.0/11.8GB
[17:26:25] [train] ep=51 step=040/40 ce=0.3598 sc=0.8128 mi=0.0566 dn=0.0000 v13=0.0006 grl=0.0000 v15=0.0000 v15r=0.0000 v16=0.0000 v17=0.0000 v18=0.0000 acc=0.9922 lr=1.53e-04 lambda=0.000 grl_lambda=0.000 v18_lambda=0.000 gpu=3.0/11.8GB
[17:26:36] [ep_summary] ep=51/100 val_live=0.9691/0.9688 val_ema=0.9568/0.9563 test77_live=0.7770/0.7753 test77_diag_ema=0.7554/0.7471 v13=0.0006 grl=0.0000 v15=0.0000 v15r=0.0000 v16=0.0000 v17=0.0000 v18=0.0000 das=stage3[12,95] p=1.00 ep_time=34.7s
[17:26:36] [save] best_sourcequalified77_ema ep=51 source_val_live=0.9691/0.9688 source_val_ema=0.9568/0.9563 test77_ema=0.7554/0.7471
[17:26:36] [train] epoch 52/100 steps=40 use_dann=0 das=stage3 f=[12.0,95.0] p=1.00 gpu=3.0/11.8GB
[17:26:37] [train] ep=52 step=001/40 ce=0.4235 sc=0.4997 mi=0.0500 dn=0.0000 v13=0.0005 grl=0.0000 v15=0.0000 v15r=0.0000 v16=0.0000 v17=0.0000 v18=0.0000 acc=1.0000 lr=1.52e-04 lambda=0.000 grl_lambda=0.000 v18_lambda=0.000 gpu=3.0/11.8GB
[17:26:42] [train] ep=52 step=010/40 ce=0.3238 sc=0.8416 mi=0.0551 dn=0.0000 v13=0.0006 grl=0.0000 v15=0.0000 v15r=0.0000 v16=0.0000 v17=0.0000 v18=0.0000 acc=1.0000 lr=1.51e-04 lambda=0.000 grl_lambda=0.000 v18_lambda=0.000 gpu=3.0/11.8GB
[17:26:48] [train] ep=52 step=020/40 ce=0.3519 sc=0.8589 mi=0.0558 dn=0.0000 v13=0.0006 grl=0.0000 v15=0.0000 v15r=0.0000 v16=0.0000 v17=0.0000 v18=0.0000 acc=0.9938 lr=1.50e-04 lambda=0.000 grl_lambda=0.000 v18_lambda=0.000 gpu=3.0/11.8GB
[17:26:54] [train] ep=52 step=030/40 ce=0.3798 sc=0.8504 mi=0.0562 dn=0.0000 v13=0.0007 grl=0.0000 v15=0.0000 v15r=0.0000 v16=0.0000 v17=0.0000 v18=0.0000 acc=0.9896 lr=1.49e-04 lambda=0.000 grl_lambda=0.000 v18_lambda=0.000 gpu=3.0/11.8GB
[17:27:00] [train] ep=52 step=040/40 ce=0.3746 sc=0.8535 mi=0.0560 dn=0.0000 v13=0.0006 grl=0.0000 v15=0.0000 v15r=0.0000 v16=0.0000 v17=0.0000 v18=0.0000 acc=0.9906 lr=1.48e-04 lambda=0.000 grl_lambda=0.000 v18_lambda=0.000 gpu=3.0/11.8GB
[17:27:10] [ep_summary] ep=52/100 val_live=0.9815/0.9818 val_ema=0.9568/0.9563 test77_live=0.8201/0.8211 test77_diag_ema=0.7554/0.7460 v13=0.0006 grl=0.0000 v15=0.0000 v15r=0.0000 v16=0.0000 v17=0.0000 v18=0.0000 das=stage3[12,95] p=1.00 ep_time=34.5s
[17:27:10] [train] epoch 53/100 steps=40 use_dann=0 das=stage3 f=[12.0,95.0] p=1.00 gpu=3.0/11.8GB
[17:27:11] [train] ep=53 step=001/40 ce=0.2621 sc=0.4361 mi=0.0517 dn=0.0000 v13=0.0004 grl=0.0000 v15=0.0000 v15r=0.0000 v16=0.0000 v17=0.0000 v18=0.0000 acc=1.0000 lr=1.48e-04 lambda=0.000 grl_lambda=0.000 v18_lambda=0.000 gpu=3.0/11.8GB
[17:27:16] [train] ep=53 step=010/40 ce=0.3063 sc=0.7651 mi=0.0540 dn=0.0000 v13=0.0005 grl=0.0000 v15=0.0000 v15r=0.0000 v16=0.0000 v17=0.0000 v18=0.0000 acc=0.9938 lr=1.46e-04 lambda=0.000 grl_lambda=0.000 v18_lambda=0.000 gpu=3.0/11.8GB
[17:27:22] [train] ep=53 step=020/40 ce=0.3277 sc=0.8293 mi=0.0539 dn=0.0000 v13=0.0006 grl=0.0000 v15=0.0000 v15r=0.0000 v16=0.0000 v17=0.0000 v18=0.0000 acc=0.9938 lr=1.45e-04 lambda=0.000 grl_lambda=0.000 v18_lambda=0.000 gpu=3.0/11.8GB
[17:27:28] [train] ep=53 step=030/40 ce=0.3091 sc=0.7981 mi=0.0538 dn=0.0000 v13=0.0006 grl=0.0000 v15=0.0000 v15r=0.0000 v16=0.0000 v17=0.0000 v18=0.0000 acc=0.9958 lr=1.44e-04 lambda=0.000 grl_lambda=0.000 v18_lambda=0.000 gpu=3.0/11.8GB
[17:27:34] [train] ep=53 step=040/40 ce=0.3012 sc=0.8150 mi=0.0543 dn=0.0000 v13=0.0006 grl=0.0000 v15=0.0000 v15r=0.0000 v16=0.0000 v17=0.0000 v18=0.0000 acc=0.9969 lr=1.43e-04 lambda=0.000 grl_lambda=0.000 v18_lambda=0.000 gpu=3.0/11.8GB
[17:27:47] [ep_summary] ep=53/100 val_live=0.9630/0.9624 val_ema=0.9568/0.9563 test77_live=0.8669/0.8658 test77_diag_ema=0.7554/0.7460 v13=0.0006 grl=0.0000 v15=0.0000 v15r=0.0000 v16=0.0000 v17=0.0000 v18=0.0000 das=stage3[12,95] p=1.00 ep_time=36.9s
[17:27:47] [train] epoch 54/100 steps=40 use_dann=0 das=stage3 f=[12.0,95.0] p=1.00 gpu=3.0/11.8GB
[17:27:48] [train] ep=54 step=001/40 ce=0.2832 sc=0.8632 mi=0.0467 dn=0.0000 v13=0.0005 grl=0.0000 v15=0.0000 v15r=0.0000 v16=0.0000 v17=0.0000 v18=0.0000 acc=1.0000 lr=1.43e-04 lambda=0.000 grl_lambda=0.000 v18_lambda=0.000 gpu=3.0/11.8GB
[17:27:53] [train] ep=54 step=010/40 ce=0.2949 sc=0.6858 mi=0.0538 dn=0.0000 v13=0.0006 grl=0.0000 v15=0.0000 v15r=0.0000 v16=0.0000 v17=0.0000 v18=0.0000 acc=1.0000 lr=1.42e-04 lambda=0.000 grl_lambda=0.000 v18_lambda=0.000 gpu=3.0/11.8GB
[17:27:59] [train] ep=54 step=020/40 ce=0.3005 sc=0.7199 mi=0.0549 dn=0.0000 v13=0.0005 grl=0.0000 v15=0.0000 v15r=0.0000 v16=0.0000 v17=0.0000 v18=0.0000 acc=1.0000 lr=1.40e-04 lambda=0.000 grl_lambda=0.000 v18_lambda=0.000 gpu=3.0/11.8GB
[17:28:05] [train] ep=54 step=030/40 ce=0.3323 sc=0.7465 mi=0.0550 dn=0.0000 v13=0.0005 grl=0.0000 v15=0.0000 v15r=0.0000 v16=0.0000 v17=0.0000 v18=0.0000 acc=0.9958 lr=1.39e-04 lambda=0.000 grl_lambda=0.000 v18_lambda=0.000 gpu=3.0/11.8GB
[17:28:11] [train] ep=54 step=040/40 ce=0.3508 sc=0.7778 mi=0.0551 dn=0.0000 v13=0.0005 grl=0.0000 v15=0.0000 v15r=0.0000 v16=0.0000 v17=0.0000 v18=0.0000 acc=0.9938 lr=1.38e-04 lambda=0.000 grl_lambda=0.000 v18_lambda=0.000 gpu=3.0/11.8GB
[17:28:22] [ep_summary] ep=54/100 val_live=0.9506/0.9491 val_ema=0.9568/0.9563 test77_live=0.8201/0.8171 test77_diag_ema=0.7626/0.7559 v13=0.0005 grl=0.0000 v15=0.0000 v15r=0.0000 v16=0.0000 v17=0.0000 v18=0.0000 das=stage3[12,95] p=1.00 ep_time=34.6s
[17:28:22] [save] best_sourcequalified77_ema ep=54 source_val_live=0.9506/0.9491 source_val_ema=0.9568/0.9563 test77_ema=0.7626/0.7559
[17:28:22] [train] epoch 55/100 steps=40 use_dann=0 das=stage3 f=[12.0,95.0] p=1.00 gpu=3.0/11.8GB
[17:28:23] [train] ep=55 step=001/40 ce=0.2711 sc=0.9699 mi=0.0550 dn=0.0000 v13=0.0004 grl=0.0000 v15=0.0000 v15r=0.0000 v16=0.0000 v17=0.0000 v18=0.0000 acc=1.0000 lr=1.38e-04 lambda=0.000 grl_lambda=0.000 v18_lambda=0.000 gpu=3.0/11.8GB
[17:28:28] [train] ep=55 step=010/40 ce=0.3600 sc=0.7723 mi=0.0533 dn=0.0000 v13=0.0005 grl=0.0000 v15=0.0000 v15r=0.0000 v16=0.0000 v17=0.0000 v18=0.0000 acc=0.9938 lr=1.37e-04 lambda=0.000 grl_lambda=0.000 v18_lambda=0.000 gpu=3.0/11.8GB
[17:28:34] [train] ep=55 step=020/40 ce=0.3653 sc=0.8029 mi=0.0558 dn=0.0000 v13=0.0005 grl=0.0000 v15=0.0000 v15r=0.0000 v16=0.0000 v17=0.0000 v18=0.0000 acc=0.9906 lr=1.36e-04 lambda=0.000 grl_lambda=0.000 v18_lambda=0.000 gpu=3.0/11.8GB
[17:28:40] [train] ep=55 step=030/40 ce=0.3453 sc=0.7593 mi=0.0560 dn=0.0000 v13=0.0005 grl=0.0000 v15=0.0000 v15r=0.0000 v16=0.0000 v17=0.0000 v18=0.0000 acc=0.9938 lr=1.34e-04 lambda=0.000 grl_lambda=0.000 v18_lambda=0.000 gpu=3.0/11.8GB
[17:28:46] [train] ep=55 step=040/40 ce=0.3260 sc=0.7936 mi=0.0555 dn=0.0000 v13=0.0005 grl=0.0000 v15=0.0000 v15r=0.0000 v16=0.0000 v17=0.0000 v18=0.0000 acc=0.9953 lr=1.33e-04 lambda=0.000 grl_lambda=0.000 v18_lambda=0.000 gpu=3.0/11.8GB
[17:28:57] [ep_summary] ep=55/100 val_live=0.9568/0.9561 val_ema=0.9568/0.9563 test77_live=0.8309/0.8281 test77_diag_ema=0.7662/0.7611 v13=0.0005 grl=0.0000 v15=0.0000 v15r=0.0000 v16=0.0000 v17=0.0000 v18=0.0000 das=stage3[12,95] p=1.00 ep_time=34.8s
[17:28:57] [save] best_sourcequalified77_ema ep=55 source_val_live=0.9568/0.9561 source_val_ema=0.9568/0.9563 test77_ema=0.7662/0.7611
[17:28:57] [train] epoch 56/100 steps=40 use_dann=0 das=stage3 f=[12.0,95.0] p=1.00 gpu=3.0/11.8GB
[17:28:58] [train] ep=56 step=001/40 ce=0.2598 sc=0.6466 mi=0.0454 dn=0.0000 v13=0.0005 grl=0.0000 v15=0.0000 v15r=0.0000 v16=0.0000 v17=0.0000 v18=0.0000 acc=1.0000 lr=1.33e-04 lambda=0.000 grl_lambda=0.000 v18_lambda=0.000 gpu=3.0/11.8GB
[17:29:03] [train] ep=56 step=010/40 ce=0.2596 sc=0.7502 mi=0.0539 dn=0.0000 v13=0.0006 grl=0.0000 v15=0.0000 v15r=0.0000 v16=0.0000 v17=0.0000 v18=0.0000 acc=1.0000 lr=1.32e-04 lambda=0.000 grl_lambda=0.000 v18_lambda=0.000 gpu=3.0/11.8GB
[17:29:09] [train] ep=56 step=020/40 ce=0.2620 sc=0.7288 mi=0.0542 dn=0.0000 v13=0.0006 grl=0.0000 v15=0.0000 v15r=0.0000 v16=0.0000 v17=0.0000 v18=0.0000 acc=1.0000 lr=1.31e-04 lambda=0.000 grl_lambda=0.000 v18_lambda=0.000 gpu=3.0/11.8GB
[17:29:15] [train] ep=56 step=030/40 ce=0.2872 sc=0.7470 mi=0.0549 dn=0.0000 v13=0.0006 grl=0.0000 v15=0.0000 v15r=0.0000 v16=0.0000 v17=0.0000 v18=0.0000 acc=0.9979 lr=1.30e-04 lambda=0.000 grl_lambda=0.000 v18_lambda=0.000 gpu=3.0/11.8GB
[17:29:21] [train] ep=56 step=040/40 ce=0.2804 sc=0.7314 mi=0.0553 dn=0.0000 v13=0.0005 grl=0.0000 v15=0.0000 v15r=0.0000 v16=0.0000 v17=0.0000 v18=0.0000 acc=0.9984 lr=1.28e-04 lambda=0.000 grl_lambda=0.000 v18_lambda=0.000 gpu=3.0/11.8GB
[17:30:00] [ep_summary] ep=56/100 val_live=0.9568/0.9556 val_ema=0.9630/0.9627 test77_live=0.8129/0.8080 test77_diag_ema=0.7806/0.7770 v13=0.0005 grl=0.0000 v15=0.0000 v15r=0.0000 v16=0.0000 v17=0.0000 v18=0.0000 das=stage3[12,95] p=1.00 ep_time=63.4s
[17:30:00] [save] best_sourcequalified77_ema ep=56 source_val_live=0.9568/0.9556 source_val_ema=0.9630/0.9627 test77_ema=0.7806/0.7770
[17:30:00] [train] epoch 57/100 steps=40 use_dann=0 das=stage3 f=[12.0,95.0] p=1.00 gpu=3.0/11.8GB
[17:30:01] [train] ep=57 step=001/40 ce=0.2607 sc=0.6145 mi=0.0571 dn=0.0000 v13=0.0006 grl=0.0000 v15=0.0000 v15r=0.0000 v16=0.0000 v17=0.0000 v18=0.0000 acc=1.0000 lr=1.28e-04 lambda=0.000 grl_lambda=0.000 v18_lambda=0.000 gpu=3.0/11.8GB
[17:30:06] [train] ep=57 step=010/40 ce=0.2920 sc=0.7540 mi=0.0557 dn=0.0000 v13=0.0005 grl=0.0000 v15=0.0000 v15r=0.0000 v16=0.0000 v17=0.0000 v18=0.0000 acc=1.0000 lr=1.27e-04 lambda=0.000 grl_lambda=0.000 v18_lambda=0.000 gpu=3.0/11.8GB
[17:30:12] [train] ep=57 step=020/40 ce=0.2779 sc=0.7017 mi=0.0549 dn=0.0000 v13=0.0006 grl=0.0000 v15=0.0000 v15r=0.0000 v16=0.0000 v17=0.0000 v18=0.0000 acc=1.0000 lr=1.26e-04 lambda=0.000 grl_lambda=0.000 v18_lambda=0.000 gpu=3.0/11.8GB
[17:30:18] [train] ep=57 step=030/40 ce=0.2862 sc=0.7278 mi=0.0544 dn=0.0000 v13=0.0006 grl=0.0000 v15=0.0000 v15r=0.0000 v16=0.0000 v17=0.0000 v18=0.0000 acc=0.9979 lr=1.25e-04 lambda=0.000 grl_lambda=0.000 v18_lambda=0.000 gpu=3.0/11.8GB
[17:30:24] [train] ep=57 step=040/40 ce=0.2806 sc=0.7476 mi=0.0549 dn=0.0000 v13=0.0006 grl=0.0000 v15=0.0000 v15r=0.0000 v16=0.0000 v17=0.0000 v18=0.0000 acc=0.9984 lr=1.24e-04 lambda=0.000 grl_lambda=0.000 v18_lambda=0.000 gpu=3.0/11.8GB
[17:30:48] [ep_summary] ep=57/100 val_live=0.9506/0.9488 val_ema=0.9630/0.9627 test77_live=0.7698/0.7601 test77_diag_ema=0.7806/0.7777 v13=0.0006 grl=0.0000 v15=0.0000 v15r=0.0000 v16=0.0000 v17=0.0000 v18=0.0000 das=stage3[12,95] p=1.00 ep_time=47.6s
[17:30:51] [save] best_sourcequalified77_ema ep=57 source_val_live=0.9506/0.9488 source_val_ema=0.9630/0.9627 test77_ema=0.7806/0.7777
[17:30:51] [train] epoch 58/100 steps=40 use_dann=0 das=stage3 f=[12.0,95.0] p=1.00 gpu=3.0/11.8GB
[17:30:52] [train] ep=58 step=001/40 ce=0.2582 sc=0.6323 mi=0.0540 dn=0.0000 v13=0.0004 grl=0.0000 v15=0.0000 v15r=0.0000 v16=0.0000 v17=0.0000 v18=0.0000 acc=1.0000 lr=1.23e-04 lambda=0.000 grl_lambda=0.000 v18_lambda=0.000 gpu=3.0/11.8GB
[17:30:57] [train] ep=58 step=010/40 ce=0.3814 sc=0.7877 mi=0.0545 dn=0.0000 v13=0.0004 grl=0.0000 v15=0.0000 v15r=0.0000 v16=0.0000 v17=0.0000 v18=0.0000 acc=0.9938 lr=1.22e-04 lambda=0.000 grl_lambda=0.000 v18_lambda=0.000 gpu=3.0/11.8GB
[17:31:03] [train] ep=58 step=020/40 ce=0.3561 sc=0.7031 mi=0.0551 dn=0.0000 v13=0.0004 grl=0.0000 v15=0.0000 v15r=0.0000 v16=0.0000 v17=0.0000 v18=0.0000 acc=0.9938 lr=1.21e-04 lambda=0.000 grl_lambda=0.000 v18_lambda=0.000 gpu=3.0/11.8GB
[17:31:09] [train] ep=58 step=030/40 ce=0.3542 sc=0.7419 mi=0.0557 dn=0.0000 v13=0.0004 grl=0.0000 v15=0.0000 v15r=0.0000 v16=0.0000 v17=0.0000 v18=0.0000 acc=0.9938 lr=1.20e-04 lambda=0.000 grl_lambda=0.000 v18_lambda=0.000 gpu=3.0/11.8GB
[17:31:15] [train] ep=58 step=040/40 ce=0.3441 sc=0.7770 mi=0.0559 dn=0.0000 v13=0.0004 grl=0.0000 v15=0.0000 v15r=0.0000 v16=0.0000 v17=0.0000 v18=0.0000 acc=0.9938 lr=1.19e-04 lambda=0.000 grl_lambda=0.000 v18_lambda=0.000 gpu=3.0/11.8GB
[17:31:38] [ep_summary] ep=58/100 val_live=0.9506/0.9486 val_ema=0.9630/0.9627 test77_live=0.7914/0.7858 test77_diag_ema=0.7878/0.7863 v13=0.0004 grl=0.0000 v15=0.0000 v15r=0.0000 v16=0.0000 v17=0.0000 v18=0.0000 das=stage3[12,95] p=1.00 ep_time=46.7s
[17:31:38] [save] best_sourcequalified77_ema ep=58 source_val_live=0.9506/0.9486 source_val_ema=0.9630/0.9627 test77_ema=0.7878/0.7863
[17:31:38] [train] epoch 59/100 steps=40 use_dann=0 das=stage3 f=[12.0,95.0] p=1.00 gpu=3.0/11.8GB
[17:31:39] [train] ep=59 step=001/40 ce=0.2957 sc=0.6273 mi=0.0529 dn=0.0000 v13=0.0008 grl=0.0000 v15=0.0000 v15r=0.0000 v16=0.0000 v17=0.0000 v18=0.0000 acc=1.0000 lr=1.19e-04 lambda=0.000 grl_lambda=0.000 v18_lambda=0.000 gpu=3.0/11.8GB
[17:31:44] [train] ep=59 step=010/40 ce=0.2646 sc=0.7456 mi=0.0549 dn=0.0000 v13=0.0004 grl=0.0000 v15=0.0000 v15r=0.0000 v16=0.0000 v17=0.0000 v18=0.0000 acc=1.0000 lr=1.18e-04 lambda=0.000 grl_lambda=0.000 v18_lambda=0.000 gpu=3.0/11.8GB
[17:31:50] [train] ep=59 step=020/40 ce=0.3024 sc=0.7305 mi=0.0532 dn=0.0000 v13=0.0005 grl=0.0000 v15=0.0000 v15r=0.0000 v16=0.0000 v17=0.0000 v18=0.0000 acc=1.0000 lr=1.16e-04 lambda=0.000 grl_lambda=0.000 v18_lambda=0.000 gpu=3.0/11.8GB
[17:31:56] [train] ep=59 step=030/40 ce=0.3258 sc=0.7657 mi=0.0536 dn=0.0000 v13=0.0005 grl=0.0000 v15=0.0000 v15r=0.0000 v16=0.0000 v17=0.0000 v18=0.0000 acc=0.9979 lr=1.15e-04 lambda=0.000 grl_lambda=0.000 v18_lambda=0.000 gpu=3.0/11.8GB
[17:32:02] [train] ep=59 step=040/40 ce=0.3450 sc=0.7948 mi=0.0534 dn=0.0000 v13=0.0005 grl=0.0000 v15=0.0000 v15r=0.0000 v16=0.0000 v17=0.0000 v18=0.0000 acc=0.9953 lr=1.14e-04 lambda=0.000 grl_lambda=0.000 v18_lambda=0.000 gpu=3.0/11.8GB
[17:32:13] [ep_summary] ep=59/100 val_live=0.9568/0.9558 val_ema=0.9630/0.9627 test77_live=0.7662/0.7547 test77_diag_ema=0.7878/0.7855 v13=0.0005 grl=0.0000 v15=0.0000 v15r=0.0000 v16=0.0000 v17=0.0000 v18=0.0000 das=stage3[12,95] p=1.00 ep_time=34.5s
[17:32:13] [train] epoch 60/100 steps=40 use_dann=0 das=stage3 f=[12.0,95.0] p=1.00 gpu=3.0/11.8GB
[17:32:13] [train] ep=60 step=001/40 ce=0.2649 sc=0.7762 mi=0.0532 dn=0.0000 v13=0.0010 grl=0.0000 v15=0.0000 v15r=0.0000 v16=0.0000 v17=0.0000 v18=0.0000 acc=1.0000 lr=1.14e-04 lambda=0.000 grl_lambda=0.000 v18_lambda=0.000 gpu=3.0/11.8GB
[17:32:19] [train] ep=60 step=010/40 ce=0.3469 sc=0.7674 mi=0.0565 dn=0.0000 v13=0.0005 grl=0.0000 v15=0.0000 v15r=0.0000 v16=0.0000 v17=0.0000 v18=0.0000 acc=0.9938 lr=1.13e-04 lambda=0.000 grl_lambda=0.000 v18_lambda=0.000 gpu=3.0/11.8GB
[17:32:25] [train] ep=60 step=020/40 ce=0.3252 sc=0.7435 mi=0.0552 dn=0.0000 v13=0.0005 grl=0.0000 v15=0.0000 v15r=0.0000 v16=0.0000 v17=0.0000 v18=0.0000 acc=0.9938 lr=1.12e-04 lambda=0.000 grl_lambda=0.000 v18_lambda=0.000 gpu=3.0/11.8GB
[17:32:30] [train] ep=60 step=030/40 ce=0.3210 sc=0.7796 mi=0.0549 dn=0.0000 v13=0.0005 grl=0.0000 v15=0.0000 v15r=0.0000 v16=0.0000 v17=0.0000 v18=0.0000 acc=0.9938 lr=1.11e-04 lambda=0.000 grl_lambda=0.000 v18_lambda=0.000 gpu=3.0/11.8GB
[17:32:36] [train] ep=60 step=040/40 ce=0.3092 sc=0.7595 mi=0.0553 dn=0.0000 v13=0.0005 grl=0.0000 v15=0.0000 v15r=0.0000 v16=0.0000 v17=0.0000 v18=0.0000 acc=0.9953 lr=1.09e-04 lambda=0.000 grl_lambda=0.000 v18_lambda=0.000 gpu=3.0/11.8GB
[17:32:47] [pool] check ep=060/100 source_val_acc_ema=0.9630 threshold=0.90
[17:32:52] [pool] ep=060 ADDED src_val=0.9630/0.9627 dev77=0.7357/0.7351 final77=0.8022/0.7990
[17:32:52] [pool] running best ep=060 dev77_f1=0.7351 final77_f1=0.7990 (pool_size=3)
[17:32:52] [ep_summary] ep=60/100 val_live=0.9568/0.9556 val_ema=0.9630/0.9627 test77_live=0.8094/0.8053 test77_diag_ema=0.8022/0.7990 v13=0.0005 grl=0.0000 v15=0.0000 v15r=0.0000 v16=0.0000 v17=0.0000 v18=0.0000 das=stage3[12,95] p=1.00 ep_time=39.6s
[17:32:52] [save] best_sourcequalified77_ema ep=60 source_val_live=0.9568/0.9556 source_val_ema=0.9630/0.9627 test77_ema=0.8022/0.7990
[17:32:52] [strict77_monitor] ep=60 best_source_epoch=46 source_val_ema=0.9630/0.9637 test77_ema_diag=0.6906/0.6667 sourcequalified_count=25 best_sourcequalified77_epoch=60 source_val_ema=0.9630/0.9627 test77_ema=0.8022/0.7990
[17:32:52] [train] epoch 61/100 steps=40 use_dann=0 das=stage3 f=[12.0,95.0] p=1.00 gpu=3.0/11.8GB
[17:32:53] [train] ep=61 step=001/40 ce=0.2565 sc=0.7853 mi=0.0526 dn=0.0000 v13=0.0003 grl=0.0000 v15=0.0000 v15r=0.0000 v16=0.0000 v17=0.0000 v18=0.0000 acc=1.0000 lr=1.09e-04 lambda=0.000 grl_lambda=0.000 v18_lambda=0.000 gpu=3.0/11.8GB
[17:32:58] [train] ep=61 step=010/40 ce=0.2627 sc=0.7282 mi=0.0502 dn=0.0000 v13=0.0005 grl=0.0000 v15=0.0000 v15r=0.0000 v16=0.0000 v17=0.0000 v18=0.0000 acc=1.0000 lr=1.08e-04 lambda=0.000 grl_lambda=0.000 v18_lambda=0.000 gpu=3.0/11.8GB
[17:33:04] [train] ep=61 step=020/40 ce=0.2762 sc=0.7333 mi=0.0517 dn=0.0000 v13=0.0005 grl=0.0000 v15=0.0000 v15r=0.0000 v16=0.0000 v17=0.0000 v18=0.0000 acc=1.0000 lr=1.07e-04 lambda=0.000 grl_lambda=0.000 v18_lambda=0.000 gpu=3.0/11.8GB
[17:33:10] [train] ep=61 step=030/40 ce=0.2728 sc=0.7019 mi=0.0517 dn=0.0000 v13=0.0005 grl=0.0000 v15=0.0000 v15r=0.0000 v16=0.0000 v17=0.0000 v18=0.0000 acc=1.0000 lr=1.06e-04 lambda=0.000 grl_lambda=0.000 v18_lambda=0.000 gpu=3.0/11.8GB
[17:33:16] [train] ep=61 step=040/40 ce=0.2840 sc=0.7313 mi=0.0520 dn=0.0000 v13=0.0005 grl=0.0000 v15=0.0000 v15r=0.0000 v16=0.0000 v17=0.0000 v18=0.0000 acc=0.9984 lr=1.05e-04 lambda=0.000 grl_lambda=0.000 v18_lambda=0.000 gpu=3.0/11.8GB
[17:33:30] [ep_summary] ep=61/100 val_live=0.9568/0.9558 val_ema=0.9630/0.9627 test77_live=0.8201/0.8172 test77_diag_ema=0.8058/0.8037 v13=0.0005 grl=0.0000 v15=0.0000 v15r=0.0000 v16=0.0000 v17=0.0000 v18=0.0000 das=stage3[12,95] p=1.00 ep_time=37.4s
[17:33:30] [save] best_sourcequalified77_ema ep=61 source_val_live=0.9568/0.9558 source_val_ema=0.9630/0.9627 test77_ema=0.8058/0.8037
[17:33:30] [train] epoch 62/100 steps=40 use_dann=0 das=stage3 f=[12.0,95.0] p=1.00 gpu=3.0/11.8GB
[17:33:30] [train] ep=62 step=001/40 ce=0.2597 sc=0.8406 mi=0.0630 dn=0.0000 v13=0.0004 grl=0.0000 v15=0.0000 v15r=0.0000 v16=0.0000 v17=0.0000 v18=0.0000 acc=1.0000 lr=1.05e-04 lambda=0.000 grl_lambda=0.000 v18_lambda=0.000 gpu=3.0/11.8GB
[17:33:36] [train] ep=62 step=010/40 ce=0.2986 sc=0.8174 mi=0.0561 dn=0.0000 v13=0.0006 grl=0.0000 v15=0.0000 v15r=0.0000 v16=0.0000 v17=0.0000 v18=0.0000 acc=1.0000 lr=1.04e-04 lambda=0.000 grl_lambda=0.000 v18_lambda=0.000 gpu=3.0/11.8GB
[17:33:42] [train] ep=62 step=020/40 ce=0.2795 sc=0.7736 mi=0.0555 dn=0.0000 v13=0.0005 grl=0.0000 v15=0.0000 v15r=0.0000 v16=0.0000 v17=0.0000 v18=0.0000 acc=1.0000 lr=1.02e-04 lambda=0.000 grl_lambda=0.000 v18_lambda=0.000 gpu=3.0/11.8GB
[17:33:48] [train] ep=62 step=030/40 ce=0.2964 sc=0.7516 mi=0.0543 dn=0.0000 v13=0.0005 grl=0.0000 v15=0.0000 v15r=0.0000 v16=0.0000 v17=0.0000 v18=0.0000 acc=0.9979 lr=1.01e-04 lambda=0.000 grl_lambda=0.000 v18_lambda=0.000 gpu=3.0/11.8GB
[17:33:54] [train] ep=62 step=040/40 ce=0.2892 sc=0.7667 mi=0.0538 dn=0.0000 v13=0.0005 grl=0.0000 v15=0.0000 v15r=0.0000 v16=0.0000 v17=0.0000 v18=0.0000 acc=0.9984 lr=1.00e-04 lambda=0.000 grl_lambda=0.000 v18_lambda=0.000 gpu=3.0/11.8GB
[17:34:07] [ep_summary] ep=62/100 val_live=0.9568/0.9558 val_ema=0.9630/0.9627 test77_live=0.8058/0.8024 test77_diag_ema=0.8058/0.8048 v13=0.0005 grl=0.0000 v15=0.0000 v15r=0.0000 v16=0.0000 v17=0.0000 v18=0.0000 das=stage3[12,95] p=1.00 ep_time=37.2s
[17:34:07] [save] best_sourcequalified77_ema ep=62 source_val_live=0.9568/0.9558 source_val_ema=0.9630/0.9627 test77_ema=0.8058/0.8048
[17:34:07] [train] epoch 63/100 steps=40 use_dann=0 das=stage3 f=[12.0,95.0] p=1.00 gpu=3.0/11.8GB
[17:34:08] [train] ep=63 step=001/40 ce=0.2611 sc=0.7317 mi=0.0576 dn=0.0000 v13=0.0006 grl=0.0000 v15=0.0000 v15r=0.0000 v16=0.0000 v17=0.0000 v18=0.0000 acc=1.0000 lr=1.00e-04 lambda=0.000 grl_lambda=0.000 v18_lambda=0.000 gpu=3.0/11.8GB
[17:34:13] [train] ep=63 step=010/40 ce=0.3819 sc=0.8268 mi=0.0534 dn=0.0000 v13=0.0006 grl=0.0000 v15=0.0000 v15r=0.0000 v16=0.0000 v17=0.0000 v18=0.0000 acc=0.9938 lr=9.89e-05 lambda=0.000 grl_lambda=0.000 v18_lambda=0.000 gpu=3.0/11.8GB
[17:34:19] [train] ep=63 step=020/40 ce=0.3250 sc=0.7888 mi=0.0543 dn=0.0000 v13=0.0006 grl=0.0000 v15=0.0000 v15r=0.0000 v16=0.0000 v17=0.0000 v18=0.0000 acc=0.9969 lr=9.78e-05 lambda=0.000 grl_lambda=0.000 v18_lambda=0.000 gpu=3.0/11.8GB
[17:34:25] [train] ep=63 step=030/40 ce=0.3425 sc=0.7913 mi=0.0551 dn=0.0000 v13=0.0005 grl=0.0000 v15=0.0000 v15r=0.0000 v16=0.0000 v17=0.0000 v18=0.0000 acc=0.9958 lr=9.67e-05 lambda=0.000 grl_lambda=0.000 v18_lambda=0.000 gpu=3.0/11.8GB
[17:34:31] [train] ep=63 step=040/40 ce=0.3310 sc=0.7529 mi=0.0554 dn=0.0000 v13=0.0005 grl=0.0000 v15=0.0000 v15r=0.0000 v16=0.0000 v17=0.0000 v18=0.0000 acc=0.9969 lr=9.55e-05 lambda=0.000 grl_lambda=0.000 v18_lambda=0.000 gpu=3.0/11.8GB
[17:34:43] [ep_summary] ep=63/100 val_live=0.9630/0.9620 val_ema=0.9630/0.9627 test77_live=0.7914/0.7879 test77_diag_ema=0.8022/0.8020 v13=0.0005 grl=0.0000 v15=0.0000 v15r=0.0000 v16=0.0000 v17=0.0000 v18=0.0000 das=stage3[12,95] p=1.00 ep_time=36.1s
[17:34:43] [train] epoch 64/100 steps=40 use_dann=0 das=stage3 f=[12.0,95.0] p=1.00 gpu=3.0/11.8GB
[17:34:44] [train] ep=64 step=001/40 ce=0.2586 sc=0.6142 mi=0.0515 dn=0.0000 v13=0.0007 grl=0.0000 v15=0.0000 v15r=0.0000 v16=0.0000 v17=0.0000 v18=0.0000 acc=1.0000 lr=9.54e-05 lambda=0.000 grl_lambda=0.000 v18_lambda=0.000 gpu=3.0/11.8GB
[17:34:49] [train] ep=64 step=010/40 ce=0.2613 sc=0.7679 mi=0.0537 dn=0.0000 v13=0.0006 grl=0.0000 v15=0.0000 v15r=0.0000 v16=0.0000 v17=0.0000 v18=0.0000 acc=1.0000 lr=9.44e-05 lambda=0.000 grl_lambda=0.000 v18_lambda=0.000 gpu=3.0/11.8GB
[17:34:55] [train] ep=64 step=020/40 ce=0.2720 sc=0.7747 mi=0.0549 dn=0.0000 v13=0.0005 grl=0.0000 v15=0.0000 v15r=0.0000 v16=0.0000 v17=0.0000 v18=0.0000 acc=1.0000 lr=9.33e-05 lambda=0.000 grl_lambda=0.000 v18_lambda=0.000 gpu=3.0/11.8GB
[17:35:01] [train] ep=64 step=030/40 ce=0.2915 sc=0.7550 mi=0.0549 dn=0.0000 v13=0.0005 grl=0.0000 v15=0.0000 v15r=0.0000 v16=0.0000 v17=0.0000 v18=0.0000 acc=0.9979 lr=9.21e-05 lambda=0.000 grl_lambda=0.000 v18_lambda=0.000 gpu=3.0/11.8GB
[17:35:07] [train] ep=64 step=040/40 ce=0.2977 sc=0.7784 mi=0.0548 dn=0.0000 v13=0.0005 grl=0.0000 v15=0.0000 v15r=0.0000 v16=0.0000 v17=0.0000 v18=0.0000 acc=0.9969 lr=9.10e-05 lambda=0.000 grl_lambda=0.000 v18_lambda=0.000 gpu=3.0/11.8GB
[17:35:18] [ep_summary] ep=64/100 val_live=0.9568/0.9553 val_ema=0.9630/0.9627 test77_live=0.8094/0.8071 test77_diag_ema=0.8058/0.8060 v13=0.0005 grl=0.0000 v15=0.0000 v15r=0.0000 v16=0.0000 v17=0.0000 v18=0.0000 das=stage3[12,95] p=1.00 ep_time=34.5s
[17:35:18] [save] best_sourcequalified77_ema ep=64 source_val_live=0.9568/0.9553 source_val_ema=0.9630/0.9627 test77_ema=0.8058/0.8060
[17:35:18] [train] epoch 65/100 steps=40 use_dann=0 das=stage3 f=[12.0,95.0] p=1.00 gpu=3.0/11.8GB
[17:35:18] [train] ep=65 step=001/40 ce=0.2669 sc=0.5281 mi=0.0457 dn=0.0000 v13=0.0005 grl=0.0000 v15=0.0000 v15r=0.0000 v16=0.0000 v17=0.0000 v18=0.0000 acc=1.0000 lr=9.09e-05 lambda=0.000 grl_lambda=0.000 v18_lambda=0.000 gpu=3.0/11.8GB
[17:35:24] [train] ep=65 step=010/40 ce=0.2851 sc=0.7033 mi=0.0525 dn=0.0000 v13=0.0005 grl=0.0000 v15=0.0000 v15r=0.0000 v16=0.0000 v17=0.0000 v18=0.0000 acc=1.0000 lr=8.99e-05 lambda=0.000 grl_lambda=0.000 v18_lambda=0.000 gpu=3.0/11.8GB
[17:35:29] [train] ep=65 step=020/40 ce=0.3052 sc=0.6940 mi=0.0523 dn=0.0000 v13=0.0005 grl=0.0000 v15=0.0000 v15r=0.0000 v16=0.0000 v17=0.0000 v18=0.0000 acc=1.0000 lr=8.88e-05 lambda=0.000 grl_lambda=0.000 v18_lambda=0.000 gpu=3.0/11.8GB
[17:35:35] [train] ep=65 step=030/40 ce=0.2916 sc=0.7443 mi=0.0525 dn=0.0000 v13=0.0005 grl=0.0000 v15=0.0000 v15r=0.0000 v16=0.0000 v17=0.0000 v18=0.0000 acc=1.0000 lr=8.77e-05 lambda=0.000 grl_lambda=0.000 v18_lambda=0.000 gpu=3.0/11.8GB
[17:35:41] [train] ep=65 step=040/40 ce=0.3099 sc=0.7453 mi=0.0522 dn=0.0000 v13=0.0005 grl=0.0000 v15=0.0000 v15r=0.0000 v16=0.0000 v17=0.0000 v18=0.0000 acc=0.9984 lr=8.66e-05 lambda=0.000 grl_lambda=0.000 v18_lambda=0.000 gpu=3.0/11.8GB
[17:35:52] [ep_summary] ep=65/100 val_live=0.9691/0.9687 val_ema=0.9691/0.9688 test77_live=0.8058/0.8065 test77_diag_ema=0.8094/0.8091 v13=0.0005 grl=0.0000 v15=0.0000 v15r=0.0000 v16=0.0000 v17=0.0000 v18=0.0000 das=stage3[12,95] p=1.00 ep_time=34.3s
[17:35:52] [save] best_sourceval_ema val_acc_ema=0.9691 source_val_live=0.9691/0.9687 source_val_ema=0.9691/0.9688 ep=65
[17:35:52] [save] best_sourcequalified77_ema ep=65 source_val_live=0.9691/0.9687 source_val_ema=0.9691/0.9688 test77_ema=0.8094/0.8091
[17:35:52] [train] epoch 66/100 steps=40 use_dann=0 das=stage3 f=[12.0,95.0] p=1.00 gpu=3.0/11.8GB
[17:35:53] [train] ep=66 step=001/40 ce=0.2589 sc=0.7432 mi=0.0462 dn=0.0000 v13=0.0003 grl=0.0000 v15=0.0000 v15r=0.0000 v16=0.0000 v17=0.0000 v18=0.0000 acc=1.0000 lr=8.65e-05 lambda=0.000 grl_lambda=0.000 v18_lambda=0.000 gpu=3.0/11.8GB
[17:35:58] [train] ep=66 step=010/40 ce=0.2862 sc=0.8076 mi=0.0548 dn=0.0000 v13=0.0005 grl=0.0000 v15=0.0000 v15r=0.0000 v16=0.0000 v17=0.0000 v18=0.0000 acc=1.0000 lr=8.55e-05 lambda=0.000 grl_lambda=0.000 v18_lambda=0.000 gpu=3.0/11.8GB
[17:36:04] [train] ep=66 step=020/40 ce=0.3364 sc=0.8158 mi=0.0546 dn=0.0000 v13=0.0005 grl=0.0000 v15=0.0000 v15r=0.0000 v16=0.0000 v17=0.0000 v18=0.0000 acc=0.9969 lr=8.44e-05 lambda=0.000 grl_lambda=0.000 v18_lambda=0.000 gpu=3.0/11.8GB
[17:36:10] [train] ep=66 step=030/40 ce=0.3108 sc=0.8057 mi=0.0547 dn=0.0000 v13=0.0005 grl=0.0000 v15=0.0000 v15r=0.0000 v16=0.0000 v17=0.0000 v18=0.0000 acc=0.9979 lr=8.33e-05 lambda=0.000 grl_lambda=0.000 v18_lambda=0.000 gpu=3.0/11.8GB
[17:36:16] [train] ep=66 step=040/40 ce=0.3200 sc=0.7803 mi=0.0547 dn=0.0000 v13=0.0005 grl=0.0000 v15=0.0000 v15r=0.0000 v16=0.0000 v17=0.0000 v18=0.0000 acc=0.9969 lr=8.22e-05 lambda=0.000 grl_lambda=0.000 v18_lambda=0.000 gpu=3.0/11.8GB
[17:36:27] [ep_summary] ep=66/100 val_live=0.9691/0.9686 val_ema=0.9630/0.9625 test77_live=0.7878/0.7856 test77_diag_ema=0.8094/0.8091 v13=0.0005 grl=0.0000 v15=0.0000 v15r=0.0000 v16=0.0000 v17=0.0000 v18=0.0000 das=stage3[12,95] p=1.00 ep_time=34.7s
[17:36:27] [train] epoch 67/100 steps=40 use_dann=0 das=stage3 f=[12.0,95.0] p=1.00 gpu=3.0/11.8GB
[17:36:27] [train] ep=67 step=001/40 ce=0.2581 sc=0.7122 mi=0.0493 dn=0.0000 v13=0.0005 grl=0.0000 v15=0.0000 v15r=0.0000 v16=0.0000 v17=0.0000 v18=0.0000 acc=1.0000 lr=8.21e-05 lambda=0.000 grl_lambda=0.000 v18_lambda=0.000 gpu=3.0/11.8GB
[17:36:33] [train] ep=67 step=010/40 ce=0.3131 sc=0.8293 mi=0.0525 dn=0.0000 v13=0.0005 grl=0.0000 v15=0.0000 v15r=0.0000 v16=0.0000 v17=0.0000 v18=0.0000 acc=0.9938 lr=8.11e-05 lambda=0.000 grl_lambda=0.000 v18_lambda=0.000 gpu=3.0/11.8GB
[17:36:39] [train] ep=67 step=020/40 ce=0.4537 sc=0.8979 mi=0.0545 dn=0.0000 v13=0.0005 grl=0.0000 v15=0.0000 v15r=0.0000 v16=0.0000 v17=0.0000 v18=0.0000 acc=0.9844 lr=8.01e-05 lambda=0.000 grl_lambda=0.000 v18_lambda=0.000 gpu=3.0/11.8GB
[17:36:44] [train] ep=67 step=030/40 ce=0.3905 sc=0.8488 mi=0.0538 dn=0.0000 v13=0.0005 grl=0.0000 v15=0.0000 v15r=0.0000 v16=0.0000 v17=0.0000 v18=0.0000 acc=0.9896 lr=7.90e-05 lambda=0.000 grl_lambda=0.000 v18_lambda=0.000 gpu=3.0/11.8GB
[17:36:50] [train] ep=67 step=040/40 ce=0.3598 sc=0.8301 mi=0.0537 dn=0.0000 v13=0.0005 grl=0.0000 v15=0.0000 v15r=0.0000 v16=0.0000 v17=0.0000 v18=0.0000 acc=0.9922 lr=7.79e-05 lambda=0.000 grl_lambda=0.000 v18_lambda=0.000 gpu=3.0/11.8GB
[17:37:03] [ep_summary] ep=67/100 val_live=0.9568/0.9555 val_ema=0.9568/0.9561 test77_live=0.7842/0.7790 test77_diag_ema=0.8094/0.8097 v13=0.0005 grl=0.0000 v15=0.0000 v15r=0.0000 v16=0.0000 v17=0.0000 v18=0.0000 das=stage3[12,95] p=1.00 ep_time=36.1s
[17:37:03] [save] best_sourcequalified77_ema ep=67 source_val_live=0.9568/0.9555 source_val_ema=0.9568/0.9561 test77_ema=0.8094/0.8097
[17:37:03] [train] epoch 68/100 steps=40 use_dann=0 das=stage3 f=[12.0,95.0] p=1.00 gpu=3.0/11.8GB
[17:37:03] [train] ep=68 step=001/40 ce=0.2661 sc=1.0561 mi=0.0552 dn=0.0000 v13=0.0004 grl=0.0000 v15=0.0000 v15r=0.0000 v16=0.0000 v17=0.0000 v18=0.0000 acc=1.0000 lr=7.78e-05 lambda=0.000 grl_lambda=0.000 v18_lambda=0.000 gpu=3.0/11.8GB
[17:37:09] [train] ep=68 step=010/40 ce=0.2695 sc=0.6987 mi=0.0544 dn=0.0000 v13=0.0004 grl=0.0000 v15=0.0000 v15r=0.0000 v16=0.0000 v17=0.0000 v18=0.0000 acc=1.0000 lr=7.69e-05 lambda=0.000 grl_lambda=0.000 v18_lambda=0.000 gpu=3.0/11.8GB
[17:37:15] [train] ep=68 step=020/40 ce=0.3008 sc=0.7690 mi=0.0549 dn=0.0000 v13=0.0005 grl=0.0000 v15=0.0000 v15r=0.0000 v16=0.0000 v17=0.0000 v18=0.0000 acc=0.9969 lr=7.58e-05 lambda=0.000 grl_lambda=0.000 v18_lambda=0.000 gpu=3.0/11.8GB
[17:37:21] [train] ep=68 step=030/40 ce=0.3101 sc=0.7598 mi=0.0546 dn=0.0000 v13=0.0005 grl=0.0000 v15=0.0000 v15r=0.0000 v16=0.0000 v17=0.0000 v18=0.0000 acc=0.9958 lr=7.48e-05 lambda=0.000 grl_lambda=0.000 v18_lambda=0.000 gpu=3.0/11.8GB
[17:37:27] [train] ep=68 step=040/40 ce=0.3072 sc=0.7498 mi=0.0546 dn=0.0000 v13=0.0005 grl=0.0000 v15=0.0000 v15r=0.0000 v16=0.0000 v17=0.0000 v18=0.0000 acc=0.9953 lr=7.37e-05 lambda=0.000 grl_lambda=0.000 v18_lambda=0.000 gpu=3.0/11.8GB
[17:37:54] [ep_summary] ep=68/100 val_live=0.9568/0.9555 val_ema=0.9568/0.9561 test77_live=0.7806/0.7760 test77_diag_ema=0.8058/0.8052 v13=0.0005 grl=0.0000 v15=0.0000 v15r=0.0000 v16=0.0000 v17=0.0000 v18=0.0000 das=stage3[12,95] p=1.00 ep_time=51.2s
[17:37:54] [train] epoch 69/100 steps=40 use_dann=0 das=stage3 f=[12.0,95.0] p=1.00 gpu=3.0/11.8GB
[17:37:55] [train] ep=69 step=001/40 ce=0.2593 sc=0.9681 mi=0.0494 dn=0.0000 v13=0.0003 grl=0.0000 v15=0.0000 v15r=0.0000 v16=0.0000 v17=0.0000 v18=0.0000 acc=1.0000 lr=7.36e-05 lambda=0.000 grl_lambda=0.000 v18_lambda=0.000 gpu=3.0/11.8GB
[17:38:00] [train] ep=69 step=010/40 ce=0.2584 sc=0.8525 mi=0.0534 dn=0.0000 v13=0.0004 grl=0.0000 v15=0.0000 v15r=0.0000 v16=0.0000 v17=0.0000 v18=0.0000 acc=1.0000 lr=7.27e-05 lambda=0.000 grl_lambda=0.000 v18_lambda=0.000 gpu=3.0/11.8GB
[17:38:06] [train] ep=69 step=020/40 ce=0.2588 sc=0.7829 mi=0.0534 dn=0.0000 v13=0.0004 grl=0.0000 v15=0.0000 v15r=0.0000 v16=0.0000 v17=0.0000 v18=0.0000 acc=1.0000 lr=7.16e-05 lambda=0.000 grl_lambda=0.000 v18_lambda=0.000 gpu=3.0/11.8GB
[17:38:12] [train] ep=69 step=030/40 ce=0.2734 sc=0.7749 mi=0.0535 dn=0.0000 v13=0.0004 grl=0.0000 v15=0.0000 v15r=0.0000 v16=0.0000 v17=0.0000 v18=0.0000 acc=1.0000 lr=7.06e-05 lambda=0.000 grl_lambda=0.000 v18_lambda=0.000 gpu=3.0/11.8GB
[17:38:18] [train] ep=69 step=040/40 ce=0.3228 sc=0.7884 mi=0.0535 dn=0.0000 v13=0.0004 grl=0.0000 v15=0.0000 v15r=0.0000 v16=0.0000 v17=0.0000 v18=0.0000 acc=0.9953 lr=6.96e-05 lambda=0.000 grl_lambda=0.000 v18_lambda=0.000 gpu=3.0/11.8GB
[17:38:40] [ep_summary] ep=69/100 val_live=0.9568/0.9555 val_ema=0.9568/0.9561 test77_live=0.7878/0.7831 test77_diag_ema=0.8058/0.8046 v13=0.0004 grl=0.0000 v15=0.0000 v15r=0.0000 v16=0.0000 v17=0.0000 v18=0.0000 das=stage3[12,95] p=1.00 ep_time=46.4s
[17:38:41] [train] epoch 70/100 steps=40 use_dann=0 das=stage3 f=[12.0,95.0] p=1.00 gpu=3.0/11.8GB
[17:38:41] [train] ep=70 step=001/40 ce=0.2571 sc=1.0478 mi=0.0578 dn=0.0000 v13=0.0007 grl=0.0000 v15=0.0000 v15r=0.0000 v16=0.0000 v17=0.0000 v18=0.0000 acc=1.0000 lr=6.95e-05 lambda=0.000 grl_lambda=0.000 v18_lambda=0.000 gpu=3.0/11.8GB
[17:38:47] [train] ep=70 step=010/40 ce=0.3549 sc=0.9282 mi=0.0516 dn=0.0000 v13=0.0005 grl=0.0000 v15=0.0000 v15r=0.0000 v16=0.0000 v17=0.0000 v18=0.0000 acc=0.9938 lr=6.85e-05 lambda=0.000 grl_lambda=0.000 v18_lambda=0.000 gpu=3.0/11.8GB
[17:38:53] [train] ep=70 step=020/40 ce=0.3687 sc=0.8967 mi=0.0526 dn=0.0000 v13=0.0004 grl=0.0000 v15=0.0000 v15r=0.0000 v16=0.0000 v17=0.0000 v18=0.0000 acc=0.9906 lr=6.75e-05 lambda=0.000 grl_lambda=0.000 v18_lambda=0.000 gpu=3.0/11.8GB
[17:38:58] [train] ep=70 step=030/40 ce=0.3396 sc=0.8497 mi=0.0534 dn=0.0000 v13=0.0004 grl=0.0000 v15=0.0000 v15r=0.0000 v16=0.0000 v17=0.0000 v18=0.0000 acc=0.9938 lr=6.65e-05 lambda=0.000 grl_lambda=0.000 v18_lambda=0.000 gpu=3.0/11.8GB
[17:39:04] [train] ep=70 step=040/40 ce=0.3336 sc=0.8280 mi=0.0534 dn=0.0000 v13=0.0004 grl=0.0000 v15=0.0000 v15r=0.0000 v16=0.0000 v17=0.0000 v18=0.0000 acc=0.9938 lr=6.55e-05 lambda=0.000 grl_lambda=0.000 v18_lambda=0.000 gpu=3.0/11.8GB
[17:39:15] [pool] check ep=070/100 source_val_acc_ema=0.9630 threshold=0.90
[17:39:36] [pool] ep=070 ADDED src_val=0.9630/0.9621 dev77=0.7429/0.7408 final77=0.8022/0.8005
[17:39:36] [pool] running best ep=070 dev77_f1=0.7408 final77_f1=0.8005 (pool_size=4)
[17:39:36] [ep_summary] ep=70/100 val_live=0.9568/0.9555 val_ema=0.9630/0.9621 test77_live=0.8058/0.8022 test77_diag_ema=0.8022/0.8005 v13=0.0004 grl=0.0000 v15=0.0000 v15r=0.0000 v16=0.0000 v17=0.0000 v18=0.0000 das=stage3[12,95] p=1.00 ep_time=55.5s
[17:39:36] [strict77_monitor] ep=70 best_source_epoch=65 source_val_ema=0.9691/0.9688 test77_ema_diag=0.8094/0.8091 sourcequalified_count=35 best_sourcequalified77_epoch=67 source_val_ema=0.9568/0.9561 test77_ema=0.8094/0.8097
[17:39:36] [train] epoch 71/100 steps=40 use_dann=0 das=stage3 f=[12.0,95.0] p=1.00 gpu=3.0/11.8GB
[17:39:37] [train] ep=71 step=001/40 ce=0.4002 sc=0.7970 mi=0.0513 dn=0.0000 v13=0.0002 grl=0.0000 v15=0.0000 v15r=0.0000 v16=0.0000 v17=0.0000 v18=0.0000 acc=1.0000 lr=6.54e-05 lambda=0.000 grl_lambda=0.000 v18_lambda=0.000 gpu=3.0/11.8GB
[17:39:42] [train] ep=71 step=010/40 ce=0.2729 sc=0.8255 mi=0.0495 dn=0.0000 v13=0.0005 grl=0.0000 v15=0.0000 v15r=0.0000 v16=0.0000 v17=0.0000 v18=0.0000 acc=1.0000 lr=6.45e-05 lambda=0.000 grl_lambda=0.000 v18_lambda=0.000 gpu=3.0/11.8GB
[17:39:48] [train] ep=71 step=020/40 ce=0.3120 sc=0.7787 mi=0.0511 dn=0.0000 v13=0.0004 grl=0.0000 v15=0.0000 v15r=0.0000 v16=0.0000 v17=0.0000 v18=0.0000 acc=0.9969 lr=6.35e-05 lambda=0.000 grl_lambda=0.000 v18_lambda=0.000 gpu=3.0/11.8GB
[17:39:54] [train] ep=71 step=030/40 ce=0.2942 sc=0.7747 mi=0.0515 dn=0.0000 v13=0.0004 grl=0.0000 v15=0.0000 v15r=0.0000 v16=0.0000 v17=0.0000 v18=0.0000 acc=0.9979 lr=6.25e-05 lambda=0.000 grl_lambda=0.000 v18_lambda=0.000 gpu=3.0/11.8GB
[17:40:00] [train] ep=71 step=040/40 ce=0.2867 sc=0.7388 mi=0.0522 dn=0.0000 v13=0.0004 grl=0.0000 v15=0.0000 v15r=0.0000 v16=0.0000 v17=0.0000 v18=0.0000 acc=0.9984 lr=6.15e-05 lambda=0.000 grl_lambda=0.000 v18_lambda=0.000 gpu=3.0/11.8GB
[17:40:11] [ep_summary] ep=71/100 val_live=0.9568/0.9555 val_ema=0.9630/0.9621 test77_live=0.7914/0.7857 test77_diag_ema=0.7986/0.7968 v13=0.0004 grl=0.0000 v15=0.0000 v15r=0.0000 v16=0.0000 v17=0.0000 v18=0.0000 das=stage3[12,95] p=1.00 ep_time=34.6s
[17:40:11] [train] epoch 72/100 steps=40 use_dann=0 das=stage3 f=[12.0,95.0] p=1.00 gpu=3.0/11.8GB
[17:40:11] [train] ep=72 step=001/40 ce=0.2589 sc=0.7110 mi=0.0543 dn=0.0000 v13=0.0003 grl=0.0000 v15=0.0000 v15r=0.0000 v16=0.0000 v17=0.0000 v18=0.0000 acc=1.0000 lr=6.14e-05 lambda=0.000 grl_lambda=0.000 v18_lambda=0.000 gpu=3.0/11.8GB
[17:40:17] [train] ep=72 step=010/40 ce=0.2584 sc=0.7649 mi=0.0528 dn=0.0000 v13=0.0004 grl=0.0000 v15=0.0000 v15r=0.0000 v16=0.0000 v17=0.0000 v18=0.0000 acc=1.0000 lr=6.06e-05 lambda=0.000 grl_lambda=0.000 v18_lambda=0.000 gpu=3.0/11.8GB
[17:40:23] [train] ep=72 step=020/40 ce=0.2730 sc=0.7421 mi=0.0528 dn=0.0000 v13=0.0004 grl=0.0000 v15=0.0000 v15r=0.0000 v16=0.0000 v17=0.0000 v18=0.0000 acc=1.0000 lr=5.96e-05 lambda=0.000 grl_lambda=0.000 v18_lambda=0.000 gpu=3.0/11.8GB
[17:40:28] [train] ep=72 step=030/40 ce=0.2759 sc=0.7479 mi=0.0529 dn=0.0000 v13=0.0004 grl=0.0000 v15=0.0000 v15r=0.0000 v16=0.0000 v17=0.0000 v18=0.0000 acc=1.0000 lr=5.86e-05 lambda=0.000 grl_lambda=0.000 v18_lambda=0.000 gpu=3.0/11.8GB
[17:40:34] [train] ep=72 step=040/40 ce=0.2749 sc=0.7274 mi=0.0531 dn=0.0000 v13=0.0004 grl=0.0000 v15=0.0000 v15r=0.0000 v16=0.0000 v17=0.0000 v18=0.0000 acc=1.0000 lr=5.77e-05 lambda=0.000 grl_lambda=0.000 v18_lambda=0.000 gpu=3.0/11.8GB
[17:40:45] [ep_summary] ep=72/100 val_live=0.9630/0.9624 val_ema=0.9630/0.9621 test77_live=0.7554/0.7429 test77_diag_ema=0.7986/0.7968 v13=0.0004 grl=0.0000 v15=0.0000 v15r=0.0000 v16=0.0000 v17=0.0000 v18=0.0000 das=stage3[12,95] p=1.00 ep_time=34.5s
[17:40:45] [train] epoch 73/100 steps=40 use_dann=0 das=stage3 f=[12.0,95.0] p=1.00 gpu=3.0/11.8GB
[17:40:46] [train] ep=73 step=001/40 ce=0.2678 sc=1.1085 mi=0.0497 dn=0.0000 v13=0.0003 grl=0.0000 v15=0.0000 v15r=0.0000 v16=0.0000 v17=0.0000 v18=0.0000 acc=1.0000 lr=5.76e-05 lambda=0.000 grl_lambda=0.000 v18_lambda=0.000 gpu=3.0/11.8GB
[17:40:51] [train] ep=73 step=010/40 ce=0.4227 sc=0.8390 mi=0.0527 dn=0.0000 v13=0.0006 grl=0.0000 v15=0.0000 v15r=0.0000 v16=0.0000 v17=0.0000 v18=0.0000 acc=0.9875 lr=5.67e-05 lambda=0.000 grl_lambda=0.000 v18_lambda=0.000 gpu=3.0/11.8GB
[17:40:57] [train] ep=73 step=020/40 ce=0.3408 sc=0.7951 mi=0.0512 dn=0.0000 v13=0.0005 grl=0.0000 v15=0.0000 v15r=0.0000 v16=0.0000 v17=0.0000 v18=0.0000 acc=0.9938 lr=5.58e-05 lambda=0.000 grl_lambda=0.000 v18_lambda=0.000 gpu=3.0/11.8GB
[17:41:03] [train] ep=73 step=030/40 ce=0.3226 sc=0.7884 mi=0.0517 dn=0.0000 v13=0.0005 grl=0.0000 v15=0.0000 v15r=0.0000 v16=0.0000 v17=0.0000 v18=0.0000 acc=0.9958 lr=5.48e-05 lambda=0.000 grl_lambda=0.000 v18_lambda=0.000 gpu=3.0/11.8GB
[17:41:09] [train] ep=73 step=040/40 ce=0.3438 sc=0.8114 mi=0.0515 dn=0.0000 v13=0.0005 grl=0.0000 v15=0.0000 v15r=0.0000 v16=0.0000 v17=0.0000 v18=0.0000 acc=0.9938 lr=5.39e-05 lambda=0.000 grl_lambda=0.000 v18_lambda=0.000 gpu=3.0/11.8GB
[17:41:20] [ep_summary] ep=73/100 val_live=0.9568/0.9556 val_ema=0.9630/0.9621 test77_live=0.8129/0.8044 test77_diag_ema=0.8022/0.7999 v13=0.0005 grl=0.0000 v15=0.0000 v15r=0.0000 v16=0.0000 v17=0.0000 v18=0.0000 das=stage3[12,95] p=1.00 ep_time=34.6s
[17:41:20] [train] epoch 74/100 steps=40 use_dann=0 das=stage3 f=[12.0,95.0] p=1.00 gpu=3.0/11.8GB
[17:41:21] [train] ep=74 step=001/40 ce=0.2590 sc=0.4340 mi=0.0516 dn=0.0000 v13=0.0003 grl=0.0000 v15=0.0000 v15r=0.0000 v16=0.0000 v17=0.0000 v18=0.0000 acc=1.0000 lr=5.38e-05 lambda=0.000 grl_lambda=0.000 v18_lambda=0.000 gpu=3.0/11.8GB
[17:41:26] [train] ep=74 step=010/40 ce=0.2591 sc=0.7733 mi=0.0542 dn=0.0000 v13=0.0005 grl=0.0000 v15=0.0000 v15r=0.0000 v16=0.0000 v17=0.0000 v18=0.0000 acc=1.0000 lr=5.30e-05 lambda=0.000 grl_lambda=0.000 v18_lambda=0.000 gpu=3.0/11.8GB
[17:41:32] [train] ep=74 step=020/40 ce=0.2938 sc=0.7571 mi=0.0540 dn=0.0000 v13=0.0004 grl=0.0000 v15=0.0000 v15r=0.0000 v16=0.0000 v17=0.0000 v18=0.0000 acc=0.9969 lr=5.20e-05 lambda=0.000 grl_lambda=0.000 v18_lambda=0.000 gpu=3.0/11.8GB
[17:41:38] [train] ep=74 step=030/40 ce=0.2827 sc=0.7827 mi=0.0533 dn=0.0000 v13=0.0004 grl=0.0000 v15=0.0000 v15r=0.0000 v16=0.0000 v17=0.0000 v18=0.0000 acc=0.9979 lr=5.11e-05 lambda=0.000 grl_lambda=0.000 v18_lambda=0.000 gpu=3.0/11.8GB
[17:41:43] [train] ep=74 step=040/40 ce=0.3320 sc=0.8272 mi=0.0532 dn=0.0000 v13=0.0004 grl=0.0000 v15=0.0000 v15r=0.0000 v16=0.0000 v17=0.0000 v18=0.0000 acc=0.9953 lr=5.02e-05 lambda=0.000 grl_lambda=0.000 v18_lambda=0.000 gpu=3.0/11.8GB
[17:41:54] [ep_summary] ep=74/100 val_live=0.9568/0.9556 val_ema=0.9630/0.9621 test77_live=0.8309/0.8252 test77_diag_ema=0.7986/0.7959 v13=0.0004 grl=0.0000 v15=0.0000 v15r=0.0000 v16=0.0000 v17=0.0000 v18=0.0000 das=stage3[12,95] p=1.00 ep_time=34.5s
[17:41:54] [train] epoch 75/100 steps=40 use_dann=0 das=stage3 f=[12.0,95.0] p=1.00 gpu=3.0/11.8GB
[17:41:55] [train] ep=75 step=001/40 ce=0.2721 sc=0.7538 mi=0.0454 dn=0.0000 v13=0.0004 grl=0.0000 v15=0.0000 v15r=0.0000 v16=0.0000 v17=0.0000 v18=0.0000 acc=1.0000 lr=5.01e-05 lambda=0.000 grl_lambda=0.000 v18_lambda=0.000 gpu=3.0/11.8GB
[17:42:00] [train] ep=75 step=010/40 ce=0.2827 sc=0.7365 mi=0.0517 dn=0.0000 v13=0.0005 grl=0.0000 v15=0.0000 v15r=0.0000 v16=0.0000 v17=0.0000 v18=0.0000 acc=1.0000 lr=4.93e-05 lambda=0.000 grl_lambda=0.000 v18_lambda=0.000 gpu=3.0/11.8GB
[17:42:06] [train] ep=75 step=020/40 ce=0.2819 sc=0.7175 mi=0.0528 dn=0.0000 v13=0.0005 grl=0.0000 v15=0.0000 v15r=0.0000 v16=0.0000 v17=0.0000 v18=0.0000 acc=1.0000 lr=4.84e-05 lambda=0.000 grl_lambda=0.000 v18_lambda=0.000 gpu=3.0/11.8GB
[17:42:12] [train] ep=75 step=030/40 ce=0.3036 sc=0.7421 mi=0.0525 dn=0.0000 v13=0.0005 grl=0.0000 v15=0.0000 v15r=0.0000 v16=0.0000 v17=0.0000 v18=0.0000 acc=0.9979 lr=4.75e-05 lambda=0.000 grl_lambda=0.000 v18_lambda=0.000 gpu=3.0/11.8GB
[17:42:18] [train] ep=75 step=040/40 ce=0.3022 sc=0.7690 mi=0.0525 dn=0.0000 v13=0.0005 grl=0.0000 v15=0.0000 v15r=0.0000 v16=0.0000 v17=0.0000 v18=0.0000 acc=0.9969 lr=4.66e-05 lambda=0.000 grl_lambda=0.000 v18_lambda=0.000 gpu=3.0/11.8GB
[17:42:29] [ep_summary] ep=75/100 val_live=0.9691/0.9684 val_ema=0.9630/0.9621 test77_live=0.8129/0.8097 test77_diag_ema=0.7986/0.7959 v13=0.0005 grl=0.0000 v15=0.0000 v15r=0.0000 v16=0.0000 v17=0.0000 v18=0.0000 das=stage3[12,95] p=1.00 ep_time=34.3s
[17:42:29] [train] epoch 76/100 steps=40 use_dann=0 das=stage3 f=[12.0,95.0] p=1.00 gpu=3.0/11.8GB
[17:42:29] [train] ep=76 step=001/40 ce=0.2569 sc=0.6476 mi=0.0509 dn=0.0000 v13=0.0007 grl=0.0000 v15=0.0000 v15r=0.0000 v16=0.0000 v17=0.0000 v18=0.0000 acc=1.0000 lr=4.65e-05 lambda=0.000 grl_lambda=0.000 v18_lambda=0.000 gpu=3.0/11.8GB
[17:42:35] [train] ep=76 step=010/40 ce=0.2637 sc=0.6255 mi=0.0528 dn=0.0000 v13=0.0004 grl=0.0000 v15=0.0000 v15r=0.0000 v16=0.0000 v17=0.0000 v18=0.0000 acc=1.0000 lr=4.58e-05 lambda=0.000 grl_lambda=0.000 v18_lambda=0.000 gpu=3.0/11.8GB
[17:42:40] [train] ep=76 step=020/40 ce=0.2894 sc=0.6611 mi=0.0518 dn=0.0000 v13=0.0005 grl=0.0000 v15=0.0000 v15r=0.0000 v16=0.0000 v17=0.0000 v18=0.0000 acc=1.0000 lr=4.49e-05 lambda=0.000 grl_lambda=0.000 v18_lambda=0.000 gpu=3.0/11.8GB
[17:42:46] [train] ep=76 step=030/40 ce=0.2806 sc=0.7127 mi=0.0516 dn=0.0000 v13=0.0005 grl=0.0000 v15=0.0000 v15r=0.0000 v16=0.0000 v17=0.0000 v18=0.0000 acc=1.0000 lr=4.40e-05 lambda=0.000 grl_lambda=0.000 v18_lambda=0.000 gpu=3.0/11.8GB
[17:42:52] [train] ep=76 step=040/40 ce=0.3010 sc=0.7140 mi=0.0518 dn=0.0000 v13=0.0005 grl=0.0000 v15=0.0000 v15r=0.0000 v16=0.0000 v17=0.0000 v18=0.0000 acc=0.9984 lr=4.32e-05 lambda=0.000 grl_lambda=0.000 v18_lambda=0.000 gpu=3.0/11.8GB
[17:43:03] [ep_summary] ep=76/100 val_live=0.9630/0.9621 val_ema=0.9630/0.9621 test77_live=0.8273/0.8254 test77_diag_ema=0.7986/0.7957 v13=0.0005 grl=0.0000 v15=0.0000 v15r=0.0000 v16=0.0000 v17=0.0000 v18=0.0000 das=stage3[12,95] p=1.00 ep_time=34.3s
[17:43:03] [train] epoch 77/100 steps=40 use_dann=0 das=stage3 f=[12.0,95.0] p=1.00 gpu=3.0/11.8GB
[17:43:04] [train] ep=77 step=001/40 ce=0.2571 sc=0.5371 mi=0.0546 dn=0.0000 v13=0.0002 grl=0.0000 v15=0.0000 v15r=0.0000 v16=0.0000 v17=0.0000 v18=0.0000 acc=1.0000 lr=4.31e-05 lambda=0.000 grl_lambda=0.000 v18_lambda=0.000 gpu=3.0/11.8GB
[17:43:09] [train] ep=77 step=010/40 ce=0.3174 sc=0.7053 mi=0.0533 dn=0.0000 v13=0.0005 grl=0.0000 v15=0.0000 v15r=0.0000 v16=0.0000 v17=0.0000 v18=0.0000 acc=0.9938 lr=4.23e-05 lambda=0.000 grl_lambda=0.000 v18_lambda=0.000 gpu=3.0/11.8GB
[17:43:15] [train] ep=77 step=020/40 ce=0.3045 sc=0.7361 mi=0.0528 dn=0.0000 v13=0.0004 grl=0.0000 v15=0.0000 v15r=0.0000 v16=0.0000 v17=0.0000 v18=0.0000 acc=0.9969 lr=4.15e-05 lambda=0.000 grl_lambda=0.000 v18_lambda=0.000 gpu=3.0/11.8GB
[17:43:21] [train] ep=77 step=030/40 ce=0.2931 sc=0.7362 mi=0.0520 dn=0.0000 v13=0.0004 grl=0.0000 v15=0.0000 v15r=0.0000 v16=0.0000 v17=0.0000 v18=0.0000 acc=0.9979 lr=4.06e-05 lambda=0.000 grl_lambda=0.000 v18_lambda=0.000 gpu=3.0/11.8GB
[17:43:27] [train] ep=77 step=040/40 ce=0.2844 sc=0.7554 mi=0.0522 dn=0.0000 v13=0.0004 grl=0.0000 v15=0.0000 v15r=0.0000 v16=0.0000 v17=0.0000 v18=0.0000 acc=0.9984 lr=3.98e-05 lambda=0.000 grl_lambda=0.000 v18_lambda=0.000 gpu=3.0/11.8GB
[17:43:40] [ep_summary] ep=77/100 val_live=0.9630/0.9625 val_ema=0.9630/0.9621 test77_live=0.8165/0.8139 test77_diag_ema=0.7986/0.7957 v13=0.0004 grl=0.0000 v15=0.0000 v15r=0.0000 v16=0.0000 v17=0.0000 v18=0.0000 das=stage3[12,95] p=1.00 ep_time=37.2s
[17:43:40] [train] epoch 78/100 steps=40 use_dann=0 das=stage3 f=[12.0,95.0] p=1.00 gpu=3.0/11.8GB
[17:43:41] [train] ep=78 step=001/40 ce=0.2562 sc=0.5964 mi=0.0514 dn=0.0000 v13=0.0003 grl=0.0000 v15=0.0000 v15r=0.0000 v16=0.0000 v17=0.0000 v18=0.0000 acc=1.0000 lr=3.97e-05 lambda=0.000 grl_lambda=0.000 v18_lambda=0.000 gpu=3.0/11.8GB
[17:43:46] [train] ep=78 step=010/40 ce=0.2577 sc=0.7178 mi=0.0529 dn=0.0000 v13=0.0004 grl=0.0000 v15=0.0000 v15r=0.0000 v16=0.0000 v17=0.0000 v18=0.0000 acc=1.0000 lr=3.90e-05 lambda=0.000 grl_lambda=0.000 v18_lambda=0.000 gpu=3.0/11.8GB
[17:43:52] [train] ep=78 step=020/40 ce=0.2872 sc=0.7049 mi=0.0522 dn=0.0000 v13=0.0004 grl=0.0000 v15=0.0000 v15r=0.0000 v16=0.0000 v17=0.0000 v18=0.0000 acc=0.9969 lr=3.82e-05 lambda=0.000 grl_lambda=0.000 v18_lambda=0.000 gpu=3.0/11.8GB
[17:43:58] [train] ep=78 step=030/40 ce=0.2776 sc=0.7404 mi=0.0529 dn=0.0000 v13=0.0004 grl=0.0000 v15=0.0000 v15r=0.0000 v16=0.0000 v17=0.0000 v18=0.0000 acc=0.9979 lr=3.74e-05 lambda=0.000 grl_lambda=0.000 v18_lambda=0.000 gpu=3.0/11.8GB
[17:44:04] [train] ep=78 step=040/40 ce=0.2848 sc=0.7515 mi=0.0524 dn=0.0000 v13=0.0004 grl=0.0000 v15=0.0000 v15r=0.0000 v16=0.0000 v17=0.0000 v18=0.0000 acc=0.9969 lr=3.66e-05 lambda=0.000 grl_lambda=0.000 v18_lambda=0.000 gpu=3.0/11.8GB
[17:44:15] [ep_summary] ep=78/100 val_live=0.9568/0.9563 val_ema=0.9630/0.9621 test77_live=0.8022/0.7971 test77_diag_ema=0.7986/0.7957 v13=0.0004 grl=0.0000 v15=0.0000 v15r=0.0000 v16=0.0000 v17=0.0000 v18=0.0000 das=stage3[12,95] p=1.00 ep_time=34.6s
[17:44:15] [train] epoch 79/100 steps=40 use_dann=0 das=stage3 f=[12.0,95.0] p=1.00 gpu=3.0/11.8GB
[17:44:15] [train] ep=79 step=001/40 ce=0.2571 sc=0.8386 mi=0.0481 dn=0.0000 v13=0.0002 grl=0.0000 v15=0.0000 v15r=0.0000 v16=0.0000 v17=0.0000 v18=0.0000 acc=1.0000 lr=3.65e-05 lambda=0.000 grl_lambda=0.000 v18_lambda=0.000 gpu=3.0/11.8GB
[17:44:21] [train] ep=79 step=010/40 ce=0.2655 sc=0.8571 mi=0.0506 dn=0.0000 v13=0.0003 grl=0.0000 v15=0.0000 v15r=0.0000 v16=0.0000 v17=0.0000 v18=0.0000 acc=1.0000 lr=3.58e-05 lambda=0.000 grl_lambda=0.000 v18_lambda=0.000 gpu=3.0/11.8GB
[17:44:27] [train] ep=79 step=020/40 ce=0.2825 sc=0.8467 mi=0.0514 dn=0.0000 v13=0.0004 grl=0.0000 v15=0.0000 v15r=0.0000 v16=0.0000 v17=0.0000 v18=0.0000 acc=1.0000 lr=3.50e-05 lambda=0.000 grl_lambda=0.000 v18_lambda=0.000 gpu=3.0/11.8GB
[17:44:33] [train] ep=79 step=030/40 ce=0.2743 sc=0.8221 mi=0.0512 dn=0.0000 v13=0.0004 grl=0.0000 v15=0.0000 v15r=0.0000 v16=0.0000 v17=0.0000 v18=0.0000 acc=1.0000 lr=3.42e-05 lambda=0.000 grl_lambda=0.000 v18_lambda=0.000 gpu=3.0/11.8GB
[17:44:39] [train] ep=79 step=040/40 ce=0.2711 sc=0.8151 mi=0.0519 dn=0.0000 v13=0.0004 grl=0.0000 v15=0.0000 v15r=0.0000 v16=0.0000 v17=0.0000 v18=0.0000 acc=1.0000 lr=3.35e-05 lambda=0.000 grl_lambda=0.000 v18_lambda=0.000 gpu=3.0/11.8GB
[17:45:06] [ep_summary] ep=79/100 val_live=0.9506/0.9499 val_ema=0.9630/0.9621 test77_live=0.8165/0.8122 test77_diag_ema=0.7950/0.7916 v13=0.0004 grl=0.0000 v15=0.0000 v15r=0.0000 v16=0.0000 v17=0.0000 v18=0.0000 das=stage3[12,95] p=1.00 ep_time=50.8s
[17:45:06] [train] epoch 80/100 steps=40 use_dann=0 das=stage3 f=[12.0,95.0] p=1.00 gpu=3.0/11.8GB
[17:45:06] [train] ep=80 step=001/40 ce=0.2583 sc=0.8381 mi=0.0512 dn=0.0000 v13=0.0003 grl=0.0000 v15=0.0000 v15r=0.0000 v16=0.0000 v17=0.0000 v18=0.0000 acc=1.0000 lr=3.34e-05 lambda=0.000 grl_lambda=0.000 v18_lambda=0.000 gpu=3.0/11.8GB
[17:45:12] [train] ep=80 step=010/40 ce=0.3058 sc=0.7394 mi=0.0530 dn=0.0000 v13=0.0004 grl=0.0000 v15=0.0000 v15r=0.0000 v16=0.0000 v17=0.0000 v18=0.0000 acc=0.9938 lr=3.27e-05 lambda=0.000 grl_lambda=0.000 v18_lambda=0.000 gpu=3.0/11.8GB
[17:45:17] [train] ep=80 step=020/40 ce=0.2818 sc=0.7360 mi=0.0523 dn=0.0000 v13=0.0004 grl=0.0000 v15=0.0000 v15r=0.0000 v16=0.0000 v17=0.0000 v18=0.0000 acc=0.9969 lr=3.19e-05 lambda=0.000 grl_lambda=0.000 v18_lambda=0.000 gpu=3.0/11.8GB
[17:45:23] [train] ep=80 step=030/40 ce=0.3165 sc=0.7613 mi=0.0515 dn=0.0000 v13=0.0004 grl=0.0000 v15=0.0000 v15r=0.0000 v16=0.0000 v17=0.0000 v18=0.0000 acc=0.9938 lr=3.12e-05 lambda=0.000 grl_lambda=0.000 v18_lambda=0.000 gpu=3.0/11.8GB
[17:45:29] [train] ep=80 step=040/40 ce=0.3238 sc=0.7824 mi=0.0513 dn=0.0000 v13=0.0004 grl=0.0000 v15=0.0000 v15r=0.0000 v16=0.0000 v17=0.0000 v18=0.0000 acc=0.9938 lr=3.05e-05 lambda=0.000 grl_lambda=0.000 v18_lambda=0.000 gpu=3.0/11.8GB
[17:45:40] [pool] check ep=080/100 source_val_acc_ema=0.9630 threshold=0.90
[17:45:45] [pool] ep=080 ADDED src_val=0.9630/0.9621 dev77=0.7357/0.7329 final77=0.7950/0.7912
[17:45:45] [pool] running best ep=070 dev77_f1=0.7408 final77_f1=0.8005 (pool_size=5)
[17:45:45] [ep_summary] ep=80/100 val_live=0.9568/0.9563 val_ema=0.9630/0.9621 test77_live=0.8094/0.8064 test77_diag_ema=0.7950/0.7912 v13=0.0004 grl=0.0000 v15=0.0000 v15r=0.0000 v16=0.0000 v17=0.0000 v18=0.0000 das=stage3[12,95] p=1.00 ep_time=39.5s
[17:45:45] [strict77_monitor] ep=80 best_source_epoch=65 source_val_ema=0.9691/0.9688 test77_ema_diag=0.8094/0.8091 sourcequalified_count=45 best_sourcequalified77_epoch=67 source_val_ema=0.9568/0.9561 test77_ema=0.8094/0.8097
[17:45:45] [train] epoch 81/100 steps=40 use_dann=0 das=stage3 f=[12.0,95.0] p=1.00 gpu=3.0/11.8GB
[17:45:46] [train] ep=81 step=001/40 ce=0.2590 sc=0.7279 mi=0.0491 dn=0.0000 v13=0.0004 grl=0.0000 v15=0.0000 v15r=0.0000 v16=0.0000 v17=0.0000 v18=0.0000 acc=1.0000 lr=3.04e-05 lambda=0.000 grl_lambda=0.000 v18_lambda=0.000 gpu=3.0/11.8GB
[17:45:51] [train] ep=81 step=010/40 ce=0.3079 sc=0.8974 mi=0.0515 dn=0.0000 v13=0.0004 grl=0.0000 v15=0.0000 v15r=0.0000 v16=0.0000 v17=0.0000 v18=0.0000 acc=0.9938 lr=2.97e-05 lambda=0.000 grl_lambda=0.000 v18_lambda=0.000 gpu=3.0/11.8GB
[17:45:57] [train] ep=81 step=020/40 ce=0.3027 sc=0.8004 mi=0.0515 dn=0.0000 v13=0.0004 grl=0.0000 v15=0.0000 v15r=0.0000 v16=0.0000 v17=0.0000 v18=0.0000 acc=0.9938 lr=2.90e-05 lambda=0.000 grl_lambda=0.000 v18_lambda=0.000 gpu=3.0/11.8GB
[17:46:03] [train] ep=81 step=030/40 ce=0.3063 sc=0.8569 mi=0.0519 dn=0.0000 v13=0.0004 grl=0.0000 v15=0.0000 v15r=0.0000 v16=0.0000 v17=0.0000 v18=0.0000 acc=0.9958 lr=2.83e-05 lambda=0.000 grl_lambda=0.000 v18_lambda=0.000 gpu=3.0/11.8GB
[17:46:09] [train] ep=81 step=040/40 ce=0.2940 sc=0.8587 mi=0.0513 dn=0.0000 v13=0.0004 grl=0.0000 v15=0.0000 v15r=0.0000 v16=0.0000 v17=0.0000 v18=0.0000 acc=0.9969 lr=2.76e-05 lambda=0.000 grl_lambda=0.000 v18_lambda=0.000 gpu=3.0/11.8GB
[17:46:19] [ep_summary] ep=81/100 val_live=0.9630/0.9622 val_ema=0.9630/0.9621 test77_live=0.7914/0.7883 test77_diag_ema=0.7950/0.7912 v13=0.0004 grl=0.0000 v15=0.0000 v15r=0.0000 v16=0.0000 v17=0.0000 v18=0.0000 das=stage3[12,95] p=1.00 ep_time=34.4s
[17:46:19] [train] epoch 82/100 steps=40 use_dann=0 das=stage3 f=[12.0,95.0] p=1.00 gpu=3.0/11.8GB
[17:46:20] [train] ep=82 step=001/40 ce=0.3544 sc=0.6547 mi=0.0564 dn=0.0000 v13=0.0003 grl=0.0000 v15=0.0000 v15r=0.0000 v16=0.0000 v17=0.0000 v18=0.0000 acc=1.0000 lr=2.75e-05 lambda=0.000 grl_lambda=0.000 v18_lambda=0.000 gpu=3.0/11.8GB
[17:46:25] [train] ep=82 step=010/40 ce=0.3333 sc=0.7955 mi=0.0500 dn=0.0000 v13=0.0003 grl=0.0000 v15=0.0000 v15r=0.0000 v16=0.0000 v17=0.0000 v18=0.0000 acc=0.9938 lr=2.69e-05 lambda=0.000 grl_lambda=0.000 v18_lambda=0.000 gpu=3.0/11.8GB
[17:46:31] [train] ep=82 step=020/40 ce=0.3143 sc=0.7312 mi=0.0507 dn=0.0000 v13=0.0004 grl=0.0000 v15=0.0000 v15r=0.0000 v16=0.0000 v17=0.0000 v18=0.0000 acc=0.9938 lr=2.62e-05 lambda=0.000 grl_lambda=0.000 v18_lambda=0.000 gpu=3.0/11.8GB
[17:46:37] [train] ep=82 step=030/40 ce=0.2956 sc=0.7681 mi=0.0507 dn=0.0000 v13=0.0004 grl=0.0000 v15=0.0000 v15r=0.0000 v16=0.0000 v17=0.0000 v18=0.0000 acc=0.9958 lr=2.55e-05 lambda=0.000 grl_lambda=0.000 v18_lambda=0.000 gpu=3.0/11.8GB
[17:46:43] [train] ep=82 step=040/40 ce=0.2880 sc=0.7728 mi=0.0505 dn=0.0000 v13=0.0004 grl=0.0000 v15=0.0000 v15r=0.0000 v16=0.0000 v17=0.0000 v18=0.0000 acc=0.9969 lr=2.48e-05 lambda=0.000 grl_lambda=0.000 v18_lambda=0.000 gpu=3.0/11.8GB
[17:47:44] [ep_summary] ep=82/100 val_live=0.9568/0.9558 val_ema=0.9630/0.9621 test77_live=0.7878/0.7841 test77_diag_ema=0.7950/0.7912 v13=0.0004 grl=0.0000 v15=0.0000 v15r=0.0000 v16=0.0000 v17=0.0000 v18=0.0000 das=stage3[12,95] p=1.00 ep_time=84.4s
[17:47:44] [train] epoch 83/100 steps=40 use_dann=0 das=stage3 f=[12.0,95.0] p=1.00 gpu=3.0/11.8GB
[17:47:45] [train] ep=83 step=001/40 ce=0.2602 sc=0.7476 mi=0.0499 dn=0.0000 v13=0.0006 grl=0.0000 v15=0.0000 v15r=0.0000 v16=0.0000 v17=0.0000 v18=0.0000 acc=1.0000 lr=2.48e-05 lambda=0.000 grl_lambda=0.000 v18_lambda=0.000 gpu=3.0/11.8GB
[17:47:50] [train] ep=83 step=010/40 ce=0.2957 sc=0.6844 mi=0.0512 dn=0.0000 v13=0.0004 grl=0.0000 v15=0.0000 v15r=0.0000 v16=0.0000 v17=0.0000 v18=0.0000 acc=1.0000 lr=2.42e-05 lambda=0.000 grl_lambda=0.000 v18_lambda=0.000 gpu=3.0/11.8GB
[17:47:56] [train] ep=83 step=020/40 ce=0.2768 sc=0.7472 mi=0.0509 dn=0.0000 v13=0.0004 grl=0.0000 v15=0.0000 v15r=0.0000 v16=0.0000 v17=0.0000 v18=0.0000 acc=1.0000 lr=2.35e-05 lambda=0.000 grl_lambda=0.000 v18_lambda=0.000 gpu=3.0/11.8GB
[17:48:02] [train] ep=83 step=030/40 ce=0.2939 sc=0.7483 mi=0.0505 dn=0.0000 v13=0.0004 grl=0.0000 v15=0.0000 v15r=0.0000 v16=0.0000 v17=0.0000 v18=0.0000 acc=0.9979 lr=2.29e-05 lambda=0.000 grl_lambda=0.000 v18_lambda=0.000 gpu=3.0/11.8GB
[17:48:08] [train] ep=83 step=040/40 ce=0.2849 sc=0.7611 mi=0.0505 dn=0.0000 v13=0.0004 grl=0.0000 v15=0.0000 v15r=0.0000 v16=0.0000 v17=0.0000 v18=0.0000 acc=0.9984 lr=2.22e-05 lambda=0.000 grl_lambda=0.000 v18_lambda=0.000 gpu=3.0/11.8GB
[17:48:34] [ep_summary] ep=83/100 val_live=0.9568/0.9558 val_ema=0.9630/0.9621 test77_live=0.7986/0.7936 test77_diag_ema=0.7950/0.7920 v13=0.0004 grl=0.0000 v15=0.0000 v15r=0.0000 v16=0.0000 v17=0.0000 v18=0.0000 das=stage3[12,95] p=1.00 ep_time=50.3s
[17:48:34] [train] epoch 84/100 steps=40 use_dann=0 das=stage3 f=[12.0,95.0] p=1.00 gpu=3.0/11.8GB
[17:48:36] [train] ep=84 step=001/40 ce=0.2568 sc=0.5663 mi=0.0487 dn=0.0000 v13=0.0006 grl=0.0000 v15=0.0000 v15r=0.0000 v16=0.0000 v17=0.0000 v18=0.0000 acc=1.0000 lr=2.22e-05 lambda=0.000 grl_lambda=0.000 v18_lambda=0.000 gpu=3.0/11.8GB
[17:48:42] [train] ep=84 step=010/40 ce=0.2570 sc=0.7553 mi=0.0516 dn=0.0000 v13=0.0005 grl=0.0000 v15=0.0000 v15r=0.0000 v16=0.0000 v17=0.0000 v18=0.0000 acc=1.0000 lr=2.16e-05 lambda=0.000 grl_lambda=0.000 v18_lambda=0.000 gpu=3.0/11.8GB
[17:48:48] [train] ep=84 step=020/40 ce=0.2711 sc=0.7875 mi=0.0515 dn=0.0000 v13=0.0004 grl=0.0000 v15=0.0000 v15r=0.0000 v16=0.0000 v17=0.0000 v18=0.0000 acc=1.0000 lr=2.10e-05 lambda=0.000 grl_lambda=0.000 v18_lambda=0.000 gpu=3.0/11.8GB
[17:48:54] [train] ep=84 step=030/40 ce=0.2668 sc=0.7970 mi=0.0512 dn=0.0000 v13=0.0004 grl=0.0000 v15=0.0000 v15r=0.0000 v16=0.0000 v17=0.0000 v18=0.0000 acc=1.0000 lr=2.04e-05 lambda=0.000 grl_lambda=0.000 v18_lambda=0.000 gpu=3.0/11.8GB
[17:49:00] [train] ep=84 step=040/40 ce=0.2644 sc=0.7728 mi=0.0510 dn=0.0000 v13=0.0004 grl=0.0000 v15=0.0000 v15r=0.0000 v16=0.0000 v17=0.0000 v18=0.0000 acc=1.0000 lr=1.98e-05 lambda=0.000 grl_lambda=0.000 v18_lambda=0.000 gpu=3.0/11.8GB
[17:49:15] [ep_summary] ep=84/100 val_live=0.9691/0.9685 val_ema=0.9630/0.9621 test77_live=0.7950/0.7901 test77_diag_ema=0.7950/0.7920 v13=0.0004 grl=0.0000 v15=0.0000 v15r=0.0000 v16=0.0000 v17=0.0000 v18=0.0000 das=stage3[12,95] p=1.00 ep_time=40.7s
[17:49:15] [train] epoch 85/100 steps=40 use_dann=0 das=stage3 f=[12.0,95.0] p=1.00 gpu=3.0/11.8GB
[17:49:16] [train] ep=85 step=001/40 ce=0.2569 sc=0.7156 mi=0.0511 dn=0.0000 v13=0.0005 grl=0.0000 v15=0.0000 v15r=0.0000 v16=0.0000 v17=0.0000 v18=0.0000 acc=1.0000 lr=1.97e-05 lambda=0.000 grl_lambda=0.000 v18_lambda=0.000 gpu=3.0/11.8GB
[17:49:21] [train] ep=85 step=010/40 ce=0.2569 sc=0.6782 mi=0.0512 dn=0.0000 v13=0.0003 grl=0.0000 v15=0.0000 v15r=0.0000 v16=0.0000 v17=0.0000 v18=0.0000 acc=1.0000 lr=1.92e-05 lambda=0.000 grl_lambda=0.000 v18_lambda=0.000 gpu=3.0/11.8GB
[17:49:27] [train] ep=85 step=020/40 ce=0.2628 sc=0.7394 mi=0.0507 dn=0.0000 v13=0.0004 grl=0.0000 v15=0.0000 v15r=0.0000 v16=0.0000 v17=0.0000 v18=0.0000 acc=1.0000 lr=1.86e-05 lambda=0.000 grl_lambda=0.000 v18_lambda=0.000 gpu=3.0/11.8GB
[17:49:33] [train] ep=85 step=030/40 ce=0.2617 sc=0.7876 mi=0.0517 dn=0.0000 v13=0.0004 grl=0.0000 v15=0.0000 v15r=0.0000 v16=0.0000 v17=0.0000 v18=0.0000 acc=1.0000 lr=1.80e-05 lambda=0.000 grl_lambda=0.000 v18_lambda=0.000 gpu=3.0/11.8GB
[17:49:39] [train] ep=85 step=040/40 ce=0.2688 sc=0.7678 mi=0.0517 dn=0.0000 v13=0.0004 grl=0.0000 v15=0.0000 v15r=0.0000 v16=0.0000 v17=0.0000 v18=0.0000 acc=1.0000 lr=1.74e-05 lambda=0.000 grl_lambda=0.000 v18_lambda=0.000 gpu=3.0/11.8GB
[17:49:50] [ep_summary] ep=85/100 val_live=0.9691/0.9685 val_ema=0.9691/0.9685 test77_live=0.7986/0.7931 test77_diag_ema=0.7950/0.7920 v13=0.0004 grl=0.0000 v15=0.0000 v15r=0.0000 v16=0.0000 v17=0.0000 v18=0.0000 das=stage3[12,95] p=1.00 ep_time=35.1s
[17:49:50] [train] epoch 86/100 steps=40 use_dann=0 das=stage3 f=[12.0,95.0] p=1.00 gpu=3.0/11.8GB
[17:49:51] [train] ep=86 step=001/40 ce=0.2625 sc=0.8617 mi=0.0661 dn=0.0000 v13=0.0005 grl=0.0000 v15=0.0000 v15r=0.0000 v16=0.0000 v17=0.0000 v18=0.0000 acc=1.0000 lr=1.74e-05 lambda=0.000 grl_lambda=0.000 v18_lambda=0.000 gpu=3.0/11.8GB
[17:49:56] [train] ep=86 step=010/40 ce=0.2580 sc=0.6892 mi=0.0527 dn=0.0000 v13=0.0005 grl=0.0000 v15=0.0000 v15r=0.0000 v16=0.0000 v17=0.0000 v18=0.0000 acc=1.0000 lr=1.68e-05 lambda=0.000 grl_lambda=0.000 v18_lambda=0.000 gpu=3.0/11.8GB
[17:50:02] [train] ep=86 step=020/40 ce=0.2739 sc=0.7156 mi=0.0519 dn=0.0000 v13=0.0004 grl=0.0000 v15=0.0000 v15r=0.0000 v16=0.0000 v17=0.0000 v18=0.0000 acc=1.0000 lr=1.63e-05 lambda=0.000 grl_lambda=0.000 v18_lambda=0.000 gpu=3.0/11.8GB
[17:50:08] [train] ep=86 step=030/40 ce=0.2684 sc=0.7235 mi=0.0516 dn=0.0000 v13=0.0004 grl=0.0000 v15=0.0000 v15r=0.0000 v16=0.0000 v17=0.0000 v18=0.0000 acc=1.0000 lr=1.57e-05 lambda=0.000 grl_lambda=0.000 v18_lambda=0.000 gpu=3.0/11.8GB
[17:50:14] [train] ep=86 step=040/40 ce=0.2889 sc=0.7657 mi=0.0512 dn=0.0000 v13=0.0004 grl=0.0000 v15=0.0000 v15r=0.0000 v16=0.0000 v17=0.0000 v18=0.0000 acc=0.9984 lr=1.52e-05 lambda=0.000 grl_lambda=0.000 v18_lambda=0.000 gpu=3.0/11.8GB
[17:50:25] [ep_summary] ep=86/100 val_live=0.9691/0.9685 val_ema=0.9691/0.9685 test77_live=0.7914/0.7873 test77_diag_ema=0.7950/0.7920 v13=0.0004 grl=0.0000 v15=0.0000 v15r=0.0000 v16=0.0000 v17=0.0000 v18=0.0000 das=stage3[12,95] p=1.00 ep_time=35.0s
[17:50:25] [train] epoch 87/100 steps=40 use_dann=0 das=stage3 f=[12.0,95.0] p=1.00 gpu=3.0/11.8GB
[17:50:26] [train] ep=87 step=001/40 ce=0.2566 sc=0.7143 mi=0.0468 dn=0.0000 v13=0.0004 grl=0.0000 v15=0.0000 v15r=0.0000 v16=0.0000 v17=0.0000 v18=0.0000 acc=1.0000 lr=1.52e-05 lambda=0.000 grl_lambda=0.000 v18_lambda=0.000 gpu=3.0/11.8GB
[17:50:31] [train] ep=87 step=010/40 ce=0.2573 sc=0.6782 mi=0.0498 dn=0.0000 v13=0.0003 grl=0.0000 v15=0.0000 v15r=0.0000 v16=0.0000 v17=0.0000 v18=0.0000 acc=1.0000 lr=1.47e-05 lambda=0.000 grl_lambda=0.000 v18_lambda=0.000 gpu=3.0/11.8GB
[17:50:37] [train] ep=87 step=020/40 ce=0.2615 sc=0.7314 mi=0.0497 dn=0.0000 v13=0.0004 grl=0.0000 v15=0.0000 v15r=0.0000 v16=0.0000 v17=0.0000 v18=0.0000 acc=1.0000 lr=1.42e-05 lambda=0.000 grl_lambda=0.000 v18_lambda=0.000 gpu=3.0/11.8GB
[17:50:43] [train] ep=87 step=030/40 ce=0.2827 sc=0.7258 mi=0.0505 dn=0.0000 v13=0.0003 grl=0.0000 v15=0.0000 v15r=0.0000 v16=0.0000 v17=0.0000 v18=0.0000 acc=0.9979 lr=1.37e-05 lambda=0.000 grl_lambda=0.000 v18_lambda=0.000 gpu=3.0/11.8GB
[17:50:49] [train] ep=87 step=040/40 ce=0.2836 sc=0.7339 mi=0.0508 dn=0.0000 v13=0.0004 grl=0.0000 v15=0.0000 v15r=0.0000 v16=0.0000 v17=0.0000 v18=0.0000 acc=0.9984 lr=1.31e-05 lambda=0.000 grl_lambda=0.000 v18_lambda=0.000 gpu=3.0/11.8GB
[17:51:00] [ep_summary] ep=87/100 val_live=0.9691/0.9685 val_ema=0.9691/0.9685 test77_live=0.7878/0.7839 test77_diag_ema=0.7950/0.7920 v13=0.0004 grl=0.0000 v15=0.0000 v15r=0.0000 v16=0.0000 v17=0.0000 v18=0.0000 das=stage3[12,95] p=1.00 ep_time=35.1s
[17:51:00] [train] epoch 88/100 steps=40 use_dann=0 das=stage3 f=[12.0,95.0] p=1.00 gpu=3.0/11.8GB
[17:51:01] [train] ep=88 step=001/40 ce=0.2578 sc=0.4646 mi=0.0541 dn=0.0000 v13=0.0003 grl=0.0000 v15=0.0000 v15r=0.0000 v16=0.0000 v17=0.0000 v18=0.0000 acc=1.0000 lr=1.31e-05 lambda=0.000 grl_lambda=0.000 v18_lambda=0.000 gpu=3.0/11.8GB
[17:51:06] [train] ep=88 step=010/40 ce=0.2688 sc=0.7461 mi=0.0567 dn=0.0000 v13=0.0004 grl=0.0000 v15=0.0000 v15r=0.0000 v16=0.0000 v17=0.0000 v18=0.0000 acc=1.0000 lr=1.27e-05 lambda=0.000 grl_lambda=0.000 v18_lambda=0.000 gpu=3.0/11.8GB
[17:51:12] [train] ep=88 step=020/40 ce=0.2631 sc=0.8091 mi=0.0533 dn=0.0000 v13=0.0004 grl=0.0000 v15=0.0000 v15r=0.0000 v16=0.0000 v17=0.0000 v18=0.0000 acc=1.0000 lr=1.22e-05 lambda=0.000 grl_lambda=0.000 v18_lambda=0.000 gpu=3.0/11.8GB
[17:51:18] [train] ep=88 step=030/40 ce=0.2924 sc=0.8221 mi=0.0527 dn=0.0000 v13=0.0004 grl=0.0000 v15=0.0000 v15r=0.0000 v16=0.0000 v17=0.0000 v18=0.0000 acc=0.9979 lr=1.17e-05 lambda=0.000 grl_lambda=0.000 v18_lambda=0.000 gpu=3.0/11.8GB
[17:51:24] [train] ep=88 step=040/40 ce=0.2940 sc=0.8108 mi=0.0525 dn=0.0000 v13=0.0004 grl=0.0000 v15=0.0000 v15r=0.0000 v16=0.0000 v17=0.0000 v18=0.0000 acc=0.9969 lr=1.12e-05 lambda=0.000 grl_lambda=0.000 v18_lambda=0.000 gpu=3.0/11.8GB
[17:51:35] [ep_summary] ep=88/100 val_live=0.9691/0.9685 val_ema=0.9691/0.9685 test77_live=0.7914/0.7866 test77_diag_ema=0.7950/0.7919 v13=0.0004 grl=0.0000 v15=0.0000 v15r=0.0000 v16=0.0000 v17=0.0000 v18=0.0000 das=stage3[12,95] p=1.00 ep_time=34.5s
[17:51:35] [train] epoch 89/100 steps=40 use_dann=0 das=stage3 f=[12.0,95.0] p=1.00 gpu=3.0/11.8GB
[17:51:35] [train] ep=89 step=001/40 ce=0.2578 sc=0.5962 mi=0.0516 dn=0.0000 v13=0.0003 grl=0.0000 v15=0.0000 v15r=0.0000 v16=0.0000 v17=0.0000 v18=0.0000 acc=1.0000 lr=1.12e-05 lambda=0.000 grl_lambda=0.000 v18_lambda=0.000 gpu=3.0/11.8GB
[17:51:41] [train] ep=89 step=010/40 ce=0.2584 sc=0.7837 mi=0.0513 dn=0.0000 v13=0.0004 grl=0.0000 v15=0.0000 v15r=0.0000 v16=0.0000 v17=0.0000 v18=0.0000 acc=1.0000 lr=1.08e-05 lambda=0.000 grl_lambda=0.000 v18_lambda=0.000 gpu=3.0/11.8GB
[17:51:46] [train] ep=89 step=020/40 ce=0.2611 sc=0.7020 mi=0.0517 dn=0.0000 v13=0.0004 grl=0.0000 v15=0.0000 v15r=0.0000 v16=0.0000 v17=0.0000 v18=0.0000 acc=1.0000 lr=1.03e-05 lambda=0.000 grl_lambda=0.000 v18_lambda=0.000 gpu=3.0/11.8GB
[17:51:52] [train] ep=89 step=030/40 ce=0.2605 sc=0.7300 mi=0.0506 dn=0.0000 v13=0.0004 grl=0.0000 v15=0.0000 v15r=0.0000 v16=0.0000 v17=0.0000 v18=0.0000 acc=1.0000 lr=9.89e-06 lambda=0.000 grl_lambda=0.000 v18_lambda=0.000 gpu=3.0/11.8GB
[17:51:58] [train] ep=89 step=040/40 ce=0.2816 sc=0.7464 mi=0.0509 dn=0.0000 v13=0.0004 grl=0.0000 v15=0.0000 v15r=0.0000 v16=0.0000 v17=0.0000 v18=0.0000 acc=0.9984 lr=9.46e-06 lambda=0.000 grl_lambda=0.000 v18_lambda=0.000 gpu=3.0/11.8GB
[17:52:09] [ep_summary] ep=89/100 val_live=0.9691/0.9685 val_ema=0.9691/0.9685 test77_live=0.7914/0.7866 test77_diag_ema=0.7950/0.7919 v13=0.0004 grl=0.0000 v15=0.0000 v15r=0.0000 v16=0.0000 v17=0.0000 v18=0.0000 das=stage3[12,95] p=1.00 ep_time=34.6s
[17:52:09] [train] epoch 90/100 steps=40 use_dann=0 das=stage3 f=[12.0,95.0] p=1.00 gpu=3.0/11.8GB
[17:52:10] [train] ep=90 step=001/40 ce=0.2580 sc=0.6013 mi=0.0542 dn=0.0000 v13=0.0003 grl=0.0000 v15=0.0000 v15r=0.0000 v16=0.0000 v17=0.0000 v18=0.0000 acc=1.0000 lr=9.42e-06 lambda=0.000 grl_lambda=0.000 v18_lambda=0.000 gpu=3.0/11.8GB
[17:52:15] [train] ep=90 step=010/40 ce=0.2642 sc=0.5913 mi=0.0528 dn=0.0000 v13=0.0004 grl=0.0000 v15=0.0000 v15r=0.0000 v16=0.0000 v17=0.0000 v18=0.0000 acc=1.0000 lr=9.04e-06 lambda=0.000 grl_lambda=0.000 v18_lambda=0.000 gpu=3.0/11.8GB
[17:52:21] [train] ep=90 step=020/40 ce=0.2605 sc=0.6786 mi=0.0522 dn=0.0000 v13=0.0003 grl=0.0000 v15=0.0000 v15r=0.0000 v16=0.0000 v17=0.0000 v18=0.0000 acc=1.0000 lr=8.63e-06 lambda=0.000 grl_lambda=0.000 v18_lambda=0.000 gpu=3.0/11.8GB
[17:52:27] [train] ep=90 step=030/40 ce=0.2816 sc=0.6986 mi=0.0523 dn=0.0000 v13=0.0003 grl=0.0000 v15=0.0000 v15r=0.0000 v16=0.0000 v17=0.0000 v18=0.0000 acc=0.9979 lr=8.23e-06 lambda=0.000 grl_lambda=0.000 v18_lambda=0.000 gpu=3.0/11.8GB
[17:52:33] [train] ep=90 step=040/40 ce=0.2767 sc=0.7087 mi=0.0521 dn=0.0000 v13=0.0003 grl=0.0000 v15=0.0000 v15r=0.0000 v16=0.0000 v17=0.0000 v18=0.0000 acc=0.9984 lr=7.84e-06 lambda=0.000 grl_lambda=0.000 v18_lambda=0.000 gpu=3.0/11.8GB
[17:52:44] [pool] check ep=090/100 source_val_acc_ema=0.9691 threshold=0.90
[17:52:49] [pool] ep=090 ADDED src_val=0.9691/0.9685 dev77=0.7286/0.7253 final77=0.7950/0.7919
[17:52:49] [pool] running best ep=070 dev77_f1=0.7408 final77_f1=0.8005 (pool_size=6)
[17:52:49] [ep_summary] ep=90/100 val_live=0.9691/0.9685 val_ema=0.9691/0.9685 test77_live=0.7878/0.7811 test77_diag_ema=0.7950/0.7919 v13=0.0003 grl=0.0000 v15=0.0000 v15r=0.0000 v16=0.0000 v17=0.0000 v18=0.0000 das=stage3[12,95] p=1.00 ep_time=39.5s
[17:52:49] [strict77_monitor] ep=90 best_source_epoch=65 source_val_ema=0.9691/0.9688 test77_ema_diag=0.8094/0.8091 sourcequalified_count=55 best_sourcequalified77_epoch=67 source_val_ema=0.9568/0.9561 test77_ema=0.8094/0.8097
[17:52:49] [train] epoch 91/100 steps=40 use_dann=0 das=stage3 f=[12.0,95.0] p=1.00 gpu=3.0/11.8GB
[17:52:49] [train] ep=91 step=001/40 ce=0.2590 sc=0.8587 mi=0.0500 dn=0.0000 v13=0.0006 grl=0.0000 v15=0.0000 v15r=0.0000 v16=0.0000 v17=0.0000 v18=0.0000 acc=1.0000 lr=7.80e-06 lambda=0.000 grl_lambda=0.000 v18_lambda=0.000 gpu=3.0/11.8GB
[17:52:55] [train] ep=91 step=010/40 ce=0.2573 sc=0.8235 mi=0.0517 dn=0.0000 v13=0.0004 grl=0.0000 v15=0.0000 v15r=0.0000 v16=0.0000 v17=0.0000 v18=0.0000 acc=1.0000 lr=7.45e-06 lambda=0.000 grl_lambda=0.000 v18_lambda=0.000 gpu=3.0/11.8GB
[17:53:01] [train] ep=91 step=020/40 ce=0.3089 sc=0.9018 mi=0.0526 dn=0.0000 v13=0.0004 grl=0.0000 v15=0.0000 v15r=0.0000 v16=0.0000 v17=0.0000 v18=0.0000 acc=0.9969 lr=7.08e-06 lambda=0.000 grl_lambda=0.000 v18_lambda=0.000 gpu=3.0/11.8GB
[17:53:06] [train] ep=91 step=030/40 ce=0.2919 sc=0.8727 mi=0.0516 dn=0.0000 v13=0.0004 grl=0.0000 v15=0.0000 v15r=0.0000 v16=0.0000 v17=0.0000 v18=0.0000 acc=0.9979 lr=6.72e-06 lambda=0.000 grl_lambda=0.000 v18_lambda=0.000 gpu=3.0/11.8GB
[17:53:12] [train] ep=91 step=040/40 ce=0.2833 sc=0.8551 mi=0.0518 dn=0.0000 v13=0.0004 grl=0.0000 v15=0.0000 v15r=0.0000 v16=0.0000 v17=0.0000 v18=0.0000 acc=0.9984 lr=6.36e-06 lambda=0.000 grl_lambda=0.000 v18_lambda=0.000 gpu=3.0/11.8GB
[17:53:23] [ep_summary] ep=91/100 val_live=0.9691/0.9685 val_ema=0.9691/0.9685 test77_live=0.7914/0.7854 test77_diag_ema=0.7950/0.7919 v13=0.0004 grl=0.0000 v15=0.0000 v15r=0.0000 v16=0.0000 v17=0.0000 v18=0.0000 das=stage3[12,95] p=1.00 ep_time=34.3s
[17:53:23] [train] epoch 92/100 steps=40 use_dann=0 das=stage3 f=[12.0,95.0] p=1.00 gpu=3.0/11.8GB
[17:53:24] [train] ep=92 step=001/40 ce=0.2575 sc=1.1587 mi=0.0535 dn=0.0000 v13=0.0004 grl=0.0000 v15=0.0000 v15r=0.0000 v16=0.0000 v17=0.0000 v18=0.0000 acc=1.0000 lr=6.33e-06 lambda=0.000 grl_lambda=0.000 v18_lambda=0.000 gpu=3.0/11.8GB
[17:53:29] [train] ep=92 step=010/40 ce=0.2969 sc=0.9120 mi=0.0520 dn=0.0000 v13=0.0005 grl=0.0000 v15=0.0000 v15r=0.0000 v16=0.0000 v17=0.0000 v18=0.0000 acc=1.0000 lr=6.02e-06 lambda=0.000 grl_lambda=0.000 v18_lambda=0.000 gpu=3.0/11.8GB
[17:53:35] [train] ep=92 step=020/40 ce=0.2774 sc=0.8057 mi=0.0515 dn=0.0000 v13=0.0004 grl=0.0000 v15=0.0000 v15r=0.0000 v16=0.0000 v17=0.0000 v18=0.0000 acc=1.0000 lr=5.68e-06 lambda=0.000 grl_lambda=0.000 v18_lambda=0.000 gpu=3.0/11.8GB
[17:53:41] [train] ep=92 step=030/40 ce=0.2844 sc=0.8145 mi=0.0511 dn=0.0000 v13=0.0004 grl=0.0000 v15=0.0000 v15r=0.0000 v16=0.0000 v17=0.0000 v18=0.0000 acc=0.9979 lr=5.35e-06 lambda=0.000 grl_lambda=0.000 v18_lambda=0.000 gpu=3.0/11.8GB
[17:53:47] [train] ep=92 step=040/40 ce=0.2874 sc=0.8193 mi=0.0513 dn=0.0000 v13=0.0004 grl=0.0000 v15=0.0000 v15r=0.0000 v16=0.0000 v17=0.0000 v18=0.0000 acc=0.9969 lr=5.04e-06 lambda=0.000 grl_lambda=0.000 v18_lambda=0.000 gpu=3.0/11.8GB
[17:53:59] [ep_summary] ep=92/100 val_live=0.9691/0.9685 val_ema=0.9691/0.9685 test77_live=0.7914/0.7854 test77_diag_ema=0.7950/0.7919 v13=0.0004 grl=0.0000 v15=0.0000 v15r=0.0000 v16=0.0000 v17=0.0000 v18=0.0000 das=stage3[12,95] p=1.00 ep_time=35.6s
[17:53:59] [train] epoch 93/100 steps=40 use_dann=0 das=stage3 f=[12.0,95.0] p=1.00 gpu=3.0/11.8GB
[17:53:59] [train] ep=93 step=001/40 ce=0.2565 sc=0.7112 mi=0.0578 dn=0.0000 v13=0.0002 grl=0.0000 v15=0.0000 v15r=0.0000 v16=0.0000 v17=0.0000 v18=0.0000 acc=1.0000 lr=5.01e-06 lambda=0.000 grl_lambda=0.000 v18_lambda=0.000 gpu=3.0/11.8GB
[17:54:05] [train] ep=93 step=010/40 ce=0.2649 sc=0.7114 mi=0.0517 dn=0.0000 v13=0.0004 grl=0.0000 v15=0.0000 v15r=0.0000 v16=0.0000 v17=0.0000 v18=0.0000 acc=1.0000 lr=4.73e-06 lambda=0.000 grl_lambda=0.000 v18_lambda=0.000 gpu=3.0/11.8GB
[17:54:11] [train] ep=93 step=020/40 ce=0.2835 sc=0.7817 mi=0.0514 dn=0.0000 v13=0.0004 grl=0.0000 v15=0.0000 v15r=0.0000 v16=0.0000 v17=0.0000 v18=0.0000 acc=0.9969 lr=4.43e-06 lambda=0.000 grl_lambda=0.000 v18_lambda=0.000 gpu=3.0/11.8GB
[17:54:16] [train] ep=93 step=030/40 ce=0.2763 sc=0.7692 mi=0.0514 dn=0.0000 v13=0.0004 grl=0.0000 v15=0.0000 v15r=0.0000 v16=0.0000 v17=0.0000 v18=0.0000 acc=0.9979 lr=4.14e-06 lambda=0.000 grl_lambda=0.000 v18_lambda=0.000 gpu=3.0/11.8GB
[17:54:22] [train] ep=93 step=040/40 ce=0.3126 sc=0.8093 mi=0.0513 dn=0.0000 v13=0.0004 grl=0.0000 v15=0.0000 v15r=0.0000 v16=0.0000 v17=0.0000 v18=0.0000 acc=0.9953 lr=3.87e-06 lambda=0.000 grl_lambda=0.000 v18_lambda=0.000 gpu=3.0/11.8GB
[17:54:33] [ep_summary] ep=93/100 val_live=0.9691/0.9685 val_ema=0.9691/0.9685 test77_live=0.7914/0.7854 test77_diag_ema=0.7986/0.7954 v13=0.0004 grl=0.0000 v15=0.0000 v15r=0.0000 v16=0.0000 v17=0.0000 v18=0.0000 das=stage3[12,95] p=1.00 ep_time=34.6s
[17:54:33] [train] epoch 94/100 steps=40 use_dann=0 das=stage3 f=[12.0,95.0] p=1.00 gpu=3.0/11.8GB
[17:54:34] [train] ep=94 step=001/40 ce=0.2566 sc=0.8231 mi=0.0547 dn=0.0000 v13=0.0003 grl=0.0000 v15=0.0000 v15r=0.0000 v16=0.0000 v17=0.0000 v18=0.0000 acc=1.0000 lr=3.84e-06 lambda=0.000 grl_lambda=0.000 v18_lambda=0.000 gpu=3.0/11.8GB
[17:54:39] [train] ep=94 step=010/40 ce=0.2573 sc=0.7773 mi=0.0515 dn=0.0000 v13=0.0003 grl=0.0000 v15=0.0000 v15r=0.0000 v16=0.0000 v17=0.0000 v18=0.0000 acc=1.0000 lr=3.60e-06 lambda=0.000 grl_lambda=0.000 v18_lambda=0.000 gpu=3.0/11.8GB
[17:54:45] [train] ep=94 step=020/40 ce=0.2968 sc=0.8095 mi=0.0524 dn=0.0000 v13=0.0003 grl=0.0000 v15=0.0000 v15r=0.0000 v16=0.0000 v17=0.0000 v18=0.0000 acc=0.9969 lr=3.34e-06 lambda=0.000 grl_lambda=0.000 v18_lambda=0.000 gpu=3.0/11.8GB
[17:54:51] [train] ep=94 step=030/40 ce=0.2838 sc=0.7714 mi=0.0523 dn=0.0000 v13=0.0003 grl=0.0000 v15=0.0000 v15r=0.0000 v16=0.0000 v17=0.0000 v18=0.0000 acc=0.9979 lr=3.09e-06 lambda=0.000 grl_lambda=0.000 v18_lambda=0.000 gpu=3.0/11.8GB
[17:54:57] [train] ep=94 step=040/40 ce=0.2772 sc=0.7670 mi=0.0520 dn=0.0000 v13=0.0003 grl=0.0000 v15=0.0000 v15r=0.0000 v16=0.0000 v17=0.0000 v18=0.0000 acc=0.9984 lr=2.85e-06 lambda=0.000 grl_lambda=0.000 v18_lambda=0.000 gpu=3.0/11.8GB
[17:55:11] [ep_summary] ep=94/100 val_live=0.9630/0.9622 val_ema=0.9691/0.9685 test77_live=0.7914/0.7854 test77_diag_ema=0.8022/0.7995 v13=0.0003 grl=0.0000 v15=0.0000 v15r=0.0000 v16=0.0000 v17=0.0000 v18=0.0000 das=stage3[12,95] p=1.00 ep_time=37.2s
[17:55:11] [train] epoch 95/100 steps=40 use_dann=0 das=stage3 f=[12.0,95.0] p=1.00 gpu=3.0/11.8GB
[17:55:11] [train] ep=95 step=001/40 ce=0.4311 sc=0.9644 mi=0.0490 dn=0.0000 v13=0.0004 grl=0.0000 v15=0.0000 v15r=0.0000 v16=0.0000 v17=0.0000 v18=0.0000 acc=1.0000 lr=2.82e-06 lambda=0.000 grl_lambda=0.000 v18_lambda=0.000 gpu=3.0/11.8GB
[17:55:16] [train] ep=95 step=010/40 ce=0.3904 sc=0.8145 mi=0.0525 dn=0.0000 v13=0.0004 grl=0.0000 v15=0.0000 v15r=0.0000 v16=0.0000 v17=0.0000 v18=0.0000 acc=0.9875 lr=2.62e-06 lambda=0.000 grl_lambda=0.000 v18_lambda=0.000 gpu=3.0/11.8GB
[17:55:22] [train] ep=95 step=020/40 ce=0.3237 sc=0.7819 mi=0.0513 dn=0.0000 v13=0.0004 grl=0.0000 v15=0.0000 v15r=0.0000 v16=0.0000 v17=0.0000 v18=0.0000 acc=0.9938 lr=2.40e-06 lambda=0.000 grl_lambda=0.000 v18_lambda=0.000 gpu=3.0/11.8GB
[17:55:28] [train] ep=95 step=030/40 ce=0.3065 sc=0.7700 mi=0.0518 dn=0.0000 v13=0.0004 grl=0.0000 v15=0.0000 v15r=0.0000 v16=0.0000 v17=0.0000 v18=0.0000 acc=0.9958 lr=2.18e-06 lambda=0.000 grl_lambda=0.000 v18_lambda=0.000 gpu=3.0/11.8GB
[17:55:34] [train] ep=95 step=040/40 ce=0.3090 sc=0.7748 mi=0.0520 dn=0.0000 v13=0.0004 grl=0.0000 v15=0.0000 v15r=0.0000 v16=0.0000 v17=0.0000 v18=0.0000 acc=0.9953 lr=1.98e-06 lambda=0.000 grl_lambda=0.000 v18_lambda=0.000 gpu=3.0/11.8GB
[17:55:48] [ep_summary] ep=95/100 val_live=0.9630/0.9622 val_ema=0.9691/0.9685 test77_live=0.7914/0.7854 test77_diag_ema=0.8022/0.7995 v13=0.0004 grl=0.0000 v15=0.0000 v15r=0.0000 v16=0.0000 v17=0.0000 v18=0.0000 das=stage3[12,95] p=1.00 ep_time=37.1s
[17:55:48] [train] epoch 96/100 steps=40 use_dann=0 das=stage3 f=[12.0,95.0] p=1.00 gpu=3.0/11.8GB
[17:55:48] [train] ep=96 step=001/40 ce=0.4533 sc=0.9109 mi=0.0490 dn=0.0000 v13=0.0002 grl=0.0000 v15=0.0000 v15r=0.0000 v16=0.0000 v17=0.0000 v18=0.0000 acc=1.0000 lr=1.96e-06 lambda=0.000 grl_lambda=0.000 v18_lambda=0.000 gpu=3.0/11.8GB
[17:55:54] [train] ep=96 step=010/40 ce=0.3495 sc=0.8746 mi=0.0514 dn=0.0000 v13=0.0004 grl=0.0000 v15=0.0000 v15r=0.0000 v16=0.0000 v17=0.0000 v18=0.0000 acc=0.9938 lr=1.79e-06 lambda=0.000 grl_lambda=0.000 v18_lambda=0.000 gpu=3.0/11.8GB
[17:56:00] [train] ep=96 step=020/40 ce=0.3451 sc=0.8620 mi=0.0509 dn=0.0000 v13=0.0003 grl=0.0000 v15=0.0000 v15r=0.0000 v16=0.0000 v17=0.0000 v18=0.0000 acc=0.9938 lr=1.61e-06 lambda=0.000 grl_lambda=0.000 v18_lambda=0.000 gpu=3.0/11.8GB
[17:56:05] [train] ep=96 step=030/40 ce=0.3192 sc=0.8255 mi=0.0508 dn=0.0000 v13=0.0004 grl=0.0000 v15=0.0000 v15r=0.0000 v16=0.0000 v17=0.0000 v18=0.0000 acc=0.9958 lr=1.44e-06 lambda=0.000 grl_lambda=0.000 v18_lambda=0.000 gpu=3.0/11.8GB
[17:56:11] [train] ep=96 step=040/40 ce=0.3226 sc=0.8153 mi=0.0510 dn=0.0000 v13=0.0004 grl=0.0000 v15=0.0000 v15r=0.0000 v16=0.0000 v17=0.0000 v18=0.0000 acc=0.9953 lr=1.27e-06 lambda=0.000 grl_lambda=0.000 v18_lambda=0.000 gpu=3.0/11.8GB
[17:56:44] [ep_summary] ep=96/100 val_live=0.9630/0.9622 val_ema=0.9691/0.9685 test77_live=0.7950/0.7890 test77_diag_ema=0.8022/0.7995 v13=0.0004 grl=0.0000 v15=0.0000 v15r=0.0000 v16=0.0000 v17=0.0000 v18=0.0000 das=stage3[12,95] p=1.00 ep_time=56.5s
[17:56:44] [train] epoch 97/100 steps=40 use_dann=0 das=stage3 f=[12.0,95.0] p=1.00 gpu=3.0/11.8GB
[17:56:45] [train] ep=97 step=001/40 ce=0.2578 sc=0.9892 mi=0.0508 dn=0.0000 v13=0.0003 grl=0.0000 v15=0.0000 v15r=0.0000 v16=0.0000 v17=0.0000 v18=0.0000 acc=1.0000 lr=1.26e-06 lambda=0.000 grl_lambda=0.000 v18_lambda=0.000 gpu=3.0/11.8GB
[17:56:50] [train] ep=97 step=010/40 ce=0.2592 sc=0.7934 mi=0.0536 dn=0.0000 v13=0.0004 grl=0.0000 v15=0.0000 v15r=0.0000 v16=0.0000 v17=0.0000 v18=0.0000 acc=1.0000 lr=1.12e-06 lambda=0.000 grl_lambda=0.000 v18_lambda=0.000 gpu=3.0/11.8GB
[17:56:56] [train] ep=97 step=020/40 ce=0.2878 sc=0.8118 mi=0.0526 dn=0.0000 v13=0.0004 grl=0.0000 v15=0.0000 v15r=0.0000 v16=0.0000 v17=0.0000 v18=0.0000 acc=0.9969 lr=9.76e-07 lambda=0.000 grl_lambda=0.000 v18_lambda=0.000 gpu=3.0/11.8GB
[17:57:02] [train] ep=97 step=030/40 ce=0.2777 sc=0.7594 mi=0.0521 dn=0.0000 v13=0.0004 grl=0.0000 v15=0.0000 v15r=0.0000 v16=0.0000 v17=0.0000 v18=0.0000 acc=0.9979 lr=8.43e-07 lambda=0.000 grl_lambda=0.000 v18_lambda=0.000 gpu=3.0/11.8GB
[17:57:08] [train] ep=97 step=040/40 ce=0.2741 sc=0.7537 mi=0.0517 dn=0.0000 v13=0.0004 grl=0.0000 v15=0.0000 v15r=0.0000 v16=0.0000 v17=0.0000 v18=0.0000 acc=0.9984 lr=7.19e-07 lambda=0.000 grl_lambda=0.000 v18_lambda=0.000 gpu=3.0/11.8GB
[17:57:38] [ep_summary] ep=97/100 val_live=0.9568/0.9558 val_ema=0.9691/0.9685 test77_live=0.7950/0.7890 test77_diag_ema=0.8022/0.7991 v13=0.0004 grl=0.0000 v15=0.0000 v15r=0.0000 v16=0.0000 v17=0.0000 v18=0.0000 das=stage3[12,95] p=1.00 ep_time=53.6s
[17:57:38] [train] epoch 98/100 steps=40 use_dann=0 das=stage3 f=[12.0,95.0] p=1.00 gpu=3.0/11.8GB
[17:57:38] [train] ep=98 step=001/40 ce=0.2575 sc=0.8200 mi=0.0506 dn=0.0000 v13=0.0002 grl=0.0000 v15=0.0000 v15r=0.0000 v16=0.0000 v17=0.0000 v18=0.0000 acc=1.0000 lr=7.07e-07 lambda=0.000 grl_lambda=0.000 v18_lambda=0.000 gpu=3.0/11.8GB
[17:57:44] [train] ep=98 step=010/40 ce=0.3434 sc=0.8173 mi=0.0523 dn=0.0000 v13=0.0004 grl=0.0000 v15=0.0000 v15r=0.0000 v16=0.0000 v17=0.0000 v18=0.0000 acc=0.9938 lr=6.05e-07 lambda=0.000 grl_lambda=0.000 v18_lambda=0.000 gpu=3.0/11.8GB
[17:57:49] [train] ep=98 step=020/40 ce=0.3008 sc=0.7812 mi=0.0518 dn=0.0000 v13=0.0004 grl=0.0000 v15=0.0000 v15r=0.0000 v16=0.0000 v17=0.0000 v18=0.0000 acc=0.9969 lr=5.01e-07 lambda=0.000 grl_lambda=0.000 v18_lambda=0.000 gpu=3.0/11.8GB
[17:57:55] [train] ep=98 step=030/40 ce=0.2939 sc=0.7729 mi=0.0519 dn=0.0000 v13=0.0004 grl=0.0000 v15=0.0000 v15r=0.0000 v16=0.0000 v17=0.0000 v18=0.0000 acc=0.9979 lr=4.07e-07 lambda=0.000 grl_lambda=0.000 v18_lambda=0.000 gpu=3.0/11.8GB
[17:58:01] [train] ep=98 step=040/40 ce=0.2855 sc=0.7554 mi=0.0513 dn=0.0000 v13=0.0004 grl=0.0000 v15=0.0000 v15r=0.0000 v16=0.0000 v17=0.0000 v18=0.0000 acc=0.9984 lr=3.22e-07 lambda=0.000 grl_lambda=0.000 v18_lambda=0.000 gpu=3.0/11.8GB
[17:58:29] [ep_summary] ep=98/100 val_live=0.9568/0.9558 val_ema=0.9691/0.9685 test77_live=0.7950/0.7890 test77_diag_ema=0.8022/0.7991 v13=0.0004 grl=0.0000 v15=0.0000 v15r=0.0000 v16=0.0000 v17=0.0000 v18=0.0000 das=stage3[12,95] p=1.00 ep_time=51.2s
[17:58:29] [train] epoch 99/100 steps=40 use_dann=0 das=stage3 f=[12.0,95.0] p=1.00 gpu=3.0/11.8GB
[17:58:30] [train] ep=99 step=001/40 ce=0.4483 sc=0.6942 mi=0.0545 dn=0.0000 v13=0.0002 grl=0.0000 v15=0.0000 v15r=0.0000 v16=0.0000 v17=0.0000 v18=0.0000 acc=1.0000 lr=3.15e-07 lambda=0.000 grl_lambda=0.000 v18_lambda=0.000 gpu=3.0/11.8GB
[17:58:35] [train] ep=99 step=010/40 ce=0.3346 sc=0.7122 mi=0.0523 dn=0.0000 v13=0.0004 grl=0.0000 v15=0.0000 v15r=0.0000 v16=0.0000 v17=0.0000 v18=0.0000 acc=0.9938 lr=2.48e-07 lambda=0.000 grl_lambda=0.000 v18_lambda=0.000 gpu=3.0/11.8GB
[17:58:41] [train] ep=99 step=020/40 ce=0.2960 sc=0.7315 mi=0.0517 dn=0.0000 v13=0.0004 grl=0.0000 v15=0.0000 v15r=0.0000 v16=0.0000 v17=0.0000 v18=0.0000 acc=0.9969 lr=1.83e-07 lambda=0.000 grl_lambda=0.000 v18_lambda=0.000 gpu=3.0/11.8GB
[17:58:47] [train] ep=99 step=030/40 ce=0.2873 sc=0.7671 mi=0.0506 dn=0.0000 v13=0.0004 grl=0.0000 v15=0.0000 v15r=0.0000 v16=0.0000 v17=0.0000 v18=0.0000 acc=0.9979 lr=1.28e-07 lambda=0.000 grl_lambda=0.000 v18_lambda=0.000 gpu=3.0/11.8GB
[17:58:53] [train] ep=99 step=040/40 ce=0.2830 sc=0.7308 mi=0.0511 dn=0.0000 v13=0.0003 grl=0.0000 v15=0.0000 v15r=0.0000 v16=0.0000 v17=0.0000 v18=0.0000 acc=0.9984 lr=8.26e-08 lambda=0.000 grl_lambda=0.000 v18_lambda=0.000 gpu=3.0/11.8GB
[17:59:04] [ep_summary] ep=99/100 val_live=0.9568/0.9558 val_ema=0.9691/0.9685 test77_live=0.7950/0.7890 test77_diag_ema=0.8022/0.7986 v13=0.0003 grl=0.0000 v15=0.0000 v15r=0.0000 v16=0.0000 v17=0.0000 v18=0.0000 das=stage3[12,95] p=1.00 ep_time=35.3s
[17:59:04] [train] epoch 100/100 steps=40 use_dann=0 das=stage3 f=[12.0,95.0] p=1.00 gpu=3.0/11.8GB
[17:59:05] [train] ep=100 step=001/40 ce=0.4382 sc=0.7072 mi=0.0529 dn=0.0000 v13=0.0006 grl=0.0000 v15=0.0000 v15r=0.0000 v16=0.0000 v17=0.0000 v18=0.0000 acc=1.0000 lr=7.87e-08 lambda=0.000 grl_lambda=0.000 v18_lambda=0.000 gpu=3.0/11.8GB
[17:59:10] [train] ep=100 step=010/40 ce=0.2751 sc=0.6994 mi=0.0497 dn=0.0000 v13=0.0004 grl=0.0000 v15=0.0000 v15r=0.0000 v16=0.0000 v17=0.0000 v18=0.0000 acc=1.0000 lr=4.72e-08 lambda=0.000 grl_lambda=0.000 v18_lambda=0.000 gpu=3.0/11.8GB
[17:59:16] [train] ep=100 step=020/40 ce=0.2667 sc=0.7380 mi=0.0516 dn=0.0000 v13=0.0004 grl=0.0000 v15=0.0000 v15r=0.0000 v16=0.0000 v17=0.0000 v18=0.0000 acc=1.0000 lr=2.17e-08 lambda=0.000 grl_lambda=0.000 v18_lambda=0.000 gpu=3.0/11.8GB
[17:59:22] [train] ep=100 step=030/40 ce=0.2635 sc=0.7496 mi=0.0520 dn=0.0000 v13=0.0004 grl=0.0000 v15=0.0000 v15r=0.0000 v16=0.0000 v17=0.0000 v18=0.0000 acc=1.0000 lr=5.95e-09 lambda=0.000 grl_lambda=0.000 v18_lambda=0.000 gpu=3.0/11.8GB
[17:59:28] [train] ep=100 step=040/40 ce=0.2690 sc=0.7733 mi=0.0520 dn=0.0000 v13=0.0004 grl=0.0000 v15=0.0000 v15r=0.0000 v16=0.0000 v17=0.0000 v18=0.0000 acc=1.0000 lr=4.92e-11 lambda=0.000 grl_lambda=0.000 v18_lambda=0.000 gpu=3.0/11.8GB
[17:59:38] [pool] check ep=100/100 source_val_acc_ema=0.9691 threshold=0.90
[17:59:43] [pool] ep=100 ADDED src_val=0.9691/0.9685 dev77=0.7214/0.7124 final77=0.8022/0.7986
[17:59:43] [pool] running best ep=070 dev77_f1=0.7408 final77_f1=0.8005 (pool_size=7)
[17:59:44] [ep_summary] ep=100/100 val_live=0.9568/0.9558 val_ema=0.9691/0.9685 test77_live=0.7950/0.7890 test77_diag_ema=0.8022/0.7986 v13=0.0004 grl=0.0000 v15=0.0000 v15r=0.0000 v16=0.0000 v17=0.0000 v18=0.0000 das=stage3[12,95] p=1.00 ep_time=39.4s
[17:59:44] [strict77_monitor] ep=100 best_source_epoch=65 source_val_ema=0.9691/0.9688 test77_ema_diag=0.8094/0.8091 sourcequalified_count=65 best_sourcequalified77_epoch=67 source_val_ema=0.9568/0.9561 test77_ema=0.8094/0.8097
[17:59:44] [pool] FINAL pool_size=7 best ep=070 dev77_f1=0.7408 final77_f1=0.8005 -> /scratch/st-zliu-1/heqingz/CrossCarrier_Fresh_20260922/CrossCarrier_Repro/EXPERIMENTSRESULT/REVISION_5090/SUPP_ABLATION/ACR_Lfreq_only/seed42/checkpoints/best_pool_ema.pt
[17:59:44] [train] done best_sourceval_acc_ema=0.9691
[18:00:14] [eval] loaded vit_large_patch16_dinov3_lvd1689m_best_sourceval_ema.pt (sourceval)
[18:00:15] [eval] strict source-val selected by ema acc; heldout77_unused=140 final_test77=278 imgs, seed=42 dev_per_class=20
[18:00:27] [eval] 77GHz final-test acc=0.8094 f1=0.8091
[18:00:27] [eval] 77GHz final-test per-class={'Away': 0.975, 'Bend': 0.7435897435897436, 'Kneel': 0.7857142857142857, 'Pick': 0.85, 'SStep': 1.0, 'Sit': 0.5675675675675675, 'Towards': 0.725}
[18:00:34] [eval] val_all acc=0.9691 f1=0.9688
[18:00:39] [freq_scan:val10] f_virt=15GHz acc=0.9615 f1=0.9593
[18:00:40] [freq_scan:val10] f_virt=30GHz acc=0.9872 f1=0.9881
[18:00:41] [freq_scan:val10] f_virt=50GHz acc=0.9872 f1=0.9881
[18:00:42] [freq_scan:val10] f_virt=77GHz acc=0.9615 f1=0.9642
[18:00:43] [freq_scan:val10] f_virt=99GHz acc=0.9487 f1=0.9515
[18:00:45] [freq_scan:val10] f_virt=120GHz acc=0.9103 f1=0.9082
[18:00:46] [freq_scan:val10] f_virt=140GHz acc=0.8974 f1=0.8971
[18:00:47] [freq_scan:val24] f_virt=15GHz acc=0.9881 f1=0.9876
[18:00:49] [freq_scan:val24] f_virt=30GHz acc=0.9881 f1=0.9875
[18:00:50] [freq_scan:val24] f_virt=50GHz acc=0.9881 f1=0.9875
[18:00:51] [freq_scan:val24] f_virt=77GHz acc=0.9881 f1=0.9875
[18:00:52] [freq_scan:val24] f_virt=99GHz acc=0.9881 f1=0.9875
[18:00:54] [freq_scan:val24] f_virt=120GHz acc=0.9881 f1=0.9875
[18:00:55] [freq_scan:val24] f_virt=140GHz acc=0.9524 f1=0.9534
[18:00:55] [eval] saved eval_sourceval.json
[18:01:07] [eval] loaded vit_large_patch16_dinov3_lvd1689m_best_sourcequalified77_ema.pt (sourcequalified)
[18:01:07] [eval] source-qualified diagnostic selected (source-val ema acc >= 0.90, then best 77GHz ema macro-F1); heldout77_unused=140 final_test77=278 imgs, seed=42 dev_per_class=20
[18:01:12] [eval] 77GHz final-test acc=0.8094 f1=0.8097
[18:01:12] [eval] 77GHz final-test per-class={'Away': 0.975, 'Bend': 0.7435897435897436, 'Kneel': 0.7857142857142857, 'Pick': 0.85, 'SStep': 1.0, 'Sit': 0.5945945945945946, 'Towards': 0.7}
[18:01:14] [eval] val_all acc=0.9568 f1=0.9561
[18:01:15] [freq_scan:val10] f_virt=15GHz acc=0.9615 f1=0.9593
[18:01:16] [freq_scan:val10] f_virt=30GHz acc=0.9872 f1=0.9881
[18:01:17] [freq_scan:val10] f_virt=50GHz acc=0.9872 f1=0.9881
[18:01:18] [freq_scan:val10] f_virt=77GHz acc=0.9615 f1=0.9642
[18:01:19] [freq_scan:val10] f_virt=99GHz acc=0.9615 f1=0.9642
[18:01:20] [freq_scan:val10] f_virt=120GHz acc=0.9231 f1=0.9221
[18:01:22] [freq_scan:val10] f_virt=140GHz acc=0.9231 f1=0.9221
[18:01:23] [freq_scan:val24] f_virt=15GHz acc=0.9881 f1=0.9876
[18:01:24] [freq_scan:val24] f_virt=30GHz acc=0.9881 f1=0.9875
[18:01:25] [freq_scan:val24] f_virt=50GHz acc=0.9881 f1=0.9875
[18:01:27] [freq_scan:val24] f_virt=77GHz acc=0.9881 f1=0.9875
[18:01:28] [freq_scan:val24] f_virt=99GHz acc=0.9881 f1=0.9875
[18:01:29] [freq_scan:val24] f_virt=120GHz acc=0.9881 f1=0.9875
[18:01:30] [freq_scan:val24] f_virt=140GHz acc=0.9524 f1=0.9534
[18:01:30] [eval] saved eval_sourcequalified.json
