[16:49:55] run_dir=/scratch/st-zliu-1/heqingz/CrossCarrier_Fresh_20260922/CrossCarrier_Repro/EXPERIMENTSRESULT/REVISION_5090/SUPP_ABLATION/ACR_Lfreq_only/seed1234
[16:49:55] device=cuda
[16:49:55] backbone=vit_large_patch16_dinov3.lvd1689m
[16:49:55] env: manifest_dir=/scratch/st-zliu-1/heqingz/CrossCarrier_Fresh_20260922/CrossCarrier_Repro/tasks/known_people_unknown_freq/manifest dataset_root=/scratch/st-zliu-1/heqingz/CrossCarrier_Fresh_20260922/CrossCarrier_Repro use_dann=False selection=source_val_acc_ema adapter_mode=lora
[16:49:55] set_seed(1234)
[16:49:58] [fast_gpu] source cache 644 imgs (0.39GB) on cuda
[16:49:58] train_source=644 train_src_rows=10:302 24:342 source_steps/epoch=40 val_all=162 heldout77_unused=140 test77_final=278
[16:49:58] [test77_split] seed=42 dev_per_class=20
[16:50:32] trainable params=2378753 (encoder_lora+neck+head + miro_proj+v15_falsification+v13_residual_split)
[16:50:32] logit_prior=[-1.9678890705108643, -1.913821816444397, -1.8427258729934692, -1.9678890705108643, -2.0133514404296875, -1.8929877281188965, -2.036881923675537]
[16:50:32] use_dann=False
[16:50:32] use_das=True
[16:50:32] das_mode=curriculum initial_stage={'name': 'stage1', 'p': 0.35, 'f_low': 10.0, 'f_high': 24.0}
[16:50:32] aug_flags: USE_HFT=True USE_SPEC_AUGMENT=True
[16:50:32] adapter_mode=lora
[16:50:32] schedule: epochs=100 steps/epoch=40 imgs/step=16 total_steps=4000 total_imgs=64000 warmup_steps=120
[16:50:32] source_qualified_policy: val_acc_ema>=0.90 candidates are recorded; best candidate by 77GHz F1 is saved as diagnostic
[16:50:32] [pool] init threshold=0.90 period=10 selection=dev77_f1
[16:50:32] [train] epoch 1/100 steps=40 use_dann=0 das=stage1 f=[10.0,24.0] p=0.35 gpu=3.0/3.0GB
[16:50:56] [train] ep=01 step=001/40 ce=8.0619 sc=2.8275 mi=1.0555 dn=0.0000 v13=0.0027 grl=0.0000 v15=0.0000 v15r=0.0000 v16=0.0000 v17=0.0000 v18=0.0000 acc=0.0625 lr=2.50e-06 lambda=0.000 grl_lambda=0.000 v18_lambda=0.000 gpu=3.0/11.8GB
[16:51:04] [train] ep=01 step=010/40 ce=7.9950 sc=2.7060 mi=1.0392 dn=0.0000 v13=0.0032 grl=0.0000 v15=0.0000 v15r=0.0000 v16=0.0000 v17=0.0000 v18=0.0000 acc=0.1000 lr=2.50e-05 lambda=0.000 grl_lambda=0.000 v18_lambda=0.000 gpu=3.0/11.8GB
[16:51:09] [train] ep=01 step=020/40 ce=7.9105 sc=2.7469 mi=0.9963 dn=0.0000 v13=0.0032 grl=0.0000 v15=0.0000 v15r=0.0000 v16=0.0000 v17=0.0000 v18=0.0000 acc=0.1437 lr=5.00e-05 lambda=0.000 grl_lambda=0.000 v18_lambda=0.000 gpu=3.0/11.8GB
[16:51:15] [train] ep=01 step=030/40 ce=7.8813 sc=2.7570 mi=0.9244 dn=0.0000 v13=0.0030 grl=0.0000 v15=0.0000 v15r=0.0000 v16=0.0000 v17=0.0000 v18=0.0000 acc=0.1667 lr=7.50e-05 lambda=0.000 grl_lambda=0.000 v18_lambda=0.000 gpu=3.0/11.8GB
[16:51:21] [train] ep=01 step=040/40 ce=7.8202 sc=2.7618 mi=0.8357 dn=0.0000 v13=0.0028 grl=0.0000 v15=0.0000 v15r=0.0000 v16=0.0000 v17=0.0000 v18=0.0000 acc=0.1625 lr=1.00e-04 lambda=0.000 grl_lambda=0.000 v18_lambda=0.000 gpu=3.0/11.8GB
[16:52:16] [ep_summary] ep=01/100 val_live=0.1975/0.1100 val_ema=0.0000/0.0000 test77_live=0.1403/0.0352 test77_diag_ema=0.0000/0.0000 v13=0.0028 grl=0.0000 v15=0.0000 v15r=0.0000 v16=0.0000 v17=0.0000 v18=0.0000 das=stage1[10,24] p=0.35 ep_time=103.6s
[16:52:16] [train] epoch 2/100 steps=40 use_dann=0 das=stage1 f=[10.0,24.0] p=0.35 gpu=3.0/11.8GB
[16:52:16] [train] ep=02 step=001/40 ce=7.7106 sc=2.6706 mi=0.4716 dn=0.0000 v13=0.0024 grl=0.0000 v15=0.0000 v15r=0.0000 v16=0.0000 v17=0.0000 v18=0.0000 acc=0.2500 lr=1.02e-04 lambda=0.000 grl_lambda=0.000 v18_lambda=0.000 gpu=3.0/11.8GB
[16:52:22] [train] ep=02 step=010/40 ce=7.4645 sc=2.7391 mi=0.3876 dn=0.0000 v13=0.0015 grl=0.0000 v15=0.0000 v15r=0.0000 v16=0.0000 v17=0.0000 v18=0.0000 acc=0.2437 lr=1.25e-04 lambda=0.000 grl_lambda=0.000 v18_lambda=0.000 gpu=3.0/11.8GB
[16:52:27] [train] ep=02 step=020/40 ce=7.3999 sc=2.7362 mi=0.3285 dn=0.0000 v13=0.0015 grl=0.0000 v15=0.0000 v15r=0.0000 v16=0.0000 v17=0.0000 v18=0.0000 acc=0.2719 lr=1.50e-04 lambda=0.000 grl_lambda=0.000 v18_lambda=0.000 gpu=3.0/11.8GB
[16:52:33] [train] ep=02 step=030/40 ce=7.2210 sc=2.7173 mi=0.2898 dn=0.0000 v13=0.0016 grl=0.0000 v15=0.0000 v15r=0.0000 v16=0.0000 v17=0.0000 v18=0.0000 acc=0.3271 lr=1.75e-04 lambda=0.000 grl_lambda=0.000 v18_lambda=0.000 gpu=3.0/11.8GB
[16:52:39] [train] ep=02 step=040/40 ce=6.9794 sc=2.6751 mi=0.2641 dn=0.0000 v13=0.0016 grl=0.0000 v15=0.0000 v15r=0.0000 v16=0.0000 v17=0.0000 v18=0.0000 acc=0.3688 lr=2.00e-04 lambda=0.000 grl_lambda=0.000 v18_lambda=0.000 gpu=3.0/11.8GB
[16:53:04] [ep_summary] ep=02/100 val_live=0.4691/0.4220 val_ema=0.0000/0.0000 test77_live=0.1583/0.0669 test77_diag_ema=0.0000/0.0000 v13=0.0016 grl=0.0000 v15=0.0000 v15r=0.0000 v16=0.0000 v17=0.0000 v18=0.0000 das=stage1[10,24] p=0.35 ep_time=48.3s
[16:53:04] [train] epoch 3/100 steps=40 use_dann=0 das=stage1 f=[10.0,24.0] p=0.35 gpu=3.0/11.8GB
[16:53:05] [train] ep=03 step=001/40 ce=5.7702 sc=2.5150 mi=0.1857 dn=0.0000 v13=0.0011 grl=0.0000 v15=0.0000 v15r=0.0000 v16=0.0000 v17=0.0000 v18=0.0000 acc=0.5625 lr=2.02e-04 lambda=0.000 grl_lambda=0.000 v18_lambda=0.000 gpu=3.0/11.8GB
[16:53:10] [train] ep=03 step=010/40 ce=5.6212 sc=2.2934 mi=0.1934 dn=0.0000 v13=0.0013 grl=0.0000 v15=0.0000 v15r=0.0000 v16=0.0000 v17=0.0000 v18=0.0000 acc=0.5250 lr=2.25e-04 lambda=0.000 grl_lambda=0.000 v18_lambda=0.000 gpu=3.0/11.8GB
[16:53:16] [train] ep=03 step=020/40 ce=5.3651 sc=2.1907 mi=0.1942 dn=0.0000 v13=0.0013 grl=0.0000 v15=0.0000 v15r=0.0000 v16=0.0000 v17=0.0000 v18=0.0000 acc=0.5594 lr=2.50e-04 lambda=0.000 grl_lambda=0.000 v18_lambda=0.000 gpu=3.0/11.8GB
[16:53:21] [train] ep=03 step=030/40 ce=4.7014 sc=2.0160 mi=0.1990 dn=0.0000 v13=0.0014 grl=0.0000 v15=0.0000 v15r=0.0000 v16=0.0000 v17=0.0000 v18=0.0000 acc=0.6333 lr=2.75e-04 lambda=0.000 grl_lambda=0.000 v18_lambda=0.000 gpu=3.0/11.8GB
[16:53:27] [train] ep=03 step=040/40 ce=4.3574 sc=1.9009 mi=0.1933 dn=0.0000 v13=0.0013 grl=0.0000 v15=0.0000 v15r=0.0000 v16=0.0000 v17=0.0000 v18=0.0000 acc=0.6656 lr=3.00e-04 lambda=0.000 grl_lambda=0.000 v18_lambda=0.000 gpu=3.0/11.8GB
[16:53:52] [ep_summary] ep=03/100 val_live=0.7099/0.6345 val_ema=0.0000/0.0000 test77_live=0.3309/0.2548 test77_diag_ema=0.0000/0.0000 v13=0.0013 grl=0.0000 v15=0.0000 v15r=0.0000 v16=0.0000 v17=0.0000 v18=0.0000 das=stage1[10,24] p=0.35 ep_time=47.4s
[16:53:52] [train] epoch 4/100 steps=40 use_dann=0 das=stage1 f=[10.0,24.0] p=0.35 gpu=3.0/11.8GB
[16:53:52] [train] ep=04 step=001/40 ce=4.2434 sc=1.6857 mi=0.1499 dn=0.0000 v13=0.0010 grl=0.0000 v15=0.0000 v15r=0.0000 v16=0.0000 v17=0.0000 v18=0.0000 acc=0.6250 lr=3.00e-04 lambda=0.000 grl_lambda=0.000 v18_lambda=0.000 gpu=3.0/11.8GB
[16:53:57] [train] ep=04 step=010/40 ce=3.9005 sc=1.8169 mi=0.1436 dn=0.0000 v13=0.0007 grl=0.0000 v15=0.0000 v15r=0.0000 v16=0.0000 v17=0.0000 v18=0.0000 acc=0.7375 lr=3.00e-04 lambda=0.000 grl_lambda=0.000 v18_lambda=0.000 gpu=3.0/11.8GB
[16:54:03] [train] ep=04 step=020/40 ce=3.5513 sc=1.6939 mi=0.1451 dn=0.0000 v13=0.0007 grl=0.0000 v15=0.0000 v15r=0.0000 v16=0.0000 v17=0.0000 v18=0.0000 acc=0.7688 lr=3.00e-04 lambda=0.000 grl_lambda=0.000 v18_lambda=0.000 gpu=3.0/11.8GB
[16:54:09] [train] ep=04 step=030/40 ce=3.6103 sc=1.7793 mi=0.1422 dn=0.0000 v13=0.0008 grl=0.0000 v15=0.0000 v15r=0.0000 v16=0.0000 v17=0.0000 v18=0.0000 acc=0.7625 lr=3.00e-04 lambda=0.000 grl_lambda=0.000 v18_lambda=0.000 gpu=3.0/11.8GB
[16:54:15] [train] ep=04 step=040/40 ce=3.4081 sc=1.7039 mi=0.1351 dn=0.0000 v13=0.0008 grl=0.0000 v15=0.0000 v15r=0.0000 v16=0.0000 v17=0.0000 v18=0.0000 acc=0.7891 lr=3.00e-04 lambda=0.000 grl_lambda=0.000 v18_lambda=0.000 gpu=3.0/11.8GB
[16:54:20] [ep_summary] ep=04/100 val_live=0.8210/0.7796 val_ema=0.0000/0.0000 test77_live=0.4281/0.3516 test77_diag_ema=0.0000/0.0000 v13=0.0008 grl=0.0000 v15=0.0000 v15r=0.0000 v16=0.0000 v17=0.0000 v18=0.0000 das=stage1[10,24] p=0.35 ep_time=28.7s
[16:54:20] [train] epoch 5/100 steps=40 use_dann=0 das=stage1 f=[10.0,24.0] p=0.35 gpu=3.0/11.8GB
[16:54:21] [train] ep=05 step=001/40 ce=1.7303 sc=1.4730 mi=0.1223 dn=0.0000 v13=0.0008 grl=0.0000 v15=0.0000 v15r=0.0000 v16=0.0000 v17=0.0000 v18=0.0000 acc=0.9375 lr=3.00e-04 lambda=0.000 grl_lambda=0.000 v18_lambda=0.000 gpu=3.0/11.8GB
[16:54:26] [train] ep=05 step=010/40 ce=2.8502 sc=1.3996 mi=0.1116 dn=0.0000 v13=0.0007 grl=0.0000 v15=0.0000 v15r=0.0000 v16=0.0000 v17=0.0000 v18=0.0000 acc=0.8125 lr=3.00e-04 lambda=0.000 grl_lambda=0.000 v18_lambda=0.000 gpu=3.0/11.8GB
[16:54:32] [train] ep=05 step=020/40 ce=2.7675 sc=1.4230 mi=0.1118 dn=0.0000 v13=0.0007 grl=0.0000 v15=0.0000 v15r=0.0000 v16=0.0000 v17=0.0000 v18=0.0000 acc=0.8187 lr=3.00e-04 lambda=0.000 grl_lambda=0.000 v18_lambda=0.000 gpu=3.0/11.8GB
[16:54:38] [train] ep=05 step=030/40 ce=2.8276 sc=1.4520 mi=0.1076 dn=0.0000 v13=0.0007 grl=0.0000 v15=0.0000 v15r=0.0000 v16=0.0000 v17=0.0000 v18=0.0000 acc=0.8229 lr=3.00e-04 lambda=0.000 grl_lambda=0.000 v18_lambda=0.000 gpu=3.0/11.8GB
[16:54:44] [train] ep=05 step=040/40 ce=2.7665 sc=1.4692 mi=0.1055 dn=0.0000 v13=0.0007 grl=0.0000 v15=0.0000 v15r=0.0000 v16=0.0000 v17=0.0000 v18=0.0000 acc=0.8234 lr=3.00e-04 lambda=0.000 grl_lambda=0.000 v18_lambda=0.000 gpu=3.0/11.8GB
[16:54:55] [ep_summary] ep=05/100 val_live=0.8704/0.8746 val_ema=0.1914/0.0845 test77_live=0.4388/0.3900 test77_diag_ema=0.1403/0.0352 v13=0.0007 grl=0.0000 v15=0.0000 v15r=0.0000 v16=0.0000 v17=0.0000 v18=0.0000 das=stage1[10,24] p=0.35 ep_time=34.3s
[16:54:55] [save] best_sourceval_ema val_acc_ema=0.1914 source_val_live=0.8704/0.8746 source_val_ema=0.1914/0.0845 ep=5
[16:54:55] [train] epoch 6/100 steps=40 use_dann=0 das=stage1 f=[10.0,24.0] p=0.35 gpu=3.0/11.8GB
[16:54:55] [train] ep=06 step=001/40 ce=3.4807 sc=2.0642 mi=0.0943 dn=0.0000 v13=0.0009 grl=0.0000 v15=0.0000 v15r=0.0000 v16=0.0000 v17=0.0000 v18=0.0000 acc=0.7500 lr=3.00e-04 lambda=0.000 grl_lambda=0.000 v18_lambda=0.000 gpu=3.0/11.8GB
[16:55:00] [train] ep=06 step=010/40 ce=2.1765 sc=1.4610 mi=0.0926 dn=0.0000 v13=0.0006 grl=0.0000 v15=0.0000 v15r=0.0000 v16=0.0000 v17=0.0000 v18=0.0000 acc=0.8562 lr=3.00e-04 lambda=0.000 grl_lambda=0.000 v18_lambda=0.000 gpu=3.0/11.8GB
[16:55:06] [train] ep=06 step=020/40 ce=2.2720 sc=1.3906 mi=0.0902 dn=0.0000 v13=0.0006 grl=0.0000 v15=0.0000 v15r=0.0000 v16=0.0000 v17=0.0000 v18=0.0000 acc=0.8531 lr=3.00e-04 lambda=0.000 grl_lambda=0.000 v18_lambda=0.000 gpu=3.0/11.8GB
[16:55:12] [train] ep=06 step=030/40 ce=2.3864 sc=1.3893 mi=0.0876 dn=0.0000 v13=0.0006 grl=0.0000 v15=0.0000 v15r=0.0000 v16=0.0000 v17=0.0000 v18=0.0000 acc=0.8438 lr=2.99e-04 lambda=0.000 grl_lambda=0.000 v18_lambda=0.000 gpu=3.0/11.8GB
[16:55:18] [train] ep=06 step=040/40 ce=2.3806 sc=1.4217 mi=0.0853 dn=0.0000 v13=0.0006 grl=0.0000 v15=0.0000 v15r=0.0000 v16=0.0000 v17=0.0000 v18=0.0000 acc=0.8469 lr=2.99e-04 lambda=0.000 grl_lambda=0.000 v18_lambda=0.000 gpu=3.0/11.8GB
[16:55:29] [ep_summary] ep=06/100 val_live=0.9012/0.9000 val_ema=0.2037/0.0977 test77_live=0.3561/0.2828 test77_diag_ema=0.1403/0.0352 v13=0.0006 grl=0.0000 v15=0.0000 v15r=0.0000 v16=0.0000 v17=0.0000 v18=0.0000 das=stage1[10,24] p=0.35 ep_time=34.5s
[16:55:29] [save] best_sourceval_ema val_acc_ema=0.2037 source_val_live=0.9012/0.9000 source_val_ema=0.2037/0.0977 ep=6
[16:55:29] [train] epoch 7/100 steps=40 use_dann=0 das=stage1 f=[10.0,24.0] p=0.35 gpu=3.0/11.8GB
[16:55:30] [train] ep=07 step=001/40 ce=2.0238 sc=1.2503 mi=0.0842 dn=0.0000 v13=0.0008 grl=0.0000 v15=0.0000 v15r=0.0000 v16=0.0000 v17=0.0000 v18=0.0000 acc=0.8125 lr=2.99e-04 lambda=0.000 grl_lambda=0.000 v18_lambda=0.000 gpu=3.0/11.8GB
[16:55:35] [train] ep=07 step=010/40 ce=2.1894 sc=1.3579 mi=0.0790 dn=0.0000 v13=0.0006 grl=0.0000 v15=0.0000 v15r=0.0000 v16=0.0000 v17=0.0000 v18=0.0000 acc=0.8625 lr=2.99e-04 lambda=0.000 grl_lambda=0.000 v18_lambda=0.000 gpu=3.0/11.8GB
[16:55:41] [train] ep=07 step=020/40 ce=2.0409 sc=1.3730 mi=0.0777 dn=0.0000 v13=0.0006 grl=0.0000 v15=0.0000 v15r=0.0000 v16=0.0000 v17=0.0000 v18=0.0000 acc=0.8781 lr=2.99e-04 lambda=0.000 grl_lambda=0.000 v18_lambda=0.000 gpu=3.0/11.8GB
[16:55:47] [train] ep=07 step=030/40 ce=1.9823 sc=1.3407 mi=0.0781 dn=0.0000 v13=0.0006 grl=0.0000 v15=0.0000 v15r=0.0000 v16=0.0000 v17=0.0000 v18=0.0000 acc=0.8833 lr=2.99e-04 lambda=0.000 grl_lambda=0.000 v18_lambda=0.000 gpu=3.0/11.8GB
[16:55:53] [train] ep=07 step=040/40 ce=1.8025 sc=1.2852 mi=0.0779 dn=0.0000 v13=0.0006 grl=0.0000 v15=0.0000 v15r=0.0000 v16=0.0000 v17=0.0000 v18=0.0000 acc=0.9016 lr=2.99e-04 lambda=0.000 grl_lambda=0.000 v18_lambda=0.000 gpu=3.0/11.8GB
[16:56:03] [ep_summary] ep=07/100 val_live=0.9259/0.9279 val_ema=0.2037/0.1033 test77_live=0.3849/0.3300 test77_diag_ema=0.1403/0.0352 v13=0.0006 grl=0.0000 v15=0.0000 v15r=0.0000 v16=0.0000 v17=0.0000 v18=0.0000 das=stage1[10,24] p=0.35 ep_time=34.3s
[16:56:04] [train] epoch 8/100 steps=40 use_dann=0 das=stage1 f=[10.0,24.0] p=0.35 gpu=3.0/11.8GB
[16:56:04] [train] ep=08 step=001/40 ce=1.8561 sc=0.9168 mi=0.0761 dn=0.0000 v13=0.0006 grl=0.0000 v15=0.0000 v15r=0.0000 v16=0.0000 v17=0.0000 v18=0.0000 acc=0.8750 lr=2.99e-04 lambda=0.000 grl_lambda=0.000 v18_lambda=0.000 gpu=3.0/11.8GB
[16:56:09] [train] ep=08 step=010/40 ce=1.5455 sc=1.2026 mi=0.0804 dn=0.0000 v13=0.0006 grl=0.0000 v15=0.0000 v15r=0.0000 v16=0.0000 v17=0.0000 v18=0.0000 acc=0.9062 lr=2.99e-04 lambda=0.000 grl_lambda=0.000 v18_lambda=0.000 gpu=3.0/11.8GB
[16:56:15] [train] ep=08 step=020/40 ce=1.5738 sc=1.2761 mi=0.0796 dn=0.0000 v13=0.0006 grl=0.0000 v15=0.0000 v15r=0.0000 v16=0.0000 v17=0.0000 v18=0.0000 acc=0.9094 lr=2.98e-04 lambda=0.000 grl_lambda=0.000 v18_lambda=0.000 gpu=3.0/11.8GB
[16:56:21] [train] ep=08 step=030/40 ce=1.4107 sc=1.2763 mi=0.0788 dn=0.0000 v13=0.0006 grl=0.0000 v15=0.0000 v15r=0.0000 v16=0.0000 v17=0.0000 v18=0.0000 acc=0.9271 lr=2.98e-04 lambda=0.000 grl_lambda=0.000 v18_lambda=0.000 gpu=3.0/11.8GB
[16:56:27] [train] ep=08 step=040/40 ce=1.5204 sc=1.2415 mi=0.0785 dn=0.0000 v13=0.0006 grl=0.0000 v15=0.0000 v15r=0.0000 v16=0.0000 v17=0.0000 v18=0.0000 acc=0.9141 lr=2.98e-04 lambda=0.000 grl_lambda=0.000 v18_lambda=0.000 gpu=3.0/11.8GB
[16:56:38] [ep_summary] ep=08/100 val_live=0.8889/0.8836 val_ema=0.2099/0.1134 test77_live=0.5468/0.4904 test77_diag_ema=0.1403/0.0352 v13=0.0006 grl=0.0000 v15=0.0000 v15r=0.0000 v16=0.0000 v17=0.0000 v18=0.0000 das=stage1[10,24] p=0.35 ep_time=34.5s
[16:56:38] [save] best_sourceval_ema val_acc_ema=0.2099 source_val_live=0.8889/0.8836 source_val_ema=0.2099/0.1134 ep=8
[16:56:38] [train] epoch 9/100 steps=40 use_dann=0 das=stage2 f=[10.0,50.0] p=0.70 gpu=3.0/11.8GB
[16:56:39] [train] ep=09 step=001/40 ce=0.6390 sc=1.1103 mi=0.0747 dn=0.0000 v13=0.0013 grl=0.0000 v15=0.0000 v15r=0.0000 v16=0.0000 v17=0.0000 v18=0.0000 acc=1.0000 lr=2.98e-04 lambda=0.000 grl_lambda=0.000 v18_lambda=0.000 gpu=3.0/11.8GB
[16:56:44] [train] ep=09 step=010/40 ce=1.3632 sc=1.2139 mi=0.0831 dn=0.0000 v13=0.0011 grl=0.0000 v15=0.0000 v15r=0.0000 v16=0.0000 v17=0.0000 v18=0.0000 acc=0.9187 lr=2.98e-04 lambda=0.000 grl_lambda=0.000 v18_lambda=0.000 gpu=3.0/11.8GB
[16:56:50] [train] ep=09 step=020/40 ce=1.5751 sc=1.2746 mi=0.0823 dn=0.0000 v13=0.0011 grl=0.0000 v15=0.0000 v15r=0.0000 v16=0.0000 v17=0.0000 v18=0.0000 acc=0.9125 lr=2.98e-04 lambda=0.000 grl_lambda=0.000 v18_lambda=0.000 gpu=3.0/11.8GB
[16:56:56] [train] ep=09 step=030/40 ce=1.5197 sc=1.2526 mi=0.0800 dn=0.0000 v13=0.0011 grl=0.0000 v15=0.0000 v15r=0.0000 v16=0.0000 v17=0.0000 v18=0.0000 acc=0.9167 lr=2.97e-04 lambda=0.000 grl_lambda=0.000 v18_lambda=0.000 gpu=3.0/11.8GB
[16:57:02] [train] ep=09 step=040/40 ce=1.6585 sc=1.2257 mi=0.0791 dn=0.0000 v13=0.0010 grl=0.0000 v15=0.0000 v15r=0.0000 v16=0.0000 v17=0.0000 v18=0.0000 acc=0.9078 lr=2.97e-04 lambda=0.000 grl_lambda=0.000 v18_lambda=0.000 gpu=3.0/11.8GB
[16:57:13] [ep_summary] ep=09/100 val_live=0.9506/0.9503 val_ema=0.2099/0.1151 test77_live=0.6619/0.5745 test77_diag_ema=0.1403/0.0352 v13=0.0010 grl=0.0000 v15=0.0000 v15r=0.0000 v16=0.0000 v17=0.0000 v18=0.0000 das=stage2[10,50] p=0.70 ep_time=34.5s
[16:57:13] [train] epoch 10/100 steps=40 use_dann=0 das=stage2 f=[10.0,50.0] p=0.70 gpu=3.0/11.8GB
[16:57:13] [train] ep=10 step=001/40 ce=2.4506 sc=1.0364 mi=0.0720 dn=0.0000 v13=0.0010 grl=0.0000 v15=0.0000 v15r=0.0000 v16=0.0000 v17=0.0000 v18=0.0000 acc=0.8125 lr=2.97e-04 lambda=0.000 grl_lambda=0.000 v18_lambda=0.000 gpu=3.0/11.8GB
[16:57:19] [train] ep=10 step=010/40 ce=1.3517 sc=1.1391 mi=0.0756 dn=0.0000 v13=0.0009 grl=0.0000 v15=0.0000 v15r=0.0000 v16=0.0000 v17=0.0000 v18=0.0000 acc=0.9250 lr=2.97e-04 lambda=0.000 grl_lambda=0.000 v18_lambda=0.000 gpu=3.0/11.8GB
[16:57:24] [train] ep=10 step=020/40 ce=1.3318 sc=1.1660 mi=0.0727 dn=0.0000 v13=0.0009 grl=0.0000 v15=0.0000 v15r=0.0000 v16=0.0000 v17=0.0000 v18=0.0000 acc=0.9219 lr=2.97e-04 lambda=0.000 grl_lambda=0.000 v18_lambda=0.000 gpu=3.0/11.8GB
[16:57:30] [train] ep=10 step=030/40 ce=1.2470 sc=1.0714 mi=0.0745 dn=0.0000 v13=0.0010 grl=0.0000 v15=0.0000 v15r=0.0000 v16=0.0000 v17=0.0000 v18=0.0000 acc=0.9292 lr=2.96e-04 lambda=0.000 grl_lambda=0.000 v18_lambda=0.000 gpu=3.0/11.8GB
[16:57:36] [train] ep=10 step=040/40 ce=1.1813 sc=1.0445 mi=0.0747 dn=0.0000 v13=0.0010 grl=0.0000 v15=0.0000 v15r=0.0000 v16=0.0000 v17=0.0000 v18=0.0000 acc=0.9375 lr=2.96e-04 lambda=0.000 grl_lambda=0.000 v18_lambda=0.000 gpu=3.0/11.8GB
[16:57:47] [pool] check ep=010/100 source_val_acc_ema=0.2099 threshold=0.90
[16:57:47] [pool] ep=010 SKIP (source_val_acc_ema=0.2099 < 0.90)
[16:57:47] [ep_summary] ep=10/100 val_live=0.9568/0.9572 val_ema=0.2099/0.1151 test77_live=0.7194/0.7116 test77_diag_ema=0.1403/0.0352 v13=0.0010 grl=0.0000 v15=0.0000 v15r=0.0000 v16=0.0000 v17=0.0000 v18=0.0000 das=stage2[10,50] p=0.70 ep_time=34.4s
[16:57:47] [strict77_monitor] ep=10 best_source_epoch=8 source_val_ema=0.2099/0.1134 test77_ema_diag=0.1403/0.0352 sourcequalified_count=0
[16:57:47] [train] epoch 11/100 steps=40 use_dann=0 das=stage2 f=[10.0,50.0] p=0.70 gpu=3.0/11.8GB
[16:57:48] [train] ep=11 step=001/40 ce=1.4713 sc=1.1634 mi=0.0766 dn=0.0000 v13=0.0008 grl=0.0000 v15=0.0000 v15r=0.0000 v16=0.0000 v17=0.0000 v18=0.0000 acc=0.8750 lr=2.96e-04 lambda=0.000 grl_lambda=0.000 v18_lambda=0.000 gpu=3.0/11.8GB
[16:57:53] [train] ep=11 step=010/40 ce=1.3741 sc=1.0265 mi=0.0742 dn=0.0000 v13=0.0009 grl=0.0000 v15=0.0000 v15r=0.0000 v16=0.0000 v17=0.0000 v18=0.0000 acc=0.9375 lr=2.96e-04 lambda=0.000 grl_lambda=0.000 v18_lambda=0.000 gpu=3.0/11.8GB
[16:57:59] [train] ep=11 step=020/40 ce=1.2557 sc=1.0596 mi=0.0733 dn=0.0000 v13=0.0009 grl=0.0000 v15=0.0000 v15r=0.0000 v16=0.0000 v17=0.0000 v18=0.0000 acc=0.9437 lr=2.96e-04 lambda=0.000 grl_lambda=0.000 v18_lambda=0.000 gpu=3.0/11.8GB
[16:58:05] [train] ep=11 step=030/40 ce=1.1403 sc=1.0646 mi=0.0735 dn=0.0000 v13=0.0009 grl=0.0000 v15=0.0000 v15r=0.0000 v16=0.0000 v17=0.0000 v18=0.0000 acc=0.9521 lr=2.95e-04 lambda=0.000 grl_lambda=0.000 v18_lambda=0.000 gpu=3.0/11.8GB
[16:58:11] [train] ep=11 step=040/40 ce=1.0712 sc=1.0286 mi=0.0724 dn=0.0000 v13=0.0009 grl=0.0000 v15=0.0000 v15r=0.0000 v16=0.0000 v17=0.0000 v18=0.0000 acc=0.9578 lr=2.95e-04 lambda=0.000 grl_lambda=0.000 v18_lambda=0.000 gpu=3.0/11.8GB
[16:58:21] [ep_summary] ep=11/100 val_live=0.9444/0.9451 val_ema=0.2099/0.1169 test77_live=0.8058/0.8084 test77_diag_ema=0.1403/0.0352 v13=0.0009 grl=0.0000 v15=0.0000 v15r=0.0000 v16=0.0000 v17=0.0000 v18=0.0000 das=stage2[10,50] p=0.70 ep_time=34.4s
[16:58:21] [train] epoch 12/100 steps=40 use_dann=0 das=stage2 f=[10.0,50.0] p=0.70 gpu=3.0/11.8GB
[16:58:22] [train] ep=12 step=001/40 ce=0.4785 sc=0.3789 mi=0.0738 dn=0.0000 v13=0.0011 grl=0.0000 v15=0.0000 v15r=0.0000 v16=0.0000 v17=0.0000 v18=0.0000 acc=1.0000 lr=2.95e-04 lambda=0.000 grl_lambda=0.000 v18_lambda=0.000 gpu=3.0/11.8GB
[16:58:27] [train] ep=12 step=010/40 ce=0.9085 sc=1.0248 mi=0.0746 dn=0.0000 v13=0.0010 grl=0.0000 v15=0.0000 v15r=0.0000 v16=0.0000 v17=0.0000 v18=0.0000 acc=0.9625 lr=2.95e-04 lambda=0.000 grl_lambda=0.000 v18_lambda=0.000 gpu=3.0/11.8GB
[16:58:33] [train] ep=12 step=020/40 ce=0.9816 sc=1.0718 mi=0.0733 dn=0.0000 v13=0.0010 grl=0.0000 v15=0.0000 v15r=0.0000 v16=0.0000 v17=0.0000 v18=0.0000 acc=0.9531 lr=2.94e-04 lambda=0.000 grl_lambda=0.000 v18_lambda=0.000 gpu=3.0/11.8GB
[16:58:39] [train] ep=12 step=030/40 ce=1.0495 sc=1.0479 mi=0.0729 dn=0.0000 v13=0.0011 grl=0.0000 v15=0.0000 v15r=0.0000 v16=0.0000 v17=0.0000 v18=0.0000 acc=0.9500 lr=2.94e-04 lambda=0.000 grl_lambda=0.000 v18_lambda=0.000 gpu=3.0/11.8GB
[16:58:45] [train] ep=12 step=040/40 ce=0.9940 sc=1.0272 mi=0.0722 dn=0.0000 v13=0.0010 grl=0.0000 v15=0.0000 v15r=0.0000 v16=0.0000 v17=0.0000 v18=0.0000 acc=0.9531 lr=2.94e-04 lambda=0.000 grl_lambda=0.000 v18_lambda=0.000 gpu=3.0/11.8GB
[16:58:56] [ep_summary] ep=12/100 val_live=0.9630/0.9628 val_ema=0.2160/0.1226 test77_live=0.7878/0.7926 test77_diag_ema=0.1403/0.0352 v13=0.0010 grl=0.0000 v15=0.0000 v15r=0.0000 v16=0.0000 v17=0.0000 v18=0.0000 das=stage2[10,50] p=0.70 ep_time=34.2s
[16:58:56] [save] best_sourceval_ema val_acc_ema=0.2160 source_val_live=0.9630/0.9628 source_val_ema=0.2160/0.1226 ep=12
[16:58:56] [train] epoch 13/100 steps=40 use_dann=0 das=stage2 f=[10.0,50.0] p=0.70 gpu=3.0/11.8GB
[16:58:56] [train] ep=13 step=001/40 ce=0.8583 sc=0.6173 mi=0.0696 dn=0.0000 v13=0.0004 grl=0.0000 v15=0.0000 v15r=0.0000 v16=0.0000 v17=0.0000 v18=0.0000 acc=0.9375 lr=2.94e-04 lambda=0.000 grl_lambda=0.000 v18_lambda=0.000 gpu=3.0/11.8GB
[16:59:02] [train] ep=13 step=010/40 ce=0.8537 sc=0.9534 mi=0.0707 dn=0.0000 v13=0.0007 grl=0.0000 v15=0.0000 v15r=0.0000 v16=0.0000 v17=0.0000 v18=0.0000 acc=0.9625 lr=2.93e-04 lambda=0.000 grl_lambda=0.000 v18_lambda=0.000 gpu=3.0/11.8GB
[16:59:07] [train] ep=13 step=020/40 ce=0.7146 sc=0.9397 mi=0.0710 dn=0.0000 v13=0.0006 grl=0.0000 v15=0.0000 v15r=0.0000 v16=0.0000 v17=0.0000 v18=0.0000 acc=0.9719 lr=2.93e-04 lambda=0.000 grl_lambda=0.000 v18_lambda=0.000 gpu=3.0/11.8GB
[16:59:13] [train] ep=13 step=030/40 ce=0.7131 sc=0.9346 mi=0.0697 dn=0.0000 v13=0.0007 grl=0.0000 v15=0.0000 v15r=0.0000 v16=0.0000 v17=0.0000 v18=0.0000 acc=0.9708 lr=2.93e-04 lambda=0.000 grl_lambda=0.000 v18_lambda=0.000 gpu=3.0/11.8GB
[16:59:19] [train] ep=13 step=040/40 ce=0.7088 sc=0.9432 mi=0.0695 dn=0.0000 v13=0.0007 grl=0.0000 v15=0.0000 v15r=0.0000 v16=0.0000 v17=0.0000 v18=0.0000 acc=0.9719 lr=2.92e-04 lambda=0.000 grl_lambda=0.000 v18_lambda=0.000 gpu=3.0/11.8GB
[16:59:30] [ep_summary] ep=13/100 val_live=0.9259/0.9260 val_ema=0.2222/0.1364 test77_live=0.7806/0.7858 test77_diag_ema=0.1403/0.0352 v13=0.0007 grl=0.0000 v15=0.0000 v15r=0.0000 v16=0.0000 v17=0.0000 v18=0.0000 das=stage2[10,50] p=0.70 ep_time=34.1s
[16:59:30] [save] best_sourceval_ema val_acc_ema=0.2222 source_val_live=0.9259/0.9260 source_val_ema=0.2222/0.1364 ep=13
[16:59:30] [train] epoch 14/100 steps=40 use_dann=0 das=stage2 f=[10.0,50.0] p=0.70 gpu=3.0/11.8GB
[16:59:31] [train] ep=14 step=001/40 ce=1.4408 sc=1.1410 mi=0.0844 dn=0.0000 v13=0.0008 grl=0.0000 v15=0.0000 v15r=0.0000 v16=0.0000 v17=0.0000 v18=0.0000 acc=0.9375 lr=2.92e-04 lambda=0.000 grl_lambda=0.000 v18_lambda=0.000 gpu=3.0/11.8GB
[16:59:36] [train] ep=14 step=010/40 ce=0.7567 sc=0.9321 mi=0.0708 dn=0.0000 v13=0.0007 grl=0.0000 v15=0.0000 v15r=0.0000 v16=0.0000 v17=0.0000 v18=0.0000 acc=0.9750 lr=2.92e-04 lambda=0.000 grl_lambda=0.000 v18_lambda=0.000 gpu=3.0/11.8GB
[16:59:42] [train] ep=14 step=020/40 ce=0.6481 sc=0.8563 mi=0.0713 dn=0.0000 v13=0.0008 grl=0.0000 v15=0.0000 v15r=0.0000 v16=0.0000 v17=0.0000 v18=0.0000 acc=0.9812 lr=2.91e-04 lambda=0.000 grl_lambda=0.000 v18_lambda=0.000 gpu=3.0/11.8GB
[16:59:48] [train] ep=14 step=030/40 ce=0.7500 sc=0.8911 mi=0.0706 dn=0.0000 v13=0.0009 grl=0.0000 v15=0.0000 v15r=0.0000 v16=0.0000 v17=0.0000 v18=0.0000 acc=0.9729 lr=2.91e-04 lambda=0.000 grl_lambda=0.000 v18_lambda=0.000 gpu=3.0/11.8GB
[16:59:53] [train] ep=14 step=040/40 ce=0.7316 sc=0.9315 mi=0.0702 dn=0.0000 v13=0.0008 grl=0.0000 v15=0.0000 v15r=0.0000 v16=0.0000 v17=0.0000 v18=0.0000 acc=0.9719 lr=2.91e-04 lambda=0.000 grl_lambda=0.000 v18_lambda=0.000 gpu=3.0/11.8GB
[17:00:04] [ep_summary] ep=14/100 val_live=0.9691/0.9697 val_ema=0.2407/0.1749 test77_live=0.7950/0.7605 test77_diag_ema=0.1403/0.0352 v13=0.0008 grl=0.0000 v15=0.0000 v15r=0.0000 v16=0.0000 v17=0.0000 v18=0.0000 das=stage2[10,50] p=0.70 ep_time=34.2s
[17:00:04] [save] best_sourceval_ema val_acc_ema=0.2407 source_val_live=0.9691/0.9697 source_val_ema=0.2407/0.1749 ep=14
[17:00:04] [train] epoch 15/100 steps=40 use_dann=0 das=stage2 f=[10.0,50.0] p=0.70 gpu=3.0/11.8GB
[17:00:05] [train] ep=15 step=001/40 ce=0.3222 sc=1.0059 mi=0.0655 dn=0.0000 v13=0.0004 grl=0.0000 v15=0.0000 v15r=0.0000 v16=0.0000 v17=0.0000 v18=0.0000 acc=1.0000 lr=2.91e-04 lambda=0.000 grl_lambda=0.000 v18_lambda=0.000 gpu=3.0/11.8GB
[17:00:10] [train] ep=15 step=010/40 ce=0.6439 sc=0.8783 mi=0.0700 dn=0.0000 v13=0.0008 grl=0.0000 v15=0.0000 v15r=0.0000 v16=0.0000 v17=0.0000 v18=0.0000 acc=0.9750 lr=2.90e-04 lambda=0.000 grl_lambda=0.000 v18_lambda=0.000 gpu=3.0/11.8GB
[17:00:16] [train] ep=15 step=020/40 ce=0.5075 sc=0.8486 mi=0.0695 dn=0.0000 v13=0.0008 grl=0.0000 v15=0.0000 v15r=0.0000 v16=0.0000 v17=0.0000 v18=0.0000 acc=0.9875 lr=2.90e-04 lambda=0.000 grl_lambda=0.000 v18_lambda=0.000 gpu=3.0/11.8GB
[17:00:22] [train] ep=15 step=030/40 ce=0.6207 sc=0.8640 mi=0.0692 dn=0.0000 v13=0.0008 grl=0.0000 v15=0.0000 v15r=0.0000 v16=0.0000 v17=0.0000 v18=0.0000 acc=0.9771 lr=2.89e-04 lambda=0.000 grl_lambda=0.000 v18_lambda=0.000 gpu=3.0/11.8GB
[17:00:28] [train] ep=15 step=040/40 ce=0.6856 sc=0.8571 mi=0.0695 dn=0.0000 v13=0.0008 grl=0.0000 v15=0.0000 v15r=0.0000 v16=0.0000 v17=0.0000 v18=0.0000 acc=0.9719 lr=2.89e-04 lambda=0.000 grl_lambda=0.000 v18_lambda=0.000 gpu=3.0/11.8GB
[17:01:16] [ep_summary] ep=15/100 val_live=0.9630/0.9624 val_ema=0.2716/0.2229 test77_live=0.8129/0.8032 test77_diag_ema=0.1403/0.0352 v13=0.0008 grl=0.0000 v15=0.0000 v15r=0.0000 v16=0.0000 v17=0.0000 v18=0.0000 das=stage2[10,50] p=0.70 ep_time=72.1s
[17:02:07] [save] best_sourceval_ema val_acc_ema=0.2716 source_val_live=0.9630/0.9624 source_val_ema=0.2716/0.2229 ep=15
[17:02:07] [train] epoch 16/100 steps=40 use_dann=0 das=stage2 f=[10.0,50.0] p=0.70 gpu=3.0/11.8GB
[17:02:08] [train] ep=16 step=001/40 ce=0.5674 sc=0.5912 mi=0.0692 dn=0.0000 v13=0.0008 grl=0.0000 v15=0.0000 v15r=0.0000 v16=0.0000 v17=0.0000 v18=0.0000 acc=1.0000 lr=2.89e-04 lambda=0.000 grl_lambda=0.000 v18_lambda=0.000 gpu=3.0/11.8GB
[17:02:13] [train] ep=16 step=010/40 ce=0.5647 sc=0.7891 mi=0.0690 dn=0.0000 v13=0.0008 grl=0.0000 v15=0.0000 v15r=0.0000 v16=0.0000 v17=0.0000 v18=0.0000 acc=0.9875 lr=2.88e-04 lambda=0.000 grl_lambda=0.000 v18_lambda=0.000 gpu=3.0/11.8GB
[17:02:19] [train] ep=16 step=020/40 ce=0.6165 sc=0.8183 mi=0.0692 dn=0.0000 v13=0.0008 grl=0.0000 v15=0.0000 v15r=0.0000 v16=0.0000 v17=0.0000 v18=0.0000 acc=0.9844 lr=2.88e-04 lambda=0.000 grl_lambda=0.000 v18_lambda=0.000 gpu=3.0/11.8GB
[17:02:25] [train] ep=16 step=030/40 ce=0.7230 sc=0.8838 mi=0.0678 dn=0.0000 v13=0.0008 grl=0.0000 v15=0.0000 v15r=0.0000 v16=0.0000 v17=0.0000 v18=0.0000 acc=0.9708 lr=2.87e-04 lambda=0.000 grl_lambda=0.000 v18_lambda=0.000 gpu=3.0/11.8GB
[17:02:31] [train] ep=16 step=040/40 ce=0.8027 sc=0.9066 mi=0.0680 dn=0.0000 v13=0.0008 grl=0.0000 v15=0.0000 v15r=0.0000 v16=0.0000 v17=0.0000 v18=0.0000 acc=0.9656 lr=2.87e-04 lambda=0.000 grl_lambda=0.000 v18_lambda=0.000 gpu=3.0/11.8GB
[17:02:50] [ep_summary] ep=16/100 val_live=0.9753/0.9753 val_ema=0.3519/0.3335 test77_live=0.8561/0.8482 test77_diag_ema=0.1403/0.0352 v13=0.0008 grl=0.0000 v15=0.0000 v15r=0.0000 v16=0.0000 v17=0.0000 v18=0.0000 das=stage2[10,50] p=0.70 ep_time=43.1s
[17:02:58] [save] best_sourceval_ema val_acc_ema=0.3519 source_val_live=0.9753/0.9753 source_val_ema=0.3519/0.3335 ep=16
[17:02:58] [train] epoch 17/100 steps=40 use_dann=0 das=stage2 f=[10.0,50.0] p=0.70 gpu=3.0/11.8GB
[17:02:59] [train] ep=17 step=001/40 ce=0.3975 sc=0.7375 mi=0.0638 dn=0.0000 v13=0.0008 grl=0.0000 v15=0.0000 v15r=0.0000 v16=0.0000 v17=0.0000 v18=0.0000 acc=1.0000 lr=2.87e-04 lambda=0.000 grl_lambda=0.000 v18_lambda=0.000 gpu=3.0/11.8GB
[17:03:04] [train] ep=17 step=010/40 ce=0.6945 sc=0.9430 mi=0.0646 dn=0.0000 v13=0.0007 grl=0.0000 v15=0.0000 v15r=0.0000 v16=0.0000 v17=0.0000 v18=0.0000 acc=0.9750 lr=2.86e-04 lambda=0.000 grl_lambda=0.000 v18_lambda=0.000 gpu=3.0/11.8GB
[17:03:10] [train] ep=17 step=020/40 ce=0.7981 sc=0.9830 mi=0.0655 dn=0.0000 v13=0.0008 grl=0.0000 v15=0.0000 v15r=0.0000 v16=0.0000 v17=0.0000 v18=0.0000 acc=0.9688 lr=2.86e-04 lambda=0.000 grl_lambda=0.000 v18_lambda=0.000 gpu=3.0/11.8GB
[17:03:16] [train] ep=17 step=030/40 ce=0.7360 sc=0.9801 mi=0.0654 dn=0.0000 v13=0.0008 grl=0.0000 v15=0.0000 v15r=0.0000 v16=0.0000 v17=0.0000 v18=0.0000 acc=0.9729 lr=2.85e-04 lambda=0.000 grl_lambda=0.000 v18_lambda=0.000 gpu=3.0/11.8GB
[17:03:22] [train] ep=17 step=040/40 ce=0.7664 sc=0.9669 mi=0.0655 dn=0.0000 v13=0.0008 grl=0.0000 v15=0.0000 v15r=0.0000 v16=0.0000 v17=0.0000 v18=0.0000 acc=0.9719 lr=2.85e-04 lambda=0.000 grl_lambda=0.000 v18_lambda=0.000 gpu=3.0/11.8GB
[17:03:41] [ep_summary] ep=17/100 val_live=0.9568/0.9571 val_ema=0.3765/0.3665 test77_live=0.8381/0.8328 test77_diag_ema=0.1403/0.0352 v13=0.0008 grl=0.0000 v15=0.0000 v15r=0.0000 v16=0.0000 v17=0.0000 v18=0.0000 das=stage2[10,50] p=0.70 ep_time=42.9s
[17:03:42] [save] best_sourceval_ema val_acc_ema=0.3765 source_val_live=0.9568/0.9571 source_val_ema=0.3765/0.3665 ep=17
[17:03:42] [train] epoch 18/100 steps=40 use_dann=0 das=stage2 f=[10.0,50.0] p=0.70 gpu=3.0/11.8GB
[17:03:42] [train] ep=18 step=001/40 ce=0.8554 sc=0.9548 mi=0.0748 dn=0.0000 v13=0.0006 grl=0.0000 v15=0.0000 v15r=0.0000 v16=0.0000 v17=0.0000 v18=0.0000 acc=1.0000 lr=2.85e-04 lambda=0.000 grl_lambda=0.000 v18_lambda=0.000 gpu=3.0/11.8GB
[17:03:48] [train] ep=18 step=010/40 ce=0.7486 sc=0.8754 mi=0.0689 dn=0.0000 v13=0.0009 grl=0.0000 v15=0.0000 v15r=0.0000 v16=0.0000 v17=0.0000 v18=0.0000 acc=0.9688 lr=2.84e-04 lambda=0.000 grl_lambda=0.000 v18_lambda=0.000 gpu=3.0/11.8GB
[17:03:54] [train] ep=18 step=020/40 ce=0.7329 sc=0.9229 mi=0.0684 dn=0.0000 v13=0.0008 grl=0.0000 v15=0.0000 v15r=0.0000 v16=0.0000 v17=0.0000 v18=0.0000 acc=0.9688 lr=2.84e-04 lambda=0.000 grl_lambda=0.000 v18_lambda=0.000 gpu=3.0/11.8GB
[17:04:00] [train] ep=18 step=030/40 ce=0.7206 sc=0.9286 mi=0.0679 dn=0.0000 v13=0.0008 grl=0.0000 v15=0.0000 v15r=0.0000 v16=0.0000 v17=0.0000 v18=0.0000 acc=0.9729 lr=2.83e-04 lambda=0.000 grl_lambda=0.000 v18_lambda=0.000 gpu=3.0/11.8GB
[17:04:05] [train] ep=18 step=040/40 ce=0.6396 sc=0.9095 mi=0.0676 dn=0.0000 v13=0.0008 grl=0.0000 v15=0.0000 v15r=0.0000 v16=0.0000 v17=0.0000 v18=0.0000 acc=0.9766 lr=2.83e-04 lambda=0.000 grl_lambda=0.000 v18_lambda=0.000 gpu=3.0/11.8GB
[17:04:16] [ep_summary] ep=18/100 val_live=0.9568/0.9560 val_ema=0.4198/0.4199 test77_live=0.8489/0.8390 test77_diag_ema=0.1403/0.0352 v13=0.0008 grl=0.0000 v15=0.0000 v15r=0.0000 v16=0.0000 v17=0.0000 v18=0.0000 das=stage2[10,50] p=0.70 ep_time=34.0s
[17:04:16] [save] best_sourceval_ema val_acc_ema=0.4198 source_val_live=0.9568/0.9560 source_val_ema=0.4198/0.4199 ep=18
[17:04:16] [train] epoch 19/100 steps=40 use_dann=0 das=stage2 f=[10.0,50.0] p=0.70 gpu=3.0/11.8GB
[17:04:16] [train] ep=19 step=001/40 ce=0.6492 sc=0.7168 mi=0.0709 dn=0.0000 v13=0.0010 grl=0.0000 v15=0.0000 v15r=0.0000 v16=0.0000 v17=0.0000 v18=0.0000 acc=1.0000 lr=2.83e-04 lambda=0.000 grl_lambda=0.000 v18_lambda=0.000 gpu=3.0/11.8GB
[17:04:22] [train] ep=19 step=010/40 ce=0.5118 sc=0.8706 mi=0.0649 dn=0.0000 v13=0.0009 grl=0.0000 v15=0.0000 v15r=0.0000 v16=0.0000 v17=0.0000 v18=0.0000 acc=0.9812 lr=2.82e-04 lambda=0.000 grl_lambda=0.000 v18_lambda=0.000 gpu=3.0/11.8GB
[17:04:28] [train] ep=19 step=020/40 ce=0.4713 sc=0.9059 mi=0.0663 dn=0.0000 v13=0.0007 grl=0.0000 v15=0.0000 v15r=0.0000 v16=0.0000 v17=0.0000 v18=0.0000 acc=0.9875 lr=2.82e-04 lambda=0.000 grl_lambda=0.000 v18_lambda=0.000 gpu=3.0/11.8GB
[17:04:34] [train] ep=19 step=030/40 ce=0.5398 sc=0.9132 mi=0.0655 dn=0.0000 v13=0.0007 grl=0.0000 v15=0.0000 v15r=0.0000 v16=0.0000 v17=0.0000 v18=0.0000 acc=0.9812 lr=2.81e-04 lambda=0.000 grl_lambda=0.000 v18_lambda=0.000 gpu=3.0/11.8GB
[17:04:40] [train] ep=19 step=040/40 ce=0.5423 sc=0.9069 mi=0.0649 dn=0.0000 v13=0.0007 grl=0.0000 v15=0.0000 v15r=0.0000 v16=0.0000 v17=0.0000 v18=0.0000 acc=0.9812 lr=2.80e-04 lambda=0.000 grl_lambda=0.000 v18_lambda=0.000 gpu=3.0/11.8GB
[17:04:51] [ep_summary] ep=19/100 val_live=0.9753/0.9749 val_ema=0.5062/0.5096 test77_live=0.8561/0.8424 test77_diag_ema=0.1403/0.0352 v13=0.0007 grl=0.0000 v15=0.0000 v15r=0.0000 v16=0.0000 v17=0.0000 v18=0.0000 das=stage2[10,50] p=0.70 ep_time=34.8s
[17:04:51] [save] best_sourceval_ema val_acc_ema=0.5062 source_val_live=0.9753/0.9749 source_val_ema=0.5062/0.5096 ep=19
[17:04:51] [train] epoch 20/100 steps=40 use_dann=0 das=stage2 f=[10.0,50.0] p=0.70 gpu=3.0/11.8GB
[17:04:51] [train] ep=20 step=001/40 ce=2.1827 sc=1.7762 mi=0.0600 dn=0.0000 v13=0.0011 grl=0.0000 v15=0.0000 v15r=0.0000 v16=0.0000 v17=0.0000 v18=0.0000 acc=0.8125 lr=2.80e-04 lambda=0.000 grl_lambda=0.000 v18_lambda=0.000 gpu=3.0/11.8GB
[17:04:57] [train] ep=20 step=010/40 ce=0.7831 sc=0.9783 mi=0.0657 dn=0.0000 v13=0.0008 grl=0.0000 v15=0.0000 v15r=0.0000 v16=0.0000 v17=0.0000 v18=0.0000 acc=0.9625 lr=2.80e-04 lambda=0.000 grl_lambda=0.000 v18_lambda=0.000 gpu=3.0/11.8GB
[17:05:02] [train] ep=20 step=020/40 ce=0.7213 sc=0.9616 mi=0.0646 dn=0.0000 v13=0.0007 grl=0.0000 v15=0.0000 v15r=0.0000 v16=0.0000 v17=0.0000 v18=0.0000 acc=0.9656 lr=2.79e-04 lambda=0.000 grl_lambda=0.000 v18_lambda=0.000 gpu=3.0/11.8GB
[17:05:08] [train] ep=20 step=030/40 ce=0.7006 sc=0.9302 mi=0.0644 dn=0.0000 v13=0.0007 grl=0.0000 v15=0.0000 v15r=0.0000 v16=0.0000 v17=0.0000 v18=0.0000 acc=0.9688 lr=2.79e-04 lambda=0.000 grl_lambda=0.000 v18_lambda=0.000 gpu=3.0/11.8GB
[17:05:14] [train] ep=20 step=040/40 ce=0.6337 sc=0.9078 mi=0.0641 dn=0.0000 v13=0.0006 grl=0.0000 v15=0.0000 v15r=0.0000 v16=0.0000 v17=0.0000 v18=0.0000 acc=0.9750 lr=2.78e-04 lambda=0.000 grl_lambda=0.000 v18_lambda=0.000 gpu=3.0/11.8GB
[17:05:25] [pool] check ep=020/100 source_val_acc_ema=0.5494 threshold=0.90
[17:05:25] [pool] ep=020 SKIP (source_val_acc_ema=0.5494 < 0.90)
[17:05:25] [ep_summary] ep=20/100 val_live=0.9691/0.9689 val_ema=0.5494/0.5513 test77_live=0.8129/0.7913 test77_diag_ema=0.1403/0.0352 v13=0.0006 grl=0.0000 v15=0.0000 v15r=0.0000 v16=0.0000 v17=0.0000 v18=0.0000 das=stage2[10,50] p=0.70 ep_time=34.6s
[17:05:26] [save] best_sourceval_ema val_acc_ema=0.5494 source_val_live=0.9691/0.9689 source_val_ema=0.5494/0.5513 ep=20
[17:05:26] [strict77_monitor] ep=20 best_source_epoch=20 source_val_ema=0.5494/0.5513 test77_ema_diag=0.1403/0.0352 sourcequalified_count=0
[17:05:26] [train] epoch 21/100 steps=40 use_dann=0 das=stage2 f=[10.0,50.0] p=0.70 gpu=3.0/11.8GB
[17:05:27] [train] ep=21 step=001/40 ce=0.3023 sc=0.4589 mi=0.0648 dn=0.0000 v13=0.0006 grl=0.0000 v15=0.0000 v15r=0.0000 v16=0.0000 v17=0.0000 v18=0.0000 acc=1.0000 lr=2.78e-04 lambda=0.000 grl_lambda=0.000 v18_lambda=0.000 gpu=3.0/11.8GB
[17:05:32] [train] ep=21 step=010/40 ce=0.4806 sc=0.7592 mi=0.0635 dn=0.0000 v13=0.0007 grl=0.0000 v15=0.0000 v15r=0.0000 v16=0.0000 v17=0.0000 v18=0.0000 acc=0.9875 lr=2.77e-04 lambda=0.000 grl_lambda=0.000 v18_lambda=0.000 gpu=3.0/11.8GB
[17:05:38] [train] ep=21 step=020/40 ce=0.4738 sc=0.8148 mi=0.0640 dn=0.0000 v13=0.0007 grl=0.0000 v15=0.0000 v15r=0.0000 v16=0.0000 v17=0.0000 v18=0.0000 acc=0.9906 lr=2.77e-04 lambda=0.000 grl_lambda=0.000 v18_lambda=0.000 gpu=3.0/11.8GB
[17:05:44] [train] ep=21 step=030/40 ce=0.4754 sc=0.8207 mi=0.0629 dn=0.0000 v13=0.0007 grl=0.0000 v15=0.0000 v15r=0.0000 v16=0.0000 v17=0.0000 v18=0.0000 acc=0.9896 lr=2.76e-04 lambda=0.000 grl_lambda=0.000 v18_lambda=0.000 gpu=3.0/11.8GB
[17:05:50] [train] ep=21 step=040/40 ce=0.4786 sc=0.8149 mi=0.0639 dn=0.0000 v13=0.0006 grl=0.0000 v15=0.0000 v15r=0.0000 v16=0.0000 v17=0.0000 v18=0.0000 acc=0.9891 lr=2.75e-04 lambda=0.000 grl_lambda=0.000 v18_lambda=0.000 gpu=3.0/11.8GB
[17:06:01] [ep_summary] ep=21/100 val_live=0.9444/0.9430 val_ema=0.6173/0.6124 test77_live=0.8309/0.8306 test77_diag_ema=0.1403/0.0352 v13=0.0006 grl=0.0000 v15=0.0000 v15r=0.0000 v16=0.0000 v17=0.0000 v18=0.0000 das=stage2[10,50] p=0.70 ep_time=35.1s
[17:06:01] [save] best_sourceval_ema val_acc_ema=0.6173 source_val_live=0.9444/0.9430 source_val_ema=0.6173/0.6124 ep=21
[17:06:01] [train] epoch 22/100 steps=40 use_dann=0 das=stage2 f=[10.0,50.0] p=0.70 gpu=3.0/11.8GB
[17:06:01] [train] ep=22 step=001/40 ce=1.0028 sc=0.8047 mi=0.0490 dn=0.0000 v13=0.0006 grl=0.0000 v15=0.0000 v15r=0.0000 v16=0.0000 v17=0.0000 v18=0.0000 acc=0.9375 lr=2.75e-04 lambda=0.000 grl_lambda=0.000 v18_lambda=0.000 gpu=3.0/11.8GB
[17:06:07] [train] ep=22 step=010/40 ce=0.5685 sc=0.7829 mi=0.0637 dn=0.0000 v13=0.0009 grl=0.0000 v15=0.0000 v15r=0.0000 v16=0.0000 v17=0.0000 v18=0.0000 acc=0.9875 lr=2.75e-04 lambda=0.000 grl_lambda=0.000 v18_lambda=0.000 gpu=3.0/11.8GB
[17:06:13] [train] ep=22 step=020/40 ce=0.4452 sc=0.7878 mi=0.0632 dn=0.0000 v13=0.0007 grl=0.0000 v15=0.0000 v15r=0.0000 v16=0.0000 v17=0.0000 v18=0.0000 acc=0.9938 lr=2.74e-04 lambda=0.000 grl_lambda=0.000 v18_lambda=0.000 gpu=3.0/11.8GB
[17:06:18] [train] ep=22 step=030/40 ce=0.4510 sc=0.8731 mi=0.0624 dn=0.0000 v13=0.0008 grl=0.0000 v15=0.0000 v15r=0.0000 v16=0.0000 v17=0.0000 v18=0.0000 acc=0.9917 lr=2.73e-04 lambda=0.000 grl_lambda=0.000 v18_lambda=0.000 gpu=3.0/11.8GB
[17:06:24] [train] ep=22 step=040/40 ce=0.5144 sc=0.9075 mi=0.0630 dn=0.0000 v13=0.0007 grl=0.0000 v15=0.0000 v15r=0.0000 v16=0.0000 v17=0.0000 v18=0.0000 acc=0.9828 lr=2.73e-04 lambda=0.000 grl_lambda=0.000 v18_lambda=0.000 gpu=3.0/11.8GB
[17:06:35] [ep_summary] ep=22/100 val_live=0.9506/0.9495 val_ema=0.6790/0.6649 test77_live=0.8561/0.8506 test77_diag_ema=0.1403/0.0352 v13=0.0007 grl=0.0000 v15=0.0000 v15r=0.0000 v16=0.0000 v17=0.0000 v18=0.0000 das=stage2[10,50] p=0.70 ep_time=34.3s
[17:06:35] [save] best_sourceval_ema val_acc_ema=0.6790 source_val_live=0.9506/0.9495 source_val_ema=0.6790/0.6649 ep=22
[17:06:35] [train] epoch 23/100 steps=40 use_dann=0 das=stage2 f=[10.0,50.0] p=0.70 gpu=3.0/11.8GB
[17:06:36] [train] ep=23 step=001/40 ce=0.2768 sc=0.4415 mi=0.0653 dn=0.0000 v13=0.0012 grl=0.0000 v15=0.0000 v15r=0.0000 v16=0.0000 v17=0.0000 v18=0.0000 acc=1.0000 lr=2.72e-04 lambda=0.000 grl_lambda=0.000 v18_lambda=0.000 gpu=3.0/11.8GB
[17:06:41] [train] ep=23 step=010/40 ce=0.4303 sc=0.7691 mi=0.0670 dn=0.0000 v13=0.0008 grl=0.0000 v15=0.0000 v15r=0.0000 v16=0.0000 v17=0.0000 v18=0.0000 acc=0.9875 lr=2.72e-04 lambda=0.000 grl_lambda=0.000 v18_lambda=0.000 gpu=3.0/11.8GB
[17:06:47] [train] ep=23 step=020/40 ce=0.4332 sc=0.7689 mi=0.0659 dn=0.0000 v13=0.0008 grl=0.0000 v15=0.0000 v15r=0.0000 v16=0.0000 v17=0.0000 v18=0.0000 acc=0.9875 lr=2.71e-04 lambda=0.000 grl_lambda=0.000 v18_lambda=0.000 gpu=3.0/11.8GB
[17:06:53] [train] ep=23 step=030/40 ce=0.4072 sc=0.7392 mi=0.0651 dn=0.0000 v13=0.0008 grl=0.0000 v15=0.0000 v15r=0.0000 v16=0.0000 v17=0.0000 v18=0.0000 acc=0.9917 lr=2.70e-04 lambda=0.000 grl_lambda=0.000 v18_lambda=0.000 gpu=3.0/11.8GB
[17:06:59] [train] ep=23 step=040/40 ce=0.4190 sc=0.7770 mi=0.0650 dn=0.0000 v13=0.0007 grl=0.0000 v15=0.0000 v15r=0.0000 v16=0.0000 v17=0.0000 v18=0.0000 acc=0.9922 lr=2.70e-04 lambda=0.000 grl_lambda=0.000 v18_lambda=0.000 gpu=3.0/11.8GB
[17:07:09] [ep_summary] ep=23/100 val_live=0.9753/0.9757 val_ema=0.6975/0.6793 test77_live=0.8849/0.8838 test77_diag_ema=0.1439/0.0422 v13=0.0007 grl=0.0000 v15=0.0000 v15r=0.0000 v16=0.0000 v17=0.0000 v18=0.0000 das=stage2[10,50] p=0.70 ep_time=34.1s
[17:07:10] [save] best_sourceval_ema val_acc_ema=0.6975 source_val_live=0.9753/0.9757 source_val_ema=0.6975/0.6793 ep=23
[17:07:10] [train] epoch 24/100 steps=40 use_dann=0 das=stage2 f=[10.0,50.0] p=0.70 gpu=3.0/11.8GB
[17:07:14] [train] ep=24 step=001/40 ce=0.3736 sc=0.8538 mi=0.0644 dn=0.0000 v13=0.0002 grl=0.0000 v15=0.0000 v15r=0.0000 v16=0.0000 v17=0.0000 v18=0.0000 acc=1.0000 lr=2.70e-04 lambda=0.000 grl_lambda=0.000 v18_lambda=0.000 gpu=3.0/11.8GB
[17:07:19] [train] ep=24 step=010/40 ce=0.4815 sc=0.8857 mi=0.0604 dn=0.0000 v13=0.0006 grl=0.0000 v15=0.0000 v15r=0.0000 v16=0.0000 v17=0.0000 v18=0.0000 acc=0.9938 lr=2.69e-04 lambda=0.000 grl_lambda=0.000 v18_lambda=0.000 gpu=3.0/11.8GB
[17:07:25] [train] ep=24 step=020/40 ce=0.3949 sc=0.7611 mi=0.0606 dn=0.0000 v13=0.0007 grl=0.0000 v15=0.0000 v15r=0.0000 v16=0.0000 v17=0.0000 v18=0.0000 acc=0.9969 lr=2.68e-04 lambda=0.000 grl_lambda=0.000 v18_lambda=0.000 gpu=3.0/11.8GB
[17:07:31] [train] ep=24 step=030/40 ce=0.4197 sc=0.8417 mi=0.0621 dn=0.0000 v13=0.0006 grl=0.0000 v15=0.0000 v15r=0.0000 v16=0.0000 v17=0.0000 v18=0.0000 acc=0.9958 lr=2.67e-04 lambda=0.000 grl_lambda=0.000 v18_lambda=0.000 gpu=3.0/11.8GB
[17:07:37] [train] ep=24 step=040/40 ce=0.4032 sc=0.8716 mi=0.0623 dn=0.0000 v13=0.0006 grl=0.0000 v15=0.0000 v15r=0.0000 v16=0.0000 v17=0.0000 v18=0.0000 acc=0.9969 lr=2.67e-04 lambda=0.000 grl_lambda=0.000 v18_lambda=0.000 gpu=3.0/11.8GB
[17:07:48] [ep_summary] ep=24/100 val_live=0.9568/0.9569 val_ema=0.7160/0.6947 test77_live=0.8777/0.8754 test77_diag_ema=0.1439/0.0422 v13=0.0006 grl=0.0000 v15=0.0000 v15r=0.0000 v16=0.0000 v17=0.0000 v18=0.0000 das=stage2[10,50] p=0.70 ep_time=37.9s
[17:07:48] [save] best_sourceval_ema val_acc_ema=0.7160 source_val_live=0.9568/0.9569 source_val_ema=0.7160/0.6947 ep=24
[17:07:48] [train] epoch 25/100 steps=40 use_dann=0 das=stage3 f=[12.0,95.0] p=1.00 gpu=3.0/11.8GB
[17:07:48] [train] ep=25 step=001/40 ce=0.5655 sc=0.6857 mi=0.0773 dn=0.0000 v13=0.0016 grl=0.0000 v15=0.0000 v15r=0.0000 v16=0.0000 v17=0.0000 v18=0.0000 acc=1.0000 lr=2.67e-04 lambda=0.000 grl_lambda=0.000 v18_lambda=0.000 gpu=3.0/11.8GB
[17:07:54] [train] ep=25 step=010/40 ce=0.5881 sc=0.8366 mi=0.0681 dn=0.0000 v13=0.0010 grl=0.0000 v15=0.0000 v15r=0.0000 v16=0.0000 v17=0.0000 v18=0.0000 acc=0.9750 lr=2.66e-04 lambda=0.000 grl_lambda=0.000 v18_lambda=0.000 gpu=3.0/11.8GB
[17:08:00] [train] ep=25 step=020/40 ce=0.5991 sc=0.9522 mi=0.0703 dn=0.0000 v13=0.0012 grl=0.0000 v15=0.0000 v15r=0.0000 v16=0.0000 v17=0.0000 v18=0.0000 acc=0.9750 lr=2.65e-04 lambda=0.000 grl_lambda=0.000 v18_lambda=0.000 gpu=3.0/11.8GB
[17:08:05] [train] ep=25 step=030/40 ce=0.5932 sc=0.9214 mi=0.0690 dn=0.0000 v13=0.0012 grl=0.0000 v15=0.0000 v15r=0.0000 v16=0.0000 v17=0.0000 v18=0.0000 acc=0.9792 lr=2.64e-04 lambda=0.000 grl_lambda=0.000 v18_lambda=0.000 gpu=3.0/11.8GB
[17:08:11] [train] ep=25 step=040/40 ce=0.5697 sc=0.8773 mi=0.0674 dn=0.0000 v13=0.0012 grl=0.0000 v15=0.0000 v15r=0.0000 v16=0.0000 v17=0.0000 v18=0.0000 acc=0.9797 lr=2.64e-04 lambda=0.000 grl_lambda=0.000 v18_lambda=0.000 gpu=3.0/11.8GB
[17:08:22] [ep_summary] ep=25/100 val_live=0.9691/0.9692 val_ema=0.7469/0.7204 test77_live=0.8237/0.8224 test77_diag_ema=0.1583/0.0675 v13=0.0012 grl=0.0000 v15=0.0000 v15r=0.0000 v16=0.0000 v17=0.0000 v18=0.0000 das=stage3[12,95] p=1.00 ep_time=34.6s
[17:08:22] [save] best_sourceval_ema val_acc_ema=0.7469 source_val_live=0.9691/0.9692 source_val_ema=0.7469/0.7204 ep=25
[17:08:22] [train] epoch 26/100 steps=40 use_dann=0 das=stage3 f=[12.0,95.0] p=1.00 gpu=3.0/11.8GB
[17:08:23] [train] ep=26 step=001/40 ce=0.3391 sc=0.6761 mi=0.0659 dn=0.0000 v13=0.0010 grl=0.0000 v15=0.0000 v15r=0.0000 v16=0.0000 v17=0.0000 v18=0.0000 acc=1.0000 lr=2.64e-04 lambda=0.000 grl_lambda=0.000 v18_lambda=0.000 gpu=3.0/11.8GB
[17:08:28] [train] ep=26 step=010/40 ce=0.6220 sc=0.8369 mi=0.0685 dn=0.0000 v13=0.0010 grl=0.0000 v15=0.0000 v15r=0.0000 v16=0.0000 v17=0.0000 v18=0.0000 acc=0.9750 lr=2.63e-04 lambda=0.000 grl_lambda=0.000 v18_lambda=0.000 gpu=3.0/11.8GB
[17:08:34] [train] ep=26 step=020/40 ce=0.5998 sc=0.8552 mi=0.0682 dn=0.0000 v13=0.0011 grl=0.0000 v15=0.0000 v15r=0.0000 v16=0.0000 v17=0.0000 v18=0.0000 acc=0.9750 lr=2.62e-04 lambda=0.000 grl_lambda=0.000 v18_lambda=0.000 gpu=3.0/11.8GB
[17:08:40] [train] ep=26 step=030/40 ce=0.5847 sc=0.8906 mi=0.0671 dn=0.0000 v13=0.0010 grl=0.0000 v15=0.0000 v15r=0.0000 v16=0.0000 v17=0.0000 v18=0.0000 acc=0.9792 lr=2.61e-04 lambda=0.000 grl_lambda=0.000 v18_lambda=0.000 gpu=3.0/11.8GB
[17:08:46] [train] ep=26 step=040/40 ce=0.5629 sc=0.8836 mi=0.0667 dn=0.0000 v13=0.0010 grl=0.0000 v15=0.0000 v15r=0.0000 v16=0.0000 v17=0.0000 v18=0.0000 acc=0.9797 lr=2.60e-04 lambda=0.000 grl_lambda=0.000 v18_lambda=0.000 gpu=3.0/11.8GB
[17:08:56] [ep_summary] ep=26/100 val_live=0.9815/0.9810 val_ema=0.7469/0.7187 test77_live=0.7374/0.7093 test77_diag_ema=0.1691/0.0837 v13=0.0010 grl=0.0000 v15=0.0000 v15r=0.0000 v16=0.0000 v17=0.0000 v18=0.0000 das=stage3[12,95] p=1.00 ep_time=34.0s
[17:08:56] [train] epoch 27/100 steps=40 use_dann=0 das=stage3 f=[12.0,95.0] p=1.00 gpu=3.0/11.8GB
[17:08:57] [train] ep=27 step=001/40 ce=0.5628 sc=1.1479 mi=0.0665 dn=0.0000 v13=0.0016 grl=0.0000 v15=0.0000 v15r=0.0000 v16=0.0000 v17=0.0000 v18=0.0000 acc=1.0000 lr=2.60e-04 lambda=0.000 grl_lambda=0.000 v18_lambda=0.000 gpu=3.0/11.8GB
[17:09:02] [train] ep=27 step=010/40 ce=0.5914 sc=0.9686 mi=0.0651 dn=0.0000 v13=0.0009 grl=0.0000 v15=0.0000 v15r=0.0000 v16=0.0000 v17=0.0000 v18=0.0000 acc=0.9750 lr=2.60e-04 lambda=0.000 grl_lambda=0.000 v18_lambda=0.000 gpu=3.0/11.8GB
[17:09:08] [train] ep=27 step=020/40 ce=0.6266 sc=0.9492 mi=0.0650 dn=0.0000 v13=0.0011 grl=0.0000 v15=0.0000 v15r=0.0000 v16=0.0000 v17=0.0000 v18=0.0000 acc=0.9750 lr=2.59e-04 lambda=0.000 grl_lambda=0.000 v18_lambda=0.000 gpu=3.0/11.8GB
[17:09:14] [train] ep=27 step=030/40 ce=0.5813 sc=0.9367 mi=0.0653 dn=0.0000 v13=0.0012 grl=0.0000 v15=0.0000 v15r=0.0000 v16=0.0000 v17=0.0000 v18=0.0000 acc=0.9771 lr=2.58e-04 lambda=0.000 grl_lambda=0.000 v18_lambda=0.000 gpu=3.0/11.8GB
[17:09:20] [train] ep=27 step=040/40 ce=0.6241 sc=0.9375 mi=0.0647 dn=0.0000 v13=0.0011 grl=0.0000 v15=0.0000 v15r=0.0000 v16=0.0000 v17=0.0000 v18=0.0000 acc=0.9750 lr=2.57e-04 lambda=0.000 grl_lambda=0.000 v18_lambda=0.000 gpu=3.0/11.8GB
[17:09:30] [ep_summary] ep=27/100 val_live=0.9815/0.9817 val_ema=0.7593/0.7291 test77_live=0.8633/0.8613 test77_diag_ema=0.1978/0.1187 v13=0.0011 grl=0.0000 v15=0.0000 v15r=0.0000 v16=0.0000 v17=0.0000 v18=0.0000 das=stage3[12,95] p=1.00 ep_time=34.0s
[17:09:30] [save] best_sourceval_ema val_acc_ema=0.7593 source_val_live=0.9815/0.9817 source_val_ema=0.7593/0.7291 ep=27
[17:09:30] [train] epoch 28/100 steps=40 use_dann=0 das=stage3 f=[12.0,95.0] p=1.00 gpu=3.0/11.8GB
[17:09:31] [train] ep=28 step=001/40 ce=0.5177 sc=1.1910 mi=0.0635 dn=0.0000 v13=0.0005 grl=0.0000 v15=0.0000 v15r=0.0000 v16=0.0000 v17=0.0000 v18=0.0000 acc=1.0000 lr=2.57e-04 lambda=0.000 grl_lambda=0.000 v18_lambda=0.000 gpu=3.0/11.8GB
[17:09:36] [train] ep=28 step=010/40 ce=0.5346 sc=0.9514 mi=0.0631 dn=0.0000 v13=0.0007 grl=0.0000 v15=0.0000 v15r=0.0000 v16=0.0000 v17=0.0000 v18=0.0000 acc=0.9875 lr=2.56e-04 lambda=0.000 grl_lambda=0.000 v18_lambda=0.000 gpu=3.0/11.8GB
[17:09:42] [train] ep=28 step=020/40 ce=0.5615 sc=0.9220 mi=0.0649 dn=0.0000 v13=0.0008 grl=0.0000 v15=0.0000 v15r=0.0000 v16=0.0000 v17=0.0000 v18=0.0000 acc=0.9812 lr=2.55e-04 lambda=0.000 grl_lambda=0.000 v18_lambda=0.000 gpu=3.0/11.8GB
[17:09:48] [train] ep=28 step=030/40 ce=0.5640 sc=0.8724 mi=0.0654 dn=0.0000 v13=0.0008 grl=0.0000 v15=0.0000 v15r=0.0000 v16=0.0000 v17=0.0000 v18=0.0000 acc=0.9833 lr=2.54e-04 lambda=0.000 grl_lambda=0.000 v18_lambda=0.000 gpu=3.0/11.8GB
[17:09:54] [train] ep=28 step=040/40 ce=0.5208 sc=0.8607 mi=0.0658 dn=0.0000 v13=0.0009 grl=0.0000 v15=0.0000 v15r=0.0000 v16=0.0000 v17=0.0000 v18=0.0000 acc=0.9875 lr=2.54e-04 lambda=0.000 grl_lambda=0.000 v18_lambda=0.000 gpu=3.0/11.8GB
[17:10:04] [ep_summary] ep=28/100 val_live=0.9691/0.9694 val_ema=0.7778/0.7435 test77_live=0.8237/0.8213 test77_diag_ema=0.2338/0.1508 v13=0.0009 grl=0.0000 v15=0.0000 v15r=0.0000 v16=0.0000 v17=0.0000 v18=0.0000 das=stage3[12,95] p=1.00 ep_time=34.2s
[17:10:04] [save] best_sourceval_ema val_acc_ema=0.7778 source_val_live=0.9691/0.9694 source_val_ema=0.7778/0.7435 ep=28
[17:10:04] [train] epoch 29/100 steps=40 use_dann=0 das=stage3 f=[12.0,95.0] p=1.00 gpu=3.0/11.8GB
[17:10:05] [train] ep=29 step=001/40 ce=0.9487 sc=1.2763 mi=0.0529 dn=0.0000 v13=0.0012 grl=0.0000 v15=0.0000 v15r=0.0000 v16=0.0000 v17=0.0000 v18=0.0000 acc=0.9375 lr=2.53e-04 lambda=0.000 grl_lambda=0.000 v18_lambda=0.000 gpu=3.0/11.8GB
[17:10:10] [train] ep=29 step=010/40 ce=0.3503 sc=0.7374 mi=0.0615 dn=0.0000 v13=0.0008 grl=0.0000 v15=0.0000 v15r=0.0000 v16=0.0000 v17=0.0000 v18=0.0000 acc=0.9938 lr=2.53e-04 lambda=0.000 grl_lambda=0.000 v18_lambda=0.000 gpu=3.0/11.8GB
[17:10:16] [train] ep=29 step=020/40 ce=0.3623 sc=0.7702 mi=0.0615 dn=0.0000 v13=0.0008 grl=0.0000 v15=0.0000 v15r=0.0000 v16=0.0000 v17=0.0000 v18=0.0000 acc=0.9969 lr=2.52e-04 lambda=0.000 grl_lambda=0.000 v18_lambda=0.000 gpu=3.0/11.8GB
[17:10:22] [train] ep=29 step=030/40 ce=0.3383 sc=0.7582 mi=0.0619 dn=0.0000 v13=0.0008 grl=0.0000 v15=0.0000 v15r=0.0000 v16=0.0000 v17=0.0000 v18=0.0000 acc=0.9979 lr=2.51e-04 lambda=0.000 grl_lambda=0.000 v18_lambda=0.000 gpu=3.0/11.8GB
[17:10:28] [train] ep=29 step=040/40 ce=0.3346 sc=0.7514 mi=0.0622 dn=0.0000 v13=0.0008 grl=0.0000 v15=0.0000 v15r=0.0000 v16=0.0000 v17=0.0000 v18=0.0000 acc=0.9984 lr=2.50e-04 lambda=0.000 grl_lambda=0.000 v18_lambda=0.000 gpu=3.0/11.8GB
[17:10:52] [ep_summary] ep=29/100 val_live=0.9877/0.9878 val_ema=0.7901/0.7621 test77_live=0.8237/0.8155 test77_diag_ema=0.2590/0.1732 v13=0.0008 grl=0.0000 v15=0.0000 v15r=0.0000 v16=0.0000 v17=0.0000 v18=0.0000 das=stage3[12,95] p=1.00 ep_time=47.8s
[17:11:03] [save] best_sourceval_ema val_acc_ema=0.7901 source_val_live=0.9877/0.9878 source_val_ema=0.7901/0.7621 ep=29
[17:11:03] [train] epoch 30/100 steps=40 use_dann=0 das=stage3 f=[12.0,95.0] p=1.00 gpu=3.0/11.8GB
[17:11:03] [train] ep=30 step=001/40 ce=0.2736 sc=1.3481 mi=0.0804 dn=0.0000 v13=0.0010 grl=0.0000 v15=0.0000 v15r=0.0000 v16=0.0000 v17=0.0000 v18=0.0000 acc=1.0000 lr=2.50e-04 lambda=0.000 grl_lambda=0.000 v18_lambda=0.000 gpu=3.0/11.8GB
[17:11:09] [train] ep=30 step=010/40 ce=0.3185 sc=0.8310 mi=0.0635 dn=0.0000 v13=0.0007 grl=0.0000 v15=0.0000 v15r=0.0000 v16=0.0000 v17=0.0000 v18=0.0000 acc=0.9938 lr=2.49e-04 lambda=0.000 grl_lambda=0.000 v18_lambda=0.000 gpu=3.0/11.8GB
[17:11:14] [train] ep=30 step=020/40 ce=0.4321 sc=0.8624 mi=0.0646 dn=0.0000 v13=0.0008 grl=0.0000 v15=0.0000 v15r=0.0000 v16=0.0000 v17=0.0000 v18=0.0000 acc=0.9875 lr=2.48e-04 lambda=0.000 grl_lambda=0.000 v18_lambda=0.000 gpu=3.0/11.8GB
[17:11:20] [train] ep=30 step=030/40 ce=0.4314 sc=0.9115 mi=0.0648 dn=0.0000 v13=0.0009 grl=0.0000 v15=0.0000 v15r=0.0000 v16=0.0000 v17=0.0000 v18=0.0000 acc=0.9875 lr=2.47e-04 lambda=0.000 grl_lambda=0.000 v18_lambda=0.000 gpu=3.0/11.8GB
[17:11:26] [train] ep=30 step=040/40 ce=0.4295 sc=0.9408 mi=0.0649 dn=0.0000 v13=0.0009 grl=0.0000 v15=0.0000 v15r=0.0000 v16=0.0000 v17=0.0000 v18=0.0000 acc=0.9891 lr=2.46e-04 lambda=0.000 grl_lambda=0.000 v18_lambda=0.000 gpu=3.0/11.8GB
[17:11:37] [pool] check ep=030/100 source_val_acc_ema=0.8272 threshold=0.90
[17:11:37] [pool] ep=030 SKIP (source_val_acc_ema=0.8272 < 0.90)
[17:11:37] [ep_summary] ep=30/100 val_live=0.9630/0.9631 val_ema=0.8272/0.8089 test77_live=0.7626/0.7496 test77_diag_ema=0.2770/0.1972 v13=0.0009 grl=0.0000 v15=0.0000 v15r=0.0000 v16=0.0000 v17=0.0000 v18=0.0000 das=stage3[12,95] p=1.00 ep_time=34.6s
[17:11:47] [save] best_sourceval_ema val_acc_ema=0.8272 source_val_live=0.9630/0.9631 source_val_ema=0.8272/0.8089 ep=30
[17:11:47] [strict77_monitor] ep=30 best_source_epoch=30 source_val_ema=0.8272/0.8089 test77_ema_diag=0.2770/0.1972 sourcequalified_count=0
[17:11:47] [train] epoch 31/100 steps=40 use_dann=0 das=stage3 f=[12.0,95.0] p=1.00 gpu=3.0/11.8GB
[17:11:47] [train] ep=31 step=001/40 ce=0.2720 sc=1.0597 mi=0.0613 dn=0.0000 v13=0.0017 grl=0.0000 v15=0.0000 v15r=0.0000 v16=0.0000 v17=0.0000 v18=0.0000 acc=1.0000 lr=2.46e-04 lambda=0.000 grl_lambda=0.000 v18_lambda=0.000 gpu=3.0/11.8GB
[17:11:52] [train] ep=31 step=010/40 ce=0.3562 sc=0.7793 mi=0.0624 dn=0.0000 v13=0.0010 grl=0.0000 v15=0.0000 v15r=0.0000 v16=0.0000 v17=0.0000 v18=0.0000 acc=0.9938 lr=2.45e-04 lambda=0.000 grl_lambda=0.000 v18_lambda=0.000 gpu=3.0/11.8GB
[17:11:58] [train] ep=31 step=020/40 ce=0.3223 sc=0.7541 mi=0.0632 dn=0.0000 v13=0.0009 grl=0.0000 v15=0.0000 v15r=0.0000 v16=0.0000 v17=0.0000 v18=0.0000 acc=0.9969 lr=2.44e-04 lambda=0.000 grl_lambda=0.000 v18_lambda=0.000 gpu=3.0/11.8GB
[17:12:04] [train] ep=31 step=030/40 ce=0.3685 sc=0.7419 mi=0.0643 dn=0.0000 v13=0.0009 grl=0.0000 v15=0.0000 v15r=0.0000 v16=0.0000 v17=0.0000 v18=0.0000 acc=0.9938 lr=2.43e-04 lambda=0.000 grl_lambda=0.000 v18_lambda=0.000 gpu=3.0/11.8GB
[17:12:10] [train] ep=31 step=040/40 ce=0.3534 sc=0.7401 mi=0.0638 dn=0.0000 v13=0.0009 grl=0.0000 v15=0.0000 v15r=0.0000 v16=0.0000 v17=0.0000 v18=0.0000 acc=0.9953 lr=2.43e-04 lambda=0.000 grl_lambda=0.000 v18_lambda=0.000 gpu=3.0/11.8GB
[17:12:21] [ep_summary] ep=31/100 val_live=0.9630/0.9631 val_ema=0.8333/0.8141 test77_live=0.7662/0.7414 test77_diag_ema=0.3022/0.2279 v13=0.0009 grl=0.0000 v15=0.0000 v15r=0.0000 v16=0.0000 v17=0.0000 v18=0.0000 das=stage3[12,95] p=1.00 ep_time=34.8s
[17:12:36] [save] best_sourceval_ema val_acc_ema=0.8333 source_val_live=0.9630/0.9631 source_val_ema=0.8333/0.8141 ep=31
[17:12:36] [train] epoch 32/100 steps=40 use_dann=0 das=stage3 f=[12.0,95.0] p=1.00 gpu=3.0/11.8GB
[17:12:37] [train] ep=32 step=001/40 ce=0.2731 sc=0.5566 mi=0.0560 dn=0.0000 v13=0.0010 grl=0.0000 v15=0.0000 v15r=0.0000 v16=0.0000 v17=0.0000 v18=0.0000 acc=1.0000 lr=2.42e-04 lambda=0.000 grl_lambda=0.000 v18_lambda=0.000 gpu=3.0/11.8GB
[17:12:42] [train] ep=32 step=010/40 ce=0.7710 sc=0.9268 mi=0.0642 dn=0.0000 v13=0.0008 grl=0.0000 v15=0.0000 v15r=0.0000 v16=0.0000 v17=0.0000 v18=0.0000 acc=0.9688 lr=2.42e-04 lambda=0.000 grl_lambda=0.000 v18_lambda=0.000 gpu=3.0/11.8GB
[17:12:48] [train] ep=32 step=020/40 ce=0.6833 sc=0.9975 mi=0.0644 dn=0.0000 v13=0.0007 grl=0.0000 v15=0.0000 v15r=0.0000 v16=0.0000 v17=0.0000 v18=0.0000 acc=0.9750 lr=2.41e-04 lambda=0.000 grl_lambda=0.000 v18_lambda=0.000 gpu=3.0/11.8GB
[17:12:54] [train] ep=32 step=030/40 ce=0.5894 sc=0.9535 mi=0.0630 dn=0.0000 v13=0.0007 grl=0.0000 v15=0.0000 v15r=0.0000 v16=0.0000 v17=0.0000 v18=0.0000 acc=0.9812 lr=2.40e-04 lambda=0.000 grl_lambda=0.000 v18_lambda=0.000 gpu=3.0/11.8GB
[17:12:59] [train] ep=32 step=040/40 ce=0.5654 sc=0.9404 mi=0.0633 dn=0.0000 v13=0.0007 grl=0.0000 v15=0.0000 v15r=0.0000 v16=0.0000 v17=0.0000 v18=0.0000 acc=0.9828 lr=2.39e-04 lambda=0.000 grl_lambda=0.000 v18_lambda=0.000 gpu=3.0/11.8GB
[17:13:12] [ep_summary] ep=32/100 val_live=0.9753/0.9757 val_ema=0.8519/0.8441 test77_live=0.7518/0.7405 test77_diag_ema=0.3237/0.2539 v13=0.0007 grl=0.0000 v15=0.0000 v15r=0.0000 v16=0.0000 v17=0.0000 v18=0.0000 das=stage3[12,95] p=1.00 ep_time=35.8s
[17:13:12] [save] best_sourceval_ema val_acc_ema=0.8519 source_val_live=0.9753/0.9757 source_val_ema=0.8519/0.8441 ep=32
[17:13:12] [train] epoch 33/100 steps=40 use_dann=0 das=stage3 f=[12.0,95.0] p=1.00 gpu=3.0/11.8GB
[17:13:12] [train] ep=33 step=001/40 ce=0.6246 sc=0.9911 mi=0.0657 dn=0.0000 v13=0.0005 grl=0.0000 v15=0.0000 v15r=0.0000 v16=0.0000 v17=0.0000 v18=0.0000 acc=1.0000 lr=2.39e-04 lambda=0.000 grl_lambda=0.000 v18_lambda=0.000 gpu=3.0/11.8GB
[17:13:17] [train] ep=33 step=010/40 ce=0.3909 sc=0.7349 mi=0.0634 dn=0.0000 v13=0.0008 grl=0.0000 v15=0.0000 v15r=0.0000 v16=0.0000 v17=0.0000 v18=0.0000 acc=0.9938 lr=2.38e-04 lambda=0.000 grl_lambda=0.000 v18_lambda=0.000 gpu=3.0/11.8GB
[17:13:23] [train] ep=33 step=020/40 ce=0.4272 sc=0.7759 mi=0.0621 dn=0.0000 v13=0.0009 grl=0.0000 v15=0.0000 v15r=0.0000 v16=0.0000 v17=0.0000 v18=0.0000 acc=0.9938 lr=2.37e-04 lambda=0.000 grl_lambda=0.000 v18_lambda=0.000 gpu=3.0/11.8GB
[17:13:29] [train] ep=33 step=030/40 ce=0.4162 sc=0.7607 mi=0.0623 dn=0.0000 v13=0.0008 grl=0.0000 v15=0.0000 v15r=0.0000 v16=0.0000 v17=0.0000 v18=0.0000 acc=0.9938 lr=2.36e-04 lambda=0.000 grl_lambda=0.000 v18_lambda=0.000 gpu=3.0/11.8GB
[17:13:35] [train] ep=33 step=040/40 ce=0.4057 sc=0.7568 mi=0.0630 dn=0.0000 v13=0.0008 grl=0.0000 v15=0.0000 v15r=0.0000 v16=0.0000 v17=0.0000 v18=0.0000 acc=0.9938 lr=2.35e-04 lambda=0.000 grl_lambda=0.000 v18_lambda=0.000 gpu=3.0/11.8GB
[17:13:46] [ep_summary] ep=33/100 val_live=0.9383/0.9355 val_ema=0.8580/0.8492 test77_live=0.8022/0.7966 test77_diag_ema=0.3525/0.2814 v13=0.0008 grl=0.0000 v15=0.0000 v15r=0.0000 v16=0.0000 v17=0.0000 v18=0.0000 das=stage3[12,95] p=1.00 ep_time=34.1s
[17:13:46] [save] best_sourceval_ema val_acc_ema=0.8580 source_val_live=0.9383/0.9355 source_val_ema=0.8580/0.8492 ep=33
[17:13:46] [train] epoch 34/100 steps=40 use_dann=0 das=stage3 f=[12.0,95.0] p=1.00 gpu=3.0/11.8GB
[17:13:46] [train] ep=34 step=001/40 ce=0.2936 sc=0.5643 mi=0.0551 dn=0.0000 v13=0.0002 grl=0.0000 v15=0.0000 v15r=0.0000 v16=0.0000 v17=0.0000 v18=0.0000 acc=1.0000 lr=2.35e-04 lambda=0.000 grl_lambda=0.000 v18_lambda=0.000 gpu=3.0/11.8GB
[17:13:52] [train] ep=34 step=010/40 ce=0.4281 sc=0.8258 mi=0.0648 dn=0.0000 v13=0.0007 grl=0.0000 v15=0.0000 v15r=0.0000 v16=0.0000 v17=0.0000 v18=0.0000 acc=0.9938 lr=2.34e-04 lambda=0.000 grl_lambda=0.000 v18_lambda=0.000 gpu=3.0/11.8GB
[17:13:58] [train] ep=34 step=020/40 ce=0.5147 sc=0.9009 mi=0.0656 dn=0.0000 v13=0.0007 grl=0.0000 v15=0.0000 v15r=0.0000 v16=0.0000 v17=0.0000 v18=0.0000 acc=0.9875 lr=2.33e-04 lambda=0.000 grl_lambda=0.000 v18_lambda=0.000 gpu=3.0/11.8GB
[17:14:03] [train] ep=34 step=030/40 ce=0.4395 sc=0.8495 mi=0.0645 dn=0.0000 v13=0.0007 grl=0.0000 v15=0.0000 v15r=0.0000 v16=0.0000 v17=0.0000 v18=0.0000 acc=0.9917 lr=2.32e-04 lambda=0.000 grl_lambda=0.000 v18_lambda=0.000 gpu=3.0/11.8GB
[17:14:09] [train] ep=34 step=040/40 ce=0.4191 sc=0.8465 mi=0.0637 dn=0.0000 v13=0.0008 grl=0.0000 v15=0.0000 v15r=0.0000 v16=0.0000 v17=0.0000 v18=0.0000 acc=0.9938 lr=2.31e-04 lambda=0.000 grl_lambda=0.000 v18_lambda=0.000 gpu=3.0/11.8GB
[17:14:20] [ep_summary] ep=34/100 val_live=0.9630/0.9630 val_ema=0.8704/0.8637 test77_live=0.7698/0.7595 test77_diag_ema=0.3669/0.2922 v13=0.0008 grl=0.0000 v15=0.0000 v15r=0.0000 v16=0.0000 v17=0.0000 v18=0.0000 das=stage3[12,95] p=1.00 ep_time=34.1s
[17:14:20] [save] best_sourceval_ema val_acc_ema=0.8704 source_val_live=0.9630/0.9630 source_val_ema=0.8704/0.8637 ep=34
[17:14:20] [train] epoch 35/100 steps=40 use_dann=0 das=stage3 f=[12.0,95.0] p=1.00 gpu=3.0/11.8GB
[17:14:20] [train] ep=35 step=001/40 ce=0.2634 sc=1.1444 mi=0.0667 dn=0.0000 v13=0.0006 grl=0.0000 v15=0.0000 v15r=0.0000 v16=0.0000 v17=0.0000 v18=0.0000 acc=1.0000 lr=2.31e-04 lambda=0.000 grl_lambda=0.000 v18_lambda=0.000 gpu=3.0/11.8GB
[17:14:26] [train] ep=35 step=010/40 ce=0.4034 sc=0.9304 mi=0.0615 dn=0.0000 v13=0.0008 grl=0.0000 v15=0.0000 v15r=0.0000 v16=0.0000 v17=0.0000 v18=0.0000 acc=0.9938 lr=2.30e-04 lambda=0.000 grl_lambda=0.000 v18_lambda=0.000 gpu=3.0/11.8GB
[17:14:32] [train] ep=35 step=020/40 ce=0.4009 sc=0.8747 mi=0.0619 dn=0.0000 v13=0.0008 grl=0.0000 v15=0.0000 v15r=0.0000 v16=0.0000 v17=0.0000 v18=0.0000 acc=0.9938 lr=2.29e-04 lambda=0.000 grl_lambda=0.000 v18_lambda=0.000 gpu=3.0/11.8GB
[17:14:38] [train] ep=35 step=030/40 ce=0.4090 sc=0.8821 mi=0.0611 dn=0.0000 v13=0.0008 grl=0.0000 v15=0.0000 v15r=0.0000 v16=0.0000 v17=0.0000 v18=0.0000 acc=0.9917 lr=2.28e-04 lambda=0.000 grl_lambda=0.000 v18_lambda=0.000 gpu=3.0/11.8GB
[17:14:43] [train] ep=35 step=040/40 ce=0.3789 sc=0.8348 mi=0.0603 dn=0.0000 v13=0.0007 grl=0.0000 v15=0.0000 v15r=0.0000 v16=0.0000 v17=0.0000 v18=0.0000 acc=0.9938 lr=2.27e-04 lambda=0.000 grl_lambda=0.000 v18_lambda=0.000 gpu=3.0/11.8GB
[17:14:54] [ep_summary] ep=35/100 val_live=0.9691/0.9688 val_ema=0.8765/0.8722 test77_live=0.8489/0.8463 test77_diag_ema=0.3741/0.2980 v13=0.0007 grl=0.0000 v15=0.0000 v15r=0.0000 v16=0.0000 v17=0.0000 v18=0.0000 das=stage3[12,95] p=1.00 ep_time=34.0s
[17:14:54] [save] best_sourceval_ema val_acc_ema=0.8765 source_val_live=0.9691/0.9688 source_val_ema=0.8765/0.8722 ep=35
[17:14:54] [train] epoch 36/100 steps=40 use_dann=0 das=stage3 f=[12.0,95.0] p=1.00 gpu=3.0/11.8GB
[17:14:55] [train] ep=36 step=001/40 ce=0.7267 sc=1.2653 mi=0.0620 dn=0.0000 v13=0.0006 grl=0.0000 v15=0.0000 v15r=0.0000 v16=0.0000 v17=0.0000 v18=0.0000 acc=0.9375 lr=2.26e-04 lambda=0.000 grl_lambda=0.000 v18_lambda=0.000 gpu=3.0/11.8GB
[17:15:00] [train] ep=36 step=010/40 ce=0.6464 sc=0.9528 mi=0.0604 dn=0.0000 v13=0.0006 grl=0.0000 v15=0.0000 v15r=0.0000 v16=0.0000 v17=0.0000 v18=0.0000 acc=0.9750 lr=2.25e-04 lambda=0.000 grl_lambda=0.000 v18_lambda=0.000 gpu=3.0/11.8GB
[17:15:06] [train] ep=36 step=020/40 ce=0.4771 sc=0.8571 mi=0.0619 dn=0.0000 v13=0.0006 grl=0.0000 v15=0.0000 v15r=0.0000 v16=0.0000 v17=0.0000 v18=0.0000 acc=0.9875 lr=2.24e-04 lambda=0.000 grl_lambda=0.000 v18_lambda=0.000 gpu=3.0/11.8GB
[17:15:12] [train] ep=36 step=030/40 ce=0.4279 sc=0.8589 mi=0.0612 dn=0.0000 v13=0.0006 grl=0.0000 v15=0.0000 v15r=0.0000 v16=0.0000 v17=0.0000 v18=0.0000 acc=0.9896 lr=2.23e-04 lambda=0.000 grl_lambda=0.000 v18_lambda=0.000 gpu=3.0/11.8GB
[17:15:17] [train] ep=36 step=040/40 ce=0.4416 sc=0.8848 mi=0.0621 dn=0.0000 v13=0.0006 grl=0.0000 v15=0.0000 v15r=0.0000 v16=0.0000 v17=0.0000 v18=0.0000 acc=0.9875 lr=2.22e-04 lambda=0.000 grl_lambda=0.000 v18_lambda=0.000 gpu=3.0/11.8GB
[17:15:28] [ep_summary] ep=36/100 val_live=0.9568/0.9568 val_ema=0.8765/0.8748 test77_live=0.8777/0.8758 test77_diag_ema=0.4065/0.3325 v13=0.0006 grl=0.0000 v15=0.0000 v15r=0.0000 v16=0.0000 v17=0.0000 v18=0.0000 das=stage3[12,95] p=1.00 ep_time=34.2s
[17:15:28] [train] epoch 37/100 steps=40 use_dann=0 das=stage3 f=[12.0,95.0] p=1.00 gpu=3.0/11.8GB
[17:15:29] [train] ep=37 step=001/40 ce=0.4280 sc=1.2266 mi=0.0607 dn=0.0000 v13=0.0010 grl=0.0000 v15=0.0000 v15r=0.0000 v16=0.0000 v17=0.0000 v18=0.0000 acc=1.0000 lr=2.22e-04 lambda=0.000 grl_lambda=0.000 v18_lambda=0.000 gpu=3.0/11.8GB
[17:15:34] [train] ep=37 step=010/40 ce=0.3817 sc=0.8237 mi=0.0636 dn=0.0000 v13=0.0007 grl=0.0000 v15=0.0000 v15r=0.0000 v16=0.0000 v17=0.0000 v18=0.0000 acc=0.9938 lr=2.21e-04 lambda=0.000 grl_lambda=0.000 v18_lambda=0.000 gpu=3.0/11.8GB
[17:15:40] [train] ep=37 step=020/40 ce=0.3474 sc=0.8515 mi=0.0630 dn=0.0000 v13=0.0007 grl=0.0000 v15=0.0000 v15r=0.0000 v16=0.0000 v17=0.0000 v18=0.0000 acc=0.9969 lr=2.20e-04 lambda=0.000 grl_lambda=0.000 v18_lambda=0.000 gpu=3.0/11.8GB
[17:15:46] [train] ep=37 step=030/40 ce=0.3516 sc=0.8569 mi=0.0625 dn=0.0000 v13=0.0007 grl=0.0000 v15=0.0000 v15r=0.0000 v16=0.0000 v17=0.0000 v18=0.0000 acc=0.9958 lr=2.19e-04 lambda=0.000 grl_lambda=0.000 v18_lambda=0.000 gpu=3.0/11.8GB
[17:15:52] [train] ep=37 step=040/40 ce=0.3725 sc=0.8656 mi=0.0624 dn=0.0000 v13=0.0008 grl=0.0000 v15=0.0000 v15r=0.0000 v16=0.0000 v17=0.0000 v18=0.0000 acc=0.9938 lr=2.18e-04 lambda=0.000 grl_lambda=0.000 v18_lambda=0.000 gpu=3.0/11.8GB
[17:16:02] [ep_summary] ep=37/100 val_live=0.9753/0.9756 val_ema=0.8951/0.8971 test77_live=0.7590/0.7399 test77_diag_ema=0.4209/0.3529 v13=0.0008 grl=0.0000 v15=0.0000 v15r=0.0000 v16=0.0000 v17=0.0000 v18=0.0000 das=stage3[12,95] p=1.00 ep_time=33.9s
[17:16:02] [save] best_sourceval_ema val_acc_ema=0.8951 source_val_live=0.9753/0.9756 source_val_ema=0.8951/0.8971 ep=37
[17:16:02] [train] epoch 38/100 steps=40 use_dann=0 das=stage3 f=[12.0,95.0] p=1.00 gpu=3.0/11.8GB
[17:16:03] [train] ep=38 step=001/40 ce=0.2631 sc=0.8784 mi=0.0595 dn=0.0000 v13=0.0009 grl=0.0000 v15=0.0000 v15r=0.0000 v16=0.0000 v17=0.0000 v18=0.0000 acc=1.0000 lr=2.18e-04 lambda=0.000 grl_lambda=0.000 v18_lambda=0.000 gpu=3.0/11.8GB
[17:16:08] [train] ep=38 step=010/40 ce=0.2838 sc=0.7121 mi=0.0601 dn=0.0000 v13=0.0006 grl=0.0000 v15=0.0000 v15r=0.0000 v16=0.0000 v17=0.0000 v18=0.0000 acc=1.0000 lr=2.17e-04 lambda=0.000 grl_lambda=0.000 v18_lambda=0.000 gpu=3.0/11.8GB
[17:16:14] [train] ep=38 step=020/40 ce=0.3118 sc=0.7290 mi=0.0602 dn=0.0000 v13=0.0007 grl=0.0000 v15=0.0000 v15r=0.0000 v16=0.0000 v17=0.0000 v18=0.0000 acc=0.9969 lr=2.16e-04 lambda=0.000 grl_lambda=0.000 v18_lambda=0.000 gpu=3.0/11.8GB
[17:16:20] [train] ep=38 step=030/40 ce=0.3488 sc=0.7285 mi=0.0604 dn=0.0000 v13=0.0007 grl=0.0000 v15=0.0000 v15r=0.0000 v16=0.0000 v17=0.0000 v18=0.0000 acc=0.9958 lr=2.15e-04 lambda=0.000 grl_lambda=0.000 v18_lambda=0.000 gpu=3.0/11.8GB
[17:16:26] [train] ep=38 step=040/40 ce=0.3587 sc=0.7386 mi=0.0605 dn=0.0000 v13=0.0007 grl=0.0000 v15=0.0000 v15r=0.0000 v16=0.0000 v17=0.0000 v18=0.0000 acc=0.9938 lr=2.14e-04 lambda=0.000 grl_lambda=0.000 v18_lambda=0.000 gpu=3.0/11.8GB
[17:16:37] [ep_summary] ep=38/100 val_live=0.9506/0.9492 val_ema=0.9074/0.9094 test77_live=0.6871/0.6482 test77_diag_ema=0.4460/0.3821 v13=0.0007 grl=0.0000 v15=0.0000 v15r=0.0000 v16=0.0000 v17=0.0000 v18=0.0000 das=stage3[12,95] p=1.00 ep_time=34.5s
[17:16:37] [save] best_sourceval_ema val_acc_ema=0.9074 source_val_live=0.9506/0.9492 source_val_ema=0.9074/0.9094 ep=38
[17:16:37] [save] best_sourcequalified77_ema ep=38 source_val_live=0.9506/0.9492 source_val_ema=0.9074/0.9094 test77_ema=0.4460/0.3821
[17:16:37] [train] epoch 39/100 steps=40 use_dann=0 das=stage3 f=[12.0,95.0] p=1.00 gpu=3.0/11.8GB
[17:16:37] [train] ep=39 step=001/40 ce=0.2642 sc=0.4475 mi=0.0582 dn=0.0000 v13=0.0008 grl=0.0000 v15=0.0000 v15r=0.0000 v16=0.0000 v17=0.0000 v18=0.0000 acc=1.0000 lr=2.14e-04 lambda=0.000 grl_lambda=0.000 v18_lambda=0.000 gpu=3.0/11.8GB
[17:16:43] [train] ep=39 step=010/40 ce=0.2877 sc=0.7456 mi=0.0580 dn=0.0000 v13=0.0008 grl=0.0000 v15=0.0000 v15r=0.0000 v16=0.0000 v17=0.0000 v18=0.0000 acc=1.0000 lr=2.13e-04 lambda=0.000 grl_lambda=0.000 v18_lambda=0.000 gpu=3.0/11.8GB
[17:16:48] [train] ep=39 step=020/40 ce=0.2920 sc=0.8100 mi=0.0594 dn=0.0000 v13=0.0007 grl=0.0000 v15=0.0000 v15r=0.0000 v16=0.0000 v17=0.0000 v18=0.0000 acc=1.0000 lr=2.11e-04 lambda=0.000 grl_lambda=0.000 v18_lambda=0.000 gpu=3.0/11.8GB
[17:16:54] [train] ep=39 step=030/40 ce=0.3275 sc=0.8371 mi=0.0596 dn=0.0000 v13=0.0007 grl=0.0000 v15=0.0000 v15r=0.0000 v16=0.0000 v17=0.0000 v18=0.0000 acc=0.9958 lr=2.10e-04 lambda=0.000 grl_lambda=0.000 v18_lambda=0.000 gpu=3.0/11.8GB
[17:17:00] [train] ep=39 step=040/40 ce=0.3497 sc=0.8361 mi=0.0596 dn=0.0000 v13=0.0007 grl=0.0000 v15=0.0000 v15r=0.0000 v16=0.0000 v17=0.0000 v18=0.0000 acc=0.9938 lr=2.09e-04 lambda=0.000 grl_lambda=0.000 v18_lambda=0.000 gpu=3.0/11.8GB
[17:17:11] [ep_summary] ep=39/100 val_live=0.9877/0.9878 val_ema=0.9198/0.9221 test77_live=0.8309/0.8248 test77_diag_ema=0.4676/0.4073 v13=0.0007 grl=0.0000 v15=0.0000 v15r=0.0000 v16=0.0000 v17=0.0000 v18=0.0000 das=stage3[12,95] p=1.00 ep_time=34.1s
[17:17:11] [save] best_sourceval_ema val_acc_ema=0.9198 source_val_live=0.9877/0.9878 source_val_ema=0.9198/0.9221 ep=39
[17:17:11] [save] best_sourcequalified77_ema ep=39 source_val_live=0.9877/0.9878 source_val_ema=0.9198/0.9221 test77_ema=0.4676/0.4073
[17:17:11] [train] epoch 40/100 steps=40 use_dann=0 das=stage3 f=[12.0,95.0] p=1.00 gpu=3.0/11.8GB
[17:17:11] [train] ep=40 step=001/40 ce=0.9912 sc=1.5364 mi=0.0608 dn=0.0000 v13=0.0006 grl=0.0000 v15=0.0000 v15r=0.0000 v16=0.0000 v17=0.0000 v18=0.0000 acc=0.9375 lr=2.09e-04 lambda=0.000 grl_lambda=0.000 v18_lambda=0.000 gpu=3.0/11.8GB
[17:17:17] [train] ep=40 step=010/40 ce=0.6028 sc=0.7936 mi=0.0575 dn=0.0000 v13=0.0007 grl=0.0000 v15=0.0000 v15r=0.0000 v16=0.0000 v17=0.0000 v18=0.0000 acc=0.9688 lr=2.08e-04 lambda=0.000 grl_lambda=0.000 v18_lambda=0.000 gpu=3.0/11.8GB
[17:17:23] [train] ep=40 step=020/40 ce=0.5158 sc=0.8500 mi=0.0590 dn=0.0000 v13=0.0007 grl=0.0000 v15=0.0000 v15r=0.0000 v16=0.0000 v17=0.0000 v18=0.0000 acc=0.9781 lr=2.07e-04 lambda=0.000 grl_lambda=0.000 v18_lambda=0.000 gpu=3.0/11.8GB
[17:17:28] [train] ep=40 step=030/40 ce=0.4525 sc=0.8515 mi=0.0594 dn=0.0000 v13=0.0007 grl=0.0000 v15=0.0000 v15r=0.0000 v16=0.0000 v17=0.0000 v18=0.0000 acc=0.9854 lr=2.06e-04 lambda=0.000 grl_lambda=0.000 v18_lambda=0.000 gpu=3.0/11.8GB
[17:17:34] [train] ep=40 step=040/40 ce=0.4233 sc=0.8625 mi=0.0606 dn=0.0000 v13=0.0007 grl=0.0000 v15=0.0000 v15r=0.0000 v16=0.0000 v17=0.0000 v18=0.0000 acc=0.9875 lr=2.05e-04 lambda=0.000 grl_lambda=0.000 v18_lambda=0.000 gpu=3.0/11.8GB
[17:17:45] [pool] check ep=040/100 source_val_acc_ema=0.9444 threshold=0.90
[17:17:53] [pool] ep=040 ADDED src_val=0.9444/0.9450 dev77=0.4714/0.4087 final77=0.4964/0.4392
[17:17:53] [pool] running best ep=040 dev77_f1=0.4087 final77_f1=0.4392 (pool_size=1)
[17:17:53] [ep_summary] ep=40/100 val_live=0.9753/0.9756 val_ema=0.9444/0.9450 test77_live=0.8777/0.8764 test77_diag_ema=0.4964/0.4392 v13=0.0007 grl=0.0000 v15=0.0000 v15r=0.0000 v16=0.0000 v17=0.0000 v18=0.0000 das=stage3[12,95] p=1.00 ep_time=42.3s
[17:17:53] [save] best_sourceval_ema val_acc_ema=0.9444 source_val_live=0.9753/0.9756 source_val_ema=0.9444/0.9450 ep=40
[17:17:53] [save] best_sourcequalified77_ema ep=40 source_val_live=0.9753/0.9756 source_val_ema=0.9444/0.9450 test77_ema=0.4964/0.4392
[17:17:53] [strict77_monitor] ep=40 best_source_epoch=40 source_val_ema=0.9444/0.9450 test77_ema_diag=0.4964/0.4392 sourcequalified_count=3 best_sourcequalified77_epoch=40 source_val_ema=0.9444/0.9450 test77_ema=0.4964/0.4392
[17:17:53] [train] epoch 41/100 steps=40 use_dann=0 das=stage3 f=[12.0,95.0] p=1.00 gpu=3.0/11.8GB
[17:17:54] [train] ep=41 step=001/40 ce=0.2627 sc=0.6155 mi=0.0632 dn=0.0000 v13=0.0007 grl=0.0000 v15=0.0000 v15r=0.0000 v16=0.0000 v17=0.0000 v18=0.0000 acc=1.0000 lr=2.05e-04 lambda=0.000 grl_lambda=0.000 v18_lambda=0.000 gpu=3.0/11.8GB
[17:18:00] [train] ep=41 step=010/40 ce=0.3456 sc=0.6899 mi=0.0583 dn=0.0000 v13=0.0006 grl=0.0000 v15=0.0000 v15r=0.0000 v16=0.0000 v17=0.0000 v18=0.0000 acc=0.9938 lr=2.04e-04 lambda=0.000 grl_lambda=0.000 v18_lambda=0.000 gpu=3.0/11.8GB
[17:18:05] [train] ep=41 step=020/40 ce=0.3301 sc=0.7485 mi=0.0591 dn=0.0000 v13=0.0007 grl=0.0000 v15=0.0000 v15r=0.0000 v16=0.0000 v17=0.0000 v18=0.0000 acc=0.9969 lr=2.02e-04 lambda=0.000 grl_lambda=0.000 v18_lambda=0.000 gpu=3.0/11.8GB
[17:18:11] [train] ep=41 step=030/40 ce=0.3420 sc=0.7734 mi=0.0598 dn=0.0000 v13=0.0007 grl=0.0000 v15=0.0000 v15r=0.0000 v16=0.0000 v17=0.0000 v18=0.0000 acc=0.9938 lr=2.01e-04 lambda=0.000 grl_lambda=0.000 v18_lambda=0.000 gpu=3.0/11.8GB
[17:18:17] [train] ep=41 step=040/40 ce=0.3681 sc=0.7507 mi=0.0597 dn=0.0000 v13=0.0007 grl=0.0000 v15=0.0000 v15r=0.0000 v16=0.0000 v17=0.0000 v18=0.0000 acc=0.9922 lr=2.00e-04 lambda=0.000 grl_lambda=0.000 v18_lambda=0.000 gpu=3.0/11.8GB
[17:18:28] [ep_summary] ep=41/100 val_live=0.9691/0.9689 val_ema=0.9506/0.9514 test77_live=0.8669/0.8652 test77_diag_ema=0.5324/0.4808 v13=0.0007 grl=0.0000 v15=0.0000 v15r=0.0000 v16=0.0000 v17=0.0000 v18=0.0000 das=stage3[12,95] p=1.00 ep_time=34.5s
[17:18:28] [save] best_sourceval_ema val_acc_ema=0.9506 source_val_live=0.9691/0.9689 source_val_ema=0.9506/0.9514 ep=41
[17:18:28] [save] best_sourcequalified77_ema ep=41 source_val_live=0.9691/0.9689 source_val_ema=0.9506/0.9514 test77_ema=0.5324/0.4808
[17:18:28] [train] epoch 42/100 steps=40 use_dann=0 das=stage3 f=[12.0,95.0] p=1.00 gpu=3.0/11.8GB
[17:18:28] [train] ep=42 step=001/40 ce=0.2638 sc=0.6168 mi=0.0643 dn=0.0000 v13=0.0004 grl=0.0000 v15=0.0000 v15r=0.0000 v16=0.0000 v17=0.0000 v18=0.0000 acc=1.0000 lr=2.00e-04 lambda=0.000 grl_lambda=0.000 v18_lambda=0.000 gpu=3.0/11.8GB
[17:18:34] [train] ep=42 step=010/40 ce=0.2833 sc=0.7579 mi=0.0602 dn=0.0000 v13=0.0007 grl=0.0000 v15=0.0000 v15r=0.0000 v16=0.0000 v17=0.0000 v18=0.0000 acc=1.0000 lr=1.99e-04 lambda=0.000 grl_lambda=0.000 v18_lambda=0.000 gpu=3.0/11.8GB
[17:18:40] [train] ep=42 step=020/40 ce=0.3329 sc=0.7540 mi=0.0615 dn=0.0000 v13=0.0007 grl=0.0000 v15=0.0000 v15r=0.0000 v16=0.0000 v17=0.0000 v18=0.0000 acc=0.9938 lr=1.98e-04 lambda=0.000 grl_lambda=0.000 v18_lambda=0.000 gpu=3.0/11.8GB
[17:18:45] [train] ep=42 step=030/40 ce=0.3469 sc=0.7803 mi=0.0603 dn=0.0000 v13=0.0007 grl=0.0000 v15=0.0000 v15r=0.0000 v16=0.0000 v17=0.0000 v18=0.0000 acc=0.9938 lr=1.97e-04 lambda=0.000 grl_lambda=0.000 v18_lambda=0.000 gpu=3.0/11.8GB
[17:18:51] [train] ep=42 step=040/40 ce=0.3476 sc=0.7976 mi=0.0592 dn=0.0000 v13=0.0007 grl=0.0000 v15=0.0000 v15r=0.0000 v16=0.0000 v17=0.0000 v18=0.0000 acc=0.9938 lr=1.96e-04 lambda=0.000 grl_lambda=0.000 v18_lambda=0.000 gpu=3.0/11.8GB
[17:19:02] [ep_summary] ep=42/100 val_live=0.9815/0.9817 val_ema=0.9568/0.9577 test77_live=0.8849/0.8832 test77_diag_ema=0.5396/0.4912 v13=0.0007 grl=0.0000 v15=0.0000 v15r=0.0000 v16=0.0000 v17=0.0000 v18=0.0000 das=stage3[12,95] p=1.00 ep_time=34.3s
[17:19:02] [save] best_sourceval_ema val_acc_ema=0.9568 source_val_live=0.9815/0.9817 source_val_ema=0.9568/0.9577 ep=42
[17:19:02] [save] best_sourcequalified77_ema ep=42 source_val_live=0.9815/0.9817 source_val_ema=0.9568/0.9577 test77_ema=0.5396/0.4912
[17:19:02] [train] epoch 43/100 steps=40 use_dann=0 das=stage3 f=[12.0,95.0] p=1.00 gpu=3.0/11.8GB
[17:19:03] [train] ep=43 step=001/40 ce=0.2662 sc=0.6211 mi=0.0600 dn=0.0000 v13=0.0009 grl=0.0000 v15=0.0000 v15r=0.0000 v16=0.0000 v17=0.0000 v18=0.0000 acc=1.0000 lr=1.95e-04 lambda=0.000 grl_lambda=0.000 v18_lambda=0.000 gpu=3.0/11.8GB
[17:19:08] [train] ep=43 step=010/40 ce=0.3193 sc=0.7540 mi=0.0578 dn=0.0000 v13=0.0007 grl=0.0000 v15=0.0000 v15r=0.0000 v16=0.0000 v17=0.0000 v18=0.0000 acc=0.9938 lr=1.94e-04 lambda=0.000 grl_lambda=0.000 v18_lambda=0.000 gpu=3.0/11.8GB
[17:19:14] [train] ep=43 step=020/40 ce=0.3661 sc=0.8240 mi=0.0582 dn=0.0000 v13=0.0006 grl=0.0000 v15=0.0000 v15r=0.0000 v16=0.0000 v17=0.0000 v18=0.0000 acc=0.9906 lr=1.93e-04 lambda=0.000 grl_lambda=0.000 v18_lambda=0.000 gpu=3.0/11.8GB
[17:19:20] [train] ep=43 step=030/40 ce=0.3481 sc=0.8341 mi=0.0588 dn=0.0000 v13=0.0006 grl=0.0000 v15=0.0000 v15r=0.0000 v16=0.0000 v17=0.0000 v18=0.0000 acc=0.9938 lr=1.92e-04 lambda=0.000 grl_lambda=0.000 v18_lambda=0.000 gpu=3.0/11.8GB
[17:19:26] [train] ep=43 step=040/40 ce=0.3459 sc=0.8093 mi=0.0593 dn=0.0000 v13=0.0007 grl=0.0000 v15=0.0000 v15r=0.0000 v16=0.0000 v17=0.0000 v18=0.0000 acc=0.9938 lr=1.91e-04 lambda=0.000 grl_lambda=0.000 v18_lambda=0.000 gpu=3.0/11.8GB
[17:19:36] [ep_summary] ep=43/100 val_live=0.9383/0.9403 val_ema=0.9630/0.9634 test77_live=0.8165/0.8159 test77_diag_ema=0.5576/0.5210 v13=0.0007 grl=0.0000 v15=0.0000 v15r=0.0000 v16=0.0000 v17=0.0000 v18=0.0000 das=stage3[12,95] p=1.00 ep_time=34.1s
[17:19:36] [save] best_sourceval_ema val_acc_ema=0.9630 source_val_live=0.9383/0.9403 source_val_ema=0.9630/0.9634 ep=43
[17:19:36] [save] best_sourcequalified77_ema ep=43 source_val_live=0.9383/0.9403 source_val_ema=0.9630/0.9634 test77_ema=0.5576/0.5210
[17:19:36] [train] epoch 44/100 steps=40 use_dann=0 das=stage3 f=[12.0,95.0] p=1.00 gpu=3.0/11.8GB
[17:19:37] [train] ep=44 step=001/40 ce=0.2620 sc=0.4389 mi=0.0715 dn=0.0000 v13=0.0008 grl=0.0000 v15=0.0000 v15r=0.0000 v16=0.0000 v17=0.0000 v18=0.0000 acc=1.0000 lr=1.91e-04 lambda=0.000 grl_lambda=0.000 v18_lambda=0.000 gpu=3.0/11.8GB
[17:19:42] [train] ep=44 step=010/40 ce=0.5622 sc=0.9643 mi=0.0631 dn=0.0000 v13=0.0006 grl=0.0000 v15=0.0000 v15r=0.0000 v16=0.0000 v17=0.0000 v18=0.0000 acc=0.9812 lr=1.90e-04 lambda=0.000 grl_lambda=0.000 v18_lambda=0.000 gpu=3.0/11.8GB
[17:19:48] [train] ep=44 step=020/40 ce=0.4822 sc=0.9236 mi=0.0613 dn=0.0000 v13=0.0006 grl=0.0000 v15=0.0000 v15r=0.0000 v16=0.0000 v17=0.0000 v18=0.0000 acc=0.9844 lr=1.89e-04 lambda=0.000 grl_lambda=0.000 v18_lambda=0.000 gpu=3.0/11.8GB
[17:19:54] [train] ep=44 step=030/40 ce=0.4237 sc=0.8448 mi=0.0607 dn=0.0000 v13=0.0007 grl=0.0000 v15=0.0000 v15r=0.0000 v16=0.0000 v17=0.0000 v18=0.0000 acc=0.9896 lr=1.87e-04 lambda=0.000 grl_lambda=0.000 v18_lambda=0.000 gpu=3.0/11.8GB
[17:20:00] [train] ep=44 step=040/40 ce=0.4427 sc=0.8363 mi=0.0610 dn=0.0000 v13=0.0007 grl=0.0000 v15=0.0000 v15r=0.0000 v16=0.0000 v17=0.0000 v18=0.0000 acc=0.9875 lr=1.86e-04 lambda=0.000 grl_lambda=0.000 v18_lambda=0.000 gpu=3.0/11.8GB
[17:20:48] [ep_summary] ep=44/100 val_live=0.9383/0.9362 val_ema=0.9691/0.9694 test77_live=0.7842/0.7726 test77_diag_ema=0.5791/0.5457 v13=0.0007 grl=0.0000 v15=0.0000 v15r=0.0000 v16=0.0000 v17=0.0000 v18=0.0000 das=stage3[12,95] p=1.00 ep_time=71.2s
[17:20:48] [save] best_sourceval_ema val_acc_ema=0.9691 source_val_live=0.9383/0.9362 source_val_ema=0.9691/0.9694 ep=44
[17:21:34] [save] best_sourcequalified77_ema ep=44 source_val_live=0.9383/0.9362 source_val_ema=0.9691/0.9694 test77_ema=0.5791/0.5457
[17:21:34] [train] epoch 45/100 steps=40 use_dann=0 das=stage3 f=[12.0,95.0] p=1.00 gpu=3.0/11.8GB
[17:21:35] [train] ep=45 step=001/40 ce=0.7452 sc=1.4135 mi=0.0673 dn=0.0000 v13=0.0009 grl=0.0000 v15=0.0000 v15r=0.0000 v16=0.0000 v17=0.0000 v18=0.0000 acc=0.9375 lr=1.86e-04 lambda=0.000 grl_lambda=0.000 v18_lambda=0.000 gpu=3.0/11.8GB
[17:21:40] [train] ep=45 step=010/40 ce=0.4322 sc=0.8544 mi=0.0607 dn=0.0000 v13=0.0007 grl=0.0000 v15=0.0000 v15r=0.0000 v16=0.0000 v17=0.0000 v18=0.0000 acc=0.9875 lr=1.85e-04 lambda=0.000 grl_lambda=0.000 v18_lambda=0.000 gpu=3.0/11.8GB
[17:21:46] [train] ep=45 step=020/40 ce=0.4593 sc=0.7975 mi=0.0611 dn=0.0000 v13=0.0008 grl=0.0000 v15=0.0000 v15r=0.0000 v16=0.0000 v17=0.0000 v18=0.0000 acc=0.9844 lr=1.84e-04 lambda=0.000 grl_lambda=0.000 v18_lambda=0.000 gpu=3.0/11.8GB
[17:21:52] [train] ep=45 step=030/40 ce=0.4325 sc=0.8262 mi=0.0614 dn=0.0000 v13=0.0008 grl=0.0000 v15=0.0000 v15r=0.0000 v16=0.0000 v17=0.0000 v18=0.0000 acc=0.9875 lr=1.83e-04 lambda=0.000 grl_lambda=0.000 v18_lambda=0.000 gpu=3.0/11.8GB
[17:21:57] [train] ep=45 step=040/40 ce=0.4100 sc=0.8369 mi=0.0613 dn=0.0000 v13=0.0008 grl=0.0000 v15=0.0000 v15r=0.0000 v16=0.0000 v17=0.0000 v18=0.0000 acc=0.9891 lr=1.81e-04 lambda=0.000 grl_lambda=0.000 v18_lambda=0.000 gpu=3.0/11.8GB
[17:22:26] [ep_summary] ep=45/100 val_live=0.9630/0.9628 val_ema=0.9691/0.9694 test77_live=0.8058/0.8011 test77_diag_ema=0.6079/0.5875 v13=0.0008 grl=0.0000 v15=0.0000 v15r=0.0000 v16=0.0000 v17=0.0000 v18=0.0000 das=stage3[12,95] p=1.00 ep_time=52.0s
[17:22:26] [save] best_sourcequalified77_ema ep=45 source_val_live=0.9630/0.9628 source_val_ema=0.9691/0.9694 test77_ema=0.6079/0.5875
[17:22:26] [train] epoch 46/100 steps=40 use_dann=0 das=stage3 f=[12.0,95.0] p=1.00 gpu=3.0/11.8GB
[17:22:26] [train] ep=46 step=001/40 ce=0.9329 sc=1.1303 mi=0.0583 dn=0.0000 v13=0.0015 grl=0.0000 v15=0.0000 v15r=0.0000 v16=0.0000 v17=0.0000 v18=0.0000 acc=0.9375 lr=1.81e-04 lambda=0.000 grl_lambda=0.000 v18_lambda=0.000 gpu=3.0/11.8GB
[17:22:32] [train] ep=46 step=010/40 ce=0.4850 sc=0.9367 mi=0.0602 dn=0.0000 v13=0.0008 grl=0.0000 v15=0.0000 v15r=0.0000 v16=0.0000 v17=0.0000 v18=0.0000 acc=0.9875 lr=1.80e-04 lambda=0.000 grl_lambda=0.000 v18_lambda=0.000 gpu=3.0/11.8GB
[17:22:38] [train] ep=46 step=020/40 ce=0.3762 sc=0.9023 mi=0.0598 dn=0.0000 v13=0.0007 grl=0.0000 v15=0.0000 v15r=0.0000 v16=0.0000 v17=0.0000 v18=0.0000 acc=0.9938 lr=1.79e-04 lambda=0.000 grl_lambda=0.000 v18_lambda=0.000 gpu=3.0/11.8GB
[17:22:43] [train] ep=46 step=030/40 ce=0.3733 sc=0.8762 mi=0.0593 dn=0.0000 v13=0.0007 grl=0.0000 v15=0.0000 v15r=0.0000 v16=0.0000 v17=0.0000 v18=0.0000 acc=0.9938 lr=1.78e-04 lambda=0.000 grl_lambda=0.000 v18_lambda=0.000 gpu=3.0/11.8GB
[17:22:49] [train] ep=46 step=040/40 ce=0.3608 sc=0.8694 mi=0.0590 dn=0.0000 v13=0.0007 grl=0.0000 v15=0.0000 v15r=0.0000 v16=0.0000 v17=0.0000 v18=0.0000 acc=0.9938 lr=1.77e-04 lambda=0.000 grl_lambda=0.000 v18_lambda=0.000 gpu=3.0/11.8GB
[17:23:00] [ep_summary] ep=46/100 val_live=0.9691/0.9689 val_ema=0.9691/0.9694 test77_live=0.8669/0.8647 test77_diag_ema=0.6547/0.6396 v13=0.0007 grl=0.0000 v15=0.0000 v15r=0.0000 v16=0.0000 v17=0.0000 v18=0.0000 das=stage3[12,95] p=1.00 ep_time=34.1s
[17:23:00] [save] best_sourcequalified77_ema ep=46 source_val_live=0.9691/0.9689 source_val_ema=0.9691/0.9694 test77_ema=0.6547/0.6396
[17:23:00] [train] epoch 47/100 steps=40 use_dann=0 das=stage3 f=[12.0,95.0] p=1.00 gpu=3.0/11.8GB
[17:23:02] [train] ep=47 step=001/40 ce=0.7844 sc=0.8991 mi=0.0735 dn=0.0000 v13=0.0005 grl=0.0000 v15=0.0000 v15r=0.0000 v16=0.0000 v17=0.0000 v18=0.0000 acc=0.9375 lr=1.77e-04 lambda=0.000 grl_lambda=0.000 v18_lambda=0.000 gpu=3.0/11.8GB
[17:23:08] [train] ep=47 step=010/40 ce=0.4438 sc=0.9562 mi=0.0632 dn=0.0000 v13=0.0007 grl=0.0000 v15=0.0000 v15r=0.0000 v16=0.0000 v17=0.0000 v18=0.0000 acc=0.9875 lr=1.76e-04 lambda=0.000 grl_lambda=0.000 v18_lambda=0.000 gpu=3.0/11.8GB
[17:23:13] [train] ep=47 step=020/40 ce=0.3845 sc=0.9387 mi=0.0628 dn=0.0000 v13=0.0007 grl=0.0000 v15=0.0000 v15r=0.0000 v16=0.0000 v17=0.0000 v18=0.0000 acc=0.9938 lr=1.74e-04 lambda=0.000 grl_lambda=0.000 v18_lambda=0.000 gpu=3.0/11.8GB
[17:23:19] [train] ep=47 step=030/40 ce=0.3926 sc=0.8614 mi=0.0622 dn=0.0000 v13=0.0008 grl=0.0000 v15=0.0000 v15r=0.0000 v16=0.0000 v17=0.0000 v18=0.0000 acc=0.9917 lr=1.73e-04 lambda=0.000 grl_lambda=0.000 v18_lambda=0.000 gpu=3.0/11.8GB
[17:23:25] [train] ep=47 step=040/40 ce=0.3873 sc=0.8365 mi=0.0618 dn=0.0000 v13=0.0008 grl=0.0000 v15=0.0000 v15r=0.0000 v16=0.0000 v17=0.0000 v18=0.0000 acc=0.9922 lr=1.72e-04 lambda=0.000 grl_lambda=0.000 v18_lambda=0.000 gpu=3.0/11.8GB
[17:23:36] [ep_summary] ep=47/100 val_live=0.9691/0.9692 val_ema=0.9753/0.9756 test77_live=0.8561/0.8534 test77_diag_ema=0.7050/0.6941 v13=0.0008 grl=0.0000 v15=0.0000 v15r=0.0000 v16=0.0000 v17=0.0000 v18=0.0000 das=stage3[12,95] p=1.00 ep_time=35.6s
[17:23:36] [save] best_sourceval_ema val_acc_ema=0.9753 source_val_live=0.9691/0.9692 source_val_ema=0.9753/0.9756 ep=47
[17:23:36] [save] best_sourcequalified77_ema ep=47 source_val_live=0.9691/0.9692 source_val_ema=0.9753/0.9756 test77_ema=0.7050/0.6941
[17:23:36] [train] epoch 48/100 steps=40 use_dann=0 das=stage3 f=[12.0,95.0] p=1.00 gpu=3.0/11.8GB
[17:23:36] [train] ep=48 step=001/40 ce=0.2643 sc=0.7338 mi=0.0490 dn=0.0000 v13=0.0008 grl=0.0000 v15=0.0000 v15r=0.0000 v16=0.0000 v17=0.0000 v18=0.0000 acc=1.0000 lr=1.72e-04 lambda=0.000 grl_lambda=0.000 v18_lambda=0.000 gpu=3.0/11.8GB
[17:23:42] [train] ep=48 step=010/40 ce=0.3177 sc=0.7958 mi=0.0569 dn=0.0000 v13=0.0008 grl=0.0000 v15=0.0000 v15r=0.0000 v16=0.0000 v17=0.0000 v18=0.0000 acc=0.9938 lr=1.71e-04 lambda=0.000 grl_lambda=0.000 v18_lambda=0.000 gpu=3.0/11.8GB
[17:23:47] [train] ep=48 step=020/40 ce=0.3003 sc=0.7578 mi=0.0579 dn=0.0000 v13=0.0007 grl=0.0000 v15=0.0000 v15r=0.0000 v16=0.0000 v17=0.0000 v18=0.0000 acc=0.9969 lr=1.69e-04 lambda=0.000 grl_lambda=0.000 v18_lambda=0.000 gpu=3.0/11.8GB
[17:23:53] [train] ep=48 step=030/40 ce=0.2926 sc=0.7705 mi=0.0589 dn=0.0000 v13=0.0007 grl=0.0000 v15=0.0000 v15r=0.0000 v16=0.0000 v17=0.0000 v18=0.0000 acc=0.9979 lr=1.68e-04 lambda=0.000 grl_lambda=0.000 v18_lambda=0.000 gpu=3.0/11.8GB
[17:23:59] [train] ep=48 step=040/40 ce=0.3081 sc=0.7676 mi=0.0587 dn=0.0000 v13=0.0007 grl=0.0000 v15=0.0000 v15r=0.0000 v16=0.0000 v17=0.0000 v18=0.0000 acc=0.9969 lr=1.67e-04 lambda=0.000 grl_lambda=0.000 v18_lambda=0.000 gpu=3.0/11.8GB
[17:24:10] [ep_summary] ep=48/100 val_live=0.9630/0.9628 val_ema=0.9815/0.9817 test77_live=0.8489/0.8449 test77_diag_ema=0.7302/0.7202 v13=0.0007 grl=0.0000 v15=0.0000 v15r=0.0000 v16=0.0000 v17=0.0000 v18=0.0000 das=stage3[12,95] p=1.00 ep_time=34.0s
[17:24:10] [save] best_sourceval_ema val_acc_ema=0.9815 source_val_live=0.9630/0.9628 source_val_ema=0.9815/0.9817 ep=48
[17:24:10] [save] best_sourcequalified77_ema ep=48 source_val_live=0.9630/0.9628 source_val_ema=0.9815/0.9817 test77_ema=0.7302/0.7202
[17:24:10] [train] epoch 49/100 steps=40 use_dann=0 das=stage3 f=[12.0,95.0] p=1.00 gpu=3.0/11.8GB
[17:24:10] [train] ep=49 step=001/40 ce=0.2591 sc=0.7873 mi=0.0547 dn=0.0000 v13=0.0006 grl=0.0000 v15=0.0000 v15r=0.0000 v16=0.0000 v17=0.0000 v18=0.0000 acc=1.0000 lr=1.67e-04 lambda=0.000 grl_lambda=0.000 v18_lambda=0.000 gpu=3.0/11.8GB
[17:24:16] [train] ep=49 step=010/40 ce=0.2949 sc=0.6423 mi=0.0564 dn=0.0000 v13=0.0007 grl=0.0000 v15=0.0000 v15r=0.0000 v16=0.0000 v17=0.0000 v18=0.0000 acc=1.0000 lr=1.66e-04 lambda=0.000 grl_lambda=0.000 v18_lambda=0.000 gpu=3.0/11.8GB
[17:24:22] [train] ep=49 step=020/40 ce=0.3455 sc=0.7575 mi=0.0591 dn=0.0000 v13=0.0007 grl=0.0000 v15=0.0000 v15r=0.0000 v16=0.0000 v17=0.0000 v18=0.0000 acc=0.9969 lr=1.65e-04 lambda=0.000 grl_lambda=0.000 v18_lambda=0.000 gpu=3.0/11.8GB
[17:24:27] [train] ep=49 step=030/40 ce=0.4008 sc=0.7832 mi=0.0584 dn=0.0000 v13=0.0007 grl=0.0000 v15=0.0000 v15r=0.0000 v16=0.0000 v17=0.0000 v18=0.0000 acc=0.9938 lr=1.63e-04 lambda=0.000 grl_lambda=0.000 v18_lambda=0.000 gpu=3.0/11.8GB
[17:24:33] [train] ep=49 step=040/40 ce=0.3908 sc=0.8253 mi=0.0584 dn=0.0000 v13=0.0007 grl=0.0000 v15=0.0000 v15r=0.0000 v16=0.0000 v17=0.0000 v18=0.0000 acc=0.9938 lr=1.62e-04 lambda=0.000 grl_lambda=0.000 v18_lambda=0.000 gpu=3.0/11.8GB
[17:24:45] [ep_summary] ep=49/100 val_live=0.9630/0.9628 val_ema=0.9877/0.9878 test77_live=0.8237/0.8192 test77_diag_ema=0.7554/0.7388 v13=0.0007 grl=0.0000 v15=0.0000 v15r=0.0000 v16=0.0000 v17=0.0000 v18=0.0000 das=stage3[12,95] p=1.00 ep_time=34.7s
[17:24:45] [save] best_sourceval_ema val_acc_ema=0.9877 source_val_live=0.9630/0.9628 source_val_ema=0.9877/0.9878 ep=49
[17:24:45] [save] best_sourcequalified77_ema ep=49 source_val_live=0.9630/0.9628 source_val_ema=0.9877/0.9878 test77_ema=0.7554/0.7388
[17:24:45] [train] epoch 50/100 steps=40 use_dann=0 das=stage3 f=[12.0,95.0] p=1.00 gpu=3.0/11.8GB
[17:24:45] [train] ep=50 step=001/40 ce=0.2591 sc=0.6174 mi=0.0519 dn=0.0000 v13=0.0005 grl=0.0000 v15=0.0000 v15r=0.0000 v16=0.0000 v17=0.0000 v18=0.0000 acc=1.0000 lr=1.62e-04 lambda=0.000 grl_lambda=0.000 v18_lambda=0.000 gpu=3.0/11.8GB
[17:24:51] [train] ep=50 step=010/40 ce=0.2935 sc=0.8151 mi=0.0563 dn=0.0000 v13=0.0007 grl=0.0000 v15=0.0000 v15r=0.0000 v16=0.0000 v17=0.0000 v18=0.0000 acc=1.0000 lr=1.61e-04 lambda=0.000 grl_lambda=0.000 v18_lambda=0.000 gpu=3.0/11.8GB
[17:24:56] [train] ep=50 step=020/40 ce=0.3929 sc=0.8144 mi=0.0583 dn=0.0000 v13=0.0007 grl=0.0000 v15=0.0000 v15r=0.0000 v16=0.0000 v17=0.0000 v18=0.0000 acc=0.9906 lr=1.60e-04 lambda=0.000 grl_lambda=0.000 v18_lambda=0.000 gpu=3.0/11.8GB
[17:25:02] [train] ep=50 step=030/40 ce=0.3936 sc=0.8230 mi=0.0578 dn=0.0000 v13=0.0006 grl=0.0000 v15=0.0000 v15r=0.0000 v16=0.0000 v17=0.0000 v18=0.0000 acc=0.9896 lr=1.59e-04 lambda=0.000 grl_lambda=0.000 v18_lambda=0.000 gpu=3.0/11.8GB
[17:25:08] [train] ep=50 step=040/40 ce=0.3882 sc=0.8193 mi=0.0581 dn=0.0000 v13=0.0006 grl=0.0000 v15=0.0000 v15r=0.0000 v16=0.0000 v17=0.0000 v18=0.0000 acc=0.9906 lr=1.57e-04 lambda=0.000 grl_lambda=0.000 v18_lambda=0.000 gpu=3.0/11.8GB
[17:25:19] [pool] check ep=050/100 source_val_acc_ema=0.9877 threshold=0.90
[17:25:23] [pool] ep=050 ADDED src_val=0.9877/0.9878 dev77=0.7500/0.7424 final77=0.7698/0.7547
[17:25:23] [pool] running best ep=050 dev77_f1=0.7424 final77_f1=0.7547 (pool_size=2)
[17:25:24] [ep_summary] ep=50/100 val_live=0.9630/0.9628 val_ema=0.9877/0.9878 test77_live=0.8525/0.8500 test77_diag_ema=0.7698/0.7547 v13=0.0006 grl=0.0000 v15=0.0000 v15r=0.0000 v16=0.0000 v17=0.0000 v18=0.0000 das=stage3[12,95] p=1.00 ep_time=39.0s
[17:25:24] [save] best_sourcequalified77_ema ep=50 source_val_live=0.9630/0.9628 source_val_ema=0.9877/0.9878 test77_ema=0.7698/0.7547
[17:25:24] [strict77_monitor] ep=50 best_source_epoch=49 source_val_ema=0.9877/0.9878 test77_ema_diag=0.7554/0.7388 sourcequalified_count=13 best_sourcequalified77_epoch=50 source_val_ema=0.9877/0.9878 test77_ema=0.7698/0.7547
[17:25:24] [train] epoch 51/100 steps=40 use_dann=0 das=stage3 f=[12.0,95.0] p=1.00 gpu=3.0/11.8GB
[17:25:24] [train] ep=51 step=001/40 ce=0.2654 sc=1.3624 mi=0.0655 dn=0.0000 v13=0.0006 grl=0.0000 v15=0.0000 v15r=0.0000 v16=0.0000 v17=0.0000 v18=0.0000 acc=1.0000 lr=1.57e-04 lambda=0.000 grl_lambda=0.000 v18_lambda=0.000 gpu=3.0/11.8GB
[17:25:30] [train] ep=51 step=010/40 ce=0.2694 sc=0.8707 mi=0.0598 dn=0.0000 v13=0.0007 grl=0.0000 v15=0.0000 v15r=0.0000 v16=0.0000 v17=0.0000 v18=0.0000 acc=1.0000 lr=1.56e-04 lambda=0.000 grl_lambda=0.000 v18_lambda=0.000 gpu=3.0/11.8GB
[17:25:36] [train] ep=51 step=020/40 ce=0.2659 sc=0.8553 mi=0.0577 dn=0.0000 v13=0.0006 grl=0.0000 v15=0.0000 v15r=0.0000 v16=0.0000 v17=0.0000 v18=0.0000 acc=1.0000 lr=1.55e-04 lambda=0.000 grl_lambda=0.000 v18_lambda=0.000 gpu=3.0/11.8GB
[17:25:41] [train] ep=51 step=030/40 ce=0.3450 sc=0.9292 mi=0.0586 dn=0.0000 v13=0.0007 grl=0.0000 v15=0.0000 v15r=0.0000 v16=0.0000 v17=0.0000 v18=0.0000 acc=0.9938 lr=1.54e-04 lambda=0.000 grl_lambda=0.000 v18_lambda=0.000 gpu=3.0/11.8GB
[17:25:47] [train] ep=51 step=040/40 ce=0.3269 sc=0.9037 mi=0.0589 dn=0.0000 v13=0.0007 grl=0.0000 v15=0.0000 v15r=0.0000 v16=0.0000 v17=0.0000 v18=0.0000 acc=0.9953 lr=1.53e-04 lambda=0.000 grl_lambda=0.000 v18_lambda=0.000 gpu=3.0/11.8GB
[17:25:58] [ep_summary] ep=51/100 val_live=0.9568/0.9559 val_ema=0.9815/0.9818 test77_live=0.8561/0.8529 test77_diag_ema=0.7914/0.7783 v13=0.0007 grl=0.0000 v15=0.0000 v15r=0.0000 v16=0.0000 v17=0.0000 v18=0.0000 das=stage3[12,95] p=1.00 ep_time=34.2s
[17:25:58] [save] best_sourcequalified77_ema ep=51 source_val_live=0.9568/0.9559 source_val_ema=0.9815/0.9818 test77_ema=0.7914/0.7783
[17:25:58] [train] epoch 52/100 steps=40 use_dann=0 das=stage3 f=[12.0,95.0] p=1.00 gpu=3.0/11.8GB
[17:25:59] [train] ep=52 step=001/40 ce=0.2601 sc=0.5536 mi=0.0726 dn=0.0000 v13=0.0007 grl=0.0000 v15=0.0000 v15r=0.0000 v16=0.0000 v17=0.0000 v18=0.0000 acc=1.0000 lr=1.52e-04 lambda=0.000 grl_lambda=0.000 v18_lambda=0.000 gpu=3.0/11.8GB
[17:26:04] [train] ep=52 step=010/40 ce=0.3015 sc=0.6954 mi=0.0590 dn=0.0000 v13=0.0006 grl=0.0000 v15=0.0000 v15r=0.0000 v16=0.0000 v17=0.0000 v18=0.0000 acc=1.0000 lr=1.51e-04 lambda=0.000 grl_lambda=0.000 v18_lambda=0.000 gpu=3.0/11.8GB
[17:26:10] [train] ep=52 step=020/40 ce=0.3232 sc=0.7008 mi=0.0604 dn=0.0000 v13=0.0006 grl=0.0000 v15=0.0000 v15r=0.0000 v16=0.0000 v17=0.0000 v18=0.0000 acc=0.9969 lr=1.50e-04 lambda=0.000 grl_lambda=0.000 v18_lambda=0.000 gpu=3.0/11.8GB
[17:26:16] [train] ep=52 step=030/40 ce=0.3040 sc=0.7300 mi=0.0589 dn=0.0000 v13=0.0006 grl=0.0000 v15=0.0000 v15r=0.0000 v16=0.0000 v17=0.0000 v18=0.0000 acc=0.9979 lr=1.49e-04 lambda=0.000 grl_lambda=0.000 v18_lambda=0.000 gpu=3.0/11.8GB
[17:26:21] [train] ep=52 step=040/40 ce=0.2934 sc=0.7567 mi=0.0578 dn=0.0000 v13=0.0006 grl=0.0000 v15=0.0000 v15r=0.0000 v16=0.0000 v17=0.0000 v18=0.0000 acc=0.9984 lr=1.48e-04 lambda=0.000 grl_lambda=0.000 v18_lambda=0.000 gpu=3.0/11.8GB
[17:26:32] [ep_summary] ep=52/100 val_live=0.9691/0.9692 val_ema=0.9815/0.9818 test77_live=0.8345/0.8283 test77_diag_ema=0.8022/0.7904 v13=0.0006 grl=0.0000 v15=0.0000 v15r=0.0000 v16=0.0000 v17=0.0000 v18=0.0000 das=stage3[12,95] p=1.00 ep_time=34.4s
[17:26:32] [save] best_sourcequalified77_ema ep=52 source_val_live=0.9691/0.9692 source_val_ema=0.9815/0.9818 test77_ema=0.8022/0.7904
[17:26:32] [train] epoch 53/100 steps=40 use_dann=0 das=stage3 f=[12.0,95.0] p=1.00 gpu=3.0/11.8GB
[17:26:33] [train] ep=53 step=001/40 ce=0.2580 sc=0.9307 mi=0.0589 dn=0.0000 v13=0.0006 grl=0.0000 v15=0.0000 v15r=0.0000 v16=0.0000 v17=0.0000 v18=0.0000 acc=1.0000 lr=1.48e-04 lambda=0.000 grl_lambda=0.000 v18_lambda=0.000 gpu=3.0/11.8GB
[17:26:38] [train] ep=53 step=010/40 ce=0.4090 sc=0.8092 mi=0.0582 dn=0.0000 v13=0.0006 grl=0.0000 v15=0.0000 v15r=0.0000 v16=0.0000 v17=0.0000 v18=0.0000 acc=0.9938 lr=1.46e-04 lambda=0.000 grl_lambda=0.000 v18_lambda=0.000 gpu=3.0/11.8GB
[17:26:44] [train] ep=53 step=020/40 ce=0.3450 sc=0.7616 mi=0.0584 dn=0.0000 v13=0.0006 grl=0.0000 v15=0.0000 v15r=0.0000 v16=0.0000 v17=0.0000 v18=0.0000 acc=0.9969 lr=1.45e-04 lambda=0.000 grl_lambda=0.000 v18_lambda=0.000 gpu=3.0/11.8GB
[17:26:50] [train] ep=53 step=030/40 ce=0.3320 sc=0.7462 mi=0.0581 dn=0.0000 v13=0.0006 grl=0.0000 v15=0.0000 v15r=0.0000 v16=0.0000 v17=0.0000 v18=0.0000 acc=0.9979 lr=1.44e-04 lambda=0.000 grl_lambda=0.000 v18_lambda=0.000 gpu=3.0/11.8GB
[17:26:56] [train] ep=53 step=040/40 ce=0.3212 sc=0.7521 mi=0.0573 dn=0.0000 v13=0.0006 grl=0.0000 v15=0.0000 v15r=0.0000 v16=0.0000 v17=0.0000 v18=0.0000 acc=0.9984 lr=1.43e-04 lambda=0.000 grl_lambda=0.000 v18_lambda=0.000 gpu=3.0/11.8GB
[17:27:07] [ep_summary] ep=53/100 val_live=0.9691/0.9689 val_ema=0.9815/0.9818 test77_live=0.8381/0.8320 test77_diag_ema=0.8094/0.7972 v13=0.0006 grl=0.0000 v15=0.0000 v15r=0.0000 v16=0.0000 v17=0.0000 v18=0.0000 das=stage3[12,95] p=1.00 ep_time=34.6s
[17:27:07] [save] best_sourcequalified77_ema ep=53 source_val_live=0.9691/0.9689 source_val_ema=0.9815/0.9818 test77_ema=0.8094/0.7972
[17:27:07] [train] epoch 54/100 steps=40 use_dann=0 das=stage3 f=[12.0,95.0] p=1.00 gpu=3.0/11.8GB
[17:27:08] [train] ep=54 step=001/40 ce=0.2623 sc=1.0835 mi=0.0478 dn=0.0000 v13=0.0003 grl=0.0000 v15=0.0000 v15r=0.0000 v16=0.0000 v17=0.0000 v18=0.0000 acc=1.0000 lr=1.43e-04 lambda=0.000 grl_lambda=0.000 v18_lambda=0.000 gpu=3.0/11.8GB
[17:27:13] [train] ep=54 step=010/40 ce=0.3834 sc=0.9196 mi=0.0603 dn=0.0000 v13=0.0006 grl=0.0000 v15=0.0000 v15r=0.0000 v16=0.0000 v17=0.0000 v18=0.0000 acc=0.9938 lr=1.42e-04 lambda=0.000 grl_lambda=0.000 v18_lambda=0.000 gpu=3.0/11.8GB
[17:27:19] [train] ep=54 step=020/40 ce=0.3663 sc=0.8601 mi=0.0597 dn=0.0000 v13=0.0006 grl=0.0000 v15=0.0000 v15r=0.0000 v16=0.0000 v17=0.0000 v18=0.0000 acc=0.9938 lr=1.40e-04 lambda=0.000 grl_lambda=0.000 v18_lambda=0.000 gpu=3.0/11.8GB
[17:27:25] [train] ep=54 step=030/40 ce=0.3586 sc=0.8297 mi=0.0587 dn=0.0000 v13=0.0006 grl=0.0000 v15=0.0000 v15r=0.0000 v16=0.0000 v17=0.0000 v18=0.0000 acc=0.9938 lr=1.39e-04 lambda=0.000 grl_lambda=0.000 v18_lambda=0.000 gpu=3.0/11.8GB
[17:27:30] [train] ep=54 step=040/40 ce=0.3593 sc=0.8280 mi=0.0582 dn=0.0000 v13=0.0006 grl=0.0000 v15=0.0000 v15r=0.0000 v16=0.0000 v17=0.0000 v18=0.0000 acc=0.9938 lr=1.38e-04 lambda=0.000 grl_lambda=0.000 v18_lambda=0.000 gpu=3.0/11.8GB
[17:27:41] [ep_summary] ep=54/100 val_live=0.9691/0.9694 val_ema=0.9815/0.9818 test77_live=0.8741/0.8728 test77_diag_ema=0.8165/0.8072 v13=0.0006 grl=0.0000 v15=0.0000 v15r=0.0000 v16=0.0000 v17=0.0000 v18=0.0000 das=stage3[12,95] p=1.00 ep_time=33.9s
[17:27:41] [save] best_sourcequalified77_ema ep=54 source_val_live=0.9691/0.9694 source_val_ema=0.9815/0.9818 test77_ema=0.8165/0.8072
[17:27:41] [train] epoch 55/100 steps=40 use_dann=0 das=stage3 f=[12.0,95.0] p=1.00 gpu=3.0/11.8GB
[17:27:41] [train] ep=55 step=001/40 ce=0.2644 sc=0.6535 mi=0.0556 dn=0.0000 v13=0.0006 grl=0.0000 v15=0.0000 v15r=0.0000 v16=0.0000 v17=0.0000 v18=0.0000 acc=1.0000 lr=1.38e-04 lambda=0.000 grl_lambda=0.000 v18_lambda=0.000 gpu=3.0/11.8GB
[17:27:47] [train] ep=55 step=010/40 ce=0.2617 sc=0.7289 mi=0.0575 dn=0.0000 v13=0.0006 grl=0.0000 v15=0.0000 v15r=0.0000 v16=0.0000 v17=0.0000 v18=0.0000 acc=1.0000 lr=1.37e-04 lambda=0.000 grl_lambda=0.000 v18_lambda=0.000 gpu=3.0/11.8GB
[17:27:53] [train] ep=55 step=020/40 ce=0.2683 sc=0.7640 mi=0.0583 dn=0.0000 v13=0.0005 grl=0.0000 v15=0.0000 v15r=0.0000 v16=0.0000 v17=0.0000 v18=0.0000 acc=1.0000 lr=1.36e-04 lambda=0.000 grl_lambda=0.000 v18_lambda=0.000 gpu=3.0/11.8GB
[17:27:58] [train] ep=55 step=030/40 ce=0.2771 sc=0.7690 mi=0.0587 dn=0.0000 v13=0.0005 grl=0.0000 v15=0.0000 v15r=0.0000 v16=0.0000 v17=0.0000 v18=0.0000 acc=1.0000 lr=1.34e-04 lambda=0.000 grl_lambda=0.000 v18_lambda=0.000 gpu=3.0/11.8GB
[17:28:04] [train] ep=55 step=040/40 ce=0.2928 sc=0.8273 mi=0.0585 dn=0.0000 v13=0.0006 grl=0.0000 v15=0.0000 v15r=0.0000 v16=0.0000 v17=0.0000 v18=0.0000 acc=0.9984 lr=1.33e-04 lambda=0.000 grl_lambda=0.000 v18_lambda=0.000 gpu=3.0/11.8GB
[17:28:15] [ep_summary] ep=55/100 val_live=0.9568/0.9568 val_ema=0.9815/0.9818 test77_live=0.8741/0.8733 test77_diag_ema=0.8345/0.8252 v13=0.0006 grl=0.0000 v15=0.0000 v15r=0.0000 v16=0.0000 v17=0.0000 v18=0.0000 das=stage3[12,95] p=1.00 ep_time=34.1s
[17:28:15] [save] best_sourcequalified77_ema ep=55 source_val_live=0.9568/0.9568 source_val_ema=0.9815/0.9818 test77_ema=0.8345/0.8252
[17:28:15] [train] epoch 56/100 steps=40 use_dann=0 das=stage3 f=[12.0,95.0] p=1.00 gpu=3.0/11.8GB
[17:28:17] [train] ep=56 step=001/40 ce=0.2580 sc=0.7443 mi=0.0563 dn=0.0000 v13=0.0008 grl=0.0000 v15=0.0000 v15r=0.0000 v16=0.0000 v17=0.0000 v18=0.0000 acc=1.0000 lr=1.33e-04 lambda=0.000 grl_lambda=0.000 v18_lambda=0.000 gpu=3.0/11.8GB
[17:28:22] [train] ep=56 step=010/40 ce=0.3254 sc=0.9939 mi=0.0563 dn=0.0000 v13=0.0006 grl=0.0000 v15=0.0000 v15r=0.0000 v16=0.0000 v17=0.0000 v18=0.0000 acc=0.9938 lr=1.32e-04 lambda=0.000 grl_lambda=0.000 v18_lambda=0.000 gpu=3.0/11.8GB
[17:28:28] [train] ep=56 step=020/40 ce=0.2937 sc=0.8284 mi=0.0554 dn=0.0000 v13=0.0006 grl=0.0000 v15=0.0000 v15r=0.0000 v16=0.0000 v17=0.0000 v18=0.0000 acc=0.9969 lr=1.31e-04 lambda=0.000 grl_lambda=0.000 v18_lambda=0.000 gpu=3.0/11.8GB
[17:28:34] [train] ep=56 step=030/40 ce=0.3115 sc=0.8058 mi=0.0567 dn=0.0000 v13=0.0006 grl=0.0000 v15=0.0000 v15r=0.0000 v16=0.0000 v17=0.0000 v18=0.0000 acc=0.9958 lr=1.30e-04 lambda=0.000 grl_lambda=0.000 v18_lambda=0.000 gpu=3.0/11.8GB
[17:28:40] [train] ep=56 step=040/40 ce=0.2992 sc=0.8006 mi=0.0568 dn=0.0000 v13=0.0006 grl=0.0000 v15=0.0000 v15r=0.0000 v16=0.0000 v17=0.0000 v18=0.0000 acc=0.9969 lr=1.28e-04 lambda=0.000 grl_lambda=0.000 v18_lambda=0.000 gpu=3.0/11.8GB
[17:28:50] [ep_summary] ep=56/100 val_live=0.9506/0.9504 val_ema=0.9815/0.9818 test77_live=0.8741/0.8726 test77_diag_ema=0.8453/0.8386 v13=0.0006 grl=0.0000 v15=0.0000 v15r=0.0000 v16=0.0000 v17=0.0000 v18=0.0000 das=stage3[12,95] p=1.00 ep_time=35.2s
[17:28:50] [save] best_sourcequalified77_ema ep=56 source_val_live=0.9506/0.9504 source_val_ema=0.9815/0.9818 test77_ema=0.8453/0.8386
[17:28:50] [train] epoch 57/100 steps=40 use_dann=0 das=stage3 f=[12.0,95.0] p=1.00 gpu=3.0/11.8GB
[17:28:51] [train] ep=57 step=001/40 ce=0.2960 sc=0.6400 mi=0.0497 dn=0.0000 v13=0.0008 grl=0.0000 v15=0.0000 v15r=0.0000 v16=0.0000 v17=0.0000 v18=0.0000 acc=1.0000 lr=1.28e-04 lambda=0.000 grl_lambda=0.000 v18_lambda=0.000 gpu=3.0/11.8GB
[17:28:57] [train] ep=57 step=010/40 ce=0.2709 sc=0.7374 mi=0.0561 dn=0.0000 v13=0.0006 grl=0.0000 v15=0.0000 v15r=0.0000 v16=0.0000 v17=0.0000 v18=0.0000 acc=1.0000 lr=1.27e-04 lambda=0.000 grl_lambda=0.000 v18_lambda=0.000 gpu=3.0/11.8GB
[17:29:02] [train] ep=57 step=020/40 ce=0.2758 sc=0.7440 mi=0.0559 dn=0.0000 v13=0.0005 grl=0.0000 v15=0.0000 v15r=0.0000 v16=0.0000 v17=0.0000 v18=0.0000 acc=1.0000 lr=1.26e-04 lambda=0.000 grl_lambda=0.000 v18_lambda=0.000 gpu=3.0/11.8GB
[17:29:08] [train] ep=57 step=030/40 ce=0.2739 sc=0.7612 mi=0.0559 dn=0.0000 v13=0.0006 grl=0.0000 v15=0.0000 v15r=0.0000 v16=0.0000 v17=0.0000 v18=0.0000 acc=1.0000 lr=1.25e-04 lambda=0.000 grl_lambda=0.000 v18_lambda=0.000 gpu=3.0/11.8GB
[17:29:14] [train] ep=57 step=040/40 ce=0.2859 sc=0.7534 mi=0.0560 dn=0.0000 v13=0.0006 grl=0.0000 v15=0.0000 v15r=0.0000 v16=0.0000 v17=0.0000 v18=0.0000 acc=0.9984 lr=1.24e-04 lambda=0.000 grl_lambda=0.000 v18_lambda=0.000 gpu=3.0/11.8GB
[17:30:00] [ep_summary] ep=57/100 val_live=0.9630/0.9628 val_ema=0.9753/0.9757 test77_live=0.8633/0.8618 test77_diag_ema=0.8453/0.8401 v13=0.0006 grl=0.0000 v15=0.0000 v15r=0.0000 v16=0.0000 v17=0.0000 v18=0.0000 das=stage3[12,95] p=1.00 ep_time=69.8s
[17:30:00] [save] best_sourcequalified77_ema ep=57 source_val_live=0.9630/0.9628 source_val_ema=0.9753/0.9757 test77_ema=0.8453/0.8401
[17:30:00] [train] epoch 58/100 steps=40 use_dann=0 das=stage3 f=[12.0,95.0] p=1.00 gpu=3.0/11.8GB
[17:30:01] [train] ep=58 step=001/40 ce=0.2589 sc=0.9462 mi=0.0504 dn=0.0000 v13=0.0008 grl=0.0000 v15=0.0000 v15r=0.0000 v16=0.0000 v17=0.0000 v18=0.0000 acc=1.0000 lr=1.23e-04 lambda=0.000 grl_lambda=0.000 v18_lambda=0.000 gpu=3.0/11.8GB
[17:30:06] [train] ep=58 step=010/40 ce=0.3282 sc=0.7757 mi=0.0562 dn=0.0000 v13=0.0005 grl=0.0000 v15=0.0000 v15r=0.0000 v16=0.0000 v17=0.0000 v18=0.0000 acc=0.9938 lr=1.22e-04 lambda=0.000 grl_lambda=0.000 v18_lambda=0.000 gpu=3.0/11.8GB
[17:30:12] [train] ep=58 step=020/40 ce=0.2941 sc=0.7351 mi=0.0552 dn=0.0000 v13=0.0006 grl=0.0000 v15=0.0000 v15r=0.0000 v16=0.0000 v17=0.0000 v18=0.0000 acc=0.9969 lr=1.21e-04 lambda=0.000 grl_lambda=0.000 v18_lambda=0.000 gpu=3.0/11.8GB
[17:30:18] [train] ep=58 step=030/40 ce=0.3224 sc=0.7855 mi=0.0561 dn=0.0000 v13=0.0006 grl=0.0000 v15=0.0000 v15r=0.0000 v16=0.0000 v17=0.0000 v18=0.0000 acc=0.9958 lr=1.20e-04 lambda=0.000 grl_lambda=0.000 v18_lambda=0.000 gpu=3.0/11.8GB
[17:30:24] [train] ep=58 step=040/40 ce=0.3183 sc=0.7779 mi=0.0566 dn=0.0000 v13=0.0005 grl=0.0000 v15=0.0000 v15r=0.0000 v16=0.0000 v17=0.0000 v18=0.0000 acc=0.9953 lr=1.19e-04 lambda=0.000 grl_lambda=0.000 v18_lambda=0.000 gpu=3.0/11.8GB
[17:30:48] [ep_summary] ep=58/100 val_live=0.9506/0.9492 val_ema=0.9753/0.9757 test77_live=0.8345/0.8304 test77_diag_ema=0.8489/0.8442 v13=0.0005 grl=0.0000 v15=0.0000 v15r=0.0000 v16=0.0000 v17=0.0000 v18=0.0000 das=stage3[12,95] p=1.00 ep_time=47.6s
[17:30:51] [save] best_sourcequalified77_ema ep=58 source_val_live=0.9506/0.9492 source_val_ema=0.9753/0.9757 test77_ema=0.8489/0.8442
[17:30:51] [train] epoch 59/100 steps=40 use_dann=0 das=stage3 f=[12.0,95.0] p=1.00 gpu=3.0/11.8GB
[17:30:52] [train] ep=59 step=001/40 ce=0.2584 sc=1.0821 mi=0.0518 dn=0.0000 v13=0.0009 grl=0.0000 v15=0.0000 v15r=0.0000 v16=0.0000 v17=0.0000 v18=0.0000 acc=1.0000 lr=1.19e-04 lambda=0.000 grl_lambda=0.000 v18_lambda=0.000 gpu=3.0/11.8GB
[17:30:57] [train] ep=59 step=010/40 ce=0.3226 sc=0.7985 mi=0.0558 dn=0.0000 v13=0.0007 grl=0.0000 v15=0.0000 v15r=0.0000 v16=0.0000 v17=0.0000 v18=0.0000 acc=0.9938 lr=1.18e-04 lambda=0.000 grl_lambda=0.000 v18_lambda=0.000 gpu=3.0/11.8GB
[17:31:03] [train] ep=59 step=020/40 ce=0.3314 sc=0.8439 mi=0.0571 dn=0.0000 v13=0.0007 grl=0.0000 v15=0.0000 v15r=0.0000 v16=0.0000 v17=0.0000 v18=0.0000 acc=0.9938 lr=1.16e-04 lambda=0.000 grl_lambda=0.000 v18_lambda=0.000 gpu=3.0/11.8GB
[17:31:09] [train] ep=59 step=030/40 ce=0.3903 sc=0.8467 mi=0.0573 dn=0.0000 v13=0.0007 grl=0.0000 v15=0.0000 v15r=0.0000 v16=0.0000 v17=0.0000 v18=0.0000 acc=0.9896 lr=1.15e-04 lambda=0.000 grl_lambda=0.000 v18_lambda=0.000 gpu=3.0/11.8GB
[17:31:15] [train] ep=59 step=040/40 ce=0.3612 sc=0.8287 mi=0.0571 dn=0.0000 v13=0.0007 grl=0.0000 v15=0.0000 v15r=0.0000 v16=0.0000 v17=0.0000 v18=0.0000 acc=0.9922 lr=1.14e-04 lambda=0.000 grl_lambda=0.000 v18_lambda=0.000 gpu=3.0/11.8GB
[17:31:38] [ep_summary] ep=59/100 val_live=0.9630/0.9624 val_ema=0.9753/0.9757 test77_live=0.8417/0.8354 test77_diag_ema=0.8669/0.8642 v13=0.0007 grl=0.0000 v15=0.0000 v15r=0.0000 v16=0.0000 v17=0.0000 v18=0.0000 das=stage3[12,95] p=1.00 ep_time=46.7s
[17:31:38] [save] best_sourcequalified77_ema ep=59 source_val_live=0.9630/0.9624 source_val_ema=0.9753/0.9757 test77_ema=0.8669/0.8642
[17:31:38] [train] epoch 60/100 steps=40 use_dann=0 das=stage3 f=[12.0,95.0] p=1.00 gpu=3.0/11.8GB
[17:31:39] [train] ep=60 step=001/40 ce=0.2587 sc=0.4180 mi=0.0485 dn=0.0000 v13=0.0004 grl=0.0000 v15=0.0000 v15r=0.0000 v16=0.0000 v17=0.0000 v18=0.0000 acc=1.0000 lr=1.14e-04 lambda=0.000 grl_lambda=0.000 v18_lambda=0.000 gpu=3.0/11.8GB
[17:31:44] [train] ep=60 step=010/40 ce=0.3150 sc=0.7220 mi=0.0559 dn=0.0000 v13=0.0006 grl=0.0000 v15=0.0000 v15r=0.0000 v16=0.0000 v17=0.0000 v18=0.0000 acc=0.9938 lr=1.13e-04 lambda=0.000 grl_lambda=0.000 v18_lambda=0.000 gpu=3.0/11.8GB
[17:31:50] [train] ep=60 step=020/40 ce=0.3432 sc=0.8030 mi=0.0582 dn=0.0000 v13=0.0006 grl=0.0000 v15=0.0000 v15r=0.0000 v16=0.0000 v17=0.0000 v18=0.0000 acc=0.9938 lr=1.12e-04 lambda=0.000 grl_lambda=0.000 v18_lambda=0.000 gpu=3.0/11.8GB
[17:31:56] [train] ep=60 step=030/40 ce=0.3495 sc=0.8051 mi=0.0582 dn=0.0000 v13=0.0005 grl=0.0000 v15=0.0000 v15r=0.0000 v16=0.0000 v17=0.0000 v18=0.0000 acc=0.9938 lr=1.11e-04 lambda=0.000 grl_lambda=0.000 v18_lambda=0.000 gpu=3.0/11.8GB
[17:32:02] [train] ep=60 step=040/40 ce=0.3369 sc=0.7804 mi=0.0575 dn=0.0000 v13=0.0005 grl=0.0000 v15=0.0000 v15r=0.0000 v16=0.0000 v17=0.0000 v18=0.0000 acc=0.9938 lr=1.09e-04 lambda=0.000 grl_lambda=0.000 v18_lambda=0.000 gpu=3.0/11.8GB
[17:32:12] [pool] check ep=060/100 source_val_acc_ema=0.9753 threshold=0.90
[17:32:17] [pool] ep=060 ADDED src_val=0.9753/0.9757 dev77=0.8357/0.8336 final77=0.8741/0.8715
[17:32:17] [pool] running best ep=060 dev77_f1=0.8336 final77_f1=0.8715 (pool_size=3)
[17:32:17] [ep_summary] ep=60/100 val_live=0.9568/0.9565 val_ema=0.9753/0.9757 test77_live=0.8597/0.8566 test77_diag_ema=0.8741/0.8715 v13=0.0005 grl=0.0000 v15=0.0000 v15r=0.0000 v16=0.0000 v17=0.0000 v18=0.0000 das=stage3[12,95] p=1.00 ep_time=39.3s
[17:32:17] [save] best_sourcequalified77_ema ep=60 source_val_live=0.9568/0.9565 source_val_ema=0.9753/0.9757 test77_ema=0.8741/0.8715
[17:32:17] [strict77_monitor] ep=60 best_source_epoch=49 source_val_ema=0.9877/0.9878 test77_ema_diag=0.7554/0.7388 sourcequalified_count=23 best_sourcequalified77_epoch=60 source_val_ema=0.9753/0.9757 test77_ema=0.8741/0.8715
[17:32:17] [train] epoch 61/100 steps=40 use_dann=0 das=stage3 f=[12.0,95.0] p=1.00 gpu=3.0/11.8GB
[17:32:18] [train] ep=61 step=001/40 ce=0.2587 sc=0.8748 mi=0.0605 dn=0.0000 v13=0.0007 grl=0.0000 v15=0.0000 v15r=0.0000 v16=0.0000 v17=0.0000 v18=0.0000 acc=1.0000 lr=1.09e-04 lambda=0.000 grl_lambda=0.000 v18_lambda=0.000 gpu=3.0/11.8GB
[17:32:23] [train] ep=61 step=010/40 ce=0.4228 sc=0.9313 mi=0.0570 dn=0.0000 v13=0.0005 grl=0.0000 v15=0.0000 v15r=0.0000 v16=0.0000 v17=0.0000 v18=0.0000 acc=0.9875 lr=1.08e-04 lambda=0.000 grl_lambda=0.000 v18_lambda=0.000 gpu=3.0/11.8GB
[17:32:29] [train] ep=61 step=020/40 ce=0.3449 sc=0.8349 mi=0.0553 dn=0.0000 v13=0.0005 grl=0.0000 v15=0.0000 v15r=0.0000 v16=0.0000 v17=0.0000 v18=0.0000 acc=0.9938 lr=1.07e-04 lambda=0.000 grl_lambda=0.000 v18_lambda=0.000 gpu=3.0/11.8GB
[17:32:35] [train] ep=61 step=030/40 ce=0.3182 sc=0.8101 mi=0.0560 dn=0.0000 v13=0.0005 grl=0.0000 v15=0.0000 v15r=0.0000 v16=0.0000 v17=0.0000 v18=0.0000 acc=0.9958 lr=1.06e-04 lambda=0.000 grl_lambda=0.000 v18_lambda=0.000 gpu=3.0/11.8GB
[17:32:41] [train] ep=61 step=040/40 ce=0.3204 sc=0.8060 mi=0.0567 dn=0.0000 v13=0.0006 grl=0.0000 v15=0.0000 v15r=0.0000 v16=0.0000 v17=0.0000 v18=0.0000 acc=0.9953 lr=1.05e-04 lambda=0.000 grl_lambda=0.000 v18_lambda=0.000 gpu=3.0/11.8GB
[17:32:52] [ep_summary] ep=61/100 val_live=0.9691/0.9692 val_ema=0.9753/0.9757 test77_live=0.8741/0.8722 test77_diag_ema=0.8741/0.8715 v13=0.0006 grl=0.0000 v15=0.0000 v15r=0.0000 v16=0.0000 v17=0.0000 v18=0.0000 das=stage3[12,95] p=1.00 ep_time=34.3s
[17:32:52] [train] epoch 62/100 steps=40 use_dann=0 das=stage3 f=[12.0,95.0] p=1.00 gpu=3.0/11.8GB
[17:32:52] [train] ep=62 step=001/40 ce=0.2583 sc=0.6193 mi=0.0546 dn=0.0000 v13=0.0006 grl=0.0000 v15=0.0000 v15r=0.0000 v16=0.0000 v17=0.0000 v18=0.0000 acc=1.0000 lr=1.05e-04 lambda=0.000 grl_lambda=0.000 v18_lambda=0.000 gpu=3.0/11.8GB
[17:32:58] [train] ep=62 step=010/40 ce=0.3830 sc=0.9818 mi=0.0540 dn=0.0000 v13=0.0004 grl=0.0000 v15=0.0000 v15r=0.0000 v16=0.0000 v17=0.0000 v18=0.0000 acc=0.9875 lr=1.04e-04 lambda=0.000 grl_lambda=0.000 v18_lambda=0.000 gpu=3.0/11.8GB
[17:33:04] [train] ep=62 step=020/40 ce=0.3313 sc=0.8386 mi=0.0531 dn=0.0000 v13=0.0005 grl=0.0000 v15=0.0000 v15r=0.0000 v16=0.0000 v17=0.0000 v18=0.0000 acc=0.9938 lr=1.02e-04 lambda=0.000 grl_lambda=0.000 v18_lambda=0.000 gpu=3.0/11.8GB
[17:33:10] [train] ep=62 step=030/40 ce=0.3129 sc=0.7782 mi=0.0551 dn=0.0000 v13=0.0005 grl=0.0000 v15=0.0000 v15r=0.0000 v16=0.0000 v17=0.0000 v18=0.0000 acc=0.9958 lr=1.01e-04 lambda=0.000 grl_lambda=0.000 v18_lambda=0.000 gpu=3.0/11.8GB
[17:33:15] [train] ep=62 step=040/40 ce=0.3004 sc=0.7625 mi=0.0550 dn=0.0000 v13=0.0005 grl=0.0000 v15=0.0000 v15r=0.0000 v16=0.0000 v17=0.0000 v18=0.0000 acc=0.9969 lr=1.00e-04 lambda=0.000 grl_lambda=0.000 v18_lambda=0.000 gpu=3.0/11.8GB
[17:33:26] [ep_summary] ep=62/100 val_live=0.9691/0.9694 val_ema=0.9753/0.9757 test77_live=0.8489/0.8462 test77_diag_ema=0.8705/0.8679 v13=0.0005 grl=0.0000 v15=0.0000 v15r=0.0000 v16=0.0000 v17=0.0000 v18=0.0000 das=stage3[12,95] p=1.00 ep_time=34.4s
[17:33:26] [train] epoch 63/100 steps=40 use_dann=0 das=stage3 f=[12.0,95.0] p=1.00 gpu=3.0/11.8GB
[17:33:27] [train] ep=63 step=001/40 ce=0.2674 sc=0.4272 mi=0.0610 dn=0.0000 v13=0.0008 grl=0.0000 v15=0.0000 v15r=0.0000 v16=0.0000 v17=0.0000 v18=0.0000 acc=1.0000 lr=1.00e-04 lambda=0.000 grl_lambda=0.000 v18_lambda=0.000 gpu=3.0/11.8GB
[17:33:32] [train] ep=63 step=010/40 ce=0.2778 sc=0.5647 mi=0.0581 dn=0.0000 v13=0.0006 grl=0.0000 v15=0.0000 v15r=0.0000 v16=0.0000 v17=0.0000 v18=0.0000 acc=1.0000 lr=9.89e-05 lambda=0.000 grl_lambda=0.000 v18_lambda=0.000 gpu=3.0/11.8GB
[17:33:38] [train] ep=63 step=020/40 ce=0.2857 sc=0.6910 mi=0.0573 dn=0.0000 v13=0.0006 grl=0.0000 v15=0.0000 v15r=0.0000 v16=0.0000 v17=0.0000 v18=0.0000 acc=1.0000 lr=9.78e-05 lambda=0.000 grl_lambda=0.000 v18_lambda=0.000 gpu=3.0/11.8GB
[17:33:44] [train] ep=63 step=030/40 ce=0.3080 sc=0.7518 mi=0.0569 dn=0.0000 v13=0.0005 grl=0.0000 v15=0.0000 v15r=0.0000 v16=0.0000 v17=0.0000 v18=0.0000 acc=0.9979 lr=9.67e-05 lambda=0.000 grl_lambda=0.000 v18_lambda=0.000 gpu=3.0/11.8GB
[17:33:50] [train] ep=63 step=040/40 ce=0.2973 sc=0.7404 mi=0.0565 dn=0.0000 v13=0.0006 grl=0.0000 v15=0.0000 v15r=0.0000 v16=0.0000 v17=0.0000 v18=0.0000 acc=0.9984 lr=9.55e-05 lambda=0.000 grl_lambda=0.000 v18_lambda=0.000 gpu=3.0/11.8GB
[17:34:01] [ep_summary] ep=63/100 val_live=0.9568/0.9563 val_ema=0.9753/0.9757 test77_live=0.8525/0.8506 test77_diag_ema=0.8777/0.8747 v13=0.0006 grl=0.0000 v15=0.0000 v15r=0.0000 v16=0.0000 v17=0.0000 v18=0.0000 das=stage3[12,95] p=1.00 ep_time=34.4s
[17:34:01] [save] best_sourcequalified77_ema ep=63 source_val_live=0.9568/0.9563 source_val_ema=0.9753/0.9757 test77_ema=0.8777/0.8747
[17:34:01] [train] epoch 64/100 steps=40 use_dann=0 das=stage3 f=[12.0,95.0] p=1.00 gpu=3.0/11.8GB
[17:34:01] [train] ep=64 step=001/40 ce=0.2581 sc=0.6177 mi=0.0469 dn=0.0000 v13=0.0007 grl=0.0000 v15=0.0000 v15r=0.0000 v16=0.0000 v17=0.0000 v18=0.0000 acc=1.0000 lr=9.54e-05 lambda=0.000 grl_lambda=0.000 v18_lambda=0.000 gpu=3.0/11.8GB
[17:34:07] [train] ep=64 step=010/40 ce=0.3432 sc=0.8252 mi=0.0574 dn=0.0000 v13=0.0005 grl=0.0000 v15=0.0000 v15r=0.0000 v16=0.0000 v17=0.0000 v18=0.0000 acc=0.9938 lr=9.44e-05 lambda=0.000 grl_lambda=0.000 v18_lambda=0.000 gpu=3.0/11.8GB
[17:34:13] [train] ep=64 step=020/40 ce=0.3458 sc=0.8567 mi=0.0570 dn=0.0000 v13=0.0006 grl=0.0000 v15=0.0000 v15r=0.0000 v16=0.0000 v17=0.0000 v18=0.0000 acc=0.9938 lr=9.33e-05 lambda=0.000 grl_lambda=0.000 v18_lambda=0.000 gpu=3.0/11.8GB
[17:34:19] [train] ep=64 step=030/40 ce=0.3519 sc=0.8696 mi=0.0567 dn=0.0000 v13=0.0006 grl=0.0000 v15=0.0000 v15r=0.0000 v16=0.0000 v17=0.0000 v18=0.0000 acc=0.9917 lr=9.21e-05 lambda=0.000 grl_lambda=0.000 v18_lambda=0.000 gpu=3.0/11.8GB
[17:34:24] [train] ep=64 step=040/40 ce=0.3309 sc=0.8529 mi=0.0572 dn=0.0000 v13=0.0005 grl=0.0000 v15=0.0000 v15r=0.0000 v16=0.0000 v17=0.0000 v18=0.0000 acc=0.9938 lr=9.10e-05 lambda=0.000 grl_lambda=0.000 v18_lambda=0.000 gpu=3.0/11.8GB
[17:34:35] [ep_summary] ep=64/100 val_live=0.9691/0.9692 val_ema=0.9691/0.9694 test77_live=0.8741/0.8726 test77_diag_ema=0.8813/0.8781 v13=0.0005 grl=0.0000 v15=0.0000 v15r=0.0000 v16=0.0000 v17=0.0000 v18=0.0000 das=stage3[12,95] p=1.00 ep_time=34.5s
[17:34:35] [save] best_sourcequalified77_ema ep=64 source_val_live=0.9691/0.9692 source_val_ema=0.9691/0.9694 test77_ema=0.8813/0.8781
[17:34:35] [train] epoch 65/100 steps=40 use_dann=0 das=stage3 f=[12.0,95.0] p=1.00 gpu=3.0/11.8GB
[17:34:36] [train] ep=65 step=001/40 ce=0.2655 sc=0.6159 mi=0.0549 dn=0.0000 v13=0.0004 grl=0.0000 v15=0.0000 v15r=0.0000 v16=0.0000 v17=0.0000 v18=0.0000 acc=1.0000 lr=9.09e-05 lambda=0.000 grl_lambda=0.000 v18_lambda=0.000 gpu=3.0/11.8GB
[17:34:41] [train] ep=65 step=010/40 ce=0.3247 sc=0.7921 mi=0.0535 dn=0.0000 v13=0.0005 grl=0.0000 v15=0.0000 v15r=0.0000 v16=0.0000 v17=0.0000 v18=0.0000 acc=0.9938 lr=8.99e-05 lambda=0.000 grl_lambda=0.000 v18_lambda=0.000 gpu=3.0/11.8GB
[17:34:47] [train] ep=65 step=020/40 ce=0.3302 sc=0.7915 mi=0.0541 dn=0.0000 v13=0.0005 grl=0.0000 v15=0.0000 v15r=0.0000 v16=0.0000 v17=0.0000 v18=0.0000 acc=0.9938 lr=8.88e-05 lambda=0.000 grl_lambda=0.000 v18_lambda=0.000 gpu=3.0/11.8GB
[17:34:53] [train] ep=65 step=030/40 ce=0.3327 sc=0.8063 mi=0.0533 dn=0.0000 v13=0.0005 grl=0.0000 v15=0.0000 v15r=0.0000 v16=0.0000 v17=0.0000 v18=0.0000 acc=0.9938 lr=8.77e-05 lambda=0.000 grl_lambda=0.000 v18_lambda=0.000 gpu=3.0/11.8GB
[17:34:59] [train] ep=65 step=040/40 ce=0.3200 sc=0.8053 mi=0.0539 dn=0.0000 v13=0.0005 grl=0.0000 v15=0.0000 v15r=0.0000 v16=0.0000 v17=0.0000 v18=0.0000 acc=0.9953 lr=8.66e-05 lambda=0.000 grl_lambda=0.000 v18_lambda=0.000 gpu=3.0/11.8GB
[17:35:09] [ep_summary] ep=65/100 val_live=0.9630/0.9624 val_ema=0.9691/0.9694 test77_live=0.8345/0.8313 test77_diag_ema=0.8777/0.8745 v13=0.0005 grl=0.0000 v15=0.0000 v15r=0.0000 v16=0.0000 v17=0.0000 v18=0.0000 das=stage3[12,95] p=1.00 ep_time=34.1s
[17:35:09] [train] epoch 66/100 steps=40 use_dann=0 das=stage3 f=[12.0,95.0] p=1.00 gpu=3.0/11.8GB
[17:35:10] [train] ep=66 step=001/40 ce=0.2589 sc=0.6456 mi=0.0558 dn=0.0000 v13=0.0002 grl=0.0000 v15=0.0000 v15r=0.0000 v16=0.0000 v17=0.0000 v18=0.0000 acc=1.0000 lr=8.65e-05 lambda=0.000 grl_lambda=0.000 v18_lambda=0.000 gpu=3.0/11.8GB
[17:35:15] [train] ep=66 step=010/40 ce=0.2893 sc=0.7550 mi=0.0551 dn=0.0000 v13=0.0005 grl=0.0000 v15=0.0000 v15r=0.0000 v16=0.0000 v17=0.0000 v18=0.0000 acc=1.0000 lr=8.55e-05 lambda=0.000 grl_lambda=0.000 v18_lambda=0.000 gpu=3.0/11.8GB
[17:35:21] [train] ep=66 step=020/40 ce=0.2964 sc=0.7183 mi=0.0549 dn=0.0000 v13=0.0006 grl=0.0000 v15=0.0000 v15r=0.0000 v16=0.0000 v17=0.0000 v18=0.0000 acc=0.9969 lr=8.44e-05 lambda=0.000 grl_lambda=0.000 v18_lambda=0.000 gpu=3.0/11.8GB
[17:35:27] [train] ep=66 step=030/40 ce=0.2840 sc=0.7322 mi=0.0547 dn=0.0000 v13=0.0005 grl=0.0000 v15=0.0000 v15r=0.0000 v16=0.0000 v17=0.0000 v18=0.0000 acc=0.9979 lr=8.33e-05 lambda=0.000 grl_lambda=0.000 v18_lambda=0.000 gpu=3.0/11.8GB
[17:35:33] [train] ep=66 step=040/40 ce=0.2796 sc=0.7361 mi=0.0554 dn=0.0000 v13=0.0005 grl=0.0000 v15=0.0000 v15r=0.0000 v16=0.0000 v17=0.0000 v18=0.0000 acc=0.9984 lr=8.22e-05 lambda=0.000 grl_lambda=0.000 v18_lambda=0.000 gpu=3.0/11.8GB
[17:35:44] [ep_summary] ep=66/100 val_live=0.9691/0.9692 val_ema=0.9691/0.9694 test77_live=0.8633/0.8617 test77_diag_ema=0.8777/0.8745 v13=0.0005 grl=0.0000 v15=0.0000 v15r=0.0000 v16=0.0000 v17=0.0000 v18=0.0000 das=stage3[12,95] p=1.00 ep_time=34.3s
[17:35:44] [train] epoch 67/100 steps=40 use_dann=0 das=stage3 f=[12.0,95.0] p=1.00 gpu=3.0/11.8GB
[17:35:44] [train] ep=67 step=001/40 ce=0.2602 sc=0.7276 mi=0.0476 dn=0.0000 v13=0.0004 grl=0.0000 v15=0.0000 v15r=0.0000 v16=0.0000 v17=0.0000 v18=0.0000 acc=1.0000 lr=8.21e-05 lambda=0.000 grl_lambda=0.000 v18_lambda=0.000 gpu=3.0/11.8GB
[17:35:50] [train] ep=67 step=010/40 ce=0.2601 sc=0.7094 mi=0.0542 dn=0.0000 v13=0.0005 grl=0.0000 v15=0.0000 v15r=0.0000 v16=0.0000 v17=0.0000 v18=0.0000 acc=1.0000 lr=8.11e-05 lambda=0.000 grl_lambda=0.000 v18_lambda=0.000 gpu=3.0/11.8GB
[17:35:55] [train] ep=67 step=020/40 ce=0.3289 sc=0.7592 mi=0.0546 dn=0.0000 v13=0.0006 grl=0.0000 v15=0.0000 v15r=0.0000 v16=0.0000 v17=0.0000 v18=0.0000 acc=0.9938 lr=8.01e-05 lambda=0.000 grl_lambda=0.000 v18_lambda=0.000 gpu=3.0/11.8GB
[17:36:01] [train] ep=67 step=030/40 ce=0.3314 sc=0.7643 mi=0.0561 dn=0.0000 v13=0.0006 grl=0.0000 v15=0.0000 v15r=0.0000 v16=0.0000 v17=0.0000 v18=0.0000 acc=0.9938 lr=7.90e-05 lambda=0.000 grl_lambda=0.000 v18_lambda=0.000 gpu=3.0/11.8GB
[17:36:07] [train] ep=67 step=040/40 ce=0.3133 sc=0.7808 mi=0.0553 dn=0.0000 v13=0.0006 grl=0.0000 v15=0.0000 v15r=0.0000 v16=0.0000 v17=0.0000 v18=0.0000 acc=0.9953 lr=7.79e-05 lambda=0.000 grl_lambda=0.000 v18_lambda=0.000 gpu=3.0/11.8GB
[17:36:18] [ep_summary] ep=67/100 val_live=0.9506/0.9498 val_ema=0.9753/0.9755 test77_live=0.8453/0.8423 test77_diag_ema=0.8741/0.8709 v13=0.0006 grl=0.0000 v15=0.0000 v15r=0.0000 v16=0.0000 v17=0.0000 v18=0.0000 das=stage3[12,95] p=1.00 ep_time=34.1s
[17:36:18] [train] epoch 68/100 steps=40 use_dann=0 das=stage3 f=[12.0,95.0] p=1.00 gpu=3.0/11.8GB
[17:36:18] [train] ep=68 step=001/40 ce=0.3931 sc=0.4378 mi=0.0548 dn=0.0000 v13=0.0003 grl=0.0000 v15=0.0000 v15r=0.0000 v16=0.0000 v17=0.0000 v18=0.0000 acc=1.0000 lr=7.78e-05 lambda=0.000 grl_lambda=0.000 v18_lambda=0.000 gpu=3.0/11.8GB
[17:36:24] [train] ep=68 step=010/40 ce=0.2873 sc=0.7113 mi=0.0521 dn=0.0000 v13=0.0005 grl=0.0000 v15=0.0000 v15r=0.0000 v16=0.0000 v17=0.0000 v18=0.0000 acc=1.0000 lr=7.69e-05 lambda=0.000 grl_lambda=0.000 v18_lambda=0.000 gpu=3.0/11.8GB
[17:36:29] [train] ep=68 step=020/40 ce=0.2801 sc=0.6971 mi=0.0530 dn=0.0000 v13=0.0005 grl=0.0000 v15=0.0000 v15r=0.0000 v16=0.0000 v17=0.0000 v18=0.0000 acc=1.0000 lr=7.58e-05 lambda=0.000 grl_lambda=0.000 v18_lambda=0.000 gpu=3.0/11.8GB
[17:36:35] [train] ep=68 step=030/40 ce=0.2912 sc=0.6956 mi=0.0540 dn=0.0000 v13=0.0005 grl=0.0000 v15=0.0000 v15r=0.0000 v16=0.0000 v17=0.0000 v18=0.0000 acc=0.9979 lr=7.48e-05 lambda=0.000 grl_lambda=0.000 v18_lambda=0.000 gpu=3.0/11.8GB
[17:36:41] [train] ep=68 step=040/40 ce=0.2937 sc=0.7204 mi=0.0545 dn=0.0000 v13=0.0005 grl=0.0000 v15=0.0000 v15r=0.0000 v16=0.0000 v17=0.0000 v18=0.0000 acc=0.9969 lr=7.37e-05 lambda=0.000 grl_lambda=0.000 v18_lambda=0.000 gpu=3.0/11.8GB
[17:36:52] [ep_summary] ep=68/100 val_live=0.9691/0.9692 val_ema=0.9753/0.9755 test77_live=0.8633/0.8619 test77_diag_ema=0.8741/0.8710 v13=0.0005 grl=0.0000 v15=0.0000 v15r=0.0000 v16=0.0000 v17=0.0000 v18=0.0000 das=stage3[12,95] p=1.00 ep_time=33.9s
[17:36:52] [train] epoch 69/100 steps=40 use_dann=0 das=stage3 f=[12.0,95.0] p=1.00 gpu=3.0/11.8GB
[17:36:52] [train] ep=69 step=001/40 ce=0.2598 sc=0.6468 mi=0.0516 dn=0.0000 v13=0.0005 grl=0.0000 v15=0.0000 v15r=0.0000 v16=0.0000 v17=0.0000 v18=0.0000 acc=1.0000 lr=7.36e-05 lambda=0.000 grl_lambda=0.000 v18_lambda=0.000 gpu=3.0/11.8GB
[17:36:58] [train] ep=69 step=010/40 ce=0.2742 sc=0.6802 mi=0.0539 dn=0.0000 v13=0.0004 grl=0.0000 v15=0.0000 v15r=0.0000 v16=0.0000 v17=0.0000 v18=0.0000 acc=1.0000 lr=7.27e-05 lambda=0.000 grl_lambda=0.000 v18_lambda=0.000 gpu=3.0/11.8GB
[17:37:03] [train] ep=69 step=020/40 ce=0.2980 sc=0.7167 mi=0.0545 dn=0.0000 v13=0.0004 grl=0.0000 v15=0.0000 v15r=0.0000 v16=0.0000 v17=0.0000 v18=0.0000 acc=0.9969 lr=7.16e-05 lambda=0.000 grl_lambda=0.000 v18_lambda=0.000 gpu=3.0/11.8GB
[17:37:09] [train] ep=69 step=030/40 ce=0.2864 sc=0.7202 mi=0.0539 dn=0.0000 v13=0.0004 grl=0.0000 v15=0.0000 v15r=0.0000 v16=0.0000 v17=0.0000 v18=0.0000 acc=0.9979 lr=7.06e-05 lambda=0.000 grl_lambda=0.000 v18_lambda=0.000 gpu=3.0/11.8GB
[17:37:15] [train] ep=69 step=040/40 ce=0.3174 sc=0.7526 mi=0.0547 dn=0.0000 v13=0.0004 grl=0.0000 v15=0.0000 v15r=0.0000 v16=0.0000 v17=0.0000 v18=0.0000 acc=0.9953 lr=6.96e-05 lambda=0.000 grl_lambda=0.000 v18_lambda=0.000 gpu=3.0/11.8GB
[17:37:54] [ep_summary] ep=69/100 val_live=0.9506/0.9489 val_ema=0.9753/0.9755 test77_live=0.8201/0.8166 test77_diag_ema=0.8741/0.8710 v13=0.0004 grl=0.0000 v15=0.0000 v15r=0.0000 v16=0.0000 v17=0.0000 v18=0.0000 das=stage3[12,95] p=1.00 ep_time=62.4s
[17:37:54] [train] epoch 70/100 steps=40 use_dann=0 das=stage3 f=[12.0,95.0] p=1.00 gpu=3.0/11.8GB
[17:37:55] [train] ep=70 step=001/40 ce=0.2590 sc=0.7625 mi=0.0519 dn=0.0000 v13=0.0005 grl=0.0000 v15=0.0000 v15r=0.0000 v16=0.0000 v17=0.0000 v18=0.0000 acc=1.0000 lr=6.95e-05 lambda=0.000 grl_lambda=0.000 v18_lambda=0.000 gpu=3.0/11.8GB
[17:38:00] [train] ep=70 step=010/40 ce=0.2610 sc=0.8043 mi=0.0559 dn=0.0000 v13=0.0004 grl=0.0000 v15=0.0000 v15r=0.0000 v16=0.0000 v17=0.0000 v18=0.0000 acc=1.0000 lr=6.85e-05 lambda=0.000 grl_lambda=0.000 v18_lambda=0.000 gpu=3.0/11.8GB
[17:38:06] [train] ep=70 step=020/40 ce=0.2605 sc=0.7626 mi=0.0556 dn=0.0000 v13=0.0005 grl=0.0000 v15=0.0000 v15r=0.0000 v16=0.0000 v17=0.0000 v18=0.0000 acc=1.0000 lr=6.75e-05 lambda=0.000 grl_lambda=0.000 v18_lambda=0.000 gpu=3.0/11.8GB
[17:38:12] [train] ep=70 step=030/40 ce=0.2637 sc=0.7915 mi=0.0551 dn=0.0000 v13=0.0005 grl=0.0000 v15=0.0000 v15r=0.0000 v16=0.0000 v17=0.0000 v18=0.0000 acc=1.0000 lr=6.65e-05 lambda=0.000 grl_lambda=0.000 v18_lambda=0.000 gpu=3.0/11.8GB
[17:38:18] [train] ep=70 step=040/40 ce=0.2658 sc=0.8111 mi=0.0552 dn=0.0000 v13=0.0005 grl=0.0000 v15=0.0000 v15r=0.0000 v16=0.0000 v17=0.0000 v18=0.0000 acc=1.0000 lr=6.55e-05 lambda=0.000 grl_lambda=0.000 v18_lambda=0.000 gpu=3.0/11.8GB
[17:38:28] [pool] check ep=070/100 source_val_acc_ema=0.9753 threshold=0.90
[17:38:40] [pool] ep=070 ADDED src_val=0.9753/0.9755 dev77=0.8500/0.8459 final77=0.8705/0.8670
[17:38:40] [pool] running best ep=070 dev77_f1=0.8459 final77_f1=0.8670 (pool_size=4)
[17:38:45] [ep_summary] ep=70/100 val_live=0.9568/0.9559 val_ema=0.9753/0.9755 test77_live=0.8273/0.8261 test77_diag_ema=0.8705/0.8670 v13=0.0005 grl=0.0000 v15=0.0000 v15r=0.0000 v16=0.0000 v17=0.0000 v18=0.0000 das=stage3[12,95] p=1.00 ep_time=50.8s
[17:38:45] [strict77_monitor] ep=70 best_source_epoch=49 source_val_ema=0.9877/0.9878 test77_ema_diag=0.7554/0.7388 sourcequalified_count=33 best_sourcequalified77_epoch=64 source_val_ema=0.9691/0.9694 test77_ema=0.8813/0.8781
[17:38:45] [train] epoch 71/100 steps=40 use_dann=0 das=stage3 f=[12.0,95.0] p=1.00 gpu=3.0/11.8GB
[17:38:46] [train] ep=71 step=001/40 ce=0.2597 sc=0.5395 mi=0.0482 dn=0.0000 v13=0.0004 grl=0.0000 v15=0.0000 v15r=0.0000 v16=0.0000 v17=0.0000 v18=0.0000 acc=1.0000 lr=6.54e-05 lambda=0.000 grl_lambda=0.000 v18_lambda=0.000 gpu=3.0/11.8GB
[17:38:51] [train] ep=71 step=010/40 ce=0.3263 sc=0.7606 mi=0.0552 dn=0.0000 v13=0.0005 grl=0.0000 v15=0.0000 v15r=0.0000 v16=0.0000 v17=0.0000 v18=0.0000 acc=0.9938 lr=6.45e-05 lambda=0.000 grl_lambda=0.000 v18_lambda=0.000 gpu=3.0/11.8GB
[17:38:57] [train] ep=71 step=020/40 ce=0.2926 sc=0.7355 mi=0.0550 dn=0.0000 v13=0.0004 grl=0.0000 v15=0.0000 v15r=0.0000 v16=0.0000 v17=0.0000 v18=0.0000 acc=0.9969 lr=6.35e-05 lambda=0.000 grl_lambda=0.000 v18_lambda=0.000 gpu=3.0/11.8GB
[17:39:03] [train] ep=71 step=030/40 ce=0.2902 sc=0.7746 mi=0.0547 dn=0.0000 v13=0.0005 grl=0.0000 v15=0.0000 v15r=0.0000 v16=0.0000 v17=0.0000 v18=0.0000 acc=0.9979 lr=6.25e-05 lambda=0.000 grl_lambda=0.000 v18_lambda=0.000 gpu=3.0/11.8GB
[17:39:08] [train] ep=71 step=040/40 ce=0.2846 sc=0.7800 mi=0.0551 dn=0.0000 v13=0.0005 grl=0.0000 v15=0.0000 v15r=0.0000 v16=0.0000 v17=0.0000 v18=0.0000 acc=0.9984 lr=6.15e-05 lambda=0.000 grl_lambda=0.000 v18_lambda=0.000 gpu=3.0/11.8GB
[17:39:36] [ep_summary] ep=71/100 val_live=0.9630/0.9624 val_ema=0.9691/0.9692 test77_live=0.8453/0.8439 test77_diag_ema=0.8597/0.8564 v13=0.0005 grl=0.0000 v15=0.0000 v15r=0.0000 v16=0.0000 v17=0.0000 v18=0.0000 das=stage3[12,95] p=1.00 ep_time=50.8s
[17:39:36] [train] epoch 72/100 steps=40 use_dann=0 das=stage3 f=[12.0,95.0] p=1.00 gpu=3.0/11.8GB
[17:39:36] [train] ep=72 step=001/40 ce=0.2563 sc=0.4182 mi=0.0532 dn=0.0000 v13=0.0004 grl=0.0000 v15=0.0000 v15r=0.0000 v16=0.0000 v17=0.0000 v18=0.0000 acc=1.0000 lr=6.14e-05 lambda=0.000 grl_lambda=0.000 v18_lambda=0.000 gpu=3.0/11.8GB
[17:39:42] [train] ep=72 step=010/40 ce=0.2587 sc=0.8666 mi=0.0557 dn=0.0000 v13=0.0004 grl=0.0000 v15=0.0000 v15r=0.0000 v16=0.0000 v17=0.0000 v18=0.0000 acc=1.0000 lr=6.06e-05 lambda=0.000 grl_lambda=0.000 v18_lambda=0.000 gpu=3.0/11.8GB
[17:39:48] [train] ep=72 step=020/40 ce=0.2632 sc=0.7774 mi=0.0560 dn=0.0000 v13=0.0004 grl=0.0000 v15=0.0000 v15r=0.0000 v16=0.0000 v17=0.0000 v18=0.0000 acc=1.0000 lr=5.96e-05 lambda=0.000 grl_lambda=0.000 v18_lambda=0.000 gpu=3.0/11.8GB
[17:39:53] [train] ep=72 step=030/40 ce=0.2735 sc=0.7916 mi=0.0548 dn=0.0000 v13=0.0004 grl=0.0000 v15=0.0000 v15r=0.0000 v16=0.0000 v17=0.0000 v18=0.0000 acc=1.0000 lr=5.86e-05 lambda=0.000 grl_lambda=0.000 v18_lambda=0.000 gpu=3.0/11.8GB
[17:39:59] [train] ep=72 step=040/40 ce=0.2829 sc=0.8269 mi=0.0552 dn=0.0000 v13=0.0004 grl=0.0000 v15=0.0000 v15r=0.0000 v16=0.0000 v17=0.0000 v18=0.0000 acc=0.9984 lr=5.77e-05 lambda=0.000 grl_lambda=0.000 v18_lambda=0.000 gpu=3.0/11.8GB
[17:40:10] [ep_summary] ep=72/100 val_live=0.9568/0.9559 val_ema=0.9691/0.9692 test77_live=0.8525/0.8509 test77_diag_ema=0.8597/0.8564 v13=0.0004 grl=0.0000 v15=0.0000 v15r=0.0000 v16=0.0000 v17=0.0000 v18=0.0000 das=stage3[12,95] p=1.00 ep_time=34.4s
[17:40:10] [train] epoch 73/100 steps=40 use_dann=0 das=stage3 f=[12.0,95.0] p=1.00 gpu=3.0/11.8GB
[17:40:11] [train] ep=73 step=001/40 ce=0.2577 sc=0.6137 mi=0.0524 dn=0.0000 v13=0.0003 grl=0.0000 v15=0.0000 v15r=0.0000 v16=0.0000 v17=0.0000 v18=0.0000 acc=1.0000 lr=5.76e-05 lambda=0.000 grl_lambda=0.000 v18_lambda=0.000 gpu=3.0/11.8GB
[17:40:17] [train] ep=73 step=010/40 ce=0.3002 sc=0.6755 mi=0.0554 dn=0.0000 v13=0.0005 grl=0.0000 v15=0.0000 v15r=0.0000 v16=0.0000 v17=0.0000 v18=0.0000 acc=1.0000 lr=5.67e-05 lambda=0.000 grl_lambda=0.000 v18_lambda=0.000 gpu=3.0/11.8GB
[17:40:22] [train] ep=73 step=020/40 ce=0.2851 sc=0.6582 mi=0.0558 dn=0.0000 v13=0.0005 grl=0.0000 v15=0.0000 v15r=0.0000 v16=0.0000 v17=0.0000 v18=0.0000 acc=1.0000 lr=5.58e-05 lambda=0.000 grl_lambda=0.000 v18_lambda=0.000 gpu=3.0/11.8GB
[17:40:28] [train] ep=73 step=030/40 ce=0.3025 sc=0.6683 mi=0.0555 dn=0.0000 v13=0.0005 grl=0.0000 v15=0.0000 v15r=0.0000 v16=0.0000 v17=0.0000 v18=0.0000 acc=0.9979 lr=5.48e-05 lambda=0.000 grl_lambda=0.000 v18_lambda=0.000 gpu=3.0/11.8GB
[17:40:34] [train] ep=73 step=040/40 ce=0.2916 sc=0.6874 mi=0.0559 dn=0.0000 v13=0.0005 grl=0.0000 v15=0.0000 v15r=0.0000 v16=0.0000 v17=0.0000 v18=0.0000 acc=0.9984 lr=5.39e-05 lambda=0.000 grl_lambda=0.000 v18_lambda=0.000 gpu=3.0/11.8GB
[17:40:45] [ep_summary] ep=73/100 val_live=0.9691/0.9694 val_ema=0.9691/0.9692 test77_live=0.8705/0.8689 test77_diag_ema=0.8597/0.8564 v13=0.0005 grl=0.0000 v15=0.0000 v15r=0.0000 v16=0.0000 v17=0.0000 v18=0.0000 das=stage3[12,95] p=1.00 ep_time=34.9s
[17:40:45] [train] epoch 74/100 steps=40 use_dann=0 das=stage3 f=[12.0,95.0] p=1.00 gpu=3.0/11.8GB
[17:40:46] [train] ep=74 step=001/40 ce=0.2576 sc=0.8650 mi=0.0577 dn=0.0000 v13=0.0004 grl=0.0000 v15=0.0000 v15r=0.0000 v16=0.0000 v17=0.0000 v18=0.0000 acc=1.0000 lr=5.38e-05 lambda=0.000 grl_lambda=0.000 v18_lambda=0.000 gpu=3.0/11.8GB
[17:40:51] [train] ep=74 step=010/40 ce=0.2574 sc=0.7454 mi=0.0553 dn=0.0000 v13=0.0004 grl=0.0000 v15=0.0000 v15r=0.0000 v16=0.0000 v17=0.0000 v18=0.0000 acc=1.0000 lr=5.30e-05 lambda=0.000 grl_lambda=0.000 v18_lambda=0.000 gpu=3.0/11.8GB
[17:40:57] [train] ep=74 step=020/40 ce=0.3106 sc=0.7612 mi=0.0562 dn=0.0000 v13=0.0004 grl=0.0000 v15=0.0000 v15r=0.0000 v16=0.0000 v17=0.0000 v18=0.0000 acc=0.9969 lr=5.20e-05 lambda=0.000 grl_lambda=0.000 v18_lambda=0.000 gpu=3.0/11.8GB
[17:41:03] [train] ep=74 step=030/40 ce=0.2929 sc=0.7609 mi=0.0553 dn=0.0000 v13=0.0004 grl=0.0000 v15=0.0000 v15r=0.0000 v16=0.0000 v17=0.0000 v18=0.0000 acc=0.9979 lr=5.11e-05 lambda=0.000 grl_lambda=0.000 v18_lambda=0.000 gpu=3.0/11.8GB
[17:41:09] [train] ep=74 step=040/40 ce=0.2850 sc=0.7540 mi=0.0545 dn=0.0000 v13=0.0004 grl=0.0000 v15=0.0000 v15r=0.0000 v16=0.0000 v17=0.0000 v18=0.0000 acc=0.9984 lr=5.02e-05 lambda=0.000 grl_lambda=0.000 v18_lambda=0.000 gpu=3.0/11.8GB
[17:41:19] [ep_summary] ep=74/100 val_live=0.9568/0.9563 val_ema=0.9691/0.9692 test77_live=0.8633/0.8610 test77_diag_ema=0.8633/0.8600 v13=0.0004 grl=0.0000 v15=0.0000 v15r=0.0000 v16=0.0000 v17=0.0000 v18=0.0000 das=stage3[12,95] p=1.00 ep_time=34.3s
[17:41:19] [train] epoch 75/100 steps=40 use_dann=0 das=stage3 f=[12.0,95.0] p=1.00 gpu=3.0/11.8GB
[17:41:20] [train] ep=75 step=001/40 ce=0.2581 sc=0.7444 mi=0.0577 dn=0.0000 v13=0.0004 grl=0.0000 v15=0.0000 v15r=0.0000 v16=0.0000 v17=0.0000 v18=0.0000 acc=1.0000 lr=5.01e-05 lambda=0.000 grl_lambda=0.000 v18_lambda=0.000 gpu=3.0/11.8GB
[17:41:25] [train] ep=75 step=010/40 ce=0.2579 sc=0.7293 mi=0.0507 dn=0.0000 v13=0.0005 grl=0.0000 v15=0.0000 v15r=0.0000 v16=0.0000 v17=0.0000 v18=0.0000 acc=1.0000 lr=4.93e-05 lambda=0.000 grl_lambda=0.000 v18_lambda=0.000 gpu=3.0/11.8GB
[17:41:31] [train] ep=75 step=020/40 ce=0.2577 sc=0.7472 mi=0.0526 dn=0.0000 v13=0.0004 grl=0.0000 v15=0.0000 v15r=0.0000 v16=0.0000 v17=0.0000 v18=0.0000 acc=1.0000 lr=4.84e-05 lambda=0.000 grl_lambda=0.000 v18_lambda=0.000 gpu=3.0/11.8GB
[17:41:37] [train] ep=75 step=030/40 ce=0.2649 sc=0.7457 mi=0.0532 dn=0.0000 v13=0.0005 grl=0.0000 v15=0.0000 v15r=0.0000 v16=0.0000 v17=0.0000 v18=0.0000 acc=1.0000 lr=4.75e-05 lambda=0.000 grl_lambda=0.000 v18_lambda=0.000 gpu=3.0/11.8GB
[17:41:43] [train] ep=75 step=040/40 ce=0.2631 sc=0.7287 mi=0.0540 dn=0.0000 v13=0.0005 grl=0.0000 v15=0.0000 v15r=0.0000 v16=0.0000 v17=0.0000 v18=0.0000 acc=1.0000 lr=4.66e-05 lambda=0.000 grl_lambda=0.000 v18_lambda=0.000 gpu=3.0/11.8GB
[17:41:53] [ep_summary] ep=75/100 val_live=0.9691/0.9692 val_ema=0.9691/0.9692 test77_live=0.8597/0.8582 test77_diag_ema=0.8633/0.8600 v13=0.0005 grl=0.0000 v15=0.0000 v15r=0.0000 v16=0.0000 v17=0.0000 v18=0.0000 das=stage3[12,95] p=1.00 ep_time=34.0s
[17:41:53] [train] epoch 76/100 steps=40 use_dann=0 das=stage3 f=[12.0,95.0] p=1.00 gpu=3.0/11.8GB
[17:41:54] [train] ep=76 step=001/40 ce=0.2570 sc=0.7434 mi=0.0474 dn=0.0000 v13=0.0004 grl=0.0000 v15=0.0000 v15r=0.0000 v16=0.0000 v17=0.0000 v18=0.0000 acc=1.0000 lr=4.65e-05 lambda=0.000 grl_lambda=0.000 v18_lambda=0.000 gpu=3.0/11.8GB
[17:41:59] [train] ep=76 step=010/40 ce=0.2577 sc=0.7733 mi=0.0529 dn=0.0000 v13=0.0005 grl=0.0000 v15=0.0000 v15r=0.0000 v16=0.0000 v17=0.0000 v18=0.0000 acc=1.0000 lr=4.58e-05 lambda=0.000 grl_lambda=0.000 v18_lambda=0.000 gpu=3.0/11.8GB
[17:42:05] [train] ep=76 step=020/40 ce=0.2573 sc=0.7716 mi=0.0532 dn=0.0000 v13=0.0005 grl=0.0000 v15=0.0000 v15r=0.0000 v16=0.0000 v17=0.0000 v18=0.0000 acc=1.0000 lr=4.49e-05 lambda=0.000 grl_lambda=0.000 v18_lambda=0.000 gpu=3.0/11.8GB
[17:42:11] [train] ep=76 step=030/40 ce=0.2846 sc=0.7987 mi=0.0535 dn=0.0000 v13=0.0005 grl=0.0000 v15=0.0000 v15r=0.0000 v16=0.0000 v17=0.0000 v18=0.0000 acc=0.9979 lr=4.40e-05 lambda=0.000 grl_lambda=0.000 v18_lambda=0.000 gpu=3.0/11.8GB
[17:42:17] [train] ep=76 step=040/40 ce=0.2793 sc=0.7488 mi=0.0536 dn=0.0000 v13=0.0004 grl=0.0000 v15=0.0000 v15r=0.0000 v16=0.0000 v17=0.0000 v18=0.0000 acc=0.9984 lr=4.32e-05 lambda=0.000 grl_lambda=0.000 v18_lambda=0.000 gpu=3.0/11.8GB
[17:42:27] [ep_summary] ep=76/100 val_live=0.9691/0.9692 val_ema=0.9691/0.9692 test77_live=0.8597/0.8580 test77_diag_ema=0.8633/0.8600 v13=0.0004 grl=0.0000 v15=0.0000 v15r=0.0000 v16=0.0000 v17=0.0000 v18=0.0000 das=stage3[12,95] p=1.00 ep_time=34.1s
[17:42:27] [train] epoch 77/100 steps=40 use_dann=0 das=stage3 f=[12.0,95.0] p=1.00 gpu=3.0/11.8GB
[17:42:28] [train] ep=77 step=001/40 ce=0.2591 sc=0.5384 mi=0.0536 dn=0.0000 v13=0.0005 grl=0.0000 v15=0.0000 v15r=0.0000 v16=0.0000 v17=0.0000 v18=0.0000 acc=1.0000 lr=4.31e-05 lambda=0.000 grl_lambda=0.000 v18_lambda=0.000 gpu=3.0/11.8GB
[17:42:33] [train] ep=77 step=010/40 ce=0.2580 sc=0.6574 mi=0.0513 dn=0.0000 v13=0.0005 grl=0.0000 v15=0.0000 v15r=0.0000 v16=0.0000 v17=0.0000 v18=0.0000 acc=1.0000 lr=4.23e-05 lambda=0.000 grl_lambda=0.000 v18_lambda=0.000 gpu=3.0/11.8GB
[17:42:39] [train] ep=77 step=020/40 ce=0.2675 sc=0.7488 mi=0.0531 dn=0.0000 v13=0.0004 grl=0.0000 v15=0.0000 v15r=0.0000 v16=0.0000 v17=0.0000 v18=0.0000 acc=1.0000 lr=4.15e-05 lambda=0.000 grl_lambda=0.000 v18_lambda=0.000 gpu=3.0/11.8GB
[17:42:45] [train] ep=77 step=030/40 ce=0.2646 sc=0.7848 mi=0.0542 dn=0.0000 v13=0.0004 grl=0.0000 v15=0.0000 v15r=0.0000 v16=0.0000 v17=0.0000 v18=0.0000 acc=1.0000 lr=4.06e-05 lambda=0.000 grl_lambda=0.000 v18_lambda=0.000 gpu=3.0/11.8GB
[17:42:51] [train] ep=77 step=040/40 ce=0.2636 sc=0.8010 mi=0.0547 dn=0.0000 v13=0.0004 grl=0.0000 v15=0.0000 v15r=0.0000 v16=0.0000 v17=0.0000 v18=0.0000 acc=1.0000 lr=3.98e-05 lambda=0.000 grl_lambda=0.000 v18_lambda=0.000 gpu=3.0/11.8GB
[17:43:02] [ep_summary] ep=77/100 val_live=0.9691/0.9692 val_ema=0.9691/0.9692 test77_live=0.8597/0.8579 test77_diag_ema=0.8633/0.8600 v13=0.0004 grl=0.0000 v15=0.0000 v15r=0.0000 v16=0.0000 v17=0.0000 v18=0.0000 das=stage3[12,95] p=1.00 ep_time=34.1s
[17:43:02] [train] epoch 78/100 steps=40 use_dann=0 das=stage3 f=[12.0,95.0] p=1.00 gpu=3.0/11.8GB
[17:43:02] [train] ep=78 step=001/40 ce=0.2570 sc=0.9628 mi=0.0507 dn=0.0000 v13=0.0003 grl=0.0000 v15=0.0000 v15r=0.0000 v16=0.0000 v17=0.0000 v18=0.0000 acc=1.0000 lr=3.97e-05 lambda=0.000 grl_lambda=0.000 v18_lambda=0.000 gpu=3.0/11.8GB
[17:43:08] [train] ep=78 step=010/40 ce=0.2572 sc=0.7673 mi=0.0534 dn=0.0000 v13=0.0004 grl=0.0000 v15=0.0000 v15r=0.0000 v16=0.0000 v17=0.0000 v18=0.0000 acc=1.0000 lr=3.90e-05 lambda=0.000 grl_lambda=0.000 v18_lambda=0.000 gpu=3.0/11.8GB
[17:43:13] [train] ep=78 step=020/40 ce=0.2585 sc=0.6809 mi=0.0536 dn=0.0000 v13=0.0004 grl=0.0000 v15=0.0000 v15r=0.0000 v16=0.0000 v17=0.0000 v18=0.0000 acc=1.0000 lr=3.82e-05 lambda=0.000 grl_lambda=0.000 v18_lambda=0.000 gpu=3.0/11.8GB
[17:43:19] [train] ep=78 step=030/40 ce=0.2585 sc=0.6977 mi=0.0548 dn=0.0000 v13=0.0004 grl=0.0000 v15=0.0000 v15r=0.0000 v16=0.0000 v17=0.0000 v18=0.0000 acc=1.0000 lr=3.74e-05 lambda=0.000 grl_lambda=0.000 v18_lambda=0.000 gpu=3.0/11.8GB
[17:43:25] [train] ep=78 step=040/40 ce=0.2582 sc=0.7131 mi=0.0557 dn=0.0000 v13=0.0004 grl=0.0000 v15=0.0000 v15r=0.0000 v16=0.0000 v17=0.0000 v18=0.0000 acc=1.0000 lr=3.66e-05 lambda=0.000 grl_lambda=0.000 v18_lambda=0.000 gpu=3.0/11.8GB
[17:43:36] [ep_summary] ep=78/100 val_live=0.9691/0.9692 val_ema=0.9691/0.9692 test77_live=0.8597/0.8577 test77_diag_ema=0.8669/0.8640 v13=0.0004 grl=0.0000 v15=0.0000 v15r=0.0000 v16=0.0000 v17=0.0000 v18=0.0000 das=stage3[12,95] p=1.00 ep_time=34.5s
[17:43:36] [train] epoch 79/100 steps=40 use_dann=0 das=stage3 f=[12.0,95.0] p=1.00 gpu=3.0/11.8GB
[17:43:37] [train] ep=79 step=001/40 ce=0.2567 sc=1.0096 mi=0.0514 dn=0.0000 v13=0.0007 grl=0.0000 v15=0.0000 v15r=0.0000 v16=0.0000 v17=0.0000 v18=0.0000 acc=1.0000 lr=3.65e-05 lambda=0.000 grl_lambda=0.000 v18_lambda=0.000 gpu=3.0/11.8GB
[17:43:42] [train] ep=79 step=010/40 ce=0.2573 sc=0.7958 mi=0.0530 dn=0.0000 v13=0.0004 grl=0.0000 v15=0.0000 v15r=0.0000 v16=0.0000 v17=0.0000 v18=0.0000 acc=1.0000 lr=3.58e-05 lambda=0.000 grl_lambda=0.000 v18_lambda=0.000 gpu=3.0/11.8GB
[17:43:48] [train] ep=79 step=020/40 ce=0.2587 sc=0.7679 mi=0.0527 dn=0.0000 v13=0.0004 grl=0.0000 v15=0.0000 v15r=0.0000 v16=0.0000 v17=0.0000 v18=0.0000 acc=1.0000 lr=3.50e-05 lambda=0.000 grl_lambda=0.000 v18_lambda=0.000 gpu=3.0/11.8GB
[17:43:54] [train] ep=79 step=030/40 ce=0.2667 sc=0.7701 mi=0.0525 dn=0.0000 v13=0.0005 grl=0.0000 v15=0.0000 v15r=0.0000 v16=0.0000 v17=0.0000 v18=0.0000 acc=1.0000 lr=3.42e-05 lambda=0.000 grl_lambda=0.000 v18_lambda=0.000 gpu=3.0/11.8GB
[17:44:00] [train] ep=79 step=040/40 ce=0.2976 sc=0.7969 mi=0.0524 dn=0.0000 v13=0.0004 grl=0.0000 v15=0.0000 v15r=0.0000 v16=0.0000 v17=0.0000 v18=0.0000 acc=0.9969 lr=3.35e-05 lambda=0.000 grl_lambda=0.000 v18_lambda=0.000 gpu=3.0/11.8GB
[17:44:10] [ep_summary] ep=79/100 val_live=0.9691/0.9692 val_ema=0.9691/0.9692 test77_live=0.8597/0.8579 test77_diag_ema=0.8669/0.8649 v13=0.0004 grl=0.0000 v15=0.0000 v15r=0.0000 v16=0.0000 v17=0.0000 v18=0.0000 das=stage3[12,95] p=1.00 ep_time=34.2s
[17:44:10] [train] epoch 80/100 steps=40 use_dann=0 das=stage3 f=[12.0,95.0] p=1.00 gpu=3.0/11.8GB
[17:44:11] [train] ep=80 step=001/40 ce=0.2568 sc=0.5981 mi=0.0544 dn=0.0000 v13=0.0003 grl=0.0000 v15=0.0000 v15r=0.0000 v16=0.0000 v17=0.0000 v18=0.0000 acc=1.0000 lr=3.34e-05 lambda=0.000 grl_lambda=0.000 v18_lambda=0.000 gpu=3.0/11.8GB
[17:44:16] [train] ep=80 step=010/40 ce=0.2719 sc=0.7621 mi=0.0526 dn=0.0000 v13=0.0004 grl=0.0000 v15=0.0000 v15r=0.0000 v16=0.0000 v17=0.0000 v18=0.0000 acc=1.0000 lr=3.27e-05 lambda=0.000 grl_lambda=0.000 v18_lambda=0.000 gpu=3.0/11.8GB
[17:44:22] [train] ep=80 step=020/40 ce=0.2648 sc=0.7979 mi=0.0542 dn=0.0000 v13=0.0004 grl=0.0000 v15=0.0000 v15r=0.0000 v16=0.0000 v17=0.0000 v18=0.0000 acc=1.0000 lr=3.19e-05 lambda=0.000 grl_lambda=0.000 v18_lambda=0.000 gpu=3.0/11.8GB
[17:44:28] [train] ep=80 step=030/40 ce=0.2894 sc=0.8113 mi=0.0545 dn=0.0000 v13=0.0004 grl=0.0000 v15=0.0000 v15r=0.0000 v16=0.0000 v17=0.0000 v18=0.0000 acc=0.9979 lr=3.12e-05 lambda=0.000 grl_lambda=0.000 v18_lambda=0.000 gpu=3.0/11.8GB
[17:44:34] [train] ep=80 step=040/40 ce=0.2841 sc=0.7967 mi=0.0543 dn=0.0000 v13=0.0004 grl=0.0000 v15=0.0000 v15r=0.0000 v16=0.0000 v17=0.0000 v18=0.0000 acc=0.9984 lr=3.05e-05 lambda=0.000 grl_lambda=0.000 v18_lambda=0.000 gpu=3.0/11.8GB
[17:44:44] [pool] check ep=080/100 source_val_acc_ema=0.9691 threshold=0.90
[17:45:06] [pool] ep=080 ADDED src_val=0.9691/0.9692 dev77=0.8286/0.8240 final77=0.8669/0.8649
[17:45:06] [pool] running best ep=070 dev77_f1=0.8459 final77_f1=0.8670 (pool_size=5)
[17:45:06] [ep_summary] ep=80/100 val_live=0.9691/0.9692 val_ema=0.9691/0.9692 test77_live=0.8489/0.8472 test77_diag_ema=0.8669/0.8649 v13=0.0004 grl=0.0000 v15=0.0000 v15r=0.0000 v16=0.0000 v17=0.0000 v18=0.0000 das=stage3[12,95] p=1.00 ep_time=55.3s
[17:45:06] [strict77_monitor] ep=80 best_source_epoch=49 source_val_ema=0.9877/0.9878 test77_ema_diag=0.7554/0.7388 sourcequalified_count=43 best_sourcequalified77_epoch=64 source_val_ema=0.9691/0.9694 test77_ema=0.8813/0.8781
[17:45:06] [train] epoch 81/100 steps=40 use_dann=0 das=stage3 f=[12.0,95.0] p=1.00 gpu=3.0/11.8GB
[17:45:06] [train] ep=81 step=001/40 ce=0.2572 sc=0.7311 mi=0.0574 dn=0.0000 v13=0.0003 grl=0.0000 v15=0.0000 v15r=0.0000 v16=0.0000 v17=0.0000 v18=0.0000 acc=1.0000 lr=3.04e-05 lambda=0.000 grl_lambda=0.000 v18_lambda=0.000 gpu=3.0/11.8GB
[17:45:12] [train] ep=81 step=010/40 ce=0.2651 sc=0.8161 mi=0.0533 dn=0.0000 v13=0.0004 grl=0.0000 v15=0.0000 v15r=0.0000 v16=0.0000 v17=0.0000 v18=0.0000 acc=1.0000 lr=2.97e-05 lambda=0.000 grl_lambda=0.000 v18_lambda=0.000 gpu=3.0/11.8GB
[17:45:17] [train] ep=81 step=020/40 ce=0.2902 sc=0.8196 mi=0.0536 dn=0.0000 v13=0.0004 grl=0.0000 v15=0.0000 v15r=0.0000 v16=0.0000 v17=0.0000 v18=0.0000 acc=1.0000 lr=2.90e-05 lambda=0.000 grl_lambda=0.000 v18_lambda=0.000 gpu=3.0/11.8GB
[17:45:23] [train] ep=81 step=030/40 ce=0.2800 sc=0.8007 mi=0.0540 dn=0.0000 v13=0.0005 grl=0.0000 v15=0.0000 v15r=0.0000 v16=0.0000 v17=0.0000 v18=0.0000 acc=1.0000 lr=2.83e-05 lambda=0.000 grl_lambda=0.000 v18_lambda=0.000 gpu=3.0/11.8GB
[17:45:29] [train] ep=81 step=040/40 ce=0.2743 sc=0.7582 mi=0.0537 dn=0.0000 v13=0.0004 grl=0.0000 v15=0.0000 v15r=0.0000 v16=0.0000 v17=0.0000 v18=0.0000 acc=1.0000 lr=2.76e-05 lambda=0.000 grl_lambda=0.000 v18_lambda=0.000 gpu=3.0/11.8GB
[17:45:40] [ep_summary] ep=81/100 val_live=0.9691/0.9694 val_ema=0.9691/0.9692 test77_live=0.8561/0.8531 test77_diag_ema=0.8669/0.8649 v13=0.0004 grl=0.0000 v15=0.0000 v15r=0.0000 v16=0.0000 v17=0.0000 v18=0.0000 das=stage3[12,95] p=1.00 ep_time=33.8s
[17:45:40] [train] epoch 82/100 steps=40 use_dann=0 das=stage3 f=[12.0,95.0] p=1.00 gpu=3.0/11.8GB
[17:45:41] [train] ep=82 step=001/40 ce=0.2562 sc=0.5670 mi=0.0545 dn=0.0000 v13=0.0003 grl=0.0000 v15=0.0000 v15r=0.0000 v16=0.0000 v17=0.0000 v18=0.0000 acc=1.0000 lr=2.75e-05 lambda=0.000 grl_lambda=0.000 v18_lambda=0.000 gpu=3.0/11.8GB
[17:45:46] [train] ep=82 step=010/40 ce=0.2573 sc=0.7205 mi=0.0545 dn=0.0000 v13=0.0004 grl=0.0000 v15=0.0000 v15r=0.0000 v16=0.0000 v17=0.0000 v18=0.0000 acc=1.0000 lr=2.69e-05 lambda=0.000 grl_lambda=0.000 v18_lambda=0.000 gpu=3.0/11.8GB
[17:45:52] [train] ep=82 step=020/40 ce=0.2570 sc=0.7447 mi=0.0549 dn=0.0000 v13=0.0005 grl=0.0000 v15=0.0000 v15r=0.0000 v16=0.0000 v17=0.0000 v18=0.0000 acc=1.0000 lr=2.62e-05 lambda=0.000 grl_lambda=0.000 v18_lambda=0.000 gpu=3.0/11.8GB
[17:45:58] [train] ep=82 step=030/40 ce=0.2570 sc=0.7679 mi=0.0547 dn=0.0000 v13=0.0005 grl=0.0000 v15=0.0000 v15r=0.0000 v16=0.0000 v17=0.0000 v18=0.0000 acc=1.0000 lr=2.55e-05 lambda=0.000 grl_lambda=0.000 v18_lambda=0.000 gpu=3.0/11.8GB
[17:46:03] [train] ep=82 step=040/40 ce=0.2802 sc=0.7813 mi=0.0542 dn=0.0000 v13=0.0004 grl=0.0000 v15=0.0000 v15r=0.0000 v16=0.0000 v17=0.0000 v18=0.0000 acc=0.9984 lr=2.48e-05 lambda=0.000 grl_lambda=0.000 v18_lambda=0.000 gpu=3.0/11.8GB
[17:46:14] [ep_summary] ep=82/100 val_live=0.9691/0.9694 val_ema=0.9691/0.9692 test77_live=0.8561/0.8531 test77_diag_ema=0.8633/0.8615 v13=0.0004 grl=0.0000 v15=0.0000 v15r=0.0000 v16=0.0000 v17=0.0000 v18=0.0000 das=stage3[12,95] p=1.00 ep_time=34.4s
[17:46:14] [train] epoch 83/100 steps=40 use_dann=0 das=stage3 f=[12.0,95.0] p=1.00 gpu=3.0/11.8GB
[17:46:14] [train] ep=83 step=001/40 ce=0.2573 sc=0.8203 mi=0.0559 dn=0.0000 v13=0.0007 grl=0.0000 v15=0.0000 v15r=0.0000 v16=0.0000 v17=0.0000 v18=0.0000 acc=1.0000 lr=2.48e-05 lambda=0.000 grl_lambda=0.000 v18_lambda=0.000 gpu=3.0/11.8GB
[17:46:20] [train] ep=83 step=010/40 ce=0.2824 sc=0.7378 mi=0.0540 dn=0.0000 v13=0.0005 grl=0.0000 v15=0.0000 v15r=0.0000 v16=0.0000 v17=0.0000 v18=0.0000 acc=1.0000 lr=2.42e-05 lambda=0.000 grl_lambda=0.000 v18_lambda=0.000 gpu=3.0/11.8GB
[17:46:26] [train] ep=83 step=020/40 ce=0.2697 sc=0.7198 mi=0.0532 dn=0.0000 v13=0.0004 grl=0.0000 v15=0.0000 v15r=0.0000 v16=0.0000 v17=0.0000 v18=0.0000 acc=1.0000 lr=2.35e-05 lambda=0.000 grl_lambda=0.000 v18_lambda=0.000 gpu=3.0/11.8GB
[17:46:31] [train] ep=83 step=030/40 ce=0.2664 sc=0.7395 mi=0.0535 dn=0.0000 v13=0.0004 grl=0.0000 v15=0.0000 v15r=0.0000 v16=0.0000 v17=0.0000 v18=0.0000 acc=1.0000 lr=2.29e-05 lambda=0.000 grl_lambda=0.000 v18_lambda=0.000 gpu=3.0/11.8GB
[17:46:37] [train] ep=83 step=040/40 ce=0.2641 sc=0.7707 mi=0.0534 dn=0.0000 v13=0.0004 grl=0.0000 v15=0.0000 v15r=0.0000 v16=0.0000 v17=0.0000 v18=0.0000 acc=1.0000 lr=2.22e-05 lambda=0.000 grl_lambda=0.000 v18_lambda=0.000 gpu=3.0/11.8GB
[17:46:48] [ep_summary] ep=83/100 val_live=0.9691/0.9692 val_ema=0.9691/0.9692 test77_live=0.8633/0.8615 test77_diag_ema=0.8669/0.8650 v13=0.0004 grl=0.0000 v15=0.0000 v15r=0.0000 v16=0.0000 v17=0.0000 v18=0.0000 das=stage3[12,95] p=1.00 ep_time=33.9s
[17:46:48] [train] epoch 84/100 steps=40 use_dann=0 das=stage3 f=[12.0,95.0] p=1.00 gpu=3.0/11.8GB
[17:46:48] [train] ep=84 step=001/40 ce=0.2582 sc=0.9617 mi=0.0533 dn=0.0000 v13=0.0003 grl=0.0000 v15=0.0000 v15r=0.0000 v16=0.0000 v17=0.0000 v18=0.0000 acc=1.0000 lr=2.22e-05 lambda=0.000 grl_lambda=0.000 v18_lambda=0.000 gpu=3.0/11.8GB
[17:46:54] [train] ep=84 step=010/40 ce=0.2957 sc=0.8079 mi=0.0562 dn=0.0000 v13=0.0005 grl=0.0000 v15=0.0000 v15r=0.0000 v16=0.0000 v17=0.0000 v18=0.0000 acc=1.0000 lr=2.16e-05 lambda=0.000 grl_lambda=0.000 v18_lambda=0.000 gpu=3.0/11.8GB
[17:47:00] [train] ep=84 step=020/40 ce=0.2783 sc=0.7639 mi=0.0547 dn=0.0000 v13=0.0005 grl=0.0000 v15=0.0000 v15r=0.0000 v16=0.0000 v17=0.0000 v18=0.0000 acc=1.0000 lr=2.10e-05 lambda=0.000 grl_lambda=0.000 v18_lambda=0.000 gpu=3.0/11.8GB
[17:47:05] [train] ep=84 step=030/40 ce=0.2866 sc=0.7786 mi=0.0549 dn=0.0000 v13=0.0005 grl=0.0000 v15=0.0000 v15r=0.0000 v16=0.0000 v17=0.0000 v18=0.0000 acc=0.9979 lr=2.04e-05 lambda=0.000 grl_lambda=0.000 v18_lambda=0.000 gpu=3.0/11.8GB
[17:47:11] [train] ep=84 step=040/40 ce=0.2971 sc=0.7515 mi=0.0554 dn=0.0000 v13=0.0005 grl=0.0000 v15=0.0000 v15r=0.0000 v16=0.0000 v17=0.0000 v18=0.0000 acc=0.9969 lr=1.98e-05 lambda=0.000 grl_lambda=0.000 v18_lambda=0.000 gpu=3.0/11.8GB
[17:47:44] [ep_summary] ep=84/100 val_live=0.9691/0.9692 val_ema=0.9691/0.9692 test77_live=0.8597/0.8578 test77_diag_ema=0.8669/0.8650 v13=0.0005 grl=0.0000 v15=0.0000 v15r=0.0000 v16=0.0000 v17=0.0000 v18=0.0000 das=stage3[12,95] p=1.00 ep_time=56.1s
[17:47:44] [train] epoch 85/100 steps=40 use_dann=0 das=stage3 f=[12.0,95.0] p=1.00 gpu=3.0/11.8GB
[17:47:45] [train] ep=85 step=001/40 ce=0.2561 sc=0.5511 mi=0.0571 dn=0.0000 v13=0.0004 grl=0.0000 v15=0.0000 v15r=0.0000 v16=0.0000 v17=0.0000 v18=0.0000 acc=1.0000 lr=1.97e-05 lambda=0.000 grl_lambda=0.000 v18_lambda=0.000 gpu=3.0/11.8GB
[17:47:50] [train] ep=85 step=010/40 ce=0.2586 sc=0.8932 mi=0.0542 dn=0.0000 v13=0.0005 grl=0.0000 v15=0.0000 v15r=0.0000 v16=0.0000 v17=0.0000 v18=0.0000 acc=1.0000 lr=1.92e-05 lambda=0.000 grl_lambda=0.000 v18_lambda=0.000 gpu=3.0/11.8GB
[17:47:56] [train] ep=85 step=020/40 ce=0.2994 sc=0.8384 mi=0.0545 dn=0.0000 v13=0.0005 grl=0.0000 v15=0.0000 v15r=0.0000 v16=0.0000 v17=0.0000 v18=0.0000 acc=0.9969 lr=1.86e-05 lambda=0.000 grl_lambda=0.000 v18_lambda=0.000 gpu=3.0/11.8GB
[17:48:01] [train] ep=85 step=030/40 ce=0.2976 sc=0.7896 mi=0.0543 dn=0.0000 v13=0.0005 grl=0.0000 v15=0.0000 v15r=0.0000 v16=0.0000 v17=0.0000 v18=0.0000 acc=0.9958 lr=1.80e-05 lambda=0.000 grl_lambda=0.000 v18_lambda=0.000 gpu=3.0/11.8GB
[17:48:07] [train] ep=85 step=040/40 ce=0.2917 sc=0.7892 mi=0.0546 dn=0.0000 v13=0.0005 grl=0.0000 v15=0.0000 v15r=0.0000 v16=0.0000 v17=0.0000 v18=0.0000 acc=0.9969 lr=1.74e-05 lambda=0.000 grl_lambda=0.000 v18_lambda=0.000 gpu=3.0/11.8GB
[17:48:34] [ep_summary] ep=85/100 val_live=0.9815/0.9817 val_ema=0.9691/0.9692 test77_live=0.8561/0.8542 test77_diag_ema=0.8669/0.8650 v13=0.0005 grl=0.0000 v15=0.0000 v15r=0.0000 v16=0.0000 v17=0.0000 v18=0.0000 das=stage3[12,95] p=1.00 ep_time=50.3s
[17:48:34] [train] epoch 86/100 steps=40 use_dann=0 das=stage3 f=[12.0,95.0] p=1.00 gpu=3.0/11.8GB
[17:48:35] [train] ep=86 step=001/40 ce=0.2568 sc=0.7272 mi=0.0531 dn=0.0000 v13=0.0005 grl=0.0000 v15=0.0000 v15r=0.0000 v16=0.0000 v17=0.0000 v18=0.0000 acc=1.0000 lr=1.74e-05 lambda=0.000 grl_lambda=0.000 v18_lambda=0.000 gpu=3.0/11.8GB
[17:48:40] [train] ep=86 step=010/40 ce=0.2574 sc=0.8794 mi=0.0533 dn=0.0000 v13=0.0004 grl=0.0000 v15=0.0000 v15r=0.0000 v16=0.0000 v17=0.0000 v18=0.0000 acc=1.0000 lr=1.68e-05 lambda=0.000 grl_lambda=0.000 v18_lambda=0.000 gpu=3.0/11.8GB
[17:48:46] [train] ep=86 step=020/40 ce=0.2569 sc=0.8206 mi=0.0529 dn=0.0000 v13=0.0004 grl=0.0000 v15=0.0000 v15r=0.0000 v16=0.0000 v17=0.0000 v18=0.0000 acc=1.0000 lr=1.63e-05 lambda=0.000 grl_lambda=0.000 v18_lambda=0.000 gpu=3.0/11.8GB
[17:48:52] [train] ep=86 step=030/40 ce=0.2651 sc=0.8041 mi=0.0526 dn=0.0000 v13=0.0004 grl=0.0000 v15=0.0000 v15r=0.0000 v16=0.0000 v17=0.0000 v18=0.0000 acc=1.0000 lr=1.57e-05 lambda=0.000 grl_lambda=0.000 v18_lambda=0.000 gpu=3.0/11.8GB
[17:48:58] [train] ep=86 step=040/40 ce=0.2632 sc=0.7812 mi=0.0527 dn=0.0000 v13=0.0004 grl=0.0000 v15=0.0000 v15r=0.0000 v16=0.0000 v17=0.0000 v18=0.0000 acc=1.0000 lr=1.52e-05 lambda=0.000 grl_lambda=0.000 v18_lambda=0.000 gpu=3.0/11.8GB
[17:49:15] [ep_summary] ep=86/100 val_live=0.9815/0.9817 val_ema=0.9691/0.9692 test77_live=0.8597/0.8581 test77_diag_ema=0.8633/0.8615 v13=0.0004 grl=0.0000 v15=0.0000 v15r=0.0000 v16=0.0000 v17=0.0000 v18=0.0000 das=stage3[12,95] p=1.00 ep_time=40.8s
[17:49:15] [train] epoch 87/100 steps=40 use_dann=0 das=stage3 f=[12.0,95.0] p=1.00 gpu=3.0/11.8GB
[17:49:16] [train] ep=87 step=001/40 ce=0.2574 sc=0.8763 mi=0.0551 dn=0.0000 v13=0.0003 grl=0.0000 v15=0.0000 v15r=0.0000 v16=0.0000 v17=0.0000 v18=0.0000 acc=1.0000 lr=1.52e-05 lambda=0.000 grl_lambda=0.000 v18_lambda=0.000 gpu=3.0/11.8GB
[17:49:21] [train] ep=87 step=010/40 ce=0.2567 sc=0.7930 mi=0.0536 dn=0.0000 v13=0.0004 grl=0.0000 v15=0.0000 v15r=0.0000 v16=0.0000 v17=0.0000 v18=0.0000 acc=1.0000 lr=1.47e-05 lambda=0.000 grl_lambda=0.000 v18_lambda=0.000 gpu=3.0/11.8GB
[17:49:27] [train] ep=87 step=020/40 ce=0.3085 sc=0.7751 mi=0.0532 dn=0.0000 v13=0.0004 grl=0.0000 v15=0.0000 v15r=0.0000 v16=0.0000 v17=0.0000 v18=0.0000 acc=0.9969 lr=1.42e-05 lambda=0.000 grl_lambda=0.000 v18_lambda=0.000 gpu=3.0/11.8GB
[17:49:33] [train] ep=87 step=030/40 ce=0.2943 sc=0.7832 mi=0.0541 dn=0.0000 v13=0.0004 grl=0.0000 v15=0.0000 v15r=0.0000 v16=0.0000 v17=0.0000 v18=0.0000 acc=0.9979 lr=1.37e-05 lambda=0.000 grl_lambda=0.000 v18_lambda=0.000 gpu=3.0/11.8GB
[17:49:39] [train] ep=87 step=040/40 ce=0.3040 sc=0.7515 mi=0.0540 dn=0.0000 v13=0.0004 grl=0.0000 v15=0.0000 v15r=0.0000 v16=0.0000 v17=0.0000 v18=0.0000 acc=0.9969 lr=1.31e-05 lambda=0.000 grl_lambda=0.000 v18_lambda=0.000 gpu=3.0/11.8GB
[17:49:50] [ep_summary] ep=87/100 val_live=0.9815/0.9817 val_ema=0.9691/0.9692 test77_live=0.8669/0.8656 test77_diag_ema=0.8633/0.8615 v13=0.0004 grl=0.0000 v15=0.0000 v15r=0.0000 v16=0.0000 v17=0.0000 v18=0.0000 das=stage3[12,95] p=1.00 ep_time=34.5s
[17:49:50] [train] epoch 88/100 steps=40 use_dann=0 das=stage3 f=[12.0,95.0] p=1.00 gpu=3.0/11.8GB
[17:49:50] [train] ep=88 step=001/40 ce=0.2570 sc=0.6469 mi=0.0496 dn=0.0000 v13=0.0002 grl=0.0000 v15=0.0000 v15r=0.0000 v16=0.0000 v17=0.0000 v18=0.0000 acc=1.0000 lr=1.31e-05 lambda=0.000 grl_lambda=0.000 v18_lambda=0.000 gpu=3.0/11.8GB
[17:49:55] [train] ep=88 step=010/40 ce=0.2651 sc=0.6653 mi=0.0520 dn=0.0000 v13=0.0003 grl=0.0000 v15=0.0000 v15r=0.0000 v16=0.0000 v17=0.0000 v18=0.0000 acc=1.0000 lr=1.27e-05 lambda=0.000 grl_lambda=0.000 v18_lambda=0.000 gpu=3.0/11.8GB
[17:50:01] [train] ep=88 step=020/40 ce=0.3221 sc=0.7253 mi=0.0525 dn=0.0000 v13=0.0004 grl=0.0000 v15=0.0000 v15r=0.0000 v16=0.0000 v17=0.0000 v18=0.0000 acc=0.9969 lr=1.22e-05 lambda=0.000 grl_lambda=0.000 v18_lambda=0.000 gpu=3.0/11.8GB
[17:50:07] [train] ep=88 step=030/40 ce=0.3180 sc=0.7699 mi=0.0524 dn=0.0000 v13=0.0004 grl=0.0000 v15=0.0000 v15r=0.0000 v16=0.0000 v17=0.0000 v18=0.0000 acc=0.9958 lr=1.17e-05 lambda=0.000 grl_lambda=0.000 v18_lambda=0.000 gpu=3.0/11.8GB
[17:50:13] [train] ep=88 step=040/40 ce=0.3228 sc=0.7448 mi=0.0530 dn=0.0000 v13=0.0004 grl=0.0000 v15=0.0000 v15r=0.0000 v16=0.0000 v17=0.0000 v18=0.0000 acc=0.9953 lr=1.12e-05 lambda=0.000 grl_lambda=0.000 v18_lambda=0.000 gpu=3.0/11.8GB
[17:50:24] [ep_summary] ep=88/100 val_live=0.9691/0.9692 val_ema=0.9691/0.9692 test77_live=0.8669/0.8656 test77_diag_ema=0.8633/0.8615 v13=0.0004 grl=0.0000 v15=0.0000 v15r=0.0000 v16=0.0000 v17=0.0000 v18=0.0000 das=stage3[12,95] p=1.00 ep_time=34.1s
[17:50:24] [train] epoch 89/100 steps=40 use_dann=0 das=stage3 f=[12.0,95.0] p=1.00 gpu=3.0/11.8GB
[17:50:24] [train] ep=89 step=001/40 ce=0.2687 sc=0.9607 mi=0.0534 dn=0.0000 v13=0.0003 grl=0.0000 v15=0.0000 v15r=0.0000 v16=0.0000 v17=0.0000 v18=0.0000 acc=1.0000 lr=1.12e-05 lambda=0.000 grl_lambda=0.000 v18_lambda=0.000 gpu=3.0/11.8GB
[17:50:30] [train] ep=89 step=010/40 ce=0.2898 sc=0.7394 mi=0.0547 dn=0.0000 v13=0.0005 grl=0.0000 v15=0.0000 v15r=0.0000 v16=0.0000 v17=0.0000 v18=0.0000 acc=1.0000 lr=1.08e-05 lambda=0.000 grl_lambda=0.000 v18_lambda=0.000 gpu=3.0/11.8GB
[17:50:35] [train] ep=89 step=020/40 ce=0.2769 sc=0.7040 mi=0.0540 dn=0.0000 v13=0.0004 grl=0.0000 v15=0.0000 v15r=0.0000 v16=0.0000 v17=0.0000 v18=0.0000 acc=1.0000 lr=1.03e-05 lambda=0.000 grl_lambda=0.000 v18_lambda=0.000 gpu=3.0/11.8GB
[17:50:41] [train] ep=89 step=030/40 ce=0.2760 sc=0.7269 mi=0.0547 dn=0.0000 v13=0.0004 grl=0.0000 v15=0.0000 v15r=0.0000 v16=0.0000 v17=0.0000 v18=0.0000 acc=1.0000 lr=9.89e-06 lambda=0.000 grl_lambda=0.000 v18_lambda=0.000 gpu=3.0/11.8GB
[17:50:47] [train] ep=89 step=040/40 ce=0.2739 sc=0.7576 mi=0.0550 dn=0.0000 v13=0.0005 grl=0.0000 v15=0.0000 v15r=0.0000 v16=0.0000 v17=0.0000 v18=0.0000 acc=1.0000 lr=9.46e-06 lambda=0.000 grl_lambda=0.000 v18_lambda=0.000 gpu=3.0/11.8GB
[17:50:58] [ep_summary] ep=89/100 val_live=0.9691/0.9692 val_ema=0.9691/0.9692 test77_live=0.8705/0.8691 test77_diag_ema=0.8633/0.8615 v13=0.0005 grl=0.0000 v15=0.0000 v15r=0.0000 v16=0.0000 v17=0.0000 v18=0.0000 das=stage3[12,95] p=1.00 ep_time=34.0s
[17:50:58] [train] epoch 90/100 steps=40 use_dann=0 das=stage3 f=[12.0,95.0] p=1.00 gpu=3.0/11.8GB
[17:50:58] [train] ep=90 step=001/40 ce=0.2575 sc=0.4185 mi=0.0539 dn=0.0000 v13=0.0004 grl=0.0000 v15=0.0000 v15r=0.0000 v16=0.0000 v17=0.0000 v18=0.0000 acc=1.0000 lr=9.42e-06 lambda=0.000 grl_lambda=0.000 v18_lambda=0.000 gpu=3.0/11.8GB
[17:51:03] [train] ep=90 step=010/40 ce=0.2575 sc=0.6467 mi=0.0544 dn=0.0000 v13=0.0004 grl=0.0000 v15=0.0000 v15r=0.0000 v16=0.0000 v17=0.0000 v18=0.0000 acc=1.0000 lr=9.04e-06 lambda=0.000 grl_lambda=0.000 v18_lambda=0.000 gpu=3.0/11.8GB
[17:51:09] [train] ep=90 step=020/40 ce=0.2784 sc=0.7025 mi=0.0530 dn=0.0000 v13=0.0004 grl=0.0000 v15=0.0000 v15r=0.0000 v16=0.0000 v17=0.0000 v18=0.0000 acc=0.9969 lr=8.63e-06 lambda=0.000 grl_lambda=0.000 v18_lambda=0.000 gpu=3.0/11.8GB
[17:51:15] [train] ep=90 step=030/40 ce=0.2759 sc=0.7160 mi=0.0535 dn=0.0000 v13=0.0004 grl=0.0000 v15=0.0000 v15r=0.0000 v16=0.0000 v17=0.0000 v18=0.0000 acc=0.9979 lr=8.23e-06 lambda=0.000 grl_lambda=0.000 v18_lambda=0.000 gpu=3.0/11.8GB
[17:51:21] [train] ep=90 step=040/40 ce=0.2772 sc=0.7144 mi=0.0537 dn=0.0000 v13=0.0004 grl=0.0000 v15=0.0000 v15r=0.0000 v16=0.0000 v17=0.0000 v18=0.0000 acc=0.9984 lr=7.84e-06 lambda=0.000 grl_lambda=0.000 v18_lambda=0.000 gpu=3.0/11.8GB
[17:51:32] [pool] check ep=090/100 source_val_acc_ema=0.9691 threshold=0.90
[17:51:37] [pool] ep=090 ADDED src_val=0.9691/0.9692 dev77=0.8286/0.8259 final77=0.8633/0.8615
[17:51:37] [pool] running best ep=070 dev77_f1=0.8459 final77_f1=0.8670 (pool_size=6)
[17:51:37] [ep_summary] ep=90/100 val_live=0.9691/0.9692 val_ema=0.9691/0.9692 test77_live=0.8597/0.8582 test77_diag_ema=0.8633/0.8615 v13=0.0004 grl=0.0000 v15=0.0000 v15r=0.0000 v16=0.0000 v17=0.0000 v18=0.0000 das=stage3[12,95] p=1.00 ep_time=39.4s
[17:51:37] [strict77_monitor] ep=90 best_source_epoch=49 source_val_ema=0.9877/0.9878 test77_ema_diag=0.7554/0.7388 sourcequalified_count=53 best_sourcequalified77_epoch=64 source_val_ema=0.9691/0.9694 test77_ema=0.8813/0.8781
[17:51:37] [train] epoch 91/100 steps=40 use_dann=0 das=stage3 f=[12.0,95.0] p=1.00 gpu=3.0/11.8GB
[17:51:38] [train] ep=91 step=001/40 ce=0.2565 sc=0.5381 mi=0.0479 dn=0.0000 v13=0.0003 grl=0.0000 v15=0.0000 v15r=0.0000 v16=0.0000 v17=0.0000 v18=0.0000 acc=1.0000 lr=7.80e-06 lambda=0.000 grl_lambda=0.000 v18_lambda=0.000 gpu=3.0/11.8GB
[17:51:43] [train] ep=91 step=010/40 ce=0.3125 sc=0.7637 mi=0.0530 dn=0.0000 v13=0.0004 grl=0.0000 v15=0.0000 v15r=0.0000 v16=0.0000 v17=0.0000 v18=0.0000 acc=0.9938 lr=7.45e-06 lambda=0.000 grl_lambda=0.000 v18_lambda=0.000 gpu=3.0/11.8GB
[17:51:49] [train] ep=91 step=020/40 ce=0.2853 sc=0.7677 mi=0.0538 dn=0.0000 v13=0.0004 grl=0.0000 v15=0.0000 v15r=0.0000 v16=0.0000 v17=0.0000 v18=0.0000 acc=0.9969 lr=7.08e-06 lambda=0.000 grl_lambda=0.000 v18_lambda=0.000 gpu=3.0/11.8GB
[17:51:55] [train] ep=91 step=030/40 ce=0.2770 sc=0.7965 mi=0.0535 dn=0.0000 v13=0.0004 grl=0.0000 v15=0.0000 v15r=0.0000 v16=0.0000 v17=0.0000 v18=0.0000 acc=0.9979 lr=6.72e-06 lambda=0.000 grl_lambda=0.000 v18_lambda=0.000 gpu=3.0/11.8GB
[17:52:00] [train] ep=91 step=040/40 ce=0.2721 sc=0.7899 mi=0.0535 dn=0.0000 v13=0.0004 grl=0.0000 v15=0.0000 v15r=0.0000 v16=0.0000 v17=0.0000 v18=0.0000 acc=0.9984 lr=6.36e-06 lambda=0.000 grl_lambda=0.000 v18_lambda=0.000 gpu=3.0/11.8GB
[17:52:11] [ep_summary] ep=91/100 val_live=0.9691/0.9692 val_ema=0.9691/0.9692 test77_live=0.8597/0.8582 test77_diag_ema=0.8633/0.8615 v13=0.0004 grl=0.0000 v15=0.0000 v15r=0.0000 v16=0.0000 v17=0.0000 v18=0.0000 das=stage3[12,95] p=1.00 ep_time=33.9s
[17:52:11] [train] epoch 92/100 steps=40 use_dann=0 das=stage3 f=[12.0,95.0] p=1.00 gpu=3.0/11.8GB
[17:52:12] [train] ep=92 step=001/40 ce=0.2570 sc=0.6454 mi=0.0553 dn=0.0000 v13=0.0005 grl=0.0000 v15=0.0000 v15r=0.0000 v16=0.0000 v17=0.0000 v18=0.0000 acc=1.0000 lr=6.33e-06 lambda=0.000 grl_lambda=0.000 v18_lambda=0.000 gpu=3.0/11.8GB
[17:52:17] [train] ep=92 step=010/40 ce=0.2581 sc=0.6982 mi=0.0529 dn=0.0000 v13=0.0004 grl=0.0000 v15=0.0000 v15r=0.0000 v16=0.0000 v17=0.0000 v18=0.0000 acc=1.0000 lr=6.02e-06 lambda=0.000 grl_lambda=0.000 v18_lambda=0.000 gpu=3.0/11.8GB
[17:52:23] [train] ep=92 step=020/40 ce=0.3198 sc=0.7788 mi=0.0540 dn=0.0000 v13=0.0004 grl=0.0000 v15=0.0000 v15r=0.0000 v16=0.0000 v17=0.0000 v18=0.0000 acc=0.9969 lr=5.68e-06 lambda=0.000 grl_lambda=0.000 v18_lambda=0.000 gpu=3.0/11.8GB
[17:52:29] [train] ep=92 step=030/40 ce=0.3212 sc=0.7734 mi=0.0545 dn=0.0000 v13=0.0005 grl=0.0000 v15=0.0000 v15r=0.0000 v16=0.0000 v17=0.0000 v18=0.0000 acc=0.9958 lr=5.35e-06 lambda=0.000 grl_lambda=0.000 v18_lambda=0.000 gpu=3.0/11.8GB
[17:52:34] [train] ep=92 step=040/40 ce=0.3052 sc=0.7416 mi=0.0541 dn=0.0000 v13=0.0005 grl=0.0000 v15=0.0000 v15r=0.0000 v16=0.0000 v17=0.0000 v18=0.0000 acc=0.9969 lr=5.04e-06 lambda=0.000 grl_lambda=0.000 v18_lambda=0.000 gpu=3.0/11.8GB
[17:52:45] [ep_summary] ep=92/100 val_live=0.9691/0.9692 val_ema=0.9691/0.9692 test77_live=0.8705/0.8692 test77_diag_ema=0.8633/0.8615 v13=0.0005 grl=0.0000 v15=0.0000 v15r=0.0000 v16=0.0000 v17=0.0000 v18=0.0000 das=stage3[12,95] p=1.00 ep_time=34.0s
[17:52:45] [train] epoch 93/100 steps=40 use_dann=0 das=stage3 f=[12.0,95.0] p=1.00 gpu=3.0/11.8GB
[17:52:46] [train] ep=93 step=001/40 ce=0.2566 sc=0.7571 mi=0.0552 dn=0.0000 v13=0.0004 grl=0.0000 v15=0.0000 v15r=0.0000 v16=0.0000 v17=0.0000 v18=0.0000 acc=1.0000 lr=5.01e-06 lambda=0.000 grl_lambda=0.000 v18_lambda=0.000 gpu=3.0/11.8GB
[17:52:51] [train] ep=93 step=010/40 ce=0.2849 sc=0.7629 mi=0.0528 dn=0.0000 v13=0.0005 grl=0.0000 v15=0.0000 v15r=0.0000 v16=0.0000 v17=0.0000 v18=0.0000 acc=1.0000 lr=4.73e-06 lambda=0.000 grl_lambda=0.000 v18_lambda=0.000 gpu=3.0/11.8GB
[17:52:57] [train] ep=93 step=020/40 ce=0.2745 sc=0.7287 mi=0.0515 dn=0.0000 v13=0.0005 grl=0.0000 v15=0.0000 v15r=0.0000 v16=0.0000 v17=0.0000 v18=0.0000 acc=1.0000 lr=4.43e-06 lambda=0.000 grl_lambda=0.000 v18_lambda=0.000 gpu=3.0/11.8GB
[17:53:03] [train] ep=93 step=030/40 ce=0.2690 sc=0.7320 mi=0.0517 dn=0.0000 v13=0.0004 grl=0.0000 v15=0.0000 v15r=0.0000 v16=0.0000 v17=0.0000 v18=0.0000 acc=1.0000 lr=4.14e-06 lambda=0.000 grl_lambda=0.000 v18_lambda=0.000 gpu=3.0/11.8GB
[17:53:08] [train] ep=93 step=040/40 ce=0.2659 sc=0.7257 mi=0.0518 dn=0.0000 v13=0.0005 grl=0.0000 v15=0.0000 v15r=0.0000 v16=0.0000 v17=0.0000 v18=0.0000 acc=1.0000 lr=3.87e-06 lambda=0.000 grl_lambda=0.000 v18_lambda=0.000 gpu=3.0/11.8GB
[17:53:19] [ep_summary] ep=93/100 val_live=0.9691/0.9692 val_ema=0.9691/0.9692 test77_live=0.8633/0.8620 test77_diag_ema=0.8669/0.8654 v13=0.0005 grl=0.0000 v15=0.0000 v15r=0.0000 v16=0.0000 v17=0.0000 v18=0.0000 das=stage3[12,95] p=1.00 ep_time=33.9s
[17:53:19] [train] epoch 94/100 steps=40 use_dann=0 das=stage3 f=[12.0,95.0] p=1.00 gpu=3.0/11.8GB
[17:53:20] [train] ep=94 step=001/40 ce=0.2564 sc=0.9284 mi=0.0544 dn=0.0000 v13=0.0003 grl=0.0000 v15=0.0000 v15r=0.0000 v16=0.0000 v17=0.0000 v18=0.0000 acc=1.0000 lr=3.84e-06 lambda=0.000 grl_lambda=0.000 v18_lambda=0.000 gpu=3.0/11.8GB
[17:53:25] [train] ep=94 step=010/40 ce=0.2583 sc=0.6748 mi=0.0518 dn=0.0000 v13=0.0005 grl=0.0000 v15=0.0000 v15r=0.0000 v16=0.0000 v17=0.0000 v18=0.0000 acc=1.0000 lr=3.60e-06 lambda=0.000 grl_lambda=0.000 v18_lambda=0.000 gpu=3.0/11.8GB
[17:53:31] [train] ep=94 step=020/40 ce=0.2580 sc=0.7353 mi=0.0521 dn=0.0000 v13=0.0004 grl=0.0000 v15=0.0000 v15r=0.0000 v16=0.0000 v17=0.0000 v18=0.0000 acc=1.0000 lr=3.34e-06 lambda=0.000 grl_lambda=0.000 v18_lambda=0.000 gpu=3.0/11.8GB
[17:53:37] [train] ep=94 step=030/40 ce=0.2597 sc=0.7660 mi=0.0518 dn=0.0000 v13=0.0004 grl=0.0000 v15=0.0000 v15r=0.0000 v16=0.0000 v17=0.0000 v18=0.0000 acc=1.0000 lr=3.09e-06 lambda=0.000 grl_lambda=0.000 v18_lambda=0.000 gpu=3.0/11.8GB
[17:53:42] [train] ep=94 step=040/40 ce=0.2590 sc=0.7830 mi=0.0520 dn=0.0000 v13=0.0004 grl=0.0000 v15=0.0000 v15r=0.0000 v16=0.0000 v17=0.0000 v18=0.0000 acc=1.0000 lr=2.85e-06 lambda=0.000 grl_lambda=0.000 v18_lambda=0.000 gpu=3.0/11.8GB
[17:53:53] [ep_summary] ep=94/100 val_live=0.9691/0.9692 val_ema=0.9691/0.9692 test77_live=0.8633/0.8620 test77_diag_ema=0.8669/0.8654 v13=0.0004 grl=0.0000 v15=0.0000 v15r=0.0000 v16=0.0000 v17=0.0000 v18=0.0000 das=stage3[12,95] p=1.00 ep_time=34.0s
[17:53:53] [train] epoch 95/100 steps=40 use_dann=0 das=stage3 f=[12.0,95.0] p=1.00 gpu=3.0/11.8GB
[17:53:54] [train] ep=95 step=001/40 ce=0.2571 sc=0.6474 mi=0.0534 dn=0.0000 v13=0.0006 grl=0.0000 v15=0.0000 v15r=0.0000 v16=0.0000 v17=0.0000 v18=0.0000 acc=1.0000 lr=2.82e-06 lambda=0.000 grl_lambda=0.000 v18_lambda=0.000 gpu=3.0/11.8GB
[17:53:59] [train] ep=95 step=010/40 ce=0.2577 sc=0.7834 mi=0.0521 dn=0.0000 v13=0.0004 grl=0.0000 v15=0.0000 v15r=0.0000 v16=0.0000 v17=0.0000 v18=0.0000 acc=1.0000 lr=2.62e-06 lambda=0.000 grl_lambda=0.000 v18_lambda=0.000 gpu=3.0/11.8GB
[17:54:05] [train] ep=95 step=020/40 ce=0.2575 sc=0.8204 mi=0.0526 dn=0.0000 v13=0.0004 grl=0.0000 v15=0.0000 v15r=0.0000 v16=0.0000 v17=0.0000 v18=0.0000 acc=1.0000 lr=2.40e-06 lambda=0.000 grl_lambda=0.000 v18_lambda=0.000 gpu=3.0/11.8GB
[17:54:10] [train] ep=95 step=030/40 ce=0.2583 sc=0.7692 mi=0.0533 dn=0.0000 v13=0.0004 grl=0.0000 v15=0.0000 v15r=0.0000 v16=0.0000 v17=0.0000 v18=0.0000 acc=1.0000 lr=2.18e-06 lambda=0.000 grl_lambda=0.000 v18_lambda=0.000 gpu=3.0/11.8GB
[17:54:16] [train] ep=95 step=040/40 ce=0.2588 sc=0.7757 mi=0.0530 dn=0.0000 v13=0.0004 grl=0.0000 v15=0.0000 v15r=0.0000 v16=0.0000 v17=0.0000 v18=0.0000 acc=1.0000 lr=1.98e-06 lambda=0.000 grl_lambda=0.000 v18_lambda=0.000 gpu=3.0/11.8GB
[17:54:27] [ep_summary] ep=95/100 val_live=0.9691/0.9692 val_ema=0.9691/0.9692 test77_live=0.8633/0.8620 test77_diag_ema=0.8669/0.8654 v13=0.0004 grl=0.0000 v15=0.0000 v15r=0.0000 v16=0.0000 v17=0.0000 v18=0.0000 das=stage3[12,95] p=1.00 ep_time=34.0s
[17:54:27] [train] epoch 96/100 steps=40 use_dann=0 das=stage3 f=[12.0,95.0] p=1.00 gpu=3.0/11.8GB
[17:54:28] [train] ep=96 step=001/40 ce=0.2578 sc=0.7340 mi=0.0515 dn=0.0000 v13=0.0005 grl=0.0000 v15=0.0000 v15r=0.0000 v16=0.0000 v17=0.0000 v18=0.0000 acc=1.0000 lr=1.96e-06 lambda=0.000 grl_lambda=0.000 v18_lambda=0.000 gpu=3.0/11.8GB
[17:54:33] [train] ep=96 step=010/40 ce=0.2927 sc=0.8097 mi=0.0539 dn=0.0000 v13=0.0005 grl=0.0000 v15=0.0000 v15r=0.0000 v16=0.0000 v17=0.0000 v18=0.0000 acc=1.0000 lr=1.79e-06 lambda=0.000 grl_lambda=0.000 v18_lambda=0.000 gpu=3.0/11.8GB
[17:54:39] [train] ep=96 step=020/40 ce=0.2754 sc=0.7919 mi=0.0535 dn=0.0000 v13=0.0005 grl=0.0000 v15=0.0000 v15r=0.0000 v16=0.0000 v17=0.0000 v18=0.0000 acc=1.0000 lr=1.61e-06 lambda=0.000 grl_lambda=0.000 v18_lambda=0.000 gpu=3.0/11.8GB
[17:54:45] [train] ep=96 step=030/40 ce=0.2693 sc=0.7849 mi=0.0527 dn=0.0000 v13=0.0005 grl=0.0000 v15=0.0000 v15r=0.0000 v16=0.0000 v17=0.0000 v18=0.0000 acc=1.0000 lr=1.44e-06 lambda=0.000 grl_lambda=0.000 v18_lambda=0.000 gpu=3.0/11.8GB
[17:54:51] [train] ep=96 step=040/40 ce=0.2960 sc=0.7738 mi=0.0527 dn=0.0000 v13=0.0004 grl=0.0000 v15=0.0000 v15r=0.0000 v16=0.0000 v17=0.0000 v18=0.0000 acc=0.9969 lr=1.27e-06 lambda=0.000 grl_lambda=0.000 v18_lambda=0.000 gpu=3.0/11.8GB
[17:55:01] [ep_summary] ep=96/100 val_live=0.9691/0.9692 val_ema=0.9691/0.9692 test77_live=0.8633/0.8620 test77_diag_ema=0.8633/0.8619 v13=0.0004 grl=0.0000 v15=0.0000 v15r=0.0000 v16=0.0000 v17=0.0000 v18=0.0000 das=stage3[12,95] p=1.00 ep_time=34.4s
[17:55:01] [train] epoch 97/100 steps=40 use_dann=0 das=stage3 f=[12.0,95.0] p=1.00 gpu=3.0/11.8GB
[17:55:02] [train] ep=97 step=001/40 ce=1.0253 sc=1.9890 mi=0.0476 dn=0.0000 v13=0.0005 grl=0.0000 v15=0.0000 v15r=0.0000 v16=0.0000 v17=0.0000 v18=0.0000 acc=0.9375 lr=1.26e-06 lambda=0.000 grl_lambda=0.000 v18_lambda=0.000 gpu=3.0/11.8GB
[17:55:07] [train] ep=97 step=010/40 ce=0.3342 sc=0.8941 mi=0.0544 dn=0.0000 v13=0.0004 grl=0.0000 v15=0.0000 v15r=0.0000 v16=0.0000 v17=0.0000 v18=0.0000 acc=0.9938 lr=1.12e-06 lambda=0.000 grl_lambda=0.000 v18_lambda=0.000 gpu=3.0/11.8GB
[17:55:13] [train] ep=97 step=020/40 ce=0.3132 sc=0.8030 mi=0.0533 dn=0.0000 v13=0.0005 grl=0.0000 v15=0.0000 v15r=0.0000 v16=0.0000 v17=0.0000 v18=0.0000 acc=0.9938 lr=9.76e-07 lambda=0.000 grl_lambda=0.000 v18_lambda=0.000 gpu=3.0/11.8GB
[17:55:19] [train] ep=97 step=030/40 ce=0.3014 sc=0.7966 mi=0.0536 dn=0.0000 v13=0.0004 grl=0.0000 v15=0.0000 v15r=0.0000 v16=0.0000 v17=0.0000 v18=0.0000 acc=0.9958 lr=8.43e-07 lambda=0.000 grl_lambda=0.000 v18_lambda=0.000 gpu=3.0/11.8GB
[17:55:25] [train] ep=97 step=040/40 ce=0.2942 sc=0.7627 mi=0.0537 dn=0.0000 v13=0.0004 grl=0.0000 v15=0.0000 v15r=0.0000 v16=0.0000 v17=0.0000 v18=0.0000 acc=0.9969 lr=7.19e-07 lambda=0.000 grl_lambda=0.000 v18_lambda=0.000 gpu=3.0/11.8GB
[17:55:35] [ep_summary] ep=97/100 val_live=0.9691/0.9692 val_ema=0.9691/0.9692 test77_live=0.8669/0.8655 test77_diag_ema=0.8633/0.8619 v13=0.0004 grl=0.0000 v15=0.0000 v15r=0.0000 v16=0.0000 v17=0.0000 v18=0.0000 das=stage3[12,95] p=1.00 ep_time=34.1s
[17:55:35] [train] epoch 98/100 steps=40 use_dann=0 das=stage3 f=[12.0,95.0] p=1.00 gpu=3.0/11.8GB
[17:55:36] [train] ep=98 step=001/40 ce=0.2557 sc=0.9600 mi=0.0583 dn=0.0000 v13=0.0002 grl=0.0000 v15=0.0000 v15r=0.0000 v16=0.0000 v17=0.0000 v18=0.0000 acc=1.0000 lr=7.07e-07 lambda=0.000 grl_lambda=0.000 v18_lambda=0.000 gpu=3.0/11.8GB
[17:55:41] [train] ep=98 step=010/40 ce=0.3194 sc=0.7748 mi=0.0551 dn=0.0000 v13=0.0004 grl=0.0000 v15=0.0000 v15r=0.0000 v16=0.0000 v17=0.0000 v18=0.0000 acc=1.0000 lr=6.05e-07 lambda=0.000 grl_lambda=0.000 v18_lambda=0.000 gpu=3.0/11.8GB
[17:55:47] [train] ep=98 step=020/40 ce=0.3178 sc=0.7976 mi=0.0537 dn=0.0000 v13=0.0004 grl=0.0000 v15=0.0000 v15r=0.0000 v16=0.0000 v17=0.0000 v18=0.0000 acc=0.9969 lr=5.01e-07 lambda=0.000 grl_lambda=0.000 v18_lambda=0.000 gpu=3.0/11.8GB
[17:55:53] [train] ep=98 step=030/40 ce=0.3265 sc=0.7945 mi=0.0534 dn=0.0000 v13=0.0004 grl=0.0000 v15=0.0000 v15r=0.0000 v16=0.0000 v17=0.0000 v18=0.0000 acc=0.9958 lr=4.07e-07 lambda=0.000 grl_lambda=0.000 v18_lambda=0.000 gpu=3.0/11.8GB
[17:55:59] [train] ep=98 step=040/40 ce=0.3100 sc=0.7950 mi=0.0525 dn=0.0000 v13=0.0004 grl=0.0000 v15=0.0000 v15r=0.0000 v16=0.0000 v17=0.0000 v18=0.0000 acc=0.9969 lr=3.22e-07 lambda=0.000 grl_lambda=0.000 v18_lambda=0.000 gpu=3.0/11.8GB
[17:56:44] [ep_summary] ep=98/100 val_live=0.9691/0.9692 val_ema=0.9691/0.9692 test77_live=0.8669/0.8655 test77_diag_ema=0.8669/0.8656 v13=0.0004 grl=0.0000 v15=0.0000 v15r=0.0000 v16=0.0000 v17=0.0000 v18=0.0000 das=stage3[12,95] p=1.00 ep_time=68.7s
[17:56:44] [train] epoch 99/100 steps=40 use_dann=0 das=stage3 f=[12.0,95.0] p=1.00 gpu=3.0/11.8GB
[17:56:45] [train] ep=99 step=001/40 ce=1.2066 sc=1.3678 mi=0.0443 dn=0.0000 v13=0.0003 grl=0.0000 v15=0.0000 v15r=0.0000 v16=0.0000 v17=0.0000 v18=0.0000 acc=0.9375 lr=3.15e-07 lambda=0.000 grl_lambda=0.000 v18_lambda=0.000 gpu=3.0/11.8GB
[17:56:50] [train] ep=99 step=010/40 ce=0.3915 sc=0.8640 mi=0.0514 dn=0.0000 v13=0.0004 grl=0.0000 v15=0.0000 v15r=0.0000 v16=0.0000 v17=0.0000 v18=0.0000 acc=0.9875 lr=2.48e-07 lambda=0.000 grl_lambda=0.000 v18_lambda=0.000 gpu=3.0/11.8GB
[17:56:56] [train] ep=99 step=020/40 ce=0.3242 sc=0.7626 mi=0.0515 dn=0.0000 v13=0.0004 grl=0.0000 v15=0.0000 v15r=0.0000 v16=0.0000 v17=0.0000 v18=0.0000 acc=0.9938 lr=1.83e-07 lambda=0.000 grl_lambda=0.000 v18_lambda=0.000 gpu=3.0/11.8GB
[17:57:02] [train] ep=99 step=030/40 ce=0.3024 sc=0.7769 mi=0.0521 dn=0.0000 v13=0.0004 grl=0.0000 v15=0.0000 v15r=0.0000 v16=0.0000 v17=0.0000 v18=0.0000 acc=0.9958 lr=1.28e-07 lambda=0.000 grl_lambda=0.000 v18_lambda=0.000 gpu=3.0/11.8GB
[17:57:08] [train] ep=99 step=040/40 ce=0.2911 sc=0.7937 mi=0.0519 dn=0.0000 v13=0.0004 grl=0.0000 v15=0.0000 v15r=0.0000 v16=0.0000 v17=0.0000 v18=0.0000 acc=0.9969 lr=8.26e-08 lambda=0.000 grl_lambda=0.000 v18_lambda=0.000 gpu=3.0/11.8GB
[17:57:38] [ep_summary] ep=99/100 val_live=0.9691/0.9692 val_ema=0.9691/0.9692 test77_live=0.8669/0.8655 test77_diag_ema=0.8705/0.8692 v13=0.0004 grl=0.0000 v15=0.0000 v15r=0.0000 v16=0.0000 v17=0.0000 v18=0.0000 das=stage3[12,95] p=1.00 ep_time=53.4s
[17:57:38] [train] epoch 100/100 steps=40 use_dann=0 das=stage3 f=[12.0,95.0] p=1.00 gpu=3.0/11.8GB
[17:57:38] [train] ep=100 step=001/40 ce=0.2565 sc=0.9921 mi=0.0575 dn=0.0000 v13=0.0002 grl=0.0000 v15=0.0000 v15r=0.0000 v16=0.0000 v17=0.0000 v18=0.0000 acc=1.0000 lr=7.87e-08 lambda=0.000 grl_lambda=0.000 v18_lambda=0.000 gpu=3.0/11.8GB
[17:57:44] [train] ep=100 step=010/40 ce=0.3232 sc=0.8603 mi=0.0545 dn=0.0000 v13=0.0004 grl=0.0000 v15=0.0000 v15r=0.0000 v16=0.0000 v17=0.0000 v18=0.0000 acc=0.9938 lr=4.72e-08 lambda=0.000 grl_lambda=0.000 v18_lambda=0.000 gpu=3.0/11.8GB
[17:57:49] [train] ep=100 step=020/40 ce=0.2913 sc=0.8241 mi=0.0534 dn=0.0000 v13=0.0004 grl=0.0000 v15=0.0000 v15r=0.0000 v16=0.0000 v17=0.0000 v18=0.0000 acc=0.9969 lr=2.17e-08 lambda=0.000 grl_lambda=0.000 v18_lambda=0.000 gpu=3.0/11.8GB
[17:57:55] [train] ep=100 step=030/40 ce=0.3022 sc=0.7927 mi=0.0539 dn=0.0000 v13=0.0004 grl=0.0000 v15=0.0000 v15r=0.0000 v16=0.0000 v17=0.0000 v18=0.0000 acc=0.9958 lr=5.95e-09 lambda=0.000 grl_lambda=0.000 v18_lambda=0.000 gpu=3.0/11.8GB
[17:58:01] [train] ep=100 step=040/40 ce=0.2909 sc=0.7746 mi=0.0536 dn=0.0000 v13=0.0004 grl=0.0000 v15=0.0000 v15r=0.0000 v16=0.0000 v17=0.0000 v18=0.0000 acc=0.9969 lr=4.92e-11 lambda=0.000 grl_lambda=0.000 v18_lambda=0.000 gpu=3.0/11.8GB
[17:58:11] [pool] check ep=100/100 source_val_acc_ema=0.9691 threshold=0.90
[17:58:29] [pool] ep=100 ADDED src_val=0.9691/0.9692 dev77=0.8214/0.8188 final77=0.8669/0.8657
[17:58:29] [pool] running best ep=070 dev77_f1=0.8459 final77_f1=0.8670 (pool_size=7)
[17:58:29] [ep_summary] ep=100/100 val_live=0.9691/0.9692 val_ema=0.9691/0.9692 test77_live=0.8669/0.8655 test77_diag_ema=0.8669/0.8657 v13=0.0004 grl=0.0000 v15=0.0000 v15r=0.0000 v16=0.0000 v17=0.0000 v18=0.0000 das=stage3[12,95] p=1.00 ep_time=51.3s
[17:58:29] [strict77_monitor] ep=100 best_source_epoch=49 source_val_ema=0.9877/0.9878 test77_ema_diag=0.7554/0.7388 sourcequalified_count=63 best_sourcequalified77_epoch=64 source_val_ema=0.9691/0.9694 test77_ema=0.8813/0.8781
[17:58:29] [pool] FINAL pool_size=7 best ep=070 dev77_f1=0.8459 final77_f1=0.8670 -> /scratch/st-zliu-1/heqingz/CrossCarrier_Fresh_20260922/CrossCarrier_Repro/EXPERIMENTSRESULT/REVISION_5090/SUPP_ABLATION/ACR_Lfreq_only/seed1234/checkpoints/best_pool_ema.pt
[17:58:29] [train] done best_sourceval_acc_ema=0.9877
[18:00:14] [eval] loaded vit_large_patch16_dinov3_lvd1689m_best_sourceval_ema.pt (sourceval)
[18:00:15] [eval] strict source-val selected by ema acc; heldout77_unused=140 final_test77=278 imgs, seed=42 dev_per_class=20
[18:00:27] [eval] 77GHz final-test acc=0.7554 f1=0.7388
[18:00:27] [eval] 77GHz final-test per-class={'Away': 1.0, 'Bend': 0.9743589743589743, 'Kneel': 0.7380952380952381, 'Pick': 0.3, 'SStep': 0.95, 'Sit': 0.32432432432432434, 'Towards': 0.975}
[18:00:34] [eval] val_all acc=0.9877 f1=0.9878
[18:00:39] [freq_scan:val10] f_virt=15GHz acc=0.9744 f1=0.9762
[18:00:40] [freq_scan:val10] f_virt=30GHz acc=0.9872 f1=0.9881
[18:00:41] [freq_scan:val10] f_virt=50GHz acc=0.9744 f1=0.9760
[18:00:42] [freq_scan:val10] f_virt=77GHz acc=0.9487 f1=0.9486
[18:00:43] [freq_scan:val10] f_virt=99GHz acc=0.9487 f1=0.9486
[18:00:45] [freq_scan:val10] f_virt=120GHz acc=0.8974 f1=0.9015
[18:00:46] [freq_scan:val10] f_virt=140GHz acc=0.8846 f1=0.8867
[18:00:47] [freq_scan:val24] f_virt=15GHz acc=0.9762 f1=0.9760
[18:00:48] [freq_scan:val24] f_virt=30GHz acc=0.9881 f1=0.9875
[18:00:50] [freq_scan:val24] f_virt=50GHz acc=0.9762 f1=0.9760
[18:00:51] [freq_scan:val24] f_virt=77GHz acc=0.9643 f1=0.9646
[18:00:52] [freq_scan:val24] f_virt=99GHz acc=0.9524 f1=0.9522
[18:00:54] [freq_scan:val24] f_virt=120GHz acc=0.8929 f1=0.8923
[18:00:55] [freq_scan:val24] f_virt=140GHz acc=0.8095 f1=0.8051
[18:00:55] [eval] saved eval_sourceval.json
[18:01:07] [eval] loaded vit_large_patch16_dinov3_lvd1689m_best_sourcequalified77_ema.pt (sourcequalified)
[18:01:07] [eval] source-qualified diagnostic selected (source-val ema acc >= 0.90, then best 77GHz ema macro-F1); heldout77_unused=140 final_test77=278 imgs, seed=42 dev_per_class=20
[18:01:10] [eval] 77GHz final-test acc=0.8813 f1=0.8781
[18:01:10] [eval] 77GHz final-test per-class={'Away': 1.0, 'Bend': 0.9230769230769231, 'Kneel': 0.8571428571428571, 'Pick': 0.75, 'SStep': 1.0, 'Sit': 0.6486486486486487, 'Towards': 0.975}
[18:01:12] [eval] val_all acc=0.9691 f1=0.9694
[18:01:13] [freq_scan:val10] f_virt=15GHz acc=0.9744 f1=0.9756
[18:01:14] [freq_scan:val10] f_virt=30GHz acc=0.9744 f1=0.9760
[18:01:15] [freq_scan:val10] f_virt=50GHz acc=0.9872 f1=0.9881
[18:01:16] [freq_scan:val10] f_virt=77GHz acc=0.9615 f1=0.9642
[18:01:18] [freq_scan:val10] f_virt=99GHz acc=0.9615 f1=0.9642
[18:01:19] [freq_scan:val10] f_virt=120GHz acc=0.9359 f1=0.9357
[18:01:20] [freq_scan:val10] f_virt=140GHz acc=0.9359 f1=0.9361
[18:01:21] [freq_scan:val24] f_virt=15GHz acc=0.9762 f1=0.9760
[18:01:23] [freq_scan:val24] f_virt=30GHz acc=0.9762 f1=0.9751
[18:01:24] [freq_scan:val24] f_virt=50GHz acc=0.9881 f1=0.9875
[18:01:25] [freq_scan:val24] f_virt=77GHz acc=0.9643 f1=0.9637
[18:01:26] [freq_scan:val24] f_virt=99GHz acc=0.9762 f1=0.9761
[18:01:28] [freq_scan:val24] f_virt=120GHz acc=0.9405 f1=0.9406
[18:01:29] [freq_scan:val24] f_virt=140GHz acc=0.9167 f1=0.9165
[18:01:29] [eval] saved eval_sourcequalified.json
