path,frequency,class,class_idx,subject,source_file,original_path,original_split,input_manifest_split,original_class_idx,recording_id,sha256
tasks/known_people_unknown_freq/dataset/test/77GHz/Away/04060010_1573837114_Raw_0.png,77GHz,Away,0,ua_0010,04060010_1573837114_Raw_0.png,dataset/test/77GHz/Away/04060010_1573837114_Raw_0.png,test,test,0,ua_0010|Away|1573837114,ba8e289e3f63ab826eca3ff3a129a399f556bb3c8ce9aeb99d244a695713257c
tasks/known_people_unknown_freq/dataset/test/77GHz/Away/04060010_1573837135_Raw_0.png,77GHz,Away,0,ua_0010,04060010_1573837135_Raw_0.png,dataset/test/77GHz/Away/04060010_1573837135_Raw_0.png,test,test,0,ua_0010|Away|1573837135,ff447acf0a87e3de299127490b11bbd6ddf278875284f6e3261da40a6a7369aa
tasks/known_people_unknown_freq/dataset/test/77GHz/Away/04060010_1573837157_Raw_0.png,77GHz,Away,0,ua_0010,04060010_1573837157_Raw_0.png,dataset/test/77GHz/Away/04060010_1573837157_Raw_0.png,test,test,0,ua_0010|Away|1573837157,52e490e4f6398d2a2785c34d366a3cb8a19b11c031956707dd8049c4943703d3
tasks/known_people_unknown_freq/dataset/test/77GHz/Away/04060010_1573837181_Raw_0.png,77GHz,Away,0,ua_0010,04060010_1573837181_Raw_0.png,dataset/test/77GHz/Away/04060010_1573837181_Raw_0.png,test,test,0,ua_0010|Away|1573837181,d9c49fe1abb4e970b0021bf4cf87eaa0479002a1003a9b2a5f32e85ccc791eb9
tasks/known_people_unknown_freq/dataset/test/77GHz/Away/04060010_1573837204_Raw_0.png,77GHz,Away,0,ua_0010,04060010_1573837204_Raw_0.png,dataset/test/77GHz/Away/04060010_1573837204_Raw_0.png,test,test,0,ua_0010|Away|1573837204,44c8a4aec67b5a0089036637cc78dbc0bd3defe0cbadbdb2ba8a664fe528bb0e
tasks/known_people_unknown_freq/dataset/test/77GHz/Away/04060010_1573837254_Raw_0.png,77GHz,Away,0,ua_0010,04060010_1573837254_Raw_0.png,dataset/test/77GHz/Away/04060010_1573837254_Raw_0.png,test,test,0,ua_0010|Away|1573837254,5b4e43073726e64a97b092bc6f72d6c8d405ade35a4d0f945cc9a22fe2c940c7
tasks/known_people_unknown_freq/dataset/test/77GHz/Away/04060010_1573837276_Raw_0.png,77GHz,Away,0,ua_0010,04060010_1573837276_Raw_0.png,dataset/test/77GHz/Away/04060010_1573837276_Raw_0.png,test,test,0,ua_0010|Away|1573837276,a68b37a991df5e7ec12b2ceca1fc78d603d313611aeafb9209fbf92288792b53
tasks/known_people_unknown_freq/dataset/test/77GHz/Away/04060010_1573837370_Raw_0.png,77GHz,Away,0,ua_0010,04060010_1573837370_Raw_0.png,dataset/test/77GHz/Away/04060010_1573837370_Raw_0.png,test,test,0,ua_0010|Away|1573837370,bf3c08ba36a49a0fb5d73333511779596940ccb9150d9a89711817390574f0bc
tasks/known_people_unknown_freq/dataset/test/77GHz/Away/04060014_1574696370_Raw_0.png,77GHz,Away,0,ua_0014,04060014_1574696370_Raw_0.png,dataset/test/77GHz/Away/04060014_1574696370_Raw_0.png,test,test,0,ua_0014|Away|1574696370,a6cb882c4ca1ac46de4915c23cf6e27cd2a42bf8b6dba571ef57a80f4d285125
tasks/known_people_unknown_freq/dataset/test/77GHz/Away/04060014_1574696394_Raw_0.png,77GHz,Away,0,ua_0014,04060014_1574696394_Raw_0.png,dataset/test/77GHz/Away/04060014_1574696394_Raw_0.png,test,test,0,ua_0014|Away|1574696394,9f8fb6b5b3113020b136c30ca39a01ae4022ea24775178ee45589df27e789d1f
tasks/known_people_unknown_freq/dataset/test/77GHz/Away/04060014_1574696433_Raw_0.png,77GHz,Away,0,ua_0014,04060014_1574696433_Raw_0.png,dataset/test/77GHz/Away/04060014_1574696433_Raw_0.png,test,test,0,ua_0014|Away|1574696433,d97440f256e324c4e9986b8dc95eacc6bd81eee19cc90c5f978e0fddc4ab1d75
tasks/known_people_unknown_freq/dataset/test/77GHz/Away/04060014_1574696452_Raw_0.png,77GHz,Away,0,ua_0014,04060014_1574696452_Raw_0.png,dataset/test/77GHz/Away/04060014_1574696452_Raw_0.png,test,test,0,ua_0014|Away|1574696452,2382f080e50a2ea6e34b0128aa97504d08c42b584a7bc0b94d5f4bc252cbd590
tasks/known_people_unknown_freq/dataset/test/77GHz/Away/04060014_1574696470_Raw_0.png,77GHz,Away,0,ua_0014,04060014_1574696470_Raw_0.png,dataset/test/77GHz/Away/04060014_1574696470_Raw_0.png,test,test,0,ua_0014|Away|1574696470,7c71793fb094c58494ed1eec5ddad41d95b2233e2f299d2591edd500cbdb9c9a
tasks/known_people_unknown_freq/dataset/test/77GHz/Away/04060014_1574696490_Raw_0.png,77GHz,Away,0,ua_0014,04060014_1574696490_Raw_0.png,dataset/test/77GHz/Away/04060014_1574696490_Raw_0.png,test,test,0,ua_0014|Away|1574696490,a5e3e533066f26ff839485b94a0e0cd6c1b1870888f6d01df42d3d20615f0f3c
tasks/known_people_unknown_freq/dataset/test/77GHz/Away/04060029_1574114705_Raw_0.png,77GHz,Away,0,ua_0029,04060029_1574114705_Raw_0.png,dataset/test/77GHz/Away/04060029_1574114705_Raw_0.png,test,test,0,ua_0029|Away|1574114705,1067a1e7f8f5fb7761b56e3b7f3a8edcfcf5e6838071d056d46a9a02d8689726
tasks/known_people_unknown_freq/dataset/test/77GHz/Away/04060029_1574114725_Raw_0.png,77GHz,Away,0,ua_0029,04060029_1574114725_Raw_0.png,dataset/test/77GHz/Away/04060029_1574114725_Raw_0.png,test,test,0,ua_0029|Away|1574114725,35a80df7066440afb87cd7f402e21f94861979ff76cba5a369bf5c856f2776b4
tasks/known_people_unknown_freq/dataset/test/77GHz/Away/04060029_1574114751_Raw_0.png,77GHz,Away,0,ua_0029,04060029_1574114751_Raw_0.png,dataset/test/77GHz/Away/04060029_1574114751_Raw_0.png,test,test,0,ua_0029|Away|1574114751,4c44fb04312c7bf330a974cc8fdeced18d36a4fb78a9755771a6cf0f724e0cd4
tasks/known_people_unknown_freq/dataset/test/77GHz/Away/04060029_1574114770_Raw_0.png,77GHz,Away,0,ua_0029,04060029_1574114770_Raw_0.png,dataset/test/77GHz/Away/04060029_1574114770_Raw_0.png,test,test,0,ua_0029|Away|1574114770,ef9e038e1b7dd915f6f00043f41a2e7ddd7733059b69c73002cf7fccdcc5ca62
tasks/known_people_unknown_freq/dataset/test/77GHz/Away/04060029_1574114789_Raw_0.png,77GHz,Away,0,ua_0029,04060029_1574114789_Raw_0.png,dataset/test/77GHz/Away/04060029_1574114789_Raw_0.png,test,test,0,ua_0029|Away|1574114789,e193c6d45ef412e46d2ec49c76864f83de450d6c652a6db41497aa4a02fbd4b7
tasks/known_people_unknown_freq/dataset/test/77GHz/Away/04060029_1574114809_Raw_0.png,77GHz,Away,0,ua_0029,04060029_1574114809_Raw_0.png,dataset/test/77GHz/Away/04060029_1574114809_Raw_0.png,test,test,0,ua_0029|Away|1574114809,4b3c0540b1a017626cd7b6abb06b40c9c71c8966e6caf85e847d9b206c2c9fe3
tasks/known_people_unknown_freq/dataset/test/77GHz/Away/04060029_1574114829_Raw_0.png,77GHz,Away,0,ua_0029,04060029_1574114829_Raw_0.png,dataset/test/77GHz/Away/04060029_1574114829_Raw_0.png,test,test,0,ua_0029|Away|1574114829,943db0c39256770ed4ad4067d0a3132b7ca77041a53cbee779bad89b1b861b97
tasks/known_people_unknown_freq/dataset/test/77GHz/Away/04060029_1574114849_Raw_0.png,77GHz,Away,0,ua_0029,04060029_1574114849_Raw_0.png,dataset/test/77GHz/Away/04060029_1574114849_Raw_0.png,test,test,0,ua_0029|Away|1574114849,4e7644fc27bd9a4e8ae9dd67f9e1c9973c425510a2201e06189a0f435185b4f3
tasks/known_people_unknown_freq/dataset/test/77GHz/Away/04060029_1574114867_Raw_0.png,77GHz,Away,0,ua_0029,04060029_1574114867_Raw_0.png,dataset/test/77GHz/Away/04060029_1574114867_Raw_0.png,test,test,0,ua_0029|Away|1574114867,a77916dcff7c6ed4901ff8320172d22be7377b073492ca06b7d600f3cc0e10b3
tasks/known_people_unknown_freq/dataset/test/77GHz/Away/04060029_1574626448_Raw_0.png,77GHz,Away,0,ua_0029,04060029_1574626448_Raw_0.png,dataset/test/77GHz/Away/04060029_1574626448_Raw_0.png,test,test,0,ua_0029|Away|1574626448,c9f4f8e3c674f18ce14490ca16c9651dbae44b02f040cbe8c776f3b40e271c68
tasks/known_people_unknown_freq/dataset/test/77GHz/Away/04060029_1574626687_Raw_0.png,77GHz,Away,0,ua_0029,04060029_1574626687_Raw_0.png,dataset/test/77GHz/Away/04060029_1574626687_Raw_0.png,test,test,0,ua_0029|Away|1574626687,032a09a36fe1b68da8377d5bde4e2f9110c0b12fb86aaf181929d3804f8be79a
tasks/known_people_unknown_freq/dataset/test/77GHz/Away/04060029_1574627039_Raw_0.png,77GHz,Away,0,ua_0029,04060029_1574627039_Raw_0.png,dataset/test/77GHz/Away/04060029_1574627039_Raw_0.png,test,test,0,ua_0029|Away|1574627039,e20fc56c8e4895cc80d8c73ff334246af5317172a37884844d29930c51571891
tasks/known_people_unknown_freq/dataset/test/77GHz/Away/04060029_1574627068_Raw_0.png,77GHz,Away,0,ua_0029,04060029_1574627068_Raw_0.png,dataset/test/77GHz/Away/04060029_1574627068_Raw_0.png,test,test,0,ua_0029|Away|1574627068,9e540b66a69f3fbcc18b6b03c65c53ec1b5709bd8a46ffdd0f96794f89033126
tasks/known_people_unknown_freq/dataset/test/77GHz/Away/04060029_1574627087_Raw_0.png,77GHz,Away,0,ua_0029,04060029_1574627087_Raw_0.png,dataset/test/77GHz/Away/04060029_1574627087_Raw_0.png,test,test,0,ua_0029|Away|1574627087,51526ae3377d1b67a54e1c39592227c855892c06239db0b5795f388c018e99c9
tasks/known_people_unknown_freq/dataset/test/77GHz/Away/04060029_1574627128_Raw_0.png,77GHz,Away,0,ua_0029,04060029_1574627128_Raw_0.png,dataset/test/77GHz/Away/04060029_1574627128_Raw_0.png,test,test,0,ua_0029|Away|1574627128,89284485ff3d27c0903b2e12bac0a0308bc11cd9a9870dd27a494e2c17db1ff1
tasks/known_people_unknown_freq/dataset/test/77GHz/Away/04060029_1574627154_Raw_0.png,77GHz,Away,0,ua_0029,04060029_1574627154_Raw_0.png,dataset/test/77GHz/Away/04060029_1574627154_Raw_0.png,test,test,0,ua_0029|Away|1574627154,1a618f96906b141e9178b2d8010e08fd72518a42124a4a94930c7932c8dcc398
tasks/known_people_unknown_freq/dataset/test/77GHz/Away/04060029_1574627273_Raw_0.png,77GHz,Away,0,ua_0029,04060029_1574627273_Raw_0.png,dataset/test/77GHz/Away/04060029_1574627273_Raw_0.png,test,test,0,ua_0029|Away|1574627273,c88eaa35e70993d5375766314f0b9f587a5dc496505e0a5d32b2f166bcbf22af
tasks/known_people_unknown_freq/dataset/test/77GHz/Away/04060030_1574194179_Raw_0.png,77GHz,Away,0,ua_0030,04060030_1574194179_Raw_0.png,dataset/test/77GHz/Away/04060030_1574194179_Raw_0.png,test,test,0,ua_0030|Away|1574194179,accea48a2713d96dab9f2598bc786630d663b6b480715e921f0a1658603bfe17
tasks/known_people_unknown_freq/dataset/test/77GHz/Away/04060030_1574194202_Raw_0.png,77GHz,Away,0,ua_0030,04060030_1574194202_Raw_0.png,dataset/test/77GHz/Away/04060030_1574194202_Raw_0.png,test,test,0,ua_0030|Away|1574194202,dba58a9eeea5e821ea3a12b97c8d472e256fbd8306b5fc0b841ad47cc181ab02
tasks/known_people_unknown_freq/dataset/test/77GHz/Away/04060030_1574194225_Raw_0.png,77GHz,Away,0,ua_0030,04060030_1574194225_Raw_0.png,dataset/test/77GHz/Away/04060030_1574194225_Raw_0.png,test,test,0,ua_0030|Away|1574194225,80046eb619686dcc52a992e876f4057e11903817056b9637f0ef9ab7a7a18bdf
tasks/known_people_unknown_freq/dataset/test/77GHz/Away/04060030_1574194249_Raw_0.png,77GHz,Away,0,ua_0030,04060030_1574194249_Raw_0.png,dataset/test/77GHz/Away/04060030_1574194249_Raw_0.png,test,test,0,ua_0030|Away|1574194249,76b40169f5ea903821c54c791217c1ebe17805082d61f588a20b35da3548f908
tasks/known_people_unknown_freq/dataset/test/77GHz/Away/04060030_1574194275_Raw_0.png,77GHz,Away,0,ua_0030,04060030_1574194275_Raw_0.png,dataset/test/77GHz/Away/04060030_1574194275_Raw_0.png,test,test,0,ua_0030|Away|1574194275,4eab35a52d44b05f4cad0f0a7c4f782fc33297ca71ed5873a15f85bf2f704c54
tasks/known_people_unknown_freq/dataset/test/77GHz/Away/04060030_1574194298_Raw_0.png,77GHz,Away,0,ua_0030,04060030_1574194298_Raw_0.png,dataset/test/77GHz/Away/04060030_1574194298_Raw_0.png,test,test,0,ua_0030|Away|1574194298,381beff7ec48b9e734c3c943643dd4c545eb2fc274940234c19e73f4fa97de61
tasks/known_people_unknown_freq/dataset/test/77GHz/Away/04060030_1574194345_Raw_0.png,77GHz,Away,0,ua_0030,04060030_1574194345_Raw_0.png,dataset/test/77GHz/Away/04060030_1574194345_Raw_0.png,test,test,0,ua_0030|Away|1574194345,0b88c89097aa6955183f2b5107ad68a1fc24d7e669ee7a7e5f6a04596a7ae28d
tasks/known_people_unknown_freq/dataset/test/77GHz/Away/04060030_1574194369_Raw_0.png,77GHz,Away,0,ua_0030,04060030_1574194369_Raw_0.png,dataset/test/77GHz/Away/04060030_1574194369_Raw_0.png,test,test,0,ua_0030|Away|1574194369,451a6bb93766bef8215de9f1b940bbd23b66e1d54141ee17edf97d342bfd36e6
tasks/known_people_unknown_freq/dataset/test/77GHz/Away/04060030_1574194391_Raw_0.png,77GHz,Away,0,ua_0030,04060030_1574194391_Raw_0.png,dataset/test/77GHz/Away/04060030_1574194391_Raw_0.png,test,test,0,ua_0030|Away|1574194391,51e2a1661aa382ed5d7c481737b9a0423d4c5af6f8b68b739db3830dd6a99a0e
tasks/known_people_unknown_freq/dataset/test/77GHz/Away/04060030_1574456948_Raw_0.png,77GHz,Away,0,ua_0030,04060030_1574456948_Raw_0.png,dataset/test/77GHz/Away/04060030_1574456948_Raw_0.png,test,test,0,ua_0030|Away|1574456948,029931d2ed4d2dc8cd1ff46a222fa6089abbd00f2e031c38df9e8025c7172cbf
tasks/known_people_unknown_freq/dataset/test/77GHz/Away/04060030_1574456989_Raw_0.png,77GHz,Away,0,ua_0030,04060030_1574456989_Raw_0.png,dataset/test/77GHz/Away/04060030_1574456989_Raw_0.png,test,test,0,ua_0030|Away|1574456989,cf57caf4ebc52f3e3bd10ffe34fc98c3a9b203011e99eeba551a173a18358fa4
tasks/known_people_unknown_freq/dataset/test/77GHz/Away/04060030_1574457011_Raw_0.png,77GHz,Away,0,ua_0030,04060030_1574457011_Raw_0.png,dataset/test/77GHz/Away/04060030_1574457011_Raw_0.png,test,test,0,ua_0030|Away|1574457011,21042af70bedfb0048db7f64d7e0a38a76648458287917c8547a2437a9a6abbb
tasks/known_people_unknown_freq/dataset/test/77GHz/Away/04060030_1574457052_Raw_0.png,77GHz,Away,0,ua_0030,04060030_1574457052_Raw_0.png,dataset/test/77GHz/Away/04060030_1574457052_Raw_0.png,test,test,0,ua_0030|Away|1574457052,fd834fb4a8bf47d6a32f010ce550c424030ea41a4ad9bb0d7f6ff833128dd0af
tasks/known_people_unknown_freq/dataset/test/77GHz/Away/04060030_1574457074_Raw_0.png,77GHz,Away,0,ua_0030,04060030_1574457074_Raw_0.png,dataset/test/77GHz/Away/04060030_1574457074_Raw_0.png,test,test,0,ua_0030|Away|1574457074,99bf2f615364bb061dd971a0cead0a8e0c3c018f37a1ce696d53408990959461
tasks/known_people_unknown_freq/dataset/test/77GHz/Away/04060030_1574457116_Raw_0.png,77GHz,Away,0,ua_0030,04060030_1574457116_Raw_0.png,dataset/test/77GHz/Away/04060030_1574457116_Raw_0.png,test,test,0,ua_0030|Away|1574457116,a48cf5183814228e3cb8540d2af7bb61230d87a305eb3827f40b3883f4af539c
tasks/known_people_unknown_freq/dataset/test/77GHz/Away/04060030_1574457136_Raw_0.png,77GHz,Away,0,ua_0030,04060030_1574457136_Raw_0.png,dataset/test/77GHz/Away/04060030_1574457136_Raw_0.png,test,test,0,ua_0030|Away|1574457136,17b6adfd434395bcb55badf94e3ecfef67c006d36b4c23ee1bd5d2e080d69890
tasks/known_people_unknown_freq/dataset/test/77GHz/Bend/04080010_1573837689_Raw_0.png,77GHz,Bend,1,ua_0010,04080010_1573837689_Raw_0.png,dataset/test/77GHz/Bend/04080010_1573837689_Raw_0.png,test,test,1,ua_0010|Bend|1573837689,bbe6b8ca93ae89bb3b1959c9e36c0603033a35cacc42a83fe976d6c789622a3b
tasks/known_people_unknown_freq/dataset/test/77GHz/Bend/04080010_1573837709_Raw_0.png,77GHz,Bend,1,ua_0010,04080010_1573837709_Raw_0.png,dataset/test/77GHz/Bend/04080010_1573837709_Raw_0.png,test,test,1,ua_0010|Bend|1573837709,f130447266e3fc7382960690ce6d75cb76df0fa3f31bdce44a52211f637d6cd2
tasks/known_people_unknown_freq/dataset/test/77GHz/Bend/04080010_1573837729_Raw_0.png,77GHz,Bend,1,ua_0010,04080010_1573837729_Raw_0.png,dataset/test/77GHz/Bend/04080010_1573837729_Raw_0.png,test,test,1,ua_0010|Bend|1573837729,3cca0554117f32aa255a91b495e198dae933922bf6a0610f6221089137fedef6
tasks/known_people_unknown_freq/dataset/test/77GHz/Bend/04080010_1573837767_Raw_0.png,77GHz,Bend,1,ua_0010,04080010_1573837767_Raw_0.png,dataset/test/77GHz/Bend/04080010_1573837767_Raw_0.png,test,test,1,ua_0010|Bend|1573837767,49c4aa3db2f3bb5f4ee79deb133d1a2ca549d0b38b48e479b533a14036cfaf62
tasks/known_people_unknown_freq/dataset/test/77GHz/Bend/04080010_1573837785_Raw_0.png,77GHz,Bend,1,ua_0010,04080010_1573837785_Raw_0.png,dataset/test/77GHz/Bend/04080010_1573837785_Raw_0.png,test,test,1,ua_0010|Bend|1573837785,1759d25b533391ed370c3324a3ea9a8d561fb4f9690d9eb7c34b494de10483b9
tasks/known_people_unknown_freq/dataset/test/77GHz/Bend/04080010_1573837803_Raw_0.png,77GHz,Bend,1,ua_0010,04080010_1573837803_Raw_0.png,dataset/test/77GHz/Bend/04080010_1573837803_Raw_0.png,test,test,1,ua_0010|Bend|1573837803,6dd17d4eff0cbfba0e3de2640401c437f02acace45ff9d501c79f727c86e88ac
tasks/known_people_unknown_freq/dataset/test/77GHz/Bend/04080010_1573837916_Raw_0.png,77GHz,Bend,1,ua_0010,04080010_1573837916_Raw_0.png,dataset/test/77GHz/Bend/04080010_1573837916_Raw_0.png,test,test,1,ua_0010|Bend|1573837916,aa2462f9547084abbd6fc232834340306eb7027053cf5eea734185e08307dc9c
tasks/known_people_unknown_freq/dataset/test/77GHz/Bend/04080010_1573837944_Raw_0.png,77GHz,Bend,1,ua_0010,04080010_1573837944_Raw_0.png,dataset/test/77GHz/Bend/04080010_1573837944_Raw_0.png,test,test,1,ua_0010|Bend|1573837944,d85830a350b033bf8d157dbc6759c3e1ab4d5e69b40c6309f9f6a2d24f65d193
tasks/known_people_unknown_freq/dataset/test/77GHz/Bend/04080014_1574696766_Raw_0.png,77GHz,Bend,1,ua_0014,04080014_1574696766_Raw_0.png,dataset/test/77GHz/Bend/04080014_1574696766_Raw_0.png,test,test,1,ua_0014|Bend|1574696766,b9afac7a25427cb7239faa9de08002be9ae67a083ed041d938f1c9649e2dc1a7
tasks/known_people_unknown_freq/dataset/test/77GHz/Bend/04080014_1574696801_Raw_0.png,77GHz,Bend,1,ua_0014,04080014_1574696801_Raw_0.png,dataset/test/77GHz/Bend/04080014_1574696801_Raw_0.png,test,test,1,ua_0014|Bend|1574696801,47dc972197c2dd9b2f3b9608e2bf3c10a19b85f890e7dfcc4873a7689fcf1bc2
tasks/known_people_unknown_freq/dataset/test/77GHz/Bend/04080014_1574696820_Raw_0.png,77GHz,Bend,1,ua_0014,04080014_1574696820_Raw_0.png,dataset/test/77GHz/Bend/04080014_1574696820_Raw_0.png,test,test,1,ua_0014|Bend|1574696820,f9651ef75179c9db1da6e370119c4fba0778adecc7253b3d9b713f6ff93d9b89
tasks/known_people_unknown_freq/dataset/test/77GHz/Bend/04080014_1574696838_Raw_0.png,77GHz,Bend,1,ua_0014,04080014_1574696838_Raw_0.png,dataset/test/77GHz/Bend/04080014_1574696838_Raw_0.png,test,test,1,ua_0014|Bend|1574696838,c99b1b5b4d5c5c80b423a430c6150fabc3b68a9f913cfe1f62e0b8a6e418004b
tasks/known_people_unknown_freq/dataset/test/77GHz/Bend/04080014_1574696856_Raw_0.png,77GHz,Bend,1,ua_0014,04080014_1574696856_Raw_0.png,dataset/test/77GHz/Bend/04080014_1574696856_Raw_0.png,test,test,1,ua_0014|Bend|1574696856,37517831463c97d5fa325f555a5ea050ca748c65fe73db4e16c2dc174c23c6ba
tasks/known_people_unknown_freq/dataset/test/77GHz/Bend/04080014_1574696894_Raw_0.png,77GHz,Bend,1,ua_0014,04080014_1574696894_Raw_0.png,dataset/test/77GHz/Bend/04080014_1574696894_Raw_0.png,test,test,1,ua_0014|Bend|1574696894,fc016359495ca8212d7030d94d635a9ba60241c26344435fc52b1dd88b804223
tasks/known_people_unknown_freq/dataset/test/77GHz/Bend/04080014_1574696941_Raw_0.png,77GHz,Bend,1,ua_0014,04080014_1574696941_Raw_0.png,dataset/test/77GHz/Bend/04080014_1574696941_Raw_0.png,test,test,1,ua_0014|Bend|1574696941,9f743a7dbf5a37a3687da0c10dd938bee1851c4dff9b7573291d6f543cd6f080
tasks/known_people_unknown_freq/dataset/test/77GHz/Bend/04080029_1574115435_Raw_0.png,77GHz,Bend,1,ua_0029,04080029_1574115435_Raw_0.png,dataset/test/77GHz/Bend/04080029_1574115435_Raw_0.png,test,test,1,ua_0029|Bend|1574115435,fdd3c8fcc855d91ae5813fd9d35a5e9edcc40be5d45184e3e4b70db3563bb925
tasks/known_people_unknown_freq/dataset/test/77GHz/Bend/04080029_1574115481_Raw_0.png,77GHz,Bend,1,ua_0029,04080029_1574115481_Raw_0.png,dataset/test/77GHz/Bend/04080029_1574115481_Raw_0.png,test,test,1,ua_0029|Bend|1574115481,5e5359f871c0271bb7887c8065c8f5b2ee48dd1206e3e39fc25205efbf47057d
tasks/known_people_unknown_freq/dataset/test/77GHz/Bend/04080029_1574115504_Raw_0.png,77GHz,Bend,1,ua_0029,04080029_1574115504_Raw_0.png,dataset/test/77GHz/Bend/04080029_1574115504_Raw_0.png,test,test,1,ua_0029|Bend|1574115504,cd6f7df96f44f334f760837cff6a7e69a50594889acc95818e8d2fb478a33cf4
tasks/known_people_unknown_freq/dataset/test/77GHz/Bend/04080029_1574115523_Raw_0.png,77GHz,Bend,1,ua_0029,04080029_1574115523_Raw_0.png,dataset/test/77GHz/Bend/04080029_1574115523_Raw_0.png,test,test,1,ua_0029|Bend|1574115523,c6a43362a687f92ece8a7acb40e1a55ec0733b36c3fa73a10cfabf6a37e7fd1f
tasks/known_people_unknown_freq/dataset/test/77GHz/Bend/04080029_1574115541_Raw_0.png,77GHz,Bend,1,ua_0029,04080029_1574115541_Raw_0.png,dataset/test/77GHz/Bend/04080029_1574115541_Raw_0.png,test,test,1,ua_0029|Bend|1574115541,b829d6a2c83252180971c663319e3ab3c18a9a71639b7ba730c44d91597ce6a5
tasks/known_people_unknown_freq/dataset/test/77GHz/Bend/04080029_1574115561_Raw_0.png,77GHz,Bend,1,ua_0029,04080029_1574115561_Raw_0.png,dataset/test/77GHz/Bend/04080029_1574115561_Raw_0.png,test,test,1,ua_0029|Bend|1574115561,739e611b5e0da850666a8af06c26afbb7a3bcad87dcfe81d178e9c933afdeb07
tasks/known_people_unknown_freq/dataset/test/77GHz/Bend/04080029_1574115580_Raw_0.png,77GHz,Bend,1,ua_0029,04080029_1574115580_Raw_0.png,dataset/test/77GHz/Bend/04080029_1574115580_Raw_0.png,test,test,1,ua_0029|Bend|1574115580,39227ace4d2d6a1525216cab4008540220e23fea73ed3b5a8f2c3f323a291305
tasks/known_people_unknown_freq/dataset/test/77GHz/Bend/04080029_1574627793_Raw_0.png,77GHz,Bend,1,ua_0029,04080029_1574627793_Raw_0.png,dataset/test/77GHz/Bend/04080029_1574627793_Raw_0.png,test,test,1,ua_0029|Bend|1574627793,84bc8e0cbda8171d5e2f6777d73be23c7efc46bb473663372d9cff575974c91c
tasks/known_people_unknown_freq/dataset/test/77GHz/Bend/04080029_1574627830_Raw_0.png,77GHz,Bend,1,ua_0029,04080029_1574627830_Raw_0.png,dataset/test/77GHz/Bend/04080029_1574627830_Raw_0.png,test,test,1,ua_0029|Bend|1574627830,015298ecb5b60c124b5650e54da916a47a36d6203d2007a17266d42c02b3021c
tasks/known_people_unknown_freq/dataset/test/77GHz/Bend/04080029_1574627935_Raw_0.png,77GHz,Bend,1,ua_0029,04080029_1574627935_Raw_0.png,dataset/test/77GHz/Bend/04080029_1574627935_Raw_0.png,test,test,1,ua_0029|Bend|1574627935,403003a51a15962a53fa51ea9d2482cde9ae2e12f4d3882e8bd17a964bf03e66
tasks/known_people_unknown_freq/dataset/test/77GHz/Bend/04080029_1574627955_Raw_0.png,77GHz,Bend,1,ua_0029,04080029_1574627955_Raw_0.png,dataset/test/77GHz/Bend/04080029_1574627955_Raw_0.png,test,test,1,ua_0029|Bend|1574627955,5119b407c1da404bd4e8adb6cc0357aa1ad8e2b696ef671ae4d915ac7da071b1
tasks/known_people_unknown_freq/dataset/test/77GHz/Bend/04080029_1574627986_Raw_0.png,77GHz,Bend,1,ua_0029,04080029_1574627986_Raw_0.png,dataset/test/77GHz/Bend/04080029_1574627986_Raw_0.png,test,test,1,ua_0029|Bend|1574627986,aea76edc53d9bfeea0d358910088e208da918374e60c9c7958d387dbc6a3dd97
tasks/known_people_unknown_freq/dataset/test/77GHz/Bend/04080029_1574628005_Raw_0.png,77GHz,Bend,1,ua_0029,04080029_1574628005_Raw_0.png,dataset/test/77GHz/Bend/04080029_1574628005_Raw_0.png,test,test,1,ua_0029|Bend|1574628005,53222c407d2bd005619c7177ac8c509ba07a595b4ec248729bec2039b9d2477a
tasks/known_people_unknown_freq/dataset/test/77GHz/Bend/04080029_1574628024_Raw_0.png,77GHz,Bend,1,ua_0029,04080029_1574628024_Raw_0.png,dataset/test/77GHz/Bend/04080029_1574628024_Raw_0.png,test,test,1,ua_0029|Bend|1574628024,6d46bfcc826b973d7a33a7854c2158b7ff09d7c28ded4eff0fc0190b348c7350
tasks/known_people_unknown_freq/dataset/test/77GHz/Bend/04080029_1574628042_Raw_0.png,77GHz,Bend,1,ua_0029,04080029_1574628042_Raw_0.png,dataset/test/77GHz/Bend/04080029_1574628042_Raw_0.png,test,test,1,ua_0029|Bend|1574628042,5bcd38f626dbd373c82570741cef9e3d5f9a5523db4a4149e05efb12c8845898
tasks/known_people_unknown_freq/dataset/test/77GHz/Bend/04080029_1574628060_Raw_0.png,77GHz,Bend,1,ua_0029,04080029_1574628060_Raw_0.png,dataset/test/77GHz/Bend/04080029_1574628060_Raw_0.png,test,test,1,ua_0029|Bend|1574628060,61c04e19754feea3972ac7dd55f46073ae831d4e4952664c139c6c639952fa25
tasks/known_people_unknown_freq/dataset/test/77GHz/Bend/04080030_1574194651_Raw_0.png,77GHz,Bend,1,ua_0030,04080030_1574194651_Raw_0.png,dataset/test/77GHz/Bend/04080030_1574194651_Raw_0.png,test,test,1,ua_0030|Bend|1574194651,fcc3f6a22d521c2f0ec31b9f97ed790e38ddc266067b408755ec9f6e15f29efe
tasks/known_people_unknown_freq/dataset/test/77GHz/Bend/04080030_1574194672_Raw_0.png,77GHz,Bend,1,ua_0030,04080030_1574194672_Raw_0.png,dataset/test/77GHz/Bend/04080030_1574194672_Raw_0.png,test,test,1,ua_0030|Bend|1574194672,eb5c305cdf73b7635e7229f1511b07110802325cbcadc6c1e95c3e31a7ff2488
tasks/known_people_unknown_freq/dataset/test/77GHz/Bend/04080030_1574194982_Raw_0.png,77GHz,Bend,1,ua_0030,04080030_1574194982_Raw_0.png,dataset/test/77GHz/Bend/04080030_1574194982_Raw_0.png,test,test,1,ua_0030|Bend|1574194982,212f4cfb24b11e57ff48b2f531a8f7bb8fa30ae072e38767735cf4ef16af20f1
tasks/known_people_unknown_freq/dataset/test/77GHz/Bend/04080030_1574195000_Raw_0.png,77GHz,Bend,1,ua_0030,04080030_1574195000_Raw_0.png,dataset/test/77GHz/Bend/04080030_1574195000_Raw_0.png,test,test,1,ua_0030|Bend|1574195000,50207c3395506d804288ba75120c3e7253cb5e323db071c8f70b0ea3b4000896
tasks/known_people_unknown_freq/dataset/test/77GHz/Bend/04080030_1574195019_Raw_0.png,77GHz,Bend,1,ua_0030,04080030_1574195019_Raw_0.png,dataset/test/77GHz/Bend/04080030_1574195019_Raw_0.png,test,test,1,ua_0030|Bend|1574195019,82b5e6a6722b2d5cf36cca4d4061b53a0507f0f101b451ec5de2ef0183b8d42e
tasks/known_people_unknown_freq/dataset/test/77GHz/Bend/04080030_1574195038_Raw_0.png,77GHz,Bend,1,ua_0030,04080030_1574195038_Raw_0.png,dataset/test/77GHz/Bend/04080030_1574195038_Raw_0.png,test,test,1,ua_0030|Bend|1574195038,add53a9b0af0ba1e9fb61cb8eabf93b38d823c8d2a702076f9d064b12b779c29
tasks/known_people_unknown_freq/dataset/test/77GHz/Bend/04080030_1574195059_Raw_0.png,77GHz,Bend,1,ua_0030,04080030_1574195059_Raw_0.png,dataset/test/77GHz/Bend/04080030_1574195059_Raw_0.png,test,test,1,ua_0030|Bend|1574195059,0ab956280e449305df01b358130a563ba0891e51fa663706b6fd0de7851d76d4
tasks/known_people_unknown_freq/dataset/test/77GHz/Bend/04080030_1574457991_Raw_0.png,77GHz,Bend,1,ua_0030,04080030_1574457991_Raw_0.png,dataset/test/77GHz/Bend/04080030_1574457991_Raw_0.png,test,test,1,ua_0030|Bend|1574457991,93f82b14f4ecd650387a64605e75104e22122282bfa09792fff655aafd22b1ef
tasks/known_people_unknown_freq/dataset/test/77GHz/Bend/04080030_1574458011_Raw_0.png,77GHz,Bend,1,ua_0030,04080030_1574458011_Raw_0.png,dataset/test/77GHz/Bend/04080030_1574458011_Raw_0.png,test,test,1,ua_0030|Bend|1574458011,3d620743c660983540eb6511e53786699332f81adf51f80d1147b861c1b93742
tasks/known_people_unknown_freq/dataset/test/77GHz/Bend/04080030_1574458043_Raw_0.png,77GHz,Bend,1,ua_0030,04080030_1574458043_Raw_0.png,dataset/test/77GHz/Bend/04080030_1574458043_Raw_0.png,test,test,1,ua_0030|Bend|1574458043,7688160a8bed009b6cdf4d15270a4be3d63ae251a2cf75af9ab5b99dbc701b55
tasks/known_people_unknown_freq/dataset/test/77GHz/Bend/04080030_1574458060_Raw_0.png,77GHz,Bend,1,ua_0030,04080030_1574458060_Raw_0.png,dataset/test/77GHz/Bend/04080030_1574458060_Raw_0.png,test,test,1,ua_0030|Bend|1574458060,1a809482d00f2a269a6e5a0ad7be670f74f7e43a286f42cae6acb057efaea789
tasks/known_people_unknown_freq/dataset/test/77GHz/Bend/04080030_1574458078_Raw_0.png,77GHz,Bend,1,ua_0030,04080030_1574458078_Raw_0.png,dataset/test/77GHz/Bend/04080030_1574458078_Raw_0.png,test,test,1,ua_0030|Bend|1574458078,ee18fe89abd8fab3317095b7f3bdfdbdcddd0d2e7946c7bbb35c2399cc57e8f7
tasks/known_people_unknown_freq/dataset/test/77GHz/Bend/04080030_1574458096_Raw_0.png,77GHz,Bend,1,ua_0030,04080030_1574458096_Raw_0.png,dataset/test/77GHz/Bend/04080030_1574458096_Raw_0.png,test,test,1,ua_0030|Bend|1574458096,058acbc2d475ace86514a922176dcfbb3cae627f801cc56cd7347b1ddf73036b
tasks/known_people_unknown_freq/dataset/test/77GHz/Bend/04080030_1574458114_Raw_0.png,77GHz,Bend,1,ua_0030,04080030_1574458114_Raw_0.png,dataset/test/77GHz/Bend/04080030_1574458114_Raw_0.png,test,test,1,ua_0030|Bend|1574458114,12a42c7d559d194d6c7c5a44e80ecc22b66c2f5f15e33bd0277b57b783f2a1c4
tasks/known_people_unknown_freq/dataset/test/77GHz/Bend/04080030_1574458139_Raw_0.png,77GHz,Bend,1,ua_0030,04080030_1574458139_Raw_0.png,dataset/test/77GHz/Bend/04080030_1574458139_Raw_0.png,test,test,1,ua_0030|Bend|1574458139,990998b7a8d82b1b255207bc32f3cdd1b697ca731996b72a05edfb72fec495cb
tasks/known_people_unknown_freq/dataset/test/77GHz/Bend/04080030_1574458157_Raw_0.png,77GHz,Bend,1,ua_0030,04080030_1574458157_Raw_0.png,dataset/test/77GHz/Bend/04080030_1574458157_Raw_0.png,test,test,1,ua_0030|Bend|1574458157,15e27cd83b1a16da6463b26b9b458e9c61149d228628f83b49574ffde243104c
tasks/known_people_unknown_freq/dataset/test/77GHz/Kneel/04100010_1573838410_Raw_0.png,77GHz,Kneel,2,ua_0010,04100010_1573838410_Raw_0.png,dataset/test/77GHz/Kneel/04100010_1573838410_Raw_0.png,test,test,3,ua_0010|Kneel|1573838410,d620c396b038672b195d99166c13cb18464ac407b9731e9c14cd8a16dd970082
tasks/known_people_unknown_freq/dataset/test/77GHz/Kneel/04100010_1573838430_Raw_0.png,77GHz,Kneel,2,ua_0010,04100010_1573838430_Raw_0.png,dataset/test/77GHz/Kneel/04100010_1573838430_Raw_0.png,test,test,3,ua_0010|Kneel|1573838430,05203c062dde7b2b2132de9819f8e6355b46f32bb4afa61352bd18547b8a4312
tasks/known_people_unknown_freq/dataset/test/77GHz/Kneel/04100010_1573838448_Raw_0.png,77GHz,Kneel,2,ua_0010,04100010_1573838448_Raw_0.png,dataset/test/77GHz/Kneel/04100010_1573838448_Raw_0.png,test,test,3,ua_0010|Kneel|1573838448,4d8b9680544a3313306d7d23c981a7f95cab9ab687ba84ad72c42ff65dbc6819
tasks/known_people_unknown_freq/dataset/test/77GHz/Kneel/04100010_1573838467_Raw_0.png,77GHz,Kneel,2,ua_0010,04100010_1573838467_Raw_0.png,dataset/test/77GHz/Kneel/04100010_1573838467_Raw_0.png,test,test,3,ua_0010|Kneel|1573838467,885dc11ddab32719cde9344ba6d8726019f652fdf314e3c768c6ca287095908f
tasks/known_people_unknown_freq/dataset/test/77GHz/Kneel/04100010_1573838489_Raw_0.png,77GHz,Kneel,2,ua_0010,04100010_1573838489_Raw_0.png,dataset/test/77GHz/Kneel/04100010_1573838489_Raw_0.png,test,test,3,ua_0010|Kneel|1573838489,caecde26967da6e93096370a9a9b4a24009cf25e912ff301dcebd233a7e875f5
tasks/known_people_unknown_freq/dataset/test/77GHz/Kneel/04100010_1573838508_Raw_0.png,77GHz,Kneel,2,ua_0010,04100010_1573838508_Raw_0.png,dataset/test/77GHz/Kneel/04100010_1573838508_Raw_0.png,test,test,3,ua_0010|Kneel|1573838508,9542f9e8ca49d7aa8ddd742a9ed43e4d9cbb92bd0388671236680a4340acc5b8
tasks/known_people_unknown_freq/dataset/test/77GHz/Kneel/04100010_1573838526_Raw_0.png,77GHz,Kneel,2,ua_0010,04100010_1573838526_Raw_0.png,dataset/test/77GHz/Kneel/04100010_1573838526_Raw_0.png,test,test,3,ua_0010|Kneel|1573838526,f3a5e37b133da4d3a3566111e858a45678617ea0ff30bff5b1115c437172a43b
tasks/known_people_unknown_freq/dataset/test/77GHz/Kneel/04100010_1573838564_Raw_0.png,77GHz,Kneel,2,ua_0010,04100010_1573838564_Raw_0.png,dataset/test/77GHz/Kneel/04100010_1573838564_Raw_0.png,test,test,3,ua_0010|Kneel|1573838564,7d994773801917d50b3e0fa18f5216e96eff269d31057482ed45cde42936c92d
tasks/known_people_unknown_freq/dataset/test/77GHz/Kneel/04100010_1573838584_Raw_0.png,77GHz,Kneel,2,ua_0010,04100010_1573838584_Raw_0.png,dataset/test/77GHz/Kneel/04100010_1573838584_Raw_0.png,test,test,3,ua_0010|Kneel|1573838584,0c2a79d0c43d25a728aea4f5b9e482faf49065998fced5267f498d9e691a67eb
tasks/known_people_unknown_freq/dataset/test/77GHz/Kneel/04100010_1573838603_Raw_0.png,77GHz,Kneel,2,ua_0010,04100010_1573838603_Raw_0.png,dataset/test/77GHz/Kneel/04100010_1573838603_Raw_0.png,test,test,3,ua_0010|Kneel|1573838603,13d5376c447ea0f942529eb7ca40211c4239be80330934fe88044d7fddffc40a
tasks/known_people_unknown_freq/dataset/test/77GHz/Kneel/04100014_1574698067_Raw_0.png,77GHz,Kneel,2,ua_0014,04100014_1574698067_Raw_0.png,dataset/test/77GHz/Kneel/04100014_1574698067_Raw_0.png,test,test,3,ua_0014|Kneel|1574698067,107d2debf3c427572396fd3d3ce8827596073a81d48e954d71d062abdfde32e7
tasks/known_people_unknown_freq/dataset/test/77GHz/Kneel/04100014_1574698089_Raw_0.png,77GHz,Kneel,2,ua_0014,04100014_1574698089_Raw_0.png,dataset/test/77GHz/Kneel/04100014_1574698089_Raw_0.png,test,test,3,ua_0014|Kneel|1574698089,7aee82a2a33d5a163d14e347de7f4e4a50028a14c35f5778283c1aea3a146c2a
tasks/known_people_unknown_freq/dataset/test/77GHz/Kneel/04100014_1574698108_Raw_0.png,77GHz,Kneel,2,ua_0014,04100014_1574698108_Raw_0.png,dataset/test/77GHz/Kneel/04100014_1574698108_Raw_0.png,test,test,3,ua_0014|Kneel|1574698108,3ea19dbc55b898b2680a047ecd835bb9475cb4634725e2a83506c39e8ef5fe3a
tasks/known_people_unknown_freq/dataset/test/77GHz/Kneel/04100014_1574698127_Raw_0.png,77GHz,Kneel,2,ua_0014,04100014_1574698127_Raw_0.png,dataset/test/77GHz/Kneel/04100014_1574698127_Raw_0.png,test,test,3,ua_0014|Kneel|1574698127,6279d6a9da72738d0fd47fb79967f5ddcd838490c0cba7570aff879ffa126c9c
tasks/known_people_unknown_freq/dataset/test/77GHz/Kneel/04100014_1574698146_Raw_0.png,77GHz,Kneel,2,ua_0014,04100014_1574698146_Raw_0.png,dataset/test/77GHz/Kneel/04100014_1574698146_Raw_0.png,test,test,3,ua_0014|Kneel|1574698146,8d465a09aae03dd519847d947a67567a67f77b2ebd066010bfc29a1679fbc57a
tasks/known_people_unknown_freq/dataset/test/77GHz/Kneel/04100014_1574698165_Raw_0.png,77GHz,Kneel,2,ua_0014,04100014_1574698165_Raw_0.png,dataset/test/77GHz/Kneel/04100014_1574698165_Raw_0.png,test,test,3,ua_0014|Kneel|1574698165,27eeabd0bfa778a5f42e2546a879da0981f0e830a3d0c0ba825c99ae10d53bf6
tasks/known_people_unknown_freq/dataset/test/77GHz/Kneel/04100014_1574698203_Raw_0.png,77GHz,Kneel,2,ua_0014,04100014_1574698203_Raw_0.png,dataset/test/77GHz/Kneel/04100014_1574698203_Raw_0.png,test,test,3,ua_0014|Kneel|1574698203,03d88744b36b1b2153a7e8a1c051bcbd549abaebb5fbdf464b331b7cd4b5108f
tasks/known_people_unknown_freq/dataset/test/77GHz/Kneel/04100014_1574698222_Raw_0.png,77GHz,Kneel,2,ua_0014,04100014_1574698222_Raw_0.png,dataset/test/77GHz/Kneel/04100014_1574698222_Raw_0.png,test,test,3,ua_0014|Kneel|1574698222,c9ec78565c8e1d6848c82e148d39f9d42af6376780b9eec52792527f85c45954
tasks/known_people_unknown_freq/dataset/test/77GHz/Kneel/04100029_1574115915_Raw_0.png,77GHz,Kneel,2,ua_0029,04100029_1574115915_Raw_0.png,dataset/test/77GHz/Kneel/04100029_1574115915_Raw_0.png,test,test,3,ua_0029|Kneel|1574115915,f4e8678ccb3fb8e162260a666da849aca7dd4c075ba876128bf13d96aaf9f1a3
tasks/known_people_unknown_freq/dataset/test/77GHz/Kneel/04100029_1574115983_Raw_0.png,77GHz,Kneel,2,ua_0029,04100029_1574115983_Raw_0.png,dataset/test/77GHz/Kneel/04100029_1574115983_Raw_0.png,test,test,3,ua_0029|Kneel|1574115983,10e0804c847fbe4e0ff5b9756b4f434f35fa5d4c7c6993df8ba333cafa2ab1f4
tasks/known_people_unknown_freq/dataset/test/77GHz/Kneel/04100029_1574116001_Raw_0.png,77GHz,Kneel,2,ua_0029,04100029_1574116001_Raw_0.png,dataset/test/77GHz/Kneel/04100029_1574116001_Raw_0.png,test,test,3,ua_0029|Kneel|1574116001,d96d3225f69ed19ce0464683c9c6457ff08a9286e72aad5f6bedb491142f47a6
tasks/known_people_unknown_freq/dataset/test/77GHz/Kneel/04100029_1574116027_Raw_0.png,77GHz,Kneel,2,ua_0029,04100029_1574116027_Raw_0.png,dataset/test/77GHz/Kneel/04100029_1574116027_Raw_0.png,test,test,3,ua_0029|Kneel|1574116027,0ec0af8fc7c38f633fced73c692adcac0a9ad599d335207d0476ea27fe217ccb
tasks/known_people_unknown_freq/dataset/test/77GHz/Kneel/04100029_1574116046_Raw_0.png,77GHz,Kneel,2,ua_0029,04100029_1574116046_Raw_0.png,dataset/test/77GHz/Kneel/04100029_1574116046_Raw_0.png,test,test,3,ua_0029|Kneel|1574116046,229b008e37e4cd8c124568a9bab3dfa64f8e784492ec4890d4243ce4c54d96f1
tasks/known_people_unknown_freq/dataset/test/77GHz/Kneel/04100029_1574116064_Raw_0.png,77GHz,Kneel,2,ua_0029,04100029_1574116064_Raw_0.png,dataset/test/77GHz/Kneel/04100029_1574116064_Raw_0.png,test,test,3,ua_0029|Kneel|1574116064,4e6344747b6dc4916211fa7cb4806c0b8719e9901fcbee7e857617db2926407c
tasks/known_people_unknown_freq/dataset/test/77GHz/Kneel/04100029_1574116083_Raw_0.png,77GHz,Kneel,2,ua_0029,04100029_1574116083_Raw_0.png,dataset/test/77GHz/Kneel/04100029_1574116083_Raw_0.png,test,test,3,ua_0029|Kneel|1574116083,76985e2c97f50961aa0f5671faf32fdc4ba5cc8921d31d7d8d3376673edf62c4
tasks/known_people_unknown_freq/dataset/test/77GHz/Kneel/04100029_1574116122_Raw_0.png,77GHz,Kneel,2,ua_0029,04100029_1574116122_Raw_0.png,dataset/test/77GHz/Kneel/04100029_1574116122_Raw_0.png,test,test,3,ua_0029|Kneel|1574116122,8d7b29b387e701244dc5ddcda4311cbec107069245f14385a56aaa9d9c76262d
tasks/known_people_unknown_freq/dataset/test/77GHz/Kneel/04100029_1574116141_Raw_0.png,77GHz,Kneel,2,ua_0029,04100029_1574116141_Raw_0.png,dataset/test/77GHz/Kneel/04100029_1574116141_Raw_0.png,test,test,3,ua_0029|Kneel|1574116141,257b5eba50a97324bd32c95f410803067ac0378d00d91611506778fbb5f7657a
tasks/known_people_unknown_freq/dataset/test/77GHz/Kneel/04100029_1574628503_Raw_0.png,77GHz,Kneel,2,ua_0029,04100029_1574628503_Raw_0.png,dataset/test/77GHz/Kneel/04100029_1574628503_Raw_0.png,test,test,3,ua_0029|Kneel|1574628503,1d54a595928b45b0afd3864386a05b6df6235df3810ae482da925df8fc558aa6
tasks/known_people_unknown_freq/dataset/test/77GHz/Kneel/04100029_1574628541_Raw_0.png,77GHz,Kneel,2,ua_0029,04100029_1574628541_Raw_0.png,dataset/test/77GHz/Kneel/04100029_1574628541_Raw_0.png,test,test,3,ua_0029|Kneel|1574628541,508e75c4cb3b9bc2fb41f1c978072e727bcf77e172be8c6d9cc76e275ca97ad1
tasks/known_people_unknown_freq/dataset/test/77GHz/Kneel/04100029_1574628560_Raw_0.png,77GHz,Kneel,2,ua_0029,04100029_1574628560_Raw_0.png,dataset/test/77GHz/Kneel/04100029_1574628560_Raw_0.png,test,test,3,ua_0029|Kneel|1574628560,03994db49c3f29a9c012306f00b3addb6f92851b48f8f87d8faab9023329613a
tasks/known_people_unknown_freq/dataset/test/77GHz/Kneel/04100029_1574628579_Raw_0.png,77GHz,Kneel,2,ua_0029,04100029_1574628579_Raw_0.png,dataset/test/77GHz/Kneel/04100029_1574628579_Raw_0.png,test,test,3,ua_0029|Kneel|1574628579,1d0a7f8e6d0c3854b7c9b6c68662c3eec3b14431aed3aa2c618baa986d1f77fd
tasks/known_people_unknown_freq/dataset/test/77GHz/Kneel/04100029_1574628616_Raw_0.png,77GHz,Kneel,2,ua_0029,04100029_1574628616_Raw_0.png,dataset/test/77GHz/Kneel/04100029_1574628616_Raw_0.png,test,test,3,ua_0029|Kneel|1574628616,beede075d0d51feea8ea8fa3e1379e4b8e182bccd1161d98affea4412401cc6d
tasks/known_people_unknown_freq/dataset/test/77GHz/Kneel/04100029_1574628634_Raw_0.png,77GHz,Kneel,2,ua_0029,04100029_1574628634_Raw_0.png,dataset/test/77GHz/Kneel/04100029_1574628634_Raw_0.png,test,test,3,ua_0029|Kneel|1574628634,8740ca3bef81a24fc4f504cb6ddd3d58415d8d4261b7f8059751f872820ce941
tasks/known_people_unknown_freq/dataset/test/77GHz/Kneel/04100029_1574628652_Raw_0.png,77GHz,Kneel,2,ua_0029,04100029_1574628652_Raw_0.png,dataset/test/77GHz/Kneel/04100029_1574628652_Raw_0.png,test,test,3,ua_0029|Kneel|1574628652,89709e1c389091a953e130f9f6281092cc10ed268ca18f990deed19ab59ee089
tasks/known_people_unknown_freq/dataset/test/77GHz/Kneel/04100030_1574195462_Raw_0.png,77GHz,Kneel,2,ua_0030,04100030_1574195462_Raw_0.png,dataset/test/77GHz/Kneel/04100030_1574195462_Raw_0.png,test,test,3,ua_0030|Kneel|1574195462,3bbe142d56b86589398dbb61a915ccd51c909cfc5bbe20ab56c42a406ea58682
tasks/known_people_unknown_freq/dataset/test/77GHz/Kneel/04100030_1574195482_Raw_0.png,77GHz,Kneel,2,ua_0030,04100030_1574195482_Raw_0.png,dataset/test/77GHz/Kneel/04100030_1574195482_Raw_0.png,test,test,3,ua_0030|Kneel|1574195482,57f4b3f2c92d42520cc33db67512df409db27ea06fba9c1da29faa2e438dfe93
tasks/known_people_unknown_freq/dataset/test/77GHz/Kneel/04100030_1574195502_Raw_0.png,77GHz,Kneel,2,ua_0030,04100030_1574195502_Raw_0.png,dataset/test/77GHz/Kneel/04100030_1574195502_Raw_0.png,test,test,3,ua_0030|Kneel|1574195502,519e618b8efb60f331793d5950c613f7bd0a89641920b65339e6e9f19bc844df
tasks/known_people_unknown_freq/dataset/test/77GHz/Kneel/04100030_1574195520_Raw_0.png,77GHz,Kneel,2,ua_0030,04100030_1574195520_Raw_0.png,dataset/test/77GHz/Kneel/04100030_1574195520_Raw_0.png,test,test,3,ua_0030|Kneel|1574195520,67a60394342ed7c0c26d98bfdeb44fcd3e14a506a1584be959905608656f5c94
tasks/known_people_unknown_freq/dataset/test/77GHz/Kneel/04100030_1574195539_Raw_0.png,77GHz,Kneel,2,ua_0030,04100030_1574195539_Raw_0.png,dataset/test/77GHz/Kneel/04100030_1574195539_Raw_0.png,test,test,3,ua_0030|Kneel|1574195539,fc118808efb3a2a0775d29317e6674e84e7957d9761e40cf26e9f285c44b419a
tasks/known_people_unknown_freq/dataset/test/77GHz/Kneel/04100030_1574195557_Raw_0.png,77GHz,Kneel,2,ua_0030,04100030_1574195557_Raw_0.png,dataset/test/77GHz/Kneel/04100030_1574195557_Raw_0.png,test,test,3,ua_0030|Kneel|1574195557,447b48088b2b4682bce28979482b123cdfcfd511a640941caeb3219e76e1fe77
tasks/known_people_unknown_freq/dataset/test/77GHz/Kneel/04100030_1574195802_Raw_0.png,77GHz,Kneel,2,ua_0030,04100030_1574195802_Raw_0.png,dataset/test/77GHz/Kneel/04100030_1574195802_Raw_0.png,test,test,3,ua_0030|Kneel|1574195802,726bfcb73599fda406a87cbc9f10ea93b87b7c9e7e44058ae61238674f511dc7
tasks/known_people_unknown_freq/dataset/test/77GHz/Kneel/04100030_1574458850_Raw_0.png,77GHz,Kneel,2,ua_0030,04100030_1574458850_Raw_0.png,dataset/test/77GHz/Kneel/04100030_1574458850_Raw_0.png,test,test,3,ua_0030|Kneel|1574458850,ca433ab911e70e66a013d520c596a25a72525c8b1902731e370572d1ea83cc47
tasks/known_people_unknown_freq/dataset/test/77GHz/Kneel/04100030_1574458866_Raw_0.png,77GHz,Kneel,2,ua_0030,04100030_1574458866_Raw_0.png,dataset/test/77GHz/Kneel/04100030_1574458866_Raw_0.png,test,test,3,ua_0030|Kneel|1574458866,4fa1927dbc135cf62c8d3abb310214679765c95a06a14d695247c7fc31bedda3
tasks/known_people_unknown_freq/dataset/test/77GHz/Kneel/04100030_1574458884_Raw_0.png,77GHz,Kneel,2,ua_0030,04100030_1574458884_Raw_0.png,dataset/test/77GHz/Kneel/04100030_1574458884_Raw_0.png,test,test,3,ua_0030|Kneel|1574458884,0c3c6eebbf4f552e171c111d4ecb38a640447215a8244a3e9c7479c1a30e8d3b
tasks/known_people_unknown_freq/dataset/test/77GHz/Kneel/04100030_1574458902_Raw_0.png,77GHz,Kneel,2,ua_0030,04100030_1574458902_Raw_0.png,dataset/test/77GHz/Kneel/04100030_1574458902_Raw_0.png,test,test,3,ua_0030|Kneel|1574458902,f8851095c5a30ddf2f5647547ff91885b9a325c25ba7c1784262cf96cc758053
tasks/known_people_unknown_freq/dataset/test/77GHz/Kneel/04100030_1574458920_Raw_0.png,77GHz,Kneel,2,ua_0030,04100030_1574458920_Raw_0.png,dataset/test/77GHz/Kneel/04100030_1574458920_Raw_0.png,test,test,3,ua_0030|Kneel|1574458920,43fe6df479a629732537d9b65ee0e59b2ddf08ce603865ea7746386730658eac
tasks/known_people_unknown_freq/dataset/test/77GHz/Kneel/04100030_1574458938_Raw_0.png,77GHz,Kneel,2,ua_0030,04100030_1574458938_Raw_0.png,dataset/test/77GHz/Kneel/04100030_1574458938_Raw_0.png,test,test,3,ua_0030|Kneel|1574458938,8be5f6fcfd02e76e290b2c9507c833013777b772b9c0bfcea65566aeaad33193
tasks/known_people_unknown_freq/dataset/test/77GHz/Kneel/04100030_1574458956_Raw_0.png,77GHz,Kneel,2,ua_0030,04100030_1574458956_Raw_0.png,dataset/test/77GHz/Kneel/04100030_1574458956_Raw_0.png,test,test,3,ua_0030|Kneel|1574458956,1cf8a0ab49e02e0639f672f6ff9b00d1ae124c6d8fd3a6496840a22311b7f5ae
tasks/known_people_unknown_freq/dataset/test/77GHz/Kneel/04100030_1574458991_Raw_0.png,77GHz,Kneel,2,ua_0030,04100030_1574458991_Raw_0.png,dataset/test/77GHz/Kneel/04100030_1574458991_Raw_0.png,test,test,3,ua_0030|Kneel|1574458991,9836627ba818d1c25f614e635fdb4a2c929746e88ac2017511682cefe33553d6
tasks/known_people_unknown_freq/dataset/test/77GHz/Kneel/04100030_1574459016_Raw_0.png,77GHz,Kneel,2,ua_0030,04100030_1574459016_Raw_0.png,dataset/test/77GHz/Kneel/04100030_1574459016_Raw_0.png,test,test,3,ua_0030|Kneel|1574459016,7791dfeb568832dcb54a8e03a7c249a2f446f5d0c88a12deea4533d4ab06ec63
tasks/known_people_unknown_freq/dataset/test/77GHz/Pick/04070010_1573837435_Raw_0.png,77GHz,Pick,3,ua_0010,04070010_1573837435_Raw_0.png,dataset/test/77GHz/Pick/04070010_1573837435_Raw_0.png,test,test,5,ua_0010|Pick|1573837435,7568276ed45c08e8e444a990fb6239307b3cf3f0aa7586cbb3577834a4b20d64
tasks/known_people_unknown_freq/dataset/test/77GHz/Pick/04070010_1573837456_Raw_0.png,77GHz,Pick,3,ua_0010,04070010_1573837456_Raw_0.png,dataset/test/77GHz/Pick/04070010_1573837456_Raw_0.png,test,test,5,ua_0010|Pick|1573837456,ffe6ab4ab6db1be61c5b7a8971fca22c1e3ed24819de7f8190deca61d18464fc
tasks/known_people_unknown_freq/dataset/test/77GHz/Pick/04070010_1573837478_Raw_0.png,77GHz,Pick,3,ua_0010,04070010_1573837478_Raw_0.png,dataset/test/77GHz/Pick/04070010_1573837478_Raw_0.png,test,test,5,ua_0010|Pick|1573837478,61f0c7e2d94bc68ef726737dbc038421b5b205c21c50638a5d4475c22fe23337
tasks/known_people_unknown_freq/dataset/test/77GHz/Pick/04070010_1573837502_Raw_0.png,77GHz,Pick,3,ua_0010,04070010_1573837502_Raw_0.png,dataset/test/77GHz/Pick/04070010_1573837502_Raw_0.png,test,test,5,ua_0010|Pick|1573837502,132b263d41e3f0bfc84d6dbbc183ef0b29d03f741cc34b172199d7dd9bbac0e4
tasks/known_people_unknown_freq/dataset/test/77GHz/Pick/04070010_1573837550_Raw_0.png,77GHz,Pick,3,ua_0010,04070010_1573837550_Raw_0.png,dataset/test/77GHz/Pick/04070010_1573837550_Raw_0.png,test,test,5,ua_0010|Pick|1573837550,c9359108c4e03a8227cbf67daa50e167739467cebfc94a498cf1970c07269597
tasks/known_people_unknown_freq/dataset/test/77GHz/Pick/04070010_1573837573_Raw_0.png,77GHz,Pick,3,ua_0010,04070010_1573837573_Raw_0.png,dataset/test/77GHz/Pick/04070010_1573837573_Raw_0.png,test,test,5,ua_0010|Pick|1573837573,d2b3a8098901c1e2759a2bd95202faf3c92c0746e45e2be97917e4d905b6d46d
tasks/known_people_unknown_freq/dataset/test/77GHz/Pick/04070010_1573837593_Raw_0.png,77GHz,Pick,3,ua_0010,04070010_1573837593_Raw_0.png,dataset/test/77GHz/Pick/04070010_1573837593_Raw_0.png,test,test,5,ua_0010|Pick|1573837593,23124231c1ed388e85bf9ef8e83678fce6abb673c8a894d544cce20e5d96b516
tasks/known_people_unknown_freq/dataset/test/77GHz/Pick/04070010_1573837622_Raw_0.png,77GHz,Pick,3,ua_0010,04070010_1573837622_Raw_0.png,dataset/test/77GHz/Pick/04070010_1573837622_Raw_0.png,test,test,5,ua_0010|Pick|1573837622,a1e6f7dda26b7c63efab78b819c275a6c5582c1855f459f34189bf361390f2a6
tasks/known_people_unknown_freq/dataset/test/77GHz/Pick/04070014_1574696560_Raw_0.png,77GHz,Pick,3,ua_0014,04070014_1574696560_Raw_0.png,dataset/test/77GHz/Pick/04070014_1574696560_Raw_0.png,test,test,5,ua_0014|Pick|1574696560,ec2235c28ab1f77e2a95f8e373718a74951d9cfe263b59092f107bfa3f0b494d
tasks/known_people_unknown_freq/dataset/test/77GHz/Pick/04070014_1574696589_Raw_0.png,77GHz,Pick,3,ua_0014,04070014_1574696589_Raw_0.png,dataset/test/77GHz/Pick/04070014_1574696589_Raw_0.png,test,test,5,ua_0014|Pick|1574696589,3f3e8bcd761d31a5768a7e18dbfb025074963c005c991f3ea0d7b46eba17175b
tasks/known_people_unknown_freq/dataset/test/77GHz/Pick/04070014_1574696618_Raw_0.png,77GHz,Pick,3,ua_0014,04070014_1574696618_Raw_0.png,dataset/test/77GHz/Pick/04070014_1574696618_Raw_0.png,test,test,5,ua_0014|Pick|1574696618,abd83ccf026768b907c633106992cd67c100c1cd9bc20d68f5f02a2a32dac8f0
tasks/known_people_unknown_freq/dataset/test/77GHz/Pick/04070014_1574696638_Raw_0.png,77GHz,Pick,3,ua_0014,04070014_1574696638_Raw_0.png,dataset/test/77GHz/Pick/04070014_1574696638_Raw_0.png,test,test,5,ua_0014|Pick|1574696638,b47002f5487feaf647d164db1bc17a83ed218f275983097d3c7e76b908de12b5
tasks/known_people_unknown_freq/dataset/test/77GHz/Pick/04070014_1574696688_Raw_0.png,77GHz,Pick,3,ua_0014,04070014_1574696688_Raw_0.png,dataset/test/77GHz/Pick/04070014_1574696688_Raw_0.png,test,test,5,ua_0014|Pick|1574696688,d59ab15eadda9476effee82d752146fa4a32b7e53c1f4d818da010452bc2908f
tasks/known_people_unknown_freq/dataset/test/77GHz/Pick/04070014_1574696706_Raw_0.png,77GHz,Pick,3,ua_0014,04070014_1574696706_Raw_0.png,dataset/test/77GHz/Pick/04070014_1574696706_Raw_0.png,test,test,5,ua_0014|Pick|1574696706,c5ef59869a21e25c046136b74d9f24f0ea2db5e5d811d88620b0d800eaede36e
tasks/known_people_unknown_freq/dataset/test/77GHz/Pick/04070014_1574696727_Raw_0.png,77GHz,Pick,3,ua_0014,04070014_1574696727_Raw_0.png,dataset/test/77GHz/Pick/04070014_1574696727_Raw_0.png,test,test,5,ua_0014|Pick|1574696727,b04c9d41a6ada1d26eea4208e29ef52b4d888955b935df71a38888c7114194d4
tasks/known_people_unknown_freq/dataset/test/77GHz/Pick/04070029_1574115138_Raw_0.png,77GHz,Pick,3,ua_0029,04070029_1574115138_Raw_0.png,dataset/test/77GHz/Pick/04070029_1574115138_Raw_0.png,test,test,5,ua_0029|Pick|1574115138,4c1b2f97aa8ad98a5f33c29fe8beeb1275f0713e331e83673ce95ca1be8ebb79
tasks/known_people_unknown_freq/dataset/test/77GHz/Pick/04070029_1574115158_Raw_0.png,77GHz,Pick,3,ua_0029,04070029_1574115158_Raw_0.png,dataset/test/77GHz/Pick/04070029_1574115158_Raw_0.png,test,test,5,ua_0029|Pick|1574115158,b7df5d6ce412acc7773a93a5f096c1a51d17efd18c0f44044c45326fc81c44de
tasks/known_people_unknown_freq/dataset/test/77GHz/Pick/04070029_1574115178_Raw_0.png,77GHz,Pick,3,ua_0029,04070029_1574115178_Raw_0.png,dataset/test/77GHz/Pick/04070029_1574115178_Raw_0.png,test,test,5,ua_0029|Pick|1574115178,ef521dda3074a156e6cc9a5c1b8be403c2862b61a37d014eb9192c0afc29d3b4
tasks/known_people_unknown_freq/dataset/test/77GHz/Pick/04070029_1574115220_Raw_0.png,77GHz,Pick,3,ua_0029,04070029_1574115220_Raw_0.png,dataset/test/77GHz/Pick/04070029_1574115220_Raw_0.png,test,test,5,ua_0029|Pick|1574115220,c8d29fa139ae860d2b4c67d7eddf9bef3c31a5fefe0ff614be333c20fdb5f73d
tasks/known_people_unknown_freq/dataset/test/77GHz/Pick/04070029_1574115263_Raw_0.png,77GHz,Pick,3,ua_0029,04070029_1574115263_Raw_0.png,dataset/test/77GHz/Pick/04070029_1574115263_Raw_0.png,test,test,5,ua_0029|Pick|1574115263,87360ec81879799936d56e7e7d8f35aecde5f27b866d53e74c8d5c0ca018a29f
tasks/known_people_unknown_freq/dataset/test/77GHz/Pick/04070029_1574115281_Raw_0.png,77GHz,Pick,3,ua_0029,04070029_1574115281_Raw_0.png,dataset/test/77GHz/Pick/04070029_1574115281_Raw_0.png,test,test,5,ua_0029|Pick|1574115281,e4cdd41defca58304c2a1fd7b1b9e7c216eecf536a15b83d626160a2ab58cd61
tasks/known_people_unknown_freq/dataset/test/77GHz/Pick/04070029_1574115300_Raw_0.png,77GHz,Pick,3,ua_0029,04070029_1574115300_Raw_0.png,dataset/test/77GHz/Pick/04070029_1574115300_Raw_0.png,test,test,5,ua_0029|Pick|1574115300,8cfe55067aca4e54f4d732a79f3d1b79b77b0eab18879edcc9e3f0033cb8293e
tasks/known_people_unknown_freq/dataset/test/77GHz/Pick/04070029_1574115399_Raw_0.png,77GHz,Pick,3,ua_0029,04070029_1574115399_Raw_0.png,dataset/test/77GHz/Pick/04070029_1574115399_Raw_0.png,test,test,5,ua_0029|Pick|1574115399,525a4edd0f64edfc4783c8c11097adfe3ac367cce41a229fa4ff09dd9fc7caaf
tasks/known_people_unknown_freq/dataset/test/77GHz/Pick/04070029_1574627323_Raw_0.png,77GHz,Pick,3,ua_0029,04070029_1574627323_Raw_0.png,dataset/test/77GHz/Pick/04070029_1574627323_Raw_0.png,test,test,5,ua_0029|Pick|1574627323,e4ca30950ea59974f2001c9a920ad78390409af383314dce7e9faf715240688a
tasks/known_people_unknown_freq/dataset/test/77GHz/Pick/04070029_1574627347_Raw_0.png,77GHz,Pick,3,ua_0029,04070029_1574627347_Raw_0.png,dataset/test/77GHz/Pick/04070029_1574627347_Raw_0.png,test,test,5,ua_0029|Pick|1574627347,65a6f03ba9ef1f2989cb8dee96ce04ba31a775984fa86887cef337a971fc4ee7
tasks/known_people_unknown_freq/dataset/test/77GHz/Pick/04070029_1574627368_Raw_0.png,77GHz,Pick,3,ua_0029,04070029_1574627368_Raw_0.png,dataset/test/77GHz/Pick/04070029_1574627368_Raw_0.png,test,test,5,ua_0029|Pick|1574627368,eb54aace41f997573c1cf1ae4f7603b817b546f10c9ea7d2ab9ca9550c24629f
tasks/known_people_unknown_freq/dataset/test/77GHz/Pick/04070029_1574627388_Raw_0.png,77GHz,Pick,3,ua_0029,04070029_1574627388_Raw_0.png,dataset/test/77GHz/Pick/04070029_1574627388_Raw_0.png,test,test,5,ua_0029|Pick|1574627388,befe79dffb174a431eec4b75e10915fc7db30f9161dddaaf2000e8b69b41b4b8
tasks/known_people_unknown_freq/dataset/test/77GHz/Pick/04070029_1574627654_Raw_0.png,77GHz,Pick,3,ua_0029,04070029_1574627654_Raw_0.png,dataset/test/77GHz/Pick/04070029_1574627654_Raw_0.png,test,test,5,ua_0029|Pick|1574627654,7747b39b5de318dac899bd0091320ccdf4a74341cbbb4253adc8d99e767ff3af
tasks/known_people_unknown_freq/dataset/test/77GHz/Pick/04070029_1574627704_Raw_0.png,77GHz,Pick,3,ua_0029,04070029_1574627704_Raw_0.png,dataset/test/77GHz/Pick/04070029_1574627704_Raw_0.png,test,test,5,ua_0029|Pick|1574627704,9f5d79a69b3ee1c7176bf257da6d822b328d5e1161d8e55a99ca501acce8ff4b
tasks/known_people_unknown_freq/dataset/test/77GHz/Pick/04070029_1574627723_Raw_0.png,77GHz,Pick,3,ua_0029,04070029_1574627723_Raw_0.png,dataset/test/77GHz/Pick/04070029_1574627723_Raw_0.png,test,test,5,ua_0029|Pick|1574627723,a1352c3322dfdcdb3dd6f57cb2b6d1151f6af331c0bd7a803c6ffc5398e998db
tasks/known_people_unknown_freq/dataset/test/77GHz/Pick/04070029_1574627743_Raw_0.png,77GHz,Pick,3,ua_0029,04070029_1574627743_Raw_0.png,dataset/test/77GHz/Pick/04070029_1574627743_Raw_0.png,test,test,5,ua_0029|Pick|1574627743,be5a07f035c496bb54316b56239b956b87537140eb1df322a3e5929f3a5f0aba
tasks/known_people_unknown_freq/dataset/test/77GHz/Pick/04070030_1574194424_Raw_0.png,77GHz,Pick,3,ua_0030,04070030_1574194424_Raw_0.png,dataset/test/77GHz/Pick/04070030_1574194424_Raw_0.png,test,test,5,ua_0030|Pick|1574194424,77cbbf304b775fefe3a8bcfd86d1cb7f311f558fa9015416cccef7f754b66653
tasks/known_people_unknown_freq/dataset/test/77GHz/Pick/04070030_1574194468_Raw_0.png,77GHz,Pick,3,ua_0030,04070030_1574194468_Raw_0.png,dataset/test/77GHz/Pick/04070030_1574194468_Raw_0.png,test,test,5,ua_0030|Pick|1574194468,c2826206fda381ce407221e6db7b62a74bbd8cb9810d5647daf666a4f12b2e3b
tasks/known_people_unknown_freq/dataset/test/77GHz/Pick/04070030_1574194488_Raw_0.png,77GHz,Pick,3,ua_0030,04070030_1574194488_Raw_0.png,dataset/test/77GHz/Pick/04070030_1574194488_Raw_0.png,test,test,5,ua_0030|Pick|1574194488,a1d63c33cc58313321e5e734309d3bb7337eb35ab351f344f0529df6cf41b801
tasks/known_people_unknown_freq/dataset/test/77GHz/Pick/04070030_1574194508_Raw_0.png,77GHz,Pick,3,ua_0030,04070030_1574194508_Raw_0.png,dataset/test/77GHz/Pick/04070030_1574194508_Raw_0.png,test,test,5,ua_0030|Pick|1574194508,1b26681f51a787b81482a72a1bac1f1aa0983b9e737ef01ebb8e0ce81036a155
tasks/known_people_unknown_freq/dataset/test/77GHz/Pick/04070030_1574194528_Raw_0.png,77GHz,Pick,3,ua_0030,04070030_1574194528_Raw_0.png,dataset/test/77GHz/Pick/04070030_1574194528_Raw_0.png,test,test,5,ua_0030|Pick|1574194528,60c68f8a902657953e365f0c4b4c0cd192a78c7fddd582be952fd966e412b3bd
tasks/known_people_unknown_freq/dataset/test/77GHz/Pick/04070030_1574194547_Raw_0.png,77GHz,Pick,3,ua_0030,04070030_1574194547_Raw_0.png,dataset/test/77GHz/Pick/04070030_1574194547_Raw_0.png,test,test,5,ua_0030|Pick|1574194547,f2ded820a3177d0ffe22ae37a3f08ebfa2760497db1c6a25e2a2b3611d0ba0b7
tasks/known_people_unknown_freq/dataset/test/77GHz/Pick/04070030_1574457169_Raw_0.png,77GHz,Pick,3,ua_0030,04070030_1574457169_Raw_0.png,dataset/test/77GHz/Pick/04070030_1574457169_Raw_0.png,test,test,5,ua_0030|Pick|1574457169,24899fa45eec90efef1efafa421842353fbb06a0bda95e69a54d169fec9b7fd7
tasks/known_people_unknown_freq/dataset/test/77GHz/Pick/04070030_1574457190_Raw_0.png,77GHz,Pick,3,ua_0030,04070030_1574457190_Raw_0.png,dataset/test/77GHz/Pick/04070030_1574457190_Raw_0.png,test,test,5,ua_0030|Pick|1574457190,b9b0ed8d5ea58ffb1c28f0cdf63f2f4fdda6937d40c791dc6076dff16122be54
tasks/known_people_unknown_freq/dataset/test/77GHz/Pick/04070030_1574457212_Raw_0.png,77GHz,Pick,3,ua_0030,04070030_1574457212_Raw_0.png,dataset/test/77GHz/Pick/04070030_1574457212_Raw_0.png,test,test,5,ua_0030|Pick|1574457212,fd89a6b60ab435187c6fc6c06058dbf1b7ecdc9123173bdba39ef7d3b268aa76
tasks/known_people_unknown_freq/dataset/test/77GHz/Pick/04070030_1574457231_Raw_0.png,77GHz,Pick,3,ua_0030,04070030_1574457231_Raw_0.png,dataset/test/77GHz/Pick/04070030_1574457231_Raw_0.png,test,test,5,ua_0030|Pick|1574457231,c068ef1b9e890dda3e79391577b26be32026550f89a6182449151450d1a83290
tasks/known_people_unknown_freq/dataset/test/77GHz/Pick/04070030_1574457253_Raw_0.png,77GHz,Pick,3,ua_0030,04070030_1574457253_Raw_0.png,dataset/test/77GHz/Pick/04070030_1574457253_Raw_0.png,test,test,5,ua_0030|Pick|1574457253,63a64afdfcb84ee8b41cd98434de28f158730a6d9b2d8e1a4377f764cbc0343c
tasks/known_people_unknown_freq/dataset/test/77GHz/Pick/04070030_1574457274_Raw_0.png,77GHz,Pick,3,ua_0030,04070030_1574457274_Raw_0.png,dataset/test/77GHz/Pick/04070030_1574457274_Raw_0.png,test,test,5,ua_0030|Pick|1574457274,88bd7946e7e24e8a6849cfc93538d62da4890e109d856d4dc51bc3329ae70c27
tasks/known_people_unknown_freq/dataset/test/77GHz/Pick/04070030_1574457335_Raw_0.png,77GHz,Pick,3,ua_0030,04070030_1574457335_Raw_0.png,dataset/test/77GHz/Pick/04070030_1574457335_Raw_0.png,test,test,5,ua_0030|Pick|1574457335,58e8697064b53084ed38278a8ca5eab5a5e8768d538ca482a8d22b1369c2e519
tasks/known_people_unknown_freq/dataset/test/77GHz/Pick/04070030_1574457946_Raw_0.png,77GHz,Pick,3,ua_0030,04070030_1574457946_Raw_0.png,dataset/test/77GHz/Pick/04070030_1574457946_Raw_0.png,test,test,5,ua_0030|Pick|1574457946,b7cef3bd8f27ed3577e1eadaad67964c30b0d13a382cd6d7abde88785ed90e63
tasks/known_people_unknown_freq/dataset/test/77GHz/SStep/04180010_1573840267_Raw_0.png,77GHz,SStep,4,ua_0010,04180010_1573840267_Raw_0.png,dataset/test/77GHz/SStep/04180010_1573840267_Raw_0.png,test,test,6,ua_0010|SStep|1573840267,146519a1ea334e5ccfa233f7b7f2cdc1bf8b08bc0d101cb6fb5ce02e17aff488
tasks/known_people_unknown_freq/dataset/test/77GHz/SStep/04180010_1573840288_Raw_0.png,77GHz,SStep,4,ua_0010,04180010_1573840288_Raw_0.png,dataset/test/77GHz/SStep/04180010_1573840288_Raw_0.png,test,test,6,ua_0010|SStep|1573840288,b7f395ea2db671e19d565ac6083aa03ee2cd10fc3dd13fa3abfb5157d1a7d40e
tasks/known_people_unknown_freq/dataset/test/77GHz/SStep/04180010_1573840335_Raw_0.png,77GHz,SStep,4,ua_0010,04180010_1573840335_Raw_0.png,dataset/test/77GHz/SStep/04180010_1573840335_Raw_0.png,test,test,6,ua_0010|SStep|1573840335,41ca7ed049e3942e6f323da33a47cb2c1de48535ca68852814539b9908856a83
tasks/known_people_unknown_freq/dataset/test/77GHz/SStep/04180010_1573840358_Raw_0.png,77GHz,SStep,4,ua_0010,04180010_1573840358_Raw_0.png,dataset/test/77GHz/SStep/04180010_1573840358_Raw_0.png,test,test,6,ua_0010|SStep|1573840358,71b532812bd120e1c6f343103bb8b326ed807eee57ef89904a82bc9f2315c854
tasks/known_people_unknown_freq/dataset/test/77GHz/SStep/04180010_1573840377_Raw_0.png,77GHz,SStep,4,ua_0010,04180010_1573840377_Raw_0.png,dataset/test/77GHz/SStep/04180010_1573840377_Raw_0.png,test,test,6,ua_0010|SStep|1573840377,9372eb844020f5abfcf8f52701c0f5e042d65a271d3f7df615875645d50194c7
tasks/known_people_unknown_freq/dataset/test/77GHz/SStep/04180010_1573840396_Raw_0.png,77GHz,SStep,4,ua_0010,04180010_1573840396_Raw_0.png,dataset/test/77GHz/SStep/04180010_1573840396_Raw_0.png,test,test,6,ua_0010|SStep|1573840396,ef29edb639c81f49367943ed5d4741e76e074e83b134ae1ce242caf911680cc2
tasks/known_people_unknown_freq/dataset/test/77GHz/SStep/04180010_1573840458_Raw_0.png,77GHz,SStep,4,ua_0010,04180010_1573840458_Raw_0.png,dataset/test/77GHz/SStep/04180010_1573840458_Raw_0.png,test,test,6,ua_0010|SStep|1573840458,f1e593bf5edfad18cedfe96074f7d428d749c09493ea1c3d22253340b0bd7964
tasks/known_people_unknown_freq/dataset/test/77GHz/SStep/04180010_1573840477_Raw_0.png,77GHz,SStep,4,ua_0010,04180010_1573840477_Raw_0.png,dataset/test/77GHz/SStep/04180010_1573840477_Raw_0.png,test,test,6,ua_0010|SStep|1573840477,956f0c9eeced5631088b4b19aa0269973ff3e44c6335bcdbd34dd33c77c9e447
tasks/known_people_unknown_freq/dataset/test/77GHz/SStep/04180014_1574699070_Raw_0.png,77GHz,SStep,4,ua_0014,04180014_1574699070_Raw_0.png,dataset/test/77GHz/SStep/04180014_1574699070_Raw_0.png,test,test,6,ua_0014|SStep|1574699070,ea7bd63e0f5d6fa13ca453f9cb5949d04e0aea05317c67169257ecbb927733dc
tasks/known_people_unknown_freq/dataset/test/77GHz/SStep/04180014_1574699108_Raw_0.png,77GHz,SStep,4,ua_0014,04180014_1574699108_Raw_0.png,dataset/test/77GHz/SStep/04180014_1574699108_Raw_0.png,test,test,6,ua_0014|SStep|1574699108,30b3fa5d2b63d78aafba60b7574498a02486a45ca78c697e48e10429a691d2e5
tasks/known_people_unknown_freq/dataset/test/77GHz/SStep/04180014_1574699126_Raw_0.png,77GHz,SStep,4,ua_0014,04180014_1574699126_Raw_0.png,dataset/test/77GHz/SStep/04180014_1574699126_Raw_0.png,test,test,6,ua_0014|SStep|1574699126,082ab9ebdf00c1787c728e8a8f9a71690c12d1d261d99ab858042637493a5344
tasks/known_people_unknown_freq/dataset/test/77GHz/SStep/04180014_1574699146_Raw_0.png,77GHz,SStep,4,ua_0014,04180014_1574699146_Raw_0.png,dataset/test/77GHz/SStep/04180014_1574699146_Raw_0.png,test,test,6,ua_0014|SStep|1574699146,3a55d34d3b496ca06c7b4f3343795fea1a66b472d37e98db5fa253a7db45db6e
tasks/known_people_unknown_freq/dataset/test/77GHz/SStep/04180014_1574699191_Raw_0.png,77GHz,SStep,4,ua_0014,04180014_1574699191_Raw_0.png,dataset/test/77GHz/SStep/04180014_1574699191_Raw_0.png,test,test,6,ua_0014|SStep|1574699191,35756782fc48bd10c3dc7bd74f7ee22f039c657cf1ccff6c593ec40fe05bcfbe
tasks/known_people_unknown_freq/dataset/test/77GHz/SStep/04180014_1574699211_Raw_0.png,77GHz,SStep,4,ua_0014,04180014_1574699211_Raw_0.png,dataset/test/77GHz/SStep/04180014_1574699211_Raw_0.png,test,test,6,ua_0014|SStep|1574699211,b5352bf0f8202e71b35fe60420cd269876ebdfe7e23da5f4daedb401e736019b
tasks/known_people_unknown_freq/dataset/test/77GHz/SStep/04180014_1574699251_Raw_0.png,77GHz,SStep,4,ua_0014,04180014_1574699251_Raw_0.png,dataset/test/77GHz/SStep/04180014_1574699251_Raw_0.png,test,test,6,ua_0014|SStep|1574699251,588023f9ec97b162e4378eec52e66ffdcf15cdd74686203c986069642f4df37f
tasks/known_people_unknown_freq/dataset/test/77GHz/SStep/04180029_1574117498_Raw_0.png,77GHz,SStep,4,ua_0029,04180029_1574117498_Raw_0.png,dataset/test/77GHz/SStep/04180029_1574117498_Raw_0.png,test,test,6,ua_0029|SStep|1574117498,a62bf5f2b80e784ce3ab72d70b593efdec65675645a8193195c4e7ad11d353fd
tasks/known_people_unknown_freq/dataset/test/77GHz/SStep/04180029_1574117518_Raw_0.png,77GHz,SStep,4,ua_0029,04180029_1574117518_Raw_0.png,dataset/test/77GHz/SStep/04180029_1574117518_Raw_0.png,test,test,6,ua_0029|SStep|1574117518,3bb5f01136dccb5e15eb80eb4aa07621303fcc5487a4e006b7c0ef10378c5616
tasks/known_people_unknown_freq/dataset/test/77GHz/SStep/04180029_1574117555_Raw_0.png,77GHz,SStep,4,ua_0029,04180029_1574117555_Raw_0.png,dataset/test/77GHz/SStep/04180029_1574117555_Raw_0.png,test,test,6,ua_0029|SStep|1574117555,672bcf95d5d27055f35b2987af35da2e3b74a5165b3bbe64d7999015323d9e18
tasks/known_people_unknown_freq/dataset/test/77GHz/SStep/04180029_1574117573_Raw_0.png,77GHz,SStep,4,ua_0029,04180029_1574117573_Raw_0.png,dataset/test/77GHz/SStep/04180029_1574117573_Raw_0.png,test,test,6,ua_0029|SStep|1574117573,6bac2031326ef814d958d7864fdbfa2ce131ddf250a0fbd23582f93dfa609697
tasks/known_people_unknown_freq/dataset/test/77GHz/SStep/04180029_1574117591_Raw_0.png,77GHz,SStep,4,ua_0029,04180029_1574117591_Raw_0.png,dataset/test/77GHz/SStep/04180029_1574117591_Raw_0.png,test,test,6,ua_0029|SStep|1574117591,8b06fffcc348e127abeab4f9d84df45121c47268828d4b9c0022c915ee0b3e52
tasks/known_people_unknown_freq/dataset/test/77GHz/SStep/04180029_1574117609_Raw_0.png,77GHz,SStep,4,ua_0029,04180029_1574117609_Raw_0.png,dataset/test/77GHz/SStep/04180029_1574117609_Raw_0.png,test,test,6,ua_0029|SStep|1574117609,1491a3f6436f969cecd9108e919162cfb80037c470a430fa53c3dc20e2231deb
tasks/known_people_unknown_freq/dataset/test/77GHz/SStep/04180029_1574117627_Raw_0.png,77GHz,SStep,4,ua_0029,04180029_1574117627_Raw_0.png,dataset/test/77GHz/SStep/04180029_1574117627_Raw_0.png,test,test,6,ua_0029|SStep|1574117627,95071b0166977b0928c777d8aff6e25e7ea0cee098a492f1d6a431690d7a7257
tasks/known_people_unknown_freq/dataset/test/77GHz/SStep/04180029_1574117647_Raw_0.png,77GHz,SStep,4,ua_0029,04180029_1574117647_Raw_0.png,dataset/test/77GHz/SStep/04180029_1574117647_Raw_0.png,test,test,6,ua_0029|SStep|1574117647,53a9792e1d95a1dd81a2a38ca84d5ee093b6da7eb7a29770a366d877b893184d
tasks/known_people_unknown_freq/dataset/test/77GHz/SStep/04180029_1574117666_Raw_0.png,77GHz,SStep,4,ua_0029,04180029_1574117666_Raw_0.png,dataset/test/77GHz/SStep/04180029_1574117666_Raw_0.png,test,test,6,ua_0029|SStep|1574117666,1df48a5549fdba797ad9d3e64e0ad22d706826dc76d17fa540c7f2d228c5e615
tasks/known_people_unknown_freq/dataset/test/77GHz/SStep/04180029_1574629378_Raw_0.png,77GHz,SStep,4,ua_0029,04180029_1574629378_Raw_0.png,dataset/test/77GHz/SStep/04180029_1574629378_Raw_0.png,test,test,6,ua_0029|SStep|1574629378,363fe270b317c641b5d05c7e68f8dc328162d946ee8473883af8c9998da804c8
tasks/known_people_unknown_freq/dataset/test/77GHz/SStep/04180029_1574629397_Raw_0.png,77GHz,SStep,4,ua_0029,04180029_1574629397_Raw_0.png,dataset/test/77GHz/SStep/04180029_1574629397_Raw_0.png,test,test,6,ua_0029|SStep|1574629397,ed43b7550a9d1cdaeb60c6ce312c0bfb74bf5938a7063d366b56f33428b474e6
tasks/known_people_unknown_freq/dataset/test/77GHz/SStep/04180029_1574629415_Raw_0.png,77GHz,SStep,4,ua_0029,04180029_1574629415_Raw_0.png,dataset/test/77GHz/SStep/04180029_1574629415_Raw_0.png,test,test,6,ua_0029|SStep|1574629415,dd47d901817ef200d70c68ad72745660d74837e26d77aefccd973cae63239275
tasks/known_people_unknown_freq/dataset/test/77GHz/SStep/04180029_1574629474_Raw_0.png,77GHz,SStep,4,ua_0029,04180029_1574629474_Raw_0.png,dataset/test/77GHz/SStep/04180029_1574629474_Raw_0.png,test,test,6,ua_0029|SStep|1574629474,6983c246b6655e424d3add59621b634146056fe1bd6c46fa06f30f42d7f2c8a9
tasks/known_people_unknown_freq/dataset/test/77GHz/SStep/04180029_1574629512_Raw_0.png,77GHz,SStep,4,ua_0029,04180029_1574629512_Raw_0.png,dataset/test/77GHz/SStep/04180029_1574629512_Raw_0.png,test,test,6,ua_0029|SStep|1574629512,c17eb420128d5e36aea58ed79301cc56966004508552638e00375db3479539b4
tasks/known_people_unknown_freq/dataset/test/77GHz/SStep/04180029_1574629533_Raw_0.png,77GHz,SStep,4,ua_0029,04180029_1574629533_Raw_0.png,dataset/test/77GHz/SStep/04180029_1574629533_Raw_0.png,test,test,6,ua_0029|SStep|1574629533,e1b033083cc13b47080e1a78a16051b40db023f3f145b3434fb2091658841a98
tasks/known_people_unknown_freq/dataset/test/77GHz/SStep/04180029_1574629552_Raw_0.png,77GHz,SStep,4,ua_0029,04180029_1574629552_Raw_0.png,dataset/test/77GHz/SStep/04180029_1574629552_Raw_0.png,test,test,6,ua_0029|SStep|1574629552,4ac95a25e0186367b1c842d45c38a95b9e82611e5d44e10028800a943a8eedd1
tasks/known_people_unknown_freq/dataset/test/77GHz/SStep/04180029_1574629570_Raw_0.png,77GHz,SStep,4,ua_0029,04180029_1574629570_Raw_0.png,dataset/test/77GHz/SStep/04180029_1574629570_Raw_0.png,test,test,6,ua_0029|SStep|1574629570,ed4693c73afd3cb682cbdef3d5b26d837fa0c63a2c1f28420cb28ee63fd64c91
tasks/known_people_unknown_freq/dataset/test/77GHz/SStep/04180030_1574196837_Raw_0.png,77GHz,SStep,4,ua_0030,04180030_1574196837_Raw_0.png,dataset/test/77GHz/SStep/04180030_1574196837_Raw_0.png,test,test,6,ua_0030|SStep|1574196837,cfa3c798a82e14b1563ef527345dd97ea5477bed00885a6baf0ab00ec6809c41
tasks/known_people_unknown_freq/dataset/test/77GHz/SStep/04180030_1574196864_Raw_0.png,77GHz,SStep,4,ua_0030,04180030_1574196864_Raw_0.png,dataset/test/77GHz/SStep/04180030_1574196864_Raw_0.png,test,test,6,ua_0030|SStep|1574196864,daaabb98464df726ca7cc013399bc58b3be3e9ae3d9eb2ff4253b854281120de
tasks/known_people_unknown_freq/dataset/test/77GHz/SStep/04180030_1574196905_Raw_0.png,77GHz,SStep,4,ua_0030,04180030_1574196905_Raw_0.png,dataset/test/77GHz/SStep/04180030_1574196905_Raw_0.png,test,test,6,ua_0030|SStep|1574196905,d84424b32e3886fd52198373bb1e3e0c9693909dcf9dac839fc2b3a1ff4416d0
tasks/known_people_unknown_freq/dataset/test/77GHz/SStep/04180030_1574196927_Raw_0.png,77GHz,SStep,4,ua_0030,04180030_1574196927_Raw_0.png,dataset/test/77GHz/SStep/04180030_1574196927_Raw_0.png,test,test,6,ua_0030|SStep|1574196927,277bc3ecbdb4465dbe73e72547267d5e65f88ebbd649cf3b9583624ff64af193
tasks/known_people_unknown_freq/dataset/test/77GHz/SStep/04180030_1574196950_Raw_0.png,77GHz,SStep,4,ua_0030,04180030_1574196950_Raw_0.png,dataset/test/77GHz/SStep/04180030_1574196950_Raw_0.png,test,test,6,ua_0030|SStep|1574196950,b21c5a16e7699002608b5b3e2419349c77ea473f4c279bd1526196d6c56adca7
tasks/known_people_unknown_freq/dataset/test/77GHz/SStep/04180030_1574196968_Raw_0.png,77GHz,SStep,4,ua_0030,04180030_1574196968_Raw_0.png,dataset/test/77GHz/SStep/04180030_1574196968_Raw_0.png,test,test,6,ua_0030|SStep|1574196968,3612b2829829d352b6ff299f08dc7d45e217e67a515ce8ebd36214916a8f1979
tasks/known_people_unknown_freq/dataset/test/77GHz/SStep/04180030_1574196992_Raw_0.png,77GHz,SStep,4,ua_0030,04180030_1574196992_Raw_0.png,dataset/test/77GHz/SStep/04180030_1574196992_Raw_0.png,test,test,6,ua_0030|SStep|1574196992,9ec05b668d86e601b427f5bc8cfc17bd89e0bd555376670b759ecb3784c347df
tasks/known_people_unknown_freq/dataset/test/77GHz/SStep/04180030_1574197013_Raw_0.png,77GHz,SStep,4,ua_0030,04180030_1574197013_Raw_0.png,dataset/test/77GHz/SStep/04180030_1574197013_Raw_0.png,test,test,6,ua_0030|SStep|1574197013,48197a8be2dd8ea4c4773ea0dbc2c6714a1be56c0350bf956e102562095e7a54
tasks/known_people_unknown_freq/dataset/test/77GHz/SStep/04180030_1574197034_Raw_0.png,77GHz,SStep,4,ua_0030,04180030_1574197034_Raw_0.png,dataset/test/77GHz/SStep/04180030_1574197034_Raw_0.png,test,test,6,ua_0030|SStep|1574197034,1dd558b20216ee8e7b64758c748cc288d065d3a3c0dddd64001de5ed827906ce
tasks/known_people_unknown_freq/dataset/test/77GHz/SStep/04180030_1574460138_Raw_0.png,77GHz,SStep,4,ua_0030,04180030_1574460138_Raw_0.png,dataset/test/77GHz/SStep/04180030_1574460138_Raw_0.png,test,test,6,ua_0030|SStep|1574460138,c16d6b013dbbf3b1e772c437d001291eb5149ac569de5d0b3cd2efbd7633871c
tasks/known_people_unknown_freq/dataset/test/77GHz/SStep/04180030_1574460157_Raw_0.png,77GHz,SStep,4,ua_0030,04180030_1574460157_Raw_0.png,dataset/test/77GHz/SStep/04180030_1574460157_Raw_0.png,test,test,6,ua_0030|SStep|1574460157,52fa14227c3fbfea11fc32fea2e57f5b9b7e0c1406a35d4a5bdffd61e968a845
tasks/known_people_unknown_freq/dataset/test/77GHz/SStep/04180030_1574460197_Raw_0.png,77GHz,SStep,4,ua_0030,04180030_1574460197_Raw_0.png,dataset/test/77GHz/SStep/04180030_1574460197_Raw_0.png,test,test,6,ua_0030|SStep|1574460197,a040e6ad25dae549f2dd5edbaa4551de1bc803c0e114897ca7b1e13b2b1ded3c
tasks/known_people_unknown_freq/dataset/test/77GHz/SStep/04180030_1574460235_Raw_0.png,77GHz,SStep,4,ua_0030,04180030_1574460235_Raw_0.png,dataset/test/77GHz/SStep/04180030_1574460235_Raw_0.png,test,test,6,ua_0030|SStep|1574460235,4213c4c48aa31a83f6b12df037df52b594ecc8f4e0b6fad69852785dc7d8606e
tasks/known_people_unknown_freq/dataset/test/77GHz/SStep/04180030_1574460254_Raw_0.png,77GHz,SStep,4,ua_0030,04180030_1574460254_Raw_0.png,dataset/test/77GHz/SStep/04180030_1574460254_Raw_0.png,test,test,6,ua_0030|SStep|1574460254,2d1c102b73921296b8741e3c056357b0dfa2fa55f48bd6cdda4037932dc86b26
tasks/known_people_unknown_freq/dataset/test/77GHz/SStep/04180030_1574460290_Raw_0.png,77GHz,SStep,4,ua_0030,04180030_1574460290_Raw_0.png,dataset/test/77GHz/SStep/04180030_1574460290_Raw_0.png,test,test,6,ua_0030|SStep|1574460290,bc6c0f50a75f72b7c71b06e622b892aef43a4780a479436b36e2e49e320b50d4
tasks/known_people_unknown_freq/dataset/test/77GHz/SStep/04180030_1574460680_Raw_0.png,77GHz,SStep,4,ua_0030,04180030_1574460680_Raw_0.png,dataset/test/77GHz/SStep/04180030_1574460680_Raw_0.png,test,test,6,ua_0030|SStep|1574460680,a3c7e652e2d56b7a5140cfaabdb9a8cbba904072aad045388d567e43121331fc
tasks/known_people_unknown_freq/dataset/test/77GHz/Sit/04090010_1573837974_Raw_0.png,77GHz,Sit,5,ua_0010,04090010_1573837974_Raw_0.png,dataset/test/77GHz/Sit/04090010_1573837974_Raw_0.png,test,test,8,ua_0010|Sit|1573837974,4c7c69504fb513b52758ce9f3e73e97b286d52139a9fcb97a4f1644ca05c45fe
tasks/known_people_unknown_freq/dataset/test/77GHz/Sit/04090010_1573837993_Raw_0.png,77GHz,Sit,5,ua_0010,04090010_1573837993_Raw_0.png,dataset/test/77GHz/Sit/04090010_1573837993_Raw_0.png,test,test,8,ua_0010|Sit|1573837993,17955060cde441a299ad2616cb30173fbaababdec24fc782a9bb90b1fd118169
tasks/known_people_unknown_freq/dataset/test/77GHz/Sit/04090010_1573838030_Raw_0.png,77GHz,Sit,5,ua_0010,04090010_1573838030_Raw_0.png,dataset/test/77GHz/Sit/04090010_1573838030_Raw_0.png,test,test,8,ua_0010|Sit|1573838030,f4a7d0b69b808c6871f11b1a9fc4c6612a59e99374d24ee25a5d5537216a827a
tasks/known_people_unknown_freq/dataset/test/77GHz/Sit/04090010_1573838066_Raw_0.png,77GHz,Sit,5,ua_0010,04090010_1573838066_Raw_0.png,dataset/test/77GHz/Sit/04090010_1573838066_Raw_0.png,test,test,8,ua_0010|Sit|1573838066,a12456f2c48dccfe1951d26781eeda1eb5158982bd6da581280d7e9bd10568f4
tasks/known_people_unknown_freq/dataset/test/77GHz/Sit/04090010_1573838086_Raw_0.png,77GHz,Sit,5,ua_0010,04090010_1573838086_Raw_0.png,dataset/test/77GHz/Sit/04090010_1573838086_Raw_0.png,test,test,8,ua_0010|Sit|1573838086,ba8b491f9f7842c19045002f73e1a67ee85da0c8df6955320e5c7f1ef3aed531
tasks/known_people_unknown_freq/dataset/test/77GHz/Sit/04090010_1573838127_Raw_0.png,77GHz,Sit,5,ua_0010,04090010_1573838127_Raw_0.png,dataset/test/77GHz/Sit/04090010_1573838127_Raw_0.png,test,test,8,ua_0010|Sit|1573838127,0a825c3968b6b20c9e272807ff2543f21746043edc9ed8d4208bfc75484575d0
tasks/known_people_unknown_freq/dataset/test/77GHz/Sit/04090010_1573838182_Raw_0.png,77GHz,Sit,5,ua_0010,04090010_1573838182_Raw_0.png,dataset/test/77GHz/Sit/04090010_1573838182_Raw_0.png,test,test,8,ua_0010|Sit|1573838182,c81de5dd182ed46f252d88ce3727543f9bae97017dba1153ac8a643403abaca8
tasks/known_people_unknown_freq/dataset/test/77GHz/Sit/04090010_1573838334_Raw_0.png,77GHz,Sit,5,ua_0010,04090010_1573838334_Raw_0.png,dataset/test/77GHz/Sit/04090010_1573838334_Raw_0.png,test,test,8,ua_0010|Sit|1573838334,94fccdc641528e441cb07415c285643ebf2d3fdeb566793522b3bd05988f9a43
tasks/known_people_unknown_freq/dataset/test/77GHz/Sit/04090014_1574696977_Raw_0.png,77GHz,Sit,5,ua_0014,04090014_1574696977_Raw_0.png,dataset/test/77GHz/Sit/04090014_1574696977_Raw_0.png,test,test,8,ua_0014|Sit|1574696977,523c894971f45213625ed6dc13195aa619163579abaf5bb9c5d0917a68d802b4
tasks/known_people_unknown_freq/dataset/test/77GHz/Sit/04090014_1574697018_Raw_0.png,77GHz,Sit,5,ua_0014,04090014_1574697018_Raw_0.png,dataset/test/77GHz/Sit/04090014_1574697018_Raw_0.png,test,test,8,ua_0014|Sit|1574697018,586b09c352e1650fe0deca4e4cde2d96312a618b0f57bb70e24c0b4bf130de21
tasks/known_people_unknown_freq/dataset/test/77GHz/Sit/04090014_1574697038_Raw_0.png,77GHz,Sit,5,ua_0014,04090014_1574697038_Raw_0.png,dataset/test/77GHz/Sit/04090014_1574697038_Raw_0.png,test,test,8,ua_0014|Sit|1574697038,a4d269e185503502d66807cab9988b7ffba17889865d372d94f6a0fbec5fa99a
tasks/known_people_unknown_freq/dataset/test/77GHz/Sit/04090014_1574697897_Raw_0.png,77GHz,Sit,5,ua_0014,04090014_1574697897_Raw_0.png,dataset/test/77GHz/Sit/04090014_1574697897_Raw_0.png,test,test,8,ua_0014|Sit|1574697897,4a996ee35b4445d7afb28beaa97acc132270fea9cbab393f4ea75803aaeca318
tasks/known_people_unknown_freq/dataset/test/77GHz/Sit/04090014_1574697917_Raw_0.png,77GHz,Sit,5,ua_0014,04090014_1574697917_Raw_0.png,dataset/test/77GHz/Sit/04090014_1574697917_Raw_0.png,test,test,8,ua_0014|Sit|1574697917,c04968f6a2466615e28effdffc58ee90ac8f7ad4663426ace75987a6ef1336dd
tasks/known_people_unknown_freq/dataset/test/77GHz/Sit/04090014_1574697936_Raw_0.png,77GHz,Sit,5,ua_0014,04090014_1574697936_Raw_0.png,dataset/test/77GHz/Sit/04090014_1574697936_Raw_0.png,test,test,8,ua_0014|Sit|1574697936,39e2450741b9e2b8737834a8bdade33446363ef82a6e19f5f2503cec95fcdb2e
tasks/known_people_unknown_freq/dataset/test/77GHz/Sit/04090014_1574697955_Raw_0.png,77GHz,Sit,5,ua_0014,04090014_1574697955_Raw_0.png,dataset/test/77GHz/Sit/04090014_1574697955_Raw_0.png,test,test,8,ua_0014|Sit|1574697955,ad64edd9517acebc197609f941d54948f9a116cf66834f946d09281e73cfd6a4
tasks/known_people_unknown_freq/dataset/test/77GHz/Sit/04090014_1574697974_Raw_0.png,77GHz,Sit,5,ua_0014,04090014_1574697974_Raw_0.png,dataset/test/77GHz/Sit/04090014_1574697974_Raw_0.png,test,test,8,ua_0014|Sit|1574697974,1adf3bc2b6b284b2a248dcad971b844ecbf12c7a377294aff44939dd840d0023
tasks/known_people_unknown_freq/dataset/test/77GHz/Sit/04090029_1574115666_Raw_0.png,77GHz,Sit,5,ua_0029,04090029_1574115666_Raw_0.png,dataset/test/77GHz/Sit/04090029_1574115666_Raw_0.png,test,test,8,ua_0029|Sit|1574115666,d2bbd12f089144e6959f838557b04c7a4a64589ccc27ce70a9dbeeae155f78a6
tasks/known_people_unknown_freq/dataset/test/77GHz/Sit/04090029_1574115686_Raw_0.png,77GHz,Sit,5,ua_0029,04090029_1574115686_Raw_0.png,dataset/test/77GHz/Sit/04090029_1574115686_Raw_0.png,test,test,8,ua_0029|Sit|1574115686,49d89ff39914ee667fb3e040ab98cc9666ae767cfb6273e4731648a1b72694de
tasks/known_people_unknown_freq/dataset/test/77GHz/Sit/04090029_1574115726_Raw_0.png,77GHz,Sit,5,ua_0029,04090029_1574115726_Raw_0.png,dataset/test/77GHz/Sit/04090029_1574115726_Raw_0.png,test,test,8,ua_0029|Sit|1574115726,3828264f5dca3f778b5e8b5b4c88bb7b1fa81b2707107bfd156ad472673b651c
tasks/known_people_unknown_freq/dataset/test/77GHz/Sit/04090029_1574115745_Raw_0.png,77GHz,Sit,5,ua_0029,04090029_1574115745_Raw_0.png,dataset/test/77GHz/Sit/04090029_1574115745_Raw_0.png,test,test,8,ua_0029|Sit|1574115745,df23f272dfb6cc44dafcad72006157182b8cdc12db4ad7ecb2e0fa964139a116
tasks/known_people_unknown_freq/dataset/test/77GHz/Sit/04090029_1574115784_Raw_0.png,77GHz,Sit,5,ua_0029,04090029_1574115784_Raw_0.png,dataset/test/77GHz/Sit/04090029_1574115784_Raw_0.png,test,test,8,ua_0029|Sit|1574115784,49fadcda2bace1165e40a9fcbb0a0772975fbdb2f3d9ce20a9ed7c2708070447
tasks/known_people_unknown_freq/dataset/test/77GHz/Sit/04090029_1574115803_Raw_0.png,77GHz,Sit,5,ua_0029,04090029_1574115803_Raw_0.png,dataset/test/77GHz/Sit/04090029_1574115803_Raw_0.png,test,test,8,ua_0029|Sit|1574115803,e012264666f5d7af8223aeaad4675ea6fcb53891aefd7444d6da0c1914f75b5b
tasks/known_people_unknown_freq/dataset/test/77GHz/Sit/04090029_1574115823_Raw_0.png,77GHz,Sit,5,ua_0029,04090029_1574115823_Raw_0.png,dataset/test/77GHz/Sit/04090029_1574115823_Raw_0.png,test,test,8,ua_0029|Sit|1574115823,649a216b4045036f5b1c8f0603c5a44bfdf6f9b01d095474751c71fd1f83aabd
tasks/known_people_unknown_freq/dataset/test/77GHz/Sit/04090029_1574115842_Raw_0.png,77GHz,Sit,5,ua_0029,04090029_1574115842_Raw_0.png,dataset/test/77GHz/Sit/04090029_1574115842_Raw_0.png,test,test,8,ua_0029|Sit|1574115842,db2364221263a8ffbda2d9438d2db5a083abeb15d289a7e0a8090938a49728b9
tasks/known_people_unknown_freq/dataset/test/77GHz/Sit/04090029_1574628100_Raw_0.png,77GHz,Sit,5,ua_0029,04090029_1574628100_Raw_0.png,dataset/test/77GHz/Sit/04090029_1574628100_Raw_0.png,test,test,8,ua_0029|Sit|1574628100,b58d620c7d058e97f877db350cd059a18f46d05915c150fa236c4821281b8082
tasks/known_people_unknown_freq/dataset/test/77GHz/Sit/04090029_1574628120_Raw_0.png,77GHz,Sit,5,ua_0029,04090029_1574628120_Raw_0.png,dataset/test/77GHz/Sit/04090029_1574628120_Raw_0.png,test,test,8,ua_0029|Sit|1574628120,ab20f0002b71b1f501e7aa53e9594b2e42f129a283070ebdd7dcf6fcb66c34c2
tasks/known_people_unknown_freq/dataset/test/77GHz/Sit/04090029_1574628141_Raw_0.png,77GHz,Sit,5,ua_0029,04090029_1574628141_Raw_0.png,dataset/test/77GHz/Sit/04090029_1574628141_Raw_0.png,test,test,8,ua_0029|Sit|1574628141,ce34cf4206a182ee3777ae53e6fffef72f62aaa8adb47591435e5be017745c04
tasks/known_people_unknown_freq/dataset/test/77GHz/Sit/04090029_1574628160_Raw_0.png,77GHz,Sit,5,ua_0029,04090029_1574628160_Raw_0.png,dataset/test/77GHz/Sit/04090029_1574628160_Raw_0.png,test,test,8,ua_0029|Sit|1574628160,79eb7a20f503d1da792c28534f20a3f862f54483b479cee595f649a7f9f92c92
tasks/known_people_unknown_freq/dataset/test/77GHz/Sit/04090029_1574628246_Raw_0.png,77GHz,Sit,5,ua_0029,04090029_1574628246_Raw_0.png,dataset/test/77GHz/Sit/04090029_1574628246_Raw_0.png,test,test,8,ua_0029|Sit|1574628246,12f712201c674c92b278c3288b2aba7817d249882404625d9bae3dcbf1351036
tasks/known_people_unknown_freq/dataset/test/77GHz/Sit/04090029_1574628309_Raw_0.png,77GHz,Sit,5,ua_0029,04090029_1574628309_Raw_0.png,dataset/test/77GHz/Sit/04090029_1574628309_Raw_0.png,test,test,8,ua_0029|Sit|1574628309,0b8622d68e774967e826759d86f0751136a2e8790d3ceca94cae0c2b96fad578
tasks/known_people_unknown_freq/dataset/test/77GHz/Sit/04090029_1574628343_Raw_0.png,77GHz,Sit,5,ua_0029,04090029_1574628343_Raw_0.png,dataset/test/77GHz/Sit/04090029_1574628343_Raw_0.png,test,test,8,ua_0029|Sit|1574628343,6eeef313b9aec57d35d1e151a6dd5188c620aece16c3c334919a819b39a60d60
tasks/known_people_unknown_freq/dataset/test/77GHz/Sit/04090029_1574628440_Raw_0.png,77GHz,Sit,5,ua_0029,04090029_1574628440_Raw_0.png,dataset/test/77GHz/Sit/04090029_1574628440_Raw_0.png,test,test,8,ua_0029|Sit|1574628440,c897cd68bcf8f3855470b336aa8a6131550b2836c5e3c83fcfedbbd10f5b5154
tasks/known_people_unknown_freq/dataset/test/77GHz/Sit/04090030_1574195230_Raw_0.png,77GHz,Sit,5,ua_0030,04090030_1574195230_Raw_0.png,dataset/test/77GHz/Sit/04090030_1574195230_Raw_0.png,test,test,8,ua_0030|Sit|1574195230,d191398e3c3c7502f6e99564cce00f35295e37989e70fa70b3efc82f37475a47
tasks/known_people_unknown_freq/dataset/test/77GHz/Sit/04090030_1574195254_Raw_0.png,77GHz,Sit,5,ua_0030,04090030_1574195254_Raw_0.png,dataset/test/77GHz/Sit/04090030_1574195254_Raw_0.png,test,test,8,ua_0030|Sit|1574195254,06ec265ecfbc946952dffea86f3e641593499d90f4eb21e1e4f42667010a1e7e
tasks/known_people_unknown_freq/dataset/test/77GHz/Sit/04090030_1574195274_Raw_0.png,77GHz,Sit,5,ua_0030,04090030_1574195274_Raw_0.png,dataset/test/77GHz/Sit/04090030_1574195274_Raw_0.png,test,test,8,ua_0030|Sit|1574195274,21851ebd127f3b06786c4717635378fab927da148574dc31908f3aaa12a9f4e2
tasks/known_people_unknown_freq/dataset/test/77GHz/Sit/04090030_1574195313_Raw_0.png,77GHz,Sit,5,ua_0030,04090030_1574195313_Raw_0.png,dataset/test/77GHz/Sit/04090030_1574195313_Raw_0.png,test,test,8,ua_0030|Sit|1574195313,a746f285a2ae9f43d37b9938d335aeb0c52c6a14a6280c32b899ef13febde12d
tasks/known_people_unknown_freq/dataset/test/77GHz/Sit/04090030_1574195332_Raw_0.png,77GHz,Sit,5,ua_0030,04090030_1574195332_Raw_0.png,dataset/test/77GHz/Sit/04090030_1574195332_Raw_0.png,test,test,8,ua_0030|Sit|1574195332,6830ed5dc964b16b43345a131113ccd8871bfb4847b2c39531233d6190a670d4
tasks/known_people_unknown_freq/dataset/test/77GHz/Sit/04090030_1574195351_Raw_0.png,77GHz,Sit,5,ua_0030,04090030_1574195351_Raw_0.png,dataset/test/77GHz/Sit/04090030_1574195351_Raw_0.png,test,test,8,ua_0030|Sit|1574195351,58340f378cad0ffa76723bb8a6f58a543359da04ba3fa65ac469fb15bec94ad1
tasks/known_people_unknown_freq/dataset/test/77GHz/Sit/04090030_1574195391_Raw_0.png,77GHz,Sit,5,ua_0030,04090030_1574195391_Raw_0.png,dataset/test/77GHz/Sit/04090030_1574195391_Raw_0.png,test,test,8,ua_0030|Sit|1574195391,bd820c813e2eec2f98d1adbf998acb7ce12e1c4dc2ba84d2acfd2f23d2c7a358
tasks/known_people_unknown_freq/dataset/test/77GHz/Sit/04090030_1574458188_Raw_0.png,77GHz,Sit,5,ua_0030,04090030_1574458188_Raw_0.png,dataset/test/77GHz/Sit/04090030_1574458188_Raw_0.png,test,test,8,ua_0030|Sit|1574458188,fbcad22a9b8b328d8b1ded29185ca4040e75bf6249189f28fe4692c9146f4964
tasks/known_people_unknown_freq/dataset/test/77GHz/Sit/04090030_1574458226_Raw_0.png,77GHz,Sit,5,ua_0030,04090030_1574458226_Raw_0.png,dataset/test/77GHz/Sit/04090030_1574458226_Raw_0.png,test,test,8,ua_0030|Sit|1574458226,a4ae20bb0ac3e7de4e22f28bbd0dd8be56cd3483f281461fa6743f9b87ec425f
tasks/known_people_unknown_freq/dataset/test/77GHz/Sit/04090030_1574458245_Raw_0.png,77GHz,Sit,5,ua_0030,04090030_1574458245_Raw_0.png,dataset/test/77GHz/Sit/04090030_1574458245_Raw_0.png,test,test,8,ua_0030|Sit|1574458245,5f2ba67d8aa285de9423095148dc1cc0d12daf93ce946f279854e437d94469b5
tasks/known_people_unknown_freq/dataset/test/77GHz/Sit/04090030_1574458265_Raw_0.png,77GHz,Sit,5,ua_0030,04090030_1574458265_Raw_0.png,dataset/test/77GHz/Sit/04090030_1574458265_Raw_0.png,test,test,8,ua_0030|Sit|1574458265,dd2421b421329d8790fd568cb46696ad10925d2872e4e5a73b370b2bbb7f11ea
tasks/known_people_unknown_freq/dataset/test/77GHz/Sit/04090030_1574458283_Raw_0.png,77GHz,Sit,5,ua_0030,04090030_1574458283_Raw_0.png,dataset/test/77GHz/Sit/04090030_1574458283_Raw_0.png,test,test,8,ua_0030|Sit|1574458283,2db99200e421ce761127db99a5bc2e8bff12a2b1b0eaee0b6f45f8579b52bc09
tasks/known_people_unknown_freq/dataset/test/77GHz/Sit/04090030_1574458785_Raw_0.png,77GHz,Sit,5,ua_0030,04090030_1574458785_Raw_0.png,dataset/test/77GHz/Sit/04090030_1574458785_Raw_0.png,test,test,8,ua_0030|Sit|1574458785,e54e0b0ac1ee51707c4679bbd80276f2713051a2b1cbeae3427f768fb5f0f42b
tasks/known_people_unknown_freq/dataset/test/77GHz/Towards/04000000_1574696114_Raw_0.png,77GHz,Towards,6,ua_0000,04000000_1574696114_Raw_0.png,dataset/test/77GHz/Towards/04000000_1574696114_Raw_0.png,test,test,10,ua_0000|Towards|1574696114,67c01be0708e5f9b64944857bab1a23f315c4d08ad85de0a79bf66aef6a87068
tasks/known_people_unknown_freq/dataset/test/77GHz/Towards/04000000_1574696136_Raw_0.png,77GHz,Towards,6,ua_0000,04000000_1574696136_Raw_0.png,dataset/test/77GHz/Towards/04000000_1574696136_Raw_0.png,test,test,10,ua_0000|Towards|1574696136,bd69b92471b360ec09091a35d5cf1c38b6c77f6fa2c77eb04dcc138a179423d7
tasks/known_people_unknown_freq/dataset/test/77GHz/Towards/04000000_1574696180_Raw_0.png,77GHz,Towards,6,ua_0000,04000000_1574696180_Raw_0.png,dataset/test/77GHz/Towards/04000000_1574696180_Raw_0.png,test,test,10,ua_0000|Towards|1574696180,24fb05643caec69b6941aead03b41697b9a2ec832508618b35420c17679763ea
tasks/known_people_unknown_freq/dataset/test/77GHz/Towards/04000000_1574696222_Raw_0.png,77GHz,Towards,6,ua_0000,04000000_1574696222_Raw_0.png,dataset/test/77GHz/Towards/04000000_1574696222_Raw_0.png,test,test,10,ua_0000|Towards|1574696222,ff72633af58de74e39104eb5e615e25df976adbeb9afcf0d3ee5a9bf268a89c2
tasks/known_people_unknown_freq/dataset/test/77GHz/Towards/04000000_1574696243_Raw_0.png,77GHz,Towards,6,ua_0000,04000000_1574696243_Raw_0.png,dataset/test/77GHz/Towards/04000000_1574696243_Raw_0.png,test,test,10,ua_0000|Towards|1574696243,4fd41bbee23de88e3f7121b8e711a2dfb12388c38621105e356de50eba3dee42
tasks/known_people_unknown_freq/dataset/test/77GHz/Towards/04000000_1574696261_Raw_0.png,77GHz,Towards,6,ua_0000,04000000_1574696261_Raw_0.png,dataset/test/77GHz/Towards/04000000_1574696261_Raw_0.png,test,test,10,ua_0000|Towards|1574696261,b16bbd0ad7c3c6fda70f6f7961aef9196e496a9bc837570b2b043b16e3e26d88
tasks/known_people_unknown_freq/dataset/test/77GHz/Towards/04000000_1574696280_Raw_0.png,77GHz,Towards,6,ua_0000,04000000_1574696280_Raw_0.png,dataset/test/77GHz/Towards/04000000_1574696280_Raw_0.png,test,test,10,ua_0000|Towards|1574696280,216d77571d4613fa1acc7457a43b7f1bbc481091567d4c4536f2b75ab10efb8c
tasks/known_people_unknown_freq/dataset/test/77GHz/Towards/04050010_1573836822_Raw_0.png,77GHz,Towards,6,ua_0010,04050010_1573836822_Raw_0.png,dataset/test/77GHz/Towards/04050010_1573836822_Raw_0.png,test,test,10,ua_0010|Towards|1573836822,2e68f5585a7af3731fb1e0a573e7aa7658062164a78dc4fdad2e2128f2203c4c
tasks/known_people_unknown_freq/dataset/test/77GHz/Towards/04050010_1573836864_Raw_0.png,77GHz,Towards,6,ua_0010,04050010_1573836864_Raw_0.png,dataset/test/77GHz/Towards/04050010_1573836864_Raw_0.png,test,test,10,ua_0010|Towards|1573836864,19094ad3405bfbd6de9beec80861960f83567cb5651172709b067b20c01b0638
tasks/known_people_unknown_freq/dataset/test/77GHz/Towards/04050010_1573836889_Raw_0.png,77GHz,Towards,6,ua_0010,04050010_1573836889_Raw_0.png,dataset/test/77GHz/Towards/04050010_1573836889_Raw_0.png,test,test,10,ua_0010|Towards|1573836889,6ff3f0ab8ab211b0a3f6ed648e77a8f6893acf90ed6a7dd16c790a0174e35d1d
tasks/known_people_unknown_freq/dataset/test/77GHz/Towards/04050010_1573836957_Raw_0.png,77GHz,Towards,6,ua_0010,04050010_1573836957_Raw_0.png,dataset/test/77GHz/Towards/04050010_1573836957_Raw_0.png,test,test,10,ua_0010|Towards|1573836957,5748c363891fa470de2576d4e9118216a6beabd73af739473b04d487cc99bf3f
tasks/known_people_unknown_freq/dataset/test/77GHz/Towards/04050010_1573836980_Raw_0.png,77GHz,Towards,6,ua_0010,04050010_1573836980_Raw_0.png,dataset/test/77GHz/Towards/04050010_1573836980_Raw_0.png,test,test,10,ua_0010|Towards|1573836980,5ab4a7089ce4a5ea5c58beac21e71ba75bda3b3751bd03ce367e03ede7eeefe2
tasks/known_people_unknown_freq/dataset/test/77GHz/Towards/04050010_1573837002_Raw_0.png,77GHz,Towards,6,ua_0010,04050010_1573837002_Raw_0.png,dataset/test/77GHz/Towards/04050010_1573837002_Raw_0.png,test,test,10,ua_0010|Towards|1573837002,2c14af40840ffb4d8648417e47f70052921d0800ae45c27eefc84c92fc9a920d
tasks/known_people_unknown_freq/dataset/test/77GHz/Towards/04050010_1573837024_Raw_0.png,77GHz,Towards,6,ua_0010,04050010_1573837024_Raw_0.png,dataset/test/77GHz/Towards/04050010_1573837024_Raw_0.png,test,test,10,ua_0010|Towards|1573837024,24f4cba069cf8a8bf229be2da10bf7d237be850051b48ceefb9cf4d6bf86aca5
tasks/known_people_unknown_freq/dataset/test/77GHz/Towards/04050010_1573837045_Raw_0.png,77GHz,Towards,6,ua_0010,04050010_1573837045_Raw_0.png,dataset/test/77GHz/Towards/04050010_1573837045_Raw_0.png,test,test,10,ua_0010|Towards|1573837045,152823b799700291a58b61deef596804710e93f9d16a5a902f5b826370030ef2
tasks/known_people_unknown_freq/dataset/test/77GHz/Towards/04050029_1574114240_Raw_0.png,77GHz,Towards,6,ua_0029,04050029_1574114240_Raw_0.png,dataset/test/77GHz/Towards/04050029_1574114240_Raw_0.png,test,test,10,ua_0029|Towards|1574114240,6bcf1576af106384c63e62667868e3e6a8eacb159fa8182237b7228376386e0d
tasks/known_people_unknown_freq/dataset/test/77GHz/Towards/04050029_1574114268_Raw_0.png,77GHz,Towards,6,ua_0029,04050029_1574114268_Raw_0.png,dataset/test/77GHz/Towards/04050029_1574114268_Raw_0.png,test,test,10,ua_0029|Towards|1574114268,b76740a08253786422665106af6c38c6defcf839c41168140c1715b76460da77
tasks/known_people_unknown_freq/dataset/test/77GHz/Towards/04050029_1574114447_Raw_0.png,77GHz,Towards,6,ua_0029,04050029_1574114447_Raw_0.png,dataset/test/77GHz/Towards/04050029_1574114447_Raw_0.png,test,test,10,ua_0029|Towards|1574114447,40daaac1d49c2632bcf1d5deaa2ac6662ad7120575636ebb3b3bd5c19d40aa92
tasks/known_people_unknown_freq/dataset/test/77GHz/Towards/04050029_1574114550_Raw_0.png,77GHz,Towards,6,ua_0029,04050029_1574114550_Raw_0.png,dataset/test/77GHz/Towards/04050029_1574114550_Raw_0.png,test,test,10,ua_0029|Towards|1574114550,a24ed22bce2907e87d16521eb80b3556a2bbf559c074e3cbb94053dfa9bca4e5
tasks/known_people_unknown_freq/dataset/test/77GHz/Towards/04050029_1574114569_Raw_0.png,77GHz,Towards,6,ua_0029,04050029_1574114569_Raw_0.png,dataset/test/77GHz/Towards/04050029_1574114569_Raw_0.png,test,test,10,ua_0029|Towards|1574114569,0d94b2d792aaf500ba746dd7076b9382e48b43e61219d1a357745961731edd4f
tasks/known_people_unknown_freq/dataset/test/77GHz/Towards/04050029_1574114588_Raw_0.png,77GHz,Towards,6,ua_0029,04050029_1574114588_Raw_0.png,dataset/test/77GHz/Towards/04050029_1574114588_Raw_0.png,test,test,10,ua_0029|Towards|1574114588,be3fc9f48e07efcef5a9c94fbf2d5b2622767b3cadeb0ba95b977b988de9da70
tasks/known_people_unknown_freq/dataset/test/77GHz/Towards/04050029_1574114606_Raw_0.png,77GHz,Towards,6,ua_0029,04050029_1574114606_Raw_0.png,dataset/test/77GHz/Towards/04050029_1574114606_Raw_0.png,test,test,10,ua_0029|Towards|1574114606,a7851283d981a3588d1290ebed488e4a1046cd67cd903cf9871ffa65c711383c
tasks/known_people_unknown_freq/dataset/test/77GHz/Towards/04050029_1574626039_Raw_0.png,77GHz,Towards,6,ua_0029,04050029_1574626039_Raw_0.png,dataset/test/77GHz/Towards/04050029_1574626039_Raw_0.png,test,test,10,ua_0029|Towards|1574626039,258420444275db1359c8d6d05e1fc3836b1ff30effc5654d77ce1ff1b7cd7e01
tasks/known_people_unknown_freq/dataset/test/77GHz/Towards/04050029_1574626109_Raw_0.png,77GHz,Towards,6,ua_0029,04050029_1574626109_Raw_0.png,dataset/test/77GHz/Towards/04050029_1574626109_Raw_0.png,test,test,10,ua_0029|Towards|1574626109,64e8d9c8eba65de7039633efda99ce8d9d2782a6a59f75c83d4d309538dbd2ae
tasks/known_people_unknown_freq/dataset/test/77GHz/Towards/04050029_1574626164_Raw_0.png,77GHz,Towards,6,ua_0029,04050029_1574626164_Raw_0.png,dataset/test/77GHz/Towards/04050029_1574626164_Raw_0.png,test,test,10,ua_0029|Towards|1574626164,f42939c0e38bb45ae707fa863b2031f52fff7c2b3e83f5903b9ad27a536d4284
tasks/known_people_unknown_freq/dataset/test/77GHz/Towards/04050029_1574626188_Raw_0.png,77GHz,Towards,6,ua_0029,04050029_1574626188_Raw_0.png,dataset/test/77GHz/Towards/04050029_1574626188_Raw_0.png,test,test,10,ua_0029|Towards|1574626188,1dc620f055e164c4c4a254feb9388b4b5eff22831cbdac99462f0a223c96f0b5
tasks/known_people_unknown_freq/dataset/test/77GHz/Towards/04050029_1574626210_Raw_0.png,77GHz,Towards,6,ua_0029,04050029_1574626210_Raw_0.png,dataset/test/77GHz/Towards/04050029_1574626210_Raw_0.png,test,test,10,ua_0029|Towards|1574626210,30a000fd3564a04af48063c20d35d96b552e7fde37348e0e0fd13cb7ec161c6a
tasks/known_people_unknown_freq/dataset/test/77GHz/Towards/04050029_1574626307_Raw_0.png,77GHz,Towards,6,ua_0029,04050029_1574626307_Raw_0.png,dataset/test/77GHz/Towards/04050029_1574626307_Raw_0.png,test,test,10,ua_0029|Towards|1574626307,010fde1c86007a3ca81fa222ebd89403afb272a3e3b1cfa675a9d3478c24ad01
tasks/known_people_unknown_freq/dataset/test/77GHz/Towards/04050029_1574626331_Raw_0.png,77GHz,Towards,6,ua_0029,04050029_1574626331_Raw_0.png,dataset/test/77GHz/Towards/04050029_1574626331_Raw_0.png,test,test,10,ua_0029|Towards|1574626331,b2a5f2661daedd0050d21538bbe8070100321215021fc2213b76e60cceb53125
tasks/known_people_unknown_freq/dataset/test/77GHz/Towards/04050029_1574626372_Raw_0.png,77GHz,Towards,6,ua_0029,04050029_1574626372_Raw_0.png,dataset/test/77GHz/Towards/04050029_1574626372_Raw_0.png,test,test,10,ua_0029|Towards|1574626372,c1600cfcf22e81c081c64675ecc5d917c5accf9bf752e322ef08e5fe8f858a5d
tasks/known_people_unknown_freq/dataset/test/77GHz/Towards/04050029_1574626392_Raw_0.png,77GHz,Towards,6,ua_0029,04050029_1574626392_Raw_0.png,dataset/test/77GHz/Towards/04050029_1574626392_Raw_0.png,test,test,10,ua_0029|Towards|1574626392,71c3dc214a707681247d3b3351558e6eaa0e2d2caac684b7b29ceed76258041a
tasks/known_people_unknown_freq/dataset/test/77GHz/Towards/04050030_1574193843_Raw_0.png,77GHz,Towards,6,ua_0030,04050030_1574193843_Raw_0.png,dataset/test/77GHz/Towards/04050030_1574193843_Raw_0.png,test,test,10,ua_0030|Towards|1574193843,88a244f6404bebee32c3cab9a38cec00cd955e31a0c9321bd0dfd18dece7aa5e
tasks/known_people_unknown_freq/dataset/test/77GHz/Towards/04050030_1574193880_Raw_0.png,77GHz,Towards,6,ua_0030,04050030_1574193880_Raw_0.png,dataset/test/77GHz/Towards/04050030_1574193880_Raw_0.png,test,test,10,ua_0030|Towards|1574193880,5ed039241d55fc1c3a8d4a4cd047b33d47bfc232a8b0a9301bf13baaa2abc7c2
tasks/known_people_unknown_freq/dataset/test/77GHz/Towards/04050030_1574193902_Raw_0.png,77GHz,Towards,6,ua_0030,04050030_1574193902_Raw_0.png,dataset/test/77GHz/Towards/04050030_1574193902_Raw_0.png,test,test,10,ua_0030|Towards|1574193902,3e8c65a7867aad0ffd400e184d7f14b14b2f6c1f8f98f06e4140a9f3649a9486
tasks/known_people_unknown_freq/dataset/test/77GHz/Towards/04050030_1574193925_Raw_0.png,77GHz,Towards,6,ua_0030,04050030_1574193925_Raw_0.png,dataset/test/77GHz/Towards/04050030_1574193925_Raw_0.png,test,test,10,ua_0030|Towards|1574193925,d4b0aeaeb18c91097c72967126f4414a1184eabd83ed59e10087744d8ca22979
tasks/known_people_unknown_freq/dataset/test/77GHz/Towards/04050030_1574193946_Raw_0.png,77GHz,Towards,6,ua_0030,04050030_1574193946_Raw_0.png,dataset/test/77GHz/Towards/04050030_1574193946_Raw_0.png,test,test,10,ua_0030|Towards|1574193946,b3b958b919cd0d8edd558fc0d2afb7367918986e0cb7e42b61319919fc0f06da
tasks/known_people_unknown_freq/dataset/test/77GHz/Towards/04050030_1574193984_Raw_0.png,77GHz,Towards,6,ua_0030,04050030_1574193984_Raw_0.png,dataset/test/77GHz/Towards/04050030_1574193984_Raw_0.png,test,test,10,ua_0030|Towards|1574193984,b75cb1c4a6075a2db982fee782c024ca76a46f92a96f0c50330409a0998cd28c
tasks/known_people_unknown_freq/dataset/test/77GHz/Towards/04050030_1574194013_Raw_0.png,77GHz,Towards,6,ua_0030,04050030_1574194013_Raw_0.png,dataset/test/77GHz/Towards/04050030_1574194013_Raw_0.png,test,test,10,ua_0030|Towards|1574194013,e92821461a248c0ca016fff1ae398384a973ebe49bcad54b205952d270143b56
tasks/known_people_unknown_freq/dataset/test/77GHz/Towards/04050030_1574194068_Raw_0.png,77GHz,Towards,6,ua_0030,04050030_1574194068_Raw_0.png,dataset/test/77GHz/Towards/04050030_1574194068_Raw_0.png,test,test,10,ua_0030|Towards|1574194068,7adb942d583c8b4d134845b2051d47b06ce74838e254cc1fd94c0d41587f1307
tasks/known_people_unknown_freq/dataset/test/77GHz/Towards/04050030_1574194145_Raw_0.png,77GHz,Towards,6,ua_0030,04050030_1574194145_Raw_0.png,dataset/test/77GHz/Towards/04050030_1574194145_Raw_0.png,test,test,10,ua_0030|Towards|1574194145,11f45201821f29c38d09d7f104146685f6b997507d0bae03b0083369aead3b48
tasks/known_people_unknown_freq/dataset/test/77GHz/Towards/04050030_1574456646_Raw_0.png,77GHz,Towards,6,ua_0030,04050030_1574456646_Raw_0.png,dataset/test/77GHz/Towards/04050030_1574456646_Raw_0.png,test,test,10,ua_0030|Towards|1574456646,b5b51b5ce78a0bd66ebf7897ff5e06f28ee4cf4dd349d1b1c4e3c0828c910826
tasks/known_people_unknown_freq/dataset/test/77GHz/Towards/04050030_1574456705_Raw_0.png,77GHz,Towards,6,ua_0030,04050030_1574456705_Raw_0.png,dataset/test/77GHz/Towards/04050030_1574456705_Raw_0.png,test,test,10,ua_0030|Towards|1574456705,72507c8e7d304fc8717b7498f51cb2731958a52629c41bb3ef0001d7bd32549e
tasks/known_people_unknown_freq/dataset/test/77GHz/Towards/04050030_1574456771_Raw_0.png,77GHz,Towards,6,ua_0030,04050030_1574456771_Raw_0.png,dataset/test/77GHz/Towards/04050030_1574456771_Raw_0.png,test,test,10,ua_0030|Towards|1574456771,21c0d25a4e649a1cf1d4217f68722ef85287b17a8bd923db0ac7f2747c6af84e
tasks/known_people_unknown_freq/dataset/test/77GHz/Towards/04050030_1574456812_Raw_0.png,77GHz,Towards,6,ua_0030,04050030_1574456812_Raw_0.png,dataset/test/77GHz/Towards/04050030_1574456812_Raw_0.png,test,test,10,ua_0030|Towards|1574456812,ca14867e0347a13606cda52248d5f9542364e65edd2cb17b65d9601d17319672
tasks/known_people_unknown_freq/dataset/test/77GHz/Towards/04050030_1574456837_Raw_0.png,77GHz,Towards,6,ua_0030,04050030_1574456837_Raw_0.png,dataset/test/77GHz/Towards/04050030_1574456837_Raw_0.png,test,test,10,ua_0030|Towards|1574456837,4f25bd76c5003b7c2c27f6b37af7632889c72f676aefbd7cc23db850d9b78a89
tasks/known_people_unknown_freq/dataset/test/77GHz/Towards/04050030_1574456859_Raw_0.png,77GHz,Towards,6,ua_0030,04050030_1574456859_Raw_0.png,dataset/test/77GHz/Towards/04050030_1574456859_Raw_0.png,test,test,10,ua_0030|Towards|1574456859,48dd70c87031af7b4b39eef111542df248d269c1f942424fcff7cbe7530e05fb
tasks/known_people_unknown_freq/dataset/test/77GHz/Towards/04050030_1574456906_Raw_0.png,77GHz,Towards,6,ua_0030,04050030_1574456906_Raw_0.png,dataset/test/77GHz/Towards/04050030_1574456906_Raw_0.png,test,test,10,ua_0030|Towards|1574456906,e06b588318f6c8cef8b1c2991c67548c1f2099cb87bc43343180efbcdde7931d
tasks/known_people_unknown_freq/dataset/train/24GHz/Away/01000000_1574696308_Spec.png,24GHz,Away,0,ua_0000,01000000_1574696308_Spec.png,dataset/train/24GHz/Away/01000000_1574696308_Spec.png,train,train,0,ua_0000|Away|1574696308,fc62bd59d67ef6d47ebc93ac55a964e2d8276e47a7f9db6f3dabe2940ab1de0d
tasks/known_people_unknown_freq/dataset/train/24GHz/Away/01060010_1573837135_Spec.png,24GHz,Away,0,ua_0010,01060010_1573837135_Spec.png,dataset/train/24GHz/Away/01060010_1573837135_Spec.png,train,train,0,ua_0010|Away|1573837135,5039329e041c1c59a9616975ebf7aea2fc5f384a7aac6dc0d64360d6db010c87
tasks/known_people_unknown_freq/dataset/train/24GHz/Away/01060010_1573837157_Spec.png,24GHz,Away,0,ua_0010,01060010_1573837157_Spec.png,dataset/train/24GHz/Away/01060010_1573837157_Spec.png,train,train,0,ua_0010|Away|1573837157,4dafd30e63dbf3b23b87d775a34225e796b3667387be21c785dc491ae6a55715
tasks/known_people_unknown_freq/dataset/train/24GHz/Away/01060010_1573837181_Spec.png,24GHz,Away,0,ua_0010,01060010_1573837181_Spec.png,dataset/train/24GHz/Away/01060010_1573837181_Spec.png,train,train,0,ua_0010|Away|1573837181,418aa4c51b75e0729658928f474595e2c32c667be81f47bd31dfae350d0ad1d5
tasks/known_people_unknown_freq/dataset/train/24GHz/Away/01060010_1573837204_Spec.png,24GHz,Away,0,ua_0010,01060010_1573837204_Spec.png,dataset/train/24GHz/Away/01060010_1573837204_Spec.png,train,train,0,ua_0010|Away|1573837204,35adece355eda67991c709769b2849d87acadafb1ac0f985c2bf7894620d86b5
tasks/known_people_unknown_freq/dataset/train/24GHz/Away/01060010_1573837276_Spec.png,24GHz,Away,0,ua_0010,01060010_1573837276_Spec.png,dataset/train/24GHz/Away/01060010_1573837276_Spec.png,train,train,0,ua_0010|Away|1573837276,fdecf2992c38d9cb5302ea81948ecaf653c877c52b6828073a298ee2ba0afc58
tasks/known_people_unknown_freq/dataset/train/24GHz/Away/01060010_1573837370_Spec.png,24GHz,Away,0,ua_0010,01060010_1573837370_Spec.png,dataset/train/24GHz/Away/01060010_1573837370_Spec.png,train,train,0,ua_0010|Away|1573837370,bbac5a0e055f18b87e499963335ac35e05cff0a72d59b659b19c953bc5e5d7db
tasks/known_people_unknown_freq/dataset/train/24GHz/Away/01060014_1574696370_Spec.png,24GHz,Away,0,ua_0014,01060014_1574696370_Spec.png,dataset/train/24GHz/Away/01060014_1574696370_Spec.png,train,train,0,ua_0014|Away|1574696370,762bd3c582dfef6365785b39368dc35335a1156c15a0ac7272302f7b296a4a9e
tasks/known_people_unknown_freq/dataset/train/24GHz/Away/01060014_1574696394_Spec.png,24GHz,Away,0,ua_0014,01060014_1574696394_Spec.png,dataset/train/24GHz/Away/01060014_1574696394_Spec.png,train,train,0,ua_0014|Away|1574696394,cc4dd5a3db42466e9afc01cbca023cf9c74bc9965877b5c42c0a29e7939e3c8a
tasks/known_people_unknown_freq/dataset/train/24GHz/Away/01060014_1574696433_Spec.png,24GHz,Away,0,ua_0014,01060014_1574696433_Spec.png,dataset/train/24GHz/Away/01060014_1574696433_Spec.png,train,train,0,ua_0014|Away|1574696433,9398c3fc0655e98666a22e5d0da4f9c751e62f0a707c81acc07fb121b5f5e57b
tasks/known_people_unknown_freq/dataset/train/24GHz/Away/01060014_1574696452_Spec.png,24GHz,Away,0,ua_0014,01060014_1574696452_Spec.png,dataset/train/24GHz/Away/01060014_1574696452_Spec.png,train,train,0,ua_0014|Away|1574696452,5d7e1e13f75d525c652ad6bbb84121a93cc45267046680a5c049c93e3cf26be7
tasks/known_people_unknown_freq/dataset/train/24GHz/Away/01060014_1574696470_Spec.png,24GHz,Away,0,ua_0014,01060014_1574696470_Spec.png,dataset/train/24GHz/Away/01060014_1574696470_Spec.png,train,train,0,ua_0014|Away|1574696470,4befe9855f92d3c0b73e89a363385b1a24045c82726f34ea47f4c9e294d2a9b7
tasks/known_people_unknown_freq/dataset/train/24GHz/Away/01060014_1574696490_Spec.png,24GHz,Away,0,ua_0014,01060014_1574696490_Spec.png,dataset/train/24GHz/Away/01060014_1574696490_Spec.png,train,train,0,ua_0014|Away|1574696490,a9306d5f8f1a79ae37de3110007fb16058bccdc36cc080525a48866fe1359031
tasks/known_people_unknown_freq/dataset/train/24GHz/Away/01060029_1574114705_Spec.png,24GHz,Away,0,ua_0029,01060029_1574114705_Spec.png,dataset/train/24GHz/Away/01060029_1574114705_Spec.png,train,train,0,ua_0029|Away|1574114705,976ddb2a7da5ad57bb20af3ba9ae3b9d4f412b68ff7fd1d3e74429ae04f95308
tasks/known_people_unknown_freq/dataset/train/24GHz/Away/01060029_1574114725_Spec.png,24GHz,Away,0,ua_0029,01060029_1574114725_Spec.png,dataset/train/24GHz/Away/01060029_1574114725_Spec.png,train,train,0,ua_0029|Away|1574114725,ce7073a31de110779bcbecb8b54f3402e7f0bfce061c6886f8fcbe8aa3c64559
tasks/known_people_unknown_freq/dataset/train/24GHz/Away/01060029_1574114751_Spec.png,24GHz,Away,0,ua_0029,01060029_1574114751_Spec.png,dataset/train/24GHz/Away/01060029_1574114751_Spec.png,train,train,0,ua_0029|Away|1574114751,049f364e15df8eb24d8cc9ed5542e9cbaeb64be2a0c534f08d9050ee1d13e279
tasks/known_people_unknown_freq/dataset/train/24GHz/Away/01060029_1574114789_Spec.png,24GHz,Away,0,ua_0029,01060029_1574114789_Spec.png,dataset/train/24GHz/Away/01060029_1574114789_Spec.png,train,train,0,ua_0029|Away|1574114789,3d26dfd03d4374b3f5373a52b5a2b7bbe2acfdf3693058668c42a3ca9127c48e
tasks/known_people_unknown_freq/dataset/train/24GHz/Away/01060029_1574114809_Spec.png,24GHz,Away,0,ua_0029,01060029_1574114809_Spec.png,dataset/train/24GHz/Away/01060029_1574114809_Spec.png,train,train,0,ua_0029|Away|1574114809,d3e3ffde4b9307d373c3e3842e7139643febf4ba913283449e80181001e64113
tasks/known_people_unknown_freq/dataset/train/24GHz/Away/01060029_1574114829_Spec.png,24GHz,Away,0,ua_0029,01060029_1574114829_Spec.png,dataset/train/24GHz/Away/01060029_1574114829_Spec.png,train,train,0,ua_0029|Away|1574114829,6ad8ec4ae4266f183c7969e572421209fc848d0888815dc4aa76dae3aafc5009
tasks/known_people_unknown_freq/dataset/train/24GHz/Away/01060029_1574114849_Spec.png,24GHz,Away,0,ua_0029,01060029_1574114849_Spec.png,dataset/train/24GHz/Away/01060029_1574114849_Spec.png,train,train,0,ua_0029|Away|1574114849,432a76a08965abb875b61cdd85e2ecbab63758568ed78e9edbc49e99cfdd58f9
tasks/known_people_unknown_freq/dataset/train/24GHz/Away/01060029_1574114867_Spec.png,24GHz,Away,0,ua_0029,01060029_1574114867_Spec.png,dataset/train/24GHz/Away/01060029_1574114867_Spec.png,train,train,0,ua_0029|Away|1574114867,00858252df52d22c73240aa50b09bed4809d6a796cabc875892f2cb5dd02d95f
tasks/known_people_unknown_freq/dataset/train/24GHz/Away/01060029_1574626448_Spec.png,24GHz,Away,0,ua_0029,01060029_1574626448_Spec.png,dataset/train/24GHz/Away/01060029_1574626448_Spec.png,train,train,0,ua_0029|Away|1574626448,dd65196744bccb0c6a076f1a5a148fd0a6ea7648bab22a05d08a1df02ab4d59a
tasks/known_people_unknown_freq/dataset/train/24GHz/Away/01060029_1574626687_Spec.png,24GHz,Away,0,ua_0029,01060029_1574626687_Spec.png,dataset/train/24GHz/Away/01060029_1574626687_Spec.png,train,train,0,ua_0029|Away|1574626687,6b9153e197aa9f686937fb8ba25320a915628ee9e10a7b32951234eb6cdfa5f1
tasks/known_people_unknown_freq/dataset/train/24GHz/Away/01060029_1574627039_Spec.png,24GHz,Away,0,ua_0029,01060029_1574627039_Spec.png,dataset/train/24GHz/Away/01060029_1574627039_Spec.png,train,train,0,ua_0029|Away|1574627039,548da5ec6bf19f317ae022126122df659d9de64678189036a73f6b5d472693d7
tasks/known_people_unknown_freq/dataset/train/24GHz/Away/01060029_1574627068_Spec.png,24GHz,Away,0,ua_0029,01060029_1574627068_Spec.png,dataset/train/24GHz/Away/01060029_1574627068_Spec.png,train,train,0,ua_0029|Away|1574627068,485b49f0dfdcaa09cee625dcb4a19f1aecbadd82be51201c17842e119fd9230e
tasks/known_people_unknown_freq/dataset/train/24GHz/Away/01060029_1574627087_Spec.png,24GHz,Away,0,ua_0029,01060029_1574627087_Spec.png,dataset/train/24GHz/Away/01060029_1574627087_Spec.png,train,train,0,ua_0029|Away|1574627087,87734c2e1681a910944e70973153a69e00964af320d152330cc11b729443d011
tasks/known_people_unknown_freq/dataset/train/24GHz/Away/01060029_1574627128_Spec.png,24GHz,Away,0,ua_0029,01060029_1574627128_Spec.png,dataset/train/24GHz/Away/01060029_1574627128_Spec.png,train,train,0,ua_0029|Away|1574627128,9037dafa8e5b29814d3d23a712d88d9f4d433125fbe0de39096a9dc20b3459b7
tasks/known_people_unknown_freq/dataset/train/24GHz/Away/01060029_1574627273_Spec.png,24GHz,Away,0,ua_0029,01060029_1574627273_Spec.png,dataset/train/24GHz/Away/01060029_1574627273_Spec.png,train,train,0,ua_0029|Away|1574627273,d7a56e37d141fa831f8ba4a1b1660469dc4483aa4adac6ed95545eae88efb2df
tasks/known_people_unknown_freq/dataset/train/24GHz/Away/01060030_1574194225_Spec.png,24GHz,Away,0,ua_0030,01060030_1574194225_Spec.png,dataset/val/24GHz/Away/01060030_1574194225_Spec.png,val,train,0,ua_0030|Away|1574194225,c9cf88904a3c7ebb17928472b4f228fbd8ed91857670229e1f07f7f4cf7cf4f1
tasks/known_people_unknown_freq/dataset/train/24GHz/Away/01060030_1574194249_Spec.png,24GHz,Away,0,ua_0030,01060030_1574194249_Spec.png,dataset/val/24GHz/Away/01060030_1574194249_Spec.png,val,train,0,ua_0030|Away|1574194249,d821d413f5a8f82f46edee68a93e9413f9db3632c02b8a188b9c2ebe6582d695
tasks/known_people_unknown_freq/dataset/train/24GHz/Away/01060030_1574194275_Spec.png,24GHz,Away,0,ua_0030,01060030_1574194275_Spec.png,dataset/val/24GHz/Away/01060030_1574194275_Spec.png,val,train,0,ua_0030|Away|1574194275,959cc6d36aabc87ad4c93a325bfcabd4f8c45147892960a56e6882b21660ea5d
tasks/known_people_unknown_freq/dataset/train/24GHz/Away/01060030_1574194298_Spec.png,24GHz,Away,0,ua_0030,01060030_1574194298_Spec.png,dataset/val/24GHz/Away/01060030_1574194298_Spec.png,val,train,0,ua_0030|Away|1574194298,04bd17435fb00421e080d9597c5868504bd919802c9d961f727b92451900ff11
tasks/known_people_unknown_freq/dataset/train/24GHz/Away/01060030_1574194345_Spec.png,24GHz,Away,0,ua_0030,01060030_1574194345_Spec.png,dataset/val/24GHz/Away/01060030_1574194345_Spec.png,val,train,0,ua_0030|Away|1574194345,1175670bc7600eb1d2b5b6f0021d189a0654bc5e7b80152ec7706661c9002a8a
tasks/known_people_unknown_freq/dataset/train/24GHz/Away/01060030_1574194369_Spec.png,24GHz,Away,0,ua_0030,01060030_1574194369_Spec.png,dataset/val/24GHz/Away/01060030_1574194369_Spec.png,val,train,0,ua_0030|Away|1574194369,91f667d2b1cd64a4246e4a953e3e8aedc58d30628fcbbb66cb9015309cfada98
tasks/known_people_unknown_freq/dataset/train/24GHz/Away/01060030_1574456948_Spec.png,24GHz,Away,0,ua_0030,01060030_1574456948_Spec.png,dataset/val/24GHz/Away/01060030_1574456948_Spec.png,val,train,0,ua_0030|Away|1574456948,cc90b1842a49f1236687bca2bedf4860853dd90c9e5e5e055bb80d932e159620
tasks/known_people_unknown_freq/dataset/train/24GHz/Away/01060030_1574457011_Spec.png,24GHz,Away,0,ua_0030,01060030_1574457011_Spec.png,dataset/val/24GHz/Away/01060030_1574457011_Spec.png,val,train,0,ua_0030|Away|1574457011,0bace6e5f22a32cae98e5222ad484260b29c2c9a16db22b2c096fdd7aadaa37c
tasks/known_people_unknown_freq/dataset/train/24GHz/Away/01060030_1574457052_Spec.png,24GHz,Away,0,ua_0030,01060030_1574457052_Spec.png,dataset/val/24GHz/Away/01060030_1574457052_Spec.png,val,train,0,ua_0030|Away|1574457052,878db845fc68e7bb69f3fb589bc101344fd3f981f0ce11bc23decaa48c6de1b3
tasks/known_people_unknown_freq/dataset/train/24GHz/Away/01060030_1574457074_Spec.png,24GHz,Away,0,ua_0030,01060030_1574457074_Spec.png,dataset/val/24GHz/Away/01060030_1574457074_Spec.png,val,train,0,ua_0030|Away|1574457074,0b9d132dfdd6a7e6371c7a00a478211725cf30f3e8673f221114a2e21186a1be
tasks/known_people_unknown_freq/dataset/train/24GHz/Away/01060030_1574457116_Spec.png,24GHz,Away,0,ua_0030,01060030_1574457116_Spec.png,dataset/val/24GHz/Away/01060030_1574457116_Spec.png,val,train,0,ua_0030|Away|1574457116,65ddc2f2d3f85992e277837306217d55e87e1b67f2eba92e0b8d2a7d4db54628
tasks/known_people_unknown_freq/dataset/train/24GHz/Away/01060030_1574457136_Spec.png,24GHz,Away,0,ua_0030,01060030_1574457136_Spec.png,dataset/val/24GHz/Away/01060030_1574457136_Spec.png,val,train,0,ua_0030|Away|1574457136,34e74c4678e48ad418a8e1e16ff3ec100202b86b272096169bf304e02b9f59b7
tasks/known_people_unknown_freq/dataset/train/24GHz/Bend/01080010_1573837709_Spec.png,24GHz,Bend,1,ua_0010,01080010_1573837709_Spec.png,dataset/train/24GHz/Bend/01080010_1573837709_Spec.png,train,train,1,ua_0010|Bend|1573837709,ed5a544b81541ef6099f1683a4acc2400b17d0fb5c2c7f9e7adf3202d7896936
tasks/known_people_unknown_freq/dataset/train/24GHz/Bend/01080010_1573837729_Spec.png,24GHz,Bend,1,ua_0010,01080010_1573837729_Spec.png,dataset/train/24GHz/Bend/01080010_1573837729_Spec.png,train,train,1,ua_0010|Bend|1573837729,05fc7646a1cc0cd3e8c122f3e0f94f2e92d686698799bb76f49a9e8a03cecf12
tasks/known_people_unknown_freq/dataset/train/24GHz/Bend/01080010_1573837767_Spec.png,24GHz,Bend,1,ua_0010,01080010_1573837767_Spec.png,dataset/train/24GHz/Bend/01080010_1573837767_Spec.png,train,train,1,ua_0010|Bend|1573837767,dbdef5a35a1d05ed4fd5eb3a3eb997757e2620f3574a825fc8156ca0efa6db7b
tasks/known_people_unknown_freq/dataset/train/24GHz/Bend/01080010_1573837785_Spec.png,24GHz,Bend,1,ua_0010,01080010_1573837785_Spec.png,dataset/train/24GHz/Bend/01080010_1573837785_Spec.png,train,train,1,ua_0010|Bend|1573837785,efd7c33f2e0af89b21020d907e4525bffd358863821efc6efbb349eec9f911b7
tasks/known_people_unknown_freq/dataset/train/24GHz/Bend/01080010_1573837803_Spec.png,24GHz,Bend,1,ua_0010,01080010_1573837803_Spec.png,dataset/train/24GHz/Bend/01080010_1573837803_Spec.png,train,train,1,ua_0010|Bend|1573837803,aa003fab9f213099c506c89cfc5cc3c2ea9d5ed6626eb8c24130fc08081b2d33
tasks/known_people_unknown_freq/dataset/train/24GHz/Bend/01080010_1573837916_Spec.png,24GHz,Bend,1,ua_0010,01080010_1573837916_Spec.png,dataset/train/24GHz/Bend/01080010_1573837916_Spec.png,train,train,1,ua_0010|Bend|1573837916,dacb806f484bbaad2399492ba1260e0bc4b03c3f59f8029f5cb2662eaaa81a8d
tasks/known_people_unknown_freq/dataset/train/24GHz/Bend/01080010_1573837944_Spec.png,24GHz,Bend,1,ua_0010,01080010_1573837944_Spec.png,dataset/train/24GHz/Bend/01080010_1573837944_Spec.png,train,train,1,ua_0010|Bend|1573837944,eb002a6352afe52a3464eef97199ae9d06233d24e2f8638b321364a79c1223eb
tasks/known_people_unknown_freq/dataset/train/24GHz/Bend/01080014_1574696766_Spec.png,24GHz,Bend,1,ua_0014,01080014_1574696766_Spec.png,dataset/train/24GHz/Bend/01080014_1574696766_Spec.png,train,train,1,ua_0014|Bend|1574696766,c64aaab6eb29d9565e2dc33aee6d02647be2c40a87a260b5722ebe4a0293e049
tasks/known_people_unknown_freq/dataset/train/24GHz/Bend/01080014_1574696820_Spec.png,24GHz,Bend,1,ua_0014,01080014_1574696820_Spec.png,dataset/train/24GHz/Bend/01080014_1574696820_Spec.png,train,train,1,ua_0014|Bend|1574696820,ba8cb1b4f0eed658aa5c67dbb0d2392f1854935326b30e17eafc79f3a691599a
tasks/known_people_unknown_freq/dataset/train/24GHz/Bend/01080014_1574696838_Spec.png,24GHz,Bend,1,ua_0014,01080014_1574696838_Spec.png,dataset/train/24GHz/Bend/01080014_1574696838_Spec.png,train,train,1,ua_0014|Bend|1574696838,cfc779873f01126bf8c8c8050ef3866a5fb43f1892a545036a563f07811e6f16
tasks/known_people_unknown_freq/dataset/train/24GHz/Bend/01080014_1574696856_Spec.png,24GHz,Bend,1,ua_0014,01080014_1574696856_Spec.png,dataset/train/24GHz/Bend/01080014_1574696856_Spec.png,train,train,1,ua_0014|Bend|1574696856,f06a006433b29e21c17b38d6ad59d169c9d89ccf43a8a2761fef7a17fa0ee442
tasks/known_people_unknown_freq/dataset/train/24GHz/Bend/01080014_1574696894_Spec.png,24GHz,Bend,1,ua_0014,01080014_1574696894_Spec.png,dataset/train/24GHz/Bend/01080014_1574696894_Spec.png,train,train,1,ua_0014|Bend|1574696894,68dd390e6fd1a5c876361cddc679672b5dbbbba21c4db516532abd3a33e0a36a
tasks/known_people_unknown_freq/dataset/train/24GHz/Bend/01080014_1574696941_Spec.png,24GHz,Bend,1,ua_0014,01080014_1574696941_Spec.png,dataset/train/24GHz/Bend/01080014_1574696941_Spec.png,train,train,1,ua_0014|Bend|1574696941,746fc147cfdad8a67a269a11e115768e34a1b5bb3a190f8cbc5a18cd4c6a92f5
tasks/known_people_unknown_freq/dataset/train/24GHz/Bend/01080029_1574115435_Spec.png,24GHz,Bend,1,ua_0029,01080029_1574115435_Spec.png,dataset/train/24GHz/Bend/01080029_1574115435_Spec.png,train,train,1,ua_0029|Bend|1574115435,0df94482d0800accd2646e4b422a436950b5fcea81b2b7745f116f8f30fcf8f9
tasks/known_people_unknown_freq/dataset/train/24GHz/Bend/01080029_1574115481_Spec.png,24GHz,Bend,1,ua_0029,01080029_1574115481_Spec.png,dataset/train/24GHz/Bend/01080029_1574115481_Spec.png,train,train,1,ua_0029|Bend|1574115481,4509d1450dba4eade90b0d4c282d531c2d3877ad7b8b79980c0a20bb1ad75f12
tasks/known_people_unknown_freq/dataset/train/24GHz/Bend/01080029_1574115504_Spec.png,24GHz,Bend,1,ua_0029,01080029_1574115504_Spec.png,dataset/train/24GHz/Bend/01080029_1574115504_Spec.png,train,train,1,ua_0029|Bend|1574115504,5f7b7f37825728ac898486568f132debd18444082fb69ff02aa6f846e3a36953
tasks/known_people_unknown_freq/dataset/train/24GHz/Bend/01080029_1574115523_Spec.png,24GHz,Bend,1,ua_0029,01080029_1574115523_Spec.png,dataset/train/24GHz/Bend/01080029_1574115523_Spec.png,train,train,1,ua_0029|Bend|1574115523,b708125770eca7346e673ab787590ef6001b614088bc478598dc12db2bdb056b
tasks/known_people_unknown_freq/dataset/train/24GHz/Bend/01080029_1574115541_Spec.png,24GHz,Bend,1,ua_0029,01080029_1574115541_Spec.png,dataset/train/24GHz/Bend/01080029_1574115541_Spec.png,train,train,1,ua_0029|Bend|1574115541,c44afc068907b0c11aeafca238a73c20c029d6ab99c91ecbc1327c57a6bfd64d
tasks/known_people_unknown_freq/dataset/train/24GHz/Bend/01080029_1574115561_Spec.png,24GHz,Bend,1,ua_0029,01080029_1574115561_Spec.png,dataset/train/24GHz/Bend/01080029_1574115561_Spec.png,train,train,1,ua_0029|Bend|1574115561,8d053b42c2ee6f6e35242d35a072a04df902c1e732e27a1d36a7b85278f49173
tasks/known_people_unknown_freq/dataset/train/24GHz/Bend/01080029_1574115580_Spec.png,24GHz,Bend,1,ua_0029,01080029_1574115580_Spec.png,dataset/train/24GHz/Bend/01080029_1574115580_Spec.png,train,train,1,ua_0029|Bend|1574115580,c23c0d731049bea9c4b4561695138787de6895f138b3ba19b00956c08c4f12ba
tasks/known_people_unknown_freq/dataset/train/24GHz/Bend/01080029_1574627830_Spec.png,24GHz,Bend,1,ua_0029,01080029_1574627830_Spec.png,dataset/train/24GHz/Bend/01080029_1574627830_Spec.png,train,train,1,ua_0029|Bend|1574627830,9016303892695179b4f522454afc636e775e34fe7e33e6bcec88d5d38b9c22bf
tasks/known_people_unknown_freq/dataset/train/24GHz/Bend/01080029_1574627848_Spec.png,24GHz,Bend,1,ua_0029,01080029_1574627848_Spec.png,dataset/train/24GHz/Bend/01080029_1574627848_Spec.png,train,train,1,ua_0029|Bend|1574627848,d8b82d1c7e4a8a89774122506466da4db43bc31f6764fbabd6e6ad3af0ac893e
tasks/known_people_unknown_freq/dataset/train/24GHz/Bend/01080029_1574627935_Spec.png,24GHz,Bend,1,ua_0029,01080029_1574627935_Spec.png,dataset/train/24GHz/Bend/01080029_1574627935_Spec.png,train,train,1,ua_0029|Bend|1574627935,1da2d670bfeffbe7138cc8eba85dcb863ce6dffd4d0b3df3bea166074c24c731
tasks/known_people_unknown_freq/dataset/train/24GHz/Bend/01080029_1574627986_Spec.png,24GHz,Bend,1,ua_0029,01080029_1574627986_Spec.png,dataset/train/24GHz/Bend/01080029_1574627986_Spec.png,train,train,1,ua_0029|Bend|1574627986,5d29f122ad79b2b4bf4553d68f1afb94f58ba0c475a80bfb2599d79a4c41df98
tasks/known_people_unknown_freq/dataset/train/24GHz/Bend/01080029_1574628024_Spec.png,24GHz,Bend,1,ua_0029,01080029_1574628024_Spec.png,dataset/train/24GHz/Bend/01080029_1574628024_Spec.png,train,train,1,ua_0029|Bend|1574628024,b281594f2f9ff400f4d97e4f179b9157acea36e7c68629103a1dd83ff3fbc841
tasks/known_people_unknown_freq/dataset/train/24GHz/Bend/01080029_1574628042_Spec.png,24GHz,Bend,1,ua_0029,01080029_1574628042_Spec.png,dataset/train/24GHz/Bend/01080029_1574628042_Spec.png,train,train,1,ua_0029|Bend|1574628042,e545a4a81a44ad0fd6079c6c6ff20ec50c978438f3495a6b58516a43e431436e
tasks/known_people_unknown_freq/dataset/train/24GHz/Bend/01080029_1574628060_Spec.png,24GHz,Bend,1,ua_0029,01080029_1574628060_Spec.png,dataset/train/24GHz/Bend/01080029_1574628060_Spec.png,train,train,1,ua_0029|Bend|1574628060,d69b1e54a138c192c32208d39dcfc4236ffe296ff8f8996ec29e411e91caeba7
tasks/known_people_unknown_freq/dataset/train/24GHz/Bend/01080030_1574194651_Spec.png,24GHz,Bend,1,ua_0030,01080030_1574194651_Spec.png,dataset/val/24GHz/Bend/01080030_1574194651_Spec.png,val,train,1,ua_0030|Bend|1574194651,3766b3cb77e00124b4c1466ca4c9f77bae4633a8c74c9ea15eb0eb6b543d49b9
tasks/known_people_unknown_freq/dataset/train/24GHz/Bend/01080030_1574194982_Spec.png,24GHz,Bend,1,ua_0030,01080030_1574194982_Spec.png,dataset/val/24GHz/Bend/01080030_1574194982_Spec.png,val,train,1,ua_0030|Bend|1574194982,51318d4a54a20cf6db509fc01d3a217a5bfe674adadde66e0aaeb5c1db7ee700
tasks/known_people_unknown_freq/dataset/train/24GHz/Bend/01080030_1574195000_Spec.png,24GHz,Bend,1,ua_0030,01080030_1574195000_Spec.png,dataset/val/24GHz/Bend/01080030_1574195000_Spec.png,val,train,1,ua_0030|Bend|1574195000,e5eb959c2e1835d0b975b43646033616543bd8295e582fdfdf42601804057f32
tasks/known_people_unknown_freq/dataset/train/24GHz/Bend/01080030_1574195019_Spec.png,24GHz,Bend,1,ua_0030,01080030_1574195019_Spec.png,dataset/val/24GHz/Bend/01080030_1574195019_Spec.png,val,train,1,ua_0030|Bend|1574195019,5c2ce1d3c709d730a60fd4575ae30c7f9a5aa5d39c1278a13930e3b002595bca
tasks/known_people_unknown_freq/dataset/train/24GHz/Bend/01080030_1574195038_Spec.png,24GHz,Bend,1,ua_0030,01080030_1574195038_Spec.png,dataset/val/24GHz/Bend/01080030_1574195038_Spec.png,val,train,1,ua_0030|Bend|1574195038,1459f42a982ad793574ea6942012d346218704b320e0402285f19d060ce0b346
tasks/known_people_unknown_freq/dataset/train/24GHz/Bend/01080030_1574457991_Spec.png,24GHz,Bend,1,ua_0030,01080030_1574457991_Spec.png,dataset/val/24GHz/Bend/01080030_1574457991_Spec.png,val,train,1,ua_0030|Bend|1574457991,abf511322c47bdf8a67f008c150f867f373869795031ec318593b17b395961f4
tasks/known_people_unknown_freq/dataset/train/24GHz/Bend/01080030_1574458043_Spec.png,24GHz,Bend,1,ua_0030,01080030_1574458043_Spec.png,dataset/val/24GHz/Bend/01080030_1574458043_Spec.png,val,train,1,ua_0030|Bend|1574458043,9e0436fbb7aa6c6d5ed4b922fcf5d57a9a4958b2209e7b36f7aceaca3ca857f7
tasks/known_people_unknown_freq/dataset/train/24GHz/Bend/01080030_1574458060_Spec.png,24GHz,Bend,1,ua_0030,01080030_1574458060_Spec.png,dataset/val/24GHz/Bend/01080030_1574458060_Spec.png,val,train,1,ua_0030|Bend|1574458060,279c39228ebed2028d088ad46a442902630722fdc0b7053d7ea3b1b733883300
tasks/known_people_unknown_freq/dataset/train/24GHz/Bend/01080030_1574458078_Spec.png,24GHz,Bend,1,ua_0030,01080030_1574458078_Spec.png,dataset/val/24GHz/Bend/01080030_1574458078_Spec.png,val,train,1,ua_0030|Bend|1574458078,cd87142615e71cbd2977a217f41adad1f052cf8a5723eec91a0ba2f7e76b27fd
tasks/known_people_unknown_freq/dataset/train/24GHz/Bend/01080030_1574458096_Spec.png,24GHz,Bend,1,ua_0030,01080030_1574458096_Spec.png,dataset/val/24GHz/Bend/01080030_1574458096_Spec.png,val,train,1,ua_0030|Bend|1574458096,121c761c40160e8e2ac126199567d8ab9933ae72c0047f03c1236be7622688a9
tasks/known_people_unknown_freq/dataset/train/24GHz/Bend/01080030_1574458114_Spec.png,24GHz,Bend,1,ua_0030,01080030_1574458114_Spec.png,dataset/val/24GHz/Bend/01080030_1574458114_Spec.png,val,train,1,ua_0030|Bend|1574458114,ca3ed1f5a7b6343d7120d468176e88f2ebbd37ebb843c36811db61e8295731f3
tasks/known_people_unknown_freq/dataset/train/24GHz/Bend/01080030_1574458139_Spec.png,24GHz,Bend,1,ua_0030,01080030_1574458139_Spec.png,dataset/val/24GHz/Bend/01080030_1574458139_Spec.png,val,train,1,ua_0030|Bend|1574458139,93ac91d5a4766f8d57570d296d6df8a128aa0afeacf982c6a6afd8cb7d6d7b56
tasks/known_people_unknown_freq/dataset/train/24GHz/Bend/01080030_1574458157_Spec.png,24GHz,Bend,1,ua_0030,01080030_1574458157_Spec.png,dataset/val/24GHz/Bend/01080030_1574458157_Spec.png,val,train,1,ua_0030|Bend|1574458157,799b4cecf248e32ff8b6a9e7c64821e85152da042761c7709027a426afac882b
tasks/known_people_unknown_freq/dataset/train/24GHz/Kneel/01100010_1573838410_Spec.png,24GHz,Kneel,2,ua_0010,01100010_1573838410_Spec.png,dataset/train/24GHz/Kneel/01100010_1573838410_Spec.png,train,train,3,ua_0010|Kneel|1573838410,f5c48e905e3f20bcd6c182bd792de39692d9c5de5cb37df51dbcc884303316d5
tasks/known_people_unknown_freq/dataset/train/24GHz/Kneel/01100010_1573838430_Spec.png,24GHz,Kneel,2,ua_0010,01100010_1573838430_Spec.png,dataset/train/24GHz/Kneel/01100010_1573838430_Spec.png,train,train,3,ua_0010|Kneel|1573838430,b0c6c5c8f49376b330ccbf12d3a836ba937c095b96871eff59063e0380924254
tasks/known_people_unknown_freq/dataset/train/24GHz/Kneel/01100010_1573838448_Spec.png,24GHz,Kneel,2,ua_0010,01100010_1573838448_Spec.png,dataset/train/24GHz/Kneel/01100010_1573838448_Spec.png,train,train,3,ua_0010|Kneel|1573838448,bc009e998b71ed0adc5d0f18000279e5e295709dcc327860f1b30ff4fe7ae99b
tasks/known_people_unknown_freq/dataset/train/24GHz/Kneel/01100010_1573838467_Spec.png,24GHz,Kneel,2,ua_0010,01100010_1573838467_Spec.png,dataset/train/24GHz/Kneel/01100010_1573838467_Spec.png,train,train,3,ua_0010|Kneel|1573838467,e89a4730be5142af4a39204e57a66e114fa50c8c1d96cbdde02962084b15c654
tasks/known_people_unknown_freq/dataset/train/24GHz/Kneel/01100010_1573838489_Spec.png,24GHz,Kneel,2,ua_0010,01100010_1573838489_Spec.png,dataset/train/24GHz/Kneel/01100010_1573838489_Spec.png,train,train,3,ua_0010|Kneel|1573838489,c10ed5ef2ecb502c1d1bbfb435be8aac20ac59c9c7653bc8149bcbaebf25b4d7
tasks/known_people_unknown_freq/dataset/train/24GHz/Kneel/01100010_1573838508_Spec.png,24GHz,Kneel,2,ua_0010,01100010_1573838508_Spec.png,dataset/train/24GHz/Kneel/01100010_1573838508_Spec.png,train,train,3,ua_0010|Kneel|1573838508,2f5e19b0a4e465b275ca1f211628e3f64918a82347a0b67b2873d7e241d3d926
tasks/known_people_unknown_freq/dataset/train/24GHz/Kneel/01100010_1573838526_Spec.png,24GHz,Kneel,2,ua_0010,01100010_1573838526_Spec.png,dataset/train/24GHz/Kneel/01100010_1573838526_Spec.png,train,train,3,ua_0010|Kneel|1573838526,c30d32881b8c9a1a60dec3538e749d8c4c305740bfcb1354bd8dd0814a9642b1
tasks/known_people_unknown_freq/dataset/train/24GHz/Kneel/01100010_1573838603_Spec.png,24GHz,Kneel,2,ua_0010,01100010_1573838603_Spec.png,dataset/train/24GHz/Kneel/01100010_1573838603_Spec.png,train,train,3,ua_0010|Kneel|1573838603,7d3b7ec822c80324be24576c8675241e6e06959dc0f5b668cbc537958b1a1ae0
tasks/known_people_unknown_freq/dataset/train/24GHz/Kneel/01100014_1574698067_Spec.png,24GHz,Kneel,2,ua_0014,01100014_1574698067_Spec.png,dataset/train/24GHz/Kneel/01100014_1574698067_Spec.png,train,train,3,ua_0014|Kneel|1574698067,a95ba94dbc038df0dc16133f7935880630e4be78e59217a41ae8302c0bed3ba1
tasks/known_people_unknown_freq/dataset/train/24GHz/Kneel/01100014_1574698089_Spec.png,24GHz,Kneel,2,ua_0014,01100014_1574698089_Spec.png,dataset/train/24GHz/Kneel/01100014_1574698089_Spec.png,train,train,3,ua_0014|Kneel|1574698089,b45cb8da0c68993c4a35a86bfc5ea00c2cdcddd045defb26f0a0c007b1db1273
tasks/known_people_unknown_freq/dataset/train/24GHz/Kneel/01100014_1574698108_Spec.png,24GHz,Kneel,2,ua_0014,01100014_1574698108_Spec.png,dataset/train/24GHz/Kneel/01100014_1574698108_Spec.png,train,train,3,ua_0014|Kneel|1574698108,1e6074d2acb799dcf6ba12ec82d66ed0aa472df930f54f6178e52b0c4163055b
tasks/known_people_unknown_freq/dataset/train/24GHz/Kneel/01100014_1574698127_Spec.png,24GHz,Kneel,2,ua_0014,01100014_1574698127_Spec.png,dataset/train/24GHz/Kneel/01100014_1574698127_Spec.png,train,train,3,ua_0014|Kneel|1574698127,16dd17743c1b03b4ff80772b0ef2f0e4887f30184186d4545eac6fdccc083bc5
tasks/known_people_unknown_freq/dataset/train/24GHz/Kneel/01100014_1574698165_Spec.png,24GHz,Kneel,2,ua_0014,01100014_1574698165_Spec.png,dataset/train/24GHz/Kneel/01100014_1574698165_Spec.png,train,train,3,ua_0014|Kneel|1574698165,6aa39b1638577f1843b11eeaa2dcf3c0da0aff7ce928d6be24215c051a9489be
tasks/known_people_unknown_freq/dataset/train/24GHz/Kneel/01100014_1574698222_Spec.png,24GHz,Kneel,2,ua_0014,01100014_1574698222_Spec.png,dataset/train/24GHz/Kneel/01100014_1574698222_Spec.png,train,train,3,ua_0014|Kneel|1574698222,8e11f6436af8bf15642056465bd5557b24101c8e8e31970b63002b7b36413649
tasks/known_people_unknown_freq/dataset/train/24GHz/Kneel/01100029_1574115983_Spec.png,24GHz,Kneel,2,ua_0029,01100029_1574115983_Spec.png,dataset/train/24GHz/Kneel/01100029_1574115983_Spec.png,train,train,3,ua_0029|Kneel|1574115983,4faac8bafdb12c748518364735a40a79af349fc68dd60df883b02ba44cf14065
tasks/known_people_unknown_freq/dataset/train/24GHz/Kneel/01100029_1574116001_Spec.png,24GHz,Kneel,2,ua_0029,01100029_1574116001_Spec.png,dataset/train/24GHz/Kneel/01100029_1574116001_Spec.png,train,train,3,ua_0029|Kneel|1574116001,9b4677275e958464f4f878ec48b261113e564e084d91e5b72358f172fa93f5ee
tasks/known_people_unknown_freq/dataset/train/24GHz/Kneel/01100029_1574116027_Spec.png,24GHz,Kneel,2,ua_0029,01100029_1574116027_Spec.png,dataset/train/24GHz/Kneel/01100029_1574116027_Spec.png,train,train,3,ua_0029|Kneel|1574116027,430172aad967653984f3e109b7a88f3b2a1d2a8e18718080257bbfa25ec57255
tasks/known_people_unknown_freq/dataset/train/24GHz/Kneel/01100029_1574116046_Spec.png,24GHz,Kneel,2,ua_0029,01100029_1574116046_Spec.png,dataset/train/24GHz/Kneel/01100029_1574116046_Spec.png,train,train,3,ua_0029|Kneel|1574116046,362c6c0a35373a70cbc67338480516aa246aae5582ef62db59eb1fa8d43096e8
tasks/known_people_unknown_freq/dataset/train/24GHz/Kneel/01100029_1574116083_Spec.png,24GHz,Kneel,2,ua_0029,01100029_1574116083_Spec.png,dataset/train/24GHz/Kneel/01100029_1574116083_Spec.png,train,train,3,ua_0029|Kneel|1574116083,805002dbfdf0f94f34f25baebc89d2c5dc5bef11b04d2025980f4ef7f6657861
tasks/known_people_unknown_freq/dataset/train/24GHz/Kneel/01100029_1574116122_Spec.png,24GHz,Kneel,2,ua_0029,01100029_1574116122_Spec.png,dataset/train/24GHz/Kneel/01100029_1574116122_Spec.png,train,train,3,ua_0029|Kneel|1574116122,f8d38b50016304f2a5ea1c7d1b68f44d651f9bfdf19980ff945446fb23897db7
tasks/known_people_unknown_freq/dataset/train/24GHz/Kneel/01100029_1574116141_Spec.png,24GHz,Kneel,2,ua_0029,01100029_1574116141_Spec.png,dataset/train/24GHz/Kneel/01100029_1574116141_Spec.png,train,train,3,ua_0029|Kneel|1574116141,3c147cf5d5246f97b84a376669e283b13e21a0e617a0eb5c1773720133399b12
tasks/known_people_unknown_freq/dataset/train/24GHz/Kneel/01100029_1574628503_Spec.png,24GHz,Kneel,2,ua_0029,01100029_1574628503_Spec.png,dataset/train/24GHz/Kneel/01100029_1574628503_Spec.png,train,train,3,ua_0029|Kneel|1574628503,eb5d5c09313e343a24e8f6a340e4a35d5e245376222d7cb1876ef56187d8b55d
tasks/known_people_unknown_freq/dataset/train/24GHz/Kneel/01100029_1574628560_Spec.png,24GHz,Kneel,2,ua_0029,01100029_1574628560_Spec.png,dataset/train/24GHz/Kneel/01100029_1574628560_Spec.png,train,train,3,ua_0029|Kneel|1574628560,3d9659ef75aba8c2787444457e4acd35239590b4b032c504136cc80cfff0c23b
tasks/known_people_unknown_freq/dataset/train/24GHz/Kneel/01100029_1574628579_Spec.png,24GHz,Kneel,2,ua_0029,01100029_1574628579_Spec.png,dataset/train/24GHz/Kneel/01100029_1574628579_Spec.png,train,train,3,ua_0029|Kneel|1574628579,eda6e2b574ed92b37413deb2eb82d199c90ce840cb2d10f9273ed12e2c18c538
tasks/known_people_unknown_freq/dataset/train/24GHz/Kneel/01100029_1574628616_Spec.png,24GHz,Kneel,2,ua_0029,01100029_1574628616_Spec.png,dataset/train/24GHz/Kneel/01100029_1574628616_Spec.png,train,train,3,ua_0029|Kneel|1574628616,45eff5e41a3d3c9c1acd6b5471c4d4055fdebba3e860c94e0e93e9c8bfe03ca7
tasks/known_people_unknown_freq/dataset/train/24GHz/Kneel/01100029_1574628634_Spec.png,24GHz,Kneel,2,ua_0029,01100029_1574628634_Spec.png,dataset/train/24GHz/Kneel/01100029_1574628634_Spec.png,train,train,3,ua_0029|Kneel|1574628634,d06ea0856dc0e07993c16c0ba4e7e910a57b257f6e45e6f466b58c6c2eb1d3a8
tasks/known_people_unknown_freq/dataset/train/24GHz/Kneel/01100029_1574628652_Spec.png,24GHz,Kneel,2,ua_0029,01100029_1574628652_Spec.png,dataset/train/24GHz/Kneel/01100029_1574628652_Spec.png,train,train,3,ua_0029|Kneel|1574628652,3020f2f129aa454d3d04d31a34b1ecc15d44c434a9e9036bdf5f3b154421794e
tasks/known_people_unknown_freq/dataset/train/24GHz/Kneel/01100030_1574195462_Spec.png,24GHz,Kneel,2,ua_0030,01100030_1574195462_Spec.png,dataset/val/24GHz/Kneel/01100030_1574195462_Spec.png,val,train,3,ua_0030|Kneel|1574195462,5ad53a05aa47984995240be07f1824432a47a1b79fd4a0b8bd61dd331e0175aa
tasks/known_people_unknown_freq/dataset/train/24GHz/Kneel/01100030_1574195482_Spec.png,24GHz,Kneel,2,ua_0030,01100030_1574195482_Spec.png,dataset/val/24GHz/Kneel/01100030_1574195482_Spec.png,val,train,3,ua_0030|Kneel|1574195482,5fa1e15c9237b1c1a652ebc406b9f34a61e2e50af45123aa9ea5c85dc14c09fa
tasks/known_people_unknown_freq/dataset/train/24GHz/Kneel/01100030_1574195502_Spec.png,24GHz,Kneel,2,ua_0030,01100030_1574195502_Spec.png,dataset/val/24GHz/Kneel/01100030_1574195502_Spec.png,val,train,3,ua_0030|Kneel|1574195502,67a7ddb601c1c59feef205bc8f4e7044dda60b7d1ff6bc34e509b2b5777edf64
tasks/known_people_unknown_freq/dataset/train/24GHz/Kneel/01100030_1574195520_Spec.png,24GHz,Kneel,2,ua_0030,01100030_1574195520_Spec.png,dataset/val/24GHz/Kneel/01100030_1574195520_Spec.png,val,train,3,ua_0030|Kneel|1574195520,5099fec9818e5244b38237383354690a7284f866fa35add4473a697d739d6d7a
tasks/known_people_unknown_freq/dataset/train/24GHz/Kneel/01100030_1574195557_Spec.png,24GHz,Kneel,2,ua_0030,01100030_1574195557_Spec.png,dataset/val/24GHz/Kneel/01100030_1574195557_Spec.png,val,train,3,ua_0030|Kneel|1574195557,7c36c744591c6b9732e4c49c2327bab63332cd38bdbad5d1aaad029697760652
tasks/known_people_unknown_freq/dataset/train/24GHz/Kneel/01100030_1574195578_Spec.png,24GHz,Kneel,2,ua_0030,01100030_1574195578_Spec.png,dataset/val/24GHz/Kneel/01100030_1574195578_Spec.png,val,train,3,ua_0030|Kneel|1574195578,dc9f11543f6ad0feba76d55697b1decdc9964196a1a5fec5c3e9cf7069793bd1
tasks/known_people_unknown_freq/dataset/train/24GHz/Kneel/01100030_1574195802_Spec.png,24GHz,Kneel,2,ua_0030,01100030_1574195802_Spec.png,dataset/val/24GHz/Kneel/01100030_1574195802_Spec.png,val,train,3,ua_0030|Kneel|1574195802,32600786d798ee4068b9f5ced40ddfecb5e76a37c7841e07305b8d5b58d8448d
tasks/known_people_unknown_freq/dataset/train/24GHz/Kneel/01100030_1574458850_Spec.png,24GHz,Kneel,2,ua_0030,01100030_1574458850_Spec.png,dataset/val/24GHz/Kneel/01100030_1574458850_Spec.png,val,train,3,ua_0030|Kneel|1574458850,6ce2b06a9fa2b3f494665403b3db524491d7c230fbe7744a724122d2e7fd866a
tasks/known_people_unknown_freq/dataset/train/24GHz/Kneel/01100030_1574458866_Spec.png,24GHz,Kneel,2,ua_0030,01100030_1574458866_Spec.png,dataset/val/24GHz/Kneel/01100030_1574458866_Spec.png,val,train,3,ua_0030|Kneel|1574458866,b58cbcbe20ef3e4615924d3c804b963894f36ff524291dbaf254608e700c2819
tasks/known_people_unknown_freq/dataset/train/24GHz/Kneel/01100030_1574458884_Spec.png,24GHz,Kneel,2,ua_0030,01100030_1574458884_Spec.png,dataset/val/24GHz/Kneel/01100030_1574458884_Spec.png,val,train,3,ua_0030|Kneel|1574458884,522ac7730ba0abd11ef9f488b7e52e457fa376ac1a8fdf03ced8dc5cb99dd4b7
tasks/known_people_unknown_freq/dataset/train/24GHz/Kneel/01100030_1574458902_Spec.png,24GHz,Kneel,2,ua_0030,01100030_1574458902_Spec.png,dataset/val/24GHz/Kneel/01100030_1574458902_Spec.png,val,train,3,ua_0030|Kneel|1574458902,f2f67368ac347184f362ba0e8af4718204ef5015051e3fb49ba040b71f9f353e
tasks/known_people_unknown_freq/dataset/train/24GHz/Kneel/01100030_1574458938_Spec.png,24GHz,Kneel,2,ua_0030,01100030_1574458938_Spec.png,dataset/val/24GHz/Kneel/01100030_1574458938_Spec.png,val,train,3,ua_0030|Kneel|1574458938,d79f51ebcd8057271aed0101e40111992f8093c8e6ae2063559950907fbf889e
tasks/known_people_unknown_freq/dataset/train/24GHz/Kneel/01100030_1574458991_Spec.png,24GHz,Kneel,2,ua_0030,01100030_1574458991_Spec.png,dataset/val/24GHz/Kneel/01100030_1574458991_Spec.png,val,train,3,ua_0030|Kneel|1574458991,a391ea99e7f34269d1487d5b975a8de2b3b26770f59639f01059ffcab0128468
tasks/known_people_unknown_freq/dataset/train/24GHz/Kneel/01100030_1574459016_Spec.png,24GHz,Kneel,2,ua_0030,01100030_1574459016_Spec.png,dataset/val/24GHz/Kneel/01100030_1574459016_Spec.png,val,train,3,ua_0030|Kneel|1574459016,38c18c44c3b5f775dfd2b86916e6ddb38189738ae24122569be9439cdfe8d4e8
tasks/known_people_unknown_freq/dataset/train/24GHz/Pick/01070010_1573837435_Spec.png,24GHz,Pick,3,ua_0010,01070010_1573837435_Spec.png,dataset/train/24GHz/Pick/01070010_1573837435_Spec.png,train,train,5,ua_0010|Pick|1573837435,98ff80cad403225cb72e77a3595e9b68a358a2a5c736f9ca53160f3c23289bf9
tasks/known_people_unknown_freq/dataset/train/24GHz/Pick/01070010_1573837456_Spec.png,24GHz,Pick,3,ua_0010,01070010_1573837456_Spec.png,dataset/train/24GHz/Pick/01070010_1573837456_Spec.png,train,train,5,ua_0010|Pick|1573837456,d1e1052bd803aaafa44173c40296489fbe97dddd1a0a55123c350ba199b7b551
tasks/known_people_unknown_freq/dataset/train/24GHz/Pick/01070010_1573837502_Spec.png,24GHz,Pick,3,ua_0010,01070010_1573837502_Spec.png,dataset/train/24GHz/Pick/01070010_1573837502_Spec.png,train,train,5,ua_0010|Pick|1573837502,98319522c1c5b311df676b58e134c41892c5b4642038cf68f322024c814d0068
tasks/known_people_unknown_freq/dataset/train/24GHz/Pick/01070010_1573837550_Spec.png,24GHz,Pick,3,ua_0010,01070010_1573837550_Spec.png,dataset/train/24GHz/Pick/01070010_1573837550_Spec.png,train,train,5,ua_0010|Pick|1573837550,9238bc08f11389969cc453ba37a48ba5aad57e3efea75ed00d2bbfbca2abe61b
tasks/known_people_unknown_freq/dataset/train/24GHz/Pick/01070010_1573837573_Spec.png,24GHz,Pick,3,ua_0010,01070010_1573837573_Spec.png,dataset/train/24GHz/Pick/01070010_1573837573_Spec.png,train,train,5,ua_0010|Pick|1573837573,372908c02304d36986980ba2986bd86e09d9f4db14b1377f7120b79250e4dcd1
tasks/known_people_unknown_freq/dataset/train/24GHz/Pick/01070010_1573837593_Spec.png,24GHz,Pick,3,ua_0010,01070010_1573837593_Spec.png,dataset/train/24GHz/Pick/01070010_1573837593_Spec.png,train,train,5,ua_0010|Pick|1573837593,9a08e1b01e76ba229ea1806c2b926465cbb06faeb700a1f0d81137172732aef7
tasks/known_people_unknown_freq/dataset/train/24GHz/Pick/01070010_1573837622_Spec.png,24GHz,Pick,3,ua_0010,01070010_1573837622_Spec.png,dataset/train/24GHz/Pick/01070010_1573837622_Spec.png,train,train,5,ua_0010|Pick|1573837622,b821d4f85d6bbae36e275ff2474d1d26ea9be81c7b69e62578b270b6b225524d
tasks/known_people_unknown_freq/dataset/train/24GHz/Pick/01070014_1574696560_Spec.png,24GHz,Pick,3,ua_0014,01070014_1574696560_Spec.png,dataset/train/24GHz/Pick/01070014_1574696560_Spec.png,train,train,5,ua_0014|Pick|1574696560,e5d488a5cd1b0683c1b75423e062efa63a2a9b300f8216cc7fa1479ca3e0b266
tasks/known_people_unknown_freq/dataset/train/24GHz/Pick/01070014_1574696618_Spec.png,24GHz,Pick,3,ua_0014,01070014_1574696618_Spec.png,dataset/train/24GHz/Pick/01070014_1574696618_Spec.png,train,train,5,ua_0014|Pick|1574696618,dacf749b4dfde081c8a0e75ab64c357776fbd7110bdbb4c20049ea3584a08d29
tasks/known_people_unknown_freq/dataset/train/24GHz/Pick/01070014_1574696638_Spec.png,24GHz,Pick,3,ua_0014,01070014_1574696638_Spec.png,dataset/train/24GHz/Pick/01070014_1574696638_Spec.png,train,train,5,ua_0014|Pick|1574696638,761218ea83fda96b79e4085835f752a29921d21075d1da2fd80af6b9524f6e39
tasks/known_people_unknown_freq/dataset/train/24GHz/Pick/01070014_1574696688_Spec.png,24GHz,Pick,3,ua_0014,01070014_1574696688_Spec.png,dataset/train/24GHz/Pick/01070014_1574696688_Spec.png,train,train,5,ua_0014|Pick|1574696688,deeed0ac30c27e115a19abfb6b75d681a44ff4624a455c4534d3d7b70046ac8f
tasks/known_people_unknown_freq/dataset/train/24GHz/Pick/01070014_1574696706_Spec.png,24GHz,Pick,3,ua_0014,01070014_1574696706_Spec.png,dataset/train/24GHz/Pick/01070014_1574696706_Spec.png,train,train,5,ua_0014|Pick|1574696706,edaa375bb5f7feaca66d452a9ace5c07db6365f80ee56610c2d5fafe40cada99
tasks/known_people_unknown_freq/dataset/train/24GHz/Pick/01070014_1574696727_Spec.png,24GHz,Pick,3,ua_0014,01070014_1574696727_Spec.png,dataset/train/24GHz/Pick/01070014_1574696727_Spec.png,train,train,5,ua_0014|Pick|1574696727,e66c871aff94e3a6d310cc46d205e2ad412f4f770489a1676bf121e2713b515f
tasks/known_people_unknown_freq/dataset/train/24GHz/Pick/01070029_1574115158_Spec.png,24GHz,Pick,3,ua_0029,01070029_1574115158_Spec.png,dataset/train/24GHz/Pick/01070029_1574115158_Spec.png,train,train,5,ua_0029|Pick|1574115158,b443f06747c92842d06975463e76ee030c2a16416c5e7015638043461846f212
tasks/known_people_unknown_freq/dataset/train/24GHz/Pick/01070029_1574115220_Spec.png,24GHz,Pick,3,ua_0029,01070029_1574115220_Spec.png,dataset/train/24GHz/Pick/01070029_1574115220_Spec.png,train,train,5,ua_0029|Pick|1574115220,f77963bcdd0aaf6cb6119cd4f2c8d7730f24e5a720124ae7a5717461cae404d2
tasks/known_people_unknown_freq/dataset/train/24GHz/Pick/01070029_1574115263_Spec.png,24GHz,Pick,3,ua_0029,01070029_1574115263_Spec.png,dataset/train/24GHz/Pick/01070029_1574115263_Spec.png,train,train,5,ua_0029|Pick|1574115263,65279cbb057ff046368ff9f8ac6ebcee93b3e1cc8107a7b5af4a48d80a947cc1
tasks/known_people_unknown_freq/dataset/train/24GHz/Pick/01070029_1574115281_Spec.png,24GHz,Pick,3,ua_0029,01070029_1574115281_Spec.png,dataset/train/24GHz/Pick/01070029_1574115281_Spec.png,train,train,5,ua_0029|Pick|1574115281,40ff4e4f30a53581a5eec37ccfb76e6f249aefd0814f62bece999e094b4663f8
tasks/known_people_unknown_freq/dataset/train/24GHz/Pick/01070029_1574115399_Spec.png,24GHz,Pick,3,ua_0029,01070029_1574115399_Spec.png,dataset/train/24GHz/Pick/01070029_1574115399_Spec.png,train,train,5,ua_0029|Pick|1574115399,b49d7fe04f0dbf4b498f528b44d609aebf108bd799123102e8fd0f080e28fdd7
tasks/known_people_unknown_freq/dataset/train/24GHz/Pick/01070029_1574627323_Spec.png,24GHz,Pick,3,ua_0029,01070029_1574627323_Spec.png,dataset/train/24GHz/Pick/01070029_1574627323_Spec.png,train,train,5,ua_0029|Pick|1574627323,e3478a767ff0084a91b1e0436b7a0d093593a58875c87e3c24a88130eb4ecfc1
tasks/known_people_unknown_freq/dataset/train/24GHz/Pick/01070029_1574627347_Spec.png,24GHz,Pick,3,ua_0029,01070029_1574627347_Spec.png,dataset/train/24GHz/Pick/01070029_1574627347_Spec.png,train,train,5,ua_0029|Pick|1574627347,b0242f7ea831a1d3f75a1fd23d104b3ad6bd4415ac1ee46187cc316924e5c9e5
tasks/known_people_unknown_freq/dataset/train/24GHz/Pick/01070029_1574627368_Spec.png,24GHz,Pick,3,ua_0029,01070029_1574627368_Spec.png,dataset/train/24GHz/Pick/01070029_1574627368_Spec.png,train,train,5,ua_0029|Pick|1574627368,807ba447536621dac1e050880472c987729577e53a7586cbfdc60bd7b924998b
tasks/known_people_unknown_freq/dataset/train/24GHz/Pick/01070029_1574627388_Spec.png,24GHz,Pick,3,ua_0029,01070029_1574627388_Spec.png,dataset/train/24GHz/Pick/01070029_1574627388_Spec.png,train,train,5,ua_0029|Pick|1574627388,bd2c69cfd074a6672f6cd977055c81b01697b7e6da5a816aa80eba21c1862597
tasks/known_people_unknown_freq/dataset/train/24GHz/Pick/01070029_1574627654_Spec.png,24GHz,Pick,3,ua_0029,01070029_1574627654_Spec.png,dataset/train/24GHz/Pick/01070029_1574627654_Spec.png,train,train,5,ua_0029|Pick|1574627654,10704e962a6c2330fb26fe1ca2ad6075c175b0cf4f4c2e8fab386db042ef67d8
tasks/known_people_unknown_freq/dataset/train/24GHz/Pick/01070029_1574627723_Spec.png,24GHz,Pick,3,ua_0029,01070029_1574627723_Spec.png,dataset/train/24GHz/Pick/01070029_1574627723_Spec.png,train,train,5,ua_0029|Pick|1574627723,30219c53be46ba48ad9d8092effb9a96d5244b52045c78aa4fed7c4e43b41071
tasks/known_people_unknown_freq/dataset/train/24GHz/Pick/01070029_1574627743_Spec.png,24GHz,Pick,3,ua_0029,01070029_1574627743_Spec.png,dataset/train/24GHz/Pick/01070029_1574627743_Spec.png,train,train,5,ua_0029|Pick|1574627743,3caeb4c2b862f3e25a14987ce0a84bd711c5267eba1eeff2f2aa1cfa1538ef15
tasks/known_people_unknown_freq/dataset/train/24GHz/Pick/01070030_1574194424_Spec.png,24GHz,Pick,3,ua_0030,01070030_1574194424_Spec.png,dataset/val/24GHz/Pick/01070030_1574194424_Spec.png,val,train,5,ua_0030|Pick|1574194424,ca7aad33227a92f5f1445881cc287b3498753c0992cd5c053d9b61048e51dd7a
tasks/known_people_unknown_freq/dataset/train/24GHz/Pick/01070030_1574194468_Spec.png,24GHz,Pick,3,ua_0030,01070030_1574194468_Spec.png,dataset/val/24GHz/Pick/01070030_1574194468_Spec.png,val,train,5,ua_0030|Pick|1574194468,d60f99938948825385d39d0ae9717097a702c66950ed22e8d4c64214320eb660
tasks/known_people_unknown_freq/dataset/train/24GHz/Pick/01070030_1574194488_Spec.png,24GHz,Pick,3,ua_0030,01070030_1574194488_Spec.png,dataset/val/24GHz/Pick/01070030_1574194488_Spec.png,val,train,5,ua_0030|Pick|1574194488,b169e263f2c49fe51bcb389a22c803b9bc91d71a5cde0532e8ea436df9e5ffbc
tasks/known_people_unknown_freq/dataset/train/24GHz/Pick/01070030_1574194508_Spec.png,24GHz,Pick,3,ua_0030,01070030_1574194508_Spec.png,dataset/val/24GHz/Pick/01070030_1574194508_Spec.png,val,train,5,ua_0030|Pick|1574194508,e326b7bc858644de3e55caef9ab4a7beacc6c628809f4fb081c36295b7354d6d
tasks/known_people_unknown_freq/dataset/train/24GHz/Pick/01070030_1574194528_Spec.png,24GHz,Pick,3,ua_0030,01070030_1574194528_Spec.png,dataset/val/24GHz/Pick/01070030_1574194528_Spec.png,val,train,5,ua_0030|Pick|1574194528,48022592a38fb2e46cebea500813718263e8e0b3fbbc04a7abd00eabf765e308
tasks/known_people_unknown_freq/dataset/train/24GHz/Pick/01070030_1574194547_Spec.png,24GHz,Pick,3,ua_0030,01070030_1574194547_Spec.png,dataset/val/24GHz/Pick/01070030_1574194547_Spec.png,val,train,5,ua_0030|Pick|1574194547,07c36c1c3262f5ac10e59e2f12b417f4e51924e83817b40c117d470f7ca280d2
tasks/known_people_unknown_freq/dataset/train/24GHz/Pick/01070030_1574457169_Spec.png,24GHz,Pick,3,ua_0030,01070030_1574457169_Spec.png,dataset/val/24GHz/Pick/01070030_1574457169_Spec.png,val,train,5,ua_0030|Pick|1574457169,ec1637c19891545d6044d1aacd78cf1ef8092013d75657a534aa152845622ac0
tasks/known_people_unknown_freq/dataset/train/24GHz/Pick/01070030_1574457212_Spec.png,24GHz,Pick,3,ua_0030,01070030_1574457212_Spec.png,dataset/val/24GHz/Pick/01070030_1574457212_Spec.png,val,train,5,ua_0030|Pick|1574457212,1c3b48dc500fa73efd822ff01270def97dbd1e1848619ce73a4bf6513be12ecb
tasks/known_people_unknown_freq/dataset/train/24GHz/Pick/01070030_1574457231_Spec.png,24GHz,Pick,3,ua_0030,01070030_1574457231_Spec.png,dataset/val/24GHz/Pick/01070030_1574457231_Spec.png,val,train,5,ua_0030|Pick|1574457231,3629e8bfd99b924a1e39f08e9bf52f1f4610ac8d870f9ed2a35985c484e83650
tasks/known_people_unknown_freq/dataset/train/24GHz/Pick/01070030_1574457253_Spec.png,24GHz,Pick,3,ua_0030,01070030_1574457253_Spec.png,dataset/val/24GHz/Pick/01070030_1574457253_Spec.png,val,train,5,ua_0030|Pick|1574457253,2083d3a0a7fc7f0ce6ebafebf10c378a0aacd2b661fc8f0ee9bb216c0a8d904b
tasks/known_people_unknown_freq/dataset/train/24GHz/Pick/01070030_1574457274_Spec.png,24GHz,Pick,3,ua_0030,01070030_1574457274_Spec.png,dataset/val/24GHz/Pick/01070030_1574457274_Spec.png,val,train,5,ua_0030|Pick|1574457274,a4a0e0a32f7d55698ecb25bf08700a87000bf8921698063b03fa5b831b90d723
tasks/known_people_unknown_freq/dataset/train/24GHz/Pick/01070030_1574457946_Spec.png,24GHz,Pick,3,ua_0030,01070030_1574457946_Spec.png,dataset/val/24GHz/Pick/01070030_1574457946_Spec.png,val,train,5,ua_0030|Pick|1574457946,2af10e780fbb4a59d232f6ffad08235ec24641f3d5434c14d8a12ca5e46a86e8
tasks/known_people_unknown_freq/dataset/train/24GHz/SStep/01180010_1573840267_Spec.png,24GHz,SStep,4,ua_0010,01180010_1573840267_Spec.png,dataset/train/24GHz/SStep/01180010_1573840267_Spec.png,train,train,6,ua_0010|SStep|1573840267,1e983cd0b7b30c83e647a9f794db9f076b682ed9e6f685508a2e58cc1e493566
tasks/known_people_unknown_freq/dataset/train/24GHz/SStep/01180010_1573840335_Spec.png,24GHz,SStep,4,ua_0010,01180010_1573840335_Spec.png,dataset/train/24GHz/SStep/01180010_1573840335_Spec.png,train,train,6,ua_0010|SStep|1573840335,a0d7cc3de939bcc84488be4f9cf14ae245f5e601d82bd3486b25d4c68153dea8
tasks/known_people_unknown_freq/dataset/train/24GHz/SStep/01180010_1573840358_Spec.png,24GHz,SStep,4,ua_0010,01180010_1573840358_Spec.png,dataset/train/24GHz/SStep/01180010_1573840358_Spec.png,train,train,6,ua_0010|SStep|1573840358,6e00ca7d0231eebf65864452a39a52d434423d2d77c55954c09fbd77945645d6
tasks/known_people_unknown_freq/dataset/train/24GHz/SStep/01180010_1573840396_Spec.png,24GHz,SStep,4,ua_0010,01180010_1573840396_Spec.png,dataset/train/24GHz/SStep/01180010_1573840396_Spec.png,train,train,6,ua_0010|SStep|1573840396,9113b1c2469526a31806e57863df1dfa8956a6ed6fd51c1c29a70ed93ca8c29b
tasks/known_people_unknown_freq/dataset/train/24GHz/SStep/01180010_1573840458_Spec.png,24GHz,SStep,4,ua_0010,01180010_1573840458_Spec.png,dataset/train/24GHz/SStep/01180010_1573840458_Spec.png,train,train,6,ua_0010|SStep|1573840458,05428ac386613baf32eb1a2c93e797026ff0c474ca0d7f66ac3b086a14fa3930
tasks/known_people_unknown_freq/dataset/train/24GHz/SStep/01180010_1573840477_Spec.png,24GHz,SStep,4,ua_0010,01180010_1573840477_Spec.png,dataset/train/24GHz/SStep/01180010_1573840477_Spec.png,train,train,6,ua_0010|SStep|1573840477,906f37f32daab33b51ca64ed525bc8f260bf18a0981a48cc00e7c349b6917345
tasks/known_people_unknown_freq/dataset/train/24GHz/SStep/01180014_1574699070_Spec.png,24GHz,SStep,4,ua_0014,01180014_1574699070_Spec.png,dataset/train/24GHz/SStep/01180014_1574699070_Spec.png,train,train,6,ua_0014|SStep|1574699070,55f4bebbd1030c65173c0b8b13224bf1e2feb45f9b37025620403e619c8afae4
tasks/known_people_unknown_freq/dataset/train/24GHz/SStep/01180014_1574699126_Spec.png,24GHz,SStep,4,ua_0014,01180014_1574699126_Spec.png,dataset/train/24GHz/SStep/01180014_1574699126_Spec.png,train,train,6,ua_0014|SStep|1574699126,40a5f98c45ecf33a45ecdd36d7bdc29f8066823efb90f3241e9083ef3e8ef08c
tasks/known_people_unknown_freq/dataset/train/24GHz/SStep/01180014_1574699146_Spec.png,24GHz,SStep,4,ua_0014,01180014_1574699146_Spec.png,dataset/train/24GHz/SStep/01180014_1574699146_Spec.png,train,train,6,ua_0014|SStep|1574699146,a97be1040f4b01463ea652a74f58d08f4db8d9c5712cb304de33eaa3991e3eaf
tasks/known_people_unknown_freq/dataset/train/24GHz/SStep/01180014_1574699191_Spec.png,24GHz,SStep,4,ua_0014,01180014_1574699191_Spec.png,dataset/train/24GHz/SStep/01180014_1574699191_Spec.png,train,train,6,ua_0014|SStep|1574699191,ff41dc813c8281e7b62933f32ee33eb5bfef011c9bee83cbfabb820e0846f63a
tasks/known_people_unknown_freq/dataset/train/24GHz/SStep/01180014_1574699211_Spec.png,24GHz,SStep,4,ua_0014,01180014_1574699211_Spec.png,dataset/train/24GHz/SStep/01180014_1574699211_Spec.png,train,train,6,ua_0014|SStep|1574699211,55a62af8d6477eb999a32a4b40444eb820d8ec7e022da949c4e71908a5b327fb
tasks/known_people_unknown_freq/dataset/train/24GHz/SStep/01180014_1574699251_Spec.png,24GHz,SStep,4,ua_0014,01180014_1574699251_Spec.png,dataset/train/24GHz/SStep/01180014_1574699251_Spec.png,train,train,6,ua_0014|SStep|1574699251,ee2884399cae7ff828dab5cf356198ea7490f49f9d4275901dae9599f3014898
tasks/known_people_unknown_freq/dataset/train/24GHz/SStep/01180029_1574117498_Spec.png,24GHz,SStep,4,ua_0029,01180029_1574117498_Spec.png,dataset/train/24GHz/SStep/01180029_1574117498_Spec.png,train,train,6,ua_0029|SStep|1574117498,12c0bf6406e6d330e1e392c527d4ef45c8c61e1b7db3dc1ce463d4841b5827a8
tasks/known_people_unknown_freq/dataset/train/24GHz/SStep/01180029_1574117555_Spec.png,24GHz,SStep,4,ua_0029,01180029_1574117555_Spec.png,dataset/train/24GHz/SStep/01180029_1574117555_Spec.png,train,train,6,ua_0029|SStep|1574117555,8e3d89b8c538c607c00121f10a5c7e0ed8dfad65ffe3b0dcb99d4a5f8e570f37
tasks/known_people_unknown_freq/dataset/train/24GHz/SStep/01180029_1574117573_Spec.png,24GHz,SStep,4,ua_0029,01180029_1574117573_Spec.png,dataset/train/24GHz/SStep/01180029_1574117573_Spec.png,train,train,6,ua_0029|SStep|1574117573,234d1462178af3a71b450c68c1d1cb9a6727ff7c26c298fb1b56b4abf8c5b6ec
tasks/known_people_unknown_freq/dataset/train/24GHz/SStep/01180029_1574117627_Spec.png,24GHz,SStep,4,ua_0029,01180029_1574117627_Spec.png,dataset/train/24GHz/SStep/01180029_1574117627_Spec.png,train,train,6,ua_0029|SStep|1574117627,7eb959e30b1255d00e9106550ab00b19edd28653c08d9b44c62b0c4afbb77ad2
tasks/known_people_unknown_freq/dataset/train/24GHz/SStep/01180029_1574117647_Spec.png,24GHz,SStep,4,ua_0029,01180029_1574117647_Spec.png,dataset/train/24GHz/SStep/01180029_1574117647_Spec.png,train,train,6,ua_0029|SStep|1574117647,4ab683c46c75c901b2eec9ef205d11d13d7793ad8dd11ead351ce452386fce4f
tasks/known_people_unknown_freq/dataset/train/24GHz/SStep/01180029_1574117666_Spec.png,24GHz,SStep,4,ua_0029,01180029_1574117666_Spec.png,dataset/train/24GHz/SStep/01180029_1574117666_Spec.png,train,train,6,ua_0029|SStep|1574117666,9bd19ca7b5391f0c6bf2cf41e6c28c544ab56f73e89c4e156b4feeeb7f17a2e5
tasks/known_people_unknown_freq/dataset/train/24GHz/SStep/01180029_1574629378_Spec.png,24GHz,SStep,4,ua_0029,01180029_1574629378_Spec.png,dataset/train/24GHz/SStep/01180029_1574629378_Spec.png,train,train,6,ua_0029|SStep|1574629378,0d7aaaf441705e84a184ad3732c7c538d4c696992b0e71989bf6a610cc253fc0
tasks/known_people_unknown_freq/dataset/train/24GHz/SStep/01180029_1574629397_Spec.png,24GHz,SStep,4,ua_0029,01180029_1574629397_Spec.png,dataset/train/24GHz/SStep/01180029_1574629397_Spec.png,train,train,6,ua_0029|SStep|1574629397,0d5d384503bc988f7ae931e4572a713e2d3215efcc2cdbeb49e2e49272c23fe9
tasks/known_people_unknown_freq/dataset/train/24GHz/SStep/01180029_1574629415_Spec.png,24GHz,SStep,4,ua_0029,01180029_1574629415_Spec.png,dataset/train/24GHz/SStep/01180029_1574629415_Spec.png,train,train,6,ua_0029|SStep|1574629415,f586571563f0abc4f17200176d9f2c50193953bff9756393d9b4b97e59b13f68
tasks/known_people_unknown_freq/dataset/train/24GHz/SStep/01180029_1574629474_Spec.png,24GHz,SStep,4,ua_0029,01180029_1574629474_Spec.png,dataset/train/24GHz/SStep/01180029_1574629474_Spec.png,train,train,6,ua_0029|SStep|1574629474,b953fe9fa1380d6f687b6cbbb2049f4b2c434427af457838d15f7a4ba158be9c
tasks/known_people_unknown_freq/dataset/train/24GHz/SStep/01180029_1574629512_Spec.png,24GHz,SStep,4,ua_0029,01180029_1574629512_Spec.png,dataset/train/24GHz/SStep/01180029_1574629512_Spec.png,train,train,6,ua_0029|SStep|1574629512,e2f3cdc3412f77952e782f6662769a6108651cd17e38c7a8d9d0e725075b3f48
tasks/known_people_unknown_freq/dataset/train/24GHz/SStep/01180029_1574629533_Spec.png,24GHz,SStep,4,ua_0029,01180029_1574629533_Spec.png,dataset/train/24GHz/SStep/01180029_1574629533_Spec.png,train,train,6,ua_0029|SStep|1574629533,fb7a773f2565aac81accc7781415ece1ff604a54fce853f07610215177e65013
tasks/known_people_unknown_freq/dataset/train/24GHz/SStep/01180029_1574629552_Spec.png,24GHz,SStep,4,ua_0029,01180029_1574629552_Spec.png,dataset/train/24GHz/SStep/01180029_1574629552_Spec.png,train,train,6,ua_0029|SStep|1574629552,58df792eeb569002ac7b989248f3321075288b1a6198a401a30abf13d79aac02
tasks/known_people_unknown_freq/dataset/train/24GHz/SStep/01180030_1574196864_Spec.png,24GHz,SStep,4,ua_0030,01180030_1574196864_Spec.png,dataset/val/24GHz/SStep/01180030_1574196864_Spec.png,val,train,6,ua_0030|SStep|1574196864,b77e169277ce605fe3a98d41eb52c3d36545313e5b227563e5cde49e6af9a09c
tasks/known_people_unknown_freq/dataset/train/24GHz/SStep/01180030_1574196927_Spec.png,24GHz,SStep,4,ua_0030,01180030_1574196927_Spec.png,dataset/val/24GHz/SStep/01180030_1574196927_Spec.png,val,train,6,ua_0030|SStep|1574196927,a3193aad08335f998516401e5fe3644d8bab146e4e299d7edcc50bdef810bbd0
tasks/known_people_unknown_freq/dataset/train/24GHz/SStep/01180030_1574196950_Spec.png,24GHz,SStep,4,ua_0030,01180030_1574196950_Spec.png,dataset/val/24GHz/SStep/01180030_1574196950_Spec.png,val,train,6,ua_0030|SStep|1574196950,4ea4c06d4dcb3b82b006ce3714b8f10304622dba39f0d6ccb53cf3b95cb93a04
tasks/known_people_unknown_freq/dataset/train/24GHz/SStep/01180030_1574196968_Spec.png,24GHz,SStep,4,ua_0030,01180030_1574196968_Spec.png,dataset/val/24GHz/SStep/01180030_1574196968_Spec.png,val,train,6,ua_0030|SStep|1574196968,cc846ee4953d9edf4672ecd800789a7b529bb90a8c6c4e87b0586de49d8cc964
tasks/known_people_unknown_freq/dataset/train/24GHz/SStep/01180030_1574196992_Spec.png,24GHz,SStep,4,ua_0030,01180030_1574196992_Spec.png,dataset/val/24GHz/SStep/01180030_1574196992_Spec.png,val,train,6,ua_0030|SStep|1574196992,2896732b858e33eba0640b474c67e7980f7198d48b636fc11c6d19f9e381900a
tasks/known_people_unknown_freq/dataset/train/24GHz/SStep/01180030_1574197013_Spec.png,24GHz,SStep,4,ua_0030,01180030_1574197013_Spec.png,dataset/val/24GHz/SStep/01180030_1574197013_Spec.png,val,train,6,ua_0030|SStep|1574197013,58945c474b44eac077b4f5cf9af445845387a3bdf1f102be001afd44af00cf12
tasks/known_people_unknown_freq/dataset/train/24GHz/SStep/01180030_1574197034_Spec.png,24GHz,SStep,4,ua_0030,01180030_1574197034_Spec.png,dataset/val/24GHz/SStep/01180030_1574197034_Spec.png,val,train,6,ua_0030|SStep|1574197034,39bb59a65791a598413bff8fa4b7957fb5a567dff36f0f5cc6b926c50b7e7db4
tasks/known_people_unknown_freq/dataset/train/24GHz/SStep/01180030_1574460138_Spec.png,24GHz,SStep,4,ua_0030,01180030_1574460138_Spec.png,dataset/val/24GHz/SStep/01180030_1574460138_Spec.png,val,train,6,ua_0030|SStep|1574460138,22d5d624ab4143ec41779b01d62404a98f2aa33bcded6a96c320fb8dcb0083aa
tasks/known_people_unknown_freq/dataset/train/24GHz/SStep/01180030_1574460157_Spec.png,24GHz,SStep,4,ua_0030,01180030_1574460157_Spec.png,dataset/val/24GHz/SStep/01180030_1574460157_Spec.png,val,train,6,ua_0030|SStep|1574460157,0fd1f9dfeaefe6039832d94f8aba41df585ccfc166f0fda5f671582c58a5eb99
tasks/known_people_unknown_freq/dataset/train/24GHz/SStep/01180030_1574460197_Spec.png,24GHz,SStep,4,ua_0030,01180030_1574460197_Spec.png,dataset/val/24GHz/SStep/01180030_1574460197_Spec.png,val,train,6,ua_0030|SStep|1574460197,cf9ea327c0296dead08a78253408a65e007534f20deec4bda352b088e0f8c438
tasks/known_people_unknown_freq/dataset/train/24GHz/SStep/01180030_1574460235_Spec.png,24GHz,SStep,4,ua_0030,01180030_1574460235_Spec.png,dataset/val/24GHz/SStep/01180030_1574460235_Spec.png,val,train,6,ua_0030|SStep|1574460235,231fbef108cde0ae925a0cf2b447057f9a25f378edc5a9ec1676f72ef65a1448
tasks/known_people_unknown_freq/dataset/train/24GHz/SStep/01180030_1574460254_Spec.png,24GHz,SStep,4,ua_0030,01180030_1574460254_Spec.png,dataset/val/24GHz/SStep/01180030_1574460254_Spec.png,val,train,6,ua_0030|SStep|1574460254,e8f3709d1159044b46e44986a3f50dfe9fb7df9f864b879418f6f55dcc25f319
tasks/known_people_unknown_freq/dataset/train/24GHz/SStep/01180030_1574460290_Spec.png,24GHz,SStep,4,ua_0030,01180030_1574460290_Spec.png,dataset/val/24GHz/SStep/01180030_1574460290_Spec.png,val,train,6,ua_0030|SStep|1574460290,59585776a1c4a013c63fda59647219374168764d606051baedd94b2e4b65edde
tasks/known_people_unknown_freq/dataset/train/24GHz/SStep/01180030_1574460680_Spec.png,24GHz,SStep,4,ua_0030,01180030_1574460680_Spec.png,dataset/val/24GHz/SStep/01180030_1574460680_Spec.png,val,train,6,ua_0030|SStep|1574460680,65b068f156e029bfdddfd19fce2c2d7c36f7c972e8e07757984eb70b82101339
tasks/known_people_unknown_freq/dataset/train/24GHz/Sit/01090010_1573837993_Spec.png,24GHz,Sit,5,ua_0010,01090010_1573837993_Spec.png,dataset/train/24GHz/Sit/01090010_1573837993_Spec.png,train,train,8,ua_0010|Sit|1573837993,d0b3685d747779d56f7d8b9c11a06abf74c2da9165b558ca70602cbe924cb09a
tasks/known_people_unknown_freq/dataset/train/24GHz/Sit/01090010_1573838030_Spec.png,24GHz,Sit,5,ua_0010,01090010_1573838030_Spec.png,dataset/train/24GHz/Sit/01090010_1573838030_Spec.png,train,train,8,ua_0010|Sit|1573838030,71bd1296617f81edff794885bd52c5ef271001f931029558c6f502c3b13147ef
tasks/known_people_unknown_freq/dataset/train/24GHz/Sit/01090010_1573838066_Spec.png,24GHz,Sit,5,ua_0010,01090010_1573838066_Spec.png,dataset/train/24GHz/Sit/01090010_1573838066_Spec.png,train,train,8,ua_0010|Sit|1573838066,8c5f185199ccc3aac556814ca3977f743bd914b5d0350cdbc0ed92a8fff843e5
tasks/known_people_unknown_freq/dataset/train/24GHz/Sit/01090010_1573838127_Spec.png,24GHz,Sit,5,ua_0010,01090010_1573838127_Spec.png,dataset/train/24GHz/Sit/01090010_1573838127_Spec.png,train,train,8,ua_0010|Sit|1573838127,a795a07052bc46075930569daed1ea9f778ec8819f4e2be9f435828aa0033808
tasks/known_people_unknown_freq/dataset/train/24GHz/Sit/01090010_1573838182_Spec.png,24GHz,Sit,5,ua_0010,01090010_1573838182_Spec.png,dataset/train/24GHz/Sit/01090010_1573838182_Spec.png,train,train,8,ua_0010|Sit|1573838182,1923499eaeea896b98f0620d1676c22f57de7f3671fb913def3c9dd9263e06d5
tasks/known_people_unknown_freq/dataset/train/24GHz/Sit/01090010_1573838334_Spec.png,24GHz,Sit,5,ua_0010,01090010_1573838334_Spec.png,dataset/train/24GHz/Sit/01090010_1573838334_Spec.png,train,train,8,ua_0010|Sit|1573838334,6d95b9e283a427764d0c15c8021f0b4bf451ade0be42a2f3d01dc99d05373825
tasks/known_people_unknown_freq/dataset/train/24GHz/Sit/01090014_1574696977_Spec.png,24GHz,Sit,5,ua_0014,01090014_1574696977_Spec.png,dataset/train/24GHz/Sit/01090014_1574696977_Spec.png,train,train,8,ua_0014|Sit|1574696977,421c0d5375c1d8e726610f07606d35b5200ff31f3fe243d052d980cf246fc091
tasks/known_people_unknown_freq/dataset/train/24GHz/Sit/01090014_1574697038_Spec.png,24GHz,Sit,5,ua_0014,01090014_1574697038_Spec.png,dataset/train/24GHz/Sit/01090014_1574697038_Spec.png,train,train,8,ua_0014|Sit|1574697038,0d220bbad846be6cd7212f42582ab5acf9cba6e39507bb290d98755828820744
tasks/known_people_unknown_freq/dataset/train/24GHz/Sit/01090014_1574697058_Spec.png,24GHz,Sit,5,ua_0014,01090014_1574697058_Spec.png,dataset/train/24GHz/Sit/01090014_1574697058_Spec.png,train,train,8,ua_0014|Sit|1574697058,54ba7622b7d9f74f7ebda1df382adfaa998530ce27f4be309e34db0358b4721f
tasks/known_people_unknown_freq/dataset/train/24GHz/Sit/01090014_1574697076_Spec.png,24GHz,Sit,5,ua_0014,01090014_1574697076_Spec.png,dataset/train/24GHz/Sit/01090014_1574697076_Spec.png,train,train,8,ua_0014|Sit|1574697076,baf823a38b78be4cba7ab4e580c7bdf36d6726851d071d1671b662b75f1c3d2f
tasks/known_people_unknown_freq/dataset/train/24GHz/Sit/01090014_1574697390_Spec.png,24GHz,Sit,5,ua_0014,01090014_1574697390_Spec.png,dataset/train/24GHz/Sit/01090014_1574697390_Spec.png,train,train,8,ua_0014|Sit|1574697390,a6ed66bba7d45f92dfad2583d47054705729d1b7d49bc828a2b9718fc12adc56
tasks/known_people_unknown_freq/dataset/train/24GHz/Sit/01090014_1574697493_Spec.png,24GHz,Sit,5,ua_0014,01090014_1574697493_Spec.png,dataset/train/24GHz/Sit/01090014_1574697493_Spec.png,train,train,8,ua_0014|Sit|1574697493,f8632701016d9c531a506a18193c4646765205fa41ee7ecd46588108ee882c88
tasks/known_people_unknown_freq/dataset/train/24GHz/Sit/01090014_1574697850_Spec.png,24GHz,Sit,5,ua_0014,01090014_1574697850_Spec.png,dataset/train/24GHz/Sit/01090014_1574697850_Spec.png,train,train,8,ua_0014|Sit|1574697850,c50abcca38a6958d5ef3e907e9c47d6b645f4eb235677e1c01a4e34bb90b0b54
tasks/known_people_unknown_freq/dataset/train/24GHz/Sit/01090014_1574697897_Spec.png,24GHz,Sit,5,ua_0014,01090014_1574697897_Spec.png,dataset/train/24GHz/Sit/01090014_1574697897_Spec.png,train,train,8,ua_0014|Sit|1574697897,dca53fd56792c0dc4e17e38c386587e526da466ecc904f7470d20c137dd8967c
tasks/known_people_unknown_freq/dataset/train/24GHz/Sit/01090014_1574697917_Spec.png,24GHz,Sit,5,ua_0014,01090014_1574697917_Spec.png,dataset/train/24GHz/Sit/01090014_1574697917_Spec.png,train,train,8,ua_0014|Sit|1574697917,373e147cf8097dcca97175f306f834cb51ab4e101f4bc20f93075e002c3e773a
tasks/known_people_unknown_freq/dataset/train/24GHz/Sit/01090014_1574697936_Spec.png,24GHz,Sit,5,ua_0014,01090014_1574697936_Spec.png,dataset/train/24GHz/Sit/01090014_1574697936_Spec.png,train,train,8,ua_0014|Sit|1574697936,e0718cfab9bd1bc5adbdff53c2b3e19e270a18c8c9f5702e8fe61af6884b79d3
tasks/known_people_unknown_freq/dataset/train/24GHz/Sit/01090014_1574697974_Spec.png,24GHz,Sit,5,ua_0014,01090014_1574697974_Spec.png,dataset/train/24GHz/Sit/01090014_1574697974_Spec.png,train,train,8,ua_0014|Sit|1574697974,3c1788a98ff2f2cae6a7203305380251ae8c4ff8c4ceb6db41f67eca88a79340
tasks/known_people_unknown_freq/dataset/train/24GHz/Sit/01090029_1574115686_Spec.png,24GHz,Sit,5,ua_0029,01090029_1574115686_Spec.png,dataset/train/24GHz/Sit/01090029_1574115686_Spec.png,train,train,8,ua_0029|Sit|1574115686,e9518e54351440c7211160f4187aef444f02889b68ca0cbc05615cf20e546a73
tasks/known_people_unknown_freq/dataset/train/24GHz/Sit/01090029_1574115726_Spec.png,24GHz,Sit,5,ua_0029,01090029_1574115726_Spec.png,dataset/train/24GHz/Sit/01090029_1574115726_Spec.png,train,train,8,ua_0029|Sit|1574115726,fc830cb9adcda86e22025d3adea6413cd7347933d26edf79061eeabe8e82a6b7
tasks/known_people_unknown_freq/dataset/train/24GHz/Sit/01090029_1574115784_Spec.png,24GHz,Sit,5,ua_0029,01090029_1574115784_Spec.png,dataset/train/24GHz/Sit/01090029_1574115784_Spec.png,train,train,8,ua_0029|Sit|1574115784,1b068bd525bb0dddbb2120364822e41565f01c842bab27a944498170343ff006
tasks/known_people_unknown_freq/dataset/train/24GHz/Sit/01090029_1574115803_Spec.png,24GHz,Sit,5,ua_0029,01090029_1574115803_Spec.png,dataset/train/24GHz/Sit/01090029_1574115803_Spec.png,train,train,8,ua_0029|Sit|1574115803,18ec2e1ecac6de400fc2d4b3dd0000fbf37fc91eb27328e25c92e52990913af0
tasks/known_people_unknown_freq/dataset/train/24GHz/Sit/01090029_1574115823_Spec.png,24GHz,Sit,5,ua_0029,01090029_1574115823_Spec.png,dataset/train/24GHz/Sit/01090029_1574115823_Spec.png,train,train,8,ua_0029|Sit|1574115823,cb9739d0b918c26ae3091ccde9a6389bb78be5ddbf858f1548f64c73d63a328a
tasks/known_people_unknown_freq/dataset/train/24GHz/Sit/01090029_1574628100_Spec.png,24GHz,Sit,5,ua_0029,01090029_1574628100_Spec.png,dataset/train/24GHz/Sit/01090029_1574628100_Spec.png,train,train,8,ua_0029|Sit|1574628100,fa5fe6c44a74274c9e19ba374004ca4f1240d3333678fa2617bf46a7332e1007
tasks/known_people_unknown_freq/dataset/train/24GHz/Sit/01090029_1574628120_Spec.png,24GHz,Sit,5,ua_0029,01090029_1574628120_Spec.png,dataset/train/24GHz/Sit/01090029_1574628120_Spec.png,train,train,8,ua_0029|Sit|1574628120,f8eea86f03400d1d822cbcf50de7cdd3378d22052b01567f7c2bf2663087eb5d
tasks/known_people_unknown_freq/dataset/train/24GHz/Sit/01090029_1574628141_Spec.png,24GHz,Sit,5,ua_0029,01090029_1574628141_Spec.png,dataset/train/24GHz/Sit/01090029_1574628141_Spec.png,train,train,8,ua_0029|Sit|1574628141,c0d2d5680ca411edfa598a104815ea6e3e074ef694b50372a31890f3129a6834
tasks/known_people_unknown_freq/dataset/train/24GHz/Sit/01090029_1574628160_Spec.png,24GHz,Sit,5,ua_0029,01090029_1574628160_Spec.png,dataset/train/24GHz/Sit/01090029_1574628160_Spec.png,train,train,8,ua_0029|Sit|1574628160,583df25eef3f023a2d4ed7ab68dfc178d5c271f3cc75d693dd3d0d419a202709
tasks/known_people_unknown_freq/dataset/train/24GHz/Sit/01090029_1574628246_Spec.png,24GHz,Sit,5,ua_0029,01090029_1574628246_Spec.png,dataset/train/24GHz/Sit/01090029_1574628246_Spec.png,train,train,8,ua_0029|Sit|1574628246,9f63747e2a6d7db2865f73d52e8c2bfbfb20a31d72063e4224b4c5216cfa53b9
tasks/known_people_unknown_freq/dataset/train/24GHz/Sit/01090029_1574628309_Spec.png,24GHz,Sit,5,ua_0029,01090029_1574628309_Spec.png,dataset/train/24GHz/Sit/01090029_1574628309_Spec.png,train,train,8,ua_0029|Sit|1574628309,5f039d435ae2559f4a869462182657df57310f9e44299ec8f8ffb31189e008f0
tasks/known_people_unknown_freq/dataset/train/24GHz/Sit/01090029_1574628343_Spec.png,24GHz,Sit,5,ua_0029,01090029_1574628343_Spec.png,dataset/train/24GHz/Sit/01090029_1574628343_Spec.png,train,train,8,ua_0029|Sit|1574628343,888ad00521e5b3682ae98bb6163ecba7990873da444eb25d3468fb7632657bd4
tasks/known_people_unknown_freq/dataset/train/24GHz/Sit/01090029_1574628440_Spec.png,24GHz,Sit,5,ua_0029,01090029_1574628440_Spec.png,dataset/train/24GHz/Sit/01090029_1574628440_Spec.png,train,train,8,ua_0029|Sit|1574628440,b1b9df53cbdc3306369f98140f0c691fe71d8a10c01336bb0d80ac1f991a946c
tasks/known_people_unknown_freq/dataset/train/24GHz/Sit/01090030_1574195230_Spec.png,24GHz,Sit,5,ua_0030,01090030_1574195230_Spec.png,dataset/val/24GHz/Sit/01090030_1574195230_Spec.png,val,train,8,ua_0030|Sit|1574195230,1bc52857df78ee059a6e4614f1197ce91a6ae8226599258ba3a6a3dd1d81cbe5
tasks/known_people_unknown_freq/dataset/train/24GHz/Sit/01090030_1574195254_Spec.png,24GHz,Sit,5,ua_0030,01090030_1574195254_Spec.png,dataset/val/24GHz/Sit/01090030_1574195254_Spec.png,val,train,8,ua_0030|Sit|1574195254,ebeb295fa6fba8804aeae0e1673d30244f7119ac963ba33449dcfdb84ffbb4b4
tasks/known_people_unknown_freq/dataset/train/24GHz/Sit/01090030_1574195274_Spec.png,24GHz,Sit,5,ua_0030,01090030_1574195274_Spec.png,dataset/val/24GHz/Sit/01090030_1574195274_Spec.png,val,train,8,ua_0030|Sit|1574195274,63cc3f04a64211b2b701823b300fdf20484b557d2f4117d29cc5e8800b5decee
tasks/known_people_unknown_freq/dataset/train/24GHz/Sit/01090030_1574195313_Spec.png,24GHz,Sit,5,ua_0030,01090030_1574195313_Spec.png,dataset/val/24GHz/Sit/01090030_1574195313_Spec.png,val,train,8,ua_0030|Sit|1574195313,8770a189c267a28d78d05cbd68b33e338bc53c0acc08a66a06fff659d109386d
tasks/known_people_unknown_freq/dataset/train/24GHz/Sit/01090030_1574195332_Spec.png,24GHz,Sit,5,ua_0030,01090030_1574195332_Spec.png,dataset/val/24GHz/Sit/01090030_1574195332_Spec.png,val,train,8,ua_0030|Sit|1574195332,e4add008ba67ebd06f6eb67b13dbac281294e121a22f6b4ff8ff94fa8b7388b3
tasks/known_people_unknown_freq/dataset/train/24GHz/Sit/01090030_1574195351_Spec.png,24GHz,Sit,5,ua_0030,01090030_1574195351_Spec.png,dataset/val/24GHz/Sit/01090030_1574195351_Spec.png,val,train,8,ua_0030|Sit|1574195351,0827d9357cde5863a429446044ad227ed2fa20835e1188eca35cf6b74a801aa5
tasks/known_people_unknown_freq/dataset/train/24GHz/Sit/01090030_1574195391_Spec.png,24GHz,Sit,5,ua_0030,01090030_1574195391_Spec.png,dataset/val/24GHz/Sit/01090030_1574195391_Spec.png,val,train,8,ua_0030|Sit|1574195391,16aa3b58d68f86f04325ffb817ae8cae2ca33ea679a1021807d9fb57d330787b
tasks/known_people_unknown_freq/dataset/train/24GHz/Sit/01090030_1574458188_Spec.png,24GHz,Sit,5,ua_0030,01090030_1574458188_Spec.png,dataset/val/24GHz/Sit/01090030_1574458188_Spec.png,val,train,8,ua_0030|Sit|1574458188,82984ba51292e80ff8e014de8215e3d30fccb73c9a3a3dacea56c562c2e6c75f
tasks/known_people_unknown_freq/dataset/train/24GHz/Sit/01090030_1574458265_Spec.png,24GHz,Sit,5,ua_0030,01090030_1574458265_Spec.png,dataset/val/24GHz/Sit/01090030_1574458265_Spec.png,val,train,8,ua_0030|Sit|1574458265,8510c7242bb96b29a3451884880ed62f4a037d8dba164624340d2f5255cfa549
tasks/known_people_unknown_freq/dataset/train/24GHz/Sit/01090030_1574458283_Spec.png,24GHz,Sit,5,ua_0030,01090030_1574458283_Spec.png,dataset/val/24GHz/Sit/01090030_1574458283_Spec.png,val,train,8,ua_0030|Sit|1574458283,825b166a0b843835177c668dc827c5789c53cbadc5e517f4ce3210e2576a04bd
tasks/known_people_unknown_freq/dataset/train/24GHz/Sit/01090030_1574458785_Spec.png,24GHz,Sit,5,ua_0030,01090030_1574458785_Spec.png,dataset/val/24GHz/Sit/01090030_1574458785_Spec.png,val,train,8,ua_0030|Sit|1574458785,6a04f2edce8a4ba01a4aa11a794d5bb60a21a5dec0c59cffbc2dd2930d753ec8
tasks/known_people_unknown_freq/dataset/train/24GHz/Towards/01000000_1574696136_Spec.png,24GHz,Towards,6,ua_0000,01000000_1574696136_Spec.png,dataset/train/24GHz/Towards/01000000_1574696136_Spec.png,train,train,10,ua_0000|Towards|1574696136,f1f4933857d1c2c92f035993b84188a1f32baf0dd4728ebe82c254e07127964e
tasks/known_people_unknown_freq/dataset/train/24GHz/Towards/01000000_1574696180_Spec.png,24GHz,Towards,6,ua_0000,01000000_1574696180_Spec.png,dataset/train/24GHz/Towards/01000000_1574696180_Spec.png,train,train,10,ua_0000|Towards|1574696180,fc9e552aeba7ac11d4c59119c070cf58446a237e66705850923f259aad1fe6db
tasks/known_people_unknown_freq/dataset/train/24GHz/Towards/01000000_1574696243_Spec.png,24GHz,Towards,6,ua_0000,01000000_1574696243_Spec.png,dataset/train/24GHz/Towards/01000000_1574696243_Spec.png,train,train,10,ua_0000|Towards|1574696243,f20a6a3f2165f23259929cc7b0103fcd82bb0b246c2908fb2bc622bfad19b175
tasks/known_people_unknown_freq/dataset/train/24GHz/Towards/01000000_1574696261_Spec.png,24GHz,Towards,6,ua_0000,01000000_1574696261_Spec.png,dataset/train/24GHz/Towards/01000000_1574696261_Spec.png,train,train,10,ua_0000|Towards|1574696261,10563ecd5398485a3dddc8b978e5eaf826c1c6bf5c241c136f0ab91e0879d603
tasks/known_people_unknown_freq/dataset/train/24GHz/Towards/01000000_1574696280_Spec.png,24GHz,Towards,6,ua_0000,01000000_1574696280_Spec.png,dataset/train/24GHz/Towards/01000000_1574696280_Spec.png,train,train,10,ua_0000|Towards|1574696280,8dd4d2bb44b09c5e7c4c0681952b08bcf6adeded19f171a8220bd068b5546c7b
tasks/known_people_unknown_freq/dataset/train/24GHz/Towards/01050010_1573836822_Spec.png,24GHz,Towards,6,ua_0010,01050010_1573836822_Spec.png,dataset/train/24GHz/Towards/01050010_1573836822_Spec.png,train,train,10,ua_0010|Towards|1573836822,d61baec41e453ce6037bb3c11d7a9747e6998e1987257f8f85acc3f0e7530a3f
tasks/known_people_unknown_freq/dataset/train/24GHz/Towards/01050010_1573836864_Spec.png,24GHz,Towards,6,ua_0010,01050010_1573836864_Spec.png,dataset/train/24GHz/Towards/01050010_1573836864_Spec.png,train,train,10,ua_0010|Towards|1573836864,73adf9c97748ffdafaa2c61831b7ca7f35b59fd7d7598273deb5f15b63a0d85d
tasks/known_people_unknown_freq/dataset/train/24GHz/Towards/01050010_1573836889_Spec.png,24GHz,Towards,6,ua_0010,01050010_1573836889_Spec.png,dataset/train/24GHz/Towards/01050010_1573836889_Spec.png,train,train,10,ua_0010|Towards|1573836889,09fd70f680c5623dc81b035c5e903d165bf817a5b2b0087c35cc267334be185f
tasks/known_people_unknown_freq/dataset/train/24GHz/Towards/01050010_1573837002_Spec.png,24GHz,Towards,6,ua_0010,01050010_1573837002_Spec.png,dataset/train/24GHz/Towards/01050010_1573837002_Spec.png,train,train,10,ua_0010|Towards|1573837002,c009798c1774fcd7cefc0c29751f2e3ae4e8f28104a75b9445464639f4ae2560
tasks/known_people_unknown_freq/dataset/train/24GHz/Towards/01050010_1573837024_Spec.png,24GHz,Towards,6,ua_0010,01050010_1573837024_Spec.png,dataset/train/24GHz/Towards/01050010_1573837024_Spec.png,train,train,10,ua_0010|Towards|1573837024,b0e9aef66e5dcda90f1f4de406d8a7bbbcaff8f76fe7c8746a2d4075d44e5fc5
tasks/known_people_unknown_freq/dataset/train/24GHz/Towards/01050010_1573837045_Spec.png,24GHz,Towards,6,ua_0010,01050010_1573837045_Spec.png,dataset/train/24GHz/Towards/01050010_1573837045_Spec.png,train,train,10,ua_0010|Towards|1573837045,3ccb9288db0bdef58d4446c5e7a6e686a97e6e1ef180c2720a6962bd703d9777
tasks/known_people_unknown_freq/dataset/train/24GHz/Towards/01050014_1574695845_Spec.png,24GHz,Towards,6,ua_0014,01050014_1574695845_Spec.png,dataset/train/24GHz/Towards/01050014_1574695845_Spec.png,train,train,10,ua_0014|Towards|1574695845,8853a4020e33ac4dcc3f6b4cd2000956e773f77b2c5ebbe9a83de1a33bc7e88e
tasks/known_people_unknown_freq/dataset/train/24GHz/Towards/01050029_1574114240_Spec.png,24GHz,Towards,6,ua_0029,01050029_1574114240_Spec.png,dataset/train/24GHz/Towards/01050029_1574114240_Spec.png,train,train,10,ua_0029|Towards|1574114240,794a87e0b6a4bc73bb34c5078ee96aa5316478ed0bc73d005f6bfedb507ed315
tasks/known_people_unknown_freq/dataset/train/24GHz/Towards/01050029_1574114268_Spec.png,24GHz,Towards,6,ua_0029,01050029_1574114268_Spec.png,dataset/train/24GHz/Towards/01050029_1574114268_Spec.png,train,train,10,ua_0029|Towards|1574114268,32cf399e429d12d6f43c7e1a95349ca56a52b1c5369c88aaf0916c28654e160a
tasks/known_people_unknown_freq/dataset/train/24GHz/Towards/01050029_1574114447_Spec.png,24GHz,Towards,6,ua_0029,01050029_1574114447_Spec.png,dataset/train/24GHz/Towards/01050029_1574114447_Spec.png,train,train,10,ua_0029|Towards|1574114447,8dd1e9e4c48c425a5947c301857153934a0ff2d79b3a5cef76c5bf04a214075c
tasks/known_people_unknown_freq/dataset/train/24GHz/Towards/01050029_1574114550_Spec.png,24GHz,Towards,6,ua_0029,01050029_1574114550_Spec.png,dataset/train/24GHz/Towards/01050029_1574114550_Spec.png,train,train,10,ua_0029|Towards|1574114550,36b6909e9d08f4d8e15eaae401cc50b18835b700dffa284e5175a148908a57fc
tasks/known_people_unknown_freq/dataset/train/24GHz/Towards/01050029_1574114569_Spec.png,24GHz,Towards,6,ua_0029,01050029_1574114569_Spec.png,dataset/train/24GHz/Towards/01050029_1574114569_Spec.png,train,train,10,ua_0029|Towards|1574114569,3e750e3268b096eda91b9a5a33425964745b91ffadaaf491fa097a9372096a7f
tasks/known_people_unknown_freq/dataset/train/24GHz/Towards/01050029_1574114588_Spec.png,24GHz,Towards,6,ua_0029,01050029_1574114588_Spec.png,dataset/train/24GHz/Towards/01050029_1574114588_Spec.png,train,train,10,ua_0029|Towards|1574114588,3df780c1fce664c3176bf01de9b7ddefd3d855ce695554fabd7090af6846864f
tasks/known_people_unknown_freq/dataset/train/24GHz/Towards/01050029_1574114606_Spec.png,24GHz,Towards,6,ua_0029,01050029_1574114606_Spec.png,dataset/train/24GHz/Towards/01050029_1574114606_Spec.png,train,train,10,ua_0029|Towards|1574114606,f6019076f43b412c00e8492d1925eaf46873556c204e30760c6666912f16610e
tasks/known_people_unknown_freq/dataset/train/24GHz/Towards/01050029_1574626109_Spec.png,24GHz,Towards,6,ua_0029,01050029_1574626109_Spec.png,dataset/train/24GHz/Towards/01050029_1574626109_Spec.png,train,train,10,ua_0029|Towards|1574626109,1e905e9cc75e9ed3ce2664254dde9f8cf197b08343eeb8ab78e92bc9ac17e588
tasks/known_people_unknown_freq/dataset/train/24GHz/Towards/01050029_1574626188_Spec.png,24GHz,Towards,6,ua_0029,01050029_1574626188_Spec.png,dataset/train/24GHz/Towards/01050029_1574626188_Spec.png,train,train,10,ua_0029|Towards|1574626188,2721ca989ccb692064612514b87672690f2324ab51bd1f8ffd9c335d923c63e2
tasks/known_people_unknown_freq/dataset/train/24GHz/Towards/01050029_1574626210_Spec.png,24GHz,Towards,6,ua_0029,01050029_1574626210_Spec.png,dataset/train/24GHz/Towards/01050029_1574626210_Spec.png,train,train,10,ua_0029|Towards|1574626210,67f780ca2500d093900dcc69b6448b901bbea892beb8264028098e2a9f35cf8a
tasks/known_people_unknown_freq/dataset/train/24GHz/Towards/01050029_1574626372_Spec.png,24GHz,Towards,6,ua_0029,01050029_1574626372_Spec.png,dataset/train/24GHz/Towards/01050029_1574626372_Spec.png,train,train,10,ua_0029|Towards|1574626372,c90c58208d37ff52fe9078ae1d8aac4f32ff6d21c7f78cfb9b68be4bd752f9e0
tasks/known_people_unknown_freq/dataset/train/24GHz/Towards/01050029_1574626392_Spec.png,24GHz,Towards,6,ua_0029,01050029_1574626392_Spec.png,dataset/train/24GHz/Towards/01050029_1574626392_Spec.png,train,train,10,ua_0029|Towards|1574626392,877bda37fa10a7e4c81291c1a40bd1883387e90e00735272e63e2f6b8053b2b7
tasks/known_people_unknown_freq/dataset/train/24GHz/Towards/01050030_1574193902_Spec.png,24GHz,Towards,6,ua_0030,01050030_1574193902_Spec.png,dataset/val/24GHz/Towards/01050030_1574193902_Spec.png,val,train,10,ua_0030|Towards|1574193902,887cef981ce03086f0a10b93f1adc1625d2c203fd5a3d1240b3e95fe8f0a9cce
tasks/known_people_unknown_freq/dataset/train/24GHz/Towards/01050030_1574193925_Spec.png,24GHz,Towards,6,ua_0030,01050030_1574193925_Spec.png,dataset/val/24GHz/Towards/01050030_1574193925_Spec.png,val,train,10,ua_0030|Towards|1574193925,7a4b187ead9ad503220acf23b58b0e51481782ee392842d8a8361a4d4e1c66de
tasks/known_people_unknown_freq/dataset/train/24GHz/Towards/01050030_1574193946_Spec.png,24GHz,Towards,6,ua_0030,01050030_1574193946_Spec.png,dataset/val/24GHz/Towards/01050030_1574193946_Spec.png,val,train,10,ua_0030|Towards|1574193946,2da10de744786a7f9ccb44a7714fd71d8a9bd5acf56743c18b9deb636f835427
tasks/known_people_unknown_freq/dataset/train/24GHz/Towards/01050030_1574193984_Spec.png,24GHz,Towards,6,ua_0030,01050030_1574193984_Spec.png,dataset/val/24GHz/Towards/01050030_1574193984_Spec.png,val,train,10,ua_0030|Towards|1574193984,111935357e261a05659ac5b670f8e447c682458a081f4b6ca3928a42a2be14bb
tasks/known_people_unknown_freq/dataset/train/24GHz/Towards/01050030_1574194013_Spec.png,24GHz,Towards,6,ua_0030,01050030_1574194013_Spec.png,dataset/val/24GHz/Towards/01050030_1574194013_Spec.png,val,train,10,ua_0030|Towards|1574194013,e3c8d4e18204eae733a7c7b7a2963491d56527cba81887f608e9f9247137831a
tasks/known_people_unknown_freq/dataset/train/24GHz/Towards/01050030_1574194068_Spec.png,24GHz,Towards,6,ua_0030,01050030_1574194068_Spec.png,dataset/val/24GHz/Towards/01050030_1574194068_Spec.png,val,train,10,ua_0030|Towards|1574194068,97415c4a4b7955ef41f705fc7960fb9180dd916270c779503f6111d6c9023da2
tasks/known_people_unknown_freq/dataset/train/24GHz/Towards/01050030_1574194145_Spec.png,24GHz,Towards,6,ua_0030,01050030_1574194145_Spec.png,dataset/val/24GHz/Towards/01050030_1574194145_Spec.png,val,train,10,ua_0030|Towards|1574194145,2129f5b8a95db5dd4881e98d31748af053bbf696e4f4b129de2d8fa9da507dec
tasks/known_people_unknown_freq/dataset/train/24GHz/Towards/01050030_1574456646_Spec.png,24GHz,Towards,6,ua_0030,01050030_1574456646_Spec.png,dataset/val/24GHz/Towards/01050030_1574456646_Spec.png,val,train,10,ua_0030|Towards|1574456646,664f721b42b1200e1c5e186a5d38ebde1f089993a91e28d4b049565efbba332d
tasks/known_people_unknown_freq/dataset/train/24GHz/Towards/01050030_1574456705_Spec.png,24GHz,Towards,6,ua_0030,01050030_1574456705_Spec.png,dataset/val/24GHz/Towards/01050030_1574456705_Spec.png,val,train,10,ua_0030|Towards|1574456705,0425e5da568b8b41f41497a2df5a3166bf8bcb2e2b544311b280cb9b889a85c7
tasks/known_people_unknown_freq/dataset/train/24GHz/Towards/01050030_1574456771_Spec.png,24GHz,Towards,6,ua_0030,01050030_1574456771_Spec.png,dataset/val/24GHz/Towards/01050030_1574456771_Spec.png,val,train,10,ua_0030|Towards|1574456771,939d0268c15b15192ddf0e27476240a3ee4d819d248e1adf69b920ff58a0f780
tasks/known_people_unknown_freq/dataset/train/24GHz/Towards/01050030_1574456812_Spec.png,24GHz,Towards,6,ua_0030,01050030_1574456812_Spec.png,dataset/val/24GHz/Towards/01050030_1574456812_Spec.png,val,train,10,ua_0030|Towards|1574456812,b005639b6a7bc773d685a47d0b256e466ad862e500771bb3a2e97ea9cff5fe66
tasks/known_people_unknown_freq/dataset/train/24GHz/Towards/01050030_1574456837_Spec.png,24GHz,Towards,6,ua_0030,01050030_1574456837_Spec.png,dataset/val/24GHz/Towards/01050030_1574456837_Spec.png,val,train,10,ua_0030|Towards|1574456837,3a6a3e6d5bb518e7860f80dba66d3e7a5003d39836b64cae5a7632683f28c3a2
tasks/known_people_unknown_freq/dataset/train/24GHz/Towards/01050030_1574456859_Spec.png,24GHz,Towards,6,ua_0030,01050030_1574456859_Spec.png,dataset/val/24GHz/Towards/01050030_1574456859_Spec.png,val,train,10,ua_0030|Towards|1574456859,671729f09b4da0b30e32ba6ea0f86c52c944198131452067f7718407ba5c5546
tasks/known_people_unknown_freq/dataset/train/24GHz/Towards/01050030_1574456906_Spec.png,24GHz,Towards,6,ua_0030,01050030_1574456906_Spec.png,dataset/val/24GHz/Towards/01050030_1574456906_Spec.png,val,train,10,ua_0030|Towards|1574456906,f3b051ab577e33295c477a69316bfa4cfc5eb050aa0a33c52dccffa1abd00c7f
tasks/known_people_unknown_freq/dataset/val/24GHz/Away/01060010_1573837114_Spec.png,24GHz,Away,0,ua_0010,01060010_1573837114_Spec.png,dataset/train/24GHz/Away/01060010_1573837114_Spec.png,train,val,0,ua_0010|Away|1573837114,5782150570a475808393d19408c96469f5689100fcd1f469c9d12dda0e78e5bd
tasks/known_people_unknown_freq/dataset/val/24GHz/Away/01060010_1573837254_Spec.png,24GHz,Away,0,ua_0010,01060010_1573837254_Spec.png,dataset/train/24GHz/Away/01060010_1573837254_Spec.png,train,val,0,ua_0010|Away|1573837254,5c0d6381822552d66f0956c6a9216bc54e0efb53e71177165656ba3f7b75145c
tasks/known_people_unknown_freq/dataset/val/24GHz/Away/01060029_1574114770_Spec.png,24GHz,Away,0,ua_0029,01060029_1574114770_Spec.png,dataset/train/24GHz/Away/01060029_1574114770_Spec.png,train,val,0,ua_0029|Away|1574114770,7b608e37ef0e807b7a719ba490fae370132741ff440818804130c9a293fc06ae
tasks/known_people_unknown_freq/dataset/val/24GHz/Away/01060029_1574627154_Spec.png,24GHz,Away,0,ua_0029,01060029_1574627154_Spec.png,dataset/train/24GHz/Away/01060029_1574627154_Spec.png,train,val,0,ua_0029|Away|1574627154,e5e45ce0e4a8785ebae760b595a23bd7d32a315163b95b8a23b42c6484964f95
tasks/known_people_unknown_freq/dataset/val/24GHz/Away/01060030_1574194179_Spec.png,24GHz,Away,0,ua_0030,01060030_1574194179_Spec.png,dataset/val/24GHz/Away/01060030_1574194179_Spec.png,val,val,0,ua_0030|Away|1574194179,4cfc7bfef38c6bbb1a5edeff5b8a97bee5f3de777201a0990051c14ad710bb9e
tasks/known_people_unknown_freq/dataset/val/24GHz/Away/01060030_1574194202_Spec.png,24GHz,Away,0,ua_0030,01060030_1574194202_Spec.png,dataset/val/24GHz/Away/01060030_1574194202_Spec.png,val,val,0,ua_0030|Away|1574194202,b899ceb5e9a171e49da91449defa4759a9f2db6f3c19daea583f5270d16746ba
tasks/known_people_unknown_freq/dataset/val/24GHz/Away/01060030_1574194391_Spec.png,24GHz,Away,0,ua_0030,01060030_1574194391_Spec.png,dataset/val/24GHz/Away/01060030_1574194391_Spec.png,val,val,0,ua_0030|Away|1574194391,87a24b4a4e8b58052fff2bd0db7b70ffd8c825ac9cd62994ef3a1298bd1304be
tasks/known_people_unknown_freq/dataset/val/24GHz/Away/01060030_1574456989_Spec.png,24GHz,Away,0,ua_0030,01060030_1574456989_Spec.png,dataset/val/24GHz/Away/01060030_1574456989_Spec.png,val,val,0,ua_0030|Away|1574456989,66a853421cbd47672e2059f208c0c5d20c90f5c6fe0645bae35da351a3b4f668
tasks/known_people_unknown_freq/dataset/val/24GHz/Bend/01080010_1573837689_Spec.png,24GHz,Bend,1,ua_0010,01080010_1573837689_Spec.png,dataset/train/24GHz/Bend/01080010_1573837689_Spec.png,train,val,1,ua_0010|Bend|1573837689,4d6c60898aa6acb86b7b729ca22181e08e9867b146f877ade081c47e86b32b43
tasks/known_people_unknown_freq/dataset/val/24GHz/Bend/01080014_1574696801_Spec.png,24GHz,Bend,1,ua_0014,01080014_1574696801_Spec.png,dataset/train/24GHz/Bend/01080014_1574696801_Spec.png,train,val,1,ua_0014|Bend|1574696801,27c08af35983bbee4427ba200ac60e8356430dd085bf6d9a3e87a5f431ffa815
tasks/known_people_unknown_freq/dataset/val/24GHz/Bend/01080029_1574627793_Spec.png,24GHz,Bend,1,ua_0029,01080029_1574627793_Spec.png,dataset/train/24GHz/Bend/01080029_1574627793_Spec.png,train,val,1,ua_0029|Bend|1574627793,83431cb3a02611ad9308ef938fc34959287af67a55689355c606fcd7122cc8a8
tasks/known_people_unknown_freq/dataset/val/24GHz/Bend/01080029_1574627879_Spec.png,24GHz,Bend,1,ua_0029,01080029_1574627879_Spec.png,dataset/train/24GHz/Bend/01080029_1574627879_Spec.png,train,val,1,ua_0029|Bend|1574627879,6e6154fc60d2522bc09987d1374a5a10d4723bd849230ba8fa72f5088ae71ee4
tasks/known_people_unknown_freq/dataset/val/24GHz/Bend/01080029_1574627955_Spec.png,24GHz,Bend,1,ua_0029,01080029_1574627955_Spec.png,dataset/train/24GHz/Bend/01080029_1574627955_Spec.png,train,val,1,ua_0029|Bend|1574627955,3f766449ded56240b4e6df4bb9986ced1b0b0b1518811b51670cf9df67f7934f
tasks/known_people_unknown_freq/dataset/val/24GHz/Bend/01080029_1574628005_Spec.png,24GHz,Bend,1,ua_0029,01080029_1574628005_Spec.png,dataset/train/24GHz/Bend/01080029_1574628005_Spec.png,train,val,1,ua_0029|Bend|1574628005,3f9d128ca1feaa7ea9cb658508b82318707752c596f1fd8a2a94694652a9ec44
tasks/known_people_unknown_freq/dataset/val/24GHz/Bend/01080030_1574194672_Spec.png,24GHz,Bend,1,ua_0030,01080030_1574194672_Spec.png,dataset/val/24GHz/Bend/01080030_1574194672_Spec.png,val,val,1,ua_0030|Bend|1574194672,0fdf74323ec0c715c7560d3666383e5c61748c60b282d2aa11d0259fc2bd10a4
tasks/known_people_unknown_freq/dataset/val/24GHz/Bend/01080030_1574194713_Spec.png,24GHz,Bend,1,ua_0030,01080030_1574194713_Spec.png,dataset/val/24GHz/Bend/01080030_1574194713_Spec.png,val,val,1,ua_0030|Bend|1574194713,b01e023eb9543a6f018d0bba7d66669bfbf51442ef1d74e4e36de1b23294bf3e
tasks/known_people_unknown_freq/dataset/val/24GHz/Bend/01080030_1574195059_Spec.png,24GHz,Bend,1,ua_0030,01080030_1574195059_Spec.png,dataset/val/24GHz/Bend/01080030_1574195059_Spec.png,val,val,1,ua_0030|Bend|1574195059,255638e5a75bdceabcd9ed54db9bb188960b4d0ebcfec6d10aa420843e366cf5
tasks/known_people_unknown_freq/dataset/val/24GHz/Bend/01080030_1574458011_Spec.png,24GHz,Bend,1,ua_0030,01080030_1574458011_Spec.png,dataset/val/24GHz/Bend/01080030_1574458011_Spec.png,val,val,1,ua_0030|Bend|1574458011,56a27d27e7e7a78b09a6f8007919dd0cc6dc2f94bad4b4dcc37303f97f2f1e7d
tasks/known_people_unknown_freq/dataset/val/24GHz/Kneel/01100010_1573838564_Spec.png,24GHz,Kneel,2,ua_0010,01100010_1573838564_Spec.png,dataset/train/24GHz/Kneel/01100010_1573838564_Spec.png,train,val,3,ua_0010|Kneel|1573838564,ee903ea41d51474cc5db115934019a99569cb3dd3d60b21b6147ead85e7c2d85
tasks/known_people_unknown_freq/dataset/val/24GHz/Kneel/01100010_1573838584_Spec.png,24GHz,Kneel,2,ua_0010,01100010_1573838584_Spec.png,dataset/train/24GHz/Kneel/01100010_1573838584_Spec.png,train,val,3,ua_0010|Kneel|1573838584,99da78b6a90fa711a05bea8108c8921c86ac0ff8768a7a627f4f99f78ad88dce
tasks/known_people_unknown_freq/dataset/val/24GHz/Kneel/01100014_1574698146_Spec.png,24GHz,Kneel,2,ua_0014,01100014_1574698146_Spec.png,dataset/train/24GHz/Kneel/01100014_1574698146_Spec.png,train,val,3,ua_0014|Kneel|1574698146,42514c0e3f692998b6311d056bc7423b0bcdbfafbeede070f569dc61e052af24
tasks/known_people_unknown_freq/dataset/val/24GHz/Kneel/01100014_1574698203_Spec.png,24GHz,Kneel,2,ua_0014,01100014_1574698203_Spec.png,dataset/train/24GHz/Kneel/01100014_1574698203_Spec.png,train,val,3,ua_0014|Kneel|1574698203,fa3e9c82d2829837182ebc8c6cc0da4d2747488fd47b99d104b02af52b24ad77
tasks/known_people_unknown_freq/dataset/val/24GHz/Kneel/01100029_1574115915_Spec.png,24GHz,Kneel,2,ua_0029,01100029_1574115915_Spec.png,dataset/train/24GHz/Kneel/01100029_1574115915_Spec.png,train,val,3,ua_0029|Kneel|1574115915,656b8bfa53cfa92ea607b81c074e45a6e4350b3a9c994cf99f87182873225856
tasks/known_people_unknown_freq/dataset/val/24GHz/Kneel/01100029_1574116064_Spec.png,24GHz,Kneel,2,ua_0029,01100029_1574116064_Spec.png,dataset/train/24GHz/Kneel/01100029_1574116064_Spec.png,train,val,3,ua_0029|Kneel|1574116064,d19ec4370906a817e840e005df2a0267dd110c52965ddab9b9159bbd05162710
tasks/known_people_unknown_freq/dataset/val/24GHz/Kneel/01100029_1574628541_Spec.png,24GHz,Kneel,2,ua_0029,01100029_1574628541_Spec.png,dataset/train/24GHz/Kneel/01100029_1574628541_Spec.png,train,val,3,ua_0029|Kneel|1574628541,ba47ecaef22df077836210446898b6aee873d9dab3a036641d685e6828b84620
tasks/known_people_unknown_freq/dataset/val/24GHz/Kneel/01100030_1574195539_Spec.png,24GHz,Kneel,2,ua_0030,01100030_1574195539_Spec.png,dataset/val/24GHz/Kneel/01100030_1574195539_Spec.png,val,val,3,ua_0030|Kneel|1574195539,eba64a1ef9f0f148bbb80c2b126421a4344d17a862cc6cfa555a855cbcd42b70
tasks/known_people_unknown_freq/dataset/val/24GHz/Kneel/01100030_1574195597_Spec.png,24GHz,Kneel,2,ua_0030,01100030_1574195597_Spec.png,dataset/val/24GHz/Kneel/01100030_1574195597_Spec.png,val,val,3,ua_0030|Kneel|1574195597,4e89b9269843a0b98f1429ab3cf0b79a0dd0643a7dda2400d13d330c95929b71
tasks/known_people_unknown_freq/dataset/val/24GHz/Kneel/01100030_1574458920_Spec.png,24GHz,Kneel,2,ua_0030,01100030_1574458920_Spec.png,dataset/val/24GHz/Kneel/01100030_1574458920_Spec.png,val,val,3,ua_0030|Kneel|1574458920,5836b9f5a66b1e95bdeed4afbac3174200c9fc712bea97f46d4937df9cf8f0a1
tasks/known_people_unknown_freq/dataset/val/24GHz/Kneel/01100030_1574458956_Spec.png,24GHz,Kneel,2,ua_0030,01100030_1574458956_Spec.png,dataset/val/24GHz/Kneel/01100030_1574458956_Spec.png,val,val,3,ua_0030|Kneel|1574458956,14f1188e11d43cb8732ecc7728f9a3f9355f5440716e9e146d3144b43ac9faab
tasks/known_people_unknown_freq/dataset/val/24GHz/Pick/01070010_1573837478_Spec.png,24GHz,Pick,3,ua_0010,01070010_1573837478_Spec.png,dataset/train/24GHz/Pick/01070010_1573837478_Spec.png,train,val,5,ua_0010|Pick|1573837478,947c2a8e2b5781bde0d3aad9524da0e8e94181e36ffdef717de5f0f2f309b889
tasks/known_people_unknown_freq/dataset/val/24GHz/Pick/01070014_1574696589_Spec.png,24GHz,Pick,3,ua_0014,01070014_1574696589_Spec.png,dataset/train/24GHz/Pick/01070014_1574696589_Spec.png,train,val,5,ua_0014|Pick|1574696589,44f13b7908129924bdd8dcb1968091d6d5cfe552ec8eadbb48268a3b2f15db88
tasks/known_people_unknown_freq/dataset/val/24GHz/Pick/01070029_1574115138_Spec.png,24GHz,Pick,3,ua_0029,01070029_1574115138_Spec.png,dataset/train/24GHz/Pick/01070029_1574115138_Spec.png,train,val,5,ua_0029|Pick|1574115138,a5a2c8818ee0bd5db4be50fd4c6d90c331afdcbf20292692ef1580b592d1964b
tasks/known_people_unknown_freq/dataset/val/24GHz/Pick/01070029_1574115178_Spec.png,24GHz,Pick,3,ua_0029,01070029_1574115178_Spec.png,dataset/train/24GHz/Pick/01070029_1574115178_Spec.png,train,val,5,ua_0029|Pick|1574115178,e3a895d36da4d2c435074d7d9ed8882127d36ee13cb622da95a106651a47c61d
tasks/known_people_unknown_freq/dataset/val/24GHz/Pick/01070029_1574115300_Spec.png,24GHz,Pick,3,ua_0029,01070029_1574115300_Spec.png,dataset/train/24GHz/Pick/01070029_1574115300_Spec.png,train,val,5,ua_0029|Pick|1574115300,c4cc81911cfb1e481c3fd1a4b1ca52daafe5cda0f3d887bdf57aa0678054ef8c
tasks/known_people_unknown_freq/dataset/val/24GHz/Pick/01070029_1574627704_Spec.png,24GHz,Pick,3,ua_0029,01070029_1574627704_Spec.png,dataset/train/24GHz/Pick/01070029_1574627704_Spec.png,train,val,5,ua_0029|Pick|1574627704,6774b1dc4a016076f9635d2066992e9c3781427e010ea09fa3aa9f3c5d5af1e5
tasks/known_people_unknown_freq/dataset/val/24GHz/Pick/01070030_1574457190_Spec.png,24GHz,Pick,3,ua_0030,01070030_1574457190_Spec.png,dataset/val/24GHz/Pick/01070030_1574457190_Spec.png,val,val,5,ua_0030|Pick|1574457190,732847bebf9724a54a894c5939d18f56be5297d717d2d54a66f655e842fa51fe
tasks/known_people_unknown_freq/dataset/val/24GHz/Pick/01070030_1574457335_Spec.png,24GHz,Pick,3,ua_0030,01070030_1574457335_Spec.png,dataset/val/24GHz/Pick/01070030_1574457335_Spec.png,val,val,5,ua_0030|Pick|1574457335,a309f5bac79df3476b8b303136c3bd3b6f910d0812364cd0819f4b7be9994899
tasks/known_people_unknown_freq/dataset/val/24GHz/SStep/01180010_1573840288_Spec.png,24GHz,SStep,4,ua_0010,01180010_1573840288_Spec.png,dataset/train/24GHz/SStep/01180010_1573840288_Spec.png,train,val,6,ua_0010|SStep|1573840288,47bb2e214d99ff1fd2c1a4455030ca4bcb8a69d4517bf6bb987e2fd213bd1b28
tasks/known_people_unknown_freq/dataset/val/24GHz/SStep/01180010_1573840377_Spec.png,24GHz,SStep,4,ua_0010,01180010_1573840377_Spec.png,dataset/train/24GHz/SStep/01180010_1573840377_Spec.png,train,val,6,ua_0010|SStep|1573840377,b123cecf9e40ee786890d43213d96e20768297845219cf24feb6a2a13ea5dc1e
tasks/known_people_unknown_freq/dataset/val/24GHz/SStep/01180014_1574699108_Spec.png,24GHz,SStep,4,ua_0014,01180014_1574699108_Spec.png,dataset/train/24GHz/SStep/01180014_1574699108_Spec.png,train,val,6,ua_0014|SStep|1574699108,07c9875318ee4cdb34b44353c723360a65660e960078751dd450212819e2a064
tasks/known_people_unknown_freq/dataset/val/24GHz/SStep/01180029_1574117518_Spec.png,24GHz,SStep,4,ua_0029,01180029_1574117518_Spec.png,dataset/train/24GHz/SStep/01180029_1574117518_Spec.png,train,val,6,ua_0029|SStep|1574117518,6dd1fb27d2c3696cbb86f4dd2203f85418df28774c75be418490f17d59183106
tasks/known_people_unknown_freq/dataset/val/24GHz/SStep/01180029_1574117591_Spec.png,24GHz,SStep,4,ua_0029,01180029_1574117591_Spec.png,dataset/train/24GHz/SStep/01180029_1574117591_Spec.png,train,val,6,ua_0029|SStep|1574117591,d12e8691efe31d05da09bcfac343a59db6697263b162222e65264f43e297f18e
tasks/known_people_unknown_freq/dataset/val/24GHz/SStep/01180029_1574117609_Spec.png,24GHz,SStep,4,ua_0029,01180029_1574117609_Spec.png,dataset/train/24GHz/SStep/01180029_1574117609_Spec.png,train,val,6,ua_0029|SStep|1574117609,972d933a7e165d2bc561db18fd23a94f2cb75d479532b0590097eb0f531a69d0
tasks/known_people_unknown_freq/dataset/val/24GHz/SStep/01180029_1574629570_Spec.png,24GHz,SStep,4,ua_0029,01180029_1574629570_Spec.png,dataset/train/24GHz/SStep/01180029_1574629570_Spec.png,train,val,6,ua_0029|SStep|1574629570,e94c1243e14d9c6337a1c32dbd760ee77022008d475f79888f21d40d021ee678
tasks/known_people_unknown_freq/dataset/val/24GHz/SStep/01180030_1574196837_Spec.png,24GHz,SStep,4,ua_0030,01180030_1574196837_Spec.png,dataset/val/24GHz/SStep/01180030_1574196837_Spec.png,val,val,6,ua_0030|SStep|1574196837,58d5ce12426fbf2593b2af543fc152fe0ca15c5d2c05aa7ce749733c16f7a484
tasks/known_people_unknown_freq/dataset/val/24GHz/SStep/01180030_1574196905_Spec.png,24GHz,SStep,4,ua_0030,01180030_1574196905_Spec.png,dataset/val/24GHz/SStep/01180030_1574196905_Spec.png,val,val,6,ua_0030|SStep|1574196905,313ecca4d944f01e5f0a6733e0c23c8a2518b50f023946eefd104250e5b2e772
tasks/known_people_unknown_freq/dataset/val/24GHz/Sit/01090010_1573837974_Spec.png,24GHz,Sit,5,ua_0010,01090010_1573837974_Spec.png,dataset/train/24GHz/Sit/01090010_1573837974_Spec.png,train,val,8,ua_0010|Sit|1573837974,d1e0b2df617b4c48d3fbff668b665f5114c2476167cff589dc4ef05cd8ce4239
tasks/known_people_unknown_freq/dataset/val/24GHz/Sit/01090010_1573838086_Spec.png,24GHz,Sit,5,ua_0010,01090010_1573838086_Spec.png,dataset/train/24GHz/Sit/01090010_1573838086_Spec.png,train,val,8,ua_0010|Sit|1573838086,386b55e9403513a3652a292e7e38ee5a16328b1721eae2cd9befcd1225ccb420
tasks/known_people_unknown_freq/dataset/val/24GHz/Sit/01090014_1574697018_Spec.png,24GHz,Sit,5,ua_0014,01090014_1574697018_Spec.png,dataset/train/24GHz/Sit/01090014_1574697018_Spec.png,train,val,8,ua_0014|Sit|1574697018,bce078655014afc3ff903c8a99765af163a3a0afc89d605d8ae3b6c54e9fc39b
tasks/known_people_unknown_freq/dataset/val/24GHz/Sit/01090014_1574697095_Spec.png,24GHz,Sit,5,ua_0014,01090014_1574697095_Spec.png,dataset/train/24GHz/Sit/01090014_1574697095_Spec.png,train,val,8,ua_0014|Sit|1574697095,e33a880b4ca3a29641901fdf620cea2ad054fa5bac4f3e86d21f4e548937bedf
tasks/known_people_unknown_freq/dataset/val/24GHz/Sit/01090014_1574697955_Spec.png,24GHz,Sit,5,ua_0014,01090014_1574697955_Spec.png,dataset/train/24GHz/Sit/01090014_1574697955_Spec.png,train,val,8,ua_0014|Sit|1574697955,3c7471e50f027c34b33e2412866a9045bc9a2135db8de4bc942fc9030a957418
tasks/known_people_unknown_freq/dataset/val/24GHz/Sit/01090029_1574115666_Spec.png,24GHz,Sit,5,ua_0029,01090029_1574115666_Spec.png,dataset/train/24GHz/Sit/01090029_1574115666_Spec.png,train,val,8,ua_0029|Sit|1574115666,a6db8f7420ce30e92541e528a02c6ee3898ee586c445002dfa3aa01bc01fc74e
tasks/known_people_unknown_freq/dataset/val/24GHz/Sit/01090029_1574115745_Spec.png,24GHz,Sit,5,ua_0029,01090029_1574115745_Spec.png,dataset/train/24GHz/Sit/01090029_1574115745_Spec.png,train,val,8,ua_0029|Sit|1574115745,65ba253c7bf32c37376e6d9c425503220d4eb83f7336ffb02f950e4616acb9dc
tasks/known_people_unknown_freq/dataset/val/24GHz/Sit/01090029_1574115842_Spec.png,24GHz,Sit,5,ua_0029,01090029_1574115842_Spec.png,dataset/train/24GHz/Sit/01090029_1574115842_Spec.png,train,val,8,ua_0029|Sit|1574115842,c8f5e1078476340eecda42ac6ce6f810fbe1db167885955930024b411313f6ff
tasks/known_people_unknown_freq/dataset/val/24GHz/Sit/01090030_1574458226_Spec.png,24GHz,Sit,5,ua_0030,01090030_1574458226_Spec.png,dataset/val/24GHz/Sit/01090030_1574458226_Spec.png,val,val,8,ua_0030|Sit|1574458226,bedb49734dfab1bc9b42b51dd84f2b0c84b9683bf4baa9c97f9e3e5f14321312
tasks/known_people_unknown_freq/dataset/val/24GHz/Sit/01090030_1574458245_Spec.png,24GHz,Sit,5,ua_0030,01090030_1574458245_Spec.png,dataset/val/24GHz/Sit/01090030_1574458245_Spec.png,val,val,8,ua_0030|Sit|1574458245,ae23853420688488585a07bbaedb990ef06371f00f1d94c3a78f2bec82ae21eb
tasks/known_people_unknown_freq/dataset/val/24GHz/Sit/01090030_1574458301_Spec.png,24GHz,Sit,5,ua_0030,01090030_1574458301_Spec.png,dataset/val/24GHz/Sit/01090030_1574458301_Spec.png,val,val,8,ua_0030|Sit|1574458301,0a0e1402744ac5d0f27e9a05a1f4696419f15216a5b44b7831a60e013c74c6a7
tasks/known_people_unknown_freq/dataset/val/24GHz/Towards/01000000_1574696114_Spec.png,24GHz,Towards,6,ua_0000,01000000_1574696114_Spec.png,dataset/train/24GHz/Towards/01000000_1574696114_Spec.png,train,val,10,ua_0000|Towards|1574696114,103e83fe7c0f43ee9c56afe12e2be0f2b0e5905e90c29e13c4a449391cb13eed
tasks/known_people_unknown_freq/dataset/val/24GHz/Towards/01000000_1574696222_Spec.png,24GHz,Towards,6,ua_0000,01000000_1574696222_Spec.png,dataset/train/24GHz/Towards/01000000_1574696222_Spec.png,train,val,10,ua_0000|Towards|1574696222,8ae309f581d7c2d8d8325c9fa1fb79ee7ca424f99be95ac17790b597a406ed1e
tasks/known_people_unknown_freq/dataset/val/24GHz/Towards/01050010_1573836957_Spec.png,24GHz,Towards,6,ua_0010,01050010_1573836957_Spec.png,dataset/train/24GHz/Towards/01050010_1573836957_Spec.png,train,val,10,ua_0010|Towards|1573836957,ba4c6302b78ed226eee230b92aabc6bc159038fcf8e1433dafec9cc942652f71
tasks/known_people_unknown_freq/dataset/val/24GHz/Towards/01050010_1573836980_Spec.png,24GHz,Towards,6,ua_0010,01050010_1573836980_Spec.png,dataset/train/24GHz/Towards/01050010_1573836980_Spec.png,train,val,10,ua_0010|Towards|1573836980,58398c3a3c71041f08355566e682e10d9ffd6c1c50997111d5d65b9b23cdfabb
tasks/known_people_unknown_freq/dataset/val/24GHz/Towards/01050029_1574626039_Spec.png,24GHz,Towards,6,ua_0029,01050029_1574626039_Spec.png,dataset/train/24GHz/Towards/01050029_1574626039_Spec.png,train,val,10,ua_0029|Towards|1574626039,2c5b450b1811bff2f9fc6808cdf164a5406339e5fda027deded50664c0c78e85
tasks/known_people_unknown_freq/dataset/val/24GHz/Towards/01050029_1574626164_Spec.png,24GHz,Towards,6,ua_0029,01050029_1574626164_Spec.png,dataset/train/24GHz/Towards/01050029_1574626164_Spec.png,train,val,10,ua_0029|Towards|1574626164,9a6285fcf9a7725ae4250c03ba1cc51ea5f38be84786a42fecd9e47b737e378a
tasks/known_people_unknown_freq/dataset/val/24GHz/Towards/01050029_1574626307_Spec.png,24GHz,Towards,6,ua_0029,01050029_1574626307_Spec.png,dataset/train/24GHz/Towards/01050029_1574626307_Spec.png,train,val,10,ua_0029|Towards|1574626307,ed48f91f9de126d7b2149fb0532d6507808dcd988948d706d3b0627e2b631a31
tasks/known_people_unknown_freq/dataset/val/24GHz/Towards/01050029_1574626331_Spec.png,24GHz,Towards,6,ua_0029,01050029_1574626331_Spec.png,dataset/train/24GHz/Towards/01050029_1574626331_Spec.png,train,val,10,ua_0029|Towards|1574626331,63ccee806afb1c24e62cb267b9c060a5cf175799153bcb68d5996c30101dca72
tasks/known_people_unknown_freq/dataset/val/24GHz/Towards/01050030_1574193843_Spec.png,24GHz,Towards,6,ua_0030,01050030_1574193843_Spec.png,dataset/val/24GHz/Towards/01050030_1574193843_Spec.png,val,val,10,ua_0030|Towards|1574193843,2561487f38ec041f846f195ad75e55d06a0396dcd466651cbd08880170a38c06
tasks/known_people_unknown_freq/dataset/val/24GHz/Towards/01050030_1574193880_Spec.png,24GHz,Towards,6,ua_0030,01050030_1574193880_Spec.png,dataset/val/24GHz/Towards/01050030_1574193880_Spec.png,val,val,10,ua_0030|Towards|1574193880,5f3fe9ff5a76be1dafd57d952379b0d79cfdd039972ae88c38efdacd96036630
