[21:43:45] run_dir=/scratch/st-zliu-1/heqingz/CrossCarrier_Fresh_20260922/CrossCarrier_Repro/EXPERIMENTSRESULT/REVISION_5090/SUPP_ABLATION/DAS_stretch_only/seed31415
[21:43:45] device=cuda
[21:43:45] backbone=vit_large_patch16_dinov3.lvd1689m
[21:43:45] env: manifest_dir=/scratch/st-zliu-1/heqingz/CrossCarrier_Fresh_20260922/CrossCarrier_Repro/tasks/known_people_unknown_freq/manifest dataset_root=/scratch/st-zliu-1/heqingz/CrossCarrier_Fresh_20260922/CrossCarrier_Repro use_dann=False selection=source_val_acc_ema adapter_mode=lora
[21:43:45] set_seed(31415)
[21:44:07] [fast_gpu] source cache 644 imgs (0.39GB) on cuda
[21:44:07] train_source=644 train_src_rows=10:302 24:342 source_steps/epoch=40 val_all=162 heldout77_unused=140 test77_final=278
[21:44:07] [test77_split] seed=42 dev_per_class=20
[21:46:12] trainable params=2378753 (encoder_lora+neck+head + miro_proj+v15_falsification)
[21:46:12] logit_prior=[-1.9678890705108643, -1.913821816444397, -1.8427258729934692, -1.9678890705108643, -2.0133514404296875, -1.8929877281188965, -2.036881923675537]
[21:46:12] use_dann=False
[21:46:12] use_das=True
[21:46:12] das_mode=curriculum initial_stage={'name': 'stage1', 'p': 0.35, 'f_low': 10.0, 'f_high': 24.0}
[21:46:12] aug_flags: USE_HFT=False USE_SPEC_AUGMENT=False
[21:46:12] adapter_mode=lora
[21:46:12] schedule: epochs=100 steps/epoch=40 imgs/step=16 total_steps=4000 total_imgs=64000 warmup_steps=120
[21:46:12] source_qualified_policy: val_acc_ema>=0.90 candidates are recorded; best candidate by 77GHz F1 is saved as diagnostic
[21:46:12] [pool] init threshold=0.90 period=10 selection=dev77_f1
[21:46:12] [train] epoch 1/100 steps=40 use_dann=0 das=stage1 f=[10.0,24.0] p=0.35 gpu=3.0/3.0GB
[21:46:27] [train] ep=01 step=001/40 ce=8.3205 sc=3.1840 mi=1.0254 dn=0.0000 v13=0.0000 grl=0.0000 v15=0.0000 v15r=0.0000 v16=0.0000 v17=0.0000 v18=0.0000 acc=0.0625 lr=2.50e-06 lambda=0.000 grl_lambda=0.000 v18_lambda=0.000 gpu=3.0/11.8GB
[21:46:33] [train] ep=01 step=010/40 ce=8.1243 sc=2.8005 mi=1.0117 dn=0.0000 v13=0.0000 grl=0.0000 v15=0.0000 v15r=0.0000 v16=0.0000 v17=0.0000 v18=0.0000 acc=0.1500 lr=2.50e-05 lambda=0.000 grl_lambda=0.000 v18_lambda=0.000 gpu=3.0/11.8GB
[21:46:38] [train] ep=01 step=020/40 ce=7.8413 sc=2.8435 mi=0.9627 dn=0.0000 v13=0.0000 grl=0.0000 v15=0.0000 v15r=0.0000 v16=0.0000 v17=0.0000 v18=0.0000 acc=0.2156 lr=5.00e-05 lambda=0.000 grl_lambda=0.000 v18_lambda=0.000 gpu=3.0/11.8GB
[21:46:44] [train] ep=01 step=030/40 ce=7.7838 sc=2.8476 mi=0.8952 dn=0.0000 v13=0.0000 grl=0.0000 v15=0.0000 v15r=0.0000 v16=0.0000 v17=0.0000 v18=0.0000 acc=0.2188 lr=7.50e-05 lambda=0.000 grl_lambda=0.000 v18_lambda=0.000 gpu=3.0/11.8GB
[21:46:50] [train] ep=01 step=040/40 ce=7.7000 sc=2.8547 mi=0.8116 dn=0.0000 v13=0.0000 grl=0.0000 v15=0.0000 v15r=0.0000 v16=0.0000 v17=0.0000 v18=0.0000 acc=0.2281 lr=1.00e-04 lambda=0.000 grl_lambda=0.000 v18_lambda=0.000 gpu=3.0/11.8GB
[21:46:57] [ep_summary] ep=01/100 val_live=0.3148/0.2756 val_ema=0.0000/0.0000 test77_live=0.2302/0.1327 test77_diag_ema=0.0000/0.0000 v13=0.0000 grl=0.0000 v15=0.0000 v15r=0.0000 v16=0.0000 v17=0.0000 v18=0.0000 das=stage1[10,24] p=0.35 ep_time=44.4s
[21:46:57] [train] epoch 2/100 steps=40 use_dann=0 das=stage1 f=[10.0,24.0] p=0.35 gpu=3.0/11.8GB
[21:46:57] [train] ep=02 step=001/40 ce=7.2982 sc=2.8792 mi=0.4700 dn=0.0000 v13=0.0000 grl=0.0000 v15=0.0000 v15r=0.0000 v16=0.0000 v17=0.0000 v18=0.0000 acc=0.1875 lr=1.02e-04 lambda=0.000 grl_lambda=0.000 v18_lambda=0.000 gpu=3.0/11.8GB
[21:47:03] [train] ep=02 step=010/40 ce=7.1155 sc=2.8046 mi=0.3911 dn=0.0000 v13=0.0000 grl=0.0000 v15=0.0000 v15r=0.0000 v16=0.0000 v17=0.0000 v18=0.0000 acc=0.3312 lr=1.25e-04 lambda=0.000 grl_lambda=0.000 v18_lambda=0.000 gpu=3.0/11.8GB
[21:47:08] [train] ep=02 step=020/40 ce=6.9398 sc=2.7471 mi=0.3364 dn=0.0000 v13=0.0000 grl=0.0000 v15=0.0000 v15r=0.0000 v16=0.0000 v17=0.0000 v18=0.0000 acc=0.3625 lr=1.50e-04 lambda=0.000 grl_lambda=0.000 v18_lambda=0.000 gpu=3.0/11.8GB
[21:47:14] [train] ep=02 step=030/40 ce=6.6920 sc=2.7174 mi=0.3037 dn=0.0000 v13=0.0000 grl=0.0000 v15=0.0000 v15r=0.0000 v16=0.0000 v17=0.0000 v18=0.0000 acc=0.4208 lr=1.75e-04 lambda=0.000 grl_lambda=0.000 v18_lambda=0.000 gpu=3.0/11.8GB
[21:47:20] [train] ep=02 step=040/40 ce=6.4244 sc=2.6704 mi=0.2816 dn=0.0000 v13=0.0000 grl=0.0000 v15=0.0000 v15r=0.0000 v16=0.0000 v17=0.0000 v18=0.0000 acc=0.4516 lr=2.00e-04 lambda=0.000 grl_lambda=0.000 v18_lambda=0.000 gpu=3.0/11.8GB
[21:47:25] [ep_summary] ep=02/100 val_live=0.6173/0.5819 val_ema=0.0000/0.0000 test77_live=0.1763/0.0824 test77_diag_ema=0.0000/0.0000 v13=0.0000 grl=0.0000 v15=0.0000 v15r=0.0000 v16=0.0000 v17=0.0000 v18=0.0000 das=stage1[10,24] p=0.35 ep_time=28.6s
[21:47:25] [train] epoch 3/100 steps=40 use_dann=0 das=stage1 f=[10.0,24.0] p=0.35 gpu=3.0/11.8GB
[21:47:26] [train] ep=03 step=001/40 ce=4.9530 sc=2.6475 mi=0.2266 dn=0.0000 v13=0.0000 grl=0.0000 v15=0.0000 v15r=0.0000 v16=0.0000 v17=0.0000 v18=0.0000 acc=0.6250 lr=2.02e-04 lambda=0.000 grl_lambda=0.000 v18_lambda=0.000 gpu=3.0/11.8GB
[21:47:31] [train] ep=03 step=010/40 ce=5.0013 sc=2.3742 mi=0.2288 dn=0.0000 v13=0.0000 grl=0.0000 v15=0.0000 v15r=0.0000 v16=0.0000 v17=0.0000 v18=0.0000 acc=0.6062 lr=2.25e-04 lambda=0.000 grl_lambda=0.000 v18_lambda=0.000 gpu=3.0/11.8GB
[21:47:37] [train] ep=03 step=020/40 ce=4.6042 sc=2.2363 mi=0.2230 dn=0.0000 v13=0.0000 grl=0.0000 v15=0.0000 v15r=0.0000 v16=0.0000 v17=0.0000 v18=0.0000 acc=0.6594 lr=2.50e-04 lambda=0.000 grl_lambda=0.000 v18_lambda=0.000 gpu=3.0/11.8GB
[21:47:43] [train] ep=03 step=030/40 ce=4.0914 sc=2.0996 mi=0.2183 dn=0.0000 v13=0.0000 grl=0.0000 v15=0.0000 v15r=0.0000 v16=0.0000 v17=0.0000 v18=0.0000 acc=0.7042 lr=2.75e-04 lambda=0.000 grl_lambda=0.000 v18_lambda=0.000 gpu=3.0/11.8GB
[21:47:48] [train] ep=03 step=040/40 ce=3.9380 sc=2.0525 mi=0.2068 dn=0.0000 v13=0.0000 grl=0.0000 v15=0.0000 v15r=0.0000 v16=0.0000 v17=0.0000 v18=0.0000 acc=0.7250 lr=3.00e-04 lambda=0.000 grl_lambda=0.000 v18_lambda=0.000 gpu=3.0/11.8GB
[21:47:54] [ep_summary] ep=03/100 val_live=0.7840/0.7511 val_ema=0.0000/0.0000 test77_live=0.3453/0.2278 test77_diag_ema=0.0000/0.0000 v13=0.0000 grl=0.0000 v15=0.0000 v15r=0.0000 v16=0.0000 v17=0.0000 v18=0.0000 das=stage1[10,24] p=0.35 ep_time=28.4s
[21:47:54] [train] epoch 4/100 steps=40 use_dann=0 das=stage1 f=[10.0,24.0] p=0.35 gpu=3.0/11.8GB
[21:47:54] [train] ep=04 step=001/40 ce=2.3708 sc=1.0663 mi=0.1624 dn=0.0000 v13=0.0000 grl=0.0000 v15=0.0000 v15r=0.0000 v16=0.0000 v17=0.0000 v18=0.0000 acc=0.9375 lr=3.00e-04 lambda=0.000 grl_lambda=0.000 v18_lambda=0.000 gpu=3.0/11.8GB
[21:48:00] [train] ep=04 step=010/40 ce=2.2777 sc=1.4640 mi=0.1514 dn=0.0000 v13=0.0000 grl=0.0000 v15=0.0000 v15r=0.0000 v16=0.0000 v17=0.0000 v18=0.0000 acc=0.8500 lr=3.00e-04 lambda=0.000 grl_lambda=0.000 v18_lambda=0.000 gpu=3.0/11.8GB
[21:48:05] [train] ep=04 step=020/40 ce=2.2543 sc=1.3825 mi=0.1413 dn=0.0000 v13=0.0000 grl=0.0000 v15=0.0000 v15r=0.0000 v16=0.0000 v17=0.0000 v18=0.0000 acc=0.8531 lr=3.00e-04 lambda=0.000 grl_lambda=0.000 v18_lambda=0.000 gpu=3.0/11.8GB
[21:48:11] [train] ep=04 step=030/40 ce=2.3077 sc=1.3812 mi=0.1331 dn=0.0000 v13=0.0000 grl=0.0000 v15=0.0000 v15r=0.0000 v16=0.0000 v17=0.0000 v18=0.0000 acc=0.8521 lr=3.00e-04 lambda=0.000 grl_lambda=0.000 v18_lambda=0.000 gpu=3.0/11.8GB
[21:48:17] [train] ep=04 step=040/40 ce=2.2659 sc=1.3702 mi=0.1259 dn=0.0000 v13=0.0000 grl=0.0000 v15=0.0000 v15r=0.0000 v16=0.0000 v17=0.0000 v18=0.0000 acc=0.8578 lr=3.00e-04 lambda=0.000 grl_lambda=0.000 v18_lambda=0.000 gpu=3.0/11.8GB
[21:48:23] [ep_summary] ep=04/100 val_live=0.8086/0.7698 val_ema=0.0000/0.0000 test77_live=0.3561/0.2213 test77_diag_ema=0.0000/0.0000 v13=0.0000 grl=0.0000 v15=0.0000 v15r=0.0000 v16=0.0000 v17=0.0000 v18=0.0000 das=stage1[10,24] p=0.35 ep_time=28.8s
[21:48:23] [train] epoch 5/100 steps=40 use_dann=0 das=stage1 f=[10.0,24.0] p=0.35 gpu=3.0/11.8GB
[21:48:23] [train] ep=05 step=001/40 ce=2.3782 sc=1.5064 mi=0.1034 dn=0.0000 v13=0.0000 grl=0.0000 v15=0.0000 v15r=0.0000 v16=0.0000 v17=0.0000 v18=0.0000 acc=0.8125 lr=3.00e-04 lambda=0.000 grl_lambda=0.000 v18_lambda=0.000 gpu=3.0/11.8GB
[21:48:28] [train] ep=05 step=010/40 ce=1.9014 sc=1.4226 mi=0.0938 dn=0.0000 v13=0.0000 grl=0.0000 v15=0.0000 v15r=0.0000 v16=0.0000 v17=0.0000 v18=0.0000 acc=0.9062 lr=3.00e-04 lambda=0.000 grl_lambda=0.000 v18_lambda=0.000 gpu=3.0/11.8GB
[21:48:34] [train] ep=05 step=020/40 ce=1.7979 sc=1.2629 mi=0.0913 dn=0.0000 v13=0.0000 grl=0.0000 v15=0.0000 v15r=0.0000 v16=0.0000 v17=0.0000 v18=0.0000 acc=0.9156 lr=3.00e-04 lambda=0.000 grl_lambda=0.000 v18_lambda=0.000 gpu=3.0/11.8GB
[21:48:40] [train] ep=05 step=030/40 ce=1.8996 sc=1.2779 mi=0.0899 dn=0.0000 v13=0.0000 grl=0.0000 v15=0.0000 v15r=0.0000 v16=0.0000 v17=0.0000 v18=0.0000 acc=0.9042 lr=3.00e-04 lambda=0.000 grl_lambda=0.000 v18_lambda=0.000 gpu=3.0/11.8GB
[21:48:46] [train] ep=05 step=040/40 ce=1.8621 sc=1.2984 mi=0.0877 dn=0.0000 v13=0.0000 grl=0.0000 v15=0.0000 v15r=0.0000 v16=0.0000 v17=0.0000 v18=0.0000 acc=0.9078 lr=3.00e-04 lambda=0.000 grl_lambda=0.000 v18_lambda=0.000 gpu=3.0/11.8GB
[21:48:57] [ep_summary] ep=05/100 val_live=0.8519/0.8396 val_ema=0.1358/0.0386 test77_live=0.4101/0.2723 test77_diag_ema=0.1583/0.0755 v13=0.0000 grl=0.0000 v15=0.0000 v15r=0.0000 v16=0.0000 v17=0.0000 v18=0.0000 das=stage1[10,24] p=0.35 ep_time=34.4s
[21:48:57] [save] best_sourceval_ema val_acc_ema=0.1358 source_val_live=0.8519/0.8396 source_val_ema=0.1358/0.0386 ep=5
[21:48:57] [train] epoch 6/100 steps=40 use_dann=0 das=stage1 f=[10.0,24.0] p=0.35 gpu=3.0/11.8GB
[21:48:58] [train] ep=06 step=001/40 ce=1.7750 sc=0.7846 mi=0.0784 dn=0.0000 v13=0.0000 grl=0.0000 v15=0.0000 v15r=0.0000 v16=0.0000 v17=0.0000 v18=0.0000 acc=0.9375 lr=3.00e-04 lambda=0.000 grl_lambda=0.000 v18_lambda=0.000 gpu=3.0/11.8GB
[21:49:03] [train] ep=06 step=010/40 ce=1.3040 sc=1.1794 mi=0.0827 dn=0.0000 v13=0.0000 grl=0.0000 v15=0.0000 v15r=0.0000 v16=0.0000 v17=0.0000 v18=0.0000 acc=0.9500 lr=3.00e-04 lambda=0.000 grl_lambda=0.000 v18_lambda=0.000 gpu=3.0/11.8GB
[21:49:09] [train] ep=06 step=020/40 ce=1.5283 sc=1.1632 mi=0.0794 dn=0.0000 v13=0.0000 grl=0.0000 v15=0.0000 v15r=0.0000 v16=0.0000 v17=0.0000 v18=0.0000 acc=0.9281 lr=3.00e-04 lambda=0.000 grl_lambda=0.000 v18_lambda=0.000 gpu=3.0/11.8GB
[21:49:15] [train] ep=06 step=030/40 ce=1.7587 sc=1.2552 mi=0.0766 dn=0.0000 v13=0.0000 grl=0.0000 v15=0.0000 v15r=0.0000 v16=0.0000 v17=0.0000 v18=0.0000 acc=0.9104 lr=2.99e-04 lambda=0.000 grl_lambda=0.000 v18_lambda=0.000 gpu=3.0/11.8GB
[21:49:20] [train] ep=06 step=040/40 ce=1.7168 sc=1.2129 mi=0.0753 dn=0.0000 v13=0.0000 grl=0.0000 v15=0.0000 v15r=0.0000 v16=0.0000 v17=0.0000 v18=0.0000 acc=0.9078 lr=2.99e-04 lambda=0.000 grl_lambda=0.000 v18_lambda=0.000 gpu=3.0/11.8GB
[21:49:31] [ep_summary] ep=06/100 val_live=0.9074/0.9070 val_ema=0.1543/0.0586 test77_live=0.4173/0.2599 test77_diag_ema=0.1727/0.0827 v13=0.0000 grl=0.0000 v15=0.0000 v15r=0.0000 v16=0.0000 v17=0.0000 v18=0.0000 das=stage1[10,24] p=0.35 ep_time=34.0s
[21:49:31] [save] best_sourceval_ema val_acc_ema=0.1543 source_val_live=0.9074/0.9070 source_val_ema=0.1543/0.0586 ep=6
[21:49:31] [train] epoch 7/100 steps=40 use_dann=0 das=stage1 f=[10.0,24.0] p=0.35 gpu=3.0/11.8GB
[21:49:32] [train] ep=07 step=001/40 ce=0.9249 sc=1.0997 mi=0.0757 dn=0.0000 v13=0.0000 grl=0.0000 v15=0.0000 v15r=0.0000 v16=0.0000 v17=0.0000 v18=0.0000 acc=1.0000 lr=2.99e-04 lambda=0.000 grl_lambda=0.000 v18_lambda=0.000 gpu=3.0/11.8GB
[21:49:37] [train] ep=07 step=010/40 ce=1.0390 sc=1.0893 mi=0.0707 dn=0.0000 v13=0.0000 grl=0.0000 v15=0.0000 v15r=0.0000 v16=0.0000 v17=0.0000 v18=0.0000 acc=0.9563 lr=2.99e-04 lambda=0.000 grl_lambda=0.000 v18_lambda=0.000 gpu=3.0/11.8GB
[21:49:43] [train] ep=07 step=020/40 ce=1.0679 sc=1.0157 mi=0.0696 dn=0.0000 v13=0.0000 grl=0.0000 v15=0.0000 v15r=0.0000 v16=0.0000 v17=0.0000 v18=0.0000 acc=0.9469 lr=2.99e-04 lambda=0.000 grl_lambda=0.000 v18_lambda=0.000 gpu=3.0/11.8GB
[21:49:49] [train] ep=07 step=030/40 ce=1.0201 sc=0.9771 mi=0.0694 dn=0.0000 v13=0.0000 grl=0.0000 v15=0.0000 v15r=0.0000 v16=0.0000 v17=0.0000 v18=0.0000 acc=0.9563 lr=2.99e-04 lambda=0.000 grl_lambda=0.000 v18_lambda=0.000 gpu=3.0/11.8GB
[21:49:55] [train] ep=07 step=040/40 ce=0.9650 sc=0.9635 mi=0.0696 dn=0.0000 v13=0.0000 grl=0.0000 v15=0.0000 v15r=0.0000 v16=0.0000 v17=0.0000 v18=0.0000 acc=0.9625 lr=2.99e-04 lambda=0.000 grl_lambda=0.000 v18_lambda=0.000 gpu=3.0/11.8GB
[21:50:05] [ep_summary] ep=07/100 val_live=0.9198/0.9167 val_ema=0.1728/0.0795 test77_live=0.5360/0.4571 test77_diag_ema=0.1835/0.0819 v13=0.0000 grl=0.0000 v15=0.0000 v15r=0.0000 v16=0.0000 v17=0.0000 v18=0.0000 das=stage1[10,24] p=0.35 ep_time=34.3s
[21:50:05] [save] best_sourceval_ema val_acc_ema=0.1728 source_val_live=0.9198/0.9167 source_val_ema=0.1728/0.0795 ep=7
[21:50:06] [train] epoch 8/100 steps=40 use_dann=0 das=stage1 f=[10.0,24.0] p=0.35 gpu=3.0/11.8GB
[21:50:06] [train] ep=08 step=001/40 ce=0.3899 sc=0.7237 mi=0.0588 dn=0.0000 v13=0.0000 grl=0.0000 v15=0.0000 v15r=0.0000 v16=0.0000 v17=0.0000 v18=0.0000 acc=1.0000 lr=2.99e-04 lambda=0.000 grl_lambda=0.000 v18_lambda=0.000 gpu=3.0/11.8GB
[21:50:11] [train] ep=08 step=010/40 ce=0.5926 sc=0.9052 mi=0.0677 dn=0.0000 v13=0.0000 grl=0.0000 v15=0.0000 v15r=0.0000 v16=0.0000 v17=0.0000 v18=0.0000 acc=0.9938 lr=2.99e-04 lambda=0.000 grl_lambda=0.000 v18_lambda=0.000 gpu=3.0/11.8GB
[21:50:17] [train] ep=08 step=020/40 ce=0.5788 sc=0.8930 mi=0.0681 dn=0.0000 v13=0.0000 grl=0.0000 v15=0.0000 v15r=0.0000 v16=0.0000 v17=0.0000 v18=0.0000 acc=0.9938 lr=2.98e-04 lambda=0.000 grl_lambda=0.000 v18_lambda=0.000 gpu=3.0/11.8GB
[21:50:23] [train] ep=08 step=030/40 ce=0.5933 sc=0.9330 mi=0.0668 dn=0.0000 v13=0.0000 grl=0.0000 v15=0.0000 v15r=0.0000 v16=0.0000 v17=0.0000 v18=0.0000 acc=0.9917 lr=2.98e-04 lambda=0.000 grl_lambda=0.000 v18_lambda=0.000 gpu=3.0/11.8GB
[21:50:29] [train] ep=08 step=040/40 ce=0.6723 sc=0.9488 mi=0.0656 dn=0.0000 v13=0.0000 grl=0.0000 v15=0.0000 v15r=0.0000 v16=0.0000 v17=0.0000 v18=0.0000 acc=0.9844 lr=2.98e-04 lambda=0.000 grl_lambda=0.000 v18_lambda=0.000 gpu=3.0/11.8GB
[21:50:40] [ep_summary] ep=08/100 val_live=0.9321/0.9338 val_ema=0.1914/0.1024 test77_live=0.4101/0.3027 test77_diag_ema=0.1727/0.0742 v13=0.0000 grl=0.0000 v15=0.0000 v15r=0.0000 v16=0.0000 v17=0.0000 v18=0.0000 das=stage1[10,24] p=0.35 ep_time=34.2s
[21:50:40] [save] best_sourceval_ema val_acc_ema=0.1914 source_val_live=0.9321/0.9338 source_val_ema=0.1914/0.1024 ep=8
[21:50:40] [train] epoch 9/100 steps=40 use_dann=0 das=stage2 f=[10.0,50.0] p=0.70 gpu=3.0/11.8GB
[21:50:41] [train] ep=09 step=001/40 ce=0.5703 sc=0.9746 mi=0.0732 dn=0.0000 v13=0.0000 grl=0.0000 v15=0.0000 v15r=0.0000 v16=0.0000 v17=0.0000 v18=0.0000 acc=1.0000 lr=2.98e-04 lambda=0.000 grl_lambda=0.000 v18_lambda=0.000 gpu=3.0/11.8GB
[21:50:46] [train] ep=09 step=010/40 ce=1.0831 sc=1.1842 mi=0.0775 dn=0.0000 v13=0.0000 grl=0.0000 v15=0.0000 v15r=0.0000 v16=0.0000 v17=0.0000 v18=0.0000 acc=0.9437 lr=2.98e-04 lambda=0.000 grl_lambda=0.000 v18_lambda=0.000 gpu=3.0/11.8GB
[21:50:52] [train] ep=09 step=020/40 ce=1.1387 sc=1.1526 mi=0.0776 dn=0.0000 v13=0.0000 grl=0.0000 v15=0.0000 v15r=0.0000 v16=0.0000 v17=0.0000 v18=0.0000 acc=0.9406 lr=2.98e-04 lambda=0.000 grl_lambda=0.000 v18_lambda=0.000 gpu=3.0/11.8GB
[21:50:57] [train] ep=09 step=030/40 ce=1.0730 sc=1.1011 mi=0.0786 dn=0.0000 v13=0.0000 grl=0.0000 v15=0.0000 v15r=0.0000 v16=0.0000 v17=0.0000 v18=0.0000 acc=0.9500 lr=2.97e-04 lambda=0.000 grl_lambda=0.000 v18_lambda=0.000 gpu=3.0/11.8GB
[21:51:03] [train] ep=09 step=040/40 ce=1.1167 sc=1.0929 mi=0.0773 dn=0.0000 v13=0.0000 grl=0.0000 v15=0.0000 v15r=0.0000 v16=0.0000 v17=0.0000 v18=0.0000 acc=0.9469 lr=2.97e-04 lambda=0.000 grl_lambda=0.000 v18_lambda=0.000 gpu=3.0/11.8GB
[21:51:14] [ep_summary] ep=09/100 val_live=0.9630/0.9630 val_ema=0.2222/0.1422 test77_live=0.6403/0.5671 test77_diag_ema=0.1691/0.0714 v13=0.0000 grl=0.0000 v15=0.0000 v15r=0.0000 v16=0.0000 v17=0.0000 v18=0.0000 das=stage2[10,50] p=0.70 ep_time=34.0s
[21:51:14] [save] best_sourceval_ema val_acc_ema=0.2222 source_val_live=0.9630/0.9630 source_val_ema=0.2222/0.1422 ep=9
[21:51:14] [train] epoch 10/100 steps=40 use_dann=0 das=stage2 f=[10.0,50.0] p=0.70 gpu=3.0/11.8GB
[21:51:15] [train] ep=10 step=001/40 ce=0.5802 sc=0.6326 mi=0.0803 dn=0.0000 v13=0.0000 grl=0.0000 v15=0.0000 v15r=0.0000 v16=0.0000 v17=0.0000 v18=0.0000 acc=1.0000 lr=2.97e-04 lambda=0.000 grl_lambda=0.000 v18_lambda=0.000 gpu=3.0/11.8GB
[21:51:20] [train] ep=10 step=010/40 ce=0.7351 sc=0.9847 mi=0.0728 dn=0.0000 v13=0.0000 grl=0.0000 v15=0.0000 v15r=0.0000 v16=0.0000 v17=0.0000 v18=0.0000 acc=0.9812 lr=2.97e-04 lambda=0.000 grl_lambda=0.000 v18_lambda=0.000 gpu=3.0/11.8GB
[21:51:26] [train] ep=10 step=020/40 ce=0.7759 sc=1.0479 mi=0.0687 dn=0.0000 v13=0.0000 grl=0.0000 v15=0.0000 v15r=0.0000 v16=0.0000 v17=0.0000 v18=0.0000 acc=0.9719 lr=2.97e-04 lambda=0.000 grl_lambda=0.000 v18_lambda=0.000 gpu=3.0/11.8GB
[21:51:32] [train] ep=10 step=030/40 ce=0.7258 sc=0.9769 mi=0.0700 dn=0.0000 v13=0.0000 grl=0.0000 v15=0.0000 v15r=0.0000 v16=0.0000 v17=0.0000 v18=0.0000 acc=0.9771 lr=2.96e-04 lambda=0.000 grl_lambda=0.000 v18_lambda=0.000 gpu=3.0/11.8GB
[21:51:37] [train] ep=10 step=040/40 ce=0.7160 sc=0.9419 mi=0.0689 dn=0.0000 v13=0.0000 grl=0.0000 v15=0.0000 v15r=0.0000 v16=0.0000 v17=0.0000 v18=0.0000 acc=0.9781 lr=2.96e-04 lambda=0.000 grl_lambda=0.000 v18_lambda=0.000 gpu=3.0/11.8GB
[21:51:48] [pool] check ep=010/100 source_val_acc_ema=0.2593 threshold=0.90
[21:51:48] [pool] ep=010 SKIP (source_val_acc_ema=0.2593 < 0.90)
[21:51:48] [ep_summary] ep=10/100 val_live=0.9691/0.9693 val_ema=0.2593/0.1965 test77_live=0.6655/0.6119 test77_diag_ema=0.1763/0.0748 v13=0.0000 grl=0.0000 v15=0.0000 v15r=0.0000 v16=0.0000 v17=0.0000 v18=0.0000 das=stage2[10,50] p=0.70 ep_time=34.1s
[21:51:48] [save] best_sourceval_ema val_acc_ema=0.2593 source_val_live=0.9691/0.9693 source_val_ema=0.2593/0.1965 ep=10
[21:51:48] [strict77_monitor] ep=10 best_source_epoch=10 source_val_ema=0.2593/0.1965 test77_ema_diag=0.1763/0.0748 sourcequalified_count=0
[21:51:48] [train] epoch 11/100 steps=40 use_dann=0 das=stage2 f=[10.0,50.0] p=0.70 gpu=3.0/11.8GB
[21:51:49] [train] ep=11 step=001/40 ce=0.3799 sc=0.6634 mi=0.0690 dn=0.0000 v13=0.0000 grl=0.0000 v15=0.0000 v15r=0.0000 v16=0.0000 v17=0.0000 v18=0.0000 acc=1.0000 lr=2.96e-04 lambda=0.000 grl_lambda=0.000 v18_lambda=0.000 gpu=3.0/11.8GB
[21:51:54] [train] ep=11 step=010/40 ce=0.8219 sc=0.9001 mi=0.0682 dn=0.0000 v13=0.0000 grl=0.0000 v15=0.0000 v15r=0.0000 v16=0.0000 v17=0.0000 v18=0.0000 acc=0.9625 lr=2.96e-04 lambda=0.000 grl_lambda=0.000 v18_lambda=0.000 gpu=3.0/11.8GB
[21:52:00] [train] ep=11 step=020/40 ce=0.6541 sc=0.8478 mi=0.0692 dn=0.0000 v13=0.0000 grl=0.0000 v15=0.0000 v15r=0.0000 v16=0.0000 v17=0.0000 v18=0.0000 acc=0.9781 lr=2.96e-04 lambda=0.000 grl_lambda=0.000 v18_lambda=0.000 gpu=3.0/11.8GB
[21:52:06] [train] ep=11 step=030/40 ce=0.7290 sc=0.9070 mi=0.0683 dn=0.0000 v13=0.0000 grl=0.0000 v15=0.0000 v15r=0.0000 v16=0.0000 v17=0.0000 v18=0.0000 acc=0.9750 lr=2.95e-04 lambda=0.000 grl_lambda=0.000 v18_lambda=0.000 gpu=3.0/11.8GB
[21:52:12] [train] ep=11 step=040/40 ce=0.6836 sc=0.8948 mi=0.0678 dn=0.0000 v13=0.0000 grl=0.0000 v15=0.0000 v15r=0.0000 v16=0.0000 v17=0.0000 v18=0.0000 acc=0.9766 lr=2.95e-04 lambda=0.000 grl_lambda=0.000 v18_lambda=0.000 gpu=3.0/11.8GB
[21:52:22] [ep_summary] ep=11/100 val_live=0.9383/0.9381 val_ema=0.2716/0.2157 test77_live=0.6367/0.5520 test77_diag_ema=0.1799/0.0767 v13=0.0000 grl=0.0000 v15=0.0000 v15r=0.0000 v16=0.0000 v17=0.0000 v18=0.0000 das=stage2[10,50] p=0.70 ep_time=34.1s
[21:52:22] [save] best_sourceval_ema val_acc_ema=0.2716 source_val_live=0.9383/0.9381 source_val_ema=0.2716/0.2157 ep=11
[21:52:22] [train] epoch 12/100 steps=40 use_dann=0 das=stage2 f=[10.0,50.0] p=0.70 gpu=3.0/11.8GB
[21:52:23] [train] ep=12 step=001/40 ce=1.7037 sc=1.0977 mi=0.0701 dn=0.0000 v13=0.0000 grl=0.0000 v15=0.0000 v15r=0.0000 v16=0.0000 v17=0.0000 v18=0.0000 acc=0.9375 lr=2.95e-04 lambda=0.000 grl_lambda=0.000 v18_lambda=0.000 gpu=3.0/11.8GB
[21:52:28] [train] ep=12 step=010/40 ce=0.9267 sc=0.8696 mi=0.0697 dn=0.0000 v13=0.0000 grl=0.0000 v15=0.0000 v15r=0.0000 v16=0.0000 v17=0.0000 v18=0.0000 acc=0.9688 lr=2.95e-04 lambda=0.000 grl_lambda=0.000 v18_lambda=0.000 gpu=3.0/11.8GB
[21:52:34] [train] ep=12 step=020/40 ce=0.8280 sc=0.8958 mi=0.0688 dn=0.0000 v13=0.0000 grl=0.0000 v15=0.0000 v15r=0.0000 v16=0.0000 v17=0.0000 v18=0.0000 acc=0.9688 lr=2.94e-04 lambda=0.000 grl_lambda=0.000 v18_lambda=0.000 gpu=3.0/11.8GB
[21:52:40] [train] ep=12 step=030/40 ce=0.7526 sc=0.9089 mi=0.0684 dn=0.0000 v13=0.0000 grl=0.0000 v15=0.0000 v15r=0.0000 v16=0.0000 v17=0.0000 v18=0.0000 acc=0.9750 lr=2.94e-04 lambda=0.000 grl_lambda=0.000 v18_lambda=0.000 gpu=3.0/11.8GB
[21:52:46] [train] ep=12 step=040/40 ce=0.7230 sc=0.9119 mi=0.0678 dn=0.0000 v13=0.0000 grl=0.0000 v15=0.0000 v15r=0.0000 v16=0.0000 v17=0.0000 v18=0.0000 acc=0.9766 lr=2.94e-04 lambda=0.000 grl_lambda=0.000 v18_lambda=0.000 gpu=3.0/11.8GB
[21:52:57] [ep_summary] ep=12/100 val_live=0.9506/0.9513 val_ema=0.3210/0.2824 test77_live=0.6331/0.5699 test77_diag_ema=0.1727/0.0705 v13=0.0000 grl=0.0000 v15=0.0000 v15r=0.0000 v16=0.0000 v17=0.0000 v18=0.0000 das=stage2[10,50] p=0.70 ep_time=34.2s
[21:52:57] [save] best_sourceval_ema val_acc_ema=0.3210 source_val_live=0.9506/0.9513 source_val_ema=0.3210/0.2824 ep=12
[21:52:57] [train] epoch 13/100 steps=40 use_dann=0 das=stage2 f=[10.0,50.0] p=0.70 gpu=3.0/11.8GB
[21:52:57] [train] ep=13 step=001/40 ce=0.3236 sc=1.0468 mi=0.0564 dn=0.0000 v13=0.0000 grl=0.0000 v15=0.0000 v15r=0.0000 v16=0.0000 v17=0.0000 v18=0.0000 acc=1.0000 lr=2.94e-04 lambda=0.000 grl_lambda=0.000 v18_lambda=0.000 gpu=3.0/11.8GB
[21:53:02] [train] ep=13 step=010/40 ce=0.7429 sc=0.8892 mi=0.0675 dn=0.0000 v13=0.0000 grl=0.0000 v15=0.0000 v15r=0.0000 v16=0.0000 v17=0.0000 v18=0.0000 acc=0.9750 lr=2.93e-04 lambda=0.000 grl_lambda=0.000 v18_lambda=0.000 gpu=3.0/11.8GB
[21:53:08] [train] ep=13 step=020/40 ce=0.6348 sc=0.8746 mi=0.0648 dn=0.0000 v13=0.0000 grl=0.0000 v15=0.0000 v15r=0.0000 v16=0.0000 v17=0.0000 v18=0.0000 acc=0.9812 lr=2.93e-04 lambda=0.000 grl_lambda=0.000 v18_lambda=0.000 gpu=3.0/11.8GB
[21:53:14] [train] ep=13 step=030/40 ce=0.7354 sc=0.8588 mi=0.0637 dn=0.0000 v13=0.0000 grl=0.0000 v15=0.0000 v15r=0.0000 v16=0.0000 v17=0.0000 v18=0.0000 acc=0.9729 lr=2.93e-04 lambda=0.000 grl_lambda=0.000 v18_lambda=0.000 gpu=3.0/11.8GB
[21:53:20] [train] ep=13 step=040/40 ce=0.6696 sc=0.8275 mi=0.0640 dn=0.0000 v13=0.0000 grl=0.0000 v15=0.0000 v15r=0.0000 v16=0.0000 v17=0.0000 v18=0.0000 acc=0.9781 lr=2.92e-04 lambda=0.000 grl_lambda=0.000 v18_lambda=0.000 gpu=3.0/11.8GB
[21:53:31] [ep_summary] ep=13/100 val_live=0.9383/0.9377 val_ema=0.3457/0.3148 test77_live=0.6691/0.6159 test77_diag_ema=0.1691/0.0677 v13=0.0000 grl=0.0000 v15=0.0000 v15r=0.0000 v16=0.0000 v17=0.0000 v18=0.0000 das=stage2[10,50] p=0.70 ep_time=34.0s
[21:53:31] [save] best_sourceval_ema val_acc_ema=0.3457 source_val_live=0.9383/0.9377 source_val_ema=0.3457/0.3148 ep=13
[21:53:31] [train] epoch 14/100 steps=40 use_dann=0 das=stage2 f=[10.0,50.0] p=0.70 gpu=3.0/11.8GB
[21:53:31] [train] ep=14 step=001/40 ce=0.3257 sc=0.5908 mi=0.0633 dn=0.0000 v13=0.0000 grl=0.0000 v15=0.0000 v15r=0.0000 v16=0.0000 v17=0.0000 v18=0.0000 acc=1.0000 lr=2.92e-04 lambda=0.000 grl_lambda=0.000 v18_lambda=0.000 gpu=3.0/11.8GB
[21:53:37] [train] ep=14 step=010/40 ce=0.4950 sc=0.8043 mi=0.0610 dn=0.0000 v13=0.0000 grl=0.0000 v15=0.0000 v15r=0.0000 v16=0.0000 v17=0.0000 v18=0.0000 acc=0.9875 lr=2.92e-04 lambda=0.000 grl_lambda=0.000 v18_lambda=0.000 gpu=3.0/11.8GB
[21:53:42] [train] ep=14 step=020/40 ce=0.4261 sc=0.8215 mi=0.0616 dn=0.0000 v13=0.0000 grl=0.0000 v15=0.0000 v15r=0.0000 v16=0.0000 v17=0.0000 v18=0.0000 acc=0.9938 lr=2.91e-04 lambda=0.000 grl_lambda=0.000 v18_lambda=0.000 gpu=3.0/11.8GB
[21:53:48] [train] ep=14 step=030/40 ce=0.3958 sc=0.8389 mi=0.0609 dn=0.0000 v13=0.0000 grl=0.0000 v15=0.0000 v15r=0.0000 v16=0.0000 v17=0.0000 v18=0.0000 acc=0.9958 lr=2.91e-04 lambda=0.000 grl_lambda=0.000 v18_lambda=0.000 gpu=3.0/11.8GB
[21:53:54] [train] ep=14 step=040/40 ce=0.4320 sc=0.8442 mi=0.0603 dn=0.0000 v13=0.0000 grl=0.0000 v15=0.0000 v15r=0.0000 v16=0.0000 v17=0.0000 v18=0.0000 acc=0.9953 lr=2.91e-04 lambda=0.000 grl_lambda=0.000 v18_lambda=0.000 gpu=3.0/11.8GB
[21:54:05] [ep_summary] ep=14/100 val_live=0.9444/0.9456 val_ema=0.3827/0.3625 test77_live=0.7446/0.7084 test77_diag_ema=0.1691/0.0679 v13=0.0000 grl=0.0000 v15=0.0000 v15r=0.0000 v16=0.0000 v17=0.0000 v18=0.0000 das=stage2[10,50] p=0.70 ep_time=34.0s
[21:54:05] [save] best_sourceval_ema val_acc_ema=0.3827 source_val_live=0.9444/0.9456 source_val_ema=0.3827/0.3625 ep=14
[21:54:05] [train] epoch 15/100 steps=40 use_dann=0 das=stage2 f=[10.0,50.0] p=0.70 gpu=3.0/11.8GB
[21:54:05] [train] ep=15 step=001/40 ce=0.3126 sc=0.5550 mi=0.0640 dn=0.0000 v13=0.0000 grl=0.0000 v15=0.0000 v15r=0.0000 v16=0.0000 v17=0.0000 v18=0.0000 acc=1.0000 lr=2.91e-04 lambda=0.000 grl_lambda=0.000 v18_lambda=0.000 gpu=3.0/11.8GB
[21:54:11] [train] ep=15 step=010/40 ce=0.4625 sc=0.7151 mi=0.0602 dn=0.0000 v13=0.0000 grl=0.0000 v15=0.0000 v15r=0.0000 v16=0.0000 v17=0.0000 v18=0.0000 acc=0.9875 lr=2.90e-04 lambda=0.000 grl_lambda=0.000 v18_lambda=0.000 gpu=3.0/11.8GB
[21:54:17] [train] ep=15 step=020/40 ce=0.4106 sc=0.6900 mi=0.0601 dn=0.0000 v13=0.0000 grl=0.0000 v15=0.0000 v15r=0.0000 v16=0.0000 v17=0.0000 v18=0.0000 acc=0.9938 lr=2.90e-04 lambda=0.000 grl_lambda=0.000 v18_lambda=0.000 gpu=3.0/11.8GB
[21:54:22] [train] ep=15 step=030/40 ce=0.4665 sc=0.7579 mi=0.0597 dn=0.0000 v13=0.0000 grl=0.0000 v15=0.0000 v15r=0.0000 v16=0.0000 v17=0.0000 v18=0.0000 acc=0.9875 lr=2.89e-04 lambda=0.000 grl_lambda=0.000 v18_lambda=0.000 gpu=3.0/11.8GB
[21:54:28] [train] ep=15 step=040/40 ce=0.4316 sc=0.7665 mi=0.0604 dn=0.0000 v13=0.0000 grl=0.0000 v15=0.0000 v15r=0.0000 v16=0.0000 v17=0.0000 v18=0.0000 acc=0.9906 lr=2.89e-04 lambda=0.000 grl_lambda=0.000 v18_lambda=0.000 gpu=3.0/11.8GB
[21:54:40] [ep_summary] ep=15/100 val_live=0.9444/0.9433 val_ema=0.4444/0.4390 test77_live=0.6871/0.6558 test77_diag_ema=0.1691/0.0680 v13=0.0000 grl=0.0000 v15=0.0000 v15r=0.0000 v16=0.0000 v17=0.0000 v18=0.0000 das=stage2[10,50] p=0.70 ep_time=34.8s
[21:54:40] [save] best_sourceval_ema val_acc_ema=0.4444 source_val_live=0.9444/0.9433 source_val_ema=0.4444/0.4390 ep=15
[21:54:40] [train] epoch 16/100 steps=40 use_dann=0 das=stage2 f=[10.0,50.0] p=0.70 gpu=3.0/11.8GB
[21:54:40] [train] ep=16 step=001/40 ce=0.3116 sc=0.6740 mi=0.0606 dn=0.0000 v13=0.0000 grl=0.0000 v15=0.0000 v15r=0.0000 v16=0.0000 v17=0.0000 v18=0.0000 acc=1.0000 lr=2.89e-04 lambda=0.000 grl_lambda=0.000 v18_lambda=0.000 gpu=3.0/11.8GB
[21:54:46] [train] ep=16 step=010/40 ce=0.3231 sc=0.7836 mi=0.0627 dn=0.0000 v13=0.0000 grl=0.0000 v15=0.0000 v15r=0.0000 v16=0.0000 v17=0.0000 v18=0.0000 acc=1.0000 lr=2.88e-04 lambda=0.000 grl_lambda=0.000 v18_lambda=0.000 gpu=3.0/11.8GB
[21:54:51] [train] ep=16 step=020/40 ce=0.3530 sc=0.6738 mi=0.0609 dn=0.0000 v13=0.0000 grl=0.0000 v15=0.0000 v15r=0.0000 v16=0.0000 v17=0.0000 v18=0.0000 acc=0.9969 lr=2.88e-04 lambda=0.000 grl_lambda=0.000 v18_lambda=0.000 gpu=3.0/11.8GB
[21:54:58] [train] ep=16 step=030/40 ce=0.3767 sc=0.7678 mi=0.0615 dn=0.0000 v13=0.0000 grl=0.0000 v15=0.0000 v15r=0.0000 v16=0.0000 v17=0.0000 v18=0.0000 acc=0.9958 lr=2.87e-04 lambda=0.000 grl_lambda=0.000 v18_lambda=0.000 gpu=3.0/11.8GB
[21:55:03] [train] ep=16 step=040/40 ce=0.3781 sc=0.7619 mi=0.0609 dn=0.0000 v13=0.0000 grl=0.0000 v15=0.0000 v15r=0.0000 v16=0.0000 v17=0.0000 v18=0.0000 acc=0.9969 lr=2.87e-04 lambda=0.000 grl_lambda=0.000 v18_lambda=0.000 gpu=3.0/11.8GB
[21:55:14] [ep_summary] ep=16/100 val_live=0.9383/0.9384 val_ema=0.4938/0.4910 test77_live=0.7086/0.6517 test77_diag_ema=0.1727/0.0724 v13=0.0000 grl=0.0000 v15=0.0000 v15r=0.0000 v16=0.0000 v17=0.0000 v18=0.0000 das=stage2[10,50] p=0.70 ep_time=34.4s
[21:55:14] [save] best_sourceval_ema val_acc_ema=0.4938 source_val_live=0.9383/0.9384 source_val_ema=0.4938/0.4910 ep=16
[21:55:14] [train] epoch 17/100 steps=40 use_dann=0 das=stage2 f=[10.0,50.0] p=0.70 gpu=3.0/11.8GB
[21:55:15] [train] ep=17 step=001/40 ce=0.2860 sc=1.0699 mi=0.0610 dn=0.0000 v13=0.0000 grl=0.0000 v15=0.0000 v15r=0.0000 v16=0.0000 v17=0.0000 v18=0.0000 acc=1.0000 lr=2.87e-04 lambda=0.000 grl_lambda=0.000 v18_lambda=0.000 gpu=3.0/11.8GB
[21:55:20] [train] ep=17 step=010/40 ce=0.3472 sc=0.7953 mi=0.0572 dn=0.0000 v13=0.0000 grl=0.0000 v15=0.0000 v15r=0.0000 v16=0.0000 v17=0.0000 v18=0.0000 acc=0.9938 lr=2.86e-04 lambda=0.000 grl_lambda=0.000 v18_lambda=0.000 gpu=3.0/11.8GB
[21:55:26] [train] ep=17 step=020/40 ce=0.3462 sc=0.7545 mi=0.0583 dn=0.0000 v13=0.0000 grl=0.0000 v15=0.0000 v15r=0.0000 v16=0.0000 v17=0.0000 v18=0.0000 acc=0.9938 lr=2.86e-04 lambda=0.000 grl_lambda=0.000 v18_lambda=0.000 gpu=3.0/11.8GB
[21:55:32] [train] ep=17 step=030/40 ce=0.3467 sc=0.7919 mi=0.0579 dn=0.0000 v13=0.0000 grl=0.0000 v15=0.0000 v15r=0.0000 v16=0.0000 v17=0.0000 v18=0.0000 acc=0.9958 lr=2.85e-04 lambda=0.000 grl_lambda=0.000 v18_lambda=0.000 gpu=3.0/11.8GB
[21:55:38] [train] ep=17 step=040/40 ce=0.3587 sc=0.8071 mi=0.0579 dn=0.0000 v13=0.0000 grl=0.0000 v15=0.0000 v15r=0.0000 v16=0.0000 v17=0.0000 v18=0.0000 acc=0.9953 lr=2.85e-04 lambda=0.000 grl_lambda=0.000 v18_lambda=0.000 gpu=3.0/11.8GB
[21:55:48] [ep_summary] ep=17/100 val_live=0.9444/0.9456 val_ema=0.5432/0.5427 test77_live=0.7302/0.6795 test77_diag_ema=0.1835/0.0839 v13=0.0000 grl=0.0000 v15=0.0000 v15r=0.0000 v16=0.0000 v17=0.0000 v18=0.0000 das=stage2[10,50] p=0.70 ep_time=34.0s
[21:55:48] [save] best_sourceval_ema val_acc_ema=0.5432 source_val_live=0.9444/0.9456 source_val_ema=0.5432/0.5427 ep=17
[21:55:48] [train] epoch 18/100 steps=40 use_dann=0 das=stage2 f=[10.0,50.0] p=0.70 gpu=3.0/11.8GB
[21:55:49] [train] ep=18 step=001/40 ce=0.2893 sc=0.5783 mi=0.0568 dn=0.0000 v13=0.0000 grl=0.0000 v15=0.0000 v15r=0.0000 v16=0.0000 v17=0.0000 v18=0.0000 acc=1.0000 lr=2.85e-04 lambda=0.000 grl_lambda=0.000 v18_lambda=0.000 gpu=3.0/11.8GB
[21:55:54] [train] ep=18 step=010/40 ce=0.3087 sc=0.7417 mi=0.0576 dn=0.0000 v13=0.0000 grl=0.0000 v15=0.0000 v15r=0.0000 v16=0.0000 v17=0.0000 v18=0.0000 acc=1.0000 lr=2.84e-04 lambda=0.000 grl_lambda=0.000 v18_lambda=0.000 gpu=3.0/11.8GB
[21:56:00] [train] ep=18 step=020/40 ce=0.3318 sc=0.7754 mi=0.0560 dn=0.0000 v13=0.0000 grl=0.0000 v15=0.0000 v15r=0.0000 v16=0.0000 v17=0.0000 v18=0.0000 acc=0.9969 lr=2.84e-04 lambda=0.000 grl_lambda=0.000 v18_lambda=0.000 gpu=3.0/11.8GB
[21:56:06] [train] ep=18 step=030/40 ce=0.3330 sc=0.8465 mi=0.0556 dn=0.0000 v13=0.0000 grl=0.0000 v15=0.0000 v15r=0.0000 v16=0.0000 v17=0.0000 v18=0.0000 acc=0.9979 lr=2.83e-04 lambda=0.000 grl_lambda=0.000 v18_lambda=0.000 gpu=3.0/11.8GB
[21:56:12] [train] ep=18 step=040/40 ce=0.3380 sc=0.8249 mi=0.0551 dn=0.0000 v13=0.0000 grl=0.0000 v15=0.0000 v15r=0.0000 v16=0.0000 v17=0.0000 v18=0.0000 acc=0.9984 lr=2.83e-04 lambda=0.000 grl_lambda=0.000 v18_lambda=0.000 gpu=3.0/11.8GB
[21:56:23] [ep_summary] ep=18/100 val_live=0.9259/0.9267 val_ema=0.6111/0.6166 test77_live=0.6727/0.6195 test77_diag_ema=0.1871/0.0890 v13=0.0000 grl=0.0000 v15=0.0000 v15r=0.0000 v16=0.0000 v17=0.0000 v18=0.0000 das=stage2[10,50] p=0.70 ep_time=35.2s
[21:56:23] [save] best_sourceval_ema val_acc_ema=0.6111 source_val_live=0.9259/0.9267 source_val_ema=0.6111/0.6166 ep=18
[21:56:24] [train] epoch 19/100 steps=40 use_dann=0 das=stage2 f=[10.0,50.0] p=0.70 gpu=3.0/11.8GB
[21:56:24] [train] ep=19 step=001/40 ce=0.2861 sc=0.5426 mi=0.0550 dn=0.0000 v13=0.0000 grl=0.0000 v15=0.0000 v15r=0.0000 v16=0.0000 v17=0.0000 v18=0.0000 acc=1.0000 lr=2.83e-04 lambda=0.000 grl_lambda=0.000 v18_lambda=0.000 gpu=3.0/11.8GB
[21:56:29] [train] ep=19 step=010/40 ce=0.4920 sc=0.8547 mi=0.0558 dn=0.0000 v13=0.0000 grl=0.0000 v15=0.0000 v15r=0.0000 v16=0.0000 v17=0.0000 v18=0.0000 acc=0.9875 lr=2.82e-04 lambda=0.000 grl_lambda=0.000 v18_lambda=0.000 gpu=3.0/11.8GB
[21:56:35] [train] ep=19 step=020/40 ce=0.4086 sc=0.8032 mi=0.0570 dn=0.0000 v13=0.0000 grl=0.0000 v15=0.0000 v15r=0.0000 v16=0.0000 v17=0.0000 v18=0.0000 acc=0.9938 lr=2.82e-04 lambda=0.000 grl_lambda=0.000 v18_lambda=0.000 gpu=3.0/11.8GB
[21:56:41] [train] ep=19 step=030/40 ce=0.3704 sc=0.7965 mi=0.0567 dn=0.0000 v13=0.0000 grl=0.0000 v15=0.0000 v15r=0.0000 v16=0.0000 v17=0.0000 v18=0.0000 acc=0.9958 lr=2.81e-04 lambda=0.000 grl_lambda=0.000 v18_lambda=0.000 gpu=3.0/11.8GB
[21:56:47] [train] ep=19 step=040/40 ce=0.3519 sc=0.7835 mi=0.0565 dn=0.0000 v13=0.0000 grl=0.0000 v15=0.0000 v15r=0.0000 v16=0.0000 v17=0.0000 v18=0.0000 acc=0.9969 lr=2.80e-04 lambda=0.000 grl_lambda=0.000 v18_lambda=0.000 gpu=3.0/11.8GB
[21:56:58] [ep_summary] ep=19/100 val_live=0.9630/0.9629 val_ema=0.6543/0.6626 test77_live=0.6619/0.6137 test77_diag_ema=0.1906/0.0928 v13=0.0000 grl=0.0000 v15=0.0000 v15r=0.0000 v16=0.0000 v17=0.0000 v18=0.0000 das=stage2[10,50] p=0.70 ep_time=34.2s
[21:56:58] [save] best_sourceval_ema val_acc_ema=0.6543 source_val_live=0.9630/0.9629 source_val_ema=0.6543/0.6626 ep=19
[21:56:58] [train] epoch 20/100 steps=40 use_dann=0 das=stage2 f=[10.0,50.0] p=0.70 gpu=3.0/11.8GB
[21:56:58] [train] ep=20 step=001/40 ce=0.2704 sc=0.8031 mi=0.0560 dn=0.0000 v13=0.0000 grl=0.0000 v15=0.0000 v15r=0.0000 v16=0.0000 v17=0.0000 v18=0.0000 acc=1.0000 lr=2.80e-04 lambda=0.000 grl_lambda=0.000 v18_lambda=0.000 gpu=3.0/11.8GB
[21:57:04] [train] ep=20 step=010/40 ce=0.3599 sc=0.7225 mi=0.0572 dn=0.0000 v13=0.0000 grl=0.0000 v15=0.0000 v15r=0.0000 v16=0.0000 v17=0.0000 v18=0.0000 acc=1.0000 lr=2.80e-04 lambda=0.000 grl_lambda=0.000 v18_lambda=0.000 gpu=3.0/11.8GB
[21:57:10] [train] ep=20 step=020/40 ce=0.3705 sc=0.7366 mi=0.0556 dn=0.0000 v13=0.0000 grl=0.0000 v15=0.0000 v15r=0.0000 v16=0.0000 v17=0.0000 v18=0.0000 acc=0.9969 lr=2.79e-04 lambda=0.000 grl_lambda=0.000 v18_lambda=0.000 gpu=3.0/11.8GB
[21:57:16] [train] ep=20 step=030/40 ce=0.3573 sc=0.7328 mi=0.0552 dn=0.0000 v13=0.0000 grl=0.0000 v15=0.0000 v15r=0.0000 v16=0.0000 v17=0.0000 v18=0.0000 acc=0.9979 lr=2.79e-04 lambda=0.000 grl_lambda=0.000 v18_lambda=0.000 gpu=3.0/11.8GB
[21:57:22] [train] ep=20 step=040/40 ce=0.3554 sc=0.7471 mi=0.0558 dn=0.0000 v13=0.0000 grl=0.0000 v15=0.0000 v15r=0.0000 v16=0.0000 v17=0.0000 v18=0.0000 acc=0.9969 lr=2.78e-04 lambda=0.000 grl_lambda=0.000 v18_lambda=0.000 gpu=3.0/11.8GB
[21:57:33] [pool] check ep=020/100 source_val_acc_ema=0.6975 threshold=0.90
[21:57:33] [pool] ep=020 SKIP (source_val_acc_ema=0.6975 < 0.90)
[21:57:33] [ep_summary] ep=20/100 val_live=0.9506/0.9512 val_ema=0.6975/0.7082 test77_live=0.5935/0.5332 test77_diag_ema=0.1978/0.1019 v13=0.0000 grl=0.0000 v15=0.0000 v15r=0.0000 v16=0.0000 v17=0.0000 v18=0.0000 das=stage2[10,50] p=0.70 ep_time=35.0s
[21:57:33] [save] best_sourceval_ema val_acc_ema=0.6975 source_val_live=0.9506/0.9512 source_val_ema=0.6975/0.7082 ep=20
[21:57:33] [strict77_monitor] ep=20 best_source_epoch=20 source_val_ema=0.6975/0.7082 test77_ema_diag=0.1978/0.1019 sourcequalified_count=0
[21:57:33] [train] epoch 21/100 steps=40 use_dann=0 das=stage2 f=[10.0,50.0] p=0.70 gpu=3.0/11.8GB
[21:57:33] [train] ep=21 step=001/40 ce=0.2752 sc=0.8335 mi=0.0515 dn=0.0000 v13=0.0000 grl=0.0000 v15=0.0000 v15r=0.0000 v16=0.0000 v17=0.0000 v18=0.0000 acc=1.0000 lr=2.78e-04 lambda=0.000 grl_lambda=0.000 v18_lambda=0.000 gpu=3.0/11.8GB
[21:57:39] [train] ep=21 step=010/40 ce=0.2916 sc=0.7711 mi=0.0522 dn=0.0000 v13=0.0000 grl=0.0000 v15=0.0000 v15r=0.0000 v16=0.0000 v17=0.0000 v18=0.0000 acc=1.0000 lr=2.77e-04 lambda=0.000 grl_lambda=0.000 v18_lambda=0.000 gpu=3.0/11.8GB
[21:57:45] [train] ep=21 step=020/40 ce=0.3160 sc=0.7593 mi=0.0511 dn=0.0000 v13=0.0000 grl=0.0000 v15=0.0000 v15r=0.0000 v16=0.0000 v17=0.0000 v18=0.0000 acc=1.0000 lr=2.77e-04 lambda=0.000 grl_lambda=0.000 v18_lambda=0.000 gpu=3.0/11.8GB
[21:57:51] [train] ep=21 step=030/40 ce=0.3689 sc=0.7327 mi=0.0523 dn=0.0000 v13=0.0000 grl=0.0000 v15=0.0000 v15r=0.0000 v16=0.0000 v17=0.0000 v18=0.0000 acc=0.9938 lr=2.76e-04 lambda=0.000 grl_lambda=0.000 v18_lambda=0.000 gpu=3.0/11.8GB
[21:57:56] [train] ep=21 step=040/40 ce=0.3463 sc=0.7356 mi=0.0525 dn=0.0000 v13=0.0000 grl=0.0000 v15=0.0000 v15r=0.0000 v16=0.0000 v17=0.0000 v18=0.0000 acc=0.9953 lr=2.75e-04 lambda=0.000 grl_lambda=0.000 v18_lambda=0.000 gpu=3.0/11.8GB
[21:58:07] [ep_summary] ep=21/100 val_live=0.9444/0.9451 val_ema=0.7222/0.7301 test77_live=0.6871/0.6370 test77_diag_ema=0.2194/0.1231 v13=0.0000 grl=0.0000 v15=0.0000 v15r=0.0000 v16=0.0000 v17=0.0000 v18=0.0000 das=stage2[10,50] p=0.70 ep_time=34.4s
[21:58:07] [save] best_sourceval_ema val_acc_ema=0.7222 source_val_live=0.9444/0.9451 source_val_ema=0.7222/0.7301 ep=21
[21:58:07] [train] epoch 22/100 steps=40 use_dann=0 das=stage2 f=[10.0,50.0] p=0.70 gpu=3.0/11.8GB
[21:58:08] [train] ep=22 step=001/40 ce=0.2760 sc=0.7475 mi=0.0478 dn=0.0000 v13=0.0000 grl=0.0000 v15=0.0000 v15r=0.0000 v16=0.0000 v17=0.0000 v18=0.0000 acc=1.0000 lr=2.75e-04 lambda=0.000 grl_lambda=0.000 v18_lambda=0.000 gpu=3.0/11.8GB
[21:58:13] [train] ep=22 step=010/40 ce=0.2859 sc=0.8874 mi=0.0503 dn=0.0000 v13=0.0000 grl=0.0000 v15=0.0000 v15r=0.0000 v16=0.0000 v17=0.0000 v18=0.0000 acc=1.0000 lr=2.75e-04 lambda=0.000 grl_lambda=0.000 v18_lambda=0.000 gpu=3.0/11.8GB
[21:58:19] [train] ep=22 step=020/40 ce=0.3507 sc=0.8895 mi=0.0502 dn=0.0000 v13=0.0000 grl=0.0000 v15=0.0000 v15r=0.0000 v16=0.0000 v17=0.0000 v18=0.0000 acc=0.9969 lr=2.74e-04 lambda=0.000 grl_lambda=0.000 v18_lambda=0.000 gpu=3.0/11.8GB
[21:58:25] [train] ep=22 step=030/40 ce=0.3257 sc=0.8319 mi=0.0511 dn=0.0000 v13=0.0000 grl=0.0000 v15=0.0000 v15r=0.0000 v16=0.0000 v17=0.0000 v18=0.0000 acc=0.9979 lr=2.73e-04 lambda=0.000 grl_lambda=0.000 v18_lambda=0.000 gpu=3.0/11.8GB
[21:58:31] [train] ep=22 step=040/40 ce=0.3351 sc=0.7981 mi=0.0503 dn=0.0000 v13=0.0000 grl=0.0000 v15=0.0000 v15r=0.0000 v16=0.0000 v17=0.0000 v18=0.0000 acc=0.9969 lr=2.73e-04 lambda=0.000 grl_lambda=0.000 v18_lambda=0.000 gpu=3.0/11.8GB
[21:58:42] [ep_summary] ep=22/100 val_live=0.9444/0.9464 val_ema=0.7716/0.7709 test77_live=0.7446/0.6886 test77_diag_ema=0.2302/0.1321 v13=0.0000 grl=0.0000 v15=0.0000 v15r=0.0000 v16=0.0000 v17=0.0000 v18=0.0000 das=stage2[10,50] p=0.70 ep_time=34.9s
[21:58:42] [save] best_sourceval_ema val_acc_ema=0.7716 source_val_live=0.9444/0.9464 source_val_ema=0.7716/0.7709 ep=22
[21:58:42] [train] epoch 23/100 steps=40 use_dann=0 das=stage2 f=[10.0,50.0] p=0.70 gpu=3.0/11.8GB
[21:58:43] [train] ep=23 step=001/40 ce=0.9446 sc=1.2579 mi=0.0524 dn=0.0000 v13=0.0000 grl=0.0000 v15=0.0000 v15r=0.0000 v16=0.0000 v17=0.0000 v18=0.0000 acc=0.9375 lr=2.72e-04 lambda=0.000 grl_lambda=0.000 v18_lambda=0.000 gpu=3.0/11.8GB
[21:58:48] [train] ep=23 step=010/40 ce=0.3492 sc=0.8908 mi=0.0517 dn=0.0000 v13=0.0000 grl=0.0000 v15=0.0000 v15r=0.0000 v16=0.0000 v17=0.0000 v18=0.0000 acc=0.9938 lr=2.72e-04 lambda=0.000 grl_lambda=0.000 v18_lambda=0.000 gpu=3.0/11.8GB
[21:58:54] [train] ep=23 step=020/40 ce=0.3278 sc=0.8006 mi=0.0516 dn=0.0000 v13=0.0000 grl=0.0000 v15=0.0000 v15r=0.0000 v16=0.0000 v17=0.0000 v18=0.0000 acc=0.9969 lr=2.71e-04 lambda=0.000 grl_lambda=0.000 v18_lambda=0.000 gpu=3.0/11.8GB
[21:59:00] [train] ep=23 step=030/40 ce=0.3193 sc=0.8114 mi=0.0521 dn=0.0000 v13=0.0000 grl=0.0000 v15=0.0000 v15r=0.0000 v16=0.0000 v17=0.0000 v18=0.0000 acc=0.9979 lr=2.70e-04 lambda=0.000 grl_lambda=0.000 v18_lambda=0.000 gpu=3.0/11.8GB
[21:59:06] [train] ep=23 step=040/40 ce=0.3080 sc=0.7946 mi=0.0523 dn=0.0000 v13=0.0000 grl=0.0000 v15=0.0000 v15r=0.0000 v16=0.0000 v17=0.0000 v18=0.0000 acc=0.9984 lr=2.70e-04 lambda=0.000 grl_lambda=0.000 v18_lambda=0.000 gpu=3.0/11.8GB
[21:59:18] [ep_summary] ep=23/100 val_live=0.9444/0.9460 val_ema=0.7901/0.7897 test77_live=0.7734/0.7178 test77_diag_ema=0.2410/0.1398 v13=0.0000 grl=0.0000 v15=0.0000 v15r=0.0000 v16=0.0000 v17=0.0000 v18=0.0000 das=stage2[10,50] p=0.70 ep_time=35.5s
[21:59:18] [save] best_sourceval_ema val_acc_ema=0.7901 source_val_live=0.9444/0.9460 source_val_ema=0.7901/0.7897 ep=23
[21:59:18] [train] epoch 24/100 steps=40 use_dann=0 das=stage2 f=[10.0,50.0] p=0.70 gpu=3.0/11.8GB
[21:59:18] [train] ep=24 step=001/40 ce=0.3260 sc=0.6232 mi=0.0495 dn=0.0000 v13=0.0000 grl=0.0000 v15=0.0000 v15r=0.0000 v16=0.0000 v17=0.0000 v18=0.0000 acc=1.0000 lr=2.70e-04 lambda=0.000 grl_lambda=0.000 v18_lambda=0.000 gpu=3.0/11.8GB
[21:59:24] [train] ep=24 step=010/40 ce=0.2771 sc=0.6757 mi=0.0512 dn=0.0000 v13=0.0000 grl=0.0000 v15=0.0000 v15r=0.0000 v16=0.0000 v17=0.0000 v18=0.0000 acc=1.0000 lr=2.69e-04 lambda=0.000 grl_lambda=0.000 v18_lambda=0.000 gpu=3.0/11.8GB
[21:59:30] [train] ep=24 step=020/40 ce=0.2732 sc=0.7334 mi=0.0495 dn=0.0000 v13=0.0000 grl=0.0000 v15=0.0000 v15r=0.0000 v16=0.0000 v17=0.0000 v18=0.0000 acc=1.0000 lr=2.68e-04 lambda=0.000 grl_lambda=0.000 v18_lambda=0.000 gpu=3.0/11.8GB
[21:59:36] [train] ep=24 step=030/40 ce=0.2833 sc=0.7637 mi=0.0499 dn=0.0000 v13=0.0000 grl=0.0000 v15=0.0000 v15r=0.0000 v16=0.0000 v17=0.0000 v18=0.0000 acc=1.0000 lr=2.67e-04 lambda=0.000 grl_lambda=0.000 v18_lambda=0.000 gpu=3.0/11.8GB
[21:59:42] [train] ep=24 step=040/40 ce=0.2931 sc=0.7536 mi=0.0500 dn=0.0000 v13=0.0000 grl=0.0000 v15=0.0000 v15r=0.0000 v16=0.0000 v17=0.0000 v18=0.0000 acc=1.0000 lr=2.67e-04 lambda=0.000 grl_lambda=0.000 v18_lambda=0.000 gpu=3.0/11.8GB
[21:59:54] [ep_summary] ep=24/100 val_live=0.9568/0.9567 val_ema=0.8333/0.8331 test77_live=0.7482/0.6914 test77_diag_ema=0.2482/0.1500 v13=0.0000 grl=0.0000 v15=0.0000 v15r=0.0000 v16=0.0000 v17=0.0000 v18=0.0000 das=stage2[10,50] p=0.70 ep_time=35.9s
[21:59:54] [save] best_sourceval_ema val_acc_ema=0.8333 source_val_live=0.9568/0.9567 source_val_ema=0.8333/0.8331 ep=24
[21:59:54] [train] epoch 25/100 steps=40 use_dann=0 das=stage3 f=[12.0,95.0] p=1.00 gpu=3.0/11.8GB
[21:59:54] [train] ep=25 step=001/40 ce=0.7901 sc=0.7062 mi=0.0662 dn=0.0000 v13=0.0000 grl=0.0000 v15=0.0000 v15r=0.0000 v16=0.0000 v17=0.0000 v18=0.0000 acc=0.9375 lr=2.67e-04 lambda=0.000 grl_lambda=0.000 v18_lambda=0.000 gpu=3.0/11.8GB
[22:00:00] [train] ep=25 step=010/40 ce=0.5339 sc=0.8302 mi=0.0607 dn=0.0000 v13=0.0000 grl=0.0000 v15=0.0000 v15r=0.0000 v16=0.0000 v17=0.0000 v18=0.0000 acc=0.9875 lr=2.66e-04 lambda=0.000 grl_lambda=0.000 v18_lambda=0.000 gpu=3.0/11.8GB
[22:00:06] [train] ep=25 step=020/40 ce=0.4854 sc=0.7929 mi=0.0596 dn=0.0000 v13=0.0000 grl=0.0000 v15=0.0000 v15r=0.0000 v16=0.0000 v17=0.0000 v18=0.0000 acc=0.9906 lr=2.65e-04 lambda=0.000 grl_lambda=0.000 v18_lambda=0.000 gpu=3.0/11.8GB
[22:00:12] [train] ep=25 step=030/40 ce=0.4672 sc=0.7989 mi=0.0588 dn=0.0000 v13=0.0000 grl=0.0000 v15=0.0000 v15r=0.0000 v16=0.0000 v17=0.0000 v18=0.0000 acc=0.9917 lr=2.64e-04 lambda=0.000 grl_lambda=0.000 v18_lambda=0.000 gpu=3.0/11.8GB
[22:00:17] [train] ep=25 step=040/40 ce=0.4903 sc=0.8018 mi=0.0582 dn=0.0000 v13=0.0000 grl=0.0000 v15=0.0000 v15r=0.0000 v16=0.0000 v17=0.0000 v18=0.0000 acc=0.9906 lr=2.64e-04 lambda=0.000 grl_lambda=0.000 v18_lambda=0.000 gpu=3.0/11.8GB
[22:00:30] [ep_summary] ep=25/100 val_live=0.9259/0.9274 val_ema=0.8827/0.8816 test77_live=0.6079/0.5601 test77_diag_ema=0.2518/0.1514 v13=0.0000 grl=0.0000 v15=0.0000 v15r=0.0000 v16=0.0000 v17=0.0000 v18=0.0000 das=stage3[12,95] p=1.00 ep_time=36.4s
[22:00:30] [save] best_sourceval_ema val_acc_ema=0.8827 source_val_live=0.9259/0.9274 source_val_ema=0.8827/0.8816 ep=25
[22:00:30] [train] epoch 26/100 steps=40 use_dann=0 das=stage3 f=[12.0,95.0] p=1.00 gpu=3.0/11.8GB
[22:00:31] [train] ep=26 step=001/40 ce=0.5652 sc=1.2214 mi=0.0524 dn=0.0000 v13=0.0000 grl=0.0000 v15=0.0000 v15r=0.0000 v16=0.0000 v17=0.0000 v18=0.0000 acc=1.0000 lr=2.64e-04 lambda=0.000 grl_lambda=0.000 v18_lambda=0.000 gpu=3.0/11.8GB
[22:00:36] [train] ep=26 step=010/40 ce=0.4253 sc=0.8133 mi=0.0563 dn=0.0000 v13=0.0000 grl=0.0000 v15=0.0000 v15r=0.0000 v16=0.0000 v17=0.0000 v18=0.0000 acc=0.9938 lr=2.63e-04 lambda=0.000 grl_lambda=0.000 v18_lambda=0.000 gpu=3.0/11.8GB
[22:00:42] [train] ep=26 step=020/40 ce=0.4895 sc=0.8671 mi=0.0595 dn=0.0000 v13=0.0000 grl=0.0000 v15=0.0000 v15r=0.0000 v16=0.0000 v17=0.0000 v18=0.0000 acc=0.9906 lr=2.62e-04 lambda=0.000 grl_lambda=0.000 v18_lambda=0.000 gpu=3.0/11.8GB
[22:00:48] [train] ep=26 step=030/40 ce=0.5466 sc=0.8625 mi=0.0587 dn=0.0000 v13=0.0000 grl=0.0000 v15=0.0000 v15r=0.0000 v16=0.0000 v17=0.0000 v18=0.0000 acc=0.9854 lr=2.61e-04 lambda=0.000 grl_lambda=0.000 v18_lambda=0.000 gpu=3.0/11.8GB
[22:00:54] [train] ep=26 step=040/40 ce=0.5011 sc=0.8474 mi=0.0574 dn=0.0000 v13=0.0000 grl=0.0000 v15=0.0000 v15r=0.0000 v16=0.0000 v17=0.0000 v18=0.0000 acc=0.9891 lr=2.60e-04 lambda=0.000 grl_lambda=0.000 v18_lambda=0.000 gpu=3.0/11.8GB
[22:01:05] [ep_summary] ep=26/100 val_live=0.9568/0.9571 val_ema=0.8889/0.8880 test77_live=0.7194/0.6749 test77_diag_ema=0.2770/0.1888 v13=0.0000 grl=0.0000 v15=0.0000 v15r=0.0000 v16=0.0000 v17=0.0000 v18=0.0000 das=stage3[12,95] p=1.00 ep_time=35.2s
[22:01:05] [save] best_sourceval_ema val_acc_ema=0.8889 source_val_live=0.9568/0.9571 source_val_ema=0.8889/0.8880 ep=26
[22:01:05] [train] epoch 27/100 steps=40 use_dann=0 das=stage3 f=[12.0,95.0] p=1.00 gpu=3.0/11.8GB
[22:01:06] [train] ep=27 step=001/40 ce=0.2823 sc=0.6182 mi=0.0559 dn=0.0000 v13=0.0000 grl=0.0000 v15=0.0000 v15r=0.0000 v16=0.0000 v17=0.0000 v18=0.0000 acc=1.0000 lr=2.60e-04 lambda=0.000 grl_lambda=0.000 v18_lambda=0.000 gpu=3.0/11.8GB
[22:01:11] [train] ep=27 step=010/40 ce=0.3545 sc=0.7182 mi=0.0556 dn=0.0000 v13=0.0000 grl=0.0000 v15=0.0000 v15r=0.0000 v16=0.0000 v17=0.0000 v18=0.0000 acc=1.0000 lr=2.60e-04 lambda=0.000 grl_lambda=0.000 v18_lambda=0.000 gpu=3.0/11.8GB
[22:01:17] [train] ep=27 step=020/40 ce=0.3714 sc=0.7440 mi=0.0571 dn=0.0000 v13=0.0000 grl=0.0000 v15=0.0000 v15r=0.0000 v16=0.0000 v17=0.0000 v18=0.0000 acc=0.9969 lr=2.59e-04 lambda=0.000 grl_lambda=0.000 v18_lambda=0.000 gpu=3.0/11.8GB
[22:01:23] [train] ep=27 step=030/40 ce=0.3856 sc=0.7635 mi=0.0558 dn=0.0000 v13=0.0000 grl=0.0000 v15=0.0000 v15r=0.0000 v16=0.0000 v17=0.0000 v18=0.0000 acc=0.9938 lr=2.58e-04 lambda=0.000 grl_lambda=0.000 v18_lambda=0.000 gpu=3.0/11.8GB
[22:01:29] [train] ep=27 step=040/40 ce=0.4274 sc=0.7696 mi=0.0555 dn=0.0000 v13=0.0000 grl=0.0000 v15=0.0000 v15r=0.0000 v16=0.0000 v17=0.0000 v18=0.0000 acc=0.9922 lr=2.57e-04 lambda=0.000 grl_lambda=0.000 v18_lambda=0.000 gpu=3.0/11.8GB
[22:01:40] [ep_summary] ep=27/100 val_live=0.9568/0.9559 val_ema=0.9074/0.9061 test77_live=0.7338/0.6945 test77_diag_ema=0.2950/0.2080 v13=0.0000 grl=0.0000 v15=0.0000 v15r=0.0000 v16=0.0000 v17=0.0000 v18=0.0000 das=stage3[12,95] p=1.00 ep_time=34.1s
[22:01:40] [save] best_sourceval_ema val_acc_ema=0.9074 source_val_live=0.9568/0.9559 source_val_ema=0.9074/0.9061 ep=27
[22:01:40] [save] best_sourcequalified77_ema ep=27 source_val_live=0.9568/0.9559 source_val_ema=0.9074/0.9061 test77_ema=0.2950/0.2080
[22:01:40] [train] epoch 28/100 steps=40 use_dann=0 das=stage3 f=[12.0,95.0] p=1.00 gpu=3.0/11.8GB
[22:01:40] [train] ep=28 step=001/40 ce=0.4931 sc=0.8643 mi=0.0631 dn=0.0000 v13=0.0000 grl=0.0000 v15=0.0000 v15r=0.0000 v16=0.0000 v17=0.0000 v18=0.0000 acc=1.0000 lr=2.57e-04 lambda=0.000 grl_lambda=0.000 v18_lambda=0.000 gpu=3.0/11.8GB
[22:01:45] [train] ep=28 step=010/40 ce=0.4272 sc=0.7706 mi=0.0570 dn=0.0000 v13=0.0000 grl=0.0000 v15=0.0000 v15r=0.0000 v16=0.0000 v17=0.0000 v18=0.0000 acc=0.9938 lr=2.56e-04 lambda=0.000 grl_lambda=0.000 v18_lambda=0.000 gpu=3.0/11.8GB
[22:01:51] [train] ep=28 step=020/40 ce=0.3605 sc=0.7625 mi=0.0542 dn=0.0000 v13=0.0000 grl=0.0000 v15=0.0000 v15r=0.0000 v16=0.0000 v17=0.0000 v18=0.0000 acc=0.9969 lr=2.55e-04 lambda=0.000 grl_lambda=0.000 v18_lambda=0.000 gpu=3.0/11.8GB
[22:01:57] [train] ep=28 step=030/40 ce=0.3982 sc=0.7375 mi=0.0537 dn=0.0000 v13=0.0000 grl=0.0000 v15=0.0000 v15r=0.0000 v16=0.0000 v17=0.0000 v18=0.0000 acc=0.9938 lr=2.54e-04 lambda=0.000 grl_lambda=0.000 v18_lambda=0.000 gpu=3.0/11.8GB
[22:02:03] [train] ep=28 step=040/40 ce=0.4136 sc=0.7658 mi=0.0542 dn=0.0000 v13=0.0000 grl=0.0000 v15=0.0000 v15r=0.0000 v16=0.0000 v17=0.0000 v18=0.0000 acc=0.9922 lr=2.54e-04 lambda=0.000 grl_lambda=0.000 v18_lambda=0.000 gpu=3.0/11.8GB
[22:02:14] [ep_summary] ep=28/100 val_live=0.9383/0.9402 val_ema=0.9136/0.9125 test77_live=0.7122/0.6578 test77_diag_ema=0.3094/0.2262 v13=0.0000 grl=0.0000 v15=0.0000 v15r=0.0000 v16=0.0000 v17=0.0000 v18=0.0000 das=stage3[12,95] p=1.00 ep_time=34.0s
[22:02:14] [save] best_sourceval_ema val_acc_ema=0.9136 source_val_live=0.9383/0.9402 source_val_ema=0.9136/0.9125 ep=28
[22:02:14] [save] best_sourcequalified77_ema ep=28 source_val_live=0.9383/0.9402 source_val_ema=0.9136/0.9125 test77_ema=0.3094/0.2262
[22:02:14] [train] epoch 29/100 steps=40 use_dann=0 das=stage3 f=[12.0,95.0] p=1.00 gpu=3.0/11.8GB
[22:02:14] [train] ep=29 step=001/40 ce=0.2821 sc=0.5292 mi=0.0521 dn=0.0000 v13=0.0000 grl=0.0000 v15=0.0000 v15r=0.0000 v16=0.0000 v17=0.0000 v18=0.0000 acc=1.0000 lr=2.53e-04 lambda=0.000 grl_lambda=0.000 v18_lambda=0.000 gpu=3.0/11.8GB
[22:02:20] [train] ep=29 step=010/40 ce=0.3691 sc=0.7357 mi=0.0509 dn=0.0000 v13=0.0000 grl=0.0000 v15=0.0000 v15r=0.0000 v16=0.0000 v17=0.0000 v18=0.0000 acc=0.9938 lr=2.53e-04 lambda=0.000 grl_lambda=0.000 v18_lambda=0.000 gpu=3.0/11.8GB
[22:02:26] [train] ep=29 step=020/40 ce=0.3700 sc=0.7593 mi=0.0505 dn=0.0000 v13=0.0000 grl=0.0000 v15=0.0000 v15r=0.0000 v16=0.0000 v17=0.0000 v18=0.0000 acc=0.9938 lr=2.52e-04 lambda=0.000 grl_lambda=0.000 v18_lambda=0.000 gpu=3.0/11.8GB
[22:02:32] [train] ep=29 step=030/40 ce=0.3736 sc=0.8181 mi=0.0505 dn=0.0000 v13=0.0000 grl=0.0000 v15=0.0000 v15r=0.0000 v16=0.0000 v17=0.0000 v18=0.0000 acc=0.9958 lr=2.51e-04 lambda=0.000 grl_lambda=0.000 v18_lambda=0.000 gpu=3.0/11.8GB
[22:02:37] [train] ep=29 step=040/40 ce=0.3659 sc=0.7816 mi=0.0512 dn=0.0000 v13=0.0000 grl=0.0000 v15=0.0000 v15r=0.0000 v16=0.0000 v17=0.0000 v18=0.0000 acc=0.9953 lr=2.50e-04 lambda=0.000 grl_lambda=0.000 v18_lambda=0.000 gpu=3.0/11.8GB
[22:02:48] [ep_summary] ep=29/100 val_live=0.9444/0.9458 val_ema=0.9136/0.9138 test77_live=0.6906/0.6514 test77_diag_ema=0.3381/0.2624 v13=0.0000 grl=0.0000 v15=0.0000 v15r=0.0000 v16=0.0000 v17=0.0000 v18=0.0000 das=stage3[12,95] p=1.00 ep_time=34.5s
[22:02:48] [save] best_sourcequalified77_ema ep=29 source_val_live=0.9444/0.9458 source_val_ema=0.9136/0.9138 test77_ema=0.3381/0.2624
[22:02:48] [train] epoch 30/100 steps=40 use_dann=0 das=stage3 f=[12.0,95.0] p=1.00 gpu=3.0/11.8GB
[22:02:49] [train] ep=30 step=001/40 ce=0.2877 sc=0.8635 mi=0.0559 dn=0.0000 v13=0.0000 grl=0.0000 v15=0.0000 v15r=0.0000 v16=0.0000 v17=0.0000 v18=0.0000 acc=1.0000 lr=2.50e-04 lambda=0.000 grl_lambda=0.000 v18_lambda=0.000 gpu=3.0/11.8GB
[22:02:54] [train] ep=30 step=010/40 ce=0.2803 sc=0.7601 mi=0.0530 dn=0.0000 v13=0.0000 grl=0.0000 v15=0.0000 v15r=0.0000 v16=0.0000 v17=0.0000 v18=0.0000 acc=1.0000 lr=2.49e-04 lambda=0.000 grl_lambda=0.000 v18_lambda=0.000 gpu=3.0/11.8GB
[22:03:00] [train] ep=30 step=020/40 ce=0.3002 sc=0.7915 mi=0.0519 dn=0.0000 v13=0.0000 grl=0.0000 v15=0.0000 v15r=0.0000 v16=0.0000 v17=0.0000 v18=0.0000 acc=1.0000 lr=2.48e-04 lambda=0.000 grl_lambda=0.000 v18_lambda=0.000 gpu=3.0/11.8GB
[22:03:06] [train] ep=30 step=030/40 ce=0.2939 sc=0.8205 mi=0.0519 dn=0.0000 v13=0.0000 grl=0.0000 v15=0.0000 v15r=0.0000 v16=0.0000 v17=0.0000 v18=0.0000 acc=1.0000 lr=2.47e-04 lambda=0.000 grl_lambda=0.000 v18_lambda=0.000 gpu=3.0/11.8GB
[22:03:12] [train] ep=30 step=040/40 ce=0.2918 sc=0.8108 mi=0.0515 dn=0.0000 v13=0.0000 grl=0.0000 v15=0.0000 v15r=0.0000 v16=0.0000 v17=0.0000 v18=0.0000 acc=1.0000 lr=2.46e-04 lambda=0.000 grl_lambda=0.000 v18_lambda=0.000 gpu=3.0/11.8GB
[22:03:23] [pool] check ep=030/100 source_val_acc_ema=0.9136 threshold=0.90
[22:03:28] [pool] ep=030 ADDED src_val=0.9136/0.9138 dev77=0.3143/0.2371 final77=0.3525/0.2719
[22:03:28] [pool] running best ep=030 dev77_f1=0.2371 final77_f1=0.2719 (pool_size=1)
[22:03:28] [ep_summary] ep=30/100 val_live=0.9321/0.9334 val_ema=0.9136/0.9138 test77_live=0.6978/0.6617 test77_diag_ema=0.3525/0.2719 v13=0.0000 grl=0.0000 v15=0.0000 v15r=0.0000 v16=0.0000 v17=0.0000 v18=0.0000 das=stage3[12,95] p=1.00 ep_time=39.4s
[22:03:28] [save] best_sourcequalified77_ema ep=30 source_val_live=0.9321/0.9334 source_val_ema=0.9136/0.9138 test77_ema=0.3525/0.2719
[22:03:28] [strict77_monitor] ep=30 best_source_epoch=28 source_val_ema=0.9136/0.9125 test77_ema_diag=0.3094/0.2262 sourcequalified_count=4 best_sourcequalified77_epoch=30 source_val_ema=0.9136/0.9138 test77_ema=0.3525/0.2719
[22:03:28] [train] epoch 31/100 steps=40 use_dann=0 das=stage3 f=[12.0,95.0] p=1.00 gpu=3.0/11.8GB
[22:03:28] [train] ep=31 step=001/40 ce=0.2658 sc=0.2644 mi=0.0590 dn=0.0000 v13=0.0000 grl=0.0000 v15=0.0000 v15r=0.0000 v16=0.0000 v17=0.0000 v18=0.0000 acc=1.0000 lr=2.46e-04 lambda=0.000 grl_lambda=0.000 v18_lambda=0.000 gpu=3.0/11.8GB
[22:03:34] [train] ep=31 step=010/40 ce=0.2758 sc=0.6948 mi=0.0507 dn=0.0000 v13=0.0000 grl=0.0000 v15=0.0000 v15r=0.0000 v16=0.0000 v17=0.0000 v18=0.0000 acc=1.0000 lr=2.45e-04 lambda=0.000 grl_lambda=0.000 v18_lambda=0.000 gpu=3.0/11.8GB
[22:03:39] [train] ep=31 step=020/40 ce=0.2984 sc=0.7445 mi=0.0505 dn=0.0000 v13=0.0000 grl=0.0000 v15=0.0000 v15r=0.0000 v16=0.0000 v17=0.0000 v18=0.0000 acc=0.9969 lr=2.44e-04 lambda=0.000 grl_lambda=0.000 v18_lambda=0.000 gpu=3.0/11.8GB
[22:03:45] [train] ep=31 step=030/40 ce=0.3012 sc=0.7579 mi=0.0503 dn=0.0000 v13=0.0000 grl=0.0000 v15=0.0000 v15r=0.0000 v16=0.0000 v17=0.0000 v18=0.0000 acc=0.9979 lr=2.43e-04 lambda=0.000 grl_lambda=0.000 v18_lambda=0.000 gpu=3.0/11.8GB
[22:03:51] [train] ep=31 step=040/40 ce=0.3212 sc=0.7562 mi=0.0506 dn=0.0000 v13=0.0000 grl=0.0000 v15=0.0000 v15r=0.0000 v16=0.0000 v17=0.0000 v18=0.0000 acc=0.9969 lr=2.43e-04 lambda=0.000 grl_lambda=0.000 v18_lambda=0.000 gpu=3.0/11.8GB
[22:04:02] [ep_summary] ep=31/100 val_live=0.9136/0.9140 val_ema=0.9198/0.9197 test77_live=0.7050/0.6482 test77_diag_ema=0.3705/0.2852 v13=0.0000 grl=0.0000 v15=0.0000 v15r=0.0000 v16=0.0000 v17=0.0000 v18=0.0000 das=stage3[12,95] p=1.00 ep_time=34.1s
[22:04:02] [save] best_sourceval_ema val_acc_ema=0.9198 source_val_live=0.9136/0.9140 source_val_ema=0.9198/0.9197 ep=31
[22:04:02] [save] best_sourcequalified77_ema ep=31 source_val_live=0.9136/0.9140 source_val_ema=0.9198/0.9197 test77_ema=0.3705/0.2852
[22:04:02] [train] epoch 32/100 steps=40 use_dann=0 das=stage3 f=[12.0,95.0] p=1.00 gpu=3.0/11.8GB
[22:04:03] [train] ep=32 step=001/40 ce=0.2650 sc=0.6158 mi=0.0446 dn=0.0000 v13=0.0000 grl=0.0000 v15=0.0000 v15r=0.0000 v16=0.0000 v17=0.0000 v18=0.0000 acc=1.0000 lr=2.42e-04 lambda=0.000 grl_lambda=0.000 v18_lambda=0.000 gpu=3.0/11.8GB
[22:04:08] [train] ep=32 step=010/40 ce=0.4104 sc=0.8592 mi=0.0485 dn=0.0000 v13=0.0000 grl=0.0000 v15=0.0000 v15r=0.0000 v16=0.0000 v17=0.0000 v18=0.0000 acc=0.9875 lr=2.42e-04 lambda=0.000 grl_lambda=0.000 v18_lambda=0.000 gpu=3.0/11.8GB
[22:04:14] [train] ep=32 step=020/40 ce=0.3558 sc=0.7530 mi=0.0501 dn=0.0000 v13=0.0000 grl=0.0000 v15=0.0000 v15r=0.0000 v16=0.0000 v17=0.0000 v18=0.0000 acc=0.9938 lr=2.41e-04 lambda=0.000 grl_lambda=0.000 v18_lambda=0.000 gpu=3.0/11.8GB
[22:04:20] [train] ep=32 step=030/40 ce=0.3327 sc=0.7230 mi=0.0521 dn=0.0000 v13=0.0000 grl=0.0000 v15=0.0000 v15r=0.0000 v16=0.0000 v17=0.0000 v18=0.0000 acc=0.9958 lr=2.40e-04 lambda=0.000 grl_lambda=0.000 v18_lambda=0.000 gpu=3.0/11.8GB
[22:04:25] [train] ep=32 step=040/40 ce=0.3177 sc=0.7389 mi=0.0517 dn=0.0000 v13=0.0000 grl=0.0000 v15=0.0000 v15r=0.0000 v16=0.0000 v17=0.0000 v18=0.0000 acc=0.9969 lr=2.39e-04 lambda=0.000 grl_lambda=0.000 v18_lambda=0.000 gpu=3.0/11.8GB
[22:04:36] [ep_summary] ep=32/100 val_live=0.9321/0.9334 val_ema=0.9198/0.9197 test77_live=0.7050/0.6658 test77_diag_ema=0.3885/0.3020 v13=0.0000 grl=0.0000 v15=0.0000 v15r=0.0000 v16=0.0000 v17=0.0000 v18=0.0000 das=stage3[12,95] p=1.00 ep_time=34.0s
[22:04:36] [save] best_sourcequalified77_ema ep=32 source_val_live=0.9321/0.9334 source_val_ema=0.9198/0.9197 test77_ema=0.3885/0.3020
[22:04:36] [train] epoch 33/100 steps=40 use_dann=0 das=stage3 f=[12.0,95.0] p=1.00 gpu=3.0/11.8GB
[22:04:37] [train] ep=33 step=001/40 ce=0.4666 sc=0.6271 mi=0.0599 dn=0.0000 v13=0.0000 grl=0.0000 v15=0.0000 v15r=0.0000 v16=0.0000 v17=0.0000 v18=0.0000 acc=1.0000 lr=2.39e-04 lambda=0.000 grl_lambda=0.000 v18_lambda=0.000 gpu=3.0/11.8GB
[22:04:42] [train] ep=33 step=010/40 ce=0.2867 sc=0.7331 mi=0.0525 dn=0.0000 v13=0.0000 grl=0.0000 v15=0.0000 v15r=0.0000 v16=0.0000 v17=0.0000 v18=0.0000 acc=1.0000 lr=2.38e-04 lambda=0.000 grl_lambda=0.000 v18_lambda=0.000 gpu=3.0/11.8GB
[22:04:48] [train] ep=33 step=020/40 ce=0.3142 sc=0.7482 mi=0.0519 dn=0.0000 v13=0.0000 grl=0.0000 v15=0.0000 v15r=0.0000 v16=0.0000 v17=0.0000 v18=0.0000 acc=0.9969 lr=2.37e-04 lambda=0.000 grl_lambda=0.000 v18_lambda=0.000 gpu=3.0/11.8GB
[22:04:54] [train] ep=33 step=030/40 ce=0.3269 sc=0.7771 mi=0.0503 dn=0.0000 v13=0.0000 grl=0.0000 v15=0.0000 v15r=0.0000 v16=0.0000 v17=0.0000 v18=0.0000 acc=0.9958 lr=2.36e-04 lambda=0.000 grl_lambda=0.000 v18_lambda=0.000 gpu=3.0/11.8GB
[22:05:00] [train] ep=33 step=040/40 ce=0.3249 sc=0.7746 mi=0.0500 dn=0.0000 v13=0.0000 grl=0.0000 v15=0.0000 v15r=0.0000 v16=0.0000 v17=0.0000 v18=0.0000 acc=0.9969 lr=2.35e-04 lambda=0.000 grl_lambda=0.000 v18_lambda=0.000 gpu=3.0/11.8GB
[22:05:10] [ep_summary] ep=33/100 val_live=0.9444/0.9442 val_ema=0.9136/0.9131 test77_live=0.7446/0.7125 test77_diag_ema=0.4029/0.3134 v13=0.0000 grl=0.0000 v15=0.0000 v15r=0.0000 v16=0.0000 v17=0.0000 v18=0.0000 das=stage3[12,95] p=1.00 ep_time=34.2s
[22:05:10] [save] best_sourcequalified77_ema ep=33 source_val_live=0.9444/0.9442 source_val_ema=0.9136/0.9131 test77_ema=0.4029/0.3134
[22:05:10] [train] epoch 34/100 steps=40 use_dann=0 das=stage3 f=[12.0,95.0] p=1.00 gpu=3.0/11.8GB
[22:05:11] [train] ep=34 step=001/40 ce=0.2664 sc=0.4337 mi=0.0477 dn=0.0000 v13=0.0000 grl=0.0000 v15=0.0000 v15r=0.0000 v16=0.0000 v17=0.0000 v18=0.0000 acc=1.0000 lr=2.35e-04 lambda=0.000 grl_lambda=0.000 v18_lambda=0.000 gpu=3.0/11.8GB
[22:05:16] [train] ep=34 step=010/40 ce=0.2676 sc=0.9085 mi=0.0491 dn=0.0000 v13=0.0000 grl=0.0000 v15=0.0000 v15r=0.0000 v16=0.0000 v17=0.0000 v18=0.0000 acc=1.0000 lr=2.34e-04 lambda=0.000 grl_lambda=0.000 v18_lambda=0.000 gpu=3.0/11.8GB
[22:05:22] [train] ep=34 step=020/40 ce=0.2739 sc=0.8298 mi=0.0488 dn=0.0000 v13=0.0000 grl=0.0000 v15=0.0000 v15r=0.0000 v16=0.0000 v17=0.0000 v18=0.0000 acc=1.0000 lr=2.33e-04 lambda=0.000 grl_lambda=0.000 v18_lambda=0.000 gpu=3.0/11.8GB
[22:05:28] [train] ep=34 step=030/40 ce=0.2715 sc=0.8049 mi=0.0488 dn=0.0000 v13=0.0000 grl=0.0000 v15=0.0000 v15r=0.0000 v16=0.0000 v17=0.0000 v18=0.0000 acc=1.0000 lr=2.32e-04 lambda=0.000 grl_lambda=0.000 v18_lambda=0.000 gpu=3.0/11.8GB
[22:05:34] [train] ep=34 step=040/40 ce=0.2936 sc=0.7984 mi=0.0491 dn=0.0000 v13=0.0000 grl=0.0000 v15=0.0000 v15r=0.0000 v16=0.0000 v17=0.0000 v18=0.0000 acc=0.9984 lr=2.31e-04 lambda=0.000 grl_lambda=0.000 v18_lambda=0.000 gpu=3.0/11.8GB
[22:05:45] [ep_summary] ep=34/100 val_live=0.9444/0.9445 val_ema=0.9136/0.9144 test77_live=0.6763/0.6342 test77_diag_ema=0.4029/0.3130 v13=0.0000 grl=0.0000 v15=0.0000 v15r=0.0000 v16=0.0000 v17=0.0000 v18=0.0000 das=stage3[12,95] p=1.00 ep_time=34.3s
[22:05:45] [train] epoch 35/100 steps=40 use_dann=0 das=stage3 f=[12.0,95.0] p=1.00 gpu=3.0/11.8GB
[22:05:45] [train] ep=35 step=001/40 ce=0.2673 sc=0.8863 mi=0.0424 dn=0.0000 v13=0.0000 grl=0.0000 v15=0.0000 v15r=0.0000 v16=0.0000 v17=0.0000 v18=0.0000 acc=1.0000 lr=2.31e-04 lambda=0.000 grl_lambda=0.000 v18_lambda=0.000 gpu=3.0/11.8GB
[22:05:51] [train] ep=35 step=010/40 ce=0.4859 sc=0.7299 mi=0.0493 dn=0.0000 v13=0.0000 grl=0.0000 v15=0.0000 v15r=0.0000 v16=0.0000 v17=0.0000 v18=0.0000 acc=0.9875 lr=2.30e-04 lambda=0.000 grl_lambda=0.000 v18_lambda=0.000 gpu=3.0/11.8GB
[22:05:56] [train] ep=35 step=020/40 ce=0.3808 sc=0.7522 mi=0.0486 dn=0.0000 v13=0.0000 grl=0.0000 v15=0.0000 v15r=0.0000 v16=0.0000 v17=0.0000 v18=0.0000 acc=0.9938 lr=2.29e-04 lambda=0.000 grl_lambda=0.000 v18_lambda=0.000 gpu=3.0/11.8GB
[22:06:02] [train] ep=35 step=030/40 ce=0.3565 sc=0.7466 mi=0.0485 dn=0.0000 v13=0.0000 grl=0.0000 v15=0.0000 v15r=0.0000 v16=0.0000 v17=0.0000 v18=0.0000 acc=0.9938 lr=2.28e-04 lambda=0.000 grl_lambda=0.000 v18_lambda=0.000 gpu=3.0/11.8GB
[22:06:08] [train] ep=35 step=040/40 ce=0.3426 sc=0.7660 mi=0.0488 dn=0.0000 v13=0.0000 grl=0.0000 v15=0.0000 v15r=0.0000 v16=0.0000 v17=0.0000 v18=0.0000 acc=0.9953 lr=2.27e-04 lambda=0.000 grl_lambda=0.000 v18_lambda=0.000 gpu=3.0/11.8GB
[22:06:21] [ep_summary] ep=35/100 val_live=0.9383/0.9399 val_ema=0.9259/0.9273 test77_live=0.7266/0.6773 test77_diag_ema=0.4137/0.3277 v13=0.0000 grl=0.0000 v15=0.0000 v15r=0.0000 v16=0.0000 v17=0.0000 v18=0.0000 das=stage3[12,95] p=1.00 ep_time=36.0s
[22:06:21] [save] best_sourceval_ema val_acc_ema=0.9259 source_val_live=0.9383/0.9399 source_val_ema=0.9259/0.9273 ep=35
[22:06:21] [save] best_sourcequalified77_ema ep=35 source_val_live=0.9383/0.9399 source_val_ema=0.9259/0.9273 test77_ema=0.4137/0.3277
[22:06:21] [train] epoch 36/100 steps=40 use_dann=0 das=stage3 f=[12.0,95.0] p=1.00 gpu=3.0/11.8GB
[22:06:21] [train] ep=36 step=001/40 ce=0.4267 sc=0.9341 mi=0.0502 dn=0.0000 v13=0.0000 grl=0.0000 v15=0.0000 v15r=0.0000 v16=0.0000 v17=0.0000 v18=0.0000 acc=1.0000 lr=2.26e-04 lambda=0.000 grl_lambda=0.000 v18_lambda=0.000 gpu=3.0/11.8GB
[22:06:27] [train] ep=36 step=010/40 ce=0.2882 sc=0.7465 mi=0.0478 dn=0.0000 v13=0.0000 grl=0.0000 v15=0.0000 v15r=0.0000 v16=0.0000 v17=0.0000 v18=0.0000 acc=1.0000 lr=2.25e-04 lambda=0.000 grl_lambda=0.000 v18_lambda=0.000 gpu=3.0/11.8GB
[22:06:32] [train] ep=36 step=020/40 ce=0.3444 sc=0.7502 mi=0.0487 dn=0.0000 v13=0.0000 grl=0.0000 v15=0.0000 v15r=0.0000 v16=0.0000 v17=0.0000 v18=0.0000 acc=0.9938 lr=2.24e-04 lambda=0.000 grl_lambda=0.000 v18_lambda=0.000 gpu=3.0/11.8GB
[22:06:38] [train] ep=36 step=030/40 ce=0.3275 sc=0.7548 mi=0.0480 dn=0.0000 v13=0.0000 grl=0.0000 v15=0.0000 v15r=0.0000 v16=0.0000 v17=0.0000 v18=0.0000 acc=0.9958 lr=2.23e-04 lambda=0.000 grl_lambda=0.000 v18_lambda=0.000 gpu=3.0/11.8GB
[22:06:44] [train] ep=36 step=040/40 ce=0.3156 sc=0.7358 mi=0.0481 dn=0.0000 v13=0.0000 grl=0.0000 v15=0.0000 v15r=0.0000 v16=0.0000 v17=0.0000 v18=0.0000 acc=0.9969 lr=2.22e-04 lambda=0.000 grl_lambda=0.000 v18_lambda=0.000 gpu=3.0/11.8GB
[22:06:55] [ep_summary] ep=36/100 val_live=0.9383/0.9387 val_ema=0.9321/0.9330 test77_live=0.7626/0.7309 test77_diag_ema=0.4388/0.3589 v13=0.0000 grl=0.0000 v15=0.0000 v15r=0.0000 v16=0.0000 v17=0.0000 v18=0.0000 das=stage3[12,95] p=1.00 ep_time=34.7s
[22:06:55] [save] best_sourceval_ema val_acc_ema=0.9321 source_val_live=0.9383/0.9387 source_val_ema=0.9321/0.9330 ep=36
[22:06:55] [save] best_sourcequalified77_ema ep=36 source_val_live=0.9383/0.9387 source_val_ema=0.9321/0.9330 test77_ema=0.4388/0.3589
[22:06:56] [train] epoch 37/100 steps=40 use_dann=0 das=stage3 f=[12.0,95.0] p=1.00 gpu=3.0/11.8GB
[22:06:56] [train] ep=37 step=001/40 ce=0.2625 sc=0.7281 mi=0.0512 dn=0.0000 v13=0.0000 grl=0.0000 v15=0.0000 v15r=0.0000 v16=0.0000 v17=0.0000 v18=0.0000 acc=1.0000 lr=2.22e-04 lambda=0.000 grl_lambda=0.000 v18_lambda=0.000 gpu=3.0/11.8GB
[22:07:01] [train] ep=37 step=010/40 ce=0.2641 sc=0.7432 mi=0.0465 dn=0.0000 v13=0.0000 grl=0.0000 v15=0.0000 v15r=0.0000 v16=0.0000 v17=0.0000 v18=0.0000 acc=1.0000 lr=2.21e-04 lambda=0.000 grl_lambda=0.000 v18_lambda=0.000 gpu=3.0/11.8GB
[22:07:07] [train] ep=37 step=020/40 ce=0.2640 sc=0.7586 mi=0.0484 dn=0.0000 v13=0.0000 grl=0.0000 v15=0.0000 v15r=0.0000 v16=0.0000 v17=0.0000 v18=0.0000 acc=1.0000 lr=2.20e-04 lambda=0.000 grl_lambda=0.000 v18_lambda=0.000 gpu=3.0/11.8GB
[22:07:13] [train] ep=37 step=030/40 ce=0.2713 sc=0.7473 mi=0.0480 dn=0.0000 v13=0.0000 grl=0.0000 v15=0.0000 v15r=0.0000 v16=0.0000 v17=0.0000 v18=0.0000 acc=1.0000 lr=2.19e-04 lambda=0.000 grl_lambda=0.000 v18_lambda=0.000 gpu=3.0/11.8GB
[22:07:19] [train] ep=37 step=040/40 ce=0.2850 sc=0.7662 mi=0.0477 dn=0.0000 v13=0.0000 grl=0.0000 v15=0.0000 v15r=0.0000 v16=0.0000 v17=0.0000 v18=0.0000 acc=0.9984 lr=2.18e-04 lambda=0.000 grl_lambda=0.000 v18_lambda=0.000 gpu=3.0/11.8GB
[22:07:30] [ep_summary] ep=37/100 val_live=0.9568/0.9574 val_ema=0.9383/0.9394 test77_live=0.7518/0.7068 test77_diag_ema=0.4388/0.3564 v13=0.0000 grl=0.0000 v15=0.0000 v15r=0.0000 v16=0.0000 v17=0.0000 v18=0.0000 das=stage3[12,95] p=1.00 ep_time=34.1s
[22:07:30] [save] best_sourceval_ema val_acc_ema=0.9383 source_val_live=0.9568/0.9574 source_val_ema=0.9383/0.9394 ep=37
[22:07:30] [train] epoch 38/100 steps=40 use_dann=0 das=stage3 f=[12.0,95.0] p=1.00 gpu=3.0/11.8GB
[22:07:30] [train] ep=38 step=001/40 ce=0.2641 sc=0.4626 mi=0.0481 dn=0.0000 v13=0.0000 grl=0.0000 v15=0.0000 v15r=0.0000 v16=0.0000 v17=0.0000 v18=0.0000 acc=1.0000 lr=2.18e-04 lambda=0.000 grl_lambda=0.000 v18_lambda=0.000 gpu=3.0/11.8GB
[22:07:36] [train] ep=38 step=010/40 ce=0.3603 sc=0.7582 mi=0.0479 dn=0.0000 v13=0.0000 grl=0.0000 v15=0.0000 v15r=0.0000 v16=0.0000 v17=0.0000 v18=0.0000 acc=0.9938 lr=2.17e-04 lambda=0.000 grl_lambda=0.000 v18_lambda=0.000 gpu=3.0/11.8GB
[22:07:41] [train] ep=38 step=020/40 ce=0.3133 sc=0.7705 mi=0.0466 dn=0.0000 v13=0.0000 grl=0.0000 v15=0.0000 v15r=0.0000 v16=0.0000 v17=0.0000 v18=0.0000 acc=0.9969 lr=2.16e-04 lambda=0.000 grl_lambda=0.000 v18_lambda=0.000 gpu=3.0/11.8GB
[22:07:47] [train] ep=38 step=030/40 ce=0.2977 sc=0.7250 mi=0.0473 dn=0.0000 v13=0.0000 grl=0.0000 v15=0.0000 v15r=0.0000 v16=0.0000 v17=0.0000 v18=0.0000 acc=0.9979 lr=2.15e-04 lambda=0.000 grl_lambda=0.000 v18_lambda=0.000 gpu=3.0/11.8GB
[22:07:53] [train] ep=38 step=040/40 ce=0.2893 sc=0.7254 mi=0.0478 dn=0.0000 v13=0.0000 grl=0.0000 v15=0.0000 v15r=0.0000 v16=0.0000 v17=0.0000 v18=0.0000 acc=0.9984 lr=2.14e-04 lambda=0.000 grl_lambda=0.000 v18_lambda=0.000 gpu=3.0/11.8GB
[22:08:04] [ep_summary] ep=38/100 val_live=0.9444/0.9446 val_ema=0.9383/0.9396 test77_live=0.7842/0.7557 test77_diag_ema=0.4604/0.3775 v13=0.0000 grl=0.0000 v15=0.0000 v15r=0.0000 v16=0.0000 v17=0.0000 v18=0.0000 das=stage3[12,95] p=1.00 ep_time=34.1s
[22:08:04] [save] best_sourcequalified77_ema ep=38 source_val_live=0.9444/0.9446 source_val_ema=0.9383/0.9396 test77_ema=0.4604/0.3775
[22:08:04] [train] epoch 39/100 steps=40 use_dann=0 das=stage3 f=[12.0,95.0] p=1.00 gpu=3.0/11.8GB
[22:08:04] [train] ep=39 step=001/40 ce=0.2602 sc=0.7839 mi=0.0446 dn=0.0000 v13=0.0000 grl=0.0000 v15=0.0000 v15r=0.0000 v16=0.0000 v17=0.0000 v18=0.0000 acc=1.0000 lr=2.14e-04 lambda=0.000 grl_lambda=0.000 v18_lambda=0.000 gpu=3.0/11.8GB
[22:08:10] [train] ep=39 step=010/40 ce=0.4515 sc=0.9468 mi=0.0478 dn=0.0000 v13=0.0000 grl=0.0000 v15=0.0000 v15r=0.0000 v16=0.0000 v17=0.0000 v18=0.0000 acc=0.9875 lr=2.13e-04 lambda=0.000 grl_lambda=0.000 v18_lambda=0.000 gpu=3.0/11.8GB
[22:08:16] [train] ep=39 step=020/40 ce=0.3899 sc=0.8159 mi=0.0470 dn=0.0000 v13=0.0000 grl=0.0000 v15=0.0000 v15r=0.0000 v16=0.0000 v17=0.0000 v18=0.0000 acc=0.9906 lr=2.11e-04 lambda=0.000 grl_lambda=0.000 v18_lambda=0.000 gpu=3.0/11.8GB
[22:08:22] [train] ep=39 step=030/40 ce=0.3473 sc=0.7766 mi=0.0463 dn=0.0000 v13=0.0000 grl=0.0000 v15=0.0000 v15r=0.0000 v16=0.0000 v17=0.0000 v18=0.0000 acc=0.9938 lr=2.10e-04 lambda=0.000 grl_lambda=0.000 v18_lambda=0.000 gpu=3.0/11.8GB
[22:08:28] [train] ep=39 step=040/40 ce=0.3258 sc=0.7646 mi=0.0457 dn=0.0000 v13=0.0000 grl=0.0000 v15=0.0000 v15r=0.0000 v16=0.0000 v17=0.0000 v18=0.0000 acc=0.9953 lr=2.09e-04 lambda=0.000 grl_lambda=0.000 v18_lambda=0.000 gpu=3.0/11.8GB
[22:08:38] [ep_summary] ep=39/100 val_live=0.9506/0.9510 val_ema=0.9444/0.9453 test77_live=0.7590/0.7313 test77_diag_ema=0.4820/0.3988 v13=0.0000 grl=0.0000 v15=0.0000 v15r=0.0000 v16=0.0000 v17=0.0000 v18=0.0000 das=stage3[12,95] p=1.00 ep_time=34.7s
[22:08:39] [save] best_sourceval_ema val_acc_ema=0.9444 source_val_live=0.9506/0.9510 source_val_ema=0.9444/0.9453 ep=39
[22:08:39] [save] best_sourcequalified77_ema ep=39 source_val_live=0.9506/0.9510 source_val_ema=0.9444/0.9453 test77_ema=0.4820/0.3988
[22:08:39] [train] epoch 40/100 steps=40 use_dann=0 das=stage3 f=[12.0,95.0] p=1.00 gpu=3.0/11.8GB
[22:08:39] [train] ep=40 step=001/40 ce=0.2587 sc=0.9917 mi=0.0423 dn=0.0000 v13=0.0000 grl=0.0000 v15=0.0000 v15r=0.0000 v16=0.0000 v17=0.0000 v18=0.0000 acc=1.0000 lr=2.09e-04 lambda=0.000 grl_lambda=0.000 v18_lambda=0.000 gpu=3.0/11.8GB
[22:08:45] [train] ep=40 step=010/40 ce=0.2608 sc=0.7815 mi=0.0481 dn=0.0000 v13=0.0000 grl=0.0000 v15=0.0000 v15r=0.0000 v16=0.0000 v17=0.0000 v18=0.0000 acc=1.0000 lr=2.08e-04 lambda=0.000 grl_lambda=0.000 v18_lambda=0.000 gpu=3.0/11.8GB
[22:08:51] [train] ep=40 step=020/40 ce=0.2929 sc=0.7827 mi=0.0486 dn=0.0000 v13=0.0000 grl=0.0000 v15=0.0000 v15r=0.0000 v16=0.0000 v17=0.0000 v18=0.0000 acc=0.9969 lr=2.07e-04 lambda=0.000 grl_lambda=0.000 v18_lambda=0.000 gpu=3.0/11.8GB
[22:08:56] [train] ep=40 step=030/40 ce=0.2828 sc=0.7886 mi=0.0480 dn=0.0000 v13=0.0000 grl=0.0000 v15=0.0000 v15r=0.0000 v16=0.0000 v17=0.0000 v18=0.0000 acc=0.9979 lr=2.06e-04 lambda=0.000 grl_lambda=0.000 v18_lambda=0.000 gpu=3.0/11.8GB
[22:09:02] [train] ep=40 step=040/40 ce=0.2778 sc=0.7934 mi=0.0474 dn=0.0000 v13=0.0000 grl=0.0000 v15=0.0000 v15r=0.0000 v16=0.0000 v17=0.0000 v18=0.0000 acc=0.9984 lr=2.05e-04 lambda=0.000 grl_lambda=0.000 v18_lambda=0.000 gpu=3.0/11.8GB
[22:09:13] [pool] check ep=040/100 source_val_acc_ema=0.9444 threshold=0.90
[22:09:18] [pool] ep=040 ADDED src_val=0.9444/0.9453 dev77=0.4500/0.3940 final77=0.4928/0.4175
[22:09:18] [pool] running best ep=040 dev77_f1=0.3940 final77_f1=0.4175 (pool_size=2)
[22:09:18] [ep_summary] ep=40/100 val_live=0.9506/0.9514 val_ema=0.9444/0.9453 test77_live=0.7770/0.7628 test77_diag_ema=0.4928/0.4175 v13=0.0000 grl=0.0000 v15=0.0000 v15r=0.0000 v16=0.0000 v17=0.0000 v18=0.0000 das=stage3[12,95] p=1.00 ep_time=39.9s
[22:09:18] [save] best_sourcequalified77_ema ep=40 source_val_live=0.9506/0.9514 source_val_ema=0.9444/0.9453 test77_ema=0.4928/0.4175
[22:09:19] [strict77_monitor] ep=40 best_source_epoch=39 source_val_ema=0.9444/0.9453 test77_ema_diag=0.4820/0.3988 sourcequalified_count=14 best_sourcequalified77_epoch=40 source_val_ema=0.9444/0.9453 test77_ema=0.4928/0.4175
[22:09:19] [train] epoch 41/100 steps=40 use_dann=0 das=stage3 f=[12.0,95.0] p=1.00 gpu=3.0/11.8GB
[22:09:19] [train] ep=41 step=001/40 ce=0.2607 sc=0.7598 mi=0.0445 dn=0.0000 v13=0.0000 grl=0.0000 v15=0.0000 v15r=0.0000 v16=0.0000 v17=0.0000 v18=0.0000 acc=1.0000 lr=2.05e-04 lambda=0.000 grl_lambda=0.000 v18_lambda=0.000 gpu=3.0/11.8GB
[22:09:25] [train] ep=41 step=010/40 ce=0.3224 sc=0.9383 mi=0.0448 dn=0.0000 v13=0.0000 grl=0.0000 v15=0.0000 v15r=0.0000 v16=0.0000 v17=0.0000 v18=0.0000 acc=0.9938 lr=2.04e-04 lambda=0.000 grl_lambda=0.000 v18_lambda=0.000 gpu=3.0/11.8GB
[22:09:31] [train] ep=41 step=020/40 ce=0.3303 sc=0.8487 mi=0.0460 dn=0.0000 v13=0.0000 grl=0.0000 v15=0.0000 v15r=0.0000 v16=0.0000 v17=0.0000 v18=0.0000 acc=0.9938 lr=2.02e-04 lambda=0.000 grl_lambda=0.000 v18_lambda=0.000 gpu=3.0/11.8GB
[22:09:36] [train] ep=41 step=030/40 ce=0.3068 sc=0.8528 mi=0.0459 dn=0.0000 v13=0.0000 grl=0.0000 v15=0.0000 v15r=0.0000 v16=0.0000 v17=0.0000 v18=0.0000 acc=0.9958 lr=2.01e-04 lambda=0.000 grl_lambda=0.000 v18_lambda=0.000 gpu=3.0/11.8GB
[22:09:42] [train] ep=41 step=040/40 ce=0.2955 sc=0.8012 mi=0.0454 dn=0.0000 v13=0.0000 grl=0.0000 v15=0.0000 v15r=0.0000 v16=0.0000 v17=0.0000 v18=0.0000 acc=0.9969 lr=2.00e-04 lambda=0.000 grl_lambda=0.000 v18_lambda=0.000 gpu=3.0/11.8GB
[22:09:54] [ep_summary] ep=41/100 val_live=0.9506/0.9510 val_ema=0.9506/0.9511 test77_live=0.7518/0.7216 test77_diag_ema=0.5216/0.4557 v13=0.0000 grl=0.0000 v15=0.0000 v15r=0.0000 v16=0.0000 v17=0.0000 v18=0.0000 das=stage3[12,95] p=1.00 ep_time=35.4s
[22:09:54] [save] best_sourceval_ema val_acc_ema=0.9506 source_val_live=0.9506/0.9510 source_val_ema=0.9506/0.9511 ep=41
[22:09:54] [save] best_sourcequalified77_ema ep=41 source_val_live=0.9506/0.9510 source_val_ema=0.9506/0.9511 test77_ema=0.5216/0.4557
[22:09:54] [train] epoch 42/100 steps=40 use_dann=0 das=stage3 f=[12.0,95.0] p=1.00 gpu=3.0/11.8GB
[22:09:55] [train] ep=42 step=001/40 ce=0.2727 sc=1.0013 mi=0.0452 dn=0.0000 v13=0.0000 grl=0.0000 v15=0.0000 v15r=0.0000 v16=0.0000 v17=0.0000 v18=0.0000 acc=1.0000 lr=2.00e-04 lambda=0.000 grl_lambda=0.000 v18_lambda=0.000 gpu=3.0/11.8GB
[22:10:00] [train] ep=42 step=010/40 ce=0.2617 sc=0.7788 mi=0.0426 dn=0.0000 v13=0.0000 grl=0.0000 v15=0.0000 v15r=0.0000 v16=0.0000 v17=0.0000 v18=0.0000 acc=1.0000 lr=1.99e-04 lambda=0.000 grl_lambda=0.000 v18_lambda=0.000 gpu=3.0/11.8GB
[22:10:06] [train] ep=42 step=020/40 ce=0.2668 sc=0.7784 mi=0.0438 dn=0.0000 v13=0.0000 grl=0.0000 v15=0.0000 v15r=0.0000 v16=0.0000 v17=0.0000 v18=0.0000 acc=1.0000 lr=1.98e-04 lambda=0.000 grl_lambda=0.000 v18_lambda=0.000 gpu=3.0/11.8GB
[22:10:12] [train] ep=42 step=030/40 ce=0.2649 sc=0.7886 mi=0.0442 dn=0.0000 v13=0.0000 grl=0.0000 v15=0.0000 v15r=0.0000 v16=0.0000 v17=0.0000 v18=0.0000 acc=1.0000 lr=1.97e-04 lambda=0.000 grl_lambda=0.000 v18_lambda=0.000 gpu=3.0/11.8GB
[22:10:17] [train] ep=42 step=040/40 ce=0.2637 sc=0.7681 mi=0.0440 dn=0.0000 v13=0.0000 grl=0.0000 v15=0.0000 v15r=0.0000 v16=0.0000 v17=0.0000 v18=0.0000 acc=1.0000 lr=1.96e-04 lambda=0.000 grl_lambda=0.000 v18_lambda=0.000 gpu=3.0/11.8GB
[22:10:28] [ep_summary] ep=42/100 val_live=0.9506/0.9516 val_ema=0.9506/0.9511 test77_live=0.7770/0.7612 test77_diag_ema=0.5432/0.4861 v13=0.0000 grl=0.0000 v15=0.0000 v15r=0.0000 v16=0.0000 v17=0.0000 v18=0.0000 das=stage3[12,95] p=1.00 ep_time=34.1s
[22:10:28] [save] best_sourcequalified77_ema ep=42 source_val_live=0.9506/0.9516 source_val_ema=0.9506/0.9511 test77_ema=0.5432/0.4861
[22:10:28] [train] epoch 43/100 steps=40 use_dann=0 das=stage3 f=[12.0,95.0] p=1.00 gpu=3.0/11.8GB
[22:10:29] [train] ep=43 step=001/40 ce=0.2597 sc=1.0377 mi=0.0496 dn=0.0000 v13=0.0000 grl=0.0000 v15=0.0000 v15r=0.0000 v16=0.0000 v17=0.0000 v18=0.0000 acc=1.0000 lr=1.95e-04 lambda=0.000 grl_lambda=0.000 v18_lambda=0.000 gpu=3.0/11.8GB
[22:10:34] [train] ep=43 step=010/40 ce=0.2624 sc=0.7698 mi=0.0420 dn=0.0000 v13=0.0000 grl=0.0000 v15=0.0000 v15r=0.0000 v16=0.0000 v17=0.0000 v18=0.0000 acc=1.0000 lr=1.94e-04 lambda=0.000 grl_lambda=0.000 v18_lambda=0.000 gpu=3.0/11.8GB
[22:10:40] [train] ep=43 step=020/40 ce=0.2609 sc=0.7978 mi=0.0428 dn=0.0000 v13=0.0000 grl=0.0000 v15=0.0000 v15r=0.0000 v16=0.0000 v17=0.0000 v18=0.0000 acc=1.0000 lr=1.93e-04 lambda=0.000 grl_lambda=0.000 v18_lambda=0.000 gpu=3.0/11.8GB
[22:10:46] [train] ep=43 step=030/40 ce=0.2607 sc=0.8216 mi=0.0436 dn=0.0000 v13=0.0000 grl=0.0000 v15=0.0000 v15r=0.0000 v16=0.0000 v17=0.0000 v18=0.0000 acc=1.0000 lr=1.92e-04 lambda=0.000 grl_lambda=0.000 v18_lambda=0.000 gpu=3.0/11.8GB
[22:10:52] [train] ep=43 step=040/40 ce=0.2606 sc=0.7991 mi=0.0434 dn=0.0000 v13=0.0000 grl=0.0000 v15=0.0000 v15r=0.0000 v16=0.0000 v17=0.0000 v18=0.0000 acc=1.0000 lr=1.91e-04 lambda=0.000 grl_lambda=0.000 v18_lambda=0.000 gpu=3.0/11.8GB
[22:11:02] [ep_summary] ep=43/100 val_live=0.9506/0.9516 val_ema=0.9506/0.9521 test77_live=0.7590/0.7324 test77_diag_ema=0.5468/0.4906 v13=0.0000 grl=0.0000 v15=0.0000 v15r=0.0000 v16=0.0000 v17=0.0000 v18=0.0000 das=stage3[12,95] p=1.00 ep_time=34.0s
[22:11:02] [save] best_sourcequalified77_ema ep=43 source_val_live=0.9506/0.9516 source_val_ema=0.9506/0.9521 test77_ema=0.5468/0.4906
[22:11:02] [train] epoch 44/100 steps=40 use_dann=0 das=stage3 f=[12.0,95.0] p=1.00 gpu=3.0/11.8GB
[22:11:03] [train] ep=44 step=001/40 ce=0.2583 sc=0.4233 mi=0.0429 dn=0.0000 v13=0.0000 grl=0.0000 v15=0.0000 v15r=0.0000 v16=0.0000 v17=0.0000 v18=0.0000 acc=1.0000 lr=1.91e-04 lambda=0.000 grl_lambda=0.000 v18_lambda=0.000 gpu=3.0/11.8GB
[22:11:08] [train] ep=44 step=010/40 ce=0.2589 sc=0.6870 mi=0.0431 dn=0.0000 v13=0.0000 grl=0.0000 v15=0.0000 v15r=0.0000 v16=0.0000 v17=0.0000 v18=0.0000 acc=1.0000 lr=1.90e-04 lambda=0.000 grl_lambda=0.000 v18_lambda=0.000 gpu=3.0/11.8GB
[22:11:14] [train] ep=44 step=020/40 ce=0.2591 sc=0.6911 mi=0.0423 dn=0.0000 v13=0.0000 grl=0.0000 v15=0.0000 v15r=0.0000 v16=0.0000 v17=0.0000 v18=0.0000 acc=1.0000 lr=1.89e-04 lambda=0.000 grl_lambda=0.000 v18_lambda=0.000 gpu=3.0/11.8GB
[22:11:20] [train] ep=44 step=030/40 ce=0.2591 sc=0.7193 mi=0.0430 dn=0.0000 v13=0.0000 grl=0.0000 v15=0.0000 v15r=0.0000 v16=0.0000 v17=0.0000 v18=0.0000 acc=1.0000 lr=1.87e-04 lambda=0.000 grl_lambda=0.000 v18_lambda=0.000 gpu=3.0/11.8GB
[22:11:26] [train] ep=44 step=040/40 ce=0.2603 sc=0.7150 mi=0.0428 dn=0.0000 v13=0.0000 grl=0.0000 v15=0.0000 v15r=0.0000 v16=0.0000 v17=0.0000 v18=0.0000 acc=1.0000 lr=1.86e-04 lambda=0.000 grl_lambda=0.000 v18_lambda=0.000 gpu=3.0/11.8GB
[22:11:36] [ep_summary] ep=44/100 val_live=0.9506/0.9516 val_ema=0.9444/0.9460 test77_live=0.7590/0.7329 test77_diag_ema=0.5540/0.5008 v13=0.0000 grl=0.0000 v15=0.0000 v15r=0.0000 v16=0.0000 v17=0.0000 v18=0.0000 das=stage3[12,95] p=1.00 ep_time=34.1s
[22:11:36] [save] best_sourcequalified77_ema ep=44 source_val_live=0.9506/0.9516 source_val_ema=0.9444/0.9460 test77_ema=0.5540/0.5008
[22:11:36] [train] epoch 45/100 steps=40 use_dann=0 das=stage3 f=[12.0,95.0] p=1.00 gpu=3.0/11.8GB
[22:11:37] [train] ep=45 step=001/40 ce=0.2600 sc=0.5970 mi=0.0434 dn=0.0000 v13=0.0000 grl=0.0000 v15=0.0000 v15r=0.0000 v16=0.0000 v17=0.0000 v18=0.0000 acc=1.0000 lr=1.86e-04 lambda=0.000 grl_lambda=0.000 v18_lambda=0.000 gpu=3.0/11.8GB
[22:11:42] [train] ep=45 step=010/40 ce=0.2586 sc=0.8083 mi=0.0429 dn=0.0000 v13=0.0000 grl=0.0000 v15=0.0000 v15r=0.0000 v16=0.0000 v17=0.0000 v18=0.0000 acc=1.0000 lr=1.85e-04 lambda=0.000 grl_lambda=0.000 v18_lambda=0.000 gpu=3.0/11.8GB
[22:11:48] [train] ep=45 step=020/40 ce=0.2596 sc=0.7343 mi=0.0427 dn=0.0000 v13=0.0000 grl=0.0000 v15=0.0000 v15r=0.0000 v16=0.0000 v17=0.0000 v18=0.0000 acc=1.0000 lr=1.84e-04 lambda=0.000 grl_lambda=0.000 v18_lambda=0.000 gpu=3.0/11.8GB
[22:11:54] [train] ep=45 step=030/40 ce=0.2593 sc=0.7457 mi=0.0423 dn=0.0000 v13=0.0000 grl=0.0000 v15=0.0000 v15r=0.0000 v16=0.0000 v17=0.0000 v18=0.0000 acc=1.0000 lr=1.83e-04 lambda=0.000 grl_lambda=0.000 v18_lambda=0.000 gpu=3.0/11.8GB
[22:12:00] [train] ep=45 step=040/40 ce=0.2594 sc=0.7494 mi=0.0428 dn=0.0000 v13=0.0000 grl=0.0000 v15=0.0000 v15r=0.0000 v16=0.0000 v17=0.0000 v18=0.0000 acc=1.0000 lr=1.81e-04 lambda=0.000 grl_lambda=0.000 v18_lambda=0.000 gpu=3.0/11.8GB
[22:12:10] [ep_summary] ep=45/100 val_live=0.9506/0.9516 val_ema=0.9506/0.9518 test77_live=0.7518/0.7303 test77_diag_ema=0.5647/0.5152 v13=0.0000 grl=0.0000 v15=0.0000 v15r=0.0000 v16=0.0000 v17=0.0000 v18=0.0000 das=stage3[12,95] p=1.00 ep_time=34.0s
[22:12:10] [save] best_sourcequalified77_ema ep=45 source_val_live=0.9506/0.9516 source_val_ema=0.9506/0.9518 test77_ema=0.5647/0.5152
[22:12:10] [train] epoch 46/100 steps=40 use_dann=0 das=stage3 f=[12.0,95.0] p=1.00 gpu=3.0/11.8GB
[22:12:11] [train] ep=46 step=001/40 ce=0.2601 sc=0.7483 mi=0.0421 dn=0.0000 v13=0.0000 grl=0.0000 v15=0.0000 v15r=0.0000 v16=0.0000 v17=0.0000 v18=0.0000 acc=1.0000 lr=1.81e-04 lambda=0.000 grl_lambda=0.000 v18_lambda=0.000 gpu=3.0/11.8GB
[22:12:16] [train] ep=46 step=010/40 ce=0.2591 sc=0.7250 mi=0.0424 dn=0.0000 v13=0.0000 grl=0.0000 v15=0.0000 v15r=0.0000 v16=0.0000 v17=0.0000 v18=0.0000 acc=1.0000 lr=1.80e-04 lambda=0.000 grl_lambda=0.000 v18_lambda=0.000 gpu=3.0/11.8GB
[22:12:22] [train] ep=46 step=020/40 ce=0.2586 sc=0.7220 mi=0.0422 dn=0.0000 v13=0.0000 grl=0.0000 v15=0.0000 v15r=0.0000 v16=0.0000 v17=0.0000 v18=0.0000 acc=1.0000 lr=1.79e-04 lambda=0.000 grl_lambda=0.000 v18_lambda=0.000 gpu=3.0/11.8GB
[22:12:28] [train] ep=46 step=030/40 ce=0.2586 sc=0.7198 mi=0.0421 dn=0.0000 v13=0.0000 grl=0.0000 v15=0.0000 v15r=0.0000 v16=0.0000 v17=0.0000 v18=0.0000 acc=1.0000 lr=1.78e-04 lambda=0.000 grl_lambda=0.000 v18_lambda=0.000 gpu=3.0/11.8GB
[22:12:34] [train] ep=46 step=040/40 ce=0.2586 sc=0.7200 mi=0.0420 dn=0.0000 v13=0.0000 grl=0.0000 v15=0.0000 v15r=0.0000 v16=0.0000 v17=0.0000 v18=0.0000 acc=1.0000 lr=1.77e-04 lambda=0.000 grl_lambda=0.000 v18_lambda=0.000 gpu=3.0/11.8GB
[22:12:44] [ep_summary] ep=46/100 val_live=0.9568/0.9573 val_ema=0.9506/0.9518 test77_live=0.7482/0.7238 test77_diag_ema=0.5755/0.5291 v13=0.0000 grl=0.0000 v15=0.0000 v15r=0.0000 v16=0.0000 v17=0.0000 v18=0.0000 das=stage3[12,95] p=1.00 ep_time=34.0s
[22:12:45] [save] best_sourcequalified77_ema ep=46 source_val_live=0.9568/0.9573 source_val_ema=0.9506/0.9518 test77_ema=0.5755/0.5291
[22:12:45] [train] epoch 47/100 steps=40 use_dann=0 das=stage3 f=[12.0,95.0] p=1.00 gpu=3.0/11.8GB
[22:12:45] [train] ep=47 step=001/40 ce=0.2613 sc=0.9952 mi=0.0488 dn=0.0000 v13=0.0000 grl=0.0000 v15=0.0000 v15r=0.0000 v16=0.0000 v17=0.0000 v18=0.0000 acc=1.0000 lr=1.77e-04 lambda=0.000 grl_lambda=0.000 v18_lambda=0.000 gpu=3.0/11.8GB
[22:12:50] [train] ep=47 step=010/40 ce=0.2585 sc=0.7267 mi=0.0441 dn=0.0000 v13=0.0000 grl=0.0000 v15=0.0000 v15r=0.0000 v16=0.0000 v17=0.0000 v18=0.0000 acc=1.0000 lr=1.76e-04 lambda=0.000 grl_lambda=0.000 v18_lambda=0.000 gpu=3.0/11.8GB
[22:12:56] [train] ep=47 step=020/40 ce=0.2594 sc=0.7233 mi=0.0422 dn=0.0000 v13=0.0000 grl=0.0000 v15=0.0000 v15r=0.0000 v16=0.0000 v17=0.0000 v18=0.0000 acc=1.0000 lr=1.74e-04 lambda=0.000 grl_lambda=0.000 v18_lambda=0.000 gpu=3.0/11.8GB
[22:13:02] [train] ep=47 step=030/40 ce=0.2592 sc=0.7165 mi=0.0426 dn=0.0000 v13=0.0000 grl=0.0000 v15=0.0000 v15r=0.0000 v16=0.0000 v17=0.0000 v18=0.0000 acc=1.0000 lr=1.73e-04 lambda=0.000 grl_lambda=0.000 v18_lambda=0.000 gpu=3.0/11.8GB
[22:13:08] [train] ep=47 step=040/40 ce=0.2591 sc=0.7306 mi=0.0429 dn=0.0000 v13=0.0000 grl=0.0000 v15=0.0000 v15r=0.0000 v16=0.0000 v17=0.0000 v18=0.0000 acc=1.0000 lr=1.72e-04 lambda=0.000 grl_lambda=0.000 v18_lambda=0.000 gpu=3.0/11.8GB
[22:13:19] [ep_summary] ep=47/100 val_live=0.9568/0.9573 val_ema=0.9506/0.9518 test77_live=0.7482/0.7263 test77_diag_ema=0.5827/0.5379 v13=0.0000 grl=0.0000 v15=0.0000 v15r=0.0000 v16=0.0000 v17=0.0000 v18=0.0000 das=stage3[12,95] p=1.00 ep_time=34.1s
[22:13:19] [save] best_sourcequalified77_ema ep=47 source_val_live=0.9568/0.9573 source_val_ema=0.9506/0.9518 test77_ema=0.5827/0.5379
[22:13:19] [train] epoch 48/100 steps=40 use_dann=0 das=stage3 f=[12.0,95.0] p=1.00 gpu=3.0/11.8GB
[22:13:19] [train] ep=48 step=001/40 ce=0.2587 sc=0.7157 mi=0.0434 dn=0.0000 v13=0.0000 grl=0.0000 v15=0.0000 v15r=0.0000 v16=0.0000 v17=0.0000 v18=0.0000 acc=1.0000 lr=1.72e-04 lambda=0.000 grl_lambda=0.000 v18_lambda=0.000 gpu=3.0/11.8GB
[22:13:25] [train] ep=48 step=010/40 ce=0.2599 sc=0.8159 mi=0.0458 dn=0.0000 v13=0.0000 grl=0.0000 v15=0.0000 v15r=0.0000 v16=0.0000 v17=0.0000 v18=0.0000 acc=1.0000 lr=1.71e-04 lambda=0.000 grl_lambda=0.000 v18_lambda=0.000 gpu=3.0/11.8GB
[22:13:30] [train] ep=48 step=020/40 ce=0.2598 sc=0.8391 mi=0.0438 dn=0.0000 v13=0.0000 grl=0.0000 v15=0.0000 v15r=0.0000 v16=0.0000 v17=0.0000 v18=0.0000 acc=1.0000 lr=1.69e-04 lambda=0.000 grl_lambda=0.000 v18_lambda=0.000 gpu=3.0/11.8GB
[22:13:36] [train] ep=48 step=030/40 ce=0.2600 sc=0.8007 mi=0.0431 dn=0.0000 v13=0.0000 grl=0.0000 v15=0.0000 v15r=0.0000 v16=0.0000 v17=0.0000 v18=0.0000 acc=1.0000 lr=1.68e-04 lambda=0.000 grl_lambda=0.000 v18_lambda=0.000 gpu=3.0/11.8GB
[22:13:42] [train] ep=48 step=040/40 ce=0.2596 sc=0.7986 mi=0.0430 dn=0.0000 v13=0.0000 grl=0.0000 v15=0.0000 v15r=0.0000 v16=0.0000 v17=0.0000 v18=0.0000 acc=1.0000 lr=1.67e-04 lambda=0.000 grl_lambda=0.000 v18_lambda=0.000 gpu=3.0/11.8GB
[22:13:53] [ep_summary] ep=48/100 val_live=0.9568/0.9573 val_ema=0.9506/0.9518 test77_live=0.7482/0.7230 test77_diag_ema=0.6043/0.5598 v13=0.0000 grl=0.0000 v15=0.0000 v15r=0.0000 v16=0.0000 v17=0.0000 v18=0.0000 das=stage3[12,95] p=1.00 ep_time=34.3s
[22:13:53] [save] best_sourcequalified77_ema ep=48 source_val_live=0.9568/0.9573 source_val_ema=0.9506/0.9518 test77_ema=0.6043/0.5598
[22:13:53] [train] epoch 49/100 steps=40 use_dann=0 das=stage3 f=[12.0,95.0] p=1.00 gpu=3.0/11.8GB
[22:13:54] [train] ep=49 step=001/40 ce=0.2580 sc=0.4343 mi=0.0485 dn=0.0000 v13=0.0000 grl=0.0000 v15=0.0000 v15r=0.0000 v16=0.0000 v17=0.0000 v18=0.0000 acc=1.0000 lr=1.67e-04 lambda=0.000 grl_lambda=0.000 v18_lambda=0.000 gpu=3.0/11.8GB
[22:13:59] [train] ep=49 step=010/40 ce=0.2583 sc=0.7209 mi=0.0431 dn=0.0000 v13=0.0000 grl=0.0000 v15=0.0000 v15r=0.0000 v16=0.0000 v17=0.0000 v18=0.0000 acc=1.0000 lr=1.66e-04 lambda=0.000 grl_lambda=0.000 v18_lambda=0.000 gpu=3.0/11.8GB
[22:14:05] [train] ep=49 step=020/40 ce=0.2582 sc=0.7550 mi=0.0425 dn=0.0000 v13=0.0000 grl=0.0000 v15=0.0000 v15r=0.0000 v16=0.0000 v17=0.0000 v18=0.0000 acc=1.0000 lr=1.65e-04 lambda=0.000 grl_lambda=0.000 v18_lambda=0.000 gpu=3.0/11.8GB
[22:14:11] [train] ep=49 step=030/40 ce=0.2583 sc=0.7595 mi=0.0419 dn=0.0000 v13=0.0000 grl=0.0000 v15=0.0000 v15r=0.0000 v16=0.0000 v17=0.0000 v18=0.0000 acc=1.0000 lr=1.63e-04 lambda=0.000 grl_lambda=0.000 v18_lambda=0.000 gpu=3.0/11.8GB
[22:14:16] [train] ep=49 step=040/40 ce=0.2582 sc=0.7467 mi=0.0415 dn=0.0000 v13=0.0000 grl=0.0000 v15=0.0000 v15r=0.0000 v16=0.0000 v17=0.0000 v18=0.0000 acc=1.0000 lr=1.62e-04 lambda=0.000 grl_lambda=0.000 v18_lambda=0.000 gpu=3.0/11.8GB
[22:14:27] [ep_summary] ep=49/100 val_live=0.9568/0.9573 val_ema=0.9506/0.9518 test77_live=0.7482/0.7225 test77_diag_ema=0.6187/0.5750 v13=0.0000 grl=0.0000 v15=0.0000 v15r=0.0000 v16=0.0000 v17=0.0000 v18=0.0000 das=stage3[12,95] p=1.00 ep_time=34.0s
[22:14:27] [save] best_sourcequalified77_ema ep=49 source_val_live=0.9568/0.9573 source_val_ema=0.9506/0.9518 test77_ema=0.6187/0.5750
[22:14:27] [train] epoch 50/100 steps=40 use_dann=0 das=stage3 f=[12.0,95.0] p=1.00 gpu=3.0/11.8GB
[22:14:28] [train] ep=50 step=001/40 ce=0.2573 sc=0.6132 mi=0.0417 dn=0.0000 v13=0.0000 grl=0.0000 v15=0.0000 v15r=0.0000 v16=0.0000 v17=0.0000 v18=0.0000 acc=1.0000 lr=1.62e-04 lambda=0.000 grl_lambda=0.000 v18_lambda=0.000 gpu=3.0/11.8GB
[22:14:33] [train] ep=50 step=010/40 ce=0.2582 sc=0.6775 mi=0.0407 dn=0.0000 v13=0.0000 grl=0.0000 v15=0.0000 v15r=0.0000 v16=0.0000 v17=0.0000 v18=0.0000 acc=1.0000 lr=1.61e-04 lambda=0.000 grl_lambda=0.000 v18_lambda=0.000 gpu=3.0/11.8GB
[22:14:39] [train] ep=50 step=020/40 ce=0.2650 sc=0.6856 mi=0.0406 dn=0.0000 v13=0.0000 grl=0.0000 v15=0.0000 v15r=0.0000 v16=0.0000 v17=0.0000 v18=0.0000 acc=1.0000 lr=1.60e-04 lambda=0.000 grl_lambda=0.000 v18_lambda=0.000 gpu=3.0/11.8GB
[22:14:44] [train] ep=50 step=030/40 ce=0.2657 sc=0.7127 mi=0.0406 dn=0.0000 v13=0.0000 grl=0.0000 v15=0.0000 v15r=0.0000 v16=0.0000 v17=0.0000 v18=0.0000 acc=1.0000 lr=1.59e-04 lambda=0.000 grl_lambda=0.000 v18_lambda=0.000 gpu=3.0/11.8GB
[22:14:50] [train] ep=50 step=040/40 ce=0.2639 sc=0.7049 mi=0.0410 dn=0.0000 v13=0.0000 grl=0.0000 v15=0.0000 v15r=0.0000 v16=0.0000 v17=0.0000 v18=0.0000 acc=1.0000 lr=1.57e-04 lambda=0.000 grl_lambda=0.000 v18_lambda=0.000 gpu=3.0/11.8GB
[22:15:01] [pool] check ep=050/100 source_val_acc_ema=0.9506 threshold=0.90
[22:15:06] [pool] ep=050 ADDED src_val=0.9506/0.9518 dev77=0.6143/0.5750 final77=0.6223/0.5789
[22:15:06] [pool] running best ep=050 dev77_f1=0.5750 final77_f1=0.5789 (pool_size=3)
[22:15:06] [ep_summary] ep=50/100 val_live=0.9321/0.9337 val_ema=0.9506/0.9518 test77_live=0.7590/0.7468 test77_diag_ema=0.6223/0.5789 v13=0.0000 grl=0.0000 v15=0.0000 v15r=0.0000 v16=0.0000 v17=0.0000 v18=0.0000 das=stage3[12,95] p=1.00 ep_time=38.9s
[22:15:06] [save] best_sourcequalified77_ema ep=50 source_val_live=0.9321/0.9337 source_val_ema=0.9506/0.9518 test77_ema=0.6223/0.5789
[22:15:06] [strict77_monitor] ep=50 best_source_epoch=41 source_val_ema=0.9506/0.9511 test77_ema_diag=0.5216/0.4557 sourcequalified_count=24 best_sourcequalified77_epoch=50 source_val_ema=0.9506/0.9518 test77_ema=0.6223/0.5789
[22:15:06] [train] epoch 51/100 steps=40 use_dann=0 das=stage3 f=[12.0,95.0] p=1.00 gpu=3.0/11.8GB
[22:15:07] [train] ep=51 step=001/40 ce=0.2627 sc=0.4377 mi=0.0477 dn=0.0000 v13=0.0000 grl=0.0000 v15=0.0000 v15r=0.0000 v16=0.0000 v17=0.0000 v18=0.0000 acc=1.0000 lr=1.57e-04 lambda=0.000 grl_lambda=0.000 v18_lambda=0.000 gpu=3.0/11.8GB
[22:15:12] [train] ep=51 step=010/40 ce=0.3298 sc=0.8364 mi=0.0428 dn=0.0000 v13=0.0000 grl=0.0000 v15=0.0000 v15r=0.0000 v16=0.0000 v17=0.0000 v18=0.0000 acc=0.9938 lr=1.56e-04 lambda=0.000 grl_lambda=0.000 v18_lambda=0.000 gpu=3.0/11.8GB
[22:15:18] [train] ep=51 step=020/40 ce=0.2942 sc=0.8468 mi=0.0411 dn=0.0000 v13=0.0000 grl=0.0000 v15=0.0000 v15r=0.0000 v16=0.0000 v17=0.0000 v18=0.0000 acc=0.9969 lr=1.55e-04 lambda=0.000 grl_lambda=0.000 v18_lambda=0.000 gpu=3.0/11.8GB
[22:15:24] [train] ep=51 step=030/40 ce=0.2970 sc=0.8229 mi=0.0402 dn=0.0000 v13=0.0000 grl=0.0000 v15=0.0000 v15r=0.0000 v16=0.0000 v17=0.0000 v18=0.0000 acc=0.9958 lr=1.54e-04 lambda=0.000 grl_lambda=0.000 v18_lambda=0.000 gpu=3.0/11.8GB
[22:15:29] [train] ep=51 step=040/40 ce=0.2897 sc=0.8163 mi=0.0400 dn=0.0000 v13=0.0000 grl=0.0000 v15=0.0000 v15r=0.0000 v16=0.0000 v17=0.0000 v18=0.0000 acc=0.9969 lr=1.53e-04 lambda=0.000 grl_lambda=0.000 v18_lambda=0.000 gpu=3.0/11.8GB
[22:15:40] [ep_summary] ep=51/100 val_live=0.9506/0.9516 val_ema=0.9506/0.9518 test77_live=0.7446/0.7251 test77_diag_ema=0.6511/0.6057 v13=0.0000 grl=0.0000 v15=0.0000 v15r=0.0000 v16=0.0000 v17=0.0000 v18=0.0000 das=stage3[12,95] p=1.00 ep_time=34.0s
[22:15:40] [save] best_sourcequalified77_ema ep=51 source_val_live=0.9506/0.9516 source_val_ema=0.9506/0.9518 test77_ema=0.6511/0.6057
[22:15:40] [train] epoch 52/100 steps=40 use_dann=0 das=stage3 f=[12.0,95.0] p=1.00 gpu=3.0/11.8GB
[22:15:41] [train] ep=52 step=001/40 ce=0.7507 sc=0.6356 mi=0.0418 dn=0.0000 v13=0.0000 grl=0.0000 v15=0.0000 v15r=0.0000 v16=0.0000 v17=0.0000 v18=0.0000 acc=0.9375 lr=1.52e-04 lambda=0.000 grl_lambda=0.000 v18_lambda=0.000 gpu=3.0/11.8GB
[22:15:46] [train] ep=52 step=010/40 ce=0.3111 sc=0.7234 mi=0.0406 dn=0.0000 v13=0.0000 grl=0.0000 v15=0.0000 v15r=0.0000 v16=0.0000 v17=0.0000 v18=0.0000 acc=0.9938 lr=1.51e-04 lambda=0.000 grl_lambda=0.000 v18_lambda=0.000 gpu=3.0/11.8GB
[22:15:52] [train] ep=52 step=020/40 ce=0.3172 sc=0.7732 mi=0.0412 dn=0.0000 v13=0.0000 grl=0.0000 v15=0.0000 v15r=0.0000 v16=0.0000 v17=0.0000 v18=0.0000 acc=0.9938 lr=1.50e-04 lambda=0.000 grl_lambda=0.000 v18_lambda=0.000 gpu=3.0/11.8GB
[22:15:57] [train] ep=52 step=030/40 ce=0.2976 sc=0.7435 mi=0.0410 dn=0.0000 v13=0.0000 grl=0.0000 v15=0.0000 v15r=0.0000 v16=0.0000 v17=0.0000 v18=0.0000 acc=0.9958 lr=1.49e-04 lambda=0.000 grl_lambda=0.000 v18_lambda=0.000 gpu=3.0/11.8GB
[22:16:03] [train] ep=52 step=040/40 ce=0.2881 sc=0.7507 mi=0.0406 dn=0.0000 v13=0.0000 grl=0.0000 v15=0.0000 v15r=0.0000 v16=0.0000 v17=0.0000 v18=0.0000 acc=0.9969 lr=1.48e-04 lambda=0.000 grl_lambda=0.000 v18_lambda=0.000 gpu=3.0/11.8GB
[22:16:14] [ep_summary] ep=52/100 val_live=0.9444/0.9442 val_ema=0.9506/0.9518 test77_live=0.7518/0.7356 test77_diag_ema=0.6511/0.6068 v13=0.0000 grl=0.0000 v15=0.0000 v15r=0.0000 v16=0.0000 v17=0.0000 v18=0.0000 das=stage3[12,95] p=1.00 ep_time=33.9s
[22:16:14] [save] best_sourcequalified77_ema ep=52 source_val_live=0.9444/0.9442 source_val_ema=0.9506/0.9518 test77_ema=0.6511/0.6068
[22:16:14] [train] epoch 53/100 steps=40 use_dann=0 das=stage3 f=[12.0,95.0] p=1.00 gpu=3.0/11.8GB
[22:16:14] [train] ep=53 step=001/40 ce=0.2599 sc=0.7310 mi=0.0420 dn=0.0000 v13=0.0000 grl=0.0000 v15=0.0000 v15r=0.0000 v16=0.0000 v17=0.0000 v18=0.0000 acc=1.0000 lr=1.48e-04 lambda=0.000 grl_lambda=0.000 v18_lambda=0.000 gpu=3.0/11.8GB
[22:16:20] [train] ep=53 step=010/40 ce=0.2605 sc=0.9213 mi=0.0402 dn=0.0000 v13=0.0000 grl=0.0000 v15=0.0000 v15r=0.0000 v16=0.0000 v17=0.0000 v18=0.0000 acc=1.0000 lr=1.46e-04 lambda=0.000 grl_lambda=0.000 v18_lambda=0.000 gpu=3.0/11.8GB
[22:16:26] [train] ep=53 step=020/40 ce=0.2703 sc=0.8353 mi=0.0398 dn=0.0000 v13=0.0000 grl=0.0000 v15=0.0000 v15r=0.0000 v16=0.0000 v17=0.0000 v18=0.0000 acc=1.0000 lr=1.45e-04 lambda=0.000 grl_lambda=0.000 v18_lambda=0.000 gpu=3.0/11.8GB
[22:16:31] [train] ep=53 step=030/40 ce=0.2672 sc=0.8202 mi=0.0403 dn=0.0000 v13=0.0000 grl=0.0000 v15=0.0000 v15r=0.0000 v16=0.0000 v17=0.0000 v18=0.0000 acc=1.0000 lr=1.44e-04 lambda=0.000 grl_lambda=0.000 v18_lambda=0.000 gpu=3.0/11.8GB
[22:16:37] [train] ep=53 step=040/40 ce=0.2652 sc=0.7958 mi=0.0399 dn=0.0000 v13=0.0000 grl=0.0000 v15=0.0000 v15r=0.0000 v16=0.0000 v17=0.0000 v18=0.0000 acc=1.0000 lr=1.43e-04 lambda=0.000 grl_lambda=0.000 v18_lambda=0.000 gpu=3.0/11.8GB
[22:16:48] [ep_summary] ep=53/100 val_live=0.9383/0.9361 val_ema=0.9506/0.9518 test77_live=0.7086/0.6780 test77_diag_ema=0.6511/0.6065 v13=0.0000 grl=0.0000 v15=0.0000 v15r=0.0000 v16=0.0000 v17=0.0000 v18=0.0000 das=stage3[12,95] p=1.00 ep_time=33.9s
[22:16:48] [train] epoch 54/100 steps=40 use_dann=0 das=stage3 f=[12.0,95.0] p=1.00 gpu=3.0/11.8GB
[22:16:48] [train] ep=54 step=001/40 ce=0.2569 sc=0.7866 mi=0.0404 dn=0.0000 v13=0.0000 grl=0.0000 v15=0.0000 v15r=0.0000 v16=0.0000 v17=0.0000 v18=0.0000 acc=1.0000 lr=1.43e-04 lambda=0.000 grl_lambda=0.000 v18_lambda=0.000 gpu=3.0/11.8GB
[22:16:54] [train] ep=54 step=010/40 ce=0.3186 sc=0.7455 mi=0.0418 dn=0.0000 v13=0.0000 grl=0.0000 v15=0.0000 v15r=0.0000 v16=0.0000 v17=0.0000 v18=0.0000 acc=0.9938 lr=1.42e-04 lambda=0.000 grl_lambda=0.000 v18_lambda=0.000 gpu=3.0/11.8GB
[22:16:59] [train] ep=54 step=020/40 ce=0.2904 sc=0.7617 mi=0.0404 dn=0.0000 v13=0.0000 grl=0.0000 v15=0.0000 v15r=0.0000 v16=0.0000 v17=0.0000 v18=0.0000 acc=0.9969 lr=1.40e-04 lambda=0.000 grl_lambda=0.000 v18_lambda=0.000 gpu=3.0/11.8GB
[22:17:05] [train] ep=54 step=030/40 ce=0.2800 sc=0.7818 mi=0.0400 dn=0.0000 v13=0.0000 grl=0.0000 v15=0.0000 v15r=0.0000 v16=0.0000 v17=0.0000 v18=0.0000 acc=0.9979 lr=1.39e-04 lambda=0.000 grl_lambda=0.000 v18_lambda=0.000 gpu=3.0/11.8GB
[22:17:11] [train] ep=54 step=040/40 ce=0.2843 sc=0.7629 mi=0.0399 dn=0.0000 v13=0.0000 grl=0.0000 v15=0.0000 v15r=0.0000 v16=0.0000 v17=0.0000 v18=0.0000 acc=0.9984 lr=1.38e-04 lambda=0.000 grl_lambda=0.000 v18_lambda=0.000 gpu=3.0/11.8GB
[22:17:22] [ep_summary] ep=54/100 val_live=0.9506/0.9501 val_ema=0.9506/0.9518 test77_live=0.7158/0.6853 test77_diag_ema=0.6583/0.6177 v13=0.0000 grl=0.0000 v15=0.0000 v15r=0.0000 v16=0.0000 v17=0.0000 v18=0.0000 das=stage3[12,95] p=1.00 ep_time=34.0s
[22:17:22] [save] best_sourcequalified77_ema ep=54 source_val_live=0.9506/0.9501 source_val_ema=0.9506/0.9518 test77_ema=0.6583/0.6177
[22:17:22] [train] epoch 55/100 steps=40 use_dann=0 das=stage3 f=[12.0,95.0] p=1.00 gpu=3.0/11.8GB
[22:17:22] [train] ep=55 step=001/40 ce=0.2581 sc=0.6465 mi=0.0376 dn=0.0000 v13=0.0000 grl=0.0000 v15=0.0000 v15r=0.0000 v16=0.0000 v17=0.0000 v18=0.0000 acc=1.0000 lr=1.38e-04 lambda=0.000 grl_lambda=0.000 v18_lambda=0.000 gpu=3.0/11.8GB
[22:17:28] [train] ep=55 step=010/40 ce=0.2583 sc=0.7591 mi=0.0406 dn=0.0000 v13=0.0000 grl=0.0000 v15=0.0000 v15r=0.0000 v16=0.0000 v17=0.0000 v18=0.0000 acc=1.0000 lr=1.37e-04 lambda=0.000 grl_lambda=0.000 v18_lambda=0.000 gpu=3.0/11.8GB
[22:17:33] [train] ep=55 step=020/40 ce=0.2645 sc=0.7014 mi=0.0408 dn=0.0000 v13=0.0000 grl=0.0000 v15=0.0000 v15r=0.0000 v16=0.0000 v17=0.0000 v18=0.0000 acc=1.0000 lr=1.36e-04 lambda=0.000 grl_lambda=0.000 v18_lambda=0.000 gpu=3.0/11.8GB
[22:17:39] [train] ep=55 step=030/40 ce=0.2945 sc=0.7151 mi=0.0407 dn=0.0000 v13=0.0000 grl=0.0000 v15=0.0000 v15r=0.0000 v16=0.0000 v17=0.0000 v18=0.0000 acc=0.9979 lr=1.34e-04 lambda=0.000 grl_lambda=0.000 v18_lambda=0.000 gpu=3.0/11.8GB
[22:17:45] [train] ep=55 step=040/40 ce=0.2994 sc=0.7076 mi=0.0407 dn=0.0000 v13=0.0000 grl=0.0000 v15=0.0000 v15r=0.0000 v16=0.0000 v17=0.0000 v18=0.0000 acc=0.9969 lr=1.33e-04 lambda=0.000 grl_lambda=0.000 v18_lambda=0.000 gpu=3.0/11.8GB
[22:17:56] [ep_summary] ep=55/100 val_live=0.9506/0.9499 val_ema=0.9506/0.9518 test77_live=0.6835/0.6520 test77_diag_ema=0.6619/0.6205 v13=0.0000 grl=0.0000 v15=0.0000 v15r=0.0000 v16=0.0000 v17=0.0000 v18=0.0000 das=stage3[12,95] p=1.00 ep_time=34.0s
[22:17:56] [save] best_sourcequalified77_ema ep=55 source_val_live=0.9506/0.9499 source_val_ema=0.9506/0.9518 test77_ema=0.6619/0.6205
[22:17:56] [train] epoch 56/100 steps=40 use_dann=0 das=stage3 f=[12.0,95.0] p=1.00 gpu=3.0/11.8GB
[22:17:56] [train] ep=56 step=001/40 ce=0.2576 sc=0.7272 mi=0.0371 dn=0.0000 v13=0.0000 grl=0.0000 v15=0.0000 v15r=0.0000 v16=0.0000 v17=0.0000 v18=0.0000 acc=1.0000 lr=1.33e-04 lambda=0.000 grl_lambda=0.000 v18_lambda=0.000 gpu=3.0/11.8GB
[22:18:02] [train] ep=56 step=010/40 ce=0.2738 sc=0.7437 mi=0.0399 dn=0.0000 v13=0.0000 grl=0.0000 v15=0.0000 v15r=0.0000 v16=0.0000 v17=0.0000 v18=0.0000 acc=1.0000 lr=1.32e-04 lambda=0.000 grl_lambda=0.000 v18_lambda=0.000 gpu=3.0/11.8GB
[22:18:08] [train] ep=56 step=020/40 ce=0.2839 sc=0.7530 mi=0.0394 dn=0.0000 v13=0.0000 grl=0.0000 v15=0.0000 v15r=0.0000 v16=0.0000 v17=0.0000 v18=0.0000 acc=1.0000 lr=1.31e-04 lambda=0.000 grl_lambda=0.000 v18_lambda=0.000 gpu=3.0/11.8GB
[22:18:13] [train] ep=56 step=030/40 ce=0.2787 sc=0.7350 mi=0.0398 dn=0.0000 v13=0.0000 grl=0.0000 v15=0.0000 v15r=0.0000 v16=0.0000 v17=0.0000 v18=0.0000 acc=1.0000 lr=1.30e-04 lambda=0.000 grl_lambda=0.000 v18_lambda=0.000 gpu=3.0/11.8GB
[22:18:19] [train] ep=56 step=040/40 ce=0.2735 sc=0.7629 mi=0.0394 dn=0.0000 v13=0.0000 grl=0.0000 v15=0.0000 v15r=0.0000 v16=0.0000 v17=0.0000 v18=0.0000 acc=1.0000 lr=1.28e-04 lambda=0.000 grl_lambda=0.000 v18_lambda=0.000 gpu=3.0/11.8GB
[22:18:30] [ep_summary] ep=56/100 val_live=0.9383/0.9393 val_ema=0.9506/0.9518 test77_live=0.7230/0.6904 test77_diag_ema=0.6691/0.6265 v13=0.0000 grl=0.0000 v15=0.0000 v15r=0.0000 v16=0.0000 v17=0.0000 v18=0.0000 das=stage3[12,95] p=1.00 ep_time=34.0s
[22:18:30] [save] best_sourcequalified77_ema ep=56 source_val_live=0.9383/0.9393 source_val_ema=0.9506/0.9518 test77_ema=0.6691/0.6265
[22:18:30] [train] epoch 57/100 steps=40 use_dann=0 das=stage3 f=[12.0,95.0] p=1.00 gpu=3.0/11.8GB
[22:18:30] [train] ep=57 step=001/40 ce=0.2577 sc=0.8745 mi=0.0367 dn=0.0000 v13=0.0000 grl=0.0000 v15=0.0000 v15r=0.0000 v16=0.0000 v17=0.0000 v18=0.0000 acc=1.0000 lr=1.28e-04 lambda=0.000 grl_lambda=0.000 v18_lambda=0.000 gpu=3.0/11.8GB
[22:18:36] [train] ep=57 step=010/40 ce=0.2670 sc=0.8210 mi=0.0413 dn=0.0000 v13=0.0000 grl=0.0000 v15=0.0000 v15r=0.0000 v16=0.0000 v17=0.0000 v18=0.0000 acc=1.0000 lr=1.27e-04 lambda=0.000 grl_lambda=0.000 v18_lambda=0.000 gpu=3.0/11.8GB
[22:18:42] [train] ep=57 step=020/40 ce=0.2623 sc=0.8155 mi=0.0399 dn=0.0000 v13=0.0000 grl=0.0000 v15=0.0000 v15r=0.0000 v16=0.0000 v17=0.0000 v18=0.0000 acc=1.0000 lr=1.26e-04 lambda=0.000 grl_lambda=0.000 v18_lambda=0.000 gpu=3.0/11.8GB
[22:18:48] [train] ep=57 step=030/40 ce=0.2607 sc=0.7525 mi=0.0397 dn=0.0000 v13=0.0000 grl=0.0000 v15=0.0000 v15r=0.0000 v16=0.0000 v17=0.0000 v18=0.0000 acc=1.0000 lr=1.25e-04 lambda=0.000 grl_lambda=0.000 v18_lambda=0.000 gpu=3.0/11.8GB
[22:18:54] [train] ep=57 step=040/40 ce=0.2599 sc=0.7404 mi=0.0396 dn=0.0000 v13=0.0000 grl=0.0000 v15=0.0000 v15r=0.0000 v16=0.0000 v17=0.0000 v18=0.0000 acc=1.0000 lr=1.24e-04 lambda=0.000 grl_lambda=0.000 v18_lambda=0.000 gpu=3.0/11.8GB
[22:19:05] [ep_summary] ep=57/100 val_live=0.9444/0.9450 val_ema=0.9506/0.9518 test77_live=0.7374/0.7047 test77_diag_ema=0.6727/0.6307 v13=0.0000 grl=0.0000 v15=0.0000 v15r=0.0000 v16=0.0000 v17=0.0000 v18=0.0000 das=stage3[12,95] p=1.00 ep_time=35.2s
[22:19:05] [save] best_sourcequalified77_ema ep=57 source_val_live=0.9444/0.9450 source_val_ema=0.9506/0.9518 test77_ema=0.6727/0.6307
[22:19:05] [train] epoch 58/100 steps=40 use_dann=0 das=stage3 f=[12.0,95.0] p=1.00 gpu=3.0/11.8GB
[22:19:06] [train] ep=58 step=001/40 ce=0.2563 sc=0.5969 mi=0.0373 dn=0.0000 v13=0.0000 grl=0.0000 v15=0.0000 v15r=0.0000 v16=0.0000 v17=0.0000 v18=0.0000 acc=1.0000 lr=1.23e-04 lambda=0.000 grl_lambda=0.000 v18_lambda=0.000 gpu=3.0/11.8GB
[22:19:11] [train] ep=58 step=010/40 ce=0.2575 sc=0.8087 mi=0.0403 dn=0.0000 v13=0.0000 grl=0.0000 v15=0.0000 v15r=0.0000 v16=0.0000 v17=0.0000 v18=0.0000 acc=1.0000 lr=1.22e-04 lambda=0.000 grl_lambda=0.000 v18_lambda=0.000 gpu=3.0/11.8GB
[22:19:17] [train] ep=58 step=020/40 ce=0.2572 sc=0.7886 mi=0.0392 dn=0.0000 v13=0.0000 grl=0.0000 v15=0.0000 v15r=0.0000 v16=0.0000 v17=0.0000 v18=0.0000 acc=1.0000 lr=1.21e-04 lambda=0.000 grl_lambda=0.000 v18_lambda=0.000 gpu=3.0/11.8GB
[22:19:23] [train] ep=58 step=030/40 ce=0.2577 sc=0.7774 mi=0.0388 dn=0.0000 v13=0.0000 grl=0.0000 v15=0.0000 v15r=0.0000 v16=0.0000 v17=0.0000 v18=0.0000 acc=1.0000 lr=1.20e-04 lambda=0.000 grl_lambda=0.000 v18_lambda=0.000 gpu=3.0/11.8GB
[22:19:29] [train] ep=58 step=040/40 ce=0.2578 sc=0.7613 mi=0.0389 dn=0.0000 v13=0.0000 grl=0.0000 v15=0.0000 v15r=0.0000 v16=0.0000 v17=0.0000 v18=0.0000 acc=1.0000 lr=1.19e-04 lambda=0.000 grl_lambda=0.000 v18_lambda=0.000 gpu=3.0/11.8GB
[22:19:40] [ep_summary] ep=58/100 val_live=0.9444/0.9450 val_ema=0.9506/0.9518 test77_live=0.7338/0.6999 test77_diag_ema=0.6835/0.6447 v13=0.0000 grl=0.0000 v15=0.0000 v15r=0.0000 v16=0.0000 v17=0.0000 v18=0.0000 das=stage3[12,95] p=1.00 ep_time=35.2s
[22:19:40] [save] best_sourcequalified77_ema ep=58 source_val_live=0.9444/0.9450 source_val_ema=0.9506/0.9518 test77_ema=0.6835/0.6447
[22:19:40] [train] epoch 59/100 steps=40 use_dann=0 das=stage3 f=[12.0,95.0] p=1.00 gpu=3.0/11.8GB
[22:19:41] [train] ep=59 step=001/40 ce=0.2575 sc=1.3126 mi=0.0413 dn=0.0000 v13=0.0000 grl=0.0000 v15=0.0000 v15r=0.0000 v16=0.0000 v17=0.0000 v18=0.0000 acc=1.0000 lr=1.19e-04 lambda=0.000 grl_lambda=0.000 v18_lambda=0.000 gpu=3.0/11.8GB
[22:19:46] [train] ep=59 step=010/40 ce=0.2573 sc=0.7556 mi=0.0375 dn=0.0000 v13=0.0000 grl=0.0000 v15=0.0000 v15r=0.0000 v16=0.0000 v17=0.0000 v18=0.0000 acc=1.0000 lr=1.18e-04 lambda=0.000 grl_lambda=0.000 v18_lambda=0.000 gpu=3.0/11.8GB
[22:19:52] [train] ep=59 step=020/40 ce=0.2575 sc=0.7971 mi=0.0384 dn=0.0000 v13=0.0000 grl=0.0000 v15=0.0000 v15r=0.0000 v16=0.0000 v17=0.0000 v18=0.0000 acc=1.0000 lr=1.16e-04 lambda=0.000 grl_lambda=0.000 v18_lambda=0.000 gpu=3.0/11.8GB
[22:19:58] [train] ep=59 step=030/40 ce=0.2575 sc=0.7825 mi=0.0390 dn=0.0000 v13=0.0000 grl=0.0000 v15=0.0000 v15r=0.0000 v16=0.0000 v17=0.0000 v18=0.0000 acc=1.0000 lr=1.15e-04 lambda=0.000 grl_lambda=0.000 v18_lambda=0.000 gpu=3.0/11.8GB
[22:20:04] [train] ep=59 step=040/40 ce=0.2574 sc=0.7431 mi=0.0392 dn=0.0000 v13=0.0000 grl=0.0000 v15=0.0000 v15r=0.0000 v16=0.0000 v17=0.0000 v18=0.0000 acc=1.0000 lr=1.14e-04 lambda=0.000 grl_lambda=0.000 v18_lambda=0.000 gpu=3.0/11.8GB
[22:20:15] [ep_summary] ep=59/100 val_live=0.9444/0.9450 val_ema=0.9506/0.9518 test77_live=0.7410/0.7076 test77_diag_ema=0.6799/0.6407 v13=0.0000 grl=0.0000 v15=0.0000 v15r=0.0000 v16=0.0000 v17=0.0000 v18=0.0000 das=stage3[12,95] p=1.00 ep_time=34.5s
[22:20:15] [train] epoch 60/100 steps=40 use_dann=0 das=stage3 f=[12.0,95.0] p=1.00 gpu=3.0/11.8GB
[22:20:16] [train] ep=60 step=001/40 ce=0.2889 sc=0.6619 mi=0.0356 dn=0.0000 v13=0.0000 grl=0.0000 v15=0.0000 v15r=0.0000 v16=0.0000 v17=0.0000 v18=0.0000 acc=1.0000 lr=1.14e-04 lambda=0.000 grl_lambda=0.000 v18_lambda=0.000 gpu=3.0/11.8GB
[22:20:21] [train] ep=60 step=010/40 ce=0.2608 sc=0.6910 mi=0.0402 dn=0.0000 v13=0.0000 grl=0.0000 v15=0.0000 v15r=0.0000 v16=0.0000 v17=0.0000 v18=0.0000 acc=1.0000 lr=1.13e-04 lambda=0.000 grl_lambda=0.000 v18_lambda=0.000 gpu=3.0/11.8GB
[22:20:27] [train] ep=60 step=020/40 ce=0.2591 sc=0.7217 mi=0.0394 dn=0.0000 v13=0.0000 grl=0.0000 v15=0.0000 v15r=0.0000 v16=0.0000 v17=0.0000 v18=0.0000 acc=1.0000 lr=1.12e-04 lambda=0.000 grl_lambda=0.000 v18_lambda=0.000 gpu=3.0/11.8GB
[22:20:32] [train] ep=60 step=030/40 ce=0.2586 sc=0.7051 mi=0.0401 dn=0.0000 v13=0.0000 grl=0.0000 v15=0.0000 v15r=0.0000 v16=0.0000 v17=0.0000 v18=0.0000 acc=1.0000 lr=1.11e-04 lambda=0.000 grl_lambda=0.000 v18_lambda=0.000 gpu=3.0/11.8GB
[22:20:38] [train] ep=60 step=040/40 ce=0.2582 sc=0.7149 mi=0.0394 dn=0.0000 v13=0.0000 grl=0.0000 v15=0.0000 v15r=0.0000 v16=0.0000 v17=0.0000 v18=0.0000 acc=1.0000 lr=1.09e-04 lambda=0.000 grl_lambda=0.000 v18_lambda=0.000 gpu=3.0/11.8GB
[22:20:49] [pool] check ep=060/100 source_val_acc_ema=0.9506 threshold=0.90
[22:20:54] [pool] ep=060 ADDED src_val=0.9506/0.9518 dev77=0.6571/0.6223 final77=0.6871/0.6468
[22:20:54] [pool] running best ep=060 dev77_f1=0.6223 final77_f1=0.6468 (pool_size=4)
[22:20:54] [ep_summary] ep=60/100 val_live=0.9444/0.9450 val_ema=0.9506/0.9518 test77_live=0.7122/0.6761 test77_diag_ema=0.6871/0.6468 v13=0.0000 grl=0.0000 v15=0.0000 v15r=0.0000 v16=0.0000 v17=0.0000 v18=0.0000 das=stage3[12,95] p=1.00 ep_time=39.3s
[22:20:54] [save] best_sourcequalified77_ema ep=60 source_val_live=0.9444/0.9450 source_val_ema=0.9506/0.9518 test77_ema=0.6871/0.6468
[22:20:54] [strict77_monitor] ep=60 best_source_epoch=41 source_val_ema=0.9506/0.9511 test77_ema_diag=0.5216/0.4557 sourcequalified_count=34 best_sourcequalified77_epoch=60 source_val_ema=0.9506/0.9518 test77_ema=0.6871/0.6468
[22:20:54] [train] epoch 61/100 steps=40 use_dann=0 das=stage3 f=[12.0,95.0] p=1.00 gpu=3.0/11.8GB
[22:20:55] [train] ep=61 step=001/40 ce=0.2571 sc=0.8400 mi=0.0431 dn=0.0000 v13=0.0000 grl=0.0000 v15=0.0000 v15r=0.0000 v16=0.0000 v17=0.0000 v18=0.0000 acc=1.0000 lr=1.09e-04 lambda=0.000 grl_lambda=0.000 v18_lambda=0.000 gpu=3.0/11.8GB
[22:21:00] [train] ep=61 step=010/40 ce=0.2578 sc=0.7978 mi=0.0387 dn=0.0000 v13=0.0000 grl=0.0000 v15=0.0000 v15r=0.0000 v16=0.0000 v17=0.0000 v18=0.0000 acc=1.0000 lr=1.08e-04 lambda=0.000 grl_lambda=0.000 v18_lambda=0.000 gpu=3.0/11.8GB
[22:21:06] [train] ep=61 step=020/40 ce=0.2577 sc=0.7979 mi=0.0391 dn=0.0000 v13=0.0000 grl=0.0000 v15=0.0000 v15r=0.0000 v16=0.0000 v17=0.0000 v18=0.0000 acc=1.0000 lr=1.07e-04 lambda=0.000 grl_lambda=0.000 v18_lambda=0.000 gpu=3.0/11.8GB
[22:21:12] [train] ep=61 step=030/40 ce=0.2575 sc=0.7740 mi=0.0394 dn=0.0000 v13=0.0000 grl=0.0000 v15=0.0000 v15r=0.0000 v16=0.0000 v17=0.0000 v18=0.0000 acc=1.0000 lr=1.06e-04 lambda=0.000 grl_lambda=0.000 v18_lambda=0.000 gpu=3.0/11.8GB
[22:21:18] [train] ep=61 step=040/40 ce=0.2574 sc=0.7425 mi=0.0395 dn=0.0000 v13=0.0000 grl=0.0000 v15=0.0000 v15r=0.0000 v16=0.0000 v17=0.0000 v18=0.0000 acc=1.0000 lr=1.05e-04 lambda=0.000 grl_lambda=0.000 v18_lambda=0.000 gpu=3.0/11.8GB
[22:21:28] [ep_summary] ep=61/100 val_live=0.9444/0.9450 val_ema=0.9506/0.9518 test77_live=0.7158/0.6798 test77_diag_ema=0.6942/0.6536 v13=0.0000 grl=0.0000 v15=0.0000 v15r=0.0000 v16=0.0000 v17=0.0000 v18=0.0000 das=stage3[12,95] p=1.00 ep_time=34.0s
[22:21:28] [save] best_sourcequalified77_ema ep=61 source_val_live=0.9444/0.9450 source_val_ema=0.9506/0.9518 test77_ema=0.6942/0.6536
[22:21:28] [train] epoch 62/100 steps=40 use_dann=0 das=stage3 f=[12.0,95.0] p=1.00 gpu=3.0/11.8GB
[22:21:29] [train] ep=62 step=001/40 ce=0.2571 sc=0.9595 mi=0.0334 dn=0.0000 v13=0.0000 grl=0.0000 v15=0.0000 v15r=0.0000 v16=0.0000 v17=0.0000 v18=0.0000 acc=1.0000 lr=1.05e-04 lambda=0.000 grl_lambda=0.000 v18_lambda=0.000 gpu=3.0/11.8GB
[22:21:34] [train] ep=62 step=010/40 ce=0.2570 sc=0.7310 mi=0.0387 dn=0.0000 v13=0.0000 grl=0.0000 v15=0.0000 v15r=0.0000 v16=0.0000 v17=0.0000 v18=0.0000 acc=1.0000 lr=1.04e-04 lambda=0.000 grl_lambda=0.000 v18_lambda=0.000 gpu=3.0/11.8GB
[22:21:40] [train] ep=62 step=020/40 ce=0.2573 sc=0.7811 mi=0.0380 dn=0.0000 v13=0.0000 grl=0.0000 v15=0.0000 v15r=0.0000 v16=0.0000 v17=0.0000 v18=0.0000 acc=1.0000 lr=1.02e-04 lambda=0.000 grl_lambda=0.000 v18_lambda=0.000 gpu=3.0/11.8GB
[22:21:46] [train] ep=62 step=030/40 ce=0.2575 sc=0.7513 mi=0.0379 dn=0.0000 v13=0.0000 grl=0.0000 v15=0.0000 v15r=0.0000 v16=0.0000 v17=0.0000 v18=0.0000 acc=1.0000 lr=1.01e-04 lambda=0.000 grl_lambda=0.000 v18_lambda=0.000 gpu=3.0/11.8GB
[22:21:52] [train] ep=62 step=040/40 ce=0.2573 sc=0.7348 mi=0.0381 dn=0.0000 v13=0.0000 grl=0.0000 v15=0.0000 v15r=0.0000 v16=0.0000 v17=0.0000 v18=0.0000 acc=1.0000 lr=1.00e-04 lambda=0.000 grl_lambda=0.000 v18_lambda=0.000 gpu=3.0/11.8GB
[22:22:03] [ep_summary] ep=62/100 val_live=0.9444/0.9450 val_ema=0.9568/0.9576 test77_live=0.7158/0.6793 test77_diag_ema=0.6978/0.6569 v13=0.0000 grl=0.0000 v15=0.0000 v15r=0.0000 v16=0.0000 v17=0.0000 v18=0.0000 das=stage3[12,95] p=1.00 ep_time=34.3s
[22:22:03] [save] best_sourceval_ema val_acc_ema=0.9568 source_val_live=0.9444/0.9450 source_val_ema=0.9568/0.9576 ep=62
[22:22:03] [save] best_sourcequalified77_ema ep=62 source_val_live=0.9444/0.9450 source_val_ema=0.9568/0.9576 test77_ema=0.6978/0.6569
[22:22:03] [train] epoch 63/100 steps=40 use_dann=0 das=stage3 f=[12.0,95.0] p=1.00 gpu=3.0/11.8GB
[22:22:04] [train] ep=63 step=001/40 ce=0.2564 sc=0.5650 mi=0.0422 dn=0.0000 v13=0.0000 grl=0.0000 v15=0.0000 v15r=0.0000 v16=0.0000 v17=0.0000 v18=0.0000 acc=1.0000 lr=1.00e-04 lambda=0.000 grl_lambda=0.000 v18_lambda=0.000 gpu=3.0/11.8GB
[22:22:09] [train] ep=63 step=010/40 ce=0.2569 sc=0.7974 mi=0.0363 dn=0.0000 v13=0.0000 grl=0.0000 v15=0.0000 v15r=0.0000 v16=0.0000 v17=0.0000 v18=0.0000 acc=1.0000 lr=9.89e-05 lambda=0.000 grl_lambda=0.000 v18_lambda=0.000 gpu=3.0/11.8GB
[22:22:15] [train] ep=63 step=020/40 ce=0.2569 sc=0.7711 mi=0.0368 dn=0.0000 v13=0.0000 grl=0.0000 v15=0.0000 v15r=0.0000 v16=0.0000 v17=0.0000 v18=0.0000 acc=1.0000 lr=9.78e-05 lambda=0.000 grl_lambda=0.000 v18_lambda=0.000 gpu=3.0/11.8GB
[22:22:21] [train] ep=63 step=030/40 ce=0.2568 sc=0.7620 mi=0.0370 dn=0.0000 v13=0.0000 grl=0.0000 v15=0.0000 v15r=0.0000 v16=0.0000 v17=0.0000 v18=0.0000 acc=1.0000 lr=9.67e-05 lambda=0.000 grl_lambda=0.000 v18_lambda=0.000 gpu=3.0/11.8GB
[22:22:27] [train] ep=63 step=040/40 ce=0.2569 sc=0.7754 mi=0.0372 dn=0.0000 v13=0.0000 grl=0.0000 v15=0.0000 v15r=0.0000 v16=0.0000 v17=0.0000 v18=0.0000 acc=1.0000 lr=9.55e-05 lambda=0.000 grl_lambda=0.000 v18_lambda=0.000 gpu=3.0/11.8GB
[22:22:39] [ep_summary] ep=63/100 val_live=0.9444/0.9450 val_ema=0.9568/0.9576 test77_live=0.7158/0.6793 test77_diag_ema=0.6978/0.6612 v13=0.0000 grl=0.0000 v15=0.0000 v15r=0.0000 v16=0.0000 v17=0.0000 v18=0.0000 das=stage3[12,95] p=1.00 ep_time=35.8s
[22:22:39] [save] best_sourcequalified77_ema ep=63 source_val_live=0.9444/0.9450 source_val_ema=0.9568/0.9576 test77_ema=0.6978/0.6612
[22:22:39] [train] epoch 64/100 steps=40 use_dann=0 das=stage3 f=[12.0,95.0] p=1.00 gpu=3.0/11.8GB
[22:22:39] [train] ep=64 step=001/40 ce=0.2565 sc=1.1158 mi=0.0426 dn=0.0000 v13=0.0000 grl=0.0000 v15=0.0000 v15r=0.0000 v16=0.0000 v17=0.0000 v18=0.0000 acc=1.0000 lr=9.54e-05 lambda=0.000 grl_lambda=0.000 v18_lambda=0.000 gpu=3.0/11.8GB
[22:22:45] [train] ep=64 step=010/40 ce=0.2575 sc=0.7648 mi=0.0366 dn=0.0000 v13=0.0000 grl=0.0000 v15=0.0000 v15r=0.0000 v16=0.0000 v17=0.0000 v18=0.0000 acc=1.0000 lr=9.44e-05 lambda=0.000 grl_lambda=0.000 v18_lambda=0.000 gpu=3.0/11.8GB
[22:22:51] [train] ep=64 step=020/40 ce=0.2571 sc=0.7462 mi=0.0360 dn=0.0000 v13=0.0000 grl=0.0000 v15=0.0000 v15r=0.0000 v16=0.0000 v17=0.0000 v18=0.0000 acc=1.0000 lr=9.33e-05 lambda=0.000 grl_lambda=0.000 v18_lambda=0.000 gpu=3.0/11.8GB
[22:22:57] [train] ep=64 step=030/40 ce=0.2571 sc=0.7216 mi=0.0368 dn=0.0000 v13=0.0000 grl=0.0000 v15=0.0000 v15r=0.0000 v16=0.0000 v17=0.0000 v18=0.0000 acc=1.0000 lr=9.21e-05 lambda=0.000 grl_lambda=0.000 v18_lambda=0.000 gpu=3.0/11.8GB
[22:23:03] [train] ep=64 step=040/40 ce=0.2573 sc=0.7231 mi=0.0371 dn=0.0000 v13=0.0000 grl=0.0000 v15=0.0000 v15r=0.0000 v16=0.0000 v17=0.0000 v18=0.0000 acc=1.0000 lr=9.10e-05 lambda=0.000 grl_lambda=0.000 v18_lambda=0.000 gpu=3.0/11.8GB
[22:23:13] [ep_summary] ep=64/100 val_live=0.9444/0.9450 val_ema=0.9568/0.9576 test77_live=0.7230/0.6864 test77_diag_ema=0.6942/0.6578 v13=0.0000 grl=0.0000 v15=0.0000 v15r=0.0000 v16=0.0000 v17=0.0000 v18=0.0000 das=stage3[12,95] p=1.00 ep_time=34.6s
[22:23:13] [train] epoch 65/100 steps=40 use_dann=0 das=stage3 f=[12.0,95.0] p=1.00 gpu=3.0/11.8GB
[22:23:14] [train] ep=65 step=001/40 ce=0.2573 sc=0.6291 mi=0.0365 dn=0.0000 v13=0.0000 grl=0.0000 v15=0.0000 v15r=0.0000 v16=0.0000 v17=0.0000 v18=0.0000 acc=1.0000 lr=9.09e-05 lambda=0.000 grl_lambda=0.000 v18_lambda=0.000 gpu=3.0/11.8GB
[22:23:19] [train] ep=65 step=010/40 ce=0.2567 sc=0.9270 mi=0.0358 dn=0.0000 v13=0.0000 grl=0.0000 v15=0.0000 v15r=0.0000 v16=0.0000 v17=0.0000 v18=0.0000 acc=1.0000 lr=8.99e-05 lambda=0.000 grl_lambda=0.000 v18_lambda=0.000 gpu=3.0/11.8GB
[22:23:25] [train] ep=65 step=020/40 ce=0.2571 sc=0.8164 mi=0.0366 dn=0.0000 v13=0.0000 grl=0.0000 v15=0.0000 v15r=0.0000 v16=0.0000 v17=0.0000 v18=0.0000 acc=1.0000 lr=8.88e-05 lambda=0.000 grl_lambda=0.000 v18_lambda=0.000 gpu=3.0/11.8GB
[22:23:31] [train] ep=65 step=030/40 ce=0.2569 sc=0.7676 mi=0.0366 dn=0.0000 v13=0.0000 grl=0.0000 v15=0.0000 v15r=0.0000 v16=0.0000 v17=0.0000 v18=0.0000 acc=1.0000 lr=8.77e-05 lambda=0.000 grl_lambda=0.000 v18_lambda=0.000 gpu=3.0/11.8GB
[22:23:37] [train] ep=65 step=040/40 ce=0.2570 sc=0.7558 mi=0.0367 dn=0.0000 v13=0.0000 grl=0.0000 v15=0.0000 v15r=0.0000 v16=0.0000 v17=0.0000 v18=0.0000 acc=1.0000 lr=8.66e-05 lambda=0.000 grl_lambda=0.000 v18_lambda=0.000 gpu=3.0/11.8GB
[22:23:48] [ep_summary] ep=65/100 val_live=0.9444/0.9450 val_ema=0.9568/0.9576 test77_live=0.7266/0.6902 test77_diag_ema=0.6942/0.6578 v13=0.0000 grl=0.0000 v15=0.0000 v15r=0.0000 v16=0.0000 v17=0.0000 v18=0.0000 das=stage3[12,95] p=1.00 ep_time=34.3s
[22:23:48] [train] epoch 66/100 steps=40 use_dann=0 das=stage3 f=[12.0,95.0] p=1.00 gpu=3.0/11.8GB
[22:23:48] [train] ep=66 step=001/40 ce=0.2565 sc=0.8735 mi=0.0395 dn=0.0000 v13=0.0000 grl=0.0000 v15=0.0000 v15r=0.0000 v16=0.0000 v17=0.0000 v18=0.0000 acc=1.0000 lr=8.65e-05 lambda=0.000 grl_lambda=0.000 v18_lambda=0.000 gpu=3.0/11.8GB
[22:23:54] [train] ep=66 step=010/40 ce=0.2568 sc=0.8795 mi=0.0373 dn=0.0000 v13=0.0000 grl=0.0000 v15=0.0000 v15r=0.0000 v16=0.0000 v17=0.0000 v18=0.0000 acc=1.0000 lr=8.55e-05 lambda=0.000 grl_lambda=0.000 v18_lambda=0.000 gpu=3.0/11.8GB
[22:23:59] [train] ep=66 step=020/40 ce=0.2565 sc=0.8852 mi=0.0365 dn=0.0000 v13=0.0000 grl=0.0000 v15=0.0000 v15r=0.0000 v16=0.0000 v17=0.0000 v18=0.0000 acc=1.0000 lr=8.44e-05 lambda=0.000 grl_lambda=0.000 v18_lambda=0.000 gpu=3.0/11.8GB
[22:24:05] [train] ep=66 step=030/40 ce=0.2566 sc=0.8115 mi=0.0365 dn=0.0000 v13=0.0000 grl=0.0000 v15=0.0000 v15r=0.0000 v16=0.0000 v17=0.0000 v18=0.0000 acc=1.0000 lr=8.33e-05 lambda=0.000 grl_lambda=0.000 v18_lambda=0.000 gpu=3.0/11.8GB
[22:24:11] [train] ep=66 step=040/40 ce=0.2566 sc=0.7996 mi=0.0365 dn=0.0000 v13=0.0000 grl=0.0000 v15=0.0000 v15r=0.0000 v16=0.0000 v17=0.0000 v18=0.0000 acc=1.0000 lr=8.22e-05 lambda=0.000 grl_lambda=0.000 v18_lambda=0.000 gpu=3.0/11.8GB
[22:24:22] [ep_summary] ep=66/100 val_live=0.9444/0.9450 val_ema=0.9568/0.9576 test77_live=0.7194/0.6800 test77_diag_ema=0.6906/0.6504 v13=0.0000 grl=0.0000 v15=0.0000 v15r=0.0000 v16=0.0000 v17=0.0000 v18=0.0000 das=stage3[12,95] p=1.00 ep_time=34.2s
[22:24:22] [train] epoch 67/100 steps=40 use_dann=0 das=stage3 f=[12.0,95.0] p=1.00 gpu=3.0/11.8GB
[22:24:23] [train] ep=67 step=001/40 ce=0.2572 sc=0.6122 mi=0.0429 dn=0.0000 v13=0.0000 grl=0.0000 v15=0.0000 v15r=0.0000 v16=0.0000 v17=0.0000 v18=0.0000 acc=1.0000 lr=8.21e-05 lambda=0.000 grl_lambda=0.000 v18_lambda=0.000 gpu=3.0/11.8GB
[22:24:28] [train] ep=67 step=010/40 ce=0.2580 sc=0.7154 mi=0.0365 dn=0.0000 v13=0.0000 grl=0.0000 v15=0.0000 v15r=0.0000 v16=0.0000 v17=0.0000 v18=0.0000 acc=1.0000 lr=8.11e-05 lambda=0.000 grl_lambda=0.000 v18_lambda=0.000 gpu=3.0/11.8GB
[22:24:34] [train] ep=67 step=020/40 ce=0.2573 sc=0.6589 mi=0.0370 dn=0.0000 v13=0.0000 grl=0.0000 v15=0.0000 v15r=0.0000 v16=0.0000 v17=0.0000 v18=0.0000 acc=1.0000 lr=8.01e-05 lambda=0.000 grl_lambda=0.000 v18_lambda=0.000 gpu=3.0/11.8GB
[22:24:39] [train] ep=67 step=030/40 ce=0.2572 sc=0.6680 mi=0.0367 dn=0.0000 v13=0.0000 grl=0.0000 v15=0.0000 v15r=0.0000 v16=0.0000 v17=0.0000 v18=0.0000 acc=1.0000 lr=7.90e-05 lambda=0.000 grl_lambda=0.000 v18_lambda=0.000 gpu=3.0/11.8GB
[22:24:45] [train] ep=67 step=040/40 ce=0.2571 sc=0.6887 mi=0.0366 dn=0.0000 v13=0.0000 grl=0.0000 v15=0.0000 v15r=0.0000 v16=0.0000 v17=0.0000 v18=0.0000 acc=1.0000 lr=7.79e-05 lambda=0.000 grl_lambda=0.000 v18_lambda=0.000 gpu=3.0/11.8GB
[22:24:56] [ep_summary] ep=67/100 val_live=0.9444/0.9450 val_ema=0.9568/0.9576 test77_live=0.7266/0.6939 test77_diag_ema=0.7014/0.6646 v13=0.0000 grl=0.0000 v15=0.0000 v15r=0.0000 v16=0.0000 v17=0.0000 v18=0.0000 das=stage3[12,95] p=1.00 ep_time=34.1s
[22:24:56] [save] best_sourcequalified77_ema ep=67 source_val_live=0.9444/0.9450 source_val_ema=0.9568/0.9576 test77_ema=0.7014/0.6646
[22:24:56] [train] epoch 68/100 steps=40 use_dann=0 das=stage3 f=[12.0,95.0] p=1.00 gpu=3.0/11.8GB
[22:24:57] [train] ep=68 step=001/40 ce=0.2565 sc=0.7262 mi=0.0388 dn=0.0000 v13=0.0000 grl=0.0000 v15=0.0000 v15r=0.0000 v16=0.0000 v17=0.0000 v18=0.0000 acc=1.0000 lr=7.78e-05 lambda=0.000 grl_lambda=0.000 v18_lambda=0.000 gpu=3.0/11.8GB
[22:25:02] [train] ep=68 step=010/40 ce=0.2567 sc=0.6534 mi=0.0380 dn=0.0000 v13=0.0000 grl=0.0000 v15=0.0000 v15r=0.0000 v16=0.0000 v17=0.0000 v18=0.0000 acc=1.0000 lr=7.69e-05 lambda=0.000 grl_lambda=0.000 v18_lambda=0.000 gpu=3.0/11.8GB
[22:25:08] [train] ep=68 step=020/40 ce=0.2567 sc=0.7544 mi=0.0370 dn=0.0000 v13=0.0000 grl=0.0000 v15=0.0000 v15r=0.0000 v16=0.0000 v17=0.0000 v18=0.0000 acc=1.0000 lr=7.58e-05 lambda=0.000 grl_lambda=0.000 v18_lambda=0.000 gpu=3.0/11.8GB
[22:25:14] [train] ep=68 step=030/40 ce=0.2567 sc=0.7486 mi=0.0369 dn=0.0000 v13=0.0000 grl=0.0000 v15=0.0000 v15r=0.0000 v16=0.0000 v17=0.0000 v18=0.0000 acc=1.0000 lr=7.48e-05 lambda=0.000 grl_lambda=0.000 v18_lambda=0.000 gpu=3.0/11.8GB
[22:25:19] [train] ep=68 step=040/40 ce=0.2570 sc=0.7768 mi=0.0373 dn=0.0000 v13=0.0000 grl=0.0000 v15=0.0000 v15r=0.0000 v16=0.0000 v17=0.0000 v18=0.0000 acc=1.0000 lr=7.37e-05 lambda=0.000 grl_lambda=0.000 v18_lambda=0.000 gpu=3.0/11.8GB
[22:25:30] [ep_summary] ep=68/100 val_live=0.9444/0.9450 val_ema=0.9568/0.9576 test77_live=0.7230/0.6902 test77_diag_ema=0.7050/0.6680 v13=0.0000 grl=0.0000 v15=0.0000 v15r=0.0000 v16=0.0000 v17=0.0000 v18=0.0000 das=stage3[12,95] p=1.00 ep_time=34.0s
[22:25:30] [save] best_sourcequalified77_ema ep=68 source_val_live=0.9444/0.9450 source_val_ema=0.9568/0.9576 test77_ema=0.7050/0.6680
[22:25:30] [train] epoch 69/100 steps=40 use_dann=0 das=stage3 f=[12.0,95.0] p=1.00 gpu=3.0/11.8GB
[22:25:31] [train] ep=69 step=001/40 ce=0.2563 sc=0.8422 mi=0.0415 dn=0.0000 v13=0.0000 grl=0.0000 v15=0.0000 v15r=0.0000 v16=0.0000 v17=0.0000 v18=0.0000 acc=1.0000 lr=7.36e-05 lambda=0.000 grl_lambda=0.000 v18_lambda=0.000 gpu=3.0/11.8GB
[22:25:36] [train] ep=69 step=010/40 ce=0.2567 sc=0.5861 mi=0.0363 dn=0.0000 v13=0.0000 grl=0.0000 v15=0.0000 v15r=0.0000 v16=0.0000 v17=0.0000 v18=0.0000 acc=1.0000 lr=7.27e-05 lambda=0.000 grl_lambda=0.000 v18_lambda=0.000 gpu=3.0/11.8GB
[22:25:42] [train] ep=69 step=020/40 ce=0.2567 sc=0.6341 mi=0.0360 dn=0.0000 v13=0.0000 grl=0.0000 v15=0.0000 v15r=0.0000 v16=0.0000 v17=0.0000 v18=0.0000 acc=1.0000 lr=7.16e-05 lambda=0.000 grl_lambda=0.000 v18_lambda=0.000 gpu=3.0/11.8GB
[22:25:48] [train] ep=69 step=030/40 ce=0.2566 sc=0.6983 mi=0.0366 dn=0.0000 v13=0.0000 grl=0.0000 v15=0.0000 v15r=0.0000 v16=0.0000 v17=0.0000 v18=0.0000 acc=1.0000 lr=7.06e-05 lambda=0.000 grl_lambda=0.000 v18_lambda=0.000 gpu=3.0/11.8GB
[22:25:54] [train] ep=69 step=040/40 ce=0.2567 sc=0.6666 mi=0.0364 dn=0.0000 v13=0.0000 grl=0.0000 v15=0.0000 v15r=0.0000 v16=0.0000 v17=0.0000 v18=0.0000 acc=1.0000 lr=6.96e-05 lambda=0.000 grl_lambda=0.000 v18_lambda=0.000 gpu=3.0/11.8GB
[22:26:04] [ep_summary] ep=69/100 val_live=0.9444/0.9450 val_ema=0.9568/0.9576 test77_live=0.7266/0.6934 test77_diag_ema=0.7086/0.6713 v13=0.0000 grl=0.0000 v15=0.0000 v15r=0.0000 v16=0.0000 v17=0.0000 v18=0.0000 das=stage3[12,95] p=1.00 ep_time=34.3s
[22:26:04] [save] best_sourcequalified77_ema ep=69 source_val_live=0.9444/0.9450 source_val_ema=0.9568/0.9576 test77_ema=0.7086/0.6713
[22:26:04] [train] epoch 70/100 steps=40 use_dann=0 das=stage3 f=[12.0,95.0] p=1.00 gpu=3.0/11.8GB
[22:26:05] [train] ep=70 step=001/40 ce=0.2562 sc=0.7569 mi=0.0407 dn=0.0000 v13=0.0000 grl=0.0000 v15=0.0000 v15r=0.0000 v16=0.0000 v17=0.0000 v18=0.0000 acc=1.0000 lr=6.95e-05 lambda=0.000 grl_lambda=0.000 v18_lambda=0.000 gpu=3.0/11.8GB
[22:26:10] [train] ep=70 step=010/40 ce=0.2563 sc=0.8170 mi=0.0360 dn=0.0000 v13=0.0000 grl=0.0000 v15=0.0000 v15r=0.0000 v16=0.0000 v17=0.0000 v18=0.0000 acc=1.0000 lr=6.85e-05 lambda=0.000 grl_lambda=0.000 v18_lambda=0.000 gpu=3.0/11.8GB
[22:26:16] [train] ep=70 step=020/40 ce=0.2565 sc=0.8298 mi=0.0359 dn=0.0000 v13=0.0000 grl=0.0000 v15=0.0000 v15r=0.0000 v16=0.0000 v17=0.0000 v18=0.0000 acc=1.0000 lr=6.75e-05 lambda=0.000 grl_lambda=0.000 v18_lambda=0.000 gpu=3.0/11.8GB
[22:26:22] [train] ep=70 step=030/40 ce=0.2565 sc=0.8059 mi=0.0364 dn=0.0000 v13=0.0000 grl=0.0000 v15=0.0000 v15r=0.0000 v16=0.0000 v17=0.0000 v18=0.0000 acc=1.0000 lr=6.65e-05 lambda=0.000 grl_lambda=0.000 v18_lambda=0.000 gpu=3.0/11.8GB
[22:26:28] [train] ep=70 step=040/40 ce=0.2565 sc=0.7678 mi=0.0365 dn=0.0000 v13=0.0000 grl=0.0000 v15=0.0000 v15r=0.0000 v16=0.0000 v17=0.0000 v18=0.0000 acc=1.0000 lr=6.55e-05 lambda=0.000 grl_lambda=0.000 v18_lambda=0.000 gpu=3.0/11.8GB
[22:26:41] [pool] check ep=070/100 source_val_acc_ema=0.9568 threshold=0.90
[22:26:47] [pool] ep=070 ADDED src_val=0.9568/0.9576 dev77=0.6857/0.6480 final77=0.7086/0.6713
[22:26:47] [pool] running best ep=070 dev77_f1=0.6480 final77_f1=0.6713 (pool_size=5)
[22:26:47] [ep_summary] ep=70/100 val_live=0.9444/0.9450 val_ema=0.9568/0.9576 test77_live=0.7266/0.6934 test77_diag_ema=0.7086/0.6713 v13=0.0000 grl=0.0000 v15=0.0000 v15r=0.0000 v16=0.0000 v17=0.0000 v18=0.0000 das=stage3[12,95] p=1.00 ep_time=42.4s
[22:26:47] [strict77_monitor] ep=70 best_source_epoch=62 source_val_ema=0.9568/0.9576 test77_ema_diag=0.6978/0.6569 sourcequalified_count=44 best_sourcequalified77_epoch=69 source_val_ema=0.9568/0.9576 test77_ema=0.7086/0.6713
[22:26:47] [train] epoch 71/100 steps=40 use_dann=0 das=stage3 f=[12.0,95.0] p=1.00 gpu=3.0/11.8GB
[22:26:48] [train] ep=71 step=001/40 ce=0.2560 sc=0.9604 mi=0.0315 dn=0.0000 v13=0.0000 grl=0.0000 v15=0.0000 v15r=0.0000 v16=0.0000 v17=0.0000 v18=0.0000 acc=1.0000 lr=6.54e-05 lambda=0.000 grl_lambda=0.000 v18_lambda=0.000 gpu=3.0/11.8GB
[22:26:53] [train] ep=71 step=010/40 ce=0.2567 sc=0.6435 mi=0.0360 dn=0.0000 v13=0.0000 grl=0.0000 v15=0.0000 v15r=0.0000 v16=0.0000 v17=0.0000 v18=0.0000 acc=1.0000 lr=6.45e-05 lambda=0.000 grl_lambda=0.000 v18_lambda=0.000 gpu=3.0/11.8GB
[22:26:59] [train] ep=71 step=020/40 ce=0.2567 sc=0.7223 mi=0.0361 dn=0.0000 v13=0.0000 grl=0.0000 v15=0.0000 v15r=0.0000 v16=0.0000 v17=0.0000 v18=0.0000 acc=1.0000 lr=6.35e-05 lambda=0.000 grl_lambda=0.000 v18_lambda=0.000 gpu=3.0/11.8GB
[22:27:05] [train] ep=71 step=030/40 ce=0.2567 sc=0.7463 mi=0.0360 dn=0.0000 v13=0.0000 grl=0.0000 v15=0.0000 v15r=0.0000 v16=0.0000 v17=0.0000 v18=0.0000 acc=1.0000 lr=6.25e-05 lambda=0.000 grl_lambda=0.000 v18_lambda=0.000 gpu=3.0/11.8GB
[22:27:11] [train] ep=71 step=040/40 ce=0.2568 sc=0.7375 mi=0.0363 dn=0.0000 v13=0.0000 grl=0.0000 v15=0.0000 v15r=0.0000 v16=0.0000 v17=0.0000 v18=0.0000 acc=1.0000 lr=6.15e-05 lambda=0.000 grl_lambda=0.000 v18_lambda=0.000 gpu=3.0/11.8GB
[22:27:22] [ep_summary] ep=71/100 val_live=0.9444/0.9450 val_ema=0.9568/0.9576 test77_live=0.7266/0.6933 test77_diag_ema=0.7158/0.6779 v13=0.0000 grl=0.0000 v15=0.0000 v15r=0.0000 v16=0.0000 v17=0.0000 v18=0.0000 das=stage3[12,95] p=1.00 ep_time=34.7s
[22:27:22] [save] best_sourcequalified77_ema ep=71 source_val_live=0.9444/0.9450 source_val_ema=0.9568/0.9576 test77_ema=0.7158/0.6779
[22:27:22] [train] epoch 72/100 steps=40 use_dann=0 das=stage3 f=[12.0,95.0] p=1.00 gpu=3.0/11.8GB
[22:27:22] [train] ep=72 step=001/40 ce=0.2562 sc=0.7274 mi=0.0360 dn=0.0000 v13=0.0000 grl=0.0000 v15=0.0000 v15r=0.0000 v16=0.0000 v17=0.0000 v18=0.0000 acc=1.0000 lr=6.14e-05 lambda=0.000 grl_lambda=0.000 v18_lambda=0.000 gpu=3.0/11.8GB
[22:27:28] [train] ep=72 step=010/40 ce=0.2570 sc=0.8557 mi=0.0358 dn=0.0000 v13=0.0000 grl=0.0000 v15=0.0000 v15r=0.0000 v16=0.0000 v17=0.0000 v18=0.0000 acc=1.0000 lr=6.06e-05 lambda=0.000 grl_lambda=0.000 v18_lambda=0.000 gpu=3.0/11.8GB
[22:27:33] [train] ep=72 step=020/40 ce=0.2569 sc=0.7890 mi=0.0359 dn=0.0000 v13=0.0000 grl=0.0000 v15=0.0000 v15r=0.0000 v16=0.0000 v17=0.0000 v18=0.0000 acc=1.0000 lr=5.96e-05 lambda=0.000 grl_lambda=0.000 v18_lambda=0.000 gpu=3.0/11.8GB
[22:27:39] [train] ep=72 step=030/40 ce=0.2569 sc=0.7730 mi=0.0356 dn=0.0000 v13=0.0000 grl=0.0000 v15=0.0000 v15r=0.0000 v16=0.0000 v17=0.0000 v18=0.0000 acc=1.0000 lr=5.86e-05 lambda=0.000 grl_lambda=0.000 v18_lambda=0.000 gpu=3.0/11.8GB
[22:27:45] [train] ep=72 step=040/40 ce=0.2567 sc=0.7428 mi=0.0357 dn=0.0000 v13=0.0000 grl=0.0000 v15=0.0000 v15r=0.0000 v16=0.0000 v17=0.0000 v18=0.0000 acc=1.0000 lr=5.77e-05 lambda=0.000 grl_lambda=0.000 v18_lambda=0.000 gpu=3.0/11.8GB
[22:27:57] [ep_summary] ep=72/100 val_live=0.9444/0.9450 val_ema=0.9568/0.9576 test77_live=0.7302/0.6970 test77_diag_ema=0.7158/0.6788 v13=0.0000 grl=0.0000 v15=0.0000 v15r=0.0000 v16=0.0000 v17=0.0000 v18=0.0000 das=stage3[12,95] p=1.00 ep_time=35.6s
[22:27:57] [save] best_sourcequalified77_ema ep=72 source_val_live=0.9444/0.9450 source_val_ema=0.9568/0.9576 test77_ema=0.7158/0.6788
[22:27:57] [train] epoch 73/100 steps=40 use_dann=0 das=stage3 f=[12.0,95.0] p=1.00 gpu=3.0/11.8GB
[22:27:58] [train] ep=73 step=001/40 ce=0.2561 sc=0.6132 mi=0.0363 dn=0.0000 v13=0.0000 grl=0.0000 v15=0.0000 v15r=0.0000 v16=0.0000 v17=0.0000 v18=0.0000 acc=1.0000 lr=5.76e-05 lambda=0.000 grl_lambda=0.000 v18_lambda=0.000 gpu=3.0/11.8GB
[22:28:03] [train] ep=73 step=010/40 ce=0.2564 sc=0.6758 mi=0.0355 dn=0.0000 v13=0.0000 grl=0.0000 v15=0.0000 v15r=0.0000 v16=0.0000 v17=0.0000 v18=0.0000 acc=1.0000 lr=5.67e-05 lambda=0.000 grl_lambda=0.000 v18_lambda=0.000 gpu=3.0/11.8GB
[22:28:09] [train] ep=73 step=020/40 ce=0.2564 sc=0.7371 mi=0.0359 dn=0.0000 v13=0.0000 grl=0.0000 v15=0.0000 v15r=0.0000 v16=0.0000 v17=0.0000 v18=0.0000 acc=1.0000 lr=5.58e-05 lambda=0.000 grl_lambda=0.000 v18_lambda=0.000 gpu=3.0/11.8GB
[22:28:15] [train] ep=73 step=030/40 ce=0.2564 sc=0.7273 mi=0.0361 dn=0.0000 v13=0.0000 grl=0.0000 v15=0.0000 v15r=0.0000 v16=0.0000 v17=0.0000 v18=0.0000 acc=1.0000 lr=5.48e-05 lambda=0.000 grl_lambda=0.000 v18_lambda=0.000 gpu=3.0/11.8GB
[22:28:21] [train] ep=73 step=040/40 ce=0.2564 sc=0.6928 mi=0.0357 dn=0.0000 v13=0.0000 grl=0.0000 v15=0.0000 v15r=0.0000 v16=0.0000 v17=0.0000 v18=0.0000 acc=1.0000 lr=5.39e-05 lambda=0.000 grl_lambda=0.000 v18_lambda=0.000 gpu=3.0/11.8GB
[22:28:32] [ep_summary] ep=73/100 val_live=0.9444/0.9450 val_ema=0.9568/0.9576 test77_live=0.7302/0.6970 test77_diag_ema=0.7158/0.6790 v13=0.0000 grl=0.0000 v15=0.0000 v15r=0.0000 v16=0.0000 v17=0.0000 v18=0.0000 das=stage3[12,95] p=1.00 ep_time=34.7s
[22:28:32] [save] best_sourcequalified77_ema ep=73 source_val_live=0.9444/0.9450 source_val_ema=0.9568/0.9576 test77_ema=0.7158/0.6790
[22:28:32] [train] epoch 74/100 steps=40 use_dann=0 das=stage3 f=[12.0,95.0] p=1.00 gpu=3.0/11.8GB
[22:28:33] [train] ep=74 step=001/40 ce=0.2583 sc=1.3155 mi=0.0434 dn=0.0000 v13=0.0000 grl=0.0000 v15=0.0000 v15r=0.0000 v16=0.0000 v17=0.0000 v18=0.0000 acc=1.0000 lr=5.38e-05 lambda=0.000 grl_lambda=0.000 v18_lambda=0.000 gpu=3.0/11.8GB
[22:28:38] [train] ep=74 step=010/40 ce=0.2567 sc=0.8800 mi=0.0357 dn=0.0000 v13=0.0000 grl=0.0000 v15=0.0000 v15r=0.0000 v16=0.0000 v17=0.0000 v18=0.0000 acc=1.0000 lr=5.30e-05 lambda=0.000 grl_lambda=0.000 v18_lambda=0.000 gpu=3.0/11.8GB
[22:28:44] [train] ep=74 step=020/40 ce=0.2567 sc=0.8132 mi=0.0355 dn=0.0000 v13=0.0000 grl=0.0000 v15=0.0000 v15r=0.0000 v16=0.0000 v17=0.0000 v18=0.0000 acc=1.0000 lr=5.20e-05 lambda=0.000 grl_lambda=0.000 v18_lambda=0.000 gpu=3.0/11.8GB
[22:28:50] [train] ep=74 step=030/40 ce=0.2567 sc=0.7665 mi=0.0354 dn=0.0000 v13=0.0000 grl=0.0000 v15=0.0000 v15r=0.0000 v16=0.0000 v17=0.0000 v18=0.0000 acc=1.0000 lr=5.11e-05 lambda=0.000 grl_lambda=0.000 v18_lambda=0.000 gpu=3.0/11.8GB
[22:28:56] [train] ep=74 step=040/40 ce=0.2566 sc=0.7549 mi=0.0352 dn=0.0000 v13=0.0000 grl=0.0000 v15=0.0000 v15r=0.0000 v16=0.0000 v17=0.0000 v18=0.0000 acc=1.0000 lr=5.02e-05 lambda=0.000 grl_lambda=0.000 v18_lambda=0.000 gpu=3.0/11.8GB
[22:29:08] [ep_summary] ep=74/100 val_live=0.9444/0.9450 val_ema=0.9568/0.9576 test77_live=0.7302/0.6970 test77_diag_ema=0.7122/0.6761 v13=0.0000 grl=0.0000 v15=0.0000 v15r=0.0000 v16=0.0000 v17=0.0000 v18=0.0000 das=stage3[12,95] p=1.00 ep_time=35.9s
[22:29:08] [train] epoch 75/100 steps=40 use_dann=0 das=stage3 f=[12.0,95.0] p=1.00 gpu=3.0/11.8GB
[22:29:09] [train] ep=75 step=001/40 ce=0.2568 sc=0.8441 mi=0.0365 dn=0.0000 v13=0.0000 grl=0.0000 v15=0.0000 v15r=0.0000 v16=0.0000 v17=0.0000 v18=0.0000 acc=1.0000 lr=5.01e-05 lambda=0.000 grl_lambda=0.000 v18_lambda=0.000 gpu=3.0/11.8GB
[22:29:14] [train] ep=75 step=010/40 ce=0.2563 sc=0.7139 mi=0.0383 dn=0.0000 v13=0.0000 grl=0.0000 v15=0.0000 v15r=0.0000 v16=0.0000 v17=0.0000 v18=0.0000 acc=1.0000 lr=4.93e-05 lambda=0.000 grl_lambda=0.000 v18_lambda=0.000 gpu=3.0/11.8GB
[22:29:20] [train] ep=75 step=020/40 ce=0.2562 sc=0.7087 mi=0.0378 dn=0.0000 v13=0.0000 grl=0.0000 v15=0.0000 v15r=0.0000 v16=0.0000 v17=0.0000 v18=0.0000 acc=1.0000 lr=4.84e-05 lambda=0.000 grl_lambda=0.000 v18_lambda=0.000 gpu=3.0/11.8GB
[22:29:26] [train] ep=75 step=030/40 ce=0.2563 sc=0.7390 mi=0.0379 dn=0.0000 v13=0.0000 grl=0.0000 v15=0.0000 v15r=0.0000 v16=0.0000 v17=0.0000 v18=0.0000 acc=1.0000 lr=4.75e-05 lambda=0.000 grl_lambda=0.000 v18_lambda=0.000 gpu=3.0/11.8GB
[22:29:32] [train] ep=75 step=040/40 ce=0.2564 sc=0.7498 mi=0.0372 dn=0.0000 v13=0.0000 grl=0.0000 v15=0.0000 v15r=0.0000 v16=0.0000 v17=0.0000 v18=0.0000 acc=1.0000 lr=4.66e-05 lambda=0.000 grl_lambda=0.000 v18_lambda=0.000 gpu=3.0/11.8GB
[22:29:44] [ep_summary] ep=75/100 val_live=0.9444/0.9450 val_ema=0.9568/0.9576 test77_live=0.7302/0.6970 test77_diag_ema=0.7158/0.6794 v13=0.0000 grl=0.0000 v15=0.0000 v15r=0.0000 v16=0.0000 v17=0.0000 v18=0.0000 das=stage3[12,95] p=1.00 ep_time=35.8s
[22:29:44] [save] best_sourcequalified77_ema ep=75 source_val_live=0.9444/0.9450 source_val_ema=0.9568/0.9576 test77_ema=0.7158/0.6794
[22:29:44] [train] epoch 76/100 steps=40 use_dann=0 das=stage3 f=[12.0,95.0] p=1.00 gpu=3.0/11.8GB
[22:29:45] [train] ep=76 step=001/40 ce=0.2558 sc=0.5643 mi=0.0337 dn=0.0000 v13=0.0000 grl=0.0000 v15=0.0000 v15r=0.0000 v16=0.0000 v17=0.0000 v18=0.0000 acc=1.0000 lr=4.65e-05 lambda=0.000 grl_lambda=0.000 v18_lambda=0.000 gpu=3.0/11.8GB
[22:29:50] [train] ep=76 step=010/40 ce=0.2563 sc=0.6351 mi=0.0356 dn=0.0000 v13=0.0000 grl=0.0000 v15=0.0000 v15r=0.0000 v16=0.0000 v17=0.0000 v18=0.0000 acc=1.0000 lr=4.58e-05 lambda=0.000 grl_lambda=0.000 v18_lambda=0.000 gpu=3.0/11.8GB
[22:29:56] [train] ep=76 step=020/40 ce=0.2564 sc=0.6865 mi=0.0364 dn=0.0000 v13=0.0000 grl=0.0000 v15=0.0000 v15r=0.0000 v16=0.0000 v17=0.0000 v18=0.0000 acc=1.0000 lr=4.49e-05 lambda=0.000 grl_lambda=0.000 v18_lambda=0.000 gpu=3.0/11.8GB
[22:30:02] [train] ep=76 step=030/40 ce=0.2565 sc=0.6902 mi=0.0360 dn=0.0000 v13=0.0000 grl=0.0000 v15=0.0000 v15r=0.0000 v16=0.0000 v17=0.0000 v18=0.0000 acc=1.0000 lr=4.40e-05 lambda=0.000 grl_lambda=0.000 v18_lambda=0.000 gpu=3.0/11.8GB
[22:30:08] [train] ep=76 step=040/40 ce=0.2565 sc=0.7061 mi=0.0356 dn=0.0000 v13=0.0000 grl=0.0000 v15=0.0000 v15r=0.0000 v16=0.0000 v17=0.0000 v18=0.0000 acc=1.0000 lr=4.32e-05 lambda=0.000 grl_lambda=0.000 v18_lambda=0.000 gpu=3.0/11.8GB
[22:30:20] [ep_summary] ep=76/100 val_live=0.9444/0.9450 val_ema=0.9568/0.9576 test77_live=0.7302/0.6970 test77_diag_ema=0.7158/0.6794 v13=0.0000 grl=0.0000 v15=0.0000 v15r=0.0000 v16=0.0000 v17=0.0000 v18=0.0000 das=stage3[12,95] p=1.00 ep_time=35.6s
[22:30:20] [train] epoch 77/100 steps=40 use_dann=0 das=stage3 f=[12.0,95.0] p=1.00 gpu=3.0/11.8GB
[22:30:20] [train] ep=77 step=001/40 ce=0.2559 sc=0.6293 mi=0.0340 dn=0.0000 v13=0.0000 grl=0.0000 v15=0.0000 v15r=0.0000 v16=0.0000 v17=0.0000 v18=0.0000 acc=1.0000 lr=4.31e-05 lambda=0.000 grl_lambda=0.000 v18_lambda=0.000 gpu=3.0/11.8GB
[22:30:25] [train] ep=77 step=010/40 ce=0.2562 sc=0.6368 mi=0.0366 dn=0.0000 v13=0.0000 grl=0.0000 v15=0.0000 v15r=0.0000 v16=0.0000 v17=0.0000 v18=0.0000 acc=1.0000 lr=4.23e-05 lambda=0.000 grl_lambda=0.000 v18_lambda=0.000 gpu=3.0/11.8GB
[22:30:31] [train] ep=77 step=020/40 ce=0.2562 sc=0.6532 mi=0.0350 dn=0.0000 v13=0.0000 grl=0.0000 v15=0.0000 v15r=0.0000 v16=0.0000 v17=0.0000 v18=0.0000 acc=1.0000 lr=4.15e-05 lambda=0.000 grl_lambda=0.000 v18_lambda=0.000 gpu=3.0/11.8GB
[22:30:37] [train] ep=77 step=030/40 ce=0.2564 sc=0.6844 mi=0.0352 dn=0.0000 v13=0.0000 grl=0.0000 v15=0.0000 v15r=0.0000 v16=0.0000 v17=0.0000 v18=0.0000 acc=1.0000 lr=4.06e-05 lambda=0.000 grl_lambda=0.000 v18_lambda=0.000 gpu=3.0/11.8GB
[22:30:43] [train] ep=77 step=040/40 ce=0.2565 sc=0.7274 mi=0.0353 dn=0.0000 v13=0.0000 grl=0.0000 v15=0.0000 v15r=0.0000 v16=0.0000 v17=0.0000 v18=0.0000 acc=1.0000 lr=3.98e-05 lambda=0.000 grl_lambda=0.000 v18_lambda=0.000 gpu=3.0/11.8GB
[22:30:55] [ep_summary] ep=77/100 val_live=0.9444/0.9450 val_ema=0.9568/0.9576 test77_live=0.7302/0.6970 test77_diag_ema=0.7158/0.6794 v13=0.0000 grl=0.0000 v15=0.0000 v15r=0.0000 v16=0.0000 v17=0.0000 v18=0.0000 das=stage3[12,95] p=1.00 ep_time=35.7s
[22:30:55] [train] epoch 78/100 steps=40 use_dann=0 das=stage3 f=[12.0,95.0] p=1.00 gpu=3.0/11.8GB
[22:30:56] [train] ep=78 step=001/40 ce=0.2563 sc=1.0780 mi=0.0273 dn=0.0000 v13=0.0000 grl=0.0000 v15=0.0000 v15r=0.0000 v16=0.0000 v17=0.0000 v18=0.0000 acc=1.0000 lr=3.97e-05 lambda=0.000 grl_lambda=0.000 v18_lambda=0.000 gpu=3.0/11.8GB
[22:31:01] [train] ep=78 step=010/40 ce=0.2563 sc=0.6989 mi=0.0355 dn=0.0000 v13=0.0000 grl=0.0000 v15=0.0000 v15r=0.0000 v16=0.0000 v17=0.0000 v18=0.0000 acc=1.0000 lr=3.90e-05 lambda=0.000 grl_lambda=0.000 v18_lambda=0.000 gpu=3.0/11.8GB
[22:31:07] [train] ep=78 step=020/40 ce=0.2565 sc=0.7053 mi=0.0358 dn=0.0000 v13=0.0000 grl=0.0000 v15=0.0000 v15r=0.0000 v16=0.0000 v17=0.0000 v18=0.0000 acc=1.0000 lr=3.82e-05 lambda=0.000 grl_lambda=0.000 v18_lambda=0.000 gpu=3.0/11.8GB
[22:31:13] [train] ep=78 step=030/40 ce=0.2564 sc=0.7492 mi=0.0363 dn=0.0000 v13=0.0000 grl=0.0000 v15=0.0000 v15r=0.0000 v16=0.0000 v17=0.0000 v18=0.0000 acc=1.0000 lr=3.74e-05 lambda=0.000 grl_lambda=0.000 v18_lambda=0.000 gpu=3.0/11.8GB
[22:31:19] [train] ep=78 step=040/40 ce=0.2564 sc=0.7329 mi=0.0360 dn=0.0000 v13=0.0000 grl=0.0000 v15=0.0000 v15r=0.0000 v16=0.0000 v17=0.0000 v18=0.0000 acc=1.0000 lr=3.66e-05 lambda=0.000 grl_lambda=0.000 v18_lambda=0.000 gpu=3.0/11.8GB
[22:31:30] [ep_summary] ep=78/100 val_live=0.9444/0.9450 val_ema=0.9568/0.9576 test77_live=0.7302/0.6970 test77_diag_ema=0.7158/0.6794 v13=0.0000 grl=0.0000 v15=0.0000 v15r=0.0000 v16=0.0000 v17=0.0000 v18=0.0000 das=stage3[12,95] p=1.00 ep_time=34.2s
[22:31:30] [train] epoch 79/100 steps=40 use_dann=0 das=stage3 f=[12.0,95.0] p=1.00 gpu=3.0/11.8GB
[22:31:30] [train] ep=79 step=001/40 ce=0.2560 sc=0.6446 mi=0.0391 dn=0.0000 v13=0.0000 grl=0.0000 v15=0.0000 v15r=0.0000 v16=0.0000 v17=0.0000 v18=0.0000 acc=1.0000 lr=3.65e-05 lambda=0.000 grl_lambda=0.000 v18_lambda=0.000 gpu=3.0/11.8GB
[22:31:36] [train] ep=79 step=010/40 ce=0.2566 sc=0.7847 mi=0.0351 dn=0.0000 v13=0.0000 grl=0.0000 v15=0.0000 v15r=0.0000 v16=0.0000 v17=0.0000 v18=0.0000 acc=1.0000 lr=3.58e-05 lambda=0.000 grl_lambda=0.000 v18_lambda=0.000 gpu=3.0/11.8GB
[22:31:42] [train] ep=79 step=020/40 ce=0.2563 sc=0.8292 mi=0.0360 dn=0.0000 v13=0.0000 grl=0.0000 v15=0.0000 v15r=0.0000 v16=0.0000 v17=0.0000 v18=0.0000 acc=1.0000 lr=3.50e-05 lambda=0.000 grl_lambda=0.000 v18_lambda=0.000 gpu=3.0/11.8GB
[22:31:48] [train] ep=79 step=030/40 ce=0.2563 sc=0.7650 mi=0.0357 dn=0.0000 v13=0.0000 grl=0.0000 v15=0.0000 v15r=0.0000 v16=0.0000 v17=0.0000 v18=0.0000 acc=1.0000 lr=3.42e-05 lambda=0.000 grl_lambda=0.000 v18_lambda=0.000 gpu=3.0/11.8GB
[22:31:53] [train] ep=79 step=040/40 ce=0.2563 sc=0.7789 mi=0.0358 dn=0.0000 v13=0.0000 grl=0.0000 v15=0.0000 v15r=0.0000 v16=0.0000 v17=0.0000 v18=0.0000 acc=1.0000 lr=3.35e-05 lambda=0.000 grl_lambda=0.000 v18_lambda=0.000 gpu=3.0/11.8GB
[22:32:05] [ep_summary] ep=79/100 val_live=0.9444/0.9450 val_ema=0.9506/0.9513 test77_live=0.7302/0.6970 test77_diag_ema=0.7194/0.6827 v13=0.0000 grl=0.0000 v15=0.0000 v15r=0.0000 v16=0.0000 v17=0.0000 v18=0.0000 das=stage3[12,95] p=1.00 ep_time=35.5s
[22:32:05] [save] best_sourcequalified77_ema ep=79 source_val_live=0.9444/0.9450 source_val_ema=0.9506/0.9513 test77_ema=0.7194/0.6827
[22:32:05] [train] epoch 80/100 steps=40 use_dann=0 das=stage3 f=[12.0,95.0] p=1.00 gpu=3.0/11.8GB
[22:32:06] [train] ep=80 step=001/40 ce=0.2563 sc=0.4178 mi=0.0347 dn=0.0000 v13=0.0000 grl=0.0000 v15=0.0000 v15r=0.0000 v16=0.0000 v17=0.0000 v18=0.0000 acc=1.0000 lr=3.34e-05 lambda=0.000 grl_lambda=0.000 v18_lambda=0.000 gpu=3.0/11.8GB
[22:32:11] [train] ep=80 step=010/40 ce=0.2564 sc=0.7021 mi=0.0340 dn=0.0000 v13=0.0000 grl=0.0000 v15=0.0000 v15r=0.0000 v16=0.0000 v17=0.0000 v18=0.0000 acc=1.0000 lr=3.27e-05 lambda=0.000 grl_lambda=0.000 v18_lambda=0.000 gpu=3.0/11.8GB
[22:32:17] [train] ep=80 step=020/40 ce=0.2564 sc=0.7509 mi=0.0343 dn=0.0000 v13=0.0000 grl=0.0000 v15=0.0000 v15r=0.0000 v16=0.0000 v17=0.0000 v18=0.0000 acc=1.0000 lr=3.19e-05 lambda=0.000 grl_lambda=0.000 v18_lambda=0.000 gpu=3.0/11.8GB
[22:32:23] [train] ep=80 step=030/40 ce=0.2563 sc=0.7421 mi=0.0350 dn=0.0000 v13=0.0000 grl=0.0000 v15=0.0000 v15r=0.0000 v16=0.0000 v17=0.0000 v18=0.0000 acc=1.0000 lr=3.12e-05 lambda=0.000 grl_lambda=0.000 v18_lambda=0.000 gpu=3.0/11.8GB
[22:32:29] [train] ep=80 step=040/40 ce=0.2563 sc=0.7533 mi=0.0349 dn=0.0000 v13=0.0000 grl=0.0000 v15=0.0000 v15r=0.0000 v16=0.0000 v17=0.0000 v18=0.0000 acc=1.0000 lr=3.05e-05 lambda=0.000 grl_lambda=0.000 v18_lambda=0.000 gpu=3.0/11.8GB
[22:32:41] [pool] check ep=080/100 source_val_acc_ema=0.9506 threshold=0.90
[22:32:46] [pool] ep=080 ADDED src_val=0.9506/0.9513 dev77=0.6857/0.6429 final77=0.7194/0.6834
[22:32:46] [pool] running best ep=070 dev77_f1=0.6480 final77_f1=0.6713 (pool_size=6)
[22:32:46] [ep_summary] ep=80/100 val_live=0.9444/0.9450 val_ema=0.9506/0.9513 test77_live=0.7302/0.6970 test77_diag_ema=0.7194/0.6834 v13=0.0000 grl=0.0000 v15=0.0000 v15r=0.0000 v16=0.0000 v17=0.0000 v18=0.0000 das=stage3[12,95] p=1.00 ep_time=41.2s
[22:32:46] [save] best_sourcequalified77_ema ep=80 source_val_live=0.9444/0.9450 source_val_ema=0.9506/0.9513 test77_ema=0.7194/0.6834
[22:32:46] [strict77_monitor] ep=80 best_source_epoch=62 source_val_ema=0.9568/0.9576 test77_ema_diag=0.6978/0.6569 sourcequalified_count=54 best_sourcequalified77_epoch=80 source_val_ema=0.9506/0.9513 test77_ema=0.7194/0.6834
[22:32:46] [train] epoch 81/100 steps=40 use_dann=0 das=stage3 f=[12.0,95.0] p=1.00 gpu=3.0/11.8GB
[22:32:47] [train] ep=81 step=001/40 ce=0.2561 sc=0.8381 mi=0.0369 dn=0.0000 v13=0.0000 grl=0.0000 v15=0.0000 v15r=0.0000 v16=0.0000 v17=0.0000 v18=0.0000 acc=1.0000 lr=3.04e-05 lambda=0.000 grl_lambda=0.000 v18_lambda=0.000 gpu=3.0/11.8GB
[22:32:52] [train] ep=81 step=010/40 ce=0.2567 sc=0.8791 mi=0.0333 dn=0.0000 v13=0.0000 grl=0.0000 v15=0.0000 v15r=0.0000 v16=0.0000 v17=0.0000 v18=0.0000 acc=1.0000 lr=2.97e-05 lambda=0.000 grl_lambda=0.000 v18_lambda=0.000 gpu=3.0/11.8GB
[22:32:58] [train] ep=81 step=020/40 ce=0.2562 sc=0.7953 mi=0.0331 dn=0.0000 v13=0.0000 grl=0.0000 v15=0.0000 v15r=0.0000 v16=0.0000 v17=0.0000 v18=0.0000 acc=1.0000 lr=2.90e-05 lambda=0.000 grl_lambda=0.000 v18_lambda=0.000 gpu=3.0/11.8GB
[22:33:04] [train] ep=81 step=030/40 ce=0.2562 sc=0.7951 mi=0.0337 dn=0.0000 v13=0.0000 grl=0.0000 v15=0.0000 v15r=0.0000 v16=0.0000 v17=0.0000 v18=0.0000 acc=1.0000 lr=2.83e-05 lambda=0.000 grl_lambda=0.000 v18_lambda=0.000 gpu=3.0/11.8GB
[22:33:10] [train] ep=81 step=040/40 ce=0.2562 sc=0.8091 mi=0.0343 dn=0.0000 v13=0.0000 grl=0.0000 v15=0.0000 v15r=0.0000 v16=0.0000 v17=0.0000 v18=0.0000 acc=1.0000 lr=2.76e-05 lambda=0.000 grl_lambda=0.000 v18_lambda=0.000 gpu=3.0/11.8GB
[22:33:23] [ep_summary] ep=81/100 val_live=0.9444/0.9450 val_ema=0.9506/0.9513 test77_live=0.7302/0.6970 test77_diag_ema=0.7158/0.6798 v13=0.0000 grl=0.0000 v15=0.0000 v15r=0.0000 v16=0.0000 v17=0.0000 v18=0.0000 das=stage3[12,95] p=1.00 ep_time=37.1s
[22:33:23] [train] epoch 82/100 steps=40 use_dann=0 das=stage3 f=[12.0,95.0] p=1.00 gpu=3.0/11.8GB
[22:33:24] [train] ep=82 step=001/40 ce=0.2561 sc=0.8417 mi=0.0312 dn=0.0000 v13=0.0000 grl=0.0000 v15=0.0000 v15r=0.0000 v16=0.0000 v17=0.0000 v18=0.0000 acc=1.0000 lr=2.75e-05 lambda=0.000 grl_lambda=0.000 v18_lambda=0.000 gpu=3.0/11.8GB
[22:33:29] [train] ep=82 step=010/40 ce=0.2563 sc=0.7473 mi=0.0362 dn=0.0000 v13=0.0000 grl=0.0000 v15=0.0000 v15r=0.0000 v16=0.0000 v17=0.0000 v18=0.0000 acc=1.0000 lr=2.69e-05 lambda=0.000 grl_lambda=0.000 v18_lambda=0.000 gpu=3.0/11.8GB
[22:33:35] [train] ep=82 step=020/40 ce=0.2565 sc=0.7232 mi=0.0359 dn=0.0000 v13=0.0000 grl=0.0000 v15=0.0000 v15r=0.0000 v16=0.0000 v17=0.0000 v18=0.0000 acc=1.0000 lr=2.62e-05 lambda=0.000 grl_lambda=0.000 v18_lambda=0.000 gpu=3.0/11.8GB
[22:33:41] [train] ep=82 step=030/40 ce=0.2564 sc=0.7558 mi=0.0364 dn=0.0000 v13=0.0000 grl=0.0000 v15=0.0000 v15r=0.0000 v16=0.0000 v17=0.0000 v18=0.0000 acc=1.0000 lr=2.55e-05 lambda=0.000 grl_lambda=0.000 v18_lambda=0.000 gpu=3.0/11.8GB
[22:33:47] [train] ep=82 step=040/40 ce=0.2563 sc=0.7338 mi=0.0358 dn=0.0000 v13=0.0000 grl=0.0000 v15=0.0000 v15r=0.0000 v16=0.0000 v17=0.0000 v18=0.0000 acc=1.0000 lr=2.48e-05 lambda=0.000 grl_lambda=0.000 v18_lambda=0.000 gpu=3.0/11.8GB
[22:33:58] [ep_summary] ep=82/100 val_live=0.9444/0.9450 val_ema=0.9506/0.9513 test77_live=0.7302/0.6970 test77_diag_ema=0.7158/0.6798 v13=0.0000 grl=0.0000 v15=0.0000 v15r=0.0000 v16=0.0000 v17=0.0000 v18=0.0000 das=stage3[12,95] p=1.00 ep_time=34.5s
[22:33:58] [train] epoch 83/100 steps=40 use_dann=0 das=stage3 f=[12.0,95.0] p=1.00 gpu=3.0/11.8GB
[22:33:59] [train] ep=83 step=001/40 ce=0.2591 sc=0.7124 mi=0.0398 dn=0.0000 v13=0.0000 grl=0.0000 v15=0.0000 v15r=0.0000 v16=0.0000 v17=0.0000 v18=0.0000 acc=1.0000 lr=2.48e-05 lambda=0.000 grl_lambda=0.000 v18_lambda=0.000 gpu=3.0/11.8GB
[22:34:04] [train] ep=83 step=010/40 ce=0.2567 sc=0.7046 mi=0.0390 dn=0.0000 v13=0.0000 grl=0.0000 v15=0.0000 v15r=0.0000 v16=0.0000 v17=0.0000 v18=0.0000 acc=1.0000 lr=2.42e-05 lambda=0.000 grl_lambda=0.000 v18_lambda=0.000 gpu=3.0/11.8GB
[22:34:10] [train] ep=83 step=020/40 ce=0.2566 sc=0.7175 mi=0.0367 dn=0.0000 v13=0.0000 grl=0.0000 v15=0.0000 v15r=0.0000 v16=0.0000 v17=0.0000 v18=0.0000 acc=1.0000 lr=2.35e-05 lambda=0.000 grl_lambda=0.000 v18_lambda=0.000 gpu=3.0/11.8GB
[22:34:16] [train] ep=83 step=030/40 ce=0.2564 sc=0.7119 mi=0.0366 dn=0.0000 v13=0.0000 grl=0.0000 v15=0.0000 v15r=0.0000 v16=0.0000 v17=0.0000 v18=0.0000 acc=1.0000 lr=2.29e-05 lambda=0.000 grl_lambda=0.000 v18_lambda=0.000 gpu=3.0/11.8GB
[22:34:22] [train] ep=83 step=040/40 ce=0.2563 sc=0.7030 mi=0.0360 dn=0.0000 v13=0.0000 grl=0.0000 v15=0.0000 v15r=0.0000 v16=0.0000 v17=0.0000 v18=0.0000 acc=1.0000 lr=2.22e-05 lambda=0.000 grl_lambda=0.000 v18_lambda=0.000 gpu=3.0/11.8GB
[22:34:34] [ep_summary] ep=83/100 val_live=0.9444/0.9450 val_ema=0.9506/0.9513 test77_live=0.7302/0.6970 test77_diag_ema=0.7194/0.6871 v13=0.0000 grl=0.0000 v15=0.0000 v15r=0.0000 v16=0.0000 v17=0.0000 v18=0.0000 das=stage3[12,95] p=1.00 ep_time=36.1s
[22:34:34] [save] best_sourcequalified77_ema ep=83 source_val_live=0.9444/0.9450 source_val_ema=0.9506/0.9513 test77_ema=0.7194/0.6871
[22:34:34] [train] epoch 84/100 steps=40 use_dann=0 das=stage3 f=[12.0,95.0] p=1.00 gpu=3.0/11.8GB
[22:34:35] [train] ep=84 step=001/40 ce=0.2572 sc=0.7843 mi=0.0386 dn=0.0000 v13=0.0000 grl=0.0000 v15=0.0000 v15r=0.0000 v16=0.0000 v17=0.0000 v18=0.0000 acc=1.0000 lr=2.22e-05 lambda=0.000 grl_lambda=0.000 v18_lambda=0.000 gpu=3.0/11.8GB
[22:34:40] [train] ep=84 step=010/40 ce=0.2565 sc=0.7636 mi=0.0355 dn=0.0000 v13=0.0000 grl=0.0000 v15=0.0000 v15r=0.0000 v16=0.0000 v17=0.0000 v18=0.0000 acc=1.0000 lr=2.16e-05 lambda=0.000 grl_lambda=0.000 v18_lambda=0.000 gpu=3.0/11.8GB
[22:34:46] [train] ep=84 step=020/40 ce=0.2563 sc=0.7838 mi=0.0359 dn=0.0000 v13=0.0000 grl=0.0000 v15=0.0000 v15r=0.0000 v16=0.0000 v17=0.0000 v18=0.0000 acc=1.0000 lr=2.10e-05 lambda=0.000 grl_lambda=0.000 v18_lambda=0.000 gpu=3.0/11.8GB
[22:34:52] [train] ep=84 step=030/40 ce=0.2563 sc=0.7571 mi=0.0356 dn=0.0000 v13=0.0000 grl=0.0000 v15=0.0000 v15r=0.0000 v16=0.0000 v17=0.0000 v18=0.0000 acc=1.0000 lr=2.04e-05 lambda=0.000 grl_lambda=0.000 v18_lambda=0.000 gpu=3.0/11.8GB
[22:34:58] [train] ep=84 step=040/40 ce=0.2562 sc=0.7586 mi=0.0356 dn=0.0000 v13=0.0000 grl=0.0000 v15=0.0000 v15r=0.0000 v16=0.0000 v17=0.0000 v18=0.0000 acc=1.0000 lr=1.98e-05 lambda=0.000 grl_lambda=0.000 v18_lambda=0.000 gpu=3.0/11.8GB
[22:35:08] [ep_summary] ep=84/100 val_live=0.9444/0.9450 val_ema=0.9506/0.9513 test77_live=0.7302/0.6970 test77_diag_ema=0.7158/0.6831 v13=0.0000 grl=0.0000 v15=0.0000 v15r=0.0000 v16=0.0000 v17=0.0000 v18=0.0000 das=stage3[12,95] p=1.00 ep_time=34.1s
[22:35:08] [train] epoch 85/100 steps=40 use_dann=0 das=stage3 f=[12.0,95.0] p=1.00 gpu=3.0/11.8GB
[22:35:09] [train] ep=85 step=001/40 ce=0.2564 sc=1.1158 mi=0.0349 dn=0.0000 v13=0.0000 grl=0.0000 v15=0.0000 v15r=0.0000 v16=0.0000 v17=0.0000 v18=0.0000 acc=1.0000 lr=1.97e-05 lambda=0.000 grl_lambda=0.000 v18_lambda=0.000 gpu=3.0/11.8GB
[22:35:14] [train] ep=85 step=010/40 ce=0.2559 sc=0.8193 mi=0.0367 dn=0.0000 v13=0.0000 grl=0.0000 v15=0.0000 v15r=0.0000 v16=0.0000 v17=0.0000 v18=0.0000 acc=1.0000 lr=1.92e-05 lambda=0.000 grl_lambda=0.000 v18_lambda=0.000 gpu=3.0/11.8GB
[22:35:20] [train] ep=85 step=020/40 ce=0.2564 sc=0.7862 mi=0.0365 dn=0.0000 v13=0.0000 grl=0.0000 v15=0.0000 v15r=0.0000 v16=0.0000 v17=0.0000 v18=0.0000 acc=1.0000 lr=1.86e-05 lambda=0.000 grl_lambda=0.000 v18_lambda=0.000 gpu=3.0/11.8GB
[22:35:26] [train] ep=85 step=030/40 ce=0.2563 sc=0.7841 mi=0.0361 dn=0.0000 v13=0.0000 grl=0.0000 v15=0.0000 v15r=0.0000 v16=0.0000 v17=0.0000 v18=0.0000 acc=1.0000 lr=1.80e-05 lambda=0.000 grl_lambda=0.000 v18_lambda=0.000 gpu=3.0/11.8GB
[22:35:32] [train] ep=85 step=040/40 ce=0.2563 sc=0.7939 mi=0.0357 dn=0.0000 v13=0.0000 grl=0.0000 v15=0.0000 v15r=0.0000 v16=0.0000 v17=0.0000 v18=0.0000 acc=1.0000 lr=1.74e-05 lambda=0.000 grl_lambda=0.000 v18_lambda=0.000 gpu=3.0/11.8GB
[22:35:42] [ep_summary] ep=85/100 val_live=0.9444/0.9450 val_ema=0.9506/0.9513 test77_live=0.7302/0.6970 test77_diag_ema=0.7158/0.6831 v13=0.0000 grl=0.0000 v15=0.0000 v15r=0.0000 v16=0.0000 v17=0.0000 v18=0.0000 das=stage3[12,95] p=1.00 ep_time=34.1s
[22:35:42] [train] epoch 86/100 steps=40 use_dann=0 das=stage3 f=[12.0,95.0] p=1.00 gpu=3.0/11.8GB
[22:35:43] [train] ep=86 step=001/40 ce=0.2561 sc=0.6130 mi=0.0353 dn=0.0000 v13=0.0000 grl=0.0000 v15=0.0000 v15r=0.0000 v16=0.0000 v17=0.0000 v18=0.0000 acc=1.0000 lr=1.74e-05 lambda=0.000 grl_lambda=0.000 v18_lambda=0.000 gpu=3.0/11.8GB
[22:35:48] [train] ep=86 step=010/40 ce=0.2583 sc=0.7082 mi=0.0365 dn=0.0000 v13=0.0000 grl=0.0000 v15=0.0000 v15r=0.0000 v16=0.0000 v17=0.0000 v18=0.0000 acc=1.0000 lr=1.68e-05 lambda=0.000 grl_lambda=0.000 v18_lambda=0.000 gpu=3.0/11.8GB
[22:35:54] [train] ep=86 step=020/40 ce=0.2573 sc=0.6543 mi=0.0361 dn=0.0000 v13=0.0000 grl=0.0000 v15=0.0000 v15r=0.0000 v16=0.0000 v17=0.0000 v18=0.0000 acc=1.0000 lr=1.63e-05 lambda=0.000 grl_lambda=0.000 v18_lambda=0.000 gpu=3.0/11.8GB
[22:36:00] [train] ep=86 step=030/40 ce=0.2571 sc=0.6796 mi=0.0361 dn=0.0000 v13=0.0000 grl=0.0000 v15=0.0000 v15r=0.0000 v16=0.0000 v17=0.0000 v18=0.0000 acc=1.0000 lr=1.57e-05 lambda=0.000 grl_lambda=0.000 v18_lambda=0.000 gpu=3.0/11.8GB
[22:36:06] [train] ep=86 step=040/40 ce=0.2569 sc=0.6980 mi=0.0358 dn=0.0000 v13=0.0000 grl=0.0000 v15=0.0000 v15r=0.0000 v16=0.0000 v17=0.0000 v18=0.0000 acc=1.0000 lr=1.52e-05 lambda=0.000 grl_lambda=0.000 v18_lambda=0.000 gpu=3.0/11.8GB
[22:36:16] [ep_summary] ep=86/100 val_live=0.9444/0.9450 val_ema=0.9506/0.9513 test77_live=0.7302/0.6963 test77_diag_ema=0.7158/0.6836 v13=0.0000 grl=0.0000 v15=0.0000 v15r=0.0000 v16=0.0000 v17=0.0000 v18=0.0000 das=stage3[12,95] p=1.00 ep_time=34.1s
[22:36:16] [train] epoch 87/100 steps=40 use_dann=0 das=stage3 f=[12.0,95.0] p=1.00 gpu=3.0/11.8GB
[22:36:17] [train] ep=87 step=001/40 ce=0.2552 sc=0.5955 mi=0.0350 dn=0.0000 v13=0.0000 grl=0.0000 v15=0.0000 v15r=0.0000 v16=0.0000 v17=0.0000 v18=0.0000 acc=1.0000 lr=1.52e-05 lambda=0.000 grl_lambda=0.000 v18_lambda=0.000 gpu=3.0/11.8GB
[22:36:22] [train] ep=87 step=010/40 ce=0.2566 sc=0.7218 mi=0.0320 dn=0.0000 v13=0.0000 grl=0.0000 v15=0.0000 v15r=0.0000 v16=0.0000 v17=0.0000 v18=0.0000 acc=1.0000 lr=1.47e-05 lambda=0.000 grl_lambda=0.000 v18_lambda=0.000 gpu=3.0/11.8GB
[22:36:28] [train] ep=87 step=020/40 ce=0.2566 sc=0.7176 mi=0.0334 dn=0.0000 v13=0.0000 grl=0.0000 v15=0.0000 v15r=0.0000 v16=0.0000 v17=0.0000 v18=0.0000 acc=1.0000 lr=1.42e-05 lambda=0.000 grl_lambda=0.000 v18_lambda=0.000 gpu=3.0/11.8GB
[22:36:34] [train] ep=87 step=030/40 ce=0.2564 sc=0.7296 mi=0.0342 dn=0.0000 v13=0.0000 grl=0.0000 v15=0.0000 v15r=0.0000 v16=0.0000 v17=0.0000 v18=0.0000 acc=1.0000 lr=1.37e-05 lambda=0.000 grl_lambda=0.000 v18_lambda=0.000 gpu=3.0/11.8GB
[22:36:40] [train] ep=87 step=040/40 ce=0.2563 sc=0.7412 mi=0.0350 dn=0.0000 v13=0.0000 grl=0.0000 v15=0.0000 v15r=0.0000 v16=0.0000 v17=0.0000 v18=0.0000 acc=1.0000 lr=1.31e-05 lambda=0.000 grl_lambda=0.000 v18_lambda=0.000 gpu=3.0/11.8GB
[22:36:51] [ep_summary] ep=87/100 val_live=0.9444/0.9450 val_ema=0.9506/0.9513 test77_live=0.7302/0.6963 test77_diag_ema=0.7158/0.6836 v13=0.0000 grl=0.0000 v15=0.0000 v15r=0.0000 v16=0.0000 v17=0.0000 v18=0.0000 das=stage3[12,95] p=1.00 ep_time=34.2s
[22:36:51] [train] epoch 88/100 steps=40 use_dann=0 das=stage3 f=[12.0,95.0] p=1.00 gpu=3.0/11.8GB
[22:36:51] [train] ep=88 step=001/40 ce=0.2557 sc=0.4175 mi=0.0335 dn=0.0000 v13=0.0000 grl=0.0000 v15=0.0000 v15r=0.0000 v16=0.0000 v17=0.0000 v18=0.0000 acc=1.0000 lr=1.31e-05 lambda=0.000 grl_lambda=0.000 v18_lambda=0.000 gpu=3.0/11.8GB
[22:36:57] [train] ep=88 step=010/40 ce=0.2561 sc=0.7615 mi=0.0340 dn=0.0000 v13=0.0000 grl=0.0000 v15=0.0000 v15r=0.0000 v16=0.0000 v17=0.0000 v18=0.0000 acc=1.0000 lr=1.27e-05 lambda=0.000 grl_lambda=0.000 v18_lambda=0.000 gpu=3.0/11.8GB
[22:37:03] [train] ep=88 step=020/40 ce=0.2561 sc=0.7484 mi=0.0350 dn=0.0000 v13=0.0000 grl=0.0000 v15=0.0000 v15r=0.0000 v16=0.0000 v17=0.0000 v18=0.0000 acc=1.0000 lr=1.22e-05 lambda=0.000 grl_lambda=0.000 v18_lambda=0.000 gpu=3.0/11.8GB
[22:37:08] [train] ep=88 step=030/40 ce=0.2561 sc=0.7597 mi=0.0349 dn=0.0000 v13=0.0000 grl=0.0000 v15=0.0000 v15r=0.0000 v16=0.0000 v17=0.0000 v18=0.0000 acc=1.0000 lr=1.17e-05 lambda=0.000 grl_lambda=0.000 v18_lambda=0.000 gpu=3.0/11.8GB
[22:37:14] [train] ep=88 step=040/40 ce=0.2562 sc=0.7803 mi=0.0347 dn=0.0000 v13=0.0000 grl=0.0000 v15=0.0000 v15r=0.0000 v16=0.0000 v17=0.0000 v18=0.0000 acc=1.0000 lr=1.12e-05 lambda=0.000 grl_lambda=0.000 v18_lambda=0.000 gpu=3.0/11.8GB
[22:37:26] [ep_summary] ep=88/100 val_live=0.9444/0.9450 val_ema=0.9506/0.9513 test77_live=0.7302/0.6963 test77_diag_ema=0.7158/0.6836 v13=0.0000 grl=0.0000 v15=0.0000 v15r=0.0000 v16=0.0000 v17=0.0000 v18=0.0000 das=stage3[12,95] p=1.00 ep_time=35.9s
[22:37:26] [train] epoch 89/100 steps=40 use_dann=0 das=stage3 f=[12.0,95.0] p=1.00 gpu=3.0/11.8GB
[22:37:27] [train] ep=89 step=001/40 ce=0.2556 sc=0.8115 mi=0.0361 dn=0.0000 v13=0.0000 grl=0.0000 v15=0.0000 v15r=0.0000 v16=0.0000 v17=0.0000 v18=0.0000 acc=1.0000 lr=1.12e-05 lambda=0.000 grl_lambda=0.000 v18_lambda=0.000 gpu=3.0/11.8GB
[22:37:32] [train] ep=89 step=010/40 ce=0.2566 sc=0.7341 mi=0.0345 dn=0.0000 v13=0.0000 grl=0.0000 v15=0.0000 v15r=0.0000 v16=0.0000 v17=0.0000 v18=0.0000 acc=1.0000 lr=1.08e-05 lambda=0.000 grl_lambda=0.000 v18_lambda=0.000 gpu=3.0/11.8GB
[22:37:38] [train] ep=89 step=020/40 ce=0.2564 sc=0.6860 mi=0.0346 dn=0.0000 v13=0.0000 grl=0.0000 v15=0.0000 v15r=0.0000 v16=0.0000 v17=0.0000 v18=0.0000 acc=1.0000 lr=1.03e-05 lambda=0.000 grl_lambda=0.000 v18_lambda=0.000 gpu=3.0/11.8GB
[22:37:44] [train] ep=89 step=030/40 ce=0.2564 sc=0.7423 mi=0.0347 dn=0.0000 v13=0.0000 grl=0.0000 v15=0.0000 v15r=0.0000 v16=0.0000 v17=0.0000 v18=0.0000 acc=1.0000 lr=9.89e-06 lambda=0.000 grl_lambda=0.000 v18_lambda=0.000 gpu=3.0/11.8GB
[22:37:50] [train] ep=89 step=040/40 ce=0.2563 sc=0.7790 mi=0.0353 dn=0.0000 v13=0.0000 grl=0.0000 v15=0.0000 v15r=0.0000 v16=0.0000 v17=0.0000 v18=0.0000 acc=1.0000 lr=9.46e-06 lambda=0.000 grl_lambda=0.000 v18_lambda=0.000 gpu=3.0/11.8GB
[22:38:01] [ep_summary] ep=89/100 val_live=0.9444/0.9450 val_ema=0.9506/0.9513 test77_live=0.7302/0.6963 test77_diag_ema=0.7194/0.6871 v13=0.0000 grl=0.0000 v15=0.0000 v15r=0.0000 v16=0.0000 v17=0.0000 v18=0.0000 das=stage3[12,95] p=1.00 ep_time=34.2s
[22:38:01] [train] epoch 90/100 steps=40 use_dann=0 das=stage3 f=[12.0,95.0] p=1.00 gpu=3.0/11.8GB
[22:38:01] [train] ep=90 step=001/40 ce=0.2555 sc=0.5371 mi=0.0425 dn=0.0000 v13=0.0000 grl=0.0000 v15=0.0000 v15r=0.0000 v16=0.0000 v17=0.0000 v18=0.0000 acc=1.0000 lr=9.42e-06 lambda=0.000 grl_lambda=0.000 v18_lambda=0.000 gpu=3.0/11.8GB
[22:38:06] [train] ep=90 step=010/40 ce=0.2561 sc=0.6508 mi=0.0355 dn=0.0000 v13=0.0000 grl=0.0000 v15=0.0000 v15r=0.0000 v16=0.0000 v17=0.0000 v18=0.0000 acc=1.0000 lr=9.04e-06 lambda=0.000 grl_lambda=0.000 v18_lambda=0.000 gpu=3.0/11.8GB
[22:38:12] [train] ep=90 step=020/40 ce=0.2561 sc=0.7362 mi=0.0348 dn=0.0000 v13=0.0000 grl=0.0000 v15=0.0000 v15r=0.0000 v16=0.0000 v17=0.0000 v18=0.0000 acc=1.0000 lr=8.63e-06 lambda=0.000 grl_lambda=0.000 v18_lambda=0.000 gpu=3.0/11.8GB
[22:38:18] [train] ep=90 step=030/40 ce=0.2561 sc=0.7079 mi=0.0348 dn=0.0000 v13=0.0000 grl=0.0000 v15=0.0000 v15r=0.0000 v16=0.0000 v17=0.0000 v18=0.0000 acc=1.0000 lr=8.23e-06 lambda=0.000 grl_lambda=0.000 v18_lambda=0.000 gpu=3.0/11.8GB
[22:38:24] [train] ep=90 step=040/40 ce=0.2562 sc=0.7221 mi=0.0347 dn=0.0000 v13=0.0000 grl=0.0000 v15=0.0000 v15r=0.0000 v16=0.0000 v17=0.0000 v18=0.0000 acc=1.0000 lr=7.84e-06 lambda=0.000 grl_lambda=0.000 v18_lambda=0.000 gpu=3.0/11.8GB
[22:38:35] [pool] check ep=090/100 source_val_acc_ema=0.9506 threshold=0.90
[22:38:40] [pool] ep=090 ADDED src_val=0.9506/0.9513 dev77=0.6857/0.6326 final77=0.7194/0.6871
[22:38:40] [pool] running best ep=070 dev77_f1=0.6480 final77_f1=0.6713 (pool_size=7)
[22:38:40] [ep_summary] ep=90/100 val_live=0.9444/0.9450 val_ema=0.9506/0.9513 test77_live=0.7302/0.6963 test77_diag_ema=0.7194/0.6871 v13=0.0000 grl=0.0000 v15=0.0000 v15r=0.0000 v16=0.0000 v17=0.0000 v18=0.0000 das=stage3[12,95] p=1.00 ep_time=39.2s
[22:38:40] [strict77_monitor] ep=90 best_source_epoch=62 source_val_ema=0.9568/0.9576 test77_ema_diag=0.6978/0.6569 sourcequalified_count=64 best_sourcequalified77_epoch=83 source_val_ema=0.9506/0.9513 test77_ema=0.7194/0.6871
[22:38:40] [train] epoch 91/100 steps=40 use_dann=0 das=stage3 f=[12.0,95.0] p=1.00 gpu=3.0/11.8GB
[22:38:40] [train] ep=91 step=001/40 ce=0.2554 sc=1.1734 mi=0.0419 dn=0.0000 v13=0.0000 grl=0.0000 v15=0.0000 v15r=0.0000 v16=0.0000 v17=0.0000 v18=0.0000 acc=1.0000 lr=7.80e-06 lambda=0.000 grl_lambda=0.000 v18_lambda=0.000 gpu=3.0/11.8GB
[22:38:46] [train] ep=91 step=010/40 ce=0.2563 sc=0.7425 mi=0.0378 dn=0.0000 v13=0.0000 grl=0.0000 v15=0.0000 v15r=0.0000 v16=0.0000 v17=0.0000 v18=0.0000 acc=1.0000 lr=7.45e-06 lambda=0.000 grl_lambda=0.000 v18_lambda=0.000 gpu=3.0/11.8GB
[22:38:52] [train] ep=91 step=020/40 ce=0.2563 sc=0.7322 mi=0.0359 dn=0.0000 v13=0.0000 grl=0.0000 v15=0.0000 v15r=0.0000 v16=0.0000 v17=0.0000 v18=0.0000 acc=1.0000 lr=7.08e-06 lambda=0.000 grl_lambda=0.000 v18_lambda=0.000 gpu=3.0/11.8GB
[22:38:57] [train] ep=91 step=030/40 ce=0.2563 sc=0.7389 mi=0.0354 dn=0.0000 v13=0.0000 grl=0.0000 v15=0.0000 v15r=0.0000 v16=0.0000 v17=0.0000 v18=0.0000 acc=1.0000 lr=6.72e-06 lambda=0.000 grl_lambda=0.000 v18_lambda=0.000 gpu=3.0/11.8GB
[22:39:03] [train] ep=91 step=040/40 ce=0.2562 sc=0.7405 mi=0.0348 dn=0.0000 v13=0.0000 grl=0.0000 v15=0.0000 v15r=0.0000 v16=0.0000 v17=0.0000 v18=0.0000 acc=1.0000 lr=6.36e-06 lambda=0.000 grl_lambda=0.000 v18_lambda=0.000 gpu=3.0/11.8GB
[22:39:14] [ep_summary] ep=91/100 val_live=0.9444/0.9450 val_ema=0.9506/0.9513 test77_live=0.7302/0.6963 test77_diag_ema=0.7194/0.6871 v13=0.0000 grl=0.0000 v15=0.0000 v15r=0.0000 v16=0.0000 v17=0.0000 v18=0.0000 das=stage3[12,95] p=1.00 ep_time=34.1s
[22:39:14] [train] epoch 92/100 steps=40 use_dann=0 das=stage3 f=[12.0,95.0] p=1.00 gpu=3.0/11.8GB
[22:39:15] [train] ep=92 step=001/40 ce=0.2558 sc=0.7839 mi=0.0353 dn=0.0000 v13=0.0000 grl=0.0000 v15=0.0000 v15r=0.0000 v16=0.0000 v17=0.0000 v18=0.0000 acc=1.0000 lr=6.33e-06 lambda=0.000 grl_lambda=0.000 v18_lambda=0.000 gpu=3.0/11.8GB
[22:39:20] [train] ep=92 step=010/40 ce=0.2562 sc=0.8379 mi=0.0345 dn=0.0000 v13=0.0000 grl=0.0000 v15=0.0000 v15r=0.0000 v16=0.0000 v17=0.0000 v18=0.0000 acc=1.0000 lr=6.02e-06 lambda=0.000 grl_lambda=0.000 v18_lambda=0.000 gpu=3.0/11.8GB
[22:39:26] [train] ep=92 step=020/40 ce=0.2562 sc=0.8175 mi=0.0348 dn=0.0000 v13=0.0000 grl=0.0000 v15=0.0000 v15r=0.0000 v16=0.0000 v17=0.0000 v18=0.0000 acc=1.0000 lr=5.68e-06 lambda=0.000 grl_lambda=0.000 v18_lambda=0.000 gpu=3.0/11.8GB
[22:39:31] [train] ep=92 step=030/40 ce=0.2562 sc=0.7878 mi=0.0344 dn=0.0000 v13=0.0000 grl=0.0000 v15=0.0000 v15r=0.0000 v16=0.0000 v17=0.0000 v18=0.0000 acc=1.0000 lr=5.35e-06 lambda=0.000 grl_lambda=0.000 v18_lambda=0.000 gpu=3.0/11.8GB
[22:39:37] [train] ep=92 step=040/40 ce=0.2562 sc=0.7925 mi=0.0348 dn=0.0000 v13=0.0000 grl=0.0000 v15=0.0000 v15r=0.0000 v16=0.0000 v17=0.0000 v18=0.0000 acc=1.0000 lr=5.04e-06 lambda=0.000 grl_lambda=0.000 v18_lambda=0.000 gpu=3.0/11.8GB
[22:39:48] [ep_summary] ep=92/100 val_live=0.9444/0.9450 val_ema=0.9444/0.9450 test77_live=0.7302/0.6963 test77_diag_ema=0.7230/0.6904 v13=0.0000 grl=0.0000 v15=0.0000 v15r=0.0000 v16=0.0000 v17=0.0000 v18=0.0000 das=stage3[12,95] p=1.00 ep_time=34.1s
[22:39:48] [save] best_sourcequalified77_ema ep=92 source_val_live=0.9444/0.9450 source_val_ema=0.9444/0.9450 test77_ema=0.7230/0.6904
[22:39:48] [train] epoch 93/100 steps=40 use_dann=0 das=stage3 f=[12.0,95.0] p=1.00 gpu=3.0/11.8GB
[22:39:49] [train] ep=93 step=001/40 ce=0.2576 sc=0.9903 mi=0.0425 dn=0.0000 v13=0.0000 grl=0.0000 v15=0.0000 v15r=0.0000 v16=0.0000 v17=0.0000 v18=0.0000 acc=1.0000 lr=5.01e-06 lambda=0.000 grl_lambda=0.000 v18_lambda=0.000 gpu=3.0/11.8GB
[22:39:54] [train] ep=93 step=010/40 ce=0.2562 sc=0.6927 mi=0.0355 dn=0.0000 v13=0.0000 grl=0.0000 v15=0.0000 v15r=0.0000 v16=0.0000 v17=0.0000 v18=0.0000 acc=1.0000 lr=4.73e-06 lambda=0.000 grl_lambda=0.000 v18_lambda=0.000 gpu=3.0/11.8GB
[22:40:00] [train] ep=93 step=020/40 ce=0.2563 sc=0.7533 mi=0.0338 dn=0.0000 v13=0.0000 grl=0.0000 v15=0.0000 v15r=0.0000 v16=0.0000 v17=0.0000 v18=0.0000 acc=1.0000 lr=4.43e-06 lambda=0.000 grl_lambda=0.000 v18_lambda=0.000 gpu=3.0/11.8GB
[22:40:06] [train] ep=93 step=030/40 ce=0.2562 sc=0.7526 mi=0.0340 dn=0.0000 v13=0.0000 grl=0.0000 v15=0.0000 v15r=0.0000 v16=0.0000 v17=0.0000 v18=0.0000 acc=1.0000 lr=4.14e-06 lambda=0.000 grl_lambda=0.000 v18_lambda=0.000 gpu=3.0/11.8GB
[22:40:11] [train] ep=93 step=040/40 ce=0.2563 sc=0.7513 mi=0.0343 dn=0.0000 v13=0.0000 grl=0.0000 v15=0.0000 v15r=0.0000 v16=0.0000 v17=0.0000 v18=0.0000 acc=1.0000 lr=3.87e-06 lambda=0.000 grl_lambda=0.000 v18_lambda=0.000 gpu=3.0/11.8GB
[22:40:22] [ep_summary] ep=93/100 val_live=0.9444/0.9450 val_ema=0.9444/0.9450 test77_live=0.7302/0.6963 test77_diag_ema=0.7230/0.6904 v13=0.0000 grl=0.0000 v15=0.0000 v15r=0.0000 v16=0.0000 v17=0.0000 v18=0.0000 das=stage3[12,95] p=1.00 ep_time=34.1s
[22:40:22] [train] epoch 94/100 steps=40 use_dann=0 das=stage3 f=[12.0,95.0] p=1.00 gpu=3.0/11.8GB
[22:40:23] [train] ep=94 step=001/40 ce=0.2562 sc=0.6451 mi=0.0353 dn=0.0000 v13=0.0000 grl=0.0000 v15=0.0000 v15r=0.0000 v16=0.0000 v17=0.0000 v18=0.0000 acc=1.0000 lr=3.84e-06 lambda=0.000 grl_lambda=0.000 v18_lambda=0.000 gpu=3.0/11.8GB
[22:40:28] [train] ep=94 step=010/40 ce=0.2558 sc=0.7350 mi=0.0350 dn=0.0000 v13=0.0000 grl=0.0000 v15=0.0000 v15r=0.0000 v16=0.0000 v17=0.0000 v18=0.0000 acc=1.0000 lr=3.60e-06 lambda=0.000 grl_lambda=0.000 v18_lambda=0.000 gpu=3.0/11.8GB
[22:40:34] [train] ep=94 step=020/40 ce=0.2560 sc=0.7368 mi=0.0350 dn=0.0000 v13=0.0000 grl=0.0000 v15=0.0000 v15r=0.0000 v16=0.0000 v17=0.0000 v18=0.0000 acc=1.0000 lr=3.34e-06 lambda=0.000 grl_lambda=0.000 v18_lambda=0.000 gpu=3.0/11.8GB
[22:40:40] [train] ep=94 step=030/40 ce=0.2559 sc=0.7003 mi=0.0348 dn=0.0000 v13=0.0000 grl=0.0000 v15=0.0000 v15r=0.0000 v16=0.0000 v17=0.0000 v18=0.0000 acc=1.0000 lr=3.09e-06 lambda=0.000 grl_lambda=0.000 v18_lambda=0.000 gpu=3.0/11.8GB
[22:40:46] [train] ep=94 step=040/40 ce=0.2560 sc=0.7052 mi=0.0344 dn=0.0000 v13=0.0000 grl=0.0000 v15=0.0000 v15r=0.0000 v16=0.0000 v17=0.0000 v18=0.0000 acc=1.0000 lr=2.85e-06 lambda=0.000 grl_lambda=0.000 v18_lambda=0.000 gpu=3.0/11.8GB
[22:40:56] [ep_summary] ep=94/100 val_live=0.9444/0.9450 val_ema=0.9444/0.9450 test77_live=0.7302/0.6963 test77_diag_ema=0.7266/0.6934 v13=0.0000 grl=0.0000 v15=0.0000 v15r=0.0000 v16=0.0000 v17=0.0000 v18=0.0000 das=stage3[12,95] p=1.00 ep_time=34.0s
[22:40:56] [save] best_sourcequalified77_ema ep=94 source_val_live=0.9444/0.9450 source_val_ema=0.9444/0.9450 test77_ema=0.7266/0.6934
[22:40:56] [train] epoch 95/100 steps=40 use_dann=0 das=stage3 f=[12.0,95.0] p=1.00 gpu=3.0/11.8GB
[22:40:57] [train] ep=95 step=001/40 ce=0.2559 sc=0.6298 mi=0.0336 dn=0.0000 v13=0.0000 grl=0.0000 v15=0.0000 v15r=0.0000 v16=0.0000 v17=0.0000 v18=0.0000 acc=1.0000 lr=2.82e-06 lambda=0.000 grl_lambda=0.000 v18_lambda=0.000 gpu=3.0/11.8GB
[22:41:02] [train] ep=95 step=010/40 ce=0.2564 sc=0.7129 mi=0.0331 dn=0.0000 v13=0.0000 grl=0.0000 v15=0.0000 v15r=0.0000 v16=0.0000 v17=0.0000 v18=0.0000 acc=1.0000 lr=2.62e-06 lambda=0.000 grl_lambda=0.000 v18_lambda=0.000 gpu=3.0/11.8GB
[22:41:08] [train] ep=95 step=020/40 ce=0.2564 sc=0.7058 mi=0.0347 dn=0.0000 v13=0.0000 grl=0.0000 v15=0.0000 v15r=0.0000 v16=0.0000 v17=0.0000 v18=0.0000 acc=1.0000 lr=2.40e-06 lambda=0.000 grl_lambda=0.000 v18_lambda=0.000 gpu=3.0/11.8GB
[22:41:14] [train] ep=95 step=030/40 ce=0.2563 sc=0.7303 mi=0.0345 dn=0.0000 v13=0.0000 grl=0.0000 v15=0.0000 v15r=0.0000 v16=0.0000 v17=0.0000 v18=0.0000 acc=1.0000 lr=2.18e-06 lambda=0.000 grl_lambda=0.000 v18_lambda=0.000 gpu=3.0/11.8GB
[22:41:20] [train] ep=95 step=040/40 ce=0.2563 sc=0.7373 mi=0.0349 dn=0.0000 v13=0.0000 grl=0.0000 v15=0.0000 v15r=0.0000 v16=0.0000 v17=0.0000 v18=0.0000 acc=1.0000 lr=1.98e-06 lambda=0.000 grl_lambda=0.000 v18_lambda=0.000 gpu=3.0/11.8GB
[22:41:31] [ep_summary] ep=95/100 val_live=0.9444/0.9450 val_ema=0.9444/0.9450 test77_live=0.7302/0.6963 test77_diag_ema=0.7266/0.6934 v13=0.0000 grl=0.0000 v15=0.0000 v15r=0.0000 v16=0.0000 v17=0.0000 v18=0.0000 das=stage3[12,95] p=1.00 ep_time=35.0s
[22:41:31] [train] epoch 96/100 steps=40 use_dann=0 das=stage3 f=[12.0,95.0] p=1.00 gpu=3.0/11.8GB
[22:41:32] [train] ep=96 step=001/40 ce=0.2557 sc=0.8193 mi=0.0344 dn=0.0000 v13=0.0000 grl=0.0000 v15=0.0000 v15r=0.0000 v16=0.0000 v17=0.0000 v18=0.0000 acc=1.0000 lr=1.96e-06 lambda=0.000 grl_lambda=0.000 v18_lambda=0.000 gpu=3.0/11.8GB
[22:41:37] [train] ep=96 step=010/40 ce=0.2561 sc=0.6366 mi=0.0329 dn=0.0000 v13=0.0000 grl=0.0000 v15=0.0000 v15r=0.0000 v16=0.0000 v17=0.0000 v18=0.0000 acc=1.0000 lr=1.79e-06 lambda=0.000 grl_lambda=0.000 v18_lambda=0.000 gpu=3.0/11.8GB
[22:41:43] [train] ep=96 step=020/40 ce=0.2561 sc=0.6389 mi=0.0334 dn=0.0000 v13=0.0000 grl=0.0000 v15=0.0000 v15r=0.0000 v16=0.0000 v17=0.0000 v18=0.0000 acc=1.0000 lr=1.61e-06 lambda=0.000 grl_lambda=0.000 v18_lambda=0.000 gpu=3.0/11.8GB
[22:41:49] [train] ep=96 step=030/40 ce=0.2561 sc=0.6815 mi=0.0341 dn=0.0000 v13=0.0000 grl=0.0000 v15=0.0000 v15r=0.0000 v16=0.0000 v17=0.0000 v18=0.0000 acc=1.0000 lr=1.44e-06 lambda=0.000 grl_lambda=0.000 v18_lambda=0.000 gpu=3.0/11.8GB
[22:41:55] [train] ep=96 step=040/40 ce=0.2561 sc=0.7032 mi=0.0340 dn=0.0000 v13=0.0000 grl=0.0000 v15=0.0000 v15r=0.0000 v16=0.0000 v17=0.0000 v18=0.0000 acc=1.0000 lr=1.27e-06 lambda=0.000 grl_lambda=0.000 v18_lambda=0.000 gpu=3.0/11.8GB
[22:42:07] [ep_summary] ep=96/100 val_live=0.9444/0.9450 val_ema=0.9444/0.9450 test77_live=0.7302/0.6963 test77_diag_ema=0.7302/0.6968 v13=0.0000 grl=0.0000 v15=0.0000 v15r=0.0000 v16=0.0000 v17=0.0000 v18=0.0000 das=stage3[12,95] p=1.00 ep_time=35.3s
[22:42:07] [save] best_sourcequalified77_ema ep=96 source_val_live=0.9444/0.9450 source_val_ema=0.9444/0.9450 test77_ema=0.7302/0.6968
[22:42:07] [train] epoch 97/100 steps=40 use_dann=0 das=stage3 f=[12.0,95.0] p=1.00 gpu=3.0/11.8GB
[22:42:07] [train] ep=97 step=001/40 ce=0.2561 sc=0.6137 mi=0.0372 dn=0.0000 v13=0.0000 grl=0.0000 v15=0.0000 v15r=0.0000 v16=0.0000 v17=0.0000 v18=0.0000 acc=1.0000 lr=1.26e-06 lambda=0.000 grl_lambda=0.000 v18_lambda=0.000 gpu=3.0/11.8GB
[22:42:13] [train] ep=97 step=010/40 ce=0.2563 sc=0.8067 mi=0.0344 dn=0.0000 v13=0.0000 grl=0.0000 v15=0.0000 v15r=0.0000 v16=0.0000 v17=0.0000 v18=0.0000 acc=1.0000 lr=1.12e-06 lambda=0.000 grl_lambda=0.000 v18_lambda=0.000 gpu=3.0/11.8GB
[22:42:18] [train] ep=97 step=020/40 ce=0.2563 sc=0.7266 mi=0.0347 dn=0.0000 v13=0.0000 grl=0.0000 v15=0.0000 v15r=0.0000 v16=0.0000 v17=0.0000 v18=0.0000 acc=1.0000 lr=9.76e-07 lambda=0.000 grl_lambda=0.000 v18_lambda=0.000 gpu=3.0/11.8GB
[22:42:24] [train] ep=97 step=030/40 ce=0.2563 sc=0.7453 mi=0.0353 dn=0.0000 v13=0.0000 grl=0.0000 v15=0.0000 v15r=0.0000 v16=0.0000 v17=0.0000 v18=0.0000 acc=1.0000 lr=8.43e-07 lambda=0.000 grl_lambda=0.000 v18_lambda=0.000 gpu=3.0/11.8GB
[22:42:30] [train] ep=97 step=040/40 ce=0.2563 sc=0.7413 mi=0.0349 dn=0.0000 v13=0.0000 grl=0.0000 v15=0.0000 v15r=0.0000 v16=0.0000 v17=0.0000 v18=0.0000 acc=1.0000 lr=7.19e-07 lambda=0.000 grl_lambda=0.000 v18_lambda=0.000 gpu=3.0/11.8GB
[22:42:41] [ep_summary] ep=97/100 val_live=0.9444/0.9450 val_ema=0.9444/0.9450 test77_live=0.7302/0.6963 test77_diag_ema=0.7302/0.6968 v13=0.0000 grl=0.0000 v15=0.0000 v15r=0.0000 v16=0.0000 v17=0.0000 v18=0.0000 das=stage3[12,95] p=1.00 ep_time=34.3s
[22:42:41] [train] epoch 98/100 steps=40 use_dann=0 das=stage3 f=[12.0,95.0] p=1.00 gpu=3.0/11.8GB
[22:42:41] [train] ep=98 step=001/40 ce=0.2560 sc=0.6450 mi=0.0360 dn=0.0000 v13=0.0000 grl=0.0000 v15=0.0000 v15r=0.0000 v16=0.0000 v17=0.0000 v18=0.0000 acc=1.0000 lr=7.07e-07 lambda=0.000 grl_lambda=0.000 v18_lambda=0.000 gpu=3.0/11.8GB
[22:42:47] [train] ep=98 step=010/40 ce=0.2560 sc=0.6546 mi=0.0331 dn=0.0000 v13=0.0000 grl=0.0000 v15=0.0000 v15r=0.0000 v16=0.0000 v17=0.0000 v18=0.0000 acc=1.0000 lr=6.05e-07 lambda=0.000 grl_lambda=0.000 v18_lambda=0.000 gpu=3.0/11.8GB
[22:42:53] [train] ep=98 step=020/40 ce=0.2563 sc=0.7475 mi=0.0346 dn=0.0000 v13=0.0000 grl=0.0000 v15=0.0000 v15r=0.0000 v16=0.0000 v17=0.0000 v18=0.0000 acc=1.0000 lr=5.01e-07 lambda=0.000 grl_lambda=0.000 v18_lambda=0.000 gpu=3.0/11.8GB
[22:42:59] [train] ep=98 step=030/40 ce=0.2563 sc=0.7695 mi=0.0348 dn=0.0000 v13=0.0000 grl=0.0000 v15=0.0000 v15r=0.0000 v16=0.0000 v17=0.0000 v18=0.0000 acc=1.0000 lr=4.07e-07 lambda=0.000 grl_lambda=0.000 v18_lambda=0.000 gpu=3.0/11.8GB
[22:43:05] [train] ep=98 step=040/40 ce=0.2563 sc=0.7773 mi=0.0351 dn=0.0000 v13=0.0000 grl=0.0000 v15=0.0000 v15r=0.0000 v16=0.0000 v17=0.0000 v18=0.0000 acc=1.0000 lr=3.22e-07 lambda=0.000 grl_lambda=0.000 v18_lambda=0.000 gpu=3.0/11.8GB
[22:43:15] [ep_summary] ep=98/100 val_live=0.9444/0.9450 val_ema=0.9444/0.9450 test77_live=0.7302/0.6963 test77_diag_ema=0.7302/0.6968 v13=0.0000 grl=0.0000 v15=0.0000 v15r=0.0000 v16=0.0000 v17=0.0000 v18=0.0000 das=stage3[12,95] p=1.00 ep_time=34.5s
[22:43:15] [train] epoch 99/100 steps=40 use_dann=0 das=stage3 f=[12.0,95.0] p=1.00 gpu=3.0/11.8GB
[22:43:16] [train] ep=99 step=001/40 ce=0.2566 sc=0.8563 mi=0.0302 dn=0.0000 v13=0.0000 grl=0.0000 v15=0.0000 v15r=0.0000 v16=0.0000 v17=0.0000 v18=0.0000 acc=1.0000 lr=3.15e-07 lambda=0.000 grl_lambda=0.000 v18_lambda=0.000 gpu=3.0/11.8GB
[22:43:21] [train] ep=99 step=010/40 ce=0.2567 sc=0.8182 mi=0.0334 dn=0.0000 v13=0.0000 grl=0.0000 v15=0.0000 v15r=0.0000 v16=0.0000 v17=0.0000 v18=0.0000 acc=1.0000 lr=2.48e-07 lambda=0.000 grl_lambda=0.000 v18_lambda=0.000 gpu=3.0/11.8GB
[22:43:27] [train] ep=99 step=020/40 ce=0.2563 sc=0.7701 mi=0.0331 dn=0.0000 v13=0.0000 grl=0.0000 v15=0.0000 v15r=0.0000 v16=0.0000 v17=0.0000 v18=0.0000 acc=1.0000 lr=1.83e-07 lambda=0.000 grl_lambda=0.000 v18_lambda=0.000 gpu=3.0/11.8GB
[22:43:33] [train] ep=99 step=030/40 ce=0.2563 sc=0.7844 mi=0.0336 dn=0.0000 v13=0.0000 grl=0.0000 v15=0.0000 v15r=0.0000 v16=0.0000 v17=0.0000 v18=0.0000 acc=1.0000 lr=1.28e-07 lambda=0.000 grl_lambda=0.000 v18_lambda=0.000 gpu=3.0/11.8GB
[22:43:39] [train] ep=99 step=040/40 ce=0.2562 sc=0.7796 mi=0.0338 dn=0.0000 v13=0.0000 grl=0.0000 v15=0.0000 v15r=0.0000 v16=0.0000 v17=0.0000 v18=0.0000 acc=1.0000 lr=8.26e-08 lambda=0.000 grl_lambda=0.000 v18_lambda=0.000 gpu=3.0/11.8GB
[22:43:49] [ep_summary] ep=99/100 val_live=0.9444/0.9450 val_ema=0.9444/0.9450 test77_live=0.7302/0.6963 test77_diag_ema=0.7302/0.6971 v13=0.0000 grl=0.0000 v15=0.0000 v15r=0.0000 v16=0.0000 v17=0.0000 v18=0.0000 das=stage3[12,95] p=1.00 ep_time=34.0s
[22:43:49] [save] best_sourcequalified77_ema ep=99 source_val_live=0.9444/0.9450 source_val_ema=0.9444/0.9450 test77_ema=0.7302/0.6971
[22:43:49] [train] epoch 100/100 steps=40 use_dann=0 das=stage3 f=[12.0,95.0] p=1.00 gpu=3.0/11.8GB
[22:43:50] [train] ep=100 step=001/40 ce=0.2551 sc=1.0466 mi=0.0298 dn=0.0000 v13=0.0000 grl=0.0000 v15=0.0000 v15r=0.0000 v16=0.0000 v17=0.0000 v18=0.0000 acc=1.0000 lr=7.87e-08 lambda=0.000 grl_lambda=0.000 v18_lambda=0.000 gpu=3.0/11.8GB
[22:43:55] [train] ep=100 step=010/40 ce=0.2562 sc=0.7323 mi=0.0325 dn=0.0000 v13=0.0000 grl=0.0000 v15=0.0000 v15r=0.0000 v16=0.0000 v17=0.0000 v18=0.0000 acc=1.0000 lr=4.72e-08 lambda=0.000 grl_lambda=0.000 v18_lambda=0.000 gpu=3.0/11.8GB
[22:44:01] [train] ep=100 step=020/40 ce=0.2562 sc=0.7450 mi=0.0341 dn=0.0000 v13=0.0000 grl=0.0000 v15=0.0000 v15r=0.0000 v16=0.0000 v17=0.0000 v18=0.0000 acc=1.0000 lr=2.17e-08 lambda=0.000 grl_lambda=0.000 v18_lambda=0.000 gpu=3.0/11.8GB
[22:44:07] [train] ep=100 step=030/40 ce=0.2562 sc=0.7638 mi=0.0346 dn=0.0000 v13=0.0000 grl=0.0000 v15=0.0000 v15r=0.0000 v16=0.0000 v17=0.0000 v18=0.0000 acc=1.0000 lr=5.95e-09 lambda=0.000 grl_lambda=0.000 v18_lambda=0.000 gpu=3.0/11.8GB
[22:44:13] [train] ep=100 step=040/40 ce=0.2562 sc=0.7619 mi=0.0342 dn=0.0000 v13=0.0000 grl=0.0000 v15=0.0000 v15r=0.0000 v16=0.0000 v17=0.0000 v18=0.0000 acc=1.0000 lr=4.92e-11 lambda=0.000 grl_lambda=0.000 v18_lambda=0.000 gpu=3.0/11.8GB
[22:44:24] [pool] check ep=100/100 source_val_acc_ema=0.9444 threshold=0.90
[22:44:29] [pool] ep=100 ADDED src_val=0.9444/0.9450 dev77=0.6929/0.6374 final77=0.7302/0.6971
[22:44:29] [pool] running best ep=070 dev77_f1=0.6480 final77_f1=0.6713 (pool_size=8)
[22:44:29] [ep_summary] ep=100/100 val_live=0.9444/0.9450 val_ema=0.9444/0.9450 test77_live=0.7302/0.6963 test77_diag_ema=0.7302/0.6971 v13=0.0000 grl=0.0000 v15=0.0000 v15r=0.0000 v16=0.0000 v17=0.0000 v18=0.0000 das=stage3[12,95] p=1.00 ep_time=39.6s
[22:44:29] [strict77_monitor] ep=100 best_source_epoch=62 source_val_ema=0.9568/0.9576 test77_ema_diag=0.6978/0.6569 sourcequalified_count=74 best_sourcequalified77_epoch=99 source_val_ema=0.9444/0.9450 test77_ema=0.7302/0.6971
[22:44:29] [pool] FINAL pool_size=8 best ep=070 dev77_f1=0.6480 final77_f1=0.6713 -> /scratch/st-zliu-1/heqingz/CrossCarrier_Fresh_20260922/CrossCarrier_Repro/EXPERIMENTSRESULT/REVISION_5090/SUPP_ABLATION/DAS_stretch_only/seed31415/checkpoints/best_pool_ema.pt
[22:44:29] [train] done best_sourceval_acc_ema=0.9568
[22:44:53] [eval] loaded vit_large_patch16_dinov3_lvd1689m_best_sourceval_ema.pt (sourceval)
[22:44:53] [eval] strict source-val selected by ema acc; heldout77_unused=140 final_test77=278 imgs, seed=42 dev_per_class=20
[22:44:57] [eval] 77GHz final-test acc=0.6978 f1=0.6569
[22:44:57] [eval] 77GHz final-test per-class={'Away': 0.825, 'Bend': 0.7435897435897436, 'Kneel': 0.8809523809523809, 'Pick': 0.7, 'SStep': 0.85, 'Sit': 0.05405405405405406, 'Towards': 0.775}
[22:44:59] [eval] val_all acc=0.9568 f1=0.9576
[22:45:00] [freq_scan:val10] f_virt=15GHz acc=0.9615 f1=0.9637
[22:45:01] [freq_scan:val10] f_virt=30GHz acc=0.9872 f1=0.9881
[22:45:02] [freq_scan:val10] f_virt=50GHz acc=0.9487 f1=0.9478
[22:45:04] [freq_scan:val10] f_virt=77GHz acc=0.9359 f1=0.9385
[22:45:05] [freq_scan:val10] f_virt=99GHz acc=0.9231 f1=0.9276
[22:45:06] [freq_scan:val10] f_virt=120GHz acc=0.9231 f1=0.9276
[22:45:07] [freq_scan:val10] f_virt=140GHz acc=0.8718 f1=0.8721
[22:45:09] [freq_scan:val24] f_virt=15GHz acc=0.9762 f1=0.9751
[22:45:10] [freq_scan:val24] f_virt=30GHz acc=0.9405 f1=0.9398
[22:45:11] [freq_scan:val24] f_virt=50GHz acc=0.9405 f1=0.9398
[22:45:13] [freq_scan:val24] f_virt=77GHz acc=0.9524 f1=0.9513
[22:45:14] [freq_scan:val24] f_virt=99GHz acc=0.9524 f1=0.9513
[22:45:15] [freq_scan:val24] f_virt=120GHz acc=0.9405 f1=0.9398
[22:45:17] [freq_scan:val24] f_virt=140GHz acc=0.9048 f1=0.9030
[22:45:17] [eval] saved eval_sourceval.json
[22:45:29] [eval] loaded vit_large_patch16_dinov3_lvd1689m_best_sourcequalified77_ema.pt (sourcequalified)
[22:45:30] [eval] source-qualified diagnostic selected (source-val ema acc >= 0.90, then best 77GHz ema macro-F1); heldout77_unused=140 final_test77=278 imgs, seed=42 dev_per_class=20
[22:45:34] [eval] 77GHz final-test acc=0.7302 f1=0.6971
[22:45:34] [eval] 77GHz final-test per-class={'Away': 0.95, 'Bend': 0.717948717948718, 'Kneel': 0.8571428571428571, 'Pick': 0.775, 'SStep': 0.925, 'Sit': 0.10810810810810811, 'Towards': 0.725}
[22:45:36] [eval] val_all acc=0.9444 f1=0.9450
[22:45:37] [freq_scan:val10] f_virt=15GHz acc=0.9615 f1=0.9637
[22:45:38] [freq_scan:val10] f_virt=30GHz acc=0.9872 f1=0.9881
[22:45:39] [freq_scan:val10] f_virt=50GHz acc=0.9615 f1=0.9637
[22:45:41] [freq_scan:val10] f_virt=77GHz acc=0.9359 f1=0.9385
[22:45:42] [freq_scan:val10] f_virt=99GHz acc=0.9487 f1=0.9519
[22:45:43] [freq_scan:val10] f_virt=120GHz acc=0.9487 f1=0.9519
[22:45:45] [freq_scan:val10] f_virt=140GHz acc=0.9359 f1=0.9388
[22:45:46] [freq_scan:val24] f_virt=15GHz acc=0.9762 f1=0.9751
[22:45:47] [freq_scan:val24] f_virt=30GHz acc=0.9524 f1=0.9513
[22:45:48] [freq_scan:val24] f_virt=50GHz acc=0.9405 f1=0.9398
[22:45:50] [freq_scan:val24] f_virt=77GHz acc=0.9524 f1=0.9513
[22:45:51] [freq_scan:val24] f_virt=99GHz acc=0.9643 f1=0.9627
[22:45:52] [freq_scan:val24] f_virt=120GHz acc=0.9524 f1=0.9513
[22:45:54] [freq_scan:val24] f_virt=140GHz acc=0.9286 f1=0.9274
[22:45:54] [eval] saved eval_sourcequalified.json
