path,frequency,class,class_idx,subject,source_file,original_path,original_split,input_manifest_split,original_class_idx,recording_id,sha256
tasks/known_people_unknown_freq/dataset/test/77GHz/Away/04060010_1573837114_Raw_0.png,77GHz,Away,0,ua_0010,04060010_1573837114_Raw_0.png,dataset/test/77GHz/Away/04060010_1573837114_Raw_0.png,test,test,0,ua_0010|Away|1573837114,ba8e289e3f63ab826eca3ff3a129a399f556bb3c8ce9aeb99d244a695713257c
tasks/known_people_unknown_freq/dataset/test/77GHz/Away/04060010_1573837135_Raw_0.png,77GHz,Away,0,ua_0010,04060010_1573837135_Raw_0.png,dataset/test/77GHz/Away/04060010_1573837135_Raw_0.png,test,test,0,ua_0010|Away|1573837135,ff447acf0a87e3de299127490b11bbd6ddf278875284f6e3261da40a6a7369aa
tasks/known_people_unknown_freq/dataset/test/77GHz/Away/04060010_1573837157_Raw_0.png,77GHz,Away,0,ua_0010,04060010_1573837157_Raw_0.png,dataset/test/77GHz/Away/04060010_1573837157_Raw_0.png,test,test,0,ua_0010|Away|1573837157,52e490e4f6398d2a2785c34d366a3cb8a19b11c031956707dd8049c4943703d3
tasks/known_people_unknown_freq/dataset/test/77GHz/Away/04060010_1573837181_Raw_0.png,77GHz,Away,0,ua_0010,04060010_1573837181_Raw_0.png,dataset/test/77GHz/Away/04060010_1573837181_Raw_0.png,test,test,0,ua_0010|Away|1573837181,d9c49fe1abb4e970b0021bf4cf87eaa0479002a1003a9b2a5f32e85ccc791eb9
tasks/known_people_unknown_freq/dataset/test/77GHz/Away/04060010_1573837204_Raw_0.png,77GHz,Away,0,ua_0010,04060010_1573837204_Raw_0.png,dataset/test/77GHz/Away/04060010_1573837204_Raw_0.png,test,test,0,ua_0010|Away|1573837204,44c8a4aec67b5a0089036637cc78dbc0bd3defe0cbadbdb2ba8a664fe528bb0e
tasks/known_people_unknown_freq/dataset/test/77GHz/Away/04060010_1573837254_Raw_0.png,77GHz,Away,0,ua_0010,04060010_1573837254_Raw_0.png,dataset/test/77GHz/Away/04060010_1573837254_Raw_0.png,test,test,0,ua_0010|Away|1573837254,5b4e43073726e64a97b092bc6f72d6c8d405ade35a4d0f945cc9a22fe2c940c7
tasks/known_people_unknown_freq/dataset/test/77GHz/Away/04060010_1573837276_Raw_0.png,77GHz,Away,0,ua_0010,04060010_1573837276_Raw_0.png,dataset/test/77GHz/Away/04060010_1573837276_Raw_0.png,test,test,0,ua_0010|Away|1573837276,a68b37a991df5e7ec12b2ceca1fc78d603d313611aeafb9209fbf92288792b53
tasks/known_people_unknown_freq/dataset/test/77GHz/Away/04060010_1573837370_Raw_0.png,77GHz,Away,0,ua_0010,04060010_1573837370_Raw_0.png,dataset/test/77GHz/Away/04060010_1573837370_Raw_0.png,test,test,0,ua_0010|Away|1573837370,bf3c08ba36a49a0fb5d73333511779596940ccb9150d9a89711817390574f0bc
tasks/known_people_unknown_freq/dataset/test/77GHz/Away/04060014_1574696370_Raw_0.png,77GHz,Away,0,ua_0014,04060014_1574696370_Raw_0.png,dataset/test/77GHz/Away/04060014_1574696370_Raw_0.png,test,test,0,ua_0014|Away|1574696370,a6cb882c4ca1ac46de4915c23cf6e27cd2a42bf8b6dba571ef57a80f4d285125
tasks/known_people_unknown_freq/dataset/test/77GHz/Away/04060014_1574696394_Raw_0.png,77GHz,Away,0,ua_0014,04060014_1574696394_Raw_0.png,dataset/test/77GHz/Away/04060014_1574696394_Raw_0.png,test,test,0,ua_0014|Away|1574696394,9f8fb6b5b3113020b136c30ca39a01ae4022ea24775178ee45589df27e789d1f
tasks/known_people_unknown_freq/dataset/test/77GHz/Away/04060014_1574696433_Raw_0.png,77GHz,Away,0,ua_0014,04060014_1574696433_Raw_0.png,dataset/test/77GHz/Away/04060014_1574696433_Raw_0.png,test,test,0,ua_0014|Away|1574696433,d97440f256e324c4e9986b8dc95eacc6bd81eee19cc90c5f978e0fddc4ab1d75
tasks/known_people_unknown_freq/dataset/test/77GHz/Away/04060014_1574696452_Raw_0.png,77GHz,Away,0,ua_0014,04060014_1574696452_Raw_0.png,dataset/test/77GHz/Away/04060014_1574696452_Raw_0.png,test,test,0,ua_0014|Away|1574696452,2382f080e50a2ea6e34b0128aa97504d08c42b584a7bc0b94d5f4bc252cbd590
tasks/known_people_unknown_freq/dataset/test/77GHz/Away/04060014_1574696470_Raw_0.png,77GHz,Away,0,ua_0014,04060014_1574696470_Raw_0.png,dataset/test/77GHz/Away/04060014_1574696470_Raw_0.png,test,test,0,ua_0014|Away|1574696470,7c71793fb094c58494ed1eec5ddad41d95b2233e2f299d2591edd500cbdb9c9a
tasks/known_people_unknown_freq/dataset/test/77GHz/Away/04060014_1574696490_Raw_0.png,77GHz,Away,0,ua_0014,04060014_1574696490_Raw_0.png,dataset/test/77GHz/Away/04060014_1574696490_Raw_0.png,test,test,0,ua_0014|Away|1574696490,a5e3e533066f26ff839485b94a0e0cd6c1b1870888f6d01df42d3d20615f0f3c
tasks/known_people_unknown_freq/dataset/test/77GHz/Away/04060029_1574114705_Raw_0.png,77GHz,Away,0,ua_0029,04060029_1574114705_Raw_0.png,dataset/test/77GHz/Away/04060029_1574114705_Raw_0.png,test,test,0,ua_0029|Away|1574114705,1067a1e7f8f5fb7761b56e3b7f3a8edcfcf5e6838071d056d46a9a02d8689726
tasks/known_people_unknown_freq/dataset/test/77GHz/Away/04060029_1574114725_Raw_0.png,77GHz,Away,0,ua_0029,04060029_1574114725_Raw_0.png,dataset/test/77GHz/Away/04060029_1574114725_Raw_0.png,test,test,0,ua_0029|Away|1574114725,35a80df7066440afb87cd7f402e21f94861979ff76cba5a369bf5c856f2776b4
tasks/known_people_unknown_freq/dataset/test/77GHz/Away/04060029_1574114751_Raw_0.png,77GHz,Away,0,ua_0029,04060029_1574114751_Raw_0.png,dataset/test/77GHz/Away/04060029_1574114751_Raw_0.png,test,test,0,ua_0029|Away|1574114751,4c44fb04312c7bf330a974cc8fdeced18d36a4fb78a9755771a6cf0f724e0cd4
tasks/known_people_unknown_freq/dataset/test/77GHz/Away/04060029_1574114770_Raw_0.png,77GHz,Away,0,ua_0029,04060029_1574114770_Raw_0.png,dataset/test/77GHz/Away/04060029_1574114770_Raw_0.png,test,test,0,ua_0029|Away|1574114770,ef9e038e1b7dd915f6f00043f41a2e7ddd7733059b69c73002cf7fccdcc5ca62
tasks/known_people_unknown_freq/dataset/test/77GHz/Away/04060029_1574114789_Raw_0.png,77GHz,Away,0,ua_0029,04060029_1574114789_Raw_0.png,dataset/test/77GHz/Away/04060029_1574114789_Raw_0.png,test,test,0,ua_0029|Away|1574114789,e193c6d45ef412e46d2ec49c76864f83de450d6c652a6db41497aa4a02fbd4b7
tasks/known_people_unknown_freq/dataset/test/77GHz/Away/04060029_1574114809_Raw_0.png,77GHz,Away,0,ua_0029,04060029_1574114809_Raw_0.png,dataset/test/77GHz/Away/04060029_1574114809_Raw_0.png,test,test,0,ua_0029|Away|1574114809,4b3c0540b1a017626cd7b6abb06b40c9c71c8966e6caf85e847d9b206c2c9fe3
tasks/known_people_unknown_freq/dataset/test/77GHz/Away/04060029_1574114829_Raw_0.png,77GHz,Away,0,ua_0029,04060029_1574114829_Raw_0.png,dataset/test/77GHz/Away/04060029_1574114829_Raw_0.png,test,test,0,ua_0029|Away|1574114829,943db0c39256770ed4ad4067d0a3132b7ca77041a53cbee779bad89b1b861b97
tasks/known_people_unknown_freq/dataset/test/77GHz/Away/04060029_1574114849_Raw_0.png,77GHz,Away,0,ua_0029,04060029_1574114849_Raw_0.png,dataset/test/77GHz/Away/04060029_1574114849_Raw_0.png,test,test,0,ua_0029|Away|1574114849,4e7644fc27bd9a4e8ae9dd67f9e1c9973c425510a2201e06189a0f435185b4f3
tasks/known_people_unknown_freq/dataset/test/77GHz/Away/04060029_1574114867_Raw_0.png,77GHz,Away,0,ua_0029,04060029_1574114867_Raw_0.png,dataset/test/77GHz/Away/04060029_1574114867_Raw_0.png,test,test,0,ua_0029|Away|1574114867,a77916dcff7c6ed4901ff8320172d22be7377b073492ca06b7d600f3cc0e10b3
tasks/known_people_unknown_freq/dataset/test/77GHz/Away/04060029_1574626448_Raw_0.png,77GHz,Away,0,ua_0029,04060029_1574626448_Raw_0.png,dataset/test/77GHz/Away/04060029_1574626448_Raw_0.png,test,test,0,ua_0029|Away|1574626448,c9f4f8e3c674f18ce14490ca16c9651dbae44b02f040cbe8c776f3b40e271c68
tasks/known_people_unknown_freq/dataset/test/77GHz/Away/04060029_1574626687_Raw_0.png,77GHz,Away,0,ua_0029,04060029_1574626687_Raw_0.png,dataset/test/77GHz/Away/04060029_1574626687_Raw_0.png,test,test,0,ua_0029|Away|1574626687,032a09a36fe1b68da8377d5bde4e2f9110c0b12fb86aaf181929d3804f8be79a
tasks/known_people_unknown_freq/dataset/test/77GHz/Away/04060029_1574627039_Raw_0.png,77GHz,Away,0,ua_0029,04060029_1574627039_Raw_0.png,dataset/test/77GHz/Away/04060029_1574627039_Raw_0.png,test,test,0,ua_0029|Away|1574627039,e20fc56c8e4895cc80d8c73ff334246af5317172a37884844d29930c51571891
tasks/known_people_unknown_freq/dataset/test/77GHz/Away/04060029_1574627068_Raw_0.png,77GHz,Away,0,ua_0029,04060029_1574627068_Raw_0.png,dataset/test/77GHz/Away/04060029_1574627068_Raw_0.png,test,test,0,ua_0029|Away|1574627068,9e540b66a69f3fbcc18b6b03c65c53ec1b5709bd8a46ffdd0f96794f89033126
tasks/known_people_unknown_freq/dataset/test/77GHz/Away/04060029_1574627087_Raw_0.png,77GHz,Away,0,ua_0029,04060029_1574627087_Raw_0.png,dataset/test/77GHz/Away/04060029_1574627087_Raw_0.png,test,test,0,ua_0029|Away|1574627087,51526ae3377d1b67a54e1c39592227c855892c06239db0b5795f388c018e99c9
tasks/known_people_unknown_freq/dataset/test/77GHz/Away/04060029_1574627128_Raw_0.png,77GHz,Away,0,ua_0029,04060029_1574627128_Raw_0.png,dataset/test/77GHz/Away/04060029_1574627128_Raw_0.png,test,test,0,ua_0029|Away|1574627128,89284485ff3d27c0903b2e12bac0a0308bc11cd9a9870dd27a494e2c17db1ff1
tasks/known_people_unknown_freq/dataset/test/77GHz/Away/04060029_1574627154_Raw_0.png,77GHz,Away,0,ua_0029,04060029_1574627154_Raw_0.png,dataset/test/77GHz/Away/04060029_1574627154_Raw_0.png,test,test,0,ua_0029|Away|1574627154,1a618f96906b141e9178b2d8010e08fd72518a42124a4a94930c7932c8dcc398
tasks/known_people_unknown_freq/dataset/test/77GHz/Away/04060029_1574627273_Raw_0.png,77GHz,Away,0,ua_0029,04060029_1574627273_Raw_0.png,dataset/test/77GHz/Away/04060029_1574627273_Raw_0.png,test,test,0,ua_0029|Away|1574627273,c88eaa35e70993d5375766314f0b9f587a5dc496505e0a5d32b2f166bcbf22af
tasks/known_people_unknown_freq/dataset/test/77GHz/Away/04060030_1574194179_Raw_0.png,77GHz,Away,0,ua_0030,04060030_1574194179_Raw_0.png,dataset/test/77GHz/Away/04060030_1574194179_Raw_0.png,test,test,0,ua_0030|Away|1574194179,accea48a2713d96dab9f2598bc786630d663b6b480715e921f0a1658603bfe17
tasks/known_people_unknown_freq/dataset/test/77GHz/Away/04060030_1574194202_Raw_0.png,77GHz,Away,0,ua_0030,04060030_1574194202_Raw_0.png,dataset/test/77GHz/Away/04060030_1574194202_Raw_0.png,test,test,0,ua_0030|Away|1574194202,dba58a9eeea5e821ea3a12b97c8d472e256fbd8306b5fc0b841ad47cc181ab02
tasks/known_people_unknown_freq/dataset/test/77GHz/Away/04060030_1574194225_Raw_0.png,77GHz,Away,0,ua_0030,04060030_1574194225_Raw_0.png,dataset/test/77GHz/Away/04060030_1574194225_Raw_0.png,test,test,0,ua_0030|Away|1574194225,80046eb619686dcc52a992e876f4057e11903817056b9637f0ef9ab7a7a18bdf
tasks/known_people_unknown_freq/dataset/test/77GHz/Away/04060030_1574194249_Raw_0.png,77GHz,Away,0,ua_0030,04060030_1574194249_Raw_0.png,dataset/test/77GHz/Away/04060030_1574194249_Raw_0.png,test,test,0,ua_0030|Away|1574194249,76b40169f5ea903821c54c791217c1ebe17805082d61f588a20b35da3548f908
tasks/known_people_unknown_freq/dataset/test/77GHz/Away/04060030_1574194275_Raw_0.png,77GHz,Away,0,ua_0030,04060030_1574194275_Raw_0.png,dataset/test/77GHz/Away/04060030_1574194275_Raw_0.png,test,test,0,ua_0030|Away|1574194275,4eab35a52d44b05f4cad0f0a7c4f782fc33297ca71ed5873a15f85bf2f704c54
tasks/known_people_unknown_freq/dataset/test/77GHz/Away/04060030_1574194298_Raw_0.png,77GHz,Away,0,ua_0030,04060030_1574194298_Raw_0.png,dataset/test/77GHz/Away/04060030_1574194298_Raw_0.png,test,test,0,ua_0030|Away|1574194298,381beff7ec48b9e734c3c943643dd4c545eb2fc274940234c19e73f4fa97de61
tasks/known_people_unknown_freq/dataset/test/77GHz/Away/04060030_1574194345_Raw_0.png,77GHz,Away,0,ua_0030,04060030_1574194345_Raw_0.png,dataset/test/77GHz/Away/04060030_1574194345_Raw_0.png,test,test,0,ua_0030|Away|1574194345,0b88c89097aa6955183f2b5107ad68a1fc24d7e669ee7a7e5f6a04596a7ae28d
tasks/known_people_unknown_freq/dataset/test/77GHz/Away/04060030_1574194369_Raw_0.png,77GHz,Away,0,ua_0030,04060030_1574194369_Raw_0.png,dataset/test/77GHz/Away/04060030_1574194369_Raw_0.png,test,test,0,ua_0030|Away|1574194369,451a6bb93766bef8215de9f1b940bbd23b66e1d54141ee17edf97d342bfd36e6
tasks/known_people_unknown_freq/dataset/test/77GHz/Away/04060030_1574194391_Raw_0.png,77GHz,Away,0,ua_0030,04060030_1574194391_Raw_0.png,dataset/test/77GHz/Away/04060030_1574194391_Raw_0.png,test,test,0,ua_0030|Away|1574194391,51e2a1661aa382ed5d7c481737b9a0423d4c5af6f8b68b739db3830dd6a99a0e
tasks/known_people_unknown_freq/dataset/test/77GHz/Away/04060030_1574456948_Raw_0.png,77GHz,Away,0,ua_0030,04060030_1574456948_Raw_0.png,dataset/test/77GHz/Away/04060030_1574456948_Raw_0.png,test,test,0,ua_0030|Away|1574456948,029931d2ed4d2dc8cd1ff46a222fa6089abbd00f2e031c38df9e8025c7172cbf
tasks/known_people_unknown_freq/dataset/test/77GHz/Away/04060030_1574456989_Raw_0.png,77GHz,Away,0,ua_0030,04060030_1574456989_Raw_0.png,dataset/test/77GHz/Away/04060030_1574456989_Raw_0.png,test,test,0,ua_0030|Away|1574456989,cf57caf4ebc52f3e3bd10ffe34fc98c3a9b203011e99eeba551a173a18358fa4
tasks/known_people_unknown_freq/dataset/test/77GHz/Away/04060030_1574457011_Raw_0.png,77GHz,Away,0,ua_0030,04060030_1574457011_Raw_0.png,dataset/test/77GHz/Away/04060030_1574457011_Raw_0.png,test,test,0,ua_0030|Away|1574457011,21042af70bedfb0048db7f64d7e0a38a76648458287917c8547a2437a9a6abbb
tasks/known_people_unknown_freq/dataset/test/77GHz/Away/04060030_1574457052_Raw_0.png,77GHz,Away,0,ua_0030,04060030_1574457052_Raw_0.png,dataset/test/77GHz/Away/04060030_1574457052_Raw_0.png,test,test,0,ua_0030|Away|1574457052,fd834fb4a8bf47d6a32f010ce550c424030ea41a4ad9bb0d7f6ff833128dd0af
tasks/known_people_unknown_freq/dataset/test/77GHz/Away/04060030_1574457074_Raw_0.png,77GHz,Away,0,ua_0030,04060030_1574457074_Raw_0.png,dataset/test/77GHz/Away/04060030_1574457074_Raw_0.png,test,test,0,ua_0030|Away|1574457074,99bf2f615364bb061dd971a0cead0a8e0c3c018f37a1ce696d53408990959461
tasks/known_people_unknown_freq/dataset/test/77GHz/Away/04060030_1574457116_Raw_0.png,77GHz,Away,0,ua_0030,04060030_1574457116_Raw_0.png,dataset/test/77GHz/Away/04060030_1574457116_Raw_0.png,test,test,0,ua_0030|Away|1574457116,a48cf5183814228e3cb8540d2af7bb61230d87a305eb3827f40b3883f4af539c
tasks/known_people_unknown_freq/dataset/test/77GHz/Away/04060030_1574457136_Raw_0.png,77GHz,Away,0,ua_0030,04060030_1574457136_Raw_0.png,dataset/test/77GHz/Away/04060030_1574457136_Raw_0.png,test,test,0,ua_0030|Away|1574457136,17b6adfd434395bcb55badf94e3ecfef67c006d36b4c23ee1bd5d2e080d69890
tasks/known_people_unknown_freq/dataset/test/77GHz/Bend/04080010_1573837689_Raw_0.png,77GHz,Bend,1,ua_0010,04080010_1573837689_Raw_0.png,dataset/test/77GHz/Bend/04080010_1573837689_Raw_0.png,test,test,1,ua_0010|Bend|1573837689,bbe6b8ca93ae89bb3b1959c9e36c0603033a35cacc42a83fe976d6c789622a3b
tasks/known_people_unknown_freq/dataset/test/77GHz/Bend/04080010_1573837709_Raw_0.png,77GHz,Bend,1,ua_0010,04080010_1573837709_Raw_0.png,dataset/test/77GHz/Bend/04080010_1573837709_Raw_0.png,test,test,1,ua_0010|Bend|1573837709,f130447266e3fc7382960690ce6d75cb76df0fa3f31bdce44a52211f637d6cd2
tasks/known_people_unknown_freq/dataset/test/77GHz/Bend/04080010_1573837729_Raw_0.png,77GHz,Bend,1,ua_0010,04080010_1573837729_Raw_0.png,dataset/test/77GHz/Bend/04080010_1573837729_Raw_0.png,test,test,1,ua_0010|Bend|1573837729,3cca0554117f32aa255a91b495e198dae933922bf6a0610f6221089137fedef6
tasks/known_people_unknown_freq/dataset/test/77GHz/Bend/04080010_1573837767_Raw_0.png,77GHz,Bend,1,ua_0010,04080010_1573837767_Raw_0.png,dataset/test/77GHz/Bend/04080010_1573837767_Raw_0.png,test,test,1,ua_0010|Bend|1573837767,49c4aa3db2f3bb5f4ee79deb133d1a2ca549d0b38b48e479b533a14036cfaf62
tasks/known_people_unknown_freq/dataset/test/77GHz/Bend/04080010_1573837785_Raw_0.png,77GHz,Bend,1,ua_0010,04080010_1573837785_Raw_0.png,dataset/test/77GHz/Bend/04080010_1573837785_Raw_0.png,test,test,1,ua_0010|Bend|1573837785,1759d25b533391ed370c3324a3ea9a8d561fb4f9690d9eb7c34b494de10483b9
tasks/known_people_unknown_freq/dataset/test/77GHz/Bend/04080010_1573837803_Raw_0.png,77GHz,Bend,1,ua_0010,04080010_1573837803_Raw_0.png,dataset/test/77GHz/Bend/04080010_1573837803_Raw_0.png,test,test,1,ua_0010|Bend|1573837803,6dd17d4eff0cbfba0e3de2640401c437f02acace45ff9d501c79f727c86e88ac
tasks/known_people_unknown_freq/dataset/test/77GHz/Bend/04080010_1573837916_Raw_0.png,77GHz,Bend,1,ua_0010,04080010_1573837916_Raw_0.png,dataset/test/77GHz/Bend/04080010_1573837916_Raw_0.png,test,test,1,ua_0010|Bend|1573837916,aa2462f9547084abbd6fc232834340306eb7027053cf5eea734185e08307dc9c
tasks/known_people_unknown_freq/dataset/test/77GHz/Bend/04080010_1573837944_Raw_0.png,77GHz,Bend,1,ua_0010,04080010_1573837944_Raw_0.png,dataset/test/77GHz/Bend/04080010_1573837944_Raw_0.png,test,test,1,ua_0010|Bend|1573837944,d85830a350b033bf8d157dbc6759c3e1ab4d5e69b40c6309f9f6a2d24f65d193
tasks/known_people_unknown_freq/dataset/test/77GHz/Bend/04080014_1574696766_Raw_0.png,77GHz,Bend,1,ua_0014,04080014_1574696766_Raw_0.png,dataset/test/77GHz/Bend/04080014_1574696766_Raw_0.png,test,test,1,ua_0014|Bend|1574696766,b9afac7a25427cb7239faa9de08002be9ae67a083ed041d938f1c9649e2dc1a7
tasks/known_people_unknown_freq/dataset/test/77GHz/Bend/04080014_1574696801_Raw_0.png,77GHz,Bend,1,ua_0014,04080014_1574696801_Raw_0.png,dataset/test/77GHz/Bend/04080014_1574696801_Raw_0.png,test,test,1,ua_0014|Bend|1574696801,47dc972197c2dd9b2f3b9608e2bf3c10a19b85f890e7dfcc4873a7689fcf1bc2
tasks/known_people_unknown_freq/dataset/test/77GHz/Bend/04080014_1574696820_Raw_0.png,77GHz,Bend,1,ua_0014,04080014_1574696820_Raw_0.png,dataset/test/77GHz/Bend/04080014_1574696820_Raw_0.png,test,test,1,ua_0014|Bend|1574696820,f9651ef75179c9db1da6e370119c4fba0778adecc7253b3d9b713f6ff93d9b89
tasks/known_people_unknown_freq/dataset/test/77GHz/Bend/04080014_1574696838_Raw_0.png,77GHz,Bend,1,ua_0014,04080014_1574696838_Raw_0.png,dataset/test/77GHz/Bend/04080014_1574696838_Raw_0.png,test,test,1,ua_0014|Bend|1574696838,c99b1b5b4d5c5c80b423a430c6150fabc3b68a9f913cfe1f62e0b8a6e418004b
tasks/known_people_unknown_freq/dataset/test/77GHz/Bend/04080014_1574696856_Raw_0.png,77GHz,Bend,1,ua_0014,04080014_1574696856_Raw_0.png,dataset/test/77GHz/Bend/04080014_1574696856_Raw_0.png,test,test,1,ua_0014|Bend|1574696856,37517831463c97d5fa325f555a5ea050ca748c65fe73db4e16c2dc174c23c6ba
tasks/known_people_unknown_freq/dataset/test/77GHz/Bend/04080014_1574696894_Raw_0.png,77GHz,Bend,1,ua_0014,04080014_1574696894_Raw_0.png,dataset/test/77GHz/Bend/04080014_1574696894_Raw_0.png,test,test,1,ua_0014|Bend|1574696894,fc016359495ca8212d7030d94d635a9ba60241c26344435fc52b1dd88b804223
tasks/known_people_unknown_freq/dataset/test/77GHz/Bend/04080014_1574696941_Raw_0.png,77GHz,Bend,1,ua_0014,04080014_1574696941_Raw_0.png,dataset/test/77GHz/Bend/04080014_1574696941_Raw_0.png,test,test,1,ua_0014|Bend|1574696941,9f743a7dbf5a37a3687da0c10dd938bee1851c4dff9b7573291d6f543cd6f080
tasks/known_people_unknown_freq/dataset/test/77GHz/Bend/04080029_1574115435_Raw_0.png,77GHz,Bend,1,ua_0029,04080029_1574115435_Raw_0.png,dataset/test/77GHz/Bend/04080029_1574115435_Raw_0.png,test,test,1,ua_0029|Bend|1574115435,fdd3c8fcc855d91ae5813fd9d35a5e9edcc40be5d45184e3e4b70db3563bb925
tasks/known_people_unknown_freq/dataset/test/77GHz/Bend/04080029_1574115481_Raw_0.png,77GHz,Bend,1,ua_0029,04080029_1574115481_Raw_0.png,dataset/test/77GHz/Bend/04080029_1574115481_Raw_0.png,test,test,1,ua_0029|Bend|1574115481,5e5359f871c0271bb7887c8065c8f5b2ee48dd1206e3e39fc25205efbf47057d
tasks/known_people_unknown_freq/dataset/test/77GHz/Bend/04080029_1574115504_Raw_0.png,77GHz,Bend,1,ua_0029,04080029_1574115504_Raw_0.png,dataset/test/77GHz/Bend/04080029_1574115504_Raw_0.png,test,test,1,ua_0029|Bend|1574115504,cd6f7df96f44f334f760837cff6a7e69a50594889acc95818e8d2fb478a33cf4
tasks/known_people_unknown_freq/dataset/test/77GHz/Bend/04080029_1574115523_Raw_0.png,77GHz,Bend,1,ua_0029,04080029_1574115523_Raw_0.png,dataset/test/77GHz/Bend/04080029_1574115523_Raw_0.png,test,test,1,ua_0029|Bend|1574115523,c6a43362a687f92ece8a7acb40e1a55ec0733b36c3fa73a10cfabf6a37e7fd1f
tasks/known_people_unknown_freq/dataset/test/77GHz/Bend/04080029_1574115541_Raw_0.png,77GHz,Bend,1,ua_0029,04080029_1574115541_Raw_0.png,dataset/test/77GHz/Bend/04080029_1574115541_Raw_0.png,test,test,1,ua_0029|Bend|1574115541,b829d6a2c83252180971c663319e3ab3c18a9a71639b7ba730c44d91597ce6a5
tasks/known_people_unknown_freq/dataset/test/77GHz/Bend/04080029_1574115561_Raw_0.png,77GHz,Bend,1,ua_0029,04080029_1574115561_Raw_0.png,dataset/test/77GHz/Bend/04080029_1574115561_Raw_0.png,test,test,1,ua_0029|Bend|1574115561,739e611b5e0da850666a8af06c26afbb7a3bcad87dcfe81d178e9c933afdeb07
tasks/known_people_unknown_freq/dataset/test/77GHz/Bend/04080029_1574115580_Raw_0.png,77GHz,Bend,1,ua_0029,04080029_1574115580_Raw_0.png,dataset/test/77GHz/Bend/04080029_1574115580_Raw_0.png,test,test,1,ua_0029|Bend|1574115580,39227ace4d2d6a1525216cab4008540220e23fea73ed3b5a8f2c3f323a291305
tasks/known_people_unknown_freq/dataset/test/77GHz/Bend/04080029_1574627793_Raw_0.png,77GHz,Bend,1,ua_0029,04080029_1574627793_Raw_0.png,dataset/test/77GHz/Bend/04080029_1574627793_Raw_0.png,test,test,1,ua_0029|Bend|1574627793,84bc8e0cbda8171d5e2f6777d73be23c7efc46bb473663372d9cff575974c91c
tasks/known_people_unknown_freq/dataset/test/77GHz/Bend/04080029_1574627830_Raw_0.png,77GHz,Bend,1,ua_0029,04080029_1574627830_Raw_0.png,dataset/test/77GHz/Bend/04080029_1574627830_Raw_0.png,test,test,1,ua_0029|Bend|1574627830,015298ecb5b60c124b5650e54da916a47a36d6203d2007a17266d42c02b3021c
tasks/known_people_unknown_freq/dataset/test/77GHz/Bend/04080029_1574627935_Raw_0.png,77GHz,Bend,1,ua_0029,04080029_1574627935_Raw_0.png,dataset/test/77GHz/Bend/04080029_1574627935_Raw_0.png,test,test,1,ua_0029|Bend|1574627935,403003a51a15962a53fa51ea9d2482cde9ae2e12f4d3882e8bd17a964bf03e66
tasks/known_people_unknown_freq/dataset/test/77GHz/Bend/04080029_1574627955_Raw_0.png,77GHz,Bend,1,ua_0029,04080029_1574627955_Raw_0.png,dataset/test/77GHz/Bend/04080029_1574627955_Raw_0.png,test,test,1,ua_0029|Bend|1574627955,5119b407c1da404bd4e8adb6cc0357aa1ad8e2b696ef671ae4d915ac7da071b1
tasks/known_people_unknown_freq/dataset/test/77GHz/Bend/04080029_1574627986_Raw_0.png,77GHz,Bend,1,ua_0029,04080029_1574627986_Raw_0.png,dataset/test/77GHz/Bend/04080029_1574627986_Raw_0.png,test,test,1,ua_0029|Bend|1574627986,aea76edc53d9bfeea0d358910088e208da918374e60c9c7958d387dbc6a3dd97
tasks/known_people_unknown_freq/dataset/test/77GHz/Bend/04080029_1574628005_Raw_0.png,77GHz,Bend,1,ua_0029,04080029_1574628005_Raw_0.png,dataset/test/77GHz/Bend/04080029_1574628005_Raw_0.png,test,test,1,ua_0029|Bend|1574628005,53222c407d2bd005619c7177ac8c509ba07a595b4ec248729bec2039b9d2477a
tasks/known_people_unknown_freq/dataset/test/77GHz/Bend/04080029_1574628024_Raw_0.png,77GHz,Bend,1,ua_0029,04080029_1574628024_Raw_0.png,dataset/test/77GHz/Bend/04080029_1574628024_Raw_0.png,test,test,1,ua_0029|Bend|1574628024,6d46bfcc826b973d7a33a7854c2158b7ff09d7c28ded4eff0fc0190b348c7350
tasks/known_people_unknown_freq/dataset/test/77GHz/Bend/04080029_1574628042_Raw_0.png,77GHz,Bend,1,ua_0029,04080029_1574628042_Raw_0.png,dataset/test/77GHz/Bend/04080029_1574628042_Raw_0.png,test,test,1,ua_0029|Bend|1574628042,5bcd38f626dbd373c82570741cef9e3d5f9a5523db4a4149e05efb12c8845898
tasks/known_people_unknown_freq/dataset/test/77GHz/Bend/04080029_1574628060_Raw_0.png,77GHz,Bend,1,ua_0029,04080029_1574628060_Raw_0.png,dataset/test/77GHz/Bend/04080029_1574628060_Raw_0.png,test,test,1,ua_0029|Bend|1574628060,61c04e19754feea3972ac7dd55f46073ae831d4e4952664c139c6c639952fa25
tasks/known_people_unknown_freq/dataset/test/77GHz/Bend/04080030_1574194651_Raw_0.png,77GHz,Bend,1,ua_0030,04080030_1574194651_Raw_0.png,dataset/test/77GHz/Bend/04080030_1574194651_Raw_0.png,test,test,1,ua_0030|Bend|1574194651,fcc3f6a22d521c2f0ec31b9f97ed790e38ddc266067b408755ec9f6e15f29efe
tasks/known_people_unknown_freq/dataset/test/77GHz/Bend/04080030_1574194672_Raw_0.png,77GHz,Bend,1,ua_0030,04080030_1574194672_Raw_0.png,dataset/test/77GHz/Bend/04080030_1574194672_Raw_0.png,test,test,1,ua_0030|Bend|1574194672,eb5c305cdf73b7635e7229f1511b07110802325cbcadc6c1e95c3e31a7ff2488
tasks/known_people_unknown_freq/dataset/test/77GHz/Bend/04080030_1574194982_Raw_0.png,77GHz,Bend,1,ua_0030,04080030_1574194982_Raw_0.png,dataset/test/77GHz/Bend/04080030_1574194982_Raw_0.png,test,test,1,ua_0030|Bend|1574194982,212f4cfb24b11e57ff48b2f531a8f7bb8fa30ae072e38767735cf4ef16af20f1
tasks/known_people_unknown_freq/dataset/test/77GHz/Bend/04080030_1574195000_Raw_0.png,77GHz,Bend,1,ua_0030,04080030_1574195000_Raw_0.png,dataset/test/77GHz/Bend/04080030_1574195000_Raw_0.png,test,test,1,ua_0030|Bend|1574195000,50207c3395506d804288ba75120c3e7253cb5e323db071c8f70b0ea3b4000896
tasks/known_people_unknown_freq/dataset/test/77GHz/Bend/04080030_1574195019_Raw_0.png,77GHz,Bend,1,ua_0030,04080030_1574195019_Raw_0.png,dataset/test/77GHz/Bend/04080030_1574195019_Raw_0.png,test,test,1,ua_0030|Bend|1574195019,82b5e6a6722b2d5cf36cca4d4061b53a0507f0f101b451ec5de2ef0183b8d42e
tasks/known_people_unknown_freq/dataset/test/77GHz/Bend/04080030_1574195038_Raw_0.png,77GHz,Bend,1,ua_0030,04080030_1574195038_Raw_0.png,dataset/test/77GHz/Bend/04080030_1574195038_Raw_0.png,test,test,1,ua_0030|Bend|1574195038,add53a9b0af0ba1e9fb61cb8eabf93b38d823c8d2a702076f9d064b12b779c29
tasks/known_people_unknown_freq/dataset/test/77GHz/Bend/04080030_1574195059_Raw_0.png,77GHz,Bend,1,ua_0030,04080030_1574195059_Raw_0.png,dataset/test/77GHz/Bend/04080030_1574195059_Raw_0.png,test,test,1,ua_0030|Bend|1574195059,0ab956280e449305df01b358130a563ba0891e51fa663706b6fd0de7851d76d4
tasks/known_people_unknown_freq/dataset/test/77GHz/Bend/04080030_1574457991_Raw_0.png,77GHz,Bend,1,ua_0030,04080030_1574457991_Raw_0.png,dataset/test/77GHz/Bend/04080030_1574457991_Raw_0.png,test,test,1,ua_0030|Bend|1574457991,93f82b14f4ecd650387a64605e75104e22122282bfa09792fff655aafd22b1ef
tasks/known_people_unknown_freq/dataset/test/77GHz/Bend/04080030_1574458011_Raw_0.png,77GHz,Bend,1,ua_0030,04080030_1574458011_Raw_0.png,dataset/test/77GHz/Bend/04080030_1574458011_Raw_0.png,test,test,1,ua_0030|Bend|1574458011,3d620743c660983540eb6511e53786699332f81adf51f80d1147b861c1b93742
tasks/known_people_unknown_freq/dataset/test/77GHz/Bend/04080030_1574458043_Raw_0.png,77GHz,Bend,1,ua_0030,04080030_1574458043_Raw_0.png,dataset/test/77GHz/Bend/04080030_1574458043_Raw_0.png,test,test,1,ua_0030|Bend|1574458043,7688160a8bed009b6cdf4d15270a4be3d63ae251a2cf75af9ab5b99dbc701b55
tasks/known_people_unknown_freq/dataset/test/77GHz/Bend/04080030_1574458060_Raw_0.png,77GHz,Bend,1,ua_0030,04080030_1574458060_Raw_0.png,dataset/test/77GHz/Bend/04080030_1574458060_Raw_0.png,test,test,1,ua_0030|Bend|1574458060,1a809482d00f2a269a6e5a0ad7be670f74f7e43a286f42cae6acb057efaea789
tasks/known_people_unknown_freq/dataset/test/77GHz/Bend/04080030_1574458078_Raw_0.png,77GHz,Bend,1,ua_0030,04080030_1574458078_Raw_0.png,dataset/test/77GHz/Bend/04080030_1574458078_Raw_0.png,test,test,1,ua_0030|Bend|1574458078,ee18fe89abd8fab3317095b7f3bdfdbdcddd0d2e7946c7bbb35c2399cc57e8f7
tasks/known_people_unknown_freq/dataset/test/77GHz/Bend/04080030_1574458096_Raw_0.png,77GHz,Bend,1,ua_0030,04080030_1574458096_Raw_0.png,dataset/test/77GHz/Bend/04080030_1574458096_Raw_0.png,test,test,1,ua_0030|Bend|1574458096,058acbc2d475ace86514a922176dcfbb3cae627f801cc56cd7347b1ddf73036b
tasks/known_people_unknown_freq/dataset/test/77GHz/Bend/04080030_1574458114_Raw_0.png,77GHz,Bend,1,ua_0030,04080030_1574458114_Raw_0.png,dataset/test/77GHz/Bend/04080030_1574458114_Raw_0.png,test,test,1,ua_0030|Bend|1574458114,12a42c7d559d194d6c7c5a44e80ecc22b66c2f5f15e33bd0277b57b783f2a1c4
tasks/known_people_unknown_freq/dataset/test/77GHz/Bend/04080030_1574458139_Raw_0.png,77GHz,Bend,1,ua_0030,04080030_1574458139_Raw_0.png,dataset/test/77GHz/Bend/04080030_1574458139_Raw_0.png,test,test,1,ua_0030|Bend|1574458139,990998b7a8d82b1b255207bc32f3cdd1b697ca731996b72a05edfb72fec495cb
tasks/known_people_unknown_freq/dataset/test/77GHz/Bend/04080030_1574458157_Raw_0.png,77GHz,Bend,1,ua_0030,04080030_1574458157_Raw_0.png,dataset/test/77GHz/Bend/04080030_1574458157_Raw_0.png,test,test,1,ua_0030|Bend|1574458157,15e27cd83b1a16da6463b26b9b458e9c61149d228628f83b49574ffde243104c
tasks/known_people_unknown_freq/dataset/test/77GHz/Kneel/04100010_1573838410_Raw_0.png,77GHz,Kneel,2,ua_0010,04100010_1573838410_Raw_0.png,dataset/test/77GHz/Kneel/04100010_1573838410_Raw_0.png,test,test,3,ua_0010|Kneel|1573838410,d620c396b038672b195d99166c13cb18464ac407b9731e9c14cd8a16dd970082
tasks/known_people_unknown_freq/dataset/test/77GHz/Kneel/04100010_1573838430_Raw_0.png,77GHz,Kneel,2,ua_0010,04100010_1573838430_Raw_0.png,dataset/test/77GHz/Kneel/04100010_1573838430_Raw_0.png,test,test,3,ua_0010|Kneel|1573838430,05203c062dde7b2b2132de9819f8e6355b46f32bb4afa61352bd18547b8a4312
tasks/known_people_unknown_freq/dataset/test/77GHz/Kneel/04100010_1573838448_Raw_0.png,77GHz,Kneel,2,ua_0010,04100010_1573838448_Raw_0.png,dataset/test/77GHz/Kneel/04100010_1573838448_Raw_0.png,test,test,3,ua_0010|Kneel|1573838448,4d8b9680544a3313306d7d23c981a7f95cab9ab687ba84ad72c42ff65dbc6819
tasks/known_people_unknown_freq/dataset/test/77GHz/Kneel/04100010_1573838467_Raw_0.png,77GHz,Kneel,2,ua_0010,04100010_1573838467_Raw_0.png,dataset/test/77GHz/Kneel/04100010_1573838467_Raw_0.png,test,test,3,ua_0010|Kneel|1573838467,885dc11ddab32719cde9344ba6d8726019f652fdf314e3c768c6ca287095908f
tasks/known_people_unknown_freq/dataset/test/77GHz/Kneel/04100010_1573838489_Raw_0.png,77GHz,Kneel,2,ua_0010,04100010_1573838489_Raw_0.png,dataset/test/77GHz/Kneel/04100010_1573838489_Raw_0.png,test,test,3,ua_0010|Kneel|1573838489,caecde26967da6e93096370a9a9b4a24009cf25e912ff301dcebd233a7e875f5
tasks/known_people_unknown_freq/dataset/test/77GHz/Kneel/04100010_1573838508_Raw_0.png,77GHz,Kneel,2,ua_0010,04100010_1573838508_Raw_0.png,dataset/test/77GHz/Kneel/04100010_1573838508_Raw_0.png,test,test,3,ua_0010|Kneel|1573838508,9542f9e8ca49d7aa8ddd742a9ed43e4d9cbb92bd0388671236680a4340acc5b8
tasks/known_people_unknown_freq/dataset/test/77GHz/Kneel/04100010_1573838526_Raw_0.png,77GHz,Kneel,2,ua_0010,04100010_1573838526_Raw_0.png,dataset/test/77GHz/Kneel/04100010_1573838526_Raw_0.png,test,test,3,ua_0010|Kneel|1573838526,f3a5e37b133da4d3a3566111e858a45678617ea0ff30bff5b1115c437172a43b
tasks/known_people_unknown_freq/dataset/test/77GHz/Kneel/04100010_1573838564_Raw_0.png,77GHz,Kneel,2,ua_0010,04100010_1573838564_Raw_0.png,dataset/test/77GHz/Kneel/04100010_1573838564_Raw_0.png,test,test,3,ua_0010|Kneel|1573838564,7d994773801917d50b3e0fa18f5216e96eff269d31057482ed45cde42936c92d
tasks/known_people_unknown_freq/dataset/test/77GHz/Kneel/04100010_1573838584_Raw_0.png,77GHz,Kneel,2,ua_0010,04100010_1573838584_Raw_0.png,dataset/test/77GHz/Kneel/04100010_1573838584_Raw_0.png,test,test,3,ua_0010|Kneel|1573838584,0c2a79d0c43d25a728aea4f5b9e482faf49065998fced5267f498d9e691a67eb
tasks/known_people_unknown_freq/dataset/test/77GHz/Kneel/04100010_1573838603_Raw_0.png,77GHz,Kneel,2,ua_0010,04100010_1573838603_Raw_0.png,dataset/test/77GHz/Kneel/04100010_1573838603_Raw_0.png,test,test,3,ua_0010|Kneel|1573838603,13d5376c447ea0f942529eb7ca40211c4239be80330934fe88044d7fddffc40a
tasks/known_people_unknown_freq/dataset/test/77GHz/Kneel/04100014_1574698067_Raw_0.png,77GHz,Kneel,2,ua_0014,04100014_1574698067_Raw_0.png,dataset/test/77GHz/Kneel/04100014_1574698067_Raw_0.png,test,test,3,ua_0014|Kneel|1574698067,107d2debf3c427572396fd3d3ce8827596073a81d48e954d71d062abdfde32e7
tasks/known_people_unknown_freq/dataset/test/77GHz/Kneel/04100014_1574698089_Raw_0.png,77GHz,Kneel,2,ua_0014,04100014_1574698089_Raw_0.png,dataset/test/77GHz/Kneel/04100014_1574698089_Raw_0.png,test,test,3,ua_0014|Kneel|1574698089,7aee82a2a33d5a163d14e347de7f4e4a50028a14c35f5778283c1aea3a146c2a
tasks/known_people_unknown_freq/dataset/test/77GHz/Kneel/04100014_1574698108_Raw_0.png,77GHz,Kneel,2,ua_0014,04100014_1574698108_Raw_0.png,dataset/test/77GHz/Kneel/04100014_1574698108_Raw_0.png,test,test,3,ua_0014|Kneel|1574698108,3ea19dbc55b898b2680a047ecd835bb9475cb4634725e2a83506c39e8ef5fe3a
tasks/known_people_unknown_freq/dataset/test/77GHz/Kneel/04100014_1574698127_Raw_0.png,77GHz,Kneel,2,ua_0014,04100014_1574698127_Raw_0.png,dataset/test/77GHz/Kneel/04100014_1574698127_Raw_0.png,test,test,3,ua_0014|Kneel|1574698127,6279d6a9da72738d0fd47fb79967f5ddcd838490c0cba7570aff879ffa126c9c
tasks/known_people_unknown_freq/dataset/test/77GHz/Kneel/04100014_1574698146_Raw_0.png,77GHz,Kneel,2,ua_0014,04100014_1574698146_Raw_0.png,dataset/test/77GHz/Kneel/04100014_1574698146_Raw_0.png,test,test,3,ua_0014|Kneel|1574698146,8d465a09aae03dd519847d947a67567a67f77b2ebd066010bfc29a1679fbc57a
tasks/known_people_unknown_freq/dataset/test/77GHz/Kneel/04100014_1574698165_Raw_0.png,77GHz,Kneel,2,ua_0014,04100014_1574698165_Raw_0.png,dataset/test/77GHz/Kneel/04100014_1574698165_Raw_0.png,test,test,3,ua_0014|Kneel|1574698165,27eeabd0bfa778a5f42e2546a879da0981f0e830a3d0c0ba825c99ae10d53bf6
tasks/known_people_unknown_freq/dataset/test/77GHz/Kneel/04100014_1574698203_Raw_0.png,77GHz,Kneel,2,ua_0014,04100014_1574698203_Raw_0.png,dataset/test/77GHz/Kneel/04100014_1574698203_Raw_0.png,test,test,3,ua_0014|Kneel|1574698203,03d88744b36b1b2153a7e8a1c051bcbd549abaebb5fbdf464b331b7cd4b5108f
tasks/known_people_unknown_freq/dataset/test/77GHz/Kneel/04100014_1574698222_Raw_0.png,77GHz,Kneel,2,ua_0014,04100014_1574698222_Raw_0.png,dataset/test/77GHz/Kneel/04100014_1574698222_Raw_0.png,test,test,3,ua_0014|Kneel|1574698222,c9ec78565c8e1d6848c82e148d39f9d42af6376780b9eec52792527f85c45954
tasks/known_people_unknown_freq/dataset/test/77GHz/Kneel/04100029_1574115915_Raw_0.png,77GHz,Kneel,2,ua_0029,04100029_1574115915_Raw_0.png,dataset/test/77GHz/Kneel/04100029_1574115915_Raw_0.png,test,test,3,ua_0029|Kneel|1574115915,f4e8678ccb3fb8e162260a666da849aca7dd4c075ba876128bf13d96aaf9f1a3
tasks/known_people_unknown_freq/dataset/test/77GHz/Kneel/04100029_1574115983_Raw_0.png,77GHz,Kneel,2,ua_0029,04100029_1574115983_Raw_0.png,dataset/test/77GHz/Kneel/04100029_1574115983_Raw_0.png,test,test,3,ua_0029|Kneel|1574115983,10e0804c847fbe4e0ff5b9756b4f434f35fa5d4c7c6993df8ba333cafa2ab1f4
tasks/known_people_unknown_freq/dataset/test/77GHz/Kneel/04100029_1574116001_Raw_0.png,77GHz,Kneel,2,ua_0029,04100029_1574116001_Raw_0.png,dataset/test/77GHz/Kneel/04100029_1574116001_Raw_0.png,test,test,3,ua_0029|Kneel|1574116001,d96d3225f69ed19ce0464683c9c6457ff08a9286e72aad5f6bedb491142f47a6
tasks/known_people_unknown_freq/dataset/test/77GHz/Kneel/04100029_1574116027_Raw_0.png,77GHz,Kneel,2,ua_0029,04100029_1574116027_Raw_0.png,dataset/test/77GHz/Kneel/04100029_1574116027_Raw_0.png,test,test,3,ua_0029|Kneel|1574116027,0ec0af8fc7c38f633fced73c692adcac0a9ad599d335207d0476ea27fe217ccb
tasks/known_people_unknown_freq/dataset/test/77GHz/Kneel/04100029_1574116046_Raw_0.png,77GHz,Kneel,2,ua_0029,04100029_1574116046_Raw_0.png,dataset/test/77GHz/Kneel/04100029_1574116046_Raw_0.png,test,test,3,ua_0029|Kneel|1574116046,229b008e37e4cd8c124568a9bab3dfa64f8e784492ec4890d4243ce4c54d96f1
tasks/known_people_unknown_freq/dataset/test/77GHz/Kneel/04100029_1574116064_Raw_0.png,77GHz,Kneel,2,ua_0029,04100029_1574116064_Raw_0.png,dataset/test/77GHz/Kneel/04100029_1574116064_Raw_0.png,test,test,3,ua_0029|Kneel|1574116064,4e6344747b6dc4916211fa7cb4806c0b8719e9901fcbee7e857617db2926407c
tasks/known_people_unknown_freq/dataset/test/77GHz/Kneel/04100029_1574116083_Raw_0.png,77GHz,Kneel,2,ua_0029,04100029_1574116083_Raw_0.png,dataset/test/77GHz/Kneel/04100029_1574116083_Raw_0.png,test,test,3,ua_0029|Kneel|1574116083,76985e2c97f50961aa0f5671faf32fdc4ba5cc8921d31d7d8d3376673edf62c4
tasks/known_people_unknown_freq/dataset/test/77GHz/Kneel/04100029_1574116122_Raw_0.png,77GHz,Kneel,2,ua_0029,04100029_1574116122_Raw_0.png,dataset/test/77GHz/Kneel/04100029_1574116122_Raw_0.png,test,test,3,ua_0029|Kneel|1574116122,8d7b29b387e701244dc5ddcda4311cbec107069245f14385a56aaa9d9c76262d
tasks/known_people_unknown_freq/dataset/test/77GHz/Kneel/04100029_1574116141_Raw_0.png,77GHz,Kneel,2,ua_0029,04100029_1574116141_Raw_0.png,dataset/test/77GHz/Kneel/04100029_1574116141_Raw_0.png,test,test,3,ua_0029|Kneel|1574116141,257b5eba50a97324bd32c95f410803067ac0378d00d91611506778fbb5f7657a
tasks/known_people_unknown_freq/dataset/test/77GHz/Kneel/04100029_1574628503_Raw_0.png,77GHz,Kneel,2,ua_0029,04100029_1574628503_Raw_0.png,dataset/test/77GHz/Kneel/04100029_1574628503_Raw_0.png,test,test,3,ua_0029|Kneel|1574628503,1d54a595928b45b0afd3864386a05b6df6235df3810ae482da925df8fc558aa6
tasks/known_people_unknown_freq/dataset/test/77GHz/Kneel/04100029_1574628541_Raw_0.png,77GHz,Kneel,2,ua_0029,04100029_1574628541_Raw_0.png,dataset/test/77GHz/Kneel/04100029_1574628541_Raw_0.png,test,test,3,ua_0029|Kneel|1574628541,508e75c4cb3b9bc2fb41f1c978072e727bcf77e172be8c6d9cc76e275ca97ad1
tasks/known_people_unknown_freq/dataset/test/77GHz/Kneel/04100029_1574628560_Raw_0.png,77GHz,Kneel,2,ua_0029,04100029_1574628560_Raw_0.png,dataset/test/77GHz/Kneel/04100029_1574628560_Raw_0.png,test,test,3,ua_0029|Kneel|1574628560,03994db49c3f29a9c012306f00b3addb6f92851b48f8f87d8faab9023329613a
tasks/known_people_unknown_freq/dataset/test/77GHz/Kneel/04100029_1574628579_Raw_0.png,77GHz,Kneel,2,ua_0029,04100029_1574628579_Raw_0.png,dataset/test/77GHz/Kneel/04100029_1574628579_Raw_0.png,test,test,3,ua_0029|Kneel|1574628579,1d0a7f8e6d0c3854b7c9b6c68662c3eec3b14431aed3aa2c618baa986d1f77fd
tasks/known_people_unknown_freq/dataset/test/77GHz/Kneel/04100029_1574628616_Raw_0.png,77GHz,Kneel,2,ua_0029,04100029_1574628616_Raw_0.png,dataset/test/77GHz/Kneel/04100029_1574628616_Raw_0.png,test,test,3,ua_0029|Kneel|1574628616,beede075d0d51feea8ea8fa3e1379e4b8e182bccd1161d98affea4412401cc6d
tasks/known_people_unknown_freq/dataset/test/77GHz/Kneel/04100029_1574628634_Raw_0.png,77GHz,Kneel,2,ua_0029,04100029_1574628634_Raw_0.png,dataset/test/77GHz/Kneel/04100029_1574628634_Raw_0.png,test,test,3,ua_0029|Kneel|1574628634,8740ca3bef81a24fc4f504cb6ddd3d58415d8d4261b7f8059751f872820ce941
tasks/known_people_unknown_freq/dataset/test/77GHz/Kneel/04100029_1574628652_Raw_0.png,77GHz,Kneel,2,ua_0029,04100029_1574628652_Raw_0.png,dataset/test/77GHz/Kneel/04100029_1574628652_Raw_0.png,test,test,3,ua_0029|Kneel|1574628652,89709e1c389091a953e130f9f6281092cc10ed268ca18f990deed19ab59ee089
tasks/known_people_unknown_freq/dataset/test/77GHz/Kneel/04100030_1574195462_Raw_0.png,77GHz,Kneel,2,ua_0030,04100030_1574195462_Raw_0.png,dataset/test/77GHz/Kneel/04100030_1574195462_Raw_0.png,test,test,3,ua_0030|Kneel|1574195462,3bbe142d56b86589398dbb61a915ccd51c909cfc5bbe20ab56c42a406ea58682
tasks/known_people_unknown_freq/dataset/test/77GHz/Kneel/04100030_1574195482_Raw_0.png,77GHz,Kneel,2,ua_0030,04100030_1574195482_Raw_0.png,dataset/test/77GHz/Kneel/04100030_1574195482_Raw_0.png,test,test,3,ua_0030|Kneel|1574195482,57f4b3f2c92d42520cc33db67512df409db27ea06fba9c1da29faa2e438dfe93
tasks/known_people_unknown_freq/dataset/test/77GHz/Kneel/04100030_1574195502_Raw_0.png,77GHz,Kneel,2,ua_0030,04100030_1574195502_Raw_0.png,dataset/test/77GHz/Kneel/04100030_1574195502_Raw_0.png,test,test,3,ua_0030|Kneel|1574195502,519e618b8efb60f331793d5950c613f7bd0a89641920b65339e6e9f19bc844df
tasks/known_people_unknown_freq/dataset/test/77GHz/Kneel/04100030_1574195520_Raw_0.png,77GHz,Kneel,2,ua_0030,04100030_1574195520_Raw_0.png,dataset/test/77GHz/Kneel/04100030_1574195520_Raw_0.png,test,test,3,ua_0030|Kneel|1574195520,67a60394342ed7c0c26d98bfdeb44fcd3e14a506a1584be959905608656f5c94
tasks/known_people_unknown_freq/dataset/test/77GHz/Kneel/04100030_1574195539_Raw_0.png,77GHz,Kneel,2,ua_0030,04100030_1574195539_Raw_0.png,dataset/test/77GHz/Kneel/04100030_1574195539_Raw_0.png,test,test,3,ua_0030|Kneel|1574195539,fc118808efb3a2a0775d29317e6674e84e7957d9761e40cf26e9f285c44b419a
tasks/known_people_unknown_freq/dataset/test/77GHz/Kneel/04100030_1574195557_Raw_0.png,77GHz,Kneel,2,ua_0030,04100030_1574195557_Raw_0.png,dataset/test/77GHz/Kneel/04100030_1574195557_Raw_0.png,test,test,3,ua_0030|Kneel|1574195557,447b48088b2b4682bce28979482b123cdfcfd511a640941caeb3219e76e1fe77
tasks/known_people_unknown_freq/dataset/test/77GHz/Kneel/04100030_1574195802_Raw_0.png,77GHz,Kneel,2,ua_0030,04100030_1574195802_Raw_0.png,dataset/test/77GHz/Kneel/04100030_1574195802_Raw_0.png,test,test,3,ua_0030|Kneel|1574195802,726bfcb73599fda406a87cbc9f10ea93b87b7c9e7e44058ae61238674f511dc7
tasks/known_people_unknown_freq/dataset/test/77GHz/Kneel/04100030_1574458850_Raw_0.png,77GHz,Kneel,2,ua_0030,04100030_1574458850_Raw_0.png,dataset/test/77GHz/Kneel/04100030_1574458850_Raw_0.png,test,test,3,ua_0030|Kneel|1574458850,ca433ab911e70e66a013d520c596a25a72525c8b1902731e370572d1ea83cc47
tasks/known_people_unknown_freq/dataset/test/77GHz/Kneel/04100030_1574458866_Raw_0.png,77GHz,Kneel,2,ua_0030,04100030_1574458866_Raw_0.png,dataset/test/77GHz/Kneel/04100030_1574458866_Raw_0.png,test,test,3,ua_0030|Kneel|1574458866,4fa1927dbc135cf62c8d3abb310214679765c95a06a14d695247c7fc31bedda3
tasks/known_people_unknown_freq/dataset/test/77GHz/Kneel/04100030_1574458884_Raw_0.png,77GHz,Kneel,2,ua_0030,04100030_1574458884_Raw_0.png,dataset/test/77GHz/Kneel/04100030_1574458884_Raw_0.png,test,test,3,ua_0030|Kneel|1574458884,0c3c6eebbf4f552e171c111d4ecb38a640447215a8244a3e9c7479c1a30e8d3b
tasks/known_people_unknown_freq/dataset/test/77GHz/Kneel/04100030_1574458902_Raw_0.png,77GHz,Kneel,2,ua_0030,04100030_1574458902_Raw_0.png,dataset/test/77GHz/Kneel/04100030_1574458902_Raw_0.png,test,test,3,ua_0030|Kneel|1574458902,f8851095c5a30ddf2f5647547ff91885b9a325c25ba7c1784262cf96cc758053
tasks/known_people_unknown_freq/dataset/test/77GHz/Kneel/04100030_1574458920_Raw_0.png,77GHz,Kneel,2,ua_0030,04100030_1574458920_Raw_0.png,dataset/test/77GHz/Kneel/04100030_1574458920_Raw_0.png,test,test,3,ua_0030|Kneel|1574458920,43fe6df479a629732537d9b65ee0e59b2ddf08ce603865ea7746386730658eac
tasks/known_people_unknown_freq/dataset/test/77GHz/Kneel/04100030_1574458938_Raw_0.png,77GHz,Kneel,2,ua_0030,04100030_1574458938_Raw_0.png,dataset/test/77GHz/Kneel/04100030_1574458938_Raw_0.png,test,test,3,ua_0030|Kneel|1574458938,8be5f6fcfd02e76e290b2c9507c833013777b772b9c0bfcea65566aeaad33193
tasks/known_people_unknown_freq/dataset/test/77GHz/Kneel/04100030_1574458956_Raw_0.png,77GHz,Kneel,2,ua_0030,04100030_1574458956_Raw_0.png,dataset/test/77GHz/Kneel/04100030_1574458956_Raw_0.png,test,test,3,ua_0030|Kneel|1574458956,1cf8a0ab49e02e0639f672f6ff9b00d1ae124c6d8fd3a6496840a22311b7f5ae
tasks/known_people_unknown_freq/dataset/test/77GHz/Kneel/04100030_1574458991_Raw_0.png,77GHz,Kneel,2,ua_0030,04100030_1574458991_Raw_0.png,dataset/test/77GHz/Kneel/04100030_1574458991_Raw_0.png,test,test,3,ua_0030|Kneel|1574458991,9836627ba818d1c25f614e635fdb4a2c929746e88ac2017511682cefe33553d6
tasks/known_people_unknown_freq/dataset/test/77GHz/Kneel/04100030_1574459016_Raw_0.png,77GHz,Kneel,2,ua_0030,04100030_1574459016_Raw_0.png,dataset/test/77GHz/Kneel/04100030_1574459016_Raw_0.png,test,test,3,ua_0030|Kneel|1574459016,7791dfeb568832dcb54a8e03a7c249a2f446f5d0c88a12deea4533d4ab06ec63
tasks/known_people_unknown_freq/dataset/test/77GHz/Pick/04070010_1573837435_Raw_0.png,77GHz,Pick,3,ua_0010,04070010_1573837435_Raw_0.png,dataset/test/77GHz/Pick/04070010_1573837435_Raw_0.png,test,test,5,ua_0010|Pick|1573837435,7568276ed45c08e8e444a990fb6239307b3cf3f0aa7586cbb3577834a4b20d64
tasks/known_people_unknown_freq/dataset/test/77GHz/Pick/04070010_1573837456_Raw_0.png,77GHz,Pick,3,ua_0010,04070010_1573837456_Raw_0.png,dataset/test/77GHz/Pick/04070010_1573837456_Raw_0.png,test,test,5,ua_0010|Pick|1573837456,ffe6ab4ab6db1be61c5b7a8971fca22c1e3ed24819de7f8190deca61d18464fc
tasks/known_people_unknown_freq/dataset/test/77GHz/Pick/04070010_1573837478_Raw_0.png,77GHz,Pick,3,ua_0010,04070010_1573837478_Raw_0.png,dataset/test/77GHz/Pick/04070010_1573837478_Raw_0.png,test,test,5,ua_0010|Pick|1573837478,61f0c7e2d94bc68ef726737dbc038421b5b205c21c50638a5d4475c22fe23337
tasks/known_people_unknown_freq/dataset/test/77GHz/Pick/04070010_1573837502_Raw_0.png,77GHz,Pick,3,ua_0010,04070010_1573837502_Raw_0.png,dataset/test/77GHz/Pick/04070010_1573837502_Raw_0.png,test,test,5,ua_0010|Pick|1573837502,132b263d41e3f0bfc84d6dbbc183ef0b29d03f741cc34b172199d7dd9bbac0e4
tasks/known_people_unknown_freq/dataset/test/77GHz/Pick/04070010_1573837550_Raw_0.png,77GHz,Pick,3,ua_0010,04070010_1573837550_Raw_0.png,dataset/test/77GHz/Pick/04070010_1573837550_Raw_0.png,test,test,5,ua_0010|Pick|1573837550,c9359108c4e03a8227cbf67daa50e167739467cebfc94a498cf1970c07269597
tasks/known_people_unknown_freq/dataset/test/77GHz/Pick/04070010_1573837573_Raw_0.png,77GHz,Pick,3,ua_0010,04070010_1573837573_Raw_0.png,dataset/test/77GHz/Pick/04070010_1573837573_Raw_0.png,test,test,5,ua_0010|Pick|1573837573,d2b3a8098901c1e2759a2bd95202faf3c92c0746e45e2be97917e4d905b6d46d
tasks/known_people_unknown_freq/dataset/test/77GHz/Pick/04070010_1573837593_Raw_0.png,77GHz,Pick,3,ua_0010,04070010_1573837593_Raw_0.png,dataset/test/77GHz/Pick/04070010_1573837593_Raw_0.png,test,test,5,ua_0010|Pick|1573837593,23124231c1ed388e85bf9ef8e83678fce6abb673c8a894d544cce20e5d96b516
tasks/known_people_unknown_freq/dataset/test/77GHz/Pick/04070010_1573837622_Raw_0.png,77GHz,Pick,3,ua_0010,04070010_1573837622_Raw_0.png,dataset/test/77GHz/Pick/04070010_1573837622_Raw_0.png,test,test,5,ua_0010|Pick|1573837622,a1e6f7dda26b7c63efab78b819c275a6c5582c1855f459f34189bf361390f2a6
tasks/known_people_unknown_freq/dataset/test/77GHz/Pick/04070014_1574696560_Raw_0.png,77GHz,Pick,3,ua_0014,04070014_1574696560_Raw_0.png,dataset/test/77GHz/Pick/04070014_1574696560_Raw_0.png,test,test,5,ua_0014|Pick|1574696560,ec2235c28ab1f77e2a95f8e373718a74951d9cfe263b59092f107bfa3f0b494d
tasks/known_people_unknown_freq/dataset/test/77GHz/Pick/04070014_1574696589_Raw_0.png,77GHz,Pick,3,ua_0014,04070014_1574696589_Raw_0.png,dataset/test/77GHz/Pick/04070014_1574696589_Raw_0.png,test,test,5,ua_0014|Pick|1574696589,3f3e8bcd761d31a5768a7e18dbfb025074963c005c991f3ea0d7b46eba17175b
tasks/known_people_unknown_freq/dataset/test/77GHz/Pick/04070014_1574696618_Raw_0.png,77GHz,Pick,3,ua_0014,04070014_1574696618_Raw_0.png,dataset/test/77GHz/Pick/04070014_1574696618_Raw_0.png,test,test,5,ua_0014|Pick|1574696618,abd83ccf026768b907c633106992cd67c100c1cd9bc20d68f5f02a2a32dac8f0
tasks/known_people_unknown_freq/dataset/test/77GHz/Pick/04070014_1574696638_Raw_0.png,77GHz,Pick,3,ua_0014,04070014_1574696638_Raw_0.png,dataset/test/77GHz/Pick/04070014_1574696638_Raw_0.png,test,test,5,ua_0014|Pick|1574696638,b47002f5487feaf647d164db1bc17a83ed218f275983097d3c7e76b908de12b5
tasks/known_people_unknown_freq/dataset/test/77GHz/Pick/04070014_1574696688_Raw_0.png,77GHz,Pick,3,ua_0014,04070014_1574696688_Raw_0.png,dataset/test/77GHz/Pick/04070014_1574696688_Raw_0.png,test,test,5,ua_0014|Pick|1574696688,d59ab15eadda9476effee82d752146fa4a32b7e53c1f4d818da010452bc2908f
tasks/known_people_unknown_freq/dataset/test/77GHz/Pick/04070014_1574696706_Raw_0.png,77GHz,Pick,3,ua_0014,04070014_1574696706_Raw_0.png,dataset/test/77GHz/Pick/04070014_1574696706_Raw_0.png,test,test,5,ua_0014|Pick|1574696706,c5ef59869a21e25c046136b74d9f24f0ea2db5e5d811d88620b0d800eaede36e
tasks/known_people_unknown_freq/dataset/test/77GHz/Pick/04070014_1574696727_Raw_0.png,77GHz,Pick,3,ua_0014,04070014_1574696727_Raw_0.png,dataset/test/77GHz/Pick/04070014_1574696727_Raw_0.png,test,test,5,ua_0014|Pick|1574696727,b04c9d41a6ada1d26eea4208e29ef52b4d888955b935df71a38888c7114194d4
tasks/known_people_unknown_freq/dataset/test/77GHz/Pick/04070029_1574115138_Raw_0.png,77GHz,Pick,3,ua_0029,04070029_1574115138_Raw_0.png,dataset/test/77GHz/Pick/04070029_1574115138_Raw_0.png,test,test,5,ua_0029|Pick|1574115138,4c1b2f97aa8ad98a5f33c29fe8beeb1275f0713e331e83673ce95ca1be8ebb79
tasks/known_people_unknown_freq/dataset/test/77GHz/Pick/04070029_1574115158_Raw_0.png,77GHz,Pick,3,ua_0029,04070029_1574115158_Raw_0.png,dataset/test/77GHz/Pick/04070029_1574115158_Raw_0.png,test,test,5,ua_0029|Pick|1574115158,b7df5d6ce412acc7773a93a5f096c1a51d17efd18c0f44044c45326fc81c44de
tasks/known_people_unknown_freq/dataset/test/77GHz/Pick/04070029_1574115178_Raw_0.png,77GHz,Pick,3,ua_0029,04070029_1574115178_Raw_0.png,dataset/test/77GHz/Pick/04070029_1574115178_Raw_0.png,test,test,5,ua_0029|Pick|1574115178,ef521dda3074a156e6cc9a5c1b8be403c2862b61a37d014eb9192c0afc29d3b4
tasks/known_people_unknown_freq/dataset/test/77GHz/Pick/04070029_1574115220_Raw_0.png,77GHz,Pick,3,ua_0029,04070029_1574115220_Raw_0.png,dataset/test/77GHz/Pick/04070029_1574115220_Raw_0.png,test,test,5,ua_0029|Pick|1574115220,c8d29fa139ae860d2b4c67d7eddf9bef3c31a5fefe0ff614be333c20fdb5f73d
tasks/known_people_unknown_freq/dataset/test/77GHz/Pick/04070029_1574115263_Raw_0.png,77GHz,Pick,3,ua_0029,04070029_1574115263_Raw_0.png,dataset/test/77GHz/Pick/04070029_1574115263_Raw_0.png,test,test,5,ua_0029|Pick|1574115263,87360ec81879799936d56e7e7d8f35aecde5f27b866d53e74c8d5c0ca018a29f
tasks/known_people_unknown_freq/dataset/test/77GHz/Pick/04070029_1574115281_Raw_0.png,77GHz,Pick,3,ua_0029,04070029_1574115281_Raw_0.png,dataset/test/77GHz/Pick/04070029_1574115281_Raw_0.png,test,test,5,ua_0029|Pick|1574115281,e4cdd41defca58304c2a1fd7b1b9e7c216eecf536a15b83d626160a2ab58cd61
tasks/known_people_unknown_freq/dataset/test/77GHz/Pick/04070029_1574115300_Raw_0.png,77GHz,Pick,3,ua_0029,04070029_1574115300_Raw_0.png,dataset/test/77GHz/Pick/04070029_1574115300_Raw_0.png,test,test,5,ua_0029|Pick|1574115300,8cfe55067aca4e54f4d732a79f3d1b79b77b0eab18879edcc9e3f0033cb8293e
tasks/known_people_unknown_freq/dataset/test/77GHz/Pick/04070029_1574115399_Raw_0.png,77GHz,Pick,3,ua_0029,04070029_1574115399_Raw_0.png,dataset/test/77GHz/Pick/04070029_1574115399_Raw_0.png,test,test,5,ua_0029|Pick|1574115399,525a4edd0f64edfc4783c8c11097adfe3ac367cce41a229fa4ff09dd9fc7caaf
tasks/known_people_unknown_freq/dataset/test/77GHz/Pick/04070029_1574627323_Raw_0.png,77GHz,Pick,3,ua_0029,04070029_1574627323_Raw_0.png,dataset/test/77GHz/Pick/04070029_1574627323_Raw_0.png,test,test,5,ua_0029|Pick|1574627323,e4ca30950ea59974f2001c9a920ad78390409af383314dce7e9faf715240688a
tasks/known_people_unknown_freq/dataset/test/77GHz/Pick/04070029_1574627347_Raw_0.png,77GHz,Pick,3,ua_0029,04070029_1574627347_Raw_0.png,dataset/test/77GHz/Pick/04070029_1574627347_Raw_0.png,test,test,5,ua_0029|Pick|1574627347,65a6f03ba9ef1f2989cb8dee96ce04ba31a775984fa86887cef337a971fc4ee7
tasks/known_people_unknown_freq/dataset/test/77GHz/Pick/04070029_1574627368_Raw_0.png,77GHz,Pick,3,ua_0029,04070029_1574627368_Raw_0.png,dataset/test/77GHz/Pick/04070029_1574627368_Raw_0.png,test,test,5,ua_0029|Pick|1574627368,eb54aace41f997573c1cf1ae4f7603b817b546f10c9ea7d2ab9ca9550c24629f
tasks/known_people_unknown_freq/dataset/test/77GHz/Pick/04070029_1574627388_Raw_0.png,77GHz,Pick,3,ua_0029,04070029_1574627388_Raw_0.png,dataset/test/77GHz/Pick/04070029_1574627388_Raw_0.png,test,test,5,ua_0029|Pick|1574627388,befe79dffb174a431eec4b75e10915fc7db30f9161dddaaf2000e8b69b41b4b8
tasks/known_people_unknown_freq/dataset/test/77GHz/Pick/04070029_1574627654_Raw_0.png,77GHz,Pick,3,ua_0029,04070029_1574627654_Raw_0.png,dataset/test/77GHz/Pick/04070029_1574627654_Raw_0.png,test,test,5,ua_0029|Pick|1574627654,7747b39b5de318dac899bd0091320ccdf4a74341cbbb4253adc8d99e767ff3af
tasks/known_people_unknown_freq/dataset/test/77GHz/Pick/04070029_1574627704_Raw_0.png,77GHz,Pick,3,ua_0029,04070029_1574627704_Raw_0.png,dataset/test/77GHz/Pick/04070029_1574627704_Raw_0.png,test,test,5,ua_0029|Pick|1574627704,9f5d79a69b3ee1c7176bf257da6d822b328d5e1161d8e55a99ca501acce8ff4b
tasks/known_people_unknown_freq/dataset/test/77GHz/Pick/04070029_1574627723_Raw_0.png,77GHz,Pick,3,ua_0029,04070029_1574627723_Raw_0.png,dataset/test/77GHz/Pick/04070029_1574627723_Raw_0.png,test,test,5,ua_0029|Pick|1574627723,a1352c3322dfdcdb3dd6f57cb2b6d1151f6af331c0bd7a803c6ffc5398e998db
tasks/known_people_unknown_freq/dataset/test/77GHz/Pick/04070029_1574627743_Raw_0.png,77GHz,Pick,3,ua_0029,04070029_1574627743_Raw_0.png,dataset/test/77GHz/Pick/04070029_1574627743_Raw_0.png,test,test,5,ua_0029|Pick|1574627743,be5a07f035c496bb54316b56239b956b87537140eb1df322a3e5929f3a5f0aba
tasks/known_people_unknown_freq/dataset/test/77GHz/Pick/04070030_1574194424_Raw_0.png,77GHz,Pick,3,ua_0030,04070030_1574194424_Raw_0.png,dataset/test/77GHz/Pick/04070030_1574194424_Raw_0.png,test,test,5,ua_0030|Pick|1574194424,77cbbf304b775fefe3a8bcfd86d1cb7f311f558fa9015416cccef7f754b66653
tasks/known_people_unknown_freq/dataset/test/77GHz/Pick/04070030_1574194468_Raw_0.png,77GHz,Pick,3,ua_0030,04070030_1574194468_Raw_0.png,dataset/test/77GHz/Pick/04070030_1574194468_Raw_0.png,test,test,5,ua_0030|Pick|1574194468,c2826206fda381ce407221e6db7b62a74bbd8cb9810d5647daf666a4f12b2e3b
tasks/known_people_unknown_freq/dataset/test/77GHz/Pick/04070030_1574194488_Raw_0.png,77GHz,Pick,3,ua_0030,04070030_1574194488_Raw_0.png,dataset/test/77GHz/Pick/04070030_1574194488_Raw_0.png,test,test,5,ua_0030|Pick|1574194488,a1d63c33cc58313321e5e734309d3bb7337eb35ab351f344f0529df6cf41b801
tasks/known_people_unknown_freq/dataset/test/77GHz/Pick/04070030_1574194508_Raw_0.png,77GHz,Pick,3,ua_0030,04070030_1574194508_Raw_0.png,dataset/test/77GHz/Pick/04070030_1574194508_Raw_0.png,test,test,5,ua_0030|Pick|1574194508,1b26681f51a787b81482a72a1bac1f1aa0983b9e737ef01ebb8e0ce81036a155
tasks/known_people_unknown_freq/dataset/test/77GHz/Pick/04070030_1574194528_Raw_0.png,77GHz,Pick,3,ua_0030,04070030_1574194528_Raw_0.png,dataset/test/77GHz/Pick/04070030_1574194528_Raw_0.png,test,test,5,ua_0030|Pick|1574194528,60c68f8a902657953e365f0c4b4c0cd192a78c7fddd582be952fd966e412b3bd
tasks/known_people_unknown_freq/dataset/test/77GHz/Pick/04070030_1574194547_Raw_0.png,77GHz,Pick,3,ua_0030,04070030_1574194547_Raw_0.png,dataset/test/77GHz/Pick/04070030_1574194547_Raw_0.png,test,test,5,ua_0030|Pick|1574194547,f2ded820a3177d0ffe22ae37a3f08ebfa2760497db1c6a25e2a2b3611d0ba0b7
tasks/known_people_unknown_freq/dataset/test/77GHz/Pick/04070030_1574457169_Raw_0.png,77GHz,Pick,3,ua_0030,04070030_1574457169_Raw_0.png,dataset/test/77GHz/Pick/04070030_1574457169_Raw_0.png,test,test,5,ua_0030|Pick|1574457169,24899fa45eec90efef1efafa421842353fbb06a0bda95e69a54d169fec9b7fd7
tasks/known_people_unknown_freq/dataset/test/77GHz/Pick/04070030_1574457190_Raw_0.png,77GHz,Pick,3,ua_0030,04070030_1574457190_Raw_0.png,dataset/test/77GHz/Pick/04070030_1574457190_Raw_0.png,test,test,5,ua_0030|Pick|1574457190,b9b0ed8d5ea58ffb1c28f0cdf63f2f4fdda6937d40c791dc6076dff16122be54
tasks/known_people_unknown_freq/dataset/test/77GHz/Pick/04070030_1574457212_Raw_0.png,77GHz,Pick,3,ua_0030,04070030_1574457212_Raw_0.png,dataset/test/77GHz/Pick/04070030_1574457212_Raw_0.png,test,test,5,ua_0030|Pick|1574457212,fd89a6b60ab435187c6fc6c06058dbf1b7ecdc9123173bdba39ef7d3b268aa76
tasks/known_people_unknown_freq/dataset/test/77GHz/Pick/04070030_1574457231_Raw_0.png,77GHz,Pick,3,ua_0030,04070030_1574457231_Raw_0.png,dataset/test/77GHz/Pick/04070030_1574457231_Raw_0.png,test,test,5,ua_0030|Pick|1574457231,c068ef1b9e890dda3e79391577b26be32026550f89a6182449151450d1a83290
tasks/known_people_unknown_freq/dataset/test/77GHz/Pick/04070030_1574457253_Raw_0.png,77GHz,Pick,3,ua_0030,04070030_1574457253_Raw_0.png,dataset/test/77GHz/Pick/04070030_1574457253_Raw_0.png,test,test,5,ua_0030|Pick|1574457253,63a64afdfcb84ee8b41cd98434de28f158730a6d9b2d8e1a4377f764cbc0343c
tasks/known_people_unknown_freq/dataset/test/77GHz/Pick/04070030_1574457274_Raw_0.png,77GHz,Pick,3,ua_0030,04070030_1574457274_Raw_0.png,dataset/test/77GHz/Pick/04070030_1574457274_Raw_0.png,test,test,5,ua_0030|Pick|1574457274,88bd7946e7e24e8a6849cfc93538d62da4890e109d856d4dc51bc3329ae70c27
tasks/known_people_unknown_freq/dataset/test/77GHz/Pick/04070030_1574457335_Raw_0.png,77GHz,Pick,3,ua_0030,04070030_1574457335_Raw_0.png,dataset/test/77GHz/Pick/04070030_1574457335_Raw_0.png,test,test,5,ua_0030|Pick|1574457335,58e8697064b53084ed38278a8ca5eab5a5e8768d538ca482a8d22b1369c2e519
tasks/known_people_unknown_freq/dataset/test/77GHz/Pick/04070030_1574457946_Raw_0.png,77GHz,Pick,3,ua_0030,04070030_1574457946_Raw_0.png,dataset/test/77GHz/Pick/04070030_1574457946_Raw_0.png,test,test,5,ua_0030|Pick|1574457946,b7cef3bd8f27ed3577e1eadaad67964c30b0d13a382cd6d7abde88785ed90e63
tasks/known_people_unknown_freq/dataset/test/77GHz/SStep/04180010_1573840267_Raw_0.png,77GHz,SStep,4,ua_0010,04180010_1573840267_Raw_0.png,dataset/test/77GHz/SStep/04180010_1573840267_Raw_0.png,test,test,6,ua_0010|SStep|1573840267,146519a1ea334e5ccfa233f7b7f2cdc1bf8b08bc0d101cb6fb5ce02e17aff488
tasks/known_people_unknown_freq/dataset/test/77GHz/SStep/04180010_1573840288_Raw_0.png,77GHz,SStep,4,ua_0010,04180010_1573840288_Raw_0.png,dataset/test/77GHz/SStep/04180010_1573840288_Raw_0.png,test,test,6,ua_0010|SStep|1573840288,b7f395ea2db671e19d565ac6083aa03ee2cd10fc3dd13fa3abfb5157d1a7d40e
tasks/known_people_unknown_freq/dataset/test/77GHz/SStep/04180010_1573840335_Raw_0.png,77GHz,SStep,4,ua_0010,04180010_1573840335_Raw_0.png,dataset/test/77GHz/SStep/04180010_1573840335_Raw_0.png,test,test,6,ua_0010|SStep|1573840335,41ca7ed049e3942e6f323da33a47cb2c1de48535ca68852814539b9908856a83
tasks/known_people_unknown_freq/dataset/test/77GHz/SStep/04180010_1573840358_Raw_0.png,77GHz,SStep,4,ua_0010,04180010_1573840358_Raw_0.png,dataset/test/77GHz/SStep/04180010_1573840358_Raw_0.png,test,test,6,ua_0010|SStep|1573840358,71b532812bd120e1c6f343103bb8b326ed807eee57ef89904a82bc9f2315c854
tasks/known_people_unknown_freq/dataset/test/77GHz/SStep/04180010_1573840377_Raw_0.png,77GHz,SStep,4,ua_0010,04180010_1573840377_Raw_0.png,dataset/test/77GHz/SStep/04180010_1573840377_Raw_0.png,test,test,6,ua_0010|SStep|1573840377,9372eb844020f5abfcf8f52701c0f5e042d65a271d3f7df615875645d50194c7
tasks/known_people_unknown_freq/dataset/test/77GHz/SStep/04180010_1573840396_Raw_0.png,77GHz,SStep,4,ua_0010,04180010_1573840396_Raw_0.png,dataset/test/77GHz/SStep/04180010_1573840396_Raw_0.png,test,test,6,ua_0010|SStep|1573840396,ef29edb639c81f49367943ed5d4741e76e074e83b134ae1ce242caf911680cc2
tasks/known_people_unknown_freq/dataset/test/77GHz/SStep/04180010_1573840458_Raw_0.png,77GHz,SStep,4,ua_0010,04180010_1573840458_Raw_0.png,dataset/test/77GHz/SStep/04180010_1573840458_Raw_0.png,test,test,6,ua_0010|SStep|1573840458,f1e593bf5edfad18cedfe96074f7d428d749c09493ea1c3d22253340b0bd7964
tasks/known_people_unknown_freq/dataset/test/77GHz/SStep/04180010_1573840477_Raw_0.png,77GHz,SStep,4,ua_0010,04180010_1573840477_Raw_0.png,dataset/test/77GHz/SStep/04180010_1573840477_Raw_0.png,test,test,6,ua_0010|SStep|1573840477,956f0c9eeced5631088b4b19aa0269973ff3e44c6335bcdbd34dd33c77c9e447
tasks/known_people_unknown_freq/dataset/test/77GHz/SStep/04180014_1574699070_Raw_0.png,77GHz,SStep,4,ua_0014,04180014_1574699070_Raw_0.png,dataset/test/77GHz/SStep/04180014_1574699070_Raw_0.png,test,test,6,ua_0014|SStep|1574699070,ea7bd63e0f5d6fa13ca453f9cb5949d04e0aea05317c67169257ecbb927733dc
tasks/known_people_unknown_freq/dataset/test/77GHz/SStep/04180014_1574699108_Raw_0.png,77GHz,SStep,4,ua_0014,04180014_1574699108_Raw_0.png,dataset/test/77GHz/SStep/04180014_1574699108_Raw_0.png,test,test,6,ua_0014|SStep|1574699108,30b3fa5d2b63d78aafba60b7574498a02486a45ca78c697e48e10429a691d2e5
tasks/known_people_unknown_freq/dataset/test/77GHz/SStep/04180014_1574699126_Raw_0.png,77GHz,SStep,4,ua_0014,04180014_1574699126_Raw_0.png,dataset/test/77GHz/SStep/04180014_1574699126_Raw_0.png,test,test,6,ua_0014|SStep|1574699126,082ab9ebdf00c1787c728e8a8f9a71690c12d1d261d99ab858042637493a5344
tasks/known_people_unknown_freq/dataset/test/77GHz/SStep/04180014_1574699146_Raw_0.png,77GHz,SStep,4,ua_0014,04180014_1574699146_Raw_0.png,dataset/test/77GHz/SStep/04180014_1574699146_Raw_0.png,test,test,6,ua_0014|SStep|1574699146,3a55d34d3b496ca06c7b4f3343795fea1a66b472d37e98db5fa253a7db45db6e
tasks/known_people_unknown_freq/dataset/test/77GHz/SStep/04180014_1574699191_Raw_0.png,77GHz,SStep,4,ua_0014,04180014_1574699191_Raw_0.png,dataset/test/77GHz/SStep/04180014_1574699191_Raw_0.png,test,test,6,ua_0014|SStep|1574699191,35756782fc48bd10c3dc7bd74f7ee22f039c657cf1ccff6c593ec40fe05bcfbe
tasks/known_people_unknown_freq/dataset/test/77GHz/SStep/04180014_1574699211_Raw_0.png,77GHz,SStep,4,ua_0014,04180014_1574699211_Raw_0.png,dataset/test/77GHz/SStep/04180014_1574699211_Raw_0.png,test,test,6,ua_0014|SStep|1574699211,b5352bf0f8202e71b35fe60420cd269876ebdfe7e23da5f4daedb401e736019b
tasks/known_people_unknown_freq/dataset/test/77GHz/SStep/04180014_1574699251_Raw_0.png,77GHz,SStep,4,ua_0014,04180014_1574699251_Raw_0.png,dataset/test/77GHz/SStep/04180014_1574699251_Raw_0.png,test,test,6,ua_0014|SStep|1574699251,588023f9ec97b162e4378eec52e66ffdcf15cdd74686203c986069642f4df37f
tasks/known_people_unknown_freq/dataset/test/77GHz/SStep/04180029_1574117498_Raw_0.png,77GHz,SStep,4,ua_0029,04180029_1574117498_Raw_0.png,dataset/test/77GHz/SStep/04180029_1574117498_Raw_0.png,test,test,6,ua_0029|SStep|1574117498,a62bf5f2b80e784ce3ab72d70b593efdec65675645a8193195c4e7ad11d353fd
tasks/known_people_unknown_freq/dataset/test/77GHz/SStep/04180029_1574117518_Raw_0.png,77GHz,SStep,4,ua_0029,04180029_1574117518_Raw_0.png,dataset/test/77GHz/SStep/04180029_1574117518_Raw_0.png,test,test,6,ua_0029|SStep|1574117518,3bb5f01136dccb5e15eb80eb4aa07621303fcc5487a4e006b7c0ef10378c5616
tasks/known_people_unknown_freq/dataset/test/77GHz/SStep/04180029_1574117555_Raw_0.png,77GHz,SStep,4,ua_0029,04180029_1574117555_Raw_0.png,dataset/test/77GHz/SStep/04180029_1574117555_Raw_0.png,test,test,6,ua_0029|SStep|1574117555,672bcf95d5d27055f35b2987af35da2e3b74a5165b3bbe64d7999015323d9e18
tasks/known_people_unknown_freq/dataset/test/77GHz/SStep/04180029_1574117573_Raw_0.png,77GHz,SStep,4,ua_0029,04180029_1574117573_Raw_0.png,dataset/test/77GHz/SStep/04180029_1574117573_Raw_0.png,test,test,6,ua_0029|SStep|1574117573,6bac2031326ef814d958d7864fdbfa2ce131ddf250a0fbd23582f93dfa609697
tasks/known_people_unknown_freq/dataset/test/77GHz/SStep/04180029_1574117591_Raw_0.png,77GHz,SStep,4,ua_0029,04180029_1574117591_Raw_0.png,dataset/test/77GHz/SStep/04180029_1574117591_Raw_0.png,test,test,6,ua_0029|SStep|1574117591,8b06fffcc348e127abeab4f9d84df45121c47268828d4b9c0022c915ee0b3e52
tasks/known_people_unknown_freq/dataset/test/77GHz/SStep/04180029_1574117609_Raw_0.png,77GHz,SStep,4,ua_0029,04180029_1574117609_Raw_0.png,dataset/test/77GHz/SStep/04180029_1574117609_Raw_0.png,test,test,6,ua_0029|SStep|1574117609,1491a3f6436f969cecd9108e919162cfb80037c470a430fa53c3dc20e2231deb
tasks/known_people_unknown_freq/dataset/test/77GHz/SStep/04180029_1574117627_Raw_0.png,77GHz,SStep,4,ua_0029,04180029_1574117627_Raw_0.png,dataset/test/77GHz/SStep/04180029_1574117627_Raw_0.png,test,test,6,ua_0029|SStep|1574117627,95071b0166977b0928c777d8aff6e25e7ea0cee098a492f1d6a431690d7a7257
tasks/known_people_unknown_freq/dataset/test/77GHz/SStep/04180029_1574117647_Raw_0.png,77GHz,SStep,4,ua_0029,04180029_1574117647_Raw_0.png,dataset/test/77GHz/SStep/04180029_1574117647_Raw_0.png,test,test,6,ua_0029|SStep|1574117647,53a9792e1d95a1dd81a2a38ca84d5ee093b6da7eb7a29770a366d877b893184d
tasks/known_people_unknown_freq/dataset/test/77GHz/SStep/04180029_1574117666_Raw_0.png,77GHz,SStep,4,ua_0029,04180029_1574117666_Raw_0.png,dataset/test/77GHz/SStep/04180029_1574117666_Raw_0.png,test,test,6,ua_0029|SStep|1574117666,1df48a5549fdba797ad9d3e64e0ad22d706826dc76d17fa540c7f2d228c5e615
tasks/known_people_unknown_freq/dataset/test/77GHz/SStep/04180029_1574629378_Raw_0.png,77GHz,SStep,4,ua_0029,04180029_1574629378_Raw_0.png,dataset/test/77GHz/SStep/04180029_1574629378_Raw_0.png,test,test,6,ua_0029|SStep|1574629378,363fe270b317c641b5d05c7e68f8dc328162d946ee8473883af8c9998da804c8
tasks/known_people_unknown_freq/dataset/test/77GHz/SStep/04180029_1574629397_Raw_0.png,77GHz,SStep,4,ua_0029,04180029_1574629397_Raw_0.png,dataset/test/77GHz/SStep/04180029_1574629397_Raw_0.png,test,test,6,ua_0029|SStep|1574629397,ed43b7550a9d1cdaeb60c6ce312c0bfb74bf5938a7063d366b56f33428b474e6
tasks/known_people_unknown_freq/dataset/test/77GHz/SStep/04180029_1574629415_Raw_0.png,77GHz,SStep,4,ua_0029,04180029_1574629415_Raw_0.png,dataset/test/77GHz/SStep/04180029_1574629415_Raw_0.png,test,test,6,ua_0029|SStep|1574629415,dd47d901817ef200d70c68ad72745660d74837e26d77aefccd973cae63239275
tasks/known_people_unknown_freq/dataset/test/77GHz/SStep/04180029_1574629474_Raw_0.png,77GHz,SStep,4,ua_0029,04180029_1574629474_Raw_0.png,dataset/test/77GHz/SStep/04180029_1574629474_Raw_0.png,test,test,6,ua_0029|SStep|1574629474,6983c246b6655e424d3add59621b634146056fe1bd6c46fa06f30f42d7f2c8a9
tasks/known_people_unknown_freq/dataset/test/77GHz/SStep/04180029_1574629512_Raw_0.png,77GHz,SStep,4,ua_0029,04180029_1574629512_Raw_0.png,dataset/test/77GHz/SStep/04180029_1574629512_Raw_0.png,test,test,6,ua_0029|SStep|1574629512,c17eb420128d5e36aea58ed79301cc56966004508552638e00375db3479539b4
tasks/known_people_unknown_freq/dataset/test/77GHz/SStep/04180029_1574629533_Raw_0.png,77GHz,SStep,4,ua_0029,04180029_1574629533_Raw_0.png,dataset/test/77GHz/SStep/04180029_1574629533_Raw_0.png,test,test,6,ua_0029|SStep|1574629533,e1b033083cc13b47080e1a78a16051b40db023f3f145b3434fb2091658841a98
tasks/known_people_unknown_freq/dataset/test/77GHz/SStep/04180029_1574629552_Raw_0.png,77GHz,SStep,4,ua_0029,04180029_1574629552_Raw_0.png,dataset/test/77GHz/SStep/04180029_1574629552_Raw_0.png,test,test,6,ua_0029|SStep|1574629552,4ac95a25e0186367b1c842d45c38a95b9e82611e5d44e10028800a943a8eedd1
tasks/known_people_unknown_freq/dataset/test/77GHz/SStep/04180029_1574629570_Raw_0.png,77GHz,SStep,4,ua_0029,04180029_1574629570_Raw_0.png,dataset/test/77GHz/SStep/04180029_1574629570_Raw_0.png,test,test,6,ua_0029|SStep|1574629570,ed4693c73afd3cb682cbdef3d5b26d837fa0c63a2c1f28420cb28ee63fd64c91
tasks/known_people_unknown_freq/dataset/test/77GHz/SStep/04180030_1574196837_Raw_0.png,77GHz,SStep,4,ua_0030,04180030_1574196837_Raw_0.png,dataset/test/77GHz/SStep/04180030_1574196837_Raw_0.png,test,test,6,ua_0030|SStep|1574196837,cfa3c798a82e14b1563ef527345dd97ea5477bed00885a6baf0ab00ec6809c41
tasks/known_people_unknown_freq/dataset/test/77GHz/SStep/04180030_1574196864_Raw_0.png,77GHz,SStep,4,ua_0030,04180030_1574196864_Raw_0.png,dataset/test/77GHz/SStep/04180030_1574196864_Raw_0.png,test,test,6,ua_0030|SStep|1574196864,daaabb98464df726ca7cc013399bc58b3be3e9ae3d9eb2ff4253b854281120de
tasks/known_people_unknown_freq/dataset/test/77GHz/SStep/04180030_1574196905_Raw_0.png,77GHz,SStep,4,ua_0030,04180030_1574196905_Raw_0.png,dataset/test/77GHz/SStep/04180030_1574196905_Raw_0.png,test,test,6,ua_0030|SStep|1574196905,d84424b32e3886fd52198373bb1e3e0c9693909dcf9dac839fc2b3a1ff4416d0
tasks/known_people_unknown_freq/dataset/test/77GHz/SStep/04180030_1574196927_Raw_0.png,77GHz,SStep,4,ua_0030,04180030_1574196927_Raw_0.png,dataset/test/77GHz/SStep/04180030_1574196927_Raw_0.png,test,test,6,ua_0030|SStep|1574196927,277bc3ecbdb4465dbe73e72547267d5e65f88ebbd649cf3b9583624ff64af193
tasks/known_people_unknown_freq/dataset/test/77GHz/SStep/04180030_1574196950_Raw_0.png,77GHz,SStep,4,ua_0030,04180030_1574196950_Raw_0.png,dataset/test/77GHz/SStep/04180030_1574196950_Raw_0.png,test,test,6,ua_0030|SStep|1574196950,b21c5a16e7699002608b5b3e2419349c77ea473f4c279bd1526196d6c56adca7
tasks/known_people_unknown_freq/dataset/test/77GHz/SStep/04180030_1574196968_Raw_0.png,77GHz,SStep,4,ua_0030,04180030_1574196968_Raw_0.png,dataset/test/77GHz/SStep/04180030_1574196968_Raw_0.png,test,test,6,ua_0030|SStep|1574196968,3612b2829829d352b6ff299f08dc7d45e217e67a515ce8ebd36214916a8f1979
tasks/known_people_unknown_freq/dataset/test/77GHz/SStep/04180030_1574196992_Raw_0.png,77GHz,SStep,4,ua_0030,04180030_1574196992_Raw_0.png,dataset/test/77GHz/SStep/04180030_1574196992_Raw_0.png,test,test,6,ua_0030|SStep|1574196992,9ec05b668d86e601b427f5bc8cfc17bd89e0bd555376670b759ecb3784c347df
tasks/known_people_unknown_freq/dataset/test/77GHz/SStep/04180030_1574197013_Raw_0.png,77GHz,SStep,4,ua_0030,04180030_1574197013_Raw_0.png,dataset/test/77GHz/SStep/04180030_1574197013_Raw_0.png,test,test,6,ua_0030|SStep|1574197013,48197a8be2dd8ea4c4773ea0dbc2c6714a1be56c0350bf956e102562095e7a54
tasks/known_people_unknown_freq/dataset/test/77GHz/SStep/04180030_1574197034_Raw_0.png,77GHz,SStep,4,ua_0030,04180030_1574197034_Raw_0.png,dataset/test/77GHz/SStep/04180030_1574197034_Raw_0.png,test,test,6,ua_0030|SStep|1574197034,1dd558b20216ee8e7b64758c748cc288d065d3a3c0dddd64001de5ed827906ce
tasks/known_people_unknown_freq/dataset/test/77GHz/SStep/04180030_1574460138_Raw_0.png,77GHz,SStep,4,ua_0030,04180030_1574460138_Raw_0.png,dataset/test/77GHz/SStep/04180030_1574460138_Raw_0.png,test,test,6,ua_0030|SStep|1574460138,c16d6b013dbbf3b1e772c437d001291eb5149ac569de5d0b3cd2efbd7633871c
tasks/known_people_unknown_freq/dataset/test/77GHz/SStep/04180030_1574460157_Raw_0.png,77GHz,SStep,4,ua_0030,04180030_1574460157_Raw_0.png,dataset/test/77GHz/SStep/04180030_1574460157_Raw_0.png,test,test,6,ua_0030|SStep|1574460157,52fa14227c3fbfea11fc32fea2e57f5b9b7e0c1406a35d4a5bdffd61e968a845
tasks/known_people_unknown_freq/dataset/test/77GHz/SStep/04180030_1574460197_Raw_0.png,77GHz,SStep,4,ua_0030,04180030_1574460197_Raw_0.png,dataset/test/77GHz/SStep/04180030_1574460197_Raw_0.png,test,test,6,ua_0030|SStep|1574460197,a040e6ad25dae549f2dd5edbaa4551de1bc803c0e114897ca7b1e13b2b1ded3c
tasks/known_people_unknown_freq/dataset/test/77GHz/SStep/04180030_1574460235_Raw_0.png,77GHz,SStep,4,ua_0030,04180030_1574460235_Raw_0.png,dataset/test/77GHz/SStep/04180030_1574460235_Raw_0.png,test,test,6,ua_0030|SStep|1574460235,4213c4c48aa31a83f6b12df037df52b594ecc8f4e0b6fad69852785dc7d8606e
tasks/known_people_unknown_freq/dataset/test/77GHz/SStep/04180030_1574460254_Raw_0.png,77GHz,SStep,4,ua_0030,04180030_1574460254_Raw_0.png,dataset/test/77GHz/SStep/04180030_1574460254_Raw_0.png,test,test,6,ua_0030|SStep|1574460254,2d1c102b73921296b8741e3c056357b0dfa2fa55f48bd6cdda4037932dc86b26
tasks/known_people_unknown_freq/dataset/test/77GHz/SStep/04180030_1574460290_Raw_0.png,77GHz,SStep,4,ua_0030,04180030_1574460290_Raw_0.png,dataset/test/77GHz/SStep/04180030_1574460290_Raw_0.png,test,test,6,ua_0030|SStep|1574460290,bc6c0f50a75f72b7c71b06e622b892aef43a4780a479436b36e2e49e320b50d4
tasks/known_people_unknown_freq/dataset/test/77GHz/SStep/04180030_1574460680_Raw_0.png,77GHz,SStep,4,ua_0030,04180030_1574460680_Raw_0.png,dataset/test/77GHz/SStep/04180030_1574460680_Raw_0.png,test,test,6,ua_0030|SStep|1574460680,a3c7e652e2d56b7a5140cfaabdb9a8cbba904072aad045388d567e43121331fc
tasks/known_people_unknown_freq/dataset/test/77GHz/Sit/04090010_1573837974_Raw_0.png,77GHz,Sit,5,ua_0010,04090010_1573837974_Raw_0.png,dataset/test/77GHz/Sit/04090010_1573837974_Raw_0.png,test,test,8,ua_0010|Sit|1573837974,4c7c69504fb513b52758ce9f3e73e97b286d52139a9fcb97a4f1644ca05c45fe
tasks/known_people_unknown_freq/dataset/test/77GHz/Sit/04090010_1573837993_Raw_0.png,77GHz,Sit,5,ua_0010,04090010_1573837993_Raw_0.png,dataset/test/77GHz/Sit/04090010_1573837993_Raw_0.png,test,test,8,ua_0010|Sit|1573837993,17955060cde441a299ad2616cb30173fbaababdec24fc782a9bb90b1fd118169
tasks/known_people_unknown_freq/dataset/test/77GHz/Sit/04090010_1573838030_Raw_0.png,77GHz,Sit,5,ua_0010,04090010_1573838030_Raw_0.png,dataset/test/77GHz/Sit/04090010_1573838030_Raw_0.png,test,test,8,ua_0010|Sit|1573838030,f4a7d0b69b808c6871f11b1a9fc4c6612a59e99374d24ee25a5d5537216a827a
tasks/known_people_unknown_freq/dataset/test/77GHz/Sit/04090010_1573838066_Raw_0.png,77GHz,Sit,5,ua_0010,04090010_1573838066_Raw_0.png,dataset/test/77GHz/Sit/04090010_1573838066_Raw_0.png,test,test,8,ua_0010|Sit|1573838066,a12456f2c48dccfe1951d26781eeda1eb5158982bd6da581280d7e9bd10568f4
tasks/known_people_unknown_freq/dataset/test/77GHz/Sit/04090010_1573838086_Raw_0.png,77GHz,Sit,5,ua_0010,04090010_1573838086_Raw_0.png,dataset/test/77GHz/Sit/04090010_1573838086_Raw_0.png,test,test,8,ua_0010|Sit|1573838086,ba8b491f9f7842c19045002f73e1a67ee85da0c8df6955320e5c7f1ef3aed531
tasks/known_people_unknown_freq/dataset/test/77GHz/Sit/04090010_1573838127_Raw_0.png,77GHz,Sit,5,ua_0010,04090010_1573838127_Raw_0.png,dataset/test/77GHz/Sit/04090010_1573838127_Raw_0.png,test,test,8,ua_0010|Sit|1573838127,0a825c3968b6b20c9e272807ff2543f21746043edc9ed8d4208bfc75484575d0
tasks/known_people_unknown_freq/dataset/test/77GHz/Sit/04090010_1573838182_Raw_0.png,77GHz,Sit,5,ua_0010,04090010_1573838182_Raw_0.png,dataset/test/77GHz/Sit/04090010_1573838182_Raw_0.png,test,test,8,ua_0010|Sit|1573838182,c81de5dd182ed46f252d88ce3727543f9bae97017dba1153ac8a643403abaca8
tasks/known_people_unknown_freq/dataset/test/77GHz/Sit/04090010_1573838334_Raw_0.png,77GHz,Sit,5,ua_0010,04090010_1573838334_Raw_0.png,dataset/test/77GHz/Sit/04090010_1573838334_Raw_0.png,test,test,8,ua_0010|Sit|1573838334,94fccdc641528e441cb07415c285643ebf2d3fdeb566793522b3bd05988f9a43
tasks/known_people_unknown_freq/dataset/test/77GHz/Sit/04090014_1574696977_Raw_0.png,77GHz,Sit,5,ua_0014,04090014_1574696977_Raw_0.png,dataset/test/77GHz/Sit/04090014_1574696977_Raw_0.png,test,test,8,ua_0014|Sit|1574696977,523c894971f45213625ed6dc13195aa619163579abaf5bb9c5d0917a68d802b4
tasks/known_people_unknown_freq/dataset/test/77GHz/Sit/04090014_1574697018_Raw_0.png,77GHz,Sit,5,ua_0014,04090014_1574697018_Raw_0.png,dataset/test/77GHz/Sit/04090014_1574697018_Raw_0.png,test,test,8,ua_0014|Sit|1574697018,586b09c352e1650fe0deca4e4cde2d96312a618b0f57bb70e24c0b4bf130de21
tasks/known_people_unknown_freq/dataset/test/77GHz/Sit/04090014_1574697038_Raw_0.png,77GHz,Sit,5,ua_0014,04090014_1574697038_Raw_0.png,dataset/test/77GHz/Sit/04090014_1574697038_Raw_0.png,test,test,8,ua_0014|Sit|1574697038,a4d269e185503502d66807cab9988b7ffba17889865d372d94f6a0fbec5fa99a
tasks/known_people_unknown_freq/dataset/test/77GHz/Sit/04090014_1574697897_Raw_0.png,77GHz,Sit,5,ua_0014,04090014_1574697897_Raw_0.png,dataset/test/77GHz/Sit/04090014_1574697897_Raw_0.png,test,test,8,ua_0014|Sit|1574697897,4a996ee35b4445d7afb28beaa97acc132270fea9cbab393f4ea75803aaeca318
tasks/known_people_unknown_freq/dataset/test/77GHz/Sit/04090014_1574697917_Raw_0.png,77GHz,Sit,5,ua_0014,04090014_1574697917_Raw_0.png,dataset/test/77GHz/Sit/04090014_1574697917_Raw_0.png,test,test,8,ua_0014|Sit|1574697917,c04968f6a2466615e28effdffc58ee90ac8f7ad4663426ace75987a6ef1336dd
tasks/known_people_unknown_freq/dataset/test/77GHz/Sit/04090014_1574697936_Raw_0.png,77GHz,Sit,5,ua_0014,04090014_1574697936_Raw_0.png,dataset/test/77GHz/Sit/04090014_1574697936_Raw_0.png,test,test,8,ua_0014|Sit|1574697936,39e2450741b9e2b8737834a8bdade33446363ef82a6e19f5f2503cec95fcdb2e
tasks/known_people_unknown_freq/dataset/test/77GHz/Sit/04090014_1574697955_Raw_0.png,77GHz,Sit,5,ua_0014,04090014_1574697955_Raw_0.png,dataset/test/77GHz/Sit/04090014_1574697955_Raw_0.png,test,test,8,ua_0014|Sit|1574697955,ad64edd9517acebc197609f941d54948f9a116cf66834f946d09281e73cfd6a4
tasks/known_people_unknown_freq/dataset/test/77GHz/Sit/04090014_1574697974_Raw_0.png,77GHz,Sit,5,ua_0014,04090014_1574697974_Raw_0.png,dataset/test/77GHz/Sit/04090014_1574697974_Raw_0.png,test,test,8,ua_0014|Sit|1574697974,1adf3bc2b6b284b2a248dcad971b844ecbf12c7a377294aff44939dd840d0023
tasks/known_people_unknown_freq/dataset/test/77GHz/Sit/04090029_1574115666_Raw_0.png,77GHz,Sit,5,ua_0029,04090029_1574115666_Raw_0.png,dataset/test/77GHz/Sit/04090029_1574115666_Raw_0.png,test,test,8,ua_0029|Sit|1574115666,d2bbd12f089144e6959f838557b04c7a4a64589ccc27ce70a9dbeeae155f78a6
tasks/known_people_unknown_freq/dataset/test/77GHz/Sit/04090029_1574115686_Raw_0.png,77GHz,Sit,5,ua_0029,04090029_1574115686_Raw_0.png,dataset/test/77GHz/Sit/04090029_1574115686_Raw_0.png,test,test,8,ua_0029|Sit|1574115686,49d89ff39914ee667fb3e040ab98cc9666ae767cfb6273e4731648a1b72694de
tasks/known_people_unknown_freq/dataset/test/77GHz/Sit/04090029_1574115726_Raw_0.png,77GHz,Sit,5,ua_0029,04090029_1574115726_Raw_0.png,dataset/test/77GHz/Sit/04090029_1574115726_Raw_0.png,test,test,8,ua_0029|Sit|1574115726,3828264f5dca3f778b5e8b5b4c88bb7b1fa81b2707107bfd156ad472673b651c
tasks/known_people_unknown_freq/dataset/test/77GHz/Sit/04090029_1574115745_Raw_0.png,77GHz,Sit,5,ua_0029,04090029_1574115745_Raw_0.png,dataset/test/77GHz/Sit/04090029_1574115745_Raw_0.png,test,test,8,ua_0029|Sit|1574115745,df23f272dfb6cc44dafcad72006157182b8cdc12db4ad7ecb2e0fa964139a116
tasks/known_people_unknown_freq/dataset/test/77GHz/Sit/04090029_1574115784_Raw_0.png,77GHz,Sit,5,ua_0029,04090029_1574115784_Raw_0.png,dataset/test/77GHz/Sit/04090029_1574115784_Raw_0.png,test,test,8,ua_0029|Sit|1574115784,49fadcda2bace1165e40a9fcbb0a0772975fbdb2f3d9ce20a9ed7c2708070447
tasks/known_people_unknown_freq/dataset/test/77GHz/Sit/04090029_1574115803_Raw_0.png,77GHz,Sit,5,ua_0029,04090029_1574115803_Raw_0.png,dataset/test/77GHz/Sit/04090029_1574115803_Raw_0.png,test,test,8,ua_0029|Sit|1574115803,e012264666f5d7af8223aeaad4675ea6fcb53891aefd7444d6da0c1914f75b5b
tasks/known_people_unknown_freq/dataset/test/77GHz/Sit/04090029_1574115823_Raw_0.png,77GHz,Sit,5,ua_0029,04090029_1574115823_Raw_0.png,dataset/test/77GHz/Sit/04090029_1574115823_Raw_0.png,test,test,8,ua_0029|Sit|1574115823,649a216b4045036f5b1c8f0603c5a44bfdf6f9b01d095474751c71fd1f83aabd
tasks/known_people_unknown_freq/dataset/test/77GHz/Sit/04090029_1574115842_Raw_0.png,77GHz,Sit,5,ua_0029,04090029_1574115842_Raw_0.png,dataset/test/77GHz/Sit/04090029_1574115842_Raw_0.png,test,test,8,ua_0029|Sit|1574115842,db2364221263a8ffbda2d9438d2db5a083abeb15d289a7e0a8090938a49728b9
tasks/known_people_unknown_freq/dataset/test/77GHz/Sit/04090029_1574628100_Raw_0.png,77GHz,Sit,5,ua_0029,04090029_1574628100_Raw_0.png,dataset/test/77GHz/Sit/04090029_1574628100_Raw_0.png,test,test,8,ua_0029|Sit|1574628100,b58d620c7d058e97f877db350cd059a18f46d05915c150fa236c4821281b8082
tasks/known_people_unknown_freq/dataset/test/77GHz/Sit/04090029_1574628120_Raw_0.png,77GHz,Sit,5,ua_0029,04090029_1574628120_Raw_0.png,dataset/test/77GHz/Sit/04090029_1574628120_Raw_0.png,test,test,8,ua_0029|Sit|1574628120,ab20f0002b71b1f501e7aa53e9594b2e42f129a283070ebdd7dcf6fcb66c34c2
tasks/known_people_unknown_freq/dataset/test/77GHz/Sit/04090029_1574628141_Raw_0.png,77GHz,Sit,5,ua_0029,04090029_1574628141_Raw_0.png,dataset/test/77GHz/Sit/04090029_1574628141_Raw_0.png,test,test,8,ua_0029|Sit|1574628141,ce34cf4206a182ee3777ae53e6fffef72f62aaa8adb47591435e5be017745c04
tasks/known_people_unknown_freq/dataset/test/77GHz/Sit/04090029_1574628160_Raw_0.png,77GHz,Sit,5,ua_0029,04090029_1574628160_Raw_0.png,dataset/test/77GHz/Sit/04090029_1574628160_Raw_0.png,test,test,8,ua_0029|Sit|1574628160,79eb7a20f503d1da792c28534f20a3f862f54483b479cee595f649a7f9f92c92
tasks/known_people_unknown_freq/dataset/test/77GHz/Sit/04090029_1574628246_Raw_0.png,77GHz,Sit,5,ua_0029,04090029_1574628246_Raw_0.png,dataset/test/77GHz/Sit/04090029_1574628246_Raw_0.png,test,test,8,ua_0029|Sit|1574628246,12f712201c674c92b278c3288b2aba7817d249882404625d9bae3dcbf1351036
tasks/known_people_unknown_freq/dataset/test/77GHz/Sit/04090029_1574628309_Raw_0.png,77GHz,Sit,5,ua_0029,04090029_1574628309_Raw_0.png,dataset/test/77GHz/Sit/04090029_1574628309_Raw_0.png,test,test,8,ua_0029|Sit|1574628309,0b8622d68e774967e826759d86f0751136a2e8790d3ceca94cae0c2b96fad578
tasks/known_people_unknown_freq/dataset/test/77GHz/Sit/04090029_1574628343_Raw_0.png,77GHz,Sit,5,ua_0029,04090029_1574628343_Raw_0.png,dataset/test/77GHz/Sit/04090029_1574628343_Raw_0.png,test,test,8,ua_0029|Sit|1574628343,6eeef313b9aec57d35d1e151a6dd5188c620aece16c3c334919a819b39a60d60
tasks/known_people_unknown_freq/dataset/test/77GHz/Sit/04090029_1574628440_Raw_0.png,77GHz,Sit,5,ua_0029,04090029_1574628440_Raw_0.png,dataset/test/77GHz/Sit/04090029_1574628440_Raw_0.png,test,test,8,ua_0029|Sit|1574628440,c897cd68bcf8f3855470b336aa8a6131550b2836c5e3c83fcfedbbd10f5b5154
tasks/known_people_unknown_freq/dataset/test/77GHz/Sit/04090030_1574195230_Raw_0.png,77GHz,Sit,5,ua_0030,04090030_1574195230_Raw_0.png,dataset/test/77GHz/Sit/04090030_1574195230_Raw_0.png,test,test,8,ua_0030|Sit|1574195230,d191398e3c3c7502f6e99564cce00f35295e37989e70fa70b3efc82f37475a47
tasks/known_people_unknown_freq/dataset/test/77GHz/Sit/04090030_1574195254_Raw_0.png,77GHz,Sit,5,ua_0030,04090030_1574195254_Raw_0.png,dataset/test/77GHz/Sit/04090030_1574195254_Raw_0.png,test,test,8,ua_0030|Sit|1574195254,06ec265ecfbc946952dffea86f3e641593499d90f4eb21e1e4f42667010a1e7e
tasks/known_people_unknown_freq/dataset/test/77GHz/Sit/04090030_1574195274_Raw_0.png,77GHz,Sit,5,ua_0030,04090030_1574195274_Raw_0.png,dataset/test/77GHz/Sit/04090030_1574195274_Raw_0.png,test,test,8,ua_0030|Sit|1574195274,21851ebd127f3b06786c4717635378fab927da148574dc31908f3aaa12a9f4e2
tasks/known_people_unknown_freq/dataset/test/77GHz/Sit/04090030_1574195313_Raw_0.png,77GHz,Sit,5,ua_0030,04090030_1574195313_Raw_0.png,dataset/test/77GHz/Sit/04090030_1574195313_Raw_0.png,test,test,8,ua_0030|Sit|1574195313,a746f285a2ae9f43d37b9938d335aeb0c52c6a14a6280c32b899ef13febde12d
tasks/known_people_unknown_freq/dataset/test/77GHz/Sit/04090030_1574195332_Raw_0.png,77GHz,Sit,5,ua_0030,04090030_1574195332_Raw_0.png,dataset/test/77GHz/Sit/04090030_1574195332_Raw_0.png,test,test,8,ua_0030|Sit|1574195332,6830ed5dc964b16b43345a131113ccd8871bfb4847b2c39531233d6190a670d4
tasks/known_people_unknown_freq/dataset/test/77GHz/Sit/04090030_1574195351_Raw_0.png,77GHz,Sit,5,ua_0030,04090030_1574195351_Raw_0.png,dataset/test/77GHz/Sit/04090030_1574195351_Raw_0.png,test,test,8,ua_0030|Sit|1574195351,58340f378cad0ffa76723bb8a6f58a543359da04ba3fa65ac469fb15bec94ad1
tasks/known_people_unknown_freq/dataset/test/77GHz/Sit/04090030_1574195391_Raw_0.png,77GHz,Sit,5,ua_0030,04090030_1574195391_Raw_0.png,dataset/test/77GHz/Sit/04090030_1574195391_Raw_0.png,test,test,8,ua_0030|Sit|1574195391,bd820c813e2eec2f98d1adbf998acb7ce12e1c4dc2ba84d2acfd2f23d2c7a358
tasks/known_people_unknown_freq/dataset/test/77GHz/Sit/04090030_1574458188_Raw_0.png,77GHz,Sit,5,ua_0030,04090030_1574458188_Raw_0.png,dataset/test/77GHz/Sit/04090030_1574458188_Raw_0.png,test,test,8,ua_0030|Sit|1574458188,fbcad22a9b8b328d8b1ded29185ca4040e75bf6249189f28fe4692c9146f4964
tasks/known_people_unknown_freq/dataset/test/77GHz/Sit/04090030_1574458226_Raw_0.png,77GHz,Sit,5,ua_0030,04090030_1574458226_Raw_0.png,dataset/test/77GHz/Sit/04090030_1574458226_Raw_0.png,test,test,8,ua_0030|Sit|1574458226,a4ae20bb0ac3e7de4e22f28bbd0dd8be56cd3483f281461fa6743f9b87ec425f
tasks/known_people_unknown_freq/dataset/test/77GHz/Sit/04090030_1574458245_Raw_0.png,77GHz,Sit,5,ua_0030,04090030_1574458245_Raw_0.png,dataset/test/77GHz/Sit/04090030_1574458245_Raw_0.png,test,test,8,ua_0030|Sit|1574458245,5f2ba67d8aa285de9423095148dc1cc0d12daf93ce946f279854e437d94469b5
tasks/known_people_unknown_freq/dataset/test/77GHz/Sit/04090030_1574458265_Raw_0.png,77GHz,Sit,5,ua_0030,04090030_1574458265_Raw_0.png,dataset/test/77GHz/Sit/04090030_1574458265_Raw_0.png,test,test,8,ua_0030|Sit|1574458265,dd2421b421329d8790fd568cb46696ad10925d2872e4e5a73b370b2bbb7f11ea
tasks/known_people_unknown_freq/dataset/test/77GHz/Sit/04090030_1574458283_Raw_0.png,77GHz,Sit,5,ua_0030,04090030_1574458283_Raw_0.png,dataset/test/77GHz/Sit/04090030_1574458283_Raw_0.png,test,test,8,ua_0030|Sit|1574458283,2db99200e421ce761127db99a5bc2e8bff12a2b1b0eaee0b6f45f8579b52bc09
tasks/known_people_unknown_freq/dataset/test/77GHz/Sit/04090030_1574458785_Raw_0.png,77GHz,Sit,5,ua_0030,04090030_1574458785_Raw_0.png,dataset/test/77GHz/Sit/04090030_1574458785_Raw_0.png,test,test,8,ua_0030|Sit|1574458785,e54e0b0ac1ee51707c4679bbd80276f2713051a2b1cbeae3427f768fb5f0f42b
tasks/known_people_unknown_freq/dataset/test/77GHz/Towards/04000000_1574696114_Raw_0.png,77GHz,Towards,6,ua_0000,04000000_1574696114_Raw_0.png,dataset/test/77GHz/Towards/04000000_1574696114_Raw_0.png,test,test,10,ua_0000|Towards|1574696114,67c01be0708e5f9b64944857bab1a23f315c4d08ad85de0a79bf66aef6a87068
tasks/known_people_unknown_freq/dataset/test/77GHz/Towards/04000000_1574696136_Raw_0.png,77GHz,Towards,6,ua_0000,04000000_1574696136_Raw_0.png,dataset/test/77GHz/Towards/04000000_1574696136_Raw_0.png,test,test,10,ua_0000|Towards|1574696136,bd69b92471b360ec09091a35d5cf1c38b6c77f6fa2c77eb04dcc138a179423d7
tasks/known_people_unknown_freq/dataset/test/77GHz/Towards/04000000_1574696180_Raw_0.png,77GHz,Towards,6,ua_0000,04000000_1574696180_Raw_0.png,dataset/test/77GHz/Towards/04000000_1574696180_Raw_0.png,test,test,10,ua_0000|Towards|1574696180,24fb05643caec69b6941aead03b41697b9a2ec832508618b35420c17679763ea
tasks/known_people_unknown_freq/dataset/test/77GHz/Towards/04000000_1574696222_Raw_0.png,77GHz,Towards,6,ua_0000,04000000_1574696222_Raw_0.png,dataset/test/77GHz/Towards/04000000_1574696222_Raw_0.png,test,test,10,ua_0000|Towards|1574696222,ff72633af58de74e39104eb5e615e25df976adbeb9afcf0d3ee5a9bf268a89c2
tasks/known_people_unknown_freq/dataset/test/77GHz/Towards/04000000_1574696243_Raw_0.png,77GHz,Towards,6,ua_0000,04000000_1574696243_Raw_0.png,dataset/test/77GHz/Towards/04000000_1574696243_Raw_0.png,test,test,10,ua_0000|Towards|1574696243,4fd41bbee23de88e3f7121b8e711a2dfb12388c38621105e356de50eba3dee42
tasks/known_people_unknown_freq/dataset/test/77GHz/Towards/04000000_1574696261_Raw_0.png,77GHz,Towards,6,ua_0000,04000000_1574696261_Raw_0.png,dataset/test/77GHz/Towards/04000000_1574696261_Raw_0.png,test,test,10,ua_0000|Towards|1574696261,b16bbd0ad7c3c6fda70f6f7961aef9196e496a9bc837570b2b043b16e3e26d88
tasks/known_people_unknown_freq/dataset/test/77GHz/Towards/04000000_1574696280_Raw_0.png,77GHz,Towards,6,ua_0000,04000000_1574696280_Raw_0.png,dataset/test/77GHz/Towards/04000000_1574696280_Raw_0.png,test,test,10,ua_0000|Towards|1574696280,216d77571d4613fa1acc7457a43b7f1bbc481091567d4c4536f2b75ab10efb8c
tasks/known_people_unknown_freq/dataset/test/77GHz/Towards/04050010_1573836822_Raw_0.png,77GHz,Towards,6,ua_0010,04050010_1573836822_Raw_0.png,dataset/test/77GHz/Towards/04050010_1573836822_Raw_0.png,test,test,10,ua_0010|Towards|1573836822,2e68f5585a7af3731fb1e0a573e7aa7658062164a78dc4fdad2e2128f2203c4c
tasks/known_people_unknown_freq/dataset/test/77GHz/Towards/04050010_1573836864_Raw_0.png,77GHz,Towards,6,ua_0010,04050010_1573836864_Raw_0.png,dataset/test/77GHz/Towards/04050010_1573836864_Raw_0.png,test,test,10,ua_0010|Towards|1573836864,19094ad3405bfbd6de9beec80861960f83567cb5651172709b067b20c01b0638
tasks/known_people_unknown_freq/dataset/test/77GHz/Towards/04050010_1573836889_Raw_0.png,77GHz,Towards,6,ua_0010,04050010_1573836889_Raw_0.png,dataset/test/77GHz/Towards/04050010_1573836889_Raw_0.png,test,test,10,ua_0010|Towards|1573836889,6ff3f0ab8ab211b0a3f6ed648e77a8f6893acf90ed6a7dd16c790a0174e35d1d
tasks/known_people_unknown_freq/dataset/test/77GHz/Towards/04050010_1573836957_Raw_0.png,77GHz,Towards,6,ua_0010,04050010_1573836957_Raw_0.png,dataset/test/77GHz/Towards/04050010_1573836957_Raw_0.png,test,test,10,ua_0010|Towards|1573836957,5748c363891fa470de2576d4e9118216a6beabd73af739473b04d487cc99bf3f
tasks/known_people_unknown_freq/dataset/test/77GHz/Towards/04050010_1573836980_Raw_0.png,77GHz,Towards,6,ua_0010,04050010_1573836980_Raw_0.png,dataset/test/77GHz/Towards/04050010_1573836980_Raw_0.png,test,test,10,ua_0010|Towards|1573836980,5ab4a7089ce4a5ea5c58beac21e71ba75bda3b3751bd03ce367e03ede7eeefe2
tasks/known_people_unknown_freq/dataset/test/77GHz/Towards/04050010_1573837002_Raw_0.png,77GHz,Towards,6,ua_0010,04050010_1573837002_Raw_0.png,dataset/test/77GHz/Towards/04050010_1573837002_Raw_0.png,test,test,10,ua_0010|Towards|1573837002,2c14af40840ffb4d8648417e47f70052921d0800ae45c27eefc84c92fc9a920d
tasks/known_people_unknown_freq/dataset/test/77GHz/Towards/04050010_1573837024_Raw_0.png,77GHz,Towards,6,ua_0010,04050010_1573837024_Raw_0.png,dataset/test/77GHz/Towards/04050010_1573837024_Raw_0.png,test,test,10,ua_0010|Towards|1573837024,24f4cba069cf8a8bf229be2da10bf7d237be850051b48ceefb9cf4d6bf86aca5
tasks/known_people_unknown_freq/dataset/test/77GHz/Towards/04050010_1573837045_Raw_0.png,77GHz,Towards,6,ua_0010,04050010_1573837045_Raw_0.png,dataset/test/77GHz/Towards/04050010_1573837045_Raw_0.png,test,test,10,ua_0010|Towards|1573837045,152823b799700291a58b61deef596804710e93f9d16a5a902f5b826370030ef2
tasks/known_people_unknown_freq/dataset/test/77GHz/Towards/04050029_1574114240_Raw_0.png,77GHz,Towards,6,ua_0029,04050029_1574114240_Raw_0.png,dataset/test/77GHz/Towards/04050029_1574114240_Raw_0.png,test,test,10,ua_0029|Towards|1574114240,6bcf1576af106384c63e62667868e3e6a8eacb159fa8182237b7228376386e0d
tasks/known_people_unknown_freq/dataset/test/77GHz/Towards/04050029_1574114268_Raw_0.png,77GHz,Towards,6,ua_0029,04050029_1574114268_Raw_0.png,dataset/test/77GHz/Towards/04050029_1574114268_Raw_0.png,test,test,10,ua_0029|Towards|1574114268,b76740a08253786422665106af6c38c6defcf839c41168140c1715b76460da77
tasks/known_people_unknown_freq/dataset/test/77GHz/Towards/04050029_1574114447_Raw_0.png,77GHz,Towards,6,ua_0029,04050029_1574114447_Raw_0.png,dataset/test/77GHz/Towards/04050029_1574114447_Raw_0.png,test,test,10,ua_0029|Towards|1574114447,40daaac1d49c2632bcf1d5deaa2ac6662ad7120575636ebb3b3bd5c19d40aa92
tasks/known_people_unknown_freq/dataset/test/77GHz/Towards/04050029_1574114550_Raw_0.png,77GHz,Towards,6,ua_0029,04050029_1574114550_Raw_0.png,dataset/test/77GHz/Towards/04050029_1574114550_Raw_0.png,test,test,10,ua_0029|Towards|1574114550,a24ed22bce2907e87d16521eb80b3556a2bbf559c074e3cbb94053dfa9bca4e5
tasks/known_people_unknown_freq/dataset/test/77GHz/Towards/04050029_1574114569_Raw_0.png,77GHz,Towards,6,ua_0029,04050029_1574114569_Raw_0.png,dataset/test/77GHz/Towards/04050029_1574114569_Raw_0.png,test,test,10,ua_0029|Towards|1574114569,0d94b2d792aaf500ba746dd7076b9382e48b43e61219d1a357745961731edd4f
tasks/known_people_unknown_freq/dataset/test/77GHz/Towards/04050029_1574114588_Raw_0.png,77GHz,Towards,6,ua_0029,04050029_1574114588_Raw_0.png,dataset/test/77GHz/Towards/04050029_1574114588_Raw_0.png,test,test,10,ua_0029|Towards|1574114588,be3fc9f48e07efcef5a9c94fbf2d5b2622767b3cadeb0ba95b977b988de9da70
tasks/known_people_unknown_freq/dataset/test/77GHz/Towards/04050029_1574114606_Raw_0.png,77GHz,Towards,6,ua_0029,04050029_1574114606_Raw_0.png,dataset/test/77GHz/Towards/04050029_1574114606_Raw_0.png,test,test,10,ua_0029|Towards|1574114606,a7851283d981a3588d1290ebed488e4a1046cd67cd903cf9871ffa65c711383c
tasks/known_people_unknown_freq/dataset/test/77GHz/Towards/04050029_1574626039_Raw_0.png,77GHz,Towards,6,ua_0029,04050029_1574626039_Raw_0.png,dataset/test/77GHz/Towards/04050029_1574626039_Raw_0.png,test,test,10,ua_0029|Towards|1574626039,258420444275db1359c8d6d05e1fc3836b1ff30effc5654d77ce1ff1b7cd7e01
tasks/known_people_unknown_freq/dataset/test/77GHz/Towards/04050029_1574626109_Raw_0.png,77GHz,Towards,6,ua_0029,04050029_1574626109_Raw_0.png,dataset/test/77GHz/Towards/04050029_1574626109_Raw_0.png,test,test,10,ua_0029|Towards|1574626109,64e8d9c8eba65de7039633efda99ce8d9d2782a6a59f75c83d4d309538dbd2ae
tasks/known_people_unknown_freq/dataset/test/77GHz/Towards/04050029_1574626164_Raw_0.png,77GHz,Towards,6,ua_0029,04050029_1574626164_Raw_0.png,dataset/test/77GHz/Towards/04050029_1574626164_Raw_0.png,test,test,10,ua_0029|Towards|1574626164,f42939c0e38bb45ae707fa863b2031f52fff7c2b3e83f5903b9ad27a536d4284
tasks/known_people_unknown_freq/dataset/test/77GHz/Towards/04050029_1574626188_Raw_0.png,77GHz,Towards,6,ua_0029,04050029_1574626188_Raw_0.png,dataset/test/77GHz/Towards/04050029_1574626188_Raw_0.png,test,test,10,ua_0029|Towards|1574626188,1dc620f055e164c4c4a254feb9388b4b5eff22831cbdac99462f0a223c96f0b5
tasks/known_people_unknown_freq/dataset/test/77GHz/Towards/04050029_1574626210_Raw_0.png,77GHz,Towards,6,ua_0029,04050029_1574626210_Raw_0.png,dataset/test/77GHz/Towards/04050029_1574626210_Raw_0.png,test,test,10,ua_0029|Towards|1574626210,30a000fd3564a04af48063c20d35d96b552e7fde37348e0e0fd13cb7ec161c6a
tasks/known_people_unknown_freq/dataset/test/77GHz/Towards/04050029_1574626307_Raw_0.png,77GHz,Towards,6,ua_0029,04050029_1574626307_Raw_0.png,dataset/test/77GHz/Towards/04050029_1574626307_Raw_0.png,test,test,10,ua_0029|Towards|1574626307,010fde1c86007a3ca81fa222ebd89403afb272a3e3b1cfa675a9d3478c24ad01
tasks/known_people_unknown_freq/dataset/test/77GHz/Towards/04050029_1574626331_Raw_0.png,77GHz,Towards,6,ua_0029,04050029_1574626331_Raw_0.png,dataset/test/77GHz/Towards/04050029_1574626331_Raw_0.png,test,test,10,ua_0029|Towards|1574626331,b2a5f2661daedd0050d21538bbe8070100321215021fc2213b76e60cceb53125
tasks/known_people_unknown_freq/dataset/test/77GHz/Towards/04050029_1574626372_Raw_0.png,77GHz,Towards,6,ua_0029,04050029_1574626372_Raw_0.png,dataset/test/77GHz/Towards/04050029_1574626372_Raw_0.png,test,test,10,ua_0029|Towards|1574626372,c1600cfcf22e81c081c64675ecc5d917c5accf9bf752e322ef08e5fe8f858a5d
tasks/known_people_unknown_freq/dataset/test/77GHz/Towards/04050029_1574626392_Raw_0.png,77GHz,Towards,6,ua_0029,04050029_1574626392_Raw_0.png,dataset/test/77GHz/Towards/04050029_1574626392_Raw_0.png,test,test,10,ua_0029|Towards|1574626392,71c3dc214a707681247d3b3351558e6eaa0e2d2caac684b7b29ceed76258041a
tasks/known_people_unknown_freq/dataset/test/77GHz/Towards/04050030_1574193843_Raw_0.png,77GHz,Towards,6,ua_0030,04050030_1574193843_Raw_0.png,dataset/test/77GHz/Towards/04050030_1574193843_Raw_0.png,test,test,10,ua_0030|Towards|1574193843,88a244f6404bebee32c3cab9a38cec00cd955e31a0c9321bd0dfd18dece7aa5e
tasks/known_people_unknown_freq/dataset/test/77GHz/Towards/04050030_1574193880_Raw_0.png,77GHz,Towards,6,ua_0030,04050030_1574193880_Raw_0.png,dataset/test/77GHz/Towards/04050030_1574193880_Raw_0.png,test,test,10,ua_0030|Towards|1574193880,5ed039241d55fc1c3a8d4a4cd047b33d47bfc232a8b0a9301bf13baaa2abc7c2
tasks/known_people_unknown_freq/dataset/test/77GHz/Towards/04050030_1574193902_Raw_0.png,77GHz,Towards,6,ua_0030,04050030_1574193902_Raw_0.png,dataset/test/77GHz/Towards/04050030_1574193902_Raw_0.png,test,test,10,ua_0030|Towards|1574193902,3e8c65a7867aad0ffd400e184d7f14b14b2f6c1f8f98f06e4140a9f3649a9486
tasks/known_people_unknown_freq/dataset/test/77GHz/Towards/04050030_1574193925_Raw_0.png,77GHz,Towards,6,ua_0030,04050030_1574193925_Raw_0.png,dataset/test/77GHz/Towards/04050030_1574193925_Raw_0.png,test,test,10,ua_0030|Towards|1574193925,d4b0aeaeb18c91097c72967126f4414a1184eabd83ed59e10087744d8ca22979
tasks/known_people_unknown_freq/dataset/test/77GHz/Towards/04050030_1574193946_Raw_0.png,77GHz,Towards,6,ua_0030,04050030_1574193946_Raw_0.png,dataset/test/77GHz/Towards/04050030_1574193946_Raw_0.png,test,test,10,ua_0030|Towards|1574193946,b3b958b919cd0d8edd558fc0d2afb7367918986e0cb7e42b61319919fc0f06da
tasks/known_people_unknown_freq/dataset/test/77GHz/Towards/04050030_1574193984_Raw_0.png,77GHz,Towards,6,ua_0030,04050030_1574193984_Raw_0.png,dataset/test/77GHz/Towards/04050030_1574193984_Raw_0.png,test,test,10,ua_0030|Towards|1574193984,b75cb1c4a6075a2db982fee782c024ca76a46f92a96f0c50330409a0998cd28c
tasks/known_people_unknown_freq/dataset/test/77GHz/Towards/04050030_1574194013_Raw_0.png,77GHz,Towards,6,ua_0030,04050030_1574194013_Raw_0.png,dataset/test/77GHz/Towards/04050030_1574194013_Raw_0.png,test,test,10,ua_0030|Towards|1574194013,e92821461a248c0ca016fff1ae398384a973ebe49bcad54b205952d270143b56
tasks/known_people_unknown_freq/dataset/test/77GHz/Towards/04050030_1574194068_Raw_0.png,77GHz,Towards,6,ua_0030,04050030_1574194068_Raw_0.png,dataset/test/77GHz/Towards/04050030_1574194068_Raw_0.png,test,test,10,ua_0030|Towards|1574194068,7adb942d583c8b4d134845b2051d47b06ce74838e254cc1fd94c0d41587f1307
tasks/known_people_unknown_freq/dataset/test/77GHz/Towards/04050030_1574194145_Raw_0.png,77GHz,Towards,6,ua_0030,04050030_1574194145_Raw_0.png,dataset/test/77GHz/Towards/04050030_1574194145_Raw_0.png,test,test,10,ua_0030|Towards|1574194145,11f45201821f29c38d09d7f104146685f6b997507d0bae03b0083369aead3b48
tasks/known_people_unknown_freq/dataset/test/77GHz/Towards/04050030_1574456646_Raw_0.png,77GHz,Towards,6,ua_0030,04050030_1574456646_Raw_0.png,dataset/test/77GHz/Towards/04050030_1574456646_Raw_0.png,test,test,10,ua_0030|Towards|1574456646,b5b51b5ce78a0bd66ebf7897ff5e06f28ee4cf4dd349d1b1c4e3c0828c910826
tasks/known_people_unknown_freq/dataset/test/77GHz/Towards/04050030_1574456705_Raw_0.png,77GHz,Towards,6,ua_0030,04050030_1574456705_Raw_0.png,dataset/test/77GHz/Towards/04050030_1574456705_Raw_0.png,test,test,10,ua_0030|Towards|1574456705,72507c8e7d304fc8717b7498f51cb2731958a52629c41bb3ef0001d7bd32549e
tasks/known_people_unknown_freq/dataset/test/77GHz/Towards/04050030_1574456771_Raw_0.png,77GHz,Towards,6,ua_0030,04050030_1574456771_Raw_0.png,dataset/test/77GHz/Towards/04050030_1574456771_Raw_0.png,test,test,10,ua_0030|Towards|1574456771,21c0d25a4e649a1cf1d4217f68722ef85287b17a8bd923db0ac7f2747c6af84e
tasks/known_people_unknown_freq/dataset/test/77GHz/Towards/04050030_1574456812_Raw_0.png,77GHz,Towards,6,ua_0030,04050030_1574456812_Raw_0.png,dataset/test/77GHz/Towards/04050030_1574456812_Raw_0.png,test,test,10,ua_0030|Towards|1574456812,ca14867e0347a13606cda52248d5f9542364e65edd2cb17b65d9601d17319672
tasks/known_people_unknown_freq/dataset/test/77GHz/Towards/04050030_1574456837_Raw_0.png,77GHz,Towards,6,ua_0030,04050030_1574456837_Raw_0.png,dataset/test/77GHz/Towards/04050030_1574456837_Raw_0.png,test,test,10,ua_0030|Towards|1574456837,4f25bd76c5003b7c2c27f6b37af7632889c72f676aefbd7cc23db850d9b78a89
tasks/known_people_unknown_freq/dataset/test/77GHz/Towards/04050030_1574456859_Raw_0.png,77GHz,Towards,6,ua_0030,04050030_1574456859_Raw_0.png,dataset/test/77GHz/Towards/04050030_1574456859_Raw_0.png,test,test,10,ua_0030|Towards|1574456859,48dd70c87031af7b4b39eef111542df248d269c1f942424fcff7cbe7530e05fb
tasks/known_people_unknown_freq/dataset/test/77GHz/Towards/04050030_1574456906_Raw_0.png,77GHz,Towards,6,ua_0030,04050030_1574456906_Raw_0.png,dataset/test/77GHz/Towards/04050030_1574456906_Raw_0.png,test,test,10,ua_0030|Towards|1574456906,e06b588318f6c8cef8b1c2991c67548c1f2099cb87bc43343180efbcdde7931d
tasks/known_people_unknown_freq/dataset/train/10GHz/Away/06060010_1573837114.png,10GHz,Away,0,ua_0010,06060010_1573837114.png,dataset/val/10GHz/Away/06060010_1573837114.png,val,train,0,ua_0010|Away|1573837114,f8409d55370ae7199ca6c175e63294362057665219664ecfaee6796f0a01889c
tasks/known_people_unknown_freq/dataset/train/10GHz/Away/06060010_1573837135.png,10GHz,Away,0,ua_0010,06060010_1573837135.png,dataset/val/10GHz/Away/06060010_1573837135.png,val,train,0,ua_0010|Away|1573837135,1f98ec5c35c14d67e66c6f0861b10e3259a21d5c9d1cfb535a3cca786027fb11
tasks/known_people_unknown_freq/dataset/train/10GHz/Away/06060010_1573837157.png,10GHz,Away,0,ua_0010,06060010_1573837157.png,dataset/val/10GHz/Away/06060010_1573837157.png,val,train,0,ua_0010|Away|1573837157,dbf51a854ea650c1593ffedce896cabad27a383a35af9f9af870a3d8141d0178
tasks/known_people_unknown_freq/dataset/train/10GHz/Away/06060010_1573837204.png,10GHz,Away,0,ua_0010,06060010_1573837204.png,dataset/val/10GHz/Away/06060010_1573837204.png,val,train,0,ua_0010|Away|1573837204,a150f0f7fe7859be6862fde9fdcc7c8db444c3112caafe0b0ed50f8e3b865d8f
tasks/known_people_unknown_freq/dataset/train/10GHz/Away/06060010_1573837254.png,10GHz,Away,0,ua_0010,06060010_1573837254.png,dataset/val/10GHz/Away/06060010_1573837254.png,val,train,0,ua_0010|Away|1573837254,c07aebdf2fd26ea5e874b6638778935f4aa6a0536dbcb964728a47e878cab9b2
tasks/known_people_unknown_freq/dataset/train/10GHz/Away/06060010_1573837370.png,10GHz,Away,0,ua_0010,06060010_1573837370.png,dataset/val/10GHz/Away/06060010_1573837370.png,val,train,0,ua_0010|Away|1573837370,ff524961e5f6c69e02c1604afba94c6deca9ef2d30ec51f298e2273f7b152066
tasks/known_people_unknown_freq/dataset/train/10GHz/Away/06060014_1574696370.png,10GHz,Away,0,ua_0014,06060014_1574696370.png,dataset/train/10GHz/Away/06060014_1574696370.png,train,train,0,ua_0014|Away|1574696370,0eae7700f61f9acf54a096fa9c7f15ecc44f95169cd4ee16d73e9fe6fd93c49b
tasks/known_people_unknown_freq/dataset/train/10GHz/Away/06060014_1574696394.png,10GHz,Away,0,ua_0014,06060014_1574696394.png,dataset/train/10GHz/Away/06060014_1574696394.png,train,train,0,ua_0014|Away|1574696394,41a72a0a4965d8e3cbd648ed1cf13f15f4c8364512a61978b219d863ddc28d44
tasks/known_people_unknown_freq/dataset/train/10GHz/Away/06060014_1574696433.png,10GHz,Away,0,ua_0014,06060014_1574696433.png,dataset/train/10GHz/Away/06060014_1574696433.png,train,train,0,ua_0014|Away|1574696433,4a3bcc5c47ed3baeb6d4b5c8d73d696d38fa22cdbb40d9a3469038cb7fd755a1
tasks/known_people_unknown_freq/dataset/train/10GHz/Away/06060014_1574696452.png,10GHz,Away,0,ua_0014,06060014_1574696452.png,dataset/train/10GHz/Away/06060014_1574696452.png,train,train,0,ua_0014|Away|1574696452,992dc710ffb7a8e9793ba0222c7313ca1174a61c1840b21fc66e2cc77b8203e1
tasks/known_people_unknown_freq/dataset/train/10GHz/Away/06060014_1574696470.png,10GHz,Away,0,ua_0014,06060014_1574696470.png,dataset/train/10GHz/Away/06060014_1574696470.png,train,train,0,ua_0014|Away|1574696470,434ba938dbb3603b9b8fb2e8e26525250e08c8f5f088651babf90ef4c0092abf
tasks/known_people_unknown_freq/dataset/train/10GHz/Away/06060029_1574114751.png,10GHz,Away,0,ua_0029,06060029_1574114751.png,dataset/train/10GHz/Away/06060029_1574114751.png,train,train,0,ua_0029|Away|1574114751,5f80e19aa80d1593ed50ad1dcc3a9c7b50007613ba20dc01511f1ef179b3c90c
tasks/known_people_unknown_freq/dataset/train/10GHz/Away/06060029_1574114770.png,10GHz,Away,0,ua_0029,06060029_1574114770.png,dataset/train/10GHz/Away/06060029_1574114770.png,train,train,0,ua_0029|Away|1574114770,295450b26be61bd6196d70c046d0181a08f5b413a7f743953049788c6a0d5603
tasks/known_people_unknown_freq/dataset/train/10GHz/Away/06060029_1574114809.png,10GHz,Away,0,ua_0029,06060029_1574114809.png,dataset/train/10GHz/Away/06060029_1574114809.png,train,train,0,ua_0029|Away|1574114809,eaac4710ac7e74d1fed69e35a12941c7b97983f506fac870ca0a3d42aee8bceb
tasks/known_people_unknown_freq/dataset/train/10GHz/Away/06060029_1574114829.png,10GHz,Away,0,ua_0029,06060029_1574114829.png,dataset/train/10GHz/Away/06060029_1574114829.png,train,train,0,ua_0029|Away|1574114829,d3b1e88bc6206ab64fd1e76d8eeca129446cc19d215fe7c0af7dc4be25afd1d3
tasks/known_people_unknown_freq/dataset/train/10GHz/Away/06060029_1574114849.png,10GHz,Away,0,ua_0029,06060029_1574114849.png,dataset/train/10GHz/Away/06060029_1574114849.png,train,train,0,ua_0029|Away|1574114849,813f8c1212f468fba38d23efa6aa3e570f3c3ffbedd205e4e5d6c6dfa58f9cd4
tasks/known_people_unknown_freq/dataset/train/10GHz/Away/06060029_1574626448.png,10GHz,Away,0,ua_0029,06060029_1574626448.png,dataset/train/10GHz/Away/06060029_1574626448.png,train,train,0,ua_0029|Away|1574626448,0d6924ac2568e216666318a0ed99e3a5eb7b1a1d75a58e871d54d12f101ecfbe
tasks/known_people_unknown_freq/dataset/train/10GHz/Away/06060029_1574626687.png,10GHz,Away,0,ua_0029,06060029_1574626687.png,dataset/train/10GHz/Away/06060029_1574626687.png,train,train,0,ua_0029|Away|1574626687,aeaee27e335e15933f30ff2756448b90b1de63e9dccd8322728fff0f99e41479
tasks/known_people_unknown_freq/dataset/train/10GHz/Away/06060029_1574627039.png,10GHz,Away,0,ua_0029,06060029_1574627039.png,dataset/train/10GHz/Away/06060029_1574627039.png,train,train,0,ua_0029|Away|1574627039,0b4de71b51ac85ee5a773df9e552c0d13af1f3819a5b1c4fb412b9eb760429eb
tasks/known_people_unknown_freq/dataset/train/10GHz/Away/06060029_1574627068.png,10GHz,Away,0,ua_0029,06060029_1574627068.png,dataset/train/10GHz/Away/06060029_1574627068.png,train,train,0,ua_0029|Away|1574627068,47fdd18516e1f9c05f6ee5100a7c89cb290263d9c5fabb9c2c93bb5000a9285b
tasks/known_people_unknown_freq/dataset/train/10GHz/Away/06060029_1574627087.png,10GHz,Away,0,ua_0029,06060029_1574627087.png,dataset/train/10GHz/Away/06060029_1574627087.png,train,train,0,ua_0029|Away|1574627087,d0f95c163be6808e8ee645f1e206feab17e7ce545f9af783b7953b4a78e38ebb
tasks/known_people_unknown_freq/dataset/train/10GHz/Away/06060029_1574627128.png,10GHz,Away,0,ua_0029,06060029_1574627128.png,dataset/train/10GHz/Away/06060029_1574627128.png,train,train,0,ua_0029|Away|1574627128,c50af6bc454ad73bc9b92c5b115a365f17eb20bd3658555055e2a7ed4f6c502e
tasks/known_people_unknown_freq/dataset/train/10GHz/Away/06060029_1574627154.png,10GHz,Away,0,ua_0029,06060029_1574627154.png,dataset/train/10GHz/Away/06060029_1574627154.png,train,train,0,ua_0029|Away|1574627154,1f625ca77a0b8fc367c24ca8fc8d7a3518cfee50ea0ca81cd5b69a306a62b3c3
tasks/known_people_unknown_freq/dataset/train/10GHz/Away/06060030_1574194202.png,10GHz,Away,0,ua_0030,06060030_1574194202.png,dataset/train/10GHz/Away/06060030_1574194202.png,train,train,0,ua_0030|Away|1574194202,207ea6adecb14e54fce618fa3c18ade4fc237230d8304e4f2a54d4ddb0298d3a
tasks/known_people_unknown_freq/dataset/train/10GHz/Away/06060030_1574194225.png,10GHz,Away,0,ua_0030,06060030_1574194225.png,dataset/train/10GHz/Away/06060030_1574194225.png,train,train,0,ua_0030|Away|1574194225,734b7f6184c10e46e3a5b9b216881e8e03991274a57e16b068d1ad95b7ba5e3e
tasks/known_people_unknown_freq/dataset/train/10GHz/Away/06060030_1574194249.png,10GHz,Away,0,ua_0030,06060030_1574194249.png,dataset/train/10GHz/Away/06060030_1574194249.png,train,train,0,ua_0030|Away|1574194249,40154f3742512052aea434e77cd73a94b8ea420b062a777f98022055c0d1113a
tasks/known_people_unknown_freq/dataset/train/10GHz/Away/06060030_1574194275.png,10GHz,Away,0,ua_0030,06060030_1574194275.png,dataset/train/10GHz/Away/06060030_1574194275.png,train,train,0,ua_0030|Away|1574194275,bad3a4984b9236390fbf119e85aa5a0704b07fb5c79cb02e88d3bce8cb112c4e
tasks/known_people_unknown_freq/dataset/train/10GHz/Away/06060030_1574194298.png,10GHz,Away,0,ua_0030,06060030_1574194298.png,dataset/train/10GHz/Away/06060030_1574194298.png,train,train,0,ua_0030|Away|1574194298,01af32d90163bad439842bfb145c07632a43becdaef2a5d1683080e90345da87
tasks/known_people_unknown_freq/dataset/train/10GHz/Away/06060030_1574194369.png,10GHz,Away,0,ua_0030,06060030_1574194369.png,dataset/train/10GHz/Away/06060030_1574194369.png,train,train,0,ua_0030|Away|1574194369,4de9d0f67d3df4bed4d8da2cb8d8a6b944df387f0132a64e4f300dcb3d846e97
tasks/known_people_unknown_freq/dataset/train/10GHz/Away/06060030_1574194391.png,10GHz,Away,0,ua_0030,06060030_1574194391.png,dataset/train/10GHz/Away/06060030_1574194391.png,train,train,0,ua_0030|Away|1574194391,1f10b224e3fc16b30aca4feb84939984886c763bc6e4b908f0b66413c6cc5bdc
tasks/known_people_unknown_freq/dataset/train/10GHz/Away/06060030_1574456948.png,10GHz,Away,0,ua_0030,06060030_1574456948.png,dataset/train/10GHz/Away/06060030_1574456948.png,train,train,0,ua_0030|Away|1574456948,f7671b00a5b1fc8cb12a725c9ffb2e1836c7e2d5f85a5106e3d2a7424074469e
tasks/known_people_unknown_freq/dataset/train/10GHz/Away/06060030_1574457011.png,10GHz,Away,0,ua_0030,06060030_1574457011.png,dataset/train/10GHz/Away/06060030_1574457011.png,train,train,0,ua_0030|Away|1574457011,b02a02bae331da47624bc7540b6ea5e8dae7f22dcb9c03de60c0559d442f6be0
tasks/known_people_unknown_freq/dataset/train/10GHz/Away/06060030_1574457052.png,10GHz,Away,0,ua_0030,06060030_1574457052.png,dataset/train/10GHz/Away/06060030_1574457052.png,train,train,0,ua_0030|Away|1574457052,7d4976500c5ab3dc48a7a11b516e2fd97de1e91e7d3b17fc2b45490554fd37ce
tasks/known_people_unknown_freq/dataset/train/10GHz/Away/06060030_1574457074.png,10GHz,Away,0,ua_0030,06060030_1574457074.png,dataset/train/10GHz/Away/06060030_1574457074.png,train,train,0,ua_0030|Away|1574457074,a88a66f271de64a529246c7c67fa3b6c5bbbefe4599440ac0c8a8c9989aa9380
tasks/known_people_unknown_freq/dataset/train/10GHz/Away/06060030_1574457136.png,10GHz,Away,0,ua_0030,06060030_1574457136.png,dataset/train/10GHz/Away/06060030_1574457136.png,train,train,0,ua_0030|Away|1574457136,13134bfb9b5f3949a14f9f7194752f045154d953c4ba1affe8856f3f6a42bbf5
tasks/known_people_unknown_freq/dataset/train/10GHz/Bend/06080010_1573837689.png,10GHz,Bend,1,ua_0010,06080010_1573837689.png,dataset/val/10GHz/Bend/06080010_1573837689.png,val,train,1,ua_0010|Bend|1573837689,d3be35136ef1e094eedded7a194862e3bcdb8bed93b4321efe6ee7904036c5e6
tasks/known_people_unknown_freq/dataset/train/10GHz/Bend/06080010_1573837709.png,10GHz,Bend,1,ua_0010,06080010_1573837709.png,dataset/val/10GHz/Bend/06080010_1573837709.png,val,train,1,ua_0010|Bend|1573837709,b1637e8b2b6142a7e94893673ff863573028ce7ffdd934d31b20a264a74f4011
tasks/known_people_unknown_freq/dataset/train/10GHz/Bend/06080010_1573837767.png,10GHz,Bend,1,ua_0010,06080010_1573837767.png,dataset/val/10GHz/Bend/06080010_1573837767.png,val,train,1,ua_0010|Bend|1573837767,705c441fb4dc2210ba0509c53589e1f9df0d87025f7da76dd38c681fe3e9fc16
tasks/known_people_unknown_freq/dataset/train/10GHz/Bend/06080010_1573837785.png,10GHz,Bend,1,ua_0010,06080010_1573837785.png,dataset/val/10GHz/Bend/06080010_1573837785.png,val,train,1,ua_0010|Bend|1573837785,1313d09e965d4565930c528083d70eea0e39091ffb47c2a61fb77539ec064783
tasks/known_people_unknown_freq/dataset/train/10GHz/Bend/06080010_1573837803.png,10GHz,Bend,1,ua_0010,06080010_1573837803.png,dataset/val/10GHz/Bend/06080010_1573837803.png,val,train,1,ua_0010|Bend|1573837803,17a19a32c939997d68834d218e1fb37871085b7f83f4e75da3b1d09528e302a8
tasks/known_people_unknown_freq/dataset/train/10GHz/Bend/06080014_1574696801.png,10GHz,Bend,1,ua_0014,06080014_1574696801.png,dataset/train/10GHz/Bend/06080014_1574696801.png,train,train,1,ua_0014|Bend|1574696801,02320e6ccd3f5751dff4fc9855814fa65139e896cc1ecbc5767244b5a63c56aa
tasks/known_people_unknown_freq/dataset/train/10GHz/Bend/06080014_1574696820.png,10GHz,Bend,1,ua_0014,06080014_1574696820.png,dataset/train/10GHz/Bend/06080014_1574696820.png,train,train,1,ua_0014|Bend|1574696820,b694b32b0b05c4744a827129a6fc55bd9314dadc8bad68493ed111dbb0dc3b38
tasks/known_people_unknown_freq/dataset/train/10GHz/Bend/06080014_1574696838.png,10GHz,Bend,1,ua_0014,06080014_1574696838.png,dataset/train/10GHz/Bend/06080014_1574696838.png,train,train,1,ua_0014|Bend|1574696838,928d65c6c09315b8e9a915b6b60d10c73310588b1872e3c27f94e7ad0bf5c2bc
tasks/known_people_unknown_freq/dataset/train/10GHz/Bend/06080014_1574696856.png,10GHz,Bend,1,ua_0014,06080014_1574696856.png,dataset/train/10GHz/Bend/06080014_1574696856.png,train,train,1,ua_0014|Bend|1574696856,5cf52d8fc814ea40262814ddc9394ba1dad4f28f2cdb254edb0165e5c16f8258
tasks/known_people_unknown_freq/dataset/train/10GHz/Bend/06080014_1574696941.png,10GHz,Bend,1,ua_0014,06080014_1574696941.png,dataset/train/10GHz/Bend/06080014_1574696941.png,train,train,1,ua_0014|Bend|1574696941,dfb417310ecbe523622dd5d9f9664f307c0b318493e9da5c1316fbc7129a6721
tasks/known_people_unknown_freq/dataset/train/10GHz/Bend/06080029_1574115523.png,10GHz,Bend,1,ua_0029,06080029_1574115523.png,dataset/train/10GHz/Bend/06080029_1574115523.png,train,train,1,ua_0029|Bend|1574115523,5ec8a236fd1d0bad8ef00cf8d43c51224e4807c038b3622bbe062c74c151617f
tasks/known_people_unknown_freq/dataset/train/10GHz/Bend/06080029_1574115541.png,10GHz,Bend,1,ua_0029,06080029_1574115541.png,dataset/train/10GHz/Bend/06080029_1574115541.png,train,train,1,ua_0029|Bend|1574115541,8308fb7ce1c56073b1a297d01d0b855deaff5bbd77ede93d4569ebbc19833155
tasks/known_people_unknown_freq/dataset/train/10GHz/Bend/06080029_1574115561.png,10GHz,Bend,1,ua_0029,06080029_1574115561.png,dataset/train/10GHz/Bend/06080029_1574115561.png,train,train,1,ua_0029|Bend|1574115561,ce61bd7139b14657cb4bdb1a061a6b01f1320f8451653d91d14df9912f33adb7
tasks/known_people_unknown_freq/dataset/train/10GHz/Bend/06080029_1574115580.png,10GHz,Bend,1,ua_0029,06080029_1574115580.png,dataset/train/10GHz/Bend/06080029_1574115580.png,train,train,1,ua_0029|Bend|1574115580,28296d9d91855b2ff9313f285a9ccc62c70ec5a55be72c81e10ea9b3faf99f08
tasks/known_people_unknown_freq/dataset/train/10GHz/Bend/06080029_1574627793.png,10GHz,Bend,1,ua_0029,06080029_1574627793.png,dataset/train/10GHz/Bend/06080029_1574627793.png,train,train,1,ua_0029|Bend|1574627793,371e527aeb5ef5932783c830acef1df731218682df6afc42463ccabb5cf2d50d
tasks/known_people_unknown_freq/dataset/train/10GHz/Bend/06080029_1574627830.png,10GHz,Bend,1,ua_0029,06080029_1574627830.png,dataset/train/10GHz/Bend/06080029_1574627830.png,train,train,1,ua_0029|Bend|1574627830,0264dcc2827e232847b41e5fbeef25ee3375e53684c8d25db355c48be17bdbdd
tasks/known_people_unknown_freq/dataset/train/10GHz/Bend/06080029_1574627848.png,10GHz,Bend,1,ua_0029,06080029_1574627848.png,dataset/train/10GHz/Bend/06080029_1574627848.png,train,train,1,ua_0029|Bend|1574627848,b80abb4e8c743bda9b630e8f7d8f05ca769fd8429932de740bb466350d643c2e
tasks/known_people_unknown_freq/dataset/train/10GHz/Bend/06080029_1574627935.png,10GHz,Bend,1,ua_0029,06080029_1574627935.png,dataset/train/10GHz/Bend/06080029_1574627935.png,train,train,1,ua_0029|Bend|1574627935,f3fb7df1b09d219961eb72ef94760b986e35c15f0b5c8381052f8989a103f386
tasks/known_people_unknown_freq/dataset/train/10GHz/Bend/06080029_1574627955.png,10GHz,Bend,1,ua_0029,06080029_1574627955.png,dataset/train/10GHz/Bend/06080029_1574627955.png,train,train,1,ua_0029|Bend|1574627955,04cd4c5bec89e8312370791fecffd7f3e1c2b23f4501b37e90fa1c7d88be45f0
tasks/known_people_unknown_freq/dataset/train/10GHz/Bend/06080029_1574627986.png,10GHz,Bend,1,ua_0029,06080029_1574627986.png,dataset/train/10GHz/Bend/06080029_1574627986.png,train,train,1,ua_0029|Bend|1574627986,caa362f19af97126480123c9386369873a92bab7bd7039fd3c3142134bff17cb
tasks/known_people_unknown_freq/dataset/train/10GHz/Bend/06080029_1574628005.png,10GHz,Bend,1,ua_0029,06080029_1574628005.png,dataset/train/10GHz/Bend/06080029_1574628005.png,train,train,1,ua_0029|Bend|1574628005,cc3d9118b518eded2dd50e844069815dc83ba94e1ab25148eecd14dceef34a5d
tasks/known_people_unknown_freq/dataset/train/10GHz/Bend/06080029_1574628024.png,10GHz,Bend,1,ua_0029,06080029_1574628024.png,dataset/train/10GHz/Bend/06080029_1574628024.png,train,train,1,ua_0029|Bend|1574628024,24b7336876735b31d7dabf290838263f6da09177a9b0b10e162204c0516c6bff
tasks/known_people_unknown_freq/dataset/train/10GHz/Bend/06080029_1574628042.png,10GHz,Bend,1,ua_0029,06080029_1574628042.png,dataset/train/10GHz/Bend/06080029_1574628042.png,train,train,1,ua_0029|Bend|1574628042,3f08c4f150617c46f6c4285d86898e105a662d36076c8cf41449f592c1fe0382
tasks/known_people_unknown_freq/dataset/train/10GHz/Bend/06080029_1574628060.png,10GHz,Bend,1,ua_0029,06080029_1574628060.png,dataset/train/10GHz/Bend/06080029_1574628060.png,train,train,1,ua_0029|Bend|1574628060,ec6e850b5ad762cb78f018479dcd0b2ae3274f248fccf6b3edbcb09020b07d20
tasks/known_people_unknown_freq/dataset/train/10GHz/Bend/06080030_1574194651.png,10GHz,Bend,1,ua_0030,06080030_1574194651.png,dataset/train/10GHz/Bend/06080030_1574194651.png,train,train,1,ua_0030|Bend|1574194651,f653de0669cdcf470b0aa3b4849da7ef9637af7ff55c92137ac0ad3dfb9ef9d4
tasks/known_people_unknown_freq/dataset/train/10GHz/Bend/06080030_1574194672.png,10GHz,Bend,1,ua_0030,06080030_1574194672.png,dataset/train/10GHz/Bend/06080030_1574194672.png,train,train,1,ua_0030|Bend|1574194672,94c09977d26b2b1ec0a46d35b15e195bf52d1b0e6716ef0ab4e5dd2fa8206512
tasks/known_people_unknown_freq/dataset/train/10GHz/Bend/06080030_1574194713.png,10GHz,Bend,1,ua_0030,06080030_1574194713.png,dataset/train/10GHz/Bend/06080030_1574194713.png,train,train,1,ua_0030|Bend|1574194713,20b1d7cea8d5552b60123b6d436167b445b5a34b9d68b933d8d78517a8c4b2fd
tasks/known_people_unknown_freq/dataset/train/10GHz/Bend/06080030_1574195000.png,10GHz,Bend,1,ua_0030,06080030_1574195000.png,dataset/train/10GHz/Bend/06080030_1574195000.png,train,train,1,ua_0030|Bend|1574195000,5dabd70340eab3fdde7edf9d16337593c916ff45572ec14aef7d5e6e0862e3b1
tasks/known_people_unknown_freq/dataset/train/10GHz/Bend/06080030_1574195019.png,10GHz,Bend,1,ua_0030,06080030_1574195019.png,dataset/train/10GHz/Bend/06080030_1574195019.png,train,train,1,ua_0030|Bend|1574195019,b4ecdd8d057b63d45b3eb342a0de610d3861cb846cff07d656ffb28cc2f4ad18
tasks/known_people_unknown_freq/dataset/train/10GHz/Bend/06080030_1574195038.png,10GHz,Bend,1,ua_0030,06080030_1574195038.png,dataset/train/10GHz/Bend/06080030_1574195038.png,train,train,1,ua_0030|Bend|1574195038,5c24d4c8c4d81974324f6a96f391471c53e65272579ecc44f6782c6c277b6dd8
tasks/known_people_unknown_freq/dataset/train/10GHz/Bend/06080030_1574195059.png,10GHz,Bend,1,ua_0030,06080030_1574195059.png,dataset/train/10GHz/Bend/06080030_1574195059.png,train,train,1,ua_0030|Bend|1574195059,efcc29fc75a57e6682905cffd4deb1f61c912795d7f12729c346661544dad82a
tasks/known_people_unknown_freq/dataset/train/10GHz/Bend/06080030_1574457991.png,10GHz,Bend,1,ua_0030,06080030_1574457991.png,dataset/train/10GHz/Bend/06080030_1574457991.png,train,train,1,ua_0030|Bend|1574457991,66dfa03145943fce83b25ca95e86c06974d587e3d37def885660093325d2b0df
tasks/known_people_unknown_freq/dataset/train/10GHz/Bend/06080030_1574458011.png,10GHz,Bend,1,ua_0030,06080030_1574458011.png,dataset/train/10GHz/Bend/06080030_1574458011.png,train,train,1,ua_0030|Bend|1574458011,7ef9c9d0119d8e65518c6ce09738d57f83cb6f54fe711de39398f5b9c8f84b9b
tasks/known_people_unknown_freq/dataset/train/10GHz/Bend/06080030_1574458096.png,10GHz,Bend,1,ua_0030,06080030_1574458096.png,dataset/train/10GHz/Bend/06080030_1574458096.png,train,train,1,ua_0030|Bend|1574458096,c75ab48c51f0f37322e4e5c57890a82e9e01eabf2729f23a2b57741924da27ec
tasks/known_people_unknown_freq/dataset/train/10GHz/Bend/06080030_1574458114.png,10GHz,Bend,1,ua_0030,06080030_1574458114.png,dataset/train/10GHz/Bend/06080030_1574458114.png,train,train,1,ua_0030|Bend|1574458114,bfaa9a95083d57c011bb91f81230b3c238bf316d7cf15a22d7a52d1db30a4507
tasks/known_people_unknown_freq/dataset/train/10GHz/Bend/06080030_1574458139.png,10GHz,Bend,1,ua_0030,06080030_1574458139.png,dataset/train/10GHz/Bend/06080030_1574458139.png,train,train,1,ua_0030|Bend|1574458139,da53b97f8ea9ce9b71a32703fb1199873963b684ee97127b7ce26a8591623f40
tasks/known_people_unknown_freq/dataset/train/10GHz/Bend/06080030_1574458157.png,10GHz,Bend,1,ua_0030,06080030_1574458157.png,dataset/train/10GHz/Bend/06080030_1574458157.png,train,train,1,ua_0030|Bend|1574458157,ce48268fc2532e869c3829cde33b6d503401d4c7120a08e33a4fd49845acaf2f
tasks/known_people_unknown_freq/dataset/train/10GHz/Kneel/06100014_1574698108.png,10GHz,Kneel,2,ua_0014,06100014_1574698108.png,dataset/train/10GHz/Kneel/06100014_1574698108.png,train,train,3,ua_0014|Kneel|1574698108,e34e815efada44779455a338a073c26b2ead240e0d36d6373b6d92793d9e3367
tasks/known_people_unknown_freq/dataset/train/10GHz/Kneel/06100014_1574698127.png,10GHz,Kneel,2,ua_0014,06100014_1574698127.png,dataset/train/10GHz/Kneel/06100014_1574698127.png,train,train,3,ua_0014|Kneel|1574698127,cb4075fb49b20642c8bf9d1605d75e03174aad5807a3c2da9a5a4f1a53bc4101
tasks/known_people_unknown_freq/dataset/train/10GHz/Kneel/06100014_1574698146.png,10GHz,Kneel,2,ua_0014,06100014_1574698146.png,dataset/train/10GHz/Kneel/06100014_1574698146.png,train,train,3,ua_0014|Kneel|1574698146,465d98613007ae7ca93a99a66749a1ea13a042fb531a5b7f2b8876ab7873d0a4
tasks/known_people_unknown_freq/dataset/train/10GHz/Kneel/06100014_1574698165.png,10GHz,Kneel,2,ua_0014,06100014_1574698165.png,dataset/train/10GHz/Kneel/06100014_1574698165.png,train,train,3,ua_0014|Kneel|1574698165,34b9264ad3fc52387e4856e95563397ada7dce414927ad3fff90be755fc66b1d
tasks/known_people_unknown_freq/dataset/train/10GHz/Kneel/06100014_1574698203.png,10GHz,Kneel,2,ua_0014,06100014_1574698203.png,dataset/train/10GHz/Kneel/06100014_1574698203.png,train,train,3,ua_0014|Kneel|1574698203,18838a3ad5b1cb3a9464285932294d856229f20a0d9e3cc5edca606898106b9a
tasks/known_people_unknown_freq/dataset/train/10GHz/Kneel/06100014_1574698222.png,10GHz,Kneel,2,ua_0014,06100014_1574698222.png,dataset/train/10GHz/Kneel/06100014_1574698222.png,train,train,3,ua_0014|Kneel|1574698222,36340d4b20230e07e05fa6a1ed7432ed8f6328c09ca2f6d8fbd1cb2885f2c7bf
tasks/known_people_unknown_freq/dataset/train/10GHz/Kneel/06100029_1574116027.png,10GHz,Kneel,2,ua_0029,06100029_1574116027.png,dataset/train/10GHz/Kneel/06100029_1574116027.png,train,train,3,ua_0029|Kneel|1574116027,3c917dd0f2a12ddabee593daffa36cf3057a4e562e7676cf5a28381e108d1fd7
tasks/known_people_unknown_freq/dataset/train/10GHz/Kneel/06100029_1574116046.png,10GHz,Kneel,2,ua_0029,06100029_1574116046.png,dataset/train/10GHz/Kneel/06100029_1574116046.png,train,train,3,ua_0029|Kneel|1574116046,68170694d1b7fe78360f09de4914ef3d8752add91142202cf447ed36598513b0
tasks/known_people_unknown_freq/dataset/train/10GHz/Kneel/06100029_1574116064.png,10GHz,Kneel,2,ua_0029,06100029_1574116064.png,dataset/train/10GHz/Kneel/06100029_1574116064.png,train,train,3,ua_0029|Kneel|1574116064,8225118c8a34a2b3ac59256476328f8fff6221a69ced8d924318673d3e01d3b7
tasks/known_people_unknown_freq/dataset/train/10GHz/Kneel/06100029_1574116083.png,10GHz,Kneel,2,ua_0029,06100029_1574116083.png,dataset/train/10GHz/Kneel/06100029_1574116083.png,train,train,3,ua_0029|Kneel|1574116083,6e8f56b97dec78b4d360a73938db0c5649c3077141e54725c2299bbad449f9cd
tasks/known_people_unknown_freq/dataset/train/10GHz/Kneel/06100029_1574116122.png,10GHz,Kneel,2,ua_0029,06100029_1574116122.png,dataset/train/10GHz/Kneel/06100029_1574116122.png,train,train,3,ua_0029|Kneel|1574116122,96efa00c34b7e17385063611a9a1dec17ebe989b868ca781af0b438563e22a33
tasks/known_people_unknown_freq/dataset/train/10GHz/Kneel/06100029_1574116141.png,10GHz,Kneel,2,ua_0029,06100029_1574116141.png,dataset/train/10GHz/Kneel/06100029_1574116141.png,train,train,3,ua_0029|Kneel|1574116141,fc31f14ce26c3893a82bb6fca11efeebb1f2aaedff1a2227abd0cb4a833f1449
tasks/known_people_unknown_freq/dataset/train/10GHz/Kneel/06100029_1574628541.png,10GHz,Kneel,2,ua_0029,06100029_1574628541.png,dataset/train/10GHz/Kneel/06100029_1574628541.png,train,train,3,ua_0029|Kneel|1574628541,8232b08bba8c9dbd5e6baf18903547855f145ac4990533e5cd882214f1fc472b
tasks/known_people_unknown_freq/dataset/train/10GHz/Kneel/06100029_1574628560.png,10GHz,Kneel,2,ua_0029,06100029_1574628560.png,dataset/train/10GHz/Kneel/06100029_1574628560.png,train,train,3,ua_0029|Kneel|1574628560,1ae9bd1b3b387390e9c6319b45355f6db0b8d87292154e94e7750e91a40ecadb
tasks/known_people_unknown_freq/dataset/train/10GHz/Kneel/06100029_1574628616.png,10GHz,Kneel,2,ua_0029,06100029_1574628616.png,dataset/train/10GHz/Kneel/06100029_1574628616.png,train,train,3,ua_0029|Kneel|1574628616,5825dc25535af03f41ed40c35a68c6ac9e6d51f324c87d12b38a14cb07fba608
tasks/known_people_unknown_freq/dataset/train/10GHz/Kneel/06100029_1574628634.png,10GHz,Kneel,2,ua_0029,06100029_1574628634.png,dataset/train/10GHz/Kneel/06100029_1574628634.png,train,train,3,ua_0029|Kneel|1574628634,1b74937afe64ae535bac5751ea068ff571a4f8b79b55906aa23133b8063f82c7
tasks/known_people_unknown_freq/dataset/train/10GHz/Kneel/06100030_1574195462.png,10GHz,Kneel,2,ua_0030,06100030_1574195462.png,dataset/train/10GHz/Kneel/06100030_1574195462.png,train,train,3,ua_0030|Kneel|1574195462,12fff4d334220fada5090633919e44ae96b21d2d51c558e37c635f7e1a31d459
tasks/known_people_unknown_freq/dataset/train/10GHz/Kneel/06100030_1574195482.png,10GHz,Kneel,2,ua_0030,06100030_1574195482.png,dataset/train/10GHz/Kneel/06100030_1574195482.png,train,train,3,ua_0030|Kneel|1574195482,bdae42888840cd9d30d856b2ac1dc2e07d9308d7a6de114e4ce0e8ee0c0cb0c4
tasks/known_people_unknown_freq/dataset/train/10GHz/Kneel/06100030_1574195502.png,10GHz,Kneel,2,ua_0030,06100030_1574195502.png,dataset/train/10GHz/Kneel/06100030_1574195502.png,train,train,3,ua_0030|Kneel|1574195502,ee9e34e0f7ef89f8074fe09ae41dd933fbfd7e9d3716a1f233b4f8b667944da8
tasks/known_people_unknown_freq/dataset/train/10GHz/Kneel/06100030_1574195520.png,10GHz,Kneel,2,ua_0030,06100030_1574195520.png,dataset/train/10GHz/Kneel/06100030_1574195520.png,train,train,3,ua_0030|Kneel|1574195520,4f12c5ac33b8936aed9d08f390e33942031cb7956ec273c56ae0984e2327acc6
tasks/known_people_unknown_freq/dataset/train/10GHz/Kneel/06100030_1574195539.png,10GHz,Kneel,2,ua_0030,06100030_1574195539.png,dataset/train/10GHz/Kneel/06100030_1574195539.png,train,train,3,ua_0030|Kneel|1574195539,1cfcc15ae05d804a3cdeacb60736e1553f5100d63edd5a0154d781ae6314d499
tasks/known_people_unknown_freq/dataset/train/10GHz/Kneel/06100030_1574195557.png,10GHz,Kneel,2,ua_0030,06100030_1574195557.png,dataset/train/10GHz/Kneel/06100030_1574195557.png,train,train,3,ua_0030|Kneel|1574195557,3eebbdb1b301ee8d94831fdc2fcd718a8fbb475b7b4f5d41110ab0743ce922d4
tasks/known_people_unknown_freq/dataset/train/10GHz/Kneel/06100030_1574195802.png,10GHz,Kneel,2,ua_0030,06100030_1574195802.png,dataset/train/10GHz/Kneel/06100030_1574195802.png,train,train,3,ua_0030|Kneel|1574195802,ceed821436ae0fe877e1c1db9c840d36892fe3d221b42232fc884021006e6490
tasks/known_people_unknown_freq/dataset/train/10GHz/Kneel/06100030_1574458850.png,10GHz,Kneel,2,ua_0030,06100030_1574458850.png,dataset/train/10GHz/Kneel/06100030_1574458850.png,train,train,3,ua_0030|Kneel|1574458850,6f1d3b1cb37a2133415294ad1876198c8db7cdb814c1ab9e3fee65b2ec00dda2
tasks/known_people_unknown_freq/dataset/train/10GHz/Kneel/06100030_1574458866.png,10GHz,Kneel,2,ua_0030,06100030_1574458866.png,dataset/train/10GHz/Kneel/06100030_1574458866.png,train,train,3,ua_0030|Kneel|1574458866,a6e1bb8bbd85135d9961305ee28465346c1eeaac898a896b5120888bdd2085cf
tasks/known_people_unknown_freq/dataset/train/10GHz/Kneel/06100030_1574458884.png,10GHz,Kneel,2,ua_0030,06100030_1574458884.png,dataset/train/10GHz/Kneel/06100030_1574458884.png,train,train,3,ua_0030|Kneel|1574458884,e2cff4873fd9f873dc492a591a3faa1f0d326ab27fb616dbfb5f65e0bd518a9b
tasks/known_people_unknown_freq/dataset/train/10GHz/Kneel/06100030_1574458902.png,10GHz,Kneel,2,ua_0030,06100030_1574458902.png,dataset/train/10GHz/Kneel/06100030_1574458902.png,train,train,3,ua_0030|Kneel|1574458902,593f3de0fbd232ac4544dfda9b2bb3f5ff96c8db2dbfff45bed2277d922f4490
tasks/known_people_unknown_freq/dataset/train/10GHz/Kneel/06100030_1574458938.png,10GHz,Kneel,2,ua_0030,06100030_1574458938.png,dataset/train/10GHz/Kneel/06100030_1574458938.png,train,train,3,ua_0030|Kneel|1574458938,2cbfd03d6914110886b72fe5ccf097a0f0d9ad66299edb838deedefef05c139c
tasks/known_people_unknown_freq/dataset/train/10GHz/Kneel/06100030_1574458956.png,10GHz,Kneel,2,ua_0030,06100030_1574458956.png,dataset/train/10GHz/Kneel/06100030_1574458956.png,train,train,3,ua_0030|Kneel|1574458956,7284290983f456654de6701c2673b8babf7f9ddbc8f204f2b498ebc4fb6a0b00
tasks/known_people_unknown_freq/dataset/train/10GHz/Kneel/06100030_1574458991.png,10GHz,Kneel,2,ua_0030,06100030_1574458991.png,dataset/train/10GHz/Kneel/06100030_1574458991.png,train,train,3,ua_0030|Kneel|1574458991,67056473bf2e772cdd3422097ea353c3dc73befcf94dabac66b1b4888f052f49
tasks/known_people_unknown_freq/dataset/train/10GHz/Kneel/06100030_1574459016.png,10GHz,Kneel,2,ua_0030,06100030_1574459016.png,dataset/train/10GHz/Kneel/06100030_1574459016.png,train,train,3,ua_0030|Kneel|1574459016,813cf05ef03a2a768f45b0bdd65978c4a33ae769855a68c4edc8de889f4a3671
tasks/known_people_unknown_freq/dataset/train/10GHz/Pick/06070010_1573837435.png,10GHz,Pick,3,ua_0010,06070010_1573837435.png,dataset/val/10GHz/Pick/06070010_1573837435.png,val,train,5,ua_0010|Pick|1573837435,53e81dac2f42a7ee2ca60f3245dadd0a89d640d56e00233b0521c1092174ee82
tasks/known_people_unknown_freq/dataset/train/10GHz/Pick/06070010_1573837456.png,10GHz,Pick,3,ua_0010,06070010_1573837456.png,dataset/val/10GHz/Pick/06070010_1573837456.png,val,train,5,ua_0010|Pick|1573837456,0d676eb39dcf7909ee8959f6c8deadfe2609a2d2bbfa5ff55c28b55c919401eb
tasks/known_people_unknown_freq/dataset/train/10GHz/Pick/06070010_1573837478.png,10GHz,Pick,3,ua_0010,06070010_1573837478.png,dataset/val/10GHz/Pick/06070010_1573837478.png,val,train,5,ua_0010|Pick|1573837478,f5791947da03a659dfb0c5b59c504ad4e8e4fecc51acda85abb70fc0abb372f2
tasks/known_people_unknown_freq/dataset/train/10GHz/Pick/06070010_1573837502.png,10GHz,Pick,3,ua_0010,06070010_1573837502.png,dataset/val/10GHz/Pick/06070010_1573837502.png,val,train,5,ua_0010|Pick|1573837502,b21d1c957d7463dda7401e721d35e8cab4545c56faf217e2ff90d9e61f366274
tasks/known_people_unknown_freq/dataset/train/10GHz/Pick/06070010_1573837550.png,10GHz,Pick,3,ua_0010,06070010_1573837550.png,dataset/val/10GHz/Pick/06070010_1573837550.png,val,train,5,ua_0010|Pick|1573837550,73ca3facd3d12003efb13f30e008cde2f52d40ee9f2212265ff43de4355d2434
tasks/known_people_unknown_freq/dataset/train/10GHz/Pick/06070010_1573837573.png,10GHz,Pick,3,ua_0010,06070010_1573837573.png,dataset/val/10GHz/Pick/06070010_1573837573.png,val,train,5,ua_0010|Pick|1573837573,7b4e772ef8ccb91112a16f9bf2a4dee8107dca8cc25b3997cb6e1fc507fc0b15
tasks/known_people_unknown_freq/dataset/train/10GHz/Pick/06070010_1573837622.png,10GHz,Pick,3,ua_0010,06070010_1573837622.png,dataset/val/10GHz/Pick/06070010_1573837622.png,val,train,5,ua_0010|Pick|1573837622,e05d206cdc6da1f9116edd8d0296a178b0f0474a29e776a7ffa2c5580383542e
tasks/known_people_unknown_freq/dataset/train/10GHz/Pick/06070014_1574696560.png,10GHz,Pick,3,ua_0014,06070014_1574696560.png,dataset/train/10GHz/Pick/06070014_1574696560.png,train,train,5,ua_0014|Pick|1574696560,3fed47fe1d35c32137e11f12517bb211776369899bc1ea3bc039bddfdf27b0f5
tasks/known_people_unknown_freq/dataset/train/10GHz/Pick/06070014_1574696589.png,10GHz,Pick,3,ua_0014,06070014_1574696589.png,dataset/train/10GHz/Pick/06070014_1574696589.png,train,train,5,ua_0014|Pick|1574696589,09f851f23861d38e96232e2dd5cdc6db630d5fc9baf67a053ea139f07020c9cb
tasks/known_people_unknown_freq/dataset/train/10GHz/Pick/06070014_1574696688.png,10GHz,Pick,3,ua_0014,06070014_1574696688.png,dataset/train/10GHz/Pick/06070014_1574696688.png,train,train,5,ua_0014|Pick|1574696688,691baebbded041d388788f829b89f1275f66f22ce565bcea28ae59416b5228f9
tasks/known_people_unknown_freq/dataset/train/10GHz/Pick/06070014_1574696706.png,10GHz,Pick,3,ua_0014,06070014_1574696706.png,dataset/train/10GHz/Pick/06070014_1574696706.png,train,train,5,ua_0014|Pick|1574696706,5cbd58865af5ea1519b2339bff397bb79a0a27cb0e1cf870129949139f3ce42f
tasks/known_people_unknown_freq/dataset/train/10GHz/Pick/06070014_1574696727.png,10GHz,Pick,3,ua_0014,06070014_1574696727.png,dataset/train/10GHz/Pick/06070014_1574696727.png,train,train,5,ua_0014|Pick|1574696727,aee698fc99a57768d544a339a1418e5a01b714018f75538185d726d53e8a36fc
tasks/known_people_unknown_freq/dataset/train/10GHz/Pick/06070029_1574115138.png,10GHz,Pick,3,ua_0029,06070029_1574115138.png,dataset/train/10GHz/Pick/06070029_1574115138.png,train,train,5,ua_0029|Pick|1574115138,89b024de7dd7281693edd270e3bccacd2ecc4269b1fd888078d966fc4ec0ceb6
tasks/known_people_unknown_freq/dataset/train/10GHz/Pick/06070029_1574115158.png,10GHz,Pick,3,ua_0029,06070029_1574115158.png,dataset/train/10GHz/Pick/06070029_1574115158.png,train,train,5,ua_0029|Pick|1574115158,3f0c314cfa6da8f45f7099f7359d0920cc91e197eef1cf20dd1e6b983e857fdd
tasks/known_people_unknown_freq/dataset/train/10GHz/Pick/06070029_1574115178.png,10GHz,Pick,3,ua_0029,06070029_1574115178.png,dataset/train/10GHz/Pick/06070029_1574115178.png,train,train,5,ua_0029|Pick|1574115178,a1ac6f104ae35bc1cbc3a9a92d9aa3dd237e1bcc8bea1290a51af201e6347ec3
tasks/known_people_unknown_freq/dataset/train/10GHz/Pick/06070029_1574115263.png,10GHz,Pick,3,ua_0029,06070029_1574115263.png,dataset/train/10GHz/Pick/06070029_1574115263.png,train,train,5,ua_0029|Pick|1574115263,6d3ee7fea82a0a37684b58a0fad51712a18938c02a19ca232106c17a2f2068cf
tasks/known_people_unknown_freq/dataset/train/10GHz/Pick/06070029_1574115281.png,10GHz,Pick,3,ua_0029,06070029_1574115281.png,dataset/train/10GHz/Pick/06070029_1574115281.png,train,train,5,ua_0029|Pick|1574115281,548088deb9b0c51a31a0a1234c2e754e6cc414b59a0d53c80781f6575040dc40
tasks/known_people_unknown_freq/dataset/train/10GHz/Pick/06070029_1574115300.png,10GHz,Pick,3,ua_0029,06070029_1574115300.png,dataset/train/10GHz/Pick/06070029_1574115300.png,train,train,5,ua_0029|Pick|1574115300,a63e4b0340f1ab2c09cabfe5b2485eebf0eaca39de9f273452763237e9ea1c8c
tasks/known_people_unknown_freq/dataset/train/10GHz/Pick/06070029_1574627323.png,10GHz,Pick,3,ua_0029,06070029_1574627323.png,dataset/train/10GHz/Pick/06070029_1574627323.png,train,train,5,ua_0029|Pick|1574627323,afc2af2cda495d5f04777d10b0a73435593eb37eccfa2f314fe188f04e2d3528
tasks/known_people_unknown_freq/dataset/train/10GHz/Pick/06070029_1574627347.png,10GHz,Pick,3,ua_0029,06070029_1574627347.png,dataset/train/10GHz/Pick/06070029_1574627347.png,train,train,5,ua_0029|Pick|1574627347,6a42a1cbc5b3f222dd2c61562b4b628f000ecc52b8596d51d8cb70fc1647f0b5
tasks/known_people_unknown_freq/dataset/train/10GHz/Pick/06070029_1574627388.png,10GHz,Pick,3,ua_0029,06070029_1574627388.png,dataset/train/10GHz/Pick/06070029_1574627388.png,train,train,5,ua_0029|Pick|1574627388,14731b67a4e358257f00c6f7f021e6ee12dfe8c3aa426045d42cae63ae8aeaa6
tasks/known_people_unknown_freq/dataset/train/10GHz/Pick/06070029_1574627654.png,10GHz,Pick,3,ua_0029,06070029_1574627654.png,dataset/train/10GHz/Pick/06070029_1574627654.png,train,train,5,ua_0029|Pick|1574627654,9492846464f93a903951342bc213316322e6df9e4f50a699ee11ae87e336fa0e
tasks/known_people_unknown_freq/dataset/train/10GHz/Pick/06070029_1574627704.png,10GHz,Pick,3,ua_0029,06070029_1574627704.png,dataset/train/10GHz/Pick/06070029_1574627704.png,train,train,5,ua_0029|Pick|1574627704,25c33072cc1b6ed47807d8cd7d08eda33d013bd2b9a3dd7a89a2dea79cb140f4
tasks/known_people_unknown_freq/dataset/train/10GHz/Pick/06070029_1574627723.png,10GHz,Pick,3,ua_0029,06070029_1574627723.png,dataset/train/10GHz/Pick/06070029_1574627723.png,train,train,5,ua_0029|Pick|1574627723,fe8d225f18f7a7746f7ecf5013106e0a9ce87607db27aedcace038bf8b8b2493
tasks/known_people_unknown_freq/dataset/train/10GHz/Pick/06070029_1574627743.png,10GHz,Pick,3,ua_0029,06070029_1574627743.png,dataset/train/10GHz/Pick/06070029_1574627743.png,train,train,5,ua_0029|Pick|1574627743,1a148392671a47f5875a05b126e13fd3a1499b8deed0a47221a716668cc2646a
tasks/known_people_unknown_freq/dataset/train/10GHz/Pick/06070030_1574194424.png,10GHz,Pick,3,ua_0030,06070030_1574194424.png,dataset/train/10GHz/Pick/06070030_1574194424.png,train,train,5,ua_0030|Pick|1574194424,10c490d84e066e99ed55ba1e5da28c75f75fdda0d4fea777fa8695063a810f1f
tasks/known_people_unknown_freq/dataset/train/10GHz/Pick/06070030_1574194488.png,10GHz,Pick,3,ua_0030,06070030_1574194488.png,dataset/train/10GHz/Pick/06070030_1574194488.png,train,train,5,ua_0030|Pick|1574194488,223b58619228dc466f1363d6ffc7e42a8ce7428063746695492783e6d212fc70
tasks/known_people_unknown_freq/dataset/train/10GHz/Pick/06070030_1574194508.png,10GHz,Pick,3,ua_0030,06070030_1574194508.png,dataset/train/10GHz/Pick/06070030_1574194508.png,train,train,5,ua_0030|Pick|1574194508,34d5b946f02a6a126233538a1e65f37626d3c0a223e818e54b61cace4bf9f90a
tasks/known_people_unknown_freq/dataset/train/10GHz/Pick/06070030_1574194528.png,10GHz,Pick,3,ua_0030,06070030_1574194528.png,dataset/train/10GHz/Pick/06070030_1574194528.png,train,train,5,ua_0030|Pick|1574194528,741b465cb9e7084f0e1d90c336a151f39ad2b9f109e52a9e41ccb21772463324
tasks/known_people_unknown_freq/dataset/train/10GHz/Pick/06070030_1574194547.png,10GHz,Pick,3,ua_0030,06070030_1574194547.png,dataset/train/10GHz/Pick/06070030_1574194547.png,train,train,5,ua_0030|Pick|1574194547,7268adeeab1decc5d698a5db5b2d1f8c1ee9c85f96540f9e5768bb90916bab77
tasks/known_people_unknown_freq/dataset/train/10GHz/Pick/06070030_1574457190.png,10GHz,Pick,3,ua_0030,06070030_1574457190.png,dataset/train/10GHz/Pick/06070030_1574457190.png,train,train,5,ua_0030|Pick|1574457190,18e269ed7fddad19cb121e82c543de4b23fbfcca26b87e0e688a1973b71ea04f
tasks/known_people_unknown_freq/dataset/train/10GHz/Pick/06070030_1574457212.png,10GHz,Pick,3,ua_0030,06070030_1574457212.png,dataset/train/10GHz/Pick/06070030_1574457212.png,train,train,5,ua_0030|Pick|1574457212,518dd68669c0e8e32fbd36af65e38a7ea4e0ca3cc40b17dce321f8a423be5072
tasks/known_people_unknown_freq/dataset/train/10GHz/Pick/06070030_1574457253.png,10GHz,Pick,3,ua_0030,06070030_1574457253.png,dataset/train/10GHz/Pick/06070030_1574457253.png,train,train,5,ua_0030|Pick|1574457253,de8e5231252e9a7ffa198e555bb7191722e4979b79bdc7699f55e18400c5b37b
tasks/known_people_unknown_freq/dataset/train/10GHz/Pick/06070030_1574457274.png,10GHz,Pick,3,ua_0030,06070030_1574457274.png,dataset/train/10GHz/Pick/06070030_1574457274.png,train,train,5,ua_0030|Pick|1574457274,f09fb7b1389f7376baebe7ae519a32dfd1d947bb7573f8d0207436e80f44057f
tasks/known_people_unknown_freq/dataset/train/10GHz/Pick/06070030_1574457946.png,10GHz,Pick,3,ua_0030,06070030_1574457946.png,dataset/train/10GHz/Pick/06070030_1574457946.png,train,train,5,ua_0030|Pick|1574457946,ff9154a218989bb5f4430637ffb0b6ec773019c4ec3a861cb42d650ccd0873a3
tasks/known_people_unknown_freq/dataset/train/10GHz/SStep/06180010_1573840267.png,10GHz,SStep,4,ua_0010,06180010_1573840267.png,dataset/val/10GHz/SStep/06180010_1573840267.png,val,train,6,ua_0010|SStep|1573840267,817625bd1199136d278005a29f445753371669c40c342099af0aa5aa33d491f2
tasks/known_people_unknown_freq/dataset/train/10GHz/SStep/06180010_1573840288.png,10GHz,SStep,4,ua_0010,06180010_1573840288.png,dataset/val/10GHz/SStep/06180010_1573840288.png,val,train,6,ua_0010|SStep|1573840288,13e861cd11665c8b71f144ce3d16e037d7cd27e1deda9ce45bc3acca6e364466
tasks/known_people_unknown_freq/dataset/train/10GHz/SStep/06180014_1574699126.png,10GHz,SStep,4,ua_0014,06180014_1574699126.png,dataset/train/10GHz/SStep/06180014_1574699126.png,train,train,6,ua_0014|SStep|1574699126,1101f45afa38debeac4f1e17e6efbd310f91ed945141954f7e73457bfd9a8ec5
tasks/known_people_unknown_freq/dataset/train/10GHz/SStep/06180014_1574699146.png,10GHz,SStep,4,ua_0014,06180014_1574699146.png,dataset/train/10GHz/SStep/06180014_1574699146.png,train,train,6,ua_0014|SStep|1574699146,8f50bd24f36af3fada5bc973e3001bf80b298612223f0bb47103641ce144ceb1
tasks/known_people_unknown_freq/dataset/train/10GHz/SStep/06180014_1574699191.png,10GHz,SStep,4,ua_0014,06180014_1574699191.png,dataset/train/10GHz/SStep/06180014_1574699191.png,train,train,6,ua_0014|SStep|1574699191,798dced1d8caa08bb0e1f4d6f60aa51e082d043437bbbab29ae55fca101cd3c4
tasks/known_people_unknown_freq/dataset/train/10GHz/SStep/06180014_1574699251.png,10GHz,SStep,4,ua_0014,06180014_1574699251.png,dataset/train/10GHz/SStep/06180014_1574699251.png,train,train,6,ua_0014|SStep|1574699251,9517d85a9a19bee042e2eec65dab86d6675efdf3398979e57562f29346d4c46c
tasks/known_people_unknown_freq/dataset/train/10GHz/SStep/06180029_1574117498.png,10GHz,SStep,4,ua_0029,06180029_1574117498.png,dataset/train/10GHz/SStep/06180029_1574117498.png,train,train,6,ua_0029|SStep|1574117498,9b381def9f2871f326f98a45ec914ca1f87c539703ae0cda8ed290527644b7c3
tasks/known_people_unknown_freq/dataset/train/10GHz/SStep/06180029_1574117518.png,10GHz,SStep,4,ua_0029,06180029_1574117518.png,dataset/train/10GHz/SStep/06180029_1574117518.png,train,train,6,ua_0029|SStep|1574117518,a759c182e1e940aa1e6badf5c5bf399a1c8ad2bdacc93ea0ca34bef2460012cd
tasks/known_people_unknown_freq/dataset/train/10GHz/SStep/06180029_1574117555.png,10GHz,SStep,4,ua_0029,06180029_1574117555.png,dataset/train/10GHz/SStep/06180029_1574117555.png,train,train,6,ua_0029|SStep|1574117555,7ad9bf2451d695064b888edaade54897013b3cf753368b192d243bd68b310705
tasks/known_people_unknown_freq/dataset/train/10GHz/SStep/06180029_1574117627.png,10GHz,SStep,4,ua_0029,06180029_1574117627.png,dataset/train/10GHz/SStep/06180029_1574117627.png,train,train,6,ua_0029|SStep|1574117627,89f4cfb18d235d638736fbc5afb7a57579ad4ae5411af4112845c155cd755d67
tasks/known_people_unknown_freq/dataset/train/10GHz/SStep/06180029_1574117647.png,10GHz,SStep,4,ua_0029,06180029_1574117647.png,dataset/train/10GHz/SStep/06180029_1574117647.png,train,train,6,ua_0029|SStep|1574117647,f354d474dedea4d0b31a53b108b933e6a75695367b0222cc2474a1b96e3bc4fb
tasks/known_people_unknown_freq/dataset/train/10GHz/SStep/06180029_1574117666.png,10GHz,SStep,4,ua_0029,06180029_1574117666.png,dataset/train/10GHz/SStep/06180029_1574117666.png,train,train,6,ua_0029|SStep|1574117666,3ca8aab4c41e2a194ffc5039614bdf833c03711fc7737ff64071150b8f2fa219
tasks/known_people_unknown_freq/dataset/train/10GHz/SStep/06180029_1574629378.png,10GHz,SStep,4,ua_0029,06180029_1574629378.png,dataset/train/10GHz/SStep/06180029_1574629378.png,train,train,6,ua_0029|SStep|1574629378,3e6c0f28e19a2ff858f3aabaa936c6a171c14fa2594b915fe8ba4c9f1c44050b
tasks/known_people_unknown_freq/dataset/train/10GHz/SStep/06180029_1574629397.png,10GHz,SStep,4,ua_0029,06180029_1574629397.png,dataset/train/10GHz/SStep/06180029_1574629397.png,train,train,6,ua_0029|SStep|1574629397,2dbed9e921419d09b0c536d429b29b47acf72f7f149166a8698d69a13d8e19df
tasks/known_people_unknown_freq/dataset/train/10GHz/SStep/06180029_1574629415.png,10GHz,SStep,4,ua_0029,06180029_1574629415.png,dataset/train/10GHz/SStep/06180029_1574629415.png,train,train,6,ua_0029|SStep|1574629415,7f12dbf5cd1c670305a76f3c71dba1fe058096250a0ee91ab875c70b71d007df
tasks/known_people_unknown_freq/dataset/train/10GHz/SStep/06180029_1574629474.png,10GHz,SStep,4,ua_0029,06180029_1574629474.png,dataset/train/10GHz/SStep/06180029_1574629474.png,train,train,6,ua_0029|SStep|1574629474,47c3f05bd2de05fd0c240167bba8c7af8cc1c753f80a109a07a9f573f04eb9e6
tasks/known_people_unknown_freq/dataset/train/10GHz/SStep/06180029_1574629512.png,10GHz,SStep,4,ua_0029,06180029_1574629512.png,dataset/train/10GHz/SStep/06180029_1574629512.png,train,train,6,ua_0029|SStep|1574629512,cdeb8cab2df7689c46fe83ff312bd30e5452f426f0b7602aef2bcd76486cdae0
tasks/known_people_unknown_freq/dataset/train/10GHz/SStep/06180029_1574629533.png,10GHz,SStep,4,ua_0029,06180029_1574629533.png,dataset/train/10GHz/SStep/06180029_1574629533.png,train,train,6,ua_0029|SStep|1574629533,4a773e42fd8c37300c819ef21be65badf54de41e3d31679bec4d61dbf04c574b
tasks/known_people_unknown_freq/dataset/train/10GHz/SStep/06180029_1574629552.png,10GHz,SStep,4,ua_0029,06180029_1574629552.png,dataset/train/10GHz/SStep/06180029_1574629552.png,train,train,6,ua_0029|SStep|1574629552,a1ed489fced86a24378192779fd03d641085c0b8a9cfe0bfbb31b6b491269f83
tasks/known_people_unknown_freq/dataset/train/10GHz/SStep/06180029_1574629570.png,10GHz,SStep,4,ua_0029,06180029_1574629570.png,dataset/train/10GHz/SStep/06180029_1574629570.png,train,train,6,ua_0029|SStep|1574629570,db66bb7b181522716b77962af04cf4d8fdfae533faca508b88e036526790731e
tasks/known_people_unknown_freq/dataset/train/10GHz/SStep/06180030_1574196837.png,10GHz,SStep,4,ua_0030,06180030_1574196837.png,dataset/train/10GHz/SStep/06180030_1574196837.png,train,train,6,ua_0030|SStep|1574196837,565bc5853fc7f562e2ba6fad89362683051d25ee2b1907352c6941ba2c40e1c0
tasks/known_people_unknown_freq/dataset/train/10GHz/SStep/06180030_1574196905.png,10GHz,SStep,4,ua_0030,06180030_1574196905.png,dataset/train/10GHz/SStep/06180030_1574196905.png,train,train,6,ua_0030|SStep|1574196905,aa7f247dc3494d8672579eedf0a01de6b4429723483740319441dc6e90cb6c38
tasks/known_people_unknown_freq/dataset/train/10GHz/SStep/06180030_1574196927.png,10GHz,SStep,4,ua_0030,06180030_1574196927.png,dataset/train/10GHz/SStep/06180030_1574196927.png,train,train,6,ua_0030|SStep|1574196927,c045741f81ebb31b02f8a081f9e7f188ae885dd2f42821465bc2cb22dd9289a4
tasks/known_people_unknown_freq/dataset/train/10GHz/SStep/06180030_1574196968.png,10GHz,SStep,4,ua_0030,06180030_1574196968.png,dataset/train/10GHz/SStep/06180030_1574196968.png,train,train,6,ua_0030|SStep|1574196968,b542f79fab8d37b86306cc64246ead4ad586c075fd32b843e0a1573af72d5bde
tasks/known_people_unknown_freq/dataset/train/10GHz/SStep/06180030_1574196992.png,10GHz,SStep,4,ua_0030,06180030_1574196992.png,dataset/train/10GHz/SStep/06180030_1574196992.png,train,train,6,ua_0030|SStep|1574196992,da428e2febfc9419a37007a767d74df60729d58d916ec46452c278c7e594f04a
tasks/known_people_unknown_freq/dataset/train/10GHz/SStep/06180030_1574197013.png,10GHz,SStep,4,ua_0030,06180030_1574197013.png,dataset/train/10GHz/SStep/06180030_1574197013.png,train,train,6,ua_0030|SStep|1574197013,fb2ee5a78a56f64627ff604e254ca0269ab29041836d56dbea1b2238cf47dc8b
tasks/known_people_unknown_freq/dataset/train/10GHz/SStep/06180030_1574197034.png,10GHz,SStep,4,ua_0030,06180030_1574197034.png,dataset/train/10GHz/SStep/06180030_1574197034.png,train,train,6,ua_0030|SStep|1574197034,87b535a5fb009dd3646bc49d0435dea803e87abc37e8419da24f9d951f2cedd5
tasks/known_people_unknown_freq/dataset/train/10GHz/SStep/06180030_1574460138.png,10GHz,SStep,4,ua_0030,06180030_1574460138.png,dataset/train/10GHz/SStep/06180030_1574460138.png,train,train,6,ua_0030|SStep|1574460138,e7d3ed1ed0bb1ddb3550346420b122df1e36e585c93adf45a2c1a2dd9678cecd
tasks/known_people_unknown_freq/dataset/train/10GHz/SStep/06180030_1574460197.png,10GHz,SStep,4,ua_0030,06180030_1574460197.png,dataset/train/10GHz/SStep/06180030_1574460197.png,train,train,6,ua_0030|SStep|1574460197,bc976eeb70f64baf4c3e064c38dd2eae7de93b4a936fb141985a69e746146e83
tasks/known_people_unknown_freq/dataset/train/10GHz/SStep/06180030_1574460235.png,10GHz,SStep,4,ua_0030,06180030_1574460235.png,dataset/train/10GHz/SStep/06180030_1574460235.png,train,train,6,ua_0030|SStep|1574460235,840c1e16c75f27d4ba5cbb1a827105feb06a65106fabc847875403724fae45f0
tasks/known_people_unknown_freq/dataset/train/10GHz/Sit/06090014_1574696977.png,10GHz,Sit,5,ua_0014,06090014_1574696977.png,dataset/train/10GHz/Sit/06090014_1574696977.png,train,train,8,ua_0014|Sit|1574696977,8a87c3606c4c4488f38790831a6e9e8bb3331c9c8f1c121da7aa2466a2f2350e
tasks/known_people_unknown_freq/dataset/train/10GHz/Sit/06090014_1574697018.png,10GHz,Sit,5,ua_0014,06090014_1574697018.png,dataset/train/10GHz/Sit/06090014_1574697018.png,train,train,8,ua_0014|Sit|1574697018,bff6fa7e16c7440d6f83d2ce367ac12de95dfb06753657d7be1f05896bcce694
tasks/known_people_unknown_freq/dataset/train/10GHz/Sit/06090014_1574697038.png,10GHz,Sit,5,ua_0014,06090014_1574697038.png,dataset/train/10GHz/Sit/06090014_1574697038.png,train,train,8,ua_0014|Sit|1574697038,e0cdcbf87bdadede181d0e58ed91fad2a594c2c22cdc78db2d479b645ac56782
tasks/known_people_unknown_freq/dataset/train/10GHz/Sit/06090014_1574697058.png,10GHz,Sit,5,ua_0014,06090014_1574697058.png,dataset/train/10GHz/Sit/06090014_1574697058.png,train,train,8,ua_0014|Sit|1574697058,5968e1aaa74ffe5a58dac5df23a4ba1e4e7074335aa41d1863539d1cc98f3981
tasks/known_people_unknown_freq/dataset/train/10GHz/Sit/06090014_1574697076.png,10GHz,Sit,5,ua_0014,06090014_1574697076.png,dataset/train/10GHz/Sit/06090014_1574697076.png,train,train,8,ua_0014|Sit|1574697076,7132a7708f9fb7d050f4d6d644afc6bbb51e90d4cf9c7e6da34a023d5d5ff348
tasks/known_people_unknown_freq/dataset/train/10GHz/Sit/06090014_1574697095.png,10GHz,Sit,5,ua_0014,06090014_1574697095.png,dataset/train/10GHz/Sit/06090014_1574697095.png,train,train,8,ua_0014|Sit|1574697095,3f3ed7e4d7615da305cf903d091386271610cb45c1a1673e7b914295cf811930
tasks/known_people_unknown_freq/dataset/train/10GHz/Sit/06090014_1574697390.png,10GHz,Sit,5,ua_0014,06090014_1574697390.png,dataset/train/10GHz/Sit/06090014_1574697390.png,train,train,8,ua_0014|Sit|1574697390,00ce15c7d1610f95476a1f84cffdacaa916efc8b0e4c31dc1c313657d534b324
tasks/known_people_unknown_freq/dataset/train/10GHz/Sit/06090014_1574697897.png,10GHz,Sit,5,ua_0014,06090014_1574697897.png,dataset/train/10GHz/Sit/06090014_1574697897.png,train,train,8,ua_0014|Sit|1574697897,3a168c9167fe42632b12c640480c1b4f46c6246ab058652fe4fff24d99ef3917
tasks/known_people_unknown_freq/dataset/train/10GHz/Sit/06090014_1574697936.png,10GHz,Sit,5,ua_0014,06090014_1574697936.png,dataset/train/10GHz/Sit/06090014_1574697936.png,train,train,8,ua_0014|Sit|1574697936,e6411ec08bc039e7d418d8f90b0cd926b7ab99a7c2d6ebe47740e1cb27b6f9ae
tasks/known_people_unknown_freq/dataset/train/10GHz/Sit/06090014_1574697974.png,10GHz,Sit,5,ua_0014,06090014_1574697974.png,dataset/train/10GHz/Sit/06090014_1574697974.png,train,train,8,ua_0014|Sit|1574697974,5dd6af78bc1c1be63a40686694b7d6a4e6f8a769f23bf21b362f65f1b79c01d8
tasks/known_people_unknown_freq/dataset/train/10GHz/Sit/06090029_1574115666.png,10GHz,Sit,5,ua_0029,06090029_1574115666.png,dataset/train/10GHz/Sit/06090029_1574115666.png,train,train,8,ua_0029|Sit|1574115666,9541859df5dbb22c501856a52b4f4e440d1238a2215433522d896fff602ca014
tasks/known_people_unknown_freq/dataset/train/10GHz/Sit/06090029_1574115686.png,10GHz,Sit,5,ua_0029,06090029_1574115686.png,dataset/train/10GHz/Sit/06090029_1574115686.png,train,train,8,ua_0029|Sit|1574115686,2df2e74e4c81e50ecc4e59b76961ab8c5258fb50b975cdfeefff0120f1522da1
tasks/known_people_unknown_freq/dataset/train/10GHz/Sit/06090029_1574115726.png,10GHz,Sit,5,ua_0029,06090029_1574115726.png,dataset/train/10GHz/Sit/06090029_1574115726.png,train,train,8,ua_0029|Sit|1574115726,326d4ca8c3e46736e4f9609b2a83bbb883cf3ce6091d1115ba04684964f36deb
tasks/known_people_unknown_freq/dataset/train/10GHz/Sit/06090029_1574115745.png,10GHz,Sit,5,ua_0029,06090029_1574115745.png,dataset/train/10GHz/Sit/06090029_1574115745.png,train,train,8,ua_0029|Sit|1574115745,987b565033c9569ba5d7fa9930351ddb816c757efdd948488b3ba1f2f9a3d537
tasks/known_people_unknown_freq/dataset/train/10GHz/Sit/06090029_1574115784.png,10GHz,Sit,5,ua_0029,06090029_1574115784.png,dataset/train/10GHz/Sit/06090029_1574115784.png,train,train,8,ua_0029|Sit|1574115784,7be1ac117ebafb79adaf5fe79bac055bd8e5394d171c43c7b13c7ab5590219ad
tasks/known_people_unknown_freq/dataset/train/10GHz/Sit/06090029_1574628100.png,10GHz,Sit,5,ua_0029,06090029_1574628100.png,dataset/train/10GHz/Sit/06090029_1574628100.png,train,train,8,ua_0029|Sit|1574628100,b4afcb79fef5e6c70af59ab858c00ce7a8756ef8dc99c92f8bece66033c05edb
tasks/known_people_unknown_freq/dataset/train/10GHz/Sit/06090029_1574628120.png,10GHz,Sit,5,ua_0029,06090029_1574628120.png,dataset/train/10GHz/Sit/06090029_1574628120.png,train,train,8,ua_0029|Sit|1574628120,00b1e4b926e2455d12c673c9a6eb71f978efa6cd6d4f1b13baa4aac7b2c0ac28
tasks/known_people_unknown_freq/dataset/train/10GHz/Sit/06090029_1574628141.png,10GHz,Sit,5,ua_0029,06090029_1574628141.png,dataset/train/10GHz/Sit/06090029_1574628141.png,train,train,8,ua_0029|Sit|1574628141,0540bd8f0acc29b7cacc4ec2409e1548510666b7637a279169161ffb9699754f
tasks/known_people_unknown_freq/dataset/train/10GHz/Sit/06090029_1574628160.png,10GHz,Sit,5,ua_0029,06090029_1574628160.png,dataset/train/10GHz/Sit/06090029_1574628160.png,train,train,8,ua_0029|Sit|1574628160,fe9615daeeffb235c24dce9c3c60384cdc1a9dcddd0787c9529e401adbf0d090
tasks/known_people_unknown_freq/dataset/train/10GHz/Sit/06090029_1574628440.png,10GHz,Sit,5,ua_0029,06090029_1574628440.png,dataset/train/10GHz/Sit/06090029_1574628440.png,train,train,8,ua_0029|Sit|1574628440,f256cbafdae4e05ae470bdb64222aefb0021b7fff5cb28b6690d9dbc6c9d0b40
tasks/known_people_unknown_freq/dataset/train/10GHz/Sit/06090030_1574195230.png,10GHz,Sit,5,ua_0030,06090030_1574195230.png,dataset/train/10GHz/Sit/06090030_1574195230.png,train,train,8,ua_0030|Sit|1574195230,fdf6f4cb6354acf03acdb96c7fef445bef263e2983e1874b914e2d984b48b664
tasks/known_people_unknown_freq/dataset/train/10GHz/Sit/06090030_1574195274.png,10GHz,Sit,5,ua_0030,06090030_1574195274.png,dataset/train/10GHz/Sit/06090030_1574195274.png,train,train,8,ua_0030|Sit|1574195274,198b83ff3d4668454237ed0b9b3ddc62aa8860531fe515f80e75234faca1a4cd
tasks/known_people_unknown_freq/dataset/train/10GHz/Sit/06090030_1574195313.png,10GHz,Sit,5,ua_0030,06090030_1574195313.png,dataset/train/10GHz/Sit/06090030_1574195313.png,train,train,8,ua_0030|Sit|1574195313,dcd5ff2135e777914536388813539b2709324fbf5ab822a342507b77ad9c5609
tasks/known_people_unknown_freq/dataset/train/10GHz/Sit/06090030_1574195332.png,10GHz,Sit,5,ua_0030,06090030_1574195332.png,dataset/train/10GHz/Sit/06090030_1574195332.png,train,train,8,ua_0030|Sit|1574195332,a944cbff20dda6774df45deae90254fff236fbcd56f52fd37544706ffcff64b1
tasks/known_people_unknown_freq/dataset/train/10GHz/Sit/06090030_1574195351.png,10GHz,Sit,5,ua_0030,06090030_1574195351.png,dataset/train/10GHz/Sit/06090030_1574195351.png,train,train,8,ua_0030|Sit|1574195351,2f65fcf26fce013f2b8c89efd34ff1cbab5a344e7bf44b06418909f34285be0d
tasks/known_people_unknown_freq/dataset/train/10GHz/Sit/06090030_1574195391.png,10GHz,Sit,5,ua_0030,06090030_1574195391.png,dataset/train/10GHz/Sit/06090030_1574195391.png,train,train,8,ua_0030|Sit|1574195391,6ef89ab5dea9dd053003cc3088377a467e3fdb79b85a30fd33ea92b98509f55c
tasks/known_people_unknown_freq/dataset/train/10GHz/Sit/06090030_1574458226.png,10GHz,Sit,5,ua_0030,06090030_1574458226.png,dataset/train/10GHz/Sit/06090030_1574458226.png,train,train,8,ua_0030|Sit|1574458226,389b3d123442367d0035215e0302c807e56370762a0ae15fd538da8d4a6c85c1
tasks/known_people_unknown_freq/dataset/train/10GHz/Sit/06090030_1574458245.png,10GHz,Sit,5,ua_0030,06090030_1574458245.png,dataset/train/10GHz/Sit/06090030_1574458245.png,train,train,8,ua_0030|Sit|1574458245,ce77f2e8603a2b4856b5bbf49e47d8cba75a43d67767685c644cf8b6a68bc314
tasks/known_people_unknown_freq/dataset/train/10GHz/Sit/06090030_1574458265.png,10GHz,Sit,5,ua_0030,06090030_1574458265.png,dataset/train/10GHz/Sit/06090030_1574458265.png,train,train,8,ua_0030|Sit|1574458265,b1201c77e601432f19584c5f81695c889a868b46069d4ee275cca8bec8d8abbb
tasks/known_people_unknown_freq/dataset/train/10GHz/Sit/06090030_1574458283.png,10GHz,Sit,5,ua_0030,06090030_1574458283.png,dataset/train/10GHz/Sit/06090030_1574458283.png,train,train,8,ua_0030|Sit|1574458283,aa44e4735b81535bc63241caf15abb92e453a854a65d594845a3aef381eb483b
tasks/known_people_unknown_freq/dataset/train/10GHz/Sit/06090030_1574458785.png,10GHz,Sit,5,ua_0030,06090030_1574458785.png,dataset/train/10GHz/Sit/06090030_1574458785.png,train,train,8,ua_0030|Sit|1574458785,b3e3241a285c9fede1307dfc9c7727efb6d828cc61a2c0e3d16f8e5c1e7c2d63
tasks/known_people_unknown_freq/dataset/train/10GHz/Towards/06050010_1573836864.png,10GHz,Towards,6,ua_0010,06050010_1573836864.png,dataset/val/10GHz/Towards/06050010_1573836864.png,val,train,10,ua_0010|Towards|1573836864,f33db641005d8fcb89a4a8772b6bfe305a4d7ec5fc8f1f1d61ed194c0ad48cb3
tasks/known_people_unknown_freq/dataset/train/10GHz/Towards/06050010_1573836889.png,10GHz,Towards,6,ua_0010,06050010_1573836889.png,dataset/val/10GHz/Towards/06050010_1573836889.png,val,train,10,ua_0010|Towards|1573836889,c9b28884055495263ccfb39f8e399767fd16bd8fa4287f83f86aadcd1a7807df
tasks/known_people_unknown_freq/dataset/train/10GHz/Towards/06050010_1573836957.png,10GHz,Towards,6,ua_0010,06050010_1573836957.png,dataset/val/10GHz/Towards/06050010_1573836957.png,val,train,10,ua_0010|Towards|1573836957,66b547444eb7207aa9794134cadb1197589c6ea1ad57c1b46798c0cb119ce731
tasks/known_people_unknown_freq/dataset/train/10GHz/Towards/06050010_1573836980.png,10GHz,Towards,6,ua_0010,06050010_1573836980.png,dataset/val/10GHz/Towards/06050010_1573836980.png,val,train,10,ua_0010|Towards|1573836980,4c9d9abae50e41841e40e055a5c609a3c45a19af844fbc2fbb6755521a0ed6e7
tasks/known_people_unknown_freq/dataset/train/10GHz/Towards/06050010_1573837002.png,10GHz,Towards,6,ua_0010,06050010_1573837002.png,dataset/val/10GHz/Towards/06050010_1573837002.png,val,train,10,ua_0010|Towards|1573837002,0ec1ac1ff2c7e8e45941dddcf27659e19c4f14818453d2e54059a31f9c3f5e85
tasks/known_people_unknown_freq/dataset/train/10GHz/Towards/06050010_1573837024.png,10GHz,Towards,6,ua_0010,06050010_1573837024.png,dataset/val/10GHz/Towards/06050010_1573837024.png,val,train,10,ua_0010|Towards|1573837024,0d04339dc05f09cd4339e47c5d9ea4a3bfe9bee7305a0b12419dd240a4cb901a
tasks/known_people_unknown_freq/dataset/train/10GHz/Towards/06050010_1573837045.png,10GHz,Towards,6,ua_0010,06050010_1573837045.png,dataset/val/10GHz/Towards/06050010_1573837045.png,val,train,10,ua_0010|Towards|1573837045,518f4e7d63d5191de92467d8bedcc92f9a4cce721aa2f3762f8abb06bf3ccb9b
tasks/known_people_unknown_freq/dataset/train/10GHz/Towards/06050029_1574114447.png,10GHz,Towards,6,ua_0029,06050029_1574114447.png,dataset/train/10GHz/Towards/06050029_1574114447.png,train,train,10,ua_0029|Towards|1574114447,fe74a6911e43403927b7ef6e45592d96f38a4244e146df6739e607575a0cf843
tasks/known_people_unknown_freq/dataset/train/10GHz/Towards/06050029_1574114550.png,10GHz,Towards,6,ua_0029,06050029_1574114550.png,dataset/train/10GHz/Towards/06050029_1574114550.png,train,train,10,ua_0029|Towards|1574114550,acbe91e6738494c0522a69bda5bc7312a84f1e67f04a9e02ac143989c0dbd020
tasks/known_people_unknown_freq/dataset/train/10GHz/Towards/06050029_1574114569.png,10GHz,Towards,6,ua_0029,06050029_1574114569.png,dataset/train/10GHz/Towards/06050029_1574114569.png,train,train,10,ua_0029|Towards|1574114569,7b8c13bc428d25eb4ed9091a20d04b3aaf07d380f4c50f697988125cb61c759d
tasks/known_people_unknown_freq/dataset/train/10GHz/Towards/06050029_1574114588.png,10GHz,Towards,6,ua_0029,06050029_1574114588.png,dataset/train/10GHz/Towards/06050029_1574114588.png,train,train,10,ua_0029|Towards|1574114588,fc5ef5baee09deaf9ee837a5104c0fb896ef30a309f54b97cc942c6eb838da8c
tasks/known_people_unknown_freq/dataset/train/10GHz/Towards/06050029_1574114606.png,10GHz,Towards,6,ua_0029,06050029_1574114606.png,dataset/train/10GHz/Towards/06050029_1574114606.png,train,train,10,ua_0029|Towards|1574114606,f2b24472befe8f94a0e51797559bd07ac028e861992d23775c828a78e1002db1
tasks/known_people_unknown_freq/dataset/train/10GHz/Towards/06050029_1574626210.png,10GHz,Towards,6,ua_0029,06050029_1574626210.png,dataset/train/10GHz/Towards/06050029_1574626210.png,train,train,10,ua_0029|Towards|1574626210,b7cb976a94b90d65fa29151659330cd241f210ddeed7143464fbfeca188dd328
tasks/known_people_unknown_freq/dataset/train/10GHz/Towards/06050029_1574626307.png,10GHz,Towards,6,ua_0029,06050029_1574626307.png,dataset/train/10GHz/Towards/06050029_1574626307.png,train,train,10,ua_0029|Towards|1574626307,ba8faae8a0c4332399d848d2489a42a5cb103e1d2dfec75b1c022b6199161422
tasks/known_people_unknown_freq/dataset/train/10GHz/Towards/06050029_1574626331.png,10GHz,Towards,6,ua_0029,06050029_1574626331.png,dataset/train/10GHz/Towards/06050029_1574626331.png,train,train,10,ua_0029|Towards|1574626331,b6576f9b8298c608aae943dd0266f83dcedcb774b04e261ed3300c0e7ec594ea
tasks/known_people_unknown_freq/dataset/train/10GHz/Towards/06050029_1574626372.png,10GHz,Towards,6,ua_0029,06050029_1574626372.png,dataset/train/10GHz/Towards/06050029_1574626372.png,train,train,10,ua_0029|Towards|1574626372,5699d6f717351211865b58842ae65ab2a9318229179ae53ad81f2cc738f69ab0
tasks/known_people_unknown_freq/dataset/train/10GHz/Towards/06050029_1574626392.png,10GHz,Towards,6,ua_0029,06050029_1574626392.png,dataset/train/10GHz/Towards/06050029_1574626392.png,train,train,10,ua_0029|Towards|1574626392,5b95c3245af24811c2ae19826ca7a6c7acfc0bf9b6d4a2f23b0db41d4129ce68
tasks/known_people_unknown_freq/dataset/train/10GHz/Towards/06050030_1574193880.png,10GHz,Towards,6,ua_0030,06050030_1574193880.png,dataset/train/10GHz/Towards/06050030_1574193880.png,train,train,10,ua_0030|Towards|1574193880,5240bbcc4b4035ad800ad0989b23b544f80d9906280c8eda8363199a379e2746
tasks/known_people_unknown_freq/dataset/train/10GHz/Towards/06050030_1574193925.png,10GHz,Towards,6,ua_0030,06050030_1574193925.png,dataset/train/10GHz/Towards/06050030_1574193925.png,train,train,10,ua_0030|Towards|1574193925,fba25fcdd97df6dc60a0afccf734750e34329c79c74b463036a1cb9c37ffc5f0
tasks/known_people_unknown_freq/dataset/train/10GHz/Towards/06050030_1574193946.png,10GHz,Towards,6,ua_0030,06050030_1574193946.png,dataset/train/10GHz/Towards/06050030_1574193946.png,train,train,10,ua_0030|Towards|1574193946,6c4cf2a7aec16f5a11763c19d9ffef1ef8003d19c2ded62b345ff103e12c1c87
tasks/known_people_unknown_freq/dataset/train/10GHz/Towards/06050030_1574193984.png,10GHz,Towards,6,ua_0030,06050030_1574193984.png,dataset/train/10GHz/Towards/06050030_1574193984.png,train,train,10,ua_0030|Towards|1574193984,28b1fafacdf8abedb4acf6dbc8bce6b3d36a0e065a110bad314ff00480cfb002
tasks/known_people_unknown_freq/dataset/train/10GHz/Towards/06050030_1574194068.png,10GHz,Towards,6,ua_0030,06050030_1574194068.png,dataset/train/10GHz/Towards/06050030_1574194068.png,train,train,10,ua_0030|Towards|1574194068,0347ab4092eed741f65ea9d2cf126d26413d4b0aa06f1afac3003378fdd56080
tasks/known_people_unknown_freq/dataset/train/10GHz/Towards/06050030_1574194145.png,10GHz,Towards,6,ua_0030,06050030_1574194145.png,dataset/train/10GHz/Towards/06050030_1574194145.png,train,train,10,ua_0030|Towards|1574194145,5fdebb2b08f50f7e1bd93b5b2533a1bf0ed661e69ee2ff5d529ef9a408f13046
tasks/known_people_unknown_freq/dataset/train/10GHz/Towards/06050030_1574456646.png,10GHz,Towards,6,ua_0030,06050030_1574456646.png,dataset/train/10GHz/Towards/06050030_1574456646.png,train,train,10,ua_0030|Towards|1574456646,54a2dea165a0d785ccb5126a1e85266e1ddfd127c70bd7f61715a56b006155e5
tasks/known_people_unknown_freq/dataset/train/10GHz/Towards/06050030_1574456705.png,10GHz,Towards,6,ua_0030,06050030_1574456705.png,dataset/train/10GHz/Towards/06050030_1574456705.png,train,train,10,ua_0030|Towards|1574456705,f9d8d6a13e795ff0cacc1ec2774d80f5eb78c9d755824323870fbf75647063bb
tasks/known_people_unknown_freq/dataset/train/10GHz/Towards/06050030_1574456771.png,10GHz,Towards,6,ua_0030,06050030_1574456771.png,dataset/train/10GHz/Towards/06050030_1574456771.png,train,train,10,ua_0030|Towards|1574456771,b252c2e3f92e6a7ae9d4c7087df5b9329d91279d14df05120b270b5cf0479dd1
tasks/known_people_unknown_freq/dataset/train/10GHz/Towards/06050030_1574456812.png,10GHz,Towards,6,ua_0030,06050030_1574456812.png,dataset/train/10GHz/Towards/06050030_1574456812.png,train,train,10,ua_0030|Towards|1574456812,3ea5072cbc7eea534ff4fa129b546dc00aab7a5e66c94a860d6df1931385f195
tasks/known_people_unknown_freq/dataset/train/10GHz/Towards/06050030_1574456837.png,10GHz,Towards,6,ua_0030,06050030_1574456837.png,dataset/train/10GHz/Towards/06050030_1574456837.png,train,train,10,ua_0030|Towards|1574456837,e548a93bb031943838bb6dee147540b330ecce93f61ae8692021b3ab3d93a8dd
tasks/known_people_unknown_freq/dataset/train/10GHz/Towards/06050030_1574456859.png,10GHz,Towards,6,ua_0030,06050030_1574456859.png,dataset/train/10GHz/Towards/06050030_1574456859.png,train,train,10,ua_0030|Towards|1574456859,b53efc2c74d3417d14a01e181774ec265c1bab84a5514c67325e40c77cebfaf3
tasks/known_people_unknown_freq/dataset/val/10GHz/Away/06060010_1573837181.png,10GHz,Away,0,ua_0010,06060010_1573837181.png,dataset/val/10GHz/Away/06060010_1573837181.png,val,val,0,ua_0010|Away|1573837181,fb84866fcaece0a47926949d91c7e2414111e55bd351f93315818ac966bae789
tasks/known_people_unknown_freq/dataset/val/10GHz/Away/06060010_1573837276.png,10GHz,Away,0,ua_0010,06060010_1573837276.png,dataset/val/10GHz/Away/06060010_1573837276.png,val,val,0,ua_0010|Away|1573837276,65b6ad66e816a322c408cc820919792ef7589ea10ce838b0fabe4f476541fe81
tasks/known_people_unknown_freq/dataset/val/10GHz/Away/06060014_1574696490.png,10GHz,Away,0,ua_0014,06060014_1574696490.png,dataset/train/10GHz/Away/06060014_1574696490.png,train,val,0,ua_0014|Away|1574696490,60bbe9beef2ab7f32bcd695cce39aa2b06ed391644bd268c2d759a9abfcc6f24
tasks/known_people_unknown_freq/dataset/val/10GHz/Away/06060029_1574114789.png,10GHz,Away,0,ua_0029,06060029_1574114789.png,dataset/train/10GHz/Away/06060029_1574114789.png,train,val,0,ua_0029|Away|1574114789,a1d5e06c962b6a21553d8b2b62e77fc998316a6fbc27ec0c9063067c4531ad8c
tasks/known_people_unknown_freq/dataset/val/10GHz/Away/06060029_1574114867.png,10GHz,Away,0,ua_0029,06060029_1574114867.png,dataset/train/10GHz/Away/06060029_1574114867.png,train,val,0,ua_0029|Away|1574114867,6a4b712eaa12166b57ef69f518874f447a82c7f59b86715609385dded5ca0a68
tasks/known_people_unknown_freq/dataset/val/10GHz/Away/06060029_1574627273.png,10GHz,Away,0,ua_0029,06060029_1574627273.png,dataset/train/10GHz/Away/06060029_1574627273.png,train,val,0,ua_0029|Away|1574627273,c72db282f4f4c089f4241014010b9561dffaf5ceb2e30df7292e5971d6c1ad29
tasks/known_people_unknown_freq/dataset/val/10GHz/Away/06060030_1574194179.png,10GHz,Away,0,ua_0030,06060030_1574194179.png,dataset/train/10GHz/Away/06060030_1574194179.png,train,val,0,ua_0030|Away|1574194179,997e45006a1459d262c1242c80c1d73b7d76dec68196849cb76f302a1af6a164
tasks/known_people_unknown_freq/dataset/val/10GHz/Away/06060030_1574194345.png,10GHz,Away,0,ua_0030,06060030_1574194345.png,dataset/train/10GHz/Away/06060030_1574194345.png,train,val,0,ua_0030|Away|1574194345,137512dc5b2b1530ee80ec19aa007386c946adabb636804503de4acc479d337e
tasks/known_people_unknown_freq/dataset/val/10GHz/Away/06060030_1574456989.png,10GHz,Away,0,ua_0030,06060030_1574456989.png,dataset/train/10GHz/Away/06060030_1574456989.png,train,val,0,ua_0030|Away|1574456989,58d2035e94555a2f84dd9e9f75775c746b1351bbedfd77affa5337118070ea06
tasks/known_people_unknown_freq/dataset/val/10GHz/Bend/06080010_1573837729.png,10GHz,Bend,1,ua_0010,06080010_1573837729.png,dataset/val/10GHz/Bend/06080010_1573837729.png,val,val,1,ua_0010|Bend|1573837729,94744d5821a388672fb51f3bc3f8adff8346a376e89c0f19760393a75fd98f2b
tasks/known_people_unknown_freq/dataset/val/10GHz/Bend/06080010_1573837944.png,10GHz,Bend,1,ua_0010,06080010_1573837944.png,dataset/val/10GHz/Bend/06080010_1573837944.png,val,val,1,ua_0010|Bend|1573837944,2eb1bc7f5a4b2b5d3fdee285bc4cb4db2b50c2c53920897f885b4867d4458646
tasks/known_people_unknown_freq/dataset/val/10GHz/Bend/06080014_1574696766.png,10GHz,Bend,1,ua_0014,06080014_1574696766.png,dataset/train/10GHz/Bend/06080014_1574696766.png,train,val,1,ua_0014|Bend|1574696766,b4d9c7e948d5ab5b64f9327f38d2a2869bd8f71c90144074194a81c8df6ceac6
tasks/known_people_unknown_freq/dataset/val/10GHz/Bend/06080014_1574696894.png,10GHz,Bend,1,ua_0014,06080014_1574696894.png,dataset/train/10GHz/Bend/06080014_1574696894.png,train,val,1,ua_0014|Bend|1574696894,8a0eca7fda5b577a4884471711f042d61dc1d600d2f0e51c4dad796abac01754
tasks/known_people_unknown_freq/dataset/val/10GHz/Bend/06080029_1574115481.png,10GHz,Bend,1,ua_0029,06080029_1574115481.png,dataset/train/10GHz/Bend/06080029_1574115481.png,train,val,1,ua_0029|Bend|1574115481,b6f48bdbbaafb6c95b50ead6ec2760cfda0ce93f45b3afd4f5cb0d37e58010f0
tasks/known_people_unknown_freq/dataset/val/10GHz/Bend/06080029_1574115504.png,10GHz,Bend,1,ua_0029,06080029_1574115504.png,dataset/train/10GHz/Bend/06080029_1574115504.png,train,val,1,ua_0029|Bend|1574115504,61e5366ba0c0f326102b5d5e5390f4962cddee68e2a48319dd2e278e2a126016
tasks/known_people_unknown_freq/dataset/val/10GHz/Bend/06080029_1574627879.png,10GHz,Bend,1,ua_0029,06080029_1574627879.png,dataset/train/10GHz/Bend/06080029_1574627879.png,train,val,1,ua_0029|Bend|1574627879,aa8e4de215ebc45d050e43cc5702c9f0adfc0f6e364958a1e6326c49fc2cdec1
tasks/known_people_unknown_freq/dataset/val/10GHz/Bend/06080030_1574194982.png,10GHz,Bend,1,ua_0030,06080030_1574194982.png,dataset/train/10GHz/Bend/06080030_1574194982.png,train,val,1,ua_0030|Bend|1574194982,d0f490e8067e2009d930d8d4e2f099a35b7f460a143787272cdfa8b6f16c61a6
tasks/known_people_unknown_freq/dataset/val/10GHz/Bend/06080030_1574458043.png,10GHz,Bend,1,ua_0030,06080030_1574458043.png,dataset/train/10GHz/Bend/06080030_1574458043.png,train,val,1,ua_0030|Bend|1574458043,77219b9c4f0944d20b605dc416e8dc86cc3e3f408d1cea8343b8dee453ad55ad
tasks/known_people_unknown_freq/dataset/val/10GHz/Bend/06080030_1574458060.png,10GHz,Bend,1,ua_0030,06080030_1574458060.png,dataset/train/10GHz/Bend/06080030_1574458060.png,train,val,1,ua_0030|Bend|1574458060,b370c6336bad0d2a2ecad00ad83a0849749b29d717eab43862080ed54e150fe9
tasks/known_people_unknown_freq/dataset/val/10GHz/Bend/06080030_1574458078.png,10GHz,Bend,1,ua_0030,06080030_1574458078.png,dataset/train/10GHz/Bend/06080030_1574458078.png,train,val,1,ua_0030|Bend|1574458078,98c0684926c3a62d521ee34efa572931e3f17650c9e3ef306851adc812285355
tasks/known_people_unknown_freq/dataset/val/10GHz/Kneel/06100014_1574698067.png,10GHz,Kneel,2,ua_0014,06100014_1574698067.png,dataset/train/10GHz/Kneel/06100014_1574698067.png,train,val,3,ua_0014|Kneel|1574698067,6b2b70f66bdc48f14d656d6567798279684a453e7c17cf9222ecb4e41c135622
tasks/known_people_unknown_freq/dataset/val/10GHz/Kneel/06100014_1574698089.png,10GHz,Kneel,2,ua_0014,06100014_1574698089.png,dataset/train/10GHz/Kneel/06100014_1574698089.png,train,val,3,ua_0014|Kneel|1574698089,69682fc2ec9db577f5521b81b666fd69187d2d2645fc17325b3b577b672c9aae
tasks/known_people_unknown_freq/dataset/val/10GHz/Kneel/06100029_1574115983.png,10GHz,Kneel,2,ua_0029,06100029_1574115983.png,dataset/train/10GHz/Kneel/06100029_1574115983.png,train,val,3,ua_0029|Kneel|1574115983,9b2466a5ef1c999c689f7f64295cc5e244fa1c086f7c10ce5fc2d55d1c293f42
tasks/known_people_unknown_freq/dataset/val/10GHz/Kneel/06100029_1574628503.png,10GHz,Kneel,2,ua_0029,06100029_1574628503.png,dataset/train/10GHz/Kneel/06100029_1574628503.png,train,val,3,ua_0029|Kneel|1574628503,5e63d96e9ba994c40bbfdace58bc27c6d7751591b35ac07c1e1a1c3ca6357ddf
tasks/known_people_unknown_freq/dataset/val/10GHz/Kneel/06100029_1574628579.png,10GHz,Kneel,2,ua_0029,06100029_1574628579.png,dataset/train/10GHz/Kneel/06100029_1574628579.png,train,val,3,ua_0029|Kneel|1574628579,0e2d5dad3731d205ffeaaf1d7c8a344e117180928cb153dc1e3b22a727991349
tasks/known_people_unknown_freq/dataset/val/10GHz/Kneel/06100030_1574195578.png,10GHz,Kneel,2,ua_0030,06100030_1574195578.png,dataset/train/10GHz/Kneel/06100030_1574195578.png,train,val,3,ua_0030|Kneel|1574195578,9bc62fcf91bea98e30e3769983ede3e9552507af096662b6d2c7d690e1f22621
tasks/known_people_unknown_freq/dataset/val/10GHz/Kneel/06100030_1574195597.png,10GHz,Kneel,2,ua_0030,06100030_1574195597.png,dataset/train/10GHz/Kneel/06100030_1574195597.png,train,val,3,ua_0030|Kneel|1574195597,7482f6762f7d9da77e1e4bcfc44cae9a6cee237d3bc283f8c65ecc42bbcadeb9
tasks/known_people_unknown_freq/dataset/val/10GHz/Kneel/06100030_1574458920.png,10GHz,Kneel,2,ua_0030,06100030_1574458920.png,dataset/train/10GHz/Kneel/06100030_1574458920.png,train,val,3,ua_0030|Kneel|1574458920,a907a010a0aee858a2e60cc3477276f290b9bc0431ad62102bc1c79d1069c531
tasks/known_people_unknown_freq/dataset/val/10GHz/Pick/06070010_1573837593.png,10GHz,Pick,3,ua_0010,06070010_1573837593.png,dataset/val/10GHz/Pick/06070010_1573837593.png,val,val,5,ua_0010|Pick|1573837593,4edef426d383f450faee10963c297252ff59908787dbe4ebe0ad8de1b637099b
tasks/known_people_unknown_freq/dataset/val/10GHz/Pick/06070014_1574696618.png,10GHz,Pick,3,ua_0014,06070014_1574696618.png,dataset/train/10GHz/Pick/06070014_1574696618.png,train,val,5,ua_0014|Pick|1574696618,7a28f383c8ea385f920398dc8382ce52760bd9c77fc744586f76bcd411b5f7d4
tasks/known_people_unknown_freq/dataset/val/10GHz/Pick/06070014_1574696638.png,10GHz,Pick,3,ua_0014,06070014_1574696638.png,dataset/train/10GHz/Pick/06070014_1574696638.png,train,val,5,ua_0014|Pick|1574696638,6c3a9655c7236cb7470ae3ce7dfbecf4d1f83a3fc218d1c681a836c2994a242c
tasks/known_people_unknown_freq/dataset/val/10GHz/Pick/06070029_1574115220.png,10GHz,Pick,3,ua_0029,06070029_1574115220.png,dataset/train/10GHz/Pick/06070029_1574115220.png,train,val,5,ua_0029|Pick|1574115220,df1647629ca35dc7ae8870b9f8bd72ab1c40e8cade8410be7927fafed0e4ec02
tasks/known_people_unknown_freq/dataset/val/10GHz/Pick/06070029_1574115399.png,10GHz,Pick,3,ua_0029,06070029_1574115399.png,dataset/train/10GHz/Pick/06070029_1574115399.png,train,val,5,ua_0029|Pick|1574115399,a6cdbc74853216a75f588c42fcd1051c32b2bf8cd13f81160c30b70f2ad1eb51
tasks/known_people_unknown_freq/dataset/val/10GHz/Pick/06070029_1574627368.png,10GHz,Pick,3,ua_0029,06070029_1574627368.png,dataset/train/10GHz/Pick/06070029_1574627368.png,train,val,5,ua_0029|Pick|1574627368,434cd89e473658ed26387b0a9be449b66535c421aca862fe97a486d525c2835e
tasks/known_people_unknown_freq/dataset/val/10GHz/Pick/06070030_1574194468.png,10GHz,Pick,3,ua_0030,06070030_1574194468.png,dataset/train/10GHz/Pick/06070030_1574194468.png,train,val,5,ua_0030|Pick|1574194468,4559aafff29961412f1bea010d199eea4c80b9017745e6281d5bf51327aa832a
tasks/known_people_unknown_freq/dataset/val/10GHz/Pick/06070030_1574457169.png,10GHz,Pick,3,ua_0030,06070030_1574457169.png,dataset/train/10GHz/Pick/06070030_1574457169.png,train,val,5,ua_0030|Pick|1574457169,8d001488533a2548887b61034fb55224a3d4960bee7e958c8cb4e764d353e36f
tasks/known_people_unknown_freq/dataset/val/10GHz/Pick/06070030_1574457231.png,10GHz,Pick,3,ua_0030,06070030_1574457231.png,dataset/train/10GHz/Pick/06070030_1574457231.png,train,val,5,ua_0030|Pick|1574457231,77cfe181ad8b75b9d9036bda4128f92b0f4c043539f79fb7ea6b9c55d93f57e1
tasks/known_people_unknown_freq/dataset/val/10GHz/Pick/06070030_1574457335.png,10GHz,Pick,3,ua_0030,06070030_1574457335.png,dataset/train/10GHz/Pick/06070030_1574457335.png,train,val,5,ua_0030|Pick|1574457335,a8b21c6df0e867e9075ffba068a770a33bca59ad28c399e20d77fb81bc5c21a3
tasks/known_people_unknown_freq/dataset/val/10GHz/SStep/06180014_1574699211.png,10GHz,SStep,4,ua_0014,06180014_1574699211.png,dataset/train/10GHz/SStep/06180014_1574699211.png,train,val,6,ua_0014|SStep|1574699211,91bf9ca208f1c8d5a81a22961646274ac2148ddc3c9646a173bcafbb913e977e
tasks/known_people_unknown_freq/dataset/val/10GHz/SStep/06180029_1574117573.png,10GHz,SStep,4,ua_0029,06180029_1574117573.png,dataset/train/10GHz/SStep/06180029_1574117573.png,train,val,6,ua_0029|SStep|1574117573,19b7c0d8da06ec183cff93b7829ac9d47e2501483a70ba7c1c5c9d6aa231047b
tasks/known_people_unknown_freq/dataset/val/10GHz/SStep/06180029_1574117591.png,10GHz,SStep,4,ua_0029,06180029_1574117591.png,dataset/train/10GHz/SStep/06180029_1574117591.png,train,val,6,ua_0029|SStep|1574117591,60fe4ea64ad1f90ff02d606a3143edeb382437ae522941cdb28b643f392935eb
tasks/known_people_unknown_freq/dataset/val/10GHz/SStep/06180029_1574117609.png,10GHz,SStep,4,ua_0029,06180029_1574117609.png,dataset/train/10GHz/SStep/06180029_1574117609.png,train,val,6,ua_0029|SStep|1574117609,244aa3fa102ee9c9f0c898b348e31f8c3b21024dc8748dcfbfeef053d665abcc
tasks/known_people_unknown_freq/dataset/val/10GHz/SStep/06180030_1574196864.png,10GHz,SStep,4,ua_0030,06180030_1574196864.png,dataset/train/10GHz/SStep/06180030_1574196864.png,train,val,6,ua_0030|SStep|1574196864,54f69d067b002c0bc1cdd10d0609c3980841cdbb6c943a407b756ddaf5518840
tasks/known_people_unknown_freq/dataset/val/10GHz/SStep/06180030_1574196950.png,10GHz,SStep,4,ua_0030,06180030_1574196950.png,dataset/train/10GHz/SStep/06180030_1574196950.png,train,val,6,ua_0030|SStep|1574196950,b59fb1bca1d7c98db96c647284643a3c1bb6f3be20ee9e200d2e1f3fadc51d6b
tasks/known_people_unknown_freq/dataset/val/10GHz/SStep/06180030_1574460157.png,10GHz,SStep,4,ua_0030,06180030_1574460157.png,dataset/train/10GHz/SStep/06180030_1574460157.png,train,val,6,ua_0030|SStep|1574460157,2385ae4e25d08c58192d67eb6abd6a277e60ad19752a8cda8e42846120eb3624
tasks/known_people_unknown_freq/dataset/val/10GHz/Sit/06090014_1574697493.png,10GHz,Sit,5,ua_0014,06090014_1574697493.png,dataset/train/10GHz/Sit/06090014_1574697493.png,train,val,8,ua_0014|Sit|1574697493,7abb7d2819fb0dd03b7ad5c65c751149c41507e71d428212f496d5fdd9991f62
tasks/known_people_unknown_freq/dataset/val/10GHz/Sit/06090014_1574697917.png,10GHz,Sit,5,ua_0014,06090014_1574697917.png,dataset/train/10GHz/Sit/06090014_1574697917.png,train,val,8,ua_0014|Sit|1574697917,0a55cd86190fb03d28be2fd9726ff36892480c6cbfb38b4921aaa28d8229bd6e
tasks/known_people_unknown_freq/dataset/val/10GHz/Sit/06090014_1574697955.png,10GHz,Sit,5,ua_0014,06090014_1574697955.png,dataset/train/10GHz/Sit/06090014_1574697955.png,train,val,8,ua_0014|Sit|1574697955,ced7f70c9bc560fecb6ac8e3e65abe3a1ade32a699df8878c7458fbde43262f8
tasks/known_people_unknown_freq/dataset/val/10GHz/Sit/06090029_1574115842.png,10GHz,Sit,5,ua_0029,06090029_1574115842.png,dataset/train/10GHz/Sit/06090029_1574115842.png,train,val,8,ua_0029|Sit|1574115842,83fdbab9a616cf5df6026fe2b2958edf5fe3f9f5ca98e237c365172a6a205886
tasks/known_people_unknown_freq/dataset/val/10GHz/Sit/06090029_1574628246.png,10GHz,Sit,5,ua_0029,06090029_1574628246.png,dataset/train/10GHz/Sit/06090029_1574628246.png,train,val,8,ua_0029|Sit|1574628246,878ab122948aacbc8ce9202f5e1a30930376549363de16e79827bf3d378fde00
tasks/known_people_unknown_freq/dataset/val/10GHz/Sit/06090029_1574628309.png,10GHz,Sit,5,ua_0029,06090029_1574628309.png,dataset/train/10GHz/Sit/06090029_1574628309.png,train,val,8,ua_0029|Sit|1574628309,4810d80a737ce51a902a82222e94696d175037f4f45b5410dc0b9d8291f19156
tasks/known_people_unknown_freq/dataset/val/10GHz/Sit/06090029_1574628343.png,10GHz,Sit,5,ua_0029,06090029_1574628343.png,dataset/train/10GHz/Sit/06090029_1574628343.png,train,val,8,ua_0029|Sit|1574628343,cfa4ed6909c095ab627e8144a4d7d3f3f6ae150e89fce53c1376d0d2c40d126b
tasks/known_people_unknown_freq/dataset/val/10GHz/Sit/06090030_1574195254.png,10GHz,Sit,5,ua_0030,06090030_1574195254.png,dataset/train/10GHz/Sit/06090030_1574195254.png,train,val,8,ua_0030|Sit|1574195254,3bb9eeb3270815fa394d7f11001741900d4d82a48ce4bd3b4721988c11f468d7
tasks/known_people_unknown_freq/dataset/val/10GHz/Sit/06090030_1574458188.png,10GHz,Sit,5,ua_0030,06090030_1574458188.png,dataset/train/10GHz/Sit/06090030_1574458188.png,train,val,8,ua_0030|Sit|1574458188,0b7c04ef084bef7aceff8c49d377b264a0cb397c3a4e51e0c231daa9861c86fd
tasks/known_people_unknown_freq/dataset/val/10GHz/Sit/06090030_1574458301.png,10GHz,Sit,5,ua_0030,06090030_1574458301.png,dataset/train/10GHz/Sit/06090030_1574458301.png,train,val,8,ua_0030|Sit|1574458301,7da217ad3c74634c705a47a3b3ff0ef89a0c6fe3ea95256b15cc286c3013e6de
tasks/known_people_unknown_freq/dataset/val/10GHz/Towards/06050010_1573836822.png,10GHz,Towards,6,ua_0010,06050010_1573836822.png,dataset/val/10GHz/Towards/06050010_1573836822.png,val,val,10,ua_0010|Towards|1573836822,84ef5a03d1cc67a98a98e785f0d052ebd3dcb5aed251e1aa60c0b27ab8112b53
tasks/known_people_unknown_freq/dataset/val/10GHz/Towards/06050029_1574114268.png,10GHz,Towards,6,ua_0029,06050029_1574114268.png,dataset/train/10GHz/Towards/06050029_1574114268.png,train,val,10,ua_0029|Towards|1574114268,526fbd65cc5a39191eaf24bfaedb471225e7520263bdcb256095bdbfc2b13024
tasks/known_people_unknown_freq/dataset/val/10GHz/Towards/06050029_1574626109.png,10GHz,Towards,6,ua_0029,06050029_1574626109.png,dataset/train/10GHz/Towards/06050029_1574626109.png,train,val,10,ua_0029|Towards|1574626109,9d06cfb1e8a1023c2a2c583cfba0945b8999527b199e918923564c4c34983832
tasks/known_people_unknown_freq/dataset/val/10GHz/Towards/06050029_1574626164.png,10GHz,Towards,6,ua_0029,06050029_1574626164.png,dataset/train/10GHz/Towards/06050029_1574626164.png,train,val,10,ua_0029|Towards|1574626164,69eba8c9b9e98e61da163fb4967f0eb77ec3b613f768b8fbeea02f6817b238bd
tasks/known_people_unknown_freq/dataset/val/10GHz/Towards/06050029_1574626188.png,10GHz,Towards,6,ua_0029,06050029_1574626188.png,dataset/train/10GHz/Towards/06050029_1574626188.png,train,val,10,ua_0029|Towards|1574626188,23cfc6c2c26ebb0b758d90c38d32ffb34124d7165efe0b13c4f961fa7eda90b1
tasks/known_people_unknown_freq/dataset/val/10GHz/Towards/06050030_1574193902.png,10GHz,Towards,6,ua_0030,06050030_1574193902.png,dataset/train/10GHz/Towards/06050030_1574193902.png,train,val,10,ua_0030|Towards|1574193902,c02fc7b342482b3459a63ccb1641f1d817bd178edca1579573ca37ae6aefd801
tasks/known_people_unknown_freq/dataset/val/10GHz/Towards/06050030_1574194013.png,10GHz,Towards,6,ua_0030,06050030_1574194013.png,dataset/train/10GHz/Towards/06050030_1574194013.png,train,val,10,ua_0030|Towards|1574194013,339339dfb3dd758e097cf032c2a01d5dedb1f7ef168ebe2e7bc25e90119e42f1
tasks/known_people_unknown_freq/dataset/val/10GHz/Towards/06050030_1574456906.png,10GHz,Towards,6,ua_0030,06050030_1574456906.png,dataset/train/10GHz/Towards/06050030_1574456906.png,train,val,10,ua_0030|Towards|1574456906,5c9d7befa21efa655358022e1b1a635e476d928e03cff98ddeba07124eba1145
