path,frequency,class,class_idx,subject,source_file,original_path,original_split,class_idx_7c,freq_idx
tasks/known_people_unknown_freq/dataset/train/10GHz/Away/06060010_1573837114.png,10GHz,Away,0,ua_0010,06060010_1573837114.png,dataset/val/10GHz/Away/06060010_1573837114.png,val,0,0
tasks/known_people_unknown_freq/dataset/train/10GHz/Away/06060010_1573837135.png,10GHz,Away,0,ua_0010,06060010_1573837135.png,dataset/val/10GHz/Away/06060010_1573837135.png,val,0,0
tasks/known_people_unknown_freq/dataset/train/10GHz/Away/06060010_1573837157.png,10GHz,Away,0,ua_0010,06060010_1573837157.png,dataset/val/10GHz/Away/06060010_1573837157.png,val,0,0
tasks/known_people_unknown_freq/dataset/train/10GHz/Away/06060010_1573837204.png,10GHz,Away,0,ua_0010,06060010_1573837204.png,dataset/val/10GHz/Away/06060010_1573837204.png,val,0,0
tasks/known_people_unknown_freq/dataset/train/10GHz/Away/06060010_1573837254.png,10GHz,Away,0,ua_0010,06060010_1573837254.png,dataset/val/10GHz/Away/06060010_1573837254.png,val,0,0
tasks/known_people_unknown_freq/dataset/train/10GHz/Away/06060010_1573837305.png,10GHz,Away,0,ua_0010,06060010_1573837305.png,dataset/val/10GHz/Away/06060010_1573837305.png,val,0,0
tasks/known_people_unknown_freq/dataset/train/10GHz/Away/06060010_1573837370.png,10GHz,Away,0,ua_0010,06060010_1573837370.png,dataset/val/10GHz/Away/06060010_1573837370.png,val,0,0
tasks/known_people_unknown_freq/dataset/train/10GHz/Away/06060014_1574696344.png,10GHz,Away,0,ua_0014,06060014_1574696344.png,dataset/train/10GHz/Away/06060014_1574696344.png,train,0,0
tasks/known_people_unknown_freq/dataset/train/10GHz/Away/06060014_1574696370.png,10GHz,Away,0,ua_0014,06060014_1574696370.png,dataset/train/10GHz/Away/06060014_1574696370.png,train,0,0
tasks/known_people_unknown_freq/dataset/train/10GHz/Away/06060014_1574696394.png,10GHz,Away,0,ua_0014,06060014_1574696394.png,dataset/train/10GHz/Away/06060014_1574696394.png,train,0,0
tasks/known_people_unknown_freq/dataset/train/10GHz/Away/06060014_1574696433.png,10GHz,Away,0,ua_0014,06060014_1574696433.png,dataset/train/10GHz/Away/06060014_1574696433.png,train,0,0
tasks/known_people_unknown_freq/dataset/train/10GHz/Away/06060014_1574696452.png,10GHz,Away,0,ua_0014,06060014_1574696452.png,dataset/train/10GHz/Away/06060014_1574696452.png,train,0,0
tasks/known_people_unknown_freq/dataset/train/10GHz/Away/06060014_1574696470.png,10GHz,Away,0,ua_0014,06060014_1574696470.png,dataset/train/10GHz/Away/06060014_1574696470.png,train,0,0
tasks/known_people_unknown_freq/dataset/train/10GHz/Away/06060029_1574114751.png,10GHz,Away,0,ua_0029,06060029_1574114751.png,dataset/train/10GHz/Away/06060029_1574114751.png,train,0,0
tasks/known_people_unknown_freq/dataset/train/10GHz/Away/06060029_1574114770.png,10GHz,Away,0,ua_0029,06060029_1574114770.png,dataset/train/10GHz/Away/06060029_1574114770.png,train,0,0
tasks/known_people_unknown_freq/dataset/train/10GHz/Away/06060029_1574114809.png,10GHz,Away,0,ua_0029,06060029_1574114809.png,dataset/train/10GHz/Away/06060029_1574114809.png,train,0,0
tasks/known_people_unknown_freq/dataset/train/10GHz/Away/06060029_1574114829.png,10GHz,Away,0,ua_0029,06060029_1574114829.png,dataset/train/10GHz/Away/06060029_1574114829.png,train,0,0
tasks/known_people_unknown_freq/dataset/train/10GHz/Away/06060029_1574114849.png,10GHz,Away,0,ua_0029,06060029_1574114849.png,dataset/train/10GHz/Away/06060029_1574114849.png,train,0,0
tasks/known_people_unknown_freq/dataset/train/10GHz/Away/06060029_1574115098.png,10GHz,Away,0,ua_0029,06060029_1574115098.png,dataset/train/10GHz/Away/06060029_1574115098.png,train,0,0
tasks/known_people_unknown_freq/dataset/train/10GHz/Away/06060029_1574626448.png,10GHz,Away,0,ua_0029,06060029_1574626448.png,dataset/train/10GHz/Away/06060029_1574626448.png,train,0,0
tasks/known_people_unknown_freq/dataset/train/10GHz/Away/06060029_1574626614.png,10GHz,Away,0,ua_0029,06060029_1574626614.png,dataset/train/10GHz/Away/06060029_1574626614.png,train,0,0
tasks/known_people_unknown_freq/dataset/train/10GHz/Away/06060029_1574626687.png,10GHz,Away,0,ua_0029,06060029_1574626687.png,dataset/train/10GHz/Away/06060029_1574626687.png,train,0,0
tasks/known_people_unknown_freq/dataset/train/10GHz/Away/06060029_1574626995.png,10GHz,Away,0,ua_0029,06060029_1574626995.png,dataset/train/10GHz/Away/06060029_1574626995.png,train,0,0
tasks/known_people_unknown_freq/dataset/train/10GHz/Away/06060029_1574627039.png,10GHz,Away,0,ua_0029,06060029_1574627039.png,dataset/train/10GHz/Away/06060029_1574627039.png,train,0,0
tasks/known_people_unknown_freq/dataset/train/10GHz/Away/06060029_1574627068.png,10GHz,Away,0,ua_0029,06060029_1574627068.png,dataset/train/10GHz/Away/06060029_1574627068.png,train,0,0
tasks/known_people_unknown_freq/dataset/train/10GHz/Away/06060029_1574627087.png,10GHz,Away,0,ua_0029,06060029_1574627087.png,dataset/train/10GHz/Away/06060029_1574627087.png,train,0,0
tasks/known_people_unknown_freq/dataset/train/10GHz/Away/06060029_1574627128.png,10GHz,Away,0,ua_0029,06060029_1574627128.png,dataset/train/10GHz/Away/06060029_1574627128.png,train,0,0
tasks/known_people_unknown_freq/dataset/train/10GHz/Away/06060029_1574627154.png,10GHz,Away,0,ua_0029,06060029_1574627154.png,dataset/train/10GHz/Away/06060029_1574627154.png,train,0,0
tasks/known_people_unknown_freq/dataset/train/10GHz/Away/06060030_1574194202.png,10GHz,Away,0,ua_0030,06060030_1574194202.png,dataset/train/10GHz/Away/06060030_1574194202.png,train,0,0
tasks/known_people_unknown_freq/dataset/train/10GHz/Away/06060030_1574194225.png,10GHz,Away,0,ua_0030,06060030_1574194225.png,dataset/train/10GHz/Away/06060030_1574194225.png,train,0,0
tasks/known_people_unknown_freq/dataset/train/10GHz/Away/06060030_1574194249.png,10GHz,Away,0,ua_0030,06060030_1574194249.png,dataset/train/10GHz/Away/06060030_1574194249.png,train,0,0
tasks/known_people_unknown_freq/dataset/train/10GHz/Away/06060030_1574194275.png,10GHz,Away,0,ua_0030,06060030_1574194275.png,dataset/train/10GHz/Away/06060030_1574194275.png,train,0,0
tasks/known_people_unknown_freq/dataset/train/10GHz/Away/06060030_1574194298.png,10GHz,Away,0,ua_0030,06060030_1574194298.png,dataset/train/10GHz/Away/06060030_1574194298.png,train,0,0
tasks/known_people_unknown_freq/dataset/train/10GHz/Away/06060030_1574194369.png,10GHz,Away,0,ua_0030,06060030_1574194369.png,dataset/train/10GHz/Away/06060030_1574194369.png,train,0,0
tasks/known_people_unknown_freq/dataset/train/10GHz/Away/06060030_1574194391.png,10GHz,Away,0,ua_0030,06060030_1574194391.png,dataset/train/10GHz/Away/06060030_1574194391.png,train,0,0
tasks/known_people_unknown_freq/dataset/train/10GHz/Away/06060030_1574456948.png,10GHz,Away,0,ua_0030,06060030_1574456948.png,dataset/train/10GHz/Away/06060030_1574456948.png,train,0,0
tasks/known_people_unknown_freq/dataset/train/10GHz/Away/06060030_1574456969.png,10GHz,Away,0,ua_0030,06060030_1574456969.png,dataset/train/10GHz/Away/06060030_1574456969.png,train,0,0
tasks/known_people_unknown_freq/dataset/train/10GHz/Away/06060030_1574457011.png,10GHz,Away,0,ua_0030,06060030_1574457011.png,dataset/train/10GHz/Away/06060030_1574457011.png,train,0,0
tasks/known_people_unknown_freq/dataset/train/10GHz/Away/06060030_1574457032.png,10GHz,Away,0,ua_0030,06060030_1574457032.png,dataset/train/10GHz/Away/06060030_1574457032.png,train,0,0
tasks/known_people_unknown_freq/dataset/train/10GHz/Away/06060030_1574457052.png,10GHz,Away,0,ua_0030,06060030_1574457052.png,dataset/train/10GHz/Away/06060030_1574457052.png,train,0,0
tasks/known_people_unknown_freq/dataset/train/10GHz/Away/06060030_1574457074.png,10GHz,Away,0,ua_0030,06060030_1574457074.png,dataset/train/10GHz/Away/06060030_1574457074.png,train,0,0
tasks/known_people_unknown_freq/dataset/train/10GHz/Away/06060030_1574457095.png,10GHz,Away,0,ua_0030,06060030_1574457095.png,dataset/train/10GHz/Away/06060030_1574457095.png,train,0,0
tasks/known_people_unknown_freq/dataset/train/10GHz/Away/06060030_1574457136.png,10GHz,Away,0,ua_0030,06060030_1574457136.png,dataset/train/10GHz/Away/06060030_1574457136.png,train,0,0
tasks/known_people_unknown_freq/dataset/train/10GHz/Bend/06080010_1573837689.png,10GHz,Bend,1,ua_0010,06080010_1573837689.png,dataset/val/10GHz/Bend/06080010_1573837689.png,val,1,0
tasks/known_people_unknown_freq/dataset/train/10GHz/Bend/06080010_1573837709.png,10GHz,Bend,1,ua_0010,06080010_1573837709.png,dataset/val/10GHz/Bend/06080010_1573837709.png,val,1,0
tasks/known_people_unknown_freq/dataset/train/10GHz/Bend/06080010_1573837748.png,10GHz,Bend,1,ua_0010,06080010_1573837748.png,dataset/val/10GHz/Bend/06080010_1573837748.png,val,1,0
tasks/known_people_unknown_freq/dataset/train/10GHz/Bend/06080010_1573837767.png,10GHz,Bend,1,ua_0010,06080010_1573837767.png,dataset/val/10GHz/Bend/06080010_1573837767.png,val,1,0
tasks/known_people_unknown_freq/dataset/train/10GHz/Bend/06080010_1573837785.png,10GHz,Bend,1,ua_0010,06080010_1573837785.png,dataset/val/10GHz/Bend/06080010_1573837785.png,val,1,0
tasks/known_people_unknown_freq/dataset/train/10GHz/Bend/06080010_1573837803.png,10GHz,Bend,1,ua_0010,06080010_1573837803.png,dataset/val/10GHz/Bend/06080010_1573837803.png,val,1,0
tasks/known_people_unknown_freq/dataset/train/10GHz/Bend/06080014_1574696801.png,10GHz,Bend,1,ua_0014,06080014_1574696801.png,dataset/train/10GHz/Bend/06080014_1574696801.png,train,1,0
tasks/known_people_unknown_freq/dataset/train/10GHz/Bend/06080014_1574696820.png,10GHz,Bend,1,ua_0014,06080014_1574696820.png,dataset/train/10GHz/Bend/06080014_1574696820.png,train,1,0
tasks/known_people_unknown_freq/dataset/train/10GHz/Bend/06080014_1574696838.png,10GHz,Bend,1,ua_0014,06080014_1574696838.png,dataset/train/10GHz/Bend/06080014_1574696838.png,train,1,0
tasks/known_people_unknown_freq/dataset/train/10GHz/Bend/06080014_1574696856.png,10GHz,Bend,1,ua_0014,06080014_1574696856.png,dataset/train/10GHz/Bend/06080014_1574696856.png,train,1,0
tasks/known_people_unknown_freq/dataset/train/10GHz/Bend/06080014_1574696876.png,10GHz,Bend,1,ua_0014,06080014_1574696876.png,dataset/train/10GHz/Bend/06080014_1574696876.png,train,1,0
tasks/known_people_unknown_freq/dataset/train/10GHz/Bend/06080014_1574696914.png,10GHz,Bend,1,ua_0014,06080014_1574696914.png,dataset/train/10GHz/Bend/06080014_1574696914.png,train,1,0
tasks/known_people_unknown_freq/dataset/train/10GHz/Bend/06080014_1574696941.png,10GHz,Bend,1,ua_0014,06080014_1574696941.png,dataset/train/10GHz/Bend/06080014_1574696941.png,train,1,0
tasks/known_people_unknown_freq/dataset/train/10GHz/Bend/06080029_1574115523.png,10GHz,Bend,1,ua_0029,06080029_1574115523.png,dataset/train/10GHz/Bend/06080029_1574115523.png,train,1,0
tasks/known_people_unknown_freq/dataset/train/10GHz/Bend/06080029_1574115541.png,10GHz,Bend,1,ua_0029,06080029_1574115541.png,dataset/train/10GHz/Bend/06080029_1574115541.png,train,1,0
tasks/known_people_unknown_freq/dataset/train/10GHz/Bend/06080029_1574115561.png,10GHz,Bend,1,ua_0029,06080029_1574115561.png,dataset/train/10GHz/Bend/06080029_1574115561.png,train,1,0
tasks/known_people_unknown_freq/dataset/train/10GHz/Bend/06080029_1574115580.png,10GHz,Bend,1,ua_0029,06080029_1574115580.png,dataset/train/10GHz/Bend/06080029_1574115580.png,train,1,0
tasks/known_people_unknown_freq/dataset/train/10GHz/Bend/06080029_1574115601.png,10GHz,Bend,1,ua_0029,06080029_1574115601.png,dataset/train/10GHz/Bend/06080029_1574115601.png,train,1,0
tasks/known_people_unknown_freq/dataset/train/10GHz/Bend/06080029_1574627793.png,10GHz,Bend,1,ua_0029,06080029_1574627793.png,dataset/train/10GHz/Bend/06080029_1574627793.png,train,1,0
tasks/known_people_unknown_freq/dataset/train/10GHz/Bend/06080029_1574627830.png,10GHz,Bend,1,ua_0029,06080029_1574627830.png,dataset/train/10GHz/Bend/06080029_1574627830.png,train,1,0
tasks/known_people_unknown_freq/dataset/train/10GHz/Bend/06080029_1574627848.png,10GHz,Bend,1,ua_0029,06080029_1574627848.png,dataset/train/10GHz/Bend/06080029_1574627848.png,train,1,0
tasks/known_people_unknown_freq/dataset/train/10GHz/Bend/06080029_1574627935.png,10GHz,Bend,1,ua_0029,06080029_1574627935.png,dataset/train/10GHz/Bend/06080029_1574627935.png,train,1,0
tasks/known_people_unknown_freq/dataset/train/10GHz/Bend/06080029_1574627955.png,10GHz,Bend,1,ua_0029,06080029_1574627955.png,dataset/train/10GHz/Bend/06080029_1574627955.png,train,1,0
tasks/known_people_unknown_freq/dataset/train/10GHz/Bend/06080029_1574627986.png,10GHz,Bend,1,ua_0029,06080029_1574627986.png,dataset/train/10GHz/Bend/06080029_1574627986.png,train,1,0
tasks/known_people_unknown_freq/dataset/train/10GHz/Bend/06080029_1574628005.png,10GHz,Bend,1,ua_0029,06080029_1574628005.png,dataset/train/10GHz/Bend/06080029_1574628005.png,train,1,0
tasks/known_people_unknown_freq/dataset/train/10GHz/Bend/06080029_1574628024.png,10GHz,Bend,1,ua_0029,06080029_1574628024.png,dataset/train/10GHz/Bend/06080029_1574628024.png,train,1,0
tasks/known_people_unknown_freq/dataset/train/10GHz/Bend/06080029_1574628042.png,10GHz,Bend,1,ua_0029,06080029_1574628042.png,dataset/train/10GHz/Bend/06080029_1574628042.png,train,1,0
tasks/known_people_unknown_freq/dataset/train/10GHz/Bend/06080029_1574628060.png,10GHz,Bend,1,ua_0029,06080029_1574628060.png,dataset/train/10GHz/Bend/06080029_1574628060.png,train,1,0
tasks/known_people_unknown_freq/dataset/train/10GHz/Bend/06080030_1574194651.png,10GHz,Bend,1,ua_0030,06080030_1574194651.png,dataset/train/10GHz/Bend/06080030_1574194651.png,train,1,0
tasks/known_people_unknown_freq/dataset/train/10GHz/Bend/06080030_1574194672.png,10GHz,Bend,1,ua_0030,06080030_1574194672.png,dataset/train/10GHz/Bend/06080030_1574194672.png,train,1,0
tasks/known_people_unknown_freq/dataset/train/10GHz/Bend/06080030_1574194692.png,10GHz,Bend,1,ua_0030,06080030_1574194692.png,dataset/train/10GHz/Bend/06080030_1574194692.png,train,1,0
tasks/known_people_unknown_freq/dataset/train/10GHz/Bend/06080030_1574194713.png,10GHz,Bend,1,ua_0030,06080030_1574194713.png,dataset/train/10GHz/Bend/06080030_1574194713.png,train,1,0
tasks/known_people_unknown_freq/dataset/train/10GHz/Bend/06080030_1574194941.png,10GHz,Bend,1,ua_0030,06080030_1574194941.png,dataset/train/10GHz/Bend/06080030_1574194941.png,train,1,0
tasks/known_people_unknown_freq/dataset/train/10GHz/Bend/06080030_1574194962.png,10GHz,Bend,1,ua_0030,06080030_1574194962.png,dataset/train/10GHz/Bend/06080030_1574194962.png,train,1,0
tasks/known_people_unknown_freq/dataset/train/10GHz/Bend/06080030_1574195000.png,10GHz,Bend,1,ua_0030,06080030_1574195000.png,dataset/train/10GHz/Bend/06080030_1574195000.png,train,1,0
tasks/known_people_unknown_freq/dataset/train/10GHz/Bend/06080030_1574195019.png,10GHz,Bend,1,ua_0030,06080030_1574195019.png,dataset/train/10GHz/Bend/06080030_1574195019.png,train,1,0
tasks/known_people_unknown_freq/dataset/train/10GHz/Bend/06080030_1574195038.png,10GHz,Bend,1,ua_0030,06080030_1574195038.png,dataset/train/10GHz/Bend/06080030_1574195038.png,train,1,0
tasks/known_people_unknown_freq/dataset/train/10GHz/Bend/06080030_1574195059.png,10GHz,Bend,1,ua_0030,06080030_1574195059.png,dataset/train/10GHz/Bend/06080030_1574195059.png,train,1,0
tasks/known_people_unknown_freq/dataset/train/10GHz/Bend/06080030_1574457972.png,10GHz,Bend,1,ua_0030,06080030_1574457972.png,dataset/train/10GHz/Bend/06080030_1574457972.png,train,1,0
tasks/known_people_unknown_freq/dataset/train/10GHz/Bend/06080030_1574457991.png,10GHz,Bend,1,ua_0030,06080030_1574457991.png,dataset/train/10GHz/Bend/06080030_1574457991.png,train,1,0
tasks/known_people_unknown_freq/dataset/train/10GHz/Bend/06080030_1574458011.png,10GHz,Bend,1,ua_0030,06080030_1574458011.png,dataset/train/10GHz/Bend/06080030_1574458011.png,train,1,0
tasks/known_people_unknown_freq/dataset/train/10GHz/Bend/06080030_1574458096.png,10GHz,Bend,1,ua_0030,06080030_1574458096.png,dataset/train/10GHz/Bend/06080030_1574458096.png,train,1,0
tasks/known_people_unknown_freq/dataset/train/10GHz/Bend/06080030_1574458114.png,10GHz,Bend,1,ua_0030,06080030_1574458114.png,dataset/train/10GHz/Bend/06080030_1574458114.png,train,1,0
tasks/known_people_unknown_freq/dataset/train/10GHz/Bend/06080030_1574458139.png,10GHz,Bend,1,ua_0030,06080030_1574458139.png,dataset/train/10GHz/Bend/06080030_1574458139.png,train,1,0
tasks/known_people_unknown_freq/dataset/train/10GHz/Bend/06080030_1574458157.png,10GHz,Bend,1,ua_0030,06080030_1574458157.png,dataset/train/10GHz/Bend/06080030_1574458157.png,train,1,0
tasks/known_people_unknown_freq/dataset/train/10GHz/Kneel/06100014_1574698031.png,10GHz,Kneel,3,ua_0014,06100014_1574698031.png,dataset/train/10GHz/Kneel/06100014_1574698031.png,train,2,0
tasks/known_people_unknown_freq/dataset/train/10GHz/Kneel/06100014_1574698108.png,10GHz,Kneel,3,ua_0014,06100014_1574698108.png,dataset/train/10GHz/Kneel/06100014_1574698108.png,train,2,0
tasks/known_people_unknown_freq/dataset/train/10GHz/Kneel/06100014_1574698127.png,10GHz,Kneel,3,ua_0014,06100014_1574698127.png,dataset/train/10GHz/Kneel/06100014_1574698127.png,train,2,0
tasks/known_people_unknown_freq/dataset/train/10GHz/Kneel/06100014_1574698146.png,10GHz,Kneel,3,ua_0014,06100014_1574698146.png,dataset/train/10GHz/Kneel/06100014_1574698146.png,train,2,0
tasks/known_people_unknown_freq/dataset/train/10GHz/Kneel/06100014_1574698165.png,10GHz,Kneel,3,ua_0014,06100014_1574698165.png,dataset/train/10GHz/Kneel/06100014_1574698165.png,train,2,0
tasks/known_people_unknown_freq/dataset/train/10GHz/Kneel/06100014_1574698185.png,10GHz,Kneel,3,ua_0014,06100014_1574698185.png,dataset/train/10GHz/Kneel/06100014_1574698185.png,train,2,0
tasks/known_people_unknown_freq/dataset/train/10GHz/Kneel/06100014_1574698203.png,10GHz,Kneel,3,ua_0014,06100014_1574698203.png,dataset/train/10GHz/Kneel/06100014_1574698203.png,train,2,0
tasks/known_people_unknown_freq/dataset/train/10GHz/Kneel/06100014_1574698222.png,10GHz,Kneel,3,ua_0014,06100014_1574698222.png,dataset/train/10GHz/Kneel/06100014_1574698222.png,train,2,0
tasks/known_people_unknown_freq/dataset/train/10GHz/Kneel/06100029_1574116027.png,10GHz,Kneel,3,ua_0029,06100029_1574116027.png,dataset/train/10GHz/Kneel/06100029_1574116027.png,train,2,0
tasks/known_people_unknown_freq/dataset/train/10GHz/Kneel/06100029_1574116046.png,10GHz,Kneel,3,ua_0029,06100029_1574116046.png,dataset/train/10GHz/Kneel/06100029_1574116046.png,train,2,0
tasks/known_people_unknown_freq/dataset/train/10GHz/Kneel/06100029_1574116064.png,10GHz,Kneel,3,ua_0029,06100029_1574116064.png,dataset/train/10GHz/Kneel/06100029_1574116064.png,train,2,0
tasks/known_people_unknown_freq/dataset/train/10GHz/Kneel/06100029_1574116083.png,10GHz,Kneel,3,ua_0029,06100029_1574116083.png,dataset/train/10GHz/Kneel/06100029_1574116083.png,train,2,0
tasks/known_people_unknown_freq/dataset/train/10GHz/Kneel/06100029_1574116122 (copy).png,10GHz,Kneel,3,ua_0029,06100029_1574116122 (copy).png,dataset/train/10GHz/Kneel/06100029_1574116122 (copy).png,train,2,0
tasks/known_people_unknown_freq/dataset/train/10GHz/Kneel/06100029_1574116122.png,10GHz,Kneel,3,ua_0029,06100029_1574116122.png,dataset/train/10GHz/Kneel/06100029_1574116122.png,train,2,0
tasks/known_people_unknown_freq/dataset/train/10GHz/Kneel/06100029_1574116141 (copy).png,10GHz,Kneel,3,ua_0029,06100029_1574116141 (copy).png,dataset/train/10GHz/Kneel/06100029_1574116141 (copy).png,train,2,0
tasks/known_people_unknown_freq/dataset/train/10GHz/Kneel/06100029_1574116141.png,10GHz,Kneel,3,ua_0029,06100029_1574116141.png,dataset/train/10GHz/Kneel/06100029_1574116141.png,train,2,0
tasks/known_people_unknown_freq/dataset/train/10GHz/Kneel/06100029_1574628484 (copy).png,10GHz,Kneel,3,ua_0029,06100029_1574628484 (copy).png,dataset/train/10GHz/Kneel/06100029_1574628484 (copy).png,train,2,0
tasks/known_people_unknown_freq/dataset/train/10GHz/Kneel/06100029_1574628484.png,10GHz,Kneel,3,ua_0029,06100029_1574628484.png,dataset/train/10GHz/Kneel/06100029_1574628484.png,train,2,0
tasks/known_people_unknown_freq/dataset/train/10GHz/Kneel/06100029_1574628503 (copy).png,10GHz,Kneel,3,ua_0029,06100029_1574628503 (copy).png,dataset/train/10GHz/Kneel/06100029_1574628503 (copy).png,train,2,0
tasks/known_people_unknown_freq/dataset/train/10GHz/Kneel/06100029_1574628522 (copy).png,10GHz,Kneel,3,ua_0029,06100029_1574628522 (copy).png,dataset/train/10GHz/Kneel/06100029_1574628522 (copy).png,train,2,0
tasks/known_people_unknown_freq/dataset/train/10GHz/Kneel/06100029_1574628522.png,10GHz,Kneel,3,ua_0029,06100029_1574628522.png,dataset/train/10GHz/Kneel/06100029_1574628522.png,train,2,0
tasks/known_people_unknown_freq/dataset/train/10GHz/Kneel/06100029_1574628541 (copy).png,10GHz,Kneel,3,ua_0029,06100029_1574628541 (copy).png,dataset/train/10GHz/Kneel/06100029_1574628541 (copy).png,train,2,0
tasks/known_people_unknown_freq/dataset/train/10GHz/Kneel/06100029_1574628541.png,10GHz,Kneel,3,ua_0029,06100029_1574628541.png,dataset/train/10GHz/Kneel/06100029_1574628541.png,train,2,0
tasks/known_people_unknown_freq/dataset/train/10GHz/Kneel/06100029_1574628560.png,10GHz,Kneel,3,ua_0029,06100029_1574628560.png,dataset/train/10GHz/Kneel/06100029_1574628560.png,train,2,0
tasks/known_people_unknown_freq/dataset/train/10GHz/Kneel/06100029_1574628579 (copy).png,10GHz,Kneel,3,ua_0029,06100029_1574628579 (copy).png,dataset/train/10GHz/Kneel/06100029_1574628579 (copy).png,train,2,0
tasks/known_people_unknown_freq/dataset/train/10GHz/Kneel/06100029_1574628598 (copy).png,10GHz,Kneel,3,ua_0029,06100029_1574628598 (copy).png,dataset/train/10GHz/Kneel/06100029_1574628598 (copy).png,train,2,0
tasks/known_people_unknown_freq/dataset/train/10GHz/Kneel/06100029_1574628598.png,10GHz,Kneel,3,ua_0029,06100029_1574628598.png,dataset/train/10GHz/Kneel/06100029_1574628598.png,train,2,0
tasks/known_people_unknown_freq/dataset/train/10GHz/Kneel/06100029_1574628616.png,10GHz,Kneel,3,ua_0029,06100029_1574628616.png,dataset/train/10GHz/Kneel/06100029_1574628616.png,train,2,0
tasks/known_people_unknown_freq/dataset/train/10GHz/Kneel/06100029_1574628634.png,10GHz,Kneel,3,ua_0029,06100029_1574628634.png,dataset/train/10GHz/Kneel/06100029_1574628634.png,train,2,0
tasks/known_people_unknown_freq/dataset/train/10GHz/Kneel/06100030_1574195423.png,10GHz,Kneel,3,ua_0030,06100030_1574195423.png,dataset/train/10GHz/Kneel/06100030_1574195423.png,train,2,0
tasks/known_people_unknown_freq/dataset/train/10GHz/Kneel/06100030_1574195462.png,10GHz,Kneel,3,ua_0030,06100030_1574195462.png,dataset/train/10GHz/Kneel/06100030_1574195462.png,train,2,0
tasks/known_people_unknown_freq/dataset/train/10GHz/Kneel/06100030_1574195482.png,10GHz,Kneel,3,ua_0030,06100030_1574195482.png,dataset/train/10GHz/Kneel/06100030_1574195482.png,train,2,0
tasks/known_people_unknown_freq/dataset/train/10GHz/Kneel/06100030_1574195502.png,10GHz,Kneel,3,ua_0030,06100030_1574195502.png,dataset/train/10GHz/Kneel/06100030_1574195502.png,train,2,0
tasks/known_people_unknown_freq/dataset/train/10GHz/Kneel/06100030_1574195520.png,10GHz,Kneel,3,ua_0030,06100030_1574195520.png,dataset/train/10GHz/Kneel/06100030_1574195520.png,train,2,0
tasks/known_people_unknown_freq/dataset/train/10GHz/Kneel/06100030_1574195539.png,10GHz,Kneel,3,ua_0030,06100030_1574195539.png,dataset/train/10GHz/Kneel/06100030_1574195539.png,train,2,0
tasks/known_people_unknown_freq/dataset/train/10GHz/Kneel/06100030_1574195557.png,10GHz,Kneel,3,ua_0030,06100030_1574195557.png,dataset/train/10GHz/Kneel/06100030_1574195557.png,train,2,0
tasks/known_people_unknown_freq/dataset/train/10GHz/Kneel/06100030_1574195802.png,10GHz,Kneel,3,ua_0030,06100030_1574195802.png,dataset/train/10GHz/Kneel/06100030_1574195802.png,train,2,0
tasks/known_people_unknown_freq/dataset/train/10GHz/Kneel/06100030_1574195822.png,10GHz,Kneel,3,ua_0030,06100030_1574195822.png,dataset/train/10GHz/Kneel/06100030_1574195822.png,train,2,0
tasks/known_people_unknown_freq/dataset/train/10GHz/Kneel/06100030_1574458850.png,10GHz,Kneel,3,ua_0030,06100030_1574458850.png,dataset/train/10GHz/Kneel/06100030_1574458850.png,train,2,0
tasks/known_people_unknown_freq/dataset/train/10GHz/Kneel/06100030_1574458866.png,10GHz,Kneel,3,ua_0030,06100030_1574458866.png,dataset/train/10GHz/Kneel/06100030_1574458866.png,train,2,0
tasks/known_people_unknown_freq/dataset/train/10GHz/Kneel/06100030_1574458884.png,10GHz,Kneel,3,ua_0030,06100030_1574458884.png,dataset/train/10GHz/Kneel/06100030_1574458884.png,train,2,0
tasks/known_people_unknown_freq/dataset/train/10GHz/Kneel/06100030_1574458902 (copy).png,10GHz,Kneel,3,ua_0030,06100030_1574458902 (copy).png,dataset/train/10GHz/Kneel/06100030_1574458902 (copy).png,train,2,0
tasks/known_people_unknown_freq/dataset/train/10GHz/Kneel/06100030_1574458902.png,10GHz,Kneel,3,ua_0030,06100030_1574458902.png,dataset/train/10GHz/Kneel/06100030_1574458902.png,train,2,0
tasks/known_people_unknown_freq/dataset/train/10GHz/Kneel/06100030_1574458938 (another copy).png,10GHz,Kneel,3,ua_0030,06100030_1574458938 (another copy).png,dataset/train/10GHz/Kneel/06100030_1574458938 (another copy).png,train,2,0
tasks/known_people_unknown_freq/dataset/train/10GHz/Kneel/06100030_1574458938 (copy).png,10GHz,Kneel,3,ua_0030,06100030_1574458938 (copy).png,dataset/train/10GHz/Kneel/06100030_1574458938 (copy).png,train,2,0
tasks/known_people_unknown_freq/dataset/train/10GHz/Kneel/06100030_1574458938.png,10GHz,Kneel,3,ua_0030,06100030_1574458938.png,dataset/train/10GHz/Kneel/06100030_1574458938.png,train,2,0
tasks/known_people_unknown_freq/dataset/train/10GHz/Kneel/06100030_1574458956.png,10GHz,Kneel,3,ua_0030,06100030_1574458956.png,dataset/train/10GHz/Kneel/06100030_1574458956.png,train,2,0
tasks/known_people_unknown_freq/dataset/train/10GHz/Kneel/06100030_1574458974.png,10GHz,Kneel,3,ua_0030,06100030_1574458974.png,dataset/train/10GHz/Kneel/06100030_1574458974.png,train,2,0
tasks/known_people_unknown_freq/dataset/train/10GHz/Kneel/06100030_1574458991.png,10GHz,Kneel,3,ua_0030,06100030_1574458991.png,dataset/train/10GHz/Kneel/06100030_1574458991.png,train,2,0
tasks/known_people_unknown_freq/dataset/train/10GHz/Kneel/06100030_1574459016.png,10GHz,Kneel,3,ua_0030,06100030_1574459016.png,dataset/train/10GHz/Kneel/06100030_1574459016.png,train,2,0
tasks/known_people_unknown_freq/dataset/train/10GHz/Pick/06070010_1573837435.png,10GHz,Pick,5,ua_0010,06070010_1573837435.png,dataset/val/10GHz/Pick/06070010_1573837435.png,val,3,0
tasks/known_people_unknown_freq/dataset/train/10GHz/Pick/06070010_1573837456.png,10GHz,Pick,5,ua_0010,06070010_1573837456.png,dataset/val/10GHz/Pick/06070010_1573837456.png,val,3,0
tasks/known_people_unknown_freq/dataset/train/10GHz/Pick/06070010_1573837478.png,10GHz,Pick,5,ua_0010,06070010_1573837478.png,dataset/val/10GHz/Pick/06070010_1573837478.png,val,3,0
tasks/known_people_unknown_freq/dataset/train/10GHz/Pick/06070010_1573837502.png,10GHz,Pick,5,ua_0010,06070010_1573837502.png,dataset/val/10GHz/Pick/06070010_1573837502.png,val,3,0
tasks/known_people_unknown_freq/dataset/train/10GHz/Pick/06070010_1573837531.png,10GHz,Pick,5,ua_0010,06070010_1573837531.png,dataset/val/10GHz/Pick/06070010_1573837531.png,val,3,0
tasks/known_people_unknown_freq/dataset/train/10GHz/Pick/06070010_1573837550.png,10GHz,Pick,5,ua_0010,06070010_1573837550.png,dataset/val/10GHz/Pick/06070010_1573837550.png,val,3,0
tasks/known_people_unknown_freq/dataset/train/10GHz/Pick/06070010_1573837573.png,10GHz,Pick,5,ua_0010,06070010_1573837573.png,dataset/val/10GHz/Pick/06070010_1573837573.png,val,3,0
tasks/known_people_unknown_freq/dataset/train/10GHz/Pick/06070010_1573837622.png,10GHz,Pick,5,ua_0010,06070010_1573837622.png,dataset/val/10GHz/Pick/06070010_1573837622.png,val,3,0
tasks/known_people_unknown_freq/dataset/train/10GHz/Pick/06070014_1574696535.png,10GHz,Pick,5,ua_0014,06070014_1574696535.png,dataset/train/10GHz/Pick/06070014_1574696535.png,train,3,0
tasks/known_people_unknown_freq/dataset/train/10GHz/Pick/06070014_1574696560.png,10GHz,Pick,5,ua_0014,06070014_1574696560.png,dataset/train/10GHz/Pick/06070014_1574696560.png,train,3,0
tasks/known_people_unknown_freq/dataset/train/10GHz/Pick/06070014_1574696589.png,10GHz,Pick,5,ua_0014,06070014_1574696589.png,dataset/train/10GHz/Pick/06070014_1574696589.png,train,3,0
tasks/known_people_unknown_freq/dataset/train/10GHz/Pick/06070014_1574696667.png,10GHz,Pick,5,ua_0014,06070014_1574696667.png,dataset/train/10GHz/Pick/06070014_1574696667.png,train,3,0
tasks/known_people_unknown_freq/dataset/train/10GHz/Pick/06070014_1574696688.png,10GHz,Pick,5,ua_0014,06070014_1574696688.png,dataset/train/10GHz/Pick/06070014_1574696688.png,train,3,0
tasks/known_people_unknown_freq/dataset/train/10GHz/Pick/06070014_1574696706.png,10GHz,Pick,5,ua_0014,06070014_1574696706.png,dataset/train/10GHz/Pick/06070014_1574696706.png,train,3,0
tasks/known_people_unknown_freq/dataset/train/10GHz/Pick/06070014_1574696727.png,10GHz,Pick,5,ua_0014,06070014_1574696727.png,dataset/train/10GHz/Pick/06070014_1574696727.png,train,3,0
tasks/known_people_unknown_freq/dataset/train/10GHz/Pick/06070029_1574115138.png,10GHz,Pick,5,ua_0029,06070029_1574115138.png,dataset/train/10GHz/Pick/06070029_1574115138.png,train,3,0
tasks/known_people_unknown_freq/dataset/train/10GHz/Pick/06070029_1574115158.png,10GHz,Pick,5,ua_0029,06070029_1574115158.png,dataset/train/10GHz/Pick/06070029_1574115158.png,train,3,0
tasks/known_people_unknown_freq/dataset/train/10GHz/Pick/06070029_1574115178.png,10GHz,Pick,5,ua_0029,06070029_1574115178.png,dataset/train/10GHz/Pick/06070029_1574115178.png,train,3,0
tasks/known_people_unknown_freq/dataset/train/10GHz/Pick/06070029_1574115196.png,10GHz,Pick,5,ua_0029,06070029_1574115196.png,dataset/train/10GHz/Pick/06070029_1574115196.png,train,3,0
tasks/known_people_unknown_freq/dataset/train/10GHz/Pick/06070029_1574115263.png,10GHz,Pick,5,ua_0029,06070029_1574115263.png,dataset/train/10GHz/Pick/06070029_1574115263.png,train,3,0
tasks/known_people_unknown_freq/dataset/train/10GHz/Pick/06070029_1574115281.png,10GHz,Pick,5,ua_0029,06070029_1574115281.png,dataset/train/10GHz/Pick/06070029_1574115281.png,train,3,0
tasks/known_people_unknown_freq/dataset/train/10GHz/Pick/06070029_1574115300.png,10GHz,Pick,5,ua_0029,06070029_1574115300.png,dataset/train/10GHz/Pick/06070029_1574115300.png,train,3,0
tasks/known_people_unknown_freq/dataset/train/10GHz/Pick/06070029_1574627323.png,10GHz,Pick,5,ua_0029,06070029_1574627323.png,dataset/train/10GHz/Pick/06070029_1574627323.png,train,3,0
tasks/known_people_unknown_freq/dataset/train/10GHz/Pick/06070029_1574627347.png,10GHz,Pick,5,ua_0029,06070029_1574627347.png,dataset/train/10GHz/Pick/06070029_1574627347.png,train,3,0
tasks/known_people_unknown_freq/dataset/train/10GHz/Pick/06070029_1574627388.png,10GHz,Pick,5,ua_0029,06070029_1574627388.png,dataset/train/10GHz/Pick/06070029_1574627388.png,train,3,0
tasks/known_people_unknown_freq/dataset/train/10GHz/Pick/06070029_1574627633.png,10GHz,Pick,5,ua_0029,06070029_1574627633.png,dataset/train/10GHz/Pick/06070029_1574627633.png,train,3,0
tasks/known_people_unknown_freq/dataset/train/10GHz/Pick/06070029_1574627654.png,10GHz,Pick,5,ua_0029,06070029_1574627654.png,dataset/train/10GHz/Pick/06070029_1574627654.png,train,3,0
tasks/known_people_unknown_freq/dataset/train/10GHz/Pick/06070029_1574627704.png,10GHz,Pick,5,ua_0029,06070029_1574627704.png,dataset/train/10GHz/Pick/06070029_1574627704.png,train,3,0
tasks/known_people_unknown_freq/dataset/train/10GHz/Pick/06070029_1574627723.png,10GHz,Pick,5,ua_0029,06070029_1574627723.png,dataset/train/10GHz/Pick/06070029_1574627723.png,train,3,0
tasks/known_people_unknown_freq/dataset/train/10GHz/Pick/06070029_1574627743.png,10GHz,Pick,5,ua_0029,06070029_1574627743.png,dataset/train/10GHz/Pick/06070029_1574627743.png,train,3,0
tasks/known_people_unknown_freq/dataset/train/10GHz/Pick/06070029_1574627762.png,10GHz,Pick,5,ua_0029,06070029_1574627762.png,dataset/train/10GHz/Pick/06070029_1574627762.png,train,3,0
tasks/known_people_unknown_freq/dataset/train/10GHz/Pick/06070030_1574194424.png,10GHz,Pick,5,ua_0030,06070030_1574194424.png,dataset/train/10GHz/Pick/06070030_1574194424.png,train,3,0
tasks/known_people_unknown_freq/dataset/train/10GHz/Pick/06070030_1574194444.png,10GHz,Pick,5,ua_0030,06070030_1574194444.png,dataset/train/10GHz/Pick/06070030_1574194444.png,train,3,0
tasks/known_people_unknown_freq/dataset/train/10GHz/Pick/06070030_1574194468 (copy).png,10GHz,Pick,5,ua_0030,06070030_1574194468 (copy).png,dataset/train/10GHz/Pick/06070030_1574194468 (copy).png,train,3,0
tasks/known_people_unknown_freq/dataset/train/10GHz/Pick/06070030_1574194488.png,10GHz,Pick,5,ua_0030,06070030_1574194488.png,dataset/train/10GHz/Pick/06070030_1574194488.png,train,3,0
tasks/known_people_unknown_freq/dataset/train/10GHz/Pick/06070030_1574194508.png,10GHz,Pick,5,ua_0030,06070030_1574194508.png,dataset/train/10GHz/Pick/06070030_1574194508.png,train,3,0
tasks/known_people_unknown_freq/dataset/train/10GHz/Pick/06070030_1574194528.png,10GHz,Pick,5,ua_0030,06070030_1574194528.png,dataset/train/10GHz/Pick/06070030_1574194528.png,train,3,0
tasks/known_people_unknown_freq/dataset/train/10GHz/Pick/06070030_1574194547.png,10GHz,Pick,5,ua_0030,06070030_1574194547.png,dataset/train/10GHz/Pick/06070030_1574194547.png,train,3,0
tasks/known_people_unknown_freq/dataset/train/10GHz/Pick/06070030_1574457190.png,10GHz,Pick,5,ua_0030,06070030_1574457190.png,dataset/train/10GHz/Pick/06070030_1574457190.png,train,3,0
tasks/known_people_unknown_freq/dataset/train/10GHz/Pick/06070030_1574457212.png,10GHz,Pick,5,ua_0030,06070030_1574457212.png,dataset/train/10GHz/Pick/06070030_1574457212.png,train,3,0
tasks/known_people_unknown_freq/dataset/train/10GHz/Pick/06070030_1574457253.png,10GHz,Pick,5,ua_0030,06070030_1574457253.png,dataset/train/10GHz/Pick/06070030_1574457253.png,train,3,0
tasks/known_people_unknown_freq/dataset/train/10GHz/Pick/06070030_1574457274.png,10GHz,Pick,5,ua_0030,06070030_1574457274.png,dataset/train/10GHz/Pick/06070030_1574457274.png,train,3,0
tasks/known_people_unknown_freq/dataset/train/10GHz/Pick/06070030_1574457294.png,10GHz,Pick,5,ua_0030,06070030_1574457294.png,dataset/train/10GHz/Pick/06070030_1574457294.png,train,3,0
tasks/known_people_unknown_freq/dataset/train/10GHz/Pick/06070030_1574457315.png,10GHz,Pick,5,ua_0030,06070030_1574457315.png,dataset/train/10GHz/Pick/06070030_1574457315.png,train,3,0
tasks/known_people_unknown_freq/dataset/train/10GHz/Pick/06070030_1574457946.png,10GHz,Pick,5,ua_0030,06070030_1574457946.png,dataset/train/10GHz/Pick/06070030_1574457946.png,train,3,0
tasks/known_people_unknown_freq/dataset/train/10GHz/SStep/06180010_1573840267.png,10GHz,SStep,6,ua_0010,06180010_1573840267.png,dataset/val/10GHz/SStep/06180010_1573840267.png,val,4,0
tasks/known_people_unknown_freq/dataset/train/10GHz/SStep/06180010_1573840288.png,10GHz,SStep,6,ua_0010,06180010_1573840288.png,dataset/val/10GHz/SStep/06180010_1573840288.png,val,4,0
tasks/known_people_unknown_freq/dataset/train/10GHz/SStep/06180014_1574699126.png,10GHz,SStep,6,ua_0014,06180014_1574699126.png,dataset/train/10GHz/SStep/06180014_1574699126.png,train,4,0
tasks/known_people_unknown_freq/dataset/train/10GHz/SStep/06180014_1574699146.png,10GHz,SStep,6,ua_0014,06180014_1574699146.png,dataset/train/10GHz/SStep/06180014_1574699146.png,train,4,0
tasks/known_people_unknown_freq/dataset/train/10GHz/SStep/06180014_1574699165.png,10GHz,SStep,6,ua_0014,06180014_1574699165.png,dataset/train/10GHz/SStep/06180014_1574699165.png,train,4,0
tasks/known_people_unknown_freq/dataset/train/10GHz/SStep/06180014_1574699191.png,10GHz,SStep,6,ua_0014,06180014_1574699191.png,dataset/train/10GHz/SStep/06180014_1574699191.png,train,4,0
tasks/known_people_unknown_freq/dataset/train/10GHz/SStep/06180014_1574699230.png,10GHz,SStep,6,ua_0014,06180014_1574699230.png,dataset/train/10GHz/SStep/06180014_1574699230.png,train,4,0
tasks/known_people_unknown_freq/dataset/train/10GHz/SStep/06180014_1574699251.png,10GHz,SStep,6,ua_0014,06180014_1574699251.png,dataset/train/10GHz/SStep/06180014_1574699251.png,train,4,0
tasks/known_people_unknown_freq/dataset/train/10GHz/SStep/06180029_1574117498.png,10GHz,SStep,6,ua_0029,06180029_1574117498.png,dataset/train/10GHz/SStep/06180029_1574117498.png,train,4,0
tasks/known_people_unknown_freq/dataset/train/10GHz/SStep/06180029_1574117518.png,10GHz,SStep,6,ua_0029,06180029_1574117518.png,dataset/train/10GHz/SStep/06180029_1574117518.png,train,4,0
tasks/known_people_unknown_freq/dataset/train/10GHz/SStep/06180029_1574117536.png,10GHz,SStep,6,ua_0029,06180029_1574117536.png,dataset/train/10GHz/SStep/06180029_1574117536.png,train,4,0
tasks/known_people_unknown_freq/dataset/train/10GHz/SStep/06180029_1574117555.png,10GHz,SStep,6,ua_0029,06180029_1574117555.png,dataset/train/10GHz/SStep/06180029_1574117555.png,train,4,0
tasks/known_people_unknown_freq/dataset/train/10GHz/SStep/06180029_1574117627.png,10GHz,SStep,6,ua_0029,06180029_1574117627.png,dataset/train/10GHz/SStep/06180029_1574117627.png,train,4,0
tasks/known_people_unknown_freq/dataset/train/10GHz/SStep/06180029_1574117647.png,10GHz,SStep,6,ua_0029,06180029_1574117647.png,dataset/train/10GHz/SStep/06180029_1574117647.png,train,4,0
tasks/known_people_unknown_freq/dataset/train/10GHz/SStep/06180029_1574117666.png,10GHz,SStep,6,ua_0029,06180029_1574117666.png,dataset/train/10GHz/SStep/06180029_1574117666.png,train,4,0
tasks/known_people_unknown_freq/dataset/train/10GHz/SStep/06180029_1574629378.png,10GHz,SStep,6,ua_0029,06180029_1574629378.png,dataset/train/10GHz/SStep/06180029_1574629378.png,train,4,0
tasks/known_people_unknown_freq/dataset/train/10GHz/SStep/06180029_1574629397.png,10GHz,SStep,6,ua_0029,06180029_1574629397.png,dataset/train/10GHz/SStep/06180029_1574629397.png,train,4,0
tasks/known_people_unknown_freq/dataset/train/10GHz/SStep/06180029_1574629415.png,10GHz,SStep,6,ua_0029,06180029_1574629415.png,dataset/train/10GHz/SStep/06180029_1574629415.png,train,4,0
tasks/known_people_unknown_freq/dataset/train/10GHz/SStep/06180029_1574629434.png,10GHz,SStep,6,ua_0029,06180029_1574629434.png,dataset/train/10GHz/SStep/06180029_1574629434.png,train,4,0
tasks/known_people_unknown_freq/dataset/train/10GHz/SStep/06180029_1574629453.png,10GHz,SStep,6,ua_0029,06180029_1574629453.png,dataset/train/10GHz/SStep/06180029_1574629453.png,train,4,0
tasks/known_people_unknown_freq/dataset/train/10GHz/SStep/06180029_1574629474.png,10GHz,SStep,6,ua_0029,06180029_1574629474.png,dataset/train/10GHz/SStep/06180029_1574629474.png,train,4,0
tasks/known_people_unknown_freq/dataset/train/10GHz/SStep/06180029_1574629512.png,10GHz,SStep,6,ua_0029,06180029_1574629512.png,dataset/train/10GHz/SStep/06180029_1574629512.png,train,4,0
tasks/known_people_unknown_freq/dataset/train/10GHz/SStep/06180029_1574629533.png,10GHz,SStep,6,ua_0029,06180029_1574629533.png,dataset/train/10GHz/SStep/06180029_1574629533.png,train,4,0
tasks/known_people_unknown_freq/dataset/train/10GHz/SStep/06180029_1574629552.png,10GHz,SStep,6,ua_0029,06180029_1574629552.png,dataset/train/10GHz/SStep/06180029_1574629552.png,train,4,0
tasks/known_people_unknown_freq/dataset/train/10GHz/SStep/06180029_1574629570.png,10GHz,SStep,6,ua_0029,06180029_1574629570.png,dataset/train/10GHz/SStep/06180029_1574629570.png,train,4,0
tasks/known_people_unknown_freq/dataset/train/10GHz/SStep/06180030_1574196837.png,10GHz,SStep,6,ua_0030,06180030_1574196837.png,dataset/train/10GHz/SStep/06180030_1574196837.png,train,4,0
tasks/known_people_unknown_freq/dataset/train/10GHz/SStep/06180030_1574196884.png,10GHz,SStep,6,ua_0030,06180030_1574196884.png,dataset/train/10GHz/SStep/06180030_1574196884.png,train,4,0
tasks/known_people_unknown_freq/dataset/train/10GHz/SStep/06180030_1574196905.png,10GHz,SStep,6,ua_0030,06180030_1574196905.png,dataset/train/10GHz/SStep/06180030_1574196905.png,train,4,0
tasks/known_people_unknown_freq/dataset/train/10GHz/SStep/06180030_1574196927.png,10GHz,SStep,6,ua_0030,06180030_1574196927.png,dataset/train/10GHz/SStep/06180030_1574196927.png,train,4,0
tasks/known_people_unknown_freq/dataset/train/10GHz/SStep/06180030_1574196968.png,10GHz,SStep,6,ua_0030,06180030_1574196968.png,dataset/train/10GHz/SStep/06180030_1574196968.png,train,4,0
tasks/known_people_unknown_freq/dataset/train/10GHz/SStep/06180030_1574196992.png,10GHz,SStep,6,ua_0030,06180030_1574196992.png,dataset/train/10GHz/SStep/06180030_1574196992.png,train,4,0
tasks/known_people_unknown_freq/dataset/train/10GHz/SStep/06180030_1574197013.png,10GHz,SStep,6,ua_0030,06180030_1574197013.png,dataset/train/10GHz/SStep/06180030_1574197013.png,train,4,0
tasks/known_people_unknown_freq/dataset/train/10GHz/SStep/06180030_1574197034.png,10GHz,SStep,6,ua_0030,06180030_1574197034.png,dataset/train/10GHz/SStep/06180030_1574197034.png,train,4,0
tasks/known_people_unknown_freq/dataset/train/10GHz/SStep/06180030_1574460138.png,10GHz,SStep,6,ua_0030,06180030_1574460138.png,dataset/train/10GHz/SStep/06180030_1574460138.png,train,4,0
tasks/known_people_unknown_freq/dataset/train/10GHz/SStep/06180030_1574460179.png,10GHz,SStep,6,ua_0030,06180030_1574460179.png,dataset/train/10GHz/SStep/06180030_1574460179.png,train,4,0
tasks/known_people_unknown_freq/dataset/train/10GHz/SStep/06180030_1574460197.png,10GHz,SStep,6,ua_0030,06180030_1574460197.png,dataset/train/10GHz/SStep/06180030_1574460197.png,train,4,0
tasks/known_people_unknown_freq/dataset/train/10GHz/SStep/06180030_1574460217.png,10GHz,SStep,6,ua_0030,06180030_1574460217.png,dataset/train/10GHz/SStep/06180030_1574460217.png,train,4,0
tasks/known_people_unknown_freq/dataset/train/10GHz/SStep/06180030_1574460235.png,10GHz,SStep,6,ua_0030,06180030_1574460235.png,dataset/train/10GHz/SStep/06180030_1574460235.png,train,4,0
tasks/known_people_unknown_freq/dataset/train/10GHz/Sit/06090014_1574696977.png,10GHz,Sit,8,ua_0014,06090014_1574696977.png,dataset/train/10GHz/Sit/06090014_1574696977.png,train,5,0
tasks/known_people_unknown_freq/dataset/train/10GHz/Sit/06090014_1574696998 (copy).png,10GHz,Sit,8,ua_0014,06090014_1574696998 (copy).png,dataset/train/10GHz/Sit/06090014_1574696998 (copy).png,train,5,0
tasks/known_people_unknown_freq/dataset/train/10GHz/Sit/06090014_1574696998.png,10GHz,Sit,8,ua_0014,06090014_1574696998.png,dataset/train/10GHz/Sit/06090014_1574696998.png,train,5,0
tasks/known_people_unknown_freq/dataset/train/10GHz/Sit/06090014_1574697018.png,10GHz,Sit,8,ua_0014,06090014_1574697018.png,dataset/train/10GHz/Sit/06090014_1574697018.png,train,5,0
tasks/known_people_unknown_freq/dataset/train/10GHz/Sit/06090014_1574697038.png,10GHz,Sit,8,ua_0014,06090014_1574697038.png,dataset/train/10GHz/Sit/06090014_1574697038.png,train,5,0
tasks/known_people_unknown_freq/dataset/train/10GHz/Sit/06090014_1574697058.png,10GHz,Sit,8,ua_0014,06090014_1574697058.png,dataset/train/10GHz/Sit/06090014_1574697058.png,train,5,0
tasks/known_people_unknown_freq/dataset/train/10GHz/Sit/06090014_1574697076.png,10GHz,Sit,8,ua_0014,06090014_1574697076.png,dataset/train/10GHz/Sit/06090014_1574697076.png,train,5,0
tasks/known_people_unknown_freq/dataset/train/10GHz/Sit/06090014_1574697095.png,10GHz,Sit,8,ua_0014,06090014_1574697095.png,dataset/train/10GHz/Sit/06090014_1574697095.png,train,5,0
tasks/known_people_unknown_freq/dataset/train/10GHz/Sit/06090014_1574697390.png,10GHz,Sit,8,ua_0014,06090014_1574697390.png,dataset/train/10GHz/Sit/06090014_1574697390.png,train,5,0
tasks/known_people_unknown_freq/dataset/train/10GHz/Sit/06090014_1574697454.png,10GHz,Sit,8,ua_0014,06090014_1574697454.png,dataset/train/10GHz/Sit/06090014_1574697454.png,train,5,0
tasks/known_people_unknown_freq/dataset/train/10GHz/Sit/06090014_1574697897.png,10GHz,Sit,8,ua_0014,06090014_1574697897.png,dataset/train/10GHz/Sit/06090014_1574697897.png,train,5,0
tasks/known_people_unknown_freq/dataset/train/10GHz/Sit/06090014_1574697936.png,10GHz,Sit,8,ua_0014,06090014_1574697936.png,dataset/train/10GHz/Sit/06090014_1574697936.png,train,5,0
tasks/known_people_unknown_freq/dataset/train/10GHz/Sit/06090014_1574697955 (copy).png,10GHz,Sit,8,ua_0014,06090014_1574697955 (copy).png,dataset/train/10GHz/Sit/06090014_1574697955 (copy).png,train,5,0
tasks/known_people_unknown_freq/dataset/train/10GHz/Sit/06090014_1574697974.png,10GHz,Sit,8,ua_0014,06090014_1574697974.png,dataset/train/10GHz/Sit/06090014_1574697974.png,train,5,0
tasks/known_people_unknown_freq/dataset/train/10GHz/Sit/06090029_1574115666.png,10GHz,Sit,8,ua_0029,06090029_1574115666.png,dataset/train/10GHz/Sit/06090029_1574115666.png,train,5,0
tasks/known_people_unknown_freq/dataset/train/10GHz/Sit/06090029_1574115686.png,10GHz,Sit,8,ua_0029,06090029_1574115686.png,dataset/train/10GHz/Sit/06090029_1574115686.png,train,5,0
tasks/known_people_unknown_freq/dataset/train/10GHz/Sit/06090029_1574115706.png,10GHz,Sit,8,ua_0029,06090029_1574115706.png,dataset/train/10GHz/Sit/06090029_1574115706.png,train,5,0
tasks/known_people_unknown_freq/dataset/train/10GHz/Sit/06090029_1574115726.png,10GHz,Sit,8,ua_0029,06090029_1574115726.png,dataset/train/10GHz/Sit/06090029_1574115726.png,train,5,0
tasks/known_people_unknown_freq/dataset/train/10GHz/Sit/06090029_1574115745.png,10GHz,Sit,8,ua_0029,06090029_1574115745.png,dataset/train/10GHz/Sit/06090029_1574115745.png,train,5,0
tasks/known_people_unknown_freq/dataset/train/10GHz/Sit/06090029_1574115764.png,10GHz,Sit,8,ua_0029,06090029_1574115764.png,dataset/train/10GHz/Sit/06090029_1574115764.png,train,5,0
tasks/known_people_unknown_freq/dataset/train/10GHz/Sit/06090029_1574115784.png,10GHz,Sit,8,ua_0029,06090029_1574115784.png,dataset/train/10GHz/Sit/06090029_1574115784.png,train,5,0
tasks/known_people_unknown_freq/dataset/train/10GHz/Sit/06090029_1574115842 (copy).png,10GHz,Sit,8,ua_0029,06090029_1574115842 (copy).png,dataset/train/10GHz/Sit/06090029_1574115842 (copy).png,train,5,0
tasks/known_people_unknown_freq/dataset/train/10GHz/Sit/06090029_1574628100.png,10GHz,Sit,8,ua_0029,06090029_1574628100.png,dataset/train/10GHz/Sit/06090029_1574628100.png,train,5,0
tasks/known_people_unknown_freq/dataset/train/10GHz/Sit/06090029_1574628120.png,10GHz,Sit,8,ua_0029,06090029_1574628120.png,dataset/train/10GHz/Sit/06090029_1574628120.png,train,5,0
tasks/known_people_unknown_freq/dataset/train/10GHz/Sit/06090029_1574628141.png,10GHz,Sit,8,ua_0029,06090029_1574628141.png,dataset/train/10GHz/Sit/06090029_1574628141.png,train,5,0
tasks/known_people_unknown_freq/dataset/train/10GHz/Sit/06090029_1574628160.png,10GHz,Sit,8,ua_0029,06090029_1574628160.png,dataset/train/10GHz/Sit/06090029_1574628160.png,train,5,0
tasks/known_people_unknown_freq/dataset/train/10GHz/Sit/06090029_1574628180.png,10GHz,Sit,8,ua_0029,06090029_1574628180.png,dataset/train/10GHz/Sit/06090029_1574628180.png,train,5,0
tasks/known_people_unknown_freq/dataset/train/10GHz/Sit/06090029_1574628440.png,10GHz,Sit,8,ua_0029,06090029_1574628440.png,dataset/train/10GHz/Sit/06090029_1574628440.png,train,5,0
tasks/known_people_unknown_freq/dataset/train/10GHz/Sit/06090029_1574628461.png,10GHz,Sit,8,ua_0029,06090029_1574628461.png,dataset/train/10GHz/Sit/06090029_1574628461.png,train,5,0
tasks/known_people_unknown_freq/dataset/train/10GHz/Sit/06090030_1574195230.png,10GHz,Sit,8,ua_0030,06090030_1574195230.png,dataset/train/10GHz/Sit/06090030_1574195230.png,train,5,0
tasks/known_people_unknown_freq/dataset/train/10GHz/Sit/06090030_1574195274 (copy).png,10GHz,Sit,8,ua_0030,06090030_1574195274 (copy).png,dataset/train/10GHz/Sit/06090030_1574195274 (copy).png,train,5,0
tasks/known_people_unknown_freq/dataset/train/10GHz/Sit/06090030_1574195274.png,10GHz,Sit,8,ua_0030,06090030_1574195274.png,dataset/train/10GHz/Sit/06090030_1574195274.png,train,5,0
tasks/known_people_unknown_freq/dataset/train/10GHz/Sit/06090030_1574195313.png,10GHz,Sit,8,ua_0030,06090030_1574195313.png,dataset/train/10GHz/Sit/06090030_1574195313.png,train,5,0
tasks/known_people_unknown_freq/dataset/train/10GHz/Sit/06090030_1574195332.png,10GHz,Sit,8,ua_0030,06090030_1574195332.png,dataset/train/10GHz/Sit/06090030_1574195332.png,train,5,0
tasks/known_people_unknown_freq/dataset/train/10GHz/Sit/06090030_1574195351.png,10GHz,Sit,8,ua_0030,06090030_1574195351.png,dataset/train/10GHz/Sit/06090030_1574195351.png,train,5,0
tasks/known_people_unknown_freq/dataset/train/10GHz/Sit/06090030_1574195371.png,10GHz,Sit,8,ua_0030,06090030_1574195371.png,dataset/train/10GHz/Sit/06090030_1574195371.png,train,5,0
tasks/known_people_unknown_freq/dataset/train/10GHz/Sit/06090030_1574195391.png,10GHz,Sit,8,ua_0030,06090030_1574195391.png,dataset/train/10GHz/Sit/06090030_1574195391.png,train,5,0
tasks/known_people_unknown_freq/dataset/train/10GHz/Sit/06090030_1574458188 (copy).png,10GHz,Sit,8,ua_0030,06090030_1574458188 (copy).png,dataset/train/10GHz/Sit/06090030_1574458188 (copy).png,train,5,0
tasks/known_people_unknown_freq/dataset/train/10GHz/Sit/06090030_1574458207.png,10GHz,Sit,8,ua_0030,06090030_1574458207.png,dataset/train/10GHz/Sit/06090030_1574458207.png,train,5,0
tasks/known_people_unknown_freq/dataset/train/10GHz/Sit/06090030_1574458226.png,10GHz,Sit,8,ua_0030,06090030_1574458226.png,dataset/train/10GHz/Sit/06090030_1574458226.png,train,5,0
tasks/known_people_unknown_freq/dataset/train/10GHz/Sit/06090030_1574458245.png,10GHz,Sit,8,ua_0030,06090030_1574458245.png,dataset/train/10GHz/Sit/06090030_1574458245.png,train,5,0
tasks/known_people_unknown_freq/dataset/train/10GHz/Sit/06090030_1574458265.png,10GHz,Sit,8,ua_0030,06090030_1574458265.png,dataset/train/10GHz/Sit/06090030_1574458265.png,train,5,0
tasks/known_people_unknown_freq/dataset/train/10GHz/Sit/06090030_1574458283.png,10GHz,Sit,8,ua_0030,06090030_1574458283.png,dataset/train/10GHz/Sit/06090030_1574458283.png,train,5,0
tasks/known_people_unknown_freq/dataset/train/10GHz/Sit/06090030_1574458785.png,10GHz,Sit,8,ua_0030,06090030_1574458785.png,dataset/train/10GHz/Sit/06090030_1574458785.png,train,5,0
tasks/known_people_unknown_freq/dataset/train/10GHz/Sit/06090030_1574458803.png,10GHz,Sit,8,ua_0030,06090030_1574458803.png,dataset/train/10GHz/Sit/06090030_1574458803.png,train,5,0
tasks/known_people_unknown_freq/dataset/train/10GHz/Towards/06050010_1573836864.png,10GHz,Towards,10,ua_0010,06050010_1573836864.png,dataset/val/10GHz/Towards/06050010_1573836864.png,val,6,0
tasks/known_people_unknown_freq/dataset/train/10GHz/Towards/06050010_1573836889.png,10GHz,Towards,10,ua_0010,06050010_1573836889.png,dataset/val/10GHz/Towards/06050010_1573836889.png,val,6,0
tasks/known_people_unknown_freq/dataset/train/10GHz/Towards/06050010_1573836957.png,10GHz,Towards,10,ua_0010,06050010_1573836957.png,dataset/val/10GHz/Towards/06050010_1573836957.png,val,6,0
tasks/known_people_unknown_freq/dataset/train/10GHz/Towards/06050010_1573836980.png,10GHz,Towards,10,ua_0010,06050010_1573836980.png,dataset/val/10GHz/Towards/06050010_1573836980.png,val,6,0
tasks/known_people_unknown_freq/dataset/train/10GHz/Towards/06050010_1573837002.png,10GHz,Towards,10,ua_0010,06050010_1573837002.png,dataset/val/10GHz/Towards/06050010_1573837002.png,val,6,0
tasks/known_people_unknown_freq/dataset/train/10GHz/Towards/06050010_1573837024.png,10GHz,Towards,10,ua_0010,06050010_1573837024.png,dataset/val/10GHz/Towards/06050010_1573837024.png,val,6,0
tasks/known_people_unknown_freq/dataset/train/10GHz/Towards/06050010_1573837045.png,10GHz,Towards,10,ua_0010,06050010_1573837045.png,dataset/val/10GHz/Towards/06050010_1573837045.png,val,6,0
tasks/known_people_unknown_freq/dataset/train/10GHz/Towards/06050010_1573837067.png,10GHz,Towards,10,ua_0010,06050010_1573837067.png,dataset/val/10GHz/Towards/06050010_1573837067.png,val,6,0
tasks/known_people_unknown_freq/dataset/train/10GHz/Towards/06050029_1574114294.png,10GHz,Towards,10,ua_0029,06050029_1574114294.png,dataset/train/10GHz/Towards/06050029_1574114294.png,train,6,0
tasks/known_people_unknown_freq/dataset/train/10GHz/Towards/06050029_1574114447.png,10GHz,Towards,10,ua_0029,06050029_1574114447.png,dataset/train/10GHz/Towards/06050029_1574114447.png,train,6,0
tasks/known_people_unknown_freq/dataset/train/10GHz/Towards/06050029_1574114529.png,10GHz,Towards,10,ua_0029,06050029_1574114529.png,dataset/train/10GHz/Towards/06050029_1574114529.png,train,6,0
tasks/known_people_unknown_freq/dataset/train/10GHz/Towards/06050029_1574114550.png,10GHz,Towards,10,ua_0029,06050029_1574114550.png,dataset/train/10GHz/Towards/06050029_1574114550.png,train,6,0
tasks/known_people_unknown_freq/dataset/train/10GHz/Towards/06050029_1574114569.png,10GHz,Towards,10,ua_0029,06050029_1574114569.png,dataset/train/10GHz/Towards/06050029_1574114569.png,train,6,0
tasks/known_people_unknown_freq/dataset/train/10GHz/Towards/06050029_1574114588.png,10GHz,Towards,10,ua_0029,06050029_1574114588.png,dataset/train/10GHz/Towards/06050029_1574114588.png,train,6,0
tasks/known_people_unknown_freq/dataset/train/10GHz/Towards/06050029_1574114606.png,10GHz,Towards,10,ua_0029,06050029_1574114606.png,dataset/train/10GHz/Towards/06050029_1574114606.png,train,6,0
tasks/known_people_unknown_freq/dataset/train/10GHz/Towards/06050029_1574114625.png,10GHz,Towards,10,ua_0029,06050029_1574114625.png,dataset/train/10GHz/Towards/06050029_1574114625.png,train,6,0
tasks/known_people_unknown_freq/dataset/train/10GHz/Towards/06050029_1574626078.png,10GHz,Towards,10,ua_0029,06050029_1574626078.png,dataset/train/10GHz/Towards/06050029_1574626078.png,train,6,0
tasks/known_people_unknown_freq/dataset/train/10GHz/Towards/06050029_1574626210.png,10GHz,Towards,10,ua_0029,06050029_1574626210.png,dataset/train/10GHz/Towards/06050029_1574626210.png,train,6,0
tasks/known_people_unknown_freq/dataset/train/10GHz/Towards/06050029_1574626307.png,10GHz,Towards,10,ua_0029,06050029_1574626307.png,dataset/train/10GHz/Towards/06050029_1574626307.png,train,6,0
tasks/known_people_unknown_freq/dataset/train/10GHz/Towards/06050029_1574626331.png,10GHz,Towards,10,ua_0029,06050029_1574626331.png,dataset/train/10GHz/Towards/06050029_1574626331.png,train,6,0
tasks/known_people_unknown_freq/dataset/train/10GHz/Towards/06050029_1574626372.png,10GHz,Towards,10,ua_0029,06050029_1574626372.png,dataset/train/10GHz/Towards/06050029_1574626372.png,train,6,0
tasks/known_people_unknown_freq/dataset/train/10GHz/Towards/06050029_1574626392.png,10GHz,Towards,10,ua_0029,06050029_1574626392.png,dataset/train/10GHz/Towards/06050029_1574626392.png,train,6,0
tasks/known_people_unknown_freq/dataset/train/10GHz/Towards/06050030_1574193880.png,10GHz,Towards,10,ua_0030,06050030_1574193880.png,dataset/train/10GHz/Towards/06050030_1574193880.png,train,6,0
tasks/known_people_unknown_freq/dataset/train/10GHz/Towards/06050030_1574193925.png,10GHz,Towards,10,ua_0030,06050030_1574193925.png,dataset/train/10GHz/Towards/06050030_1574193925.png,train,6,0
tasks/known_people_unknown_freq/dataset/train/10GHz/Towards/06050030_1574193946.png,10GHz,Towards,10,ua_0030,06050030_1574193946.png,dataset/train/10GHz/Towards/06050030_1574193946.png,train,6,0
tasks/known_people_unknown_freq/dataset/train/10GHz/Towards/06050030_1574193984.png,10GHz,Towards,10,ua_0030,06050030_1574193984.png,dataset/train/10GHz/Towards/06050030_1574193984.png,train,6,0
tasks/known_people_unknown_freq/dataset/train/10GHz/Towards/06050030_1574194043.png,10GHz,Towards,10,ua_0030,06050030_1574194043.png,dataset/train/10GHz/Towards/06050030_1574194043.png,train,6,0
tasks/known_people_unknown_freq/dataset/train/10GHz/Towards/06050030_1574194068.png,10GHz,Towards,10,ua_0030,06050030_1574194068.png,dataset/train/10GHz/Towards/06050030_1574194068.png,train,6,0
tasks/known_people_unknown_freq/dataset/train/10GHz/Towards/06050030_1574194145.png,10GHz,Towards,10,ua_0030,06050030_1574194145.png,dataset/train/10GHz/Towards/06050030_1574194145.png,train,6,0
tasks/known_people_unknown_freq/dataset/train/10GHz/Towards/06050030_1574456646.png,10GHz,Towards,10,ua_0030,06050030_1574456646.png,dataset/train/10GHz/Towards/06050030_1574456646.png,train,6,0
tasks/known_people_unknown_freq/dataset/train/10GHz/Towards/06050030_1574456705.png,10GHz,Towards,10,ua_0030,06050030_1574456705.png,dataset/train/10GHz/Towards/06050030_1574456705.png,train,6,0
tasks/known_people_unknown_freq/dataset/train/10GHz/Towards/06050030_1574456771.png,10GHz,Towards,10,ua_0030,06050030_1574456771.png,dataset/train/10GHz/Towards/06050030_1574456771.png,train,6,0
tasks/known_people_unknown_freq/dataset/train/10GHz/Towards/06050030_1574456812.png,10GHz,Towards,10,ua_0030,06050030_1574456812.png,dataset/train/10GHz/Towards/06050030_1574456812.png,train,6,0
tasks/known_people_unknown_freq/dataset/train/10GHz/Towards/06050030_1574456837.png,10GHz,Towards,10,ua_0030,06050030_1574456837.png,dataset/train/10GHz/Towards/06050030_1574456837.png,train,6,0
tasks/known_people_unknown_freq/dataset/train/10GHz/Towards/06050030_1574456859.png,10GHz,Towards,10,ua_0030,06050030_1574456859.png,dataset/train/10GHz/Towards/06050030_1574456859.png,train,6,0
tasks/known_people_unknown_freq/dataset/train/10GHz/Towards/06050030_1574456884.png,10GHz,Towards,10,ua_0030,06050030_1574456884.png,dataset/train/10GHz/Towards/06050030_1574456884.png,train,6,0
tasks/known_people_unknown_freq/dataset/train/24GHz/Away/01000000_1574696308_Spec.png,24GHz,Away,0,ua_0000,01000000_1574696308_Spec.png,dataset/train/24GHz/Away/01000000_1574696308_Spec.png,train,0,1
tasks/known_people_unknown_freq/dataset/train/24GHz/Away/01060010_1573837135_Spec.png,24GHz,Away,0,ua_0010,01060010_1573837135_Spec.png,dataset/train/24GHz/Away/01060010_1573837135_Spec.png,train,0,1
tasks/known_people_unknown_freq/dataset/train/24GHz/Away/01060010_1573837157_Spec.png,24GHz,Away,0,ua_0010,01060010_1573837157_Spec.png,dataset/train/24GHz/Away/01060010_1573837157_Spec.png,train,0,1
tasks/known_people_unknown_freq/dataset/train/24GHz/Away/01060010_1573837181_Spec.png,24GHz,Away,0,ua_0010,01060010_1573837181_Spec.png,dataset/train/24GHz/Away/01060010_1573837181_Spec.png,train,0,1
tasks/known_people_unknown_freq/dataset/train/24GHz/Away/01060010_1573837204_Spec.png,24GHz,Away,0,ua_0010,01060010_1573837204_Spec.png,dataset/train/24GHz/Away/01060010_1573837204_Spec.png,train,0,1
tasks/known_people_unknown_freq/dataset/train/24GHz/Away/01060010_1573837276_Spec.png,24GHz,Away,0,ua_0010,01060010_1573837276_Spec.png,dataset/train/24GHz/Away/01060010_1573837276_Spec.png,train,0,1
tasks/known_people_unknown_freq/dataset/train/24GHz/Away/01060010_1573837305_Spec.png,24GHz,Away,0,ua_0010,01060010_1573837305_Spec.png,dataset/train/24GHz/Away/01060010_1573837305_Spec.png,train,0,1
tasks/known_people_unknown_freq/dataset/train/24GHz/Away/01060010_1573837370_Spec.png,24GHz,Away,0,ua_0010,01060010_1573837370_Spec.png,dataset/train/24GHz/Away/01060010_1573837370_Spec.png,train,0,1
tasks/known_people_unknown_freq/dataset/train/24GHz/Away/01060014_1574696370_Spec.png,24GHz,Away,0,ua_0014,01060014_1574696370_Spec.png,dataset/train/24GHz/Away/01060014_1574696370_Spec.png,train,0,1
tasks/known_people_unknown_freq/dataset/train/24GHz/Away/01060014_1574696394_Spec.png,24GHz,Away,0,ua_0014,01060014_1574696394_Spec.png,dataset/train/24GHz/Away/01060014_1574696394_Spec.png,train,0,1
tasks/known_people_unknown_freq/dataset/train/24GHz/Away/01060014_1574696433_Spec.png,24GHz,Away,0,ua_0014,01060014_1574696433_Spec.png,dataset/train/24GHz/Away/01060014_1574696433_Spec.png,train,0,1
tasks/known_people_unknown_freq/dataset/train/24GHz/Away/01060014_1574696452_Spec.png,24GHz,Away,0,ua_0014,01060014_1574696452_Spec.png,dataset/train/24GHz/Away/01060014_1574696452_Spec.png,train,0,1
tasks/known_people_unknown_freq/dataset/train/24GHz/Away/01060014_1574696470_Spec.png,24GHz,Away,0,ua_0014,01060014_1574696470_Spec.png,dataset/train/24GHz/Away/01060014_1574696470_Spec.png,train,0,1
tasks/known_people_unknown_freq/dataset/train/24GHz/Away/01060014_1574696490_Spec.png,24GHz,Away,0,ua_0014,01060014_1574696490_Spec.png,dataset/train/24GHz/Away/01060014_1574696490_Spec.png,train,0,1
tasks/known_people_unknown_freq/dataset/train/24GHz/Away/01060029_1574114705_Spec.png,24GHz,Away,0,ua_0029,01060029_1574114705_Spec.png,dataset/train/24GHz/Away/01060029_1574114705_Spec.png,train,0,1
tasks/known_people_unknown_freq/dataset/train/24GHz/Away/01060029_1574114725_Spec.png,24GHz,Away,0,ua_0029,01060029_1574114725_Spec.png,dataset/train/24GHz/Away/01060029_1574114725_Spec.png,train,0,1
tasks/known_people_unknown_freq/dataset/train/24GHz/Away/01060029_1574114751_Spec.png,24GHz,Away,0,ua_0029,01060029_1574114751_Spec.png,dataset/train/24GHz/Away/01060029_1574114751_Spec.png,train,0,1
tasks/known_people_unknown_freq/dataset/train/24GHz/Away/01060029_1574114789_Spec.png,24GHz,Away,0,ua_0029,01060029_1574114789_Spec.png,dataset/train/24GHz/Away/01060029_1574114789_Spec.png,train,0,1
tasks/known_people_unknown_freq/dataset/train/24GHz/Away/01060029_1574114809_Spec.png,24GHz,Away,0,ua_0029,01060029_1574114809_Spec.png,dataset/train/24GHz/Away/01060029_1574114809_Spec.png,train,0,1
tasks/known_people_unknown_freq/dataset/train/24GHz/Away/01060029_1574114829_Spec.png,24GHz,Away,0,ua_0029,01060029_1574114829_Spec.png,dataset/train/24GHz/Away/01060029_1574114829_Spec.png,train,0,1
tasks/known_people_unknown_freq/dataset/train/24GHz/Away/01060029_1574114849_Spec.png,24GHz,Away,0,ua_0029,01060029_1574114849_Spec.png,dataset/train/24GHz/Away/01060029_1574114849_Spec.png,train,0,1
tasks/known_people_unknown_freq/dataset/train/24GHz/Away/01060029_1574114867_Spec.png,24GHz,Away,0,ua_0029,01060029_1574114867_Spec.png,dataset/train/24GHz/Away/01060029_1574114867_Spec.png,train,0,1
tasks/known_people_unknown_freq/dataset/train/24GHz/Away/01060029_1574115022_Spec.png,24GHz,Away,0,ua_0029,01060029_1574115022_Spec.png,dataset/train/24GHz/Away/01060029_1574115022_Spec.png,train,0,1
tasks/known_people_unknown_freq/dataset/train/24GHz/Away/01060029_1574626448_Spec.png,24GHz,Away,0,ua_0029,01060029_1574626448_Spec.png,dataset/train/24GHz/Away/01060029_1574626448_Spec.png,train,0,1
tasks/known_people_unknown_freq/dataset/train/24GHz/Away/01060029_1574626614_Spec.png,24GHz,Away,0,ua_0029,01060029_1574626614_Spec.png,dataset/train/24GHz/Away/01060029_1574626614_Spec.png,train,0,1
tasks/known_people_unknown_freq/dataset/train/24GHz/Away/01060029_1574626687_Spec.png,24GHz,Away,0,ua_0029,01060029_1574626687_Spec.png,dataset/train/24GHz/Away/01060029_1574626687_Spec.png,train,0,1
tasks/known_people_unknown_freq/dataset/train/24GHz/Away/01060029_1574627039_Spec.png,24GHz,Away,0,ua_0029,01060029_1574627039_Spec.png,dataset/train/24GHz/Away/01060029_1574627039_Spec.png,train,0,1
tasks/known_people_unknown_freq/dataset/train/24GHz/Away/01060029_1574627068_Spec.png,24GHz,Away,0,ua_0029,01060029_1574627068_Spec.png,dataset/train/24GHz/Away/01060029_1574627068_Spec.png,train,0,1
tasks/known_people_unknown_freq/dataset/train/24GHz/Away/01060029_1574627087_Spec.png,24GHz,Away,0,ua_0029,01060029_1574627087_Spec.png,dataset/train/24GHz/Away/01060029_1574627087_Spec.png,train,0,1
tasks/known_people_unknown_freq/dataset/train/24GHz/Away/01060029_1574627128_Spec.png,24GHz,Away,0,ua_0029,01060029_1574627128_Spec.png,dataset/train/24GHz/Away/01060029_1574627128_Spec.png,train,0,1
tasks/known_people_unknown_freq/dataset/train/24GHz/Away/01060029_1574627273_Spec.png,24GHz,Away,0,ua_0029,01060029_1574627273_Spec.png,dataset/train/24GHz/Away/01060029_1574627273_Spec.png,train,0,1
tasks/known_people_unknown_freq/dataset/train/24GHz/Away/01060030_1574194225_Spec.png,24GHz,Away,0,ua_0030,01060030_1574194225_Spec.png,dataset/val/24GHz/Away/01060030_1574194225_Spec.png,val,0,1
tasks/known_people_unknown_freq/dataset/train/24GHz/Away/01060030_1574194249_Spec.png,24GHz,Away,0,ua_0030,01060030_1574194249_Spec.png,dataset/val/24GHz/Away/01060030_1574194249_Spec.png,val,0,1
tasks/known_people_unknown_freq/dataset/train/24GHz/Away/01060030_1574194275_Spec.png,24GHz,Away,0,ua_0030,01060030_1574194275_Spec.png,dataset/val/24GHz/Away/01060030_1574194275_Spec.png,val,0,1
tasks/known_people_unknown_freq/dataset/train/24GHz/Away/01060030_1574194298_Spec.png,24GHz,Away,0,ua_0030,01060030_1574194298_Spec.png,dataset/val/24GHz/Away/01060030_1574194298_Spec.png,val,0,1
tasks/known_people_unknown_freq/dataset/train/24GHz/Away/01060030_1574194323_Spec.png,24GHz,Away,0,ua_0030,01060030_1574194323_Spec.png,dataset/val/24GHz/Away/01060030_1574194323_Spec.png,val,0,1
tasks/known_people_unknown_freq/dataset/train/24GHz/Away/01060030_1574194345_Spec.png,24GHz,Away,0,ua_0030,01060030_1574194345_Spec.png,dataset/val/24GHz/Away/01060030_1574194345_Spec.png,val,0,1
tasks/known_people_unknown_freq/dataset/train/24GHz/Away/01060030_1574194369_Spec.png,24GHz,Away,0,ua_0030,01060030_1574194369_Spec.png,dataset/val/24GHz/Away/01060030_1574194369_Spec.png,val,0,1
tasks/known_people_unknown_freq/dataset/train/24GHz/Away/01060030_1574456948_Spec.png,24GHz,Away,0,ua_0030,01060030_1574456948_Spec.png,dataset/val/24GHz/Away/01060030_1574456948_Spec.png,val,0,1
tasks/known_people_unknown_freq/dataset/train/24GHz/Away/01060030_1574456969_Spec.png,24GHz,Away,0,ua_0030,01060030_1574456969_Spec.png,dataset/val/24GHz/Away/01060030_1574456969_Spec.png,val,0,1
tasks/known_people_unknown_freq/dataset/train/24GHz/Away/01060030_1574457011_Spec.png,24GHz,Away,0,ua_0030,01060030_1574457011_Spec.png,dataset/val/24GHz/Away/01060030_1574457011_Spec.png,val,0,1
tasks/known_people_unknown_freq/dataset/train/24GHz/Away/01060030_1574457032_Spec.png,24GHz,Away,0,ua_0030,01060030_1574457032_Spec.png,dataset/val/24GHz/Away/01060030_1574457032_Spec.png,val,0,1
tasks/known_people_unknown_freq/dataset/train/24GHz/Away/01060030_1574457052_Spec.png,24GHz,Away,0,ua_0030,01060030_1574457052_Spec.png,dataset/val/24GHz/Away/01060030_1574457052_Spec.png,val,0,1
tasks/known_people_unknown_freq/dataset/train/24GHz/Away/01060030_1574457074_Spec.png,24GHz,Away,0,ua_0030,01060030_1574457074_Spec.png,dataset/val/24GHz/Away/01060030_1574457074_Spec.png,val,0,1
tasks/known_people_unknown_freq/dataset/train/24GHz/Away/01060030_1574457095_Spec.png,24GHz,Away,0,ua_0030,01060030_1574457095_Spec.png,dataset/val/24GHz/Away/01060030_1574457095_Spec.png,val,0,1
tasks/known_people_unknown_freq/dataset/train/24GHz/Away/01060030_1574457116_Spec.png,24GHz,Away,0,ua_0030,01060030_1574457116_Spec.png,dataset/val/24GHz/Away/01060030_1574457116_Spec.png,val,0,1
tasks/known_people_unknown_freq/dataset/train/24GHz/Away/01060030_1574457136_Spec.png,24GHz,Away,0,ua_0030,01060030_1574457136_Spec.png,dataset/val/24GHz/Away/01060030_1574457136_Spec.png,val,0,1
tasks/known_people_unknown_freq/dataset/train/24GHz/Bend/01080010_1573837709_Spec.png,24GHz,Bend,1,ua_0010,01080010_1573837709_Spec.png,dataset/train/24GHz/Bend/01080010_1573837709_Spec.png,train,1,1
tasks/known_people_unknown_freq/dataset/train/24GHz/Bend/01080010_1573837729_Spec.png,24GHz,Bend,1,ua_0010,01080010_1573837729_Spec.png,dataset/train/24GHz/Bend/01080010_1573837729_Spec.png,train,1,1
tasks/known_people_unknown_freq/dataset/train/24GHz/Bend/01080010_1573837767_Spec.png,24GHz,Bend,1,ua_0010,01080010_1573837767_Spec.png,dataset/train/24GHz/Bend/01080010_1573837767_Spec.png,train,1,1
tasks/known_people_unknown_freq/dataset/train/24GHz/Bend/01080010_1573837785_Spec.png,24GHz,Bend,1,ua_0010,01080010_1573837785_Spec.png,dataset/train/24GHz/Bend/01080010_1573837785_Spec.png,train,1,1
tasks/known_people_unknown_freq/dataset/train/24GHz/Bend/01080010_1573837803_Spec.png,24GHz,Bend,1,ua_0010,01080010_1573837803_Spec.png,dataset/train/24GHz/Bend/01080010_1573837803_Spec.png,train,1,1
tasks/known_people_unknown_freq/dataset/train/24GHz/Bend/01080010_1573837822_Spec.png,24GHz,Bend,1,ua_0010,01080010_1573837822_Spec.png,dataset/train/24GHz/Bend/01080010_1573837822_Spec.png,train,1,1
tasks/known_people_unknown_freq/dataset/train/24GHz/Bend/01080010_1573837916_Spec.png,24GHz,Bend,1,ua_0010,01080010_1573837916_Spec.png,dataset/train/24GHz/Bend/01080010_1573837916_Spec.png,train,1,1
tasks/known_people_unknown_freq/dataset/train/24GHz/Bend/01080010_1573837944_Spec.png,24GHz,Bend,1,ua_0010,01080010_1573837944_Spec.png,dataset/train/24GHz/Bend/01080010_1573837944_Spec.png,train,1,1
tasks/known_people_unknown_freq/dataset/train/24GHz/Bend/01080014_1574696766_Spec.png,24GHz,Bend,1,ua_0014,01080014_1574696766_Spec.png,dataset/train/24GHz/Bend/01080014_1574696766_Spec.png,train,1,1
tasks/known_people_unknown_freq/dataset/train/24GHz/Bend/01080014_1574696820_Spec.png,24GHz,Bend,1,ua_0014,01080014_1574696820_Spec.png,dataset/train/24GHz/Bend/01080014_1574696820_Spec.png,train,1,1
tasks/known_people_unknown_freq/dataset/train/24GHz/Bend/01080014_1574696838_Spec.png,24GHz,Bend,1,ua_0014,01080014_1574696838_Spec.png,dataset/train/24GHz/Bend/01080014_1574696838_Spec.png,train,1,1
tasks/known_people_unknown_freq/dataset/train/24GHz/Bend/01080014_1574696856_Spec.png,24GHz,Bend,1,ua_0014,01080014_1574696856_Spec.png,dataset/train/24GHz/Bend/01080014_1574696856_Spec.png,train,1,1
tasks/known_people_unknown_freq/dataset/train/24GHz/Bend/01080014_1574696894_Spec.png,24GHz,Bend,1,ua_0014,01080014_1574696894_Spec.png,dataset/train/24GHz/Bend/01080014_1574696894_Spec.png,train,1,1
tasks/known_people_unknown_freq/dataset/train/24GHz/Bend/01080014_1574696914_Spec.png,24GHz,Bend,1,ua_0014,01080014_1574696914_Spec.png,dataset/train/24GHz/Bend/01080014_1574696914_Spec.png,train,1,1
tasks/known_people_unknown_freq/dataset/train/24GHz/Bend/01080014_1574696941_Spec.png,24GHz,Bend,1,ua_0014,01080014_1574696941_Spec.png,dataset/train/24GHz/Bend/01080014_1574696941_Spec.png,train,1,1
tasks/known_people_unknown_freq/dataset/train/24GHz/Bend/01080029_1574115435_Spec.png,24GHz,Bend,1,ua_0029,01080029_1574115435_Spec.png,dataset/train/24GHz/Bend/01080029_1574115435_Spec.png,train,1,1
tasks/known_people_unknown_freq/dataset/train/24GHz/Bend/01080029_1574115463_Spec.png,24GHz,Bend,1,ua_0029,01080029_1574115463_Spec.png,dataset/train/24GHz/Bend/01080029_1574115463_Spec.png,train,1,1
tasks/known_people_unknown_freq/dataset/train/24GHz/Bend/01080029_1574115481_Spec.png,24GHz,Bend,1,ua_0029,01080029_1574115481_Spec.png,dataset/train/24GHz/Bend/01080029_1574115481_Spec.png,train,1,1
tasks/known_people_unknown_freq/dataset/train/24GHz/Bend/01080029_1574115504_Spec.png,24GHz,Bend,1,ua_0029,01080029_1574115504_Spec.png,dataset/train/24GHz/Bend/01080029_1574115504_Spec.png,train,1,1
tasks/known_people_unknown_freq/dataset/train/24GHz/Bend/01080029_1574115523_Spec.png,24GHz,Bend,1,ua_0029,01080029_1574115523_Spec.png,dataset/train/24GHz/Bend/01080029_1574115523_Spec.png,train,1,1
tasks/known_people_unknown_freq/dataset/train/24GHz/Bend/01080029_1574115541_Spec.png,24GHz,Bend,1,ua_0029,01080029_1574115541_Spec.png,dataset/train/24GHz/Bend/01080029_1574115541_Spec.png,train,1,1
tasks/known_people_unknown_freq/dataset/train/24GHz/Bend/01080029_1574115561_Spec.png,24GHz,Bend,1,ua_0029,01080029_1574115561_Spec.png,dataset/train/24GHz/Bend/01080029_1574115561_Spec.png,train,1,1
tasks/known_people_unknown_freq/dataset/train/24GHz/Bend/01080029_1574115580_Spec.png,24GHz,Bend,1,ua_0029,01080029_1574115580_Spec.png,dataset/train/24GHz/Bend/01080029_1574115580_Spec.png,train,1,1
tasks/known_people_unknown_freq/dataset/train/24GHz/Bend/01080029_1574115601_Spec.png,24GHz,Bend,1,ua_0029,01080029_1574115601_Spec.png,dataset/train/24GHz/Bend/01080029_1574115601_Spec.png,train,1,1
tasks/known_people_unknown_freq/dataset/train/24GHz/Bend/01080029_1574115619_Spec.png,24GHz,Bend,1,ua_0029,01080029_1574115619_Spec.png,dataset/train/24GHz/Bend/01080029_1574115619_Spec.png,train,1,1
tasks/known_people_unknown_freq/dataset/train/24GHz/Bend/01080029_1574627811_Spec.png,24GHz,Bend,1,ua_0029,01080029_1574627811_Spec.png,dataset/train/24GHz/Bend/01080029_1574627811_Spec.png,train,1,1
tasks/known_people_unknown_freq/dataset/train/24GHz/Bend/01080029_1574627830_Spec.png,24GHz,Bend,1,ua_0029,01080029_1574627830_Spec.png,dataset/train/24GHz/Bend/01080029_1574627830_Spec.png,train,1,1
tasks/known_people_unknown_freq/dataset/train/24GHz/Bend/01080029_1574627848_Spec.png,24GHz,Bend,1,ua_0029,01080029_1574627848_Spec.png,dataset/train/24GHz/Bend/01080029_1574627848_Spec.png,train,1,1
tasks/known_people_unknown_freq/dataset/train/24GHz/Bend/01080029_1574627935_Spec.png,24GHz,Bend,1,ua_0029,01080029_1574627935_Spec.png,dataset/train/24GHz/Bend/01080029_1574627935_Spec.png,train,1,1
tasks/known_people_unknown_freq/dataset/train/24GHz/Bend/01080029_1574627986_Spec.png,24GHz,Bend,1,ua_0029,01080029_1574627986_Spec.png,dataset/train/24GHz/Bend/01080029_1574627986_Spec.png,train,1,1
tasks/known_people_unknown_freq/dataset/train/24GHz/Bend/01080029_1574628024_Spec.png,24GHz,Bend,1,ua_0029,01080029_1574628024_Spec.png,dataset/train/24GHz/Bend/01080029_1574628024_Spec.png,train,1,1
tasks/known_people_unknown_freq/dataset/train/24GHz/Bend/01080029_1574628042_Spec.png,24GHz,Bend,1,ua_0029,01080029_1574628042_Spec.png,dataset/train/24GHz/Bend/01080029_1574628042_Spec.png,train,1,1
tasks/known_people_unknown_freq/dataset/train/24GHz/Bend/01080029_1574628060_Spec.png,24GHz,Bend,1,ua_0029,01080029_1574628060_Spec.png,dataset/train/24GHz/Bend/01080029_1574628060_Spec.png,train,1,1
tasks/known_people_unknown_freq/dataset/train/24GHz/Bend/01080030_1574194651_Spec.png,24GHz,Bend,1,ua_0030,01080030_1574194651_Spec.png,dataset/val/24GHz/Bend/01080030_1574194651_Spec.png,val,1,1
tasks/known_people_unknown_freq/dataset/train/24GHz/Bend/01080030_1574194692_Spec.png,24GHz,Bend,1,ua_0030,01080030_1574194692_Spec.png,dataset/val/24GHz/Bend/01080030_1574194692_Spec.png,val,1,1
tasks/known_people_unknown_freq/dataset/train/24GHz/Bend/01080030_1574194941_Spec.png,24GHz,Bend,1,ua_0030,01080030_1574194941_Spec.png,dataset/val/24GHz/Bend/01080030_1574194941_Spec.png,val,1,1
tasks/known_people_unknown_freq/dataset/train/24GHz/Bend/01080030_1574194962_Spec.png,24GHz,Bend,1,ua_0030,01080030_1574194962_Spec.png,dataset/val/24GHz/Bend/01080030_1574194962_Spec.png,val,1,1
tasks/known_people_unknown_freq/dataset/train/24GHz/Bend/01080030_1574194982_Spec.png,24GHz,Bend,1,ua_0030,01080030_1574194982_Spec.png,dataset/val/24GHz/Bend/01080030_1574194982_Spec.png,val,1,1
tasks/known_people_unknown_freq/dataset/train/24GHz/Bend/01080030_1574195000_Spec.png,24GHz,Bend,1,ua_0030,01080030_1574195000_Spec.png,dataset/val/24GHz/Bend/01080030_1574195000_Spec.png,val,1,1
tasks/known_people_unknown_freq/dataset/train/24GHz/Bend/01080030_1574195019_Spec.png,24GHz,Bend,1,ua_0030,01080030_1574195019_Spec.png,dataset/val/24GHz/Bend/01080030_1574195019_Spec.png,val,1,1
tasks/known_people_unknown_freq/dataset/train/24GHz/Bend/01080030_1574195038_Spec.png,24GHz,Bend,1,ua_0030,01080030_1574195038_Spec.png,dataset/val/24GHz/Bend/01080030_1574195038_Spec.png,val,1,1
tasks/known_people_unknown_freq/dataset/train/24GHz/Bend/01080030_1574457972_Spec.png,24GHz,Bend,1,ua_0030,01080030_1574457972_Spec.png,dataset/val/24GHz/Bend/01080030_1574457972_Spec.png,val,1,1
tasks/known_people_unknown_freq/dataset/train/24GHz/Bend/01080030_1574457991_Spec.png,24GHz,Bend,1,ua_0030,01080030_1574457991_Spec.png,dataset/val/24GHz/Bend/01080030_1574457991_Spec.png,val,1,1
tasks/known_people_unknown_freq/dataset/train/24GHz/Bend/01080030_1574458043_Spec.png,24GHz,Bend,1,ua_0030,01080030_1574458043_Spec.png,dataset/val/24GHz/Bend/01080030_1574458043_Spec.png,val,1,1
tasks/known_people_unknown_freq/dataset/train/24GHz/Bend/01080030_1574458060_Spec.png,24GHz,Bend,1,ua_0030,01080030_1574458060_Spec.png,dataset/val/24GHz/Bend/01080030_1574458060_Spec.png,val,1,1
tasks/known_people_unknown_freq/dataset/train/24GHz/Bend/01080030_1574458078_Spec.png,24GHz,Bend,1,ua_0030,01080030_1574458078_Spec.png,dataset/val/24GHz/Bend/01080030_1574458078_Spec.png,val,1,1
tasks/known_people_unknown_freq/dataset/train/24GHz/Bend/01080030_1574458096_Spec.png,24GHz,Bend,1,ua_0030,01080030_1574458096_Spec.png,dataset/val/24GHz/Bend/01080030_1574458096_Spec.png,val,1,1
tasks/known_people_unknown_freq/dataset/train/24GHz/Bend/01080030_1574458114_Spec.png,24GHz,Bend,1,ua_0030,01080030_1574458114_Spec.png,dataset/val/24GHz/Bend/01080030_1574458114_Spec.png,val,1,1
tasks/known_people_unknown_freq/dataset/train/24GHz/Bend/01080030_1574458139_Spec.png,24GHz,Bend,1,ua_0030,01080030_1574458139_Spec.png,dataset/val/24GHz/Bend/01080030_1574458139_Spec.png,val,1,1
tasks/known_people_unknown_freq/dataset/train/24GHz/Bend/01080030_1574458157_Spec.png,24GHz,Bend,1,ua_0030,01080030_1574458157_Spec.png,dataset/val/24GHz/Bend/01080030_1574458157_Spec.png,val,1,1
tasks/known_people_unknown_freq/dataset/train/24GHz/Kneel/01100010_1573838384_Spec.png,24GHz,Kneel,3,ua_0010,01100010_1573838384_Spec.png,dataset/train/24GHz/Kneel/01100010_1573838384_Spec.png,train,2,1
tasks/known_people_unknown_freq/dataset/train/24GHz/Kneel/01100010_1573838410_Spec.png,24GHz,Kneel,3,ua_0010,01100010_1573838410_Spec.png,dataset/train/24GHz/Kneel/01100010_1573838410_Spec.png,train,2,1
tasks/known_people_unknown_freq/dataset/train/24GHz/Kneel/01100010_1573838430_Spec.png,24GHz,Kneel,3,ua_0010,01100010_1573838430_Spec.png,dataset/train/24GHz/Kneel/01100010_1573838430_Spec.png,train,2,1
tasks/known_people_unknown_freq/dataset/train/24GHz/Kneel/01100010_1573838448_Spec.png,24GHz,Kneel,3,ua_0010,01100010_1573838448_Spec.png,dataset/train/24GHz/Kneel/01100010_1573838448_Spec.png,train,2,1
tasks/known_people_unknown_freq/dataset/train/24GHz/Kneel/01100010_1573838467_Spec.png,24GHz,Kneel,3,ua_0010,01100010_1573838467_Spec.png,dataset/train/24GHz/Kneel/01100010_1573838467_Spec.png,train,2,1
tasks/known_people_unknown_freq/dataset/train/24GHz/Kneel/01100010_1573838489_Spec.png,24GHz,Kneel,3,ua_0010,01100010_1573838489_Spec.png,dataset/train/24GHz/Kneel/01100010_1573838489_Spec.png,train,2,1
tasks/known_people_unknown_freq/dataset/train/24GHz/Kneel/01100010_1573838508_Spec.png,24GHz,Kneel,3,ua_0010,01100010_1573838508_Spec.png,dataset/train/24GHz/Kneel/01100010_1573838508_Spec.png,train,2,1
tasks/known_people_unknown_freq/dataset/train/24GHz/Kneel/01100010_1573838526_Spec.png,24GHz,Kneel,3,ua_0010,01100010_1573838526_Spec.png,dataset/train/24GHz/Kneel/01100010_1573838526_Spec.png,train,2,1
tasks/known_people_unknown_freq/dataset/train/24GHz/Kneel/01100010_1573838544_Spec.png,24GHz,Kneel,3,ua_0010,01100010_1573838544_Spec.png,dataset/train/24GHz/Kneel/01100010_1573838544_Spec.png,train,2,1
tasks/known_people_unknown_freq/dataset/train/24GHz/Kneel/01100010_1573838603_Spec.png,24GHz,Kneel,3,ua_0010,01100010_1573838603_Spec.png,dataset/train/24GHz/Kneel/01100010_1573838603_Spec.png,train,2,1
tasks/known_people_unknown_freq/dataset/train/24GHz/Kneel/01100014_1574698031_Spec.png,24GHz,Kneel,3,ua_0014,01100014_1574698031_Spec.png,dataset/train/24GHz/Kneel/01100014_1574698031_Spec.png,train,2,1
tasks/known_people_unknown_freq/dataset/train/24GHz/Kneel/01100014_1574698067_Spec.png,24GHz,Kneel,3,ua_0014,01100014_1574698067_Spec.png,dataset/train/24GHz/Kneel/01100014_1574698067_Spec.png,train,2,1
tasks/known_people_unknown_freq/dataset/train/24GHz/Kneel/01100014_1574698089_Spec.png,24GHz,Kneel,3,ua_0014,01100014_1574698089_Spec.png,dataset/train/24GHz/Kneel/01100014_1574698089_Spec.png,train,2,1
tasks/known_people_unknown_freq/dataset/train/24GHz/Kneel/01100014_1574698108_Spec.png,24GHz,Kneel,3,ua_0014,01100014_1574698108_Spec.png,dataset/train/24GHz/Kneel/01100014_1574698108_Spec.png,train,2,1
tasks/known_people_unknown_freq/dataset/train/24GHz/Kneel/01100014_1574698127_Spec.png,24GHz,Kneel,3,ua_0014,01100014_1574698127_Spec.png,dataset/train/24GHz/Kneel/01100014_1574698127_Spec.png,train,2,1
tasks/known_people_unknown_freq/dataset/train/24GHz/Kneel/01100014_1574698165_Spec.png,24GHz,Kneel,3,ua_0014,01100014_1574698165_Spec.png,dataset/train/24GHz/Kneel/01100014_1574698165_Spec.png,train,2,1
tasks/known_people_unknown_freq/dataset/train/24GHz/Kneel/01100014_1574698185_Spec.png,24GHz,Kneel,3,ua_0014,01100014_1574698185_Spec.png,dataset/train/24GHz/Kneel/01100014_1574698185_Spec.png,train,2,1
tasks/known_people_unknown_freq/dataset/train/24GHz/Kneel/01100014_1574698222_Spec.png,24GHz,Kneel,3,ua_0014,01100014_1574698222_Spec.png,dataset/train/24GHz/Kneel/01100014_1574698222_Spec.png,train,2,1
tasks/known_people_unknown_freq/dataset/train/24GHz/Kneel/01100029_1574115983_Spec.png,24GHz,Kneel,3,ua_0029,01100029_1574115983_Spec.png,dataset/train/24GHz/Kneel/01100029_1574115983_Spec.png,train,2,1
tasks/known_people_unknown_freq/dataset/train/24GHz/Kneel/01100029_1574116001_Spec.png,24GHz,Kneel,3,ua_0029,01100029_1574116001_Spec.png,dataset/train/24GHz/Kneel/01100029_1574116001_Spec.png,train,2,1
tasks/known_people_unknown_freq/dataset/train/24GHz/Kneel/01100029_1574116027_Spec.png,24GHz,Kneel,3,ua_0029,01100029_1574116027_Spec.png,dataset/train/24GHz/Kneel/01100029_1574116027_Spec.png,train,2,1
tasks/known_people_unknown_freq/dataset/train/24GHz/Kneel/01100029_1574116046_Spec.png,24GHz,Kneel,3,ua_0029,01100029_1574116046_Spec.png,dataset/train/24GHz/Kneel/01100029_1574116046_Spec.png,train,2,1
tasks/known_people_unknown_freq/dataset/train/24GHz/Kneel/01100029_1574116083_Spec.png,24GHz,Kneel,3,ua_0029,01100029_1574116083_Spec.png,dataset/train/24GHz/Kneel/01100029_1574116083_Spec.png,train,2,1
tasks/known_people_unknown_freq/dataset/train/24GHz/Kneel/01100029_1574116122_Spec.png,24GHz,Kneel,3,ua_0029,01100029_1574116122_Spec.png,dataset/train/24GHz/Kneel/01100029_1574116122_Spec.png,train,2,1
tasks/known_people_unknown_freq/dataset/train/24GHz/Kneel/01100029_1574116141_Spec.png,24GHz,Kneel,3,ua_0029,01100029_1574116141_Spec.png,dataset/train/24GHz/Kneel/01100029_1574116141_Spec.png,train,2,1
tasks/known_people_unknown_freq/dataset/train/24GHz/Kneel/01100029_1574628484_Spec.png,24GHz,Kneel,3,ua_0029,01100029_1574628484_Spec.png,dataset/train/24GHz/Kneel/01100029_1574628484_Spec.png,train,2,1
tasks/known_people_unknown_freq/dataset/train/24GHz/Kneel/01100029_1574628503_Spec.png,24GHz,Kneel,3,ua_0029,01100029_1574628503_Spec.png,dataset/train/24GHz/Kneel/01100029_1574628503_Spec.png,train,2,1
tasks/known_people_unknown_freq/dataset/train/24GHz/Kneel/01100029_1574628522_Spec.png,24GHz,Kneel,3,ua_0029,01100029_1574628522_Spec.png,dataset/train/24GHz/Kneel/01100029_1574628522_Spec.png,train,2,1
tasks/known_people_unknown_freq/dataset/train/24GHz/Kneel/01100029_1574628560_Spec.png,24GHz,Kneel,3,ua_0029,01100029_1574628560_Spec.png,dataset/train/24GHz/Kneel/01100029_1574628560_Spec.png,train,2,1
tasks/known_people_unknown_freq/dataset/train/24GHz/Kneel/01100029_1574628579_Spec.png,24GHz,Kneel,3,ua_0029,01100029_1574628579_Spec.png,dataset/train/24GHz/Kneel/01100029_1574628579_Spec.png,train,2,1
tasks/known_people_unknown_freq/dataset/train/24GHz/Kneel/01100029_1574628598_Spec.png,24GHz,Kneel,3,ua_0029,01100029_1574628598_Spec.png,dataset/train/24GHz/Kneel/01100029_1574628598_Spec.png,train,2,1
tasks/known_people_unknown_freq/dataset/train/24GHz/Kneel/01100029_1574628616_Spec.png,24GHz,Kneel,3,ua_0029,01100029_1574628616_Spec.png,dataset/train/24GHz/Kneel/01100029_1574628616_Spec.png,train,2,1
tasks/known_people_unknown_freq/dataset/train/24GHz/Kneel/01100029_1574628634_Spec.png,24GHz,Kneel,3,ua_0029,01100029_1574628634_Spec.png,dataset/train/24GHz/Kneel/01100029_1574628634_Spec.png,train,2,1
tasks/known_people_unknown_freq/dataset/train/24GHz/Kneel/01100029_1574628652_Spec.png,24GHz,Kneel,3,ua_0029,01100029_1574628652_Spec.png,dataset/train/24GHz/Kneel/01100029_1574628652_Spec.png,train,2,1
tasks/known_people_unknown_freq/dataset/train/24GHz/Kneel/01100030_1574195423_Spec.png,24GHz,Kneel,3,ua_0030,01100030_1574195423_Spec.png,dataset/val/24GHz/Kneel/01100030_1574195423_Spec.png,val,2,1
tasks/known_people_unknown_freq/dataset/train/24GHz/Kneel/01100030_1574195442_Spec.png,24GHz,Kneel,3,ua_0030,01100030_1574195442_Spec.png,dataset/val/24GHz/Kneel/01100030_1574195442_Spec.png,val,2,1
tasks/known_people_unknown_freq/dataset/train/24GHz/Kneel/01100030_1574195462_Spec.png,24GHz,Kneel,3,ua_0030,01100030_1574195462_Spec.png,dataset/val/24GHz/Kneel/01100030_1574195462_Spec.png,val,2,1
tasks/known_people_unknown_freq/dataset/train/24GHz/Kneel/01100030_1574195482_Spec.png,24GHz,Kneel,3,ua_0030,01100030_1574195482_Spec.png,dataset/val/24GHz/Kneel/01100030_1574195482_Spec.png,val,2,1
tasks/known_people_unknown_freq/dataset/train/24GHz/Kneel/01100030_1574195502_Spec.png,24GHz,Kneel,3,ua_0030,01100030_1574195502_Spec.png,dataset/val/24GHz/Kneel/01100030_1574195502_Spec.png,val,2,1
tasks/known_people_unknown_freq/dataset/train/24GHz/Kneel/01100030_1574195520_Spec.png,24GHz,Kneel,3,ua_0030,01100030_1574195520_Spec.png,dataset/val/24GHz/Kneel/01100030_1574195520_Spec.png,val,2,1
tasks/known_people_unknown_freq/dataset/train/24GHz/Kneel/01100030_1574195557_Spec.png,24GHz,Kneel,3,ua_0030,01100030_1574195557_Spec.png,dataset/val/24GHz/Kneel/01100030_1574195557_Spec.png,val,2,1
tasks/known_people_unknown_freq/dataset/train/24GHz/Kneel/01100030_1574195578_Spec.png,24GHz,Kneel,3,ua_0030,01100030_1574195578_Spec.png,dataset/val/24GHz/Kneel/01100030_1574195578_Spec.png,val,2,1
tasks/known_people_unknown_freq/dataset/train/24GHz/Kneel/01100030_1574195802_Spec.png,24GHz,Kneel,3,ua_0030,01100030_1574195802_Spec.png,dataset/val/24GHz/Kneel/01100030_1574195802_Spec.png,val,2,1
tasks/known_people_unknown_freq/dataset/train/24GHz/Kneel/01100030_1574195822_Spec.png,24GHz,Kneel,3,ua_0030,01100030_1574195822_Spec.png,dataset/val/24GHz/Kneel/01100030_1574195822_Spec.png,val,2,1
tasks/known_people_unknown_freq/dataset/train/24GHz/Kneel/01100030_1574458850_Spec.png,24GHz,Kneel,3,ua_0030,01100030_1574458850_Spec.png,dataset/val/24GHz/Kneel/01100030_1574458850_Spec.png,val,2,1
tasks/known_people_unknown_freq/dataset/train/24GHz/Kneel/01100030_1574458866_Spec.png,24GHz,Kneel,3,ua_0030,01100030_1574458866_Spec.png,dataset/val/24GHz/Kneel/01100030_1574458866_Spec.png,val,2,1
tasks/known_people_unknown_freq/dataset/train/24GHz/Kneel/01100030_1574458884_Spec.png,24GHz,Kneel,3,ua_0030,01100030_1574458884_Spec.png,dataset/val/24GHz/Kneel/01100030_1574458884_Spec.png,val,2,1
tasks/known_people_unknown_freq/dataset/train/24GHz/Kneel/01100030_1574458902_Spec.png,24GHz,Kneel,3,ua_0030,01100030_1574458902_Spec.png,dataset/val/24GHz/Kneel/01100030_1574458902_Spec.png,val,2,1
tasks/known_people_unknown_freq/dataset/train/24GHz/Kneel/01100030_1574458938_Spec.png,24GHz,Kneel,3,ua_0030,01100030_1574458938_Spec.png,dataset/val/24GHz/Kneel/01100030_1574458938_Spec.png,val,2,1
tasks/known_people_unknown_freq/dataset/train/24GHz/Kneel/01100030_1574458974_Spec.png,24GHz,Kneel,3,ua_0030,01100030_1574458974_Spec.png,dataset/val/24GHz/Kneel/01100030_1574458974_Spec.png,val,2,1
tasks/known_people_unknown_freq/dataset/train/24GHz/Kneel/01100030_1574458991_Spec.png,24GHz,Kneel,3,ua_0030,01100030_1574458991_Spec.png,dataset/val/24GHz/Kneel/01100030_1574458991_Spec.png,val,2,1
tasks/known_people_unknown_freq/dataset/train/24GHz/Kneel/01100030_1574459016_Spec.png,24GHz,Kneel,3,ua_0030,01100030_1574459016_Spec.png,dataset/val/24GHz/Kneel/01100030_1574459016_Spec.png,val,2,1
tasks/known_people_unknown_freq/dataset/train/24GHz/Pick/01070010_1573837435_Spec.png,24GHz,Pick,5,ua_0010,01070010_1573837435_Spec.png,dataset/train/24GHz/Pick/01070010_1573837435_Spec.png,train,3,1
tasks/known_people_unknown_freq/dataset/train/24GHz/Pick/01070010_1573837456_Spec.png,24GHz,Pick,5,ua_0010,01070010_1573837456_Spec.png,dataset/train/24GHz/Pick/01070010_1573837456_Spec.png,train,3,1
tasks/known_people_unknown_freq/dataset/train/24GHz/Pick/01070010_1573837502_Spec.png,24GHz,Pick,5,ua_0010,01070010_1573837502_Spec.png,dataset/train/24GHz/Pick/01070010_1573837502_Spec.png,train,3,1
tasks/known_people_unknown_freq/dataset/train/24GHz/Pick/01070010_1573837531_Spec.png,24GHz,Pick,5,ua_0010,01070010_1573837531_Spec.png,dataset/train/24GHz/Pick/01070010_1573837531_Spec.png,train,3,1
tasks/known_people_unknown_freq/dataset/train/24GHz/Pick/01070010_1573837550_Spec.png,24GHz,Pick,5,ua_0010,01070010_1573837550_Spec.png,dataset/train/24GHz/Pick/01070010_1573837550_Spec.png,train,3,1
tasks/known_people_unknown_freq/dataset/train/24GHz/Pick/01070010_1573837573_Spec.png,24GHz,Pick,5,ua_0010,01070010_1573837573_Spec.png,dataset/train/24GHz/Pick/01070010_1573837573_Spec.png,train,3,1
tasks/known_people_unknown_freq/dataset/train/24GHz/Pick/01070010_1573837593_Spec.png,24GHz,Pick,5,ua_0010,01070010_1573837593_Spec.png,dataset/train/24GHz/Pick/01070010_1573837593_Spec.png,train,3,1
tasks/known_people_unknown_freq/dataset/train/24GHz/Pick/01070010_1573837622_Spec.png,24GHz,Pick,5,ua_0010,01070010_1573837622_Spec.png,dataset/train/24GHz/Pick/01070010_1573837622_Spec.png,train,3,1
tasks/known_people_unknown_freq/dataset/train/24GHz/Pick/01070014_1574696560_Spec.png,24GHz,Pick,5,ua_0014,01070014_1574696560_Spec.png,dataset/train/24GHz/Pick/01070014_1574696560_Spec.png,train,3,1
tasks/known_people_unknown_freq/dataset/train/24GHz/Pick/01070014_1574696618_Spec.png,24GHz,Pick,5,ua_0014,01070014_1574696618_Spec.png,dataset/train/24GHz/Pick/01070014_1574696618_Spec.png,train,3,1
tasks/known_people_unknown_freq/dataset/train/24GHz/Pick/01070014_1574696638_Spec.png,24GHz,Pick,5,ua_0014,01070014_1574696638_Spec.png,dataset/train/24GHz/Pick/01070014_1574696638_Spec.png,train,3,1
tasks/known_people_unknown_freq/dataset/train/24GHz/Pick/01070014_1574696667_Spec.png,24GHz,Pick,5,ua_0014,01070014_1574696667_Spec.png,dataset/train/24GHz/Pick/01070014_1574696667_Spec.png,train,3,1
tasks/known_people_unknown_freq/dataset/train/24GHz/Pick/01070014_1574696688_Spec.png,24GHz,Pick,5,ua_0014,01070014_1574696688_Spec.png,dataset/train/24GHz/Pick/01070014_1574696688_Spec.png,train,3,1
tasks/known_people_unknown_freq/dataset/train/24GHz/Pick/01070014_1574696706_Spec.png,24GHz,Pick,5,ua_0014,01070014_1574696706_Spec.png,dataset/train/24GHz/Pick/01070014_1574696706_Spec.png,train,3,1
tasks/known_people_unknown_freq/dataset/train/24GHz/Pick/01070014_1574696727_Spec.png,24GHz,Pick,5,ua_0014,01070014_1574696727_Spec.png,dataset/train/24GHz/Pick/01070014_1574696727_Spec.png,train,3,1
tasks/known_people_unknown_freq/dataset/train/24GHz/Pick/01070029_1574115158_Spec.png,24GHz,Pick,5,ua_0029,01070029_1574115158_Spec.png,dataset/train/24GHz/Pick/01070029_1574115158_Spec.png,train,3,1
tasks/known_people_unknown_freq/dataset/train/24GHz/Pick/01070029_1574115196_Spec.png,24GHz,Pick,5,ua_0029,01070029_1574115196_Spec.png,dataset/train/24GHz/Pick/01070029_1574115196_Spec.png,train,3,1
tasks/known_people_unknown_freq/dataset/train/24GHz/Pick/01070029_1574115220_Spec.png,24GHz,Pick,5,ua_0029,01070029_1574115220_Spec.png,dataset/train/24GHz/Pick/01070029_1574115220_Spec.png,train,3,1
tasks/known_people_unknown_freq/dataset/train/24GHz/Pick/01070029_1574115244_Spec.png,24GHz,Pick,5,ua_0029,01070029_1574115244_Spec.png,dataset/train/24GHz/Pick/01070029_1574115244_Spec.png,train,3,1
tasks/known_people_unknown_freq/dataset/train/24GHz/Pick/01070029_1574115263_Spec.png,24GHz,Pick,5,ua_0029,01070029_1574115263_Spec.png,dataset/train/24GHz/Pick/01070029_1574115263_Spec.png,train,3,1
tasks/known_people_unknown_freq/dataset/train/24GHz/Pick/01070029_1574115281_Spec.png,24GHz,Pick,5,ua_0029,01070029_1574115281_Spec.png,dataset/train/24GHz/Pick/01070029_1574115281_Spec.png,train,3,1
tasks/known_people_unknown_freq/dataset/train/24GHz/Pick/01070029_1574115399_Spec.png,24GHz,Pick,5,ua_0029,01070029_1574115399_Spec.png,dataset/train/24GHz/Pick/01070029_1574115399_Spec.png,train,3,1
tasks/known_people_unknown_freq/dataset/train/24GHz/Pick/01070029_1574627323_Spec.png,24GHz,Pick,5,ua_0029,01070029_1574627323_Spec.png,dataset/train/24GHz/Pick/01070029_1574627323_Spec.png,train,3,1
tasks/known_people_unknown_freq/dataset/train/24GHz/Pick/01070029_1574627347_Spec.png,24GHz,Pick,5,ua_0029,01070029_1574627347_Spec.png,dataset/train/24GHz/Pick/01070029_1574627347_Spec.png,train,3,1
tasks/known_people_unknown_freq/dataset/train/24GHz/Pick/01070029_1574627368_Spec.png,24GHz,Pick,5,ua_0029,01070029_1574627368_Spec.png,dataset/train/24GHz/Pick/01070029_1574627368_Spec.png,train,3,1
tasks/known_people_unknown_freq/dataset/train/24GHz/Pick/01070029_1574627388_Spec.png,24GHz,Pick,5,ua_0029,01070029_1574627388_Spec.png,dataset/train/24GHz/Pick/01070029_1574627388_Spec.png,train,3,1
tasks/known_people_unknown_freq/dataset/train/24GHz/Pick/01070029_1574627633_Spec.png,24GHz,Pick,5,ua_0029,01070029_1574627633_Spec.png,dataset/train/24GHz/Pick/01070029_1574627633_Spec.png,train,3,1
tasks/known_people_unknown_freq/dataset/train/24GHz/Pick/01070029_1574627654_Spec.png,24GHz,Pick,5,ua_0029,01070029_1574627654_Spec.png,dataset/train/24GHz/Pick/01070029_1574627654_Spec.png,train,3,1
tasks/known_people_unknown_freq/dataset/train/24GHz/Pick/01070029_1574627723_Spec.png,24GHz,Pick,5,ua_0029,01070029_1574627723_Spec.png,dataset/train/24GHz/Pick/01070029_1574627723_Spec.png,train,3,1
tasks/known_people_unknown_freq/dataset/train/24GHz/Pick/01070029_1574627743_Spec.png,24GHz,Pick,5,ua_0029,01070029_1574627743_Spec.png,dataset/train/24GHz/Pick/01070029_1574627743_Spec.png,train,3,1
tasks/known_people_unknown_freq/dataset/train/24GHz/Pick/01070029_1574627762_Spec.png,24GHz,Pick,5,ua_0029,01070029_1574627762_Spec.png,dataset/train/24GHz/Pick/01070029_1574627762_Spec.png,train,3,1
tasks/known_people_unknown_freq/dataset/train/24GHz/Pick/01070030_1574194424_Spec.png,24GHz,Pick,5,ua_0030,01070030_1574194424_Spec.png,dataset/val/24GHz/Pick/01070030_1574194424_Spec.png,val,3,1
tasks/known_people_unknown_freq/dataset/train/24GHz/Pick/01070030_1574194444_Spec.png,24GHz,Pick,5,ua_0030,01070030_1574194444_Spec.png,dataset/val/24GHz/Pick/01070030_1574194444_Spec.png,val,3,1
tasks/known_people_unknown_freq/dataset/train/24GHz/Pick/01070030_1574194468_Spec.png,24GHz,Pick,5,ua_0030,01070030_1574194468_Spec.png,dataset/val/24GHz/Pick/01070030_1574194468_Spec.png,val,3,1
tasks/known_people_unknown_freq/dataset/train/24GHz/Pick/01070030_1574194488_Spec.png,24GHz,Pick,5,ua_0030,01070030_1574194488_Spec.png,dataset/val/24GHz/Pick/01070030_1574194488_Spec.png,val,3,1
tasks/known_people_unknown_freq/dataset/train/24GHz/Pick/01070030_1574194508_Spec.png,24GHz,Pick,5,ua_0030,01070030_1574194508_Spec.png,dataset/val/24GHz/Pick/01070030_1574194508_Spec.png,val,3,1
tasks/known_people_unknown_freq/dataset/train/24GHz/Pick/01070030_1574194528_Spec.png,24GHz,Pick,5,ua_0030,01070030_1574194528_Spec.png,dataset/val/24GHz/Pick/01070030_1574194528_Spec.png,val,3,1
tasks/known_people_unknown_freq/dataset/train/24GHz/Pick/01070030_1574194547_Spec.png,24GHz,Pick,5,ua_0030,01070030_1574194547_Spec.png,dataset/val/24GHz/Pick/01070030_1574194547_Spec.png,val,3,1
tasks/known_people_unknown_freq/dataset/train/24GHz/Pick/01070030_1574457169_Spec.png,24GHz,Pick,5,ua_0030,01070030_1574457169_Spec.png,dataset/val/24GHz/Pick/01070030_1574457169_Spec.png,val,3,1
tasks/known_people_unknown_freq/dataset/train/24GHz/Pick/01070030_1574457212_Spec.png,24GHz,Pick,5,ua_0030,01070030_1574457212_Spec.png,dataset/val/24GHz/Pick/01070030_1574457212_Spec.png,val,3,1
tasks/known_people_unknown_freq/dataset/train/24GHz/Pick/01070030_1574457231_Spec.png,24GHz,Pick,5,ua_0030,01070030_1574457231_Spec.png,dataset/val/24GHz/Pick/01070030_1574457231_Spec.png,val,3,1
tasks/known_people_unknown_freq/dataset/train/24GHz/Pick/01070030_1574457253_Spec.png,24GHz,Pick,5,ua_0030,01070030_1574457253_Spec.png,dataset/val/24GHz/Pick/01070030_1574457253_Spec.png,val,3,1
tasks/known_people_unknown_freq/dataset/train/24GHz/Pick/01070030_1574457274_Spec.png,24GHz,Pick,5,ua_0030,01070030_1574457274_Spec.png,dataset/val/24GHz/Pick/01070030_1574457274_Spec.png,val,3,1
tasks/known_people_unknown_freq/dataset/train/24GHz/Pick/01070030_1574457294_Spec.png,24GHz,Pick,5,ua_0030,01070030_1574457294_Spec.png,dataset/val/24GHz/Pick/01070030_1574457294_Spec.png,val,3,1
tasks/known_people_unknown_freq/dataset/train/24GHz/Pick/01070030_1574457946_Spec.png,24GHz,Pick,5,ua_0030,01070030_1574457946_Spec.png,dataset/val/24GHz/Pick/01070030_1574457946_Spec.png,val,3,1
tasks/known_people_unknown_freq/dataset/train/24GHz/SStep/01180010_1573840267_Spec.png,24GHz,SStep,6,ua_0010,01180010_1573840267_Spec.png,dataset/train/24GHz/SStep/01180010_1573840267_Spec.png,train,4,1
tasks/known_people_unknown_freq/dataset/train/24GHz/SStep/01180010_1573840308_Spec.png,24GHz,SStep,6,ua_0010,01180010_1573840308_Spec.png,dataset/train/24GHz/SStep/01180010_1573840308_Spec.png,train,4,1
tasks/known_people_unknown_freq/dataset/train/24GHz/SStep/01180010_1573840335_Spec.png,24GHz,SStep,6,ua_0010,01180010_1573840335_Spec.png,dataset/train/24GHz/SStep/01180010_1573840335_Spec.png,train,4,1
tasks/known_people_unknown_freq/dataset/train/24GHz/SStep/01180010_1573840358_Spec.png,24GHz,SStep,6,ua_0010,01180010_1573840358_Spec.png,dataset/train/24GHz/SStep/01180010_1573840358_Spec.png,train,4,1
tasks/known_people_unknown_freq/dataset/train/24GHz/SStep/01180010_1573840396_Spec.png,24GHz,SStep,6,ua_0010,01180010_1573840396_Spec.png,dataset/train/24GHz/SStep/01180010_1573840396_Spec.png,train,4,1
tasks/known_people_unknown_freq/dataset/train/24GHz/SStep/01180010_1573840416_Spec.png,24GHz,SStep,6,ua_0010,01180010_1573840416_Spec.png,dataset/train/24GHz/SStep/01180010_1573840416_Spec.png,train,4,1
tasks/known_people_unknown_freq/dataset/train/24GHz/SStep/01180010_1573840458_Spec.png,24GHz,SStep,6,ua_0010,01180010_1573840458_Spec.png,dataset/train/24GHz/SStep/01180010_1573840458_Spec.png,train,4,1
tasks/known_people_unknown_freq/dataset/train/24GHz/SStep/01180010_1573840477_Spec.png,24GHz,SStep,6,ua_0010,01180010_1573840477_Spec.png,dataset/train/24GHz/SStep/01180010_1573840477_Spec.png,train,4,1
tasks/known_people_unknown_freq/dataset/train/24GHz/SStep/01180014_1574699070_Spec.png,24GHz,SStep,6,ua_0014,01180014_1574699070_Spec.png,dataset/train/24GHz/SStep/01180014_1574699070_Spec.png,train,4,1
tasks/known_people_unknown_freq/dataset/train/24GHz/SStep/01180014_1574699126_Spec.png,24GHz,SStep,6,ua_0014,01180014_1574699126_Spec.png,dataset/train/24GHz/SStep/01180014_1574699126_Spec.png,train,4,1
tasks/known_people_unknown_freq/dataset/train/24GHz/SStep/01180014_1574699146_Spec.png,24GHz,SStep,6,ua_0014,01180014_1574699146_Spec.png,dataset/train/24GHz/SStep/01180014_1574699146_Spec.png,train,4,1
tasks/known_people_unknown_freq/dataset/train/24GHz/SStep/01180014_1574699191_Spec.png,24GHz,SStep,6,ua_0014,01180014_1574699191_Spec.png,dataset/train/24GHz/SStep/01180014_1574699191_Spec.png,train,4,1
tasks/known_people_unknown_freq/dataset/train/24GHz/SStep/01180014_1574699211_Spec.png,24GHz,SStep,6,ua_0014,01180014_1574699211_Spec.png,dataset/train/24GHz/SStep/01180014_1574699211_Spec.png,train,4,1
tasks/known_people_unknown_freq/dataset/train/24GHz/SStep/01180014_1574699230_Spec.png,24GHz,SStep,6,ua_0014,01180014_1574699230_Spec.png,dataset/train/24GHz/SStep/01180014_1574699230_Spec.png,train,4,1
tasks/known_people_unknown_freq/dataset/train/24GHz/SStep/01180014_1574699251_Spec.png,24GHz,SStep,6,ua_0014,01180014_1574699251_Spec.png,dataset/train/24GHz/SStep/01180014_1574699251_Spec.png,train,4,1
tasks/known_people_unknown_freq/dataset/train/24GHz/SStep/01180029_1574117498_Spec.png,24GHz,SStep,6,ua_0029,01180029_1574117498_Spec.png,dataset/train/24GHz/SStep/01180029_1574117498_Spec.png,train,4,1
tasks/known_people_unknown_freq/dataset/train/24GHz/SStep/01180029_1574117536_Spec.png,24GHz,SStep,6,ua_0029,01180029_1574117536_Spec.png,dataset/train/24GHz/SStep/01180029_1574117536_Spec.png,train,4,1
tasks/known_people_unknown_freq/dataset/train/24GHz/SStep/01180029_1574117555_Spec.png,24GHz,SStep,6,ua_0029,01180029_1574117555_Spec.png,dataset/train/24GHz/SStep/01180029_1574117555_Spec.png,train,4,1
tasks/known_people_unknown_freq/dataset/train/24GHz/SStep/01180029_1574117573_Spec.png,24GHz,SStep,6,ua_0029,01180029_1574117573_Spec.png,dataset/train/24GHz/SStep/01180029_1574117573_Spec.png,train,4,1
tasks/known_people_unknown_freq/dataset/train/24GHz/SStep/01180029_1574117627_Spec.png,24GHz,SStep,6,ua_0029,01180029_1574117627_Spec.png,dataset/train/24GHz/SStep/01180029_1574117627_Spec.png,train,4,1
tasks/known_people_unknown_freq/dataset/train/24GHz/SStep/01180029_1574117647_Spec.png,24GHz,SStep,6,ua_0029,01180029_1574117647_Spec.png,dataset/train/24GHz/SStep/01180029_1574117647_Spec.png,train,4,1
tasks/known_people_unknown_freq/dataset/train/24GHz/SStep/01180029_1574117666_Spec.png,24GHz,SStep,6,ua_0029,01180029_1574117666_Spec.png,dataset/train/24GHz/SStep/01180029_1574117666_Spec.png,train,4,1
tasks/known_people_unknown_freq/dataset/train/24GHz/SStep/01180029_1574629378_Spec.png,24GHz,SStep,6,ua_0029,01180029_1574629378_Spec.png,dataset/train/24GHz/SStep/01180029_1574629378_Spec.png,train,4,1
tasks/known_people_unknown_freq/dataset/train/24GHz/SStep/01180029_1574629397_Spec.png,24GHz,SStep,6,ua_0029,01180029_1574629397_Spec.png,dataset/train/24GHz/SStep/01180029_1574629397_Spec.png,train,4,1
tasks/known_people_unknown_freq/dataset/train/24GHz/SStep/01180029_1574629415_Spec.png,24GHz,SStep,6,ua_0029,01180029_1574629415_Spec.png,dataset/train/24GHz/SStep/01180029_1574629415_Spec.png,train,4,1
tasks/known_people_unknown_freq/dataset/train/24GHz/SStep/01180029_1574629434_Spec.png,24GHz,SStep,6,ua_0029,01180029_1574629434_Spec.png,dataset/train/24GHz/SStep/01180029_1574629434_Spec.png,train,4,1
tasks/known_people_unknown_freq/dataset/train/24GHz/SStep/01180029_1574629453_Spec.png,24GHz,SStep,6,ua_0029,01180029_1574629453_Spec.png,dataset/train/24GHz/SStep/01180029_1574629453_Spec.png,train,4,1
tasks/known_people_unknown_freq/dataset/train/24GHz/SStep/01180029_1574629474_Spec.png,24GHz,SStep,6,ua_0029,01180029_1574629474_Spec.png,dataset/train/24GHz/SStep/01180029_1574629474_Spec.png,train,4,1
tasks/known_people_unknown_freq/dataset/train/24GHz/SStep/01180029_1574629493_Spec.png,24GHz,SStep,6,ua_0029,01180029_1574629493_Spec.png,dataset/train/24GHz/SStep/01180029_1574629493_Spec.png,train,4,1
tasks/known_people_unknown_freq/dataset/train/24GHz/SStep/01180029_1574629512_Spec.png,24GHz,SStep,6,ua_0029,01180029_1574629512_Spec.png,dataset/train/24GHz/SStep/01180029_1574629512_Spec.png,train,4,1
tasks/known_people_unknown_freq/dataset/train/24GHz/SStep/01180029_1574629533_Spec.png,24GHz,SStep,6,ua_0029,01180029_1574629533_Spec.png,dataset/train/24GHz/SStep/01180029_1574629533_Spec.png,train,4,1
tasks/known_people_unknown_freq/dataset/train/24GHz/SStep/01180029_1574629552_Spec.png,24GHz,SStep,6,ua_0029,01180029_1574629552_Spec.png,dataset/train/24GHz/SStep/01180029_1574629552_Spec.png,train,4,1
tasks/known_people_unknown_freq/dataset/train/24GHz/SStep/01180030_1574196864_Spec.png,24GHz,SStep,6,ua_0030,01180030_1574196864_Spec.png,dataset/val/24GHz/SStep/01180030_1574196864_Spec.png,val,4,1
tasks/known_people_unknown_freq/dataset/train/24GHz/SStep/01180030_1574196884_Spec.png,24GHz,SStep,6,ua_0030,01180030_1574196884_Spec.png,dataset/val/24GHz/SStep/01180030_1574196884_Spec.png,val,4,1
tasks/known_people_unknown_freq/dataset/train/24GHz/SStep/01180030_1574196927_Spec.png,24GHz,SStep,6,ua_0030,01180030_1574196927_Spec.png,dataset/val/24GHz/SStep/01180030_1574196927_Spec.png,val,4,1
tasks/known_people_unknown_freq/dataset/train/24GHz/SStep/01180030_1574196950_Spec.png,24GHz,SStep,6,ua_0030,01180030_1574196950_Spec.png,dataset/val/24GHz/SStep/01180030_1574196950_Spec.png,val,4,1
tasks/known_people_unknown_freq/dataset/train/24GHz/SStep/01180030_1574196968_Spec.png,24GHz,SStep,6,ua_0030,01180030_1574196968_Spec.png,dataset/val/24GHz/SStep/01180030_1574196968_Spec.png,val,4,1
tasks/known_people_unknown_freq/dataset/train/24GHz/SStep/01180030_1574196992_Spec.png,24GHz,SStep,6,ua_0030,01180030_1574196992_Spec.png,dataset/val/24GHz/SStep/01180030_1574196992_Spec.png,val,4,1
tasks/known_people_unknown_freq/dataset/train/24GHz/SStep/01180030_1574197013_Spec.png,24GHz,SStep,6,ua_0030,01180030_1574197013_Spec.png,dataset/val/24GHz/SStep/01180030_1574197013_Spec.png,val,4,1
tasks/known_people_unknown_freq/dataset/train/24GHz/SStep/01180030_1574197034_Spec.png,24GHz,SStep,6,ua_0030,01180030_1574197034_Spec.png,dataset/val/24GHz/SStep/01180030_1574197034_Spec.png,val,4,1
tasks/known_people_unknown_freq/dataset/train/24GHz/SStep/01180030_1574460138_Spec.png,24GHz,SStep,6,ua_0030,01180030_1574460138_Spec.png,dataset/val/24GHz/SStep/01180030_1574460138_Spec.png,val,4,1
tasks/known_people_unknown_freq/dataset/train/24GHz/SStep/01180030_1574460157_Spec.png,24GHz,SStep,6,ua_0030,01180030_1574460157_Spec.png,dataset/val/24GHz/SStep/01180030_1574460157_Spec.png,val,4,1
tasks/known_people_unknown_freq/dataset/train/24GHz/SStep/01180030_1574460179_Spec.png,24GHz,SStep,6,ua_0030,01180030_1574460179_Spec.png,dataset/val/24GHz/SStep/01180030_1574460179_Spec.png,val,4,1
tasks/known_people_unknown_freq/dataset/train/24GHz/SStep/01180030_1574460197_Spec.png,24GHz,SStep,6,ua_0030,01180030_1574460197_Spec.png,dataset/val/24GHz/SStep/01180030_1574460197_Spec.png,val,4,1
tasks/known_people_unknown_freq/dataset/train/24GHz/SStep/01180030_1574460235_Spec.png,24GHz,SStep,6,ua_0030,01180030_1574460235_Spec.png,dataset/val/24GHz/SStep/01180030_1574460235_Spec.png,val,4,1
tasks/known_people_unknown_freq/dataset/train/24GHz/SStep/01180030_1574460254_Spec.png,24GHz,SStep,6,ua_0030,01180030_1574460254_Spec.png,dataset/val/24GHz/SStep/01180030_1574460254_Spec.png,val,4,1
tasks/known_people_unknown_freq/dataset/train/24GHz/SStep/01180030_1574460290_Spec.png,24GHz,SStep,6,ua_0030,01180030_1574460290_Spec.png,dataset/val/24GHz/SStep/01180030_1574460290_Spec.png,val,4,1
tasks/known_people_unknown_freq/dataset/train/24GHz/SStep/01180030_1574460680_Spec.png,24GHz,SStep,6,ua_0030,01180030_1574460680_Spec.png,dataset/val/24GHz/SStep/01180030_1574460680_Spec.png,val,4,1
tasks/known_people_unknown_freq/dataset/train/24GHz/Sit/01090010_1573837993_Spec.png,24GHz,Sit,8,ua_0010,01090010_1573837993_Spec.png,dataset/train/24GHz/Sit/01090010_1573837993_Spec.png,train,5,1
tasks/known_people_unknown_freq/dataset/train/24GHz/Sit/01090010_1573838030_Spec.png,24GHz,Sit,8,ua_0010,01090010_1573838030_Spec.png,dataset/train/24GHz/Sit/01090010_1573838030_Spec.png,train,5,1
tasks/known_people_unknown_freq/dataset/train/24GHz/Sit/01090010_1573838066_Spec.png,24GHz,Sit,8,ua_0010,01090010_1573838066_Spec.png,dataset/train/24GHz/Sit/01090010_1573838066_Spec.png,train,5,1
tasks/known_people_unknown_freq/dataset/train/24GHz/Sit/01090010_1573838127_Spec.png,24GHz,Sit,8,ua_0010,01090010_1573838127_Spec.png,dataset/train/24GHz/Sit/01090010_1573838127_Spec.png,train,5,1
tasks/known_people_unknown_freq/dataset/train/24GHz/Sit/01090010_1573838157_Spec.png,24GHz,Sit,8,ua_0010,01090010_1573838157_Spec.png,dataset/train/24GHz/Sit/01090010_1573838157_Spec.png,train,5,1
tasks/known_people_unknown_freq/dataset/train/24GHz/Sit/01090010_1573838182_Spec.png,24GHz,Sit,8,ua_0010,01090010_1573838182_Spec.png,dataset/train/24GHz/Sit/01090010_1573838182_Spec.png,train,5,1
tasks/known_people_unknown_freq/dataset/train/24GHz/Sit/01090010_1573838201_Spec.png,24GHz,Sit,8,ua_0010,01090010_1573838201_Spec.png,dataset/train/24GHz/Sit/01090010_1573838201_Spec.png,train,5,1
tasks/known_people_unknown_freq/dataset/train/24GHz/Sit/01090010_1573838334_Spec.png,24GHz,Sit,8,ua_0010,01090010_1573838334_Spec.png,dataset/train/24GHz/Sit/01090010_1573838334_Spec.png,train,5,1
tasks/known_people_unknown_freq/dataset/train/24GHz/Sit/01090014_1574696977_Spec.png,24GHz,Sit,8,ua_0014,01090014_1574696977_Spec.png,dataset/train/24GHz/Sit/01090014_1574696977_Spec.png,train,5,1
tasks/known_people_unknown_freq/dataset/train/24GHz/Sit/01090014_1574696998_Spec.png,24GHz,Sit,8,ua_0014,01090014_1574696998_Spec.png,dataset/train/24GHz/Sit/01090014_1574696998_Spec.png,train,5,1
tasks/known_people_unknown_freq/dataset/train/24GHz/Sit/01090014_1574697038_Spec.png,24GHz,Sit,8,ua_0014,01090014_1574697038_Spec.png,dataset/train/24GHz/Sit/01090014_1574697038_Spec.png,train,5,1
tasks/known_people_unknown_freq/dataset/train/24GHz/Sit/01090014_1574697058_Spec.png,24GHz,Sit,8,ua_0014,01090014_1574697058_Spec.png,dataset/train/24GHz/Sit/01090014_1574697058_Spec.png,train,5,1
tasks/known_people_unknown_freq/dataset/train/24GHz/Sit/01090014_1574697076_Spec.png,24GHz,Sit,8,ua_0014,01090014_1574697076_Spec.png,dataset/train/24GHz/Sit/01090014_1574697076_Spec.png,train,5,1
tasks/known_people_unknown_freq/dataset/train/24GHz/Sit/01090014_1574697390_Spec.png,24GHz,Sit,8,ua_0014,01090014_1574697390_Spec.png,dataset/train/24GHz/Sit/01090014_1574697390_Spec.png,train,5,1
tasks/known_people_unknown_freq/dataset/train/24GHz/Sit/01090014_1574697454_Spec.png,24GHz,Sit,8,ua_0014,01090014_1574697454_Spec.png,dataset/train/24GHz/Sit/01090014_1574697454_Spec.png,train,5,1
tasks/known_people_unknown_freq/dataset/train/24GHz/Sit/01090014_1574697493_Spec.png,24GHz,Sit,8,ua_0014,01090014_1574697493_Spec.png,dataset/train/24GHz/Sit/01090014_1574697493_Spec.png,train,5,1
tasks/known_people_unknown_freq/dataset/train/24GHz/Sit/01090014_1574697850_Spec.png,24GHz,Sit,8,ua_0014,01090014_1574697850_Spec.png,dataset/train/24GHz/Sit/01090014_1574697850_Spec.png,train,5,1
tasks/known_people_unknown_freq/dataset/train/24GHz/Sit/01090014_1574697897_Spec.png,24GHz,Sit,8,ua_0014,01090014_1574697897_Spec.png,dataset/train/24GHz/Sit/01090014_1574697897_Spec.png,train,5,1
tasks/known_people_unknown_freq/dataset/train/24GHz/Sit/01090014_1574697917_Spec.png,24GHz,Sit,8,ua_0014,01090014_1574697917_Spec.png,dataset/train/24GHz/Sit/01090014_1574697917_Spec.png,train,5,1
tasks/known_people_unknown_freq/dataset/train/24GHz/Sit/01090014_1574697936_Spec.png,24GHz,Sit,8,ua_0014,01090014_1574697936_Spec.png,dataset/train/24GHz/Sit/01090014_1574697936_Spec.png,train,5,1
tasks/known_people_unknown_freq/dataset/train/24GHz/Sit/01090014_1574697974_Spec.png,24GHz,Sit,8,ua_0014,01090014_1574697974_Spec.png,dataset/train/24GHz/Sit/01090014_1574697974_Spec.png,train,5,1
tasks/known_people_unknown_freq/dataset/train/24GHz/Sit/01090014_1574697993_Spec.png,24GHz,Sit,8,ua_0014,01090014_1574697993_Spec.png,dataset/train/24GHz/Sit/01090014_1574697993_Spec.png,train,5,1
tasks/known_people_unknown_freq/dataset/train/24GHz/Sit/01090029_1574115686_Spec.png,24GHz,Sit,8,ua_0029,01090029_1574115686_Spec.png,dataset/train/24GHz/Sit/01090029_1574115686_Spec.png,train,5,1
tasks/known_people_unknown_freq/dataset/train/24GHz/Sit/01090029_1574115706_Spec.png,24GHz,Sit,8,ua_0029,01090029_1574115706_Spec.png,dataset/train/24GHz/Sit/01090029_1574115706_Spec.png,train,5,1
tasks/known_people_unknown_freq/dataset/train/24GHz/Sit/01090029_1574115726_Spec.png,24GHz,Sit,8,ua_0029,01090029_1574115726_Spec.png,dataset/train/24GHz/Sit/01090029_1574115726_Spec.png,train,5,1
tasks/known_people_unknown_freq/dataset/train/24GHz/Sit/01090029_1574115764_Spec.png,24GHz,Sit,8,ua_0029,01090029_1574115764_Spec.png,dataset/train/24GHz/Sit/01090029_1574115764_Spec.png,train,5,1
tasks/known_people_unknown_freq/dataset/train/24GHz/Sit/01090029_1574115784_Spec.png,24GHz,Sit,8,ua_0029,01090029_1574115784_Spec.png,dataset/train/24GHz/Sit/01090029_1574115784_Spec.png,train,5,1
tasks/known_people_unknown_freq/dataset/train/24GHz/Sit/01090029_1574115803_Spec.png,24GHz,Sit,8,ua_0029,01090029_1574115803_Spec.png,dataset/train/24GHz/Sit/01090029_1574115803_Spec.png,train,5,1
tasks/known_people_unknown_freq/dataset/train/24GHz/Sit/01090029_1574115823_Spec.png,24GHz,Sit,8,ua_0029,01090029_1574115823_Spec.png,dataset/train/24GHz/Sit/01090029_1574115823_Spec.png,train,5,1
tasks/known_people_unknown_freq/dataset/train/24GHz/Sit/01090029_1574628100_Spec.png,24GHz,Sit,8,ua_0029,01090029_1574628100_Spec.png,dataset/train/24GHz/Sit/01090029_1574628100_Spec.png,train,5,1
tasks/known_people_unknown_freq/dataset/train/24GHz/Sit/01090029_1574628120_Spec.png,24GHz,Sit,8,ua_0029,01090029_1574628120_Spec.png,dataset/train/24GHz/Sit/01090029_1574628120_Spec.png,train,5,1
tasks/known_people_unknown_freq/dataset/train/24GHz/Sit/01090029_1574628141_Spec.png,24GHz,Sit,8,ua_0029,01090029_1574628141_Spec.png,dataset/train/24GHz/Sit/01090029_1574628141_Spec.png,train,5,1
tasks/known_people_unknown_freq/dataset/train/24GHz/Sit/01090029_1574628160_Spec.png,24GHz,Sit,8,ua_0029,01090029_1574628160_Spec.png,dataset/train/24GHz/Sit/01090029_1574628160_Spec.png,train,5,1
tasks/known_people_unknown_freq/dataset/train/24GHz/Sit/01090029_1574628180_Spec.png,24GHz,Sit,8,ua_0029,01090029_1574628180_Spec.png,dataset/train/24GHz/Sit/01090029_1574628180_Spec.png,train,5,1
tasks/known_people_unknown_freq/dataset/train/24GHz/Sit/01090029_1574628246_Spec.png,24GHz,Sit,8,ua_0029,01090029_1574628246_Spec.png,dataset/train/24GHz/Sit/01090029_1574628246_Spec.png,train,5,1
tasks/known_people_unknown_freq/dataset/train/24GHz/Sit/01090029_1574628309_Spec.png,24GHz,Sit,8,ua_0029,01090029_1574628309_Spec.png,dataset/train/24GHz/Sit/01090029_1574628309_Spec.png,train,5,1
tasks/known_people_unknown_freq/dataset/train/24GHz/Sit/01090029_1574628343_Spec.png,24GHz,Sit,8,ua_0029,01090029_1574628343_Spec.png,dataset/train/24GHz/Sit/01090029_1574628343_Spec.png,train,5,1
tasks/known_people_unknown_freq/dataset/train/24GHz/Sit/01090029_1574628440_Spec.png,24GHz,Sit,8,ua_0029,01090029_1574628440_Spec.png,dataset/train/24GHz/Sit/01090029_1574628440_Spec.png,train,5,1
tasks/known_people_unknown_freq/dataset/train/24GHz/Sit/01090030_1574195230_Spec.png,24GHz,Sit,8,ua_0030,01090030_1574195230_Spec.png,dataset/val/24GHz/Sit/01090030_1574195230_Spec.png,val,5,1
tasks/known_people_unknown_freq/dataset/train/24GHz/Sit/01090030_1574195254_Spec.png,24GHz,Sit,8,ua_0030,01090030_1574195254_Spec.png,dataset/val/24GHz/Sit/01090030_1574195254_Spec.png,val,5,1
tasks/known_people_unknown_freq/dataset/train/24GHz/Sit/01090030_1574195274_Spec.png,24GHz,Sit,8,ua_0030,01090030_1574195274_Spec.png,dataset/val/24GHz/Sit/01090030_1574195274_Spec.png,val,5,1
tasks/known_people_unknown_freq/dataset/train/24GHz/Sit/01090030_1574195293_Spec.png,24GHz,Sit,8,ua_0030,01090030_1574195293_Spec.png,dataset/val/24GHz/Sit/01090030_1574195293_Spec.png,val,5,1
tasks/known_people_unknown_freq/dataset/train/24GHz/Sit/01090030_1574195313_Spec.png,24GHz,Sit,8,ua_0030,01090030_1574195313_Spec.png,dataset/val/24GHz/Sit/01090030_1574195313_Spec.png,val,5,1
tasks/known_people_unknown_freq/dataset/train/24GHz/Sit/01090030_1574195332_Spec.png,24GHz,Sit,8,ua_0030,01090030_1574195332_Spec.png,dataset/val/24GHz/Sit/01090030_1574195332_Spec.png,val,5,1
tasks/known_people_unknown_freq/dataset/train/24GHz/Sit/01090030_1574195351_Spec.png,24GHz,Sit,8,ua_0030,01090030_1574195351_Spec.png,dataset/val/24GHz/Sit/01090030_1574195351_Spec.png,val,5,1
tasks/known_people_unknown_freq/dataset/train/24GHz/Sit/01090030_1574195371_Spec.png,24GHz,Sit,8,ua_0030,01090030_1574195371_Spec.png,dataset/val/24GHz/Sit/01090030_1574195371_Spec.png,val,5,1
tasks/known_people_unknown_freq/dataset/train/24GHz/Sit/01090030_1574195391_Spec.png,24GHz,Sit,8,ua_0030,01090030_1574195391_Spec.png,dataset/val/24GHz/Sit/01090030_1574195391_Spec.png,val,5,1
tasks/known_people_unknown_freq/dataset/train/24GHz/Sit/01090030_1574458188_Spec.png,24GHz,Sit,8,ua_0030,01090030_1574458188_Spec.png,dataset/val/24GHz/Sit/01090030_1574458188_Spec.png,val,5,1
tasks/known_people_unknown_freq/dataset/train/24GHz/Sit/01090030_1574458265_Spec.png,24GHz,Sit,8,ua_0030,01090030_1574458265_Spec.png,dataset/val/24GHz/Sit/01090030_1574458265_Spec.png,val,5,1
tasks/known_people_unknown_freq/dataset/train/24GHz/Sit/01090030_1574458283_Spec.png,24GHz,Sit,8,ua_0030,01090030_1574458283_Spec.png,dataset/val/24GHz/Sit/01090030_1574458283_Spec.png,val,5,1
tasks/known_people_unknown_freq/dataset/train/24GHz/Sit/01090030_1574458785_Spec.png,24GHz,Sit,8,ua_0030,01090030_1574458785_Spec.png,dataset/val/24GHz/Sit/01090030_1574458785_Spec.png,val,5,1
tasks/known_people_unknown_freq/dataset/train/24GHz/Sit/01090030_1574458803_Spec.png,24GHz,Sit,8,ua_0030,01090030_1574458803_Spec.png,dataset/val/24GHz/Sit/01090030_1574458803_Spec.png,val,5,1
tasks/known_people_unknown_freq/dataset/train/24GHz/Towards/01000000_1574696136_Spec.png,24GHz,Towards,10,ua_0000,01000000_1574696136_Spec.png,dataset/train/24GHz/Towards/01000000_1574696136_Spec.png,train,6,1
tasks/known_people_unknown_freq/dataset/train/24GHz/Towards/01000000_1574696159_Spec.png,24GHz,Towards,10,ua_0000,01000000_1574696159_Spec.png,dataset/train/24GHz/Towards/01000000_1574696159_Spec.png,train,6,1
tasks/known_people_unknown_freq/dataset/train/24GHz/Towards/01000000_1574696180_Spec.png,24GHz,Towards,10,ua_0000,01000000_1574696180_Spec.png,dataset/train/24GHz/Towards/01000000_1574696180_Spec.png,train,6,1
tasks/known_people_unknown_freq/dataset/train/24GHz/Towards/01000000_1574696201_Spec.png,24GHz,Towards,10,ua_0000,01000000_1574696201_Spec.png,dataset/train/24GHz/Towards/01000000_1574696201_Spec.png,train,6,1
tasks/known_people_unknown_freq/dataset/train/24GHz/Towards/01000000_1574696243_Spec.png,24GHz,Towards,10,ua_0000,01000000_1574696243_Spec.png,dataset/train/24GHz/Towards/01000000_1574696243_Spec.png,train,6,1
tasks/known_people_unknown_freq/dataset/train/24GHz/Towards/01000000_1574696261_Spec.png,24GHz,Towards,10,ua_0000,01000000_1574696261_Spec.png,dataset/train/24GHz/Towards/01000000_1574696261_Spec.png,train,6,1
tasks/known_people_unknown_freq/dataset/train/24GHz/Towards/01000000_1574696280_Spec.png,24GHz,Towards,10,ua_0000,01000000_1574696280_Spec.png,dataset/train/24GHz/Towards/01000000_1574696280_Spec.png,train,6,1
tasks/known_people_unknown_freq/dataset/train/24GHz/Towards/01050010_1573836822_Spec.png,24GHz,Towards,10,ua_0010,01050010_1573836822_Spec.png,dataset/train/24GHz/Towards/01050010_1573836822_Spec.png,train,6,1
tasks/known_people_unknown_freq/dataset/train/24GHz/Towards/01050010_1573836864_Spec.png,24GHz,Towards,10,ua_0010,01050010_1573836864_Spec.png,dataset/train/24GHz/Towards/01050010_1573836864_Spec.png,train,6,1
tasks/known_people_unknown_freq/dataset/train/24GHz/Towards/01050010_1573836889_Spec.png,24GHz,Towards,10,ua_0010,01050010_1573836889_Spec.png,dataset/train/24GHz/Towards/01050010_1573836889_Spec.png,train,6,1
tasks/known_people_unknown_freq/dataset/train/24GHz/Towards/01050010_1573836925_Spec.png,24GHz,Towards,10,ua_0010,01050010_1573836925_Spec.png,dataset/train/24GHz/Towards/01050010_1573836925_Spec.png,train,6,1
tasks/known_people_unknown_freq/dataset/train/24GHz/Towards/01050010_1573837002_Spec.png,24GHz,Towards,10,ua_0010,01050010_1573837002_Spec.png,dataset/train/24GHz/Towards/01050010_1573837002_Spec.png,train,6,1
tasks/known_people_unknown_freq/dataset/train/24GHz/Towards/01050010_1573837024_Spec.png,24GHz,Towards,10,ua_0010,01050010_1573837024_Spec.png,dataset/train/24GHz/Towards/01050010_1573837024_Spec.png,train,6,1
tasks/known_people_unknown_freq/dataset/train/24GHz/Towards/01050010_1573837045_Spec.png,24GHz,Towards,10,ua_0010,01050010_1573837045_Spec.png,dataset/train/24GHz/Towards/01050010_1573837045_Spec.png,train,6,1
tasks/known_people_unknown_freq/dataset/train/24GHz/Towards/01050010_1573837067_Spec.png,24GHz,Towards,10,ua_0010,01050010_1573837067_Spec.png,dataset/train/24GHz/Towards/01050010_1573837067_Spec.png,train,6,1
tasks/known_people_unknown_freq/dataset/train/24GHz/Towards/01050014_1574695845_Spec.png,24GHz,Towards,10,ua_0014,01050014_1574695845_Spec.png,dataset/train/24GHz/Towards/01050014_1574695845_Spec.png,train,6,1
tasks/known_people_unknown_freq/dataset/train/24GHz/Towards/01050029_1574114240_Spec.png,24GHz,Towards,10,ua_0029,01050029_1574114240_Spec.png,dataset/train/24GHz/Towards/01050029_1574114240_Spec.png,train,6,1
tasks/known_people_unknown_freq/dataset/train/24GHz/Towards/01050029_1574114268_Spec.png,24GHz,Towards,10,ua_0029,01050029_1574114268_Spec.png,dataset/train/24GHz/Towards/01050029_1574114268_Spec.png,train,6,1
tasks/known_people_unknown_freq/dataset/train/24GHz/Towards/01050029_1574114294_Spec.png,24GHz,Towards,10,ua_0029,01050029_1574114294_Spec.png,dataset/train/24GHz/Towards/01050029_1574114294_Spec.png,train,6,1
tasks/known_people_unknown_freq/dataset/train/24GHz/Towards/01050029_1574114447_Spec.png,24GHz,Towards,10,ua_0029,01050029_1574114447_Spec.png,dataset/train/24GHz/Towards/01050029_1574114447_Spec.png,train,6,1
tasks/known_people_unknown_freq/dataset/train/24GHz/Towards/01050029_1574114529_Spec.png,24GHz,Towards,10,ua_0029,01050029_1574114529_Spec.png,dataset/train/24GHz/Towards/01050029_1574114529_Spec.png,train,6,1
tasks/known_people_unknown_freq/dataset/train/24GHz/Towards/01050029_1574114550_Spec.png,24GHz,Towards,10,ua_0029,01050029_1574114550_Spec.png,dataset/train/24GHz/Towards/01050029_1574114550_Spec.png,train,6,1
tasks/known_people_unknown_freq/dataset/train/24GHz/Towards/01050029_1574114569_Spec.png,24GHz,Towards,10,ua_0029,01050029_1574114569_Spec.png,dataset/train/24GHz/Towards/01050029_1574114569_Spec.png,train,6,1
tasks/known_people_unknown_freq/dataset/train/24GHz/Towards/01050029_1574114588_Spec.png,24GHz,Towards,10,ua_0029,01050029_1574114588_Spec.png,dataset/train/24GHz/Towards/01050029_1574114588_Spec.png,train,6,1
tasks/known_people_unknown_freq/dataset/train/24GHz/Towards/01050029_1574114606_Spec.png,24GHz,Towards,10,ua_0029,01050029_1574114606_Spec.png,dataset/train/24GHz/Towards/01050029_1574114606_Spec.png,train,6,1
tasks/known_people_unknown_freq/dataset/train/24GHz/Towards/01050029_1574114625_Spec.png,24GHz,Towards,10,ua_0029,01050029_1574114625_Spec.png,dataset/train/24GHz/Towards/01050029_1574114625_Spec.png,train,6,1
tasks/known_people_unknown_freq/dataset/train/24GHz/Towards/01050029_1574626078_Spec.png,24GHz,Towards,10,ua_0029,01050029_1574626078_Spec.png,dataset/train/24GHz/Towards/01050029_1574626078_Spec.png,train,6,1
tasks/known_people_unknown_freq/dataset/train/24GHz/Towards/01050029_1574626109_Spec.png,24GHz,Towards,10,ua_0029,01050029_1574626109_Spec.png,dataset/train/24GHz/Towards/01050029_1574626109_Spec.png,train,6,1
tasks/known_people_unknown_freq/dataset/train/24GHz/Towards/01050029_1574626188_Spec.png,24GHz,Towards,10,ua_0029,01050029_1574626188_Spec.png,dataset/train/24GHz/Towards/01050029_1574626188_Spec.png,train,6,1
tasks/known_people_unknown_freq/dataset/train/24GHz/Towards/01050029_1574626210_Spec.png,24GHz,Towards,10,ua_0029,01050029_1574626210_Spec.png,dataset/train/24GHz/Towards/01050029_1574626210_Spec.png,train,6,1
tasks/known_people_unknown_freq/dataset/train/24GHz/Towards/01050029_1574626372_Spec.png,24GHz,Towards,10,ua_0029,01050029_1574626372_Spec.png,dataset/train/24GHz/Towards/01050029_1574626372_Spec.png,train,6,1
tasks/known_people_unknown_freq/dataset/train/24GHz/Towards/01050029_1574626392_Spec.png,24GHz,Towards,10,ua_0029,01050029_1574626392_Spec.png,dataset/train/24GHz/Towards/01050029_1574626392_Spec.png,train,6,1
tasks/known_people_unknown_freq/dataset/train/24GHz/Towards/01050030_1574193902_Spec.png,24GHz,Towards,10,ua_0030,01050030_1574193902_Spec.png,dataset/val/24GHz/Towards/01050030_1574193902_Spec.png,val,6,1
tasks/known_people_unknown_freq/dataset/train/24GHz/Towards/01050030_1574193925_Spec.png,24GHz,Towards,10,ua_0030,01050030_1574193925_Spec.png,dataset/val/24GHz/Towards/01050030_1574193925_Spec.png,val,6,1
tasks/known_people_unknown_freq/dataset/train/24GHz/Towards/01050030_1574193946_Spec.png,24GHz,Towards,10,ua_0030,01050030_1574193946_Spec.png,dataset/val/24GHz/Towards/01050030_1574193946_Spec.png,val,6,1
tasks/known_people_unknown_freq/dataset/train/24GHz/Towards/01050030_1574193984_Spec.png,24GHz,Towards,10,ua_0030,01050030_1574193984_Spec.png,dataset/val/24GHz/Towards/01050030_1574193984_Spec.png,val,6,1
tasks/known_people_unknown_freq/dataset/train/24GHz/Towards/01050030_1574194013_Spec.png,24GHz,Towards,10,ua_0030,01050030_1574194013_Spec.png,dataset/val/24GHz/Towards/01050030_1574194013_Spec.png,val,6,1
tasks/known_people_unknown_freq/dataset/train/24GHz/Towards/01050030_1574194068_Spec.png,24GHz,Towards,10,ua_0030,01050030_1574194068_Spec.png,dataset/val/24GHz/Towards/01050030_1574194068_Spec.png,val,6,1
tasks/known_people_unknown_freq/dataset/train/24GHz/Towards/01050030_1574194145_Spec.png,24GHz,Towards,10,ua_0030,01050030_1574194145_Spec.png,dataset/val/24GHz/Towards/01050030_1574194145_Spec.png,val,6,1
tasks/known_people_unknown_freq/dataset/train/24GHz/Towards/01050030_1574456646_Spec.png,24GHz,Towards,10,ua_0030,01050030_1574456646_Spec.png,dataset/val/24GHz/Towards/01050030_1574456646_Spec.png,val,6,1
tasks/known_people_unknown_freq/dataset/train/24GHz/Towards/01050030_1574456705_Spec.png,24GHz,Towards,10,ua_0030,01050030_1574456705_Spec.png,dataset/val/24GHz/Towards/01050030_1574456705_Spec.png,val,6,1
tasks/known_people_unknown_freq/dataset/train/24GHz/Towards/01050030_1574456747_Spec.png,24GHz,Towards,10,ua_0030,01050030_1574456747_Spec.png,dataset/val/24GHz/Towards/01050030_1574456747_Spec.png,val,6,1
tasks/known_people_unknown_freq/dataset/train/24GHz/Towards/01050030_1574456771_Spec.png,24GHz,Towards,10,ua_0030,01050030_1574456771_Spec.png,dataset/val/24GHz/Towards/01050030_1574456771_Spec.png,val,6,1
tasks/known_people_unknown_freq/dataset/train/24GHz/Towards/01050030_1574456812_Spec.png,24GHz,Towards,10,ua_0030,01050030_1574456812_Spec.png,dataset/val/24GHz/Towards/01050030_1574456812_Spec.png,val,6,1
tasks/known_people_unknown_freq/dataset/train/24GHz/Towards/01050030_1574456837_Spec.png,24GHz,Towards,10,ua_0030,01050030_1574456837_Spec.png,dataset/val/24GHz/Towards/01050030_1574456837_Spec.png,val,6,1
tasks/known_people_unknown_freq/dataset/train/24GHz/Towards/01050030_1574456859_Spec.png,24GHz,Towards,10,ua_0030,01050030_1574456859_Spec.png,dataset/val/24GHz/Towards/01050030_1574456859_Spec.png,val,6,1
tasks/known_people_unknown_freq/dataset/train/24GHz/Towards/01050030_1574456884_Spec.png,24GHz,Towards,10,ua_0030,01050030_1574456884_Spec.png,dataset/val/24GHz/Towards/01050030_1574456884_Spec.png,val,6,1
tasks/known_people_unknown_freq/dataset/train/24GHz/Towards/01050030_1574456906_Spec.png,24GHz,Towards,10,ua_0030,01050030_1574456906_Spec.png,dataset/val/24GHz/Towards/01050030_1574456906_Spec.png,val,6,1
