[20:35:31] run_dir=/scratch/st-zliu-1/heqingz/CrossCarrier_Fresh_20260922/CrossCarrier_Repro/EXPERIMENTSRESULT/REVISION_5090/SUPP_ABLATION/DAS_ERM/seed42
[20:35:32] device=cuda
[20:35:32] backbone=vit_large_patch16_dinov3.lvd1689m
[20:35:32] env: manifest_dir=/scratch/st-zliu-1/heqingz/CrossCarrier_Fresh_20260922/CrossCarrier_Repro/tasks/known_people_unknown_freq/manifest dataset_root=/scratch/st-zliu-1/heqingz/CrossCarrier_Fresh_20260922/CrossCarrier_Repro use_dann=False selection=source_val_acc_ema adapter_mode=lora
[20:35:32] set_seed(42)
[20:35:52] [fast_gpu] source cache 644 imgs (0.39GB) on cuda
[20:35:52] train_source=644 train_src_rows=10:302 24:342 source_steps/epoch=40 val_all=162 heldout77_unused=140 test77_final=278
[20:35:52] [test77_split] seed=42 dev_per_class=20
[20:38:02] trainable params=2378753 (encoder_lora+neck+head + miro_proj+v15_falsification)
[20:38:02] logit_prior=[-1.9678890705108643, -1.913821816444397, -1.8427258729934692, -1.9678890705108643, -2.0133514404296875, -1.8929877281188965, -2.036881923675537]
[20:38:02] use_dann=False
[20:38:02] use_das=False
[20:38:02] aug_flags: USE_HFT=False USE_SPEC_AUGMENT=False
[20:38:02] adapter_mode=lora
[20:38:02] schedule: epochs=100 steps/epoch=40 imgs/step=16 total_steps=4000 total_imgs=64000 warmup_steps=120
[20:38:02] source_qualified_policy: val_acc_ema>=0.90 candidates are recorded; best candidate by 77GHz F1 is saved as diagnostic
[20:38:02] [pool] init threshold=0.90 period=10 selection=dev77_f1
[20:38:02] [train] epoch 1/100 steps=40 use_dann=0 das=off f=[0.0,0.0] p=0.00 gpu=3.0/3.0GB
[20:38:27] [train] ep=01 step=001/40 ce=7.2529 sc=3.0665 mi=1.0033 dn=0.0000 v13=0.0000 grl=0.0000 v15=0.0000 v15r=0.0000 v16=0.0000 v17=0.0000 v18=0.0000 acc=0.3750 lr=2.50e-06 lambda=0.000 grl_lambda=0.000 v18_lambda=0.000 gpu=3.0/11.8GB
[20:38:35] [train] ep=01 step=010/40 ce=7.9807 sc=2.8717 mi=0.9929 dn=0.0000 v13=0.0000 grl=0.0000 v15=0.0000 v15r=0.0000 v16=0.0000 v17=0.0000 v18=0.0000 acc=0.1875 lr=2.50e-05 lambda=0.000 grl_lambda=0.000 v18_lambda=0.000 gpu=3.0/11.8GB
[20:38:40] [train] ep=01 step=020/40 ce=7.8976 sc=2.8371 mi=0.9469 dn=0.0000 v13=0.0000 grl=0.0000 v15=0.0000 v15r=0.0000 v16=0.0000 v17=0.0000 v18=0.0000 acc=0.1719 lr=5.00e-05 lambda=0.000 grl_lambda=0.000 v18_lambda=0.000 gpu=3.0/11.8GB
[20:38:46] [train] ep=01 step=030/40 ce=7.7867 sc=2.8189 mi=0.8746 dn=0.0000 v13=0.0000 grl=0.0000 v15=0.0000 v15r=0.0000 v16=0.0000 v17=0.0000 v18=0.0000 acc=0.1938 lr=7.50e-05 lambda=0.000 grl_lambda=0.000 v18_lambda=0.000 gpu=3.0/11.8GB
[20:38:52] [train] ep=01 step=040/40 ce=7.6388 sc=2.8112 mi=0.7870 dn=0.0000 v13=0.0000 grl=0.0000 v15=0.0000 v15r=0.0000 v16=0.0000 v17=0.0000 v18=0.0000 acc=0.2391 lr=1.00e-04 lambda=0.000 grl_lambda=0.000 v18_lambda=0.000 gpu=3.0/11.8GB
[20:38:57] [ep_summary] ep=01/100 val_live=0.2469/0.1933 val_ema=0.0000/0.0000 test77_live=0.1403/0.0352 test77_diag_ema=0.0000/0.0000 v13=0.0000 grl=0.0000 v15=0.0000 v15r=0.0000 v16=0.0000 v17=0.0000 v18=0.0000 das=off[0,0] p=0.00 ep_time=55.3s
[20:38:58] [train] epoch 2/100 steps=40 use_dann=0 das=off f=[0.0,0.0] p=0.00 gpu=3.0/11.8GB
[20:38:58] [train] ep=02 step=001/40 ce=6.9288 sc=2.8517 mi=0.4219 dn=0.0000 v13=0.0000 grl=0.0000 v15=0.0000 v15r=0.0000 v16=0.0000 v17=0.0000 v18=0.0000 acc=0.3750 lr=1.02e-04 lambda=0.000 grl_lambda=0.000 v18_lambda=0.000 gpu=3.0/11.8GB
[20:39:03] [train] ep=02 step=010/40 ce=6.8602 sc=2.7252 mi=0.3575 dn=0.0000 v13=0.0000 grl=0.0000 v15=0.0000 v15r=0.0000 v16=0.0000 v17=0.0000 v18=0.0000 acc=0.4188 lr=1.25e-04 lambda=0.000 grl_lambda=0.000 v18_lambda=0.000 gpu=3.0/11.8GB
[20:39:09] [train] ep=02 step=020/40 ce=6.4872 sc=2.7125 mi=0.3087 dn=0.0000 v13=0.0000 grl=0.0000 v15=0.0000 v15r=0.0000 v16=0.0000 v17=0.0000 v18=0.0000 acc=0.4844 lr=1.50e-04 lambda=0.000 grl_lambda=0.000 v18_lambda=0.000 gpu=3.0/11.8GB
[20:39:15] [train] ep=02 step=030/40 ce=6.1707 sc=2.6386 mi=0.2868 dn=0.0000 v13=0.0000 grl=0.0000 v15=0.0000 v15r=0.0000 v16=0.0000 v17=0.0000 v18=0.0000 acc=0.5083 lr=1.75e-04 lambda=0.000 grl_lambda=0.000 v18_lambda=0.000 gpu=3.0/11.8GB
[20:39:20] [train] ep=02 step=040/40 ce=5.8356 sc=2.5639 mi=0.2730 dn=0.0000 v13=0.0000 grl=0.0000 v15=0.0000 v15r=0.0000 v16=0.0000 v17=0.0000 v18=0.0000 acc=0.5344 lr=2.00e-04 lambda=0.000 grl_lambda=0.000 v18_lambda=0.000 gpu=3.0/11.8GB
[20:39:26] [ep_summary] ep=02/100 val_live=0.7160/0.6606 val_ema=0.0000/0.0000 test77_live=0.1511/0.0537 test77_diag_ema=0.0000/0.0000 v13=0.0000 grl=0.0000 v15=0.0000 v15r=0.0000 v16=0.0000 v17=0.0000 v18=0.0000 das=off[0,0] p=0.00 ep_time=28.3s
[20:39:26] [train] epoch 3/100 steps=40 use_dann=0 das=off f=[0.0,0.0] p=0.00 gpu=3.0/11.8GB
[20:39:26] [train] ep=03 step=001/40 ce=3.7066 sc=2.3083 mi=0.2269 dn=0.0000 v13=0.0000 grl=0.0000 v15=0.0000 v15r=0.0000 v16=0.0000 v17=0.0000 v18=0.0000 acc=0.8125 lr=2.02e-04 lambda=0.000 grl_lambda=0.000 v18_lambda=0.000 gpu=3.0/11.8GB
[20:39:32] [train] ep=03 step=010/40 ce=3.6375 sc=1.9581 mi=0.2194 dn=0.0000 v13=0.0000 grl=0.0000 v15=0.0000 v15r=0.0000 v16=0.0000 v17=0.0000 v18=0.0000 acc=0.7875 lr=2.25e-04 lambda=0.000 grl_lambda=0.000 v18_lambda=0.000 gpu=3.0/11.8GB
[20:39:37] [train] ep=03 step=020/40 ce=3.1159 sc=1.7717 mi=0.2134 dn=0.0000 v13=0.0000 grl=0.0000 v15=0.0000 v15r=0.0000 v16=0.0000 v17=0.0000 v18=0.0000 acc=0.8250 lr=2.50e-04 lambda=0.000 grl_lambda=0.000 v18_lambda=0.000 gpu=3.0/11.8GB
[20:39:43] [train] ep=03 step=030/40 ce=2.9782 sc=1.7413 mi=0.2048 dn=0.0000 v13=0.0000 grl=0.0000 v15=0.0000 v15r=0.0000 v16=0.0000 v17=0.0000 v18=0.0000 acc=0.8313 lr=2.75e-04 lambda=0.000 grl_lambda=0.000 v18_lambda=0.000 gpu=3.0/11.8GB
[20:39:49] [train] ep=03 step=040/40 ce=2.6807 sc=1.6883 mi=0.1970 dn=0.0000 v13=0.0000 grl=0.0000 v15=0.0000 v15r=0.0000 v16=0.0000 v17=0.0000 v18=0.0000 acc=0.8531 lr=3.00e-04 lambda=0.000 grl_lambda=0.000 v18_lambda=0.000 gpu=3.0/11.8GB
[20:39:54] [ep_summary] ep=03/100 val_live=0.8272/0.8325 val_ema=0.0000/0.0000 test77_live=0.1403/0.0352 test77_diag_ema=0.0000/0.0000 v13=0.0000 grl=0.0000 v15=0.0000 v15r=0.0000 v16=0.0000 v17=0.0000 v18=0.0000 das=off[0,0] p=0.00 ep_time=28.4s
[20:39:54] [train] epoch 4/100 steps=40 use_dann=0 das=off f=[0.0,0.0] p=0.00 gpu=3.0/11.8GB
[20:39:55] [train] ep=04 step=001/40 ce=2.1273 sc=1.2014 mi=0.1480 dn=0.0000 v13=0.0000 grl=0.0000 v15=0.0000 v15r=0.0000 v16=0.0000 v17=0.0000 v18=0.0000 acc=0.8750 lr=3.00e-04 lambda=0.000 grl_lambda=0.000 v18_lambda=0.000 gpu=3.0/11.8GB
[20:40:00] [train] ep=04 step=010/40 ce=2.4150 sc=1.5287 mi=0.1486 dn=0.0000 v13=0.0000 grl=0.0000 v15=0.0000 v15r=0.0000 v16=0.0000 v17=0.0000 v18=0.0000 acc=0.8500 lr=3.00e-04 lambda=0.000 grl_lambda=0.000 v18_lambda=0.000 gpu=3.0/11.8GB
[20:40:06] [train] ep=04 step=020/40 ce=2.1101 sc=1.4324 mi=0.1356 dn=0.0000 v13=0.0000 grl=0.0000 v15=0.0000 v15r=0.0000 v16=0.0000 v17=0.0000 v18=0.0000 acc=0.8812 lr=3.00e-04 lambda=0.000 grl_lambda=0.000 v18_lambda=0.000 gpu=3.0/11.8GB
[20:40:11] [train] ep=04 step=030/40 ce=1.9006 sc=1.3938 mi=0.1246 dn=0.0000 v13=0.0000 grl=0.0000 v15=0.0000 v15r=0.0000 v16=0.0000 v17=0.0000 v18=0.0000 acc=0.8979 lr=3.00e-04 lambda=0.000 grl_lambda=0.000 v18_lambda=0.000 gpu=3.0/11.8GB
[20:40:17] [train] ep=04 step=040/40 ce=1.8181 sc=1.3420 mi=0.1174 dn=0.0000 v13=0.0000 grl=0.0000 v15=0.0000 v15r=0.0000 v16=0.0000 v17=0.0000 v18=0.0000 acc=0.9047 lr=3.00e-04 lambda=0.000 grl_lambda=0.000 v18_lambda=0.000 gpu=3.0/11.8GB
[20:40:23] [ep_summary] ep=04/100 val_live=0.8765/0.8781 val_ema=0.0000/0.0000 test77_live=0.1619/0.0712 test77_diag_ema=0.0000/0.0000 v13=0.0000 grl=0.0000 v15=0.0000 v15r=0.0000 v16=0.0000 v17=0.0000 v18=0.0000 das=off[0,0] p=0.00 ep_time=28.4s
[20:40:23] [train] epoch 5/100 steps=40 use_dann=0 das=off f=[0.0,0.0] p=0.00 gpu=3.0/11.8GB
[20:40:23] [train] ep=05 step=001/40 ce=2.6922 sc=1.5572 mi=0.0990 dn=0.0000 v13=0.0000 grl=0.0000 v15=0.0000 v15r=0.0000 v16=0.0000 v17=0.0000 v18=0.0000 acc=0.8125 lr=3.00e-04 lambda=0.000 grl_lambda=0.000 v18_lambda=0.000 gpu=3.0/11.8GB
[20:40:28] [train] ep=05 step=010/40 ce=1.3750 sc=1.2382 mi=0.0888 dn=0.0000 v13=0.0000 grl=0.0000 v15=0.0000 v15r=0.0000 v16=0.0000 v17=0.0000 v18=0.0000 acc=0.9250 lr=3.00e-04 lambda=0.000 grl_lambda=0.000 v18_lambda=0.000 gpu=3.0/11.8GB
[20:40:34] [train] ep=05 step=020/40 ce=1.1749 sc=1.2105 mi=0.0866 dn=0.0000 v13=0.0000 grl=0.0000 v15=0.0000 v15r=0.0000 v16=0.0000 v17=0.0000 v18=0.0000 acc=0.9500 lr=3.00e-04 lambda=0.000 grl_lambda=0.000 v18_lambda=0.000 gpu=3.0/11.8GB
[20:40:40] [train] ep=05 step=030/40 ce=1.0364 sc=1.1559 mi=0.0842 dn=0.0000 v13=0.0000 grl=0.0000 v15=0.0000 v15r=0.0000 v16=0.0000 v17=0.0000 v18=0.0000 acc=0.9604 lr=3.00e-04 lambda=0.000 grl_lambda=0.000 v18_lambda=0.000 gpu=3.0/11.8GB
[20:40:46] [train] ep=05 step=040/40 ce=1.0080 sc=1.1257 mi=0.0827 dn=0.0000 v13=0.0000 grl=0.0000 v15=0.0000 v15r=0.0000 v16=0.0000 v17=0.0000 v18=0.0000 acc=0.9625 lr=3.00e-04 lambda=0.000 grl_lambda=0.000 v18_lambda=0.000 gpu=3.0/11.8GB
[20:40:57] [ep_summary] ep=05/100 val_live=0.9383/0.9397 val_ema=0.2037/0.1152 test77_live=0.1439/0.0422 test77_diag_ema=0.1367/0.0366 v13=0.0000 grl=0.0000 v15=0.0000 v15r=0.0000 v16=0.0000 v17=0.0000 v18=0.0000 das=off[0,0] p=0.00 ep_time=34.1s
[20:40:57] [save] best_sourceval_ema val_acc_ema=0.2037 source_val_live=0.9383/0.9397 source_val_ema=0.2037/0.1152 ep=5
[20:40:57] [train] epoch 6/100 steps=40 use_dann=0 das=off f=[0.0,0.0] p=0.00 gpu=3.0/11.8GB
[20:40:57] [train] ep=06 step=001/40 ce=0.5840 sc=0.7469 mi=0.0756 dn=0.0000 v13=0.0000 grl=0.0000 v15=0.0000 v15r=0.0000 v16=0.0000 v17=0.0000 v18=0.0000 acc=1.0000 lr=3.00e-04 lambda=0.000 grl_lambda=0.000 v18_lambda=0.000 gpu=3.0/11.8GB
[20:41:03] [train] ep=06 step=010/40 ce=0.6347 sc=0.9765 mi=0.0767 dn=0.0000 v13=0.0000 grl=0.0000 v15=0.0000 v15r=0.0000 v16=0.0000 v17=0.0000 v18=0.0000 acc=0.9875 lr=3.00e-04 lambda=0.000 grl_lambda=0.000 v18_lambda=0.000 gpu=3.0/11.8GB
[20:41:08] [train] ep=06 step=020/40 ce=0.7285 sc=0.9449 mi=0.0771 dn=0.0000 v13=0.0000 grl=0.0000 v15=0.0000 v15r=0.0000 v16=0.0000 v17=0.0000 v18=0.0000 acc=0.9812 lr=3.00e-04 lambda=0.000 grl_lambda=0.000 v18_lambda=0.000 gpu=3.0/11.8GB
[20:41:14] [train] ep=06 step=030/40 ce=0.8020 sc=0.9774 mi=0.0765 dn=0.0000 v13=0.0000 grl=0.0000 v15=0.0000 v15r=0.0000 v16=0.0000 v17=0.0000 v18=0.0000 acc=0.9771 lr=2.99e-04 lambda=0.000 grl_lambda=0.000 v18_lambda=0.000 gpu=3.0/11.8GB
[20:41:20] [train] ep=06 step=040/40 ce=0.7342 sc=0.9520 mi=0.0750 dn=0.0000 v13=0.0000 grl=0.0000 v15=0.0000 v15r=0.0000 v16=0.0000 v17=0.0000 v18=0.0000 acc=0.9812 lr=2.99e-04 lambda=0.000 grl_lambda=0.000 v18_lambda=0.000 gpu=3.0/11.8GB
[20:41:31] [ep_summary] ep=06/100 val_live=0.8827/0.8776 val_ema=0.2222/0.1326 test77_live=0.1439/0.0422 test77_diag_ema=0.1403/0.0352 v13=0.0000 grl=0.0000 v15=0.0000 v15r=0.0000 v16=0.0000 v17=0.0000 v18=0.0000 das=off[0,0] p=0.00 ep_time=34.1s
[20:41:31] [save] best_sourceval_ema val_acc_ema=0.2222 source_val_live=0.8827/0.8776 source_val_ema=0.2222/0.1326 ep=6
[20:41:31] [train] epoch 7/100 steps=40 use_dann=0 das=off f=[0.0,0.0] p=0.00 gpu=3.0/11.8GB
[20:41:31] [train] ep=07 step=001/40 ce=0.4006 sc=0.8781 mi=0.0710 dn=0.0000 v13=0.0000 grl=0.0000 v15=0.0000 v15r=0.0000 v16=0.0000 v17=0.0000 v18=0.0000 acc=1.0000 lr=2.99e-04 lambda=0.000 grl_lambda=0.000 v18_lambda=0.000 gpu=3.0/11.8GB
[20:41:37] [train] ep=07 step=010/40 ce=0.5992 sc=0.8653 mi=0.0664 dn=0.0000 v13=0.0000 grl=0.0000 v15=0.0000 v15r=0.0000 v16=0.0000 v17=0.0000 v18=0.0000 acc=0.9938 lr=2.99e-04 lambda=0.000 grl_lambda=0.000 v18_lambda=0.000 gpu=3.0/11.8GB
[20:41:42] [train] ep=07 step=020/40 ce=0.6004 sc=0.9239 mi=0.0653 dn=0.0000 v13=0.0000 grl=0.0000 v15=0.0000 v15r=0.0000 v16=0.0000 v17=0.0000 v18=0.0000 acc=0.9906 lr=2.99e-04 lambda=0.000 grl_lambda=0.000 v18_lambda=0.000 gpu=3.0/11.8GB
[20:41:48] [train] ep=07 step=030/40 ce=0.5808 sc=0.8834 mi=0.0641 dn=0.0000 v13=0.0000 grl=0.0000 v15=0.0000 v15r=0.0000 v16=0.0000 v17=0.0000 v18=0.0000 acc=0.9875 lr=2.99e-04 lambda=0.000 grl_lambda=0.000 v18_lambda=0.000 gpu=3.0/11.8GB
[20:41:54] [train] ep=07 step=040/40 ce=0.5319 sc=0.8649 mi=0.0634 dn=0.0000 v13=0.0000 grl=0.0000 v15=0.0000 v15r=0.0000 v16=0.0000 v17=0.0000 v18=0.0000 acc=0.9906 lr=2.99e-04 lambda=0.000 grl_lambda=0.000 v18_lambda=0.000 gpu=3.0/11.8GB
[20:42:07] [ep_summary] ep=07/100 val_live=0.9444/0.9421 val_ema=0.2407/0.1601 test77_live=0.1835/0.1025 test77_diag_ema=0.1403/0.0352 v13=0.0000 grl=0.0000 v15=0.0000 v15r=0.0000 v16=0.0000 v17=0.0000 v18=0.0000 das=off[0,0] p=0.00 ep_time=36.5s
[20:42:07] [save] best_sourceval_ema val_acc_ema=0.2407 source_val_live=0.9444/0.9421 source_val_ema=0.2407/0.1601 ep=7
[20:42:07] [train] epoch 8/100 steps=40 use_dann=0 das=off f=[0.0,0.0] p=0.00 gpu=3.0/11.8GB
[20:42:08] [train] ep=08 step=001/40 ce=0.5524 sc=0.7595 mi=0.0627 dn=0.0000 v13=0.0000 grl=0.0000 v15=0.0000 v15r=0.0000 v16=0.0000 v17=0.0000 v18=0.0000 acc=1.0000 lr=2.99e-04 lambda=0.000 grl_lambda=0.000 v18_lambda=0.000 gpu=3.0/11.8GB
[20:42:13] [train] ep=08 step=010/40 ce=0.4270 sc=0.8962 mi=0.0607 dn=0.0000 v13=0.0000 grl=0.0000 v15=0.0000 v15r=0.0000 v16=0.0000 v17=0.0000 v18=0.0000 acc=1.0000 lr=2.99e-04 lambda=0.000 grl_lambda=0.000 v18_lambda=0.000 gpu=3.0/11.8GB
[20:42:19] [train] ep=08 step=020/40 ce=0.4966 sc=0.8841 mi=0.0608 dn=0.0000 v13=0.0000 grl=0.0000 v15=0.0000 v15r=0.0000 v16=0.0000 v17=0.0000 v18=0.0000 acc=0.9938 lr=2.98e-04 lambda=0.000 grl_lambda=0.000 v18_lambda=0.000 gpu=3.0/11.8GB
[20:42:25] [train] ep=08 step=030/40 ce=0.4985 sc=0.8824 mi=0.0605 dn=0.0000 v13=0.0000 grl=0.0000 v15=0.0000 v15r=0.0000 v16=0.0000 v17=0.0000 v18=0.0000 acc=0.9938 lr=2.98e-04 lambda=0.000 grl_lambda=0.000 v18_lambda=0.000 gpu=3.0/11.8GB
[20:42:31] [train] ep=08 step=040/40 ce=0.4628 sc=0.8606 mi=0.0601 dn=0.0000 v13=0.0000 grl=0.0000 v15=0.0000 v15r=0.0000 v16=0.0000 v17=0.0000 v18=0.0000 acc=0.9953 lr=2.98e-04 lambda=0.000 grl_lambda=0.000 v18_lambda=0.000 gpu=3.0/11.8GB
[20:42:42] [ep_summary] ep=08/100 val_live=0.9136/0.9153 val_ema=0.2654/0.1817 test77_live=0.1942/0.1112 test77_diag_ema=0.1403/0.0352 v13=0.0000 grl=0.0000 v15=0.0000 v15r=0.0000 v16=0.0000 v17=0.0000 v18=0.0000 das=off[0,0] p=0.00 ep_time=34.3s
[20:42:42] [save] best_sourceval_ema val_acc_ema=0.2654 source_val_live=0.9136/0.9153 source_val_ema=0.2654/0.1817 ep=8
[20:42:42] [train] epoch 9/100 steps=40 use_dann=0 das=off f=[0.0,0.0] p=0.00 gpu=3.0/11.8GB
[20:42:42] [train] ep=09 step=001/40 ce=0.3145 sc=0.9008 mi=0.0524 dn=0.0000 v13=0.0000 grl=0.0000 v15=0.0000 v15r=0.0000 v16=0.0000 v17=0.0000 v18=0.0000 acc=1.0000 lr=2.98e-04 lambda=0.000 grl_lambda=0.000 v18_lambda=0.000 gpu=3.0/11.8GB
[20:42:48] [train] ep=09 step=010/40 ce=0.3805 sc=0.7891 mi=0.0537 dn=0.0000 v13=0.0000 grl=0.0000 v15=0.0000 v15r=0.0000 v16=0.0000 v17=0.0000 v18=0.0000 acc=0.9938 lr=2.98e-04 lambda=0.000 grl_lambda=0.000 v18_lambda=0.000 gpu=3.0/11.8GB
[20:42:53] [train] ep=09 step=020/40 ce=0.3628 sc=0.7380 mi=0.0539 dn=0.0000 v13=0.0000 grl=0.0000 v15=0.0000 v15r=0.0000 v16=0.0000 v17=0.0000 v18=0.0000 acc=0.9969 lr=2.98e-04 lambda=0.000 grl_lambda=0.000 v18_lambda=0.000 gpu=3.0/11.8GB
[20:42:59] [train] ep=09 step=030/40 ce=0.3510 sc=0.7533 mi=0.0548 dn=0.0000 v13=0.0000 grl=0.0000 v15=0.0000 v15r=0.0000 v16=0.0000 v17=0.0000 v18=0.0000 acc=0.9979 lr=2.97e-04 lambda=0.000 grl_lambda=0.000 v18_lambda=0.000 gpu=3.0/11.8GB
[20:43:05] [train] ep=09 step=040/40 ce=0.3417 sc=0.7675 mi=0.0542 dn=0.0000 v13=0.0000 grl=0.0000 v15=0.0000 v15r=0.0000 v16=0.0000 v17=0.0000 v18=0.0000 acc=0.9984 lr=2.97e-04 lambda=0.000 grl_lambda=0.000 v18_lambda=0.000 gpu=3.0/11.8GB
[20:43:17] [ep_summary] ep=09/100 val_live=0.9444/0.9439 val_ema=0.2840/0.1991 test77_live=0.1942/0.1123 test77_diag_ema=0.1403/0.0352 v13=0.0000 grl=0.0000 v15=0.0000 v15r=0.0000 v16=0.0000 v17=0.0000 v18=0.0000 das=off[0,0] p=0.00 ep_time=35.7s
[20:43:18] [save] best_sourceval_ema val_acc_ema=0.2840 source_val_live=0.9444/0.9439 source_val_ema=0.2840/0.1991 ep=9
[20:43:18] [train] epoch 10/100 steps=40 use_dann=0 das=off f=[0.0,0.0] p=0.00 gpu=3.0/11.8GB
[20:43:18] [train] ep=10 step=001/40 ce=0.3406 sc=0.6411 mi=0.0517 dn=0.0000 v13=0.0000 grl=0.0000 v15=0.0000 v15r=0.0000 v16=0.0000 v17=0.0000 v18=0.0000 acc=1.0000 lr=2.97e-04 lambda=0.000 grl_lambda=0.000 v18_lambda=0.000 gpu=3.0/11.8GB
[20:43:23] [train] ep=10 step=010/40 ce=0.3385 sc=0.7713 mi=0.0513 dn=0.0000 v13=0.0000 grl=0.0000 v15=0.0000 v15r=0.0000 v16=0.0000 v17=0.0000 v18=0.0000 acc=1.0000 lr=2.97e-04 lambda=0.000 grl_lambda=0.000 v18_lambda=0.000 gpu=3.0/11.8GB
[20:43:29] [train] ep=10 step=020/40 ce=0.3271 sc=0.7867 mi=0.0514 dn=0.0000 v13=0.0000 grl=0.0000 v15=0.0000 v15r=0.0000 v16=0.0000 v17=0.0000 v18=0.0000 acc=1.0000 lr=2.97e-04 lambda=0.000 grl_lambda=0.000 v18_lambda=0.000 gpu=3.0/11.8GB
[20:43:35] [train] ep=10 step=030/40 ce=0.3173 sc=0.7798 mi=0.0519 dn=0.0000 v13=0.0000 grl=0.0000 v15=0.0000 v15r=0.0000 v16=0.0000 v17=0.0000 v18=0.0000 acc=1.0000 lr=2.96e-04 lambda=0.000 grl_lambda=0.000 v18_lambda=0.000 gpu=3.0/11.8GB
[20:43:41] [train] ep=10 step=040/40 ce=0.3104 sc=0.7842 mi=0.0515 dn=0.0000 v13=0.0000 grl=0.0000 v15=0.0000 v15r=0.0000 v16=0.0000 v17=0.0000 v18=0.0000 acc=1.0000 lr=2.96e-04 lambda=0.000 grl_lambda=0.000 v18_lambda=0.000 gpu=3.0/11.8GB
[20:43:52] [pool] check ep=010/100 source_val_acc_ema=0.3086 threshold=0.90
[20:43:52] [pool] ep=010 SKIP (source_val_acc_ema=0.3086 < 0.90)
[20:43:52] [ep_summary] ep=10/100 val_live=0.9568/0.9567 val_ema=0.3086/0.2231 test77_live=0.2050/0.1195 test77_diag_ema=0.1403/0.0352 v13=0.0000 grl=0.0000 v15=0.0000 v15r=0.0000 v16=0.0000 v17=0.0000 v18=0.0000 das=off[0,0] p=0.00 ep_time=34.7s
[20:43:52] [save] best_sourceval_ema val_acc_ema=0.3086 source_val_live=0.9568/0.9567 source_val_ema=0.3086/0.2231 ep=10
[20:43:52] [strict77_monitor] ep=10 best_source_epoch=10 source_val_ema=0.3086/0.2231 test77_ema_diag=0.1403/0.0352 sourcequalified_count=0
[20:43:52] [train] epoch 11/100 steps=40 use_dann=0 das=off f=[0.0,0.0] p=0.00 gpu=3.0/11.8GB
[20:43:53] [train] ep=11 step=001/40 ce=0.2894 sc=0.7467 mi=0.0481 dn=0.0000 v13=0.0000 grl=0.0000 v15=0.0000 v15r=0.0000 v16=0.0000 v17=0.0000 v18=0.0000 acc=1.0000 lr=2.96e-04 lambda=0.000 grl_lambda=0.000 v18_lambda=0.000 gpu=3.0/11.8GB
[20:43:58] [train] ep=11 step=010/40 ce=0.2842 sc=0.8228 mi=0.0504 dn=0.0000 v13=0.0000 grl=0.0000 v15=0.0000 v15r=0.0000 v16=0.0000 v17=0.0000 v18=0.0000 acc=1.0000 lr=2.96e-04 lambda=0.000 grl_lambda=0.000 v18_lambda=0.000 gpu=3.0/11.8GB
[20:44:04] [train] ep=11 step=020/40 ce=0.2925 sc=0.7872 mi=0.0485 dn=0.0000 v13=0.0000 grl=0.0000 v15=0.0000 v15r=0.0000 v16=0.0000 v17=0.0000 v18=0.0000 acc=1.0000 lr=2.96e-04 lambda=0.000 grl_lambda=0.000 v18_lambda=0.000 gpu=3.0/11.8GB
[20:44:10] [train] ep=11 step=030/40 ce=0.2915 sc=0.7809 mi=0.0483 dn=0.0000 v13=0.0000 grl=0.0000 v15=0.0000 v15r=0.0000 v16=0.0000 v17=0.0000 v18=0.0000 acc=1.0000 lr=2.95e-04 lambda=0.000 grl_lambda=0.000 v18_lambda=0.000 gpu=3.0/11.8GB
[20:44:16] [train] ep=11 step=040/40 ce=0.2896 sc=0.8065 mi=0.0480 dn=0.0000 v13=0.0000 grl=0.0000 v15=0.0000 v15r=0.0000 v16=0.0000 v17=0.0000 v18=0.0000 acc=1.0000 lr=2.95e-04 lambda=0.000 grl_lambda=0.000 v18_lambda=0.000 gpu=3.0/11.8GB
[20:44:27] [ep_summary] ep=11/100 val_live=0.9568/0.9567 val_ema=0.3148/0.2394 test77_live=0.2410/0.1402 test77_diag_ema=0.1403/0.0352 v13=0.0000 grl=0.0000 v15=0.0000 v15r=0.0000 v16=0.0000 v17=0.0000 v18=0.0000 das=off[0,0] p=0.00 ep_time=35.0s
[20:44:27] [save] best_sourceval_ema val_acc_ema=0.3148 source_val_live=0.9568/0.9567 source_val_ema=0.3148/0.2394 ep=11
[20:44:27] [train] epoch 12/100 steps=40 use_dann=0 das=off f=[0.0,0.0] p=0.00 gpu=3.0/11.8GB
[20:44:28] [train] ep=12 step=001/40 ce=0.2846 sc=0.7731 mi=0.0468 dn=0.0000 v13=0.0000 grl=0.0000 v15=0.0000 v15r=0.0000 v16=0.0000 v17=0.0000 v18=0.0000 acc=1.0000 lr=2.95e-04 lambda=0.000 grl_lambda=0.000 v18_lambda=0.000 gpu=3.0/11.8GB
[20:44:33] [train] ep=12 step=010/40 ce=0.2814 sc=0.7257 mi=0.0468 dn=0.0000 v13=0.0000 grl=0.0000 v15=0.0000 v15r=0.0000 v16=0.0000 v17=0.0000 v18=0.0000 acc=1.0000 lr=2.95e-04 lambda=0.000 grl_lambda=0.000 v18_lambda=0.000 gpu=3.0/11.8GB
[20:44:39] [train] ep=12 step=020/40 ce=0.2801 sc=0.7249 mi=0.0463 dn=0.0000 v13=0.0000 grl=0.0000 v15=0.0000 v15r=0.0000 v16=0.0000 v17=0.0000 v18=0.0000 acc=1.0000 lr=2.94e-04 lambda=0.000 grl_lambda=0.000 v18_lambda=0.000 gpu=3.0/11.8GB
[20:44:45] [train] ep=12 step=030/40 ce=0.2796 sc=0.7012 mi=0.0461 dn=0.0000 v13=0.0000 grl=0.0000 v15=0.0000 v15r=0.0000 v16=0.0000 v17=0.0000 v18=0.0000 acc=1.0000 lr=2.94e-04 lambda=0.000 grl_lambda=0.000 v18_lambda=0.000 gpu=3.0/11.8GB
[20:44:51] [train] ep=12 step=040/40 ce=0.2795 sc=0.7143 mi=0.0454 dn=0.0000 v13=0.0000 grl=0.0000 v15=0.0000 v15r=0.0000 v16=0.0000 v17=0.0000 v18=0.0000 acc=1.0000 lr=2.94e-04 lambda=0.000 grl_lambda=0.000 v18_lambda=0.000 gpu=3.0/11.8GB
[20:45:02] [ep_summary] ep=12/100 val_live=0.9630/0.9639 val_ema=0.3580/0.2866 test77_live=0.2554/0.1363 test77_diag_ema=0.1403/0.0352 v13=0.0000 grl=0.0000 v15=0.0000 v15r=0.0000 v16=0.0000 v17=0.0000 v18=0.0000 das=off[0,0] p=0.00 ep_time=34.5s
[20:45:02] [save] best_sourceval_ema val_acc_ema=0.3580 source_val_live=0.9630/0.9639 source_val_ema=0.3580/0.2866 ep=12
[20:45:02] [train] epoch 13/100 steps=40 use_dann=0 das=off f=[0.0,0.0] p=0.00 gpu=3.0/11.8GB
[20:45:03] [train] ep=13 step=001/40 ce=0.2763 sc=0.6625 mi=0.0475 dn=0.0000 v13=0.0000 grl=0.0000 v15=0.0000 v15r=0.0000 v16=0.0000 v17=0.0000 v18=0.0000 acc=1.0000 lr=2.94e-04 lambda=0.000 grl_lambda=0.000 v18_lambda=0.000 gpu=3.0/11.8GB
[20:45:08] [train] ep=13 step=010/40 ce=0.2783 sc=0.6949 mi=0.0468 dn=0.0000 v13=0.0000 grl=0.0000 v15=0.0000 v15r=0.0000 v16=0.0000 v17=0.0000 v18=0.0000 acc=1.0000 lr=2.93e-04 lambda=0.000 grl_lambda=0.000 v18_lambda=0.000 gpu=3.0/11.8GB
[20:45:14] [train] ep=13 step=020/40 ce=0.2762 sc=0.7089 mi=0.0460 dn=0.0000 v13=0.0000 grl=0.0000 v15=0.0000 v15r=0.0000 v16=0.0000 v17=0.0000 v18=0.0000 acc=1.0000 lr=2.93e-04 lambda=0.000 grl_lambda=0.000 v18_lambda=0.000 gpu=3.0/11.8GB
[20:45:20] [train] ep=13 step=030/40 ce=0.2750 sc=0.7110 mi=0.0455 dn=0.0000 v13=0.0000 grl=0.0000 v15=0.0000 v15r=0.0000 v16=0.0000 v17=0.0000 v18=0.0000 acc=1.0000 lr=2.93e-04 lambda=0.000 grl_lambda=0.000 v18_lambda=0.000 gpu=3.0/11.8GB
[20:45:25] [train] ep=13 step=040/40 ce=0.2743 sc=0.7178 mi=0.0453 dn=0.0000 v13=0.0000 grl=0.0000 v15=0.0000 v15r=0.0000 v16=0.0000 v17=0.0000 v18=0.0000 acc=1.0000 lr=2.92e-04 lambda=0.000 grl_lambda=0.000 v18_lambda=0.000 gpu=3.0/11.8GB
[20:45:36] [ep_summary] ep=13/100 val_live=0.9753/0.9757 val_ema=0.4012/0.3502 test77_live=0.2518/0.1441 test77_diag_ema=0.1403/0.0352 v13=0.0000 grl=0.0000 v15=0.0000 v15r=0.0000 v16=0.0000 v17=0.0000 v18=0.0000 das=off[0,0] p=0.00 ep_time=34.3s
[20:45:36] [save] best_sourceval_ema val_acc_ema=0.4012 source_val_live=0.9753/0.9757 source_val_ema=0.4012/0.3502 ep=13
[20:45:36] [train] epoch 14/100 steps=40 use_dann=0 das=off f=[0.0,0.0] p=0.00 gpu=3.0/11.8GB
[20:45:37] [train] ep=14 step=001/40 ce=0.2692 sc=0.5365 mi=0.0391 dn=0.0000 v13=0.0000 grl=0.0000 v15=0.0000 v15r=0.0000 v16=0.0000 v17=0.0000 v18=0.0000 acc=1.0000 lr=2.92e-04 lambda=0.000 grl_lambda=0.000 v18_lambda=0.000 gpu=3.0/11.8GB
[20:45:42] [train] ep=14 step=010/40 ce=0.2715 sc=0.7211 mi=0.0448 dn=0.0000 v13=0.0000 grl=0.0000 v15=0.0000 v15r=0.0000 v16=0.0000 v17=0.0000 v18=0.0000 acc=1.0000 lr=2.92e-04 lambda=0.000 grl_lambda=0.000 v18_lambda=0.000 gpu=3.0/11.8GB
[20:45:48] [train] ep=14 step=020/40 ce=0.2716 sc=0.7784 mi=0.0429 dn=0.0000 v13=0.0000 grl=0.0000 v15=0.0000 v15r=0.0000 v16=0.0000 v17=0.0000 v18=0.0000 acc=1.0000 lr=2.91e-04 lambda=0.000 grl_lambda=0.000 v18_lambda=0.000 gpu=3.0/11.8GB
[20:45:54] [train] ep=14 step=030/40 ce=0.2706 sc=0.7626 mi=0.0434 dn=0.0000 v13=0.0000 grl=0.0000 v15=0.0000 v15r=0.0000 v16=0.0000 v17=0.0000 v18=0.0000 acc=1.0000 lr=2.91e-04 lambda=0.000 grl_lambda=0.000 v18_lambda=0.000 gpu=3.0/11.8GB
[20:46:00] [train] ep=14 step=040/40 ce=0.2702 sc=0.7623 mi=0.0429 dn=0.0000 v13=0.0000 grl=0.0000 v15=0.0000 v15r=0.0000 v16=0.0000 v17=0.0000 v18=0.0000 acc=1.0000 lr=2.91e-04 lambda=0.000 grl_lambda=0.000 v18_lambda=0.000 gpu=3.0/11.8GB
[20:46:43] [ep_summary] ep=14/100 val_live=0.9753/0.9761 val_ema=0.4383/0.3935 test77_live=0.2518/0.1366 test77_diag_ema=0.1403/0.0352 v13=0.0000 grl=0.0000 v15=0.0000 v15r=0.0000 v16=0.0000 v17=0.0000 v18=0.0000 das=off[0,0] p=0.00 ep_time=67.2s
[20:46:44] [save] best_sourceval_ema val_acc_ema=0.4383 source_val_live=0.9753/0.9761 source_val_ema=0.4383/0.3935 ep=14
[20:46:44] [train] epoch 15/100 steps=40 use_dann=0 das=off f=[0.0,0.0] p=0.00 gpu=3.0/11.8GB
[20:46:44] [train] ep=15 step=001/40 ce=0.2643 sc=0.4519 mi=0.0413 dn=0.0000 v13=0.0000 grl=0.0000 v15=0.0000 v15r=0.0000 v16=0.0000 v17=0.0000 v18=0.0000 acc=1.0000 lr=2.91e-04 lambda=0.000 grl_lambda=0.000 v18_lambda=0.000 gpu=3.0/11.8GB
[20:46:50] [train] ep=15 step=010/40 ce=0.2687 sc=0.7375 mi=0.0412 dn=0.0000 v13=0.0000 grl=0.0000 v15=0.0000 v15r=0.0000 v16=0.0000 v17=0.0000 v18=0.0000 acc=1.0000 lr=2.90e-04 lambda=0.000 grl_lambda=0.000 v18_lambda=0.000 gpu=3.0/11.8GB
[20:46:55] [train] ep=15 step=020/40 ce=0.2699 sc=0.7424 mi=0.0406 dn=0.0000 v13=0.0000 grl=0.0000 v15=0.0000 v15r=0.0000 v16=0.0000 v17=0.0000 v18=0.0000 acc=1.0000 lr=2.90e-04 lambda=0.000 grl_lambda=0.000 v18_lambda=0.000 gpu=3.0/11.8GB
[20:47:01] [train] ep=15 step=030/40 ce=0.2696 sc=0.7230 mi=0.0405 dn=0.0000 v13=0.0000 grl=0.0000 v15=0.0000 v15r=0.0000 v16=0.0000 v17=0.0000 v18=0.0000 acc=1.0000 lr=2.89e-04 lambda=0.000 grl_lambda=0.000 v18_lambda=0.000 gpu=3.0/11.8GB
[20:47:07] [train] ep=15 step=040/40 ce=0.2691 sc=0.7541 mi=0.0402 dn=0.0000 v13=0.0000 grl=0.0000 v15=0.0000 v15r=0.0000 v16=0.0000 v17=0.0000 v18=0.0000 acc=1.0000 lr=2.89e-04 lambda=0.000 grl_lambda=0.000 v18_lambda=0.000 gpu=3.0/11.8GB
[20:47:34] [ep_summary] ep=15/100 val_live=0.9753/0.9761 val_ema=0.4568/0.4229 test77_live=0.2518/0.1366 test77_diag_ema=0.1403/0.0352 v13=0.0000 grl=0.0000 v15=0.0000 v15r=0.0000 v16=0.0000 v17=0.0000 v18=0.0000 das=off[0,0] p=0.00 ep_time=50.6s
[20:47:34] [save] best_sourceval_ema val_acc_ema=0.4568 source_val_live=0.9753/0.9761 source_val_ema=0.4568/0.4229 ep=15
[20:47:34] [train] epoch 16/100 steps=40 use_dann=0 das=off f=[0.0,0.0] p=0.00 gpu=3.0/11.8GB
[20:47:35] [train] ep=16 step=001/40 ce=0.2675 sc=1.4331 mi=0.0403 dn=0.0000 v13=0.0000 grl=0.0000 v15=0.0000 v15r=0.0000 v16=0.0000 v17=0.0000 v18=0.0000 acc=1.0000 lr=2.89e-04 lambda=0.000 grl_lambda=0.000 v18_lambda=0.000 gpu=3.0/11.8GB
[20:47:40] [train] ep=16 step=010/40 ce=0.2672 sc=0.7482 mi=0.0416 dn=0.0000 v13=0.0000 grl=0.0000 v15=0.0000 v15r=0.0000 v16=0.0000 v17=0.0000 v18=0.0000 acc=1.0000 lr=2.88e-04 lambda=0.000 grl_lambda=0.000 v18_lambda=0.000 gpu=3.0/11.8GB
[20:47:46] [train] ep=16 step=020/40 ce=0.2667 sc=0.7358 mi=0.0409 dn=0.0000 v13=0.0000 grl=0.0000 v15=0.0000 v15r=0.0000 v16=0.0000 v17=0.0000 v18=0.0000 acc=1.0000 lr=2.88e-04 lambda=0.000 grl_lambda=0.000 v18_lambda=0.000 gpu=3.0/11.8GB
[20:47:52] [train] ep=16 step=030/40 ce=0.2670 sc=0.7290 mi=0.0408 dn=0.0000 v13=0.0000 grl=0.0000 v15=0.0000 v15r=0.0000 v16=0.0000 v17=0.0000 v18=0.0000 acc=1.0000 lr=2.87e-04 lambda=0.000 grl_lambda=0.000 v18_lambda=0.000 gpu=3.0/11.8GB
[20:47:58] [train] ep=16 step=040/40 ce=0.2670 sc=0.7622 mi=0.0401 dn=0.0000 v13=0.0000 grl=0.0000 v15=0.0000 v15r=0.0000 v16=0.0000 v17=0.0000 v18=0.0000 acc=1.0000 lr=2.87e-04 lambda=0.000 grl_lambda=0.000 v18_lambda=0.000 gpu=3.0/11.8GB
[20:48:09] [ep_summary] ep=16/100 val_live=0.9815/0.9816 val_ema=0.5309/0.5103 test77_live=0.2590/0.1361 test77_diag_ema=0.1403/0.0352 v13=0.0000 grl=0.0000 v15=0.0000 v15r=0.0000 v16=0.0000 v17=0.0000 v18=0.0000 das=off[0,0] p=0.00 ep_time=34.8s
[20:48:09] [save] best_sourceval_ema val_acc_ema=0.5309 source_val_live=0.9815/0.9816 source_val_ema=0.5309/0.5103 ep=16
[20:48:09] [train] epoch 17/100 steps=40 use_dann=0 das=off f=[0.0,0.0] p=0.00 gpu=3.0/11.8GB
[20:48:10] [train] ep=17 step=001/40 ce=0.2623 sc=0.8484 mi=0.0459 dn=0.0000 v13=0.0000 grl=0.0000 v15=0.0000 v15r=0.0000 v16=0.0000 v17=0.0000 v18=0.0000 acc=1.0000 lr=2.87e-04 lambda=0.000 grl_lambda=0.000 v18_lambda=0.000 gpu=3.0/11.8GB
[20:48:15] [train] ep=17 step=010/40 ce=0.2663 sc=0.8701 mi=0.0412 dn=0.0000 v13=0.0000 grl=0.0000 v15=0.0000 v15r=0.0000 v16=0.0000 v17=0.0000 v18=0.0000 acc=1.0000 lr=2.86e-04 lambda=0.000 grl_lambda=0.000 v18_lambda=0.000 gpu=3.0/11.8GB
[20:48:21] [train] ep=17 step=020/40 ce=0.2663 sc=0.8576 mi=0.0401 dn=0.0000 v13=0.0000 grl=0.0000 v15=0.0000 v15r=0.0000 v16=0.0000 v17=0.0000 v18=0.0000 acc=1.0000 lr=2.86e-04 lambda=0.000 grl_lambda=0.000 v18_lambda=0.000 gpu=3.0/11.8GB
[20:48:27] [train] ep=17 step=030/40 ce=0.2660 sc=0.8045 mi=0.0402 dn=0.0000 v13=0.0000 grl=0.0000 v15=0.0000 v15r=0.0000 v16=0.0000 v17=0.0000 v18=0.0000 acc=1.0000 lr=2.85e-04 lambda=0.000 grl_lambda=0.000 v18_lambda=0.000 gpu=3.0/11.8GB
[20:48:33] [train] ep=17 step=040/40 ce=0.2658 sc=0.7796 mi=0.0400 dn=0.0000 v13=0.0000 grl=0.0000 v15=0.0000 v15r=0.0000 v16=0.0000 v17=0.0000 v18=0.0000 acc=1.0000 lr=2.85e-04 lambda=0.000 grl_lambda=0.000 v18_lambda=0.000 gpu=3.0/11.8GB
[20:48:43] [ep_summary] ep=17/100 val_live=0.9753/0.9759 val_ema=0.5432/0.5196 test77_live=0.2590/0.1347 test77_diag_ema=0.1403/0.0352 v13=0.0000 grl=0.0000 v15=0.0000 v15r=0.0000 v16=0.0000 v17=0.0000 v18=0.0000 das=off[0,0] p=0.00 ep_time=34.3s
[20:48:43] [save] best_sourceval_ema val_acc_ema=0.5432 source_val_live=0.9753/0.9759 source_val_ema=0.5432/0.5196 ep=17
[20:48:43] [train] epoch 18/100 steps=40 use_dann=0 das=off f=[0.0,0.0] p=0.00 gpu=3.0/11.8GB
[20:48:44] [train] ep=18 step=001/40 ce=0.2631 sc=0.7437 mi=0.0354 dn=0.0000 v13=0.0000 grl=0.0000 v15=0.0000 v15r=0.0000 v16=0.0000 v17=0.0000 v18=0.0000 acc=1.0000 lr=2.85e-04 lambda=0.000 grl_lambda=0.000 v18_lambda=0.000 gpu=3.0/11.8GB
[20:48:49] [train] ep=18 step=010/40 ce=0.2649 sc=0.7843 mi=0.0365 dn=0.0000 v13=0.0000 grl=0.0000 v15=0.0000 v15r=0.0000 v16=0.0000 v17=0.0000 v18=0.0000 acc=1.0000 lr=2.84e-04 lambda=0.000 grl_lambda=0.000 v18_lambda=0.000 gpu=3.0/11.8GB
[20:48:55] [train] ep=18 step=020/40 ce=0.2658 sc=0.7830 mi=0.0370 dn=0.0000 v13=0.0000 grl=0.0000 v15=0.0000 v15r=0.0000 v16=0.0000 v17=0.0000 v18=0.0000 acc=1.0000 lr=2.84e-04 lambda=0.000 grl_lambda=0.000 v18_lambda=0.000 gpu=3.0/11.8GB
[20:49:01] [train] ep=18 step=030/40 ce=0.2657 sc=0.7806 mi=0.0376 dn=0.0000 v13=0.0000 grl=0.0000 v15=0.0000 v15r=0.0000 v16=0.0000 v17=0.0000 v18=0.0000 acc=1.0000 lr=2.83e-04 lambda=0.000 grl_lambda=0.000 v18_lambda=0.000 gpu=3.0/11.8GB
[20:49:07] [train] ep=18 step=040/40 ce=0.2653 sc=0.7699 mi=0.0369 dn=0.0000 v13=0.0000 grl=0.0000 v15=0.0000 v15r=0.0000 v16=0.0000 v17=0.0000 v18=0.0000 acc=1.0000 lr=2.83e-04 lambda=0.000 grl_lambda=0.000 v18_lambda=0.000 gpu=3.0/11.8GB
[20:49:18] [ep_summary] ep=18/100 val_live=0.9753/0.9759 val_ema=0.5617/0.5312 test77_live=0.2590/0.1347 test77_diag_ema=0.1403/0.0352 v13=0.0000 grl=0.0000 v15=0.0000 v15r=0.0000 v16=0.0000 v17=0.0000 v18=0.0000 das=off[0,0] p=0.00 ep_time=34.2s
[20:49:18] [save] best_sourceval_ema val_acc_ema=0.5617 source_val_live=0.9753/0.9759 source_val_ema=0.5617/0.5312 ep=18
[20:49:18] [train] epoch 19/100 steps=40 use_dann=0 das=off f=[0.0,0.0] p=0.00 gpu=3.0/11.8GB
[20:49:18] [train] ep=19 step=001/40 ce=0.2624 sc=0.6487 mi=0.0338 dn=0.0000 v13=0.0000 grl=0.0000 v15=0.0000 v15r=0.0000 v16=0.0000 v17=0.0000 v18=0.0000 acc=1.0000 lr=2.83e-04 lambda=0.000 grl_lambda=0.000 v18_lambda=0.000 gpu=3.0/11.8GB
[20:49:24] [train] ep=19 step=010/40 ce=0.2641 sc=0.8397 mi=0.0371 dn=0.0000 v13=0.0000 grl=0.0000 v15=0.0000 v15r=0.0000 v16=0.0000 v17=0.0000 v18=0.0000 acc=1.0000 lr=2.82e-04 lambda=0.000 grl_lambda=0.000 v18_lambda=0.000 gpu=3.0/11.8GB
[20:49:29] [train] ep=19 step=020/40 ce=0.2639 sc=0.7425 mi=0.0374 dn=0.0000 v13=0.0000 grl=0.0000 v15=0.0000 v15r=0.0000 v16=0.0000 v17=0.0000 v18=0.0000 acc=1.0000 lr=2.82e-04 lambda=0.000 grl_lambda=0.000 v18_lambda=0.000 gpu=3.0/11.8GB
[20:49:35] [train] ep=19 step=030/40 ce=0.2637 sc=0.7640 mi=0.0367 dn=0.0000 v13=0.0000 grl=0.0000 v15=0.0000 v15r=0.0000 v16=0.0000 v17=0.0000 v18=0.0000 acc=1.0000 lr=2.81e-04 lambda=0.000 grl_lambda=0.000 v18_lambda=0.000 gpu=3.0/11.8GB
[20:49:41] [train] ep=19 step=040/40 ce=0.2636 sc=0.7688 mi=0.0365 dn=0.0000 v13=0.0000 grl=0.0000 v15=0.0000 v15r=0.0000 v16=0.0000 v17=0.0000 v18=0.0000 acc=1.0000 lr=2.80e-04 lambda=0.000 grl_lambda=0.000 v18_lambda=0.000 gpu=3.0/11.8GB
[20:49:52] [ep_summary] ep=19/100 val_live=0.9815/0.9817 val_ema=0.5741/0.5456 test77_live=0.2590/0.1333 test77_diag_ema=0.1403/0.0352 v13=0.0000 grl=0.0000 v15=0.0000 v15r=0.0000 v16=0.0000 v17=0.0000 v18=0.0000 das=off[0,0] p=0.00 ep_time=34.2s
[20:49:52] [save] best_sourceval_ema val_acc_ema=0.5741 source_val_live=0.9815/0.9817 source_val_ema=0.5741/0.5456 ep=19
[20:49:52] [train] epoch 20/100 steps=40 use_dann=0 das=off f=[0.0,0.0] p=0.00 gpu=3.0/11.8GB
[20:49:52] [train] ep=20 step=001/40 ce=0.2599 sc=0.7197 mi=0.0348 dn=0.0000 v13=0.0000 grl=0.0000 v15=0.0000 v15r=0.0000 v16=0.0000 v17=0.0000 v18=0.0000 acc=1.0000 lr=2.80e-04 lambda=0.000 grl_lambda=0.000 v18_lambda=0.000 gpu=3.0/11.8GB
[20:49:58] [train] ep=20 step=010/40 ce=0.2627 sc=0.7053 mi=0.0367 dn=0.0000 v13=0.0000 grl=0.0000 v15=0.0000 v15r=0.0000 v16=0.0000 v17=0.0000 v18=0.0000 acc=1.0000 lr=2.80e-04 lambda=0.000 grl_lambda=0.000 v18_lambda=0.000 gpu=3.0/11.8GB
[20:50:04] [train] ep=20 step=020/40 ce=0.2631 sc=0.7491 mi=0.0360 dn=0.0000 v13=0.0000 grl=0.0000 v15=0.0000 v15r=0.0000 v16=0.0000 v17=0.0000 v18=0.0000 acc=1.0000 lr=2.79e-04 lambda=0.000 grl_lambda=0.000 v18_lambda=0.000 gpu=3.0/11.8GB
[20:50:10] [train] ep=20 step=030/40 ce=0.2630 sc=0.7589 mi=0.0363 dn=0.0000 v13=0.0000 grl=0.0000 v15=0.0000 v15r=0.0000 v16=0.0000 v17=0.0000 v18=0.0000 acc=1.0000 lr=2.79e-04 lambda=0.000 grl_lambda=0.000 v18_lambda=0.000 gpu=3.0/11.8GB
[20:50:16] [train] ep=20 step=040/40 ce=0.2631 sc=0.7899 mi=0.0360 dn=0.0000 v13=0.0000 grl=0.0000 v15=0.0000 v15r=0.0000 v16=0.0000 v17=0.0000 v18=0.0000 acc=1.0000 lr=2.78e-04 lambda=0.000 grl_lambda=0.000 v18_lambda=0.000 gpu=3.0/11.8GB
[20:50:26] [pool] check ep=020/100 source_val_acc_ema=0.6481 threshold=0.90
[20:50:26] [pool] ep=020 SKIP (source_val_acc_ema=0.6481 < 0.90)
[20:50:26] [ep_summary] ep=20/100 val_live=0.9815/0.9817 val_ema=0.6481/0.6101 test77_live=0.2590/0.1340 test77_diag_ema=0.1403/0.0352 v13=0.0000 grl=0.0000 v15=0.0000 v15r=0.0000 v16=0.0000 v17=0.0000 v18=0.0000 das=off[0,0] p=0.00 ep_time=34.4s
[20:50:26] [save] best_sourceval_ema val_acc_ema=0.6481 source_val_live=0.9815/0.9817 source_val_ema=0.6481/0.6101 ep=20
[20:50:26] [strict77_monitor] ep=20 best_source_epoch=20 source_val_ema=0.6481/0.6101 test77_ema_diag=0.1403/0.0352 sourcequalified_count=0
[20:50:26] [train] epoch 21/100 steps=40 use_dann=0 das=off f=[0.0,0.0] p=0.00 gpu=3.0/11.8GB
[20:50:27] [train] ep=21 step=001/40 ce=0.2624 sc=0.2664 mi=0.0282 dn=0.0000 v13=0.0000 grl=0.0000 v15=0.0000 v15r=0.0000 v16=0.0000 v17=0.0000 v18=0.0000 acc=1.0000 lr=2.78e-04 lambda=0.000 grl_lambda=0.000 v18_lambda=0.000 gpu=3.0/11.8GB
[20:50:32] [train] ep=21 step=010/40 ce=0.2631 sc=0.7238 mi=0.0335 dn=0.0000 v13=0.0000 grl=0.0000 v15=0.0000 v15r=0.0000 v16=0.0000 v17=0.0000 v18=0.0000 acc=1.0000 lr=2.77e-04 lambda=0.000 grl_lambda=0.000 v18_lambda=0.000 gpu=3.0/11.8GB
[20:50:38] [train] ep=21 step=020/40 ce=0.2630 sc=0.7358 mi=0.0353 dn=0.0000 v13=0.0000 grl=0.0000 v15=0.0000 v15r=0.0000 v16=0.0000 v17=0.0000 v18=0.0000 acc=1.0000 lr=2.77e-04 lambda=0.000 grl_lambda=0.000 v18_lambda=0.000 gpu=3.0/11.8GB
[20:50:44] [train] ep=21 step=030/40 ce=0.2628 sc=0.7565 mi=0.0355 dn=0.0000 v13=0.0000 grl=0.0000 v15=0.0000 v15r=0.0000 v16=0.0000 v17=0.0000 v18=0.0000 acc=1.0000 lr=2.76e-04 lambda=0.000 grl_lambda=0.000 v18_lambda=0.000 gpu=3.0/11.8GB
[20:50:50] [train] ep=21 step=040/40 ce=0.2625 sc=0.7417 mi=0.0355 dn=0.0000 v13=0.0000 grl=0.0000 v15=0.0000 v15r=0.0000 v16=0.0000 v17=0.0000 v18=0.0000 acc=1.0000 lr=2.75e-04 lambda=0.000 grl_lambda=0.000 v18_lambda=0.000 gpu=3.0/11.8GB
[20:51:01] [ep_summary] ep=21/100 val_live=0.9815/0.9817 val_ema=0.6728/0.6322 test77_live=0.2590/0.1347 test77_diag_ema=0.1403/0.0352 v13=0.0000 grl=0.0000 v15=0.0000 v15r=0.0000 v16=0.0000 v17=0.0000 v18=0.0000 das=off[0,0] p=0.00 ep_time=34.7s
[20:51:01] [save] best_sourceval_ema val_acc_ema=0.6728 source_val_live=0.9815/0.9817 source_val_ema=0.6728/0.6322 ep=21
[20:51:01] [train] epoch 22/100 steps=40 use_dann=0 das=off f=[0.0,0.0] p=0.00 gpu=3.0/11.8GB
[20:51:02] [train] ep=22 step=001/40 ce=0.2620 sc=0.6031 mi=0.0336 dn=0.0000 v13=0.0000 grl=0.0000 v15=0.0000 v15r=0.0000 v16=0.0000 v17=0.0000 v18=0.0000 acc=1.0000 lr=2.75e-04 lambda=0.000 grl_lambda=0.000 v18_lambda=0.000 gpu=3.0/11.8GB
[20:51:07] [train] ep=22 step=010/40 ce=0.2622 sc=0.8070 mi=0.0359 dn=0.0000 v13=0.0000 grl=0.0000 v15=0.0000 v15r=0.0000 v16=0.0000 v17=0.0000 v18=0.0000 acc=1.0000 lr=2.75e-04 lambda=0.000 grl_lambda=0.000 v18_lambda=0.000 gpu=3.0/11.8GB
[20:51:13] [train] ep=22 step=020/40 ce=0.2621 sc=0.7960 mi=0.0358 dn=0.0000 v13=0.0000 grl=0.0000 v15=0.0000 v15r=0.0000 v16=0.0000 v17=0.0000 v18=0.0000 acc=1.0000 lr=2.74e-04 lambda=0.000 grl_lambda=0.000 v18_lambda=0.000 gpu=3.0/11.8GB
[20:51:19] [train] ep=22 step=030/40 ce=0.2624 sc=0.7933 mi=0.0353 dn=0.0000 v13=0.0000 grl=0.0000 v15=0.0000 v15r=0.0000 v16=0.0000 v17=0.0000 v18=0.0000 acc=1.0000 lr=2.73e-04 lambda=0.000 grl_lambda=0.000 v18_lambda=0.000 gpu=3.0/11.8GB
[20:51:25] [train] ep=22 step=040/40 ce=0.2622 sc=0.7989 mi=0.0346 dn=0.0000 v13=0.0000 grl=0.0000 v15=0.0000 v15r=0.0000 v16=0.0000 v17=0.0000 v18=0.0000 acc=1.0000 lr=2.73e-04 lambda=0.000 grl_lambda=0.000 v18_lambda=0.000 gpu=3.0/11.8GB
[20:51:38] [ep_summary] ep=22/100 val_live=0.9815/0.9817 val_ema=0.6914/0.6519 test77_live=0.2590/0.1321 test77_diag_ema=0.1403/0.0352 v13=0.0000 grl=0.0000 v15=0.0000 v15r=0.0000 v16=0.0000 v17=0.0000 v18=0.0000 das=off[0,0] p=0.00 ep_time=37.2s
[20:51:38] [save] best_sourceval_ema val_acc_ema=0.6914 source_val_live=0.9815/0.9817 source_val_ema=0.6914/0.6519 ep=22
[20:51:38] [train] epoch 23/100 steps=40 use_dann=0 das=off f=[0.0,0.0] p=0.00 gpu=3.0/11.8GB
[20:51:39] [train] ep=23 step=001/40 ce=0.2612 sc=0.6521 mi=0.0329 dn=0.0000 v13=0.0000 grl=0.0000 v15=0.0000 v15r=0.0000 v16=0.0000 v17=0.0000 v18=0.0000 acc=1.0000 lr=2.72e-04 lambda=0.000 grl_lambda=0.000 v18_lambda=0.000 gpu=3.0/11.8GB
[20:51:44] [train] ep=23 step=010/40 ce=0.2623 sc=0.8447 mi=0.0330 dn=0.0000 v13=0.0000 grl=0.0000 v15=0.0000 v15r=0.0000 v16=0.0000 v17=0.0000 v18=0.0000 acc=1.0000 lr=2.72e-04 lambda=0.000 grl_lambda=0.000 v18_lambda=0.000 gpu=3.0/11.8GB
[20:51:50] [train] ep=23 step=020/40 ce=0.2616 sc=0.7698 mi=0.0327 dn=0.0000 v13=0.0000 grl=0.0000 v15=0.0000 v15r=0.0000 v16=0.0000 v17=0.0000 v18=0.0000 acc=1.0000 lr=2.71e-04 lambda=0.000 grl_lambda=0.000 v18_lambda=0.000 gpu=3.0/11.8GB
[20:51:56] [train] ep=23 step=030/40 ce=0.2618 sc=0.7695 mi=0.0330 dn=0.0000 v13=0.0000 grl=0.0000 v15=0.0000 v15r=0.0000 v16=0.0000 v17=0.0000 v18=0.0000 acc=1.0000 lr=2.70e-04 lambda=0.000 grl_lambda=0.000 v18_lambda=0.000 gpu=3.0/11.8GB
[20:52:02] [train] ep=23 step=040/40 ce=0.2617 sc=0.7739 mi=0.0334 dn=0.0000 v13=0.0000 grl=0.0000 v15=0.0000 v15r=0.0000 v16=0.0000 v17=0.0000 v18=0.0000 acc=1.0000 lr=2.70e-04 lambda=0.000 grl_lambda=0.000 v18_lambda=0.000 gpu=3.0/11.8GB
[20:52:12] [ep_summary] ep=23/100 val_live=0.9815/0.9817 val_ema=0.7037/0.6641 test77_live=0.2590/0.1333 test77_diag_ema=0.1403/0.0352 v13=0.0000 grl=0.0000 v15=0.0000 v15r=0.0000 v16=0.0000 v17=0.0000 v18=0.0000 das=off[0,0] p=0.00 ep_time=34.3s
[20:52:13] [save] best_sourceval_ema val_acc_ema=0.7037 source_val_live=0.9815/0.9817 source_val_ema=0.7037/0.6641 ep=23
[20:52:13] [train] epoch 24/100 steps=40 use_dann=0 das=off f=[0.0,0.0] p=0.00 gpu=3.0/11.8GB
[20:52:13] [train] ep=24 step=001/40 ce=0.2622 sc=0.6164 mi=0.0335 dn=0.0000 v13=0.0000 grl=0.0000 v15=0.0000 v15r=0.0000 v16=0.0000 v17=0.0000 v18=0.0000 acc=1.0000 lr=2.70e-04 lambda=0.000 grl_lambda=0.000 v18_lambda=0.000 gpu=3.0/11.8GB
[20:52:19] [train] ep=24 step=010/40 ce=0.2616 sc=0.8056 mi=0.0325 dn=0.0000 v13=0.0000 grl=0.0000 v15=0.0000 v15r=0.0000 v16=0.0000 v17=0.0000 v18=0.0000 acc=1.0000 lr=2.69e-04 lambda=0.000 grl_lambda=0.000 v18_lambda=0.000 gpu=3.0/11.8GB
[20:52:24] [train] ep=24 step=020/40 ce=0.2615 sc=0.7226 mi=0.0327 dn=0.0000 v13=0.0000 grl=0.0000 v15=0.0000 v15r=0.0000 v16=0.0000 v17=0.0000 v18=0.0000 acc=1.0000 lr=2.68e-04 lambda=0.000 grl_lambda=0.000 v18_lambda=0.000 gpu=3.0/11.8GB
[20:52:30] [train] ep=24 step=030/40 ce=0.2614 sc=0.6810 mi=0.0327 dn=0.0000 v13=0.0000 grl=0.0000 v15=0.0000 v15r=0.0000 v16=0.0000 v17=0.0000 v18=0.0000 acc=1.0000 lr=2.67e-04 lambda=0.000 grl_lambda=0.000 v18_lambda=0.000 gpu=3.0/11.8GB
[20:52:36] [train] ep=24 step=040/40 ce=0.2614 sc=0.7228 mi=0.0324 dn=0.0000 v13=0.0000 grl=0.0000 v15=0.0000 v15r=0.0000 v16=0.0000 v17=0.0000 v18=0.0000 acc=1.0000 lr=2.67e-04 lambda=0.000 grl_lambda=0.000 v18_lambda=0.000 gpu=3.0/11.8GB
[20:52:47] [ep_summary] ep=24/100 val_live=0.9815/0.9817 val_ema=0.7037/0.6641 test77_live=0.2626/0.1322 test77_diag_ema=0.1403/0.0352 v13=0.0000 grl=0.0000 v15=0.0000 v15r=0.0000 v16=0.0000 v17=0.0000 v18=0.0000 das=off[0,0] p=0.00 ep_time=34.5s
[20:52:47] [train] epoch 25/100 steps=40 use_dann=0 das=off f=[0.0,0.0] p=0.00 gpu=3.0/11.8GB
[20:52:48] [train] ep=25 step=001/40 ce=0.2603 sc=0.6160 mi=0.0284 dn=0.0000 v13=0.0000 grl=0.0000 v15=0.0000 v15r=0.0000 v16=0.0000 v17=0.0000 v18=0.0000 acc=1.0000 lr=2.67e-04 lambda=0.000 grl_lambda=0.000 v18_lambda=0.000 gpu=3.0/11.8GB
[20:52:53] [train] ep=25 step=010/40 ce=0.2619 sc=0.7069 mi=0.0325 dn=0.0000 v13=0.0000 grl=0.0000 v15=0.0000 v15r=0.0000 v16=0.0000 v17=0.0000 v18=0.0000 acc=1.0000 lr=2.66e-04 lambda=0.000 grl_lambda=0.000 v18_lambda=0.000 gpu=3.0/11.8GB
[20:52:59] [train] ep=25 step=020/40 ce=0.2610 sc=0.7526 mi=0.0315 dn=0.0000 v13=0.0000 grl=0.0000 v15=0.0000 v15r=0.0000 v16=0.0000 v17=0.0000 v18=0.0000 acc=1.0000 lr=2.65e-04 lambda=0.000 grl_lambda=0.000 v18_lambda=0.000 gpu=3.0/11.8GB
[20:53:05] [train] ep=25 step=030/40 ce=0.2609 sc=0.7219 mi=0.0319 dn=0.0000 v13=0.0000 grl=0.0000 v15=0.0000 v15r=0.0000 v16=0.0000 v17=0.0000 v18=0.0000 acc=1.0000 lr=2.64e-04 lambda=0.000 grl_lambda=0.000 v18_lambda=0.000 gpu=3.0/11.8GB
[20:53:11] [train] ep=25 step=040/40 ce=0.2607 sc=0.7150 mi=0.0322 dn=0.0000 v13=0.0000 grl=0.0000 v15=0.0000 v15r=0.0000 v16=0.0000 v17=0.0000 v18=0.0000 acc=1.0000 lr=2.64e-04 lambda=0.000 grl_lambda=0.000 v18_lambda=0.000 gpu=3.0/11.8GB
[20:53:22] [ep_summary] ep=25/100 val_live=0.9815/0.9817 val_ema=0.7346/0.6943 test77_live=0.2626/0.1300 test77_diag_ema=0.1403/0.0352 v13=0.0000 grl=0.0000 v15=0.0000 v15r=0.0000 v16=0.0000 v17=0.0000 v18=0.0000 das=off[0,0] p=0.00 ep_time=34.6s
[20:53:22] [save] best_sourceval_ema val_acc_ema=0.7346 source_val_live=0.9815/0.9817 source_val_ema=0.7346/0.6943 ep=25
[20:53:22] [train] epoch 26/100 steps=40 use_dann=0 das=off f=[0.0,0.0] p=0.00 gpu=3.0/11.8GB
[20:53:22] [train] ep=26 step=001/40 ce=0.2593 sc=0.9623 mi=0.0263 dn=0.0000 v13=0.0000 grl=0.0000 v15=0.0000 v15r=0.0000 v16=0.0000 v17=0.0000 v18=0.0000 acc=1.0000 lr=2.64e-04 lambda=0.000 grl_lambda=0.000 v18_lambda=0.000 gpu=3.0/11.8GB
[20:53:28] [train] ep=26 step=010/40 ce=0.2608 sc=0.7297 mi=0.0304 dn=0.0000 v13=0.0000 grl=0.0000 v15=0.0000 v15r=0.0000 v16=0.0000 v17=0.0000 v18=0.0000 acc=1.0000 lr=2.63e-04 lambda=0.000 grl_lambda=0.000 v18_lambda=0.000 gpu=3.0/11.8GB
[20:53:33] [train] ep=26 step=020/40 ce=0.2611 sc=0.7641 mi=0.0299 dn=0.0000 v13=0.0000 grl=0.0000 v15=0.0000 v15r=0.0000 v16=0.0000 v17=0.0000 v18=0.0000 acc=1.0000 lr=2.62e-04 lambda=0.000 grl_lambda=0.000 v18_lambda=0.000 gpu=3.0/11.8GB
[20:53:39] [train] ep=26 step=030/40 ce=0.2611 sc=0.7732 mi=0.0308 dn=0.0000 v13=0.0000 grl=0.0000 v15=0.0000 v15r=0.0000 v16=0.0000 v17=0.0000 v18=0.0000 acc=1.0000 lr=2.61e-04 lambda=0.000 grl_lambda=0.000 v18_lambda=0.000 gpu=3.0/11.8GB
[20:53:45] [train] ep=26 step=040/40 ce=0.2610 sc=0.7936 mi=0.0310 dn=0.0000 v13=0.0000 grl=0.0000 v15=0.0000 v15r=0.0000 v16=0.0000 v17=0.0000 v18=0.0000 acc=1.0000 lr=2.60e-04 lambda=0.000 grl_lambda=0.000 v18_lambda=0.000 gpu=3.0/11.8GB
[20:53:56] [ep_summary] ep=26/100 val_live=0.9877/0.9878 val_ema=0.7593/0.7187 test77_live=0.2626/0.1316 test77_diag_ema=0.1403/0.0352 v13=0.0000 grl=0.0000 v15=0.0000 v15r=0.0000 v16=0.0000 v17=0.0000 v18=0.0000 das=off[0,0] p=0.00 ep_time=34.2s
[20:53:56] [save] best_sourceval_ema val_acc_ema=0.7593 source_val_live=0.9877/0.9878 source_val_ema=0.7593/0.7187 ep=26
[20:53:56] [train] epoch 27/100 steps=40 use_dann=0 das=off f=[0.0,0.0] p=0.00 gpu=3.0/11.8GB
[20:53:57] [train] ep=27 step=001/40 ce=0.2603 sc=1.0522 mi=0.0314 dn=0.0000 v13=0.0000 grl=0.0000 v15=0.0000 v15r=0.0000 v16=0.0000 v17=0.0000 v18=0.0000 acc=1.0000 lr=2.60e-04 lambda=0.000 grl_lambda=0.000 v18_lambda=0.000 gpu=3.0/11.8GB
[20:54:02] [train] ep=27 step=010/40 ce=0.2601 sc=0.6854 mi=0.0298 dn=0.0000 v13=0.0000 grl=0.0000 v15=0.0000 v15r=0.0000 v16=0.0000 v17=0.0000 v18=0.0000 acc=1.0000 lr=2.60e-04 lambda=0.000 grl_lambda=0.000 v18_lambda=0.000 gpu=3.0/11.8GB
[20:54:08] [train] ep=27 step=020/40 ce=0.2604 sc=0.7034 mi=0.0312 dn=0.0000 v13=0.0000 grl=0.0000 v15=0.0000 v15r=0.0000 v16=0.0000 v17=0.0000 v18=0.0000 acc=1.0000 lr=2.59e-04 lambda=0.000 grl_lambda=0.000 v18_lambda=0.000 gpu=3.0/11.8GB
[20:54:14] [train] ep=27 step=030/40 ce=0.2602 sc=0.7358 mi=0.0313 dn=0.0000 v13=0.0000 grl=0.0000 v15=0.0000 v15r=0.0000 v16=0.0000 v17=0.0000 v18=0.0000 acc=1.0000 lr=2.58e-04 lambda=0.000 grl_lambda=0.000 v18_lambda=0.000 gpu=3.0/11.8GB
[20:54:19] [train] ep=27 step=040/40 ce=0.2602 sc=0.7072 mi=0.0311 dn=0.0000 v13=0.0000 grl=0.0000 v15=0.0000 v15r=0.0000 v16=0.0000 v17=0.0000 v18=0.0000 acc=1.0000 lr=2.57e-04 lambda=0.000 grl_lambda=0.000 v18_lambda=0.000 gpu=3.0/11.8GB
[20:55:09] [ep_summary] ep=27/100 val_live=0.9877/0.9878 val_ema=0.7716/0.7310 test77_live=0.2626/0.1311 test77_diag_ema=0.1403/0.0352 v13=0.0000 grl=0.0000 v15=0.0000 v15r=0.0000 v16=0.0000 v17=0.0000 v18=0.0000 das=off[0,0] p=0.00 ep_time=73.1s
[20:55:09] [save] best_sourceval_ema val_acc_ema=0.7716 source_val_live=0.9877/0.9878 source_val_ema=0.7716/0.7310 ep=27
[20:55:09] [train] epoch 28/100 steps=40 use_dann=0 das=off f=[0.0,0.0] p=0.00 gpu=3.0/11.8GB
[20:55:10] [train] ep=28 step=001/40 ce=0.2604 sc=0.4216 mi=0.0311 dn=0.0000 v13=0.0000 grl=0.0000 v15=0.0000 v15r=0.0000 v16=0.0000 v17=0.0000 v18=0.0000 acc=1.0000 lr=2.57e-04 lambda=0.000 grl_lambda=0.000 v18_lambda=0.000 gpu=3.0/11.8GB
[20:55:15] [train] ep=28 step=010/40 ce=0.2604 sc=0.6537 mi=0.0318 dn=0.0000 v13=0.0000 grl=0.0000 v15=0.0000 v15r=0.0000 v16=0.0000 v17=0.0000 v18=0.0000 acc=1.0000 lr=2.56e-04 lambda=0.000 grl_lambda=0.000 v18_lambda=0.000 gpu=3.0/11.8GB
[20:55:21] [train] ep=28 step=020/40 ce=0.2603 sc=0.7005 mi=0.0310 dn=0.0000 v13=0.0000 grl=0.0000 v15=0.0000 v15r=0.0000 v16=0.0000 v17=0.0000 v18=0.0000 acc=1.0000 lr=2.55e-04 lambda=0.000 grl_lambda=0.000 v18_lambda=0.000 gpu=3.0/11.8GB
[20:55:27] [train] ep=28 step=030/40 ce=0.2601 sc=0.7539 mi=0.0313 dn=0.0000 v13=0.0000 grl=0.0000 v15=0.0000 v15r=0.0000 v16=0.0000 v17=0.0000 v18=0.0000 acc=1.0000 lr=2.54e-04 lambda=0.000 grl_lambda=0.000 v18_lambda=0.000 gpu=3.0/11.8GB
[20:55:33] [train] ep=28 step=040/40 ce=0.2602 sc=0.7693 mi=0.0310 dn=0.0000 v13=0.0000 grl=0.0000 v15=0.0000 v15r=0.0000 v16=0.0000 v17=0.0000 v18=0.0000 acc=1.0000 lr=2.54e-04 lambda=0.000 grl_lambda=0.000 v18_lambda=0.000 gpu=3.0/11.8GB
[20:55:51] [ep_summary] ep=28/100 val_live=0.9877/0.9878 val_ema=0.7716/0.7310 test77_live=0.2626/0.1316 test77_diag_ema=0.1403/0.0352 v13=0.0000 grl=0.0000 v15=0.0000 v15r=0.0000 v16=0.0000 v17=0.0000 v18=0.0000 das=off[0,0] p=0.00 ep_time=41.5s
[20:55:51] [train] epoch 29/100 steps=40 use_dann=0 das=off f=[0.0,0.0] p=0.00 gpu=3.0/11.8GB
[20:55:51] [train] ep=29 step=001/40 ce=0.2601 sc=0.7622 mi=0.0279 dn=0.0000 v13=0.0000 grl=0.0000 v15=0.0000 v15r=0.0000 v16=0.0000 v17=0.0000 v18=0.0000 acc=1.0000 lr=2.53e-04 lambda=0.000 grl_lambda=0.000 v18_lambda=0.000 gpu=3.0/11.8GB
[20:55:57] [train] ep=29 step=010/40 ce=0.2599 sc=0.7598 mi=0.0306 dn=0.0000 v13=0.0000 grl=0.0000 v15=0.0000 v15r=0.0000 v16=0.0000 v17=0.0000 v18=0.0000 acc=1.0000 lr=2.53e-04 lambda=0.000 grl_lambda=0.000 v18_lambda=0.000 gpu=3.0/11.8GB
[20:56:02] [train] ep=29 step=020/40 ce=0.2599 sc=0.7699 mi=0.0306 dn=0.0000 v13=0.0000 grl=0.0000 v15=0.0000 v15r=0.0000 v16=0.0000 v17=0.0000 v18=0.0000 acc=1.0000 lr=2.52e-04 lambda=0.000 grl_lambda=0.000 v18_lambda=0.000 gpu=3.0/11.8GB
[20:56:08] [train] ep=29 step=030/40 ce=0.2599 sc=0.7191 mi=0.0305 dn=0.0000 v13=0.0000 grl=0.0000 v15=0.0000 v15r=0.0000 v16=0.0000 v17=0.0000 v18=0.0000 acc=1.0000 lr=2.51e-04 lambda=0.000 grl_lambda=0.000 v18_lambda=0.000 gpu=3.0/11.8GB
[20:56:14] [train] ep=29 step=040/40 ce=0.2597 sc=0.6919 mi=0.0305 dn=0.0000 v13=0.0000 grl=0.0000 v15=0.0000 v15r=0.0000 v16=0.0000 v17=0.0000 v18=0.0000 acc=1.0000 lr=2.50e-04 lambda=0.000 grl_lambda=0.000 v18_lambda=0.000 gpu=3.0/11.8GB
[20:56:25] [ep_summary] ep=29/100 val_live=0.9877/0.9878 val_ema=0.7778/0.7368 test77_live=0.2626/0.1300 test77_diag_ema=0.1403/0.0352 v13=0.0000 grl=0.0000 v15=0.0000 v15r=0.0000 v16=0.0000 v17=0.0000 v18=0.0000 das=off[0,0] p=0.00 ep_time=34.4s
[20:56:25] [save] best_sourceval_ema val_acc_ema=0.7778 source_val_live=0.9877/0.9878 source_val_ema=0.7778/0.7368 ep=29
[20:56:25] [train] epoch 30/100 steps=40 use_dann=0 das=off f=[0.0,0.0] p=0.00 gpu=3.0/11.8GB
[20:56:26] [train] ep=30 step=001/40 ce=0.2585 sc=0.6171 mi=0.0276 dn=0.0000 v13=0.0000 grl=0.0000 v15=0.0000 v15r=0.0000 v16=0.0000 v17=0.0000 v18=0.0000 acc=1.0000 lr=2.50e-04 lambda=0.000 grl_lambda=0.000 v18_lambda=0.000 gpu=3.0/11.8GB
[20:56:31] [train] ep=30 step=010/40 ce=0.2591 sc=0.7504 mi=0.0296 dn=0.0000 v13=0.0000 grl=0.0000 v15=0.0000 v15r=0.0000 v16=0.0000 v17=0.0000 v18=0.0000 acc=1.0000 lr=2.49e-04 lambda=0.000 grl_lambda=0.000 v18_lambda=0.000 gpu=3.0/11.8GB
[20:56:37] [train] ep=30 step=020/40 ce=0.2592 sc=0.7267 mi=0.0296 dn=0.0000 v13=0.0000 grl=0.0000 v15=0.0000 v15r=0.0000 v16=0.0000 v17=0.0000 v18=0.0000 acc=1.0000 lr=2.48e-04 lambda=0.000 grl_lambda=0.000 v18_lambda=0.000 gpu=3.0/11.8GB
[20:56:43] [train] ep=30 step=030/40 ce=0.2596 sc=0.7327 mi=0.0297 dn=0.0000 v13=0.0000 grl=0.0000 v15=0.0000 v15r=0.0000 v16=0.0000 v17=0.0000 v18=0.0000 acc=1.0000 lr=2.47e-04 lambda=0.000 grl_lambda=0.000 v18_lambda=0.000 gpu=3.0/11.8GB
[20:56:49] [train] ep=30 step=040/40 ce=0.2596 sc=0.7637 mi=0.0295 dn=0.0000 v13=0.0000 grl=0.0000 v15=0.0000 v15r=0.0000 v16=0.0000 v17=0.0000 v18=0.0000 acc=1.0000 lr=2.46e-04 lambda=0.000 grl_lambda=0.000 v18_lambda=0.000 gpu=3.0/11.8GB
[20:56:59] [pool] check ep=030/100 source_val_acc_ema=0.7901 threshold=0.90
[20:56:59] [pool] ep=030 SKIP (source_val_acc_ema=0.7901 < 0.90)
[20:56:59] [ep_summary] ep=30/100 val_live=0.9877/0.9878 val_ema=0.7901/0.7490 test77_live=0.2662/0.1299 test77_diag_ema=0.1403/0.0352 v13=0.0000 grl=0.0000 v15=0.0000 v15r=0.0000 v16=0.0000 v17=0.0000 v18=0.0000 das=off[0,0] p=0.00 ep_time=34.4s
[20:57:00] [save] best_sourceval_ema val_acc_ema=0.7901 source_val_live=0.9877/0.9878 source_val_ema=0.7901/0.7490 ep=30
[20:57:00] [strict77_monitor] ep=30 best_source_epoch=30 source_val_ema=0.7901/0.7490 test77_ema_diag=0.1403/0.0352 sourcequalified_count=0
[20:57:00] [train] epoch 31/100 steps=40 use_dann=0 das=off f=[0.0,0.0] p=0.00 gpu=3.0/11.8GB
[20:57:00] [train] ep=31 step=001/40 ce=0.2598 sc=0.8419 mi=0.0268 dn=0.0000 v13=0.0000 grl=0.0000 v15=0.0000 v15r=0.0000 v16=0.0000 v17=0.0000 v18=0.0000 acc=1.0000 lr=2.46e-04 lambda=0.000 grl_lambda=0.000 v18_lambda=0.000 gpu=3.0/11.8GB
[20:57:05] [train] ep=31 step=010/40 ce=0.2596 sc=0.7507 mi=0.0292 dn=0.0000 v13=0.0000 grl=0.0000 v15=0.0000 v15r=0.0000 v16=0.0000 v17=0.0000 v18=0.0000 acc=1.0000 lr=2.45e-04 lambda=0.000 grl_lambda=0.000 v18_lambda=0.000 gpu=3.0/11.8GB
[20:57:11] [train] ep=31 step=020/40 ce=0.2593 sc=0.6940 mi=0.0289 dn=0.0000 v13=0.0000 grl=0.0000 v15=0.0000 v15r=0.0000 v16=0.0000 v17=0.0000 v18=0.0000 acc=1.0000 lr=2.44e-04 lambda=0.000 grl_lambda=0.000 v18_lambda=0.000 gpu=3.0/11.8GB
[20:57:17] [train] ep=31 step=030/40 ce=0.2593 sc=0.7161 mi=0.0290 dn=0.0000 v13=0.0000 grl=0.0000 v15=0.0000 v15r=0.0000 v16=0.0000 v17=0.0000 v18=0.0000 acc=1.0000 lr=2.43e-04 lambda=0.000 grl_lambda=0.000 v18_lambda=0.000 gpu=3.0/11.8GB
[20:57:23] [train] ep=31 step=040/40 ce=0.2592 sc=0.7409 mi=0.0291 dn=0.0000 v13=0.0000 grl=0.0000 v15=0.0000 v15r=0.0000 v16=0.0000 v17=0.0000 v18=0.0000 acc=1.0000 lr=2.43e-04 lambda=0.000 grl_lambda=0.000 v18_lambda=0.000 gpu=3.0/11.8GB
[20:57:34] [ep_summary] ep=31/100 val_live=0.9877/0.9878 val_ema=0.7963/0.7552 test77_live=0.2626/0.1311 test77_diag_ema=0.1403/0.0352 v13=0.0000 grl=0.0000 v15=0.0000 v15r=0.0000 v16=0.0000 v17=0.0000 v18=0.0000 das=off[0,0] p=0.00 ep_time=34.4s
[20:57:34] [save] best_sourceval_ema val_acc_ema=0.7963 source_val_live=0.9877/0.9878 source_val_ema=0.7963/0.7552 ep=31
[20:57:34] [train] epoch 32/100 steps=40 use_dann=0 das=off f=[0.0,0.0] p=0.00 gpu=3.0/11.8GB
[20:57:35] [train] ep=32 step=001/40 ce=0.2586 sc=0.8299 mi=0.0322 dn=0.0000 v13=0.0000 grl=0.0000 v15=0.0000 v15r=0.0000 v16=0.0000 v17=0.0000 v18=0.0000 acc=1.0000 lr=2.42e-04 lambda=0.000 grl_lambda=0.000 v18_lambda=0.000 gpu=3.0/11.8GB
[20:57:40] [train] ep=32 step=010/40 ce=0.2595 sc=0.7334 mi=0.0306 dn=0.0000 v13=0.0000 grl=0.0000 v15=0.0000 v15r=0.0000 v16=0.0000 v17=0.0000 v18=0.0000 acc=1.0000 lr=2.42e-04 lambda=0.000 grl_lambda=0.000 v18_lambda=0.000 gpu=3.0/11.8GB
[20:57:46] [train] ep=32 step=020/40 ce=0.2591 sc=0.7027 mi=0.0302 dn=0.0000 v13=0.0000 grl=0.0000 v15=0.0000 v15r=0.0000 v16=0.0000 v17=0.0000 v18=0.0000 acc=1.0000 lr=2.41e-04 lambda=0.000 grl_lambda=0.000 v18_lambda=0.000 gpu=3.0/11.8GB
[20:57:52] [train] ep=32 step=030/40 ce=0.2593 sc=0.7666 mi=0.0302 dn=0.0000 v13=0.0000 grl=0.0000 v15=0.0000 v15r=0.0000 v16=0.0000 v17=0.0000 v18=0.0000 acc=1.0000 lr=2.40e-04 lambda=0.000 grl_lambda=0.000 v18_lambda=0.000 gpu=3.0/11.8GB
[20:57:58] [train] ep=32 step=040/40 ce=0.2592 sc=0.7429 mi=0.0301 dn=0.0000 v13=0.0000 grl=0.0000 v15=0.0000 v15r=0.0000 v16=0.0000 v17=0.0000 v18=0.0000 acc=1.0000 lr=2.39e-04 lambda=0.000 grl_lambda=0.000 v18_lambda=0.000 gpu=3.0/11.8GB
[20:58:09] [ep_summary] ep=32/100 val_live=0.9877/0.9878 val_ema=0.8025/0.7619 test77_live=0.2626/0.1285 test77_diag_ema=0.1403/0.0352 v13=0.0000 grl=0.0000 v15=0.0000 v15r=0.0000 v16=0.0000 v17=0.0000 v18=0.0000 das=off[0,0] p=0.00 ep_time=34.6s
[20:58:09] [save] best_sourceval_ema val_acc_ema=0.8025 source_val_live=0.9877/0.9878 source_val_ema=0.8025/0.7619 ep=32
[20:58:09] [train] epoch 33/100 steps=40 use_dann=0 das=off f=[0.0,0.0] p=0.00 gpu=3.0/11.8GB
[20:58:09] [train] ep=33 step=001/40 ce=0.2585 sc=0.7121 mi=0.0365 dn=0.0000 v13=0.0000 grl=0.0000 v15=0.0000 v15r=0.0000 v16=0.0000 v17=0.0000 v18=0.0000 acc=1.0000 lr=2.39e-04 lambda=0.000 grl_lambda=0.000 v18_lambda=0.000 gpu=3.0/11.8GB
[20:58:15] [train] ep=33 step=010/40 ce=0.2587 sc=0.7446 mi=0.0292 dn=0.0000 v13=0.0000 grl=0.0000 v15=0.0000 v15r=0.0000 v16=0.0000 v17=0.0000 v18=0.0000 acc=1.0000 lr=2.38e-04 lambda=0.000 grl_lambda=0.000 v18_lambda=0.000 gpu=3.0/11.8GB
[20:58:20] [train] ep=33 step=020/40 ce=0.2590 sc=0.7337 mi=0.0288 dn=0.0000 v13=0.0000 grl=0.0000 v15=0.0000 v15r=0.0000 v16=0.0000 v17=0.0000 v18=0.0000 acc=1.0000 lr=2.37e-04 lambda=0.000 grl_lambda=0.000 v18_lambda=0.000 gpu=3.0/11.8GB
[20:58:26] [train] ep=33 step=030/40 ce=0.2589 sc=0.7220 mi=0.0286 dn=0.0000 v13=0.0000 grl=0.0000 v15=0.0000 v15r=0.0000 v16=0.0000 v17=0.0000 v18=0.0000 acc=1.0000 lr=2.36e-04 lambda=0.000 grl_lambda=0.000 v18_lambda=0.000 gpu=3.0/11.8GB
[20:58:32] [train] ep=33 step=040/40 ce=0.2589 sc=0.7546 mi=0.0284 dn=0.0000 v13=0.0000 grl=0.0000 v15=0.0000 v15r=0.0000 v16=0.0000 v17=0.0000 v18=0.0000 acc=1.0000 lr=2.35e-04 lambda=0.000 grl_lambda=0.000 v18_lambda=0.000 gpu=3.0/11.8GB
[20:58:43] [ep_summary] ep=33/100 val_live=0.9877/0.9878 val_ema=0.8025/0.7619 test77_live=0.2626/0.1289 test77_diag_ema=0.1403/0.0352 v13=0.0000 grl=0.0000 v15=0.0000 v15r=0.0000 v16=0.0000 v17=0.0000 v18=0.0000 das=off[0,0] p=0.00 ep_time=34.5s
[20:58:43] [train] epoch 34/100 steps=40 use_dann=0 das=off f=[0.0,0.0] p=0.00 gpu=3.0/11.8GB
[20:58:44] [train] ep=34 step=001/40 ce=0.2584 sc=0.5379 mi=0.0298 dn=0.0000 v13=0.0000 grl=0.0000 v15=0.0000 v15r=0.0000 v16=0.0000 v17=0.0000 v18=0.0000 acc=1.0000 lr=2.35e-04 lambda=0.000 grl_lambda=0.000 v18_lambda=0.000 gpu=3.0/11.8GB
[20:58:49] [train] ep=34 step=010/40 ce=0.2588 sc=0.7382 mi=0.0278 dn=0.0000 v13=0.0000 grl=0.0000 v15=0.0000 v15r=0.0000 v16=0.0000 v17=0.0000 v18=0.0000 acc=1.0000 lr=2.34e-04 lambda=0.000 grl_lambda=0.000 v18_lambda=0.000 gpu=3.0/11.8GB
[20:58:55] [train] ep=34 step=020/40 ce=0.2586 sc=0.7278 mi=0.0283 dn=0.0000 v13=0.0000 grl=0.0000 v15=0.0000 v15r=0.0000 v16=0.0000 v17=0.0000 v18=0.0000 acc=1.0000 lr=2.33e-04 lambda=0.000 grl_lambda=0.000 v18_lambda=0.000 gpu=3.0/11.8GB
[20:59:01] [train] ep=34 step=030/40 ce=0.2587 sc=0.6979 mi=0.0282 dn=0.0000 v13=0.0000 grl=0.0000 v15=0.0000 v15r=0.0000 v16=0.0000 v17=0.0000 v18=0.0000 acc=1.0000 lr=2.32e-04 lambda=0.000 grl_lambda=0.000 v18_lambda=0.000 gpu=3.0/11.8GB
[20:59:07] [train] ep=34 step=040/40 ce=0.2586 sc=0.6937 mi=0.0278 dn=0.0000 v13=0.0000 grl=0.0000 v15=0.0000 v15r=0.0000 v16=0.0000 v17=0.0000 v18=0.0000 acc=1.0000 lr=2.31e-04 lambda=0.000 grl_lambda=0.000 v18_lambda=0.000 gpu=3.0/11.8GB
[20:59:18] [ep_summary] ep=34/100 val_live=0.9877/0.9878 val_ema=0.8025/0.7619 test77_live=0.2662/0.1285 test77_diag_ema=0.1403/0.0352 v13=0.0000 grl=0.0000 v15=0.0000 v15r=0.0000 v16=0.0000 v17=0.0000 v18=0.0000 das=off[0,0] p=0.00 ep_time=34.5s
[20:59:18] [train] epoch 35/100 steps=40 use_dann=0 das=off f=[0.0,0.0] p=0.00 gpu=3.0/11.8GB
[20:59:18] [train] ep=35 step=001/40 ce=0.2589 sc=0.9300 mi=0.0309 dn=0.0000 v13=0.0000 grl=0.0000 v15=0.0000 v15r=0.0000 v16=0.0000 v17=0.0000 v18=0.0000 acc=1.0000 lr=2.31e-04 lambda=0.000 grl_lambda=0.000 v18_lambda=0.000 gpu=3.0/11.8GB
[20:59:24] [train] ep=35 step=010/40 ce=0.2585 sc=0.6680 mi=0.0289 dn=0.0000 v13=0.0000 grl=0.0000 v15=0.0000 v15r=0.0000 v16=0.0000 v17=0.0000 v18=0.0000 acc=1.0000 lr=2.30e-04 lambda=0.000 grl_lambda=0.000 v18_lambda=0.000 gpu=3.0/11.8GB
[20:59:29] [train] ep=35 step=020/40 ce=0.2585 sc=0.7228 mi=0.0296 dn=0.0000 v13=0.0000 grl=0.0000 v15=0.0000 v15r=0.0000 v16=0.0000 v17=0.0000 v18=0.0000 acc=1.0000 lr=2.29e-04 lambda=0.000 grl_lambda=0.000 v18_lambda=0.000 gpu=3.0/11.8GB
[20:59:35] [train] ep=35 step=030/40 ce=0.2584 sc=0.7435 mi=0.0294 dn=0.0000 v13=0.0000 grl=0.0000 v15=0.0000 v15r=0.0000 v16=0.0000 v17=0.0000 v18=0.0000 acc=1.0000 lr=2.28e-04 lambda=0.000 grl_lambda=0.000 v18_lambda=0.000 gpu=3.0/11.8GB
[20:59:41] [train] ep=35 step=040/40 ce=0.2583 sc=0.7113 mi=0.0292 dn=0.0000 v13=0.0000 grl=0.0000 v15=0.0000 v15r=0.0000 v16=0.0000 v17=0.0000 v18=0.0000 acc=1.0000 lr=2.27e-04 lambda=0.000 grl_lambda=0.000 v18_lambda=0.000 gpu=3.0/11.8GB
[20:59:52] [ep_summary] ep=35/100 val_live=0.9877/0.9878 val_ema=0.8086/0.7650 test77_live=0.2662/0.1280 test77_diag_ema=0.1403/0.0352 v13=0.0000 grl=0.0000 v15=0.0000 v15r=0.0000 v16=0.0000 v17=0.0000 v18=0.0000 das=off[0,0] p=0.00 ep_time=34.6s
[20:59:52] [save] best_sourceval_ema val_acc_ema=0.8086 source_val_live=0.9877/0.9878 source_val_ema=0.8086/0.7650 ep=35
[20:59:52] [train] epoch 36/100 steps=40 use_dann=0 das=off f=[0.0,0.0] p=0.00 gpu=3.0/11.8GB
[20:59:53] [train] ep=36 step=001/40 ce=0.2577 sc=0.7278 mi=0.0197 dn=0.0000 v13=0.0000 grl=0.0000 v15=0.0000 v15r=0.0000 v16=0.0000 v17=0.0000 v18=0.0000 acc=1.0000 lr=2.26e-04 lambda=0.000 grl_lambda=0.000 v18_lambda=0.000 gpu=3.0/11.8GB
[20:59:58] [train] ep=36 step=010/40 ce=0.2584 sc=0.6362 mi=0.0273 dn=0.0000 v13=0.0000 grl=0.0000 v15=0.0000 v15r=0.0000 v16=0.0000 v17=0.0000 v18=0.0000 acc=1.0000 lr=2.25e-04 lambda=0.000 grl_lambda=0.000 v18_lambda=0.000 gpu=3.0/11.8GB
[21:00:04] [train] ep=36 step=020/40 ce=0.2582 sc=0.6361 mi=0.0273 dn=0.0000 v13=0.0000 grl=0.0000 v15=0.0000 v15r=0.0000 v16=0.0000 v17=0.0000 v18=0.0000 acc=1.0000 lr=2.24e-04 lambda=0.000 grl_lambda=0.000 v18_lambda=0.000 gpu=3.0/11.8GB
[21:00:10] [train] ep=36 step=030/40 ce=0.2581 sc=0.6225 mi=0.0269 dn=0.0000 v13=0.0000 grl=0.0000 v15=0.0000 v15r=0.0000 v16=0.0000 v17=0.0000 v18=0.0000 acc=1.0000 lr=2.23e-04 lambda=0.000 grl_lambda=0.000 v18_lambda=0.000 gpu=3.0/11.8GB
[21:00:16] [train] ep=36 step=040/40 ce=0.2582 sc=0.6322 mi=0.0267 dn=0.0000 v13=0.0000 grl=0.0000 v15=0.0000 v15r=0.0000 v16=0.0000 v17=0.0000 v18=0.0000 acc=1.0000 lr=2.22e-04 lambda=0.000 grl_lambda=0.000 v18_lambda=0.000 gpu=3.0/11.8GB
[21:00:27] [ep_summary] ep=36/100 val_live=0.9877/0.9878 val_ema=0.8086/0.7637 test77_live=0.2626/0.1285 test77_diag_ema=0.1403/0.0352 v13=0.0000 grl=0.0000 v15=0.0000 v15r=0.0000 v16=0.0000 v17=0.0000 v18=0.0000 das=off[0,0] p=0.00 ep_time=34.7s
[21:00:27] [train] epoch 37/100 steps=40 use_dann=0 das=off f=[0.0,0.0] p=0.00 gpu=3.0/11.8GB
[21:00:28] [train] ep=37 step=001/40 ce=0.2569 sc=0.7274 mi=0.0262 dn=0.0000 v13=0.0000 grl=0.0000 v15=0.0000 v15r=0.0000 v16=0.0000 v17=0.0000 v18=0.0000 acc=1.0000 lr=2.22e-04 lambda=0.000 grl_lambda=0.000 v18_lambda=0.000 gpu=3.0/11.8GB
[21:00:33] [train] ep=37 step=010/40 ce=0.2579 sc=0.6500 mi=0.0266 dn=0.0000 v13=0.0000 grl=0.0000 v15=0.0000 v15r=0.0000 v16=0.0000 v17=0.0000 v18=0.0000 acc=1.0000 lr=2.21e-04 lambda=0.000 grl_lambda=0.000 v18_lambda=0.000 gpu=3.0/11.8GB
[21:00:39] [train] ep=37 step=020/40 ce=0.2580 sc=0.6243 mi=0.0273 dn=0.0000 v13=0.0000 grl=0.0000 v15=0.0000 v15r=0.0000 v16=0.0000 v17=0.0000 v18=0.0000 acc=1.0000 lr=2.20e-04 lambda=0.000 grl_lambda=0.000 v18_lambda=0.000 gpu=3.0/11.8GB
[21:00:45] [train] ep=37 step=030/40 ce=0.2581 sc=0.7168 mi=0.0278 dn=0.0000 v13=0.0000 grl=0.0000 v15=0.0000 v15r=0.0000 v16=0.0000 v17=0.0000 v18=0.0000 acc=1.0000 lr=2.19e-04 lambda=0.000 grl_lambda=0.000 v18_lambda=0.000 gpu=3.0/11.8GB
[21:00:51] [train] ep=37 step=040/40 ce=0.2581 sc=0.7368 mi=0.0276 dn=0.0000 v13=0.0000 grl=0.0000 v15=0.0000 v15r=0.0000 v16=0.0000 v17=0.0000 v18=0.0000 acc=1.0000 lr=2.18e-04 lambda=0.000 grl_lambda=0.000 v18_lambda=0.000 gpu=3.0/11.8GB
[21:01:02] [ep_summary] ep=37/100 val_live=0.9877/0.9878 val_ema=0.8148/0.7768 test77_live=0.2662/0.1289 test77_diag_ema=0.1403/0.0352 v13=0.0000 grl=0.0000 v15=0.0000 v15r=0.0000 v16=0.0000 v17=0.0000 v18=0.0000 das=off[0,0] p=0.00 ep_time=35.0s
[21:01:02] [save] best_sourceval_ema val_acc_ema=0.8148 source_val_live=0.9877/0.9878 source_val_ema=0.8148/0.7768 ep=37
[21:01:02] [train] epoch 38/100 steps=40 use_dann=0 das=off f=[0.0,0.0] p=0.00 gpu=3.0/11.8GB
[21:01:03] [train] ep=38 step=001/40 ce=0.2568 sc=0.6132 mi=0.0267 dn=0.0000 v13=0.0000 grl=0.0000 v15=0.0000 v15r=0.0000 v16=0.0000 v17=0.0000 v18=0.0000 acc=1.0000 lr=2.18e-04 lambda=0.000 grl_lambda=0.000 v18_lambda=0.000 gpu=3.0/11.8GB
[21:01:08] [train] ep=38 step=010/40 ce=0.2578 sc=0.7015 mi=0.0273 dn=0.0000 v13=0.0000 grl=0.0000 v15=0.0000 v15r=0.0000 v16=0.0000 v17=0.0000 v18=0.0000 acc=1.0000 lr=2.17e-04 lambda=0.000 grl_lambda=0.000 v18_lambda=0.000 gpu=3.0/11.8GB
[21:01:14] [train] ep=38 step=020/40 ce=0.2580 sc=0.7207 mi=0.0279 dn=0.0000 v13=0.0000 grl=0.0000 v15=0.0000 v15r=0.0000 v16=0.0000 v17=0.0000 v18=0.0000 acc=1.0000 lr=2.16e-04 lambda=0.000 grl_lambda=0.000 v18_lambda=0.000 gpu=3.0/11.8GB
[21:01:20] [train] ep=38 step=030/40 ce=0.2581 sc=0.7348 mi=0.0275 dn=0.0000 v13=0.0000 grl=0.0000 v15=0.0000 v15r=0.0000 v16=0.0000 v17=0.0000 v18=0.0000 acc=1.0000 lr=2.15e-04 lambda=0.000 grl_lambda=0.000 v18_lambda=0.000 gpu=3.0/11.8GB
[21:01:25] [train] ep=38 step=040/40 ce=0.2580 sc=0.7363 mi=0.0271 dn=0.0000 v13=0.0000 grl=0.0000 v15=0.0000 v15r=0.0000 v16=0.0000 v17=0.0000 v18=0.0000 acc=1.0000 lr=2.14e-04 lambda=0.000 grl_lambda=0.000 v18_lambda=0.000 gpu=3.0/11.8GB
[21:01:36] [ep_summary] ep=38/100 val_live=0.9877/0.9878 val_ema=0.8148/0.7768 test77_live=0.2662/0.1276 test77_diag_ema=0.1403/0.0352 v13=0.0000 grl=0.0000 v15=0.0000 v15r=0.0000 v16=0.0000 v17=0.0000 v18=0.0000 das=off[0,0] p=0.00 ep_time=34.3s
[21:01:36] [train] epoch 39/100 steps=40 use_dann=0 das=off f=[0.0,0.0] p=0.00 gpu=3.0/11.8GB
[21:01:37] [train] ep=39 step=001/40 ce=0.2583 sc=0.8021 mi=0.0311 dn=0.0000 v13=0.0000 grl=0.0000 v15=0.0000 v15r=0.0000 v16=0.0000 v17=0.0000 v18=0.0000 acc=1.0000 lr=2.14e-04 lambda=0.000 grl_lambda=0.000 v18_lambda=0.000 gpu=3.0/11.8GB
[21:01:42] [train] ep=39 step=010/40 ce=0.2580 sc=0.7389 mi=0.0271 dn=0.0000 v13=0.0000 grl=0.0000 v15=0.0000 v15r=0.0000 v16=0.0000 v17=0.0000 v18=0.0000 acc=1.0000 lr=2.13e-04 lambda=0.000 grl_lambda=0.000 v18_lambda=0.000 gpu=3.0/11.8GB
[21:01:48] [train] ep=39 step=020/40 ce=0.2579 sc=0.7421 mi=0.0271 dn=0.0000 v13=0.0000 grl=0.0000 v15=0.0000 v15r=0.0000 v16=0.0000 v17=0.0000 v18=0.0000 acc=1.0000 lr=2.11e-04 lambda=0.000 grl_lambda=0.000 v18_lambda=0.000 gpu=3.0/11.8GB
[21:01:54] [train] ep=39 step=030/40 ce=0.2579 sc=0.7462 mi=0.0271 dn=0.0000 v13=0.0000 grl=0.0000 v15=0.0000 v15r=0.0000 v16=0.0000 v17=0.0000 v18=0.0000 acc=1.0000 lr=2.10e-04 lambda=0.000 grl_lambda=0.000 v18_lambda=0.000 gpu=3.0/11.8GB
[21:02:00] [train] ep=39 step=040/40 ce=0.2579 sc=0.7658 mi=0.0274 dn=0.0000 v13=0.0000 grl=0.0000 v15=0.0000 v15r=0.0000 v16=0.0000 v17=0.0000 v18=0.0000 acc=1.0000 lr=2.09e-04 lambda=0.000 grl_lambda=0.000 v18_lambda=0.000 gpu=3.0/11.8GB
[21:02:11] [ep_summary] ep=39/100 val_live=0.9877/0.9878 val_ema=0.8333/0.8074 test77_live=0.2698/0.1294 test77_diag_ema=0.1439/0.0422 v13=0.0000 grl=0.0000 v15=0.0000 v15r=0.0000 v16=0.0000 v17=0.0000 v18=0.0000 das=off[0,0] p=0.00 ep_time=34.2s
[21:02:11] [save] best_sourceval_ema val_acc_ema=0.8333 source_val_live=0.9877/0.9878 source_val_ema=0.8333/0.8074 ep=39
[21:02:11] [train] epoch 40/100 steps=40 use_dann=0 das=off f=[0.0,0.0] p=0.00 gpu=3.0/11.8GB
[21:02:11] [train] ep=40 step=001/40 ce=0.2571 sc=0.6136 mi=0.0251 dn=0.0000 v13=0.0000 grl=0.0000 v15=0.0000 v15r=0.0000 v16=0.0000 v17=0.0000 v18=0.0000 acc=1.0000 lr=2.09e-04 lambda=0.000 grl_lambda=0.000 v18_lambda=0.000 gpu=3.0/11.8GB
[21:02:16] [train] ep=40 step=010/40 ce=0.2577 sc=0.6522 mi=0.0283 dn=0.0000 v13=0.0000 grl=0.0000 v15=0.0000 v15r=0.0000 v16=0.0000 v17=0.0000 v18=0.0000 acc=1.0000 lr=2.08e-04 lambda=0.000 grl_lambda=0.000 v18_lambda=0.000 gpu=3.0/11.8GB
[21:02:22] [train] ep=40 step=020/40 ce=0.2577 sc=0.6701 mi=0.0275 dn=0.0000 v13=0.0000 grl=0.0000 v15=0.0000 v15r=0.0000 v16=0.0000 v17=0.0000 v18=0.0000 acc=1.0000 lr=2.07e-04 lambda=0.000 grl_lambda=0.000 v18_lambda=0.000 gpu=3.0/11.8GB
[21:02:28] [train] ep=40 step=030/40 ce=0.2577 sc=0.6716 mi=0.0271 dn=0.0000 v13=0.0000 grl=0.0000 v15=0.0000 v15r=0.0000 v16=0.0000 v17=0.0000 v18=0.0000 acc=1.0000 lr=2.06e-04 lambda=0.000 grl_lambda=0.000 v18_lambda=0.000 gpu=3.0/11.8GB
[21:02:34] [train] ep=40 step=040/40 ce=0.2577 sc=0.6868 mi=0.0268 dn=0.0000 v13=0.0000 grl=0.0000 v15=0.0000 v15r=0.0000 v16=0.0000 v17=0.0000 v18=0.0000 acc=1.0000 lr=2.05e-04 lambda=0.000 grl_lambda=0.000 v18_lambda=0.000 gpu=3.0/11.8GB
[21:02:45] [pool] check ep=040/100 source_val_acc_ema=0.8395 threshold=0.90
[21:02:45] [pool] ep=040 SKIP (source_val_acc_ema=0.8395 < 0.90)
[21:03:33] [ep_summary] ep=40/100 val_live=0.9877/0.9878 val_ema=0.8395/0.8182 test77_live=0.2698/0.1294 test77_diag_ema=0.1439/0.0422 v13=0.0000 grl=0.0000 v15=0.0000 v15r=0.0000 v16=0.0000 v17=0.0000 v18=0.0000 das=off[0,0] p=0.00 ep_time=82.2s
[21:03:33] [save] best_sourceval_ema val_acc_ema=0.8395 source_val_live=0.9877/0.9878 source_val_ema=0.8395/0.8182 ep=40
[21:03:33] [strict77_monitor] ep=40 best_source_epoch=40 source_val_ema=0.8395/0.8182 test77_ema_diag=0.1439/0.0422 sourcequalified_count=0
[21:03:33] [train] epoch 41/100 steps=40 use_dann=0 das=off f=[0.0,0.0] p=0.00 gpu=3.0/11.8GB
[21:03:33] [train] ep=41 step=001/40 ce=0.2577 sc=0.6279 mi=0.0288 dn=0.0000 v13=0.0000 grl=0.0000 v15=0.0000 v15r=0.0000 v16=0.0000 v17=0.0000 v18=0.0000 acc=1.0000 lr=2.05e-04 lambda=0.000 grl_lambda=0.000 v18_lambda=0.000 gpu=3.0/11.8GB
[21:03:39] [train] ep=41 step=010/40 ce=0.2577 sc=0.6877 mi=0.0275 dn=0.0000 v13=0.0000 grl=0.0000 v15=0.0000 v15r=0.0000 v16=0.0000 v17=0.0000 v18=0.0000 acc=1.0000 lr=2.04e-04 lambda=0.000 grl_lambda=0.000 v18_lambda=0.000 gpu=3.0/11.8GB
[21:03:45] [train] ep=41 step=020/40 ce=0.2577 sc=0.7422 mi=0.0277 dn=0.0000 v13=0.0000 grl=0.0000 v15=0.0000 v15r=0.0000 v16=0.0000 v17=0.0000 v18=0.0000 acc=1.0000 lr=2.02e-04 lambda=0.000 grl_lambda=0.000 v18_lambda=0.000 gpu=3.0/11.8GB
[21:03:51] [train] ep=41 step=030/40 ce=0.2577 sc=0.7306 mi=0.0272 dn=0.0000 v13=0.0000 grl=0.0000 v15=0.0000 v15r=0.0000 v16=0.0000 v17=0.0000 v18=0.0000 acc=1.0000 lr=2.01e-04 lambda=0.000 grl_lambda=0.000 v18_lambda=0.000 gpu=3.0/11.8GB
[21:03:57] [train] ep=41 step=040/40 ce=0.2575 sc=0.7009 mi=0.0268 dn=0.0000 v13=0.0000 grl=0.0000 v15=0.0000 v15r=0.0000 v16=0.0000 v17=0.0000 v18=0.0000 acc=1.0000 lr=2.00e-04 lambda=0.000 grl_lambda=0.000 v18_lambda=0.000 gpu=3.0/11.8GB
[21:04:17] [ep_summary] ep=41/100 val_live=0.9877/0.9878 val_ema=0.8457/0.8283 test77_live=0.2698/0.1290 test77_diag_ema=0.1439/0.0422 v13=0.0000 grl=0.0000 v15=0.0000 v15r=0.0000 v16=0.0000 v17=0.0000 v18=0.0000 das=off[0,0] p=0.00 ep_time=44.5s
[21:04:17] [save] best_sourceval_ema val_acc_ema=0.8457 source_val_live=0.9877/0.9878 source_val_ema=0.8457/0.8283 ep=41
[21:04:17] [train] epoch 42/100 steps=40 use_dann=0 das=off f=[0.0,0.0] p=0.00 gpu=3.0/11.8GB
[21:04:18] [train] ep=42 step=001/40 ce=0.2566 sc=0.2624 mi=0.0334 dn=0.0000 v13=0.0000 grl=0.0000 v15=0.0000 v15r=0.0000 v16=0.0000 v17=0.0000 v18=0.0000 acc=1.0000 lr=2.00e-04 lambda=0.000 grl_lambda=0.000 v18_lambda=0.000 gpu=3.0/11.8GB
[21:04:23] [train] ep=42 step=010/40 ce=0.2573 sc=0.6686 mi=0.0284 dn=0.0000 v13=0.0000 grl=0.0000 v15=0.0000 v15r=0.0000 v16=0.0000 v17=0.0000 v18=0.0000 acc=1.0000 lr=1.99e-04 lambda=0.000 grl_lambda=0.000 v18_lambda=0.000 gpu=3.0/11.8GB
[21:04:29] [train] ep=42 step=020/40 ce=0.2574 sc=0.6830 mi=0.0280 dn=0.0000 v13=0.0000 grl=0.0000 v15=0.0000 v15r=0.0000 v16=0.0000 v17=0.0000 v18=0.0000 acc=1.0000 lr=1.98e-04 lambda=0.000 grl_lambda=0.000 v18_lambda=0.000 gpu=3.0/11.8GB
[21:04:35] [train] ep=42 step=030/40 ce=0.2575 sc=0.6969 mi=0.0276 dn=0.0000 v13=0.0000 grl=0.0000 v15=0.0000 v15r=0.0000 v16=0.0000 v17=0.0000 v18=0.0000 acc=1.0000 lr=1.97e-04 lambda=0.000 grl_lambda=0.000 v18_lambda=0.000 gpu=3.0/11.8GB
[21:04:41] [train] ep=42 step=040/40 ce=0.2575 sc=0.7071 mi=0.0274 dn=0.0000 v13=0.0000 grl=0.0000 v15=0.0000 v15r=0.0000 v16=0.0000 v17=0.0000 v18=0.0000 acc=1.0000 lr=1.96e-04 lambda=0.000 grl_lambda=0.000 v18_lambda=0.000 gpu=3.0/11.8GB
[21:04:52] [ep_summary] ep=42/100 val_live=0.9877/0.9878 val_ema=0.8580/0.8470 test77_live=0.2698/0.1286 test77_diag_ema=0.1475/0.0488 v13=0.0000 grl=0.0000 v15=0.0000 v15r=0.0000 v16=0.0000 v17=0.0000 v18=0.0000 das=off[0,0] p=0.00 ep_time=34.7s
[21:04:52] [save] best_sourceval_ema val_acc_ema=0.8580 source_val_live=0.9877/0.9878 source_val_ema=0.8580/0.8470 ep=42
[21:04:52] [train] epoch 43/100 steps=40 use_dann=0 das=off f=[0.0,0.0] p=0.00 gpu=3.0/11.8GB
[21:04:53] [train] ep=43 step=001/40 ce=0.2574 sc=0.9442 mi=0.0260 dn=0.0000 v13=0.0000 grl=0.0000 v15=0.0000 v15r=0.0000 v16=0.0000 v17=0.0000 v18=0.0000 acc=1.0000 lr=1.95e-04 lambda=0.000 grl_lambda=0.000 v18_lambda=0.000 gpu=3.0/11.8GB
[21:04:58] [train] ep=43 step=010/40 ce=0.2572 sc=0.6805 mi=0.0271 dn=0.0000 v13=0.0000 grl=0.0000 v15=0.0000 v15r=0.0000 v16=0.0000 v17=0.0000 v18=0.0000 acc=1.0000 lr=1.94e-04 lambda=0.000 grl_lambda=0.000 v18_lambda=0.000 gpu=3.0/11.8GB
[21:05:04] [train] ep=43 step=020/40 ce=0.2574 sc=0.7417 mi=0.0263 dn=0.0000 v13=0.0000 grl=0.0000 v15=0.0000 v15r=0.0000 v16=0.0000 v17=0.0000 v18=0.0000 acc=1.0000 lr=1.93e-04 lambda=0.000 grl_lambda=0.000 v18_lambda=0.000 gpu=3.0/11.8GB
[21:05:10] [train] ep=43 step=030/40 ce=0.2573 sc=0.7349 mi=0.0259 dn=0.0000 v13=0.0000 grl=0.0000 v15=0.0000 v15r=0.0000 v16=0.0000 v17=0.0000 v18=0.0000 acc=1.0000 lr=1.92e-04 lambda=0.000 grl_lambda=0.000 v18_lambda=0.000 gpu=3.0/11.8GB
[21:05:16] [train] ep=43 step=040/40 ce=0.2573 sc=0.7084 mi=0.0259 dn=0.0000 v13=0.0000 grl=0.0000 v15=0.0000 v15r=0.0000 v16=0.0000 v17=0.0000 v18=0.0000 acc=1.0000 lr=1.91e-04 lambda=0.000 grl_lambda=0.000 v18_lambda=0.000 gpu=3.0/11.8GB
[21:05:27] [ep_summary] ep=43/100 val_live=0.9877/0.9878 val_ema=0.8642/0.8517 test77_live=0.2734/0.1304 test77_diag_ema=0.1511/0.0548 v13=0.0000 grl=0.0000 v15=0.0000 v15r=0.0000 v16=0.0000 v17=0.0000 v18=0.0000 das=off[0,0] p=0.00 ep_time=34.7s
[21:05:27] [save] best_sourceval_ema val_acc_ema=0.8642 source_val_live=0.9877/0.9878 source_val_ema=0.8642/0.8517 ep=43
[21:05:27] [train] epoch 44/100 steps=40 use_dann=0 das=off f=[0.0,0.0] p=0.00 gpu=3.0/11.8GB
[21:05:27] [train] ep=44 step=001/40 ce=0.2574 sc=0.7153 mi=0.0233 dn=0.0000 v13=0.0000 grl=0.0000 v15=0.0000 v15r=0.0000 v16=0.0000 v17=0.0000 v18=0.0000 acc=1.0000 lr=1.91e-04 lambda=0.000 grl_lambda=0.000 v18_lambda=0.000 gpu=3.0/11.8GB
[21:05:33] [train] ep=44 step=010/40 ce=0.2573 sc=0.6305 mi=0.0231 dn=0.0000 v13=0.0000 grl=0.0000 v15=0.0000 v15r=0.0000 v16=0.0000 v17=0.0000 v18=0.0000 acc=1.0000 lr=1.90e-04 lambda=0.000 grl_lambda=0.000 v18_lambda=0.000 gpu=3.0/11.8GB
[21:05:39] [train] ep=44 step=020/40 ce=0.2571 sc=0.6684 mi=0.0248 dn=0.0000 v13=0.0000 grl=0.0000 v15=0.0000 v15r=0.0000 v16=0.0000 v17=0.0000 v18=0.0000 acc=1.0000 lr=1.89e-04 lambda=0.000 grl_lambda=0.000 v18_lambda=0.000 gpu=3.0/11.8GB
[21:05:45] [train] ep=44 step=030/40 ce=0.2571 sc=0.6629 mi=0.0255 dn=0.0000 v13=0.0000 grl=0.0000 v15=0.0000 v15r=0.0000 v16=0.0000 v17=0.0000 v18=0.0000 acc=1.0000 lr=1.87e-04 lambda=0.000 grl_lambda=0.000 v18_lambda=0.000 gpu=3.0/11.8GB
[21:05:50] [train] ep=44 step=040/40 ce=0.2571 sc=0.6922 mi=0.0255 dn=0.0000 v13=0.0000 grl=0.0000 v15=0.0000 v15r=0.0000 v16=0.0000 v17=0.0000 v18=0.0000 acc=1.0000 lr=1.86e-04 lambda=0.000 grl_lambda=0.000 v18_lambda=0.000 gpu=3.0/11.8GB
[21:06:02] [ep_summary] ep=44/100 val_live=0.9877/0.9878 val_ema=0.8765/0.8687 test77_live=0.2734/0.1304 test77_diag_ema=0.1547/0.0603 v13=0.0000 grl=0.0000 v15=0.0000 v15r=0.0000 v16=0.0000 v17=0.0000 v18=0.0000 das=off[0,0] p=0.00 ep_time=35.5s
[21:06:02] [save] best_sourceval_ema val_acc_ema=0.8765 source_val_live=0.9877/0.9878 source_val_ema=0.8765/0.8687 ep=44
[21:06:02] [train] epoch 45/100 steps=40 use_dann=0 das=off f=[0.0,0.0] p=0.00 gpu=3.0/11.8GB
[21:06:03] [train] ep=45 step=001/40 ce=0.2570 sc=0.9607 mi=0.0247 dn=0.0000 v13=0.0000 grl=0.0000 v15=0.0000 v15r=0.0000 v16=0.0000 v17=0.0000 v18=0.0000 acc=1.0000 lr=1.86e-04 lambda=0.000 grl_lambda=0.000 v18_lambda=0.000 gpu=3.0/11.8GB
[21:06:08] [train] ep=45 step=010/40 ce=0.2571 sc=0.7371 mi=0.0249 dn=0.0000 v13=0.0000 grl=0.0000 v15=0.0000 v15r=0.0000 v16=0.0000 v17=0.0000 v18=0.0000 acc=1.0000 lr=1.85e-04 lambda=0.000 grl_lambda=0.000 v18_lambda=0.000 gpu=3.0/11.8GB
[21:06:14] [train] ep=45 step=020/40 ce=0.2571 sc=0.6806 mi=0.0268 dn=0.0000 v13=0.0000 grl=0.0000 v15=0.0000 v15r=0.0000 v16=0.0000 v17=0.0000 v18=0.0000 acc=1.0000 lr=1.84e-04 lambda=0.000 grl_lambda=0.000 v18_lambda=0.000 gpu=3.0/11.8GB
[21:06:20] [train] ep=45 step=030/40 ce=0.2570 sc=0.6607 mi=0.0263 dn=0.0000 v13=0.0000 grl=0.0000 v15=0.0000 v15r=0.0000 v16=0.0000 v17=0.0000 v18=0.0000 acc=1.0000 lr=1.83e-04 lambda=0.000 grl_lambda=0.000 v18_lambda=0.000 gpu=3.0/11.8GB
[21:06:26] [train] ep=45 step=040/40 ce=0.2570 sc=0.7016 mi=0.0265 dn=0.0000 v13=0.0000 grl=0.0000 v15=0.0000 v15r=0.0000 v16=0.0000 v17=0.0000 v18=0.0000 acc=1.0000 lr=1.81e-04 lambda=0.000 grl_lambda=0.000 v18_lambda=0.000 gpu=3.0/11.8GB
[21:06:38] [ep_summary] ep=45/100 val_live=0.9877/0.9878 val_ema=0.8889/0.8832 test77_live=0.2734/0.1304 test77_diag_ema=0.1583/0.0658 v13=0.0000 grl=0.0000 v15=0.0000 v15r=0.0000 v16=0.0000 v17=0.0000 v18=0.0000 das=off[0,0] p=0.00 ep_time=35.7s
[21:06:38] [save] best_sourceval_ema val_acc_ema=0.8889 source_val_live=0.9877/0.9878 source_val_ema=0.8889/0.8832 ep=45
[21:06:38] [train] epoch 46/100 steps=40 use_dann=0 das=off f=[0.0,0.0] p=0.00 gpu=3.0/11.8GB
[21:06:39] [train] ep=46 step=001/40 ce=0.2569 sc=0.7280 mi=0.0222 dn=0.0000 v13=0.0000 grl=0.0000 v15=0.0000 v15r=0.0000 v16=0.0000 v17=0.0000 v18=0.0000 acc=1.0000 lr=1.81e-04 lambda=0.000 grl_lambda=0.000 v18_lambda=0.000 gpu=3.0/11.8GB
[21:06:44] [train] ep=46 step=010/40 ce=0.2574 sc=0.7051 mi=0.0254 dn=0.0000 v13=0.0000 grl=0.0000 v15=0.0000 v15r=0.0000 v16=0.0000 v17=0.0000 v18=0.0000 acc=1.0000 lr=1.80e-04 lambda=0.000 grl_lambda=0.000 v18_lambda=0.000 gpu=3.0/11.8GB
[21:06:50] [train] ep=46 step=020/40 ce=0.2573 sc=0.7479 mi=0.0252 dn=0.0000 v13=0.0000 grl=0.0000 v15=0.0000 v15r=0.0000 v16=0.0000 v17=0.0000 v18=0.0000 acc=1.0000 lr=1.79e-04 lambda=0.000 grl_lambda=0.000 v18_lambda=0.000 gpu=3.0/11.8GB
[21:06:56] [train] ep=46 step=030/40 ce=0.2574 sc=0.7242 mi=0.0252 dn=0.0000 v13=0.0000 grl=0.0000 v15=0.0000 v15r=0.0000 v16=0.0000 v17=0.0000 v18=0.0000 acc=1.0000 lr=1.78e-04 lambda=0.000 grl_lambda=0.000 v18_lambda=0.000 gpu=3.0/11.8GB
[21:07:02] [train] ep=46 step=040/40 ce=0.2573 sc=0.7590 mi=0.0253 dn=0.0000 v13=0.0000 grl=0.0000 v15=0.0000 v15r=0.0000 v16=0.0000 v17=0.0000 v18=0.0000 acc=1.0000 lr=1.77e-04 lambda=0.000 grl_lambda=0.000 v18_lambda=0.000 gpu=3.0/11.8GB
[21:07:13] [ep_summary] ep=46/100 val_live=0.9877/0.9878 val_ema=0.8889/0.8859 test77_live=0.2734/0.1304 test77_diag_ema=0.1583/0.0658 v13=0.0000 grl=0.0000 v15=0.0000 v15r=0.0000 v16=0.0000 v17=0.0000 v18=0.0000 das=off[0,0] p=0.00 ep_time=34.7s
[21:07:13] [train] epoch 47/100 steps=40 use_dann=0 das=off f=[0.0,0.0] p=0.00 gpu=3.0/11.8GB
[21:07:14] [train] ep=47 step=001/40 ce=0.2568 sc=0.9888 mi=0.0227 dn=0.0000 v13=0.0000 grl=0.0000 v15=0.0000 v15r=0.0000 v16=0.0000 v17=0.0000 v18=0.0000 acc=1.0000 lr=1.77e-04 lambda=0.000 grl_lambda=0.000 v18_lambda=0.000 gpu=3.0/11.8GB
[21:07:19] [train] ep=47 step=010/40 ce=0.2568 sc=0.7416 mi=0.0255 dn=0.0000 v13=0.0000 grl=0.0000 v15=0.0000 v15r=0.0000 v16=0.0000 v17=0.0000 v18=0.0000 acc=1.0000 lr=1.76e-04 lambda=0.000 grl_lambda=0.000 v18_lambda=0.000 gpu=3.0/11.8GB
[21:07:25] [train] ep=47 step=020/40 ce=0.2568 sc=0.7456 mi=0.0254 dn=0.0000 v13=0.0000 grl=0.0000 v15=0.0000 v15r=0.0000 v16=0.0000 v17=0.0000 v18=0.0000 acc=1.0000 lr=1.74e-04 lambda=0.000 grl_lambda=0.000 v18_lambda=0.000 gpu=3.0/11.8GB
[21:07:30] [train] ep=47 step=030/40 ce=0.2569 sc=0.7897 mi=0.0249 dn=0.0000 v13=0.0000 grl=0.0000 v15=0.0000 v15r=0.0000 v16=0.0000 v17=0.0000 v18=0.0000 acc=1.0000 lr=1.73e-04 lambda=0.000 grl_lambda=0.000 v18_lambda=0.000 gpu=3.0/11.8GB
[21:07:36] [train] ep=47 step=040/40 ce=0.2569 sc=0.7480 mi=0.0252 dn=0.0000 v13=0.0000 grl=0.0000 v15=0.0000 v15r=0.0000 v16=0.0000 v17=0.0000 v18=0.0000 acc=1.0000 lr=1.72e-04 lambda=0.000 grl_lambda=0.000 v18_lambda=0.000 gpu=3.0/11.8GB
[21:07:49] [ep_summary] ep=47/100 val_live=0.9877/0.9878 val_ema=0.8889/0.8859 test77_live=0.2698/0.1286 test77_diag_ema=0.1691/0.0798 v13=0.0000 grl=0.0000 v15=0.0000 v15r=0.0000 v16=0.0000 v17=0.0000 v18=0.0000 das=off[0,0] p=0.00 ep_time=35.7s
[21:07:49] [train] epoch 48/100 steps=40 use_dann=0 das=off f=[0.0,0.0] p=0.00 gpu=3.0/11.8GB
[21:07:49] [train] ep=48 step=001/40 ce=0.2576 sc=0.8391 mi=0.0168 dn=0.0000 v13=0.0000 grl=0.0000 v15=0.0000 v15r=0.0000 v16=0.0000 v17=0.0000 v18=0.0000 acc=1.0000 lr=1.72e-04 lambda=0.000 grl_lambda=0.000 v18_lambda=0.000 gpu=3.0/11.8GB
[21:07:54] [train] ep=48 step=010/40 ce=0.2570 sc=0.6723 mi=0.0243 dn=0.0000 v13=0.0000 grl=0.0000 v15=0.0000 v15r=0.0000 v16=0.0000 v17=0.0000 v18=0.0000 acc=1.0000 lr=1.71e-04 lambda=0.000 grl_lambda=0.000 v18_lambda=0.000 gpu=3.0/11.8GB
[21:08:00] [train] ep=48 step=020/40 ce=0.2571 sc=0.7359 mi=0.0245 dn=0.0000 v13=0.0000 grl=0.0000 v15=0.0000 v15r=0.0000 v16=0.0000 v17=0.0000 v18=0.0000 acc=1.0000 lr=1.69e-04 lambda=0.000 grl_lambda=0.000 v18_lambda=0.000 gpu=3.0/11.8GB
[21:08:06] [train] ep=48 step=030/40 ce=0.2571 sc=0.7244 mi=0.0252 dn=0.0000 v13=0.0000 grl=0.0000 v15=0.0000 v15r=0.0000 v16=0.0000 v17=0.0000 v18=0.0000 acc=1.0000 lr=1.68e-04 lambda=0.000 grl_lambda=0.000 v18_lambda=0.000 gpu=3.0/11.8GB
[21:08:12] [train] ep=48 step=040/40 ce=0.2571 sc=0.7390 mi=0.0258 dn=0.0000 v13=0.0000 grl=0.0000 v15=0.0000 v15r=0.0000 v16=0.0000 v17=0.0000 v18=0.0000 acc=1.0000 lr=1.67e-04 lambda=0.000 grl_lambda=0.000 v18_lambda=0.000 gpu=3.0/11.8GB
[21:08:23] [ep_summary] ep=48/100 val_live=0.9877/0.9878 val_ema=0.8889/0.8859 test77_live=0.2734/0.1296 test77_diag_ema=0.1727/0.0837 v13=0.0000 grl=0.0000 v15=0.0000 v15r=0.0000 v16=0.0000 v17=0.0000 v18=0.0000 das=off[0,0] p=0.00 ep_time=34.0s
[21:08:23] [train] epoch 49/100 steps=40 use_dann=0 das=off f=[0.0,0.0] p=0.00 gpu=3.0/11.8GB
[21:08:23] [train] ep=49 step=001/40 ce=0.2564 sc=0.6320 mi=0.0253 dn=0.0000 v13=0.0000 grl=0.0000 v15=0.0000 v15r=0.0000 v16=0.0000 v17=0.0000 v18=0.0000 acc=1.0000 lr=1.67e-04 lambda=0.000 grl_lambda=0.000 v18_lambda=0.000 gpu=3.0/11.8GB
[21:08:29] [train] ep=49 step=010/40 ce=0.2571 sc=0.7283 mi=0.0274 dn=0.0000 v13=0.0000 grl=0.0000 v15=0.0000 v15r=0.0000 v16=0.0000 v17=0.0000 v18=0.0000 acc=1.0000 lr=1.66e-04 lambda=0.000 grl_lambda=0.000 v18_lambda=0.000 gpu=3.0/11.8GB
[21:08:35] [train] ep=49 step=020/40 ce=0.2571 sc=0.7412 mi=0.0257 dn=0.0000 v13=0.0000 grl=0.0000 v15=0.0000 v15r=0.0000 v16=0.0000 v17=0.0000 v18=0.0000 acc=1.0000 lr=1.65e-04 lambda=0.000 grl_lambda=0.000 v18_lambda=0.000 gpu=3.0/11.8GB
[21:08:40] [train] ep=49 step=030/40 ce=0.2571 sc=0.7513 mi=0.0252 dn=0.0000 v13=0.0000 grl=0.0000 v15=0.0000 v15r=0.0000 v16=0.0000 v17=0.0000 v18=0.0000 acc=1.0000 lr=1.63e-04 lambda=0.000 grl_lambda=0.000 v18_lambda=0.000 gpu=3.0/11.8GB
[21:08:46] [train] ep=49 step=040/40 ce=0.2571 sc=0.7639 mi=0.0252 dn=0.0000 v13=0.0000 grl=0.0000 v15=0.0000 v15r=0.0000 v16=0.0000 v17=0.0000 v18=0.0000 acc=1.0000 lr=1.62e-04 lambda=0.000 grl_lambda=0.000 v18_lambda=0.000 gpu=3.0/11.8GB
[21:08:58] [ep_summary] ep=49/100 val_live=0.9877/0.9878 val_ema=0.8889/0.8859 test77_live=0.2734/0.1296 test77_diag_ema=0.1763/0.0880 v13=0.0000 grl=0.0000 v15=0.0000 v15r=0.0000 v16=0.0000 v17=0.0000 v18=0.0000 das=off[0,0] p=0.00 ep_time=35.0s
[21:08:58] [train] epoch 50/100 steps=40 use_dann=0 das=off f=[0.0,0.0] p=0.00 gpu=3.0/11.8GB
[21:08:58] [train] ep=50 step=001/40 ce=0.2567 sc=0.7610 mi=0.0256 dn=0.0000 v13=0.0000 grl=0.0000 v15=0.0000 v15r=0.0000 v16=0.0000 v17=0.0000 v18=0.0000 acc=1.0000 lr=1.62e-04 lambda=0.000 grl_lambda=0.000 v18_lambda=0.000 gpu=3.0/11.8GB
[21:09:04] [train] ep=50 step=010/40 ce=0.2568 sc=0.6579 mi=0.0258 dn=0.0000 v13=0.0000 grl=0.0000 v15=0.0000 v15r=0.0000 v16=0.0000 v17=0.0000 v18=0.0000 acc=1.0000 lr=1.61e-04 lambda=0.000 grl_lambda=0.000 v18_lambda=0.000 gpu=3.0/11.8GB
[21:09:10] [train] ep=50 step=020/40 ce=0.2567 sc=0.7355 mi=0.0260 dn=0.0000 v13=0.0000 grl=0.0000 v15=0.0000 v15r=0.0000 v16=0.0000 v17=0.0000 v18=0.0000 acc=1.0000 lr=1.60e-04 lambda=0.000 grl_lambda=0.000 v18_lambda=0.000 gpu=3.0/11.8GB
[21:09:15] [train] ep=50 step=030/40 ce=0.2566 sc=0.7308 mi=0.0260 dn=0.0000 v13=0.0000 grl=0.0000 v15=0.0000 v15r=0.0000 v16=0.0000 v17=0.0000 v18=0.0000 acc=1.0000 lr=1.59e-04 lambda=0.000 grl_lambda=0.000 v18_lambda=0.000 gpu=3.0/11.8GB
[21:09:21] [train] ep=50 step=040/40 ce=0.2567 sc=0.7319 mi=0.0255 dn=0.0000 v13=0.0000 grl=0.0000 v15=0.0000 v15r=0.0000 v16=0.0000 v17=0.0000 v18=0.0000 acc=1.0000 lr=1.57e-04 lambda=0.000 grl_lambda=0.000 v18_lambda=0.000 gpu=3.0/11.8GB
[21:09:32] [pool] check ep=050/100 source_val_acc_ema=0.8889 threshold=0.90
[21:09:32] [pool] ep=050 SKIP (source_val_acc_ema=0.8889 < 0.90)
[21:09:32] [ep_summary] ep=50/100 val_live=0.9877/0.9878 val_ema=0.8889/0.8859 test77_live=0.2734/0.1300 test77_diag_ema=0.1799/0.0923 v13=0.0000 grl=0.0000 v15=0.0000 v15r=0.0000 v16=0.0000 v17=0.0000 v18=0.0000 das=off[0,0] p=0.00 ep_time=34.5s
[21:09:32] [strict77_monitor] ep=50 best_source_epoch=45 source_val_ema=0.8889/0.8832 test77_ema_diag=0.1583/0.0658 sourcequalified_count=0
[21:09:32] [train] epoch 51/100 steps=40 use_dann=0 das=off f=[0.0,0.0] p=0.00 gpu=3.0/11.8GB
[21:09:33] [train] ep=51 step=001/40 ce=0.2562 sc=0.5224 mi=0.0226 dn=0.0000 v13=0.0000 grl=0.0000 v15=0.0000 v15r=0.0000 v16=0.0000 v17=0.0000 v18=0.0000 acc=1.0000 lr=1.57e-04 lambda=0.000 grl_lambda=0.000 v18_lambda=0.000 gpu=3.0/11.8GB
[21:09:38] [train] ep=51 step=010/40 ce=0.2566 sc=0.6972 mi=0.0263 dn=0.0000 v13=0.0000 grl=0.0000 v15=0.0000 v15r=0.0000 v16=0.0000 v17=0.0000 v18=0.0000 acc=1.0000 lr=1.56e-04 lambda=0.000 grl_lambda=0.000 v18_lambda=0.000 gpu=3.0/11.8GB
[21:09:44] [train] ep=51 step=020/40 ce=0.2568 sc=0.7048 mi=0.0250 dn=0.0000 v13=0.0000 grl=0.0000 v15=0.0000 v15r=0.0000 v16=0.0000 v17=0.0000 v18=0.0000 acc=1.0000 lr=1.55e-04 lambda=0.000 grl_lambda=0.000 v18_lambda=0.000 gpu=3.0/11.8GB
[21:09:50] [train] ep=51 step=030/40 ce=0.2568 sc=0.7226 mi=0.0241 dn=0.0000 v13=0.0000 grl=0.0000 v15=0.0000 v15r=0.0000 v16=0.0000 v17=0.0000 v18=0.0000 acc=1.0000 lr=1.54e-04 lambda=0.000 grl_lambda=0.000 v18_lambda=0.000 gpu=3.0/11.8GB
[21:09:56] [train] ep=51 step=040/40 ce=0.2567 sc=0.7430 mi=0.0242 dn=0.0000 v13=0.0000 grl=0.0000 v15=0.0000 v15r=0.0000 v16=0.0000 v17=0.0000 v18=0.0000 acc=1.0000 lr=1.53e-04 lambda=0.000 grl_lambda=0.000 v18_lambda=0.000 gpu=3.0/11.8GB
[21:10:07] [ep_summary] ep=51/100 val_live=0.9877/0.9878 val_ema=0.8889/0.8859 test77_live=0.2734/0.1300 test77_diag_ema=0.1835/0.0939 v13=0.0000 grl=0.0000 v15=0.0000 v15r=0.0000 v16=0.0000 v17=0.0000 v18=0.0000 das=off[0,0] p=0.00 ep_time=34.4s
[21:10:07] [train] epoch 52/100 steps=40 use_dann=0 das=off f=[0.0,0.0] p=0.00 gpu=3.0/11.8GB
[21:10:07] [train] ep=52 step=001/40 ce=0.2563 sc=0.9639 mi=0.0207 dn=0.0000 v13=0.0000 grl=0.0000 v15=0.0000 v15r=0.0000 v16=0.0000 v17=0.0000 v18=0.0000 acc=1.0000 lr=1.52e-04 lambda=0.000 grl_lambda=0.000 v18_lambda=0.000 gpu=3.0/11.8GB
[21:10:12] [train] ep=52 step=010/40 ce=0.2563 sc=0.8252 mi=0.0241 dn=0.0000 v13=0.0000 grl=0.0000 v15=0.0000 v15r=0.0000 v16=0.0000 v17=0.0000 v18=0.0000 acc=1.0000 lr=1.51e-04 lambda=0.000 grl_lambda=0.000 v18_lambda=0.000 gpu=3.0/11.8GB
[21:10:18] [train] ep=52 step=020/40 ce=0.2564 sc=0.7480 mi=0.0238 dn=0.0000 v13=0.0000 grl=0.0000 v15=0.0000 v15r=0.0000 v16=0.0000 v17=0.0000 v18=0.0000 acc=1.0000 lr=1.50e-04 lambda=0.000 grl_lambda=0.000 v18_lambda=0.000 gpu=3.0/11.8GB
[21:10:24] [train] ep=52 step=030/40 ce=0.2564 sc=0.7381 mi=0.0237 dn=0.0000 v13=0.0000 grl=0.0000 v15=0.0000 v15r=0.0000 v16=0.0000 v17=0.0000 v18=0.0000 acc=1.0000 lr=1.49e-04 lambda=0.000 grl_lambda=0.000 v18_lambda=0.000 gpu=3.0/11.8GB
[21:10:30] [train] ep=52 step=040/40 ce=0.2564 sc=0.7384 mi=0.0235 dn=0.0000 v13=0.0000 grl=0.0000 v15=0.0000 v15r=0.0000 v16=0.0000 v17=0.0000 v18=0.0000 acc=1.0000 lr=1.48e-04 lambda=0.000 grl_lambda=0.000 v18_lambda=0.000 gpu=3.0/11.8GB
[21:10:41] [ep_summary] ep=52/100 val_live=0.9877/0.9878 val_ema=0.8889/0.8859 test77_live=0.2770/0.1306 test77_diag_ema=0.1978/0.1076 v13=0.0000 grl=0.0000 v15=0.0000 v15r=0.0000 v16=0.0000 v17=0.0000 v18=0.0000 das=off[0,0] p=0.00 ep_time=34.4s
[21:10:41] [train] epoch 53/100 steps=40 use_dann=0 das=off f=[0.0,0.0] p=0.00 gpu=3.0/11.8GB
[21:10:42] [train] ep=53 step=001/40 ce=0.2569 sc=0.7567 mi=0.0222 dn=0.0000 v13=0.0000 grl=0.0000 v15=0.0000 v15r=0.0000 v16=0.0000 v17=0.0000 v18=0.0000 acc=1.0000 lr=1.48e-04 lambda=0.000 grl_lambda=0.000 v18_lambda=0.000 gpu=3.0/11.8GB
[21:10:47] [train] ep=53 step=010/40 ce=0.2564 sc=0.8815 mi=0.0235 dn=0.0000 v13=0.0000 grl=0.0000 v15=0.0000 v15r=0.0000 v16=0.0000 v17=0.0000 v18=0.0000 acc=1.0000 lr=1.46e-04 lambda=0.000 grl_lambda=0.000 v18_lambda=0.000 gpu=3.0/11.8GB
[21:10:53] [train] ep=53 step=020/40 ce=0.2565 sc=0.7755 mi=0.0240 dn=0.0000 v13=0.0000 grl=0.0000 v15=0.0000 v15r=0.0000 v16=0.0000 v17=0.0000 v18=0.0000 acc=1.0000 lr=1.45e-04 lambda=0.000 grl_lambda=0.000 v18_lambda=0.000 gpu=3.0/11.8GB
[21:10:59] [train] ep=53 step=030/40 ce=0.2565 sc=0.7779 mi=0.0239 dn=0.0000 v13=0.0000 grl=0.0000 v15=0.0000 v15r=0.0000 v16=0.0000 v17=0.0000 v18=0.0000 acc=1.0000 lr=1.44e-04 lambda=0.000 grl_lambda=0.000 v18_lambda=0.000 gpu=3.0/11.8GB
[21:11:04] [train] ep=53 step=040/40 ce=0.2565 sc=0.8031 mi=0.0241 dn=0.0000 v13=0.0000 grl=0.0000 v15=0.0000 v15r=0.0000 v16=0.0000 v17=0.0000 v18=0.0000 acc=1.0000 lr=1.43e-04 lambda=0.000 grl_lambda=0.000 v18_lambda=0.000 gpu=3.0/11.8GB
[21:11:46] [ep_summary] ep=53/100 val_live=0.9877/0.9878 val_ema=0.8889/0.8859 test77_live=0.2734/0.1296 test77_diag_ema=0.1978/0.1067 v13=0.0000 grl=0.0000 v15=0.0000 v15r=0.0000 v16=0.0000 v17=0.0000 v18=0.0000 das=off[0,0] p=0.00 ep_time=65.2s
[21:11:46] [train] epoch 54/100 steps=40 use_dann=0 das=off f=[0.0,0.0] p=0.00 gpu=3.0/11.8GB
[21:11:47] [train] ep=54 step=001/40 ce=0.2576 sc=0.7125 mi=0.0234 dn=0.0000 v13=0.0000 grl=0.0000 v15=0.0000 v15r=0.0000 v16=0.0000 v17=0.0000 v18=0.0000 acc=1.0000 lr=1.43e-04 lambda=0.000 grl_lambda=0.000 v18_lambda=0.000 gpu=3.0/11.8GB
[21:11:52] [train] ep=54 step=010/40 ce=0.2563 sc=0.7029 mi=0.0266 dn=0.0000 v13=0.0000 grl=0.0000 v15=0.0000 v15r=0.0000 v16=0.0000 v17=0.0000 v18=0.0000 acc=1.0000 lr=1.42e-04 lambda=0.000 grl_lambda=0.000 v18_lambda=0.000 gpu=3.0/11.8GB
[21:11:58] [train] ep=54 step=020/40 ce=0.2564 sc=0.7044 mi=0.0253 dn=0.0000 v13=0.0000 grl=0.0000 v15=0.0000 v15r=0.0000 v16=0.0000 v17=0.0000 v18=0.0000 acc=1.0000 lr=1.40e-04 lambda=0.000 grl_lambda=0.000 v18_lambda=0.000 gpu=3.0/11.8GB
[21:12:04] [train] ep=54 step=030/40 ce=0.2565 sc=0.7462 mi=0.0253 dn=0.0000 v13=0.0000 grl=0.0000 v15=0.0000 v15r=0.0000 v16=0.0000 v17=0.0000 v18=0.0000 acc=1.0000 lr=1.39e-04 lambda=0.000 grl_lambda=0.000 v18_lambda=0.000 gpu=3.0/11.8GB
[21:12:10] [train] ep=54 step=040/40 ce=0.2565 sc=0.7654 mi=0.0254 dn=0.0000 v13=0.0000 grl=0.0000 v15=0.0000 v15r=0.0000 v16=0.0000 v17=0.0000 v18=0.0000 acc=1.0000 lr=1.38e-04 lambda=0.000 grl_lambda=0.000 v18_lambda=0.000 gpu=3.0/11.8GB
[21:12:37] [ep_summary] ep=54/100 val_live=0.9877/0.9878 val_ema=0.9012/0.8991 test77_live=0.2734/0.1292 test77_diag_ema=0.2014/0.1091 v13=0.0000 grl=0.0000 v15=0.0000 v15r=0.0000 v16=0.0000 v17=0.0000 v18=0.0000 das=off[0,0] p=0.00 ep_time=51.0s
[21:12:37] [save] best_sourceval_ema val_acc_ema=0.9012 source_val_live=0.9877/0.9878 source_val_ema=0.9012/0.8991 ep=54
[21:12:37] [save] best_sourcequalified77_ema ep=54 source_val_live=0.9877/0.9878 source_val_ema=0.9012/0.8991 test77_ema=0.2014/0.1091
[21:12:37] [train] epoch 55/100 steps=40 use_dann=0 das=off f=[0.0,0.0] p=0.00 gpu=3.0/11.8GB
[21:12:38] [train] ep=55 step=001/40 ce=0.2565 sc=0.5370 mi=0.0239 dn=0.0000 v13=0.0000 grl=0.0000 v15=0.0000 v15r=0.0000 v16=0.0000 v17=0.0000 v18=0.0000 acc=1.0000 lr=1.38e-04 lambda=0.000 grl_lambda=0.000 v18_lambda=0.000 gpu=3.0/11.8GB
[21:12:43] [train] ep=55 step=010/40 ce=0.2566 sc=0.7684 mi=0.0244 dn=0.0000 v13=0.0000 grl=0.0000 v15=0.0000 v15r=0.0000 v16=0.0000 v17=0.0000 v18=0.0000 acc=1.0000 lr=1.37e-04 lambda=0.000 grl_lambda=0.000 v18_lambda=0.000 gpu=3.0/11.8GB
[21:12:49] [train] ep=55 step=020/40 ce=0.2565 sc=0.7678 mi=0.0246 dn=0.0000 v13=0.0000 grl=0.0000 v15=0.0000 v15r=0.0000 v16=0.0000 v17=0.0000 v18=0.0000 acc=1.0000 lr=1.36e-04 lambda=0.000 grl_lambda=0.000 v18_lambda=0.000 gpu=3.0/11.8GB
[21:12:55] [train] ep=55 step=030/40 ce=0.2564 sc=0.7094 mi=0.0249 dn=0.0000 v13=0.0000 grl=0.0000 v15=0.0000 v15r=0.0000 v16=0.0000 v17=0.0000 v18=0.0000 acc=1.0000 lr=1.34e-04 lambda=0.000 grl_lambda=0.000 v18_lambda=0.000 gpu=3.0/11.8GB
[21:13:01] [train] ep=55 step=040/40 ce=0.2564 sc=0.7106 mi=0.0245 dn=0.0000 v13=0.0000 grl=0.0000 v15=0.0000 v15r=0.0000 v16=0.0000 v17=0.0000 v18=0.0000 acc=1.0000 lr=1.33e-04 lambda=0.000 grl_lambda=0.000 v18_lambda=0.000 gpu=3.0/11.8GB
[21:13:12] [ep_summary] ep=55/100 val_live=0.9877/0.9878 val_ema=0.9012/0.8991 test77_live=0.2734/0.1292 test77_diag_ema=0.2086/0.1145 v13=0.0000 grl=0.0000 v15=0.0000 v15r=0.0000 v16=0.0000 v17=0.0000 v18=0.0000 das=off[0,0] p=0.00 ep_time=34.2s
[21:13:12] [save] best_sourcequalified77_ema ep=55 source_val_live=0.9877/0.9878 source_val_ema=0.9012/0.8991 test77_ema=0.2086/0.1145
[21:13:12] [train] epoch 56/100 steps=40 use_dann=0 das=off f=[0.0,0.0] p=0.00 gpu=3.0/11.8GB
[21:13:12] [train] ep=56 step=001/40 ce=0.2571 sc=1.1735 mi=0.0221 dn=0.0000 v13=0.0000 grl=0.0000 v15=0.0000 v15r=0.0000 v16=0.0000 v17=0.0000 v18=0.0000 acc=1.0000 lr=1.33e-04 lambda=0.000 grl_lambda=0.000 v18_lambda=0.000 gpu=3.0/11.8GB
[21:13:17] [train] ep=56 step=010/40 ce=0.2565 sc=0.8172 mi=0.0225 dn=0.0000 v13=0.0000 grl=0.0000 v15=0.0000 v15r=0.0000 v16=0.0000 v17=0.0000 v18=0.0000 acc=1.0000 lr=1.32e-04 lambda=0.000 grl_lambda=0.000 v18_lambda=0.000 gpu=3.0/11.8GB
[21:13:23] [train] ep=56 step=020/40 ce=0.2565 sc=0.7805 mi=0.0232 dn=0.0000 v13=0.0000 grl=0.0000 v15=0.0000 v15r=0.0000 v16=0.0000 v17=0.0000 v18=0.0000 acc=1.0000 lr=1.31e-04 lambda=0.000 grl_lambda=0.000 v18_lambda=0.000 gpu=3.0/11.8GB
[21:13:29] [train] ep=56 step=030/40 ce=0.2564 sc=0.7667 mi=0.0239 dn=0.0000 v13=0.0000 grl=0.0000 v15=0.0000 v15r=0.0000 v16=0.0000 v17=0.0000 v18=0.0000 acc=1.0000 lr=1.30e-04 lambda=0.000 grl_lambda=0.000 v18_lambda=0.000 gpu=3.0/11.8GB
[21:13:35] [train] ep=56 step=040/40 ce=0.2564 sc=0.7869 mi=0.0239 dn=0.0000 v13=0.0000 grl=0.0000 v15=0.0000 v15r=0.0000 v16=0.0000 v17=0.0000 v18=0.0000 acc=1.0000 lr=1.28e-04 lambda=0.000 grl_lambda=0.000 v18_lambda=0.000 gpu=3.0/11.8GB
[21:13:46] [ep_summary] ep=56/100 val_live=0.9877/0.9878 val_ema=0.9136/0.9130 test77_live=0.2734/0.1304 test77_diag_ema=0.2122/0.1175 v13=0.0000 grl=0.0000 v15=0.0000 v15r=0.0000 v16=0.0000 v17=0.0000 v18=0.0000 das=off[0,0] p=0.00 ep_time=34.1s
[21:13:46] [save] best_sourceval_ema val_acc_ema=0.9136 source_val_live=0.9877/0.9878 source_val_ema=0.9136/0.9130 ep=56
[21:13:46] [save] best_sourcequalified77_ema ep=56 source_val_live=0.9877/0.9878 source_val_ema=0.9136/0.9130 test77_ema=0.2122/0.1175
[21:13:46] [train] epoch 57/100 steps=40 use_dann=0 das=off f=[0.0,0.0] p=0.00 gpu=3.0/11.8GB
[21:13:46] [train] ep=57 step=001/40 ce=0.2561 sc=0.6135 mi=0.0229 dn=0.0000 v13=0.0000 grl=0.0000 v15=0.0000 v15r=0.0000 v16=0.0000 v17=0.0000 v18=0.0000 acc=1.0000 lr=1.28e-04 lambda=0.000 grl_lambda=0.000 v18_lambda=0.000 gpu=3.0/11.8GB
[21:13:52] [train] ep=57 step=010/40 ce=0.2566 sc=0.6151 mi=0.0245 dn=0.0000 v13=0.0000 grl=0.0000 v15=0.0000 v15r=0.0000 v16=0.0000 v17=0.0000 v18=0.0000 acc=1.0000 lr=1.27e-04 lambda=0.000 grl_lambda=0.000 v18_lambda=0.000 gpu=3.0/11.8GB
[21:13:57] [train] ep=57 step=020/40 ce=0.2565 sc=0.6767 mi=0.0245 dn=0.0000 v13=0.0000 grl=0.0000 v15=0.0000 v15r=0.0000 v16=0.0000 v17=0.0000 v18=0.0000 acc=1.0000 lr=1.26e-04 lambda=0.000 grl_lambda=0.000 v18_lambda=0.000 gpu=3.0/11.8GB
[21:14:03] [train] ep=57 step=030/40 ce=0.2564 sc=0.7100 mi=0.0241 dn=0.0000 v13=0.0000 grl=0.0000 v15=0.0000 v15r=0.0000 v16=0.0000 v17=0.0000 v18=0.0000 acc=1.0000 lr=1.25e-04 lambda=0.000 grl_lambda=0.000 v18_lambda=0.000 gpu=3.0/11.8GB
[21:14:09] [train] ep=57 step=040/40 ce=0.2564 sc=0.7169 mi=0.0238 dn=0.0000 v13=0.0000 grl=0.0000 v15=0.0000 v15r=0.0000 v16=0.0000 v17=0.0000 v18=0.0000 acc=1.0000 lr=1.24e-04 lambda=0.000 grl_lambda=0.000 v18_lambda=0.000 gpu=3.0/11.8GB
[21:14:22] [ep_summary] ep=57/100 val_live=0.9877/0.9878 val_ema=0.9259/0.9258 test77_live=0.2734/0.1304 test77_diag_ema=0.2194/0.1224 v13=0.0000 grl=0.0000 v15=0.0000 v15r=0.0000 v16=0.0000 v17=0.0000 v18=0.0000 das=off[0,0] p=0.00 ep_time=36.2s
[21:14:22] [save] best_sourceval_ema val_acc_ema=0.9259 source_val_live=0.9877/0.9878 source_val_ema=0.9259/0.9258 ep=57
[21:14:22] [save] best_sourcequalified77_ema ep=57 source_val_live=0.9877/0.9878 source_val_ema=0.9259/0.9258 test77_ema=0.2194/0.1224
[21:14:22] [train] epoch 58/100 steps=40 use_dann=0 das=off f=[0.0,0.0] p=0.00 gpu=3.0/11.8GB
[21:14:23] [train] ep=58 step=001/40 ce=0.2560 sc=0.7272 mi=0.0261 dn=0.0000 v13=0.0000 grl=0.0000 v15=0.0000 v15r=0.0000 v16=0.0000 v17=0.0000 v18=0.0000 acc=1.0000 lr=1.23e-04 lambda=0.000 grl_lambda=0.000 v18_lambda=0.000 gpu=3.0/11.8GB
[21:14:28] [train] ep=58 step=010/40 ce=0.2564 sc=0.7361 mi=0.0247 dn=0.0000 v13=0.0000 grl=0.0000 v15=0.0000 v15r=0.0000 v16=0.0000 v17=0.0000 v18=0.0000 acc=1.0000 lr=1.22e-04 lambda=0.000 grl_lambda=0.000 v18_lambda=0.000 gpu=3.0/11.8GB
[21:14:34] [train] ep=58 step=020/40 ce=0.2563 sc=0.7368 mi=0.0240 dn=0.0000 v13=0.0000 grl=0.0000 v15=0.0000 v15r=0.0000 v16=0.0000 v17=0.0000 v18=0.0000 acc=1.0000 lr=1.21e-04 lambda=0.000 grl_lambda=0.000 v18_lambda=0.000 gpu=3.0/11.8GB
[21:14:40] [train] ep=58 step=030/40 ce=0.2563 sc=0.7662 mi=0.0234 dn=0.0000 v13=0.0000 grl=0.0000 v15=0.0000 v15r=0.0000 v16=0.0000 v17=0.0000 v18=0.0000 acc=1.0000 lr=1.20e-04 lambda=0.000 grl_lambda=0.000 v18_lambda=0.000 gpu=3.0/11.8GB
[21:14:46] [train] ep=58 step=040/40 ce=0.2563 sc=0.7775 mi=0.0236 dn=0.0000 v13=0.0000 grl=0.0000 v15=0.0000 v15r=0.0000 v16=0.0000 v17=0.0000 v18=0.0000 acc=1.0000 lr=1.19e-04 lambda=0.000 grl_lambda=0.000 v18_lambda=0.000 gpu=3.0/11.8GB
[21:14:57] [ep_summary] ep=58/100 val_live=0.9877/0.9878 val_ema=0.9259/0.9258 test77_live=0.2734/0.1296 test77_diag_ema=0.2194/0.1205 v13=0.0000 grl=0.0000 v15=0.0000 v15r=0.0000 v16=0.0000 v17=0.0000 v18=0.0000 das=off[0,0] p=0.00 ep_time=35.1s
[21:14:57] [train] epoch 59/100 steps=40 use_dann=0 das=off f=[0.0,0.0] p=0.00 gpu=3.0/11.8GB
[21:14:58] [train] ep=59 step=001/40 ce=0.2562 sc=0.4191 mi=0.0223 dn=0.0000 v13=0.0000 grl=0.0000 v15=0.0000 v15r=0.0000 v16=0.0000 v17=0.0000 v18=0.0000 acc=1.0000 lr=1.19e-04 lambda=0.000 grl_lambda=0.000 v18_lambda=0.000 gpu=3.0/11.8GB
[21:15:03] [train] ep=59 step=010/40 ce=0.2562 sc=0.6682 mi=0.0245 dn=0.0000 v13=0.0000 grl=0.0000 v15=0.0000 v15r=0.0000 v16=0.0000 v17=0.0000 v18=0.0000 acc=1.0000 lr=1.18e-04 lambda=0.000 grl_lambda=0.000 v18_lambda=0.000 gpu=3.0/11.8GB
[21:15:09] [train] ep=59 step=020/40 ce=0.2563 sc=0.7473 mi=0.0251 dn=0.0000 v13=0.0000 grl=0.0000 v15=0.0000 v15r=0.0000 v16=0.0000 v17=0.0000 v18=0.0000 acc=1.0000 lr=1.16e-04 lambda=0.000 grl_lambda=0.000 v18_lambda=0.000 gpu=3.0/11.8GB
[21:15:15] [train] ep=59 step=030/40 ce=0.2563 sc=0.7387 mi=0.0246 dn=0.0000 v13=0.0000 grl=0.0000 v15=0.0000 v15r=0.0000 v16=0.0000 v17=0.0000 v18=0.0000 acc=1.0000 lr=1.15e-04 lambda=0.000 grl_lambda=0.000 v18_lambda=0.000 gpu=3.0/11.8GB
[21:15:21] [train] ep=59 step=040/40 ce=0.2562 sc=0.7567 mi=0.0242 dn=0.0000 v13=0.0000 grl=0.0000 v15=0.0000 v15r=0.0000 v16=0.0000 v17=0.0000 v18=0.0000 acc=1.0000 lr=1.14e-04 lambda=0.000 grl_lambda=0.000 v18_lambda=0.000 gpu=3.0/11.8GB
[21:15:31] [ep_summary] ep=59/100 val_live=0.9877/0.9878 val_ema=0.9259/0.9258 test77_live=0.2770/0.1310 test77_diag_ema=0.2194/0.1205 v13=0.0000 grl=0.0000 v15=0.0000 v15r=0.0000 v16=0.0000 v17=0.0000 v18=0.0000 das=off[0,0] p=0.00 ep_time=34.4s
[21:15:31] [train] epoch 60/100 steps=40 use_dann=0 das=off f=[0.0,0.0] p=0.00 gpu=3.0/11.8GB
[21:15:32] [train] ep=60 step=001/40 ce=0.2557 sc=0.7261 mi=0.0234 dn=0.0000 v13=0.0000 grl=0.0000 v15=0.0000 v15r=0.0000 v16=0.0000 v17=0.0000 v18=0.0000 acc=1.0000 lr=1.14e-04 lambda=0.000 grl_lambda=0.000 v18_lambda=0.000 gpu=3.0/11.8GB
[21:15:37] [train] ep=60 step=010/40 ce=0.2561 sc=0.8393 mi=0.0236 dn=0.0000 v13=0.0000 grl=0.0000 v15=0.0000 v15r=0.0000 v16=0.0000 v17=0.0000 v18=0.0000 acc=1.0000 lr=1.13e-04 lambda=0.000 grl_lambda=0.000 v18_lambda=0.000 gpu=3.0/11.8GB
[21:15:43] [train] ep=60 step=020/40 ce=0.2561 sc=0.7898 mi=0.0236 dn=0.0000 v13=0.0000 grl=0.0000 v15=0.0000 v15r=0.0000 v16=0.0000 v17=0.0000 v18=0.0000 acc=1.0000 lr=1.12e-04 lambda=0.000 grl_lambda=0.000 v18_lambda=0.000 gpu=3.0/11.8GB
[21:15:49] [train] ep=60 step=030/40 ce=0.2562 sc=0.7882 mi=0.0237 dn=0.0000 v13=0.0000 grl=0.0000 v15=0.0000 v15r=0.0000 v16=0.0000 v17=0.0000 v18=0.0000 acc=1.0000 lr=1.11e-04 lambda=0.000 grl_lambda=0.000 v18_lambda=0.000 gpu=3.0/11.8GB
[21:15:55] [train] ep=60 step=040/40 ce=0.2562 sc=0.7589 mi=0.0238 dn=0.0000 v13=0.0000 grl=0.0000 v15=0.0000 v15r=0.0000 v16=0.0000 v17=0.0000 v18=0.0000 acc=1.0000 lr=1.09e-04 lambda=0.000 grl_lambda=0.000 v18_lambda=0.000 gpu=3.0/11.8GB
[21:16:06] [pool] check ep=060/100 source_val_acc_ema=0.9259 threshold=0.90
[21:16:11] [pool] ep=060 ADDED src_val=0.9259/0.9258 dev77=0.1714/0.0735 final77=0.2230/0.1224
[21:16:11] [pool] running best ep=060 dev77_f1=0.0735 final77_f1=0.1224 (pool_size=1)
[21:16:11] [ep_summary] ep=60/100 val_live=0.9877/0.9878 val_ema=0.9259/0.9258 test77_live=0.2770/0.1310 test77_diag_ema=0.2230/0.1224 v13=0.0000 grl=0.0000 v15=0.0000 v15r=0.0000 v16=0.0000 v17=0.0000 v18=0.0000 das=off[0,0] p=0.00 ep_time=39.6s
[21:16:11] [save] best_sourcequalified77_ema ep=60 source_val_live=0.9877/0.9878 source_val_ema=0.9259/0.9258 test77_ema=0.2230/0.1224
[21:16:11] [strict77_monitor] ep=60 best_source_epoch=57 source_val_ema=0.9259/0.9258 test77_ema_diag=0.2194/0.1224 sourcequalified_count=7 best_sourcequalified77_epoch=60 source_val_ema=0.9259/0.9258 test77_ema=0.2230/0.1224
[21:16:11] [train] epoch 61/100 steps=40 use_dann=0 das=off f=[0.0,0.0] p=0.00 gpu=3.0/11.8GB
[21:16:12] [train] ep=61 step=001/40 ce=0.2571 sc=0.6133 mi=0.0260 dn=0.0000 v13=0.0000 grl=0.0000 v15=0.0000 v15r=0.0000 v16=0.0000 v17=0.0000 v18=0.0000 acc=1.0000 lr=1.09e-04 lambda=0.000 grl_lambda=0.000 v18_lambda=0.000 gpu=3.0/11.8GB
[21:16:17] [train] ep=61 step=010/40 ce=0.2565 sc=0.7711 mi=0.0241 dn=0.0000 v13=0.0000 grl=0.0000 v15=0.0000 v15r=0.0000 v16=0.0000 v17=0.0000 v18=0.0000 acc=1.0000 lr=1.08e-04 lambda=0.000 grl_lambda=0.000 v18_lambda=0.000 gpu=3.0/11.8GB
[21:16:23] [train] ep=61 step=020/40 ce=0.2563 sc=0.7657 mi=0.0228 dn=0.0000 v13=0.0000 grl=0.0000 v15=0.0000 v15r=0.0000 v16=0.0000 v17=0.0000 v18=0.0000 acc=1.0000 lr=1.07e-04 lambda=0.000 grl_lambda=0.000 v18_lambda=0.000 gpu=3.0/11.8GB
[21:16:29] [train] ep=61 step=030/40 ce=0.2563 sc=0.7695 mi=0.0228 dn=0.0000 v13=0.0000 grl=0.0000 v15=0.0000 v15r=0.0000 v16=0.0000 v17=0.0000 v18=0.0000 acc=1.0000 lr=1.06e-04 lambda=0.000 grl_lambda=0.000 v18_lambda=0.000 gpu=3.0/11.8GB
[21:16:35] [train] ep=61 step=040/40 ce=0.2563 sc=0.7419 mi=0.0230 dn=0.0000 v13=0.0000 grl=0.0000 v15=0.0000 v15r=0.0000 v16=0.0000 v17=0.0000 v18=0.0000 acc=1.0000 lr=1.05e-04 lambda=0.000 grl_lambda=0.000 v18_lambda=0.000 gpu=3.0/11.8GB
[21:16:46] [ep_summary] ep=61/100 val_live=0.9877/0.9878 val_ema=0.9259/0.9258 test77_live=0.2734/0.1292 test77_diag_ema=0.2338/0.1302 v13=0.0000 grl=0.0000 v15=0.0000 v15r=0.0000 v16=0.0000 v17=0.0000 v18=0.0000 das=off[0,0] p=0.00 ep_time=34.9s
[21:16:46] [save] best_sourcequalified77_ema ep=61 source_val_live=0.9877/0.9878 source_val_ema=0.9259/0.9258 test77_ema=0.2338/0.1302
[21:16:46] [train] epoch 62/100 steps=40 use_dann=0 das=off f=[0.0,0.0] p=0.00 gpu=3.0/11.8GB
[21:16:47] [train] ep=62 step=001/40 ce=0.2561 sc=0.7110 mi=0.0226 dn=0.0000 v13=0.0000 grl=0.0000 v15=0.0000 v15r=0.0000 v16=0.0000 v17=0.0000 v18=0.0000 acc=1.0000 lr=1.05e-04 lambda=0.000 grl_lambda=0.000 v18_lambda=0.000 gpu=3.0/11.8GB
[21:16:52] [train] ep=62 step=010/40 ce=0.2560 sc=0.7356 mi=0.0229 dn=0.0000 v13=0.0000 grl=0.0000 v15=0.0000 v15r=0.0000 v16=0.0000 v17=0.0000 v18=0.0000 acc=1.0000 lr=1.04e-04 lambda=0.000 grl_lambda=0.000 v18_lambda=0.000 gpu=3.0/11.8GB
[21:16:58] [train] ep=62 step=020/40 ce=0.2560 sc=0.8287 mi=0.0228 dn=0.0000 v13=0.0000 grl=0.0000 v15=0.0000 v15r=0.0000 v16=0.0000 v17=0.0000 v18=0.0000 acc=1.0000 lr=1.02e-04 lambda=0.000 grl_lambda=0.000 v18_lambda=0.000 gpu=3.0/11.8GB
[21:17:04] [train] ep=62 step=030/40 ce=0.2560 sc=0.8134 mi=0.0229 dn=0.0000 v13=0.0000 grl=0.0000 v15=0.0000 v15r=0.0000 v16=0.0000 v17=0.0000 v18=0.0000 acc=1.0000 lr=1.01e-04 lambda=0.000 grl_lambda=0.000 v18_lambda=0.000 gpu=3.0/11.8GB
[21:17:10] [train] ep=62 step=040/40 ce=0.2560 sc=0.7879 mi=0.0230 dn=0.0000 v13=0.0000 grl=0.0000 v15=0.0000 v15r=0.0000 v16=0.0000 v17=0.0000 v18=0.0000 acc=1.0000 lr=1.00e-04 lambda=0.000 grl_lambda=0.000 v18_lambda=0.000 gpu=3.0/11.8GB
[21:17:21] [ep_summary] ep=62/100 val_live=0.9877/0.9878 val_ema=0.9259/0.9258 test77_live=0.2734/0.1292 test77_diag_ema=0.2374/0.1317 v13=0.0000 grl=0.0000 v15=0.0000 v15r=0.0000 v16=0.0000 v17=0.0000 v18=0.0000 das=off[0,0] p=0.00 ep_time=34.6s
[21:17:21] [save] best_sourcequalified77_ema ep=62 source_val_live=0.9877/0.9878 source_val_ema=0.9259/0.9258 test77_ema=0.2374/0.1317
[21:17:21] [train] epoch 63/100 steps=40 use_dann=0 das=off f=[0.0,0.0] p=0.00 gpu=3.0/11.8GB
[21:17:21] [train] ep=63 step=001/40 ce=0.2568 sc=0.9887 mi=0.0265 dn=0.0000 v13=0.0000 grl=0.0000 v15=0.0000 v15r=0.0000 v16=0.0000 v17=0.0000 v18=0.0000 acc=1.0000 lr=1.00e-04 lambda=0.000 grl_lambda=0.000 v18_lambda=0.000 gpu=3.0/11.8GB
[21:17:27] [train] ep=63 step=010/40 ce=0.2562 sc=0.7055 mi=0.0247 dn=0.0000 v13=0.0000 grl=0.0000 v15=0.0000 v15r=0.0000 v16=0.0000 v17=0.0000 v18=0.0000 acc=1.0000 lr=9.89e-05 lambda=0.000 grl_lambda=0.000 v18_lambda=0.000 gpu=3.0/11.8GB
[21:17:33] [train] ep=63 step=020/40 ce=0.2562 sc=0.7143 mi=0.0241 dn=0.0000 v13=0.0000 grl=0.0000 v15=0.0000 v15r=0.0000 v16=0.0000 v17=0.0000 v18=0.0000 acc=1.0000 lr=9.78e-05 lambda=0.000 grl_lambda=0.000 v18_lambda=0.000 gpu=3.0/11.8GB
[21:17:38] [train] ep=63 step=030/40 ce=0.2562 sc=0.7567 mi=0.0235 dn=0.0000 v13=0.0000 grl=0.0000 v15=0.0000 v15r=0.0000 v16=0.0000 v17=0.0000 v18=0.0000 acc=1.0000 lr=9.67e-05 lambda=0.000 grl_lambda=0.000 v18_lambda=0.000 gpu=3.0/11.8GB
[21:17:44] [train] ep=63 step=040/40 ce=0.2562 sc=0.7492 mi=0.0232 dn=0.0000 v13=0.0000 grl=0.0000 v15=0.0000 v15r=0.0000 v16=0.0000 v17=0.0000 v18=0.0000 acc=1.0000 lr=9.55e-05 lambda=0.000 grl_lambda=0.000 v18_lambda=0.000 gpu=3.0/11.8GB
[21:17:55] [ep_summary] ep=63/100 val_live=0.9877/0.9878 val_ema=0.9321/0.9323 test77_live=0.2770/0.1310 test77_diag_ema=0.2374/0.1299 v13=0.0000 grl=0.0000 v15=0.0000 v15r=0.0000 v16=0.0000 v17=0.0000 v18=0.0000 das=off[0,0] p=0.00 ep_time=34.5s
[21:17:55] [save] best_sourceval_ema val_acc_ema=0.9321 source_val_live=0.9877/0.9878 source_val_ema=0.9321/0.9323 ep=63
[21:17:55] [train] epoch 64/100 steps=40 use_dann=0 das=off f=[0.0,0.0] p=0.00 gpu=3.0/11.8GB
[21:17:56] [train] ep=64 step=001/40 ce=0.2556 sc=0.6124 mi=0.0266 dn=0.0000 v13=0.0000 grl=0.0000 v15=0.0000 v15r=0.0000 v16=0.0000 v17=0.0000 v18=0.0000 acc=1.0000 lr=9.54e-05 lambda=0.000 grl_lambda=0.000 v18_lambda=0.000 gpu=3.0/11.8GB
[21:18:01] [train] ep=64 step=010/40 ce=0.2560 sc=0.7774 mi=0.0262 dn=0.0000 v13=0.0000 grl=0.0000 v15=0.0000 v15r=0.0000 v16=0.0000 v17=0.0000 v18=0.0000 acc=1.0000 lr=9.44e-05 lambda=0.000 grl_lambda=0.000 v18_lambda=0.000 gpu=3.0/11.8GB
[21:18:07] [train] ep=64 step=020/40 ce=0.2561 sc=0.7993 mi=0.0247 dn=0.0000 v13=0.0000 grl=0.0000 v15=0.0000 v15r=0.0000 v16=0.0000 v17=0.0000 v18=0.0000 acc=1.0000 lr=9.33e-05 lambda=0.000 grl_lambda=0.000 v18_lambda=0.000 gpu=3.0/11.8GB
[21:18:13] [train] ep=64 step=030/40 ce=0.2561 sc=0.7999 mi=0.0243 dn=0.0000 v13=0.0000 grl=0.0000 v15=0.0000 v15r=0.0000 v16=0.0000 v17=0.0000 v18=0.0000 acc=1.0000 lr=9.21e-05 lambda=0.000 grl_lambda=0.000 v18_lambda=0.000 gpu=3.0/11.8GB
[21:18:19] [train] ep=64 step=040/40 ce=0.2561 sc=0.8092 mi=0.0241 dn=0.0000 v13=0.0000 grl=0.0000 v15=0.0000 v15r=0.0000 v16=0.0000 v17=0.0000 v18=0.0000 acc=1.0000 lr=9.10e-05 lambda=0.000 grl_lambda=0.000 v18_lambda=0.000 gpu=3.0/11.8GB
[21:18:30] [ep_summary] ep=64/100 val_live=0.9877/0.9878 val_ema=0.9321/0.9323 test77_live=0.2770/0.1310 test77_diag_ema=0.2374/0.1291 v13=0.0000 grl=0.0000 v15=0.0000 v15r=0.0000 v16=0.0000 v17=0.0000 v18=0.0000 das=off[0,0] p=0.00 ep_time=34.4s
[21:18:30] [train] epoch 65/100 steps=40 use_dann=0 das=off f=[0.0,0.0] p=0.00 gpu=3.0/11.8GB
[21:18:30] [train] ep=65 step=001/40 ce=0.2558 sc=1.2796 mi=0.0229 dn=0.0000 v13=0.0000 grl=0.0000 v15=0.0000 v15r=0.0000 v16=0.0000 v17=0.0000 v18=0.0000 acc=1.0000 lr=9.09e-05 lambda=0.000 grl_lambda=0.000 v18_lambda=0.000 gpu=3.0/11.8GB
[21:18:36] [train] ep=65 step=010/40 ce=0.2560 sc=0.8489 mi=0.0247 dn=0.0000 v13=0.0000 grl=0.0000 v15=0.0000 v15r=0.0000 v16=0.0000 v17=0.0000 v18=0.0000 acc=1.0000 lr=8.99e-05 lambda=0.000 grl_lambda=0.000 v18_lambda=0.000 gpu=3.0/11.8GB
[21:18:42] [train] ep=65 step=020/40 ce=0.2559 sc=0.8026 mi=0.0246 dn=0.0000 v13=0.0000 grl=0.0000 v15=0.0000 v15r=0.0000 v16=0.0000 v17=0.0000 v18=0.0000 acc=1.0000 lr=8.88e-05 lambda=0.000 grl_lambda=0.000 v18_lambda=0.000 gpu=3.0/11.8GB
[21:18:48] [train] ep=65 step=030/40 ce=0.2560 sc=0.7400 mi=0.0242 dn=0.0000 v13=0.0000 grl=0.0000 v15=0.0000 v15r=0.0000 v16=0.0000 v17=0.0000 v18=0.0000 acc=1.0000 lr=8.77e-05 lambda=0.000 grl_lambda=0.000 v18_lambda=0.000 gpu=3.0/11.8GB
[21:18:54] [train] ep=65 step=040/40 ce=0.2560 sc=0.7376 mi=0.0238 dn=0.0000 v13=0.0000 grl=0.0000 v15=0.0000 v15r=0.0000 v16=0.0000 v17=0.0000 v18=0.0000 acc=1.0000 lr=8.66e-05 lambda=0.000 grl_lambda=0.000 v18_lambda=0.000 gpu=3.0/11.8GB
[21:19:07] [ep_summary] ep=65/100 val_live=0.9877/0.9878 val_ema=0.9321/0.9323 test77_live=0.2770/0.1306 test77_diag_ema=0.2374/0.1274 v13=0.0000 grl=0.0000 v15=0.0000 v15r=0.0000 v16=0.0000 v17=0.0000 v18=0.0000 das=off[0,0] p=0.00 ep_time=37.4s
[21:19:07] [train] epoch 66/100 steps=40 use_dann=0 das=off f=[0.0,0.0] p=0.00 gpu=3.0/11.8GB
[21:19:08] [train] ep=66 step=001/40 ce=0.2572 sc=0.7436 mi=0.0198 dn=0.0000 v13=0.0000 grl=0.0000 v15=0.0000 v15r=0.0000 v16=0.0000 v17=0.0000 v18=0.0000 acc=1.0000 lr=8.65e-05 lambda=0.000 grl_lambda=0.000 v18_lambda=0.000 gpu=3.0/11.8GB
[21:19:13] [train] ep=66 step=010/40 ce=0.2560 sc=0.8129 mi=0.0223 dn=0.0000 v13=0.0000 grl=0.0000 v15=0.0000 v15r=0.0000 v16=0.0000 v17=0.0000 v18=0.0000 acc=1.0000 lr=8.55e-05 lambda=0.000 grl_lambda=0.000 v18_lambda=0.000 gpu=3.0/11.8GB
[21:19:19] [train] ep=66 step=020/40 ce=0.2559 sc=0.7805 mi=0.0229 dn=0.0000 v13=0.0000 grl=0.0000 v15=0.0000 v15r=0.0000 v16=0.0000 v17=0.0000 v18=0.0000 acc=1.0000 lr=8.44e-05 lambda=0.000 grl_lambda=0.000 v18_lambda=0.000 gpu=3.0/11.8GB
[21:19:25] [train] ep=66 step=030/40 ce=0.2559 sc=0.7954 mi=0.0233 dn=0.0000 v13=0.0000 grl=0.0000 v15=0.0000 v15r=0.0000 v16=0.0000 v17=0.0000 v18=0.0000 acc=1.0000 lr=8.33e-05 lambda=0.000 grl_lambda=0.000 v18_lambda=0.000 gpu=3.0/11.8GB
[21:19:31] [train] ep=66 step=040/40 ce=0.2560 sc=0.7854 mi=0.0233 dn=0.0000 v13=0.0000 grl=0.0000 v15=0.0000 v15r=0.0000 v16=0.0000 v17=0.0000 v18=0.0000 acc=1.0000 lr=8.22e-05 lambda=0.000 grl_lambda=0.000 v18_lambda=0.000 gpu=3.0/11.8GB
[21:19:42] [ep_summary] ep=66/100 val_live=0.9877/0.9878 val_ema=0.9383/0.9387 test77_live=0.2770/0.1310 test77_diag_ema=0.2410/0.1260 v13=0.0000 grl=0.0000 v15=0.0000 v15r=0.0000 v16=0.0000 v17=0.0000 v18=0.0000 das=off[0,0] p=0.00 ep_time=34.4s
[21:19:42] [save] best_sourceval_ema val_acc_ema=0.9383 source_val_live=0.9877/0.9878 source_val_ema=0.9383/0.9387 ep=66
[21:19:42] [train] epoch 67/100 steps=40 use_dann=0 das=off f=[0.0,0.0] p=0.00 gpu=3.0/11.8GB
[21:19:42] [train] ep=67 step=001/40 ce=0.2559 sc=1.0779 mi=0.0254 dn=0.0000 v13=0.0000 grl=0.0000 v15=0.0000 v15r=0.0000 v16=0.0000 v17=0.0000 v18=0.0000 acc=1.0000 lr=8.21e-05 lambda=0.000 grl_lambda=0.000 v18_lambda=0.000 gpu=3.0/11.8GB
[21:19:48] [train] ep=67 step=010/40 ce=0.2559 sc=0.8801 mi=0.0250 dn=0.0000 v13=0.0000 grl=0.0000 v15=0.0000 v15r=0.0000 v16=0.0000 v17=0.0000 v18=0.0000 acc=1.0000 lr=8.11e-05 lambda=0.000 grl_lambda=0.000 v18_lambda=0.000 gpu=3.0/11.8GB
[21:19:53] [train] ep=67 step=020/40 ce=0.2559 sc=0.8100 mi=0.0240 dn=0.0000 v13=0.0000 grl=0.0000 v15=0.0000 v15r=0.0000 v16=0.0000 v17=0.0000 v18=0.0000 acc=1.0000 lr=8.01e-05 lambda=0.000 grl_lambda=0.000 v18_lambda=0.000 gpu=3.0/11.8GB
[21:19:59] [train] ep=67 step=030/40 ce=0.2559 sc=0.7771 mi=0.0238 dn=0.0000 v13=0.0000 grl=0.0000 v15=0.0000 v15r=0.0000 v16=0.0000 v17=0.0000 v18=0.0000 acc=1.0000 lr=7.90e-05 lambda=0.000 grl_lambda=0.000 v18_lambda=0.000 gpu=3.0/11.8GB
[21:20:05] [train] ep=67 step=040/40 ce=0.2559 sc=0.7372 mi=0.0234 dn=0.0000 v13=0.0000 grl=0.0000 v15=0.0000 v15r=0.0000 v16=0.0000 v17=0.0000 v18=0.0000 acc=1.0000 lr=7.79e-05 lambda=0.000 grl_lambda=0.000 v18_lambda=0.000 gpu=3.0/11.8GB
[21:20:16] [ep_summary] ep=67/100 val_live=0.9877/0.9878 val_ema=0.9383/0.9387 test77_live=0.2770/0.1310 test77_diag_ema=0.2410/0.1260 v13=0.0000 grl=0.0000 v15=0.0000 v15r=0.0000 v16=0.0000 v17=0.0000 v18=0.0000 das=off[0,0] p=0.00 ep_time=34.4s
[21:20:16] [train] epoch 68/100 steps=40 use_dann=0 das=off f=[0.0,0.0] p=0.00 gpu=3.0/11.8GB
[21:20:17] [train] ep=68 step=001/40 ce=0.2562 sc=0.9592 mi=0.0207 dn=0.0000 v13=0.0000 grl=0.0000 v15=0.0000 v15r=0.0000 v16=0.0000 v17=0.0000 v18=0.0000 acc=1.0000 lr=7.78e-05 lambda=0.000 grl_lambda=0.000 v18_lambda=0.000 gpu=3.0/11.8GB
[21:20:22] [train] ep=68 step=010/40 ce=0.2559 sc=0.7252 mi=0.0244 dn=0.0000 v13=0.0000 grl=0.0000 v15=0.0000 v15r=0.0000 v16=0.0000 v17=0.0000 v18=0.0000 acc=1.0000 lr=7.69e-05 lambda=0.000 grl_lambda=0.000 v18_lambda=0.000 gpu=3.0/11.8GB
[21:20:28] [train] ep=68 step=020/40 ce=0.2558 sc=0.7520 mi=0.0241 dn=0.0000 v13=0.0000 grl=0.0000 v15=0.0000 v15r=0.0000 v16=0.0000 v17=0.0000 v18=0.0000 acc=1.0000 lr=7.58e-05 lambda=0.000 grl_lambda=0.000 v18_lambda=0.000 gpu=3.0/11.8GB
[21:20:34] [train] ep=68 step=030/40 ce=0.2559 sc=0.7804 mi=0.0234 dn=0.0000 v13=0.0000 grl=0.0000 v15=0.0000 v15r=0.0000 v16=0.0000 v17=0.0000 v18=0.0000 acc=1.0000 lr=7.48e-05 lambda=0.000 grl_lambda=0.000 v18_lambda=0.000 gpu=3.0/11.8GB
[21:20:40] [train] ep=68 step=040/40 ce=0.2559 sc=0.7884 mi=0.0235 dn=0.0000 v13=0.0000 grl=0.0000 v15=0.0000 v15r=0.0000 v16=0.0000 v17=0.0000 v18=0.0000 acc=1.0000 lr=7.37e-05 lambda=0.000 grl_lambda=0.000 v18_lambda=0.000 gpu=3.0/11.8GB
[21:20:51] [ep_summary] ep=68/100 val_live=0.9877/0.9878 val_ema=0.9506/0.9508 test77_live=0.2770/0.1310 test77_diag_ema=0.2410/0.1260 v13=0.0000 grl=0.0000 v15=0.0000 v15r=0.0000 v16=0.0000 v17=0.0000 v18=0.0000 das=off[0,0] p=0.00 ep_time=35.1s
[21:20:51] [save] best_sourceval_ema val_acc_ema=0.9506 source_val_live=0.9877/0.9878 source_val_ema=0.9506/0.9508 ep=68
[21:20:51] [train] epoch 69/100 steps=40 use_dann=0 das=off f=[0.0,0.0] p=0.00 gpu=3.0/11.8GB
[21:20:52] [train] ep=69 step=001/40 ce=0.2555 sc=0.9053 mi=0.0220 dn=0.0000 v13=0.0000 grl=0.0000 v15=0.0000 v15r=0.0000 v16=0.0000 v17=0.0000 v18=0.0000 acc=1.0000 lr=7.36e-05 lambda=0.000 grl_lambda=0.000 v18_lambda=0.000 gpu=3.0/11.8GB
[21:20:57] [train] ep=69 step=010/40 ce=0.2559 sc=0.7045 mi=0.0226 dn=0.0000 v13=0.0000 grl=0.0000 v15=0.0000 v15r=0.0000 v16=0.0000 v17=0.0000 v18=0.0000 acc=1.0000 lr=7.27e-05 lambda=0.000 grl_lambda=0.000 v18_lambda=0.000 gpu=3.0/11.8GB
[21:21:03] [train] ep=69 step=020/40 ce=0.2559 sc=0.7065 mi=0.0230 dn=0.0000 v13=0.0000 grl=0.0000 v15=0.0000 v15r=0.0000 v16=0.0000 v17=0.0000 v18=0.0000 acc=1.0000 lr=7.16e-05 lambda=0.000 grl_lambda=0.000 v18_lambda=0.000 gpu=3.0/11.8GB
[21:21:09] [train] ep=69 step=030/40 ce=0.2559 sc=0.7333 mi=0.0231 dn=0.0000 v13=0.0000 grl=0.0000 v15=0.0000 v15r=0.0000 v16=0.0000 v17=0.0000 v18=0.0000 acc=1.0000 lr=7.06e-05 lambda=0.000 grl_lambda=0.000 v18_lambda=0.000 gpu=3.0/11.8GB
[21:21:15] [train] ep=69 step=040/40 ce=0.2559 sc=0.7422 mi=0.0231 dn=0.0000 v13=0.0000 grl=0.0000 v15=0.0000 v15r=0.0000 v16=0.0000 v17=0.0000 v18=0.0000 acc=1.0000 lr=6.96e-05 lambda=0.000 grl_lambda=0.000 v18_lambda=0.000 gpu=3.0/11.8GB
[21:21:25] [ep_summary] ep=69/100 val_live=0.9877/0.9878 val_ema=0.9568/0.9577 test77_live=0.2734/0.1296 test77_diag_ema=0.2446/0.1269 v13=0.0000 grl=0.0000 v15=0.0000 v15r=0.0000 v16=0.0000 v17=0.0000 v18=0.0000 das=off[0,0] p=0.00 ep_time=34.3s
[21:21:26] [save] best_sourceval_ema val_acc_ema=0.9568 source_val_live=0.9877/0.9878 source_val_ema=0.9568/0.9577 ep=69
[21:21:26] [train] epoch 70/100 steps=40 use_dann=0 das=off f=[0.0,0.0] p=0.00 gpu=3.0/11.8GB
[21:21:26] [train] ep=70 step=001/40 ce=0.2558 sc=0.7411 mi=0.0258 dn=0.0000 v13=0.0000 grl=0.0000 v15=0.0000 v15r=0.0000 v16=0.0000 v17=0.0000 v18=0.0000 acc=1.0000 lr=6.95e-05 lambda=0.000 grl_lambda=0.000 v18_lambda=0.000 gpu=3.0/11.8GB
[21:21:31] [train] ep=70 step=010/40 ce=0.2558 sc=0.7373 mi=0.0231 dn=0.0000 v13=0.0000 grl=0.0000 v15=0.0000 v15r=0.0000 v16=0.0000 v17=0.0000 v18=0.0000 acc=1.0000 lr=6.85e-05 lambda=0.000 grl_lambda=0.000 v18_lambda=0.000 gpu=3.0/11.8GB
[21:21:37] [train] ep=70 step=020/40 ce=0.2558 sc=0.7532 mi=0.0235 dn=0.0000 v13=0.0000 grl=0.0000 v15=0.0000 v15r=0.0000 v16=0.0000 v17=0.0000 v18=0.0000 acc=1.0000 lr=6.75e-05 lambda=0.000 grl_lambda=0.000 v18_lambda=0.000 gpu=3.0/11.8GB
[21:21:43] [train] ep=70 step=030/40 ce=0.2557 sc=0.7587 mi=0.0233 dn=0.0000 v13=0.0000 grl=0.0000 v15=0.0000 v15r=0.0000 v16=0.0000 v17=0.0000 v18=0.0000 acc=1.0000 lr=6.65e-05 lambda=0.000 grl_lambda=0.000 v18_lambda=0.000 gpu=3.0/11.8GB
[21:21:49] [train] ep=70 step=040/40 ce=0.2558 sc=0.7699 mi=0.0232 dn=0.0000 v13=0.0000 grl=0.0000 v15=0.0000 v15r=0.0000 v16=0.0000 v17=0.0000 v18=0.0000 acc=1.0000 lr=6.55e-05 lambda=0.000 grl_lambda=0.000 v18_lambda=0.000 gpu=3.0/11.8GB
[21:22:00] [pool] check ep=070/100 source_val_acc_ema=0.9568 threshold=0.90
[21:22:06] [pool] ep=070 ADDED src_val=0.9568/0.9577 dev77=0.2000/0.0991 final77=0.2482/0.1284
[21:22:06] [pool] running best ep=070 dev77_f1=0.0991 final77_f1=0.1284 (pool_size=2)
[21:22:06] [ep_summary] ep=70/100 val_live=0.9877/0.9878 val_ema=0.9568/0.9577 test77_live=0.2770/0.1310 test77_diag_ema=0.2482/0.1284 v13=0.0000 grl=0.0000 v15=0.0000 v15r=0.0000 v16=0.0000 v17=0.0000 v18=0.0000 das=off[0,0] p=0.00 ep_time=40.3s
[21:22:06] [strict77_monitor] ep=70 best_source_epoch=69 source_val_ema=0.9568/0.9577 test77_ema_diag=0.2446/0.1269 sourcequalified_count=17 best_sourcequalified77_epoch=62 source_val_ema=0.9259/0.9258 test77_ema=0.2374/0.1317
[21:22:06] [train] epoch 71/100 steps=40 use_dann=0 das=off f=[0.0,0.0] p=0.00 gpu=3.0/11.8GB
[21:22:06] [train] ep=71 step=001/40 ce=0.2556 sc=0.7103 mi=0.0275 dn=0.0000 v13=0.0000 grl=0.0000 v15=0.0000 v15r=0.0000 v16=0.0000 v17=0.0000 v18=0.0000 acc=1.0000 lr=6.54e-05 lambda=0.000 grl_lambda=0.000 v18_lambda=0.000 gpu=3.0/11.8GB
[21:22:12] [train] ep=71 step=010/40 ce=0.2557 sc=0.6615 mi=0.0245 dn=0.0000 v13=0.0000 grl=0.0000 v15=0.0000 v15r=0.0000 v16=0.0000 v17=0.0000 v18=0.0000 acc=1.0000 lr=6.45e-05 lambda=0.000 grl_lambda=0.000 v18_lambda=0.000 gpu=3.0/11.8GB
[21:22:18] [train] ep=71 step=020/40 ce=0.2557 sc=0.6452 mi=0.0236 dn=0.0000 v13=0.0000 grl=0.0000 v15=0.0000 v15r=0.0000 v16=0.0000 v17=0.0000 v18=0.0000 acc=1.0000 lr=6.35e-05 lambda=0.000 grl_lambda=0.000 v18_lambda=0.000 gpu=3.0/11.8GB
[21:22:24] [train] ep=71 step=030/40 ce=0.2557 sc=0.6783 mi=0.0232 dn=0.0000 v13=0.0000 grl=0.0000 v15=0.0000 v15r=0.0000 v16=0.0000 v17=0.0000 v18=0.0000 acc=1.0000 lr=6.25e-05 lambda=0.000 grl_lambda=0.000 v18_lambda=0.000 gpu=3.0/11.8GB
[21:22:29] [train] ep=71 step=040/40 ce=0.2558 sc=0.6867 mi=0.0232 dn=0.0000 v13=0.0000 grl=0.0000 v15=0.0000 v15r=0.0000 v16=0.0000 v17=0.0000 v18=0.0000 acc=1.0000 lr=6.15e-05 lambda=0.000 grl_lambda=0.000 v18_lambda=0.000 gpu=3.0/11.8GB
[21:22:40] [ep_summary] ep=71/100 val_live=0.9877/0.9878 val_ema=0.9568/0.9577 test77_live=0.2770/0.1310 test77_diag_ema=0.2518/0.1305 v13=0.0000 grl=0.0000 v15=0.0000 v15r=0.0000 v16=0.0000 v17=0.0000 v18=0.0000 das=off[0,0] p=0.00 ep_time=34.4s
[21:22:40] [train] epoch 72/100 steps=40 use_dann=0 das=off f=[0.0,0.0] p=0.00 gpu=3.0/11.8GB
[21:22:41] [train] ep=72 step=001/40 ce=0.2551 sc=0.7258 mi=0.0260 dn=0.0000 v13=0.0000 grl=0.0000 v15=0.0000 v15r=0.0000 v16=0.0000 v17=0.0000 v18=0.0000 acc=1.0000 lr=6.14e-05 lambda=0.000 grl_lambda=0.000 v18_lambda=0.000 gpu=3.0/11.8GB
[21:22:46] [train] ep=72 step=010/40 ce=0.2557 sc=0.7716 mi=0.0234 dn=0.0000 v13=0.0000 grl=0.0000 v15=0.0000 v15r=0.0000 v16=0.0000 v17=0.0000 v18=0.0000 acc=1.0000 lr=6.06e-05 lambda=0.000 grl_lambda=0.000 v18_lambda=0.000 gpu=3.0/11.8GB
[21:22:52] [train] ep=72 step=020/40 ce=0.2556 sc=0.7593 mi=0.0222 dn=0.0000 v13=0.0000 grl=0.0000 v15=0.0000 v15r=0.0000 v16=0.0000 v17=0.0000 v18=0.0000 acc=1.0000 lr=5.96e-05 lambda=0.000 grl_lambda=0.000 v18_lambda=0.000 gpu=3.0/11.8GB
[21:22:58] [train] ep=72 step=030/40 ce=0.2557 sc=0.7660 mi=0.0219 dn=0.0000 v13=0.0000 grl=0.0000 v15=0.0000 v15r=0.0000 v16=0.0000 v17=0.0000 v18=0.0000 acc=1.0000 lr=5.86e-05 lambda=0.000 grl_lambda=0.000 v18_lambda=0.000 gpu=3.0/11.8GB
[21:23:04] [train] ep=72 step=040/40 ce=0.2558 sc=0.7570 mi=0.0225 dn=0.0000 v13=0.0000 grl=0.0000 v15=0.0000 v15r=0.0000 v16=0.0000 v17=0.0000 v18=0.0000 acc=1.0000 lr=5.77e-05 lambda=0.000 grl_lambda=0.000 v18_lambda=0.000 gpu=3.0/11.8GB
[21:23:14] [ep_summary] ep=72/100 val_live=0.9877/0.9878 val_ema=0.9568/0.9577 test77_live=0.2770/0.1310 test77_diag_ema=0.2518/0.1305 v13=0.0000 grl=0.0000 v15=0.0000 v15r=0.0000 v16=0.0000 v17=0.0000 v18=0.0000 das=off[0,0] p=0.00 ep_time=34.2s
[21:23:14] [train] epoch 73/100 steps=40 use_dann=0 das=off f=[0.0,0.0] p=0.00 gpu=3.0/11.8GB
[21:23:15] [train] ep=73 step=001/40 ce=0.2557 sc=0.8374 mi=0.0219 dn=0.0000 v13=0.0000 grl=0.0000 v15=0.0000 v15r=0.0000 v16=0.0000 v17=0.0000 v18=0.0000 acc=1.0000 lr=5.76e-05 lambda=0.000 grl_lambda=0.000 v18_lambda=0.000 gpu=3.0/11.8GB
[21:23:20] [train] ep=73 step=010/40 ce=0.2559 sc=0.7546 mi=0.0229 dn=0.0000 v13=0.0000 grl=0.0000 v15=0.0000 v15r=0.0000 v16=0.0000 v17=0.0000 v18=0.0000 acc=1.0000 lr=5.67e-05 lambda=0.000 grl_lambda=0.000 v18_lambda=0.000 gpu=3.0/11.8GB
[21:23:26] [train] ep=73 step=020/40 ce=0.2558 sc=0.7618 mi=0.0229 dn=0.0000 v13=0.0000 grl=0.0000 v15=0.0000 v15r=0.0000 v16=0.0000 v17=0.0000 v18=0.0000 acc=1.0000 lr=5.58e-05 lambda=0.000 grl_lambda=0.000 v18_lambda=0.000 gpu=3.0/11.8GB
[21:23:32] [train] ep=73 step=030/40 ce=0.2558 sc=0.7704 mi=0.0233 dn=0.0000 v13=0.0000 grl=0.0000 v15=0.0000 v15r=0.0000 v16=0.0000 v17=0.0000 v18=0.0000 acc=1.0000 lr=5.48e-05 lambda=0.000 grl_lambda=0.000 v18_lambda=0.000 gpu=3.0/11.8GB
[21:23:38] [train] ep=73 step=040/40 ce=0.2558 sc=0.7627 mi=0.0230 dn=0.0000 v13=0.0000 grl=0.0000 v15=0.0000 v15r=0.0000 v16=0.0000 v17=0.0000 v18=0.0000 acc=1.0000 lr=5.39e-05 lambda=0.000 grl_lambda=0.000 v18_lambda=0.000 gpu=3.0/11.8GB
[21:23:49] [ep_summary] ep=73/100 val_live=0.9877/0.9878 val_ema=0.9691/0.9700 test77_live=0.2770/0.1310 test77_diag_ema=0.2518/0.1299 v13=0.0000 grl=0.0000 v15=0.0000 v15r=0.0000 v16=0.0000 v17=0.0000 v18=0.0000 das=off[0,0] p=0.00 ep_time=34.2s
[21:23:49] [save] best_sourceval_ema val_acc_ema=0.9691 source_val_live=0.9877/0.9878 source_val_ema=0.9691/0.9700 ep=73
[21:23:49] [train] epoch 74/100 steps=40 use_dann=0 das=off f=[0.0,0.0] p=0.00 gpu=3.0/11.8GB
[21:23:49] [train] ep=74 step=001/40 ce=0.2557 sc=0.9899 mi=0.0190 dn=0.0000 v13=0.0000 grl=0.0000 v15=0.0000 v15r=0.0000 v16=0.0000 v17=0.0000 v18=0.0000 acc=1.0000 lr=5.38e-05 lambda=0.000 grl_lambda=0.000 v18_lambda=0.000 gpu=3.0/11.8GB
[21:23:55] [train] ep=74 step=010/40 ce=0.2560 sc=0.8584 mi=0.0226 dn=0.0000 v13=0.0000 grl=0.0000 v15=0.0000 v15r=0.0000 v16=0.0000 v17=0.0000 v18=0.0000 acc=1.0000 lr=5.30e-05 lambda=0.000 grl_lambda=0.000 v18_lambda=0.000 gpu=3.0/11.8GB
[21:24:01] [train] ep=74 step=020/40 ce=0.2559 sc=0.8104 mi=0.0229 dn=0.0000 v13=0.0000 grl=0.0000 v15=0.0000 v15r=0.0000 v16=0.0000 v17=0.0000 v18=0.0000 acc=1.0000 lr=5.20e-05 lambda=0.000 grl_lambda=0.000 v18_lambda=0.000 gpu=3.0/11.8GB
[21:24:06] [train] ep=74 step=030/40 ce=0.2559 sc=0.7443 mi=0.0233 dn=0.0000 v13=0.0000 grl=0.0000 v15=0.0000 v15r=0.0000 v16=0.0000 v17=0.0000 v18=0.0000 acc=1.0000 lr=5.11e-05 lambda=0.000 grl_lambda=0.000 v18_lambda=0.000 gpu=3.0/11.8GB
[21:24:12] [train] ep=74 step=040/40 ce=0.2559 sc=0.7468 mi=0.0234 dn=0.0000 v13=0.0000 grl=0.0000 v15=0.0000 v15r=0.0000 v16=0.0000 v17=0.0000 v18=0.0000 acc=1.0000 lr=5.02e-05 lambda=0.000 grl_lambda=0.000 v18_lambda=0.000 gpu=3.0/11.8GB
[21:24:24] [ep_summary] ep=74/100 val_live=0.9877/0.9878 val_ema=0.9753/0.9756 test77_live=0.2734/0.1296 test77_diag_ema=0.2518/0.1292 v13=0.0000 grl=0.0000 v15=0.0000 v15r=0.0000 v16=0.0000 v17=0.0000 v18=0.0000 das=off[0,0] p=0.00 ep_time=34.9s
[21:24:24] [save] best_sourceval_ema val_acc_ema=0.9753 source_val_live=0.9877/0.9878 source_val_ema=0.9753/0.9756 ep=74
[21:24:24] [train] epoch 75/100 steps=40 use_dann=0 das=off f=[0.0,0.0] p=0.00 gpu=3.0/11.8GB
[21:24:24] [train] ep=75 step=001/40 ce=0.2568 sc=1.2280 mi=0.0230 dn=0.0000 v13=0.0000 grl=0.0000 v15=0.0000 v15r=0.0000 v16=0.0000 v17=0.0000 v18=0.0000 acc=1.0000 lr=5.01e-05 lambda=0.000 grl_lambda=0.000 v18_lambda=0.000 gpu=3.0/11.8GB
[21:24:30] [train] ep=75 step=010/40 ce=0.2559 sc=0.8339 mi=0.0210 dn=0.0000 v13=0.0000 grl=0.0000 v15=0.0000 v15r=0.0000 v16=0.0000 v17=0.0000 v18=0.0000 acc=1.0000 lr=4.93e-05 lambda=0.000 grl_lambda=0.000 v18_lambda=0.000 gpu=3.0/11.8GB
[21:24:36] [train] ep=75 step=020/40 ce=0.2558 sc=0.7776 mi=0.0220 dn=0.0000 v13=0.0000 grl=0.0000 v15=0.0000 v15r=0.0000 v16=0.0000 v17=0.0000 v18=0.0000 acc=1.0000 lr=4.84e-05 lambda=0.000 grl_lambda=0.000 v18_lambda=0.000 gpu=3.0/11.8GB
[21:24:42] [train] ep=75 step=030/40 ce=0.2558 sc=0.7596 mi=0.0223 dn=0.0000 v13=0.0000 grl=0.0000 v15=0.0000 v15r=0.0000 v16=0.0000 v17=0.0000 v18=0.0000 acc=1.0000 lr=4.75e-05 lambda=0.000 grl_lambda=0.000 v18_lambda=0.000 gpu=3.0/11.8GB
[21:24:47] [train] ep=75 step=040/40 ce=0.2557 sc=0.7248 mi=0.0225 dn=0.0000 v13=0.0000 grl=0.0000 v15=0.0000 v15r=0.0000 v16=0.0000 v17=0.0000 v18=0.0000 acc=1.0000 lr=4.66e-05 lambda=0.000 grl_lambda=0.000 v18_lambda=0.000 gpu=3.0/11.8GB
[21:24:58] [ep_summary] ep=75/100 val_live=0.9877/0.9878 val_ema=0.9753/0.9756 test77_live=0.2770/0.1310 test77_diag_ema=0.2518/0.1292 v13=0.0000 grl=0.0000 v15=0.0000 v15r=0.0000 v16=0.0000 v17=0.0000 v18=0.0000 das=off[0,0] p=0.00 ep_time=34.8s
[21:24:58] [train] epoch 76/100 steps=40 use_dann=0 das=off f=[0.0,0.0] p=0.00 gpu=3.0/11.8GB
[21:24:59] [train] ep=76 step=001/40 ce=0.2568 sc=0.7408 mi=0.0208 dn=0.0000 v13=0.0000 grl=0.0000 v15=0.0000 v15r=0.0000 v16=0.0000 v17=0.0000 v18=0.0000 acc=1.0000 lr=4.65e-05 lambda=0.000 grl_lambda=0.000 v18_lambda=0.000 gpu=3.0/11.8GB
[21:25:04] [train] ep=76 step=010/40 ce=0.2557 sc=0.6701 mi=0.0231 dn=0.0000 v13=0.0000 grl=0.0000 v15=0.0000 v15r=0.0000 v16=0.0000 v17=0.0000 v18=0.0000 acc=1.0000 lr=4.58e-05 lambda=0.000 grl_lambda=0.000 v18_lambda=0.000 gpu=3.0/11.8GB
[21:25:10] [train] ep=76 step=020/40 ce=0.2558 sc=0.6962 mi=0.0232 dn=0.0000 v13=0.0000 grl=0.0000 v15=0.0000 v15r=0.0000 v16=0.0000 v17=0.0000 v18=0.0000 acc=1.0000 lr=4.49e-05 lambda=0.000 grl_lambda=0.000 v18_lambda=0.000 gpu=3.0/11.8GB
[21:25:16] [train] ep=76 step=030/40 ce=0.2557 sc=0.6953 mi=0.0229 dn=0.0000 v13=0.0000 grl=0.0000 v15=0.0000 v15r=0.0000 v16=0.0000 v17=0.0000 v18=0.0000 acc=1.0000 lr=4.40e-05 lambda=0.000 grl_lambda=0.000 v18_lambda=0.000 gpu=3.0/11.8GB
[21:25:22] [train] ep=76 step=040/40 ce=0.2557 sc=0.6965 mi=0.0232 dn=0.0000 v13=0.0000 grl=0.0000 v15=0.0000 v15r=0.0000 v16=0.0000 v17=0.0000 v18=0.0000 acc=1.0000 lr=4.32e-05 lambda=0.000 grl_lambda=0.000 v18_lambda=0.000 gpu=3.0/11.8GB
[21:25:33] [ep_summary] ep=76/100 val_live=0.9877/0.9878 val_ema=0.9691/0.9695 test77_live=0.2734/0.1296 test77_diag_ema=0.2554/0.1306 v13=0.0000 grl=0.0000 v15=0.0000 v15r=0.0000 v16=0.0000 v17=0.0000 v18=0.0000 das=off[0,0] p=0.00 ep_time=35.0s
[21:25:33] [train] epoch 77/100 steps=40 use_dann=0 das=off f=[0.0,0.0] p=0.00 gpu=3.0/11.8GB
[21:25:34] [train] ep=77 step=001/40 ce=0.2558 sc=0.5363 mi=0.0199 dn=0.0000 v13=0.0000 grl=0.0000 v15=0.0000 v15r=0.0000 v16=0.0000 v17=0.0000 v18=0.0000 acc=1.0000 lr=4.31e-05 lambda=0.000 grl_lambda=0.000 v18_lambda=0.000 gpu=3.0/11.8GB
[21:25:39] [train] ep=77 step=010/40 ce=0.2557 sc=0.8258 mi=0.0221 dn=0.0000 v13=0.0000 grl=0.0000 v15=0.0000 v15r=0.0000 v16=0.0000 v17=0.0000 v18=0.0000 acc=1.0000 lr=4.23e-05 lambda=0.000 grl_lambda=0.000 v18_lambda=0.000 gpu=3.0/11.8GB
[21:25:45] [train] ep=77 step=020/40 ce=0.2557 sc=0.8071 mi=0.0226 dn=0.0000 v13=0.0000 grl=0.0000 v15=0.0000 v15r=0.0000 v16=0.0000 v17=0.0000 v18=0.0000 acc=1.0000 lr=4.15e-05 lambda=0.000 grl_lambda=0.000 v18_lambda=0.000 gpu=3.0/11.8GB
[21:25:51] [train] ep=77 step=030/40 ce=0.2557 sc=0.7464 mi=0.0226 dn=0.0000 v13=0.0000 grl=0.0000 v15=0.0000 v15r=0.0000 v16=0.0000 v17=0.0000 v18=0.0000 acc=1.0000 lr=4.06e-05 lambda=0.000 grl_lambda=0.000 v18_lambda=0.000 gpu=3.0/11.8GB
[21:25:57] [train] ep=77 step=040/40 ce=0.2557 sc=0.7446 mi=0.0230 dn=0.0000 v13=0.0000 grl=0.0000 v15=0.0000 v15r=0.0000 v16=0.0000 v17=0.0000 v18=0.0000 acc=1.0000 lr=3.98e-05 lambda=0.000 grl_lambda=0.000 v18_lambda=0.000 gpu=3.0/11.8GB
[21:26:08] [ep_summary] ep=77/100 val_live=0.9877/0.9878 val_ema=0.9691/0.9695 test77_live=0.2734/0.1296 test77_diag_ema=0.2554/0.1306 v13=0.0000 grl=0.0000 v15=0.0000 v15r=0.0000 v16=0.0000 v17=0.0000 v18=0.0000 das=off[0,0] p=0.00 ep_time=34.2s
[21:26:08] [train] epoch 78/100 steps=40 use_dann=0 das=off f=[0.0,0.0] p=0.00 gpu=3.0/11.8GB
[21:26:08] [train] ep=78 step=001/40 ce=0.2555 sc=1.1190 mi=0.0216 dn=0.0000 v13=0.0000 grl=0.0000 v15=0.0000 v15r=0.0000 v16=0.0000 v17=0.0000 v18=0.0000 acc=1.0000 lr=3.97e-05 lambda=0.000 grl_lambda=0.000 v18_lambda=0.000 gpu=3.0/11.8GB
[21:26:14] [train] ep=78 step=010/40 ce=0.2558 sc=0.7864 mi=0.0218 dn=0.0000 v13=0.0000 grl=0.0000 v15=0.0000 v15r=0.0000 v16=0.0000 v17=0.0000 v18=0.0000 acc=1.0000 lr=3.90e-05 lambda=0.000 grl_lambda=0.000 v18_lambda=0.000 gpu=3.0/11.8GB
[21:26:19] [train] ep=78 step=020/40 ce=0.2557 sc=0.7309 mi=0.0223 dn=0.0000 v13=0.0000 grl=0.0000 v15=0.0000 v15r=0.0000 v16=0.0000 v17=0.0000 v18=0.0000 acc=1.0000 lr=3.82e-05 lambda=0.000 grl_lambda=0.000 v18_lambda=0.000 gpu=3.0/11.8GB
[21:26:25] [train] ep=78 step=030/40 ce=0.2557 sc=0.7756 mi=0.0221 dn=0.0000 v13=0.0000 grl=0.0000 v15=0.0000 v15r=0.0000 v16=0.0000 v17=0.0000 v18=0.0000 acc=1.0000 lr=3.74e-05 lambda=0.000 grl_lambda=0.000 v18_lambda=0.000 gpu=3.0/11.8GB
[21:26:31] [train] ep=78 step=040/40 ce=0.2557 sc=0.7605 mi=0.0226 dn=0.0000 v13=0.0000 grl=0.0000 v15=0.0000 v15r=0.0000 v16=0.0000 v17=0.0000 v18=0.0000 acc=1.0000 lr=3.66e-05 lambda=0.000 grl_lambda=0.000 v18_lambda=0.000 gpu=3.0/11.8GB
[21:26:42] [ep_summary] ep=78/100 val_live=0.9877/0.9878 val_ema=0.9691/0.9695 test77_live=0.2770/0.1314 test77_diag_ema=0.2554/0.1294 v13=0.0000 grl=0.0000 v15=0.0000 v15r=0.0000 v16=0.0000 v17=0.0000 v18=0.0000 das=off[0,0] p=0.00 ep_time=34.0s
[21:26:42] [train] epoch 79/100 steps=40 use_dann=0 das=off f=[0.0,0.0] p=0.00 gpu=3.0/11.8GB
[21:26:42] [train] ep=79 step=001/40 ce=0.2557 sc=0.5957 mi=0.0289 dn=0.0000 v13=0.0000 grl=0.0000 v15=0.0000 v15r=0.0000 v16=0.0000 v17=0.0000 v18=0.0000 acc=1.0000 lr=3.65e-05 lambda=0.000 grl_lambda=0.000 v18_lambda=0.000 gpu=3.0/11.8GB
[21:26:48] [train] ep=79 step=010/40 ce=0.2556 sc=0.8253 mi=0.0233 dn=0.0000 v13=0.0000 grl=0.0000 v15=0.0000 v15r=0.0000 v16=0.0000 v17=0.0000 v18=0.0000 acc=1.0000 lr=3.58e-05 lambda=0.000 grl_lambda=0.000 v18_lambda=0.000 gpu=3.0/11.8GB
[21:26:54] [train] ep=79 step=020/40 ce=0.2556 sc=0.7695 mi=0.0231 dn=0.0000 v13=0.0000 grl=0.0000 v15=0.0000 v15r=0.0000 v16=0.0000 v17=0.0000 v18=0.0000 acc=1.0000 lr=3.50e-05 lambda=0.000 grl_lambda=0.000 v18_lambda=0.000 gpu=3.0/11.8GB
[21:27:00] [train] ep=79 step=030/40 ce=0.2557 sc=0.7577 mi=0.0224 dn=0.0000 v13=0.0000 grl=0.0000 v15=0.0000 v15r=0.0000 v16=0.0000 v17=0.0000 v18=0.0000 acc=1.0000 lr=3.42e-05 lambda=0.000 grl_lambda=0.000 v18_lambda=0.000 gpu=3.0/11.8GB
[21:27:05] [train] ep=79 step=040/40 ce=0.2557 sc=0.7637 mi=0.0227 dn=0.0000 v13=0.0000 grl=0.0000 v15=0.0000 v15r=0.0000 v16=0.0000 v17=0.0000 v18=0.0000 acc=1.0000 lr=3.35e-05 lambda=0.000 grl_lambda=0.000 v18_lambda=0.000 gpu=3.0/11.8GB
[21:27:16] [ep_summary] ep=79/100 val_live=0.9877/0.9878 val_ema=0.9691/0.9695 test77_live=0.2770/0.1310 test77_diag_ema=0.2554/0.1294 v13=0.0000 grl=0.0000 v15=0.0000 v15r=0.0000 v16=0.0000 v17=0.0000 v18=0.0000 das=off[0,0] p=0.00 ep_time=34.5s
[21:27:16] [train] epoch 80/100 steps=40 use_dann=0 das=off f=[0.0,0.0] p=0.00 gpu=3.0/11.8GB
[21:27:17] [train] ep=80 step=001/40 ce=0.2557 sc=0.7410 mi=0.0214 dn=0.0000 v13=0.0000 grl=0.0000 v15=0.0000 v15r=0.0000 v16=0.0000 v17=0.0000 v18=0.0000 acc=1.0000 lr=3.34e-05 lambda=0.000 grl_lambda=0.000 v18_lambda=0.000 gpu=3.0/11.8GB
[21:27:22] [train] ep=80 step=010/40 ce=0.2556 sc=0.7138 mi=0.0224 dn=0.0000 v13=0.0000 grl=0.0000 v15=0.0000 v15r=0.0000 v16=0.0000 v17=0.0000 v18=0.0000 acc=1.0000 lr=3.27e-05 lambda=0.000 grl_lambda=0.000 v18_lambda=0.000 gpu=3.0/11.8GB
[21:27:28] [train] ep=80 step=020/40 ce=0.2556 sc=0.7656 mi=0.0224 dn=0.0000 v13=0.0000 grl=0.0000 v15=0.0000 v15r=0.0000 v16=0.0000 v17=0.0000 v18=0.0000 acc=1.0000 lr=3.19e-05 lambda=0.000 grl_lambda=0.000 v18_lambda=0.000 gpu=3.0/11.8GB
[21:27:34] [train] ep=80 step=030/40 ce=0.2557 sc=0.7561 mi=0.0225 dn=0.0000 v13=0.0000 grl=0.0000 v15=0.0000 v15r=0.0000 v16=0.0000 v17=0.0000 v18=0.0000 acc=1.0000 lr=3.12e-05 lambda=0.000 grl_lambda=0.000 v18_lambda=0.000 gpu=3.0/11.8GB
[21:27:40] [train] ep=80 step=040/40 ce=0.2557 sc=0.7553 mi=0.0228 dn=0.0000 v13=0.0000 grl=0.0000 v15=0.0000 v15r=0.0000 v16=0.0000 v17=0.0000 v18=0.0000 acc=1.0000 lr=3.05e-05 lambda=0.000 grl_lambda=0.000 v18_lambda=0.000 gpu=3.0/11.8GB
[21:27:50] [pool] check ep=080/100 source_val_acc_ema=0.9691 threshold=0.90
[21:27:55] [pool] ep=080 ADDED src_val=0.9691/0.9695 dev77=0.2214/0.1162 final77=0.2554/0.1288
[21:27:55] [pool] running best ep=080 dev77_f1=0.1162 final77_f1=0.1288 (pool_size=3)
[21:27:55] [ep_summary] ep=80/100 val_live=0.9877/0.9878 val_ema=0.9691/0.9695 test77_live=0.2770/0.1310 test77_diag_ema=0.2554/0.1288 v13=0.0000 grl=0.0000 v15=0.0000 v15r=0.0000 v16=0.0000 v17=0.0000 v18=0.0000 das=off[0,0] p=0.00 ep_time=39.2s
[21:27:55] [strict77_monitor] ep=80 best_source_epoch=74 source_val_ema=0.9753/0.9756 test77_ema_diag=0.2518/0.1292 sourcequalified_count=27 best_sourcequalified77_epoch=62 source_val_ema=0.9259/0.9258 test77_ema=0.2374/0.1317
[21:27:55] [train] epoch 81/100 steps=40 use_dann=0 das=off f=[0.0,0.0] p=0.00 gpu=3.0/11.8GB
[21:27:56] [train] ep=81 step=001/40 ce=0.2565 sc=0.6463 mi=0.0227 dn=0.0000 v13=0.0000 grl=0.0000 v15=0.0000 v15r=0.0000 v16=0.0000 v17=0.0000 v18=0.0000 acc=1.0000 lr=3.04e-05 lambda=0.000 grl_lambda=0.000 v18_lambda=0.000 gpu=3.0/11.8GB
[21:28:01] [train] ep=81 step=010/40 ce=0.2556 sc=0.7038 mi=0.0211 dn=0.0000 v13=0.0000 grl=0.0000 v15=0.0000 v15r=0.0000 v16=0.0000 v17=0.0000 v18=0.0000 acc=1.0000 lr=2.97e-05 lambda=0.000 grl_lambda=0.000 v18_lambda=0.000 gpu=3.0/11.8GB
[21:28:07] [train] ep=81 step=020/40 ce=0.2557 sc=0.7230 mi=0.0219 dn=0.0000 v13=0.0000 grl=0.0000 v15=0.0000 v15r=0.0000 v16=0.0000 v17=0.0000 v18=0.0000 acc=1.0000 lr=2.90e-05 lambda=0.000 grl_lambda=0.000 v18_lambda=0.000 gpu=3.0/11.8GB
[21:28:13] [train] ep=81 step=030/40 ce=0.2557 sc=0.7731 mi=0.0221 dn=0.0000 v13=0.0000 grl=0.0000 v15=0.0000 v15r=0.0000 v16=0.0000 v17=0.0000 v18=0.0000 acc=1.0000 lr=2.83e-05 lambda=0.000 grl_lambda=0.000 v18_lambda=0.000 gpu=3.0/11.8GB
[21:28:19] [train] ep=81 step=040/40 ce=0.2557 sc=0.7588 mi=0.0221 dn=0.0000 v13=0.0000 grl=0.0000 v15=0.0000 v15r=0.0000 v16=0.0000 v17=0.0000 v18=0.0000 acc=1.0000 lr=2.76e-05 lambda=0.000 grl_lambda=0.000 v18_lambda=0.000 gpu=3.0/11.8GB
[21:28:29] [ep_summary] ep=81/100 val_live=0.9877/0.9878 val_ema=0.9691/0.9695 test77_live=0.2734/0.1296 test77_diag_ema=0.2554/0.1282 v13=0.0000 grl=0.0000 v15=0.0000 v15r=0.0000 v16=0.0000 v17=0.0000 v18=0.0000 das=off[0,0] p=0.00 ep_time=34.0s
[21:28:29] [train] epoch 82/100 steps=40 use_dann=0 das=off f=[0.0,0.0] p=0.00 gpu=3.0/11.8GB
[21:28:30] [train] ep=82 step=001/40 ce=0.2556 sc=0.8380 mi=0.0211 dn=0.0000 v13=0.0000 grl=0.0000 v15=0.0000 v15r=0.0000 v16=0.0000 v17=0.0000 v18=0.0000 acc=1.0000 lr=2.75e-05 lambda=0.000 grl_lambda=0.000 v18_lambda=0.000 gpu=3.0/11.8GB
[21:28:35] [train] ep=82 step=010/40 ce=0.2558 sc=0.7009 mi=0.0231 dn=0.0000 v13=0.0000 grl=0.0000 v15=0.0000 v15r=0.0000 v16=0.0000 v17=0.0000 v18=0.0000 acc=1.0000 lr=2.69e-05 lambda=0.000 grl_lambda=0.000 v18_lambda=0.000 gpu=3.0/11.8GB
[21:28:41] [train] ep=82 step=020/40 ce=0.2557 sc=0.7669 mi=0.0226 dn=0.0000 v13=0.0000 grl=0.0000 v15=0.0000 v15r=0.0000 v16=0.0000 v17=0.0000 v18=0.0000 acc=1.0000 lr=2.62e-05 lambda=0.000 grl_lambda=0.000 v18_lambda=0.000 gpu=3.0/11.8GB
[21:28:47] [train] ep=82 step=030/40 ce=0.2557 sc=0.7307 mi=0.0224 dn=0.0000 v13=0.0000 grl=0.0000 v15=0.0000 v15r=0.0000 v16=0.0000 v17=0.0000 v18=0.0000 acc=1.0000 lr=2.55e-05 lambda=0.000 grl_lambda=0.000 v18_lambda=0.000 gpu=3.0/11.8GB
[21:28:53] [train] ep=82 step=040/40 ce=0.2556 sc=0.7430 mi=0.0227 dn=0.0000 v13=0.0000 grl=0.0000 v15=0.0000 v15r=0.0000 v16=0.0000 v17=0.0000 v18=0.0000 acc=1.0000 lr=2.48e-05 lambda=0.000 grl_lambda=0.000 v18_lambda=0.000 gpu=3.0/11.8GB
[21:29:05] [ep_summary] ep=82/100 val_live=0.9877/0.9878 val_ema=0.9691/0.9695 test77_live=0.2770/0.1310 test77_diag_ema=0.2554/0.1271 v13=0.0000 grl=0.0000 v15=0.0000 v15r=0.0000 v16=0.0000 v17=0.0000 v18=0.0000 das=off[0,0] p=0.00 ep_time=35.6s
[21:29:05] [train] epoch 83/100 steps=40 use_dann=0 das=off f=[0.0,0.0] p=0.00 gpu=3.0/11.8GB
[21:29:06] [train] ep=83 step=001/40 ce=0.2556 sc=0.5359 mi=0.0192 dn=0.0000 v13=0.0000 grl=0.0000 v15=0.0000 v15r=0.0000 v16=0.0000 v17=0.0000 v18=0.0000 acc=1.0000 lr=2.48e-05 lambda=0.000 grl_lambda=0.000 v18_lambda=0.000 gpu=3.0/11.8GB
[21:29:11] [train] ep=83 step=010/40 ce=0.2554 sc=0.7297 mi=0.0229 dn=0.0000 v13=0.0000 grl=0.0000 v15=0.0000 v15r=0.0000 v16=0.0000 v17=0.0000 v18=0.0000 acc=1.0000 lr=2.42e-05 lambda=0.000 grl_lambda=0.000 v18_lambda=0.000 gpu=3.0/11.8GB
[21:29:17] [train] ep=83 step=020/40 ce=0.2555 sc=0.8301 mi=0.0224 dn=0.0000 v13=0.0000 grl=0.0000 v15=0.0000 v15r=0.0000 v16=0.0000 v17=0.0000 v18=0.0000 acc=1.0000 lr=2.35e-05 lambda=0.000 grl_lambda=0.000 v18_lambda=0.000 gpu=3.0/11.8GB
[21:29:23] [train] ep=83 step=030/40 ce=0.2556 sc=0.8187 mi=0.0228 dn=0.0000 v13=0.0000 grl=0.0000 v15=0.0000 v15r=0.0000 v16=0.0000 v17=0.0000 v18=0.0000 acc=1.0000 lr=2.29e-05 lambda=0.000 grl_lambda=0.000 v18_lambda=0.000 gpu=3.0/11.8GB
[21:29:29] [train] ep=83 step=040/40 ce=0.2556 sc=0.8010 mi=0.0227 dn=0.0000 v13=0.0000 grl=0.0000 v15=0.0000 v15r=0.0000 v16=0.0000 v17=0.0000 v18=0.0000 acc=1.0000 lr=2.22e-05 lambda=0.000 grl_lambda=0.000 v18_lambda=0.000 gpu=3.0/11.8GB
[21:29:42] [ep_summary] ep=83/100 val_live=0.9877/0.9878 val_ema=0.9753/0.9757 test77_live=0.2770/0.1310 test77_diag_ema=0.2590/0.1291 v13=0.0000 grl=0.0000 v15=0.0000 v15r=0.0000 v16=0.0000 v17=0.0000 v18=0.0000 das=off[0,0] p=0.00 ep_time=36.5s
[21:29:42] [train] epoch 84/100 steps=40 use_dann=0 das=off f=[0.0,0.0] p=0.00 gpu=3.0/11.8GB
[21:29:42] [train] ep=84 step=001/40 ce=0.2566 sc=0.6482 mi=0.0278 dn=0.0000 v13=0.0000 grl=0.0000 v15=0.0000 v15r=0.0000 v16=0.0000 v17=0.0000 v18=0.0000 acc=1.0000 lr=2.22e-05 lambda=0.000 grl_lambda=0.000 v18_lambda=0.000 gpu=3.0/11.8GB
[21:29:47] [train] ep=84 step=010/40 ce=0.2558 sc=0.7540 mi=0.0229 dn=0.0000 v13=0.0000 grl=0.0000 v15=0.0000 v15r=0.0000 v16=0.0000 v17=0.0000 v18=0.0000 acc=1.0000 lr=2.16e-05 lambda=0.000 grl_lambda=0.000 v18_lambda=0.000 gpu=3.0/11.8GB
[21:29:53] [train] ep=84 step=020/40 ce=0.2557 sc=0.7430 mi=0.0227 dn=0.0000 v13=0.0000 grl=0.0000 v15=0.0000 v15r=0.0000 v16=0.0000 v17=0.0000 v18=0.0000 acc=1.0000 lr=2.10e-05 lambda=0.000 grl_lambda=0.000 v18_lambda=0.000 gpu=3.0/11.8GB
[21:29:59] [train] ep=84 step=030/40 ce=0.2557 sc=0.7467 mi=0.0224 dn=0.0000 v13=0.0000 grl=0.0000 v15=0.0000 v15r=0.0000 v16=0.0000 v17=0.0000 v18=0.0000 acc=1.0000 lr=2.04e-05 lambda=0.000 grl_lambda=0.000 v18_lambda=0.000 gpu=3.0/11.8GB
[21:30:05] [train] ep=84 step=040/40 ce=0.2557 sc=0.7432 mi=0.0229 dn=0.0000 v13=0.0000 grl=0.0000 v15=0.0000 v15r=0.0000 v16=0.0000 v17=0.0000 v18=0.0000 acc=1.0000 lr=1.98e-05 lambda=0.000 grl_lambda=0.000 v18_lambda=0.000 gpu=3.0/11.8GB
[21:30:16] [ep_summary] ep=84/100 val_live=0.9877/0.9878 val_ema=0.9753/0.9757 test77_live=0.2770/0.1310 test77_diag_ema=0.2590/0.1291 v13=0.0000 grl=0.0000 v15=0.0000 v15r=0.0000 v16=0.0000 v17=0.0000 v18=0.0000 das=off[0,0] p=0.00 ep_time=34.5s
[21:30:16] [train] epoch 85/100 steps=40 use_dann=0 das=off f=[0.0,0.0] p=0.00 gpu=3.0/11.8GB
[21:30:17] [train] ep=85 step=001/40 ce=0.2555 sc=1.0339 mi=0.0232 dn=0.0000 v13=0.0000 grl=0.0000 v15=0.0000 v15r=0.0000 v16=0.0000 v17=0.0000 v18=0.0000 acc=1.0000 lr=1.97e-05 lambda=0.000 grl_lambda=0.000 v18_lambda=0.000 gpu=3.0/11.8GB
[21:30:22] [train] ep=85 step=010/40 ce=0.2556 sc=0.8109 mi=0.0244 dn=0.0000 v13=0.0000 grl=0.0000 v15=0.0000 v15r=0.0000 v16=0.0000 v17=0.0000 v18=0.0000 acc=1.0000 lr=1.92e-05 lambda=0.000 grl_lambda=0.000 v18_lambda=0.000 gpu=3.0/11.8GB
[21:30:28] [train] ep=85 step=020/40 ce=0.2556 sc=0.7702 mi=0.0227 dn=0.0000 v13=0.0000 grl=0.0000 v15=0.0000 v15r=0.0000 v16=0.0000 v17=0.0000 v18=0.0000 acc=1.0000 lr=1.86e-05 lambda=0.000 grl_lambda=0.000 v18_lambda=0.000 gpu=3.0/11.8GB
[21:30:34] [train] ep=85 step=030/40 ce=0.2555 sc=0.7550 mi=0.0223 dn=0.0000 v13=0.0000 grl=0.0000 v15=0.0000 v15r=0.0000 v16=0.0000 v17=0.0000 v18=0.0000 acc=1.0000 lr=1.80e-05 lambda=0.000 grl_lambda=0.000 v18_lambda=0.000 gpu=3.0/11.8GB
[21:30:40] [train] ep=85 step=040/40 ce=0.2555 sc=0.7322 mi=0.0226 dn=0.0000 v13=0.0000 grl=0.0000 v15=0.0000 v15r=0.0000 v16=0.0000 v17=0.0000 v18=0.0000 acc=1.0000 lr=1.74e-05 lambda=0.000 grl_lambda=0.000 v18_lambda=0.000 gpu=3.0/11.8GB
[21:30:50] [ep_summary] ep=85/100 val_live=0.9877/0.9878 val_ema=0.9753/0.9757 test77_live=0.2770/0.1310 test77_diag_ema=0.2590/0.1286 v13=0.0000 grl=0.0000 v15=0.0000 v15r=0.0000 v16=0.0000 v17=0.0000 v18=0.0000 das=off[0,0] p=0.00 ep_time=34.4s
[21:30:50] [train] epoch 86/100 steps=40 use_dann=0 das=off f=[0.0,0.0] p=0.00 gpu=3.0/11.8GB
[21:30:51] [train] ep=86 step=001/40 ce=0.2561 sc=0.6120 mi=0.0189 dn=0.0000 v13=0.0000 grl=0.0000 v15=0.0000 v15r=0.0000 v16=0.0000 v17=0.0000 v18=0.0000 acc=1.0000 lr=1.74e-05 lambda=0.000 grl_lambda=0.000 v18_lambda=0.000 gpu=3.0/11.8GB
[21:30:56] [train] ep=86 step=010/40 ce=0.2557 sc=0.7691 mi=0.0230 dn=0.0000 v13=0.0000 grl=0.0000 v15=0.0000 v15r=0.0000 v16=0.0000 v17=0.0000 v18=0.0000 acc=1.0000 lr=1.68e-05 lambda=0.000 grl_lambda=0.000 v18_lambda=0.000 gpu=3.0/11.8GB
[21:31:02] [train] ep=86 step=020/40 ce=0.2558 sc=0.7507 mi=0.0221 dn=0.0000 v13=0.0000 grl=0.0000 v15=0.0000 v15r=0.0000 v16=0.0000 v17=0.0000 v18=0.0000 acc=1.0000 lr=1.63e-05 lambda=0.000 grl_lambda=0.000 v18_lambda=0.000 gpu=3.0/11.8GB
[21:31:08] [train] ep=86 step=030/40 ce=0.2557 sc=0.7623 mi=0.0215 dn=0.0000 v13=0.0000 grl=0.0000 v15=0.0000 v15r=0.0000 v16=0.0000 v17=0.0000 v18=0.0000 acc=1.0000 lr=1.57e-05 lambda=0.000 grl_lambda=0.000 v18_lambda=0.000 gpu=3.0/11.8GB
[21:31:14] [train] ep=86 step=040/40 ce=0.2557 sc=0.7483 mi=0.0218 dn=0.0000 v13=0.0000 grl=0.0000 v15=0.0000 v15r=0.0000 v16=0.0000 v17=0.0000 v18=0.0000 acc=1.0000 lr=1.52e-05 lambda=0.000 grl_lambda=0.000 v18_lambda=0.000 gpu=3.0/11.8GB
[21:31:25] [ep_summary] ep=86/100 val_live=0.9877/0.9878 val_ema=0.9753/0.9757 test77_live=0.2770/0.1310 test77_diag_ema=0.2590/0.1280 v13=0.0000 grl=0.0000 v15=0.0000 v15r=0.0000 v16=0.0000 v17=0.0000 v18=0.0000 das=off[0,0] p=0.00 ep_time=34.2s
[21:31:25] [train] epoch 87/100 steps=40 use_dann=0 das=off f=[0.0,0.0] p=0.00 gpu=3.0/11.8GB
[21:31:25] [train] ep=87 step=001/40 ce=0.2556 sc=0.4334 mi=0.0231 dn=0.0000 v13=0.0000 grl=0.0000 v15=0.0000 v15r=0.0000 v16=0.0000 v17=0.0000 v18=0.0000 acc=1.0000 lr=1.52e-05 lambda=0.000 grl_lambda=0.000 v18_lambda=0.000 gpu=3.0/11.8GB
[21:31:30] [train] ep=87 step=010/40 ce=0.2556 sc=0.6723 mi=0.0231 dn=0.0000 v13=0.0000 grl=0.0000 v15=0.0000 v15r=0.0000 v16=0.0000 v17=0.0000 v18=0.0000 acc=1.0000 lr=1.47e-05 lambda=0.000 grl_lambda=0.000 v18_lambda=0.000 gpu=3.0/11.8GB
[21:31:36] [train] ep=87 step=020/40 ce=0.2556 sc=0.7070 mi=0.0231 dn=0.0000 v13=0.0000 grl=0.0000 v15=0.0000 v15r=0.0000 v16=0.0000 v17=0.0000 v18=0.0000 acc=1.0000 lr=1.42e-05 lambda=0.000 grl_lambda=0.000 v18_lambda=0.000 gpu=3.0/11.8GB
[21:31:42] [train] ep=87 step=030/40 ce=0.2556 sc=0.7483 mi=0.0228 dn=0.0000 v13=0.0000 grl=0.0000 v15=0.0000 v15r=0.0000 v16=0.0000 v17=0.0000 v18=0.0000 acc=1.0000 lr=1.37e-05 lambda=0.000 grl_lambda=0.000 v18_lambda=0.000 gpu=3.0/11.8GB
[21:31:48] [train] ep=87 step=040/40 ce=0.2557 sc=0.7200 mi=0.0230 dn=0.0000 v13=0.0000 grl=0.0000 v15=0.0000 v15r=0.0000 v16=0.0000 v17=0.0000 v18=0.0000 acc=1.0000 lr=1.31e-05 lambda=0.000 grl_lambda=0.000 v18_lambda=0.000 gpu=3.0/11.8GB
[21:31:59] [ep_summary] ep=87/100 val_live=0.9877/0.9878 val_ema=0.9753/0.9757 test77_live=0.2770/0.1310 test77_diag_ema=0.2590/0.1280 v13=0.0000 grl=0.0000 v15=0.0000 v15r=0.0000 v16=0.0000 v17=0.0000 v18=0.0000 das=off[0,0] p=0.00 ep_time=34.1s
[21:31:59] [train] epoch 88/100 steps=40 use_dann=0 das=off f=[0.0,0.0] p=0.00 gpu=3.0/11.8GB
[21:31:59] [train] ep=88 step=001/40 ce=0.2557 sc=0.6963 mi=0.0213 dn=0.0000 v13=0.0000 grl=0.0000 v15=0.0000 v15r=0.0000 v16=0.0000 v17=0.0000 v18=0.0000 acc=1.0000 lr=1.31e-05 lambda=0.000 grl_lambda=0.000 v18_lambda=0.000 gpu=3.0/11.8GB
[21:32:05] [train] ep=88 step=010/40 ce=0.2557 sc=0.7050 mi=0.0225 dn=0.0000 v13=0.0000 grl=0.0000 v15=0.0000 v15r=0.0000 v16=0.0000 v17=0.0000 v18=0.0000 acc=1.0000 lr=1.27e-05 lambda=0.000 grl_lambda=0.000 v18_lambda=0.000 gpu=3.0/11.8GB
[21:32:10] [train] ep=88 step=020/40 ce=0.2557 sc=0.7072 mi=0.0230 dn=0.0000 v13=0.0000 grl=0.0000 v15=0.0000 v15r=0.0000 v16=0.0000 v17=0.0000 v18=0.0000 acc=1.0000 lr=1.22e-05 lambda=0.000 grl_lambda=0.000 v18_lambda=0.000 gpu=3.0/11.8GB
[21:32:16] [train] ep=88 step=030/40 ce=0.2556 sc=0.7255 mi=0.0227 dn=0.0000 v13=0.0000 grl=0.0000 v15=0.0000 v15r=0.0000 v16=0.0000 v17=0.0000 v18=0.0000 acc=1.0000 lr=1.17e-05 lambda=0.000 grl_lambda=0.000 v18_lambda=0.000 gpu=3.0/11.8GB
[21:32:22] [train] ep=88 step=040/40 ce=0.2557 sc=0.7244 mi=0.0229 dn=0.0000 v13=0.0000 grl=0.0000 v15=0.0000 v15r=0.0000 v16=0.0000 v17=0.0000 v18=0.0000 acc=1.0000 lr=1.12e-05 lambda=0.000 grl_lambda=0.000 v18_lambda=0.000 gpu=3.0/11.8GB
[21:32:34] [ep_summary] ep=88/100 val_live=0.9877/0.9878 val_ema=0.9753/0.9757 test77_live=0.2770/0.1310 test77_diag_ema=0.2626/0.1300 v13=0.0000 grl=0.0000 v15=0.0000 v15r=0.0000 v16=0.0000 v17=0.0000 v18=0.0000 das=off[0,0] p=0.00 ep_time=35.8s
[21:32:34] [train] epoch 89/100 steps=40 use_dann=0 das=off f=[0.0,0.0] p=0.00 gpu=3.0/11.8GB
[21:32:35] [train] ep=89 step=001/40 ce=0.2558 sc=0.6456 mi=0.0176 dn=0.0000 v13=0.0000 grl=0.0000 v15=0.0000 v15r=0.0000 v16=0.0000 v17=0.0000 v18=0.0000 acc=1.0000 lr=1.12e-05 lambda=0.000 grl_lambda=0.000 v18_lambda=0.000 gpu=3.0/11.8GB
[21:32:40] [train] ep=89 step=010/40 ce=0.2557 sc=0.6569 mi=0.0227 dn=0.0000 v13=0.0000 grl=0.0000 v15=0.0000 v15r=0.0000 v16=0.0000 v17=0.0000 v18=0.0000 acc=1.0000 lr=1.08e-05 lambda=0.000 grl_lambda=0.000 v18_lambda=0.000 gpu=3.0/11.8GB
[21:32:46] [train] ep=89 step=020/40 ce=0.2556 sc=0.6719 mi=0.0229 dn=0.0000 v13=0.0000 grl=0.0000 v15=0.0000 v15r=0.0000 v16=0.0000 v17=0.0000 v18=0.0000 acc=1.0000 lr=1.03e-05 lambda=0.000 grl_lambda=0.000 v18_lambda=0.000 gpu=3.0/11.8GB
[21:32:52] [train] ep=89 step=030/40 ce=0.2556 sc=0.7308 mi=0.0229 dn=0.0000 v13=0.0000 grl=0.0000 v15=0.0000 v15r=0.0000 v16=0.0000 v17=0.0000 v18=0.0000 acc=1.0000 lr=9.89e-06 lambda=0.000 grl_lambda=0.000 v18_lambda=0.000 gpu=3.0/11.8GB
[21:32:58] [train] ep=89 step=040/40 ce=0.2556 sc=0.7405 mi=0.0226 dn=0.0000 v13=0.0000 grl=0.0000 v15=0.0000 v15r=0.0000 v16=0.0000 v17=0.0000 v18=0.0000 acc=1.0000 lr=9.46e-06 lambda=0.000 grl_lambda=0.000 v18_lambda=0.000 gpu=3.0/11.8GB
[21:33:09] [ep_summary] ep=89/100 val_live=0.9877/0.9878 val_ema=0.9753/0.9757 test77_live=0.2770/0.1310 test77_diag_ema=0.2626/0.1300 v13=0.0000 grl=0.0000 v15=0.0000 v15r=0.0000 v16=0.0000 v17=0.0000 v18=0.0000 das=off[0,0] p=0.00 ep_time=34.1s
[21:33:09] [train] epoch 90/100 steps=40 use_dann=0 das=off f=[0.0,0.0] p=0.00 gpu=3.0/11.8GB
[21:33:09] [train] ep=90 step=001/40 ce=0.2558 sc=0.9938 mi=0.0218 dn=0.0000 v13=0.0000 grl=0.0000 v15=0.0000 v15r=0.0000 v16=0.0000 v17=0.0000 v18=0.0000 acc=1.0000 lr=9.42e-06 lambda=0.000 grl_lambda=0.000 v18_lambda=0.000 gpu=3.0/11.8GB
[21:33:15] [train] ep=90 step=010/40 ce=0.2557 sc=0.7458 mi=0.0223 dn=0.0000 v13=0.0000 grl=0.0000 v15=0.0000 v15r=0.0000 v16=0.0000 v17=0.0000 v18=0.0000 acc=1.0000 lr=9.04e-06 lambda=0.000 grl_lambda=0.000 v18_lambda=0.000 gpu=3.0/11.8GB
[21:33:21] [train] ep=90 step=020/40 ce=0.2557 sc=0.7205 mi=0.0227 dn=0.0000 v13=0.0000 grl=0.0000 v15=0.0000 v15r=0.0000 v16=0.0000 v17=0.0000 v18=0.0000 acc=1.0000 lr=8.63e-06 lambda=0.000 grl_lambda=0.000 v18_lambda=0.000 gpu=3.0/11.8GB
[21:33:27] [train] ep=90 step=030/40 ce=0.2557 sc=0.7671 mi=0.0226 dn=0.0000 v13=0.0000 grl=0.0000 v15=0.0000 v15r=0.0000 v16=0.0000 v17=0.0000 v18=0.0000 acc=1.0000 lr=8.23e-06 lambda=0.000 grl_lambda=0.000 v18_lambda=0.000 gpu=3.0/11.8GB
[21:33:33] [train] ep=90 step=040/40 ce=0.2557 sc=0.7510 mi=0.0232 dn=0.0000 v13=0.0000 grl=0.0000 v15=0.0000 v15r=0.0000 v16=0.0000 v17=0.0000 v18=0.0000 acc=1.0000 lr=7.84e-06 lambda=0.000 grl_lambda=0.000 v18_lambda=0.000 gpu=3.0/11.8GB
[21:33:44] [pool] check ep=090/100 source_val_acc_ema=0.9753 threshold=0.90
[21:33:49] [pool] ep=090 ADDED src_val=0.9753/0.9757 dev77=0.2500/0.1259 final77=0.2626/0.1300
[21:33:49] [pool] running best ep=090 dev77_f1=0.1259 final77_f1=0.1300 (pool_size=4)
[21:33:49] [ep_summary] ep=90/100 val_live=0.9877/0.9878 val_ema=0.9753/0.9757 test77_live=0.2770/0.1310 test77_diag_ema=0.2626/0.1300 v13=0.0000 grl=0.0000 v15=0.0000 v15r=0.0000 v16=0.0000 v17=0.0000 v18=0.0000 das=off[0,0] p=0.00 ep_time=40.7s
[21:33:49] [strict77_monitor] ep=90 best_source_epoch=74 source_val_ema=0.9753/0.9756 test77_ema_diag=0.2518/0.1292 sourcequalified_count=37 best_sourcequalified77_epoch=62 source_val_ema=0.9259/0.9258 test77_ema=0.2374/0.1317
[21:33:49] [train] epoch 91/100 steps=40 use_dann=0 das=off f=[0.0,0.0] p=0.00 gpu=3.0/11.8GB
[21:33:50] [train] ep=91 step=001/40 ce=0.2558 sc=1.0196 mi=0.0216 dn=0.0000 v13=0.0000 grl=0.0000 v15=0.0000 v15r=0.0000 v16=0.0000 v17=0.0000 v18=0.0000 acc=1.0000 lr=7.80e-06 lambda=0.000 grl_lambda=0.000 v18_lambda=0.000 gpu=3.0/11.8GB
[21:33:56] [train] ep=91 step=010/40 ce=0.2556 sc=0.7554 mi=0.0222 dn=0.0000 v13=0.0000 grl=0.0000 v15=0.0000 v15r=0.0000 v16=0.0000 v17=0.0000 v18=0.0000 acc=1.0000 lr=7.45e-06 lambda=0.000 grl_lambda=0.000 v18_lambda=0.000 gpu=3.0/11.8GB
[21:34:01] [train] ep=91 step=020/40 ce=0.2557 sc=0.7730 mi=0.0233 dn=0.0000 v13=0.0000 grl=0.0000 v15=0.0000 v15r=0.0000 v16=0.0000 v17=0.0000 v18=0.0000 acc=1.0000 lr=7.08e-06 lambda=0.000 grl_lambda=0.000 v18_lambda=0.000 gpu=3.0/11.8GB
[21:34:07] [train] ep=91 step=030/40 ce=0.2557 sc=0.7783 mi=0.0237 dn=0.0000 v13=0.0000 grl=0.0000 v15=0.0000 v15r=0.0000 v16=0.0000 v17=0.0000 v18=0.0000 acc=1.0000 lr=6.72e-06 lambda=0.000 grl_lambda=0.000 v18_lambda=0.000 gpu=3.0/11.8GB
[21:34:13] [train] ep=91 step=040/40 ce=0.2557 sc=0.7603 mi=0.0235 dn=0.0000 v13=0.0000 grl=0.0000 v15=0.0000 v15r=0.0000 v16=0.0000 v17=0.0000 v18=0.0000 acc=1.0000 lr=6.36e-06 lambda=0.000 grl_lambda=0.000 v18_lambda=0.000 gpu=3.0/11.8GB
[21:34:24] [ep_summary] ep=91/100 val_live=0.9877/0.9878 val_ema=0.9753/0.9757 test77_live=0.2770/0.1310 test77_diag_ema=0.2626/0.1295 v13=0.0000 grl=0.0000 v15=0.0000 v15r=0.0000 v16=0.0000 v17=0.0000 v18=0.0000 das=off[0,0] p=0.00 ep_time=34.6s
[21:34:24] [train] epoch 92/100 steps=40 use_dann=0 das=off f=[0.0,0.0] p=0.00 gpu=3.0/11.8GB
[21:34:25] [train] ep=92 step=001/40 ce=0.2559 sc=0.7260 mi=0.0199 dn=0.0000 v13=0.0000 grl=0.0000 v15=0.0000 v15r=0.0000 v16=0.0000 v17=0.0000 v18=0.0000 acc=1.0000 lr=6.33e-06 lambda=0.000 grl_lambda=0.000 v18_lambda=0.000 gpu=3.0/11.8GB
[21:34:30] [train] ep=92 step=010/40 ce=0.2555 sc=0.6452 mi=0.0233 dn=0.0000 v13=0.0000 grl=0.0000 v15=0.0000 v15r=0.0000 v16=0.0000 v17=0.0000 v18=0.0000 acc=1.0000 lr=6.02e-06 lambda=0.000 grl_lambda=0.000 v18_lambda=0.000 gpu=3.0/11.8GB
[21:34:36] [train] ep=92 step=020/40 ce=0.2555 sc=0.6469 mi=0.0230 dn=0.0000 v13=0.0000 grl=0.0000 v15=0.0000 v15r=0.0000 v16=0.0000 v17=0.0000 v18=0.0000 acc=1.0000 lr=5.68e-06 lambda=0.000 grl_lambda=0.000 v18_lambda=0.000 gpu=3.0/11.8GB
[21:34:41] [train] ep=92 step=030/40 ce=0.2555 sc=0.7065 mi=0.0225 dn=0.0000 v13=0.0000 grl=0.0000 v15=0.0000 v15r=0.0000 v16=0.0000 v17=0.0000 v18=0.0000 acc=1.0000 lr=5.35e-06 lambda=0.000 grl_lambda=0.000 v18_lambda=0.000 gpu=3.0/11.8GB
[21:34:47] [train] ep=92 step=040/40 ce=0.2555 sc=0.7052 mi=0.0226 dn=0.0000 v13=0.0000 grl=0.0000 v15=0.0000 v15r=0.0000 v16=0.0000 v17=0.0000 v18=0.0000 acc=1.0000 lr=5.04e-06 lambda=0.000 grl_lambda=0.000 v18_lambda=0.000 gpu=3.0/11.8GB
[21:34:58] [ep_summary] ep=92/100 val_live=0.9877/0.9878 val_ema=0.9753/0.9757 test77_live=0.2770/0.1310 test77_diag_ema=0.2626/0.1285 v13=0.0000 grl=0.0000 v15=0.0000 v15r=0.0000 v16=0.0000 v17=0.0000 v18=0.0000 das=off[0,0] p=0.00 ep_time=34.1s
[21:34:58] [train] epoch 93/100 steps=40 use_dann=0 das=off f=[0.0,0.0] p=0.00 gpu=3.0/11.8GB
[21:34:59] [train] ep=93 step=001/40 ce=0.2561 sc=0.7838 mi=0.0241 dn=0.0000 v13=0.0000 grl=0.0000 v15=0.0000 v15r=0.0000 v16=0.0000 v17=0.0000 v18=0.0000 acc=1.0000 lr=5.01e-06 lambda=0.000 grl_lambda=0.000 v18_lambda=0.000 gpu=3.0/11.8GB
[21:35:04] [train] ep=93 step=010/40 ce=0.2556 sc=0.7809 mi=0.0215 dn=0.0000 v13=0.0000 grl=0.0000 v15=0.0000 v15r=0.0000 v16=0.0000 v17=0.0000 v18=0.0000 acc=1.0000 lr=4.73e-06 lambda=0.000 grl_lambda=0.000 v18_lambda=0.000 gpu=3.0/11.8GB
[21:35:10] [train] ep=93 step=020/40 ce=0.2556 sc=0.7566 mi=0.0221 dn=0.0000 v13=0.0000 grl=0.0000 v15=0.0000 v15r=0.0000 v16=0.0000 v17=0.0000 v18=0.0000 acc=1.0000 lr=4.43e-06 lambda=0.000 grl_lambda=0.000 v18_lambda=0.000 gpu=3.0/11.8GB
[21:35:16] [train] ep=93 step=030/40 ce=0.2556 sc=0.7415 mi=0.0225 dn=0.0000 v13=0.0000 grl=0.0000 v15=0.0000 v15r=0.0000 v16=0.0000 v17=0.0000 v18=0.0000 acc=1.0000 lr=4.14e-06 lambda=0.000 grl_lambda=0.000 v18_lambda=0.000 gpu=3.0/11.8GB
[21:35:22] [train] ep=93 step=040/40 ce=0.2556 sc=0.7239 mi=0.0228 dn=0.0000 v13=0.0000 grl=0.0000 v15=0.0000 v15r=0.0000 v16=0.0000 v17=0.0000 v18=0.0000 acc=1.0000 lr=3.87e-06 lambda=0.000 grl_lambda=0.000 v18_lambda=0.000 gpu=3.0/11.8GB
[21:35:33] [ep_summary] ep=93/100 val_live=0.9877/0.9878 val_ema=0.9753/0.9757 test77_live=0.2770/0.1310 test77_diag_ema=0.2626/0.1285 v13=0.0000 grl=0.0000 v15=0.0000 v15r=0.0000 v16=0.0000 v17=0.0000 v18=0.0000 das=off[0,0] p=0.00 ep_time=34.5s
[21:35:33] [train] epoch 94/100 steps=40 use_dann=0 das=off f=[0.0,0.0] p=0.00 gpu=3.0/11.8GB
[21:35:33] [train] ep=94 step=001/40 ce=0.2551 sc=0.8374 mi=0.0237 dn=0.0000 v13=0.0000 grl=0.0000 v15=0.0000 v15r=0.0000 v16=0.0000 v17=0.0000 v18=0.0000 acc=1.0000 lr=3.84e-06 lambda=0.000 grl_lambda=0.000 v18_lambda=0.000 gpu=3.0/11.8GB
[21:35:38] [train] ep=94 step=010/40 ce=0.2555 sc=0.6353 mi=0.0229 dn=0.0000 v13=0.0000 grl=0.0000 v15=0.0000 v15r=0.0000 v16=0.0000 v17=0.0000 v18=0.0000 acc=1.0000 lr=3.60e-06 lambda=0.000 grl_lambda=0.000 v18_lambda=0.000 gpu=3.0/11.8GB
[21:35:44] [train] ep=94 step=020/40 ce=0.2556 sc=0.7020 mi=0.0231 dn=0.0000 v13=0.0000 grl=0.0000 v15=0.0000 v15r=0.0000 v16=0.0000 v17=0.0000 v18=0.0000 acc=1.0000 lr=3.34e-06 lambda=0.000 grl_lambda=0.000 v18_lambda=0.000 gpu=3.0/11.8GB
[21:35:50] [train] ep=94 step=030/40 ce=0.2556 sc=0.6915 mi=0.0229 dn=0.0000 v13=0.0000 grl=0.0000 v15=0.0000 v15r=0.0000 v16=0.0000 v17=0.0000 v18=0.0000 acc=1.0000 lr=3.09e-06 lambda=0.000 grl_lambda=0.000 v18_lambda=0.000 gpu=3.0/11.8GB
[21:35:56] [train] ep=94 step=040/40 ce=0.2556 sc=0.6921 mi=0.0224 dn=0.0000 v13=0.0000 grl=0.0000 v15=0.0000 v15r=0.0000 v16=0.0000 v17=0.0000 v18=0.0000 acc=1.0000 lr=2.85e-06 lambda=0.000 grl_lambda=0.000 v18_lambda=0.000 gpu=3.0/11.8GB
[21:36:07] [ep_summary] ep=94/100 val_live=0.9877/0.9878 val_ema=0.9753/0.9757 test77_live=0.2770/0.1310 test77_diag_ema=0.2626/0.1285 v13=0.0000 grl=0.0000 v15=0.0000 v15r=0.0000 v16=0.0000 v17=0.0000 v18=0.0000 das=off[0,0] p=0.00 ep_time=34.2s
[21:36:07] [train] epoch 95/100 steps=40 use_dann=0 das=off f=[0.0,0.0] p=0.00 gpu=3.0/11.8GB
[21:36:07] [train] ep=95 step=001/40 ce=0.2559 sc=0.9892 mi=0.0257 dn=0.0000 v13=0.0000 grl=0.0000 v15=0.0000 v15r=0.0000 v16=0.0000 v17=0.0000 v18=0.0000 acc=1.0000 lr=2.82e-06 lambda=0.000 grl_lambda=0.000 v18_lambda=0.000 gpu=3.0/11.8GB
[21:36:13] [train] ep=95 step=010/40 ce=0.2558 sc=0.7185 mi=0.0221 dn=0.0000 v13=0.0000 grl=0.0000 v15=0.0000 v15r=0.0000 v16=0.0000 v17=0.0000 v18=0.0000 acc=1.0000 lr=2.62e-06 lambda=0.000 grl_lambda=0.000 v18_lambda=0.000 gpu=3.0/11.8GB
[21:36:19] [train] ep=95 step=020/40 ce=0.2558 sc=0.7716 mi=0.0226 dn=0.0000 v13=0.0000 grl=0.0000 v15=0.0000 v15r=0.0000 v16=0.0000 v17=0.0000 v18=0.0000 acc=1.0000 lr=2.40e-06 lambda=0.000 grl_lambda=0.000 v18_lambda=0.000 gpu=3.0/11.8GB
[21:36:25] [train] ep=95 step=030/40 ce=0.2557 sc=0.7784 mi=0.0223 dn=0.0000 v13=0.0000 grl=0.0000 v15=0.0000 v15r=0.0000 v16=0.0000 v17=0.0000 v18=0.0000 acc=1.0000 lr=2.18e-06 lambda=0.000 grl_lambda=0.000 v18_lambda=0.000 gpu=3.0/11.8GB
[21:36:31] [train] ep=95 step=040/40 ce=0.2557 sc=0.7893 mi=0.0225 dn=0.0000 v13=0.0000 grl=0.0000 v15=0.0000 v15r=0.0000 v16=0.0000 v17=0.0000 v18=0.0000 acc=1.0000 lr=1.98e-06 lambda=0.000 grl_lambda=0.000 v18_lambda=0.000 gpu=3.0/11.8GB
[21:36:42] [ep_summary] ep=95/100 val_live=0.9877/0.9878 val_ema=0.9753/0.9757 test77_live=0.2770/0.1310 test77_diag_ema=0.2626/0.1285 v13=0.0000 grl=0.0000 v15=0.0000 v15r=0.0000 v16=0.0000 v17=0.0000 v18=0.0000 das=off[0,0] p=0.00 ep_time=35.4s
[21:36:42] [train] epoch 96/100 steps=40 use_dann=0 das=off f=[0.0,0.0] p=0.00 gpu=3.0/11.8GB
[21:36:43] [train] ep=96 step=001/40 ce=0.2563 sc=0.5962 mi=0.0204 dn=0.0000 v13=0.0000 grl=0.0000 v15=0.0000 v15r=0.0000 v16=0.0000 v17=0.0000 v18=0.0000 acc=1.0000 lr=1.96e-06 lambda=0.000 grl_lambda=0.000 v18_lambda=0.000 gpu=3.0/11.8GB
[21:36:48] [train] ep=96 step=010/40 ce=0.2556 sc=0.6665 mi=0.0216 dn=0.0000 v13=0.0000 grl=0.0000 v15=0.0000 v15r=0.0000 v16=0.0000 v17=0.0000 v18=0.0000 acc=1.0000 lr=1.79e-06 lambda=0.000 grl_lambda=0.000 v18_lambda=0.000 gpu=3.0/11.8GB
[21:36:54] [train] ep=96 step=020/40 ce=0.2557 sc=0.7499 mi=0.0218 dn=0.0000 v13=0.0000 grl=0.0000 v15=0.0000 v15r=0.0000 v16=0.0000 v17=0.0000 v18=0.0000 acc=1.0000 lr=1.61e-06 lambda=0.000 grl_lambda=0.000 v18_lambda=0.000 gpu=3.0/11.8GB
[21:37:00] [train] ep=96 step=030/40 ce=0.2557 sc=0.7314 mi=0.0217 dn=0.0000 v13=0.0000 grl=0.0000 v15=0.0000 v15r=0.0000 v16=0.0000 v17=0.0000 v18=0.0000 acc=1.0000 lr=1.44e-06 lambda=0.000 grl_lambda=0.000 v18_lambda=0.000 gpu=3.0/11.8GB
[21:37:06] [train] ep=96 step=040/40 ce=0.2557 sc=0.7237 mi=0.0218 dn=0.0000 v13=0.0000 grl=0.0000 v15=0.0000 v15r=0.0000 v16=0.0000 v17=0.0000 v18=0.0000 acc=1.0000 lr=1.27e-06 lambda=0.000 grl_lambda=0.000 v18_lambda=0.000 gpu=3.0/11.8GB
[21:37:16] [ep_summary] ep=96/100 val_live=0.9877/0.9878 val_ema=0.9815/0.9818 test77_live=0.2770/0.1310 test77_diag_ema=0.2626/0.1280 v13=0.0000 grl=0.0000 v15=0.0000 v15r=0.0000 v16=0.0000 v17=0.0000 v18=0.0000 das=off[0,0] p=0.00 ep_time=34.1s
[21:37:16] [save] best_sourceval_ema val_acc_ema=0.9815 source_val_live=0.9877/0.9878 source_val_ema=0.9815/0.9818 ep=96
[21:37:16] [train] epoch 97/100 steps=40 use_dann=0 das=off f=[0.0,0.0] p=0.00 gpu=3.0/11.8GB
[21:37:17] [train] ep=97 step=001/40 ce=0.2557 sc=1.1733 mi=0.0219 dn=0.0000 v13=0.0000 grl=0.0000 v15=0.0000 v15r=0.0000 v16=0.0000 v17=0.0000 v18=0.0000 acc=1.0000 lr=1.26e-06 lambda=0.000 grl_lambda=0.000 v18_lambda=0.000 gpu=3.0/11.8GB
[21:37:22] [train] ep=97 step=010/40 ce=0.2556 sc=0.7816 mi=0.0233 dn=0.0000 v13=0.0000 grl=0.0000 v15=0.0000 v15r=0.0000 v16=0.0000 v17=0.0000 v18=0.0000 acc=1.0000 lr=1.12e-06 lambda=0.000 grl_lambda=0.000 v18_lambda=0.000 gpu=3.0/11.8GB
[21:37:28] [train] ep=97 step=020/40 ce=0.2557 sc=0.7264 mi=0.0221 dn=0.0000 v13=0.0000 grl=0.0000 v15=0.0000 v15r=0.0000 v16=0.0000 v17=0.0000 v18=0.0000 acc=1.0000 lr=9.76e-07 lambda=0.000 grl_lambda=0.000 v18_lambda=0.000 gpu=3.0/11.8GB
[21:37:34] [train] ep=97 step=030/40 ce=0.2557 sc=0.7513 mi=0.0225 dn=0.0000 v13=0.0000 grl=0.0000 v15=0.0000 v15r=0.0000 v16=0.0000 v17=0.0000 v18=0.0000 acc=1.0000 lr=8.43e-07 lambda=0.000 grl_lambda=0.000 v18_lambda=0.000 gpu=3.0/11.8GB
[21:37:40] [train] ep=97 step=040/40 ce=0.2557 sc=0.7595 mi=0.0225 dn=0.0000 v13=0.0000 grl=0.0000 v15=0.0000 v15r=0.0000 v16=0.0000 v17=0.0000 v18=0.0000 acc=1.0000 lr=7.19e-07 lambda=0.000 grl_lambda=0.000 v18_lambda=0.000 gpu=3.0/11.8GB
[21:37:51] [ep_summary] ep=97/100 val_live=0.9877/0.9878 val_ema=0.9815/0.9818 test77_live=0.2770/0.1310 test77_diag_ema=0.2626/0.1280 v13=0.0000 grl=0.0000 v15=0.0000 v15r=0.0000 v16=0.0000 v17=0.0000 v18=0.0000 das=off[0,0] p=0.00 ep_time=34.1s
[21:37:51] [train] epoch 98/100 steps=40 use_dann=0 das=off f=[0.0,0.0] p=0.00 gpu=3.0/11.8GB
[21:37:51] [train] ep=98 step=001/40 ce=0.2558 sc=0.6128 mi=0.0236 dn=0.0000 v13=0.0000 grl=0.0000 v15=0.0000 v15r=0.0000 v16=0.0000 v17=0.0000 v18=0.0000 acc=1.0000 lr=7.07e-07 lambda=0.000 grl_lambda=0.000 v18_lambda=0.000 gpu=3.0/11.8GB
[21:37:56] [train] ep=98 step=010/40 ce=0.2555 sc=0.7783 mi=0.0233 dn=0.0000 v13=0.0000 grl=0.0000 v15=0.0000 v15r=0.0000 v16=0.0000 v17=0.0000 v18=0.0000 acc=1.0000 lr=6.05e-07 lambda=0.000 grl_lambda=0.000 v18_lambda=0.000 gpu=3.0/11.8GB
[21:38:02] [train] ep=98 step=020/40 ce=0.2555 sc=0.8343 mi=0.0233 dn=0.0000 v13=0.0000 grl=0.0000 v15=0.0000 v15r=0.0000 v16=0.0000 v17=0.0000 v18=0.0000 acc=1.0000 lr=5.01e-07 lambda=0.000 grl_lambda=0.000 v18_lambda=0.000 gpu=3.0/11.8GB
[21:38:08] [train] ep=98 step=030/40 ce=0.2555 sc=0.8267 mi=0.0234 dn=0.0000 v13=0.0000 grl=0.0000 v15=0.0000 v15r=0.0000 v16=0.0000 v17=0.0000 v18=0.0000 acc=1.0000 lr=4.07e-07 lambda=0.000 grl_lambda=0.000 v18_lambda=0.000 gpu=3.0/11.8GB
[21:38:14] [train] ep=98 step=040/40 ce=0.2556 sc=0.7931 mi=0.0231 dn=0.0000 v13=0.0000 grl=0.0000 v15=0.0000 v15r=0.0000 v16=0.0000 v17=0.0000 v18=0.0000 acc=1.0000 lr=3.22e-07 lambda=0.000 grl_lambda=0.000 v18_lambda=0.000 gpu=3.0/11.8GB
[21:38:25] [ep_summary] ep=98/100 val_live=0.9877/0.9878 val_ema=0.9815/0.9818 test77_live=0.2770/0.1310 test77_diag_ema=0.2626/0.1275 v13=0.0000 grl=0.0000 v15=0.0000 v15r=0.0000 v16=0.0000 v17=0.0000 v18=0.0000 das=off[0,0] p=0.00 ep_time=34.4s
[21:38:25] [train] epoch 99/100 steps=40 use_dann=0 das=off f=[0.0,0.0] p=0.00 gpu=3.0/11.8GB
[21:38:26] [train] ep=99 step=001/40 ce=0.2555 sc=0.6295 mi=0.0264 dn=0.0000 v13=0.0000 grl=0.0000 v15=0.0000 v15r=0.0000 v16=0.0000 v17=0.0000 v18=0.0000 acc=1.0000 lr=3.15e-07 lambda=0.000 grl_lambda=0.000 v18_lambda=0.000 gpu=3.0/11.8GB
[21:38:31] [train] ep=99 step=010/40 ce=0.2556 sc=0.7900 mi=0.0244 dn=0.0000 v13=0.0000 grl=0.0000 v15=0.0000 v15r=0.0000 v16=0.0000 v17=0.0000 v18=0.0000 acc=1.0000 lr=2.48e-07 lambda=0.000 grl_lambda=0.000 v18_lambda=0.000 gpu=3.0/11.8GB
[21:38:37] [train] ep=99 step=020/40 ce=0.2556 sc=0.7864 mi=0.0232 dn=0.0000 v13=0.0000 grl=0.0000 v15=0.0000 v15r=0.0000 v16=0.0000 v17=0.0000 v18=0.0000 acc=1.0000 lr=1.83e-07 lambda=0.000 grl_lambda=0.000 v18_lambda=0.000 gpu=3.0/11.8GB
[21:38:43] [train] ep=99 step=030/40 ce=0.2556 sc=0.7771 mi=0.0228 dn=0.0000 v13=0.0000 grl=0.0000 v15=0.0000 v15r=0.0000 v16=0.0000 v17=0.0000 v18=0.0000 acc=1.0000 lr=1.28e-07 lambda=0.000 grl_lambda=0.000 v18_lambda=0.000 gpu=3.0/11.8GB
[21:38:49] [train] ep=99 step=040/40 ce=0.2557 sc=0.7594 mi=0.0229 dn=0.0000 v13=0.0000 grl=0.0000 v15=0.0000 v15r=0.0000 v16=0.0000 v17=0.0000 v18=0.0000 acc=1.0000 lr=8.26e-08 lambda=0.000 grl_lambda=0.000 v18_lambda=0.000 gpu=3.0/11.8GB
[21:39:00] [ep_summary] ep=99/100 val_live=0.9877/0.9878 val_ema=0.9815/0.9818 test77_live=0.2770/0.1310 test77_diag_ema=0.2626/0.1275 v13=0.0000 grl=0.0000 v15=0.0000 v15r=0.0000 v16=0.0000 v17=0.0000 v18=0.0000 das=off[0,0] p=0.00 ep_time=35.0s
[21:39:00] [train] epoch 100/100 steps=40 use_dann=0 das=off f=[0.0,0.0] p=0.00 gpu=3.0/11.8GB
[21:39:01] [train] ep=100 step=001/40 ce=0.2556 sc=0.5367 mi=0.0211 dn=0.0000 v13=0.0000 grl=0.0000 v15=0.0000 v15r=0.0000 v16=0.0000 v17=0.0000 v18=0.0000 acc=1.0000 lr=7.87e-08 lambda=0.000 grl_lambda=0.000 v18_lambda=0.000 gpu=3.0/11.8GB
[21:39:06] [train] ep=100 step=010/40 ce=0.2555 sc=0.7179 mi=0.0220 dn=0.0000 v13=0.0000 grl=0.0000 v15=0.0000 v15r=0.0000 v16=0.0000 v17=0.0000 v18=0.0000 acc=1.0000 lr=4.72e-08 lambda=0.000 grl_lambda=0.000 v18_lambda=0.000 gpu=3.0/11.8GB
[21:39:12] [train] ep=100 step=020/40 ce=0.2556 sc=0.7682 mi=0.0235 dn=0.0000 v13=0.0000 grl=0.0000 v15=0.0000 v15r=0.0000 v16=0.0000 v17=0.0000 v18=0.0000 acc=1.0000 lr=2.17e-08 lambda=0.000 grl_lambda=0.000 v18_lambda=0.000 gpu=3.0/11.8GB
[21:39:18] [train] ep=100 step=030/40 ce=0.2555 sc=0.7722 mi=0.0233 dn=0.0000 v13=0.0000 grl=0.0000 v15=0.0000 v15r=0.0000 v16=0.0000 v17=0.0000 v18=0.0000 acc=1.0000 lr=5.95e-09 lambda=0.000 grl_lambda=0.000 v18_lambda=0.000 gpu=3.0/11.8GB
[21:39:24] [train] ep=100 step=040/40 ce=0.2556 sc=0.7336 mi=0.0236 dn=0.0000 v13=0.0000 grl=0.0000 v15=0.0000 v15r=0.0000 v16=0.0000 v17=0.0000 v18=0.0000 acc=1.0000 lr=4.92e-11 lambda=0.000 grl_lambda=0.000 v18_lambda=0.000 gpu=3.0/11.8GB
[21:39:36] [pool] check ep=100/100 source_val_acc_ema=0.9815 threshold=0.90
[21:39:42] [pool] ep=100 ADDED src_val=0.9815/0.9818 dev77=0.2571/0.1277 final77=0.2662/0.1289
[21:39:42] [pool] running best ep=100 dev77_f1=0.1277 final77_f1=0.1289 (pool_size=5)
[21:39:42] [ep_summary] ep=100/100 val_live=0.9877/0.9878 val_ema=0.9815/0.9818 test77_live=0.2770/0.1310 test77_diag_ema=0.2662/0.1289 v13=0.0000 grl=0.0000 v15=0.0000 v15r=0.0000 v16=0.0000 v17=0.0000 v18=0.0000 das=off[0,0] p=0.00 ep_time=41.7s
[21:39:42] [strict77_monitor] ep=100 best_source_epoch=96 source_val_ema=0.9815/0.9818 test77_ema_diag=0.2626/0.1280 sourcequalified_count=47 best_sourcequalified77_epoch=62 source_val_ema=0.9259/0.9258 test77_ema=0.2374/0.1317
[21:39:42] [pool] FINAL pool_size=5 best ep=100 dev77_f1=0.1277 final77_f1=0.1289 -> /scratch/st-zliu-1/heqingz/CrossCarrier_Fresh_20260922/CrossCarrier_Repro/EXPERIMENTSRESULT/REVISION_5090/SUPP_ABLATION/DAS_ERM/seed42/checkpoints/best_pool_ema.pt
[21:39:42] [train] done best_sourceval_acc_ema=0.9815
[21:40:04] [eval] loaded vit_large_patch16_dinov3_lvd1689m_best_sourceval_ema.pt (sourceval)
[21:40:04] [eval] strict source-val selected by ema acc; heldout77_unused=140 final_test77=278 imgs, seed=42 dev_per_class=20
[21:40:08] [eval] 77GHz final-test acc=0.2626 f1=0.1280
[21:40:08] [eval] 77GHz final-test per-class={'Away': 0.85, 'Bend': 1.0, 'Kneel': 0.0, 'Pick': 0.0, 'SStep': 0.0, 'Sit': 0.0, 'Towards': 0.0}
[21:40:10] [eval] val_all acc=0.9815 f1=0.9818
[21:40:11] [freq_scan:val10] f_virt=15GHz acc=0.7821 f1=0.7733
[21:40:12] [freq_scan:val10] f_virt=30GHz acc=0.3718 f1=0.2305
[21:40:14] [freq_scan:val10] f_virt=50GHz acc=0.3077 f1=0.1388
[21:40:15] [freq_scan:val10] f_virt=77GHz acc=0.3077 f1=0.1358
[21:40:16] [freq_scan:val10] f_virt=99GHz acc=0.3077 f1=0.1353
[21:40:17] [freq_scan:val10] f_virt=120GHz acc=0.3077 f1=0.1353
[21:40:19] [freq_scan:val10] f_virt=140GHz acc=0.3077 f1=0.1349
[21:40:20] [freq_scan:val24] f_virt=15GHz acc=0.6548 f1=0.6197
[21:40:21] [freq_scan:val24] f_virt=30GHz acc=0.9167 f1=0.9166
[21:40:22] [freq_scan:val24] f_virt=50GHz acc=0.5238 f1=0.4746
[21:40:24] [freq_scan:val24] f_virt=77GHz acc=0.3571 f1=0.2332
[21:40:25] [freq_scan:val24] f_virt=99GHz acc=0.2976 f1=0.1847
[21:40:26] [freq_scan:val24] f_virt=120GHz acc=0.2738 f1=0.1276
[21:40:28] [freq_scan:val24] f_virt=140GHz acc=0.2857 f1=0.1459
[21:40:28] [eval] saved eval_sourceval.json
[21:40:40] [eval] loaded vit_large_patch16_dinov3_lvd1689m_best_sourcequalified77_ema.pt (sourcequalified)
[21:40:40] [eval] source-qualified diagnostic selected (source-val ema acc >= 0.90, then best 77GHz ema macro-F1); heldout77_unused=140 final_test77=278 imgs, seed=42 dev_per_class=20
[21:40:43] [eval] 77GHz final-test acc=0.2374 f1=0.1317
[21:40:43] [eval] 77GHz final-test per-class={'Away': 0.675, 'Bend': 1.0, 'Kneel': 0.0, 'Pick': 0.0, 'SStep': 0.0, 'Sit': 0.0, 'Towards': 0.0}
[21:40:45] [eval] val_all acc=0.9259 f1=0.9258
[21:40:46] [freq_scan:val10] f_virt=15GHz acc=0.7436 f1=0.7198
[21:40:47] [freq_scan:val10] f_virt=30GHz acc=0.3462 f1=0.2059
[21:40:48] [freq_scan:val10] f_virt=50GHz acc=0.3077 f1=0.1353
[21:40:49] [freq_scan:val10] f_virt=77GHz acc=0.3077 f1=0.1345
[21:40:51] [freq_scan:val10] f_virt=99GHz acc=0.3077 f1=0.1347
[21:40:52] [freq_scan:val10] f_virt=120GHz acc=0.3077 f1=0.1345
[21:40:53] [freq_scan:val10] f_virt=140GHz acc=0.3077 f1=0.1345
[21:40:54] [freq_scan:val24] f_virt=15GHz acc=0.6429 f1=0.6125
[21:40:56] [freq_scan:val24] f_virt=30GHz acc=0.9167 f1=0.9149
[21:40:57] [freq_scan:val24] f_virt=50GHz acc=0.5238 f1=0.4654
[21:40:58] [freq_scan:val24] f_virt=77GHz acc=0.3333 f1=0.2069
[21:40:59] [freq_scan:val24] f_virt=99GHz acc=0.2857 f1=0.1581
[21:41:01] [freq_scan:val24] f_virt=120GHz acc=0.2738 f1=0.1226
[21:41:02] [freq_scan:val24] f_virt=140GHz acc=0.2857 f1=0.1452
[21:41:02] [eval] saved eval_sourcequalified.json
