[16:59:01] run_dir=/scratch/st-zliu-1/heqingz/CrossCarrier_Fresh_20260922/CrossCarrier_Repro/EXPERIMENTSRESULT/REVISION_5090/SUPP_ABLATION/ACR_Lfreq_only/seed31415
[16:59:01] device=cuda
[16:59:01] backbone=vit_large_patch16_dinov3.lvd1689m
[16:59:01] env: manifest_dir=/scratch/st-zliu-1/heqingz/CrossCarrier_Fresh_20260922/CrossCarrier_Repro/tasks/known_people_unknown_freq/manifest dataset_root=/scratch/st-zliu-1/heqingz/CrossCarrier_Fresh_20260922/CrossCarrier_Repro use_dann=False selection=source_val_acc_ema adapter_mode=lora
[16:59:01] set_seed(31415)
[16:59:07] [fast_gpu] source cache 644 imgs (0.39GB) on cuda
[16:59:07] train_source=644 train_src_rows=10:302 24:342 source_steps/epoch=40 val_all=162 heldout77_unused=140 test77_final=278
[16:59:07] [test77_split] seed=42 dev_per_class=20
[16:59:43] trainable params=2378753 (encoder_lora+neck+head + miro_proj+v15_falsification+v13_residual_split)
[16:59:43] logit_prior=[-1.9678890705108643, -1.913821816444397, -1.8427258729934692, -1.9678890705108643, -2.0133514404296875, -1.8929877281188965, -2.036881923675537]
[16:59:43] use_dann=False
[16:59:43] use_das=True
[16:59:43] das_mode=curriculum initial_stage={'name': 'stage1', 'p': 0.35, 'f_low': 10.0, 'f_high': 24.0}
[16:59:43] aug_flags: USE_HFT=True USE_SPEC_AUGMENT=True
[16:59:43] adapter_mode=lora
[16:59:43] schedule: epochs=100 steps/epoch=40 imgs/step=16 total_steps=4000 total_imgs=64000 warmup_steps=120
[16:59:43] source_qualified_policy: val_acc_ema>=0.90 candidates are recorded; best candidate by 77GHz F1 is saved as diagnostic
[16:59:43] [pool] init threshold=0.90 period=10 selection=dev77_f1
[16:59:43] [train] epoch 1/100 steps=40 use_dann=0 das=stage1 f=[10.0,24.0] p=0.35 gpu=3.0/3.0GB
[16:59:46] [train] ep=01 step=001/40 ce=7.7971 sc=2.9957 mi=1.0267 dn=0.0000 v13=0.0191 grl=0.0000 v15=0.0000 v15r=0.0000 v16=0.0000 v17=0.0000 v18=0.0000 acc=0.1875 lr=2.50e-06 lambda=0.000 grl_lambda=0.000 v18_lambda=0.000 gpu=3.0/11.8GB
[16:59:51] [train] ep=01 step=010/40 ce=8.0364 sc=2.7929 mi=1.0160 dn=0.0000 v13=0.0065 grl=0.0000 v15=0.0000 v15r=0.0000 v16=0.0000 v17=0.0000 v18=0.0000 acc=0.1437 lr=2.50e-05 lambda=0.000 grl_lambda=0.000 v18_lambda=0.000 gpu=3.0/11.8GB
[16:59:57] [train] ep=01 step=020/40 ce=7.9484 sc=2.8185 mi=0.9649 dn=0.0000 v13=0.0063 grl=0.0000 v15=0.0000 v15r=0.0000 v16=0.0000 v17=0.0000 v18=0.0000 acc=0.1313 lr=5.00e-05 lambda=0.000 grl_lambda=0.000 v18_lambda=0.000 gpu=3.0/11.8GB
[17:00:03] [train] ep=01 step=030/40 ce=7.8774 sc=2.8176 mi=0.8928 dn=0.0000 v13=0.0057 grl=0.0000 v15=0.0000 v15r=0.0000 v16=0.0000 v17=0.0000 v18=0.0000 acc=0.1562 lr=7.50e-05 lambda=0.000 grl_lambda=0.000 v18_lambda=0.000 gpu=3.0/11.8GB
[17:00:08] [train] ep=01 step=040/40 ce=7.8015 sc=2.7991 mi=0.8076 dn=0.0000 v13=0.0047 grl=0.0000 v15=0.0000 v15r=0.0000 v16=0.0000 v17=0.0000 v18=0.0000 acc=0.1734 lr=1.00e-04 lambda=0.000 grl_lambda=0.000 v18_lambda=0.000 gpu=3.0/11.8GB
[17:00:14] [ep_summary] ep=01/100 val_live=0.2099/0.1292 val_ema=0.0000/0.0000 test77_live=0.1871/0.1080 test77_diag_ema=0.0000/0.0000 v13=0.0047 grl=0.0000 v15=0.0000 v15r=0.0000 v16=0.0000 v17=0.0000 v18=0.0000 das=stage1[10,24] p=0.35 ep_time=30.6s
[17:00:14] [train] epoch 2/100 steps=40 use_dann=0 das=stage1 f=[10.0,24.0] p=0.35 gpu=3.0/11.8GB
[17:00:14] [train] ep=02 step=001/40 ce=7.3727 sc=2.7226 mi=0.4657 dn=0.0000 v13=0.0005 grl=0.0000 v15=0.0000 v15r=0.0000 v16=0.0000 v17=0.0000 v18=0.0000 acc=0.3125 lr=1.02e-04 lambda=0.000 grl_lambda=0.000 v18_lambda=0.000 gpu=3.0/11.8GB
[17:00:19] [train] ep=02 step=010/40 ce=7.4811 sc=2.7757 mi=0.3830 dn=0.0000 v13=0.0017 grl=0.0000 v15=0.0000 v15r=0.0000 v16=0.0000 v17=0.0000 v18=0.0000 acc=0.2687 lr=1.25e-04 lambda=0.000 grl_lambda=0.000 v18_lambda=0.000 gpu=3.0/11.8GB
[17:00:25] [train] ep=02 step=020/40 ce=7.4006 sc=2.7766 mi=0.3298 dn=0.0000 v13=0.0015 grl=0.0000 v15=0.0000 v15r=0.0000 v16=0.0000 v17=0.0000 v18=0.0000 acc=0.2906 lr=1.50e-04 lambda=0.000 grl_lambda=0.000 v18_lambda=0.000 gpu=3.0/11.8GB
[17:00:31] [train] ep=02 step=030/40 ce=7.2739 sc=2.7640 mi=0.2886 dn=0.0000 v13=0.0016 grl=0.0000 v15=0.0000 v15r=0.0000 v16=0.0000 v17=0.0000 v18=0.0000 acc=0.3375 lr=1.75e-04 lambda=0.000 grl_lambda=0.000 v18_lambda=0.000 gpu=3.0/11.8GB
[17:00:37] [train] ep=02 step=040/40 ce=7.1230 sc=2.7409 mi=0.2617 dn=0.0000 v13=0.0015 grl=0.0000 v15=0.0000 v15r=0.0000 v16=0.0000 v17=0.0000 v18=0.0000 acc=0.3453 lr=2.00e-04 lambda=0.000 grl_lambda=0.000 v18_lambda=0.000 gpu=3.0/11.8GB
[17:01:16] [ep_summary] ep=02/100 val_live=0.5370/0.5208 val_ema=0.0000/0.0000 test77_live=0.3129/0.2049 test77_diag_ema=0.0000/0.0000 v13=0.0015 grl=0.0000 v15=0.0000 v15r=0.0000 v16=0.0000 v17=0.0000 v18=0.0000 das=stage1[10,24] p=0.35 ep_time=62.6s
[17:01:16] [train] epoch 3/100 steps=40 use_dann=0 das=stage1 f=[10.0,24.0] p=0.35 gpu=3.0/11.8GB
[17:01:17] [train] ep=03 step=001/40 ce=5.4200 sc=2.8090 mi=0.1976 dn=0.0000 v13=0.0009 grl=0.0000 v15=0.0000 v15r=0.0000 v16=0.0000 v17=0.0000 v18=0.0000 acc=0.6875 lr=2.02e-04 lambda=0.000 grl_lambda=0.000 v18_lambda=0.000 gpu=3.0/11.8GB
[17:01:22] [train] ep=03 step=010/40 ce=6.0788 sc=2.5514 mi=0.1863 dn=0.0000 v13=0.0013 grl=0.0000 v15=0.0000 v15r=0.0000 v16=0.0000 v17=0.0000 v18=0.0000 acc=0.5250 lr=2.25e-04 lambda=0.000 grl_lambda=0.000 v18_lambda=0.000 gpu=3.0/11.8GB
[17:01:28] [train] ep=03 step=020/40 ce=5.8355 sc=2.4388 mi=0.1783 dn=0.0000 v13=0.0012 grl=0.0000 v15=0.0000 v15r=0.0000 v16=0.0000 v17=0.0000 v18=0.0000 acc=0.5563 lr=2.50e-04 lambda=0.000 grl_lambda=0.000 v18_lambda=0.000 gpu=3.0/11.8GB
[17:01:33] [train] ep=03 step=030/40 ce=5.2321 sc=2.3317 mi=0.1819 dn=0.0000 v13=0.0011 grl=0.0000 v15=0.0000 v15r=0.0000 v16=0.0000 v17=0.0000 v18=0.0000 acc=0.6250 lr=2.75e-04 lambda=0.000 grl_lambda=0.000 v18_lambda=0.000 gpu=3.0/11.8GB
[17:01:39] [train] ep=03 step=040/40 ce=4.8664 sc=2.2672 mi=0.1917 dn=0.0000 v13=0.0012 grl=0.0000 v15=0.0000 v15r=0.0000 v16=0.0000 v17=0.0000 v18=0.0000 acc=0.6625 lr=3.00e-04 lambda=0.000 grl_lambda=0.000 v18_lambda=0.000 gpu=3.0/11.8GB
[17:02:07] [ep_summary] ep=03/100 val_live=0.7654/0.7548 val_ema=0.0000/0.0000 test77_live=0.4964/0.4335 test77_diag_ema=0.0000/0.0000 v13=0.0012 grl=0.0000 v15=0.0000 v15r=0.0000 v16=0.0000 v17=0.0000 v18=0.0000 das=stage1[10,24] p=0.35 ep_time=50.4s
[17:02:07] [train] epoch 4/100 steps=40 use_dann=0 das=stage1 f=[10.0,24.0] p=0.35 gpu=3.0/11.8GB
[17:02:07] [train] ep=04 step=001/40 ce=3.1777 sc=1.3970 mi=0.2305 dn=0.0000 v13=0.0033 grl=0.0000 v15=0.0000 v15r=0.0000 v16=0.0000 v17=0.0000 v18=0.0000 acc=0.9375 lr=3.00e-04 lambda=0.000 grl_lambda=0.000 v18_lambda=0.000 gpu=3.0/11.8GB
[17:02:12] [train] ep=04 step=010/40 ce=3.6554 sc=1.9242 mi=0.1859 dn=0.0000 v13=0.0021 grl=0.0000 v15=0.0000 v15r=0.0000 v16=0.0000 v17=0.0000 v18=0.0000 acc=0.7937 lr=3.00e-04 lambda=0.000 grl_lambda=0.000 v18_lambda=0.000 gpu=3.0/11.8GB
[17:02:18] [train] ep=04 step=020/40 ce=3.4472 sc=1.7368 mi=0.1774 dn=0.0000 v13=0.0015 grl=0.0000 v15=0.0000 v15r=0.0000 v16=0.0000 v17=0.0000 v18=0.0000 acc=0.7937 lr=3.00e-04 lambda=0.000 grl_lambda=0.000 v18_lambda=0.000 gpu=3.0/11.8GB
[17:02:24] [train] ep=04 step=030/40 ce=3.3983 sc=1.7141 mi=0.1681 dn=0.0000 v13=0.0014 grl=0.0000 v15=0.0000 v15r=0.0000 v16=0.0000 v17=0.0000 v18=0.0000 acc=0.7875 lr=3.00e-04 lambda=0.000 grl_lambda=0.000 v18_lambda=0.000 gpu=3.0/11.8GB
[17:02:29] [train] ep=04 step=040/40 ce=3.2542 sc=1.6589 mi=0.1567 dn=0.0000 v13=0.0013 grl=0.0000 v15=0.0000 v15r=0.0000 v16=0.0000 v17=0.0000 v18=0.0000 acc=0.7844 lr=3.00e-04 lambda=0.000 grl_lambda=0.000 v18_lambda=0.000 gpu=3.0/11.8GB
[17:02:50] [ep_summary] ep=04/100 val_live=0.8086/0.7587 val_ema=0.0000/0.0000 test77_live=0.4604/0.3716 test77_diag_ema=0.0000/0.0000 v13=0.0013 grl=0.0000 v15=0.0000 v15r=0.0000 v16=0.0000 v17=0.0000 v18=0.0000 das=stage1[10,24] p=0.35 ep_time=43.0s
[17:02:50] [train] epoch 5/100 steps=40 use_dann=0 das=stage1 f=[10.0,24.0] p=0.35 gpu=3.0/11.8GB
[17:02:50] [train] ep=05 step=001/40 ce=3.9110 sc=2.0385 mi=0.1182 dn=0.0000 v13=0.0013 grl=0.0000 v15=0.0000 v15r=0.0000 v16=0.0000 v17=0.0000 v18=0.0000 acc=0.7500 lr=3.00e-04 lambda=0.000 grl_lambda=0.000 v18_lambda=0.000 gpu=3.0/11.8GB
[17:02:55] [train] ep=05 step=010/40 ce=3.2247 sc=1.7264 mi=0.1080 dn=0.0000 v13=0.0009 grl=0.0000 v15=0.0000 v15r=0.0000 v16=0.0000 v17=0.0000 v18=0.0000 acc=0.8000 lr=3.00e-04 lambda=0.000 grl_lambda=0.000 v18_lambda=0.000 gpu=3.0/11.8GB
[17:03:01] [train] ep=05 step=020/40 ce=2.9168 sc=1.5658 mi=0.1031 dn=0.0000 v13=0.0008 grl=0.0000 v15=0.0000 v15r=0.0000 v16=0.0000 v17=0.0000 v18=0.0000 acc=0.8219 lr=3.00e-04 lambda=0.000 grl_lambda=0.000 v18_lambda=0.000 gpu=3.0/11.8GB
[17:03:07] [train] ep=05 step=030/40 ce=2.8811 sc=1.5278 mi=0.0984 dn=0.0000 v13=0.0008 grl=0.0000 v15=0.0000 v15r=0.0000 v16=0.0000 v17=0.0000 v18=0.0000 acc=0.8250 lr=3.00e-04 lambda=0.000 grl_lambda=0.000 v18_lambda=0.000 gpu=3.0/11.8GB
[17:03:13] [train] ep=05 step=040/40 ce=2.7460 sc=1.5164 mi=0.0949 dn=0.0000 v13=0.0008 grl=0.0000 v15=0.0000 v15r=0.0000 v16=0.0000 v17=0.0000 v18=0.0000 acc=0.8313 lr=3.00e-04 lambda=0.000 grl_lambda=0.000 v18_lambda=0.000 gpu=3.0/11.8GB
[17:03:41] [ep_summary] ep=05/100 val_live=0.9074/0.9084 val_ema=0.1420/0.0561 test77_live=0.4496/0.3378 test77_diag_ema=0.1655/0.0795 v13=0.0008 grl=0.0000 v15=0.0000 v15r=0.0000 v16=0.0000 v17=0.0000 v18=0.0000 das=stage1[10,24] p=0.35 ep_time=51.4s
[17:03:42] [save] best_sourceval_ema val_acc_ema=0.1420 source_val_live=0.9074/0.9084 source_val_ema=0.1420/0.0561 ep=5
[17:03:42] [train] epoch 6/100 steps=40 use_dann=0 das=stage1 f=[10.0,24.0] p=0.35 gpu=3.0/11.8GB
[17:03:42] [train] ep=06 step=001/40 ce=2.4766 sc=1.0391 mi=0.0840 dn=0.0000 v13=0.0005 grl=0.0000 v15=0.0000 v15r=0.0000 v16=0.0000 v17=0.0000 v18=0.0000 acc=0.8125 lr=3.00e-04 lambda=0.000 grl_lambda=0.000 v18_lambda=0.000 gpu=3.0/11.8GB
[17:03:48] [train] ep=06 step=010/40 ce=2.1448 sc=1.3253 mi=0.0908 dn=0.0000 v13=0.0009 grl=0.0000 v15=0.0000 v15r=0.0000 v16=0.0000 v17=0.0000 v18=0.0000 acc=0.8938 lr=3.00e-04 lambda=0.000 grl_lambda=0.000 v18_lambda=0.000 gpu=3.0/11.8GB
[17:03:53] [train] ep=06 step=020/40 ce=2.1483 sc=1.2751 mi=0.0893 dn=0.0000 v13=0.0010 grl=0.0000 v15=0.0000 v15r=0.0000 v16=0.0000 v17=0.0000 v18=0.0000 acc=0.8750 lr=3.00e-04 lambda=0.000 grl_lambda=0.000 v18_lambda=0.000 gpu=3.0/11.8GB
[17:03:59] [train] ep=06 step=030/40 ce=2.2561 sc=1.3770 mi=0.0892 dn=0.0000 v13=0.0009 grl=0.0000 v15=0.0000 v15r=0.0000 v16=0.0000 v17=0.0000 v18=0.0000 acc=0.8729 lr=2.99e-04 lambda=0.000 grl_lambda=0.000 v18_lambda=0.000 gpu=3.0/11.8GB
[17:04:05] [train] ep=06 step=040/40 ce=2.2315 sc=1.3659 mi=0.0873 dn=0.0000 v13=0.0009 grl=0.0000 v15=0.0000 v15r=0.0000 v16=0.0000 v17=0.0000 v18=0.0000 acc=0.8766 lr=2.99e-04 lambda=0.000 grl_lambda=0.000 v18_lambda=0.000 gpu=3.0/11.8GB
[17:04:15] [ep_summary] ep=06/100 val_live=0.9259/0.9278 val_ema=0.1543/0.0699 test77_live=0.6187/0.5286 test77_diag_ema=0.1727/0.0750 v13=0.0009 grl=0.0000 v15=0.0000 v15r=0.0000 v16=0.0000 v17=0.0000 v18=0.0000 das=stage1[10,24] p=0.35 ep_time=33.3s
[17:04:15] [save] best_sourceval_ema val_acc_ema=0.1543 source_val_live=0.9259/0.9278 source_val_ema=0.1543/0.0699 ep=6
[17:04:15] [train] epoch 7/100 steps=40 use_dann=0 das=stage1 f=[10.0,24.0] p=0.35 gpu=3.0/11.8GB
[17:04:16] [train] ep=07 step=001/40 ce=1.2379 sc=1.3530 mi=0.0778 dn=0.0000 v13=0.0009 grl=0.0000 v15=0.0000 v15r=0.0000 v16=0.0000 v17=0.0000 v18=0.0000 acc=1.0000 lr=2.99e-04 lambda=0.000 grl_lambda=0.000 v18_lambda=0.000 gpu=3.0/11.8GB
[17:04:21] [train] ep=07 step=010/40 ce=1.1986 sc=1.1493 mi=0.0769 dn=0.0000 v13=0.0008 grl=0.0000 v15=0.0000 v15r=0.0000 v16=0.0000 v17=0.0000 v18=0.0000 acc=0.9625 lr=2.99e-04 lambda=0.000 grl_lambda=0.000 v18_lambda=0.000 gpu=3.0/11.8GB
[17:04:27] [train] ep=07 step=020/40 ce=1.7105 sc=1.1876 mi=0.0770 dn=0.0000 v13=0.0007 grl=0.0000 v15=0.0000 v15r=0.0000 v16=0.0000 v17=0.0000 v18=0.0000 acc=0.9156 lr=2.99e-04 lambda=0.000 grl_lambda=0.000 v18_lambda=0.000 gpu=3.0/11.8GB
[17:04:33] [train] ep=07 step=030/40 ce=1.6507 sc=1.1533 mi=0.0759 dn=0.0000 v13=0.0007 grl=0.0000 v15=0.0000 v15r=0.0000 v16=0.0000 v17=0.0000 v18=0.0000 acc=0.9187 lr=2.99e-04 lambda=0.000 grl_lambda=0.000 v18_lambda=0.000 gpu=3.0/11.8GB
[17:04:38] [train] ep=07 step=040/40 ce=1.6168 sc=1.1530 mi=0.0750 dn=0.0000 v13=0.0008 grl=0.0000 v15=0.0000 v15r=0.0000 v16=0.0000 v17=0.0000 v18=0.0000 acc=0.9156 lr=2.99e-04 lambda=0.000 grl_lambda=0.000 v18_lambda=0.000 gpu=3.0/11.8GB
[17:04:49] [ep_summary] ep=07/100 val_live=0.8889/0.8770 val_ema=0.2099/0.1391 test77_live=0.6547/0.6100 test77_diag_ema=0.1511/0.0589 v13=0.0008 grl=0.0000 v15=0.0000 v15r=0.0000 v16=0.0000 v17=0.0000 v18=0.0000 das=stage1[10,24] p=0.35 ep_time=33.4s
[17:04:49] [save] best_sourceval_ema val_acc_ema=0.2099 source_val_live=0.8889/0.8770 source_val_ema=0.2099/0.1391 ep=7
[17:04:49] [train] epoch 8/100 steps=40 use_dann=0 das=stage1 f=[10.0,24.0] p=0.35 gpu=3.0/11.8GB
[17:04:49] [train] ep=08 step=001/40 ce=2.4387 sc=1.3580 mi=0.0708 dn=0.0000 v13=0.0008 grl=0.0000 v15=0.0000 v15r=0.0000 v16=0.0000 v17=0.0000 v18=0.0000 acc=0.8750 lr=2.99e-04 lambda=0.000 grl_lambda=0.000 v18_lambda=0.000 gpu=3.0/11.8GB
[17:04:55] [train] ep=08 step=010/40 ce=1.8633 sc=1.1976 mi=0.0748 dn=0.0000 v13=0.0009 grl=0.0000 v15=0.0000 v15r=0.0000 v16=0.0000 v17=0.0000 v18=0.0000 acc=0.8938 lr=2.99e-04 lambda=0.000 grl_lambda=0.000 v18_lambda=0.000 gpu=3.0/11.8GB
[17:05:00] [train] ep=08 step=020/40 ce=1.6019 sc=1.1633 mi=0.0746 dn=0.0000 v13=0.0007 grl=0.0000 v15=0.0000 v15r=0.0000 v16=0.0000 v17=0.0000 v18=0.0000 acc=0.9125 lr=2.98e-04 lambda=0.000 grl_lambda=0.000 v18_lambda=0.000 gpu=3.0/11.8GB
[17:05:06] [train] ep=08 step=030/40 ce=1.5163 sc=1.1660 mi=0.0734 dn=0.0000 v13=0.0007 grl=0.0000 v15=0.0000 v15r=0.0000 v16=0.0000 v17=0.0000 v18=0.0000 acc=0.9167 lr=2.98e-04 lambda=0.000 grl_lambda=0.000 v18_lambda=0.000 gpu=3.0/11.8GB
[17:05:12] [train] ep=08 step=040/40 ce=1.5057 sc=1.1619 mi=0.0740 dn=0.0000 v13=0.0006 grl=0.0000 v15=0.0000 v15r=0.0000 v16=0.0000 v17=0.0000 v18=0.0000 acc=0.9203 lr=2.98e-04 lambda=0.000 grl_lambda=0.000 v18_lambda=0.000 gpu=3.0/11.8GB
[17:05:24] [ep_summary] ep=08/100 val_live=0.9259/0.9282 val_ema=0.2469/0.1776 test77_live=0.5396/0.5041 test77_diag_ema=0.1475/0.0474 v13=0.0006 grl=0.0000 v15=0.0000 v15r=0.0000 v16=0.0000 v17=0.0000 v18=0.0000 das=stage1[10,24] p=0.35 ep_time=34.8s
[17:05:25] [save] best_sourceval_ema val_acc_ema=0.2469 source_val_live=0.9259/0.9282 source_val_ema=0.2469/0.1776 ep=8
[17:05:25] [train] epoch 9/100 steps=40 use_dann=0 das=stage2 f=[10.0,50.0] p=0.70 gpu=3.0/11.8GB
[17:05:26] [train] ep=09 step=001/40 ce=1.3189 sc=1.1888 mi=0.0888 dn=0.0000 v13=0.0015 grl=0.0000 v15=0.0000 v15r=0.0000 v16=0.0000 v17=0.0000 v18=0.0000 acc=0.9375 lr=2.98e-04 lambda=0.000 grl_lambda=0.000 v18_lambda=0.000 gpu=3.0/11.8GB
[17:05:33] [train] ep=09 step=010/40 ce=1.5983 sc=1.3389 mi=0.0807 dn=0.0000 v13=0.0011 grl=0.0000 v15=0.0000 v15r=0.0000 v16=0.0000 v17=0.0000 v18=0.0000 acc=0.9062 lr=2.98e-04 lambda=0.000 grl_lambda=0.000 v18_lambda=0.000 gpu=3.0/11.8GB
[17:05:39] [train] ep=09 step=020/40 ce=1.4816 sc=1.2595 mi=0.0771 dn=0.0000 v13=0.0011 grl=0.0000 v15=0.0000 v15r=0.0000 v16=0.0000 v17=0.0000 v18=0.0000 acc=0.9187 lr=2.98e-04 lambda=0.000 grl_lambda=0.000 v18_lambda=0.000 gpu=3.0/11.8GB
[17:05:45] [train] ep=09 step=030/40 ce=1.4972 sc=1.2129 mi=0.0782 dn=0.0000 v13=0.0012 grl=0.0000 v15=0.0000 v15r=0.0000 v16=0.0000 v17=0.0000 v18=0.0000 acc=0.9146 lr=2.97e-04 lambda=0.000 grl_lambda=0.000 v18_lambda=0.000 gpu=3.0/11.8GB
[17:05:50] [train] ep=09 step=040/40 ce=1.3717 sc=1.1768 mi=0.0776 dn=0.0000 v13=0.0012 grl=0.0000 v15=0.0000 v15r=0.0000 v16=0.0000 v17=0.0000 v18=0.0000 acc=0.9250 lr=2.97e-04 lambda=0.000 grl_lambda=0.000 v18_lambda=0.000 gpu=3.0/11.8GB
[17:06:01] [ep_summary] ep=09/100 val_live=0.9568/0.9575 val_ema=0.2963/0.2187 test77_live=0.7878/0.7658 test77_diag_ema=0.1475/0.0472 v13=0.0012 grl=0.0000 v15=0.0000 v15r=0.0000 v16=0.0000 v17=0.0000 v18=0.0000 das=stage2[10,50] p=0.70 ep_time=35.6s
[17:06:01] [save] best_sourceval_ema val_acc_ema=0.2963 source_val_live=0.9568/0.9575 source_val_ema=0.2963/0.2187 ep=9
[17:06:01] [train] epoch 10/100 steps=40 use_dann=0 das=stage2 f=[10.0,50.0] p=0.70 gpu=3.0/11.8GB
[17:06:02] [train] ep=10 step=001/40 ce=1.5441 sc=1.0679 mi=0.0842 dn=0.0000 v13=0.0012 grl=0.0000 v15=0.0000 v15r=0.0000 v16=0.0000 v17=0.0000 v18=0.0000 acc=0.8750 lr=2.97e-04 lambda=0.000 grl_lambda=0.000 v18_lambda=0.000 gpu=3.0/11.8GB
[17:06:07] [train] ep=10 step=010/40 ce=1.4211 sc=1.2213 mi=0.0762 dn=0.0000 v13=0.0011 grl=0.0000 v15=0.0000 v15r=0.0000 v16=0.0000 v17=0.0000 v18=0.0000 acc=0.9375 lr=2.97e-04 lambda=0.000 grl_lambda=0.000 v18_lambda=0.000 gpu=3.0/11.8GB
[17:06:13] [train] ep=10 step=020/40 ce=1.1457 sc=1.1860 mi=0.0744 dn=0.0000 v13=0.0010 grl=0.0000 v15=0.0000 v15r=0.0000 v16=0.0000 v17=0.0000 v18=0.0000 acc=0.9469 lr=2.97e-04 lambda=0.000 grl_lambda=0.000 v18_lambda=0.000 gpu=3.0/11.8GB
[17:06:19] [train] ep=10 step=030/40 ce=1.1809 sc=1.1370 mi=0.0749 dn=0.0000 v13=0.0010 grl=0.0000 v15=0.0000 v15r=0.0000 v16=0.0000 v17=0.0000 v18=0.0000 acc=0.9458 lr=2.96e-04 lambda=0.000 grl_lambda=0.000 v18_lambda=0.000 gpu=3.0/11.8GB
[17:06:24] [train] ep=10 step=040/40 ce=1.1122 sc=1.0912 mi=0.0734 dn=0.0000 v13=0.0010 grl=0.0000 v15=0.0000 v15r=0.0000 v16=0.0000 v17=0.0000 v18=0.0000 acc=0.9500 lr=2.96e-04 lambda=0.000 grl_lambda=0.000 v18_lambda=0.000 gpu=3.0/11.8GB
[17:06:34] [pool] check ep=010/100 source_val_acc_ema=0.3148 threshold=0.90
[17:06:34] [pool] ep=010 SKIP (source_val_acc_ema=0.3148 < 0.90)
[17:06:35] [ep_summary] ep=10/100 val_live=0.9321/0.9331 val_ema=0.3148/0.2447 test77_live=0.7410/0.7224 test77_diag_ema=0.1475/0.0471 v13=0.0010 grl=0.0000 v15=0.0000 v15r=0.0000 v16=0.0000 v17=0.0000 v18=0.0000 das=stage2[10,50] p=0.70 ep_time=33.4s
[17:06:35] [save] best_sourceval_ema val_acc_ema=0.3148 source_val_live=0.9321/0.9331 source_val_ema=0.3148/0.2447 ep=10
[17:06:35] [strict77_monitor] ep=10 best_source_epoch=10 source_val_ema=0.3148/0.2447 test77_ema_diag=0.1475/0.0471 sourcequalified_count=0
[17:06:35] [train] epoch 11/100 steps=40 use_dann=0 das=stage2 f=[10.0,50.0] p=0.70 gpu=3.0/11.8GB
[17:06:35] [train] ep=11 step=001/40 ce=0.5039 sc=0.7053 mi=0.0666 dn=0.0000 v13=0.0008 grl=0.0000 v15=0.0000 v15r=0.0000 v16=0.0000 v17=0.0000 v18=0.0000 acc=1.0000 lr=2.96e-04 lambda=0.000 grl_lambda=0.000 v18_lambda=0.000 gpu=3.0/11.8GB
[17:06:40] [train] ep=11 step=010/40 ce=1.0333 sc=0.9832 mi=0.0711 dn=0.0000 v13=0.0008 grl=0.0000 v15=0.0000 v15r=0.0000 v16=0.0000 v17=0.0000 v18=0.0000 acc=0.9500 lr=2.96e-04 lambda=0.000 grl_lambda=0.000 v18_lambda=0.000 gpu=3.0/11.8GB
[17:06:46] [train] ep=11 step=020/40 ce=0.9811 sc=0.9701 mi=0.0727 dn=0.0000 v13=0.0009 grl=0.0000 v15=0.0000 v15r=0.0000 v16=0.0000 v17=0.0000 v18=0.0000 acc=0.9531 lr=2.96e-04 lambda=0.000 grl_lambda=0.000 v18_lambda=0.000 gpu=3.0/11.8GB
[17:06:52] [train] ep=11 step=030/40 ce=0.9113 sc=0.9594 mi=0.0723 dn=0.0000 v13=0.0009 grl=0.0000 v15=0.0000 v15r=0.0000 v16=0.0000 v17=0.0000 v18=0.0000 acc=0.9583 lr=2.95e-04 lambda=0.000 grl_lambda=0.000 v18_lambda=0.000 gpu=3.0/11.8GB
[17:06:58] [train] ep=11 step=040/40 ce=1.0149 sc=1.0100 mi=0.0721 dn=0.0000 v13=0.0009 grl=0.0000 v15=0.0000 v15r=0.0000 v16=0.0000 v17=0.0000 v18=0.0000 acc=0.9500 lr=2.95e-04 lambda=0.000 grl_lambda=0.000 v18_lambda=0.000 gpu=3.0/11.8GB
[17:07:08] [ep_summary] ep=11/100 val_live=0.9321/0.9348 val_ema=0.3395/0.2834 test77_live=0.8165/0.8041 test77_diag_ema=0.1475/0.0470 v13=0.0009 grl=0.0000 v15=0.0000 v15r=0.0000 v16=0.0000 v17=0.0000 v18=0.0000 das=stage2[10,50] p=0.70 ep_time=33.4s
[17:07:08] [save] best_sourceval_ema val_acc_ema=0.3395 source_val_live=0.9321/0.9348 source_val_ema=0.3395/0.2834 ep=11
[17:07:08] [train] epoch 12/100 steps=40 use_dann=0 das=stage2 f=[10.0,50.0] p=0.70 gpu=3.0/11.8GB
[17:07:09] [train] ep=12 step=001/40 ce=0.7365 sc=0.7756 mi=0.0646 dn=0.0000 v13=0.0010 grl=0.0000 v15=0.0000 v15r=0.0000 v16=0.0000 v17=0.0000 v18=0.0000 acc=1.0000 lr=2.95e-04 lambda=0.000 grl_lambda=0.000 v18_lambda=0.000 gpu=3.0/11.8GB
[17:07:14] [train] ep=12 step=010/40 ce=0.9743 sc=0.9717 mi=0.0721 dn=0.0000 v13=0.0008 grl=0.0000 v15=0.0000 v15r=0.0000 v16=0.0000 v17=0.0000 v18=0.0000 acc=0.9688 lr=2.95e-04 lambda=0.000 grl_lambda=0.000 v18_lambda=0.000 gpu=3.0/11.8GB
[17:07:20] [train] ep=12 step=020/40 ce=0.9790 sc=0.9965 mi=0.0698 dn=0.0000 v13=0.0008 grl=0.0000 v15=0.0000 v15r=0.0000 v16=0.0000 v17=0.0000 v18=0.0000 acc=0.9625 lr=2.94e-04 lambda=0.000 grl_lambda=0.000 v18_lambda=0.000 gpu=3.0/11.8GB
[17:07:26] [train] ep=12 step=030/40 ce=0.9123 sc=1.0140 mi=0.0704 dn=0.0000 v13=0.0008 grl=0.0000 v15=0.0000 v15r=0.0000 v16=0.0000 v17=0.0000 v18=0.0000 acc=0.9646 lr=2.94e-04 lambda=0.000 grl_lambda=0.000 v18_lambda=0.000 gpu=3.0/11.8GB
[17:07:32] [train] ep=12 step=040/40 ce=0.8659 sc=0.9964 mi=0.0702 dn=0.0000 v13=0.0009 grl=0.0000 v15=0.0000 v15r=0.0000 v16=0.0000 v17=0.0000 v18=0.0000 acc=0.9688 lr=2.94e-04 lambda=0.000 grl_lambda=0.000 v18_lambda=0.000 gpu=3.0/11.8GB
[17:07:42] [ep_summary] ep=12/100 val_live=0.9568/0.9573 val_ema=0.3704/0.3353 test77_live=0.7662/0.7573 test77_diag_ema=0.1475/0.0470 v13=0.0009 grl=0.0000 v15=0.0000 v15r=0.0000 v16=0.0000 v17=0.0000 v18=0.0000 das=stage2[10,50] p=0.70 ep_time=33.8s
[17:07:42] [save] best_sourceval_ema val_acc_ema=0.3704 source_val_live=0.9568/0.9573 source_val_ema=0.3704/0.3353 ep=12
[17:07:42] [train] epoch 13/100 steps=40 use_dann=0 das=stage2 f=[10.0,50.0] p=0.70 gpu=3.0/11.8GB
[17:07:42] [train] ep=13 step=001/40 ce=0.5105 sc=1.1140 mi=0.0646 dn=0.0000 v13=0.0008 grl=0.0000 v15=0.0000 v15r=0.0000 v16=0.0000 v17=0.0000 v18=0.0000 acc=1.0000 lr=2.94e-04 lambda=0.000 grl_lambda=0.000 v18_lambda=0.000 gpu=3.0/11.8GB
[17:07:48] [train] ep=13 step=010/40 ce=0.7867 sc=0.9225 mi=0.0698 dn=0.0000 v13=0.0008 grl=0.0000 v15=0.0000 v15r=0.0000 v16=0.0000 v17=0.0000 v18=0.0000 acc=0.9750 lr=2.93e-04 lambda=0.000 grl_lambda=0.000 v18_lambda=0.000 gpu=3.0/11.8GB
[17:07:54] [train] ep=13 step=020/40 ce=0.7334 sc=0.9407 mi=0.0680 dn=0.0000 v13=0.0009 grl=0.0000 v15=0.0000 v15r=0.0000 v16=0.0000 v17=0.0000 v18=0.0000 acc=0.9719 lr=2.93e-04 lambda=0.000 grl_lambda=0.000 v18_lambda=0.000 gpu=3.0/11.8GB
[17:07:59] [train] ep=13 step=030/40 ce=0.7382 sc=0.9224 mi=0.0675 dn=0.0000 v13=0.0009 grl=0.0000 v15=0.0000 v15r=0.0000 v16=0.0000 v17=0.0000 v18=0.0000 acc=0.9729 lr=2.93e-04 lambda=0.000 grl_lambda=0.000 v18_lambda=0.000 gpu=3.0/11.8GB
[17:08:05] [train] ep=13 step=040/40 ce=0.7335 sc=0.8991 mi=0.0673 dn=0.0000 v13=0.0009 grl=0.0000 v15=0.0000 v15r=0.0000 v16=0.0000 v17=0.0000 v18=0.0000 acc=0.9734 lr=2.92e-04 lambda=0.000 grl_lambda=0.000 v18_lambda=0.000 gpu=3.0/11.8GB
[17:08:16] [ep_summary] ep=13/100 val_live=0.9444/0.9436 val_ema=0.4506/0.4165 test77_live=0.7086/0.6898 test77_diag_ema=0.1475/0.0472 v13=0.0009 grl=0.0000 v15=0.0000 v15r=0.0000 v16=0.0000 v17=0.0000 v18=0.0000 das=stage2[10,50] p=0.70 ep_time=33.7s
[17:08:16] [save] best_sourceval_ema val_acc_ema=0.4506 source_val_live=0.9444/0.9436 source_val_ema=0.4506/0.4165 ep=13
[17:08:16] [train] epoch 14/100 steps=40 use_dann=0 das=stage2 f=[10.0,50.0] p=0.70 gpu=3.0/11.8GB
[17:08:18] [train] ep=14 step=001/40 ce=1.4959 sc=0.9456 mi=0.0788 dn=0.0000 v13=0.0011 grl=0.0000 v15=0.0000 v15r=0.0000 v16=0.0000 v17=0.0000 v18=0.0000 acc=0.9375 lr=2.92e-04 lambda=0.000 grl_lambda=0.000 v18_lambda=0.000 gpu=3.0/11.8GB
[17:08:24] [train] ep=14 step=010/40 ce=1.1944 sc=1.0795 mi=0.0722 dn=0.0000 v13=0.0009 grl=0.0000 v15=0.0000 v15r=0.0000 v16=0.0000 v17=0.0000 v18=0.0000 acc=0.9437 lr=2.92e-04 lambda=0.000 grl_lambda=0.000 v18_lambda=0.000 gpu=3.0/11.8GB
[17:08:29] [train] ep=14 step=020/40 ce=1.0228 sc=1.0199 mi=0.0731 dn=0.0000 v13=0.0008 grl=0.0000 v15=0.0000 v15r=0.0000 v16=0.0000 v17=0.0000 v18=0.0000 acc=0.9531 lr=2.91e-04 lambda=0.000 grl_lambda=0.000 v18_lambda=0.000 gpu=3.0/11.8GB
[17:08:35] [train] ep=14 step=030/40 ce=0.9650 sc=1.0206 mi=0.0720 dn=0.0000 v13=0.0009 grl=0.0000 v15=0.0000 v15r=0.0000 v16=0.0000 v17=0.0000 v18=0.0000 acc=0.9583 lr=2.91e-04 lambda=0.000 grl_lambda=0.000 v18_lambda=0.000 gpu=3.0/11.8GB
[17:08:41] [train] ep=14 step=040/40 ce=0.9708 sc=1.0009 mi=0.0699 dn=0.0000 v13=0.0009 grl=0.0000 v15=0.0000 v15r=0.0000 v16=0.0000 v17=0.0000 v18=0.0000 acc=0.9594 lr=2.91e-04 lambda=0.000 grl_lambda=0.000 v18_lambda=0.000 gpu=3.0/11.8GB
[17:08:51] [ep_summary] ep=14/100 val_live=0.9383/0.9401 val_ema=0.4938/0.4556 test77_live=0.7986/0.7784 test77_diag_ema=0.1475/0.0474 v13=0.0009 grl=0.0000 v15=0.0000 v15r=0.0000 v16=0.0000 v17=0.0000 v18=0.0000 das=stage2[10,50] p=0.70 ep_time=35.4s
[17:08:51] [save] best_sourceval_ema val_acc_ema=0.4938 source_val_live=0.9383/0.9401 source_val_ema=0.4938/0.4556 ep=14
[17:08:51] [train] epoch 15/100 steps=40 use_dann=0 das=stage2 f=[10.0,50.0] p=0.70 gpu=3.0/11.8GB
[17:08:52] [train] ep=15 step=001/40 ce=0.8373 sc=0.8107 mi=0.0618 dn=0.0000 v13=0.0011 grl=0.0000 v15=0.0000 v15r=0.0000 v16=0.0000 v17=0.0000 v18=0.0000 acc=1.0000 lr=2.91e-04 lambda=0.000 grl_lambda=0.000 v18_lambda=0.000 gpu=3.0/11.8GB
[17:08:57] [train] ep=15 step=010/40 ce=0.8453 sc=0.8324 mi=0.0685 dn=0.0000 v13=0.0007 grl=0.0000 v15=0.0000 v15r=0.0000 v16=0.0000 v17=0.0000 v18=0.0000 acc=0.9625 lr=2.90e-04 lambda=0.000 grl_lambda=0.000 v18_lambda=0.000 gpu=3.0/11.8GB
[17:09:03] [train] ep=15 step=020/40 ce=0.8930 sc=0.8484 mi=0.0683 dn=0.0000 v13=0.0007 grl=0.0000 v15=0.0000 v15r=0.0000 v16=0.0000 v17=0.0000 v18=0.0000 acc=0.9563 lr=2.90e-04 lambda=0.000 grl_lambda=0.000 v18_lambda=0.000 gpu=3.0/11.8GB
[17:09:09] [train] ep=15 step=030/40 ce=0.8465 sc=0.8829 mi=0.0685 dn=0.0000 v13=0.0008 grl=0.0000 v15=0.0000 v15r=0.0000 v16=0.0000 v17=0.0000 v18=0.0000 acc=0.9583 lr=2.89e-04 lambda=0.000 grl_lambda=0.000 v18_lambda=0.000 gpu=3.0/11.8GB
[17:09:15] [train] ep=15 step=040/40 ce=0.7789 sc=0.8795 mi=0.0691 dn=0.0000 v13=0.0008 grl=0.0000 v15=0.0000 v15r=0.0000 v16=0.0000 v17=0.0000 v18=0.0000 acc=0.9656 lr=2.89e-04 lambda=0.000 grl_lambda=0.000 v18_lambda=0.000 gpu=3.0/11.8GB
[17:09:25] [ep_summary] ep=15/100 val_live=0.9321/0.9343 val_ema=0.5123/0.4804 test77_live=0.8309/0.8324 test77_diag_ema=0.1511/0.0534 v13=0.0008 grl=0.0000 v15=0.0000 v15r=0.0000 v16=0.0000 v17=0.0000 v18=0.0000 das=stage2[10,50] p=0.70 ep_time=33.8s
[17:09:25] [save] best_sourceval_ema val_acc_ema=0.5123 source_val_live=0.9321/0.9343 source_val_ema=0.5123/0.4804 ep=15
[17:09:25] [train] epoch 16/100 steps=40 use_dann=0 das=stage2 f=[10.0,50.0] p=0.70 gpu=3.0/11.8GB
[17:09:26] [train] ep=16 step=001/40 ce=1.0823 sc=1.1312 mi=0.0709 dn=0.0000 v13=0.0012 grl=0.0000 v15=0.0000 v15r=0.0000 v16=0.0000 v17=0.0000 v18=0.0000 acc=0.9375 lr=2.89e-04 lambda=0.000 grl_lambda=0.000 v18_lambda=0.000 gpu=3.0/11.8GB
[17:09:31] [train] ep=16 step=010/40 ce=0.7700 sc=0.9805 mi=0.0710 dn=0.0000 v13=0.0009 grl=0.0000 v15=0.0000 v15r=0.0000 v16=0.0000 v17=0.0000 v18=0.0000 acc=0.9688 lr=2.88e-04 lambda=0.000 grl_lambda=0.000 v18_lambda=0.000 gpu=3.0/11.8GB
[17:09:37] [train] ep=16 step=020/40 ce=0.7318 sc=0.8189 mi=0.0699 dn=0.0000 v13=0.0008 grl=0.0000 v15=0.0000 v15r=0.0000 v16=0.0000 v17=0.0000 v18=0.0000 acc=0.9719 lr=2.88e-04 lambda=0.000 grl_lambda=0.000 v18_lambda=0.000 gpu=3.0/11.8GB
[17:09:43] [train] ep=16 step=030/40 ce=0.7561 sc=0.8974 mi=0.0701 dn=0.0000 v13=0.0009 grl=0.0000 v15=0.0000 v15r=0.0000 v16=0.0000 v17=0.0000 v18=0.0000 acc=0.9688 lr=2.87e-04 lambda=0.000 grl_lambda=0.000 v18_lambda=0.000 gpu=3.0/11.8GB
[17:09:49] [train] ep=16 step=040/40 ce=0.7631 sc=0.8966 mi=0.0688 dn=0.0000 v13=0.0009 grl=0.0000 v15=0.0000 v15r=0.0000 v16=0.0000 v17=0.0000 v18=0.0000 acc=0.9688 lr=2.87e-04 lambda=0.000 grl_lambda=0.000 v18_lambda=0.000 gpu=3.0/11.8GB
[17:09:59] [ep_summary] ep=16/100 val_live=0.9568/0.9579 val_ema=0.5617/0.5389 test77_live=0.7698/0.7702 test77_diag_ema=0.1511/0.0542 v13=0.0009 grl=0.0000 v15=0.0000 v15r=0.0000 v16=0.0000 v17=0.0000 v18=0.0000 das=stage2[10,50] p=0.70 ep_time=34.4s
[17:09:59] [save] best_sourceval_ema val_acc_ema=0.5617 source_val_live=0.9568/0.9579 source_val_ema=0.5617/0.5389 ep=16
[17:09:59] [train] epoch 17/100 steps=40 use_dann=0 das=stage2 f=[10.0,50.0] p=0.70 gpu=3.0/11.8GB
[17:10:00] [train] ep=17 step=001/40 ce=0.3038 sc=1.0639 mi=0.0778 dn=0.0000 v13=0.0004 grl=0.0000 v15=0.0000 v15r=0.0000 v16=0.0000 v17=0.0000 v18=0.0000 acc=1.0000 lr=2.87e-04 lambda=0.000 grl_lambda=0.000 v18_lambda=0.000 gpu=3.0/11.8GB
[17:10:05] [train] ep=17 step=010/40 ce=0.5836 sc=0.9139 mi=0.0671 dn=0.0000 v13=0.0007 grl=0.0000 v15=0.0000 v15r=0.0000 v16=0.0000 v17=0.0000 v18=0.0000 acc=0.9812 lr=2.86e-04 lambda=0.000 grl_lambda=0.000 v18_lambda=0.000 gpu=3.0/11.8GB
[17:10:11] [train] ep=17 step=020/40 ce=0.7420 sc=0.9483 mi=0.0692 dn=0.0000 v13=0.0007 grl=0.0000 v15=0.0000 v15r=0.0000 v16=0.0000 v17=0.0000 v18=0.0000 acc=0.9656 lr=2.86e-04 lambda=0.000 grl_lambda=0.000 v18_lambda=0.000 gpu=3.0/11.8GB
[17:10:17] [train] ep=17 step=030/40 ce=0.6979 sc=0.9502 mi=0.0687 dn=0.0000 v13=0.0007 grl=0.0000 v15=0.0000 v15r=0.0000 v16=0.0000 v17=0.0000 v18=0.0000 acc=0.9708 lr=2.85e-04 lambda=0.000 grl_lambda=0.000 v18_lambda=0.000 gpu=3.0/11.8GB
[17:10:23] [train] ep=17 step=040/40 ce=0.6729 sc=0.9368 mi=0.0675 dn=0.0000 v13=0.0007 grl=0.0000 v15=0.0000 v15r=0.0000 v16=0.0000 v17=0.0000 v18=0.0000 acc=0.9750 lr=2.85e-04 lambda=0.000 grl_lambda=0.000 v18_lambda=0.000 gpu=3.0/11.8GB
[17:10:52] [ep_summary] ep=17/100 val_live=0.9383/0.9385 val_ema=0.5988/0.5737 test77_live=0.7698/0.7661 test77_diag_ema=0.1583/0.0658 v13=0.0007 grl=0.0000 v15=0.0000 v15r=0.0000 v16=0.0000 v17=0.0000 v18=0.0000 das=stage2[10,50] p=0.70 ep_time=52.8s
[17:11:03] [save] best_sourceval_ema val_acc_ema=0.5988 source_val_live=0.9383/0.9385 source_val_ema=0.5988/0.5737 ep=17
[17:11:03] [train] epoch 18/100 steps=40 use_dann=0 das=stage2 f=[10.0,50.0] p=0.70 gpu=3.0/11.8GB
[17:11:04] [train] ep=18 step=001/40 ce=0.2970 sc=0.5794 mi=0.0656 dn=0.0000 v13=0.0007 grl=0.0000 v15=0.0000 v15r=0.0000 v16=0.0000 v17=0.0000 v18=0.0000 acc=1.0000 lr=2.85e-04 lambda=0.000 grl_lambda=0.000 v18_lambda=0.000 gpu=3.0/11.8GB
[17:11:10] [train] ep=18 step=010/40 ce=0.5009 sc=0.8305 mi=0.0661 dn=0.0000 v13=0.0008 grl=0.0000 v15=0.0000 v15r=0.0000 v16=0.0000 v17=0.0000 v18=0.0000 acc=0.9875 lr=2.84e-04 lambda=0.000 grl_lambda=0.000 v18_lambda=0.000 gpu=3.0/11.8GB
[17:11:15] [train] ep=18 step=020/40 ce=0.4805 sc=0.8322 mi=0.0661 dn=0.0000 v13=0.0007 grl=0.0000 v15=0.0000 v15r=0.0000 v16=0.0000 v17=0.0000 v18=0.0000 acc=0.9875 lr=2.84e-04 lambda=0.000 grl_lambda=0.000 v18_lambda=0.000 gpu=3.0/11.8GB
[17:11:21] [train] ep=18 step=030/40 ce=0.4469 sc=0.8863 mi=0.0672 dn=0.0000 v13=0.0008 grl=0.0000 v15=0.0000 v15r=0.0000 v16=0.0000 v17=0.0000 v18=0.0000 acc=0.9917 lr=2.83e-04 lambda=0.000 grl_lambda=0.000 v18_lambda=0.000 gpu=3.0/11.8GB
[17:11:27] [train] ep=18 step=040/40 ce=0.4884 sc=0.8856 mi=0.0667 dn=0.0000 v13=0.0007 grl=0.0000 v15=0.0000 v15r=0.0000 v16=0.0000 v17=0.0000 v18=0.0000 acc=0.9875 lr=2.83e-04 lambda=0.000 grl_lambda=0.000 v18_lambda=0.000 gpu=3.0/11.8GB
[17:11:37] [ep_summary] ep=18/100 val_live=0.9444/0.9457 val_ema=0.6296/0.6069 test77_live=0.8453/0.8343 test77_diag_ema=0.1727/0.0861 v13=0.0007 grl=0.0000 v15=0.0000 v15r=0.0000 v16=0.0000 v17=0.0000 v18=0.0000 das=stage2[10,50] p=0.70 ep_time=34.3s
[17:11:47] [save] best_sourceval_ema val_acc_ema=0.6296 source_val_live=0.9444/0.9457 source_val_ema=0.6296/0.6069 ep=18
[17:11:47] [train] epoch 19/100 steps=40 use_dann=0 das=stage2 f=[10.0,50.0] p=0.70 gpu=3.0/11.8GB
[17:11:47] [train] ep=19 step=001/40 ce=0.2944 sc=0.5433 mi=0.0637 dn=0.0000 v13=0.0004 grl=0.0000 v15=0.0000 v15r=0.0000 v16=0.0000 v17=0.0000 v18=0.0000 acc=1.0000 lr=2.83e-04 lambda=0.000 grl_lambda=0.000 v18_lambda=0.000 gpu=3.0/11.8GB
[17:11:52] [train] ep=19 step=010/40 ce=0.4648 sc=0.7744 mi=0.0673 dn=0.0000 v13=0.0009 grl=0.0000 v15=0.0000 v15r=0.0000 v16=0.0000 v17=0.0000 v18=0.0000 acc=0.9875 lr=2.82e-04 lambda=0.000 grl_lambda=0.000 v18_lambda=0.000 gpu=3.0/11.8GB
[17:11:58] [train] ep=19 step=020/40 ce=0.5279 sc=0.8148 mi=0.0672 dn=0.0000 v13=0.0010 grl=0.0000 v15=0.0000 v15r=0.0000 v16=0.0000 v17=0.0000 v18=0.0000 acc=0.9906 lr=2.82e-04 lambda=0.000 grl_lambda=0.000 v18_lambda=0.000 gpu=3.0/11.8GB
[17:12:04] [train] ep=19 step=030/40 ce=0.6051 sc=0.8819 mi=0.0674 dn=0.0000 v13=0.0009 grl=0.0000 v15=0.0000 v15r=0.0000 v16=0.0000 v17=0.0000 v18=0.0000 acc=0.9833 lr=2.81e-04 lambda=0.000 grl_lambda=0.000 v18_lambda=0.000 gpu=3.0/11.8GB
[17:12:10] [train] ep=19 step=040/40 ce=0.6027 sc=0.8759 mi=0.0671 dn=0.0000 v13=0.0009 grl=0.0000 v15=0.0000 v15r=0.0000 v16=0.0000 v17=0.0000 v18=0.0000 acc=0.9828 lr=2.80e-04 lambda=0.000 grl_lambda=0.000 v18_lambda=0.000 gpu=3.0/11.8GB
[17:12:21] [ep_summary] ep=19/100 val_live=0.9383/0.9382 val_ema=0.6296/0.6069 test77_live=0.7770/0.7428 test77_diag_ema=0.1727/0.0874 v13=0.0009 grl=0.0000 v15=0.0000 v15r=0.0000 v16=0.0000 v17=0.0000 v18=0.0000 das=stage2[10,50] p=0.70 ep_time=34.8s
[17:12:21] [train] epoch 20/100 steps=40 use_dann=0 das=stage2 f=[10.0,50.0] p=0.70 gpu=3.0/11.8GB
[17:12:22] [train] ep=20 step=001/40 ce=0.2939 sc=0.8120 mi=0.0641 dn=0.0000 v13=0.0006 grl=0.0000 v15=0.0000 v15r=0.0000 v16=0.0000 v17=0.0000 v18=0.0000 acc=1.0000 lr=2.80e-04 lambda=0.000 grl_lambda=0.000 v18_lambda=0.000 gpu=3.0/11.8GB
[17:12:27] [train] ep=20 step=010/40 ce=0.6176 sc=0.8898 mi=0.0634 dn=0.0000 v13=0.0009 grl=0.0000 v15=0.0000 v15r=0.0000 v16=0.0000 v17=0.0000 v18=0.0000 acc=0.9812 lr=2.80e-04 lambda=0.000 grl_lambda=0.000 v18_lambda=0.000 gpu=3.0/11.8GB
[17:12:33] [train] ep=20 step=020/40 ce=0.6332 sc=0.8663 mi=0.0641 dn=0.0000 v13=0.0009 grl=0.0000 v15=0.0000 v15r=0.0000 v16=0.0000 v17=0.0000 v18=0.0000 acc=0.9781 lr=2.79e-04 lambda=0.000 grl_lambda=0.000 v18_lambda=0.000 gpu=3.0/11.8GB
[17:12:39] [train] ep=20 step=030/40 ce=0.6260 sc=0.8469 mi=0.0653 dn=0.0000 v13=0.0009 grl=0.0000 v15=0.0000 v15r=0.0000 v16=0.0000 v17=0.0000 v18=0.0000 acc=0.9792 lr=2.79e-04 lambda=0.000 grl_lambda=0.000 v18_lambda=0.000 gpu=3.0/11.8GB
[17:12:44] [train] ep=20 step=040/40 ce=0.6385 sc=0.8748 mi=0.0649 dn=0.0000 v13=0.0009 grl=0.0000 v15=0.0000 v15r=0.0000 v16=0.0000 v17=0.0000 v18=0.0000 acc=0.9812 lr=2.78e-04 lambda=0.000 grl_lambda=0.000 v18_lambda=0.000 gpu=3.0/11.8GB
[17:12:55] [pool] check ep=020/100 source_val_acc_ema=0.6790 threshold=0.90
[17:12:55] [pool] ep=020 SKIP (source_val_acc_ema=0.6790 < 0.90)
[17:13:12] [ep_summary] ep=20/100 val_live=0.9444/0.9452 val_ema=0.6790/0.6603 test77_live=0.7086/0.6746 test77_diag_ema=0.1763/0.0947 v13=0.0009 grl=0.0000 v15=0.0000 v15r=0.0000 v16=0.0000 v17=0.0000 v18=0.0000 das=stage2[10,50] p=0.70 ep_time=50.3s
[17:13:12] [save] best_sourceval_ema val_acc_ema=0.6790 source_val_live=0.9444/0.9452 source_val_ema=0.6790/0.6603 ep=20
[17:13:12] [strict77_monitor] ep=20 best_source_epoch=20 source_val_ema=0.6790/0.6603 test77_ema_diag=0.1763/0.0947 sourcequalified_count=0
[17:13:12] [train] epoch 21/100 steps=40 use_dann=0 das=stage2 f=[10.0,50.0] p=0.70 gpu=3.0/11.8GB
[17:13:12] [train] ep=21 step=001/40 ce=0.3880 sc=0.8682 mi=0.0531 dn=0.0000 v13=0.0005 grl=0.0000 v15=0.0000 v15r=0.0000 v16=0.0000 v17=0.0000 v18=0.0000 acc=1.0000 lr=2.78e-04 lambda=0.000 grl_lambda=0.000 v18_lambda=0.000 gpu=3.0/11.8GB
[17:13:17] [train] ep=21 step=010/40 ce=0.6107 sc=0.9292 mi=0.0631 dn=0.0000 v13=0.0009 grl=0.0000 v15=0.0000 v15r=0.0000 v16=0.0000 v17=0.0000 v18=0.0000 acc=0.9812 lr=2.77e-04 lambda=0.000 grl_lambda=0.000 v18_lambda=0.000 gpu=3.0/11.8GB
[17:13:23] [train] ep=21 step=020/40 ce=0.6838 sc=0.9057 mi=0.0636 dn=0.0000 v13=0.0009 grl=0.0000 v15=0.0000 v15r=0.0000 v16=0.0000 v17=0.0000 v18=0.0000 acc=0.9750 lr=2.77e-04 lambda=0.000 grl_lambda=0.000 v18_lambda=0.000 gpu=3.0/11.8GB
[17:13:29] [train] ep=21 step=030/40 ce=0.6746 sc=0.8518 mi=0.0640 dn=0.0000 v13=0.0009 grl=0.0000 v15=0.0000 v15r=0.0000 v16=0.0000 v17=0.0000 v18=0.0000 acc=0.9771 lr=2.76e-04 lambda=0.000 grl_lambda=0.000 v18_lambda=0.000 gpu=3.0/11.8GB
[17:13:35] [train] ep=21 step=040/40 ce=0.6426 sc=0.8582 mi=0.0641 dn=0.0000 v13=0.0009 grl=0.0000 v15=0.0000 v15r=0.0000 v16=0.0000 v17=0.0000 v18=0.0000 acc=0.9766 lr=2.75e-04 lambda=0.000 grl_lambda=0.000 v18_lambda=0.000 gpu=3.0/11.8GB
[17:13:45] [ep_summary] ep=21/100 val_live=0.9691/0.9694 val_ema=0.7037/0.6892 test77_live=0.8058/0.7967 test77_diag_ema=0.1942/0.1192 v13=0.0009 grl=0.0000 v15=0.0000 v15r=0.0000 v16=0.0000 v17=0.0000 v18=0.0000 das=stage2[10,50] p=0.70 ep_time=33.5s
[17:13:45] [save] best_sourceval_ema val_acc_ema=0.7037 source_val_live=0.9691/0.9694 source_val_ema=0.7037/0.6892 ep=21
[17:13:45] [train] epoch 22/100 steps=40 use_dann=0 das=stage2 f=[10.0,50.0] p=0.70 gpu=3.0/11.8GB
[17:13:46] [train] ep=22 step=001/40 ce=0.9745 sc=1.0484 mi=0.0611 dn=0.0000 v13=0.0011 grl=0.0000 v15=0.0000 v15r=0.0000 v16=0.0000 v17=0.0000 v18=0.0000 acc=0.9375 lr=2.75e-04 lambda=0.000 grl_lambda=0.000 v18_lambda=0.000 gpu=3.0/11.8GB
[17:13:51] [train] ep=22 step=010/40 ce=0.7675 sc=1.1065 mi=0.0641 dn=0.0000 v13=0.0009 grl=0.0000 v15=0.0000 v15r=0.0000 v16=0.0000 v17=0.0000 v18=0.0000 acc=0.9625 lr=2.75e-04 lambda=0.000 grl_lambda=0.000 v18_lambda=0.000 gpu=3.0/11.8GB
[17:13:57] [train] ep=22 step=020/40 ce=0.7758 sc=1.1039 mi=0.0644 dn=0.0000 v13=0.0009 grl=0.0000 v15=0.0000 v15r=0.0000 v16=0.0000 v17=0.0000 v18=0.0000 acc=0.9625 lr=2.74e-04 lambda=0.000 grl_lambda=0.000 v18_lambda=0.000 gpu=3.0/11.8GB
[17:14:03] [train] ep=22 step=030/40 ce=0.6869 sc=1.0045 mi=0.0655 dn=0.0000 v13=0.0009 grl=0.0000 v15=0.0000 v15r=0.0000 v16=0.0000 v17=0.0000 v18=0.0000 acc=0.9688 lr=2.73e-04 lambda=0.000 grl_lambda=0.000 v18_lambda=0.000 gpu=3.0/11.8GB
[17:14:08] [train] ep=22 step=040/40 ce=0.6592 sc=0.9305 mi=0.0653 dn=0.0000 v13=0.0008 grl=0.0000 v15=0.0000 v15r=0.0000 v16=0.0000 v17=0.0000 v18=0.0000 acc=0.9703 lr=2.73e-04 lambda=0.000 grl_lambda=0.000 v18_lambda=0.000 gpu=3.0/11.8GB
[17:14:19] [ep_summary] ep=22/100 val_live=0.9444/0.9453 val_ema=0.7531/0.7477 test77_live=0.7770/0.7530 test77_diag_ema=0.2158/0.1430 v13=0.0008 grl=0.0000 v15=0.0000 v15r=0.0000 v16=0.0000 v17=0.0000 v18=0.0000 das=stage2[10,50] p=0.70 ep_time=33.5s
[17:14:19] [save] best_sourceval_ema val_acc_ema=0.7531 source_val_live=0.9444/0.9453 source_val_ema=0.7531/0.7477 ep=22
[17:14:19] [train] epoch 23/100 steps=40 use_dann=0 das=stage2 f=[10.0,50.0] p=0.70 gpu=3.0/11.8GB
[17:14:20] [train] ep=23 step=001/40 ce=1.4337 sc=1.3933 mi=0.0656 dn=0.0000 v13=0.0010 grl=0.0000 v15=0.0000 v15r=0.0000 v16=0.0000 v17=0.0000 v18=0.0000 acc=0.8750 lr=2.72e-04 lambda=0.000 grl_lambda=0.000 v18_lambda=0.000 gpu=3.0/11.8GB
[17:14:25] [train] ep=23 step=010/40 ce=0.5645 sc=0.9388 mi=0.0650 dn=0.0000 v13=0.0007 grl=0.0000 v15=0.0000 v15r=0.0000 v16=0.0000 v17=0.0000 v18=0.0000 acc=0.9750 lr=2.72e-04 lambda=0.000 grl_lambda=0.000 v18_lambda=0.000 gpu=3.0/11.8GB
[17:14:31] [train] ep=23 step=020/40 ce=0.4578 sc=0.8277 mi=0.0649 dn=0.0000 v13=0.0007 grl=0.0000 v15=0.0000 v15r=0.0000 v16=0.0000 v17=0.0000 v18=0.0000 acc=0.9875 lr=2.71e-04 lambda=0.000 grl_lambda=0.000 v18_lambda=0.000 gpu=3.0/11.8GB
[17:14:36] [train] ep=23 step=030/40 ce=0.5248 sc=0.8737 mi=0.0652 dn=0.0000 v13=0.0006 grl=0.0000 v15=0.0000 v15r=0.0000 v16=0.0000 v17=0.0000 v18=0.0000 acc=0.9812 lr=2.70e-04 lambda=0.000 grl_lambda=0.000 v18_lambda=0.000 gpu=3.0/11.8GB
[17:14:42] [train] ep=23 step=040/40 ce=0.5510 sc=0.8768 mi=0.0652 dn=0.0000 v13=0.0006 grl=0.0000 v15=0.0000 v15r=0.0000 v16=0.0000 v17=0.0000 v18=0.0000 acc=0.9797 lr=2.70e-04 lambda=0.000 grl_lambda=0.000 v18_lambda=0.000 gpu=3.0/11.8GB
[17:14:52] [ep_summary] ep=23/100 val_live=0.9630/0.9634 val_ema=0.7778/0.7723 test77_live=0.7950/0.7770 test77_diag_ema=0.2338/0.1602 v13=0.0006 grl=0.0000 v15=0.0000 v15r=0.0000 v16=0.0000 v17=0.0000 v18=0.0000 das=stage2[10,50] p=0.70 ep_time=33.6s
[17:14:52] [save] best_sourceval_ema val_acc_ema=0.7778 source_val_live=0.9630/0.9634 source_val_ema=0.7778/0.7723 ep=23
[17:14:52] [train] epoch 24/100 steps=40 use_dann=0 das=stage2 f=[10.0,50.0] p=0.70 gpu=3.0/11.8GB
[17:14:53] [train] ep=24 step=001/40 ce=0.2767 sc=0.6217 mi=0.0591 dn=0.0000 v13=0.0006 grl=0.0000 v15=0.0000 v15r=0.0000 v16=0.0000 v17=0.0000 v18=0.0000 acc=1.0000 lr=2.70e-04 lambda=0.000 grl_lambda=0.000 v18_lambda=0.000 gpu=3.0/11.8GB
[17:14:58] [train] ep=24 step=010/40 ce=0.3346 sc=0.7304 mi=0.0634 dn=0.0000 v13=0.0007 grl=0.0000 v15=0.0000 v15r=0.0000 v16=0.0000 v17=0.0000 v18=0.0000 acc=1.0000 lr=2.69e-04 lambda=0.000 grl_lambda=0.000 v18_lambda=0.000 gpu=3.0/11.8GB
[17:15:04] [train] ep=24 step=020/40 ce=0.3623 sc=0.7812 mi=0.0623 dn=0.0000 v13=0.0006 grl=0.0000 v15=0.0000 v15r=0.0000 v16=0.0000 v17=0.0000 v18=0.0000 acc=0.9969 lr=2.68e-04 lambda=0.000 grl_lambda=0.000 v18_lambda=0.000 gpu=3.0/11.8GB
[17:15:10] [train] ep=24 step=030/40 ce=0.4102 sc=0.8435 mi=0.0635 dn=0.0000 v13=0.0007 grl=0.0000 v15=0.0000 v15r=0.0000 v16=0.0000 v17=0.0000 v18=0.0000 acc=0.9917 lr=2.67e-04 lambda=0.000 grl_lambda=0.000 v18_lambda=0.000 gpu=3.0/11.8GB
[17:15:16] [train] ep=24 step=040/40 ce=0.4169 sc=0.8303 mi=0.0639 dn=0.0000 v13=0.0007 grl=0.0000 v15=0.0000 v15r=0.0000 v16=0.0000 v17=0.0000 v18=0.0000 acc=0.9906 lr=2.67e-04 lambda=0.000 grl_lambda=0.000 v18_lambda=0.000 gpu=3.0/11.8GB
[17:15:26] [ep_summary] ep=24/100 val_live=0.9691/0.9692 val_ema=0.7963/0.7916 test77_live=0.8201/0.7989 test77_diag_ema=0.2662/0.1882 v13=0.0007 grl=0.0000 v15=0.0000 v15r=0.0000 v16=0.0000 v17=0.0000 v18=0.0000 das=stage2[10,50] p=0.70 ep_time=33.4s
[17:15:26] [save] best_sourceval_ema val_acc_ema=0.7963 source_val_live=0.9691/0.9692 source_val_ema=0.7963/0.7916 ep=24
[17:15:26] [train] epoch 25/100 steps=40 use_dann=0 das=stage3 f=[12.0,95.0] p=1.00 gpu=3.0/11.8GB
[17:15:26] [train] ep=25 step=001/40 ce=0.6832 sc=0.5226 mi=0.0886 dn=0.0000 v13=0.0025 grl=0.0000 v15=0.0000 v15r=0.0000 v16=0.0000 v17=0.0000 v18=0.0000 acc=0.9375 lr=2.67e-04 lambda=0.000 grl_lambda=0.000 v18_lambda=0.000 gpu=3.0/11.8GB
[17:15:32] [train] ep=25 step=010/40 ce=0.5947 sc=0.9002 mi=0.0717 dn=0.0000 v13=0.0012 grl=0.0000 v15=0.0000 v15r=0.0000 v16=0.0000 v17=0.0000 v18=0.0000 acc=0.9750 lr=2.66e-04 lambda=0.000 grl_lambda=0.000 v18_lambda=0.000 gpu=3.0/11.8GB
[17:15:38] [train] ep=25 step=020/40 ce=0.6151 sc=0.8946 mi=0.0698 dn=0.0000 v13=0.0012 grl=0.0000 v15=0.0000 v15r=0.0000 v16=0.0000 v17=0.0000 v18=0.0000 acc=0.9781 lr=2.65e-04 lambda=0.000 grl_lambda=0.000 v18_lambda=0.000 gpu=3.0/11.8GB
[17:15:43] [train] ep=25 step=030/40 ce=0.6301 sc=0.9064 mi=0.0687 dn=0.0000 v13=0.0011 grl=0.0000 v15=0.0000 v15r=0.0000 v16=0.0000 v17=0.0000 v18=0.0000 acc=0.9771 lr=2.64e-04 lambda=0.000 grl_lambda=0.000 v18_lambda=0.000 gpu=3.0/11.8GB
[17:15:49] [train] ep=25 step=040/40 ce=0.5906 sc=0.8715 mi=0.0680 dn=0.0000 v13=0.0010 grl=0.0000 v15=0.0000 v15r=0.0000 v16=0.0000 v17=0.0000 v18=0.0000 acc=0.9781 lr=2.64e-04 lambda=0.000 grl_lambda=0.000 v18_lambda=0.000 gpu=3.0/11.8GB
[17:16:00] [ep_summary] ep=25/100 val_live=0.9383/0.9395 val_ema=0.8148/0.8109 test77_live=0.8453/0.8448 test77_diag_ema=0.2734/0.1940 v13=0.0010 grl=0.0000 v15=0.0000 v15r=0.0000 v16=0.0000 v17=0.0000 v18=0.0000 das=stage3[12,95] p=1.00 ep_time=33.9s
[17:16:00] [save] best_sourceval_ema val_acc_ema=0.8148 source_val_live=0.9383/0.9395 source_val_ema=0.8148/0.8109 ep=25
[17:16:00] [train] epoch 26/100 steps=40 use_dann=0 das=stage3 f=[12.0,95.0] p=1.00 gpu=3.0/11.8GB
[17:16:00] [train] ep=26 step=001/40 ce=0.3622 sc=0.9694 mi=0.0672 dn=0.0000 v13=0.0008 grl=0.0000 v15=0.0000 v15r=0.0000 v16=0.0000 v17=0.0000 v18=0.0000 acc=1.0000 lr=2.64e-04 lambda=0.000 grl_lambda=0.000 v18_lambda=0.000 gpu=3.0/11.8GB
[17:16:06] [train] ep=26 step=010/40 ce=0.5110 sc=0.7877 mi=0.0675 dn=0.0000 v13=0.0010 grl=0.0000 v15=0.0000 v15r=0.0000 v16=0.0000 v17=0.0000 v18=0.0000 acc=0.9875 lr=2.63e-04 lambda=0.000 grl_lambda=0.000 v18_lambda=0.000 gpu=3.0/11.8GB
[17:16:11] [train] ep=26 step=020/40 ce=0.5279 sc=0.8170 mi=0.0673 dn=0.0000 v13=0.0011 grl=0.0000 v15=0.0000 v15r=0.0000 v16=0.0000 v17=0.0000 v18=0.0000 acc=0.9844 lr=2.62e-04 lambda=0.000 grl_lambda=0.000 v18_lambda=0.000 gpu=3.0/11.8GB
[17:16:17] [train] ep=26 step=030/40 ce=0.5449 sc=0.8319 mi=0.0661 dn=0.0000 v13=0.0011 grl=0.0000 v15=0.0000 v15r=0.0000 v16=0.0000 v17=0.0000 v18=0.0000 acc=0.9854 lr=2.61e-04 lambda=0.000 grl_lambda=0.000 v18_lambda=0.000 gpu=3.0/11.8GB
[17:16:23] [train] ep=26 step=040/40 ce=0.5566 sc=0.8373 mi=0.0657 dn=0.0000 v13=0.0010 grl=0.0000 v15=0.0000 v15r=0.0000 v16=0.0000 v17=0.0000 v18=0.0000 acc=0.9859 lr=2.60e-04 lambda=0.000 grl_lambda=0.000 v18_lambda=0.000 gpu=3.0/11.8GB
[17:16:33] [ep_summary] ep=26/100 val_live=0.9259/0.9251 val_ema=0.8395/0.8387 test77_live=0.8058/0.7974 test77_diag_ema=0.2950/0.2107 v13=0.0010 grl=0.0000 v15=0.0000 v15r=0.0000 v16=0.0000 v17=0.0000 v18=0.0000 das=stage3[12,95] p=1.00 ep_time=33.4s
[17:16:33] [save] best_sourceval_ema val_acc_ema=0.8395 source_val_live=0.9259/0.9251 source_val_ema=0.8395/0.8387 ep=26
[17:16:33] [train] epoch 27/100 steps=40 use_dann=0 das=stage3 f=[12.0,95.0] p=1.00 gpu=3.0/11.8GB
[17:16:34] [train] ep=27 step=001/40 ce=0.7638 sc=0.7475 mi=0.0711 dn=0.0000 v13=0.0009 grl=0.0000 v15=0.0000 v15r=0.0000 v16=0.0000 v17=0.0000 v18=0.0000 acc=1.0000 lr=2.60e-04 lambda=0.000 grl_lambda=0.000 v18_lambda=0.000 gpu=3.0/11.8GB
[17:16:39] [train] ep=27 step=010/40 ce=0.4934 sc=0.7398 mi=0.0630 dn=0.0000 v13=0.0009 grl=0.0000 v15=0.0000 v15r=0.0000 v16=0.0000 v17=0.0000 v18=0.0000 acc=0.9938 lr=2.60e-04 lambda=0.000 grl_lambda=0.000 v18_lambda=0.000 gpu=3.0/11.8GB
[17:16:45] [train] ep=27 step=020/40 ce=0.6217 sc=0.8337 mi=0.0634 dn=0.0000 v13=0.0009 grl=0.0000 v15=0.0000 v15r=0.0000 v16=0.0000 v17=0.0000 v18=0.0000 acc=0.9781 lr=2.59e-04 lambda=0.000 grl_lambda=0.000 v18_lambda=0.000 gpu=3.0/11.8GB
[17:16:51] [train] ep=27 step=030/40 ce=0.5597 sc=0.8207 mi=0.0642 dn=0.0000 v13=0.0009 grl=0.0000 v15=0.0000 v15r=0.0000 v16=0.0000 v17=0.0000 v18=0.0000 acc=0.9833 lr=2.58e-04 lambda=0.000 grl_lambda=0.000 v18_lambda=0.000 gpu=3.0/11.8GB
[17:16:56] [train] ep=27 step=040/40 ce=0.5426 sc=0.8122 mi=0.0640 dn=0.0000 v13=0.0010 grl=0.0000 v15=0.0000 v15r=0.0000 v16=0.0000 v17=0.0000 v18=0.0000 acc=0.9844 lr=2.57e-04 lambda=0.000 grl_lambda=0.000 v18_lambda=0.000 gpu=3.0/11.8GB
[17:17:07] [ep_summary] ep=27/100 val_live=0.9568/0.9581 val_ema=0.8704/0.8716 test77_live=0.7662/0.7431 test77_diag_ema=0.3201/0.2326 v13=0.0010 grl=0.0000 v15=0.0000 v15r=0.0000 v16=0.0000 v17=0.0000 v18=0.0000 das=stage3[12,95] p=1.00 ep_time=33.5s
[17:17:07] [save] best_sourceval_ema val_acc_ema=0.8704 source_val_live=0.9568/0.9581 source_val_ema=0.8704/0.8716 ep=27
[17:17:07] [train] epoch 28/100 steps=40 use_dann=0 das=stage3 f=[12.0,95.0] p=1.00 gpu=3.0/11.8GB
[17:17:07] [train] ep=28 step=001/40 ce=0.3401 sc=0.9152 mi=0.0709 dn=0.0000 v13=0.0010 grl=0.0000 v15=0.0000 v15r=0.0000 v16=0.0000 v17=0.0000 v18=0.0000 acc=1.0000 lr=2.57e-04 lambda=0.000 grl_lambda=0.000 v18_lambda=0.000 gpu=3.0/11.8GB
[17:17:12] [train] ep=28 step=010/40 ce=0.6593 sc=0.8883 mi=0.0692 dn=0.0000 v13=0.0009 grl=0.0000 v15=0.0000 v15r=0.0000 v16=0.0000 v17=0.0000 v18=0.0000 acc=0.9750 lr=2.56e-04 lambda=0.000 grl_lambda=0.000 v18_lambda=0.000 gpu=3.0/11.8GB
[17:17:18] [train] ep=28 step=020/40 ce=0.5323 sc=0.8585 mi=0.0656 dn=0.0000 v13=0.0008 grl=0.0000 v15=0.0000 v15r=0.0000 v16=0.0000 v17=0.0000 v18=0.0000 acc=0.9844 lr=2.55e-04 lambda=0.000 grl_lambda=0.000 v18_lambda=0.000 gpu=3.0/11.8GB
[17:17:24] [train] ep=28 step=030/40 ce=0.5825 sc=0.8452 mi=0.0654 dn=0.0000 v13=0.0009 grl=0.0000 v15=0.0000 v15r=0.0000 v16=0.0000 v17=0.0000 v18=0.0000 acc=0.9792 lr=2.54e-04 lambda=0.000 grl_lambda=0.000 v18_lambda=0.000 gpu=3.0/11.8GB
[17:17:30] [train] ep=28 step=040/40 ce=0.5513 sc=0.8505 mi=0.0648 dn=0.0000 v13=0.0010 grl=0.0000 v15=0.0000 v15r=0.0000 v16=0.0000 v17=0.0000 v18=0.0000 acc=0.9812 lr=2.54e-04 lambda=0.000 grl_lambda=0.000 v18_lambda=0.000 gpu=3.0/11.8GB
[17:17:40] [ep_summary] ep=28/100 val_live=0.9444/0.9447 val_ema=0.8642/0.8664 test77_live=0.8129/0.8068 test77_diag_ema=0.3417/0.2501 v13=0.0010 grl=0.0000 v15=0.0000 v15r=0.0000 v16=0.0000 v17=0.0000 v18=0.0000 das=stage3[12,95] p=1.00 ep_time=33.3s
[17:17:40] [train] epoch 29/100 steps=40 use_dann=0 das=stage3 f=[12.0,95.0] p=1.00 gpu=3.0/11.8GB
[17:17:41] [train] ep=29 step=001/40 ce=1.1866 sc=1.4021 mi=0.0701 dn=0.0000 v13=0.0015 grl=0.0000 v15=0.0000 v15r=0.0000 v16=0.0000 v17=0.0000 v18=0.0000 acc=0.9375 lr=2.53e-04 lambda=0.000 grl_lambda=0.000 v18_lambda=0.000 gpu=3.0/11.8GB
[17:17:46] [train] ep=29 step=010/40 ce=0.4991 sc=0.8431 mi=0.0636 dn=0.0000 v13=0.0012 grl=0.0000 v15=0.0000 v15r=0.0000 v16=0.0000 v17=0.0000 v18=0.0000 acc=0.9875 lr=2.53e-04 lambda=0.000 grl_lambda=0.000 v18_lambda=0.000 gpu=3.0/11.8GB
[17:17:52] [train] ep=29 step=020/40 ce=0.4318 sc=0.8114 mi=0.0620 dn=0.0000 v13=0.0012 grl=0.0000 v15=0.0000 v15r=0.0000 v16=0.0000 v17=0.0000 v18=0.0000 acc=0.9938 lr=2.52e-04 lambda=0.000 grl_lambda=0.000 v18_lambda=0.000 gpu=3.0/11.8GB
[17:17:57] [train] ep=29 step=030/40 ce=0.4407 sc=0.8824 mi=0.0636 dn=0.0000 v13=0.0010 grl=0.0000 v15=0.0000 v15r=0.0000 v16=0.0000 v17=0.0000 v18=0.0000 acc=0.9917 lr=2.51e-04 lambda=0.000 grl_lambda=0.000 v18_lambda=0.000 gpu=3.0/11.8GB
[17:18:03] [train] ep=29 step=040/40 ce=0.4347 sc=0.8345 mi=0.0636 dn=0.0000 v13=0.0010 grl=0.0000 v15=0.0000 v15r=0.0000 v16=0.0000 v17=0.0000 v18=0.0000 acc=0.9906 lr=2.50e-04 lambda=0.000 grl_lambda=0.000 v18_lambda=0.000 gpu=3.0/11.8GB
[17:18:13] [ep_summary] ep=29/100 val_live=0.9444/0.9453 val_ema=0.8827/0.8841 test77_live=0.8309/0.8270 test77_diag_ema=0.3525/0.2624 v13=0.0010 grl=0.0000 v15=0.0000 v15r=0.0000 v16=0.0000 v17=0.0000 v18=0.0000 das=stage3[12,95] p=1.00 ep_time=33.3s
[17:18:13] [save] best_sourceval_ema val_acc_ema=0.8827 source_val_live=0.9444/0.9453 source_val_ema=0.8827/0.8841 ep=29
[17:18:13] [train] epoch 30/100 steps=40 use_dann=0 das=stage3 f=[12.0,95.0] p=1.00 gpu=3.0/11.8GB
[17:18:14] [train] ep=30 step=001/40 ce=0.2913 sc=0.8588 mi=0.0618 dn=0.0000 v13=0.0008 grl=0.0000 v15=0.0000 v15r=0.0000 v16=0.0000 v17=0.0000 v18=0.0000 acc=1.0000 lr=2.50e-04 lambda=0.000 grl_lambda=0.000 v18_lambda=0.000 gpu=3.0/11.8GB
[17:18:19] [train] ep=30 step=010/40 ce=0.5402 sc=0.8623 mi=0.0636 dn=0.0000 v13=0.0008 grl=0.0000 v15=0.0000 v15r=0.0000 v16=0.0000 v17=0.0000 v18=0.0000 acc=0.9812 lr=2.49e-04 lambda=0.000 grl_lambda=0.000 v18_lambda=0.000 gpu=3.0/11.8GB
[17:18:25] [train] ep=30 step=020/40 ce=0.5031 sc=0.8818 mi=0.0617 dn=0.0000 v13=0.0008 grl=0.0000 v15=0.0000 v15r=0.0000 v16=0.0000 v17=0.0000 v18=0.0000 acc=0.9875 lr=2.48e-04 lambda=0.000 grl_lambda=0.000 v18_lambda=0.000 gpu=3.0/11.8GB
[17:18:31] [train] ep=30 step=030/40 ce=0.4745 sc=0.8954 mi=0.0610 dn=0.0000 v13=0.0008 grl=0.0000 v15=0.0000 v15r=0.0000 v16=0.0000 v17=0.0000 v18=0.0000 acc=0.9875 lr=2.47e-04 lambda=0.000 grl_lambda=0.000 v18_lambda=0.000 gpu=3.0/11.8GB
[17:18:37] [train] ep=30 step=040/40 ce=0.4863 sc=0.8955 mi=0.0612 dn=0.0000 v13=0.0008 grl=0.0000 v15=0.0000 v15r=0.0000 v16=0.0000 v17=0.0000 v18=0.0000 acc=0.9844 lr=2.46e-04 lambda=0.000 grl_lambda=0.000 v18_lambda=0.000 gpu=3.0/11.8GB
[17:18:47] [pool] check ep=030/100 source_val_acc_ema=0.8951 threshold=0.90
[17:18:47] [pool] ep=030 SKIP (source_val_acc_ema=0.8951 < 0.90)
[17:18:47] [ep_summary] ep=30/100 val_live=0.9259/0.9236 val_ema=0.8951/0.8965 test77_live=0.8813/0.8753 test77_diag_ema=0.3777/0.2844 v13=0.0008 grl=0.0000 v15=0.0000 v15r=0.0000 v16=0.0000 v17=0.0000 v18=0.0000 das=stage3[12,95] p=1.00 ep_time=33.5s
[17:18:47] [save] best_sourceval_ema val_acc_ema=0.8951 source_val_live=0.9259/0.9236 source_val_ema=0.8951/0.8965 ep=30
[17:18:47] [strict77_monitor] ep=30 best_source_epoch=30 source_val_ema=0.8951/0.8965 test77_ema_diag=0.3777/0.2844 sourcequalified_count=0
[17:18:47] [train] epoch 31/100 steps=40 use_dann=0 das=stage3 f=[12.0,95.0] p=1.00 gpu=3.0/11.8GB
[17:18:48] [train] ep=31 step=001/40 ce=0.8638 sc=0.4795 mi=0.0633 dn=0.0000 v13=0.0011 grl=0.0000 v15=0.0000 v15r=0.0000 v16=0.0000 v17=0.0000 v18=0.0000 acc=0.9375 lr=2.46e-04 lambda=0.000 grl_lambda=0.000 v18_lambda=0.000 gpu=3.0/11.8GB
[17:18:53] [train] ep=31 step=010/40 ce=0.5146 sc=0.7882 mi=0.0603 dn=0.0000 v13=0.0009 grl=0.0000 v15=0.0000 v15r=0.0000 v16=0.0000 v17=0.0000 v18=0.0000 acc=0.9812 lr=2.45e-04 lambda=0.000 grl_lambda=0.000 v18_lambda=0.000 gpu=3.0/11.8GB
[17:18:59] [train] ep=31 step=020/40 ce=0.5376 sc=0.8256 mi=0.0607 dn=0.0000 v13=0.0008 grl=0.0000 v15=0.0000 v15r=0.0000 v16=0.0000 v17=0.0000 v18=0.0000 acc=0.9781 lr=2.44e-04 lambda=0.000 grl_lambda=0.000 v18_lambda=0.000 gpu=3.0/11.8GB
[17:19:04] [train] ep=31 step=030/40 ce=0.4888 sc=0.8332 mi=0.0610 dn=0.0000 v13=0.0008 grl=0.0000 v15=0.0000 v15r=0.0000 v16=0.0000 v17=0.0000 v18=0.0000 acc=0.9833 lr=2.43e-04 lambda=0.000 grl_lambda=0.000 v18_lambda=0.000 gpu=3.0/11.8GB
[17:19:10] [train] ep=31 step=040/40 ce=0.4458 sc=0.8085 mi=0.0612 dn=0.0000 v13=0.0008 grl=0.0000 v15=0.0000 v15r=0.0000 v16=0.0000 v17=0.0000 v18=0.0000 acc=0.9859 lr=2.43e-04 lambda=0.000 grl_lambda=0.000 v18_lambda=0.000 gpu=3.0/11.8GB
[17:19:20] [ep_summary] ep=31/100 val_live=0.9383/0.9398 val_ema=0.9012/0.9025 test77_live=0.7878/0.7864 test77_diag_ema=0.3993/0.3200 v13=0.0008 grl=0.0000 v15=0.0000 v15r=0.0000 v16=0.0000 v17=0.0000 v18=0.0000 das=stage3[12,95] p=1.00 ep_time=33.3s
[17:19:20] [save] best_sourceval_ema val_acc_ema=0.9012 source_val_live=0.9383/0.9398 source_val_ema=0.9012/0.9025 ep=31
[17:19:20] [save] best_sourcequalified77_ema ep=31 source_val_live=0.9383/0.9398 source_val_ema=0.9012/0.9025 test77_ema=0.3993/0.3200
[17:19:20] [train] epoch 32/100 steps=40 use_dann=0 das=stage3 f=[12.0,95.0] p=1.00 gpu=3.0/11.8GB
[17:19:21] [train] ep=32 step=001/40 ce=0.2637 sc=0.6195 mi=0.0605 dn=0.0000 v13=0.0008 grl=0.0000 v15=0.0000 v15r=0.0000 v16=0.0000 v17=0.0000 v18=0.0000 acc=1.0000 lr=2.42e-04 lambda=0.000 grl_lambda=0.000 v18_lambda=0.000 gpu=3.0/11.8GB
[17:19:26] [train] ep=32 step=010/40 ce=0.4936 sc=0.8509 mi=0.0633 dn=0.0000 v13=0.0008 grl=0.0000 v15=0.0000 v15r=0.0000 v16=0.0000 v17=0.0000 v18=0.0000 acc=0.9875 lr=2.42e-04 lambda=0.000 grl_lambda=0.000 v18_lambda=0.000 gpu=3.0/11.8GB
[17:19:32] [train] ep=32 step=020/40 ce=0.4966 sc=0.7813 mi=0.0624 dn=0.0000 v13=0.0008 grl=0.0000 v15=0.0000 v15r=0.0000 v16=0.0000 v17=0.0000 v18=0.0000 acc=0.9875 lr=2.41e-04 lambda=0.000 grl_lambda=0.000 v18_lambda=0.000 gpu=3.0/11.8GB
[17:19:38] [train] ep=32 step=030/40 ce=0.4761 sc=0.7459 mi=0.0630 dn=0.0000 v13=0.0008 grl=0.0000 v15=0.0000 v15r=0.0000 v16=0.0000 v17=0.0000 v18=0.0000 acc=0.9875 lr=2.40e-04 lambda=0.000 grl_lambda=0.000 v18_lambda=0.000 gpu=3.0/11.8GB
[17:19:44] [train] ep=32 step=040/40 ce=0.5350 sc=0.8301 mi=0.0620 dn=0.0000 v13=0.0008 grl=0.0000 v15=0.0000 v15r=0.0000 v16=0.0000 v17=0.0000 v18=0.0000 acc=0.9812 lr=2.39e-04 lambda=0.000 grl_lambda=0.000 v18_lambda=0.000 gpu=3.0/11.8GB
[17:19:54] [ep_summary] ep=32/100 val_live=0.9383/0.9381 val_ema=0.9074/0.9095 test77_live=0.7806/0.7717 test77_diag_ema=0.4424/0.3702 v13=0.0008 grl=0.0000 v15=0.0000 v15r=0.0000 v16=0.0000 v17=0.0000 v18=0.0000 das=stage3[12,95] p=1.00 ep_time=33.4s
[17:19:54] [save] best_sourceval_ema val_acc_ema=0.9074 source_val_live=0.9383/0.9381 source_val_ema=0.9074/0.9095 ep=32
[17:19:54] [save] best_sourcequalified77_ema ep=32 source_val_live=0.9383/0.9381 source_val_ema=0.9074/0.9095 test77_ema=0.4424/0.3702
[17:19:54] [train] epoch 33/100 steps=40 use_dann=0 das=stage3 f=[12.0,95.0] p=1.00 gpu=3.0/11.8GB
[17:19:54] [train] ep=33 step=001/40 ce=0.2696 sc=0.6316 mi=0.0753 dn=0.0000 v13=0.0006 grl=0.0000 v15=0.0000 v15r=0.0000 v16=0.0000 v17=0.0000 v18=0.0000 acc=1.0000 lr=2.39e-04 lambda=0.000 grl_lambda=0.000 v18_lambda=0.000 gpu=3.0/11.8GB
[17:20:00] [train] ep=33 step=010/40 ce=0.5736 sc=0.8251 mi=0.0649 dn=0.0000 v13=0.0009 grl=0.0000 v15=0.0000 v15r=0.0000 v16=0.0000 v17=0.0000 v18=0.0000 acc=0.9812 lr=2.38e-04 lambda=0.000 grl_lambda=0.000 v18_lambda=0.000 gpu=3.0/11.8GB
[17:20:05] [train] ep=33 step=020/40 ce=0.4647 sc=0.7906 mi=0.0653 dn=0.0000 v13=0.0007 grl=0.0000 v15=0.0000 v15r=0.0000 v16=0.0000 v17=0.0000 v18=0.0000 acc=0.9875 lr=2.37e-04 lambda=0.000 grl_lambda=0.000 v18_lambda=0.000 gpu=3.0/11.8GB
[17:20:11] [train] ep=33 step=030/40 ce=0.4085 sc=0.7965 mi=0.0634 dn=0.0000 v13=0.0007 grl=0.0000 v15=0.0000 v15r=0.0000 v16=0.0000 v17=0.0000 v18=0.0000 acc=0.9917 lr=2.36e-04 lambda=0.000 grl_lambda=0.000 v18_lambda=0.000 gpu=3.0/11.8GB
[17:20:17] [train] ep=33 step=040/40 ce=0.4171 sc=0.8216 mi=0.0632 dn=0.0000 v13=0.0007 grl=0.0000 v15=0.0000 v15r=0.0000 v16=0.0000 v17=0.0000 v18=0.0000 acc=0.9906 lr=2.35e-04 lambda=0.000 grl_lambda=0.000 v18_lambda=0.000 gpu=3.0/11.8GB
[17:20:48] [ep_summary] ep=33/100 val_live=0.9630/0.9626 val_ema=0.9012/0.9036 test77_live=0.8094/0.8032 test77_diag_ema=0.4712/0.3962 v13=0.0007 grl=0.0000 v15=0.0000 v15r=0.0000 v16=0.0000 v17=0.0000 v18=0.0000 das=stage3[12,95] p=1.00 ep_time=53.8s
[17:21:34] [save] best_sourcequalified77_ema ep=33 source_val_live=0.9630/0.9626 source_val_ema=0.9012/0.9036 test77_ema=0.4712/0.3962
[17:21:34] [train] epoch 34/100 steps=40 use_dann=0 das=stage3 f=[12.0,95.0] p=1.00 gpu=3.0/11.8GB
[17:21:34] [train] ep=34 step=001/40 ce=0.2659 sc=0.4376 mi=0.0565 dn=0.0000 v13=0.0003 grl=0.0000 v15=0.0000 v15r=0.0000 v16=0.0000 v17=0.0000 v18=0.0000 acc=1.0000 lr=2.35e-04 lambda=0.000 grl_lambda=0.000 v18_lambda=0.000 gpu=3.0/11.8GB
[17:21:40] [train] ep=34 step=010/40 ce=0.3349 sc=0.9606 mi=0.0601 dn=0.0000 v13=0.0006 grl=0.0000 v15=0.0000 v15r=0.0000 v16=0.0000 v17=0.0000 v18=0.0000 acc=0.9938 lr=2.34e-04 lambda=0.000 grl_lambda=0.000 v18_lambda=0.000 gpu=3.0/11.8GB
[17:21:45] [train] ep=34 step=020/40 ce=0.3041 sc=0.8549 mi=0.0599 dn=0.0000 v13=0.0006 grl=0.0000 v15=0.0000 v15r=0.0000 v16=0.0000 v17=0.0000 v18=0.0000 acc=0.9969 lr=2.33e-04 lambda=0.000 grl_lambda=0.000 v18_lambda=0.000 gpu=3.0/11.8GB
[17:21:51] [train] ep=34 step=030/40 ce=0.3090 sc=0.8239 mi=0.0605 dn=0.0000 v13=0.0006 grl=0.0000 v15=0.0000 v15r=0.0000 v16=0.0000 v17=0.0000 v18=0.0000 acc=0.9979 lr=2.32e-04 lambda=0.000 grl_lambda=0.000 v18_lambda=0.000 gpu=3.0/11.8GB
[17:21:57] [train] ep=34 step=040/40 ce=0.3176 sc=0.8180 mi=0.0600 dn=0.0000 v13=0.0006 grl=0.0000 v15=0.0000 v15r=0.0000 v16=0.0000 v17=0.0000 v18=0.0000 acc=0.9984 lr=2.31e-04 lambda=0.000 grl_lambda=0.000 v18_lambda=0.000 gpu=3.0/11.8GB
[17:22:26] [ep_summary] ep=34/100 val_live=0.9568/0.9579 val_ema=0.9074/0.9095 test77_live=0.7590/0.7343 test77_diag_ema=0.5252/0.4483 v13=0.0006 grl=0.0000 v15=0.0000 v15r=0.0000 v16=0.0000 v17=0.0000 v18=0.0000 das=stage3[12,95] p=1.00 ep_time=52.1s
[17:22:26] [save] best_sourcequalified77_ema ep=34 source_val_live=0.9568/0.9579 source_val_ema=0.9074/0.9095 test77_ema=0.5252/0.4483
[17:22:26] [train] epoch 35/100 steps=40 use_dann=0 das=stage3 f=[12.0,95.0] p=1.00 gpu=3.0/11.8GB
[17:22:27] [train] ep=35 step=001/40 ce=0.4486 sc=0.8769 mi=0.0574 dn=0.0000 v13=0.0007 grl=0.0000 v15=0.0000 v15r=0.0000 v16=0.0000 v17=0.0000 v18=0.0000 acc=1.0000 lr=2.31e-04 lambda=0.000 grl_lambda=0.000 v18_lambda=0.000 gpu=3.0/11.8GB
[17:22:32] [train] ep=35 step=010/40 ce=0.4084 sc=0.7727 mi=0.0610 dn=0.0000 v13=0.0006 grl=0.0000 v15=0.0000 v15r=0.0000 v16=0.0000 v17=0.0000 v18=0.0000 acc=0.9938 lr=2.30e-04 lambda=0.000 grl_lambda=0.000 v18_lambda=0.000 gpu=3.0/11.8GB
[17:22:38] [train] ep=35 step=020/40 ce=0.5218 sc=0.8487 mi=0.0603 dn=0.0000 v13=0.0007 grl=0.0000 v15=0.0000 v15r=0.0000 v16=0.0000 v17=0.0000 v18=0.0000 acc=0.9844 lr=2.29e-04 lambda=0.000 grl_lambda=0.000 v18_lambda=0.000 gpu=3.0/11.8GB
[17:22:43] [train] ep=35 step=030/40 ce=0.5229 sc=0.8487 mi=0.0609 dn=0.0000 v13=0.0007 grl=0.0000 v15=0.0000 v15r=0.0000 v16=0.0000 v17=0.0000 v18=0.0000 acc=0.9833 lr=2.28e-04 lambda=0.000 grl_lambda=0.000 v18_lambda=0.000 gpu=3.0/11.8GB
[17:22:49] [train] ep=35 step=040/40 ce=0.4910 sc=0.8538 mi=0.0611 dn=0.0000 v13=0.0007 grl=0.0000 v15=0.0000 v15r=0.0000 v16=0.0000 v17=0.0000 v18=0.0000 acc=0.9859 lr=2.27e-04 lambda=0.000 grl_lambda=0.000 v18_lambda=0.000 gpu=3.0/11.8GB
[17:22:59] [ep_summary] ep=35/100 val_live=0.9630/0.9633 val_ema=0.9136/0.9152 test77_live=0.8094/0.8066 test77_diag_ema=0.5396/0.4651 v13=0.0007 grl=0.0000 v15=0.0000 v15r=0.0000 v16=0.0000 v17=0.0000 v18=0.0000 das=stage3[12,95] p=1.00 ep_time=33.4s
[17:22:59] [save] best_sourceval_ema val_acc_ema=0.9136 source_val_live=0.9630/0.9633 source_val_ema=0.9136/0.9152 ep=35
[17:22:59] [save] best_sourcequalified77_ema ep=35 source_val_live=0.9630/0.9633 source_val_ema=0.9136/0.9152 test77_ema=0.5396/0.4651
[17:22:59] [train] epoch 36/100 steps=40 use_dann=0 das=stage3 f=[12.0,95.0] p=1.00 gpu=3.0/11.8GB
[17:23:00] [train] ep=36 step=001/40 ce=0.3968 sc=0.9852 mi=0.0560 dn=0.0000 v13=0.0008 grl=0.0000 v15=0.0000 v15r=0.0000 v16=0.0000 v17=0.0000 v18=0.0000 acc=1.0000 lr=2.26e-04 lambda=0.000 grl_lambda=0.000 v18_lambda=0.000 gpu=3.0/11.8GB
[17:23:05] [train] ep=36 step=010/40 ce=0.4553 sc=0.7695 mi=0.0616 dn=0.0000 v13=0.0007 grl=0.0000 v15=0.0000 v15r=0.0000 v16=0.0000 v17=0.0000 v18=0.0000 acc=0.9938 lr=2.25e-04 lambda=0.000 grl_lambda=0.000 v18_lambda=0.000 gpu=3.0/11.8GB
[17:23:11] [train] ep=36 step=020/40 ce=0.4621 sc=0.7618 mi=0.0614 dn=0.0000 v13=0.0008 grl=0.0000 v15=0.0000 v15r=0.0000 v16=0.0000 v17=0.0000 v18=0.0000 acc=0.9906 lr=2.24e-04 lambda=0.000 grl_lambda=0.000 v18_lambda=0.000 gpu=3.0/11.8GB
[17:23:17] [train] ep=36 step=030/40 ce=0.4214 sc=0.7646 mi=0.0608 dn=0.0000 v13=0.0007 grl=0.0000 v15=0.0000 v15r=0.0000 v16=0.0000 v17=0.0000 v18=0.0000 acc=0.9938 lr=2.23e-04 lambda=0.000 grl_lambda=0.000 v18_lambda=0.000 gpu=3.0/11.8GB
[17:23:23] [train] ep=36 step=040/40 ce=0.3931 sc=0.7438 mi=0.0612 dn=0.0000 v13=0.0007 grl=0.0000 v15=0.0000 v15r=0.0000 v16=0.0000 v17=0.0000 v18=0.0000 acc=0.9953 lr=2.22e-04 lambda=0.000 grl_lambda=0.000 v18_lambda=0.000 gpu=3.0/11.8GB
[17:23:33] [ep_summary] ep=36/100 val_live=0.9568/0.9573 val_ema=0.9136/0.9152 test77_live=0.7410/0.7082 test77_diag_ema=0.5504/0.4729 v13=0.0007 grl=0.0000 v15=0.0000 v15r=0.0000 v16=0.0000 v17=0.0000 v18=0.0000 das=stage3[12,95] p=1.00 ep_time=33.3s
[17:23:33] [save] best_sourcequalified77_ema ep=36 source_val_live=0.9568/0.9573 source_val_ema=0.9136/0.9152 test77_ema=0.5504/0.4729
[17:23:33] [train] epoch 37/100 steps=40 use_dann=0 das=stage3 f=[12.0,95.0] p=1.00 gpu=3.0/11.8GB
[17:23:33] [train] ep=37 step=001/40 ce=0.2769 sc=0.7465 mi=0.0717 dn=0.0000 v13=0.0007 grl=0.0000 v15=0.0000 v15r=0.0000 v16=0.0000 v17=0.0000 v18=0.0000 acc=1.0000 lr=2.22e-04 lambda=0.000 grl_lambda=0.000 v18_lambda=0.000 gpu=3.0/11.8GB
[17:23:39] [train] ep=37 step=010/40 ce=0.3345 sc=0.7591 mi=0.0607 dn=0.0000 v13=0.0007 grl=0.0000 v15=0.0000 v15r=0.0000 v16=0.0000 v17=0.0000 v18=0.0000 acc=1.0000 lr=2.21e-04 lambda=0.000 grl_lambda=0.000 v18_lambda=0.000 gpu=3.0/11.8GB
[17:23:44] [train] ep=37 step=020/40 ce=0.3797 sc=0.7754 mi=0.0605 dn=0.0000 v13=0.0007 grl=0.0000 v15=0.0000 v15r=0.0000 v16=0.0000 v17=0.0000 v18=0.0000 acc=0.9938 lr=2.20e-04 lambda=0.000 grl_lambda=0.000 v18_lambda=0.000 gpu=3.0/11.8GB
[17:23:50] [train] ep=37 step=030/40 ce=0.3531 sc=0.7569 mi=0.0595 dn=0.0000 v13=0.0007 grl=0.0000 v15=0.0000 v15r=0.0000 v16=0.0000 v17=0.0000 v18=0.0000 acc=0.9958 lr=2.19e-04 lambda=0.000 grl_lambda=0.000 v18_lambda=0.000 gpu=3.0/11.8GB
[17:23:56] [train] ep=37 step=040/40 ce=0.3401 sc=0.7694 mi=0.0593 dn=0.0000 v13=0.0007 grl=0.0000 v15=0.0000 v15r=0.0000 v16=0.0000 v17=0.0000 v18=0.0000 acc=0.9969 lr=2.18e-04 lambda=0.000 grl_lambda=0.000 v18_lambda=0.000 gpu=3.0/11.8GB
[17:24:06] [ep_summary] ep=37/100 val_live=0.9691/0.9694 val_ema=0.9136/0.9152 test77_live=0.7734/0.7667 test77_diag_ema=0.5683/0.5005 v13=0.0007 grl=0.0000 v15=0.0000 v15r=0.0000 v16=0.0000 v17=0.0000 v18=0.0000 das=stage3[12,95] p=1.00 ep_time=33.4s
[17:24:06] [save] best_sourcequalified77_ema ep=37 source_val_live=0.9691/0.9694 source_val_ema=0.9136/0.9152 test77_ema=0.5683/0.5005
[17:24:06] [train] epoch 38/100 steps=40 use_dann=0 das=stage3 f=[12.0,95.0] p=1.00 gpu=3.0/11.8GB
[17:24:07] [train] ep=38 step=001/40 ce=0.2691 sc=0.4435 mi=0.0582 dn=0.0000 v13=0.0009 grl=0.0000 v15=0.0000 v15r=0.0000 v16=0.0000 v17=0.0000 v18=0.0000 acc=1.0000 lr=2.18e-04 lambda=0.000 grl_lambda=0.000 v18_lambda=0.000 gpu=3.0/11.8GB
[17:24:12] [train] ep=38 step=010/40 ce=0.4417 sc=0.7838 mi=0.0582 dn=0.0000 v13=0.0007 grl=0.0000 v15=0.0000 v15r=0.0000 v16=0.0000 v17=0.0000 v18=0.0000 acc=0.9875 lr=2.17e-04 lambda=0.000 grl_lambda=0.000 v18_lambda=0.000 gpu=3.0/11.8GB
[17:24:18] [train] ep=38 step=020/40 ce=0.3936 sc=0.8145 mi=0.0582 dn=0.0000 v13=0.0007 grl=0.0000 v15=0.0000 v15r=0.0000 v16=0.0000 v17=0.0000 v18=0.0000 acc=0.9906 lr=2.16e-04 lambda=0.000 grl_lambda=0.000 v18_lambda=0.000 gpu=3.0/11.8GB
[17:24:24] [train] ep=38 step=030/40 ce=0.3800 sc=0.7662 mi=0.0584 dn=0.0000 v13=0.0007 grl=0.0000 v15=0.0000 v15r=0.0000 v16=0.0000 v17=0.0000 v18=0.0000 acc=0.9917 lr=2.15e-04 lambda=0.000 grl_lambda=0.000 v18_lambda=0.000 gpu=3.0/11.8GB
[17:24:29] [train] ep=38 step=040/40 ce=0.3757 sc=0.7735 mi=0.0591 dn=0.0000 v13=0.0007 grl=0.0000 v15=0.0000 v15r=0.0000 v16=0.0000 v17=0.0000 v18=0.0000 acc=0.9922 lr=2.14e-04 lambda=0.000 grl_lambda=0.000 v18_lambda=0.000 gpu=3.0/11.8GB
[17:24:40] [ep_summary] ep=38/100 val_live=0.9383/0.9380 val_ema=0.9198/0.9220 test77_live=0.8094/0.7993 test77_diag_ema=0.5827/0.5145 v13=0.0007 grl=0.0000 v15=0.0000 v15r=0.0000 v16=0.0000 v17=0.0000 v18=0.0000 das=stage3[12,95] p=1.00 ep_time=33.7s
[17:24:40] [save] best_sourceval_ema val_acc_ema=0.9198 source_val_live=0.9383/0.9380 source_val_ema=0.9198/0.9220 ep=38
[17:24:40] [save] best_sourcequalified77_ema ep=38 source_val_live=0.9383/0.9380 source_val_ema=0.9198/0.9220 test77_ema=0.5827/0.5145
[17:24:40] [train] epoch 39/100 steps=40 use_dann=0 das=stage3 f=[12.0,95.0] p=1.00 gpu=3.0/11.8GB
[17:24:42] [train] ep=39 step=001/40 ce=0.2653 sc=0.7865 mi=0.0592 dn=0.0000 v13=0.0002 grl=0.0000 v15=0.0000 v15r=0.0000 v16=0.0000 v17=0.0000 v18=0.0000 acc=1.0000 lr=2.14e-04 lambda=0.000 grl_lambda=0.000 v18_lambda=0.000 gpu=3.0/11.8GB
[17:24:47] [train] ep=39 step=010/40 ce=0.2645 sc=0.8008 mi=0.0621 dn=0.0000 v13=0.0007 grl=0.0000 v15=0.0000 v15r=0.0000 v16=0.0000 v17=0.0000 v18=0.0000 acc=1.0000 lr=2.13e-04 lambda=0.000 grl_lambda=0.000 v18_lambda=0.000 gpu=3.0/11.8GB
[17:24:53] [train] ep=39 step=020/40 ce=0.2928 sc=0.7468 mi=0.0604 dn=0.0000 v13=0.0007 grl=0.0000 v15=0.0000 v15r=0.0000 v16=0.0000 v17=0.0000 v18=0.0000 acc=1.0000 lr=2.11e-04 lambda=0.000 grl_lambda=0.000 v18_lambda=0.000 gpu=3.0/11.8GB
[17:24:58] [train] ep=39 step=030/40 ce=0.3035 sc=0.7409 mi=0.0601 dn=0.0000 v13=0.0007 grl=0.0000 v15=0.0000 v15r=0.0000 v16=0.0000 v17=0.0000 v18=0.0000 acc=0.9979 lr=2.10e-04 lambda=0.000 grl_lambda=0.000 v18_lambda=0.000 gpu=3.0/11.8GB
[17:25:05] [train] ep=39 step=040/40 ce=0.3357 sc=0.7471 mi=0.0599 dn=0.0000 v13=0.0007 grl=0.0000 v15=0.0000 v15r=0.0000 v16=0.0000 v17=0.0000 v18=0.0000 acc=0.9953 lr=2.09e-04 lambda=0.000 grl_lambda=0.000 v18_lambda=0.000 gpu=3.0/11.8GB
[17:25:15] [ep_summary] ep=39/100 val_live=0.9321/0.9323 val_ema=0.9198/0.9220 test77_live=0.8165/0.8132 test77_diag_ema=0.6079/0.5507 v13=0.0007 grl=0.0000 v15=0.0000 v15r=0.0000 v16=0.0000 v17=0.0000 v18=0.0000 das=stage3[12,95] p=1.00 ep_time=34.6s
[17:25:15] [save] best_sourcequalified77_ema ep=39 source_val_live=0.9321/0.9323 source_val_ema=0.9198/0.9220 test77_ema=0.6079/0.5507
[17:25:15] [train] epoch 40/100 steps=40 use_dann=0 das=stage3 f=[12.0,95.0] p=1.00 gpu=3.0/11.8GB
[17:25:15] [train] ep=40 step=001/40 ce=0.2644 sc=0.9917 mi=0.0566 dn=0.0000 v13=0.0007 grl=0.0000 v15=0.0000 v15r=0.0000 v16=0.0000 v17=0.0000 v18=0.0000 acc=1.0000 lr=2.09e-04 lambda=0.000 grl_lambda=0.000 v18_lambda=0.000 gpu=3.0/11.8GB
[17:25:20] [train] ep=40 step=010/40 ce=0.6070 sc=0.8845 mi=0.0630 dn=0.0000 v13=0.0007 grl=0.0000 v15=0.0000 v15r=0.0000 v16=0.0000 v17=0.0000 v18=0.0000 acc=0.9750 lr=2.08e-04 lambda=0.000 grl_lambda=0.000 v18_lambda=0.000 gpu=3.0/11.8GB
[17:25:26] [train] ep=40 step=020/40 ce=0.4931 sc=0.8345 mi=0.0625 dn=0.0000 v13=0.0008 grl=0.0000 v15=0.0000 v15r=0.0000 v16=0.0000 v17=0.0000 v18=0.0000 acc=0.9844 lr=2.07e-04 lambda=0.000 grl_lambda=0.000 v18_lambda=0.000 gpu=3.0/11.8GB
[17:25:32] [train] ep=40 step=030/40 ce=0.4625 sc=0.8445 mi=0.0625 dn=0.0000 v13=0.0008 grl=0.0000 v15=0.0000 v15r=0.0000 v16=0.0000 v17=0.0000 v18=0.0000 acc=0.9875 lr=2.06e-04 lambda=0.000 grl_lambda=0.000 v18_lambda=0.000 gpu=3.0/11.8GB
[17:25:38] [train] ep=40 step=040/40 ce=0.4377 sc=0.8550 mi=0.0619 dn=0.0000 v13=0.0008 grl=0.0000 v15=0.0000 v15r=0.0000 v16=0.0000 v17=0.0000 v18=0.0000 acc=0.9891 lr=2.05e-04 lambda=0.000 grl_lambda=0.000 v18_lambda=0.000 gpu=3.0/11.8GB
[17:25:48] [pool] check ep=040/100 source_val_acc_ema=0.9259 threshold=0.90
[17:25:53] [pool] ep=040 ADDED src_val=0.9259/0.9278 dev77=0.5714/0.5102 final77=0.6187/0.5636
[17:25:53] [pool] running best ep=040 dev77_f1=0.5102 final77_f1=0.5636 (pool_size=1)
[17:25:53] [ep_summary] ep=40/100 val_live=0.9383/0.9369 val_ema=0.9259/0.9278 test77_live=0.8525/0.8464 test77_diag_ema=0.6187/0.5636 v13=0.0008 grl=0.0000 v15=0.0000 v15r=0.0000 v16=0.0000 v17=0.0000 v18=0.0000 das=stage3[12,95] p=1.00 ep_time=38.6s
[17:25:53] [save] best_sourceval_ema val_acc_ema=0.9259 source_val_live=0.9383/0.9369 source_val_ema=0.9259/0.9278 ep=40
[17:25:53] [save] best_sourcequalified77_ema ep=40 source_val_live=0.9383/0.9369 source_val_ema=0.9259/0.9278 test77_ema=0.6187/0.5636
[17:25:53] [strict77_monitor] ep=40 best_source_epoch=40 source_val_ema=0.9259/0.9278 test77_ema_diag=0.6187/0.5636 sourcequalified_count=10 best_sourcequalified77_epoch=40 source_val_ema=0.9259/0.9278 test77_ema=0.6187/0.5636
[17:25:53] [train] epoch 41/100 steps=40 use_dann=0 das=stage3 f=[12.0,95.0] p=1.00 gpu=3.0/11.8GB
[17:25:54] [train] ep=41 step=001/40 ce=0.2704 sc=0.7665 mi=0.0579 dn=0.0000 v13=0.0016 grl=0.0000 v15=0.0000 v15r=0.0000 v16=0.0000 v17=0.0000 v18=0.0000 acc=1.0000 lr=2.05e-04 lambda=0.000 grl_lambda=0.000 v18_lambda=0.000 gpu=3.0/11.8GB
[17:25:59] [train] ep=41 step=010/40 ce=0.2656 sc=0.9118 mi=0.0593 dn=0.0000 v13=0.0008 grl=0.0000 v15=0.0000 v15r=0.0000 v16=0.0000 v17=0.0000 v18=0.0000 acc=1.0000 lr=2.04e-04 lambda=0.000 grl_lambda=0.000 v18_lambda=0.000 gpu=3.0/11.8GB
[17:26:05] [train] ep=41 step=020/40 ce=0.3495 sc=0.8689 mi=0.0611 dn=0.0000 v13=0.0007 grl=0.0000 v15=0.0000 v15r=0.0000 v16=0.0000 v17=0.0000 v18=0.0000 acc=0.9938 lr=2.02e-04 lambda=0.000 grl_lambda=0.000 v18_lambda=0.000 gpu=3.0/11.8GB
[17:26:11] [train] ep=41 step=030/40 ce=0.3227 sc=0.8666 mi=0.0609 dn=0.0000 v13=0.0007 grl=0.0000 v15=0.0000 v15r=0.0000 v16=0.0000 v17=0.0000 v18=0.0000 acc=0.9958 lr=2.01e-04 lambda=0.000 grl_lambda=0.000 v18_lambda=0.000 gpu=3.0/11.8GB
[17:26:17] [train] ep=41 step=040/40 ce=0.3217 sc=0.8187 mi=0.0598 dn=0.0000 v13=0.0007 grl=0.0000 v15=0.0000 v15r=0.0000 v16=0.0000 v17=0.0000 v18=0.0000 acc=0.9953 lr=2.00e-04 lambda=0.000 grl_lambda=0.000 v18_lambda=0.000 gpu=3.0/11.8GB
[17:26:27] [ep_summary] ep=41/100 val_live=0.9444/0.9435 val_ema=0.9321/0.9335 test77_live=0.8633/0.8599 test77_diag_ema=0.6475/0.5958 v13=0.0007 grl=0.0000 v15=0.0000 v15r=0.0000 v16=0.0000 v17=0.0000 v18=0.0000 das=stage3[12,95] p=1.00 ep_time=33.3s
[17:26:27] [save] best_sourceval_ema val_acc_ema=0.9321 source_val_live=0.9444/0.9435 source_val_ema=0.9321/0.9335 ep=41
[17:26:27] [save] best_sourcequalified77_ema ep=41 source_val_live=0.9444/0.9435 source_val_ema=0.9321/0.9335 test77_ema=0.6475/0.5958
[17:26:27] [train] epoch 42/100 steps=40 use_dann=0 das=stage3 f=[12.0,95.0] p=1.00 gpu=3.0/11.8GB
[17:26:27] [train] ep=42 step=001/40 ce=1.3469 sc=1.6984 mi=0.0527 dn=0.0000 v13=0.0009 grl=0.0000 v15=0.0000 v15r=0.0000 v16=0.0000 v17=0.0000 v18=0.0000 acc=0.9375 lr=2.00e-04 lambda=0.000 grl_lambda=0.000 v18_lambda=0.000 gpu=3.0/11.8GB
[17:26:33] [train] ep=42 step=010/40 ce=0.4032 sc=0.8599 mi=0.0543 dn=0.0000 v13=0.0007 grl=0.0000 v15=0.0000 v15r=0.0000 v16=0.0000 v17=0.0000 v18=0.0000 acc=0.9938 lr=1.99e-04 lambda=0.000 grl_lambda=0.000 v18_lambda=0.000 gpu=3.0/11.8GB
[17:26:38] [train] ep=42 step=020/40 ce=0.3386 sc=0.8201 mi=0.0556 dn=0.0000 v13=0.0007 grl=0.0000 v15=0.0000 v15r=0.0000 v16=0.0000 v17=0.0000 v18=0.0000 acc=0.9969 lr=1.98e-04 lambda=0.000 grl_lambda=0.000 v18_lambda=0.000 gpu=3.0/11.8GB
[17:26:44] [train] ep=42 step=030/40 ce=0.3450 sc=0.8390 mi=0.0557 dn=0.0000 v13=0.0008 grl=0.0000 v15=0.0000 v15r=0.0000 v16=0.0000 v17=0.0000 v18=0.0000 acc=0.9958 lr=1.97e-04 lambda=0.000 grl_lambda=0.000 v18_lambda=0.000 gpu=3.0/11.8GB
[17:26:50] [train] ep=42 step=040/40 ce=0.3281 sc=0.8091 mi=0.0560 dn=0.0000 v13=0.0008 grl=0.0000 v15=0.0000 v15r=0.0000 v16=0.0000 v17=0.0000 v18=0.0000 acc=0.9969 lr=1.96e-04 lambda=0.000 grl_lambda=0.000 v18_lambda=0.000 gpu=3.0/11.8GB
[17:27:00] [ep_summary] ep=42/100 val_live=0.9630/0.9630 val_ema=0.9321/0.9335 test77_live=0.8489/0.8412 test77_diag_ema=0.6763/0.6286 v13=0.0008 grl=0.0000 v15=0.0000 v15r=0.0000 v16=0.0000 v17=0.0000 v18=0.0000 das=stage3[12,95] p=1.00 ep_time=33.4s
[17:27:00] [save] best_sourcequalified77_ema ep=42 source_val_live=0.9630/0.9630 source_val_ema=0.9321/0.9335 test77_ema=0.6763/0.6286
[17:27:00] [train] epoch 43/100 steps=40 use_dann=0 das=stage3 f=[12.0,95.0] p=1.00 gpu=3.0/11.8GB
[17:27:01] [train] ep=43 step=001/40 ce=0.2620 sc=1.0393 mi=0.0511 dn=0.0000 v13=0.0010 grl=0.0000 v15=0.0000 v15r=0.0000 v16=0.0000 v17=0.0000 v18=0.0000 acc=1.0000 lr=1.95e-04 lambda=0.000 grl_lambda=0.000 v18_lambda=0.000 gpu=3.0/11.8GB
[17:27:06] [train] ep=43 step=010/40 ce=0.5409 sc=0.9501 mi=0.0582 dn=0.0000 v13=0.0006 grl=0.0000 v15=0.0000 v15r=0.0000 v16=0.0000 v17=0.0000 v18=0.0000 acc=0.9750 lr=1.94e-04 lambda=0.000 grl_lambda=0.000 v18_lambda=0.000 gpu=3.0/11.8GB
[17:27:12] [train] ep=43 step=020/40 ce=0.4696 sc=0.9214 mi=0.0582 dn=0.0000 v13=0.0007 grl=0.0000 v15=0.0000 v15r=0.0000 v16=0.0000 v17=0.0000 v18=0.0000 acc=0.9844 lr=1.93e-04 lambda=0.000 grl_lambda=0.000 v18_lambda=0.000 gpu=3.0/11.8GB
[17:27:18] [train] ep=43 step=030/40 ce=0.4069 sc=0.9064 mi=0.0587 dn=0.0000 v13=0.0006 grl=0.0000 v15=0.0000 v15r=0.0000 v16=0.0000 v17=0.0000 v18=0.0000 acc=0.9896 lr=1.92e-04 lambda=0.000 grl_lambda=0.000 v18_lambda=0.000 gpu=3.0/11.8GB
[17:27:23] [train] ep=43 step=040/40 ce=0.4112 sc=0.8930 mi=0.0588 dn=0.0000 v13=0.0007 grl=0.0000 v15=0.0000 v15r=0.0000 v16=0.0000 v17=0.0000 v18=0.0000 acc=0.9891 lr=1.91e-04 lambda=0.000 grl_lambda=0.000 v18_lambda=0.000 gpu=3.0/11.8GB
[17:27:34] [ep_summary] ep=43/100 val_live=0.9568/0.9565 val_ema=0.9321/0.9335 test77_live=0.8417/0.8379 test77_diag_ema=0.6906/0.6427 v13=0.0007 grl=0.0000 v15=0.0000 v15r=0.0000 v16=0.0000 v17=0.0000 v18=0.0000 das=stage3[12,95] p=1.00 ep_time=33.3s
[17:27:34] [save] best_sourcequalified77_ema ep=43 source_val_live=0.9568/0.9565 source_val_ema=0.9321/0.9335 test77_ema=0.6906/0.6427
[17:27:34] [train] epoch 44/100 steps=40 use_dann=0 das=stage3 f=[12.0,95.0] p=1.00 gpu=3.0/11.8GB
[17:27:34] [train] ep=44 step=001/40 ce=1.1311 sc=0.4951 mi=0.0637 dn=0.0000 v13=0.0004 grl=0.0000 v15=0.0000 v15r=0.0000 v16=0.0000 v17=0.0000 v18=0.0000 acc=0.9375 lr=1.91e-04 lambda=0.000 grl_lambda=0.000 v18_lambda=0.000 gpu=3.0/11.8GB
[17:27:39] [train] ep=44 step=010/40 ce=0.3861 sc=0.7003 mi=0.0605 dn=0.0000 v13=0.0007 grl=0.0000 v15=0.0000 v15r=0.0000 v16=0.0000 v17=0.0000 v18=0.0000 acc=0.9938 lr=1.90e-04 lambda=0.000 grl_lambda=0.000 v18_lambda=0.000 gpu=3.0/11.8GB
[17:27:45] [train] ep=44 step=020/40 ce=0.3606 sc=0.7367 mi=0.0598 dn=0.0000 v13=0.0006 grl=0.0000 v15=0.0000 v15r=0.0000 v16=0.0000 v17=0.0000 v18=0.0000 acc=0.9938 lr=1.89e-04 lambda=0.000 grl_lambda=0.000 v18_lambda=0.000 gpu=3.0/11.8GB
[17:27:51] [train] ep=44 step=030/40 ce=0.3298 sc=0.7521 mi=0.0598 dn=0.0000 v13=0.0006 grl=0.0000 v15=0.0000 v15r=0.0000 v16=0.0000 v17=0.0000 v18=0.0000 acc=0.9958 lr=1.87e-04 lambda=0.000 grl_lambda=0.000 v18_lambda=0.000 gpu=3.0/11.8GB
[17:27:57] [train] ep=44 step=040/40 ce=0.3139 sc=0.7379 mi=0.0593 dn=0.0000 v13=0.0006 grl=0.0000 v15=0.0000 v15r=0.0000 v16=0.0000 v17=0.0000 v18=0.0000 acc=0.9969 lr=1.86e-04 lambda=0.000 grl_lambda=0.000 v18_lambda=0.000 gpu=3.0/11.8GB
[17:28:07] [ep_summary] ep=44/100 val_live=0.9630/0.9623 val_ema=0.9321/0.9335 test77_live=0.7590/0.7508 test77_diag_ema=0.6978/0.6511 v13=0.0006 grl=0.0000 v15=0.0000 v15r=0.0000 v16=0.0000 v17=0.0000 v18=0.0000 das=stage3[12,95] p=1.00 ep_time=33.3s
[17:28:07] [save] best_sourcequalified77_ema ep=44 source_val_live=0.9630/0.9623 source_val_ema=0.9321/0.9335 test77_ema=0.6978/0.6511
[17:28:07] [train] epoch 45/100 steps=40 use_dann=0 das=stage3 f=[12.0,95.0] p=1.00 gpu=3.0/11.8GB
[17:28:08] [train] ep=45 step=001/40 ce=0.2910 sc=0.6334 mi=0.0587 dn=0.0000 v13=0.0007 grl=0.0000 v15=0.0000 v15r=0.0000 v16=0.0000 v17=0.0000 v18=0.0000 acc=1.0000 lr=1.86e-04 lambda=0.000 grl_lambda=0.000 v18_lambda=0.000 gpu=3.0/11.8GB
[17:28:13] [train] ep=45 step=010/40 ce=0.3658 sc=0.8539 mi=0.0563 dn=0.0000 v13=0.0007 grl=0.0000 v15=0.0000 v15r=0.0000 v16=0.0000 v17=0.0000 v18=0.0000 acc=0.9938 lr=1.85e-04 lambda=0.000 grl_lambda=0.000 v18_lambda=0.000 gpu=3.0/11.8GB
[17:28:19] [train] ep=45 step=020/40 ce=0.3161 sc=0.7586 mi=0.0579 dn=0.0000 v13=0.0006 grl=0.0000 v15=0.0000 v15r=0.0000 v16=0.0000 v17=0.0000 v18=0.0000 acc=0.9969 lr=1.84e-04 lambda=0.000 grl_lambda=0.000 v18_lambda=0.000 gpu=3.0/11.8GB
[17:28:24] [train] ep=45 step=030/40 ce=0.3059 sc=0.7674 mi=0.0576 dn=0.0000 v13=0.0006 grl=0.0000 v15=0.0000 v15r=0.0000 v16=0.0000 v17=0.0000 v18=0.0000 acc=0.9979 lr=1.83e-04 lambda=0.000 grl_lambda=0.000 v18_lambda=0.000 gpu=3.0/11.8GB
[17:28:30] [train] ep=45 step=040/40 ce=0.2956 sc=0.7666 mi=0.0579 dn=0.0000 v13=0.0006 grl=0.0000 v15=0.0000 v15r=0.0000 v16=0.0000 v17=0.0000 v18=0.0000 acc=0.9984 lr=1.81e-04 lambda=0.000 grl_lambda=0.000 v18_lambda=0.000 gpu=3.0/11.8GB
[17:28:40] [ep_summary] ep=45/100 val_live=0.9568/0.9565 val_ema=0.9321/0.9335 test77_live=0.7662/0.7587 test77_diag_ema=0.7050/0.6668 v13=0.0006 grl=0.0000 v15=0.0000 v15r=0.0000 v16=0.0000 v17=0.0000 v18=0.0000 das=stage3[12,95] p=1.00 ep_time=33.4s
[17:28:41] [save] best_sourcequalified77_ema ep=45 source_val_live=0.9568/0.9565 source_val_ema=0.9321/0.9335 test77_ema=0.7050/0.6668
[17:28:41] [train] epoch 46/100 steps=40 use_dann=0 das=stage3 f=[12.0,95.0] p=1.00 gpu=3.0/11.8GB
[17:28:41] [train] ep=46 step=001/40 ce=0.2621 sc=0.7451 mi=0.0591 dn=0.0000 v13=0.0010 grl=0.0000 v15=0.0000 v15r=0.0000 v16=0.0000 v17=0.0000 v18=0.0000 acc=1.0000 lr=1.81e-04 lambda=0.000 grl_lambda=0.000 v18_lambda=0.000 gpu=3.0/11.8GB
[17:28:46] [train] ep=46 step=010/40 ce=0.2681 sc=0.7255 mi=0.0613 dn=0.0000 v13=0.0007 grl=0.0000 v15=0.0000 v15r=0.0000 v16=0.0000 v17=0.0000 v18=0.0000 acc=1.0000 lr=1.80e-04 lambda=0.000 grl_lambda=0.000 v18_lambda=0.000 gpu=3.0/11.8GB
[17:28:52] [train] ep=46 step=020/40 ce=0.2646 sc=0.7232 mi=0.0597 dn=0.0000 v13=0.0007 grl=0.0000 v15=0.0000 v15r=0.0000 v16=0.0000 v17=0.0000 v18=0.0000 acc=1.0000 lr=1.79e-04 lambda=0.000 grl_lambda=0.000 v18_lambda=0.000 gpu=3.0/11.8GB
[17:28:58] [train] ep=46 step=030/40 ce=0.2836 sc=0.7345 mi=0.0587 dn=0.0000 v13=0.0007 grl=0.0000 v15=0.0000 v15r=0.0000 v16=0.0000 v17=0.0000 v18=0.0000 acc=1.0000 lr=1.78e-04 lambda=0.000 grl_lambda=0.000 v18_lambda=0.000 gpu=3.0/11.8GB
[17:29:04] [train] ep=46 step=040/40 ce=0.2808 sc=0.7324 mi=0.0591 dn=0.0000 v13=0.0007 grl=0.0000 v15=0.0000 v15r=0.0000 v16=0.0000 v17=0.0000 v18=0.0000 acc=1.0000 lr=1.77e-04 lambda=0.000 grl_lambda=0.000 v18_lambda=0.000 gpu=3.0/11.8GB
[17:30:00] [ep_summary] ep=46/100 val_live=0.9630/0.9626 val_ema=0.9321/0.9335 test77_live=0.8345/0.8312 test77_diag_ema=0.7302/0.7000 v13=0.0007 grl=0.0000 v15=0.0000 v15r=0.0000 v16=0.0000 v17=0.0000 v18=0.0000 das=stage3[12,95] p=1.00 ep_time=79.7s
[17:30:48] [save] best_sourcequalified77_ema ep=46 source_val_live=0.9630/0.9626 source_val_ema=0.9321/0.9335 test77_ema=0.7302/0.7000
[17:30:48] [train] epoch 47/100 steps=40 use_dann=0 das=stage3 f=[12.0,95.0] p=1.00 gpu=3.0/11.8GB
[17:30:49] [train] ep=47 step=001/40 ce=0.5042 sc=1.0421 mi=0.0580 dn=0.0000 v13=0.0003 grl=0.0000 v15=0.0000 v15r=0.0000 v16=0.0000 v17=0.0000 v18=0.0000 acc=1.0000 lr=1.77e-04 lambda=0.000 grl_lambda=0.000 v18_lambda=0.000 gpu=3.0/11.8GB
[17:30:54] [train] ep=47 step=010/40 ce=0.3942 sc=0.8181 mi=0.0578 dn=0.0000 v13=0.0006 grl=0.0000 v15=0.0000 v15r=0.0000 v16=0.0000 v17=0.0000 v18=0.0000 acc=0.9875 lr=1.76e-04 lambda=0.000 grl_lambda=0.000 v18_lambda=0.000 gpu=3.0/11.8GB
[17:31:00] [train] ep=47 step=020/40 ce=0.3361 sc=0.7708 mi=0.0573 dn=0.0000 v13=0.0005 grl=0.0000 v15=0.0000 v15r=0.0000 v16=0.0000 v17=0.0000 v18=0.0000 acc=0.9938 lr=1.74e-04 lambda=0.000 grl_lambda=0.000 v18_lambda=0.000 gpu=3.0/11.8GB
[17:31:06] [train] ep=47 step=030/40 ce=0.3647 sc=0.7761 mi=0.0572 dn=0.0000 v13=0.0005 grl=0.0000 v15=0.0000 v15r=0.0000 v16=0.0000 v17=0.0000 v18=0.0000 acc=0.9917 lr=1.73e-04 lambda=0.000 grl_lambda=0.000 v18_lambda=0.000 gpu=3.0/11.8GB
[17:31:11] [train] ep=47 step=040/40 ce=0.3510 sc=0.7850 mi=0.0583 dn=0.0000 v13=0.0005 grl=0.0000 v15=0.0000 v15r=0.0000 v16=0.0000 v17=0.0000 v18=0.0000 acc=0.9938 lr=1.72e-04 lambda=0.000 grl_lambda=0.000 v18_lambda=0.000 gpu=3.0/11.8GB
[17:31:38] [ep_summary] ep=47/100 val_live=0.9630/0.9631 val_ema=0.9321/0.9335 test77_live=0.8525/0.8460 test77_diag_ema=0.7446/0.7212 v13=0.0005 grl=0.0000 v15=0.0000 v15r=0.0000 v16=0.0000 v17=0.0000 v18=0.0000 das=stage3[12,95] p=1.00 ep_time=50.2s
[17:31:38] [save] best_sourcequalified77_ema ep=47 source_val_live=0.9630/0.9631 source_val_ema=0.9321/0.9335 test77_ema=0.7446/0.7212
[17:31:38] [train] epoch 48/100 steps=40 use_dann=0 das=stage3 f=[12.0,95.0] p=1.00 gpu=3.0/11.8GB
[17:31:39] [train] ep=48 step=001/40 ce=0.2721 sc=0.7364 mi=0.0520 dn=0.0000 v13=0.0002 grl=0.0000 v15=0.0000 v15r=0.0000 v16=0.0000 v17=0.0000 v18=0.0000 acc=1.0000 lr=1.72e-04 lambda=0.000 grl_lambda=0.000 v18_lambda=0.000 gpu=3.0/11.8GB
[17:31:44] [train] ep=48 step=010/40 ce=0.3577 sc=0.8517 mi=0.0558 dn=0.0000 v13=0.0006 grl=0.0000 v15=0.0000 v15r=0.0000 v16=0.0000 v17=0.0000 v18=0.0000 acc=0.9938 lr=1.71e-04 lambda=0.000 grl_lambda=0.000 v18_lambda=0.000 gpu=3.0/11.8GB
[17:31:50] [train] ep=48 step=020/40 ce=0.3302 sc=0.8651 mi=0.0573 dn=0.0000 v13=0.0006 grl=0.0000 v15=0.0000 v15r=0.0000 v16=0.0000 v17=0.0000 v18=0.0000 acc=0.9969 lr=1.69e-04 lambda=0.000 grl_lambda=0.000 v18_lambda=0.000 gpu=3.0/11.8GB
[17:31:56] [train] ep=48 step=030/40 ce=0.3712 sc=0.8415 mi=0.0575 dn=0.0000 v13=0.0006 grl=0.0000 v15=0.0000 v15r=0.0000 v16=0.0000 v17=0.0000 v18=0.0000 acc=0.9938 lr=1.68e-04 lambda=0.000 grl_lambda=0.000 v18_lambda=0.000 gpu=3.0/11.8GB
[17:32:01] [train] ep=48 step=040/40 ce=0.3731 sc=0.8588 mi=0.0582 dn=0.0000 v13=0.0006 grl=0.0000 v15=0.0000 v15r=0.0000 v16=0.0000 v17=0.0000 v18=0.0000 acc=0.9938 lr=1.67e-04 lambda=0.000 grl_lambda=0.000 v18_lambda=0.000 gpu=3.0/11.8GB
[17:32:12] [ep_summary] ep=48/100 val_live=0.9691/0.9694 val_ema=0.9321/0.9332 test77_live=0.8633/0.8599 test77_diag_ema=0.7590/0.7353 v13=0.0006 grl=0.0000 v15=0.0000 v15r=0.0000 v16=0.0000 v17=0.0000 v18=0.0000 das=stage3[12,95] p=1.00 ep_time=33.4s
[17:32:12] [save] best_sourcequalified77_ema ep=48 source_val_live=0.9691/0.9694 source_val_ema=0.9321/0.9332 test77_ema=0.7590/0.7353
[17:32:12] [train] epoch 49/100 steps=40 use_dann=0 das=stage3 f=[12.0,95.0] p=1.00 gpu=3.0/11.8GB
[17:32:12] [train] ep=49 step=001/40 ce=0.2615 sc=0.4344 mi=0.0572 dn=0.0000 v13=0.0005 grl=0.0000 v15=0.0000 v15r=0.0000 v16=0.0000 v17=0.0000 v18=0.0000 acc=1.0000 lr=1.67e-04 lambda=0.000 grl_lambda=0.000 v18_lambda=0.000 gpu=3.0/11.8GB
[17:32:17] [train] ep=49 step=010/40 ce=0.2751 sc=0.7299 mi=0.0546 dn=0.0000 v13=0.0006 grl=0.0000 v15=0.0000 v15r=0.0000 v16=0.0000 v17=0.0000 v18=0.0000 acc=1.0000 lr=1.66e-04 lambda=0.000 grl_lambda=0.000 v18_lambda=0.000 gpu=3.0/11.8GB
[17:32:23] [train] ep=49 step=020/40 ce=0.2707 sc=0.7609 mi=0.0574 dn=0.0000 v13=0.0006 grl=0.0000 v15=0.0000 v15r=0.0000 v16=0.0000 v17=0.0000 v18=0.0000 acc=1.0000 lr=1.65e-04 lambda=0.000 grl_lambda=0.000 v18_lambda=0.000 gpu=3.0/11.8GB
[17:32:29] [train] ep=49 step=030/40 ce=0.3034 sc=0.7724 mi=0.0574 dn=0.0000 v13=0.0006 grl=0.0000 v15=0.0000 v15r=0.0000 v16=0.0000 v17=0.0000 v18=0.0000 acc=0.9958 lr=1.63e-04 lambda=0.000 grl_lambda=0.000 v18_lambda=0.000 gpu=3.0/11.8GB
[17:32:35] [train] ep=49 step=040/40 ce=0.3325 sc=0.7737 mi=0.0575 dn=0.0000 v13=0.0007 grl=0.0000 v15=0.0000 v15r=0.0000 v16=0.0000 v17=0.0000 v18=0.0000 acc=0.9938 lr=1.62e-04 lambda=0.000 grl_lambda=0.000 v18_lambda=0.000 gpu=3.0/11.8GB
[17:32:45] [ep_summary] ep=49/100 val_live=0.9691/0.9692 val_ema=0.9321/0.9332 test77_live=0.8417/0.8351 test77_diag_ema=0.7734/0.7518 v13=0.0007 grl=0.0000 v15=0.0000 v15r=0.0000 v16=0.0000 v17=0.0000 v18=0.0000 das=stage3[12,95] p=1.00 ep_time=33.4s
[17:32:45] [save] best_sourcequalified77_ema ep=49 source_val_live=0.9691/0.9692 source_val_ema=0.9321/0.9332 test77_ema=0.7734/0.7518
[17:32:45] [train] epoch 50/100 steps=40 use_dann=0 das=stage3 f=[12.0,95.0] p=1.00 gpu=3.0/11.8GB
[17:32:46] [train] ep=50 step=001/40 ce=0.2685 sc=0.6172 mi=0.0620 dn=0.0000 v13=0.0008 grl=0.0000 v15=0.0000 v15r=0.0000 v16=0.0000 v17=0.0000 v18=0.0000 acc=1.0000 lr=1.62e-04 lambda=0.000 grl_lambda=0.000 v18_lambda=0.000 gpu=3.0/11.8GB
[17:32:51] [train] ep=50 step=010/40 ce=0.2631 sc=0.6814 mi=0.0595 dn=0.0000 v13=0.0006 grl=0.0000 v15=0.0000 v15r=0.0000 v16=0.0000 v17=0.0000 v18=0.0000 acc=1.0000 lr=1.61e-04 lambda=0.000 grl_lambda=0.000 v18_lambda=0.000 gpu=3.0/11.8GB
[17:32:57] [train] ep=50 step=020/40 ce=0.2846 sc=0.6888 mi=0.0588 dn=0.0000 v13=0.0006 grl=0.0000 v15=0.0000 v15r=0.0000 v16=0.0000 v17=0.0000 v18=0.0000 acc=0.9969 lr=1.60e-04 lambda=0.000 grl_lambda=0.000 v18_lambda=0.000 gpu=3.0/11.8GB
[17:33:02] [train] ep=50 step=030/40 ce=0.2791 sc=0.7173 mi=0.0585 dn=0.0000 v13=0.0006 grl=0.0000 v15=0.0000 v15r=0.0000 v16=0.0000 v17=0.0000 v18=0.0000 acc=0.9979 lr=1.59e-04 lambda=0.000 grl_lambda=0.000 v18_lambda=0.000 gpu=3.0/11.8GB
[17:33:08] [train] ep=50 step=040/40 ce=0.2917 sc=0.7196 mi=0.0579 dn=0.0000 v13=0.0006 grl=0.0000 v15=0.0000 v15r=0.0000 v16=0.0000 v17=0.0000 v18=0.0000 acc=0.9969 lr=1.57e-04 lambda=0.000 grl_lambda=0.000 v18_lambda=0.000 gpu=3.0/11.8GB
[17:33:18] [pool] check ep=050/100 source_val_acc_ema=0.9321 threshold=0.90
[17:33:23] [pool] ep=050 ADDED src_val=0.9321/0.9332 dev77=0.7000/0.6964 final77=0.7806/0.7611
[17:33:23] [pool] running best ep=050 dev77_f1=0.6964 final77_f1=0.7611 (pool_size=2)
[17:33:23] [ep_summary] ep=50/100 val_live=0.9691/0.9692 val_ema=0.9321/0.9332 test77_live=0.8417/0.8352 test77_diag_ema=0.7806/0.7611 v13=0.0006 grl=0.0000 v15=0.0000 v15r=0.0000 v16=0.0000 v17=0.0000 v18=0.0000 das=stage3[12,95] p=1.00 ep_time=38.2s
[17:33:23] [save] best_sourcequalified77_ema ep=50 source_val_live=0.9691/0.9692 source_val_ema=0.9321/0.9332 test77_ema=0.7806/0.7611
[17:33:23] [strict77_monitor] ep=50 best_source_epoch=41 source_val_ema=0.9321/0.9335 test77_ema_diag=0.6475/0.5958 sourcequalified_count=20 best_sourcequalified77_epoch=50 source_val_ema=0.9321/0.9332 test77_ema=0.7806/0.7611
[17:33:23] [train] epoch 51/100 steps=40 use_dann=0 das=stage3 f=[12.0,95.0] p=1.00 gpu=3.0/11.8GB
[17:33:24] [train] ep=51 step=001/40 ce=0.2590 sc=0.4361 mi=0.0538 dn=0.0000 v13=0.0011 grl=0.0000 v15=0.0000 v15r=0.0000 v16=0.0000 v17=0.0000 v18=0.0000 acc=1.0000 lr=1.57e-04 lambda=0.000 grl_lambda=0.000 v18_lambda=0.000 gpu=3.0/11.8GB
[17:33:29] [train] ep=51 step=010/40 ce=0.2647 sc=0.7993 mi=0.0551 dn=0.0000 v13=0.0005 grl=0.0000 v15=0.0000 v15r=0.0000 v16=0.0000 v17=0.0000 v18=0.0000 acc=1.0000 lr=1.56e-04 lambda=0.000 grl_lambda=0.000 v18_lambda=0.000 gpu=3.0/11.8GB
[17:33:35] [train] ep=51 step=020/40 ce=0.2736 sc=0.8343 mi=0.0554 dn=0.0000 v13=0.0005 grl=0.0000 v15=0.0000 v15r=0.0000 v16=0.0000 v17=0.0000 v18=0.0000 acc=1.0000 lr=1.55e-04 lambda=0.000 grl_lambda=0.000 v18_lambda=0.000 gpu=3.0/11.8GB
[17:33:41] [train] ep=51 step=030/40 ce=0.2905 sc=0.8153 mi=0.0564 dn=0.0000 v13=0.0006 grl=0.0000 v15=0.0000 v15r=0.0000 v16=0.0000 v17=0.0000 v18=0.0000 acc=0.9979 lr=1.54e-04 lambda=0.000 grl_lambda=0.000 v18_lambda=0.000 gpu=3.0/11.8GB
[17:33:46] [train] ep=51 step=040/40 ce=0.2965 sc=0.8166 mi=0.0563 dn=0.0000 v13=0.0006 grl=0.0000 v15=0.0000 v15r=0.0000 v16=0.0000 v17=0.0000 v18=0.0000 acc=0.9969 lr=1.53e-04 lambda=0.000 grl_lambda=0.000 v18_lambda=0.000 gpu=3.0/11.8GB
[17:33:57] [ep_summary] ep=51/100 val_live=0.9630/0.9634 val_ema=0.9321/0.9332 test77_live=0.8597/0.8555 test77_diag_ema=0.7842/0.7664 v13=0.0006 grl=0.0000 v15=0.0000 v15r=0.0000 v16=0.0000 v17=0.0000 v18=0.0000 das=stage3[12,95] p=1.00 ep_time=33.4s
[17:33:57] [save] best_sourcequalified77_ema ep=51 source_val_live=0.9630/0.9634 source_val_ema=0.9321/0.9332 test77_ema=0.7842/0.7664
[17:33:57] [train] epoch 52/100 steps=40 use_dann=0 das=stage3 f=[12.0,95.0] p=1.00 gpu=3.0/11.8GB
[17:33:57] [train] ep=52 step=001/40 ce=0.2612 sc=0.6296 mi=0.0579 dn=0.0000 v13=0.0011 grl=0.0000 v15=0.0000 v15r=0.0000 v16=0.0000 v17=0.0000 v18=0.0000 acc=1.0000 lr=1.52e-04 lambda=0.000 grl_lambda=0.000 v18_lambda=0.000 gpu=3.0/11.8GB
[17:34:02] [train] ep=52 step=010/40 ce=0.3791 sc=0.8273 mi=0.0553 dn=0.0000 v13=0.0007 grl=0.0000 v15=0.0000 v15r=0.0000 v16=0.0000 v17=0.0000 v18=0.0000 acc=0.9938 lr=1.51e-04 lambda=0.000 grl_lambda=0.000 v18_lambda=0.000 gpu=3.0/11.8GB
[17:34:08] [train] ep=52 step=020/40 ce=0.3796 sc=0.8561 mi=0.0558 dn=0.0000 v13=0.0007 grl=0.0000 v15=0.0000 v15r=0.0000 v16=0.0000 v17=0.0000 v18=0.0000 acc=0.9938 lr=1.50e-04 lambda=0.000 grl_lambda=0.000 v18_lambda=0.000 gpu=3.0/11.8GB
[17:34:14] [train] ep=52 step=030/40 ce=0.3571 sc=0.8079 mi=0.0564 dn=0.0000 v13=0.0006 grl=0.0000 v15=0.0000 v15r=0.0000 v16=0.0000 v17=0.0000 v18=0.0000 acc=0.9938 lr=1.49e-04 lambda=0.000 grl_lambda=0.000 v18_lambda=0.000 gpu=3.0/11.8GB
[17:34:20] [train] ep=52 step=040/40 ce=0.3623 sc=0.8177 mi=0.0556 dn=0.0000 v13=0.0007 grl=0.0000 v15=0.0000 v15r=0.0000 v16=0.0000 v17=0.0000 v18=0.0000 acc=0.9938 lr=1.48e-04 lambda=0.000 grl_lambda=0.000 v18_lambda=0.000 gpu=3.0/11.8GB
[17:34:30] [ep_summary] ep=52/100 val_live=0.9691/0.9689 val_ema=0.9444/0.9457 test77_live=0.7914/0.7631 test77_diag_ema=0.7806/0.7652 v13=0.0007 grl=0.0000 v15=0.0000 v15r=0.0000 v16=0.0000 v17=0.0000 v18=0.0000 das=stage3[12,95] p=1.00 ep_time=33.4s
[17:34:30] [save] best_sourceval_ema val_acc_ema=0.9444 source_val_live=0.9691/0.9689 source_val_ema=0.9444/0.9457 ep=52
[17:34:30] [train] epoch 53/100 steps=40 use_dann=0 das=stage3 f=[12.0,95.0] p=1.00 gpu=3.0/11.8GB
[17:34:31] [train] ep=53 step=001/40 ce=0.2658 sc=0.7296 mi=0.0518 dn=0.0000 v13=0.0007 grl=0.0000 v15=0.0000 v15r=0.0000 v16=0.0000 v17=0.0000 v18=0.0000 acc=1.0000 lr=1.48e-04 lambda=0.000 grl_lambda=0.000 v18_lambda=0.000 gpu=3.0/11.8GB
[17:34:36] [train] ep=53 step=010/40 ce=0.3214 sc=0.9534 mi=0.0605 dn=0.0000 v13=0.0006 grl=0.0000 v15=0.0000 v15r=0.0000 v16=0.0000 v17=0.0000 v18=0.0000 acc=0.9938 lr=1.46e-04 lambda=0.000 grl_lambda=0.000 v18_lambda=0.000 gpu=3.0/11.8GB
[17:34:42] [train] ep=53 step=020/40 ce=0.3199 sc=0.8682 mi=0.0580 dn=0.0000 v13=0.0006 grl=0.0000 v15=0.0000 v15r=0.0000 v16=0.0000 v17=0.0000 v18=0.0000 acc=0.9969 lr=1.45e-04 lambda=0.000 grl_lambda=0.000 v18_lambda=0.000 gpu=3.0/11.8GB
[17:34:47] [train] ep=53 step=030/40 ce=0.3250 sc=0.8585 mi=0.0584 dn=0.0000 v13=0.0007 grl=0.0000 v15=0.0000 v15r=0.0000 v16=0.0000 v17=0.0000 v18=0.0000 acc=0.9958 lr=1.44e-04 lambda=0.000 grl_lambda=0.000 v18_lambda=0.000 gpu=3.0/11.8GB
[17:34:53] [train] ep=53 step=040/40 ce=0.3098 sc=0.8245 mi=0.0571 dn=0.0000 v13=0.0006 grl=0.0000 v15=0.0000 v15r=0.0000 v16=0.0000 v17=0.0000 v18=0.0000 acc=0.9969 lr=1.43e-04 lambda=0.000 grl_lambda=0.000 v18_lambda=0.000 gpu=3.0/11.8GB
[17:35:03] [ep_summary] ep=53/100 val_live=0.9630/0.9626 val_ema=0.9506/0.9516 test77_live=0.8129/0.8064 test77_diag_ema=0.7878/0.7742 v13=0.0006 grl=0.0000 v15=0.0000 v15r=0.0000 v16=0.0000 v17=0.0000 v18=0.0000 das=stage3[12,95] p=1.00 ep_time=33.3s
[17:35:03] [save] best_sourceval_ema val_acc_ema=0.9506 source_val_live=0.9630/0.9626 source_val_ema=0.9506/0.9516 ep=53
[17:35:03] [save] best_sourcequalified77_ema ep=53 source_val_live=0.9630/0.9626 source_val_ema=0.9506/0.9516 test77_ema=0.7878/0.7742
[17:35:03] [train] epoch 54/100 steps=40 use_dann=0 das=stage3 f=[12.0,95.0] p=1.00 gpu=3.0/11.8GB
[17:35:04] [train] ep=54 step=001/40 ce=0.2584 sc=0.7872 mi=0.0524 dn=0.0000 v13=0.0003 grl=0.0000 v15=0.0000 v15r=0.0000 v16=0.0000 v17=0.0000 v18=0.0000 acc=1.0000 lr=1.43e-04 lambda=0.000 grl_lambda=0.000 v18_lambda=0.000 gpu=3.0/11.8GB
[17:35:09] [train] ep=54 step=010/40 ce=0.2609 sc=0.7376 mi=0.0565 dn=0.0000 v13=0.0006 grl=0.0000 v15=0.0000 v15r=0.0000 v16=0.0000 v17=0.0000 v18=0.0000 acc=1.0000 lr=1.42e-04 lambda=0.000 grl_lambda=0.000 v18_lambda=0.000 gpu=3.0/11.8GB
[17:35:15] [train] ep=54 step=020/40 ce=0.2603 sc=0.7573 mi=0.0543 dn=0.0000 v13=0.0006 grl=0.0000 v15=0.0000 v15r=0.0000 v16=0.0000 v17=0.0000 v18=0.0000 acc=1.0000 lr=1.40e-04 lambda=0.000 grl_lambda=0.000 v18_lambda=0.000 gpu=3.0/11.8GB
[17:35:21] [train] ep=54 step=030/40 ce=0.2701 sc=0.7845 mi=0.0536 dn=0.0000 v13=0.0006 grl=0.0000 v15=0.0000 v15r=0.0000 v16=0.0000 v17=0.0000 v18=0.0000 acc=1.0000 lr=1.39e-04 lambda=0.000 grl_lambda=0.000 v18_lambda=0.000 gpu=3.0/11.8GB
[17:35:27] [train] ep=54 step=040/40 ce=0.2744 sc=0.7658 mi=0.0543 dn=0.0000 v13=0.0006 grl=0.0000 v15=0.0000 v15r=0.0000 v16=0.0000 v17=0.0000 v18=0.0000 acc=1.0000 lr=1.38e-04 lambda=0.000 grl_lambda=0.000 v18_lambda=0.000 gpu=3.0/11.8GB
[17:35:37] [ep_summary] ep=54/100 val_live=0.9630/0.9626 val_ema=0.9506/0.9516 test77_live=0.8129/0.8044 test77_diag_ema=0.7950/0.7845 v13=0.0006 grl=0.0000 v15=0.0000 v15r=0.0000 v16=0.0000 v17=0.0000 v18=0.0000 das=stage3[12,95] p=1.00 ep_time=33.4s
[17:35:37] [save] best_sourcequalified77_ema ep=54 source_val_live=0.9630/0.9626 source_val_ema=0.9506/0.9516 test77_ema=0.7950/0.7845
[17:35:37] [train] epoch 55/100 steps=40 use_dann=0 das=stage3 f=[12.0,95.0] p=1.00 gpu=3.0/11.8GB
[17:35:37] [train] ep=55 step=001/40 ce=0.2593 sc=0.6497 mi=0.0585 dn=0.0000 v13=0.0007 grl=0.0000 v15=0.0000 v15r=0.0000 v16=0.0000 v17=0.0000 v18=0.0000 acc=1.0000 lr=1.38e-04 lambda=0.000 grl_lambda=0.000 v18_lambda=0.000 gpu=3.0/11.8GB
[17:35:43] [train] ep=55 step=010/40 ce=0.2801 sc=0.7638 mi=0.0573 dn=0.0000 v13=0.0007 grl=0.0000 v15=0.0000 v15r=0.0000 v16=0.0000 v17=0.0000 v18=0.0000 acc=1.0000 lr=1.37e-04 lambda=0.000 grl_lambda=0.000 v18_lambda=0.000 gpu=3.0/11.8GB
[17:35:48] [train] ep=55 step=020/40 ce=0.2956 sc=0.7066 mi=0.0583 dn=0.0000 v13=0.0007 grl=0.0000 v15=0.0000 v15r=0.0000 v16=0.0000 v17=0.0000 v18=0.0000 acc=0.9969 lr=1.36e-04 lambda=0.000 grl_lambda=0.000 v18_lambda=0.000 gpu=3.0/11.8GB
[17:35:54] [train] ep=55 step=030/40 ce=0.3060 sc=0.7061 mi=0.0580 dn=0.0000 v13=0.0007 grl=0.0000 v15=0.0000 v15r=0.0000 v16=0.0000 v17=0.0000 v18=0.0000 acc=0.9958 lr=1.34e-04 lambda=0.000 grl_lambda=0.000 v18_lambda=0.000 gpu=3.0/11.8GB
[17:36:00] [train] ep=55 step=040/40 ce=0.3121 sc=0.7052 mi=0.0576 dn=0.0000 v13=0.0006 grl=0.0000 v15=0.0000 v15r=0.0000 v16=0.0000 v17=0.0000 v18=0.0000 acc=0.9953 lr=1.33e-04 lambda=0.000 grl_lambda=0.000 v18_lambda=0.000 gpu=3.0/11.8GB
[17:36:12] [ep_summary] ep=55/100 val_live=0.9630/0.9634 val_ema=0.9506/0.9516 test77_live=0.8417/0.8360 test77_diag_ema=0.7986/0.7876 v13=0.0006 grl=0.0000 v15=0.0000 v15r=0.0000 v16=0.0000 v17=0.0000 v18=0.0000 das=stage3[12,95] p=1.00 ep_time=34.9s
[17:36:12] [save] best_sourcequalified77_ema ep=55 source_val_live=0.9630/0.9634 source_val_ema=0.9506/0.9516 test77_ema=0.7986/0.7876
[17:36:12] [train] epoch 56/100 steps=40 use_dann=0 das=stage3 f=[12.0,95.0] p=1.00 gpu=3.0/11.8GB
[17:36:13] [train] ep=56 step=001/40 ce=0.2582 sc=0.7287 mi=0.0559 dn=0.0000 v13=0.0005 grl=0.0000 v15=0.0000 v15r=0.0000 v16=0.0000 v17=0.0000 v18=0.0000 acc=1.0000 lr=1.33e-04 lambda=0.000 grl_lambda=0.000 v18_lambda=0.000 gpu=3.0/11.8GB
[17:36:18] [train] ep=56 step=010/40 ce=0.2701 sc=0.7534 mi=0.0590 dn=0.0000 v13=0.0005 grl=0.0000 v15=0.0000 v15r=0.0000 v16=0.0000 v17=0.0000 v18=0.0000 acc=1.0000 lr=1.32e-04 lambda=0.000 grl_lambda=0.000 v18_lambda=0.000 gpu=3.0/11.8GB
[17:36:24] [train] ep=56 step=020/40 ce=0.3198 sc=0.7818 mi=0.0569 dn=0.0000 v13=0.0006 grl=0.0000 v15=0.0000 v15r=0.0000 v16=0.0000 v17=0.0000 v18=0.0000 acc=0.9938 lr=1.31e-04 lambda=0.000 grl_lambda=0.000 v18_lambda=0.000 gpu=3.0/11.8GB
[17:36:30] [train] ep=56 step=030/40 ce=0.3024 sc=0.7543 mi=0.0572 dn=0.0000 v13=0.0006 grl=0.0000 v15=0.0000 v15r=0.0000 v16=0.0000 v17=0.0000 v18=0.0000 acc=0.9958 lr=1.30e-04 lambda=0.000 grl_lambda=0.000 v18_lambda=0.000 gpu=3.0/11.8GB
[17:36:36] [train] ep=56 step=040/40 ce=0.3144 sc=0.7852 mi=0.0566 dn=0.0000 v13=0.0005 grl=0.0000 v15=0.0000 v15r=0.0000 v16=0.0000 v17=0.0000 v18=0.0000 acc=0.9953 lr=1.28e-04 lambda=0.000 grl_lambda=0.000 v18_lambda=0.000 gpu=3.0/11.8GB
[17:36:46] [ep_summary] ep=56/100 val_live=0.9691/0.9693 val_ema=0.9506/0.9516 test77_live=0.8237/0.8171 test77_diag_ema=0.8094/0.7977 v13=0.0005 grl=0.0000 v15=0.0000 v15r=0.0000 v16=0.0000 v17=0.0000 v18=0.0000 das=stage3[12,95] p=1.00 ep_time=33.9s
[17:36:46] [save] best_sourcequalified77_ema ep=56 source_val_live=0.9691/0.9693 source_val_ema=0.9506/0.9516 test77_ema=0.8094/0.7977
[17:36:46] [train] epoch 57/100 steps=40 use_dann=0 das=stage3 f=[12.0,95.0] p=1.00 gpu=3.0/11.8GB
[17:36:46] [train] ep=57 step=001/40 ce=0.2625 sc=0.8745 mi=0.0488 dn=0.0000 v13=0.0004 grl=0.0000 v15=0.0000 v15r=0.0000 v16=0.0000 v17=0.0000 v18=0.0000 acc=1.0000 lr=1.28e-04 lambda=0.000 grl_lambda=0.000 v18_lambda=0.000 gpu=3.0/11.8GB
[17:36:52] [train] ep=57 step=010/40 ce=0.2618 sc=0.8216 mi=0.0538 dn=0.0000 v13=0.0005 grl=0.0000 v15=0.0000 v15r=0.0000 v16=0.0000 v17=0.0000 v18=0.0000 acc=1.0000 lr=1.27e-04 lambda=0.000 grl_lambda=0.000 v18_lambda=0.000 gpu=3.0/11.8GB
[17:36:57] [train] ep=57 step=020/40 ce=0.2614 sc=0.8178 mi=0.0543 dn=0.0000 v13=0.0005 grl=0.0000 v15=0.0000 v15r=0.0000 v16=0.0000 v17=0.0000 v18=0.0000 acc=1.0000 lr=1.26e-04 lambda=0.000 grl_lambda=0.000 v18_lambda=0.000 gpu=3.0/11.8GB
[17:37:03] [train] ep=57 step=030/40 ce=0.3036 sc=0.7761 mi=0.0557 dn=0.0000 v13=0.0006 grl=0.0000 v15=0.0000 v15r=0.0000 v16=0.0000 v17=0.0000 v18=0.0000 acc=0.9979 lr=1.25e-04 lambda=0.000 grl_lambda=0.000 v18_lambda=0.000 gpu=3.0/11.8GB
[17:37:09] [train] ep=57 step=040/40 ce=0.3025 sc=0.7619 mi=0.0559 dn=0.0000 v13=0.0005 grl=0.0000 v15=0.0000 v15r=0.0000 v16=0.0000 v17=0.0000 v18=0.0000 acc=0.9984 lr=1.24e-04 lambda=0.000 grl_lambda=0.000 v18_lambda=0.000 gpu=3.0/11.8GB
[17:37:54] [ep_summary] ep=57/100 val_live=0.9630/0.9630 val_ema=0.9444/0.9458 test77_live=0.8381/0.8300 test77_diag_ema=0.8094/0.7996 v13=0.0005 grl=0.0000 v15=0.0000 v15r=0.0000 v16=0.0000 v17=0.0000 v18=0.0000 das=stage3[12,95] p=1.00 ep_time=68.3s
[17:37:56] [save] best_sourcequalified77_ema ep=57 source_val_live=0.9630/0.9630 source_val_ema=0.9444/0.9458 test77_ema=0.8094/0.7996
[17:37:56] [train] epoch 58/100 steps=40 use_dann=0 das=stage3 f=[12.0,95.0] p=1.00 gpu=3.0/11.8GB
[17:37:57] [train] ep=58 step=001/40 ce=0.2580 sc=0.5972 mi=0.0509 dn=0.0000 v13=0.0005 grl=0.0000 v15=0.0000 v15r=0.0000 v16=0.0000 v17=0.0000 v18=0.0000 acc=1.0000 lr=1.23e-04 lambda=0.000 grl_lambda=0.000 v18_lambda=0.000 gpu=3.0/11.8GB
[17:38:02] [train] ep=58 step=010/40 ce=0.2853 sc=0.8106 mi=0.0533 dn=0.0000 v13=0.0005 grl=0.0000 v15=0.0000 v15r=0.0000 v16=0.0000 v17=0.0000 v18=0.0000 acc=1.0000 lr=1.22e-04 lambda=0.000 grl_lambda=0.000 v18_lambda=0.000 gpu=3.0/11.8GB
[17:38:08] [train] ep=58 step=020/40 ce=0.2839 sc=0.7930 mi=0.0546 dn=0.0000 v13=0.0006 grl=0.0000 v15=0.0000 v15r=0.0000 v16=0.0000 v17=0.0000 v18=0.0000 acc=1.0000 lr=1.21e-04 lambda=0.000 grl_lambda=0.000 v18_lambda=0.000 gpu=3.0/11.8GB
[17:38:14] [train] ep=58 step=030/40 ce=0.2958 sc=0.7940 mi=0.0557 dn=0.0000 v13=0.0006 grl=0.0000 v15=0.0000 v15r=0.0000 v16=0.0000 v17=0.0000 v18=0.0000 acc=0.9979 lr=1.20e-04 lambda=0.000 grl_lambda=0.000 v18_lambda=0.000 gpu=3.0/11.8GB
[17:38:19] [train] ep=58 step=040/40 ce=0.3085 sc=0.7921 mi=0.0566 dn=0.0000 v13=0.0006 grl=0.0000 v15=0.0000 v15r=0.0000 v16=0.0000 v17=0.0000 v18=0.0000 acc=0.9969 lr=1.19e-04 lambda=0.000 grl_lambda=0.000 v18_lambda=0.000 gpu=3.0/11.8GB
[17:38:41] [ep_summary] ep=58/100 val_live=0.9630/0.9635 val_ema=0.9444/0.9458 test77_live=0.8597/0.8572 test77_diag_ema=0.8094/0.8009 v13=0.0006 grl=0.0000 v15=0.0000 v15r=0.0000 v16=0.0000 v17=0.0000 v18=0.0000 das=stage3[12,95] p=1.00 ep_time=44.4s
[17:38:45] [save] best_sourcequalified77_ema ep=58 source_val_live=0.9630/0.9635 source_val_ema=0.9444/0.9458 test77_ema=0.8094/0.8009
[17:38:45] [train] epoch 59/100 steps=40 use_dann=0 das=stage3 f=[12.0,95.0] p=1.00 gpu=3.0/11.8GB
[17:38:45] [train] ep=59 step=001/40 ce=0.2579 sc=1.3119 mi=0.0505 dn=0.0000 v13=0.0009 grl=0.0000 v15=0.0000 v15r=0.0000 v16=0.0000 v17=0.0000 v18=0.0000 acc=1.0000 lr=1.19e-04 lambda=0.000 grl_lambda=0.000 v18_lambda=0.000 gpu=3.0/11.8GB
[17:38:51] [train] ep=59 step=010/40 ce=0.2583 sc=0.7544 mi=0.0528 dn=0.0000 v13=0.0007 grl=0.0000 v15=0.0000 v15r=0.0000 v16=0.0000 v17=0.0000 v18=0.0000 acc=1.0000 lr=1.18e-04 lambda=0.000 grl_lambda=0.000 v18_lambda=0.000 gpu=3.0/11.8GB
[17:38:56] [train] ep=59 step=020/40 ce=0.2702 sc=0.8023 mi=0.0544 dn=0.0000 v13=0.0007 grl=0.0000 v15=0.0000 v15r=0.0000 v16=0.0000 v17=0.0000 v18=0.0000 acc=1.0000 lr=1.16e-04 lambda=0.000 grl_lambda=0.000 v18_lambda=0.000 gpu=3.0/11.8GB
[17:39:02] [train] ep=59 step=030/40 ce=0.2888 sc=0.7970 mi=0.0555 dn=0.0000 v13=0.0007 grl=0.0000 v15=0.0000 v15r=0.0000 v16=0.0000 v17=0.0000 v18=0.0000 acc=0.9979 lr=1.15e-04 lambda=0.000 grl_lambda=0.000 v18_lambda=0.000 gpu=3.0/11.8GB
[17:39:08] [train] ep=59 step=040/40 ce=0.3055 sc=0.7677 mi=0.0564 dn=0.0000 v13=0.0007 grl=0.0000 v15=0.0000 v15r=0.0000 v16=0.0000 v17=0.0000 v18=0.0000 acc=0.9953 lr=1.14e-04 lambda=0.000 grl_lambda=0.000 v18_lambda=0.000 gpu=3.0/11.8GB
[17:39:36] [ep_summary] ep=59/100 val_live=0.9568/0.9573 val_ema=0.9444/0.9458 test77_live=0.8381/0.8362 test77_diag_ema=0.8165/0.8089 v13=0.0007 grl=0.0000 v15=0.0000 v15r=0.0000 v16=0.0000 v17=0.0000 v18=0.0000 das=stage3[12,95] p=1.00 ep_time=50.8s
[17:39:36] [save] best_sourcequalified77_ema ep=59 source_val_live=0.9568/0.9573 source_val_ema=0.9444/0.9458 test77_ema=0.8165/0.8089
[17:39:36] [train] epoch 60/100 steps=40 use_dann=0 das=stage3 f=[12.0,95.0] p=1.00 gpu=3.0/11.8GB
[17:39:37] [train] ep=60 step=001/40 ce=0.2619 sc=0.6319 mi=0.0628 dn=0.0000 v13=0.0010 grl=0.0000 v15=0.0000 v15r=0.0000 v16=0.0000 v17=0.0000 v18=0.0000 acc=1.0000 lr=1.14e-04 lambda=0.000 grl_lambda=0.000 v18_lambda=0.000 gpu=3.0/11.8GB
[17:39:42] [train] ep=60 step=010/40 ce=0.2872 sc=0.7053 mi=0.0551 dn=0.0000 v13=0.0007 grl=0.0000 v15=0.0000 v15r=0.0000 v16=0.0000 v17=0.0000 v18=0.0000 acc=1.0000 lr=1.13e-04 lambda=0.000 grl_lambda=0.000 v18_lambda=0.000 gpu=3.0/11.8GB
[17:39:48] [train] ep=60 step=020/40 ce=0.2733 sc=0.7293 mi=0.0548 dn=0.0000 v13=0.0007 grl=0.0000 v15=0.0000 v15r=0.0000 v16=0.0000 v17=0.0000 v18=0.0000 acc=1.0000 lr=1.12e-04 lambda=0.000 grl_lambda=0.000 v18_lambda=0.000 gpu=3.0/11.8GB
[17:39:53] [train] ep=60 step=030/40 ce=0.2763 sc=0.7173 mi=0.0551 dn=0.0000 v13=0.0007 grl=0.0000 v15=0.0000 v15r=0.0000 v16=0.0000 v17=0.0000 v18=0.0000 acc=1.0000 lr=1.11e-04 lambda=0.000 grl_lambda=0.000 v18_lambda=0.000 gpu=3.0/11.8GB
[17:39:59] [train] ep=60 step=040/40 ce=0.2723 sc=0.7246 mi=0.0549 dn=0.0000 v13=0.0006 grl=0.0000 v15=0.0000 v15r=0.0000 v16=0.0000 v17=0.0000 v18=0.0000 acc=1.0000 lr=1.09e-04 lambda=0.000 grl_lambda=0.000 v18_lambda=0.000 gpu=3.0/11.8GB
[17:40:09] [pool] check ep=060/100 source_val_acc_ema=0.9444 threshold=0.90
[17:40:14] [pool] ep=060 ADDED src_val=0.9444/0.9458 dev77=0.7643/0.7586 final77=0.8237/0.8183
[17:40:14] [pool] running best ep=060 dev77_f1=0.7586 final77_f1=0.8183 (pool_size=3)
[17:40:14] [ep_summary] ep=60/100 val_live=0.9568/0.9574 val_ema=0.9444/0.9458 test77_live=0.8309/0.8228 test77_diag_ema=0.8237/0.8183 v13=0.0006 grl=0.0000 v15=0.0000 v15r=0.0000 v16=0.0000 v17=0.0000 v18=0.0000 das=stage3[12,95] p=1.00 ep_time=38.3s
[17:40:14] [save] best_sourcequalified77_ema ep=60 source_val_live=0.9568/0.9574 source_val_ema=0.9444/0.9458 test77_ema=0.8237/0.8183
[17:40:14] [strict77_monitor] ep=60 best_source_epoch=53 source_val_ema=0.9506/0.9516 test77_ema_diag=0.7878/0.7742 sourcequalified_count=30 best_sourcequalified77_epoch=60 source_val_ema=0.9444/0.9458 test77_ema=0.8237/0.8183
[17:40:14] [train] epoch 61/100 steps=40 use_dann=0 das=stage3 f=[12.0,95.0] p=1.00 gpu=3.0/11.8GB
[17:40:15] [train] ep=61 step=001/40 ce=0.2599 sc=0.8445 mi=0.0568 dn=0.0000 v13=0.0006 grl=0.0000 v15=0.0000 v15r=0.0000 v16=0.0000 v17=0.0000 v18=0.0000 acc=1.0000 lr=1.09e-04 lambda=0.000 grl_lambda=0.000 v18_lambda=0.000 gpu=3.0/11.8GB
[17:40:20] [train] ep=61 step=010/40 ce=0.2592 sc=0.8006 mi=0.0545 dn=0.0000 v13=0.0008 grl=0.0000 v15=0.0000 v15r=0.0000 v16=0.0000 v17=0.0000 v18=0.0000 acc=1.0000 lr=1.08e-04 lambda=0.000 grl_lambda=0.000 v18_lambda=0.000 gpu=3.0/11.8GB
[17:40:26] [train] ep=61 step=020/40 ce=0.2601 sc=0.8067 mi=0.0559 dn=0.0000 v13=0.0007 grl=0.0000 v15=0.0000 v15r=0.0000 v16=0.0000 v17=0.0000 v18=0.0000 acc=1.0000 lr=1.07e-04 lambda=0.000 grl_lambda=0.000 v18_lambda=0.000 gpu=3.0/11.8GB
[17:40:32] [train] ep=61 step=030/40 ce=0.2686 sc=0.7828 mi=0.0554 dn=0.0000 v13=0.0007 grl=0.0000 v15=0.0000 v15r=0.0000 v16=0.0000 v17=0.0000 v18=0.0000 acc=1.0000 lr=1.06e-04 lambda=0.000 grl_lambda=0.000 v18_lambda=0.000 gpu=3.0/11.8GB
[17:40:37] [train] ep=61 step=040/40 ce=0.2665 sc=0.7498 mi=0.0555 dn=0.0000 v13=0.0007 grl=0.0000 v15=0.0000 v15r=0.0000 v16=0.0000 v17=0.0000 v18=0.0000 acc=1.0000 lr=1.05e-04 lambda=0.000 grl_lambda=0.000 v18_lambda=0.000 gpu=3.0/11.8GB
[17:40:48] [ep_summary] ep=61/100 val_live=0.9506/0.9520 val_ema=0.9444/0.9458 test77_live=0.8345/0.8317 test77_diag_ema=0.8273/0.8238 v13=0.0007 grl=0.0000 v15=0.0000 v15r=0.0000 v16=0.0000 v17=0.0000 v18=0.0000 das=stage3[12,95] p=1.00 ep_time=33.3s
[17:40:48] [save] best_sourcequalified77_ema ep=61 source_val_live=0.9506/0.9520 source_val_ema=0.9444/0.9458 test77_ema=0.8273/0.8238
[17:40:48] [train] epoch 62/100 steps=40 use_dann=0 das=stage3 f=[12.0,95.0] p=1.00 gpu=3.0/11.8GB
[17:40:48] [train] ep=62 step=001/40 ce=0.2576 sc=0.9594 mi=0.0485 dn=0.0000 v13=0.0006 grl=0.0000 v15=0.0000 v15r=0.0000 v16=0.0000 v17=0.0000 v18=0.0000 acc=1.0000 lr=1.05e-04 lambda=0.000 grl_lambda=0.000 v18_lambda=0.000 gpu=3.0/11.8GB
[17:40:53] [train] ep=62 step=010/40 ce=0.2641 sc=0.7359 mi=0.0569 dn=0.0000 v13=0.0006 grl=0.0000 v15=0.0000 v15r=0.0000 v16=0.0000 v17=0.0000 v18=0.0000 acc=1.0000 lr=1.04e-04 lambda=0.000 grl_lambda=0.000 v18_lambda=0.000 gpu=3.0/11.8GB
[17:41:00] [train] ep=62 step=020/40 ce=0.2659 sc=0.7873 mi=0.0561 dn=0.0000 v13=0.0006 grl=0.0000 v15=0.0000 v15r=0.0000 v16=0.0000 v17=0.0000 v18=0.0000 acc=1.0000 lr=1.02e-04 lambda=0.000 grl_lambda=0.000 v18_lambda=0.000 gpu=3.0/11.8GB
[17:41:05] [train] ep=62 step=030/40 ce=0.2636 sc=0.7559 mi=0.0565 dn=0.0000 v13=0.0006 grl=0.0000 v15=0.0000 v15r=0.0000 v16=0.0000 v17=0.0000 v18=0.0000 acc=1.0000 lr=1.01e-04 lambda=0.000 grl_lambda=0.000 v18_lambda=0.000 gpu=3.0/11.8GB
[17:41:11] [train] ep=62 step=040/40 ce=0.2651 sc=0.7397 mi=0.0568 dn=0.0000 v13=0.0006 grl=0.0000 v15=0.0000 v15r=0.0000 v16=0.0000 v17=0.0000 v18=0.0000 acc=1.0000 lr=1.00e-04 lambda=0.000 grl_lambda=0.000 v18_lambda=0.000 gpu=3.0/11.8GB
[17:41:21] [ep_summary] ep=62/100 val_live=0.9568/0.9578 val_ema=0.9444/0.9458 test77_live=0.8309/0.8256 test77_diag_ema=0.8237/0.8202 v13=0.0006 grl=0.0000 v15=0.0000 v15r=0.0000 v16=0.0000 v17=0.0000 v18=0.0000 das=stage3[12,95] p=1.00 ep_time=33.8s
[17:41:21] [train] epoch 63/100 steps=40 use_dann=0 das=stage3 f=[12.0,95.0] p=1.00 gpu=3.0/11.8GB
[17:41:23] [train] ep=63 step=001/40 ce=0.2585 sc=0.5657 mi=0.0570 dn=0.0000 v13=0.0004 grl=0.0000 v15=0.0000 v15r=0.0000 v16=0.0000 v17=0.0000 v18=0.0000 acc=1.0000 lr=1.00e-04 lambda=0.000 grl_lambda=0.000 v18_lambda=0.000 gpu=3.0/11.8GB
[17:41:28] [train] ep=63 step=010/40 ce=0.3844 sc=0.8308 mi=0.0552 dn=0.0000 v13=0.0006 grl=0.0000 v15=0.0000 v15r=0.0000 v16=0.0000 v17=0.0000 v18=0.0000 acc=0.9938 lr=9.89e-05 lambda=0.000 grl_lambda=0.000 v18_lambda=0.000 gpu=3.0/11.8GB
[17:41:34] [train] ep=63 step=020/40 ce=0.3302 sc=0.7943 mi=0.0549 dn=0.0000 v13=0.0006 grl=0.0000 v15=0.0000 v15r=0.0000 v16=0.0000 v17=0.0000 v18=0.0000 acc=0.9969 lr=9.78e-05 lambda=0.000 grl_lambda=0.000 v18_lambda=0.000 gpu=3.0/11.8GB
[17:41:40] [train] ep=63 step=030/40 ce=0.3177 sc=0.7834 mi=0.0546 dn=0.0000 v13=0.0006 grl=0.0000 v15=0.0000 v15r=0.0000 v16=0.0000 v17=0.0000 v18=0.0000 acc=0.9979 lr=9.67e-05 lambda=0.000 grl_lambda=0.000 v18_lambda=0.000 gpu=3.0/11.8GB
[17:41:45] [train] ep=63 step=040/40 ce=0.3067 sc=0.7947 mi=0.0540 dn=0.0000 v13=0.0006 grl=0.0000 v15=0.0000 v15r=0.0000 v16=0.0000 v17=0.0000 v18=0.0000 acc=0.9984 lr=9.55e-05 lambda=0.000 grl_lambda=0.000 v18_lambda=0.000 gpu=3.0/11.8GB
[17:41:56] [ep_summary] ep=63/100 val_live=0.9506/0.9520 val_ema=0.9444/0.9458 test77_live=0.8417/0.8402 test77_diag_ema=0.8273/0.8238 v13=0.0006 grl=0.0000 v15=0.0000 v15r=0.0000 v16=0.0000 v17=0.0000 v18=0.0000 das=stage3[12,95] p=1.00 ep_time=34.2s
[17:41:56] [save] best_sourcequalified77_ema ep=63 source_val_live=0.9506/0.9520 source_val_ema=0.9444/0.9458 test77_ema=0.8273/0.8238
[17:41:56] [train] epoch 64/100 steps=40 use_dann=0 das=stage3 f=[12.0,95.0] p=1.00 gpu=3.0/11.8GB
[17:41:56] [train] ep=64 step=001/40 ce=1.3446 sc=1.7501 mi=0.0637 dn=0.0000 v13=0.0005 grl=0.0000 v15=0.0000 v15r=0.0000 v16=0.0000 v17=0.0000 v18=0.0000 acc=0.9375 lr=9.54e-05 lambda=0.000 grl_lambda=0.000 v18_lambda=0.000 gpu=3.0/11.8GB
[17:42:01] [train] ep=64 step=010/40 ce=0.4127 sc=0.8447 mi=0.0549 dn=0.0000 v13=0.0007 grl=0.0000 v15=0.0000 v15r=0.0000 v16=0.0000 v17=0.0000 v18=0.0000 acc=0.9875 lr=9.44e-05 lambda=0.000 grl_lambda=0.000 v18_lambda=0.000 gpu=3.0/11.8GB
[17:42:07] [train] ep=64 step=020/40 ce=0.3355 sc=0.7861 mi=0.0548 dn=0.0000 v13=0.0007 grl=0.0000 v15=0.0000 v15r=0.0000 v16=0.0000 v17=0.0000 v18=0.0000 acc=0.9938 lr=9.33e-05 lambda=0.000 grl_lambda=0.000 v18_lambda=0.000 gpu=3.0/11.8GB
[17:42:13] [train] ep=64 step=030/40 ce=0.3103 sc=0.7494 mi=0.0548 dn=0.0000 v13=0.0006 grl=0.0000 v15=0.0000 v15r=0.0000 v16=0.0000 v17=0.0000 v18=0.0000 acc=0.9958 lr=9.21e-05 lambda=0.000 grl_lambda=0.000 v18_lambda=0.000 gpu=3.0/11.8GB
[17:42:19] [train] ep=64 step=040/40 ce=0.3175 sc=0.7586 mi=0.0552 dn=0.0000 v13=0.0006 grl=0.0000 v15=0.0000 v15r=0.0000 v16=0.0000 v17=0.0000 v18=0.0000 acc=0.9953 lr=9.10e-05 lambda=0.000 grl_lambda=0.000 v18_lambda=0.000 gpu=3.0/11.8GB
[17:42:29] [ep_summary] ep=64/100 val_live=0.9691/0.9694 val_ema=0.9444/0.9458 test77_live=0.8094/0.8041 test77_diag_ema=0.8309/0.8283 v13=0.0006 grl=0.0000 v15=0.0000 v15r=0.0000 v16=0.0000 v17=0.0000 v18=0.0000 das=stage3[12,95] p=1.00 ep_time=33.4s
[17:42:29] [save] best_sourcequalified77_ema ep=64 source_val_live=0.9691/0.9694 source_val_ema=0.9444/0.9458 test77_ema=0.8309/0.8283
[17:42:29] [train] epoch 65/100 steps=40 use_dann=0 das=stage3 f=[12.0,95.0] p=1.00 gpu=3.0/11.8GB
[17:42:30] [train] ep=65 step=001/40 ce=0.3361 sc=0.6559 mi=0.0524 dn=0.0000 v13=0.0003 grl=0.0000 v15=0.0000 v15r=0.0000 v16=0.0000 v17=0.0000 v18=0.0000 acc=1.0000 lr=9.09e-05 lambda=0.000 grl_lambda=0.000 v18_lambda=0.000 gpu=3.0/11.8GB
[17:42:35] [train] ep=65 step=010/40 ce=0.2712 sc=0.9358 mi=0.0547 dn=0.0000 v13=0.0006 grl=0.0000 v15=0.0000 v15r=0.0000 v16=0.0000 v17=0.0000 v18=0.0000 acc=1.0000 lr=8.99e-05 lambda=0.000 grl_lambda=0.000 v18_lambda=0.000 gpu=3.0/11.8GB
[17:42:41] [train] ep=65 step=020/40 ce=0.3004 sc=0.8436 mi=0.0562 dn=0.0000 v13=0.0005 grl=0.0000 v15=0.0000 v15r=0.0000 v16=0.0000 v17=0.0000 v18=0.0000 acc=0.9969 lr=8.88e-05 lambda=0.000 grl_lambda=0.000 v18_lambda=0.000 gpu=3.0/11.8GB
[17:42:46] [train] ep=65 step=030/40 ce=0.2921 sc=0.7887 mi=0.0558 dn=0.0000 v13=0.0006 grl=0.0000 v15=0.0000 v15r=0.0000 v16=0.0000 v17=0.0000 v18=0.0000 acc=0.9979 lr=8.77e-05 lambda=0.000 grl_lambda=0.000 v18_lambda=0.000 gpu=3.0/11.8GB
[17:42:52] [train] ep=65 step=040/40 ce=0.2841 sc=0.7721 mi=0.0554 dn=0.0000 v13=0.0006 grl=0.0000 v15=0.0000 v15r=0.0000 v16=0.0000 v17=0.0000 v18=0.0000 acc=0.9984 lr=8.66e-05 lambda=0.000 grl_lambda=0.000 v18_lambda=0.000 gpu=3.0/11.8GB
[17:43:02] [ep_summary] ep=65/100 val_live=0.9630/0.9628 val_ema=0.9444/0.9458 test77_live=0.8309/0.8233 test77_diag_ema=0.8345/0.8315 v13=0.0006 grl=0.0000 v15=0.0000 v15r=0.0000 v16=0.0000 v17=0.0000 v18=0.0000 das=stage3[12,95] p=1.00 ep_time=33.4s
[17:43:02] [save] best_sourcequalified77_ema ep=65 source_val_live=0.9630/0.9628 source_val_ema=0.9444/0.9458 test77_ema=0.8345/0.8315
[17:43:02] [train] epoch 66/100 steps=40 use_dann=0 das=stage3 f=[12.0,95.0] p=1.00 gpu=3.0/11.8GB
[17:43:03] [train] ep=66 step=001/40 ce=0.5367 sc=0.9986 mi=0.0592 dn=0.0000 v13=0.0004 grl=0.0000 v15=0.0000 v15r=0.0000 v16=0.0000 v17=0.0000 v18=0.0000 acc=1.0000 lr=8.65e-05 lambda=0.000 grl_lambda=0.000 v18_lambda=0.000 gpu=3.0/11.8GB
[17:43:08] [train] ep=66 step=010/40 ce=0.3429 sc=0.9437 mi=0.0591 dn=0.0000 v13=0.0007 grl=0.0000 v15=0.0000 v15r=0.0000 v16=0.0000 v17=0.0000 v18=0.0000 acc=0.9938 lr=8.55e-05 lambda=0.000 grl_lambda=0.000 v18_lambda=0.000 gpu=3.0/11.8GB
[17:43:14] [train] ep=66 step=020/40 ce=0.3016 sc=0.9197 mi=0.0571 dn=0.0000 v13=0.0007 grl=0.0000 v15=0.0000 v15r=0.0000 v16=0.0000 v17=0.0000 v18=0.0000 acc=0.9969 lr=8.44e-05 lambda=0.000 grl_lambda=0.000 v18_lambda=0.000 gpu=3.0/11.8GB
[17:43:20] [train] ep=66 step=030/40 ce=0.2870 sc=0.8359 mi=0.0562 dn=0.0000 v13=0.0007 grl=0.0000 v15=0.0000 v15r=0.0000 v16=0.0000 v17=0.0000 v18=0.0000 acc=0.9979 lr=8.33e-05 lambda=0.000 grl_lambda=0.000 v18_lambda=0.000 gpu=3.0/11.8GB
[17:43:26] [train] ep=66 step=040/40 ce=0.2799 sc=0.8189 mi=0.0557 dn=0.0000 v13=0.0006 grl=0.0000 v15=0.0000 v15r=0.0000 v16=0.0000 v17=0.0000 v18=0.0000 acc=0.9984 lr=8.22e-05 lambda=0.000 grl_lambda=0.000 v18_lambda=0.000 gpu=3.0/11.8GB
[17:43:36] [ep_summary] ep=66/100 val_live=0.9630/0.9631 val_ema=0.9444/0.9458 test77_live=0.8345/0.8250 test77_diag_ema=0.8453/0.8442 v13=0.0006 grl=0.0000 v15=0.0000 v15r=0.0000 v16=0.0000 v17=0.0000 v18=0.0000 das=stage3[12,95] p=1.00 ep_time=33.4s
[17:43:36] [save] best_sourcequalified77_ema ep=66 source_val_live=0.9630/0.9631 source_val_ema=0.9444/0.9458 test77_ema=0.8453/0.8442
[17:43:36] [train] epoch 67/100 steps=40 use_dann=0 das=stage3 f=[12.0,95.0] p=1.00 gpu=3.0/11.8GB
[17:43:37] [train] ep=67 step=001/40 ce=0.2597 sc=0.6127 mi=0.0617 dn=0.0000 v13=0.0007 grl=0.0000 v15=0.0000 v15r=0.0000 v16=0.0000 v17=0.0000 v18=0.0000 acc=1.0000 lr=8.21e-05 lambda=0.000 grl_lambda=0.000 v18_lambda=0.000 gpu=3.0/11.8GB
[17:43:42] [train] ep=67 step=010/40 ce=0.3544 sc=0.8149 mi=0.0564 dn=0.0000 v13=0.0006 grl=0.0000 v15=0.0000 v15r=0.0000 v16=0.0000 v17=0.0000 v18=0.0000 acc=0.9938 lr=8.11e-05 lambda=0.000 grl_lambda=0.000 v18_lambda=0.000 gpu=3.0/11.8GB
[17:43:48] [train] ep=67 step=020/40 ce=0.3081 sc=0.7098 mi=0.0561 dn=0.0000 v13=0.0006 grl=0.0000 v15=0.0000 v15r=0.0000 v16=0.0000 v17=0.0000 v18=0.0000 acc=0.9969 lr=8.01e-05 lambda=0.000 grl_lambda=0.000 v18_lambda=0.000 gpu=3.0/11.8GB
[17:43:53] [train] ep=67 step=030/40 ce=0.3022 sc=0.7070 mi=0.0570 dn=0.0000 v13=0.0006 grl=0.0000 v15=0.0000 v15r=0.0000 v16=0.0000 v17=0.0000 v18=0.0000 acc=0.9979 lr=7.90e-05 lambda=0.000 grl_lambda=0.000 v18_lambda=0.000 gpu=3.0/11.8GB
[17:43:59] [train] ep=67 step=040/40 ce=0.2991 sc=0.7204 mi=0.0566 dn=0.0000 v13=0.0006 grl=0.0000 v15=0.0000 v15r=0.0000 v16=0.0000 v17=0.0000 v18=0.0000 acc=0.9984 lr=7.79e-05 lambda=0.000 grl_lambda=0.000 v18_lambda=0.000 gpu=3.0/11.8GB
[17:44:09] [ep_summary] ep=67/100 val_live=0.9630/0.9631 val_ema=0.9568/0.9577 test77_live=0.8597/0.8505 test77_diag_ema=0.8489/0.8475 v13=0.0006 grl=0.0000 v15=0.0000 v15r=0.0000 v16=0.0000 v17=0.0000 v18=0.0000 das=stage3[12,95] p=1.00 ep_time=33.3s
[17:44:09] [save] best_sourceval_ema val_acc_ema=0.9568 source_val_live=0.9630/0.9631 source_val_ema=0.9568/0.9577 ep=67
[17:44:09] [save] best_sourcequalified77_ema ep=67 source_val_live=0.9630/0.9631 source_val_ema=0.9568/0.9577 test77_ema=0.8489/0.8475
[17:44:09] [train] epoch 68/100 steps=40 use_dann=0 das=stage3 f=[12.0,95.0] p=1.00 gpu=3.0/11.8GB
[17:44:10] [train] ep=68 step=001/40 ce=0.2574 sc=0.7331 mi=0.0561 dn=0.0000 v13=0.0003 grl=0.0000 v15=0.0000 v15r=0.0000 v16=0.0000 v17=0.0000 v18=0.0000 acc=1.0000 lr=7.78e-05 lambda=0.000 grl_lambda=0.000 v18_lambda=0.000 gpu=3.0/11.8GB
[17:44:15] [train] ep=68 step=010/40 ce=0.2972 sc=0.6910 mi=0.0577 dn=0.0000 v13=0.0006 grl=0.0000 v15=0.0000 v15r=0.0000 v16=0.0000 v17=0.0000 v18=0.0000 acc=0.9938 lr=7.69e-05 lambda=0.000 grl_lambda=0.000 v18_lambda=0.000 gpu=3.0/11.8GB
[17:44:21] [train] ep=68 step=020/40 ce=0.2960 sc=0.7809 mi=0.0564 dn=0.0000 v13=0.0005 grl=0.0000 v15=0.0000 v15r=0.0000 v16=0.0000 v17=0.0000 v18=0.0000 acc=0.9969 lr=7.58e-05 lambda=0.000 grl_lambda=0.000 v18_lambda=0.000 gpu=3.0/11.8GB
[17:44:27] [train] ep=68 step=030/40 ce=0.3057 sc=0.7857 mi=0.0574 dn=0.0000 v13=0.0006 grl=0.0000 v15=0.0000 v15r=0.0000 v16=0.0000 v17=0.0000 v18=0.0000 acc=0.9958 lr=7.48e-05 lambda=0.000 grl_lambda=0.000 v18_lambda=0.000 gpu=3.0/11.8GB
[17:44:33] [train] ep=68 step=040/40 ce=0.3008 sc=0.8068 mi=0.0571 dn=0.0000 v13=0.0006 grl=0.0000 v15=0.0000 v15r=0.0000 v16=0.0000 v17=0.0000 v18=0.0000 acc=0.9969 lr=7.37e-05 lambda=0.000 grl_lambda=0.000 v18_lambda=0.000 gpu=3.0/11.8GB
[17:45:06] [ep_summary] ep=68/100 val_live=0.9630/0.9631 val_ema=0.9568/0.9577 test77_live=0.8417/0.8338 test77_diag_ema=0.8525/0.8508 v13=0.0006 grl=0.0000 v15=0.0000 v15r=0.0000 v16=0.0000 v17=0.0000 v18=0.0000 das=stage3[12,95] p=1.00 ep_time=56.1s
[17:45:06] [save] best_sourcequalified77_ema ep=68 source_val_live=0.9630/0.9631 source_val_ema=0.9568/0.9577 test77_ema=0.8525/0.8508
[17:45:06] [train] epoch 69/100 steps=40 use_dann=0 das=stage3 f=[12.0,95.0] p=1.00 gpu=3.0/11.8GB
[17:45:06] [train] ep=69 step=001/40 ce=0.2588 sc=0.8417 mi=0.0534 dn=0.0000 v13=0.0004 grl=0.0000 v15=0.0000 v15r=0.0000 v16=0.0000 v17=0.0000 v18=0.0000 acc=1.0000 lr=7.36e-05 lambda=0.000 grl_lambda=0.000 v18_lambda=0.000 gpu=3.0/11.8GB
[17:45:11] [train] ep=69 step=010/40 ce=0.3555 sc=0.6628 mi=0.0542 dn=0.0000 v13=0.0006 grl=0.0000 v15=0.0000 v15r=0.0000 v16=0.0000 v17=0.0000 v18=0.0000 acc=0.9938 lr=7.27e-05 lambda=0.000 grl_lambda=0.000 v18_lambda=0.000 gpu=3.0/11.8GB
[17:45:17] [train] ep=69 step=020/40 ce=0.3089 sc=0.6736 mi=0.0541 dn=0.0000 v13=0.0006 grl=0.0000 v15=0.0000 v15r=0.0000 v16=0.0000 v17=0.0000 v18=0.0000 acc=0.9969 lr=7.16e-05 lambda=0.000 grl_lambda=0.000 v18_lambda=0.000 gpu=3.0/11.8GB
[17:45:23] [train] ep=69 step=030/40 ce=0.2924 sc=0.7251 mi=0.0552 dn=0.0000 v13=0.0006 grl=0.0000 v15=0.0000 v15r=0.0000 v16=0.0000 v17=0.0000 v18=0.0000 acc=0.9979 lr=7.06e-05 lambda=0.000 grl_lambda=0.000 v18_lambda=0.000 gpu=3.0/11.8GB
[17:45:29] [train] ep=69 step=040/40 ce=0.2896 sc=0.6878 mi=0.0552 dn=0.0000 v13=0.0006 grl=0.0000 v15=0.0000 v15r=0.0000 v16=0.0000 v17=0.0000 v18=0.0000 acc=0.9984 lr=6.96e-05 lambda=0.000 grl_lambda=0.000 v18_lambda=0.000 gpu=3.0/11.8GB
[17:45:39] [ep_summary] ep=69/100 val_live=0.9630/0.9631 val_ema=0.9630/0.9634 test77_live=0.8417/0.8341 test77_diag_ema=0.8597/0.8580 v13=0.0006 grl=0.0000 v15=0.0000 v15r=0.0000 v16=0.0000 v17=0.0000 v18=0.0000 das=stage3[12,95] p=1.00 ep_time=33.4s
[17:45:39] [save] best_sourceval_ema val_acc_ema=0.9630 source_val_live=0.9630/0.9631 source_val_ema=0.9630/0.9634 ep=69
[17:45:39] [save] best_sourcequalified77_ema ep=69 source_val_live=0.9630/0.9631 source_val_ema=0.9630/0.9634 test77_ema=0.8597/0.8580
[17:45:39] [train] epoch 70/100 steps=40 use_dann=0 das=stage3 f=[12.0,95.0] p=1.00 gpu=3.0/11.8GB
[17:45:40] [train] ep=70 step=001/40 ce=0.3490 sc=0.7876 mi=0.0616 dn=0.0000 v13=0.0008 grl=0.0000 v15=0.0000 v15r=0.0000 v16=0.0000 v17=0.0000 v18=0.0000 acc=1.0000 lr=6.95e-05 lambda=0.000 grl_lambda=0.000 v18_lambda=0.000 gpu=3.0/11.8GB
[17:45:45] [train] ep=70 step=010/40 ce=0.3805 sc=0.8937 mi=0.0558 dn=0.0000 v13=0.0006 grl=0.0000 v15=0.0000 v15r=0.0000 v16=0.0000 v17=0.0000 v18=0.0000 acc=0.9875 lr=6.85e-05 lambda=0.000 grl_lambda=0.000 v18_lambda=0.000 gpu=3.0/11.8GB
[17:45:51] [train] ep=70 step=020/40 ce=0.3567 sc=0.8989 mi=0.0542 dn=0.0000 v13=0.0006 grl=0.0000 v15=0.0000 v15r=0.0000 v16=0.0000 v17=0.0000 v18=0.0000 acc=0.9906 lr=6.75e-05 lambda=0.000 grl_lambda=0.000 v18_lambda=0.000 gpu=3.0/11.8GB
[17:45:56] [train] ep=70 step=030/40 ce=0.3568 sc=0.8792 mi=0.0548 dn=0.0000 v13=0.0006 grl=0.0000 v15=0.0000 v15r=0.0000 v16=0.0000 v17=0.0000 v18=0.0000 acc=0.9917 lr=6.65e-05 lambda=0.000 grl_lambda=0.000 v18_lambda=0.000 gpu=3.0/11.8GB
[17:46:02] [train] ep=70 step=040/40 ce=0.3571 sc=0.8455 mi=0.0550 dn=0.0000 v13=0.0006 grl=0.0000 v15=0.0000 v15r=0.0000 v16=0.0000 v17=0.0000 v18=0.0000 acc=0.9922 lr=6.55e-05 lambda=0.000 grl_lambda=0.000 v18_lambda=0.000 gpu=3.0/11.8GB
[17:46:12] [pool] check ep=070/100 source_val_acc_ema=0.9630 threshold=0.90
[17:46:17] [pool] ep=070 ADDED src_val=0.9630/0.9634 dev77=0.8071/0.8046 final77=0.8561/0.8545
[17:46:17] [pool] running best ep=070 dev77_f1=0.8046 final77_f1=0.8545 (pool_size=4)
[17:46:17] [ep_summary] ep=70/100 val_live=0.9630/0.9631 val_ema=0.9630/0.9634 test77_live=0.8273/0.8191 test77_diag_ema=0.8561/0.8545 v13=0.0006 grl=0.0000 v15=0.0000 v15r=0.0000 v16=0.0000 v17=0.0000 v18=0.0000 das=stage3[12,95] p=1.00 ep_time=38.2s
[17:46:17] [strict77_monitor] ep=70 best_source_epoch=69 source_val_ema=0.9630/0.9634 test77_ema_diag=0.8597/0.8580 sourcequalified_count=40 best_sourcequalified77_epoch=69 source_val_ema=0.9630/0.9634 test77_ema=0.8597/0.8580
[17:46:17] [train] epoch 71/100 steps=40 use_dann=0 das=stage3 f=[12.0,95.0] p=1.00 gpu=3.0/11.8GB
[17:46:18] [train] ep=71 step=001/40 ce=0.2733 sc=0.9847 mi=0.0524 dn=0.0000 v13=0.0008 grl=0.0000 v15=0.0000 v15r=0.0000 v16=0.0000 v17=0.0000 v18=0.0000 acc=1.0000 lr=6.54e-05 lambda=0.000 grl_lambda=0.000 v18_lambda=0.000 gpu=3.0/11.8GB
[17:46:23] [train] ep=71 step=010/40 ce=0.3190 sc=0.6755 mi=0.0558 dn=0.0000 v13=0.0005 grl=0.0000 v15=0.0000 v15r=0.0000 v16=0.0000 v17=0.0000 v18=0.0000 acc=1.0000 lr=6.45e-05 lambda=0.000 grl_lambda=0.000 v18_lambda=0.000 gpu=3.0/11.8GB
[17:46:29] [train] ep=71 step=020/40 ce=0.3329 sc=0.7659 mi=0.0551 dn=0.0000 v13=0.0006 grl=0.0000 v15=0.0000 v15r=0.0000 v16=0.0000 v17=0.0000 v18=0.0000 acc=0.9938 lr=6.35e-05 lambda=0.000 grl_lambda=0.000 v18_lambda=0.000 gpu=3.0/11.8GB
[17:46:35] [train] ep=71 step=030/40 ce=0.3111 sc=0.7782 mi=0.0552 dn=0.0000 v13=0.0006 grl=0.0000 v15=0.0000 v15r=0.0000 v16=0.0000 v17=0.0000 v18=0.0000 acc=0.9958 lr=6.25e-05 lambda=0.000 grl_lambda=0.000 v18_lambda=0.000 gpu=3.0/11.8GB
[17:46:40] [train] ep=71 step=040/40 ce=0.3189 sc=0.7629 mi=0.0557 dn=0.0000 v13=0.0006 grl=0.0000 v15=0.0000 v15r=0.0000 v16=0.0000 v17=0.0000 v18=0.0000 acc=0.9953 lr=6.15e-05 lambda=0.000 grl_lambda=0.000 v18_lambda=0.000 gpu=3.0/11.8GB
[17:46:51] [ep_summary] ep=71/100 val_live=0.9630/0.9626 val_ema=0.9630/0.9634 test77_live=0.8417/0.8355 test77_diag_ema=0.8561/0.8545 v13=0.0006 grl=0.0000 v15=0.0000 v15r=0.0000 v16=0.0000 v17=0.0000 v18=0.0000 das=stage3[12,95] p=1.00 ep_time=33.4s
[17:46:51] [train] epoch 72/100 steps=40 use_dann=0 das=stage3 f=[12.0,95.0] p=1.00 gpu=3.0/11.8GB
[17:46:51] [train] ep=72 step=001/40 ce=0.2591 sc=0.7299 mi=0.0524 dn=0.0000 v13=0.0007 grl=0.0000 v15=0.0000 v15r=0.0000 v16=0.0000 v17=0.0000 v18=0.0000 acc=1.0000 lr=6.14e-05 lambda=0.000 grl_lambda=0.000 v18_lambda=0.000 gpu=3.0/11.8GB
[17:46:56] [train] ep=72 step=010/40 ce=0.3128 sc=0.8961 mi=0.0587 dn=0.0000 v13=0.0006 grl=0.0000 v15=0.0000 v15r=0.0000 v16=0.0000 v17=0.0000 v18=0.0000 acc=0.9938 lr=6.06e-05 lambda=0.000 grl_lambda=0.000 v18_lambda=0.000 gpu=3.0/11.8GB
[17:47:02] [train] ep=72 step=020/40 ce=0.2872 sc=0.8116 mi=0.0567 dn=0.0000 v13=0.0006 grl=0.0000 v15=0.0000 v15r=0.0000 v16=0.0000 v17=0.0000 v18=0.0000 acc=0.9969 lr=5.96e-05 lambda=0.000 grl_lambda=0.000 v18_lambda=0.000 gpu=3.0/11.8GB
[17:47:08] [train] ep=72 step=030/40 ce=0.2802 sc=0.7892 mi=0.0568 dn=0.0000 v13=0.0005 grl=0.0000 v15=0.0000 v15r=0.0000 v16=0.0000 v17=0.0000 v18=0.0000 acc=0.9979 lr=5.86e-05 lambda=0.000 grl_lambda=0.000 v18_lambda=0.000 gpu=3.0/11.8GB
[17:47:14] [train] ep=72 step=040/40 ce=0.2862 sc=0.7587 mi=0.0559 dn=0.0000 v13=0.0005 grl=0.0000 v15=0.0000 v15r=0.0000 v16=0.0000 v17=0.0000 v18=0.0000 acc=0.9969 lr=5.77e-05 lambda=0.000 grl_lambda=0.000 v18_lambda=0.000 gpu=3.0/11.8GB
[17:47:44] [ep_summary] ep=72/100 val_live=0.9630/0.9631 val_ema=0.9630/0.9634 test77_live=0.8381/0.8296 test77_diag_ema=0.8669/0.8646 v13=0.0005 grl=0.0000 v15=0.0000 v15r=0.0000 v16=0.0000 v17=0.0000 v18=0.0000 das=stage3[12,95] p=1.00 ep_time=53.9s
[17:47:45] [save] best_sourcequalified77_ema ep=72 source_val_live=0.9630/0.9631 source_val_ema=0.9630/0.9634 test77_ema=0.8669/0.8646
[17:47:45] [train] epoch 73/100 steps=40 use_dann=0 das=stage3 f=[12.0,95.0] p=1.00 gpu=3.0/11.8GB
[17:47:46] [train] ep=73 step=001/40 ce=0.2589 sc=0.6133 mi=0.0518 dn=0.0000 v13=0.0006 grl=0.0000 v15=0.0000 v15r=0.0000 v16=0.0000 v17=0.0000 v18=0.0000 acc=1.0000 lr=5.76e-05 lambda=0.000 grl_lambda=0.000 v18_lambda=0.000 gpu=3.0/11.8GB
[17:47:51] [train] ep=73 step=010/40 ce=0.2588 sc=0.6785 mi=0.0521 dn=0.0000 v13=0.0005 grl=0.0000 v15=0.0000 v15r=0.0000 v16=0.0000 v17=0.0000 v18=0.0000 acc=1.0000 lr=5.67e-05 lambda=0.000 grl_lambda=0.000 v18_lambda=0.000 gpu=3.0/11.8GB
[17:47:57] [train] ep=73 step=020/40 ce=0.2765 sc=0.7491 mi=0.0534 dn=0.0000 v13=0.0005 grl=0.0000 v15=0.0000 v15r=0.0000 v16=0.0000 v17=0.0000 v18=0.0000 acc=0.9969 lr=5.58e-05 lambda=0.000 grl_lambda=0.000 v18_lambda=0.000 gpu=3.0/11.8GB
[17:48:03] [train] ep=73 step=030/40 ce=0.3037 sc=0.7698 mi=0.0541 dn=0.0000 v13=0.0005 grl=0.0000 v15=0.0000 v15r=0.0000 v16=0.0000 v17=0.0000 v18=0.0000 acc=0.9958 lr=5.48e-05 lambda=0.000 grl_lambda=0.000 v18_lambda=0.000 gpu=3.0/11.8GB
[17:48:09] [train] ep=73 step=040/40 ce=0.2922 sc=0.7247 mi=0.0538 dn=0.0000 v13=0.0005 grl=0.0000 v15=0.0000 v15r=0.0000 v16=0.0000 v17=0.0000 v18=0.0000 acc=0.9969 lr=5.39e-05 lambda=0.000 grl_lambda=0.000 v18_lambda=0.000 gpu=3.0/11.8GB
[17:48:34] [ep_summary] ep=73/100 val_live=0.9568/0.9574 val_ema=0.9630/0.9634 test77_live=0.8489/0.8420 test77_diag_ema=0.8741/0.8714 v13=0.0005 grl=0.0000 v15=0.0000 v15r=0.0000 v16=0.0000 v17=0.0000 v18=0.0000 das=stage3[12,95] p=1.00 ep_time=49.4s
[17:49:15] [save] best_sourcequalified77_ema ep=73 source_val_live=0.9568/0.9574 source_val_ema=0.9630/0.9634 test77_ema=0.8741/0.8714
[17:49:15] [train] epoch 74/100 steps=40 use_dann=0 das=stage3 f=[12.0,95.0] p=1.00 gpu=3.0/11.8GB
[17:49:16] [train] ep=74 step=001/40 ce=0.3191 sc=1.3723 mi=0.0657 dn=0.0000 v13=0.0007 grl=0.0000 v15=0.0000 v15r=0.0000 v16=0.0000 v17=0.0000 v18=0.0000 acc=1.0000 lr=5.38e-05 lambda=0.000 grl_lambda=0.000 v18_lambda=0.000 gpu=3.0/11.8GB
[17:49:21] [train] ep=74 step=010/40 ce=0.2664 sc=0.8860 mi=0.0539 dn=0.0000 v13=0.0005 grl=0.0000 v15=0.0000 v15r=0.0000 v16=0.0000 v17=0.0000 v18=0.0000 acc=1.0000 lr=5.30e-05 lambda=0.000 grl_lambda=0.000 v18_lambda=0.000 gpu=3.0/11.8GB
[17:49:27] [train] ep=74 step=020/40 ce=0.2996 sc=0.8412 mi=0.0530 dn=0.0000 v13=0.0006 grl=0.0000 v15=0.0000 v15r=0.0000 v16=0.0000 v17=0.0000 v18=0.0000 acc=0.9969 lr=5.20e-05 lambda=0.000 grl_lambda=0.000 v18_lambda=0.000 gpu=3.0/11.8GB
[17:49:32] [train] ep=74 step=030/40 ce=0.2901 sc=0.7869 mi=0.0534 dn=0.0000 v13=0.0006 grl=0.0000 v15=0.0000 v15r=0.0000 v16=0.0000 v17=0.0000 v18=0.0000 acc=0.9979 lr=5.11e-05 lambda=0.000 grl_lambda=0.000 v18_lambda=0.000 gpu=3.0/11.8GB
[17:49:38] [train] ep=74 step=040/40 ce=0.3378 sc=0.8339 mi=0.0541 dn=0.0000 v13=0.0006 grl=0.0000 v15=0.0000 v15r=0.0000 v16=0.0000 v17=0.0000 v18=0.0000 acc=0.9953 lr=5.02e-05 lambda=0.000 grl_lambda=0.000 v18_lambda=0.000 gpu=3.0/11.8GB
[17:49:48] [ep_summary] ep=74/100 val_live=0.9568/0.9574 val_ema=0.9630/0.9634 test77_live=0.8561/0.8493 test77_diag_ema=0.8813/0.8792 v13=0.0006 grl=0.0000 v15=0.0000 v15r=0.0000 v16=0.0000 v17=0.0000 v18=0.0000 das=stage3[12,95] p=1.00 ep_time=33.3s
[17:49:48] [save] best_sourcequalified77_ema ep=74 source_val_live=0.9568/0.9574 source_val_ema=0.9630/0.9634 test77_ema=0.8813/0.8792
[17:49:48] [train] epoch 75/100 steps=40 use_dann=0 das=stage3 f=[12.0,95.0] p=1.00 gpu=3.0/11.8GB
[17:49:49] [train] ep=75 step=001/40 ce=0.2569 sc=0.8384 mi=0.0499 dn=0.0000 v13=0.0003 grl=0.0000 v15=0.0000 v15r=0.0000 v16=0.0000 v17=0.0000 v18=0.0000 acc=1.0000 lr=5.01e-05 lambda=0.000 grl_lambda=0.000 v18_lambda=0.000 gpu=3.0/11.8GB
[17:49:54] [train] ep=75 step=010/40 ce=0.3534 sc=0.7576 mi=0.0531 dn=0.0000 v13=0.0006 grl=0.0000 v15=0.0000 v15r=0.0000 v16=0.0000 v17=0.0000 v18=0.0000 acc=0.9938 lr=4.93e-05 lambda=0.000 grl_lambda=0.000 v18_lambda=0.000 gpu=3.0/11.8GB
[17:50:00] [train] ep=75 step=020/40 ce=0.3685 sc=0.7720 mi=0.0544 dn=0.0000 v13=0.0006 grl=0.0000 v15=0.0000 v15r=0.0000 v16=0.0000 v17=0.0000 v18=0.0000 acc=0.9906 lr=4.84e-05 lambda=0.000 grl_lambda=0.000 v18_lambda=0.000 gpu=3.0/11.8GB
[17:50:06] [train] ep=75 step=030/40 ce=0.3586 sc=0.8012 mi=0.0554 dn=0.0000 v13=0.0006 grl=0.0000 v15=0.0000 v15r=0.0000 v16=0.0000 v17=0.0000 v18=0.0000 acc=0.9917 lr=4.75e-05 lambda=0.000 grl_lambda=0.000 v18_lambda=0.000 gpu=3.0/11.8GB
[17:50:11] [train] ep=75 step=040/40 ce=0.3740 sc=0.8251 mi=0.0551 dn=0.0000 v13=0.0006 grl=0.0000 v15=0.0000 v15r=0.0000 v16=0.0000 v17=0.0000 v18=0.0000 acc=0.9906 lr=4.66e-05 lambda=0.000 grl_lambda=0.000 v18_lambda=0.000 gpu=3.0/11.8GB
[17:50:22] [ep_summary] ep=75/100 val_live=0.9506/0.9515 val_ema=0.9630/0.9634 test77_live=0.8561/0.8497 test77_diag_ema=0.8777/0.8755 v13=0.0006 grl=0.0000 v15=0.0000 v15r=0.0000 v16=0.0000 v17=0.0000 v18=0.0000 das=stage3[12,95] p=1.00 ep_time=33.3s
[17:50:22] [train] epoch 76/100 steps=40 use_dann=0 das=stage3 f=[12.0,95.0] p=1.00 gpu=3.0/11.8GB
[17:50:22] [train] ep=76 step=001/40 ce=0.2559 sc=0.5651 mi=0.0622 dn=0.0000 v13=0.0007 grl=0.0000 v15=0.0000 v15r=0.0000 v16=0.0000 v17=0.0000 v18=0.0000 acc=1.0000 lr=4.65e-05 lambda=0.000 grl_lambda=0.000 v18_lambda=0.000 gpu=3.0/11.8GB
[17:50:28] [train] ep=76 step=010/40 ce=0.3060 sc=0.6427 mi=0.0569 dn=0.0000 v13=0.0006 grl=0.0000 v15=0.0000 v15r=0.0000 v16=0.0000 v17=0.0000 v18=0.0000 acc=0.9938 lr=4.58e-05 lambda=0.000 grl_lambda=0.000 v18_lambda=0.000 gpu=3.0/11.8GB
[17:50:33] [train] ep=76 step=020/40 ce=0.2823 sc=0.6918 mi=0.0547 dn=0.0000 v13=0.0005 grl=0.0000 v15=0.0000 v15r=0.0000 v16=0.0000 v17=0.0000 v18=0.0000 acc=0.9969 lr=4.49e-05 lambda=0.000 grl_lambda=0.000 v18_lambda=0.000 gpu=3.0/11.8GB
[17:50:39] [train] ep=76 step=030/40 ce=0.2907 sc=0.7004 mi=0.0550 dn=0.0000 v13=0.0005 grl=0.0000 v15=0.0000 v15r=0.0000 v16=0.0000 v17=0.0000 v18=0.0000 acc=0.9979 lr=4.40e-05 lambda=0.000 grl_lambda=0.000 v18_lambda=0.000 gpu=3.0/11.8GB
[17:50:45] [train] ep=76 step=040/40 ce=0.2832 sc=0.7138 mi=0.0538 dn=0.0000 v13=0.0005 grl=0.0000 v15=0.0000 v15r=0.0000 v16=0.0000 v17=0.0000 v18=0.0000 acc=0.9984 lr=4.32e-05 lambda=0.000 grl_lambda=0.000 v18_lambda=0.000 gpu=3.0/11.8GB
[17:50:55] [ep_summary] ep=76/100 val_live=0.9506/0.9516 val_ema=0.9630/0.9634 test77_live=0.8489/0.8434 test77_diag_ema=0.8813/0.8791 v13=0.0005 grl=0.0000 v15=0.0000 v15r=0.0000 v16=0.0000 v17=0.0000 v18=0.0000 das=stage3[12,95] p=1.00 ep_time=33.3s
[17:50:55] [train] epoch 77/100 steps=40 use_dann=0 das=stage3 f=[12.0,95.0] p=1.00 gpu=3.0/11.8GB
[17:50:56] [train] ep=77 step=001/40 ce=0.2606 sc=0.6297 mi=0.0569 dn=0.0000 v13=0.0003 grl=0.0000 v15=0.0000 v15r=0.0000 v16=0.0000 v17=0.0000 v18=0.0000 acc=1.0000 lr=4.31e-05 lambda=0.000 grl_lambda=0.000 v18_lambda=0.000 gpu=3.0/11.8GB
[17:51:01] [train] ep=77 step=010/40 ce=0.2859 sc=0.6498 mi=0.0553 dn=0.0000 v13=0.0004 grl=0.0000 v15=0.0000 v15r=0.0000 v16=0.0000 v17=0.0000 v18=0.0000 acc=1.0000 lr=4.23e-05 lambda=0.000 grl_lambda=0.000 v18_lambda=0.000 gpu=3.0/11.8GB
[17:51:07] [train] ep=77 step=020/40 ce=0.3049 sc=0.6802 mi=0.0538 dn=0.0000 v13=0.0005 grl=0.0000 v15=0.0000 v15r=0.0000 v16=0.0000 v17=0.0000 v18=0.0000 acc=0.9969 lr=4.15e-05 lambda=0.000 grl_lambda=0.000 v18_lambda=0.000 gpu=3.0/11.8GB
[17:51:12] [train] ep=77 step=030/40 ce=0.3128 sc=0.7220 mi=0.0530 dn=0.0000 v13=0.0005 grl=0.0000 v15=0.0000 v15r=0.0000 v16=0.0000 v17=0.0000 v18=0.0000 acc=0.9958 lr=4.06e-05 lambda=0.000 grl_lambda=0.000 v18_lambda=0.000 gpu=3.0/11.8GB
[17:51:18] [train] ep=77 step=040/40 ce=0.2996 sc=0.7561 mi=0.0536 dn=0.0000 v13=0.0005 grl=0.0000 v15=0.0000 v15r=0.0000 v16=0.0000 v17=0.0000 v18=0.0000 acc=0.9969 lr=3.98e-05 lambda=0.000 grl_lambda=0.000 v18_lambda=0.000 gpu=3.0/11.8GB
[17:51:28] [ep_summary] ep=77/100 val_live=0.9691/0.9694 val_ema=0.9630/0.9634 test77_live=0.8597/0.8563 test77_diag_ema=0.8813/0.8791 v13=0.0005 grl=0.0000 v15=0.0000 v15r=0.0000 v16=0.0000 v17=0.0000 v18=0.0000 das=stage3[12,95] p=1.00 ep_time=33.5s
[17:51:29] [train] epoch 78/100 steps=40 use_dann=0 das=stage3 f=[12.0,95.0] p=1.00 gpu=3.0/11.8GB
[17:51:29] [train] ep=78 step=001/40 ce=0.2588 sc=1.0793 mi=0.0467 dn=0.0000 v13=0.0007 grl=0.0000 v15=0.0000 v15r=0.0000 v16=0.0000 v17=0.0000 v18=0.0000 acc=1.0000 lr=3.97e-05 lambda=0.000 grl_lambda=0.000 v18_lambda=0.000 gpu=3.0/11.8GB
[17:51:34] [train] ep=78 step=010/40 ce=0.2858 sc=0.7067 mi=0.0544 dn=0.0000 v13=0.0005 grl=0.0000 v15=0.0000 v15r=0.0000 v16=0.0000 v17=0.0000 v18=0.0000 acc=1.0000 lr=3.90e-05 lambda=0.000 grl_lambda=0.000 v18_lambda=0.000 gpu=3.0/11.8GB
[17:51:40] [train] ep=78 step=020/40 ce=0.2752 sc=0.7108 mi=0.0538 dn=0.0000 v13=0.0005 grl=0.0000 v15=0.0000 v15r=0.0000 v16=0.0000 v17=0.0000 v18=0.0000 acc=1.0000 lr=3.82e-05 lambda=0.000 grl_lambda=0.000 v18_lambda=0.000 gpu=3.0/11.8GB
[17:51:46] [train] ep=78 step=030/40 ce=0.2916 sc=0.7625 mi=0.0549 dn=0.0000 v13=0.0005 grl=0.0000 v15=0.0000 v15r=0.0000 v16=0.0000 v17=0.0000 v18=0.0000 acc=0.9979 lr=3.74e-05 lambda=0.000 grl_lambda=0.000 v18_lambda=0.000 gpu=3.0/11.8GB
[17:51:52] [train] ep=78 step=040/40 ce=0.3142 sc=0.7516 mi=0.0541 dn=0.0000 v13=0.0005 grl=0.0000 v15=0.0000 v15r=0.0000 v16=0.0000 v17=0.0000 v18=0.0000 acc=0.9969 lr=3.66e-05 lambda=0.000 grl_lambda=0.000 v18_lambda=0.000 gpu=3.0/11.8GB
[17:52:02] [ep_summary] ep=78/100 val_live=0.9630/0.9634 val_ema=0.9630/0.9634 test77_live=0.8633/0.8602 test77_diag_ema=0.8813/0.8791 v13=0.0005 grl=0.0000 v15=0.0000 v15r=0.0000 v16=0.0000 v17=0.0000 v18=0.0000 das=stage3[12,95] p=1.00 ep_time=33.5s
[17:52:02] [train] epoch 79/100 steps=40 use_dann=0 das=stage3 f=[12.0,95.0] p=1.00 gpu=3.0/11.8GB
[17:52:03] [train] ep=79 step=001/40 ce=0.2568 sc=0.6474 mi=0.0584 dn=0.0000 v13=0.0004 grl=0.0000 v15=0.0000 v15r=0.0000 v16=0.0000 v17=0.0000 v18=0.0000 acc=1.0000 lr=3.65e-05 lambda=0.000 grl_lambda=0.000 v18_lambda=0.000 gpu=3.0/11.8GB
[17:52:08] [train] ep=79 step=010/40 ce=0.3081 sc=0.8201 mi=0.0545 dn=0.0000 v13=0.0005 grl=0.0000 v15=0.0000 v15r=0.0000 v16=0.0000 v17=0.0000 v18=0.0000 acc=0.9938 lr=3.58e-05 lambda=0.000 grl_lambda=0.000 v18_lambda=0.000 gpu=3.0/11.8GB
[17:52:14] [train] ep=79 step=020/40 ce=0.3051 sc=0.8650 mi=0.0541 dn=0.0000 v13=0.0004 grl=0.0000 v15=0.0000 v15r=0.0000 v16=0.0000 v17=0.0000 v18=0.0000 acc=0.9938 lr=3.50e-05 lambda=0.000 grl_lambda=0.000 v18_lambda=0.000 gpu=3.0/11.8GB
[17:52:19] [train] ep=79 step=030/40 ce=0.2902 sc=0.7894 mi=0.0526 dn=0.0000 v13=0.0005 grl=0.0000 v15=0.0000 v15r=0.0000 v16=0.0000 v17=0.0000 v18=0.0000 acc=0.9958 lr=3.42e-05 lambda=0.000 grl_lambda=0.000 v18_lambda=0.000 gpu=3.0/11.8GB
[17:52:25] [train] ep=79 step=040/40 ce=0.2822 sc=0.7973 mi=0.0527 dn=0.0000 v13=0.0005 grl=0.0000 v15=0.0000 v15r=0.0000 v16=0.0000 v17=0.0000 v18=0.0000 acc=0.9969 lr=3.35e-05 lambda=0.000 grl_lambda=0.000 v18_lambda=0.000 gpu=3.0/11.8GB
[17:52:35] [ep_summary] ep=79/100 val_live=0.9691/0.9692 val_ema=0.9630/0.9634 test77_live=0.8561/0.8492 test77_diag_ema=0.8777/0.8751 v13=0.0005 grl=0.0000 v15=0.0000 v15r=0.0000 v16=0.0000 v17=0.0000 v18=0.0000 das=stage3[12,95] p=1.00 ep_time=33.4s
[17:52:35] [train] epoch 80/100 steps=40 use_dann=0 das=stage3 f=[12.0,95.0] p=1.00 gpu=3.0/11.8GB
[17:52:36] [train] ep=80 step=001/40 ce=0.2579 sc=0.4190 mi=0.0539 dn=0.0000 v13=0.0007 grl=0.0000 v15=0.0000 v15r=0.0000 v16=0.0000 v17=0.0000 v18=0.0000 acc=1.0000 lr=3.34e-05 lambda=0.000 grl_lambda=0.000 v18_lambda=0.000 gpu=3.0/11.8GB
[17:52:41] [train] ep=80 step=010/40 ce=0.2575 sc=0.7026 mi=0.0526 dn=0.0000 v13=0.0005 grl=0.0000 v15=0.0000 v15r=0.0000 v16=0.0000 v17=0.0000 v18=0.0000 acc=1.0000 lr=3.27e-05 lambda=0.000 grl_lambda=0.000 v18_lambda=0.000 gpu=3.0/11.8GB
[17:52:47] [train] ep=80 step=020/40 ce=0.2725 sc=0.7703 mi=0.0513 dn=0.0000 v13=0.0004 grl=0.0000 v15=0.0000 v15r=0.0000 v16=0.0000 v17=0.0000 v18=0.0000 acc=1.0000 lr=3.19e-05 lambda=0.000 grl_lambda=0.000 v18_lambda=0.000 gpu=3.0/11.8GB
[17:52:53] [train] ep=80 step=030/40 ce=0.2675 sc=0.7557 mi=0.0516 dn=0.0000 v13=0.0004 grl=0.0000 v15=0.0000 v15r=0.0000 v16=0.0000 v17=0.0000 v18=0.0000 acc=1.0000 lr=3.12e-05 lambda=0.000 grl_lambda=0.000 v18_lambda=0.000 gpu=3.0/11.8GB
[17:52:59] [train] ep=80 step=040/40 ce=0.2650 sc=0.7637 mi=0.0523 dn=0.0000 v13=0.0004 grl=0.0000 v15=0.0000 v15r=0.0000 v16=0.0000 v17=0.0000 v18=0.0000 acc=1.0000 lr=3.05e-05 lambda=0.000 grl_lambda=0.000 v18_lambda=0.000 gpu=3.0/11.8GB
[17:53:09] [pool] check ep=080/100 source_val_acc_ema=0.9630 threshold=0.90
[17:53:14] [pool] ep=080 ADDED src_val=0.9630/0.9634 dev77=0.8071/0.8046 final77=0.8741/0.8717
[17:53:14] [pool] running best ep=070 dev77_f1=0.8046 final77_f1=0.8545 (pool_size=5)
[17:53:14] [ep_summary] ep=80/100 val_live=0.9691/0.9692 val_ema=0.9630/0.9634 test77_live=0.8525/0.8444 test77_diag_ema=0.8741/0.8717 v13=0.0004 grl=0.0000 v15=0.0000 v15r=0.0000 v16=0.0000 v17=0.0000 v18=0.0000 das=stage3[12,95] p=1.00 ep_time=38.5s
[17:53:14] [strict77_monitor] ep=80 best_source_epoch=69 source_val_ema=0.9630/0.9634 test77_ema_diag=0.8597/0.8580 sourcequalified_count=50 best_sourcequalified77_epoch=74 source_val_ema=0.9630/0.9634 test77_ema=0.8813/0.8792
[17:53:14] [train] epoch 81/100 steps=40 use_dann=0 das=stage3 f=[12.0,95.0] p=1.00 gpu=3.0/11.8GB
[17:53:15] [train] ep=81 step=001/40 ce=0.2582 sc=0.8417 mi=0.0511 dn=0.0000 v13=0.0006 grl=0.0000 v15=0.0000 v15r=0.0000 v16=0.0000 v17=0.0000 v18=0.0000 acc=1.0000 lr=3.04e-05 lambda=0.000 grl_lambda=0.000 v18_lambda=0.000 gpu=3.0/11.8GB
[17:53:21] [train] ep=81 step=010/40 ce=0.3240 sc=0.9151 mi=0.0534 dn=0.0000 v13=0.0005 grl=0.0000 v15=0.0000 v15r=0.0000 v16=0.0000 v17=0.0000 v18=0.0000 acc=0.9938 lr=2.97e-05 lambda=0.000 grl_lambda=0.000 v18_lambda=0.000 gpu=3.0/11.8GB
[17:53:26] [train] ep=81 step=020/40 ce=0.2914 sc=0.8142 mi=0.0529 dn=0.0000 v13=0.0005 grl=0.0000 v15=0.0000 v15r=0.0000 v16=0.0000 v17=0.0000 v18=0.0000 acc=0.9969 lr=2.90e-05 lambda=0.000 grl_lambda=0.000 v18_lambda=0.000 gpu=3.0/11.8GB
[17:53:32] [train] ep=81 step=030/40 ce=0.2961 sc=0.8168 mi=0.0528 dn=0.0000 v13=0.0005 grl=0.0000 v15=0.0000 v15r=0.0000 v16=0.0000 v17=0.0000 v18=0.0000 acc=0.9958 lr=2.83e-05 lambda=0.000 grl_lambda=0.000 v18_lambda=0.000 gpu=3.0/11.8GB
[17:53:38] [train] ep=81 step=040/40 ce=0.2864 sc=0.8257 mi=0.0526 dn=0.0000 v13=0.0004 grl=0.0000 v15=0.0000 v15r=0.0000 v16=0.0000 v17=0.0000 v18=0.0000 acc=0.9969 lr=2.76e-05 lambda=0.000 grl_lambda=0.000 v18_lambda=0.000 gpu=3.0/11.8GB
[17:53:48] [ep_summary] ep=81/100 val_live=0.9691/0.9692 val_ema=0.9630/0.9634 test77_live=0.8525/0.8444 test77_diag_ema=0.8705/0.8674 v13=0.0004 grl=0.0000 v15=0.0000 v15r=0.0000 v16=0.0000 v17=0.0000 v18=0.0000 das=stage3[12,95] p=1.00 ep_time=34.1s
[17:53:48] [train] epoch 82/100 steps=40 use_dann=0 das=stage3 f=[12.0,95.0] p=1.00 gpu=3.0/11.8GB
[17:53:49] [train] ep=82 step=001/40 ce=0.2575 sc=0.8398 mi=0.0524 dn=0.0000 v13=0.0006 grl=0.0000 v15=0.0000 v15r=0.0000 v16=0.0000 v17=0.0000 v18=0.0000 acc=1.0000 lr=2.75e-05 lambda=0.000 grl_lambda=0.000 v18_lambda=0.000 gpu=3.0/11.8GB
[17:53:54] [train] ep=82 step=010/40 ce=0.2573 sc=0.7486 mi=0.0561 dn=0.0000 v13=0.0005 grl=0.0000 v15=0.0000 v15r=0.0000 v16=0.0000 v17=0.0000 v18=0.0000 acc=1.0000 lr=2.69e-05 lambda=0.000 grl_lambda=0.000 v18_lambda=0.000 gpu=3.0/11.8GB
[17:54:00] [train] ep=82 step=020/40 ce=0.2910 sc=0.7400 mi=0.0550 dn=0.0000 v13=0.0004 grl=0.0000 v15=0.0000 v15r=0.0000 v16=0.0000 v17=0.0000 v18=0.0000 acc=0.9969 lr=2.62e-05 lambda=0.000 grl_lambda=0.000 v18_lambda=0.000 gpu=3.0/11.8GB
[17:54:06] [train] ep=82 step=030/40 ce=0.2803 sc=0.7676 mi=0.0544 dn=0.0000 v13=0.0005 grl=0.0000 v15=0.0000 v15r=0.0000 v16=0.0000 v17=0.0000 v18=0.0000 acc=0.9979 lr=2.55e-05 lambda=0.000 grl_lambda=0.000 v18_lambda=0.000 gpu=3.0/11.8GB
[17:54:11] [train] ep=82 step=040/40 ce=0.2970 sc=0.7576 mi=0.0539 dn=0.0000 v13=0.0005 grl=0.0000 v15=0.0000 v15r=0.0000 v16=0.0000 v17=0.0000 v18=0.0000 acc=0.9969 lr=2.48e-05 lambda=0.000 grl_lambda=0.000 v18_lambda=0.000 gpu=3.0/11.8GB
[17:54:22] [ep_summary] ep=82/100 val_live=0.9691/0.9692 val_ema=0.9630/0.9634 test77_live=0.8525/0.8444 test77_diag_ema=0.8741/0.8707 v13=0.0005 grl=0.0000 v15=0.0000 v15r=0.0000 v16=0.0000 v17=0.0000 v18=0.0000 das=stage3[12,95] p=1.00 ep_time=33.3s
[17:54:22] [train] epoch 83/100 steps=40 use_dann=0 das=stage3 f=[12.0,95.0] p=1.00 gpu=3.0/11.8GB
[17:54:23] [train] ep=83 step=001/40 ce=0.2586 sc=0.7129 mi=0.0534 dn=0.0000 v13=0.0002 grl=0.0000 v15=0.0000 v15r=0.0000 v16=0.0000 v17=0.0000 v18=0.0000 acc=1.0000 lr=2.48e-05 lambda=0.000 grl_lambda=0.000 v18_lambda=0.000 gpu=3.0/11.8GB
[17:54:28] [train] ep=83 step=010/40 ce=0.3203 sc=0.7479 mi=0.0533 dn=0.0000 v13=0.0004 grl=0.0000 v15=0.0000 v15r=0.0000 v16=0.0000 v17=0.0000 v18=0.0000 acc=0.9938 lr=2.42e-05 lambda=0.000 grl_lambda=0.000 v18_lambda=0.000 gpu=3.0/11.8GB
[17:54:34] [train] ep=83 step=020/40 ce=0.3033 sc=0.7507 mi=0.0528 dn=0.0000 v13=0.0004 grl=0.0000 v15=0.0000 v15r=0.0000 v16=0.0000 v17=0.0000 v18=0.0000 acc=0.9969 lr=2.35e-05 lambda=0.000 grl_lambda=0.000 v18_lambda=0.000 gpu=3.0/11.8GB
[17:54:40] [train] ep=83 step=030/40 ce=0.2903 sc=0.7351 mi=0.0535 dn=0.0000 v13=0.0004 grl=0.0000 v15=0.0000 v15r=0.0000 v16=0.0000 v17=0.0000 v18=0.0000 acc=0.9979 lr=2.29e-05 lambda=0.000 grl_lambda=0.000 v18_lambda=0.000 gpu=3.0/11.8GB
[17:54:45] [train] ep=83 step=040/40 ce=0.3049 sc=0.7328 mi=0.0535 dn=0.0000 v13=0.0004 grl=0.0000 v15=0.0000 v15r=0.0000 v16=0.0000 v17=0.0000 v18=0.0000 acc=0.9969 lr=2.22e-05 lambda=0.000 grl_lambda=0.000 v18_lambda=0.000 gpu=3.0/11.8GB
[17:54:56] [ep_summary] ep=83/100 val_live=0.9691/0.9692 val_ema=0.9630/0.9634 test77_live=0.8489/0.8420 test77_diag_ema=0.8705/0.8667 v13=0.0004 grl=0.0000 v15=0.0000 v15r=0.0000 v16=0.0000 v17=0.0000 v18=0.0000 das=stage3[12,95] p=1.00 ep_time=34.1s
[17:54:56] [train] epoch 84/100 steps=40 use_dann=0 das=stage3 f=[12.0,95.0] p=1.00 gpu=3.0/11.8GB
[17:54:56] [train] ep=84 step=001/40 ce=0.2577 sc=0.7860 mi=0.0549 dn=0.0000 v13=0.0003 grl=0.0000 v15=0.0000 v15r=0.0000 v16=0.0000 v17=0.0000 v18=0.0000 acc=1.0000 lr=2.22e-05 lambda=0.000 grl_lambda=0.000 v18_lambda=0.000 gpu=3.0/11.8GB
[17:55:02] [train] ep=84 step=010/40 ce=0.3239 sc=0.8160 mi=0.0527 dn=0.0000 v13=0.0004 grl=0.0000 v15=0.0000 v15r=0.0000 v16=0.0000 v17=0.0000 v18=0.0000 acc=0.9938 lr=2.16e-05 lambda=0.000 grl_lambda=0.000 v18_lambda=0.000 gpu=3.0/11.8GB
[17:55:07] [train] ep=84 step=020/40 ce=0.3297 sc=0.8343 mi=0.0533 dn=0.0000 v13=0.0004 grl=0.0000 v15=0.0000 v15r=0.0000 v16=0.0000 v17=0.0000 v18=0.0000 acc=0.9938 lr=2.10e-05 lambda=0.000 grl_lambda=0.000 v18_lambda=0.000 gpu=3.0/11.8GB
[17:55:13] [train] ep=84 step=030/40 ce=0.3277 sc=0.8095 mi=0.0529 dn=0.0000 v13=0.0005 grl=0.0000 v15=0.0000 v15r=0.0000 v16=0.0000 v17=0.0000 v18=0.0000 acc=0.9938 lr=2.04e-05 lambda=0.000 grl_lambda=0.000 v18_lambda=0.000 gpu=3.0/11.8GB
[17:55:19] [train] ep=84 step=040/40 ce=0.3138 sc=0.7996 mi=0.0531 dn=0.0000 v13=0.0005 grl=0.0000 v15=0.0000 v15r=0.0000 v16=0.0000 v17=0.0000 v18=0.0000 acc=0.9953 lr=1.98e-05 lambda=0.000 grl_lambda=0.000 v18_lambda=0.000 gpu=3.0/11.8GB
[17:55:31] [ep_summary] ep=84/100 val_live=0.9691/0.9692 val_ema=0.9691/0.9694 test77_live=0.8489/0.8414 test77_diag_ema=0.8705/0.8666 v13=0.0005 grl=0.0000 v15=0.0000 v15r=0.0000 v16=0.0000 v17=0.0000 v18=0.0000 das=stage3[12,95] p=1.00 ep_time=35.2s
[17:55:31] [save] best_sourceval_ema val_acc_ema=0.9691 source_val_live=0.9691/0.9692 source_val_ema=0.9691/0.9694 ep=84
[17:55:31] [train] epoch 85/100 steps=40 use_dann=0 das=stage3 f=[12.0,95.0] p=1.00 gpu=3.0/11.8GB
[17:55:32] [train] ep=85 step=001/40 ce=0.2578 sc=1.1149 mi=0.0439 dn=0.0000 v13=0.0005 grl=0.0000 v15=0.0000 v15r=0.0000 v16=0.0000 v17=0.0000 v18=0.0000 acc=1.0000 lr=1.97e-05 lambda=0.000 grl_lambda=0.000 v18_lambda=0.000 gpu=3.0/11.8GB
[17:55:37] [train] ep=85 step=010/40 ce=0.4614 sc=0.9785 mi=0.0537 dn=0.0000 v13=0.0006 grl=0.0000 v15=0.0000 v15r=0.0000 v16=0.0000 v17=0.0000 v18=0.0000 acc=0.9875 lr=1.92e-05 lambda=0.000 grl_lambda=0.000 v18_lambda=0.000 gpu=3.0/11.8GB
[17:55:43] [train] ep=85 step=020/40 ce=0.3597 sc=0.8664 mi=0.0533 dn=0.0000 v13=0.0005 grl=0.0000 v15=0.0000 v15r=0.0000 v16=0.0000 v17=0.0000 v18=0.0000 acc=0.9938 lr=1.86e-05 lambda=0.000 grl_lambda=0.000 v18_lambda=0.000 gpu=3.0/11.8GB
[17:55:49] [train] ep=85 step=030/40 ce=0.3257 sc=0.8398 mi=0.0542 dn=0.0000 v13=0.0005 grl=0.0000 v15=0.0000 v15r=0.0000 v16=0.0000 v17=0.0000 v18=0.0000 acc=0.9958 lr=1.80e-05 lambda=0.000 grl_lambda=0.000 v18_lambda=0.000 gpu=3.0/11.8GB
[17:55:55] [train] ep=85 step=040/40 ce=0.3186 sc=0.8431 mi=0.0542 dn=0.0000 v13=0.0005 grl=0.0000 v15=0.0000 v15r=0.0000 v16=0.0000 v17=0.0000 v18=0.0000 acc=0.9969 lr=1.74e-05 lambda=0.000 grl_lambda=0.000 v18_lambda=0.000 gpu=3.0/11.8GB
[17:56:44] [ep_summary] ep=85/100 val_live=0.9630/0.9628 val_ema=0.9691/0.9694 test77_live=0.8489/0.8414 test77_diag_ema=0.8705/0.8666 v13=0.0005 grl=0.0000 v15=0.0000 v15r=0.0000 v16=0.0000 v17=0.0000 v18=0.0000 das=stage3[12,95] p=1.00 ep_time=73.2s
[17:56:44] [train] epoch 86/100 steps=40 use_dann=0 das=stage3 f=[12.0,95.0] p=1.00 gpu=3.0/11.8GB
[17:56:45] [train] ep=86 step=001/40 ce=0.2566 sc=0.6139 mi=0.0569 dn=0.0000 v13=0.0004 grl=0.0000 v15=0.0000 v15r=0.0000 v16=0.0000 v17=0.0000 v18=0.0000 acc=1.0000 lr=1.74e-05 lambda=0.000 grl_lambda=0.000 v18_lambda=0.000 gpu=3.0/11.8GB
[17:56:50] [train] ep=86 step=010/40 ce=0.2736 sc=0.7074 mi=0.0519 dn=0.0000 v13=0.0004 grl=0.0000 v15=0.0000 v15r=0.0000 v16=0.0000 v17=0.0000 v18=0.0000 acc=1.0000 lr=1.68e-05 lambda=0.000 grl_lambda=0.000 v18_lambda=0.000 gpu=3.0/11.8GB
[17:56:56] [train] ep=86 step=020/40 ce=0.3025 sc=0.6868 mi=0.0528 dn=0.0000 v13=0.0005 grl=0.0000 v15=0.0000 v15r=0.0000 v16=0.0000 v17=0.0000 v18=0.0000 acc=0.9969 lr=1.63e-05 lambda=0.000 grl_lambda=0.000 v18_lambda=0.000 gpu=3.0/11.8GB
[17:57:02] [train] ep=86 step=030/40 ce=0.3470 sc=0.7340 mi=0.0530 dn=0.0000 v13=0.0005 grl=0.0000 v15=0.0000 v15r=0.0000 v16=0.0000 v17=0.0000 v18=0.0000 acc=0.9958 lr=1.57e-05 lambda=0.000 grl_lambda=0.000 v18_lambda=0.000 gpu=3.0/11.8GB
[17:57:08] [train] ep=86 step=040/40 ce=0.3268 sc=0.7407 mi=0.0520 dn=0.0000 v13=0.0005 grl=0.0000 v15=0.0000 v15r=0.0000 v16=0.0000 v17=0.0000 v18=0.0000 acc=0.9969 lr=1.52e-05 lambda=0.000 grl_lambda=0.000 v18_lambda=0.000 gpu=3.0/11.8GB
[17:57:38] [ep_summary] ep=86/100 val_live=0.9630/0.9628 val_ema=0.9691/0.9694 test77_live=0.8489/0.8412 test77_diag_ema=0.8669/0.8626 v13=0.0005 grl=0.0000 v15=0.0000 v15r=0.0000 v16=0.0000 v17=0.0000 v18=0.0000 das=stage3[12,95] p=1.00 ep_time=53.6s
[17:57:38] [train] epoch 87/100 steps=40 use_dann=0 das=stage3 f=[12.0,95.0] p=1.00 gpu=3.0/11.8GB
[17:57:38] [train] ep=87 step=001/40 ce=0.2564 sc=0.5967 mi=0.0547 dn=0.0000 v13=0.0005 grl=0.0000 v15=0.0000 v15r=0.0000 v16=0.0000 v17=0.0000 v18=0.0000 acc=1.0000 lr=1.52e-05 lambda=0.000 grl_lambda=0.000 v18_lambda=0.000 gpu=3.0/11.8GB
[17:57:44] [train] ep=87 step=010/40 ce=0.2614 sc=0.7247 mi=0.0512 dn=0.0000 v13=0.0004 grl=0.0000 v15=0.0000 v15r=0.0000 v16=0.0000 v17=0.0000 v18=0.0000 acc=1.0000 lr=1.47e-05 lambda=0.000 grl_lambda=0.000 v18_lambda=0.000 gpu=3.0/11.8GB
[17:57:50] [train] ep=87 step=020/40 ce=0.3005 sc=0.7706 mi=0.0524 dn=0.0000 v13=0.0005 grl=0.0000 v15=0.0000 v15r=0.0000 v16=0.0000 v17=0.0000 v18=0.0000 acc=0.9969 lr=1.42e-05 lambda=0.000 grl_lambda=0.000 v18_lambda=0.000 gpu=3.0/11.8GB
[17:57:55] [train] ep=87 step=030/40 ce=0.2860 sc=0.7658 mi=0.0523 dn=0.0000 v13=0.0005 grl=0.0000 v15=0.0000 v15r=0.0000 v16=0.0000 v17=0.0000 v18=0.0000 acc=0.9979 lr=1.37e-05 lambda=0.000 grl_lambda=0.000 v18_lambda=0.000 gpu=3.0/11.8GB
[17:58:01] [train] ep=87 step=040/40 ce=0.2787 sc=0.7686 mi=0.0523 dn=0.0000 v13=0.0005 grl=0.0000 v15=0.0000 v15r=0.0000 v16=0.0000 v17=0.0000 v18=0.0000 acc=0.9984 lr=1.31e-05 lambda=0.000 grl_lambda=0.000 v18_lambda=0.000 gpu=3.0/11.8GB
[17:58:29] [ep_summary] ep=87/100 val_live=0.9630/0.9628 val_ema=0.9691/0.9694 test77_live=0.8489/0.8412 test77_diag_ema=0.8633/0.8585 v13=0.0005 grl=0.0000 v15=0.0000 v15r=0.0000 v16=0.0000 v17=0.0000 v18=0.0000 das=stage3[12,95] p=1.00 ep_time=51.2s
[17:58:29] [train] epoch 88/100 steps=40 use_dann=0 das=stage3 f=[12.0,95.0] p=1.00 gpu=3.0/11.8GB
[17:58:30] [train] ep=88 step=001/40 ce=0.2570 sc=0.4182 mi=0.0530 dn=0.0000 v13=0.0005 grl=0.0000 v15=0.0000 v15r=0.0000 v16=0.0000 v17=0.0000 v18=0.0000 acc=1.0000 lr=1.31e-05 lambda=0.000 grl_lambda=0.000 v18_lambda=0.000 gpu=3.0/11.8GB
[17:58:35] [train] ep=88 step=010/40 ce=0.2984 sc=0.7802 mi=0.0519 dn=0.0000 v13=0.0005 grl=0.0000 v15=0.0000 v15r=0.0000 v16=0.0000 v17=0.0000 v18=0.0000 acc=1.0000 lr=1.27e-05 lambda=0.000 grl_lambda=0.000 v18_lambda=0.000 gpu=3.0/11.8GB
[17:58:41] [train] ep=88 step=020/40 ce=0.2779 sc=0.7585 mi=0.0520 dn=0.0000 v13=0.0005 grl=0.0000 v15=0.0000 v15r=0.0000 v16=0.0000 v17=0.0000 v18=0.0000 acc=1.0000 lr=1.22e-05 lambda=0.000 grl_lambda=0.000 v18_lambda=0.000 gpu=3.0/11.8GB
[17:58:46] [train] ep=88 step=030/40 ce=0.2955 sc=0.7799 mi=0.0533 dn=0.0000 v13=0.0005 grl=0.0000 v15=0.0000 v15r=0.0000 v16=0.0000 v17=0.0000 v18=0.0000 acc=0.9979 lr=1.17e-05 lambda=0.000 grl_lambda=0.000 v18_lambda=0.000 gpu=3.0/11.8GB
[17:58:52] [train] ep=88 step=040/40 ce=0.2860 sc=0.7958 mi=0.0534 dn=0.0000 v13=0.0005 grl=0.0000 v15=0.0000 v15r=0.0000 v16=0.0000 v17=0.0000 v18=0.0000 acc=0.9984 lr=1.12e-05 lambda=0.000 grl_lambda=0.000 v18_lambda=0.000 gpu=3.0/11.8GB
[17:59:03] [ep_summary] ep=88/100 val_live=0.9753/0.9755 val_ema=0.9691/0.9694 test77_live=0.8453/0.8377 test77_diag_ema=0.8633/0.8585 v13=0.0005 grl=0.0000 v15=0.0000 v15r=0.0000 v16=0.0000 v17=0.0000 v18=0.0000 das=stage3[12,95] p=1.00 ep_time=33.8s
[17:59:03] [train] epoch 89/100 steps=40 use_dann=0 das=stage3 f=[12.0,95.0] p=1.00 gpu=3.0/11.8GB
[17:59:03] [train] ep=89 step=001/40 ce=0.2567 sc=0.8135 mi=0.0635 dn=0.0000 v13=0.0007 grl=0.0000 v15=0.0000 v15r=0.0000 v16=0.0000 v17=0.0000 v18=0.0000 acc=1.0000 lr=1.12e-05 lambda=0.000 grl_lambda=0.000 v18_lambda=0.000 gpu=3.0/11.8GB
[17:59:09] [train] ep=89 step=010/40 ce=0.2687 sc=0.7416 mi=0.0541 dn=0.0000 v13=0.0005 grl=0.0000 v15=0.0000 v15r=0.0000 v16=0.0000 v17=0.0000 v18=0.0000 acc=1.0000 lr=1.08e-05 lambda=0.000 grl_lambda=0.000 v18_lambda=0.000 gpu=3.0/11.8GB
[17:59:14] [train] ep=89 step=020/40 ce=0.2882 sc=0.7057 mi=0.0534 dn=0.0000 v13=0.0005 grl=0.0000 v15=0.0000 v15r=0.0000 v16=0.0000 v17=0.0000 v18=0.0000 acc=0.9969 lr=1.03e-05 lambda=0.000 grl_lambda=0.000 v18_lambda=0.000 gpu=3.0/11.8GB
[17:59:20] [train] ep=89 step=030/40 ce=0.2783 sc=0.7566 mi=0.0533 dn=0.0000 v13=0.0005 grl=0.0000 v15=0.0000 v15r=0.0000 v16=0.0000 v17=0.0000 v18=0.0000 acc=0.9979 lr=9.89e-06 lambda=0.000 grl_lambda=0.000 v18_lambda=0.000 gpu=3.0/11.8GB
[17:59:26] [train] ep=89 step=040/40 ce=0.2881 sc=0.8005 mi=0.0537 dn=0.0000 v13=0.0005 grl=0.0000 v15=0.0000 v15r=0.0000 v16=0.0000 v17=0.0000 v18=0.0000 acc=0.9969 lr=9.46e-06 lambda=0.000 grl_lambda=0.000 v18_lambda=0.000 gpu=3.0/11.8GB
[17:59:36] [ep_summary] ep=89/100 val_live=0.9753/0.9755 val_ema=0.9691/0.9694 test77_live=0.8453/0.8380 test77_diag_ema=0.8633/0.8585 v13=0.0005 grl=0.0000 v15=0.0000 v15r=0.0000 v16=0.0000 v17=0.0000 v18=0.0000 das=stage3[12,95] p=1.00 ep_time=33.8s
[17:59:37] [train] epoch 90/100 steps=40 use_dann=0 das=stage3 f=[12.0,95.0] p=1.00 gpu=3.0/11.8GB
[17:59:37] [train] ep=90 step=001/40 ce=0.2564 sc=0.5381 mi=0.0619 dn=0.0000 v13=0.0009 grl=0.0000 v15=0.0000 v15r=0.0000 v16=0.0000 v17=0.0000 v18=0.0000 acc=1.0000 lr=9.42e-06 lambda=0.000 grl_lambda=0.000 v18_lambda=0.000 gpu=3.0/11.8GB
[17:59:42] [train] ep=90 step=010/40 ce=0.3112 sc=0.6962 mi=0.0555 dn=0.0000 v13=0.0005 grl=0.0000 v15=0.0000 v15r=0.0000 v16=0.0000 v17=0.0000 v18=0.0000 acc=0.9938 lr=9.04e-06 lambda=0.000 grl_lambda=0.000 v18_lambda=0.000 gpu=3.0/11.8GB
[17:59:48] [train] ep=90 step=020/40 ce=0.2908 sc=0.7623 mi=0.0531 dn=0.0000 v13=0.0005 grl=0.0000 v15=0.0000 v15r=0.0000 v16=0.0000 v17=0.0000 v18=0.0000 acc=0.9969 lr=8.63e-06 lambda=0.000 grl_lambda=0.000 v18_lambda=0.000 gpu=3.0/11.8GB
[17:59:54] [train] ep=90 step=030/40 ce=0.2796 sc=0.7255 mi=0.0522 dn=0.0000 v13=0.0005 grl=0.0000 v15=0.0000 v15r=0.0000 v16=0.0000 v17=0.0000 v18=0.0000 acc=0.9979 lr=8.23e-06 lambda=0.000 grl_lambda=0.000 v18_lambda=0.000 gpu=3.0/11.8GB
[18:00:00] [train] ep=90 step=040/40 ce=0.2897 sc=0.7409 mi=0.0529 dn=0.0000 v13=0.0005 grl=0.0000 v15=0.0000 v15r=0.0000 v16=0.0000 v17=0.0000 v18=0.0000 acc=0.9984 lr=7.84e-06 lambda=0.000 grl_lambda=0.000 v18_lambda=0.000 gpu=3.0/11.8GB
[18:00:10] [pool] check ep=090/100 source_val_acc_ema=0.9691 threshold=0.90
[18:00:15] [pool] ep=090 ADDED src_val=0.9691/0.9694 dev77=0.7929/0.7884 final77=0.8633/0.8585
[18:00:15] [pool] running best ep=070 dev77_f1=0.8046 final77_f1=0.8545 (pool_size=6)
[18:00:15] [ep_summary] ep=90/100 val_live=0.9691/0.9692 val_ema=0.9691/0.9694 test77_live=0.8489/0.8412 test77_diag_ema=0.8633/0.8585 v13=0.0005 grl=0.0000 v15=0.0000 v15r=0.0000 v16=0.0000 v17=0.0000 v18=0.0000 das=stage3[12,95] p=1.00 ep_time=38.4s
[18:00:15] [strict77_monitor] ep=90 best_source_epoch=84 source_val_ema=0.9691/0.9694 test77_ema_diag=0.8705/0.8666 sourcequalified_count=60 best_sourcequalified77_epoch=74 source_val_ema=0.9630/0.9634 test77_ema=0.8813/0.8792
[18:00:15] [train] epoch 91/100 steps=40 use_dann=0 das=stage3 f=[12.0,95.0] p=1.00 gpu=3.0/11.8GB
[18:00:16] [train] ep=91 step=001/40 ce=0.2593 sc=1.1743 mi=0.0582 dn=0.0000 v13=0.0005 grl=0.0000 v15=0.0000 v15r=0.0000 v16=0.0000 v17=0.0000 v18=0.0000 acc=1.0000 lr=7.80e-06 lambda=0.000 grl_lambda=0.000 v18_lambda=0.000 gpu=3.0/11.8GB
[18:00:21] [train] ep=91 step=010/40 ce=0.2836 sc=0.7602 mi=0.0566 dn=0.0000 v13=0.0005 grl=0.0000 v15=0.0000 v15r=0.0000 v16=0.0000 v17=0.0000 v18=0.0000 acc=1.0000 lr=7.45e-06 lambda=0.000 grl_lambda=0.000 v18_lambda=0.000 gpu=3.0/11.8GB
[18:00:27] [train] ep=91 step=020/40 ce=0.2703 sc=0.7415 mi=0.0533 dn=0.0000 v13=0.0005 grl=0.0000 v15=0.0000 v15r=0.0000 v16=0.0000 v17=0.0000 v18=0.0000 acc=1.0000 lr=7.08e-06 lambda=0.000 grl_lambda=0.000 v18_lambda=0.000 gpu=3.0/11.8GB
[18:00:33] [train] ep=91 step=030/40 ce=0.2895 sc=0.7574 mi=0.0527 dn=0.0000 v13=0.0004 grl=0.0000 v15=0.0000 v15r=0.0000 v16=0.0000 v17=0.0000 v18=0.0000 acc=0.9979 lr=6.72e-06 lambda=0.000 grl_lambda=0.000 v18_lambda=0.000 gpu=3.0/11.8GB
[18:00:38] [train] ep=91 step=040/40 ce=0.2814 sc=0.7549 mi=0.0525 dn=0.0000 v13=0.0004 grl=0.0000 v15=0.0000 v15r=0.0000 v16=0.0000 v17=0.0000 v18=0.0000 acc=0.9984 lr=6.36e-06 lambda=0.000 grl_lambda=0.000 v18_lambda=0.000 gpu=3.0/11.8GB
[18:00:49] [ep_summary] ep=91/100 val_live=0.9691/0.9692 val_ema=0.9691/0.9694 test77_live=0.8489/0.8412 test77_diag_ema=0.8633/0.8585 v13=0.0004 grl=0.0000 v15=0.0000 v15r=0.0000 v16=0.0000 v17=0.0000 v18=0.0000 das=stage3[12,95] p=1.00 ep_time=33.6s
[18:00:49] [train] epoch 92/100 steps=40 use_dann=0 das=stage3 f=[12.0,95.0] p=1.00 gpu=3.0/11.8GB
[18:00:49] [train] ep=92 step=001/40 ce=0.2599 sc=0.7894 mi=0.0559 dn=0.0000 v13=0.0004 grl=0.0000 v15=0.0000 v15r=0.0000 v16=0.0000 v17=0.0000 v18=0.0000 acc=1.0000 lr=6.33e-06 lambda=0.000 grl_lambda=0.000 v18_lambda=0.000 gpu=3.0/11.8GB
[18:00:54] [train] ep=92 step=010/40 ce=0.2572 sc=0.8393 mi=0.0522 dn=0.0000 v13=0.0005 grl=0.0000 v15=0.0000 v15r=0.0000 v16=0.0000 v17=0.0000 v18=0.0000 acc=1.0000 lr=6.02e-06 lambda=0.000 grl_lambda=0.000 v18_lambda=0.000 gpu=3.0/11.8GB
[18:01:00] [train] ep=92 step=020/40 ce=0.2925 sc=0.8230 mi=0.0529 dn=0.0000 v13=0.0004 grl=0.0000 v15=0.0000 v15r=0.0000 v16=0.0000 v17=0.0000 v18=0.0000 acc=0.9969 lr=5.68e-06 lambda=0.000 grl_lambda=0.000 v18_lambda=0.000 gpu=3.0/11.8GB
[18:01:06] [train] ep=92 step=030/40 ce=0.2805 sc=0.7915 mi=0.0527 dn=0.0000 v13=0.0005 grl=0.0000 v15=0.0000 v15r=0.0000 v16=0.0000 v17=0.0000 v18=0.0000 acc=0.9979 lr=5.35e-06 lambda=0.000 grl_lambda=0.000 v18_lambda=0.000 gpu=3.0/11.8GB
[18:01:12] [train] ep=92 step=040/40 ce=0.3139 sc=0.8191 mi=0.0533 dn=0.0000 v13=0.0005 grl=0.0000 v15=0.0000 v15r=0.0000 v16=0.0000 v17=0.0000 v18=0.0000 acc=0.9953 lr=5.04e-06 lambda=0.000 grl_lambda=0.000 v18_lambda=0.000 gpu=3.0/11.8GB
[18:01:22] [ep_summary] ep=92/100 val_live=0.9691/0.9692 val_ema=0.9691/0.9694 test77_live=0.8489/0.8412 test77_diag_ema=0.8633/0.8585 v13=0.0005 grl=0.0000 v15=0.0000 v15r=0.0000 v16=0.0000 v17=0.0000 v18=0.0000 das=stage3[12,95] p=1.00 ep_time=33.7s
[18:01:22] [train] epoch 93/100 steps=40 use_dann=0 das=stage3 f=[12.0,95.0] p=1.00 gpu=3.0/11.8GB
[18:01:23] [train] ep=93 step=001/40 ce=0.2562 sc=0.9890 mi=0.0500 dn=0.0000 v13=0.0001 grl=0.0000 v15=0.0000 v15r=0.0000 v16=0.0000 v17=0.0000 v18=0.0000 acc=1.0000 lr=5.01e-06 lambda=0.000 grl_lambda=0.000 v18_lambda=0.000 gpu=3.0/11.8GB
[18:01:28] [train] ep=93 step=010/40 ce=0.2653 sc=0.6991 mi=0.0524 dn=0.0000 v13=0.0004 grl=0.0000 v15=0.0000 v15r=0.0000 v16=0.0000 v17=0.0000 v18=0.0000 acc=1.0000 lr=4.73e-06 lambda=0.000 grl_lambda=0.000 v18_lambda=0.000 gpu=3.0/11.8GB
[18:01:34] [train] ep=93 step=020/40 ce=0.3277 sc=0.7843 mi=0.0525 dn=0.0000 v13=0.0004 grl=0.0000 v15=0.0000 v15r=0.0000 v16=0.0000 v17=0.0000 v18=0.0000 acc=0.9938 lr=4.43e-06 lambda=0.000 grl_lambda=0.000 v18_lambda=0.000 gpu=3.0/11.8GB
[18:01:40] [train] ep=93 step=030/40 ce=0.3293 sc=0.7962 mi=0.0528 dn=0.0000 v13=0.0004 grl=0.0000 v15=0.0000 v15r=0.0000 v16=0.0000 v17=0.0000 v18=0.0000 acc=0.9938 lr=4.14e-06 lambda=0.000 grl_lambda=0.000 v18_lambda=0.000 gpu=3.0/11.8GB
[18:01:46] [train] ep=93 step=040/40 ce=0.3113 sc=0.7837 mi=0.0530 dn=0.0000 v13=0.0004 grl=0.0000 v15=0.0000 v15r=0.0000 v16=0.0000 v17=0.0000 v18=0.0000 acc=0.9953 lr=3.87e-06 lambda=0.000 grl_lambda=0.000 v18_lambda=0.000 gpu=3.0/11.8GB
[18:01:56] [ep_summary] ep=93/100 val_live=0.9691/0.9692 val_ema=0.9691/0.9694 test77_live=0.8489/0.8412 test77_diag_ema=0.8633/0.8585 v13=0.0004 grl=0.0000 v15=0.0000 v15r=0.0000 v16=0.0000 v17=0.0000 v18=0.0000 das=stage3[12,95] p=1.00 ep_time=33.7s
[18:01:56] [train] epoch 94/100 steps=40 use_dann=0 das=stage3 f=[12.0,95.0] p=1.00 gpu=3.0/11.8GB
[18:01:57] [train] ep=94 step=001/40 ce=0.2591 sc=0.6536 mi=0.0512 dn=0.0000 v13=0.0005 grl=0.0000 v15=0.0000 v15r=0.0000 v16=0.0000 v17=0.0000 v18=0.0000 acc=1.0000 lr=3.84e-06 lambda=0.000 grl_lambda=0.000 v18_lambda=0.000 gpu=3.0/11.8GB
[18:02:02] [train] ep=94 step=010/40 ce=0.2577 sc=0.7401 mi=0.0519 dn=0.0000 v13=0.0004 grl=0.0000 v15=0.0000 v15r=0.0000 v16=0.0000 v17=0.0000 v18=0.0000 acc=1.0000 lr=3.60e-06 lambda=0.000 grl_lambda=0.000 v18_lambda=0.000 gpu=3.0/11.8GB
[18:02:08] [train] ep=94 step=020/40 ce=0.3180 sc=0.7789 mi=0.0514 dn=0.0000 v13=0.0005 grl=0.0000 v15=0.0000 v15r=0.0000 v16=0.0000 v17=0.0000 v18=0.0000 acc=0.9969 lr=3.34e-06 lambda=0.000 grl_lambda=0.000 v18_lambda=0.000 gpu=3.0/11.8GB
[18:02:13] [train] ep=94 step=030/40 ce=0.2976 sc=0.7288 mi=0.0520 dn=0.0000 v13=0.0005 grl=0.0000 v15=0.0000 v15r=0.0000 v16=0.0000 v17=0.0000 v18=0.0000 acc=0.9979 lr=3.09e-06 lambda=0.000 grl_lambda=0.000 v18_lambda=0.000 gpu=3.0/11.8GB
[18:02:19] [train] ep=94 step=040/40 ce=0.2875 sc=0.7268 mi=0.0520 dn=0.0000 v13=0.0005 grl=0.0000 v15=0.0000 v15r=0.0000 v16=0.0000 v17=0.0000 v18=0.0000 acc=0.9984 lr=2.85e-06 lambda=0.000 grl_lambda=0.000 v18_lambda=0.000 gpu=3.0/11.8GB
[18:02:30] [ep_summary] ep=94/100 val_live=0.9691/0.9692 val_ema=0.9691/0.9694 test77_live=0.8489/0.8412 test77_diag_ema=0.8597/0.8543 v13=0.0005 grl=0.0000 v15=0.0000 v15r=0.0000 v16=0.0000 v17=0.0000 v18=0.0000 das=stage3[12,95] p=1.00 ep_time=33.9s
[18:02:30] [train] epoch 95/100 steps=40 use_dann=0 das=stage3 f=[12.0,95.0] p=1.00 gpu=3.0/11.8GB
[18:02:30] [train] ep=95 step=001/40 ce=0.2561 sc=0.6305 mi=0.0509 dn=0.0000 v13=0.0007 grl=0.0000 v15=0.0000 v15r=0.0000 v16=0.0000 v17=0.0000 v18=0.0000 acc=1.0000 lr=2.82e-06 lambda=0.000 grl_lambda=0.000 v18_lambda=0.000 gpu=3.0/11.8GB
[18:02:36] [train] ep=95 step=010/40 ce=0.3564 sc=0.7224 mi=0.0513 dn=0.0000 v13=0.0005 grl=0.0000 v15=0.0000 v15r=0.0000 v16=0.0000 v17=0.0000 v18=0.0000 acc=0.9938 lr=2.62e-06 lambda=0.000 grl_lambda=0.000 v18_lambda=0.000 gpu=3.0/11.8GB
[18:02:42] [train] ep=95 step=020/40 ce=0.3069 sc=0.7111 mi=0.0523 dn=0.0000 v13=0.0005 grl=0.0000 v15=0.0000 v15r=0.0000 v16=0.0000 v17=0.0000 v18=0.0000 acc=0.9969 lr=2.40e-06 lambda=0.000 grl_lambda=0.000 v18_lambda=0.000 gpu=3.0/11.8GB
[18:02:47] [train] ep=95 step=030/40 ce=0.2916 sc=0.7340 mi=0.0529 dn=0.0000 v13=0.0005 grl=0.0000 v15=0.0000 v15r=0.0000 v16=0.0000 v17=0.0000 v18=0.0000 acc=0.9979 lr=2.18e-06 lambda=0.000 grl_lambda=0.000 v18_lambda=0.000 gpu=3.0/11.8GB
[18:02:53] [train] ep=95 step=040/40 ce=0.2832 sc=0.7407 mi=0.0528 dn=0.0000 v13=0.0005 grl=0.0000 v15=0.0000 v15r=0.0000 v16=0.0000 v17=0.0000 v18=0.0000 acc=0.9984 lr=1.98e-06 lambda=0.000 grl_lambda=0.000 v18_lambda=0.000 gpu=3.0/11.8GB
[18:03:03] [ep_summary] ep=95/100 val_live=0.9691/0.9692 val_ema=0.9691/0.9694 test77_live=0.8489/0.8412 test77_diag_ema=0.8597/0.8543 v13=0.0005 grl=0.0000 v15=0.0000 v15r=0.0000 v16=0.0000 v17=0.0000 v18=0.0000 das=stage3[12,95] p=1.00 ep_time=33.6s
[18:03:03] [train] epoch 96/100 steps=40 use_dann=0 das=stage3 f=[12.0,95.0] p=1.00 gpu=3.0/11.8GB
[18:03:04] [train] ep=96 step=001/40 ce=0.2567 sc=0.8213 mi=0.0440 dn=0.0000 v13=0.0002 grl=0.0000 v15=0.0000 v15r=0.0000 v16=0.0000 v17=0.0000 v18=0.0000 acc=1.0000 lr=1.96e-06 lambda=0.000 grl_lambda=0.000 v18_lambda=0.000 gpu=3.0/11.8GB
[18:03:09] [train] ep=96 step=010/40 ce=0.2902 sc=0.6559 mi=0.0505 dn=0.0000 v13=0.0005 grl=0.0000 v15=0.0000 v15r=0.0000 v16=0.0000 v17=0.0000 v18=0.0000 acc=1.0000 lr=1.79e-06 lambda=0.000 grl_lambda=0.000 v18_lambda=0.000 gpu=3.0/11.8GB
[18:03:15] [train] ep=96 step=020/40 ce=0.3313 sc=0.6781 mi=0.0519 dn=0.0000 v13=0.0004 grl=0.0000 v15=0.0000 v15r=0.0000 v16=0.0000 v17=0.0000 v18=0.0000 acc=0.9969 lr=1.61e-06 lambda=0.000 grl_lambda=0.000 v18_lambda=0.000 gpu=3.0/11.8GB
[18:03:21] [train] ep=96 step=030/40 ce=0.3328 sc=0.7332 mi=0.0529 dn=0.0000 v13=0.0004 grl=0.0000 v15=0.0000 v15r=0.0000 v16=0.0000 v17=0.0000 v18=0.0000 acc=0.9958 lr=1.44e-06 lambda=0.000 grl_lambda=0.000 v18_lambda=0.000 gpu=3.0/11.8GB
[18:03:27] [train] ep=96 step=040/40 ce=0.3189 sc=0.7474 mi=0.0524 dn=0.0000 v13=0.0004 grl=0.0000 v15=0.0000 v15r=0.0000 v16=0.0000 v17=0.0000 v18=0.0000 acc=0.9969 lr=1.27e-06 lambda=0.000 grl_lambda=0.000 v18_lambda=0.000 gpu=3.0/11.8GB
[18:03:37] [ep_summary] ep=96/100 val_live=0.9691/0.9692 val_ema=0.9691/0.9694 test77_live=0.8525/0.8458 test77_diag_ema=0.8597/0.8543 v13=0.0004 grl=0.0000 v15=0.0000 v15r=0.0000 v16=0.0000 v17=0.0000 v18=0.0000 das=stage3[12,95] p=1.00 ep_time=33.5s
[18:03:37] [train] epoch 97/100 steps=40 use_dann=0 das=stage3 f=[12.0,95.0] p=1.00 gpu=3.0/11.8GB
[18:03:38] [train] ep=97 step=001/40 ce=0.2578 sc=0.6133 mi=0.0528 dn=0.0000 v13=0.0006 grl=0.0000 v15=0.0000 v15r=0.0000 v16=0.0000 v17=0.0000 v18=0.0000 acc=1.0000 lr=1.26e-06 lambda=0.000 grl_lambda=0.000 v18_lambda=0.000 gpu=3.0/11.8GB
[18:03:43] [train] ep=97 step=010/40 ce=0.2727 sc=0.8284 mi=0.0528 dn=0.0000 v13=0.0005 grl=0.0000 v15=0.0000 v15r=0.0000 v16=0.0000 v17=0.0000 v18=0.0000 acc=1.0000 lr=1.12e-06 lambda=0.000 grl_lambda=0.000 v18_lambda=0.000 gpu=3.0/11.8GB
[18:03:49] [train] ep=97 step=020/40 ce=0.2652 sc=0.7375 mi=0.0524 dn=0.0000 v13=0.0004 grl=0.0000 v15=0.0000 v15r=0.0000 v16=0.0000 v17=0.0000 v18=0.0000 acc=1.0000 lr=9.76e-07 lambda=0.000 grl_lambda=0.000 v18_lambda=0.000 gpu=3.0/11.8GB
[18:03:54] [train] ep=97 step=030/40 ce=0.2626 sc=0.7529 mi=0.0523 dn=0.0000 v13=0.0005 grl=0.0000 v15=0.0000 v15r=0.0000 v16=0.0000 v17=0.0000 v18=0.0000 acc=1.0000 lr=8.43e-07 lambda=0.000 grl_lambda=0.000 v18_lambda=0.000 gpu=3.0/11.8GB
[18:04:00] [train] ep=97 step=040/40 ce=0.2627 sc=0.7477 mi=0.0518 dn=0.0000 v13=0.0005 grl=0.0000 v15=0.0000 v15r=0.0000 v16=0.0000 v17=0.0000 v18=0.0000 acc=1.0000 lr=7.19e-07 lambda=0.000 grl_lambda=0.000 v18_lambda=0.000 gpu=3.0/11.8GB
[18:04:10] [ep_summary] ep=97/100 val_live=0.9691/0.9692 val_ema=0.9691/0.9694 test77_live=0.8489/0.8412 test77_diag_ema=0.8597/0.8543 v13=0.0005 grl=0.0000 v15=0.0000 v15r=0.0000 v16=0.0000 v17=0.0000 v18=0.0000 das=stage3[12,95] p=1.00 ep_time=33.4s
[18:04:10] [train] epoch 98/100 steps=40 use_dann=0 das=stage3 f=[12.0,95.0] p=1.00 gpu=3.0/11.8GB
[18:04:11] [train] ep=98 step=001/40 ce=0.2570 sc=0.6460 mi=0.0564 dn=0.0000 v13=0.0005 grl=0.0000 v15=0.0000 v15r=0.0000 v16=0.0000 v17=0.0000 v18=0.0000 acc=1.0000 lr=7.07e-07 lambda=0.000 grl_lambda=0.000 v18_lambda=0.000 gpu=3.0/11.8GB
[18:04:16] [train] ep=98 step=010/40 ce=0.2568 sc=0.6552 mi=0.0511 dn=0.0000 v13=0.0004 grl=0.0000 v15=0.0000 v15r=0.0000 v16=0.0000 v17=0.0000 v18=0.0000 acc=1.0000 lr=6.05e-07 lambda=0.000 grl_lambda=0.000 v18_lambda=0.000 gpu=3.0/11.8GB
[18:04:22] [train] ep=98 step=020/40 ce=0.2582 sc=0.7490 mi=0.0515 dn=0.0000 v13=0.0004 grl=0.0000 v15=0.0000 v15r=0.0000 v16=0.0000 v17=0.0000 v18=0.0000 acc=1.0000 lr=5.01e-07 lambda=0.000 grl_lambda=0.000 v18_lambda=0.000 gpu=3.0/11.8GB
[18:04:28] [train] ep=98 step=030/40 ce=0.2577 sc=0.7708 mi=0.0512 dn=0.0000 v13=0.0004 grl=0.0000 v15=0.0000 v15r=0.0000 v16=0.0000 v17=0.0000 v18=0.0000 acc=1.0000 lr=4.07e-07 lambda=0.000 grl_lambda=0.000 v18_lambda=0.000 gpu=3.0/11.8GB
[18:04:34] [train] ep=98 step=040/40 ce=0.2578 sc=0.7788 mi=0.0514 dn=0.0000 v13=0.0004 grl=0.0000 v15=0.0000 v15r=0.0000 v16=0.0000 v17=0.0000 v18=0.0000 acc=1.0000 lr=3.22e-07 lambda=0.000 grl_lambda=0.000 v18_lambda=0.000 gpu=3.0/11.8GB
[18:04:44] [ep_summary] ep=98/100 val_live=0.9691/0.9692 val_ema=0.9691/0.9694 test77_live=0.8489/0.8412 test77_diag_ema=0.8597/0.8543 v13=0.0004 grl=0.0000 v15=0.0000 v15r=0.0000 v16=0.0000 v17=0.0000 v18=0.0000 das=stage3[12,95] p=1.00 ep_time=33.4s
[18:04:44] [train] epoch 99/100 steps=40 use_dann=0 das=stage3 f=[12.0,95.0] p=1.00 gpu=3.0/11.8GB
[18:04:44] [train] ep=99 step=001/40 ce=0.2561 sc=0.8555 mi=0.0438 dn=0.0000 v13=0.0004 grl=0.0000 v15=0.0000 v15r=0.0000 v16=0.0000 v17=0.0000 v18=0.0000 acc=1.0000 lr=3.15e-07 lambda=0.000 grl_lambda=0.000 v18_lambda=0.000 gpu=3.0/11.8GB
[18:04:50] [train] ep=99 step=010/40 ce=0.2857 sc=0.8369 mi=0.0487 dn=0.0000 v13=0.0004 grl=0.0000 v15=0.0000 v15r=0.0000 v16=0.0000 v17=0.0000 v18=0.0000 acc=1.0000 lr=2.48e-07 lambda=0.000 grl_lambda=0.000 v18_lambda=0.000 gpu=3.0/11.8GB
[18:04:55] [train] ep=99 step=020/40 ce=0.3212 sc=0.8041 mi=0.0494 dn=0.0000 v13=0.0004 grl=0.0000 v15=0.0000 v15r=0.0000 v16=0.0000 v17=0.0000 v18=0.0000 acc=0.9969 lr=1.83e-07 lambda=0.000 grl_lambda=0.000 v18_lambda=0.000 gpu=3.0/11.8GB
[18:05:01] [train] ep=99 step=030/40 ce=0.3000 sc=0.8073 mi=0.0499 dn=0.0000 v13=0.0004 grl=0.0000 v15=0.0000 v15r=0.0000 v16=0.0000 v17=0.0000 v18=0.0000 acc=0.9979 lr=1.28e-07 lambda=0.000 grl_lambda=0.000 v18_lambda=0.000 gpu=3.0/11.8GB
[18:05:07] [train] ep=99 step=040/40 ce=0.3185 sc=0.8201 mi=0.0507 dn=0.0000 v13=0.0004 grl=0.0000 v15=0.0000 v15r=0.0000 v16=0.0000 v17=0.0000 v18=0.0000 acc=0.9969 lr=8.26e-08 lambda=0.000 grl_lambda=0.000 v18_lambda=0.000 gpu=3.0/11.8GB
[18:05:53] [ep_summary] ep=99/100 val_live=0.9691/0.9692 val_ema=0.9691/0.9694 test77_live=0.8489/0.8412 test77_diag_ema=0.8597/0.8543 v13=0.0004 grl=0.0000 v15=0.0000 v15r=0.0000 v16=0.0000 v17=0.0000 v18=0.0000 das=stage3[12,95] p=1.00 ep_time=69.3s
[18:05:53] [train] epoch 100/100 steps=40 use_dann=0 das=stage3 f=[12.0,95.0] p=1.00 gpu=3.0/11.8GB
[18:05:54] [train] ep=100 step=001/40 ce=0.2572 sc=1.0465 mi=0.0535 dn=0.0000 v13=0.0008 grl=0.0000 v15=0.0000 v15r=0.0000 v16=0.0000 v17=0.0000 v18=0.0000 acc=1.0000 lr=7.87e-08 lambda=0.000 grl_lambda=0.000 v18_lambda=0.000 gpu=3.0/11.8GB
[18:05:59] [train] ep=100 step=010/40 ce=0.2571 sc=0.7325 mi=0.0510 dn=0.0000 v13=0.0004 grl=0.0000 v15=0.0000 v15r=0.0000 v16=0.0000 v17=0.0000 v18=0.0000 acc=1.0000 lr=4.72e-08 lambda=0.000 grl_lambda=0.000 v18_lambda=0.000 gpu=3.0/11.8GB
[18:06:05] [train] ep=100 step=020/40 ce=0.2640 sc=0.7492 mi=0.0527 dn=0.0000 v13=0.0004 grl=0.0000 v15=0.0000 v15r=0.0000 v16=0.0000 v17=0.0000 v18=0.0000 acc=1.0000 lr=2.17e-08 lambda=0.000 grl_lambda=0.000 v18_lambda=0.000 gpu=3.0/11.8GB
[18:06:11] [train] ep=100 step=030/40 ce=0.2746 sc=0.7731 mi=0.0526 dn=0.0000 v13=0.0004 grl=0.0000 v15=0.0000 v15r=0.0000 v16=0.0000 v17=0.0000 v18=0.0000 acc=0.9979 lr=5.95e-09 lambda=0.000 grl_lambda=0.000 v18_lambda=0.000 gpu=3.0/11.8GB
[18:06:17] [train] ep=100 step=040/40 ce=0.2702 sc=0.7691 mi=0.0520 dn=0.0000 v13=0.0004 grl=0.0000 v15=0.0000 v15r=0.0000 v16=0.0000 v17=0.0000 v18=0.0000 acc=0.9984 lr=4.92e-11 lambda=0.000 grl_lambda=0.000 v18_lambda=0.000 gpu=3.0/11.8GB
[18:06:27] [pool] check ep=100/100 source_val_acc_ema=0.9753 threshold=0.90
[18:06:41] [pool] ep=100 ADDED src_val=0.9753/0.9755 dev77=0.8000/0.7952 final77=0.8597/0.8542
[18:06:41] [pool] running best ep=070 dev77_f1=0.8046 final77_f1=0.8545 (pool_size=7)
[18:07:23] [ep_summary] ep=100/100 val_live=0.9691/0.9692 val_ema=0.9753/0.9755 test77_live=0.8489/0.8412 test77_diag_ema=0.8597/0.8542 v13=0.0004 grl=0.0000 v15=0.0000 v15r=0.0000 v16=0.0000 v17=0.0000 v18=0.0000 das=stage3[12,95] p=1.00 ep_time=89.4s
[18:07:28] [save] best_sourceval_ema val_acc_ema=0.9753 source_val_live=0.9691/0.9692 source_val_ema=0.9753/0.9755 ep=100
[18:07:28] [strict77_monitor] ep=100 best_source_epoch=100 source_val_ema=0.9753/0.9755 test77_ema_diag=0.8597/0.8542 sourcequalified_count=70 best_sourcequalified77_epoch=74 source_val_ema=0.9630/0.9634 test77_ema=0.8813/0.8792
[18:08:18] [pool] FINAL pool_size=7 best ep=070 dev77_f1=0.8046 final77_f1=0.8545 -> /scratch/st-zliu-1/heqingz/CrossCarrier_Fresh_20260922/CrossCarrier_Repro/EXPERIMENTSRESULT/REVISION_5090/SUPP_ABLATION/ACR_Lfreq_only/seed31415/checkpoints/best_pool_ema.pt
[18:08:18] [train] done best_sourceval_acc_ema=0.9753
[18:08:42] [eval] loaded vit_large_patch16_dinov3_lvd1689m_best_sourceval_ema.pt (sourceval)
[18:08:42] [eval] strict source-val selected by ema acc; heldout77_unused=140 final_test77=278 imgs, seed=42 dev_per_class=20
[18:08:45] [eval] 77GHz final-test acc=0.8597 f1=0.8542
[18:08:45] [eval] 77GHz final-test per-class={'Away': 1.0, 'Bend': 0.5384615384615384, 'Kneel': 0.8095238095238095, 'Pick': 0.95, 'SStep': 1.0, 'Sit': 0.7837837837837838, 'Towards': 0.925}
[18:08:48] [eval] val_all acc=0.9753 f1=0.9755
[18:08:49] [freq_scan:val10] f_virt=15GHz acc=0.9744 f1=0.9760
[18:08:50] [freq_scan:val10] f_virt=30GHz acc=0.9872 f1=0.9881
[18:08:51] [freq_scan:val10] f_virt=50GHz acc=0.9872 f1=0.9881
[18:08:52] [freq_scan:val10] f_virt=77GHz acc=0.9872 f1=0.9881
[18:08:53] [freq_scan:val10] f_virt=99GHz acc=0.9872 f1=0.9881
[18:08:55] [freq_scan:val10] f_virt=120GHz acc=0.9359 f1=0.9397
[18:08:56] [freq_scan:val10] f_virt=140GHz acc=0.9103 f1=0.9110
[18:08:57] [freq_scan:val24] f_virt=15GHz acc=0.9881 f1=0.9881
[18:08:58] [freq_scan:val24] f_virt=30GHz acc=0.9643 f1=0.9637
[18:08:59] [freq_scan:val24] f_virt=50GHz acc=0.9643 f1=0.9637
[18:09:01] [freq_scan:val24] f_virt=77GHz acc=0.9524 f1=0.9517
[18:09:02] [freq_scan:val24] f_virt=99GHz acc=0.9643 f1=0.9631
[18:09:03] [freq_scan:val24] f_virt=120GHz acc=0.9524 f1=0.9517
[18:09:04] [freq_scan:val24] f_virt=140GHz acc=0.9405 f1=0.9395
[18:09:04] [eval] saved eval_sourceval.json
[18:09:16] [eval] loaded vit_large_patch16_dinov3_lvd1689m_best_sourcequalified77_ema.pt (sourcequalified)
[18:09:16] [eval] source-qualified diagnostic selected (source-val ema acc >= 0.90, then best 77GHz ema macro-F1); heldout77_unused=140 final_test77=278 imgs, seed=42 dev_per_class=20
[18:09:19] [eval] 77GHz final-test acc=0.8813 f1=0.8792
[18:09:19] [eval] 77GHz final-test per-class={'Away': 0.975, 'Bend': 0.7435897435897436, 'Kneel': 0.7857142857142857, 'Pick': 0.95, 'SStep': 1.0, 'Sit': 0.7837837837837838, 'Towards': 0.925}
[18:09:21] [eval] val_all acc=0.9630 f1=0.9634
[18:09:22] [freq_scan:val10] f_virt=15GHz acc=0.9744 f1=0.9760
[18:09:23] [freq_scan:val10] f_virt=30GHz acc=0.9872 f1=0.9881
[18:09:24] [freq_scan:val10] f_virt=50GHz acc=0.9872 f1=0.9881
[18:09:25] [freq_scan:val10] f_virt=77GHz acc=0.9744 f1=0.9762
[18:09:26] [freq_scan:val10] f_virt=99GHz acc=0.9744 f1=0.9762
[18:09:28] [freq_scan:val10] f_virt=120GHz acc=0.9359 f1=0.9392
[18:09:29] [freq_scan:val10] f_virt=140GHz acc=0.9103 f1=0.9144
[18:09:30] [freq_scan:val24] f_virt=15GHz acc=0.9762 f1=0.9751
[18:09:31] [freq_scan:val24] f_virt=30GHz acc=0.9524 f1=0.9517
[18:09:32] [freq_scan:val24] f_virt=50GHz acc=0.9643 f1=0.9631
[18:09:34] [freq_scan:val24] f_virt=77GHz acc=0.9643 f1=0.9627
[18:09:35] [freq_scan:val24] f_virt=99GHz acc=0.9643 f1=0.9631
[18:09:36] [freq_scan:val24] f_virt=120GHz acc=0.9643 f1=0.9646
[18:09:37] [freq_scan:val24] f_virt=140GHz acc=0.9405 f1=0.9403
[18:09:37] [eval] saved eval_sourcequalified.json
