[19:23:45] run_dir=/scratch/st-zliu-1/heqingz/CrossCarrier_Fresh_20260922/CrossCarrier_Repro/EXPERIMENTSRESULT/REVISION_5090/SUPP_ABLATION/ACR_discrete/seed1234
[19:23:45] device=cuda
[19:23:45] backbone=vit_large_patch16_dinov3.lvd1689m
[19:23:45] env: manifest_dir=/scratch/st-zliu-1/heqingz/CrossCarrier_Fresh_20260922/CrossCarrier_Repro/tasks/known_people_unknown_freq/manifest dataset_root=/scratch/st-zliu-1/heqingz/CrossCarrier_Fresh_20260922/CrossCarrier_Repro use_dann=False selection=source_val_acc_ema adapter_mode=lora
[19:23:45] set_seed(1234)
[19:24:01] [fast_gpu] source cache 644 imgs (0.39GB) on cuda
[19:24:01] train_source=644 train_src_rows=10:302 24:342 source_steps/epoch=40 val_all=162 heldout77_unused=140 test77_final=278
[19:24:01] [test77_split] seed=42 dev_per_class=20
[19:26:12] V13_GRL_DISCRETE=1 bins=3 CE-on-carrier-bin; log f_eff range=[2.3026,4.5539] bin edges (GHz)=[10.0, 21.18, 44.86, 95.0]
[19:26:12] trainable params=2444804 (encoder_lora+neck+head + miro_proj+v15_falsification+v13_residual_split+v13_grl_carrier_adv)
[19:26:12] logit_prior=[-1.9678890705108643, -1.913821816444397, -1.8427258729934692, -1.9678890705108643, -2.0133514404296875, -1.8929877281188965, -2.036881923675537]
[19:26:12] use_dann=False
[19:26:12] use_das=True
[19:26:12] das_mode=curriculum initial_stage={'name': 'stage1', 'p': 0.35, 'f_low': 10.0, 'f_high': 24.0}
[19:26:12] aug_flags: USE_HFT=True USE_SPEC_AUGMENT=True
[19:26:12] adapter_mode=lora
[19:26:12] schedule: epochs=100 steps/epoch=40 imgs/step=16 total_steps=4000 total_imgs=64000 warmup_steps=120
[19:26:12] source_qualified_policy: val_acc_ema>=0.90 candidates are recorded; best candidate by 77GHz F1 is saved as diagnostic
[19:26:12] [pool] init threshold=0.90 period=10 selection=dev77_f1
[19:26:12] [train] epoch 1/100 steps=40 use_dann=0 das=stage1 f=[10.0,24.0] p=0.35 gpu=3.0/3.0GB
[19:26:35] [train] ep=01 step=001/40 ce=8.0619 sc=2.8275 mi=1.0555 dn=0.0000 v13=0.0027 grl=1.0699 v15=0.0000 v15r=0.0000 v16=0.0000 v17=0.0000 v18=0.0000 acc=0.0625 lr=2.50e-06 lambda=0.000 grl_lambda=0.000 v18_lambda=0.000 gpu=3.0/11.8GB
[19:26:42] [train] ep=01 step=010/40 ce=7.9915 sc=2.7580 mi=1.0412 dn=0.0000 v13=0.0034 grl=1.0704 v15=0.0000 v15r=0.0000 v16=0.0000 v17=0.0000 v18=0.0000 acc=0.1125 lr=2.50e-05 lambda=0.000 grl_lambda=0.011 v18_lambda=0.000 gpu=3.0/11.8GB
[19:26:48] [train] ep=01 step=020/40 ce=7.9263 sc=2.7737 mi=0.9951 dn=0.0000 v13=0.0034 grl=1.0328 v15=0.0000 v15r=0.0000 v16=0.0000 v17=0.0000 v18=0.0000 acc=0.1313 lr=5.00e-05 lambda=0.000 grl_lambda=0.024 v18_lambda=0.000 gpu=3.0/11.8GB
[19:26:54] [train] ep=01 step=030/40 ce=7.8817 sc=2.7641 mi=0.9228 dn=0.0000 v13=0.0029 grl=0.9806 v15=0.0000 v15r=0.0000 v16=0.0000 v17=0.0000 v18=0.0000 acc=0.1521 lr=7.50e-05 lambda=0.000 grl_lambda=0.036 v18_lambda=0.000 gpu=3.0/11.8GB
[19:26:59] [train] ep=01 step=040/40 ce=7.8390 sc=2.7698 mi=0.8338 dn=0.0000 v13=0.0028 grl=0.9333 v15=0.0000 v15r=0.0000 v16=0.0000 v17=0.0000 v18=0.0000 acc=0.1531 lr=1.00e-04 lambda=0.000 grl_lambda=0.049 v18_lambda=0.000 gpu=3.0/11.8GB
[19:27:05] [ep_summary] ep=01/100 val_live=0.1667/0.0692 val_ema=0.0000/0.0000 test77_live=0.1403/0.0352 test77_diag_ema=0.0000/0.0000 v13=0.0028 grl=0.9333 v15=0.0000 v15r=0.0000 v16=0.0000 v17=0.0000 v18=0.0000 das=stage1[10,24] p=0.35 ep_time=52.5s
[19:27:05] [train] epoch 2/100 steps=40 use_dann=0 das=stage1 f=[10.0,24.0] p=0.35 gpu=3.0/11.8GB
[19:27:06] [train] ep=02 step=001/40 ce=7.5282 sc=2.6336 mi=0.4583 dn=0.0000 v13=0.0013 grl=0.6826 v15=0.0000 v15r=0.0000 v16=0.0000 v17=0.0000 v18=0.0000 acc=0.2500 lr=1.02e-04 lambda=0.000 grl_lambda=0.050 v18_lambda=0.000 gpu=3.0/11.8GB
[19:27:11] [train] ep=02 step=010/40 ce=7.3617 sc=2.7568 mi=0.3870 dn=0.0000 v13=0.0022 grl=0.6917 v15=0.0000 v15r=0.0000 v16=0.0000 v17=0.0000 v18=0.0000 acc=0.3063 lr=1.25e-04 lambda=0.000 grl_lambda=0.061 v18_lambda=0.000 gpu=3.0/11.8GB
[19:27:17] [train] ep=02 step=020/40 ce=7.2428 sc=2.7365 mi=0.3265 dn=0.0000 v13=0.0022 grl=0.6824 v15=0.0000 v15r=0.0000 v16=0.0000 v17=0.0000 v18=0.0000 acc=0.3281 lr=1.50e-04 lambda=0.000 grl_lambda=0.074 v18_lambda=0.000 gpu=3.0/11.8GB
[19:27:22] [train] ep=02 step=030/40 ce=7.0889 sc=2.7097 mi=0.2891 dn=0.0000 v13=0.0019 grl=0.6703 v15=0.0000 v15r=0.0000 v16=0.0000 v17=0.0000 v18=0.0000 acc=0.3625 lr=1.75e-04 lambda=0.000 grl_lambda=0.086 v18_lambda=0.000 gpu=3.0/11.8GB
[19:27:28] [train] ep=02 step=040/40 ce=6.8311 sc=2.6549 mi=0.2654 dn=0.0000 v13=0.0017 grl=0.6480 v15=0.0000 v15r=0.0000 v16=0.0000 v17=0.0000 v18=0.0000 acc=0.4016 lr=2.00e-04 lambda=0.000 grl_lambda=0.098 v18_lambda=0.000 gpu=3.0/11.8GB
[19:27:33] [ep_summary] ep=02/100 val_live=0.5309/0.5018 val_ema=0.0000/0.0000 test77_live=0.2626/0.1430 test77_diag_ema=0.0000/0.0000 v13=0.0017 grl=0.6480 v15=0.0000 v15r=0.0000 v16=0.0000 v17=0.0000 v18=0.0000 das=stage1[10,24] p=0.35 ep_time=28.5s
[19:27:33] [train] epoch 3/100 steps=40 use_dann=0 das=stage1 f=[10.0,24.0] p=0.35 gpu=3.0/11.8GB
[19:27:34] [train] ep=03 step=001/40 ce=5.7241 sc=2.5707 mi=0.1918 dn=0.0000 v13=0.0010 grl=0.6703 v15=0.0000 v15r=0.0000 v16=0.0000 v17=0.0000 v18=0.0000 acc=0.5625 lr=2.02e-04 lambda=0.000 grl_lambda=0.100 v18_lambda=0.000 gpu=3.0/11.8GB
[19:27:39] [train] ep=03 step=010/40 ce=5.3155 sc=2.1678 mi=0.2135 dn=0.0000 v13=0.0010 grl=0.6269 v15=0.0000 v15r=0.0000 v16=0.0000 v17=0.0000 v18=0.0000 acc=0.5687 lr=2.25e-04 lambda=0.000 grl_lambda=0.111 v18_lambda=0.000 gpu=3.0/11.8GB
[19:27:45] [train] ep=03 step=020/40 ce=5.4170 sc=2.1077 mi=0.2143 dn=0.0000 v13=0.0010 grl=0.6183 v15=0.0000 v15r=0.0000 v16=0.0000 v17=0.0000 v18=0.0000 acc=0.5687 lr=2.50e-04 lambda=0.000 grl_lambda=0.123 v18_lambda=0.000 gpu=3.0/11.8GB
[19:27:51] [train] ep=03 step=030/40 ce=4.8169 sc=1.9538 mi=0.2117 dn=0.0000 v13=0.0011 grl=0.5984 v15=0.0000 v15r=0.0000 v16=0.0000 v17=0.0000 v18=0.0000 acc=0.6292 lr=2.75e-04 lambda=0.000 grl_lambda=0.135 v18_lambda=0.000 gpu=3.0/11.8GB
[19:27:57] [train] ep=03 step=040/40 ce=4.5041 sc=1.8475 mi=0.2025 dn=0.0000 v13=0.0010 grl=0.5843 v15=0.0000 v15r=0.0000 v16=0.0000 v17=0.0000 v18=0.0000 acc=0.6609 lr=3.00e-04 lambda=0.000 grl_lambda=0.148 v18_lambda=0.000 gpu=3.0/11.8GB
[19:28:02] [ep_summary] ep=03/100 val_live=0.7593/0.7176 val_ema=0.0000/0.0000 test77_live=0.3561/0.2707 test77_diag_ema=0.0000/0.0000 v13=0.0010 grl=0.5843 v15=0.0000 v15r=0.0000 v16=0.0000 v17=0.0000 v18=0.0000 das=stage1[10,24] p=0.35 ep_time=28.4s
[19:28:02] [train] epoch 4/100 steps=40 use_dann=0 das=stage1 f=[10.0,24.0] p=0.35 gpu=3.0/11.8GB
[19:28:02] [train] ep=04 step=001/40 ce=4.8577 sc=1.9589 mi=0.1592 dn=0.0000 v13=0.0012 grl=0.4642 v15=0.0000 v15r=0.0000 v16=0.0000 v17=0.0000 v18=0.0000 acc=0.6875 lr=3.00e-04 lambda=0.000 grl_lambda=0.149 v18_lambda=0.000 gpu=3.0/11.8GB
[19:28:08] [train] ep=04 step=010/40 ce=3.9075 sc=1.8541 mi=0.1527 dn=0.0000 v13=0.0012 grl=0.4826 v15=0.0000 v15r=0.0000 v16=0.0000 v17=0.0000 v18=0.0000 acc=0.7250 lr=3.00e-04 lambda=0.000 grl_lambda=0.160 v18_lambda=0.000 gpu=3.0/11.8GB
[19:28:13] [train] ep=04 step=020/40 ce=3.5838 sc=1.7229 mi=0.1459 dn=0.0000 v13=0.0011 grl=0.4915 v15=0.0000 v15r=0.0000 v16=0.0000 v17=0.0000 v18=0.0000 acc=0.7469 lr=3.00e-04 lambda=0.000 grl_lambda=0.172 v18_lambda=0.000 gpu=3.0/11.8GB
[19:28:19] [train] ep=04 step=030/40 ce=3.5661 sc=1.7929 mi=0.1379 dn=0.0000 v13=0.0011 grl=0.5027 v15=0.0000 v15r=0.0000 v16=0.0000 v17=0.0000 v18=0.0000 acc=0.7500 lr=3.00e-04 lambda=0.000 grl_lambda=0.184 v18_lambda=0.000 gpu=3.0/11.8GB
[19:28:25] [train] ep=04 step=040/40 ce=3.3533 sc=1.6854 mi=0.1332 dn=0.0000 v13=0.0010 grl=0.4929 v15=0.0000 v15r=0.0000 v16=0.0000 v17=0.0000 v18=0.0000 acc=0.7719 lr=3.00e-04 lambda=0.000 grl_lambda=0.196 v18_lambda=0.000 gpu=3.0/11.8GB
[19:28:30] [ep_summary] ep=04/100 val_live=0.8086/0.7588 val_ema=0.0000/0.0000 test77_live=0.6367/0.5901 test77_diag_ema=0.0000/0.0000 v13=0.0010 grl=0.4929 v15=0.0000 v15r=0.0000 v16=0.0000 v17=0.0000 v18=0.0000 das=stage1[10,24] p=0.35 ep_time=28.6s
[19:28:30] [train] epoch 5/100 steps=40 use_dann=0 das=stage1 f=[10.0,24.0] p=0.35 gpu=3.0/11.8GB
[19:28:31] [train] ep=05 step=001/40 ce=2.3328 sc=1.7994 mi=0.1033 dn=0.0000 v13=0.0012 grl=0.4926 v15=0.0000 v15r=0.0000 v16=0.0000 v17=0.0000 v18=0.0000 acc=0.8750 lr=3.00e-04 lambda=0.000 grl_lambda=0.197 v18_lambda=0.000 gpu=3.0/11.8GB
[19:28:36] [train] ep=05 step=010/40 ce=3.1172 sc=1.4828 mi=0.1038 dn=0.0000 v13=0.0008 grl=0.4622 v15=0.0000 v15r=0.0000 v16=0.0000 v17=0.0000 v18=0.0000 acc=0.7688 lr=3.00e-04 lambda=0.000 grl_lambda=0.208 v18_lambda=0.000 gpu=3.0/11.8GB
[19:28:42] [train] ep=05 step=020/40 ce=2.9175 sc=1.4627 mi=0.1006 dn=0.0000 v13=0.0008 grl=0.4607 v15=0.0000 v15r=0.0000 v16=0.0000 v17=0.0000 v18=0.0000 acc=0.7937 lr=3.00e-04 lambda=0.000 grl_lambda=0.220 v18_lambda=0.000 gpu=3.0/11.8GB
[19:28:48] [train] ep=05 step=030/40 ce=2.9395 sc=1.5065 mi=0.0980 dn=0.0000 v13=0.0008 grl=0.4749 v15=0.0000 v15r=0.0000 v16=0.0000 v17=0.0000 v18=0.0000 acc=0.8083 lr=3.00e-04 lambda=0.000 grl_lambda=0.232 v18_lambda=0.000 gpu=3.0/11.8GB
[19:28:54] [train] ep=05 step=040/40 ce=2.9206 sc=1.5024 mi=0.0957 dn=0.0000 v13=0.0007 grl=0.4611 v15=0.0000 v15r=0.0000 v16=0.0000 v17=0.0000 v18=0.0000 acc=0.8063 lr=3.00e-04 lambda=0.000 grl_lambda=0.244 v18_lambda=0.000 gpu=3.0/11.8GB
[19:29:04] [ep_summary] ep=05/100 val_live=0.8457/0.8056 val_ema=0.1975/0.0874 test77_live=0.6799/0.6054 test77_diag_ema=0.1403/0.0352 v13=0.0007 grl=0.4611 v15=0.0000 v15r=0.0000 v16=0.0000 v17=0.0000 v18=0.0000 das=stage1[10,24] p=0.35 ep_time=34.0s
[19:29:04] [save] best_sourceval_ema val_acc_ema=0.1975 source_val_live=0.8457/0.8056 source_val_ema=0.1975/0.0874 ep=5
[19:29:04] [train] epoch 6/100 steps=40 use_dann=0 das=stage1 f=[10.0,24.0] p=0.35 gpu=3.0/11.8GB
[19:29:05] [train] ep=06 step=001/40 ce=4.2712 sc=1.8470 mi=0.0845 dn=0.0000 v13=0.0004 grl=0.3835 v15=0.0000 v15r=0.0000 v16=0.0000 v17=0.0000 v18=0.0000 acc=0.6875 lr=3.00e-04 lambda=0.000 grl_lambda=0.245 v18_lambda=0.000 gpu=3.0/11.8GB
[19:29:10] [train] ep=06 step=010/40 ce=2.3354 sc=1.3797 mi=0.0857 dn=0.0000 v13=0.0005 grl=0.4138 v15=0.0000 v15r=0.0000 v16=0.0000 v17=0.0000 v18=0.0000 acc=0.8438 lr=3.00e-04 lambda=0.000 grl_lambda=0.255 v18_lambda=0.000 gpu=3.0/11.8GB
[19:29:16] [train] ep=06 step=020/40 ce=2.4300 sc=1.3098 mi=0.0862 dn=0.0000 v13=0.0006 grl=0.4267 v15=0.0000 v15r=0.0000 v16=0.0000 v17=0.0000 v18=0.0000 acc=0.8406 lr=3.00e-04 lambda=0.000 grl_lambda=0.267 v18_lambda=0.000 gpu=3.0/11.8GB
[19:29:22] [train] ep=06 step=030/40 ce=2.4242 sc=1.3240 mi=0.0858 dn=0.0000 v13=0.0006 grl=0.4465 v15=0.0000 v15r=0.0000 v16=0.0000 v17=0.0000 v18=0.0000 acc=0.8479 lr=2.99e-04 lambda=0.000 grl_lambda=0.279 v18_lambda=0.000 gpu=3.0/11.8GB
[19:29:28] [train] ep=06 step=040/40 ce=2.4749 sc=1.3665 mi=0.0847 dn=0.0000 v13=0.0006 grl=0.4514 v15=0.0000 v15r=0.0000 v16=0.0000 v17=0.0000 v18=0.0000 acc=0.8438 lr=2.99e-04 lambda=0.000 grl_lambda=0.290 v18_lambda=0.000 gpu=3.0/11.8GB
[19:29:38] [ep_summary] ep=06/100 val_live=0.8951/0.8953 val_ema=0.2037/0.0987 test77_live=0.4712/0.4088 test77_diag_ema=0.1403/0.0352 v13=0.0006 grl=0.4514 v15=0.0000 v15r=0.0000 v16=0.0000 v17=0.0000 v18=0.0000 das=stage1[10,24] p=0.35 ep_time=33.9s
[19:29:38] [save] best_sourceval_ema val_acc_ema=0.2037 source_val_live=0.8951/0.8953 source_val_ema=0.2037/0.0987 ep=6
[19:29:38] [train] epoch 7/100 steps=40 use_dann=0 das=stage1 f=[10.0,24.0] p=0.35 gpu=3.0/11.8GB
[19:29:39] [train] ep=07 step=001/40 ce=2.8824 sc=1.4855 mi=0.0799 dn=0.0000 v13=0.0007 grl=0.4246 v15=0.0000 v15r=0.0000 v16=0.0000 v17=0.0000 v18=0.0000 acc=0.8125 lr=2.99e-04 lambda=0.000 grl_lambda=0.291 v18_lambda=0.000 gpu=3.0/11.8GB
[19:29:44] [train] ep=07 step=010/40 ce=2.5736 sc=1.4230 mi=0.0746 dn=0.0000 v13=0.0006 grl=0.3924 v15=0.0000 v15r=0.0000 v16=0.0000 v17=0.0000 v18=0.0000 acc=0.8375 lr=2.99e-04 lambda=0.000 grl_lambda=0.302 v18_lambda=0.000 gpu=3.0/11.8GB
[19:29:50] [train] ep=07 step=020/40 ce=2.2975 sc=1.4102 mi=0.0759 dn=0.0000 v13=0.0007 grl=0.4537 v15=0.0000 v15r=0.0000 v16=0.0000 v17=0.0000 v18=0.0000 acc=0.8719 lr=2.99e-04 lambda=0.000 grl_lambda=0.313 v18_lambda=0.000 gpu=3.0/11.8GB
[19:29:56] [train] ep=07 step=030/40 ce=2.1441 sc=1.3651 mi=0.0769 dn=0.0000 v13=0.0007 grl=0.4665 v15=0.0000 v15r=0.0000 v16=0.0000 v17=0.0000 v18=0.0000 acc=0.8812 lr=2.99e-04 lambda=0.000 grl_lambda=0.324 v18_lambda=0.000 gpu=3.0/11.8GB
[19:30:02] [train] ep=07 step=040/40 ce=1.9806 sc=1.3095 mi=0.0763 dn=0.0000 v13=0.0006 grl=0.4717 v15=0.0000 v15r=0.0000 v16=0.0000 v17=0.0000 v18=0.0000 acc=0.8953 lr=2.99e-04 lambda=0.000 grl_lambda=0.335 v18_lambda=0.000 gpu=3.0/11.8GB
[19:30:12] [ep_summary] ep=07/100 val_live=0.9259/0.9225 val_ema=0.2099/0.1039 test77_live=0.5288/0.4745 test77_diag_ema=0.1403/0.0352 v13=0.0006 grl=0.4717 v15=0.0000 v15r=0.0000 v16=0.0000 v17=0.0000 v18=0.0000 das=stage1[10,24] p=0.35 ep_time=33.9s
[19:30:12] [save] best_sourceval_ema val_acc_ema=0.2099 source_val_live=0.9259/0.9225 source_val_ema=0.2099/0.1039 ep=7
[19:30:12] [train] epoch 8/100 steps=40 use_dann=0 das=stage1 f=[10.0,24.0] p=0.35 gpu=3.0/11.8GB
[19:30:13] [train] ep=08 step=001/40 ce=1.3146 sc=0.8460 mi=0.0748 dn=0.0000 v13=0.0006 grl=0.5545 v15=0.0000 v15r=0.0000 v16=0.0000 v17=0.0000 v18=0.0000 acc=0.9375 lr=2.99e-04 lambda=0.000 grl_lambda=0.336 v18_lambda=0.000 gpu=3.0/11.8GB
[19:30:18] [train] ep=08 step=010/40 ce=1.5872 sc=1.1902 mi=0.0756 dn=0.0000 v13=0.0007 grl=0.4809 v15=0.0000 v15r=0.0000 v16=0.0000 v17=0.0000 v18=0.0000 acc=0.9187 lr=2.99e-04 lambda=0.000 grl_lambda=0.346 v18_lambda=0.000 gpu=3.0/11.8GB
[19:30:24] [train] ep=08 step=020/40 ce=1.5778 sc=1.2221 mi=0.0781 dn=0.0000 v13=0.0006 grl=0.5155 v15=0.0000 v15r=0.0000 v16=0.0000 v17=0.0000 v18=0.0000 acc=0.9250 lr=2.98e-04 lambda=0.000 grl_lambda=0.357 v18_lambda=0.000 gpu=3.0/11.8GB
[19:30:30] [train] ep=08 step=030/40 ce=1.5304 sc=1.2193 mi=0.0774 dn=0.0000 v13=0.0006 grl=0.5003 v15=0.0000 v15r=0.0000 v16=0.0000 v17=0.0000 v18=0.0000 acc=0.9271 lr=2.98e-04 lambda=0.000 grl_lambda=0.368 v18_lambda=0.000 gpu=3.0/11.8GB
[19:30:36] [train] ep=08 step=040/40 ce=1.6675 sc=1.2050 mi=0.0782 dn=0.0000 v13=0.0006 grl=0.5042 v15=0.0000 v15r=0.0000 v16=0.0000 v17=0.0000 v18=0.0000 acc=0.9172 lr=2.98e-04 lambda=0.000 grl_lambda=0.379 v18_lambda=0.000 gpu=3.0/11.8GB
[19:30:47] [ep_summary] ep=08/100 val_live=0.9321/0.9321 val_ema=0.2160/0.1127 test77_live=0.6295/0.5514 test77_diag_ema=0.1403/0.0352 v13=0.0006 grl=0.5042 v15=0.0000 v15r=0.0000 v16=0.0000 v17=0.0000 v18=0.0000 das=stage1[10,24] p=0.35 ep_time=34.4s
[19:30:47] [save] best_sourceval_ema val_acc_ema=0.2160 source_val_live=0.9321/0.9321 source_val_ema=0.2160/0.1127 ep=8
[19:30:47] [train] epoch 9/100 steps=40 use_dann=0 das=stage2 f=[10.0,50.0] p=0.70 gpu=3.0/11.8GB
[19:30:48] [train] ep=09 step=001/40 ce=0.4802 sc=1.1530 mi=0.0802 dn=0.0000 v13=0.0022 grl=1.4781 v15=0.0000 v15r=0.0000 v16=0.0000 v17=0.0000 v18=0.0000 acc=1.0000 lr=2.98e-04 lambda=0.000 grl_lambda=0.380 v18_lambda=0.000 gpu=3.0/11.8GB
[19:30:53] [train] ep=09 step=010/40 ce=1.4176 sc=1.2005 mi=0.0812 dn=0.0000 v13=0.0015 grl=1.0032 v15=0.0000 v15r=0.0000 v16=0.0000 v17=0.0000 v18=0.0000 acc=0.9437 lr=2.98e-04 lambda=0.000 grl_lambda=0.390 v18_lambda=0.000 gpu=3.0/11.8GB
[19:30:59] [train] ep=09 step=020/40 ce=1.5672 sc=1.2474 mi=0.0805 dn=0.0000 v13=0.0013 grl=0.9875 v15=0.0000 v15r=0.0000 v16=0.0000 v17=0.0000 v18=0.0000 acc=0.9250 lr=2.98e-04 lambda=0.000 grl_lambda=0.400 v18_lambda=0.000 gpu=3.0/11.8GB
[19:31:05] [train] ep=09 step=030/40 ce=1.5498 sc=1.2388 mi=0.0800 dn=0.0000 v13=0.0013 grl=0.9628 v15=0.0000 v15r=0.0000 v16=0.0000 v17=0.0000 v18=0.0000 acc=0.9271 lr=2.97e-04 lambda=0.000 grl_lambda=0.411 v18_lambda=0.000 gpu=3.0/11.8GB
[19:31:10] [train] ep=09 step=040/40 ce=1.5536 sc=1.2075 mi=0.0791 dn=0.0000 v13=0.0012 grl=0.9303 v15=0.0000 v15r=0.0000 v16=0.0000 v17=0.0000 v18=0.0000 acc=0.9281 lr=2.97e-04 lambda=0.000 grl_lambda=0.421 v18_lambda=0.000 gpu=3.0/11.8GB
[19:31:46] [ep_summary] ep=09/100 val_live=0.9383/0.9398 val_ema=0.2160/0.1156 test77_live=0.6727/0.5909 test77_diag_ema=0.1403/0.0352 v13=0.0012 grl=0.9303 v15=0.0000 v15r=0.0000 v16=0.0000 v17=0.0000 v18=0.0000 das=stage2[10,50] p=0.70 ep_time=59.0s
[19:31:46] [train] epoch 10/100 steps=40 use_dann=0 das=stage2 f=[10.0,50.0] p=0.70 gpu=3.0/11.8GB
[19:31:47] [train] ep=10 step=001/40 ce=1.2261 sc=0.9127 mi=0.0768 dn=0.0000 v13=0.0013 grl=0.8305 v15=0.0000 v15r=0.0000 v16=0.0000 v17=0.0000 v18=0.0000 acc=0.9375 lr=2.97e-04 lambda=0.000 grl_lambda=0.422 v18_lambda=0.000 gpu=3.0/11.8GB
[19:31:52] [train] ep=10 step=010/40 ce=1.0657 sc=1.1509 mi=0.0755 dn=0.0000 v13=0.0011 grl=0.8394 v15=0.0000 v15r=0.0000 v16=0.0000 v17=0.0000 v18=0.0000 acc=0.9563 lr=2.97e-04 lambda=0.000 grl_lambda=0.431 v18_lambda=0.000 gpu=3.0/11.8GB
[19:31:58] [train] ep=10 step=020/40 ce=1.2491 sc=1.2079 mi=0.0752 dn=0.0000 v13=0.0012 grl=0.8371 v15=0.0000 v15r=0.0000 v16=0.0000 v17=0.0000 v18=0.0000 acc=0.9406 lr=2.97e-04 lambda=0.000 grl_lambda=0.441 v18_lambda=0.000 gpu=3.0/11.8GB
[19:32:04] [train] ep=10 step=030/40 ce=1.1943 sc=1.1157 mi=0.0756 dn=0.0000 v13=0.0012 grl=0.8524 v15=0.0000 v15r=0.0000 v16=0.0000 v17=0.0000 v18=0.0000 acc=0.9396 lr=2.96e-04 lambda=0.000 grl_lambda=0.451 v18_lambda=0.000 gpu=3.0/11.8GB
[19:32:10] [train] ep=10 step=040/40 ce=1.1319 sc=1.0833 mi=0.0760 dn=0.0000 v13=0.0011 grl=0.8551 v15=0.0000 v15r=0.0000 v16=0.0000 v17=0.0000 v18=0.0000 acc=0.9437 lr=2.96e-04 lambda=0.000 grl_lambda=0.461 v18_lambda=0.000 gpu=3.0/11.8GB
[19:32:20] [pool] check ep=010/100 source_val_acc_ema=0.2160 threshold=0.90
[19:32:20] [pool] ep=010 SKIP (source_val_acc_ema=0.2160 < 0.90)
[19:32:37] [ep_summary] ep=10/100 val_live=0.9630/0.9625 val_ema=0.2160/0.1142 test77_live=0.7194/0.6631 test77_diag_ema=0.1403/0.0352 v13=0.0011 grl=0.8551 v15=0.0000 v15r=0.0000 v16=0.0000 v17=0.0000 v18=0.0000 das=stage2[10,50] p=0.70 ep_time=50.8s
[19:32:37] [strict77_monitor] ep=10 best_source_epoch=8 source_val_ema=0.2160/0.1127 test77_ema_diag=0.1403/0.0352 sourcequalified_count=0
[19:32:37] [train] epoch 11/100 steps=40 use_dann=0 das=stage2 f=[10.0,50.0] p=0.70 gpu=3.0/11.8GB
[19:32:39] [train] ep=11 step=001/40 ce=1.2524 sc=1.2716 mi=0.0826 dn=0.0000 v13=0.0009 grl=0.6150 v15=0.0000 v15r=0.0000 v16=0.0000 v17=0.0000 v18=0.0000 acc=0.9375 lr=2.96e-04 lambda=0.000 grl_lambda=0.462 v18_lambda=0.000 gpu=3.0/11.8GB
[19:32:44] [train] ep=11 step=010/40 ce=1.2244 sc=1.0033 mi=0.0724 dn=0.0000 v13=0.0009 grl=0.7665 v15=0.0000 v15r=0.0000 v16=0.0000 v17=0.0000 v18=0.0000 acc=0.9500 lr=2.96e-04 lambda=0.000 grl_lambda=0.471 v18_lambda=0.000 gpu=3.0/11.8GB
[19:32:50] [train] ep=11 step=020/40 ce=1.3191 sc=1.0693 mi=0.0721 dn=0.0000 v13=0.0009 grl=0.7852 v15=0.0000 v15r=0.0000 v16=0.0000 v17=0.0000 v18=0.0000 acc=0.9344 lr=2.96e-04 lambda=0.000 grl_lambda=0.481 v18_lambda=0.000 gpu=3.0/11.8GB
[19:32:56] [train] ep=11 step=030/40 ce=1.2341 sc=1.0668 mi=0.0735 dn=0.0000 v13=0.0009 grl=0.8090 v15=0.0000 v15r=0.0000 v16=0.0000 v17=0.0000 v18=0.0000 acc=0.9417 lr=2.95e-04 lambda=0.000 grl_lambda=0.490 v18_lambda=0.000 gpu=3.0/11.8GB
[19:33:01] [train] ep=11 step=040/40 ce=1.1509 sc=1.0280 mi=0.0739 dn=0.0000 v13=0.0009 grl=0.8241 v15=0.0000 v15r=0.0000 v16=0.0000 v17=0.0000 v18=0.0000 acc=0.9484 lr=2.95e-04 lambda=0.000 grl_lambda=0.500 v18_lambda=0.000 gpu=3.0/11.8GB
[19:33:12] [ep_summary] ep=11/100 val_live=0.9506/0.9499 val_ema=0.2160/0.1172 test77_live=0.7266/0.6785 test77_diag_ema=0.1403/0.0352 v13=0.0009 grl=0.8241 v15=0.0000 v15r=0.0000 v16=0.0000 v17=0.0000 v18=0.0000 das=stage2[10,50] p=0.70 ep_time=35.3s
[19:33:12] [train] epoch 12/100 steps=40 use_dann=0 das=stage2 f=[10.0,50.0] p=0.70 gpu=3.0/11.8GB
[19:33:13] [train] ep=12 step=001/40 ce=0.5195 sc=0.3501 mi=0.0719 dn=0.0000 v13=0.0008 grl=0.7586 v15=0.0000 v15r=0.0000 v16=0.0000 v17=0.0000 v18=0.0000 acc=1.0000 lr=2.95e-04 lambda=0.000 grl_lambda=0.501 v18_lambda=0.000 gpu=3.0/11.8GB
[19:33:18] [train] ep=12 step=010/40 ce=1.1419 sc=1.0854 mi=0.0756 dn=0.0000 v13=0.0007 grl=0.8296 v15=0.0000 v15r=0.0000 v16=0.0000 v17=0.0000 v18=0.0000 acc=0.9437 lr=2.95e-04 lambda=0.000 grl_lambda=0.509 v18_lambda=0.000 gpu=3.0/11.8GB
[19:33:24] [train] ep=12 step=020/40 ce=1.0105 sc=1.0415 mi=0.0737 dn=0.0000 v13=0.0009 grl=0.8247 v15=0.0000 v15r=0.0000 v16=0.0000 v17=0.0000 v18=0.0000 acc=0.9531 lr=2.94e-04 lambda=0.000 grl_lambda=0.518 v18_lambda=0.000 gpu=3.0/11.8GB
[19:33:30] [train] ep=12 step=030/40 ce=1.0668 sc=1.0385 mi=0.0728 dn=0.0000 v13=0.0009 grl=0.8255 v15=0.0000 v15r=0.0000 v16=0.0000 v17=0.0000 v18=0.0000 acc=0.9521 lr=2.94e-04 lambda=0.000 grl_lambda=0.527 v18_lambda=0.000 gpu=3.0/11.8GB
[19:33:36] [train] ep=12 step=040/40 ce=1.0293 sc=1.0338 mi=0.0726 dn=0.0000 v13=0.0009 grl=0.8222 v15=0.0000 v15r=0.0000 v16=0.0000 v17=0.0000 v18=0.0000 acc=0.9563 lr=2.94e-04 lambda=0.000 grl_lambda=0.536 v18_lambda=0.000 gpu=3.0/11.8GB
[19:33:46] [ep_summary] ep=12/100 val_live=0.9753/0.9752 val_ema=0.2222/0.1318 test77_live=0.8345/0.8252 test77_diag_ema=0.1403/0.0352 v13=0.0009 grl=0.8222 v15=0.0000 v15r=0.0000 v16=0.0000 v17=0.0000 v18=0.0000 das=stage2[10,50] p=0.70 ep_time=34.1s
[19:33:46] [save] best_sourceval_ema val_acc_ema=0.2222 source_val_live=0.9753/0.9752 source_val_ema=0.2222/0.1318 ep=12
[19:33:46] [train] epoch 13/100 steps=40 use_dann=0 das=stage2 f=[10.0,50.0] p=0.70 gpu=3.0/11.8GB
[19:33:47] [train] ep=13 step=001/40 ce=0.6977 sc=0.7585 mi=0.0754 dn=0.0000 v13=0.0009 grl=0.6408 v15=0.0000 v15r=0.0000 v16=0.0000 v17=0.0000 v18=0.0000 acc=1.0000 lr=2.94e-04 lambda=0.000 grl_lambda=0.537 v18_lambda=0.000 gpu=3.0/11.8GB
[19:33:52] [train] ep=13 step=010/40 ce=0.6065 sc=0.8421 mi=0.0703 dn=0.0000 v13=0.0008 grl=0.8573 v15=0.0000 v15r=0.0000 v16=0.0000 v17=0.0000 v18=0.0000 acc=0.9812 lr=2.93e-04 lambda=0.000 grl_lambda=0.545 v18_lambda=0.000 gpu=3.0/11.8GB
[19:33:58] [train] ep=13 step=020/40 ce=0.5970 sc=0.8938 mi=0.0708 dn=0.0000 v13=0.0009 grl=0.8640 v15=0.0000 v15r=0.0000 v16=0.0000 v17=0.0000 v18=0.0000 acc=0.9844 lr=2.93e-04 lambda=0.000 grl_lambda=0.554 v18_lambda=0.000 gpu=3.0/11.8GB
[19:34:04] [train] ep=13 step=030/40 ce=0.6446 sc=0.9004 mi=0.0717 dn=0.0000 v13=0.0010 grl=0.8568 v15=0.0000 v15r=0.0000 v16=0.0000 v17=0.0000 v18=0.0000 acc=0.9771 lr=2.93e-04 lambda=0.000 grl_lambda=0.562 v18_lambda=0.000 gpu=3.0/11.8GB
[19:34:10] [train] ep=13 step=040/40 ce=0.6715 sc=0.9112 mi=0.0715 dn=0.0000 v13=0.0009 grl=0.8482 v15=0.0000 v15r=0.0000 v16=0.0000 v17=0.0000 v18=0.0000 acc=0.9750 lr=2.92e-04 lambda=0.000 grl_lambda=0.571 v18_lambda=0.000 gpu=3.0/11.8GB
[19:34:20] [ep_summary] ep=13/100 val_live=0.9506/0.9499 val_ema=0.2654/0.2020 test77_live=0.8201/0.8137 test77_diag_ema=0.1403/0.0352 v13=0.0009 grl=0.8482 v15=0.0000 v15r=0.0000 v16=0.0000 v17=0.0000 v18=0.0000 das=stage2[10,50] p=0.70 ep_time=34.0s
[19:34:20] [save] best_sourceval_ema val_acc_ema=0.2654 source_val_live=0.9506/0.9499 source_val_ema=0.2654/0.2020 ep=13
[19:34:20] [train] epoch 14/100 steps=40 use_dann=0 das=stage2 f=[10.0,50.0] p=0.70 gpu=3.0/11.8GB
[19:34:21] [train] ep=14 step=001/40 ce=1.7976 sc=1.4910 mi=0.0842 dn=0.0000 v13=0.0008 grl=0.6325 v15=0.0000 v15r=0.0000 v16=0.0000 v17=0.0000 v18=0.0000 acc=0.8750 lr=2.92e-04 lambda=0.000 grl_lambda=0.572 v18_lambda=0.000 gpu=3.0/11.8GB
[19:34:26] [train] ep=14 step=010/40 ce=0.9379 sc=0.9631 mi=0.0754 dn=0.0000 v13=0.0008 grl=0.8488 v15=0.0000 v15r=0.0000 v16=0.0000 v17=0.0000 v18=0.0000 acc=0.9563 lr=2.92e-04 lambda=0.000 grl_lambda=0.579 v18_lambda=0.000 gpu=3.0/11.8GB
[19:34:32] [train] ep=14 step=020/40 ce=0.8865 sc=0.9348 mi=0.0737 dn=0.0000 v13=0.0008 grl=0.8798 v15=0.0000 v15r=0.0000 v16=0.0000 v17=0.0000 v18=0.0000 acc=0.9563 lr=2.91e-04 lambda=0.000 grl_lambda=0.587 v18_lambda=0.000 gpu=3.0/11.8GB
[19:34:38] [train] ep=14 step=030/40 ce=0.9630 sc=0.9675 mi=0.0731 dn=0.0000 v13=0.0008 grl=0.8613 v15=0.0000 v15r=0.0000 v16=0.0000 v17=0.0000 v18=0.0000 acc=0.9542 lr=2.91e-04 lambda=0.000 grl_lambda=0.596 v18_lambda=0.000 gpu=3.0/11.8GB
[19:34:44] [train] ep=14 step=040/40 ce=0.9061 sc=0.9898 mi=0.0717 dn=0.0000 v13=0.0009 grl=0.8495 v15=0.0000 v15r=0.0000 v16=0.0000 v17=0.0000 v18=0.0000 acc=0.9594 lr=2.91e-04 lambda=0.000 grl_lambda=0.604 v18_lambda=0.000 gpu=3.0/11.8GB
[19:34:54] [ep_summary] ep=14/100 val_live=0.9568/0.9569 val_ema=0.3148/0.2861 test77_live=0.7410/0.7000 test77_diag_ema=0.1403/0.0352 v13=0.0009 grl=0.8495 v15=0.0000 v15r=0.0000 v16=0.0000 v17=0.0000 v18=0.0000 das=stage2[10,50] p=0.70 ep_time=34.0s
[19:34:54] [save] best_sourceval_ema val_acc_ema=0.3148 source_val_live=0.9568/0.9569 source_val_ema=0.3148/0.2861 ep=14
[19:34:54] [train] epoch 15/100 steps=40 use_dann=0 das=stage2 f=[10.0,50.0] p=0.70 gpu=3.0/11.8GB
[19:34:55] [train] ep=15 step=001/40 ce=0.3191 sc=1.0077 mi=0.0794 dn=0.0000 v13=0.0007 grl=1.2180 v15=0.0000 v15r=0.0000 v16=0.0000 v17=0.0000 v18=0.0000 acc=1.0000 lr=2.91e-04 lambda=0.000 grl_lambda=0.604 v18_lambda=0.000 gpu=3.0/11.8GB
[19:35:00] [train] ep=15 step=010/40 ce=0.8966 sc=0.9692 mi=0.0702 dn=0.0000 v13=0.0009 grl=0.8700 v15=0.0000 v15r=0.0000 v16=0.0000 v17=0.0000 v18=0.0000 acc=0.9563 lr=2.90e-04 lambda=0.000 grl_lambda=0.611 v18_lambda=0.000 gpu=3.0/11.8GB
[19:35:06] [train] ep=15 step=020/40 ce=0.7448 sc=0.9236 mi=0.0691 dn=0.0000 v13=0.0008 grl=0.8593 v15=0.0000 v15r=0.0000 v16=0.0000 v17=0.0000 v18=0.0000 acc=0.9719 lr=2.90e-04 lambda=0.000 grl_lambda=0.619 v18_lambda=0.000 gpu=3.0/11.8GB
[19:35:12] [train] ep=15 step=030/40 ce=0.8323 sc=0.9360 mi=0.0698 dn=0.0000 v13=0.0008 grl=0.8977 v15=0.0000 v15r=0.0000 v16=0.0000 v17=0.0000 v18=0.0000 acc=0.9688 lr=2.89e-04 lambda=0.000 grl_lambda=0.627 v18_lambda=0.000 gpu=3.0/11.8GB
[19:35:18] [train] ep=15 step=040/40 ce=0.8031 sc=0.9035 mi=0.0710 dn=0.0000 v13=0.0008 grl=0.8910 v15=0.0000 v15r=0.0000 v16=0.0000 v17=0.0000 v18=0.0000 acc=0.9703 lr=2.89e-04 lambda=0.000 grl_lambda=0.634 v18_lambda=0.000 gpu=3.0/11.8GB
[19:35:29] [ep_summary] ep=15/100 val_live=0.9506/0.9495 val_ema=0.3765/0.3726 test77_live=0.7626/0.7531 test77_diag_ema=0.1403/0.0352 v13=0.0008 grl=0.8910 v15=0.0000 v15r=0.0000 v16=0.0000 v17=0.0000 v18=0.0000 das=stage2[10,50] p=0.70 ep_time=34.4s
[19:35:29] [save] best_sourceval_ema val_acc_ema=0.3765 source_val_live=0.9506/0.9495 source_val_ema=0.3765/0.3726 ep=15
[19:35:29] [train] epoch 16/100 steps=40 use_dann=0 das=stage2 f=[10.0,50.0] p=0.70 gpu=3.0/11.8GB
[19:35:29] [train] ep=16 step=001/40 ce=0.3027 sc=0.4653 mi=0.0743 dn=0.0000 v13=0.0006 grl=0.8758 v15=0.0000 v15r=0.0000 v16=0.0000 v17=0.0000 v18=0.0000 acc=1.0000 lr=2.89e-04 lambda=0.000 grl_lambda=0.635 v18_lambda=0.000 gpu=3.0/11.8GB
[19:35:35] [train] ep=16 step=010/40 ce=0.6602 sc=0.7899 mi=0.0688 dn=0.0000 v13=0.0008 grl=0.8107 v15=0.0000 v15r=0.0000 v16=0.0000 v17=0.0000 v18=0.0000 acc=0.9750 lr=2.88e-04 lambda=0.000 grl_lambda=0.642 v18_lambda=0.000 gpu=3.0/11.8GB
[19:35:40] [train] ep=16 step=020/40 ce=0.6165 sc=0.8148 mi=0.0692 dn=0.0000 v13=0.0008 grl=0.8636 v15=0.0000 v15r=0.0000 v16=0.0000 v17=0.0000 v18=0.0000 acc=0.9812 lr=2.88e-04 lambda=0.000 grl_lambda=0.649 v18_lambda=0.000 gpu=3.0/11.8GB
[19:35:46] [train] ep=16 step=030/40 ce=0.6304 sc=0.8772 mi=0.0684 dn=0.0000 v13=0.0009 grl=0.8466 v15=0.0000 v15r=0.0000 v16=0.0000 v17=0.0000 v18=0.0000 acc=0.9812 lr=2.87e-04 lambda=0.000 grl_lambda=0.656 v18_lambda=0.000 gpu=3.0/11.8GB
[19:35:52] [train] ep=16 step=040/40 ce=0.6905 sc=0.8949 mi=0.0689 dn=0.0000 v13=0.0009 grl=0.8443 v15=0.0000 v15r=0.0000 v16=0.0000 v17=0.0000 v18=0.0000 acc=0.9766 lr=2.87e-04 lambda=0.000 grl_lambda=0.663 v18_lambda=0.000 gpu=3.0/11.8GB
[19:36:03] [ep_summary] ep=16/100 val_live=0.9383/0.9382 val_ema=0.4383/0.4470 test77_live=0.8309/0.8289 test77_diag_ema=0.1403/0.0352 v13=0.0009 grl=0.8443 v15=0.0000 v15r=0.0000 v16=0.0000 v17=0.0000 v18=0.0000 das=stage2[10,50] p=0.70 ep_time=34.1s
[19:36:03] [save] best_sourceval_ema val_acc_ema=0.4383 source_val_live=0.9383/0.9382 source_val_ema=0.4383/0.4470 ep=16
[19:36:03] [train] epoch 17/100 steps=40 use_dann=0 das=stage2 f=[10.0,50.0] p=0.70 gpu=3.0/11.8GB
[19:36:04] [train] ep=17 step=001/40 ce=0.7306 sc=0.7475 mi=0.0708 dn=0.0000 v13=0.0004 grl=1.0584 v15=0.0000 v15r=0.0000 v16=0.0000 v17=0.0000 v18=0.0000 acc=1.0000 lr=2.87e-04 lambda=0.000 grl_lambda=0.664 v18_lambda=0.000 gpu=3.0/11.8GB
[19:36:09] [train] ep=17 step=010/40 ce=0.6199 sc=0.8785 mi=0.0688 dn=0.0000 v13=0.0009 grl=0.8429 v15=0.0000 v15r=0.0000 v16=0.0000 v17=0.0000 v18=0.0000 acc=0.9875 lr=2.86e-04 lambda=0.000 grl_lambda=0.670 v18_lambda=0.000 gpu=3.0/11.8GB
[19:36:15] [train] ep=17 step=020/40 ce=0.6238 sc=0.8946 mi=0.0700 dn=0.0000 v13=0.0008 grl=0.8653 v15=0.0000 v15r=0.0000 v16=0.0000 v17=0.0000 v18=0.0000 acc=0.9875 lr=2.86e-04 lambda=0.000 grl_lambda=0.677 v18_lambda=0.000 gpu=3.0/11.8GB
[19:36:21] [train] ep=17 step=030/40 ce=0.6108 sc=0.9203 mi=0.0692 dn=0.0000 v13=0.0008 grl=0.8409 v15=0.0000 v15r=0.0000 v16=0.0000 v17=0.0000 v18=0.0000 acc=0.9854 lr=2.85e-04 lambda=0.000 grl_lambda=0.684 v18_lambda=0.000 gpu=3.0/11.8GB
[19:36:27] [train] ep=17 step=040/40 ce=0.6872 sc=0.9391 mi=0.0685 dn=0.0000 v13=0.0007 grl=0.8667 v15=0.0000 v15r=0.0000 v16=0.0000 v17=0.0000 v18=0.0000 acc=0.9797 lr=2.85e-04 lambda=0.000 grl_lambda=0.690 v18_lambda=0.000 gpu=3.0/11.8GB
[19:36:37] [ep_summary] ep=17/100 val_live=0.9444/0.9439 val_ema=0.4938/0.5022 test77_live=0.7914/0.7859 test77_diag_ema=0.1403/0.0352 v13=0.0007 grl=0.8667 v15=0.0000 v15r=0.0000 v16=0.0000 v17=0.0000 v18=0.0000 das=stage2[10,50] p=0.70 ep_time=34.0s
[19:36:37] [save] best_sourceval_ema val_acc_ema=0.4938 source_val_live=0.9444/0.9439 source_val_ema=0.4938/0.5022 ep=17
[19:36:37] [train] epoch 18/100 steps=40 use_dann=0 das=stage2 f=[10.0,50.0] p=0.70 gpu=3.0/11.8GB
[19:36:38] [train] ep=18 step=001/40 ce=0.3036 sc=0.8259 mi=0.0644 dn=0.0000 v13=0.0016 grl=0.8988 v15=0.0000 v15r=0.0000 v16=0.0000 v17=0.0000 v18=0.0000 acc=1.0000 lr=2.85e-04 lambda=0.000 grl_lambda=0.691 v18_lambda=0.000 gpu=3.0/11.8GB
[19:36:43] [train] ep=18 step=010/40 ce=0.8736 sc=0.9891 mi=0.0701 dn=0.0000 v13=0.0010 grl=0.9038 v15=0.0000 v15r=0.0000 v16=0.0000 v17=0.0000 v18=0.0000 acc=0.9437 lr=2.84e-04 lambda=0.000 grl_lambda=0.697 v18_lambda=0.000 gpu=3.0/11.8GB
[19:36:49] [train] ep=18 step=020/40 ce=0.8112 sc=1.0089 mi=0.0703 dn=0.0000 v13=0.0009 grl=0.9134 v15=0.0000 v15r=0.0000 v16=0.0000 v17=0.0000 v18=0.0000 acc=0.9563 lr=2.84e-04 lambda=0.000 grl_lambda=0.703 v18_lambda=0.000 gpu=3.0/11.8GB
[19:36:55] [train] ep=18 step=030/40 ce=0.7693 sc=0.9859 mi=0.0694 dn=0.0000 v13=0.0009 grl=0.8926 v15=0.0000 v15r=0.0000 v16=0.0000 v17=0.0000 v18=0.0000 acc=0.9625 lr=2.83e-04 lambda=0.000 grl_lambda=0.710 v18_lambda=0.000 gpu=3.0/11.8GB
[19:37:01] [train] ep=18 step=040/40 ce=0.6961 sc=0.9573 mi=0.0680 dn=0.0000 v13=0.0009 grl=0.8931 v15=0.0000 v15r=0.0000 v16=0.0000 v17=0.0000 v18=0.0000 acc=0.9672 lr=2.83e-04 lambda=0.000 grl_lambda=0.716 v18_lambda=0.000 gpu=3.0/11.8GB
[19:37:48] [ep_summary] ep=18/100 val_live=0.9506/0.9503 val_ema=0.5556/0.5565 test77_live=0.7590/0.7056 test77_diag_ema=0.1403/0.0352 v13=0.0009 grl=0.8931 v15=0.0000 v15r=0.0000 v16=0.0000 v17=0.0000 v18=0.0000 das=stage2[10,50] p=0.70 ep_time=70.9s
[19:37:48] [save] best_sourceval_ema val_acc_ema=0.5556 source_val_live=0.9506/0.9503 source_val_ema=0.5556/0.5565 ep=18
[19:37:48] [train] epoch 19/100 steps=40 use_dann=0 das=stage2 f=[10.0,50.0] p=0.70 gpu=3.0/11.8GB
[19:37:49] [train] ep=19 step=001/40 ce=0.3202 sc=0.6540 mi=0.0636 dn=0.0000 v13=0.0006 grl=0.7426 v15=0.0000 v15r=0.0000 v16=0.0000 v17=0.0000 v18=0.0000 acc=1.0000 lr=2.83e-04 lambda=0.000 grl_lambda=0.716 v18_lambda=0.000 gpu=3.0/11.8GB
[19:37:54] [train] ep=19 step=010/40 ce=0.5596 sc=0.8954 mi=0.0689 dn=0.0000 v13=0.0008 grl=0.8720 v15=0.0000 v15r=0.0000 v16=0.0000 v17=0.0000 v18=0.0000 acc=0.9875 lr=2.82e-04 lambda=0.000 grl_lambda=0.722 v18_lambda=0.000 gpu=3.0/11.8GB
[19:38:00] [train] ep=19 step=020/40 ce=0.5488 sc=0.9263 mi=0.0699 dn=0.0000 v13=0.0008 grl=0.8852 v15=0.0000 v15r=0.0000 v16=0.0000 v17=0.0000 v18=0.0000 acc=0.9844 lr=2.82e-04 lambda=0.000 grl_lambda=0.728 v18_lambda=0.000 gpu=3.0/11.8GB
[19:38:06] [train] ep=19 step=030/40 ce=0.5792 sc=0.9161 mi=0.0679 dn=0.0000 v13=0.0008 grl=0.8610 v15=0.0000 v15r=0.0000 v16=0.0000 v17=0.0000 v18=0.0000 acc=0.9812 lr=2.81e-04 lambda=0.000 grl_lambda=0.733 v18_lambda=0.000 gpu=3.0/11.8GB
[19:38:12] [train] ep=19 step=040/40 ce=0.5621 sc=0.9148 mi=0.0674 dn=0.0000 v13=0.0008 grl=0.8521 v15=0.0000 v15r=0.0000 v16=0.0000 v17=0.0000 v18=0.0000 acc=0.9812 lr=2.80e-04 lambda=0.000 grl_lambda=0.739 v18_lambda=0.000 gpu=3.0/11.8GB
[19:38:23] [ep_summary] ep=19/100 val_live=0.9630/0.9633 val_ema=0.5988/0.5917 test77_live=0.7734/0.7206 test77_diag_ema=0.1403/0.0352 v13=0.0008 grl=0.8521 v15=0.0000 v15r=0.0000 v16=0.0000 v17=0.0000 v18=0.0000 das=stage2[10,50] p=0.70 ep_time=34.4s
[19:38:23] [save] best_sourceval_ema val_acc_ema=0.5988 source_val_live=0.9630/0.9633 source_val_ema=0.5988/0.5917 ep=19
[19:38:23] [train] epoch 20/100 steps=40 use_dann=0 das=stage2 f=[10.0,50.0] p=0.70 gpu=3.0/11.8GB
[19:38:23] [train] ep=20 step=001/40 ce=1.7520 sc=1.4894 mi=0.0606 dn=0.0000 v13=0.0008 grl=1.0678 v15=0.0000 v15r=0.0000 v16=0.0000 v17=0.0000 v18=0.0000 acc=0.8750 lr=2.80e-04 lambda=0.000 grl_lambda=0.740 v18_lambda=0.000 gpu=3.0/11.8GB
[19:38:29] [train] ep=20 step=010/40 ce=0.6542 sc=0.9042 mi=0.0646 dn=0.0000 v13=0.0008 grl=0.8901 v15=0.0000 v15r=0.0000 v16=0.0000 v17=0.0000 v18=0.0000 acc=0.9812 lr=2.80e-04 lambda=0.000 grl_lambda=0.745 v18_lambda=0.000 gpu=3.0/11.8GB
[19:38:34] [train] ep=20 step=020/40 ce=0.6250 sc=0.9138 mi=0.0670 dn=0.0000 v13=0.0008 grl=0.8575 v15=0.0000 v15r=0.0000 v16=0.0000 v17=0.0000 v18=0.0000 acc=0.9781 lr=2.79e-04 lambda=0.000 grl_lambda=0.750 v18_lambda=0.000 gpu=3.0/11.8GB
[19:38:40] [train] ep=20 step=030/40 ce=0.5787 sc=0.8794 mi=0.0674 dn=0.0000 v13=0.0008 grl=0.8633 v15=0.0000 v15r=0.0000 v16=0.0000 v17=0.0000 v18=0.0000 acc=0.9833 lr=2.79e-04 lambda=0.000 grl_lambda=0.756 v18_lambda=0.000 gpu=3.0/11.8GB
[19:38:46] [train] ep=20 step=040/40 ce=0.5281 sc=0.8605 mi=0.0666 dn=0.0000 v13=0.0008 grl=0.8527 v15=0.0000 v15r=0.0000 v16=0.0000 v17=0.0000 v18=0.0000 acc=0.9859 lr=2.78e-04 lambda=0.000 grl_lambda=0.761 v18_lambda=0.000 gpu=3.0/11.8GB
[19:38:57] [pool] check ep=020/100 source_val_acc_ema=0.6543 threshold=0.90
[19:38:57] [pool] ep=020 SKIP (source_val_acc_ema=0.6543 < 0.90)
[19:38:57] [ep_summary] ep=20/100 val_live=0.9444/0.9440 val_ema=0.6543/0.6379 test77_live=0.7410/0.6846 test77_diag_ema=0.1403/0.0352 v13=0.0008 grl=0.8527 v15=0.0000 v15r=0.0000 v16=0.0000 v17=0.0000 v18=0.0000 das=stage2[10,50] p=0.70 ep_time=34.2s
[19:38:57] [save] best_sourceval_ema val_acc_ema=0.6543 source_val_live=0.9444/0.9440 source_val_ema=0.6543/0.6379 ep=20
[19:38:57] [strict77_monitor] ep=20 best_source_epoch=20 source_val_ema=0.6543/0.6379 test77_ema_diag=0.1403/0.0352 sourcequalified_count=0
[19:38:57] [train] epoch 21/100 steps=40 use_dann=0 das=stage2 f=[10.0,50.0] p=0.70 gpu=3.0/11.8GB
[19:38:58] [train] ep=21 step=001/40 ce=0.3250 sc=0.4629 mi=0.0661 dn=0.0000 v13=0.0002 grl=0.8039 v15=0.0000 v15r=0.0000 v16=0.0000 v17=0.0000 v18=0.0000 acc=1.0000 lr=2.78e-04 lambda=0.000 grl_lambda=0.762 v18_lambda=0.000 gpu=3.0/11.8GB
[19:39:03] [train] ep=21 step=010/40 ce=0.5372 sc=0.7783 mi=0.0657 dn=0.0000 v13=0.0008 grl=0.7903 v15=0.0000 v15r=0.0000 v16=0.0000 v17=0.0000 v18=0.0000 acc=0.9875 lr=2.77e-04 lambda=0.000 grl_lambda=0.766 v18_lambda=0.000 gpu=3.0/11.8GB
[19:39:09] [train] ep=21 step=020/40 ce=0.5811 sc=0.8804 mi=0.0658 dn=0.0000 v13=0.0008 grl=0.7983 v15=0.0000 v15r=0.0000 v16=0.0000 v17=0.0000 v18=0.0000 acc=0.9812 lr=2.77e-04 lambda=0.000 grl_lambda=0.771 v18_lambda=0.000 gpu=3.0/11.8GB
[19:39:15] [train] ep=21 step=030/40 ce=0.5251 sc=0.8589 mi=0.0654 dn=0.0000 v13=0.0008 grl=0.8005 v15=0.0000 v15r=0.0000 v16=0.0000 v17=0.0000 v18=0.0000 acc=0.9833 lr=2.76e-04 lambda=0.000 grl_lambda=0.776 v18_lambda=0.000 gpu=3.0/11.8GB
[19:39:20] [train] ep=21 step=040/40 ce=0.5172 sc=0.8419 mi=0.0655 dn=0.0000 v13=0.0008 grl=0.8061 v15=0.0000 v15r=0.0000 v16=0.0000 v17=0.0000 v18=0.0000 acc=0.9844 lr=2.75e-04 lambda=0.000 grl_lambda=0.781 v18_lambda=0.000 gpu=3.0/11.8GB
[19:39:31] [ep_summary] ep=21/100 val_live=0.9568/0.9569 val_ema=0.6728/0.6614 test77_live=0.8561/0.8512 test77_diag_ema=0.1403/0.0352 v13=0.0008 grl=0.8061 v15=0.0000 v15r=0.0000 v16=0.0000 v17=0.0000 v18=0.0000 das=stage2[10,50] p=0.70 ep_time=34.0s
[19:39:31] [save] best_sourceval_ema val_acc_ema=0.6728 source_val_live=0.9568/0.9569 source_val_ema=0.6728/0.6614 ep=21
[19:39:31] [train] epoch 22/100 steps=40 use_dann=0 das=stage2 f=[10.0,50.0] p=0.70 gpu=3.0/11.8GB
[19:39:32] [train] ep=22 step=001/40 ce=0.2790 sc=0.5527 mi=0.0573 dn=0.0000 v13=0.0005 grl=0.7206 v15=0.0000 v15r=0.0000 v16=0.0000 v17=0.0000 v18=0.0000 acc=1.0000 lr=2.75e-04 lambda=0.000 grl_lambda=0.782 v18_lambda=0.000 gpu=3.0/11.8GB
[19:39:37] [train] ep=22 step=010/40 ce=0.5018 sc=0.7673 mi=0.0674 dn=0.0000 v13=0.0007 grl=0.8178 v15=0.0000 v15r=0.0000 v16=0.0000 v17=0.0000 v18=0.0000 acc=0.9812 lr=2.75e-04 lambda=0.000 grl_lambda=0.786 v18_lambda=0.000 gpu=3.0/11.8GB
[19:39:43] [train] ep=22 step=020/40 ce=0.5020 sc=0.8266 mi=0.0646 dn=0.0000 v13=0.0007 grl=0.8227 v15=0.0000 v15r=0.0000 v16=0.0000 v17=0.0000 v18=0.0000 acc=0.9844 lr=2.74e-04 lambda=0.000 grl_lambda=0.791 v18_lambda=0.000 gpu=3.0/11.8GB
[19:39:49] [train] ep=22 step=030/40 ce=0.4592 sc=0.8793 mi=0.0636 dn=0.0000 v13=0.0007 grl=0.8226 v15=0.0000 v15r=0.0000 v16=0.0000 v17=0.0000 v18=0.0000 acc=0.9896 lr=2.73e-04 lambda=0.000 grl_lambda=0.796 v18_lambda=0.000 gpu=3.0/11.8GB
[19:39:55] [train] ep=22 step=040/40 ce=0.4747 sc=0.8991 mi=0.0649 dn=0.0000 v13=0.0007 grl=0.8145 v15=0.0000 v15r=0.0000 v16=0.0000 v17=0.0000 v18=0.0000 acc=0.9875 lr=2.73e-04 lambda=0.000 grl_lambda=0.800 v18_lambda=0.000 gpu=3.0/11.8GB
[19:40:27] [ep_summary] ep=22/100 val_live=0.9568/0.9562 val_ema=0.7160/0.6985 test77_live=0.7842/0.7593 test77_diag_ema=0.1439/0.0422 v13=0.0007 grl=0.8145 v15=0.0000 v15r=0.0000 v16=0.0000 v17=0.0000 v18=0.0000 das=stage2[10,50] p=0.70 ep_time=56.1s
[19:40:27] [save] best_sourceval_ema val_acc_ema=0.7160 source_val_live=0.9568/0.9562 source_val_ema=0.7160/0.6985 ep=22
[19:40:27] [train] epoch 23/100 steps=40 use_dann=0 das=stage2 f=[10.0,50.0] p=0.70 gpu=3.0/11.8GB
[19:40:28] [train] ep=23 step=001/40 ce=0.2772 sc=0.4468 mi=0.0774 dn=0.0000 v13=0.0007 grl=0.9074 v15=0.0000 v15r=0.0000 v16=0.0000 v17=0.0000 v18=0.0000 acc=1.0000 lr=2.72e-04 lambda=0.000 grl_lambda=0.800 v18_lambda=0.000 gpu=3.0/11.8GB
[19:40:33] [train] ep=23 step=010/40 ce=0.3956 sc=0.7962 mi=0.0705 dn=0.0000 v13=0.0007 grl=0.8768 v15=0.0000 v15r=0.0000 v16=0.0000 v17=0.0000 v18=0.0000 acc=0.9938 lr=2.72e-04 lambda=0.000 grl_lambda=0.805 v18_lambda=0.000 gpu=3.0/11.8GB
[19:40:39] [train] ep=23 step=020/40 ce=0.4673 sc=0.8037 mi=0.0661 dn=0.0000 v13=0.0007 grl=0.8877 v15=0.0000 v15r=0.0000 v16=0.0000 v17=0.0000 v18=0.0000 acc=0.9906 lr=2.71e-04 lambda=0.000 grl_lambda=0.809 v18_lambda=0.000 gpu=3.0/11.8GB
[19:40:45] [train] ep=23 step=030/40 ce=0.4593 sc=0.7734 mi=0.0650 dn=0.0000 v13=0.0007 grl=0.8914 v15=0.0000 v15r=0.0000 v16=0.0000 v17=0.0000 v18=0.0000 acc=0.9875 lr=2.70e-04 lambda=0.000 grl_lambda=0.813 v18_lambda=0.000 gpu=3.0/11.8GB
[19:40:51] [train] ep=23 step=040/40 ce=0.4766 sc=0.8092 mi=0.0646 dn=0.0000 v13=0.0007 grl=0.8753 v15=0.0000 v15r=0.0000 v16=0.0000 v17=0.0000 v18=0.0000 acc=0.9859 lr=2.70e-04 lambda=0.000 grl_lambda=0.817 v18_lambda=0.000 gpu=3.0/11.8GB
[19:41:01] [ep_summary] ep=23/100 val_live=0.9568/0.9571 val_ema=0.7654/0.7531 test77_live=0.8022/0.7753 test77_diag_ema=0.1511/0.0554 v13=0.0007 grl=0.8753 v15=0.0000 v15r=0.0000 v16=0.0000 v17=0.0000 v18=0.0000 das=stage2[10,50] p=0.70 ep_time=33.9s
[19:41:01] [save] best_sourceval_ema val_acc_ema=0.7654 source_val_live=0.9568/0.9571 source_val_ema=0.7654/0.7531 ep=23
[19:41:01] [train] epoch 24/100 steps=40 use_dann=0 das=stage2 f=[10.0,50.0] p=0.70 gpu=3.0/11.8GB
[19:41:02] [train] ep=24 step=001/40 ce=0.4015 sc=0.8975 mi=0.0623 dn=0.0000 v13=0.0005 grl=0.9590 v15=0.0000 v15r=0.0000 v16=0.0000 v17=0.0000 v18=0.0000 acc=1.0000 lr=2.70e-04 lambda=0.000 grl_lambda=0.818 v18_lambda=0.000 gpu=3.0/11.8GB
[19:41:07] [train] ep=24 step=010/40 ce=0.5660 sc=0.9530 mi=0.0680 dn=0.0000 v13=0.0007 grl=0.9365 v15=0.0000 v15r=0.0000 v16=0.0000 v17=0.0000 v18=0.0000 acc=0.9812 lr=2.69e-04 lambda=0.000 grl_lambda=0.821 v18_lambda=0.000 gpu=3.0/11.8GB
[19:41:13] [train] ep=24 step=020/40 ce=0.4950 sc=0.8169 mi=0.0664 dn=0.0000 v13=0.0008 grl=0.8999 v15=0.0000 v15r=0.0000 v16=0.0000 v17=0.0000 v18=0.0000 acc=0.9875 lr=2.68e-04 lambda=0.000 grl_lambda=0.825 v18_lambda=0.000 gpu=3.0/11.8GB
[19:41:19] [train] ep=24 step=030/40 ce=0.5040 sc=0.8834 mi=0.0668 dn=0.0000 v13=0.0008 grl=0.9001 v15=0.0000 v15r=0.0000 v16=0.0000 v17=0.0000 v18=0.0000 acc=0.9854 lr=2.67e-04 lambda=0.000 grl_lambda=0.829 v18_lambda=0.000 gpu=3.0/11.8GB
[19:41:25] [train] ep=24 step=040/40 ce=0.4895 sc=0.9229 mi=0.0660 dn=0.0000 v13=0.0007 grl=0.8837 v15=0.0000 v15r=0.0000 v16=0.0000 v17=0.0000 v18=0.0000 acc=0.9859 lr=2.67e-04 lambda=0.000 grl_lambda=0.833 v18_lambda=0.000 gpu=3.0/11.8GB
[19:41:35] [ep_summary] ep=24/100 val_live=0.9815/0.9820 val_ema=0.7778/0.7676 test77_live=0.8381/0.8339 test77_diag_ema=0.1655/0.0802 v13=0.0007 grl=0.8837 v15=0.0000 v15r=0.0000 v16=0.0000 v17=0.0000 v18=0.0000 das=stage2[10,50] p=0.70 ep_time=34.0s
[19:41:35] [save] best_sourceval_ema val_acc_ema=0.7778 source_val_live=0.9815/0.9820 source_val_ema=0.7778/0.7676 ep=24
[19:41:35] [train] epoch 25/100 steps=40 use_dann=0 das=stage3 f=[12.0,95.0] p=1.00 gpu=3.0/11.8GB
[19:41:36] [train] ep=25 step=001/40 ce=1.1306 sc=1.2612 mi=0.0812 dn=0.0000 v13=0.0013 grl=1.5325 v15=0.0000 v15r=0.0000 v16=0.0000 v17=0.0000 v18=0.0000 acc=0.9375 lr=2.67e-04 lambda=0.000 grl_lambda=0.834 v18_lambda=0.000 gpu=3.0/11.8GB
[19:41:41] [train] ep=25 step=010/40 ce=0.6792 sc=0.9155 mi=0.0746 dn=0.0000 v13=0.0009 grl=1.3200 v15=0.0000 v15r=0.0000 v16=0.0000 v17=0.0000 v18=0.0000 acc=0.9750 lr=2.66e-04 lambda=0.000 grl_lambda=0.837 v18_lambda=0.000 gpu=3.0/11.8GB
[19:41:47] [train] ep=25 step=020/40 ce=0.6345 sc=0.9732 mi=0.0735 dn=0.0000 v13=0.0010 grl=1.2494 v15=0.0000 v15r=0.0000 v16=0.0000 v17=0.0000 v18=0.0000 acc=0.9781 lr=2.65e-04 lambda=0.000 grl_lambda=0.841 v18_lambda=0.000 gpu=3.0/11.8GB
[19:41:53] [train] ep=25 step=030/40 ce=0.6822 sc=0.9497 mi=0.0723 dn=0.0000 v13=0.0011 grl=1.2059 v15=0.0000 v15r=0.0000 v16=0.0000 v17=0.0000 v18=0.0000 acc=0.9750 lr=2.64e-04 lambda=0.000 grl_lambda=0.844 v18_lambda=0.000 gpu=3.0/11.8GB
[19:41:59] [train] ep=25 step=040/40 ce=0.6179 sc=0.8986 mi=0.0716 dn=0.0000 v13=0.0011 grl=1.1689 v15=0.0000 v15r=0.0000 v16=0.0000 v17=0.0000 v18=0.0000 acc=0.9797 lr=2.64e-04 lambda=0.000 grl_lambda=0.848 v18_lambda=0.000 gpu=3.0/11.8GB
[19:42:09] [ep_summary] ep=25/100 val_live=0.9630/0.9627 val_ema=0.8025/0.7881 test77_live=0.8345/0.8313 test77_diag_ema=0.1978/0.1247 v13=0.0011 grl=1.1689 v15=0.0000 v15r=0.0000 v16=0.0000 v17=0.0000 v18=0.0000 das=stage3[12,95] p=1.00 ep_time=34.0s
[19:42:09] [save] best_sourceval_ema val_acc_ema=0.8025 source_val_live=0.9630/0.9627 source_val_ema=0.8025/0.7881 ep=25
[19:42:09] [train] epoch 26/100 steps=40 use_dann=0 das=stage3 f=[12.0,95.0] p=1.00 gpu=3.0/11.8GB
[19:42:10] [train] ep=26 step=001/40 ce=0.8370 sc=0.7724 mi=0.0775 dn=0.0000 v13=0.0009 grl=1.0172 v15=0.0000 v15r=0.0000 v16=0.0000 v17=0.0000 v18=0.0000 acc=0.9375 lr=2.64e-04 lambda=0.000 grl_lambda=0.848 v18_lambda=0.000 gpu=3.0/11.8GB
[19:42:15] [train] ep=26 step=010/40 ce=0.4886 sc=0.7073 mi=0.0711 dn=0.0000 v13=0.0014 grl=1.0965 v15=0.0000 v15r=0.0000 v16=0.0000 v17=0.0000 v18=0.0000 acc=0.9875 lr=2.63e-04 lambda=0.000 grl_lambda=0.851 v18_lambda=0.000 gpu=3.0/11.8GB
[19:42:21] [train] ep=26 step=020/40 ce=0.5443 sc=0.8270 mi=0.0711 dn=0.0000 v13=0.0014 grl=1.0836 v15=0.0000 v15r=0.0000 v16=0.0000 v17=0.0000 v18=0.0000 acc=0.9844 lr=2.62e-04 lambda=0.000 grl_lambda=0.855 v18_lambda=0.000 gpu=3.0/11.8GB
[19:42:27] [train] ep=26 step=030/40 ce=0.5970 sc=0.8677 mi=0.0697 dn=0.0000 v13=0.0013 grl=1.0924 v15=0.0000 v15r=0.0000 v16=0.0000 v17=0.0000 v18=0.0000 acc=0.9792 lr=2.61e-04 lambda=0.000 grl_lambda=0.858 v18_lambda=0.000 gpu=3.0/11.8GB
[19:42:33] [train] ep=26 step=040/40 ce=0.6228 sc=0.8764 mi=0.0693 dn=0.0000 v13=0.0013 grl=1.0910 v15=0.0000 v15r=0.0000 v16=0.0000 v17=0.0000 v18=0.0000 acc=0.9766 lr=2.60e-04 lambda=0.000 grl_lambda=0.861 v18_lambda=0.000 gpu=3.0/11.8GB
[19:42:43] [ep_summary] ep=26/100 val_live=0.9444/0.9447 val_ema=0.8148/0.7989 test77_live=0.7338/0.7305 test77_diag_ema=0.2374/0.1741 v13=0.0013 grl=1.0910 v15=0.0000 v15r=0.0000 v16=0.0000 v17=0.0000 v18=0.0000 das=stage3[12,95] p=1.00 ep_time=33.9s
[19:42:43] [save] best_sourceval_ema val_acc_ema=0.8148 source_val_live=0.9444/0.9447 source_val_ema=0.8148/0.7989 ep=26
[19:42:43] [train] epoch 27/100 steps=40 use_dann=0 das=stage3 f=[12.0,95.0] p=1.00 gpu=3.0/11.8GB
[19:42:44] [train] ep=27 step=001/40 ce=1.0333 sc=0.9936 mi=0.0598 dn=0.0000 v13=0.0011 grl=1.1357 v15=0.0000 v15r=0.0000 v16=0.0000 v17=0.0000 v18=0.0000 acc=0.9375 lr=2.60e-04 lambda=0.000 grl_lambda=0.862 v18_lambda=0.000 gpu=3.0/11.8GB
[19:42:49] [train] ep=27 step=010/40 ce=0.5739 sc=0.9382 mi=0.0664 dn=0.0000 v13=0.0009 grl=1.1062 v15=0.0000 v15r=0.0000 v16=0.0000 v17=0.0000 v18=0.0000 acc=0.9750 lr=2.60e-04 lambda=0.000 grl_lambda=0.865 v18_lambda=0.000 gpu=3.0/11.8GB
[19:42:55] [train] ep=27 step=020/40 ce=0.6909 sc=1.0057 mi=0.0679 dn=0.0000 v13=0.0009 grl=1.0943 v15=0.0000 v15r=0.0000 v16=0.0000 v17=0.0000 v18=0.0000 acc=0.9656 lr=2.59e-04 lambda=0.000 grl_lambda=0.868 v18_lambda=0.000 gpu=3.0/11.8GB
[19:43:01] [train] ep=27 step=030/40 ce=0.6395 sc=0.9849 mi=0.0673 dn=0.0000 v13=0.0010 grl=1.0957 v15=0.0000 v15r=0.0000 v16=0.0000 v17=0.0000 v18=0.0000 acc=0.9688 lr=2.58e-04 lambda=0.000 grl_lambda=0.871 v18_lambda=0.000 gpu=3.0/11.8GB
[19:43:07] [train] ep=27 step=040/40 ce=0.6556 sc=0.9783 mi=0.0681 dn=0.0000 v13=0.0010 grl=1.0945 v15=0.0000 v15r=0.0000 v16=0.0000 v17=0.0000 v18=0.0000 acc=0.9703 lr=2.57e-04 lambda=0.000 grl_lambda=0.874 v18_lambda=0.000 gpu=3.0/11.8GB
[19:43:17] [ep_summary] ep=27/100 val_live=0.9630/0.9629 val_ema=0.8333/0.8279 test77_live=0.8489/0.8459 test77_diag_ema=0.2770/0.2140 v13=0.0010 grl=1.0945 v15=0.0000 v15r=0.0000 v16=0.0000 v17=0.0000 v18=0.0000 das=stage3[12,95] p=1.00 ep_time=34.1s
[19:43:17] [save] best_sourceval_ema val_acc_ema=0.8333 source_val_live=0.9630/0.9629 source_val_ema=0.8333/0.8279 ep=27
[19:43:17] [train] epoch 28/100 steps=40 use_dann=0 das=stage3 f=[12.0,95.0] p=1.00 gpu=3.0/11.8GB
[19:43:18] [train] ep=28 step=001/40 ce=0.3176 sc=1.0627 mi=0.0620 dn=0.0000 v13=0.0012 grl=1.0471 v15=0.0000 v15r=0.0000 v16=0.0000 v17=0.0000 v18=0.0000 acc=1.0000 lr=2.57e-04 lambda=0.000 grl_lambda=0.874 v18_lambda=0.000 gpu=3.0/11.8GB
[19:43:23] [train] ep=28 step=010/40 ce=0.5716 sc=0.8844 mi=0.0680 dn=0.0000 v13=0.0008 grl=1.0831 v15=0.0000 v15r=0.0000 v16=0.0000 v17=0.0000 v18=0.0000 acc=0.9750 lr=2.56e-04 lambda=0.000 grl_lambda=0.877 v18_lambda=0.000 gpu=3.0/11.8GB
[19:43:29] [train] ep=28 step=020/40 ce=0.5584 sc=0.8560 mi=0.0685 dn=0.0000 v13=0.0008 grl=1.0976 v15=0.0000 v15r=0.0000 v16=0.0000 v17=0.0000 v18=0.0000 acc=0.9781 lr=2.55e-04 lambda=0.000 grl_lambda=0.880 v18_lambda=0.000 gpu=3.0/11.8GB
[19:43:35] [train] ep=28 step=030/40 ce=0.6077 sc=0.8733 mi=0.0684 dn=0.0000 v13=0.0008 grl=1.0976 v15=0.0000 v15r=0.0000 v16=0.0000 v17=0.0000 v18=0.0000 acc=0.9771 lr=2.54e-04 lambda=0.000 grl_lambda=0.882 v18_lambda=0.000 gpu=3.0/11.8GB
[19:43:41] [train] ep=28 step=040/40 ce=0.5814 sc=0.8627 mi=0.0696 dn=0.0000 v13=0.0008 grl=1.0978 v15=0.0000 v15r=0.0000 v16=0.0000 v17=0.0000 v18=0.0000 acc=0.9797 lr=2.54e-04 lambda=0.000 grl_lambda=0.885 v18_lambda=0.000 gpu=3.0/11.8GB
[19:43:51] [ep_summary] ep=28/100 val_live=0.9630/0.9624 val_ema=0.8457/0.8438 test77_live=0.8417/0.8320 test77_diag_ema=0.3237/0.2616 v13=0.0008 grl=1.0978 v15=0.0000 v15r=0.0000 v16=0.0000 v17=0.0000 v18=0.0000 das=stage3[12,95] p=1.00 ep_time=33.8s
[19:43:51] [save] best_sourceval_ema val_acc_ema=0.8457 source_val_live=0.9630/0.9624 source_val_ema=0.8457/0.8438 ep=28
[19:43:51] [train] epoch 29/100 steps=40 use_dann=0 das=stage3 f=[12.0,95.0] p=1.00 gpu=3.0/11.8GB
[19:43:52] [train] ep=29 step=001/40 ce=0.4700 sc=1.0374 mi=0.0548 dn=0.0000 v13=0.0005 grl=1.1063 v15=0.0000 v15r=0.0000 v16=0.0000 v17=0.0000 v18=0.0000 acc=1.0000 lr=2.53e-04 lambda=0.000 grl_lambda=0.885 v18_lambda=0.000 gpu=3.0/11.8GB
[19:43:57] [train] ep=29 step=010/40 ce=0.5037 sc=0.7567 mi=0.0630 dn=0.0000 v13=0.0006 grl=1.0992 v15=0.0000 v15r=0.0000 v16=0.0000 v17=0.0000 v18=0.0000 acc=0.9812 lr=2.53e-04 lambda=0.000 grl_lambda=0.888 v18_lambda=0.000 gpu=3.0/11.8GB
[19:44:03] [train] ep=29 step=020/40 ce=0.5553 sc=0.8571 mi=0.0633 dn=0.0000 v13=0.0007 grl=1.0971 v15=0.0000 v15r=0.0000 v16=0.0000 v17=0.0000 v18=0.0000 acc=0.9781 lr=2.52e-04 lambda=0.000 grl_lambda=0.890 v18_lambda=0.000 gpu=3.0/11.8GB
[19:44:09] [train] ep=29 step=030/40 ce=0.4978 sc=0.8181 mi=0.0640 dn=0.0000 v13=0.0008 grl=1.1002 v15=0.0000 v15r=0.0000 v16=0.0000 v17=0.0000 v18=0.0000 acc=0.9812 lr=2.51e-04 lambda=0.000 grl_lambda=0.893 v18_lambda=0.000 gpu=3.0/11.8GB
[19:44:15] [train] ep=29 step=040/40 ce=0.4888 sc=0.8048 mi=0.0650 dn=0.0000 v13=0.0008 grl=1.0986 v15=0.0000 v15r=0.0000 v16=0.0000 v17=0.0000 v18=0.0000 acc=0.9828 lr=2.50e-04 lambda=0.000 grl_lambda=0.895 v18_lambda=0.000 gpu=3.0/11.8GB
[19:44:25] [ep_summary] ep=29/100 val_live=0.9815/0.9810 val_ema=0.8642/0.8662 test77_live=0.8849/0.8807 test77_diag_ema=0.3417/0.2762 v13=0.0008 grl=1.0986 v15=0.0000 v15r=0.0000 v16=0.0000 v17=0.0000 v18=0.0000 das=stage3[12,95] p=1.00 ep_time=34.0s
[19:44:25] [save] best_sourceval_ema val_acc_ema=0.8642 source_val_live=0.9815/0.9810 source_val_ema=0.8642/0.8662 ep=29
[19:44:25] [train] epoch 30/100 steps=40 use_dann=0 das=stage3 f=[12.0,95.0] p=1.00 gpu=3.0/11.8GB
[19:44:26] [train] ep=30 step=001/40 ce=0.2667 sc=1.3475 mi=0.0818 dn=0.0000 v13=0.0007 grl=1.0082 v15=0.0000 v15r=0.0000 v16=0.0000 v17=0.0000 v18=0.0000 acc=1.0000 lr=2.50e-04 lambda=0.000 grl_lambda=0.896 v18_lambda=0.000 gpu=3.0/11.8GB
[19:44:31] [train] ep=30 step=010/40 ce=0.4008 sc=0.8502 mi=0.0685 dn=0.0000 v13=0.0007 grl=1.0663 v15=0.0000 v15r=0.0000 v16=0.0000 v17=0.0000 v18=0.0000 acc=0.9938 lr=2.49e-04 lambda=0.000 grl_lambda=0.898 v18_lambda=0.000 gpu=3.0/11.8GB
[19:44:37] [train] ep=30 step=020/40 ce=0.4686 sc=0.8718 mi=0.0697 dn=0.0000 v13=0.0007 grl=1.0775 v15=0.0000 v15r=0.0000 v16=0.0000 v17=0.0000 v18=0.0000 acc=0.9906 lr=2.48e-04 lambda=0.000 grl_lambda=0.900 v18_lambda=0.000 gpu=3.0/11.8GB
[19:44:43] [train] ep=30 step=030/40 ce=0.4296 sc=0.8869 mi=0.0686 dn=0.0000 v13=0.0008 grl=1.0832 v15=0.0000 v15r=0.0000 v16=0.0000 v17=0.0000 v18=0.0000 acc=0.9938 lr=2.47e-04 lambda=0.000 grl_lambda=0.903 v18_lambda=0.000 gpu=3.0/11.8GB
[19:44:49] [train] ep=30 step=040/40 ce=0.5237 sc=0.9711 mi=0.0686 dn=0.0000 v13=0.0008 grl=1.0924 v15=0.0000 v15r=0.0000 v16=0.0000 v17=0.0000 v18=0.0000 acc=0.9844 lr=2.46e-04 lambda=0.000 grl_lambda=0.905 v18_lambda=0.000 gpu=3.0/11.8GB
[19:44:59] [pool] check ep=030/100 source_val_acc_ema=0.8827 threshold=0.90
[19:44:59] [pool] ep=030 SKIP (source_val_acc_ema=0.8827 < 0.90)
[19:44:59] [ep_summary] ep=30/100 val_live=0.9691/0.9685 val_ema=0.8827/0.8854 test77_live=0.8705/0.8657 test77_diag_ema=0.3633/0.2917 v13=0.0008 grl=1.0924 v15=0.0000 v15r=0.0000 v16=0.0000 v17=0.0000 v18=0.0000 das=stage3[12,95] p=1.00 ep_time=33.9s
[19:44:59] [save] best_sourceval_ema val_acc_ema=0.8827 source_val_live=0.9691/0.9685 source_val_ema=0.8827/0.8854 ep=30
[19:44:59] [strict77_monitor] ep=30 best_source_epoch=30 source_val_ema=0.8827/0.8854 test77_ema_diag=0.3633/0.2917 sourcequalified_count=0
[19:44:59] [train] epoch 31/100 steps=40 use_dann=0 das=stage3 f=[12.0,95.0] p=1.00 gpu=3.0/11.8GB
[19:45:00] [train] ep=31 step=001/40 ce=0.5378 sc=1.1534 mi=0.0643 dn=0.0000 v13=0.0007 grl=1.0371 v15=0.0000 v15r=0.0000 v16=0.0000 v17=0.0000 v18=0.0000 acc=1.0000 lr=2.46e-04 lambda=0.000 grl_lambda=0.905 v18_lambda=0.000 gpu=3.0/11.8GB
[19:45:05] [train] ep=31 step=010/40 ce=0.4291 sc=0.7904 mi=0.0663 dn=0.0000 v13=0.0007 grl=1.0583 v15=0.0000 v15r=0.0000 v16=0.0000 v17=0.0000 v18=0.0000 acc=0.9875 lr=2.45e-04 lambda=0.000 grl_lambda=0.907 v18_lambda=0.000 gpu=3.0/11.8GB
[19:45:11] [train] ep=31 step=020/40 ce=0.3861 sc=0.7725 mi=0.0672 dn=0.0000 v13=0.0008 grl=1.0725 v15=0.0000 v15r=0.0000 v16=0.0000 v17=0.0000 v18=0.0000 acc=0.9906 lr=2.44e-04 lambda=0.000 grl_lambda=0.909 v18_lambda=0.000 gpu=3.0/11.8GB
[19:45:17] [train] ep=31 step=030/40 ce=0.3616 sc=0.7412 mi=0.0679 dn=0.0000 v13=0.0008 grl=1.0801 v15=0.0000 v15r=0.0000 v16=0.0000 v17=0.0000 v18=0.0000 acc=0.9938 lr=2.43e-04 lambda=0.000 grl_lambda=0.911 v18_lambda=0.000 gpu=3.0/11.8GB
[19:45:23] [train] ep=31 step=040/40 ce=0.3688 sc=0.7476 mi=0.0675 dn=0.0000 v13=0.0008 grl=1.0835 v15=0.0000 v15r=0.0000 v16=0.0000 v17=0.0000 v18=0.0000 acc=0.9922 lr=2.43e-04 lambda=0.000 grl_lambda=0.914 v18_lambda=0.000 gpu=3.0/11.8GB
[19:45:33] [ep_summary] ep=31/100 val_live=0.9506/0.9508 val_ema=0.8765/0.8795 test77_live=0.8597/0.8583 test77_diag_ema=0.3741/0.3033 v13=0.0008 grl=1.0835 v15=0.0000 v15r=0.0000 v16=0.0000 v17=0.0000 v18=0.0000 das=stage3[12,95] p=1.00 ep_time=33.9s
[19:45:33] [train] epoch 32/100 steps=40 use_dann=0 das=stage3 f=[12.0,95.0] p=1.00 gpu=3.0/11.8GB
[19:45:34] [train] ep=32 step=001/40 ce=0.2662 sc=0.5462 mi=0.0553 dn=0.0000 v13=0.0015 grl=1.0671 v15=0.0000 v15r=0.0000 v16=0.0000 v17=0.0000 v18=0.0000 acc=1.0000 lr=2.42e-04 lambda=0.000 grl_lambda=0.914 v18_lambda=0.000 gpu=3.0/11.8GB
[19:45:39] [train] ep=32 step=010/40 ce=0.5530 sc=0.7883 mi=0.0710 dn=0.0000 v13=0.0011 grl=1.1067 v15=0.0000 v15r=0.0000 v16=0.0000 v17=0.0000 v18=0.0000 acc=0.9750 lr=2.42e-04 lambda=0.000 grl_lambda=0.916 v18_lambda=0.000 gpu=3.0/11.8GB
[19:45:45] [train] ep=32 step=020/40 ce=0.5856 sc=0.8683 mi=0.0678 dn=0.0000 v13=0.0010 grl=1.1054 v15=0.0000 v15r=0.0000 v16=0.0000 v17=0.0000 v18=0.0000 acc=0.9719 lr=2.41e-04 lambda=0.000 grl_lambda=0.918 v18_lambda=0.000 gpu=3.0/11.8GB
[19:45:51] [train] ep=32 step=030/40 ce=0.5539 sc=0.8829 mi=0.0674 dn=0.0000 v13=0.0009 grl=1.0988 v15=0.0000 v15r=0.0000 v16=0.0000 v17=0.0000 v18=0.0000 acc=0.9771 lr=2.40e-04 lambda=0.000 grl_lambda=0.920 v18_lambda=0.000 gpu=3.0/11.8GB
[19:45:56] [train] ep=32 step=040/40 ce=0.5295 sc=0.8823 mi=0.0677 dn=0.0000 v13=0.0009 grl=1.0983 v15=0.0000 v15r=0.0000 v16=0.0000 v17=0.0000 v18=0.0000 acc=0.9797 lr=2.39e-04 lambda=0.000 grl_lambda=0.921 v18_lambda=0.000 gpu=3.0/11.8GB
[19:46:07] [ep_summary] ep=32/100 val_live=0.9630/0.9635 val_ema=0.8827/0.8847 test77_live=0.8417/0.8414 test77_diag_ema=0.3885/0.3128 v13=0.0009 grl=1.0983 v15=0.0000 v15r=0.0000 v16=0.0000 v17=0.0000 v18=0.0000 das=stage3[12,95] p=1.00 ep_time=33.9s
[19:46:07] [train] epoch 33/100 steps=40 use_dann=0 das=stage3 f=[12.0,95.0] p=1.00 gpu=3.0/11.8GB
[19:46:08] [train] ep=33 step=001/40 ce=0.4057 sc=0.9287 mi=0.0775 dn=0.0000 v13=0.0007 grl=1.1211 v15=0.0000 v15r=0.0000 v16=0.0000 v17=0.0000 v18=0.0000 acc=1.0000 lr=2.39e-04 lambda=0.000 grl_lambda=0.922 v18_lambda=0.000 gpu=3.0/11.8GB
[19:46:13] [train] ep=33 step=010/40 ce=0.4519 sc=0.7833 mi=0.0694 dn=0.0000 v13=0.0007 grl=1.0748 v15=0.0000 v15r=0.0000 v16=0.0000 v17=0.0000 v18=0.0000 acc=0.9875 lr=2.38e-04 lambda=0.000 grl_lambda=0.923 v18_lambda=0.000 gpu=3.0/11.8GB
[19:46:19] [train] ep=33 step=020/40 ce=0.4716 sc=0.7858 mi=0.0673 dn=0.0000 v13=0.0007 grl=1.0968 v15=0.0000 v15r=0.0000 v16=0.0000 v17=0.0000 v18=0.0000 acc=0.9906 lr=2.37e-04 lambda=0.000 grl_lambda=0.925 v18_lambda=0.000 gpu=3.0/11.8GB
[19:46:24] [train] ep=33 step=030/40 ce=0.4318 sc=0.7573 mi=0.0666 dn=0.0000 v13=0.0008 grl=1.1001 v15=0.0000 v15r=0.0000 v16=0.0000 v17=0.0000 v18=0.0000 acc=0.9938 lr=2.36e-04 lambda=0.000 grl_lambda=0.927 v18_lambda=0.000 gpu=3.0/11.8GB
[19:46:30] [train] ep=33 step=040/40 ce=0.4276 sc=0.7480 mi=0.0671 dn=0.0000 v13=0.0008 grl=1.1022 v15=0.0000 v15r=0.0000 v16=0.0000 v17=0.0000 v18=0.0000 acc=0.9922 lr=2.35e-04 lambda=0.000 grl_lambda=0.929 v18_lambda=0.000 gpu=3.0/11.8GB
[19:46:42] [ep_summary] ep=33/100 val_live=0.9753/0.9760 val_ema=0.8889/0.8898 test77_live=0.8165/0.8088 test77_diag_ema=0.4173/0.3342 v13=0.0008 grl=1.1022 v15=0.0000 v15r=0.0000 v16=0.0000 v17=0.0000 v18=0.0000 das=stage3[12,95] p=1.00 ep_time=34.7s
[19:46:49] [save] best_sourceval_ema val_acc_ema=0.8889 source_val_live=0.9753/0.9760 source_val_ema=0.8889/0.8898 ep=33
[19:46:49] [train] epoch 34/100 steps=40 use_dann=0 das=stage3 f=[12.0,95.0] p=1.00 gpu=3.0/11.8GB
[19:46:50] [train] ep=34 step=001/40 ce=0.2836 sc=0.5638 mi=0.0587 dn=0.0000 v13=0.0010 grl=1.1365 v15=0.0000 v15r=0.0000 v16=0.0000 v17=0.0000 v18=0.0000 acc=1.0000 lr=2.35e-04 lambda=0.000 grl_lambda=0.929 v18_lambda=0.000 gpu=3.0/11.8GB
[19:46:55] [train] ep=34 step=010/40 ce=0.4413 sc=0.8136 mi=0.0650 dn=0.0000 v13=0.0009 grl=1.1051 v15=0.0000 v15r=0.0000 v16=0.0000 v17=0.0000 v18=0.0000 acc=0.9875 lr=2.34e-04 lambda=0.000 grl_lambda=0.930 v18_lambda=0.000 gpu=3.0/11.8GB
[19:47:01] [train] ep=34 step=020/40 ce=0.4770 sc=0.8833 mi=0.0676 dn=0.0000 v13=0.0008 grl=1.0992 v15=0.0000 v15r=0.0000 v16=0.0000 v17=0.0000 v18=0.0000 acc=0.9844 lr=2.33e-04 lambda=0.000 grl_lambda=0.932 v18_lambda=0.000 gpu=3.0/11.8GB
[19:47:07] [train] ep=34 step=030/40 ce=0.4511 sc=0.8443 mi=0.0676 dn=0.0000 v13=0.0008 grl=1.0948 v15=0.0000 v15r=0.0000 v16=0.0000 v17=0.0000 v18=0.0000 acc=0.9854 lr=2.32e-04 lambda=0.000 grl_lambda=0.934 v18_lambda=0.000 gpu=3.0/11.8GB
[19:47:12] [train] ep=34 step=040/40 ce=0.4225 sc=0.8359 mi=0.0667 dn=0.0000 v13=0.0008 grl=1.1013 v15=0.0000 v15r=0.0000 v16=0.0000 v17=0.0000 v18=0.0000 acc=0.9891 lr=2.31e-04 lambda=0.000 grl_lambda=0.935 v18_lambda=0.000 gpu=3.0/11.8GB
[19:47:23] [ep_summary] ep=34/100 val_live=0.9691/0.9699 val_ema=0.8951/0.8966 test77_live=0.8777/0.8762 test77_diag_ema=0.4209/0.3360 v13=0.0008 grl=1.1013 v15=0.0000 v15r=0.0000 v16=0.0000 v17=0.0000 v18=0.0000 das=stage3[12,95] p=1.00 ep_time=33.9s
[19:47:23] [save] best_sourceval_ema val_acc_ema=0.8951 source_val_live=0.9691/0.9699 source_val_ema=0.8951/0.8966 ep=34
[19:47:23] [train] epoch 35/100 steps=40 use_dann=0 das=stage3 f=[12.0,95.0] p=1.00 gpu=3.0/11.8GB
[19:47:24] [train] ep=35 step=001/40 ce=0.4604 sc=1.1888 mi=0.0742 dn=0.0000 v13=0.0006 grl=1.0992 v15=0.0000 v15r=0.0000 v16=0.0000 v17=0.0000 v18=0.0000 acc=1.0000 lr=2.31e-04 lambda=0.000 grl_lambda=0.935 v18_lambda=0.000 gpu=3.0/11.8GB
[19:47:29] [train] ep=35 step=010/40 ce=0.4135 sc=0.9333 mi=0.0675 dn=0.0000 v13=0.0008 grl=1.0853 v15=0.0000 v15r=0.0000 v16=0.0000 v17=0.0000 v18=0.0000 acc=0.9938 lr=2.30e-04 lambda=0.000 grl_lambda=0.937 v18_lambda=0.000 gpu=3.0/11.8GB
[19:47:35] [train] ep=35 step=020/40 ce=0.6168 sc=0.9061 mi=0.0670 dn=0.0000 v13=0.0008 grl=1.0900 v15=0.0000 v15r=0.0000 v16=0.0000 v17=0.0000 v18=0.0000 acc=0.9750 lr=2.29e-04 lambda=0.000 grl_lambda=0.938 v18_lambda=0.000 gpu=3.0/11.8GB
[19:47:40] [train] ep=35 step=030/40 ce=0.5653 sc=0.9071 mi=0.0665 dn=0.0000 v13=0.0008 grl=1.0931 v15=0.0000 v15r=0.0000 v16=0.0000 v17=0.0000 v18=0.0000 acc=0.9792 lr=2.28e-04 lambda=0.000 grl_lambda=0.940 v18_lambda=0.000 gpu=3.0/11.8GB
[19:47:46] [train] ep=35 step=040/40 ce=0.5226 sc=0.8590 mi=0.0652 dn=0.0000 v13=0.0008 grl=1.0931 v15=0.0000 v15r=0.0000 v16=0.0000 v17=0.0000 v18=0.0000 acc=0.9828 lr=2.27e-04 lambda=0.000 grl_lambda=0.941 v18_lambda=0.000 gpu=3.0/11.8GB
[19:48:24] [ep_summary] ep=35/100 val_live=0.9444/0.9445 val_ema=0.9012/0.9024 test77_live=0.8273/0.8246 test77_diag_ema=0.4281/0.3456 v13=0.0008 grl=1.0931 v15=0.0000 v15r=0.0000 v16=0.0000 v17=0.0000 v18=0.0000 das=stage3[12,95] p=1.00 ep_time=61.2s
[19:48:34] [save] best_sourceval_ema val_acc_ema=0.9012 source_val_live=0.9444/0.9445 source_val_ema=0.9012/0.9024 ep=35
[19:48:36] [save] best_sourcequalified77_ema ep=35 source_val_live=0.9444/0.9445 source_val_ema=0.9012/0.9024 test77_ema=0.4281/0.3456
[19:48:36] [train] epoch 36/100 steps=40 use_dann=0 das=stage3 f=[12.0,95.0] p=1.00 gpu=3.0/11.8GB
[19:48:38] [train] ep=36 step=001/40 ce=0.3389 sc=1.0282 mi=0.0731 dn=0.0000 v13=0.0006 grl=1.0958 v15=0.0000 v15r=0.0000 v16=0.0000 v17=0.0000 v18=0.0000 acc=1.0000 lr=2.26e-04 lambda=0.000 grl_lambda=0.941 v18_lambda=0.000 gpu=3.0/11.8GB
[19:48:43] [train] ep=36 step=010/40 ce=0.7452 sc=0.9621 mi=0.0659 dn=0.0000 v13=0.0006 grl=1.1202 v15=0.0000 v15r=0.0000 v16=0.0000 v17=0.0000 v18=0.0000 acc=0.9688 lr=2.25e-04 lambda=0.000 grl_lambda=0.943 v18_lambda=0.000 gpu=3.0/11.8GB
[19:48:49] [train] ep=36 step=020/40 ce=0.5573 sc=0.8908 mi=0.0648 dn=0.0000 v13=0.0006 grl=1.1047 v15=0.0000 v15r=0.0000 v16=0.0000 v17=0.0000 v18=0.0000 acc=0.9812 lr=2.24e-04 lambda=0.000 grl_lambda=0.944 v18_lambda=0.000 gpu=3.0/11.8GB
[19:48:55] [train] ep=36 step=030/40 ce=0.5422 sc=0.8898 mi=0.0642 dn=0.0000 v13=0.0006 grl=1.0957 v15=0.0000 v15r=0.0000 v16=0.0000 v17=0.0000 v18=0.0000 acc=0.9812 lr=2.23e-04 lambda=0.000 grl_lambda=0.945 v18_lambda=0.000 gpu=3.0/11.8GB
[19:49:01] [train] ep=36 step=040/40 ce=0.5383 sc=0.9060 mi=0.0651 dn=0.0000 v13=0.0007 grl=1.0994 v15=0.0000 v15r=0.0000 v16=0.0000 v17=0.0000 v18=0.0000 acc=0.9812 lr=2.22e-04 lambda=0.000 grl_lambda=0.947 v18_lambda=0.000 gpu=3.0/11.8GB
[19:49:11] [ep_summary] ep=36/100 val_live=0.9568/0.9558 val_ema=0.9136/0.9148 test77_live=0.8561/0.8531 test77_diag_ema=0.4568/0.3790 v13=0.0007 grl=1.0994 v15=0.0000 v15r=0.0000 v16=0.0000 v17=0.0000 v18=0.0000 das=stage3[12,95] p=1.00 ep_time=35.1s
[19:49:11] [save] best_sourceval_ema val_acc_ema=0.9136 source_val_live=0.9568/0.9558 source_val_ema=0.9136/0.9148 ep=36
[19:49:11] [save] best_sourcequalified77_ema ep=36 source_val_live=0.9568/0.9558 source_val_ema=0.9136/0.9148 test77_ema=0.4568/0.3790
[19:49:12] [train] epoch 37/100 steps=40 use_dann=0 das=stage3 f=[12.0,95.0] p=1.00 gpu=3.0/11.8GB
[19:49:12] [train] ep=37 step=001/40 ce=1.4137 sc=1.4706 mi=0.0700 dn=0.0000 v13=0.0010 grl=1.1406 v15=0.0000 v15r=0.0000 v16=0.0000 v17=0.0000 v18=0.0000 acc=0.8750 lr=2.22e-04 lambda=0.000 grl_lambda=0.947 v18_lambda=0.000 gpu=3.0/11.8GB
[19:49:17] [train] ep=37 step=010/40 ce=0.6352 sc=0.9427 mi=0.0675 dn=0.0000 v13=0.0008 grl=1.0725 v15=0.0000 v15r=0.0000 v16=0.0000 v17=0.0000 v18=0.0000 acc=0.9688 lr=2.21e-04 lambda=0.000 grl_lambda=0.948 v18_lambda=0.000 gpu=3.0/11.8GB
[19:49:23] [train] ep=37 step=020/40 ce=0.5009 sc=0.9292 mi=0.0685 dn=0.0000 v13=0.0008 grl=1.0972 v15=0.0000 v15r=0.0000 v16=0.0000 v17=0.0000 v18=0.0000 acc=0.9812 lr=2.20e-04 lambda=0.000 grl_lambda=0.949 v18_lambda=0.000 gpu=3.0/11.8GB
[19:49:31] [train] ep=37 step=030/40 ce=0.5717 sc=0.9423 mi=0.0676 dn=0.0000 v13=0.0008 grl=1.1001 v15=0.0000 v15r=0.0000 v16=0.0000 v17=0.0000 v18=0.0000 acc=0.9729 lr=2.19e-04 lambda=0.000 grl_lambda=0.950 v18_lambda=0.000 gpu=3.0/11.8GB
[19:49:37] [train] ep=37 step=040/40 ce=0.5122 sc=0.9187 mi=0.0678 dn=0.0000 v13=0.0008 grl=1.0938 v15=0.0000 v15r=0.0000 v16=0.0000 v17=0.0000 v18=0.0000 acc=0.9797 lr=2.18e-04 lambda=0.000 grl_lambda=0.952 v18_lambda=0.000 gpu=3.0/11.8GB
[19:49:47] [ep_summary] ep=37/100 val_live=0.9691/0.9685 val_ema=0.9198/0.9200 test77_live=0.7662/0.7481 test77_diag_ema=0.4748/0.4007 v13=0.0008 grl=1.0938 v15=0.0000 v15r=0.0000 v16=0.0000 v17=0.0000 v18=0.0000 das=stage3[12,95] p=1.00 ep_time=35.8s
[19:49:47] [save] best_sourceval_ema val_acc_ema=0.9198 source_val_live=0.9691/0.9685 source_val_ema=0.9198/0.9200 ep=37
[19:49:47] [save] best_sourcequalified77_ema ep=37 source_val_live=0.9691/0.9685 source_val_ema=0.9198/0.9200 test77_ema=0.4748/0.4007
[19:49:47] [train] epoch 38/100 steps=40 use_dann=0 das=stage3 f=[12.0,95.0] p=1.00 gpu=3.0/11.8GB
[19:49:48] [train] ep=38 step=001/40 ce=0.2739 sc=0.8768 mi=0.0656 dn=0.0000 v13=0.0009 grl=1.0387 v15=0.0000 v15r=0.0000 v16=0.0000 v17=0.0000 v18=0.0000 acc=1.0000 lr=2.18e-04 lambda=0.000 grl_lambda=0.952 v18_lambda=0.000 gpu=3.0/11.8GB
[19:49:53] [train] ep=38 step=010/40 ce=0.3550 sc=0.7362 mi=0.0658 dn=0.0000 v13=0.0008 grl=1.0900 v15=0.0000 v15r=0.0000 v16=0.0000 v17=0.0000 v18=0.0000 acc=1.0000 lr=2.17e-04 lambda=0.000 grl_lambda=0.953 v18_lambda=0.000 gpu=3.0/11.8GB
[19:49:59] [train] ep=38 step=020/40 ce=0.3996 sc=0.7796 mi=0.0657 dn=0.0000 v13=0.0008 grl=1.0891 v15=0.0000 v15r=0.0000 v16=0.0000 v17=0.0000 v18=0.0000 acc=0.9938 lr=2.16e-04 lambda=0.000 grl_lambda=0.954 v18_lambda=0.000 gpu=3.0/11.8GB
[19:50:05] [train] ep=38 step=030/40 ce=0.3570 sc=0.7430 mi=0.0660 dn=0.0000 v13=0.0007 grl=1.0878 v15=0.0000 v15r=0.0000 v16=0.0000 v17=0.0000 v18=0.0000 acc=0.9958 lr=2.15e-04 lambda=0.000 grl_lambda=0.955 v18_lambda=0.000 gpu=3.0/11.8GB
[19:50:11] [train] ep=38 step=040/40 ce=0.3473 sc=0.7398 mi=0.0657 dn=0.0000 v13=0.0007 grl=1.0839 v15=0.0000 v15r=0.0000 v16=0.0000 v17=0.0000 v18=0.0000 acc=0.9953 lr=2.14e-04 lambda=0.000 grl_lambda=0.956 v18_lambda=0.000 gpu=3.0/11.8GB
[19:50:22] [ep_summary] ep=38/100 val_live=0.9815/0.9816 val_ema=0.9321/0.9318 test77_live=0.7698/0.7554 test77_diag_ema=0.4964/0.4343 v13=0.0007 grl=1.0839 v15=0.0000 v15r=0.0000 v16=0.0000 v17=0.0000 v18=0.0000 das=stage3[12,95] p=1.00 ep_time=34.2s
[19:50:22] [save] best_sourceval_ema val_acc_ema=0.9321 source_val_live=0.9815/0.9816 source_val_ema=0.9321/0.9318 ep=38
[19:50:22] [save] best_sourcequalified77_ema ep=38 source_val_live=0.9815/0.9816 source_val_ema=0.9321/0.9318 test77_ema=0.4964/0.4343
[19:50:22] [train] epoch 39/100 steps=40 use_dann=0 das=stage3 f=[12.0,95.0] p=1.00 gpu=3.0/11.8GB
[19:50:23] [train] ep=39 step=001/40 ce=0.2633 sc=0.4393 mi=0.0576 dn=0.0000 v13=0.0008 grl=1.1271 v15=0.0000 v15r=0.0000 v16=0.0000 v17=0.0000 v18=0.0000 acc=1.0000 lr=2.14e-04 lambda=0.000 grl_lambda=0.956 v18_lambda=0.000 gpu=3.0/11.8GB
[19:50:29] [train] ep=39 step=010/40 ce=0.2736 sc=0.7430 mi=0.0613 dn=0.0000 v13=0.0007 grl=1.0782 v15=0.0000 v15r=0.0000 v16=0.0000 v17=0.0000 v18=0.0000 acc=1.0000 lr=2.13e-04 lambda=0.000 grl_lambda=0.957 v18_lambda=0.000 gpu=3.0/11.8GB
[19:50:34] [train] ep=39 step=020/40 ce=0.3015 sc=0.8071 mi=0.0630 dn=0.0000 v13=0.0008 grl=1.0851 v15=0.0000 v15r=0.0000 v16=0.0000 v17=0.0000 v18=0.0000 acc=0.9969 lr=2.11e-04 lambda=0.000 grl_lambda=0.958 v18_lambda=0.000 gpu=3.0/11.8GB
[19:50:40] [train] ep=39 step=030/40 ce=0.3571 sc=0.8385 mi=0.0630 dn=0.0000 v13=0.0007 grl=1.0848 v15=0.0000 v15r=0.0000 v16=0.0000 v17=0.0000 v18=0.0000 acc=0.9938 lr=2.10e-04 lambda=0.000 grl_lambda=0.959 v18_lambda=0.000 gpu=3.0/11.8GB
[19:50:46] [train] ep=39 step=040/40 ce=0.3400 sc=0.8149 mi=0.0635 dn=0.0000 v13=0.0008 grl=1.0857 v15=0.0000 v15r=0.0000 v16=0.0000 v17=0.0000 v18=0.0000 acc=0.9953 lr=2.09e-04 lambda=0.000 grl_lambda=0.960 v18_lambda=0.000 gpu=3.0/11.8GB
[19:50:57] [ep_summary] ep=39/100 val_live=0.9568/0.9556 val_ema=0.9444/0.9446 test77_live=0.8022/0.7963 test77_diag_ema=0.5180/0.4558 v13=0.0008 grl=1.0857 v15=0.0000 v15r=0.0000 v16=0.0000 v17=0.0000 v18=0.0000 das=stage3[12,95] p=1.00 ep_time=35.2s
[19:50:57] [save] best_sourceval_ema val_acc_ema=0.9444 source_val_live=0.9568/0.9556 source_val_ema=0.9444/0.9446 ep=39
[19:50:57] [save] best_sourcequalified77_ema ep=39 source_val_live=0.9568/0.9556 source_val_ema=0.9444/0.9446 test77_ema=0.5180/0.4558
[19:50:57] [train] epoch 40/100 steps=40 use_dann=0 das=stage3 f=[12.0,95.0] p=1.00 gpu=3.0/11.8GB
[19:50:58] [train] ep=40 step=001/40 ce=0.9072 sc=1.5739 mi=0.0716 dn=0.0000 v13=0.0004 grl=1.0214 v15=0.0000 v15r=0.0000 v16=0.0000 v17=0.0000 v18=0.0000 acc=0.9375 lr=2.09e-04 lambda=0.000 grl_lambda=0.960 v18_lambda=0.000 gpu=3.0/11.8GB
[19:51:03] [train] ep=40 step=010/40 ce=0.3634 sc=0.7285 mi=0.0630 dn=0.0000 v13=0.0006 grl=1.1001 v15=0.0000 v15r=0.0000 v16=0.0000 v17=0.0000 v18=0.0000 acc=0.9938 lr=2.08e-04 lambda=0.000 grl_lambda=0.961 v18_lambda=0.000 gpu=3.0/11.8GB
[19:51:09] [train] ep=40 step=020/40 ce=0.3817 sc=0.8086 mi=0.0643 dn=0.0000 v13=0.0006 grl=1.0927 v15=0.0000 v15r=0.0000 v16=0.0000 v17=0.0000 v18=0.0000 acc=0.9906 lr=2.07e-04 lambda=0.000 grl_lambda=0.962 v18_lambda=0.000 gpu=3.0/11.8GB
[19:51:14] [train] ep=40 step=030/40 ce=0.3551 sc=0.8232 mi=0.0656 dn=0.0000 v13=0.0006 grl=1.0944 v15=0.0000 v15r=0.0000 v16=0.0000 v17=0.0000 v18=0.0000 acc=0.9938 lr=2.06e-04 lambda=0.000 grl_lambda=0.963 v18_lambda=0.000 gpu=3.0/11.8GB
[19:51:20] [train] ep=40 step=040/40 ce=0.3560 sc=0.8426 mi=0.0668 dn=0.0000 v13=0.0006 grl=1.0925 v15=0.0000 v15r=0.0000 v16=0.0000 v17=0.0000 v18=0.0000 acc=0.9938 lr=2.05e-04 lambda=0.000 grl_lambda=0.964 v18_lambda=0.000 gpu=3.0/11.8GB
[19:51:31] [pool] check ep=040/100 source_val_acc_ema=0.9568 threshold=0.90
[19:51:36] [pool] ep=040 ADDED src_val=0.9568/0.9567 dev77=0.5143/0.4619 final77=0.5576/0.5074
[19:51:36] [pool] running best ep=040 dev77_f1=0.4619 final77_f1=0.5074 (pool_size=1)
[19:51:36] [ep_summary] ep=40/100 val_live=0.9630/0.9628 val_ema=0.9568/0.9567 test77_live=0.7878/0.7760 test77_diag_ema=0.5576/0.5074 v13=0.0006 grl=1.0925 v15=0.0000 v15r=0.0000 v16=0.0000 v17=0.0000 v18=0.0000 das=stage3[12,95] p=1.00 ep_time=38.9s
[19:51:36] [save] best_sourceval_ema val_acc_ema=0.9568 source_val_live=0.9630/0.9628 source_val_ema=0.9568/0.9567 ep=40
[19:51:36] [save] best_sourcequalified77_ema ep=40 source_val_live=0.9630/0.9628 source_val_ema=0.9568/0.9567 test77_ema=0.5576/0.5074
[19:51:36] [strict77_monitor] ep=40 best_source_epoch=40 source_val_ema=0.9568/0.9567 test77_ema_diag=0.5576/0.5074 sourcequalified_count=6 best_sourcequalified77_epoch=40 source_val_ema=0.9568/0.9567 test77_ema=0.5576/0.5074
[19:51:36] [train] epoch 41/100 steps=40 use_dann=0 das=stage3 f=[12.0,95.0] p=1.00 gpu=3.0/11.8GB
[19:51:37] [train] ep=41 step=001/40 ce=0.2690 sc=0.6162 mi=0.0608 dn=0.0000 v13=0.0004 grl=1.0335 v15=0.0000 v15r=0.0000 v16=0.0000 v17=0.0000 v18=0.0000 acc=1.0000 lr=2.05e-04 lambda=0.000 grl_lambda=0.964 v18_lambda=0.000 gpu=3.0/11.8GB
[19:51:42] [train] ep=41 step=010/40 ce=0.3223 sc=0.6837 mi=0.0596 dn=0.0000 v13=0.0006 grl=1.0842 v15=0.0000 v15r=0.0000 v16=0.0000 v17=0.0000 v18=0.0000 acc=0.9938 lr=2.04e-04 lambda=0.000 grl_lambda=0.965 v18_lambda=0.000 gpu=3.0/11.8GB
[19:51:48] [train] ep=41 step=020/40 ce=0.3097 sc=0.7459 mi=0.0621 dn=0.0000 v13=0.0007 grl=1.0860 v15=0.0000 v15r=0.0000 v16=0.0000 v17=0.0000 v18=0.0000 acc=0.9969 lr=2.02e-04 lambda=0.000 grl_lambda=0.966 v18_lambda=0.000 gpu=3.0/11.8GB
[19:51:54] [train] ep=41 step=030/40 ce=0.3200 sc=0.7669 mi=0.0644 dn=0.0000 v13=0.0007 grl=1.0865 v15=0.0000 v15r=0.0000 v16=0.0000 v17=0.0000 v18=0.0000 acc=0.9958 lr=2.01e-04 lambda=0.000 grl_lambda=0.967 v18_lambda=0.000 gpu=3.0/11.8GB
[19:51:59] [train] ep=41 step=040/40 ce=0.3370 sc=0.7383 mi=0.0648 dn=0.0000 v13=0.0007 grl=1.0841 v15=0.0000 v15r=0.0000 v16=0.0000 v17=0.0000 v18=0.0000 acc=0.9938 lr=2.00e-04 lambda=0.000 grl_lambda=0.967 v18_lambda=0.000 gpu=3.0/11.8GB
[19:52:10] [ep_summary] ep=41/100 val_live=0.9691/0.9685 val_ema=0.9691/0.9698 test77_live=0.8453/0.8425 test77_diag_ema=0.5935/0.5440 v13=0.0007 grl=1.0841 v15=0.0000 v15r=0.0000 v16=0.0000 v17=0.0000 v18=0.0000 das=stage3[12,95] p=1.00 ep_time=33.9s
[19:52:10] [save] best_sourceval_ema val_acc_ema=0.9691 source_val_live=0.9691/0.9685 source_val_ema=0.9691/0.9698 ep=41
[19:52:10] [save] best_sourcequalified77_ema ep=41 source_val_live=0.9691/0.9685 source_val_ema=0.9691/0.9698 test77_ema=0.5935/0.5440
[19:52:10] [train] epoch 42/100 steps=40 use_dann=0 das=stage3 f=[12.0,95.0] p=1.00 gpu=3.0/11.8GB
[19:52:11] [train] ep=42 step=001/40 ce=0.2601 sc=0.6157 mi=0.0562 dn=0.0000 v13=0.0005 grl=1.1415 v15=0.0000 v15r=0.0000 v16=0.0000 v17=0.0000 v18=0.0000 acc=1.0000 lr=2.00e-04 lambda=0.000 grl_lambda=0.967 v18_lambda=0.000 gpu=3.0/11.8GB
[19:52:16] [train] ep=42 step=010/40 ce=0.2842 sc=0.7476 mi=0.0663 dn=0.0000 v13=0.0007 grl=1.0901 v15=0.0000 v15r=0.0000 v16=0.0000 v17=0.0000 v18=0.0000 acc=1.0000 lr=1.99e-04 lambda=0.000 grl_lambda=0.968 v18_lambda=0.000 gpu=3.0/11.8GB
[19:52:22] [train] ep=42 step=020/40 ce=0.3331 sc=0.7494 mi=0.0672 dn=0.0000 v13=0.0007 grl=1.0929 v15=0.0000 v15r=0.0000 v16=0.0000 v17=0.0000 v18=0.0000 acc=0.9969 lr=1.98e-04 lambda=0.000 grl_lambda=0.969 v18_lambda=0.000 gpu=3.0/11.8GB
[19:52:28] [train] ep=42 step=030/40 ce=0.3498 sc=0.7871 mi=0.0660 dn=0.0000 v13=0.0007 grl=1.0903 v15=0.0000 v15r=0.0000 v16=0.0000 v17=0.0000 v18=0.0000 acc=0.9958 lr=1.97e-04 lambda=0.000 grl_lambda=0.970 v18_lambda=0.000 gpu=3.0/11.8GB
[19:52:33] [train] ep=42 step=040/40 ce=0.3284 sc=0.7938 mi=0.0655 dn=0.0000 v13=0.0007 grl=1.0885 v15=0.0000 v15r=0.0000 v16=0.0000 v17=0.0000 v18=0.0000 acc=0.9969 lr=1.96e-04 lambda=0.000 grl_lambda=0.970 v18_lambda=0.000 gpu=3.0/11.8GB
[19:52:44] [ep_summary] ep=42/100 val_live=0.9630/0.9622 val_ema=0.9753/0.9759 test77_live=0.8165/0.8087 test77_diag_ema=0.6223/0.5747 v13=0.0007 grl=1.0885 v15=0.0000 v15r=0.0000 v16=0.0000 v17=0.0000 v18=0.0000 das=stage3[12,95] p=1.00 ep_time=33.9s
[19:52:44] [save] best_sourceval_ema val_acc_ema=0.9753 source_val_live=0.9630/0.9622 source_val_ema=0.9753/0.9759 ep=42
[19:52:44] [save] best_sourcequalified77_ema ep=42 source_val_live=0.9630/0.9622 source_val_ema=0.9753/0.9759 test77_ema=0.6223/0.5747
[19:52:44] [train] epoch 43/100 steps=40 use_dann=0 das=stage3 f=[12.0,95.0] p=1.00 gpu=3.0/11.8GB
[19:52:45] [train] ep=43 step=001/40 ce=0.2627 sc=0.6221 mi=0.0733 dn=0.0000 v13=0.0005 grl=1.0551 v15=0.0000 v15r=0.0000 v16=0.0000 v17=0.0000 v18=0.0000 acc=1.0000 lr=1.95e-04 lambda=0.000 grl_lambda=0.970 v18_lambda=0.000 gpu=3.0/11.8GB
[19:52:50] [train] ep=43 step=010/40 ce=0.2927 sc=0.7416 mi=0.0667 dn=0.0000 v13=0.0007 grl=1.0615 v15=0.0000 v15r=0.0000 v16=0.0000 v17=0.0000 v18=0.0000 acc=1.0000 lr=1.94e-04 lambda=0.000 grl_lambda=0.971 v18_lambda=0.000 gpu=3.0/11.8GB
[19:52:56] [train] ep=43 step=020/40 ce=0.3281 sc=0.7863 mi=0.0665 dn=0.0000 v13=0.0006 grl=1.0841 v15=0.0000 v15r=0.0000 v16=0.0000 v17=0.0000 v18=0.0000 acc=0.9969 lr=1.93e-04 lambda=0.000 grl_lambda=0.972 v18_lambda=0.000 gpu=3.0/11.8GB
[19:53:01] [train] ep=43 step=030/40 ce=0.3496 sc=0.8108 mi=0.0660 dn=0.0000 v13=0.0007 grl=1.0856 v15=0.0000 v15r=0.0000 v16=0.0000 v17=0.0000 v18=0.0000 acc=0.9938 lr=1.92e-04 lambda=0.000 grl_lambda=0.972 v18_lambda=0.000 gpu=3.0/11.8GB
[19:53:07] [train] ep=43 step=040/40 ce=0.3316 sc=0.7823 mi=0.0657 dn=0.0000 v13=0.0006 grl=1.0887 v15=0.0000 v15r=0.0000 v16=0.0000 v17=0.0000 v18=0.0000 acc=0.9953 lr=1.91e-04 lambda=0.000 grl_lambda=0.973 v18_lambda=0.000 gpu=3.0/11.8GB
[19:53:18] [ep_summary] ep=43/100 val_live=0.9753/0.9752 val_ema=0.9753/0.9759 test77_live=0.8777/0.8767 test77_diag_ema=0.6511/0.6022 v13=0.0006 grl=1.0887 v15=0.0000 v15r=0.0000 v16=0.0000 v17=0.0000 v18=0.0000 das=stage3[12,95] p=1.00 ep_time=33.7s
[19:53:18] [save] best_sourcequalified77_ema ep=43 source_val_live=0.9753/0.9752 source_val_ema=0.9753/0.9759 test77_ema=0.6511/0.6022
[19:53:18] [train] epoch 44/100 steps=40 use_dann=0 das=stage3 f=[12.0,95.0] p=1.00 gpu=3.0/11.8GB
[19:53:18] [train] ep=44 step=001/40 ce=0.2604 sc=0.4370 mi=0.0778 dn=0.0000 v13=0.0007 grl=1.1483 v15=0.0000 v15r=0.0000 v16=0.0000 v17=0.0000 v18=0.0000 acc=1.0000 lr=1.91e-04 lambda=0.000 grl_lambda=0.973 v18_lambda=0.000 gpu=3.0/11.8GB
[19:53:24] [train] ep=44 step=010/40 ce=0.4750 sc=0.8402 mi=0.0669 dn=0.0000 v13=0.0007 grl=1.1100 v15=0.0000 v15r=0.0000 v16=0.0000 v17=0.0000 v18=0.0000 acc=0.9875 lr=1.90e-04 lambda=0.000 grl_lambda=0.974 v18_lambda=0.000 gpu=3.0/11.8GB
[19:53:29] [train] ep=44 step=020/40 ce=0.4439 sc=0.8950 mi=0.0664 dn=0.0000 v13=0.0006 grl=1.1021 v15=0.0000 v15r=0.0000 v16=0.0000 v17=0.0000 v18=0.0000 acc=0.9875 lr=1.89e-04 lambda=0.000 grl_lambda=0.974 v18_lambda=0.000 gpu=3.0/11.8GB
[19:53:35] [train] ep=44 step=030/40 ce=0.4160 sc=0.8446 mi=0.0659 dn=0.0000 v13=0.0006 grl=1.1021 v15=0.0000 v15r=0.0000 v16=0.0000 v17=0.0000 v18=0.0000 acc=0.9896 lr=1.87e-04 lambda=0.000 grl_lambda=0.975 v18_lambda=0.000 gpu=3.0/11.8GB
[19:53:41] [train] ep=44 step=040/40 ce=0.4241 sc=0.8303 mi=0.0662 dn=0.0000 v13=0.0006 grl=1.1029 v15=0.0000 v15r=0.0000 v16=0.0000 v17=0.0000 v18=0.0000 acc=0.9875 lr=1.86e-04 lambda=0.000 grl_lambda=0.976 v18_lambda=0.000 gpu=3.0/11.8GB
[19:53:58] [ep_summary] ep=44/100 val_live=0.9568/0.9566 val_ema=0.9815/0.9820 test77_live=0.8453/0.8435 test77_diag_ema=0.6727/0.6257 v13=0.0006 grl=1.1029 v15=0.0000 v15r=0.0000 v16=0.0000 v17=0.0000 v18=0.0000 das=stage3[12,95] p=1.00 ep_time=40.3s
[19:53:58] [save] best_sourceval_ema val_acc_ema=0.9815 source_val_live=0.9568/0.9566 source_val_ema=0.9815/0.9820 ep=44
[19:53:58] [save] best_sourcequalified77_ema ep=44 source_val_live=0.9568/0.9566 source_val_ema=0.9815/0.9820 test77_ema=0.6727/0.6257
[19:53:58] [train] epoch 45/100 steps=40 use_dann=0 das=stage3 f=[12.0,95.0] p=1.00 gpu=3.0/11.8GB
[19:53:59] [train] ep=45 step=001/40 ce=0.9984 sc=1.7528 mi=0.0754 dn=0.0000 v13=0.0007 grl=1.0848 v15=0.0000 v15r=0.0000 v16=0.0000 v17=0.0000 v18=0.0000 acc=0.9375 lr=1.86e-04 lambda=0.000 grl_lambda=0.976 v18_lambda=0.000 gpu=3.0/11.8GB
[19:54:04] [train] ep=45 step=010/40 ce=0.3615 sc=0.8463 mi=0.0684 dn=0.0000 v13=0.0006 grl=1.1077 v15=0.0000 v15r=0.0000 v16=0.0000 v17=0.0000 v18=0.0000 acc=0.9938 lr=1.85e-04 lambda=0.000 grl_lambda=0.976 v18_lambda=0.000 gpu=3.0/11.8GB
[19:54:10] [train] ep=45 step=020/40 ce=0.4330 sc=0.8059 mi=0.0673 dn=0.0000 v13=0.0007 grl=1.1053 v15=0.0000 v15r=0.0000 v16=0.0000 v17=0.0000 v18=0.0000 acc=0.9844 lr=1.84e-04 lambda=0.000 grl_lambda=0.977 v18_lambda=0.000 gpu=3.0/11.8GB
[19:54:16] [train] ep=45 step=030/40 ce=0.4450 sc=0.8518 mi=0.0671 dn=0.0000 v13=0.0007 grl=1.0996 v15=0.0000 v15r=0.0000 v16=0.0000 v17=0.0000 v18=0.0000 acc=0.9833 lr=1.83e-04 lambda=0.000 grl_lambda=0.977 v18_lambda=0.000 gpu=3.0/11.8GB
[19:54:22] [train] ep=45 step=040/40 ce=0.4056 sc=0.8467 mi=0.0674 dn=0.0000 v13=0.0007 grl=1.0964 v15=0.0000 v15r=0.0000 v16=0.0000 v17=0.0000 v18=0.0000 acc=0.9875 lr=1.81e-04 lambda=0.000 grl_lambda=0.978 v18_lambda=0.000 gpu=3.0/11.8GB
[19:54:32] [ep_summary] ep=45/100 val_live=0.9691/0.9694 val_ema=0.9815/0.9820 test77_live=0.8597/0.8570 test77_diag_ema=0.7050/0.6670 v13=0.0007 grl=1.0964 v15=0.0000 v15r=0.0000 v16=0.0000 v17=0.0000 v18=0.0000 das=stage3[12,95] p=1.00 ep_time=33.8s
[19:54:32] [save] best_sourcequalified77_ema ep=45 source_val_live=0.9691/0.9694 source_val_ema=0.9815/0.9820 test77_ema=0.7050/0.6670
[19:54:32] [train] epoch 46/100 steps=40 use_dann=0 das=stage3 f=[12.0,95.0] p=1.00 gpu=3.0/11.8GB
[19:54:33] [train] ep=46 step=001/40 ce=0.2624 sc=0.6236 mi=0.0692 dn=0.0000 v13=0.0004 grl=1.1069 v15=0.0000 v15r=0.0000 v16=0.0000 v17=0.0000 v18=0.0000 acc=1.0000 lr=1.81e-04 lambda=0.000 grl_lambda=0.978 v18_lambda=0.000 gpu=3.0/11.8GB
[19:54:38] [train] ep=46 step=010/40 ce=0.3568 sc=0.8329 mi=0.0645 dn=0.0000 v13=0.0005 grl=1.0845 v15=0.0000 v15r=0.0000 v16=0.0000 v17=0.0000 v18=0.0000 acc=0.9938 lr=1.80e-04 lambda=0.000 grl_lambda=0.979 v18_lambda=0.000 gpu=3.0/11.8GB
[19:54:44] [train] ep=46 step=020/40 ce=0.3121 sc=0.8505 mi=0.0657 dn=0.0000 v13=0.0006 grl=1.0928 v15=0.0000 v15r=0.0000 v16=0.0000 v17=0.0000 v18=0.0000 acc=0.9969 lr=1.79e-04 lambda=0.000 grl_lambda=0.979 v18_lambda=0.000 gpu=3.0/11.8GB
[19:54:49] [train] ep=46 step=030/40 ce=0.3365 sc=0.8443 mi=0.0650 dn=0.0000 v13=0.0006 grl=1.0902 v15=0.0000 v15r=0.0000 v16=0.0000 v17=0.0000 v18=0.0000 acc=0.9979 lr=1.78e-04 lambda=0.000 grl_lambda=0.980 v18_lambda=0.000 gpu=3.0/11.8GB
[19:54:55] [train] ep=46 step=040/40 ce=0.3495 sc=0.8531 mi=0.0648 dn=0.0000 v13=0.0006 grl=1.0872 v15=0.0000 v15r=0.0000 v16=0.0000 v17=0.0000 v18=0.0000 acc=0.9953 lr=1.77e-04 lambda=0.000 grl_lambda=0.980 v18_lambda=0.000 gpu=3.0/11.8GB
[19:55:06] [ep_summary] ep=46/100 val_live=0.9506/0.9489 val_ema=0.9815/0.9820 test77_live=0.8669/0.8649 test77_diag_ema=0.7158/0.6771 v13=0.0006 grl=1.0872 v15=0.0000 v15r=0.0000 v16=0.0000 v17=0.0000 v18=0.0000 das=stage3[12,95] p=1.00 ep_time=33.8s
[19:55:06] [save] best_sourcequalified77_ema ep=46 source_val_live=0.9506/0.9489 source_val_ema=0.9815/0.9820 test77_ema=0.7158/0.6771
[19:55:06] [train] epoch 47/100 steps=40 use_dann=0 das=stage3 f=[12.0,95.0] p=1.00 gpu=3.0/11.8GB
[19:55:06] [train] ep=47 step=001/40 ce=0.2714 sc=0.7197 mi=0.0752 dn=0.0000 v13=0.0007 grl=1.0602 v15=0.0000 v15r=0.0000 v16=0.0000 v17=0.0000 v18=0.0000 acc=1.0000 lr=1.77e-04 lambda=0.000 grl_lambda=0.980 v18_lambda=0.000 gpu=3.0/11.8GB
[19:55:12] [train] ep=47 step=010/40 ce=0.3967 sc=0.9244 mi=0.0673 dn=0.0000 v13=0.0007 grl=1.0915 v15=0.0000 v15r=0.0000 v16=0.0000 v17=0.0000 v18=0.0000 acc=0.9812 lr=1.76e-04 lambda=0.000 grl_lambda=0.981 v18_lambda=0.000 gpu=3.0/11.8GB
[19:55:17] [train] ep=47 step=020/40 ce=0.3370 sc=0.9033 mi=0.0664 dn=0.0000 v13=0.0006 grl=1.0958 v15=0.0000 v15r=0.0000 v16=0.0000 v17=0.0000 v18=0.0000 acc=0.9906 lr=1.74e-04 lambda=0.000 grl_lambda=0.981 v18_lambda=0.000 gpu=3.0/11.8GB
[19:55:23] [train] ep=47 step=030/40 ce=0.3247 sc=0.8349 mi=0.0655 dn=0.0000 v13=0.0006 grl=1.0919 v15=0.0000 v15r=0.0000 v16=0.0000 v17=0.0000 v18=0.0000 acc=0.9938 lr=1.73e-04 lambda=0.000 grl_lambda=0.981 v18_lambda=0.000 gpu=3.0/11.8GB
[19:55:29] [train] ep=47 step=040/40 ce=0.3335 sc=0.8167 mi=0.0661 dn=0.0000 v13=0.0006 grl=1.0952 v15=0.0000 v15r=0.0000 v16=0.0000 v17=0.0000 v18=0.0000 acc=0.9938 lr=1.72e-04 lambda=0.000 grl_lambda=0.982 v18_lambda=0.000 gpu=3.0/11.8GB
[19:55:40] [ep_summary] ep=47/100 val_live=0.9877/0.9878 val_ema=0.9815/0.9820 test77_live=0.8561/0.8498 test77_diag_ema=0.7338/0.6925 v13=0.0006 grl=1.0952 v15=0.0000 v15r=0.0000 v16=0.0000 v17=0.0000 v18=0.0000 das=stage3[12,95] p=1.00 ep_time=33.8s
[19:55:40] [save] best_sourcequalified77_ema ep=47 source_val_live=0.9877/0.9878 source_val_ema=0.9815/0.9820 test77_ema=0.7338/0.6925
[19:55:40] [train] epoch 48/100 steps=40 use_dann=0 das=stage3 f=[12.0,95.0] p=1.00 gpu=3.0/11.8GB
[19:55:40] [train] ep=48 step=001/40 ce=0.2665 sc=0.7299 mi=0.0623 dn=0.0000 v13=0.0007 grl=1.0487 v15=0.0000 v15r=0.0000 v16=0.0000 v17=0.0000 v18=0.0000 acc=1.0000 lr=1.72e-04 lambda=0.000 grl_lambda=0.982 v18_lambda=0.000 gpu=3.0/11.8GB
[19:55:46] [train] ep=48 step=010/40 ce=0.2844 sc=0.7716 mi=0.0627 dn=0.0000 v13=0.0007 grl=1.0799 v15=0.0000 v15r=0.0000 v16=0.0000 v17=0.0000 v18=0.0000 acc=1.0000 lr=1.71e-04 lambda=0.000 grl_lambda=0.982 v18_lambda=0.000 gpu=3.0/11.8GB
[19:55:51] [train] ep=48 step=020/40 ce=0.3401 sc=0.7750 mi=0.0640 dn=0.0000 v13=0.0007 grl=1.0857 v15=0.0000 v15r=0.0000 v16=0.0000 v17=0.0000 v18=0.0000 acc=0.9969 lr=1.69e-04 lambda=0.000 grl_lambda=0.983 v18_lambda=0.000 gpu=3.0/11.8GB
[19:55:57] [train] ep=48 step=030/40 ce=0.3202 sc=0.7842 mi=0.0660 dn=0.0000 v13=0.0007 grl=1.0886 v15=0.0000 v15r=0.0000 v16=0.0000 v17=0.0000 v18=0.0000 acc=0.9979 lr=1.68e-04 lambda=0.000 grl_lambda=0.983 v18_lambda=0.000 gpu=3.0/11.8GB
[19:56:03] [train] ep=48 step=040/40 ce=0.3062 sc=0.7765 mi=0.0653 dn=0.0000 v13=0.0007 grl=1.0838 v15=0.0000 v15r=0.0000 v16=0.0000 v17=0.0000 v18=0.0000 acc=0.9984 lr=1.67e-04 lambda=0.000 grl_lambda=0.984 v18_lambda=0.000 gpu=3.0/11.8GB
[19:56:50] [ep_summary] ep=48/100 val_live=0.9691/0.9685 val_ema=0.9815/0.9820 test77_live=0.8597/0.8573 test77_diag_ema=0.7410/0.7074 v13=0.0007 grl=1.0838 v15=0.0000 v15r=0.0000 v16=0.0000 v17=0.0000 v18=0.0000 das=stage3[12,95] p=1.00 ep_time=70.2s
[19:56:51] [save] best_sourcequalified77_ema ep=48 source_val_live=0.9691/0.9685 source_val_ema=0.9815/0.9820 test77_ema=0.7410/0.7074
[19:56:51] [train] epoch 49/100 steps=40 use_dann=0 das=stage3 f=[12.0,95.0] p=1.00 gpu=3.0/11.8GB
[19:56:53] [train] ep=49 step=001/40 ce=0.2649 sc=0.7889 mi=0.0698 dn=0.0000 v13=0.0008 grl=1.1489 v15=0.0000 v15r=0.0000 v16=0.0000 v17=0.0000 v18=0.0000 acc=1.0000 lr=1.67e-04 lambda=0.000 grl_lambda=0.984 v18_lambda=0.000 gpu=3.0/11.8GB
[19:56:58] [train] ep=49 step=010/40 ce=0.3062 sc=0.6678 mi=0.0620 dn=0.0000 v13=0.0007 grl=1.0952 v15=0.0000 v15r=0.0000 v16=0.0000 v17=0.0000 v18=0.0000 acc=0.9938 lr=1.66e-04 lambda=0.000 grl_lambda=0.984 v18_lambda=0.000 gpu=3.0/11.8GB
[19:57:04] [train] ep=49 step=020/40 ce=0.3482 sc=0.7420 mi=0.0649 dn=0.0000 v13=0.0007 grl=1.1012 v15=0.0000 v15r=0.0000 v16=0.0000 v17=0.0000 v18=0.0000 acc=0.9938 lr=1.65e-04 lambda=0.000 grl_lambda=0.984 v18_lambda=0.000 gpu=3.0/11.8GB
[19:57:10] [train] ep=49 step=030/40 ce=0.4012 sc=0.7742 mi=0.0648 dn=0.0000 v13=0.0007 grl=1.0950 v15=0.0000 v15r=0.0000 v16=0.0000 v17=0.0000 v18=0.0000 acc=0.9896 lr=1.63e-04 lambda=0.000 grl_lambda=0.985 v18_lambda=0.000 gpu=3.0/11.8GB
[19:57:16] [train] ep=49 step=040/40 ce=0.3737 sc=0.8057 mi=0.0657 dn=0.0000 v13=0.0007 grl=1.0970 v15=0.0000 v15r=0.0000 v16=0.0000 v17=0.0000 v18=0.0000 acc=0.9922 lr=1.62e-04 lambda=0.000 grl_lambda=0.985 v18_lambda=0.000 gpu=3.0/11.8GB
[19:57:26] [ep_summary] ep=49/100 val_live=0.9568/0.9558 val_ema=0.9815/0.9820 test77_live=0.8741/0.8707 test77_diag_ema=0.7446/0.7160 v13=0.0007 grl=1.0970 v15=0.0000 v15r=0.0000 v16=0.0000 v17=0.0000 v18=0.0000 das=stage3[12,95] p=1.00 ep_time=35.4s
[19:57:26] [save] best_sourcequalified77_ema ep=49 source_val_live=0.9568/0.9558 source_val_ema=0.9815/0.9820 test77_ema=0.7446/0.7160
[19:57:26] [train] epoch 50/100 steps=40 use_dann=0 das=stage3 f=[12.0,95.0] p=1.00 gpu=3.0/11.8GB
[19:57:27] [train] ep=50 step=001/40 ce=0.2612 sc=0.6158 mi=0.0570 dn=0.0000 v13=0.0006 grl=1.1455 v15=0.0000 v15r=0.0000 v16=0.0000 v17=0.0000 v18=0.0000 acc=1.0000 lr=1.62e-04 lambda=0.000 grl_lambda=0.985 v18_lambda=0.000 gpu=3.0/11.8GB
[19:57:32] [train] ep=50 step=010/40 ce=0.2676 sc=0.8028 mi=0.0664 dn=0.0000 v13=0.0009 grl=1.1044 v15=0.0000 v15r=0.0000 v16=0.0000 v17=0.0000 v18=0.0000 acc=1.0000 lr=1.61e-04 lambda=0.000 grl_lambda=0.986 v18_lambda=0.000 gpu=3.0/11.8GB
[19:57:38] [train] ep=50 step=020/40 ce=0.3494 sc=0.8112 mi=0.0687 dn=0.0000 v13=0.0008 grl=1.0933 v15=0.0000 v15r=0.0000 v16=0.0000 v17=0.0000 v18=0.0000 acc=0.9938 lr=1.60e-04 lambda=0.000 grl_lambda=0.986 v18_lambda=0.000 gpu=3.0/11.8GB
[19:57:44] [train] ep=50 step=030/40 ce=0.3954 sc=0.8524 mi=0.0664 dn=0.0000 v13=0.0008 grl=1.0924 v15=0.0000 v15r=0.0000 v16=0.0000 v17=0.0000 v18=0.0000 acc=0.9875 lr=1.59e-04 lambda=0.000 grl_lambda=0.986 v18_lambda=0.000 gpu=3.0/11.8GB
[19:57:49] [train] ep=50 step=040/40 ce=0.4152 sc=0.8576 mi=0.0665 dn=0.0000 v13=0.0007 grl=1.0915 v15=0.0000 v15r=0.0000 v16=0.0000 v17=0.0000 v18=0.0000 acc=0.9859 lr=1.57e-04 lambda=0.000 grl_lambda=0.987 v18_lambda=0.000 gpu=3.0/11.8GB
[19:58:00] [pool] check ep=050/100 source_val_acc_ema=0.9877 threshold=0.90
[19:58:05] [pool] ep=050 ADDED src_val=0.9877/0.9878 dev77=0.7214/0.6993 final77=0.7518/0.7228
[19:58:05] [pool] running best ep=050 dev77_f1=0.6993 final77_f1=0.7228 (pool_size=2)
[19:58:05] [ep_summary] ep=50/100 val_live=0.9568/0.9556 val_ema=0.9877/0.9878 test77_live=0.8741/0.8724 test77_diag_ema=0.7518/0.7228 v13=0.0007 grl=1.0915 v15=0.0000 v15r=0.0000 v16=0.0000 v17=0.0000 v18=0.0000 das=stage3[12,95] p=1.00 ep_time=38.7s
[19:58:05] [save] best_sourceval_ema val_acc_ema=0.9877 source_val_live=0.9568/0.9556 source_val_ema=0.9877/0.9878 ep=50
[19:58:05] [save] best_sourcequalified77_ema ep=50 source_val_live=0.9568/0.9556 source_val_ema=0.9877/0.9878 test77_ema=0.7518/0.7228
[19:58:05] [strict77_monitor] ep=50 best_source_epoch=50 source_val_ema=0.9877/0.9878 test77_ema_diag=0.7518/0.7228 sourcequalified_count=16 best_sourcequalified77_epoch=50 source_val_ema=0.9877/0.9878 test77_ema=0.7518/0.7228
[19:58:05] [train] epoch 51/100 steps=40 use_dann=0 das=stage3 f=[12.0,95.0] p=1.00 gpu=3.0/11.8GB
[19:58:05] [train] ep=51 step=001/40 ce=0.2614 sc=1.3643 mi=0.0699 dn=0.0000 v13=0.0007 grl=1.0762 v15=0.0000 v15r=0.0000 v16=0.0000 v17=0.0000 v18=0.0000 acc=1.0000 lr=1.57e-04 lambda=0.000 grl_lambda=0.987 v18_lambda=0.000 gpu=3.0/11.8GB
[19:58:11] [train] ep=51 step=010/40 ce=0.3190 sc=0.8976 mi=0.0692 dn=0.0000 v13=0.0006 grl=1.0972 v15=0.0000 v15r=0.0000 v16=0.0000 v17=0.0000 v18=0.0000 acc=0.9938 lr=1.56e-04 lambda=0.000 grl_lambda=0.987 v18_lambda=0.000 gpu=3.0/11.8GB
[19:58:16] [train] ep=51 step=020/40 ce=0.3386 sc=0.8923 mi=0.0653 dn=0.0000 v13=0.0006 grl=1.0931 v15=0.0000 v15r=0.0000 v16=0.0000 v17=0.0000 v18=0.0000 acc=0.9938 lr=1.55e-04 lambda=0.000 grl_lambda=0.987 v18_lambda=0.000 gpu=3.0/11.8GB
[19:58:22] [train] ep=51 step=030/40 ce=0.3978 sc=0.9505 mi=0.0648 dn=0.0000 v13=0.0006 grl=1.0972 v15=0.0000 v15r=0.0000 v16=0.0000 v17=0.0000 v18=0.0000 acc=0.9896 lr=1.54e-04 lambda=0.000 grl_lambda=0.988 v18_lambda=0.000 gpu=3.0/11.8GB
[19:58:28] [train] ep=51 step=040/40 ce=0.3659 sc=0.9193 mi=0.0646 dn=0.0000 v13=0.0006 grl=1.0963 v15=0.0000 v15r=0.0000 v16=0.0000 v17=0.0000 v18=0.0000 acc=0.9922 lr=1.53e-04 lambda=0.000 grl_lambda=0.988 v18_lambda=0.000 gpu=3.0/11.8GB
[19:58:39] [ep_summary] ep=51/100 val_live=0.9815/0.9817 val_ema=0.9877/0.9878 test77_live=0.8453/0.8344 test77_diag_ema=0.7590/0.7342 v13=0.0006 grl=1.0963 v15=0.0000 v15r=0.0000 v16=0.0000 v17=0.0000 v18=0.0000 das=stage3[12,95] p=1.00 ep_time=33.8s
[19:58:39] [save] best_sourcequalified77_ema ep=51 source_val_live=0.9815/0.9817 source_val_ema=0.9877/0.9878 test77_ema=0.7590/0.7342
[19:58:39] [train] epoch 52/100 steps=40 use_dann=0 das=stage3 f=[12.0,95.0] p=1.00 gpu=3.0/11.8GB
[19:58:39] [train] ep=52 step=001/40 ce=0.2631 sc=0.5549 mi=0.0692 dn=0.0000 v13=0.0003 grl=1.0797 v15=0.0000 v15r=0.0000 v16=0.0000 v17=0.0000 v18=0.0000 acc=1.0000 lr=1.52e-04 lambda=0.000 grl_lambda=0.988 v18_lambda=0.000 gpu=3.0/11.8GB
[19:58:45] [train] ep=52 step=010/40 ce=0.3629 sc=0.7324 mi=0.0648 dn=0.0000 v13=0.0006 grl=1.1018 v15=0.0000 v15r=0.0000 v16=0.0000 v17=0.0000 v18=0.0000 acc=0.9938 lr=1.51e-04 lambda=0.000 grl_lambda=0.988 v18_lambda=0.000 gpu=3.0/11.8GB
[19:58:50] [train] ep=52 step=020/40 ce=0.3919 sc=0.7620 mi=0.0674 dn=0.0000 v13=0.0007 grl=1.1008 v15=0.0000 v15r=0.0000 v16=0.0000 v17=0.0000 v18=0.0000 acc=0.9906 lr=1.50e-04 lambda=0.000 grl_lambda=0.988 v18_lambda=0.000 gpu=3.0/11.8GB
[19:58:56] [train] ep=52 step=030/40 ce=0.3624 sc=0.7786 mi=0.0666 dn=0.0000 v13=0.0007 grl=1.1040 v15=0.0000 v15r=0.0000 v16=0.0000 v17=0.0000 v18=0.0000 acc=0.9917 lr=1.49e-04 lambda=0.000 grl_lambda=0.989 v18_lambda=0.000 gpu=3.0/11.8GB
[19:59:02] [train] ep=52 step=040/40 ce=0.3400 sc=0.7952 mi=0.0656 dn=0.0000 v13=0.0007 grl=1.0980 v15=0.0000 v15r=0.0000 v16=0.0000 v17=0.0000 v18=0.0000 acc=0.9938 lr=1.48e-04 lambda=0.000 grl_lambda=0.989 v18_lambda=0.000 gpu=3.0/11.8GB
[19:59:12] [ep_summary] ep=52/100 val_live=0.9753/0.9749 val_ema=0.9877/0.9878 test77_live=0.8525/0.8480 test77_diag_ema=0.7626/0.7368 v13=0.0007 grl=1.0980 v15=0.0000 v15r=0.0000 v16=0.0000 v17=0.0000 v18=0.0000 das=stage3[12,95] p=1.00 ep_time=33.8s
[19:59:13] [save] best_sourcequalified77_ema ep=52 source_val_live=0.9753/0.9749 source_val_ema=0.9877/0.9878 test77_ema=0.7626/0.7368
[19:59:13] [train] epoch 53/100 steps=40 use_dann=0 das=stage3 f=[12.0,95.0] p=1.00 gpu=3.0/11.8GB
[19:59:13] [train] ep=53 step=001/40 ce=0.3695 sc=0.9738 mi=0.0614 dn=0.0000 v13=0.0007 grl=1.0480 v15=0.0000 v15r=0.0000 v16=0.0000 v17=0.0000 v18=0.0000 acc=1.0000 lr=1.48e-04 lambda=0.000 grl_lambda=0.989 v18_lambda=0.000 gpu=3.0/11.8GB
[19:59:18] [train] ep=53 step=010/40 ce=0.3869 sc=0.7949 mi=0.0650 dn=0.0000 v13=0.0005 grl=1.0880 v15=0.0000 v15r=0.0000 v16=0.0000 v17=0.0000 v18=0.0000 acc=0.9938 lr=1.46e-04 lambda=0.000 grl_lambda=0.989 v18_lambda=0.000 gpu=3.0/11.8GB
[19:59:24] [train] ep=53 step=020/40 ce=0.3620 sc=0.7570 mi=0.0652 dn=0.0000 v13=0.0005 grl=1.0846 v15=0.0000 v15r=0.0000 v16=0.0000 v17=0.0000 v18=0.0000 acc=0.9969 lr=1.45e-04 lambda=0.000 grl_lambda=0.990 v18_lambda=0.000 gpu=3.0/11.8GB
[19:59:30] [train] ep=53 step=030/40 ce=0.3516 sc=0.7459 mi=0.0641 dn=0.0000 v13=0.0005 grl=1.0917 v15=0.0000 v15r=0.0000 v16=0.0000 v17=0.0000 v18=0.0000 acc=0.9979 lr=1.44e-04 lambda=0.000 grl_lambda=0.990 v18_lambda=0.000 gpu=3.0/11.8GB
[19:59:36] [train] ep=53 step=040/40 ce=0.3341 sc=0.7513 mi=0.0634 dn=0.0000 v13=0.0005 grl=1.0864 v15=0.0000 v15r=0.0000 v16=0.0000 v17=0.0000 v18=0.0000 acc=0.9984 lr=1.43e-04 lambda=0.000 grl_lambda=0.990 v18_lambda=0.000 gpu=3.0/11.8GB
[19:59:46] [ep_summary] ep=53/100 val_live=0.9630/0.9628 val_ema=0.9877/0.9878 test77_live=0.8777/0.8759 test77_diag_ema=0.7878/0.7694 v13=0.0005 grl=1.0864 v15=0.0000 v15r=0.0000 v16=0.0000 v17=0.0000 v18=0.0000 das=stage3[12,95] p=1.00 ep_time=33.9s
[19:59:46] [save] best_sourcequalified77_ema ep=53 source_val_live=0.9630/0.9628 source_val_ema=0.9877/0.9878 test77_ema=0.7878/0.7694
[19:59:46] [train] epoch 54/100 steps=40 use_dann=0 das=stage3 f=[12.0,95.0] p=1.00 gpu=3.0/11.8GB
[19:59:47] [train] ep=54 step=001/40 ce=0.2593 sc=1.0851 mi=0.0615 dn=0.0000 v13=0.0004 grl=1.0554 v15=0.0000 v15r=0.0000 v16=0.0000 v17=0.0000 v18=0.0000 acc=1.0000 lr=1.43e-04 lambda=0.000 grl_lambda=0.990 v18_lambda=0.000 gpu=3.0/11.8GB
[19:59:52] [train] ep=54 step=010/40 ce=0.3067 sc=0.8740 mi=0.0682 dn=0.0000 v13=0.0006 grl=1.0787 v15=0.0000 v15r=0.0000 v16=0.0000 v17=0.0000 v18=0.0000 acc=1.0000 lr=1.42e-04 lambda=0.000 grl_lambda=0.990 v18_lambda=0.000 gpu=3.0/11.8GB
[19:59:58] [train] ep=54 step=020/40 ce=0.2864 sc=0.8014 mi=0.0663 dn=0.0000 v13=0.0006 grl=1.0836 v15=0.0000 v15r=0.0000 v16=0.0000 v17=0.0000 v18=0.0000 acc=1.0000 lr=1.40e-04 lambda=0.000 grl_lambda=0.991 v18_lambda=0.000 gpu=3.0/11.8GB
[20:00:04] [train] ep=54 step=030/40 ce=0.3039 sc=0.7893 mi=0.0651 dn=0.0000 v13=0.0006 grl=1.0864 v15=0.0000 v15r=0.0000 v16=0.0000 v17=0.0000 v18=0.0000 acc=0.9979 lr=1.39e-04 lambda=0.000 grl_lambda=0.991 v18_lambda=0.000 gpu=3.0/11.8GB
[20:00:10] [train] ep=54 step=040/40 ce=0.2972 sc=0.7776 mi=0.0646 dn=0.0000 v13=0.0006 grl=1.0843 v15=0.0000 v15r=0.0000 v16=0.0000 v17=0.0000 v18=0.0000 acc=0.9984 lr=1.38e-04 lambda=0.000 grl_lambda=0.991 v18_lambda=0.000 gpu=3.0/11.8GB
[20:00:20] [ep_summary] ep=54/100 val_live=0.9568/0.9556 val_ema=0.9877/0.9878 test77_live=0.8669/0.8657 test77_diag_ema=0.8058/0.7925 v13=0.0006 grl=1.0843 v15=0.0000 v15r=0.0000 v16=0.0000 v17=0.0000 v18=0.0000 das=stage3[12,95] p=1.00 ep_time=33.8s
[20:00:20] [save] best_sourcequalified77_ema ep=54 source_val_live=0.9568/0.9556 source_val_ema=0.9877/0.9878 test77_ema=0.8058/0.7925
[20:00:20] [train] epoch 55/100 steps=40 use_dann=0 das=stage3 f=[12.0,95.0] p=1.00 gpu=3.0/11.8GB
[20:00:21] [train] ep=55 step=001/40 ce=0.2602 sc=0.6539 mi=0.0581 dn=0.0000 v13=0.0005 grl=1.0417 v15=0.0000 v15r=0.0000 v16=0.0000 v17=0.0000 v18=0.0000 acc=1.0000 lr=1.38e-04 lambda=0.000 grl_lambda=0.991 v18_lambda=0.000 gpu=3.0/11.8GB
[20:00:26] [train] ep=55 step=010/40 ce=0.3168 sc=0.7431 mi=0.0642 dn=0.0000 v13=0.0006 grl=1.0781 v15=0.0000 v15r=0.0000 v16=0.0000 v17=0.0000 v18=0.0000 acc=1.0000 lr=1.37e-04 lambda=0.000 grl_lambda=0.991 v18_lambda=0.000 gpu=3.0/11.8GB
[20:00:32] [train] ep=55 step=020/40 ce=0.2912 sc=0.7741 mi=0.0647 dn=0.0000 v13=0.0006 grl=1.0713 v15=0.0000 v15r=0.0000 v16=0.0000 v17=0.0000 v18=0.0000 acc=1.0000 lr=1.36e-04 lambda=0.000 grl_lambda=0.991 v18_lambda=0.000 gpu=3.0/11.8GB
[20:00:38] [train] ep=55 step=030/40 ce=0.2871 sc=0.7759 mi=0.0646 dn=0.0000 v13=0.0006 grl=1.0725 v15=0.0000 v15r=0.0000 v16=0.0000 v17=0.0000 v18=0.0000 acc=1.0000 lr=1.34e-04 lambda=0.000 grl_lambda=0.992 v18_lambda=0.000 gpu=3.0/11.8GB
[20:00:44] [train] ep=55 step=040/40 ce=0.3077 sc=0.8302 mi=0.0648 dn=0.0000 v13=0.0005 grl=1.0774 v15=0.0000 v15r=0.0000 v16=0.0000 v17=0.0000 v18=0.0000 acc=0.9984 lr=1.33e-04 lambda=0.000 grl_lambda=0.992 v18_lambda=0.000 gpu=3.0/11.8GB
[20:00:54] [ep_summary] ep=55/100 val_live=0.9691/0.9691 val_ema=0.9815/0.9818 test77_live=0.8094/0.8012 test77_diag_ema=0.8165/0.8072 v13=0.0005 grl=1.0774 v15=0.0000 v15r=0.0000 v16=0.0000 v17=0.0000 v18=0.0000 das=stage3[12,95] p=1.00 ep_time=34.0s
[20:00:54] [save] best_sourcequalified77_ema ep=55 source_val_live=0.9691/0.9691 source_val_ema=0.9815/0.9818 test77_ema=0.8165/0.8072
[20:00:54] [train] epoch 56/100 steps=40 use_dann=0 das=stage3 f=[12.0,95.0] p=1.00 gpu=3.0/11.8GB
[20:00:55] [train] ep=56 step=001/40 ce=0.2589 sc=0.7458 mi=0.0613 dn=0.0000 v13=0.0006 grl=1.1187 v15=0.0000 v15r=0.0000 v16=0.0000 v17=0.0000 v18=0.0000 acc=1.0000 lr=1.33e-04 lambda=0.000 grl_lambda=0.992 v18_lambda=0.000 gpu=3.0/11.8GB
[20:01:00] [train] ep=56 step=010/40 ce=0.2599 sc=0.9385 mi=0.0600 dn=0.0000 v13=0.0006 grl=1.0689 v15=0.0000 v15r=0.0000 v16=0.0000 v17=0.0000 v18=0.0000 acc=1.0000 lr=1.32e-04 lambda=0.000 grl_lambda=0.992 v18_lambda=0.000 gpu=3.0/11.8GB
[20:01:06] [train] ep=56 step=020/40 ce=0.2605 sc=0.8004 mi=0.0610 dn=0.0000 v13=0.0006 grl=1.0755 v15=0.0000 v15r=0.0000 v16=0.0000 v17=0.0000 v18=0.0000 acc=1.0000 lr=1.31e-04 lambda=0.000 grl_lambda=0.992 v18_lambda=0.000 gpu=3.0/11.8GB
[20:01:12] [train] ep=56 step=030/40 ce=0.2844 sc=0.7814 mi=0.0622 dn=0.0000 v13=0.0006 grl=1.0809 v15=0.0000 v15r=0.0000 v16=0.0000 v17=0.0000 v18=0.0000 acc=0.9979 lr=1.30e-04 lambda=0.000 grl_lambda=0.992 v18_lambda=0.000 gpu=3.0/11.8GB
[20:01:18] [train] ep=56 step=040/40 ce=0.2788 sc=0.7818 mi=0.0629 dn=0.0000 v13=0.0006 grl=1.0785 v15=0.0000 v15r=0.0000 v16=0.0000 v17=0.0000 v18=0.0000 acc=0.9984 lr=1.28e-04 lambda=0.000 grl_lambda=0.993 v18_lambda=0.000 gpu=3.0/11.8GB
[20:01:28] [ep_summary] ep=56/100 val_live=0.9568/0.9556 val_ema=0.9815/0.9818 test77_live=0.8094/0.8008 test77_diag_ema=0.8273/0.8187 v13=0.0006 grl=1.0785 v15=0.0000 v15r=0.0000 v16=0.0000 v17=0.0000 v18=0.0000 das=stage3[12,95] p=1.00 ep_time=33.9s
[20:01:28] [save] best_sourcequalified77_ema ep=56 source_val_live=0.9568/0.9556 source_val_ema=0.9815/0.9818 test77_ema=0.8273/0.8187
[20:01:28] [train] epoch 57/100 steps=40 use_dann=0 das=stage3 f=[12.0,95.0] p=1.00 gpu=3.0/11.8GB
[20:01:29] [train] ep=57 step=001/40 ce=0.2582 sc=0.6328 mi=0.0626 dn=0.0000 v13=0.0004 grl=1.0909 v15=0.0000 v15r=0.0000 v16=0.0000 v17=0.0000 v18=0.0000 acc=1.0000 lr=1.28e-04 lambda=0.000 grl_lambda=0.993 v18_lambda=0.000 gpu=3.0/11.8GB
[20:01:34] [train] ep=57 step=010/40 ce=0.2594 sc=0.7328 mi=0.0619 dn=0.0000 v13=0.0006 grl=1.1021 v15=0.0000 v15r=0.0000 v16=0.0000 v17=0.0000 v18=0.0000 acc=1.0000 lr=1.27e-04 lambda=0.000 grl_lambda=0.993 v18_lambda=0.000 gpu=3.0/11.8GB
[20:01:40] [train] ep=57 step=020/40 ce=0.2596 sc=0.7324 mi=0.0619 dn=0.0000 v13=0.0006 grl=1.0858 v15=0.0000 v15r=0.0000 v16=0.0000 v17=0.0000 v18=0.0000 acc=1.0000 lr=1.26e-04 lambda=0.000 grl_lambda=0.993 v18_lambda=0.000 gpu=3.0/11.8GB
[20:01:46] [train] ep=57 step=030/40 ce=0.2870 sc=0.7672 mi=0.0625 dn=0.0000 v13=0.0006 grl=1.0871 v15=0.0000 v15r=0.0000 v16=0.0000 v17=0.0000 v18=0.0000 acc=0.9979 lr=1.25e-04 lambda=0.000 grl_lambda=0.993 v18_lambda=0.000 gpu=3.0/11.8GB
[20:01:52] [train] ep=57 step=040/40 ce=0.2804 sc=0.7541 mi=0.0632 dn=0.0000 v13=0.0006 grl=1.0888 v15=0.0000 v15r=0.0000 v16=0.0000 v17=0.0000 v18=0.0000 acc=0.9984 lr=1.24e-04 lambda=0.000 grl_lambda=0.993 v18_lambda=0.000 gpu=3.0/11.8GB
[20:02:03] [ep_summary] ep=57/100 val_live=0.9815/0.9810 val_ema=0.9815/0.9818 test77_live=0.8273/0.8238 test77_diag_ema=0.8309/0.8218 v13=0.0006 grl=1.0888 v15=0.0000 v15r=0.0000 v16=0.0000 v17=0.0000 v18=0.0000 das=stage3[12,95] p=1.00 ep_time=34.2s
[20:02:03] [save] best_sourcequalified77_ema ep=57 source_val_live=0.9815/0.9810 source_val_ema=0.9815/0.9818 test77_ema=0.8309/0.8218
[20:02:03] [train] epoch 58/100 steps=40 use_dann=0 das=stage3 f=[12.0,95.0] p=1.00 gpu=3.0/11.8GB
[20:02:03] [train] ep=58 step=001/40 ce=0.2653 sc=0.9494 mi=0.0632 dn=0.0000 v13=0.0005 grl=1.0212 v15=0.0000 v15r=0.0000 v16=0.0000 v17=0.0000 v18=0.0000 acc=1.0000 lr=1.23e-04 lambda=0.000 grl_lambda=0.993 v18_lambda=0.000 gpu=3.0/11.8GB
[20:02:09] [train] ep=58 step=010/40 ce=0.2633 sc=0.7529 mi=0.0621 dn=0.0000 v13=0.0005 grl=1.0957 v15=0.0000 v15r=0.0000 v16=0.0000 v17=0.0000 v18=0.0000 acc=1.0000 lr=1.22e-04 lambda=0.000 grl_lambda=0.993 v18_lambda=0.000 gpu=3.0/11.8GB
[20:02:14] [train] ep=58 step=020/40 ce=0.2749 sc=0.7276 mi=0.0632 dn=0.0000 v13=0.0005 grl=1.0883 v15=0.0000 v15r=0.0000 v16=0.0000 v17=0.0000 v18=0.0000 acc=1.0000 lr=1.21e-04 lambda=0.000 grl_lambda=0.994 v18_lambda=0.000 gpu=3.0/11.8GB
[20:02:20] [train] ep=58 step=030/40 ce=0.3188 sc=0.7890 mi=0.0652 dn=0.0000 v13=0.0005 grl=1.0904 v15=0.0000 v15r=0.0000 v16=0.0000 v17=0.0000 v18=0.0000 acc=0.9979 lr=1.20e-04 lambda=0.000 grl_lambda=0.994 v18_lambda=0.000 gpu=3.0/11.8GB
[20:02:26] [train] ep=58 step=040/40 ce=0.3200 sc=0.7864 mi=0.0660 dn=0.0000 v13=0.0005 grl=1.0934 v15=0.0000 v15r=0.0000 v16=0.0000 v17=0.0000 v18=0.0000 acc=0.9969 lr=1.19e-04 lambda=0.000 grl_lambda=0.994 v18_lambda=0.000 gpu=3.0/11.8GB
[20:02:37] [ep_summary] ep=58/100 val_live=0.9506/0.9490 val_ema=0.9815/0.9818 test77_live=0.7338/0.7162 test77_diag_ema=0.8309/0.8214 v13=0.0005 grl=1.0934 v15=0.0000 v15r=0.0000 v16=0.0000 v17=0.0000 v18=0.0000 das=stage3[12,95] p=1.00 ep_time=34.0s
[20:02:37] [train] epoch 59/100 steps=40 use_dann=0 das=stage3 f=[12.0,95.0] p=1.00 gpu=3.0/11.8GB
[20:02:37] [train] ep=59 step=001/40 ce=0.2616 sc=1.0793 mi=0.0590 dn=0.0000 v13=0.0009 grl=1.0959 v15=0.0000 v15r=0.0000 v16=0.0000 v17=0.0000 v18=0.0000 acc=1.0000 lr=1.19e-04 lambda=0.000 grl_lambda=0.994 v18_lambda=0.000 gpu=3.0/11.8GB
[20:02:43] [train] ep=59 step=010/40 ce=0.3126 sc=0.7977 mi=0.0636 dn=0.0000 v13=0.0006 grl=1.0776 v15=0.0000 v15r=0.0000 v16=0.0000 v17=0.0000 v18=0.0000 acc=0.9938 lr=1.18e-04 lambda=0.000 grl_lambda=0.994 v18_lambda=0.000 gpu=3.0/11.8GB
[20:02:48] [train] ep=59 step=020/40 ce=0.3285 sc=0.8449 mi=0.0655 dn=0.0000 v13=0.0006 grl=1.0809 v15=0.0000 v15r=0.0000 v16=0.0000 v17=0.0000 v18=0.0000 acc=0.9938 lr=1.16e-04 lambda=0.000 grl_lambda=0.994 v18_lambda=0.000 gpu=3.0/11.8GB
[20:02:54] [train] ep=59 step=030/40 ce=0.3088 sc=0.8238 mi=0.0656 dn=0.0000 v13=0.0006 grl=1.0820 v15=0.0000 v15r=0.0000 v16=0.0000 v17=0.0000 v18=0.0000 acc=0.9958 lr=1.15e-04 lambda=0.000 grl_lambda=0.994 v18_lambda=0.000 gpu=3.0/11.8GB
[20:03:00] [train] ep=59 step=040/40 ce=0.3003 sc=0.8102 mi=0.0656 dn=0.0000 v13=0.0006 grl=1.0822 v15=0.0000 v15r=0.0000 v16=0.0000 v17=0.0000 v18=0.0000 acc=0.9969 lr=1.14e-04 lambda=0.000 grl_lambda=0.995 v18_lambda=0.000 gpu=3.0/11.8GB
[20:03:11] [ep_summary] ep=59/100 val_live=0.9753/0.9754 val_ema=0.9815/0.9818 test77_live=0.7518/0.7339 test77_diag_ema=0.8273/0.8174 v13=0.0006 grl=1.0822 v15=0.0000 v15r=0.0000 v16=0.0000 v17=0.0000 v18=0.0000 das=stage3[12,95] p=1.00 ep_time=34.0s
[20:03:11] [train] epoch 60/100 steps=40 use_dann=0 das=stage3 f=[12.0,95.0] p=1.00 gpu=3.0/11.8GB
[20:03:11] [train] ep=60 step=001/40 ce=0.2584 sc=0.4190 mi=0.0626 dn=0.0000 v13=0.0004 grl=1.0822 v15=0.0000 v15r=0.0000 v16=0.0000 v17=0.0000 v18=0.0000 acc=1.0000 lr=1.14e-04 lambda=0.000 grl_lambda=0.995 v18_lambda=0.000 gpu=3.0/11.8GB
[20:03:17] [train] ep=60 step=010/40 ce=0.2872 sc=0.7165 mi=0.0618 dn=0.0000 v13=0.0006 grl=1.0924 v15=0.0000 v15r=0.0000 v16=0.0000 v17=0.0000 v18=0.0000 acc=1.0000 lr=1.13e-04 lambda=0.000 grl_lambda=0.995 v18_lambda=0.000 gpu=3.0/11.8GB
[20:03:22] [train] ep=60 step=020/40 ce=0.3609 sc=0.8144 mi=0.0645 dn=0.0000 v13=0.0007 grl=1.0939 v15=0.0000 v15r=0.0000 v16=0.0000 v17=0.0000 v18=0.0000 acc=0.9906 lr=1.12e-04 lambda=0.000 grl_lambda=0.995 v18_lambda=0.000 gpu=3.0/11.8GB
[20:03:28] [train] ep=60 step=030/40 ce=0.3522 sc=0.8060 mi=0.0661 dn=0.0000 v13=0.0007 grl=1.0973 v15=0.0000 v15r=0.0000 v16=0.0000 v17=0.0000 v18=0.0000 acc=0.9917 lr=1.11e-04 lambda=0.000 grl_lambda=0.995 v18_lambda=0.000 gpu=3.0/11.8GB
[20:03:34] [train] ep=60 step=040/40 ce=0.3585 sc=0.7946 mi=0.0649 dn=0.0000 v13=0.0007 grl=1.0957 v15=0.0000 v15r=0.0000 v16=0.0000 v17=0.0000 v18=0.0000 acc=0.9922 lr=1.09e-04 lambda=0.000 grl_lambda=0.995 v18_lambda=0.000 gpu=3.0/11.8GB
[20:03:44] [pool] check ep=060/100 source_val_acc_ema=0.9815 threshold=0.90
[20:03:49] [pool] ep=060 ADDED src_val=0.9815/0.9818 dev77=0.7857/0.7874 final77=0.8273/0.8174
[20:03:49] [pool] running best ep=060 dev77_f1=0.7874 final77_f1=0.8174 (pool_size=3)
[20:03:49] [ep_summary] ep=60/100 val_live=0.9815/0.9818 val_ema=0.9815/0.9818 test77_live=0.7878/0.7793 test77_diag_ema=0.8273/0.8174 v13=0.0007 grl=1.0957 v15=0.0000 v15r=0.0000 v16=0.0000 v17=0.0000 v18=0.0000 das=stage3[12,95] p=1.00 ep_time=38.8s
[20:03:49] [strict77_monitor] ep=60 best_source_epoch=50 source_val_ema=0.9877/0.9878 test77_ema_diag=0.7518/0.7228 sourcequalified_count=26 best_sourcequalified77_epoch=57 source_val_ema=0.9815/0.9818 test77_ema=0.8309/0.8218
[20:03:49] [train] epoch 61/100 steps=40 use_dann=0 das=stage3 f=[12.0,95.0] p=1.00 gpu=3.0/11.8GB
[20:03:50] [train] ep=61 step=001/40 ce=0.2586 sc=0.8755 mi=0.0666 dn=0.0000 v13=0.0008 grl=1.0769 v15=0.0000 v15r=0.0000 v16=0.0000 v17=0.0000 v18=0.0000 acc=1.0000 lr=1.09e-04 lambda=0.000 grl_lambda=0.995 v18_lambda=0.000 gpu=3.0/11.8GB
[20:03:55] [train] ep=61 step=010/40 ce=0.3364 sc=0.8577 mi=0.0649 dn=0.0000 v13=0.0006 grl=1.0695 v15=0.0000 v15r=0.0000 v16=0.0000 v17=0.0000 v18=0.0000 acc=0.9938 lr=1.08e-04 lambda=0.000 grl_lambda=0.995 v18_lambda=0.000 gpu=3.0/11.8GB
[20:04:01] [train] ep=61 step=020/40 ce=0.3065 sc=0.7970 mi=0.0640 dn=0.0000 v13=0.0006 grl=1.0711 v15=0.0000 v15r=0.0000 v16=0.0000 v17=0.0000 v18=0.0000 acc=0.9969 lr=1.07e-04 lambda=0.000 grl_lambda=0.995 v18_lambda=0.000 gpu=3.0/11.8GB
[20:04:07] [train] ep=61 step=030/40 ce=0.2985 sc=0.7887 mi=0.0641 dn=0.0000 v13=0.0006 grl=1.0734 v15=0.0000 v15r=0.0000 v16=0.0000 v17=0.0000 v18=0.0000 acc=0.9979 lr=1.06e-04 lambda=0.000 grl_lambda=0.995 v18_lambda=0.000 gpu=3.0/11.8GB
[20:04:13] [train] ep=61 step=040/40 ce=0.2983 sc=0.7800 mi=0.0644 dn=0.0000 v13=0.0006 grl=1.0817 v15=0.0000 v15r=0.0000 v16=0.0000 v17=0.0000 v18=0.0000 acc=0.9984 lr=1.05e-04 lambda=0.000 grl_lambda=0.996 v18_lambda=0.000 gpu=3.0/11.8GB
[20:04:45] [ep_summary] ep=61/100 val_live=0.9815/0.9810 val_ema=0.9815/0.9818 test77_live=0.7842/0.7752 test77_diag_ema=0.8381/0.8290 v13=0.0006 grl=1.0817 v15=0.0000 v15r=0.0000 v16=0.0000 v17=0.0000 v18=0.0000 das=stage3[12,95] p=1.00 ep_time=55.2s
[20:04:54] [save] best_sourcequalified77_ema ep=61 source_val_live=0.9815/0.9810 source_val_ema=0.9815/0.9818 test77_ema=0.8381/0.8290
[20:04:54] [train] epoch 62/100 steps=40 use_dann=0 das=stage3 f=[12.0,95.0] p=1.00 gpu=3.0/11.8GB
[20:04:55] [train] ep=62 step=001/40 ce=0.2891 sc=0.6433 mi=0.0638 dn=0.0000 v13=0.0004 grl=1.0600 v15=0.0000 v15r=0.0000 v16=0.0000 v17=0.0000 v18=0.0000 acc=1.0000 lr=1.05e-04 lambda=0.000 grl_lambda=0.996 v18_lambda=0.000 gpu=3.0/11.8GB
[20:05:01] [train] ep=62 step=010/40 ce=0.3394 sc=0.9313 mi=0.0632 dn=0.0000 v13=0.0006 grl=1.0804 v15=0.0000 v15r=0.0000 v16=0.0000 v17=0.0000 v18=0.0000 acc=0.9938 lr=1.04e-04 lambda=0.000 grl_lambda=0.996 v18_lambda=0.000 gpu=3.0/11.8GB
[20:05:07] [train] ep=62 step=020/40 ce=0.3123 sc=0.8137 mi=0.0620 dn=0.0000 v13=0.0006 grl=1.0873 v15=0.0000 v15r=0.0000 v16=0.0000 v17=0.0000 v18=0.0000 acc=0.9969 lr=1.02e-04 lambda=0.000 grl_lambda=0.996 v18_lambda=0.000 gpu=3.0/11.8GB
[20:05:13] [train] ep=62 step=030/40 ce=0.3016 sc=0.7659 mi=0.0623 dn=0.0000 v13=0.0006 grl=1.0903 v15=0.0000 v15r=0.0000 v16=0.0000 v17=0.0000 v18=0.0000 acc=0.9979 lr=1.01e-04 lambda=0.000 grl_lambda=0.996 v18_lambda=0.000 gpu=3.0/11.8GB
[20:05:19] [train] ep=62 step=040/40 ce=0.2910 sc=0.7531 mi=0.0630 dn=0.0000 v13=0.0006 grl=1.0932 v15=0.0000 v15r=0.0000 v16=0.0000 v17=0.0000 v18=0.0000 acc=0.9984 lr=1.00e-04 lambda=0.000 grl_lambda=0.996 v18_lambda=0.000 gpu=3.0/11.8GB
[20:05:29] [ep_summary] ep=62/100 val_live=0.9877/0.9878 val_ema=0.9815/0.9818 test77_live=0.7986/0.7875 test77_diag_ema=0.8381/0.8290 v13=0.0006 grl=1.0932 v15=0.0000 v15r=0.0000 v16=0.0000 v17=0.0000 v18=0.0000 das=stage3[12,95] p=1.00 ep_time=35.1s
[20:05:29] [train] epoch 63/100 steps=40 use_dann=0 das=stage3 f=[12.0,95.0] p=1.00 gpu=3.0/11.8GB
[20:05:30] [train] ep=63 step=001/40 ce=0.2782 sc=0.4357 mi=0.0697 dn=0.0000 v13=0.0006 grl=1.1053 v15=0.0000 v15r=0.0000 v16=0.0000 v17=0.0000 v18=0.0000 acc=1.0000 lr=1.00e-04 lambda=0.000 grl_lambda=0.996 v18_lambda=0.000 gpu=3.0/11.8GB
[20:05:35] [train] ep=63 step=010/40 ce=0.2613 sc=0.5663 mi=0.0673 dn=0.0000 v13=0.0005 grl=1.0907 v15=0.0000 v15r=0.0000 v16=0.0000 v17=0.0000 v18=0.0000 acc=1.0000 lr=9.89e-05 lambda=0.000 grl_lambda=0.996 v18_lambda=0.000 gpu=3.0/11.8GB
[20:05:41] [train] ep=63 step=020/40 ce=0.2890 sc=0.6850 mi=0.0658 dn=0.0000 v13=0.0006 grl=1.0958 v15=0.0000 v15r=0.0000 v16=0.0000 v17=0.0000 v18=0.0000 acc=0.9969 lr=9.78e-05 lambda=0.000 grl_lambda=0.996 v18_lambda=0.000 gpu=3.0/11.8GB
[20:05:47] [train] ep=63 step=030/40 ce=0.3039 sc=0.7339 mi=0.0650 dn=0.0000 v13=0.0006 grl=1.0967 v15=0.0000 v15r=0.0000 v16=0.0000 v17=0.0000 v18=0.0000 acc=0.9958 lr=9.67e-05 lambda=0.000 grl_lambda=0.996 v18_lambda=0.000 gpu=3.0/11.8GB
[20:05:53] [train] ep=63 step=040/40 ce=0.2989 sc=0.7286 mi=0.0651 dn=0.0000 v13=0.0005 grl=1.0913 v15=0.0000 v15r=0.0000 v16=0.0000 v17=0.0000 v18=0.0000 acc=0.9969 lr=9.55e-05 lambda=0.000 grl_lambda=0.996 v18_lambda=0.000 gpu=3.0/11.8GB
[20:06:03] [ep_summary] ep=63/100 val_live=0.9877/0.9878 val_ema=0.9815/0.9818 test77_live=0.7770/0.7668 test77_diag_ema=0.8381/0.8295 v13=0.0005 grl=1.0913 v15=0.0000 v15r=0.0000 v16=0.0000 v17=0.0000 v18=0.0000 das=stage3[12,95] p=1.00 ep_time=34.0s
[20:06:03] [save] best_sourcequalified77_ema ep=63 source_val_live=0.9877/0.9878 source_val_ema=0.9815/0.9818 test77_ema=0.8381/0.8295
[20:06:03] [train] epoch 64/100 steps=40 use_dann=0 das=stage3 f=[12.0,95.0] p=1.00 gpu=3.0/11.8GB
[20:06:04] [train] ep=64 step=001/40 ce=0.2597 sc=0.6151 mi=0.0526 dn=0.0000 v13=0.0002 grl=1.0839 v15=0.0000 v15r=0.0000 v16=0.0000 v17=0.0000 v18=0.0000 acc=1.0000 lr=9.54e-05 lambda=0.000 grl_lambda=0.996 v18_lambda=0.000 gpu=3.0/11.8GB
[20:06:09] [train] ep=64 step=010/40 ce=0.3315 sc=0.8281 mi=0.0672 dn=0.0000 v13=0.0006 grl=1.0919 v15=0.0000 v15r=0.0000 v16=0.0000 v17=0.0000 v18=0.0000 acc=0.9938 lr=9.44e-05 lambda=0.000 grl_lambda=0.996 v18_lambda=0.000 gpu=3.0/11.8GB
[20:06:15] [train] ep=64 step=020/40 ce=0.3295 sc=0.8347 mi=0.0654 dn=0.0000 v13=0.0006 grl=1.0947 v15=0.0000 v15r=0.0000 v16=0.0000 v17=0.0000 v18=0.0000 acc=0.9938 lr=9.33e-05 lambda=0.000 grl_lambda=0.997 v18_lambda=0.000 gpu=3.0/11.8GB
[20:06:21] [train] ep=64 step=030/40 ce=0.3381 sc=0.8591 mi=0.0645 dn=0.0000 v13=0.0006 grl=1.0947 v15=0.0000 v15r=0.0000 v16=0.0000 v17=0.0000 v18=0.0000 acc=0.9938 lr=9.21e-05 lambda=0.000 grl_lambda=0.997 v18_lambda=0.000 gpu=3.0/11.8GB
[20:06:27] [train] ep=64 step=040/40 ce=0.3267 sc=0.8455 mi=0.0641 dn=0.0000 v13=0.0006 grl=1.0943 v15=0.0000 v15r=0.0000 v16=0.0000 v17=0.0000 v18=0.0000 acc=0.9953 lr=9.10e-05 lambda=0.000 grl_lambda=0.997 v18_lambda=0.000 gpu=3.0/11.8GB
[20:06:37] [ep_summary] ep=64/100 val_live=0.9630/0.9624 val_ema=0.9815/0.9818 test77_live=0.7482/0.7362 test77_diag_ema=0.8417/0.8339 v13=0.0006 grl=1.0943 v15=0.0000 v15r=0.0000 v16=0.0000 v17=0.0000 v18=0.0000 das=stage3[12,95] p=1.00 ep_time=34.1s
[20:06:37] [save] best_sourcequalified77_ema ep=64 source_val_live=0.9630/0.9624 source_val_ema=0.9815/0.9818 test77_ema=0.8417/0.8339
[20:06:37] [train] epoch 65/100 steps=40 use_dann=0 das=stage3 f=[12.0,95.0] p=1.00 gpu=3.0/11.8GB
[20:06:38] [train] ep=65 step=001/40 ce=0.2893 sc=0.6357 mi=0.0718 dn=0.0000 v13=0.0004 grl=1.0880 v15=0.0000 v15r=0.0000 v16=0.0000 v17=0.0000 v18=0.0000 acc=1.0000 lr=9.09e-05 lambda=0.000 grl_lambda=0.997 v18_lambda=0.000 gpu=3.0/11.8GB
[20:06:43] [train] ep=65 step=010/40 ce=0.3294 sc=0.8115 mi=0.0629 dn=0.0000 v13=0.0006 grl=1.0875 v15=0.0000 v15r=0.0000 v16=0.0000 v17=0.0000 v18=0.0000 acc=1.0000 lr=8.99e-05 lambda=0.000 grl_lambda=0.997 v18_lambda=0.000 gpu=3.0/11.8GB
[20:06:49] [train] ep=65 step=020/40 ce=0.2944 sc=0.7964 mi=0.0634 dn=0.0000 v13=0.0006 grl=1.0930 v15=0.0000 v15r=0.0000 v16=0.0000 v17=0.0000 v18=0.0000 acc=1.0000 lr=8.88e-05 lambda=0.000 grl_lambda=0.997 v18_lambda=0.000 gpu=3.0/11.8GB
[20:06:55] [train] ep=65 step=030/40 ce=0.3002 sc=0.8076 mi=0.0618 dn=0.0000 v13=0.0006 grl=1.0888 v15=0.0000 v15r=0.0000 v16=0.0000 v17=0.0000 v18=0.0000 acc=0.9979 lr=8.77e-05 lambda=0.000 grl_lambda=0.997 v18_lambda=0.000 gpu=3.0/11.8GB
[20:07:01] [train] ep=65 step=040/40 ce=0.2902 sc=0.8068 mi=0.0619 dn=0.0000 v13=0.0006 grl=1.0857 v15=0.0000 v15r=0.0000 v16=0.0000 v17=0.0000 v18=0.0000 acc=0.9984 lr=8.66e-05 lambda=0.000 grl_lambda=0.997 v18_lambda=0.000 gpu=3.0/11.8GB
[20:07:11] [ep_summary] ep=65/100 val_live=0.9877/0.9878 val_ema=0.9815/0.9818 test77_live=0.7842/0.7717 test77_diag_ema=0.8453/0.8370 v13=0.0006 grl=1.0857 v15=0.0000 v15r=0.0000 v16=0.0000 v17=0.0000 v18=0.0000 das=stage3[12,95] p=1.00 ep_time=33.9s
[20:07:11] [save] best_sourcequalified77_ema ep=65 source_val_live=0.9877/0.9878 source_val_ema=0.9815/0.9818 test77_ema=0.8453/0.8370
[20:07:11] [train] epoch 66/100 steps=40 use_dann=0 das=stage3 f=[12.0,95.0] p=1.00 gpu=3.0/11.8GB
[20:07:12] [train] ep=66 step=001/40 ce=0.2870 sc=0.6557 mi=0.0606 dn=0.0000 v13=0.0006 grl=1.0940 v15=0.0000 v15r=0.0000 v16=0.0000 v17=0.0000 v18=0.0000 acc=1.0000 lr=8.65e-05 lambda=0.000 grl_lambda=0.997 v18_lambda=0.000 gpu=3.0/11.8GB
[20:07:17] [train] ep=66 step=010/40 ce=0.3393 sc=0.7536 mi=0.0638 dn=0.0000 v13=0.0007 grl=1.0873 v15=0.0000 v15r=0.0000 v16=0.0000 v17=0.0000 v18=0.0000 acc=0.9938 lr=8.55e-05 lambda=0.000 grl_lambda=0.997 v18_lambda=0.000 gpu=3.0/11.8GB
[20:07:23] [train] ep=66 step=020/40 ce=0.3549 sc=0.7394 mi=0.0650 dn=0.0000 v13=0.0007 grl=1.0867 v15=0.0000 v15r=0.0000 v16=0.0000 v17=0.0000 v18=0.0000 acc=0.9938 lr=8.44e-05 lambda=0.000 grl_lambda=0.997 v18_lambda=0.000 gpu=3.0/11.8GB
[20:07:29] [train] ep=66 step=030/40 ce=0.3689 sc=0.7600 mi=0.0635 dn=0.0000 v13=0.0006 grl=1.0854 v15=0.0000 v15r=0.0000 v16=0.0000 v17=0.0000 v18=0.0000 acc=0.9917 lr=8.33e-05 lambda=0.000 grl_lambda=0.997 v18_lambda=0.000 gpu=3.0/11.8GB
[20:07:35] [train] ep=66 step=040/40 ce=0.3493 sc=0.7568 mi=0.0638 dn=0.0000 v13=0.0007 grl=1.0883 v15=0.0000 v15r=0.0000 v16=0.0000 v17=0.0000 v18=0.0000 acc=0.9938 lr=8.22e-05 lambda=0.000 grl_lambda=0.997 v18_lambda=0.000 gpu=3.0/11.8GB
[20:07:45] [ep_summary] ep=66/100 val_live=0.9938/0.9939 val_ema=0.9877/0.9878 test77_live=0.8058/0.7951 test77_diag_ema=0.8453/0.8385 v13=0.0007 grl=1.0883 v15=0.0000 v15r=0.0000 v16=0.0000 v17=0.0000 v18=0.0000 das=stage3[12,95] p=1.00 ep_time=34.0s
[20:07:45] [save] best_sourcequalified77_ema ep=66 source_val_live=0.9938/0.9939 source_val_ema=0.9877/0.9878 test77_ema=0.8453/0.8385
[20:07:45] [train] epoch 67/100 steps=40 use_dann=0 das=stage3 f=[12.0,95.0] p=1.00 gpu=3.0/11.8GB
[20:07:46] [train] ep=67 step=001/40 ce=0.2604 sc=0.7269 mi=0.0556 dn=0.0000 v13=0.0004 grl=1.0450 v15=0.0000 v15r=0.0000 v16=0.0000 v17=0.0000 v18=0.0000 acc=1.0000 lr=8.21e-05 lambda=0.000 grl_lambda=0.997 v18_lambda=0.000 gpu=3.0/11.8GB
[20:07:51] [train] ep=67 step=010/40 ce=0.2592 sc=0.7088 mi=0.0664 dn=0.0000 v13=0.0006 grl=1.0734 v15=0.0000 v15r=0.0000 v16=0.0000 v17=0.0000 v18=0.0000 acc=1.0000 lr=8.11e-05 lambda=0.000 grl_lambda=0.997 v18_lambda=0.000 gpu=3.0/11.8GB
[20:07:57] [train] ep=67 step=020/40 ce=0.3679 sc=0.7763 mi=0.0640 dn=0.0000 v13=0.0006 grl=1.0861 v15=0.0000 v15r=0.0000 v16=0.0000 v17=0.0000 v18=0.0000 acc=0.9906 lr=8.01e-05 lambda=0.000 grl_lambda=0.997 v18_lambda=0.000 gpu=3.0/11.8GB
[20:08:03] [train] ep=67 step=030/40 ce=0.3653 sc=0.7778 mi=0.0646 dn=0.0000 v13=0.0006 grl=1.0865 v15=0.0000 v15r=0.0000 v16=0.0000 v17=0.0000 v18=0.0000 acc=0.9917 lr=7.90e-05 lambda=0.000 grl_lambda=0.997 v18_lambda=0.000 gpu=3.0/11.8GB
[20:08:09] [train] ep=67 step=040/40 ce=0.3396 sc=0.7910 mi=0.0639 dn=0.0000 v13=0.0006 grl=1.0856 v15=0.0000 v15r=0.0000 v16=0.0000 v17=0.0000 v18=0.0000 acc=0.9938 lr=7.79e-05 lambda=0.000 grl_lambda=0.998 v18_lambda=0.000 gpu=3.0/11.8GB
[20:08:19] [ep_summary] ep=67/100 val_live=0.9691/0.9692 val_ema=0.9815/0.9818 test77_live=0.7950/0.7848 test77_diag_ema=0.8453/0.8402 v13=0.0006 grl=1.0856 v15=0.0000 v15r=0.0000 v16=0.0000 v17=0.0000 v18=0.0000 das=stage3[12,95] p=1.00 ep_time=33.9s
[20:08:19] [save] best_sourcequalified77_ema ep=67 source_val_live=0.9691/0.9692 source_val_ema=0.9815/0.9818 test77_ema=0.8453/0.8402
[20:08:19] [train] epoch 68/100 steps=40 use_dann=0 das=stage3 f=[12.0,95.0] p=1.00 gpu=3.0/11.8GB
[20:08:20] [train] ep=68 step=001/40 ce=0.2638 sc=0.4220 mi=0.0629 dn=0.0000 v13=0.0005 grl=1.0631 v15=0.0000 v15r=0.0000 v16=0.0000 v17=0.0000 v18=0.0000 acc=1.0000 lr=7.78e-05 lambda=0.000 grl_lambda=0.998 v18_lambda=0.000 gpu=3.0/11.8GB
[20:08:25] [train] ep=68 step=010/40 ce=0.2972 sc=0.7193 mi=0.0649 dn=0.0000 v13=0.0006 grl=1.1056 v15=0.0000 v15r=0.0000 v16=0.0000 v17=0.0000 v18=0.0000 acc=0.9938 lr=7.69e-05 lambda=0.000 grl_lambda=0.998 v18_lambda=0.000 gpu=3.0/11.8GB
[20:08:31] [train] ep=68 step=020/40 ce=0.2793 sc=0.6984 mi=0.0626 dn=0.0000 v13=0.0005 grl=1.0936 v15=0.0000 v15r=0.0000 v16=0.0000 v17=0.0000 v18=0.0000 acc=0.9969 lr=7.58e-05 lambda=0.000 grl_lambda=0.998 v18_lambda=0.000 gpu=3.0/11.8GB
[20:08:37] [train] ep=68 step=030/40 ce=0.2779 sc=0.6823 mi=0.0629 dn=0.0000 v13=0.0005 grl=1.0851 v15=0.0000 v15r=0.0000 v16=0.0000 v17=0.0000 v18=0.0000 acc=0.9979 lr=7.48e-05 lambda=0.000 grl_lambda=0.998 v18_lambda=0.000 gpu=3.0/11.8GB
[20:08:43] [train] ep=68 step=040/40 ce=0.2736 sc=0.7041 mi=0.0635 dn=0.0000 v13=0.0005 grl=1.0903 v15=0.0000 v15r=0.0000 v16=0.0000 v17=0.0000 v18=0.0000 acc=0.9984 lr=7.37e-05 lambda=0.000 grl_lambda=0.998 v18_lambda=0.000 gpu=3.0/11.8GB
[20:08:53] [ep_summary] ep=68/100 val_live=0.9691/0.9690 val_ema=0.9877/0.9878 test77_live=0.7878/0.7787 test77_diag_ema=0.8489/0.8445 v13=0.0005 grl=1.0903 v15=0.0000 v15r=0.0000 v16=0.0000 v17=0.0000 v18=0.0000 das=stage3[12,95] p=1.00 ep_time=34.0s
[20:08:53] [save] best_sourcequalified77_ema ep=68 source_val_live=0.9691/0.9690 source_val_ema=0.9877/0.9878 test77_ema=0.8489/0.8445
[20:08:53] [train] epoch 69/100 steps=40 use_dann=0 das=stage3 f=[12.0,95.0] p=1.00 gpu=3.0/11.8GB
[20:08:54] [train] ep=69 step=001/40 ce=0.2573 sc=0.6465 mi=0.0687 dn=0.0000 v13=0.0009 grl=1.1253 v15=0.0000 v15r=0.0000 v16=0.0000 v17=0.0000 v18=0.0000 acc=1.0000 lr=7.36e-05 lambda=0.000 grl_lambda=0.998 v18_lambda=0.000 gpu=3.0/11.8GB
[20:08:59] [train] ep=69 step=010/40 ce=0.2587 sc=0.6640 mi=0.0663 dn=0.0000 v13=0.0005 grl=1.0939 v15=0.0000 v15r=0.0000 v16=0.0000 v17=0.0000 v18=0.0000 acc=1.0000 lr=7.27e-05 lambda=0.000 grl_lambda=0.998 v18_lambda=0.000 gpu=3.0/11.8GB
[20:09:05] [train] ep=69 step=020/40 ce=0.2586 sc=0.7077 mi=0.0651 dn=0.0000 v13=0.0005 grl=1.1008 v15=0.0000 v15r=0.0000 v16=0.0000 v17=0.0000 v18=0.0000 acc=1.0000 lr=7.16e-05 lambda=0.000 grl_lambda=0.998 v18_lambda=0.000 gpu=3.0/11.8GB
[20:09:11] [train] ep=69 step=030/40 ce=0.2584 sc=0.7131 mi=0.0657 dn=0.0000 v13=0.0005 grl=1.0949 v15=0.0000 v15r=0.0000 v16=0.0000 v17=0.0000 v18=0.0000 acc=1.0000 lr=7.06e-05 lambda=0.000 grl_lambda=0.998 v18_lambda=0.000 gpu=3.0/11.8GB
[20:09:17] [train] ep=69 step=040/40 ce=0.2606 sc=0.7183 mi=0.0652 dn=0.0000 v13=0.0005 grl=1.0913 v15=0.0000 v15r=0.0000 v16=0.0000 v17=0.0000 v18=0.0000 acc=1.0000 lr=6.96e-05 lambda=0.000 grl_lambda=0.998 v18_lambda=0.000 gpu=3.0/11.8GB
[20:09:27] [ep_summary] ep=69/100 val_live=0.9691/0.9690 val_ema=0.9877/0.9878 test77_live=0.7806/0.7703 test77_diag_ema=0.8489/0.8446 v13=0.0005 grl=1.0913 v15=0.0000 v15r=0.0000 v16=0.0000 v17=0.0000 v18=0.0000 das=stage3[12,95] p=1.00 ep_time=33.9s
[20:09:27] [save] best_sourcequalified77_ema ep=69 source_val_live=0.9691/0.9690 source_val_ema=0.9877/0.9878 test77_ema=0.8489/0.8446
[20:09:27] [train] epoch 70/100 steps=40 use_dann=0 das=stage3 f=[12.0,95.0] p=1.00 gpu=3.0/11.8GB
[20:09:28] [train] ep=70 step=001/40 ce=0.6920 sc=0.8894 mi=0.0599 dn=0.0000 v13=0.0008 grl=1.0565 v15=0.0000 v15r=0.0000 v16=0.0000 v17=0.0000 v18=0.0000 acc=0.9375 lr=6.95e-05 lambda=0.000 grl_lambda=0.998 v18_lambda=0.000 gpu=3.0/11.8GB
[20:09:33] [train] ep=70 step=010/40 ce=0.3380 sc=0.8300 mi=0.0666 dn=0.0000 v13=0.0005 grl=1.1002 v15=0.0000 v15r=0.0000 v16=0.0000 v17=0.0000 v18=0.0000 acc=0.9938 lr=6.85e-05 lambda=0.000 grl_lambda=0.998 v18_lambda=0.000 gpu=3.0/11.8GB
[20:09:39] [train] ep=70 step=020/40 ce=0.3035 sc=0.7775 mi=0.0643 dn=0.0000 v13=0.0005 grl=1.0986 v15=0.0000 v15r=0.0000 v16=0.0000 v17=0.0000 v18=0.0000 acc=0.9969 lr=6.75e-05 lambda=0.000 grl_lambda=0.998 v18_lambda=0.000 gpu=3.0/11.8GB
[20:09:45] [train] ep=70 step=030/40 ce=0.2885 sc=0.7992 mi=0.0643 dn=0.0000 v13=0.0005 grl=1.1000 v15=0.0000 v15r=0.0000 v16=0.0000 v17=0.0000 v18=0.0000 acc=0.9979 lr=6.65e-05 lambda=0.000 grl_lambda=0.998 v18_lambda=0.000 gpu=3.0/11.8GB
[20:09:51] [train] ep=70 step=040/40 ce=0.2838 sc=0.8170 mi=0.0649 dn=0.0000 v13=0.0005 grl=1.1017 v15=0.0000 v15r=0.0000 v16=0.0000 v17=0.0000 v18=0.0000 acc=0.9984 lr=6.55e-05 lambda=0.000 grl_lambda=0.998 v18_lambda=0.000 gpu=3.0/11.8GB
[20:10:01] [pool] check ep=070/100 source_val_acc_ema=0.9877 threshold=0.90
[20:10:06] [pool] ep=070 ADDED src_val=0.9877/0.9878 dev77=0.8000/0.7985 final77=0.8453/0.8405
[20:10:06] [pool] running best ep=070 dev77_f1=0.7985 final77_f1=0.8405 (pool_size=4)
[20:10:06] [ep_summary] ep=70/100 val_live=0.9691/0.9685 val_ema=0.9877/0.9878 test77_live=0.7698/0.7590 test77_diag_ema=0.8453/0.8405 v13=0.0005 grl=1.1017 v15=0.0000 v15r=0.0000 v16=0.0000 v17=0.0000 v18=0.0000 das=stage3[12,95] p=1.00 ep_time=39.0s
[20:10:06] [strict77_monitor] ep=70 best_source_epoch=50 source_val_ema=0.9877/0.9878 test77_ema_diag=0.7518/0.7228 sourcequalified_count=36 best_sourcequalified77_epoch=69 source_val_ema=0.9877/0.9878 test77_ema=0.8489/0.8446
[20:10:06] [train] epoch 71/100 steps=40 use_dann=0 das=stage3 f=[12.0,95.0] p=1.00 gpu=3.0/11.8GB
[20:10:07] [train] ep=71 step=001/40 ce=0.2586 sc=0.5377 mi=0.0616 dn=0.0000 v13=0.0005 grl=1.0844 v15=0.0000 v15r=0.0000 v16=0.0000 v17=0.0000 v18=0.0000 acc=1.0000 lr=6.54e-05 lambda=0.000 grl_lambda=0.998 v18_lambda=0.000 gpu=3.0/11.8GB
[20:10:12] [train] ep=71 step=010/40 ce=0.3540 sc=0.7831 mi=0.0619 dn=0.0000 v13=0.0005 grl=1.0832 v15=0.0000 v15r=0.0000 v16=0.0000 v17=0.0000 v18=0.0000 acc=0.9938 lr=6.45e-05 lambda=0.000 grl_lambda=0.998 v18_lambda=0.000 gpu=3.0/11.8GB
[20:10:18] [train] ep=71 step=020/40 ce=0.3246 sc=0.7528 mi=0.0598 dn=0.0000 v13=0.0006 grl=1.0803 v15=0.0000 v15r=0.0000 v16=0.0000 v17=0.0000 v18=0.0000 acc=0.9969 lr=6.35e-05 lambda=0.000 grl_lambda=0.998 v18_lambda=0.000 gpu=3.0/11.8GB
[20:10:24] [train] ep=71 step=030/40 ce=0.3060 sc=0.7822 mi=0.0607 dn=0.0000 v13=0.0006 grl=1.0853 v15=0.0000 v15r=0.0000 v16=0.0000 v17=0.0000 v18=0.0000 acc=0.9979 lr=6.25e-05 lambda=0.000 grl_lambda=0.998 v18_lambda=0.000 gpu=3.0/11.8GB
[20:10:30] [train] ep=71 step=040/40 ce=0.3079 sc=0.7897 mi=0.0620 dn=0.0000 v13=0.0006 grl=1.0881 v15=0.0000 v15r=0.0000 v16=0.0000 v17=0.0000 v18=0.0000 acc=0.9969 lr=6.15e-05 lambda=0.000 grl_lambda=0.998 v18_lambda=0.000 gpu=3.0/11.8GB
[20:10:40] [ep_summary] ep=71/100 val_live=0.9815/0.9816 val_ema=0.9877/0.9878 test77_live=0.7950/0.7858 test77_diag_ema=0.8453/0.8405 v13=0.0006 grl=1.0881 v15=0.0000 v15r=0.0000 v16=0.0000 v17=0.0000 v18=0.0000 das=stage3[12,95] p=1.00 ep_time=33.9s
[20:10:40] [train] epoch 72/100 steps=40 use_dann=0 das=stage3 f=[12.0,95.0] p=1.00 gpu=3.0/11.8GB
[20:10:41] [train] ep=72 step=001/40 ce=0.2571 sc=0.4192 mi=0.0551 dn=0.0000 v13=0.0003 grl=1.1342 v15=0.0000 v15r=0.0000 v16=0.0000 v17=0.0000 v18=0.0000 acc=1.0000 lr=6.14e-05 lambda=0.000 grl_lambda=0.998 v18_lambda=0.000 gpu=3.0/11.8GB
[20:10:46] [train] ep=72 step=010/40 ce=0.3462 sc=0.9322 mi=0.0628 dn=0.0000 v13=0.0006 grl=1.0974 v15=0.0000 v15r=0.0000 v16=0.0000 v17=0.0000 v18=0.0000 acc=0.9938 lr=6.06e-05 lambda=0.000 grl_lambda=0.998 v18_lambda=0.000 gpu=3.0/11.8GB
[20:10:52] [train] ep=72 step=020/40 ce=0.3023 sc=0.8099 mi=0.0629 dn=0.0000 v13=0.0005 grl=1.0965 v15=0.0000 v15r=0.0000 v16=0.0000 v17=0.0000 v18=0.0000 acc=0.9969 lr=5.96e-05 lambda=0.000 grl_lambda=0.998 v18_lambda=0.000 gpu=3.0/11.8GB
[20:10:58] [train] ep=72 step=030/40 ce=0.3055 sc=0.8189 mi=0.0624 dn=0.0000 v13=0.0005 grl=1.0938 v15=0.0000 v15r=0.0000 v16=0.0000 v17=0.0000 v18=0.0000 acc=0.9958 lr=5.86e-05 lambda=0.000 grl_lambda=0.998 v18_lambda=0.000 gpu=3.0/11.8GB
[20:11:04] [train] ep=72 step=040/40 ce=0.3332 sc=0.8765 mi=0.0633 dn=0.0000 v13=0.0005 grl=1.0923 v15=0.0000 v15r=0.0000 v16=0.0000 v17=0.0000 v18=0.0000 acc=0.9938 lr=5.77e-05 lambda=0.000 grl_lambda=0.999 v18_lambda=0.000 gpu=3.0/11.8GB
[20:11:14] [ep_summary] ep=72/100 val_live=0.9691/0.9690 val_ema=0.9877/0.9878 test77_live=0.7914/0.7807 test77_diag_ema=0.8489/0.8447 v13=0.0005 grl=1.0923 v15=0.0000 v15r=0.0000 v16=0.0000 v17=0.0000 v18=0.0000 das=stage3[12,95] p=1.00 ep_time=33.9s
[20:11:14] [save] best_sourcequalified77_ema ep=72 source_val_live=0.9691/0.9690 source_val_ema=0.9877/0.9878 test77_ema=0.8489/0.8447
[20:11:14] [train] epoch 73/100 steps=40 use_dann=0 das=stage3 f=[12.0,95.0] p=1.00 gpu=3.0/11.8GB
[20:11:15] [train] ep=73 step=001/40 ce=0.2572 sc=0.6160 mi=0.0621 dn=0.0000 v13=0.0010 grl=1.1793 v15=0.0000 v15r=0.0000 v16=0.0000 v17=0.0000 v18=0.0000 acc=1.0000 lr=5.76e-05 lambda=0.000 grl_lambda=0.999 v18_lambda=0.000 gpu=3.0/11.8GB
[20:11:20] [train] ep=73 step=010/40 ce=0.2739 sc=0.6758 mi=0.0639 dn=0.0000 v13=0.0006 grl=1.1027 v15=0.0000 v15r=0.0000 v16=0.0000 v17=0.0000 v18=0.0000 acc=1.0000 lr=5.67e-05 lambda=0.000 grl_lambda=0.999 v18_lambda=0.000 gpu=3.0/11.8GB
[20:11:26] [train] ep=73 step=020/40 ce=0.2883 sc=0.6632 mi=0.0673 dn=0.0000 v13=0.0005 grl=1.1160 v15=0.0000 v15r=0.0000 v16=0.0000 v17=0.0000 v18=0.0000 acc=0.9969 lr=5.58e-05 lambda=0.000 grl_lambda=0.999 v18_lambda=0.000 gpu=3.0/11.8GB
[20:11:32] [train] ep=73 step=030/40 ce=0.2858 sc=0.6618 mi=0.0653 dn=0.0000 v13=0.0005 grl=1.1080 v15=0.0000 v15r=0.0000 v16=0.0000 v17=0.0000 v18=0.0000 acc=0.9979 lr=5.48e-05 lambda=0.000 grl_lambda=0.999 v18_lambda=0.000 gpu=3.0/11.8GB
[20:11:38] [train] ep=73 step=040/40 ce=0.2790 sc=0.6822 mi=0.0648 dn=0.0000 v13=0.0005 grl=1.1076 v15=0.0000 v15r=0.0000 v16=0.0000 v17=0.0000 v18=0.0000 acc=0.9984 lr=5.39e-05 lambda=0.000 grl_lambda=0.999 v18_lambda=0.000 gpu=3.0/11.8GB
[20:11:48] [ep_summary] ep=73/100 val_live=0.9753/0.9756 val_ema=0.9877/0.9878 test77_live=0.7590/0.7420 test77_diag_ema=0.8417/0.8377 v13=0.0005 grl=1.1076 v15=0.0000 v15r=0.0000 v16=0.0000 v17=0.0000 v18=0.0000 das=stage3[12,95] p=1.00 ep_time=34.0s
[20:11:48] [train] epoch 74/100 steps=40 use_dann=0 das=stage3 f=[12.0,95.0] p=1.00 gpu=3.0/11.8GB
[20:11:49] [train] ep=74 step=001/40 ce=0.2624 sc=0.8757 mi=0.0595 dn=0.0000 v13=0.0011 grl=1.1105 v15=0.0000 v15r=0.0000 v16=0.0000 v17=0.0000 v18=0.0000 acc=1.0000 lr=5.38e-05 lambda=0.000 grl_lambda=0.999 v18_lambda=0.000 gpu=3.0/11.8GB
[20:11:54] [train] ep=74 step=010/40 ce=0.2991 sc=0.7691 mi=0.0633 dn=0.0000 v13=0.0006 grl=1.0964 v15=0.0000 v15r=0.0000 v16=0.0000 v17=0.0000 v18=0.0000 acc=0.9938 lr=5.30e-05 lambda=0.000 grl_lambda=0.999 v18_lambda=0.000 gpu=3.0/11.8GB
[20:12:00] [train] ep=74 step=020/40 ce=0.2846 sc=0.7657 mi=0.0628 dn=0.0000 v13=0.0005 grl=1.0950 v15=0.0000 v15r=0.0000 v16=0.0000 v17=0.0000 v18=0.0000 acc=0.9969 lr=5.20e-05 lambda=0.000 grl_lambda=0.999 v18_lambda=0.000 gpu=3.0/11.8GB
[20:12:06] [train] ep=74 step=030/40 ce=0.2759 sc=0.7639 mi=0.0627 dn=0.0000 v13=0.0005 grl=1.0925 v15=0.0000 v15r=0.0000 v16=0.0000 v17=0.0000 v18=0.0000 acc=0.9979 lr=5.11e-05 lambda=0.000 grl_lambda=0.999 v18_lambda=0.000 gpu=3.0/11.8GB
[20:12:12] [train] ep=74 step=040/40 ce=0.2737 sc=0.7561 mi=0.0624 dn=0.0000 v13=0.0005 grl=1.0898 v15=0.0000 v15r=0.0000 v16=0.0000 v17=0.0000 v18=0.0000 acc=0.9984 lr=5.02e-05 lambda=0.000 grl_lambda=0.999 v18_lambda=0.000 gpu=3.0/11.8GB
[20:13:12] [ep_summary] ep=74/100 val_live=0.9691/0.9690 val_ema=0.9877/0.9878 test77_live=0.7482/0.7288 test77_diag_ema=0.8381/0.8340 v13=0.0005 grl=1.0898 v15=0.0000 v15r=0.0000 v16=0.0000 v17=0.0000 v18=0.0000 das=stage3[12,95] p=1.00 ep_time=83.6s
[20:13:12] [train] epoch 75/100 steps=40 use_dann=0 das=stage3 f=[12.0,95.0] p=1.00 gpu=3.0/11.8GB
[20:13:13] [train] ep=75 step=001/40 ce=0.2571 sc=0.7433 mi=0.0689 dn=0.0000 v13=0.0006 grl=1.0581 v15=0.0000 v15r=0.0000 v16=0.0000 v17=0.0000 v18=0.0000 acc=1.0000 lr=5.01e-05 lambda=0.000 grl_lambda=0.999 v18_lambda=0.000 gpu=3.0/11.8GB
[20:13:18] [train] ep=75 step=010/40 ce=0.2587 sc=0.7292 mi=0.0637 dn=0.0000 v13=0.0005 grl=1.0802 v15=0.0000 v15r=0.0000 v16=0.0000 v17=0.0000 v18=0.0000 acc=1.0000 lr=4.93e-05 lambda=0.000 grl_lambda=0.999 v18_lambda=0.000 gpu=3.0/11.8GB
[20:13:24] [train] ep=75 step=020/40 ce=0.2586 sc=0.7470 mi=0.0630 dn=0.0000 v13=0.0005 grl=1.0788 v15=0.0000 v15r=0.0000 v16=0.0000 v17=0.0000 v18=0.0000 acc=1.0000 lr=4.84e-05 lambda=0.000 grl_lambda=0.999 v18_lambda=0.000 gpu=3.0/11.8GB
[20:13:30] [train] ep=75 step=030/40 ce=0.2612 sc=0.7471 mi=0.0638 dn=0.0000 v13=0.0005 grl=1.0846 v15=0.0000 v15r=0.0000 v16=0.0000 v17=0.0000 v18=0.0000 acc=1.0000 lr=4.75e-05 lambda=0.000 grl_lambda=0.999 v18_lambda=0.000 gpu=3.0/11.8GB
[20:13:35] [train] ep=75 step=040/40 ce=0.2605 sc=0.7295 mi=0.0647 dn=0.0000 v13=0.0005 grl=1.0909 v15=0.0000 v15r=0.0000 v16=0.0000 v17=0.0000 v18=0.0000 acc=1.0000 lr=4.66e-05 lambda=0.000 grl_lambda=0.999 v18_lambda=0.000 gpu=3.0/11.8GB
[20:14:03] [ep_summary] ep=75/100 val_live=0.9691/0.9690 val_ema=0.9877/0.9878 test77_live=0.7590/0.7439 test77_diag_ema=0.8381/0.8345 v13=0.0005 grl=1.0909 v15=0.0000 v15r=0.0000 v16=0.0000 v17=0.0000 v18=0.0000 das=stage3[12,95] p=1.00 ep_time=50.8s
[20:14:03] [train] epoch 76/100 steps=40 use_dann=0 das=stage3 f=[12.0,95.0] p=1.00 gpu=3.0/11.8GB
[20:14:03] [train] ep=76 step=001/40 ce=0.2561 sc=0.7424 mi=0.0518 dn=0.0000 v13=0.0005 grl=1.1034 v15=0.0000 v15r=0.0000 v16=0.0000 v17=0.0000 v18=0.0000 acc=1.0000 lr=4.65e-05 lambda=0.000 grl_lambda=0.999 v18_lambda=0.000 gpu=3.0/11.8GB
[20:14:09] [train] ep=76 step=010/40 ce=0.2618 sc=0.7717 mi=0.0599 dn=0.0000 v13=0.0006 grl=1.0906 v15=0.0000 v15r=0.0000 v16=0.0000 v17=0.0000 v18=0.0000 acc=1.0000 lr=4.58e-05 lambda=0.000 grl_lambda=0.999 v18_lambda=0.000 gpu=3.0/11.8GB
[20:14:14] [train] ep=76 step=020/40 ce=0.2594 sc=0.7710 mi=0.0613 dn=0.0000 v13=0.0005 grl=1.0958 v15=0.0000 v15r=0.0000 v16=0.0000 v17=0.0000 v18=0.0000 acc=1.0000 lr=4.49e-05 lambda=0.000 grl_lambda=0.999 v18_lambda=0.000 gpu=3.0/11.8GB
[20:14:20] [train] ep=76 step=030/40 ce=0.2806 sc=0.7883 mi=0.0622 dn=0.0000 v13=0.0005 grl=1.0929 v15=0.0000 v15r=0.0000 v16=0.0000 v17=0.0000 v18=0.0000 acc=0.9979 lr=4.40e-05 lambda=0.000 grl_lambda=0.999 v18_lambda=0.000 gpu=3.0/11.8GB
[20:14:26] [train] ep=76 step=040/40 ce=0.2749 sc=0.7408 mi=0.0620 dn=0.0000 v13=0.0005 grl=1.0878 v15=0.0000 v15r=0.0000 v16=0.0000 v17=0.0000 v18=0.0000 acc=0.9984 lr=4.32e-05 lambda=0.000 grl_lambda=0.999 v18_lambda=0.000 gpu=3.0/11.8GB
[20:14:36] [ep_summary] ep=76/100 val_live=0.9691/0.9690 val_ema=0.9877/0.9878 test77_live=0.7590/0.7439 test77_diag_ema=0.8381/0.8345 v13=0.0005 grl=1.0878 v15=0.0000 v15r=0.0000 v16=0.0000 v17=0.0000 v18=0.0000 das=stage3[12,95] p=1.00 ep_time=33.8s
[20:14:36] [train] epoch 77/100 steps=40 use_dann=0 das=stage3 f=[12.0,95.0] p=1.00 gpu=3.0/11.8GB
[20:14:37] [train] ep=77 step=001/40 ce=0.2615 sc=0.5391 mi=0.0516 dn=0.0000 v13=0.0005 grl=1.1021 v15=0.0000 v15r=0.0000 v16=0.0000 v17=0.0000 v18=0.0000 acc=1.0000 lr=4.31e-05 lambda=0.000 grl_lambda=0.999 v18_lambda=0.000 gpu=3.0/11.8GB
[20:14:42] [train] ep=77 step=010/40 ce=0.2606 sc=0.6573 mi=0.0646 dn=0.0000 v13=0.0005 grl=1.1072 v15=0.0000 v15r=0.0000 v16=0.0000 v17=0.0000 v18=0.0000 acc=1.0000 lr=4.23e-05 lambda=0.000 grl_lambda=0.999 v18_lambda=0.000 gpu=3.0/11.8GB
[20:14:48] [train] ep=77 step=020/40 ce=0.2659 sc=0.7489 mi=0.0660 dn=0.0000 v13=0.0005 grl=1.1081 v15=0.0000 v15r=0.0000 v16=0.0000 v17=0.0000 v18=0.0000 acc=1.0000 lr=4.15e-05 lambda=0.000 grl_lambda=0.999 v18_lambda=0.000 gpu=3.0/11.8GB
[20:14:54] [train] ep=77 step=030/40 ce=0.2991 sc=0.8035 mi=0.0653 dn=0.0000 v13=0.0005 grl=1.1050 v15=0.0000 v15r=0.0000 v16=0.0000 v17=0.0000 v18=0.0000 acc=0.9958 lr=4.06e-05 lambda=0.000 grl_lambda=0.999 v18_lambda=0.000 gpu=3.0/11.8GB
[20:15:00] [train] ep=77 step=040/40 ce=0.3100 sc=0.8290 mi=0.0643 dn=0.0000 v13=0.0005 grl=1.1063 v15=0.0000 v15r=0.0000 v16=0.0000 v17=0.0000 v18=0.0000 acc=0.9953 lr=3.98e-05 lambda=0.000 grl_lambda=0.999 v18_lambda=0.000 gpu=3.0/11.8GB
[20:15:10] [ep_summary] ep=77/100 val_live=0.9877/0.9878 val_ema=0.9877/0.9878 test77_live=0.7878/0.7806 test77_diag_ema=0.8381/0.8345 v13=0.0005 grl=1.1063 v15=0.0000 v15r=0.0000 v16=0.0000 v17=0.0000 v18=0.0000 das=stage3[12,95] p=1.00 ep_time=33.9s
[20:15:10] [train] epoch 78/100 steps=40 use_dann=0 das=stage3 f=[12.0,95.0] p=1.00 gpu=3.0/11.8GB
[20:15:11] [train] ep=78 step=001/40 ce=0.2570 sc=0.9609 mi=0.0627 dn=0.0000 v13=0.0005 grl=1.1400 v15=0.0000 v15r=0.0000 v16=0.0000 v17=0.0000 v18=0.0000 acc=1.0000 lr=3.97e-05 lambda=0.000 grl_lambda=0.999 v18_lambda=0.000 gpu=3.0/11.8GB
[20:15:16] [train] ep=78 step=010/40 ce=0.2573 sc=0.7674 mi=0.0605 dn=0.0000 v13=0.0005 grl=1.0893 v15=0.0000 v15r=0.0000 v16=0.0000 v17=0.0000 v18=0.0000 acc=1.0000 lr=3.90e-05 lambda=0.000 grl_lambda=0.999 v18_lambda=0.000 gpu=3.0/11.8GB
[20:15:22] [train] ep=78 step=020/40 ce=0.2575 sc=0.6800 mi=0.0622 dn=0.0000 v13=0.0005 grl=1.0939 v15=0.0000 v15r=0.0000 v16=0.0000 v17=0.0000 v18=0.0000 acc=1.0000 lr=3.82e-05 lambda=0.000 grl_lambda=0.999 v18_lambda=0.000 gpu=3.0/11.8GB
[20:15:28] [train] ep=78 step=030/40 ce=0.2708 sc=0.7027 mi=0.0630 dn=0.0000 v13=0.0005 grl=1.0928 v15=0.0000 v15r=0.0000 v16=0.0000 v17=0.0000 v18=0.0000 acc=0.9979 lr=3.74e-05 lambda=0.000 grl_lambda=0.999 v18_lambda=0.000 gpu=3.0/11.8GB
[20:15:34] [train] ep=78 step=040/40 ce=0.2757 sc=0.7205 mi=0.0637 dn=0.0000 v13=0.0005 grl=1.0943 v15=0.0000 v15r=0.0000 v16=0.0000 v17=0.0000 v18=0.0000 acc=0.9984 lr=3.66e-05 lambda=0.000 grl_lambda=0.999 v18_lambda=0.000 gpu=3.0/11.8GB
[20:15:44] [ep_summary] ep=78/100 val_live=0.9877/0.9878 val_ema=0.9877/0.9878 test77_live=0.8237/0.8189 test77_diag_ema=0.8381/0.8344 v13=0.0005 grl=1.0943 v15=0.0000 v15r=0.0000 v16=0.0000 v17=0.0000 v18=0.0000 das=stage3[12,95] p=1.00 ep_time=33.8s
[20:15:44] [train] epoch 79/100 steps=40 use_dann=0 das=stage3 f=[12.0,95.0] p=1.00 gpu=3.0/11.8GB
[20:15:45] [train] ep=79 step=001/40 ce=0.9451 sc=1.2999 mi=0.0567 dn=0.0000 v13=0.0003 grl=1.0936 v15=0.0000 v15r=0.0000 v16=0.0000 v17=0.0000 v18=0.0000 acc=0.9375 lr=3.65e-05 lambda=0.000 grl_lambda=0.999 v18_lambda=0.000 gpu=3.0/11.8GB
[20:15:50] [train] ep=79 step=010/40 ce=0.3276 sc=0.8252 mi=0.0616 dn=0.0000 v13=0.0005 grl=1.0896 v15=0.0000 v15r=0.0000 v16=0.0000 v17=0.0000 v18=0.0000 acc=0.9938 lr=3.58e-05 lambda=0.000 grl_lambda=0.999 v18_lambda=0.000 gpu=3.0/11.8GB
[20:15:56] [train] ep=79 step=020/40 ce=0.3157 sc=0.7837 mi=0.0618 dn=0.0000 v13=0.0005 grl=1.0889 v15=0.0000 v15r=0.0000 v16=0.0000 v17=0.0000 v18=0.0000 acc=0.9969 lr=3.50e-05 lambda=0.000 grl_lambda=0.999 v18_lambda=0.000 gpu=3.0/11.8GB
[20:16:02] [train] ep=79 step=030/40 ce=0.2987 sc=0.7711 mi=0.0618 dn=0.0000 v13=0.0005 grl=1.0888 v15=0.0000 v15r=0.0000 v16=0.0000 v17=0.0000 v18=0.0000 acc=0.9979 lr=3.42e-05 lambda=0.000 grl_lambda=0.999 v18_lambda=0.000 gpu=3.0/11.8GB
[20:16:08] [train] ep=79 step=040/40 ce=0.3158 sc=0.7917 mi=0.0632 dn=0.0000 v13=0.0005 grl=1.0894 v15=0.0000 v15r=0.0000 v16=0.0000 v17=0.0000 v18=0.0000 acc=0.9969 lr=3.35e-05 lambda=0.000 grl_lambda=0.999 v18_lambda=0.000 gpu=3.0/11.8GB
[20:16:18] [ep_summary] ep=79/100 val_live=0.9630/0.9624 val_ema=0.9877/0.9878 test77_live=0.8165/0.8113 test77_diag_ema=0.8381/0.8344 v13=0.0005 grl=1.0894 v15=0.0000 v15r=0.0000 v16=0.0000 v17=0.0000 v18=0.0000 das=stage3[12,95] p=1.00 ep_time=33.7s
[20:16:18] [train] epoch 80/100 steps=40 use_dann=0 das=stage3 f=[12.0,95.0] p=1.00 gpu=3.0/11.8GB
[20:16:19] [train] ep=80 step=001/40 ce=0.2583 sc=0.5993 mi=0.0616 dn=0.0000 v13=0.0006 grl=1.0959 v15=0.0000 v15r=0.0000 v16=0.0000 v17=0.0000 v18=0.0000 acc=1.0000 lr=3.34e-05 lambda=0.000 grl_lambda=0.999 v18_lambda=0.000 gpu=3.0/11.8GB
[20:16:24] [train] ep=80 step=010/40 ce=0.2895 sc=0.7531 mi=0.0605 dn=0.0000 v13=0.0005 grl=1.0772 v15=0.0000 v15r=0.0000 v16=0.0000 v17=0.0000 v18=0.0000 acc=1.0000 lr=3.27e-05 lambda=0.000 grl_lambda=0.999 v18_lambda=0.000 gpu=3.0/11.8GB
[20:16:30] [train] ep=80 step=020/40 ce=0.2734 sc=0.7931 mi=0.0622 dn=0.0000 v13=0.0005 grl=1.0865 v15=0.0000 v15r=0.0000 v16=0.0000 v17=0.0000 v18=0.0000 acc=1.0000 lr=3.19e-05 lambda=0.000 grl_lambda=0.999 v18_lambda=0.000 gpu=3.0/11.8GB
[20:16:35] [train] ep=80 step=030/40 ce=0.3027 sc=0.8150 mi=0.0623 dn=0.0000 v13=0.0005 grl=1.0885 v15=0.0000 v15r=0.0000 v16=0.0000 v17=0.0000 v18=0.0000 acc=0.9979 lr=3.12e-05 lambda=0.000 grl_lambda=0.999 v18_lambda=0.000 gpu=3.0/11.8GB
[20:16:41] [train] ep=80 step=040/40 ce=0.2917 sc=0.7966 mi=0.0623 dn=0.0000 v13=0.0005 grl=1.0895 v15=0.0000 v15r=0.0000 v16=0.0000 v17=0.0000 v18=0.0000 acc=0.9984 lr=3.05e-05 lambda=0.000 grl_lambda=0.999 v18_lambda=0.000 gpu=3.0/11.8GB
[20:16:52] [pool] check ep=080/100 source_val_acc_ema=0.9877 threshold=0.90
[20:16:57] [pool] ep=080 ADDED src_val=0.9877/0.9878 dev77=0.7643/0.7599 final77=0.8381/0.8344
[20:16:57] [pool] running best ep=070 dev77_f1=0.7985 final77_f1=0.8405 (pool_size=5)
[20:16:57] [ep_summary] ep=80/100 val_live=0.9691/0.9690 val_ema=0.9877/0.9878 test77_live=0.8165/0.8122 test77_diag_ema=0.8381/0.8344 v13=0.0005 grl=1.0895 v15=0.0000 v15r=0.0000 v16=0.0000 v17=0.0000 v18=0.0000 das=stage3[12,95] p=1.00 ep_time=38.8s
[20:16:57] [strict77_monitor] ep=80 best_source_epoch=50 source_val_ema=0.9877/0.9878 test77_ema_diag=0.7518/0.7228 sourcequalified_count=46 best_sourcequalified77_epoch=72 source_val_ema=0.9877/0.9878 test77_ema=0.8489/0.8447
[20:16:57] [train] epoch 81/100 steps=40 use_dann=0 das=stage3 f=[12.0,95.0] p=1.00 gpu=3.0/11.8GB
[20:16:57] [train] ep=81 step=001/40 ce=0.2582 sc=0.7305 mi=0.0552 dn=0.0000 v13=0.0005 grl=1.0258 v15=0.0000 v15r=0.0000 v16=0.0000 v17=0.0000 v18=0.0000 acc=1.0000 lr=3.04e-05 lambda=0.000 grl_lambda=0.999 v18_lambda=0.000 gpu=3.0/11.8GB
[20:17:02] [train] ep=81 step=010/40 ce=0.3050 sc=0.8384 mi=0.0579 dn=0.0000 v13=0.0006 grl=1.0814 v15=0.0000 v15r=0.0000 v16=0.0000 v17=0.0000 v18=0.0000 acc=0.9938 lr=2.97e-05 lambda=0.000 grl_lambda=0.999 v18_lambda=0.000 gpu=3.0/11.8GB
[20:17:08] [train] ep=81 step=020/40 ce=0.3018 sc=0.8329 mi=0.0602 dn=0.0000 v13=0.0005 grl=1.0905 v15=0.0000 v15r=0.0000 v16=0.0000 v17=0.0000 v18=0.0000 acc=0.9938 lr=2.90e-05 lambda=0.000 grl_lambda=0.999 v18_lambda=0.000 gpu=3.0/11.8GB
[20:17:14] [train] ep=81 step=030/40 ce=0.2955 sc=0.8138 mi=0.0619 dn=0.0000 v13=0.0006 grl=1.0944 v15=0.0000 v15r=0.0000 v16=0.0000 v17=0.0000 v18=0.0000 acc=0.9958 lr=2.83e-05 lambda=0.000 grl_lambda=0.999 v18_lambda=0.000 gpu=3.0/11.8GB
[20:17:20] [train] ep=81 step=040/40 ce=0.2993 sc=0.7748 mi=0.0617 dn=0.0000 v13=0.0005 grl=1.0925 v15=0.0000 v15r=0.0000 v16=0.0000 v17=0.0000 v18=0.0000 acc=0.9953 lr=2.76e-05 lambda=0.000 grl_lambda=0.999 v18_lambda=0.000 gpu=3.0/11.8GB
[20:17:31] [ep_summary] ep=81/100 val_live=0.9753/0.9753 val_ema=0.9815/0.9816 test77_live=0.8237/0.8201 test77_diag_ema=0.8345/0.8305 v13=0.0005 grl=1.0925 v15=0.0000 v15r=0.0000 v16=0.0000 v17=0.0000 v18=0.0000 das=stage3[12,95] p=1.00 ep_time=33.9s
[20:17:31] [train] epoch 82/100 steps=40 use_dann=0 das=stage3 f=[12.0,95.0] p=1.00 gpu=3.0/11.8GB
[20:17:31] [train] ep=82 step=001/40 ce=0.2563 sc=0.5660 mi=0.0629 dn=0.0000 v13=0.0003 grl=1.0609 v15=0.0000 v15r=0.0000 v16=0.0000 v17=0.0000 v18=0.0000 acc=1.0000 lr=2.75e-05 lambda=0.000 grl_lambda=0.999 v18_lambda=0.000 gpu=3.0/11.8GB
[20:17:36] [train] ep=82 step=010/40 ce=0.3171 sc=0.7758 mi=0.0648 dn=0.0000 v13=0.0005 grl=1.1103 v15=0.0000 v15r=0.0000 v16=0.0000 v17=0.0000 v18=0.0000 acc=0.9938 lr=2.69e-05 lambda=0.000 grl_lambda=0.999 v18_lambda=0.000 gpu=3.0/11.8GB
[20:17:42] [train] ep=82 step=020/40 ce=0.2920 sc=0.7746 mi=0.0639 dn=0.0000 v13=0.0005 grl=1.1037 v15=0.0000 v15r=0.0000 v16=0.0000 v17=0.0000 v18=0.0000 acc=0.9969 lr=2.62e-05 lambda=0.000 grl_lambda=0.999 v18_lambda=0.000 gpu=3.0/11.8GB
[20:17:48] [train] ep=82 step=030/40 ce=0.2827 sc=0.7888 mi=0.0631 dn=0.0000 v13=0.0005 grl=1.0966 v15=0.0000 v15r=0.0000 v16=0.0000 v17=0.0000 v18=0.0000 acc=0.9979 lr=2.55e-05 lambda=0.000 grl_lambda=0.999 v18_lambda=0.000 gpu=3.0/11.8GB
[20:17:54] [train] ep=82 step=040/40 ce=0.2866 sc=0.7954 mi=0.0623 dn=0.0000 v13=0.0005 grl=1.0956 v15=0.0000 v15r=0.0000 v16=0.0000 v17=0.0000 v18=0.0000 acc=0.9969 lr=2.48e-05 lambda=0.000 grl_lambda=0.999 v18_lambda=0.000 gpu=3.0/11.8GB
[20:18:04] [ep_summary] ep=82/100 val_live=0.9815/0.9816 val_ema=0.9815/0.9816 test77_live=0.8453/0.8421 test77_diag_ema=0.8381/0.8347 v13=0.0005 grl=1.0956 v15=0.0000 v15r=0.0000 v16=0.0000 v17=0.0000 v18=0.0000 das=stage3[12,95] p=1.00 ep_time=33.9s
[20:18:04] [train] epoch 83/100 steps=40 use_dann=0 das=stage3 f=[12.0,95.0] p=1.00 gpu=3.0/11.8GB
[20:18:05] [train] ep=83 step=001/40 ce=0.2568 sc=0.8228 mi=0.0566 dn=0.0000 v13=0.0007 grl=1.0980 v15=0.0000 v15r=0.0000 v16=0.0000 v17=0.0000 v18=0.0000 acc=1.0000 lr=2.48e-05 lambda=0.000 grl_lambda=0.999 v18_lambda=0.000 gpu=3.0/11.8GB
[20:18:10] [train] ep=83 step=010/40 ce=0.2606 sc=0.7366 mi=0.0617 dn=0.0000 v13=0.0005 grl=1.0835 v15=0.0000 v15r=0.0000 v16=0.0000 v17=0.0000 v18=0.0000 acc=1.0000 lr=2.42e-05 lambda=0.000 grl_lambda=0.999 v18_lambda=0.000 gpu=3.0/11.8GB
[20:18:16] [train] ep=83 step=020/40 ce=0.2589 sc=0.7189 mi=0.0622 dn=0.0000 v13=0.0005 grl=1.0861 v15=0.0000 v15r=0.0000 v16=0.0000 v17=0.0000 v18=0.0000 acc=1.0000 lr=2.35e-05 lambda=0.000 grl_lambda=0.999 v18_lambda=0.000 gpu=3.0/11.8GB
[20:18:22] [train] ep=83 step=030/40 ce=0.2587 sc=0.7385 mi=0.0634 dn=0.0000 v13=0.0005 grl=1.0911 v15=0.0000 v15r=0.0000 v16=0.0000 v17=0.0000 v18=0.0000 acc=1.0000 lr=2.29e-05 lambda=0.000 grl_lambda=0.999 v18_lambda=0.000 gpu=3.0/11.8GB
[20:18:28] [train] ep=83 step=040/40 ce=0.2583 sc=0.7699 mi=0.0630 dn=0.0000 v13=0.0005 grl=1.0938 v15=0.0000 v15r=0.0000 v16=0.0000 v17=0.0000 v18=0.0000 acc=1.0000 lr=2.22e-05 lambda=0.000 grl_lambda=1.000 v18_lambda=0.000 gpu=3.0/11.8GB
[20:18:38] [ep_summary] ep=83/100 val_live=0.9877/0.9878 val_ema=0.9815/0.9816 test77_live=0.8453/0.8421 test77_diag_ema=0.8345/0.8309 v13=0.0005 grl=1.0938 v15=0.0000 v15r=0.0000 v16=0.0000 v17=0.0000 v18=0.0000 das=stage3[12,95] p=1.00 ep_time=33.8s
[20:18:38] [train] epoch 84/100 steps=40 use_dann=0 das=stage3 f=[12.0,95.0] p=1.00 gpu=3.0/11.8GB
[20:18:39] [train] ep=84 step=001/40 ce=0.3653 sc=0.9864 mi=0.0587 dn=0.0000 v13=0.0004 grl=1.0814 v15=0.0000 v15r=0.0000 v16=0.0000 v17=0.0000 v18=0.0000 acc=1.0000 lr=2.22e-05 lambda=0.000 grl_lambda=1.000 v18_lambda=0.000 gpu=3.0/11.8GB
[20:18:44] [train] ep=84 step=010/40 ce=0.2970 sc=0.8077 mi=0.0647 dn=0.0000 v13=0.0005 grl=1.0979 v15=0.0000 v15r=0.0000 v16=0.0000 v17=0.0000 v18=0.0000 acc=1.0000 lr=2.16e-05 lambda=0.000 grl_lambda=1.000 v18_lambda=0.000 gpu=3.0/11.8GB
[20:18:50] [train] ep=84 step=020/40 ce=0.3018 sc=0.7729 mi=0.0633 dn=0.0000 v13=0.0005 grl=1.0947 v15=0.0000 v15r=0.0000 v16=0.0000 v17=0.0000 v18=0.0000 acc=0.9969 lr=2.10e-05 lambda=0.000 grl_lambda=1.000 v18_lambda=0.000 gpu=3.0/11.8GB
[20:18:56] [train] ep=84 step=030/40 ce=0.3079 sc=0.7850 mi=0.0640 dn=0.0000 v13=0.0005 grl=1.0907 v15=0.0000 v15r=0.0000 v16=0.0000 v17=0.0000 v18=0.0000 acc=0.9958 lr=2.04e-05 lambda=0.000 grl_lambda=1.000 v18_lambda=0.000 gpu=3.0/11.8GB
[20:19:02] [train] ep=84 step=040/40 ce=0.3027 sc=0.7488 mi=0.0644 dn=0.0000 v13=0.0005 grl=1.0976 v15=0.0000 v15r=0.0000 v16=0.0000 v17=0.0000 v18=0.0000 acc=0.9969 lr=1.98e-05 lambda=0.000 grl_lambda=1.000 v18_lambda=0.000 gpu=3.0/11.8GB
[20:19:12] [ep_summary] ep=84/100 val_live=0.9815/0.9816 val_ema=0.9815/0.9816 test77_live=0.8453/0.8418 test77_diag_ema=0.8345/0.8309 v13=0.0005 grl=1.0976 v15=0.0000 v15r=0.0000 v16=0.0000 v17=0.0000 v18=0.0000 das=stage3[12,95] p=1.00 ep_time=34.0s
[20:19:12] [train] epoch 85/100 steps=40 use_dann=0 das=stage3 f=[12.0,95.0] p=1.00 gpu=3.0/11.8GB
[20:19:13] [train] ep=85 step=001/40 ce=0.2564 sc=0.5513 mi=0.0669 dn=0.0000 v13=0.0009 grl=1.0887 v15=0.0000 v15r=0.0000 v16=0.0000 v17=0.0000 v18=0.0000 acc=1.0000 lr=1.97e-05 lambda=0.000 grl_lambda=1.000 v18_lambda=0.000 gpu=3.0/11.8GB
[20:19:18] [train] ep=85 step=010/40 ce=0.2575 sc=0.8934 mi=0.0658 dn=0.0000 v13=0.0005 grl=1.1093 v15=0.0000 v15r=0.0000 v16=0.0000 v17=0.0000 v18=0.0000 acc=1.0000 lr=1.92e-05 lambda=0.000 grl_lambda=1.000 v18_lambda=0.000 gpu=3.0/11.8GB
[20:19:24] [train] ep=85 step=020/40 ce=0.2806 sc=0.8108 mi=0.0650 dn=0.0000 v13=0.0005 grl=1.0932 v15=0.0000 v15r=0.0000 v16=0.0000 v17=0.0000 v18=0.0000 acc=1.0000 lr=1.86e-05 lambda=0.000 grl_lambda=1.000 v18_lambda=0.000 gpu=3.0/11.8GB
[20:19:30] [train] ep=85 step=030/40 ce=0.2745 sc=0.7668 mi=0.0640 dn=0.0000 v13=0.0005 grl=1.0923 v15=0.0000 v15r=0.0000 v16=0.0000 v17=0.0000 v18=0.0000 acc=1.0000 lr=1.80e-05 lambda=0.000 grl_lambda=1.000 v18_lambda=0.000 gpu=3.0/11.8GB
[20:19:36] [train] ep=85 step=040/40 ce=0.2704 sc=0.7695 mi=0.0636 dn=0.0000 v13=0.0005 grl=1.0923 v15=0.0000 v15r=0.0000 v16=0.0000 v17=0.0000 v18=0.0000 acc=1.0000 lr=1.74e-05 lambda=0.000 grl_lambda=1.000 v18_lambda=0.000 gpu=3.0/11.8GB
[20:19:46] [ep_summary] ep=85/100 val_live=0.9815/0.9816 val_ema=0.9815/0.9816 test77_live=0.8417/0.8380 test77_diag_ema=0.8345/0.8309 v13=0.0005 grl=1.0923 v15=0.0000 v15r=0.0000 v16=0.0000 v17=0.0000 v18=0.0000 das=stage3[12,95] p=1.00 ep_time=33.9s
[20:19:46] [train] epoch 86/100 steps=40 use_dann=0 das=stage3 f=[12.0,95.0] p=1.00 gpu=3.0/11.8GB
[20:19:47] [train] ep=86 step=001/40 ce=0.2564 sc=0.7261 mi=0.0633 dn=0.0000 v13=0.0004 grl=1.0927 v15=0.0000 v15r=0.0000 v16=0.0000 v17=0.0000 v18=0.0000 acc=1.0000 lr=1.74e-05 lambda=0.000 grl_lambda=1.000 v18_lambda=0.000 gpu=3.0/11.8GB
[20:19:52] [train] ep=86 step=010/40 ce=0.2575 sc=0.8800 mi=0.0638 dn=0.0000 v13=0.0005 grl=1.0902 v15=0.0000 v15r=0.0000 v16=0.0000 v17=0.0000 v18=0.0000 acc=1.0000 lr=1.68e-05 lambda=0.000 grl_lambda=1.000 v18_lambda=0.000 gpu=3.0/11.8GB
[20:19:58] [train] ep=86 step=020/40 ce=0.2643 sc=0.8233 mi=0.0627 dn=0.0000 v13=0.0004 grl=1.0913 v15=0.0000 v15r=0.0000 v16=0.0000 v17=0.0000 v18=0.0000 acc=1.0000 lr=1.63e-05 lambda=0.000 grl_lambda=1.000 v18_lambda=0.000 gpu=3.0/11.8GB
[20:20:04] [train] ep=86 step=030/40 ce=0.2718 sc=0.8089 mi=0.0628 dn=0.0000 v13=0.0005 grl=1.0942 v15=0.0000 v15r=0.0000 v16=0.0000 v17=0.0000 v18=0.0000 acc=1.0000 lr=1.57e-05 lambda=0.000 grl_lambda=1.000 v18_lambda=0.000 gpu=3.0/11.8GB
[20:20:09] [train] ep=86 step=040/40 ce=0.2896 sc=0.7985 mi=0.0625 dn=0.0000 v13=0.0005 grl=1.0912 v15=0.0000 v15r=0.0000 v16=0.0000 v17=0.0000 v18=0.0000 acc=0.9984 lr=1.52e-05 lambda=0.000 grl_lambda=1.000 v18_lambda=0.000 gpu=3.0/11.8GB
[20:20:20] [ep_summary] ep=86/100 val_live=0.9877/0.9878 val_ema=0.9815/0.9816 test77_live=0.8417/0.8383 test77_diag_ema=0.8345/0.8309 v13=0.0005 grl=1.0912 v15=0.0000 v15r=0.0000 v16=0.0000 v17=0.0000 v18=0.0000 das=stage3[12,95] p=1.00 ep_time=33.8s
[20:20:20] [train] epoch 87/100 steps=40 use_dann=0 das=stage3 f=[12.0,95.0] p=1.00 gpu=3.0/11.8GB
[20:20:21] [train] ep=87 step=001/40 ce=0.2564 sc=0.8746 mi=0.0617 dn=0.0000 v13=0.0004 grl=1.0881 v15=0.0000 v15r=0.0000 v16=0.0000 v17=0.0000 v18=0.0000 acc=1.0000 lr=1.52e-05 lambda=0.000 grl_lambda=1.000 v18_lambda=0.000 gpu=3.0/11.8GB
[20:20:26] [train] ep=87 step=010/40 ce=0.2570 sc=0.7938 mi=0.0614 dn=0.0000 v13=0.0004 grl=1.0936 v15=0.0000 v15r=0.0000 v16=0.0000 v17=0.0000 v18=0.0000 acc=1.0000 lr=1.47e-05 lambda=0.000 grl_lambda=1.000 v18_lambda=0.000 gpu=3.0/11.8GB
[20:20:32] [train] ep=87 step=020/40 ce=0.2780 sc=0.7418 mi=0.0608 dn=0.0000 v13=0.0005 grl=1.0807 v15=0.0000 v15r=0.0000 v16=0.0000 v17=0.0000 v18=0.0000 acc=0.9969 lr=1.42e-05 lambda=0.000 grl_lambda=1.000 v18_lambda=0.000 gpu=3.0/11.8GB
[20:20:38] [train] ep=87 step=030/40 ce=0.2722 sc=0.7604 mi=0.0620 dn=0.0000 v13=0.0005 grl=1.0895 v15=0.0000 v15r=0.0000 v16=0.0000 v17=0.0000 v18=0.0000 acc=0.9979 lr=1.37e-05 lambda=0.000 grl_lambda=1.000 v18_lambda=0.000 gpu=3.0/11.8GB
[20:20:44] [train] ep=87 step=040/40 ce=0.2767 sc=0.7337 mi=0.0627 dn=0.0000 v13=0.0005 grl=1.0930 v15=0.0000 v15r=0.0000 v16=0.0000 v17=0.0000 v18=0.0000 acc=0.9984 lr=1.31e-05 lambda=0.000 grl_lambda=1.000 v18_lambda=0.000 gpu=3.0/11.8GB
[20:21:41] [ep_summary] ep=87/100 val_live=0.9877/0.9878 val_ema=0.9815/0.9816 test77_live=0.8309/0.8268 test77_diag_ema=0.8381/0.8350 v13=0.0005 grl=1.0930 v15=0.0000 v15r=0.0000 v16=0.0000 v17=0.0000 v18=0.0000 das=stage3[12,95] p=1.00 ep_time=80.8s
[20:21:41] [train] epoch 88/100 steps=40 use_dann=0 das=stage3 f=[12.0,95.0] p=1.00 gpu=3.0/11.8GB
[20:21:41] [train] ep=88 step=001/40 ce=0.2565 sc=0.6463 mi=0.0637 dn=0.0000 v13=0.0009 grl=1.0462 v15=0.0000 v15r=0.0000 v16=0.0000 v17=0.0000 v18=0.0000 acc=1.0000 lr=1.31e-05 lambda=0.000 grl_lambda=1.000 v18_lambda=0.000 gpu=3.0/11.8GB
[20:21:47] [train] ep=88 step=010/40 ce=0.3088 sc=0.6762 mi=0.0596 dn=0.0000 v13=0.0005 grl=1.0897 v15=0.0000 v15r=0.0000 v16=0.0000 v17=0.0000 v18=0.0000 acc=0.9938 lr=1.27e-05 lambda=0.000 grl_lambda=1.000 v18_lambda=0.000 gpu=3.0/11.8GB
[20:21:52] [train] ep=88 step=020/40 ce=0.3124 sc=0.7130 mi=0.0610 dn=0.0000 v13=0.0005 grl=1.0850 v15=0.0000 v15r=0.0000 v16=0.0000 v17=0.0000 v18=0.0000 acc=0.9938 lr=1.22e-05 lambda=0.000 grl_lambda=1.000 v18_lambda=0.000 gpu=3.0/11.8GB
[20:21:58] [train] ep=88 step=030/40 ce=0.3119 sc=0.7631 mi=0.0618 dn=0.0000 v13=0.0004 grl=1.0765 v15=0.0000 v15r=0.0000 v16=0.0000 v17=0.0000 v18=0.0000 acc=0.9938 lr=1.17e-05 lambda=0.000 grl_lambda=1.000 v18_lambda=0.000 gpu=3.0/11.8GB
[20:22:04] [train] ep=88 step=040/40 ce=0.3265 sc=0.7415 mi=0.0623 dn=0.0000 v13=0.0005 grl=1.0815 v15=0.0000 v15r=0.0000 v16=0.0000 v17=0.0000 v18=0.0000 acc=0.9922 lr=1.12e-05 lambda=0.000 grl_lambda=1.000 v18_lambda=0.000 gpu=3.0/11.8GB
[20:22:17] [ep_summary] ep=88/100 val_live=0.9691/0.9689 val_ema=0.9815/0.9816 test77_live=0.8309/0.8266 test77_diag_ema=0.8417/0.8389 v13=0.0005 grl=1.0815 v15=0.0000 v15r=0.0000 v16=0.0000 v17=0.0000 v18=0.0000 das=stage3[12,95] p=1.00 ep_time=36.2s
[20:22:17] [train] epoch 89/100 steps=40 use_dann=0 das=stage3 f=[12.0,95.0] p=1.00 gpu=3.0/11.8GB
[20:22:18] [train] ep=89 step=001/40 ce=0.2568 sc=0.9458 mi=0.0515 dn=0.0000 v13=0.0006 grl=1.1063 v15=0.0000 v15r=0.0000 v16=0.0000 v17=0.0000 v18=0.0000 acc=1.0000 lr=1.12e-05 lambda=0.000 grl_lambda=1.000 v18_lambda=0.000 gpu=3.0/11.8GB
[20:22:23] [train] ep=89 step=010/40 ce=0.2903 sc=0.7404 mi=0.0604 dn=0.0000 v13=0.0005 grl=1.0941 v15=0.0000 v15r=0.0000 v16=0.0000 v17=0.0000 v18=0.0000 acc=1.0000 lr=1.08e-05 lambda=0.000 grl_lambda=1.000 v18_lambda=0.000 gpu=3.0/11.8GB
[20:22:29] [train] ep=89 step=020/40 ce=0.2740 sc=0.7025 mi=0.0616 dn=0.0000 v13=0.0005 grl=1.0899 v15=0.0000 v15r=0.0000 v16=0.0000 v17=0.0000 v18=0.0000 acc=1.0000 lr=1.03e-05 lambda=0.000 grl_lambda=1.000 v18_lambda=0.000 gpu=3.0/11.8GB
[20:22:35] [train] ep=89 step=030/40 ce=0.2701 sc=0.7267 mi=0.0618 dn=0.0000 v13=0.0005 grl=1.0924 v15=0.0000 v15r=0.0000 v16=0.0000 v17=0.0000 v18=0.0000 acc=1.0000 lr=9.89e-06 lambda=0.000 grl_lambda=1.000 v18_lambda=0.000 gpu=3.0/11.8GB
[20:22:40] [train] ep=89 step=040/40 ce=0.2782 sc=0.7622 mi=0.0622 dn=0.0000 v13=0.0005 grl=1.0945 v15=0.0000 v15r=0.0000 v16=0.0000 v17=0.0000 v18=0.0000 acc=0.9984 lr=9.46e-06 lambda=0.000 grl_lambda=1.000 v18_lambda=0.000 gpu=3.0/11.8GB
[20:22:51] [ep_summary] ep=89/100 val_live=0.9753/0.9753 val_ema=0.9815/0.9816 test77_live=0.8345/0.8298 test77_diag_ema=0.8453/0.8427 v13=0.0005 grl=1.0945 v15=0.0000 v15r=0.0000 v16=0.0000 v17=0.0000 v18=0.0000 das=stage3[12,95] p=1.00 ep_time=33.9s
[20:22:51] [train] epoch 90/100 steps=40 use_dann=0 das=stage3 f=[12.0,95.0] p=1.00 gpu=3.0/11.8GB
[20:22:51] [train] ep=90 step=001/40 ce=0.2565 sc=0.4190 mi=0.0617 dn=0.0000 v13=0.0005 grl=1.0985 v15=0.0000 v15r=0.0000 v16=0.0000 v17=0.0000 v18=0.0000 acc=1.0000 lr=9.42e-06 lambda=0.000 grl_lambda=1.000 v18_lambda=0.000 gpu=3.0/11.8GB
[20:22:57] [train] ep=90 step=010/40 ce=0.2601 sc=0.6532 mi=0.0652 dn=0.0000 v13=0.0004 grl=1.0847 v15=0.0000 v15r=0.0000 v16=0.0000 v17=0.0000 v18=0.0000 acc=1.0000 lr=9.04e-06 lambda=0.000 grl_lambda=1.000 v18_lambda=0.000 gpu=3.0/11.8GB
[20:23:03] [train] ep=90 step=020/40 ce=0.2763 sc=0.7055 mi=0.0626 dn=0.0000 v13=0.0004 grl=1.0853 v15=0.0000 v15r=0.0000 v16=0.0000 v17=0.0000 v18=0.0000 acc=1.0000 lr=8.63e-06 lambda=0.000 grl_lambda=1.000 v18_lambda=0.000 gpu=3.0/11.8GB
[20:23:08] [train] ep=90 step=030/40 ce=0.2779 sc=0.7212 mi=0.0632 dn=0.0000 v13=0.0004 grl=1.0849 v15=0.0000 v15r=0.0000 v16=0.0000 v17=0.0000 v18=0.0000 acc=1.0000 lr=8.23e-06 lambda=0.000 grl_lambda=1.000 v18_lambda=0.000 gpu=3.0/11.8GB
[20:23:14] [train] ep=90 step=040/40 ce=0.2796 sc=0.7175 mi=0.0629 dn=0.0000 v13=0.0004 grl=1.0866 v15=0.0000 v15r=0.0000 v16=0.0000 v17=0.0000 v18=0.0000 acc=1.0000 lr=7.84e-06 lambda=0.000 grl_lambda=1.000 v18_lambda=0.000 gpu=3.0/11.8GB
[20:23:24] [pool] check ep=090/100 source_val_acc_ema=0.9815 threshold=0.90
[20:23:29] [pool] ep=090 ADDED src_val=0.9815/0.9816 dev77=0.7500/0.7446 final77=0.8417/0.8388
[20:23:29] [pool] running best ep=070 dev77_f1=0.7985 final77_f1=0.8405 (pool_size=6)
[20:23:30] [ep_summary] ep=90/100 val_live=0.9630/0.9624 val_ema=0.9815/0.9816 test77_live=0.8417/0.8377 test77_diag_ema=0.8417/0.8388 v13=0.0004 grl=1.0866 v15=0.0000 v15r=0.0000 v16=0.0000 v17=0.0000 v18=0.0000 das=stage3[12,95] p=1.00 ep_time=38.7s
[20:23:30] [strict77_monitor] ep=90 best_source_epoch=50 source_val_ema=0.9877/0.9878 test77_ema_diag=0.7518/0.7228 sourcequalified_count=56 best_sourcequalified77_epoch=72 source_val_ema=0.9877/0.9878 test77_ema=0.8489/0.8447
[20:23:30] [train] epoch 91/100 steps=40 use_dann=0 das=stage3 f=[12.0,95.0] p=1.00 gpu=3.0/11.8GB
[20:23:30] [train] ep=91 step=001/40 ce=0.2569 sc=0.5387 mi=0.0517 dn=0.0000 v13=0.0003 grl=1.0548 v15=0.0000 v15r=0.0000 v16=0.0000 v17=0.0000 v18=0.0000 acc=1.0000 lr=7.80e-06 lambda=0.000 grl_lambda=1.000 v18_lambda=0.000 gpu=3.0/11.8GB
[20:23:35] [train] ep=91 step=010/40 ce=0.3974 sc=0.8237 mi=0.0619 dn=0.0000 v13=0.0003 grl=1.0903 v15=0.0000 v15r=0.0000 v16=0.0000 v17=0.0000 v18=0.0000 acc=0.9875 lr=7.45e-06 lambda=0.000 grl_lambda=1.000 v18_lambda=0.000 gpu=3.0/11.8GB
[20:23:41] [train] ep=91 step=020/40 ce=0.3352 sc=0.8010 mi=0.0620 dn=0.0000 v13=0.0004 grl=1.0916 v15=0.0000 v15r=0.0000 v16=0.0000 v17=0.0000 v18=0.0000 acc=0.9938 lr=7.08e-06 lambda=0.000 grl_lambda=1.000 v18_lambda=0.000 gpu=3.0/11.8GB
[20:23:47] [train] ep=91 step=030/40 ce=0.3095 sc=0.8181 mi=0.0615 dn=0.0000 v13=0.0004 grl=1.0901 v15=0.0000 v15r=0.0000 v16=0.0000 v17=0.0000 v18=0.0000 acc=0.9958 lr=6.72e-06 lambda=0.000 grl_lambda=1.000 v18_lambda=0.000 gpu=3.0/11.8GB
[20:23:53] [train] ep=91 step=040/40 ce=0.2995 sc=0.8086 mi=0.0618 dn=0.0000 v13=0.0004 grl=1.0916 v15=0.0000 v15r=0.0000 v16=0.0000 v17=0.0000 v18=0.0000 acc=0.9969 lr=6.36e-06 lambda=0.000 grl_lambda=1.000 v18_lambda=0.000 gpu=3.0/11.8GB
[20:24:03] [ep_summary] ep=91/100 val_live=0.9568/0.9556 val_ema=0.9815/0.9816 test77_live=0.8381/0.8331 test77_diag_ema=0.8417/0.8388 v13=0.0004 grl=1.0916 v15=0.0000 v15r=0.0000 v16=0.0000 v17=0.0000 v18=0.0000 das=stage3[12,95] p=1.00 ep_time=33.9s
[20:24:03] [train] epoch 92/100 steps=40 use_dann=0 das=stage3 f=[12.0,95.0] p=1.00 gpu=3.0/11.8GB
[20:24:04] [train] ep=92 step=001/40 ce=0.2576 sc=0.6465 mi=0.0728 dn=0.0000 v13=0.0005 grl=1.1472 v15=0.0000 v15r=0.0000 v16=0.0000 v17=0.0000 v18=0.0000 acc=1.0000 lr=6.33e-06 lambda=0.000 grl_lambda=1.000 v18_lambda=0.000 gpu=3.0/11.8GB
[20:24:10] [train] ep=92 step=010/40 ce=0.2576 sc=0.6964 mi=0.0633 dn=0.0000 v13=0.0005 grl=1.0965 v15=0.0000 v15r=0.0000 v16=0.0000 v17=0.0000 v18=0.0000 acc=1.0000 lr=6.02e-06 lambda=0.000 grl_lambda=1.000 v18_lambda=0.000 gpu=3.0/11.8GB
[20:24:15] [train] ep=92 step=020/40 ce=0.3067 sc=0.7620 mi=0.0616 dn=0.0000 v13=0.0005 grl=1.0902 v15=0.0000 v15r=0.0000 v16=0.0000 v17=0.0000 v18=0.0000 acc=0.9969 lr=5.68e-06 lambda=0.000 grl_lambda=1.000 v18_lambda=0.000 gpu=3.0/11.8GB
[20:24:21] [train] ep=92 step=030/40 ce=0.3187 sc=0.7632 mi=0.0625 dn=0.0000 v13=0.0005 grl=1.0921 v15=0.0000 v15r=0.0000 v16=0.0000 v17=0.0000 v18=0.0000 acc=0.9958 lr=5.35e-06 lambda=0.000 grl_lambda=1.000 v18_lambda=0.000 gpu=3.0/11.8GB
[20:24:27] [train] ep=92 step=040/40 ce=0.3039 sc=0.7344 mi=0.0626 dn=0.0000 v13=0.0005 grl=1.0879 v15=0.0000 v15r=0.0000 v16=0.0000 v17=0.0000 v18=0.0000 acc=0.9969 lr=5.04e-06 lambda=0.000 grl_lambda=1.000 v18_lambda=0.000 gpu=3.0/11.8GB
[20:24:37] [ep_summary] ep=92/100 val_live=0.9568/0.9556 val_ema=0.9815/0.9816 test77_live=0.8345/0.8297 test77_diag_ema=0.8417/0.8388 v13=0.0005 grl=1.0879 v15=0.0000 v15r=0.0000 v16=0.0000 v17=0.0000 v18=0.0000 das=stage3[12,95] p=1.00 ep_time=34.0s
[20:24:37] [train] epoch 93/100 steps=40 use_dann=0 das=stage3 f=[12.0,95.0] p=1.00 gpu=3.0/11.8GB
[20:24:38] [train] ep=93 step=001/40 ce=0.2568 sc=0.7571 mi=0.0561 dn=0.0000 v13=0.0004 grl=1.0965 v15=0.0000 v15r=0.0000 v16=0.0000 v17=0.0000 v18=0.0000 acc=1.0000 lr=5.01e-06 lambda=0.000 grl_lambda=1.000 v18_lambda=0.000 gpu=3.0/11.8GB
[20:24:43] [train] ep=93 step=010/40 ce=0.2722 sc=0.7616 mi=0.0608 dn=0.0000 v13=0.0005 grl=1.0964 v15=0.0000 v15r=0.0000 v16=0.0000 v17=0.0000 v18=0.0000 acc=1.0000 lr=4.73e-06 lambda=0.000 grl_lambda=1.000 v18_lambda=0.000 gpu=3.0/11.8GB
[20:24:49] [train] ep=93 step=020/40 ce=0.2962 sc=0.7419 mi=0.0619 dn=0.0000 v13=0.0005 grl=1.1002 v15=0.0000 v15r=0.0000 v16=0.0000 v17=0.0000 v18=0.0000 acc=0.9969 lr=4.43e-06 lambda=0.000 grl_lambda=1.000 v18_lambda=0.000 gpu=3.0/11.8GB
[20:24:55] [train] ep=93 step=030/40 ce=0.2831 sc=0.7406 mi=0.0617 dn=0.0000 v13=0.0005 grl=1.0939 v15=0.0000 v15r=0.0000 v16=0.0000 v17=0.0000 v18=0.0000 acc=0.9979 lr=4.14e-06 lambda=0.000 grl_lambda=1.000 v18_lambda=0.000 gpu=3.0/11.8GB
[20:25:01] [train] ep=93 step=040/40 ce=0.2767 sc=0.7323 mi=0.0624 dn=0.0000 v13=0.0005 grl=1.0978 v15=0.0000 v15r=0.0000 v16=0.0000 v17=0.0000 v18=0.0000 acc=0.9984 lr=3.87e-06 lambda=0.000 grl_lambda=1.000 v18_lambda=0.000 gpu=3.0/11.8GB
[20:25:11] [ep_summary] ep=93/100 val_live=0.9568/0.9556 val_ema=0.9815/0.9816 test77_live=0.8345/0.8294 test77_diag_ema=0.8417/0.8388 v13=0.0005 grl=1.0978 v15=0.0000 v15r=0.0000 v16=0.0000 v17=0.0000 v18=0.0000 das=stage3[12,95] p=1.00 ep_time=33.8s
[20:25:11] [train] epoch 94/100 steps=40 use_dann=0 das=stage3 f=[12.0,95.0] p=1.00 gpu=3.0/11.8GB
[20:25:12] [train] ep=94 step=001/40 ce=0.2562 sc=0.9282 mi=0.0541 dn=0.0000 v13=0.0006 grl=1.0048 v15=0.0000 v15r=0.0000 v16=0.0000 v17=0.0000 v18=0.0000 acc=1.0000 lr=3.84e-06 lambda=0.000 grl_lambda=1.000 v18_lambda=0.000 gpu=3.0/11.8GB
[20:25:17] [train] ep=94 step=010/40 ce=0.2566 sc=0.6743 mi=0.0617 dn=0.0000 v13=0.0005 grl=1.0723 v15=0.0000 v15r=0.0000 v16=0.0000 v17=0.0000 v18=0.0000 acc=1.0000 lr=3.60e-06 lambda=0.000 grl_lambda=1.000 v18_lambda=0.000 gpu=3.0/11.8GB
[20:25:23] [train] ep=94 step=020/40 ce=0.2613 sc=0.7378 mi=0.0626 dn=0.0000 v13=0.0005 grl=1.0777 v15=0.0000 v15r=0.0000 v16=0.0000 v17=0.0000 v18=0.0000 acc=1.0000 lr=3.34e-06 lambda=0.000 grl_lambda=1.000 v18_lambda=0.000 gpu=3.0/11.8GB
[20:25:29] [train] ep=94 step=030/40 ce=0.2600 sc=0.7663 mi=0.0631 dn=0.0000 v13=0.0005 grl=1.0822 v15=0.0000 v15r=0.0000 v16=0.0000 v17=0.0000 v18=0.0000 acc=1.0000 lr=3.09e-06 lambda=0.000 grl_lambda=1.000 v18_lambda=0.000 gpu=3.0/11.8GB
[20:25:35] [train] ep=94 step=040/40 ce=0.2594 sc=0.7834 mi=0.0628 dn=0.0000 v13=0.0005 grl=1.0884 v15=0.0000 v15r=0.0000 v16=0.0000 v17=0.0000 v18=0.0000 acc=1.0000 lr=2.85e-06 lambda=0.000 grl_lambda=1.000 v18_lambda=0.000 gpu=3.0/11.8GB
[20:25:45] [ep_summary] ep=94/100 val_live=0.9630/0.9621 val_ema=0.9815/0.9816 test77_live=0.8345/0.8300 test77_diag_ema=0.8453/0.8423 v13=0.0005 grl=1.0884 v15=0.0000 v15r=0.0000 v16=0.0000 v17=0.0000 v18=0.0000 das=stage3[12,95] p=1.00 ep_time=33.8s
[20:25:45] [train] epoch 95/100 steps=40 use_dann=0 das=stage3 f=[12.0,95.0] p=1.00 gpu=3.0/11.8GB
[20:25:46] [train] ep=95 step=001/40 ce=0.2560 sc=0.6459 mi=0.0619 dn=0.0000 v13=0.0006 grl=1.1129 v15=0.0000 v15r=0.0000 v16=0.0000 v17=0.0000 v18=0.0000 acc=1.0000 lr=2.82e-06 lambda=0.000 grl_lambda=1.000 v18_lambda=0.000 gpu=3.0/11.8GB
[20:25:51] [train] ep=95 step=010/40 ce=0.2572 sc=0.7823 mi=0.0607 dn=0.0000 v13=0.0005 grl=1.0879 v15=0.0000 v15r=0.0000 v16=0.0000 v17=0.0000 v18=0.0000 acc=1.0000 lr=2.62e-06 lambda=0.000 grl_lambda=1.000 v18_lambda=0.000 gpu=3.0/11.8GB
[20:25:57] [train] ep=95 step=020/40 ce=0.2698 sc=0.8294 mi=0.0615 dn=0.0000 v13=0.0005 grl=1.0858 v15=0.0000 v15r=0.0000 v16=0.0000 v17=0.0000 v18=0.0000 acc=1.0000 lr=2.40e-06 lambda=0.000 grl_lambda=1.000 v18_lambda=0.000 gpu=3.0/11.8GB
[20:26:03] [train] ep=95 step=030/40 ce=0.2659 sc=0.7758 mi=0.0617 dn=0.0000 v13=0.0005 grl=1.0854 v15=0.0000 v15r=0.0000 v16=0.0000 v17=0.0000 v18=0.0000 acc=1.0000 lr=2.18e-06 lambda=0.000 grl_lambda=1.000 v18_lambda=0.000 gpu=3.0/11.8GB
[20:26:09] [train] ep=95 step=040/40 ce=0.2649 sc=0.7815 mi=0.0619 dn=0.0000 v13=0.0005 grl=1.0869 v15=0.0000 v15r=0.0000 v16=0.0000 v17=0.0000 v18=0.0000 acc=1.0000 lr=1.98e-06 lambda=0.000 grl_lambda=1.000 v18_lambda=0.000 gpu=3.0/11.8GB
[20:26:19] [ep_summary] ep=95/100 val_live=0.9568/0.9556 val_ema=0.9815/0.9816 test77_live=0.8381/0.8337 test77_diag_ema=0.8489/0.8458 v13=0.0005 grl=1.0869 v15=0.0000 v15r=0.0000 v16=0.0000 v17=0.0000 v18=0.0000 das=stage3[12,95] p=1.00 ep_time=33.8s
[20:26:19] [save] best_sourcequalified77_ema ep=95 source_val_live=0.9568/0.9556 source_val_ema=0.9815/0.9816 test77_ema=0.8489/0.8458
[20:26:19] [train] epoch 96/100 steps=40 use_dann=0 das=stage3 f=[12.0,95.0] p=1.00 gpu=3.0/11.8GB
[20:26:20] [train] ep=96 step=001/40 ce=0.2588 sc=0.7304 mi=0.0594 dn=0.0000 v13=0.0003 grl=1.1120 v15=0.0000 v15r=0.0000 v16=0.0000 v17=0.0000 v18=0.0000 acc=1.0000 lr=1.96e-06 lambda=0.000 grl_lambda=1.000 v18_lambda=0.000 gpu=3.0/11.8GB
[20:26:25] [train] ep=96 step=010/40 ce=0.2707 sc=0.8037 mi=0.0644 dn=0.0000 v13=0.0004 grl=1.1102 v15=0.0000 v15r=0.0000 v16=0.0000 v17=0.0000 v18=0.0000 acc=1.0000 lr=1.79e-06 lambda=0.000 grl_lambda=1.000 v18_lambda=0.000 gpu=3.0/11.8GB
[20:26:31] [train] ep=96 step=020/40 ce=0.2654 sc=0.7904 mi=0.0620 dn=0.0000 v13=0.0004 grl=1.1037 v15=0.0000 v15r=0.0000 v16=0.0000 v17=0.0000 v18=0.0000 acc=1.0000 lr=1.61e-06 lambda=0.000 grl_lambda=1.000 v18_lambda=0.000 gpu=3.0/11.8GB
[20:26:36] [train] ep=96 step=030/40 ce=0.2843 sc=0.8008 mi=0.0613 dn=0.0000 v13=0.0004 grl=1.0987 v15=0.0000 v15r=0.0000 v16=0.0000 v17=0.0000 v18=0.0000 acc=0.9979 lr=1.44e-06 lambda=0.000 grl_lambda=1.000 v18_lambda=0.000 gpu=3.0/11.8GB
[20:26:42] [train] ep=96 step=040/40 ce=0.2795 sc=0.7662 mi=0.0614 dn=0.0000 v13=0.0004 grl=1.0949 v15=0.0000 v15r=0.0000 v16=0.0000 v17=0.0000 v18=0.0000 acc=0.9984 lr=1.27e-06 lambda=0.000 grl_lambda=1.000 v18_lambda=0.000 gpu=3.0/11.8GB
[20:26:53] [ep_summary] ep=96/100 val_live=0.9630/0.9621 val_ema=0.9815/0.9816 test77_live=0.8381/0.8337 test77_diag_ema=0.8489/0.8458 v13=0.0004 grl=1.0949 v15=0.0000 v15r=0.0000 v16=0.0000 v17=0.0000 v18=0.0000 das=stage3[12,95] p=1.00 ep_time=33.8s
[20:26:53] [train] epoch 97/100 steps=40 use_dann=0 das=stage3 f=[12.0,95.0] p=1.00 gpu=3.0/11.8GB
[20:26:53] [train] ep=97 step=001/40 ce=0.9294 sc=2.0826 mi=0.0533 dn=0.0000 v13=0.0005 grl=1.0609 v15=0.0000 v15r=0.0000 v16=0.0000 v17=0.0000 v18=0.0000 acc=0.9375 lr=1.26e-06 lambda=0.000 grl_lambda=1.000 v18_lambda=0.000 gpu=3.0/11.8GB
[20:26:59] [train] ep=97 step=010/40 ce=0.3241 sc=0.9033 mi=0.0635 dn=0.0000 v13=0.0005 grl=1.1162 v15=0.0000 v15r=0.0000 v16=0.0000 v17=0.0000 v18=0.0000 acc=0.9938 lr=1.12e-06 lambda=0.000 grl_lambda=1.000 v18_lambda=0.000 gpu=3.0/11.8GB
[20:27:04] [train] ep=97 step=020/40 ce=0.3024 sc=0.8080 mi=0.0630 dn=0.0000 v13=0.0005 grl=1.1063 v15=0.0000 v15r=0.0000 v16=0.0000 v17=0.0000 v18=0.0000 acc=0.9969 lr=9.76e-07 lambda=0.000 grl_lambda=1.000 v18_lambda=0.000 gpu=3.0/11.8GB
[20:27:10] [train] ep=97 step=030/40 ce=0.2883 sc=0.7968 mi=0.0623 dn=0.0000 v13=0.0004 grl=1.0989 v15=0.0000 v15r=0.0000 v16=0.0000 v17=0.0000 v18=0.0000 acc=0.9979 lr=8.43e-07 lambda=0.000 grl_lambda=1.000 v18_lambda=0.000 gpu=3.0/11.8GB
[20:27:16] [train] ep=97 step=040/40 ce=0.2981 sc=0.7721 mi=0.0628 dn=0.0000 v13=0.0004 grl=1.0978 v15=0.0000 v15r=0.0000 v16=0.0000 v17=0.0000 v18=0.0000 acc=0.9969 lr=7.19e-07 lambda=0.000 grl_lambda=1.000 v18_lambda=0.000 gpu=3.0/11.8GB
[20:27:27] [ep_summary] ep=97/100 val_live=0.9630/0.9621 val_ema=0.9815/0.9816 test77_live=0.8381/0.8337 test77_diag_ema=0.8453/0.8418 v13=0.0004 grl=1.0978 v15=0.0000 v15r=0.0000 v16=0.0000 v17=0.0000 v18=0.0000 das=stage3[12,95] p=1.00 ep_time=33.7s
[20:27:27] [train] epoch 98/100 steps=40 use_dann=0 das=stage3 f=[12.0,95.0] p=1.00 gpu=3.0/11.8GB
[20:27:27] [train] ep=98 step=001/40 ce=0.2566 sc=0.9606 mi=0.0586 dn=0.0000 v13=0.0005 grl=1.0691 v15=0.0000 v15r=0.0000 v16=0.0000 v17=0.0000 v18=0.0000 acc=1.0000 lr=7.07e-07 lambda=0.000 grl_lambda=1.000 v18_lambda=0.000 gpu=3.0/11.8GB
[20:27:32] [train] ep=98 step=010/40 ce=0.3056 sc=0.7599 mi=0.0650 dn=0.0000 v13=0.0005 grl=1.0846 v15=0.0000 v15r=0.0000 v16=0.0000 v17=0.0000 v18=0.0000 acc=1.0000 lr=6.05e-07 lambda=0.000 grl_lambda=1.000 v18_lambda=0.000 gpu=3.0/11.8GB
[20:27:38] [train] ep=98 step=020/40 ce=0.3241 sc=0.8040 mi=0.0641 dn=0.0000 v13=0.0005 grl=1.0900 v15=0.0000 v15r=0.0000 v16=0.0000 v17=0.0000 v18=0.0000 acc=0.9969 lr=5.01e-07 lambda=0.000 grl_lambda=1.000 v18_lambda=0.000 gpu=3.0/11.8GB
[20:27:44] [train] ep=98 step=030/40 ce=0.3364 sc=0.7957 mi=0.0633 dn=0.0000 v13=0.0005 grl=1.0903 v15=0.0000 v15r=0.0000 v16=0.0000 v17=0.0000 v18=0.0000 acc=0.9958 lr=4.07e-07 lambda=0.000 grl_lambda=1.000 v18_lambda=0.000 gpu=3.0/11.8GB
[20:27:50] [train] ep=98 step=040/40 ce=0.3166 sc=0.7959 mi=0.0622 dn=0.0000 v13=0.0005 grl=1.0921 v15=0.0000 v15r=0.0000 v16=0.0000 v17=0.0000 v18=0.0000 acc=0.9969 lr=3.22e-07 lambda=0.000 grl_lambda=1.000 v18_lambda=0.000 gpu=3.0/11.8GB
[20:28:00] [ep_summary] ep=98/100 val_live=0.9630/0.9621 val_ema=0.9815/0.9816 test77_live=0.8345/0.8300 test77_diag_ema=0.8453/0.8418 v13=0.0005 grl=1.0921 v15=0.0000 v15r=0.0000 v16=0.0000 v17=0.0000 v18=0.0000 das=stage3[12,95] p=1.00 ep_time=33.8s
[20:28:00] [train] epoch 99/100 steps=40 use_dann=0 das=stage3 f=[12.0,95.0] p=1.00 gpu=3.0/11.8GB
[20:28:01] [train] ep=99 step=001/40 ce=0.6828 sc=0.7728 mi=0.0572 dn=0.0000 v13=0.0003 grl=1.1168 v15=0.0000 v15r=0.0000 v16=0.0000 v17=0.0000 v18=0.0000 acc=0.9375 lr=3.15e-07 lambda=0.000 grl_lambda=1.000 v18_lambda=0.000 gpu=3.0/11.8GB
[20:28:06] [train] ep=99 step=010/40 ce=0.2996 sc=0.7852 mi=0.0662 dn=0.0000 v13=0.0005 grl=1.1041 v15=0.0000 v15r=0.0000 v16=0.0000 v17=0.0000 v18=0.0000 acc=0.9938 lr=2.48e-07 lambda=0.000 grl_lambda=1.000 v18_lambda=0.000 gpu=3.0/11.8GB
[20:28:12] [train] ep=99 step=020/40 ce=0.2786 sc=0.7229 mi=0.0652 dn=0.0000 v13=0.0005 grl=1.1011 v15=0.0000 v15r=0.0000 v16=0.0000 v17=0.0000 v18=0.0000 acc=0.9969 lr=1.83e-07 lambda=0.000 grl_lambda=1.000 v18_lambda=0.000 gpu=3.0/11.8GB
[20:28:18] [train] ep=99 step=030/40 ce=0.2714 sc=0.7493 mi=0.0634 dn=0.0000 v13=0.0005 grl=1.0933 v15=0.0000 v15r=0.0000 v16=0.0000 v17=0.0000 v18=0.0000 acc=0.9979 lr=1.28e-07 lambda=0.000 grl_lambda=1.000 v18_lambda=0.000 gpu=3.0/11.8GB
[20:28:24] [train] ep=99 step=040/40 ce=0.2683 sc=0.7734 mi=0.0628 dn=0.0000 v13=0.0005 grl=1.0875 v15=0.0000 v15r=0.0000 v16=0.0000 v17=0.0000 v18=0.0000 acc=0.9984 lr=8.26e-08 lambda=0.000 grl_lambda=1.000 v18_lambda=0.000 gpu=3.0/11.8GB
[20:28:34] [ep_summary] ep=99/100 val_live=0.9630/0.9621 val_ema=0.9815/0.9816 test77_live=0.8345/0.8300 test77_diag_ema=0.8453/0.8418 v13=0.0005 grl=1.0875 v15=0.0000 v15r=0.0000 v16=0.0000 v17=0.0000 v18=0.0000 das=stage3[12,95] p=1.00 ep_time=33.8s
[20:28:34] [train] epoch 100/100 steps=40 use_dann=0 das=stage3 f=[12.0,95.0] p=1.00 gpu=3.0/11.8GB
[20:28:35] [train] ep=100 step=001/40 ce=0.2571 sc=0.9903 mi=0.0662 dn=0.0000 v13=0.0006 grl=1.1467 v15=0.0000 v15r=0.0000 v16=0.0000 v17=0.0000 v18=0.0000 acc=1.0000 lr=7.87e-08 lambda=0.000 grl_lambda=1.000 v18_lambda=0.000 gpu=3.0/11.8GB
[20:28:40] [train] ep=100 step=010/40 ce=0.4002 sc=0.8851 mi=0.0627 dn=0.0000 v13=0.0005 grl=1.0964 v15=0.0000 v15r=0.0000 v16=0.0000 v17=0.0000 v18=0.0000 acc=0.9875 lr=4.72e-08 lambda=0.000 grl_lambda=1.000 v18_lambda=0.000 gpu=3.0/11.8GB
[20:28:46] [train] ep=100 step=020/40 ce=0.3287 sc=0.8355 mi=0.0615 dn=0.0000 v13=0.0004 grl=1.0946 v15=0.0000 v15r=0.0000 v16=0.0000 v17=0.0000 v18=0.0000 acc=0.9938 lr=2.17e-08 lambda=0.000 grl_lambda=1.000 v18_lambda=0.000 gpu=3.0/11.8GB
[20:28:52] [train] ep=100 step=030/40 ce=0.3260 sc=0.8005 mi=0.0613 dn=0.0000 v13=0.0004 grl=1.0887 v15=0.0000 v15r=0.0000 v16=0.0000 v17=0.0000 v18=0.0000 acc=0.9938 lr=5.95e-09 lambda=0.000 grl_lambda=1.000 v18_lambda=0.000 gpu=3.0/11.8GB
[20:28:58] [train] ep=100 step=040/40 ce=0.3088 sc=0.7805 mi=0.0614 dn=0.0000 v13=0.0004 grl=1.0870 v15=0.0000 v15r=0.0000 v16=0.0000 v17=0.0000 v18=0.0000 acc=0.9953 lr=4.92e-11 lambda=0.000 grl_lambda=1.000 v18_lambda=0.000 gpu=3.0/11.8GB
[20:29:08] [pool] check ep=100/100 source_val_acc_ema=0.9815 threshold=0.90
[20:29:13] [pool] ep=100 ADDED src_val=0.9815/0.9816 dev77=0.7571/0.7513 final77=0.8489/0.8458
[20:29:13] [pool] running best ep=070 dev77_f1=0.7985 final77_f1=0.8405 (pool_size=7)
[20:29:13] [ep_summary] ep=100/100 val_live=0.9630/0.9621 val_ema=0.9815/0.9816 test77_live=0.8345/0.8300 test77_diag_ema=0.8489/0.8458 v13=0.0004 grl=1.0870 v15=0.0000 v15r=0.0000 v16=0.0000 v17=0.0000 v18=0.0000 das=stage3[12,95] p=1.00 ep_time=38.7s
[20:29:13] [save] best_sourcequalified77_ema ep=100 source_val_live=0.9630/0.9621 source_val_ema=0.9815/0.9816 test77_ema=0.8489/0.8458
[20:29:13] [strict77_monitor] ep=100 best_source_epoch=50 source_val_ema=0.9877/0.9878 test77_ema_diag=0.7518/0.7228 sourcequalified_count=66 best_sourcequalified77_epoch=100 source_val_ema=0.9815/0.9816 test77_ema=0.8489/0.8458
[20:29:13] [pool] FINAL pool_size=7 best ep=070 dev77_f1=0.7985 final77_f1=0.8405 -> /scratch/st-zliu-1/heqingz/CrossCarrier_Fresh_20260922/CrossCarrier_Repro/EXPERIMENTSRESULT/REVISION_5090/SUPP_ABLATION/ACR_discrete/seed1234/checkpoints/best_pool_ema.pt
[20:29:13] [train] done best_sourceval_acc_ema=0.9877
[20:29:43] [eval] loaded vit_large_patch16_dinov3_lvd1689m_best_sourceval_ema.pt (sourceval)
[20:29:45] [eval] strict source-val selected by ema acc; heldout77_unused=140 final_test77=278 imgs, seed=42 dev_per_class=20
[20:29:57] [eval] 77GHz final-test acc=0.7518 f1=0.7228
[20:29:57] [eval] 77GHz final-test per-class={'Away': 1.0, 'Bend': 0.9230769230769231, 'Kneel': 0.7142857142857143, 'Pick': 0.525, 'SStep': 0.975, 'Sit': 0.10810810810810811, 'Towards': 0.975}
[20:30:03] [eval] val_all acc=0.9877 f1=0.9878
[20:30:06] [freq_scan:val10] f_virt=15GHz acc=0.9872 f1=0.9881
[20:30:07] [freq_scan:val10] f_virt=30GHz acc=0.9615 f1=0.9603
[20:30:08] [freq_scan:val10] f_virt=50GHz acc=0.9615 f1=0.9616
[20:30:09] [freq_scan:val10] f_virt=77GHz acc=0.9487 f1=0.9530
[20:30:11] [freq_scan:val10] f_virt=99GHz acc=0.9487 f1=0.9530
[20:30:12] [freq_scan:val10] f_virt=120GHz acc=0.8974 f1=0.9041
[20:30:13] [freq_scan:val10] f_virt=140GHz acc=0.8846 f1=0.8898
[20:30:15] [freq_scan:val24] f_virt=15GHz acc=0.9762 f1=0.9760
[20:30:16] [freq_scan:val24] f_virt=30GHz acc=0.9881 f1=0.9875
[20:30:17] [freq_scan:val24] f_virt=50GHz acc=0.9762 f1=0.9760
[20:30:18] [freq_scan:val24] f_virt=77GHz acc=0.9643 f1=0.9636
[20:30:20] [freq_scan:val24] f_virt=99GHz acc=0.9524 f1=0.9527
[20:30:21] [freq_scan:val24] f_virt=120GHz acc=0.8690 f1=0.8688
[20:30:22] [freq_scan:val24] f_virt=140GHz acc=0.8214 f1=0.8210
[20:30:50] [eval] saved eval_sourceval.json
[20:31:02] [eval] loaded vit_large_patch16_dinov3_lvd1689m_best_sourcequalified77_ema.pt (sourcequalified)
[20:31:02] [eval] source-qualified diagnostic selected (source-val ema acc >= 0.90, then best 77GHz ema macro-F1); heldout77_unused=140 final_test77=278 imgs, seed=42 dev_per_class=20
[20:31:05] [eval] 77GHz final-test acc=0.8489 f1=0.8458
[20:31:05] [eval] 77GHz final-test per-class={'Away': 0.975, 'Bend': 0.7948717948717948, 'Kneel': 0.8095238095238095, 'Pick': 0.925, 'SStep': 1.0, 'Sit': 0.7567567567567568, 'Towards': 0.675}
[20:31:07] [eval] val_all acc=0.9815 f1=0.9816
[20:31:08] [freq_scan:val10] f_virt=15GHz acc=0.9744 f1=0.9760
[20:31:09] [freq_scan:val10] f_virt=30GHz acc=0.9615 f1=0.9601
[20:31:11] [freq_scan:val10] f_virt=50GHz acc=0.9744 f1=0.9760
[20:31:12] [freq_scan:val10] f_virt=77GHz acc=0.9615 f1=0.9637
[20:31:13] [freq_scan:val10] f_virt=99GHz acc=0.9487 f1=0.9518
[20:31:14] [freq_scan:val10] f_virt=120GHz acc=0.9359 f1=0.9395
[20:31:16] [freq_scan:val10] f_virt=140GHz acc=0.9231 f1=0.9251
[20:31:17] [freq_scan:val24] f_virt=15GHz acc=0.9881 f1=0.9885
[20:31:18] [freq_scan:val24] f_virt=30GHz acc=0.9881 f1=0.9876
[20:31:19] [freq_scan:val24] f_virt=50GHz acc=0.9881 f1=0.9885
[20:31:21] [freq_scan:val24] f_virt=77GHz acc=0.9881 f1=0.9875
[20:31:22] [freq_scan:val24] f_virt=99GHz acc=0.9762 f1=0.9760
[20:31:23] [freq_scan:val24] f_virt=120GHz acc=0.9881 f1=0.9875
[20:31:25] [freq_scan:val24] f_virt=140GHz acc=0.9643 f1=0.9641
[20:31:25] [eval] saved eval_sourcequalified.json
