[23:50:33] run_dir=/scratch/st-zliu-1/heqingz/CrossCarrier_Fresh_20260922/CrossCarrier_Repro/EXPERIMENTSRESULT/REVISION_5090/SUPP_ABLATION/SCHED_fixednarrow_ACR/seed42
[23:50:33] device=cuda
[23:50:33] backbone=vit_large_patch16_dinov3.lvd1689m
[23:50:33] env: manifest_dir=/scratch/st-zliu-1/heqingz/CrossCarrier_Fresh_20260922/CrossCarrier_Repro/tasks/known_people_unknown_freq/manifest dataset_root=/scratch/st-zliu-1/heqingz/CrossCarrier_Fresh_20260922/CrossCarrier_Repro use_dann=False selection=source_val_acc_ema adapter_mode=lora
[23:50:33] set_seed(42)
[23:50:50] [fast_gpu] source cache 644 imgs (0.39GB) on cuda
[23:50:50] train_source=644 train_src_rows=10:302 24:342 source_steps/epoch=40 val_all=162 heldout77_unused=140 test77_final=278
[23:50:50] [test77_split] seed=42 dev_per_class=20
[23:52:35] trainable params=2444546 (encoder_lora+neck+head + miro_proj+v15_falsification+v13_residual_split+v13_grl_carrier_adv)
[23:52:35] logit_prior=[-1.9678890705108643, -1.913821816444397, -1.8427258729934692, -1.9678890705108643, -2.0133514404296875, -1.8929877281188965, -2.036881923675537]
[23:52:35] use_dann=False
[23:52:35] use_das=True
[23:52:35] das_mode=fixed_narrow initial_stage={'name': 'fixed_narrow', 'p': 1.0, 'f_low': 10.0, 'f_high': 30.0}
[23:52:35] aug_flags: USE_HFT=True USE_SPEC_AUGMENT=True
[23:52:35] adapter_mode=lora
[23:52:35] schedule: epochs=100 steps/epoch=40 imgs/step=16 total_steps=4000 total_imgs=64000 warmup_steps=120
[23:52:35] source_qualified_policy: val_acc_ema>=0.90 candidates are recorded; best candidate by 77GHz F1 is saved as diagnostic
[23:52:35] [pool] init threshold=0.90 period=10 selection=dev77_f1
[23:52:35] [train] epoch 1/100 steps=40 use_dann=0 das=fixed_narrow f=[10.0,30.0] p=1.00 gpu=3.0/3.0GB
[23:52:44] [train] ep=01 step=001/40 ce=7.8979 sc=2.8250 mi=1.0275 dn=0.0000 v13=0.0256 grl=2.2478 v15=0.0000 v15r=0.0000 v16=0.0000 v17=0.0000 v18=0.0000 acc=0.2500 lr=2.50e-06 lambda=0.000 grl_lambda=0.000 v18_lambda=0.000 gpu=3.0/11.8GB
[23:52:50] [train] ep=01 step=010/40 ce=8.1484 sc=2.8253 mi=1.0048 dn=0.0000 v13=0.0248 grl=2.1405 v15=0.0000 v15r=0.0000 v16=0.0000 v17=0.0000 v18=0.0000 acc=0.1562 lr=2.50e-05 lambda=0.000 grl_lambda=0.011 v18_lambda=0.000 gpu=3.0/11.8GB
[23:52:56] [train] ep=01 step=020/40 ce=7.9921 sc=2.8553 mi=0.9583 dn=0.0000 v13=0.0185 grl=2.0322 v15=0.0000 v15r=0.0000 v16=0.0000 v17=0.0000 v18=0.0000 acc=0.1531 lr=5.00e-05 lambda=0.000 grl_lambda=0.024 v18_lambda=0.000 gpu=3.0/11.8GB
[23:53:01] [train] ep=01 step=030/40 ce=7.9057 sc=2.8643 mi=0.8846 dn=0.0000 v13=0.0140 grl=1.8875 v15=0.0000 v15r=0.0000 v16=0.0000 v17=0.0000 v18=0.0000 acc=0.1458 lr=7.50e-05 lambda=0.000 grl_lambda=0.036 v18_lambda=0.000 gpu=3.0/11.8GB
[23:53:07] [train] ep=01 step=040/40 ce=7.8443 sc=2.8453 mi=0.7970 dn=0.0000 v13=0.0117 grl=1.6398 v15=0.0000 v15r=0.0000 v16=0.0000 v17=0.0000 v18=0.0000 acc=0.1578 lr=1.00e-04 lambda=0.000 grl_lambda=0.049 v18_lambda=0.000 gpu=3.0/11.8GB
[23:53:12] [ep_summary] ep=01/100 val_live=0.2037/0.1830 val_ema=0.0000/0.0000 test77_live=0.1403/0.0354 test77_diag_ema=0.0000/0.0000 v13=0.0117 grl=1.6398 v15=0.0000 v15r=0.0000 v16=0.0000 v17=0.0000 v18=0.0000 das=fixed_narrow[10,30] p=1.00 ep_time=36.9s
[23:53:12] [train] epoch 2/100 steps=40 use_dann=0 das=fixed_narrow f=[10.0,30.0] p=1.00 gpu=3.0/11.8GB
[23:53:13] [train] ep=02 step=001/40 ce=7.6943 sc=2.8215 mi=0.4293 dn=0.0000 v13=0.0054 grl=0.5215 v15=0.0000 v15r=0.0000 v16=0.0000 v17=0.0000 v18=0.0000 acc=0.0625 lr=1.02e-04 lambda=0.000 grl_lambda=0.050 v18_lambda=0.000 gpu=3.0/11.8GB
[23:53:18] [train] ep=02 step=010/40 ce=7.4278 sc=2.7353 mi=0.3655 dn=0.0000 v13=0.0031 grl=0.2127 v15=0.0000 v15r=0.0000 v16=0.0000 v17=0.0000 v18=0.0000 acc=0.2188 lr=1.25e-04 lambda=0.000 grl_lambda=0.061 v18_lambda=0.000 gpu=3.0/11.8GB
[23:53:24] [train] ep=02 step=020/40 ce=7.2484 sc=2.7402 mi=0.3156 dn=0.0000 v13=0.0025 grl=0.1822 v15=0.0000 v15r=0.0000 v16=0.0000 v17=0.0000 v18=0.0000 acc=0.2844 lr=1.50e-04 lambda=0.000 grl_lambda=0.074 v18_lambda=0.000 gpu=3.0/11.8GB
[23:53:29] [train] ep=02 step=030/40 ce=7.1492 sc=2.7196 mi=0.2809 dn=0.0000 v13=0.0024 grl=0.1548 v15=0.0000 v15r=0.0000 v16=0.0000 v17=0.0000 v18=0.0000 acc=0.3167 lr=1.75e-04 lambda=0.000 grl_lambda=0.086 v18_lambda=0.000 gpu=3.0/11.8GB
[23:53:35] [train] ep=02 step=040/40 ce=6.9647 sc=2.6843 mi=0.2580 dn=0.0000 v13=0.0022 grl=0.1429 v15=0.0000 v15r=0.0000 v16=0.0000 v17=0.0000 v18=0.0000 acc=0.3656 lr=2.00e-04 lambda=0.000 grl_lambda=0.098 v18_lambda=0.000 gpu=3.0/11.8GB
[23:53:40] [ep_summary] ep=02/100 val_live=0.4074/0.3276 val_ema=0.0000/0.0000 test77_live=0.1403/0.0353 test77_diag_ema=0.0000/0.0000 v13=0.0022 grl=0.1429 v15=0.0000 v15r=0.0000 v16=0.0000 v17=0.0000 v18=0.0000 das=fixed_narrow[10,30] p=1.00 ep_time=28.2s
[23:53:40] [train] epoch 3/100 steps=40 use_dann=0 das=fixed_narrow f=[10.0,30.0] p=1.00 gpu=3.0/11.8GB
[23:53:41] [train] ep=03 step=001/40 ce=7.0524 sc=2.6293 mi=0.1808 dn=0.0000 v13=0.0013 grl=0.0913 v15=0.0000 v15r=0.0000 v16=0.0000 v17=0.0000 v18=0.0000 acc=0.3750 lr=2.02e-04 lambda=0.000 grl_lambda=0.100 v18_lambda=0.000 gpu=3.0/11.8GB
[23:53:46] [train] ep=03 step=010/40 ce=5.9685 sc=2.5191 mi=0.1840 dn=0.0000 v13=0.0017 grl=0.1030 v15=0.0000 v15r=0.0000 v16=0.0000 v17=0.0000 v18=0.0000 acc=0.5437 lr=2.25e-04 lambda=0.000 grl_lambda=0.111 v18_lambda=0.000 gpu=3.0/11.8GB
[23:53:52] [train] ep=03 step=020/40 ce=5.4854 sc=2.2835 mi=0.1823 dn=0.0000 v13=0.0017 grl=0.1056 v15=0.0000 v15r=0.0000 v16=0.0000 v17=0.0000 v18=0.0000 acc=0.6094 lr=2.50e-04 lambda=0.000 grl_lambda=0.123 v18_lambda=0.000 gpu=3.0/11.8GB
[23:53:58] [train] ep=03 step=030/40 ce=5.0732 sc=2.1244 mi=0.1845 dn=0.0000 v13=0.0017 grl=0.1128 v15=0.0000 v15r=0.0000 v16=0.0000 v17=0.0000 v18=0.0000 acc=0.6458 lr=2.75e-04 lambda=0.000 grl_lambda=0.135 v18_lambda=0.000 gpu=3.0/11.8GB
[23:54:03] [train] ep=03 step=040/40 ce=4.8911 sc=2.0780 mi=0.1835 dn=0.0000 v13=0.0018 grl=0.1179 v15=0.0000 v15r=0.0000 v16=0.0000 v17=0.0000 v18=0.0000 acc=0.6609 lr=3.00e-04 lambda=0.000 grl_lambda=0.148 v18_lambda=0.000 gpu=3.0/11.8GB
[23:54:09] [ep_summary] ep=03/100 val_live=0.7531/0.7274 val_ema=0.0000/0.0000 test77_live=0.4460/0.3689 test77_diag_ema=0.0000/0.0000 v13=0.0018 grl=0.1179 v15=0.0000 v15r=0.0000 v16=0.0000 v17=0.0000 v18=0.0000 das=fixed_narrow[10,30] p=1.00 ep_time=28.2s
[23:54:09] [train] epoch 4/100 steps=40 use_dann=0 das=fixed_narrow f=[10.0,30.0] p=1.00 gpu=3.0/11.8GB
[23:54:09] [train] ep=04 step=001/40 ce=3.8921 sc=1.7158 mi=0.1601 dn=0.0000 v13=0.0013 grl=0.0928 v15=0.0000 v15r=0.0000 v16=0.0000 v17=0.0000 v18=0.0000 acc=0.7500 lr=3.00e-04 lambda=0.000 grl_lambda=0.149 v18_lambda=0.000 gpu=3.0/11.8GB
[23:54:14] [train] ep=04 step=010/40 ce=3.7184 sc=1.7584 mi=0.1453 dn=0.0000 v13=0.0018 grl=0.1051 v15=0.0000 v15r=0.0000 v16=0.0000 v17=0.0000 v18=0.0000 acc=0.7188 lr=3.00e-04 lambda=0.000 grl_lambda=0.160 v18_lambda=0.000 gpu=3.0/11.8GB
[23:54:20] [train] ep=04 step=020/40 ce=3.2882 sc=1.6783 mi=0.1378 dn=0.0000 v13=0.0018 grl=0.1002 v15=0.0000 v15r=0.0000 v16=0.0000 v17=0.0000 v18=0.0000 acc=0.7781 lr=3.00e-04 lambda=0.000 grl_lambda=0.172 v18_lambda=0.000 gpu=3.0/11.8GB
[23:54:26] [train] ep=04 step=030/40 ce=3.0920 sc=1.6565 mi=0.1321 dn=0.0000 v13=0.0017 grl=0.1083 v15=0.0000 v15r=0.0000 v16=0.0000 v17=0.0000 v18=0.0000 acc=0.8000 lr=3.00e-04 lambda=0.000 grl_lambda=0.184 v18_lambda=0.000 gpu=3.0/11.8GB
[23:54:32] [train] ep=04 step=040/40 ce=2.9992 sc=1.6322 mi=0.1272 dn=0.0000 v13=0.0017 grl=0.1081 v15=0.0000 v15r=0.0000 v16=0.0000 v17=0.0000 v18=0.0000 acc=0.8000 lr=3.00e-04 lambda=0.000 grl_lambda=0.196 v18_lambda=0.000 gpu=3.0/11.8GB
[23:54:37] [ep_summary] ep=04/100 val_live=0.8704/0.8636 val_ema=0.0000/0.0000 test77_live=0.4424/0.3549 test77_diag_ema=0.0000/0.0000 v13=0.0017 grl=0.1081 v15=0.0000 v15r=0.0000 v16=0.0000 v17=0.0000 v18=0.0000 das=fixed_narrow[10,30] p=1.00 ep_time=28.2s
[23:54:37] [train] epoch 5/100 steps=40 use_dann=0 das=fixed_narrow f=[10.0,30.0] p=1.00 gpu=3.0/11.8GB
[23:54:37] [train] ep=05 step=001/40 ce=2.1479 sc=1.3682 mi=0.1108 dn=0.0000 v13=0.0013 grl=0.0873 v15=0.0000 v15r=0.0000 v16=0.0000 v17=0.0000 v18=0.0000 acc=0.9375 lr=3.00e-04 lambda=0.000 grl_lambda=0.197 v18_lambda=0.000 gpu=3.0/11.8GB
[23:54:43] [train] ep=05 step=010/40 ce=3.0052 sc=1.5847 mi=0.1019 dn=0.0000 v13=0.0013 grl=0.0992 v15=0.0000 v15r=0.0000 v16=0.0000 v17=0.0000 v18=0.0000 acc=0.8063 lr=3.00e-04 lambda=0.000 grl_lambda=0.208 v18_lambda=0.000 gpu=3.0/11.8GB
[23:54:49] [train] ep=05 step=020/40 ce=3.1107 sc=1.5425 mi=0.1012 dn=0.0000 v13=0.0012 grl=0.1129 v15=0.0000 v15r=0.0000 v16=0.0000 v17=0.0000 v18=0.0000 acc=0.8000 lr=3.00e-04 lambda=0.000 grl_lambda=0.220 v18_lambda=0.000 gpu=3.0/11.8GB
[23:54:54] [train] ep=05 step=030/40 ce=3.0438 sc=1.5086 mi=0.1003 dn=0.0000 v13=0.0012 grl=0.1098 v15=0.0000 v15r=0.0000 v16=0.0000 v17=0.0000 v18=0.0000 acc=0.8000 lr=3.00e-04 lambda=0.000 grl_lambda=0.232 v18_lambda=0.000 gpu=3.0/11.8GB
[23:55:00] [train] ep=05 step=040/40 ce=2.9754 sc=1.5307 mi=0.0984 dn=0.0000 v13=0.0012 grl=0.1049 v15=0.0000 v15r=0.0000 v16=0.0000 v17=0.0000 v18=0.0000 acc=0.8047 lr=3.00e-04 lambda=0.000 grl_lambda=0.244 v18_lambda=0.000 gpu=3.0/11.8GB
[23:55:11] [ep_summary] ep=05/100 val_live=0.8086/0.8027 val_ema=0.1914/0.0954 test77_live=0.5000/0.4009 test77_diag_ema=0.1511/0.0561 v13=0.0012 grl=0.1049 v15=0.0000 v15r=0.0000 v16=0.0000 v17=0.0000 v18=0.0000 das=fixed_narrow[10,30] p=1.00 ep_time=33.9s
[23:55:11] [save] best_sourceval_ema val_acc_ema=0.1914 source_val_live=0.8086/0.8027 source_val_ema=0.1914/0.0954 ep=5
[23:55:11] [train] epoch 6/100 steps=40 use_dann=0 das=fixed_narrow f=[10.0,30.0] p=1.00 gpu=3.0/11.8GB
[23:55:11] [train] ep=06 step=001/40 ce=4.8057 sc=2.1298 mi=0.0846 dn=0.0000 v13=0.0007 grl=0.0675 v15=0.0000 v15r=0.0000 v16=0.0000 v17=0.0000 v18=0.0000 acc=0.5625 lr=3.00e-04 lambda=0.000 grl_lambda=0.245 v18_lambda=0.000 gpu=3.0/11.8GB
[23:55:17] [train] ep=06 step=010/40 ce=2.9075 sc=1.5093 mi=0.0911 dn=0.0000 v13=0.0010 grl=0.1034 v15=0.0000 v15r=0.0000 v16=0.0000 v17=0.0000 v18=0.0000 acc=0.8063 lr=3.00e-04 lambda=0.000 grl_lambda=0.255 v18_lambda=0.000 gpu=3.0/11.8GB
[23:55:22] [train] ep=06 step=020/40 ce=2.4730 sc=1.5464 mi=0.0892 dn=0.0000 v13=0.0010 grl=0.0957 v15=0.0000 v15r=0.0000 v16=0.0000 v17=0.0000 v18=0.0000 acc=0.8469 lr=3.00e-04 lambda=0.000 grl_lambda=0.267 v18_lambda=0.000 gpu=3.0/11.8GB
[23:55:28] [train] ep=06 step=030/40 ce=2.3982 sc=1.4952 mi=0.0896 dn=0.0000 v13=0.0010 grl=0.0938 v15=0.0000 v15r=0.0000 v16=0.0000 v17=0.0000 v18=0.0000 acc=0.8542 lr=2.99e-04 lambda=0.000 grl_lambda=0.279 v18_lambda=0.000 gpu=3.0/11.8GB
[23:55:34] [train] ep=06 step=040/40 ce=2.3434 sc=1.4273 mi=0.0884 dn=0.0000 v13=0.0010 grl=0.0894 v15=0.0000 v15r=0.0000 v16=0.0000 v17=0.0000 v18=0.0000 acc=0.8531 lr=2.99e-04 lambda=0.000 grl_lambda=0.290 v18_lambda=0.000 gpu=3.0/11.8GB
[23:55:45] [ep_summary] ep=06/100 val_live=0.8889/0.8828 val_ema=0.2160/0.1403 test77_live=0.4424/0.3381 test77_diag_ema=0.1367/0.0360 v13=0.0010 grl=0.0894 v15=0.0000 v15r=0.0000 v16=0.0000 v17=0.0000 v18=0.0000 das=fixed_narrow[10,30] p=1.00 ep_time=34.0s
[23:55:45] [save] best_sourceval_ema val_acc_ema=0.2160 source_val_live=0.8889/0.8828 source_val_ema=0.2160/0.1403 ep=6
[23:55:45] [train] epoch 7/100 steps=40 use_dann=0 das=fixed_narrow f=[10.0,30.0] p=1.00 gpu=3.0/11.8GB
[23:55:45] [train] ep=07 step=001/40 ce=2.2378 sc=0.9196 mi=0.0857 dn=0.0000 v13=0.0005 grl=0.0542 v15=0.0000 v15r=0.0000 v16=0.0000 v17=0.0000 v18=0.0000 acc=0.8125 lr=2.99e-04 lambda=0.000 grl_lambda=0.291 v18_lambda=0.000 gpu=3.0/11.8GB
[23:55:51] [train] ep=07 step=010/40 ce=2.1931 sc=1.2493 mi=0.0811 dn=0.0000 v13=0.0008 grl=0.0671 v15=0.0000 v15r=0.0000 v16=0.0000 v17=0.0000 v18=0.0000 acc=0.8750 lr=2.99e-04 lambda=0.000 grl_lambda=0.302 v18_lambda=0.000 gpu=3.0/11.8GB
[23:55:57] [train] ep=07 step=020/40 ce=2.2000 sc=1.2843 mi=0.0819 dn=0.0000 v13=0.0009 grl=0.0688 v15=0.0000 v15r=0.0000 v16=0.0000 v17=0.0000 v18=0.0000 acc=0.8688 lr=2.99e-04 lambda=0.000 grl_lambda=0.313 v18_lambda=0.000 gpu=3.0/11.8GB
[23:56:02] [train] ep=07 step=030/40 ce=2.1304 sc=1.3006 mi=0.0795 dn=0.0000 v13=0.0008 grl=0.0677 v15=0.0000 v15r=0.0000 v16=0.0000 v17=0.0000 v18=0.0000 acc=0.8708 lr=2.99e-04 lambda=0.000 grl_lambda=0.324 v18_lambda=0.000 gpu=3.0/11.8GB
[23:56:08] [train] ep=07 step=040/40 ce=2.0438 sc=1.2637 mi=0.0789 dn=0.0000 v13=0.0008 grl=0.0731 v15=0.0000 v15r=0.0000 v16=0.0000 v17=0.0000 v18=0.0000 acc=0.8844 lr=2.99e-04 lambda=0.000 grl_lambda=0.335 v18_lambda=0.000 gpu=3.0/11.8GB
[23:56:19] [ep_summary] ep=07/100 val_live=0.8889/0.8867 val_ema=0.2469/0.1836 test77_live=0.6151/0.5242 test77_diag_ema=0.1403/0.0361 v13=0.0008 grl=0.0731 v15=0.0000 v15r=0.0000 v16=0.0000 v17=0.0000 v18=0.0000 das=fixed_narrow[10,30] p=1.00 ep_time=33.9s
[23:56:19] [save] best_sourceval_ema val_acc_ema=0.2469 source_val_live=0.8889/0.8867 source_val_ema=0.2469/0.1836 ep=7
[23:56:19] [train] epoch 8/100 steps=40 use_dann=0 das=fixed_narrow f=[10.0,30.0] p=1.00 gpu=3.0/11.8GB
[23:56:19] [train] ep=08 step=001/40 ce=0.7303 sc=0.7312 mi=0.0881 dn=0.0000 v13=0.0005 grl=0.1036 v15=0.0000 v15r=0.0000 v16=0.0000 v17=0.0000 v18=0.0000 acc=1.0000 lr=2.99e-04 lambda=0.000 grl_lambda=0.336 v18_lambda=0.000 gpu=3.0/11.8GB
[23:56:25] [train] ep=08 step=010/40 ce=1.9632 sc=1.3230 mi=0.0872 dn=0.0000 v13=0.0009 grl=0.0944 v15=0.0000 v15r=0.0000 v16=0.0000 v17=0.0000 v18=0.0000 acc=0.8875 lr=2.99e-04 lambda=0.000 grl_lambda=0.346 v18_lambda=0.000 gpu=3.0/11.8GB
[23:56:30] [train] ep=08 step=020/40 ce=2.0983 sc=1.3390 mi=0.0839 dn=0.0000 v13=0.0009 grl=0.0907 v15=0.0000 v15r=0.0000 v16=0.0000 v17=0.0000 v18=0.0000 acc=0.8750 lr=2.98e-04 lambda=0.000 grl_lambda=0.357 v18_lambda=0.000 gpu=3.0/11.8GB
[23:56:36] [train] ep=08 step=030/40 ce=1.9279 sc=1.2756 mi=0.0828 dn=0.0000 v13=0.0008 grl=0.0922 v15=0.0000 v15r=0.0000 v16=0.0000 v17=0.0000 v18=0.0000 acc=0.8854 lr=2.98e-04 lambda=0.000 grl_lambda=0.368 v18_lambda=0.000 gpu=3.0/11.8GB
[23:56:42] [train] ep=08 step=040/40 ce=1.7452 sc=1.2100 mi=0.0800 dn=0.0000 v13=0.0009 grl=0.0871 v15=0.0000 v15r=0.0000 v16=0.0000 v17=0.0000 v18=0.0000 acc=0.9016 lr=2.98e-04 lambda=0.000 grl_lambda=0.379 v18_lambda=0.000 gpu=3.0/11.8GB
[23:56:53] [ep_summary] ep=08/100 val_live=0.9321/0.9347 val_ema=0.2531/0.1958 test77_live=0.6331/0.5506 test77_diag_ema=0.1403/0.0355 v13=0.0009 grl=0.0871 v15=0.0000 v15r=0.0000 v16=0.0000 v17=0.0000 v18=0.0000 das=fixed_narrow[10,30] p=1.00 ep_time=33.8s
[23:56:53] [save] best_sourceval_ema val_acc_ema=0.2531 source_val_live=0.9321/0.9347 source_val_ema=0.2531/0.1958 ep=8
[23:56:53] [train] epoch 9/100 steps=40 use_dann=0 das=fixed_narrow f=[10.0,30.0] p=1.00 gpu=3.0/11.8GB
[23:56:53] [train] ep=09 step=001/40 ce=1.8291 sc=0.9058 mi=0.0749 dn=0.0000 v13=0.0007 grl=0.1041 v15=0.0000 v15r=0.0000 v16=0.0000 v17=0.0000 v18=0.0000 acc=0.9375 lr=2.98e-04 lambda=0.000 grl_lambda=0.380 v18_lambda=0.000 gpu=3.0/11.8GB
[23:56:58] [train] ep=09 step=010/40 ce=1.6187 sc=1.1254 mi=0.0746 dn=0.0000 v13=0.0008 grl=0.0754 v15=0.0000 v15r=0.0000 v16=0.0000 v17=0.0000 v18=0.0000 acc=0.9250 lr=2.98e-04 lambda=0.000 grl_lambda=0.390 v18_lambda=0.000 gpu=3.0/11.8GB
[23:57:04] [train] ep=09 step=020/40 ce=1.4491 sc=1.0809 mi=0.0756 dn=0.0000 v13=0.0008 grl=0.0774 v15=0.0000 v15r=0.0000 v16=0.0000 v17=0.0000 v18=0.0000 acc=0.9344 lr=2.98e-04 lambda=0.000 grl_lambda=0.400 v18_lambda=0.000 gpu=3.0/11.8GB
[23:57:10] [train] ep=09 step=030/40 ce=1.3924 sc=1.1202 mi=0.0763 dn=0.0000 v13=0.0008 grl=0.0771 v15=0.0000 v15r=0.0000 v16=0.0000 v17=0.0000 v18=0.0000 acc=0.9313 lr=2.97e-04 lambda=0.000 grl_lambda=0.411 v18_lambda=0.000 gpu=3.0/11.8GB
[23:57:16] [train] ep=09 step=040/40 ce=1.3680 sc=1.1458 mi=0.0771 dn=0.0000 v13=0.0008 grl=0.0785 v15=0.0000 v15r=0.0000 v16=0.0000 v17=0.0000 v18=0.0000 acc=0.9313 lr=2.97e-04 lambda=0.000 grl_lambda=0.421 v18_lambda=0.000 gpu=3.0/11.8GB
[23:57:26] [ep_summary] ep=09/100 val_live=0.9074/0.9028 val_ema=0.2531/0.2000 test77_live=0.7230/0.6804 test77_diag_ema=0.1403/0.0354 v13=0.0008 grl=0.0785 v15=0.0000 v15r=0.0000 v16=0.0000 v17=0.0000 v18=0.0000 das=fixed_narrow[10,30] p=1.00 ep_time=33.8s
[23:57:26] [train] epoch 10/100 steps=40 use_dann=0 das=fixed_narrow f=[10.0,30.0] p=1.00 gpu=3.0/11.8GB
[23:57:27] [train] ep=10 step=001/40 ce=1.3424 sc=0.6435 mi=0.0730 dn=0.0000 v13=0.0009 grl=0.1057 v15=0.0000 v15r=0.0000 v16=0.0000 v17=0.0000 v18=0.0000 acc=0.9375 lr=2.97e-04 lambda=0.000 grl_lambda=0.422 v18_lambda=0.000 gpu=3.0/11.8GB
[23:57:32] [train] ep=10 step=010/40 ce=1.3335 sc=1.0662 mi=0.0711 dn=0.0000 v13=0.0010 grl=0.0816 v15=0.0000 v15r=0.0000 v16=0.0000 v17=0.0000 v18=0.0000 acc=0.9125 lr=2.97e-04 lambda=0.000 grl_lambda=0.431 v18_lambda=0.000 gpu=3.0/11.8GB
[23:57:38] [train] ep=10 step=020/40 ce=1.3427 sc=1.1010 mi=0.0715 dn=0.0000 v13=0.0010 grl=0.0876 v15=0.0000 v15r=0.0000 v16=0.0000 v17=0.0000 v18=0.0000 acc=0.9187 lr=2.97e-04 lambda=0.000 grl_lambda=0.441 v18_lambda=0.000 gpu=3.0/11.8GB
[23:57:44] [train] ep=10 step=030/40 ce=1.1985 sc=1.0240 mi=0.0720 dn=0.0000 v13=0.0010 grl=0.0847 v15=0.0000 v15r=0.0000 v16=0.0000 v17=0.0000 v18=0.0000 acc=0.9333 lr=2.96e-04 lambda=0.000 grl_lambda=0.451 v18_lambda=0.000 gpu=3.0/11.8GB
[23:57:50] [train] ep=10 step=040/40 ce=1.1646 sc=1.0557 mi=0.0717 dn=0.0000 v13=0.0009 grl=0.0809 v15=0.0000 v15r=0.0000 v16=0.0000 v17=0.0000 v18=0.0000 acc=0.9359 lr=2.96e-04 lambda=0.000 grl_lambda=0.461 v18_lambda=0.000 gpu=3.0/11.8GB
[23:58:00] [pool] check ep=010/100 source_val_acc_ema=0.2716 threshold=0.90
[23:58:00] [pool] ep=010 SKIP (source_val_acc_ema=0.2716 < 0.90)
[23:58:00] [ep_summary] ep=10/100 val_live=0.9198/0.9173 val_ema=0.2716/0.2185 test77_live=0.8058/0.7931 test77_diag_ema=0.1403/0.0353 v13=0.0009 grl=0.0809 v15=0.0000 v15r=0.0000 v16=0.0000 v17=0.0000 v18=0.0000 das=fixed_narrow[10,30] p=1.00 ep_time=33.9s
[23:58:00] [save] best_sourceval_ema val_acc_ema=0.2716 source_val_live=0.9198/0.9173 source_val_ema=0.2716/0.2185 ep=10
[23:58:00] [strict77_monitor] ep=10 best_source_epoch=10 source_val_ema=0.2716/0.2185 test77_ema_diag=0.1403/0.0353 sourcequalified_count=0
[23:58:00] [train] epoch 11/100 steps=40 use_dann=0 das=fixed_narrow f=[10.0,30.0] p=1.00 gpu=3.0/11.8GB
[23:58:01] [train] ep=11 step=001/40 ce=1.0024 sc=1.1659 mi=0.0645 dn=0.0000 v13=0.0008 grl=0.1055 v15=0.0000 v15r=0.0000 v16=0.0000 v17=0.0000 v18=0.0000 acc=0.9375 lr=2.96e-04 lambda=0.000 grl_lambda=0.462 v18_lambda=0.000 gpu=3.0/11.8GB
[23:58:06] [train] ep=11 step=010/40 ce=0.8077 sc=1.0442 mi=0.0712 dn=0.0000 v13=0.0008 grl=0.0733 v15=0.0000 v15r=0.0000 v16=0.0000 v17=0.0000 v18=0.0000 acc=0.9688 lr=2.96e-04 lambda=0.000 grl_lambda=0.471 v18_lambda=0.000 gpu=3.0/11.8GB
[23:58:12] [train] ep=11 step=020/40 ce=0.8621 sc=0.9986 mi=0.0711 dn=0.0000 v13=0.0007 grl=0.0745 v15=0.0000 v15r=0.0000 v16=0.0000 v17=0.0000 v18=0.0000 acc=0.9656 lr=2.96e-04 lambda=0.000 grl_lambda=0.481 v18_lambda=0.000 gpu=3.0/11.8GB
[23:58:18] [train] ep=11 step=030/40 ce=0.8488 sc=0.9869 mi=0.0712 dn=0.0000 v13=0.0008 grl=0.0836 v15=0.0000 v15r=0.0000 v16=0.0000 v17=0.0000 v18=0.0000 acc=0.9625 lr=2.95e-04 lambda=0.000 grl_lambda=0.490 v18_lambda=0.000 gpu=3.0/11.8GB
[23:58:24] [train] ep=11 step=040/40 ce=0.8758 sc=0.9953 mi=0.0708 dn=0.0000 v13=0.0008 grl=0.0832 v15=0.0000 v15r=0.0000 v16=0.0000 v17=0.0000 v18=0.0000 acc=0.9609 lr=2.95e-04 lambda=0.000 grl_lambda=0.500 v18_lambda=0.000 gpu=3.0/11.8GB
[23:58:34] [ep_summary] ep=11/100 val_live=0.9506/0.9513 val_ema=0.3086/0.2654 test77_live=0.7266/0.6884 test77_diag_ema=0.1403/0.0352 v13=0.0008 grl=0.0832 v15=0.0000 v15r=0.0000 v16=0.0000 v17=0.0000 v18=0.0000 das=fixed_narrow[10,30] p=1.00 ep_time=33.8s
[23:58:34] [save] best_sourceval_ema val_acc_ema=0.3086 source_val_live=0.9506/0.9513 source_val_ema=0.3086/0.2654 ep=11
[23:58:34] [train] epoch 12/100 steps=40 use_dann=0 das=fixed_narrow f=[10.0,30.0] p=1.00 gpu=3.0/11.8GB
[23:58:35] [train] ep=12 step=001/40 ce=1.2644 sc=0.9215 mi=0.0615 dn=0.0000 v13=0.0007 grl=0.0626 v15=0.0000 v15r=0.0000 v16=0.0000 v17=0.0000 v18=0.0000 acc=0.9375 lr=2.95e-04 lambda=0.000 grl_lambda=0.501 v18_lambda=0.000 gpu=3.0/11.8GB
[23:58:40] [train] ep=12 step=010/40 ce=1.0070 sc=0.9956 mi=0.0658 dn=0.0000 v13=0.0006 grl=0.0820 v15=0.0000 v15r=0.0000 v16=0.0000 v17=0.0000 v18=0.0000 acc=0.9625 lr=2.95e-04 lambda=0.000 grl_lambda=0.509 v18_lambda=0.000 gpu=3.0/11.8GB
[23:58:46] [train] ep=12 step=020/40 ce=0.8383 sc=0.9143 mi=0.0708 dn=0.0000 v13=0.0006 grl=0.0846 v15=0.0000 v15r=0.0000 v16=0.0000 v17=0.0000 v18=0.0000 acc=0.9750 lr=2.94e-04 lambda=0.000 grl_lambda=0.518 v18_lambda=0.000 gpu=3.0/11.8GB
[23:58:52] [train] ep=12 step=030/40 ce=0.8375 sc=0.9495 mi=0.0699 dn=0.0000 v13=0.0007 grl=0.0827 v15=0.0000 v15r=0.0000 v16=0.0000 v17=0.0000 v18=0.0000 acc=0.9771 lr=2.94e-04 lambda=0.000 grl_lambda=0.527 v18_lambda=0.000 gpu=3.0/11.8GB
[23:58:57] [train] ep=12 step=040/40 ce=0.8241 sc=0.9058 mi=0.0690 dn=0.0000 v13=0.0007 grl=0.0804 v15=0.0000 v15r=0.0000 v16=0.0000 v17=0.0000 v18=0.0000 acc=0.9750 lr=2.94e-04 lambda=0.000 grl_lambda=0.536 v18_lambda=0.000 gpu=3.0/11.8GB
[23:59:08] [ep_summary] ep=12/100 val_live=0.9506/0.9508 val_ema=0.3210/0.2799 test77_live=0.7446/0.7092 test77_diag_ema=0.1403/0.0352 v13=0.0007 grl=0.0804 v15=0.0000 v15r=0.0000 v16=0.0000 v17=0.0000 v18=0.0000 das=fixed_narrow[10,30] p=1.00 ep_time=33.9s
[23:59:08] [save] best_sourceval_ema val_acc_ema=0.3210 source_val_live=0.9506/0.9508 source_val_ema=0.3210/0.2799 ep=12
[23:59:08] [train] epoch 13/100 steps=40 use_dann=0 das=fixed_narrow f=[10.0,30.0] p=1.00 gpu=3.0/11.8GB
[23:59:09] [train] ep=13 step=001/40 ce=0.3084 sc=0.7619 mi=0.0673 dn=0.0000 v13=0.0006 grl=0.0711 v15=0.0000 v15r=0.0000 v16=0.0000 v17=0.0000 v18=0.0000 acc=1.0000 lr=2.94e-04 lambda=0.000 grl_lambda=0.537 v18_lambda=0.000 gpu=3.0/11.8GB
[23:59:14] [train] ep=13 step=010/40 ce=0.6143 sc=0.6954 mi=0.0675 dn=0.0000 v13=0.0007 grl=0.0703 v15=0.0000 v15r=0.0000 v16=0.0000 v17=0.0000 v18=0.0000 acc=0.9750 lr=2.93e-04 lambda=0.000 grl_lambda=0.545 v18_lambda=0.000 gpu=3.0/11.8GB
[23:59:20] [train] ep=13 step=020/40 ce=0.7332 sc=0.8158 mi=0.0686 dn=0.0000 v13=0.0007 grl=0.0716 v15=0.0000 v15r=0.0000 v16=0.0000 v17=0.0000 v18=0.0000 acc=0.9719 lr=2.93e-04 lambda=0.000 grl_lambda=0.554 v18_lambda=0.000 gpu=3.0/11.8GB
[23:59:25] [train] ep=13 step=030/40 ce=0.7441 sc=0.9067 mi=0.0684 dn=0.0000 v13=0.0007 grl=0.0755 v15=0.0000 v15r=0.0000 v16=0.0000 v17=0.0000 v18=0.0000 acc=0.9708 lr=2.93e-04 lambda=0.000 grl_lambda=0.562 v18_lambda=0.000 gpu=3.0/11.8GB
[23:59:31] [train] ep=13 step=040/40 ce=0.6857 sc=0.8992 mi=0.0684 dn=0.0000 v13=0.0007 grl=0.0740 v15=0.0000 v15r=0.0000 v16=0.0000 v17=0.0000 v18=0.0000 acc=0.9750 lr=2.92e-04 lambda=0.000 grl_lambda=0.571 v18_lambda=0.000 gpu=3.0/11.8GB
[23:59:42] [ep_summary] ep=13/100 val_live=0.9630/0.9635 val_ema=0.3765/0.3560 test77_live=0.6942/0.6442 test77_diag_ema=0.1403/0.0352 v13=0.0007 grl=0.0740 v15=0.0000 v15r=0.0000 v16=0.0000 v17=0.0000 v18=0.0000 das=fixed_narrow[10,30] p=1.00 ep_time=33.7s
[23:59:42] [save] best_sourceval_ema val_acc_ema=0.3765 source_val_live=0.9630/0.9635 source_val_ema=0.3765/0.3560 ep=13
[23:59:42] [train] epoch 14/100 steps=40 use_dann=0 das=fixed_narrow f=[10.0,30.0] p=1.00 gpu=3.0/11.8GB
[23:59:42] [train] ep=14 step=001/40 ce=0.4620 sc=0.6499 mi=0.0615 dn=0.0000 v13=0.0006 grl=0.0489 v15=0.0000 v15r=0.0000 v16=0.0000 v17=0.0000 v18=0.0000 acc=1.0000 lr=2.92e-04 lambda=0.000 grl_lambda=0.572 v18_lambda=0.000 gpu=3.0/11.8GB
[23:59:48] [train] ep=14 step=010/40 ce=0.7458 sc=0.7904 mi=0.0659 dn=0.0000 v13=0.0006 grl=0.0730 v15=0.0000 v15r=0.0000 v16=0.0000 v17=0.0000 v18=0.0000 acc=0.9750 lr=2.92e-04 lambda=0.000 grl_lambda=0.579 v18_lambda=0.000 gpu=3.0/11.8GB
[23:59:53] [train] ep=14 step=020/40 ce=0.6874 sc=0.8300 mi=0.0664 dn=0.0000 v13=0.0006 grl=0.0768 v15=0.0000 v15r=0.0000 v16=0.0000 v17=0.0000 v18=0.0000 acc=0.9750 lr=2.91e-04 lambda=0.000 grl_lambda=0.587 v18_lambda=0.000 gpu=3.0/11.8GB
[23:59:59] [train] ep=14 step=030/40 ce=0.6842 sc=0.8630 mi=0.0660 dn=0.0000 v13=0.0007 grl=0.0782 v15=0.0000 v15r=0.0000 v16=0.0000 v17=0.0000 v18=0.0000 acc=0.9750 lr=2.91e-04 lambda=0.000 grl_lambda=0.596 v18_lambda=0.000 gpu=3.0/11.8GB
[00:00:05] [train] ep=14 step=040/40 ce=0.6991 sc=0.8579 mi=0.0655 dn=0.0000 v13=0.0007 grl=0.0792 v15=0.0000 v15r=0.0000 v16=0.0000 v17=0.0000 v18=0.0000 acc=0.9734 lr=2.91e-04 lambda=0.000 grl_lambda=0.604 v18_lambda=0.000 gpu=3.0/11.8GB
[00:00:16] [ep_summary] ep=14/100 val_live=0.9691/0.9695 val_ema=0.4444/0.4323 test77_live=0.7590/0.7359 test77_diag_ema=0.1403/0.0352 v13=0.0007 grl=0.0792 v15=0.0000 v15r=0.0000 v16=0.0000 v17=0.0000 v18=0.0000 das=fixed_narrow[10,30] p=1.00 ep_time=33.8s
[00:00:16] [save] best_sourceval_ema val_acc_ema=0.4444 source_val_live=0.9691/0.9695 source_val_ema=0.4444/0.4323 ep=14
[00:00:16] [train] epoch 15/100 steps=40 use_dann=0 das=fixed_narrow f=[10.0,30.0] p=1.00 gpu=3.0/11.8GB
[00:00:16] [train] ep=15 step=001/40 ce=0.5862 sc=1.1899 mi=0.0659 dn=0.0000 v13=0.0008 grl=0.0478 v15=0.0000 v15r=0.0000 v16=0.0000 v17=0.0000 v18=0.0000 acc=1.0000 lr=2.91e-04 lambda=0.000 grl_lambda=0.604 v18_lambda=0.000 gpu=3.0/11.8GB
[00:00:22] [train] ep=15 step=010/40 ce=0.8870 sc=0.9378 mi=0.0728 dn=0.0000 v13=0.0007 grl=0.0724 v15=0.0000 v15r=0.0000 v16=0.0000 v17=0.0000 v18=0.0000 acc=0.9563 lr=2.90e-04 lambda=0.000 grl_lambda=0.611 v18_lambda=0.000 gpu=3.0/11.8GB
[00:00:27] [train] ep=15 step=020/40 ce=0.9655 sc=0.8977 mi=0.0698 dn=0.0000 v13=0.0008 grl=0.0763 v15=0.0000 v15r=0.0000 v16=0.0000 v17=0.0000 v18=0.0000 acc=0.9469 lr=2.90e-04 lambda=0.000 grl_lambda=0.619 v18_lambda=0.000 gpu=3.0/11.8GB
[00:00:33] [train] ep=15 step=030/40 ce=0.9899 sc=0.9245 mi=0.0697 dn=0.0000 v13=0.0008 grl=0.0805 v15=0.0000 v15r=0.0000 v16=0.0000 v17=0.0000 v18=0.0000 acc=0.9479 lr=2.89e-04 lambda=0.000 grl_lambda=0.627 v18_lambda=0.000 gpu=3.0/11.8GB
[00:00:39] [train] ep=15 step=040/40 ce=0.9280 sc=0.9066 mi=0.0683 dn=0.0000 v13=0.0008 grl=0.0791 v15=0.0000 v15r=0.0000 v16=0.0000 v17=0.0000 v18=0.0000 acc=0.9547 lr=2.89e-04 lambda=0.000 grl_lambda=0.634 v18_lambda=0.000 gpu=3.0/11.8GB
[00:00:49] [ep_summary] ep=15/100 val_live=0.9568/0.9565 val_ema=0.5062/0.4881 test77_live=0.7590/0.7361 test77_diag_ema=0.1403/0.0352 v13=0.0008 grl=0.0791 v15=0.0000 v15r=0.0000 v16=0.0000 v17=0.0000 v18=0.0000 das=fixed_narrow[10,30] p=1.00 ep_time=33.9s
[00:00:50] [save] best_sourceval_ema val_acc_ema=0.5062 source_val_live=0.9568/0.9565 source_val_ema=0.5062/0.4881 ep=15
[00:00:50] [train] epoch 16/100 steps=40 use_dann=0 das=fixed_narrow f=[10.0,30.0] p=1.00 gpu=3.0/11.8GB
[00:00:50] [train] ep=16 step=001/40 ce=0.3069 sc=0.7636 mi=0.0644 dn=0.0000 v13=0.0008 grl=0.0845 v15=0.0000 v15r=0.0000 v16=0.0000 v17=0.0000 v18=0.0000 acc=1.0000 lr=2.89e-04 lambda=0.000 grl_lambda=0.635 v18_lambda=0.000 gpu=3.0/11.8GB
[00:00:55] [train] ep=16 step=010/40 ce=0.6818 sc=1.0456 mi=0.0656 dn=0.0000 v13=0.0006 grl=0.0945 v15=0.0000 v15r=0.0000 v16=0.0000 v17=0.0000 v18=0.0000 acc=0.9750 lr=2.88e-04 lambda=0.000 grl_lambda=0.642 v18_lambda=0.000 gpu=3.0/11.8GB
[00:01:01] [train] ep=16 step=020/40 ce=0.6582 sc=1.0552 mi=0.0671 dn=0.0000 v13=0.0006 grl=0.0798 v15=0.0000 v15r=0.0000 v16=0.0000 v17=0.0000 v18=0.0000 acc=0.9781 lr=2.88e-04 lambda=0.000 grl_lambda=0.649 v18_lambda=0.000 gpu=3.0/11.8GB
[00:01:07] [train] ep=16 step=030/40 ce=0.5933 sc=0.9960 mi=0.0662 dn=0.0000 v13=0.0006 grl=0.0763 v15=0.0000 v15r=0.0000 v16=0.0000 v17=0.0000 v18=0.0000 acc=0.9812 lr=2.87e-04 lambda=0.000 grl_lambda=0.656 v18_lambda=0.000 gpu=3.0/11.8GB
[00:01:13] [train] ep=16 step=040/40 ce=0.6692 sc=1.0047 mi=0.0671 dn=0.0000 v13=0.0006 grl=0.0777 v15=0.0000 v15r=0.0000 v16=0.0000 v17=0.0000 v18=0.0000 acc=0.9781 lr=2.87e-04 lambda=0.000 grl_lambda=0.663 v18_lambda=0.000 gpu=3.0/11.8GB
[00:01:24] [ep_summary] ep=16/100 val_live=0.9753/0.9757 val_ema=0.5556/0.5360 test77_live=0.7662/0.7130 test77_diag_ema=0.1403/0.0352 v13=0.0006 grl=0.0777 v15=0.0000 v15r=0.0000 v16=0.0000 v17=0.0000 v18=0.0000 das=fixed_narrow[10,30] p=1.00 ep_time=34.0s
[00:01:24] [save] best_sourceval_ema val_acc_ema=0.5556 source_val_live=0.9753/0.9757 source_val_ema=0.5556/0.5360 ep=16
[00:01:24] [train] epoch 17/100 steps=40 use_dann=0 das=fixed_narrow f=[10.0,30.0] p=1.00 gpu=3.0/11.8GB
[00:01:24] [train] ep=17 step=001/40 ce=0.3073 sc=0.6660 mi=0.0583 dn=0.0000 v13=0.0006 grl=0.0598 v15=0.0000 v15r=0.0000 v16=0.0000 v17=0.0000 v18=0.0000 acc=1.0000 lr=2.87e-04 lambda=0.000 grl_lambda=0.664 v18_lambda=0.000 gpu=3.0/11.8GB
[00:01:29] [train] ep=17 step=010/40 ce=0.7238 sc=0.8874 mi=0.0614 dn=0.0000 v13=0.0007 grl=0.0686 v15=0.0000 v15r=0.0000 v16=0.0000 v17=0.0000 v18=0.0000 acc=0.9625 lr=2.86e-04 lambda=0.000 grl_lambda=0.670 v18_lambda=0.000 gpu=3.0/11.8GB
[00:01:35] [train] ep=17 step=020/40 ce=0.6927 sc=0.8925 mi=0.0628 dn=0.0000 v13=0.0007 grl=0.0845 v15=0.0000 v15r=0.0000 v16=0.0000 v17=0.0000 v18=0.0000 acc=0.9688 lr=2.86e-04 lambda=0.000 grl_lambda=0.677 v18_lambda=0.000 gpu=3.0/11.8GB
[00:01:41] [train] ep=17 step=030/40 ce=0.6790 sc=0.8962 mi=0.0628 dn=0.0000 v13=0.0008 grl=0.0839 v15=0.0000 v15r=0.0000 v16=0.0000 v17=0.0000 v18=0.0000 acc=0.9708 lr=2.85e-04 lambda=0.000 grl_lambda=0.684 v18_lambda=0.000 gpu=3.0/11.8GB
[00:01:47] [train] ep=17 step=040/40 ce=0.7459 sc=0.9149 mi=0.0634 dn=0.0000 v13=0.0008 grl=0.0841 v15=0.0000 v15r=0.0000 v16=0.0000 v17=0.0000 v18=0.0000 acc=0.9672 lr=2.85e-04 lambda=0.000 grl_lambda=0.690 v18_lambda=0.000 gpu=3.0/11.8GB
[00:01:57] [ep_summary] ep=17/100 val_live=0.9568/0.9574 val_ema=0.6111/0.5791 test77_live=0.7734/0.7291 test77_diag_ema=0.1403/0.0352 v13=0.0008 grl=0.0841 v15=0.0000 v15r=0.0000 v16=0.0000 v17=0.0000 v18=0.0000 das=fixed_narrow[10,30] p=1.00 ep_time=33.8s
[00:01:57] [save] best_sourceval_ema val_acc_ema=0.6111 source_val_live=0.9568/0.9574 source_val_ema=0.6111/0.5791 ep=17
[00:01:57] [train] epoch 18/100 steps=40 use_dann=0 das=fixed_narrow f=[10.0,30.0] p=1.00 gpu=3.0/11.8GB
[00:01:58] [train] ep=18 step=001/40 ce=0.3006 sc=0.9819 mi=0.0675 dn=0.0000 v13=0.0004 grl=0.0945 v15=0.0000 v15r=0.0000 v16=0.0000 v17=0.0000 v18=0.0000 acc=1.0000 lr=2.85e-04 lambda=0.000 grl_lambda=0.691 v18_lambda=0.000 gpu=3.0/11.8GB
[00:02:03] [train] ep=18 step=010/40 ce=0.6854 sc=0.9445 mi=0.0670 dn=0.0000 v13=0.0009 grl=0.0801 v15=0.0000 v15r=0.0000 v16=0.0000 v17=0.0000 v18=0.0000 acc=0.9750 lr=2.84e-04 lambda=0.000 grl_lambda=0.697 v18_lambda=0.000 gpu=3.0/11.8GB
[00:02:09] [train] ep=18 step=020/40 ce=0.5862 sc=0.9041 mi=0.0657 dn=0.0000 v13=0.0009 grl=0.0793 v15=0.0000 v15r=0.0000 v16=0.0000 v17=0.0000 v18=0.0000 acc=0.9781 lr=2.84e-04 lambda=0.000 grl_lambda=0.703 v18_lambda=0.000 gpu=3.0/11.8GB
[00:02:15] [train] ep=18 step=030/40 ce=0.5122 sc=0.8936 mi=0.0651 dn=0.0000 v13=0.0008 grl=0.0845 v15=0.0000 v15r=0.0000 v16=0.0000 v17=0.0000 v18=0.0000 acc=0.9854 lr=2.83e-04 lambda=0.000 grl_lambda=0.710 v18_lambda=0.000 gpu=3.0/11.8GB
[00:02:21] [train] ep=18 step=040/40 ce=0.5328 sc=0.8927 mi=0.0650 dn=0.0000 v13=0.0008 grl=0.0853 v15=0.0000 v15r=0.0000 v16=0.0000 v17=0.0000 v18=0.0000 acc=0.9844 lr=2.83e-04 lambda=0.000 grl_lambda=0.716 v18_lambda=0.000 gpu=3.0/11.8GB
[00:02:31] [ep_summary] ep=18/100 val_live=0.9691/0.9695 val_ema=0.6543/0.6189 test77_live=0.7806/0.7376 test77_diag_ema=0.1403/0.0352 v13=0.0008 grl=0.0853 v15=0.0000 v15r=0.0000 v16=0.0000 v17=0.0000 v18=0.0000 das=fixed_narrow[10,30] p=1.00 ep_time=33.7s
[00:02:31] [save] best_sourceval_ema val_acc_ema=0.6543 source_val_live=0.9691/0.9695 source_val_ema=0.6543/0.6189 ep=18
[00:02:31] [train] epoch 19/100 steps=40 use_dann=0 das=fixed_narrow f=[10.0,30.0] p=1.00 gpu=3.0/11.8GB
[00:02:32] [train] ep=19 step=001/40 ce=0.2838 sc=0.5435 mi=0.0660 dn=0.0000 v13=0.0009 grl=0.0653 v15=0.0000 v15r=0.0000 v16=0.0000 v17=0.0000 v18=0.0000 acc=1.0000 lr=2.83e-04 lambda=0.000 grl_lambda=0.716 v18_lambda=0.000 gpu=3.0/11.8GB
[00:02:37] [train] ep=19 step=010/40 ce=0.8470 sc=1.0734 mi=0.0630 dn=0.0000 v13=0.0006 grl=0.0722 v15=0.0000 v15r=0.0000 v16=0.0000 v17=0.0000 v18=0.0000 acc=0.9688 lr=2.82e-04 lambda=0.000 grl_lambda=0.722 v18_lambda=0.000 gpu=3.0/11.8GB
[00:02:43] [train] ep=19 step=020/40 ce=0.6635 sc=0.9701 mi=0.0628 dn=0.0000 v13=0.0006 grl=0.0827 v15=0.0000 v15r=0.0000 v16=0.0000 v17=0.0000 v18=0.0000 acc=0.9781 lr=2.82e-04 lambda=0.000 grl_lambda=0.728 v18_lambda=0.000 gpu=3.0/11.8GB
[00:02:49] [train] ep=19 step=030/40 ce=0.6213 sc=0.9650 mi=0.0641 dn=0.0000 v13=0.0006 grl=0.0829 v15=0.0000 v15r=0.0000 v16=0.0000 v17=0.0000 v18=0.0000 acc=0.9812 lr=2.81e-04 lambda=0.000 grl_lambda=0.733 v18_lambda=0.000 gpu=3.0/11.8GB
[00:02:55] [train] ep=19 step=040/40 ce=0.6931 sc=0.9674 mi=0.0644 dn=0.0000 v13=0.0006 grl=0.0841 v15=0.0000 v15r=0.0000 v16=0.0000 v17=0.0000 v18=0.0000 acc=0.9703 lr=2.80e-04 lambda=0.000 grl_lambda=0.739 v18_lambda=0.000 gpu=3.0/11.8GB
[00:03:05] [ep_summary] ep=19/100 val_live=0.9568/0.9566 val_ema=0.6790/0.6414 test77_live=0.8849/0.8817 test77_diag_ema=0.1403/0.0352 v13=0.0006 grl=0.0841 v15=0.0000 v15r=0.0000 v16=0.0000 v17=0.0000 v18=0.0000 das=fixed_narrow[10,30] p=1.00 ep_time=33.8s
[00:03:05] [save] best_sourceval_ema val_acc_ema=0.6790 source_val_live=0.9568/0.9566 source_val_ema=0.6790/0.6414 ep=19
[00:03:05] [train] epoch 20/100 steps=40 use_dann=0 das=fixed_narrow f=[10.0,30.0] p=1.00 gpu=3.0/11.8GB
[00:03:06] [train] ep=20 step=001/40 ce=0.2898 sc=0.7516 mi=0.0593 dn=0.0000 v13=0.0006 grl=0.0602 v15=0.0000 v15r=0.0000 v16=0.0000 v17=0.0000 v18=0.0000 acc=1.0000 lr=2.80e-04 lambda=0.000 grl_lambda=0.740 v18_lambda=0.000 gpu=3.0/11.8GB
[00:03:11] [train] ep=20 step=010/40 ce=0.6606 sc=0.9457 mi=0.0683 dn=0.0000 v13=0.0007 grl=0.0832 v15=0.0000 v15r=0.0000 v16=0.0000 v17=0.0000 v18=0.0000 acc=0.9688 lr=2.80e-04 lambda=0.000 grl_lambda=0.745 v18_lambda=0.000 gpu=3.0/11.8GB
[00:03:17] [train] ep=20 step=020/40 ce=0.5940 sc=0.9223 mi=0.0656 dn=0.0000 v13=0.0006 grl=0.0845 v15=0.0000 v15r=0.0000 v16=0.0000 v17=0.0000 v18=0.0000 acc=0.9750 lr=2.79e-04 lambda=0.000 grl_lambda=0.750 v18_lambda=0.000 gpu=3.0/11.8GB
[00:03:23] [train] ep=20 step=030/40 ce=0.5651 sc=0.9208 mi=0.0648 dn=0.0000 v13=0.0006 grl=0.0862 v15=0.0000 v15r=0.0000 v16=0.0000 v17=0.0000 v18=0.0000 acc=0.9792 lr=2.79e-04 lambda=0.000 grl_lambda=0.756 v18_lambda=0.000 gpu=3.0/11.8GB
[00:03:28] [train] ep=20 step=040/40 ce=0.5198 sc=0.8908 mi=0.0641 dn=0.0000 v13=0.0006 grl=0.0837 v15=0.0000 v15r=0.0000 v16=0.0000 v17=0.0000 v18=0.0000 acc=0.9828 lr=2.78e-04 lambda=0.000 grl_lambda=0.761 v18_lambda=0.000 gpu=3.0/11.8GB
[00:03:39] [pool] check ep=020/100 source_val_acc_ema=0.7099 threshold=0.90
[00:03:39] [pool] ep=020 SKIP (source_val_acc_ema=0.7099 < 0.90)
[00:03:39] [ep_summary] ep=20/100 val_live=0.9568/0.9573 val_ema=0.7099/0.6693 test77_live=0.8633/0.8537 test77_diag_ema=0.1403/0.0352 v13=0.0006 grl=0.0837 v15=0.0000 v15r=0.0000 v16=0.0000 v17=0.0000 v18=0.0000 das=fixed_narrow[10,30] p=1.00 ep_time=33.8s
[00:03:39] [save] best_sourceval_ema val_acc_ema=0.7099 source_val_live=0.9568/0.9573 source_val_ema=0.7099/0.6693 ep=20
[00:03:39] [strict77_monitor] ep=20 best_source_epoch=20 source_val_ema=0.7099/0.6693 test77_ema_diag=0.1403/0.0352 sourcequalified_count=0
[00:03:39] [train] epoch 21/100 steps=40 use_dann=0 das=fixed_narrow f=[10.0,30.0] p=1.00 gpu=3.0/11.8GB
[00:03:39] [train] ep=21 step=001/40 ce=0.7365 sc=0.7285 mi=0.0646 dn=0.0000 v13=0.0011 grl=0.0802 v15=0.0000 v15r=0.0000 v16=0.0000 v17=0.0000 v18=0.0000 acc=0.9375 lr=2.78e-04 lambda=0.000 grl_lambda=0.762 v18_lambda=0.000 gpu=3.0/11.8GB
[00:03:45] [train] ep=21 step=010/40 ce=0.6357 sc=0.9694 mi=0.0654 dn=0.0000 v13=0.0007 grl=0.0895 v15=0.0000 v15r=0.0000 v16=0.0000 v17=0.0000 v18=0.0000 acc=0.9750 lr=2.77e-04 lambda=0.000 grl_lambda=0.766 v18_lambda=0.000 gpu=3.0/11.8GB
[00:03:51] [train] ep=21 step=020/40 ce=0.5249 sc=0.8976 mi=0.0651 dn=0.0000 v13=0.0007 grl=0.0867 v15=0.0000 v15r=0.0000 v16=0.0000 v17=0.0000 v18=0.0000 acc=0.9844 lr=2.77e-04 lambda=0.000 grl_lambda=0.771 v18_lambda=0.000 gpu=3.0/11.8GB
[00:03:56] [train] ep=21 step=030/40 ce=0.4829 sc=0.8358 mi=0.0644 dn=0.0000 v13=0.0007 grl=0.0854 v15=0.0000 v15r=0.0000 v16=0.0000 v17=0.0000 v18=0.0000 acc=0.9875 lr=2.76e-04 lambda=0.000 grl_lambda=0.776 v18_lambda=0.000 gpu=3.0/11.8GB
[00:04:02] [train] ep=21 step=040/40 ce=0.4697 sc=0.8390 mi=0.0642 dn=0.0000 v13=0.0007 grl=0.0851 v15=0.0000 v15r=0.0000 v16=0.0000 v17=0.0000 v18=0.0000 acc=0.9891 lr=2.75e-04 lambda=0.000 grl_lambda=0.781 v18_lambda=0.000 gpu=3.0/11.8GB
[00:04:13] [ep_summary] ep=21/100 val_live=0.9691/0.9699 val_ema=0.7222/0.6832 test77_live=0.8597/0.8510 test77_diag_ema=0.1403/0.0352 v13=0.0007 grl=0.0851 v15=0.0000 v15r=0.0000 v16=0.0000 v17=0.0000 v18=0.0000 das=fixed_narrow[10,30] p=1.00 ep_time=33.7s
[00:04:13] [save] best_sourceval_ema val_acc_ema=0.7222 source_val_live=0.9691/0.9699 source_val_ema=0.7222/0.6832 ep=21
[00:04:13] [train] epoch 22/100 steps=40 use_dann=0 das=fixed_narrow f=[10.0,30.0] p=1.00 gpu=3.0/11.8GB
[00:04:13] [train] ep=22 step=001/40 ce=0.9238 sc=0.6439 mi=0.0676 dn=0.0000 v13=0.0010 grl=0.1074 v15=0.0000 v15r=0.0000 v16=0.0000 v17=0.0000 v18=0.0000 acc=0.9375 lr=2.75e-04 lambda=0.000 grl_lambda=0.782 v18_lambda=0.000 gpu=3.0/11.8GB
[00:04:18] [train] ep=22 step=010/40 ce=0.5713 sc=0.8191 mi=0.0666 dn=0.0000 v13=0.0007 grl=0.0913 v15=0.0000 v15r=0.0000 v16=0.0000 v17=0.0000 v18=0.0000 acc=0.9812 lr=2.75e-04 lambda=0.000 grl_lambda=0.786 v18_lambda=0.000 gpu=3.0/11.8GB
[00:04:24] [train] ep=22 step=020/40 ce=0.5304 sc=0.8502 mi=0.0642 dn=0.0000 v13=0.0007 grl=0.0916 v15=0.0000 v15r=0.0000 v16=0.0000 v17=0.0000 v18=0.0000 acc=0.9844 lr=2.74e-04 lambda=0.000 grl_lambda=0.791 v18_lambda=0.000 gpu=3.0/11.8GB
[00:04:30] [train] ep=22 step=030/40 ce=0.5300 sc=0.8561 mi=0.0638 dn=0.0000 v13=0.0007 grl=0.0912 v15=0.0000 v15r=0.0000 v16=0.0000 v17=0.0000 v18=0.0000 acc=0.9854 lr=2.73e-04 lambda=0.000 grl_lambda=0.796 v18_lambda=0.000 gpu=3.0/11.8GB
[00:04:36] [train] ep=22 step=040/40 ce=0.5395 sc=0.8659 mi=0.0636 dn=0.0000 v13=0.0007 grl=0.0896 v15=0.0000 v15r=0.0000 v16=0.0000 v17=0.0000 v18=0.0000 acc=0.9828 lr=2.73e-04 lambda=0.000 grl_lambda=0.800 v18_lambda=0.000 gpu=3.0/11.8GB
[00:04:47] [ep_summary] ep=22/100 val_live=0.9753/0.9763 val_ema=0.7346/0.6969 test77_live=0.7698/0.7248 test77_diag_ema=0.1403/0.0352 v13=0.0007 grl=0.0896 v15=0.0000 v15r=0.0000 v16=0.0000 v17=0.0000 v18=0.0000 das=fixed_narrow[10,30] p=1.00 ep_time=34.3s
[00:04:47] [save] best_sourceval_ema val_acc_ema=0.7346 source_val_live=0.9753/0.9763 source_val_ema=0.7346/0.6969 ep=22
[00:04:47] [train] epoch 23/100 steps=40 use_dann=0 das=fixed_narrow f=[10.0,30.0] p=1.00 gpu=3.0/11.8GB
[00:04:48] [train] ep=23 step=001/40 ce=0.2878 sc=1.1217 mi=0.0635 dn=0.0000 v13=0.0009 grl=0.1623 v15=0.0000 v15r=0.0000 v16=0.0000 v17=0.0000 v18=0.0000 acc=1.0000 lr=2.72e-04 lambda=0.000 grl_lambda=0.800 v18_lambda=0.000 gpu=3.0/11.8GB
[00:04:53] [train] ep=23 step=010/40 ce=0.4810 sc=0.8863 mi=0.0643 dn=0.0000 v13=0.0006 grl=0.0966 v15=0.0000 v15r=0.0000 v16=0.0000 v17=0.0000 v18=0.0000 acc=0.9938 lr=2.72e-04 lambda=0.000 grl_lambda=0.805 v18_lambda=0.000 gpu=3.0/11.8GB
[00:04:59] [train] ep=23 step=020/40 ce=0.4747 sc=0.7679 mi=0.0630 dn=0.0000 v13=0.0005 grl=0.0879 v15=0.0000 v15r=0.0000 v16=0.0000 v17=0.0000 v18=0.0000 acc=0.9938 lr=2.71e-04 lambda=0.000 grl_lambda=0.809 v18_lambda=0.000 gpu=3.0/11.8GB
[00:05:05] [train] ep=23 step=030/40 ce=0.5168 sc=0.8251 mi=0.0629 dn=0.0000 v13=0.0006 grl=0.0943 v15=0.0000 v15r=0.0000 v16=0.0000 v17=0.0000 v18=0.0000 acc=0.9896 lr=2.70e-04 lambda=0.000 grl_lambda=0.813 v18_lambda=0.000 gpu=3.0/11.8GB
[00:05:11] [train] ep=23 step=040/40 ce=0.4824 sc=0.8111 mi=0.0633 dn=0.0000 v13=0.0005 grl=0.0900 v15=0.0000 v15r=0.0000 v16=0.0000 v17=0.0000 v18=0.0000 acc=0.9906 lr=2.70e-04 lambda=0.000 grl_lambda=0.817 v18_lambda=0.000 gpu=3.0/11.8GB
[00:05:21] [ep_summary] ep=23/100 val_live=0.9753/0.9757 val_ema=0.7407/0.7047 test77_live=0.7950/0.7803 test77_diag_ema=0.1403/0.0352 v13=0.0005 grl=0.0900 v15=0.0000 v15r=0.0000 v16=0.0000 v17=0.0000 v18=0.0000 das=fixed_narrow[10,30] p=1.00 ep_time=34.4s
[00:05:21] [save] best_sourceval_ema val_acc_ema=0.7407 source_val_live=0.9753/0.9757 source_val_ema=0.7407/0.7047 ep=23
[00:05:21] [train] epoch 24/100 steps=40 use_dann=0 das=fixed_narrow f=[10.0,30.0] p=1.00 gpu=3.0/11.8GB
[00:05:22] [train] ep=24 step=001/40 ce=0.3179 sc=0.7549 mi=0.0574 dn=0.0000 v13=0.0005 grl=0.1419 v15=0.0000 v15r=0.0000 v16=0.0000 v17=0.0000 v18=0.0000 acc=1.0000 lr=2.70e-04 lambda=0.000 grl_lambda=0.818 v18_lambda=0.000 gpu=3.0/11.8GB
[00:05:27] [train] ep=24 step=010/40 ce=0.5507 sc=0.8713 mi=0.0619 dn=0.0000 v13=0.0006 grl=0.1024 v15=0.0000 v15r=0.0000 v16=0.0000 v17=0.0000 v18=0.0000 acc=0.9750 lr=2.69e-04 lambda=0.000 grl_lambda=0.821 v18_lambda=0.000 gpu=3.0/11.8GB
[00:05:33] [train] ep=24 step=020/40 ce=0.5777 sc=0.8829 mi=0.0620 dn=0.0000 v13=0.0006 grl=0.0936 v15=0.0000 v15r=0.0000 v16=0.0000 v17=0.0000 v18=0.0000 acc=0.9750 lr=2.68e-04 lambda=0.000 grl_lambda=0.825 v18_lambda=0.000 gpu=3.0/11.8GB
[00:05:39] [train] ep=24 step=030/40 ce=0.5732 sc=0.8858 mi=0.0612 dn=0.0000 v13=0.0006 grl=0.0891 v15=0.0000 v15r=0.0000 v16=0.0000 v17=0.0000 v18=0.0000 acc=0.9792 lr=2.67e-04 lambda=0.000 grl_lambda=0.829 v18_lambda=0.000 gpu=3.0/11.8GB
[00:05:45] [train] ep=24 step=040/40 ce=0.5239 sc=0.8737 mi=0.0619 dn=0.0000 v13=0.0006 grl=0.0873 v15=0.0000 v15r=0.0000 v16=0.0000 v17=0.0000 v18=0.0000 acc=0.9844 lr=2.67e-04 lambda=0.000 grl_lambda=0.833 v18_lambda=0.000 gpu=3.0/11.8GB
[00:05:56] [ep_summary] ep=24/100 val_live=0.9383/0.9360 val_ema=0.7531/0.7159 test77_live=0.7986/0.7694 test77_diag_ema=0.1403/0.0352 v13=0.0006 grl=0.0873 v15=0.0000 v15r=0.0000 v16=0.0000 v17=0.0000 v18=0.0000 das=fixed_narrow[10,30] p=1.00 ep_time=34.3s
[00:05:56] [save] best_sourceval_ema val_acc_ema=0.7531 source_val_live=0.9383/0.9360 source_val_ema=0.7531/0.7159 ep=24
[00:05:56] [train] epoch 25/100 steps=40 use_dann=0 das=fixed_narrow f=[10.0,30.0] p=1.00 gpu=3.0/11.8GB
[00:05:56] [train] ep=25 step=001/40 ce=0.2694 sc=0.8555 mi=0.0644 dn=0.0000 v13=0.0005 grl=0.0443 v15=0.0000 v15r=0.0000 v16=0.0000 v17=0.0000 v18=0.0000 acc=1.0000 lr=2.67e-04 lambda=0.000 grl_lambda=0.834 v18_lambda=0.000 gpu=3.0/11.8GB
[00:06:02] [train] ep=25 step=010/40 ce=0.4020 sc=0.7817 mi=0.0610 dn=0.0000 v13=0.0006 grl=0.0734 v15=0.0000 v15r=0.0000 v16=0.0000 v17=0.0000 v18=0.0000 acc=0.9938 lr=2.66e-04 lambda=0.000 grl_lambda=0.837 v18_lambda=0.000 gpu=3.0/11.8GB
[00:06:08] [train] ep=25 step=020/40 ce=0.4385 sc=0.8360 mi=0.0621 dn=0.0000 v13=0.0007 grl=0.0807 v15=0.0000 v15r=0.0000 v16=0.0000 v17=0.0000 v18=0.0000 acc=0.9906 lr=2.65e-04 lambda=0.000 grl_lambda=0.841 v18_lambda=0.000 gpu=3.0/11.8GB
[00:06:14] [train] ep=25 step=030/40 ce=0.4310 sc=0.8118 mi=0.0609 dn=0.0000 v13=0.0007 grl=0.0777 v15=0.0000 v15r=0.0000 v16=0.0000 v17=0.0000 v18=0.0000 acc=0.9896 lr=2.64e-04 lambda=0.000 grl_lambda=0.844 v18_lambda=0.000 gpu=3.0/11.8GB
[00:06:19] [train] ep=25 step=040/40 ce=0.4437 sc=0.8217 mi=0.0614 dn=0.0000 v13=0.0007 grl=0.0851 v15=0.0000 v15r=0.0000 v16=0.0000 v17=0.0000 v18=0.0000 acc=0.9891 lr=2.64e-04 lambda=0.000 grl_lambda=0.848 v18_lambda=0.000 gpu=3.0/11.8GB
[00:06:30] [ep_summary] ep=25/100 val_live=0.9568/0.9565 val_ema=0.7593/0.7275 test77_live=0.8525/0.8424 test77_diag_ema=0.1475/0.0490 v13=0.0007 grl=0.0851 v15=0.0000 v15r=0.0000 v16=0.0000 v17=0.0000 v18=0.0000 das=fixed_narrow[10,30] p=1.00 ep_time=34.5s
[00:06:30] [save] best_sourceval_ema val_acc_ema=0.7593 source_val_live=0.9568/0.9565 source_val_ema=0.7593/0.7275 ep=25
[00:06:30] [train] epoch 26/100 steps=40 use_dann=0 das=fixed_narrow f=[10.0,30.0] p=1.00 gpu=3.0/11.8GB
[00:06:31] [train] ep=26 step=001/40 ce=0.2695 sc=0.7566 mi=0.0581 dn=0.0000 v13=0.0005 grl=0.0515 v15=0.0000 v15r=0.0000 v16=0.0000 v17=0.0000 v18=0.0000 acc=1.0000 lr=2.64e-04 lambda=0.000 grl_lambda=0.848 v18_lambda=0.000 gpu=3.0/11.8GB
[00:06:36] [train] ep=26 step=010/40 ce=0.4534 sc=0.9419 mi=0.0610 dn=0.0000 v13=0.0007 grl=0.0877 v15=0.0000 v15r=0.0000 v16=0.0000 v17=0.0000 v18=0.0000 acc=0.9812 lr=2.63e-04 lambda=0.000 grl_lambda=0.851 v18_lambda=0.000 gpu=3.0/11.8GB
[00:06:42] [train] ep=26 step=020/40 ce=0.4618 sc=0.9383 mi=0.0598 dn=0.0000 v13=0.0008 grl=0.0835 v15=0.0000 v15r=0.0000 v16=0.0000 v17=0.0000 v18=0.0000 acc=0.9812 lr=2.62e-04 lambda=0.000 grl_lambda=0.855 v18_lambda=0.000 gpu=3.0/11.8GB
[00:06:48] [train] ep=26 step=030/40 ce=0.4819 sc=0.8695 mi=0.0614 dn=0.0000 v13=0.0007 grl=0.0859 v15=0.0000 v15r=0.0000 v16=0.0000 v17=0.0000 v18=0.0000 acc=0.9833 lr=2.61e-04 lambda=0.000 grl_lambda=0.858 v18_lambda=0.000 gpu=3.0/11.8GB
[00:06:54] [train] ep=26 step=040/40 ce=0.4401 sc=0.8429 mi=0.0621 dn=0.0000 v13=0.0007 grl=0.0860 v15=0.0000 v15r=0.0000 v16=0.0000 v17=0.0000 v18=0.0000 acc=0.9875 lr=2.60e-04 lambda=0.000 grl_lambda=0.861 v18_lambda=0.000 gpu=3.0/11.8GB
[00:07:04] [ep_summary] ep=26/100 val_live=0.9506/0.9506 val_ema=0.7778/0.7504 test77_live=0.8201/0.7999 test77_diag_ema=0.1511/0.0554 v13=0.0007 grl=0.0860 v15=0.0000 v15r=0.0000 v16=0.0000 v17=0.0000 v18=0.0000 das=fixed_narrow[10,30] p=1.00 ep_time=34.2s
[00:07:05] [save] best_sourceval_ema val_acc_ema=0.7778 source_val_live=0.9506/0.9506 source_val_ema=0.7778/0.7504 ep=26
[00:07:05] [train] epoch 27/100 steps=40 use_dann=0 das=fixed_narrow f=[10.0,30.0] p=1.00 gpu=3.0/11.8GB
[00:07:05] [train] ep=27 step=001/40 ce=0.6119 sc=0.6981 mi=0.0552 dn=0.0000 v13=0.0008 grl=0.1785 v15=0.0000 v15r=0.0000 v16=0.0000 v17=0.0000 v18=0.0000 acc=1.0000 lr=2.60e-04 lambda=0.000 grl_lambda=0.862 v18_lambda=0.000 gpu=3.0/11.8GB
[00:07:10] [train] ep=27 step=010/40 ce=0.4696 sc=0.9100 mi=0.0621 dn=0.0000 v13=0.0007 grl=0.0919 v15=0.0000 v15r=0.0000 v16=0.0000 v17=0.0000 v18=0.0000 acc=0.9812 lr=2.60e-04 lambda=0.000 grl_lambda=0.865 v18_lambda=0.000 gpu=3.0/11.8GB
[00:07:16] [train] ep=27 step=020/40 ce=0.4630 sc=0.9087 mi=0.0621 dn=0.0000 v13=0.0006 grl=0.0951 v15=0.0000 v15r=0.0000 v16=0.0000 v17=0.0000 v18=0.0000 acc=0.9844 lr=2.59e-04 lambda=0.000 grl_lambda=0.868 v18_lambda=0.000 gpu=3.0/11.8GB
[00:07:22] [train] ep=27 step=030/40 ce=0.4745 sc=0.9248 mi=0.0618 dn=0.0000 v13=0.0006 grl=0.0978 v15=0.0000 v15r=0.0000 v16=0.0000 v17=0.0000 v18=0.0000 acc=0.9833 lr=2.58e-04 lambda=0.000 grl_lambda=0.871 v18_lambda=0.000 gpu=3.0/11.8GB
[00:07:28] [train] ep=27 step=040/40 ce=0.4739 sc=0.8942 mi=0.0622 dn=0.0000 v13=0.0006 grl=0.0916 v15=0.0000 v15r=0.0000 v16=0.0000 v17=0.0000 v18=0.0000 acc=0.9844 lr=2.57e-04 lambda=0.000 grl_lambda=0.874 v18_lambda=0.000 gpu=3.0/11.8GB
[00:07:38] [ep_summary] ep=27/100 val_live=0.9568/0.9571 val_ema=0.8086/0.7781 test77_live=0.8849/0.8838 test77_diag_ema=0.1619/0.0732 v13=0.0006 grl=0.0916 v15=0.0000 v15r=0.0000 v16=0.0000 v17=0.0000 v18=0.0000 das=fixed_narrow[10,30] p=1.00 ep_time=33.9s
[00:07:38] [save] best_sourceval_ema val_acc_ema=0.8086 source_val_live=0.9568/0.9571 source_val_ema=0.8086/0.7781 ep=27
[00:07:38] [train] epoch 28/100 steps=40 use_dann=0 das=fixed_narrow f=[10.0,30.0] p=1.00 gpu=3.0/11.8GB
[00:07:39] [train] ep=28 step=001/40 ce=0.2727 sc=0.8479 mi=0.0661 dn=0.0000 v13=0.0002 grl=0.1132 v15=0.0000 v15r=0.0000 v16=0.0000 v17=0.0000 v18=0.0000 acc=1.0000 lr=2.57e-04 lambda=0.000 grl_lambda=0.874 v18_lambda=0.000 gpu=3.0/11.8GB
[00:07:44] [train] ep=28 step=010/40 ce=0.5073 sc=0.7060 mi=0.0620 dn=0.0000 v13=0.0007 grl=0.0769 v15=0.0000 v15r=0.0000 v16=0.0000 v17=0.0000 v18=0.0000 acc=0.9875 lr=2.56e-04 lambda=0.000 grl_lambda=0.877 v18_lambda=0.000 gpu=3.0/11.8GB
[00:07:50] [train] ep=28 step=020/40 ce=0.4673 sc=0.8038 mi=0.0607 dn=0.0000 v13=0.0006 grl=0.0762 v15=0.0000 v15r=0.0000 v16=0.0000 v17=0.0000 v18=0.0000 acc=0.9875 lr=2.55e-04 lambda=0.000 grl_lambda=0.880 v18_lambda=0.000 gpu=3.0/11.8GB
[00:07:56] [train] ep=28 step=030/40 ce=0.4455 sc=0.7938 mi=0.0616 dn=0.0000 v13=0.0007 grl=0.0803 v15=0.0000 v15r=0.0000 v16=0.0000 v17=0.0000 v18=0.0000 acc=0.9896 lr=2.54e-04 lambda=0.000 grl_lambda=0.882 v18_lambda=0.000 gpu=3.0/11.8GB
[00:08:02] [train] ep=28 step=040/40 ce=0.4340 sc=0.7931 mi=0.0619 dn=0.0000 v13=0.0007 grl=0.0817 v15=0.0000 v15r=0.0000 v16=0.0000 v17=0.0000 v18=0.0000 acc=0.9906 lr=2.54e-04 lambda=0.000 grl_lambda=0.885 v18_lambda=0.000 gpu=3.0/11.8GB
[00:08:13] [ep_summary] ep=28/100 val_live=0.9383/0.9371 val_ema=0.8086/0.7781 test77_live=0.8489/0.8362 test77_diag_ema=0.1691/0.0858 v13=0.0007 grl=0.0817 v15=0.0000 v15r=0.0000 v16=0.0000 v17=0.0000 v18=0.0000 das=fixed_narrow[10,30] p=1.00 ep_time=34.4s
[00:08:13] [train] epoch 29/100 steps=40 use_dann=0 das=fixed_narrow f=[10.0,30.0] p=1.00 gpu=3.0/11.8GB
[00:08:13] [train] ep=29 step=001/40 ce=0.3511 sc=1.0502 mi=0.0756 dn=0.0000 v13=0.0003 grl=0.0962 v15=0.0000 v15r=0.0000 v16=0.0000 v17=0.0000 v18=0.0000 acc=1.0000 lr=2.53e-04 lambda=0.000 grl_lambda=0.885 v18_lambda=0.000 gpu=3.0/11.8GB
[00:08:19] [train] ep=29 step=010/40 ce=0.4216 sc=0.8976 mi=0.0639 dn=0.0000 v13=0.0007 grl=0.0743 v15=0.0000 v15r=0.0000 v16=0.0000 v17=0.0000 v18=0.0000 acc=0.9875 lr=2.53e-04 lambda=0.000 grl_lambda=0.888 v18_lambda=0.000 gpu=3.0/11.8GB
[00:08:25] [train] ep=29 step=020/40 ce=0.4000 sc=0.8529 mi=0.0634 dn=0.0000 v13=0.0007 grl=0.0791 v15=0.0000 v15r=0.0000 v16=0.0000 v17=0.0000 v18=0.0000 acc=0.9906 lr=2.52e-04 lambda=0.000 grl_lambda=0.890 v18_lambda=0.000 gpu=3.0/11.8GB
[00:08:30] [train] ep=29 step=030/40 ce=0.4261 sc=0.8757 mi=0.0631 dn=0.0000 v13=0.0007 grl=0.0827 v15=0.0000 v15r=0.0000 v16=0.0000 v17=0.0000 v18=0.0000 acc=0.9875 lr=2.51e-04 lambda=0.000 grl_lambda=0.893 v18_lambda=0.000 gpu=3.0/11.8GB
[00:08:36] [train] ep=29 step=040/40 ce=0.4224 sc=0.8461 mi=0.0628 dn=0.0000 v13=0.0007 grl=0.0858 v15=0.0000 v15r=0.0000 v16=0.0000 v17=0.0000 v18=0.0000 acc=0.9891 lr=2.50e-04 lambda=0.000 grl_lambda=0.895 v18_lambda=0.000 gpu=3.0/11.8GB
[00:08:47] [ep_summary] ep=29/100 val_live=0.9753/0.9756 val_ema=0.8210/0.7968 test77_live=0.8129/0.7864 test77_diag_ema=0.1835/0.1062 v13=0.0007 grl=0.0858 v15=0.0000 v15r=0.0000 v16=0.0000 v17=0.0000 v18=0.0000 das=fixed_narrow[10,30] p=1.00 ep_time=34.2s
[00:08:47] [save] best_sourceval_ema val_acc_ema=0.8210 source_val_live=0.9753/0.9756 source_val_ema=0.8210/0.7968 ep=29
[00:08:47] [train] epoch 30/100 steps=40 use_dann=0 das=fixed_narrow f=[10.0,30.0] p=1.00 gpu=3.0/11.8GB
[00:08:48] [train] ep=30 step=001/40 ce=1.0720 sc=1.2216 mi=0.0675 dn=0.0000 v13=0.0014 grl=0.0808 v15=0.0000 v15r=0.0000 v16=0.0000 v17=0.0000 v18=0.0000 acc=0.9375 lr=2.50e-04 lambda=0.000 grl_lambda=0.896 v18_lambda=0.000 gpu=3.0/11.8GB
[00:08:53] [train] ep=30 step=010/40 ce=0.4200 sc=0.8819 mi=0.0607 dn=0.0000 v13=0.0006 grl=0.0823 v15=0.0000 v15r=0.0000 v16=0.0000 v17=0.0000 v18=0.0000 acc=0.9875 lr=2.49e-04 lambda=0.000 grl_lambda=0.898 v18_lambda=0.000 gpu=3.0/11.8GB
[00:08:59] [train] ep=30 step=020/40 ce=0.4359 sc=0.8292 mi=0.0596 dn=0.0000 v13=0.0006 grl=0.0811 v15=0.0000 v15r=0.0000 v16=0.0000 v17=0.0000 v18=0.0000 acc=0.9875 lr=2.48e-04 lambda=0.000 grl_lambda=0.900 v18_lambda=0.000 gpu=3.0/11.8GB
[00:09:05] [train] ep=30 step=030/40 ce=0.4311 sc=0.8476 mi=0.0602 dn=0.0000 v13=0.0006 grl=0.0842 v15=0.0000 v15r=0.0000 v16=0.0000 v17=0.0000 v18=0.0000 acc=0.9875 lr=2.47e-04 lambda=0.000 grl_lambda=0.903 v18_lambda=0.000 gpu=3.0/11.8GB
[00:09:11] [train] ep=30 step=040/40 ce=0.4352 sc=0.8034 mi=0.0610 dn=0.0000 v13=0.0006 grl=0.0847 v15=0.0000 v15r=0.0000 v16=0.0000 v17=0.0000 v18=0.0000 acc=0.9859 lr=2.46e-04 lambda=0.000 grl_lambda=0.905 v18_lambda=0.000 gpu=3.0/11.8GB
[00:09:21] [pool] check ep=030/100 source_val_acc_ema=0.8333 threshold=0.90
[00:09:21] [pool] ep=030 SKIP (source_val_acc_ema=0.8333 < 0.90)
[00:09:21] [ep_summary] ep=30/100 val_live=0.9753/0.9756 val_ema=0.8333/0.8124 test77_live=0.8525/0.8470 test77_diag_ema=0.2122/0.1429 v13=0.0006 grl=0.0847 v15=0.0000 v15r=0.0000 v16=0.0000 v17=0.0000 v18=0.0000 das=fixed_narrow[10,30] p=1.00 ep_time=34.1s
[00:09:21] [save] best_sourceval_ema val_acc_ema=0.8333 source_val_live=0.9753/0.9756 source_val_ema=0.8333/0.8124 ep=30
[00:09:21] [strict77_monitor] ep=30 best_source_epoch=30 source_val_ema=0.8333/0.8124 test77_ema_diag=0.2122/0.1429 sourcequalified_count=0
[00:09:21] [train] epoch 31/100 steps=40 use_dann=0 das=fixed_narrow f=[10.0,30.0] p=1.00 gpu=3.0/11.8GB
[00:09:22] [train] ep=31 step=001/40 ce=0.2668 sc=1.0262 mi=0.0552 dn=0.0000 v13=0.0005 grl=0.0693 v15=0.0000 v15r=0.0000 v16=0.0000 v17=0.0000 v18=0.0000 acc=1.0000 lr=2.46e-04 lambda=0.000 grl_lambda=0.905 v18_lambda=0.000 gpu=3.0/11.8GB
[00:09:27] [train] ep=31 step=010/40 ce=0.2747 sc=0.7887 mi=0.0607 dn=0.0000 v13=0.0005 grl=0.0787 v15=0.0000 v15r=0.0000 v16=0.0000 v17=0.0000 v18=0.0000 acc=1.0000 lr=2.45e-04 lambda=0.000 grl_lambda=0.907 v18_lambda=0.000 gpu=3.0/11.8GB
[00:09:33] [train] ep=31 step=020/40 ce=0.3066 sc=0.7369 mi=0.0605 dn=0.0000 v13=0.0006 grl=0.0838 v15=0.0000 v15r=0.0000 v16=0.0000 v17=0.0000 v18=0.0000 acc=1.0000 lr=2.44e-04 lambda=0.000 grl_lambda=0.909 v18_lambda=0.000 gpu=3.0/11.8GB
[00:09:39] [train] ep=31 step=030/40 ce=0.3130 sc=0.7697 mi=0.0608 dn=0.0000 v13=0.0005 grl=0.0852 v15=0.0000 v15r=0.0000 v16=0.0000 v17=0.0000 v18=0.0000 acc=0.9979 lr=2.43e-04 lambda=0.000 grl_lambda=0.911 v18_lambda=0.000 gpu=3.0/11.8GB
[00:09:45] [train] ep=31 step=040/40 ce=0.3277 sc=0.7601 mi=0.0606 dn=0.0000 v13=0.0005 grl=0.0850 v15=0.0000 v15r=0.0000 v16=0.0000 v17=0.0000 v18=0.0000 acc=0.9969 lr=2.43e-04 lambda=0.000 grl_lambda=0.914 v18_lambda=0.000 gpu=3.0/11.8GB
[00:09:55] [ep_summary] ep=31/100 val_live=0.9815/0.9817 val_ema=0.8395/0.8228 test77_live=0.8165/0.7974 test77_diag_ema=0.2446/0.1770 v13=0.0005 grl=0.0850 v15=0.0000 v15r=0.0000 v16=0.0000 v17=0.0000 v18=0.0000 das=fixed_narrow[10,30] p=1.00 ep_time=34.1s
[00:09:56] [save] best_sourceval_ema val_acc_ema=0.8395 source_val_live=0.9815/0.9817 source_val_ema=0.8395/0.8228 ep=31
[00:09:56] [train] epoch 32/100 steps=40 use_dann=0 das=fixed_narrow f=[10.0,30.0] p=1.00 gpu=3.0/11.8GB
[00:09:59] [train] ep=32 step=001/40 ce=0.2635 sc=0.8463 mi=0.0581 dn=0.0000 v13=0.0003 grl=0.0589 v15=0.0000 v15r=0.0000 v16=0.0000 v17=0.0000 v18=0.0000 acc=1.0000 lr=2.42e-04 lambda=0.000 grl_lambda=0.914 v18_lambda=0.000 gpu=3.0/11.8GB
[00:10:04] [train] ep=32 step=010/40 ce=0.3779 sc=0.6965 mi=0.0542 dn=0.0000 v13=0.0005 grl=0.0737 v15=0.0000 v15r=0.0000 v16=0.0000 v17=0.0000 v18=0.0000 acc=0.9938 lr=2.42e-04 lambda=0.000 grl_lambda=0.916 v18_lambda=0.000 gpu=3.0/11.8GB
[00:10:10] [train] ep=32 step=020/40 ce=0.4233 sc=0.7219 mi=0.0572 dn=0.0000 v13=0.0006 grl=0.0785 v15=0.0000 v15r=0.0000 v16=0.0000 v17=0.0000 v18=0.0000 acc=0.9875 lr=2.41e-04 lambda=0.000 grl_lambda=0.918 v18_lambda=0.000 gpu=3.0/11.8GB
[00:10:16] [train] ep=32 step=030/40 ce=0.4206 sc=0.7711 mi=0.0578 dn=0.0000 v13=0.0005 grl=0.0745 v15=0.0000 v15r=0.0000 v16=0.0000 v17=0.0000 v18=0.0000 acc=0.9875 lr=2.40e-04 lambda=0.000 grl_lambda=0.920 v18_lambda=0.000 gpu=3.0/11.8GB
[00:10:22] [train] ep=32 step=040/40 ce=0.4096 sc=0.7687 mi=0.0583 dn=0.0000 v13=0.0005 grl=0.0776 v15=0.0000 v15r=0.0000 v16=0.0000 v17=0.0000 v18=0.0000 acc=0.9891 lr=2.39e-04 lambda=0.000 grl_lambda=0.921 v18_lambda=0.000 gpu=3.0/11.8GB
[00:10:35] [ep_summary] ep=32/100 val_live=0.9753/0.9756 val_ema=0.8642/0.8523 test77_live=0.8129/0.8061 test77_diag_ema=0.2878/0.2229 v13=0.0005 grl=0.0776 v15=0.0000 v15r=0.0000 v16=0.0000 v17=0.0000 v18=0.0000 das=fixed_narrow[10,30] p=1.00 ep_time=39.0s
[00:10:35] [save] best_sourceval_ema val_acc_ema=0.8642 source_val_live=0.9753/0.9756 source_val_ema=0.8642/0.8523 ep=32
[00:10:35] [train] epoch 33/100 steps=40 use_dann=0 das=fixed_narrow f=[10.0,30.0] p=1.00 gpu=3.0/11.8GB
[00:10:36] [train] ep=33 step=001/40 ce=0.2650 sc=1.1776 mi=0.0546 dn=0.0000 v13=0.0004 grl=0.0369 v15=0.0000 v15r=0.0000 v16=0.0000 v17=0.0000 v18=0.0000 acc=1.0000 lr=2.39e-04 lambda=0.000 grl_lambda=0.922 v18_lambda=0.000 gpu=3.0/11.8GB
[00:10:41] [train] ep=33 step=010/40 ce=0.3943 sc=0.7898 mi=0.0571 dn=0.0000 v13=0.0006 grl=0.0896 v15=0.0000 v15r=0.0000 v16=0.0000 v17=0.0000 v18=0.0000 acc=0.9938 lr=2.38e-04 lambda=0.000 grl_lambda=0.923 v18_lambda=0.000 gpu=3.0/11.8GB
[00:10:47] [train] ep=33 step=020/40 ce=0.3787 sc=0.8197 mi=0.0582 dn=0.0000 v13=0.0005 grl=0.0818 v15=0.0000 v15r=0.0000 v16=0.0000 v17=0.0000 v18=0.0000 acc=0.9938 lr=2.37e-04 lambda=0.000 grl_lambda=0.925 v18_lambda=0.000 gpu=3.0/11.8GB
[00:10:53] [train] ep=33 step=030/40 ce=0.3712 sc=0.8092 mi=0.0597 dn=0.0000 v13=0.0006 grl=0.0802 v15=0.0000 v15r=0.0000 v16=0.0000 v17=0.0000 v18=0.0000 acc=0.9938 lr=2.36e-04 lambda=0.000 grl_lambda=0.927 v18_lambda=0.000 gpu=3.0/11.8GB
[00:10:59] [train] ep=33 step=040/40 ce=0.4247 sc=0.8779 mi=0.0595 dn=0.0000 v13=0.0006 grl=0.0812 v15=0.0000 v15r=0.0000 v16=0.0000 v17=0.0000 v18=0.0000 acc=0.9891 lr=2.35e-04 lambda=0.000 grl_lambda=0.929 v18_lambda=0.000 gpu=3.0/11.8GB
[00:11:10] [ep_summary] ep=33/100 val_live=0.9691/0.9696 val_ema=0.8642/0.8523 test77_live=0.8561/0.8381 test77_diag_ema=0.3129/0.2442 v13=0.0006 grl=0.0812 v15=0.0000 v15r=0.0000 v16=0.0000 v17=0.0000 v18=0.0000 das=fixed_narrow[10,30] p=1.00 ep_time=34.9s
[00:11:10] [train] epoch 34/100 steps=40 use_dann=0 das=fixed_narrow f=[10.0,30.0] p=1.00 gpu=3.0/11.8GB
[00:11:10] [train] ep=34 step=001/40 ce=1.2473 sc=1.0349 mi=0.0598 dn=0.0000 v13=0.0005 grl=0.0788 v15=0.0000 v15r=0.0000 v16=0.0000 v17=0.0000 v18=0.0000 acc=0.9375 lr=2.35e-04 lambda=0.000 grl_lambda=0.929 v18_lambda=0.000 gpu=3.0/11.8GB
[00:11:15] [train] ep=34 step=010/40 ce=0.4829 sc=0.7687 mi=0.0625 dn=0.0000 v13=0.0007 grl=0.0845 v15=0.0000 v15r=0.0000 v16=0.0000 v17=0.0000 v18=0.0000 acc=0.9875 lr=2.34e-04 lambda=0.000 grl_lambda=0.930 v18_lambda=0.000 gpu=3.0/11.8GB
[00:11:21] [train] ep=34 step=020/40 ce=0.4696 sc=0.7836 mi=0.0609 dn=0.0000 v13=0.0006 grl=0.0868 v15=0.0000 v15r=0.0000 v16=0.0000 v17=0.0000 v18=0.0000 acc=0.9875 lr=2.33e-04 lambda=0.000 grl_lambda=0.932 v18_lambda=0.000 gpu=3.0/11.8GB
[00:11:27] [train] ep=34 step=030/40 ce=0.4497 sc=0.7842 mi=0.0603 dn=0.0000 v13=0.0006 grl=0.0878 v15=0.0000 v15r=0.0000 v16=0.0000 v17=0.0000 v18=0.0000 acc=0.9896 lr=2.32e-04 lambda=0.000 grl_lambda=0.934 v18_lambda=0.000 gpu=3.0/11.8GB
[00:11:33] [train] ep=34 step=040/40 ce=0.4305 sc=0.8077 mi=0.0608 dn=0.0000 v13=0.0006 grl=0.0883 v15=0.0000 v15r=0.0000 v16=0.0000 v17=0.0000 v18=0.0000 acc=0.9906 lr=2.31e-04 lambda=0.000 grl_lambda=0.935 v18_lambda=0.000 gpu=3.0/11.8GB
[00:11:44] [ep_summary] ep=34/100 val_live=0.9691/0.9703 val_ema=0.8642/0.8523 test77_live=0.8381/0.8248 test77_diag_ema=0.3381/0.2701 v13=0.0006 grl=0.0883 v15=0.0000 v15r=0.0000 v16=0.0000 v17=0.0000 v18=0.0000 das=fixed_narrow[10,30] p=1.00 ep_time=34.1s
[00:11:44] [train] epoch 35/100 steps=40 use_dann=0 das=fixed_narrow f=[10.0,30.0] p=1.00 gpu=3.0/11.8GB
[00:11:44] [train] ep=35 step=001/40 ce=0.8439 sc=0.8038 mi=0.0557 dn=0.0000 v13=0.0003 grl=0.0674 v15=0.0000 v15r=0.0000 v16=0.0000 v17=0.0000 v18=0.0000 acc=0.9375 lr=2.31e-04 lambda=0.000 grl_lambda=0.935 v18_lambda=0.000 gpu=3.0/11.8GB
[00:11:50] [train] ep=35 step=010/40 ce=0.6280 sc=0.7405 mi=0.0595 dn=0.0000 v13=0.0006 grl=0.0874 v15=0.0000 v15r=0.0000 v16=0.0000 v17=0.0000 v18=0.0000 acc=0.9688 lr=2.30e-04 lambda=0.000 grl_lambda=0.937 v18_lambda=0.000 gpu=3.0/11.8GB
[00:11:56] [train] ep=35 step=020/40 ce=0.5329 sc=0.7530 mi=0.0593 dn=0.0000 v13=0.0005 grl=0.0865 v15=0.0000 v15r=0.0000 v16=0.0000 v17=0.0000 v18=0.0000 acc=0.9781 lr=2.29e-04 lambda=0.000 grl_lambda=0.938 v18_lambda=0.000 gpu=3.0/11.8GB
[00:12:01] [train] ep=35 step=030/40 ce=0.4528 sc=0.7689 mi=0.0585 dn=0.0000 v13=0.0005 grl=0.0893 v15=0.0000 v15r=0.0000 v16=0.0000 v17=0.0000 v18=0.0000 acc=0.9854 lr=2.28e-04 lambda=0.000 grl_lambda=0.940 v18_lambda=0.000 gpu=3.0/11.8GB
[00:12:07] [train] ep=35 step=040/40 ce=0.4288 sc=0.8112 mi=0.0585 dn=0.0000 v13=0.0005 grl=0.0857 v15=0.0000 v15r=0.0000 v16=0.0000 v17=0.0000 v18=0.0000 acc=0.9875 lr=2.27e-04 lambda=0.000 grl_lambda=0.941 v18_lambda=0.000 gpu=3.0/11.8GB
[00:12:19] [ep_summary] ep=35/100 val_live=0.9259/0.9211 val_ema=0.8642/0.8523 test77_live=0.8453/0.8211 test77_diag_ema=0.3417/0.2748 v13=0.0005 grl=0.0857 v15=0.0000 v15r=0.0000 v16=0.0000 v17=0.0000 v18=0.0000 das=fixed_narrow[10,30] p=1.00 ep_time=35.1s
[00:12:19] [train] epoch 36/100 steps=40 use_dann=0 das=fixed_narrow f=[10.0,30.0] p=1.00 gpu=3.0/11.8GB
[00:12:20] [train] ep=36 step=001/40 ce=0.2625 sc=1.2338 mi=0.0591 dn=0.0000 v13=0.0002 grl=0.0721 v15=0.0000 v15r=0.0000 v16=0.0000 v17=0.0000 v18=0.0000 acc=1.0000 lr=2.26e-04 lambda=0.000 grl_lambda=0.941 v18_lambda=0.000 gpu=3.0/11.8GB
[00:12:25] [train] ep=36 step=010/40 ce=0.5382 sc=0.9337 mi=0.0581 dn=0.0000 v13=0.0005 grl=0.0720 v15=0.0000 v15r=0.0000 v16=0.0000 v17=0.0000 v18=0.0000 acc=0.9812 lr=2.25e-04 lambda=0.000 grl_lambda=0.943 v18_lambda=0.000 gpu=3.0/11.8GB
[00:12:31] [train] ep=36 step=020/40 ce=0.4192 sc=0.8361 mi=0.0582 dn=0.0000 v13=0.0005 grl=0.0763 v15=0.0000 v15r=0.0000 v16=0.0000 v17=0.0000 v18=0.0000 acc=0.9906 lr=2.24e-04 lambda=0.000 grl_lambda=0.944 v18_lambda=0.000 gpu=3.0/11.8GB
[00:12:37] [train] ep=36 step=030/40 ce=0.4567 sc=0.8469 mi=0.0579 dn=0.0000 v13=0.0005 grl=0.0765 v15=0.0000 v15r=0.0000 v16=0.0000 v17=0.0000 v18=0.0000 acc=0.9854 lr=2.23e-04 lambda=0.000 grl_lambda=0.945 v18_lambda=0.000 gpu=3.0/11.8GB
[00:12:43] [train] ep=36 step=040/40 ce=0.4715 sc=0.8413 mi=0.0580 dn=0.0000 v13=0.0005 grl=0.0805 v15=0.0000 v15r=0.0000 v16=0.0000 v17=0.0000 v18=0.0000 acc=0.9844 lr=2.22e-04 lambda=0.000 grl_lambda=0.947 v18_lambda=0.000 gpu=3.0/11.8GB
[00:12:53] [ep_summary] ep=36/100 val_live=0.9321/0.9302 val_ema=0.8642/0.8523 test77_live=0.8058/0.7486 test77_diag_ema=0.3597/0.2879 v13=0.0005 grl=0.0805 v15=0.0000 v15r=0.0000 v16=0.0000 v17=0.0000 v18=0.0000 das=fixed_narrow[10,30] p=1.00 ep_time=34.1s
[00:12:53] [train] epoch 37/100 steps=40 use_dann=0 das=fixed_narrow f=[10.0,30.0] p=1.00 gpu=3.0/11.8GB
[00:12:54] [train] ep=37 step=001/40 ce=0.5391 sc=0.7796 mi=0.0553 dn=0.0000 v13=0.0008 grl=0.0598 v15=0.0000 v15r=0.0000 v16=0.0000 v17=0.0000 v18=0.0000 acc=1.0000 lr=2.22e-04 lambda=0.000 grl_lambda=0.947 v18_lambda=0.000 gpu=3.0/11.8GB
[00:12:59] [train] ep=37 step=010/40 ce=0.4252 sc=0.7627 mi=0.0590 dn=0.0000 v13=0.0005 grl=0.0794 v15=0.0000 v15r=0.0000 v16=0.0000 v17=0.0000 v18=0.0000 acc=0.9938 lr=2.21e-04 lambda=0.000 grl_lambda=0.948 v18_lambda=0.000 gpu=3.0/11.8GB
[00:13:05] [train] ep=37 step=020/40 ce=0.4023 sc=0.8290 mi=0.0595 dn=0.0000 v13=0.0005 grl=0.0817 v15=0.0000 v15r=0.0000 v16=0.0000 v17=0.0000 v18=0.0000 acc=0.9938 lr=2.20e-04 lambda=0.000 grl_lambda=0.949 v18_lambda=0.000 gpu=3.0/11.8GB
[00:13:12] [train] ep=37 step=030/40 ce=0.4121 sc=0.8215 mi=0.0596 dn=0.0000 v13=0.0005 grl=0.0821 v15=0.0000 v15r=0.0000 v16=0.0000 v17=0.0000 v18=0.0000 acc=0.9938 lr=2.19e-04 lambda=0.000 grl_lambda=0.950 v18_lambda=0.000 gpu=3.0/11.8GB
[00:13:18] [train] ep=37 step=040/40 ce=0.4029 sc=0.8459 mi=0.0593 dn=0.0000 v13=0.0005 grl=0.0819 v15=0.0000 v15r=0.0000 v16=0.0000 v17=0.0000 v18=0.0000 acc=0.9938 lr=2.18e-04 lambda=0.000 grl_lambda=0.952 v18_lambda=0.000 gpu=3.0/11.8GB
[00:13:29] [ep_summary] ep=37/100 val_live=0.9506/0.9521 val_ema=0.8642/0.8563 test77_live=0.8237/0.8150 test77_diag_ema=0.3849/0.3163 v13=0.0005 grl=0.0819 v15=0.0000 v15r=0.0000 v16=0.0000 v17=0.0000 v18=0.0000 das=fixed_narrow[10,30] p=1.00 ep_time=35.5s
[00:13:29] [train] epoch 38/100 steps=40 use_dann=0 das=fixed_narrow f=[10.0,30.0] p=1.00 gpu=3.0/11.8GB
[00:13:29] [train] ep=38 step=001/40 ce=0.4072 sc=1.3842 mi=0.0486 dn=0.0000 v13=0.0011 grl=0.0453 v15=0.0000 v15r=0.0000 v16=0.0000 v17=0.0000 v18=0.0000 acc=1.0000 lr=2.18e-04 lambda=0.000 grl_lambda=0.952 v18_lambda=0.000 gpu=3.0/11.8GB
[00:13:35] [train] ep=38 step=010/40 ce=0.2882 sc=0.7996 mi=0.0559 dn=0.0000 v13=0.0006 grl=0.0858 v15=0.0000 v15r=0.0000 v16=0.0000 v17=0.0000 v18=0.0000 acc=1.0000 lr=2.17e-04 lambda=0.000 grl_lambda=0.953 v18_lambda=0.000 gpu=3.0/11.8GB
[00:13:40] [train] ep=38 step=020/40 ce=0.2995 sc=0.7264 mi=0.0545 dn=0.0000 v13=0.0005 grl=0.0909 v15=0.0000 v15r=0.0000 v16=0.0000 v17=0.0000 v18=0.0000 acc=1.0000 lr=2.16e-04 lambda=0.000 grl_lambda=0.954 v18_lambda=0.000 gpu=3.0/11.8GB
[00:13:46] [train] ep=38 step=030/40 ce=0.3271 sc=0.7843 mi=0.0547 dn=0.0000 v13=0.0005 grl=0.0839 v15=0.0000 v15r=0.0000 v16=0.0000 v17=0.0000 v18=0.0000 acc=0.9979 lr=2.15e-04 lambda=0.000 grl_lambda=0.955 v18_lambda=0.000 gpu=3.0/11.8GB
[00:13:52] [train] ep=38 step=040/40 ce=0.3347 sc=0.8026 mi=0.0551 dn=0.0000 v13=0.0005 grl=0.0860 v15=0.0000 v15r=0.0000 v16=0.0000 v17=0.0000 v18=0.0000 acc=0.9969 lr=2.14e-04 lambda=0.000 grl_lambda=0.956 v18_lambda=0.000 gpu=3.0/11.8GB
[00:14:03] [ep_summary] ep=38/100 val_live=0.9877/0.9879 val_ema=0.8765/0.8714 test77_live=0.8561/0.8430 test77_diag_ema=0.4137/0.3487 v13=0.0005 grl=0.0860 v15=0.0000 v15r=0.0000 v16=0.0000 v17=0.0000 v18=0.0000 das=fixed_narrow[10,30] p=1.00 ep_time=34.1s
[00:14:03] [save] best_sourceval_ema val_acc_ema=0.8765 source_val_live=0.9877/0.9879 source_val_ema=0.8765/0.8714 ep=38
[00:14:03] [train] epoch 39/100 steps=40 use_dann=0 das=fixed_narrow f=[10.0,30.0] p=1.00 gpu=3.0/11.8GB
[00:14:04] [train] ep=39 step=001/40 ce=0.2631 sc=1.1445 mi=0.0556 dn=0.0000 v13=0.0007 grl=0.0898 v15=0.0000 v15r=0.0000 v16=0.0000 v17=0.0000 v18=0.0000 acc=1.0000 lr=2.14e-04 lambda=0.000 grl_lambda=0.956 v18_lambda=0.000 gpu=3.0/11.8GB
[00:14:09] [train] ep=39 step=010/40 ce=0.3196 sc=0.7774 mi=0.0569 dn=0.0000 v13=0.0005 grl=0.0880 v15=0.0000 v15r=0.0000 v16=0.0000 v17=0.0000 v18=0.0000 acc=0.9938 lr=2.13e-04 lambda=0.000 grl_lambda=0.957 v18_lambda=0.000 gpu=3.0/11.8GB
[00:14:15] [train] ep=39 step=020/40 ce=0.3480 sc=0.7801 mi=0.0569 dn=0.0000 v13=0.0005 grl=0.0883 v15=0.0000 v15r=0.0000 v16=0.0000 v17=0.0000 v18=0.0000 acc=0.9938 lr=2.11e-04 lambda=0.000 grl_lambda=0.958 v18_lambda=0.000 gpu=3.0/11.8GB
[00:14:20] [train] ep=39 step=030/40 ce=0.3208 sc=0.8170 mi=0.0573 dn=0.0000 v13=0.0005 grl=0.0841 v15=0.0000 v15r=0.0000 v16=0.0000 v17=0.0000 v18=0.0000 acc=0.9958 lr=2.10e-04 lambda=0.000 grl_lambda=0.959 v18_lambda=0.000 gpu=3.0/11.8GB
[00:14:26] [train] ep=39 step=040/40 ce=0.3217 sc=0.8233 mi=0.0583 dn=0.0000 v13=0.0005 grl=0.0820 v15=0.0000 v15r=0.0000 v16=0.0000 v17=0.0000 v18=0.0000 acc=0.9953 lr=2.09e-04 lambda=0.000 grl_lambda=0.960 v18_lambda=0.000 gpu=3.0/11.8GB
[00:14:37] [ep_summary] ep=39/100 val_live=0.9568/0.9571 val_ema=0.8765/0.8714 test77_live=0.8777/0.8623 test77_diag_ema=0.4388/0.3775 v13=0.0005 grl=0.0820 v15=0.0000 v15r=0.0000 v16=0.0000 v17=0.0000 v18=0.0000 das=fixed_narrow[10,30] p=1.00 ep_time=34.1s
[00:14:37] [train] epoch 40/100 steps=40 use_dann=0 das=fixed_narrow f=[10.0,30.0] p=1.00 gpu=3.0/11.8GB
[00:14:38] [train] ep=40 step=001/40 ce=0.5831 sc=1.0203 mi=0.0609 dn=0.0000 v13=0.0003 grl=0.0842 v15=0.0000 v15r=0.0000 v16=0.0000 v17=0.0000 v18=0.0000 acc=1.0000 lr=2.09e-04 lambda=0.000 grl_lambda=0.960 v18_lambda=0.000 gpu=3.0/11.8GB
[00:14:43] [train] ep=40 step=010/40 ce=0.3078 sc=0.7559 mi=0.0547 dn=0.0000 v13=0.0004 grl=0.0803 v15=0.0000 v15r=0.0000 v16=0.0000 v17=0.0000 v18=0.0000 acc=1.0000 lr=2.08e-04 lambda=0.000 grl_lambda=0.961 v18_lambda=0.000 gpu=3.0/11.8GB
[00:14:49] [train] ep=40 step=020/40 ce=0.2979 sc=0.6961 mi=0.0560 dn=0.0000 v13=0.0005 grl=0.0812 v15=0.0000 v15r=0.0000 v16=0.0000 v17=0.0000 v18=0.0000 acc=1.0000 lr=2.07e-04 lambda=0.000 grl_lambda=0.962 v18_lambda=0.000 gpu=3.0/11.8GB
[00:14:55] [train] ep=40 step=030/40 ce=0.2915 sc=0.7289 mi=0.0553 dn=0.0000 v13=0.0005 grl=0.0777 v15=0.0000 v15r=0.0000 v16=0.0000 v17=0.0000 v18=0.0000 acc=1.0000 lr=2.06e-04 lambda=0.000 grl_lambda=0.963 v18_lambda=0.000 gpu=3.0/11.8GB
[00:15:00] [train] ep=40 step=040/40 ce=0.3035 sc=0.7669 mi=0.0560 dn=0.0000 v13=0.0005 grl=0.0768 v15=0.0000 v15r=0.0000 v16=0.0000 v17=0.0000 v18=0.0000 acc=0.9984 lr=2.05e-04 lambda=0.000 grl_lambda=0.964 v18_lambda=0.000 gpu=3.0/11.8GB
[00:15:11] [pool] check ep=040/100 source_val_acc_ema=0.9012 threshold=0.90
[00:15:16] [pool] ep=040 ADDED src_val=0.9012/0.9004 dev77=0.4643/0.4198 final77=0.5036/0.4474
[00:15:16] [pool] running best ep=040 dev77_f1=0.4198 final77_f1=0.4474 (pool_size=1)
[00:15:16] [ep_summary] ep=40/100 val_live=0.9321/0.9292 val_ema=0.9012/0.9004 test77_live=0.8489/0.8348 test77_diag_ema=0.5036/0.4474 v13=0.0005 grl=0.0768 v15=0.0000 v15r=0.0000 v16=0.0000 v17=0.0000 v18=0.0000 das=fixed_narrow[10,30] p=1.00 ep_time=39.3s
[00:15:16] [save] best_sourceval_ema val_acc_ema=0.9012 source_val_live=0.9321/0.9292 source_val_ema=0.9012/0.9004 ep=40
[00:15:16] [save] best_sourcequalified77_ema ep=40 source_val_live=0.9321/0.9292 source_val_ema=0.9012/0.9004 test77_ema=0.5036/0.4474
[00:15:16] [strict77_monitor] ep=40 best_source_epoch=40 source_val_ema=0.9012/0.9004 test77_ema_diag=0.5036/0.4474 sourcequalified_count=1 best_sourcequalified77_epoch=40 source_val_ema=0.9012/0.9004 test77_ema=0.5036/0.4474
[00:15:16] [train] epoch 41/100 steps=40 use_dann=0 das=fixed_narrow f=[10.0,30.0] p=1.00 gpu=3.0/11.8GB
[00:15:17] [train] ep=41 step=001/40 ce=0.3612 sc=0.9409 mi=0.0630 dn=0.0000 v13=0.0012 grl=0.0807 v15=0.0000 v15r=0.0000 v16=0.0000 v17=0.0000 v18=0.0000 acc=1.0000 lr=2.05e-04 lambda=0.000 grl_lambda=0.964 v18_lambda=0.000 gpu=3.0/11.8GB
[00:15:23] [train] ep=41 step=010/40 ce=0.3204 sc=0.9330 mi=0.0575 dn=0.0000 v13=0.0007 grl=0.0700 v15=0.0000 v15r=0.0000 v16=0.0000 v17=0.0000 v18=0.0000 acc=0.9938 lr=2.04e-04 lambda=0.000 grl_lambda=0.965 v18_lambda=0.000 gpu=3.0/11.8GB
[00:15:28] [train] ep=41 step=020/40 ce=0.3009 sc=0.8314 mi=0.0588 dn=0.0000 v13=0.0006 grl=0.0793 v15=0.0000 v15r=0.0000 v16=0.0000 v17=0.0000 v18=0.0000 acc=0.9969 lr=2.02e-04 lambda=0.000 grl_lambda=0.966 v18_lambda=0.000 gpu=3.0/11.8GB
[00:15:34] [train] ep=41 step=030/40 ce=0.2900 sc=0.8536 mi=0.0586 dn=0.0000 v13=0.0006 grl=0.0804 v15=0.0000 v15r=0.0000 v16=0.0000 v17=0.0000 v18=0.0000 acc=0.9979 lr=2.01e-04 lambda=0.000 grl_lambda=0.967 v18_lambda=0.000 gpu=3.0/11.8GB
[00:15:40] [train] ep=41 step=040/40 ce=0.2896 sc=0.8285 mi=0.0587 dn=0.0000 v13=0.0006 grl=0.0760 v15=0.0000 v15r=0.0000 v16=0.0000 v17=0.0000 v18=0.0000 acc=0.9984 lr=2.00e-04 lambda=0.000 grl_lambda=0.967 v18_lambda=0.000 gpu=3.0/11.8GB
[00:15:51] [ep_summary] ep=41/100 val_live=0.9691/0.9696 val_ema=0.9136/0.9144 test77_live=0.8741/0.8691 test77_diag_ema=0.5360/0.4779 v13=0.0006 grl=0.0760 v15=0.0000 v15r=0.0000 v16=0.0000 v17=0.0000 v18=0.0000 das=fixed_narrow[10,30] p=1.00 ep_time=34.4s
[00:15:51] [save] best_sourceval_ema val_acc_ema=0.9136 source_val_live=0.9691/0.9696 source_val_ema=0.9136/0.9144 ep=41
[00:15:51] [save] best_sourcequalified77_ema ep=41 source_val_live=0.9691/0.9696 source_val_ema=0.9136/0.9144 test77_ema=0.5360/0.4779
[00:15:51] [train] epoch 42/100 steps=40 use_dann=0 das=fixed_narrow f=[10.0,30.0] p=1.00 gpu=3.0/11.8GB
[00:15:52] [train] ep=42 step=001/40 ce=1.2210 sc=1.2431 mi=0.0565 dn=0.0000 v13=0.0007 grl=0.0704 v15=0.0000 v15r=0.0000 v16=0.0000 v17=0.0000 v18=0.0000 acc=0.9375 lr=2.00e-04 lambda=0.000 grl_lambda=0.967 v18_lambda=0.000 gpu=3.0/11.8GB
[00:15:57] [train] ep=42 step=010/40 ce=0.3737 sc=0.8380 mi=0.0590 dn=0.0000 v13=0.0005 grl=0.0886 v15=0.0000 v15r=0.0000 v16=0.0000 v17=0.0000 v18=0.0000 acc=0.9938 lr=1.99e-04 lambda=0.000 grl_lambda=0.968 v18_lambda=0.000 gpu=3.0/11.8GB
[00:16:03] [train] ep=42 step=020/40 ce=0.3651 sc=0.8573 mi=0.0594 dn=0.0000 v13=0.0005 grl=0.0822 v15=0.0000 v15r=0.0000 v16=0.0000 v17=0.0000 v18=0.0000 acc=0.9938 lr=1.98e-04 lambda=0.000 grl_lambda=0.969 v18_lambda=0.000 gpu=3.0/11.8GB
[00:16:09] [train] ep=42 step=030/40 ce=0.3643 sc=0.8286 mi=0.0586 dn=0.0000 v13=0.0005 grl=0.0840 v15=0.0000 v15r=0.0000 v16=0.0000 v17=0.0000 v18=0.0000 acc=0.9938 lr=1.97e-04 lambda=0.000 grl_lambda=0.970 v18_lambda=0.000 gpu=3.0/11.8GB
[00:16:14] [train] ep=42 step=040/40 ce=0.4009 sc=0.8431 mi=0.0583 dn=0.0000 v13=0.0005 grl=0.0826 v15=0.0000 v15r=0.0000 v16=0.0000 v17=0.0000 v18=0.0000 acc=0.9906 lr=1.96e-04 lambda=0.000 grl_lambda=0.970 v18_lambda=0.000 gpu=3.0/11.8GB
[00:16:25] [ep_summary] ep=42/100 val_live=0.9383/0.9378 val_ema=0.9259/0.9277 test77_live=0.8993/0.8948 test77_diag_ema=0.5576/0.4963 v13=0.0005 grl=0.0826 v15=0.0000 v15r=0.0000 v16=0.0000 v17=0.0000 v18=0.0000 das=fixed_narrow[10,30] p=1.00 ep_time=34.1s
[00:16:25] [save] best_sourceval_ema val_acc_ema=0.9259 source_val_live=0.9383/0.9378 source_val_ema=0.9259/0.9277 ep=42
[00:16:25] [save] best_sourcequalified77_ema ep=42 source_val_live=0.9383/0.9378 source_val_ema=0.9259/0.9277 test77_ema=0.5576/0.4963
[00:16:25] [train] epoch 43/100 steps=40 use_dann=0 das=fixed_narrow f=[10.0,30.0] p=1.00 gpu=3.0/11.8GB
[00:16:26] [train] ep=43 step=001/40 ce=0.2640 sc=0.9609 mi=0.0554 dn=0.0000 v13=0.0003 grl=0.1320 v15=0.0000 v15r=0.0000 v16=0.0000 v17=0.0000 v18=0.0000 acc=1.0000 lr=1.95e-04 lambda=0.000 grl_lambda=0.970 v18_lambda=0.000 gpu=3.0/11.8GB
[00:16:31] [train] ep=43 step=010/40 ce=0.3371 sc=0.9320 mi=0.0619 dn=0.0000 v13=0.0006 grl=0.0889 v15=0.0000 v15r=0.0000 v16=0.0000 v17=0.0000 v18=0.0000 acc=0.9938 lr=1.94e-04 lambda=0.000 grl_lambda=0.971 v18_lambda=0.000 gpu=3.0/11.8GB
[00:16:37] [train] ep=43 step=020/40 ce=0.3228 sc=0.8218 mi=0.0609 dn=0.0000 v13=0.0006 grl=0.0837 v15=0.0000 v15r=0.0000 v16=0.0000 v17=0.0000 v18=0.0000 acc=0.9969 lr=1.93e-04 lambda=0.000 grl_lambda=0.972 v18_lambda=0.000 gpu=3.0/11.8GB
[00:16:43] [train] ep=43 step=030/40 ce=0.3151 sc=0.8159 mi=0.0595 dn=0.0000 v13=0.0006 grl=0.0811 v15=0.0000 v15r=0.0000 v16=0.0000 v17=0.0000 v18=0.0000 acc=0.9979 lr=1.92e-04 lambda=0.000 grl_lambda=0.972 v18_lambda=0.000 gpu=3.0/11.8GB
[00:16:49] [train] ep=43 step=040/40 ce=0.3441 sc=0.8135 mi=0.0581 dn=0.0000 v13=0.0006 grl=0.0799 v15=0.0000 v15r=0.0000 v16=0.0000 v17=0.0000 v18=0.0000 acc=0.9953 lr=1.91e-04 lambda=0.000 grl_lambda=0.973 v18_lambda=0.000 gpu=3.0/11.8GB
[00:16:59] [ep_summary] ep=43/100 val_live=0.9753/0.9755 val_ema=0.9383/0.9404 test77_live=0.8633/0.8477 test77_diag_ema=0.5899/0.5241 v13=0.0006 grl=0.0799 v15=0.0000 v15r=0.0000 v16=0.0000 v17=0.0000 v18=0.0000 das=fixed_narrow[10,30] p=1.00 ep_time=34.2s
[00:16:59] [save] best_sourceval_ema val_acc_ema=0.9383 source_val_live=0.9753/0.9755 source_val_ema=0.9383/0.9404 ep=43
[00:16:59] [save] best_sourcequalified77_ema ep=43 source_val_live=0.9753/0.9755 source_val_ema=0.9383/0.9404 test77_ema=0.5899/0.5241
[00:16:59] [train] epoch 44/100 steps=40 use_dann=0 das=fixed_narrow f=[10.0,30.0] p=1.00 gpu=3.0/11.8GB
[00:17:00] [train] ep=44 step=001/40 ce=0.2708 sc=0.8518 mi=0.0588 dn=0.0000 v13=0.0004 grl=0.1217 v15=0.0000 v15r=0.0000 v16=0.0000 v17=0.0000 v18=0.0000 acc=1.0000 lr=1.91e-04 lambda=0.000 grl_lambda=0.973 v18_lambda=0.000 gpu=3.0/11.8GB
[00:17:05] [train] ep=44 step=010/40 ce=0.2642 sc=0.7360 mi=0.0588 dn=0.0000 v13=0.0005 grl=0.1022 v15=0.0000 v15r=0.0000 v16=0.0000 v17=0.0000 v18=0.0000 acc=1.0000 lr=1.90e-04 lambda=0.000 grl_lambda=0.974 v18_lambda=0.000 gpu=3.0/11.8GB
[00:17:11] [train] ep=44 step=020/40 ce=0.3447 sc=0.7543 mi=0.0585 dn=0.0000 v13=0.0005 grl=0.0957 v15=0.0000 v15r=0.0000 v16=0.0000 v17=0.0000 v18=0.0000 acc=0.9969 lr=1.89e-04 lambda=0.000 grl_lambda=0.974 v18_lambda=0.000 gpu=3.0/11.8GB
[00:17:17] [train] ep=44 step=030/40 ce=0.3626 sc=0.7685 mi=0.0583 dn=0.0000 v13=0.0005 grl=0.0911 v15=0.0000 v15r=0.0000 v16=0.0000 v17=0.0000 v18=0.0000 acc=0.9938 lr=1.87e-04 lambda=0.000 grl_lambda=0.975 v18_lambda=0.000 gpu=3.0/11.8GB
[00:17:23] [train] ep=44 step=040/40 ce=0.3658 sc=0.7829 mi=0.0585 dn=0.0000 v13=0.0005 grl=0.0868 v15=0.0000 v15r=0.0000 v16=0.0000 v17=0.0000 v18=0.0000 acc=0.9938 lr=1.86e-04 lambda=0.000 grl_lambda=0.976 v18_lambda=0.000 gpu=3.0/11.8GB
[00:17:34] [ep_summary] ep=44/100 val_live=0.9753/0.9756 val_ema=0.9506/0.9517 test77_live=0.8669/0.8601 test77_diag_ema=0.6187/0.5559 v13=0.0005 grl=0.0868 v15=0.0000 v15r=0.0000 v16=0.0000 v17=0.0000 v18=0.0000 das=fixed_narrow[10,30] p=1.00 ep_time=34.1s
[00:17:34] [save] best_sourceval_ema val_acc_ema=0.9506 source_val_live=0.9753/0.9756 source_val_ema=0.9506/0.9517 ep=44
[00:17:34] [save] best_sourcequalified77_ema ep=44 source_val_live=0.9753/0.9756 source_val_ema=0.9506/0.9517 test77_ema=0.6187/0.5559
[00:17:34] [train] epoch 45/100 steps=40 use_dann=0 das=fixed_narrow f=[10.0,30.0] p=1.00 gpu=3.0/11.8GB
[00:17:34] [train] ep=45 step=001/40 ce=0.2626 sc=0.9501 mi=0.0489 dn=0.0000 v13=0.0004 grl=0.0777 v15=0.0000 v15r=0.0000 v16=0.0000 v17=0.0000 v18=0.0000 acc=1.0000 lr=1.86e-04 lambda=0.000 grl_lambda=0.976 v18_lambda=0.000 gpu=3.0/11.8GB
[00:17:40] [train] ep=45 step=010/40 ce=0.3045 sc=0.8264 mi=0.0537 dn=0.0000 v13=0.0005 grl=0.0627 v15=0.0000 v15r=0.0000 v16=0.0000 v17=0.0000 v18=0.0000 acc=1.0000 lr=1.85e-04 lambda=0.000 grl_lambda=0.976 v18_lambda=0.000 gpu=3.0/11.8GB
[00:17:45] [train] ep=45 step=020/40 ce=0.3563 sc=0.7955 mi=0.0550 dn=0.0000 v13=0.0006 grl=0.0743 v15=0.0000 v15r=0.0000 v16=0.0000 v17=0.0000 v18=0.0000 acc=0.9906 lr=1.84e-04 lambda=0.000 grl_lambda=0.977 v18_lambda=0.000 gpu=3.0/11.8GB
[00:17:51] [train] ep=45 step=030/40 ce=0.3419 sc=0.8032 mi=0.0560 dn=0.0000 v13=0.0006 grl=0.0754 v15=0.0000 v15r=0.0000 v16=0.0000 v17=0.0000 v18=0.0000 acc=0.9917 lr=1.83e-04 lambda=0.000 grl_lambda=0.977 v18_lambda=0.000 gpu=3.0/11.8GB
[00:17:57] [train] ep=45 step=040/40 ce=0.3365 sc=0.8046 mi=0.0557 dn=0.0000 v13=0.0006 grl=0.0736 v15=0.0000 v15r=0.0000 v16=0.0000 v17=0.0000 v18=0.0000 acc=0.9922 lr=1.81e-04 lambda=0.000 grl_lambda=0.978 v18_lambda=0.000 gpu=3.0/11.8GB
[00:18:08] [ep_summary] ep=45/100 val_live=0.9568/0.9575 val_ema=0.9506/0.9517 test77_live=0.8417/0.8249 test77_diag_ema=0.6403/0.5751 v13=0.0006 grl=0.0736 v15=0.0000 v15r=0.0000 v16=0.0000 v17=0.0000 v18=0.0000 das=fixed_narrow[10,30] p=1.00 ep_time=34.1s
[00:18:08] [save] best_sourcequalified77_ema ep=45 source_val_live=0.9568/0.9575 source_val_ema=0.9506/0.9517 test77_ema=0.6403/0.5751
[00:18:08] [train] epoch 46/100 steps=40 use_dann=0 das=fixed_narrow f=[10.0,30.0] p=1.00 gpu=3.0/11.8GB
[00:18:08] [train] ep=46 step=001/40 ce=0.2901 sc=0.7116 mi=0.0485 dn=0.0000 v13=0.0007 grl=0.1091 v15=0.0000 v15r=0.0000 v16=0.0000 v17=0.0000 v18=0.0000 acc=1.0000 lr=1.81e-04 lambda=0.000 grl_lambda=0.978 v18_lambda=0.000 gpu=3.0/11.8GB
[00:18:14] [train] ep=46 step=010/40 ce=0.4499 sc=0.7243 mi=0.0553 dn=0.0000 v13=0.0005 grl=0.0877 v15=0.0000 v15r=0.0000 v16=0.0000 v17=0.0000 v18=0.0000 acc=0.9875 lr=1.80e-04 lambda=0.000 grl_lambda=0.979 v18_lambda=0.000 gpu=3.0/11.8GB
[00:18:19] [train] ep=46 step=020/40 ce=0.3690 sc=0.7641 mi=0.0558 dn=0.0000 v13=0.0005 grl=0.0832 v15=0.0000 v15r=0.0000 v16=0.0000 v17=0.0000 v18=0.0000 acc=0.9938 lr=1.79e-04 lambda=0.000 grl_lambda=0.979 v18_lambda=0.000 gpu=3.0/11.8GB
[00:18:25] [train] ep=46 step=030/40 ce=0.3413 sc=0.8123 mi=0.0564 dn=0.0000 v13=0.0005 grl=0.0833 v15=0.0000 v15r=0.0000 v16=0.0000 v17=0.0000 v18=0.0000 acc=0.9958 lr=1.78e-04 lambda=0.000 grl_lambda=0.980 v18_lambda=0.000 gpu=3.0/11.8GB
[00:18:31] [train] ep=46 step=040/40 ce=0.3685 sc=0.8279 mi=0.0569 dn=0.0000 v13=0.0005 grl=0.0849 v15=0.0000 v15r=0.0000 v16=0.0000 v17=0.0000 v18=0.0000 acc=0.9922 lr=1.77e-04 lambda=0.000 grl_lambda=0.980 v18_lambda=0.000 gpu=3.0/11.8GB
[00:18:42] [ep_summary] ep=46/100 val_live=0.9691/0.9692 val_ema=0.9630/0.9631 test77_live=0.8273/0.8108 test77_diag_ema=0.6475/0.5799 v13=0.0005 grl=0.0849 v15=0.0000 v15r=0.0000 v16=0.0000 v17=0.0000 v18=0.0000 das=fixed_narrow[10,30] p=1.00 ep_time=34.0s
[00:18:42] [save] best_sourceval_ema val_acc_ema=0.9630 source_val_live=0.9691/0.9692 source_val_ema=0.9630/0.9631 ep=46
[00:18:42] [save] best_sourcequalified77_ema ep=46 source_val_live=0.9691/0.9692 source_val_ema=0.9630/0.9631 test77_ema=0.6475/0.5799
[00:18:42] [train] epoch 47/100 steps=40 use_dann=0 das=fixed_narrow f=[10.0,30.0] p=1.00 gpu=3.0/11.8GB
[00:18:42] [train] ep=47 step=001/40 ce=0.2982 sc=0.8061 mi=0.0664 dn=0.0000 v13=0.0009 grl=0.0686 v15=0.0000 v15r=0.0000 v16=0.0000 v17=0.0000 v18=0.0000 acc=1.0000 lr=1.77e-04 lambda=0.000 grl_lambda=0.980 v18_lambda=0.000 gpu=3.0/11.8GB
[00:18:48] [train] ep=47 step=010/40 ce=0.3666 sc=0.8579 mi=0.0593 dn=0.0000 v13=0.0005 grl=0.0665 v15=0.0000 v15r=0.0000 v16=0.0000 v17=0.0000 v18=0.0000 acc=0.9875 lr=1.76e-04 lambda=0.000 grl_lambda=0.981 v18_lambda=0.000 gpu=3.0/11.8GB
[00:18:54] [train] ep=47 step=020/40 ce=0.4070 sc=0.8264 mi=0.0579 dn=0.0000 v13=0.0005 grl=0.0695 v15=0.0000 v15r=0.0000 v16=0.0000 v17=0.0000 v18=0.0000 acc=0.9844 lr=1.74e-04 lambda=0.000 grl_lambda=0.981 v18_lambda=0.000 gpu=3.0/11.8GB
[00:18:59] [train] ep=47 step=030/40 ce=0.4244 sc=0.8519 mi=0.0584 dn=0.0000 v13=0.0005 grl=0.0730 v15=0.0000 v15r=0.0000 v16=0.0000 v17=0.0000 v18=0.0000 acc=0.9854 lr=1.73e-04 lambda=0.000 grl_lambda=0.981 v18_lambda=0.000 gpu=3.0/11.8GB
[00:19:05] [train] ep=47 step=040/40 ce=0.3991 sc=0.8415 mi=0.0582 dn=0.0000 v13=0.0005 grl=0.0728 v15=0.0000 v15r=0.0000 v16=0.0000 v17=0.0000 v18=0.0000 acc=0.9875 lr=1.72e-04 lambda=0.000 grl_lambda=0.982 v18_lambda=0.000 gpu=3.0/11.8GB
[00:19:16] [ep_summary] ep=47/100 val_live=0.9506/0.9496 val_ema=0.9568/0.9571 test77_live=0.8417/0.8238 test77_diag_ema=0.6691/0.6044 v13=0.0005 grl=0.0728 v15=0.0000 v15r=0.0000 v16=0.0000 v17=0.0000 v18=0.0000 das=fixed_narrow[10,30] p=1.00 ep_time=34.1s
[00:19:16] [save] best_sourcequalified77_ema ep=47 source_val_live=0.9506/0.9496 source_val_ema=0.9568/0.9571 test77_ema=0.6691/0.6044
[00:19:16] [train] epoch 48/100 steps=40 use_dann=0 das=fixed_narrow f=[10.0,30.0] p=1.00 gpu=3.0/11.8GB
[00:19:17] [train] ep=48 step=001/40 ce=0.8579 sc=1.1241 mi=0.0534 dn=0.0000 v13=0.0002 grl=0.0580 v15=0.0000 v15r=0.0000 v16=0.0000 v17=0.0000 v18=0.0000 acc=0.9375 lr=1.72e-04 lambda=0.000 grl_lambda=0.982 v18_lambda=0.000 gpu=3.0/11.8GB
[00:19:22] [train] ep=48 step=010/40 ce=0.4013 sc=0.8566 mi=0.0598 dn=0.0000 v13=0.0005 grl=0.0841 v15=0.0000 v15r=0.0000 v16=0.0000 v17=0.0000 v18=0.0000 acc=0.9875 lr=1.71e-04 lambda=0.000 grl_lambda=0.982 v18_lambda=0.000 gpu=3.0/11.8GB
[00:19:28] [train] ep=48 step=020/40 ce=0.3470 sc=0.8815 mi=0.0588 dn=0.0000 v13=0.0004 grl=0.0779 v15=0.0000 v15r=0.0000 v16=0.0000 v17=0.0000 v18=0.0000 acc=0.9938 lr=1.69e-04 lambda=0.000 grl_lambda=0.983 v18_lambda=0.000 gpu=3.0/11.8GB
[00:19:34] [train] ep=48 step=030/40 ce=0.3365 sc=0.8520 mi=0.0583 dn=0.0000 v13=0.0004 grl=0.0783 v15=0.0000 v15r=0.0000 v16=0.0000 v17=0.0000 v18=0.0000 acc=0.9938 lr=1.68e-04 lambda=0.000 grl_lambda=0.983 v18_lambda=0.000 gpu=3.0/11.8GB
[00:19:39] [train] ep=48 step=040/40 ce=0.3241 sc=0.8306 mi=0.0582 dn=0.0000 v13=0.0004 grl=0.0752 v15=0.0000 v15r=0.0000 v16=0.0000 v17=0.0000 v18=0.0000 acc=0.9953 lr=1.67e-04 lambda=0.000 grl_lambda=0.984 v18_lambda=0.000 gpu=3.0/11.8GB
[00:19:50] [ep_summary] ep=48/100 val_live=0.9691/0.9694 val_ema=0.9691/0.9695 test77_live=0.8273/0.8149 test77_diag_ema=0.6906/0.6303 v13=0.0004 grl=0.0752 v15=0.0000 v15r=0.0000 v16=0.0000 v17=0.0000 v18=0.0000 das=fixed_narrow[10,30] p=1.00 ep_time=34.1s
[00:19:50] [save] best_sourceval_ema val_acc_ema=0.9691 source_val_live=0.9691/0.9694 source_val_ema=0.9691/0.9695 ep=48
[00:19:50] [save] best_sourcequalified77_ema ep=48 source_val_live=0.9691/0.9694 source_val_ema=0.9691/0.9695 test77_ema=0.6906/0.6303
[00:19:50] [train] epoch 49/100 steps=40 use_dann=0 das=fixed_narrow f=[10.0,30.0] p=1.00 gpu=3.0/11.8GB
[00:19:51] [train] ep=49 step=001/40 ce=1.2564 sc=1.5585 mi=0.0632 dn=0.0000 v13=0.0016 grl=0.0769 v15=0.0000 v15r=0.0000 v16=0.0000 v17=0.0000 v18=0.0000 acc=0.9375 lr=1.67e-04 lambda=0.000 grl_lambda=0.984 v18_lambda=0.000 gpu=3.0/11.8GB
[00:19:56] [train] ep=49 step=010/40 ce=0.5124 sc=0.9775 mi=0.0561 dn=0.0000 v13=0.0006 grl=0.0696 v15=0.0000 v15r=0.0000 v16=0.0000 v17=0.0000 v18=0.0000 acc=0.9812 lr=1.66e-04 lambda=0.000 grl_lambda=0.984 v18_lambda=0.000 gpu=3.0/11.8GB
[00:20:02] [train] ep=49 step=020/40 ce=0.4029 sc=0.8599 mi=0.0560 dn=0.0000 v13=0.0005 grl=0.0709 v15=0.0000 v15r=0.0000 v16=0.0000 v17=0.0000 v18=0.0000 acc=0.9906 lr=1.65e-04 lambda=0.000 grl_lambda=0.984 v18_lambda=0.000 gpu=3.0/11.8GB
[00:20:08] [train] ep=49 step=030/40 ce=0.3842 sc=0.8049 mi=0.0566 dn=0.0000 v13=0.0005 grl=0.0784 v15=0.0000 v15r=0.0000 v16=0.0000 v17=0.0000 v18=0.0000 acc=0.9917 lr=1.63e-04 lambda=0.000 grl_lambda=0.985 v18_lambda=0.000 gpu=3.0/11.8GB
[00:20:14] [train] ep=49 step=040/40 ce=0.3621 sc=0.7795 mi=0.0563 dn=0.0000 v13=0.0005 grl=0.0805 v15=0.0000 v15r=0.0000 v16=0.0000 v17=0.0000 v18=0.0000 acc=0.9938 lr=1.62e-04 lambda=0.000 grl_lambda=0.985 v18_lambda=0.000 gpu=3.0/11.8GB
[00:20:24] [ep_summary] ep=49/100 val_live=0.9630/0.9623 val_ema=0.9691/0.9695 test77_live=0.8417/0.8203 test77_diag_ema=0.6942/0.6329 v13=0.0005 grl=0.0805 v15=0.0000 v15r=0.0000 v16=0.0000 v17=0.0000 v18=0.0000 das=fixed_narrow[10,30] p=1.00 ep_time=34.1s
[00:20:24] [save] best_sourcequalified77_ema ep=49 source_val_live=0.9630/0.9623 source_val_ema=0.9691/0.9695 test77_ema=0.6942/0.6329
[00:20:24] [train] epoch 50/100 steps=40 use_dann=0 das=fixed_narrow f=[10.0,30.0] p=1.00 gpu=3.0/11.8GB
[00:20:25] [train] ep=50 step=001/40 ce=0.9393 sc=1.1194 mi=0.0693 dn=0.0000 v13=0.0006 grl=0.0383 v15=0.0000 v15r=0.0000 v16=0.0000 v17=0.0000 v18=0.0000 acc=0.9375 lr=1.62e-04 lambda=0.000 grl_lambda=0.985 v18_lambda=0.000 gpu=3.0/11.8GB
[00:20:31] [train] ep=50 step=010/40 ce=0.4126 sc=0.7507 mi=0.0602 dn=0.0000 v13=0.0005 grl=0.0674 v15=0.0000 v15r=0.0000 v16=0.0000 v17=0.0000 v18=0.0000 acc=0.9875 lr=1.61e-04 lambda=0.000 grl_lambda=0.986 v18_lambda=0.000 gpu=3.0/11.8GB
[00:20:36] [train] ep=50 step=020/40 ce=0.3382 sc=0.7568 mi=0.0589 dn=0.0000 v13=0.0005 grl=0.0813 v15=0.0000 v15r=0.0000 v16=0.0000 v17=0.0000 v18=0.0000 acc=0.9938 lr=1.60e-04 lambda=0.000 grl_lambda=0.986 v18_lambda=0.000 gpu=3.0/11.8GB
[00:20:42] [train] ep=50 step=030/40 ce=0.3158 sc=0.7556 mi=0.0584 dn=0.0000 v13=0.0005 grl=0.0784 v15=0.0000 v15r=0.0000 v16=0.0000 v17=0.0000 v18=0.0000 acc=0.9958 lr=1.59e-04 lambda=0.000 grl_lambda=0.986 v18_lambda=0.000 gpu=3.0/11.8GB
[00:20:48] [train] ep=50 step=040/40 ce=0.3191 sc=0.7728 mi=0.0582 dn=0.0000 v13=0.0005 grl=0.0839 v15=0.0000 v15r=0.0000 v16=0.0000 v17=0.0000 v18=0.0000 acc=0.9953 lr=1.57e-04 lambda=0.000 grl_lambda=0.987 v18_lambda=0.000 gpu=3.0/11.8GB
[00:20:59] [pool] check ep=050/100 source_val_acc_ema=0.9691 threshold=0.90
[00:21:04] [pool] ep=050 ADDED src_val=0.9691/0.9695 dev77=0.6857/0.6288 final77=0.7122/0.6563
[00:21:04] [pool] running best ep=050 dev77_f1=0.6288 final77_f1=0.6563 (pool_size=2)
[00:21:04] [ep_summary] ep=50/100 val_live=0.9753/0.9756 val_ema=0.9691/0.9695 test77_live=0.8417/0.8276 test77_diag_ema=0.7122/0.6563 v13=0.0005 grl=0.0839 v15=0.0000 v15r=0.0000 v16=0.0000 v17=0.0000 v18=0.0000 das=fixed_narrow[10,30] p=1.00 ep_time=39.3s
[00:21:04] [save] best_sourcequalified77_ema ep=50 source_val_live=0.9753/0.9756 source_val_ema=0.9691/0.9695 test77_ema=0.7122/0.6563
[00:21:04] [strict77_monitor] ep=50 best_source_epoch=48 source_val_ema=0.9691/0.9695 test77_ema_diag=0.6906/0.6303 sourcequalified_count=11 best_sourcequalified77_epoch=50 source_val_ema=0.9691/0.9695 test77_ema=0.7122/0.6563
[00:21:04] [train] epoch 51/100 steps=40 use_dann=0 das=fixed_narrow f=[10.0,30.0] p=1.00 gpu=3.0/11.8GB
[00:21:04] [train] ep=51 step=001/40 ce=0.2612 sc=0.9976 mi=0.0609 dn=0.0000 v13=0.0002 grl=0.0663 v15=0.0000 v15r=0.0000 v16=0.0000 v17=0.0000 v18=0.0000 acc=1.0000 lr=1.57e-04 lambda=0.000 grl_lambda=0.987 v18_lambda=0.000 gpu=3.0/11.8GB
[00:21:10] [train] ep=51 step=010/40 ce=0.3202 sc=0.7800 mi=0.0558 dn=0.0000 v13=0.0004 grl=0.0775 v15=0.0000 v15r=0.0000 v16=0.0000 v17=0.0000 v18=0.0000 acc=0.9938 lr=1.56e-04 lambda=0.000 grl_lambda=0.987 v18_lambda=0.000 gpu=3.0/11.8GB
[00:21:15] [train] ep=51 step=020/40 ce=0.2907 sc=0.7599 mi=0.0577 dn=0.0000 v13=0.0005 grl=0.0798 v15=0.0000 v15r=0.0000 v16=0.0000 v17=0.0000 v18=0.0000 acc=0.9969 lr=1.55e-04 lambda=0.000 grl_lambda=0.987 v18_lambda=0.000 gpu=3.0/11.8GB
[00:21:21] [train] ep=51 step=030/40 ce=0.3022 sc=0.7520 mi=0.0566 dn=0.0000 v13=0.0004 grl=0.0747 v15=0.0000 v15r=0.0000 v16=0.0000 v17=0.0000 v18=0.0000 acc=0.9958 lr=1.54e-04 lambda=0.000 grl_lambda=0.988 v18_lambda=0.000 gpu=3.0/11.8GB
[00:21:27] [train] ep=51 step=040/40 ce=0.3624 sc=0.8207 mi=0.0566 dn=0.0000 v13=0.0005 grl=0.0767 v15=0.0000 v15r=0.0000 v16=0.0000 v17=0.0000 v18=0.0000 acc=0.9922 lr=1.53e-04 lambda=0.000 grl_lambda=0.988 v18_lambda=0.000 gpu=3.0/11.8GB
[00:21:38] [ep_summary] ep=51/100 val_live=0.9630/0.9634 val_ema=0.9691/0.9695 test77_live=0.8669/0.8521 test77_diag_ema=0.7194/0.6659 v13=0.0005 grl=0.0767 v15=0.0000 v15r=0.0000 v16=0.0000 v17=0.0000 v18=0.0000 das=fixed_narrow[10,30] p=1.00 ep_time=34.1s
[00:21:38] [save] best_sourcequalified77_ema ep=51 source_val_live=0.9630/0.9634 source_val_ema=0.9691/0.9695 test77_ema=0.7194/0.6659
[00:21:38] [train] epoch 52/100 steps=40 use_dann=0 das=fixed_narrow f=[10.0,30.0] p=1.00 gpu=3.0/11.8GB
[00:21:38] [train] ep=52 step=001/40 ce=0.2653 sc=0.4484 mi=0.0523 dn=0.0000 v13=0.0006 grl=0.1112 v15=0.0000 v15r=0.0000 v16=0.0000 v17=0.0000 v18=0.0000 acc=1.0000 lr=1.52e-04 lambda=0.000 grl_lambda=0.988 v18_lambda=0.000 gpu=3.0/11.8GB
[00:21:44] [train] ep=52 step=010/40 ce=0.3448 sc=0.8257 mi=0.0579 dn=0.0000 v13=0.0005 grl=0.0899 v15=0.0000 v15r=0.0000 v16=0.0000 v17=0.0000 v18=0.0000 acc=0.9938 lr=1.51e-04 lambda=0.000 grl_lambda=0.988 v18_lambda=0.000 gpu=3.0/11.8GB
[00:21:49] [train] ep=52 step=020/40 ce=0.3579 sc=0.8507 mi=0.0581 dn=0.0000 v13=0.0004 grl=0.0844 v15=0.0000 v15r=0.0000 v16=0.0000 v17=0.0000 v18=0.0000 acc=0.9938 lr=1.50e-04 lambda=0.000 grl_lambda=0.988 v18_lambda=0.000 gpu=3.0/11.8GB
[00:21:55] [train] ep=52 step=030/40 ce=0.3529 sc=0.8229 mi=0.0578 dn=0.0000 v13=0.0005 grl=0.0885 v15=0.0000 v15r=0.0000 v16=0.0000 v17=0.0000 v18=0.0000 acc=0.9938 lr=1.49e-04 lambda=0.000 grl_lambda=0.989 v18_lambda=0.000 gpu=3.0/11.8GB
[00:22:01] [train] ep=52 step=040/40 ce=0.3819 sc=0.8476 mi=0.0589 dn=0.0000 v13=0.0005 grl=0.0873 v15=0.0000 v15r=0.0000 v16=0.0000 v17=0.0000 v18=0.0000 acc=0.9906 lr=1.48e-04 lambda=0.000 grl_lambda=0.989 v18_lambda=0.000 gpu=3.0/11.8GB
[00:22:12] [ep_summary] ep=52/100 val_live=0.9753/0.9757 val_ema=0.9753/0.9757 test77_live=0.8453/0.8407 test77_diag_ema=0.7266/0.6732 v13=0.0005 grl=0.0873 v15=0.0000 v15r=0.0000 v16=0.0000 v17=0.0000 v18=0.0000 das=fixed_narrow[10,30] p=1.00 ep_time=34.0s
[00:22:12] [save] best_sourceval_ema val_acc_ema=0.9753 source_val_live=0.9753/0.9757 source_val_ema=0.9753/0.9757 ep=52
[00:22:12] [save] best_sourcequalified77_ema ep=52 source_val_live=0.9753/0.9757 source_val_ema=0.9753/0.9757 test77_ema=0.7266/0.6732
[00:22:12] [train] epoch 53/100 steps=40 use_dann=0 das=fixed_narrow f=[10.0,30.0] p=1.00 gpu=3.0/11.8GB
[00:22:13] [train] ep=53 step=001/40 ce=0.2692 sc=0.4361 mi=0.0603 dn=0.0000 v13=0.0004 grl=0.0812 v15=0.0000 v15r=0.0000 v16=0.0000 v17=0.0000 v18=0.0000 acc=1.0000 lr=1.48e-04 lambda=0.000 grl_lambda=0.989 v18_lambda=0.000 gpu=3.0/11.8GB
[00:22:18] [train] ep=53 step=010/40 ce=0.3740 sc=0.7942 mi=0.0539 dn=0.0000 v13=0.0004 grl=0.0847 v15=0.0000 v15r=0.0000 v16=0.0000 v17=0.0000 v18=0.0000 acc=0.9938 lr=1.46e-04 lambda=0.000 grl_lambda=0.989 v18_lambda=0.000 gpu=3.0/11.8GB
[00:22:24] [train] ep=53 step=020/40 ce=0.3487 sc=0.8330 mi=0.0556 dn=0.0000 v13=0.0005 grl=0.0803 v15=0.0000 v15r=0.0000 v16=0.0000 v17=0.0000 v18=0.0000 acc=0.9938 lr=1.45e-04 lambda=0.000 grl_lambda=0.990 v18_lambda=0.000 gpu=3.0/11.8GB
[00:22:30] [train] ep=53 step=030/40 ce=0.3847 sc=0.8323 mi=0.0562 dn=0.0000 v13=0.0005 grl=0.0799 v15=0.0000 v15r=0.0000 v16=0.0000 v17=0.0000 v18=0.0000 acc=0.9917 lr=1.44e-04 lambda=0.000 grl_lambda=0.990 v18_lambda=0.000 gpu=3.0/11.8GB
[00:22:35] [train] ep=53 step=040/40 ce=0.3616 sc=0.8451 mi=0.0567 dn=0.0000 v13=0.0005 grl=0.0809 v15=0.0000 v15r=0.0000 v16=0.0000 v17=0.0000 v18=0.0000 acc=0.9938 lr=1.43e-04 lambda=0.000 grl_lambda=0.990 v18_lambda=0.000 gpu=3.0/11.8GB
[00:22:46] [ep_summary] ep=53/100 val_live=0.9444/0.9439 val_ema=0.9753/0.9757 test77_live=0.8345/0.8280 test77_diag_ema=0.7302/0.6751 v13=0.0005 grl=0.0809 v15=0.0000 v15r=0.0000 v16=0.0000 v17=0.0000 v18=0.0000 das=fixed_narrow[10,30] p=1.00 ep_time=34.1s
[00:22:46] [save] best_sourcequalified77_ema ep=53 source_val_live=0.9444/0.9439 source_val_ema=0.9753/0.9757 test77_ema=0.7302/0.6751
[00:22:46] [train] epoch 54/100 steps=40 use_dann=0 das=fixed_narrow f=[10.0,30.0] p=1.00 gpu=3.0/11.8GB
[00:22:47] [train] ep=54 step=001/40 ce=0.2620 sc=0.8442 mi=0.0541 dn=0.0000 v13=0.0003 grl=0.0554 v15=0.0000 v15r=0.0000 v16=0.0000 v17=0.0000 v18=0.0000 acc=1.0000 lr=1.43e-04 lambda=0.000 grl_lambda=0.990 v18_lambda=0.000 gpu=3.0/11.8GB
[00:22:52] [train] ep=54 step=010/40 ce=0.4059 sc=0.6990 mi=0.0579 dn=0.0000 v13=0.0004 grl=0.0830 v15=0.0000 v15r=0.0000 v16=0.0000 v17=0.0000 v18=0.0000 acc=0.9875 lr=1.42e-04 lambda=0.000 grl_lambda=0.990 v18_lambda=0.000 gpu=3.0/11.8GB
[00:22:58] [train] ep=54 step=020/40 ce=0.3522 sc=0.7401 mi=0.0563 dn=0.0000 v13=0.0005 grl=0.0805 v15=0.0000 v15r=0.0000 v16=0.0000 v17=0.0000 v18=0.0000 acc=0.9938 lr=1.40e-04 lambda=0.000 grl_lambda=0.991 v18_lambda=0.000 gpu=3.0/11.8GB
[00:23:04] [train] ep=54 step=030/40 ce=0.3767 sc=0.7618 mi=0.0569 dn=0.0000 v13=0.0005 grl=0.0784 v15=0.0000 v15r=0.0000 v16=0.0000 v17=0.0000 v18=0.0000 acc=0.9917 lr=1.39e-04 lambda=0.000 grl_lambda=0.991 v18_lambda=0.000 gpu=3.0/11.8GB
[00:23:09] [train] ep=54 step=040/40 ce=0.3624 sc=0.7684 mi=0.0561 dn=0.0000 v13=0.0005 grl=0.0764 v15=0.0000 v15r=0.0000 v16=0.0000 v17=0.0000 v18=0.0000 acc=0.9938 lr=1.38e-04 lambda=0.000 grl_lambda=0.991 v18_lambda=0.000 gpu=3.0/11.8GB
[00:23:20] [ep_summary] ep=54/100 val_live=0.9753/0.9756 val_ema=0.9753/0.9757 test77_live=0.8453/0.8334 test77_diag_ema=0.7518/0.7053 v13=0.0005 grl=0.0764 v15=0.0000 v15r=0.0000 v16=0.0000 v17=0.0000 v18=0.0000 das=fixed_narrow[10,30] p=1.00 ep_time=34.1s
[00:23:20] [save] best_sourcequalified77_ema ep=54 source_val_live=0.9753/0.9756 source_val_ema=0.9753/0.9757 test77_ema=0.7518/0.7053
[00:23:20] [train] epoch 55/100 steps=40 use_dann=0 das=fixed_narrow f=[10.0,30.0] p=1.00 gpu=3.0/11.8GB
[00:23:21] [train] ep=55 step=001/40 ce=0.2686 sc=0.9558 mi=0.0647 dn=0.0000 v13=0.0003 grl=0.0543 v15=0.0000 v15r=0.0000 v16=0.0000 v17=0.0000 v18=0.0000 acc=1.0000 lr=1.38e-04 lambda=0.000 grl_lambda=0.991 v18_lambda=0.000 gpu=3.0/11.8GB
[00:23:26] [train] ep=55 step=010/40 ce=0.4012 sc=0.7887 mi=0.0568 dn=0.0000 v13=0.0004 grl=0.0769 v15=0.0000 v15r=0.0000 v16=0.0000 v17=0.0000 v18=0.0000 acc=0.9875 lr=1.37e-04 lambda=0.000 grl_lambda=0.991 v18_lambda=0.000 gpu=3.0/11.8GB
[00:23:32] [train] ep=55 step=020/40 ce=0.3459 sc=0.7980 mi=0.0578 dn=0.0000 v13=0.0005 grl=0.0758 v15=0.0000 v15r=0.0000 v16=0.0000 v17=0.0000 v18=0.0000 acc=0.9938 lr=1.36e-04 lambda=0.000 grl_lambda=0.991 v18_lambda=0.000 gpu=3.0/11.8GB
[00:23:38] [train] ep=55 step=030/40 ce=0.3756 sc=0.7987 mi=0.0565 dn=0.0000 v13=0.0005 grl=0.0747 v15=0.0000 v15r=0.0000 v16=0.0000 v17=0.0000 v18=0.0000 acc=0.9917 lr=1.34e-04 lambda=0.000 grl_lambda=0.992 v18_lambda=0.000 gpu=3.0/11.8GB
[00:23:44] [train] ep=55 step=040/40 ce=0.3659 sc=0.8331 mi=0.0570 dn=0.0000 v13=0.0005 grl=0.0754 v15=0.0000 v15r=0.0000 v16=0.0000 v17=0.0000 v18=0.0000 acc=0.9922 lr=1.33e-04 lambda=0.000 grl_lambda=0.992 v18_lambda=0.000 gpu=3.0/11.8GB
[00:23:54] [ep_summary] ep=55/100 val_live=0.9691/0.9687 val_ema=0.9753/0.9757 test77_live=0.8309/0.8080 test77_diag_ema=0.7554/0.7130 v13=0.0005 grl=0.0754 v15=0.0000 v15r=0.0000 v16=0.0000 v17=0.0000 v18=0.0000 das=fixed_narrow[10,30] p=1.00 ep_time=34.1s
[00:23:54] [save] best_sourcequalified77_ema ep=55 source_val_live=0.9691/0.9687 source_val_ema=0.9753/0.9757 test77_ema=0.7554/0.7130
[00:23:54] [train] epoch 56/100 steps=40 use_dann=0 das=fixed_narrow f=[10.0,30.0] p=1.00 gpu=3.0/11.8GB
[00:23:55] [train] ep=56 step=001/40 ce=0.2643 sc=0.6544 mi=0.0510 dn=0.0000 v13=0.0006 grl=0.1103 v15=0.0000 v15r=0.0000 v16=0.0000 v17=0.0000 v18=0.0000 acc=1.0000 lr=1.33e-04 lambda=0.000 grl_lambda=0.992 v18_lambda=0.000 gpu=3.0/11.8GB
[00:24:00] [train] ep=56 step=010/40 ce=0.3673 sc=0.8171 mi=0.0550 dn=0.0000 v13=0.0004 grl=0.0926 v15=0.0000 v15r=0.0000 v16=0.0000 v17=0.0000 v18=0.0000 acc=0.9938 lr=1.32e-04 lambda=0.000 grl_lambda=0.992 v18_lambda=0.000 gpu=3.0/11.8GB
[00:24:06] [train] ep=56 step=020/40 ce=0.3512 sc=0.7851 mi=0.0561 dn=0.0000 v13=0.0004 grl=0.0825 v15=0.0000 v15r=0.0000 v16=0.0000 v17=0.0000 v18=0.0000 acc=0.9938 lr=1.31e-04 lambda=0.000 grl_lambda=0.992 v18_lambda=0.000 gpu=3.0/11.8GB
[00:24:12] [train] ep=56 step=030/40 ce=0.3273 sc=0.7696 mi=0.0570 dn=0.0000 v13=0.0005 grl=0.0850 v15=0.0000 v15r=0.0000 v16=0.0000 v17=0.0000 v18=0.0000 acc=0.9958 lr=1.30e-04 lambda=0.000 grl_lambda=0.992 v18_lambda=0.000 gpu=3.0/11.8GB
[00:24:18] [train] ep=56 step=040/40 ce=0.3167 sc=0.7521 mi=0.0567 dn=0.0000 v13=0.0005 grl=0.0849 v15=0.0000 v15r=0.0000 v16=0.0000 v17=0.0000 v18=0.0000 acc=0.9969 lr=1.28e-04 lambda=0.000 grl_lambda=0.993 v18_lambda=0.000 gpu=3.0/11.8GB
[00:24:29] [ep_summary] ep=56/100 val_live=0.9444/0.9440 val_ema=0.9753/0.9757 test77_live=0.7770/0.7564 test77_diag_ema=0.7590/0.7158 v13=0.0005 grl=0.0849 v15=0.0000 v15r=0.0000 v16=0.0000 v17=0.0000 v18=0.0000 das=fixed_narrow[10,30] p=1.00 ep_time=34.1s
[00:24:29] [save] best_sourcequalified77_ema ep=56 source_val_live=0.9444/0.9440 source_val_ema=0.9753/0.9757 test77_ema=0.7590/0.7158
[00:24:29] [train] epoch 57/100 steps=40 use_dann=0 das=fixed_narrow f=[10.0,30.0] p=1.00 gpu=3.0/11.8GB
[00:24:29] [train] ep=57 step=001/40 ce=0.3909 sc=0.6241 mi=0.0609 dn=0.0000 v13=0.0003 grl=0.0632 v15=0.0000 v15r=0.0000 v16=0.0000 v17=0.0000 v18=0.0000 acc=1.0000 lr=1.28e-04 lambda=0.000 grl_lambda=0.993 v18_lambda=0.000 gpu=3.0/11.8GB
[00:24:34] [train] ep=57 step=010/40 ce=0.3957 sc=0.8419 mi=0.0606 dn=0.0000 v13=0.0005 grl=0.0873 v15=0.0000 v15r=0.0000 v16=0.0000 v17=0.0000 v18=0.0000 acc=0.9938 lr=1.27e-04 lambda=0.000 grl_lambda=0.993 v18_lambda=0.000 gpu=3.0/11.8GB
[00:24:40] [train] ep=57 step=020/40 ce=0.3374 sc=0.7463 mi=0.0603 dn=0.0000 v13=0.0005 grl=0.0834 v15=0.0000 v15r=0.0000 v16=0.0000 v17=0.0000 v18=0.0000 acc=0.9969 lr=1.26e-04 lambda=0.000 grl_lambda=0.993 v18_lambda=0.000 gpu=3.0/11.8GB
[00:24:46] [train] ep=57 step=030/40 ce=0.3908 sc=0.7966 mi=0.0587 dn=0.0000 v13=0.0004 grl=0.0821 v15=0.0000 v15r=0.0000 v16=0.0000 v17=0.0000 v18=0.0000 acc=0.9917 lr=1.25e-04 lambda=0.000 grl_lambda=0.993 v18_lambda=0.000 gpu=3.0/11.8GB
[00:24:52] [train] ep=57 step=040/40 ce=0.3763 sc=0.8081 mi=0.0589 dn=0.0000 v13=0.0004 grl=0.0820 v15=0.0000 v15r=0.0000 v16=0.0000 v17=0.0000 v18=0.0000 acc=0.9922 lr=1.24e-04 lambda=0.000 grl_lambda=0.993 v18_lambda=0.000 gpu=3.0/11.8GB
[00:25:03] [ep_summary] ep=57/100 val_live=0.9506/0.9503 val_ema=0.9753/0.9757 test77_live=0.8094/0.7835 test77_diag_ema=0.7554/0.7172 v13=0.0004 grl=0.0820 v15=0.0000 v15r=0.0000 v16=0.0000 v17=0.0000 v18=0.0000 das=fixed_narrow[10,30] p=1.00 ep_time=34.1s
[00:25:03] [save] best_sourcequalified77_ema ep=57 source_val_live=0.9506/0.9503 source_val_ema=0.9753/0.9757 test77_ema=0.7554/0.7172
[00:25:03] [train] epoch 58/100 steps=40 use_dann=0 das=fixed_narrow f=[10.0,30.0] p=1.00 gpu=3.0/11.8GB
[00:25:03] [train] ep=58 step=001/40 ce=0.2618 sc=0.6355 mi=0.0655 dn=0.0000 v13=0.0003 grl=0.0365 v15=0.0000 v15r=0.0000 v16=0.0000 v17=0.0000 v18=0.0000 acc=1.0000 lr=1.23e-04 lambda=0.000 grl_lambda=0.993 v18_lambda=0.000 gpu=3.0/11.8GB
[00:25:09] [train] ep=58 step=010/40 ce=0.4330 sc=0.8554 mi=0.0590 dn=0.0000 v13=0.0005 grl=0.0787 v15=0.0000 v15r=0.0000 v16=0.0000 v17=0.0000 v18=0.0000 acc=0.9875 lr=1.22e-04 lambda=0.000 grl_lambda=0.993 v18_lambda=0.000 gpu=3.0/11.8GB
[00:25:14] [train] ep=58 step=020/40 ce=0.3748 sc=0.7375 mi=0.0563 dn=0.0000 v13=0.0004 grl=0.0763 v15=0.0000 v15r=0.0000 v16=0.0000 v17=0.0000 v18=0.0000 acc=0.9906 lr=1.21e-04 lambda=0.000 grl_lambda=0.994 v18_lambda=0.000 gpu=3.0/11.8GB
[00:25:20] [train] ep=58 step=030/40 ce=0.3574 sc=0.7657 mi=0.0564 dn=0.0000 v13=0.0004 grl=0.0738 v15=0.0000 v15r=0.0000 v16=0.0000 v17=0.0000 v18=0.0000 acc=0.9917 lr=1.20e-04 lambda=0.000 grl_lambda=0.994 v18_lambda=0.000 gpu=3.0/11.8GB
[00:25:26] [train] ep=58 step=040/40 ce=0.3651 sc=0.8068 mi=0.0573 dn=0.0000 v13=0.0005 grl=0.0736 v15=0.0000 v15r=0.0000 v16=0.0000 v17=0.0000 v18=0.0000 acc=0.9922 lr=1.19e-04 lambda=0.000 grl_lambda=0.994 v18_lambda=0.000 gpu=3.0/11.8GB
[00:25:37] [ep_summary] ep=58/100 val_live=0.9753/0.9755 val_ema=0.9753/0.9757 test77_live=0.8345/0.8184 test77_diag_ema=0.7626/0.7281 v13=0.0005 grl=0.0736 v15=0.0000 v15r=0.0000 v16=0.0000 v17=0.0000 v18=0.0000 das=fixed_narrow[10,30] p=1.00 ep_time=34.2s
[00:25:37] [save] best_sourcequalified77_ema ep=58 source_val_live=0.9753/0.9755 source_val_ema=0.9753/0.9757 test77_ema=0.7626/0.7281
[00:25:37] [train] epoch 59/100 steps=40 use_dann=0 das=fixed_narrow f=[10.0,30.0] p=1.00 gpu=3.0/11.8GB
[00:25:38] [train] ep=59 step=001/40 ce=0.2878 sc=0.6693 mi=0.0581 dn=0.0000 v13=0.0005 grl=0.0997 v15=0.0000 v15r=0.0000 v16=0.0000 v17=0.0000 v18=0.0000 acc=1.0000 lr=1.19e-04 lambda=0.000 grl_lambda=0.994 v18_lambda=0.000 gpu=3.0/11.8GB
[00:25:43] [train] ep=59 step=010/40 ce=0.2911 sc=0.7669 mi=0.0562 dn=0.0000 v13=0.0006 grl=0.0823 v15=0.0000 v15r=0.0000 v16=0.0000 v17=0.0000 v18=0.0000 acc=1.0000 lr=1.18e-04 lambda=0.000 grl_lambda=0.994 v18_lambda=0.000 gpu=3.0/11.8GB
[00:25:49] [train] ep=59 step=020/40 ce=0.2779 sc=0.7339 mi=0.0562 dn=0.0000 v13=0.0005 grl=0.0799 v15=0.0000 v15r=0.0000 v16=0.0000 v17=0.0000 v18=0.0000 acc=1.0000 lr=1.16e-04 lambda=0.000 grl_lambda=0.994 v18_lambda=0.000 gpu=3.0/11.8GB
[00:25:55] [train] ep=59 step=030/40 ce=0.3420 sc=0.7864 mi=0.0561 dn=0.0000 v13=0.0005 grl=0.0772 v15=0.0000 v15r=0.0000 v16=0.0000 v17=0.0000 v18=0.0000 acc=0.9938 lr=1.15e-04 lambda=0.000 grl_lambda=0.994 v18_lambda=0.000 gpu=3.0/11.8GB
[00:26:01] [train] ep=59 step=040/40 ce=0.3400 sc=0.7894 mi=0.0562 dn=0.0000 v13=0.0004 grl=0.0779 v15=0.0000 v15r=0.0000 v16=0.0000 v17=0.0000 v18=0.0000 acc=0.9938 lr=1.14e-04 lambda=0.000 grl_lambda=0.995 v18_lambda=0.000 gpu=3.0/11.8GB
[00:26:11] [ep_summary] ep=59/100 val_live=0.9753/0.9756 val_ema=0.9691/0.9696 test77_live=0.7914/0.7636 test77_diag_ema=0.7662/0.7308 v13=0.0004 grl=0.0779 v15=0.0000 v15r=0.0000 v16=0.0000 v17=0.0000 v18=0.0000 das=fixed_narrow[10,30] p=1.00 ep_time=34.4s
[00:26:11] [save] best_sourcequalified77_ema ep=59 source_val_live=0.9753/0.9756 source_val_ema=0.9691/0.9696 test77_ema=0.7662/0.7308
[00:26:11] [train] epoch 60/100 steps=40 use_dann=0 das=fixed_narrow f=[10.0,30.0] p=1.00 gpu=3.0/11.8GB
[00:26:12] [train] ep=60 step=001/40 ce=0.7833 sc=1.0303 mi=0.0609 dn=0.0000 v13=0.0003 grl=0.1147 v15=0.0000 v15r=0.0000 v16=0.0000 v17=0.0000 v18=0.0000 acc=0.9375 lr=1.14e-04 lambda=0.000 grl_lambda=0.995 v18_lambda=0.000 gpu=3.0/11.8GB
[00:26:17] [train] ep=60 step=010/40 ce=0.4366 sc=0.7985 mi=0.0572 dn=0.0000 v13=0.0004 grl=0.0728 v15=0.0000 v15r=0.0000 v16=0.0000 v17=0.0000 v18=0.0000 acc=0.9812 lr=1.13e-04 lambda=0.000 grl_lambda=0.995 v18_lambda=0.000 gpu=3.0/11.8GB
[00:26:23] [train] ep=60 step=020/40 ce=0.3983 sc=0.7841 mi=0.0576 dn=0.0000 v13=0.0004 grl=0.0795 v15=0.0000 v15r=0.0000 v16=0.0000 v17=0.0000 v18=0.0000 acc=0.9875 lr=1.12e-04 lambda=0.000 grl_lambda=0.995 v18_lambda=0.000 gpu=3.0/11.8GB
[00:26:29] [train] ep=60 step=030/40 ce=0.3886 sc=0.8183 mi=0.0570 dn=0.0000 v13=0.0004 grl=0.0768 v15=0.0000 v15r=0.0000 v16=0.0000 v17=0.0000 v18=0.0000 acc=0.9875 lr=1.11e-04 lambda=0.000 grl_lambda=0.995 v18_lambda=0.000 gpu=3.0/11.8GB
[00:26:35] [train] ep=60 step=040/40 ce=0.3576 sc=0.7880 mi=0.0580 dn=0.0000 v13=0.0004 grl=0.0759 v15=0.0000 v15r=0.0000 v16=0.0000 v17=0.0000 v18=0.0000 acc=0.9906 lr=1.09e-04 lambda=0.000 grl_lambda=0.995 v18_lambda=0.000 gpu=3.0/11.8GB
[00:26:46] [pool] check ep=060/100 source_val_acc_ema=0.9753 threshold=0.90
[00:26:51] [pool] ep=060 ADDED src_val=0.9753/0.9757 dev77=0.7214/0.6840 final77=0.7698/0.7341
[00:26:51] [pool] running best ep=060 dev77_f1=0.6840 final77_f1=0.7341 (pool_size=3)
[00:26:51] [ep_summary] ep=60/100 val_live=0.9691/0.9692 val_ema=0.9753/0.9757 test77_live=0.8381/0.8178 test77_diag_ema=0.7698/0.7341 v13=0.0004 grl=0.0759 v15=0.0000 v15r=0.0000 v16=0.0000 v17=0.0000 v18=0.0000 das=fixed_narrow[10,30] p=1.00 ep_time=39.4s
[00:26:51] [save] best_sourcequalified77_ema ep=60 source_val_live=0.9691/0.9692 source_val_ema=0.9753/0.9757 test77_ema=0.7698/0.7341
[00:26:51] [strict77_monitor] ep=60 best_source_epoch=52 source_val_ema=0.9753/0.9757 test77_ema_diag=0.7266/0.6732 sourcequalified_count=21 best_sourcequalified77_epoch=60 source_val_ema=0.9753/0.9757 test77_ema=0.7698/0.7341
[00:26:51] [train] epoch 61/100 steps=40 use_dann=0 das=fixed_narrow f=[10.0,30.0] p=1.00 gpu=3.0/11.8GB
[00:26:52] [train] ep=61 step=001/40 ce=0.2581 sc=0.7848 mi=0.0511 dn=0.0000 v13=0.0004 grl=0.0838 v15=0.0000 v15r=0.0000 v16=0.0000 v17=0.0000 v18=0.0000 acc=1.0000 lr=1.09e-04 lambda=0.000 grl_lambda=0.995 v18_lambda=0.000 gpu=3.0/11.8GB
[00:26:57] [train] ep=61 step=010/40 ce=0.3134 sc=0.7550 mi=0.0529 dn=0.0000 v13=0.0004 grl=0.0747 v15=0.0000 v15r=0.0000 v16=0.0000 v17=0.0000 v18=0.0000 acc=0.9938 lr=1.08e-04 lambda=0.000 grl_lambda=0.995 v18_lambda=0.000 gpu=3.0/11.8GB
[00:27:03] [train] ep=61 step=020/40 ce=0.2946 sc=0.7450 mi=0.0522 dn=0.0000 v13=0.0004 grl=0.0728 v15=0.0000 v15r=0.0000 v16=0.0000 v17=0.0000 v18=0.0000 acc=0.9969 lr=1.07e-04 lambda=0.000 grl_lambda=0.995 v18_lambda=0.000 gpu=3.0/11.8GB
[00:27:09] [train] ep=61 step=030/40 ce=0.3496 sc=0.7537 mi=0.0531 dn=0.0000 v13=0.0004 grl=0.0751 v15=0.0000 v15r=0.0000 v16=0.0000 v17=0.0000 v18=0.0000 acc=0.9938 lr=1.06e-04 lambda=0.000 grl_lambda=0.995 v18_lambda=0.000 gpu=3.0/11.8GB
[00:27:14] [train] ep=61 step=040/40 ce=0.3635 sc=0.7845 mi=0.0530 dn=0.0000 v13=0.0004 grl=0.0755 v15=0.0000 v15r=0.0000 v16=0.0000 v17=0.0000 v18=0.0000 acc=0.9922 lr=1.05e-04 lambda=0.000 grl_lambda=0.996 v18_lambda=0.000 gpu=3.0/11.8GB
[00:27:25] [ep_summary] ep=61/100 val_live=0.9753/0.9756 val_ema=0.9753/0.9757 test77_live=0.8273/0.8056 test77_diag_ema=0.7698/0.7347 v13=0.0004 grl=0.0755 v15=0.0000 v15r=0.0000 v16=0.0000 v17=0.0000 v18=0.0000 das=fixed_narrow[10,30] p=1.00 ep_time=34.2s
[00:27:25] [save] best_sourcequalified77_ema ep=61 source_val_live=0.9753/0.9756 source_val_ema=0.9753/0.9757 test77_ema=0.7698/0.7347
[00:27:25] [train] epoch 62/100 steps=40 use_dann=0 das=fixed_narrow f=[10.0,30.0] p=1.00 gpu=3.0/11.8GB
[00:27:26] [train] ep=62 step=001/40 ce=0.2653 sc=0.8598 mi=0.0659 dn=0.0000 v13=0.0003 grl=0.0538 v15=0.0000 v15r=0.0000 v16=0.0000 v17=0.0000 v18=0.0000 acc=1.0000 lr=1.05e-04 lambda=0.000 grl_lambda=0.996 v18_lambda=0.000 gpu=3.0/11.8GB
[00:27:31] [train] ep=62 step=010/40 ce=0.3374 sc=0.8468 mi=0.0576 dn=0.0000 v13=0.0004 grl=0.0690 v15=0.0000 v15r=0.0000 v16=0.0000 v17=0.0000 v18=0.0000 acc=0.9938 lr=1.04e-04 lambda=0.000 grl_lambda=0.996 v18_lambda=0.000 gpu=3.0/11.8GB
[00:27:37] [train] ep=62 step=020/40 ce=0.3214 sc=0.7958 mi=0.0568 dn=0.0000 v13=0.0004 grl=0.0695 v15=0.0000 v15r=0.0000 v16=0.0000 v17=0.0000 v18=0.0000 acc=0.9938 lr=1.02e-04 lambda=0.000 grl_lambda=0.996 v18_lambda=0.000 gpu=3.0/11.8GB
[00:27:43] [train] ep=62 step=030/40 ce=0.3082 sc=0.7630 mi=0.0557 dn=0.0000 v13=0.0004 grl=0.0725 v15=0.0000 v15r=0.0000 v16=0.0000 v17=0.0000 v18=0.0000 acc=0.9958 lr=1.01e-04 lambda=0.000 grl_lambda=0.996 v18_lambda=0.000 gpu=3.0/11.8GB
[00:27:49] [train] ep=62 step=040/40 ce=0.2987 sc=0.7771 mi=0.0559 dn=0.0000 v13=0.0004 grl=0.0710 v15=0.0000 v15r=0.0000 v16=0.0000 v17=0.0000 v18=0.0000 acc=0.9969 lr=1.00e-04 lambda=0.000 grl_lambda=0.996 v18_lambda=0.000 gpu=3.0/11.8GB
[00:28:00] [ep_summary] ep=62/100 val_live=0.9630/0.9634 val_ema=0.9753/0.9757 test77_live=0.8417/0.8198 test77_diag_ema=0.7842/0.7491 v13=0.0004 grl=0.0710 v15=0.0000 v15r=0.0000 v16=0.0000 v17=0.0000 v18=0.0000 das=fixed_narrow[10,30] p=1.00 ep_time=34.4s
[00:28:00] [save] best_sourcequalified77_ema ep=62 source_val_live=0.9630/0.9634 source_val_ema=0.9753/0.9757 test77_ema=0.7842/0.7491
[00:28:00] [train] epoch 63/100 steps=40 use_dann=0 das=fixed_narrow f=[10.0,30.0] p=1.00 gpu=3.0/11.8GB
[00:28:00] [train] ep=63 step=001/40 ce=0.2571 sc=0.7310 mi=0.0581 dn=0.0000 v13=0.0002 grl=0.0638 v15=0.0000 v15r=0.0000 v16=0.0000 v17=0.0000 v18=0.0000 acc=1.0000 lr=1.00e-04 lambda=0.000 grl_lambda=0.996 v18_lambda=0.000 gpu=3.0/11.8GB
[00:28:06] [train] ep=63 step=010/40 ce=0.2986 sc=0.7567 mi=0.0538 dn=0.0000 v13=0.0004 grl=0.0861 v15=0.0000 v15r=0.0000 v16=0.0000 v17=0.0000 v18=0.0000 acc=0.9938 lr=9.89e-05 lambda=0.000 grl_lambda=0.996 v18_lambda=0.000 gpu=3.0/11.8GB
[00:28:11] [train] ep=63 step=020/40 ce=0.3222 sc=0.7534 mi=0.0540 dn=0.0000 v13=0.0004 grl=0.0766 v15=0.0000 v15r=0.0000 v16=0.0000 v17=0.0000 v18=0.0000 acc=0.9938 lr=9.78e-05 lambda=0.000 grl_lambda=0.996 v18_lambda=0.000 gpu=3.0/11.8GB
[00:28:17] [train] ep=63 step=030/40 ce=0.3217 sc=0.7678 mi=0.0555 dn=0.0000 v13=0.0004 grl=0.0791 v15=0.0000 v15r=0.0000 v16=0.0000 v17=0.0000 v18=0.0000 acc=0.9938 lr=9.67e-05 lambda=0.000 grl_lambda=0.996 v18_lambda=0.000 gpu=3.0/11.8GB
[00:28:23] [train] ep=63 step=040/40 ce=0.3139 sc=0.7357 mi=0.0560 dn=0.0000 v13=0.0004 grl=0.0783 v15=0.0000 v15r=0.0000 v16=0.0000 v17=0.0000 v18=0.0000 acc=0.9953 lr=9.55e-05 lambda=0.000 grl_lambda=0.996 v18_lambda=0.000 gpu=3.0/11.8GB
[00:28:34] [ep_summary] ep=63/100 val_live=0.9753/0.9757 val_ema=0.9753/0.9757 test77_live=0.8309/0.8020 test77_diag_ema=0.7914/0.7556 v13=0.0004 grl=0.0783 v15=0.0000 v15r=0.0000 v16=0.0000 v17=0.0000 v18=0.0000 das=fixed_narrow[10,30] p=1.00 ep_time=34.7s
[00:28:34] [save] best_sourcequalified77_ema ep=63 source_val_live=0.9753/0.9757 source_val_ema=0.9753/0.9757 test77_ema=0.7914/0.7556
[00:28:34] [train] epoch 64/100 steps=40 use_dann=0 das=fixed_narrow f=[10.0,30.0] p=1.00 gpu=3.0/11.8GB
[00:28:35] [train] ep=64 step=001/40 ce=0.8125 sc=0.6383 mi=0.0594 dn=0.0000 v13=0.0004 grl=0.0553 v15=0.0000 v15r=0.0000 v16=0.0000 v17=0.0000 v18=0.0000 acc=0.9375 lr=9.54e-05 lambda=0.000 grl_lambda=0.996 v18_lambda=0.000 gpu=3.0/11.8GB
[00:28:40] [train] ep=64 step=010/40 ce=0.3176 sc=0.7744 mi=0.0549 dn=0.0000 v13=0.0004 grl=0.0613 v15=0.0000 v15r=0.0000 v16=0.0000 v17=0.0000 v18=0.0000 acc=0.9938 lr=9.44e-05 lambda=0.000 grl_lambda=0.996 v18_lambda=0.000 gpu=3.0/11.8GB
[00:28:46] [train] ep=64 step=020/40 ce=0.3188 sc=0.7893 mi=0.0551 dn=0.0000 v13=0.0004 grl=0.0651 v15=0.0000 v15r=0.0000 v16=0.0000 v17=0.0000 v18=0.0000 acc=0.9938 lr=9.33e-05 lambda=0.000 grl_lambda=0.997 v18_lambda=0.000 gpu=3.0/11.8GB
[00:28:52] [train] ep=64 step=030/40 ce=0.3139 sc=0.7598 mi=0.0540 dn=0.0000 v13=0.0004 grl=0.0668 v15=0.0000 v15r=0.0000 v16=0.0000 v17=0.0000 v18=0.0000 acc=0.9958 lr=9.21e-05 lambda=0.000 grl_lambda=0.997 v18_lambda=0.000 gpu=3.0/11.8GB
[00:28:58] [train] ep=64 step=040/40 ce=0.3431 sc=0.8103 mi=0.0554 dn=0.0000 v13=0.0004 grl=0.0674 v15=0.0000 v15r=0.0000 v16=0.0000 v17=0.0000 v18=0.0000 acc=0.9938 lr=9.10e-05 lambda=0.000 grl_lambda=0.997 v18_lambda=0.000 gpu=3.0/11.8GB
[00:29:09] [ep_summary] ep=64/100 val_live=0.9691/0.9691 val_ema=0.9753/0.9757 test77_live=0.8237/0.7886 test77_diag_ema=0.7914/0.7556 v13=0.0004 grl=0.0674 v15=0.0000 v15r=0.0000 v16=0.0000 v17=0.0000 v18=0.0000 das=fixed_narrow[10,30] p=1.00 ep_time=34.5s
[00:29:09] [train] epoch 65/100 steps=40 use_dann=0 das=fixed_narrow f=[10.0,30.0] p=1.00 gpu=3.0/11.8GB
[00:29:10] [train] ep=65 step=001/40 ce=0.2671 sc=0.5393 mi=0.0473 dn=0.0000 v13=0.0010 grl=0.0514 v15=0.0000 v15r=0.0000 v16=0.0000 v17=0.0000 v18=0.0000 acc=1.0000 lr=9.09e-05 lambda=0.000 grl_lambda=0.997 v18_lambda=0.000 gpu=3.0/11.8GB
[00:29:15] [train] ep=65 step=010/40 ce=0.3134 sc=0.7245 mi=0.0565 dn=0.0000 v13=0.0004 grl=0.0711 v15=0.0000 v15r=0.0000 v16=0.0000 v17=0.0000 v18=0.0000 acc=0.9938 lr=8.99e-05 lambda=0.000 grl_lambda=0.997 v18_lambda=0.000 gpu=3.0/11.8GB
[00:29:21] [train] ep=65 step=020/40 ce=0.3544 sc=0.7255 mi=0.0554 dn=0.0000 v13=0.0004 grl=0.0747 v15=0.0000 v15r=0.0000 v16=0.0000 v17=0.0000 v18=0.0000 acc=0.9906 lr=8.88e-05 lambda=0.000 grl_lambda=0.997 v18_lambda=0.000 gpu=3.0/11.8GB
[00:29:27] [train] ep=65 step=030/40 ce=0.3515 sc=0.7838 mi=0.0554 dn=0.0000 v13=0.0004 grl=0.0780 v15=0.0000 v15r=0.0000 v16=0.0000 v17=0.0000 v18=0.0000 acc=0.9917 lr=8.77e-05 lambda=0.000 grl_lambda=0.997 v18_lambda=0.000 gpu=3.0/11.8GB
[00:29:32] [train] ep=65 step=040/40 ce=0.3542 sc=0.7737 mi=0.0559 dn=0.0000 v13=0.0004 grl=0.0766 v15=0.0000 v15r=0.0000 v16=0.0000 v17=0.0000 v18=0.0000 acc=0.9906 lr=8.66e-05 lambda=0.000 grl_lambda=0.997 v18_lambda=0.000 gpu=3.0/11.8GB
[00:29:43] [ep_summary] ep=65/100 val_live=0.9630/0.9628 val_ema=0.9753/0.9757 test77_live=0.8201/0.7846 test77_diag_ema=0.7986/0.7617 v13=0.0004 grl=0.0766 v15=0.0000 v15r=0.0000 v16=0.0000 v17=0.0000 v18=0.0000 das=fixed_narrow[10,30] p=1.00 ep_time=34.2s
[00:29:43] [save] best_sourcequalified77_ema ep=65 source_val_live=0.9630/0.9628 source_val_ema=0.9753/0.9757 test77_ema=0.7986/0.7617
[00:29:43] [train] epoch 66/100 steps=40 use_dann=0 das=fixed_narrow f=[10.0,30.0] p=1.00 gpu=3.0/11.8GB
[00:29:44] [train] ep=66 step=001/40 ce=0.2579 sc=0.7443 mi=0.0488 dn=0.0000 v13=0.0006 grl=0.1137 v15=0.0000 v15r=0.0000 v16=0.0000 v17=0.0000 v18=0.0000 acc=1.0000 lr=8.65e-05 lambda=0.000 grl_lambda=0.997 v18_lambda=0.000 gpu=3.0/11.8GB
[00:29:49] [train] ep=66 step=010/40 ce=0.3803 sc=0.8841 mi=0.0546 dn=0.0000 v13=0.0004 grl=0.0687 v15=0.0000 v15r=0.0000 v16=0.0000 v17=0.0000 v18=0.0000 acc=0.9875 lr=8.55e-05 lambda=0.000 grl_lambda=0.997 v18_lambda=0.000 gpu=3.0/11.8GB
[00:29:55] [train] ep=66 step=020/40 ce=0.4684 sc=0.9163 mi=0.0556 dn=0.0000 v13=0.0004 grl=0.0667 v15=0.0000 v15r=0.0000 v16=0.0000 v17=0.0000 v18=0.0000 acc=0.9844 lr=8.44e-05 lambda=0.000 grl_lambda=0.997 v18_lambda=0.000 gpu=3.0/11.8GB
[00:30:01] [train] ep=66 step=030/40 ce=0.4054 sc=0.8776 mi=0.0560 dn=0.0000 v13=0.0004 grl=0.0672 v15=0.0000 v15r=0.0000 v16=0.0000 v17=0.0000 v18=0.0000 acc=0.9896 lr=8.33e-05 lambda=0.000 grl_lambda=0.997 v18_lambda=0.000 gpu=3.0/11.8GB
[00:30:07] [train] ep=66 step=040/40 ce=0.4003 sc=0.8358 mi=0.0562 dn=0.0000 v13=0.0004 grl=0.0717 v15=0.0000 v15r=0.0000 v16=0.0000 v17=0.0000 v18=0.0000 acc=0.9906 lr=8.22e-05 lambda=0.000 grl_lambda=0.997 v18_lambda=0.000 gpu=3.0/11.8GB
[00:30:17] [ep_summary] ep=66/100 val_live=0.9630/0.9624 val_ema=0.9753/0.9757 test77_live=0.8381/0.8104 test77_diag_ema=0.8094/0.7714 v13=0.0004 grl=0.0717 v15=0.0000 v15r=0.0000 v16=0.0000 v17=0.0000 v18=0.0000 das=fixed_narrow[10,30] p=1.00 ep_time=34.3s
[00:30:18] [save] best_sourcequalified77_ema ep=66 source_val_live=0.9630/0.9624 source_val_ema=0.9753/0.9757 test77_ema=0.8094/0.7714
[00:30:18] [train] epoch 67/100 steps=40 use_dann=0 das=fixed_narrow f=[10.0,30.0] p=1.00 gpu=3.0/11.8GB
[00:30:18] [train] ep=67 step=001/40 ce=0.2597 sc=0.7141 mi=0.0533 dn=0.0000 v13=0.0002 grl=0.0671 v15=0.0000 v15r=0.0000 v16=0.0000 v17=0.0000 v18=0.0000 acc=1.0000 lr=8.21e-05 lambda=0.000 grl_lambda=0.997 v18_lambda=0.000 gpu=3.0/11.8GB
[00:30:23] [train] ep=67 step=010/40 ce=0.3531 sc=0.8551 mi=0.0561 dn=0.0000 v13=0.0005 grl=0.0776 v15=0.0000 v15r=0.0000 v16=0.0000 v17=0.0000 v18=0.0000 acc=0.9938 lr=8.11e-05 lambda=0.000 grl_lambda=0.997 v18_lambda=0.000 gpu=3.0/11.8GB
[00:30:29] [train] ep=67 step=020/40 ce=0.4334 sc=0.8770 mi=0.0577 dn=0.0000 v13=0.0004 grl=0.0759 v15=0.0000 v15r=0.0000 v16=0.0000 v17=0.0000 v18=0.0000 acc=0.9844 lr=8.01e-05 lambda=0.000 grl_lambda=0.997 v18_lambda=0.000 gpu=3.0/11.8GB
[00:30:35] [train] ep=67 step=030/40 ce=0.3922 sc=0.8571 mi=0.0569 dn=0.0000 v13=0.0004 grl=0.0737 v15=0.0000 v15r=0.0000 v16=0.0000 v17=0.0000 v18=0.0000 acc=0.9875 lr=7.90e-05 lambda=0.000 grl_lambda=0.997 v18_lambda=0.000 gpu=3.0/11.8GB
[00:30:41] [train] ep=67 step=040/40 ce=0.3632 sc=0.8376 mi=0.0559 dn=0.0000 v13=0.0004 grl=0.0712 v15=0.0000 v15r=0.0000 v16=0.0000 v17=0.0000 v18=0.0000 acc=0.9906 lr=7.79e-05 lambda=0.000 grl_lambda=0.998 v18_lambda=0.000 gpu=3.0/11.8GB
[00:30:52] [ep_summary] ep=67/100 val_live=0.9568/0.9563 val_ema=0.9753/0.9757 test77_live=0.8705/0.8593 test77_diag_ema=0.8129/0.7747 v13=0.0004 grl=0.0712 v15=0.0000 v15r=0.0000 v16=0.0000 v17=0.0000 v18=0.0000 das=fixed_narrow[10,30] p=1.00 ep_time=34.3s
[00:30:52] [save] best_sourcequalified77_ema ep=67 source_val_live=0.9568/0.9563 source_val_ema=0.9753/0.9757 test77_ema=0.8129/0.7747
[00:30:52] [train] epoch 68/100 steps=40 use_dann=0 das=fixed_narrow f=[10.0,30.0] p=1.00 gpu=3.0/11.8GB
[00:30:53] [train] ep=68 step=001/40 ce=0.2568 sc=1.0379 mi=0.0501 dn=0.0000 v13=0.0004 grl=0.0660 v15=0.0000 v15r=0.0000 v16=0.0000 v17=0.0000 v18=0.0000 acc=1.0000 lr=7.78e-05 lambda=0.000 grl_lambda=0.998 v18_lambda=0.000 gpu=3.0/11.8GB
[00:30:58] [train] ep=68 step=010/40 ce=0.3207 sc=0.7585 mi=0.0537 dn=0.0000 v13=0.0004 grl=0.0732 v15=0.0000 v15r=0.0000 v16=0.0000 v17=0.0000 v18=0.0000 acc=0.9938 lr=7.69e-05 lambda=0.000 grl_lambda=0.998 v18_lambda=0.000 gpu=3.0/11.8GB
[00:31:04] [train] ep=68 step=020/40 ce=0.3481 sc=0.8192 mi=0.0558 dn=0.0000 v13=0.0004 grl=0.0783 v15=0.0000 v15r=0.0000 v16=0.0000 v17=0.0000 v18=0.0000 acc=0.9906 lr=7.58e-05 lambda=0.000 grl_lambda=0.998 v18_lambda=0.000 gpu=3.0/11.8GB
[00:31:10] [train] ep=68 step=030/40 ce=0.3233 sc=0.7848 mi=0.0565 dn=0.0000 v13=0.0004 grl=0.0748 v15=0.0000 v15r=0.0000 v16=0.0000 v17=0.0000 v18=0.0000 acc=0.9938 lr=7.48e-05 lambda=0.000 grl_lambda=0.998 v18_lambda=0.000 gpu=3.0/11.8GB
[00:31:16] [train] ep=68 step=040/40 ce=0.3274 sc=0.7810 mi=0.0560 dn=0.0000 v13=0.0004 grl=0.0755 v15=0.0000 v15r=0.0000 v16=0.0000 v17=0.0000 v18=0.0000 acc=0.9938 lr=7.37e-05 lambda=0.000 grl_lambda=0.998 v18_lambda=0.000 gpu=3.0/11.8GB
[00:31:27] [ep_summary] ep=68/100 val_live=0.9630/0.9628 val_ema=0.9753/0.9757 test77_live=0.8597/0.8456 test77_diag_ema=0.8201/0.7806 v13=0.0004 grl=0.0755 v15=0.0000 v15r=0.0000 v16=0.0000 v17=0.0000 v18=0.0000 das=fixed_narrow[10,30] p=1.00 ep_time=34.8s
[00:31:27] [save] best_sourcequalified77_ema ep=68 source_val_live=0.9630/0.9628 source_val_ema=0.9753/0.9757 test77_ema=0.8201/0.7806
[00:31:27] [train] epoch 69/100 steps=40 use_dann=0 das=fixed_narrow f=[10.0,30.0] p=1.00 gpu=3.0/11.8GB
[00:31:27] [train] ep=69 step=001/40 ce=0.2573 sc=0.9634 mi=0.0563 dn=0.0000 v13=0.0004 grl=0.0630 v15=0.0000 v15r=0.0000 v16=0.0000 v17=0.0000 v18=0.0000 acc=1.0000 lr=7.36e-05 lambda=0.000 grl_lambda=0.998 v18_lambda=0.000 gpu=3.0/11.8GB
[00:31:33] [train] ep=69 step=010/40 ce=0.3382 sc=0.9320 mi=0.0557 dn=0.0000 v13=0.0003 grl=0.0704 v15=0.0000 v15r=0.0000 v16=0.0000 v17=0.0000 v18=0.0000 acc=0.9938 lr=7.27e-05 lambda=0.000 grl_lambda=0.998 v18_lambda=0.000 gpu=3.0/11.8GB
[00:31:39] [train] ep=69 step=020/40 ce=0.3170 sc=0.8335 mi=0.0554 dn=0.0000 v13=0.0003 grl=0.0734 v15=0.0000 v15r=0.0000 v16=0.0000 v17=0.0000 v18=0.0000 acc=0.9969 lr=7.16e-05 lambda=0.000 grl_lambda=0.998 v18_lambda=0.000 gpu=3.0/11.8GB
[00:31:44] [train] ep=69 step=030/40 ce=0.3014 sc=0.8024 mi=0.0558 dn=0.0000 v13=0.0003 grl=0.0718 v15=0.0000 v15r=0.0000 v16=0.0000 v17=0.0000 v18=0.0000 acc=0.9979 lr=7.06e-05 lambda=0.000 grl_lambda=0.998 v18_lambda=0.000 gpu=3.0/11.8GB
[00:31:50] [train] ep=69 step=040/40 ce=0.3104 sc=0.7936 mi=0.0556 dn=0.0000 v13=0.0004 grl=0.0715 v15=0.0000 v15r=0.0000 v16=0.0000 v17=0.0000 v18=0.0000 acc=0.9969 lr=6.96e-05 lambda=0.000 grl_lambda=0.998 v18_lambda=0.000 gpu=3.0/11.8GB
[00:32:01] [ep_summary] ep=69/100 val_live=0.9753/0.9755 val_ema=0.9753/0.9757 test77_live=0.8345/0.8073 test77_diag_ema=0.8201/0.7803 v13=0.0004 grl=0.0715 v15=0.0000 v15r=0.0000 v16=0.0000 v17=0.0000 v18=0.0000 das=fixed_narrow[10,30] p=1.00 ep_time=34.2s
[00:32:01] [train] epoch 70/100 steps=40 use_dann=0 das=fixed_narrow f=[10.0,30.0] p=1.00 gpu=3.0/11.8GB
[00:32:02] [train] ep=70 step=001/40 ce=0.2569 sc=1.0494 mi=0.0506 dn=0.0000 v13=0.0006 grl=0.0666 v15=0.0000 v15r=0.0000 v16=0.0000 v17=0.0000 v18=0.0000 acc=1.0000 lr=6.95e-05 lambda=0.000 grl_lambda=0.998 v18_lambda=0.000 gpu=3.0/11.8GB
[00:32:07] [train] ep=70 step=010/40 ce=0.3538 sc=0.8622 mi=0.0559 dn=0.0000 v13=0.0004 grl=0.0679 v15=0.0000 v15r=0.0000 v16=0.0000 v17=0.0000 v18=0.0000 acc=0.9938 lr=6.85e-05 lambda=0.000 grl_lambda=0.998 v18_lambda=0.000 gpu=3.0/11.8GB
[00:32:13] [train] ep=70 step=020/40 ce=0.3949 sc=0.8748 mi=0.0561 dn=0.0000 v13=0.0004 grl=0.0710 v15=0.0000 v15r=0.0000 v16=0.0000 v17=0.0000 v18=0.0000 acc=0.9906 lr=6.75e-05 lambda=0.000 grl_lambda=0.998 v18_lambda=0.000 gpu=3.0/11.8GB
[00:32:19] [train] ep=70 step=030/40 ce=0.3781 sc=0.8406 mi=0.0557 dn=0.0000 v13=0.0004 grl=0.0728 v15=0.0000 v15r=0.0000 v16=0.0000 v17=0.0000 v18=0.0000 acc=0.9917 lr=6.65e-05 lambda=0.000 grl_lambda=0.998 v18_lambda=0.000 gpu=3.0/11.8GB
[00:32:25] [train] ep=70 step=040/40 ce=0.3628 sc=0.8267 mi=0.0553 dn=0.0000 v13=0.0004 grl=0.0735 v15=0.0000 v15r=0.0000 v16=0.0000 v17=0.0000 v18=0.0000 acc=0.9922 lr=6.55e-05 lambda=0.000 grl_lambda=0.998 v18_lambda=0.000 gpu=3.0/11.8GB
[00:32:35] [pool] check ep=070/100 source_val_acc_ema=0.9753 threshold=0.90
[00:32:40] [pool] ep=070 ADDED src_val=0.9753/0.9757 dev77=0.7929/0.7701 final77=0.8201/0.7803
[00:32:40] [pool] running best ep=070 dev77_f1=0.7701 final77_f1=0.7803 (pool_size=4)
[00:32:40] [ep_summary] ep=70/100 val_live=0.9753/0.9755 val_ema=0.9753/0.9757 test77_live=0.8417/0.8193 test77_diag_ema=0.8201/0.7803 v13=0.0004 grl=0.0735 v15=0.0000 v15r=0.0000 v16=0.0000 v17=0.0000 v18=0.0000 das=fixed_narrow[10,30] p=1.00 ep_time=39.5s
[00:32:40] [strict77_monitor] ep=70 best_source_epoch=52 source_val_ema=0.9753/0.9757 test77_ema_diag=0.7266/0.6732 sourcequalified_count=31 best_sourcequalified77_epoch=68 source_val_ema=0.9753/0.9757 test77_ema=0.8201/0.7806
[00:32:40] [train] epoch 71/100 steps=40 use_dann=0 das=fixed_narrow f=[10.0,30.0] p=1.00 gpu=3.0/11.8GB
[00:32:41] [train] ep=71 step=001/40 ce=0.6979 sc=1.1054 mi=0.0706 dn=0.0000 v13=0.0003 grl=0.0348 v15=0.0000 v15r=0.0000 v16=0.0000 v17=0.0000 v18=0.0000 acc=0.9375 lr=6.54e-05 lambda=0.000 grl_lambda=0.998 v18_lambda=0.000 gpu=3.0/11.8GB
[00:32:46] [train] ep=71 step=010/40 ce=0.3052 sc=0.8608 mi=0.0594 dn=0.0000 v13=0.0004 grl=0.0673 v15=0.0000 v15r=0.0000 v16=0.0000 v17=0.0000 v18=0.0000 acc=0.9938 lr=6.45e-05 lambda=0.000 grl_lambda=0.998 v18_lambda=0.000 gpu=3.0/11.8GB
[00:32:52] [train] ep=71 step=020/40 ce=0.3585 sc=0.8225 mi=0.0561 dn=0.0000 v13=0.0004 grl=0.0728 v15=0.0000 v15r=0.0000 v16=0.0000 v17=0.0000 v18=0.0000 acc=0.9906 lr=6.35e-05 lambda=0.000 grl_lambda=0.998 v18_lambda=0.000 gpu=3.0/11.8GB
[00:32:58] [train] ep=71 step=030/40 ce=0.3535 sc=0.8336 mi=0.0558 dn=0.0000 v13=0.0004 grl=0.0703 v15=0.0000 v15r=0.0000 v16=0.0000 v17=0.0000 v18=0.0000 acc=0.9917 lr=6.25e-05 lambda=0.000 grl_lambda=0.998 v18_lambda=0.000 gpu=3.0/11.8GB
[00:33:04] [train] ep=71 step=040/40 ce=0.3358 sc=0.7834 mi=0.0565 dn=0.0000 v13=0.0004 grl=0.0726 v15=0.0000 v15r=0.0000 v16=0.0000 v17=0.0000 v18=0.0000 acc=0.9938 lr=6.15e-05 lambda=0.000 grl_lambda=0.998 v18_lambda=0.000 gpu=3.0/11.8GB
[00:33:15] [ep_summary] ep=71/100 val_live=0.9753/0.9755 val_ema=0.9753/0.9757 test77_live=0.8417/0.8191 test77_diag_ema=0.8201/0.7801 v13=0.0004 grl=0.0726 v15=0.0000 v15r=0.0000 v16=0.0000 v17=0.0000 v18=0.0000 das=fixed_narrow[10,30] p=1.00 ep_time=34.2s
[00:33:15] [train] epoch 72/100 steps=40 use_dann=0 das=fixed_narrow f=[10.0,30.0] p=1.00 gpu=3.0/11.8GB
[00:33:15] [train] ep=72 step=001/40 ce=0.2582 sc=0.7117 mi=0.0489 dn=0.0000 v13=0.0005 grl=0.0444 v15=0.0000 v15r=0.0000 v16=0.0000 v17=0.0000 v18=0.0000 acc=1.0000 lr=6.14e-05 lambda=0.000 grl_lambda=0.998 v18_lambda=0.000 gpu=3.0/11.8GB
[00:33:21] [train] ep=72 step=010/40 ce=0.2588 sc=0.7672 mi=0.0515 dn=0.0000 v13=0.0005 grl=0.0646 v15=0.0000 v15r=0.0000 v16=0.0000 v17=0.0000 v18=0.0000 acc=1.0000 lr=6.06e-05 lambda=0.000 grl_lambda=0.998 v18_lambda=0.000 gpu=3.0/11.8GB
[00:33:27] [train] ep=72 step=020/40 ce=0.3003 sc=0.7773 mi=0.0516 dn=0.0000 v13=0.0004 grl=0.0701 v15=0.0000 v15r=0.0000 v16=0.0000 v17=0.0000 v18=0.0000 acc=0.9969 lr=5.96e-05 lambda=0.000 grl_lambda=0.998 v18_lambda=0.000 gpu=3.0/11.8GB
[00:33:32] [train] ep=72 step=030/40 ce=0.2984 sc=0.7770 mi=0.0521 dn=0.0000 v13=0.0005 grl=0.0725 v15=0.0000 v15r=0.0000 v16=0.0000 v17=0.0000 v18=0.0000 acc=0.9979 lr=5.86e-05 lambda=0.000 grl_lambda=0.998 v18_lambda=0.000 gpu=3.0/11.8GB
[00:33:38] [train] ep=72 step=040/40 ce=0.2908 sc=0.7486 mi=0.0527 dn=0.0000 v13=0.0004 grl=0.0742 v15=0.0000 v15r=0.0000 v16=0.0000 v17=0.0000 v18=0.0000 acc=0.9984 lr=5.77e-05 lambda=0.000 grl_lambda=0.999 v18_lambda=0.000 gpu=3.0/11.8GB
[00:33:49] [ep_summary] ep=72/100 val_live=0.9691/0.9694 val_ema=0.9753/0.9757 test77_live=0.8561/0.8396 test77_diag_ema=0.8273/0.7903 v13=0.0004 grl=0.0742 v15=0.0000 v15r=0.0000 v16=0.0000 v17=0.0000 v18=0.0000 das=fixed_narrow[10,30] p=1.00 ep_time=34.1s
[00:33:49] [save] best_sourcequalified77_ema ep=72 source_val_live=0.9691/0.9694 source_val_ema=0.9753/0.9757 test77_ema=0.8273/0.7903
[00:33:49] [train] epoch 73/100 steps=40 use_dann=0 das=fixed_narrow f=[10.0,30.0] p=1.00 gpu=3.0/11.8GB
[00:33:49] [train] ep=73 step=001/40 ce=0.2585 sc=1.1036 mi=0.0541 dn=0.0000 v13=0.0006 grl=0.0771 v15=0.0000 v15r=0.0000 v16=0.0000 v17=0.0000 v18=0.0000 acc=1.0000 lr=5.76e-05 lambda=0.000 grl_lambda=0.999 v18_lambda=0.000 gpu=3.0/11.8GB
[00:33:55] [train] ep=73 step=010/40 ce=0.2730 sc=0.6993 mi=0.0536 dn=0.0000 v13=0.0004 grl=0.0671 v15=0.0000 v15r=0.0000 v16=0.0000 v17=0.0000 v18=0.0000 acc=1.0000 lr=5.67e-05 lambda=0.000 grl_lambda=0.999 v18_lambda=0.000 gpu=3.0/11.8GB
[00:34:01] [train] ep=73 step=020/40 ce=0.2745 sc=0.7290 mi=0.0528 dn=0.0000 v13=0.0004 grl=0.0702 v15=0.0000 v15r=0.0000 v16=0.0000 v17=0.0000 v18=0.0000 acc=1.0000 lr=5.58e-05 lambda=0.000 grl_lambda=0.999 v18_lambda=0.000 gpu=3.0/11.8GB
[00:34:06] [train] ep=73 step=030/40 ce=0.2913 sc=0.7535 mi=0.0540 dn=0.0000 v13=0.0004 grl=0.0701 v15=0.0000 v15r=0.0000 v16=0.0000 v17=0.0000 v18=0.0000 acc=0.9979 lr=5.48e-05 lambda=0.000 grl_lambda=0.999 v18_lambda=0.000 gpu=3.0/11.8GB
[00:34:12] [train] ep=73 step=040/40 ce=0.3126 sc=0.7738 mi=0.0547 dn=0.0000 v13=0.0004 grl=0.0716 v15=0.0000 v15r=0.0000 v16=0.0000 v17=0.0000 v18=0.0000 acc=0.9953 lr=5.39e-05 lambda=0.000 grl_lambda=0.999 v18_lambda=0.000 gpu=3.0/11.8GB
[00:34:23] [ep_summary] ep=73/100 val_live=0.9753/0.9757 val_ema=0.9753/0.9757 test77_live=0.8345/0.8144 test77_diag_ema=0.8273/0.7904 v13=0.0004 grl=0.0716 v15=0.0000 v15r=0.0000 v16=0.0000 v17=0.0000 v18=0.0000 das=fixed_narrow[10,30] p=1.00 ep_time=33.9s
[00:34:23] [save] best_sourcequalified77_ema ep=73 source_val_live=0.9753/0.9757 source_val_ema=0.9753/0.9757 test77_ema=0.8273/0.7904
[00:34:23] [train] epoch 74/100 steps=40 use_dann=0 das=fixed_narrow f=[10.0,30.0] p=1.00 gpu=3.0/11.8GB
[00:34:23] [train] ep=74 step=001/40 ce=0.2652 sc=0.4410 mi=0.0511 dn=0.0000 v13=0.0003 grl=0.1022 v15=0.0000 v15r=0.0000 v16=0.0000 v17=0.0000 v18=0.0000 acc=1.0000 lr=5.38e-05 lambda=0.000 grl_lambda=0.999 v18_lambda=0.000 gpu=3.0/11.8GB
[00:34:29] [train] ep=74 step=010/40 ce=0.2614 sc=0.7766 mi=0.0548 dn=0.0000 v13=0.0004 grl=0.0837 v15=0.0000 v15r=0.0000 v16=0.0000 v17=0.0000 v18=0.0000 acc=1.0000 lr=5.30e-05 lambda=0.000 grl_lambda=0.999 v18_lambda=0.000 gpu=3.0/11.8GB
[00:34:35] [train] ep=74 step=020/40 ce=0.2598 sc=0.7330 mi=0.0552 dn=0.0000 v13=0.0004 grl=0.0754 v15=0.0000 v15r=0.0000 v16=0.0000 v17=0.0000 v18=0.0000 acc=1.0000 lr=5.20e-05 lambda=0.000 grl_lambda=0.999 v18_lambda=0.000 gpu=3.0/11.8GB
[00:34:40] [train] ep=74 step=030/40 ce=0.2593 sc=0.7664 mi=0.0555 dn=0.0000 v13=0.0004 grl=0.0735 v15=0.0000 v15r=0.0000 v16=0.0000 v17=0.0000 v18=0.0000 acc=1.0000 lr=5.11e-05 lambda=0.000 grl_lambda=0.999 v18_lambda=0.000 gpu=3.0/11.8GB
[00:34:46] [train] ep=74 step=040/40 ce=0.3145 sc=0.8012 mi=0.0546 dn=0.0000 v13=0.0004 grl=0.0751 v15=0.0000 v15r=0.0000 v16=0.0000 v17=0.0000 v18=0.0000 acc=0.9953 lr=5.02e-05 lambda=0.000 grl_lambda=0.999 v18_lambda=0.000 gpu=3.0/11.8GB
[00:34:57] [ep_summary] ep=74/100 val_live=0.9753/0.9755 val_ema=0.9753/0.9757 test77_live=0.8417/0.8212 test77_diag_ema=0.8345/0.8040 v13=0.0004 grl=0.0751 v15=0.0000 v15r=0.0000 v16=0.0000 v17=0.0000 v18=0.0000 das=fixed_narrow[10,30] p=1.00 ep_time=34.0s
[00:34:57] [save] best_sourcequalified77_ema ep=74 source_val_live=0.9753/0.9755 source_val_ema=0.9753/0.9757 test77_ema=0.8345/0.8040
[00:34:57] [train] epoch 75/100 steps=40 use_dann=0 das=fixed_narrow f=[10.0,30.0] p=1.00 gpu=3.0/11.8GB
[00:34:58] [train] ep=75 step=001/40 ce=0.2575 sc=0.7427 mi=0.0513 dn=0.0000 v13=0.0002 grl=0.0911 v15=0.0000 v15r=0.0000 v16=0.0000 v17=0.0000 v18=0.0000 acc=1.0000 lr=5.01e-05 lambda=0.000 grl_lambda=0.999 v18_lambda=0.000 gpu=3.0/11.8GB
[00:35:03] [train] ep=75 step=010/40 ce=0.2591 sc=0.7273 mi=0.0555 dn=0.0000 v13=0.0004 grl=0.0758 v15=0.0000 v15r=0.0000 v16=0.0000 v17=0.0000 v18=0.0000 acc=1.0000 lr=4.93e-05 lambda=0.000 grl_lambda=0.999 v18_lambda=0.000 gpu=3.0/11.8GB
[00:35:09] [train] ep=75 step=020/40 ce=0.2916 sc=0.7433 mi=0.0545 dn=0.0000 v13=0.0003 grl=0.0754 v15=0.0000 v15r=0.0000 v16=0.0000 v17=0.0000 v18=0.0000 acc=0.9969 lr=4.84e-05 lambda=0.000 grl_lambda=0.999 v18_lambda=0.000 gpu=3.0/11.8GB
[00:35:14] [train] ep=75 step=030/40 ce=0.2904 sc=0.7626 mi=0.0543 dn=0.0000 v13=0.0003 grl=0.0797 v15=0.0000 v15r=0.0000 v16=0.0000 v17=0.0000 v18=0.0000 acc=0.9979 lr=4.75e-05 lambda=0.000 grl_lambda=0.999 v18_lambda=0.000 gpu=3.0/11.8GB
[00:35:20] [train] ep=75 step=040/40 ce=0.3059 sc=0.8043 mi=0.0537 dn=0.0000 v13=0.0004 grl=0.0771 v15=0.0000 v15r=0.0000 v16=0.0000 v17=0.0000 v18=0.0000 acc=0.9969 lr=4.66e-05 lambda=0.000 grl_lambda=0.999 v18_lambda=0.000 gpu=3.0/11.8GB
[00:35:31] [ep_summary] ep=75/100 val_live=0.9753/0.9755 val_ema=0.9753/0.9757 test77_live=0.8741/0.8638 test77_diag_ema=0.8345/0.8040 v13=0.0004 grl=0.0771 v15=0.0000 v15r=0.0000 v16=0.0000 v17=0.0000 v18=0.0000 das=fixed_narrow[10,30] p=1.00 ep_time=34.0s
[00:35:31] [train] epoch 76/100 steps=40 use_dann=0 das=fixed_narrow f=[10.0,30.0] p=1.00 gpu=3.0/11.8GB
[00:35:32] [train] ep=76 step=001/40 ce=0.2579 sc=0.6503 mi=0.0567 dn=0.0000 v13=0.0002 grl=0.0400 v15=0.0000 v15r=0.0000 v16=0.0000 v17=0.0000 v18=0.0000 acc=1.0000 lr=4.65e-05 lambda=0.000 grl_lambda=0.999 v18_lambda=0.000 gpu=3.0/11.8GB
[00:35:37] [train] ep=76 step=010/40 ce=0.2587 sc=0.6202 mi=0.0540 dn=0.0000 v13=0.0003 grl=0.0721 v15=0.0000 v15r=0.0000 v16=0.0000 v17=0.0000 v18=0.0000 acc=1.0000 lr=4.58e-05 lambda=0.000 grl_lambda=0.999 v18_lambda=0.000 gpu=3.0/11.8GB
[00:35:43] [train] ep=76 step=020/40 ce=0.3843 sc=0.7564 mi=0.0531 dn=0.0000 v13=0.0004 grl=0.0760 v15=0.0000 v15r=0.0000 v16=0.0000 v17=0.0000 v18=0.0000 acc=0.9906 lr=4.49e-05 lambda=0.000 grl_lambda=0.999 v18_lambda=0.000 gpu=3.0/11.8GB
[00:35:48] [train] ep=76 step=030/40 ce=0.3429 sc=0.7759 mi=0.0542 dn=0.0000 v13=0.0004 grl=0.0743 v15=0.0000 v15r=0.0000 v16=0.0000 v17=0.0000 v18=0.0000 acc=0.9938 lr=4.40e-05 lambda=0.000 grl_lambda=0.999 v18_lambda=0.000 gpu=3.0/11.8GB
[00:35:54] [train] ep=76 step=040/40 ce=0.3690 sc=0.7772 mi=0.0541 dn=0.0000 v13=0.0004 grl=0.0744 v15=0.0000 v15r=0.0000 v16=0.0000 v17=0.0000 v18=0.0000 acc=0.9891 lr=4.32e-05 lambda=0.000 grl_lambda=0.999 v18_lambda=0.000 gpu=3.0/11.8GB
[00:36:05] [ep_summary] ep=76/100 val_live=0.9691/0.9694 val_ema=0.9753/0.9757 test77_live=0.8777/0.8682 test77_diag_ema=0.8381/0.8073 v13=0.0004 grl=0.0744 v15=0.0000 v15r=0.0000 v16=0.0000 v17=0.0000 v18=0.0000 das=fixed_narrow[10,30] p=1.00 ep_time=33.9s
[00:36:05] [save] best_sourcequalified77_ema ep=76 source_val_live=0.9691/0.9694 source_val_ema=0.9753/0.9757 test77_ema=0.8381/0.8073
[00:36:05] [train] epoch 77/100 steps=40 use_dann=0 das=fixed_narrow f=[10.0,30.0] p=1.00 gpu=3.0/11.8GB
[00:36:06] [train] ep=77 step=001/40 ce=0.2587 sc=0.5399 mi=0.0562 dn=0.0000 v13=0.0002 grl=0.0588 v15=0.0000 v15r=0.0000 v16=0.0000 v17=0.0000 v18=0.0000 acc=1.0000 lr=4.31e-05 lambda=0.000 grl_lambda=0.999 v18_lambda=0.000 gpu=3.0/11.8GB
[00:36:11] [train] ep=77 step=010/40 ce=0.2929 sc=0.6947 mi=0.0513 dn=0.0000 v13=0.0003 grl=0.0671 v15=0.0000 v15r=0.0000 v16=0.0000 v17=0.0000 v18=0.0000 acc=1.0000 lr=4.23e-05 lambda=0.000 grl_lambda=0.999 v18_lambda=0.000 gpu=3.0/11.8GB
[00:36:17] [train] ep=77 step=020/40 ce=0.3286 sc=0.7593 mi=0.0511 dn=0.0000 v13=0.0004 grl=0.0742 v15=0.0000 v15r=0.0000 v16=0.0000 v17=0.0000 v18=0.0000 acc=0.9969 lr=4.15e-05 lambda=0.000 grl_lambda=0.999 v18_lambda=0.000 gpu=3.0/11.8GB
[00:36:23] [train] ep=77 step=030/40 ce=0.3214 sc=0.7583 mi=0.0520 dn=0.0000 v13=0.0004 grl=0.0705 v15=0.0000 v15r=0.0000 v16=0.0000 v17=0.0000 v18=0.0000 acc=0.9958 lr=4.06e-05 lambda=0.000 grl_lambda=0.999 v18_lambda=0.000 gpu=3.0/11.8GB
[00:36:28] [train] ep=77 step=040/40 ce=0.3064 sc=0.7740 mi=0.0528 dn=0.0000 v13=0.0004 grl=0.0727 v15=0.0000 v15r=0.0000 v16=0.0000 v17=0.0000 v18=0.0000 acc=0.9969 lr=3.98e-05 lambda=0.000 grl_lambda=0.999 v18_lambda=0.000 gpu=3.0/11.8GB
[00:36:39] [ep_summary] ep=77/100 val_live=0.9753/0.9755 val_ema=0.9753/0.9757 test77_live=0.8633/0.8504 test77_diag_ema=0.8381/0.8073 v13=0.0004 grl=0.0727 v15=0.0000 v15r=0.0000 v16=0.0000 v17=0.0000 v18=0.0000 das=fixed_narrow[10,30] p=1.00 ep_time=33.9s
[00:36:39] [train] epoch 78/100 steps=40 use_dann=0 das=fixed_narrow f=[10.0,30.0] p=1.00 gpu=3.0/11.8GB
[00:36:40] [train] ep=78 step=001/40 ce=0.2613 sc=0.6006 mi=0.0509 dn=0.0000 v13=0.0003 grl=0.1066 v15=0.0000 v15r=0.0000 v16=0.0000 v17=0.0000 v18=0.0000 acc=1.0000 lr=3.97e-05 lambda=0.000 grl_lambda=0.999 v18_lambda=0.000 gpu=3.0/11.8GB
[00:36:45] [train] ep=78 step=010/40 ce=0.2655 sc=0.7192 mi=0.0506 dn=0.0000 v13=0.0004 grl=0.0723 v15=0.0000 v15r=0.0000 v16=0.0000 v17=0.0000 v18=0.0000 acc=1.0000 lr=3.90e-05 lambda=0.000 grl_lambda=0.999 v18_lambda=0.000 gpu=3.0/11.8GB
[00:36:51] [train] ep=78 step=020/40 ce=0.3047 sc=0.7502 mi=0.0533 dn=0.0000 v13=0.0004 grl=0.0768 v15=0.0000 v15r=0.0000 v16=0.0000 v17=0.0000 v18=0.0000 acc=0.9969 lr=3.82e-05 lambda=0.000 grl_lambda=0.999 v18_lambda=0.000 gpu=3.0/11.8GB
[00:36:56] [train] ep=78 step=030/40 ce=0.2970 sc=0.7735 mi=0.0535 dn=0.0000 v13=0.0003 grl=0.0757 v15=0.0000 v15r=0.0000 v16=0.0000 v17=0.0000 v18=0.0000 acc=0.9979 lr=3.74e-05 lambda=0.000 grl_lambda=0.999 v18_lambda=0.000 gpu=3.0/11.8GB
[00:37:02] [train] ep=78 step=040/40 ce=0.3049 sc=0.7819 mi=0.0534 dn=0.0000 v13=0.0004 grl=0.0787 v15=0.0000 v15r=0.0000 v16=0.0000 v17=0.0000 v18=0.0000 acc=0.9969 lr=3.66e-05 lambda=0.000 grl_lambda=0.999 v18_lambda=0.000 gpu=3.0/11.8GB
[00:37:13] [ep_summary] ep=78/100 val_live=0.9753/0.9755 val_ema=0.9753/0.9757 test77_live=0.8633/0.8489 test77_diag_ema=0.8345/0.8038 v13=0.0004 grl=0.0787 v15=0.0000 v15r=0.0000 v16=0.0000 v17=0.0000 v18=0.0000 das=fixed_narrow[10,30] p=1.00 ep_time=34.0s
[00:37:13] [train] epoch 79/100 steps=40 use_dann=0 das=fixed_narrow f=[10.0,30.0] p=1.00 gpu=3.0/11.8GB
[00:37:13] [train] ep=79 step=001/40 ce=0.2592 sc=0.8484 mi=0.0677 dn=0.0000 v13=0.0003 grl=0.0660 v15=0.0000 v15r=0.0000 v16=0.0000 v17=0.0000 v18=0.0000 acc=1.0000 lr=3.65e-05 lambda=0.000 grl_lambda=0.999 v18_lambda=0.000 gpu=3.0/11.8GB
[00:37:19] [train] ep=79 step=010/40 ce=0.2785 sc=0.8590 mi=0.0578 dn=0.0000 v13=0.0005 grl=0.0753 v15=0.0000 v15r=0.0000 v16=0.0000 v17=0.0000 v18=0.0000 acc=1.0000 lr=3.58e-05 lambda=0.000 grl_lambda=0.999 v18_lambda=0.000 gpu=3.0/11.8GB
[00:37:25] [train] ep=79 step=020/40 ce=0.3419 sc=0.9023 mi=0.0567 dn=0.0000 v13=0.0004 grl=0.0725 v15=0.0000 v15r=0.0000 v16=0.0000 v17=0.0000 v18=0.0000 acc=0.9938 lr=3.50e-05 lambda=0.000 grl_lambda=0.999 v18_lambda=0.000 gpu=3.0/11.8GB
[00:37:30] [train] ep=79 step=030/40 ce=0.3224 sc=0.8641 mi=0.0566 dn=0.0000 v13=0.0003 grl=0.0707 v15=0.0000 v15r=0.0000 v16=0.0000 v17=0.0000 v18=0.0000 acc=0.9958 lr=3.42e-05 lambda=0.000 grl_lambda=0.999 v18_lambda=0.000 gpu=3.0/11.8GB
[00:37:36] [train] ep=79 step=040/40 ce=0.3066 sc=0.8491 mi=0.0557 dn=0.0000 v13=0.0003 grl=0.0734 v15=0.0000 v15r=0.0000 v16=0.0000 v17=0.0000 v18=0.0000 acc=0.9969 lr=3.35e-05 lambda=0.000 grl_lambda=0.999 v18_lambda=0.000 gpu=3.0/11.8GB
[00:37:47] [ep_summary] ep=79/100 val_live=0.9630/0.9628 val_ema=0.9815/0.9817 test77_live=0.8453/0.8236 test77_diag_ema=0.8381/0.8071 v13=0.0003 grl=0.0734 v15=0.0000 v15r=0.0000 v16=0.0000 v17=0.0000 v18=0.0000 das=fixed_narrow[10,30] p=1.00 ep_time=33.8s
[00:37:47] [save] best_sourceval_ema val_acc_ema=0.9815 source_val_live=0.9630/0.9628 source_val_ema=0.9815/0.9817 ep=79
[00:37:47] [train] epoch 80/100 steps=40 use_dann=0 das=fixed_narrow f=[10.0,30.0] p=1.00 gpu=3.0/11.8GB
[00:37:47] [train] ep=80 step=001/40 ce=0.2586 sc=0.8472 mi=0.0567 dn=0.0000 v13=0.0004 grl=0.1240 v15=0.0000 v15r=0.0000 v16=0.0000 v17=0.0000 v18=0.0000 acc=1.0000 lr=3.34e-05 lambda=0.000 grl_lambda=0.999 v18_lambda=0.000 gpu=3.0/11.8GB
[00:37:53] [train] ep=80 step=010/40 ce=0.3750 sc=0.7996 mi=0.0557 dn=0.0000 v13=0.0004 grl=0.0890 v15=0.0000 v15r=0.0000 v16=0.0000 v17=0.0000 v18=0.0000 acc=0.9875 lr=3.27e-05 lambda=0.000 grl_lambda=0.999 v18_lambda=0.000 gpu=3.0/11.8GB
[00:37:59] [train] ep=80 step=020/40 ce=0.3168 sc=0.7668 mi=0.0551 dn=0.0000 v13=0.0004 grl=0.0835 v15=0.0000 v15r=0.0000 v16=0.0000 v17=0.0000 v18=0.0000 acc=0.9938 lr=3.19e-05 lambda=0.000 grl_lambda=0.999 v18_lambda=0.000 gpu=3.0/11.8GB
[00:38:04] [train] ep=80 step=030/40 ce=0.3300 sc=0.7748 mi=0.0555 dn=0.0000 v13=0.0003 grl=0.0802 v15=0.0000 v15r=0.0000 v16=0.0000 v17=0.0000 v18=0.0000 acc=0.9938 lr=3.12e-05 lambda=0.000 grl_lambda=0.999 v18_lambda=0.000 gpu=3.0/11.8GB
[00:38:10] [train] ep=80 step=040/40 ce=0.3220 sc=0.7796 mi=0.0546 dn=0.0000 v13=0.0003 grl=0.0760 v15=0.0000 v15r=0.0000 v16=0.0000 v17=0.0000 v18=0.0000 acc=0.9953 lr=3.05e-05 lambda=0.000 grl_lambda=0.999 v18_lambda=0.000 gpu=3.0/11.8GB
[00:38:21] [pool] check ep=080/100 source_val_acc_ema=0.9815 threshold=0.90
[00:38:26] [pool] ep=080 ADDED src_val=0.9815/0.9817 dev77=0.7857/0.7626 final77=0.8417/0.8137
[00:38:26] [pool] running best ep=070 dev77_f1=0.7701 final77_f1=0.7803 (pool_size=5)
[00:38:26] [ep_summary] ep=80/100 val_live=0.9691/0.9692 val_ema=0.9815/0.9817 test77_live=0.8525/0.8312 test77_diag_ema=0.8417/0.8137 v13=0.0003 grl=0.0760 v15=0.0000 v15r=0.0000 v16=0.0000 v17=0.0000 v18=0.0000 das=fixed_narrow[10,30] p=1.00 ep_time=38.9s
[00:38:26] [save] best_sourcequalified77_ema ep=80 source_val_live=0.9691/0.9692 source_val_ema=0.9815/0.9817 test77_ema=0.8417/0.8137
[00:38:26] [strict77_monitor] ep=80 best_source_epoch=79 source_val_ema=0.9815/0.9817 test77_ema_diag=0.8381/0.8071 sourcequalified_count=41 best_sourcequalified77_epoch=80 source_val_ema=0.9815/0.9817 test77_ema=0.8417/0.8137
[00:38:26] [train] epoch 81/100 steps=40 use_dann=0 das=fixed_narrow f=[10.0,30.0] p=1.00 gpu=3.0/11.8GB
[00:38:26] [train] ep=81 step=001/40 ce=0.2572 sc=0.7287 mi=0.0565 dn=0.0000 v13=0.0003 grl=0.0488 v15=0.0000 v15r=0.0000 v16=0.0000 v17=0.0000 v18=0.0000 acc=1.0000 lr=3.04e-05 lambda=0.000 grl_lambda=0.999 v18_lambda=0.000 gpu=3.0/11.8GB
[00:38:32] [train] ep=81 step=010/40 ce=0.3128 sc=0.9102 mi=0.0554 dn=0.0000 v13=0.0003 grl=0.0685 v15=0.0000 v15r=0.0000 v16=0.0000 v17=0.0000 v18=0.0000 acc=0.9938 lr=2.97e-05 lambda=0.000 grl_lambda=0.999 v18_lambda=0.000 gpu=3.0/11.8GB
[00:38:38] [train] ep=81 step=020/40 ce=0.3139 sc=0.8233 mi=0.0545 dn=0.0000 v13=0.0003 grl=0.0733 v15=0.0000 v15r=0.0000 v16=0.0000 v17=0.0000 v18=0.0000 acc=0.9938 lr=2.90e-05 lambda=0.000 grl_lambda=0.999 v18_lambda=0.000 gpu=3.0/11.8GB
[00:38:43] [train] ep=81 step=030/40 ce=0.3176 sc=0.8839 mi=0.0554 dn=0.0000 v13=0.0003 grl=0.0743 v15=0.0000 v15r=0.0000 v16=0.0000 v17=0.0000 v18=0.0000 acc=0.9958 lr=2.83e-05 lambda=0.000 grl_lambda=0.999 v18_lambda=0.000 gpu=3.0/11.8GB
[00:38:49] [train] ep=81 step=040/40 ce=0.3034 sc=0.8795 mi=0.0547 dn=0.0000 v13=0.0004 grl=0.0743 v15=0.0000 v15r=0.0000 v16=0.0000 v17=0.0000 v18=0.0000 acc=0.9969 lr=2.76e-05 lambda=0.000 grl_lambda=0.999 v18_lambda=0.000 gpu=3.0/11.8GB
[00:39:00] [ep_summary] ep=81/100 val_live=0.9691/0.9692 val_ema=0.9815/0.9817 test77_live=0.8453/0.8220 test77_diag_ema=0.8453/0.8200 v13=0.0004 grl=0.0743 v15=0.0000 v15r=0.0000 v16=0.0000 v17=0.0000 v18=0.0000 das=fixed_narrow[10,30] p=1.00 ep_time=34.2s
[00:39:00] [save] best_sourcequalified77_ema ep=81 source_val_live=0.9691/0.9692 source_val_ema=0.9815/0.9817 test77_ema=0.8453/0.8200
[00:39:00] [train] epoch 82/100 steps=40 use_dann=0 das=fixed_narrow f=[10.0,30.0] p=1.00 gpu=3.0/11.8GB
[00:39:01] [train] ep=82 step=001/40 ce=0.2585 sc=0.6359 mi=0.0447 dn=0.0000 v13=0.0004 grl=0.0677 v15=0.0000 v15r=0.0000 v16=0.0000 v17=0.0000 v18=0.0000 acc=1.0000 lr=2.75e-05 lambda=0.000 grl_lambda=0.999 v18_lambda=0.000 gpu=3.0/11.8GB
[00:39:06] [train] ep=82 step=010/40 ce=0.3572 sc=0.8403 mi=0.0571 dn=0.0000 v13=0.0004 grl=0.0732 v15=0.0000 v15r=0.0000 v16=0.0000 v17=0.0000 v18=0.0000 acc=0.9938 lr=2.69e-05 lambda=0.000 grl_lambda=0.999 v18_lambda=0.000 gpu=3.0/11.8GB
[00:39:12] [train] ep=82 step=020/40 ce=0.3160 sc=0.7489 mi=0.0540 dn=0.0000 v13=0.0003 grl=0.0717 v15=0.0000 v15r=0.0000 v16=0.0000 v17=0.0000 v18=0.0000 acc=0.9969 lr=2.62e-05 lambda=0.000 grl_lambda=0.999 v18_lambda=0.000 gpu=3.0/11.8GB
[00:39:18] [train] ep=82 step=030/40 ce=0.3175 sc=0.7904 mi=0.0536 dn=0.0000 v13=0.0004 grl=0.0743 v15=0.0000 v15r=0.0000 v16=0.0000 v17=0.0000 v18=0.0000 acc=0.9958 lr=2.55e-05 lambda=0.000 grl_lambda=0.999 v18_lambda=0.000 gpu=3.0/11.8GB
[00:39:23] [train] ep=82 step=040/40 ce=0.3107 sc=0.7905 mi=0.0533 dn=0.0000 v13=0.0003 grl=0.0693 v15=0.0000 v15r=0.0000 v16=0.0000 v17=0.0000 v18=0.0000 acc=0.9969 lr=2.48e-05 lambda=0.000 grl_lambda=0.999 v18_lambda=0.000 gpu=3.0/11.8GB
[00:39:34] [ep_summary] ep=82/100 val_live=0.9691/0.9692 val_ema=0.9815/0.9817 test77_live=0.8453/0.8220 test77_diag_ema=0.8489/0.8262 v13=0.0003 grl=0.0693 v15=0.0000 v15r=0.0000 v16=0.0000 v17=0.0000 v18=0.0000 das=fixed_narrow[10,30] p=1.00 ep_time=34.1s
[00:39:34] [save] best_sourcequalified77_ema ep=82 source_val_live=0.9691/0.9692 source_val_ema=0.9815/0.9817 test77_ema=0.8489/0.8262
[00:39:34] [train] epoch 83/100 steps=40 use_dann=0 das=fixed_narrow f=[10.0,30.0] p=1.00 gpu=3.0/11.8GB
[00:39:35] [train] ep=83 step=001/40 ce=0.2571 sc=0.7507 mi=0.0604 dn=0.0000 v13=0.0004 grl=0.0780 v15=0.0000 v15r=0.0000 v16=0.0000 v17=0.0000 v18=0.0000 acc=1.0000 lr=2.48e-05 lambda=0.000 grl_lambda=0.999 v18_lambda=0.000 gpu=3.0/11.8GB
[00:39:40] [train] ep=83 step=010/40 ce=0.2645 sc=0.6714 mi=0.0531 dn=0.0000 v13=0.0003 grl=0.0829 v15=0.0000 v15r=0.0000 v16=0.0000 v17=0.0000 v18=0.0000 acc=1.0000 lr=2.42e-05 lambda=0.000 grl_lambda=0.999 v18_lambda=0.000 gpu=3.0/11.8GB
[00:39:46] [train] ep=83 step=020/40 ce=0.2612 sc=0.7405 mi=0.0537 dn=0.0000 v13=0.0003 grl=0.0759 v15=0.0000 v15r=0.0000 v16=0.0000 v17=0.0000 v18=0.0000 acc=1.0000 lr=2.35e-05 lambda=0.000 grl_lambda=0.999 v18_lambda=0.000 gpu=3.0/11.8GB
[00:39:52] [train] ep=83 step=030/40 ce=0.3055 sc=0.7595 mi=0.0534 dn=0.0000 v13=0.0003 grl=0.0748 v15=0.0000 v15r=0.0000 v16=0.0000 v17=0.0000 v18=0.0000 acc=0.9958 lr=2.29e-05 lambda=0.000 grl_lambda=0.999 v18_lambda=0.000 gpu=3.0/11.8GB
[00:39:58] [train] ep=83 step=040/40 ce=0.2949 sc=0.7698 mi=0.0536 dn=0.0000 v13=0.0003 grl=0.0720 v15=0.0000 v15r=0.0000 v16=0.0000 v17=0.0000 v18=0.0000 acc=0.9969 lr=2.22e-05 lambda=0.000 grl_lambda=1.000 v18_lambda=0.000 gpu=3.0/11.8GB
[00:40:08] [ep_summary] ep=83/100 val_live=0.9691/0.9692 val_ema=0.9815/0.9817 test77_live=0.8489/0.8260 test77_diag_ema=0.8489/0.8284 v13=0.0003 grl=0.0720 v15=0.0000 v15r=0.0000 v16=0.0000 v17=0.0000 v18=0.0000 das=fixed_narrow[10,30] p=1.00 ep_time=34.2s
[00:40:08] [save] best_sourcequalified77_ema ep=83 source_val_live=0.9691/0.9692 source_val_ema=0.9815/0.9817 test77_ema=0.8489/0.8284
[00:40:08] [train] epoch 84/100 steps=40 use_dann=0 das=fixed_narrow f=[10.0,30.0] p=1.00 gpu=3.0/11.8GB
[00:40:09] [train] ep=84 step=001/40 ce=0.2573 sc=0.5650 mi=0.0574 dn=0.0000 v13=0.0005 grl=0.0616 v15=0.0000 v15r=0.0000 v16=0.0000 v17=0.0000 v18=0.0000 acc=1.0000 lr=2.22e-05 lambda=0.000 grl_lambda=1.000 v18_lambda=0.000 gpu=3.0/11.8GB
[00:40:14] [train] ep=84 step=010/40 ce=0.2586 sc=0.7567 mi=0.0552 dn=0.0000 v13=0.0003 grl=0.0872 v15=0.0000 v15r=0.0000 v16=0.0000 v17=0.0000 v18=0.0000 acc=1.0000 lr=2.16e-05 lambda=0.000 grl_lambda=1.000 v18_lambda=0.000 gpu=3.0/11.8GB
[00:40:20] [train] ep=84 step=020/40 ce=0.2711 sc=0.7897 mi=0.0542 dn=0.0000 v13=0.0003 grl=0.0776 v15=0.0000 v15r=0.0000 v16=0.0000 v17=0.0000 v18=0.0000 acc=1.0000 lr=2.10e-05 lambda=0.000 grl_lambda=1.000 v18_lambda=0.000 gpu=3.0/11.8GB
[00:40:26] [train] ep=84 step=030/40 ce=0.2671 sc=0.8001 mi=0.0538 dn=0.0000 v13=0.0003 grl=0.0735 v15=0.0000 v15r=0.0000 v16=0.0000 v17=0.0000 v18=0.0000 acc=1.0000 lr=2.04e-05 lambda=0.000 grl_lambda=1.000 v18_lambda=0.000 gpu=3.0/11.8GB
[00:40:32] [train] ep=84 step=040/40 ce=0.2666 sc=0.7762 mi=0.0536 dn=0.0000 v13=0.0003 grl=0.0739 v15=0.0000 v15r=0.0000 v16=0.0000 v17=0.0000 v18=0.0000 acc=1.0000 lr=1.98e-05 lambda=0.000 grl_lambda=1.000 v18_lambda=0.000 gpu=3.0/11.8GB
[00:40:42] [ep_summary] ep=84/100 val_live=0.9691/0.9692 val_ema=0.9815/0.9817 test77_live=0.8489/0.8261 test77_diag_ema=0.8525/0.8340 v13=0.0003 grl=0.0739 v15=0.0000 v15r=0.0000 v16=0.0000 v17=0.0000 v18=0.0000 das=fixed_narrow[10,30] p=1.00 ep_time=34.0s
[00:40:42] [save] best_sourcequalified77_ema ep=84 source_val_live=0.9691/0.9692 source_val_ema=0.9815/0.9817 test77_ema=0.8525/0.8340
[00:40:42] [train] epoch 85/100 steps=40 use_dann=0 das=fixed_narrow f=[10.0,30.0] p=1.00 gpu=3.0/11.8GB
[00:40:43] [train] ep=85 step=001/40 ce=0.2596 sc=0.7139 mi=0.0553 dn=0.0000 v13=0.0003 grl=0.0740 v15=0.0000 v15r=0.0000 v16=0.0000 v17=0.0000 v18=0.0000 acc=1.0000 lr=1.97e-05 lambda=0.000 grl_lambda=1.000 v18_lambda=0.000 gpu=3.0/11.8GB
[00:40:48] [train] ep=85 step=010/40 ce=0.2572 sc=0.6778 mi=0.0541 dn=0.0000 v13=0.0003 grl=0.0695 v15=0.0000 v15r=0.0000 v16=0.0000 v17=0.0000 v18=0.0000 acc=1.0000 lr=1.92e-05 lambda=0.000 grl_lambda=1.000 v18_lambda=0.000 gpu=3.0/11.8GB
[00:40:54] [train] ep=85 step=020/40 ce=0.3193 sc=0.7780 mi=0.0521 dn=0.0000 v13=0.0003 grl=0.0733 v15=0.0000 v15r=0.0000 v16=0.0000 v17=0.0000 v18=0.0000 acc=0.9969 lr=1.86e-05 lambda=0.000 grl_lambda=1.000 v18_lambda=0.000 gpu=3.0/11.8GB
[00:41:00] [train] ep=85 step=030/40 ce=0.3271 sc=0.8373 mi=0.0534 dn=0.0000 v13=0.0003 grl=0.0729 v15=0.0000 v15r=0.0000 v16=0.0000 v17=0.0000 v18=0.0000 acc=0.9958 lr=1.80e-05 lambda=0.000 grl_lambda=1.000 v18_lambda=0.000 gpu=3.0/11.8GB
[00:41:06] [train] ep=85 step=040/40 ce=0.3280 sc=0.8179 mi=0.0535 dn=0.0000 v13=0.0003 grl=0.0731 v15=0.0000 v15r=0.0000 v16=0.0000 v17=0.0000 v18=0.0000 acc=0.9953 lr=1.74e-05 lambda=0.000 grl_lambda=1.000 v18_lambda=0.000 gpu=3.0/11.8GB
[00:41:17] [ep_summary] ep=85/100 val_live=0.9691/0.9692 val_ema=0.9815/0.9817 test77_live=0.8489/0.8281 test77_diag_ema=0.8525/0.8340 v13=0.0003 grl=0.0731 v15=0.0000 v15r=0.0000 v16=0.0000 v17=0.0000 v18=0.0000 das=fixed_narrow[10,30] p=1.00 ep_time=34.1s
[00:41:17] [train] epoch 86/100 steps=40 use_dann=0 das=fixed_narrow f=[10.0,30.0] p=1.00 gpu=3.0/11.8GB
[00:41:17] [train] ep=86 step=001/40 ce=0.6994 sc=1.3335 mi=0.0699 dn=0.0000 v13=0.0003 grl=0.0371 v15=0.0000 v15r=0.0000 v16=0.0000 v17=0.0000 v18=0.0000 acc=0.9375 lr=1.74e-05 lambda=0.000 grl_lambda=1.000 v18_lambda=0.000 gpu=3.0/11.8GB
[00:41:23] [train] ep=86 step=010/40 ce=0.3327 sc=0.7466 mi=0.0562 dn=0.0000 v13=0.0004 grl=0.0764 v15=0.0000 v15r=0.0000 v16=0.0000 v17=0.0000 v18=0.0000 acc=0.9938 lr=1.68e-05 lambda=0.000 grl_lambda=1.000 v18_lambda=0.000 gpu=3.0/11.8GB
[00:41:28] [train] ep=86 step=020/40 ce=0.3598 sc=0.7385 mi=0.0556 dn=0.0000 v13=0.0004 grl=0.0787 v15=0.0000 v15r=0.0000 v16=0.0000 v17=0.0000 v18=0.0000 acc=0.9938 lr=1.63e-05 lambda=0.000 grl_lambda=1.000 v18_lambda=0.000 gpu=3.0/11.8GB
[00:41:34] [train] ep=86 step=030/40 ce=0.3547 sc=0.7522 mi=0.0550 dn=0.0000 v13=0.0004 grl=0.0756 v15=0.0000 v15r=0.0000 v16=0.0000 v17=0.0000 v18=0.0000 acc=0.9938 lr=1.57e-05 lambda=0.000 grl_lambda=1.000 v18_lambda=0.000 gpu=3.0/11.8GB
[00:41:40] [train] ep=86 step=040/40 ce=0.3517 sc=0.7864 mi=0.0550 dn=0.0000 v13=0.0004 grl=0.0764 v15=0.0000 v15r=0.0000 v16=0.0000 v17=0.0000 v18=0.0000 acc=0.9938 lr=1.52e-05 lambda=0.000 grl_lambda=1.000 v18_lambda=0.000 gpu=3.0/11.8GB
[00:41:51] [ep_summary] ep=86/100 val_live=0.9753/0.9755 val_ema=0.9815/0.9817 test77_live=0.8741/0.8630 test77_diag_ema=0.8561/0.8370 v13=0.0004 grl=0.0764 v15=0.0000 v15r=0.0000 v16=0.0000 v17=0.0000 v18=0.0000 das=fixed_narrow[10,30] p=1.00 ep_time=34.4s
[00:41:51] [save] best_sourcequalified77_ema ep=86 source_val_live=0.9753/0.9755 source_val_ema=0.9815/0.9817 test77_ema=0.8561/0.8370
[00:41:51] [train] epoch 87/100 steps=40 use_dann=0 das=fixed_narrow f=[10.0,30.0] p=1.00 gpu=3.0/11.8GB
[00:41:52] [train] ep=87 step=001/40 ce=0.6633 sc=1.0785 mi=0.0584 dn=0.0000 v13=0.0004 grl=0.0847 v15=0.0000 v15r=0.0000 v16=0.0000 v17=0.0000 v18=0.0000 acc=0.9375 lr=1.52e-05 lambda=0.000 grl_lambda=1.000 v18_lambda=0.000 gpu=3.0/11.8GB
[00:41:57] [train] ep=87 step=010/40 ce=0.3420 sc=0.7382 mi=0.0552 dn=0.0000 v13=0.0003 grl=0.0782 v15=0.0000 v15r=0.0000 v16=0.0000 v17=0.0000 v18=0.0000 acc=0.9875 lr=1.47e-05 lambda=0.000 grl_lambda=1.000 v18_lambda=0.000 gpu=3.0/11.8GB
[00:42:03] [train] ep=87 step=020/40 ce=0.3076 sc=0.7660 mi=0.0549 dn=0.0000 v13=0.0004 grl=0.0754 v15=0.0000 v15r=0.0000 v16=0.0000 v17=0.0000 v18=0.0000 acc=0.9938 lr=1.42e-05 lambda=0.000 grl_lambda=1.000 v18_lambda=0.000 gpu=3.0/11.8GB
[00:42:09] [train] ep=87 step=030/40 ce=0.2925 sc=0.7367 mi=0.0549 dn=0.0000 v13=0.0003 grl=0.0788 v15=0.0000 v15r=0.0000 v16=0.0000 v17=0.0000 v18=0.0000 acc=0.9958 lr=1.37e-05 lambda=0.000 grl_lambda=1.000 v18_lambda=0.000 gpu=3.0/11.8GB
[00:42:15] [train] ep=87 step=040/40 ce=0.2978 sc=0.7476 mi=0.0542 dn=0.0000 v13=0.0003 grl=0.0753 v15=0.0000 v15r=0.0000 v16=0.0000 v17=0.0000 v18=0.0000 acc=0.9953 lr=1.31e-05 lambda=0.000 grl_lambda=1.000 v18_lambda=0.000 gpu=3.0/11.8GB
[00:42:25] [ep_summary] ep=87/100 val_live=0.9753/0.9755 val_ema=0.9815/0.9817 test77_live=0.8741/0.8644 test77_diag_ema=0.8561/0.8370 v13=0.0003 grl=0.0753 v15=0.0000 v15r=0.0000 v16=0.0000 v17=0.0000 v18=0.0000 das=fixed_narrow[10,30] p=1.00 ep_time=34.3s
[00:42:25] [train] epoch 88/100 steps=40 use_dann=0 das=fixed_narrow f=[10.0,30.0] p=1.00 gpu=3.0/11.8GB
[00:42:26] [train] ep=88 step=001/40 ce=0.2563 sc=0.4643 mi=0.0629 dn=0.0000 v13=0.0005 grl=0.0873 v15=0.0000 v15r=0.0000 v16=0.0000 v17=0.0000 v18=0.0000 acc=1.0000 lr=1.31e-05 lambda=0.000 grl_lambda=1.000 v18_lambda=0.000 gpu=3.0/11.8GB
[00:42:31] [train] ep=88 step=010/40 ce=0.2680 sc=0.7457 mi=0.0539 dn=0.0000 v13=0.0004 grl=0.0769 v15=0.0000 v15r=0.0000 v16=0.0000 v17=0.0000 v18=0.0000 acc=1.0000 lr=1.27e-05 lambda=0.000 grl_lambda=1.000 v18_lambda=0.000 gpu=3.0/11.8GB
[00:42:37] [train] ep=88 step=020/40 ce=0.2626 sc=0.8091 mi=0.0543 dn=0.0000 v13=0.0004 grl=0.0759 v15=0.0000 v15r=0.0000 v16=0.0000 v17=0.0000 v18=0.0000 acc=1.0000 lr=1.22e-05 lambda=0.000 grl_lambda=1.000 v18_lambda=0.000 gpu=3.0/11.8GB
[00:42:43] [train] ep=88 step=030/40 ce=0.2926 sc=0.8297 mi=0.0540 dn=0.0000 v13=0.0004 grl=0.0756 v15=0.0000 v15r=0.0000 v16=0.0000 v17=0.0000 v18=0.0000 acc=0.9979 lr=1.17e-05 lambda=0.000 grl_lambda=1.000 v18_lambda=0.000 gpu=3.0/11.8GB
[00:42:49] [train] ep=88 step=040/40 ce=0.2951 sc=0.8157 mi=0.0535 dn=0.0000 v13=0.0004 grl=0.0763 v15=0.0000 v15r=0.0000 v16=0.0000 v17=0.0000 v18=0.0000 acc=0.9969 lr=1.12e-05 lambda=0.000 grl_lambda=1.000 v18_lambda=0.000 gpu=3.0/11.8GB
[00:42:59] [ep_summary] ep=88/100 val_live=0.9753/0.9755 val_ema=0.9815/0.9817 test77_live=0.8705/0.8594 test77_diag_ema=0.8597/0.8407 v13=0.0004 grl=0.0763 v15=0.0000 v15r=0.0000 v16=0.0000 v17=0.0000 v18=0.0000 das=fixed_narrow[10,30] p=1.00 ep_time=34.0s
[00:42:59] [save] best_sourcequalified77_ema ep=88 source_val_live=0.9753/0.9755 source_val_ema=0.9815/0.9817 test77_ema=0.8597/0.8407
[00:42:59] [train] epoch 89/100 steps=40 use_dann=0 das=fixed_narrow f=[10.0,30.0] p=1.00 gpu=3.0/11.8GB
[00:43:00] [train] ep=89 step=001/40 ce=0.2577 sc=0.6004 mi=0.0622 dn=0.0000 v13=0.0002 grl=0.0833 v15=0.0000 v15r=0.0000 v16=0.0000 v17=0.0000 v18=0.0000 acc=1.0000 lr=1.12e-05 lambda=0.000 grl_lambda=1.000 v18_lambda=0.000 gpu=3.0/11.8GB
[00:43:05] [train] ep=89 step=010/40 ce=0.2916 sc=0.8070 mi=0.0565 dn=0.0000 v13=0.0003 grl=0.0779 v15=0.0000 v15r=0.0000 v16=0.0000 v17=0.0000 v18=0.0000 acc=1.0000 lr=1.08e-05 lambda=0.000 grl_lambda=1.000 v18_lambda=0.000 gpu=3.0/11.8GB
[00:43:11] [train] ep=89 step=020/40 ce=0.3014 sc=0.7248 mi=0.0540 dn=0.0000 v13=0.0003 grl=0.0702 v15=0.0000 v15r=0.0000 v16=0.0000 v17=0.0000 v18=0.0000 acc=0.9969 lr=1.03e-05 lambda=0.000 grl_lambda=1.000 v18_lambda=0.000 gpu=3.0/11.8GB
[00:43:17] [train] ep=89 step=030/40 ce=0.3050 sc=0.7500 mi=0.0532 dn=0.0000 v13=0.0003 grl=0.0714 v15=0.0000 v15r=0.0000 v16=0.0000 v17=0.0000 v18=0.0000 acc=0.9958 lr=9.89e-06 lambda=0.000 grl_lambda=1.000 v18_lambda=0.000 gpu=3.0/11.8GB
[00:43:23] [train] ep=89 step=040/40 ce=0.2931 sc=0.7565 mi=0.0541 dn=0.0000 v13=0.0003 grl=0.0705 v15=0.0000 v15r=0.0000 v16=0.0000 v17=0.0000 v18=0.0000 acc=0.9969 lr=9.46e-06 lambda=0.000 grl_lambda=1.000 v18_lambda=0.000 gpu=3.0/11.8GB
[00:43:33] [ep_summary] ep=89/100 val_live=0.9753/0.9755 val_ema=0.9815/0.9817 test77_live=0.8705/0.8594 test77_diag_ema=0.8597/0.8410 v13=0.0003 grl=0.0705 v15=0.0000 v15r=0.0000 v16=0.0000 v17=0.0000 v18=0.0000 das=fixed_narrow[10,30] p=1.00 ep_time=34.1s
[00:43:33] [save] best_sourcequalified77_ema ep=89 source_val_live=0.9753/0.9755 source_val_ema=0.9815/0.9817 test77_ema=0.8597/0.8410
[00:43:33] [train] epoch 90/100 steps=40 use_dann=0 das=fixed_narrow f=[10.0,30.0] p=1.00 gpu=3.0/11.8GB
[00:43:34] [train] ep=90 step=001/40 ce=0.2564 sc=0.5972 mi=0.0600 dn=0.0000 v13=0.0004 grl=0.0614 v15=0.0000 v15r=0.0000 v16=0.0000 v17=0.0000 v18=0.0000 acc=1.0000 lr=9.42e-06 lambda=0.000 grl_lambda=1.000 v18_lambda=0.000 gpu=3.0/11.8GB
[00:43:39] [train] ep=90 step=010/40 ce=0.2581 sc=0.5929 mi=0.0568 dn=0.0000 v13=0.0004 grl=0.0742 v15=0.0000 v15r=0.0000 v16=0.0000 v17=0.0000 v18=0.0000 acc=1.0000 lr=9.04e-06 lambda=0.000 grl_lambda=1.000 v18_lambda=0.000 gpu=3.0/11.8GB
[00:43:45] [train] ep=90 step=020/40 ce=0.2677 sc=0.6825 mi=0.0555 dn=0.0000 v13=0.0003 grl=0.0747 v15=0.0000 v15r=0.0000 v16=0.0000 v17=0.0000 v18=0.0000 acc=1.0000 lr=8.63e-06 lambda=0.000 grl_lambda=1.000 v18_lambda=0.000 gpu=3.0/11.8GB
[00:43:51] [train] ep=90 step=030/40 ce=0.2940 sc=0.7026 mi=0.0552 dn=0.0000 v13=0.0003 grl=0.0745 v15=0.0000 v15r=0.0000 v16=0.0000 v17=0.0000 v18=0.0000 acc=0.9979 lr=8.23e-06 lambda=0.000 grl_lambda=1.000 v18_lambda=0.000 gpu=3.0/11.8GB
[00:43:57] [train] ep=90 step=040/40 ce=0.2867 sc=0.7122 mi=0.0543 dn=0.0000 v13=0.0003 grl=0.0739 v15=0.0000 v15r=0.0000 v16=0.0000 v17=0.0000 v18=0.0000 acc=0.9984 lr=7.84e-06 lambda=0.000 grl_lambda=1.000 v18_lambda=0.000 gpu=3.0/11.8GB
[00:44:07] [pool] check ep=090/100 source_val_acc_ema=0.9815 threshold=0.90
[00:44:12] [pool] ep=090 ADDED src_val=0.9815/0.9817 dev77=0.8071/0.7884 final77=0.8597/0.8412
[00:44:12] [pool] running best ep=090 dev77_f1=0.7884 final77_f1=0.8412 (pool_size=6)
[00:44:13] [ep_summary] ep=90/100 val_live=0.9753/0.9755 val_ema=0.9815/0.9817 test77_live=0.8705/0.8594 test77_diag_ema=0.8597/0.8412 v13=0.0003 grl=0.0739 v15=0.0000 v15r=0.0000 v16=0.0000 v17=0.0000 v18=0.0000 das=fixed_narrow[10,30] p=1.00 ep_time=39.1s
[00:44:13] [save] best_sourcequalified77_ema ep=90 source_val_live=0.9753/0.9755 source_val_ema=0.9815/0.9817 test77_ema=0.8597/0.8412
[00:44:13] [strict77_monitor] ep=90 best_source_epoch=79 source_val_ema=0.9815/0.9817 test77_ema_diag=0.8381/0.8071 sourcequalified_count=51 best_sourcequalified77_epoch=90 source_val_ema=0.9815/0.9817 test77_ema=0.8597/0.8412
[00:44:13] [train] epoch 91/100 steps=40 use_dann=0 das=fixed_narrow f=[10.0,30.0] p=1.00 gpu=3.0/11.8GB
[00:44:13] [train] ep=91 step=001/40 ce=0.2630 sc=0.8596 mi=0.0418 dn=0.0000 v13=0.0002 grl=0.0589 v15=0.0000 v15r=0.0000 v16=0.0000 v17=0.0000 v18=0.0000 acc=1.0000 lr=7.80e-06 lambda=0.000 grl_lambda=1.000 v18_lambda=0.000 gpu=3.0/11.8GB
[00:44:19] [train] ep=91 step=010/40 ce=0.2582 sc=0.8239 mi=0.0526 dn=0.0000 v13=0.0003 grl=0.0633 v15=0.0000 v15r=0.0000 v16=0.0000 v17=0.0000 v18=0.0000 acc=1.0000 lr=7.45e-06 lambda=0.000 grl_lambda=1.000 v18_lambda=0.000 gpu=3.0/11.8GB
[00:44:24] [train] ep=91 step=020/40 ce=0.3032 sc=0.8980 mi=0.0537 dn=0.0000 v13=0.0003 grl=0.0717 v15=0.0000 v15r=0.0000 v16=0.0000 v17=0.0000 v18=0.0000 acc=0.9969 lr=7.08e-06 lambda=0.000 grl_lambda=1.000 v18_lambda=0.000 gpu=3.0/11.8GB
[00:44:30] [train] ep=91 step=030/40 ce=0.3193 sc=0.8742 mi=0.0542 dn=0.0000 v13=0.0003 grl=0.0762 v15=0.0000 v15r=0.0000 v16=0.0000 v17=0.0000 v18=0.0000 acc=0.9958 lr=6.72e-06 lambda=0.000 grl_lambda=1.000 v18_lambda=0.000 gpu=3.0/11.8GB
[00:44:36] [train] ep=91 step=040/40 ce=0.3109 sc=0.8588 mi=0.0532 dn=0.0000 v13=0.0003 grl=0.0735 v15=0.0000 v15r=0.0000 v16=0.0000 v17=0.0000 v18=0.0000 acc=0.9969 lr=6.36e-06 lambda=0.000 grl_lambda=1.000 v18_lambda=0.000 gpu=3.0/11.8GB
[00:44:47] [ep_summary] ep=91/100 val_live=0.9753/0.9755 val_ema=0.9815/0.9817 test77_live=0.8705/0.8594 test77_diag_ema=0.8597/0.8412 v13=0.0003 grl=0.0735 v15=0.0000 v15r=0.0000 v16=0.0000 v17=0.0000 v18=0.0000 das=fixed_narrow[10,30] p=1.00 ep_time=34.1s
[00:44:47] [train] epoch 92/100 steps=40 use_dann=0 das=fixed_narrow f=[10.0,30.0] p=1.00 gpu=3.0/11.8GB
[00:44:47] [train] ep=92 step=001/40 ce=0.2572 sc=1.1597 mi=0.0468 dn=0.0000 v13=0.0004 grl=0.0844 v15=0.0000 v15r=0.0000 v16=0.0000 v17=0.0000 v18=0.0000 acc=1.0000 lr=6.33e-06 lambda=0.000 grl_lambda=1.000 v18_lambda=0.000 gpu=3.0/11.8GB
[00:44:53] [train] ep=92 step=010/40 ce=0.4772 sc=1.0216 mi=0.0531 dn=0.0000 v13=0.0004 grl=0.0872 v15=0.0000 v15r=0.0000 v16=0.0000 v17=0.0000 v18=0.0000 acc=0.9812 lr=6.02e-06 lambda=0.000 grl_lambda=1.000 v18_lambda=0.000 gpu=3.0/11.8GB
[00:44:59] [train] ep=92 step=020/40 ce=0.3677 sc=0.8623 mi=0.0542 dn=0.0000 v13=0.0004 grl=0.0893 v15=0.0000 v15r=0.0000 v16=0.0000 v17=0.0000 v18=0.0000 acc=0.9906 lr=5.68e-06 lambda=0.000 grl_lambda=1.000 v18_lambda=0.000 gpu=3.0/11.8GB
[00:45:04] [train] ep=92 step=030/40 ce=0.3489 sc=0.8625 mi=0.0540 dn=0.0000 v13=0.0003 grl=0.0851 v15=0.0000 v15r=0.0000 v16=0.0000 v17=0.0000 v18=0.0000 acc=0.9938 lr=5.35e-06 lambda=0.000 grl_lambda=1.000 v18_lambda=0.000 gpu=3.0/11.8GB
[00:45:10] [train] ep=92 step=040/40 ce=0.3432 sc=0.8599 mi=0.0542 dn=0.0000 v13=0.0003 grl=0.0835 v15=0.0000 v15r=0.0000 v16=0.0000 v17=0.0000 v18=0.0000 acc=0.9938 lr=5.04e-06 lambda=0.000 grl_lambda=1.000 v18_lambda=0.000 gpu=3.0/11.8GB
[00:45:21] [ep_summary] ep=92/100 val_live=0.9691/0.9692 val_ema=0.9815/0.9817 test77_live=0.8741/0.8628 test77_diag_ema=0.8561/0.8375 v13=0.0003 grl=0.0835 v15=0.0000 v15r=0.0000 v16=0.0000 v17=0.0000 v18=0.0000 das=fixed_narrow[10,30] p=1.00 ep_time=34.3s
[00:45:21] [train] epoch 93/100 steps=40 use_dann=0 das=fixed_narrow f=[10.0,30.0] p=1.00 gpu=3.0/11.8GB
[00:45:22] [train] ep=93 step=001/40 ce=0.2565 sc=0.7123 mi=0.0621 dn=0.0000 v13=0.0003 grl=0.0555 v15=0.0000 v15r=0.0000 v16=0.0000 v17=0.0000 v18=0.0000 acc=1.0000 lr=5.01e-06 lambda=0.000 grl_lambda=1.000 v18_lambda=0.000 gpu=3.0/11.8GB
[00:45:27] [train] ep=93 step=010/40 ce=0.2601 sc=0.7106 mi=0.0542 dn=0.0000 v13=0.0002 grl=0.0706 v15=0.0000 v15r=0.0000 v16=0.0000 v17=0.0000 v18=0.0000 acc=1.0000 lr=4.73e-06 lambda=0.000 grl_lambda=1.000 v18_lambda=0.000 gpu=3.0/11.8GB
[00:45:33] [train] ep=93 step=020/40 ce=0.2927 sc=0.7909 mi=0.0542 dn=0.0000 v13=0.0003 grl=0.0687 v15=0.0000 v15r=0.0000 v16=0.0000 v17=0.0000 v18=0.0000 acc=1.0000 lr=4.43e-06 lambda=0.000 grl_lambda=1.000 v18_lambda=0.000 gpu=3.0/11.8GB
[00:45:39] [train] ep=93 step=030/40 ce=0.2992 sc=0.7844 mi=0.0540 dn=0.0000 v13=0.0003 grl=0.0732 v15=0.0000 v15r=0.0000 v16=0.0000 v17=0.0000 v18=0.0000 acc=1.0000 lr=4.14e-06 lambda=0.000 grl_lambda=1.000 v18_lambda=0.000 gpu=3.0/11.8GB
[00:45:45] [train] ep=93 step=040/40 ce=0.3331 sc=0.8291 mi=0.0539 dn=0.0000 v13=0.0003 grl=0.0695 v15=0.0000 v15r=0.0000 v16=0.0000 v17=0.0000 v18=0.0000 acc=0.9969 lr=3.87e-06 lambda=0.000 grl_lambda=1.000 v18_lambda=0.000 gpu=3.0/11.8GB
[00:45:55] [ep_summary] ep=93/100 val_live=0.9691/0.9692 val_ema=0.9815/0.9817 test77_live=0.8669/0.8553 test77_diag_ema=0.8525/0.8340 v13=0.0003 grl=0.0695 v15=0.0000 v15r=0.0000 v16=0.0000 v17=0.0000 v18=0.0000 das=fixed_narrow[10,30] p=1.00 ep_time=34.4s
[00:45:56] [train] epoch 94/100 steps=40 use_dann=0 das=fixed_narrow f=[10.0,30.0] p=1.00 gpu=3.0/11.8GB
[00:45:56] [train] ep=94 step=001/40 ce=0.2570 sc=0.8205 mi=0.0530 dn=0.0000 v13=0.0002 grl=0.0769 v15=0.0000 v15r=0.0000 v16=0.0000 v17=0.0000 v18=0.0000 acc=1.0000 lr=3.84e-06 lambda=0.000 grl_lambda=1.000 v18_lambda=0.000 gpu=3.0/11.8GB
[00:46:01] [train] ep=94 step=010/40 ce=0.2572 sc=0.7783 mi=0.0547 dn=0.0000 v13=0.0004 grl=0.0747 v15=0.0000 v15r=0.0000 v16=0.0000 v17=0.0000 v18=0.0000 acc=1.0000 lr=3.60e-06 lambda=0.000 grl_lambda=1.000 v18_lambda=0.000 gpu=3.0/11.8GB
[00:46:07] [train] ep=94 step=020/40 ce=0.3240 sc=0.8231 mi=0.0545 dn=0.0000 v13=0.0003 grl=0.0701 v15=0.0000 v15r=0.0000 v16=0.0000 v17=0.0000 v18=0.0000 acc=0.9969 lr=3.34e-06 lambda=0.000 grl_lambda=1.000 v18_lambda=0.000 gpu=3.0/11.8GB
[00:46:13] [train] ep=94 step=030/40 ce=0.3110 sc=0.7826 mi=0.0544 dn=0.0000 v13=0.0003 grl=0.0704 v15=0.0000 v15r=0.0000 v16=0.0000 v17=0.0000 v18=0.0000 acc=0.9979 lr=3.09e-06 lambda=0.000 grl_lambda=1.000 v18_lambda=0.000 gpu=3.0/11.8GB
[00:46:19] [train] ep=94 step=040/40 ce=0.3189 sc=0.7924 mi=0.0544 dn=0.0000 v13=0.0003 grl=0.0700 v15=0.0000 v15r=0.0000 v16=0.0000 v17=0.0000 v18=0.0000 acc=0.9969 lr=2.85e-06 lambda=0.000 grl_lambda=1.000 v18_lambda=0.000 gpu=3.0/11.8GB
[00:46:30] [ep_summary] ep=94/100 val_live=0.9691/0.9692 val_ema=0.9753/0.9755 test77_live=0.8669/0.8553 test77_diag_ema=0.8525/0.8340 v13=0.0003 grl=0.0700 v15=0.0000 v15r=0.0000 v16=0.0000 v17=0.0000 v18=0.0000 das=fixed_narrow[10,30] p=1.00 ep_time=34.4s
[00:46:30] [train] epoch 95/100 steps=40 use_dann=0 das=fixed_narrow f=[10.0,30.0] p=1.00 gpu=3.0/11.8GB
[00:46:31] [train] ep=95 step=001/40 ce=0.3787 sc=0.9624 mi=0.0465 dn=0.0000 v13=0.0003 grl=0.0375 v15=0.0000 v15r=0.0000 v16=0.0000 v17=0.0000 v18=0.0000 acc=1.0000 lr=2.82e-06 lambda=0.000 grl_lambda=1.000 v18_lambda=0.000 gpu=3.0/11.8GB
[00:46:36] [train] ep=95 step=010/40 ce=0.3569 sc=0.8111 mi=0.0537 dn=0.0000 v13=0.0003 grl=0.0762 v15=0.0000 v15r=0.0000 v16=0.0000 v17=0.0000 v18=0.0000 acc=0.9938 lr=2.62e-06 lambda=0.000 grl_lambda=1.000 v18_lambda=0.000 gpu=3.0/11.8GB
[00:46:42] [train] ep=95 step=020/40 ce=0.3074 sc=0.7809 mi=0.0533 dn=0.0000 v13=0.0003 grl=0.0775 v15=0.0000 v15r=0.0000 v16=0.0000 v17=0.0000 v18=0.0000 acc=0.9969 lr=2.40e-06 lambda=0.000 grl_lambda=1.000 v18_lambda=0.000 gpu=3.0/11.8GB
[00:46:48] [train] ep=95 step=030/40 ce=0.3017 sc=0.7692 mi=0.0543 dn=0.0000 v13=0.0003 grl=0.0755 v15=0.0000 v15r=0.0000 v16=0.0000 v17=0.0000 v18=0.0000 acc=0.9979 lr=2.18e-06 lambda=0.000 grl_lambda=1.000 v18_lambda=0.000 gpu=3.0/11.8GB
[00:46:54] [train] ep=95 step=040/40 ce=0.3115 sc=0.7831 mi=0.0543 dn=0.0000 v13=0.0003 grl=0.0752 v15=0.0000 v15r=0.0000 v16=0.0000 v17=0.0000 v18=0.0000 acc=0.9969 lr=1.98e-06 lambda=0.000 grl_lambda=1.000 v18_lambda=0.000 gpu=3.0/11.8GB
[00:47:04] [ep_summary] ep=95/100 val_live=0.9691/0.9692 val_ema=0.9753/0.9755 test77_live=0.8669/0.8553 test77_diag_ema=0.8525/0.8340 v13=0.0003 grl=0.0752 v15=0.0000 v15r=0.0000 v16=0.0000 v17=0.0000 v18=0.0000 das=fixed_narrow[10,30] p=1.00 ep_time=34.1s
[00:47:04] [train] epoch 96/100 steps=40 use_dann=0 das=fixed_narrow f=[10.0,30.0] p=1.00 gpu=3.0/11.8GB
[00:47:05] [train] ep=96 step=001/40 ce=0.7506 sc=1.0565 mi=0.0456 dn=0.0000 v13=0.0002 grl=0.0604 v15=0.0000 v15r=0.0000 v16=0.0000 v17=0.0000 v18=0.0000 acc=0.9375 lr=1.96e-06 lambda=0.000 grl_lambda=1.000 v18_lambda=0.000 gpu=3.0/11.8GB
[00:47:10] [train] ep=96 step=010/40 ce=0.3106 sc=0.8321 mi=0.0527 dn=0.0000 v13=0.0003 grl=0.0691 v15=0.0000 v15r=0.0000 v16=0.0000 v17=0.0000 v18=0.0000 acc=0.9938 lr=1.79e-06 lambda=0.000 grl_lambda=1.000 v18_lambda=0.000 gpu=3.0/11.8GB
[00:47:16] [train] ep=96 step=020/40 ce=0.3736 sc=0.8736 mi=0.0533 dn=0.0000 v13=0.0003 grl=0.0717 v15=0.0000 v15r=0.0000 v16=0.0000 v17=0.0000 v18=0.0000 acc=0.9906 lr=1.61e-06 lambda=0.000 grl_lambda=1.000 v18_lambda=0.000 gpu=3.0/11.8GB
[00:47:22] [train] ep=96 step=030/40 ce=0.3349 sc=0.8332 mi=0.0527 dn=0.0000 v13=0.0003 grl=0.0740 v15=0.0000 v15r=0.0000 v16=0.0000 v17=0.0000 v18=0.0000 acc=0.9938 lr=1.44e-06 lambda=0.000 grl_lambda=1.000 v18_lambda=0.000 gpu=3.0/11.8GB
[00:47:28] [train] ep=96 step=040/40 ce=0.3391 sc=0.8220 mi=0.0526 dn=0.0000 v13=0.0003 grl=0.0750 v15=0.0000 v15r=0.0000 v16=0.0000 v17=0.0000 v18=0.0000 acc=0.9938 lr=1.27e-06 lambda=0.000 grl_lambda=1.000 v18_lambda=0.000 gpu=3.0/11.8GB
[00:47:38] [ep_summary] ep=96/100 val_live=0.9691/0.9692 val_ema=0.9753/0.9755 test77_live=0.8669/0.8553 test77_diag_ema=0.8525/0.8340 v13=0.0003 grl=0.0750 v15=0.0000 v15r=0.0000 v16=0.0000 v17=0.0000 v18=0.0000 das=fixed_narrow[10,30] p=1.00 ep_time=34.2s
[00:47:38] [train] epoch 97/100 steps=40 use_dann=0 das=fixed_narrow f=[10.0,30.0] p=1.00 gpu=3.0/11.8GB
[00:47:39] [train] ep=97 step=001/40 ce=0.2615 sc=0.9964 mi=0.0525 dn=0.0000 v13=0.0005 grl=0.1011 v15=0.0000 v15r=0.0000 v16=0.0000 v17=0.0000 v18=0.0000 acc=1.0000 lr=1.26e-06 lambda=0.000 grl_lambda=1.000 v18_lambda=0.000 gpu=3.0/11.8GB
[00:47:44] [train] ep=97 step=010/40 ce=0.3134 sc=0.8022 mi=0.0541 dn=0.0000 v13=0.0003 grl=0.0716 v15=0.0000 v15r=0.0000 v16=0.0000 v17=0.0000 v18=0.0000 acc=1.0000 lr=1.12e-06 lambda=0.000 grl_lambda=1.000 v18_lambda=0.000 gpu=3.0/11.8GB
[00:47:50] [train] ep=97 step=020/40 ce=0.2858 sc=0.8094 mi=0.0545 dn=0.0000 v13=0.0004 grl=0.0771 v15=0.0000 v15r=0.0000 v16=0.0000 v17=0.0000 v18=0.0000 acc=1.0000 lr=9.76e-07 lambda=0.000 grl_lambda=1.000 v18_lambda=0.000 gpu=3.0/11.8GB
[00:47:56] [train] ep=97 step=030/40 ce=0.3212 sc=0.8016 mi=0.0551 dn=0.0000 v13=0.0004 grl=0.0793 v15=0.0000 v15r=0.0000 v16=0.0000 v17=0.0000 v18=0.0000 acc=0.9958 lr=8.43e-07 lambda=0.000 grl_lambda=1.000 v18_lambda=0.000 gpu=3.0/11.8GB
[00:48:02] [train] ep=97 step=040/40 ce=0.3071 sc=0.7861 mi=0.0541 dn=0.0000 v13=0.0004 grl=0.0768 v15=0.0000 v15r=0.0000 v16=0.0000 v17=0.0000 v18=0.0000 acc=0.9969 lr=7.19e-07 lambda=0.000 grl_lambda=1.000 v18_lambda=0.000 gpu=3.0/11.8GB
[00:48:12] [ep_summary] ep=97/100 val_live=0.9691/0.9692 val_ema=0.9753/0.9755 test77_live=0.8669/0.8553 test77_diag_ema=0.8489/0.8303 v13=0.0004 grl=0.0768 v15=0.0000 v15r=0.0000 v16=0.0000 v17=0.0000 v18=0.0000 das=fixed_narrow[10,30] p=1.00 ep_time=34.1s
[00:48:12] [train] epoch 98/100 steps=40 use_dann=0 das=fixed_narrow f=[10.0,30.0] p=1.00 gpu=3.0/11.8GB
[00:48:13] [train] ep=98 step=001/40 ce=0.2559 sc=0.8277 mi=0.0588 dn=0.0000 v13=0.0003 grl=0.0889 v15=0.0000 v15r=0.0000 v16=0.0000 v17=0.0000 v18=0.0000 acc=1.0000 lr=7.07e-07 lambda=0.000 grl_lambda=1.000 v18_lambda=0.000 gpu=3.0/11.8GB
[00:48:18] [train] ep=98 step=010/40 ce=0.3824 sc=0.8494 mi=0.0555 dn=0.0000 v13=0.0003 grl=0.0690 v15=0.0000 v15r=0.0000 v16=0.0000 v17=0.0000 v18=0.0000 acc=0.9875 lr=6.05e-07 lambda=0.000 grl_lambda=1.000 v18_lambda=0.000 gpu=3.0/11.8GB
[00:48:24] [train] ep=98 step=020/40 ce=0.3639 sc=0.8228 mi=0.0532 dn=0.0000 v13=0.0003 grl=0.0721 v15=0.0000 v15r=0.0000 v16=0.0000 v17=0.0000 v18=0.0000 acc=0.9906 lr=5.01e-07 lambda=0.000 grl_lambda=1.000 v18_lambda=0.000 gpu=3.0/11.8GB
[00:48:30] [train] ep=98 step=030/40 ce=0.3303 sc=0.8003 mi=0.0534 dn=0.0000 v13=0.0003 grl=0.0724 v15=0.0000 v15r=0.0000 v16=0.0000 v17=0.0000 v18=0.0000 acc=0.9938 lr=4.07e-07 lambda=0.000 grl_lambda=1.000 v18_lambda=0.000 gpu=3.0/11.8GB
[00:48:36] [train] ep=98 step=040/40 ce=0.3135 sc=0.7767 mi=0.0536 dn=0.0000 v13=0.0003 grl=0.0721 v15=0.0000 v15r=0.0000 v16=0.0000 v17=0.0000 v18=0.0000 acc=0.9953 lr=3.22e-07 lambda=0.000 grl_lambda=1.000 v18_lambda=0.000 gpu=3.0/11.8GB
[00:48:47] [ep_summary] ep=98/100 val_live=0.9691/0.9692 val_ema=0.9753/0.9755 test77_live=0.8669/0.8553 test77_diag_ema=0.8489/0.8303 v13=0.0003 grl=0.0721 v15=0.0000 v15r=0.0000 v16=0.0000 v17=0.0000 v18=0.0000 das=fixed_narrow[10,30] p=1.00 ep_time=34.2s
[00:48:47] [train] epoch 99/100 steps=40 use_dann=0 das=fixed_narrow f=[10.0,30.0] p=1.00 gpu=3.0/11.8GB
[00:48:47] [train] ep=99 step=001/40 ce=0.9934 sc=0.7100 mi=0.0623 dn=0.0000 v13=0.0003 grl=0.0500 v15=0.0000 v15r=0.0000 v16=0.0000 v17=0.0000 v18=0.0000 acc=0.9375 lr=3.15e-07 lambda=0.000 grl_lambda=1.000 v18_lambda=0.000 gpu=3.0/11.8GB
[00:48:52] [train] ep=99 step=010/40 ce=0.3487 sc=0.6673 mi=0.0566 dn=0.0000 v13=0.0003 grl=0.0757 v15=0.0000 v15r=0.0000 v16=0.0000 v17=0.0000 v18=0.0000 acc=0.9938 lr=2.48e-07 lambda=0.000 grl_lambda=1.000 v18_lambda=0.000 gpu=3.0/11.8GB
[00:48:58] [train] ep=99 step=020/40 ce=0.3250 sc=0.7104 mi=0.0549 dn=0.0000 v13=0.0003 grl=0.0792 v15=0.0000 v15r=0.0000 v16=0.0000 v17=0.0000 v18=0.0000 acc=0.9938 lr=1.83e-07 lambda=0.000 grl_lambda=1.000 v18_lambda=0.000 gpu=3.0/11.8GB
[00:49:04] [train] ep=99 step=030/40 ce=0.3072 sc=0.7506 mi=0.0546 dn=0.0000 v13=0.0003 grl=0.0774 v15=0.0000 v15r=0.0000 v16=0.0000 v17=0.0000 v18=0.0000 acc=0.9958 lr=1.28e-07 lambda=0.000 grl_lambda=1.000 v18_lambda=0.000 gpu=3.0/11.8GB
[00:49:10] [train] ep=99 step=040/40 ce=0.3006 sc=0.7186 mi=0.0547 dn=0.0000 v13=0.0003 grl=0.0769 v15=0.0000 v15r=0.0000 v16=0.0000 v17=0.0000 v18=0.0000 acc=0.9969 lr=8.26e-08 lambda=0.000 grl_lambda=1.000 v18_lambda=0.000 gpu=3.0/11.8GB
[00:49:21] [ep_summary] ep=99/100 val_live=0.9691/0.9692 val_ema=0.9753/0.9755 test77_live=0.8669/0.8553 test77_diag_ema=0.8489/0.8303 v13=0.0003 grl=0.0769 v15=0.0000 v15r=0.0000 v16=0.0000 v17=0.0000 v18=0.0000 das=fixed_narrow[10,30] p=1.00 ep_time=34.1s
[00:49:21] [train] epoch 100/100 steps=40 use_dann=0 das=fixed_narrow f=[10.0,30.0] p=1.00 gpu=3.0/11.8GB
[00:49:21] [train] ep=100 step=001/40 ce=1.1384 sc=1.2944 mi=0.0596 dn=0.0000 v13=0.0003 grl=0.0513 v15=0.0000 v15r=0.0000 v16=0.0000 v17=0.0000 v18=0.0000 acc=0.9375 lr=7.87e-08 lambda=0.000 grl_lambda=1.000 v18_lambda=0.000 gpu=3.0/11.8GB
[00:49:27] [train] ep=100 step=010/40 ce=0.3451 sc=0.7591 mi=0.0551 dn=0.0000 v13=0.0003 grl=0.0629 v15=0.0000 v15r=0.0000 v16=0.0000 v17=0.0000 v18=0.0000 acc=0.9938 lr=4.72e-08 lambda=0.000 grl_lambda=1.000 v18_lambda=0.000 gpu=3.0/11.8GB
[00:49:33] [train] ep=100 step=020/40 ce=0.3053 sc=0.7704 mi=0.0561 dn=0.0000 v13=0.0003 grl=0.0709 v15=0.0000 v15r=0.0000 v16=0.0000 v17=0.0000 v18=0.0000 acc=0.9969 lr=2.17e-08 lambda=0.000 grl_lambda=1.000 v18_lambda=0.000 gpu=3.0/11.8GB
[00:49:38] [train] ep=100 step=030/40 ce=0.2905 sc=0.7724 mi=0.0557 dn=0.0000 v13=0.0003 grl=0.0726 v15=0.0000 v15r=0.0000 v16=0.0000 v17=0.0000 v18=0.0000 acc=0.9979 lr=5.95e-09 lambda=0.000 grl_lambda=1.000 v18_lambda=0.000 gpu=3.0/11.8GB
[00:49:44] [train] ep=100 step=040/40 ce=0.3292 sc=0.7974 mi=0.0552 dn=0.0000 v13=0.0003 grl=0.0718 v15=0.0000 v15r=0.0000 v16=0.0000 v17=0.0000 v18=0.0000 acc=0.9953 lr=4.92e-11 lambda=0.000 grl_lambda=1.000 v18_lambda=0.000 gpu=3.0/11.8GB
[00:49:55] [pool] check ep=100/100 source_val_acc_ema=0.9753 threshold=0.90
[00:50:00] [pool] ep=100 ADDED src_val=0.9753/0.9755 dev77=0.7929/0.7735 final77=0.8489/0.8303
[00:50:00] [pool] running best ep=090 dev77_f1=0.7884 final77_f1=0.8412 (pool_size=7)
[00:50:00] [ep_summary] ep=100/100 val_live=0.9691/0.9692 val_ema=0.9753/0.9755 test77_live=0.8669/0.8553 test77_diag_ema=0.8489/0.8303 v13=0.0003 grl=0.0718 v15=0.0000 v15r=0.0000 v16=0.0000 v17=0.0000 v18=0.0000 das=fixed_narrow[10,30] p=1.00 ep_time=39.6s
[00:50:00] [strict77_monitor] ep=100 best_source_epoch=79 source_val_ema=0.9815/0.9817 test77_ema_diag=0.8381/0.8071 sourcequalified_count=61 best_sourcequalified77_epoch=90 source_val_ema=0.9815/0.9817 test77_ema=0.8597/0.8412
[00:50:00] [pool] FINAL pool_size=7 best ep=090 dev77_f1=0.7884 final77_f1=0.8412 -> /scratch/st-zliu-1/heqingz/CrossCarrier_Fresh_20260922/CrossCarrier_Repro/EXPERIMENTSRESULT/REVISION_5090/SUPP_ABLATION/SCHED_fixednarrow_ACR/seed42/checkpoints/best_pool_ema.pt
[00:50:00] [train] done best_sourceval_acc_ema=0.9815
[00:50:23] [eval] loaded vit_large_patch16_dinov3_lvd1689m_best_sourceval_ema.pt (sourceval)
[00:50:23] [eval] strict source-val selected by ema acc; heldout77_unused=140 final_test77=278 imgs, seed=42 dev_per_class=20
[00:50:26] [eval] 77GHz final-test acc=0.8381 f1=0.8071
[00:50:26] [eval] 77GHz final-test per-class={'Away': 1.0, 'Bend': 0.8205128205128205, 'Kneel': 0.9761904761904762, 'Pick': 0.875, 'SStep': 1.0, 'Sit': 0.21621621621621623, 'Towards': 0.925}
[00:50:28] [eval] val_all acc=0.9815 f1=0.9817
[00:50:30] [freq_scan:val10] f_virt=15GHz acc=0.9872 f1=0.9881
[00:50:31] [freq_scan:val10] f_virt=30GHz acc=0.9744 f1=0.9760
[00:50:32] [freq_scan:val10] f_virt=50GHz acc=0.9359 f1=0.9347
[00:50:33] [freq_scan:val10] f_virt=77GHz acc=0.8974 f1=0.8967
[00:50:34] [freq_scan:val10] f_virt=99GHz acc=0.8590 f1=0.8584
[00:50:36] [freq_scan:val10] f_virt=120GHz acc=0.8333 f1=0.8306
[00:50:37] [freq_scan:val10] f_virt=140GHz acc=0.7564 f1=0.7494
[00:50:38] [freq_scan:val24] f_virt=15GHz acc=0.9881 f1=0.9876
[00:50:39] [freq_scan:val24] f_virt=30GHz acc=0.9881 f1=0.9875
[00:50:41] [freq_scan:val24] f_virt=50GHz acc=0.9524 f1=0.9527
[00:50:42] [freq_scan:val24] f_virt=77GHz acc=0.8690 f1=0.8640
[00:50:43] [freq_scan:val24] f_virt=99GHz acc=0.8214 f1=0.7955
[00:50:45] [freq_scan:val24] f_virt=120GHz acc=0.7500 f1=0.7033
[00:50:46] [freq_scan:val24] f_virt=140GHz acc=0.7500 f1=0.7033
[00:50:46] [eval] saved eval_sourceval.json
[00:50:57] [eval] loaded vit_large_patch16_dinov3_lvd1689m_best_sourcequalified77_ema.pt (sourcequalified)
[00:50:57] [eval] source-qualified diagnostic selected (source-val ema acc >= 0.90, then best 77GHz ema macro-F1); heldout77_unused=140 final_test77=278 imgs, seed=42 dev_per_class=20
[00:51:01] [eval] 77GHz final-test acc=0.8597 f1=0.8412
[00:51:01] [eval] 77GHz final-test per-class={'Away': 1.0, 'Bend': 0.7948717948717948, 'Kneel': 1.0, 'Pick': 0.9, 'SStep': 1.0, 'Sit': 0.35135135135135137, 'Towards': 0.925}
[00:51:03] [eval] val_all acc=0.9815 f1=0.9817
[00:51:04] [freq_scan:val10] f_virt=15GHz acc=0.9744 f1=0.9760
[00:51:05] [freq_scan:val10] f_virt=30GHz acc=0.9615 f1=0.9637
[00:51:06] [freq_scan:val10] f_virt=50GHz acc=0.9359 f1=0.9347
[00:51:07] [freq_scan:val10] f_virt=77GHz acc=0.9103 f1=0.9110
[00:51:08] [freq_scan:val10] f_virt=99GHz acc=0.8462 f1=0.8470
[00:51:09] [freq_scan:val10] f_virt=120GHz acc=0.8333 f1=0.8294
[00:51:11] [freq_scan:val10] f_virt=140GHz acc=0.7436 f1=0.7328
[00:51:12] [freq_scan:val24] f_virt=15GHz acc=0.9881 f1=0.9876
[00:51:13] [freq_scan:val24] f_virt=30GHz acc=0.9881 f1=0.9875
[00:51:14] [freq_scan:val24] f_virt=50GHz acc=0.9643 f1=0.9646
[00:51:16] [freq_scan:val24] f_virt=77GHz acc=0.8810 f1=0.8773
[00:51:17] [freq_scan:val24] f_virt=99GHz acc=0.8214 f1=0.7955
[00:51:18] [freq_scan:val24] f_virt=120GHz acc=0.7500 f1=0.7033
[00:51:19] [freq_scan:val24] f_virt=140GHz acc=0.7619 f1=0.7173
[00:51:19] [eval] saved eval_sourcequalified.json
