[20:35:31] run_dir=/scratch/st-zliu-1/heqingz/CrossCarrier_Fresh_20260922/CrossCarrier_Repro/EXPERIMENTSRESULT/REVISION_5090/SUPP_ABLATION/DAS_ERM/seed31415
[20:35:32] device=cuda
[20:35:32] backbone=vit_large_patch16_dinov3.lvd1689m
[20:35:32] env: manifest_dir=/scratch/st-zliu-1/heqingz/CrossCarrier_Fresh_20260922/CrossCarrier_Repro/tasks/known_people_unknown_freq/manifest dataset_root=/scratch/st-zliu-1/heqingz/CrossCarrier_Fresh_20260922/CrossCarrier_Repro use_dann=False selection=source_val_acc_ema adapter_mode=lora
[20:35:32] set_seed(31415)
[20:35:52] [fast_gpu] source cache 644 imgs (0.39GB) on cuda
[20:35:52] train_source=644 train_src_rows=10:302 24:342 source_steps/epoch=40 val_all=162 heldout77_unused=140 test77_final=278
[20:35:52] [test77_split] seed=42 dev_per_class=20
[20:38:02] trainable params=2378753 (encoder_lora+neck+head + miro_proj+v15_falsification)
[20:38:02] logit_prior=[-1.9678890705108643, -1.913821816444397, -1.8427258729934692, -1.9678890705108643, -2.0133514404296875, -1.8929877281188965, -2.036881923675537]
[20:38:02] use_dann=False
[20:38:02] use_das=False
[20:38:02] aug_flags: USE_HFT=False USE_SPEC_AUGMENT=False
[20:38:02] adapter_mode=lora
[20:38:02] schedule: epochs=100 steps/epoch=40 imgs/step=16 total_steps=4000 total_imgs=64000 warmup_steps=120
[20:38:02] source_qualified_policy: val_acc_ema>=0.90 candidates are recorded; best candidate by 77GHz F1 is saved as diagnostic
[20:38:02] [pool] init threshold=0.90 period=10 selection=dev77_f1
[20:38:02] [train] epoch 1/100 steps=40 use_dann=0 das=off f=[0.0,0.0] p=0.00 gpu=3.0/3.0GB
[20:38:27] [train] ep=01 step=001/40 ce=8.4236 sc=3.1189 mi=1.0270 dn=0.0000 v13=0.0000 grl=0.0000 v15=0.0000 v15r=0.0000 v16=0.0000 v17=0.0000 v18=0.0000 acc=0.1250 lr=2.50e-06 lambda=0.000 grl_lambda=0.000 v18_lambda=0.000 gpu=3.0/11.8GB
[20:38:35] [train] ep=01 step=010/40 ce=8.0067 sc=2.7888 mi=1.0152 dn=0.0000 v13=0.0000 grl=0.0000 v15=0.0000 v15r=0.0000 v16=0.0000 v17=0.0000 v18=0.0000 acc=0.1562 lr=2.50e-05 lambda=0.000 grl_lambda=0.000 v18_lambda=0.000 gpu=3.0/11.8GB
[20:38:40] [train] ep=01 step=020/40 ce=7.8866 sc=2.7660 mi=0.9697 dn=0.0000 v13=0.0000 grl=0.0000 v15=0.0000 v15r=0.0000 v16=0.0000 v17=0.0000 v18=0.0000 acc=0.1844 lr=5.00e-05 lambda=0.000 grl_lambda=0.000 v18_lambda=0.000 gpu=3.0/11.8GB
[20:38:46] [train] ep=01 step=030/40 ce=7.7562 sc=2.7737 mi=0.8956 dn=0.0000 v13=0.0000 grl=0.0000 v15=0.0000 v15r=0.0000 v16=0.0000 v17=0.0000 v18=0.0000 acc=0.2021 lr=7.50e-05 lambda=0.000 grl_lambda=0.000 v18_lambda=0.000 gpu=3.0/11.8GB
[20:38:51] [train] ep=01 step=040/40 ce=7.6350 sc=2.7802 mi=0.8082 dn=0.0000 v13=0.0000 grl=0.0000 v15=0.0000 v15r=0.0000 v16=0.0000 v17=0.0000 v18=0.0000 acc=0.2281 lr=1.00e-04 lambda=0.000 grl_lambda=0.000 v18_lambda=0.000 gpu=3.0/11.8GB
[20:38:57] [ep_summary] ep=01/100 val_live=0.3025/0.3236 val_ema=0.0000/0.0000 test77_live=0.1403/0.0361 test77_diag_ema=0.0000/0.0000 v13=0.0000 grl=0.0000 v15=0.0000 v15r=0.0000 v16=0.0000 v17=0.0000 v18=0.0000 das=off[0,0] p=0.00 ep_time=55.3s
[20:38:57] [train] epoch 2/100 steps=40 use_dann=0 das=off f=[0.0,0.0] p=0.00 gpu=3.0/11.8GB
[20:38:58] [train] ep=02 step=001/40 ce=7.5811 sc=2.7345 mi=0.4585 dn=0.0000 v13=0.0000 grl=0.0000 v15=0.0000 v15r=0.0000 v16=0.0000 v17=0.0000 v18=0.0000 acc=0.1250 lr=1.02e-04 lambda=0.000 grl_lambda=0.000 v18_lambda=0.000 gpu=3.0/11.8GB
[20:39:03] [train] ep=02 step=010/40 ce=6.8718 sc=2.7177 mi=0.3802 dn=0.0000 v13=0.0000 grl=0.0000 v15=0.0000 v15r=0.0000 v16=0.0000 v17=0.0000 v18=0.0000 acc=0.3937 lr=1.25e-04 lambda=0.000 grl_lambda=0.000 v18_lambda=0.000 gpu=3.0/11.8GB
[20:39:08] [train] ep=02 step=020/40 ce=6.5853 sc=2.6348 mi=0.3285 dn=0.0000 v13=0.0000 grl=0.0000 v15=0.0000 v15r=0.0000 v16=0.0000 v17=0.0000 v18=0.0000 acc=0.4688 lr=1.50e-04 lambda=0.000 grl_lambda=0.000 v18_lambda=0.000 gpu=3.0/11.8GB
[20:39:14] [train] ep=02 step=030/40 ce=6.2747 sc=2.6163 mi=0.3026 dn=0.0000 v13=0.0000 grl=0.0000 v15=0.0000 v15r=0.0000 v16=0.0000 v17=0.0000 v18=0.0000 acc=0.4875 lr=1.75e-04 lambda=0.000 grl_lambda=0.000 v18_lambda=0.000 gpu=3.0/11.8GB
[20:39:20] [train] ep=02 step=040/40 ce=5.8782 sc=2.4972 mi=0.2871 dn=0.0000 v13=0.0000 grl=0.0000 v15=0.0000 v15r=0.0000 v16=0.0000 v17=0.0000 v18=0.0000 acc=0.5344 lr=2.00e-04 lambda=0.000 grl_lambda=0.000 v18_lambda=0.000 gpu=3.0/11.8GB
[20:39:25] [ep_summary] ep=02/100 val_live=0.6728/0.6683 val_ema=0.0000/0.0000 test77_live=0.1439/0.0370 test77_diag_ema=0.0000/0.0000 v13=0.0000 grl=0.0000 v15=0.0000 v15r=0.0000 v16=0.0000 v17=0.0000 v18=0.0000 das=off[0,0] p=0.00 ep_time=27.7s
[20:39:25] [train] epoch 3/100 steps=40 use_dann=0 das=off f=[0.0,0.0] p=0.00 gpu=3.0/11.8GB
[20:39:25] [train] ep=03 step=001/40 ce=3.5911 sc=1.9386 mi=0.2526 dn=0.0000 v13=0.0000 grl=0.0000 v15=0.0000 v15r=0.0000 v16=0.0000 v17=0.0000 v18=0.0000 acc=0.6875 lr=2.02e-04 lambda=0.000 grl_lambda=0.000 v18_lambda=0.000 gpu=3.0/11.8GB
[20:39:30] [train] ep=03 step=010/40 ce=4.0948 sc=2.0247 mi=0.2335 dn=0.0000 v13=0.0000 grl=0.0000 v15=0.0000 v15r=0.0000 v16=0.0000 v17=0.0000 v18=0.0000 acc=0.7063 lr=2.25e-04 lambda=0.000 grl_lambda=0.000 v18_lambda=0.000 gpu=3.0/11.8GB
[20:39:36] [train] ep=03 step=020/40 ce=3.8725 sc=1.9190 mi=0.2199 dn=0.0000 v13=0.0000 grl=0.0000 v15=0.0000 v15r=0.0000 v16=0.0000 v17=0.0000 v18=0.0000 acc=0.7312 lr=2.50e-04 lambda=0.000 grl_lambda=0.000 v18_lambda=0.000 gpu=3.0/11.8GB
[20:39:42] [train] ep=03 step=030/40 ce=3.3886 sc=1.7933 mi=0.2037 dn=0.0000 v13=0.0000 grl=0.0000 v15=0.0000 v15r=0.0000 v16=0.0000 v17=0.0000 v18=0.0000 acc=0.7750 lr=2.75e-04 lambda=0.000 grl_lambda=0.000 v18_lambda=0.000 gpu=3.0/11.8GB
[20:39:47] [train] ep=03 step=040/40 ce=3.2304 sc=1.7086 mi=0.1886 dn=0.0000 v13=0.0000 grl=0.0000 v15=0.0000 v15r=0.0000 v16=0.0000 v17=0.0000 v18=0.0000 acc=0.7891 lr=3.00e-04 lambda=0.000 grl_lambda=0.000 v18_lambda=0.000 gpu=3.0/11.8GB
[20:39:52] [ep_summary] ep=03/100 val_live=0.8210/0.8092 val_ema=0.0000/0.0000 test77_live=0.2770/0.1395 test77_diag_ema=0.0000/0.0000 v13=0.0000 grl=0.0000 v15=0.0000 v15r=0.0000 v16=0.0000 v17=0.0000 v18=0.0000 das=off[0,0] p=0.00 ep_time=27.6s
[20:39:52] [train] epoch 4/100 steps=40 use_dann=0 das=off f=[0.0,0.0] p=0.00 gpu=3.0/11.8GB
[20:39:53] [train] ep=04 step=001/40 ce=4.1898 sc=2.1416 mi=0.1298 dn=0.0000 v13=0.0000 grl=0.0000 v15=0.0000 v15r=0.0000 v16=0.0000 v17=0.0000 v18=0.0000 acc=0.6875 lr=3.00e-04 lambda=0.000 grl_lambda=0.000 v18_lambda=0.000 gpu=3.0/11.8GB
[20:39:58] [train] ep=04 step=010/40 ce=2.8010 sc=1.6188 mi=0.1316 dn=0.0000 v13=0.0000 grl=0.0000 v15=0.0000 v15r=0.0000 v16=0.0000 v17=0.0000 v18=0.0000 acc=0.8187 lr=3.00e-04 lambda=0.000 grl_lambda=0.000 v18_lambda=0.000 gpu=3.0/11.8GB
[20:40:04] [train] ep=04 step=020/40 ce=2.4232 sc=1.5398 mi=0.1224 dn=0.0000 v13=0.0000 grl=0.0000 v15=0.0000 v15r=0.0000 v16=0.0000 v17=0.0000 v18=0.0000 acc=0.8625 lr=3.00e-04 lambda=0.000 grl_lambda=0.000 v18_lambda=0.000 gpu=3.0/11.8GB
[20:40:09] [train] ep=04 step=030/40 ce=2.3132 sc=1.4791 mi=0.1176 dn=0.0000 v13=0.0000 grl=0.0000 v15=0.0000 v15r=0.0000 v16=0.0000 v17=0.0000 v18=0.0000 acc=0.8667 lr=3.00e-04 lambda=0.000 grl_lambda=0.000 v18_lambda=0.000 gpu=3.0/11.8GB
[20:40:15] [train] ep=04 step=040/40 ce=2.2302 sc=1.4539 mi=0.1119 dn=0.0000 v13=0.0000 grl=0.0000 v15=0.0000 v15r=0.0000 v16=0.0000 v17=0.0000 v18=0.0000 acc=0.8719 lr=3.00e-04 lambda=0.000 grl_lambda=0.000 v18_lambda=0.000 gpu=3.0/11.8GB
[20:40:20] [ep_summary] ep=04/100 val_live=0.8827/0.8821 val_ema=0.0000/0.0000 test77_live=0.1403/0.0353 test77_diag_ema=0.0000/0.0000 v13=0.0000 grl=0.0000 v15=0.0000 v15r=0.0000 v16=0.0000 v17=0.0000 v18=0.0000 das=off[0,0] p=0.00 ep_time=27.7s
[20:40:20] [train] epoch 5/100 steps=40 use_dann=0 das=off f=[0.0,0.0] p=0.00 gpu=3.0/11.8GB
[20:40:21] [train] ep=05 step=001/40 ce=1.0723 sc=1.2916 mi=0.0932 dn=0.0000 v13=0.0000 grl=0.0000 v15=0.0000 v15r=0.0000 v16=0.0000 v17=0.0000 v18=0.0000 acc=0.9375 lr=3.00e-04 lambda=0.000 grl_lambda=0.000 v18_lambda=0.000 gpu=3.0/11.8GB
[20:40:26] [train] ep=05 step=010/40 ce=1.5523 sc=1.2783 mi=0.0930 dn=0.0000 v13=0.0000 grl=0.0000 v15=0.0000 v15r=0.0000 v16=0.0000 v17=0.0000 v18=0.0000 acc=0.9187 lr=3.00e-04 lambda=0.000 grl_lambda=0.000 v18_lambda=0.000 gpu=3.0/11.8GB
[20:40:32] [train] ep=05 step=020/40 ce=1.4077 sc=1.1595 mi=0.0904 dn=0.0000 v13=0.0000 grl=0.0000 v15=0.0000 v15r=0.0000 v16=0.0000 v17=0.0000 v18=0.0000 acc=0.9281 lr=3.00e-04 lambda=0.000 grl_lambda=0.000 v18_lambda=0.000 gpu=3.0/11.8GB
[20:40:37] [train] ep=05 step=030/40 ce=1.2723 sc=1.0917 mi=0.0867 dn=0.0000 v13=0.0000 grl=0.0000 v15=0.0000 v15r=0.0000 v16=0.0000 v17=0.0000 v18=0.0000 acc=0.9396 lr=3.00e-04 lambda=0.000 grl_lambda=0.000 v18_lambda=0.000 gpu=3.0/11.8GB
[20:40:43] [train] ep=05 step=040/40 ce=1.2916 sc=1.0762 mi=0.0848 dn=0.0000 v13=0.0000 grl=0.0000 v15=0.0000 v15r=0.0000 v16=0.0000 v17=0.0000 v18=0.0000 acc=0.9422 lr=3.00e-04 lambda=0.000 grl_lambda=0.000 v18_lambda=0.000 gpu=3.0/11.8GB
[20:40:53] [ep_summary] ep=05/100 val_live=0.8889/0.8917 val_ema=0.1481/0.0629 test77_live=0.1403/0.0362 test77_diag_ema=0.1511/0.0727 v13=0.0000 grl=0.0000 v15=0.0000 v15r=0.0000 v16=0.0000 v17=0.0000 v18=0.0000 das=off[0,0] p=0.00 ep_time=33.1s
[20:40:53] [save] best_sourceval_ema val_acc_ema=0.1481 source_val_live=0.8889/0.8917 source_val_ema=0.1481/0.0629 ep=5
[20:40:53] [train] epoch 6/100 steps=40 use_dann=0 das=off f=[0.0,0.0] p=0.00 gpu=3.0/11.8GB
[20:40:54] [train] ep=06 step=001/40 ce=0.7938 sc=0.8890 mi=0.0767 dn=0.0000 v13=0.0000 grl=0.0000 v15=0.0000 v15r=0.0000 v16=0.0000 v17=0.0000 v18=0.0000 acc=1.0000 lr=3.00e-04 lambda=0.000 grl_lambda=0.000 v18_lambda=0.000 gpu=3.0/11.8GB
[20:40:59] [train] ep=06 step=010/40 ce=0.9444 sc=1.0530 mi=0.0762 dn=0.0000 v13=0.0000 grl=0.0000 v15=0.0000 v15r=0.0000 v16=0.0000 v17=0.0000 v18=0.0000 acc=0.9688 lr=3.00e-04 lambda=0.000 grl_lambda=0.000 v18_lambda=0.000 gpu=3.0/11.8GB
[20:41:05] [train] ep=06 step=020/40 ce=1.0162 sc=1.0748 mi=0.0738 dn=0.0000 v13=0.0000 grl=0.0000 v15=0.0000 v15r=0.0000 v16=0.0000 v17=0.0000 v18=0.0000 acc=0.9563 lr=3.00e-04 lambda=0.000 grl_lambda=0.000 v18_lambda=0.000 gpu=3.0/11.8GB
[20:41:10] [train] ep=06 step=030/40 ce=0.9713 sc=1.0569 mi=0.0711 dn=0.0000 v13=0.0000 grl=0.0000 v15=0.0000 v15r=0.0000 v16=0.0000 v17=0.0000 v18=0.0000 acc=0.9604 lr=2.99e-04 lambda=0.000 grl_lambda=0.000 v18_lambda=0.000 gpu=3.0/11.8GB
[20:41:16] [train] ep=06 step=040/40 ce=0.9028 sc=1.0180 mi=0.0696 dn=0.0000 v13=0.0000 grl=0.0000 v15=0.0000 v15r=0.0000 v16=0.0000 v17=0.0000 v18=0.0000 acc=0.9656 lr=2.99e-04 lambda=0.000 grl_lambda=0.000 v18_lambda=0.000 gpu=3.0/11.8GB
[20:41:26] [ep_summary] ep=06/100 val_live=0.9321/0.9319 val_ema=0.1605/0.0650 test77_live=0.1403/0.0353 test77_diag_ema=0.1511/0.0661 v13=0.0000 grl=0.0000 v15=0.0000 v15r=0.0000 v16=0.0000 v17=0.0000 v18=0.0000 das=off[0,0] p=0.00 ep_time=33.1s
[20:41:26] [save] best_sourceval_ema val_acc_ema=0.1605 source_val_live=0.9321/0.9319 source_val_ema=0.1605/0.0650 ep=6
[20:41:26] [train] epoch 7/100 steps=40 use_dann=0 das=off f=[0.0,0.0] p=0.00 gpu=3.0/11.8GB
[20:41:27] [train] ep=07 step=001/40 ce=0.5596 sc=0.9856 mi=0.0658 dn=0.0000 v13=0.0000 grl=0.0000 v15=0.0000 v15r=0.0000 v16=0.0000 v17=0.0000 v18=0.0000 acc=1.0000 lr=2.99e-04 lambda=0.000 grl_lambda=0.000 v18_lambda=0.000 gpu=3.0/11.8GB
[20:41:32] [train] ep=07 step=010/40 ce=0.7426 sc=0.9089 mi=0.0635 dn=0.0000 v13=0.0000 grl=0.0000 v15=0.0000 v15r=0.0000 v16=0.0000 v17=0.0000 v18=0.0000 acc=0.9812 lr=2.99e-04 lambda=0.000 grl_lambda=0.000 v18_lambda=0.000 gpu=3.0/11.8GB
[20:41:38] [train] ep=07 step=020/40 ce=0.6721 sc=0.9239 mi=0.0639 dn=0.0000 v13=0.0000 grl=0.0000 v15=0.0000 v15r=0.0000 v16=0.0000 v17=0.0000 v18=0.0000 acc=0.9875 lr=2.99e-04 lambda=0.000 grl_lambda=0.000 v18_lambda=0.000 gpu=3.0/11.8GB
[20:41:44] [train] ep=07 step=030/40 ce=0.6018 sc=0.9389 mi=0.0617 dn=0.0000 v13=0.0000 grl=0.0000 v15=0.0000 v15r=0.0000 v16=0.0000 v17=0.0000 v18=0.0000 acc=0.9875 lr=2.99e-04 lambda=0.000 grl_lambda=0.000 v18_lambda=0.000 gpu=3.0/11.8GB
[20:41:49] [train] ep=07 step=040/40 ce=0.5711 sc=0.9168 mi=0.0611 dn=0.0000 v13=0.0000 grl=0.0000 v15=0.0000 v15r=0.0000 v16=0.0000 v17=0.0000 v18=0.0000 acc=0.9891 lr=2.99e-04 lambda=0.000 grl_lambda=0.000 v18_lambda=0.000 gpu=3.0/11.8GB
[20:41:59] [ep_summary] ep=07/100 val_live=0.9321/0.9341 val_ema=0.1790/0.0923 test77_live=0.1475/0.0472 test77_diag_ema=0.1331/0.0443 v13=0.0000 grl=0.0000 v15=0.0000 v15r=0.0000 v16=0.0000 v17=0.0000 v18=0.0000 das=off[0,0] p=0.00 ep_time=33.1s
[20:41:59] [save] best_sourceval_ema val_acc_ema=0.1790 source_val_live=0.9321/0.9341 source_val_ema=0.1790/0.0923 ep=7
[20:41:59] [train] epoch 8/100 steps=40 use_dann=0 das=off f=[0.0,0.0] p=0.00 gpu=3.0/11.8GB
[20:42:00] [train] ep=08 step=001/40 ce=0.3400 sc=0.8712 mi=0.0496 dn=0.0000 v13=0.0000 grl=0.0000 v15=0.0000 v15r=0.0000 v16=0.0000 v17=0.0000 v18=0.0000 acc=1.0000 lr=2.99e-04 lambda=0.000 grl_lambda=0.000 v18_lambda=0.000 gpu=3.0/11.8GB
[20:42:05] [train] ep=08 step=010/40 ce=0.6044 sc=0.7934 mi=0.0568 dn=0.0000 v13=0.0000 grl=0.0000 v15=0.0000 v15r=0.0000 v16=0.0000 v17=0.0000 v18=0.0000 acc=0.9875 lr=2.99e-04 lambda=0.000 grl_lambda=0.000 v18_lambda=0.000 gpu=3.0/11.8GB
[20:42:11] [train] ep=08 step=020/40 ce=0.5765 sc=0.8315 mi=0.0576 dn=0.0000 v13=0.0000 grl=0.0000 v15=0.0000 v15r=0.0000 v16=0.0000 v17=0.0000 v18=0.0000 acc=0.9875 lr=2.98e-04 lambda=0.000 grl_lambda=0.000 v18_lambda=0.000 gpu=3.0/11.8GB
[20:42:17] [train] ep=08 step=030/40 ce=0.6042 sc=0.8659 mi=0.0565 dn=0.0000 v13=0.0000 grl=0.0000 v15=0.0000 v15r=0.0000 v16=0.0000 v17=0.0000 v18=0.0000 acc=0.9854 lr=2.98e-04 lambda=0.000 grl_lambda=0.000 v18_lambda=0.000 gpu=3.0/11.8GB
[20:42:22] [train] ep=08 step=040/40 ce=0.5740 sc=0.8513 mi=0.0562 dn=0.0000 v13=0.0000 grl=0.0000 v15=0.0000 v15r=0.0000 v16=0.0000 v17=0.0000 v18=0.0000 acc=0.9875 lr=2.98e-04 lambda=0.000 grl_lambda=0.000 v18_lambda=0.000 gpu=3.0/11.8GB
[20:42:33] [ep_summary] ep=08/100 val_live=0.9321/0.9336 val_ema=0.2037/0.1124 test77_live=0.1403/0.0367 test77_diag_ema=0.1403/0.0402 v13=0.0000 grl=0.0000 v15=0.0000 v15r=0.0000 v16=0.0000 v17=0.0000 v18=0.0000 das=off[0,0] p=0.00 ep_time=33.1s
[20:42:33] [save] best_sourceval_ema val_acc_ema=0.2037 source_val_live=0.9321/0.9336 source_val_ema=0.2037/0.1124 ep=8
[20:42:33] [train] epoch 9/100 steps=40 use_dann=0 das=off f=[0.0,0.0] p=0.00 gpu=3.0/11.8GB
[20:42:33] [train] ep=09 step=001/40 ce=0.3361 sc=0.8224 mi=0.0502 dn=0.0000 v13=0.0000 grl=0.0000 v15=0.0000 v15r=0.0000 v16=0.0000 v17=0.0000 v18=0.0000 acc=1.0000 lr=2.98e-04 lambda=0.000 grl_lambda=0.000 v18_lambda=0.000 gpu=3.0/11.8GB
[20:42:38] [train] ep=09 step=010/40 ce=0.4535 sc=0.8271 mi=0.0532 dn=0.0000 v13=0.0000 grl=0.0000 v15=0.0000 v15r=0.0000 v16=0.0000 v17=0.0000 v18=0.0000 acc=0.9938 lr=2.98e-04 lambda=0.000 grl_lambda=0.000 v18_lambda=0.000 gpu=3.0/11.8GB
[20:42:44] [train] ep=09 step=020/40 ce=0.4055 sc=0.8186 mi=0.0536 dn=0.0000 v13=0.0000 grl=0.0000 v15=0.0000 v15r=0.0000 v16=0.0000 v17=0.0000 v18=0.0000 acc=0.9969 lr=2.98e-04 lambda=0.000 grl_lambda=0.000 v18_lambda=0.000 gpu=3.0/11.8GB
[20:42:50] [train] ep=09 step=030/40 ce=0.3893 sc=0.8151 mi=0.0530 dn=0.0000 v13=0.0000 grl=0.0000 v15=0.0000 v15r=0.0000 v16=0.0000 v17=0.0000 v18=0.0000 acc=0.9979 lr=2.97e-04 lambda=0.000 grl_lambda=0.000 v18_lambda=0.000 gpu=3.0/11.8GB
[20:42:56] [train] ep=09 step=040/40 ce=0.3811 sc=0.8143 mi=0.0528 dn=0.0000 v13=0.0000 grl=0.0000 v15=0.0000 v15r=0.0000 v16=0.0000 v17=0.0000 v18=0.0000 acc=0.9984 lr=2.97e-04 lambda=0.000 grl_lambda=0.000 v18_lambda=0.000 gpu=3.0/11.8GB
[20:43:06] [ep_summary] ep=09/100 val_live=0.9444/0.9462 val_ema=0.2407/0.1290 test77_live=0.2266/0.0998 test77_diag_ema=0.1403/0.0388 v13=0.0000 grl=0.0000 v15=0.0000 v15r=0.0000 v16=0.0000 v17=0.0000 v18=0.0000 das=off[0,0] p=0.00 ep_time=33.6s
[20:43:08] [save] best_sourceval_ema val_acc_ema=0.2407 source_val_live=0.9444/0.9462 source_val_ema=0.2407/0.1290 ep=9
[20:43:08] [train] epoch 10/100 steps=40 use_dann=0 das=off f=[0.0,0.0] p=0.00 gpu=3.0/11.8GB
[20:43:08] [train] ep=10 step=001/40 ce=0.3249 sc=0.5755 mi=0.0486 dn=0.0000 v13=0.0000 grl=0.0000 v15=0.0000 v15r=0.0000 v16=0.0000 v17=0.0000 v18=0.0000 acc=1.0000 lr=2.97e-04 lambda=0.000 grl_lambda=0.000 v18_lambda=0.000 gpu=3.0/11.8GB
[20:43:13] [train] ep=10 step=010/40 ce=0.3272 sc=0.7501 mi=0.0486 dn=0.0000 v13=0.0000 grl=0.0000 v15=0.0000 v15r=0.0000 v16=0.0000 v17=0.0000 v18=0.0000 acc=1.0000 lr=2.97e-04 lambda=0.000 grl_lambda=0.000 v18_lambda=0.000 gpu=3.0/11.8GB
[20:43:19] [train] ep=10 step=020/40 ce=0.3407 sc=0.7889 mi=0.0486 dn=0.0000 v13=0.0000 grl=0.0000 v15=0.0000 v15r=0.0000 v16=0.0000 v17=0.0000 v18=0.0000 acc=0.9969 lr=2.97e-04 lambda=0.000 grl_lambda=0.000 v18_lambda=0.000 gpu=3.0/11.8GB
[20:43:25] [train] ep=10 step=030/40 ce=0.3407 sc=0.8226 mi=0.0490 dn=0.0000 v13=0.0000 grl=0.0000 v15=0.0000 v15r=0.0000 v16=0.0000 v17=0.0000 v18=0.0000 acc=0.9979 lr=2.96e-04 lambda=0.000 grl_lambda=0.000 v18_lambda=0.000 gpu=3.0/11.8GB
[20:43:31] [train] ep=10 step=040/40 ce=0.3445 sc=0.8192 mi=0.0486 dn=0.0000 v13=0.0000 grl=0.0000 v15=0.0000 v15r=0.0000 v16=0.0000 v17=0.0000 v18=0.0000 acc=0.9984 lr=2.96e-04 lambda=0.000 grl_lambda=0.000 v18_lambda=0.000 gpu=3.0/11.8GB
[20:43:41] [pool] check ep=010/100 source_val_acc_ema=0.2901 threshold=0.90
[20:43:41] [pool] ep=010 SKIP (source_val_acc_ema=0.2901 < 0.90)
[20:43:41] [ep_summary] ep=10/100 val_live=0.9444/0.9438 val_ema=0.2901/0.1982 test77_live=0.2266/0.1123 test77_diag_ema=0.1403/0.0384 v13=0.0000 grl=0.0000 v15=0.0000 v15r=0.0000 v16=0.0000 v17=0.0000 v18=0.0000 das=off[0,0] p=0.00 ep_time=33.2s
[20:43:41] [save] best_sourceval_ema val_acc_ema=0.2901 source_val_live=0.9444/0.9438 source_val_ema=0.2901/0.1982 ep=10
[20:43:41] [strict77_monitor] ep=10 best_source_epoch=10 source_val_ema=0.2901/0.1982 test77_ema_diag=0.1403/0.0384 sourcequalified_count=0
[20:43:41] [train] epoch 11/100 steps=40 use_dann=0 das=off f=[0.0,0.0] p=0.00 gpu=3.0/11.8GB
[20:43:42] [train] ep=11 step=001/40 ce=0.7810 sc=1.2308 mi=0.0446 dn=0.0000 v13=0.0000 grl=0.0000 v15=0.0000 v15r=0.0000 v16=0.0000 v17=0.0000 v18=0.0000 acc=0.9375 lr=2.96e-04 lambda=0.000 grl_lambda=0.000 v18_lambda=0.000 gpu=3.0/11.8GB
[20:43:47] [train] ep=11 step=010/40 ce=0.3780 sc=0.8406 mi=0.0471 dn=0.0000 v13=0.0000 grl=0.0000 v15=0.0000 v15r=0.0000 v16=0.0000 v17=0.0000 v18=0.0000 acc=0.9938 lr=2.96e-04 lambda=0.000 grl_lambda=0.000 v18_lambda=0.000 gpu=3.0/11.8GB
[20:43:53] [train] ep=11 step=020/40 ce=0.3471 sc=0.7715 mi=0.0467 dn=0.0000 v13=0.0000 grl=0.0000 v15=0.0000 v15r=0.0000 v16=0.0000 v17=0.0000 v18=0.0000 acc=0.9969 lr=2.96e-04 lambda=0.000 grl_lambda=0.000 v18_lambda=0.000 gpu=3.0/11.8GB
[20:43:58] [train] ep=11 step=030/40 ce=0.3319 sc=0.7377 mi=0.0462 dn=0.0000 v13=0.0000 grl=0.0000 v15=0.0000 v15r=0.0000 v16=0.0000 v17=0.0000 v18=0.0000 acc=0.9979 lr=2.95e-04 lambda=0.000 grl_lambda=0.000 v18_lambda=0.000 gpu=3.0/11.8GB
[20:44:04] [train] ep=11 step=040/40 ce=0.3251 sc=0.7622 mi=0.0466 dn=0.0000 v13=0.0000 grl=0.0000 v15=0.0000 v15r=0.0000 v16=0.0000 v17=0.0000 v18=0.0000 acc=0.9984 lr=2.95e-04 lambda=0.000 grl_lambda=0.000 v18_lambda=0.000 gpu=3.0/11.8GB
[20:44:15] [ep_summary] ep=11/100 val_live=0.9321/0.9324 val_ema=0.3272/0.2317 test77_live=0.1799/0.0756 test77_diag_ema=0.1403/0.0369 v13=0.0000 grl=0.0000 v15=0.0000 v15r=0.0000 v16=0.0000 v17=0.0000 v18=0.0000 das=off[0,0] p=0.00 ep_time=33.9s
[20:44:15] [save] best_sourceval_ema val_acc_ema=0.3272 source_val_live=0.9321/0.9324 source_val_ema=0.3272/0.2317 ep=11
[20:44:15] [train] epoch 12/100 steps=40 use_dann=0 das=off f=[0.0,0.0] p=0.00 gpu=3.0/11.8GB
[20:44:16] [train] ep=12 step=001/40 ce=0.2985 sc=0.4957 mi=0.0496 dn=0.0000 v13=0.0000 grl=0.0000 v15=0.0000 v15r=0.0000 v16=0.0000 v17=0.0000 v18=0.0000 acc=1.0000 lr=2.95e-04 lambda=0.000 grl_lambda=0.000 v18_lambda=0.000 gpu=3.0/11.8GB
[20:44:21] [train] ep=12 step=010/40 ce=0.2972 sc=0.7828 mi=0.0446 dn=0.0000 v13=0.0000 grl=0.0000 v15=0.0000 v15r=0.0000 v16=0.0000 v17=0.0000 v18=0.0000 acc=1.0000 lr=2.95e-04 lambda=0.000 grl_lambda=0.000 v18_lambda=0.000 gpu=3.0/11.8GB
[20:44:27] [train] ep=12 step=020/40 ce=0.2943 sc=0.8041 mi=0.0447 dn=0.0000 v13=0.0000 grl=0.0000 v15=0.0000 v15r=0.0000 v16=0.0000 v17=0.0000 v18=0.0000 acc=1.0000 lr=2.94e-04 lambda=0.000 grl_lambda=0.000 v18_lambda=0.000 gpu=3.0/11.8GB
[20:44:33] [train] ep=12 step=030/40 ce=0.3034 sc=0.7977 mi=0.0447 dn=0.0000 v13=0.0000 grl=0.0000 v15=0.0000 v15r=0.0000 v16=0.0000 v17=0.0000 v18=0.0000 acc=1.0000 lr=2.94e-04 lambda=0.000 grl_lambda=0.000 v18_lambda=0.000 gpu=3.0/11.8GB
[20:44:38] [train] ep=12 step=040/40 ce=0.3020 sc=0.7839 mi=0.0439 dn=0.0000 v13=0.0000 grl=0.0000 v15=0.0000 v15r=0.0000 v16=0.0000 v17=0.0000 v18=0.0000 acc=1.0000 lr=2.94e-04 lambda=0.000 grl_lambda=0.000 v18_lambda=0.000 gpu=3.0/11.8GB
[20:44:49] [ep_summary] ep=12/100 val_live=0.9383/0.9394 val_ema=0.3457/0.2476 test77_live=0.2302/0.1029 test77_diag_ema=0.1403/0.0362 v13=0.0000 grl=0.0000 v15=0.0000 v15r=0.0000 v16=0.0000 v17=0.0000 v18=0.0000 das=off[0,0] p=0.00 ep_time=33.7s
[20:44:49] [save] best_sourceval_ema val_acc_ema=0.3457 source_val_live=0.9383/0.9394 source_val_ema=0.3457/0.2476 ep=12
[20:44:49] [train] epoch 13/100 steps=40 use_dann=0 das=off f=[0.0,0.0] p=0.00 gpu=3.0/11.8GB
[20:44:49] [train] ep=13 step=001/40 ce=0.2794 sc=0.6927 mi=0.0433 dn=0.0000 v13=0.0000 grl=0.0000 v15=0.0000 v15r=0.0000 v16=0.0000 v17=0.0000 v18=0.0000 acc=1.0000 lr=2.94e-04 lambda=0.000 grl_lambda=0.000 v18_lambda=0.000 gpu=3.0/11.8GB
[20:44:54] [train] ep=13 step=010/40 ce=0.2896 sc=0.7749 mi=0.0455 dn=0.0000 v13=0.0000 grl=0.0000 v15=0.0000 v15r=0.0000 v16=0.0000 v17=0.0000 v18=0.0000 acc=1.0000 lr=2.93e-04 lambda=0.000 grl_lambda=0.000 v18_lambda=0.000 gpu=3.0/11.8GB
[20:45:00] [train] ep=13 step=020/40 ce=0.2886 sc=0.7154 mi=0.0447 dn=0.0000 v13=0.0000 grl=0.0000 v15=0.0000 v15r=0.0000 v16=0.0000 v17=0.0000 v18=0.0000 acc=1.0000 lr=2.93e-04 lambda=0.000 grl_lambda=0.000 v18_lambda=0.000 gpu=3.0/11.8GB
[20:45:06] [train] ep=13 step=030/40 ce=0.2866 sc=0.7611 mi=0.0445 dn=0.0000 v13=0.0000 grl=0.0000 v15=0.0000 v15r=0.0000 v16=0.0000 v17=0.0000 v18=0.0000 acc=1.0000 lr=2.93e-04 lambda=0.000 grl_lambda=0.000 v18_lambda=0.000 gpu=3.0/11.8GB
[20:45:12] [train] ep=13 step=040/40 ce=0.2851 sc=0.7681 mi=0.0439 dn=0.0000 v13=0.0000 grl=0.0000 v15=0.0000 v15r=0.0000 v16=0.0000 v17=0.0000 v18=0.0000 acc=1.0000 lr=2.92e-04 lambda=0.000 grl_lambda=0.000 v18_lambda=0.000 gpu=3.0/11.8GB
[20:45:22] [ep_summary] ep=13/100 val_live=0.9383/0.9394 val_ema=0.3642/0.2764 test77_live=0.2338/0.1112 test77_diag_ema=0.1403/0.0357 v13=0.0000 grl=0.0000 v15=0.0000 v15r=0.0000 v16=0.0000 v17=0.0000 v18=0.0000 das=off[0,0] p=0.00 ep_time=33.3s
[20:45:22] [save] best_sourceval_ema val_acc_ema=0.3642 source_val_live=0.9383/0.9394 source_val_ema=0.3642/0.2764 ep=13
[20:45:22] [train] epoch 14/100 steps=40 use_dann=0 das=off f=[0.0,0.0] p=0.00 gpu=3.0/11.8GB
[20:45:23] [train] ep=14 step=001/40 ce=0.2810 sc=0.6425 mi=0.0482 dn=0.0000 v13=0.0000 grl=0.0000 v15=0.0000 v15r=0.0000 v16=0.0000 v17=0.0000 v18=0.0000 acc=1.0000 lr=2.92e-04 lambda=0.000 grl_lambda=0.000 v18_lambda=0.000 gpu=3.0/11.8GB
[20:45:28] [train] ep=14 step=010/40 ce=0.2813 sc=0.7634 mi=0.0437 dn=0.0000 v13=0.0000 grl=0.0000 v15=0.0000 v15r=0.0000 v16=0.0000 v17=0.0000 v18=0.0000 acc=1.0000 lr=2.92e-04 lambda=0.000 grl_lambda=0.000 v18_lambda=0.000 gpu=3.0/11.8GB
[20:45:34] [train] ep=14 step=020/40 ce=0.2805 sc=0.7242 mi=0.0424 dn=0.0000 v13=0.0000 grl=0.0000 v15=0.0000 v15r=0.0000 v16=0.0000 v17=0.0000 v18=0.0000 acc=1.0000 lr=2.91e-04 lambda=0.000 grl_lambda=0.000 v18_lambda=0.000 gpu=3.0/11.8GB
[20:45:39] [train] ep=14 step=030/40 ce=0.2986 sc=0.7591 mi=0.0419 dn=0.0000 v13=0.0000 grl=0.0000 v15=0.0000 v15r=0.0000 v16=0.0000 v17=0.0000 v18=0.0000 acc=0.9979 lr=2.91e-04 lambda=0.000 grl_lambda=0.000 v18_lambda=0.000 gpu=3.0/11.8GB
[20:45:45] [train] ep=14 step=040/40 ce=0.2962 sc=0.7850 mi=0.0417 dn=0.0000 v13=0.0000 grl=0.0000 v15=0.0000 v15r=0.0000 v16=0.0000 v17=0.0000 v18=0.0000 acc=0.9984 lr=2.91e-04 lambda=0.000 grl_lambda=0.000 v18_lambda=0.000 gpu=3.0/11.8GB
[20:45:55] [ep_summary] ep=14/100 val_live=0.9444/0.9460 val_ema=0.3889/0.3229 test77_live=0.2194/0.1013 test77_diag_ema=0.1403/0.0354 v13=0.0000 grl=0.0000 v15=0.0000 v15r=0.0000 v16=0.0000 v17=0.0000 v18=0.0000 das=off[0,0] p=0.00 ep_time=33.4s
[20:45:55] [save] best_sourceval_ema val_acc_ema=0.3889 source_val_live=0.9444/0.9460 source_val_ema=0.3889/0.3229 ep=14
[20:45:55] [train] epoch 15/100 steps=40 use_dann=0 das=off f=[0.0,0.0] p=0.00 gpu=3.0/11.8GB
[20:45:56] [train] ep=15 step=001/40 ce=0.2738 sc=0.7298 mi=0.0372 dn=0.0000 v13=0.0000 grl=0.0000 v15=0.0000 v15r=0.0000 v16=0.0000 v17=0.0000 v18=0.0000 acc=1.0000 lr=2.91e-04 lambda=0.000 grl_lambda=0.000 v18_lambda=0.000 gpu=3.0/11.8GB
[20:46:01] [train] ep=15 step=010/40 ce=0.2871 sc=0.8089 mi=0.0411 dn=0.0000 v13=0.0000 grl=0.0000 v15=0.0000 v15r=0.0000 v16=0.0000 v17=0.0000 v18=0.0000 acc=1.0000 lr=2.90e-04 lambda=0.000 grl_lambda=0.000 v18_lambda=0.000 gpu=3.0/11.8GB
[20:46:07] [train] ep=15 step=020/40 ce=0.2817 sc=0.7717 mi=0.0409 dn=0.0000 v13=0.0000 grl=0.0000 v15=0.0000 v15r=0.0000 v16=0.0000 v17=0.0000 v18=0.0000 acc=1.0000 lr=2.90e-04 lambda=0.000 grl_lambda=0.000 v18_lambda=0.000 gpu=3.0/11.8GB
[20:46:13] [train] ep=15 step=030/40 ce=0.2795 sc=0.7853 mi=0.0406 dn=0.0000 v13=0.0000 grl=0.0000 v15=0.0000 v15r=0.0000 v16=0.0000 v17=0.0000 v18=0.0000 acc=1.0000 lr=2.89e-04 lambda=0.000 grl_lambda=0.000 v18_lambda=0.000 gpu=3.0/11.8GB
[20:46:19] [train] ep=15 step=040/40 ce=0.2786 sc=0.7988 mi=0.0406 dn=0.0000 v13=0.0000 grl=0.0000 v15=0.0000 v15r=0.0000 v16=0.0000 v17=0.0000 v18=0.0000 acc=1.0000 lr=2.89e-04 lambda=0.000 grl_lambda=0.000 v18_lambda=0.000 gpu=3.0/11.8GB
[20:46:43] [ep_summary] ep=15/100 val_live=0.9321/0.9316 val_ema=0.4074/0.3514 test77_live=0.2662/0.1192 test77_diag_ema=0.1403/0.0354 v13=0.0000 grl=0.0000 v15=0.0000 v15r=0.0000 v16=0.0000 v17=0.0000 v18=0.0000 das=off[0,0] p=0.00 ep_time=48.1s
[20:46:44] [save] best_sourceval_ema val_acc_ema=0.4074 source_val_live=0.9321/0.9316 source_val_ema=0.4074/0.3514 ep=15
[20:46:44] [train] epoch 16/100 steps=40 use_dann=0 das=off f=[0.0,0.0] p=0.00 gpu=3.0/11.8GB
[20:46:44] [train] ep=16 step=001/40 ce=0.2693 sc=0.6309 mi=0.0379 dn=0.0000 v13=0.0000 grl=0.0000 v15=0.0000 v15r=0.0000 v16=0.0000 v17=0.0000 v18=0.0000 acc=1.0000 lr=2.89e-04 lambda=0.000 grl_lambda=0.000 v18_lambda=0.000 gpu=3.0/11.8GB
[20:46:49] [train] ep=16 step=010/40 ce=0.2734 sc=0.8236 mi=0.0397 dn=0.0000 v13=0.0000 grl=0.0000 v15=0.0000 v15r=0.0000 v16=0.0000 v17=0.0000 v18=0.0000 acc=1.0000 lr=2.88e-04 lambda=0.000 grl_lambda=0.000 v18_lambda=0.000 gpu=3.0/11.8GB
[20:46:55] [train] ep=16 step=020/40 ce=0.2729 sc=0.7265 mi=0.0395 dn=0.0000 v13=0.0000 grl=0.0000 v15=0.0000 v15r=0.0000 v16=0.0000 v17=0.0000 v18=0.0000 acc=1.0000 lr=2.88e-04 lambda=0.000 grl_lambda=0.000 v18_lambda=0.000 gpu=3.0/11.8GB
[20:47:01] [train] ep=16 step=030/40 ce=0.2744 sc=0.7484 mi=0.0395 dn=0.0000 v13=0.0000 grl=0.0000 v15=0.0000 v15r=0.0000 v16=0.0000 v17=0.0000 v18=0.0000 acc=1.0000 lr=2.87e-04 lambda=0.000 grl_lambda=0.000 v18_lambda=0.000 gpu=3.0/11.8GB
[20:47:07] [train] ep=16 step=040/40 ce=0.2735 sc=0.7513 mi=0.0395 dn=0.0000 v13=0.0000 grl=0.0000 v15=0.0000 v15r=0.0000 v16=0.0000 v17=0.0000 v18=0.0000 acc=1.0000 lr=2.87e-04 lambda=0.000 grl_lambda=0.000 v18_lambda=0.000 gpu=3.0/11.8GB
[20:47:34] [ep_summary] ep=16/100 val_live=0.9383/0.9380 val_ema=0.4198/0.3660 test77_live=0.2194/0.1101 test77_diag_ema=0.1403/0.0354 v13=0.0000 grl=0.0000 v15=0.0000 v15r=0.0000 v16=0.0000 v17=0.0000 v18=0.0000 das=off[0,0] p=0.00 ep_time=50.7s
[20:47:34] [save] best_sourceval_ema val_acc_ema=0.4198 source_val_live=0.9383/0.9380 source_val_ema=0.4198/0.3660 ep=16
[20:47:34] [train] epoch 17/100 steps=40 use_dann=0 das=off f=[0.0,0.0] p=0.00 gpu=3.0/11.8GB
[20:47:35] [train] ep=17 step=001/40 ce=0.2690 sc=0.8422 mi=0.0402 dn=0.0000 v13=0.0000 grl=0.0000 v15=0.0000 v15r=0.0000 v16=0.0000 v17=0.0000 v18=0.0000 acc=1.0000 lr=2.87e-04 lambda=0.000 grl_lambda=0.000 v18_lambda=0.000 gpu=3.0/11.8GB
[20:47:40] [train] ep=17 step=010/40 ce=0.2706 sc=0.8685 mi=0.0407 dn=0.0000 v13=0.0000 grl=0.0000 v15=0.0000 v15r=0.0000 v16=0.0000 v17=0.0000 v18=0.0000 acc=1.0000 lr=2.86e-04 lambda=0.000 grl_lambda=0.000 v18_lambda=0.000 gpu=3.0/11.8GB
[20:47:46] [train] ep=17 step=020/40 ce=0.2705 sc=0.8136 mi=0.0397 dn=0.0000 v13=0.0000 grl=0.0000 v15=0.0000 v15r=0.0000 v16=0.0000 v17=0.0000 v18=0.0000 acc=1.0000 lr=2.86e-04 lambda=0.000 grl_lambda=0.000 v18_lambda=0.000 gpu=3.0/11.8GB
[20:47:51] [train] ep=17 step=030/40 ce=0.2699 sc=0.7732 mi=0.0393 dn=0.0000 v13=0.0000 grl=0.0000 v15=0.0000 v15r=0.0000 v16=0.0000 v17=0.0000 v18=0.0000 acc=1.0000 lr=2.85e-04 lambda=0.000 grl_lambda=0.000 v18_lambda=0.000 gpu=3.0/11.8GB
[20:47:57] [train] ep=17 step=040/40 ce=0.2698 sc=0.7517 mi=0.0390 dn=0.0000 v13=0.0000 grl=0.0000 v15=0.0000 v15r=0.0000 v16=0.0000 v17=0.0000 v18=0.0000 acc=1.0000 lr=2.85e-04 lambda=0.000 grl_lambda=0.000 v18_lambda=0.000 gpu=3.0/11.8GB
[20:48:07] [ep_summary] ep=17/100 val_live=0.9506/0.9512 val_ema=0.4383/0.4014 test77_live=0.2014/0.1002 test77_diag_ema=0.1403/0.0354 v13=0.0000 grl=0.0000 v15=0.0000 v15r=0.0000 v16=0.0000 v17=0.0000 v18=0.0000 das=off[0,0] p=0.00 ep_time=33.2s
[20:48:07] [save] best_sourceval_ema val_acc_ema=0.4383 source_val_live=0.9506/0.9512 source_val_ema=0.4383/0.4014 ep=17
[20:48:07] [train] epoch 18/100 steps=40 use_dann=0 das=off f=[0.0,0.0] p=0.00 gpu=3.0/11.8GB
[20:48:08] [train] ep=18 step=001/40 ce=0.2713 sc=0.4359 mi=0.0435 dn=0.0000 v13=0.0000 grl=0.0000 v15=0.0000 v15r=0.0000 v16=0.0000 v17=0.0000 v18=0.0000 acc=1.0000 lr=2.85e-04 lambda=0.000 grl_lambda=0.000 v18_lambda=0.000 gpu=3.0/11.8GB
[20:48:13] [train] ep=18 step=010/40 ce=0.2688 sc=0.7737 mi=0.0387 dn=0.0000 v13=0.0000 grl=0.0000 v15=0.0000 v15r=0.0000 v16=0.0000 v17=0.0000 v18=0.0000 acc=1.0000 lr=2.84e-04 lambda=0.000 grl_lambda=0.000 v18_lambda=0.000 gpu=3.0/11.8GB
[20:48:19] [train] ep=18 step=020/40 ce=0.2681 sc=0.7106 mi=0.0386 dn=0.0000 v13=0.0000 grl=0.0000 v15=0.0000 v15r=0.0000 v16=0.0000 v17=0.0000 v18=0.0000 acc=1.0000 lr=2.84e-04 lambda=0.000 grl_lambda=0.000 v18_lambda=0.000 gpu=3.0/11.8GB
[20:48:25] [train] ep=18 step=030/40 ce=0.2678 sc=0.7458 mi=0.0378 dn=0.0000 v13=0.0000 grl=0.0000 v15=0.0000 v15r=0.0000 v16=0.0000 v17=0.0000 v18=0.0000 acc=1.0000 lr=2.83e-04 lambda=0.000 grl_lambda=0.000 v18_lambda=0.000 gpu=3.0/11.8GB
[20:48:31] [train] ep=18 step=040/40 ce=0.2680 sc=0.7670 mi=0.0379 dn=0.0000 v13=0.0000 grl=0.0000 v15=0.0000 v15r=0.0000 v16=0.0000 v17=0.0000 v18=0.0000 acc=1.0000 lr=2.83e-04 lambda=0.000 grl_lambda=0.000 v18_lambda=0.000 gpu=3.0/11.8GB
[20:48:41] [ep_summary] ep=18/100 val_live=0.9444/0.9451 val_ema=0.4568/0.4198 test77_live=0.1763/0.0797 test77_diag_ema=0.1403/0.0354 v13=0.0000 grl=0.0000 v15=0.0000 v15r=0.0000 v16=0.0000 v17=0.0000 v18=0.0000 das=off[0,0] p=0.00 ep_time=33.3s
[20:48:41] [save] best_sourceval_ema val_acc_ema=0.4568 source_val_live=0.9444/0.9451 source_val_ema=0.4568/0.4198 ep=18
[20:48:41] [train] epoch 19/100 steps=40 use_dann=0 das=off f=[0.0,0.0] p=0.00 gpu=3.0/11.8GB
[20:48:41] [train] ep=19 step=001/40 ce=0.2676 sc=0.8120 mi=0.0409 dn=0.0000 v13=0.0000 grl=0.0000 v15=0.0000 v15r=0.0000 v16=0.0000 v17=0.0000 v18=0.0000 acc=1.0000 lr=2.83e-04 lambda=0.000 grl_lambda=0.000 v18_lambda=0.000 gpu=3.0/11.8GB
[20:48:47] [train] ep=19 step=010/40 ce=0.2655 sc=0.8251 mi=0.0378 dn=0.0000 v13=0.0000 grl=0.0000 v15=0.0000 v15r=0.0000 v16=0.0000 v17=0.0000 v18=0.0000 acc=1.0000 lr=2.82e-04 lambda=0.000 grl_lambda=0.000 v18_lambda=0.000 gpu=3.0/11.8GB
[20:48:53] [train] ep=19 step=020/40 ce=0.2660 sc=0.7692 mi=0.0376 dn=0.0000 v13=0.0000 grl=0.0000 v15=0.0000 v15r=0.0000 v16=0.0000 v17=0.0000 v18=0.0000 acc=1.0000 lr=2.82e-04 lambda=0.000 grl_lambda=0.000 v18_lambda=0.000 gpu=3.0/11.8GB
[20:48:58] [train] ep=19 step=030/40 ce=0.2662 sc=0.7914 mi=0.0371 dn=0.0000 v13=0.0000 grl=0.0000 v15=0.0000 v15r=0.0000 v16=0.0000 v17=0.0000 v18=0.0000 acc=1.0000 lr=2.81e-04 lambda=0.000 grl_lambda=0.000 v18_lambda=0.000 gpu=3.0/11.8GB
[20:49:04] [train] ep=19 step=040/40 ce=0.2660 sc=0.7787 mi=0.0367 dn=0.0000 v13=0.0000 grl=0.0000 v15=0.0000 v15r=0.0000 v16=0.0000 v17=0.0000 v18=0.0000 acc=1.0000 lr=2.80e-04 lambda=0.000 grl_lambda=0.000 v18_lambda=0.000 gpu=3.0/11.8GB
[20:49:14] [ep_summary] ep=19/100 val_live=0.9444/0.9451 val_ema=0.4938/0.4651 test77_live=0.1835/0.0881 test77_diag_ema=0.1403/0.0354 v13=0.0000 grl=0.0000 v15=0.0000 v15r=0.0000 v16=0.0000 v17=0.0000 v18=0.0000 das=off[0,0] p=0.00 ep_time=33.7s
[20:49:14] [save] best_sourceval_ema val_acc_ema=0.4938 source_val_live=0.9444/0.9451 source_val_ema=0.4938/0.4651 ep=19
[20:49:15] [train] epoch 20/100 steps=40 use_dann=0 das=off f=[0.0,0.0] p=0.00 gpu=3.0/11.8GB
[20:49:15] [train] ep=20 step=001/40 ce=0.2652 sc=0.7278 mi=0.0366 dn=0.0000 v13=0.0000 grl=0.0000 v15=0.0000 v15r=0.0000 v16=0.0000 v17=0.0000 v18=0.0000 acc=1.0000 lr=2.80e-04 lambda=0.000 grl_lambda=0.000 v18_lambda=0.000 gpu=3.0/11.8GB
[20:49:20] [train] ep=20 step=010/40 ce=0.2658 sc=0.6767 mi=0.0372 dn=0.0000 v13=0.0000 grl=0.0000 v15=0.0000 v15r=0.0000 v16=0.0000 v17=0.0000 v18=0.0000 acc=1.0000 lr=2.80e-04 lambda=0.000 grl_lambda=0.000 v18_lambda=0.000 gpu=3.0/11.8GB
[20:49:26] [train] ep=20 step=020/40 ce=0.2655 sc=0.6698 mi=0.0371 dn=0.0000 v13=0.0000 grl=0.0000 v15=0.0000 v15r=0.0000 v16=0.0000 v17=0.0000 v18=0.0000 acc=1.0000 lr=2.79e-04 lambda=0.000 grl_lambda=0.000 v18_lambda=0.000 gpu=3.0/11.8GB
[20:49:32] [train] ep=20 step=030/40 ce=0.2652 sc=0.7089 mi=0.0370 dn=0.0000 v13=0.0000 grl=0.0000 v15=0.0000 v15r=0.0000 v16=0.0000 v17=0.0000 v18=0.0000 acc=1.0000 lr=2.79e-04 lambda=0.000 grl_lambda=0.000 v18_lambda=0.000 gpu=3.0/11.8GB
[20:49:38] [train] ep=20 step=040/40 ce=0.2652 sc=0.7174 mi=0.0369 dn=0.0000 v13=0.0000 grl=0.0000 v15=0.0000 v15r=0.0000 v16=0.0000 v17=0.0000 v18=0.0000 acc=1.0000 lr=2.78e-04 lambda=0.000 grl_lambda=0.000 v18_lambda=0.000 gpu=3.0/11.8GB
[20:49:48] [pool] check ep=020/100 source_val_acc_ema=0.5123 threshold=0.90
[20:49:48] [pool] ep=020 SKIP (source_val_acc_ema=0.5123 < 0.90)
[20:49:48] [ep_summary] ep=20/100 val_live=0.9444/0.9451 val_ema=0.5123/0.4899 test77_live=0.1978/0.0996 test77_diag_ema=0.1403/0.0354 v13=0.0000 grl=0.0000 v15=0.0000 v15r=0.0000 v16=0.0000 v17=0.0000 v18=0.0000 das=off[0,0] p=0.00 ep_time=33.4s
[20:49:48] [save] best_sourceval_ema val_acc_ema=0.5123 source_val_live=0.9444/0.9451 source_val_ema=0.5123/0.4899 ep=20
[20:49:48] [strict77_monitor] ep=20 best_source_epoch=20 source_val_ema=0.5123/0.4899 test77_ema_diag=0.1403/0.0354 sourcequalified_count=0
[20:49:48] [train] epoch 21/100 steps=40 use_dann=0 das=off f=[0.0,0.0] p=0.00 gpu=3.0/11.8GB
[20:49:49] [train] ep=21 step=001/40 ce=0.2635 sc=1.1358 mi=0.0332 dn=0.0000 v13=0.0000 grl=0.0000 v15=0.0000 v15r=0.0000 v16=0.0000 v17=0.0000 v18=0.0000 acc=1.0000 lr=2.78e-04 lambda=0.000 grl_lambda=0.000 v18_lambda=0.000 gpu=3.0/11.8GB
[20:49:54] [train] ep=21 step=010/40 ce=0.2638 sc=0.7695 mi=0.0351 dn=0.0000 v13=0.0000 grl=0.0000 v15=0.0000 v15r=0.0000 v16=0.0000 v17=0.0000 v18=0.0000 acc=1.0000 lr=2.77e-04 lambda=0.000 grl_lambda=0.000 v18_lambda=0.000 gpu=3.0/11.8GB
[20:50:00] [train] ep=21 step=020/40 ce=0.2642 sc=0.7611 mi=0.0350 dn=0.0000 v13=0.0000 grl=0.0000 v15=0.0000 v15r=0.0000 v16=0.0000 v17=0.0000 v18=0.0000 acc=1.0000 lr=2.77e-04 lambda=0.000 grl_lambda=0.000 v18_lambda=0.000 gpu=3.0/11.8GB
[20:50:05] [train] ep=21 step=030/40 ce=0.2640 sc=0.7021 mi=0.0352 dn=0.0000 v13=0.0000 grl=0.0000 v15=0.0000 v15r=0.0000 v16=0.0000 v17=0.0000 v18=0.0000 acc=1.0000 lr=2.76e-04 lambda=0.000 grl_lambda=0.000 v18_lambda=0.000 gpu=3.0/11.8GB
[20:50:11] [train] ep=21 step=040/40 ce=0.2640 sc=0.7300 mi=0.0355 dn=0.0000 v13=0.0000 grl=0.0000 v15=0.0000 v15r=0.0000 v16=0.0000 v17=0.0000 v18=0.0000 acc=1.0000 lr=2.75e-04 lambda=0.000 grl_lambda=0.000 v18_lambda=0.000 gpu=3.0/11.8GB
[20:50:21] [ep_summary] ep=21/100 val_live=0.9444/0.9451 val_ema=0.5494/0.5286 test77_live=0.1655/0.0686 test77_diag_ema=0.1403/0.0357 v13=0.0000 grl=0.0000 v15=0.0000 v15r=0.0000 v16=0.0000 v17=0.0000 v18=0.0000 das=off[0,0] p=0.00 ep_time=33.3s
[20:50:21] [save] best_sourceval_ema val_acc_ema=0.5494 source_val_live=0.9444/0.9451 source_val_ema=0.5494/0.5286 ep=21
[20:50:21] [train] epoch 22/100 steps=40 use_dann=0 das=off f=[0.0,0.0] p=0.00 gpu=3.0/11.8GB
[20:50:22] [train] ep=22 step=001/40 ce=0.2670 sc=0.6177 mi=0.0326 dn=0.0000 v13=0.0000 grl=0.0000 v15=0.0000 v15r=0.0000 v16=0.0000 v17=0.0000 v18=0.0000 acc=1.0000 lr=2.75e-04 lambda=0.000 grl_lambda=0.000 v18_lambda=0.000 gpu=3.0/11.8GB
[20:50:27] [train] ep=22 step=010/40 ce=0.2640 sc=0.6763 mi=0.0328 dn=0.0000 v13=0.0000 grl=0.0000 v15=0.0000 v15r=0.0000 v16=0.0000 v17=0.0000 v18=0.0000 acc=1.0000 lr=2.75e-04 lambda=0.000 grl_lambda=0.000 v18_lambda=0.000 gpu=3.0/11.8GB
[20:50:33] [train] ep=22 step=020/40 ce=0.2640 sc=0.7241 mi=0.0344 dn=0.0000 v13=0.0000 grl=0.0000 v15=0.0000 v15r=0.0000 v16=0.0000 v17=0.0000 v18=0.0000 acc=1.0000 lr=2.74e-04 lambda=0.000 grl_lambda=0.000 v18_lambda=0.000 gpu=3.0/11.8GB
[20:50:39] [train] ep=22 step=030/40 ce=0.2640 sc=0.7828 mi=0.0344 dn=0.0000 v13=0.0000 grl=0.0000 v15=0.0000 v15r=0.0000 v16=0.0000 v17=0.0000 v18=0.0000 acc=1.0000 lr=2.73e-04 lambda=0.000 grl_lambda=0.000 v18_lambda=0.000 gpu=3.0/11.8GB
[20:50:44] [train] ep=22 step=040/40 ce=0.2640 sc=0.7691 mi=0.0343 dn=0.0000 v13=0.0000 grl=0.0000 v15=0.0000 v15r=0.0000 v16=0.0000 v17=0.0000 v18=0.0000 acc=1.0000 lr=2.73e-04 lambda=0.000 grl_lambda=0.000 v18_lambda=0.000 gpu=3.0/11.8GB
[20:50:54] [ep_summary] ep=22/100 val_live=0.9444/0.9451 val_ema=0.5988/0.5814 test77_live=0.1655/0.0704 test77_diag_ema=0.1403/0.0357 v13=0.0000 grl=0.0000 v15=0.0000 v15r=0.0000 v16=0.0000 v17=0.0000 v18=0.0000 das=off[0,0] p=0.00 ep_time=33.2s
[20:50:55] [save] best_sourceval_ema val_acc_ema=0.5988 source_val_live=0.9444/0.9451 source_val_ema=0.5988/0.5814 ep=22
[20:50:55] [train] epoch 23/100 steps=40 use_dann=0 das=off f=[0.0,0.0] p=0.00 gpu=3.0/11.8GB
[20:50:55] [train] ep=23 step=001/40 ce=0.2604 sc=1.1240 mi=0.0347 dn=0.0000 v13=0.0000 grl=0.0000 v15=0.0000 v15r=0.0000 v16=0.0000 v17=0.0000 v18=0.0000 acc=1.0000 lr=2.72e-04 lambda=0.000 grl_lambda=0.000 v18_lambda=0.000 gpu=3.0/11.8GB
[20:51:00] [train] ep=23 step=010/40 ce=0.2636 sc=0.8300 mi=0.0332 dn=0.0000 v13=0.0000 grl=0.0000 v15=0.0000 v15r=0.0000 v16=0.0000 v17=0.0000 v18=0.0000 acc=1.0000 lr=2.72e-04 lambda=0.000 grl_lambda=0.000 v18_lambda=0.000 gpu=3.0/11.8GB
[20:51:06] [train] ep=23 step=020/40 ce=0.2639 sc=0.7744 mi=0.0341 dn=0.0000 v13=0.0000 grl=0.0000 v15=0.0000 v15r=0.0000 v16=0.0000 v17=0.0000 v18=0.0000 acc=1.0000 lr=2.71e-04 lambda=0.000 grl_lambda=0.000 v18_lambda=0.000 gpu=3.0/11.8GB
[20:51:12] [train] ep=23 step=030/40 ce=0.2636 sc=0.7688 mi=0.0342 dn=0.0000 v13=0.0000 grl=0.0000 v15=0.0000 v15r=0.0000 v16=0.0000 v17=0.0000 v18=0.0000 acc=1.0000 lr=2.70e-04 lambda=0.000 grl_lambda=0.000 v18_lambda=0.000 gpu=3.0/11.8GB
[20:51:18] [train] ep=23 step=040/40 ce=0.2633 sc=0.7529 mi=0.0341 dn=0.0000 v13=0.0000 grl=0.0000 v15=0.0000 v15r=0.0000 v16=0.0000 v17=0.0000 v18=0.0000 acc=1.0000 lr=2.70e-04 lambda=0.000 grl_lambda=0.000 v18_lambda=0.000 gpu=3.0/11.8GB
[20:51:28] [ep_summary] ep=23/100 val_live=0.9444/0.9451 val_ema=0.6296/0.6194 test77_live=0.1655/0.0704 test77_diag_ema=0.1403/0.0359 v13=0.0000 grl=0.0000 v15=0.0000 v15r=0.0000 v16=0.0000 v17=0.0000 v18=0.0000 das=off[0,0] p=0.00 ep_time=33.2s
[20:51:28] [save] best_sourceval_ema val_acc_ema=0.6296 source_val_live=0.9444/0.9451 source_val_ema=0.6296/0.6194 ep=23
[20:51:28] [train] epoch 24/100 steps=40 use_dann=0 das=off f=[0.0,0.0] p=0.00 gpu=3.0/11.8GB
[20:51:28] [train] ep=24 step=001/40 ce=0.2624 sc=0.8594 mi=0.0372 dn=0.0000 v13=0.0000 grl=0.0000 v15=0.0000 v15r=0.0000 v16=0.0000 v17=0.0000 v18=0.0000 acc=1.0000 lr=2.70e-04 lambda=0.000 grl_lambda=0.000 v18_lambda=0.000 gpu=3.0/11.8GB
[20:51:34] [train] ep=24 step=010/40 ce=0.2630 sc=0.6588 mi=0.0341 dn=0.0000 v13=0.0000 grl=0.0000 v15=0.0000 v15r=0.0000 v16=0.0000 v17=0.0000 v18=0.0000 acc=1.0000 lr=2.69e-04 lambda=0.000 grl_lambda=0.000 v18_lambda=0.000 gpu=3.0/11.8GB
[20:51:39] [train] ep=24 step=020/40 ce=0.2630 sc=0.6748 mi=0.0337 dn=0.0000 v13=0.0000 grl=0.0000 v15=0.0000 v15r=0.0000 v16=0.0000 v17=0.0000 v18=0.0000 acc=1.0000 lr=2.68e-04 lambda=0.000 grl_lambda=0.000 v18_lambda=0.000 gpu=3.0/11.8GB
[20:51:45] [train] ep=24 step=030/40 ce=0.2628 sc=0.7441 mi=0.0328 dn=0.0000 v13=0.0000 grl=0.0000 v15=0.0000 v15r=0.0000 v16=0.0000 v17=0.0000 v18=0.0000 acc=1.0000 lr=2.67e-04 lambda=0.000 grl_lambda=0.000 v18_lambda=0.000 gpu=3.0/11.8GB
[20:51:51] [train] ep=24 step=040/40 ce=0.2630 sc=0.7659 mi=0.0326 dn=0.0000 v13=0.0000 grl=0.0000 v15=0.0000 v15r=0.0000 v16=0.0000 v17=0.0000 v18=0.0000 acc=1.0000 lr=2.67e-04 lambda=0.000 grl_lambda=0.000 v18_lambda=0.000 gpu=3.0/11.8GB
[20:52:01] [ep_summary] ep=24/100 val_live=0.9506/0.9509 val_ema=0.6543/0.6440 test77_live=0.1655/0.0710 test77_diag_ema=0.1403/0.0364 v13=0.0000 grl=0.0000 v15=0.0000 v15r=0.0000 v16=0.0000 v17=0.0000 v18=0.0000 das=off[0,0] p=0.00 ep_time=33.3s
[20:52:01] [save] best_sourceval_ema val_acc_ema=0.6543 source_val_live=0.9506/0.9509 source_val_ema=0.6543/0.6440 ep=24
[20:52:01] [train] epoch 25/100 steps=40 use_dann=0 das=off f=[0.0,0.0] p=0.00 gpu=3.0/11.8GB
[20:52:02] [train] ep=25 step=001/40 ce=0.2629 sc=0.7332 mi=0.0264 dn=0.0000 v13=0.0000 grl=0.0000 v15=0.0000 v15r=0.0000 v16=0.0000 v17=0.0000 v18=0.0000 acc=1.0000 lr=2.67e-04 lambda=0.000 grl_lambda=0.000 v18_lambda=0.000 gpu=3.0/11.8GB
[20:52:07] [train] ep=25 step=010/40 ce=0.2621 sc=0.7551 mi=0.0304 dn=0.0000 v13=0.0000 grl=0.0000 v15=0.0000 v15r=0.0000 v16=0.0000 v17=0.0000 v18=0.0000 acc=1.0000 lr=2.66e-04 lambda=0.000 grl_lambda=0.000 v18_lambda=0.000 gpu=3.0/11.8GB
[20:52:13] [train] ep=25 step=020/40 ce=0.2625 sc=0.7551 mi=0.0309 dn=0.0000 v13=0.0000 grl=0.0000 v15=0.0000 v15r=0.0000 v16=0.0000 v17=0.0000 v18=0.0000 acc=1.0000 lr=2.65e-04 lambda=0.000 grl_lambda=0.000 v18_lambda=0.000 gpu=3.0/11.8GB
[20:52:18] [train] ep=25 step=030/40 ce=0.2628 sc=0.7672 mi=0.0311 dn=0.0000 v13=0.0000 grl=0.0000 v15=0.0000 v15r=0.0000 v16=0.0000 v17=0.0000 v18=0.0000 acc=1.0000 lr=2.64e-04 lambda=0.000 grl_lambda=0.000 v18_lambda=0.000 gpu=3.0/11.8GB
[20:52:24] [train] ep=25 step=040/40 ce=0.2625 sc=0.7696 mi=0.0314 dn=0.0000 v13=0.0000 grl=0.0000 v15=0.0000 v15r=0.0000 v16=0.0000 v17=0.0000 v18=0.0000 acc=1.0000 lr=2.64e-04 lambda=0.000 grl_lambda=0.000 v18_lambda=0.000 gpu=3.0/11.8GB
[20:52:34] [ep_summary] ep=25/100 val_live=0.9444/0.9451 val_ema=0.6790/0.6668 test77_live=0.1583/0.0608 test77_diag_ema=0.1403/0.0367 v13=0.0000 grl=0.0000 v15=0.0000 v15r=0.0000 v16=0.0000 v17=0.0000 v18=0.0000 das=off[0,0] p=0.00 ep_time=33.3s
[20:52:34] [save] best_sourceval_ema val_acc_ema=0.6790 source_val_live=0.9444/0.9451 source_val_ema=0.6790/0.6668 ep=25
[20:52:34] [train] epoch 26/100 steps=40 use_dann=0 das=off f=[0.0,0.0] p=0.00 gpu=3.0/11.8GB
[20:52:35] [train] ep=26 step=001/40 ce=0.2628 sc=0.9625 mi=0.0333 dn=0.0000 v13=0.0000 grl=0.0000 v15=0.0000 v15r=0.0000 v16=0.0000 v17=0.0000 v18=0.0000 acc=1.0000 lr=2.64e-04 lambda=0.000 grl_lambda=0.000 v18_lambda=0.000 gpu=3.0/11.8GB
[20:52:40] [train] ep=26 step=010/40 ce=0.2631 sc=0.7333 mi=0.0314 dn=0.0000 v13=0.0000 grl=0.0000 v15=0.0000 v15r=0.0000 v16=0.0000 v17=0.0000 v18=0.0000 acc=1.0000 lr=2.63e-04 lambda=0.000 grl_lambda=0.000 v18_lambda=0.000 gpu=3.0/11.8GB
[20:52:46] [train] ep=26 step=020/40 ce=0.2625 sc=0.7607 mi=0.0311 dn=0.0000 v13=0.0000 grl=0.0000 v15=0.0000 v15r=0.0000 v16=0.0000 v17=0.0000 v18=0.0000 acc=1.0000 lr=2.62e-04 lambda=0.000 grl_lambda=0.000 v18_lambda=0.000 gpu=3.0/11.8GB
[20:52:52] [train] ep=26 step=030/40 ce=0.2621 sc=0.7408 mi=0.0312 dn=0.0000 v13=0.0000 grl=0.0000 v15=0.0000 v15r=0.0000 v16=0.0000 v17=0.0000 v18=0.0000 acc=1.0000 lr=2.61e-04 lambda=0.000 grl_lambda=0.000 v18_lambda=0.000 gpu=3.0/11.8GB
[20:52:58] [train] ep=26 step=040/40 ce=0.2621 sc=0.7526 mi=0.0312 dn=0.0000 v13=0.0000 grl=0.0000 v15=0.0000 v15r=0.0000 v16=0.0000 v17=0.0000 v18=0.0000 acc=1.0000 lr=2.60e-04 lambda=0.000 grl_lambda=0.000 v18_lambda=0.000 gpu=3.0/11.8GB
[20:53:08] [ep_summary] ep=26/100 val_live=0.9506/0.9509 val_ema=0.7099/0.7049 test77_live=0.1619/0.0663 test77_diag_ema=0.1439/0.0422 v13=0.0000 grl=0.0000 v15=0.0000 v15r=0.0000 v16=0.0000 v17=0.0000 v18=0.0000 das=off[0,0] p=0.00 ep_time=33.3s
[20:53:08] [save] best_sourceval_ema val_acc_ema=0.7099 source_val_live=0.9506/0.9509 source_val_ema=0.7099/0.7049 ep=26
[20:53:08] [train] epoch 27/100 steps=40 use_dann=0 das=off f=[0.0,0.0] p=0.00 gpu=3.0/11.8GB
[20:53:08] [train] ep=27 step=001/40 ce=0.2606 sc=0.4367 mi=0.0256 dn=0.0000 v13=0.0000 grl=0.0000 v15=0.0000 v15r=0.0000 v16=0.0000 v17=0.0000 v18=0.0000 acc=1.0000 lr=2.60e-04 lambda=0.000 grl_lambda=0.000 v18_lambda=0.000 gpu=3.0/11.8GB
[20:53:14] [train] ep=27 step=010/40 ce=0.2612 sc=0.5973 mi=0.0303 dn=0.0000 v13=0.0000 grl=0.0000 v15=0.0000 v15r=0.0000 v16=0.0000 v17=0.0000 v18=0.0000 acc=1.0000 lr=2.60e-04 lambda=0.000 grl_lambda=0.000 v18_lambda=0.000 gpu=3.0/11.8GB
[20:53:19] [train] ep=27 step=020/40 ce=0.2611 sc=0.6398 mi=0.0309 dn=0.0000 v13=0.0000 grl=0.0000 v15=0.0000 v15r=0.0000 v16=0.0000 v17=0.0000 v18=0.0000 acc=1.0000 lr=2.59e-04 lambda=0.000 grl_lambda=0.000 v18_lambda=0.000 gpu=3.0/11.8GB
[20:53:25] [train] ep=27 step=030/40 ce=0.2612 sc=0.6977 mi=0.0316 dn=0.0000 v13=0.0000 grl=0.0000 v15=0.0000 v15r=0.0000 v16=0.0000 v17=0.0000 v18=0.0000 acc=1.0000 lr=2.58e-04 lambda=0.000 grl_lambda=0.000 v18_lambda=0.000 gpu=3.0/11.8GB
[20:53:31] [train] ep=27 step=040/40 ce=0.2613 sc=0.7189 mi=0.0318 dn=0.0000 v13=0.0000 grl=0.0000 v15=0.0000 v15r=0.0000 v16=0.0000 v17=0.0000 v18=0.0000 acc=1.0000 lr=2.57e-04 lambda=0.000 grl_lambda=0.000 v18_lambda=0.000 gpu=3.0/11.8GB
[20:53:41] [ep_summary] ep=27/100 val_live=0.9506/0.9509 val_ema=0.7222/0.7137 test77_live=0.1547/0.0551 test77_diag_ema=0.1475/0.0470 v13=0.0000 grl=0.0000 v15=0.0000 v15r=0.0000 v16=0.0000 v17=0.0000 v18=0.0000 das=off[0,0] p=0.00 ep_time=33.3s
[20:53:41] [save] best_sourceval_ema val_acc_ema=0.7222 source_val_live=0.9506/0.9509 source_val_ema=0.7222/0.7137 ep=27
[20:53:41] [train] epoch 28/100 steps=40 use_dann=0 das=off f=[0.0,0.0] p=0.00 gpu=3.0/11.8GB
[20:53:42] [train] ep=28 step=001/40 ce=0.2602 sc=0.4219 mi=0.0288 dn=0.0000 v13=0.0000 grl=0.0000 v15=0.0000 v15r=0.0000 v16=0.0000 v17=0.0000 v18=0.0000 acc=1.0000 lr=2.57e-04 lambda=0.000 grl_lambda=0.000 v18_lambda=0.000 gpu=3.0/11.8GB
[20:53:47] [train] ep=28 step=010/40 ce=0.2608 sc=0.6924 mi=0.0317 dn=0.0000 v13=0.0000 grl=0.0000 v15=0.0000 v15r=0.0000 v16=0.0000 v17=0.0000 v18=0.0000 acc=1.0000 lr=2.56e-04 lambda=0.000 grl_lambda=0.000 v18_lambda=0.000 gpu=3.0/11.8GB
[20:53:53] [train] ep=28 step=020/40 ce=0.2608 sc=0.7054 mi=0.0306 dn=0.0000 v13=0.0000 grl=0.0000 v15=0.0000 v15r=0.0000 v16=0.0000 v17=0.0000 v18=0.0000 acc=1.0000 lr=2.55e-04 lambda=0.000 grl_lambda=0.000 v18_lambda=0.000 gpu=3.0/11.8GB
[20:53:58] [train] ep=28 step=030/40 ce=0.2607 sc=0.7252 mi=0.0311 dn=0.0000 v13=0.0000 grl=0.0000 v15=0.0000 v15r=0.0000 v16=0.0000 v17=0.0000 v18=0.0000 acc=1.0000 lr=2.54e-04 lambda=0.000 grl_lambda=0.000 v18_lambda=0.000 gpu=3.0/11.8GB
[20:54:04] [train] ep=28 step=040/40 ce=0.2606 sc=0.7465 mi=0.0316 dn=0.0000 v13=0.0000 grl=0.0000 v15=0.0000 v15r=0.0000 v16=0.0000 v17=0.0000 v18=0.0000 acc=1.0000 lr=2.54e-04 lambda=0.000 grl_lambda=0.000 v18_lambda=0.000 gpu=3.0/11.8GB
[20:54:14] [ep_summary] ep=28/100 val_live=0.9444/0.9451 val_ema=0.7531/0.7464 test77_live=0.1475/0.0430 test77_diag_ema=0.1547/0.0555 v13=0.0000 grl=0.0000 v15=0.0000 v15r=0.0000 v16=0.0000 v17=0.0000 v18=0.0000 das=off[0,0] p=0.00 ep_time=33.3s
[20:54:14] [save] best_sourceval_ema val_acc_ema=0.7531 source_val_live=0.9444/0.9451 source_val_ema=0.7531/0.7464 ep=28
[20:54:14] [train] epoch 29/100 steps=40 use_dann=0 das=off f=[0.0,0.0] p=0.00 gpu=3.0/11.8GB
[20:54:15] [train] ep=29 step=001/40 ce=0.2588 sc=0.7441 mi=0.0326 dn=0.0000 v13=0.0000 grl=0.0000 v15=0.0000 v15r=0.0000 v16=0.0000 v17=0.0000 v18=0.0000 acc=1.0000 lr=2.53e-04 lambda=0.000 grl_lambda=0.000 v18_lambda=0.000 gpu=3.0/11.8GB
[20:54:20] [train] ep=29 step=010/40 ce=0.2602 sc=0.8366 mi=0.0318 dn=0.0000 v13=0.0000 grl=0.0000 v15=0.0000 v15r=0.0000 v16=0.0000 v17=0.0000 v18=0.0000 acc=1.0000 lr=2.53e-04 lambda=0.000 grl_lambda=0.000 v18_lambda=0.000 gpu=3.0/11.8GB
[20:54:26] [train] ep=29 step=020/40 ce=0.2603 sc=0.8141 mi=0.0311 dn=0.0000 v13=0.0000 grl=0.0000 v15=0.0000 v15r=0.0000 v16=0.0000 v17=0.0000 v18=0.0000 acc=1.0000 lr=2.52e-04 lambda=0.000 grl_lambda=0.000 v18_lambda=0.000 gpu=3.0/11.8GB
[20:54:32] [train] ep=29 step=030/40 ce=0.2605 sc=0.7808 mi=0.0311 dn=0.0000 v13=0.0000 grl=0.0000 v15=0.0000 v15r=0.0000 v16=0.0000 v17=0.0000 v18=0.0000 acc=1.0000 lr=2.51e-04 lambda=0.000 grl_lambda=0.000 v18_lambda=0.000 gpu=3.0/11.8GB
[20:54:38] [train] ep=29 step=040/40 ce=0.2604 sc=0.7526 mi=0.0310 dn=0.0000 v13=0.0000 grl=0.0000 v15=0.0000 v15r=0.0000 v16=0.0000 v17=0.0000 v18=0.0000 acc=1.0000 lr=2.50e-04 lambda=0.000 grl_lambda=0.000 v18_lambda=0.000 gpu=3.0/11.8GB
[20:55:09] [ep_summary] ep=29/100 val_live=0.9506/0.9509 val_ema=0.7778/0.7734 test77_live=0.1547/0.0551 test77_diag_ema=0.1619/0.0629 v13=0.0000 grl=0.0000 v15=0.0000 v15r=0.0000 v16=0.0000 v17=0.0000 v18=0.0000 das=off[0,0] p=0.00 ep_time=54.7s
[20:55:09] [save] best_sourceval_ema val_acc_ema=0.7778 source_val_live=0.9506/0.9509 source_val_ema=0.7778/0.7734 ep=29
[20:55:09] [train] epoch 30/100 steps=40 use_dann=0 das=off f=[0.0,0.0] p=0.00 gpu=3.0/11.8GB
[20:55:10] [train] ep=30 step=001/40 ce=0.2588 sc=0.6324 mi=0.0272 dn=0.0000 v13=0.0000 grl=0.0000 v15=0.0000 v15r=0.0000 v16=0.0000 v17=0.0000 v18=0.0000 acc=1.0000 lr=2.50e-04 lambda=0.000 grl_lambda=0.000 v18_lambda=0.000 gpu=3.0/11.8GB
[20:55:15] [train] ep=30 step=010/40 ce=0.2595 sc=0.6455 mi=0.0296 dn=0.0000 v13=0.0000 grl=0.0000 v15=0.0000 v15r=0.0000 v16=0.0000 v17=0.0000 v18=0.0000 acc=1.0000 lr=2.49e-04 lambda=0.000 grl_lambda=0.000 v18_lambda=0.000 gpu=3.0/11.8GB
[20:55:21] [train] ep=30 step=020/40 ce=0.2594 sc=0.6920 mi=0.0296 dn=0.0000 v13=0.0000 grl=0.0000 v15=0.0000 v15r=0.0000 v16=0.0000 v17=0.0000 v18=0.0000 acc=1.0000 lr=2.48e-04 lambda=0.000 grl_lambda=0.000 v18_lambda=0.000 gpu=3.0/11.8GB
[20:55:26] [train] ep=30 step=030/40 ce=0.2597 sc=0.7056 mi=0.0293 dn=0.0000 v13=0.0000 grl=0.0000 v15=0.0000 v15r=0.0000 v16=0.0000 v17=0.0000 v18=0.0000 acc=1.0000 lr=2.47e-04 lambda=0.000 grl_lambda=0.000 v18_lambda=0.000 gpu=3.0/11.8GB
[20:55:32] [train] ep=30 step=040/40 ce=0.2597 sc=0.7210 mi=0.0295 dn=0.0000 v13=0.0000 grl=0.0000 v15=0.0000 v15r=0.0000 v16=0.0000 v17=0.0000 v18=0.0000 acc=1.0000 lr=2.46e-04 lambda=0.000 grl_lambda=0.000 v18_lambda=0.000 gpu=3.0/11.8GB
[20:55:59] [pool] check ep=030/100 source_val_acc_ema=0.7840 threshold=0.90
[20:55:59] [pool] ep=030 SKIP (source_val_acc_ema=0.7840 < 0.90)
[20:56:00] [ep_summary] ep=30/100 val_live=0.9506/0.9509 val_ema=0.7840/0.7794 test77_live=0.1475/0.0431 test77_diag_ema=0.1763/0.0756 v13=0.0000 grl=0.0000 v15=0.0000 v15r=0.0000 v16=0.0000 v17=0.0000 v18=0.0000 das=off[0,0] p=0.00 ep_time=51.2s
[20:56:00] [save] best_sourceval_ema val_acc_ema=0.7840 source_val_live=0.9506/0.9509 source_val_ema=0.7840/0.7794 ep=30
[20:56:00] [strict77_monitor] ep=30 best_source_epoch=30 source_val_ema=0.7840/0.7794 test77_ema_diag=0.1763/0.0756 sourcequalified_count=0
[20:56:00] [train] epoch 31/100 steps=40 use_dann=0 das=off f=[0.0,0.0] p=0.00 gpu=3.0/11.8GB
[20:56:01] [train] ep=31 step=001/40 ce=0.2590 sc=0.6138 mi=0.0269 dn=0.0000 v13=0.0000 grl=0.0000 v15=0.0000 v15r=0.0000 v16=0.0000 v17=0.0000 v18=0.0000 acc=1.0000 lr=2.46e-04 lambda=0.000 grl_lambda=0.000 v18_lambda=0.000 gpu=3.0/11.8GB
[20:56:06] [train] ep=31 step=010/40 ce=0.2608 sc=0.6732 mi=0.0279 dn=0.0000 v13=0.0000 grl=0.0000 v15=0.0000 v15r=0.0000 v16=0.0000 v17=0.0000 v18=0.0000 acc=1.0000 lr=2.45e-04 lambda=0.000 grl_lambda=0.000 v18_lambda=0.000 gpu=3.0/11.8GB
[20:56:12] [train] ep=31 step=020/40 ce=0.2605 sc=0.7157 mi=0.0293 dn=0.0000 v13=0.0000 grl=0.0000 v15=0.0000 v15r=0.0000 v16=0.0000 v17=0.0000 v18=0.0000 acc=1.0000 lr=2.44e-04 lambda=0.000 grl_lambda=0.000 v18_lambda=0.000 gpu=3.0/11.8GB
[20:56:18] [train] ep=31 step=030/40 ce=0.2602 sc=0.7566 mi=0.0296 dn=0.0000 v13=0.0000 grl=0.0000 v15=0.0000 v15r=0.0000 v16=0.0000 v17=0.0000 v18=0.0000 acc=1.0000 lr=2.43e-04 lambda=0.000 grl_lambda=0.000 v18_lambda=0.000 gpu=3.0/11.8GB
[20:56:23] [train] ep=31 step=040/40 ce=0.2602 sc=0.7599 mi=0.0301 dn=0.0000 v13=0.0000 grl=0.0000 v15=0.0000 v15r=0.0000 v16=0.0000 v17=0.0000 v18=0.0000 acc=1.0000 lr=2.43e-04 lambda=0.000 grl_lambda=0.000 v18_lambda=0.000 gpu=3.0/11.8GB
[20:56:34] [ep_summary] ep=31/100 val_live=0.9506/0.9509 val_ema=0.8086/0.8057 test77_live=0.1475/0.0431 test77_diag_ema=0.1763/0.0748 v13=0.0000 grl=0.0000 v15=0.0000 v15r=0.0000 v16=0.0000 v17=0.0000 v18=0.0000 das=off[0,0] p=0.00 ep_time=33.2s
[20:56:34] [save] best_sourceval_ema val_acc_ema=0.8086 source_val_live=0.9506/0.9509 source_val_ema=0.8086/0.8057 ep=31
[20:56:34] [train] epoch 32/100 steps=40 use_dann=0 das=off f=[0.0,0.0] p=0.00 gpu=3.0/11.8GB
[20:56:34] [train] ep=32 step=001/40 ce=0.2615 sc=1.3086 mi=0.0362 dn=0.0000 v13=0.0000 grl=0.0000 v15=0.0000 v15r=0.0000 v16=0.0000 v17=0.0000 v18=0.0000 acc=1.0000 lr=2.42e-04 lambda=0.000 grl_lambda=0.000 v18_lambda=0.000 gpu=3.0/11.8GB
[20:56:39] [train] ep=32 step=010/40 ce=0.2597 sc=0.7679 mi=0.0287 dn=0.0000 v13=0.0000 grl=0.0000 v15=0.0000 v15r=0.0000 v16=0.0000 v17=0.0000 v18=0.0000 acc=1.0000 lr=2.42e-04 lambda=0.000 grl_lambda=0.000 v18_lambda=0.000 gpu=3.0/11.8GB
[20:56:45] [train] ep=32 step=020/40 ce=0.2591 sc=0.7977 mi=0.0282 dn=0.0000 v13=0.0000 grl=0.0000 v15=0.0000 v15r=0.0000 v16=0.0000 v17=0.0000 v18=0.0000 acc=1.0000 lr=2.41e-04 lambda=0.000 grl_lambda=0.000 v18_lambda=0.000 gpu=3.0/11.8GB
[20:56:51] [train] ep=32 step=030/40 ce=0.2593 sc=0.7500 mi=0.0284 dn=0.0000 v13=0.0000 grl=0.0000 v15=0.0000 v15r=0.0000 v16=0.0000 v17=0.0000 v18=0.0000 acc=1.0000 lr=2.40e-04 lambda=0.000 grl_lambda=0.000 v18_lambda=0.000 gpu=3.0/11.8GB
[20:56:57] [train] ep=32 step=040/40 ce=0.2593 sc=0.7226 mi=0.0283 dn=0.0000 v13=0.0000 grl=0.0000 v15=0.0000 v15r=0.0000 v16=0.0000 v17=0.0000 v18=0.0000 acc=1.0000 lr=2.39e-04 lambda=0.000 grl_lambda=0.000 v18_lambda=0.000 gpu=3.0/11.8GB
[20:57:07] [ep_summary] ep=32/100 val_live=0.9444/0.9451 val_ema=0.8210/0.8192 test77_live=0.1475/0.0430 test77_diag_ema=0.1906/0.0858 v13=0.0000 grl=0.0000 v15=0.0000 v15r=0.0000 v16=0.0000 v17=0.0000 v18=0.0000 das=off[0,0] p=0.00 ep_time=33.2s
[20:57:07] [save] best_sourceval_ema val_acc_ema=0.8210 source_val_live=0.9444/0.9451 source_val_ema=0.8210/0.8192 ep=32
[20:57:07] [train] epoch 33/100 steps=40 use_dann=0 das=off f=[0.0,0.0] p=0.00 gpu=3.0/11.8GB
[20:57:07] [train] ep=33 step=001/40 ce=0.2610 sc=0.7310 mi=0.0338 dn=0.0000 v13=0.0000 grl=0.0000 v15=0.0000 v15r=0.0000 v16=0.0000 v17=0.0000 v18=0.0000 acc=1.0000 lr=2.39e-04 lambda=0.000 grl_lambda=0.000 v18_lambda=0.000 gpu=3.0/11.8GB
[20:57:13] [train] ep=33 step=010/40 ce=0.2591 sc=0.7456 mi=0.0296 dn=0.0000 v13=0.0000 grl=0.0000 v15=0.0000 v15r=0.0000 v16=0.0000 v17=0.0000 v18=0.0000 acc=1.0000 lr=2.38e-04 lambda=0.000 grl_lambda=0.000 v18_lambda=0.000 gpu=3.0/11.8GB
[20:57:18] [train] ep=33 step=020/40 ce=0.2591 sc=0.7589 mi=0.0300 dn=0.0000 v13=0.0000 grl=0.0000 v15=0.0000 v15r=0.0000 v16=0.0000 v17=0.0000 v18=0.0000 acc=1.0000 lr=2.37e-04 lambda=0.000 grl_lambda=0.000 v18_lambda=0.000 gpu=3.0/11.8GB
[20:57:24] [train] ep=33 step=030/40 ce=0.2592 sc=0.7690 mi=0.0297 dn=0.0000 v13=0.0000 grl=0.0000 v15=0.0000 v15r=0.0000 v16=0.0000 v17=0.0000 v18=0.0000 acc=1.0000 lr=2.36e-04 lambda=0.000 grl_lambda=0.000 v18_lambda=0.000 gpu=3.0/11.8GB
[20:57:30] [train] ep=33 step=040/40 ce=0.2591 sc=0.7546 mi=0.0291 dn=0.0000 v13=0.0000 grl=0.0000 v15=0.0000 v15r=0.0000 v16=0.0000 v17=0.0000 v18=0.0000 acc=1.0000 lr=2.35e-04 lambda=0.000 grl_lambda=0.000 v18_lambda=0.000 gpu=3.0/11.8GB
[20:57:40] [ep_summary] ep=33/100 val_live=0.9506/0.9509 val_ema=0.8333/0.8326 test77_live=0.1439/0.0361 test77_diag_ema=0.1978/0.0888 v13=0.0000 grl=0.0000 v15=0.0000 v15r=0.0000 v16=0.0000 v17=0.0000 v18=0.0000 das=off[0,0] p=0.00 ep_time=33.2s
[20:57:40] [save] best_sourceval_ema val_acc_ema=0.8333 source_val_live=0.9506/0.9509 source_val_ema=0.8333/0.8326 ep=33
[20:57:40] [train] epoch 34/100 steps=40 use_dann=0 das=off f=[0.0,0.0] p=0.00 gpu=3.0/11.8GB
[20:57:41] [train] ep=34 step=001/40 ce=0.2601 sc=0.6159 mi=0.0383 dn=0.0000 v13=0.0000 grl=0.0000 v15=0.0000 v15r=0.0000 v16=0.0000 v17=0.0000 v18=0.0000 acc=1.0000 lr=2.35e-04 lambda=0.000 grl_lambda=0.000 v18_lambda=0.000 gpu=3.0/11.8GB
[20:57:46] [train] ep=34 step=010/40 ce=0.2589 sc=0.7687 mi=0.0287 dn=0.0000 v13=0.0000 grl=0.0000 v15=0.0000 v15r=0.0000 v16=0.0000 v17=0.0000 v18=0.0000 acc=1.0000 lr=2.34e-04 lambda=0.000 grl_lambda=0.000 v18_lambda=0.000 gpu=3.0/11.8GB
[20:57:52] [train] ep=34 step=020/40 ce=0.2589 sc=0.7239 mi=0.0290 dn=0.0000 v13=0.0000 grl=0.0000 v15=0.0000 v15r=0.0000 v16=0.0000 v17=0.0000 v18=0.0000 acc=1.0000 lr=2.33e-04 lambda=0.000 grl_lambda=0.000 v18_lambda=0.000 gpu=3.0/11.8GB
[20:57:57] [train] ep=34 step=030/40 ce=0.2587 sc=0.7132 mi=0.0292 dn=0.0000 v13=0.0000 grl=0.0000 v15=0.0000 v15r=0.0000 v16=0.0000 v17=0.0000 v18=0.0000 acc=1.0000 lr=2.32e-04 lambda=0.000 grl_lambda=0.000 v18_lambda=0.000 gpu=3.0/11.8GB
[20:58:03] [train] ep=34 step=040/40 ce=0.2587 sc=0.7373 mi=0.0287 dn=0.0000 v13=0.0000 grl=0.0000 v15=0.0000 v15r=0.0000 v16=0.0000 v17=0.0000 v18=0.0000 acc=1.0000 lr=2.31e-04 lambda=0.000 grl_lambda=0.000 v18_lambda=0.000 gpu=3.0/11.8GB
[20:58:13] [ep_summary] ep=34/100 val_live=0.9444/0.9441 val_ema=0.8580/0.8599 test77_live=0.1475/0.0431 test77_diag_ema=0.2014/0.0900 v13=0.0000 grl=0.0000 v15=0.0000 v15r=0.0000 v16=0.0000 v17=0.0000 v18=0.0000 das=off[0,0] p=0.00 ep_time=33.1s
[20:58:13] [save] best_sourceval_ema val_acc_ema=0.8580 source_val_live=0.9444/0.9441 source_val_ema=0.8580/0.8599 ep=34
[20:58:13] [train] epoch 35/100 steps=40 use_dann=0 das=off f=[0.0,0.0] p=0.00 gpu=3.0/11.8GB
[20:58:14] [train] ep=35 step=001/40 ce=0.2582 sc=0.8495 mi=0.0277 dn=0.0000 v13=0.0000 grl=0.0000 v15=0.0000 v15r=0.0000 v16=0.0000 v17=0.0000 v18=0.0000 acc=1.0000 lr=2.31e-04 lambda=0.000 grl_lambda=0.000 v18_lambda=0.000 gpu=3.0/11.8GB
[20:58:19] [train] ep=35 step=010/40 ce=0.2594 sc=0.7721 mi=0.0288 dn=0.0000 v13=0.0000 grl=0.0000 v15=0.0000 v15r=0.0000 v16=0.0000 v17=0.0000 v18=0.0000 acc=1.0000 lr=2.30e-04 lambda=0.000 grl_lambda=0.000 v18_lambda=0.000 gpu=3.0/11.8GB
[20:58:25] [train] ep=35 step=020/40 ce=0.2590 sc=0.7326 mi=0.0296 dn=0.0000 v13=0.0000 grl=0.0000 v15=0.0000 v15r=0.0000 v16=0.0000 v17=0.0000 v18=0.0000 acc=1.0000 lr=2.29e-04 lambda=0.000 grl_lambda=0.000 v18_lambda=0.000 gpu=3.0/11.8GB
[20:58:31] [train] ep=35 step=030/40 ce=0.2588 sc=0.7582 mi=0.0292 dn=0.0000 v13=0.0000 grl=0.0000 v15=0.0000 v15r=0.0000 v16=0.0000 v17=0.0000 v18=0.0000 acc=1.0000 lr=2.28e-04 lambda=0.000 grl_lambda=0.000 v18_lambda=0.000 gpu=3.0/11.8GB
[20:58:36] [train] ep=35 step=040/40 ce=0.2587 sc=0.7376 mi=0.0285 dn=0.0000 v13=0.0000 grl=0.0000 v15=0.0000 v15r=0.0000 v16=0.0000 v17=0.0000 v18=0.0000 acc=1.0000 lr=2.27e-04 lambda=0.000 grl_lambda=0.000 v18_lambda=0.000 gpu=3.0/11.8GB
[20:58:46] [ep_summary] ep=35/100 val_live=0.9506/0.9509 val_ema=0.8519/0.8544 test77_live=0.1475/0.0431 test77_diag_ema=0.2122/0.0953 v13=0.0000 grl=0.0000 v15=0.0000 v15r=0.0000 v16=0.0000 v17=0.0000 v18=0.0000 das=off[0,0] p=0.00 ep_time=33.1s
[20:58:46] [train] epoch 36/100 steps=40 use_dann=0 das=off f=[0.0,0.0] p=0.00 gpu=3.0/11.8GB
[20:58:47] [train] ep=36 step=001/40 ce=0.2585 sc=0.7475 mi=0.0262 dn=0.0000 v13=0.0000 grl=0.0000 v15=0.0000 v15r=0.0000 v16=0.0000 v17=0.0000 v18=0.0000 acc=1.0000 lr=2.26e-04 lambda=0.000 grl_lambda=0.000 v18_lambda=0.000 gpu=3.0/11.8GB
[20:58:52] [train] ep=36 step=010/40 ce=0.2588 sc=0.7878 mi=0.0269 dn=0.0000 v13=0.0000 grl=0.0000 v15=0.0000 v15r=0.0000 v16=0.0000 v17=0.0000 v18=0.0000 acc=1.0000 lr=2.25e-04 lambda=0.000 grl_lambda=0.000 v18_lambda=0.000 gpu=3.0/11.8GB
[20:58:58] [train] ep=36 step=020/40 ce=0.2585 sc=0.7328 mi=0.0273 dn=0.0000 v13=0.0000 grl=0.0000 v15=0.0000 v15r=0.0000 v16=0.0000 v17=0.0000 v18=0.0000 acc=1.0000 lr=2.24e-04 lambda=0.000 grl_lambda=0.000 v18_lambda=0.000 gpu=3.0/11.8GB
[20:59:04] [train] ep=36 step=030/40 ce=0.2586 sc=0.7507 mi=0.0279 dn=0.0000 v13=0.0000 grl=0.0000 v15=0.0000 v15r=0.0000 v16=0.0000 v17=0.0000 v18=0.0000 acc=1.0000 lr=2.23e-04 lambda=0.000 grl_lambda=0.000 v18_lambda=0.000 gpu=3.0/11.8GB
[20:59:09] [train] ep=36 step=040/40 ce=0.2586 sc=0.7677 mi=0.0277 dn=0.0000 v13=0.0000 grl=0.0000 v15=0.0000 v15r=0.0000 v16=0.0000 v17=0.0000 v18=0.0000 acc=1.0000 lr=2.22e-04 lambda=0.000 grl_lambda=0.000 v18_lambda=0.000 gpu=3.0/11.8GB
[20:59:20] [ep_summary] ep=36/100 val_live=0.9444/0.9441 val_ema=0.8642/0.8673 test77_live=0.1439/0.0361 test77_diag_ema=0.2230/0.1004 v13=0.0000 grl=0.0000 v15=0.0000 v15r=0.0000 v16=0.0000 v17=0.0000 v18=0.0000 das=off[0,0] p=0.00 ep_time=33.2s
[20:59:20] [save] best_sourceval_ema val_acc_ema=0.8642 source_val_live=0.9444/0.9441 source_val_ema=0.8642/0.8673 ep=36
[20:59:20] [train] epoch 37/100 steps=40 use_dann=0 das=off f=[0.0,0.0] p=0.00 gpu=3.0/11.8GB
[20:59:20] [train] ep=37 step=001/40 ce=0.2584 sc=1.0066 mi=0.0219 dn=0.0000 v13=0.0000 grl=0.0000 v15=0.0000 v15r=0.0000 v16=0.0000 v17=0.0000 v18=0.0000 acc=1.0000 lr=2.22e-04 lambda=0.000 grl_lambda=0.000 v18_lambda=0.000 gpu=3.0/11.8GB
[20:59:26] [train] ep=37 step=010/40 ce=0.2591 sc=0.7478 mi=0.0280 dn=0.0000 v13=0.0000 grl=0.0000 v15=0.0000 v15r=0.0000 v16=0.0000 v17=0.0000 v18=0.0000 acc=1.0000 lr=2.21e-04 lambda=0.000 grl_lambda=0.000 v18_lambda=0.000 gpu=3.0/11.8GB
[20:59:31] [train] ep=37 step=020/40 ce=0.2589 sc=0.7155 mi=0.0290 dn=0.0000 v13=0.0000 grl=0.0000 v15=0.0000 v15r=0.0000 v16=0.0000 v17=0.0000 v18=0.0000 acc=1.0000 lr=2.20e-04 lambda=0.000 grl_lambda=0.000 v18_lambda=0.000 gpu=3.0/11.8GB
[20:59:37] [train] ep=37 step=030/40 ce=0.2587 sc=0.6944 mi=0.0285 dn=0.0000 v13=0.0000 grl=0.0000 v15=0.0000 v15r=0.0000 v16=0.0000 v17=0.0000 v18=0.0000 acc=1.0000 lr=2.19e-04 lambda=0.000 grl_lambda=0.000 v18_lambda=0.000 gpu=3.0/11.8GB
[20:59:43] [train] ep=37 step=040/40 ce=0.2585 sc=0.7037 mi=0.0276 dn=0.0000 v13=0.0000 grl=0.0000 v15=0.0000 v15r=0.0000 v16=0.0000 v17=0.0000 v18=0.0000 acc=1.0000 lr=2.18e-04 lambda=0.000 grl_lambda=0.000 v18_lambda=0.000 gpu=3.0/11.8GB
[20:59:53] [ep_summary] ep=37/100 val_live=0.9444/0.9441 val_ema=0.8827/0.8850 test77_live=0.1439/0.0359 test77_diag_ema=0.2230/0.1008 v13=0.0000 grl=0.0000 v15=0.0000 v15r=0.0000 v16=0.0000 v17=0.0000 v18=0.0000 das=off[0,0] p=0.00 ep_time=33.3s
[20:59:53] [save] best_sourceval_ema val_acc_ema=0.8827 source_val_live=0.9444/0.9441 source_val_ema=0.8827/0.8850 ep=37
[20:59:53] [train] epoch 38/100 steps=40 use_dann=0 das=off f=[0.0,0.0] p=0.00 gpu=3.0/11.8GB
[20:59:54] [train] ep=38 step=001/40 ce=0.2576 sc=0.6153 mi=0.0269 dn=0.0000 v13=0.0000 grl=0.0000 v15=0.0000 v15r=0.0000 v16=0.0000 v17=0.0000 v18=0.0000 acc=1.0000 lr=2.18e-04 lambda=0.000 grl_lambda=0.000 v18_lambda=0.000 gpu=3.0/11.8GB
[20:59:59] [train] ep=38 step=010/40 ce=0.2579 sc=0.6193 mi=0.0266 dn=0.0000 v13=0.0000 grl=0.0000 v15=0.0000 v15r=0.0000 v16=0.0000 v17=0.0000 v18=0.0000 acc=1.0000 lr=2.17e-04 lambda=0.000 grl_lambda=0.000 v18_lambda=0.000 gpu=3.0/11.8GB
[21:00:05] [train] ep=38 step=020/40 ce=0.2580 sc=0.6686 mi=0.0270 dn=0.0000 v13=0.0000 grl=0.0000 v15=0.0000 v15r=0.0000 v16=0.0000 v17=0.0000 v18=0.0000 acc=1.0000 lr=2.16e-04 lambda=0.000 grl_lambda=0.000 v18_lambda=0.000 gpu=3.0/11.8GB
[21:00:10] [train] ep=38 step=030/40 ce=0.2580 sc=0.6901 mi=0.0272 dn=0.0000 v13=0.0000 grl=0.0000 v15=0.0000 v15r=0.0000 v16=0.0000 v17=0.0000 v18=0.0000 acc=1.0000 lr=2.15e-04 lambda=0.000 grl_lambda=0.000 v18_lambda=0.000 gpu=3.0/11.8GB
[21:00:16] [train] ep=38 step=040/40 ce=0.2581 sc=0.6810 mi=0.0275 dn=0.0000 v13=0.0000 grl=0.0000 v15=0.0000 v15r=0.0000 v16=0.0000 v17=0.0000 v18=0.0000 acc=1.0000 lr=2.14e-04 lambda=0.000 grl_lambda=0.000 v18_lambda=0.000 gpu=3.0/11.8GB
[21:00:26] [ep_summary] ep=38/100 val_live=0.9444/0.9441 val_ema=0.8951/0.8982 test77_live=0.1475/0.0431 test77_diag_ema=0.2230/0.0996 v13=0.0000 grl=0.0000 v15=0.0000 v15r=0.0000 v16=0.0000 v17=0.0000 v18=0.0000 das=off[0,0] p=0.00 ep_time=33.2s
[21:00:26] [save] best_sourceval_ema val_acc_ema=0.8951 source_val_live=0.9444/0.9441 source_val_ema=0.8951/0.8982 ep=38
[21:00:26] [train] epoch 39/100 steps=40 use_dann=0 das=off f=[0.0,0.0] p=0.00 gpu=3.0/11.8GB
[21:00:27] [train] ep=39 step=001/40 ce=0.2586 sc=0.5382 mi=0.0272 dn=0.0000 v13=0.0000 grl=0.0000 v15=0.0000 v15r=0.0000 v16=0.0000 v17=0.0000 v18=0.0000 acc=1.0000 lr=2.14e-04 lambda=0.000 grl_lambda=0.000 v18_lambda=0.000 gpu=3.0/11.8GB
[21:00:32] [train] ep=39 step=010/40 ce=0.2578 sc=0.6474 mi=0.0266 dn=0.0000 v13=0.0000 grl=0.0000 v15=0.0000 v15r=0.0000 v16=0.0000 v17=0.0000 v18=0.0000 acc=1.0000 lr=2.13e-04 lambda=0.000 grl_lambda=0.000 v18_lambda=0.000 gpu=3.0/11.8GB
[21:00:38] [train] ep=39 step=020/40 ce=0.2578 sc=0.7102 mi=0.0269 dn=0.0000 v13=0.0000 grl=0.0000 v15=0.0000 v15r=0.0000 v16=0.0000 v17=0.0000 v18=0.0000 acc=1.0000 lr=2.11e-04 lambda=0.000 grl_lambda=0.000 v18_lambda=0.000 gpu=3.0/11.8GB
[21:00:44] [train] ep=39 step=030/40 ce=0.2579 sc=0.7163 mi=0.0268 dn=0.0000 v13=0.0000 grl=0.0000 v15=0.0000 v15r=0.0000 v16=0.0000 v17=0.0000 v18=0.0000 acc=1.0000 lr=2.10e-04 lambda=0.000 grl_lambda=0.000 v18_lambda=0.000 gpu=3.0/11.8GB
[21:00:50] [train] ep=39 step=040/40 ce=0.2579 sc=0.7226 mi=0.0266 dn=0.0000 v13=0.0000 grl=0.0000 v15=0.0000 v15r=0.0000 v16=0.0000 v17=0.0000 v18=0.0000 acc=1.0000 lr=2.09e-04 lambda=0.000 grl_lambda=0.000 v18_lambda=0.000 gpu=3.0/11.8GB
[21:01:00] [ep_summary] ep=39/100 val_live=0.9444/0.9441 val_ema=0.9012/0.9040 test77_live=0.1475/0.0431 test77_diag_ema=0.2266/0.1013 v13=0.0000 grl=0.0000 v15=0.0000 v15r=0.0000 v16=0.0000 v17=0.0000 v18=0.0000 das=off[0,0] p=0.00 ep_time=33.6s
[21:01:00] [save] best_sourceval_ema val_acc_ema=0.9012 source_val_live=0.9444/0.9441 source_val_ema=0.9012/0.9040 ep=39
[21:01:00] [save] best_sourcequalified77_ema ep=39 source_val_live=0.9444/0.9441 source_val_ema=0.9012/0.9040 test77_ema=0.2266/0.1013
[21:01:00] [train] epoch 40/100 steps=40 use_dann=0 das=off f=[0.0,0.0] p=0.00 gpu=3.0/11.8GB
[21:01:00] [train] ep=40 step=001/40 ce=0.2568 sc=0.5389 mi=0.0279 dn=0.0000 v13=0.0000 grl=0.0000 v15=0.0000 v15r=0.0000 v16=0.0000 v17=0.0000 v18=0.0000 acc=1.0000 lr=2.09e-04 lambda=0.000 grl_lambda=0.000 v18_lambda=0.000 gpu=3.0/11.8GB
[21:01:06] [train] ep=40 step=010/40 ce=0.2580 sc=0.7050 mi=0.0255 dn=0.0000 v13=0.0000 grl=0.0000 v15=0.0000 v15r=0.0000 v16=0.0000 v17=0.0000 v18=0.0000 acc=1.0000 lr=2.08e-04 lambda=0.000 grl_lambda=0.000 v18_lambda=0.000 gpu=3.0/11.8GB
[21:01:11] [train] ep=40 step=020/40 ce=0.2580 sc=0.7193 mi=0.0259 dn=0.0000 v13=0.0000 grl=0.0000 v15=0.0000 v15r=0.0000 v16=0.0000 v17=0.0000 v18=0.0000 acc=1.0000 lr=2.07e-04 lambda=0.000 grl_lambda=0.000 v18_lambda=0.000 gpu=3.0/11.8GB
[21:01:17] [train] ep=40 step=030/40 ce=0.2580 sc=0.7402 mi=0.0255 dn=0.0000 v13=0.0000 grl=0.0000 v15=0.0000 v15r=0.0000 v16=0.0000 v17=0.0000 v18=0.0000 acc=1.0000 lr=2.06e-04 lambda=0.000 grl_lambda=0.000 v18_lambda=0.000 gpu=3.0/11.8GB
[21:01:23] [train] ep=40 step=040/40 ce=0.2580 sc=0.7562 mi=0.0260 dn=0.0000 v13=0.0000 grl=0.0000 v15=0.0000 v15r=0.0000 v16=0.0000 v17=0.0000 v18=0.0000 acc=1.0000 lr=2.05e-04 lambda=0.000 grl_lambda=0.000 v18_lambda=0.000 gpu=3.0/11.8GB
[21:01:33] [pool] check ep=040/100 source_val_acc_ema=0.9074 threshold=0.90
[21:01:39] [pool] ep=040 ADDED src_val=0.9074/0.9095 dev77=0.2214/0.0988 final77=0.2230/0.0993
[21:01:39] [pool] running best ep=040 dev77_f1=0.0988 final77_f1=0.0993 (pool_size=1)
[21:01:39] [ep_summary] ep=40/100 val_live=0.9444/0.9441 val_ema=0.9074/0.9095 test77_live=0.1439/0.0359 test77_diag_ema=0.2230/0.0993 v13=0.0000 grl=0.0000 v15=0.0000 v15r=0.0000 v16=0.0000 v17=0.0000 v18=0.0000 das=off[0,0] p=0.00 ep_time=38.8s
[21:01:39] [save] best_sourceval_ema val_acc_ema=0.9074 source_val_live=0.9444/0.9441 source_val_ema=0.9074/0.9095 ep=40
[21:01:39] [strict77_monitor] ep=40 best_source_epoch=40 source_val_ema=0.9074/0.9095 test77_ema_diag=0.2230/0.0993 sourcequalified_count=2 best_sourcequalified77_epoch=39 source_val_ema=0.9012/0.9040 test77_ema=0.2266/0.1013
[21:01:39] [train] epoch 41/100 steps=40 use_dann=0 das=off f=[0.0,0.0] p=0.00 gpu=3.0/11.8GB
[21:01:39] [train] ep=41 step=001/40 ce=0.2580 sc=0.6166 mi=0.0293 dn=0.0000 v13=0.0000 grl=0.0000 v15=0.0000 v15r=0.0000 v16=0.0000 v17=0.0000 v18=0.0000 acc=1.0000 lr=2.05e-04 lambda=0.000 grl_lambda=0.000 v18_lambda=0.000 gpu=3.0/11.8GB
[21:01:45] [train] ep=41 step=010/40 ce=0.2578 sc=0.7105 mi=0.0275 dn=0.0000 v13=0.0000 grl=0.0000 v15=0.0000 v15r=0.0000 v16=0.0000 v17=0.0000 v18=0.0000 acc=1.0000 lr=2.04e-04 lambda=0.000 grl_lambda=0.000 v18_lambda=0.000 gpu=3.0/11.8GB
[21:01:50] [train] ep=41 step=020/40 ce=0.2576 sc=0.6612 mi=0.0272 dn=0.0000 v13=0.0000 grl=0.0000 v15=0.0000 v15r=0.0000 v16=0.0000 v17=0.0000 v18=0.0000 acc=1.0000 lr=2.02e-04 lambda=0.000 grl_lambda=0.000 v18_lambda=0.000 gpu=3.0/11.8GB
[21:01:56] [train] ep=41 step=030/40 ce=0.2578 sc=0.7047 mi=0.0268 dn=0.0000 v13=0.0000 grl=0.0000 v15=0.0000 v15r=0.0000 v16=0.0000 v17=0.0000 v18=0.0000 acc=1.0000 lr=2.01e-04 lambda=0.000 grl_lambda=0.000 v18_lambda=0.000 gpu=3.0/11.8GB
[21:02:02] [train] ep=41 step=040/40 ce=0.2577 sc=0.6934 mi=0.0266 dn=0.0000 v13=0.0000 grl=0.0000 v15=0.0000 v15r=0.0000 v16=0.0000 v17=0.0000 v18=0.0000 acc=1.0000 lr=2.00e-04 lambda=0.000 grl_lambda=0.000 v18_lambda=0.000 gpu=3.0/11.8GB
[21:02:12] [ep_summary] ep=41/100 val_live=0.9444/0.9441 val_ema=0.9259/0.9270 test77_live=0.1439/0.0359 test77_diag_ema=0.2338/0.1041 v13=0.0000 grl=0.0000 v15=0.0000 v15r=0.0000 v16=0.0000 v17=0.0000 v18=0.0000 das=off[0,0] p=0.00 ep_time=33.2s
[21:02:12] [save] best_sourceval_ema val_acc_ema=0.9259 source_val_live=0.9444/0.9441 source_val_ema=0.9259/0.9270 ep=41
[21:02:12] [save] best_sourcequalified77_ema ep=41 source_val_live=0.9444/0.9441 source_val_ema=0.9259/0.9270 test77_ema=0.2338/0.1041
[21:02:12] [train] epoch 42/100 steps=40 use_dann=0 das=off f=[0.0,0.0] p=0.00 gpu=3.0/11.8GB
[21:02:13] [train] ep=42 step=001/40 ce=0.2576 sc=0.8427 mi=0.0217 dn=0.0000 v13=0.0000 grl=0.0000 v15=0.0000 v15r=0.0000 v16=0.0000 v17=0.0000 v18=0.0000 acc=1.0000 lr=2.00e-04 lambda=0.000 grl_lambda=0.000 v18_lambda=0.000 gpu=3.0/11.8GB
[21:02:18] [train] ep=42 step=010/40 ce=0.2577 sc=0.8488 mi=0.0251 dn=0.0000 v13=0.0000 grl=0.0000 v15=0.0000 v15r=0.0000 v16=0.0000 v17=0.0000 v18=0.0000 acc=1.0000 lr=1.99e-04 lambda=0.000 grl_lambda=0.000 v18_lambda=0.000 gpu=3.0/11.8GB
[21:02:24] [train] ep=42 step=020/40 ce=0.2578 sc=0.7806 mi=0.0256 dn=0.0000 v13=0.0000 grl=0.0000 v15=0.0000 v15r=0.0000 v16=0.0000 v17=0.0000 v18=0.0000 acc=1.0000 lr=1.98e-04 lambda=0.000 grl_lambda=0.000 v18_lambda=0.000 gpu=3.0/11.8GB
[21:02:29] [train] ep=42 step=030/40 ce=0.2578 sc=0.7741 mi=0.0249 dn=0.0000 v13=0.0000 grl=0.0000 v15=0.0000 v15r=0.0000 v16=0.0000 v17=0.0000 v18=0.0000 acc=1.0000 lr=1.97e-04 lambda=0.000 grl_lambda=0.000 v18_lambda=0.000 gpu=3.0/11.8GB
[21:02:35] [train] ep=42 step=040/40 ce=0.2578 sc=0.7627 mi=0.0249 dn=0.0000 v13=0.0000 grl=0.0000 v15=0.0000 v15r=0.0000 v16=0.0000 v17=0.0000 v18=0.0000 acc=1.0000 lr=1.96e-04 lambda=0.000 grl_lambda=0.000 v18_lambda=0.000 gpu=3.0/11.8GB
[21:03:33] [ep_summary] ep=42/100 val_live=0.9444/0.9441 val_ema=0.9259/0.9270 test77_live=0.1439/0.0359 test77_diag_ema=0.2374/0.1063 v13=0.0000 grl=0.0000 v15=0.0000 v15r=0.0000 v16=0.0000 v17=0.0000 v18=0.0000 das=off[0,0] p=0.00 ep_time=80.7s
[21:03:33] [save] best_sourcequalified77_ema ep=42 source_val_live=0.9444/0.9441 source_val_ema=0.9259/0.9270 test77_ema=0.2374/0.1063
[21:03:33] [train] epoch 43/100 steps=40 use_dann=0 das=off f=[0.0,0.0] p=0.00 gpu=3.0/11.8GB
[21:03:33] [train] ep=43 step=001/40 ce=0.2570 sc=0.5384 mi=0.0254 dn=0.0000 v13=0.0000 grl=0.0000 v15=0.0000 v15r=0.0000 v16=0.0000 v17=0.0000 v18=0.0000 acc=1.0000 lr=1.95e-04 lambda=0.000 grl_lambda=0.000 v18_lambda=0.000 gpu=3.0/11.8GB
[21:03:39] [train] ep=43 step=010/40 ce=0.2573 sc=0.7758 mi=0.0257 dn=0.0000 v13=0.0000 grl=0.0000 v15=0.0000 v15r=0.0000 v16=0.0000 v17=0.0000 v18=0.0000 acc=1.0000 lr=1.94e-04 lambda=0.000 grl_lambda=0.000 v18_lambda=0.000 gpu=3.0/11.8GB
[21:03:44] [train] ep=43 step=020/40 ce=0.2573 sc=0.7653 mi=0.0253 dn=0.0000 v13=0.0000 grl=0.0000 v15=0.0000 v15r=0.0000 v16=0.0000 v17=0.0000 v18=0.0000 acc=1.0000 lr=1.93e-04 lambda=0.000 grl_lambda=0.000 v18_lambda=0.000 gpu=3.0/11.8GB
[21:03:50] [train] ep=43 step=030/40 ce=0.2575 sc=0.7429 mi=0.0257 dn=0.0000 v13=0.0000 grl=0.0000 v15=0.0000 v15r=0.0000 v16=0.0000 v17=0.0000 v18=0.0000 acc=1.0000 lr=1.92e-04 lambda=0.000 grl_lambda=0.000 v18_lambda=0.000 gpu=3.0/11.8GB
[21:03:56] [train] ep=43 step=040/40 ce=0.2575 sc=0.7398 mi=0.0260 dn=0.0000 v13=0.0000 grl=0.0000 v15=0.0000 v15r=0.0000 v16=0.0000 v17=0.0000 v18=0.0000 acc=1.0000 lr=1.91e-04 lambda=0.000 grl_lambda=0.000 v18_lambda=0.000 gpu=3.0/11.8GB
[21:04:17] [ep_summary] ep=43/100 val_live=0.9506/0.9509 val_ema=0.9259/0.9270 test77_live=0.1439/0.0359 test77_diag_ema=0.2446/0.1097 v13=0.0000 grl=0.0000 v15=0.0000 v15r=0.0000 v16=0.0000 v17=0.0000 v18=0.0000 das=off[0,0] p=0.00 ep_time=44.5s
[21:04:17] [save] best_sourcequalified77_ema ep=43 source_val_live=0.9506/0.9509 source_val_ema=0.9259/0.9270 test77_ema=0.2446/0.1097
[21:04:17] [train] epoch 44/100 steps=40 use_dann=0 das=off f=[0.0,0.0] p=0.00 gpu=3.0/11.8GB
[21:04:18] [train] ep=44 step=001/40 ce=0.2574 sc=0.7853 mi=0.0256 dn=0.0000 v13=0.0000 grl=0.0000 v15=0.0000 v15r=0.0000 v16=0.0000 v17=0.0000 v18=0.0000 acc=1.0000 lr=1.91e-04 lambda=0.000 grl_lambda=0.000 v18_lambda=0.000 gpu=3.0/11.8GB
[21:04:23] [train] ep=44 step=010/40 ce=0.2576 sc=0.5877 mi=0.0255 dn=0.0000 v13=0.0000 grl=0.0000 v15=0.0000 v15r=0.0000 v16=0.0000 v17=0.0000 v18=0.0000 acc=1.0000 lr=1.90e-04 lambda=0.000 grl_lambda=0.000 v18_lambda=0.000 gpu=3.0/11.8GB
[21:04:29] [train] ep=44 step=020/40 ce=0.2575 sc=0.6901 mi=0.0260 dn=0.0000 v13=0.0000 grl=0.0000 v15=0.0000 v15r=0.0000 v16=0.0000 v17=0.0000 v18=0.0000 acc=1.0000 lr=1.89e-04 lambda=0.000 grl_lambda=0.000 v18_lambda=0.000 gpu=3.0/11.8GB
[21:04:35] [train] ep=44 step=030/40 ce=0.2573 sc=0.7348 mi=0.0257 dn=0.0000 v13=0.0000 grl=0.0000 v15=0.0000 v15r=0.0000 v16=0.0000 v17=0.0000 v18=0.0000 acc=1.0000 lr=1.87e-04 lambda=0.000 grl_lambda=0.000 v18_lambda=0.000 gpu=3.0/11.8GB
[21:04:41] [train] ep=44 step=040/40 ce=0.2573 sc=0.7325 mi=0.0257 dn=0.0000 v13=0.0000 grl=0.0000 v15=0.0000 v15r=0.0000 v16=0.0000 v17=0.0000 v18=0.0000 acc=1.0000 lr=1.86e-04 lambda=0.000 grl_lambda=0.000 v18_lambda=0.000 gpu=3.0/11.8GB
[21:04:51] [ep_summary] ep=44/100 val_live=0.9444/0.9441 val_ema=0.9259/0.9270 test77_live=0.1475/0.0432 test77_diag_ema=0.2338/0.1054 v13=0.0000 grl=0.0000 v15=0.0000 v15r=0.0000 v16=0.0000 v17=0.0000 v18=0.0000 das=off[0,0] p=0.00 ep_time=33.5s
[21:04:51] [train] epoch 45/100 steps=40 use_dann=0 das=off f=[0.0,0.0] p=0.00 gpu=3.0/11.8GB
[21:04:51] [train] ep=45 step=001/40 ce=0.2570 sc=0.6325 mi=0.0303 dn=0.0000 v13=0.0000 grl=0.0000 v15=0.0000 v15r=0.0000 v16=0.0000 v17=0.0000 v18=0.0000 acc=1.0000 lr=1.86e-04 lambda=0.000 grl_lambda=0.000 v18_lambda=0.000 gpu=3.0/11.8GB
[21:04:57] [train] ep=45 step=010/40 ce=0.2575 sc=0.6988 mi=0.0258 dn=0.0000 v13=0.0000 grl=0.0000 v15=0.0000 v15r=0.0000 v16=0.0000 v17=0.0000 v18=0.0000 acc=1.0000 lr=1.85e-04 lambda=0.000 grl_lambda=0.000 v18_lambda=0.000 gpu=3.0/11.8GB
[21:05:02] [train] ep=45 step=020/40 ce=0.2574 sc=0.7030 mi=0.0254 dn=0.0000 v13=0.0000 grl=0.0000 v15=0.0000 v15r=0.0000 v16=0.0000 v17=0.0000 v18=0.0000 acc=1.0000 lr=1.84e-04 lambda=0.000 grl_lambda=0.000 v18_lambda=0.000 gpu=3.0/11.8GB
[21:05:08] [train] ep=45 step=030/40 ce=0.2575 sc=0.7104 mi=0.0256 dn=0.0000 v13=0.0000 grl=0.0000 v15=0.0000 v15r=0.0000 v16=0.0000 v17=0.0000 v18=0.0000 acc=1.0000 lr=1.83e-04 lambda=0.000 grl_lambda=0.000 v18_lambda=0.000 gpu=3.0/11.8GB
[21:05:14] [train] ep=45 step=040/40 ce=0.2574 sc=0.7344 mi=0.0263 dn=0.0000 v13=0.0000 grl=0.0000 v15=0.0000 v15r=0.0000 v16=0.0000 v17=0.0000 v18=0.0000 acc=1.0000 lr=1.81e-04 lambda=0.000 grl_lambda=0.000 v18_lambda=0.000 gpu=3.0/11.8GB
[21:05:24] [ep_summary] ep=45/100 val_live=0.9444/0.9441 val_ema=0.9198/0.9209 test77_live=0.1439/0.0359 test77_diag_ema=0.2302/0.1048 v13=0.0000 grl=0.0000 v15=0.0000 v15r=0.0000 v16=0.0000 v17=0.0000 v18=0.0000 das=off[0,0] p=0.00 ep_time=33.3s
[21:05:24] [train] epoch 46/100 steps=40 use_dann=0 das=off f=[0.0,0.0] p=0.00 gpu=3.0/11.8GB
[21:05:25] [train] ep=46 step=001/40 ce=0.2589 sc=0.6130 mi=0.0274 dn=0.0000 v13=0.0000 grl=0.0000 v15=0.0000 v15r=0.0000 v16=0.0000 v17=0.0000 v18=0.0000 acc=1.0000 lr=1.81e-04 lambda=0.000 grl_lambda=0.000 v18_lambda=0.000 gpu=3.0/11.8GB
[21:05:30] [train] ep=46 step=010/40 ce=0.2575 sc=0.7324 mi=0.0245 dn=0.0000 v13=0.0000 grl=0.0000 v15=0.0000 v15r=0.0000 v16=0.0000 v17=0.0000 v18=0.0000 acc=1.0000 lr=1.80e-04 lambda=0.000 grl_lambda=0.000 v18_lambda=0.000 gpu=3.0/11.8GB
[21:05:36] [train] ep=46 step=020/40 ce=0.2574 sc=0.7804 mi=0.0255 dn=0.0000 v13=0.0000 grl=0.0000 v15=0.0000 v15r=0.0000 v16=0.0000 v17=0.0000 v18=0.0000 acc=1.0000 lr=1.79e-04 lambda=0.000 grl_lambda=0.000 v18_lambda=0.000 gpu=3.0/11.8GB
[21:05:42] [train] ep=46 step=030/40 ce=0.2574 sc=0.7503 mi=0.0258 dn=0.0000 v13=0.0000 grl=0.0000 v15=0.0000 v15r=0.0000 v16=0.0000 v17=0.0000 v18=0.0000 acc=1.0000 lr=1.78e-04 lambda=0.000 grl_lambda=0.000 v18_lambda=0.000 gpu=3.0/11.8GB
[21:05:47] [train] ep=46 step=040/40 ce=0.2573 sc=0.7125 mi=0.0256 dn=0.0000 v13=0.0000 grl=0.0000 v15=0.0000 v15r=0.0000 v16=0.0000 v17=0.0000 v18=0.0000 acc=1.0000 lr=1.77e-04 lambda=0.000 grl_lambda=0.000 v18_lambda=0.000 gpu=3.0/11.8GB
[21:05:58] [ep_summary] ep=46/100 val_live=0.9444/0.9441 val_ema=0.9259/0.9265 test77_live=0.1439/0.0359 test77_diag_ema=0.2266/0.1041 v13=0.0000 grl=0.0000 v15=0.0000 v15r=0.0000 v16=0.0000 v17=0.0000 v18=0.0000 das=off[0,0] p=0.00 ep_time=33.3s
[21:05:58] [train] epoch 47/100 steps=40 use_dann=0 das=off f=[0.0,0.0] p=0.00 gpu=3.0/11.8GB
[21:05:58] [train] ep=47 step=001/40 ce=0.2573 sc=0.6142 mi=0.0247 dn=0.0000 v13=0.0000 grl=0.0000 v15=0.0000 v15r=0.0000 v16=0.0000 v17=0.0000 v18=0.0000 acc=1.0000 lr=1.77e-04 lambda=0.000 grl_lambda=0.000 v18_lambda=0.000 gpu=3.0/11.8GB
[21:06:03] [train] ep=47 step=010/40 ce=0.2572 sc=0.6562 mi=0.0260 dn=0.0000 v13=0.0000 grl=0.0000 v15=0.0000 v15r=0.0000 v16=0.0000 v17=0.0000 v18=0.0000 acc=1.0000 lr=1.76e-04 lambda=0.000 grl_lambda=0.000 v18_lambda=0.000 gpu=3.0/11.8GB
[21:06:09] [train] ep=47 step=020/40 ce=0.2574 sc=0.6248 mi=0.0264 dn=0.0000 v13=0.0000 grl=0.0000 v15=0.0000 v15r=0.0000 v16=0.0000 v17=0.0000 v18=0.0000 acc=1.0000 lr=1.74e-04 lambda=0.000 grl_lambda=0.000 v18_lambda=0.000 gpu=3.0/11.8GB
[21:06:15] [train] ep=47 step=030/40 ce=0.2574 sc=0.6426 mi=0.0265 dn=0.0000 v13=0.0000 grl=0.0000 v15=0.0000 v15r=0.0000 v16=0.0000 v17=0.0000 v18=0.0000 acc=1.0000 lr=1.73e-04 lambda=0.000 grl_lambda=0.000 v18_lambda=0.000 gpu=3.0/11.8GB
[21:06:21] [train] ep=47 step=040/40 ce=0.2574 sc=0.6658 mi=0.0262 dn=0.0000 v13=0.0000 grl=0.0000 v15=0.0000 v15r=0.0000 v16=0.0000 v17=0.0000 v18=0.0000 acc=1.0000 lr=1.72e-04 lambda=0.000 grl_lambda=0.000 v18_lambda=0.000 gpu=3.0/11.8GB
[21:06:31] [ep_summary] ep=47/100 val_live=0.9444/0.9441 val_ema=0.9321/0.9324 test77_live=0.1475/0.0432 test77_diag_ema=0.2158/0.0994 v13=0.0000 grl=0.0000 v15=0.0000 v15r=0.0000 v16=0.0000 v17=0.0000 v18=0.0000 das=off[0,0] p=0.00 ep_time=33.4s
[21:06:31] [save] best_sourceval_ema val_acc_ema=0.9321 source_val_live=0.9444/0.9441 source_val_ema=0.9321/0.9324 ep=47
[21:06:31] [train] epoch 48/100 steps=40 use_dann=0 das=off f=[0.0,0.0] p=0.00 gpu=3.0/11.8GB
[21:06:32] [train] ep=48 step=001/40 ce=0.2576 sc=0.5389 mi=0.0230 dn=0.0000 v13=0.0000 grl=0.0000 v15=0.0000 v15r=0.0000 v16=0.0000 v17=0.0000 v18=0.0000 acc=1.0000 lr=1.72e-04 lambda=0.000 grl_lambda=0.000 v18_lambda=0.000 gpu=3.0/11.8GB
[21:06:37] [train] ep=48 step=010/40 ce=0.2573 sc=0.8006 mi=0.0245 dn=0.0000 v13=0.0000 grl=0.0000 v15=0.0000 v15r=0.0000 v16=0.0000 v17=0.0000 v18=0.0000 acc=1.0000 lr=1.71e-04 lambda=0.000 grl_lambda=0.000 v18_lambda=0.000 gpu=3.0/11.8GB
[21:06:43] [train] ep=48 step=020/40 ce=0.2570 sc=0.7940 mi=0.0248 dn=0.0000 v13=0.0000 grl=0.0000 v15=0.0000 v15r=0.0000 v16=0.0000 v17=0.0000 v18=0.0000 acc=1.0000 lr=1.69e-04 lambda=0.000 grl_lambda=0.000 v18_lambda=0.000 gpu=3.0/11.8GB
[21:06:49] [train] ep=48 step=030/40 ce=0.2570 sc=0.7786 mi=0.0246 dn=0.0000 v13=0.0000 grl=0.0000 v15=0.0000 v15r=0.0000 v16=0.0000 v17=0.0000 v18=0.0000 acc=1.0000 lr=1.68e-04 lambda=0.000 grl_lambda=0.000 v18_lambda=0.000 gpu=3.0/11.8GB
[21:06:55] [train] ep=48 step=040/40 ce=0.2570 sc=0.7738 mi=0.0244 dn=0.0000 v13=0.0000 grl=0.0000 v15=0.0000 v15r=0.0000 v16=0.0000 v17=0.0000 v18=0.0000 acc=1.0000 lr=1.67e-04 lambda=0.000 grl_lambda=0.000 v18_lambda=0.000 gpu=3.0/11.8GB
[21:07:06] [ep_summary] ep=48/100 val_live=0.9444/0.9441 val_ema=0.9321/0.9324 test77_live=0.1439/0.0359 test77_diag_ema=0.2122/0.1003 v13=0.0000 grl=0.0000 v15=0.0000 v15r=0.0000 v16=0.0000 v17=0.0000 v18=0.0000 das=off[0,0] p=0.00 ep_time=35.2s
[21:07:06] [train] epoch 49/100 steps=40 use_dann=0 das=off f=[0.0,0.0] p=0.00 gpu=3.0/11.8GB
[21:07:07] [train] ep=49 step=001/40 ce=0.2568 sc=1.0476 mi=0.0254 dn=0.0000 v13=0.0000 grl=0.0000 v15=0.0000 v15r=0.0000 v16=0.0000 v17=0.0000 v18=0.0000 acc=1.0000 lr=1.67e-04 lambda=0.000 grl_lambda=0.000 v18_lambda=0.000 gpu=3.0/11.8GB
[21:07:12] [train] ep=49 step=010/40 ce=0.2569 sc=0.7404 mi=0.0238 dn=0.0000 v13=0.0000 grl=0.0000 v15=0.0000 v15r=0.0000 v16=0.0000 v17=0.0000 v18=0.0000 acc=1.0000 lr=1.66e-04 lambda=0.000 grl_lambda=0.000 v18_lambda=0.000 gpu=3.0/11.8GB
[21:07:18] [train] ep=49 step=020/40 ce=0.2570 sc=0.7723 mi=0.0240 dn=0.0000 v13=0.0000 grl=0.0000 v15=0.0000 v15r=0.0000 v16=0.0000 v17=0.0000 v18=0.0000 acc=1.0000 lr=1.65e-04 lambda=0.000 grl_lambda=0.000 v18_lambda=0.000 gpu=3.0/11.8GB
[21:07:24] [train] ep=49 step=030/40 ce=0.2571 sc=0.7506 mi=0.0249 dn=0.0000 v13=0.0000 grl=0.0000 v15=0.0000 v15r=0.0000 v16=0.0000 v17=0.0000 v18=0.0000 acc=1.0000 lr=1.63e-04 lambda=0.000 grl_lambda=0.000 v18_lambda=0.000 gpu=3.0/11.8GB
[21:07:29] [train] ep=49 step=040/40 ce=0.2570 sc=0.7055 mi=0.0249 dn=0.0000 v13=0.0000 grl=0.0000 v15=0.0000 v15r=0.0000 v16=0.0000 v17=0.0000 v18=0.0000 acc=1.0000 lr=1.62e-04 lambda=0.000 grl_lambda=0.000 v18_lambda=0.000 gpu=3.0/11.8GB
[21:07:40] [ep_summary] ep=49/100 val_live=0.9444/0.9441 val_ema=0.9321/0.9324 test77_live=0.1475/0.0432 test77_diag_ema=0.2086/0.0999 v13=0.0000 grl=0.0000 v15=0.0000 v15r=0.0000 v16=0.0000 v17=0.0000 v18=0.0000 das=off[0,0] p=0.00 ep_time=33.4s
[21:07:40] [train] epoch 50/100 steps=40 use_dann=0 das=off f=[0.0,0.0] p=0.00 gpu=3.0/11.8GB
[21:07:40] [train] ep=50 step=001/40 ce=0.2584 sc=0.7288 mi=0.0209 dn=0.0000 v13=0.0000 grl=0.0000 v15=0.0000 v15r=0.0000 v16=0.0000 v17=0.0000 v18=0.0000 acc=1.0000 lr=1.62e-04 lambda=0.000 grl_lambda=0.000 v18_lambda=0.000 gpu=3.0/11.8GB
[21:07:45] [train] ep=50 step=010/40 ce=0.2572 sc=0.8253 mi=0.0232 dn=0.0000 v13=0.0000 grl=0.0000 v15=0.0000 v15r=0.0000 v16=0.0000 v17=0.0000 v18=0.0000 acc=1.0000 lr=1.61e-04 lambda=0.000 grl_lambda=0.000 v18_lambda=0.000 gpu=3.0/11.8GB
[21:07:51] [train] ep=50 step=020/40 ce=0.2571 sc=0.7871 mi=0.0236 dn=0.0000 v13=0.0000 grl=0.0000 v15=0.0000 v15r=0.0000 v16=0.0000 v17=0.0000 v18=0.0000 acc=1.0000 lr=1.60e-04 lambda=0.000 grl_lambda=0.000 v18_lambda=0.000 gpu=3.0/11.8GB
[21:07:57] [train] ep=50 step=030/40 ce=0.2571 sc=0.7874 mi=0.0238 dn=0.0000 v13=0.0000 grl=0.0000 v15=0.0000 v15r=0.0000 v16=0.0000 v17=0.0000 v18=0.0000 acc=1.0000 lr=1.59e-04 lambda=0.000 grl_lambda=0.000 v18_lambda=0.000 gpu=3.0/11.8GB
[21:08:03] [train] ep=50 step=040/40 ce=0.2570 sc=0.7895 mi=0.0243 dn=0.0000 v13=0.0000 grl=0.0000 v15=0.0000 v15r=0.0000 v16=0.0000 v17=0.0000 v18=0.0000 acc=1.0000 lr=1.57e-04 lambda=0.000 grl_lambda=0.000 v18_lambda=0.000 gpu=3.0/11.8GB
[21:08:13] [pool] check ep=050/100 source_val_acc_ema=0.9321 threshold=0.90
[21:08:18] [pool] ep=050 ADDED src_val=0.9321/0.9324 dev77=0.2143/0.1080 final77=0.2050/0.0992
[21:08:18] [pool] running best ep=050 dev77_f1=0.1080 final77_f1=0.0992 (pool_size=2)
[21:08:18] [ep_summary] ep=50/100 val_live=0.9383/0.9383 val_ema=0.9321/0.9324 test77_live=0.1475/0.0432 test77_diag_ema=0.2050/0.0992 v13=0.0000 grl=0.0000 v15=0.0000 v15r=0.0000 v16=0.0000 v17=0.0000 v18=0.0000 das=off[0,0] p=0.00 ep_time=38.2s
[21:08:18] [strict77_monitor] ep=50 best_source_epoch=47 source_val_ema=0.9321/0.9324 test77_ema_diag=0.2158/0.0994 sourcequalified_count=12 best_sourcequalified77_epoch=43 source_val_ema=0.9259/0.9270 test77_ema=0.2446/0.1097
[21:08:18] [train] epoch 51/100 steps=40 use_dann=0 das=off f=[0.0,0.0] p=0.00 gpu=3.0/11.8GB
[21:08:18] [train] ep=51 step=001/40 ce=0.2560 sc=0.6301 mi=0.0305 dn=0.0000 v13=0.0000 grl=0.0000 v15=0.0000 v15r=0.0000 v16=0.0000 v17=0.0000 v18=0.0000 acc=1.0000 lr=1.57e-04 lambda=0.000 grl_lambda=0.000 v18_lambda=0.000 gpu=3.0/11.8GB
[21:08:24] [train] ep=51 step=010/40 ce=0.2568 sc=0.8203 mi=0.0252 dn=0.0000 v13=0.0000 grl=0.0000 v15=0.0000 v15r=0.0000 v16=0.0000 v17=0.0000 v18=0.0000 acc=1.0000 lr=1.56e-04 lambda=0.000 grl_lambda=0.000 v18_lambda=0.000 gpu=3.0/11.8GB
[21:08:29] [train] ep=51 step=020/40 ce=0.2567 sc=0.7843 mi=0.0251 dn=0.0000 v13=0.0000 grl=0.0000 v15=0.0000 v15r=0.0000 v16=0.0000 v17=0.0000 v18=0.0000 acc=1.0000 lr=1.55e-04 lambda=0.000 grl_lambda=0.000 v18_lambda=0.000 gpu=3.0/11.8GB
[21:08:35] [train] ep=51 step=030/40 ce=0.2567 sc=0.7764 mi=0.0246 dn=0.0000 v13=0.0000 grl=0.0000 v15=0.0000 v15r=0.0000 v16=0.0000 v17=0.0000 v18=0.0000 acc=1.0000 lr=1.54e-04 lambda=0.000 grl_lambda=0.000 v18_lambda=0.000 gpu=3.0/11.8GB
[21:08:41] [train] ep=51 step=040/40 ce=0.2568 sc=0.7434 mi=0.0249 dn=0.0000 v13=0.0000 grl=0.0000 v15=0.0000 v15r=0.0000 v16=0.0000 v17=0.0000 v18=0.0000 acc=1.0000 lr=1.53e-04 lambda=0.000 grl_lambda=0.000 v18_lambda=0.000 gpu=3.0/11.8GB
[21:08:51] [ep_summary] ep=51/100 val_live=0.9383/0.9383 val_ema=0.9383/0.9387 test77_live=0.1475/0.0432 test77_diag_ema=0.2014/0.0973 v13=0.0000 grl=0.0000 v15=0.0000 v15r=0.0000 v16=0.0000 v17=0.0000 v18=0.0000 das=off[0,0] p=0.00 ep_time=33.3s
[21:08:51] [save] best_sourceval_ema val_acc_ema=0.9383 source_val_live=0.9383/0.9383 source_val_ema=0.9383/0.9387 ep=51
[21:08:51] [train] epoch 52/100 steps=40 use_dann=0 das=off f=[0.0,0.0] p=0.00 gpu=3.0/11.8GB
[21:08:52] [train] ep=52 step=001/40 ce=0.2559 sc=0.5649 mi=0.0233 dn=0.0000 v13=0.0000 grl=0.0000 v15=0.0000 v15r=0.0000 v16=0.0000 v17=0.0000 v18=0.0000 acc=1.0000 lr=1.52e-04 lambda=0.000 grl_lambda=0.000 v18_lambda=0.000 gpu=3.0/11.8GB
[21:08:57] [train] ep=52 step=010/40 ce=0.2567 sc=0.7821 mi=0.0246 dn=0.0000 v13=0.0000 grl=0.0000 v15=0.0000 v15r=0.0000 v16=0.0000 v17=0.0000 v18=0.0000 acc=1.0000 lr=1.51e-04 lambda=0.000 grl_lambda=0.000 v18_lambda=0.000 gpu=3.0/11.8GB
[21:09:03] [train] ep=52 step=020/40 ce=0.2567 sc=0.7811 mi=0.0252 dn=0.0000 v13=0.0000 grl=0.0000 v15=0.0000 v15r=0.0000 v16=0.0000 v17=0.0000 v18=0.0000 acc=1.0000 lr=1.50e-04 lambda=0.000 grl_lambda=0.000 v18_lambda=0.000 gpu=3.0/11.8GB
[21:09:09] [train] ep=52 step=030/40 ce=0.2568 sc=0.7515 mi=0.0248 dn=0.0000 v13=0.0000 grl=0.0000 v15=0.0000 v15r=0.0000 v16=0.0000 v17=0.0000 v18=0.0000 acc=1.0000 lr=1.49e-04 lambda=0.000 grl_lambda=0.000 v18_lambda=0.000 gpu=3.0/11.8GB
[21:09:14] [train] ep=52 step=040/40 ce=0.2568 sc=0.7657 mi=0.0248 dn=0.0000 v13=0.0000 grl=0.0000 v15=0.0000 v15r=0.0000 v16=0.0000 v17=0.0000 v18=0.0000 acc=1.0000 lr=1.48e-04 lambda=0.000 grl_lambda=0.000 v18_lambda=0.000 gpu=3.0/11.8GB
[21:09:25] [ep_summary] ep=52/100 val_live=0.9444/0.9441 val_ema=0.9383/0.9387 test77_live=0.1475/0.0432 test77_diag_ema=0.2014/0.0996 v13=0.0000 grl=0.0000 v15=0.0000 v15r=0.0000 v16=0.0000 v17=0.0000 v18=0.0000 das=off[0,0] p=0.00 ep_time=33.3s
[21:09:25] [train] epoch 53/100 steps=40 use_dann=0 das=off f=[0.0,0.0] p=0.00 gpu=3.0/11.8GB
[21:09:25] [train] ep=53 step=001/40 ce=0.2563 sc=1.1204 mi=0.0225 dn=0.0000 v13=0.0000 grl=0.0000 v15=0.0000 v15r=0.0000 v16=0.0000 v17=0.0000 v18=0.0000 acc=1.0000 lr=1.48e-04 lambda=0.000 grl_lambda=0.000 v18_lambda=0.000 gpu=3.0/11.8GB
[21:09:30] [train] ep=53 step=010/40 ce=0.2568 sc=0.8514 mi=0.0229 dn=0.0000 v13=0.0000 grl=0.0000 v15=0.0000 v15r=0.0000 v16=0.0000 v17=0.0000 v18=0.0000 acc=1.0000 lr=1.46e-04 lambda=0.000 grl_lambda=0.000 v18_lambda=0.000 gpu=3.0/11.8GB
[21:09:36] [train] ep=53 step=020/40 ce=0.2568 sc=0.8268 mi=0.0245 dn=0.0000 v13=0.0000 grl=0.0000 v15=0.0000 v15r=0.0000 v16=0.0000 v17=0.0000 v18=0.0000 acc=1.0000 lr=1.45e-04 lambda=0.000 grl_lambda=0.000 v18_lambda=0.000 gpu=3.0/11.8GB
[21:09:42] [train] ep=53 step=030/40 ce=0.2567 sc=0.8436 mi=0.0244 dn=0.0000 v13=0.0000 grl=0.0000 v15=0.0000 v15r=0.0000 v16=0.0000 v17=0.0000 v18=0.0000 acc=1.0000 lr=1.44e-04 lambda=0.000 grl_lambda=0.000 v18_lambda=0.000 gpu=3.0/11.8GB
[21:09:48] [train] ep=53 step=040/40 ce=0.2566 sc=0.8428 mi=0.0246 dn=0.0000 v13=0.0000 grl=0.0000 v15=0.0000 v15r=0.0000 v16=0.0000 v17=0.0000 v18=0.0000 acc=1.0000 lr=1.43e-04 lambda=0.000 grl_lambda=0.000 v18_lambda=0.000 gpu=3.0/11.8GB
[21:09:58] [ep_summary] ep=53/100 val_live=0.9383/0.9383 val_ema=0.9444/0.9455 test77_live=0.1439/0.0359 test77_diag_ema=0.1942/0.0950 v13=0.0000 grl=0.0000 v15=0.0000 v15r=0.0000 v16=0.0000 v17=0.0000 v18=0.0000 das=off[0,0] p=0.00 ep_time=33.3s
[21:09:58] [save] best_sourceval_ema val_acc_ema=0.9444 source_val_live=0.9383/0.9383 source_val_ema=0.9444/0.9455 ep=53
[21:09:58] [train] epoch 54/100 steps=40 use_dann=0 das=off f=[0.0,0.0] p=0.00 gpu=3.0/11.8GB
[21:09:59] [train] ep=54 step=001/40 ce=0.2573 sc=0.4186 mi=0.0293 dn=0.0000 v13=0.0000 grl=0.0000 v15=0.0000 v15r=0.0000 v16=0.0000 v17=0.0000 v18=0.0000 acc=1.0000 lr=1.43e-04 lambda=0.000 grl_lambda=0.000 v18_lambda=0.000 gpu=3.0/11.8GB
[21:10:04] [train] ep=54 step=010/40 ce=0.2568 sc=0.7467 mi=0.0247 dn=0.0000 v13=0.0000 grl=0.0000 v15=0.0000 v15r=0.0000 v16=0.0000 v17=0.0000 v18=0.0000 acc=1.0000 lr=1.42e-04 lambda=0.000 grl_lambda=0.000 v18_lambda=0.000 gpu=3.0/11.8GB
[21:10:10] [train] ep=54 step=020/40 ce=0.2569 sc=0.7377 mi=0.0244 dn=0.0000 v13=0.0000 grl=0.0000 v15=0.0000 v15r=0.0000 v16=0.0000 v17=0.0000 v18=0.0000 acc=1.0000 lr=1.40e-04 lambda=0.000 grl_lambda=0.000 v18_lambda=0.000 gpu=3.0/11.8GB
[21:10:15] [train] ep=54 step=030/40 ce=0.2568 sc=0.7651 mi=0.0248 dn=0.0000 v13=0.0000 grl=0.0000 v15=0.0000 v15r=0.0000 v16=0.0000 v17=0.0000 v18=0.0000 acc=1.0000 lr=1.39e-04 lambda=0.000 grl_lambda=0.000 v18_lambda=0.000 gpu=3.0/11.8GB
[21:10:21] [train] ep=54 step=040/40 ce=0.2569 sc=0.7702 mi=0.0250 dn=0.0000 v13=0.0000 grl=0.0000 v15=0.0000 v15r=0.0000 v16=0.0000 v17=0.0000 v18=0.0000 acc=1.0000 lr=1.38e-04 lambda=0.000 grl_lambda=0.000 v18_lambda=0.000 gpu=3.0/11.8GB
[21:10:31] [ep_summary] ep=54/100 val_live=0.9444/0.9441 val_ema=0.9444/0.9455 test77_live=0.1439/0.0359 test77_diag_ema=0.1871/0.0900 v13=0.0000 grl=0.0000 v15=0.0000 v15r=0.0000 v16=0.0000 v17=0.0000 v18=0.0000 das=off[0,0] p=0.00 ep_time=33.3s
[21:10:31] [train] epoch 55/100 steps=40 use_dann=0 das=off f=[0.0,0.0] p=0.00 gpu=3.0/11.8GB
[21:10:32] [train] ep=55 step=001/40 ce=0.2570 sc=0.5250 mi=0.0238 dn=0.0000 v13=0.0000 grl=0.0000 v15=0.0000 v15r=0.0000 v16=0.0000 v17=0.0000 v18=0.0000 acc=1.0000 lr=1.38e-04 lambda=0.000 grl_lambda=0.000 v18_lambda=0.000 gpu=3.0/11.8GB
[21:10:37] [train] ep=55 step=010/40 ce=0.2565 sc=0.7508 mi=0.0224 dn=0.0000 v13=0.0000 grl=0.0000 v15=0.0000 v15r=0.0000 v16=0.0000 v17=0.0000 v18=0.0000 acc=1.0000 lr=1.37e-04 lambda=0.000 grl_lambda=0.000 v18_lambda=0.000 gpu=3.0/11.8GB
[21:10:43] [train] ep=55 step=020/40 ce=0.2564 sc=0.6905 mi=0.0238 dn=0.0000 v13=0.0000 grl=0.0000 v15=0.0000 v15r=0.0000 v16=0.0000 v17=0.0000 v18=0.0000 acc=1.0000 lr=1.36e-04 lambda=0.000 grl_lambda=0.000 v18_lambda=0.000 gpu=3.0/11.8GB
[21:10:49] [train] ep=55 step=030/40 ce=0.2564 sc=0.7358 mi=0.0242 dn=0.0000 v13=0.0000 grl=0.0000 v15=0.0000 v15r=0.0000 v16=0.0000 v17=0.0000 v18=0.0000 acc=1.0000 lr=1.34e-04 lambda=0.000 grl_lambda=0.000 v18_lambda=0.000 gpu=3.0/11.8GB
[21:10:54] [train] ep=55 step=040/40 ce=0.2564 sc=0.7583 mi=0.0242 dn=0.0000 v13=0.0000 grl=0.0000 v15=0.0000 v15r=0.0000 v16=0.0000 v17=0.0000 v18=0.0000 acc=1.0000 lr=1.33e-04 lambda=0.000 grl_lambda=0.000 v18_lambda=0.000 gpu=3.0/11.8GB
[21:11:46] [ep_summary] ep=55/100 val_live=0.9444/0.9441 val_ema=0.9444/0.9455 test77_live=0.1439/0.0359 test77_diag_ema=0.1871/0.0900 v13=0.0000 grl=0.0000 v15=0.0000 v15r=0.0000 v16=0.0000 v17=0.0000 v18=0.0000 das=off[0,0] p=0.00 ep_time=74.8s
[21:11:46] [train] epoch 56/100 steps=40 use_dann=0 das=off f=[0.0,0.0] p=0.00 gpu=3.0/11.8GB
[21:11:47] [train] ep=56 step=001/40 ce=0.2573 sc=0.8143 mi=0.0274 dn=0.0000 v13=0.0000 grl=0.0000 v15=0.0000 v15r=0.0000 v16=0.0000 v17=0.0000 v18=0.0000 acc=1.0000 lr=1.33e-04 lambda=0.000 grl_lambda=0.000 v18_lambda=0.000 gpu=3.0/11.8GB
[21:11:52] [train] ep=56 step=010/40 ce=0.2567 sc=0.6650 mi=0.0238 dn=0.0000 v13=0.0000 grl=0.0000 v15=0.0000 v15r=0.0000 v16=0.0000 v17=0.0000 v18=0.0000 acc=1.0000 lr=1.32e-04 lambda=0.000 grl_lambda=0.000 v18_lambda=0.000 gpu=3.0/11.8GB
[21:11:58] [train] ep=56 step=020/40 ce=0.2565 sc=0.6739 mi=0.0240 dn=0.0000 v13=0.0000 grl=0.0000 v15=0.0000 v15r=0.0000 v16=0.0000 v17=0.0000 v18=0.0000 acc=1.0000 lr=1.31e-04 lambda=0.000 grl_lambda=0.000 v18_lambda=0.000 gpu=3.0/11.8GB
[21:12:04] [train] ep=56 step=030/40 ce=0.2565 sc=0.7245 mi=0.0241 dn=0.0000 v13=0.0000 grl=0.0000 v15=0.0000 v15r=0.0000 v16=0.0000 v17=0.0000 v18=0.0000 acc=1.0000 lr=1.30e-04 lambda=0.000 grl_lambda=0.000 v18_lambda=0.000 gpu=3.0/11.8GB
[21:12:09] [train] ep=56 step=040/40 ce=0.2565 sc=0.7174 mi=0.0243 dn=0.0000 v13=0.0000 grl=0.0000 v15=0.0000 v15r=0.0000 v16=0.0000 v17=0.0000 v18=0.0000 acc=1.0000 lr=1.28e-04 lambda=0.000 grl_lambda=0.000 v18_lambda=0.000 gpu=3.0/11.8GB
[21:12:37] [ep_summary] ep=56/100 val_live=0.9444/0.9441 val_ema=0.9444/0.9455 test77_live=0.1439/0.0359 test77_diag_ema=0.1727/0.0752 v13=0.0000 grl=0.0000 v15=0.0000 v15r=0.0000 v16=0.0000 v17=0.0000 v18=0.0000 das=off[0,0] p=0.00 ep_time=51.0s
[21:12:37] [train] epoch 57/100 steps=40 use_dann=0 das=off f=[0.0,0.0] p=0.00 gpu=3.0/11.8GB
[21:12:38] [train] ep=57 step=001/40 ce=0.2569 sc=0.4348 mi=0.0217 dn=0.0000 v13=0.0000 grl=0.0000 v15=0.0000 v15r=0.0000 v16=0.0000 v17=0.0000 v18=0.0000 acc=1.0000 lr=1.28e-04 lambda=0.000 grl_lambda=0.000 v18_lambda=0.000 gpu=3.0/11.8GB
[21:12:43] [train] ep=57 step=010/40 ce=0.2566 sc=0.7982 mi=0.0230 dn=0.0000 v13=0.0000 grl=0.0000 v15=0.0000 v15r=0.0000 v16=0.0000 v17=0.0000 v18=0.0000 acc=1.0000 lr=1.27e-04 lambda=0.000 grl_lambda=0.000 v18_lambda=0.000 gpu=3.0/11.8GB
[21:12:49] [train] ep=57 step=020/40 ce=0.2566 sc=0.7816 mi=0.0235 dn=0.0000 v13=0.0000 grl=0.0000 v15=0.0000 v15r=0.0000 v16=0.0000 v17=0.0000 v18=0.0000 acc=1.0000 lr=1.26e-04 lambda=0.000 grl_lambda=0.000 v18_lambda=0.000 gpu=3.0/11.8GB
[21:12:55] [train] ep=57 step=030/40 ce=0.2565 sc=0.7642 mi=0.0237 dn=0.0000 v13=0.0000 grl=0.0000 v15=0.0000 v15r=0.0000 v16=0.0000 v17=0.0000 v18=0.0000 acc=1.0000 lr=1.25e-04 lambda=0.000 grl_lambda=0.000 v18_lambda=0.000 gpu=3.0/11.8GB
[21:13:01] [train] ep=57 step=040/40 ce=0.2566 sc=0.7572 mi=0.0238 dn=0.0000 v13=0.0000 grl=0.0000 v15=0.0000 v15r=0.0000 v16=0.0000 v17=0.0000 v18=0.0000 acc=1.0000 lr=1.24e-04 lambda=0.000 grl_lambda=0.000 v18_lambda=0.000 gpu=3.0/11.8GB
[21:13:11] [ep_summary] ep=57/100 val_live=0.9444/0.9441 val_ema=0.9444/0.9455 test77_live=0.1475/0.0432 test77_diag_ema=0.1691/0.0722 v13=0.0000 grl=0.0000 v15=0.0000 v15r=0.0000 v16=0.0000 v17=0.0000 v18=0.0000 das=off[0,0] p=0.00 ep_time=33.5s
[21:13:11] [train] epoch 58/100 steps=40 use_dann=0 das=off f=[0.0,0.0] p=0.00 gpu=3.0/11.8GB
[21:13:11] [train] ep=58 step=001/40 ce=0.2566 sc=0.7852 mi=0.0274 dn=0.0000 v13=0.0000 grl=0.0000 v15=0.0000 v15r=0.0000 v16=0.0000 v17=0.0000 v18=0.0000 acc=1.0000 lr=1.23e-04 lambda=0.000 grl_lambda=0.000 v18_lambda=0.000 gpu=3.0/11.8GB
[21:13:16] [train] ep=58 step=010/40 ce=0.2566 sc=0.7139 mi=0.0227 dn=0.0000 v13=0.0000 grl=0.0000 v15=0.0000 v15r=0.0000 v16=0.0000 v17=0.0000 v18=0.0000 acc=1.0000 lr=1.22e-04 lambda=0.000 grl_lambda=0.000 v18_lambda=0.000 gpu=3.0/11.8GB
[21:13:22] [train] ep=58 step=020/40 ce=0.2565 sc=0.7384 mi=0.0232 dn=0.0000 v13=0.0000 grl=0.0000 v15=0.0000 v15r=0.0000 v16=0.0000 v17=0.0000 v18=0.0000 acc=1.0000 lr=1.21e-04 lambda=0.000 grl_lambda=0.000 v18_lambda=0.000 gpu=3.0/11.8GB
[21:13:28] [train] ep=58 step=030/40 ce=0.2565 sc=0.7304 mi=0.0231 dn=0.0000 v13=0.0000 grl=0.0000 v15=0.0000 v15r=0.0000 v16=0.0000 v17=0.0000 v18=0.0000 acc=1.0000 lr=1.20e-04 lambda=0.000 grl_lambda=0.000 v18_lambda=0.000 gpu=3.0/11.8GB
[21:13:34] [train] ep=58 step=040/40 ce=0.2564 sc=0.7429 mi=0.0232 dn=0.0000 v13=0.0000 grl=0.0000 v15=0.0000 v15r=0.0000 v16=0.0000 v17=0.0000 v18=0.0000 acc=1.0000 lr=1.19e-04 lambda=0.000 grl_lambda=0.000 v18_lambda=0.000 gpu=3.0/11.8GB
[21:13:44] [ep_summary] ep=58/100 val_live=0.9444/0.9441 val_ema=0.9506/0.9513 test77_live=0.1475/0.0432 test77_diag_ema=0.1691/0.0727 v13=0.0000 grl=0.0000 v15=0.0000 v15r=0.0000 v16=0.0000 v17=0.0000 v18=0.0000 das=off[0,0] p=0.00 ep_time=33.1s
[21:13:44] [save] best_sourceval_ema val_acc_ema=0.9506 source_val_live=0.9444/0.9441 source_val_ema=0.9506/0.9513 ep=58
[21:13:44] [train] epoch 59/100 steps=40 use_dann=0 das=off f=[0.0,0.0] p=0.00 gpu=3.0/11.8GB
[21:13:45] [train] ep=59 step=001/40 ce=0.2575 sc=1.3617 mi=0.0233 dn=0.0000 v13=0.0000 grl=0.0000 v15=0.0000 v15r=0.0000 v16=0.0000 v17=0.0000 v18=0.0000 acc=1.0000 lr=1.19e-04 lambda=0.000 grl_lambda=0.000 v18_lambda=0.000 gpu=3.0/11.8GB
[21:13:50] [train] ep=59 step=010/40 ce=0.2563 sc=0.7590 mi=0.0224 dn=0.0000 v13=0.0000 grl=0.0000 v15=0.0000 v15r=0.0000 v16=0.0000 v17=0.0000 v18=0.0000 acc=1.0000 lr=1.18e-04 lambda=0.000 grl_lambda=0.000 v18_lambda=0.000 gpu=3.0/11.8GB
[21:13:55] [train] ep=59 step=020/40 ce=0.2565 sc=0.7568 mi=0.0229 dn=0.0000 v13=0.0000 grl=0.0000 v15=0.0000 v15r=0.0000 v16=0.0000 v17=0.0000 v18=0.0000 acc=1.0000 lr=1.16e-04 lambda=0.000 grl_lambda=0.000 v18_lambda=0.000 gpu=3.0/11.8GB
[21:14:01] [train] ep=59 step=030/40 ce=0.2564 sc=0.7393 mi=0.0233 dn=0.0000 v13=0.0000 grl=0.0000 v15=0.0000 v15r=0.0000 v16=0.0000 v17=0.0000 v18=0.0000 acc=1.0000 lr=1.15e-04 lambda=0.000 grl_lambda=0.000 v18_lambda=0.000 gpu=3.0/11.8GB
[21:14:07] [train] ep=59 step=040/40 ce=0.2564 sc=0.7476 mi=0.0236 dn=0.0000 v13=0.0000 grl=0.0000 v15=0.0000 v15r=0.0000 v16=0.0000 v17=0.0000 v18=0.0000 acc=1.0000 lr=1.14e-04 lambda=0.000 grl_lambda=0.000 v18_lambda=0.000 gpu=3.0/11.8GB
[21:14:17] [ep_summary] ep=59/100 val_live=0.9383/0.9383 val_ema=0.9444/0.9453 test77_live=0.1439/0.0359 test77_diag_ema=0.1691/0.0732 v13=0.0000 grl=0.0000 v15=0.0000 v15r=0.0000 v16=0.0000 v17=0.0000 v18=0.0000 das=off[0,0] p=0.00 ep_time=33.1s
[21:14:17] [train] epoch 60/100 steps=40 use_dann=0 das=off f=[0.0,0.0] p=0.00 gpu=3.0/11.8GB
[21:14:18] [train] ep=60 step=001/40 ce=0.2559 sc=0.6130 mi=0.0268 dn=0.0000 v13=0.0000 grl=0.0000 v15=0.0000 v15r=0.0000 v16=0.0000 v17=0.0000 v18=0.0000 acc=1.0000 lr=1.14e-04 lambda=0.000 grl_lambda=0.000 v18_lambda=0.000 gpu=3.0/11.8GB
[21:14:23] [train] ep=60 step=010/40 ce=0.2565 sc=0.7791 mi=0.0254 dn=0.0000 v13=0.0000 grl=0.0000 v15=0.0000 v15r=0.0000 v16=0.0000 v17=0.0000 v18=0.0000 acc=1.0000 lr=1.13e-04 lambda=0.000 grl_lambda=0.000 v18_lambda=0.000 gpu=3.0/11.8GB
[21:14:29] [train] ep=60 step=020/40 ce=0.2565 sc=0.7542 mi=0.0251 dn=0.0000 v13=0.0000 grl=0.0000 v15=0.0000 v15r=0.0000 v16=0.0000 v17=0.0000 v18=0.0000 acc=1.0000 lr=1.12e-04 lambda=0.000 grl_lambda=0.000 v18_lambda=0.000 gpu=3.0/11.8GB
[21:14:34] [train] ep=60 step=030/40 ce=0.2564 sc=0.7591 mi=0.0251 dn=0.0000 v13=0.0000 grl=0.0000 v15=0.0000 v15r=0.0000 v16=0.0000 v17=0.0000 v18=0.0000 acc=1.0000 lr=1.11e-04 lambda=0.000 grl_lambda=0.000 v18_lambda=0.000 gpu=3.0/11.8GB
[21:14:40] [train] ep=60 step=040/40 ce=0.2563 sc=0.7541 mi=0.0246 dn=0.0000 v13=0.0000 grl=0.0000 v15=0.0000 v15r=0.0000 v16=0.0000 v17=0.0000 v18=0.0000 acc=1.0000 lr=1.09e-04 lambda=0.000 grl_lambda=0.000 v18_lambda=0.000 gpu=3.0/11.8GB
[21:14:50] [pool] check ep=060/100 source_val_acc_ema=0.9444 threshold=0.90
[21:14:55] [pool] ep=060 ADDED src_val=0.9444/0.9453 dev77=0.1571/0.0643 final77=0.1655/0.0690
[21:14:55] [pool] running best ep=050 dev77_f1=0.1080 final77_f1=0.0992 (pool_size=3)
[21:14:55] [ep_summary] ep=60/100 val_live=0.9383/0.9383 val_ema=0.9444/0.9453 test77_live=0.1475/0.0432 test77_diag_ema=0.1655/0.0690 v13=0.0000 grl=0.0000 v15=0.0000 v15r=0.0000 v16=0.0000 v17=0.0000 v18=0.0000 das=off[0,0] p=0.00 ep_time=37.8s
[21:14:55] [strict77_monitor] ep=60 best_source_epoch=58 source_val_ema=0.9506/0.9513 test77_ema_diag=0.1691/0.0727 sourcequalified_count=22 best_sourcequalified77_epoch=43 source_val_ema=0.9259/0.9270 test77_ema=0.2446/0.1097
[21:14:55] [train] epoch 61/100 steps=40 use_dann=0 das=off f=[0.0,0.0] p=0.00 gpu=3.0/11.8GB
[21:14:55] [train] ep=61 step=001/40 ce=0.2568 sc=0.8110 mi=0.0224 dn=0.0000 v13=0.0000 grl=0.0000 v15=0.0000 v15r=0.0000 v16=0.0000 v17=0.0000 v18=0.0000 acc=1.0000 lr=1.09e-04 lambda=0.000 grl_lambda=0.000 v18_lambda=0.000 gpu=3.0/11.8GB
[21:15:01] [train] ep=61 step=010/40 ce=0.2563 sc=0.7063 mi=0.0231 dn=0.0000 v13=0.0000 grl=0.0000 v15=0.0000 v15r=0.0000 v16=0.0000 v17=0.0000 v18=0.0000 acc=1.0000 lr=1.08e-04 lambda=0.000 grl_lambda=0.000 v18_lambda=0.000 gpu=3.0/11.8GB
[21:15:06] [train] ep=61 step=020/40 ce=0.2563 sc=0.7935 mi=0.0230 dn=0.0000 v13=0.0000 grl=0.0000 v15=0.0000 v15r=0.0000 v16=0.0000 v17=0.0000 v18=0.0000 acc=1.0000 lr=1.07e-04 lambda=0.000 grl_lambda=0.000 v18_lambda=0.000 gpu=3.0/11.8GB
[21:15:12] [train] ep=61 step=030/40 ce=0.2564 sc=0.7403 mi=0.0234 dn=0.0000 v13=0.0000 grl=0.0000 v15=0.0000 v15r=0.0000 v16=0.0000 v17=0.0000 v18=0.0000 acc=1.0000 lr=1.06e-04 lambda=0.000 grl_lambda=0.000 v18_lambda=0.000 gpu=3.0/11.8GB
[21:15:18] [train] ep=61 step=040/40 ce=0.2564 sc=0.7423 mi=0.0237 dn=0.0000 v13=0.0000 grl=0.0000 v15=0.0000 v15r=0.0000 v16=0.0000 v17=0.0000 v18=0.0000 acc=1.0000 lr=1.05e-04 lambda=0.000 grl_lambda=0.000 v18_lambda=0.000 gpu=3.0/11.8GB
[21:15:28] [ep_summary] ep=61/100 val_live=0.9444/0.9441 val_ema=0.9444/0.9453 test77_live=0.1475/0.0432 test77_diag_ema=0.1655/0.0690 v13=0.0000 grl=0.0000 v15=0.0000 v15r=0.0000 v16=0.0000 v17=0.0000 v18=0.0000 das=off[0,0] p=0.00 ep_time=33.1s
[21:15:28] [train] epoch 62/100 steps=40 use_dann=0 das=off f=[0.0,0.0] p=0.00 gpu=3.0/11.8GB
[21:15:29] [train] ep=62 step=001/40 ce=0.2557 sc=0.7268 mi=0.0241 dn=0.0000 v13=0.0000 grl=0.0000 v15=0.0000 v15r=0.0000 v16=0.0000 v17=0.0000 v18=0.0000 acc=1.0000 lr=1.05e-04 lambda=0.000 grl_lambda=0.000 v18_lambda=0.000 gpu=3.0/11.8GB
[21:15:34] [train] ep=62 step=010/40 ce=0.2562 sc=0.8438 mi=0.0230 dn=0.0000 v13=0.0000 grl=0.0000 v15=0.0000 v15r=0.0000 v16=0.0000 v17=0.0000 v18=0.0000 acc=1.0000 lr=1.04e-04 lambda=0.000 grl_lambda=0.000 v18_lambda=0.000 gpu=3.0/11.8GB
[21:15:39] [train] ep=62 step=020/40 ce=0.2563 sc=0.7339 mi=0.0234 dn=0.0000 v13=0.0000 grl=0.0000 v15=0.0000 v15r=0.0000 v16=0.0000 v17=0.0000 v18=0.0000 acc=1.0000 lr=1.02e-04 lambda=0.000 grl_lambda=0.000 v18_lambda=0.000 gpu=3.0/11.8GB
[21:15:45] [train] ep=62 step=030/40 ce=0.2563 sc=0.7027 mi=0.0240 dn=0.0000 v13=0.0000 grl=0.0000 v15=0.0000 v15r=0.0000 v16=0.0000 v17=0.0000 v18=0.0000 acc=1.0000 lr=1.01e-04 lambda=0.000 grl_lambda=0.000 v18_lambda=0.000 gpu=3.0/11.8GB
[21:15:51] [train] ep=62 step=040/40 ce=0.2562 sc=0.7271 mi=0.0242 dn=0.0000 v13=0.0000 grl=0.0000 v15=0.0000 v15r=0.0000 v16=0.0000 v17=0.0000 v18=0.0000 acc=1.0000 lr=1.00e-04 lambda=0.000 grl_lambda=0.000 v18_lambda=0.000 gpu=3.0/11.8GB
[21:16:01] [ep_summary] ep=62/100 val_live=0.9383/0.9383 val_ema=0.9444/0.9453 test77_live=0.1475/0.0432 test77_diag_ema=0.1655/0.0690 v13=0.0000 grl=0.0000 v15=0.0000 v15r=0.0000 v16=0.0000 v17=0.0000 v18=0.0000 das=off[0,0] p=0.00 ep_time=33.1s
[21:16:01] [train] epoch 63/100 steps=40 use_dann=0 das=off f=[0.0,0.0] p=0.00 gpu=3.0/11.8GB
[21:16:02] [train] ep=63 step=001/40 ce=0.2567 sc=0.7414 mi=0.0246 dn=0.0000 v13=0.0000 grl=0.0000 v15=0.0000 v15r=0.0000 v16=0.0000 v17=0.0000 v18=0.0000 acc=1.0000 lr=1.00e-04 lambda=0.000 grl_lambda=0.000 v18_lambda=0.000 gpu=3.0/11.8GB
[21:16:07] [train] ep=63 step=010/40 ce=0.2562 sc=0.6374 mi=0.0236 dn=0.0000 v13=0.0000 grl=0.0000 v15=0.0000 v15r=0.0000 v16=0.0000 v17=0.0000 v18=0.0000 acc=1.0000 lr=9.89e-05 lambda=0.000 grl_lambda=0.000 v18_lambda=0.000 gpu=3.0/11.8GB
[21:16:13] [train] ep=63 step=020/40 ce=0.2563 sc=0.6858 mi=0.0242 dn=0.0000 v13=0.0000 grl=0.0000 v15=0.0000 v15r=0.0000 v16=0.0000 v17=0.0000 v18=0.0000 acc=1.0000 lr=9.78e-05 lambda=0.000 grl_lambda=0.000 v18_lambda=0.000 gpu=3.0/11.8GB
[21:16:20] [train] ep=63 step=030/40 ce=0.2563 sc=0.6588 mi=0.0241 dn=0.0000 v13=0.0000 grl=0.0000 v15=0.0000 v15r=0.0000 v16=0.0000 v17=0.0000 v18=0.0000 acc=1.0000 lr=9.67e-05 lambda=0.000 grl_lambda=0.000 v18_lambda=0.000 gpu=3.0/11.8GB
[21:16:25] [train] ep=63 step=040/40 ce=0.2562 sc=0.6855 mi=0.0242 dn=0.0000 v13=0.0000 grl=0.0000 v15=0.0000 v15r=0.0000 v16=0.0000 v17=0.0000 v18=0.0000 acc=1.0000 lr=9.55e-05 lambda=0.000 grl_lambda=0.000 v18_lambda=0.000 gpu=3.0/11.8GB
[21:16:35] [ep_summary] ep=63/100 val_live=0.9444/0.9441 val_ema=0.9444/0.9453 test77_live=0.1475/0.0432 test77_diag_ema=0.1655/0.0695 v13=0.0000 grl=0.0000 v15=0.0000 v15r=0.0000 v16=0.0000 v17=0.0000 v18=0.0000 das=off[0,0] p=0.00 ep_time=34.4s
[21:16:35] [train] epoch 64/100 steps=40 use_dann=0 das=off f=[0.0,0.0] p=0.00 gpu=3.0/11.8GB
[21:16:36] [train] ep=64 step=001/40 ce=0.2559 sc=0.7404 mi=0.0261 dn=0.0000 v13=0.0000 grl=0.0000 v15=0.0000 v15r=0.0000 v16=0.0000 v17=0.0000 v18=0.0000 acc=1.0000 lr=9.54e-05 lambda=0.000 grl_lambda=0.000 v18_lambda=0.000 gpu=3.0/11.8GB
[21:16:41] [train] ep=64 step=010/40 ce=0.2561 sc=0.7882 mi=0.0247 dn=0.0000 v13=0.0000 grl=0.0000 v15=0.0000 v15r=0.0000 v16=0.0000 v17=0.0000 v18=0.0000 acc=1.0000 lr=9.44e-05 lambda=0.000 grl_lambda=0.000 v18_lambda=0.000 gpu=3.0/11.8GB
[21:16:47] [train] ep=64 step=020/40 ce=0.2562 sc=0.8405 mi=0.0239 dn=0.0000 v13=0.0000 grl=0.0000 v15=0.0000 v15r=0.0000 v16=0.0000 v17=0.0000 v18=0.0000 acc=1.0000 lr=9.33e-05 lambda=0.000 grl_lambda=0.000 v18_lambda=0.000 gpu=3.0/11.8GB
[21:16:53] [train] ep=64 step=030/40 ce=0.2563 sc=0.8382 mi=0.0238 dn=0.0000 v13=0.0000 grl=0.0000 v15=0.0000 v15r=0.0000 v16=0.0000 v17=0.0000 v18=0.0000 acc=1.0000 lr=9.21e-05 lambda=0.000 grl_lambda=0.000 v18_lambda=0.000 gpu=3.0/11.8GB
[21:16:58] [train] ep=64 step=040/40 ce=0.2563 sc=0.8050 mi=0.0233 dn=0.0000 v13=0.0000 grl=0.0000 v15=0.0000 v15r=0.0000 v16=0.0000 v17=0.0000 v18=0.0000 acc=1.0000 lr=9.10e-05 lambda=0.000 grl_lambda=0.000 v18_lambda=0.000 gpu=3.0/11.8GB
[21:17:09] [ep_summary] ep=64/100 val_live=0.9444/0.9441 val_ema=0.9444/0.9453 test77_live=0.1475/0.0432 test77_diag_ema=0.1655/0.0695 v13=0.0000 grl=0.0000 v15=0.0000 v15r=0.0000 v16=0.0000 v17=0.0000 v18=0.0000 das=off[0,0] p=0.00 ep_time=33.1s
[21:17:09] [train] epoch 65/100 steps=40 use_dann=0 das=off f=[0.0,0.0] p=0.00 gpu=3.0/11.8GB
[21:17:09] [train] ep=65 step=001/40 ce=0.2560 sc=0.6131 mi=0.0197 dn=0.0000 v13=0.0000 grl=0.0000 v15=0.0000 v15r=0.0000 v16=0.0000 v17=0.0000 v18=0.0000 acc=1.0000 lr=9.09e-05 lambda=0.000 grl_lambda=0.000 v18_lambda=0.000 gpu=3.0/11.8GB
[21:17:14] [train] ep=65 step=010/40 ce=0.2560 sc=0.7260 mi=0.0232 dn=0.0000 v13=0.0000 grl=0.0000 v15=0.0000 v15r=0.0000 v16=0.0000 v17=0.0000 v18=0.0000 acc=1.0000 lr=8.99e-05 lambda=0.000 grl_lambda=0.000 v18_lambda=0.000 gpu=3.0/11.8GB
[21:17:20] [train] ep=65 step=020/40 ce=0.2559 sc=0.7392 mi=0.0238 dn=0.0000 v13=0.0000 grl=0.0000 v15=0.0000 v15r=0.0000 v16=0.0000 v17=0.0000 v18=0.0000 acc=1.0000 lr=8.88e-05 lambda=0.000 grl_lambda=0.000 v18_lambda=0.000 gpu=3.0/11.8GB
[21:17:26] [train] ep=65 step=030/40 ce=0.2560 sc=0.7154 mi=0.0233 dn=0.0000 v13=0.0000 grl=0.0000 v15=0.0000 v15r=0.0000 v16=0.0000 v17=0.0000 v18=0.0000 acc=1.0000 lr=8.77e-05 lambda=0.000 grl_lambda=0.000 v18_lambda=0.000 gpu=3.0/11.8GB
[21:17:32] [train] ep=65 step=040/40 ce=0.2560 sc=0.7032 mi=0.0236 dn=0.0000 v13=0.0000 grl=0.0000 v15=0.0000 v15r=0.0000 v16=0.0000 v17=0.0000 v18=0.0000 acc=1.0000 lr=8.66e-05 lambda=0.000 grl_lambda=0.000 v18_lambda=0.000 gpu=3.0/11.8GB
[21:17:42] [ep_summary] ep=65/100 val_live=0.9444/0.9441 val_ema=0.9444/0.9453 test77_live=0.1475/0.0432 test77_diag_ema=0.1655/0.0704 v13=0.0000 grl=0.0000 v15=0.0000 v15r=0.0000 v16=0.0000 v17=0.0000 v18=0.0000 das=off[0,0] p=0.00 ep_time=33.1s
[21:17:42] [train] epoch 66/100 steps=40 use_dann=0 das=off f=[0.0,0.0] p=0.00 gpu=3.0/11.8GB
[21:17:42] [train] ep=66 step=001/40 ce=0.2569 sc=0.7108 mi=0.0264 dn=0.0000 v13=0.0000 grl=0.0000 v15=0.0000 v15r=0.0000 v16=0.0000 v17=0.0000 v18=0.0000 acc=1.0000 lr=8.65e-05 lambda=0.000 grl_lambda=0.000 v18_lambda=0.000 gpu=3.0/11.8GB
[21:17:47] [train] ep=66 step=010/40 ce=0.2563 sc=0.6781 mi=0.0245 dn=0.0000 v13=0.0000 grl=0.0000 v15=0.0000 v15r=0.0000 v16=0.0000 v17=0.0000 v18=0.0000 acc=1.0000 lr=8.55e-05 lambda=0.000 grl_lambda=0.000 v18_lambda=0.000 gpu=3.0/11.8GB
[21:17:53] [train] ep=66 step=020/40 ce=0.2563 sc=0.7224 mi=0.0231 dn=0.0000 v13=0.0000 grl=0.0000 v15=0.0000 v15r=0.0000 v16=0.0000 v17=0.0000 v18=0.0000 acc=1.0000 lr=8.44e-05 lambda=0.000 grl_lambda=0.000 v18_lambda=0.000 gpu=3.0/11.8GB
[21:17:59] [train] ep=66 step=030/40 ce=0.2563 sc=0.6886 mi=0.0238 dn=0.0000 v13=0.0000 grl=0.0000 v15=0.0000 v15r=0.0000 v16=0.0000 v17=0.0000 v18=0.0000 acc=1.0000 lr=8.33e-05 lambda=0.000 grl_lambda=0.000 v18_lambda=0.000 gpu=3.0/11.8GB
[21:18:05] [train] ep=66 step=040/40 ce=0.2563 sc=0.6890 mi=0.0234 dn=0.0000 v13=0.0000 grl=0.0000 v15=0.0000 v15r=0.0000 v16=0.0000 v17=0.0000 v18=0.0000 acc=1.0000 lr=8.22e-05 lambda=0.000 grl_lambda=0.000 v18_lambda=0.000 gpu=3.0/11.8GB
[21:18:15] [ep_summary] ep=66/100 val_live=0.9383/0.9383 val_ema=0.9444/0.9453 test77_live=0.1475/0.0432 test77_diag_ema=0.1655/0.0710 v13=0.0000 grl=0.0000 v15=0.0000 v15r=0.0000 v16=0.0000 v17=0.0000 v18=0.0000 das=off[0,0] p=0.00 ep_time=33.1s
[21:18:15] [train] epoch 67/100 steps=40 use_dann=0 das=off f=[0.0,0.0] p=0.00 gpu=3.0/11.8GB
[21:18:16] [train] ep=67 step=001/40 ce=0.2555 sc=0.8260 mi=0.0264 dn=0.0000 v13=0.0000 grl=0.0000 v15=0.0000 v15r=0.0000 v16=0.0000 v17=0.0000 v18=0.0000 acc=1.0000 lr=8.21e-05 lambda=0.000 grl_lambda=0.000 v18_lambda=0.000 gpu=3.0/11.8GB
[21:18:21] [train] ep=67 step=010/40 ce=0.2558 sc=0.6764 mi=0.0235 dn=0.0000 v13=0.0000 grl=0.0000 v15=0.0000 v15r=0.0000 v16=0.0000 v17=0.0000 v18=0.0000 acc=1.0000 lr=8.11e-05 lambda=0.000 grl_lambda=0.000 v18_lambda=0.000 gpu=3.0/11.8GB
[21:18:26] [train] ep=67 step=020/40 ce=0.2561 sc=0.7266 mi=0.0239 dn=0.0000 v13=0.0000 grl=0.0000 v15=0.0000 v15r=0.0000 v16=0.0000 v17=0.0000 v18=0.0000 acc=1.0000 lr=8.01e-05 lambda=0.000 grl_lambda=0.000 v18_lambda=0.000 gpu=3.0/11.8GB
[21:18:32] [train] ep=67 step=030/40 ce=0.2560 sc=0.7283 mi=0.0236 dn=0.0000 v13=0.0000 grl=0.0000 v15=0.0000 v15r=0.0000 v16=0.0000 v17=0.0000 v18=0.0000 acc=1.0000 lr=7.90e-05 lambda=0.000 grl_lambda=0.000 v18_lambda=0.000 gpu=3.0/11.8GB
[21:18:38] [train] ep=67 step=040/40 ce=0.2561 sc=0.7646 mi=0.0235 dn=0.0000 v13=0.0000 grl=0.0000 v15=0.0000 v15r=0.0000 v16=0.0000 v17=0.0000 v18=0.0000 acc=1.0000 lr=7.79e-05 lambda=0.000 grl_lambda=0.000 v18_lambda=0.000 gpu=3.0/11.8GB
[21:18:48] [ep_summary] ep=67/100 val_live=0.9383/0.9383 val_ema=0.9444/0.9453 test77_live=0.1475/0.0432 test77_diag_ema=0.1619/0.0658 v13=0.0000 grl=0.0000 v15=0.0000 v15r=0.0000 v16=0.0000 v17=0.0000 v18=0.0000 das=off[0,0] p=0.00 ep_time=33.3s
[21:18:48] [train] epoch 68/100 steps=40 use_dann=0 das=off f=[0.0,0.0] p=0.00 gpu=3.0/11.8GB
[21:18:49] [train] ep=68 step=001/40 ce=0.2558 sc=0.4333 mi=0.0289 dn=0.0000 v13=0.0000 grl=0.0000 v15=0.0000 v15r=0.0000 v16=0.0000 v17=0.0000 v18=0.0000 acc=1.0000 lr=7.78e-05 lambda=0.000 grl_lambda=0.000 v18_lambda=0.000 gpu=3.0/11.8GB
[21:18:54] [train] ep=68 step=010/40 ce=0.2560 sc=0.6410 mi=0.0233 dn=0.0000 v13=0.0000 grl=0.0000 v15=0.0000 v15r=0.0000 v16=0.0000 v17=0.0000 v18=0.0000 acc=1.0000 lr=7.69e-05 lambda=0.000 grl_lambda=0.000 v18_lambda=0.000 gpu=3.0/11.8GB
[21:19:00] [train] ep=68 step=020/40 ce=0.2560 sc=0.7134 mi=0.0229 dn=0.0000 v13=0.0000 grl=0.0000 v15=0.0000 v15r=0.0000 v16=0.0000 v17=0.0000 v18=0.0000 acc=1.0000 lr=7.58e-05 lambda=0.000 grl_lambda=0.000 v18_lambda=0.000 gpu=3.0/11.8GB
[21:19:05] [train] ep=68 step=030/40 ce=0.2560 sc=0.7462 mi=0.0231 dn=0.0000 v13=0.0000 grl=0.0000 v15=0.0000 v15r=0.0000 v16=0.0000 v17=0.0000 v18=0.0000 acc=1.0000 lr=7.48e-05 lambda=0.000 grl_lambda=0.000 v18_lambda=0.000 gpu=3.0/11.8GB
[21:19:11] [train] ep=68 step=040/40 ce=0.2560 sc=0.7471 mi=0.0227 dn=0.0000 v13=0.0000 grl=0.0000 v15=0.0000 v15r=0.0000 v16=0.0000 v17=0.0000 v18=0.0000 acc=1.0000 lr=7.37e-05 lambda=0.000 grl_lambda=0.000 v18_lambda=0.000 gpu=3.0/11.8GB
[21:19:21] [ep_summary] ep=68/100 val_live=0.9383/0.9383 val_ema=0.9444/0.9453 test77_live=0.1475/0.0432 test77_diag_ema=0.1619/0.0658 v13=0.0000 grl=0.0000 v15=0.0000 v15r=0.0000 v16=0.0000 v17=0.0000 v18=0.0000 das=off[0,0] p=0.00 ep_time=33.1s
[21:19:21] [train] epoch 69/100 steps=40 use_dann=0 das=off f=[0.0,0.0] p=0.00 gpu=3.0/11.8GB
[21:19:22] [train] ep=69 step=001/40 ce=0.2562 sc=0.7105 mi=0.0231 dn=0.0000 v13=0.0000 grl=0.0000 v15=0.0000 v15r=0.0000 v16=0.0000 v17=0.0000 v18=0.0000 acc=1.0000 lr=7.36e-05 lambda=0.000 grl_lambda=0.000 v18_lambda=0.000 gpu=3.0/11.8GB
[21:19:27] [train] ep=69 step=010/40 ce=0.2560 sc=0.6606 mi=0.0220 dn=0.0000 v13=0.0000 grl=0.0000 v15=0.0000 v15r=0.0000 v16=0.0000 v17=0.0000 v18=0.0000 acc=1.0000 lr=7.27e-05 lambda=0.000 grl_lambda=0.000 v18_lambda=0.000 gpu=3.0/11.8GB
[21:19:33] [train] ep=69 step=020/40 ce=0.2560 sc=0.6730 mi=0.0222 dn=0.0000 v13=0.0000 grl=0.0000 v15=0.0000 v15r=0.0000 v16=0.0000 v17=0.0000 v18=0.0000 acc=1.0000 lr=7.16e-05 lambda=0.000 grl_lambda=0.000 v18_lambda=0.000 gpu=3.0/11.8GB
[21:19:38] [train] ep=69 step=030/40 ce=0.2560 sc=0.7313 mi=0.0223 dn=0.0000 v13=0.0000 grl=0.0000 v15=0.0000 v15r=0.0000 v16=0.0000 v17=0.0000 v18=0.0000 acc=1.0000 lr=7.06e-05 lambda=0.000 grl_lambda=0.000 v18_lambda=0.000 gpu=3.0/11.8GB
[21:19:44] [train] ep=69 step=040/40 ce=0.2560 sc=0.7427 mi=0.0223 dn=0.0000 v13=0.0000 grl=0.0000 v15=0.0000 v15r=0.0000 v16=0.0000 v17=0.0000 v18=0.0000 acc=1.0000 lr=6.96e-05 lambda=0.000 grl_lambda=0.000 v18_lambda=0.000 gpu=3.0/11.8GB
[21:19:54] [ep_summary] ep=69/100 val_live=0.9383/0.9383 val_ema=0.9444/0.9453 test77_live=0.1475/0.0432 test77_diag_ema=0.1583/0.0604 v13=0.0000 grl=0.0000 v15=0.0000 v15r=0.0000 v16=0.0000 v17=0.0000 v18=0.0000 das=off[0,0] p=0.00 ep_time=33.1s
[21:19:54] [train] epoch 70/100 steps=40 use_dann=0 das=off f=[0.0,0.0] p=0.00 gpu=3.0/11.8GB
[21:19:55] [train] ep=70 step=001/40 ce=0.2564 sc=0.6126 mi=0.0211 dn=0.0000 v13=0.0000 grl=0.0000 v15=0.0000 v15r=0.0000 v16=0.0000 v17=0.0000 v18=0.0000 acc=1.0000 lr=6.95e-05 lambda=0.000 grl_lambda=0.000 v18_lambda=0.000 gpu=3.0/11.8GB
[21:20:00] [train] ep=70 step=010/40 ce=0.2561 sc=0.6792 mi=0.0234 dn=0.0000 v13=0.0000 grl=0.0000 v15=0.0000 v15r=0.0000 v16=0.0000 v17=0.0000 v18=0.0000 acc=1.0000 lr=6.85e-05 lambda=0.000 grl_lambda=0.000 v18_lambda=0.000 gpu=3.0/11.8GB
[21:20:06] [train] ep=70 step=020/40 ce=0.2561 sc=0.6699 mi=0.0235 dn=0.0000 v13=0.0000 grl=0.0000 v15=0.0000 v15r=0.0000 v16=0.0000 v17=0.0000 v18=0.0000 acc=1.0000 lr=6.75e-05 lambda=0.000 grl_lambda=0.000 v18_lambda=0.000 gpu=3.0/11.8GB
[21:20:11] [train] ep=70 step=030/40 ce=0.2560 sc=0.6814 mi=0.0231 dn=0.0000 v13=0.0000 grl=0.0000 v15=0.0000 v15r=0.0000 v16=0.0000 v17=0.0000 v18=0.0000 acc=1.0000 lr=6.65e-05 lambda=0.000 grl_lambda=0.000 v18_lambda=0.000 gpu=3.0/11.8GB
[21:20:17] [train] ep=70 step=040/40 ce=0.2560 sc=0.6805 mi=0.0230 dn=0.0000 v13=0.0000 grl=0.0000 v15=0.0000 v15r=0.0000 v16=0.0000 v17=0.0000 v18=0.0000 acc=1.0000 lr=6.55e-05 lambda=0.000 grl_lambda=0.000 v18_lambda=0.000 gpu=3.0/11.8GB
[21:20:27] [pool] check ep=070/100 source_val_acc_ema=0.9444 threshold=0.90
[21:20:32] [pool] ep=070 ADDED src_val=0.9444/0.9453 dev77=0.1500/0.0596 final77=0.1583/0.0612
[21:20:32] [pool] running best ep=050 dev77_f1=0.1080 final77_f1=0.0992 (pool_size=4)
[21:20:32] [ep_summary] ep=70/100 val_live=0.9383/0.9383 val_ema=0.9444/0.9453 test77_live=0.1475/0.0432 test77_diag_ema=0.1583/0.0612 v13=0.0000 grl=0.0000 v15=0.0000 v15r=0.0000 v16=0.0000 v17=0.0000 v18=0.0000 das=off[0,0] p=0.00 ep_time=37.9s
[21:20:32] [strict77_monitor] ep=70 best_source_epoch=58 source_val_ema=0.9506/0.9513 test77_ema_diag=0.1691/0.0727 sourcequalified_count=32 best_sourcequalified77_epoch=43 source_val_ema=0.9259/0.9270 test77_ema=0.2446/0.1097
[21:20:32] [train] epoch 71/100 steps=40 use_dann=0 das=off f=[0.0,0.0] p=0.00 gpu=3.0/11.8GB
[21:20:33] [train] ep=71 step=001/40 ce=0.2557 sc=0.6304 mi=0.0284 dn=0.0000 v13=0.0000 grl=0.0000 v15=0.0000 v15r=0.0000 v16=0.0000 v17=0.0000 v18=0.0000 acc=1.0000 lr=6.54e-05 lambda=0.000 grl_lambda=0.000 v18_lambda=0.000 gpu=3.0/11.8GB
[21:20:38] [train] ep=71 step=010/40 ce=0.2561 sc=0.6752 mi=0.0236 dn=0.0000 v13=0.0000 grl=0.0000 v15=0.0000 v15r=0.0000 v16=0.0000 v17=0.0000 v18=0.0000 acc=1.0000 lr=6.45e-05 lambda=0.000 grl_lambda=0.000 v18_lambda=0.000 gpu=3.0/11.8GB
[21:20:44] [train] ep=71 step=020/40 ce=0.2560 sc=0.7212 mi=0.0230 dn=0.0000 v13=0.0000 grl=0.0000 v15=0.0000 v15r=0.0000 v16=0.0000 v17=0.0000 v18=0.0000 acc=1.0000 lr=6.35e-05 lambda=0.000 grl_lambda=0.000 v18_lambda=0.000 gpu=3.0/11.8GB
[21:20:49] [train] ep=71 step=030/40 ce=0.2560 sc=0.6949 mi=0.0236 dn=0.0000 v13=0.0000 grl=0.0000 v15=0.0000 v15r=0.0000 v16=0.0000 v17=0.0000 v18=0.0000 acc=1.0000 lr=6.25e-05 lambda=0.000 grl_lambda=0.000 v18_lambda=0.000 gpu=3.0/11.8GB
[21:20:55] [train] ep=71 step=040/40 ce=0.2560 sc=0.7337 mi=0.0234 dn=0.0000 v13=0.0000 grl=0.0000 v15=0.0000 v15r=0.0000 v16=0.0000 v17=0.0000 v18=0.0000 acc=1.0000 lr=6.15e-05 lambda=0.000 grl_lambda=0.000 v18_lambda=0.000 gpu=3.0/11.8GB
[21:21:05] [ep_summary] ep=71/100 val_live=0.9383/0.9383 val_ema=0.9444/0.9453 test77_live=0.1475/0.0432 test77_diag_ema=0.1511/0.0493 v13=0.0000 grl=0.0000 v15=0.0000 v15r=0.0000 v16=0.0000 v17=0.0000 v18=0.0000 das=off[0,0] p=0.00 ep_time=33.1s
[21:21:05] [train] epoch 72/100 steps=40 use_dann=0 das=off f=[0.0,0.0] p=0.00 gpu=3.0/11.8GB
[21:21:06] [train] ep=72 step=001/40 ce=0.2560 sc=1.0464 mi=0.0233 dn=0.0000 v13=0.0000 grl=0.0000 v15=0.0000 v15r=0.0000 v16=0.0000 v17=0.0000 v18=0.0000 acc=1.0000 lr=6.14e-05 lambda=0.000 grl_lambda=0.000 v18_lambda=0.000 gpu=3.0/11.8GB
[21:21:11] [train] ep=72 step=010/40 ce=0.2559 sc=0.9071 mi=0.0228 dn=0.0000 v13=0.0000 grl=0.0000 v15=0.0000 v15r=0.0000 v16=0.0000 v17=0.0000 v18=0.0000 acc=1.0000 lr=6.06e-05 lambda=0.000 grl_lambda=0.000 v18_lambda=0.000 gpu=3.0/11.8GB
[21:21:17] [train] ep=72 step=020/40 ce=0.2559 sc=0.7661 mi=0.0229 dn=0.0000 v13=0.0000 grl=0.0000 v15=0.0000 v15r=0.0000 v16=0.0000 v17=0.0000 v18=0.0000 acc=1.0000 lr=5.96e-05 lambda=0.000 grl_lambda=0.000 v18_lambda=0.000 gpu=3.0/11.8GB
[21:21:22] [train] ep=72 step=030/40 ce=0.2559 sc=0.7448 mi=0.0230 dn=0.0000 v13=0.0000 grl=0.0000 v15=0.0000 v15r=0.0000 v16=0.0000 v17=0.0000 v18=0.0000 acc=1.0000 lr=5.86e-05 lambda=0.000 grl_lambda=0.000 v18_lambda=0.000 gpu=3.0/11.8GB
[21:21:28] [train] ep=72 step=040/40 ce=0.2559 sc=0.7305 mi=0.0227 dn=0.0000 v13=0.0000 grl=0.0000 v15=0.0000 v15r=0.0000 v16=0.0000 v17=0.0000 v18=0.0000 acc=1.0000 lr=5.77e-05 lambda=0.000 grl_lambda=0.000 v18_lambda=0.000 gpu=3.0/11.8GB
[21:21:38] [ep_summary] ep=72/100 val_live=0.9383/0.9383 val_ema=0.9444/0.9453 test77_live=0.1475/0.0432 test77_diag_ema=0.1511/0.0493 v13=0.0000 grl=0.0000 v15=0.0000 v15r=0.0000 v16=0.0000 v17=0.0000 v18=0.0000 das=off[0,0] p=0.00 ep_time=33.1s
[21:21:38] [train] epoch 73/100 steps=40 use_dann=0 das=off f=[0.0,0.0] p=0.00 gpu=3.0/11.8GB
[21:21:39] [train] ep=73 step=001/40 ce=0.2554 sc=0.2761 mi=0.0227 dn=0.0000 v13=0.0000 grl=0.0000 v15=0.0000 v15r=0.0000 v16=0.0000 v17=0.0000 v18=0.0000 acc=1.0000 lr=5.76e-05 lambda=0.000 grl_lambda=0.000 v18_lambda=0.000 gpu=3.0/11.8GB
[21:21:44] [train] ep=73 step=010/40 ce=0.2556 sc=0.7616 mi=0.0221 dn=0.0000 v13=0.0000 grl=0.0000 v15=0.0000 v15r=0.0000 v16=0.0000 v17=0.0000 v18=0.0000 acc=1.0000 lr=5.67e-05 lambda=0.000 grl_lambda=0.000 v18_lambda=0.000 gpu=3.0/11.8GB
[21:21:50] [train] ep=73 step=020/40 ce=0.2557 sc=0.7551 mi=0.0220 dn=0.0000 v13=0.0000 grl=0.0000 v15=0.0000 v15r=0.0000 v16=0.0000 v17=0.0000 v18=0.0000 acc=1.0000 lr=5.58e-05 lambda=0.000 grl_lambda=0.000 v18_lambda=0.000 gpu=3.0/11.8GB
[21:21:55] [train] ep=73 step=030/40 ce=0.2558 sc=0.7589 mi=0.0226 dn=0.0000 v13=0.0000 grl=0.0000 v15=0.0000 v15r=0.0000 v16=0.0000 v17=0.0000 v18=0.0000 acc=1.0000 lr=5.48e-05 lambda=0.000 grl_lambda=0.000 v18_lambda=0.000 gpu=3.0/11.8GB
[21:22:01] [train] ep=73 step=040/40 ce=0.2558 sc=0.7630 mi=0.0228 dn=0.0000 v13=0.0000 grl=0.0000 v15=0.0000 v15r=0.0000 v16=0.0000 v17=0.0000 v18=0.0000 acc=1.0000 lr=5.39e-05 lambda=0.000 grl_lambda=0.000 v18_lambda=0.000 gpu=3.0/11.8GB
[21:22:11] [ep_summary] ep=73/100 val_live=0.9383/0.9383 val_ema=0.9444/0.9453 test77_live=0.1475/0.0432 test77_diag_ema=0.1511/0.0493 v13=0.0000 grl=0.0000 v15=0.0000 v15r=0.0000 v16=0.0000 v17=0.0000 v18=0.0000 das=off[0,0] p=0.00 ep_time=33.1s
[21:22:11] [train] epoch 74/100 steps=40 use_dann=0 das=off f=[0.0,0.0] p=0.00 gpu=3.0/11.8GB
[21:22:12] [train] ep=74 step=001/40 ce=0.2560 sc=0.5660 mi=0.0227 dn=0.0000 v13=0.0000 grl=0.0000 v15=0.0000 v15r=0.0000 v16=0.0000 v17=0.0000 v18=0.0000 acc=1.0000 lr=5.38e-05 lambda=0.000 grl_lambda=0.000 v18_lambda=0.000 gpu=3.0/11.8GB
[21:22:17] [train] ep=74 step=010/40 ce=0.2559 sc=0.6864 mi=0.0244 dn=0.0000 v13=0.0000 grl=0.0000 v15=0.0000 v15r=0.0000 v16=0.0000 v17=0.0000 v18=0.0000 acc=1.0000 lr=5.30e-05 lambda=0.000 grl_lambda=0.000 v18_lambda=0.000 gpu=3.0/11.8GB
[21:22:23] [train] ep=74 step=020/40 ce=0.2560 sc=0.6828 mi=0.0242 dn=0.0000 v13=0.0000 grl=0.0000 v15=0.0000 v15r=0.0000 v16=0.0000 v17=0.0000 v18=0.0000 acc=1.0000 lr=5.20e-05 lambda=0.000 grl_lambda=0.000 v18_lambda=0.000 gpu=3.0/11.8GB
[21:22:29] [train] ep=74 step=030/40 ce=0.2559 sc=0.7030 mi=0.0235 dn=0.0000 v13=0.0000 grl=0.0000 v15=0.0000 v15r=0.0000 v16=0.0000 v17=0.0000 v18=0.0000 acc=1.0000 lr=5.11e-05 lambda=0.000 grl_lambda=0.000 v18_lambda=0.000 gpu=3.0/11.8GB
[21:22:34] [train] ep=74 step=040/40 ce=0.2559 sc=0.6827 mi=0.0231 dn=0.0000 v13=0.0000 grl=0.0000 v15=0.0000 v15r=0.0000 v16=0.0000 v17=0.0000 v18=0.0000 acc=1.0000 lr=5.02e-05 lambda=0.000 grl_lambda=0.000 v18_lambda=0.000 gpu=3.0/11.8GB
[21:22:44] [ep_summary] ep=74/100 val_live=0.9383/0.9383 val_ema=0.9383/0.9392 test77_live=0.1475/0.0432 test77_diag_ema=0.1511/0.0493 v13=0.0000 grl=0.0000 v15=0.0000 v15r=0.0000 v16=0.0000 v17=0.0000 v18=0.0000 das=off[0,0] p=0.00 ep_time=33.1s
[21:22:44] [train] epoch 75/100 steps=40 use_dann=0 das=off f=[0.0,0.0] p=0.00 gpu=3.0/11.8GB
[21:22:45] [train] ep=75 step=001/40 ce=0.2557 sc=0.9431 mi=0.0248 dn=0.0000 v13=0.0000 grl=0.0000 v15=0.0000 v15r=0.0000 v16=0.0000 v17=0.0000 v18=0.0000 acc=1.0000 lr=5.01e-05 lambda=0.000 grl_lambda=0.000 v18_lambda=0.000 gpu=3.0/11.8GB
[21:22:50] [train] ep=75 step=010/40 ce=0.2559 sc=0.5751 mi=0.0239 dn=0.0000 v13=0.0000 grl=0.0000 v15=0.0000 v15r=0.0000 v16=0.0000 v17=0.0000 v18=0.0000 acc=1.0000 lr=4.93e-05 lambda=0.000 grl_lambda=0.000 v18_lambda=0.000 gpu=3.0/11.8GB
[21:22:56] [train] ep=75 step=020/40 ce=0.2558 sc=0.6004 mi=0.0235 dn=0.0000 v13=0.0000 grl=0.0000 v15=0.0000 v15r=0.0000 v16=0.0000 v17=0.0000 v18=0.0000 acc=1.0000 lr=4.84e-05 lambda=0.000 grl_lambda=0.000 v18_lambda=0.000 gpu=3.0/11.8GB
[21:23:02] [train] ep=75 step=030/40 ce=0.2558 sc=0.6592 mi=0.0231 dn=0.0000 v13=0.0000 grl=0.0000 v15=0.0000 v15r=0.0000 v16=0.0000 v17=0.0000 v18=0.0000 acc=1.0000 lr=4.75e-05 lambda=0.000 grl_lambda=0.000 v18_lambda=0.000 gpu=3.0/11.8GB
[21:23:07] [train] ep=75 step=040/40 ce=0.2558 sc=0.6672 mi=0.0229 dn=0.0000 v13=0.0000 grl=0.0000 v15=0.0000 v15r=0.0000 v16=0.0000 v17=0.0000 v18=0.0000 acc=1.0000 lr=4.66e-05 lambda=0.000 grl_lambda=0.000 v18_lambda=0.000 gpu=3.0/11.8GB
[21:23:17] [ep_summary] ep=75/100 val_live=0.9383/0.9383 val_ema=0.9383/0.9392 test77_live=0.1475/0.0432 test77_diag_ema=0.1475/0.0430 v13=0.0000 grl=0.0000 v15=0.0000 v15r=0.0000 v16=0.0000 v17=0.0000 v18=0.0000 das=off[0,0] p=0.00 ep_time=33.1s
[21:23:18] [train] epoch 76/100 steps=40 use_dann=0 das=off f=[0.0,0.0] p=0.00 gpu=3.0/11.8GB
[21:23:18] [train] ep=76 step=001/40 ce=0.2559 sc=0.9449 mi=0.0174 dn=0.0000 v13=0.0000 grl=0.0000 v15=0.0000 v15r=0.0000 v16=0.0000 v17=0.0000 v18=0.0000 acc=1.0000 lr=4.65e-05 lambda=0.000 grl_lambda=0.000 v18_lambda=0.000 gpu=3.0/11.8GB
[21:23:23] [train] ep=76 step=010/40 ce=0.2559 sc=0.7635 mi=0.0223 dn=0.0000 v13=0.0000 grl=0.0000 v15=0.0000 v15r=0.0000 v16=0.0000 v17=0.0000 v18=0.0000 acc=1.0000 lr=4.58e-05 lambda=0.000 grl_lambda=0.000 v18_lambda=0.000 gpu=3.0/11.8GB
[21:23:29] [train] ep=76 step=020/40 ce=0.2559 sc=0.7576 mi=0.0220 dn=0.0000 v13=0.0000 grl=0.0000 v15=0.0000 v15r=0.0000 v16=0.0000 v17=0.0000 v18=0.0000 acc=1.0000 lr=4.49e-05 lambda=0.000 grl_lambda=0.000 v18_lambda=0.000 gpu=3.0/11.8GB
[21:23:35] [train] ep=76 step=030/40 ce=0.2559 sc=0.7555 mi=0.0218 dn=0.0000 v13=0.0000 grl=0.0000 v15=0.0000 v15r=0.0000 v16=0.0000 v17=0.0000 v18=0.0000 acc=1.0000 lr=4.40e-05 lambda=0.000 grl_lambda=0.000 v18_lambda=0.000 gpu=3.0/11.8GB
[21:23:40] [train] ep=76 step=040/40 ce=0.2559 sc=0.7487 mi=0.0220 dn=0.0000 v13=0.0000 grl=0.0000 v15=0.0000 v15r=0.0000 v16=0.0000 v17=0.0000 v18=0.0000 acc=1.0000 lr=4.32e-05 lambda=0.000 grl_lambda=0.000 v18_lambda=0.000 gpu=3.0/11.8GB
[21:23:51] [ep_summary] ep=76/100 val_live=0.9383/0.9383 val_ema=0.9383/0.9392 test77_live=0.1475/0.0432 test77_diag_ema=0.1475/0.0430 v13=0.0000 grl=0.0000 v15=0.0000 v15r=0.0000 v16=0.0000 v17=0.0000 v18=0.0000 das=off[0,0] p=0.00 ep_time=33.1s
[21:23:51] [train] epoch 77/100 steps=40 use_dann=0 das=off f=[0.0,0.0] p=0.00 gpu=3.0/11.8GB
[21:23:51] [train] ep=77 step=001/40 ce=0.2561 sc=0.7568 mi=0.0234 dn=0.0000 v13=0.0000 grl=0.0000 v15=0.0000 v15r=0.0000 v16=0.0000 v17=0.0000 v18=0.0000 acc=1.0000 lr=4.31e-05 lambda=0.000 grl_lambda=0.000 v18_lambda=0.000 gpu=3.0/11.8GB
[21:23:56] [train] ep=77 step=010/40 ce=0.2558 sc=0.7824 mi=0.0212 dn=0.0000 v13=0.0000 grl=0.0000 v15=0.0000 v15r=0.0000 v16=0.0000 v17=0.0000 v18=0.0000 acc=1.0000 lr=4.23e-05 lambda=0.000 grl_lambda=0.000 v18_lambda=0.000 gpu=3.0/11.8GB
[21:24:02] [train] ep=77 step=020/40 ce=0.2558 sc=0.7777 mi=0.0222 dn=0.0000 v13=0.0000 grl=0.0000 v15=0.0000 v15r=0.0000 v16=0.0000 v17=0.0000 v18=0.0000 acc=1.0000 lr=4.15e-05 lambda=0.000 grl_lambda=0.000 v18_lambda=0.000 gpu=3.0/11.8GB
[21:24:08] [train] ep=77 step=030/40 ce=0.2559 sc=0.7871 mi=0.0222 dn=0.0000 v13=0.0000 grl=0.0000 v15=0.0000 v15r=0.0000 v16=0.0000 v17=0.0000 v18=0.0000 acc=1.0000 lr=4.06e-05 lambda=0.000 grl_lambda=0.000 v18_lambda=0.000 gpu=3.0/11.8GB
[21:24:14] [train] ep=77 step=040/40 ce=0.2559 sc=0.7723 mi=0.0225 dn=0.0000 v13=0.0000 grl=0.0000 v15=0.0000 v15r=0.0000 v16=0.0000 v17=0.0000 v18=0.0000 acc=1.0000 lr=3.98e-05 lambda=0.000 grl_lambda=0.000 v18_lambda=0.000 gpu=3.0/11.8GB
[21:24:24] [ep_summary] ep=77/100 val_live=0.9383/0.9383 val_ema=0.9383/0.9392 test77_live=0.1475/0.0432 test77_diag_ema=0.1475/0.0430 v13=0.0000 grl=0.0000 v15=0.0000 v15r=0.0000 v16=0.0000 v17=0.0000 v18=0.0000 das=off[0,0] p=0.00 ep_time=33.2s
[21:24:24] [train] epoch 78/100 steps=40 use_dann=0 das=off f=[0.0,0.0] p=0.00 gpu=3.0/11.8GB
[21:24:24] [train] ep=78 step=001/40 ce=0.2560 sc=0.6129 mi=0.0177 dn=0.0000 v13=0.0000 grl=0.0000 v15=0.0000 v15r=0.0000 v16=0.0000 v17=0.0000 v18=0.0000 acc=1.0000 lr=3.97e-05 lambda=0.000 grl_lambda=0.000 v18_lambda=0.000 gpu=3.0/11.8GB
[21:24:30] [train] ep=78 step=010/40 ce=0.2558 sc=0.7955 mi=0.0218 dn=0.0000 v13=0.0000 grl=0.0000 v15=0.0000 v15r=0.0000 v16=0.0000 v17=0.0000 v18=0.0000 acc=1.0000 lr=3.90e-05 lambda=0.000 grl_lambda=0.000 v18_lambda=0.000 gpu=3.0/11.8GB
[21:24:35] [train] ep=78 step=020/40 ce=0.2558 sc=0.7251 mi=0.0225 dn=0.0000 v13=0.0000 grl=0.0000 v15=0.0000 v15r=0.0000 v16=0.0000 v17=0.0000 v18=0.0000 acc=1.0000 lr=3.82e-05 lambda=0.000 grl_lambda=0.000 v18_lambda=0.000 gpu=3.0/11.8GB
[21:24:41] [train] ep=78 step=030/40 ce=0.2558 sc=0.7154 mi=0.0224 dn=0.0000 v13=0.0000 grl=0.0000 v15=0.0000 v15r=0.0000 v16=0.0000 v17=0.0000 v18=0.0000 acc=1.0000 lr=3.74e-05 lambda=0.000 grl_lambda=0.000 v18_lambda=0.000 gpu=3.0/11.8GB
[21:24:47] [train] ep=78 step=040/40 ce=0.2558 sc=0.7332 mi=0.0224 dn=0.0000 v13=0.0000 grl=0.0000 v15=0.0000 v15r=0.0000 v16=0.0000 v17=0.0000 v18=0.0000 acc=1.0000 lr=3.66e-05 lambda=0.000 grl_lambda=0.000 v18_lambda=0.000 gpu=3.0/11.8GB
[21:24:57] [ep_summary] ep=78/100 val_live=0.9383/0.9383 val_ema=0.9444/0.9449 test77_live=0.1475/0.0432 test77_diag_ema=0.1475/0.0430 v13=0.0000 grl=0.0000 v15=0.0000 v15r=0.0000 v16=0.0000 v17=0.0000 v18=0.0000 das=off[0,0] p=0.00 ep_time=33.1s
[21:24:57] [train] epoch 79/100 steps=40 use_dann=0 das=off f=[0.0,0.0] p=0.00 gpu=3.0/11.8GB
[21:24:57] [train] ep=79 step=001/40 ce=0.2561 sc=0.6136 mi=0.0232 dn=0.0000 v13=0.0000 grl=0.0000 v15=0.0000 v15r=0.0000 v16=0.0000 v17=0.0000 v18=0.0000 acc=1.0000 lr=3.65e-05 lambda=0.000 grl_lambda=0.000 v18_lambda=0.000 gpu=3.0/11.8GB
[21:25:03] [train] ep=79 step=010/40 ce=0.2557 sc=0.6638 mi=0.0229 dn=0.0000 v13=0.0000 grl=0.0000 v15=0.0000 v15r=0.0000 v16=0.0000 v17=0.0000 v18=0.0000 acc=1.0000 lr=3.58e-05 lambda=0.000 grl_lambda=0.000 v18_lambda=0.000 gpu=3.0/11.8GB
[21:25:08] [train] ep=79 step=020/40 ce=0.2557 sc=0.7493 mi=0.0233 dn=0.0000 v13=0.0000 grl=0.0000 v15=0.0000 v15r=0.0000 v16=0.0000 v17=0.0000 v18=0.0000 acc=1.0000 lr=3.50e-05 lambda=0.000 grl_lambda=0.000 v18_lambda=0.000 gpu=3.0/11.8GB
[21:25:14] [train] ep=79 step=030/40 ce=0.2558 sc=0.7127 mi=0.0229 dn=0.0000 v13=0.0000 grl=0.0000 v15=0.0000 v15r=0.0000 v16=0.0000 v17=0.0000 v18=0.0000 acc=1.0000 lr=3.42e-05 lambda=0.000 grl_lambda=0.000 v18_lambda=0.000 gpu=3.0/11.8GB
[21:25:20] [train] ep=79 step=040/40 ce=0.2557 sc=0.7024 mi=0.0229 dn=0.0000 v13=0.0000 grl=0.0000 v15=0.0000 v15r=0.0000 v16=0.0000 v17=0.0000 v18=0.0000 acc=1.0000 lr=3.35e-05 lambda=0.000 grl_lambda=0.000 v18_lambda=0.000 gpu=3.0/11.8GB
[21:25:30] [ep_summary] ep=79/100 val_live=0.9383/0.9383 val_ema=0.9383/0.9392 test77_live=0.1475/0.0432 test77_diag_ema=0.1475/0.0430 v13=0.0000 grl=0.0000 v15=0.0000 v15r=0.0000 v16=0.0000 v17=0.0000 v18=0.0000 das=off[0,0] p=0.00 ep_time=33.0s
[21:25:30] [train] epoch 80/100 steps=40 use_dann=0 das=off f=[0.0,0.0] p=0.00 gpu=3.0/11.8GB
[21:25:30] [train] ep=80 step=001/40 ce=0.2560 sc=0.9444 mi=0.0237 dn=0.0000 v13=0.0000 grl=0.0000 v15=0.0000 v15r=0.0000 v16=0.0000 v17=0.0000 v18=0.0000 acc=1.0000 lr=3.34e-05 lambda=0.000 grl_lambda=0.000 v18_lambda=0.000 gpu=3.0/11.8GB
[21:25:36] [train] ep=80 step=010/40 ce=0.2557 sc=0.7033 mi=0.0219 dn=0.0000 v13=0.0000 grl=0.0000 v15=0.0000 v15r=0.0000 v16=0.0000 v17=0.0000 v18=0.0000 acc=1.0000 lr=3.27e-05 lambda=0.000 grl_lambda=0.000 v18_lambda=0.000 gpu=3.0/11.8GB
[21:25:41] [train] ep=80 step=020/40 ce=0.2558 sc=0.7688 mi=0.0228 dn=0.0000 v13=0.0000 grl=0.0000 v15=0.0000 v15r=0.0000 v16=0.0000 v17=0.0000 v18=0.0000 acc=1.0000 lr=3.19e-05 lambda=0.000 grl_lambda=0.000 v18_lambda=0.000 gpu=3.0/11.8GB
[21:25:47] [train] ep=80 step=030/40 ce=0.2558 sc=0.7251 mi=0.0226 dn=0.0000 v13=0.0000 grl=0.0000 v15=0.0000 v15r=0.0000 v16=0.0000 v17=0.0000 v18=0.0000 acc=1.0000 lr=3.12e-05 lambda=0.000 grl_lambda=0.000 v18_lambda=0.000 gpu=3.0/11.8GB
[21:25:53] [train] ep=80 step=040/40 ce=0.2558 sc=0.7337 mi=0.0228 dn=0.0000 v13=0.0000 grl=0.0000 v15=0.0000 v15r=0.0000 v16=0.0000 v17=0.0000 v18=0.0000 acc=1.0000 lr=3.05e-05 lambda=0.000 grl_lambda=0.000 v18_lambda=0.000 gpu=3.0/11.8GB
[21:26:03] [pool] check ep=080/100 source_val_acc_ema=0.9383 threshold=0.90
[21:26:08] [pool] ep=080 ADDED src_val=0.9383/0.9392 dev77=0.1500/0.0596 final77=0.1475/0.0430
[21:26:08] [pool] running best ep=050 dev77_f1=0.1080 final77_f1=0.0992 (pool_size=5)
[21:26:08] [ep_summary] ep=80/100 val_live=0.9383/0.9383 val_ema=0.9383/0.9392 test77_live=0.1475/0.0432 test77_diag_ema=0.1475/0.0430 v13=0.0000 grl=0.0000 v15=0.0000 v15r=0.0000 v16=0.0000 v17=0.0000 v18=0.0000 das=off[0,0] p=0.00 ep_time=37.8s
[21:26:08] [strict77_monitor] ep=80 best_source_epoch=58 source_val_ema=0.9506/0.9513 test77_ema_diag=0.1691/0.0727 sourcequalified_count=42 best_sourcequalified77_epoch=43 source_val_ema=0.9259/0.9270 test77_ema=0.2446/0.1097
[21:26:08] [train] epoch 81/100 steps=40 use_dann=0 das=off f=[0.0,0.0] p=0.00 gpu=3.0/11.8GB
[21:26:08] [train] ep=81 step=001/40 ce=0.2563 sc=0.7412 mi=0.0288 dn=0.0000 v13=0.0000 grl=0.0000 v15=0.0000 v15r=0.0000 v16=0.0000 v17=0.0000 v18=0.0000 acc=1.0000 lr=3.04e-05 lambda=0.000 grl_lambda=0.000 v18_lambda=0.000 gpu=3.0/11.8GB
[21:26:13] [train] ep=81 step=010/40 ce=0.2559 sc=0.9348 mi=0.0217 dn=0.0000 v13=0.0000 grl=0.0000 v15=0.0000 v15r=0.0000 v16=0.0000 v17=0.0000 v18=0.0000 acc=1.0000 lr=2.97e-05 lambda=0.000 grl_lambda=0.000 v18_lambda=0.000 gpu=3.0/11.8GB
[21:26:19] [train] ep=81 step=020/40 ce=0.2558 sc=0.8651 mi=0.0216 dn=0.0000 v13=0.0000 grl=0.0000 v15=0.0000 v15r=0.0000 v16=0.0000 v17=0.0000 v18=0.0000 acc=1.0000 lr=2.90e-05 lambda=0.000 grl_lambda=0.000 v18_lambda=0.000 gpu=3.0/11.8GB
[21:26:25] [train] ep=81 step=030/40 ce=0.2558 sc=0.8131 mi=0.0217 dn=0.0000 v13=0.0000 grl=0.0000 v15=0.0000 v15r=0.0000 v16=0.0000 v17=0.0000 v18=0.0000 acc=1.0000 lr=2.83e-05 lambda=0.000 grl_lambda=0.000 v18_lambda=0.000 gpu=3.0/11.8GB
[21:26:31] [train] ep=81 step=040/40 ce=0.2557 sc=0.7996 mi=0.0222 dn=0.0000 v13=0.0000 grl=0.0000 v15=0.0000 v15r=0.0000 v16=0.0000 v17=0.0000 v18=0.0000 acc=1.0000 lr=2.76e-05 lambda=0.000 grl_lambda=0.000 v18_lambda=0.000 gpu=3.0/11.8GB
[21:26:41] [ep_summary] ep=81/100 val_live=0.9383/0.9383 val_ema=0.9383/0.9392 test77_live=0.1475/0.0432 test77_diag_ema=0.1475/0.0430 v13=0.0000 grl=0.0000 v15=0.0000 v15r=0.0000 v16=0.0000 v17=0.0000 v18=0.0000 das=off[0,0] p=0.00 ep_time=33.1s
[21:26:41] [train] epoch 82/100 steps=40 use_dann=0 das=off f=[0.0,0.0] p=0.00 gpu=3.0/11.8GB
[21:26:41] [train] ep=82 step=001/40 ce=0.2559 sc=0.8247 mi=0.0244 dn=0.0000 v13=0.0000 grl=0.0000 v15=0.0000 v15r=0.0000 v16=0.0000 v17=0.0000 v18=0.0000 acc=1.0000 lr=2.75e-05 lambda=0.000 grl_lambda=0.000 v18_lambda=0.000 gpu=3.0/11.8GB
[21:26:47] [train] ep=82 step=010/40 ce=0.2559 sc=0.7023 mi=0.0220 dn=0.0000 v13=0.0000 grl=0.0000 v15=0.0000 v15r=0.0000 v16=0.0000 v17=0.0000 v18=0.0000 acc=1.0000 lr=2.69e-05 lambda=0.000 grl_lambda=0.000 v18_lambda=0.000 gpu=3.0/11.8GB
[21:26:52] [train] ep=82 step=020/40 ce=0.2558 sc=0.7133 mi=0.0225 dn=0.0000 v13=0.0000 grl=0.0000 v15=0.0000 v15r=0.0000 v16=0.0000 v17=0.0000 v18=0.0000 acc=1.0000 lr=2.62e-05 lambda=0.000 grl_lambda=0.000 v18_lambda=0.000 gpu=3.0/11.8GB
[21:26:58] [train] ep=82 step=030/40 ce=0.2557 sc=0.7412 mi=0.0221 dn=0.0000 v13=0.0000 grl=0.0000 v15=0.0000 v15r=0.0000 v16=0.0000 v17=0.0000 v18=0.0000 acc=1.0000 lr=2.55e-05 lambda=0.000 grl_lambda=0.000 v18_lambda=0.000 gpu=3.0/11.8GB
[21:27:04] [train] ep=82 step=040/40 ce=0.2557 sc=0.7607 mi=0.0220 dn=0.0000 v13=0.0000 grl=0.0000 v15=0.0000 v15r=0.0000 v16=0.0000 v17=0.0000 v18=0.0000 acc=1.0000 lr=2.48e-05 lambda=0.000 grl_lambda=0.000 v18_lambda=0.000 gpu=3.0/11.8GB
[21:27:14] [ep_summary] ep=82/100 val_live=0.9383/0.9383 val_ema=0.9444/0.9449 test77_live=0.1475/0.0432 test77_diag_ema=0.1475/0.0430 v13=0.0000 grl=0.0000 v15=0.0000 v15r=0.0000 v16=0.0000 v17=0.0000 v18=0.0000 das=off[0,0] p=0.00 ep_time=33.1s
[21:27:14] [train] epoch 83/100 steps=40 use_dann=0 das=off f=[0.0,0.0] p=0.00 gpu=3.0/11.8GB
[21:27:14] [train] ep=83 step=001/40 ce=0.2554 sc=0.5652 mi=0.0271 dn=0.0000 v13=0.0000 grl=0.0000 v15=0.0000 v15r=0.0000 v16=0.0000 v17=0.0000 v18=0.0000 acc=1.0000 lr=2.48e-05 lambda=0.000 grl_lambda=0.000 v18_lambda=0.000 gpu=3.0/11.8GB
[21:27:20] [train] ep=83 step=010/40 ce=0.2557 sc=0.6530 mi=0.0218 dn=0.0000 v13=0.0000 grl=0.0000 v15=0.0000 v15r=0.0000 v16=0.0000 v17=0.0000 v18=0.0000 acc=1.0000 lr=2.42e-05 lambda=0.000 grl_lambda=0.000 v18_lambda=0.000 gpu=3.0/11.8GB
[21:27:25] [train] ep=83 step=020/40 ce=0.2557 sc=0.7138 mi=0.0220 dn=0.0000 v13=0.0000 grl=0.0000 v15=0.0000 v15r=0.0000 v16=0.0000 v17=0.0000 v18=0.0000 acc=1.0000 lr=2.35e-05 lambda=0.000 grl_lambda=0.000 v18_lambda=0.000 gpu=3.0/11.8GB
[21:27:31] [train] ep=83 step=030/40 ce=0.2558 sc=0.7125 mi=0.0226 dn=0.0000 v13=0.0000 grl=0.0000 v15=0.0000 v15r=0.0000 v16=0.0000 v17=0.0000 v18=0.0000 acc=1.0000 lr=2.29e-05 lambda=0.000 grl_lambda=0.000 v18_lambda=0.000 gpu=3.0/11.8GB
[21:27:37] [train] ep=83 step=040/40 ce=0.2558 sc=0.7290 mi=0.0226 dn=0.0000 v13=0.0000 grl=0.0000 v15=0.0000 v15r=0.0000 v16=0.0000 v17=0.0000 v18=0.0000 acc=1.0000 lr=2.22e-05 lambda=0.000 grl_lambda=0.000 v18_lambda=0.000 gpu=3.0/11.8GB
[21:27:47] [ep_summary] ep=83/100 val_live=0.9383/0.9383 val_ema=0.9444/0.9449 test77_live=0.1439/0.0424 test77_diag_ema=0.1475/0.0430 v13=0.0000 grl=0.0000 v15=0.0000 v15r=0.0000 v16=0.0000 v17=0.0000 v18=0.0000 das=off[0,0] p=0.00 ep_time=33.1s
[21:27:47] [train] epoch 84/100 steps=40 use_dann=0 das=off f=[0.0,0.0] p=0.00 gpu=3.0/11.8GB
[21:27:48] [train] ep=84 step=001/40 ce=0.2557 sc=0.7267 mi=0.0208 dn=0.0000 v13=0.0000 grl=0.0000 v15=0.0000 v15r=0.0000 v16=0.0000 v17=0.0000 v18=0.0000 acc=1.0000 lr=2.22e-05 lambda=0.000 grl_lambda=0.000 v18_lambda=0.000 gpu=3.0/11.8GB
[21:27:53] [train] ep=84 step=010/40 ce=0.2557 sc=0.6166 mi=0.0225 dn=0.0000 v13=0.0000 grl=0.0000 v15=0.0000 v15r=0.0000 v16=0.0000 v17=0.0000 v18=0.0000 acc=1.0000 lr=2.16e-05 lambda=0.000 grl_lambda=0.000 v18_lambda=0.000 gpu=3.0/11.8GB
[21:27:58] [train] ep=84 step=020/40 ce=0.2557 sc=0.6994 mi=0.0226 dn=0.0000 v13=0.0000 grl=0.0000 v15=0.0000 v15r=0.0000 v16=0.0000 v17=0.0000 v18=0.0000 acc=1.0000 lr=2.10e-05 lambda=0.000 grl_lambda=0.000 v18_lambda=0.000 gpu=3.0/11.8GB
[21:28:04] [train] ep=84 step=030/40 ce=0.2557 sc=0.7315 mi=0.0220 dn=0.0000 v13=0.0000 grl=0.0000 v15=0.0000 v15r=0.0000 v16=0.0000 v17=0.0000 v18=0.0000 acc=1.0000 lr=2.04e-05 lambda=0.000 grl_lambda=0.000 v18_lambda=0.000 gpu=3.0/11.8GB
[21:28:10] [train] ep=84 step=040/40 ce=0.2557 sc=0.7298 mi=0.0222 dn=0.0000 v13=0.0000 grl=0.0000 v15=0.0000 v15r=0.0000 v16=0.0000 v17=0.0000 v18=0.0000 acc=1.0000 lr=1.98e-05 lambda=0.000 grl_lambda=0.000 v18_lambda=0.000 gpu=3.0/11.8GB
[21:28:20] [ep_summary] ep=84/100 val_live=0.9383/0.9383 val_ema=0.9444/0.9449 test77_live=0.1439/0.0424 test77_diag_ema=0.1475/0.0430 v13=0.0000 grl=0.0000 v15=0.0000 v15r=0.0000 v16=0.0000 v17=0.0000 v18=0.0000 das=off[0,0] p=0.00 ep_time=33.1s
[21:28:20] [train] epoch 85/100 steps=40 use_dann=0 das=off f=[0.0,0.0] p=0.00 gpu=3.0/11.8GB
[21:28:21] [train] ep=85 step=001/40 ce=0.2557 sc=0.5213 mi=0.0259 dn=0.0000 v13=0.0000 grl=0.0000 v15=0.0000 v15r=0.0000 v16=0.0000 v17=0.0000 v18=0.0000 acc=1.0000 lr=1.97e-05 lambda=0.000 grl_lambda=0.000 v18_lambda=0.000 gpu=3.0/11.8GB
[21:28:26] [train] ep=85 step=010/40 ce=0.2558 sc=0.6425 mi=0.0231 dn=0.0000 v13=0.0000 grl=0.0000 v15=0.0000 v15r=0.0000 v16=0.0000 v17=0.0000 v18=0.0000 acc=1.0000 lr=1.92e-05 lambda=0.000 grl_lambda=0.000 v18_lambda=0.000 gpu=3.0/11.8GB
[21:28:32] [train] ep=85 step=020/40 ce=0.2556 sc=0.7087 mi=0.0230 dn=0.0000 v13=0.0000 grl=0.0000 v15=0.0000 v15r=0.0000 v16=0.0000 v17=0.0000 v18=0.0000 acc=1.0000 lr=1.86e-05 lambda=0.000 grl_lambda=0.000 v18_lambda=0.000 gpu=3.0/11.8GB
[21:28:37] [train] ep=85 step=030/40 ce=0.2557 sc=0.7071 mi=0.0227 dn=0.0000 v13=0.0000 grl=0.0000 v15=0.0000 v15r=0.0000 v16=0.0000 v17=0.0000 v18=0.0000 acc=1.0000 lr=1.80e-05 lambda=0.000 grl_lambda=0.000 v18_lambda=0.000 gpu=3.0/11.8GB
[21:28:43] [train] ep=85 step=040/40 ce=0.2557 sc=0.7096 mi=0.0228 dn=0.0000 v13=0.0000 grl=0.0000 v15=0.0000 v15r=0.0000 v16=0.0000 v17=0.0000 v18=0.0000 acc=1.0000 lr=1.74e-05 lambda=0.000 grl_lambda=0.000 v18_lambda=0.000 gpu=3.0/11.8GB
[21:28:53] [ep_summary] ep=85/100 val_live=0.9383/0.9383 val_ema=0.9444/0.9449 test77_live=0.1475/0.0432 test77_diag_ema=0.1475/0.0430 v13=0.0000 grl=0.0000 v15=0.0000 v15r=0.0000 v16=0.0000 v17=0.0000 v18=0.0000 das=off[0,0] p=0.00 ep_time=33.0s
[21:28:53] [train] epoch 86/100 steps=40 use_dann=0 das=off f=[0.0,0.0] p=0.00 gpu=3.0/11.8GB
[21:28:54] [train] ep=86 step=001/40 ce=0.2557 sc=0.9891 mi=0.0190 dn=0.0000 v13=0.0000 grl=0.0000 v15=0.0000 v15r=0.0000 v16=0.0000 v17=0.0000 v18=0.0000 acc=1.0000 lr=1.74e-05 lambda=0.000 grl_lambda=0.000 v18_lambda=0.000 gpu=3.0/11.8GB
[21:28:59] [train] ep=86 step=010/40 ce=0.2558 sc=0.7319 mi=0.0207 dn=0.0000 v13=0.0000 grl=0.0000 v15=0.0000 v15r=0.0000 v16=0.0000 v17=0.0000 v18=0.0000 acc=1.0000 lr=1.68e-05 lambda=0.000 grl_lambda=0.000 v18_lambda=0.000 gpu=3.0/11.8GB
[21:29:05] [train] ep=86 step=020/40 ce=0.2557 sc=0.8380 mi=0.0219 dn=0.0000 v13=0.0000 grl=0.0000 v15=0.0000 v15r=0.0000 v16=0.0000 v17=0.0000 v18=0.0000 acc=1.0000 lr=1.63e-05 lambda=0.000 grl_lambda=0.000 v18_lambda=0.000 gpu=3.0/11.8GB
[21:29:10] [train] ep=86 step=030/40 ce=0.2557 sc=0.8082 mi=0.0218 dn=0.0000 v13=0.0000 grl=0.0000 v15=0.0000 v15r=0.0000 v16=0.0000 v17=0.0000 v18=0.0000 acc=1.0000 lr=1.57e-05 lambda=0.000 grl_lambda=0.000 v18_lambda=0.000 gpu=3.0/11.8GB
[21:29:16] [train] ep=86 step=040/40 ce=0.2557 sc=0.8087 mi=0.0219 dn=0.0000 v13=0.0000 grl=0.0000 v15=0.0000 v15r=0.0000 v16=0.0000 v17=0.0000 v18=0.0000 acc=1.0000 lr=1.52e-05 lambda=0.000 grl_lambda=0.000 v18_lambda=0.000 gpu=3.0/11.8GB
[21:29:26] [ep_summary] ep=86/100 val_live=0.9383/0.9383 val_ema=0.9444/0.9449 test77_live=0.1475/0.0432 test77_diag_ema=0.1475/0.0431 v13=0.0000 grl=0.0000 v15=0.0000 v15r=0.0000 v16=0.0000 v17=0.0000 v18=0.0000 das=off[0,0] p=0.00 ep_time=33.1s
[21:29:26] [train] epoch 87/100 steps=40 use_dann=0 das=off f=[0.0,0.0] p=0.00 gpu=3.0/11.8GB
[21:29:27] [train] ep=87 step=001/40 ce=0.2553 sc=0.8197 mi=0.0229 dn=0.0000 v13=0.0000 grl=0.0000 v15=0.0000 v15r=0.0000 v16=0.0000 v17=0.0000 v18=0.0000 acc=1.0000 lr=1.52e-05 lambda=0.000 grl_lambda=0.000 v18_lambda=0.000 gpu=3.0/11.8GB
[21:29:32] [train] ep=87 step=010/40 ce=0.2555 sc=0.6628 mi=0.0225 dn=0.0000 v13=0.0000 grl=0.0000 v15=0.0000 v15r=0.0000 v16=0.0000 v17=0.0000 v18=0.0000 acc=1.0000 lr=1.47e-05 lambda=0.000 grl_lambda=0.000 v18_lambda=0.000 gpu=3.0/11.8GB
[21:29:38] [train] ep=87 step=020/40 ce=0.2556 sc=0.7092 mi=0.0226 dn=0.0000 v13=0.0000 grl=0.0000 v15=0.0000 v15r=0.0000 v16=0.0000 v17=0.0000 v18=0.0000 acc=1.0000 lr=1.42e-05 lambda=0.000 grl_lambda=0.000 v18_lambda=0.000 gpu=3.0/11.8GB
[21:29:44] [train] ep=87 step=030/40 ce=0.2558 sc=0.7494 mi=0.0223 dn=0.0000 v13=0.0000 grl=0.0000 v15=0.0000 v15r=0.0000 v16=0.0000 v17=0.0000 v18=0.0000 acc=1.0000 lr=1.37e-05 lambda=0.000 grl_lambda=0.000 v18_lambda=0.000 gpu=3.0/11.8GB
[21:29:49] [train] ep=87 step=040/40 ce=0.2558 sc=0.7280 mi=0.0221 dn=0.0000 v13=0.0000 grl=0.0000 v15=0.0000 v15r=0.0000 v16=0.0000 v17=0.0000 v18=0.0000 acc=1.0000 lr=1.31e-05 lambda=0.000 grl_lambda=0.000 v18_lambda=0.000 gpu=3.0/11.8GB
[21:30:00] [ep_summary] ep=87/100 val_live=0.9383/0.9383 val_ema=0.9444/0.9449 test77_live=0.1475/0.0432 test77_diag_ema=0.1475/0.0431 v13=0.0000 grl=0.0000 v15=0.0000 v15r=0.0000 v16=0.0000 v17=0.0000 v18=0.0000 das=off[0,0] p=0.00 ep_time=33.3s
[21:30:00] [train] epoch 88/100 steps=40 use_dann=0 das=off f=[0.0,0.0] p=0.00 gpu=3.0/11.8GB
[21:30:00] [train] ep=88 step=001/40 ce=0.2550 sc=0.8373 mi=0.0208 dn=0.0000 v13=0.0000 grl=0.0000 v15=0.0000 v15r=0.0000 v16=0.0000 v17=0.0000 v18=0.0000 acc=1.0000 lr=1.31e-05 lambda=0.000 grl_lambda=0.000 v18_lambda=0.000 gpu=3.0/11.8GB
[21:30:05] [train] ep=88 step=010/40 ce=0.2556 sc=0.7778 mi=0.0231 dn=0.0000 v13=0.0000 grl=0.0000 v15=0.0000 v15r=0.0000 v16=0.0000 v17=0.0000 v18=0.0000 acc=1.0000 lr=1.27e-05 lambda=0.000 grl_lambda=0.000 v18_lambda=0.000 gpu=3.0/11.8GB
[21:30:11] [train] ep=88 step=020/40 ce=0.2557 sc=0.7159 mi=0.0221 dn=0.0000 v13=0.0000 grl=0.0000 v15=0.0000 v15r=0.0000 v16=0.0000 v17=0.0000 v18=0.0000 acc=1.0000 lr=1.22e-05 lambda=0.000 grl_lambda=0.000 v18_lambda=0.000 gpu=3.0/11.8GB
[21:30:17] [train] ep=88 step=030/40 ce=0.2557 sc=0.7028 mi=0.0225 dn=0.0000 v13=0.0000 grl=0.0000 v15=0.0000 v15r=0.0000 v16=0.0000 v17=0.0000 v18=0.0000 acc=1.0000 lr=1.17e-05 lambda=0.000 grl_lambda=0.000 v18_lambda=0.000 gpu=3.0/11.8GB
[21:30:23] [train] ep=88 step=040/40 ce=0.2557 sc=0.7110 mi=0.0227 dn=0.0000 v13=0.0000 grl=0.0000 v15=0.0000 v15r=0.0000 v16=0.0000 v17=0.0000 v18=0.0000 acc=1.0000 lr=1.12e-05 lambda=0.000 grl_lambda=0.000 v18_lambda=0.000 gpu=3.0/11.8GB
[21:30:33] [ep_summary] ep=88/100 val_live=0.9383/0.9383 val_ema=0.9444/0.9449 test77_live=0.1439/0.0424 test77_diag_ema=0.1475/0.0431 v13=0.0000 grl=0.0000 v15=0.0000 v15r=0.0000 v16=0.0000 v17=0.0000 v18=0.0000 das=off[0,0] p=0.00 ep_time=33.1s
[21:30:33] [train] epoch 89/100 steps=40 use_dann=0 das=off f=[0.0,0.0] p=0.00 gpu=3.0/11.8GB
[21:30:33] [train] ep=89 step=001/40 ce=0.2558 sc=0.6127 mi=0.0204 dn=0.0000 v13=0.0000 grl=0.0000 v15=0.0000 v15r=0.0000 v16=0.0000 v17=0.0000 v18=0.0000 acc=1.0000 lr=1.12e-05 lambda=0.000 grl_lambda=0.000 v18_lambda=0.000 gpu=3.0/11.8GB
[21:30:38] [train] ep=89 step=010/40 ce=0.2558 sc=0.8592 mi=0.0211 dn=0.0000 v13=0.0000 grl=0.0000 v15=0.0000 v15r=0.0000 v16=0.0000 v17=0.0000 v18=0.0000 acc=1.0000 lr=1.08e-05 lambda=0.000 grl_lambda=0.000 v18_lambda=0.000 gpu=3.0/11.8GB
[21:30:44] [train] ep=89 step=020/40 ce=0.2557 sc=0.7774 mi=0.0206 dn=0.0000 v13=0.0000 grl=0.0000 v15=0.0000 v15r=0.0000 v16=0.0000 v17=0.0000 v18=0.0000 acc=1.0000 lr=1.03e-05 lambda=0.000 grl_lambda=0.000 v18_lambda=0.000 gpu=3.0/11.8GB
[21:30:50] [train] ep=89 step=030/40 ce=0.2557 sc=0.8017 mi=0.0212 dn=0.0000 v13=0.0000 grl=0.0000 v15=0.0000 v15r=0.0000 v16=0.0000 v17=0.0000 v18=0.0000 acc=1.0000 lr=9.89e-06 lambda=0.000 grl_lambda=0.000 v18_lambda=0.000 gpu=3.0/11.8GB
[21:30:56] [train] ep=89 step=040/40 ce=0.2557 sc=0.7664 mi=0.0213 dn=0.0000 v13=0.0000 grl=0.0000 v15=0.0000 v15r=0.0000 v16=0.0000 v17=0.0000 v18=0.0000 acc=1.0000 lr=9.46e-06 lambda=0.000 grl_lambda=0.000 v18_lambda=0.000 gpu=3.0/11.8GB
[21:31:06] [ep_summary] ep=89/100 val_live=0.9383/0.9383 val_ema=0.9444/0.9449 test77_live=0.1475/0.0432 test77_diag_ema=0.1475/0.0431 v13=0.0000 grl=0.0000 v15=0.0000 v15r=0.0000 v16=0.0000 v17=0.0000 v18=0.0000 das=off[0,0] p=0.00 ep_time=33.3s
[21:31:06] [train] epoch 90/100 steps=40 use_dann=0 das=off f=[0.0,0.0] p=0.00 gpu=3.0/11.8GB
[21:31:07] [train] ep=90 step=001/40 ce=0.2551 sc=0.4332 mi=0.0246 dn=0.0000 v13=0.0000 grl=0.0000 v15=0.0000 v15r=0.0000 v16=0.0000 v17=0.0000 v18=0.0000 acc=1.0000 lr=9.42e-06 lambda=0.000 grl_lambda=0.000 v18_lambda=0.000 gpu=3.0/11.8GB
[21:31:12] [train] ep=90 step=010/40 ce=0.2556 sc=0.6812 mi=0.0242 dn=0.0000 v13=0.0000 grl=0.0000 v15=0.0000 v15r=0.0000 v16=0.0000 v17=0.0000 v18=0.0000 acc=1.0000 lr=9.04e-06 lambda=0.000 grl_lambda=0.000 v18_lambda=0.000 gpu=3.0/11.8GB
[21:31:18] [train] ep=90 step=020/40 ce=0.2557 sc=0.7169 mi=0.0232 dn=0.0000 v13=0.0000 grl=0.0000 v15=0.0000 v15r=0.0000 v16=0.0000 v17=0.0000 v18=0.0000 acc=1.0000 lr=8.63e-06 lambda=0.000 grl_lambda=0.000 v18_lambda=0.000 gpu=3.0/11.8GB
[21:31:23] [train] ep=90 step=030/40 ce=0.2557 sc=0.7234 mi=0.0225 dn=0.0000 v13=0.0000 grl=0.0000 v15=0.0000 v15r=0.0000 v16=0.0000 v17=0.0000 v18=0.0000 acc=1.0000 lr=8.23e-06 lambda=0.000 grl_lambda=0.000 v18_lambda=0.000 gpu=3.0/11.8GB
[21:31:29] [train] ep=90 step=040/40 ce=0.2558 sc=0.7167 mi=0.0229 dn=0.0000 v13=0.0000 grl=0.0000 v15=0.0000 v15r=0.0000 v16=0.0000 v17=0.0000 v18=0.0000 acc=1.0000 lr=7.84e-06 lambda=0.000 grl_lambda=0.000 v18_lambda=0.000 gpu=3.0/11.8GB
[21:31:39] [pool] check ep=090/100 source_val_acc_ema=0.9444 threshold=0.90
[21:31:44] [pool] ep=090 ADDED src_val=0.9444/0.9449 dev77=0.1429/0.0480 final77=0.1475/0.0431
[21:31:44] [pool] running best ep=050 dev77_f1=0.1080 final77_f1=0.0992 (pool_size=6)
[21:31:44] [ep_summary] ep=90/100 val_live=0.9383/0.9383 val_ema=0.9444/0.9449 test77_live=0.1439/0.0424 test77_diag_ema=0.1475/0.0431 v13=0.0000 grl=0.0000 v15=0.0000 v15r=0.0000 v16=0.0000 v17=0.0000 v18=0.0000 das=off[0,0] p=0.00 ep_time=37.9s
[21:31:44] [strict77_monitor] ep=90 best_source_epoch=58 source_val_ema=0.9506/0.9513 test77_ema_diag=0.1691/0.0727 sourcequalified_count=52 best_sourcequalified77_epoch=43 source_val_ema=0.9259/0.9270 test77_ema=0.2446/0.1097
[21:31:44] [train] epoch 91/100 steps=40 use_dann=0 das=off f=[0.0,0.0] p=0.00 gpu=3.0/11.8GB
[21:31:44] [train] ep=91 step=001/40 ce=0.2558 sc=0.2617 mi=0.0201 dn=0.0000 v13=0.0000 grl=0.0000 v15=0.0000 v15r=0.0000 v16=0.0000 v17=0.0000 v18=0.0000 acc=1.0000 lr=7.80e-06 lambda=0.000 grl_lambda=0.000 v18_lambda=0.000 gpu=3.0/11.8GB
[21:31:50] [train] ep=91 step=010/40 ce=0.2556 sc=0.7001 mi=0.0214 dn=0.0000 v13=0.0000 grl=0.0000 v15=0.0000 v15r=0.0000 v16=0.0000 v17=0.0000 v18=0.0000 acc=1.0000 lr=7.45e-06 lambda=0.000 grl_lambda=0.000 v18_lambda=0.000 gpu=3.0/11.8GB
[21:31:55] [train] ep=91 step=020/40 ce=0.2557 sc=0.7123 mi=0.0210 dn=0.0000 v13=0.0000 grl=0.0000 v15=0.0000 v15r=0.0000 v16=0.0000 v17=0.0000 v18=0.0000 acc=1.0000 lr=7.08e-06 lambda=0.000 grl_lambda=0.000 v18_lambda=0.000 gpu=3.0/11.8GB
[21:32:01] [train] ep=91 step=030/40 ce=0.2557 sc=0.7757 mi=0.0214 dn=0.0000 v13=0.0000 grl=0.0000 v15=0.0000 v15r=0.0000 v16=0.0000 v17=0.0000 v18=0.0000 acc=1.0000 lr=6.72e-06 lambda=0.000 grl_lambda=0.000 v18_lambda=0.000 gpu=3.0/11.8GB
[21:32:07] [train] ep=91 step=040/40 ce=0.2557 sc=0.7656 mi=0.0216 dn=0.0000 v13=0.0000 grl=0.0000 v15=0.0000 v15r=0.0000 v16=0.0000 v17=0.0000 v18=0.0000 acc=1.0000 lr=6.36e-06 lambda=0.000 grl_lambda=0.000 v18_lambda=0.000 gpu=3.0/11.8GB
[21:32:17] [ep_summary] ep=91/100 val_live=0.9383/0.9383 val_ema=0.9444/0.9449 test77_live=0.1475/0.0432 test77_diag_ema=0.1475/0.0431 v13=0.0000 grl=0.0000 v15=0.0000 v15r=0.0000 v16=0.0000 v17=0.0000 v18=0.0000 das=off[0,0] p=0.00 ep_time=33.1s
[21:32:17] [train] epoch 92/100 steps=40 use_dann=0 das=off f=[0.0,0.0] p=0.00 gpu=3.0/11.8GB
[21:32:18] [train] ep=92 step=001/40 ce=0.2553 sc=1.2115 mi=0.0198 dn=0.0000 v13=0.0000 grl=0.0000 v15=0.0000 v15r=0.0000 v16=0.0000 v17=0.0000 v18=0.0000 acc=1.0000 lr=6.33e-06 lambda=0.000 grl_lambda=0.000 v18_lambda=0.000 gpu=3.0/11.8GB
[21:32:23] [train] ep=92 step=010/40 ce=0.2557 sc=0.7855 mi=0.0219 dn=0.0000 v13=0.0000 grl=0.0000 v15=0.0000 v15r=0.0000 v16=0.0000 v17=0.0000 v18=0.0000 acc=1.0000 lr=6.02e-06 lambda=0.000 grl_lambda=0.000 v18_lambda=0.000 gpu=3.0/11.8GB
[21:32:29] [train] ep=92 step=020/40 ce=0.2557 sc=0.7574 mi=0.0223 dn=0.0000 v13=0.0000 grl=0.0000 v15=0.0000 v15r=0.0000 v16=0.0000 v17=0.0000 v18=0.0000 acc=1.0000 lr=5.68e-06 lambda=0.000 grl_lambda=0.000 v18_lambda=0.000 gpu=3.0/11.8GB
[21:32:34] [train] ep=92 step=030/40 ce=0.2556 sc=0.7506 mi=0.0229 dn=0.0000 v13=0.0000 grl=0.0000 v15=0.0000 v15r=0.0000 v16=0.0000 v17=0.0000 v18=0.0000 acc=1.0000 lr=5.35e-06 lambda=0.000 grl_lambda=0.000 v18_lambda=0.000 gpu=3.0/11.8GB
[21:32:40] [train] ep=92 step=040/40 ce=0.2557 sc=0.7711 mi=0.0227 dn=0.0000 v13=0.0000 grl=0.0000 v15=0.0000 v15r=0.0000 v16=0.0000 v17=0.0000 v18=0.0000 acc=1.0000 lr=5.04e-06 lambda=0.000 grl_lambda=0.000 v18_lambda=0.000 gpu=3.0/11.8GB
[21:32:50] [ep_summary] ep=92/100 val_live=0.9383/0.9383 val_ema=0.9383/0.9382 test77_live=0.1475/0.0432 test77_diag_ema=0.1475/0.0431 v13=0.0000 grl=0.0000 v15=0.0000 v15r=0.0000 v16=0.0000 v17=0.0000 v18=0.0000 das=off[0,0] p=0.00 ep_time=33.1s
[21:32:50] [train] epoch 93/100 steps=40 use_dann=0 das=off f=[0.0,0.0] p=0.00 gpu=3.0/11.8GB
[21:32:51] [train] ep=93 step=001/40 ce=0.2568 sc=0.6130 mi=0.0207 dn=0.0000 v13=0.0000 grl=0.0000 v15=0.0000 v15r=0.0000 v16=0.0000 v17=0.0000 v18=0.0000 acc=1.0000 lr=5.01e-06 lambda=0.000 grl_lambda=0.000 v18_lambda=0.000 gpu=3.0/11.8GB
[21:32:56] [train] ep=93 step=010/40 ce=0.2559 sc=0.7223 mi=0.0229 dn=0.0000 v13=0.0000 grl=0.0000 v15=0.0000 v15r=0.0000 v16=0.0000 v17=0.0000 v18=0.0000 acc=1.0000 lr=4.73e-06 lambda=0.000 grl_lambda=0.000 v18_lambda=0.000 gpu=3.0/11.8GB
[21:33:02] [train] ep=93 step=020/40 ce=0.2558 sc=0.7570 mi=0.0224 dn=0.0000 v13=0.0000 grl=0.0000 v15=0.0000 v15r=0.0000 v16=0.0000 v17=0.0000 v18=0.0000 acc=1.0000 lr=4.43e-06 lambda=0.000 grl_lambda=0.000 v18_lambda=0.000 gpu=3.0/11.8GB
[21:33:07] [train] ep=93 step=030/40 ce=0.2558 sc=0.7100 mi=0.0221 dn=0.0000 v13=0.0000 grl=0.0000 v15=0.0000 v15r=0.0000 v16=0.0000 v17=0.0000 v18=0.0000 acc=1.0000 lr=4.14e-06 lambda=0.000 grl_lambda=0.000 v18_lambda=0.000 gpu=3.0/11.8GB
[21:33:13] [train] ep=93 step=040/40 ce=0.2558 sc=0.6999 mi=0.0217 dn=0.0000 v13=0.0000 grl=0.0000 v15=0.0000 v15r=0.0000 v16=0.0000 v17=0.0000 v18=0.0000 acc=1.0000 lr=3.87e-06 lambda=0.000 grl_lambda=0.000 v18_lambda=0.000 gpu=3.0/11.8GB
[21:33:23] [ep_summary] ep=93/100 val_live=0.9383/0.9383 val_ema=0.9383/0.9382 test77_live=0.1475/0.0432 test77_diag_ema=0.1475/0.0431 v13=0.0000 grl=0.0000 v15=0.0000 v15r=0.0000 v16=0.0000 v17=0.0000 v18=0.0000 das=off[0,0] p=0.00 ep_time=33.1s
[21:33:23] [train] epoch 94/100 steps=40 use_dann=0 das=off f=[0.0,0.0] p=0.00 gpu=3.0/11.8GB
[21:33:24] [train] ep=94 step=001/40 ce=0.2554 sc=0.6124 mi=0.0258 dn=0.0000 v13=0.0000 grl=0.0000 v15=0.0000 v15r=0.0000 v16=0.0000 v17=0.0000 v18=0.0000 acc=1.0000 lr=3.84e-06 lambda=0.000 grl_lambda=0.000 v18_lambda=0.000 gpu=3.0/11.8GB
[21:33:29] [train] ep=94 step=010/40 ce=0.2555 sc=0.7150 mi=0.0220 dn=0.0000 v13=0.0000 grl=0.0000 v15=0.0000 v15r=0.0000 v16=0.0000 v17=0.0000 v18=0.0000 acc=1.0000 lr=3.60e-06 lambda=0.000 grl_lambda=0.000 v18_lambda=0.000 gpu=3.0/11.8GB
[21:33:35] [train] ep=94 step=020/40 ce=0.2556 sc=0.7430 mi=0.0219 dn=0.0000 v13=0.0000 grl=0.0000 v15=0.0000 v15r=0.0000 v16=0.0000 v17=0.0000 v18=0.0000 acc=1.0000 lr=3.34e-06 lambda=0.000 grl_lambda=0.000 v18_lambda=0.000 gpu=3.0/11.8GB
[21:33:40] [train] ep=94 step=030/40 ce=0.2556 sc=0.7672 mi=0.0222 dn=0.0000 v13=0.0000 grl=0.0000 v15=0.0000 v15r=0.0000 v16=0.0000 v17=0.0000 v18=0.0000 acc=1.0000 lr=3.09e-06 lambda=0.000 grl_lambda=0.000 v18_lambda=0.000 gpu=3.0/11.8GB
[21:33:46] [train] ep=94 step=040/40 ce=0.2557 sc=0.7538 mi=0.0224 dn=0.0000 v13=0.0000 grl=0.0000 v15=0.0000 v15r=0.0000 v16=0.0000 v17=0.0000 v18=0.0000 acc=1.0000 lr=2.85e-06 lambda=0.000 grl_lambda=0.000 v18_lambda=0.000 gpu=3.0/11.8GB
[21:33:56] [ep_summary] ep=94/100 val_live=0.9383/0.9383 val_ema=0.9321/0.9326 test77_live=0.1439/0.0424 test77_diag_ema=0.1475/0.0431 v13=0.0000 grl=0.0000 v15=0.0000 v15r=0.0000 v16=0.0000 v17=0.0000 v18=0.0000 das=off[0,0] p=0.00 ep_time=33.0s
[21:33:56] [train] epoch 95/100 steps=40 use_dann=0 das=off f=[0.0,0.0] p=0.00 gpu=3.0/11.8GB
[21:33:57] [train] ep=95 step=001/40 ce=0.2562 sc=1.0791 mi=0.0181 dn=0.0000 v13=0.0000 grl=0.0000 v15=0.0000 v15r=0.0000 v16=0.0000 v17=0.0000 v18=0.0000 acc=1.0000 lr=2.82e-06 lambda=0.000 grl_lambda=0.000 v18_lambda=0.000 gpu=3.0/11.8GB
[21:34:02] [train] ep=95 step=010/40 ce=0.2556 sc=0.7356 mi=0.0231 dn=0.0000 v13=0.0000 grl=0.0000 v15=0.0000 v15r=0.0000 v16=0.0000 v17=0.0000 v18=0.0000 acc=1.0000 lr=2.62e-06 lambda=0.000 grl_lambda=0.000 v18_lambda=0.000 gpu=3.0/11.8GB
[21:34:08] [train] ep=95 step=020/40 ce=0.2556 sc=0.7437 mi=0.0223 dn=0.0000 v13=0.0000 grl=0.0000 v15=0.0000 v15r=0.0000 v16=0.0000 v17=0.0000 v18=0.0000 acc=1.0000 lr=2.40e-06 lambda=0.000 grl_lambda=0.000 v18_lambda=0.000 gpu=3.0/11.8GB
[21:34:14] [train] ep=95 step=030/40 ce=0.2557 sc=0.7662 mi=0.0220 dn=0.0000 v13=0.0000 grl=0.0000 v15=0.0000 v15r=0.0000 v16=0.0000 v17=0.0000 v18=0.0000 acc=1.0000 lr=2.18e-06 lambda=0.000 grl_lambda=0.000 v18_lambda=0.000 gpu=3.0/11.8GB
[21:34:19] [train] ep=95 step=040/40 ce=0.2557 sc=0.7142 mi=0.0220 dn=0.0000 v13=0.0000 grl=0.0000 v15=0.0000 v15r=0.0000 v16=0.0000 v17=0.0000 v18=0.0000 acc=1.0000 lr=1.98e-06 lambda=0.000 grl_lambda=0.000 v18_lambda=0.000 gpu=3.0/11.8GB
[21:34:29] [ep_summary] ep=95/100 val_live=0.9383/0.9383 val_ema=0.9383/0.9382 test77_live=0.1439/0.0424 test77_diag_ema=0.1475/0.0431 v13=0.0000 grl=0.0000 v15=0.0000 v15r=0.0000 v16=0.0000 v17=0.0000 v18=0.0000 das=off[0,0] p=0.00 ep_time=33.1s
[21:34:29] [train] epoch 96/100 steps=40 use_dann=0 das=off f=[0.0,0.0] p=0.00 gpu=3.0/11.8GB
[21:34:30] [train] ep=96 step=001/40 ce=0.2561 sc=0.8382 mi=0.0198 dn=0.0000 v13=0.0000 grl=0.0000 v15=0.0000 v15r=0.0000 v16=0.0000 v17=0.0000 v18=0.0000 acc=1.0000 lr=1.96e-06 lambda=0.000 grl_lambda=0.000 v18_lambda=0.000 gpu=3.0/11.8GB
[21:34:35] [train] ep=96 step=010/40 ce=0.2558 sc=0.7319 mi=0.0211 dn=0.0000 v13=0.0000 grl=0.0000 v15=0.0000 v15r=0.0000 v16=0.0000 v17=0.0000 v18=0.0000 acc=1.0000 lr=1.79e-06 lambda=0.000 grl_lambda=0.000 v18_lambda=0.000 gpu=3.0/11.8GB
[21:34:41] [train] ep=96 step=020/40 ce=0.2557 sc=0.7164 mi=0.0216 dn=0.0000 v13=0.0000 grl=0.0000 v15=0.0000 v15r=0.0000 v16=0.0000 v17=0.0000 v18=0.0000 acc=1.0000 lr=1.61e-06 lambda=0.000 grl_lambda=0.000 v18_lambda=0.000 gpu=3.0/11.8GB
[21:34:47] [train] ep=96 step=030/40 ce=0.2557 sc=0.6888 mi=0.0220 dn=0.0000 v13=0.0000 grl=0.0000 v15=0.0000 v15r=0.0000 v16=0.0000 v17=0.0000 v18=0.0000 acc=1.0000 lr=1.44e-06 lambda=0.000 grl_lambda=0.000 v18_lambda=0.000 gpu=3.0/11.8GB
[21:34:52] [train] ep=96 step=040/40 ce=0.2557 sc=0.7028 mi=0.0223 dn=0.0000 v13=0.0000 grl=0.0000 v15=0.0000 v15r=0.0000 v16=0.0000 v17=0.0000 v18=0.0000 acc=1.0000 lr=1.27e-06 lambda=0.000 grl_lambda=0.000 v18_lambda=0.000 gpu=3.0/11.8GB
[21:35:03] [ep_summary] ep=96/100 val_live=0.9383/0.9383 val_ema=0.9383/0.9382 test77_live=0.1439/0.0424 test77_diag_ema=0.1475/0.0431 v13=0.0000 grl=0.0000 v15=0.0000 v15r=0.0000 v16=0.0000 v17=0.0000 v18=0.0000 das=off[0,0] p=0.00 ep_time=33.1s
[21:35:03] [train] epoch 97/100 steps=40 use_dann=0 das=off f=[0.0,0.0] p=0.00 gpu=3.0/11.8GB
[21:35:03] [train] ep=97 step=001/40 ce=0.2560 sc=0.6134 mi=0.0228 dn=0.0000 v13=0.0000 grl=0.0000 v15=0.0000 v15r=0.0000 v16=0.0000 v17=0.0000 v18=0.0000 acc=1.0000 lr=1.26e-06 lambda=0.000 grl_lambda=0.000 v18_lambda=0.000 gpu=3.0/11.8GB
[21:35:08] [train] ep=97 step=010/40 ce=0.2556 sc=0.8281 mi=0.0216 dn=0.0000 v13=0.0000 grl=0.0000 v15=0.0000 v15r=0.0000 v16=0.0000 v17=0.0000 v18=0.0000 acc=1.0000 lr=1.12e-06 lambda=0.000 grl_lambda=0.000 v18_lambda=0.000 gpu=3.0/11.8GB
[21:35:14] [train] ep=97 step=020/40 ce=0.2556 sc=0.7548 mi=0.0214 dn=0.0000 v13=0.0000 grl=0.0000 v15=0.0000 v15r=0.0000 v16=0.0000 v17=0.0000 v18=0.0000 acc=1.0000 lr=9.76e-07 lambda=0.000 grl_lambda=0.000 v18_lambda=0.000 gpu=3.0/11.8GB
[21:35:20] [train] ep=97 step=030/40 ce=0.2556 sc=0.7445 mi=0.0217 dn=0.0000 v13=0.0000 grl=0.0000 v15=0.0000 v15r=0.0000 v16=0.0000 v17=0.0000 v18=0.0000 acc=1.0000 lr=8.43e-07 lambda=0.000 grl_lambda=0.000 v18_lambda=0.000 gpu=3.0/11.8GB
[21:35:26] [train] ep=97 step=040/40 ce=0.2556 sc=0.7368 mi=0.0215 dn=0.0000 v13=0.0000 grl=0.0000 v15=0.0000 v15r=0.0000 v16=0.0000 v17=0.0000 v18=0.0000 acc=1.0000 lr=7.19e-07 lambda=0.000 grl_lambda=0.000 v18_lambda=0.000 gpu=3.0/11.8GB
[21:35:36] [ep_summary] ep=97/100 val_live=0.9383/0.9383 val_ema=0.9321/0.9326 test77_live=0.1439/0.0424 test77_diag_ema=0.1475/0.0431 v13=0.0000 grl=0.0000 v15=0.0000 v15r=0.0000 v16=0.0000 v17=0.0000 v18=0.0000 das=off[0,0] p=0.00 ep_time=33.1s
[21:35:36] [train] epoch 98/100 steps=40 use_dann=0 das=off f=[0.0,0.0] p=0.00 gpu=3.0/11.8GB
[21:35:36] [train] ep=98 step=001/40 ce=0.2549 sc=0.7835 mi=0.0237 dn=0.0000 v13=0.0000 grl=0.0000 v15=0.0000 v15r=0.0000 v16=0.0000 v17=0.0000 v18=0.0000 acc=1.0000 lr=7.07e-07 lambda=0.000 grl_lambda=0.000 v18_lambda=0.000 gpu=3.0/11.8GB
[21:35:41] [train] ep=98 step=010/40 ce=0.2556 sc=0.6436 mi=0.0213 dn=0.0000 v13=0.0000 grl=0.0000 v15=0.0000 v15r=0.0000 v16=0.0000 v17=0.0000 v18=0.0000 acc=1.0000 lr=6.05e-07 lambda=0.000 grl_lambda=0.000 v18_lambda=0.000 gpu=3.0/11.8GB
[21:35:47] [train] ep=98 step=020/40 ce=0.2556 sc=0.6574 mi=0.0217 dn=0.0000 v13=0.0000 grl=0.0000 v15=0.0000 v15r=0.0000 v16=0.0000 v17=0.0000 v18=0.0000 acc=1.0000 lr=5.01e-07 lambda=0.000 grl_lambda=0.000 v18_lambda=0.000 gpu=3.0/11.8GB
[21:35:53] [train] ep=98 step=030/40 ce=0.2557 sc=0.7148 mi=0.0217 dn=0.0000 v13=0.0000 grl=0.0000 v15=0.0000 v15r=0.0000 v16=0.0000 v17=0.0000 v18=0.0000 acc=1.0000 lr=4.07e-07 lambda=0.000 grl_lambda=0.000 v18_lambda=0.000 gpu=3.0/11.8GB
[21:35:59] [train] ep=98 step=040/40 ce=0.2556 sc=0.7317 mi=0.0221 dn=0.0000 v13=0.0000 grl=0.0000 v15=0.0000 v15r=0.0000 v16=0.0000 v17=0.0000 v18=0.0000 acc=1.0000 lr=3.22e-07 lambda=0.000 grl_lambda=0.000 v18_lambda=0.000 gpu=3.0/11.8GB
[21:36:09] [ep_summary] ep=98/100 val_live=0.9383/0.9383 val_ema=0.9321/0.9326 test77_live=0.1439/0.0424 test77_diag_ema=0.1475/0.0431 v13=0.0000 grl=0.0000 v15=0.0000 v15r=0.0000 v16=0.0000 v17=0.0000 v18=0.0000 das=off[0,0] p=0.00 ep_time=33.1s
[21:36:09] [train] epoch 99/100 steps=40 use_dann=0 das=off f=[0.0,0.0] p=0.00 gpu=3.0/11.8GB
[21:36:09] [train] ep=99 step=001/40 ce=0.2555 sc=0.6299 mi=0.0196 dn=0.0000 v13=0.0000 grl=0.0000 v15=0.0000 v15r=0.0000 v16=0.0000 v17=0.0000 v18=0.0000 acc=1.0000 lr=3.15e-07 lambda=0.000 grl_lambda=0.000 v18_lambda=0.000 gpu=3.0/11.8GB
[21:36:14] [train] ep=99 step=010/40 ce=0.2556 sc=0.7608 mi=0.0211 dn=0.0000 v13=0.0000 grl=0.0000 v15=0.0000 v15r=0.0000 v16=0.0000 v17=0.0000 v18=0.0000 acc=1.0000 lr=2.48e-07 lambda=0.000 grl_lambda=0.000 v18_lambda=0.000 gpu=3.0/11.8GB
[21:36:20] [train] ep=99 step=020/40 ce=0.2556 sc=0.7612 mi=0.0211 dn=0.0000 v13=0.0000 grl=0.0000 v15=0.0000 v15r=0.0000 v16=0.0000 v17=0.0000 v18=0.0000 acc=1.0000 lr=1.83e-07 lambda=0.000 grl_lambda=0.000 v18_lambda=0.000 gpu=3.0/11.8GB
[21:36:26] [train] ep=99 step=030/40 ce=0.2556 sc=0.7626 mi=0.0217 dn=0.0000 v13=0.0000 grl=0.0000 v15=0.0000 v15r=0.0000 v16=0.0000 v17=0.0000 v18=0.0000 acc=1.0000 lr=1.28e-07 lambda=0.000 grl_lambda=0.000 v18_lambda=0.000 gpu=3.0/11.8GB
[21:36:32] [train] ep=99 step=040/40 ce=0.2556 sc=0.7622 mi=0.0219 dn=0.0000 v13=0.0000 grl=0.0000 v15=0.0000 v15r=0.0000 v16=0.0000 v17=0.0000 v18=0.0000 acc=1.0000 lr=8.26e-08 lambda=0.000 grl_lambda=0.000 v18_lambda=0.000 gpu=3.0/11.8GB
[21:36:42] [ep_summary] ep=99/100 val_live=0.9383/0.9383 val_ema=0.9321/0.9326 test77_live=0.1439/0.0424 test77_diag_ema=0.1475/0.0431 v13=0.0000 grl=0.0000 v15=0.0000 v15r=0.0000 v16=0.0000 v17=0.0000 v18=0.0000 das=off[0,0] p=0.00 ep_time=33.1s
[21:36:42] [train] epoch 100/100 steps=40 use_dann=0 das=off f=[0.0,0.0] p=0.00 gpu=3.0/11.8GB
[21:36:42] [train] ep=100 step=001/40 ce=0.2559 sc=0.4330 mi=0.0188 dn=0.0000 v13=0.0000 grl=0.0000 v15=0.0000 v15r=0.0000 v16=0.0000 v17=0.0000 v18=0.0000 acc=1.0000 lr=7.87e-08 lambda=0.000 grl_lambda=0.000 v18_lambda=0.000 gpu=3.0/11.8GB
[21:36:48] [train] ep=100 step=010/40 ce=0.2557 sc=0.7976 mi=0.0220 dn=0.0000 v13=0.0000 grl=0.0000 v15=0.0000 v15r=0.0000 v16=0.0000 v17=0.0000 v18=0.0000 acc=1.0000 lr=4.72e-08 lambda=0.000 grl_lambda=0.000 v18_lambda=0.000 gpu=3.0/11.8GB
[21:36:53] [train] ep=100 step=020/40 ce=0.2557 sc=0.7565 mi=0.0221 dn=0.0000 v13=0.0000 grl=0.0000 v15=0.0000 v15r=0.0000 v16=0.0000 v17=0.0000 v18=0.0000 acc=1.0000 lr=2.17e-08 lambda=0.000 grl_lambda=0.000 v18_lambda=0.000 gpu=3.0/11.8GB
[21:36:59] [train] ep=100 step=030/40 ce=0.2557 sc=0.7732 mi=0.0218 dn=0.0000 v13=0.0000 grl=0.0000 v15=0.0000 v15r=0.0000 v16=0.0000 v17=0.0000 v18=0.0000 acc=1.0000 lr=5.95e-09 lambda=0.000 grl_lambda=0.000 v18_lambda=0.000 gpu=3.0/11.8GB
[21:37:05] [train] ep=100 step=040/40 ce=0.2557 sc=0.7793 mi=0.0217 dn=0.0000 v13=0.0000 grl=0.0000 v15=0.0000 v15r=0.0000 v16=0.0000 v17=0.0000 v18=0.0000 acc=1.0000 lr=4.92e-11 lambda=0.000 grl_lambda=0.000 v18_lambda=0.000 gpu=3.0/11.8GB
[21:37:15] [pool] check ep=100/100 source_val_acc_ema=0.9321 threshold=0.90
[21:37:20] [pool] ep=100 ADDED src_val=0.9321/0.9326 dev77=0.1429/0.0480 final77=0.1475/0.0431
[21:37:20] [pool] running best ep=050 dev77_f1=0.1080 final77_f1=0.0992 (pool_size=7)
[21:37:20] [ep_summary] ep=100/100 val_live=0.9383/0.9383 val_ema=0.9321/0.9326 test77_live=0.1439/0.0424 test77_diag_ema=0.1475/0.0431 v13=0.0000 grl=0.0000 v15=0.0000 v15r=0.0000 v16=0.0000 v17=0.0000 v18=0.0000 das=off[0,0] p=0.00 ep_time=37.8s
[21:37:20] [strict77_monitor] ep=100 best_source_epoch=58 source_val_ema=0.9506/0.9513 test77_ema_diag=0.1691/0.0727 sourcequalified_count=62 best_sourcequalified77_epoch=43 source_val_ema=0.9259/0.9270 test77_ema=0.2446/0.1097
[21:37:20] [pool] FINAL pool_size=7 best ep=050 dev77_f1=0.1080 final77_f1=0.0992 -> /scratch/st-zliu-1/heqingz/CrossCarrier_Fresh_20260922/CrossCarrier_Repro/EXPERIMENTSRESULT/REVISION_5090/SUPP_ABLATION/DAS_ERM/seed31415/checkpoints/best_pool_ema.pt
[21:37:20] [train] done best_sourceval_acc_ema=0.9506
[21:38:57] [eval] loaded vit_large_patch16_dinov3_lvd1689m_best_sourceval_ema.pt (sourceval)
[21:38:58] [eval] strict source-val selected by ema acc; heldout77_unused=140 final_test77=278 imgs, seed=42 dev_per_class=20
[21:39:09] [eval] 77GHz final-test acc=0.1691 f1=0.0727
[21:39:09] [eval] 77GHz final-test per-class={'Away': 0.0, 'Bend': 0.1794871794871795, 'Kneel': 0.0, 'Pick': 0.0, 'SStep': 0.0, 'Sit': 0.0, 'Towards': 1.0}
[21:39:15] [eval] val_all acc=0.9506 f1=0.9513
[21:39:16] [freq_scan:val10] f_virt=15GHz acc=0.7308 f1=0.7270
[21:39:17] [freq_scan:val10] f_virt=30GHz acc=0.3718 f1=0.2404
[21:39:18] [freq_scan:val10] f_virt=50GHz acc=0.3846 f1=0.2460
[21:39:20] [freq_scan:val10] f_virt=77GHz acc=0.3590 f1=0.2307
[21:39:21] [freq_scan:val10] f_virt=99GHz acc=0.2949 f1=0.1978
[21:39:22] [freq_scan:val10] f_virt=120GHz acc=0.2692 f1=0.1742
[21:39:23] [freq_scan:val10] f_virt=140GHz acc=0.2051 f1=0.1132
[21:39:25] [freq_scan:val24] f_virt=15GHz acc=0.6429 f1=0.5966
[21:39:26] [freq_scan:val24] f_virt=30GHz acc=0.9405 f1=0.9394
[21:39:27] [freq_scan:val24] f_virt=50GHz acc=0.3333 f1=0.2400
[21:39:28] [freq_scan:val24] f_virt=77GHz acc=0.2976 f1=0.1962
[21:39:29] [freq_scan:val24] f_virt=99GHz acc=0.2738 f1=0.1718
[21:39:31] [freq_scan:val24] f_virt=120GHz acc=0.2857 f1=0.1837
[21:39:32] [freq_scan:val24] f_virt=140GHz acc=0.2381 f1=0.1531
[21:39:32] [eval] saved eval_sourceval.json
[21:39:43] [eval] loaded vit_large_patch16_dinov3_lvd1689m_best_sourcequalified77_ema.pt (sourcequalified)
[21:39:43] [eval] source-qualified diagnostic selected (source-val ema acc >= 0.90, then best 77GHz ema macro-F1); heldout77_unused=140 final_test77=278 imgs, seed=42 dev_per_class=20
[21:39:47] [eval] 77GHz final-test acc=0.2446 f1=0.1097
[21:39:47] [eval] 77GHz final-test per-class={'Away': 0.0, 'Bend': 0.7435897435897436, 'Kneel': 0.0, 'Pick': 0.0, 'SStep': 0.0, 'Sit': 0.0, 'Towards': 0.975}
[21:39:49] [eval] val_all acc=0.9259 f1=0.9270
[21:39:50] [freq_scan:val10] f_virt=15GHz acc=0.6538 f1=0.6045
[21:39:51] [freq_scan:val10] f_virt=30GHz acc=0.3205 f1=0.2227
[21:39:52] [freq_scan:val10] f_virt=50GHz acc=0.3333 f1=0.2365
[21:39:53] [freq_scan:val10] f_virt=77GHz acc=0.3974 f1=0.2582
[21:39:54] [freq_scan:val10] f_virt=99GHz acc=0.3462 f1=0.2292
[21:39:55] [freq_scan:val10] f_virt=120GHz acc=0.2821 f1=0.1719
[21:39:56] [freq_scan:val10] f_virt=140GHz acc=0.2564 f1=0.1438
[21:39:58] [freq_scan:val24] f_virt=15GHz acc=0.6190 f1=0.5756
[21:39:59] [freq_scan:val24] f_virt=30GHz acc=0.8929 f1=0.8942
[21:40:00] [freq_scan:val24] f_virt=50GHz acc=0.3333 f1=0.2381
[21:40:01] [freq_scan:val24] f_virt=77GHz acc=0.2976 f1=0.2067
[21:40:02] [freq_scan:val24] f_virt=99GHz acc=0.2857 f1=0.1942
[21:40:03] [freq_scan:val24] f_virt=120GHz acc=0.2738 f1=0.1775
[21:40:05] [freq_scan:val24] f_virt=140GHz acc=0.2500 f1=0.1616
[21:40:05] [eval] saved eval_sourcequalified.json
