[21:43:45] run_dir=/scratch/st-zliu-1/heqingz/CrossCarrier_Fresh_20260922/CrossCarrier_Repro/EXPERIMENTSRESULT/REVISION_5090/SUPP_ABLATION/DAS_stretch_only/seed42
[21:43:45] device=cuda
[21:43:45] backbone=vit_large_patch16_dinov3.lvd1689m
[21:43:45] env: manifest_dir=/scratch/st-zliu-1/heqingz/CrossCarrier_Fresh_20260922/CrossCarrier_Repro/tasks/known_people_unknown_freq/manifest dataset_root=/scratch/st-zliu-1/heqingz/CrossCarrier_Fresh_20260922/CrossCarrier_Repro use_dann=False selection=source_val_acc_ema adapter_mode=lora
[21:43:45] set_seed(42)
[21:44:07] [fast_gpu] source cache 644 imgs (0.39GB) on cuda
[21:44:07] train_source=644 train_src_rows=10:302 24:342 source_steps/epoch=40 val_all=162 heldout77_unused=140 test77_final=278
[21:44:07] [test77_split] seed=42 dev_per_class=20
[21:46:12] trainable params=2378753 (encoder_lora+neck+head + miro_proj+v15_falsification)
[21:46:12] logit_prior=[-1.9678890705108643, -1.913821816444397, -1.8427258729934692, -1.9678890705108643, -2.0133514404296875, -1.8929877281188965, -2.036881923675537]
[21:46:12] use_dann=False
[21:46:12] use_das=True
[21:46:12] das_mode=curriculum initial_stage={'name': 'stage1', 'p': 0.35, 'f_low': 10.0, 'f_high': 24.0}
[21:46:12] aug_flags: USE_HFT=False USE_SPEC_AUGMENT=False
[21:46:12] adapter_mode=lora
[21:46:12] schedule: epochs=100 steps/epoch=40 imgs/step=16 total_steps=4000 total_imgs=64000 warmup_steps=120
[21:46:12] source_qualified_policy: val_acc_ema>=0.90 candidates are recorded; best candidate by 77GHz F1 is saved as diagnostic
[21:46:12] [pool] init threshold=0.90 period=10 selection=dev77_f1
[21:46:12] [train] epoch 1/100 steps=40 use_dann=0 das=stage1 f=[10.0,24.0] p=0.35 gpu=3.0/3.0GB
[21:46:27] [train] ep=01 step=001/40 ce=7.2006 sc=3.0207 mi=1.0022 dn=0.0000 v13=0.0000 grl=0.0000 v15=0.0000 v15r=0.0000 v16=0.0000 v17=0.0000 v18=0.0000 acc=0.3750 lr=2.50e-06 lambda=0.000 grl_lambda=0.000 v18_lambda=0.000 gpu=3.0/11.8GB
[21:46:32] [train] ep=01 step=010/40 ce=7.8701 sc=2.9271 mi=0.9841 dn=0.0000 v13=0.0000 grl=0.0000 v15=0.0000 v15r=0.0000 v16=0.0000 v17=0.0000 v18=0.0000 acc=0.1688 lr=2.50e-05 lambda=0.000 grl_lambda=0.000 v18_lambda=0.000 gpu=3.0/11.8GB
[21:46:38] [train] ep=01 step=020/40 ce=7.8762 sc=2.9380 mi=0.9391 dn=0.0000 v13=0.0000 grl=0.0000 v15=0.0000 v15r=0.0000 v16=0.0000 v17=0.0000 v18=0.0000 acc=0.1531 lr=5.00e-05 lambda=0.000 grl_lambda=0.000 v18_lambda=0.000 gpu=3.0/11.8GB
[21:46:44] [train] ep=01 step=030/40 ce=7.7783 sc=2.8996 mi=0.8724 dn=0.0000 v13=0.0000 grl=0.0000 v15=0.0000 v15r=0.0000 v16=0.0000 v17=0.0000 v18=0.0000 acc=0.1792 lr=7.50e-05 lambda=0.000 grl_lambda=0.000 v18_lambda=0.000 gpu=3.0/11.8GB
[21:46:49] [train] ep=01 step=040/40 ce=7.6649 sc=2.8659 mi=0.7896 dn=0.0000 v13=0.0000 grl=0.0000 v15=0.0000 v15r=0.0000 v16=0.0000 v17=0.0000 v18=0.0000 acc=0.2062 lr=1.00e-04 lambda=0.000 grl_lambda=0.000 v18_lambda=0.000 gpu=3.0/11.8GB
[21:46:55] [ep_summary] ep=01/100 val_live=0.3272/0.2963 val_ema=0.0000/0.0000 test77_live=0.1403/0.0352 test77_diag_ema=0.0000/0.0000 v13=0.0000 grl=0.0000 v15=0.0000 v15r=0.0000 v16=0.0000 v17=0.0000 v18=0.0000 das=stage1[10,24] p=0.35 ep_time=42.8s
[21:46:55] [train] epoch 2/100 steps=40 use_dann=0 das=stage1 f=[10.0,24.0] p=0.35 gpu=3.0/11.8GB
[21:46:55] [train] ep=02 step=001/40 ce=6.9741 sc=2.7020 mi=0.4379 dn=0.0000 v13=0.0000 grl=0.0000 v15=0.0000 v15r=0.0000 v16=0.0000 v17=0.0000 v18=0.0000 acc=0.5000 lr=1.02e-04 lambda=0.000 grl_lambda=0.000 v18_lambda=0.000 gpu=3.0/11.8GB
[21:47:00] [train] ep=02 step=010/40 ce=7.0214 sc=2.7316 mi=0.3742 dn=0.0000 v13=0.0000 grl=0.0000 v15=0.0000 v15r=0.0000 v16=0.0000 v17=0.0000 v18=0.0000 acc=0.3875 lr=1.25e-04 lambda=0.000 grl_lambda=0.000 v18_lambda=0.000 gpu=3.0/11.8GB
[21:47:06] [train] ep=02 step=020/40 ce=6.8892 sc=2.7247 mi=0.3222 dn=0.0000 v13=0.0000 grl=0.0000 v15=0.0000 v15r=0.0000 v16=0.0000 v17=0.0000 v18=0.0000 acc=0.4094 lr=1.50e-04 lambda=0.000 grl_lambda=0.000 v18_lambda=0.000 gpu=3.0/11.8GB
[21:47:12] [train] ep=02 step=030/40 ce=6.7308 sc=2.6922 mi=0.2893 dn=0.0000 v13=0.0000 grl=0.0000 v15=0.0000 v15r=0.0000 v16=0.0000 v17=0.0000 v18=0.0000 acc=0.4271 lr=1.75e-04 lambda=0.000 grl_lambda=0.000 v18_lambda=0.000 gpu=3.0/11.8GB
[21:47:17] [train] ep=02 step=040/40 ce=6.3795 sc=2.6171 mi=0.2698 dn=0.0000 v13=0.0000 grl=0.0000 v15=0.0000 v15r=0.0000 v16=0.0000 v17=0.0000 v18=0.0000 acc=0.4781 lr=2.00e-04 lambda=0.000 grl_lambda=0.000 v18_lambda=0.000 gpu=3.0/11.8GB
[21:47:22] [ep_summary] ep=02/100 val_live=0.5247/0.4964 val_ema=0.0000/0.0000 test77_live=0.1403/0.0352 test77_diag_ema=0.0000/0.0000 v13=0.0000 grl=0.0000 v15=0.0000 v15r=0.0000 v16=0.0000 v17=0.0000 v18=0.0000 das=stage1[10,24] p=0.35 ep_time=27.5s
[21:47:22] [train] epoch 3/100 steps=40 use_dann=0 das=stage1 f=[10.0,24.0] p=0.35 gpu=3.0/11.8GB
[21:47:23] [train] ep=03 step=001/40 ce=5.3566 sc=2.5844 mi=0.2256 dn=0.0000 v13=0.0000 grl=0.0000 v15=0.0000 v15r=0.0000 v16=0.0000 v17=0.0000 v18=0.0000 acc=0.6875 lr=2.02e-04 lambda=0.000 grl_lambda=0.000 v18_lambda=0.000 gpu=3.0/11.8GB
[21:47:28] [train] ep=03 step=010/40 ce=4.9973 sc=2.3688 mi=0.2150 dn=0.0000 v13=0.0000 grl=0.0000 v15=0.0000 v15r=0.0000 v16=0.0000 v17=0.0000 v18=0.0000 acc=0.6188 lr=2.25e-04 lambda=0.000 grl_lambda=0.000 v18_lambda=0.000 gpu=3.0/11.8GB
[21:47:34] [train] ep=03 step=020/40 ce=4.5395 sc=2.0861 mi=0.2228 dn=0.0000 v13=0.0000 grl=0.0000 v15=0.0000 v15r=0.0000 v16=0.0000 v17=0.0000 v18=0.0000 acc=0.6719 lr=2.50e-04 lambda=0.000 grl_lambda=0.000 v18_lambda=0.000 gpu=3.0/11.8GB
[21:47:39] [train] ep=03 step=030/40 ce=4.1376 sc=1.9368 mi=0.2122 dn=0.0000 v13=0.0000 grl=0.0000 v15=0.0000 v15r=0.0000 v16=0.0000 v17=0.0000 v18=0.0000 acc=0.7021 lr=2.75e-04 lambda=0.000 grl_lambda=0.000 v18_lambda=0.000 gpu=3.0/11.8GB
[21:47:45] [train] ep=03 step=040/40 ce=3.9434 sc=1.8995 mi=0.1988 dn=0.0000 v13=0.0000 grl=0.0000 v15=0.0000 v15r=0.0000 v16=0.0000 v17=0.0000 v18=0.0000 acc=0.7156 lr=3.00e-04 lambda=0.000 grl_lambda=0.000 v18_lambda=0.000 gpu=3.0/11.8GB
[21:47:50] [ep_summary] ep=03/100 val_live=0.8025/0.8000 val_ema=0.0000/0.0000 test77_live=0.1906/0.1073 test77_diag_ema=0.0000/0.0000 v13=0.0000 grl=0.0000 v15=0.0000 v15r=0.0000 v16=0.0000 v17=0.0000 v18=0.0000 das=stage1[10,24] p=0.35 ep_time=27.5s
[21:47:50] [train] epoch 4/100 steps=40 use_dann=0 das=stage1 f=[10.0,24.0] p=0.35 gpu=3.0/11.8GB
[21:47:50] [train] ep=04 step=001/40 ce=3.7924 sc=2.1124 mi=0.1394 dn=0.0000 v13=0.0000 grl=0.0000 v15=0.0000 v15r=0.0000 v16=0.0000 v17=0.0000 v18=0.0000 acc=0.6875 lr=3.00e-04 lambda=0.000 grl_lambda=0.000 v18_lambda=0.000 gpu=3.0/11.8GB
[21:47:55] [train] ep=04 step=010/40 ce=2.9739 sc=1.6252 mi=0.1331 dn=0.0000 v13=0.0000 grl=0.0000 v15=0.0000 v15r=0.0000 v16=0.0000 v17=0.0000 v18=0.0000 acc=0.8000 lr=3.00e-04 lambda=0.000 grl_lambda=0.000 v18_lambda=0.000 gpu=3.0/11.8GB
[21:48:01] [train] ep=04 step=020/40 ce=2.5353 sc=1.5822 mi=0.1250 dn=0.0000 v13=0.0000 grl=0.0000 v15=0.0000 v15r=0.0000 v16=0.0000 v17=0.0000 v18=0.0000 acc=0.8406 lr=3.00e-04 lambda=0.000 grl_lambda=0.000 v18_lambda=0.000 gpu=3.0/11.8GB
[21:48:07] [train] ep=04 step=030/40 ce=2.4821 sc=1.5714 mi=0.1214 dn=0.0000 v13=0.0000 grl=0.0000 v15=0.0000 v15r=0.0000 v16=0.0000 v17=0.0000 v18=0.0000 acc=0.8500 lr=3.00e-04 lambda=0.000 grl_lambda=0.000 v18_lambda=0.000 gpu=3.0/11.8GB
[21:48:12] [train] ep=04 step=040/40 ce=2.2636 sc=1.5273 mi=0.1162 dn=0.0000 v13=0.0000 grl=0.0000 v15=0.0000 v15r=0.0000 v16=0.0000 v17=0.0000 v18=0.0000 acc=0.8750 lr=3.00e-04 lambda=0.000 grl_lambda=0.000 v18_lambda=0.000 gpu=3.0/11.8GB
[21:48:17] [ep_summary] ep=04/100 val_live=0.8580/0.8537 val_ema=0.0000/0.0000 test77_live=0.2662/0.1707 test77_diag_ema=0.0000/0.0000 v13=0.0000 grl=0.0000 v15=0.0000 v15r=0.0000 v16=0.0000 v17=0.0000 v18=0.0000 das=stage1[10,24] p=0.35 ep_time=27.5s
[21:48:17] [train] epoch 5/100 steps=40 use_dann=0 das=stage1 f=[10.0,24.0] p=0.35 gpu=3.0/11.8GB
[21:48:18] [train] ep=05 step=001/40 ce=1.2283 sc=0.9809 mi=0.1042 dn=0.0000 v13=0.0000 grl=0.0000 v15=0.0000 v15r=0.0000 v16=0.0000 v17=0.0000 v18=0.0000 acc=0.9375 lr=3.00e-04 lambda=0.000 grl_lambda=0.000 v18_lambda=0.000 gpu=3.0/11.8GB
[21:48:23] [train] ep=05 step=010/40 ce=1.8298 sc=1.3006 mi=0.0951 dn=0.0000 v13=0.0000 grl=0.0000 v15=0.0000 v15r=0.0000 v16=0.0000 v17=0.0000 v18=0.0000 acc=0.8938 lr=3.00e-04 lambda=0.000 grl_lambda=0.000 v18_lambda=0.000 gpu=3.0/11.8GB
[21:48:29] [train] ep=05 step=020/40 ce=1.9650 sc=1.2747 mi=0.0932 dn=0.0000 v13=0.0000 grl=0.0000 v15=0.0000 v15r=0.0000 v16=0.0000 v17=0.0000 v18=0.0000 acc=0.8938 lr=3.00e-04 lambda=0.000 grl_lambda=0.000 v18_lambda=0.000 gpu=3.0/11.8GB
[21:48:35] [train] ep=05 step=030/40 ce=1.8820 sc=1.2662 mi=0.0927 dn=0.0000 v13=0.0000 grl=0.0000 v15=0.0000 v15r=0.0000 v16=0.0000 v17=0.0000 v18=0.0000 acc=0.9042 lr=3.00e-04 lambda=0.000 grl_lambda=0.000 v18_lambda=0.000 gpu=3.0/11.8GB
[21:48:40] [train] ep=05 step=040/40 ce=1.8662 sc=1.2943 mi=0.0911 dn=0.0000 v13=0.0000 grl=0.0000 v15=0.0000 v15r=0.0000 v16=0.0000 v17=0.0000 v18=0.0000 acc=0.9047 lr=3.00e-04 lambda=0.000 grl_lambda=0.000 v18_lambda=0.000 gpu=3.0/11.8GB
[21:48:50] [ep_summary] ep=05/100 val_live=0.8457/0.8318 val_ema=0.2037/0.1150 test77_live=0.2698/0.1583 test77_diag_ema=0.1367/0.0364 v13=0.0000 grl=0.0000 v15=0.0000 v15r=0.0000 v16=0.0000 v17=0.0000 v18=0.0000 das=stage1[10,24] p=0.35 ep_time=32.8s
[21:48:50] [save] best_sourceval_ema val_acc_ema=0.2037 source_val_live=0.8457/0.8318 source_val_ema=0.2037/0.1150 ep=5
[21:48:50] [train] epoch 6/100 steps=40 use_dann=0 das=stage1 f=[10.0,24.0] p=0.35 gpu=3.0/11.8GB
[21:48:51] [train] ep=06 step=001/40 ce=3.6209 sc=2.1778 mi=0.0721 dn=0.0000 v13=0.0000 grl=0.0000 v15=0.0000 v15r=0.0000 v16=0.0000 v17=0.0000 v18=0.0000 acc=0.7500 lr=3.00e-04 lambda=0.000 grl_lambda=0.000 v18_lambda=0.000 gpu=3.0/11.8GB
[21:48:56] [train] ep=06 step=010/40 ce=1.6888 sc=1.2330 mi=0.0822 dn=0.0000 v13=0.0000 grl=0.0000 v15=0.0000 v15r=0.0000 v16=0.0000 v17=0.0000 v18=0.0000 acc=0.9125 lr=3.00e-04 lambda=0.000 grl_lambda=0.000 v18_lambda=0.000 gpu=3.0/11.8GB
[21:49:02] [train] ep=06 step=020/40 ce=1.4245 sc=1.2936 mi=0.0816 dn=0.0000 v13=0.0000 grl=0.0000 v15=0.0000 v15r=0.0000 v16=0.0000 v17=0.0000 v18=0.0000 acc=0.9344 lr=3.00e-04 lambda=0.000 grl_lambda=0.000 v18_lambda=0.000 gpu=3.0/11.8GB
[21:49:07] [train] ep=06 step=030/40 ce=1.4577 sc=1.2581 mi=0.0819 dn=0.0000 v13=0.0000 grl=0.0000 v15=0.0000 v15r=0.0000 v16=0.0000 v17=0.0000 v18=0.0000 acc=0.9354 lr=2.99e-04 lambda=0.000 grl_lambda=0.000 v18_lambda=0.000 gpu=3.0/11.8GB
[21:49:13] [train] ep=06 step=040/40 ce=1.3816 sc=1.2180 mi=0.0802 dn=0.0000 v13=0.0000 grl=0.0000 v15=0.0000 v15r=0.0000 v16=0.0000 v17=0.0000 v18=0.0000 acc=0.9391 lr=2.99e-04 lambda=0.000 grl_lambda=0.000 v18_lambda=0.000 gpu=3.0/11.8GB
[21:49:23] [ep_summary] ep=06/100 val_live=0.9383/0.9392 val_ema=0.2160/0.1386 test77_live=0.3022/0.2085 test77_diag_ema=0.1367/0.0346 v13=0.0000 grl=0.0000 v15=0.0000 v15r=0.0000 v16=0.0000 v17=0.0000 v18=0.0000 das=stage1[10,24] p=0.35 ep_time=32.8s
[21:49:23] [save] best_sourceval_ema val_acc_ema=0.2160 source_val_live=0.9383/0.9392 source_val_ema=0.2160/0.1386 ep=6
[21:49:23] [train] epoch 7/100 steps=40 use_dann=0 das=stage1 f=[10.0,24.0] p=0.35 gpu=3.0/11.8GB
[21:49:24] [train] ep=07 step=001/40 ce=1.3235 sc=1.1687 mi=0.0736 dn=0.0000 v13=0.0000 grl=0.0000 v15=0.0000 v15r=0.0000 v16=0.0000 v17=0.0000 v18=0.0000 acc=0.9375 lr=2.99e-04 lambda=0.000 grl_lambda=0.000 v18_lambda=0.000 gpu=3.0/11.8GB
[21:49:29] [train] ep=07 step=010/40 ce=1.4661 sc=1.2392 mi=0.0720 dn=0.0000 v13=0.0000 grl=0.0000 v15=0.0000 v15r=0.0000 v16=0.0000 v17=0.0000 v18=0.0000 acc=0.9313 lr=2.99e-04 lambda=0.000 grl_lambda=0.000 v18_lambda=0.000 gpu=3.0/11.8GB
[21:49:35] [train] ep=07 step=020/40 ce=1.2611 sc=1.1473 mi=0.0739 dn=0.0000 v13=0.0000 grl=0.0000 v15=0.0000 v15r=0.0000 v16=0.0000 v17=0.0000 v18=0.0000 acc=0.9375 lr=2.99e-04 lambda=0.000 grl_lambda=0.000 v18_lambda=0.000 gpu=3.0/11.8GB
[21:49:40] [train] ep=07 step=030/40 ce=1.1644 sc=1.1194 mi=0.0728 dn=0.0000 v13=0.0000 grl=0.0000 v15=0.0000 v15r=0.0000 v16=0.0000 v17=0.0000 v18=0.0000 acc=0.9458 lr=2.99e-04 lambda=0.000 grl_lambda=0.000 v18_lambda=0.000 gpu=3.0/11.8GB
[21:49:46] [train] ep=07 step=040/40 ce=1.1620 sc=1.1160 mi=0.0730 dn=0.0000 v13=0.0000 grl=0.0000 v15=0.0000 v15r=0.0000 v16=0.0000 v17=0.0000 v18=0.0000 acc=0.9484 lr=2.99e-04 lambda=0.000 grl_lambda=0.000 v18_lambda=0.000 gpu=3.0/11.8GB
[21:49:56] [ep_summary] ep=07/100 val_live=0.9136/0.9128 val_ema=0.2407/0.1666 test77_live=0.3165/0.2039 test77_diag_ema=0.1403/0.0352 v13=0.0000 grl=0.0000 v15=0.0000 v15r=0.0000 v16=0.0000 v17=0.0000 v18=0.0000 das=stage1[10,24] p=0.35 ep_time=32.9s
[21:49:56] [save] best_sourceval_ema val_acc_ema=0.2407 source_val_live=0.9136/0.9128 source_val_ema=0.2407/0.1666 ep=7
[21:49:56] [train] epoch 8/100 steps=40 use_dann=0 das=stage1 f=[10.0,24.0] p=0.35 gpu=3.0/11.8GB
[21:49:57] [train] ep=08 step=001/40 ce=0.4482 sc=0.7611 mi=0.0700 dn=0.0000 v13=0.0000 grl=0.0000 v15=0.0000 v15r=0.0000 v16=0.0000 v17=0.0000 v18=0.0000 acc=1.0000 lr=2.99e-04 lambda=0.000 grl_lambda=0.000 v18_lambda=0.000 gpu=3.0/11.8GB
[21:50:02] [train] ep=08 step=010/40 ce=0.7230 sc=1.0335 mi=0.0700 dn=0.0000 v13=0.0000 grl=0.0000 v15=0.0000 v15r=0.0000 v16=0.0000 v17=0.0000 v18=0.0000 acc=0.9812 lr=2.99e-04 lambda=0.000 grl_lambda=0.000 v18_lambda=0.000 gpu=3.0/11.8GB
[21:50:08] [train] ep=08 step=020/40 ce=0.7431 sc=1.0343 mi=0.0679 dn=0.0000 v13=0.0000 grl=0.0000 v15=0.0000 v15r=0.0000 v16=0.0000 v17=0.0000 v18=0.0000 acc=0.9812 lr=2.98e-04 lambda=0.000 grl_lambda=0.000 v18_lambda=0.000 gpu=3.0/11.8GB
[21:50:13] [train] ep=08 step=030/40 ce=0.7293 sc=1.0030 mi=0.0677 dn=0.0000 v13=0.0000 grl=0.0000 v15=0.0000 v15r=0.0000 v16=0.0000 v17=0.0000 v18=0.0000 acc=0.9812 lr=2.98e-04 lambda=0.000 grl_lambda=0.000 v18_lambda=0.000 gpu=3.0/11.8GB
[21:50:19] [train] ep=08 step=040/40 ce=0.7306 sc=0.9715 mi=0.0677 dn=0.0000 v13=0.0000 grl=0.0000 v15=0.0000 v15r=0.0000 v16=0.0000 v17=0.0000 v18=0.0000 acc=0.9828 lr=2.98e-04 lambda=0.000 grl_lambda=0.000 v18_lambda=0.000 gpu=3.0/11.8GB
[21:50:29] [ep_summary] ep=08/100 val_live=0.9074/0.8953 val_ema=0.2531/0.1884 test77_live=0.3022/0.1949 test77_diag_ema=0.1403/0.0352 v13=0.0000 grl=0.0000 v15=0.0000 v15r=0.0000 v16=0.0000 v17=0.0000 v18=0.0000 das=stage1[10,24] p=0.35 ep_time=32.8s
[21:50:29] [save] best_sourceval_ema val_acc_ema=0.2531 source_val_live=0.9074/0.8953 source_val_ema=0.2531/0.1884 ep=8
[21:50:29] [train] epoch 9/100 steps=40 use_dann=0 das=stage2 f=[10.0,50.0] p=0.70 gpu=3.0/11.8GB
[21:50:30] [train] ep=09 step=001/40 ce=2.2818 sc=1.6248 mi=0.0921 dn=0.0000 v13=0.0000 grl=0.0000 v15=0.0000 v15r=0.0000 v16=0.0000 v17=0.0000 v18=0.0000 acc=0.8750 lr=2.98e-04 lambda=0.000 grl_lambda=0.000 v18_lambda=0.000 gpu=3.0/11.8GB
[21:50:35] [train] ep=09 step=010/40 ce=1.3322 sc=1.0989 mi=0.0792 dn=0.0000 v13=0.0000 grl=0.0000 v15=0.0000 v15r=0.0000 v16=0.0000 v17=0.0000 v18=0.0000 acc=0.9375 lr=2.98e-04 lambda=0.000 grl_lambda=0.000 v18_lambda=0.000 gpu=3.0/11.8GB
[21:50:40] [train] ep=09 step=020/40 ce=1.3071 sc=1.1204 mi=0.0787 dn=0.0000 v13=0.0000 grl=0.0000 v15=0.0000 v15r=0.0000 v16=0.0000 v17=0.0000 v18=0.0000 acc=0.9344 lr=2.98e-04 lambda=0.000 grl_lambda=0.000 v18_lambda=0.000 gpu=3.0/11.8GB
[21:50:46] [train] ep=09 step=030/40 ce=1.1491 sc=1.0948 mi=0.0784 dn=0.0000 v13=0.0000 grl=0.0000 v15=0.0000 v15r=0.0000 v16=0.0000 v17=0.0000 v18=0.0000 acc=0.9521 lr=2.97e-04 lambda=0.000 grl_lambda=0.000 v18_lambda=0.000 gpu=3.0/11.8GB
[21:50:52] [train] ep=09 step=040/40 ce=1.1332 sc=1.0795 mi=0.0784 dn=0.0000 v13=0.0000 grl=0.0000 v15=0.0000 v15r=0.0000 v16=0.0000 v17=0.0000 v18=0.0000 acc=0.9547 lr=2.97e-04 lambda=0.000 grl_lambda=0.000 v18_lambda=0.000 gpu=3.0/11.8GB
[21:51:02] [ep_summary] ep=09/100 val_live=0.9444/0.9427 val_ema=0.3025/0.2541 test77_live=0.4065/0.3251 test77_diag_ema=0.1403/0.0352 v13=0.0000 grl=0.0000 v15=0.0000 v15r=0.0000 v16=0.0000 v17=0.0000 v18=0.0000 das=stage2[10,50] p=0.70 ep_time=32.9s
[21:51:02] [save] best_sourceval_ema val_acc_ema=0.3025 source_val_live=0.9444/0.9427 source_val_ema=0.3025/0.2541 ep=9
[21:51:02] [train] epoch 10/100 steps=40 use_dann=0 das=stage2 f=[10.0,50.0] p=0.70 gpu=3.0/11.8GB
[21:51:02] [train] ep=10 step=001/40 ce=0.6187 sc=0.6036 mi=0.0809 dn=0.0000 v13=0.0000 grl=0.0000 v15=0.0000 v15r=0.0000 v16=0.0000 v17=0.0000 v18=0.0000 acc=1.0000 lr=2.97e-04 lambda=0.000 grl_lambda=0.000 v18_lambda=0.000 gpu=3.0/11.8GB
[21:51:08] [train] ep=10 step=010/40 ce=0.7655 sc=0.9738 mi=0.0737 dn=0.0000 v13=0.0000 grl=0.0000 v15=0.0000 v15r=0.0000 v16=0.0000 v17=0.0000 v18=0.0000 acc=0.9750 lr=2.97e-04 lambda=0.000 grl_lambda=0.000 v18_lambda=0.000 gpu=3.0/11.8GB
[21:51:13] [train] ep=10 step=020/40 ce=0.7478 sc=0.9514 mi=0.0743 dn=0.0000 v13=0.0000 grl=0.0000 v15=0.0000 v15r=0.0000 v16=0.0000 v17=0.0000 v18=0.0000 acc=0.9812 lr=2.97e-04 lambda=0.000 grl_lambda=0.000 v18_lambda=0.000 gpu=3.0/11.8GB
[21:51:19] [train] ep=10 step=030/40 ce=0.7951 sc=0.9045 mi=0.0733 dn=0.0000 v13=0.0000 grl=0.0000 v15=0.0000 v15r=0.0000 v16=0.0000 v17=0.0000 v18=0.0000 acc=0.9771 lr=2.96e-04 lambda=0.000 grl_lambda=0.000 v18_lambda=0.000 gpu=3.0/11.8GB
[21:51:25] [train] ep=10 step=040/40 ce=0.7895 sc=0.9411 mi=0.0725 dn=0.0000 v13=0.0000 grl=0.0000 v15=0.0000 v15r=0.0000 v16=0.0000 v17=0.0000 v18=0.0000 acc=0.9750 lr=2.96e-04 lambda=0.000 grl_lambda=0.000 v18_lambda=0.000 gpu=3.0/11.8GB
[21:51:35] [pool] check ep=010/100 source_val_acc_ema=0.3333 threshold=0.90
[21:51:35] [pool] ep=010 SKIP (source_val_acc_ema=0.3333 < 0.90)
[21:51:35] [ep_summary] ep=10/100 val_live=0.9568/0.9561 val_ema=0.3333/0.2865 test77_live=0.5108/0.4207 test77_diag_ema=0.1403/0.0352 v13=0.0000 grl=0.0000 v15=0.0000 v15r=0.0000 v16=0.0000 v17=0.0000 v18=0.0000 das=stage2[10,50] p=0.70 ep_time=32.9s
[21:51:35] [save] best_sourceval_ema val_acc_ema=0.3333 source_val_live=0.9568/0.9561 source_val_ema=0.3333/0.2865 ep=10
[21:51:35] [strict77_monitor] ep=10 best_source_epoch=10 source_val_ema=0.3333/0.2865 test77_ema_diag=0.1403/0.0352 sourcequalified_count=0
[21:51:35] [train] epoch 11/100 steps=40 use_dann=0 das=stage2 f=[10.0,50.0] p=0.70 gpu=3.0/11.8GB
[21:51:36] [train] ep=11 step=001/40 ce=0.3943 sc=0.9147 mi=0.0641 dn=0.0000 v13=0.0000 grl=0.0000 v15=0.0000 v15r=0.0000 v16=0.0000 v17=0.0000 v18=0.0000 acc=1.0000 lr=2.96e-04 lambda=0.000 grl_lambda=0.000 v18_lambda=0.000 gpu=3.0/11.8GB
[21:51:41] [train] ep=11 step=010/40 ce=0.5842 sc=0.9473 mi=0.0678 dn=0.0000 v13=0.0000 grl=0.0000 v15=0.0000 v15r=0.0000 v16=0.0000 v17=0.0000 v18=0.0000 acc=0.9812 lr=2.96e-04 lambda=0.000 grl_lambda=0.000 v18_lambda=0.000 gpu=3.0/11.8GB
[21:51:46] [train] ep=11 step=020/40 ce=0.6144 sc=0.9120 mi=0.0661 dn=0.0000 v13=0.0000 grl=0.0000 v15=0.0000 v15r=0.0000 v16=0.0000 v17=0.0000 v18=0.0000 acc=0.9781 lr=2.96e-04 lambda=0.000 grl_lambda=0.000 v18_lambda=0.000 gpu=3.0/11.8GB
[21:51:52] [train] ep=11 step=030/40 ce=0.6158 sc=0.8959 mi=0.0666 dn=0.0000 v13=0.0000 grl=0.0000 v15=0.0000 v15r=0.0000 v16=0.0000 v17=0.0000 v18=0.0000 acc=0.9833 lr=2.95e-04 lambda=0.000 grl_lambda=0.000 v18_lambda=0.000 gpu=3.0/11.8GB
[21:51:58] [train] ep=11 step=040/40 ce=0.5904 sc=0.8880 mi=0.0673 dn=0.0000 v13=0.0000 grl=0.0000 v15=0.0000 v15r=0.0000 v16=0.0000 v17=0.0000 v18=0.0000 acc=0.9844 lr=2.95e-04 lambda=0.000 grl_lambda=0.000 v18_lambda=0.000 gpu=3.0/11.8GB
[21:52:08] [ep_summary] ep=11/100 val_live=0.9444/0.9440 val_ema=0.3827/0.3163 test77_live=0.4640/0.3761 test77_diag_ema=0.1403/0.0352 v13=0.0000 grl=0.0000 v15=0.0000 v15r=0.0000 v16=0.0000 v17=0.0000 v18=0.0000 das=stage2[10,50] p=0.70 ep_time=33.0s
[21:52:08] [save] best_sourceval_ema val_acc_ema=0.3827 source_val_live=0.9444/0.9440 source_val_ema=0.3827/0.3163 ep=11
[21:52:08] [train] epoch 12/100 steps=40 use_dann=0 das=stage2 f=[10.0,50.0] p=0.70 gpu=3.0/11.8GB
[21:52:09] [train] ep=12 step=001/40 ce=0.4624 sc=0.6128 mi=0.0594 dn=0.0000 v13=0.0000 grl=0.0000 v15=0.0000 v15r=0.0000 v16=0.0000 v17=0.0000 v18=0.0000 acc=1.0000 lr=2.95e-04 lambda=0.000 grl_lambda=0.000 v18_lambda=0.000 gpu=3.0/11.8GB
[21:52:14] [train] ep=12 step=010/40 ce=0.5479 sc=0.7951 mi=0.0662 dn=0.0000 v13=0.0000 grl=0.0000 v15=0.0000 v15r=0.0000 v16=0.0000 v17=0.0000 v18=0.0000 acc=0.9812 lr=2.95e-04 lambda=0.000 grl_lambda=0.000 v18_lambda=0.000 gpu=3.0/11.8GB
[21:52:19] [train] ep=12 step=020/40 ce=0.5645 sc=0.7656 mi=0.0669 dn=0.0000 v13=0.0000 grl=0.0000 v15=0.0000 v15r=0.0000 v16=0.0000 v17=0.0000 v18=0.0000 acc=0.9844 lr=2.94e-04 lambda=0.000 grl_lambda=0.000 v18_lambda=0.000 gpu=3.0/11.8GB
[21:52:25] [train] ep=12 step=030/40 ce=0.6179 sc=0.8278 mi=0.0672 dn=0.0000 v13=0.0000 grl=0.0000 v15=0.0000 v15r=0.0000 v16=0.0000 v17=0.0000 v18=0.0000 acc=0.9792 lr=2.94e-04 lambda=0.000 grl_lambda=0.000 v18_lambda=0.000 gpu=3.0/11.8GB
[21:52:31] [train] ep=12 step=040/40 ce=0.5685 sc=0.7927 mi=0.0667 dn=0.0000 v13=0.0000 grl=0.0000 v15=0.0000 v15r=0.0000 v16=0.0000 v17=0.0000 v18=0.0000 acc=0.9844 lr=2.94e-04 lambda=0.000 grl_lambda=0.000 v18_lambda=0.000 gpu=3.0/11.8GB
[21:52:41] [ep_summary] ep=12/100 val_live=0.9321/0.9319 val_ema=0.4198/0.3491 test77_live=0.5432/0.4711 test77_diag_ema=0.1403/0.0352 v13=0.0000 grl=0.0000 v15=0.0000 v15r=0.0000 v16=0.0000 v17=0.0000 v18=0.0000 das=stage2[10,50] p=0.70 ep_time=32.9s
[21:52:41] [save] best_sourceval_ema val_acc_ema=0.4198 source_val_live=0.9321/0.9319 source_val_ema=0.4198/0.3491 ep=12
[21:52:41] [train] epoch 13/100 steps=40 use_dann=0 das=stage2 f=[10.0,50.0] p=0.70 gpu=3.0/11.8GB
[21:52:41] [train] ep=13 step=001/40 ce=0.4189 sc=0.8055 mi=0.0666 dn=0.0000 v13=0.0000 grl=0.0000 v15=0.0000 v15r=0.0000 v16=0.0000 v17=0.0000 v18=0.0000 acc=1.0000 lr=2.94e-04 lambda=0.000 grl_lambda=0.000 v18_lambda=0.000 gpu=3.0/11.8GB
[21:52:47] [train] ep=13 step=010/40 ce=0.4579 sc=0.6918 mi=0.0647 dn=0.0000 v13=0.0000 grl=0.0000 v15=0.0000 v15r=0.0000 v16=0.0000 v17=0.0000 v18=0.0000 acc=0.9875 lr=2.93e-04 lambda=0.000 grl_lambda=0.000 v18_lambda=0.000 gpu=3.0/11.8GB
[21:52:52] [train] ep=13 step=020/40 ce=0.5288 sc=0.7850 mi=0.0634 dn=0.0000 v13=0.0000 grl=0.0000 v15=0.0000 v15r=0.0000 v16=0.0000 v17=0.0000 v18=0.0000 acc=0.9844 lr=2.93e-04 lambda=0.000 grl_lambda=0.000 v18_lambda=0.000 gpu=3.0/11.8GB
[21:52:58] [train] ep=13 step=030/40 ce=0.6216 sc=0.8501 mi=0.0640 dn=0.0000 v13=0.0000 grl=0.0000 v15=0.0000 v15r=0.0000 v16=0.0000 v17=0.0000 v18=0.0000 acc=0.9771 lr=2.93e-04 lambda=0.000 grl_lambda=0.000 v18_lambda=0.000 gpu=3.0/11.8GB
[21:53:04] [train] ep=13 step=040/40 ce=0.6485 sc=0.8652 mi=0.0641 dn=0.0000 v13=0.0000 grl=0.0000 v15=0.0000 v15r=0.0000 v16=0.0000 v17=0.0000 v18=0.0000 acc=0.9750 lr=2.92e-04 lambda=0.000 grl_lambda=0.000 v18_lambda=0.000 gpu=3.0/11.8GB
[21:53:14] [ep_summary] ep=13/100 val_live=0.9506/0.9512 val_ema=0.4568/0.3993 test77_live=0.5935/0.5363 test77_diag_ema=0.1403/0.0352 v13=0.0000 grl=0.0000 v15=0.0000 v15r=0.0000 v16=0.0000 v17=0.0000 v18=0.0000 das=stage2[10,50] p=0.70 ep_time=32.9s
[21:53:14] [save] best_sourceval_ema val_acc_ema=0.4568 source_val_live=0.9506/0.9512 source_val_ema=0.4568/0.3993 ep=13
[21:53:14] [train] epoch 14/100 steps=40 use_dann=0 das=stage2 f=[10.0,50.0] p=0.70 gpu=3.0/11.8GB
[21:53:14] [train] ep=14 step=001/40 ce=0.3176 sc=0.6332 mi=0.0591 dn=0.0000 v13=0.0000 grl=0.0000 v15=0.0000 v15r=0.0000 v16=0.0000 v17=0.0000 v18=0.0000 acc=1.0000 lr=2.92e-04 lambda=0.000 grl_lambda=0.000 v18_lambda=0.000 gpu=3.0/11.8GB
[21:53:20] [train] ep=14 step=010/40 ce=0.5678 sc=0.6791 mi=0.0639 dn=0.0000 v13=0.0000 grl=0.0000 v15=0.0000 v15r=0.0000 v16=0.0000 v17=0.0000 v18=0.0000 acc=0.9812 lr=2.92e-04 lambda=0.000 grl_lambda=0.000 v18_lambda=0.000 gpu=3.0/11.8GB
[21:53:25] [train] ep=14 step=020/40 ce=0.5353 sc=0.7596 mi=0.0635 dn=0.0000 v13=0.0000 grl=0.0000 v15=0.0000 v15r=0.0000 v16=0.0000 v17=0.0000 v18=0.0000 acc=0.9812 lr=2.91e-04 lambda=0.000 grl_lambda=0.000 v18_lambda=0.000 gpu=3.0/11.8GB
[21:53:31] [train] ep=14 step=030/40 ce=0.5256 sc=0.7807 mi=0.0630 dn=0.0000 v13=0.0000 grl=0.0000 v15=0.0000 v15r=0.0000 v16=0.0000 v17=0.0000 v18=0.0000 acc=0.9833 lr=2.91e-04 lambda=0.000 grl_lambda=0.000 v18_lambda=0.000 gpu=3.0/11.8GB
[21:53:37] [train] ep=14 step=040/40 ce=0.4988 sc=0.7630 mi=0.0634 dn=0.0000 v13=0.0000 grl=0.0000 v15=0.0000 v15r=0.0000 v16=0.0000 v17=0.0000 v18=0.0000 acc=0.9859 lr=2.91e-04 lambda=0.000 grl_lambda=0.000 v18_lambda=0.000 gpu=3.0/11.8GB
[21:53:47] [ep_summary] ep=14/100 val_live=0.9568/0.9576 val_ema=0.5309/0.5103 test77_live=0.5683/0.4912 test77_diag_ema=0.1403/0.0352 v13=0.0000 grl=0.0000 v15=0.0000 v15r=0.0000 v16=0.0000 v17=0.0000 v18=0.0000 das=stage2[10,50] p=0.70 ep_time=32.8s
[21:53:47] [save] best_sourceval_ema val_acc_ema=0.5309 source_val_live=0.9568/0.9576 source_val_ema=0.5309/0.5103 ep=14
[21:53:47] [train] epoch 15/100 steps=40 use_dann=0 das=stage2 f=[10.0,50.0] p=0.70 gpu=3.0/11.8GB
[21:53:47] [train] ep=15 step=001/40 ce=0.5751 sc=1.1239 mi=0.0605 dn=0.0000 v13=0.0000 grl=0.0000 v15=0.0000 v15r=0.0000 v16=0.0000 v17=0.0000 v18=0.0000 acc=1.0000 lr=2.91e-04 lambda=0.000 grl_lambda=0.000 v18_lambda=0.000 gpu=3.0/11.8GB
[21:53:52] [train] ep=15 step=010/40 ce=0.4817 sc=0.7017 mi=0.0641 dn=0.0000 v13=0.0000 grl=0.0000 v15=0.0000 v15r=0.0000 v16=0.0000 v17=0.0000 v18=0.0000 acc=0.9938 lr=2.90e-04 lambda=0.000 grl_lambda=0.000 v18_lambda=0.000 gpu=3.0/11.8GB
[21:53:58] [train] ep=15 step=020/40 ce=0.4615 sc=0.7284 mi=0.0627 dn=0.0000 v13=0.0000 grl=0.0000 v15=0.0000 v15r=0.0000 v16=0.0000 v17=0.0000 v18=0.0000 acc=0.9938 lr=2.90e-04 lambda=0.000 grl_lambda=0.000 v18_lambda=0.000 gpu=3.0/11.8GB
[21:54:04] [train] ep=15 step=030/40 ce=0.4195 sc=0.7475 mi=0.0636 dn=0.0000 v13=0.0000 grl=0.0000 v15=0.0000 v15r=0.0000 v16=0.0000 v17=0.0000 v18=0.0000 acc=0.9958 lr=2.89e-04 lambda=0.000 grl_lambda=0.000 v18_lambda=0.000 gpu=3.0/11.8GB
[21:54:10] [train] ep=15 step=040/40 ce=0.4564 sc=0.7608 mi=0.0630 dn=0.0000 v13=0.0000 grl=0.0000 v15=0.0000 v15r=0.0000 v16=0.0000 v17=0.0000 v18=0.0000 acc=0.9906 lr=2.89e-04 lambda=0.000 grl_lambda=0.000 v18_lambda=0.000 gpu=3.0/11.8GB
[21:54:20] [ep_summary] ep=15/100 val_live=0.9506/0.9503 val_ema=0.5741/0.5595 test77_live=0.5899/0.5202 test77_diag_ema=0.1403/0.0352 v13=0.0000 grl=0.0000 v15=0.0000 v15r=0.0000 v16=0.0000 v17=0.0000 v18=0.0000 das=stage2[10,50] p=0.70 ep_time=32.9s
[21:54:20] [save] best_sourceval_ema val_acc_ema=0.5741 source_val_live=0.9506/0.9503 source_val_ema=0.5741/0.5595 ep=15
[21:54:20] [train] epoch 16/100 steps=40 use_dann=0 das=stage2 f=[10.0,50.0] p=0.70 gpu=3.0/11.8GB
[21:54:20] [train] ep=16 step=001/40 ce=0.3056 sc=0.7397 mi=0.0603 dn=0.0000 v13=0.0000 grl=0.0000 v15=0.0000 v15r=0.0000 v16=0.0000 v17=0.0000 v18=0.0000 acc=1.0000 lr=2.89e-04 lambda=0.000 grl_lambda=0.000 v18_lambda=0.000 gpu=3.0/11.8GB
[21:54:25] [train] ep=16 step=010/40 ce=0.3612 sc=0.8274 mi=0.0629 dn=0.0000 v13=0.0000 grl=0.0000 v15=0.0000 v15r=0.0000 v16=0.0000 v17=0.0000 v18=0.0000 acc=1.0000 lr=2.88e-04 lambda=0.000 grl_lambda=0.000 v18_lambda=0.000 gpu=3.0/11.8GB
[21:54:31] [train] ep=16 step=020/40 ce=0.3319 sc=0.8654 mi=0.0617 dn=0.0000 v13=0.0000 grl=0.0000 v15=0.0000 v15r=0.0000 v16=0.0000 v17=0.0000 v18=0.0000 acc=1.0000 lr=2.88e-04 lambda=0.000 grl_lambda=0.000 v18_lambda=0.000 gpu=3.0/11.8GB
[21:54:37] [train] ep=16 step=030/40 ce=0.3683 sc=0.8599 mi=0.0609 dn=0.0000 v13=0.0000 grl=0.0000 v15=0.0000 v15r=0.0000 v16=0.0000 v17=0.0000 v18=0.0000 acc=0.9958 lr=2.87e-04 lambda=0.000 grl_lambda=0.000 v18_lambda=0.000 gpu=3.0/11.8GB
[21:54:43] [train] ep=16 step=040/40 ce=0.4143 sc=0.8543 mi=0.0601 dn=0.0000 v13=0.0000 grl=0.0000 v15=0.0000 v15r=0.0000 v16=0.0000 v17=0.0000 v18=0.0000 acc=0.9906 lr=2.87e-04 lambda=0.000 grl_lambda=0.000 v18_lambda=0.000 gpu=3.0/11.8GB
[21:54:53] [ep_summary] ep=16/100 val_live=0.9383/0.9385 val_ema=0.6235/0.6109 test77_live=0.5504/0.4636 test77_diag_ema=0.1403/0.0352 v13=0.0000 grl=0.0000 v15=0.0000 v15r=0.0000 v16=0.0000 v17=0.0000 v18=0.0000 das=stage2[10,50] p=0.70 ep_time=33.1s
[21:54:53] [save] best_sourceval_ema val_acc_ema=0.6235 source_val_live=0.9383/0.9385 source_val_ema=0.6235/0.6109 ep=16
[21:54:53] [train] epoch 17/100 steps=40 use_dann=0 das=stage2 f=[10.0,50.0] p=0.70 gpu=3.0/11.8GB
[21:54:53] [train] ep=17 step=001/40 ce=0.3943 sc=0.7027 mi=0.0572 dn=0.0000 v13=0.0000 grl=0.0000 v15=0.0000 v15r=0.0000 v16=0.0000 v17=0.0000 v18=0.0000 acc=1.0000 lr=2.87e-04 lambda=0.000 grl_lambda=0.000 v18_lambda=0.000 gpu=3.0/11.8GB
[21:54:58] [train] ep=17 step=010/40 ce=0.4590 sc=0.7677 mi=0.0575 dn=0.0000 v13=0.0000 grl=0.0000 v15=0.0000 v15r=0.0000 v16=0.0000 v17=0.0000 v18=0.0000 acc=0.9875 lr=2.86e-04 lambda=0.000 grl_lambda=0.000 v18_lambda=0.000 gpu=3.0/11.8GB
[21:55:04] [train] ep=17 step=020/40 ce=0.4785 sc=0.7776 mi=0.0580 dn=0.0000 v13=0.0000 grl=0.0000 v15=0.0000 v15r=0.0000 v16=0.0000 v17=0.0000 v18=0.0000 acc=0.9875 lr=2.86e-04 lambda=0.000 grl_lambda=0.000 v18_lambda=0.000 gpu=3.0/11.8GB
[21:55:10] [train] ep=17 step=030/40 ce=0.4356 sc=0.7763 mi=0.0585 dn=0.0000 v13=0.0000 grl=0.0000 v15=0.0000 v15r=0.0000 v16=0.0000 v17=0.0000 v18=0.0000 acc=0.9896 lr=2.85e-04 lambda=0.000 grl_lambda=0.000 v18_lambda=0.000 gpu=3.0/11.8GB
[21:55:16] [train] ep=17 step=040/40 ce=0.4574 sc=0.8173 mi=0.0578 dn=0.0000 v13=0.0000 grl=0.0000 v15=0.0000 v15r=0.0000 v16=0.0000 v17=0.0000 v18=0.0000 acc=0.9875 lr=2.85e-04 lambda=0.000 grl_lambda=0.000 v18_lambda=0.000 gpu=3.0/11.8GB
[21:55:26] [ep_summary] ep=17/100 val_live=0.9630/0.9632 val_ema=0.6790/0.6633 test77_live=0.5683/0.4915 test77_diag_ema=0.1403/0.0352 v13=0.0000 grl=0.0000 v15=0.0000 v15r=0.0000 v16=0.0000 v17=0.0000 v18=0.0000 das=stage2[10,50] p=0.70 ep_time=32.9s
[21:55:26] [save] best_sourceval_ema val_acc_ema=0.6790 source_val_live=0.9630/0.9632 source_val_ema=0.6790/0.6633 ep=17
[21:55:26] [train] epoch 18/100 steps=40 use_dann=0 das=stage2 f=[10.0,50.0] p=0.70 gpu=3.0/11.8GB
[21:55:26] [train] ep=18 step=001/40 ce=0.2941 sc=0.9757 mi=0.0548 dn=0.0000 v13=0.0000 grl=0.0000 v15=0.0000 v15r=0.0000 v16=0.0000 v17=0.0000 v18=0.0000 acc=1.0000 lr=2.85e-04 lambda=0.000 grl_lambda=0.000 v18_lambda=0.000 gpu=3.0/11.8GB
[21:55:31] [train] ep=18 step=010/40 ce=0.3103 sc=0.8292 mi=0.0585 dn=0.0000 v13=0.0000 grl=0.0000 v15=0.0000 v15r=0.0000 v16=0.0000 v17=0.0000 v18=0.0000 acc=1.0000 lr=2.84e-04 lambda=0.000 grl_lambda=0.000 v18_lambda=0.000 gpu=3.0/11.8GB
[21:55:37] [train] ep=18 step=020/40 ce=0.3605 sc=0.8450 mi=0.0579 dn=0.0000 v13=0.0000 grl=0.0000 v15=0.0000 v15r=0.0000 v16=0.0000 v17=0.0000 v18=0.0000 acc=0.9969 lr=2.84e-04 lambda=0.000 grl_lambda=0.000 v18_lambda=0.000 gpu=3.0/11.8GB
[21:55:43] [train] ep=18 step=030/40 ce=0.3617 sc=0.8577 mi=0.0580 dn=0.0000 v13=0.0000 grl=0.0000 v15=0.0000 v15r=0.0000 v16=0.0000 v17=0.0000 v18=0.0000 acc=0.9958 lr=2.83e-04 lambda=0.000 grl_lambda=0.000 v18_lambda=0.000 gpu=3.0/11.8GB
[21:55:49] [train] ep=18 step=040/40 ce=0.3887 sc=0.8535 mi=0.0575 dn=0.0000 v13=0.0000 grl=0.0000 v15=0.0000 v15r=0.0000 v16=0.0000 v17=0.0000 v18=0.0000 acc=0.9938 lr=2.83e-04 lambda=0.000 grl_lambda=0.000 v18_lambda=0.000 gpu=3.0/11.8GB
[21:55:59] [ep_summary] ep=18/100 val_live=0.9630/0.9634 val_ema=0.7037/0.6877 test77_live=0.5612/0.4819 test77_diag_ema=0.1403/0.0352 v13=0.0000 grl=0.0000 v15=0.0000 v15r=0.0000 v16=0.0000 v17=0.0000 v18=0.0000 das=stage2[10,50] p=0.70 ep_time=32.9s
[21:55:59] [save] best_sourceval_ema val_acc_ema=0.7037 source_val_live=0.9630/0.9634 source_val_ema=0.7037/0.6877 ep=18
[21:55:59] [train] epoch 19/100 steps=40 use_dann=0 das=stage2 f=[10.0,50.0] p=0.70 gpu=3.0/11.8GB
[21:55:59] [train] ep=19 step=001/40 ce=0.2866 sc=0.5484 mi=0.0590 dn=0.0000 v13=0.0000 grl=0.0000 v15=0.0000 v15r=0.0000 v16=0.0000 v17=0.0000 v18=0.0000 acc=1.0000 lr=2.83e-04 lambda=0.000 grl_lambda=0.000 v18_lambda=0.000 gpu=3.0/11.8GB
[21:56:04] [train] ep=19 step=010/40 ce=0.5643 sc=0.8053 mi=0.0567 dn=0.0000 v13=0.0000 grl=0.0000 v15=0.0000 v15r=0.0000 v16=0.0000 v17=0.0000 v18=0.0000 acc=0.9812 lr=2.82e-04 lambda=0.000 grl_lambda=0.000 v18_lambda=0.000 gpu=3.0/11.8GB
[21:56:10] [train] ep=19 step=020/40 ce=0.5281 sc=0.8330 mi=0.0572 dn=0.0000 v13=0.0000 grl=0.0000 v15=0.0000 v15r=0.0000 v16=0.0000 v17=0.0000 v18=0.0000 acc=0.9812 lr=2.82e-04 lambda=0.000 grl_lambda=0.000 v18_lambda=0.000 gpu=3.0/11.8GB
[21:56:16] [train] ep=19 step=030/40 ce=0.4915 sc=0.8423 mi=0.0572 dn=0.0000 v13=0.0000 grl=0.0000 v15=0.0000 v15r=0.0000 v16=0.0000 v17=0.0000 v18=0.0000 acc=0.9854 lr=2.81e-04 lambda=0.000 grl_lambda=0.000 v18_lambda=0.000 gpu=3.0/11.8GB
[21:56:22] [train] ep=19 step=040/40 ce=0.4523 sc=0.8153 mi=0.0572 dn=0.0000 v13=0.0000 grl=0.0000 v15=0.0000 v15r=0.0000 v16=0.0000 v17=0.0000 v18=0.0000 acc=0.9875 lr=2.80e-04 lambda=0.000 grl_lambda=0.000 v18_lambda=0.000 gpu=3.0/11.8GB
[21:56:31] [ep_summary] ep=19/100 val_live=0.9506/0.9510 val_ema=0.7222/0.6959 test77_live=0.6187/0.5673 test77_diag_ema=0.1403/0.0352 v13=0.0000 grl=0.0000 v15=0.0000 v15r=0.0000 v16=0.0000 v17=0.0000 v18=0.0000 das=stage2[10,50] p=0.70 ep_time=32.8s
[21:56:31] [save] best_sourceval_ema val_acc_ema=0.7222 source_val_live=0.9506/0.9510 source_val_ema=0.7222/0.6959 ep=19
[21:56:32] [train] epoch 20/100 steps=40 use_dann=0 das=stage2 f=[10.0,50.0] p=0.70 gpu=3.0/11.8GB
[21:56:32] [train] ep=20 step=001/40 ce=0.2806 sc=0.7378 mi=0.0600 dn=0.0000 v13=0.0000 grl=0.0000 v15=0.0000 v15r=0.0000 v16=0.0000 v17=0.0000 v18=0.0000 acc=1.0000 lr=2.80e-04 lambda=0.000 grl_lambda=0.000 v18_lambda=0.000 gpu=3.0/11.8GB
[21:56:37] [train] ep=20 step=010/40 ce=0.3386 sc=0.7777 mi=0.0552 dn=0.0000 v13=0.0000 grl=0.0000 v15=0.0000 v15r=0.0000 v16=0.0000 v17=0.0000 v18=0.0000 acc=0.9938 lr=2.80e-04 lambda=0.000 grl_lambda=0.000 v18_lambda=0.000 gpu=3.0/11.8GB
[21:56:43] [train] ep=20 step=020/40 ce=0.3732 sc=0.8003 mi=0.0542 dn=0.0000 v13=0.0000 grl=0.0000 v15=0.0000 v15r=0.0000 v16=0.0000 v17=0.0000 v18=0.0000 acc=0.9938 lr=2.79e-04 lambda=0.000 grl_lambda=0.000 v18_lambda=0.000 gpu=3.0/11.8GB
[21:56:49] [train] ep=20 step=030/40 ce=0.4066 sc=0.8218 mi=0.0552 dn=0.0000 v13=0.0000 grl=0.0000 v15=0.0000 v15r=0.0000 v16=0.0000 v17=0.0000 v18=0.0000 acc=0.9896 lr=2.79e-04 lambda=0.000 grl_lambda=0.000 v18_lambda=0.000 gpu=3.0/11.8GB
[21:56:54] [train] ep=20 step=040/40 ce=0.3765 sc=0.8056 mi=0.0552 dn=0.0000 v13=0.0000 grl=0.0000 v15=0.0000 v15r=0.0000 v16=0.0000 v17=0.0000 v18=0.0000 acc=0.9922 lr=2.78e-04 lambda=0.000 grl_lambda=0.000 v18_lambda=0.000 gpu=3.0/11.8GB
[21:57:04] [pool] check ep=020/100 source_val_acc_ema=0.7284 threshold=0.90
[21:57:04] [pool] ep=020 SKIP (source_val_acc_ema=0.7284 < 0.90)
[21:57:04] [ep_summary] ep=20/100 val_live=0.9630/0.9631 val_ema=0.7284/0.7020 test77_live=0.6079/0.5714 test77_diag_ema=0.1403/0.0352 v13=0.0000 grl=0.0000 v15=0.0000 v15r=0.0000 v16=0.0000 v17=0.0000 v18=0.0000 das=stage2[10,50] p=0.70 ep_time=32.9s
[21:57:04] [save] best_sourceval_ema val_acc_ema=0.7284 source_val_live=0.9630/0.9631 source_val_ema=0.7284/0.7020 ep=20
[21:57:04] [strict77_monitor] ep=20 best_source_epoch=20 source_val_ema=0.7284/0.7020 test77_ema_diag=0.1403/0.0352 sourcequalified_count=0
[21:57:04] [train] epoch 21/100 steps=40 use_dann=0 das=stage2 f=[10.0,50.0] p=0.70 gpu=3.0/11.8GB
[21:57:05] [train] ep=21 step=001/40 ce=0.4187 sc=0.6716 mi=0.0620 dn=0.0000 v13=0.0000 grl=0.0000 v15=0.0000 v15r=0.0000 v16=0.0000 v17=0.0000 v18=0.0000 acc=1.0000 lr=2.78e-04 lambda=0.000 grl_lambda=0.000 v18_lambda=0.000 gpu=3.0/11.8GB
[21:57:10] [train] ep=21 step=010/40 ce=0.3047 sc=0.8308 mi=0.0563 dn=0.0000 v13=0.0000 grl=0.0000 v15=0.0000 v15r=0.0000 v16=0.0000 v17=0.0000 v18=0.0000 acc=1.0000 lr=2.77e-04 lambda=0.000 grl_lambda=0.000 v18_lambda=0.000 gpu=3.0/11.8GB
[21:57:16] [train] ep=21 step=020/40 ce=0.3240 sc=0.8324 mi=0.0555 dn=0.0000 v13=0.0000 grl=0.0000 v15=0.0000 v15r=0.0000 v16=0.0000 v17=0.0000 v18=0.0000 acc=0.9969 lr=2.77e-04 lambda=0.000 grl_lambda=0.000 v18_lambda=0.000 gpu=3.0/11.8GB
[21:57:22] [train] ep=21 step=030/40 ce=0.3113 sc=0.7700 mi=0.0558 dn=0.0000 v13=0.0000 grl=0.0000 v15=0.0000 v15r=0.0000 v16=0.0000 v17=0.0000 v18=0.0000 acc=0.9979 lr=2.76e-04 lambda=0.000 grl_lambda=0.000 v18_lambda=0.000 gpu=3.0/11.8GB
[21:57:27] [train] ep=21 step=040/40 ce=0.3075 sc=0.7724 mi=0.0551 dn=0.0000 v13=0.0000 grl=0.0000 v15=0.0000 v15r=0.0000 v16=0.0000 v17=0.0000 v18=0.0000 acc=0.9984 lr=2.75e-04 lambda=0.000 grl_lambda=0.000 v18_lambda=0.000 gpu=3.0/11.8GB
[21:57:37] [ep_summary] ep=21/100 val_live=0.9444/0.9427 val_ema=0.7407/0.7095 test77_live=0.5576/0.5113 test77_diag_ema=0.1403/0.0352 v13=0.0000 grl=0.0000 v15=0.0000 v15r=0.0000 v16=0.0000 v17=0.0000 v18=0.0000 das=stage2[10,50] p=0.70 ep_time=32.9s
[21:57:37] [save] best_sourceval_ema val_acc_ema=0.7407 source_val_live=0.9444/0.9427 source_val_ema=0.7407/0.7095 ep=21
[21:57:37] [train] epoch 22/100 steps=40 use_dann=0 das=stage2 f=[10.0,50.0] p=0.70 gpu=3.0/11.8GB
[21:57:38] [train] ep=22 step=001/40 ce=0.9292 sc=0.7462 mi=0.0571 dn=0.0000 v13=0.0000 grl=0.0000 v15=0.0000 v15r=0.0000 v16=0.0000 v17=0.0000 v18=0.0000 acc=0.9375 lr=2.75e-04 lambda=0.000 grl_lambda=0.000 v18_lambda=0.000 gpu=3.0/11.8GB
[21:57:43] [train] ep=22 step=010/40 ce=0.5220 sc=0.7958 mi=0.0579 dn=0.0000 v13=0.0000 grl=0.0000 v15=0.0000 v15r=0.0000 v16=0.0000 v17=0.0000 v18=0.0000 acc=0.9812 lr=2.75e-04 lambda=0.000 grl_lambda=0.000 v18_lambda=0.000 gpu=3.0/11.8GB
[21:57:49] [train] ep=22 step=020/40 ce=0.5223 sc=0.8529 mi=0.0580 dn=0.0000 v13=0.0000 grl=0.0000 v15=0.0000 v15r=0.0000 v16=0.0000 v17=0.0000 v18=0.0000 acc=0.9844 lr=2.74e-04 lambda=0.000 grl_lambda=0.000 v18_lambda=0.000 gpu=3.0/11.8GB
[21:57:55] [train] ep=22 step=030/40 ce=0.4680 sc=0.8092 mi=0.0553 dn=0.0000 v13=0.0000 grl=0.0000 v15=0.0000 v15r=0.0000 v16=0.0000 v17=0.0000 v18=0.0000 acc=0.9896 lr=2.73e-04 lambda=0.000 grl_lambda=0.000 v18_lambda=0.000 gpu=3.0/11.8GB
[21:58:00] [train] ep=22 step=040/40 ce=0.4380 sc=0.8124 mi=0.0552 dn=0.0000 v13=0.0000 grl=0.0000 v15=0.0000 v15r=0.0000 v16=0.0000 v17=0.0000 v18=0.0000 acc=0.9922 lr=2.73e-04 lambda=0.000 grl_lambda=0.000 v18_lambda=0.000 gpu=3.0/11.8GB
[21:58:10] [ep_summary] ep=22/100 val_live=0.9691/0.9695 val_ema=0.7531/0.7205 test77_live=0.5683/0.5309 test77_diag_ema=0.1403/0.0352 v13=0.0000 grl=0.0000 v15=0.0000 v15r=0.0000 v16=0.0000 v17=0.0000 v18=0.0000 das=stage2[10,50] p=0.70 ep_time=32.9s
[21:58:10] [save] best_sourceval_ema val_acc_ema=0.7531 source_val_live=0.9691/0.9695 source_val_ema=0.7531/0.7205 ep=22
[21:58:10] [train] epoch 23/100 steps=40 use_dann=0 das=stage2 f=[10.0,50.0] p=0.70 gpu=3.0/11.8GB
[21:58:11] [train] ep=23 step=001/40 ce=0.2825 sc=1.0979 mi=0.0531 dn=0.0000 v13=0.0000 grl=0.0000 v15=0.0000 v15r=0.0000 v16=0.0000 v17=0.0000 v18=0.0000 acc=1.0000 lr=2.72e-04 lambda=0.000 grl_lambda=0.000 v18_lambda=0.000 gpu=3.0/11.8GB
[21:58:16] [train] ep=23 step=010/40 ce=0.3199 sc=0.7917 mi=0.0536 dn=0.0000 v13=0.0000 grl=0.0000 v15=0.0000 v15r=0.0000 v16=0.0000 v17=0.0000 v18=0.0000 acc=1.0000 lr=2.72e-04 lambda=0.000 grl_lambda=0.000 v18_lambda=0.000 gpu=3.0/11.8GB
[21:58:22] [train] ep=23 step=020/40 ce=0.3270 sc=0.7120 mi=0.0533 dn=0.0000 v13=0.0000 grl=0.0000 v15=0.0000 v15r=0.0000 v16=0.0000 v17=0.0000 v18=0.0000 acc=1.0000 lr=2.71e-04 lambda=0.000 grl_lambda=0.000 v18_lambda=0.000 gpu=3.0/11.8GB
[21:58:28] [train] ep=23 step=030/40 ce=0.3207 sc=0.7368 mi=0.0518 dn=0.0000 v13=0.0000 grl=0.0000 v15=0.0000 v15r=0.0000 v16=0.0000 v17=0.0000 v18=0.0000 acc=1.0000 lr=2.70e-04 lambda=0.000 grl_lambda=0.000 v18_lambda=0.000 gpu=3.0/11.8GB
[21:58:33] [train] ep=23 step=040/40 ce=0.3141 sc=0.7371 mi=0.0518 dn=0.0000 v13=0.0000 grl=0.0000 v15=0.0000 v15r=0.0000 v16=0.0000 v17=0.0000 v18=0.0000 acc=1.0000 lr=2.70e-04 lambda=0.000 grl_lambda=0.000 v18_lambda=0.000 gpu=3.0/11.8GB
[21:58:43] [ep_summary] ep=23/100 val_live=0.9506/0.9523 val_ema=0.7593/0.7255 test77_live=0.6367/0.5979 test77_diag_ema=0.1403/0.0352 v13=0.0000 grl=0.0000 v15=0.0000 v15r=0.0000 v16=0.0000 v17=0.0000 v18=0.0000 das=stage2[10,50] p=0.70 ep_time=32.8s
[21:58:43] [save] best_sourceval_ema val_acc_ema=0.7593 source_val_live=0.9506/0.9523 source_val_ema=0.7593/0.7255 ep=23
[21:58:43] [train] epoch 24/100 steps=40 use_dann=0 das=stage2 f=[10.0,50.0] p=0.70 gpu=3.0/11.8GB
[21:58:44] [train] ep=24 step=001/40 ce=0.2819 sc=0.7489 mi=0.0514 dn=0.0000 v13=0.0000 grl=0.0000 v15=0.0000 v15r=0.0000 v16=0.0000 v17=0.0000 v18=0.0000 acc=1.0000 lr=2.70e-04 lambda=0.000 grl_lambda=0.000 v18_lambda=0.000 gpu=3.0/11.8GB
[21:58:49] [train] ep=24 step=010/40 ce=0.3539 sc=0.7750 mi=0.0524 dn=0.0000 v13=0.0000 grl=0.0000 v15=0.0000 v15r=0.0000 v16=0.0000 v17=0.0000 v18=0.0000 acc=0.9938 lr=2.69e-04 lambda=0.000 grl_lambda=0.000 v18_lambda=0.000 gpu=3.0/11.8GB
[21:58:55] [train] ep=24 step=020/40 ce=0.3597 sc=0.7834 mi=0.0512 dn=0.0000 v13=0.0000 grl=0.0000 v15=0.0000 v15r=0.0000 v16=0.0000 v17=0.0000 v18=0.0000 acc=0.9969 lr=2.68e-04 lambda=0.000 grl_lambda=0.000 v18_lambda=0.000 gpu=3.0/11.8GB
[21:59:00] [train] ep=24 step=030/40 ce=0.3712 sc=0.7928 mi=0.0519 dn=0.0000 v13=0.0000 grl=0.0000 v15=0.0000 v15r=0.0000 v16=0.0000 v17=0.0000 v18=0.0000 acc=0.9958 lr=2.67e-04 lambda=0.000 grl_lambda=0.000 v18_lambda=0.000 gpu=3.0/11.8GB
[21:59:06] [train] ep=24 step=040/40 ce=0.3864 sc=0.8046 mi=0.0513 dn=0.0000 v13=0.0000 grl=0.0000 v15=0.0000 v15r=0.0000 v16=0.0000 v17=0.0000 v18=0.0000 acc=0.9938 lr=2.67e-04 lambda=0.000 grl_lambda=0.000 v18_lambda=0.000 gpu=3.0/11.8GB
[21:59:16] [ep_summary] ep=24/100 val_live=0.9753/0.9755 val_ema=0.7778/0.7411 test77_live=0.6187/0.5649 test77_diag_ema=0.1403/0.0352 v13=0.0000 grl=0.0000 v15=0.0000 v15r=0.0000 v16=0.0000 v17=0.0000 v18=0.0000 das=stage2[10,50] p=0.70 ep_time=32.9s
[21:59:16] [save] best_sourceval_ema val_acc_ema=0.7778 source_val_live=0.9753/0.9755 source_val_ema=0.7778/0.7411 ep=24
[21:59:16] [train] epoch 25/100 steps=40 use_dann=0 das=stage3 f=[12.0,95.0] p=1.00 gpu=3.0/11.8GB
[21:59:17] [train] ep=25 step=001/40 ce=1.2682 sc=1.5339 mi=0.0576 dn=0.0000 v13=0.0000 grl=0.0000 v15=0.0000 v15r=0.0000 v16=0.0000 v17=0.0000 v18=0.0000 acc=0.9375 lr=2.67e-04 lambda=0.000 grl_lambda=0.000 v18_lambda=0.000 gpu=3.0/11.8GB
[21:59:22] [train] ep=25 step=010/40 ce=0.6562 sc=0.9932 mi=0.0582 dn=0.0000 v13=0.0000 grl=0.0000 v15=0.0000 v15r=0.0000 v16=0.0000 v17=0.0000 v18=0.0000 acc=0.9750 lr=2.66e-04 lambda=0.000 grl_lambda=0.000 v18_lambda=0.000 gpu=3.0/11.8GB
[21:59:28] [train] ep=25 step=020/40 ce=0.6240 sc=0.9901 mi=0.0579 dn=0.0000 v13=0.0000 grl=0.0000 v15=0.0000 v15r=0.0000 v16=0.0000 v17=0.0000 v18=0.0000 acc=0.9781 lr=2.65e-04 lambda=0.000 grl_lambda=0.000 v18_lambda=0.000 gpu=3.0/11.8GB
[21:59:33] [train] ep=25 step=030/40 ce=0.5872 sc=0.9316 mi=0.0581 dn=0.0000 v13=0.0000 grl=0.0000 v15=0.0000 v15r=0.0000 v16=0.0000 v17=0.0000 v18=0.0000 acc=0.9792 lr=2.64e-04 lambda=0.000 grl_lambda=0.000 v18_lambda=0.000 gpu=3.0/11.8GB
[21:59:39] [train] ep=25 step=040/40 ce=0.5732 sc=0.8941 mi=0.0586 dn=0.0000 v13=0.0000 grl=0.0000 v15=0.0000 v15r=0.0000 v16=0.0000 v17=0.0000 v18=0.0000 acc=0.9812 lr=2.64e-04 lambda=0.000 grl_lambda=0.000 v18_lambda=0.000 gpu=3.0/11.8GB
[21:59:49] [ep_summary] ep=25/100 val_live=0.9691/0.9700 val_ema=0.7901/0.7529 test77_live=0.5935/0.5390 test77_diag_ema=0.1403/0.0352 v13=0.0000 grl=0.0000 v15=0.0000 v15r=0.0000 v16=0.0000 v17=0.0000 v18=0.0000 das=stage3[12,95] p=1.00 ep_time=32.9s
[21:59:49] [save] best_sourceval_ema val_acc_ema=0.7901 source_val_live=0.9691/0.9700 source_val_ema=0.7901/0.7529 ep=25
[21:59:49] [train] epoch 26/100 steps=40 use_dann=0 das=stage3 f=[12.0,95.0] p=1.00 gpu=3.0/11.8GB
[21:59:50] [train] ep=26 step=001/40 ce=0.5536 sc=0.8630 mi=0.0532 dn=0.0000 v13=0.0000 grl=0.0000 v15=0.0000 v15r=0.0000 v16=0.0000 v17=0.0000 v18=0.0000 acc=1.0000 lr=2.64e-04 lambda=0.000 grl_lambda=0.000 v18_lambda=0.000 gpu=3.0/11.8GB
[21:59:55] [train] ep=26 step=010/40 ce=0.4535 sc=0.8644 mi=0.0581 dn=0.0000 v13=0.0000 grl=0.0000 v15=0.0000 v15r=0.0000 v16=0.0000 v17=0.0000 v18=0.0000 acc=0.9938 lr=2.63e-04 lambda=0.000 grl_lambda=0.000 v18_lambda=0.000 gpu=3.0/11.8GB
[22:00:01] [train] ep=26 step=020/40 ce=0.4093 sc=0.8899 mi=0.0592 dn=0.0000 v13=0.0000 grl=0.0000 v15=0.0000 v15r=0.0000 v16=0.0000 v17=0.0000 v18=0.0000 acc=0.9938 lr=2.62e-04 lambda=0.000 grl_lambda=0.000 v18_lambda=0.000 gpu=3.0/11.8GB
[22:00:06] [train] ep=26 step=030/40 ce=0.4128 sc=0.8126 mi=0.0597 dn=0.0000 v13=0.0000 grl=0.0000 v15=0.0000 v15r=0.0000 v16=0.0000 v17=0.0000 v18=0.0000 acc=0.9938 lr=2.61e-04 lambda=0.000 grl_lambda=0.000 v18_lambda=0.000 gpu=3.0/11.8GB
[22:00:12] [train] ep=26 step=040/40 ce=0.4354 sc=0.8261 mi=0.0601 dn=0.0000 v13=0.0000 grl=0.0000 v15=0.0000 v15r=0.0000 v16=0.0000 v17=0.0000 v18=0.0000 acc=0.9922 lr=2.60e-04 lambda=0.000 grl_lambda=0.000 v18_lambda=0.000 gpu=3.0/11.8GB
[22:00:22] [ep_summary] ep=26/100 val_live=0.9753/0.9758 val_ema=0.8086/0.7783 test77_live=0.6511/0.6024 test77_diag_ema=0.1403/0.0352 v13=0.0000 grl=0.0000 v15=0.0000 v15r=0.0000 v16=0.0000 v17=0.0000 v18=0.0000 das=stage3[12,95] p=1.00 ep_time=32.9s
[22:00:22] [save] best_sourceval_ema val_acc_ema=0.8086 source_val_live=0.9753/0.9758 source_val_ema=0.8086/0.7783 ep=26
[22:00:22] [train] epoch 27/100 steps=40 use_dann=0 das=stage3 f=[12.0,95.0] p=1.00 gpu=3.0/11.8GB
[22:00:23] [train] ep=27 step=001/40 ce=1.2378 sc=1.0715 mi=0.0644 dn=0.0000 v13=0.0000 grl=0.0000 v15=0.0000 v15r=0.0000 v16=0.0000 v17=0.0000 v18=0.0000 acc=0.9375 lr=2.60e-04 lambda=0.000 grl_lambda=0.000 v18_lambda=0.000 gpu=3.0/11.8GB
[22:00:28] [train] ep=27 step=010/40 ce=0.5306 sc=0.9310 mi=0.0599 dn=0.0000 v13=0.0000 grl=0.0000 v15=0.0000 v15r=0.0000 v16=0.0000 v17=0.0000 v18=0.0000 acc=0.9812 lr=2.60e-04 lambda=0.000 grl_lambda=0.000 v18_lambda=0.000 gpu=3.0/11.8GB
[22:00:34] [train] ep=27 step=020/40 ce=0.4870 sc=0.8868 mi=0.0590 dn=0.0000 v13=0.0000 grl=0.0000 v15=0.0000 v15r=0.0000 v16=0.0000 v17=0.0000 v18=0.0000 acc=0.9875 lr=2.59e-04 lambda=0.000 grl_lambda=0.000 v18_lambda=0.000 gpu=3.0/11.8GB
[22:00:39] [train] ep=27 step=030/40 ce=0.4765 sc=0.8700 mi=0.0581 dn=0.0000 v13=0.0000 grl=0.0000 v15=0.0000 v15r=0.0000 v16=0.0000 v17=0.0000 v18=0.0000 acc=0.9875 lr=2.58e-04 lambda=0.000 grl_lambda=0.000 v18_lambda=0.000 gpu=3.0/11.8GB
[22:00:45] [train] ep=27 step=040/40 ce=0.5161 sc=0.8755 mi=0.0580 dn=0.0000 v13=0.0000 grl=0.0000 v15=0.0000 v15r=0.0000 v16=0.0000 v17=0.0000 v18=0.0000 acc=0.9844 lr=2.57e-04 lambda=0.000 grl_lambda=0.000 v18_lambda=0.000 gpu=3.0/11.8GB
[22:00:55] [ep_summary] ep=27/100 val_live=0.9630/0.9627 val_ema=0.8148/0.7831 test77_live=0.6727/0.6333 test77_diag_ema=0.1403/0.0352 v13=0.0000 grl=0.0000 v15=0.0000 v15r=0.0000 v16=0.0000 v17=0.0000 v18=0.0000 das=stage3[12,95] p=1.00 ep_time=32.9s
[22:00:55] [save] best_sourceval_ema val_acc_ema=0.8148 source_val_live=0.9630/0.9627 source_val_ema=0.8148/0.7831 ep=27
[22:00:55] [train] epoch 28/100 steps=40 use_dann=0 das=stage3 f=[12.0,95.0] p=1.00 gpu=3.0/11.8GB
[22:00:56] [train] ep=28 step=001/40 ce=0.2822 sc=0.8546 mi=0.0524 dn=0.0000 v13=0.0000 grl=0.0000 v15=0.0000 v15r=0.0000 v16=0.0000 v17=0.0000 v18=0.0000 acc=1.0000 lr=2.57e-04 lambda=0.000 grl_lambda=0.000 v18_lambda=0.000 gpu=3.0/11.8GB
[22:01:01] [train] ep=28 step=010/40 ce=0.5077 sc=0.6911 mi=0.0529 dn=0.0000 v13=0.0000 grl=0.0000 v15=0.0000 v15r=0.0000 v16=0.0000 v17=0.0000 v18=0.0000 acc=0.9812 lr=2.56e-04 lambda=0.000 grl_lambda=0.000 v18_lambda=0.000 gpu=3.0/11.8GB
[22:01:06] [train] ep=28 step=020/40 ce=0.5198 sc=0.8106 mi=0.0534 dn=0.0000 v13=0.0000 grl=0.0000 v15=0.0000 v15r=0.0000 v16=0.0000 v17=0.0000 v18=0.0000 acc=0.9781 lr=2.55e-04 lambda=0.000 grl_lambda=0.000 v18_lambda=0.000 gpu=3.0/11.8GB
[22:01:12] [train] ep=28 step=030/40 ce=0.5504 sc=0.8310 mi=0.0543 dn=0.0000 v13=0.0000 grl=0.0000 v15=0.0000 v15r=0.0000 v16=0.0000 v17=0.0000 v18=0.0000 acc=0.9792 lr=2.54e-04 lambda=0.000 grl_lambda=0.000 v18_lambda=0.000 gpu=3.0/11.8GB
[22:01:18] [train] ep=28 step=040/40 ce=0.4953 sc=0.8004 mi=0.0549 dn=0.0000 v13=0.0000 grl=0.0000 v15=0.0000 v15r=0.0000 v16=0.0000 v17=0.0000 v18=0.0000 acc=0.9844 lr=2.54e-04 lambda=0.000 grl_lambda=0.000 v18_lambda=0.000 gpu=3.0/11.8GB
[22:01:28] [ep_summary] ep=28/100 val_live=0.9444/0.9437 val_ema=0.8148/0.7831 test77_live=0.6942/0.6357 test77_diag_ema=0.1403/0.0352 v13=0.0000 grl=0.0000 v15=0.0000 v15r=0.0000 v16=0.0000 v17=0.0000 v18=0.0000 das=stage3[12,95] p=1.00 ep_time=32.8s
[22:01:28] [train] epoch 29/100 steps=40 use_dann=0 das=stage3 f=[12.0,95.0] p=1.00 gpu=3.0/11.8GB
[22:01:28] [train] ep=29 step=001/40 ce=0.6827 sc=1.0750 mi=0.0540 dn=0.0000 v13=0.0000 grl=0.0000 v15=0.0000 v15r=0.0000 v16=0.0000 v17=0.0000 v18=0.0000 acc=0.9375 lr=2.53e-04 lambda=0.000 grl_lambda=0.000 v18_lambda=0.000 gpu=3.0/11.8GB
[22:01:34] [train] ep=29 step=010/40 ce=0.5588 sc=0.8697 mi=0.0564 dn=0.0000 v13=0.0000 grl=0.0000 v15=0.0000 v15r=0.0000 v16=0.0000 v17=0.0000 v18=0.0000 acc=0.9750 lr=2.53e-04 lambda=0.000 grl_lambda=0.000 v18_lambda=0.000 gpu=3.0/11.8GB
[22:01:39] [train] ep=29 step=020/40 ce=0.4591 sc=0.7917 mi=0.0560 dn=0.0000 v13=0.0000 grl=0.0000 v15=0.0000 v15r=0.0000 v16=0.0000 v17=0.0000 v18=0.0000 acc=0.9875 lr=2.52e-04 lambda=0.000 grl_lambda=0.000 v18_lambda=0.000 gpu=3.0/11.8GB
[22:01:45] [train] ep=29 step=030/40 ce=0.4694 sc=0.8307 mi=0.0558 dn=0.0000 v13=0.0000 grl=0.0000 v15=0.0000 v15r=0.0000 v16=0.0000 v17=0.0000 v18=0.0000 acc=0.9854 lr=2.51e-04 lambda=0.000 grl_lambda=0.000 v18_lambda=0.000 gpu=3.0/11.8GB
[22:01:51] [train] ep=29 step=040/40 ce=0.4492 sc=0.8064 mi=0.0561 dn=0.0000 v13=0.0000 grl=0.0000 v15=0.0000 v15r=0.0000 v16=0.0000 v17=0.0000 v18=0.0000 acc=0.9859 lr=2.50e-04 lambda=0.000 grl_lambda=0.000 v18_lambda=0.000 gpu=3.0/11.8GB
[22:02:01] [ep_summary] ep=29/100 val_live=0.9630/0.9637 val_ema=0.8148/0.7831 test77_live=0.6259/0.6047 test77_diag_ema=0.1475/0.0490 v13=0.0000 grl=0.0000 v15=0.0000 v15r=0.0000 v16=0.0000 v17=0.0000 v18=0.0000 das=stage3[12,95] p=1.00 ep_time=32.8s
[22:02:01] [train] epoch 30/100 steps=40 use_dann=0 das=stage3 f=[12.0,95.0] p=1.00 gpu=3.0/11.8GB
[22:02:01] [train] ep=30 step=001/40 ce=0.6529 sc=0.8606 mi=0.0554 dn=0.0000 v13=0.0000 grl=0.0000 v15=0.0000 v15r=0.0000 v16=0.0000 v17=0.0000 v18=0.0000 acc=1.0000 lr=2.50e-04 lambda=0.000 grl_lambda=0.000 v18_lambda=0.000 gpu=3.0/11.8GB
[22:02:06] [train] ep=30 step=010/40 ce=0.4068 sc=0.7760 mi=0.0534 dn=0.0000 v13=0.0000 grl=0.0000 v15=0.0000 v15r=0.0000 v16=0.0000 v17=0.0000 v18=0.0000 acc=0.9938 lr=2.49e-04 lambda=0.000 grl_lambda=0.000 v18_lambda=0.000 gpu=3.0/11.8GB
[22:02:12] [train] ep=30 step=020/40 ce=0.3429 sc=0.7242 mi=0.0531 dn=0.0000 v13=0.0000 grl=0.0000 v15=0.0000 v15r=0.0000 v16=0.0000 v17=0.0000 v18=0.0000 acc=0.9969 lr=2.48e-04 lambda=0.000 grl_lambda=0.000 v18_lambda=0.000 gpu=3.0/11.8GB
[22:02:18] [train] ep=30 step=030/40 ce=0.3299 sc=0.7505 mi=0.0528 dn=0.0000 v13=0.0000 grl=0.0000 v15=0.0000 v15r=0.0000 v16=0.0000 v17=0.0000 v18=0.0000 acc=0.9979 lr=2.47e-04 lambda=0.000 grl_lambda=0.000 v18_lambda=0.000 gpu=3.0/11.8GB
[22:02:24] [train] ep=30 step=040/40 ce=0.3467 sc=0.7264 mi=0.0540 dn=0.0000 v13=0.0000 grl=0.0000 v15=0.0000 v15r=0.0000 v16=0.0000 v17=0.0000 v18=0.0000 acc=0.9938 lr=2.46e-04 lambda=0.000 grl_lambda=0.000 v18_lambda=0.000 gpu=3.0/11.8GB
[22:02:33] [pool] check ep=030/100 source_val_acc_ema=0.8148 threshold=0.90
[22:02:33] [pool] ep=030 SKIP (source_val_acc_ema=0.8148 < 0.90)
[22:02:34] [ep_summary] ep=30/100 val_live=0.9383/0.9401 val_ema=0.8148/0.7831 test77_live=0.5791/0.5493 test77_diag_ema=0.1583/0.0675 v13=0.0000 grl=0.0000 v15=0.0000 v15r=0.0000 v16=0.0000 v17=0.0000 v18=0.0000 das=stage3[12,95] p=1.00 ep_time=32.8s
[22:02:34] [strict77_monitor] ep=30 best_source_epoch=27 source_val_ema=0.8148/0.7831 test77_ema_diag=0.1403/0.0352 sourcequalified_count=0
[22:02:34] [train] epoch 31/100 steps=40 use_dann=0 das=stage3 f=[12.0,95.0] p=1.00 gpu=3.0/11.8GB
[22:02:34] [train] ep=31 step=001/40 ce=0.2673 sc=1.0388 mi=0.0526 dn=0.0000 v13=0.0000 grl=0.0000 v15=0.0000 v15r=0.0000 v16=0.0000 v17=0.0000 v18=0.0000 acc=1.0000 lr=2.46e-04 lambda=0.000 grl_lambda=0.000 v18_lambda=0.000 gpu=3.0/11.8GB
[22:02:39] [train] ep=31 step=010/40 ce=0.3122 sc=0.8170 mi=0.0549 dn=0.0000 v13=0.0000 grl=0.0000 v15=0.0000 v15r=0.0000 v16=0.0000 v17=0.0000 v18=0.0000 acc=1.0000 lr=2.45e-04 lambda=0.000 grl_lambda=0.000 v18_lambda=0.000 gpu=3.0/11.8GB
[22:02:45] [train] ep=31 step=020/40 ce=0.2993 sc=0.7555 mi=0.0535 dn=0.0000 v13=0.0000 grl=0.0000 v15=0.0000 v15r=0.0000 v16=0.0000 v17=0.0000 v18=0.0000 acc=1.0000 lr=2.44e-04 lambda=0.000 grl_lambda=0.000 v18_lambda=0.000 gpu=3.0/11.8GB
[22:02:51] [train] ep=31 step=030/40 ce=0.3313 sc=0.7901 mi=0.0529 dn=0.0000 v13=0.0000 grl=0.0000 v15=0.0000 v15r=0.0000 v16=0.0000 v17=0.0000 v18=0.0000 acc=0.9979 lr=2.43e-04 lambda=0.000 grl_lambda=0.000 v18_lambda=0.000 gpu=3.0/11.8GB
[22:02:57] [train] ep=31 step=040/40 ce=0.3322 sc=0.7715 mi=0.0527 dn=0.0000 v13=0.0000 grl=0.0000 v15=0.0000 v15r=0.0000 v16=0.0000 v17=0.0000 v18=0.0000 acc=0.9984 lr=2.43e-04 lambda=0.000 grl_lambda=0.000 v18_lambda=0.000 gpu=3.0/11.8GB
[22:03:07] [ep_summary] ep=31/100 val_live=0.9568/0.9571 val_ema=0.8333/0.8113 test77_live=0.6223/0.5945 test77_diag_ema=0.1763/0.0924 v13=0.0000 grl=0.0000 v15=0.0000 v15r=0.0000 v16=0.0000 v17=0.0000 v18=0.0000 das=stage3[12,95] p=1.00 ep_time=33.0s
[22:03:07] [save] best_sourceval_ema val_acc_ema=0.8333 source_val_live=0.9568/0.9571 source_val_ema=0.8333/0.8113 ep=31
[22:03:07] [train] epoch 32/100 steps=40 use_dann=0 das=stage3 f=[12.0,95.0] p=1.00 gpu=3.0/11.8GB
[22:03:07] [train] ep=32 step=001/40 ce=0.2696 sc=0.8473 mi=0.0443 dn=0.0000 v13=0.0000 grl=0.0000 v15=0.0000 v15r=0.0000 v16=0.0000 v17=0.0000 v18=0.0000 acc=1.0000 lr=2.42e-04 lambda=0.000 grl_lambda=0.000 v18_lambda=0.000 gpu=3.0/11.8GB
[22:03:12] [train] ep=32 step=010/40 ce=0.5894 sc=0.8283 mi=0.0500 dn=0.0000 v13=0.0000 grl=0.0000 v15=0.0000 v15r=0.0000 v16=0.0000 v17=0.0000 v18=0.0000 acc=0.9750 lr=2.42e-04 lambda=0.000 grl_lambda=0.000 v18_lambda=0.000 gpu=3.0/11.8GB
[22:03:18] [train] ep=32 step=020/40 ce=0.5276 sc=0.7882 mi=0.0504 dn=0.0000 v13=0.0000 grl=0.0000 v15=0.0000 v15r=0.0000 v16=0.0000 v17=0.0000 v18=0.0000 acc=0.9812 lr=2.41e-04 lambda=0.000 grl_lambda=0.000 v18_lambda=0.000 gpu=3.0/11.8GB
[22:03:24] [train] ep=32 step=030/40 ce=0.4792 sc=0.8167 mi=0.0502 dn=0.0000 v13=0.0000 grl=0.0000 v15=0.0000 v15r=0.0000 v16=0.0000 v17=0.0000 v18=0.0000 acc=0.9854 lr=2.40e-04 lambda=0.000 grl_lambda=0.000 v18_lambda=0.000 gpu=3.0/11.8GB
[22:03:29] [train] ep=32 step=040/40 ce=0.4671 sc=0.8108 mi=0.0504 dn=0.0000 v13=0.0000 grl=0.0000 v15=0.0000 v15r=0.0000 v16=0.0000 v17=0.0000 v18=0.0000 acc=0.9859 lr=2.39e-04 lambda=0.000 grl_lambda=0.000 v18_lambda=0.000 gpu=3.0/11.8GB
[22:03:39] [ep_summary] ep=32/100 val_live=0.9568/0.9579 val_ema=0.8519/0.8415 test77_live=0.6583/0.6235 test77_diag_ema=0.1871/0.1056 v13=0.0000 grl=0.0000 v15=0.0000 v15r=0.0000 v16=0.0000 v17=0.0000 v18=0.0000 das=stage3[12,95] p=1.00 ep_time=32.9s
[22:03:40] [save] best_sourceval_ema val_acc_ema=0.8519 source_val_live=0.9568/0.9579 source_val_ema=0.8519/0.8415 ep=32
[22:03:40] [train] epoch 33/100 steps=40 use_dann=0 das=stage3 f=[12.0,95.0] p=1.00 gpu=3.0/11.8GB
[22:03:40] [train] ep=33 step=001/40 ce=0.2886 sc=1.2212 mi=0.0476 dn=0.0000 v13=0.0000 grl=0.0000 v15=0.0000 v15r=0.0000 v16=0.0000 v17=0.0000 v18=0.0000 acc=1.0000 lr=2.39e-04 lambda=0.000 grl_lambda=0.000 v18_lambda=0.000 gpu=3.0/11.8GB
[22:03:45] [train] ep=33 step=010/40 ce=0.3229 sc=0.7569 mi=0.0530 dn=0.0000 v13=0.0000 grl=0.0000 v15=0.0000 v15r=0.0000 v16=0.0000 v17=0.0000 v18=0.0000 acc=0.9938 lr=2.38e-04 lambda=0.000 grl_lambda=0.000 v18_lambda=0.000 gpu=3.0/11.8GB
[22:03:51] [train] ep=33 step=020/40 ce=0.3817 sc=0.8177 mi=0.0514 dn=0.0000 v13=0.0000 grl=0.0000 v15=0.0000 v15r=0.0000 v16=0.0000 v17=0.0000 v18=0.0000 acc=0.9875 lr=2.37e-04 lambda=0.000 grl_lambda=0.000 v18_lambda=0.000 gpu=3.0/11.8GB
[22:03:57] [train] ep=33 step=030/40 ce=0.3725 sc=0.8083 mi=0.0504 dn=0.0000 v13=0.0000 grl=0.0000 v15=0.0000 v15r=0.0000 v16=0.0000 v17=0.0000 v18=0.0000 acc=0.9896 lr=2.36e-04 lambda=0.000 grl_lambda=0.000 v18_lambda=0.000 gpu=3.0/11.8GB
[22:04:03] [train] ep=33 step=040/40 ce=0.3677 sc=0.8272 mi=0.0503 dn=0.0000 v13=0.0000 grl=0.0000 v15=0.0000 v15r=0.0000 v16=0.0000 v17=0.0000 v18=0.0000 acc=0.9922 lr=2.35e-04 lambda=0.000 grl_lambda=0.000 v18_lambda=0.000 gpu=3.0/11.8GB
[22:04:13] [ep_summary] ep=33/100 val_live=0.9444/0.9451 val_ema=0.8580/0.8462 test77_live=0.7302/0.7030 test77_diag_ema=0.2014/0.1210 v13=0.0000 grl=0.0000 v15=0.0000 v15r=0.0000 v16=0.0000 v17=0.0000 v18=0.0000 das=stage3[12,95] p=1.00 ep_time=32.9s
[22:04:13] [save] best_sourceval_ema val_acc_ema=0.8580 source_val_live=0.9444/0.9451 source_val_ema=0.8580/0.8462 ep=33
[22:04:13] [train] epoch 34/100 steps=40 use_dann=0 das=stage3 f=[12.0,95.0] p=1.00 gpu=3.0/11.8GB
[22:04:13] [train] ep=34 step=001/40 ce=0.2660 sc=0.5388 mi=0.0428 dn=0.0000 v13=0.0000 grl=0.0000 v15=0.0000 v15r=0.0000 v16=0.0000 v17=0.0000 v18=0.0000 acc=1.0000 lr=2.35e-04 lambda=0.000 grl_lambda=0.000 v18_lambda=0.000 gpu=3.0/11.8GB
[22:04:18] [train] ep=34 step=010/40 ce=0.3524 sc=0.6906 mi=0.0512 dn=0.0000 v13=0.0000 grl=0.0000 v15=0.0000 v15r=0.0000 v16=0.0000 v17=0.0000 v18=0.0000 acc=0.9938 lr=2.34e-04 lambda=0.000 grl_lambda=0.000 v18_lambda=0.000 gpu=3.0/11.8GB
[22:04:24] [train] ep=34 step=020/40 ce=0.3398 sc=0.7248 mi=0.0510 dn=0.0000 v13=0.0000 grl=0.0000 v15=0.0000 v15r=0.0000 v16=0.0000 v17=0.0000 v18=0.0000 acc=0.9969 lr=2.33e-04 lambda=0.000 grl_lambda=0.000 v18_lambda=0.000 gpu=3.0/11.8GB
[22:04:30] [train] ep=34 step=030/40 ce=0.3447 sc=0.7282 mi=0.0510 dn=0.0000 v13=0.0000 grl=0.0000 v15=0.0000 v15r=0.0000 v16=0.0000 v17=0.0000 v18=0.0000 acc=0.9979 lr=2.32e-04 lambda=0.000 grl_lambda=0.000 v18_lambda=0.000 gpu=3.0/11.8GB
[22:04:35] [train] ep=34 step=040/40 ce=0.3277 sc=0.7531 mi=0.0506 dn=0.0000 v13=0.0000 grl=0.0000 v15=0.0000 v15r=0.0000 v16=0.0000 v17=0.0000 v18=0.0000 acc=0.9984 lr=2.31e-04 lambda=0.000 grl_lambda=0.000 v18_lambda=0.000 gpu=3.0/11.8GB
[22:04:45] [ep_summary] ep=34/100 val_live=0.9630/0.9635 val_ema=0.8580/0.8462 test77_live=0.7194/0.7135 test77_diag_ema=0.2122/0.1299 v13=0.0000 grl=0.0000 v15=0.0000 v15r=0.0000 v16=0.0000 v17=0.0000 v18=0.0000 das=stage3[12,95] p=1.00 ep_time=32.9s
[22:04:45] [train] epoch 35/100 steps=40 use_dann=0 das=stage3 f=[12.0,95.0] p=1.00 gpu=3.0/11.8GB
[22:04:46] [train] ep=35 step=001/40 ce=0.2698 sc=0.5986 mi=0.0435 dn=0.0000 v13=0.0000 grl=0.0000 v15=0.0000 v15r=0.0000 v16=0.0000 v17=0.0000 v18=0.0000 acc=1.0000 lr=2.31e-04 lambda=0.000 grl_lambda=0.000 v18_lambda=0.000 gpu=3.0/11.8GB
[22:04:51] [train] ep=35 step=010/40 ce=0.3311 sc=0.6614 mi=0.0514 dn=0.0000 v13=0.0000 grl=0.0000 v15=0.0000 v15r=0.0000 v16=0.0000 v17=0.0000 v18=0.0000 acc=1.0000 lr=2.30e-04 lambda=0.000 grl_lambda=0.000 v18_lambda=0.000 gpu=3.0/11.8GB
[22:04:57] [train] ep=35 step=020/40 ce=0.3410 sc=0.6908 mi=0.0517 dn=0.0000 v13=0.0000 grl=0.0000 v15=0.0000 v15r=0.0000 v16=0.0000 v17=0.0000 v18=0.0000 acc=1.0000 lr=2.29e-04 lambda=0.000 grl_lambda=0.000 v18_lambda=0.000 gpu=3.0/11.8GB
[22:05:03] [train] ep=35 step=030/40 ce=0.3298 sc=0.7232 mi=0.0514 dn=0.0000 v13=0.0000 grl=0.0000 v15=0.0000 v15r=0.0000 v16=0.0000 v17=0.0000 v18=0.0000 acc=1.0000 lr=2.28e-04 lambda=0.000 grl_lambda=0.000 v18_lambda=0.000 gpu=3.0/11.8GB
[22:05:08] [train] ep=35 step=040/40 ce=0.3178 sc=0.7731 mi=0.0511 dn=0.0000 v13=0.0000 grl=0.0000 v15=0.0000 v15r=0.0000 v16=0.0000 v17=0.0000 v18=0.0000 acc=1.0000 lr=2.27e-04 lambda=0.000 grl_lambda=0.000 v18_lambda=0.000 gpu=3.0/11.8GB
[22:05:18] [ep_summary] ep=35/100 val_live=0.9259/0.9250 val_ema=0.8580/0.8462 test77_live=0.6223/0.5785 test77_diag_ema=0.2266/0.1422 v13=0.0000 grl=0.0000 v15=0.0000 v15r=0.0000 v16=0.0000 v17=0.0000 v18=0.0000 das=stage3[12,95] p=1.00 ep_time=32.9s
[22:05:18] [train] epoch 36/100 steps=40 use_dann=0 das=stage3 f=[12.0,95.0] p=1.00 gpu=3.0/11.8GB
[22:05:19] [train] ep=36 step=001/40 ce=0.2619 sc=1.2320 mi=0.0484 dn=0.0000 v13=0.0000 grl=0.0000 v15=0.0000 v15r=0.0000 v16=0.0000 v17=0.0000 v18=0.0000 acc=1.0000 lr=2.26e-04 lambda=0.000 grl_lambda=0.000 v18_lambda=0.000 gpu=3.0/11.8GB
[22:05:24] [train] ep=36 step=010/40 ce=0.2698 sc=0.7744 mi=0.0456 dn=0.0000 v13=0.0000 grl=0.0000 v15=0.0000 v15r=0.0000 v16=0.0000 v17=0.0000 v18=0.0000 acc=1.0000 lr=2.25e-04 lambda=0.000 grl_lambda=0.000 v18_lambda=0.000 gpu=3.0/11.8GB
[22:05:30] [train] ep=36 step=020/40 ce=0.2707 sc=0.7513 mi=0.0468 dn=0.0000 v13=0.0000 grl=0.0000 v15=0.0000 v15r=0.0000 v16=0.0000 v17=0.0000 v18=0.0000 acc=1.0000 lr=2.24e-04 lambda=0.000 grl_lambda=0.000 v18_lambda=0.000 gpu=3.0/11.8GB
[22:05:36] [train] ep=36 step=030/40 ce=0.2757 sc=0.7590 mi=0.0467 dn=0.0000 v13=0.0000 grl=0.0000 v15=0.0000 v15r=0.0000 v16=0.0000 v17=0.0000 v18=0.0000 acc=1.0000 lr=2.23e-04 lambda=0.000 grl_lambda=0.000 v18_lambda=0.000 gpu=3.0/11.8GB
[22:05:41] [train] ep=36 step=040/40 ce=0.2731 sc=0.7483 mi=0.0471 dn=0.0000 v13=0.0000 grl=0.0000 v15=0.0000 v15r=0.0000 v16=0.0000 v17=0.0000 v18=0.0000 acc=1.0000 lr=2.22e-04 lambda=0.000 grl_lambda=0.000 v18_lambda=0.000 gpu=3.0/11.8GB
[22:05:51] [ep_summary] ep=36/100 val_live=0.9506/0.9518 val_ema=0.8704/0.8642 test77_live=0.6942/0.6754 test77_diag_ema=0.2482/0.1613 v13=0.0000 grl=0.0000 v15=0.0000 v15r=0.0000 v16=0.0000 v17=0.0000 v18=0.0000 das=stage3[12,95] p=1.00 ep_time=32.9s
[22:05:51] [save] best_sourceval_ema val_acc_ema=0.8704 source_val_live=0.9506/0.9518 source_val_ema=0.8704/0.8642 ep=36
[22:05:51] [train] epoch 37/100 steps=40 use_dann=0 das=stage3 f=[12.0,95.0] p=1.00 gpu=3.0/11.8GB
[22:05:52] [train] ep=37 step=001/40 ce=0.2632 sc=0.7272 mi=0.0565 dn=0.0000 v13=0.0000 grl=0.0000 v15=0.0000 v15r=0.0000 v16=0.0000 v17=0.0000 v18=0.0000 acc=1.0000 lr=2.22e-04 lambda=0.000 grl_lambda=0.000 v18_lambda=0.000 gpu=3.0/11.8GB
[22:05:57] [train] ep=37 step=010/40 ce=0.2788 sc=0.7192 mi=0.0496 dn=0.0000 v13=0.0000 grl=0.0000 v15=0.0000 v15r=0.0000 v16=0.0000 v17=0.0000 v18=0.0000 acc=1.0000 lr=2.21e-04 lambda=0.000 grl_lambda=0.000 v18_lambda=0.000 gpu=3.0/11.8GB
[22:06:03] [train] ep=37 step=020/40 ce=0.3010 sc=0.7950 mi=0.0489 dn=0.0000 v13=0.0000 grl=0.0000 v15=0.0000 v15r=0.0000 v16=0.0000 v17=0.0000 v18=0.0000 acc=0.9969 lr=2.20e-04 lambda=0.000 grl_lambda=0.000 v18_lambda=0.000 gpu=3.0/11.8GB
[22:06:09] [train] ep=37 step=030/40 ce=0.2887 sc=0.7822 mi=0.0489 dn=0.0000 v13=0.0000 grl=0.0000 v15=0.0000 v15r=0.0000 v16=0.0000 v17=0.0000 v18=0.0000 acc=0.9979 lr=2.19e-04 lambda=0.000 grl_lambda=0.000 v18_lambda=0.000 gpu=3.0/11.8GB
[22:06:14] [train] ep=37 step=040/40 ce=0.2836 sc=0.7877 mi=0.0486 dn=0.0000 v13=0.0000 grl=0.0000 v15=0.0000 v15r=0.0000 v16=0.0000 v17=0.0000 v18=0.0000 acc=0.9984 lr=2.18e-04 lambda=0.000 grl_lambda=0.000 v18_lambda=0.000 gpu=3.0/11.8GB
[22:06:24] [ep_summary] ep=37/100 val_live=0.9506/0.9518 val_ema=0.8827/0.8765 test77_live=0.7230/0.7156 test77_diag_ema=0.2518/0.1623 v13=0.0000 grl=0.0000 v15=0.0000 v15r=0.0000 v16=0.0000 v17=0.0000 v18=0.0000 das=stage3[12,95] p=1.00 ep_time=32.9s
[22:06:24] [save] best_sourceval_ema val_acc_ema=0.8827 source_val_live=0.9506/0.9518 source_val_ema=0.8827/0.8765 ep=37
[22:06:24] [train] epoch 38/100 steps=40 use_dann=0 das=stage3 f=[12.0,95.0] p=1.00 gpu=3.0/11.8GB
[22:06:25] [train] ep=38 step=001/40 ce=0.2681 sc=1.3219 mi=0.0450 dn=0.0000 v13=0.0000 grl=0.0000 v15=0.0000 v15r=0.0000 v16=0.0000 v17=0.0000 v18=0.0000 acc=1.0000 lr=2.18e-04 lambda=0.000 grl_lambda=0.000 v18_lambda=0.000 gpu=3.0/11.8GB
[22:06:30] [train] ep=38 step=010/40 ce=0.2644 sc=0.7862 mi=0.0488 dn=0.0000 v13=0.0000 grl=0.0000 v15=0.0000 v15r=0.0000 v16=0.0000 v17=0.0000 v18=0.0000 acc=1.0000 lr=2.17e-04 lambda=0.000 grl_lambda=0.000 v18_lambda=0.000 gpu=3.0/11.8GB
[22:06:36] [train] ep=38 step=020/40 ce=0.2635 sc=0.7111 mi=0.0487 dn=0.0000 v13=0.0000 grl=0.0000 v15=0.0000 v15r=0.0000 v16=0.0000 v17=0.0000 v18=0.0000 acc=1.0000 lr=2.16e-04 lambda=0.000 grl_lambda=0.000 v18_lambda=0.000 gpu=3.0/11.8GB
[22:06:41] [train] ep=38 step=030/40 ce=0.2630 sc=0.7482 mi=0.0480 dn=0.0000 v13=0.0000 grl=0.0000 v15=0.0000 v15r=0.0000 v16=0.0000 v17=0.0000 v18=0.0000 acc=1.0000 lr=2.15e-04 lambda=0.000 grl_lambda=0.000 v18_lambda=0.000 gpu=3.0/11.8GB
[22:06:47] [train] ep=38 step=040/40 ce=0.2906 sc=0.7958 mi=0.0476 dn=0.0000 v13=0.0000 grl=0.0000 v15=0.0000 v15r=0.0000 v16=0.0000 v17=0.0000 v18=0.0000 acc=0.9984 lr=2.14e-04 lambda=0.000 grl_lambda=0.000 v18_lambda=0.000 gpu=3.0/11.8GB
[22:06:57] [ep_summary] ep=38/100 val_live=0.9506/0.9518 val_ema=0.8889/0.8813 test77_live=0.7050/0.6952 test77_diag_ema=0.2662/0.1806 v13=0.0000 grl=0.0000 v15=0.0000 v15r=0.0000 v16=0.0000 v17=0.0000 v18=0.0000 das=stage3[12,95] p=1.00 ep_time=32.9s
[22:06:57] [save] best_sourceval_ema val_acc_ema=0.8889 source_val_live=0.9506/0.9518 source_val_ema=0.8889/0.8813 ep=38
[22:06:57] [train] epoch 39/100 steps=40 use_dann=0 das=stage3 f=[12.0,95.0] p=1.00 gpu=3.0/11.8GB
[22:06:58] [train] ep=39 step=001/40 ce=0.2611 sc=1.1408 mi=0.0567 dn=0.0000 v13=0.0000 grl=0.0000 v15=0.0000 v15r=0.0000 v16=0.0000 v17=0.0000 v18=0.0000 acc=1.0000 lr=2.14e-04 lambda=0.000 grl_lambda=0.000 v18_lambda=0.000 gpu=3.0/11.8GB
[22:07:03] [train] ep=39 step=010/40 ce=0.2614 sc=0.7473 mi=0.0478 dn=0.0000 v13=0.0000 grl=0.0000 v15=0.0000 v15r=0.0000 v16=0.0000 v17=0.0000 v18=0.0000 acc=1.0000 lr=2.13e-04 lambda=0.000 grl_lambda=0.000 v18_lambda=0.000 gpu=3.0/11.8GB
[22:07:09] [train] ep=39 step=020/40 ce=0.2622 sc=0.7168 mi=0.0469 dn=0.0000 v13=0.0000 grl=0.0000 v15=0.0000 v15r=0.0000 v16=0.0000 v17=0.0000 v18=0.0000 acc=1.0000 lr=2.11e-04 lambda=0.000 grl_lambda=0.000 v18_lambda=0.000 gpu=3.0/11.8GB
[22:07:14] [train] ep=39 step=030/40 ce=0.2622 sc=0.7730 mi=0.0458 dn=0.0000 v13=0.0000 grl=0.0000 v15=0.0000 v15r=0.0000 v16=0.0000 v17=0.0000 v18=0.0000 acc=1.0000 lr=2.10e-04 lambda=0.000 grl_lambda=0.000 v18_lambda=0.000 gpu=3.0/11.8GB
[22:07:20] [train] ep=39 step=040/40 ce=0.2618 sc=0.7778 mi=0.0455 dn=0.0000 v13=0.0000 grl=0.0000 v15=0.0000 v15r=0.0000 v16=0.0000 v17=0.0000 v18=0.0000 acc=1.0000 lr=2.09e-04 lambda=0.000 grl_lambda=0.000 v18_lambda=0.000 gpu=3.0/11.8GB
[22:07:30] [ep_summary] ep=39/100 val_live=0.9568/0.9573 val_ema=0.9012/0.8972 test77_live=0.6799/0.6645 test77_diag_ema=0.2842/0.1972 v13=0.0000 grl=0.0000 v15=0.0000 v15r=0.0000 v16=0.0000 v17=0.0000 v18=0.0000 das=stage3[12,95] p=1.00 ep_time=32.8s
[22:07:30] [save] best_sourceval_ema val_acc_ema=0.9012 source_val_live=0.9568/0.9573 source_val_ema=0.9012/0.8972 ep=39
[22:07:30] [save] best_sourcequalified77_ema ep=39 source_val_live=0.9568/0.9573 source_val_ema=0.9012/0.8972 test77_ema=0.2842/0.1972
[22:07:30] [train] epoch 40/100 steps=40 use_dann=0 das=stage3 f=[12.0,95.0] p=1.00 gpu=3.0/11.8GB
[22:07:31] [train] ep=40 step=001/40 ce=0.2589 sc=0.8289 mi=0.0466 dn=0.0000 v13=0.0000 grl=0.0000 v15=0.0000 v15r=0.0000 v16=0.0000 v17=0.0000 v18=0.0000 acc=1.0000 lr=2.09e-04 lambda=0.000 grl_lambda=0.000 v18_lambda=0.000 gpu=3.0/11.8GB
[22:07:36] [train] ep=40 step=010/40 ce=0.2635 sc=0.7181 mi=0.0480 dn=0.0000 v13=0.0000 grl=0.0000 v15=0.0000 v15r=0.0000 v16=0.0000 v17=0.0000 v18=0.0000 acc=1.0000 lr=2.08e-04 lambda=0.000 grl_lambda=0.000 v18_lambda=0.000 gpu=3.0/11.8GB
[22:07:42] [train] ep=40 step=020/40 ce=0.2630 sc=0.6690 mi=0.0463 dn=0.0000 v13=0.0000 grl=0.0000 v15=0.0000 v15r=0.0000 v16=0.0000 v17=0.0000 v18=0.0000 acc=1.0000 lr=2.07e-04 lambda=0.000 grl_lambda=0.000 v18_lambda=0.000 gpu=3.0/11.8GB
[22:07:47] [train] ep=40 step=030/40 ce=0.2632 sc=0.7060 mi=0.0456 dn=0.0000 v13=0.0000 grl=0.0000 v15=0.0000 v15r=0.0000 v16=0.0000 v17=0.0000 v18=0.0000 acc=1.0000 lr=2.06e-04 lambda=0.000 grl_lambda=0.000 v18_lambda=0.000 gpu=3.0/11.8GB
[22:07:53] [train] ep=40 step=040/40 ce=0.2626 sc=0.7291 mi=0.0452 dn=0.0000 v13=0.0000 grl=0.0000 v15=0.0000 v15r=0.0000 v16=0.0000 v17=0.0000 v18=0.0000 acc=1.0000 lr=2.05e-04 lambda=0.000 grl_lambda=0.000 v18_lambda=0.000 gpu=3.0/11.8GB
[22:08:03] [pool] check ep=040/100 source_val_acc_ema=0.9012 threshold=0.90
[22:08:08] [pool] ep=040 ADDED src_val=0.9012/0.8972 dev77=0.3000/0.2110 final77=0.3058/0.2223
[22:08:08] [pool] running best ep=040 dev77_f1=0.2110 final77_f1=0.2223 (pool_size=1)
[22:08:08] [ep_summary] ep=40/100 val_live=0.9630/0.9635 val_ema=0.9012/0.8972 test77_live=0.6942/0.6812 test77_diag_ema=0.3058/0.2223 v13=0.0000 grl=0.0000 v15=0.0000 v15r=0.0000 v16=0.0000 v17=0.0000 v18=0.0000 das=stage3[12,95] p=1.00 ep_time=37.9s
[22:08:08] [save] best_sourcequalified77_ema ep=40 source_val_live=0.9630/0.9635 source_val_ema=0.9012/0.8972 test77_ema=0.3058/0.2223
[22:08:08] [strict77_monitor] ep=40 best_source_epoch=39 source_val_ema=0.9012/0.8972 test77_ema_diag=0.2842/0.1972 sourcequalified_count=2 best_sourcequalified77_epoch=40 source_val_ema=0.9012/0.8972 test77_ema=0.3058/0.2223
[22:08:08] [train] epoch 41/100 steps=40 use_dann=0 das=stage3 f=[12.0,95.0] p=1.00 gpu=3.0/11.8GB
[22:08:09] [train] ep=41 step=001/40 ce=0.2605 sc=0.9081 mi=0.0535 dn=0.0000 v13=0.0000 grl=0.0000 v15=0.0000 v15r=0.0000 v16=0.0000 v17=0.0000 v18=0.0000 acc=1.0000 lr=2.05e-04 lambda=0.000 grl_lambda=0.000 v18_lambda=0.000 gpu=3.0/11.8GB
[22:08:14] [train] ep=41 step=010/40 ce=0.2600 sc=0.9143 mi=0.0461 dn=0.0000 v13=0.0000 grl=0.0000 v15=0.0000 v15r=0.0000 v16=0.0000 v17=0.0000 v18=0.0000 acc=1.0000 lr=2.04e-04 lambda=0.000 grl_lambda=0.000 v18_lambda=0.000 gpu=3.0/11.8GB
[22:08:20] [train] ep=41 step=020/40 ce=0.2599 sc=0.8189 mi=0.0461 dn=0.0000 v13=0.0000 grl=0.0000 v15=0.0000 v15r=0.0000 v16=0.0000 v17=0.0000 v18=0.0000 acc=1.0000 lr=2.02e-04 lambda=0.000 grl_lambda=0.000 v18_lambda=0.000 gpu=3.0/11.8GB
[22:08:25] [train] ep=41 step=030/40 ce=0.2598 sc=0.8439 mi=0.0454 dn=0.0000 v13=0.0000 grl=0.0000 v15=0.0000 v15r=0.0000 v16=0.0000 v17=0.0000 v18=0.0000 acc=1.0000 lr=2.01e-04 lambda=0.000 grl_lambda=0.000 v18_lambda=0.000 gpu=3.0/11.8GB
[22:08:31] [train] ep=41 step=040/40 ce=0.2601 sc=0.8178 mi=0.0449 dn=0.0000 v13=0.0000 grl=0.0000 v15=0.0000 v15r=0.0000 v16=0.0000 v17=0.0000 v18=0.0000 acc=1.0000 lr=2.00e-04 lambda=0.000 grl_lambda=0.000 v18_lambda=0.000 gpu=3.0/11.8GB
[22:08:41] [ep_summary] ep=41/100 val_live=0.9630/0.9639 val_ema=0.9136/0.9121 test77_live=0.6978/0.6849 test77_diag_ema=0.3273/0.2485 v13=0.0000 grl=0.0000 v15=0.0000 v15r=0.0000 v16=0.0000 v17=0.0000 v18=0.0000 das=stage3[12,95] p=1.00 ep_time=32.9s
[22:08:41] [save] best_sourceval_ema val_acc_ema=0.9136 source_val_live=0.9630/0.9639 source_val_ema=0.9136/0.9121 ep=41
[22:08:41] [save] best_sourcequalified77_ema ep=41 source_val_live=0.9630/0.9639 source_val_ema=0.9136/0.9121 test77_ema=0.3273/0.2485
[22:08:41] [train] epoch 42/100 steps=40 use_dann=0 das=stage3 f=[12.0,95.0] p=1.00 gpu=3.0/11.8GB
[22:08:42] [train] ep=42 step=001/40 ce=0.2592 sc=0.8005 mi=0.0404 dn=0.0000 v13=0.0000 grl=0.0000 v15=0.0000 v15r=0.0000 v16=0.0000 v17=0.0000 v18=0.0000 acc=1.0000 lr=2.00e-04 lambda=0.000 grl_lambda=0.000 v18_lambda=0.000 gpu=3.0/11.8GB
[22:08:47] [train] ep=42 step=010/40 ce=0.2599 sc=0.7795 mi=0.0454 dn=0.0000 v13=0.0000 grl=0.0000 v15=0.0000 v15r=0.0000 v16=0.0000 v17=0.0000 v18=0.0000 acc=1.0000 lr=1.99e-04 lambda=0.000 grl_lambda=0.000 v18_lambda=0.000 gpu=3.0/11.8GB
[22:08:53] [train] ep=42 step=020/40 ce=0.2939 sc=0.7739 mi=0.0443 dn=0.0000 v13=0.0000 grl=0.0000 v15=0.0000 v15r=0.0000 v16=0.0000 v17=0.0000 v18=0.0000 acc=0.9969 lr=1.98e-04 lambda=0.000 grl_lambda=0.000 v18_lambda=0.000 gpu=3.0/11.8GB
[22:08:58] [train] ep=42 step=030/40 ce=0.2836 sc=0.7556 mi=0.0446 dn=0.0000 v13=0.0000 grl=0.0000 v15=0.0000 v15r=0.0000 v16=0.0000 v17=0.0000 v18=0.0000 acc=0.9979 lr=1.97e-04 lambda=0.000 grl_lambda=0.000 v18_lambda=0.000 gpu=3.0/11.8GB
[22:09:04] [train] ep=42 step=040/40 ce=0.2963 sc=0.7518 mi=0.0441 dn=0.0000 v13=0.0000 grl=0.0000 v15=0.0000 v15r=0.0000 v16=0.0000 v17=0.0000 v18=0.0000 acc=0.9969 lr=1.96e-04 lambda=0.000 grl_lambda=0.000 v18_lambda=0.000 gpu=3.0/11.8GB
[22:09:14] [ep_summary] ep=42/100 val_live=0.9506/0.9518 val_ema=0.9136/0.9121 test77_live=0.7014/0.6867 test77_diag_ema=0.3525/0.2833 v13=0.0000 grl=0.0000 v15=0.0000 v15r=0.0000 v16=0.0000 v17=0.0000 v18=0.0000 das=stage3[12,95] p=1.00 ep_time=32.9s
[22:09:14] [save] best_sourcequalified77_ema ep=42 source_val_live=0.9506/0.9518 source_val_ema=0.9136/0.9121 test77_ema=0.3525/0.2833
[22:09:14] [train] epoch 43/100 steps=40 use_dann=0 das=stage3 f=[12.0,95.0] p=1.00 gpu=3.0/11.8GB
[22:09:15] [train] ep=43 step=001/40 ce=0.2621 sc=0.9529 mi=0.0520 dn=0.0000 v13=0.0000 grl=0.0000 v15=0.0000 v15r=0.0000 v16=0.0000 v17=0.0000 v18=0.0000 acc=1.0000 lr=1.95e-04 lambda=0.000 grl_lambda=0.000 v18_lambda=0.000 gpu=3.0/11.8GB
[22:09:20] [train] ep=43 step=010/40 ce=0.3033 sc=0.9032 mi=0.0467 dn=0.0000 v13=0.0000 grl=0.0000 v15=0.0000 v15r=0.0000 v16=0.0000 v17=0.0000 v18=0.0000 acc=0.9938 lr=1.94e-04 lambda=0.000 grl_lambda=0.000 v18_lambda=0.000 gpu=3.0/11.8GB
[22:09:26] [train] ep=43 step=020/40 ce=0.2906 sc=0.7997 mi=0.0473 dn=0.0000 v13=0.0000 grl=0.0000 v15=0.0000 v15r=0.0000 v16=0.0000 v17=0.0000 v18=0.0000 acc=0.9969 lr=1.93e-04 lambda=0.000 grl_lambda=0.000 v18_lambda=0.000 gpu=3.0/11.8GB
[22:09:31] [train] ep=43 step=030/40 ce=0.2801 sc=0.7975 mi=0.0456 dn=0.0000 v13=0.0000 grl=0.0000 v15=0.0000 v15r=0.0000 v16=0.0000 v17=0.0000 v18=0.0000 acc=0.9979 lr=1.92e-04 lambda=0.000 grl_lambda=0.000 v18_lambda=0.000 gpu=3.0/11.8GB
[22:09:37] [train] ep=43 step=040/40 ce=0.2750 sc=0.7612 mi=0.0452 dn=0.0000 v13=0.0000 grl=0.0000 v15=0.0000 v15r=0.0000 v16=0.0000 v17=0.0000 v18=0.0000 acc=0.9984 lr=1.91e-04 lambda=0.000 grl_lambda=0.000 v18_lambda=0.000 gpu=3.0/11.8GB
[22:09:47] [ep_summary] ep=43/100 val_live=0.9691/0.9696 val_ema=0.9136/0.9121 test77_live=0.7014/0.6893 test77_diag_ema=0.3597/0.2901 v13=0.0000 grl=0.0000 v15=0.0000 v15r=0.0000 v16=0.0000 v17=0.0000 v18=0.0000 das=stage3[12,95] p=1.00 ep_time=32.9s
[22:09:47] [save] best_sourcequalified77_ema ep=43 source_val_live=0.9691/0.9696 source_val_ema=0.9136/0.9121 test77_ema=0.3597/0.2901
[22:09:47] [train] epoch 44/100 steps=40 use_dann=0 das=stage3 f=[12.0,95.0] p=1.00 gpu=3.0/11.8GB
[22:09:48] [train] ep=44 step=001/40 ce=0.2589 sc=0.8409 mi=0.0421 dn=0.0000 v13=0.0000 grl=0.0000 v15=0.0000 v15r=0.0000 v16=0.0000 v17=0.0000 v18=0.0000 acc=1.0000 lr=1.91e-04 lambda=0.000 grl_lambda=0.000 v18_lambda=0.000 gpu=3.0/11.8GB
[22:09:53] [train] ep=44 step=010/40 ce=0.2589 sc=0.7287 mi=0.0459 dn=0.0000 v13=0.0000 grl=0.0000 v15=0.0000 v15r=0.0000 v16=0.0000 v17=0.0000 v18=0.0000 acc=1.0000 lr=1.90e-04 lambda=0.000 grl_lambda=0.000 v18_lambda=0.000 gpu=3.0/11.8GB
[22:09:58] [train] ep=44 step=020/40 ce=0.2592 sc=0.7141 mi=0.0447 dn=0.0000 v13=0.0000 grl=0.0000 v15=0.0000 v15r=0.0000 v16=0.0000 v17=0.0000 v18=0.0000 acc=1.0000 lr=1.89e-04 lambda=0.000 grl_lambda=0.000 v18_lambda=0.000 gpu=3.0/11.8GB
[22:10:04] [train] ep=44 step=030/40 ce=0.2590 sc=0.7198 mi=0.0445 dn=0.0000 v13=0.0000 grl=0.0000 v15=0.0000 v15r=0.0000 v16=0.0000 v17=0.0000 v18=0.0000 acc=1.0000 lr=1.87e-04 lambda=0.000 grl_lambda=0.000 v18_lambda=0.000 gpu=3.0/11.8GB
[22:10:10] [train] ep=44 step=040/40 ce=0.2592 sc=0.7308 mi=0.0446 dn=0.0000 v13=0.0000 grl=0.0000 v15=0.0000 v15r=0.0000 v16=0.0000 v17=0.0000 v18=0.0000 acc=1.0000 lr=1.86e-04 lambda=0.000 grl_lambda=0.000 v18_lambda=0.000 gpu=3.0/11.8GB
[22:10:20] [ep_summary] ep=44/100 val_live=0.9630/0.9637 val_ema=0.9198/0.9191 test77_live=0.7014/0.6898 test77_diag_ema=0.3741/0.3039 v13=0.0000 grl=0.0000 v15=0.0000 v15r=0.0000 v16=0.0000 v17=0.0000 v18=0.0000 das=stage3[12,95] p=1.00 ep_time=32.9s
[22:10:20] [save] best_sourceval_ema val_acc_ema=0.9198 source_val_live=0.9630/0.9637 source_val_ema=0.9198/0.9191 ep=44
[22:10:20] [save] best_sourcequalified77_ema ep=44 source_val_live=0.9630/0.9637 source_val_ema=0.9198/0.9191 test77_ema=0.3741/0.3039
[22:10:20] [train] epoch 45/100 steps=40 use_dann=0 das=stage3 f=[12.0,95.0] p=1.00 gpu=3.0/11.8GB
[22:10:21] [train] ep=45 step=001/40 ce=0.2584 sc=0.9549 mi=0.0477 dn=0.0000 v13=0.0000 grl=0.0000 v15=0.0000 v15r=0.0000 v16=0.0000 v17=0.0000 v18=0.0000 acc=1.0000 lr=1.86e-04 lambda=0.000 grl_lambda=0.000 v18_lambda=0.000 gpu=3.0/11.8GB
[22:10:26] [train] ep=45 step=010/40 ce=0.2589 sc=0.7900 mi=0.0433 dn=0.0000 v13=0.0000 grl=0.0000 v15=0.0000 v15r=0.0000 v16=0.0000 v17=0.0000 v18=0.0000 acc=1.0000 lr=1.85e-04 lambda=0.000 grl_lambda=0.000 v18_lambda=0.000 gpu=3.0/11.8GB
[22:10:31] [train] ep=45 step=020/40 ce=0.2591 sc=0.7270 mi=0.0431 dn=0.0000 v13=0.0000 grl=0.0000 v15=0.0000 v15r=0.0000 v16=0.0000 v17=0.0000 v18=0.0000 acc=1.0000 lr=1.84e-04 lambda=0.000 grl_lambda=0.000 v18_lambda=0.000 gpu=3.0/11.8GB
[22:10:37] [train] ep=45 step=030/40 ce=0.2587 sc=0.7513 mi=0.0422 dn=0.0000 v13=0.0000 grl=0.0000 v15=0.0000 v15r=0.0000 v16=0.0000 v17=0.0000 v18=0.0000 acc=1.0000 lr=1.83e-04 lambda=0.000 grl_lambda=0.000 v18_lambda=0.000 gpu=3.0/11.8GB
[22:10:43] [train] ep=45 step=040/40 ce=0.2585 sc=0.7608 mi=0.0422 dn=0.0000 v13=0.0000 grl=0.0000 v15=0.0000 v15r=0.0000 v16=0.0000 v17=0.0000 v18=0.0000 acc=1.0000 lr=1.81e-04 lambda=0.000 grl_lambda=0.000 v18_lambda=0.000 gpu=3.0/11.8GB
[22:10:53] [ep_summary] ep=45/100 val_live=0.9691/0.9696 val_ema=0.9198/0.9191 test77_live=0.6978/0.6857 test77_diag_ema=0.3921/0.3171 v13=0.0000 grl=0.0000 v15=0.0000 v15r=0.0000 v16=0.0000 v17=0.0000 v18=0.0000 das=stage3[12,95] p=1.00 ep_time=32.8s
[22:10:53] [save] best_sourcequalified77_ema ep=45 source_val_live=0.9691/0.9696 source_val_ema=0.9198/0.9191 test77_ema=0.3921/0.3171
[22:10:53] [train] epoch 46/100 steps=40 use_dann=0 das=stage3 f=[12.0,95.0] p=1.00 gpu=3.0/11.8GB
[22:10:53] [train] ep=46 step=001/40 ce=0.2590 sc=0.7218 mi=0.0484 dn=0.0000 v13=0.0000 grl=0.0000 v15=0.0000 v15r=0.0000 v16=0.0000 v17=0.0000 v18=0.0000 acc=1.0000 lr=1.81e-04 lambda=0.000 grl_lambda=0.000 v18_lambda=0.000 gpu=3.0/11.8GB
[22:10:59] [train] ep=46 step=010/40 ce=0.2991 sc=0.6837 mi=0.0424 dn=0.0000 v13=0.0000 grl=0.0000 v15=0.0000 v15r=0.0000 v16=0.0000 v17=0.0000 v18=0.0000 acc=0.9938 lr=1.80e-04 lambda=0.000 grl_lambda=0.000 v18_lambda=0.000 gpu=3.0/11.8GB
[22:11:04] [train] ep=46 step=020/40 ce=0.2822 sc=0.7383 mi=0.0425 dn=0.0000 v13=0.0000 grl=0.0000 v15=0.0000 v15r=0.0000 v16=0.0000 v17=0.0000 v18=0.0000 acc=0.9969 lr=1.79e-04 lambda=0.000 grl_lambda=0.000 v18_lambda=0.000 gpu=3.0/11.8GB
[22:11:10] [train] ep=46 step=030/40 ce=0.2746 sc=0.7903 mi=0.0436 dn=0.0000 v13=0.0000 grl=0.0000 v15=0.0000 v15r=0.0000 v16=0.0000 v17=0.0000 v18=0.0000 acc=0.9979 lr=1.78e-04 lambda=0.000 grl_lambda=0.000 v18_lambda=0.000 gpu=3.0/11.8GB
[22:11:16] [train] ep=46 step=040/40 ce=0.2713 sc=0.7791 mi=0.0437 dn=0.0000 v13=0.0000 grl=0.0000 v15=0.0000 v15r=0.0000 v16=0.0000 v17=0.0000 v18=0.0000 acc=0.9984 lr=1.77e-04 lambda=0.000 grl_lambda=0.000 v18_lambda=0.000 gpu=3.0/11.8GB
[22:11:26] [ep_summary] ep=46/100 val_live=0.9691/0.9695 val_ema=0.9259/0.9267 test77_live=0.6906/0.6794 test77_diag_ema=0.4137/0.3341 v13=0.0000 grl=0.0000 v15=0.0000 v15r=0.0000 v16=0.0000 v17=0.0000 v18=0.0000 das=stage3[12,95] p=1.00 ep_time=32.8s
[22:11:26] [save] best_sourceval_ema val_acc_ema=0.9259 source_val_live=0.9691/0.9695 source_val_ema=0.9259/0.9267 ep=46
[22:11:26] [save] best_sourcequalified77_ema ep=46 source_val_live=0.9691/0.9695 source_val_ema=0.9259/0.9267 test77_ema=0.4137/0.3341
[22:11:26] [train] epoch 47/100 steps=40 use_dann=0 das=stage3 f=[12.0,95.0] p=1.00 gpu=3.0/11.8GB
[22:11:26] [train] ep=47 step=001/40 ce=0.2632 sc=0.7209 mi=0.0372 dn=0.0000 v13=0.0000 grl=0.0000 v15=0.0000 v15r=0.0000 v16=0.0000 v17=0.0000 v18=0.0000 acc=1.0000 lr=1.77e-04 lambda=0.000 grl_lambda=0.000 v18_lambda=0.000 gpu=3.0/11.8GB
[22:11:31] [train] ep=47 step=010/40 ce=0.2595 sc=0.7876 mi=0.0428 dn=0.0000 v13=0.0000 grl=0.0000 v15=0.0000 v15r=0.0000 v16=0.0000 v17=0.0000 v18=0.0000 acc=1.0000 lr=1.76e-04 lambda=0.000 grl_lambda=0.000 v18_lambda=0.000 gpu=3.0/11.8GB
[22:11:37] [train] ep=47 step=020/40 ce=0.2592 sc=0.7634 mi=0.0427 dn=0.0000 v13=0.0000 grl=0.0000 v15=0.0000 v15r=0.0000 v16=0.0000 v17=0.0000 v18=0.0000 acc=1.0000 lr=1.74e-04 lambda=0.000 grl_lambda=0.000 v18_lambda=0.000 gpu=3.0/11.8GB
[22:11:43] [train] ep=47 step=030/40 ce=0.2589 sc=0.7640 mi=0.0425 dn=0.0000 v13=0.0000 grl=0.0000 v15=0.0000 v15r=0.0000 v16=0.0000 v17=0.0000 v18=0.0000 acc=1.0000 lr=1.73e-04 lambda=0.000 grl_lambda=0.000 v18_lambda=0.000 gpu=3.0/11.8GB
[22:11:49] [train] ep=47 step=040/40 ce=0.2586 sc=0.7614 mi=0.0428 dn=0.0000 v13=0.0000 grl=0.0000 v15=0.0000 v15r=0.0000 v16=0.0000 v17=0.0000 v18=0.0000 acc=1.0000 lr=1.72e-04 lambda=0.000 grl_lambda=0.000 v18_lambda=0.000 gpu=3.0/11.8GB
[22:11:59] [ep_summary] ep=47/100 val_live=0.9506/0.9518 val_ema=0.9259/0.9267 test77_live=0.7158/0.7069 test77_diag_ema=0.4317/0.3496 v13=0.0000 grl=0.0000 v15=0.0000 v15r=0.0000 v16=0.0000 v17=0.0000 v18=0.0000 das=stage3[12,95] p=1.00 ep_time=32.8s
[22:11:59] [save] best_sourcequalified77_ema ep=47 source_val_live=0.9506/0.9518 source_val_ema=0.9259/0.9267 test77_ema=0.4317/0.3496
[22:11:59] [train] epoch 48/100 steps=40 use_dann=0 das=stage3 f=[12.0,95.0] p=1.00 gpu=3.0/11.8GB
[22:11:59] [train] ep=48 step=001/40 ce=0.2580 sc=0.6132 mi=0.0420 dn=0.0000 v13=0.0000 grl=0.0000 v15=0.0000 v15r=0.0000 v16=0.0000 v17=0.0000 v18=0.0000 acc=1.0000 lr=1.72e-04 lambda=0.000 grl_lambda=0.000 v18_lambda=0.000 gpu=3.0/11.8GB
[22:12:04] [train] ep=48 step=010/40 ce=0.2589 sc=0.7820 mi=0.0445 dn=0.0000 v13=0.0000 grl=0.0000 v15=0.0000 v15r=0.0000 v16=0.0000 v17=0.0000 v18=0.0000 acc=1.0000 lr=1.71e-04 lambda=0.000 grl_lambda=0.000 v18_lambda=0.000 gpu=3.0/11.8GB
[22:12:10] [train] ep=48 step=020/40 ce=0.2796 sc=0.8348 mi=0.0431 dn=0.0000 v13=0.0000 grl=0.0000 v15=0.0000 v15r=0.0000 v16=0.0000 v17=0.0000 v18=0.0000 acc=0.9969 lr=1.69e-04 lambda=0.000 grl_lambda=0.000 v18_lambda=0.000 gpu=3.0/11.8GB
[22:12:16] [train] ep=48 step=030/40 ce=0.2726 sc=0.7960 mi=0.0425 dn=0.0000 v13=0.0000 grl=0.0000 v15=0.0000 v15r=0.0000 v16=0.0000 v17=0.0000 v18=0.0000 acc=0.9979 lr=1.68e-04 lambda=0.000 grl_lambda=0.000 v18_lambda=0.000 gpu=3.0/11.8GB
[22:12:21] [train] ep=48 step=040/40 ce=0.2728 sc=0.7881 mi=0.0427 dn=0.0000 v13=0.0000 grl=0.0000 v15=0.0000 v15r=0.0000 v16=0.0000 v17=0.0000 v18=0.0000 acc=0.9984 lr=1.67e-04 lambda=0.000 grl_lambda=0.000 v18_lambda=0.000 gpu=3.0/11.8GB
[22:12:31] [ep_summary] ep=48/100 val_live=0.9568/0.9579 val_ema=0.9259/0.9267 test77_live=0.6978/0.6667 test77_diag_ema=0.4532/0.3689 v13=0.0000 grl=0.0000 v15=0.0000 v15r=0.0000 v16=0.0000 v17=0.0000 v18=0.0000 das=stage3[12,95] p=1.00 ep_time=32.8s
[22:12:31] [save] best_sourcequalified77_ema ep=48 source_val_live=0.9568/0.9579 source_val_ema=0.9259/0.9267 test77_ema=0.4532/0.3689
[22:12:31] [train] epoch 49/100 steps=40 use_dann=0 das=stage3 f=[12.0,95.0] p=1.00 gpu=3.0/11.8GB
[22:12:32] [train] ep=49 step=001/40 ce=0.2606 sc=0.6176 mi=0.0470 dn=0.0000 v13=0.0000 grl=0.0000 v15=0.0000 v15r=0.0000 v16=0.0000 v17=0.0000 v18=0.0000 acc=1.0000 lr=1.67e-04 lambda=0.000 grl_lambda=0.000 v18_lambda=0.000 gpu=3.0/11.8GB
[22:12:37] [train] ep=49 step=010/40 ce=0.2597 sc=0.7414 mi=0.0434 dn=0.0000 v13=0.0000 grl=0.0000 v15=0.0000 v15r=0.0000 v16=0.0000 v17=0.0000 v18=0.0000 acc=1.0000 lr=1.66e-04 lambda=0.000 grl_lambda=0.000 v18_lambda=0.000 gpu=3.0/11.8GB
[22:12:43] [train] ep=49 step=020/40 ce=0.2619 sc=0.7235 mi=0.0425 dn=0.0000 v13=0.0000 grl=0.0000 v15=0.0000 v15r=0.0000 v16=0.0000 v17=0.0000 v18=0.0000 acc=1.0000 lr=1.65e-04 lambda=0.000 grl_lambda=0.000 v18_lambda=0.000 gpu=3.0/11.8GB
[22:12:49] [train] ep=49 step=030/40 ce=0.2610 sc=0.6893 mi=0.0420 dn=0.0000 v13=0.0000 grl=0.0000 v15=0.0000 v15r=0.0000 v16=0.0000 v17=0.0000 v18=0.0000 acc=1.0000 lr=1.63e-04 lambda=0.000 grl_lambda=0.000 v18_lambda=0.000 gpu=3.0/11.8GB
[22:12:54] [train] ep=49 step=040/40 ce=0.2605 sc=0.6902 mi=0.0414 dn=0.0000 v13=0.0000 grl=0.0000 v15=0.0000 v15r=0.0000 v16=0.0000 v17=0.0000 v18=0.0000 acc=1.0000 lr=1.62e-04 lambda=0.000 grl_lambda=0.000 v18_lambda=0.000 gpu=3.0/11.8GB
[22:13:04] [ep_summary] ep=49/100 val_live=0.9568/0.9578 val_ema=0.9321/0.9332 test77_live=0.6871/0.6637 test77_diag_ema=0.4676/0.3896 v13=0.0000 grl=0.0000 v15=0.0000 v15r=0.0000 v16=0.0000 v17=0.0000 v18=0.0000 das=stage3[12,95] p=1.00 ep_time=32.8s
[22:13:04] [save] best_sourceval_ema val_acc_ema=0.9321 source_val_live=0.9568/0.9578 source_val_ema=0.9321/0.9332 ep=49
[22:13:04] [save] best_sourcequalified77_ema ep=49 source_val_live=0.9568/0.9578 source_val_ema=0.9321/0.9332 test77_ema=0.4676/0.3896
[22:13:04] [train] epoch 50/100 steps=40 use_dann=0 das=stage3 f=[12.0,95.0] p=1.00 gpu=3.0/11.8GB
[22:13:05] [train] ep=50 step=001/40 ce=0.2993 sc=0.8304 mi=0.0443 dn=0.0000 v13=0.0000 grl=0.0000 v15=0.0000 v15r=0.0000 v16=0.0000 v17=0.0000 v18=0.0000 acc=1.0000 lr=1.62e-04 lambda=0.000 grl_lambda=0.000 v18_lambda=0.000 gpu=3.0/11.8GB
[22:13:10] [train] ep=50 step=010/40 ce=0.2705 sc=0.7151 mi=0.0418 dn=0.0000 v13=0.0000 grl=0.0000 v15=0.0000 v15r=0.0000 v16=0.0000 v17=0.0000 v18=0.0000 acc=1.0000 lr=1.61e-04 lambda=0.000 grl_lambda=0.000 v18_lambda=0.000 gpu=3.0/11.8GB
[22:13:16] [train] ep=50 step=020/40 ce=0.2646 sc=0.7357 mi=0.0411 dn=0.0000 v13=0.0000 grl=0.0000 v15=0.0000 v15r=0.0000 v16=0.0000 v17=0.0000 v18=0.0000 acc=1.0000 lr=1.60e-04 lambda=0.000 grl_lambda=0.000 v18_lambda=0.000 gpu=3.0/11.8GB
[22:13:22] [train] ep=50 step=030/40 ce=0.2624 sc=0.7378 mi=0.0420 dn=0.0000 v13=0.0000 grl=0.0000 v15=0.0000 v15r=0.0000 v16=0.0000 v17=0.0000 v18=0.0000 acc=1.0000 lr=1.59e-04 lambda=0.000 grl_lambda=0.000 v18_lambda=0.000 gpu=3.0/11.8GB
[22:13:27] [train] ep=50 step=040/40 ce=0.2616 sc=0.7425 mi=0.0416 dn=0.0000 v13=0.0000 grl=0.0000 v15=0.0000 v15r=0.0000 v16=0.0000 v17=0.0000 v18=0.0000 acc=1.0000 lr=1.57e-04 lambda=0.000 grl_lambda=0.000 v18_lambda=0.000 gpu=3.0/11.8GB
[22:13:37] [pool] check ep=050/100 source_val_acc_ema=0.9383 threshold=0.90
[22:13:42] [pool] ep=050 ADDED src_val=0.9383/0.9395 dev77=0.4571/0.3994 final77=0.4928/0.4193
[22:13:42] [pool] running best ep=050 dev77_f1=0.3994 final77_f1=0.4193 (pool_size=2)
[22:13:42] [ep_summary] ep=50/100 val_live=0.9506/0.9512 val_ema=0.9383/0.9395 test77_live=0.6367/0.6165 test77_diag_ema=0.4928/0.4193 v13=0.0000 grl=0.0000 v15=0.0000 v15r=0.0000 v16=0.0000 v17=0.0000 v18=0.0000 das=stage3[12,95] p=1.00 ep_time=37.8s
[22:13:42] [save] best_sourceval_ema val_acc_ema=0.9383 source_val_live=0.9506/0.9512 source_val_ema=0.9383/0.9395 ep=50
[22:13:42] [save] best_sourcequalified77_ema ep=50 source_val_live=0.9506/0.9512 source_val_ema=0.9383/0.9395 test77_ema=0.4928/0.4193
[22:13:42] [strict77_monitor] ep=50 best_source_epoch=50 source_val_ema=0.9383/0.9395 test77_ema_diag=0.4928/0.4193 sourcequalified_count=12 best_sourcequalified77_epoch=50 source_val_ema=0.9383/0.9395 test77_ema=0.4928/0.4193
[22:13:42] [train] epoch 51/100 steps=40 use_dann=0 das=stage3 f=[12.0,95.0] p=1.00 gpu=3.0/11.8GB
[22:13:43] [train] ep=51 step=001/40 ce=0.2581 sc=0.9923 mi=0.0397 dn=0.0000 v13=0.0000 grl=0.0000 v15=0.0000 v15r=0.0000 v16=0.0000 v17=0.0000 v18=0.0000 acc=1.0000 lr=1.57e-04 lambda=0.000 grl_lambda=0.000 v18_lambda=0.000 gpu=3.0/11.8GB
[22:13:48] [train] ep=51 step=010/40 ce=0.2584 sc=0.7515 mi=0.0407 dn=0.0000 v13=0.0000 grl=0.0000 v15=0.0000 v15r=0.0000 v16=0.0000 v17=0.0000 v18=0.0000 acc=1.0000 lr=1.56e-04 lambda=0.000 grl_lambda=0.000 v18_lambda=0.000 gpu=3.0/11.8GB
[22:13:54] [train] ep=51 step=020/40 ce=0.2581 sc=0.7414 mi=0.0422 dn=0.0000 v13=0.0000 grl=0.0000 v15=0.0000 v15r=0.0000 v16=0.0000 v17=0.0000 v18=0.0000 acc=1.0000 lr=1.55e-04 lambda=0.000 grl_lambda=0.000 v18_lambda=0.000 gpu=3.0/11.8GB
[22:13:59] [train] ep=51 step=030/40 ce=0.2583 sc=0.7324 mi=0.0414 dn=0.0000 v13=0.0000 grl=0.0000 v15=0.0000 v15r=0.0000 v16=0.0000 v17=0.0000 v18=0.0000 acc=1.0000 lr=1.54e-04 lambda=0.000 grl_lambda=0.000 v18_lambda=0.000 gpu=3.0/11.8GB
[22:14:05] [train] ep=51 step=040/40 ce=0.2582 sc=0.7564 mi=0.0410 dn=0.0000 v13=0.0000 grl=0.0000 v15=0.0000 v15r=0.0000 v16=0.0000 v17=0.0000 v18=0.0000 acc=1.0000 lr=1.53e-04 lambda=0.000 grl_lambda=0.000 v18_lambda=0.000 gpu=3.0/11.8GB
[22:14:15] [ep_summary] ep=51/100 val_live=0.9506/0.9512 val_ema=0.9444/0.9457 test77_live=0.6583/0.6384 test77_diag_ema=0.5108/0.4437 v13=0.0000 grl=0.0000 v15=0.0000 v15r=0.0000 v16=0.0000 v17=0.0000 v18=0.0000 das=stage3[12,95] p=1.00 ep_time=32.9s
[22:14:15] [save] best_sourceval_ema val_acc_ema=0.9444 source_val_live=0.9506/0.9512 source_val_ema=0.9444/0.9457 ep=51
[22:14:15] [save] best_sourcequalified77_ema ep=51 source_val_live=0.9506/0.9512 source_val_ema=0.9444/0.9457 test77_ema=0.5108/0.4437
[22:14:15] [train] epoch 52/100 steps=40 use_dann=0 das=stage3 f=[12.0,95.0] p=1.00 gpu=3.0/11.8GB
[22:14:16] [train] ep=52 step=001/40 ce=0.2574 sc=0.4351 mi=0.0347 dn=0.0000 v13=0.0000 grl=0.0000 v15=0.0000 v15r=0.0000 v16=0.0000 v17=0.0000 v18=0.0000 acc=1.0000 lr=1.52e-04 lambda=0.000 grl_lambda=0.000 v18_lambda=0.000 gpu=3.0/11.8GB
[22:14:21] [train] ep=52 step=010/40 ce=0.2578 sc=0.8162 mi=0.0402 dn=0.0000 v13=0.0000 grl=0.0000 v15=0.0000 v15r=0.0000 v16=0.0000 v17=0.0000 v18=0.0000 acc=1.0000 lr=1.51e-04 lambda=0.000 grl_lambda=0.000 v18_lambda=0.000 gpu=3.0/11.8GB
[22:14:27] [train] ep=52 step=020/40 ce=0.2580 sc=0.8300 mi=0.0398 dn=0.0000 v13=0.0000 grl=0.0000 v15=0.0000 v15r=0.0000 v16=0.0000 v17=0.0000 v18=0.0000 acc=1.0000 lr=1.50e-04 lambda=0.000 grl_lambda=0.000 v18_lambda=0.000 gpu=3.0/11.8GB
[22:14:32] [train] ep=52 step=030/40 ce=0.2581 sc=0.7974 mi=0.0400 dn=0.0000 v13=0.0000 grl=0.0000 v15=0.0000 v15r=0.0000 v16=0.0000 v17=0.0000 v18=0.0000 acc=1.0000 lr=1.49e-04 lambda=0.000 grl_lambda=0.000 v18_lambda=0.000 gpu=3.0/11.8GB
[22:14:38] [train] ep=52 step=040/40 ce=0.2581 sc=0.7905 mi=0.0402 dn=0.0000 v13=0.0000 grl=0.0000 v15=0.0000 v15r=0.0000 v16=0.0000 v17=0.0000 v18=0.0000 acc=1.0000 lr=1.48e-04 lambda=0.000 grl_lambda=0.000 v18_lambda=0.000 gpu=3.0/11.8GB
[22:14:48] [ep_summary] ep=52/100 val_live=0.9506/0.9512 val_ema=0.9444/0.9457 test77_live=0.6583/0.6395 test77_diag_ema=0.5144/0.4450 v13=0.0000 grl=0.0000 v15=0.0000 v15r=0.0000 v16=0.0000 v17=0.0000 v18=0.0000 das=stage3[12,95] p=1.00 ep_time=32.8s
[22:14:48] [save] best_sourcequalified77_ema ep=52 source_val_live=0.9506/0.9512 source_val_ema=0.9444/0.9457 test77_ema=0.5144/0.4450
[22:14:48] [train] epoch 53/100 steps=40 use_dann=0 das=stage3 f=[12.0,95.0] p=1.00 gpu=3.0/11.8GB
[22:14:49] [train] ep=53 step=001/40 ce=0.2584 sc=0.4411 mi=0.0409 dn=0.0000 v13=0.0000 grl=0.0000 v15=0.0000 v15r=0.0000 v16=0.0000 v17=0.0000 v18=0.0000 acc=1.0000 lr=1.48e-04 lambda=0.000 grl_lambda=0.000 v18_lambda=0.000 gpu=3.0/11.8GB
[22:14:54] [train] ep=53 step=010/40 ce=0.2579 sc=0.7440 mi=0.0386 dn=0.0000 v13=0.0000 grl=0.0000 v15=0.0000 v15r=0.0000 v16=0.0000 v17=0.0000 v18=0.0000 acc=1.0000 lr=1.46e-04 lambda=0.000 grl_lambda=0.000 v18_lambda=0.000 gpu=3.0/11.8GB
[22:15:00] [train] ep=53 step=020/40 ce=0.2577 sc=0.7887 mi=0.0393 dn=0.0000 v13=0.0000 grl=0.0000 v15=0.0000 v15r=0.0000 v16=0.0000 v17=0.0000 v18=0.0000 acc=1.0000 lr=1.45e-04 lambda=0.000 grl_lambda=0.000 v18_lambda=0.000 gpu=3.0/11.8GB
[22:15:05] [train] ep=53 step=030/40 ce=0.2576 sc=0.7699 mi=0.0391 dn=0.0000 v13=0.0000 grl=0.0000 v15=0.0000 v15r=0.0000 v16=0.0000 v17=0.0000 v18=0.0000 acc=1.0000 lr=1.44e-04 lambda=0.000 grl_lambda=0.000 v18_lambda=0.000 gpu=3.0/11.8GB
[22:15:11] [train] ep=53 step=040/40 ce=0.2575 sc=0.7912 mi=0.0390 dn=0.0000 v13=0.0000 grl=0.0000 v15=0.0000 v15r=0.0000 v16=0.0000 v17=0.0000 v18=0.0000 acc=1.0000 lr=1.43e-04 lambda=0.000 grl_lambda=0.000 v18_lambda=0.000 gpu=3.0/11.8GB
[22:15:21] [ep_summary] ep=53/100 val_live=0.9630/0.9635 val_ema=0.9444/0.9457 test77_live=0.6691/0.6500 test77_diag_ema=0.5252/0.4581 v13=0.0000 grl=0.0000 v15=0.0000 v15r=0.0000 v16=0.0000 v17=0.0000 v18=0.0000 das=stage3[12,95] p=1.00 ep_time=32.8s
[22:15:21] [save] best_sourcequalified77_ema ep=53 source_val_live=0.9630/0.9635 source_val_ema=0.9444/0.9457 test77_ema=0.5252/0.4581
[22:15:21] [train] epoch 54/100 steps=40 use_dann=0 das=stage3 f=[12.0,95.0] p=1.00 gpu=3.0/11.8GB
[22:15:22] [train] ep=54 step=001/40 ce=0.2580 sc=0.8453 mi=0.0470 dn=0.0000 v13=0.0000 grl=0.0000 v15=0.0000 v15r=0.0000 v16=0.0000 v17=0.0000 v18=0.0000 acc=1.0000 lr=1.43e-04 lambda=0.000 grl_lambda=0.000 v18_lambda=0.000 gpu=3.0/11.8GB
[22:15:27] [train] ep=54 step=010/40 ce=0.2573 sc=0.6594 mi=0.0398 dn=0.0000 v13=0.0000 grl=0.0000 v15=0.0000 v15r=0.0000 v16=0.0000 v17=0.0000 v18=0.0000 acc=1.0000 lr=1.42e-04 lambda=0.000 grl_lambda=0.000 v18_lambda=0.000 gpu=3.0/11.8GB
[22:15:32] [train] ep=54 step=020/40 ce=0.2575 sc=0.6982 mi=0.0391 dn=0.0000 v13=0.0000 grl=0.0000 v15=0.0000 v15r=0.0000 v16=0.0000 v17=0.0000 v18=0.0000 acc=1.0000 lr=1.40e-04 lambda=0.000 grl_lambda=0.000 v18_lambda=0.000 gpu=3.0/11.8GB
[22:15:38] [train] ep=54 step=030/40 ce=0.2576 sc=0.6914 mi=0.0398 dn=0.0000 v13=0.0000 grl=0.0000 v15=0.0000 v15r=0.0000 v16=0.0000 v17=0.0000 v18=0.0000 acc=1.0000 lr=1.39e-04 lambda=0.000 grl_lambda=0.000 v18_lambda=0.000 gpu=3.0/11.8GB
[22:15:44] [train] ep=54 step=040/40 ce=0.2576 sc=0.7082 mi=0.0399 dn=0.0000 v13=0.0000 grl=0.0000 v15=0.0000 v15r=0.0000 v16=0.0000 v17=0.0000 v18=0.0000 acc=1.0000 lr=1.38e-04 lambda=0.000 grl_lambda=0.000 v18_lambda=0.000 gpu=3.0/11.8GB
[22:15:54] [ep_summary] ep=54/100 val_live=0.9630/0.9635 val_ema=0.9444/0.9457 test77_live=0.6619/0.6428 test77_diag_ema=0.5468/0.4887 v13=0.0000 grl=0.0000 v15=0.0000 v15r=0.0000 v16=0.0000 v17=0.0000 v18=0.0000 das=stage3[12,95] p=1.00 ep_time=32.8s
[22:15:54] [save] best_sourcequalified77_ema ep=54 source_val_live=0.9630/0.9635 source_val_ema=0.9444/0.9457 test77_ema=0.5468/0.4887
[22:15:54] [train] epoch 55/100 steps=40 use_dann=0 das=stage3 f=[12.0,95.0] p=1.00 gpu=3.0/11.8GB
[22:15:54] [train] ep=55 step=001/40 ce=0.2573 sc=0.9447 mi=0.0417 dn=0.0000 v13=0.0000 grl=0.0000 v15=0.0000 v15r=0.0000 v16=0.0000 v17=0.0000 v18=0.0000 acc=1.0000 lr=1.38e-04 lambda=0.000 grl_lambda=0.000 v18_lambda=0.000 gpu=3.0/11.8GB
[22:16:00] [train] ep=55 step=010/40 ce=0.2573 sc=0.6879 mi=0.0398 dn=0.0000 v13=0.0000 grl=0.0000 v15=0.0000 v15r=0.0000 v16=0.0000 v17=0.0000 v18=0.0000 acc=1.0000 lr=1.37e-04 lambda=0.000 grl_lambda=0.000 v18_lambda=0.000 gpu=3.0/11.8GB
[22:16:05] [train] ep=55 step=020/40 ce=0.2574 sc=0.7354 mi=0.0389 dn=0.0000 v13=0.0000 grl=0.0000 v15=0.0000 v15r=0.0000 v16=0.0000 v17=0.0000 v18=0.0000 acc=1.0000 lr=1.36e-04 lambda=0.000 grl_lambda=0.000 v18_lambda=0.000 gpu=3.0/11.8GB
[22:16:11] [train] ep=55 step=030/40 ce=0.2574 sc=0.7035 mi=0.0392 dn=0.0000 v13=0.0000 grl=0.0000 v15=0.0000 v15r=0.0000 v16=0.0000 v17=0.0000 v18=0.0000 acc=1.0000 lr=1.34e-04 lambda=0.000 grl_lambda=0.000 v18_lambda=0.000 gpu=3.0/11.8GB
[22:16:17] [train] ep=55 step=040/40 ce=0.2574 sc=0.7502 mi=0.0386 dn=0.0000 v13=0.0000 grl=0.0000 v15=0.0000 v15r=0.0000 v16=0.0000 v17=0.0000 v18=0.0000 acc=1.0000 lr=1.33e-04 lambda=0.000 grl_lambda=0.000 v18_lambda=0.000 gpu=3.0/11.8GB
[22:16:27] [ep_summary] ep=55/100 val_live=0.9630/0.9635 val_ema=0.9444/0.9457 test77_live=0.6619/0.6428 test77_diag_ema=0.5612/0.5071 v13=0.0000 grl=0.0000 v15=0.0000 v15r=0.0000 v16=0.0000 v17=0.0000 v18=0.0000 das=stage3[12,95] p=1.00 ep_time=32.9s
[22:16:27] [save] best_sourcequalified77_ema ep=55 source_val_live=0.9630/0.9635 source_val_ema=0.9444/0.9457 test77_ema=0.5612/0.5071
[22:16:27] [train] epoch 56/100 steps=40 use_dann=0 das=stage3 f=[12.0,95.0] p=1.00 gpu=3.0/11.8GB
[22:16:27] [train] ep=56 step=001/40 ce=0.2559 sc=0.6454 mi=0.0388 dn=0.0000 v13=0.0000 grl=0.0000 v15=0.0000 v15r=0.0000 v16=0.0000 v17=0.0000 v18=0.0000 acc=1.0000 lr=1.33e-04 lambda=0.000 grl_lambda=0.000 v18_lambda=0.000 gpu=3.0/11.8GB
[22:16:32] [train] ep=56 step=010/40 ce=0.2571 sc=0.7472 mi=0.0401 dn=0.0000 v13=0.0000 grl=0.0000 v15=0.0000 v15r=0.0000 v16=0.0000 v17=0.0000 v18=0.0000 acc=1.0000 lr=1.32e-04 lambda=0.000 grl_lambda=0.000 v18_lambda=0.000 gpu=3.0/11.8GB
[22:16:38] [train] ep=56 step=020/40 ce=0.2574 sc=0.7234 mi=0.0389 dn=0.0000 v13=0.0000 grl=0.0000 v15=0.0000 v15r=0.0000 v16=0.0000 v17=0.0000 v18=0.0000 acc=1.0000 lr=1.31e-04 lambda=0.000 grl_lambda=0.000 v18_lambda=0.000 gpu=3.0/11.8GB
[22:16:44] [train] ep=56 step=030/40 ce=0.2582 sc=0.7251 mi=0.0392 dn=0.0000 v13=0.0000 grl=0.0000 v15=0.0000 v15r=0.0000 v16=0.0000 v17=0.0000 v18=0.0000 acc=1.0000 lr=1.30e-04 lambda=0.000 grl_lambda=0.000 v18_lambda=0.000 gpu=3.0/11.8GB
[22:16:50] [train] ep=56 step=040/40 ce=0.2579 sc=0.7142 mi=0.0394 dn=0.0000 v13=0.0000 grl=0.0000 v15=0.0000 v15r=0.0000 v16=0.0000 v17=0.0000 v18=0.0000 acc=1.0000 lr=1.28e-04 lambda=0.000 grl_lambda=0.000 v18_lambda=0.000 gpu=3.0/11.8GB
[22:17:00] [ep_summary] ep=56/100 val_live=0.9630/0.9635 val_ema=0.9444/0.9457 test77_live=0.6763/0.6574 test77_diag_ema=0.5683/0.5227 v13=0.0000 grl=0.0000 v15=0.0000 v15r=0.0000 v16=0.0000 v17=0.0000 v18=0.0000 das=stage3[12,95] p=1.00 ep_time=32.9s
[22:17:00] [save] best_sourcequalified77_ema ep=56 source_val_live=0.9630/0.9635 source_val_ema=0.9444/0.9457 test77_ema=0.5683/0.5227
[22:17:00] [train] epoch 57/100 steps=40 use_dann=0 das=stage3 f=[12.0,95.0] p=1.00 gpu=3.0/11.8GB
[22:17:00] [train] ep=57 step=001/40 ce=0.2562 sc=0.6127 mi=0.0410 dn=0.0000 v13=0.0000 grl=0.0000 v15=0.0000 v15r=0.0000 v16=0.0000 v17=0.0000 v18=0.0000 acc=1.0000 lr=1.28e-04 lambda=0.000 grl_lambda=0.000 v18_lambda=0.000 gpu=3.0/11.8GB
[22:17:05] [train] ep=57 step=010/40 ce=0.2568 sc=0.7456 mi=0.0402 dn=0.0000 v13=0.0000 grl=0.0000 v15=0.0000 v15r=0.0000 v16=0.0000 v17=0.0000 v18=0.0000 acc=1.0000 lr=1.27e-04 lambda=0.000 grl_lambda=0.000 v18_lambda=0.000 gpu=3.0/11.8GB
[22:17:11] [train] ep=57 step=020/40 ce=0.2569 sc=0.6937 mi=0.0391 dn=0.0000 v13=0.0000 grl=0.0000 v15=0.0000 v15r=0.0000 v16=0.0000 v17=0.0000 v18=0.0000 acc=1.0000 lr=1.26e-04 lambda=0.000 grl_lambda=0.000 v18_lambda=0.000 gpu=3.0/11.8GB
[22:17:17] [train] ep=57 step=030/40 ce=0.2570 sc=0.7216 mi=0.0389 dn=0.0000 v13=0.0000 grl=0.0000 v15=0.0000 v15r=0.0000 v16=0.0000 v17=0.0000 v18=0.0000 acc=1.0000 lr=1.25e-04 lambda=0.000 grl_lambda=0.000 v18_lambda=0.000 gpu=3.0/11.8GB
[22:17:23] [train] ep=57 step=040/40 ce=0.2571 sc=0.7423 mi=0.0390 dn=0.0000 v13=0.0000 grl=0.0000 v15=0.0000 v15r=0.0000 v16=0.0000 v17=0.0000 v18=0.0000 acc=1.0000 lr=1.24e-04 lambda=0.000 grl_lambda=0.000 v18_lambda=0.000 gpu=3.0/11.8GB
[22:17:32] [ep_summary] ep=57/100 val_live=0.9630/0.9635 val_ema=0.9506/0.9518 test77_live=0.6835/0.6640 test77_diag_ema=0.5863/0.5433 v13=0.0000 grl=0.0000 v15=0.0000 v15r=0.0000 v16=0.0000 v17=0.0000 v18=0.0000 das=stage3[12,95] p=1.00 ep_time=32.8s
[22:17:32] [save] best_sourceval_ema val_acc_ema=0.9506 source_val_live=0.9630/0.9635 source_val_ema=0.9506/0.9518 ep=57
[22:17:33] [save] best_sourcequalified77_ema ep=57 source_val_live=0.9630/0.9635 source_val_ema=0.9506/0.9518 test77_ema=0.5863/0.5433
[22:17:33] [train] epoch 58/100 steps=40 use_dann=0 das=stage3 f=[12.0,95.0] p=1.00 gpu=3.0/11.8GB
[22:17:33] [train] ep=58 step=001/40 ce=0.2586 sc=0.6313 mi=0.0341 dn=0.0000 v13=0.0000 grl=0.0000 v15=0.0000 v15r=0.0000 v16=0.0000 v17=0.0000 v18=0.0000 acc=1.0000 lr=1.23e-04 lambda=0.000 grl_lambda=0.000 v18_lambda=0.000 gpu=3.0/11.8GB
[22:17:38] [train] ep=58 step=010/40 ce=0.2577 sc=0.7624 mi=0.0369 dn=0.0000 v13=0.0000 grl=0.0000 v15=0.0000 v15r=0.0000 v16=0.0000 v17=0.0000 v18=0.0000 acc=1.0000 lr=1.22e-04 lambda=0.000 grl_lambda=0.000 v18_lambda=0.000 gpu=3.0/11.8GB
[22:17:44] [train] ep=58 step=020/40 ce=0.2574 sc=0.6884 mi=0.0375 dn=0.0000 v13=0.0000 grl=0.0000 v15=0.0000 v15r=0.0000 v16=0.0000 v17=0.0000 v18=0.0000 acc=1.0000 lr=1.21e-04 lambda=0.000 grl_lambda=0.000 v18_lambda=0.000 gpu=3.0/11.8GB
[22:17:50] [train] ep=58 step=030/40 ce=0.2573 sc=0.7171 mi=0.0369 dn=0.0000 v13=0.0000 grl=0.0000 v15=0.0000 v15r=0.0000 v16=0.0000 v17=0.0000 v18=0.0000 acc=1.0000 lr=1.20e-04 lambda=0.000 grl_lambda=0.000 v18_lambda=0.000 gpu=3.0/11.8GB
[22:17:55] [train] ep=58 step=040/40 ce=0.2575 sc=0.7417 mi=0.0370 dn=0.0000 v13=0.0000 grl=0.0000 v15=0.0000 v15r=0.0000 v16=0.0000 v17=0.0000 v18=0.0000 acc=1.0000 lr=1.19e-04 lambda=0.000 grl_lambda=0.000 v18_lambda=0.000 gpu=3.0/11.8GB
[22:18:05] [ep_summary] ep=58/100 val_live=0.9630/0.9635 val_ema=0.9506/0.9518 test77_live=0.6835/0.6640 test77_diag_ema=0.5935/0.5508 v13=0.0000 grl=0.0000 v15=0.0000 v15r=0.0000 v16=0.0000 v17=0.0000 v18=0.0000 das=stage3[12,95] p=1.00 ep_time=32.8s
[22:18:05] [save] best_sourcequalified77_ema ep=58 source_val_live=0.9630/0.9635 source_val_ema=0.9506/0.9518 test77_ema=0.5935/0.5508
[22:18:05] [train] epoch 59/100 steps=40 use_dann=0 das=stage3 f=[12.0,95.0] p=1.00 gpu=3.0/11.8GB
[22:18:06] [train] ep=59 step=001/40 ce=0.2576 sc=0.6146 mi=0.0352 dn=0.0000 v13=0.0000 grl=0.0000 v15=0.0000 v15r=0.0000 v16=0.0000 v17=0.0000 v18=0.0000 acc=1.0000 lr=1.19e-04 lambda=0.000 grl_lambda=0.000 v18_lambda=0.000 gpu=3.0/11.8GB
[22:18:11] [train] ep=59 step=010/40 ce=0.2569 sc=0.7389 mi=0.0384 dn=0.0000 v13=0.0000 grl=0.0000 v15=0.0000 v15r=0.0000 v16=0.0000 v17=0.0000 v18=0.0000 acc=1.0000 lr=1.18e-04 lambda=0.000 grl_lambda=0.000 v18_lambda=0.000 gpu=3.0/11.8GB
[22:18:17] [train] ep=59 step=020/40 ce=0.2571 sc=0.7193 mi=0.0375 dn=0.0000 v13=0.0000 grl=0.0000 v15=0.0000 v15r=0.0000 v16=0.0000 v17=0.0000 v18=0.0000 acc=1.0000 lr=1.16e-04 lambda=0.000 grl_lambda=0.000 v18_lambda=0.000 gpu=3.0/11.8GB
[22:18:23] [train] ep=59 step=030/40 ce=0.2570 sc=0.7293 mi=0.0380 dn=0.0000 v13=0.0000 grl=0.0000 v15=0.0000 v15r=0.0000 v16=0.0000 v17=0.0000 v18=0.0000 acc=1.0000 lr=1.15e-04 lambda=0.000 grl_lambda=0.000 v18_lambda=0.000 gpu=3.0/11.8GB
[22:18:28] [train] ep=59 step=040/40 ce=0.2572 sc=0.7454 mi=0.0378 dn=0.0000 v13=0.0000 grl=0.0000 v15=0.0000 v15r=0.0000 v16=0.0000 v17=0.0000 v18=0.0000 acc=1.0000 lr=1.14e-04 lambda=0.000 grl_lambda=0.000 v18_lambda=0.000 gpu=3.0/11.8GB
[22:18:38] [ep_summary] ep=59/100 val_live=0.9630/0.9635 val_ema=0.9568/0.9579 test77_live=0.6835/0.6640 test77_diag_ema=0.6079/0.5700 v13=0.0000 grl=0.0000 v15=0.0000 v15r=0.0000 v16=0.0000 v17=0.0000 v18=0.0000 das=stage3[12,95] p=1.00 ep_time=32.9s
[22:18:38] [save] best_sourceval_ema val_acc_ema=0.9568 source_val_live=0.9630/0.9635 source_val_ema=0.9568/0.9579 ep=59
[22:18:38] [save] best_sourcequalified77_ema ep=59 source_val_live=0.9630/0.9635 source_val_ema=0.9568/0.9579 test77_ema=0.6079/0.5700
[22:18:38] [train] epoch 60/100 steps=40 use_dann=0 das=stage3 f=[12.0,95.0] p=1.00 gpu=3.0/11.8GB
[22:18:39] [train] ep=60 step=001/40 ce=0.2579 sc=0.7571 mi=0.0508 dn=0.0000 v13=0.0000 grl=0.0000 v15=0.0000 v15r=0.0000 v16=0.0000 v17=0.0000 v18=0.0000 acc=1.0000 lr=1.14e-04 lambda=0.000 grl_lambda=0.000 v18_lambda=0.000 gpu=3.0/11.8GB
[22:18:44] [train] ep=60 step=010/40 ce=0.2573 sc=0.6935 mi=0.0391 dn=0.0000 v13=0.0000 grl=0.0000 v15=0.0000 v15r=0.0000 v16=0.0000 v17=0.0000 v18=0.0000 acc=1.0000 lr=1.13e-04 lambda=0.000 grl_lambda=0.000 v18_lambda=0.000 gpu=3.0/11.8GB
[22:18:50] [train] ep=60 step=020/40 ce=0.2571 sc=0.6926 mi=0.0380 dn=0.0000 v13=0.0000 grl=0.0000 v15=0.0000 v15r=0.0000 v16=0.0000 v17=0.0000 v18=0.0000 acc=1.0000 lr=1.12e-04 lambda=0.000 grl_lambda=0.000 v18_lambda=0.000 gpu=3.0/11.8GB
[22:18:56] [train] ep=60 step=030/40 ce=0.2570 sc=0.7359 mi=0.0382 dn=0.0000 v13=0.0000 grl=0.0000 v15=0.0000 v15r=0.0000 v16=0.0000 v17=0.0000 v18=0.0000 acc=1.0000 lr=1.11e-04 lambda=0.000 grl_lambda=0.000 v18_lambda=0.000 gpu=3.0/11.8GB
[22:19:01] [train] ep=60 step=040/40 ce=0.2570 sc=0.7243 mi=0.0391 dn=0.0000 v13=0.0000 grl=0.0000 v15=0.0000 v15r=0.0000 v16=0.0000 v17=0.0000 v18=0.0000 acc=1.0000 lr=1.09e-04 lambda=0.000 grl_lambda=0.000 v18_lambda=0.000 gpu=3.0/11.8GB
[22:19:11] [pool] check ep=060/100 source_val_acc_ema=0.9568 threshold=0.90
[22:19:16] [pool] ep=060 ADDED src_val=0.9568/0.9579 dev77=0.5857/0.5558 final77=0.6007/0.5642
[22:19:16] [pool] running best ep=060 dev77_f1=0.5558 final77_f1=0.5642 (pool_size=3)
[22:19:16] [ep_summary] ep=60/100 val_live=0.9630/0.9635 val_ema=0.9568/0.9579 test77_live=0.6835/0.6640 test77_diag_ema=0.6007/0.5642 v13=0.0000 grl=0.0000 v15=0.0000 v15r=0.0000 v16=0.0000 v17=0.0000 v18=0.0000 das=stage3[12,95] p=1.00 ep_time=37.7s
[22:19:16] [strict77_monitor] ep=60 best_source_epoch=59 source_val_ema=0.9568/0.9579 test77_ema_diag=0.6079/0.5700 sourcequalified_count=22 best_sourcequalified77_epoch=59 source_val_ema=0.9568/0.9579 test77_ema=0.6079/0.5700
[22:19:16] [train] epoch 61/100 steps=40 use_dann=0 das=stage3 f=[12.0,95.0] p=1.00 gpu=3.0/11.8GB
[22:19:17] [train] ep=61 step=001/40 ce=0.2570 sc=0.7861 mi=0.0381 dn=0.0000 v13=0.0000 grl=0.0000 v15=0.0000 v15r=0.0000 v16=0.0000 v17=0.0000 v18=0.0000 acc=1.0000 lr=1.09e-04 lambda=0.000 grl_lambda=0.000 v18_lambda=0.000 gpu=3.0/11.8GB
[22:19:22] [train] ep=61 step=010/40 ce=0.2566 sc=0.7270 mi=0.0364 dn=0.0000 v13=0.0000 grl=0.0000 v15=0.0000 v15r=0.0000 v16=0.0000 v17=0.0000 v18=0.0000 acc=1.0000 lr=1.08e-04 lambda=0.000 grl_lambda=0.000 v18_lambda=0.000 gpu=3.0/11.8GB
[22:19:28] [train] ep=61 step=020/40 ce=0.2567 sc=0.7285 mi=0.0367 dn=0.0000 v13=0.0000 grl=0.0000 v15=0.0000 v15r=0.0000 v16=0.0000 v17=0.0000 v18=0.0000 acc=1.0000 lr=1.07e-04 lambda=0.000 grl_lambda=0.000 v18_lambda=0.000 gpu=3.0/11.8GB
[22:19:33] [train] ep=61 step=030/40 ce=0.2567 sc=0.6970 mi=0.0365 dn=0.0000 v13=0.0000 grl=0.0000 v15=0.0000 v15r=0.0000 v16=0.0000 v17=0.0000 v18=0.0000 acc=1.0000 lr=1.06e-04 lambda=0.000 grl_lambda=0.000 v18_lambda=0.000 gpu=3.0/11.8GB
[22:19:39] [train] ep=61 step=040/40 ce=0.2569 sc=0.7130 mi=0.0366 dn=0.0000 v13=0.0000 grl=0.0000 v15=0.0000 v15r=0.0000 v16=0.0000 v17=0.0000 v18=0.0000 acc=1.0000 lr=1.05e-04 lambda=0.000 grl_lambda=0.000 v18_lambda=0.000 gpu=3.0/11.8GB
[22:19:49] [ep_summary] ep=61/100 val_live=0.9630/0.9635 val_ema=0.9568/0.9579 test77_live=0.6871/0.6671 test77_diag_ema=0.6187/0.5823 v13=0.0000 grl=0.0000 v15=0.0000 v15r=0.0000 v16=0.0000 v17=0.0000 v18=0.0000 das=stage3[12,95] p=1.00 ep_time=32.8s
[22:19:49] [save] best_sourcequalified77_ema ep=61 source_val_live=0.9630/0.9635 source_val_ema=0.9568/0.9579 test77_ema=0.6187/0.5823
[22:19:49] [train] epoch 62/100 steps=40 use_dann=0 das=stage3 f=[12.0,95.0] p=1.00 gpu=3.0/11.8GB
[22:19:50] [train] ep=62 step=001/40 ce=0.2561 sc=0.8380 mi=0.0331 dn=0.0000 v13=0.0000 grl=0.0000 v15=0.0000 v15r=0.0000 v16=0.0000 v17=0.0000 v18=0.0000 acc=1.0000 lr=1.05e-04 lambda=0.000 grl_lambda=0.000 v18_lambda=0.000 gpu=3.0/11.8GB
[22:19:55] [train] ep=62 step=010/40 ce=0.2567 sc=0.7674 mi=0.0384 dn=0.0000 v13=0.0000 grl=0.0000 v15=0.0000 v15r=0.0000 v16=0.0000 v17=0.0000 v18=0.0000 acc=1.0000 lr=1.04e-04 lambda=0.000 grl_lambda=0.000 v18_lambda=0.000 gpu=3.0/11.8GB
[22:20:00] [train] ep=62 step=020/40 ce=0.2566 sc=0.7474 mi=0.0372 dn=0.0000 v13=0.0000 grl=0.0000 v15=0.0000 v15r=0.0000 v16=0.0000 v17=0.0000 v18=0.0000 acc=1.0000 lr=1.02e-04 lambda=0.000 grl_lambda=0.000 v18_lambda=0.000 gpu=3.0/11.8GB
[22:20:06] [train] ep=62 step=030/40 ce=0.2566 sc=0.7267 mi=0.0369 dn=0.0000 v13=0.0000 grl=0.0000 v15=0.0000 v15r=0.0000 v16=0.0000 v17=0.0000 v18=0.0000 acc=1.0000 lr=1.01e-04 lambda=0.000 grl_lambda=0.000 v18_lambda=0.000 gpu=3.0/11.8GB
[22:20:12] [train] ep=62 step=040/40 ce=0.2566 sc=0.7467 mi=0.0368 dn=0.0000 v13=0.0000 grl=0.0000 v15=0.0000 v15r=0.0000 v16=0.0000 v17=0.0000 v18=0.0000 acc=1.0000 lr=1.00e-04 lambda=0.000 grl_lambda=0.000 v18_lambda=0.000 gpu=3.0/11.8GB
[22:20:22] [ep_summary] ep=62/100 val_live=0.9568/0.9579 val_ema=0.9568/0.9579 test77_live=0.6871/0.6671 test77_diag_ema=0.6223/0.5863 v13=0.0000 grl=0.0000 v15=0.0000 v15r=0.0000 v16=0.0000 v17=0.0000 v18=0.0000 das=stage3[12,95] p=1.00 ep_time=32.9s
[22:20:22] [save] best_sourcequalified77_ema ep=62 source_val_live=0.9568/0.9579 source_val_ema=0.9568/0.9579 test77_ema=0.6223/0.5863
[22:20:22] [train] epoch 63/100 steps=40 use_dann=0 das=stage3 f=[12.0,95.0] p=1.00 gpu=3.0/11.8GB
[22:20:22] [train] ep=63 step=001/40 ce=0.2567 sc=0.7275 mi=0.0356 dn=0.0000 v13=0.0000 grl=0.0000 v15=0.0000 v15r=0.0000 v16=0.0000 v17=0.0000 v18=0.0000 acc=1.0000 lr=1.00e-04 lambda=0.000 grl_lambda=0.000 v18_lambda=0.000 gpu=3.0/11.8GB
[22:20:28] [train] ep=63 step=010/40 ce=0.2566 sc=0.7380 mi=0.0365 dn=0.0000 v13=0.0000 grl=0.0000 v15=0.0000 v15r=0.0000 v16=0.0000 v17=0.0000 v18=0.0000 acc=1.0000 lr=9.89e-05 lambda=0.000 grl_lambda=0.000 v18_lambda=0.000 gpu=3.0/11.8GB
[22:20:33] [train] ep=63 step=020/40 ce=0.2566 sc=0.7410 mi=0.0367 dn=0.0000 v13=0.0000 grl=0.0000 v15=0.0000 v15r=0.0000 v16=0.0000 v17=0.0000 v18=0.0000 acc=1.0000 lr=9.78e-05 lambda=0.000 grl_lambda=0.000 v18_lambda=0.000 gpu=3.0/11.8GB
[22:20:39] [train] ep=63 step=030/40 ce=0.2566 sc=0.7491 mi=0.0374 dn=0.0000 v13=0.0000 grl=0.0000 v15=0.0000 v15r=0.0000 v16=0.0000 v17=0.0000 v18=0.0000 acc=1.0000 lr=9.67e-05 lambda=0.000 grl_lambda=0.000 v18_lambda=0.000 gpu=3.0/11.8GB
[22:20:45] [train] ep=63 step=040/40 ce=0.2566 sc=0.7161 mi=0.0377 dn=0.0000 v13=0.0000 grl=0.0000 v15=0.0000 v15r=0.0000 v16=0.0000 v17=0.0000 v18=0.0000 acc=1.0000 lr=9.55e-05 lambda=0.000 grl_lambda=0.000 v18_lambda=0.000 gpu=3.0/11.8GB
[22:20:55] [ep_summary] ep=63/100 val_live=0.9568/0.9579 val_ema=0.9568/0.9579 test77_live=0.6871/0.6671 test77_diag_ema=0.6295/0.5944 v13=0.0000 grl=0.0000 v15=0.0000 v15r=0.0000 v16=0.0000 v17=0.0000 v18=0.0000 das=stage3[12,95] p=1.00 ep_time=32.8s
[22:20:55] [save] best_sourcequalified77_ema ep=63 source_val_live=0.9568/0.9579 source_val_ema=0.9568/0.9579 test77_ema=0.6295/0.5944
[22:20:55] [train] epoch 64/100 steps=40 use_dann=0 das=stage3 f=[12.0,95.0] p=1.00 gpu=3.0/11.8GB
[22:20:55] [train] ep=64 step=001/40 ce=0.2554 sc=0.6121 mi=0.0349 dn=0.0000 v13=0.0000 grl=0.0000 v15=0.0000 v15r=0.0000 v16=0.0000 v17=0.0000 v18=0.0000 acc=1.0000 lr=9.54e-05 lambda=0.000 grl_lambda=0.000 v18_lambda=0.000 gpu=3.0/11.8GB
[22:21:01] [train] ep=64 step=010/40 ce=0.2568 sc=0.7603 mi=0.0364 dn=0.0000 v13=0.0000 grl=0.0000 v15=0.0000 v15r=0.0000 v16=0.0000 v17=0.0000 v18=0.0000 acc=1.0000 lr=9.44e-05 lambda=0.000 grl_lambda=0.000 v18_lambda=0.000 gpu=3.0/11.8GB
[22:21:06] [train] ep=64 step=020/40 ce=0.2569 sc=0.7690 mi=0.0370 dn=0.0000 v13=0.0000 grl=0.0000 v15=0.0000 v15r=0.0000 v16=0.0000 v17=0.0000 v18=0.0000 acc=1.0000 lr=9.33e-05 lambda=0.000 grl_lambda=0.000 v18_lambda=0.000 gpu=3.0/11.8GB
[22:21:12] [train] ep=64 step=030/40 ce=0.2571 sc=0.7416 mi=0.0370 dn=0.0000 v13=0.0000 grl=0.0000 v15=0.0000 v15r=0.0000 v16=0.0000 v17=0.0000 v18=0.0000 acc=1.0000 lr=9.21e-05 lambda=0.000 grl_lambda=0.000 v18_lambda=0.000 gpu=3.0/11.8GB
[22:21:18] [train] ep=64 step=040/40 ce=0.2570 sc=0.7594 mi=0.0375 dn=0.0000 v13=0.0000 grl=0.0000 v15=0.0000 v15r=0.0000 v16=0.0000 v17=0.0000 v18=0.0000 acc=1.0000 lr=9.10e-05 lambda=0.000 grl_lambda=0.000 v18_lambda=0.000 gpu=3.0/11.8GB
[22:21:28] [ep_summary] ep=64/100 val_live=0.9568/0.9579 val_ema=0.9630/0.9639 test77_live=0.6871/0.6671 test77_diag_ema=0.6259/0.5919 v13=0.0000 grl=0.0000 v15=0.0000 v15r=0.0000 v16=0.0000 v17=0.0000 v18=0.0000 das=stage3[12,95] p=1.00 ep_time=33.1s
[22:21:28] [save] best_sourceval_ema val_acc_ema=0.9630 source_val_live=0.9568/0.9579 source_val_ema=0.9630/0.9639 ep=64
[22:21:28] [train] epoch 65/100 steps=40 use_dann=0 das=stage3 f=[12.0,95.0] p=1.00 gpu=3.0/11.8GB
[22:21:28] [train] ep=65 step=001/40 ce=0.2585 sc=0.5227 mi=0.0429 dn=0.0000 v13=0.0000 grl=0.0000 v15=0.0000 v15r=0.0000 v16=0.0000 v17=0.0000 v18=0.0000 acc=1.0000 lr=9.09e-05 lambda=0.000 grl_lambda=0.000 v18_lambda=0.000 gpu=3.0/11.8GB
[22:21:34] [train] ep=65 step=010/40 ce=0.2570 sc=0.6942 mi=0.0387 dn=0.0000 v13=0.0000 grl=0.0000 v15=0.0000 v15r=0.0000 v16=0.0000 v17=0.0000 v18=0.0000 acc=1.0000 lr=8.99e-05 lambda=0.000 grl_lambda=0.000 v18_lambda=0.000 gpu=3.0/11.8GB
[22:21:39] [train] ep=65 step=020/40 ce=0.2570 sc=0.6733 mi=0.0382 dn=0.0000 v13=0.0000 grl=0.0000 v15=0.0000 v15r=0.0000 v16=0.0000 v17=0.0000 v18=0.0000 acc=1.0000 lr=8.88e-05 lambda=0.000 grl_lambda=0.000 v18_lambda=0.000 gpu=3.0/11.8GB
[22:21:45] [train] ep=65 step=030/40 ce=0.2569 sc=0.7252 mi=0.0379 dn=0.0000 v13=0.0000 grl=0.0000 v15=0.0000 v15r=0.0000 v16=0.0000 v17=0.0000 v18=0.0000 acc=1.0000 lr=8.77e-05 lambda=0.000 grl_lambda=0.000 v18_lambda=0.000 gpu=3.0/11.8GB
[22:21:51] [train] ep=65 step=040/40 ce=0.2568 sc=0.7136 mi=0.0373 dn=0.0000 v13=0.0000 grl=0.0000 v15=0.0000 v15r=0.0000 v16=0.0000 v17=0.0000 v18=0.0000 acc=1.0000 lr=8.66e-05 lambda=0.000 grl_lambda=0.000 v18_lambda=0.000 gpu=3.0/11.8GB
[22:22:01] [ep_summary] ep=65/100 val_live=0.9568/0.9579 val_ema=0.9630/0.9639 test77_live=0.6871/0.6671 test77_diag_ema=0.6295/0.5944 v13=0.0000 grl=0.0000 v15=0.0000 v15r=0.0000 v16=0.0000 v17=0.0000 v18=0.0000 das=stage3[12,95] p=1.00 ep_time=32.9s
[22:22:01] [save] best_sourcequalified77_ema ep=65 source_val_live=0.9568/0.9579 source_val_ema=0.9630/0.9639 test77_ema=0.6295/0.5944
[22:22:01] [train] epoch 66/100 steps=40 use_dann=0 das=stage3 f=[12.0,95.0] p=1.00 gpu=3.0/11.8GB
[22:22:01] [train] ep=66 step=001/40 ce=0.2579 sc=0.7473 mi=0.0350 dn=0.0000 v13=0.0000 grl=0.0000 v15=0.0000 v15r=0.0000 v16=0.0000 v17=0.0000 v18=0.0000 acc=1.0000 lr=8.65e-05 lambda=0.000 grl_lambda=0.000 v18_lambda=0.000 gpu=3.0/11.8GB
[22:22:07] [train] ep=66 step=010/40 ce=0.2569 sc=0.7952 mi=0.0365 dn=0.0000 v13=0.0000 grl=0.0000 v15=0.0000 v15r=0.0000 v16=0.0000 v17=0.0000 v18=0.0000 acc=1.0000 lr=8.55e-05 lambda=0.000 grl_lambda=0.000 v18_lambda=0.000 gpu=3.0/11.8GB
[22:22:12] [train] ep=66 step=020/40 ce=0.2568 sc=0.7721 mi=0.0366 dn=0.0000 v13=0.0000 grl=0.0000 v15=0.0000 v15r=0.0000 v16=0.0000 v17=0.0000 v18=0.0000 acc=1.0000 lr=8.44e-05 lambda=0.000 grl_lambda=0.000 v18_lambda=0.000 gpu=3.0/11.8GB
[22:22:18] [train] ep=66 step=030/40 ce=0.2567 sc=0.7738 mi=0.0367 dn=0.0000 v13=0.0000 grl=0.0000 v15=0.0000 v15r=0.0000 v16=0.0000 v17=0.0000 v18=0.0000 acc=1.0000 lr=8.33e-05 lambda=0.000 grl_lambda=0.000 v18_lambda=0.000 gpu=3.0/11.8GB
[22:22:24] [train] ep=66 step=040/40 ce=0.2567 sc=0.7353 mi=0.0370 dn=0.0000 v13=0.0000 grl=0.0000 v15=0.0000 v15r=0.0000 v16=0.0000 v17=0.0000 v18=0.0000 acc=1.0000 lr=8.22e-05 lambda=0.000 grl_lambda=0.000 v18_lambda=0.000 gpu=3.0/11.8GB
[22:22:34] [ep_summary] ep=66/100 val_live=0.9568/0.9579 val_ema=0.9630/0.9640 test77_live=0.6871/0.6671 test77_diag_ema=0.6403/0.6078 v13=0.0000 grl=0.0000 v15=0.0000 v15r=0.0000 v16=0.0000 v17=0.0000 v18=0.0000 das=stage3[12,95] p=1.00 ep_time=32.8s
[22:22:34] [save] best_sourcequalified77_ema ep=66 source_val_live=0.9568/0.9579 source_val_ema=0.9630/0.9640 test77_ema=0.6403/0.6078
[22:22:34] [train] epoch 67/100 steps=40 use_dann=0 das=stage3 f=[12.0,95.0] p=1.00 gpu=3.0/11.8GB
[22:22:34] [train] ep=67 step=001/40 ce=0.2563 sc=0.7181 mi=0.0415 dn=0.0000 v13=0.0000 grl=0.0000 v15=0.0000 v15r=0.0000 v16=0.0000 v17=0.0000 v18=0.0000 acc=1.0000 lr=8.21e-05 lambda=0.000 grl_lambda=0.000 v18_lambda=0.000 gpu=3.0/11.8GB
[22:22:39] [train] ep=67 step=010/40 ce=0.2565 sc=0.7920 mi=0.0377 dn=0.0000 v13=0.0000 grl=0.0000 v15=0.0000 v15r=0.0000 v16=0.0000 v17=0.0000 v18=0.0000 acc=1.0000 lr=8.11e-05 lambda=0.000 grl_lambda=0.000 v18_lambda=0.000 gpu=3.0/11.8GB
[22:22:45] [train] ep=67 step=020/40 ce=0.2566 sc=0.7651 mi=0.0375 dn=0.0000 v13=0.0000 grl=0.0000 v15=0.0000 v15r=0.0000 v16=0.0000 v17=0.0000 v18=0.0000 acc=1.0000 lr=8.01e-05 lambda=0.000 grl_lambda=0.000 v18_lambda=0.000 gpu=3.0/11.8GB
[22:22:51] [train] ep=67 step=030/40 ce=0.2566 sc=0.7587 mi=0.0366 dn=0.0000 v13=0.0000 grl=0.0000 v15=0.0000 v15r=0.0000 v16=0.0000 v17=0.0000 v18=0.0000 acc=1.0000 lr=7.90e-05 lambda=0.000 grl_lambda=0.000 v18_lambda=0.000 gpu=3.0/11.8GB
[22:22:57] [train] ep=67 step=040/40 ce=0.2567 sc=0.7590 mi=0.0360 dn=0.0000 v13=0.0000 grl=0.0000 v15=0.0000 v15r=0.0000 v16=0.0000 v17=0.0000 v18=0.0000 acc=1.0000 lr=7.79e-05 lambda=0.000 grl_lambda=0.000 v18_lambda=0.000 gpu=3.0/11.8GB
[22:23:06] [ep_summary] ep=67/100 val_live=0.9568/0.9579 val_ema=0.9630/0.9640 test77_live=0.6871/0.6671 test77_diag_ema=0.6403/0.6104 v13=0.0000 grl=0.0000 v15=0.0000 v15r=0.0000 v16=0.0000 v17=0.0000 v18=0.0000 das=stage3[12,95] p=1.00 ep_time=32.8s
[22:23:06] [save] best_sourcequalified77_ema ep=67 source_val_live=0.9568/0.9579 source_val_ema=0.9630/0.9640 test77_ema=0.6403/0.6104
[22:23:07] [train] epoch 68/100 steps=40 use_dann=0 das=stage3 f=[12.0,95.0] p=1.00 gpu=3.0/11.8GB
[22:23:07] [train] ep=68 step=001/40 ce=0.2566 sc=1.0378 mi=0.0337 dn=0.0000 v13=0.0000 grl=0.0000 v15=0.0000 v15r=0.0000 v16=0.0000 v17=0.0000 v18=0.0000 acc=1.0000 lr=7.78e-05 lambda=0.000 grl_lambda=0.000 v18_lambda=0.000 gpu=3.0/11.8GB
[22:23:12] [train] ep=68 step=010/40 ce=0.2564 sc=0.6919 mi=0.0343 dn=0.0000 v13=0.0000 grl=0.0000 v15=0.0000 v15r=0.0000 v16=0.0000 v17=0.0000 v18=0.0000 acc=1.0000 lr=7.69e-05 lambda=0.000 grl_lambda=0.000 v18_lambda=0.000 gpu=3.0/11.8GB
[22:23:18] [train] ep=68 step=020/40 ce=0.2565 sc=0.7394 mi=0.0354 dn=0.0000 v13=0.0000 grl=0.0000 v15=0.0000 v15r=0.0000 v16=0.0000 v17=0.0000 v18=0.0000 acc=1.0000 lr=7.58e-05 lambda=0.000 grl_lambda=0.000 v18_lambda=0.000 gpu=3.0/11.8GB
[22:23:24] [train] ep=68 step=030/40 ce=0.2566 sc=0.7259 mi=0.0358 dn=0.0000 v13=0.0000 grl=0.0000 v15=0.0000 v15r=0.0000 v16=0.0000 v17=0.0000 v18=0.0000 acc=1.0000 lr=7.48e-05 lambda=0.000 grl_lambda=0.000 v18_lambda=0.000 gpu=3.0/11.8GB
[22:23:29] [train] ep=68 step=040/40 ce=0.2565 sc=0.7153 mi=0.0356 dn=0.0000 v13=0.0000 grl=0.0000 v15=0.0000 v15r=0.0000 v16=0.0000 v17=0.0000 v18=0.0000 acc=1.0000 lr=7.37e-05 lambda=0.000 grl_lambda=0.000 v18_lambda=0.000 gpu=3.0/11.8GB
[22:23:39] [ep_summary] ep=68/100 val_live=0.9568/0.9579 val_ema=0.9630/0.9640 test77_live=0.6871/0.6662 test77_diag_ema=0.6367/0.6071 v13=0.0000 grl=0.0000 v15=0.0000 v15r=0.0000 v16=0.0000 v17=0.0000 v18=0.0000 das=stage3[12,95] p=1.00 ep_time=32.8s
[22:23:39] [train] epoch 69/100 steps=40 use_dann=0 das=stage3 f=[12.0,95.0] p=1.00 gpu=3.0/11.8GB
[22:23:40] [train] ep=69 step=001/40 ce=0.2580 sc=0.9610 mi=0.0433 dn=0.0000 v13=0.0000 grl=0.0000 v15=0.0000 v15r=0.0000 v16=0.0000 v17=0.0000 v18=0.0000 acc=1.0000 lr=7.36e-05 lambda=0.000 grl_lambda=0.000 v18_lambda=0.000 gpu=3.0/11.8GB
[22:23:45] [train] ep=69 step=010/40 ce=0.2568 sc=0.8519 mi=0.0358 dn=0.0000 v13=0.0000 grl=0.0000 v15=0.0000 v15r=0.0000 v16=0.0000 v17=0.0000 v18=0.0000 acc=1.0000 lr=7.27e-05 lambda=0.000 grl_lambda=0.000 v18_lambda=0.000 gpu=3.0/11.8GB
[22:23:51] [train] ep=69 step=020/40 ce=0.2565 sc=0.7801 mi=0.0350 dn=0.0000 v13=0.0000 grl=0.0000 v15=0.0000 v15r=0.0000 v16=0.0000 v17=0.0000 v18=0.0000 acc=1.0000 lr=7.16e-05 lambda=0.000 grl_lambda=0.000 v18_lambda=0.000 gpu=3.0/11.8GB
[22:23:57] [train] ep=69 step=030/40 ce=0.2564 sc=0.7660 mi=0.0355 dn=0.0000 v13=0.0000 grl=0.0000 v15=0.0000 v15r=0.0000 v16=0.0000 v17=0.0000 v18=0.0000 acc=1.0000 lr=7.06e-05 lambda=0.000 grl_lambda=0.000 v18_lambda=0.000 gpu=3.0/11.8GB
[22:24:02] [train] ep=69 step=040/40 ce=0.2564 sc=0.7633 mi=0.0353 dn=0.0000 v13=0.0000 grl=0.0000 v15=0.0000 v15r=0.0000 v16=0.0000 v17=0.0000 v18=0.0000 acc=1.0000 lr=6.96e-05 lambda=0.000 grl_lambda=0.000 v18_lambda=0.000 gpu=3.0/11.8GB
[22:24:12] [ep_summary] ep=69/100 val_live=0.9568/0.9579 val_ema=0.9630/0.9640 test77_live=0.6871/0.6662 test77_diag_ema=0.6403/0.6108 v13=0.0000 grl=0.0000 v15=0.0000 v15r=0.0000 v16=0.0000 v17=0.0000 v18=0.0000 das=stage3[12,95] p=1.00 ep_time=32.9s
[22:24:12] [save] best_sourcequalified77_ema ep=69 source_val_live=0.9568/0.9579 source_val_ema=0.9630/0.9640 test77_ema=0.6403/0.6108
[22:24:12] [train] epoch 70/100 steps=40 use_dann=0 das=stage3 f=[12.0,95.0] p=1.00 gpu=3.0/11.8GB
[22:24:13] [train] ep=70 step=001/40 ce=0.2562 sc=1.0464 mi=0.0316 dn=0.0000 v13=0.0000 grl=0.0000 v15=0.0000 v15r=0.0000 v16=0.0000 v17=0.0000 v18=0.0000 acc=1.0000 lr=6.95e-05 lambda=0.000 grl_lambda=0.000 v18_lambda=0.000 gpu=3.0/11.8GB
[22:24:18] [train] ep=70 step=010/40 ce=0.2561 sc=0.8503 mi=0.0347 dn=0.0000 v13=0.0000 grl=0.0000 v15=0.0000 v15r=0.0000 v16=0.0000 v17=0.0000 v18=0.0000 acc=1.0000 lr=6.85e-05 lambda=0.000 grl_lambda=0.000 v18_lambda=0.000 gpu=3.0/11.8GB
[22:24:24] [train] ep=70 step=020/40 ce=0.2563 sc=0.8041 mi=0.0343 dn=0.0000 v13=0.0000 grl=0.0000 v15=0.0000 v15r=0.0000 v16=0.0000 v17=0.0000 v18=0.0000 acc=1.0000 lr=6.75e-05 lambda=0.000 grl_lambda=0.000 v18_lambda=0.000 gpu=3.0/11.8GB
[22:24:30] [train] ep=70 step=030/40 ce=0.2564 sc=0.7805 mi=0.0350 dn=0.0000 v13=0.0000 grl=0.0000 v15=0.0000 v15r=0.0000 v16=0.0000 v17=0.0000 v18=0.0000 acc=1.0000 lr=6.65e-05 lambda=0.000 grl_lambda=0.000 v18_lambda=0.000 gpu=3.0/11.8GB
[22:24:35] [train] ep=70 step=040/40 ce=0.2565 sc=0.7691 mi=0.0351 dn=0.0000 v13=0.0000 grl=0.0000 v15=0.0000 v15r=0.0000 v16=0.0000 v17=0.0000 v18=0.0000 acc=1.0000 lr=6.55e-05 lambda=0.000 grl_lambda=0.000 v18_lambda=0.000 gpu=3.0/11.8GB
[22:24:45] [pool] check ep=070/100 source_val_acc_ema=0.9630 threshold=0.90
[22:24:50] [pool] ep=070 ADDED src_val=0.9630/0.9640 dev77=0.6357/0.6127 final77=0.6403/0.6115
[22:24:50] [pool] running best ep=070 dev77_f1=0.6127 final77_f1=0.6115 (pool_size=4)
[22:24:50] [ep_summary] ep=70/100 val_live=0.9568/0.9579 val_ema=0.9630/0.9640 test77_live=0.6871/0.6662 test77_diag_ema=0.6403/0.6115 v13=0.0000 grl=0.0000 v15=0.0000 v15r=0.0000 v16=0.0000 v17=0.0000 v18=0.0000 das=stage3[12,95] p=1.00 ep_time=37.7s
[22:24:50] [save] best_sourcequalified77_ema ep=70 source_val_live=0.9568/0.9579 source_val_ema=0.9630/0.9640 test77_ema=0.6403/0.6115
[22:24:50] [strict77_monitor] ep=70 best_source_epoch=64 source_val_ema=0.9630/0.9639 test77_ema_diag=0.6259/0.5919 sourcequalified_count=32 best_sourcequalified77_epoch=70 source_val_ema=0.9630/0.9640 test77_ema=0.6403/0.6115
[22:24:50] [train] epoch 71/100 steps=40 use_dann=0 das=stage3 f=[12.0,95.0] p=1.00 gpu=3.0/11.8GB
[22:24:51] [train] ep=71 step=001/40 ce=0.2561 sc=0.7122 mi=0.0326 dn=0.0000 v13=0.0000 grl=0.0000 v15=0.0000 v15r=0.0000 v16=0.0000 v17=0.0000 v18=0.0000 acc=1.0000 lr=6.54e-05 lambda=0.000 grl_lambda=0.000 v18_lambda=0.000 gpu=3.0/11.8GB
[22:24:56] [train] ep=71 step=010/40 ce=0.2563 sc=0.8150 mi=0.0348 dn=0.0000 v13=0.0000 grl=0.0000 v15=0.0000 v15r=0.0000 v16=0.0000 v17=0.0000 v18=0.0000 acc=1.0000 lr=6.45e-05 lambda=0.000 grl_lambda=0.000 v18_lambda=0.000 gpu=3.0/11.8GB
[22:25:02] [train] ep=71 step=020/40 ce=0.2564 sc=0.7435 mi=0.0352 dn=0.0000 v13=0.0000 grl=0.0000 v15=0.0000 v15r=0.0000 v16=0.0000 v17=0.0000 v18=0.0000 acc=1.0000 lr=6.35e-05 lambda=0.000 grl_lambda=0.000 v18_lambda=0.000 gpu=3.0/11.8GB
[22:25:07] [train] ep=71 step=030/40 ce=0.2563 sc=0.7507 mi=0.0349 dn=0.0000 v13=0.0000 grl=0.0000 v15=0.0000 v15r=0.0000 v16=0.0000 v17=0.0000 v18=0.0000 acc=1.0000 lr=6.25e-05 lambda=0.000 grl_lambda=0.000 v18_lambda=0.000 gpu=3.0/11.8GB
[22:25:13] [train] ep=71 step=040/40 ce=0.2563 sc=0.7204 mi=0.0353 dn=0.0000 v13=0.0000 grl=0.0000 v15=0.0000 v15r=0.0000 v16=0.0000 v17=0.0000 v18=0.0000 acc=1.0000 lr=6.15e-05 lambda=0.000 grl_lambda=0.000 v18_lambda=0.000 gpu=3.0/11.8GB
[22:25:23] [ep_summary] ep=71/100 val_live=0.9568/0.9579 val_ema=0.9630/0.9640 test77_live=0.6871/0.6662 test77_diag_ema=0.6439/0.6156 v13=0.0000 grl=0.0000 v15=0.0000 v15r=0.0000 v16=0.0000 v17=0.0000 v18=0.0000 das=stage3[12,95] p=1.00 ep_time=32.9s
[22:25:23] [save] best_sourcequalified77_ema ep=71 source_val_live=0.9568/0.9579 source_val_ema=0.9630/0.9640 test77_ema=0.6439/0.6156
[22:25:23] [train] epoch 72/100 steps=40 use_dann=0 das=stage3 f=[12.0,95.0] p=1.00 gpu=3.0/11.8GB
[22:25:24] [train] ep=72 step=001/40 ce=0.2559 sc=0.7110 mi=0.0277 dn=0.0000 v13=0.0000 grl=0.0000 v15=0.0000 v15r=0.0000 v16=0.0000 v17=0.0000 v18=0.0000 acc=1.0000 lr=6.14e-05 lambda=0.000 grl_lambda=0.000 v18_lambda=0.000 gpu=3.0/11.8GB
[22:25:29] [train] ep=72 step=010/40 ce=0.2563 sc=0.7620 mi=0.0342 dn=0.0000 v13=0.0000 grl=0.0000 v15=0.0000 v15r=0.0000 v16=0.0000 v17=0.0000 v18=0.0000 acc=1.0000 lr=6.06e-05 lambda=0.000 grl_lambda=0.000 v18_lambda=0.000 gpu=3.0/11.8GB
[22:25:34] [train] ep=72 step=020/40 ce=0.2564 sc=0.7319 mi=0.0349 dn=0.0000 v13=0.0000 grl=0.0000 v15=0.0000 v15r=0.0000 v16=0.0000 v17=0.0000 v18=0.0000 acc=1.0000 lr=5.96e-05 lambda=0.000 grl_lambda=0.000 v18_lambda=0.000 gpu=3.0/11.8GB
[22:25:40] [train] ep=72 step=030/40 ce=0.2564 sc=0.7345 mi=0.0353 dn=0.0000 v13=0.0000 grl=0.0000 v15=0.0000 v15r=0.0000 v16=0.0000 v17=0.0000 v18=0.0000 acc=1.0000 lr=5.86e-05 lambda=0.000 grl_lambda=0.000 v18_lambda=0.000 gpu=3.0/11.8GB
[22:25:46] [train] ep=72 step=040/40 ce=0.2564 sc=0.7153 mi=0.0354 dn=0.0000 v13=0.0000 grl=0.0000 v15=0.0000 v15r=0.0000 v16=0.0000 v17=0.0000 v18=0.0000 acc=1.0000 lr=5.77e-05 lambda=0.000 grl_lambda=0.000 v18_lambda=0.000 gpu=3.0/11.8GB
[22:25:56] [ep_summary] ep=72/100 val_live=0.9568/0.9579 val_ema=0.9630/0.9640 test77_live=0.6871/0.6662 test77_diag_ema=0.6547/0.6270 v13=0.0000 grl=0.0000 v15=0.0000 v15r=0.0000 v16=0.0000 v17=0.0000 v18=0.0000 das=stage3[12,95] p=1.00 ep_time=32.9s
[22:25:56] [save] best_sourcequalified77_ema ep=72 source_val_live=0.9568/0.9579 source_val_ema=0.9630/0.9640 test77_ema=0.6547/0.6270
[22:25:56] [train] epoch 73/100 steps=40 use_dann=0 das=stage3 f=[12.0,95.0] p=1.00 gpu=3.0/11.8GB
[22:25:57] [train] ep=73 step=001/40 ce=0.2568 sc=1.1047 mi=0.0383 dn=0.0000 v13=0.0000 grl=0.0000 v15=0.0000 v15r=0.0000 v16=0.0000 v17=0.0000 v18=0.0000 acc=1.0000 lr=5.76e-05 lambda=0.000 grl_lambda=0.000 v18_lambda=0.000 gpu=3.0/11.8GB
[22:26:02] [train] ep=73 step=010/40 ce=0.2567 sc=0.6849 mi=0.0376 dn=0.0000 v13=0.0000 grl=0.0000 v15=0.0000 v15r=0.0000 v16=0.0000 v17=0.0000 v18=0.0000 acc=1.0000 lr=5.67e-05 lambda=0.000 grl_lambda=0.000 v18_lambda=0.000 gpu=3.0/11.8GB
[22:26:07] [train] ep=73 step=020/40 ce=0.2565 sc=0.7157 mi=0.0360 dn=0.0000 v13=0.0000 grl=0.0000 v15=0.0000 v15r=0.0000 v16=0.0000 v17=0.0000 v18=0.0000 acc=1.0000 lr=5.58e-05 lambda=0.000 grl_lambda=0.000 v18_lambda=0.000 gpu=3.0/11.8GB
[22:26:13] [train] ep=73 step=030/40 ce=0.2565 sc=0.7306 mi=0.0362 dn=0.0000 v13=0.0000 grl=0.0000 v15=0.0000 v15r=0.0000 v16=0.0000 v17=0.0000 v18=0.0000 acc=1.0000 lr=5.48e-05 lambda=0.000 grl_lambda=0.000 v18_lambda=0.000 gpu=3.0/11.8GB
[22:26:19] [train] ep=73 step=040/40 ce=0.2564 sc=0.7423 mi=0.0357 dn=0.0000 v13=0.0000 grl=0.0000 v15=0.0000 v15r=0.0000 v16=0.0000 v17=0.0000 v18=0.0000 acc=1.0000 lr=5.39e-05 lambda=0.000 grl_lambda=0.000 v18_lambda=0.000 gpu=3.0/11.8GB
[22:26:29] [ep_summary] ep=73/100 val_live=0.9568/0.9579 val_ema=0.9630/0.9640 test77_live=0.6871/0.6662 test77_diag_ema=0.6511/0.6242 v13=0.0000 grl=0.0000 v15=0.0000 v15r=0.0000 v16=0.0000 v17=0.0000 v18=0.0000 das=stage3[12,95] p=1.00 ep_time=32.9s
[22:26:29] [train] epoch 74/100 steps=40 use_dann=0 das=stage3 f=[12.0,95.0] p=1.00 gpu=3.0/11.8GB
[22:26:29] [train] ep=74 step=001/40 ce=0.2567 sc=0.4334 mi=0.0334 dn=0.0000 v13=0.0000 grl=0.0000 v15=0.0000 v15r=0.0000 v16=0.0000 v17=0.0000 v18=0.0000 acc=1.0000 lr=5.38e-05 lambda=0.000 grl_lambda=0.000 v18_lambda=0.000 gpu=3.0/11.8GB
[22:26:35] [train] ep=74 step=010/40 ce=0.2567 sc=0.7691 mi=0.0362 dn=0.0000 v13=0.0000 grl=0.0000 v15=0.0000 v15r=0.0000 v16=0.0000 v17=0.0000 v18=0.0000 acc=1.0000 lr=5.30e-05 lambda=0.000 grl_lambda=0.000 v18_lambda=0.000 gpu=3.0/11.8GB
[22:26:40] [train] ep=74 step=020/40 ce=0.2566 sc=0.7275 mi=0.0361 dn=0.0000 v13=0.0000 grl=0.0000 v15=0.0000 v15r=0.0000 v16=0.0000 v17=0.0000 v18=0.0000 acc=1.0000 lr=5.20e-05 lambda=0.000 grl_lambda=0.000 v18_lambda=0.000 gpu=3.0/11.8GB
[22:26:46] [train] ep=74 step=030/40 ce=0.2565 sc=0.7615 mi=0.0359 dn=0.0000 v13=0.0000 grl=0.0000 v15=0.0000 v15r=0.0000 v16=0.0000 v17=0.0000 v18=0.0000 acc=1.0000 lr=5.11e-05 lambda=0.000 grl_lambda=0.000 v18_lambda=0.000 gpu=3.0/11.8GB
[22:26:52] [train] ep=74 step=040/40 ce=0.2565 sc=0.7593 mi=0.0357 dn=0.0000 v13=0.0000 grl=0.0000 v15=0.0000 v15r=0.0000 v16=0.0000 v17=0.0000 v18=0.0000 acc=1.0000 lr=5.02e-05 lambda=0.000 grl_lambda=0.000 v18_lambda=0.000 gpu=3.0/11.8GB
[22:27:02] [ep_summary] ep=74/100 val_live=0.9568/0.9579 val_ema=0.9630/0.9640 test77_live=0.6871/0.6662 test77_diag_ema=0.6583/0.6331 v13=0.0000 grl=0.0000 v15=0.0000 v15r=0.0000 v16=0.0000 v17=0.0000 v18=0.0000 das=stage3[12,95] p=1.00 ep_time=32.9s
[22:27:02] [save] best_sourcequalified77_ema ep=74 source_val_live=0.9568/0.9579 source_val_ema=0.9630/0.9640 test77_ema=0.6583/0.6331
[22:27:02] [train] epoch 75/100 steps=40 use_dann=0 das=stage3 f=[12.0,95.0] p=1.00 gpu=3.0/11.8GB
[22:27:02] [train] ep=75 step=001/40 ce=0.2554 sc=0.7415 mi=0.0290 dn=0.0000 v13=0.0000 grl=0.0000 v15=0.0000 v15r=0.0000 v16=0.0000 v17=0.0000 v18=0.0000 acc=1.0000 lr=5.01e-05 lambda=0.000 grl_lambda=0.000 v18_lambda=0.000 gpu=3.0/11.8GB
[22:27:07] [train] ep=75 step=010/40 ce=0.2565 sc=0.7232 mi=0.0348 dn=0.0000 v13=0.0000 grl=0.0000 v15=0.0000 v15r=0.0000 v16=0.0000 v17=0.0000 v18=0.0000 acc=1.0000 lr=4.93e-05 lambda=0.000 grl_lambda=0.000 v18_lambda=0.000 gpu=3.0/11.8GB
[22:27:13] [train] ep=75 step=020/40 ce=0.2566 sc=0.7019 mi=0.0349 dn=0.0000 v13=0.0000 grl=0.0000 v15=0.0000 v15r=0.0000 v16=0.0000 v17=0.0000 v18=0.0000 acc=1.0000 lr=4.84e-05 lambda=0.000 grl_lambda=0.000 v18_lambda=0.000 gpu=3.0/11.8GB
[22:27:19] [train] ep=75 step=030/40 ce=0.2565 sc=0.7311 mi=0.0344 dn=0.0000 v13=0.0000 grl=0.0000 v15=0.0000 v15r=0.0000 v16=0.0000 v17=0.0000 v18=0.0000 acc=1.0000 lr=4.75e-05 lambda=0.000 grl_lambda=0.000 v18_lambda=0.000 gpu=3.0/11.8GB
[22:27:25] [train] ep=75 step=040/40 ce=0.2565 sc=0.7546 mi=0.0350 dn=0.0000 v13=0.0000 grl=0.0000 v15=0.0000 v15r=0.0000 v16=0.0000 v17=0.0000 v18=0.0000 acc=1.0000 lr=4.66e-05 lambda=0.000 grl_lambda=0.000 v18_lambda=0.000 gpu=3.0/11.8GB
[22:27:35] [ep_summary] ep=75/100 val_live=0.9568/0.9579 val_ema=0.9630/0.9640 test77_live=0.6871/0.6662 test77_diag_ema=0.6547/0.6304 v13=0.0000 grl=0.0000 v15=0.0000 v15r=0.0000 v16=0.0000 v17=0.0000 v18=0.0000 das=stage3[12,95] p=1.00 ep_time=32.8s
[22:27:35] [train] epoch 76/100 steps=40 use_dann=0 das=stage3 f=[12.0,95.0] p=1.00 gpu=3.0/11.8GB
[22:27:35] [train] ep=76 step=001/40 ce=0.2558 sc=0.6470 mi=0.0271 dn=0.0000 v13=0.0000 grl=0.0000 v15=0.0000 v15r=0.0000 v16=0.0000 v17=0.0000 v18=0.0000 acc=1.0000 lr=4.65e-05 lambda=0.000 grl_lambda=0.000 v18_lambda=0.000 gpu=3.0/11.8GB
[22:27:40] [train] ep=76 step=010/40 ce=0.2560 sc=0.6179 mi=0.0353 dn=0.0000 v13=0.0000 grl=0.0000 v15=0.0000 v15r=0.0000 v16=0.0000 v17=0.0000 v18=0.0000 acc=1.0000 lr=4.58e-05 lambda=0.000 grl_lambda=0.000 v18_lambda=0.000 gpu=3.0/11.8GB
[22:27:46] [train] ep=76 step=020/40 ce=0.2563 sc=0.6435 mi=0.0361 dn=0.0000 v13=0.0000 grl=0.0000 v15=0.0000 v15r=0.0000 v16=0.0000 v17=0.0000 v18=0.0000 acc=1.0000 lr=4.49e-05 lambda=0.000 grl_lambda=0.000 v18_lambda=0.000 gpu=3.0/11.8GB
[22:27:52] [train] ep=76 step=030/40 ce=0.2563 sc=0.6982 mi=0.0360 dn=0.0000 v13=0.0000 grl=0.0000 v15=0.0000 v15r=0.0000 v16=0.0000 v17=0.0000 v18=0.0000 acc=1.0000 lr=4.40e-05 lambda=0.000 grl_lambda=0.000 v18_lambda=0.000 gpu=3.0/11.8GB
[22:27:57] [train] ep=76 step=040/40 ce=0.2563 sc=0.6837 mi=0.0356 dn=0.0000 v13=0.0000 grl=0.0000 v15=0.0000 v15r=0.0000 v16=0.0000 v17=0.0000 v18=0.0000 acc=1.0000 lr=4.32e-05 lambda=0.000 grl_lambda=0.000 v18_lambda=0.000 gpu=3.0/11.8GB
[22:28:07] [ep_summary] ep=76/100 val_live=0.9568/0.9579 val_ema=0.9630/0.9640 test77_live=0.6871/0.6662 test77_diag_ema=0.6511/0.6276 v13=0.0000 grl=0.0000 v15=0.0000 v15r=0.0000 v16=0.0000 v17=0.0000 v18=0.0000 das=stage3[12,95] p=1.00 ep_time=32.8s
[22:28:07] [train] epoch 77/100 steps=40 use_dann=0 das=stage3 f=[12.0,95.0] p=1.00 gpu=3.0/11.8GB
[22:28:08] [train] ep=77 step=001/40 ce=0.2563 sc=0.5370 mi=0.0391 dn=0.0000 v13=0.0000 grl=0.0000 v15=0.0000 v15r=0.0000 v16=0.0000 v17=0.0000 v18=0.0000 acc=1.0000 lr=4.31e-05 lambda=0.000 grl_lambda=0.000 v18_lambda=0.000 gpu=3.0/11.8GB
[22:28:13] [train] ep=77 step=010/40 ce=0.2562 sc=0.6708 mi=0.0367 dn=0.0000 v13=0.0000 grl=0.0000 v15=0.0000 v15r=0.0000 v16=0.0000 v17=0.0000 v18=0.0000 acc=1.0000 lr=4.23e-05 lambda=0.000 grl_lambda=0.000 v18_lambda=0.000 gpu=3.0/11.8GB
[22:28:19] [train] ep=77 step=020/40 ce=0.2567 sc=0.7007 mi=0.0358 dn=0.0000 v13=0.0000 grl=0.0000 v15=0.0000 v15r=0.0000 v16=0.0000 v17=0.0000 v18=0.0000 acc=1.0000 lr=4.15e-05 lambda=0.000 grl_lambda=0.000 v18_lambda=0.000 gpu=3.0/11.8GB
[22:28:24] [train] ep=77 step=030/40 ce=0.2566 sc=0.7106 mi=0.0357 dn=0.0000 v13=0.0000 grl=0.0000 v15=0.0000 v15r=0.0000 v16=0.0000 v17=0.0000 v18=0.0000 acc=1.0000 lr=4.06e-05 lambda=0.000 grl_lambda=0.000 v18_lambda=0.000 gpu=3.0/11.8GB
[22:28:30] [train] ep=77 step=040/40 ce=0.2566 sc=0.7355 mi=0.0352 dn=0.0000 v13=0.0000 grl=0.0000 v15=0.0000 v15r=0.0000 v16=0.0000 v17=0.0000 v18=0.0000 acc=1.0000 lr=3.98e-05 lambda=0.000 grl_lambda=0.000 v18_lambda=0.000 gpu=3.0/11.8GB
[22:28:40] [ep_summary] ep=77/100 val_live=0.9568/0.9579 val_ema=0.9630/0.9640 test77_live=0.6871/0.6662 test77_diag_ema=0.6547/0.6309 v13=0.0000 grl=0.0000 v15=0.0000 v15r=0.0000 v16=0.0000 v17=0.0000 v18=0.0000 das=stage3[12,95] p=1.00 ep_time=32.8s
[22:28:40] [train] epoch 78/100 steps=40 use_dann=0 das=stage3 f=[12.0,95.0] p=1.00 gpu=3.0/11.8GB
[22:28:41] [train] ep=78 step=001/40 ce=0.2574 sc=0.5970 mi=0.0312 dn=0.0000 v13=0.0000 grl=0.0000 v15=0.0000 v15r=0.0000 v16=0.0000 v17=0.0000 v18=0.0000 acc=1.0000 lr=3.97e-05 lambda=0.000 grl_lambda=0.000 v18_lambda=0.000 gpu=3.0/11.8GB
[22:28:46] [train] ep=78 step=010/40 ce=0.2564 sc=0.7165 mi=0.0347 dn=0.0000 v13=0.0000 grl=0.0000 v15=0.0000 v15r=0.0000 v16=0.0000 v17=0.0000 v18=0.0000 acc=1.0000 lr=3.90e-05 lambda=0.000 grl_lambda=0.000 v18_lambda=0.000 gpu=3.0/11.8GB
[22:28:52] [train] ep=78 step=020/40 ce=0.2565 sc=0.6848 mi=0.0340 dn=0.0000 v13=0.0000 grl=0.0000 v15=0.0000 v15r=0.0000 v16=0.0000 v17=0.0000 v18=0.0000 acc=1.0000 lr=3.82e-05 lambda=0.000 grl_lambda=0.000 v18_lambda=0.000 gpu=3.0/11.8GB
[22:28:57] [train] ep=78 step=030/40 ce=0.2564 sc=0.7264 mi=0.0340 dn=0.0000 v13=0.0000 grl=0.0000 v15=0.0000 v15r=0.0000 v16=0.0000 v17=0.0000 v18=0.0000 acc=1.0000 lr=3.74e-05 lambda=0.000 grl_lambda=0.000 v18_lambda=0.000 gpu=3.0/11.8GB
[22:29:03] [train] ep=78 step=040/40 ce=0.2564 sc=0.7324 mi=0.0341 dn=0.0000 v13=0.0000 grl=0.0000 v15=0.0000 v15r=0.0000 v16=0.0000 v17=0.0000 v18=0.0000 acc=1.0000 lr=3.66e-05 lambda=0.000 grl_lambda=0.000 v18_lambda=0.000 gpu=3.0/11.8GB
[22:29:13] [ep_summary] ep=78/100 val_live=0.9568/0.9579 val_ema=0.9630/0.9640 test77_live=0.6871/0.6662 test77_diag_ema=0.6547/0.6309 v13=0.0000 grl=0.0000 v15=0.0000 v15r=0.0000 v16=0.0000 v17=0.0000 v18=0.0000 das=stage3[12,95] p=1.00 ep_time=32.9s
[22:29:13] [train] epoch 79/100 steps=40 use_dann=0 das=stage3 f=[12.0,95.0] p=1.00 gpu=3.0/11.8GB
[22:29:14] [train] ep=79 step=001/40 ce=0.2557 sc=0.8384 mi=0.0320 dn=0.0000 v13=0.0000 grl=0.0000 v15=0.0000 v15r=0.0000 v16=0.0000 v17=0.0000 v18=0.0000 acc=1.0000 lr=3.65e-05 lambda=0.000 grl_lambda=0.000 v18_lambda=0.000 gpu=3.0/11.8GB
[22:29:19] [train] ep=79 step=010/40 ce=0.2559 sc=0.8453 mi=0.0341 dn=0.0000 v13=0.0000 grl=0.0000 v15=0.0000 v15r=0.0000 v16=0.0000 v17=0.0000 v18=0.0000 acc=1.0000 lr=3.58e-05 lambda=0.000 grl_lambda=0.000 v18_lambda=0.000 gpu=3.0/11.8GB
[22:29:25] [train] ep=79 step=020/40 ce=0.2560 sc=0.8277 mi=0.0338 dn=0.0000 v13=0.0000 grl=0.0000 v15=0.0000 v15r=0.0000 v16=0.0000 v17=0.0000 v18=0.0000 acc=1.0000 lr=3.50e-05 lambda=0.000 grl_lambda=0.000 v18_lambda=0.000 gpu=3.0/11.8GB
[22:29:30] [train] ep=79 step=030/40 ce=0.2561 sc=0.8089 mi=0.0344 dn=0.0000 v13=0.0000 grl=0.0000 v15=0.0000 v15r=0.0000 v16=0.0000 v17=0.0000 v18=0.0000 acc=1.0000 lr=3.42e-05 lambda=0.000 grl_lambda=0.000 v18_lambda=0.000 gpu=3.0/11.8GB
[22:29:36] [train] ep=79 step=040/40 ce=0.2562 sc=0.8055 mi=0.0344 dn=0.0000 v13=0.0000 grl=0.0000 v15=0.0000 v15r=0.0000 v16=0.0000 v17=0.0000 v18=0.0000 acc=1.0000 lr=3.35e-05 lambda=0.000 grl_lambda=0.000 v18_lambda=0.000 gpu=3.0/11.8GB
[22:29:46] [ep_summary] ep=79/100 val_live=0.9568/0.9579 val_ema=0.9630/0.9640 test77_live=0.6871/0.6662 test77_diag_ema=0.6547/0.6309 v13=0.0000 grl=0.0000 v15=0.0000 v15r=0.0000 v16=0.0000 v17=0.0000 v18=0.0000 das=stage3[12,95] p=1.00 ep_time=32.8s
[22:29:46] [train] epoch 80/100 steps=40 use_dann=0 das=stage3 f=[12.0,95.0] p=1.00 gpu=3.0/11.8GB
[22:29:46] [train] ep=80 step=001/40 ce=0.2561 sc=0.8376 mi=0.0373 dn=0.0000 v13=0.0000 grl=0.0000 v15=0.0000 v15r=0.0000 v16=0.0000 v17=0.0000 v18=0.0000 acc=1.0000 lr=3.34e-05 lambda=0.000 grl_lambda=0.000 v18_lambda=0.000 gpu=3.0/11.8GB
[22:29:52] [train] ep=80 step=010/40 ce=0.2566 sc=0.7237 mi=0.0344 dn=0.0000 v13=0.0000 grl=0.0000 v15=0.0000 v15r=0.0000 v16=0.0000 v17=0.0000 v18=0.0000 acc=1.0000 lr=3.27e-05 lambda=0.000 grl_lambda=0.000 v18_lambda=0.000 gpu=3.0/11.8GB
[22:29:57] [train] ep=80 step=020/40 ce=0.2564 sc=0.7272 mi=0.0355 dn=0.0000 v13=0.0000 grl=0.0000 v15=0.0000 v15r=0.0000 v16=0.0000 v17=0.0000 v18=0.0000 acc=1.0000 lr=3.19e-05 lambda=0.000 grl_lambda=0.000 v18_lambda=0.000 gpu=3.0/11.8GB
[22:30:03] [train] ep=80 step=030/40 ce=0.2564 sc=0.7179 mi=0.0358 dn=0.0000 v13=0.0000 grl=0.0000 v15=0.0000 v15r=0.0000 v16=0.0000 v17=0.0000 v18=0.0000 acc=1.0000 lr=3.12e-05 lambda=0.000 grl_lambda=0.000 v18_lambda=0.000 gpu=3.0/11.8GB
[22:30:09] [train] ep=80 step=040/40 ce=0.2563 sc=0.7348 mi=0.0356 dn=0.0000 v13=0.0000 grl=0.0000 v15=0.0000 v15r=0.0000 v16=0.0000 v17=0.0000 v18=0.0000 acc=1.0000 lr=3.05e-05 lambda=0.000 grl_lambda=0.000 v18_lambda=0.000 gpu=3.0/11.8GB
[22:30:19] [pool] check ep=080/100 source_val_acc_ema=0.9630 threshold=0.90
[22:30:23] [pool] ep=080 ADDED src_val=0.9630/0.9640 dev77=0.6286/0.6100 final77=0.6583/0.6345
[22:30:23] [pool] running best ep=070 dev77_f1=0.6127 final77_f1=0.6115 (pool_size=5)
[22:30:23] [ep_summary] ep=80/100 val_live=0.9568/0.9579 val_ema=0.9630/0.9640 test77_live=0.6871/0.6662 test77_diag_ema=0.6583/0.6345 v13=0.0000 grl=0.0000 v15=0.0000 v15r=0.0000 v16=0.0000 v17=0.0000 v18=0.0000 das=stage3[12,95] p=1.00 ep_time=37.6s
[22:30:23] [save] best_sourcequalified77_ema ep=80 source_val_live=0.9568/0.9579 source_val_ema=0.9630/0.9640 test77_ema=0.6583/0.6345
[22:30:23] [strict77_monitor] ep=80 best_source_epoch=64 source_val_ema=0.9630/0.9639 test77_ema_diag=0.6259/0.5919 sourcequalified_count=42 best_sourcequalified77_epoch=80 source_val_ema=0.9630/0.9640 test77_ema=0.6583/0.6345
[22:30:24] [train] epoch 81/100 steps=40 use_dann=0 das=stage3 f=[12.0,95.0] p=1.00 gpu=3.0/11.8GB
[22:30:24] [train] ep=81 step=001/40 ce=0.2569 sc=0.7283 mi=0.0329 dn=0.0000 v13=0.0000 grl=0.0000 v15=0.0000 v15r=0.0000 v16=0.0000 v17=0.0000 v18=0.0000 acc=1.0000 lr=3.04e-05 lambda=0.000 grl_lambda=0.000 v18_lambda=0.000 gpu=3.0/11.8GB
[22:30:29] [train] ep=81 step=010/40 ce=0.2562 sc=0.8715 mi=0.0328 dn=0.0000 v13=0.0000 grl=0.0000 v15=0.0000 v15r=0.0000 v16=0.0000 v17=0.0000 v18=0.0000 acc=1.0000 lr=2.97e-05 lambda=0.000 grl_lambda=0.000 v18_lambda=0.000 gpu=3.0/11.8GB
[22:30:35] [train] ep=81 step=020/40 ce=0.2563 sc=0.7868 mi=0.0341 dn=0.0000 v13=0.0000 grl=0.0000 v15=0.0000 v15r=0.0000 v16=0.0000 v17=0.0000 v18=0.0000 acc=1.0000 lr=2.90e-05 lambda=0.000 grl_lambda=0.000 v18_lambda=0.000 gpu=3.0/11.8GB
[22:30:41] [train] ep=81 step=030/40 ce=0.2564 sc=0.8330 mi=0.0345 dn=0.0000 v13=0.0000 grl=0.0000 v15=0.0000 v15r=0.0000 v16=0.0000 v17=0.0000 v18=0.0000 acc=1.0000 lr=2.83e-05 lambda=0.000 grl_lambda=0.000 v18_lambda=0.000 gpu=3.0/11.8GB
[22:30:46] [train] ep=81 step=040/40 ce=0.2564 sc=0.8406 mi=0.0343 dn=0.0000 v13=0.0000 grl=0.0000 v15=0.0000 v15r=0.0000 v16=0.0000 v17=0.0000 v18=0.0000 acc=1.0000 lr=2.76e-05 lambda=0.000 grl_lambda=0.000 v18_lambda=0.000 gpu=3.0/11.8GB
[22:30:56] [ep_summary] ep=81/100 val_live=0.9568/0.9579 val_ema=0.9630/0.9640 test77_live=0.6871/0.6662 test77_diag_ema=0.6583/0.6345 v13=0.0000 grl=0.0000 v15=0.0000 v15r=0.0000 v16=0.0000 v17=0.0000 v18=0.0000 das=stage3[12,95] p=1.00 ep_time=32.8s
[22:30:56] [train] epoch 82/100 steps=40 use_dann=0 das=stage3 f=[12.0,95.0] p=1.00 gpu=3.0/11.8GB
[22:30:57] [train] ep=82 step=001/40 ce=0.2565 sc=0.6293 mi=0.0365 dn=0.0000 v13=0.0000 grl=0.0000 v15=0.0000 v15r=0.0000 v16=0.0000 v17=0.0000 v18=0.0000 acc=1.0000 lr=2.75e-05 lambda=0.000 grl_lambda=0.000 v18_lambda=0.000 gpu=3.0/11.8GB
[22:31:02] [train] ep=82 step=010/40 ce=0.2563 sc=0.7345 mi=0.0339 dn=0.0000 v13=0.0000 grl=0.0000 v15=0.0000 v15r=0.0000 v16=0.0000 v17=0.0000 v18=0.0000 acc=1.0000 lr=2.69e-05 lambda=0.000 grl_lambda=0.000 v18_lambda=0.000 gpu=3.0/11.8GB
[22:31:08] [train] ep=82 step=020/40 ce=0.2566 sc=0.6939 mi=0.0342 dn=0.0000 v13=0.0000 grl=0.0000 v15=0.0000 v15r=0.0000 v16=0.0000 v17=0.0000 v18=0.0000 acc=1.0000 lr=2.62e-05 lambda=0.000 grl_lambda=0.000 v18_lambda=0.000 gpu=3.0/11.8GB
[22:31:14] [train] ep=82 step=030/40 ce=0.2565 sc=0.7423 mi=0.0337 dn=0.0000 v13=0.0000 grl=0.0000 v15=0.0000 v15r=0.0000 v16=0.0000 v17=0.0000 v18=0.0000 acc=1.0000 lr=2.55e-05 lambda=0.000 grl_lambda=0.000 v18_lambda=0.000 gpu=3.0/11.8GB
[22:31:19] [train] ep=82 step=040/40 ce=0.2564 sc=0.7510 mi=0.0340 dn=0.0000 v13=0.0000 grl=0.0000 v15=0.0000 v15r=0.0000 v16=0.0000 v17=0.0000 v18=0.0000 acc=1.0000 lr=2.48e-05 lambda=0.000 grl_lambda=0.000 v18_lambda=0.000 gpu=3.0/11.8GB
[22:31:29] [ep_summary] ep=82/100 val_live=0.9568/0.9579 val_ema=0.9630/0.9640 test77_live=0.6871/0.6662 test77_diag_ema=0.6619/0.6379 v13=0.0000 grl=0.0000 v15=0.0000 v15r=0.0000 v16=0.0000 v17=0.0000 v18=0.0000 das=stage3[12,95] p=1.00 ep_time=32.9s
[22:31:29] [save] best_sourcequalified77_ema ep=82 source_val_live=0.9568/0.9579 source_val_ema=0.9630/0.9640 test77_ema=0.6619/0.6379
[22:31:29] [train] epoch 83/100 steps=40 use_dann=0 das=stage3 f=[12.0,95.0] p=1.00 gpu=3.0/11.8GB
[22:31:30] [train] ep=83 step=001/40 ce=0.2578 sc=0.7609 mi=0.0308 dn=0.0000 v13=0.0000 grl=0.0000 v15=0.0000 v15r=0.0000 v16=0.0000 v17=0.0000 v18=0.0000 acc=1.0000 lr=2.48e-05 lambda=0.000 grl_lambda=0.000 v18_lambda=0.000 gpu=3.0/11.8GB
[22:31:35] [train] ep=83 step=010/40 ce=0.2560 sc=0.6658 mi=0.0344 dn=0.0000 v13=0.0000 grl=0.0000 v15=0.0000 v15r=0.0000 v16=0.0000 v17=0.0000 v18=0.0000 acc=1.0000 lr=2.42e-05 lambda=0.000 grl_lambda=0.000 v18_lambda=0.000 gpu=3.0/11.8GB
[22:31:41] [train] ep=83 step=020/40 ce=0.2561 sc=0.7362 mi=0.0354 dn=0.0000 v13=0.0000 grl=0.0000 v15=0.0000 v15r=0.0000 v16=0.0000 v17=0.0000 v18=0.0000 acc=1.0000 lr=2.35e-05 lambda=0.000 grl_lambda=0.000 v18_lambda=0.000 gpu=3.0/11.8GB
[22:31:46] [train] ep=83 step=030/40 ce=0.2562 sc=0.7242 mi=0.0349 dn=0.0000 v13=0.0000 grl=0.0000 v15=0.0000 v15r=0.0000 v16=0.0000 v17=0.0000 v18=0.0000 acc=1.0000 lr=2.29e-05 lambda=0.000 grl_lambda=0.000 v18_lambda=0.000 gpu=3.0/11.8GB
[22:31:52] [train] ep=83 step=040/40 ce=0.2562 sc=0.7425 mi=0.0345 dn=0.0000 v13=0.0000 grl=0.0000 v15=0.0000 v15r=0.0000 v16=0.0000 v17=0.0000 v18=0.0000 acc=1.0000 lr=2.22e-05 lambda=0.000 grl_lambda=0.000 v18_lambda=0.000 gpu=3.0/11.8GB
[22:32:02] [ep_summary] ep=83/100 val_live=0.9568/0.9579 val_ema=0.9630/0.9640 test77_live=0.6871/0.6662 test77_diag_ema=0.6619/0.6379 v13=0.0000 grl=0.0000 v15=0.0000 v15r=0.0000 v16=0.0000 v17=0.0000 v18=0.0000 das=stage3[12,95] p=1.00 ep_time=32.8s
[22:32:02] [train] epoch 84/100 steps=40 use_dann=0 das=stage3 f=[12.0,95.0] p=1.00 gpu=3.0/11.8GB
[22:32:03] [train] ep=84 step=001/40 ce=0.2565 sc=0.5643 mi=0.0330 dn=0.0000 v13=0.0000 grl=0.0000 v15=0.0000 v15r=0.0000 v16=0.0000 v17=0.0000 v18=0.0000 acc=1.0000 lr=2.22e-05 lambda=0.000 grl_lambda=0.000 v18_lambda=0.000 gpu=3.0/11.8GB
[22:32:08] [train] ep=84 step=010/40 ce=0.2565 sc=0.7543 mi=0.0350 dn=0.0000 v13=0.0000 grl=0.0000 v15=0.0000 v15r=0.0000 v16=0.0000 v17=0.0000 v18=0.0000 acc=1.0000 lr=2.16e-05 lambda=0.000 grl_lambda=0.000 v18_lambda=0.000 gpu=3.0/11.8GB
[22:32:14] [train] ep=84 step=020/40 ce=0.2563 sc=0.7808 mi=0.0348 dn=0.0000 v13=0.0000 grl=0.0000 v15=0.0000 v15r=0.0000 v16=0.0000 v17=0.0000 v18=0.0000 acc=1.0000 lr=2.10e-05 lambda=0.000 grl_lambda=0.000 v18_lambda=0.000 gpu=3.0/11.8GB
[22:32:19] [train] ep=84 step=030/40 ce=0.2563 sc=0.7919 mi=0.0346 dn=0.0000 v13=0.0000 grl=0.0000 v15=0.0000 v15r=0.0000 v16=0.0000 v17=0.0000 v18=0.0000 acc=1.0000 lr=2.04e-05 lambda=0.000 grl_lambda=0.000 v18_lambda=0.000 gpu=3.0/11.8GB
[22:32:25] [train] ep=84 step=040/40 ce=0.2562 sc=0.7687 mi=0.0343 dn=0.0000 v13=0.0000 grl=0.0000 v15=0.0000 v15r=0.0000 v16=0.0000 v17=0.0000 v18=0.0000 acc=1.0000 lr=1.98e-05 lambda=0.000 grl_lambda=0.000 v18_lambda=0.000 gpu=3.0/11.8GB
[22:32:35] [ep_summary] ep=84/100 val_live=0.9568/0.9579 val_ema=0.9630/0.9640 test77_live=0.6871/0.6662 test77_diag_ema=0.6619/0.6379 v13=0.0000 grl=0.0000 v15=0.0000 v15r=0.0000 v16=0.0000 v17=0.0000 v18=0.0000 das=stage3[12,95] p=1.00 ep_time=32.8s
[22:32:35] [train] epoch 85/100 steps=40 use_dann=0 das=stage3 f=[12.0,95.0] p=1.00 gpu=3.0/11.8GB
[22:32:36] [train] ep=85 step=001/40 ce=0.2564 sc=0.7142 mi=0.0377 dn=0.0000 v13=0.0000 grl=0.0000 v15=0.0000 v15r=0.0000 v16=0.0000 v17=0.0000 v18=0.0000 acc=1.0000 lr=1.97e-05 lambda=0.000 grl_lambda=0.000 v18_lambda=0.000 gpu=3.0/11.8GB
[22:32:41] [train] ep=85 step=010/40 ce=0.2561 sc=0.6767 mi=0.0351 dn=0.0000 v13=0.0000 grl=0.0000 v15=0.0000 v15r=0.0000 v16=0.0000 v17=0.0000 v18=0.0000 acc=1.0000 lr=1.92e-05 lambda=0.000 grl_lambda=0.000 v18_lambda=0.000 gpu=3.0/11.8GB
[22:32:46] [train] ep=85 step=020/40 ce=0.2560 sc=0.7319 mi=0.0341 dn=0.0000 v13=0.0000 grl=0.0000 v15=0.0000 v15r=0.0000 v16=0.0000 v17=0.0000 v18=0.0000 acc=1.0000 lr=1.86e-05 lambda=0.000 grl_lambda=0.000 v18_lambda=0.000 gpu=3.0/11.8GB
[22:32:52] [train] ep=85 step=030/40 ce=0.2561 sc=0.7822 mi=0.0348 dn=0.0000 v13=0.0000 grl=0.0000 v15=0.0000 v15r=0.0000 v16=0.0000 v17=0.0000 v18=0.0000 acc=1.0000 lr=1.80e-05 lambda=0.000 grl_lambda=0.000 v18_lambda=0.000 gpu=3.0/11.8GB
[22:32:58] [train] ep=85 step=040/40 ce=0.2562 sc=0.7615 mi=0.0343 dn=0.0000 v13=0.0000 grl=0.0000 v15=0.0000 v15r=0.0000 v16=0.0000 v17=0.0000 v18=0.0000 acc=1.0000 lr=1.74e-05 lambda=0.000 grl_lambda=0.000 v18_lambda=0.000 gpu=3.0/11.8GB
[22:33:08] [ep_summary] ep=85/100 val_live=0.9568/0.9579 val_ema=0.9630/0.9640 test77_live=0.6871/0.6662 test77_diag_ema=0.6727/0.6503 v13=0.0000 grl=0.0000 v15=0.0000 v15r=0.0000 v16=0.0000 v17=0.0000 v18=0.0000 das=stage3[12,95] p=1.00 ep_time=32.9s
[22:33:08] [save] best_sourcequalified77_ema ep=85 source_val_live=0.9568/0.9579 source_val_ema=0.9630/0.9640 test77_ema=0.6727/0.6503
[22:33:08] [train] epoch 86/100 steps=40 use_dann=0 das=stage3 f=[12.0,95.0] p=1.00 gpu=3.0/11.8GB
[22:33:08] [train] ep=86 step=001/40 ce=0.2577 sc=0.8405 mi=0.0367 dn=0.0000 v13=0.0000 grl=0.0000 v15=0.0000 v15r=0.0000 v16=0.0000 v17=0.0000 v18=0.0000 acc=1.0000 lr=1.74e-05 lambda=0.000 grl_lambda=0.000 v18_lambda=0.000 gpu=3.0/11.8GB
[22:33:14] [train] ep=86 step=010/40 ce=0.2565 sc=0.6865 mi=0.0339 dn=0.0000 v13=0.0000 grl=0.0000 v15=0.0000 v15r=0.0000 v16=0.0000 v17=0.0000 v18=0.0000 acc=1.0000 lr=1.68e-05 lambda=0.000 grl_lambda=0.000 v18_lambda=0.000 gpu=3.0/11.8GB
[22:33:19] [train] ep=86 step=020/40 ce=0.2563 sc=0.6883 mi=0.0341 dn=0.0000 v13=0.0000 grl=0.0000 v15=0.0000 v15r=0.0000 v16=0.0000 v17=0.0000 v18=0.0000 acc=1.0000 lr=1.63e-05 lambda=0.000 grl_lambda=0.000 v18_lambda=0.000 gpu=3.0/11.8GB
[22:33:25] [train] ep=86 step=030/40 ce=0.2563 sc=0.7052 mi=0.0336 dn=0.0000 v13=0.0000 grl=0.0000 v15=0.0000 v15r=0.0000 v16=0.0000 v17=0.0000 v18=0.0000 acc=1.0000 lr=1.57e-05 lambda=0.000 grl_lambda=0.000 v18_lambda=0.000 gpu=3.0/11.8GB
[22:33:31] [train] ep=86 step=040/40 ce=0.2563 sc=0.7279 mi=0.0336 dn=0.0000 v13=0.0000 grl=0.0000 v15=0.0000 v15r=0.0000 v16=0.0000 v17=0.0000 v18=0.0000 acc=1.0000 lr=1.52e-05 lambda=0.000 grl_lambda=0.000 v18_lambda=0.000 gpu=3.0/11.8GB
[22:33:41] [ep_summary] ep=86/100 val_live=0.9568/0.9579 val_ema=0.9630/0.9640 test77_live=0.6871/0.6662 test77_diag_ema=0.6727/0.6503 v13=0.0000 grl=0.0000 v15=0.0000 v15r=0.0000 v16=0.0000 v17=0.0000 v18=0.0000 das=stage3[12,95] p=1.00 ep_time=32.8s
[22:33:41] [train] epoch 87/100 steps=40 use_dann=0 das=stage3 f=[12.0,95.0] p=1.00 gpu=3.0/11.8GB
[22:33:41] [train] ep=87 step=001/40 ce=0.2563 sc=0.7112 mi=0.0326 dn=0.0000 v13=0.0000 grl=0.0000 v15=0.0000 v15r=0.0000 v16=0.0000 v17=0.0000 v18=0.0000 acc=1.0000 lr=1.52e-05 lambda=0.000 grl_lambda=0.000 v18_lambda=0.000 gpu=3.0/11.8GB
[22:33:46] [train] ep=87 step=010/40 ce=0.2563 sc=0.6747 mi=0.0354 dn=0.0000 v13=0.0000 grl=0.0000 v15=0.0000 v15r=0.0000 v16=0.0000 v17=0.0000 v18=0.0000 acc=1.0000 lr=1.47e-05 lambda=0.000 grl_lambda=0.000 v18_lambda=0.000 gpu=3.0/11.8GB
[22:33:52] [train] ep=87 step=020/40 ce=0.2562 sc=0.7260 mi=0.0352 dn=0.0000 v13=0.0000 grl=0.0000 v15=0.0000 v15r=0.0000 v16=0.0000 v17=0.0000 v18=0.0000 acc=1.0000 lr=1.42e-05 lambda=0.000 grl_lambda=0.000 v18_lambda=0.000 gpu=3.0/11.8GB
[22:33:58] [train] ep=87 step=030/40 ce=0.2563 sc=0.7088 mi=0.0354 dn=0.0000 v13=0.0000 grl=0.0000 v15=0.0000 v15r=0.0000 v16=0.0000 v17=0.0000 v18=0.0000 acc=1.0000 lr=1.37e-05 lambda=0.000 grl_lambda=0.000 v18_lambda=0.000 gpu=3.0/11.8GB
[22:34:04] [train] ep=87 step=040/40 ce=0.2562 sc=0.7168 mi=0.0348 dn=0.0000 v13=0.0000 grl=0.0000 v15=0.0000 v15r=0.0000 v16=0.0000 v17=0.0000 v18=0.0000 acc=1.0000 lr=1.31e-05 lambda=0.000 grl_lambda=0.000 v18_lambda=0.000 gpu=3.0/11.8GB
[22:34:14] [ep_summary] ep=87/100 val_live=0.9568/0.9579 val_ema=0.9630/0.9640 test77_live=0.6871/0.6662 test77_diag_ema=0.6763/0.6562 v13=0.0000 grl=0.0000 v15=0.0000 v15r=0.0000 v16=0.0000 v17=0.0000 v18=0.0000 das=stage3[12,95] p=1.00 ep_time=32.9s
[22:34:14] [save] best_sourcequalified77_ema ep=87 source_val_live=0.9568/0.9579 source_val_ema=0.9630/0.9640 test77_ema=0.6763/0.6562
[22:34:14] [train] epoch 88/100 steps=40 use_dann=0 das=stage3 f=[12.0,95.0] p=1.00 gpu=3.0/11.8GB
[22:34:14] [train] ep=88 step=001/40 ce=0.2559 sc=0.4639 mi=0.0354 dn=0.0000 v13=0.0000 grl=0.0000 v15=0.0000 v15r=0.0000 v16=0.0000 v17=0.0000 v18=0.0000 acc=1.0000 lr=1.31e-05 lambda=0.000 grl_lambda=0.000 v18_lambda=0.000 gpu=3.0/11.8GB
[22:34:19] [train] ep=88 step=010/40 ce=0.2562 sc=0.7387 mi=0.0355 dn=0.0000 v13=0.0000 grl=0.0000 v15=0.0000 v15r=0.0000 v16=0.0000 v17=0.0000 v18=0.0000 acc=1.0000 lr=1.27e-05 lambda=0.000 grl_lambda=0.000 v18_lambda=0.000 gpu=3.0/11.8GB
[22:34:25] [train] ep=88 step=020/40 ce=0.2562 sc=0.8047 mi=0.0348 dn=0.0000 v13=0.0000 grl=0.0000 v15=0.0000 v15r=0.0000 v16=0.0000 v17=0.0000 v18=0.0000 acc=1.0000 lr=1.22e-05 lambda=0.000 grl_lambda=0.000 v18_lambda=0.000 gpu=3.0/11.8GB
[22:34:31] [train] ep=88 step=030/40 ce=0.2562 sc=0.7894 mi=0.0347 dn=0.0000 v13=0.0000 grl=0.0000 v15=0.0000 v15r=0.0000 v16=0.0000 v17=0.0000 v18=0.0000 acc=1.0000 lr=1.17e-05 lambda=0.000 grl_lambda=0.000 v18_lambda=0.000 gpu=3.0/11.8GB
[22:34:37] [train] ep=88 step=040/40 ce=0.2562 sc=0.7778 mi=0.0347 dn=0.0000 v13=0.0000 grl=0.0000 v15=0.0000 v15r=0.0000 v16=0.0000 v17=0.0000 v18=0.0000 acc=1.0000 lr=1.12e-05 lambda=0.000 grl_lambda=0.000 v18_lambda=0.000 gpu=3.0/11.8GB
[22:34:47] [ep_summary] ep=88/100 val_live=0.9568/0.9579 val_ema=0.9630/0.9640 test77_live=0.6871/0.6662 test77_diag_ema=0.6763/0.6562 v13=0.0000 grl=0.0000 v15=0.0000 v15r=0.0000 v16=0.0000 v17=0.0000 v18=0.0000 das=stage3[12,95] p=1.00 ep_time=33.1s
[22:34:47] [train] epoch 89/100 steps=40 use_dann=0 das=stage3 f=[12.0,95.0] p=1.00 gpu=3.0/11.8GB
[22:34:47] [train] ep=89 step=001/40 ce=0.2562 sc=0.5962 mi=0.0321 dn=0.0000 v13=0.0000 grl=0.0000 v15=0.0000 v15r=0.0000 v16=0.0000 v17=0.0000 v18=0.0000 acc=1.0000 lr=1.12e-05 lambda=0.000 grl_lambda=0.000 v18_lambda=0.000 gpu=3.0/11.8GB
[22:34:52] [train] ep=89 step=010/40 ce=0.2566 sc=0.7827 mi=0.0351 dn=0.0000 v13=0.0000 grl=0.0000 v15=0.0000 v15r=0.0000 v16=0.0000 v17=0.0000 v18=0.0000 acc=1.0000 lr=1.08e-05 lambda=0.000 grl_lambda=0.000 v18_lambda=0.000 gpu=3.0/11.8GB
[22:34:58] [train] ep=89 step=020/40 ce=0.2565 sc=0.7006 mi=0.0344 dn=0.0000 v13=0.0000 grl=0.0000 v15=0.0000 v15r=0.0000 v16=0.0000 v17=0.0000 v18=0.0000 acc=1.0000 lr=1.03e-05 lambda=0.000 grl_lambda=0.000 v18_lambda=0.000 gpu=3.0/11.8GB
[22:35:04] [train] ep=89 step=030/40 ce=0.2566 sc=0.7292 mi=0.0341 dn=0.0000 v13=0.0000 grl=0.0000 v15=0.0000 v15r=0.0000 v16=0.0000 v17=0.0000 v18=0.0000 acc=1.0000 lr=9.89e-06 lambda=0.000 grl_lambda=0.000 v18_lambda=0.000 gpu=3.0/11.8GB
[22:35:10] [train] ep=89 step=040/40 ce=0.2565 sc=0.7403 mi=0.0344 dn=0.0000 v13=0.0000 grl=0.0000 v15=0.0000 v15r=0.0000 v16=0.0000 v17=0.0000 v18=0.0000 acc=1.0000 lr=9.46e-06 lambda=0.000 grl_lambda=0.000 v18_lambda=0.000 gpu=3.0/11.8GB
[22:35:20] [ep_summary] ep=89/100 val_live=0.9568/0.9579 val_ema=0.9630/0.9640 test77_live=0.6871/0.6662 test77_diag_ema=0.6799/0.6599 v13=0.0000 grl=0.0000 v15=0.0000 v15r=0.0000 v16=0.0000 v17=0.0000 v18=0.0000 das=stage3[12,95] p=1.00 ep_time=32.8s
[22:35:20] [save] best_sourcequalified77_ema ep=89 source_val_live=0.9568/0.9579 source_val_ema=0.9630/0.9640 test77_ema=0.6799/0.6599
[22:35:20] [train] epoch 90/100 steps=40 use_dann=0 das=stage3 f=[12.0,95.0] p=1.00 gpu=3.0/11.8GB
[22:35:20] [train] ep=90 step=001/40 ce=0.2561 sc=0.5956 mi=0.0352 dn=0.0000 v13=0.0000 grl=0.0000 v15=0.0000 v15r=0.0000 v16=0.0000 v17=0.0000 v18=0.0000 acc=1.0000 lr=9.42e-06 lambda=0.000 grl_lambda=0.000 v18_lambda=0.000 gpu=3.0/11.8GB
[22:35:25] [train] ep=90 step=010/40 ce=0.2564 sc=0.5895 mi=0.0351 dn=0.0000 v13=0.0000 grl=0.0000 v15=0.0000 v15r=0.0000 v16=0.0000 v17=0.0000 v18=0.0000 acc=1.0000 lr=9.04e-06 lambda=0.000 grl_lambda=0.000 v18_lambda=0.000 gpu=3.0/11.8GB
[22:35:31] [train] ep=90 step=020/40 ce=0.2563 sc=0.6774 mi=0.0345 dn=0.0000 v13=0.0000 grl=0.0000 v15=0.0000 v15r=0.0000 v16=0.0000 v17=0.0000 v18=0.0000 acc=1.0000 lr=8.63e-06 lambda=0.000 grl_lambda=0.000 v18_lambda=0.000 gpu=3.0/11.8GB
[22:35:37] [train] ep=90 step=030/40 ce=0.2563 sc=0.6965 mi=0.0344 dn=0.0000 v13=0.0000 grl=0.0000 v15=0.0000 v15r=0.0000 v16=0.0000 v17=0.0000 v18=0.0000 acc=1.0000 lr=8.23e-06 lambda=0.000 grl_lambda=0.000 v18_lambda=0.000 gpu=3.0/11.8GB
[22:35:43] [train] ep=90 step=040/40 ce=0.2563 sc=0.7053 mi=0.0344 dn=0.0000 v13=0.0000 grl=0.0000 v15=0.0000 v15r=0.0000 v16=0.0000 v17=0.0000 v18=0.0000 acc=1.0000 lr=7.84e-06 lambda=0.000 grl_lambda=0.000 v18_lambda=0.000 gpu=3.0/11.8GB
[22:35:52] [pool] check ep=090/100 source_val_acc_ema=0.9630 threshold=0.90
[22:35:57] [pool] ep=090 ADDED src_val=0.9630/0.9640 dev77=0.6500/0.6319 final77=0.6763/0.6559
[22:35:57] [pool] running best ep=090 dev77_f1=0.6319 final77_f1=0.6559 (pool_size=6)
[22:35:57] [ep_summary] ep=90/100 val_live=0.9568/0.9579 val_ema=0.9630/0.9640 test77_live=0.6871/0.6662 test77_diag_ema=0.6763/0.6559 v13=0.0000 grl=0.0000 v15=0.0000 v15r=0.0000 v16=0.0000 v17=0.0000 v18=0.0000 das=stage3[12,95] p=1.00 ep_time=37.6s
[22:35:57] [strict77_monitor] ep=90 best_source_epoch=64 source_val_ema=0.9630/0.9639 test77_ema_diag=0.6259/0.5919 sourcequalified_count=52 best_sourcequalified77_epoch=89 source_val_ema=0.9630/0.9640 test77_ema=0.6799/0.6599
[22:35:57] [train] epoch 91/100 steps=40 use_dann=0 das=stage3 f=[12.0,95.0] p=1.00 gpu=3.0/11.8GB
[22:35:58] [train] ep=91 step=001/40 ce=0.2561 sc=0.8552 mi=0.0285 dn=0.0000 v13=0.0000 grl=0.0000 v15=0.0000 v15r=0.0000 v16=0.0000 v17=0.0000 v18=0.0000 acc=1.0000 lr=7.80e-06 lambda=0.000 grl_lambda=0.000 v18_lambda=0.000 gpu=3.0/11.8GB
[22:36:03] [train] ep=91 step=010/40 ce=0.2560 sc=0.8207 mi=0.0342 dn=0.0000 v13=0.0000 grl=0.0000 v15=0.0000 v15r=0.0000 v16=0.0000 v17=0.0000 v18=0.0000 acc=1.0000 lr=7.45e-06 lambda=0.000 grl_lambda=0.000 v18_lambda=0.000 gpu=3.0/11.8GB
[22:36:09] [train] ep=91 step=020/40 ce=0.2562 sc=0.8621 mi=0.0348 dn=0.0000 v13=0.0000 grl=0.0000 v15=0.0000 v15r=0.0000 v16=0.0000 v17=0.0000 v18=0.0000 acc=1.0000 lr=7.08e-06 lambda=0.000 grl_lambda=0.000 v18_lambda=0.000 gpu=3.0/11.8GB
[22:36:14] [train] ep=91 step=030/40 ce=0.2562 sc=0.8454 mi=0.0343 dn=0.0000 v13=0.0000 grl=0.0000 v15=0.0000 v15r=0.0000 v16=0.0000 v17=0.0000 v18=0.0000 acc=1.0000 lr=6.72e-06 lambda=0.000 grl_lambda=0.000 v18_lambda=0.000 gpu=3.0/11.8GB
[22:36:20] [train] ep=91 step=040/40 ce=0.2561 sc=0.8340 mi=0.0345 dn=0.0000 v13=0.0000 grl=0.0000 v15=0.0000 v15r=0.0000 v16=0.0000 v17=0.0000 v18=0.0000 acc=1.0000 lr=6.36e-06 lambda=0.000 grl_lambda=0.000 v18_lambda=0.000 gpu=3.0/11.8GB
[22:36:30] [ep_summary] ep=91/100 val_live=0.9568/0.9579 val_ema=0.9630/0.9640 test77_live=0.6871/0.6662 test77_diag_ema=0.6763/0.6559 v13=0.0000 grl=0.0000 v15=0.0000 v15r=0.0000 v16=0.0000 v17=0.0000 v18=0.0000 das=stage3[12,95] p=1.00 ep_time=33.0s
[22:36:30] [train] epoch 92/100 steps=40 use_dann=0 das=stage3 f=[12.0,95.0] p=1.00 gpu=3.0/11.8GB
[22:36:31] [train] ep=92 step=001/40 ce=0.2562 sc=1.1573 mi=0.0353 dn=0.0000 v13=0.0000 grl=0.0000 v15=0.0000 v15r=0.0000 v16=0.0000 v17=0.0000 v18=0.0000 acc=1.0000 lr=6.33e-06 lambda=0.000 grl_lambda=0.000 v18_lambda=0.000 gpu=3.0/11.8GB
[22:36:36] [train] ep=92 step=010/40 ce=0.2562 sc=0.8802 mi=0.0342 dn=0.0000 v13=0.0000 grl=0.0000 v15=0.0000 v15r=0.0000 v16=0.0000 v17=0.0000 v18=0.0000 acc=1.0000 lr=6.02e-06 lambda=0.000 grl_lambda=0.000 v18_lambda=0.000 gpu=3.0/11.8GB
[22:36:42] [train] ep=92 step=020/40 ce=0.2567 sc=0.7889 mi=0.0355 dn=0.0000 v13=0.0000 grl=0.0000 v15=0.0000 v15r=0.0000 v16=0.0000 v17=0.0000 v18=0.0000 acc=1.0000 lr=5.68e-06 lambda=0.000 grl_lambda=0.000 v18_lambda=0.000 gpu=3.0/11.8GB
[22:36:47] [train] ep=92 step=030/40 ce=0.2566 sc=0.8032 mi=0.0349 dn=0.0000 v13=0.0000 grl=0.0000 v15=0.0000 v15r=0.0000 v16=0.0000 v17=0.0000 v18=0.0000 acc=1.0000 lr=5.35e-06 lambda=0.000 grl_lambda=0.000 v18_lambda=0.000 gpu=3.0/11.8GB
[22:36:53] [train] ep=92 step=040/40 ce=0.2565 sc=0.8052 mi=0.0350 dn=0.0000 v13=0.0000 grl=0.0000 v15=0.0000 v15r=0.0000 v16=0.0000 v17=0.0000 v18=0.0000 acc=1.0000 lr=5.04e-06 lambda=0.000 grl_lambda=0.000 v18_lambda=0.000 gpu=3.0/11.8GB
[22:37:03] [ep_summary] ep=92/100 val_live=0.9568/0.9579 val_ema=0.9630/0.9640 test77_live=0.6871/0.6662 test77_diag_ema=0.6763/0.6559 v13=0.0000 grl=0.0000 v15=0.0000 v15r=0.0000 v16=0.0000 v17=0.0000 v18=0.0000 das=stage3[12,95] p=1.00 ep_time=32.9s
[22:37:03] [train] epoch 93/100 steps=40 use_dann=0 das=stage3 f=[12.0,95.0] p=1.00 gpu=3.0/11.8GB
[22:37:04] [train] ep=93 step=001/40 ce=0.2562 sc=0.7114 mi=0.0345 dn=0.0000 v13=0.0000 grl=0.0000 v15=0.0000 v15r=0.0000 v16=0.0000 v17=0.0000 v18=0.0000 acc=1.0000 lr=5.01e-06 lambda=0.000 grl_lambda=0.000 v18_lambda=0.000 gpu=3.0/11.8GB
[22:37:09] [train] ep=93 step=010/40 ce=0.2563 sc=0.7065 mi=0.0331 dn=0.0000 v13=0.0000 grl=0.0000 v15=0.0000 v15r=0.0000 v16=0.0000 v17=0.0000 v18=0.0000 acc=1.0000 lr=4.73e-06 lambda=0.000 grl_lambda=0.000 v18_lambda=0.000 gpu=3.0/11.8GB
[22:37:15] [train] ep=93 step=020/40 ce=0.2561 sc=0.7754 mi=0.0332 dn=0.0000 v13=0.0000 grl=0.0000 v15=0.0000 v15r=0.0000 v16=0.0000 v17=0.0000 v18=0.0000 acc=1.0000 lr=4.43e-06 lambda=0.000 grl_lambda=0.000 v18_lambda=0.000 gpu=3.0/11.8GB
[22:37:20] [train] ep=93 step=030/40 ce=0.2562 sc=0.7637 mi=0.0339 dn=0.0000 v13=0.0000 grl=0.0000 v15=0.0000 v15r=0.0000 v16=0.0000 v17=0.0000 v18=0.0000 acc=1.0000 lr=4.14e-06 lambda=0.000 grl_lambda=0.000 v18_lambda=0.000 gpu=3.0/11.8GB
[22:37:26] [train] ep=93 step=040/40 ce=0.2562 sc=0.7702 mi=0.0338 dn=0.0000 v13=0.0000 grl=0.0000 v15=0.0000 v15r=0.0000 v16=0.0000 v17=0.0000 v18=0.0000 acc=1.0000 lr=3.87e-06 lambda=0.000 grl_lambda=0.000 v18_lambda=0.000 gpu=3.0/11.8GB
[22:37:36] [ep_summary] ep=93/100 val_live=0.9568/0.9579 val_ema=0.9630/0.9640 test77_live=0.6871/0.6662 test77_diag_ema=0.6763/0.6559 v13=0.0000 grl=0.0000 v15=0.0000 v15r=0.0000 v16=0.0000 v17=0.0000 v18=0.0000 das=stage3[12,95] p=1.00 ep_time=32.8s
[22:37:36] [train] epoch 94/100 steps=40 use_dann=0 das=stage3 f=[12.0,95.0] p=1.00 gpu=3.0/11.8GB
[22:37:37] [train] ep=94 step=001/40 ce=0.2560 sc=0.8198 mi=0.0338 dn=0.0000 v13=0.0000 grl=0.0000 v15=0.0000 v15r=0.0000 v16=0.0000 v17=0.0000 v18=0.0000 acc=1.0000 lr=3.84e-06 lambda=0.000 grl_lambda=0.000 v18_lambda=0.000 gpu=3.0/11.8GB
[22:37:42] [train] ep=94 step=010/40 ce=0.2565 sc=0.7764 mi=0.0334 dn=0.0000 v13=0.0000 grl=0.0000 v15=0.0000 v15r=0.0000 v16=0.0000 v17=0.0000 v18=0.0000 acc=1.0000 lr=3.60e-06 lambda=0.000 grl_lambda=0.000 v18_lambda=0.000 gpu=3.0/11.8GB
[22:37:47] [train] ep=94 step=020/40 ce=0.2563 sc=0.7715 mi=0.0336 dn=0.0000 v13=0.0000 grl=0.0000 v15=0.0000 v15r=0.0000 v16=0.0000 v17=0.0000 v18=0.0000 acc=1.0000 lr=3.34e-06 lambda=0.000 grl_lambda=0.000 v18_lambda=0.000 gpu=3.0/11.8GB
[22:37:53] [train] ep=94 step=030/40 ce=0.2562 sc=0.7436 mi=0.0340 dn=0.0000 v13=0.0000 grl=0.0000 v15=0.0000 v15r=0.0000 v16=0.0000 v17=0.0000 v18=0.0000 acc=1.0000 lr=3.09e-06 lambda=0.000 grl_lambda=0.000 v18_lambda=0.000 gpu=3.0/11.8GB
[22:37:59] [train] ep=94 step=040/40 ce=0.2562 sc=0.7453 mi=0.0341 dn=0.0000 v13=0.0000 grl=0.0000 v15=0.0000 v15r=0.0000 v16=0.0000 v17=0.0000 v18=0.0000 acc=1.0000 lr=2.85e-06 lambda=0.000 grl_lambda=0.000 v18_lambda=0.000 gpu=3.0/11.8GB
[22:38:09] [ep_summary] ep=94/100 val_live=0.9568/0.9579 val_ema=0.9630/0.9640 test77_live=0.6871/0.6662 test77_diag_ema=0.6799/0.6595 v13=0.0000 grl=0.0000 v15=0.0000 v15r=0.0000 v16=0.0000 v17=0.0000 v18=0.0000 das=stage3[12,95] p=1.00 ep_time=32.8s
[22:38:09] [train] epoch 95/100 steps=40 use_dann=0 das=stage3 f=[12.0,95.0] p=1.00 gpu=3.0/11.8GB
[22:38:09] [train] ep=95 step=001/40 ce=0.2566 sc=0.9608 mi=0.0330 dn=0.0000 v13=0.0000 grl=0.0000 v15=0.0000 v15r=0.0000 v16=0.0000 v17=0.0000 v18=0.0000 acc=1.0000 lr=2.82e-06 lambda=0.000 grl_lambda=0.000 v18_lambda=0.000 gpu=3.0/11.8GB
[22:38:15] [train] ep=95 step=010/40 ce=0.2565 sc=0.7830 mi=0.0348 dn=0.0000 v13=0.0000 grl=0.0000 v15=0.0000 v15r=0.0000 v16=0.0000 v17=0.0000 v18=0.0000 acc=1.0000 lr=2.62e-06 lambda=0.000 grl_lambda=0.000 v18_lambda=0.000 gpu=3.0/11.8GB
[22:38:20] [train] ep=95 step=020/40 ce=0.2561 sc=0.7650 mi=0.0347 dn=0.0000 v13=0.0000 grl=0.0000 v15=0.0000 v15r=0.0000 v16=0.0000 v17=0.0000 v18=0.0000 acc=1.0000 lr=2.40e-06 lambda=0.000 grl_lambda=0.000 v18_lambda=0.000 gpu=3.0/11.8GB
[22:38:26] [train] ep=95 step=030/40 ce=0.2561 sc=0.7579 mi=0.0349 dn=0.0000 v13=0.0000 grl=0.0000 v15=0.0000 v15r=0.0000 v16=0.0000 v17=0.0000 v18=0.0000 acc=1.0000 lr=2.18e-06 lambda=0.000 grl_lambda=0.000 v18_lambda=0.000 gpu=3.0/11.8GB
[22:38:32] [train] ep=95 step=040/40 ce=0.2562 sc=0.7564 mi=0.0341 dn=0.0000 v13=0.0000 grl=0.0000 v15=0.0000 v15r=0.0000 v16=0.0000 v17=0.0000 v18=0.0000 acc=1.0000 lr=1.98e-06 lambda=0.000 grl_lambda=0.000 v18_lambda=0.000 gpu=3.0/11.8GB
[22:38:42] [ep_summary] ep=95/100 val_live=0.9568/0.9579 val_ema=0.9630/0.9640 test77_live=0.6871/0.6662 test77_diag_ema=0.6799/0.6595 v13=0.0000 grl=0.0000 v15=0.0000 v15r=0.0000 v16=0.0000 v17=0.0000 v18=0.0000 das=stage3[12,95] p=1.00 ep_time=32.9s
[22:38:42] [train] epoch 96/100 steps=40 use_dann=0 das=stage3 f=[12.0,95.0] p=1.00 gpu=3.0/11.8GB
[22:38:42] [train] ep=96 step=001/40 ce=0.2564 sc=0.8677 mi=0.0331 dn=0.0000 v13=0.0000 grl=0.0000 v15=0.0000 v15r=0.0000 v16=0.0000 v17=0.0000 v18=0.0000 acc=1.0000 lr=1.96e-06 lambda=0.000 grl_lambda=0.000 v18_lambda=0.000 gpu=3.0/11.8GB
[22:38:47] [train] ep=96 step=010/40 ce=0.2561 sc=0.8054 mi=0.0335 dn=0.0000 v13=0.0000 grl=0.0000 v15=0.0000 v15r=0.0000 v16=0.0000 v17=0.0000 v18=0.0000 acc=1.0000 lr=1.79e-06 lambda=0.000 grl_lambda=0.000 v18_lambda=0.000 gpu=3.0/11.8GB
[22:38:53] [train] ep=96 step=020/40 ce=0.2562 sc=0.7995 mi=0.0332 dn=0.0000 v13=0.0000 grl=0.0000 v15=0.0000 v15r=0.0000 v16=0.0000 v17=0.0000 v18=0.0000 acc=1.0000 lr=1.61e-06 lambda=0.000 grl_lambda=0.000 v18_lambda=0.000 gpu=3.0/11.8GB
[22:38:59] [train] ep=96 step=030/40 ce=0.2562 sc=0.7830 mi=0.0336 dn=0.0000 v13=0.0000 grl=0.0000 v15=0.0000 v15r=0.0000 v16=0.0000 v17=0.0000 v18=0.0000 acc=1.0000 lr=1.44e-06 lambda=0.000 grl_lambda=0.000 v18_lambda=0.000 gpu=3.0/11.8GB
[22:39:05] [train] ep=96 step=040/40 ce=0.2562 sc=0.7735 mi=0.0340 dn=0.0000 v13=0.0000 grl=0.0000 v15=0.0000 v15r=0.0000 v16=0.0000 v17=0.0000 v18=0.0000 acc=1.0000 lr=1.27e-06 lambda=0.000 grl_lambda=0.000 v18_lambda=0.000 gpu=3.0/11.8GB
[22:39:15] [ep_summary] ep=96/100 val_live=0.9568/0.9579 val_ema=0.9630/0.9640 test77_live=0.6871/0.6662 test77_diag_ema=0.6835/0.6626 v13=0.0000 grl=0.0000 v15=0.0000 v15r=0.0000 v16=0.0000 v17=0.0000 v18=0.0000 das=stage3[12,95] p=1.00 ep_time=32.9s
[22:39:15] [save] best_sourcequalified77_ema ep=96 source_val_live=0.9568/0.9579 source_val_ema=0.9630/0.9640 test77_ema=0.6835/0.6626
[22:39:15] [train] epoch 97/100 steps=40 use_dann=0 das=stage3 f=[12.0,95.0] p=1.00 gpu=3.0/11.8GB
[22:39:15] [train] ep=97 step=001/40 ce=0.2560 sc=0.9904 mi=0.0349 dn=0.0000 v13=0.0000 grl=0.0000 v15=0.0000 v15r=0.0000 v16=0.0000 v17=0.0000 v18=0.0000 acc=1.0000 lr=1.26e-06 lambda=0.000 grl_lambda=0.000 v18_lambda=0.000 gpu=3.0/11.8GB
[22:39:20] [train] ep=97 step=010/40 ce=0.2559 sc=0.7893 mi=0.0350 dn=0.0000 v13=0.0000 grl=0.0000 v15=0.0000 v15r=0.0000 v16=0.0000 v17=0.0000 v18=0.0000 acc=1.0000 lr=1.12e-06 lambda=0.000 grl_lambda=0.000 v18_lambda=0.000 gpu=3.0/11.8GB
[22:39:26] [train] ep=97 step=020/40 ce=0.2561 sc=0.8013 mi=0.0346 dn=0.0000 v13=0.0000 grl=0.0000 v15=0.0000 v15r=0.0000 v16=0.0000 v17=0.0000 v18=0.0000 acc=1.0000 lr=9.76e-07 lambda=0.000 grl_lambda=0.000 v18_lambda=0.000 gpu=3.0/11.8GB
[22:39:32] [train] ep=97 step=030/40 ce=0.2562 sc=0.7518 mi=0.0344 dn=0.0000 v13=0.0000 grl=0.0000 v15=0.0000 v15r=0.0000 v16=0.0000 v17=0.0000 v18=0.0000 acc=1.0000 lr=8.43e-07 lambda=0.000 grl_lambda=0.000 v18_lambda=0.000 gpu=3.0/11.8GB
[22:39:37] [train] ep=97 step=040/40 ce=0.2562 sc=0.7468 mi=0.0343 dn=0.0000 v13=0.0000 grl=0.0000 v15=0.0000 v15r=0.0000 v16=0.0000 v17=0.0000 v18=0.0000 acc=1.0000 lr=7.19e-07 lambda=0.000 grl_lambda=0.000 v18_lambda=0.000 gpu=3.0/11.8GB
[22:39:48] [ep_summary] ep=97/100 val_live=0.9568/0.9579 val_ema=0.9630/0.9640 test77_live=0.6871/0.6662 test77_diag_ema=0.6835/0.6626 v13=0.0000 grl=0.0000 v15=0.0000 v15r=0.0000 v16=0.0000 v17=0.0000 v18=0.0000 das=stage3[12,95] p=1.00 ep_time=32.9s
[22:39:48] [train] epoch 98/100 steps=40 use_dann=0 das=stage3 f=[12.0,95.0] p=1.00 gpu=3.0/11.8GB
[22:39:48] [train] ep=98 step=001/40 ce=0.2555 sc=0.8199 mi=0.0382 dn=0.0000 v13=0.0000 grl=0.0000 v15=0.0000 v15r=0.0000 v16=0.0000 v17=0.0000 v18=0.0000 acc=1.0000 lr=7.07e-07 lambda=0.000 grl_lambda=0.000 v18_lambda=0.000 gpu=3.0/11.8GB
[22:39:53] [train] ep=98 step=010/40 ce=0.2561 sc=0.7514 mi=0.0344 dn=0.0000 v13=0.0000 grl=0.0000 v15=0.0000 v15r=0.0000 v16=0.0000 v17=0.0000 v18=0.0000 acc=1.0000 lr=6.05e-07 lambda=0.000 grl_lambda=0.000 v18_lambda=0.000 gpu=3.0/11.8GB
[22:39:59] [train] ep=98 step=020/40 ce=0.2562 sc=0.7449 mi=0.0341 dn=0.0000 v13=0.0000 grl=0.0000 v15=0.0000 v15r=0.0000 v16=0.0000 v17=0.0000 v18=0.0000 acc=1.0000 lr=5.01e-07 lambda=0.000 grl_lambda=0.000 v18_lambda=0.000 gpu=3.0/11.8GB
[22:40:05] [train] ep=98 step=030/40 ce=0.2561 sc=0.7460 mi=0.0335 dn=0.0000 v13=0.0000 grl=0.0000 v15=0.0000 v15r=0.0000 v16=0.0000 v17=0.0000 v18=0.0000 acc=1.0000 lr=4.07e-07 lambda=0.000 grl_lambda=0.000 v18_lambda=0.000 gpu=3.0/11.8GB
[22:40:10] [train] ep=98 step=040/40 ce=0.2561 sc=0.7328 mi=0.0333 dn=0.0000 v13=0.0000 grl=0.0000 v15=0.0000 v15r=0.0000 v16=0.0000 v17=0.0000 v18=0.0000 acc=1.0000 lr=3.22e-07 lambda=0.000 grl_lambda=0.000 v18_lambda=0.000 gpu=3.0/11.8GB
[22:40:20] [ep_summary] ep=98/100 val_live=0.9568/0.9579 val_ema=0.9630/0.9640 test77_live=0.6871/0.6662 test77_diag_ema=0.6835/0.6626 v13=0.0000 grl=0.0000 v15=0.0000 v15r=0.0000 v16=0.0000 v17=0.0000 v18=0.0000 das=stage3[12,95] p=1.00 ep_time=32.8s
[22:40:20] [train] epoch 99/100 steps=40 use_dann=0 das=stage3 f=[12.0,95.0] p=1.00 gpu=3.0/11.8GB
[22:40:21] [train] ep=99 step=001/40 ce=0.2561 sc=0.6915 mi=0.0295 dn=0.0000 v13=0.0000 grl=0.0000 v15=0.0000 v15r=0.0000 v16=0.0000 v17=0.0000 v18=0.0000 acc=1.0000 lr=3.15e-07 lambda=0.000 grl_lambda=0.000 v18_lambda=0.000 gpu=3.0/11.8GB
[22:40:26] [train] ep=99 step=010/40 ce=0.2563 sc=0.6463 mi=0.0341 dn=0.0000 v13=0.0000 grl=0.0000 v15=0.0000 v15r=0.0000 v16=0.0000 v17=0.0000 v18=0.0000 acc=1.0000 lr=2.48e-07 lambda=0.000 grl_lambda=0.000 v18_lambda=0.000 gpu=3.0/11.8GB
[22:40:32] [train] ep=99 step=020/40 ce=0.2563 sc=0.6980 mi=0.0346 dn=0.0000 v13=0.0000 grl=0.0000 v15=0.0000 v15r=0.0000 v16=0.0000 v17=0.0000 v18=0.0000 acc=1.0000 lr=1.83e-07 lambda=0.000 grl_lambda=0.000 v18_lambda=0.000 gpu=3.0/11.8GB
[22:40:38] [train] ep=99 step=030/40 ce=0.2562 sc=0.7379 mi=0.0343 dn=0.0000 v13=0.0000 grl=0.0000 v15=0.0000 v15r=0.0000 v16=0.0000 v17=0.0000 v18=0.0000 acc=1.0000 lr=1.28e-07 lambda=0.000 grl_lambda=0.000 v18_lambda=0.000 gpu=3.0/11.8GB
[22:40:43] [train] ep=99 step=040/40 ce=0.2562 sc=0.7046 mi=0.0346 dn=0.0000 v13=0.0000 grl=0.0000 v15=0.0000 v15r=0.0000 v16=0.0000 v17=0.0000 v18=0.0000 acc=1.0000 lr=8.26e-08 lambda=0.000 grl_lambda=0.000 v18_lambda=0.000 gpu=3.0/11.8GB
[22:40:53] [ep_summary] ep=99/100 val_live=0.9568/0.9579 val_ema=0.9630/0.9640 test77_live=0.6871/0.6662 test77_diag_ema=0.6835/0.6626 v13=0.0000 grl=0.0000 v15=0.0000 v15r=0.0000 v16=0.0000 v17=0.0000 v18=0.0000 das=stage3[12,95] p=1.00 ep_time=32.8s
[22:40:53] [train] epoch 100/100 steps=40 use_dann=0 das=stage3 f=[12.0,95.0] p=1.00 gpu=3.0/11.8GB
[22:40:54] [train] ep=100 step=001/40 ce=0.2564 sc=0.6127 mi=0.0330 dn=0.0000 v13=0.0000 grl=0.0000 v15=0.0000 v15r=0.0000 v16=0.0000 v17=0.0000 v18=0.0000 acc=1.0000 lr=7.87e-08 lambda=0.000 grl_lambda=0.000 v18_lambda=0.000 gpu=3.0/11.8GB
[22:40:59] [train] ep=100 step=010/40 ce=0.2562 sc=0.6898 mi=0.0338 dn=0.0000 v13=0.0000 grl=0.0000 v15=0.0000 v15r=0.0000 v16=0.0000 v17=0.0000 v18=0.0000 acc=1.0000 lr=4.72e-08 lambda=0.000 grl_lambda=0.000 v18_lambda=0.000 gpu=3.0/11.8GB
[22:41:05] [train] ep=100 step=020/40 ce=0.2561 sc=0.7324 mi=0.0334 dn=0.0000 v13=0.0000 grl=0.0000 v15=0.0000 v15r=0.0000 v16=0.0000 v17=0.0000 v18=0.0000 acc=1.0000 lr=2.17e-08 lambda=0.000 grl_lambda=0.000 v18_lambda=0.000 gpu=3.0/11.8GB
[22:41:10] [train] ep=100 step=030/40 ce=0.2571 sc=0.7456 mi=0.0331 dn=0.0000 v13=0.0000 grl=0.0000 v15=0.0000 v15r=0.0000 v16=0.0000 v17=0.0000 v18=0.0000 acc=1.0000 lr=5.95e-09 lambda=0.000 grl_lambda=0.000 v18_lambda=0.000 gpu=3.0/11.8GB
[22:41:16] [train] ep=100 step=040/40 ce=0.2568 sc=0.7696 mi=0.0336 dn=0.0000 v13=0.0000 grl=0.0000 v15=0.0000 v15r=0.0000 v16=0.0000 v17=0.0000 v18=0.0000 acc=1.0000 lr=4.92e-11 lambda=0.000 grl_lambda=0.000 v18_lambda=0.000 gpu=3.0/11.8GB
[22:41:26] [pool] check ep=100/100 source_val_acc_ema=0.9630 threshold=0.90
[22:41:31] [pool] ep=100 ADDED src_val=0.9630/0.9640 dev77=0.6571/0.6379 final77=0.6835/0.6626
[22:41:31] [pool] running best ep=100 dev77_f1=0.6379 final77_f1=0.6626 (pool_size=7)
[22:41:31] [ep_summary] ep=100/100 val_live=0.9568/0.9579 val_ema=0.9630/0.9640 test77_live=0.6871/0.6662 test77_diag_ema=0.6835/0.6626 v13=0.0000 grl=0.0000 v15=0.0000 v15r=0.0000 v16=0.0000 v17=0.0000 v18=0.0000 das=stage3[12,95] p=1.00 ep_time=37.6s
[22:41:31] [strict77_monitor] ep=100 best_source_epoch=64 source_val_ema=0.9630/0.9639 test77_ema_diag=0.6259/0.5919 sourcequalified_count=62 best_sourcequalified77_epoch=96 source_val_ema=0.9630/0.9640 test77_ema=0.6835/0.6626
[22:41:31] [pool] FINAL pool_size=7 best ep=100 dev77_f1=0.6379 final77_f1=0.6626 -> /scratch/st-zliu-1/heqingz/CrossCarrier_Fresh_20260922/CrossCarrier_Repro/EXPERIMENTSRESULT/REVISION_5090/SUPP_ABLATION/DAS_stretch_only/seed42/checkpoints/best_pool_ema.pt
[22:41:31] [train] done best_sourceval_acc_ema=0.9630
[22:42:38] [eval] loaded vit_large_patch16_dinov3_lvd1689m_best_sourceval_ema.pt (sourceval)
[22:42:38] [eval] strict source-val selected by ema acc; heldout77_unused=140 final_test77=278 imgs, seed=42 dev_per_class=20
[22:42:47] [eval] 77GHz final-test acc=0.6259 f1=0.5919
[22:42:47] [eval] 77GHz final-test per-class={'Away': 1.0, 'Bend': 0.8205128205128205, 'Kneel': 0.7619047619047619, 'Pick': 0.5, 'SStep': 0.5, 'Sit': 0.02702702702702703, 'Towards': 0.725}
[22:42:52] [eval] val_all acc=0.9630 f1=0.9639
[22:42:53] [freq_scan:val10] f_virt=15GHz acc=0.9872 f1=0.9881
[22:42:54] [freq_scan:val10] f_virt=30GHz acc=0.9744 f1=0.9722
[22:42:55] [freq_scan:val10] f_virt=50GHz acc=1.0000 f1=1.0000
[22:42:56] [freq_scan:val10] f_virt=77GHz acc=0.9872 f1=0.9881
[22:42:58] [freq_scan:val10] f_virt=99GHz acc=0.9615 f1=0.9642
[22:42:59] [freq_scan:val10] f_virt=120GHz acc=0.9231 f1=0.9247
[22:43:00] [freq_scan:val10] f_virt=140GHz acc=0.8590 f1=0.8565
[22:43:01] [freq_scan:val24] f_virt=15GHz acc=0.9643 f1=0.9633
[22:43:02] [freq_scan:val24] f_virt=30GHz acc=0.9762 f1=0.9760
[22:43:04] [freq_scan:val24] f_virt=50GHz acc=0.9881 f1=0.9875
[22:43:05] [freq_scan:val24] f_virt=77GHz acc=0.9643 f1=0.9637
[22:43:06] [freq_scan:val24] f_virt=99GHz acc=0.9762 f1=0.9751
[22:43:07] [freq_scan:val24] f_virt=120GHz acc=0.9405 f1=0.9397
[22:43:09] [freq_scan:val24] f_virt=140GHz acc=0.8810 f1=0.8790
[22:43:09] [eval] saved eval_sourceval.json
[22:43:20] [eval] loaded vit_large_patch16_dinov3_lvd1689m_best_sourcequalified77_ema.pt (sourcequalified)
[22:43:20] [eval] source-qualified diagnostic selected (source-val ema acc >= 0.90, then best 77GHz ema macro-F1); heldout77_unused=140 final_test77=278 imgs, seed=42 dev_per_class=20
[22:43:23] [eval] 77GHz final-test acc=0.6835 f1=0.6626
[22:43:23] [eval] 77GHz final-test per-class={'Away': 1.0, 'Bend': 0.6666666666666666, 'Kneel': 0.7857142857142857, 'Pick': 0.725, 'SStep': 0.725, 'Sit': 0.10810810810810811, 'Towards': 0.725}
[22:43:25] [eval] val_all acc=0.9630 f1=0.9640
[22:43:26] [freq_scan:val10] f_virt=15GHz acc=0.9744 f1=0.9760
[22:43:27] [freq_scan:val10] f_virt=30GHz acc=0.9615 f1=0.9601
[22:43:28] [freq_scan:val10] f_virt=50GHz acc=0.9872 f1=0.9881
[22:43:29] [freq_scan:val10] f_virt=77GHz acc=0.9744 f1=0.9762
[22:43:30] [freq_scan:val10] f_virt=99GHz acc=0.9487 f1=0.9520
[22:43:32] [freq_scan:val10] f_virt=120GHz acc=0.9231 f1=0.9270
[22:43:33] [freq_scan:val10] f_virt=140GHz acc=0.9103 f1=0.9070
[22:43:34] [freq_scan:val24] f_virt=15GHz acc=0.9762 f1=0.9760
[22:43:35] [freq_scan:val24] f_virt=30GHz acc=0.9762 f1=0.9760
[22:43:36] [freq_scan:val24] f_virt=50GHz acc=0.9881 f1=0.9875
[22:43:37] [freq_scan:val24] f_virt=77GHz acc=0.9762 f1=0.9751
[22:43:39] [freq_scan:val24] f_virt=99GHz acc=0.9762 f1=0.9751
[22:43:40] [freq_scan:val24] f_virt=120GHz acc=0.9643 f1=0.9627
[22:43:41] [freq_scan:val24] f_virt=140GHz acc=0.9286 f1=0.9261
[22:43:41] [eval] saved eval_sourcequalified.json
