path,frequency,class,split,subject,provenance_manifest,provenance_row,class_idx_7c,freq_idx,file_sha256
/arc/project/st-zliu-1/heqingz/datasets/domainGenDataset_core_movements/10GHz/Away/06060010_1573837305.png,10GHz,Away,train,,/scratch/st-zliu-1/heqingz/CrossCarrier_Core6_FullSuite_20260924/manifests/core6_source/10GHz.csv,2,0,0,7f06023acbfeeb7b007bf35492dcf273a189832738053a807d9fb03200955501
/arc/project/st-zliu-1/heqingz/datasets/domainGenDataset_core_movements/10GHz/Away/06060014_1574696344.png,10GHz,Away,train,,/scratch/st-zliu-1/heqingz/CrossCarrier_Core6_FullSuite_20260924/manifests/core6_source/10GHz.csv,3,0,0,ddb0fe494e64f9b08f684c9c0cf4217721978dd4ecc7b4a1642e191dc59594cd
/arc/project/st-zliu-1/heqingz/datasets/domainGenDataset_core_movements/10GHz/Away/06060014_1574696490.png,10GHz,Away,train,,/scratch/st-zliu-1/heqingz/CrossCarrier_Core6_FullSuite_20260924/manifests/core6_source/10GHz.csv,4,0,0,0c913f63d81c86eabcedfd26ba18e0fe7798aa6311fad53798d07c35d983372f
/arc/project/st-zliu-1/heqingz/datasets/domainGenDataset_core_movements/10GHz/Away/06060010_1573837135.png,10GHz,Away,train,,/scratch/st-zliu-1/heqingz/CrossCarrier_Core6_FullSuite_20260924/manifests/core6_source/10GHz.csv,5,0,0,ce95bbdfcace3bf2e1bf0d312027acdf40bb4ae5d3d6de85b89381482361d59a
/arc/project/st-zliu-1/heqingz/datasets/domainGenDataset_core_movements/10GHz/Away/06060029_1574627039.png,10GHz,Away,train,,/scratch/st-zliu-1/heqingz/CrossCarrier_Core6_FullSuite_20260924/manifests/core6_source/10GHz.csv,6,0,0,71257e03efe81b403ef3e676d8da4c9b2682aa227c0a4b3b42aca96bbbaa59f4
/arc/project/st-zliu-1/heqingz/datasets/domainGenDataset_core_movements/10GHz/Away/06060030_1574457136.png,10GHz,Away,train,,/scratch/st-zliu-1/heqingz/CrossCarrier_Core6_FullSuite_20260924/manifests/core6_source/10GHz.csv,7,0,0,69de7b67d5feb3240d8e2057f7a7fcc8836070cc553d1d501093f179f2dc9456
/arc/project/st-zliu-1/heqingz/datasets/domainGenDataset_core_movements/10GHz/Away/06060029_1574114867.png,10GHz,Away,train,,/scratch/st-zliu-1/heqingz/CrossCarrier_Core6_FullSuite_20260924/manifests/core6_source/10GHz.csv,8,0,0,cb8ac8d153cee45bd61021bffece0dc81f1b94bb6054654515fe78c67daf5506
/arc/project/st-zliu-1/heqingz/datasets/domainGenDataset_core_movements/10GHz/Away/06060029_1574627068.png,10GHz,Away,train,,/scratch/st-zliu-1/heqingz/CrossCarrier_Core6_FullSuite_20260924/manifests/core6_source/10GHz.csv,9,0,0,21789e0cd4644e089a936b95c04676cbd7da351bd8aa8452d6fc299530e71241
/arc/project/st-zliu-1/heqingz/datasets/domainGenDataset_core_movements/10GHz/Away/06060010_1573837181.png,10GHz,Away,train,,/scratch/st-zliu-1/heqingz/CrossCarrier_Core6_FullSuite_20260924/manifests/core6_source/10GHz.csv,10,0,0,37e33497a9c5301e5bbbbe4174d754087b3900d53841e79478aef278f37c07e0
/arc/project/st-zliu-1/heqingz/datasets/domainGenDataset_core_movements/10GHz/Away/06060010_1573837276.png,10GHz,Away,train,,/scratch/st-zliu-1/heqingz/CrossCarrier_Core6_FullSuite_20260924/manifests/core6_source/10GHz.csv,11,0,0,11c24921eae114f8b22c7dcf4a4c1af1c12358089d3af2739b253612d463c490
/arc/project/st-zliu-1/heqingz/datasets/domainGenDataset_core_movements/10GHz/Away/06060030_1574456948.png,10GHz,Away,train,,/scratch/st-zliu-1/heqingz/CrossCarrier_Core6_FullSuite_20260924/manifests/core6_source/10GHz.csv,12,0,0,452aedefed521e95ae0dd6572686debfd3b5b067ca1ae635e97f52878fa8df5d
/arc/project/st-zliu-1/heqingz/datasets/domainGenDataset_core_movements/10GHz/Away/06060029_1574627087.png,10GHz,Away,train,,/scratch/st-zliu-1/heqingz/CrossCarrier_Core6_FullSuite_20260924/manifests/core6_source/10GHz.csv,13,0,0,78ef0d57f783645f7707bf01f0fb26096803897d3fc25d4c37e49def7771bbb1
/arc/project/st-zliu-1/heqingz/datasets/domainGenDataset_core_movements/10GHz/Away/06060030_1574457095.png,10GHz,Away,train,,/scratch/st-zliu-1/heqingz/CrossCarrier_Core6_FullSuite_20260924/manifests/core6_source/10GHz.csv,14,0,0,eba946b85472edbcfd7188c0e75a7b424be49d6a95610fe6eabb4bd2d2f93553
/arc/project/st-zliu-1/heqingz/datasets/domainGenDataset_core_movements/10GHz/Away/06060029_1574114809.png,10GHz,Away,train,,/scratch/st-zliu-1/heqingz/CrossCarrier_Core6_FullSuite_20260924/manifests/core6_source/10GHz.csv,15,0,0,0424437b57b1e919ba53cb0b730c1a14d39d2eee622b997f31f96f7d0a47c7e0
/arc/project/st-zliu-1/heqingz/datasets/domainGenDataset_core_movements/10GHz/Away/06060030_1574194202.png,10GHz,Away,train,,/scratch/st-zliu-1/heqingz/CrossCarrier_Core6_FullSuite_20260924/manifests/core6_source/10GHz.csv,16,0,0,df841e65f53c62ec8e88b3a0dd20b7a067f399112cb25747cf5bbf4c9cd12a20
/arc/project/st-zliu-1/heqingz/datasets/domainGenDataset_core_movements/10GHz/Away/06060030_1574457052.png,10GHz,Away,train,,/scratch/st-zliu-1/heqingz/CrossCarrier_Core6_FullSuite_20260924/manifests/core6_source/10GHz.csv,17,0,0,70244e8dabc055bba4404764dad07d5c41b686d1436da49b3fedb49e60684203
/arc/project/st-zliu-1/heqingz/datasets/domainGenDataset_core_movements/10GHz/Away/06060030_1574457074.png,10GHz,Away,train,,/scratch/st-zliu-1/heqingz/CrossCarrier_Core6_FullSuite_20260924/manifests/core6_source/10GHz.csv,18,0,0,d955fbf795ad12070ee584a1be1fd6a0b617ed309f568d5f2df737a4a1aab9c0
/arc/project/st-zliu-1/heqingz/datasets/domainGenDataset_core_movements/10GHz/Away/06060111_1550866081.png,10GHz,Away,train,,/scratch/st-zliu-1/heqingz/CrossCarrier_Core6_FullSuite_20260924/manifests/core6_source/10GHz.csv,19,0,0,f122774e4e14f95d7e9006b226fe4e7578e2fc7be387c2a28b8716bda3582e61
/arc/project/st-zliu-1/heqingz/datasets/domainGenDataset_core_movements/10GHz/Away/06060030_1574194298.png,10GHz,Away,train,,/scratch/st-zliu-1/heqingz/CrossCarrier_Core6_FullSuite_20260924/manifests/core6_source/10GHz.csv,20,0,0,15417fa1a8b59da6070366e8e2fc7e60a46152872f2aae29ea9f3e2ec632ed16
/arc/project/st-zliu-1/heqingz/datasets/domainGenDataset_core_movements/10GHz/Away/06060030_1574457011.png,10GHz,Away,train,,/scratch/st-zliu-1/heqingz/CrossCarrier_Core6_FullSuite_20260924/manifests/core6_source/10GHz.csv,21,0,0,fcd49f0a77e0fad10cac1d42ac060c809c5950894f3807a5d1de23f5f7aa9623
/arc/project/st-zliu-1/heqingz/datasets/domainGenDataset_core_movements/10GHz/Away/06060029_1574114770.png,10GHz,Away,train,,/scratch/st-zliu-1/heqingz/CrossCarrier_Core6_FullSuite_20260924/manifests/core6_source/10GHz.csv,22,0,0,98c6d998007148f1e06edaa0c563091ec98965119267a158bbc36bdcd6ef5b8f
/arc/project/st-zliu-1/heqingz/datasets/domainGenDataset_core_movements/10GHz/Away/06060029_1574114829.png,10GHz,Away,train,,/scratch/st-zliu-1/heqingz/CrossCarrier_Core6_FullSuite_20260924/manifests/core6_source/10GHz.csv,23,0,0,913af2ac944d9f09f06783785ea2c1f96bc9d6ea1e8903ac885eea5f705e0549
/arc/project/st-zliu-1/heqingz/datasets/domainGenDataset_core_movements/10GHz/Away/06060010_1573837370.png,10GHz,Away,train,,/scratch/st-zliu-1/heqingz/CrossCarrier_Core6_FullSuite_20260924/manifests/core6_source/10GHz.csv,24,0,0,2c6b18d68a0f4d0d9806d4f364c4b259c0ebd2f101dfab8adc17637d001c254f
/arc/project/st-zliu-1/heqingz/datasets/domainGenDataset_core_movements/10GHz/Away/06060118_1550693431.png,10GHz,Away,train,,/scratch/st-zliu-1/heqingz/CrossCarrier_Core6_FullSuite_20260924/manifests/core6_source/10GHz.csv,25,0,0,c474f532d86d256e26d16a9775861d6b089c175493d58565ca4b8825e8ba0e89
/arc/project/st-zliu-1/heqingz/datasets/domainGenDataset_core_movements/10GHz/Away/06060029_1574626995.png,10GHz,Away,train,,/scratch/st-zliu-1/heqingz/CrossCarrier_Core6_FullSuite_20260924/manifests/core6_source/10GHz.csv,26,0,0,5ef5e89cd57c3822c2c4ac71444193f9ec0a8a00e1e822f07e10d1e84dceb9c0
/arc/project/st-zliu-1/heqingz/datasets/domainGenDataset_core_movements/10GHz/Away/06060030_1574194391.png,10GHz,Away,train,,/scratch/st-zliu-1/heqingz/CrossCarrier_Core6_FullSuite_20260924/manifests/core6_source/10GHz.csv,27,0,0,d237cd4b660c7d902ea72a1acfa4c94353b0fcca011af808d7e1bbfdcf70f357
/arc/project/st-zliu-1/heqingz/datasets/domainGenDataset_core_movements/10GHz/Away/06060010_1573837254.png,10GHz,Away,train,,/scratch/st-zliu-1/heqingz/CrossCarrier_Core6_FullSuite_20260924/manifests/core6_source/10GHz.csv,28,0,0,5b44d68d51c4d8249b05a4c38d852b10114cbb8e2dc6268161e58f2df66adb22
/arc/project/st-zliu-1/heqingz/datasets/domainGenDataset_core_movements/10GHz/Away/06060111_1550865876.png,10GHz,Away,train,,/scratch/st-zliu-1/heqingz/CrossCarrier_Core6_FullSuite_20260924/manifests/core6_source/10GHz.csv,29,0,0,c9e54810af6218b99468ee570c1d958ce565e9a0d48df839815d9869d2f05705
/arc/project/st-zliu-1/heqingz/datasets/domainGenDataset_core_movements/10GHz/Away/06060030_1574456969.png,10GHz,Away,train,,/scratch/st-zliu-1/heqingz/CrossCarrier_Core6_FullSuite_20260924/manifests/core6_source/10GHz.csv,30,0,0,b541a79bbf0bf6eaeb5efe474baf01cc6cfdf2d89212d333a8c67d2fb1329e84
/arc/project/st-zliu-1/heqingz/datasets/domainGenDataset_core_movements/10GHz/Away/06060030_1574194179.png,10GHz,Away,train,,/scratch/st-zliu-1/heqingz/CrossCarrier_Core6_FullSuite_20260924/manifests/core6_source/10GHz.csv,31,0,0,0eece479e346c454b51721f83c0c8f63b7c1069c243b33f40395efbc6ac7dc69
/arc/project/st-zliu-1/heqingz/datasets/domainGenDataset_core_movements/10GHz/Away/06060029_1574626614.png,10GHz,Away,train,,/scratch/st-zliu-1/heqingz/CrossCarrier_Core6_FullSuite_20260924/manifests/core6_source/10GHz.csv,32,0,0,bda21a1726803dc4facdb19a229a1ce9fad2fa72c0128c4b37a3069d2a69813a
/arc/project/st-zliu-1/heqingz/datasets/domainGenDataset_core_movements/10GHz/Away/06060010_1573837114.png,10GHz,Away,train,,/scratch/st-zliu-1/heqingz/CrossCarrier_Core6_FullSuite_20260924/manifests/core6_source/10GHz.csv,33,0,0,9cb6221808b43a116897f24c8062aea8e3188734eb72cf77b3533be369997845
/arc/project/st-zliu-1/heqingz/datasets/domainGenDataset_core_movements/10GHz/Away/06060029_1574627128.png,10GHz,Away,train,,/scratch/st-zliu-1/heqingz/CrossCarrier_Core6_FullSuite_20260924/manifests/core6_source/10GHz.csv,34,0,0,b973d0d78092b43b80f39f79378b815ff577c14288acc41ec648a392d80c5554
/arc/project/st-zliu-1/heqingz/datasets/domainGenDataset_core_movements/10GHz/Away/06060029_1574115022.png,10GHz,Away,train,,/scratch/st-zliu-1/heqingz/CrossCarrier_Core6_FullSuite_20260924/manifests/core6_source/10GHz.csv,35,0,0,9376895193ed303dd192c3514ce63a494a6295f3efb6fe33086d46bb832fdc13
/arc/project/st-zliu-1/heqingz/datasets/domainGenDataset_core_movements/10GHz/Away/06060030_1574194225.png,10GHz,Away,train,,/scratch/st-zliu-1/heqingz/CrossCarrier_Core6_FullSuite_20260924/manifests/core6_source/10GHz.csv,36,0,0,326c24b60b0590da20f9f9a5e6a5dd0b8a127c3d4e159303e8926b0cb8c46368
/arc/project/st-zliu-1/heqingz/datasets/domainGenDataset_core_movements/10GHz/Away/06060030_1574194323.png,10GHz,Away,train,,/scratch/st-zliu-1/heqingz/CrossCarrier_Core6_FullSuite_20260924/manifests/core6_source/10GHz.csv,37,0,0,31d1ee701e9c6ea3b4e7e3eca3798ac469c4af3f01b86a3a91ddf08e6fa1c252
/arc/project/st-zliu-1/heqingz/datasets/domainGenDataset_core_movements/10GHz/Away/06060014_1574696470.png,10GHz,Away,train,,/scratch/st-zliu-1/heqingz/CrossCarrier_Core6_FullSuite_20260924/manifests/core6_source/10GHz.csv,38,0,0,f01369d6e98d3d765834ef769a3b0cde163591e4b11017a03500a5d1966150b2
/arc/project/st-zliu-1/heqingz/datasets/domainGenDataset_core_movements/10GHz/Away/06060014_1574696433.png,10GHz,Away,train,,/scratch/st-zliu-1/heqingz/CrossCarrier_Core6_FullSuite_20260924/manifests/core6_source/10GHz.csv,39,0,0,766e7ad2e3760687949e9f312278252551184f6930851735323de587f6c49dc5
/arc/project/st-zliu-1/heqingz/datasets/domainGenDataset_core_movements/10GHz/Away/06060029_1574114789.png,10GHz,Away,train,,/scratch/st-zliu-1/heqingz/CrossCarrier_Core6_FullSuite_20260924/manifests/core6_source/10GHz.csv,40,0,0,75ef457906ced22bbb39d3df2476ae022de7c2c964892ffab5676cebdb53ba84
/arc/project/st-zliu-1/heqingz/datasets/domainGenDataset_core_movements/10GHz/Away/06060030_1574194345.png,10GHz,Away,train,,/scratch/st-zliu-1/heqingz/CrossCarrier_Core6_FullSuite_20260924/manifests/core6_source/10GHz.csv,41,0,0,40a9cf5d5ac92f9b3fdde49d6e61e3a418207ced7ca056ef89349f437c56530d
/arc/project/st-zliu-1/heqingz/datasets/domainGenDataset_core_movements/10GHz/Away/06060029_1574115098.png,10GHz,Away,train,,/scratch/st-zliu-1/heqingz/CrossCarrier_Core6_FullSuite_20260924/manifests/core6_source/10GHz.csv,42,0,0,97e78c6cabd9f41eb83d7de0920adc7875962108c6e763a9a2c110f0fc4b0584
/arc/project/st-zliu-1/heqingz/datasets/domainGenDataset_core_movements/10GHz/Away/06060030_1574457032.png,10GHz,Away,train,,/scratch/st-zliu-1/heqingz/CrossCarrier_Core6_FullSuite_20260924/manifests/core6_source/10GHz.csv,43,0,0,35b9f4d2be37300af6ffb5e8e200a8b31ae0e3c0da0b522858e1b6b99a62285f
/arc/project/st-zliu-1/heqingz/datasets/domainGenDataset_core_movements/10GHz/Bend/06080014_1574696766.png,10GHz,Bend,train,,/scratch/st-zliu-1/heqingz/CrossCarrier_Core6_FullSuite_20260924/manifests/core6_source/10GHz.csv,62,1,0,844faa1d055abdee4b09f9c9814827ac1ccdce01fc9d19b905c8bbb25967542a
/arc/project/st-zliu-1/heqingz/datasets/domainGenDataset_core_movements/10GHz/Bend/06080010_1573837767.png,10GHz,Bend,train,,/scratch/st-zliu-1/heqingz/CrossCarrier_Core6_FullSuite_20260924/manifests/core6_source/10GHz.csv,63,1,0,19cedba8c6b258b1f2c6565ef3d9b4d47b77e6b968138f80da72f0b05bae8d2c
/arc/project/st-zliu-1/heqingz/datasets/domainGenDataset_core_movements/10GHz/Bend/06080030_1574458043.png,10GHz,Bend,train,,/scratch/st-zliu-1/heqingz/CrossCarrier_Core6_FullSuite_20260924/manifests/core6_source/10GHz.csv,64,1,0,6f53825e31be4ab430f9ad9f9115d476ba530bd1fe3d91676d4337b5c0f6e7e0
/arc/project/st-zliu-1/heqingz/datasets/domainGenDataset_core_movements/10GHz/Bend/06080014_1574696914.png,10GHz,Bend,train,,/scratch/st-zliu-1/heqingz/CrossCarrier_Core6_FullSuite_20260924/manifests/core6_source/10GHz.csv,65,1,0,51e36e79e2af32db2649f8f1ca3eeb38e857029a235ee788ce2a366947f637a7
/arc/project/st-zliu-1/heqingz/datasets/domainGenDataset_core_movements/10GHz/Bend/06080029_1574627955.png,10GHz,Bend,train,,/scratch/st-zliu-1/heqingz/CrossCarrier_Core6_FullSuite_20260924/manifests/core6_source/10GHz.csv,66,1,0,52a74a9e42262b676bc722d473dff28268e8020a3478b14f9658f85085714ae6
/arc/project/st-zliu-1/heqingz/datasets/domainGenDataset_core_movements/10GHz/Bend/06080029_1574115601.png,10GHz,Bend,train,,/scratch/st-zliu-1/heqingz/CrossCarrier_Core6_FullSuite_20260924/manifests/core6_source/10GHz.csv,67,1,0,f09835693c7e1f8abe2e02b33a112189d1a7188968f045e4e75ebb8d14f4c871
/arc/project/st-zliu-1/heqingz/datasets/domainGenDataset_core_movements/10GHz/Bend/06080014_1574696820.png,10GHz,Bend,train,,/scratch/st-zliu-1/heqingz/CrossCarrier_Core6_FullSuite_20260924/manifests/core6_source/10GHz.csv,68,1,0,e8d0aadb61d15ac8e23ccb3011b9d3474fc1360b239eacdbc7ca9d079b2e98a2
/arc/project/st-zliu-1/heqingz/datasets/domainGenDataset_core_movements/10GHz/Bend/06080010_1573837689.png,10GHz,Bend,train,,/scratch/st-zliu-1/heqingz/CrossCarrier_Core6_FullSuite_20260924/manifests/core6_source/10GHz.csv,69,1,0,debdbbfb4bbdf84f6edf488351aac3121039664ac20dad9bcefd5f178ac740ee
/arc/project/st-zliu-1/heqingz/datasets/domainGenDataset_core_movements/10GHz/Bend/06080014_1574696876.png,10GHz,Bend,train,,/scratch/st-zliu-1/heqingz/CrossCarrier_Core6_FullSuite_20260924/manifests/core6_source/10GHz.csv,70,1,0,1ca057d85ff6949417ae1134228d24eeb59444bc7718a4552d11e92aaff7172e
/arc/project/st-zliu-1/heqingz/datasets/domainGenDataset_core_movements/10GHz/Bend/06080029_1574627935.png,10GHz,Bend,train,,/scratch/st-zliu-1/heqingz/CrossCarrier_Core6_FullSuite_20260924/manifests/core6_source/10GHz.csv,71,1,0,80d942d341f3474843cbea599716b6ad3a957880baf9114e37d859fc33203b49
/arc/project/st-zliu-1/heqingz/datasets/domainGenDataset_core_movements/10GHz/Bend/06080030_1574194672.png,10GHz,Bend,train,,/scratch/st-zliu-1/heqingz/CrossCarrier_Core6_FullSuite_20260924/manifests/core6_source/10GHz.csv,72,1,0,cf026038a91ef00933e6685a718d2d2e8de2a27d153c1ad5760f765de6f197b1
/arc/project/st-zliu-1/heqingz/datasets/domainGenDataset_core_movements/10GHz/Bend/06080029_1574115481.png,10GHz,Bend,train,,/scratch/st-zliu-1/heqingz/CrossCarrier_Core6_FullSuite_20260924/manifests/core6_source/10GHz.csv,73,1,0,858239e83fe0f18de161bb8436b6b5c31e682a1e4b6ab84f736f8b225d4adf5f
/arc/project/st-zliu-1/heqingz/datasets/domainGenDataset_core_movements/10GHz/Bend/06080010_1573837785.png,10GHz,Bend,train,,/scratch/st-zliu-1/heqingz/CrossCarrier_Core6_FullSuite_20260924/manifests/core6_source/10GHz.csv,74,1,0,378a0a63c8662049f91fe4e1fb9298e4a3f1e10ca97a3baa6f0b939fda191ae1
/arc/project/st-zliu-1/heqingz/datasets/domainGenDataset_core_movements/10GHz/Bend/06080010_1573837709.png,10GHz,Bend,train,,/scratch/st-zliu-1/heqingz/CrossCarrier_Core6_FullSuite_20260924/manifests/core6_source/10GHz.csv,75,1,0,b8545d5bf3ce8781b118c523a0c25505638327cc3c3a0a14b1dc959677add73f
/arc/project/st-zliu-1/heqingz/datasets/domainGenDataset_core_movements/10GHz/Bend/06080014_1574696838.png,10GHz,Bend,train,,/scratch/st-zliu-1/heqingz/CrossCarrier_Core6_FullSuite_20260924/manifests/core6_source/10GHz.csv,76,1,0,2139163c8d1a956e182b32c54570aa9dcef38067f59d77fc2dc5937ea4e5fa60
/arc/project/st-zliu-1/heqingz/datasets/domainGenDataset_core_movements/10GHz/Bend/06080029_1574627879.png,10GHz,Bend,train,,/scratch/st-zliu-1/heqingz/CrossCarrier_Core6_FullSuite_20260924/manifests/core6_source/10GHz.csv,77,1,0,a8d9e1e04e04b4bbdd71eea9535ada28a134304b1e0a91d2d2f016e026c95442
/arc/project/st-zliu-1/heqingz/datasets/domainGenDataset_core_movements/10GHz/Bend/06080029_1574627848.png,10GHz,Bend,train,,/scratch/st-zliu-1/heqingz/CrossCarrier_Core6_FullSuite_20260924/manifests/core6_source/10GHz.csv,78,1,0,6c7cd6218bce5f1b43ed9d4397ef93a9010eeab1076c62d7c96edc49b3214a0b
/arc/project/st-zliu-1/heqingz/datasets/domainGenDataset_core_movements/10GHz/Bend/06080030_1574194982.png,10GHz,Bend,train,,/scratch/st-zliu-1/heqingz/CrossCarrier_Core6_FullSuite_20260924/manifests/core6_source/10GHz.csv,79,1,0,2bc6e4c6e62538bd079c41252b9dbf14e39a3ec4c84060ce43816887bedcad22
/arc/project/st-zliu-1/heqingz/datasets/domainGenDataset_core_movements/10GHz/Bend/06080030_1574195038.png,10GHz,Bend,train,,/scratch/st-zliu-1/heqingz/CrossCarrier_Core6_FullSuite_20260924/manifests/core6_source/10GHz.csv,80,1,0,e058be366e41b291ef42921f3f086a37ed6cf633d0ff2ea788c10e0336092ca6
/arc/project/st-zliu-1/heqingz/datasets/domainGenDataset_core_movements/10GHz/Bend/06080010_1573837944.png,10GHz,Bend,train,,/scratch/st-zliu-1/heqingz/CrossCarrier_Core6_FullSuite_20260924/manifests/core6_source/10GHz.csv,81,1,0,49e0acbee8e97f9c49c83d1d6eca79e4c94b939534f6093e6cff598e5d32dff1
/arc/project/st-zliu-1/heqingz/datasets/domainGenDataset_core_movements/10GHz/Bend/06080029_1574115619.png,10GHz,Bend,train,,/scratch/st-zliu-1/heqingz/CrossCarrier_Core6_FullSuite_20260924/manifests/core6_source/10GHz.csv,82,1,0,e189040bc6b05470d7c883637a330abb716b31dd9ee8dee7a8f9b76c371c8a37
/arc/project/st-zliu-1/heqingz/datasets/domainGenDataset_core_movements/10GHz/Bend/06080014_1574696941.png,10GHz,Bend,train,,/scratch/st-zliu-1/heqingz/CrossCarrier_Core6_FullSuite_20260924/manifests/core6_source/10GHz.csv,83,1,0,d441d914d8d90ee69e6c2a2e19d4015e2d81ece21a8731ef2487c6637204e0d3
/arc/project/st-zliu-1/heqingz/datasets/domainGenDataset_core_movements/10GHz/Bend/06080010_1573837803.png,10GHz,Bend,train,,/scratch/st-zliu-1/heqingz/CrossCarrier_Core6_FullSuite_20260924/manifests/core6_source/10GHz.csv,84,1,0,11a8cec2b8c974d10ac482c9e81d30cd6353214dc33924be5d693fd3e3b48bde
/arc/project/st-zliu-1/heqingz/datasets/domainGenDataset_core_movements/10GHz/Bend/06080030_1574194962.png,10GHz,Bend,train,,/scratch/st-zliu-1/heqingz/CrossCarrier_Core6_FullSuite_20260924/manifests/core6_source/10GHz.csv,85,1,0,96ede23b24e63c142cd86ad98a2839c07168ec1c2a69a369236f238570879113
/arc/project/st-zliu-1/heqingz/datasets/domainGenDataset_core_movements/10GHz/Bend/06080030_1574458096.png,10GHz,Bend,train,,/scratch/st-zliu-1/heqingz/CrossCarrier_Core6_FullSuite_20260924/manifests/core6_source/10GHz.csv,86,1,0,1ccbea8dad9702b3739f2ebbf5962a2ac89836d9be3de55e3d01f54362b3bb28
/arc/project/st-zliu-1/heqingz/datasets/domainGenDataset_core_movements/10GHz/Bend/06080029_1574115580.png,10GHz,Bend,train,,/scratch/st-zliu-1/heqingz/CrossCarrier_Core6_FullSuite_20260924/manifests/core6_source/10GHz.csv,87,1,0,e17ba28cc8e6117ad31ca394ee69a63722df4039450ff9dcf2643d525ba77299
/arc/project/st-zliu-1/heqingz/datasets/domainGenDataset_core_movements/10GHz/Bend/06080030_1574458114.png,10GHz,Bend,train,,/scratch/st-zliu-1/heqingz/CrossCarrier_Core6_FullSuite_20260924/manifests/core6_source/10GHz.csv,88,1,0,955b5d7fc72cdd3127f02972a3c971b5240d2968a53501a0af64b1417878bba9
/arc/project/st-zliu-1/heqingz/datasets/domainGenDataset_core_movements/10GHz/Bend/06080118_1550693819.png,10GHz,Bend,train,,/scratch/st-zliu-1/heqingz/CrossCarrier_Core6_FullSuite_20260924/manifests/core6_source/10GHz.csv,89,1,0,5bc57d6a98da38c5eea3925d4a15db0fe5cf1512aae5f31bfa0de02f33940732
/arc/project/st-zliu-1/heqingz/datasets/domainGenDataset_core_movements/10GHz/Bend/06080111_1550866783.png,10GHz,Bend,train,,/scratch/st-zliu-1/heqingz/CrossCarrier_Core6_FullSuite_20260924/manifests/core6_source/10GHz.csv,90,1,0,ebb83179ed38af3c7f707c4701c6b78125dac3f6d67863f2f09359cbdeda946a
/arc/project/st-zliu-1/heqingz/datasets/domainGenDataset_core_movements/10GHz/Bend/06080029_1574627830.png,10GHz,Bend,train,,/scratch/st-zliu-1/heqingz/CrossCarrier_Core6_FullSuite_20260924/manifests/core6_source/10GHz.csv,91,1,0,6c8185ba48faa02b86e42e87c46e336330f110111cd22ab4562019a7df115252
/arc/project/st-zliu-1/heqingz/datasets/domainGenDataset_core_movements/10GHz/Bend/06080030_1574194651.png,10GHz,Bend,train,,/scratch/st-zliu-1/heqingz/CrossCarrier_Core6_FullSuite_20260924/manifests/core6_source/10GHz.csv,92,1,0,77ed629a2840d69951a88f586b8f4c8fe04a51d47809cfdd5c10a5be65a1ca2a
/arc/project/st-zliu-1/heqingz/datasets/domainGenDataset_core_movements/10GHz/Bend/06080029_1574115504.png,10GHz,Bend,train,,/scratch/st-zliu-1/heqingz/CrossCarrier_Core6_FullSuite_20260924/manifests/core6_source/10GHz.csv,93,1,0,25790b71b0fd106e2258ca162e49954793e7d26d3cd5e4df4cc17c81641bb81f
/arc/project/st-zliu-1/heqingz/datasets/domainGenDataset_core_movements/10GHz/Bend/06080030_1574458060.png,10GHz,Bend,train,,/scratch/st-zliu-1/heqingz/CrossCarrier_Core6_FullSuite_20260924/manifests/core6_source/10GHz.csv,94,1,0,d832042f2777401a3d35687d0972b89dcf1ef763b5169dedefe01a8ac5b8dbe5
/arc/project/st-zliu-1/heqingz/datasets/domainGenDataset_core_movements/10GHz/Bend/06080029_1574627986.png,10GHz,Bend,train,,/scratch/st-zliu-1/heqingz/CrossCarrier_Core6_FullSuite_20260924/manifests/core6_source/10GHz.csv,95,1,0,2f048391375c43443ecfd6af967df4b39a5673064431c2398fcb696a348241f2
/arc/project/st-zliu-1/heqingz/datasets/domainGenDataset_core_movements/10GHz/Bend/06080030_1574457991.png,10GHz,Bend,train,,/scratch/st-zliu-1/heqingz/CrossCarrier_Core6_FullSuite_20260924/manifests/core6_source/10GHz.csv,96,1,0,b78bba070fece0770c4606b0aca9077d10045b145952b5c90665c2628f4ace86
/arc/project/st-zliu-1/heqingz/datasets/domainGenDataset_core_movements/10GHz/Bend/06080030_1574195000.png,10GHz,Bend,train,,/scratch/st-zliu-1/heqingz/CrossCarrier_Core6_FullSuite_20260924/manifests/core6_source/10GHz.csv,97,1,0,2ad198d0e96c298bb3838c965798f1b747f99cd640f6f924457d839b97bcbb34
/arc/project/st-zliu-1/heqingz/datasets/domainGenDataset_core_movements/10GHz/Bend/06080014_1574696894.png,10GHz,Bend,train,,/scratch/st-zliu-1/heqingz/CrossCarrier_Core6_FullSuite_20260924/manifests/core6_source/10GHz.csv,98,1,0,418d2937f62e389fd2079fa69ea154be9afe749afa1bf005163e640dbdea6fe5
/arc/project/st-zliu-1/heqingz/datasets/domainGenDataset_core_movements/10GHz/Bend/06080030_1574458139.png,10GHz,Bend,train,,/scratch/st-zliu-1/heqingz/CrossCarrier_Core6_FullSuite_20260924/manifests/core6_source/10GHz.csv,99,1,0,087f53b330e0f361f86f84b262d2b08d3b3c2489602c3dedb062d99d08e5df8e
/arc/project/st-zliu-1/heqingz/datasets/domainGenDataset_core_movements/10GHz/Bend/06080029_1574628005.png,10GHz,Bend,train,,/scratch/st-zliu-1/heqingz/CrossCarrier_Core6_FullSuite_20260924/manifests/core6_source/10GHz.csv,100,1,0,35ff51ab13a6b621960d414ebbdd82a0762f678b64c1a1a8f32ed2561eca4457
/arc/project/st-zliu-1/heqingz/datasets/domainGenDataset_core_movements/10GHz/Bend/06080030_1574195059.png,10GHz,Bend,train,,/scratch/st-zliu-1/heqingz/CrossCarrier_Core6_FullSuite_20260924/manifests/core6_source/10GHz.csv,101,1,0,4c03e364670cfbc404738e718469c071f258dae03d5e8ad81af912b8c96cb1d7
/arc/project/st-zliu-1/heqingz/datasets/domainGenDataset_core_movements/10GHz/Bend/06080029_1574627793.png,10GHz,Bend,train,,/scratch/st-zliu-1/heqingz/CrossCarrier_Core6_FullSuite_20260924/manifests/core6_source/10GHz.csv,102,1,0,5ffa9f47e059acb38f472186f7ae370e90d685197f0218f600d9bea767907667
/arc/project/st-zliu-1/heqingz/datasets/domainGenDataset_core_movements/10GHz/Kneel/06100030_1574195578.png,10GHz,Kneel,train,,/scratch/st-zliu-1/heqingz/CrossCarrier_Core6_FullSuite_20260924/manifests/core6_source/10GHz.csv,121,2,0,6ca1d17dadca56177ccab9d52f6691f2edaf69142cd7ec72b5d9d3054f9242da
/arc/project/st-zliu-1/heqingz/datasets/domainGenDataset_core_movements/10GHz/Kneel/06100029_1574628484.png,10GHz,Kneel,train,,/scratch/st-zliu-1/heqingz/CrossCarrier_Core6_FullSuite_20260924/manifests/core6_source/10GHz.csv,122,2,0,e8fcafa75dc5da7bec9e4d14ac87edbecd95df9909910bfa8fa227a38b38094e
/arc/project/st-zliu-1/heqingz/datasets/domainGenDataset_core_movements/10GHz/Kneel/06100029_1574116027.png,10GHz,Kneel,train,,/scratch/st-zliu-1/heqingz/CrossCarrier_Core6_FullSuite_20260924/manifests/core6_source/10GHz.csv,123,2,0,0a02c7c76c077c3a12f98d7b1461d7e73a3491e8614234dfa359f61c9dfe6d51
/arc/project/st-zliu-1/heqingz/datasets/domainGenDataset_core_movements/10GHz/Kneel/06100029_1574628484 (copy).png,10GHz,Kneel,train,,/scratch/st-zliu-1/heqingz/CrossCarrier_Core6_FullSuite_20260924/manifests/core6_source/10GHz.csv,124,2,0,e8fcafa75dc5da7bec9e4d14ac87edbecd95df9909910bfa8fa227a38b38094e
/arc/project/st-zliu-1/heqingz/datasets/domainGenDataset_core_movements/10GHz/Kneel/06100030_1574458884 (copy).png,10GHz,Kneel,train,,/scratch/st-zliu-1/heqingz/CrossCarrier_Core6_FullSuite_20260924/manifests/core6_source/10GHz.csv,125,2,0,27b8f88c69ba5868f069580cddd24f351bf2d337013e49066b55fb9f86e2929b
/arc/project/st-zliu-1/heqingz/datasets/domainGenDataset_core_movements/10GHz/Kneel/06100014_1574698165.png,10GHz,Kneel,train,,/scratch/st-zliu-1/heqingz/CrossCarrier_Core6_FullSuite_20260924/manifests/core6_source/10GHz.csv,126,2,0,b5bb7460f0f05b5c54027541c1d6c8b3fec81898e57fb3ca8d05551a8ebcacf7
/arc/project/st-zliu-1/heqingz/datasets/domainGenDataset_core_movements/10GHz/Kneel/06100029_1574628598.png,10GHz,Kneel,train,,/scratch/st-zliu-1/heqingz/CrossCarrier_Core6_FullSuite_20260924/manifests/core6_source/10GHz.csv,127,2,0,de3ac2cd6266362ec31b6c2ed97d52115833b2a4eb353b45ba9f7b994798fe9a
/arc/project/st-zliu-1/heqingz/datasets/domainGenDataset_core_movements/10GHz/Kneel/06100030_1574458938 (another copy).png,10GHz,Kneel,train,,/scratch/st-zliu-1/heqingz/CrossCarrier_Core6_FullSuite_20260924/manifests/core6_source/10GHz.csv,128,2,0,066596da620b847e1e4638b304f3a501be4a37647d135f9f10bde4d12fcb550b
/arc/project/st-zliu-1/heqingz/datasets/domainGenDataset_core_movements/10GHz/Kneel/06100029_1574116083.png,10GHz,Kneel,train,,/scratch/st-zliu-1/heqingz/CrossCarrier_Core6_FullSuite_20260924/manifests/core6_source/10GHz.csv,129,2,0,1123c241f0c7d1c4397491fde91d86dcee6e9eff4df9d9c22ec9a62d1102aec9
/arc/project/st-zliu-1/heqingz/datasets/domainGenDataset_core_movements/10GHz/Kneel/06100029_1574116141.png,10GHz,Kneel,train,,/scratch/st-zliu-1/heqingz/CrossCarrier_Core6_FullSuite_20260924/manifests/core6_source/10GHz.csv,130,2,0,142a27e435d625203cd57ba67cece94672dc79c8b84d09d6c4a7b076899cf550
/arc/project/st-zliu-1/heqingz/datasets/domainGenDataset_core_movements/10GHz/Kneel/06100030_1574195442.png,10GHz,Kneel,train,,/scratch/st-zliu-1/heqingz/CrossCarrier_Core6_FullSuite_20260924/manifests/core6_source/10GHz.csv,131,2,0,614657b8a95298f8af0150edce7208788f2c81c19d7c1dd3d89fa3285f4658de
/arc/project/st-zliu-1/heqingz/datasets/domainGenDataset_core_movements/10GHz/Kneel/06100029_1574116141 (copy).png,10GHz,Kneel,train,,/scratch/st-zliu-1/heqingz/CrossCarrier_Core6_FullSuite_20260924/manifests/core6_source/10GHz.csv,132,2,0,142a27e435d625203cd57ba67cece94672dc79c8b84d09d6c4a7b076899cf550
/arc/project/st-zliu-1/heqingz/datasets/domainGenDataset_core_movements/10GHz/Kneel/06100029_1574628560.png,10GHz,Kneel,train,,/scratch/st-zliu-1/heqingz/CrossCarrier_Core6_FullSuite_20260924/manifests/core6_source/10GHz.csv,133,2,0,4c35c745da82b4910ff1058d6d9be2743636b5ed58c90327de11649fcc17bfe2
/arc/project/st-zliu-1/heqingz/datasets/domainGenDataset_core_movements/10GHz/Kneel/06100014_1574698146.png,10GHz,Kneel,train,,/scratch/st-zliu-1/heqingz/CrossCarrier_Core6_FullSuite_20260924/manifests/core6_source/10GHz.csv,134,2,0,63c08c3922b366632cc7b6b00fda71a341df7ffc3f126f0b288e5418df4311ec
/arc/project/st-zliu-1/heqingz/datasets/domainGenDataset_core_movements/10GHz/Kneel/06100030_1574458902 (copy).png,10GHz,Kneel,train,,/scratch/st-zliu-1/heqingz/CrossCarrier_Core6_FullSuite_20260924/manifests/core6_source/10GHz.csv,135,2,0,1fa962d971c75ccd6d87462621e577f85f32d89a45e39568304ac343a5666fed
/arc/project/st-zliu-1/heqingz/datasets/domainGenDataset_core_movements/10GHz/Kneel/06100029_1574116046.png,10GHz,Kneel,train,,/scratch/st-zliu-1/heqingz/CrossCarrier_Core6_FullSuite_20260924/manifests/core6_source/10GHz.csv,136,2,0,5a09e12e2bab75d30bd96d8e7d7e9cd0aec96b910fc08e18d9a1eb022ed8348a
/arc/project/st-zliu-1/heqingz/datasets/domainGenDataset_core_movements/10GHz/Kneel/06100030_1574195597.png,10GHz,Kneel,train,,/scratch/st-zliu-1/heqingz/CrossCarrier_Core6_FullSuite_20260924/manifests/core6_source/10GHz.csv,137,2,0,b3c9bb18270ad744c8a3f33f2c42fa7c98baa3f99415894d73a1f1749bb6a104
/arc/project/st-zliu-1/heqingz/datasets/domainGenDataset_core_movements/10GHz/Kneel/06100029_1574628579.png,10GHz,Kneel,train,,/scratch/st-zliu-1/heqingz/CrossCarrier_Core6_FullSuite_20260924/manifests/core6_source/10GHz.csv,138,2,0,f2945e727790450236412344e8f92b4b08bff46d7a74defaed4dcc3266e6e818
/arc/project/st-zliu-1/heqingz/datasets/domainGenDataset_core_movements/10GHz/Kneel/06100030_1574459016.png,10GHz,Kneel,train,,/scratch/st-zliu-1/heqingz/CrossCarrier_Core6_FullSuite_20260924/manifests/core6_source/10GHz.csv,139,2,0,5295fac68b9656e2d59c9a701acaee4b8a92f5ae5caa874433a9a338fb8f7cfd
/arc/project/st-zliu-1/heqingz/datasets/domainGenDataset_core_movements/10GHz/Kneel/06100029_1574628616.png,10GHz,Kneel,train,,/scratch/st-zliu-1/heqingz/CrossCarrier_Core6_FullSuite_20260924/manifests/core6_source/10GHz.csv,140,2,0,04a5b24f6620c510e49e5be7159a4be5f685cac713f113cc4dea0cf5f44e4389
/arc/project/st-zliu-1/heqingz/datasets/domainGenDataset_core_movements/10GHz/Kneel/06100029_1574116103.png,10GHz,Kneel,train,,/scratch/st-zliu-1/heqingz/CrossCarrier_Core6_FullSuite_20260924/manifests/core6_source/10GHz.csv,141,2,0,c42d59fa018d646c741a17b448ed784c78822f127d5bb1171e2b4352fe262275
/arc/project/st-zliu-1/heqingz/datasets/domainGenDataset_core_movements/10GHz/Kneel/06100030_1574458920.png,10GHz,Kneel,train,,/scratch/st-zliu-1/heqingz/CrossCarrier_Core6_FullSuite_20260924/manifests/core6_source/10GHz.csv,142,2,0,642381b142b6cc98c035f15d9ffc637b222a9c39e105e43dd2f678ebd95f0cbf
/arc/project/st-zliu-1/heqingz/datasets/domainGenDataset_core_movements/10GHz/Kneel/06100030_1574195462.png,10GHz,Kneel,train,,/scratch/st-zliu-1/heqingz/CrossCarrier_Core6_FullSuite_20260924/manifests/core6_source/10GHz.csv,143,2,0,713b523b9a3d367f1bc80d8f3499a50d0cb8a5a5fbdf2f43b8130ae14b306e5b
/arc/project/st-zliu-1/heqingz/datasets/domainGenDataset_core_movements/10GHz/Kneel/06100014_1574698108.png,10GHz,Kneel,train,,/scratch/st-zliu-1/heqingz/CrossCarrier_Core6_FullSuite_20260924/manifests/core6_source/10GHz.csv,144,2,0,3ebc82a68f6427447862d231e2f2bbc5bc36f8672e3760d36a99edc3073f7998
/arc/project/st-zliu-1/heqingz/datasets/domainGenDataset_core_movements/10GHz/Kneel/06100030_1574458902.png,10GHz,Kneel,train,,/scratch/st-zliu-1/heqingz/CrossCarrier_Core6_FullSuite_20260924/manifests/core6_source/10GHz.csv,145,2,0,1fa962d971c75ccd6d87462621e577f85f32d89a45e39568304ac343a5666fed
/arc/project/st-zliu-1/heqingz/datasets/domainGenDataset_core_movements/10GHz/Kneel/06100014_1574698185.png,10GHz,Kneel,train,,/scratch/st-zliu-1/heqingz/CrossCarrier_Core6_FullSuite_20260924/manifests/core6_source/10GHz.csv,146,2,0,8ebb2a20445b8d3733baa14dca35a174562879fe592ac5d152e371bc71f99800
/arc/project/st-zliu-1/heqingz/datasets/domainGenDataset_core_movements/10GHz/Kneel/06100029_1574628522.png,10GHz,Kneel,train,,/scratch/st-zliu-1/heqingz/CrossCarrier_Core6_FullSuite_20260924/manifests/core6_source/10GHz.csv,147,2,0,091c6665a2dfe02efbd0ef4c2ec2f454772c507fc4548ca1547d70ed3d90758f
/arc/project/st-zliu-1/heqingz/datasets/domainGenDataset_core_movements/10GHz/Kneel/06100030_1574195502.png,10GHz,Kneel,train,,/scratch/st-zliu-1/heqingz/CrossCarrier_Core6_FullSuite_20260924/manifests/core6_source/10GHz.csv,148,2,0,2319a17d403029003cbcfc7c2b534c4e00171f24c0bacc2b69dc0954d2073bc8
/arc/project/st-zliu-1/heqingz/datasets/domainGenDataset_core_movements/10GHz/Kneel/06100029_1574628541 (copy).png,10GHz,Kneel,train,,/scratch/st-zliu-1/heqingz/CrossCarrier_Core6_FullSuite_20260924/manifests/core6_source/10GHz.csv,149,2,0,499ec69b93c4d049ae347b8f38be181dd1abef582c0df5c1f11e95a8bbf18636
/arc/project/st-zliu-1/heqingz/datasets/domainGenDataset_core_movements/10GHz/Kneel/06100029_1574116064.png,10GHz,Kneel,train,,/scratch/st-zliu-1/heqingz/CrossCarrier_Core6_FullSuite_20260924/manifests/core6_source/10GHz.csv,150,2,0,16a4b72bd3078837351f058a1653210f52cd86cc3565742c11f91756bdf028ef
/arc/project/st-zliu-1/heqingz/datasets/domainGenDataset_core_movements/10GHz/Kneel/06100030_1574195802.png,10GHz,Kneel,train,,/scratch/st-zliu-1/heqingz/CrossCarrier_Core6_FullSuite_20260924/manifests/core6_source/10GHz.csv,151,2,0,5a6a2f45d272443cf7c4a23fc2278dbc2118f3e67644fe51e2be24c8372af620
/arc/project/st-zliu-1/heqingz/datasets/domainGenDataset_core_movements/10GHz/Kneel/06100030_1574458956.png,10GHz,Kneel,train,,/scratch/st-zliu-1/heqingz/CrossCarrier_Core6_FullSuite_20260924/manifests/core6_source/10GHz.csv,152,2,0,6bb51f39e254149117ed89f422bdf4e29fbffff183ddf62736eb652bb6f27cc4
/arc/project/st-zliu-1/heqingz/datasets/domainGenDataset_core_movements/10GHz/Kneel/06100029_1574116122.png,10GHz,Kneel,train,,/scratch/st-zliu-1/heqingz/CrossCarrier_Core6_FullSuite_20260924/manifests/core6_source/10GHz.csv,153,2,0,402405a84302aeba1fb4128bc9b5cf24acffa214812e70c29519c46a3c646d0b
/arc/project/st-zliu-1/heqingz/datasets/domainGenDataset_core_movements/10GHz/Kneel/06100014_1574698089.png,10GHz,Kneel,train,,/scratch/st-zliu-1/heqingz/CrossCarrier_Core6_FullSuite_20260924/manifests/core6_source/10GHz.csv,154,2,0,c2191886d019069b3099c2bbd6910639285b996b23b76e58171b29afb75b7b5f
/arc/project/st-zliu-1/heqingz/datasets/domainGenDataset_core_movements/10GHz/Kneel/06100029_1574628503 (copy).png,10GHz,Kneel,train,,/scratch/st-zliu-1/heqingz/CrossCarrier_Core6_FullSuite_20260924/manifests/core6_source/10GHz.csv,155,2,0,0600c33afecad73c5a7a7ac889dcc9918e0b0d4089261d4cd6f7c3d34f1f51a9
/arc/project/st-zliu-1/heqingz/datasets/domainGenDataset_core_movements/10GHz/Kneel/06100014_1574698203.png,10GHz,Kneel,train,,/scratch/st-zliu-1/heqingz/CrossCarrier_Core6_FullSuite_20260924/manifests/core6_source/10GHz.csv,156,2,0,ef6446bd6288baee3a4eb80d8cfe6a368a1e8ae0b40237124c480ea001a5b3ef
/arc/project/st-zliu-1/heqingz/datasets/domainGenDataset_core_movements/10GHz/Kneel/06100030_1574458991.png,10GHz,Kneel,train,,/scratch/st-zliu-1/heqingz/CrossCarrier_Core6_FullSuite_20260924/manifests/core6_source/10GHz.csv,157,2,0,899972530eec8dbaf70c49eb2ab2a0d0807016ab93304345c25d357e1bbdd0eb
/arc/project/st-zliu-1/heqingz/datasets/domainGenDataset_core_movements/10GHz/Kneel/06100030_1574458938 (copy).png,10GHz,Kneel,train,,/scratch/st-zliu-1/heqingz/CrossCarrier_Core6_FullSuite_20260924/manifests/core6_source/10GHz.csv,158,2,0,066596da620b847e1e4638b304f3a501be4a37647d135f9f10bde4d12fcb550b
/arc/project/st-zliu-1/heqingz/datasets/domainGenDataset_core_movements/10GHz/Kneel/06100030_1574195557.png,10GHz,Kneel,train,,/scratch/st-zliu-1/heqingz/CrossCarrier_Core6_FullSuite_20260924/manifests/core6_source/10GHz.csv,159,2,0,e11f49ea46b61a637129cf14bdd0059e17e0a23d9ffcce1b7207987576bd3904
/arc/project/st-zliu-1/heqingz/datasets/domainGenDataset_core_movements/10GHz/Kneel/06100029_1574115983.png,10GHz,Kneel,train,,/scratch/st-zliu-1/heqingz/CrossCarrier_Core6_FullSuite_20260924/manifests/core6_source/10GHz.csv,160,2,0,933549bf4dadf2fe276f3687ca28ed6eb7934988c6a0e6917638425413fc8761
/arc/project/st-zliu-1/heqingz/datasets/domainGenDataset_core_movements/10GHz/Kneel/06100029_1574116122 (copy).png,10GHz,Kneel,train,,/scratch/st-zliu-1/heqingz/CrossCarrier_Core6_FullSuite_20260924/manifests/core6_source/10GHz.csv,161,2,0,402405a84302aeba1fb4128bc9b5cf24acffa214812e70c29519c46a3c646d0b
/arc/project/st-zliu-1/heqingz/datasets/domainGenDataset_core_movements/10GHz/Kneel/06100029_1574628541.png,10GHz,Kneel,train,,/scratch/st-zliu-1/heqingz/CrossCarrier_Core6_FullSuite_20260924/manifests/core6_source/10GHz.csv,162,2,0,499ec69b93c4d049ae347b8f38be181dd1abef582c0df5c1f11e95a8bbf18636
/arc/project/st-zliu-1/heqingz/datasets/domainGenDataset_core_movements/10GHz/Pick/06070029_1574115178.png,10GHz,Pick,train,,/scratch/st-zliu-1/heqingz/CrossCarrier_Core6_FullSuite_20260924/manifests/core6_source/10GHz.csv,183,3,0,c7b7729a216d8d7733f43f6fb757436b75011140b5c773098dc408b6d79026b8
/arc/project/st-zliu-1/heqingz/datasets/domainGenDataset_core_movements/10GHz/Pick/06070014_1574696535.png,10GHz,Pick,train,,/scratch/st-zliu-1/heqingz/CrossCarrier_Core6_FullSuite_20260924/manifests/core6_source/10GHz.csv,184,3,0,736a2f75a123852d6fe701339a1ec171d6b8fad7db0bbdbf0915250fa349d594
/arc/project/st-zliu-1/heqingz/datasets/domainGenDataset_core_movements/10GHz/Pick/06070030_1574457212.png,10GHz,Pick,train,,/scratch/st-zliu-1/heqingz/CrossCarrier_Core6_FullSuite_20260924/manifests/core6_source/10GHz.csv,185,3,0,5561d73e12bb7b13cd21be0f646d958a14872a199e40c45ed99e9fa3179016cd
/arc/project/st-zliu-1/heqingz/datasets/domainGenDataset_core_movements/10GHz/Pick/06070010_1573837641.png,10GHz,Pick,train,,/scratch/st-zliu-1/heqingz/CrossCarrier_Core6_FullSuite_20260924/manifests/core6_source/10GHz.csv,186,3,0,255e473aa73d0b1b012a70ce47348d7811b2dd191f1232dc18eaa002e4037db4
/arc/project/st-zliu-1/heqingz/datasets/domainGenDataset_core_movements/10GHz/Pick/06070010_1573837435.png,10GHz,Pick,train,,/scratch/st-zliu-1/heqingz/CrossCarrier_Core6_FullSuite_20260924/manifests/core6_source/10GHz.csv,187,3,0,67eab9f47921b07b3a42726fa2838dc1c52abfbe59c2d2fc5b9ae0bd871a9d4f
/arc/project/st-zliu-1/heqingz/datasets/domainGenDataset_core_movements/10GHz/Pick/06070010_1573837593.png,10GHz,Pick,train,,/scratch/st-zliu-1/heqingz/CrossCarrier_Core6_FullSuite_20260924/manifests/core6_source/10GHz.csv,188,3,0,08f07e62db3a68ae4713d44938a5771f5b9a5ccc61cf1c6f51c0536567af1783
/arc/project/st-zliu-1/heqingz/datasets/domainGenDataset_core_movements/10GHz/Pick/06070029_1574115138.png,10GHz,Pick,train,,/scratch/st-zliu-1/heqingz/CrossCarrier_Core6_FullSuite_20260924/manifests/core6_source/10GHz.csv,189,3,0,3f308e369396d2c7c48bf58e53bf3fc3e59f16e62b042a2fe536184837c41395
/arc/project/st-zliu-1/heqingz/datasets/domainGenDataset_core_movements/10GHz/Pick/06070010_1573837478.png,10GHz,Pick,train,,/scratch/st-zliu-1/heqingz/CrossCarrier_Core6_FullSuite_20260924/manifests/core6_source/10GHz.csv,190,3,0,1d850f358b241c4dfb74fef1c6bd0b95b4d2906ee293fa2f3164bb6d4edb88fc
/arc/project/st-zliu-1/heqingz/datasets/domainGenDataset_core_movements/10GHz/Pick/06070030_1574194468.png,10GHz,Pick,train,,/scratch/st-zliu-1/heqingz/CrossCarrier_Core6_FullSuite_20260924/manifests/core6_source/10GHz.csv,191,3,0,b501dfbd1501951efb671418574fed0fba45d617c09f7d95019ee0ab22af0f27
/arc/project/st-zliu-1/heqingz/datasets/domainGenDataset_core_movements/10GHz/Pick/06070030_1574457294.png,10GHz,Pick,train,,/scratch/st-zliu-1/heqingz/CrossCarrier_Core6_FullSuite_20260924/manifests/core6_source/10GHz.csv,192,3,0,47be6af94e095b8bdb1a3ceb332efeab06098652c2ad741f1deb8ce78c490aa2
/arc/project/st-zliu-1/heqingz/datasets/domainGenDataset_core_movements/10GHz/Pick/06070030_1574457231.png,10GHz,Pick,train,,/scratch/st-zliu-1/heqingz/CrossCarrier_Core6_FullSuite_20260924/manifests/core6_source/10GHz.csv,193,3,0,913cfa71def0eaf01f6abf65438379d3463e5e29ed8e49b2ec86c7babe32828b
/arc/project/st-zliu-1/heqingz/datasets/domainGenDataset_core_movements/10GHz/Pick/06070030_1574194424.png,10GHz,Pick,train,,/scratch/st-zliu-1/heqingz/CrossCarrier_Core6_FullSuite_20260924/manifests/core6_source/10GHz.csv,194,3,0,6773dc3a76800a26cc1da53c807b8752f8c53375ce0fded459cab2817ccfa0e4
/arc/project/st-zliu-1/heqingz/datasets/domainGenDataset_core_movements/10GHz/Pick/06070029_1574115196.png,10GHz,Pick,train,,/scratch/st-zliu-1/heqingz/CrossCarrier_Core6_FullSuite_20260924/manifests/core6_source/10GHz.csv,195,3,0,e4b4cf85362d7edeb2304697efb58e8eb6e70672ecfde3d30a553d0c5427c420
/arc/project/st-zliu-1/heqingz/datasets/domainGenDataset_core_movements/10GHz/Pick/06070029_1574627762.png,10GHz,Pick,train,,/scratch/st-zliu-1/heqingz/CrossCarrier_Core6_FullSuite_20260924/manifests/core6_source/10GHz.csv,196,3,0,54464dd6c8e1a2733fc69f362e7644b11c2c136b6a371168b07b7e68a62b4138
/arc/project/st-zliu-1/heqingz/datasets/domainGenDataset_core_movements/10GHz/Pick/06070029_1574115158.png,10GHz,Pick,train,,/scratch/st-zliu-1/heqingz/CrossCarrier_Core6_FullSuite_20260924/manifests/core6_source/10GHz.csv,197,3,0,75d5b5346799ccb31c2621225ef98ba429936a2b8a8145b08f38b27fc2f29a83
/arc/project/st-zliu-1/heqingz/datasets/domainGenDataset_core_movements/10GHz/Pick/06070030_1574194508.png,10GHz,Pick,train,,/scratch/st-zliu-1/heqingz/CrossCarrier_Core6_FullSuite_20260924/manifests/core6_source/10GHz.csv,198,3,0,162081b611fdd9db3e39588f026b71b8825d8dc79ebee78bac7fb0db6514563b
/arc/project/st-zliu-1/heqingz/datasets/domainGenDataset_core_movements/10GHz/Pick/06070010_1573837456.png,10GHz,Pick,train,,/scratch/st-zliu-1/heqingz/CrossCarrier_Core6_FullSuite_20260924/manifests/core6_source/10GHz.csv,199,3,0,9cd8f4e73c20f5257d3b81e77fb117faa76f97f6fc0389ad061f01ee63e385dd
/arc/project/st-zliu-1/heqingz/datasets/domainGenDataset_core_movements/10GHz/Pick/06070010_1573837531.png,10GHz,Pick,train,,/scratch/st-zliu-1/heqingz/CrossCarrier_Core6_FullSuite_20260924/manifests/core6_source/10GHz.csv,200,3,0,cfd9274a9478c69233d4f96a41fc391ac9b054144a03ff7b825e1e1dc90be6fb
/arc/project/st-zliu-1/heqingz/datasets/domainGenDataset_core_movements/10GHz/Pick/06070030_1574457190.png,10GHz,Pick,train,,/scratch/st-zliu-1/heqingz/CrossCarrier_Core6_FullSuite_20260924/manifests/core6_source/10GHz.csv,201,3,0,9d3b90fed161cc226198d216076f69dbfcbcad49e8c29f148e446a7ae1ca5341
/arc/project/st-zliu-1/heqingz/datasets/domainGenDataset_core_movements/10GHz/Pick/06070030_1574457315.png,10GHz,Pick,train,,/scratch/st-zliu-1/heqingz/CrossCarrier_Core6_FullSuite_20260924/manifests/core6_source/10GHz.csv,202,3,0,7a10126592dbe3d06a00cf5a246c703a67e53e9359425a1244fdde0f9d84c4ed
/arc/project/st-zliu-1/heqingz/datasets/domainGenDataset_core_movements/10GHz/Pick/06070030_1574194488.png,10GHz,Pick,train,,/scratch/st-zliu-1/heqingz/CrossCarrier_Core6_FullSuite_20260924/manifests/core6_source/10GHz.csv,203,3,0,67556591d7985792fca492174c310e9c22afd7e3366aa22f193cf8e70f7a7041
/arc/project/st-zliu-1/heqingz/datasets/domainGenDataset_core_movements/10GHz/Pick/06070010_1573837502.png,10GHz,Pick,train,,/scratch/st-zliu-1/heqingz/CrossCarrier_Core6_FullSuite_20260924/manifests/core6_source/10GHz.csv,204,3,0,3d14f1cc8916cd7a7946f8927db2eabe4f729de605a1d44faec4f2af5677679d
/arc/project/st-zliu-1/heqingz/datasets/domainGenDataset_core_movements/10GHz/Pick/06070029_1574627654.png,10GHz,Pick,train,,/scratch/st-zliu-1/heqingz/CrossCarrier_Core6_FullSuite_20260924/manifests/core6_source/10GHz.csv,205,3,0,c3f7b95d33195871c10f8c4c437d2cd567a730f030cccd5e0dea295727b3bdd9
/arc/project/st-zliu-1/heqingz/datasets/domainGenDataset_core_movements/10GHz/Pick/06070014_1574696638.png,10GHz,Pick,train,,/scratch/st-zliu-1/heqingz/CrossCarrier_Core6_FullSuite_20260924/manifests/core6_source/10GHz.csv,206,3,0,676626b2f34f5cce6426cc78366bdc999f93bbcd846f8397d2624f83e65f57ef
/arc/project/st-zliu-1/heqingz/datasets/domainGenDataset_core_movements/10GHz/Pick/06070030_1574194528.png,10GHz,Pick,train,,/scratch/st-zliu-1/heqingz/CrossCarrier_Core6_FullSuite_20260924/manifests/core6_source/10GHz.csv,207,3,0,1b73bab7b27ba710dfa1988850eff4e241ca216839963377b60eabd50d948941
/arc/project/st-zliu-1/heqingz/datasets/domainGenDataset_core_movements/10GHz/Pick/06070030_1574194468 (copy).png,10GHz,Pick,train,,/scratch/st-zliu-1/heqingz/CrossCarrier_Core6_FullSuite_20260924/manifests/core6_source/10GHz.csv,208,3,0,b501dfbd1501951efb671418574fed0fba45d617c09f7d95019ee0ab22af0f27
/arc/project/st-zliu-1/heqingz/datasets/domainGenDataset_core_movements/10GHz/Pick/06070014_1574696667.png,10GHz,Pick,train,,/scratch/st-zliu-1/heqingz/CrossCarrier_Core6_FullSuite_20260924/manifests/core6_source/10GHz.csv,209,3,0,099c47ac461011e978a8b6f60196d1f0fdffccff68d2b1a094d459f8a11d45dc
/arc/project/st-zliu-1/heqingz/datasets/domainGenDataset_core_movements/10GHz/Pick/06070029_1574627388.png,10GHz,Pick,train,,/scratch/st-zliu-1/heqingz/CrossCarrier_Core6_FullSuite_20260924/manifests/core6_source/10GHz.csv,210,3,0,d1a780f2f013704944a5afd2583ba2feba1f4d587784f35e2f5fb992d0a466d8
/arc/project/st-zliu-1/heqingz/datasets/domainGenDataset_core_movements/10GHz/Pick/06070029_1574115300.png,10GHz,Pick,train,,/scratch/st-zliu-1/heqingz/CrossCarrier_Core6_FullSuite_20260924/manifests/core6_source/10GHz.csv,211,3,0,5230e68d074b7657b3818bcf3c94c4b70f2655db344c7f1be6774a00a64261e2
/arc/project/st-zliu-1/heqingz/datasets/domainGenDataset_core_movements/10GHz/Pick/06070010_1573837622.png,10GHz,Pick,train,,/scratch/st-zliu-1/heqingz/CrossCarrier_Core6_FullSuite_20260924/manifests/core6_source/10GHz.csv,212,3,0,d3c5264f9521006be3bc7e44834af1e20f9166ae2b83e1cf230164f68437da6c
/arc/project/st-zliu-1/heqingz/datasets/domainGenDataset_core_movements/10GHz/Pick/06070030_1574194444.png,10GHz,Pick,train,,/scratch/st-zliu-1/heqingz/CrossCarrier_Core6_FullSuite_20260924/manifests/core6_source/10GHz.csv,213,3,0,513df0c16e98465b4eb75c2e4561a9e1d4795c44aafb1adaf08b37cb030905fb
/arc/project/st-zliu-1/heqingz/datasets/domainGenDataset_core_movements/10GHz/Pick/06070010_1573837550.png,10GHz,Pick,train,,/scratch/st-zliu-1/heqingz/CrossCarrier_Core6_FullSuite_20260924/manifests/core6_source/10GHz.csv,214,3,0,affee1352671ebd24d2e75968e65c72a752b46331d0bc6067906a193e7cf1d41
/arc/project/st-zliu-1/heqingz/datasets/domainGenDataset_core_movements/10GHz/Pick/06070029_1574627323.png,10GHz,Pick,train,,/scratch/st-zliu-1/heqingz/CrossCarrier_Core6_FullSuite_20260924/manifests/core6_source/10GHz.csv,215,3,0,a0382f7c6ad67941e3b8557cbd9a70cfe56d28b44099ca263fb6f9e87047a885
/arc/project/st-zliu-1/heqingz/datasets/domainGenDataset_core_movements/10GHz/Pick/06070014_1574696560.png,10GHz,Pick,train,,/scratch/st-zliu-1/heqingz/CrossCarrier_Core6_FullSuite_20260924/manifests/core6_source/10GHz.csv,216,3,0,72d01148f6f2c0d50e2f617189257fccf8d816fe27e9deadf064ddfd0a458531
/arc/project/st-zliu-1/heqingz/datasets/domainGenDataset_core_movements/10GHz/Pick/06070029_1574627723.png,10GHz,Pick,train,,/scratch/st-zliu-1/heqingz/CrossCarrier_Core6_FullSuite_20260924/manifests/core6_source/10GHz.csv,217,3,0,6a63515d5325657e782ab4f54ee7616b480a564716d958e5200451304523dce9
/arc/project/st-zliu-1/heqingz/datasets/domainGenDataset_core_movements/10GHz/Pick/06070030_1574194547.png,10GHz,Pick,train,,/scratch/st-zliu-1/heqingz/CrossCarrier_Core6_FullSuite_20260924/manifests/core6_source/10GHz.csv,218,3,0,6b0cc1d94c7fe022e3aba201951985619384ce886e37a048660f45c57e0bd762
/arc/project/st-zliu-1/heqingz/datasets/domainGenDataset_core_movements/10GHz/Pick/06070029_1574115281.png,10GHz,Pick,train,,/scratch/st-zliu-1/heqingz/CrossCarrier_Core6_FullSuite_20260924/manifests/core6_source/10GHz.csv,219,3,0,850bb556d488926e49fe4b9a0b9a1d95a83e4ab1c3b1efa7e036f9405b4bd06c
/arc/project/st-zliu-1/heqingz/datasets/domainGenDataset_core_movements/10GHz/Pick/06070029_1574627347.png,10GHz,Pick,train,,/scratch/st-zliu-1/heqingz/CrossCarrier_Core6_FullSuite_20260924/manifests/core6_source/10GHz.csv,220,3,0,65f20a6a018b801fdc1342f879ea634e479168bd0f4337bf8d81bb6499ea75c4
/arc/project/st-zliu-1/heqingz/datasets/domainGenDataset_core_movements/10GHz/Pick/06070014_1574696706.png,10GHz,Pick,train,,/scratch/st-zliu-1/heqingz/CrossCarrier_Core6_FullSuite_20260924/manifests/core6_source/10GHz.csv,221,3,0,04fdcd59b40c77996d1da17174ffd17ffefcea32303a85d60b86618e9b3184fc
/arc/project/st-zliu-1/heqingz/datasets/domainGenDataset_core_movements/10GHz/Pick/06070030_1574457335.png,10GHz,Pick,train,,/scratch/st-zliu-1/heqingz/CrossCarrier_Core6_FullSuite_20260924/manifests/core6_source/10GHz.csv,222,3,0,5d044ff80a713beaf424030277ae0266a6e19601f888192e804c3bf524af13fa
/arc/project/st-zliu-1/heqingz/datasets/domainGenDataset_core_movements/10GHz/Pick/06070014_1574696688.png,10GHz,Pick,train,,/scratch/st-zliu-1/heqingz/CrossCarrier_Core6_FullSuite_20260924/manifests/core6_source/10GHz.csv,223,3,0,20974b9768a23af05ea94af89fc4ea0b7778b0e6316ac5eb5058a5fb5458bfb2
/arc/project/st-zliu-1/heqingz/datasets/domainGenDataset_core_movements/10GHz/Pick/06070118_1550693675.png,10GHz,Pick,train,,/scratch/st-zliu-1/heqingz/CrossCarrier_Core6_FullSuite_20260924/manifests/core6_source/10GHz.csv,224,3,0,95078660050cabf4e4a3176d1995a4f6ded6c751fe30e5f7ca504475a74f0ea2
/arc/project/st-zliu-1/heqingz/datasets/domainGenDataset_core_movements/10GHz/Sit/06090014_1574697974.png,10GHz,Sit,train,,/scratch/st-zliu-1/heqingz/CrossCarrier_Core6_FullSuite_20260924/manifests/core6_source/10GHz.csv,243,4,0,3a53ea6b787238552bef81acea5422d0b380376616a46787ec07453335b3dea0
/arc/project/st-zliu-1/heqingz/datasets/domainGenDataset_core_movements/10GHz/Sit/06090029_1574628100.png,10GHz,Sit,train,,/scratch/st-zliu-1/heqingz/CrossCarrier_Core6_FullSuite_20260924/manifests/core6_source/10GHz.csv,244,4,0,0da24226f3f19c1c1af565b0b5f76c4f74c844e37f5217b0457b9647d79af95b
/arc/project/st-zliu-1/heqingz/datasets/domainGenDataset_core_movements/10GHz/Sit/06090030_1574458188.png,10GHz,Sit,train,,/scratch/st-zliu-1/heqingz/CrossCarrier_Core6_FullSuite_20260924/manifests/core6_source/10GHz.csv,245,4,0,bce045ecb693ddb19465c362c45eab338837f5e9519ae4c504aee8112777cbed
/arc/project/st-zliu-1/heqingz/datasets/domainGenDataset_core_movements/10GHz/Sit/06090030_1574195293.png,10GHz,Sit,train,,/scratch/st-zliu-1/heqingz/CrossCarrier_Core6_FullSuite_20260924/manifests/core6_source/10GHz.csv,246,4,0,0609a87db86aa9b398c4cb2de268a84bc401269ed7c8dd836352a66cc18c23b8
/arc/project/st-zliu-1/heqingz/datasets/domainGenDataset_core_movements/10GHz/Sit/06090014_1574697493.png,10GHz,Sit,train,,/scratch/st-zliu-1/heqingz/CrossCarrier_Core6_FullSuite_20260924/manifests/core6_source/10GHz.csv,247,4,0,fdb65a118cbe7289c3665a6e8515654c9535e57ba8e2c9aae459fb607ae07fd3
/arc/project/st-zliu-1/heqingz/datasets/domainGenDataset_core_movements/10GHz/Sit/06090014_1574696977.png,10GHz,Sit,train,,/scratch/st-zliu-1/heqingz/CrossCarrier_Core6_FullSuite_20260924/manifests/core6_source/10GHz.csv,248,4,0,3ba06c48e12f9ba21c7eca18a0a8152614ea1b8af4bc1f1fde91648d6ef6e76b
/arc/project/st-zliu-1/heqingz/datasets/domainGenDataset_core_movements/10GHz/Sit/06090030_1574458188 (copy).png,10GHz,Sit,train,,/scratch/st-zliu-1/heqingz/CrossCarrier_Core6_FullSuite_20260924/manifests/core6_source/10GHz.csv,249,4,0,bce045ecb693ddb19465c362c45eab338837f5e9519ae4c504aee8112777cbed
/arc/project/st-zliu-1/heqingz/datasets/domainGenDataset_core_movements/10GHz/Sit/06090030_1574458226.png,10GHz,Sit,train,,/scratch/st-zliu-1/heqingz/CrossCarrier_Core6_FullSuite_20260924/manifests/core6_source/10GHz.csv,250,4,0,adaf81434512a9cee038605c053809e7ec4fee63b0121f9397895b7689cfd05c
/arc/project/st-zliu-1/heqingz/datasets/domainGenDataset_core_movements/10GHz/Sit/06090030_1574458785.png,10GHz,Sit,train,,/scratch/st-zliu-1/heqingz/CrossCarrier_Core6_FullSuite_20260924/manifests/core6_source/10GHz.csv,251,4,0,50c8875ab00d10d3a20b640e6b2b2a74ecd45b792c4ceece1b620bac924852de
/arc/project/st-zliu-1/heqingz/datasets/domainGenDataset_core_movements/10GHz/Sit/06090030_1574195351.png,10GHz,Sit,train,,/scratch/st-zliu-1/heqingz/CrossCarrier_Core6_FullSuite_20260924/manifests/core6_source/10GHz.csv,252,4,0,fec34f49cd961eebe27e2c45bdd3161b2e81dc74b1ef1dde6f36a23b55cc57c2
/arc/project/st-zliu-1/heqingz/datasets/domainGenDataset_core_movements/10GHz/Sit/06090030_1574458265.png,10GHz,Sit,train,,/scratch/st-zliu-1/heqingz/CrossCarrier_Core6_FullSuite_20260924/manifests/core6_source/10GHz.csv,253,4,0,94e3f5d6f63c40b77520fc271ef22a13695c5d2c362a720947ed50f71b294c8d
/arc/project/st-zliu-1/heqingz/datasets/domainGenDataset_core_movements/10GHz/Sit/06090029_1574115745.png,10GHz,Sit,train,,/scratch/st-zliu-1/heqingz/CrossCarrier_Core6_FullSuite_20260924/manifests/core6_source/10GHz.csv,254,4,0,23d4e2960202b334769fa846c8aceea1178c9c3ab106cca3d90033f1c5f4a809
/arc/project/st-zliu-1/heqingz/datasets/domainGenDataset_core_movements/10GHz/Sit/06090030_1574195254.png,10GHz,Sit,train,,/scratch/st-zliu-1/heqingz/CrossCarrier_Core6_FullSuite_20260924/manifests/core6_source/10GHz.csv,255,4,0,42773e4f30aa893d17b117f23abaae03da55a1e0bfebc839bbf38cd1f0272a0d
/arc/project/st-zliu-1/heqingz/datasets/domainGenDataset_core_movements/10GHz/Sit/06090014_1574697018.png,10GHz,Sit,train,,/scratch/st-zliu-1/heqingz/CrossCarrier_Core6_FullSuite_20260924/manifests/core6_source/10GHz.csv,256,4,0,a36938e6e166dd91f100bbfb255d1ea4b0e0802146ca4a3e12e2126b06b855fa
/arc/project/st-zliu-1/heqingz/datasets/domainGenDataset_core_movements/10GHz/Sit/06090029_1574115764.png,10GHz,Sit,train,,/scratch/st-zliu-1/heqingz/CrossCarrier_Core6_FullSuite_20260924/manifests/core6_source/10GHz.csv,257,4,0,2bcf3e4a51148f06087f2f4b12f13c4da7c7affd5ca17d3ff70538de444c768a
/arc/project/st-zliu-1/heqingz/datasets/domainGenDataset_core_movements/10GHz/Sit/06090014_1574697936.png,10GHz,Sit,train,,/scratch/st-zliu-1/heqingz/CrossCarrier_Core6_FullSuite_20260924/manifests/core6_source/10GHz.csv,258,4,0,a5c0b8aa101621b0a9e4e7a8e3d148b649fbb87d0a480b0aa012493ee01491a2
/arc/project/st-zliu-1/heqingz/datasets/domainGenDataset_core_movements/10GHz/Sit/06090029_1574628141.png,10GHz,Sit,train,,/scratch/st-zliu-1/heqingz/CrossCarrier_Core6_FullSuite_20260924/manifests/core6_source/10GHz.csv,259,4,0,1c2b7c934ce878d7b3c102c1efaf7b0b0087be46d12f5a3995d2933b5155eb05
/arc/project/st-zliu-1/heqingz/datasets/domainGenDataset_core_movements/10GHz/Sit/06090029_1574115686.png,10GHz,Sit,train,,/scratch/st-zliu-1/heqingz/CrossCarrier_Core6_FullSuite_20260924/manifests/core6_source/10GHz.csv,260,4,0,4b1bde2f4ee847eebe36a5ea4d12699915479ac0af53be04afcf48aba3bdd6d2
/arc/project/st-zliu-1/heqingz/datasets/domainGenDataset_core_movements/10GHz/Sit/06090014_1574697454.png,10GHz,Sit,train,,/scratch/st-zliu-1/heqingz/CrossCarrier_Core6_FullSuite_20260924/manifests/core6_source/10GHz.csv,261,4,0,0145f28242aa0788149aaf50f747801483a8881d487fda2a697734bfc1d33414
/arc/project/st-zliu-1/heqingz/datasets/domainGenDataset_core_movements/10GHz/Sit/06090030_1574195391.png,10GHz,Sit,train,,/scratch/st-zliu-1/heqingz/CrossCarrier_Core6_FullSuite_20260924/manifests/core6_source/10GHz.csv,262,4,0,2dfbca6343565640c58c8c1033048af6eb7ef8909ef39322790eb26d477537fb
/arc/project/st-zliu-1/heqingz/datasets/domainGenDataset_core_movements/10GHz/Sit/06090029_1574628461.png,10GHz,Sit,train,,/scratch/st-zliu-1/heqingz/CrossCarrier_Core6_FullSuite_20260924/manifests/core6_source/10GHz.csv,263,4,0,ebab24995d8e707d709aea76a24c0976c4c140c949a8ab5d9aced229fd2a0041
/arc/project/st-zliu-1/heqingz/datasets/domainGenDataset_core_movements/10GHz/Sit/06090030_1574195230.png,10GHz,Sit,train,,/scratch/st-zliu-1/heqingz/CrossCarrier_Core6_FullSuite_20260924/manifests/core6_source/10GHz.csv,264,4,0,22a40a1abafce683e1426dc65055cf424f7304c4052126c192b1347c13a05014
/arc/project/st-zliu-1/heqingz/datasets/domainGenDataset_core_movements/10GHz/Sit/06090030_1574458803.png,10GHz,Sit,train,,/scratch/st-zliu-1/heqingz/CrossCarrier_Core6_FullSuite_20260924/manifests/core6_source/10GHz.csv,265,4,0,46eb64a99ed4172cfbbad9419663256329798840c1482a37e1c130054a0b2751
/arc/project/st-zliu-1/heqingz/datasets/domainGenDataset_core_movements/10GHz/Sit/06090029_1574115726.png,10GHz,Sit,train,,/scratch/st-zliu-1/heqingz/CrossCarrier_Core6_FullSuite_20260924/manifests/core6_source/10GHz.csv,266,4,0,c831dceb952acd16cc108e79f41c764ceab0e8ebb324ac5dd1f511d1dd2db0b4
/arc/project/st-zliu-1/heqingz/datasets/domainGenDataset_core_movements/10GHz/Sit/06090014_1574696998 (copy).png,10GHz,Sit,train,,/scratch/st-zliu-1/heqingz/CrossCarrier_Core6_FullSuite_20260924/manifests/core6_source/10GHz.csv,267,4,0,8bee259664585fc4f1584fc1a42cb4ee0c9fb6a4cc383db103d72a81ddde50a7
/arc/project/st-zliu-1/heqingz/datasets/domainGenDataset_core_movements/10GHz/Sit/06090030_1574195274.png,10GHz,Sit,train,,/scratch/st-zliu-1/heqingz/CrossCarrier_Core6_FullSuite_20260924/manifests/core6_source/10GHz.csv,268,4,0,b826d096a972bc61bece14a48c1bc5dd9814d0c31d55f4cb67719dfcf9e1e49d
/arc/project/st-zliu-1/heqingz/datasets/domainGenDataset_core_movements/10GHz/Sit/06090014_1574697897.png,10GHz,Sit,train,,/scratch/st-zliu-1/heqingz/CrossCarrier_Core6_FullSuite_20260924/manifests/core6_source/10GHz.csv,269,4,0,26b1b781d6dee94ba9c83236db71c832e1156af20a6b780d82ed7904c4710afc
/arc/project/st-zliu-1/heqingz/datasets/domainGenDataset_core_movements/10GHz/Sit/06090029_1574115842.png,10GHz,Sit,train,,/scratch/st-zliu-1/heqingz/CrossCarrier_Core6_FullSuite_20260924/manifests/core6_source/10GHz.csv,270,4,0,7a0896dff50f400767ce31a2ca1e8bba21ceca79fa272c0c64518728d1a9c3a2
/arc/project/st-zliu-1/heqingz/datasets/domainGenDataset_core_movements/10GHz/Sit/06090029_1574628180.png,10GHz,Sit,train,,/scratch/st-zliu-1/heqingz/CrossCarrier_Core6_FullSuite_20260924/manifests/core6_source/10GHz.csv,271,4,0,12a0a8a25da488f95ca167fcffc96af21826c3865d560c699a16f6ddaf7c0eab
/arc/project/st-zliu-1/heqingz/datasets/domainGenDataset_core_movements/10GHz/Sit/06090014_1574697058.png,10GHz,Sit,train,,/scratch/st-zliu-1/heqingz/CrossCarrier_Core6_FullSuite_20260924/manifests/core6_source/10GHz.csv,272,4,0,de72fd5abc9ce54e1bd953a155acafd9538dbc50ba7e70413f2a9d99fc6e2460
/arc/project/st-zliu-1/heqingz/datasets/domainGenDataset_core_movements/10GHz/Sit/06090030_1574195371.png,10GHz,Sit,train,,/scratch/st-zliu-1/heqingz/CrossCarrier_Core6_FullSuite_20260924/manifests/core6_source/10GHz.csv,273,4,0,98d5577b637fba0b916aece0b6e7a8e72441ff9edf110fff41438afb947054eb
/arc/project/st-zliu-1/heqingz/datasets/domainGenDataset_core_movements/10GHz/Sit/06090030_1574195274 (copy).png,10GHz,Sit,train,,/scratch/st-zliu-1/heqingz/CrossCarrier_Core6_FullSuite_20260924/manifests/core6_source/10GHz.csv,274,4,0,b826d096a972bc61bece14a48c1bc5dd9814d0c31d55f4cb67719dfcf9e1e49d
/arc/project/st-zliu-1/heqingz/datasets/domainGenDataset_core_movements/10GHz/Sit/06090014_1574697955.png,10GHz,Sit,train,,/scratch/st-zliu-1/heqingz/CrossCarrier_Core6_FullSuite_20260924/manifests/core6_source/10GHz.csv,275,4,0,9257524dc8b22094a80368782642493b6ed4a028ea920177b63cb443b72d2eb7
/arc/project/st-zliu-1/heqingz/datasets/domainGenDataset_core_movements/10GHz/Sit/06090014_1574696998.png,10GHz,Sit,train,,/scratch/st-zliu-1/heqingz/CrossCarrier_Core6_FullSuite_20260924/manifests/core6_source/10GHz.csv,276,4,0,8bee259664585fc4f1584fc1a42cb4ee0c9fb6a4cc383db103d72a81ddde50a7
/arc/project/st-zliu-1/heqingz/datasets/domainGenDataset_core_movements/10GHz/Sit/06090014_1574697390.png,10GHz,Sit,train,,/scratch/st-zliu-1/heqingz/CrossCarrier_Core6_FullSuite_20260924/manifests/core6_source/10GHz.csv,277,4,0,6ed020cf6e347000644f74bc644db71609d0b2c2e64c07b70ce08319e5879aff
/arc/project/st-zliu-1/heqingz/datasets/domainGenDataset_core_movements/10GHz/Sit/06090030_1574458283.png,10GHz,Sit,train,,/scratch/st-zliu-1/heqingz/CrossCarrier_Core6_FullSuite_20260924/manifests/core6_source/10GHz.csv,278,4,0,4ac042fb762f18b9da9d88c5df8af87632aa5b9274704ee614c995c296140ddc
/arc/project/st-zliu-1/heqingz/datasets/domainGenDataset_core_movements/10GHz/Sit/06090030_1574458207.png,10GHz,Sit,train,,/scratch/st-zliu-1/heqingz/CrossCarrier_Core6_FullSuite_20260924/manifests/core6_source/10GHz.csv,279,4,0,1e4208aae264444a12f7d61bca35448c379591ebd444186907b34dae1cb4a2f1
/arc/project/st-zliu-1/heqingz/datasets/domainGenDataset_core_movements/10GHz/Sit/06090014_1574697955 (copy).png,10GHz,Sit,train,,/scratch/st-zliu-1/heqingz/CrossCarrier_Core6_FullSuite_20260924/manifests/core6_source/10GHz.csv,280,4,0,9257524dc8b22094a80368782642493b6ed4a028ea920177b63cb443b72d2eb7
/arc/project/st-zliu-1/heqingz/datasets/domainGenDataset_core_movements/10GHz/Sit/06090014_1574697993.png,10GHz,Sit,train,,/scratch/st-zliu-1/heqingz/CrossCarrier_Core6_FullSuite_20260924/manifests/core6_source/10GHz.csv,281,4,0,5df93858b4c8d2dab6a10ded952ba834a7e3a6955b9b501e0a6b19b6a4de0bb3
/arc/project/st-zliu-1/heqingz/datasets/domainGenDataset_core_movements/10GHz/Towards/06050030_1574193925.png,10GHz,Towards,train,,/scratch/st-zliu-1/heqingz/CrossCarrier_Core6_FullSuite_20260924/manifests/core6_source/10GHz.csv,300,5,0,e47e12d421ecdc8e6894feaabfacb6e1e456836df8e4f77fa4704cee6e43bef3
/arc/project/st-zliu-1/heqingz/datasets/domainGenDataset_core_movements/10GHz/Towards/06050030_1574456646.png,10GHz,Towards,train,,/scratch/st-zliu-1/heqingz/CrossCarrier_Core6_FullSuite_20260924/manifests/core6_source/10GHz.csv,301,5,0,e28900056d8991cfce641665690f1f41eb41b10c2fb5713457bbf832d58a9b41
/arc/project/st-zliu-1/heqingz/datasets/domainGenDataset_core_movements/10GHz/Towards/06050029_1574114294.png,10GHz,Towards,train,,/scratch/st-zliu-1/heqingz/CrossCarrier_Core6_FullSuite_20260924/manifests/core6_source/10GHz.csv,302,5,0,7cf24d55ae00a62d5dfc62391f26f53114ff3bcbf769fc3585f5d9229cbcc976
/arc/project/st-zliu-1/heqingz/datasets/domainGenDataset_core_movements/10GHz/Towards/06050030_1574456906.png,10GHz,Towards,train,,/scratch/st-zliu-1/heqingz/CrossCarrier_Core6_FullSuite_20260924/manifests/core6_source/10GHz.csv,303,5,0,5dbeacd694e76ce47dc917b74f3cfd317a7c0eaf6cab908efadc5a7051e2c080
/arc/project/st-zliu-1/heqingz/datasets/domainGenDataset_core_movements/10GHz/Towards/06050030_1574456747.png,10GHz,Towards,train,,/scratch/st-zliu-1/heqingz/CrossCarrier_Core6_FullSuite_20260924/manifests/core6_source/10GHz.csv,304,5,0,96aa527f87a1ce79295b10c51360e409f86fba38000199557f3f3c98f2576db7
/arc/project/st-zliu-1/heqingz/datasets/domainGenDataset_core_movements/10GHz/Towards/06050029_1574626307.png,10GHz,Towards,train,,/scratch/st-zliu-1/heqingz/CrossCarrier_Core6_FullSuite_20260924/manifests/core6_source/10GHz.csv,305,5,0,b613e02edcbc378b699a0a8fd6c53c1d39a7aa563f02c2ecf9e6533f970ae324
/arc/project/st-zliu-1/heqingz/datasets/domainGenDataset_core_movements/10GHz/Towards/06050029_1574626392.png,10GHz,Towards,train,,/scratch/st-zliu-1/heqingz/CrossCarrier_Core6_FullSuite_20260924/manifests/core6_source/10GHz.csv,306,5,0,84556b5fb1bc3b7938a90bd7d99a8559a5c6877fc6b1c4fae289281a487ef2f5
/arc/project/st-zliu-1/heqingz/datasets/domainGenDataset_core_movements/10GHz/Towards/06050030_1574456771.png,10GHz,Towards,train,,/scratch/st-zliu-1/heqingz/CrossCarrier_Core6_FullSuite_20260924/manifests/core6_source/10GHz.csv,307,5,0,79879ad149594b62597b46f92a5f5130ddf242cdb1999cd9832b32e480efc328
/arc/project/st-zliu-1/heqingz/datasets/domainGenDataset_core_movements/10GHz/Towards/06050030_1574193984.png,10GHz,Towards,train,,/scratch/st-zliu-1/heqingz/CrossCarrier_Core6_FullSuite_20260924/manifests/core6_source/10GHz.csv,308,5,0,12cb2717d2c18cfcbd299e98c4bf2752e10ed5cfdd9c8015e8dcccc4eb970865
/arc/project/st-zliu-1/heqingz/datasets/domainGenDataset_core_movements/10GHz/Towards/06050029_1574626109.png,10GHz,Towards,train,,/scratch/st-zliu-1/heqingz/CrossCarrier_Core6_FullSuite_20260924/manifests/core6_source/10GHz.csv,309,5,0,cf62f220154c91ffa0331bc54f65c2deae00a67d843685d325ca8c7bc1bc4e86
/arc/project/st-zliu-1/heqingz/datasets/domainGenDataset_core_movements/10GHz/Towards/06050030_1574193902.png,10GHz,Towards,train,,/scratch/st-zliu-1/heqingz/CrossCarrier_Core6_FullSuite_20260924/manifests/core6_source/10GHz.csv,310,5,0,bdc64aae11f64cd212395740fc6fd804fbc4a13c03358e6ad332a4b3cbf4439e
/arc/project/st-zliu-1/heqingz/datasets/domainGenDataset_core_movements/10GHz/Towards/06050010_1573836957.png,10GHz,Towards,train,,/scratch/st-zliu-1/heqingz/CrossCarrier_Core6_FullSuite_20260924/manifests/core6_source/10GHz.csv,311,5,0,8375966d1d64667ee09d80ac17470fe79f72ab8b1f89e1fc88c7625305b4c7a2
/arc/project/st-zliu-1/heqingz/datasets/domainGenDataset_core_movements/10GHz/Towards/06050118_1550693318.png,10GHz,Towards,train,,/scratch/st-zliu-1/heqingz/CrossCarrier_Core6_FullSuite_20260924/manifests/core6_source/10GHz.csv,312,5,0,b1a81a5d73c514bb7ded6306164a63c5a23cfba2d16347e55643d57b831d0bc8
/arc/project/st-zliu-1/heqingz/datasets/domainGenDataset_core_movements/10GHz/Towards/06050029_1574114625.png,10GHz,Towards,train,,/scratch/st-zliu-1/heqingz/CrossCarrier_Core6_FullSuite_20260924/manifests/core6_source/10GHz.csv,313,5,0,055314c291feb3d2c3ec030a07c2e713f42609cf17480006e89e2353ac3d1c0a
/arc/project/st-zliu-1/heqingz/datasets/domainGenDataset_core_movements/10GHz/Towards/06050118_1550693159.png,10GHz,Towards,train,,/scratch/st-zliu-1/heqingz/CrossCarrier_Core6_FullSuite_20260924/manifests/core6_source/10GHz.csv,314,5,0,8400ca75d91c86888f168a17ad4718d911a204da0958fe9db08ded94faddf5ac
/arc/project/st-zliu-1/heqingz/datasets/domainGenDataset_core_movements/10GHz/Towards/06050118_1550693298.png,10GHz,Towards,train,,/scratch/st-zliu-1/heqingz/CrossCarrier_Core6_FullSuite_20260924/manifests/core6_source/10GHz.csv,315,5,0,26a953f5683dce842f4c567dcbd3c8c1f00595afbfb287ea7f3f2e17950213b9
/arc/project/st-zliu-1/heqingz/datasets/domainGenDataset_core_movements/10GHz/Towards/06050010_1573837002.png,10GHz,Towards,train,,/scratch/st-zliu-1/heqingz/CrossCarrier_Core6_FullSuite_20260924/manifests/core6_source/10GHz.csv,316,5,0,70866a62bb734a6b88a2a9a5b730803cf1b23dae5156b78e6a382ebb73422981
/arc/project/st-zliu-1/heqingz/datasets/domainGenDataset_core_movements/10GHz/Towards/06050010_1573836822.png,10GHz,Towards,train,,/scratch/st-zliu-1/heqingz/CrossCarrier_Core6_FullSuite_20260924/manifests/core6_source/10GHz.csv,317,5,0,ca6499805412d93f53775405278f51d55aac8158c07e61f345e09d359264980c
/arc/project/st-zliu-1/heqingz/datasets/domainGenDataset_core_movements/10GHz/Towards/06050118_1550693231.png,10GHz,Towards,train,,/scratch/st-zliu-1/heqingz/CrossCarrier_Core6_FullSuite_20260924/manifests/core6_source/10GHz.csv,318,5,0,324644050ad6fe03d816b2a6d1594e1e53f28f8f666cbab2cf2484932647de48
/arc/project/st-zliu-1/heqingz/datasets/domainGenDataset_core_movements/10GHz/Towards/06050010_1573837045.png,10GHz,Towards,train,,/scratch/st-zliu-1/heqingz/CrossCarrier_Core6_FullSuite_20260924/manifests/core6_source/10GHz.csv,319,5,0,e3b9639bb3a1ce2ffd55d64053a0183528fed9c208f6655be93e1602b8fbe022
/arc/project/st-zliu-1/heqingz/datasets/domainGenDataset_core_movements/10GHz/Towards/06050118_1550693255.png,10GHz,Towards,train,,/scratch/st-zliu-1/heqingz/CrossCarrier_Core6_FullSuite_20260924/manifests/core6_source/10GHz.csv,320,5,0,788ba8a96a81466ab684a9c91024df3d1a6c547cd230330ee6d0a0b5627d5517
/arc/project/st-zliu-1/heqingz/datasets/domainGenDataset_core_movements/10GHz/Towards/06050029_1574114550.png,10GHz,Towards,train,,/scratch/st-zliu-1/heqingz/CrossCarrier_Core6_FullSuite_20260924/manifests/core6_source/10GHz.csv,321,5,0,603fd23f009faf69c01b6426824d48af20bc345e77deb7212cd5bc3633b0fad6
/arc/project/st-zliu-1/heqingz/datasets/domainGenDataset_core_movements/10GHz/Towards/06050118_1550693210.png,10GHz,Towards,train,,/scratch/st-zliu-1/heqingz/CrossCarrier_Core6_FullSuite_20260924/manifests/core6_source/10GHz.csv,322,5,0,a1124f65bb9d0d370f2f7676f338c9d2842d72706465234a772817236baf2ed7
/arc/project/st-zliu-1/heqingz/datasets/domainGenDataset_core_movements/10GHz/Towards/06050010_1573836864.png,10GHz,Towards,train,,/scratch/st-zliu-1/heqingz/CrossCarrier_Core6_FullSuite_20260924/manifests/core6_source/10GHz.csv,323,5,0,7dba0628f6d75621325efa360855963df8027eae61ffec6f59c466487ecb5d4a
/arc/project/st-zliu-1/heqingz/datasets/domainGenDataset_core_movements/10GHz/Towards/06050029_1574114529.png,10GHz,Towards,train,,/scratch/st-zliu-1/heqingz/CrossCarrier_Core6_FullSuite_20260924/manifests/core6_source/10GHz.csv,324,5,0,9c470e840983c0e732c186f7ec6983b1cd8c3378cfacf2bdcde9c5d26041bb2e
/arc/project/st-zliu-1/heqingz/datasets/domainGenDataset_core_movements/10GHz/Towards/06050029_1574114569.png,10GHz,Towards,train,,/scratch/st-zliu-1/heqingz/CrossCarrier_Core6_FullSuite_20260924/manifests/core6_source/10GHz.csv,325,5,0,2a10bac04a338d40a0c3e8ed9ce6ce9f646bcbc8a4f6e7aa89926e8567bac5d9
/arc/project/st-zliu-1/heqingz/datasets/domainGenDataset_core_movements/10GHz/Towards/06050111_1550865783.png,10GHz,Towards,train,,/scratch/st-zliu-1/heqingz/CrossCarrier_Core6_FullSuite_20260924/manifests/core6_source/10GHz.csv,326,5,0,d4b877e49eda3260dcea9593614da324d4e0f644e999d8399a9f4122805a68b0
/arc/project/st-zliu-1/heqingz/datasets/domainGenDataset_core_movements/10GHz/Towards/06050029_1574114268.png,10GHz,Towards,train,,/scratch/st-zliu-1/heqingz/CrossCarrier_Core6_FullSuite_20260924/manifests/core6_source/10GHz.csv,327,5,0,b0b217e8e990462c7562aadc02933915dfd52f4a6c5513999e48293f06382e8a
/arc/project/st-zliu-1/heqingz/datasets/domainGenDataset_core_movements/10GHz/Towards/06050111_1550865828.png,10GHz,Towards,train,,/scratch/st-zliu-1/heqingz/CrossCarrier_Core6_FullSuite_20260924/manifests/core6_source/10GHz.csv,328,5,0,15e18211c8615e5dac1821e4fceafe302a359983221cb4b83cd0f95587e21398
/arc/project/st-zliu-1/heqingz/datasets/domainGenDataset_core_movements/10GHz/Towards/06050030_1574194013.png,10GHz,Towards,train,,/scratch/st-zliu-1/heqingz/CrossCarrier_Core6_FullSuite_20260924/manifests/core6_source/10GHz.csv,329,5,0,f9505555fdecd559e7e61581fb7d846cdb7895a6b7ec71ebc61acd5313d4528a
/arc/project/st-zliu-1/heqingz/datasets/domainGenDataset_core_movements/10GHz/Towards/06050111_1550865545.png,10GHz,Towards,train,,/scratch/st-zliu-1/heqingz/CrossCarrier_Core6_FullSuite_20260924/manifests/core6_source/10GHz.csv,330,5,0,03751f2848cd04eed45d2f6261eb04e54aedfbbcffe7456f35e611cb47713ea9
/arc/project/st-zliu-1/heqingz/datasets/domainGenDataset_core_movements/10GHz/Towards/06050111_1550865576.png,10GHz,Towards,train,,/scratch/st-zliu-1/heqingz/CrossCarrier_Core6_FullSuite_20260924/manifests/core6_source/10GHz.csv,331,5,0,d05aee0b073627c486fb8c70e5ba4230f243d3402a5f79624afc2f492679c4e3
/arc/project/st-zliu-1/heqingz/datasets/domainGenDataset_core_movements/10GHz/Towards/06050118_1550693339.png,10GHz,Towards,train,,/scratch/st-zliu-1/heqingz/CrossCarrier_Core6_FullSuite_20260924/manifests/core6_source/10GHz.csv,332,5,0,8194195be40379ddd70d903b9e9c84340ef4c6dfed78e46b9d9f1b56d3d2ded0
/arc/project/st-zliu-1/heqingz/datasets/domainGenDataset_core_movements/10GHz/Towards/06050029_1574114606.png,10GHz,Towards,train,,/scratch/st-zliu-1/heqingz/CrossCarrier_Core6_FullSuite_20260924/manifests/core6_source/10GHz.csv,333,5,0,f2fffd8cdca234abc451364d4be6ea2e677569a544ab2d32c0ac5f89a0544fab
/arc/project/st-zliu-1/heqingz/datasets/domainGenDataset_core_movements/10GHz/Towards/06050010_1573837067.png,10GHz,Towards,train,,/scratch/st-zliu-1/heqingz/CrossCarrier_Core6_FullSuite_20260924/manifests/core6_source/10GHz.csv,334,5,0,589700db6ec15099e0edc12779360132bf7633651caf96b00508bb3aa306891d
/arc/project/st-zliu-1/heqingz/datasets/domainGenDataset_core_movements/10GHz/Towards/06050030_1574456705.png,10GHz,Towards,train,,/scratch/st-zliu-1/heqingz/CrossCarrier_Core6_FullSuite_20260924/manifests/core6_source/10GHz.csv,335,5,0,bd01ccd54126b8c20b8803d3c5a881a49f37aa5545b847d3bb77fd9156ce7468
/arc/project/st-zliu-1/heqingz/datasets/domainGenDataset_core_movements/10GHz/Towards/06050030_1574194068.png,10GHz,Towards,train,,/scratch/st-zliu-1/heqingz/CrossCarrier_Core6_FullSuite_20260924/manifests/core6_source/10GHz.csv,336,5,0,e1bcc1f95c53ab087ca57565bc3b5166030c5f4516474a9260c4a567e9bfb27e
/arc/project/st-zliu-1/heqingz/datasets/domainGenDataset_core_movements/10GHz/Towards/06050029_1574114447.png,10GHz,Towards,train,,/scratch/st-zliu-1/heqingz/CrossCarrier_Core6_FullSuite_20260924/manifests/core6_source/10GHz.csv,337,5,0,5e24a708c35a15b8731de733bca004cf7a1894086ef10f0e10faffa0fc638917
/arc/project/st-zliu-1/heqingz/datasets/domainGenDataset_core_movements/10GHz/Towards/06050111_1550865759.png,10GHz,Towards,train,,/scratch/st-zliu-1/heqingz/CrossCarrier_Core6_FullSuite_20260924/manifests/core6_source/10GHz.csv,338,5,0,c097c8e2c4aa1c0c084835b64fb9092b0406a1cdbe28a2fca14baf694f3dc208
/arc/project/st-zliu-1/heqingz/datasets/domainGenDataset_core_movements/10GHz/Towards/06050029_1574626331.png,10GHz,Towards,train,,/scratch/st-zliu-1/heqingz/CrossCarrier_Core6_FullSuite_20260924/manifests/core6_source/10GHz.csv,339,5,0,1389086b97c30678367e08de0dd22b6c8c2370c796671f1aac7585650973b96b
/arc/project/st-zliu-1/heqingz/datasets/domainGenDataset_core_movements/10GHz/Towards/06050029_1574626188.png,10GHz,Towards,train,,/scratch/st-zliu-1/heqingz/CrossCarrier_Core6_FullSuite_20260924/manifests/core6_source/10GHz.csv,340,5,0,832fdcb65e503e9a6e9752d0d85393d2f5c6afd9e808478b3ff984322c458dd9
/arc/project/st-zliu-1/heqingz/datasets/domainGenDataset_core_movements/10GHz/Towards/06050010_1573836925.png,10GHz,Towards,train,,/scratch/st-zliu-1/heqingz/CrossCarrier_Core6_FullSuite_20260924/manifests/core6_source/10GHz.csv,341,5,0,d3193daa8677c85f243536c381980e89d1b4401a91939d3e1b6c7a356012d081
/arc/project/st-zliu-1/heqingz/datasets/domainGenDataset_core_movements/24GHz/Away/walkto13_DS.png,24GHz,Away,train,,/scratch/st-zliu-1/heqingz/CrossCarrier_Core6_FullSuite_20260924/manifests/core6_source/24GHz.csv,2,0,1,1897f9bf6d6baf238d901693955014f9d5200f10fb631cc64743fa87ed5cbb80
/arc/project/st-zliu-1/heqingz/datasets/domainGenDataset_core_movements/24GHz/Away/swalking11_DS.png,24GHz,Away,train,,/scratch/st-zliu-1/heqingz/CrossCarrier_Core6_FullSuite_20260924/manifests/core6_source/24GHz.csv,3,0,1,dc0893e807d43c93259286669f87a86955cd2066f2f87118aaf1b1e616ee3268
/arc/project/st-zliu-1/heqingz/datasets/domainGenDataset_core_movements/24GHz/Away/01060014_1574696370_Spec.png,24GHz,Away,train,,/scratch/st-zliu-1/heqingz/CrossCarrier_Core6_FullSuite_20260924/manifests/core6_source/24GHz.csv,4,0,1,c66582634e1184c49eee223a3a34a6547d34b73c0ed7937762d97343b9f04031
/arc/project/st-zliu-1/heqingz/datasets/domainGenDataset_core_movements/24GHz/Away/01060030_1574456989_Spec.png,24GHz,Away,train,,/scratch/st-zliu-1/heqingz/CrossCarrier_Core6_FullSuite_20260924/manifests/core6_source/24GHz.csv,5,0,1,0648254dbf0bce39110e31aaf33d5ba650a0eb2afa1b3e4f574b5ad5d04c63c5
/arc/project/st-zliu-1/heqingz/datasets/domainGenDataset_core_movements/24GHz/Away/hwalk5_DS.png,24GHz,Away,train,,/scratch/st-zliu-1/heqingz/CrossCarrier_Core6_FullSuite_20260924/manifests/core6_source/24GHz.csv,6,0,1,efe49e1c1f89dc89f3125802ffc38432d0efe3b993906296670b05b9eaa53ed1
/arc/project/st-zliu-1/heqingz/datasets/domainGenDataset_core_movements/24GHz/Away/01060030_1574194249_Spec.png,24GHz,Away,train,,/scratch/st-zliu-1/heqingz/CrossCarrier_Core6_FullSuite_20260924/manifests/core6_source/24GHz.csv,7,0,1,076b2cd37e31dc8cf5c6343bbede3926987237ffd660c567fdc61effb0eb3e1e
/arc/project/st-zliu-1/heqingz/datasets/domainGenDataset_core_movements/24GHz/Away/01060029_1574114809_Spec.png,24GHz,Away,train,,/scratch/st-zliu-1/heqingz/CrossCarrier_Core6_FullSuite_20260924/manifests/core6_source/24GHz.csv,8,0,1,432a9396f598839f1d4df3cc636a2c0329fc6d34f36aae72a4c048a1b0364d51
/arc/project/st-zliu-1/heqingz/datasets/domainGenDataset_core_movements/24GHz/Away/zwalk4_DS.png,24GHz,Away,train,,/scratch/st-zliu-1/heqingz/CrossCarrier_Core6_FullSuite_20260924/manifests/core6_source/24GHz.csv,9,0,1,729c9e38c920f18f0e47db946ed3b58a519ba34836971478f409c650b53c7f61
/arc/project/st-zliu-1/heqingz/datasets/domainGenDataset_core_movements/24GHz/Away/zwalk8_DS.png,24GHz,Away,train,,/scratch/st-zliu-1/heqingz/CrossCarrier_Core6_FullSuite_20260924/manifests/core6_source/24GHz.csv,10,0,1,0aed95e9a28f5291b5df2c199ee98ed0353fd82d03c5e6952e6c4310fc2c87b4
/arc/project/st-zliu-1/heqingz/datasets/domainGenDataset_core_movements/24GHz/Away/01060010_1573837370_Spec.png,24GHz,Away,train,,/scratch/st-zliu-1/heqingz/CrossCarrier_Core6_FullSuite_20260924/manifests/core6_source/24GHz.csv,11,0,1,5b4f3e6617abb04a0bdf4d6dc4ad52b4c08f435cac3b722f6ab12ccb4fa23234
/arc/project/st-zliu-1/heqingz/datasets/domainGenDataset_core_movements/24GHz/Away/01060030_1574457116_Spec.png,24GHz,Away,train,,/scratch/st-zliu-1/heqingz/CrossCarrier_Core6_FullSuite_20260924/manifests/core6_source/24GHz.csv,12,0,1,4ede092752aaa35c86ad4d855cfbd0d7213460f67bef0b42a8fbc607f4fdd871
/arc/project/st-zliu-1/heqingz/datasets/domainGenDataset_core_movements/24GHz/Away/01060030_1574194179_Spec.png,24GHz,Away,train,,/scratch/st-zliu-1/heqingz/CrossCarrier_Core6_FullSuite_20260924/manifests/core6_source/24GHz.csv,13,0,1,3b9fef872e0f78d4ff835c65aa89dcbf875eeef71d99ce7b3812e388a2d4ce90
/arc/project/st-zliu-1/heqingz/datasets/domainGenDataset_core_movements/24GHz/Away/swalking9_DS.png,24GHz,Away,train,,/scratch/st-zliu-1/heqingz/CrossCarrier_Core6_FullSuite_20260924/manifests/core6_source/24GHz.csv,14,0,1,0d230a326edffab6b99e47973776966304dc9062f3adadb8524d6ef163aefe57
/arc/project/st-zliu-1/heqingz/datasets/domainGenDataset_core_movements/24GHz/Away/bwalk3_DS.png,24GHz,Away,train,,/scratch/st-zliu-1/heqingz/CrossCarrier_Core6_FullSuite_20260924/manifests/core6_source/24GHz.csv,15,0,1,5bd00816abc052d9e8f72f66b2f54c53ab177005be4363eea71fd42a50deb3b5
/arc/project/st-zliu-1/heqingz/datasets/domainGenDataset_core_movements/24GHz/Away/mwalk9_DS.png,24GHz,Away,train,,/scratch/st-zliu-1/heqingz/CrossCarrier_Core6_FullSuite_20260924/manifests/core6_source/24GHz.csv,16,0,1,e7849b235f7733c446c48feb808d4f3453371970f519e222b80c10ea06e7d2b3
/arc/project/st-zliu-1/heqingz/datasets/domainGenDataset_core_movements/24GHz/Away/walkto3_DS.png,24GHz,Away,train,,/scratch/st-zliu-1/heqingz/CrossCarrier_Core6_FullSuite_20260924/manifests/core6_source/24GHz.csv,17,0,1,889a0d00a53e7c5bca8107e2aa83e59150d9faf70a0f6ac80a1182bbadb27f37
/arc/project/st-zliu-1/heqingz/datasets/domainGenDataset_core_movements/24GHz/Away/01060029_1574626614_Spec.png,24GHz,Away,train,,/scratch/st-zliu-1/heqingz/CrossCarrier_Core6_FullSuite_20260924/manifests/core6_source/24GHz.csv,18,0,1,96b7a153581d84f0d809a77326ec3ab0541122c3b04bf3b439671d1b7f45134b
/arc/project/st-zliu-1/heqingz/datasets/domainGenDataset_core_movements/24GHz/Away/walk29_DS.png,24GHz,Away,train,,/scratch/st-zliu-1/heqingz/CrossCarrier_Core6_FullSuite_20260924/manifests/core6_source/24GHz.csv,19,0,1,7f4ab5e7a0e70c511bae34b4b48274f9d55e5578a77d237bb307f7c4a3cf7bff
/arc/project/st-zliu-1/heqingz/datasets/domainGenDataset_core_movements/24GHz/Away/01060029_1574114789_Spec.png,24GHz,Away,train,,/scratch/st-zliu-1/heqingz/CrossCarrier_Core6_FullSuite_20260924/manifests/core6_source/24GHz.csv,20,0,1,3ba1033fe2a1baba1952f4a3f4bff4be9e9d32b36bc5215963897ec353cf8e1a
/arc/project/st-zliu-1/heqingz/datasets/domainGenDataset_core_movements/24GHz/Away/swalking15_DS.png,24GHz,Away,train,,/scratch/st-zliu-1/heqingz/CrossCarrier_Core6_FullSuite_20260924/manifests/core6_source/24GHz.csv,21,0,1,341341296ae6ec54910590789207060eba7f0975496026e4ba4ba4338346aec5
/arc/project/st-zliu-1/heqingz/datasets/domainGenDataset_core_movements/24GHz/Away/hwalk3_DS.png,24GHz,Away,train,,/scratch/st-zliu-1/heqingz/CrossCarrier_Core6_FullSuite_20260924/manifests/core6_source/24GHz.csv,22,0,1,23bd02686fa8db487bc929885eebfd81ea1e0ae6ab6d9974546e4e853fe98b0d
/arc/project/st-zliu-1/heqingz/datasets/domainGenDataset_core_movements/24GHz/Away/01060010_1573837135_Spec.png,24GHz,Away,train,,/scratch/st-zliu-1/heqingz/CrossCarrier_Core6_FullSuite_20260924/manifests/core6_source/24GHz.csv,23,0,1,edf4c107ef470f56387ccd27f9e54b4a76ed85b386f7d2d547fb6679cd84791f
/arc/project/st-zliu-1/heqingz/datasets/domainGenDataset_core_movements/24GHz/Away/zwalk12_DS.png,24GHz,Away,train,,/scratch/st-zliu-1/heqingz/CrossCarrier_Core6_FullSuite_20260924/manifests/core6_source/24GHz.csv,24,0,1,052e32ce4c0cf8caf2c5c36a947d94e913419ae1ec417b69be5666cffbb8d553
/arc/project/st-zliu-1/heqingz/datasets/domainGenDataset_core_movements/24GHz/Away/walkto1_DS.png,24GHz,Away,train,,/scratch/st-zliu-1/heqingz/CrossCarrier_Core6_FullSuite_20260924/manifests/core6_source/24GHz.csv,25,0,1,54cd570780785f4c082c1dea0293ba5903f5e7f226fe459439054c9d576d351f
/arc/project/st-zliu-1/heqingz/datasets/domainGenDataset_core_movements/24GHz/Away/01060014_1574696490_Spec.png,24GHz,Away,train,,/scratch/st-zliu-1/heqingz/CrossCarrier_Core6_FullSuite_20260924/manifests/core6_source/24GHz.csv,26,0,1,081899e4afd245bb00223575fa4e06ea6b82bd195f0a2ef2227bf1d5c1d5deae
/arc/project/st-zliu-1/heqingz/datasets/domainGenDataset_core_movements/24GHz/Away/swalk10_DS.png,24GHz,Away,train,,/scratch/st-zliu-1/heqingz/CrossCarrier_Core6_FullSuite_20260924/manifests/core6_source/24GHz.csv,27,0,1,b48bd107198b2ba6237264332961fa50800eb64ed920fe6f0c0559cdfd826e3e
/arc/project/st-zliu-1/heqingz/datasets/domainGenDataset_core_movements/24GHz/Away/01000000_1574696308_Spec.png,24GHz,Away,train,,/scratch/st-zliu-1/heqingz/CrossCarrier_Core6_FullSuite_20260924/manifests/core6_source/24GHz.csv,28,0,1,32855744b4cb730f52c13e38c6a52c291e983027238f4832285087f557f47d23
/arc/project/st-zliu-1/heqingz/datasets/domainGenDataset_core_movements/24GHz/Away/gwalk8_DS.png,24GHz,Away,train,,/scratch/st-zliu-1/heqingz/CrossCarrier_Core6_FullSuite_20260924/manifests/core6_source/24GHz.csv,29,0,1,27c3c07463d50463b45355a74d2d95634d2e623ecc307992b7971d310d429b7e
/arc/project/st-zliu-1/heqingz/datasets/domainGenDataset_core_movements/24GHz/Away/swalking5_DS.png,24GHz,Away,train,,/scratch/st-zliu-1/heqingz/CrossCarrier_Core6_FullSuite_20260924/manifests/core6_source/24GHz.csv,30,0,1,27e61bd07bc4bb64f38db3c565d79accbf495349dcb2d470b449bf50dc8a8704
/arc/project/st-zliu-1/heqingz/datasets/domainGenDataset_core_movements/24GHz/Away/01060029_1574626995_Spec.png,24GHz,Away,train,,/scratch/st-zliu-1/heqingz/CrossCarrier_Core6_FullSuite_20260924/manifests/core6_source/24GHz.csv,31,0,1,6ed3674be12315b5d087e246e94e05065dfa7ea37cecbc447ffdb2fbee660d5f
/arc/project/st-zliu-1/heqingz/datasets/domainGenDataset_core_movements/24GHz/Away/swalking14_DS.png,24GHz,Away,train,,/scratch/st-zliu-1/heqingz/CrossCarrier_Core6_FullSuite_20260924/manifests/core6_source/24GHz.csv,32,0,1,e6bf04601bf794a70734cb2858996d89b4373b2313d4aabb8e57ce399ece3cdb
/arc/project/st-zliu-1/heqingz/datasets/domainGenDataset_core_movements/24GHz/Away/walk22_DS.png,24GHz,Away,train,,/scratch/st-zliu-1/heqingz/CrossCarrier_Core6_FullSuite_20260924/manifests/core6_source/24GHz.csv,33,0,1,c15462d9c6ba469ebb42e2c27b2a0bb66ab4cadf1367ea5aa25c92444481d9cd
/arc/project/st-zliu-1/heqingz/datasets/domainGenDataset_core_movements/24GHz/Away/swalk8_DS.png,24GHz,Away,train,,/scratch/st-zliu-1/heqingz/CrossCarrier_Core6_FullSuite_20260924/manifests/core6_source/24GHz.csv,34,0,1,4f3d03676ccf7eb29c2e73cc15edfa782b3cc5ed5b8745e1e24d7c0b099490a4
/arc/project/st-zliu-1/heqingz/datasets/domainGenDataset_core_movements/24GHz/Away/bwalk4_DS.png,24GHz,Away,train,,/scratch/st-zliu-1/heqingz/CrossCarrier_Core6_FullSuite_20260924/manifests/core6_source/24GHz.csv,35,0,1,b102e626226f64f6b3fe12aa05cfaf9165d7bb75f8009b98b1e66df77e6a6a77
/arc/project/st-zliu-1/heqingz/datasets/domainGenDataset_core_movements/24GHz/Away/swalk7_DS.png,24GHz,Away,train,,/scratch/st-zliu-1/heqingz/CrossCarrier_Core6_FullSuite_20260924/manifests/core6_source/24GHz.csv,36,0,1,974a55fe23cb7fb89ebd8a72eb2bf729a54b77eff6ca00c8f9418059cd7076b4
/arc/project/st-zliu-1/heqingz/datasets/domainGenDataset_core_movements/24GHz/Away/swalk15_DS.png,24GHz,Away,train,,/scratch/st-zliu-1/heqingz/CrossCarrier_Core6_FullSuite_20260924/manifests/core6_source/24GHz.csv,37,0,1,bb018632c93cf29e560041cceae3b22800ca6b384726f3b79ad4f56b3fe8d35a
/arc/project/st-zliu-1/heqingz/datasets/domainGenDataset_core_movements/24GHz/Away/gwalk10_DS.png,24GHz,Away,train,,/scratch/st-zliu-1/heqingz/CrossCarrier_Core6_FullSuite_20260924/manifests/core6_source/24GHz.csv,38,0,1,929935ff70603a6ad0261a374eea1f4c2a3678b2ac02ed285a4b0c23379daa66
/arc/project/st-zliu-1/heqingz/datasets/domainGenDataset_core_movements/24GHz/Away/01060029_1574114849_Spec.png,24GHz,Away,train,,/scratch/st-zliu-1/heqingz/CrossCarrier_Core6_FullSuite_20260924/manifests/core6_source/24GHz.csv,39,0,1,70f7206db6117fbe2431ec1732ef1892c9c4a30c855a1cd33bab05e8a9e200e4
/arc/project/st-zliu-1/heqingz/datasets/domainGenDataset_core_movements/24GHz/Away/01060030_1574457032_Spec.png,24GHz,Away,train,,/scratch/st-zliu-1/heqingz/CrossCarrier_Core6_FullSuite_20260924/manifests/core6_source/24GHz.csv,40,0,1,fb2d6d5ac68ffa9428db7131643de1c1febf3f50b12ba37bda3233b8d8993144
/arc/project/st-zliu-1/heqingz/datasets/domainGenDataset_core_movements/24GHz/Away/zwalk13_DS.png,24GHz,Away,train,,/scratch/st-zliu-1/heqingz/CrossCarrier_Core6_FullSuite_20260924/manifests/core6_source/24GHz.csv,41,0,1,db84962dda1d3af20ea4a7e6bd39e2b5813252e1c2cdeb3de1bd09bdaf7f1675
/arc/project/st-zliu-1/heqingz/datasets/domainGenDataset_core_movements/24GHz/Away/walk25_DS.png,24GHz,Away,train,,/scratch/st-zliu-1/heqingz/CrossCarrier_Core6_FullSuite_20260924/manifests/core6_source/24GHz.csv,42,0,1,6eb13eb98d571d41d2a07d5dee0051807131a294e246e12dc152e4fc2e7cb3cf
/arc/project/st-zliu-1/heqingz/datasets/domainGenDataset_core_movements/24GHz/Away/swalking4_DS.png,24GHz,Away,train,,/scratch/st-zliu-1/heqingz/CrossCarrier_Core6_FullSuite_20260924/manifests/core6_source/24GHz.csv,43,0,1,05f9c149c28b646205900b9e1113376c42f71b6af4817f959f182e46e5935ee4
/arc/project/st-zliu-1/heqingz/datasets/domainGenDataset_core_movements/24GHz/Away/01060029_1574114829_Spec.png,24GHz,Away,train,,/scratch/st-zliu-1/heqingz/CrossCarrier_Core6_FullSuite_20260924/manifests/core6_source/24GHz.csv,44,0,1,ed117ca628101421a4ebcaa97f62aed32acdfea00110804c2376548900cd6e8d
/arc/project/st-zliu-1/heqingz/datasets/domainGenDataset_core_movements/24GHz/Away/bwalk10_DS.png,24GHz,Away,train,,/scratch/st-zliu-1/heqingz/CrossCarrier_Core6_FullSuite_20260924/manifests/core6_source/24GHz.csv,45,0,1,6b03f741bde5de475eed1396b60ec8c1d8e2fda465a68762998e025143117cfa
/arc/project/st-zliu-1/heqingz/datasets/domainGenDataset_core_movements/24GHz/Away/zwalk3_DS.png,24GHz,Away,train,,/scratch/st-zliu-1/heqingz/CrossCarrier_Core6_FullSuite_20260924/manifests/core6_source/24GHz.csv,46,0,1,09cbd6e605ba6f21ec213f7adb47eea16cb4744824023e079c1896f938080d05
/arc/project/st-zliu-1/heqingz/datasets/domainGenDataset_core_movements/24GHz/Away/mwalk10_DS.png,24GHz,Away,train,,/scratch/st-zliu-1/heqingz/CrossCarrier_Core6_FullSuite_20260924/manifests/core6_source/24GHz.csv,47,0,1,7efa18420b1c54e27836fb6b9e2e785f3b31252b6347bf330e2426ac4d6ae271
/arc/project/st-zliu-1/heqingz/datasets/domainGenDataset_core_movements/24GHz/Away/01060029_1574627273_Spec.png,24GHz,Away,train,,/scratch/st-zliu-1/heqingz/CrossCarrier_Core6_FullSuite_20260924/manifests/core6_source/24GHz.csv,48,0,1,03999a60dd4ffe41285a5bb4c8d98c40bd78c0958eac95d8c802f296ea89c05d
/arc/project/st-zliu-1/heqingz/datasets/domainGenDataset_core_movements/24GHz/Away/01060030_1574457011_Spec.png,24GHz,Away,train,,/scratch/st-zliu-1/heqingz/CrossCarrier_Core6_FullSuite_20260924/manifests/core6_source/24GHz.csv,49,0,1,408a4721d773d2e3362ab7231d7bd81d2bc586587bb3b4a3af76b8a3d952f9da
/arc/project/st-zliu-1/heqingz/datasets/domainGenDataset_core_movements/24GHz/Away/zwalk9_DS.png,24GHz,Away,train,,/scratch/st-zliu-1/heqingz/CrossCarrier_Core6_FullSuite_20260924/manifests/core6_source/24GHz.csv,50,0,1,15ab73130f1ab86c46e3d46bc44e1e180522d276e7b645e6b8003d6fbd7d57a9
/arc/project/st-zliu-1/heqingz/datasets/domainGenDataset_core_movements/24GHz/Away/swalk3_DS.png,24GHz,Away,train,,/scratch/st-zliu-1/heqingz/CrossCarrier_Core6_FullSuite_20260924/manifests/core6_source/24GHz.csv,51,0,1,b7bd8b45dfcbfe35a9c5c174797244c9bd1c9c8af85a33e5b616861760498963
/arc/project/st-zliu-1/heqingz/datasets/domainGenDataset_core_movements/24GHz/Away/walk26_DS.png,24GHz,Away,train,,/scratch/st-zliu-1/heqingz/CrossCarrier_Core6_FullSuite_20260924/manifests/core6_source/24GHz.csv,52,0,1,af94bd417e216543432461b2b87892b8964de7bb0f7a8b5664e851d77c16686b
/arc/project/st-zliu-1/heqingz/datasets/domainGenDataset_core_movements/24GHz/Away/mwalk7_DS.png,24GHz,Away,train,,/scratch/st-zliu-1/heqingz/CrossCarrier_Core6_FullSuite_20260924/manifests/core6_source/24GHz.csv,53,0,1,ca5a4da053a9c9f9d29566f0fc17364797d53ccae595529db00b8f6f95a82489
/arc/project/st-zliu-1/heqingz/datasets/domainGenDataset_core_movements/24GHz/Away/hwalk10_DS.png,24GHz,Away,train,,/scratch/st-zliu-1/heqingz/CrossCarrier_Core6_FullSuite_20260924/manifests/core6_source/24GHz.csv,54,0,1,63b69fc913fdf37d72471de5d3782218c06b33797c1e1b9b3f59b88e12b63593
/arc/project/st-zliu-1/heqingz/datasets/domainGenDataset_core_movements/24GHz/Away/01060030_1574456948_Spec.png,24GHz,Away,train,,/scratch/st-zliu-1/heqingz/CrossCarrier_Core6_FullSuite_20260924/manifests/core6_source/24GHz.csv,55,0,1,64c55ea174c31627ef5792e89289229996b0cd642243e1f35154c2c368185a9d
/arc/project/st-zliu-1/heqingz/datasets/domainGenDataset_core_movements/24GHz/Away/walk24_DS.png,24GHz,Away,train,,/scratch/st-zliu-1/heqingz/CrossCarrier_Core6_FullSuite_20260924/manifests/core6_source/24GHz.csv,56,0,1,e08c51c5e287510d5f834a87f699c41b253b0e722f1624845b35f7cc3040a420
/arc/project/st-zliu-1/heqingz/datasets/domainGenDataset_core_movements/24GHz/Away/01060030_1574194298_Spec.png,24GHz,Away,train,,/scratch/st-zliu-1/heqingz/CrossCarrier_Core6_FullSuite_20260924/manifests/core6_source/24GHz.csv,57,0,1,c68727994514bb53f3898fe63386d6d45cf99002246b1b32a119ba8ddbee4592
/arc/project/st-zliu-1/heqingz/datasets/domainGenDataset_core_movements/24GHz/Away/hwalk1_DS.png,24GHz,Away,train,,/scratch/st-zliu-1/heqingz/CrossCarrier_Core6_FullSuite_20260924/manifests/core6_source/24GHz.csv,58,0,1,c3ec434d49e896bce95f6c502d302a4520bf632236621e2b3c7b2b7cc67c704d
/arc/project/st-zliu-1/heqingz/datasets/domainGenDataset_core_movements/24GHz/Away/01060030_1574456969_Spec.png,24GHz,Away,train,,/scratch/st-zliu-1/heqingz/CrossCarrier_Core6_FullSuite_20260924/manifests/core6_source/24GHz.csv,59,0,1,a24bb587da60e6c4e419ec70c58cc3e57fbc046272bfe6ff4aff5617eb96ae9f
/arc/project/st-zliu-1/heqingz/datasets/domainGenDataset_core_movements/24GHz/Away/swalk11_DS.png,24GHz,Away,train,,/scratch/st-zliu-1/heqingz/CrossCarrier_Core6_FullSuite_20260924/manifests/core6_source/24GHz.csv,60,0,1,64e11341a4dbc6b47a585d5549ca495d22eab057a8049f4366fd986101aa55c8
/arc/project/st-zliu-1/heqingz/datasets/domainGenDataset_core_movements/24GHz/Away/hwalk8_DS.png,24GHz,Away,train,,/scratch/st-zliu-1/heqingz/CrossCarrier_Core6_FullSuite_20260924/manifests/core6_source/24GHz.csv,61,0,1,4af8b88405d1a5d79348dbfc569c65a76516b644b21f2c657a0b6f160c4d5d0d
/arc/project/st-zliu-1/heqingz/datasets/domainGenDataset_core_movements/24GHz/Away/01060029_1574626448_Spec.png,24GHz,Away,train,,/scratch/st-zliu-1/heqingz/CrossCarrier_Core6_FullSuite_20260924/manifests/core6_source/24GHz.csv,62,0,1,8ae2e9cb54a2d7e533689a65a9a6aa67f376fd575e1614135db69493b0016331
/arc/project/st-zliu-1/heqingz/datasets/domainGenDataset_core_movements/24GHz/Away/swalking12_DS.png,24GHz,Away,train,,/scratch/st-zliu-1/heqingz/CrossCarrier_Core6_FullSuite_20260924/manifests/core6_source/24GHz.csv,63,0,1,502b48bba687ae4f61f3788a14530939adeef7391f07c617dd5b35c862c3e0c3
/arc/project/st-zliu-1/heqingz/datasets/domainGenDataset_core_movements/24GHz/Away/gwalk9_DS.png,24GHz,Away,train,,/scratch/st-zliu-1/heqingz/CrossCarrier_Core6_FullSuite_20260924/manifests/core6_source/24GHz.csv,64,0,1,0b7715945f19b4cfb666e18a220fcae9adbe53718c042722670d6eda78ed4f2e
/arc/project/st-zliu-1/heqingz/datasets/domainGenDataset_core_movements/24GHz/Away/01060010_1573837157_Spec.png,24GHz,Away,train,,/scratch/st-zliu-1/heqingz/CrossCarrier_Core6_FullSuite_20260924/manifests/core6_source/24GHz.csv,65,0,1,03de915d083747dec1a7307c1b2266d9754e6d1ba3245d4bced9d029da12ea50
/arc/project/st-zliu-1/heqingz/datasets/domainGenDataset_core_movements/24GHz/Away/walkto9_DS.png,24GHz,Away,train,,/scratch/st-zliu-1/heqingz/CrossCarrier_Core6_FullSuite_20260924/manifests/core6_source/24GHz.csv,66,0,1,3df3965eda42cb6937df96b83909ac729da49aba4757f13a26c3806e4e535fe0
/arc/project/st-zliu-1/heqingz/datasets/domainGenDataset_core_movements/24GHz/Away/swalk5_DS.png,24GHz,Away,train,,/scratch/st-zliu-1/heqingz/CrossCarrier_Core6_FullSuite_20260924/manifests/core6_source/24GHz.csv,67,0,1,533eb4d951c1a5c743591279f7c45b3172455c80342405bd26928bf54190ae9a
/arc/project/st-zliu-1/heqingz/datasets/domainGenDataset_core_movements/24GHz/Away/mwalk6_DS.png,24GHz,Away,train,,/scratch/st-zliu-1/heqingz/CrossCarrier_Core6_FullSuite_20260924/manifests/core6_source/24GHz.csv,68,0,1,717490d1409803b9d1ad7be03e88f094c6aa4f66589d148e673d25781ad58553
/arc/project/st-zliu-1/heqingz/datasets/domainGenDataset_core_movements/24GHz/Away/01060030_1574457136_Spec.png,24GHz,Away,train,,/scratch/st-zliu-1/heqingz/CrossCarrier_Core6_FullSuite_20260924/manifests/core6_source/24GHz.csv,69,0,1,be2b8e78aac6bb99ac50c48796e39fe3b6965876053fa2e9a0592fef9a84f604
/arc/project/st-zliu-1/heqingz/datasets/domainGenDataset_core_movements/24GHz/Away/walkto15_DS.png,24GHz,Away,train,,/scratch/st-zliu-1/heqingz/CrossCarrier_Core6_FullSuite_20260924/manifests/core6_source/24GHz.csv,70,0,1,730ee88535e4b27dc350e012975c5b0152599e3bc449f1ea15759e31a05ae91e
/arc/project/st-zliu-1/heqingz/datasets/domainGenDataset_core_movements/24GHz/Away/swalking3_DS.png,24GHz,Away,train,,/scratch/st-zliu-1/heqingz/CrossCarrier_Core6_FullSuite_20260924/manifests/core6_source/24GHz.csv,71,0,1,27ee6e6ef498de5c383ccd9bb45a28e7c70574dd925f000172c896952b445999
/arc/project/st-zliu-1/heqingz/datasets/domainGenDataset_core_movements/24GHz/Away/swalking2_DS.png,24GHz,Away,train,,/scratch/st-zliu-1/heqingz/CrossCarrier_Core6_FullSuite_20260924/manifests/core6_source/24GHz.csv,72,0,1,26dfbd3f5bd312621e8bdad9a5129977658ea2e7b7cf2a20ee93eda31b9e7741
/arc/project/st-zliu-1/heqingz/datasets/domainGenDataset_core_movements/24GHz/Away/zwalk10_DS.png,24GHz,Away,train,,/scratch/st-zliu-1/heqingz/CrossCarrier_Core6_FullSuite_20260924/manifests/core6_source/24GHz.csv,73,0,1,638a4cb9834beab8162cfdabca3d0ced7abe75c9f8c7b2c453429e09366c6e69
/arc/project/st-zliu-1/heqingz/datasets/domainGenDataset_core_movements/24GHz/Away/swalk14_DS.png,24GHz,Away,train,,/scratch/st-zliu-1/heqingz/CrossCarrier_Core6_FullSuite_20260924/manifests/core6_source/24GHz.csv,74,0,1,c1b9a059daed5e12618f6cac97a599f8faf98047cb567175e9967259e412ffc4
/arc/project/st-zliu-1/heqingz/datasets/domainGenDataset_core_movements/24GHz/Away/01060030_1574194275_Spec.png,24GHz,Away,train,,/scratch/st-zliu-1/heqingz/CrossCarrier_Core6_FullSuite_20260924/manifests/core6_source/24GHz.csv,75,0,1,f20efe2e503f6435e70c1d38bf0ac4dc81e36e5a5461884b35ffb3758e723ad2
/arc/project/st-zliu-1/heqingz/datasets/domainGenDataset_core_movements/24GHz/Away/01060029_1574626687_Spec.png,24GHz,Away,train,,/scratch/st-zliu-1/heqingz/CrossCarrier_Core6_FullSuite_20260924/manifests/core6_source/24GHz.csv,76,0,1,d1f9ca1118a99dfffb06f9cd63791909202841bd1aa4b9f2b3e7512acb8596b3
/arc/project/st-zliu-1/heqingz/datasets/domainGenDataset_core_movements/24GHz/Away/walk27_DS.png,24GHz,Away,train,,/scratch/st-zliu-1/heqingz/CrossCarrier_Core6_FullSuite_20260924/manifests/core6_source/24GHz.csv,77,0,1,30a466a3a1a3bff9f6e95764c07828c8d8c6d40e43fd4c0ec4976c293d6290a4
/arc/project/st-zliu-1/heqingz/datasets/domainGenDataset_core_movements/24GHz/Away/walkto11_DS.png,24GHz,Away,train,,/scratch/st-zliu-1/heqingz/CrossCarrier_Core6_FullSuite_20260924/manifests/core6_source/24GHz.csv,78,0,1,869525c664eac561ec6f582c942141b1d24c5e8ffca1091075ed002bf55effaa
/arc/project/st-zliu-1/heqingz/datasets/domainGenDataset_core_movements/24GHz/Away/bwalk6_DS.png,24GHz,Away,train,,/scratch/st-zliu-1/heqingz/CrossCarrier_Core6_FullSuite_20260924/manifests/core6_source/24GHz.csv,79,0,1,154e79982408298ee67cb067ebbbdb7777f682f9f214c1a059c2dcf80d35faa1
/arc/project/st-zliu-1/heqingz/datasets/domainGenDataset_core_movements/24GHz/Away/bwalk9_DS.png,24GHz,Away,train,,/scratch/st-zliu-1/heqingz/CrossCarrier_Core6_FullSuite_20260924/manifests/core6_source/24GHz.csv,80,0,1,7d1e021af7ec2b35e1ba368f7ea4af5788a84e32257116ac05882558f1cd712c
/arc/project/st-zliu-1/heqingz/datasets/domainGenDataset_core_movements/24GHz/Away/bwalk7_DS.png,24GHz,Away,train,,/scratch/st-zliu-1/heqingz/CrossCarrier_Core6_FullSuite_20260924/manifests/core6_source/24GHz.csv,81,0,1,b12f08a994e6516e75654b1d428f066f87322d80bdd2bf98283843d1c50f9d33
/arc/project/st-zliu-1/heqingz/datasets/domainGenDataset_core_movements/24GHz/Away/zwalk17_DS.png,24GHz,Away,train,,/scratch/st-zliu-1/heqingz/CrossCarrier_Core6_FullSuite_20260924/manifests/core6_source/24GHz.csv,82,0,1,f04e3654b7ac48f389a023b8521e8ccd857d598f7f888f4bbd4bf61b0f90f924
/arc/project/st-zliu-1/heqingz/datasets/domainGenDataset_core_movements/24GHz/Away/hwalk4_DS.png,24GHz,Away,train,,/scratch/st-zliu-1/heqingz/CrossCarrier_Core6_FullSuite_20260924/manifests/core6_source/24GHz.csv,83,0,1,b3dd99046f4178b31edbfb3862bd5decb845852669cc75ed913a81f8e65cc7fc
/arc/project/st-zliu-1/heqingz/datasets/domainGenDataset_core_movements/24GHz/Away/01060030_1574194202_Spec.png,24GHz,Away,train,,/scratch/st-zliu-1/heqingz/CrossCarrier_Core6_FullSuite_20260924/manifests/core6_source/24GHz.csv,84,0,1,2c60466e07166436c5be6cb866edead4bcc31fdafd303c7ff24eec58d92776c6
/arc/project/st-zliu-1/heqingz/datasets/domainGenDataset_core_movements/24GHz/Away/01060029_1574114770_Spec.png,24GHz,Away,train,,/scratch/st-zliu-1/heqingz/CrossCarrier_Core6_FullSuite_20260924/manifests/core6_source/24GHz.csv,85,0,1,7b2d70064cfc1ccebf34faf766492e057631d07e2dbcf2fdbfc3f859b6147b85
/arc/project/st-zliu-1/heqingz/datasets/domainGenDataset_core_movements/24GHz/Away/gwalk4_DS.png,24GHz,Away,train,,/scratch/st-zliu-1/heqingz/CrossCarrier_Core6_FullSuite_20260924/manifests/core6_source/24GHz.csv,86,0,1,0c573718f928da21a42515a8390141d473a42f184e3ec9a6662c0b573cb29ddc
/arc/project/st-zliu-1/heqingz/datasets/domainGenDataset_core_movements/24GHz/Away/01060014_1574696394_Spec.png,24GHz,Away,train,,/scratch/st-zliu-1/heqingz/CrossCarrier_Core6_FullSuite_20260924/manifests/core6_source/24GHz.csv,87,0,1,ca4cbec264143ff65507126f0e4c55b874e485cbd66daabe0602a6631304dc2c
/arc/project/st-zliu-1/heqingz/datasets/domainGenDataset_core_movements/24GHz/Away/gwalk3_DS.png,24GHz,Away,train,,/scratch/st-zliu-1/heqingz/CrossCarrier_Core6_FullSuite_20260924/manifests/core6_source/24GHz.csv,88,0,1,13e604e35995f7be02cbce50741e5a24a8a0b14a45019f312f3f8b0eccaa359c
/arc/project/st-zliu-1/heqingz/datasets/domainGenDataset_core_movements/24GHz/Away/01060030_1574194225_Spec.png,24GHz,Away,train,,/scratch/st-zliu-1/heqingz/CrossCarrier_Core6_FullSuite_20260924/manifests/core6_source/24GHz.csv,89,0,1,2699794e7be619863c7ca6f0d698abacd93ad38196894e6723a183053223524e
/arc/project/st-zliu-1/heqingz/datasets/domainGenDataset_core_movements/24GHz/Away/walk23_DS.png,24GHz,Away,train,,/scratch/st-zliu-1/heqingz/CrossCarrier_Core6_FullSuite_20260924/manifests/core6_source/24GHz.csv,90,0,1,8583049f865b5caac55ccc96d1a22d918d77643e9c09023bbde8ae8331f1c6c8
/arc/project/st-zliu-1/heqingz/datasets/domainGenDataset_core_movements/24GHz/Away/walk20_DS.png,24GHz,Away,train,,/scratch/st-zliu-1/heqingz/CrossCarrier_Core6_FullSuite_20260924/manifests/core6_source/24GHz.csv,91,0,1,1b2034667bab8a85d2c4c534658b145fcbde5e6148b67dc18dd0f793b6793c5d
/arc/project/st-zliu-1/heqingz/datasets/domainGenDataset_core_movements/24GHz/Away/01060029_1574114751_Spec.png,24GHz,Away,train,,/scratch/st-zliu-1/heqingz/CrossCarrier_Core6_FullSuite_20260924/manifests/core6_source/24GHz.csv,92,0,1,19b6167e0e7bd328eba14b576fa1fab59db28481eb38ee25e3567cac9dfd114f
/arc/project/st-zliu-1/heqingz/datasets/domainGenDataset_core_movements/24GHz/Away/mwalk2_DS.png,24GHz,Away,train,,/scratch/st-zliu-1/heqingz/CrossCarrier_Core6_FullSuite_20260924/manifests/core6_source/24GHz.csv,93,0,1,a7b95001432384daa4882ad541e3f8257dd754b7beb33e45d7dacb3ac2adf09f
/arc/project/st-zliu-1/heqingz/datasets/domainGenDataset_core_movements/24GHz/Away/zwalk2_DS.png,24GHz,Away,train,,/scratch/st-zliu-1/heqingz/CrossCarrier_Core6_FullSuite_20260924/manifests/core6_source/24GHz.csv,94,0,1,488887ec3890814ca400e1df1094e8d5afba0e1e4894f095299e9c2b67fbf1ec
/arc/project/st-zliu-1/heqingz/datasets/domainGenDataset_core_movements/24GHz/Away/mwalk4_DS.png,24GHz,Away,train,,/scratch/st-zliu-1/heqingz/CrossCarrier_Core6_FullSuite_20260924/manifests/core6_source/24GHz.csv,95,0,1,7e3a524171a637b5b4bcd05d1cfdd46d83ae7a5aad47ea40670efa590ead9c48
/arc/project/st-zliu-1/heqingz/datasets/domainGenDataset_core_movements/24GHz/Away/swalk9_DS.png,24GHz,Away,train,,/scratch/st-zliu-1/heqingz/CrossCarrier_Core6_FullSuite_20260924/manifests/core6_source/24GHz.csv,96,0,1,ea10417df24c090b82bed9362ce9ad072b31c202dbe4522d0c7874ede9d21451
/arc/project/st-zliu-1/heqingz/datasets/domainGenDataset_core_movements/24GHz/Away/hwalk2_DS.png,24GHz,Away,train,,/scratch/st-zliu-1/heqingz/CrossCarrier_Core6_FullSuite_20260924/manifests/core6_source/24GHz.csv,97,0,1,848bb5b87851f2c54894a4f8e6ad9e3e2e03071586dcbe29e1ac9f10c8f27b2a
/arc/project/st-zliu-1/heqingz/datasets/domainGenDataset_core_movements/24GHz/Away/01060029_1574627087_Spec.png,24GHz,Away,train,,/scratch/st-zliu-1/heqingz/CrossCarrier_Core6_FullSuite_20260924/manifests/core6_source/24GHz.csv,98,0,1,03382c33fc8e3a6e73ed226d0867c7cab08f33093521a3dde1b17005aae1c120
/arc/project/st-zliu-1/heqingz/datasets/domainGenDataset_core_movements/24GHz/Away/walkto10_DS.png,24GHz,Away,train,,/scratch/st-zliu-1/heqingz/CrossCarrier_Core6_FullSuite_20260924/manifests/core6_source/24GHz.csv,99,0,1,07228ec15d6e42f30d94b7b122cbf836ada1422112cbd7f4604f28866ae78744
/arc/project/st-zliu-1/heqingz/datasets/domainGenDataset_core_movements/24GHz/Away/walkto5_DS.png,24GHz,Away,train,,/scratch/st-zliu-1/heqingz/CrossCarrier_Core6_FullSuite_20260924/manifests/core6_source/24GHz.csv,100,0,1,95806b533a5088fbc6fa5ffbf708adb9d56f0c699cb8ffb8924bc6a4b7f38bc5
/arc/project/st-zliu-1/heqingz/datasets/domainGenDataset_core_movements/24GHz/Away/01060014_1574696433_Spec.png,24GHz,Away,train,,/scratch/st-zliu-1/heqingz/CrossCarrier_Core6_FullSuite_20260924/manifests/core6_source/24GHz.csv,101,0,1,93cbc4ae576cea8805910e494bb009915a6b4d3c1483e2ee87ccdced4809ef7e
/arc/project/st-zliu-1/heqingz/datasets/domainGenDataset_core_movements/24GHz/Away/walk30_DS.png,24GHz,Away,train,,/scratch/st-zliu-1/heqingz/CrossCarrier_Core6_FullSuite_20260924/manifests/core6_source/24GHz.csv,102,0,1,65cf00749ec5ecf58c98bef341d914f5970ec0725bbf154275c41bcbdd530abf
/arc/project/st-zliu-1/heqingz/datasets/domainGenDataset_core_movements/24GHz/Away/walk18_DS.png,24GHz,Away,train,,/scratch/st-zliu-1/heqingz/CrossCarrier_Core6_FullSuite_20260924/manifests/core6_source/24GHz.csv,103,0,1,b56a437cb0add4f3af8e84f25a7abe6f6ce699bbdaa6659b1a0ebe8e994958b7
/arc/project/st-zliu-1/heqingz/datasets/domainGenDataset_core_movements/24GHz/Away/mwalk3_DS.png,24GHz,Away,train,,/scratch/st-zliu-1/heqingz/CrossCarrier_Core6_FullSuite_20260924/manifests/core6_source/24GHz.csv,104,0,1,d54217282a0adb8495f880e1090ece0011414a800882f22abca22d0f6f1f3662
/arc/project/st-zliu-1/heqingz/datasets/domainGenDataset_core_movements/24GHz/Away/swalking1_DS.png,24GHz,Away,train,,/scratch/st-zliu-1/heqingz/CrossCarrier_Core6_FullSuite_20260924/manifests/core6_source/24GHz.csv,105,0,1,85ead85ff22bf0afe0b290ebeb09bb314781392870371548d02d5d1e88cd546f
/arc/project/st-zliu-1/heqingz/datasets/domainGenDataset_core_movements/24GHz/Away/01060030_1574457052_Spec.png,24GHz,Away,train,,/scratch/st-zliu-1/heqingz/CrossCarrier_Core6_FullSuite_20260924/manifests/core6_source/24GHz.csv,106,0,1,2bd14c238c25ae999289a08da4b6e79ab8126b9725e416739a144646c60941c8
/arc/project/st-zliu-1/heqingz/datasets/domainGenDataset_core_movements/24GHz/Away/01060029_1574115098_Spec.png,24GHz,Away,train,,/scratch/st-zliu-1/heqingz/CrossCarrier_Core6_FullSuite_20260924/manifests/core6_source/24GHz.csv,107,0,1,801a93f0a8af8154c61295f556e8300aedbfdff492832b6f37f586beed1dda92
/arc/project/st-zliu-1/heqingz/datasets/domainGenDataset_core_movements/24GHz/Away/walk19_DS.png,24GHz,Away,train,,/scratch/st-zliu-1/heqingz/CrossCarrier_Core6_FullSuite_20260924/manifests/core6_source/24GHz.csv,108,0,1,2c367b13b2e6da90b1c307fccce92784c1c5172eb5df515b97f6828984a524c6
/arc/project/st-zliu-1/heqingz/datasets/domainGenDataset_core_movements/24GHz/Away/swalking6_DS.png,24GHz,Away,train,,/scratch/st-zliu-1/heqingz/CrossCarrier_Core6_FullSuite_20260924/manifests/core6_source/24GHz.csv,109,0,1,10eac50fa8c0cd58cd88aa2714244ef64355b3ee7253afdd3d5b3d82424a4c3b
/arc/project/st-zliu-1/heqingz/datasets/domainGenDataset_core_movements/24GHz/Away/walkto4_DS.png,24GHz,Away,train,,/scratch/st-zliu-1/heqingz/CrossCarrier_Core6_FullSuite_20260924/manifests/core6_source/24GHz.csv,110,0,1,dfa1fed51fcecb6d2041cd0a9d8fa34ddab079efafa64193bb1d66a165fb4c4f
/arc/project/st-zliu-1/heqingz/datasets/domainGenDataset_core_movements/24GHz/Away/bwalk1_DS.png,24GHz,Away,train,,/scratch/st-zliu-1/heqingz/CrossCarrier_Core6_FullSuite_20260924/manifests/core6_source/24GHz.csv,111,0,1,5643f390bbe6aa315f827c61f23e5fa1cdb00144e65648041d1f7b3eb0454d74
/arc/project/st-zliu-1/heqingz/datasets/domainGenDataset_core_movements/24GHz/Away/01060030_1574194391_Spec.png,24GHz,Away,train,,/scratch/st-zliu-1/heqingz/CrossCarrier_Core6_FullSuite_20260924/manifests/core6_source/24GHz.csv,112,0,1,c09ef6d148773893401ee6638075451dfc67850a740e7c8c4c0c932a371de101
/arc/project/st-zliu-1/heqingz/datasets/domainGenDataset_core_movements/24GHz/Away/01060014_1574696413_Spec.png,24GHz,Away,train,,/scratch/st-zliu-1/heqingz/CrossCarrier_Core6_FullSuite_20260924/manifests/core6_source/24GHz.csv,113,0,1,1418f563e720fe86d038a675ec704bbf154e0ddb1b7ace5707b991689fd02dde
/arc/project/st-zliu-1/heqingz/datasets/domainGenDataset_core_movements/24GHz/Away/01060029_1574627068_Spec.png,24GHz,Away,train,,/scratch/st-zliu-1/heqingz/CrossCarrier_Core6_FullSuite_20260924/manifests/core6_source/24GHz.csv,114,0,1,11f8a044c8c11f92817549671f75c91b5227b5ab24c37c1d85f8f9ebb51ab36d
/arc/project/st-zliu-1/heqingz/datasets/domainGenDataset_core_movements/24GHz/Away/01060030_1574194369_Spec.png,24GHz,Away,train,,/scratch/st-zliu-1/heqingz/CrossCarrier_Core6_FullSuite_20260924/manifests/core6_source/24GHz.csv,115,0,1,476ca5e57a3ec727dda262712ad32b675dec190aa23e3c6bb6d9c353c8024c2c
/arc/project/st-zliu-1/heqingz/datasets/domainGenDataset_core_movements/24GHz/Away/bwalk13_DS.png,24GHz,Away,train,,/scratch/st-zliu-1/heqingz/CrossCarrier_Core6_FullSuite_20260924/manifests/core6_source/24GHz.csv,116,0,1,459db66c1d14b3fc38cb08edbbc8d6e1c4c1accd759c069ddeb3ca642bf8081e
/arc/project/st-zliu-1/heqingz/datasets/domainGenDataset_core_movements/24GHz/Away/walkto7_DS.png,24GHz,Away,train,,/scratch/st-zliu-1/heqingz/CrossCarrier_Core6_FullSuite_20260924/manifests/core6_source/24GHz.csv,117,0,1,53370f6589bb374988b2ece2025a12d1dae0da1a7d5d170f0b852e0a09f8700d
/arc/project/st-zliu-1/heqingz/datasets/domainGenDataset_core_movements/24GHz/Away/01060014_1574696452_Spec.png,24GHz,Away,train,,/scratch/st-zliu-1/heqingz/CrossCarrier_Core6_FullSuite_20260924/manifests/core6_source/24GHz.csv,118,0,1,23fa688ed72df60431b2faf0573657ac6008811dd6fe7852c2fad3fc42ca298d
/arc/project/st-zliu-1/heqingz/datasets/domainGenDataset_core_movements/24GHz/Away/bwalk15_DS.png,24GHz,Away,train,,/scratch/st-zliu-1/heqingz/CrossCarrier_Core6_FullSuite_20260924/manifests/core6_source/24GHz.csv,119,0,1,e7951dee69540fb83516286f0eb7c12d3d384c15d4c21344b74ae84d2aa6d617
/arc/project/st-zliu-1/heqingz/datasets/domainGenDataset_core_movements/24GHz/Away/swalk12_DS.png,24GHz,Away,train,,/scratch/st-zliu-1/heqingz/CrossCarrier_Core6_FullSuite_20260924/manifests/core6_source/24GHz.csv,120,0,1,96deaf6886af494103b9139c18bfb00c83daaff1090928e3f79d044effc1e0ba
/arc/project/st-zliu-1/heqingz/datasets/domainGenDataset_core_movements/24GHz/Away/01060010_1573837114_Spec.png,24GHz,Away,train,,/scratch/st-zliu-1/heqingz/CrossCarrier_Core6_FullSuite_20260924/manifests/core6_source/24GHz.csv,121,0,1,61684a355e77b9ec6475027444a8e5d48f77872c74e875cc62fd43e28c46e528
/arc/project/st-zliu-1/heqingz/datasets/domainGenDataset_core_movements/24GHz/Away/01060029_1574627128_Spec.png,24GHz,Away,train,,/scratch/st-zliu-1/heqingz/CrossCarrier_Core6_FullSuite_20260924/manifests/core6_source/24GHz.csv,122,0,1,94733a22d98b9de4ba55802c2164788f0006a479106d81098c8cff47430d10ca
/arc/project/st-zliu-1/heqingz/datasets/domainGenDataset_core_movements/24GHz/Away/walk17_DS.png,24GHz,Away,train,,/scratch/st-zliu-1/heqingz/CrossCarrier_Core6_FullSuite_20260924/manifests/core6_source/24GHz.csv,123,0,1,47371151e35a44ef65c661f3d5950c463f68a230a62fd1d82021d60b5baca4ec
/arc/project/st-zliu-1/heqingz/datasets/domainGenDataset_core_movements/24GHz/Away/01060030_1574194345_Spec.png,24GHz,Away,train,,/scratch/st-zliu-1/heqingz/CrossCarrier_Core6_FullSuite_20260924/manifests/core6_source/24GHz.csv,124,0,1,ef1a8b845f3596921f273ed98789f79881a50074849059b11f54f1eb36577196
/arc/project/st-zliu-1/heqingz/datasets/domainGenDataset_core_movements/24GHz/Away/walk16_DS.png,24GHz,Away,train,,/scratch/st-zliu-1/heqingz/CrossCarrier_Core6_FullSuite_20260924/manifests/core6_source/24GHz.csv,125,0,1,99dd87bf004de10d6c9d9eb064d40a0f24f2a8c3d0a87e4d0b1a7281660d6825
/arc/project/st-zliu-1/heqingz/datasets/domainGenDataset_core_movements/24GHz/Away/gwalk5_DS.png,24GHz,Away,train,,/scratch/st-zliu-1/heqingz/CrossCarrier_Core6_FullSuite_20260924/manifests/core6_source/24GHz.csv,126,0,1,7bc4e1dbcab8aa1d72d4be12a1597bb74932ca28e672bc1a80f44f75c3442fcc
/arc/project/st-zliu-1/heqingz/datasets/domainGenDataset_core_movements/24GHz/Away/swalking8_DS.png,24GHz,Away,train,,/scratch/st-zliu-1/heqingz/CrossCarrier_Core6_FullSuite_20260924/manifests/core6_source/24GHz.csv,127,0,1,f73cdecd2237bcc414002766143e1cddb378a5b1976199b8c16f022b338b87ef
/arc/project/st-zliu-1/heqingz/datasets/domainGenDataset_core_movements/24GHz/Away/01060030_1574457095_Spec.png,24GHz,Away,train,,/scratch/st-zliu-1/heqingz/CrossCarrier_Core6_FullSuite_20260924/manifests/core6_source/24GHz.csv,128,0,1,7c977ce5d13d8305bce7b1c0048a0dbd63182ef0fb5a58f09f407bbf2e3bef2b
/arc/project/st-zliu-1/heqingz/datasets/domainGenDataset_core_movements/24GHz/Bend/01080029_1574627811_Spec.png,24GHz,Bend,train,,/scratch/st-zliu-1/heqingz/CrossCarrier_Core6_FullSuite_20260924/manifests/core6_source/24GHz.csv,185,1,1,97a78531a730f5ab3020543906e84a49d2101067709bfa3e9dad5a6a25dcce4c
/arc/project/st-zliu-1/heqingz/datasets/domainGenDataset_core_movements/24GHz/Bend/01080029_1574627935_Spec.png,24GHz,Bend,train,,/scratch/st-zliu-1/heqingz/CrossCarrier_Core6_FullSuite_20260924/manifests/core6_source/24GHz.csv,186,1,1,36d55b94bffcf38dcb429afdb48bdd23ec7fb36136697bb1a104a75c34572ba8
/arc/project/st-zliu-1/heqingz/datasets/domainGenDataset_core_movements/24GHz/Bend/01080014_1574696820_Spec.png,24GHz,Bend,train,,/scratch/st-zliu-1/heqingz/CrossCarrier_Core6_FullSuite_20260924/manifests/core6_source/24GHz.csv,187,1,1,0d34e68dfcf89064c7e2803261d2e4716b73c1e840c72639e33b7d614641ef8a
/arc/project/st-zliu-1/heqingz/datasets/domainGenDataset_core_movements/24GHz/Bend/01080010_1573837944_Spec.png,24GHz,Bend,train,,/scratch/st-zliu-1/heqingz/CrossCarrier_Core6_FullSuite_20260924/manifests/core6_source/24GHz.csv,188,1,1,95eb2c759ee3155e57e6c38bebeff0c184ce2ba16892008d0738a21231b2c6ff
/arc/project/st-zliu-1/heqingz/datasets/domainGenDataset_core_movements/24GHz/Bend/01080029_1574115435_Spec.png,24GHz,Bend,train,,/scratch/st-zliu-1/heqingz/CrossCarrier_Core6_FullSuite_20260924/manifests/core6_source/24GHz.csv,189,1,1,7d54dfa77ccb790b95de441bd31c29b4ef729dccf62435e21b6ce402044bc5ee
/arc/project/st-zliu-1/heqingz/datasets/domainGenDataset_core_movements/24GHz/Bend/01080014_1574696876_Spec.png,24GHz,Bend,train,,/scratch/st-zliu-1/heqingz/CrossCarrier_Core6_FullSuite_20260924/manifests/core6_source/24GHz.csv,190,1,1,1af08bc91ffb1167e0f38b5c818fc6c35182a5eef46c008ed565f735cd9312d6
/arc/project/st-zliu-1/heqingz/datasets/domainGenDataset_core_movements/24GHz/Bend/01080029_1574628060_Spec.png,24GHz,Bend,train,,/scratch/st-zliu-1/heqingz/CrossCarrier_Core6_FullSuite_20260924/manifests/core6_source/24GHz.csv,191,1,1,9648331fdc37169e72bc80643eae476d13129b5521986cd5caee4b3913c12226
/arc/project/st-zliu-1/heqingz/datasets/domainGenDataset_core_movements/24GHz/Bend/01080014_1574696894_Spec.png,24GHz,Bend,train,,/scratch/st-zliu-1/heqingz/CrossCarrier_Core6_FullSuite_20260924/manifests/core6_source/24GHz.csv,192,1,1,1c1ef7f21b1bd7ffeedb60f2babe4a8a14161473d7fb6ebafeeb1d0d776a2972
/arc/project/st-zliu-1/heqingz/datasets/domainGenDataset_core_movements/24GHz/Bend/01080029_1574627879_Spec.png,24GHz,Bend,train,,/scratch/st-zliu-1/heqingz/CrossCarrier_Core6_FullSuite_20260924/manifests/core6_source/24GHz.csv,193,1,1,be4af45822324fffbd39d198f7c8c3adec881e50dee13ba4b17731fd30caed13
/arc/project/st-zliu-1/heqingz/datasets/domainGenDataset_core_movements/24GHz/Bend/01080014_1574696856_Spec.png,24GHz,Bend,train,,/scratch/st-zliu-1/heqingz/CrossCarrier_Core6_FullSuite_20260924/manifests/core6_source/24GHz.csv,194,1,1,56227a8529127979b6a3c7fcd5a716cd1e72ba48825a5d4a10a33c5c5f92eaa7
/arc/project/st-zliu-1/heqingz/datasets/domainGenDataset_core_movements/24GHz/Bend/01080030_1574195019_Spec.png,24GHz,Bend,train,,/scratch/st-zliu-1/heqingz/CrossCarrier_Core6_FullSuite_20260924/manifests/core6_source/24GHz.csv,195,1,1,51196c8d27b24aae8b22f9bbb9f698cd295b127fa4e701bf1c1142735861f529
/arc/project/st-zliu-1/heqingz/datasets/domainGenDataset_core_movements/24GHz/Bend/01080010_1573837767_Spec.png,24GHz,Bend,train,,/scratch/st-zliu-1/heqingz/CrossCarrier_Core6_FullSuite_20260924/manifests/core6_source/24GHz.csv,196,1,1,720752ec7ef6be8598e928b23a280ae0b40a4d77f269821e2cb81768c34472f9
/arc/project/st-zliu-1/heqingz/datasets/domainGenDataset_core_movements/24GHz/Bend/01080010_1573837785_Spec.png,24GHz,Bend,train,,/scratch/st-zliu-1/heqingz/CrossCarrier_Core6_FullSuite_20260924/manifests/core6_source/24GHz.csv,197,1,1,0f52b1a0b1c7e4fd2f9e50bf485410261c987697c712db3f8b1c0da64f651c24
/arc/project/st-zliu-1/heqingz/datasets/domainGenDataset_core_movements/24GHz/Bend/01080030_1574458114_Spec.png,24GHz,Bend,train,,/scratch/st-zliu-1/heqingz/CrossCarrier_Core6_FullSuite_20260924/manifests/core6_source/24GHz.csv,198,1,1,75bd1719a6e555c195a42f2732a5e89f7811c656b8843b623550667775bdbd1c
/arc/project/st-zliu-1/heqingz/datasets/domainGenDataset_core_movements/24GHz/Bend/01080014_1574696801_Spec.png,24GHz,Bend,train,,/scratch/st-zliu-1/heqingz/CrossCarrier_Core6_FullSuite_20260924/manifests/core6_source/24GHz.csv,199,1,1,efae91b42295d8c00fb6a4541456a38d87e85792430808c85601ae24b4791b42
/arc/project/st-zliu-1/heqingz/datasets/domainGenDataset_core_movements/24GHz/Bend/01080029_1574627793_Spec.png,24GHz,Bend,train,,/scratch/st-zliu-1/heqingz/CrossCarrier_Core6_FullSuite_20260924/manifests/core6_source/24GHz.csv,200,1,1,0fe7ce1eb5881e299009ec9f77c9b3172ecb45c42e7aa18fad622ae3cfecdea5
/arc/project/st-zliu-1/heqingz/datasets/domainGenDataset_core_movements/24GHz/Bend/01080014_1574696914_Spec.png,24GHz,Bend,train,,/scratch/st-zliu-1/heqingz/CrossCarrier_Core6_FullSuite_20260924/manifests/core6_source/24GHz.csv,201,1,1,ee477d46860b537107d4a06c497a9ed3792e66da80504d88774c438df9066501
/arc/project/st-zliu-1/heqingz/datasets/domainGenDataset_core_movements/24GHz/Bend/01080014_1574696941_Spec.png,24GHz,Bend,train,,/scratch/st-zliu-1/heqingz/CrossCarrier_Core6_FullSuite_20260924/manifests/core6_source/24GHz.csv,202,1,1,105da2cd950ab608cf9e6eab74c522f57ee766b9cae9a000727033b610b834c4
/arc/project/st-zliu-1/heqingz/datasets/domainGenDataset_core_movements/24GHz/Bend/01080029_1574115463_Spec.png,24GHz,Bend,train,,/scratch/st-zliu-1/heqingz/CrossCarrier_Core6_FullSuite_20260924/manifests/core6_source/24GHz.csv,203,1,1,7bfcfd05c00146935459d7ff9c0b774465a60ae90a95ce97323e77ba954218a5
/arc/project/st-zliu-1/heqingz/datasets/domainGenDataset_core_movements/24GHz/Bend/01080030_1574194941_Spec.png,24GHz,Bend,train,,/scratch/st-zliu-1/heqingz/CrossCarrier_Core6_FullSuite_20260924/manifests/core6_source/24GHz.csv,204,1,1,5b08248e038b3b8c7caabb8d42e4483589de317e4606aad23bb18bbc5dedb9da
/arc/project/st-zliu-1/heqingz/datasets/domainGenDataset_core_movements/24GHz/Bend/01080010_1573837748_Spec.png,24GHz,Bend,train,,/scratch/st-zliu-1/heqingz/CrossCarrier_Core6_FullSuite_20260924/manifests/core6_source/24GHz.csv,205,1,1,681b0a30c4f8192c42c805ac005c7c436f0aa7d25d15a9d849fa2611f4193aa3
/arc/project/st-zliu-1/heqingz/datasets/domainGenDataset_core_movements/24GHz/Bend/01080029_1574115619_Spec.png,24GHz,Bend,train,,/scratch/st-zliu-1/heqingz/CrossCarrier_Core6_FullSuite_20260924/manifests/core6_source/24GHz.csv,206,1,1,4cf8ba138538b6a908daa6a337a31cf78065adb3b770366d526002f84ef26fe5
/arc/project/st-zliu-1/heqingz/datasets/domainGenDataset_core_movements/24GHz/Bend/01080029_1574628005_Spec.png,24GHz,Bend,train,,/scratch/st-zliu-1/heqingz/CrossCarrier_Core6_FullSuite_20260924/manifests/core6_source/24GHz.csv,207,1,1,182920c6ca30a4ca9ee43fd2449293d2fe7740fe1944ec6b9e1441d733694dcf
/arc/project/st-zliu-1/heqingz/datasets/domainGenDataset_core_movements/24GHz/Bend/01080010_1573837803_Spec.png,24GHz,Bend,train,,/scratch/st-zliu-1/heqingz/CrossCarrier_Core6_FullSuite_20260924/manifests/core6_source/24GHz.csv,208,1,1,ab27663ae4db4b95dbe5f792469feca8927d6164193b48e4f920dd4c0492fd8e
/arc/project/st-zliu-1/heqingz/datasets/domainGenDataset_core_movements/24GHz/Bend/01080029_1574115561_Spec.png,24GHz,Bend,train,,/scratch/st-zliu-1/heqingz/CrossCarrier_Core6_FullSuite_20260924/manifests/core6_source/24GHz.csv,209,1,1,8e64e63cce3222ae77d2934dcd016ab2a416e9f12813677e4439a8a5e2d9c4b0
/arc/project/st-zliu-1/heqingz/datasets/domainGenDataset_core_movements/24GHz/Bend/01080029_1574627830_Spec.png,24GHz,Bend,train,,/scratch/st-zliu-1/heqingz/CrossCarrier_Core6_FullSuite_20260924/manifests/core6_source/24GHz.csv,210,1,1,b0bcf478bbb40a6007bc97689cfb95592e675dd4ea858a44aba442ef94f7817d
/arc/project/st-zliu-1/heqingz/datasets/domainGenDataset_core_movements/24GHz/Bend/01080029_1574115504_Spec.png,24GHz,Bend,train,,/scratch/st-zliu-1/heqingz/CrossCarrier_Core6_FullSuite_20260924/manifests/core6_source/24GHz.csv,211,1,1,dc03560e06f55f37f47fd1ada9e5d84f564b90e373344f26bed95c7bb75255c7
/arc/project/st-zliu-1/heqingz/datasets/domainGenDataset_core_movements/24GHz/Bend/01080030_1574195000_Spec.png,24GHz,Bend,train,,/scratch/st-zliu-1/heqingz/CrossCarrier_Core6_FullSuite_20260924/manifests/core6_source/24GHz.csv,212,1,1,f723e73d2a7a850fee765c9647144bae37ae318fc607cf009792af93d3495915
/arc/project/st-zliu-1/heqingz/datasets/domainGenDataset_core_movements/24GHz/Bend/01080030_1574195059_Spec.png,24GHz,Bend,train,,/scratch/st-zliu-1/heqingz/CrossCarrier_Core6_FullSuite_20260924/manifests/core6_source/24GHz.csv,213,1,1,8b711c9f6770fd26bb0523d57038d3289474d7e6834724c0d11eea0b92122b64
/arc/project/st-zliu-1/heqingz/datasets/domainGenDataset_core_movements/24GHz/Bend/01080014_1574696766_Spec.png,24GHz,Bend,train,,/scratch/st-zliu-1/heqingz/CrossCarrier_Core6_FullSuite_20260924/manifests/core6_source/24GHz.csv,214,1,1,684030be5542ecf0d3b1db69bf7f8e03fa2335787bd3839926c025ff72711f60
/arc/project/st-zliu-1/heqingz/datasets/domainGenDataset_core_movements/24GHz/Bend/01080030_1574458043_Spec.png,24GHz,Bend,train,,/scratch/st-zliu-1/heqingz/CrossCarrier_Core6_FullSuite_20260924/manifests/core6_source/24GHz.csv,215,1,1,379b7b93badbc71224711d2a51367e4cf316794e0f38219c96534982dbb4104a
/arc/project/st-zliu-1/heqingz/datasets/domainGenDataset_core_movements/24GHz/Bend/01080030_1574458060_Spec.png,24GHz,Bend,train,,/scratch/st-zliu-1/heqingz/CrossCarrier_Core6_FullSuite_20260924/manifests/core6_source/24GHz.csv,216,1,1,2f6568af218bfd3b781b1f42f2be9bd1382a82600027c1e1d3f1b4318aa93b64
/arc/project/st-zliu-1/heqingz/datasets/domainGenDataset_core_movements/24GHz/Bend/01080029_1574115601_Spec.png,24GHz,Bend,train,,/scratch/st-zliu-1/heqingz/CrossCarrier_Core6_FullSuite_20260924/manifests/core6_source/24GHz.csv,217,1,1,cd729511c00dbd598acac2f25667f82b4ab341cfde800efbc86024d2af11f539
/arc/project/st-zliu-1/heqingz/datasets/domainGenDataset_core_movements/24GHz/Bend/01080010_1573837689_Spec.png,24GHz,Bend,train,,/scratch/st-zliu-1/heqingz/CrossCarrier_Core6_FullSuite_20260924/manifests/core6_source/24GHz.csv,218,1,1,1009196020bb1a49b8e6e727f458cab6622f13878575294548142fd6a79f1008
/arc/project/st-zliu-1/heqingz/datasets/domainGenDataset_core_movements/24GHz/Bend/01080030_1574194962_Spec.png,24GHz,Bend,train,,/scratch/st-zliu-1/heqingz/CrossCarrier_Core6_FullSuite_20260924/manifests/core6_source/24GHz.csv,219,1,1,93f67322e1b62cc16d4bb922f01ccd20cbea95bdc4ff713fe18f9bff987ed1ad
/arc/project/st-zliu-1/heqingz/datasets/domainGenDataset_core_movements/24GHz/Bend/01080030_1574458096_Spec.png,24GHz,Bend,train,,/scratch/st-zliu-1/heqingz/CrossCarrier_Core6_FullSuite_20260924/manifests/core6_source/24GHz.csv,220,1,1,117e8db9f18c47cea747ba5c7fa904679c7903eb8df027ccedc7ec2f9d6345ea
/arc/project/st-zliu-1/heqingz/datasets/domainGenDataset_core_movements/24GHz/Bend/01080030_1574194692_Spec.png,24GHz,Bend,train,,/scratch/st-zliu-1/heqingz/CrossCarrier_Core6_FullSuite_20260924/manifests/core6_source/24GHz.csv,221,1,1,5d631b5fec595d0d5f45a26fe489fd19280ce46937096e9f3e287a8b6724a056
/arc/project/st-zliu-1/heqingz/datasets/domainGenDataset_core_movements/24GHz/Bend/01080029_1574115523_Spec.png,24GHz,Bend,train,,/scratch/st-zliu-1/heqingz/CrossCarrier_Core6_FullSuite_20260924/manifests/core6_source/24GHz.csv,222,1,1,dae3c13dccc9a45b0fac39040ad41f25fcc7c72a1f1ab6a5b9997abd2e2de886
/arc/project/st-zliu-1/heqingz/datasets/domainGenDataset_core_movements/24GHz/Bend/01080030_1574458011_Spec.png,24GHz,Bend,train,,/scratch/st-zliu-1/heqingz/CrossCarrier_Core6_FullSuite_20260924/manifests/core6_source/24GHz.csv,223,1,1,c8353fd8a356870c4dace0ce75bc1784ee4ef7e0670d1546f7c5be0b1d1e2b37
/arc/project/st-zliu-1/heqingz/datasets/domainGenDataset_core_movements/24GHz/Bend/01080030_1574458078_Spec.png,24GHz,Bend,train,,/scratch/st-zliu-1/heqingz/CrossCarrier_Core6_FullSuite_20260924/manifests/core6_source/24GHz.csv,224,1,1,8dace1d8127fadf2c43fcb14461753ffbeb18e13ea2a7241dd5c26ef671f2994
/arc/project/st-zliu-1/heqingz/datasets/domainGenDataset_core_movements/24GHz/Bend/01080030_1574457991_Spec.png,24GHz,Bend,train,,/scratch/st-zliu-1/heqingz/CrossCarrier_Core6_FullSuite_20260924/manifests/core6_source/24GHz.csv,225,1,1,f2e9f1da8d33fde72614332799a864afc35bbbc014c349c10df12d95e282c50f
/arc/project/st-zliu-1/heqingz/datasets/domainGenDataset_core_movements/24GHz/Bend/01080030_1574458157_Spec.png,24GHz,Bend,train,,/scratch/st-zliu-1/heqingz/CrossCarrier_Core6_FullSuite_20260924/manifests/core6_source/24GHz.csv,226,1,1,f37dc0209983fdf3481446366470231e9d03845f10408cb81b0bf43750fffad1
/arc/project/st-zliu-1/heqingz/datasets/domainGenDataset_core_movements/24GHz/Kneel/01100030_1574458974_Spec.png,24GHz,Kneel,train,,/scratch/st-zliu-1/heqingz/CrossCarrier_Core6_FullSuite_20260924/manifests/core6_source/24GHz.csv,247,2,1,ceba0458e155e671133a59fe45dcca96cbb58dcef74ad0db280b65bfac049afd
/arc/project/st-zliu-1/heqingz/datasets/domainGenDataset_core_movements/24GHz/Kneel/01100030_1574195597_Spec.png,24GHz,Kneel,train,,/scratch/st-zliu-1/heqingz/CrossCarrier_Core6_FullSuite_20260924/manifests/core6_source/24GHz.csv,248,2,1,e4f3a3fcd7a03b67fd92c971de1c257ac95a3b95090addaa5e1304f1a312d942
/arc/project/st-zliu-1/heqingz/datasets/domainGenDataset_core_movements/24GHz/Kneel/01100030_1574459016_Spec.png,24GHz,Kneel,train,,/scratch/st-zliu-1/heqingz/CrossCarrier_Core6_FullSuite_20260924/manifests/core6_source/24GHz.csv,249,2,1,8a314142e9720bda4fd982aa15acc994adbaa59218218e32b4707b97bce425f4
/arc/project/st-zliu-1/heqingz/datasets/domainGenDataset_core_movements/24GHz/Kneel/01100029_1574628579_Spec.png,24GHz,Kneel,train,,/scratch/st-zliu-1/heqingz/CrossCarrier_Core6_FullSuite_20260924/manifests/core6_source/24GHz.csv,250,2,1,d4f11c8be5ab6f46c76c71426c15bc9b16012390c52bc55fc48bb4c7c719b62b
/arc/project/st-zliu-1/heqingz/datasets/domainGenDataset_core_movements/24GHz/Kneel/01100029_1574116046_Spec.png,24GHz,Kneel,train,,/scratch/st-zliu-1/heqingz/CrossCarrier_Core6_FullSuite_20260924/manifests/core6_source/24GHz.csv,251,2,1,22eaa90ad096260efa56c247fdb6fd8fd0cdbb660d8985a1815533dcccb08a5b
/arc/project/st-zliu-1/heqingz/datasets/domainGenDataset_core_movements/24GHz/Kneel/01100010_1573838508_Spec.png,24GHz,Kneel,train,,/scratch/st-zliu-1/heqingz/CrossCarrier_Core6_FullSuite_20260924/manifests/core6_source/24GHz.csv,252,2,1,a719edde14b883e7511081cf25d2b345d5785b37dfa60060f94eab4d5e044e47
/arc/project/st-zliu-1/heqingz/datasets/domainGenDataset_core_movements/24GHz/Kneel/01100029_1574628503_Spec.png,24GHz,Kneel,train,,/scratch/st-zliu-1/heqingz/CrossCarrier_Core6_FullSuite_20260924/manifests/core6_source/24GHz.csv,253,2,1,7a6b542f8acd4c3a74862330e13b785cb1a859d76e01917ebdeb458fab6e7516
/arc/project/st-zliu-1/heqingz/datasets/domainGenDataset_core_movements/24GHz/Kneel/01100030_1574458902_Spec.png,24GHz,Kneel,train,,/scratch/st-zliu-1/heqingz/CrossCarrier_Core6_FullSuite_20260924/manifests/core6_source/24GHz.csv,254,2,1,81fcb976b28a74c60904ee23c93a2683d91b51868cd67f53d9791456f51a086e
/arc/project/st-zliu-1/heqingz/datasets/domainGenDataset_core_movements/24GHz/Kneel/01100014_1574698089_Spec.png,24GHz,Kneel,train,,/scratch/st-zliu-1/heqingz/CrossCarrier_Core6_FullSuite_20260924/manifests/core6_source/24GHz.csv,255,2,1,b408de40339c5b2e6a110d80318bc3b4ee58357eb73e42aa6d3d78aaeed44946
/arc/project/st-zliu-1/heqingz/datasets/domainGenDataset_core_movements/24GHz/Kneel/01100014_1574698185_Spec.png,24GHz,Kneel,train,,/scratch/st-zliu-1/heqingz/CrossCarrier_Core6_FullSuite_20260924/manifests/core6_source/24GHz.csv,256,2,1,8ba033f3fe71b68966adb889448f29ebeb341c8eab22516b74ac4b1f05620d32
/arc/project/st-zliu-1/heqingz/datasets/domainGenDataset_core_movements/24GHz/Kneel/01100029_1574628616_Spec.png,24GHz,Kneel,train,,/scratch/st-zliu-1/heqingz/CrossCarrier_Core6_FullSuite_20260924/manifests/core6_source/24GHz.csv,257,2,1,3cdd55df0956206d07fc5b3b8b209dd8fb0b1f008865884c13991d3110c36e65
/arc/project/st-zliu-1/heqingz/datasets/domainGenDataset_core_movements/24GHz/Kneel/01100029_1574115915_Spec.png,24GHz,Kneel,train,,/scratch/st-zliu-1/heqingz/CrossCarrier_Core6_FullSuite_20260924/manifests/core6_source/24GHz.csv,258,2,1,b6220943cc52cbe9794d7cef00ce970b3605855544692cd1b59f54dafb50ff02
/arc/project/st-zliu-1/heqingz/datasets/domainGenDataset_core_movements/24GHz/Kneel/01100029_1574116103_Spec.png,24GHz,Kneel,train,,/scratch/st-zliu-1/heqingz/CrossCarrier_Core6_FullSuite_20260924/manifests/core6_source/24GHz.csv,259,2,1,a69a1ab67b5af7383ea7d6249057e5089943022da4e9a1064e281a1cce7daab9
/arc/project/st-zliu-1/heqingz/datasets/domainGenDataset_core_movements/24GHz/Kneel/01100010_1573838489_Spec.png,24GHz,Kneel,train,,/scratch/st-zliu-1/heqingz/CrossCarrier_Core6_FullSuite_20260924/manifests/core6_source/24GHz.csv,260,2,1,43c48ffe0b759351b02631507e218d07136ad583f5ae6244ac848f60ef14782a
/arc/project/st-zliu-1/heqingz/datasets/domainGenDataset_core_movements/24GHz/Kneel/01100030_1574458850_Spec.png,24GHz,Kneel,train,,/scratch/st-zliu-1/heqingz/CrossCarrier_Core6_FullSuite_20260924/manifests/core6_source/24GHz.csv,261,2,1,f0a24959f9b3db48d7c1b5dc62409de6445893f615d640f8b17d53ec288f54a2
/arc/project/st-zliu-1/heqingz/datasets/domainGenDataset_core_movements/24GHz/Kneel/01100014_1574698031_Spec.png,24GHz,Kneel,train,,/scratch/st-zliu-1/heqingz/CrossCarrier_Core6_FullSuite_20260924/manifests/core6_source/24GHz.csv,262,2,1,f07ff2d692886a0231764f8a44b37b7ab0f3bf2a28d09c35662eb3c3d684af7b
/arc/project/st-zliu-1/heqingz/datasets/domainGenDataset_core_movements/24GHz/Kneel/01100030_1574195482_Spec.png,24GHz,Kneel,train,,/scratch/st-zliu-1/heqingz/CrossCarrier_Core6_FullSuite_20260924/manifests/core6_source/24GHz.csv,263,2,1,d55bdecdbaa7b686fc3b6ca6ad003c83d15fe851a13e7f08cf930b109a0d6e79
/arc/project/st-zliu-1/heqingz/datasets/domainGenDataset_core_movements/24GHz/Kneel/01100014_1574698222_Spec.png,24GHz,Kneel,train,,/scratch/st-zliu-1/heqingz/CrossCarrier_Core6_FullSuite_20260924/manifests/core6_source/24GHz.csv,264,2,1,13d7c57f913ac42ffedc60978c0dd00321e464f7d91996b52987a2cbd0842652
/arc/project/st-zliu-1/heqingz/datasets/domainGenDataset_core_movements/24GHz/Kneel/01100010_1573838526_Spec.png,24GHz,Kneel,train,,/scratch/st-zliu-1/heqingz/CrossCarrier_Core6_FullSuite_20260924/manifests/core6_source/24GHz.csv,265,2,1,2f9ea4e41b9ab8d2066dfb8cab6e564073094b304e7deb2335af91970aa15761
/arc/project/st-zliu-1/heqingz/datasets/domainGenDataset_core_movements/24GHz/Kneel/01100030_1574195557_Spec.png,24GHz,Kneel,train,,/scratch/st-zliu-1/heqingz/CrossCarrier_Core6_FullSuite_20260924/manifests/core6_source/24GHz.csv,266,2,1,14f880fbf51dbe4ef326bcc3bd42fd37a4d01d5e59bcc8b9aea1b97b87bc4235
/arc/project/st-zliu-1/heqingz/datasets/domainGenDataset_core_movements/24GHz/Kneel/01100014_1574698108_Spec.png,24GHz,Kneel,train,,/scratch/st-zliu-1/heqingz/CrossCarrier_Core6_FullSuite_20260924/manifests/core6_source/24GHz.csv,267,2,1,0b4fd8eb331cb6ab4a0a80362b98ad036f2c773060d4479a67dafe20e9c6f528
/arc/project/st-zliu-1/heqingz/datasets/domainGenDataset_core_movements/24GHz/Kneel/01100030_1574195520_Spec.png,24GHz,Kneel,train,,/scratch/st-zliu-1/heqingz/CrossCarrier_Core6_FullSuite_20260924/manifests/core6_source/24GHz.csv,268,2,1,b6dc50b8ed6d360c378b85f8c6dc4e8ecd44bc2d480cc7451db2ad3786b9805a
/arc/project/st-zliu-1/heqingz/datasets/domainGenDataset_core_movements/24GHz/Kneel/01100010_1573838467_Spec.png,24GHz,Kneel,train,,/scratch/st-zliu-1/heqingz/CrossCarrier_Core6_FullSuite_20260924/manifests/core6_source/24GHz.csv,269,2,1,0edcaf3bbd4838610221ee513df67ab0f7261a4c37b08d748970f1c2065a359e
/arc/project/st-zliu-1/heqingz/datasets/domainGenDataset_core_movements/24GHz/Kneel/01100029_1574628598_Spec.png,24GHz,Kneel,train,,/scratch/st-zliu-1/heqingz/CrossCarrier_Core6_FullSuite_20260924/manifests/core6_source/24GHz.csv,270,2,1,1a17c9b39df73906cbc4a750a81a58ebc00e6c58fdf31f1097a1c84e9721ffee
/arc/project/st-zliu-1/heqingz/datasets/domainGenDataset_core_movements/24GHz/Kneel/01100029_1574628652_Spec.png,24GHz,Kneel,train,,/scratch/st-zliu-1/heqingz/CrossCarrier_Core6_FullSuite_20260924/manifests/core6_source/24GHz.csv,271,2,1,b168c13a59e9c232966b711822d512562bb2f68f85226aa88585d5d5e1231843
/arc/project/st-zliu-1/heqingz/datasets/domainGenDataset_core_movements/24GHz/Kneel/01100029_1574628522_Spec.png,24GHz,Kneel,train,,/scratch/st-zliu-1/heqingz/CrossCarrier_Core6_FullSuite_20260924/manifests/core6_source/24GHz.csv,272,2,1,f4591037229f1b12f532da92f5c1540c29468ebe0d1ef98ba6d3d1a730ab4512
/arc/project/st-zliu-1/heqingz/datasets/domainGenDataset_core_movements/24GHz/Kneel/01100029_1574116027_Spec.png,24GHz,Kneel,train,,/scratch/st-zliu-1/heqingz/CrossCarrier_Core6_FullSuite_20260924/manifests/core6_source/24GHz.csv,273,2,1,3a5fcce218e9f94850f3fcebfa067b3f74f51d85573fb62f94137e806d0c6b43
/arc/project/st-zliu-1/heqingz/datasets/domainGenDataset_core_movements/24GHz/Kneel/01100029_1574628634_Spec.png,24GHz,Kneel,train,,/scratch/st-zliu-1/heqingz/CrossCarrier_Core6_FullSuite_20260924/manifests/core6_source/24GHz.csv,274,2,1,f880a4b703d8a4f2c08726a331ed76eaa83c3d47aa59beaa5293e30186cc778b
/arc/project/st-zliu-1/heqingz/datasets/domainGenDataset_core_movements/24GHz/Kneel/01100014_1574698203_Spec.png,24GHz,Kneel,train,,/scratch/st-zliu-1/heqingz/CrossCarrier_Core6_FullSuite_20260924/manifests/core6_source/24GHz.csv,275,2,1,361c09786c69ae3c743f82fa247698aadc5592e21224e4bbedb78e9c941e3834
/arc/project/st-zliu-1/heqingz/datasets/domainGenDataset_core_movements/24GHz/Kneel/01100014_1574698067_Spec.png,24GHz,Kneel,train,,/scratch/st-zliu-1/heqingz/CrossCarrier_Core6_FullSuite_20260924/manifests/core6_source/24GHz.csv,276,2,1,5d6f5c4bf34753794030b7b6d1c43ac08eb5745bef3219acef29f59c064a2858
/arc/project/st-zliu-1/heqingz/datasets/domainGenDataset_core_movements/24GHz/Kneel/01100030_1574195539_Spec.png,24GHz,Kneel,train,,/scratch/st-zliu-1/heqingz/CrossCarrier_Core6_FullSuite_20260924/manifests/core6_source/24GHz.csv,277,2,1,b16a8cf36389e609da55048cd7504655733d4474d4091aaaeb3558a1b6c42811
/arc/project/st-zliu-1/heqingz/datasets/domainGenDataset_core_movements/24GHz/Kneel/01100029_1574116141_Spec.png,24GHz,Kneel,train,,/scratch/st-zliu-1/heqingz/CrossCarrier_Core6_FullSuite_20260924/manifests/core6_source/24GHz.csv,278,2,1,57a2fc9d0bbf499e03251854e041d1f086ddcf3eba97446da60e67b5d9f05023
/arc/project/st-zliu-1/heqingz/datasets/domainGenDataset_core_movements/24GHz/Kneel/01100030_1574458956_Spec.png,24GHz,Kneel,train,,/scratch/st-zliu-1/heqingz/CrossCarrier_Core6_FullSuite_20260924/manifests/core6_source/24GHz.csv,279,2,1,0d293fcaa93d2484d50da79c694ab7316ced144f18feb6b0492933f51f51417a
/arc/project/st-zliu-1/heqingz/datasets/domainGenDataset_core_movements/24GHz/Kneel/01100014_1574698146_Spec.png,24GHz,Kneel,train,,/scratch/st-zliu-1/heqingz/CrossCarrier_Core6_FullSuite_20260924/manifests/core6_source/24GHz.csv,280,2,1,d3af3b164f9e9bdccce7aea02c8119596084448f5b8b9f61a4d3552ec0ee279f
/arc/project/st-zliu-1/heqingz/datasets/domainGenDataset_core_movements/24GHz/Kneel/01100010_1573838430_Spec.png,24GHz,Kneel,train,,/scratch/st-zliu-1/heqingz/CrossCarrier_Core6_FullSuite_20260924/manifests/core6_source/24GHz.csv,281,2,1,0fd489157f80bcc13f4a610a0702e951a2b365596b48c8afe97a57cbf9849123
/arc/project/st-zliu-1/heqingz/datasets/domainGenDataset_core_movements/24GHz/Kneel/01100030_1574195442_Spec.png,24GHz,Kneel,train,,/scratch/st-zliu-1/heqingz/CrossCarrier_Core6_FullSuite_20260924/manifests/core6_source/24GHz.csv,282,2,1,ff74659786d844b9775fabf96ff3bdf44eb0508c95b94a47f08d63d81e4a668c
/arc/project/st-zliu-1/heqingz/datasets/domainGenDataset_core_movements/24GHz/Kneel/01100014_1574698165_Spec.png,24GHz,Kneel,train,,/scratch/st-zliu-1/heqingz/CrossCarrier_Core6_FullSuite_20260924/manifests/core6_source/24GHz.csv,283,2,1,88c6d552175bf6a954d7aa76ae0f389f35c75b6dbfe819c07501ca47ded0ca88
/arc/project/st-zliu-1/heqingz/datasets/domainGenDataset_core_movements/24GHz/Kneel/01100030_1574458991_Spec.png,24GHz,Kneel,train,,/scratch/st-zliu-1/heqingz/CrossCarrier_Core6_FullSuite_20260924/manifests/core6_source/24GHz.csv,284,2,1,efcb91fc9cc79aac46949ab3b5b12b65c2435ab61febbd51e7626c3dbbac5d5e
/arc/project/st-zliu-1/heqingz/datasets/domainGenDataset_core_movements/24GHz/Kneel/01100030_1574195462_Spec.png,24GHz,Kneel,train,,/scratch/st-zliu-1/heqingz/CrossCarrier_Core6_FullSuite_20260924/manifests/core6_source/24GHz.csv,285,2,1,0e4c9d143ef24974720f255751bb029dbc008e3d03c26b2e8892d468502e9953
/arc/project/st-zliu-1/heqingz/datasets/domainGenDataset_core_movements/24GHz/Kneel/01100010_1573838603_Spec.png,24GHz,Kneel,train,,/scratch/st-zliu-1/heqingz/CrossCarrier_Core6_FullSuite_20260924/manifests/core6_source/24GHz.csv,286,2,1,3f31465e54e09d2013537a91deb66ef3725ac8116ffa2016293f517fd7d57629
/arc/project/st-zliu-1/heqingz/datasets/domainGenDataset_core_movements/24GHz/Kneel/01100010_1573838584_Spec.png,24GHz,Kneel,train,,/scratch/st-zliu-1/heqingz/CrossCarrier_Core6_FullSuite_20260924/manifests/core6_source/24GHz.csv,287,2,1,a42b347f144c7c74cb9f03b7a1cfbffcd181b08cddefdee542cd607c8d65f9c4
/arc/project/st-zliu-1/heqingz/datasets/domainGenDataset_core_movements/24GHz/Kneel/01100010_1573838544_Spec.png,24GHz,Kneel,train,,/scratch/st-zliu-1/heqingz/CrossCarrier_Core6_FullSuite_20260924/manifests/core6_source/24GHz.csv,288,2,1,564fe0926cdb6e29a75c551b94062b83859d38f1119558f9ef1500aadb388542
/arc/project/st-zliu-1/heqingz/datasets/domainGenDataset_core_movements/24GHz/Kneel/01100014_1574698127_Spec.png,24GHz,Kneel,train,,/scratch/st-zliu-1/heqingz/CrossCarrier_Core6_FullSuite_20260924/manifests/core6_source/24GHz.csv,289,2,1,c178e4a052ef597c1c5834d4a605a04131b057fdd8c10a6677abbfb279d5ec52
/arc/project/st-zliu-1/heqingz/datasets/domainGenDataset_core_movements/24GHz/Kneel/01100029_1574116064_Spec.png,24GHz,Kneel,train,,/scratch/st-zliu-1/heqingz/CrossCarrier_Core6_FullSuite_20260924/manifests/core6_source/24GHz.csv,290,2,1,706e14698b28dbddec8e4b67fe815e60b3593c796b45c5d7e57259881f860764
/arc/project/st-zliu-1/heqingz/datasets/domainGenDataset_core_movements/24GHz/Pick/01070010_1573837531_Spec.png,24GHz,Pick,train,,/scratch/st-zliu-1/heqingz/CrossCarrier_Core6_FullSuite_20260924/manifests/core6_source/24GHz.csv,311,3,1,68d17f6d1333e262183e17779cc112ccfdfa0479ffa5343bd4a8c261211233ea
/arc/project/st-zliu-1/heqingz/datasets/domainGenDataset_core_movements/24GHz/Pick/01070029_1574115244_Spec.png,24GHz,Pick,train,,/scratch/st-zliu-1/heqingz/CrossCarrier_Core6_FullSuite_20260924/manifests/core6_source/24GHz.csv,312,3,1,30a30da3099e32932185d229040f8ee0fdab80340642d40de957f1aef1e57640
/arc/project/st-zliu-1/heqingz/datasets/domainGenDataset_core_movements/24GHz/Pick/01070029_1574115196_Spec.png,24GHz,Pick,train,,/scratch/st-zliu-1/heqingz/CrossCarrier_Core6_FullSuite_20260924/manifests/core6_source/24GHz.csv,313,3,1,6a657dc9e284c3cd6abf49d6ee9602430092d470f29dd942dfa44f68a9606320
/arc/project/st-zliu-1/heqingz/datasets/domainGenDataset_core_movements/24GHz/Pick/01070010_1573837550_Spec.png,24GHz,Pick,train,,/scratch/st-zliu-1/heqingz/CrossCarrier_Core6_FullSuite_20260924/manifests/core6_source/24GHz.csv,314,3,1,fa1039d2a121b5093b031fa9ee6a68f74f079eb06494d5f91587944ac5d0a696
/arc/project/st-zliu-1/heqingz/datasets/domainGenDataset_core_movements/24GHz/Pick/01070029_1574115138_Spec.png,24GHz,Pick,train,,/scratch/st-zliu-1/heqingz/CrossCarrier_Core6_FullSuite_20260924/manifests/core6_source/24GHz.csv,315,3,1,f1c8c3cc908f5a32175ffd9443879c2dc6ffb017bae24b67bf17b4e8f76a0e50
/arc/project/st-zliu-1/heqingz/datasets/domainGenDataset_core_movements/24GHz/Pick/01070029_1574627704_Spec.png,24GHz,Pick,train,,/scratch/st-zliu-1/heqingz/CrossCarrier_Core6_FullSuite_20260924/manifests/core6_source/24GHz.csv,316,3,1,94bf3e50edd3c24ca6d606d6ca8a73fe797c6b7710dc577971e91a6296f282c3
/arc/project/st-zliu-1/heqingz/datasets/domainGenDataset_core_movements/24GHz/Pick/01070030_1574194468_Spec.png,24GHz,Pick,train,,/scratch/st-zliu-1/heqingz/CrossCarrier_Core6_FullSuite_20260924/manifests/core6_source/24GHz.csv,317,3,1,aef190a3001e4afc6454f513e87a24e2b4a86e966c7302c9bde6798796089b2f
/arc/project/st-zliu-1/heqingz/datasets/domainGenDataset_core_movements/24GHz/Pick/01070030_1574194444_Spec.png,24GHz,Pick,train,,/scratch/st-zliu-1/heqingz/CrossCarrier_Core6_FullSuite_20260924/manifests/core6_source/24GHz.csv,318,3,1,cdbbf2172cfea176005fc7a1268cccc76e3dc27c46e7e581446838c5d0371a44
/arc/project/st-zliu-1/heqingz/datasets/domainGenDataset_core_movements/24GHz/Pick/01070029_1574115399_Spec.png,24GHz,Pick,train,,/scratch/st-zliu-1/heqingz/CrossCarrier_Core6_FullSuite_20260924/manifests/core6_source/24GHz.csv,319,3,1,e4316745c6e80c2f1da66d78c15303c5a54343fc62d07a87a17556eda432dfd1
/arc/project/st-zliu-1/heqingz/datasets/domainGenDataset_core_movements/24GHz/Pick/01070030_1574194488_Spec.png,24GHz,Pick,train,,/scratch/st-zliu-1/heqingz/CrossCarrier_Core6_FullSuite_20260924/manifests/core6_source/24GHz.csv,320,3,1,283379b4ccec337ee43b5d6670583d2e808ec3cf2e8ae7f7772555049d8d5f4f
/arc/project/st-zliu-1/heqingz/datasets/domainGenDataset_core_movements/24GHz/Pick/01070030_1574457253_Spec.png,24GHz,Pick,train,,/scratch/st-zliu-1/heqingz/CrossCarrier_Core6_FullSuite_20260924/manifests/core6_source/24GHz.csv,321,3,1,c264e0369ac365a48954d370a754f6fca8fcc26c85e75ff8e748551d55a9d2ce
/arc/project/st-zliu-1/heqingz/datasets/domainGenDataset_core_movements/24GHz/Pick/01070014_1574696535_Spec.png,24GHz,Pick,train,,/scratch/st-zliu-1/heqingz/CrossCarrier_Core6_FullSuite_20260924/manifests/core6_source/24GHz.csv,322,3,1,089828368c8f17c0d56c966b4b8c1920afed5c40a83ae9b8a232994196e528b0
/arc/project/st-zliu-1/heqingz/datasets/domainGenDataset_core_movements/24GHz/Pick/01070029_1574627388_Spec.png,24GHz,Pick,train,,/scratch/st-zliu-1/heqingz/CrossCarrier_Core6_FullSuite_20260924/manifests/core6_source/24GHz.csv,323,3,1,97ccf87cf1a9f86800b4b57ea60338a59254b46083bc92165321785319c3547b
/arc/project/st-zliu-1/heqingz/datasets/domainGenDataset_core_movements/24GHz/Pick/01070029_1574115178_Spec.png,24GHz,Pick,train,,/scratch/st-zliu-1/heqingz/CrossCarrier_Core6_FullSuite_20260924/manifests/core6_source/24GHz.csv,324,3,1,5f4283249ea205fb915053b36e0b403cbabece0e52770df067203c4704f34d3c
/arc/project/st-zliu-1/heqingz/datasets/domainGenDataset_core_movements/24GHz/Pick/01070029_1574627723_Spec.png,24GHz,Pick,train,,/scratch/st-zliu-1/heqingz/CrossCarrier_Core6_FullSuite_20260924/manifests/core6_source/24GHz.csv,325,3,1,9201e545c545065dd5abc91a8dba64c167297266ad094e7af3c75dde8d00f5d1
/arc/project/st-zliu-1/heqingz/datasets/domainGenDataset_core_movements/24GHz/Pick/01070029_1574115158_Spec.png,24GHz,Pick,train,,/scratch/st-zliu-1/heqingz/CrossCarrier_Core6_FullSuite_20260924/manifests/core6_source/24GHz.csv,326,3,1,5bb9cd1c7cb53c3fb7f536e9ca51177b60c83138eaa7016d447bf58a2e46f9dc
/arc/project/st-zliu-1/heqingz/datasets/domainGenDataset_core_movements/24GHz/Pick/01070030_1574457231_Spec.png,24GHz,Pick,train,,/scratch/st-zliu-1/heqingz/CrossCarrier_Core6_FullSuite_20260924/manifests/core6_source/24GHz.csv,327,3,1,a7d9a396e2f78026eb7fb1cf0d9f05cc0e53498afc0521489a787232f3913efc
/arc/project/st-zliu-1/heqingz/datasets/domainGenDataset_core_movements/24GHz/Pick/01070014_1574696688_Spec.png,24GHz,Pick,train,,/scratch/st-zliu-1/heqingz/CrossCarrier_Core6_FullSuite_20260924/manifests/core6_source/24GHz.csv,328,3,1,d40ac6b79f94682a4705efe1657666b134b29cd1d266496887aac3384f94d34c
/arc/project/st-zliu-1/heqingz/datasets/domainGenDataset_core_movements/24GHz/Pick/01070010_1573837622_Spec.png,24GHz,Pick,train,,/scratch/st-zliu-1/heqingz/CrossCarrier_Core6_FullSuite_20260924/manifests/core6_source/24GHz.csv,329,3,1,42cc9ced86d18bcc7fbb99cf8d66a1ab6497c934f01110675b356669016ce749
/arc/project/st-zliu-1/heqingz/datasets/domainGenDataset_core_movements/24GHz/Pick/01070010_1573837456_Spec.png,24GHz,Pick,train,,/scratch/st-zliu-1/heqingz/CrossCarrier_Core6_FullSuite_20260924/manifests/core6_source/24GHz.csv,330,3,1,311da612bdf21c8f4ea943291a4071a204e7eadccd14fe6a0249650ef3190101
/arc/project/st-zliu-1/heqingz/datasets/domainGenDataset_core_movements/24GHz/Pick/01070014_1574696560_Spec.png,24GHz,Pick,train,,/scratch/st-zliu-1/heqingz/CrossCarrier_Core6_FullSuite_20260924/manifests/core6_source/24GHz.csv,331,3,1,a99a91c0dc002a35d3657d8e017542c49090309cefc72cbed46ac54cfac1d476
/arc/project/st-zliu-1/heqingz/datasets/domainGenDataset_core_movements/24GHz/Pick/01070030_1574457212_Spec.png,24GHz,Pick,train,,/scratch/st-zliu-1/heqingz/CrossCarrier_Core6_FullSuite_20260924/manifests/core6_source/24GHz.csv,332,3,1,31e37f859f82591fa591f9d43fb72fd43d0e774ebfb48ed6db91e11401e716a3
/arc/project/st-zliu-1/heqingz/datasets/domainGenDataset_core_movements/24GHz/Pick/01070030_1574194547_Spec.png,24GHz,Pick,train,,/scratch/st-zliu-1/heqingz/CrossCarrier_Core6_FullSuite_20260924/manifests/core6_source/24GHz.csv,333,3,1,47d1438393cb1d70c964a21646905616c22ce7526b45d2a64b555dec2f6d6085
/arc/project/st-zliu-1/heqingz/datasets/domainGenDataset_core_movements/24GHz/Pick/01070029_1574627347_Spec.png,24GHz,Pick,train,,/scratch/st-zliu-1/heqingz/CrossCarrier_Core6_FullSuite_20260924/manifests/core6_source/24GHz.csv,334,3,1,34da8d3de564432e16483f190178fae24b93ced98b764aea019068482d682a67
/arc/project/st-zliu-1/heqingz/datasets/domainGenDataset_core_movements/24GHz/Pick/01070030_1574457294_Spec.png,24GHz,Pick,train,,/scratch/st-zliu-1/heqingz/CrossCarrier_Core6_FullSuite_20260924/manifests/core6_source/24GHz.csv,335,3,1,b13612f6df3a3d7fde6c2f5aab5c699552b46e81deea2fb4bfab1f83d373a200
/arc/project/st-zliu-1/heqingz/datasets/domainGenDataset_core_movements/24GHz/Pick/01070010_1573837435_Spec.png,24GHz,Pick,train,,/scratch/st-zliu-1/heqingz/CrossCarrier_Core6_FullSuite_20260924/manifests/core6_source/24GHz.csv,336,3,1,0911edafe0397a960d052e8c6a4b5b6fa033490c26683d0f85123d08442b5514
/arc/project/st-zliu-1/heqingz/datasets/domainGenDataset_core_movements/24GHz/Pick/01070014_1574696638_Spec.png,24GHz,Pick,train,,/scratch/st-zliu-1/heqingz/CrossCarrier_Core6_FullSuite_20260924/manifests/core6_source/24GHz.csv,337,3,1,e3026ba7561f8452a3ba5bed0398fb4a1f875538b87209fa6817db0872345339
/arc/project/st-zliu-1/heqingz/datasets/domainGenDataset_core_movements/24GHz/Pick/01070029_1574627633_Spec.png,24GHz,Pick,train,,/scratch/st-zliu-1/heqingz/CrossCarrier_Core6_FullSuite_20260924/manifests/core6_source/24GHz.csv,338,3,1,db9c0e853c290a692efad033809279612050f3a18444e9d4e4eb6425366ee0b9
/arc/project/st-zliu-1/heqingz/datasets/domainGenDataset_core_movements/24GHz/Pick/01070029_1574627762_Spec.png,24GHz,Pick,train,,/scratch/st-zliu-1/heqingz/CrossCarrier_Core6_FullSuite_20260924/manifests/core6_source/24GHz.csv,339,3,1,128beb2562a004f695a65dbeac0d1ba4fde527cb34f4a9d1e08e14ec8db20b9c
/arc/project/st-zliu-1/heqingz/datasets/domainGenDataset_core_movements/24GHz/Pick/01070030_1574457190_Spec.png,24GHz,Pick,train,,/scratch/st-zliu-1/heqingz/CrossCarrier_Core6_FullSuite_20260924/manifests/core6_source/24GHz.csv,340,3,1,ed75a110233eb538e1193b10846d91d659ad0598a4ddeccf0e2b515d16698011
/arc/project/st-zliu-1/heqingz/datasets/domainGenDataset_core_movements/24GHz/Pick/01070029_1574627743_Spec.png,24GHz,Pick,train,,/scratch/st-zliu-1/heqingz/CrossCarrier_Core6_FullSuite_20260924/manifests/core6_source/24GHz.csv,341,3,1,4717bc73c27c25a58444591dc181bd88eb66863b9b8aa28359975f13854f1c37
/arc/project/st-zliu-1/heqingz/datasets/domainGenDataset_core_movements/24GHz/Pick/01070010_1573837478_Spec.png,24GHz,Pick,train,,/scratch/st-zliu-1/heqingz/CrossCarrier_Core6_FullSuite_20260924/manifests/core6_source/24GHz.csv,342,3,1,c6a5c25ea125673a5a891014f6f2c431167df7cfeb33e786d93a3a0715d22a0a
/arc/project/st-zliu-1/heqingz/datasets/domainGenDataset_core_movements/24GHz/Pick/01070029_1574627323_Spec.png,24GHz,Pick,train,,/scratch/st-zliu-1/heqingz/CrossCarrier_Core6_FullSuite_20260924/manifests/core6_source/24GHz.csv,343,3,1,e590cfcefe554fcd108b82ef471a840f72a8739cd27e5c446db651f2235787e0
/arc/project/st-zliu-1/heqingz/datasets/domainGenDataset_core_movements/24GHz/Pick/01070014_1574696667_Spec.png,24GHz,Pick,train,,/scratch/st-zliu-1/heqingz/CrossCarrier_Core6_FullSuite_20260924/manifests/core6_source/24GHz.csv,344,3,1,aec6920e42c335b41257d2cd728a203485b33542870d876eabcac0b88bad0f4b
/arc/project/st-zliu-1/heqingz/datasets/domainGenDataset_core_movements/24GHz/Pick/01070030_1574194424_Spec.png,24GHz,Pick,train,,/scratch/st-zliu-1/heqingz/CrossCarrier_Core6_FullSuite_20260924/manifests/core6_source/24GHz.csv,345,3,1,c012c40fe3d0612ad4fe8fd2b39d8df5a14c4421dfdbf79c46959146eafb6986
/arc/project/st-zliu-1/heqingz/datasets/domainGenDataset_core_movements/24GHz/Pick/01070029_1574627368_Spec.png,24GHz,Pick,train,,/scratch/st-zliu-1/heqingz/CrossCarrier_Core6_FullSuite_20260924/manifests/core6_source/24GHz.csv,346,3,1,84aacf66e3d85306980d0f19036b3ccacbc36acb097af6145c73050fc83ed9c5
/arc/project/st-zliu-1/heqingz/datasets/domainGenDataset_core_movements/24GHz/Pick/01070010_1573837593_Spec.png,24GHz,Pick,train,,/scratch/st-zliu-1/heqingz/CrossCarrier_Core6_FullSuite_20260924/manifests/core6_source/24GHz.csv,347,3,1,5bf58303737d0255fb88281f8a15cbaf64a6e97b03dc526435494221bf31fce3
/arc/project/st-zliu-1/heqingz/datasets/domainGenDataset_core_movements/24GHz/Pick/01070029_1574115220_Spec.png,24GHz,Pick,train,,/scratch/st-zliu-1/heqingz/CrossCarrier_Core6_FullSuite_20260924/manifests/core6_source/24GHz.csv,348,3,1,23d9a8962cb1d9b65e8c07ed6d9f8a7c810746959775ad1b20c81ba740bd9ae1
/arc/project/st-zliu-1/heqingz/datasets/domainGenDataset_core_movements/24GHz/Sit/bsit15_DS.png,24GHz,Sit,train,,/scratch/st-zliu-1/heqingz/CrossCarrier_Core6_FullSuite_20260924/manifests/core6_source/24GHz.csv,367,4,1,0a2c6372c18168317111d24cc7725f928c807746c22a0b56cf4e3c0e3e08f7cc
/arc/project/st-zliu-1/heqingz/datasets/domainGenDataset_core_movements/24GHz/Sit/zsit14_DS.png,24GHz,Sit,train,,/scratch/st-zliu-1/heqingz/CrossCarrier_Core6_FullSuite_20260924/manifests/core6_source/24GHz.csv,368,4,1,ece8a069d56874b3795890ab776efe08b8f1882559ad18f95a4b130a558cecf5
/arc/project/st-zliu-1/heqingz/datasets/domainGenDataset_core_movements/24GHz/Sit/01090029_1574628461_Spec.png,24GHz,Sit,train,,/scratch/st-zliu-1/heqingz/CrossCarrier_Core6_FullSuite_20260924/manifests/core6_source/24GHz.csv,369,4,1,92614b5abe25269dcb892587edfef8067667980be752b5d673165c9c3e3624bf
/arc/project/st-zliu-1/heqingz/datasets/domainGenDataset_core_movements/24GHz/Sit/sit11_DS.png,24GHz,Sit,train,,/scratch/st-zliu-1/heqingz/CrossCarrier_Core6_FullSuite_20260924/manifests/core6_source/24GHz.csv,370,4,1,f8a658d7614b30c97912fd2700ea67af59a13708fd81a17d2e755941b7148cf5
/arc/project/st-zliu-1/heqingz/datasets/domainGenDataset_core_movements/24GHz/Sit/bsit11_DS.png,24GHz,Sit,train,,/scratch/st-zliu-1/heqingz/CrossCarrier_Core6_FullSuite_20260924/manifests/core6_source/24GHz.csv,371,4,1,21b3ef86350abffc9ee1d3456262e17e0914e85c2d8c11099562e62a87941937
/arc/project/st-zliu-1/heqingz/datasets/domainGenDataset_core_movements/24GHz/Sit/sit27_DS.png,24GHz,Sit,train,,/scratch/st-zliu-1/heqingz/CrossCarrier_Core6_FullSuite_20260924/manifests/core6_source/24GHz.csv,372,4,1,6b62da79daa262fe00ce6aea3793a9c60b0b935f27a7cadb63dbefe472e07379
/arc/project/st-zliu-1/heqingz/datasets/domainGenDataset_core_movements/24GHz/Sit/01090029_1574628440_Spec.png,24GHz,Sit,train,,/scratch/st-zliu-1/heqingz/CrossCarrier_Core6_FullSuite_20260924/manifests/core6_source/24GHz.csv,373,4,1,da9bbda1f535da242ce052a2e504321dfa6c784af50c4afd3c90334c17843211
/arc/project/st-zliu-1/heqingz/datasets/domainGenDataset_core_movements/24GHz/Sit/hsit11_DS.png,24GHz,Sit,train,,/scratch/st-zliu-1/heqingz/CrossCarrier_Core6_FullSuite_20260924/manifests/core6_source/24GHz.csv,374,4,1,2b83fc93a98cc78296bfb7adaaeb090e27ba6cb6565b1c530a226f7e56f3d8f0
/arc/project/st-zliu-1/heqingz/datasets/domainGenDataset_core_movements/24GHz/Sit/01090014_1574697993_Spec.png,24GHz,Sit,train,,/scratch/st-zliu-1/heqingz/CrossCarrier_Core6_FullSuite_20260924/manifests/core6_source/24GHz.csv,375,4,1,88949cf585a1ec9837248e44e0e5a7bb7f976cf23fcba552d5a7ffae27391c83
/arc/project/st-zliu-1/heqingz/datasets/domainGenDataset_core_movements/24GHz/Sit/01090029_1574115842_Spec.png,24GHz,Sit,train,,/scratch/st-zliu-1/heqingz/CrossCarrier_Core6_FullSuite_20260924/manifests/core6_source/24GHz.csv,376,4,1,0a018ec54919aa15814f278960420499f6faca6e395f726843382bc00945154c
/arc/project/st-zliu-1/heqingz/datasets/domainGenDataset_core_movements/24GHz/Sit/sit19_DS.png,24GHz,Sit,train,,/scratch/st-zliu-1/heqingz/CrossCarrier_Core6_FullSuite_20260924/manifests/core6_source/24GHz.csv,377,4,1,723acc56d08510f1d4bdf38064dd931a113ed59efecfb29410b100bc8037053e
/arc/project/st-zliu-1/heqingz/datasets/domainGenDataset_core_movements/24GHz/Sit/01090030_1574458803_Spec.png,24GHz,Sit,train,,/scratch/st-zliu-1/heqingz/CrossCarrier_Core6_FullSuite_20260924/manifests/core6_source/24GHz.csv,378,4,1,d2286431ef156a4eef4e3ba0ef7cb6ead9f64b04591f72ed75aebe460fec3301
/arc/project/st-zliu-1/heqingz/datasets/domainGenDataset_core_movements/24GHz/Sit/situp4_DS.png,24GHz,Sit,train,,/scratch/st-zliu-1/heqingz/CrossCarrier_Core6_FullSuite_20260924/manifests/core6_source/24GHz.csv,379,4,1,c794eedee8575f41419a37b1d8b2c474192420ca24312218b111b6b3b1c4ebed
/arc/project/st-zliu-1/heqingz/datasets/domainGenDataset_core_movements/24GHz/Sit/01090029_1574115823_Spec.png,24GHz,Sit,train,,/scratch/st-zliu-1/heqingz/CrossCarrier_Core6_FullSuite_20260924/manifests/core6_source/24GHz.csv,380,4,1,45d6977cf2f8c16c53912302ae936f06ea5acaf30f6f53d5c471583a5a5fbd96
/arc/project/st-zliu-1/heqingz/datasets/domainGenDataset_core_movements/24GHz/Sit/01090029_1574115706_Spec.png,24GHz,Sit,train,,/scratch/st-zliu-1/heqingz/CrossCarrier_Core6_FullSuite_20260924/manifests/core6_source/24GHz.csv,381,4,1,da7b3eda0cc26f80038190b4ecaf7beceec8f54cea3db83c87de2d4edf02486f
/arc/project/st-zliu-1/heqingz/datasets/domainGenDataset_core_movements/24GHz/Sit/sitdown14_DS.png,24GHz,Sit,train,,/scratch/st-zliu-1/heqingz/CrossCarrier_Core6_FullSuite_20260924/manifests/core6_source/24GHz.csv,382,4,1,72b883297774a8b3bac3708a02d9bbb9210ae218191fa7c5c7cc31a2f58ae1df
/arc/project/st-zliu-1/heqingz/datasets/domainGenDataset_core_movements/24GHz/Sit/zsit3_DS.png,24GHz,Sit,train,,/scratch/st-zliu-1/heqingz/CrossCarrier_Core6_FullSuite_20260924/manifests/core6_source/24GHz.csv,383,4,1,8d9c0bb2aa2f2e72096109d3120b40d1db266c875fe0b07e9449ef0295385279
/arc/project/st-zliu-1/heqingz/datasets/domainGenDataset_core_movements/24GHz/Sit/hsit2_DS.png,24GHz,Sit,train,,/scratch/st-zliu-1/heqingz/CrossCarrier_Core6_FullSuite_20260924/manifests/core6_source/24GHz.csv,384,4,1,26b3138241dbf729d0f976e40dbd4955b6058dc0200a9dda588ed4f8dbccc769
/arc/project/st-zliu-1/heqingz/datasets/domainGenDataset_core_movements/24GHz/Sit/zsit4_DS.png,24GHz,Sit,train,,/scratch/st-zliu-1/heqingz/CrossCarrier_Core6_FullSuite_20260924/manifests/core6_source/24GHz.csv,385,4,1,849cea0a141a616a7678b595c74e90c9c1786639f3077b8ea4c6ae512a3507de
/arc/project/st-zliu-1/heqingz/datasets/domainGenDataset_core_movements/24GHz/Sit/hsit9_DS.png,24GHz,Sit,train,,/scratch/st-zliu-1/heqingz/CrossCarrier_Core6_FullSuite_20260924/manifests/core6_source/24GHz.csv,386,4,1,43c29b927c849b350912f9d3b63baa2876c6532266955fd595e6745739f45c11
/arc/project/st-zliu-1/heqingz/datasets/domainGenDataset_core_movements/24GHz/Sit/zsit11_DS.png,24GHz,Sit,train,,/scratch/st-zliu-1/heqingz/CrossCarrier_Core6_FullSuite_20260924/manifests/core6_source/24GHz.csv,387,4,1,b26e23d76c35718d1e50792039bd059090b884b8149413e07dc80dc347829d3d
/arc/project/st-zliu-1/heqingz/datasets/domainGenDataset_core_movements/24GHz/Sit/sit18_DS.png,24GHz,Sit,train,,/scratch/st-zliu-1/heqingz/CrossCarrier_Core6_FullSuite_20260924/manifests/core6_source/24GHz.csv,388,4,1,f031d14917cd49ea9214cc1479efd979caee5e893a78b9cde746b2ea38c27789
/arc/project/st-zliu-1/heqingz/datasets/domainGenDataset_core_movements/24GHz/Sit/bsit7_DS.png,24GHz,Sit,train,,/scratch/st-zliu-1/heqingz/CrossCarrier_Core6_FullSuite_20260924/manifests/core6_source/24GHz.csv,389,4,1,efe7e3d2152cb5caf65b5da0315184b41ee555f1b1d40edf4e8f8328368f5ed8
/arc/project/st-zliu-1/heqingz/datasets/domainGenDataset_core_movements/24GHz/Sit/msit7_DS.png,24GHz,Sit,train,,/scratch/st-zliu-1/heqingz/CrossCarrier_Core6_FullSuite_20260924/manifests/core6_source/24GHz.csv,390,4,1,56bdab0b74c36f6a23b7a768696ecd40a231867401a7051e1fbc928f35a9e470
/arc/project/st-zliu-1/heqingz/datasets/domainGenDataset_core_movements/24GHz/Sit/01090014_1574697936_Spec.png,24GHz,Sit,train,,/scratch/st-zliu-1/heqingz/CrossCarrier_Core6_FullSuite_20260924/manifests/core6_source/24GHz.csv,391,4,1,e1786c88001e2172a68e3e47130ad3f3f7660831f438aef7c98b65ef48f9cc7b
/arc/project/st-zliu-1/heqingz/datasets/domainGenDataset_core_movements/24GHz/Sit/sitdown1_DS.png,24GHz,Sit,train,,/scratch/st-zliu-1/heqingz/CrossCarrier_Core6_FullSuite_20260924/manifests/core6_source/24GHz.csv,392,4,1,8dd1fcf67a0c37dbc35d2daeb0d18a30cc19a076dc345e1b77d53a5a13b8503e
/arc/project/st-zliu-1/heqingz/datasets/domainGenDataset_core_movements/24GHz/Sit/sit14_DS.png,24GHz,Sit,train,,/scratch/st-zliu-1/heqingz/CrossCarrier_Core6_FullSuite_20260924/manifests/core6_source/24GHz.csv,393,4,1,16e0617cd17c0820f07f9b763c6b18e3d6328eefc3c6f14e50879dd0cb948853
/arc/project/st-zliu-1/heqingz/datasets/domainGenDataset_core_movements/24GHz/Sit/01090030_1574458785_Spec.png,24GHz,Sit,train,,/scratch/st-zliu-1/heqingz/CrossCarrier_Core6_FullSuite_20260924/manifests/core6_source/24GHz.csv,394,4,1,37c5488d9d2567065366e9912fce47330cc0189a442866fb881693793f866dc4
/arc/project/st-zliu-1/heqingz/datasets/domainGenDataset_core_movements/24GHz/Sit/bsit13_DS.png,24GHz,Sit,train,,/scratch/st-zliu-1/heqingz/CrossCarrier_Core6_FullSuite_20260924/manifests/core6_source/24GHz.csv,395,4,1,104feffa646f923cae762a9c4045a10638c85cd29839e9eaeaef2c572ab01a73
/arc/project/st-zliu-1/heqingz/datasets/domainGenDataset_core_movements/24GHz/Sit/situp12_DS.png,24GHz,Sit,train,,/scratch/st-zliu-1/heqingz/CrossCarrier_Core6_FullSuite_20260924/manifests/core6_source/24GHz.csv,396,4,1,de9402782aa8d48f9ea39cac66bb4dbac812cee1c5607bd85ae96fe7eb5fda77
/arc/project/st-zliu-1/heqingz/datasets/domainGenDataset_core_movements/24GHz/Sit/bsit3_DS.png,24GHz,Sit,train,,/scratch/st-zliu-1/heqingz/CrossCarrier_Core6_FullSuite_20260924/manifests/core6_source/24GHz.csv,397,4,1,2224d472af8ffad9a1c550bd87dcf228b8985da1291ad538978586488e279023
/arc/project/st-zliu-1/heqingz/datasets/domainGenDataset_core_movements/24GHz/Sit/bsit8_DS.png,24GHz,Sit,train,,/scratch/st-zliu-1/heqingz/CrossCarrier_Core6_FullSuite_20260924/manifests/core6_source/24GHz.csv,398,4,1,1ae019d380222e2613b761b3ce8c79f3deb7ab646f79dda2345f5e645c0e0761
/arc/project/st-zliu-1/heqingz/datasets/domainGenDataset_core_movements/24GHz/Sit/01090030_1574458265_Spec.png,24GHz,Sit,train,,/scratch/st-zliu-1/heqingz/CrossCarrier_Core6_FullSuite_20260924/manifests/core6_source/24GHz.csv,399,4,1,0ac5d38fbb55e61c8d2b6387ac85d66c32dbeff05120053edd2279bd0672624e
/arc/project/st-zliu-1/heqingz/datasets/domainGenDataset_core_movements/24GHz/Sit/zsit10_DS.png,24GHz,Sit,train,,/scratch/st-zliu-1/heqingz/CrossCarrier_Core6_FullSuite_20260924/manifests/core6_source/24GHz.csv,400,4,1,29ea220c7dd9f6854be645974f227af8e912beaa0b31a415602ef0a4147267c8
/arc/project/st-zliu-1/heqingz/datasets/domainGenDataset_core_movements/24GHz/Sit/01090030_1574195274_Spec.png,24GHz,Sit,train,,/scratch/st-zliu-1/heqingz/CrossCarrier_Core6_FullSuite_20260924/manifests/core6_source/24GHz.csv,401,4,1,56899d5199d914d6bd4c41d2cb01129c4b53c64d7dd1fc22972f68113e33e383
/arc/project/st-zliu-1/heqingz/datasets/domainGenDataset_core_movements/24GHz/Sit/01090029_1574115666_Spec.png,24GHz,Sit,train,,/scratch/st-zliu-1/heqingz/CrossCarrier_Core6_FullSuite_20260924/manifests/core6_source/24GHz.csv,402,4,1,a96937f35f9a6b4a42f4568c32dd571c825245d3f6a1102afe68306d3ed003c8
/arc/project/st-zliu-1/heqingz/datasets/domainGenDataset_core_movements/24GHz/Sit/sit6_DS.png,24GHz,Sit,train,,/scratch/st-zliu-1/heqingz/CrossCarrier_Core6_FullSuite_20260924/manifests/core6_source/24GHz.csv,403,4,1,f940bf419d88e9ebab629a9051bfc9896b80d51d95f5c4c9e720c61518c57b31
/arc/project/st-zliu-1/heqingz/datasets/domainGenDataset_core_movements/24GHz/Sit/01090030_1574195391_Spec.png,24GHz,Sit,train,,/scratch/st-zliu-1/heqingz/CrossCarrier_Core6_FullSuite_20260924/manifests/core6_source/24GHz.csv,404,4,1,7f4e1ce96220cc69cf8fad5f969bf7831d25e3a53dee1c7cabd84d6c75251470
/arc/project/st-zliu-1/heqingz/datasets/domainGenDataset_core_movements/24GHz/Sit/sit7_DS.png,24GHz,Sit,train,,/scratch/st-zliu-1/heqingz/CrossCarrier_Core6_FullSuite_20260924/manifests/core6_source/24GHz.csv,405,4,1,7a4c6d9d662f2c31dbc739843d567ca3a4c78ba3e2e62b817a39003110dafacc
/arc/project/st-zliu-1/heqingz/datasets/domainGenDataset_core_movements/24GHz/Sit/sit30_DS.png,24GHz,Sit,train,,/scratch/st-zliu-1/heqingz/CrossCarrier_Core6_FullSuite_20260924/manifests/core6_source/24GHz.csv,406,4,1,1030a111885012f0ec33f3b65ef4e1b1140438f211eec62168e82e6dbf883d3c
/arc/project/st-zliu-1/heqingz/datasets/domainGenDataset_core_movements/24GHz/Sit/01090014_1574697390_Spec.png,24GHz,Sit,train,,/scratch/st-zliu-1/heqingz/CrossCarrier_Core6_FullSuite_20260924/manifests/core6_source/24GHz.csv,407,4,1,e837467282d11f48fed0590eaff64775eb74288e1c76a8c9279609b6fd57e0d8
/arc/project/st-zliu-1/heqingz/datasets/domainGenDataset_core_movements/24GHz/Sit/hsit3_DS.png,24GHz,Sit,train,,/scratch/st-zliu-1/heqingz/CrossCarrier_Core6_FullSuite_20260924/manifests/core6_source/24GHz.csv,408,4,1,5034d7b5b650e79e153f01f2523746c802fa538ba2f4d8b9949eb35292ae7bf5
/arc/project/st-zliu-1/heqingz/datasets/domainGenDataset_core_movements/24GHz/Sit/01090010_1573838127_Spec.png,24GHz,Sit,train,,/scratch/st-zliu-1/heqingz/CrossCarrier_Core6_FullSuite_20260924/manifests/core6_source/24GHz.csv,409,4,1,34cae3f5af01367e7aefffeda3122bb2e6c9673c63aa0fb8f32c3dbaf34bf2a7
/arc/project/st-zliu-1/heqingz/datasets/domainGenDataset_core_movements/24GHz/Sit/01090029_1574628343_Spec.png,24GHz,Sit,train,,/scratch/st-zliu-1/heqingz/CrossCarrier_Core6_FullSuite_20260924/manifests/core6_source/24GHz.csv,410,4,1,76f873e4941e4a0cf21e999edbb1b97d11f95ef5ac9753a8cd88190d5ab8326a
/arc/project/st-zliu-1/heqingz/datasets/domainGenDataset_core_movements/24GHz/Sit/01090014_1574697038_Spec.png,24GHz,Sit,train,,/scratch/st-zliu-1/heqingz/CrossCarrier_Core6_FullSuite_20260924/manifests/core6_source/24GHz.csv,411,4,1,46ff5477674c0512318d4bb64445d494062a90618c45a8ec221830ded8b90ec4
/arc/project/st-zliu-1/heqingz/datasets/domainGenDataset_core_movements/24GHz/Sit/01090030_1574195371_Spec.png,24GHz,Sit,train,,/scratch/st-zliu-1/heqingz/CrossCarrier_Core6_FullSuite_20260924/manifests/core6_source/24GHz.csv,412,4,1,d997b52e5e14afd2ecb6cb0128cf5a203292ce9a25ebe89057a0729b84138801
/arc/project/st-zliu-1/heqingz/datasets/domainGenDataset_core_movements/24GHz/Sit/sit4_DS.png,24GHz,Sit,train,,/scratch/st-zliu-1/heqingz/CrossCarrier_Core6_FullSuite_20260924/manifests/core6_source/24GHz.csv,413,4,1,508996c60f79fba4e7fb19ac7d1382af2ead386a0b5492e6cb0a31972d77a083
/arc/project/st-zliu-1/heqingz/datasets/domainGenDataset_core_movements/24GHz/Sit/01090014_1574697493_Spec.png,24GHz,Sit,train,,/scratch/st-zliu-1/heqingz/CrossCarrier_Core6_FullSuite_20260924/manifests/core6_source/24GHz.csv,414,4,1,9a8c3265649c2d467fb508f7bfc5315e47096906b2d4aad12d9768ac7ca258ff
/arc/project/st-zliu-1/heqingz/datasets/domainGenDataset_core_movements/24GHz/Sit/msit1_DS.png,24GHz,Sit,train,,/scratch/st-zliu-1/heqingz/CrossCarrier_Core6_FullSuite_20260924/manifests/core6_source/24GHz.csv,415,4,1,de0e92e1d1ae44ad4ec6458fcdbd4cc7878f941a43f9e8664ebf1fbacaf82865
/arc/project/st-zliu-1/heqingz/datasets/domainGenDataset_core_movements/24GHz/Sit/01090010_1573838334_Spec.png,24GHz,Sit,train,,/scratch/st-zliu-1/heqingz/CrossCarrier_Core6_FullSuite_20260924/manifests/core6_source/24GHz.csv,416,4,1,69d94d1c6eb9d9472c6ae29dfc280bd9164eaccaaac6a912672b45aae3da4c95
/arc/project/st-zliu-1/heqingz/datasets/domainGenDataset_core_movements/24GHz/Sit/bsit9_DS.png,24GHz,Sit,train,,/scratch/st-zliu-1/heqingz/CrossCarrier_Core6_FullSuite_20260924/manifests/core6_source/24GHz.csv,417,4,1,698a862bb4319fc4a0b073cec7a5f7a556153737207eb60f4fd88f9cfe2cef8c
/arc/project/st-zliu-1/heqingz/datasets/domainGenDataset_core_movements/24GHz/Sit/sitdown11_DS.png,24GHz,Sit,train,,/scratch/st-zliu-1/heqingz/CrossCarrier_Core6_FullSuite_20260924/manifests/core6_source/24GHz.csv,418,4,1,67762418dcfc6094321e53d338ce11b45f48fee2717e6b223e39ac431f5745ba
/arc/project/st-zliu-1/heqingz/datasets/domainGenDataset_core_movements/24GHz/Sit/sit5_DS.png,24GHz,Sit,train,,/scratch/st-zliu-1/heqingz/CrossCarrier_Core6_FullSuite_20260924/manifests/core6_source/24GHz.csv,419,4,1,2339a3082e20dd3ea160d723f10b273a87570845a9894141cf57cae6856e005c
/arc/project/st-zliu-1/heqingz/datasets/domainGenDataset_core_movements/24GHz/Sit/01090029_1574628100_Spec.png,24GHz,Sit,train,,/scratch/st-zliu-1/heqingz/CrossCarrier_Core6_FullSuite_20260924/manifests/core6_source/24GHz.csv,420,4,1,90d72c97ba7e689231d313fb7750b480cab23778c17def2ccb441df468fb3d0d
/arc/project/st-zliu-1/heqingz/datasets/domainGenDataset_core_movements/24GHz/Sit/sit21_DS.png,24GHz,Sit,train,,/scratch/st-zliu-1/heqingz/CrossCarrier_Core6_FullSuite_20260924/manifests/core6_source/24GHz.csv,421,4,1,a115a4d5aec193a30c50e64d614eefd692ec2c44ac320ec8ebf9baf293a4625c
/arc/project/st-zliu-1/heqingz/datasets/domainGenDataset_core_movements/24GHz/Sit/sitdown12_DS.png,24GHz,Sit,train,,/scratch/st-zliu-1/heqingz/CrossCarrier_Core6_FullSuite_20260924/manifests/core6_source/24GHz.csv,422,4,1,63965417e1d24cdb48533f1cdc55935a9cbeea8986a75cdac6b3c1e41399910b
/arc/project/st-zliu-1/heqingz/datasets/domainGenDataset_core_movements/24GHz/Sit/01090010_1573838030_Spec.png,24GHz,Sit,train,,/scratch/st-zliu-1/heqingz/CrossCarrier_Core6_FullSuite_20260924/manifests/core6_source/24GHz.csv,423,4,1,23eb71195dd8e0269b9e21ba77cd658f0c0c3ecf4f49c1d70c5999a0cdb82e27
/arc/project/st-zliu-1/heqingz/datasets/domainGenDataset_core_movements/24GHz/Sit/zsit5_DS.png,24GHz,Sit,train,,/scratch/st-zliu-1/heqingz/CrossCarrier_Core6_FullSuite_20260924/manifests/core6_source/24GHz.csv,424,4,1,899b5fe3f1dd67fbde1eeaa19502a1e5166043cf1f68fd39af4c8c513ebb7e7d
/arc/project/st-zliu-1/heqingz/datasets/domainGenDataset_core_movements/24GHz/Sit/01090014_1574697850_Spec.png,24GHz,Sit,train,,/scratch/st-zliu-1/heqingz/CrossCarrier_Core6_FullSuite_20260924/manifests/core6_source/24GHz.csv,425,4,1,b358cc59063aec6b5b548a6918afbbe02d659120fe319b8399fb9497c7cbe22d
/arc/project/st-zliu-1/heqingz/datasets/domainGenDataset_core_movements/24GHz/Sit/msit9_DS.png,24GHz,Sit,train,,/scratch/st-zliu-1/heqingz/CrossCarrier_Core6_FullSuite_20260924/manifests/core6_source/24GHz.csv,426,4,1,f6a4d7c15540d313301a650d67e8297cdbdf3456d52a919601c4caf624a5c6d3
/arc/project/st-zliu-1/heqingz/datasets/domainGenDataset_core_movements/24GHz/Sit/01090010_1573838182_Spec.png,24GHz,Sit,train,,/scratch/st-zliu-1/heqingz/CrossCarrier_Core6_FullSuite_20260924/manifests/core6_source/24GHz.csv,427,4,1,1bcc11de4d9aff926ddcb0db797e1ec6ad69ece377b7713303899d29228dc8f5
/arc/project/st-zliu-1/heqingz/datasets/domainGenDataset_core_movements/24GHz/Sit/gsit6_DS.png,24GHz,Sit,train,,/scratch/st-zliu-1/heqingz/CrossCarrier_Core6_FullSuite_20260924/manifests/core6_source/24GHz.csv,428,4,1,66dc439b451d0f32de670e470a7aee5709139650686d32530d6ed7be7544e4b9
/arc/project/st-zliu-1/heqingz/datasets/domainGenDataset_core_movements/24GHz/Sit/sit12_DS.png,24GHz,Sit,train,,/scratch/st-zliu-1/heqingz/CrossCarrier_Core6_FullSuite_20260924/manifests/core6_source/24GHz.csv,429,4,1,e8e9447e23a6d0c0adb25b58251f1f42034500e623be535a639fb10823bf2ada
/arc/project/st-zliu-1/heqingz/datasets/domainGenDataset_core_movements/24GHz/Sit/01090030_1574195351_Spec.png,24GHz,Sit,train,,/scratch/st-zliu-1/heqingz/CrossCarrier_Core6_FullSuite_20260924/manifests/core6_source/24GHz.csv,430,4,1,f558338a77bff22eb9149485b102c2a0c18d9618b9797031ada7e00400c3e422
/arc/project/st-zliu-1/heqingz/datasets/domainGenDataset_core_movements/24GHz/Sit/bsit5_DS.png,24GHz,Sit,train,,/scratch/st-zliu-1/heqingz/CrossCarrier_Core6_FullSuite_20260924/manifests/core6_source/24GHz.csv,431,4,1,204166528ac1b6ae54b3e03fba8f5af387f96b68bdb1f2c22d1cdae50649f1e6
/arc/project/st-zliu-1/heqingz/datasets/domainGenDataset_core_movements/24GHz/Sit/msit4_DS.png,24GHz,Sit,train,,/scratch/st-zliu-1/heqingz/CrossCarrier_Core6_FullSuite_20260924/manifests/core6_source/24GHz.csv,432,4,1,a6e9bb1d60fdcaf0616f389aae77d667cada24fa91778fcfb635be0202381742
/arc/project/st-zliu-1/heqingz/datasets/domainGenDataset_core_movements/24GHz/Sit/sit13_DS.png,24GHz,Sit,train,,/scratch/st-zliu-1/heqingz/CrossCarrier_Core6_FullSuite_20260924/manifests/core6_source/24GHz.csv,433,4,1,4a9b27bf077ad8a4a32c7a3af1eb22aafa5c9660039fc80c59e07db6653e2272
/arc/project/st-zliu-1/heqingz/datasets/domainGenDataset_core_movements/24GHz/Sit/hsit14_DS.png,24GHz,Sit,train,,/scratch/st-zliu-1/heqingz/CrossCarrier_Core6_FullSuite_20260924/manifests/core6_source/24GHz.csv,434,4,1,69e6718a0a0ab2d5014007ad7cf6a1ad02e3ef9268d23bb19d0ceb634a36ef10
/arc/project/st-zliu-1/heqingz/datasets/domainGenDataset_core_movements/24GHz/Sit/01090030_1574458301_Spec.png,24GHz,Sit,train,,/scratch/st-zliu-1/heqingz/CrossCarrier_Core6_FullSuite_20260924/manifests/core6_source/24GHz.csv,435,4,1,70613d76ac461bf28e36d743c7e7021fe6d0a6fc959640a07fabce2bb5802239
/arc/project/st-zliu-1/heqingz/datasets/domainGenDataset_core_movements/24GHz/Sit/zsit18_DS.png,24GHz,Sit,train,,/scratch/st-zliu-1/heqingz/CrossCarrier_Core6_FullSuite_20260924/manifests/core6_source/24GHz.csv,436,4,1,5eec289a5b887070744ca37eb1018ed3e747f4e1c59cf6febf442e48f6f6bb94
/arc/project/st-zliu-1/heqingz/datasets/domainGenDataset_core_movements/24GHz/Sit/01090029_1574628180_Spec.png,24GHz,Sit,train,,/scratch/st-zliu-1/heqingz/CrossCarrier_Core6_FullSuite_20260924/manifests/core6_source/24GHz.csv,437,4,1,1b70bd2b1c8fb5503157d7ed394022b73c732b20ada1ffd2ca888f82c6f0c107
/arc/project/st-zliu-1/heqingz/datasets/domainGenDataset_core_movements/24GHz/Sit/sit10_DS.png,24GHz,Sit,train,,/scratch/st-zliu-1/heqingz/CrossCarrier_Core6_FullSuite_20260924/manifests/core6_source/24GHz.csv,438,4,1,38fd06ed440261910f768b4244522f1b26d9a71db9f71d10077cf92ed791bf53
/arc/project/st-zliu-1/heqingz/datasets/domainGenDataset_core_movements/24GHz/Sit/01090029_1574115745_Spec.png,24GHz,Sit,train,,/scratch/st-zliu-1/heqingz/CrossCarrier_Core6_FullSuite_20260924/manifests/core6_source/24GHz.csv,439,4,1,7d0f912983a9fab29b03955e1960aa13a051b6257c1d86a5dc2e266191f70cea
/arc/project/st-zliu-1/heqingz/datasets/domainGenDataset_core_movements/24GHz/Sit/gsit4_DS.png,24GHz,Sit,train,,/scratch/st-zliu-1/heqingz/CrossCarrier_Core6_FullSuite_20260924/manifests/core6_source/24GHz.csv,440,4,1,c42778138c2fe3d46f444862ed84f18ae3f39a1a75cf4a22d59cc8fd4dc0d7eb
/arc/project/st-zliu-1/heqingz/datasets/domainGenDataset_core_movements/24GHz/Sit/hsit10_DS.png,24GHz,Sit,train,,/scratch/st-zliu-1/heqingz/CrossCarrier_Core6_FullSuite_20260924/manifests/core6_source/24GHz.csv,441,4,1,59fa75a0bb20aea658a62ea514fd810aa34bc33c5dd76d4e12d4030e2812bedf
/arc/project/st-zliu-1/heqingz/datasets/domainGenDataset_core_movements/24GHz/Sit/zsit15_DS.png,24GHz,Sit,train,,/scratch/st-zliu-1/heqingz/CrossCarrier_Core6_FullSuite_20260924/manifests/core6_source/24GHz.csv,442,4,1,d4ff1ab9f314c61f3a65ed814eee1f95c438bfdd0cffb23da8670df900d60d1b
/arc/project/st-zliu-1/heqingz/datasets/domainGenDataset_core_movements/24GHz/Sit/zsit9_DS.png,24GHz,Sit,train,,/scratch/st-zliu-1/heqingz/CrossCarrier_Core6_FullSuite_20260924/manifests/core6_source/24GHz.csv,443,4,1,7083723af238d82721ca18385e0481b3d8f4df323ed2a6b5d5598924544562e4
/arc/project/st-zliu-1/heqingz/datasets/domainGenDataset_core_movements/24GHz/Sit/sit26_DS.png,24GHz,Sit,train,,/scratch/st-zliu-1/heqingz/CrossCarrier_Core6_FullSuite_20260924/manifests/core6_source/24GHz.csv,444,4,1,cdd5f8206eeb017fc95429dd904e64c92756cc4452cba74d858593047424bf2f
/arc/project/st-zliu-1/heqingz/datasets/domainGenDataset_core_movements/24GHz/Sit/01090030_1574458226_Spec.png,24GHz,Sit,train,,/scratch/st-zliu-1/heqingz/CrossCarrier_Core6_FullSuite_20260924/manifests/core6_source/24GHz.csv,445,4,1,99e710fe40d3f65b71164e6b20407307eb2d1a4e81edac10614b7f91cd9c2afb
/arc/project/st-zliu-1/heqingz/datasets/domainGenDataset_core_movements/24GHz/Sit/01090010_1573837974_Spec.png,24GHz,Sit,train,,/scratch/st-zliu-1/heqingz/CrossCarrier_Core6_FullSuite_20260924/manifests/core6_source/24GHz.csv,446,4,1,2ca5c68ba082e4d8dc04e4d3d2f26b434f8701cbf2a4b6febf53421dd5ef28d0
/arc/project/st-zliu-1/heqingz/datasets/domainGenDataset_core_movements/24GHz/Sit/bsit12_DS.png,24GHz,Sit,train,,/scratch/st-zliu-1/heqingz/CrossCarrier_Core6_FullSuite_20260924/manifests/core6_source/24GHz.csv,447,4,1,341d884c0a2ad41091e42becce4e5d556fff9511465f8ce199ec29c225e34ad9
/arc/project/st-zliu-1/heqingz/datasets/domainGenDataset_core_movements/24GHz/Sit/01090014_1574696977_Spec.png,24GHz,Sit,train,,/scratch/st-zliu-1/heqingz/CrossCarrier_Core6_FullSuite_20260924/manifests/core6_source/24GHz.csv,448,4,1,e1e7356e7fdeb195be1f4a3d399d905d473cc33233a4407010f9205f2f356fca
/arc/project/st-zliu-1/heqingz/datasets/domainGenDataset_core_movements/24GHz/Sit/bsit10_DS.png,24GHz,Sit,train,,/scratch/st-zliu-1/heqingz/CrossCarrier_Core6_FullSuite_20260924/manifests/core6_source/24GHz.csv,449,4,1,e1c706ac0694d5329c714dab49fe400cf723d0f226a597c305f817b499bad937
/arc/project/st-zliu-1/heqingz/datasets/domainGenDataset_core_movements/24GHz/Sit/hsit12_DS.png,24GHz,Sit,train,,/scratch/st-zliu-1/heqingz/CrossCarrier_Core6_FullSuite_20260924/manifests/core6_source/24GHz.csv,450,4,1,d02f83be781b266bf1d38d5f106a49c837f0a8304beb12a236840ce9ec89d43b
/arc/project/st-zliu-1/heqingz/datasets/domainGenDataset_core_movements/24GHz/Sit/01090014_1574697955_Spec.png,24GHz,Sit,train,,/scratch/st-zliu-1/heqingz/CrossCarrier_Core6_FullSuite_20260924/manifests/core6_source/24GHz.csv,451,4,1,eaa39ee848729eb48073ca484b89b9813738e1477b0973822c05f0b188756c3a
/arc/project/st-zliu-1/heqingz/datasets/domainGenDataset_core_movements/24GHz/Sit/situp11_DS.png,24GHz,Sit,train,,/scratch/st-zliu-1/heqingz/CrossCarrier_Core6_FullSuite_20260924/manifests/core6_source/24GHz.csv,452,4,1,b174e7b458e99da2387112378e31d6145f1b24deb6d215d1218ae9cf08d11434
/arc/project/st-zliu-1/heqingz/datasets/domainGenDataset_core_movements/24GHz/Sit/gsit10_DS.png,24GHz,Sit,train,,/scratch/st-zliu-1/heqingz/CrossCarrier_Core6_FullSuite_20260924/manifests/core6_source/24GHz.csv,453,4,1,40ac35fdf65ba4c7ad9cb5aa9ee9a8c208871643c59819904790872f2b03eb70
/arc/project/st-zliu-1/heqingz/datasets/domainGenDataset_core_movements/24GHz/Sit/situp10_DS.png,24GHz,Sit,train,,/scratch/st-zliu-1/heqingz/CrossCarrier_Core6_FullSuite_20260924/manifests/core6_source/24GHz.csv,454,4,1,1d915efb74d4e4e0e38feab321e45cec915f31be818d87c58678982ce7711211
/arc/project/st-zliu-1/heqingz/datasets/domainGenDataset_core_movements/24GHz/Sit/msit10_DS.png,24GHz,Sit,train,,/scratch/st-zliu-1/heqingz/CrossCarrier_Core6_FullSuite_20260924/manifests/core6_source/24GHz.csv,455,4,1,db1ad78540538377000346b8d82cae0fe757015fcc96698fd6c4a5072dcb9a4f
/arc/project/st-zliu-1/heqingz/datasets/domainGenDataset_core_movements/24GHz/Sit/zsit13_DS.png,24GHz,Sit,train,,/scratch/st-zliu-1/heqingz/CrossCarrier_Core6_FullSuite_20260924/manifests/core6_source/24GHz.csv,456,4,1,f73b2feb21f9f7ba2dc2bfaa5aed7efa6d7e12449b22ef9a3469880362dc4c6d
/arc/project/st-zliu-1/heqingz/datasets/domainGenDataset_core_movements/24GHz/Sit/sit28_DS.png,24GHz,Sit,train,,/scratch/st-zliu-1/heqingz/CrossCarrier_Core6_FullSuite_20260924/manifests/core6_source/24GHz.csv,457,4,1,2818b120990474d0bfbed34633048abf159827f906b93858f3e857da1ec71d11
/arc/project/st-zliu-1/heqingz/datasets/domainGenDataset_core_movements/24GHz/Sit/gsit5_DS.png,24GHz,Sit,train,,/scratch/st-zliu-1/heqingz/CrossCarrier_Core6_FullSuite_20260924/manifests/core6_source/24GHz.csv,458,4,1,ff2fc80fc298d2c72d419024cd3e54eb7111f0f7230d4d2ff0c54d3640b61265
/arc/project/st-zliu-1/heqingz/datasets/domainGenDataset_core_movements/24GHz/Sit/sit3_DS.png,24GHz,Sit,train,,/scratch/st-zliu-1/heqingz/CrossCarrier_Core6_FullSuite_20260924/manifests/core6_source/24GHz.csv,459,4,1,8cb891eeb1a4d2d19f06c6cce884db7d57889c2677d58ea37f0f70c00e5fb1d3
/arc/project/st-zliu-1/heqingz/datasets/domainGenDataset_core_movements/24GHz/Sit/01090029_1574628246_Spec.png,24GHz,Sit,train,,/scratch/st-zliu-1/heqingz/CrossCarrier_Core6_FullSuite_20260924/manifests/core6_source/24GHz.csv,460,4,1,f814152f3d3fa788ca20027913d4be62434b3436d4d88a419ef3d479c6c3655c
/arc/project/st-zliu-1/heqingz/datasets/domainGenDataset_core_movements/24GHz/Sit/sit25_DS.png,24GHz,Sit,train,,/scratch/st-zliu-1/heqingz/CrossCarrier_Core6_FullSuite_20260924/manifests/core6_source/24GHz.csv,461,4,1,da08d7e711d92ca7c93d1caff6b9627a1c1d204b4abb54b8ca042a0e9512110f
/arc/project/st-zliu-1/heqingz/datasets/domainGenDataset_core_movements/24GHz/Sit/hsit8_DS.png,24GHz,Sit,train,,/scratch/st-zliu-1/heqingz/CrossCarrier_Core6_FullSuite_20260924/manifests/core6_source/24GHz.csv,462,4,1,7d363d44d1f51f76a2f16ac0e9aebe02bdbe4050eb3827028d26309f9d9dafbb
/arc/project/st-zliu-1/heqingz/datasets/domainGenDataset_core_movements/24GHz/Sit/01090030_1574195293_Spec.png,24GHz,Sit,train,,/scratch/st-zliu-1/heqingz/CrossCarrier_Core6_FullSuite_20260924/manifests/core6_source/24GHz.csv,463,4,1,0efdb37cec38d8b0b669fc67094c81cef38024a417595963b8eb65432df6f8aa
/arc/project/st-zliu-1/heqingz/datasets/domainGenDataset_core_movements/24GHz/Sit/01090010_1573838201_Spec.png,24GHz,Sit,train,,/scratch/st-zliu-1/heqingz/CrossCarrier_Core6_FullSuite_20260924/manifests/core6_source/24GHz.csv,464,4,1,0b0463d79e3663113b043e456e5d1008c9f73d7f61cfbdf0342c1b8c4116aa99
/arc/project/st-zliu-1/heqingz/datasets/domainGenDataset_core_movements/24GHz/Sit/01090030_1574458188_Spec.png,24GHz,Sit,train,,/scratch/st-zliu-1/heqingz/CrossCarrier_Core6_FullSuite_20260924/manifests/core6_source/24GHz.csv,465,4,1,be6378f2dd9cf3dddb454407c159c6f599e55e5b63f1703402bcd56e92adf885
/arc/project/st-zliu-1/heqingz/datasets/domainGenDataset_core_movements/24GHz/Sit/situp8_DS.png,24GHz,Sit,train,,/scratch/st-zliu-1/heqingz/CrossCarrier_Core6_FullSuite_20260924/manifests/core6_source/24GHz.csv,466,4,1,5314e49c0ba5dda02e24d0f52f0514577fd01677598d777ef692796b69e12461
/arc/project/st-zliu-1/heqingz/datasets/domainGenDataset_core_movements/24GHz/Sit/situp3_DS.png,24GHz,Sit,train,,/scratch/st-zliu-1/heqingz/CrossCarrier_Core6_FullSuite_20260924/manifests/core6_source/24GHz.csv,467,4,1,b30dcc4b42be2d39a7e7163471b9c060f7dc50c0bb1b503831fc77a360f828e1
/arc/project/st-zliu-1/heqingz/datasets/domainGenDataset_core_movements/24GHz/Sit/gsit7_DS.png,24GHz,Sit,train,,/scratch/st-zliu-1/heqingz/CrossCarrier_Core6_FullSuite_20260924/manifests/core6_source/24GHz.csv,468,4,1,075d137307eb80e776cb1b7f43fc44af2a0a67795d7a57c4de825edd1af61b64
/arc/project/st-zliu-1/heqingz/datasets/domainGenDataset_core_movements/24GHz/Sit/hsit1_DS.png,24GHz,Sit,train,,/scratch/st-zliu-1/heqingz/CrossCarrier_Core6_FullSuite_20260924/manifests/core6_source/24GHz.csv,469,4,1,2b07651cffd6f9b3c5d248bcddd457763bcb4f6953e69a2f62985de1d21ce9b2
/arc/project/st-zliu-1/heqingz/datasets/domainGenDataset_core_movements/24GHz/Sit/01090014_1574697897_Spec.png,24GHz,Sit,train,,/scratch/st-zliu-1/heqingz/CrossCarrier_Core6_FullSuite_20260924/manifests/core6_source/24GHz.csv,470,4,1,e5d5e3a5177c9f8ff05f5e2323082fccfc0f5721c7a4ba5850cbb5bed8d4fdd2
/arc/project/st-zliu-1/heqingz/datasets/domainGenDataset_core_movements/24GHz/Sit/zsit_DS.png,24GHz,Sit,train,,/scratch/st-zliu-1/heqingz/CrossCarrier_Core6_FullSuite_20260924/manifests/core6_source/24GHz.csv,471,4,1,9e201cf9b9933e132d28f5a1e01a3e79b0b36eb0cb4d4533dafb666e6b0142f0
/arc/project/st-zliu-1/heqingz/datasets/domainGenDataset_core_movements/24GHz/Sit/01090030_1574195332_Spec.png,24GHz,Sit,train,,/scratch/st-zliu-1/heqingz/CrossCarrier_Core6_FullSuite_20260924/manifests/core6_source/24GHz.csv,472,4,1,2b51ed75b6237a810f78b81990c916bcdfe3d08e0a32c24df9f99ebdea8ec215
/arc/project/st-zliu-1/heqingz/datasets/domainGenDataset_core_movements/24GHz/Sit/01090029_1574628309_Spec.png,24GHz,Sit,train,,/scratch/st-zliu-1/heqingz/CrossCarrier_Core6_FullSuite_20260924/manifests/core6_source/24GHz.csv,473,4,1,7ebe9f3ea04c02d9e77241443e8bf70c7c64005e1f2d941613882323e7f98f06
/arc/project/st-zliu-1/heqingz/datasets/domainGenDataset_core_movements/24GHz/Sit/01090030_1574195313_Spec.png,24GHz,Sit,train,,/scratch/st-zliu-1/heqingz/CrossCarrier_Core6_FullSuite_20260924/manifests/core6_source/24GHz.csv,474,4,1,375f6a381ac558b05be1e31b267e9fda0269bda750f7bedddc311779222d9b14
/arc/project/st-zliu-1/heqingz/datasets/domainGenDataset_core_movements/24GHz/Sit/01090029_1574115686_Spec.png,24GHz,Sit,train,,/scratch/st-zliu-1/heqingz/CrossCarrier_Core6_FullSuite_20260924/manifests/core6_source/24GHz.csv,475,4,1,efebe51454adec18719a4bfc723200de1436aa219024cdd2c7c48d153835cf49
/arc/project/st-zliu-1/heqingz/datasets/domainGenDataset_core_movements/24GHz/Sit/01090014_1574697095_Spec.png,24GHz,Sit,train,,/scratch/st-zliu-1/heqingz/CrossCarrier_Core6_FullSuite_20260924/manifests/core6_source/24GHz.csv,476,4,1,29fe6823ab271a7ccafe8bbcbff08662630251ad25293a4b5b4ae9e19686dbb6
/arc/project/st-zliu-1/heqingz/datasets/domainGenDataset_core_movements/24GHz/Sit/01090030_1574195230_Spec.png,24GHz,Sit,train,,/scratch/st-zliu-1/heqingz/CrossCarrier_Core6_FullSuite_20260924/manifests/core6_source/24GHz.csv,477,4,1,d5fcc29ecc8a8f95ed01d3bedfde0ec6a66739db2a4a9f04ae79b51418674d6b
/arc/project/st-zliu-1/heqingz/datasets/domainGenDataset_core_movements/24GHz/Sit/hsit15_DS.png,24GHz,Sit,train,,/scratch/st-zliu-1/heqingz/CrossCarrier_Core6_FullSuite_20260924/manifests/core6_source/24GHz.csv,478,4,1,ac320aa47610fcce58cf0d0ee2bd68196f283415b610a639840b4c1ec53ca394
/arc/project/st-zliu-1/heqingz/datasets/domainGenDataset_core_movements/24GHz/Sit/01090029_1574115764_Spec.png,24GHz,Sit,train,,/scratch/st-zliu-1/heqingz/CrossCarrier_Core6_FullSuite_20260924/manifests/core6_source/24GHz.csv,479,4,1,49666f699f7f1bfe43f8009218420cf6620688379b9d5cd6aedb07cda1df5fe9
/arc/project/st-zliu-1/heqingz/datasets/domainGenDataset_core_movements/24GHz/Sit/gsit1_DS.png,24GHz,Sit,train,,/scratch/st-zliu-1/heqingz/CrossCarrier_Core6_FullSuite_20260924/manifests/core6_source/24GHz.csv,480,4,1,f2ec6eb362de9a3ab09359e30fa23a3fcc3adfe488475498ae7e2c814f25aad4
/arc/project/st-zliu-1/heqingz/datasets/domainGenDataset_core_movements/24GHz/Sit/sitdown9_DS.png,24GHz,Sit,train,,/scratch/st-zliu-1/heqingz/CrossCarrier_Core6_FullSuite_20260924/manifests/core6_source/24GHz.csv,481,4,1,0db592db9f74e2e69878ee03d74554d9ccaf1c106aaf482e284bc2e1db425076
/arc/project/st-zliu-1/heqingz/datasets/domainGenDataset_core_movements/24GHz/Sit/01090010_1573838066_Spec.png,24GHz,Sit,train,,/scratch/st-zliu-1/heqingz/CrossCarrier_Core6_FullSuite_20260924/manifests/core6_source/24GHz.csv,482,4,1,596cb0997347dd51bc3a7effc499430720b41f73c964c501820cb5252f9f5055
/arc/project/st-zliu-1/heqingz/datasets/domainGenDataset_core_movements/24GHz/Sit/sit20_DS.png,24GHz,Sit,train,,/scratch/st-zliu-1/heqingz/CrossCarrier_Core6_FullSuite_20260924/manifests/core6_source/24GHz.csv,483,4,1,10801ae05eedf43d820235cec6295eba06ec6a216003a6962222c2eb8fdb3831
/arc/project/st-zliu-1/heqingz/datasets/domainGenDataset_core_movements/24GHz/Sit/01090030_1574458245_Spec.png,24GHz,Sit,train,,/scratch/st-zliu-1/heqingz/CrossCarrier_Core6_FullSuite_20260924/manifests/core6_source/24GHz.csv,484,4,1,5fa537a1b69fbf410b24c8cad2c3de1f2cc874cb96fec551bbbe81ff874ebdc2
/arc/project/st-zliu-1/heqingz/datasets/domainGenDataset_core_movements/24GHz/Sit/sitdown7_DS.png,24GHz,Sit,train,,/scratch/st-zliu-1/heqingz/CrossCarrier_Core6_FullSuite_20260924/manifests/core6_source/24GHz.csv,485,4,1,fcba815f5bed89ada375940708483b15a6a1c315a554e499bd9a026ed7dbba56
/arc/project/st-zliu-1/heqingz/datasets/domainGenDataset_core_movements/24GHz/Sit/01090029_1574628120_Spec.png,24GHz,Sit,train,,/scratch/st-zliu-1/heqingz/CrossCarrier_Core6_FullSuite_20260924/manifests/core6_source/24GHz.csv,486,4,1,44e39f07b4ffb19e30eadbe0fa549e44666e948f6b3e0d0182590f3258b6ed9f
/arc/project/st-zliu-1/heqingz/datasets/domainGenDataset_core_movements/24GHz/Sit/situp13_DS.png,24GHz,Sit,train,,/scratch/st-zliu-1/heqingz/CrossCarrier_Core6_FullSuite_20260924/manifests/core6_source/24GHz.csv,487,4,1,cff135e20b7ef70e6af46223e0a63df44506efda5aa0056d9b2389eb3313b2a2
/arc/project/st-zliu-1/heqingz/datasets/domainGenDataset_core_movements/24GHz/Sit/sit9_DS.png,24GHz,Sit,train,,/scratch/st-zliu-1/heqingz/CrossCarrier_Core6_FullSuite_20260924/manifests/core6_source/24GHz.csv,488,4,1,4924a3ee3fd5c53347616b9b6ab6efe43f7c09abb946ffc4ade121b8d009f28f
/arc/project/st-zliu-1/heqingz/datasets/domainGenDataset_core_movements/24GHz/Sit/sit17_DS.png,24GHz,Sit,train,,/scratch/st-zliu-1/heqingz/CrossCarrier_Core6_FullSuite_20260924/manifests/core6_source/24GHz.csv,489,4,1,6161e052e23d00907a007981d6e00c2991f4a9d21c23298ac0f35b41019ce0b5
/arc/project/st-zliu-1/heqingz/datasets/domainGenDataset_core_movements/24GHz/Sit/situp7_DS.png,24GHz,Sit,train,,/scratch/st-zliu-1/heqingz/CrossCarrier_Core6_FullSuite_20260924/manifests/core6_source/24GHz.csv,490,4,1,757a473397803f276f3eeeebd45cb9a01f0b824f4737b7ceb2b22049a84f5067
/arc/project/st-zliu-1/heqingz/datasets/domainGenDataset_core_movements/24GHz/Sit/situp9_DS.png,24GHz,Sit,train,,/scratch/st-zliu-1/heqingz/CrossCarrier_Core6_FullSuite_20260924/manifests/core6_source/24GHz.csv,491,4,1,ad47d96308e942255542975918f6b402b9767278939c1425a5d43a3fe9da2caa
/arc/project/st-zliu-1/heqingz/datasets/domainGenDataset_core_movements/24GHz/Sit/sit23_DS.png,24GHz,Sit,train,,/scratch/st-zliu-1/heqingz/CrossCarrier_Core6_FullSuite_20260924/manifests/core6_source/24GHz.csv,492,4,1,bb352e1c545a692bc27ec2f4f85807c5a5ca8a0e2d582a02eb63b48395761467
/arc/project/st-zliu-1/heqingz/datasets/domainGenDataset_core_movements/24GHz/Sit/msit8_DS.png,24GHz,Sit,train,,/scratch/st-zliu-1/heqingz/CrossCarrier_Core6_FullSuite_20260924/manifests/core6_source/24GHz.csv,493,4,1,fbf35c034ec5442c91fe110b0c4c29a09c4fb523d477be8184d9907aec27575e
/arc/project/st-zliu-1/heqingz/datasets/domainGenDataset_core_movements/24GHz/Sit/zsit6_DS.png,24GHz,Sit,train,,/scratch/st-zliu-1/heqingz/CrossCarrier_Core6_FullSuite_20260924/manifests/core6_source/24GHz.csv,494,4,1,fa3230c8737b652acaacda5241e0f0d04c433ecf04268513bbfd55e65642ff5a
/arc/project/st-zliu-1/heqingz/datasets/domainGenDataset_core_movements/24GHz/Sit/01090014_1574697974_Spec.png,24GHz,Sit,train,,/scratch/st-zliu-1/heqingz/CrossCarrier_Core6_FullSuite_20260924/manifests/core6_source/24GHz.csv,495,4,1,fe139ff137bebf89a75dd75de60916fe920ed1052035b1ef09c4f13d95b0f8ae
/arc/project/st-zliu-1/heqingz/datasets/domainGenDataset_core_movements/24GHz/Sit/sitdown6_DS.png,24GHz,Sit,train,,/scratch/st-zliu-1/heqingz/CrossCarrier_Core6_FullSuite_20260924/manifests/core6_source/24GHz.csv,496,4,1,c841c156cbeffa80bb172e3452b3478257654f0641a7f11cc4f9b5fdc3b0d8d7
/arc/project/st-zliu-1/heqingz/datasets/domainGenDataset_core_movements/24GHz/Sit/sitdown10_DS.png,24GHz,Sit,train,,/scratch/st-zliu-1/heqingz/CrossCarrier_Core6_FullSuite_20260924/manifests/core6_source/24GHz.csv,497,4,1,eeb373d8bf03ae2672d9267abbe8328483a078a133873dd3ee0cd19d66deb610
/arc/project/st-zliu-1/heqingz/datasets/domainGenDataset_core_movements/24GHz/Sit/msit2_DS.png,24GHz,Sit,train,,/scratch/st-zliu-1/heqingz/CrossCarrier_Core6_FullSuite_20260924/manifests/core6_source/24GHz.csv,498,4,1,d7c5a5215d6739bb0fdf27a3790bc625c12007bdfc81e86c60555c84d917a6a1
/arc/project/st-zliu-1/heqingz/datasets/domainGenDataset_core_movements/24GHz/Sit/01090014_1574697018_Spec.png,24GHz,Sit,train,,/scratch/st-zliu-1/heqingz/CrossCarrier_Core6_FullSuite_20260924/manifests/core6_source/24GHz.csv,499,4,1,aa7ad342dafc0fb8da569700189ae667bfe76dce1e8a90d74016e429753a2f15
/arc/project/st-zliu-1/heqingz/datasets/domainGenDataset_core_movements/24GHz/Sit/01090029_1574115726_Spec.png,24GHz,Sit,train,,/scratch/st-zliu-1/heqingz/CrossCarrier_Core6_FullSuite_20260924/manifests/core6_source/24GHz.csv,500,4,1,9773ef1078fc46c6b062b5c220cf10c02dd995a9ee8adef6e7ea62ffbec51ac5
/arc/project/st-zliu-1/heqingz/datasets/domainGenDataset_core_movements/24GHz/Sit/01090030_1574458207_Spec.png,24GHz,Sit,train,,/scratch/st-zliu-1/heqingz/CrossCarrier_Core6_FullSuite_20260924/manifests/core6_source/24GHz.csv,501,4,1,1ecfd0081fd72fc52a458e41d883a33db7a36d062ae758c83ba62db41509541d
/arc/project/st-zliu-1/heqingz/datasets/domainGenDataset_core_movements/24GHz/Sit/sitdown13_DS.png,24GHz,Sit,train,,/scratch/st-zliu-1/heqingz/CrossCarrier_Core6_FullSuite_20260924/manifests/core6_source/24GHz.csv,502,4,1,861df7ff2d5d7bcccfb87136bcd2ec969c065ea0ab5aaa5786e3ace64d05eb7f
/arc/project/st-zliu-1/heqingz/datasets/domainGenDataset_core_movements/24GHz/Towards/01050029_1574626039_Spec.png,24GHz,Towards,train,,/scratch/st-zliu-1/heqingz/CrossCarrier_Core6_FullSuite_20260924/manifests/core6_source/24GHz.csv,562,5,1,5da79bc9557ab9c9e3706b21f4ffbe452265120a047b74f1db2987f3d9f14fdf
/arc/project/st-zliu-1/heqingz/datasets/domainGenDataset_core_movements/24GHz/Towards/01050029_1574626331_Spec.png,24GHz,Towards,train,,/scratch/st-zliu-1/heqingz/CrossCarrier_Core6_FullSuite_20260924/manifests/core6_source/24GHz.csv,563,5,1,5e548753cd70cf2a7eb0f40b0be129ee87cf37b14813aee44ce9f4ca553c2b16
/arc/project/st-zliu-1/heqingz/datasets/domainGenDataset_core_movements/24GHz/Towards/01050010_1573836889_Spec.png,24GHz,Towards,train,,/scratch/st-zliu-1/heqingz/CrossCarrier_Core6_FullSuite_20260924/manifests/core6_source/24GHz.csv,564,5,1,c95cadf15dfab97fbbf2d669b1e0c1f3dd2c2c06bd898070e70df52177d337e9
/arc/project/st-zliu-1/heqingz/datasets/domainGenDataset_core_movements/24GHz/Towards/01050030_1574193984_Spec.png,24GHz,Towards,train,,/scratch/st-zliu-1/heqingz/CrossCarrier_Core6_FullSuite_20260924/manifests/core6_source/24GHz.csv,565,5,1,bd4f1b7df8c6aed60fe16b8e41ea5cf06d934a27a2ad658e88afb225ee28a078
/arc/project/st-zliu-1/heqingz/datasets/domainGenDataset_core_movements/24GHz/Towards/01050029_1574626392_Spec.png,24GHz,Towards,train,,/scratch/st-zliu-1/heqingz/CrossCarrier_Core6_FullSuite_20260924/manifests/core6_source/24GHz.csv,566,5,1,8ac61e292fe04ece92095e8cd0b336a39083660cd45622a1d76d89ee392ea724
/arc/project/st-zliu-1/heqingz/datasets/domainGenDataset_core_movements/24GHz/Towards/01050029_1574114529_Spec.png,24GHz,Towards,train,,/scratch/st-zliu-1/heqingz/CrossCarrier_Core6_FullSuite_20260924/manifests/core6_source/24GHz.csv,567,5,1,fa8bec1af6dace25d334da9ea35d2971243496df1db2767dc70f80fee8137dbd
/arc/project/st-zliu-1/heqingz/datasets/domainGenDataset_core_movements/24GHz/Towards/01050029_1574114588_Spec.png,24GHz,Towards,train,,/scratch/st-zliu-1/heqingz/CrossCarrier_Core6_FullSuite_20260924/manifests/core6_source/24GHz.csv,568,5,1,7a97fe1f2436368c7314f9edbe3857ef9ae016fbfd0d66b6030585586c9a7b75
/arc/project/st-zliu-1/heqingz/datasets/domainGenDataset_core_movements/24GHz/Towards/01050030_1574193843_Spec.png,24GHz,Towards,train,,/scratch/st-zliu-1/heqingz/CrossCarrier_Core6_FullSuite_20260924/manifests/core6_source/24GHz.csv,569,5,1,35f9baddacd0233eb15d7fe30847b557539a2c2459fbb5585f4368d0bf2da2a0
/arc/project/st-zliu-1/heqingz/datasets/domainGenDataset_core_movements/24GHz/Towards/01050029_1574626109_Spec.png,24GHz,Towards,train,,/scratch/st-zliu-1/heqingz/CrossCarrier_Core6_FullSuite_20260924/manifests/core6_source/24GHz.csv,570,5,1,701db8309a1948c3c735443e05738594b16cf62af8003d4078702717c25af792
/arc/project/st-zliu-1/heqingz/datasets/domainGenDataset_core_movements/24GHz/Towards/01050029_1574114240_Spec.png,24GHz,Towards,train,,/scratch/st-zliu-1/heqingz/CrossCarrier_Core6_FullSuite_20260924/manifests/core6_source/24GHz.csv,571,5,1,6dcf106972724c18f55f4d4f66f4c2568adb0f2919defe04dd78f2b831319826
/arc/project/st-zliu-1/heqingz/datasets/domainGenDataset_core_movements/24GHz/Towards/01050029_1574114625_Spec.png,24GHz,Towards,train,,/scratch/st-zliu-1/heqingz/CrossCarrier_Core6_FullSuite_20260924/manifests/core6_source/24GHz.csv,572,5,1,746563cb552d148c564d15018765b5134400fa48f3334b6bba0c455a465c7014
/arc/project/st-zliu-1/heqingz/datasets/domainGenDataset_core_movements/24GHz/Towards/01000000_1574696201_Spec.png,24GHz,Towards,train,,/scratch/st-zliu-1/heqingz/CrossCarrier_Core6_FullSuite_20260924/manifests/core6_source/24GHz.csv,573,5,1,8db81792ad6703413434a3539e26d03bef9050add536defe6be6dc7bd55f2d47
/arc/project/st-zliu-1/heqingz/datasets/domainGenDataset_core_movements/24GHz/Towards/01050030_1574456884_Spec.png,24GHz,Towards,train,,/scratch/st-zliu-1/heqingz/CrossCarrier_Core6_FullSuite_20260924/manifests/core6_source/24GHz.csv,574,5,1,25e115a42555503aa142520f00bc690560f569916d50485dabcc46bdfad3c287
/arc/project/st-zliu-1/heqingz/datasets/domainGenDataset_core_movements/24GHz/Towards/01050010_1573837067_Spec.png,24GHz,Towards,train,,/scratch/st-zliu-1/heqingz/CrossCarrier_Core6_FullSuite_20260924/manifests/core6_source/24GHz.csv,575,5,1,c90f3ce3f5fef10944fe12f50a00afb775cdc19b8790be8a766865404cc8aa67
/arc/project/st-zliu-1/heqingz/datasets/domainGenDataset_core_movements/24GHz/Towards/01050030_1574456646_Spec.png,24GHz,Towards,train,,/scratch/st-zliu-1/heqingz/CrossCarrier_Core6_FullSuite_20260924/manifests/core6_source/24GHz.csv,576,5,1,15c3a2f98f51937a7c2069f40c8b85c2ac7ff54846f2e5b8477fbd604f236b41
/arc/project/st-zliu-1/heqingz/datasets/domainGenDataset_core_movements/24GHz/Towards/01050030_1574456859_Spec.png,24GHz,Towards,train,,/scratch/st-zliu-1/heqingz/CrossCarrier_Core6_FullSuite_20260924/manifests/core6_source/24GHz.csv,577,5,1,dd655fb92565f879b2be84a5a07628255034bc7f6673ea458604f244a743ede6
/arc/project/st-zliu-1/heqingz/datasets/domainGenDataset_core_movements/24GHz/Towards/01000000_1574696243_Spec.png,24GHz,Towards,train,,/scratch/st-zliu-1/heqingz/CrossCarrier_Core6_FullSuite_20260924/manifests/core6_source/24GHz.csv,578,5,1,0b6552e748a342512cf68d46770d4d847f3e4e752ab4416e1290af54d77e0dc4
/arc/project/st-zliu-1/heqingz/datasets/domainGenDataset_core_movements/24GHz/Towards/01000000_1574696114_Spec.png,24GHz,Towards,train,,/scratch/st-zliu-1/heqingz/CrossCarrier_Core6_FullSuite_20260924/manifests/core6_source/24GHz.csv,579,5,1,b8b686bce6a1087cb7121b25f96e50aaca1bf66ea89fc8ea9ca50e09c2db9834
/arc/project/st-zliu-1/heqingz/datasets/domainGenDataset_core_movements/24GHz/Towards/01050030_1574456771_Spec.png,24GHz,Towards,train,,/scratch/st-zliu-1/heqingz/CrossCarrier_Core6_FullSuite_20260924/manifests/core6_source/24GHz.csv,580,5,1,5d770ed2758af472d2d03b17b0d53c2fc80bf57c5c21ebf6744aee5854f08275
/arc/project/st-zliu-1/heqingz/datasets/domainGenDataset_core_movements/24GHz/Towards/01000000_1574696280_Spec.png,24GHz,Towards,train,,/scratch/st-zliu-1/heqingz/CrossCarrier_Core6_FullSuite_20260924/manifests/core6_source/24GHz.csv,581,5,1,e7076c30490701fa4f8ec4e51891639bf9c1616bd77de6686182ac8269d680ff
/arc/project/st-zliu-1/heqingz/datasets/domainGenDataset_core_movements/24GHz/Towards/01050030_1574456812_Spec.png,24GHz,Towards,train,,/scratch/st-zliu-1/heqingz/CrossCarrier_Core6_FullSuite_20260924/manifests/core6_source/24GHz.csv,582,5,1,866c5cc1e764e8f1ef33046e4ab9539cd539af8038dde194a7c25b5c108a4cab
/arc/project/st-zliu-1/heqingz/datasets/domainGenDataset_core_movements/24GHz/Towards/01050010_1573836980_Spec.png,24GHz,Towards,train,,/scratch/st-zliu-1/heqingz/CrossCarrier_Core6_FullSuite_20260924/manifests/core6_source/24GHz.csv,583,5,1,9698302fbee215ff753da87ffe4bd388912f49b98b1e57cf3a6aa9907417ecd0
/arc/project/st-zliu-1/heqingz/datasets/domainGenDataset_core_movements/24GHz/Towards/01050030_1574456747_Spec.png,24GHz,Towards,train,,/scratch/st-zliu-1/heqingz/CrossCarrier_Core6_FullSuite_20260924/manifests/core6_source/24GHz.csv,584,5,1,1dc872c84061950db22001072581a8b9cf1abc4eec7d24d08eee84f439957dff
/arc/project/st-zliu-1/heqingz/datasets/domainGenDataset_core_movements/24GHz/Towards/01000000_1574696136_Spec.png,24GHz,Towards,train,,/scratch/st-zliu-1/heqingz/CrossCarrier_Core6_FullSuite_20260924/manifests/core6_source/24GHz.csv,585,5,1,79bd2eb3dbf1e4b23e005435f9b3fb7aa78a5d38a3ba3e6dd168e16521478652
/arc/project/st-zliu-1/heqingz/datasets/domainGenDataset_core_movements/24GHz/Towards/01050010_1573836957_Spec.png,24GHz,Towards,train,,/scratch/st-zliu-1/heqingz/CrossCarrier_Core6_FullSuite_20260924/manifests/core6_source/24GHz.csv,586,5,1,1ea7ad5338b6945c8c46f9c0952fca36588fe6dadfb8c5f770ffbdd5353e07b2
/arc/project/st-zliu-1/heqingz/datasets/domainGenDataset_core_movements/24GHz/Towards/01050010_1573837002_Spec.png,24GHz,Towards,train,,/scratch/st-zliu-1/heqingz/CrossCarrier_Core6_FullSuite_20260924/manifests/core6_source/24GHz.csv,587,5,1,eb2f4f1ca01993dedaadba0f6824ee1fe5b21d7f0da6575c77a264c077a99616
/arc/project/st-zliu-1/heqingz/datasets/domainGenDataset_core_movements/24GHz/Towards/01050030_1574194145_Spec.png,24GHz,Towards,train,,/scratch/st-zliu-1/heqingz/CrossCarrier_Core6_FullSuite_20260924/manifests/core6_source/24GHz.csv,588,5,1,247c5c9ec29d36e264a62de4aa579bcd745c0563233637aa58413c0bee8126e4
/arc/project/st-zliu-1/heqingz/datasets/domainGenDataset_core_movements/24GHz/Towards/01050010_1573836864_Spec.png,24GHz,Towards,train,,/scratch/st-zliu-1/heqingz/CrossCarrier_Core6_FullSuite_20260924/manifests/core6_source/24GHz.csv,589,5,1,7c280e9ab07eb0c0b9c01a88aa7367611eb80dc9491b21fac80575bcc82f6d25
/arc/project/st-zliu-1/heqingz/datasets/domainGenDataset_core_movements/24GHz/Towards/01050030_1574456596_Spec.png,24GHz,Towards,train,,/scratch/st-zliu-1/heqingz/CrossCarrier_Core6_FullSuite_20260924/manifests/core6_source/24GHz.csv,590,5,1,72125b592fd58d974be421e70008df1f797eba0afc51517fb3dc9e4137c475ae
/arc/project/st-zliu-1/heqingz/datasets/domainGenDataset_core_movements/24GHz/Towards/01050029_1574626164_Spec.png,24GHz,Towards,train,,/scratch/st-zliu-1/heqingz/CrossCarrier_Core6_FullSuite_20260924/manifests/core6_source/24GHz.csv,591,5,1,9c00b05313957f38389e90b35ecb69179e1b33e365083835d64ff3797b66a952
/arc/project/st-zliu-1/heqingz/datasets/domainGenDataset_core_movements/24GHz/Towards/01050030_1574194013_Spec.png,24GHz,Towards,train,,/scratch/st-zliu-1/heqingz/CrossCarrier_Core6_FullSuite_20260924/manifests/core6_source/24GHz.csv,592,5,1,c40f1bdd444293900e451701171e866fb463b8c386d042ac2142dd22d59ea3be
/arc/project/st-zliu-1/heqingz/datasets/domainGenDataset_core_movements/24GHz/Towards/01050030_1574194043_Spec.png,24GHz,Towards,train,,/scratch/st-zliu-1/heqingz/CrossCarrier_Core6_FullSuite_20260924/manifests/core6_source/24GHz.csv,593,5,1,44668a737f7a2096c0a10f5b4a5297b3b58e09bc326f608f077686937b9b91e6
/arc/project/st-zliu-1/heqingz/datasets/domainGenDataset_core_movements/24GHz/Towards/01050030_1574456906_Spec.png,24GHz,Towards,train,,/scratch/st-zliu-1/heqingz/CrossCarrier_Core6_FullSuite_20260924/manifests/core6_source/24GHz.csv,594,5,1,f08173d95c122c7dd0546727cfe4173260ecb0a717037c8970cd74bb01e5c66b
/arc/project/st-zliu-1/heqingz/datasets/domainGenDataset_core_movements/24GHz/Towards/01050010_1573837045_Spec.png,24GHz,Towards,train,,/scratch/st-zliu-1/heqingz/CrossCarrier_Core6_FullSuite_20260924/manifests/core6_source/24GHz.csv,595,5,1,7bdcf7ff9f1a146e325f7f6621f8528332291a73c56c328aff2ab3cd928689af
/arc/project/st-zliu-1/heqingz/datasets/domainGenDataset_core_movements/24GHz/Towards/01050010_1573836822_Spec.png,24GHz,Towards,train,,/scratch/st-zliu-1/heqingz/CrossCarrier_Core6_FullSuite_20260924/manifests/core6_source/24GHz.csv,596,5,1,e7e5de18d1e571b62b117ff6665cd5d7ffaac8252e841670d0df8f6f353ed6d7
/arc/project/st-zliu-1/heqingz/datasets/domainGenDataset_core_movements/24GHz/Towards/01050029_1574626372_Spec.png,24GHz,Towards,train,,/scratch/st-zliu-1/heqingz/CrossCarrier_Core6_FullSuite_20260924/manifests/core6_source/24GHz.csv,597,5,1,8a92f0720733d6288692386f429388c33ac5069f6b2eb426e5192157f66ed8c7
/arc/project/st-zliu-1/heqingz/datasets/domainGenDataset_core_movements/24GHz/Towards/01050029_1574626210_Spec.png,24GHz,Towards,train,,/scratch/st-zliu-1/heqingz/CrossCarrier_Core6_FullSuite_20260924/manifests/core6_source/24GHz.csv,598,5,1,c14eeac876eb75d07a42d3387cae74bf05bc3f5ae2c33f072498adb4c6727daa
/arc/project/st-zliu-1/heqingz/datasets/domainGenDataset_core_movements/24GHz/Towards/01050010_1573836925_Spec.png,24GHz,Towards,train,,/scratch/st-zliu-1/heqingz/CrossCarrier_Core6_FullSuite_20260924/manifests/core6_source/24GHz.csv,599,5,1,f0e316ee3d5b6034f2b9e8fe8f7599d1dc43bfc2d1fc1b5f48692e80b283e457
/arc/project/st-zliu-1/heqingz/datasets/domainGenDataset_core_movements/24GHz/Towards/01050030_1574194068_Spec.png,24GHz,Towards,train,,/scratch/st-zliu-1/heqingz/CrossCarrier_Core6_FullSuite_20260924/manifests/core6_source/24GHz.csv,600,5,1,631d314333836a8ed53dce5892676c206fee0541bfb4866e66949ee18cae2b90
/arc/project/st-zliu-1/heqingz/datasets/domainGenDataset_core_movements/24GHz/Towards/01050029_1574114550_Spec.png,24GHz,Towards,train,,/scratch/st-zliu-1/heqingz/CrossCarrier_Core6_FullSuite_20260924/manifests/core6_source/24GHz.csv,601,5,1,d2e6b100f2d7791ba4c214c68fa0d651a0f0f90fea1de6edf7402dc949025cb0
/arc/project/st-zliu-1/heqingz/datasets/domainGenDataset_core_movements/24GHz/Towards/01050029_1574114294_Spec.png,24GHz,Towards,train,,/scratch/st-zliu-1/heqingz/CrossCarrier_Core6_FullSuite_20260924/manifests/core6_source/24GHz.csv,602,5,1,7ecb4cf0cd920699f5499e2749ac034d6b62f32fb410d54968407e2598ec3d15
/arc/project/st-zliu-1/heqingz/datasets/domainGenDataset_core_movements/24GHz/Towards/01000000_1574696180_Spec.png,24GHz,Towards,train,,/scratch/st-zliu-1/heqingz/CrossCarrier_Core6_FullSuite_20260924/manifests/core6_source/24GHz.csv,603,5,1,529d1beb7bed47f29b405144cf0f4fa18f6a2d87ddab927a0bff1b6983398bae
