[18:06:41] run_dir=/scratch/st-zliu-1/heqingz/CrossCarrier_Fresh_20260922/CrossCarrier_Repro/EXPERIMENTSRESULT/REVISION_5090/SUPP_ABLATION/ACR_GRL_only/seed42
[18:06:41] device=cuda
[18:06:41] backbone=vit_large_patch16_dinov3.lvd1689m
[18:06:41] env: manifest_dir=/scratch/st-zliu-1/heqingz/CrossCarrier_Fresh_20260922/CrossCarrier_Repro/tasks/known_people_unknown_freq/manifest dataset_root=/scratch/st-zliu-1/heqingz/CrossCarrier_Fresh_20260922/CrossCarrier_Repro use_dann=False selection=source_val_acc_ema adapter_mode=lora
[18:06:41] set_seed(42)
[18:07:48] [fast_gpu] source cache 644 imgs (0.39GB) on cuda
[18:07:48] train_source=644 train_src_rows=10:302 24:342 source_steps/epoch=40 val_all=162 heldout77_unused=140 test77_final=278
[18:07:48] [test77_split] seed=42 dev_per_class=20
[18:10:06] trainable params=2444546 (encoder_lora+neck+head + miro_proj+v15_falsification+v13_grl_carrier_adv)
[18:10:07] logit_prior=[-1.9678890705108643, -1.913821816444397, -1.8427258729934692, -1.9678890705108643, -2.0133514404296875, -1.8929877281188965, -2.036881923675537]
[18:10:07] use_dann=False
[18:10:07] use_das=True
[18:10:07] das_mode=curriculum initial_stage={'name': 'stage1', 'p': 0.35, 'f_low': 10.0, 'f_high': 24.0}
[18:10:07] aug_flags: USE_HFT=True USE_SPEC_AUGMENT=True
[18:10:07] adapter_mode=lora
[18:10:07] schedule: epochs=100 steps/epoch=40 imgs/step=16 total_steps=4000 total_imgs=64000 warmup_steps=120
[18:10:07] source_qualified_policy: val_acc_ema>=0.90 candidates are recorded; best candidate by 77GHz F1 is saved as diagnostic
[18:10:07] [pool] init threshold=0.90 period=10 selection=dev77_f1
[18:10:07] [train] epoch 1/100 steps=40 use_dann=0 das=stage1 f=[10.0,24.0] p=0.35 gpu=3.0/3.0GB
[18:10:32] [train] ep=01 step=001/40 ce=7.9237 sc=2.8401 mi=1.0346 dn=0.0000 v13=0.0000 grl=1.9981 v15=0.0000 v15r=0.0000 v16=0.0000 v17=0.0000 v18=0.0000 acc=0.1875 lr=2.50e-06 lambda=0.000 grl_lambda=0.000 v18_lambda=0.000 gpu=3.0/11.8GB
[18:10:39] [train] ep=01 step=010/40 ce=8.1204 sc=2.8223 mi=1.0086 dn=0.0000 v13=0.0000 grl=1.9930 v15=0.0000 v15r=0.0000 v16=0.0000 v17=0.0000 v18=0.0000 acc=0.1625 lr=2.50e-05 lambda=0.000 grl_lambda=0.011 v18_lambda=0.000 gpu=3.0/11.8GB
[18:10:45] [train] ep=01 step=020/40 ce=7.9767 sc=2.8487 mi=0.9614 dn=0.0000 v13=0.0000 grl=1.9027 v15=0.0000 v15r=0.0000 v16=0.0000 v17=0.0000 v18=0.0000 acc=0.1469 lr=5.00e-05 lambda=0.000 grl_lambda=0.024 v18_lambda=0.000 gpu=3.0/11.8GB
[18:10:51] [train] ep=01 step=030/40 ce=7.8953 sc=2.8549 mi=0.8870 dn=0.0000 v13=0.0000 grl=1.7697 v15=0.0000 v15r=0.0000 v16=0.0000 v17=0.0000 v18=0.0000 acc=0.1479 lr=7.50e-05 lambda=0.000 grl_lambda=0.036 v18_lambda=0.000 gpu=3.0/11.8GB
[18:10:57] [train] ep=01 step=040/40 ce=7.8264 sc=2.8428 mi=0.7988 dn=0.0000 v13=0.0000 grl=1.5354 v15=0.0000 v15r=0.0000 v16=0.0000 v17=0.0000 v18=0.0000 acc=0.1625 lr=1.00e-04 lambda=0.000 grl_lambda=0.049 v18_lambda=0.000 gpu=3.0/11.8GB
[18:11:04] [ep_summary] ep=01/100 val_live=0.1914/0.1469 val_ema=0.0000/0.0000 test77_live=0.1403/0.0352 test77_diag_ema=0.0000/0.0000 v13=0.0000 grl=1.5354 v15=0.0000 v15r=0.0000 v16=0.0000 v17=0.0000 v18=0.0000 das=stage1[10,24] p=0.35 ep_time=57.0s
[18:11:04] [train] epoch 2/100 steps=40 use_dann=0 das=stage1 f=[10.0,24.0] p=0.35 gpu=3.0/11.8GB
[18:11:04] [train] ep=02 step=001/40 ce=7.6476 sc=2.8430 mi=0.4193 dn=0.0000 v13=0.0000 grl=0.3346 v15=0.0000 v15r=0.0000 v16=0.0000 v17=0.0000 v18=0.0000 acc=0.1250 lr=1.02e-04 lambda=0.000 grl_lambda=0.050 v18_lambda=0.000 gpu=3.0/11.8GB
[18:11:09] [train] ep=02 step=010/40 ce=7.3982 sc=2.7470 mi=0.3606 dn=0.0000 v13=0.0000 grl=0.1730 v15=0.0000 v15r=0.0000 v16=0.0000 v17=0.0000 v18=0.0000 acc=0.2437 lr=1.25e-04 lambda=0.000 grl_lambda=0.061 v18_lambda=0.000 gpu=3.0/11.8GB
[18:11:15] [train] ep=02 step=020/40 ce=7.2417 sc=2.7494 mi=0.3122 dn=0.0000 v13=0.0000 grl=0.1681 v15=0.0000 v15r=0.0000 v16=0.0000 v17=0.0000 v18=0.0000 acc=0.3000 lr=1.50e-04 lambda=0.000 grl_lambda=0.074 v18_lambda=0.000 gpu=3.0/11.8GB
[18:11:21] [train] ep=02 step=030/40 ce=7.1496 sc=2.7260 mi=0.2770 dn=0.0000 v13=0.0000 grl=0.1493 v15=0.0000 v15r=0.0000 v16=0.0000 v17=0.0000 v18=0.0000 acc=0.3333 lr=1.75e-04 lambda=0.000 grl_lambda=0.086 v18_lambda=0.000 gpu=3.0/11.8GB
[18:11:27] [train] ep=02 step=040/40 ce=6.9097 sc=2.6717 mi=0.2553 dn=0.0000 v13=0.0000 grl=0.1434 v15=0.0000 v15r=0.0000 v16=0.0000 v17=0.0000 v18=0.0000 acc=0.3719 lr=2.00e-04 lambda=0.000 grl_lambda=0.098 v18_lambda=0.000 gpu=3.0/11.8GB
[18:11:34] [ep_summary] ep=02/100 val_live=0.5864/0.5458 val_ema=0.0000/0.0000 test77_live=0.1403/0.0353 test77_diag_ema=0.0000/0.0000 v13=0.0000 grl=0.1434 v15=0.0000 v15r=0.0000 v16=0.0000 v17=0.0000 v18=0.0000 das=stage1[10,24] p=0.35 ep_time=30.0s
[18:11:34] [train] epoch 3/100 steps=40 use_dann=0 das=stage1 f=[10.0,24.0] p=0.35 gpu=3.0/11.8GB
[18:11:34] [train] ep=03 step=001/40 ce=6.5327 sc=2.5084 mi=0.1862 dn=0.0000 v13=0.0000 grl=0.1117 v15=0.0000 v15r=0.0000 v16=0.0000 v17=0.0000 v18=0.0000 acc=0.6250 lr=2.02e-04 lambda=0.000 grl_lambda=0.100 v18_lambda=0.000 gpu=3.0/11.8GB
[18:11:39] [train] ep=03 step=010/40 ce=5.7563 sc=2.4669 mi=0.1941 dn=0.0000 v13=0.0000 grl=0.1254 v15=0.0000 v15r=0.0000 v16=0.0000 v17=0.0000 v18=0.0000 acc=0.5437 lr=2.25e-04 lambda=0.000 grl_lambda=0.111 v18_lambda=0.000 gpu=3.0/11.8GB
[18:11:45] [train] ep=03 step=020/40 ce=5.3101 sc=2.2157 mi=0.1994 dn=0.0000 v13=0.0000 grl=0.1293 v15=0.0000 v15r=0.0000 v16=0.0000 v17=0.0000 v18=0.0000 acc=0.6062 lr=2.50e-04 lambda=0.000 grl_lambda=0.123 v18_lambda=0.000 gpu=3.0/11.8GB
[18:11:51] [train] ep=03 step=030/40 ce=4.9106 sc=2.0414 mi=0.2024 dn=0.0000 v13=0.0000 grl=0.1417 v15=0.0000 v15r=0.0000 v16=0.0000 v17=0.0000 v18=0.0000 acc=0.6375 lr=2.75e-04 lambda=0.000 grl_lambda=0.135 v18_lambda=0.000 gpu=3.0/11.8GB
[18:11:57] [train] ep=03 step=040/40 ce=4.7878 sc=2.0273 mi=0.1948 dn=0.0000 v13=0.0000 grl=0.1385 v15=0.0000 v15r=0.0000 v16=0.0000 v17=0.0000 v18=0.0000 acc=0.6516 lr=3.00e-04 lambda=0.000 grl_lambda=0.148 v18_lambda=0.000 gpu=3.0/11.8GB
[18:12:03] [ep_summary] ep=03/100 val_live=0.8025/0.7822 val_ema=0.0000/0.0000 test77_live=0.4496/0.3740 test77_diag_ema=0.0000/0.0000 v13=0.0000 grl=0.1385 v15=0.0000 v15r=0.0000 v16=0.0000 v17=0.0000 v18=0.0000 das=stage1[10,24] p=0.35 ep_time=29.9s
[18:12:03] [train] epoch 4/100 steps=40 use_dann=0 das=stage1 f=[10.0,24.0] p=0.35 gpu=3.0/11.8GB
[18:12:04] [train] ep=04 step=001/40 ce=3.8197 sc=1.9979 mi=0.1493 dn=0.0000 v13=0.0000 grl=0.1308 v15=0.0000 v15r=0.0000 v16=0.0000 v17=0.0000 v18=0.0000 acc=0.8125 lr=3.00e-04 lambda=0.000 grl_lambda=0.149 v18_lambda=0.000 gpu=3.0/11.8GB
[18:12:09] [train] ep=04 step=010/40 ce=3.4837 sc=1.7979 mi=0.1407 dn=0.0000 v13=0.0000 grl=0.1063 v15=0.0000 v15r=0.0000 v16=0.0000 v17=0.0000 v18=0.0000 acc=0.7375 lr=3.00e-04 lambda=0.000 grl_lambda=0.160 v18_lambda=0.000 gpu=3.0/11.8GB
[18:12:15] [train] ep=04 step=020/40 ce=2.9797 sc=1.6743 mi=0.1396 dn=0.0000 v13=0.0000 grl=0.1039 v15=0.0000 v15r=0.0000 v16=0.0000 v17=0.0000 v18=0.0000 acc=0.8000 lr=3.00e-04 lambda=0.000 grl_lambda=0.172 v18_lambda=0.000 gpu=3.0/11.8GB
[18:12:21] [train] ep=04 step=030/40 ce=2.8809 sc=1.6529 mi=0.1344 dn=0.0000 v13=0.0000 grl=0.1165 v15=0.0000 v15r=0.0000 v16=0.0000 v17=0.0000 v18=0.0000 acc=0.8187 lr=3.00e-04 lambda=0.000 grl_lambda=0.184 v18_lambda=0.000 gpu=3.0/11.8GB
[18:12:27] [train] ep=04 step=040/40 ce=2.6976 sc=1.6150 mi=0.1309 dn=0.0000 v13=0.0000 grl=0.1104 v15=0.0000 v15r=0.0000 v16=0.0000 v17=0.0000 v18=0.0000 acc=0.8359 lr=3.00e-04 lambda=0.000 grl_lambda=0.196 v18_lambda=0.000 gpu=3.0/11.8GB
[18:12:32] [ep_summary] ep=04/100 val_live=0.8148/0.7724 val_ema=0.0000/0.0000 test77_live=0.4460/0.3583 test77_diag_ema=0.0000/0.0000 v13=0.0000 grl=0.1104 v15=0.0000 v15r=0.0000 v16=0.0000 v17=0.0000 v18=0.0000 das=stage1[10,24] p=0.35 ep_time=28.9s
[18:12:32] [train] epoch 5/100 steps=40 use_dann=0 das=stage1 f=[10.0,24.0] p=0.35 gpu=3.0/11.8GB
[18:12:33] [train] ep=05 step=001/40 ce=1.9642 sc=1.1924 mi=0.1256 dn=0.0000 v13=0.0000 grl=0.0458 v15=0.0000 v15r=0.0000 v16=0.0000 v17=0.0000 v18=0.0000 acc=0.9375 lr=3.00e-04 lambda=0.000 grl_lambda=0.197 v18_lambda=0.000 gpu=3.0/11.8GB
[18:12:38] [train] ep=05 step=010/40 ce=2.7363 sc=1.4377 mi=0.1159 dn=0.0000 v13=0.0000 grl=0.0887 v15=0.0000 v15r=0.0000 v16=0.0000 v17=0.0000 v18=0.0000 acc=0.8375 lr=3.00e-04 lambda=0.000 grl_lambda=0.208 v18_lambda=0.000 gpu=3.0/11.8GB
[18:12:44] [train] ep=05 step=020/40 ce=2.8646 sc=1.4753 mi=0.1104 dn=0.0000 v13=0.0000 grl=0.0974 v15=0.0000 v15r=0.0000 v16=0.0000 v17=0.0000 v18=0.0000 acc=0.8281 lr=3.00e-04 lambda=0.000 grl_lambda=0.220 v18_lambda=0.000 gpu=3.0/11.8GB
[18:12:50] [train] ep=05 step=030/40 ce=2.7326 sc=1.4422 mi=0.1076 dn=0.0000 v13=0.0000 grl=0.0984 v15=0.0000 v15r=0.0000 v16=0.0000 v17=0.0000 v18=0.0000 acc=0.8313 lr=3.00e-04 lambda=0.000 grl_lambda=0.232 v18_lambda=0.000 gpu=3.0/11.8GB
[18:12:56] [train] ep=05 step=040/40 ce=2.6296 sc=1.4863 mi=0.1059 dn=0.0000 v13=0.0000 grl=0.1002 v15=0.0000 v15r=0.0000 v16=0.0000 v17=0.0000 v18=0.0000 acc=0.8453 lr=3.00e-04 lambda=0.000 grl_lambda=0.244 v18_lambda=0.000 gpu=3.0/11.8GB
[18:13:08] [ep_summary] ep=05/100 val_live=0.7778/0.7645 val_ema=0.1852/0.0924 test77_live=0.4353/0.3709 test77_diag_ema=0.1367/0.0376 v13=0.0000 grl=0.1002 v15=0.0000 v15r=0.0000 v16=0.0000 v17=0.0000 v18=0.0000 das=stage1[10,24] p=0.35 ep_time=36.0s
[18:13:08] [save] best_sourceval_ema val_acc_ema=0.1852 source_val_live=0.7778/0.7645 source_val_ema=0.1852/0.0924 ep=5
[18:13:08] [train] epoch 6/100 steps=40 use_dann=0 das=stage1 f=[10.0,24.0] p=0.35 gpu=3.0/11.8GB
[18:13:09] [train] ep=06 step=001/40 ce=3.6077 sc=2.1784 mi=0.0892 dn=0.0000 v13=0.0000 grl=0.0753 v15=0.0000 v15r=0.0000 v16=0.0000 v17=0.0000 v18=0.0000 acc=0.7500 lr=3.00e-04 lambda=0.000 grl_lambda=0.245 v18_lambda=0.000 gpu=3.0/11.8GB
[18:13:14] [train] ep=06 step=010/40 ce=2.7338 sc=1.5625 mi=0.0941 dn=0.0000 v13=0.0000 grl=0.0969 v15=0.0000 v15r=0.0000 v16=0.0000 v17=0.0000 v18=0.0000 acc=0.8063 lr=3.00e-04 lambda=0.000 grl_lambda=0.255 v18_lambda=0.000 gpu=3.0/11.8GB
[18:13:20] [train] ep=06 step=020/40 ce=2.4319 sc=1.5690 mi=0.0932 dn=0.0000 v13=0.0000 grl=0.0966 v15=0.0000 v15r=0.0000 v16=0.0000 v17=0.0000 v18=0.0000 acc=0.8375 lr=3.00e-04 lambda=0.000 grl_lambda=0.267 v18_lambda=0.000 gpu=3.0/11.8GB
[18:13:26] [train] ep=06 step=030/40 ce=2.3887 sc=1.5138 mi=0.0940 dn=0.0000 v13=0.0000 grl=0.1036 v15=0.0000 v15r=0.0000 v16=0.0000 v17=0.0000 v18=0.0000 acc=0.8521 lr=2.99e-04 lambda=0.000 grl_lambda=0.279 v18_lambda=0.000 gpu=3.0/11.8GB
[18:13:32] [train] ep=06 step=040/40 ce=2.3298 sc=1.4550 mi=0.0920 dn=0.0000 v13=0.0000 grl=0.1016 v15=0.0000 v15r=0.0000 v16=0.0000 v17=0.0000 v18=0.0000 acc=0.8578 lr=2.99e-04 lambda=0.000 grl_lambda=0.290 v18_lambda=0.000 gpu=3.0/11.8GB
[18:13:43] [ep_summary] ep=06/100 val_live=0.8580/0.8531 val_ema=0.2099/0.1357 test77_live=0.5504/0.4108 test77_diag_ema=0.1367/0.0361 v13=0.0000 grl=0.1016 v15=0.0000 v15r=0.0000 v16=0.0000 v17=0.0000 v18=0.0000 das=stage1[10,24] p=0.35 ep_time=34.2s
[18:13:43] [save] best_sourceval_ema val_acc_ema=0.2099 source_val_live=0.8580/0.8531 source_val_ema=0.2099/0.1357 ep=6
[18:13:43] [train] epoch 7/100 steps=40 use_dann=0 das=stage1 f=[10.0,24.0] p=0.35 gpu=3.0/11.8GB
[18:13:43] [train] ep=07 step=001/40 ce=2.2992 sc=0.9956 mi=0.0882 dn=0.0000 v13=0.0000 grl=0.0207 v15=0.0000 v15r=0.0000 v16=0.0000 v17=0.0000 v18=0.0000 acc=0.8750 lr=2.99e-04 lambda=0.000 grl_lambda=0.291 v18_lambda=0.000 gpu=3.0/11.8GB
[18:13:48] [train] ep=07 step=010/40 ce=2.0521 sc=1.3668 mi=0.0812 dn=0.0000 v13=0.0000 grl=0.0837 v15=0.0000 v15r=0.0000 v16=0.0000 v17=0.0000 v18=0.0000 acc=0.8875 lr=2.99e-04 lambda=0.000 grl_lambda=0.302 v18_lambda=0.000 gpu=3.0/11.8GB
[18:13:54] [train] ep=07 step=020/40 ce=1.7817 sc=1.2834 mi=0.0809 dn=0.0000 v13=0.0000 grl=0.0784 v15=0.0000 v15r=0.0000 v16=0.0000 v17=0.0000 v18=0.0000 acc=0.9156 lr=2.99e-04 lambda=0.000 grl_lambda=0.313 v18_lambda=0.000 gpu=3.0/11.8GB
[18:14:00] [train] ep=07 step=030/40 ce=1.6550 sc=1.2718 mi=0.0799 dn=0.0000 v13=0.0000 grl=0.0842 v15=0.0000 v15r=0.0000 v16=0.0000 v17=0.0000 v18=0.0000 acc=0.9187 lr=2.99e-04 lambda=0.000 grl_lambda=0.324 v18_lambda=0.000 gpu=3.0/11.8GB
[18:14:06] [train] ep=07 step=040/40 ce=1.6606 sc=1.2569 mi=0.0801 dn=0.0000 v13=0.0000 grl=0.0846 v15=0.0000 v15r=0.0000 v16=0.0000 v17=0.0000 v18=0.0000 acc=0.9172 lr=2.99e-04 lambda=0.000 grl_lambda=0.335 v18_lambda=0.000 gpu=3.0/11.8GB
[18:14:17] [ep_summary] ep=07/100 val_live=0.9321/0.9324 val_ema=0.2407/0.1761 test77_live=0.6331/0.5534 test77_diag_ema=0.1403/0.0355 v13=0.0000 grl=0.0846 v15=0.0000 v15r=0.0000 v16=0.0000 v17=0.0000 v18=0.0000 das=stage1[10,24] p=0.35 ep_time=34.2s
[18:14:17] [save] best_sourceval_ema val_acc_ema=0.2407 source_val_live=0.9321/0.9324 source_val_ema=0.2407/0.1761 ep=7
[18:14:17] [train] epoch 8/100 steps=40 use_dann=0 das=stage1 f=[10.0,24.0] p=0.35 gpu=3.0/11.8GB
[18:14:17] [train] ep=08 step=001/40 ce=0.6902 sc=0.9537 mi=0.0780 dn=0.0000 v13=0.0000 grl=0.1067 v15=0.0000 v15r=0.0000 v16=0.0000 v17=0.0000 v18=0.0000 acc=1.0000 lr=2.99e-04 lambda=0.000 grl_lambda=0.336 v18_lambda=0.000 gpu=3.0/11.8GB
[18:14:23] [train] ep=08 step=010/40 ce=1.2583 sc=1.1863 mi=0.0820 dn=0.0000 v13=0.0000 grl=0.0896 v15=0.0000 v15r=0.0000 v16=0.0000 v17=0.0000 v18=0.0000 acc=0.9313 lr=2.99e-04 lambda=0.000 grl_lambda=0.346 v18_lambda=0.000 gpu=3.0/11.8GB
[18:14:29] [train] ep=08 step=020/40 ce=1.4057 sc=1.2197 mi=0.0801 dn=0.0000 v13=0.0000 grl=0.0909 v15=0.0000 v15r=0.0000 v16=0.0000 v17=0.0000 v18=0.0000 acc=0.9313 lr=2.98e-04 lambda=0.000 grl_lambda=0.357 v18_lambda=0.000 gpu=3.0/11.8GB
[18:14:34] [train] ep=08 step=030/40 ce=1.4513 sc=1.2122 mi=0.0803 dn=0.0000 v13=0.0000 grl=0.0905 v15=0.0000 v15r=0.0000 v16=0.0000 v17=0.0000 v18=0.0000 acc=0.9292 lr=2.98e-04 lambda=0.000 grl_lambda=0.368 v18_lambda=0.000 gpu=3.0/11.8GB
[18:14:40] [train] ep=08 step=040/40 ce=1.4161 sc=1.1700 mi=0.0787 dn=0.0000 v13=0.0000 grl=0.0886 v15=0.0000 v15r=0.0000 v16=0.0000 v17=0.0000 v18=0.0000 acc=0.9328 lr=2.98e-04 lambda=0.000 grl_lambda=0.379 v18_lambda=0.000 gpu=3.0/11.8GB
[18:14:51] [ep_summary] ep=08/100 val_live=0.9198/0.9137 val_ema=0.2469/0.1832 test77_live=0.6331/0.5710 test77_diag_ema=0.1403/0.0353 v13=0.0000 grl=0.0886 v15=0.0000 v15r=0.0000 v16=0.0000 v17=0.0000 v18=0.0000 das=stage1[10,24] p=0.35 ep_time=34.2s
[18:14:51] [save] best_sourceval_ema val_acc_ema=0.2469 source_val_live=0.9198/0.9137 source_val_ema=0.2469/0.1832 ep=8
[18:14:51] [train] epoch 9/100 steps=40 use_dann=0 das=stage2 f=[10.0,50.0] p=0.70 gpu=3.0/11.8GB
[18:14:52] [train] ep=09 step=001/40 ce=1.9077 sc=1.4053 mi=0.0884 dn=0.0000 v13=0.0000 grl=0.2702 v15=0.0000 v15r=0.0000 v16=0.0000 v17=0.0000 v18=0.0000 acc=0.8750 lr=2.98e-04 lambda=0.000 grl_lambda=0.380 v18_lambda=0.000 gpu=3.0/11.8GB
[18:14:57] [train] ep=09 step=010/40 ce=1.7247 sc=1.2058 mi=0.0817 dn=0.0000 v13=0.0000 grl=0.1564 v15=0.0000 v15r=0.0000 v16=0.0000 v17=0.0000 v18=0.0000 acc=0.9000 lr=2.98e-04 lambda=0.000 grl_lambda=0.390 v18_lambda=0.000 gpu=3.0/11.8GB
[18:15:03] [train] ep=09 step=020/40 ce=1.4257 sc=1.1317 mi=0.0819 dn=0.0000 v13=0.0000 grl=0.1622 v15=0.0000 v15r=0.0000 v16=0.0000 v17=0.0000 v18=0.0000 acc=0.9281 lr=2.98e-04 lambda=0.000 grl_lambda=0.400 v18_lambda=0.000 gpu=3.0/11.8GB
[18:15:09] [train] ep=09 step=030/40 ce=1.3446 sc=1.1638 mi=0.0829 dn=0.0000 v13=0.0000 grl=0.1564 v15=0.0000 v15r=0.0000 v16=0.0000 v17=0.0000 v18=0.0000 acc=0.9313 lr=2.97e-04 lambda=0.000 grl_lambda=0.411 v18_lambda=0.000 gpu=3.0/11.8GB
[18:15:15] [train] ep=09 step=040/40 ce=1.3153 sc=1.1566 mi=0.0835 dn=0.0000 v13=0.0000 grl=0.1536 v15=0.0000 v15r=0.0000 v16=0.0000 v17=0.0000 v18=0.0000 acc=0.9359 lr=2.97e-04 lambda=0.000 grl_lambda=0.421 v18_lambda=0.000 gpu=3.0/11.8GB
[18:15:49] [ep_summary] ep=09/100 val_live=0.9568/0.9567 val_ema=0.2593/0.2040 test77_live=0.5576/0.4781 test77_diag_ema=0.1403/0.0353 v13=0.0000 grl=0.1536 v15=0.0000 v15r=0.0000 v16=0.0000 v17=0.0000 v18=0.0000 das=stage2[10,50] p=0.70 ep_time=58.1s
[18:15:57] [save] best_sourceval_ema val_acc_ema=0.2593 source_val_live=0.9568/0.9567 source_val_ema=0.2593/0.2040 ep=9
[18:15:57] [train] epoch 10/100 steps=40 use_dann=0 das=stage2 f=[10.0,50.0] p=0.70 gpu=3.0/11.8GB
[18:15:58] [train] ep=10 step=001/40 ce=0.8847 sc=0.6608 mi=0.0808 dn=0.0000 v13=0.0000 grl=0.1800 v15=0.0000 v15r=0.0000 v16=0.0000 v17=0.0000 v18=0.0000 acc=1.0000 lr=2.97e-04 lambda=0.000 grl_lambda=0.422 v18_lambda=0.000 gpu=3.0/11.8GB
[18:16:03] [train] ep=10 step=010/40 ce=1.4754 sc=1.1669 mi=0.0791 dn=0.0000 v13=0.0000 grl=0.1635 v15=0.0000 v15r=0.0000 v16=0.0000 v17=0.0000 v18=0.0000 acc=0.9187 lr=2.97e-04 lambda=0.000 grl_lambda=0.431 v18_lambda=0.000 gpu=3.0/11.8GB
[18:16:09] [train] ep=10 step=020/40 ce=1.3655 sc=1.1274 mi=0.0787 dn=0.0000 v13=0.0000 grl=0.1602 v15=0.0000 v15r=0.0000 v16=0.0000 v17=0.0000 v18=0.0000 acc=0.9281 lr=2.97e-04 lambda=0.000 grl_lambda=0.441 v18_lambda=0.000 gpu=3.0/11.8GB
[18:16:16] [train] ep=10 step=030/40 ce=1.2914 sc=1.0553 mi=0.0789 dn=0.0000 v13=0.0000 grl=0.1506 v15=0.0000 v15r=0.0000 v16=0.0000 v17=0.0000 v18=0.0000 acc=0.9313 lr=2.96e-04 lambda=0.000 grl_lambda=0.451 v18_lambda=0.000 gpu=3.0/11.8GB
[18:16:22] [train] ep=10 step=040/40 ce=1.2497 sc=1.0738 mi=0.0782 dn=0.0000 v13=0.0000 grl=0.1461 v15=0.0000 v15r=0.0000 v16=0.0000 v17=0.0000 v18=0.0000 acc=0.9375 lr=2.96e-04 lambda=0.000 grl_lambda=0.461 v18_lambda=0.000 gpu=3.0/11.8GB
[18:16:34] [pool] check ep=010/100 source_val_acc_ema=0.2901 threshold=0.90
[18:16:34] [pool] ep=010 SKIP (source_val_acc_ema=0.2901 < 0.90)
[18:16:41] [ep_summary] ep=10/100 val_live=0.9259/0.9242 val_ema=0.2901/0.2292 test77_live=0.7374/0.7413 test77_diag_ema=0.1403/0.0352 v13=0.0000 grl=0.1461 v15=0.0000 v15r=0.0000 v16=0.0000 v17=0.0000 v18=0.0000 das=stage2[10,50] p=0.70 ep_time=44.0s
[18:16:44] [save] best_sourceval_ema val_acc_ema=0.2901 source_val_live=0.9259/0.9242 source_val_ema=0.2901/0.2292 ep=10
[18:16:44] [strict77_monitor] ep=10 best_source_epoch=10 source_val_ema=0.2901/0.2292 test77_ema_diag=0.1403/0.0352 sourcequalified_count=0
[18:16:44] [train] epoch 11/100 steps=40 use_dann=0 das=stage2 f=[10.0,50.0] p=0.70 gpu=3.0/11.8GB
[18:16:45] [train] ep=11 step=001/40 ce=2.0782 sc=1.1907 mi=0.0698 dn=0.0000 v13=0.0000 grl=0.1593 v15=0.0000 v15r=0.0000 v16=0.0000 v17=0.0000 v18=0.0000 acc=0.8750 lr=2.96e-04 lambda=0.000 grl_lambda=0.462 v18_lambda=0.000 gpu=3.0/11.8GB
[18:16:50] [train] ep=11 step=010/40 ce=1.1190 sc=1.1859 mi=0.0770 dn=0.0000 v13=0.0000 grl=0.1346 v15=0.0000 v15r=0.0000 v16=0.0000 v17=0.0000 v18=0.0000 acc=0.9563 lr=2.96e-04 lambda=0.000 grl_lambda=0.471 v18_lambda=0.000 gpu=3.0/11.8GB
[18:16:56] [train] ep=11 step=020/40 ce=1.0060 sc=1.0713 mi=0.0745 dn=0.0000 v13=0.0000 grl=0.1299 v15=0.0000 v15r=0.0000 v16=0.0000 v17=0.0000 v18=0.0000 acc=0.9594 lr=2.96e-04 lambda=0.000 grl_lambda=0.481 v18_lambda=0.000 gpu=3.0/11.8GB
[18:17:02] [train] ep=11 step=030/40 ce=0.9564 sc=1.0438 mi=0.0744 dn=0.0000 v13=0.0000 grl=0.1373 v15=0.0000 v15r=0.0000 v16=0.0000 v17=0.0000 v18=0.0000 acc=0.9604 lr=2.95e-04 lambda=0.000 grl_lambda=0.490 v18_lambda=0.000 gpu=3.0/11.8GB
[18:17:08] [train] ep=11 step=040/40 ce=0.9160 sc=1.0277 mi=0.0742 dn=0.0000 v13=0.0000 grl=0.1419 v15=0.0000 v15r=0.0000 v16=0.0000 v17=0.0000 v18=0.0000 acc=0.9625 lr=2.95e-04 lambda=0.000 grl_lambda=0.500 v18_lambda=0.000 gpu=3.0/11.8GB
[18:17:32] [ep_summary] ep=11/100 val_live=0.9383/0.9386 val_ema=0.3148/0.2611 test77_live=0.7266/0.7042 test77_diag_ema=0.1403/0.0352 v13=0.0000 grl=0.1419 v15=0.0000 v15r=0.0000 v16=0.0000 v17=0.0000 v18=0.0000 das=stage2[10,50] p=0.70 ep_time=48.2s
[18:17:32] [save] best_sourceval_ema val_acc_ema=0.3148 source_val_live=0.9383/0.9386 source_val_ema=0.3148/0.2611 ep=11
[18:17:32] [train] epoch 12/100 steps=40 use_dann=0 das=stage2 f=[10.0,50.0] p=0.70 gpu=3.0/11.8GB
[18:17:33] [train] ep=12 step=001/40 ce=0.8853 sc=0.7283 mi=0.0624 dn=0.0000 v13=0.0000 grl=0.0905 v15=0.0000 v15r=0.0000 v16=0.0000 v17=0.0000 v18=0.0000 acc=0.9375 lr=2.95e-04 lambda=0.000 grl_lambda=0.501 v18_lambda=0.000 gpu=3.0/11.8GB
[18:17:38] [train] ep=12 step=010/40 ce=0.8811 sc=0.9219 mi=0.0720 dn=0.0000 v13=0.0000 grl=0.1461 v15=0.0000 v15r=0.0000 v16=0.0000 v17=0.0000 v18=0.0000 acc=0.9688 lr=2.95e-04 lambda=0.000 grl_lambda=0.509 v18_lambda=0.000 gpu=3.0/11.8GB
[18:17:44] [train] ep=12 step=020/40 ce=0.8836 sc=0.8721 mi=0.0760 dn=0.0000 v13=0.0000 grl=0.1473 v15=0.0000 v15r=0.0000 v16=0.0000 v17=0.0000 v18=0.0000 acc=0.9656 lr=2.94e-04 lambda=0.000 grl_lambda=0.518 v18_lambda=0.000 gpu=3.0/11.8GB
[18:17:50] [train] ep=12 step=030/40 ce=0.8594 sc=0.9263 mi=0.0747 dn=0.0000 v13=0.0000 grl=0.1398 v15=0.0000 v15r=0.0000 v16=0.0000 v17=0.0000 v18=0.0000 acc=0.9667 lr=2.94e-04 lambda=0.000 grl_lambda=0.527 v18_lambda=0.000 gpu=3.0/11.8GB
[18:17:56] [train] ep=12 step=040/40 ce=0.8567 sc=0.8882 mi=0.0738 dn=0.0000 v13=0.0000 grl=0.1395 v15=0.0000 v15r=0.0000 v16=0.0000 v17=0.0000 v18=0.0000 acc=0.9672 lr=2.94e-04 lambda=0.000 grl_lambda=0.536 v18_lambda=0.000 gpu=3.0/11.8GB
[18:18:07] [ep_summary] ep=12/100 val_live=0.9506/0.9503 val_ema=0.3457/0.3020 test77_live=0.7158/0.6856 test77_diag_ema=0.1403/0.0352 v13=0.0000 grl=0.1395 v15=0.0000 v15r=0.0000 v16=0.0000 v17=0.0000 v18=0.0000 das=stage2[10,50] p=0.70 ep_time=34.4s
[18:18:07] [save] best_sourceval_ema val_acc_ema=0.3457 source_val_live=0.9506/0.9503 source_val_ema=0.3457/0.3020 ep=12
[18:18:07] [train] epoch 13/100 steps=40 use_dann=0 das=stage2 f=[10.0,50.0] p=0.70 gpu=3.0/11.8GB
[18:18:07] [train] ep=13 step=001/40 ce=0.3413 sc=0.7565 mi=0.0747 dn=0.0000 v13=0.0000 grl=0.1490 v15=0.0000 v15r=0.0000 v16=0.0000 v17=0.0000 v18=0.0000 acc=1.0000 lr=2.94e-04 lambda=0.000 grl_lambda=0.537 v18_lambda=0.000 gpu=3.0/11.8GB
[18:18:13] [train] ep=13 step=010/40 ce=0.6430 sc=0.7274 mi=0.0738 dn=0.0000 v13=0.0000 grl=0.1223 v15=0.0000 v15r=0.0000 v16=0.0000 v17=0.0000 v18=0.0000 acc=0.9750 lr=2.93e-04 lambda=0.000 grl_lambda=0.545 v18_lambda=0.000 gpu=3.0/11.8GB
[18:18:18] [train] ep=13 step=020/40 ce=0.6685 sc=0.8484 mi=0.0720 dn=0.0000 v13=0.0000 grl=0.1196 v15=0.0000 v15r=0.0000 v16=0.0000 v17=0.0000 v18=0.0000 acc=0.9719 lr=2.93e-04 lambda=0.000 grl_lambda=0.554 v18_lambda=0.000 gpu=3.0/11.8GB
[18:18:24] [train] ep=13 step=030/40 ce=0.7609 sc=0.9176 mi=0.0716 dn=0.0000 v13=0.0000 grl=0.1261 v15=0.0000 v15r=0.0000 v16=0.0000 v17=0.0000 v18=0.0000 acc=0.9667 lr=2.93e-04 lambda=0.000 grl_lambda=0.562 v18_lambda=0.000 gpu=3.0/11.8GB
[18:18:30] [train] ep=13 step=040/40 ce=0.7452 sc=0.9180 mi=0.0717 dn=0.0000 v13=0.0000 grl=0.1200 v15=0.0000 v15r=0.0000 v16=0.0000 v17=0.0000 v18=0.0000 acc=0.9703 lr=2.92e-04 lambda=0.000 grl_lambda=0.571 v18_lambda=0.000 gpu=3.0/11.8GB
[18:18:41] [ep_summary] ep=13/100 val_live=0.9506/0.9506 val_ema=0.3889/0.3638 test77_live=0.6978/0.6580 test77_diag_ema=0.1403/0.0352 v13=0.0000 grl=0.1200 v15=0.0000 v15r=0.0000 v16=0.0000 v17=0.0000 v18=0.0000 das=stage2[10,50] p=0.70 ep_time=34.4s
[18:18:41] [save] best_sourceval_ema val_acc_ema=0.3889 source_val_live=0.9506/0.9506 source_val_ema=0.3889/0.3638 ep=13
[18:18:41] [train] epoch 14/100 steps=40 use_dann=0 das=stage2 f=[10.0,50.0] p=0.70 gpu=3.0/11.8GB
[18:18:42] [train] ep=14 step=001/40 ce=0.3548 sc=0.6431 mi=0.0651 dn=0.0000 v13=0.0000 grl=0.1470 v15=0.0000 v15r=0.0000 v16=0.0000 v17=0.0000 v18=0.0000 acc=1.0000 lr=2.92e-04 lambda=0.000 grl_lambda=0.572 v18_lambda=0.000 gpu=3.0/11.8GB
[18:18:47] [train] ep=14 step=010/40 ce=0.7583 sc=0.7980 mi=0.0713 dn=0.0000 v13=0.0000 grl=0.1606 v15=0.0000 v15r=0.0000 v16=0.0000 v17=0.0000 v18=0.0000 acc=0.9625 lr=2.92e-04 lambda=0.000 grl_lambda=0.579 v18_lambda=0.000 gpu=3.0/11.8GB
[18:18:53] [train] ep=14 step=020/40 ce=0.7118 sc=0.8414 mi=0.0721 dn=0.0000 v13=0.0000 grl=0.1603 v15=0.0000 v15r=0.0000 v16=0.0000 v17=0.0000 v18=0.0000 acc=0.9656 lr=2.91e-04 lambda=0.000 grl_lambda=0.587 v18_lambda=0.000 gpu=3.0/11.8GB
[18:18:59] [train] ep=14 step=030/40 ce=0.7653 sc=0.9057 mi=0.0710 dn=0.0000 v13=0.0000 grl=0.1566 v15=0.0000 v15r=0.0000 v16=0.0000 v17=0.0000 v18=0.0000 acc=0.9625 lr=2.91e-04 lambda=0.000 grl_lambda=0.596 v18_lambda=0.000 gpu=3.0/11.8GB
[18:19:05] [train] ep=14 step=040/40 ce=0.7322 sc=0.8891 mi=0.0708 dn=0.0000 v13=0.0000 grl=0.1528 v15=0.0000 v15r=0.0000 v16=0.0000 v17=0.0000 v18=0.0000 acc=0.9672 lr=2.91e-04 lambda=0.000 grl_lambda=0.604 v18_lambda=0.000 gpu=3.0/11.8GB
[18:19:15] [ep_summary] ep=14/100 val_live=0.9012/0.8992 val_ema=0.4753/0.4579 test77_live=0.8201/0.8196 test77_diag_ema=0.1403/0.0352 v13=0.0000 grl=0.1528 v15=0.0000 v15r=0.0000 v16=0.0000 v17=0.0000 v18=0.0000 das=stage2[10,50] p=0.70 ep_time=34.3s
[18:19:15] [save] best_sourceval_ema val_acc_ema=0.4753 source_val_live=0.9012/0.8992 source_val_ema=0.4753/0.4579 ep=14
[18:19:15] [train] epoch 15/100 steps=40 use_dann=0 das=stage2 f=[10.0,50.0] p=0.70 gpu=3.0/11.8GB
[18:19:16] [train] ep=15 step=001/40 ce=0.3621 sc=0.9917 mi=0.0684 dn=0.0000 v13=0.0000 grl=0.1689 v15=0.0000 v15r=0.0000 v16=0.0000 v17=0.0000 v18=0.0000 acc=1.0000 lr=2.91e-04 lambda=0.000 grl_lambda=0.604 v18_lambda=0.000 gpu=3.0/11.8GB
[18:19:21] [train] ep=15 step=010/40 ce=0.7115 sc=0.8151 mi=0.0761 dn=0.0000 v13=0.0000 grl=0.1393 v15=0.0000 v15r=0.0000 v16=0.0000 v17=0.0000 v18=0.0000 acc=0.9750 lr=2.90e-04 lambda=0.000 grl_lambda=0.611 v18_lambda=0.000 gpu=3.0/11.8GB
[18:19:27] [train] ep=15 step=020/40 ce=0.9288 sc=0.8683 mi=0.0738 dn=0.0000 v13=0.0000 grl=0.1560 v15=0.0000 v15r=0.0000 v16=0.0000 v17=0.0000 v18=0.0000 acc=0.9563 lr=2.90e-04 lambda=0.000 grl_lambda=0.619 v18_lambda=0.000 gpu=3.0/11.8GB
[18:19:33] [train] ep=15 step=030/40 ce=0.8871 sc=0.8672 mi=0.0736 dn=0.0000 v13=0.0000 grl=0.1601 v15=0.0000 v15r=0.0000 v16=0.0000 v17=0.0000 v18=0.0000 acc=0.9583 lr=2.89e-04 lambda=0.000 grl_lambda=0.627 v18_lambda=0.000 gpu=3.0/11.8GB
[18:19:39] [train] ep=15 step=040/40 ce=0.8146 sc=0.8565 mi=0.0727 dn=0.0000 v13=0.0000 grl=0.1600 v15=0.0000 v15r=0.0000 v16=0.0000 v17=0.0000 v18=0.0000 acc=0.9625 lr=2.89e-04 lambda=0.000 grl_lambda=0.634 v18_lambda=0.000 gpu=3.0/11.8GB
[18:19:50] [ep_summary] ep=15/100 val_live=0.9630/0.9632 val_ema=0.5556/0.5300 test77_live=0.7302/0.7118 test77_diag_ema=0.1403/0.0352 v13=0.0000 grl=0.1600 v15=0.0000 v15r=0.0000 v16=0.0000 v17=0.0000 v18=0.0000 das=stage2[10,50] p=0.70 ep_time=34.2s
[18:19:50] [save] best_sourceval_ema val_acc_ema=0.5556 source_val_live=0.9630/0.9632 source_val_ema=0.5556/0.5300 ep=15
[18:19:50] [train] epoch 16/100 steps=40 use_dann=0 das=stage2 f=[10.0,50.0] p=0.70 gpu=3.0/11.8GB
[18:19:50] [train] ep=16 step=001/40 ce=0.6444 sc=0.9228 mi=0.0729 dn=0.0000 v13=0.0000 grl=0.2906 v15=0.0000 v15r=0.0000 v16=0.0000 v17=0.0000 v18=0.0000 acc=1.0000 lr=2.89e-04 lambda=0.000 grl_lambda=0.635 v18_lambda=0.000 gpu=3.0/11.8GB
[18:19:56] [train] ep=16 step=010/40 ce=0.6926 sc=1.0363 mi=0.0692 dn=0.0000 v13=0.0000 grl=0.1999 v15=0.0000 v15r=0.0000 v16=0.0000 v17=0.0000 v18=0.0000 acc=0.9812 lr=2.88e-04 lambda=0.000 grl_lambda=0.642 v18_lambda=0.000 gpu=3.0/11.8GB
[18:20:01] [train] ep=16 step=020/40 ce=0.6278 sc=1.0164 mi=0.0722 dn=0.0000 v13=0.0000 grl=0.1741 v15=0.0000 v15r=0.0000 v16=0.0000 v17=0.0000 v18=0.0000 acc=0.9812 lr=2.88e-04 lambda=0.000 grl_lambda=0.649 v18_lambda=0.000 gpu=3.0/11.8GB
[18:20:08] [train] ep=16 step=030/40 ce=0.6462 sc=0.9801 mi=0.0717 dn=0.0000 v13=0.0000 grl=0.1715 v15=0.0000 v15r=0.0000 v16=0.0000 v17=0.0000 v18=0.0000 acc=0.9792 lr=2.87e-04 lambda=0.000 grl_lambda=0.656 v18_lambda=0.000 gpu=3.0/11.8GB
[18:20:14] [train] ep=16 step=040/40 ce=0.6784 sc=0.9811 mi=0.0715 dn=0.0000 v13=0.0000 grl=0.1656 v15=0.0000 v15r=0.0000 v16=0.0000 v17=0.0000 v18=0.0000 acc=0.9766 lr=2.87e-04 lambda=0.000 grl_lambda=0.663 v18_lambda=0.000 gpu=3.0/11.8GB
[18:20:24] [ep_summary] ep=16/100 val_live=0.9568/0.9567 val_ema=0.5988/0.5731 test77_live=0.8022/0.7808 test77_diag_ema=0.1403/0.0352 v13=0.0000 grl=0.1656 v15=0.0000 v15r=0.0000 v16=0.0000 v17=0.0000 v18=0.0000 das=stage2[10,50] p=0.70 ep_time=34.7s
[18:20:24] [save] best_sourceval_ema val_acc_ema=0.5988 source_val_live=0.9568/0.9567 source_val_ema=0.5988/0.5731 ep=16
[18:20:24] [train] epoch 17/100 steps=40 use_dann=0 das=stage2 f=[10.0,50.0] p=0.70 gpu=3.0/11.8GB
[18:20:25] [train] ep=17 step=001/40 ce=0.9260 sc=0.8085 mi=0.0649 dn=0.0000 v13=0.0000 grl=0.2212 v15=0.0000 v15r=0.0000 v16=0.0000 v17=0.0000 v18=0.0000 acc=0.9375 lr=2.87e-04 lambda=0.000 grl_lambda=0.664 v18_lambda=0.000 gpu=3.0/11.8GB
[18:20:30] [train] ep=17 step=010/40 ce=0.5485 sc=0.7837 mi=0.0653 dn=0.0000 v13=0.0000 grl=0.1736 v15=0.0000 v15r=0.0000 v16=0.0000 v17=0.0000 v18=0.0000 acc=0.9812 lr=2.86e-04 lambda=0.000 grl_lambda=0.670 v18_lambda=0.000 gpu=3.0/11.8GB
[18:20:36] [train] ep=17 step=020/40 ce=0.5297 sc=0.8189 mi=0.0682 dn=0.0000 v13=0.0000 grl=0.1994 v15=0.0000 v15r=0.0000 v16=0.0000 v17=0.0000 v18=0.0000 acc=0.9844 lr=2.86e-04 lambda=0.000 grl_lambda=0.677 v18_lambda=0.000 gpu=3.0/11.8GB
[18:20:42] [train] ep=17 step=030/40 ce=0.6580 sc=0.8727 mi=0.0685 dn=0.0000 v13=0.0000 grl=0.1900 v15=0.0000 v15r=0.0000 v16=0.0000 v17=0.0000 v18=0.0000 acc=0.9750 lr=2.85e-04 lambda=0.000 grl_lambda=0.684 v18_lambda=0.000 gpu=3.0/11.8GB
[18:20:48] [train] ep=17 step=040/40 ce=0.6810 sc=0.8955 mi=0.0689 dn=0.0000 v13=0.0000 grl=0.1820 v15=0.0000 v15r=0.0000 v16=0.0000 v17=0.0000 v18=0.0000 acc=0.9734 lr=2.85e-04 lambda=0.000 grl_lambda=0.690 v18_lambda=0.000 gpu=3.0/11.8GB
[18:20:59] [ep_summary] ep=17/100 val_live=0.9198/0.9122 val_ema=0.6420/0.6163 test77_live=0.7338/0.7232 test77_diag_ema=0.1403/0.0352 v13=0.0000 grl=0.1820 v15=0.0000 v15r=0.0000 v16=0.0000 v17=0.0000 v18=0.0000 das=stage2[10,50] p=0.70 ep_time=34.5s
[18:20:59] [save] best_sourceval_ema val_acc_ema=0.6420 source_val_live=0.9198/0.9122 source_val_ema=0.6420/0.6163 ep=17
[18:20:59] [train] epoch 18/100 steps=40 use_dann=0 das=stage2 f=[10.0,50.0] p=0.70 gpu=3.0/11.8GB
[18:21:00] [train] ep=18 step=001/40 ce=1.1083 sc=1.0534 mi=0.0725 dn=0.0000 v13=0.0000 grl=0.2323 v15=0.0000 v15r=0.0000 v16=0.0000 v17=0.0000 v18=0.0000 acc=0.9375 lr=2.85e-04 lambda=0.000 grl_lambda=0.691 v18_lambda=0.000 gpu=3.0/11.8GB
[18:21:05] [train] ep=18 step=010/40 ce=0.6633 sc=0.9492 mi=0.0754 dn=0.0000 v13=0.0000 grl=0.1964 v15=0.0000 v15r=0.0000 v16=0.0000 v17=0.0000 v18=0.0000 acc=0.9750 lr=2.84e-04 lambda=0.000 grl_lambda=0.697 v18_lambda=0.000 gpu=3.0/11.8GB
[18:21:11] [train] ep=18 step=020/40 ce=0.5676 sc=0.9137 mi=0.0727 dn=0.0000 v13=0.0000 grl=0.1795 v15=0.0000 v15r=0.0000 v16=0.0000 v17=0.0000 v18=0.0000 acc=0.9812 lr=2.84e-04 lambda=0.000 grl_lambda=0.703 v18_lambda=0.000 gpu=3.0/11.8GB
[18:21:17] [train] ep=18 step=030/40 ce=0.5108 sc=0.9134 mi=0.0717 dn=0.0000 v13=0.0000 grl=0.1801 v15=0.0000 v15r=0.0000 v16=0.0000 v17=0.0000 v18=0.0000 acc=0.9875 lr=2.83e-04 lambda=0.000 grl_lambda=0.710 v18_lambda=0.000 gpu=3.0/11.8GB
[18:21:22] [train] ep=18 step=040/40 ce=0.5949 sc=0.9316 mi=0.0714 dn=0.0000 v13=0.0000 grl=0.1832 v15=0.0000 v15r=0.0000 v16=0.0000 v17=0.0000 v18=0.0000 acc=0.9781 lr=2.83e-04 lambda=0.000 grl_lambda=0.716 v18_lambda=0.000 gpu=3.0/11.8GB
[18:21:33] [ep_summary] ep=18/100 val_live=0.9630/0.9631 val_ema=0.6667/0.6431 test77_live=0.7734/0.7461 test77_diag_ema=0.1403/0.0352 v13=0.0000 grl=0.1832 v15=0.0000 v15r=0.0000 v16=0.0000 v17=0.0000 v18=0.0000 das=stage2[10,50] p=0.70 ep_time=34.3s
[18:21:33] [save] best_sourceval_ema val_acc_ema=0.6667 source_val_live=0.9630/0.9631 source_val_ema=0.6667/0.6431 ep=18
[18:21:33] [train] epoch 19/100 steps=40 use_dann=0 das=stage2 f=[10.0,50.0] p=0.70 gpu=3.0/11.8GB
[18:21:34] [train] ep=19 step=001/40 ce=0.6132 sc=0.7634 mi=0.0676 dn=0.0000 v13=0.0000 grl=0.1699 v15=0.0000 v15r=0.0000 v16=0.0000 v17=0.0000 v18=0.0000 acc=1.0000 lr=2.83e-04 lambda=0.000 grl_lambda=0.716 v18_lambda=0.000 gpu=3.0/11.8GB
[18:21:39] [train] ep=19 step=010/40 ce=0.7993 sc=0.9608 mi=0.0677 dn=0.0000 v13=0.0000 grl=0.1776 v15=0.0000 v15r=0.0000 v16=0.0000 v17=0.0000 v18=0.0000 acc=0.9812 lr=2.82e-04 lambda=0.000 grl_lambda=0.722 v18_lambda=0.000 gpu=3.0/11.8GB
[18:21:45] [train] ep=19 step=020/40 ce=0.5897 sc=0.9009 mi=0.0681 dn=0.0000 v13=0.0000 grl=0.1656 v15=0.0000 v15r=0.0000 v16=0.0000 v17=0.0000 v18=0.0000 acc=0.9906 lr=2.82e-04 lambda=0.000 grl_lambda=0.728 v18_lambda=0.000 gpu=3.0/11.8GB
[18:21:51] [train] ep=19 step=030/40 ce=0.5884 sc=0.9271 mi=0.0692 dn=0.0000 v13=0.0000 grl=0.1751 v15=0.0000 v15r=0.0000 v16=0.0000 v17=0.0000 v18=0.0000 acc=0.9854 lr=2.81e-04 lambda=0.000 grl_lambda=0.733 v18_lambda=0.000 gpu=3.0/11.8GB
[18:21:57] [train] ep=19 step=040/40 ce=0.5865 sc=0.9084 mi=0.0692 dn=0.0000 v13=0.0000 grl=0.1694 v15=0.0000 v15r=0.0000 v16=0.0000 v17=0.0000 v18=0.0000 acc=0.9844 lr=2.80e-04 lambda=0.000 grl_lambda=0.739 v18_lambda=0.000 gpu=3.0/11.8GB
[18:22:07] [ep_summary] ep=19/100 val_live=0.9259/0.9257 val_ema=0.6852/0.6534 test77_live=0.8633/0.8558 test77_diag_ema=0.1439/0.0422 v13=0.0000 grl=0.1694 v15=0.0000 v15r=0.0000 v16=0.0000 v17=0.0000 v18=0.0000 das=stage2[10,50] p=0.70 ep_time=34.2s
[18:22:07] [save] best_sourceval_ema val_acc_ema=0.6852 source_val_live=0.9259/0.9257 source_val_ema=0.6852/0.6534 ep=19
[18:22:07] [train] epoch 20/100 steps=40 use_dann=0 das=stage2 f=[10.0,50.0] p=0.70 gpu=3.0/11.8GB
[18:22:08] [train] ep=20 step=001/40 ce=0.5369 sc=0.8414 mi=0.0644 dn=0.0000 v13=0.0000 grl=0.1157 v15=0.0000 v15r=0.0000 v16=0.0000 v17=0.0000 v18=0.0000 acc=1.0000 lr=2.80e-04 lambda=0.000 grl_lambda=0.740 v18_lambda=0.000 gpu=3.0/11.8GB
[18:22:13] [train] ep=20 step=010/40 ce=0.4551 sc=0.8331 mi=0.0708 dn=0.0000 v13=0.0000 grl=0.1730 v15=0.0000 v15r=0.0000 v16=0.0000 v17=0.0000 v18=0.0000 acc=0.9938 lr=2.80e-04 lambda=0.000 grl_lambda=0.745 v18_lambda=0.000 gpu=3.0/11.8GB
[18:22:19] [train] ep=20 step=020/40 ce=0.4405 sc=0.8337 mi=0.0690 dn=0.0000 v13=0.0000 grl=0.1745 v15=0.0000 v15r=0.0000 v16=0.0000 v17=0.0000 v18=0.0000 acc=0.9938 lr=2.79e-04 lambda=0.000 grl_lambda=0.750 v18_lambda=0.000 gpu=3.0/11.8GB
[18:22:25] [train] ep=20 step=030/40 ce=0.4364 sc=0.8525 mi=0.0696 dn=0.0000 v13=0.0000 grl=0.1677 v15=0.0000 v15r=0.0000 v16=0.0000 v17=0.0000 v18=0.0000 acc=0.9938 lr=2.79e-04 lambda=0.000 grl_lambda=0.756 v18_lambda=0.000 gpu=3.0/11.8GB
[18:22:31] [train] ep=20 step=040/40 ce=0.4295 sc=0.8365 mi=0.0689 dn=0.0000 v13=0.0000 grl=0.1657 v15=0.0000 v15r=0.0000 v16=0.0000 v17=0.0000 v18=0.0000 acc=0.9938 lr=2.78e-04 lambda=0.000 grl_lambda=0.761 v18_lambda=0.000 gpu=3.0/11.8GB
[18:22:42] [pool] check ep=020/100 source_val_acc_ema=0.7099 threshold=0.90
[18:22:42] [pool] ep=020 SKIP (source_val_acc_ema=0.7099 < 0.90)
[18:22:42] [ep_summary] ep=20/100 val_live=0.9691/0.9695 val_ema=0.7099/0.6749 test77_live=0.8237/0.8172 test77_diag_ema=0.1439/0.0422 v13=0.0000 grl=0.1657 v15=0.0000 v15r=0.0000 v16=0.0000 v17=0.0000 v18=0.0000 das=stage2[10,50] p=0.70 ep_time=34.2s
[18:22:42] [save] best_sourceval_ema val_acc_ema=0.7099 source_val_live=0.9691/0.9695 source_val_ema=0.7099/0.6749 ep=20
[18:22:42] [strict77_monitor] ep=20 best_source_epoch=20 source_val_ema=0.7099/0.6749 test77_ema_diag=0.1439/0.0422 sourcequalified_count=0
[18:22:42] [train] epoch 21/100 steps=40 use_dann=0 das=stage2 f=[10.0,50.0] p=0.70 gpu=3.0/11.8GB
[18:22:42] [train] ep=21 step=001/40 ce=1.5182 sc=1.0234 mi=0.0811 dn=0.0000 v13=0.0000 grl=0.3046 v15=0.0000 v15r=0.0000 v16=0.0000 v17=0.0000 v18=0.0000 acc=0.9375 lr=2.78e-04 lambda=0.000 grl_lambda=0.762 v18_lambda=0.000 gpu=3.0/11.8GB
[18:22:48] [train] ep=21 step=010/40 ce=0.7832 sc=1.0832 mi=0.0704 dn=0.0000 v13=0.0000 grl=0.1608 v15=0.0000 v15r=0.0000 v16=0.0000 v17=0.0000 v18=0.0000 acc=0.9688 lr=2.77e-04 lambda=0.000 grl_lambda=0.766 v18_lambda=0.000 gpu=3.0/11.8GB
[18:22:53] [train] ep=21 step=020/40 ce=0.5928 sc=0.9767 mi=0.0711 dn=0.0000 v13=0.0000 grl=0.1669 v15=0.0000 v15r=0.0000 v16=0.0000 v17=0.0000 v18=0.0000 acc=0.9812 lr=2.77e-04 lambda=0.000 grl_lambda=0.771 v18_lambda=0.000 gpu=3.0/11.8GB
[18:22:59] [train] ep=21 step=030/40 ce=0.5528 sc=0.9247 mi=0.0703 dn=0.0000 v13=0.0000 grl=0.1697 v15=0.0000 v15r=0.0000 v16=0.0000 v17=0.0000 v18=0.0000 acc=0.9833 lr=2.76e-04 lambda=0.000 grl_lambda=0.776 v18_lambda=0.000 gpu=3.0/11.8GB
[18:23:05] [train] ep=21 step=040/40 ce=0.5475 sc=0.9030 mi=0.0702 dn=0.0000 v13=0.0000 grl=0.1652 v15=0.0000 v15r=0.0000 v16=0.0000 v17=0.0000 v18=0.0000 acc=0.9844 lr=2.75e-04 lambda=0.000 grl_lambda=0.781 v18_lambda=0.000 gpu=3.0/11.8GB
[18:23:16] [ep_summary] ep=21/100 val_live=0.9383/0.9374 val_ema=0.7284/0.6915 test77_live=0.8453/0.8455 test77_diag_ema=0.1439/0.0422 v13=0.0000 grl=0.1652 v15=0.0000 v15r=0.0000 v16=0.0000 v17=0.0000 v18=0.0000 das=stage2[10,50] p=0.70 ep_time=34.1s
[18:23:16] [save] best_sourceval_ema val_acc_ema=0.7284 source_val_live=0.9383/0.9374 source_val_ema=0.7284/0.6915 ep=21
[18:23:16] [train] epoch 22/100 steps=40 use_dann=0 das=stage2 f=[10.0,50.0] p=0.70 gpu=3.0/11.8GB
[18:23:16] [train] ep=22 step=001/40 ce=0.9995 sc=0.6327 mi=0.0697 dn=0.0000 v13=0.0000 grl=0.1497 v15=0.0000 v15r=0.0000 v16=0.0000 v17=0.0000 v18=0.0000 acc=0.9375 lr=2.75e-04 lambda=0.000 grl_lambda=0.782 v18_lambda=0.000 gpu=3.0/11.8GB
[18:23:22] [train] ep=22 step=010/40 ce=0.6469 sc=0.8340 mi=0.0689 dn=0.0000 v13=0.0000 grl=0.1651 v15=0.0000 v15r=0.0000 v16=0.0000 v17=0.0000 v18=0.0000 acc=0.9625 lr=2.75e-04 lambda=0.000 grl_lambda=0.786 v18_lambda=0.000 gpu=3.0/11.8GB
[18:23:28] [train] ep=22 step=020/40 ce=0.5710 sc=0.8969 mi=0.0690 dn=0.0000 v13=0.0000 grl=0.1730 v15=0.0000 v15r=0.0000 v16=0.0000 v17=0.0000 v18=0.0000 acc=0.9750 lr=2.74e-04 lambda=0.000 grl_lambda=0.791 v18_lambda=0.000 gpu=3.0/11.8GB
[18:23:34] [train] ep=22 step=030/40 ce=0.5823 sc=0.8650 mi=0.0680 dn=0.0000 v13=0.0000 grl=0.1739 v15=0.0000 v15r=0.0000 v16=0.0000 v17=0.0000 v18=0.0000 acc=0.9771 lr=2.73e-04 lambda=0.000 grl_lambda=0.796 v18_lambda=0.000 gpu=3.0/11.8GB
[18:23:39] [train] ep=22 step=040/40 ce=0.5892 sc=0.8957 mi=0.0675 dn=0.0000 v13=0.0000 grl=0.1753 v15=0.0000 v15r=0.0000 v16=0.0000 v17=0.0000 v18=0.0000 acc=0.9766 lr=2.73e-04 lambda=0.000 grl_lambda=0.800 v18_lambda=0.000 gpu=3.0/11.8GB
[18:23:50] [ep_summary] ep=22/100 val_live=0.9506/0.9499 val_ema=0.7407/0.7019 test77_live=0.7230/0.6828 test77_diag_ema=0.1439/0.0422 v13=0.0000 grl=0.1753 v15=0.0000 v15r=0.0000 v16=0.0000 v17=0.0000 v18=0.0000 das=stage2[10,50] p=0.70 ep_time=34.5s
[18:23:50] [save] best_sourceval_ema val_acc_ema=0.7407 source_val_live=0.9506/0.9499 source_val_ema=0.7407/0.7019 ep=22
[18:23:50] [train] epoch 23/100 steps=40 use_dann=0 das=stage2 f=[10.0,50.0] p=0.70 gpu=3.0/11.8GB
[18:23:51] [train] ep=23 step=001/40 ce=0.3385 sc=1.1539 mi=0.0721 dn=0.0000 v13=0.0000 grl=0.2708 v15=0.0000 v15r=0.0000 v16=0.0000 v17=0.0000 v18=0.0000 acc=1.0000 lr=2.72e-04 lambda=0.000 grl_lambda=0.800 v18_lambda=0.000 gpu=3.0/11.8GB
[18:23:56] [train] ep=23 step=010/40 ce=0.6440 sc=0.9357 mi=0.0695 dn=0.0000 v13=0.0000 grl=0.1931 v15=0.0000 v15r=0.0000 v16=0.0000 v17=0.0000 v18=0.0000 acc=0.9750 lr=2.72e-04 lambda=0.000 grl_lambda=0.805 v18_lambda=0.000 gpu=3.0/11.8GB
[18:24:02] [train] ep=23 step=020/40 ce=0.5341 sc=0.8018 mi=0.0683 dn=0.0000 v13=0.0000 grl=0.1950 v15=0.0000 v15r=0.0000 v16=0.0000 v17=0.0000 v18=0.0000 acc=0.9844 lr=2.71e-04 lambda=0.000 grl_lambda=0.809 v18_lambda=0.000 gpu=3.0/11.8GB
[18:24:08] [train] ep=23 step=030/40 ce=0.4949 sc=0.8245 mi=0.0679 dn=0.0000 v13=0.0000 grl=0.1935 v15=0.0000 v15r=0.0000 v16=0.0000 v17=0.0000 v18=0.0000 acc=0.9854 lr=2.70e-04 lambda=0.000 grl_lambda=0.813 v18_lambda=0.000 gpu=3.0/11.8GB
[18:24:14] [train] ep=23 step=040/40 ce=0.5192 sc=0.8299 mi=0.0687 dn=0.0000 v13=0.0000 grl=0.1865 v15=0.0000 v15r=0.0000 v16=0.0000 v17=0.0000 v18=0.0000 acc=0.9828 lr=2.70e-04 lambda=0.000 grl_lambda=0.817 v18_lambda=0.000 gpu=3.0/11.8GB
[18:24:27] [ep_summary] ep=23/100 val_live=0.9568/0.9567 val_ema=0.7593/0.7268 test77_live=0.7302/0.6925 test77_diag_ema=0.1511/0.0558 v13=0.0000 grl=0.1865 v15=0.0000 v15r=0.0000 v16=0.0000 v17=0.0000 v18=0.0000 das=stage2[10,50] p=0.70 ep_time=36.3s
[18:24:27] [save] best_sourceval_ema val_acc_ema=0.7593 source_val_live=0.9568/0.9567 source_val_ema=0.7593/0.7268 ep=23
[18:24:27] [train] epoch 24/100 steps=40 use_dann=0 das=stage2 f=[10.0,50.0] p=0.70 gpu=3.0/11.8GB
[18:24:27] [train] ep=24 step=001/40 ce=0.3203 sc=0.8228 mi=0.0643 dn=0.0000 v13=0.0000 grl=0.3412 v15=0.0000 v15r=0.0000 v16=0.0000 v17=0.0000 v18=0.0000 acc=1.0000 lr=2.70e-04 lambda=0.000 grl_lambda=0.818 v18_lambda=0.000 gpu=3.0/11.8GB
[18:24:33] [train] ep=24 step=010/40 ce=0.3657 sc=0.7939 mi=0.0669 dn=0.0000 v13=0.0000 grl=0.1912 v15=0.0000 v15r=0.0000 v16=0.0000 v17=0.0000 v18=0.0000 acc=0.9938 lr=2.69e-04 lambda=0.000 grl_lambda=0.821 v18_lambda=0.000 gpu=3.0/11.8GB
[18:24:39] [train] ep=24 step=020/40 ce=0.3577 sc=0.7846 mi=0.0666 dn=0.0000 v13=0.0000 grl=0.1803 v15=0.0000 v15r=0.0000 v16=0.0000 v17=0.0000 v18=0.0000 acc=0.9938 lr=2.68e-04 lambda=0.000 grl_lambda=0.825 v18_lambda=0.000 gpu=3.0/11.8GB
[18:24:44] [train] ep=24 step=030/40 ce=0.4603 sc=0.8421 mi=0.0660 dn=0.0000 v13=0.0000 grl=0.1748 v15=0.0000 v15r=0.0000 v16=0.0000 v17=0.0000 v18=0.0000 acc=0.9875 lr=2.67e-04 lambda=0.000 grl_lambda=0.829 v18_lambda=0.000 gpu=3.0/11.8GB
[18:24:50] [train] ep=24 step=040/40 ce=0.4712 sc=0.8674 mi=0.0663 dn=0.0000 v13=0.0000 grl=0.1692 v15=0.0000 v15r=0.0000 v16=0.0000 v17=0.0000 v18=0.0000 acc=0.9859 lr=2.67e-04 lambda=0.000 grl_lambda=0.833 v18_lambda=0.000 gpu=3.0/11.8GB
[18:25:20] [ep_summary] ep=24/100 val_live=0.9753/0.9755 val_ema=0.7778/0.7435 test77_live=0.8165/0.8087 test77_diag_ema=0.1583/0.0679 v13=0.0000 grl=0.1692 v15=0.0000 v15r=0.0000 v16=0.0000 v17=0.0000 v18=0.0000 das=stage2[10,50] p=0.70 ep_time=53.2s
[18:26:07] [save] best_sourceval_ema val_acc_ema=0.7778 source_val_live=0.9753/0.9755 source_val_ema=0.7778/0.7435 ep=24
[18:26:07] [train] epoch 25/100 steps=40 use_dann=0 das=stage3 f=[12.0,95.0] p=1.00 gpu=3.0/11.8GB
[18:26:07] [train] ep=25 step=001/40 ce=0.3154 sc=0.8538 mi=0.0738 dn=0.0000 v13=0.0000 grl=0.1881 v15=0.0000 v15r=0.0000 v16=0.0000 v17=0.0000 v18=0.0000 acc=1.0000 lr=2.67e-04 lambda=0.000 grl_lambda=0.834 v18_lambda=0.000 gpu=3.0/11.8GB
[18:26:13] [train] ep=25 step=010/40 ce=0.5556 sc=0.8515 mi=0.0749 dn=0.0000 v13=0.0000 grl=0.2615 v15=0.0000 v15r=0.0000 v16=0.0000 v17=0.0000 v18=0.0000 acc=0.9812 lr=2.66e-04 lambda=0.000 grl_lambda=0.837 v18_lambda=0.000 gpu=3.0/11.8GB
[18:26:18] [train] ep=25 step=020/40 ce=0.5981 sc=0.8840 mi=0.0736 dn=0.0000 v13=0.0000 grl=0.2716 v15=0.0000 v15r=0.0000 v16=0.0000 v17=0.0000 v18=0.0000 acc=0.9719 lr=2.65e-04 lambda=0.000 grl_lambda=0.841 v18_lambda=0.000 gpu=3.0/11.8GB
[18:26:24] [train] ep=25 step=030/40 ce=0.5946 sc=0.8552 mi=0.0716 dn=0.0000 v13=0.0000 grl=0.2534 v15=0.0000 v15r=0.0000 v16=0.0000 v17=0.0000 v18=0.0000 acc=0.9729 lr=2.64e-04 lambda=0.000 grl_lambda=0.844 v18_lambda=0.000 gpu=3.0/11.8GB
[18:26:30] [train] ep=25 step=040/40 ce=0.6474 sc=0.8770 mi=0.0707 dn=0.0000 v13=0.0000 grl=0.2663 v15=0.0000 v15r=0.0000 v16=0.0000 v17=0.0000 v18=0.0000 acc=0.9703 lr=2.64e-04 lambda=0.000 grl_lambda=0.848 v18_lambda=0.000 gpu=3.0/11.8GB
[18:26:52] [ep_summary] ep=25/100 val_live=0.9444/0.9434 val_ema=0.8086/0.7796 test77_live=0.8705/0.8704 test77_diag_ema=0.1655/0.0790 v13=0.0000 grl=0.2663 v15=0.0000 v15r=0.0000 v16=0.0000 v17=0.0000 v18=0.0000 das=stage3[12,95] p=1.00 ep_time=45.4s
[18:26:52] [save] best_sourceval_ema val_acc_ema=0.8086 source_val_live=0.9444/0.9434 source_val_ema=0.8086/0.7796 ep=25
[18:26:52] [train] epoch 26/100 steps=40 use_dann=0 das=stage3 f=[12.0,95.0] p=1.00 gpu=3.0/11.8GB
[18:26:53] [train] ep=26 step=001/40 ce=1.1868 sc=1.0427 mi=0.0640 dn=0.0000 v13=0.0000 grl=0.1728 v15=0.0000 v15r=0.0000 v16=0.0000 v17=0.0000 v18=0.0000 acc=0.9375 lr=2.64e-04 lambda=0.000 grl_lambda=0.848 v18_lambda=0.000 gpu=3.0/11.8GB
[18:26:58] [train] ep=26 step=010/40 ce=0.7104 sc=0.9376 mi=0.0704 dn=0.0000 v13=0.0000 grl=0.2460 v15=0.0000 v15r=0.0000 v16=0.0000 v17=0.0000 v18=0.0000 acc=0.9750 lr=2.63e-04 lambda=0.000 grl_lambda=0.851 v18_lambda=0.000 gpu=3.0/11.8GB
[18:27:04] [train] ep=26 step=020/40 ce=0.6795 sc=0.9315 mi=0.0673 dn=0.0000 v13=0.0000 grl=0.2501 v15=0.0000 v15r=0.0000 v16=0.0000 v17=0.0000 v18=0.0000 acc=0.9750 lr=2.62e-04 lambda=0.000 grl_lambda=0.855 v18_lambda=0.000 gpu=3.0/11.8GB
[18:27:10] [train] ep=26 step=030/40 ce=0.6925 sc=0.8688 mi=0.0687 dn=0.0000 v13=0.0000 grl=0.2524 v15=0.0000 v15r=0.0000 v16=0.0000 v17=0.0000 v18=0.0000 acc=0.9750 lr=2.61e-04 lambda=0.000 grl_lambda=0.858 v18_lambda=0.000 gpu=3.0/11.8GB
[18:27:16] [train] ep=26 step=040/40 ce=0.6447 sc=0.8600 mi=0.0698 dn=0.0000 v13=0.0000 grl=0.2504 v15=0.0000 v15r=0.0000 v16=0.0000 v17=0.0000 v18=0.0000 acc=0.9781 lr=2.60e-04 lambda=0.000 grl_lambda=0.861 v18_lambda=0.000 gpu=3.0/11.8GB
[18:27:43] [ep_summary] ep=26/100 val_live=0.9444/0.9421 val_ema=0.8210/0.7984 test77_live=0.7158/0.6930 test77_diag_ema=0.1835/0.1030 v13=0.0000 grl=0.2504 v15=0.0000 v15r=0.0000 v16=0.0000 v17=0.0000 v18=0.0000 das=stage3[12,95] p=1.00 ep_time=51.1s
[18:27:43] [save] best_sourceval_ema val_acc_ema=0.8210 source_val_live=0.9444/0.9421 source_val_ema=0.8210/0.7984 ep=26
[18:27:43] [train] epoch 27/100 steps=40 use_dann=0 das=stage3 f=[12.0,95.0] p=1.00 gpu=3.0/11.8GB
[18:27:44] [train] ep=27 step=001/40 ce=1.6642 sc=1.3904 mi=0.0617 dn=0.0000 v13=0.0000 grl=0.4648 v15=0.0000 v15r=0.0000 v16=0.0000 v17=0.0000 v18=0.0000 acc=0.9375 lr=2.60e-04 lambda=0.000 grl_lambda=0.862 v18_lambda=0.000 gpu=3.0/11.8GB
[18:27:49] [train] ep=27 step=010/40 ce=0.6983 sc=0.9756 mi=0.0719 dn=0.0000 v13=0.0000 grl=0.2864 v15=0.0000 v15r=0.0000 v16=0.0000 v17=0.0000 v18=0.0000 acc=0.9688 lr=2.60e-04 lambda=0.000 grl_lambda=0.865 v18_lambda=0.000 gpu=3.0/11.8GB
[18:27:55] [train] ep=27 step=020/40 ce=0.5730 sc=0.8985 mi=0.0715 dn=0.0000 v13=0.0000 grl=0.2914 v15=0.0000 v15r=0.0000 v16=0.0000 v17=0.0000 v18=0.0000 acc=0.9781 lr=2.59e-04 lambda=0.000 grl_lambda=0.868 v18_lambda=0.000 gpu=3.0/11.8GB
[18:28:01] [train] ep=27 step=030/40 ce=0.5416 sc=0.8951 mi=0.0704 dn=0.0000 v13=0.0000 grl=0.2715 v15=0.0000 v15r=0.0000 v16=0.0000 v17=0.0000 v18=0.0000 acc=0.9812 lr=2.58e-04 lambda=0.000 grl_lambda=0.871 v18_lambda=0.000 gpu=3.0/11.8GB
[18:28:07] [train] ep=27 step=040/40 ce=0.5045 sc=0.8770 mi=0.0703 dn=0.0000 v13=0.0000 grl=0.2611 v15=0.0000 v15r=0.0000 v16=0.0000 v17=0.0000 v18=0.0000 acc=0.9859 lr=2.57e-04 lambda=0.000 grl_lambda=0.874 v18_lambda=0.000 gpu=3.0/11.8GB
[18:28:18] [ep_summary] ep=27/100 val_live=0.9630/0.9631 val_ema=0.8272/0.8031 test77_live=0.8129/0.8097 test77_diag_ema=0.2014/0.1254 v13=0.0000 grl=0.2611 v15=0.0000 v15r=0.0000 v16=0.0000 v17=0.0000 v18=0.0000 das=stage3[12,95] p=1.00 ep_time=35.2s
[18:28:18] [save] best_sourceval_ema val_acc_ema=0.8272 source_val_live=0.9630/0.9631 source_val_ema=0.8272/0.8031 ep=27
[18:28:18] [train] epoch 28/100 steps=40 use_dann=0 das=stage3 f=[12.0,95.0] p=1.00 gpu=3.0/11.8GB
[18:28:19] [train] ep=28 step=001/40 ce=0.2810 sc=0.8520 mi=0.0701 dn=0.0000 v13=0.0000 grl=0.2176 v15=0.0000 v15r=0.0000 v16=0.0000 v17=0.0000 v18=0.0000 acc=1.0000 lr=2.57e-04 lambda=0.000 grl_lambda=0.874 v18_lambda=0.000 gpu=3.0/11.8GB
[18:28:24] [train] ep=28 step=010/40 ce=0.5813 sc=0.7422 mi=0.0651 dn=0.0000 v13=0.0000 grl=0.2100 v15=0.0000 v15r=0.0000 v16=0.0000 v17=0.0000 v18=0.0000 acc=0.9688 lr=2.56e-04 lambda=0.000 grl_lambda=0.877 v18_lambda=0.000 gpu=3.0/11.8GB
[18:28:30] [train] ep=28 step=020/40 ce=0.4589 sc=0.7959 mi=0.0660 dn=0.0000 v13=0.0000 grl=0.2142 v15=0.0000 v15r=0.0000 v16=0.0000 v17=0.0000 v18=0.0000 acc=0.9844 lr=2.55e-04 lambda=0.000 grl_lambda=0.880 v18_lambda=0.000 gpu=3.0/11.8GB
[18:28:36] [train] ep=28 step=030/40 ce=0.4806 sc=0.8076 mi=0.0666 dn=0.0000 v13=0.0000 grl=0.2337 v15=0.0000 v15r=0.0000 v16=0.0000 v17=0.0000 v18=0.0000 acc=0.9812 lr=2.54e-04 lambda=0.000 grl_lambda=0.882 v18_lambda=0.000 gpu=3.0/11.8GB
[18:28:42] [train] ep=28 step=040/40 ce=0.5111 sc=0.8241 mi=0.0677 dn=0.0000 v13=0.0000 grl=0.2452 v15=0.0000 v15r=0.0000 v16=0.0000 v17=0.0000 v18=0.0000 acc=0.9812 lr=2.54e-04 lambda=0.000 grl_lambda=0.885 v18_lambda=0.000 gpu=3.0/11.8GB
[18:28:55] [ep_summary] ep=28/100 val_live=0.9630/0.9631 val_ema=0.8457/0.8207 test77_live=0.7338/0.7254 test77_diag_ema=0.2194/0.1427 v13=0.0000 grl=0.2452 v15=0.0000 v15r=0.0000 v16=0.0000 v17=0.0000 v18=0.0000 das=stage3[12,95] p=1.00 ep_time=36.1s
[18:28:55] [save] best_sourceval_ema val_acc_ema=0.8457 source_val_live=0.9630/0.9631 source_val_ema=0.8457/0.8207 ep=28
[18:28:55] [train] epoch 29/100 steps=40 use_dann=0 das=stage3 f=[12.0,95.0] p=1.00 gpu=3.0/11.8GB
[18:28:55] [train] ep=29 step=001/40 ce=0.2772 sc=1.0405 mi=0.0852 dn=0.0000 v13=0.0000 grl=0.2331 v15=0.0000 v15r=0.0000 v16=0.0000 v17=0.0000 v18=0.0000 acc=1.0000 lr=2.53e-04 lambda=0.000 grl_lambda=0.885 v18_lambda=0.000 gpu=3.0/11.8GB
[18:29:01] [train] ep=29 step=010/40 ce=0.5985 sc=0.9753 mi=0.0710 dn=0.0000 v13=0.0000 grl=0.2470 v15=0.0000 v15r=0.0000 v16=0.0000 v17=0.0000 v18=0.0000 acc=0.9750 lr=2.53e-04 lambda=0.000 grl_lambda=0.888 v18_lambda=0.000 gpu=3.0/11.8GB
[18:29:07] [train] ep=29 step=020/40 ce=0.5779 sc=0.8946 mi=0.0708 dn=0.0000 v13=0.0000 grl=0.2471 v15=0.0000 v15r=0.0000 v16=0.0000 v17=0.0000 v18=0.0000 acc=0.9719 lr=2.52e-04 lambda=0.000 grl_lambda=0.890 v18_lambda=0.000 gpu=3.0/11.8GB
[18:29:13] [train] ep=29 step=030/40 ce=0.5868 sc=0.9125 mi=0.0711 dn=0.0000 v13=0.0000 grl=0.2541 v15=0.0000 v15r=0.0000 v16=0.0000 v17=0.0000 v18=0.0000 acc=0.9750 lr=2.51e-04 lambda=0.000 grl_lambda=0.893 v18_lambda=0.000 gpu=3.0/11.8GB
[18:29:18] [train] ep=29 step=040/40 ce=0.5333 sc=0.8707 mi=0.0710 dn=0.0000 v13=0.0000 grl=0.2624 v15=0.0000 v15r=0.0000 v16=0.0000 v17=0.0000 v18=0.0000 acc=0.9797 lr=2.50e-04 lambda=0.000 grl_lambda=0.895 v18_lambda=0.000 gpu=3.0/11.8GB
[18:29:29] [ep_summary] ep=29/100 val_live=0.9506/0.9513 val_ema=0.8704/0.8532 test77_live=0.6475/0.6265 test77_diag_ema=0.2482/0.1739 v13=0.0000 grl=0.2624 v15=0.0000 v15r=0.0000 v16=0.0000 v17=0.0000 v18=0.0000 das=stage3[12,95] p=1.00 ep_time=34.8s
[18:29:29] [save] best_sourceval_ema val_acc_ema=0.8704 source_val_live=0.9506/0.9513 source_val_ema=0.8704/0.8532 ep=29
[18:29:29] [train] epoch 30/100 steps=40 use_dann=0 das=stage3 f=[12.0,95.0] p=1.00 gpu=3.0/11.8GB
[18:29:30] [train] ep=30 step=001/40 ce=1.2429 sc=1.3474 mi=0.0688 dn=0.0000 v13=0.0000 grl=0.2644 v15=0.0000 v15r=0.0000 v16=0.0000 v17=0.0000 v18=0.0000 acc=0.9375 lr=2.50e-04 lambda=0.000 grl_lambda=0.896 v18_lambda=0.000 gpu=3.0/11.8GB
[18:29:35] [train] ep=30 step=010/40 ce=0.5700 sc=0.9024 mi=0.0662 dn=0.0000 v13=0.0000 grl=0.2371 v15=0.0000 v15r=0.0000 v16=0.0000 v17=0.0000 v18=0.0000 acc=0.9812 lr=2.49e-04 lambda=0.000 grl_lambda=0.898 v18_lambda=0.000 gpu=3.0/11.8GB
[18:29:41] [train] ep=30 step=020/40 ce=0.5025 sc=0.8260 mi=0.0663 dn=0.0000 v13=0.0000 grl=0.2292 v15=0.0000 v15r=0.0000 v16=0.0000 v17=0.0000 v18=0.0000 acc=0.9844 lr=2.48e-04 lambda=0.000 grl_lambda=0.900 v18_lambda=0.000 gpu=3.0/11.8GB
[18:29:47] [train] ep=30 step=030/40 ce=0.5684 sc=0.8428 mi=0.0666 dn=0.0000 v13=0.0000 grl=0.2421 v15=0.0000 v15r=0.0000 v16=0.0000 v17=0.0000 v18=0.0000 acc=0.9812 lr=2.47e-04 lambda=0.000 grl_lambda=0.903 v18_lambda=0.000 gpu=3.0/11.8GB
[18:29:53] [train] ep=30 step=040/40 ce=0.5256 sc=0.7940 mi=0.0676 dn=0.0000 v13=0.0000 grl=0.2428 v15=0.0000 v15r=0.0000 v16=0.0000 v17=0.0000 v18=0.0000 acc=0.9844 lr=2.46e-04 lambda=0.000 grl_lambda=0.905 v18_lambda=0.000 gpu=3.0/11.8GB
[18:30:05] [pool] check ep=030/100 source_val_acc_ema=0.8765 threshold=0.90
[18:30:05] [pool] ep=030 SKIP (source_val_acc_ema=0.8765 < 0.90)
[18:30:05] [ep_summary] ep=30/100 val_live=0.9506/0.9503 val_ema=0.8765/0.8628 test77_live=0.7266/0.7212 test77_diag_ema=0.2662/0.1925 v13=0.0000 grl=0.2428 v15=0.0000 v15r=0.0000 v16=0.0000 v17=0.0000 v18=0.0000 das=stage3[12,95] p=1.00 ep_time=36.0s
[18:30:05] [save] best_sourceval_ema val_acc_ema=0.8765 source_val_live=0.9506/0.9503 source_val_ema=0.8765/0.8628 ep=30
[18:30:05] [strict77_monitor] ep=30 best_source_epoch=30 source_val_ema=0.8765/0.8628 test77_ema_diag=0.2662/0.1925 sourcequalified_count=0
[18:30:06] [train] epoch 31/100 steps=40 use_dann=0 das=stage3 f=[12.0,95.0] p=1.00 gpu=3.0/11.8GB
[18:30:06] [train] ep=31 step=001/40 ce=0.2784 sc=1.0320 mi=0.0612 dn=0.0000 v13=0.0000 grl=0.2201 v15=0.0000 v15r=0.0000 v16=0.0000 v17=0.0000 v18=0.0000 acc=1.0000 lr=2.46e-04 lambda=0.000 grl_lambda=0.905 v18_lambda=0.000 gpu=3.0/11.8GB
[18:30:11] [train] ep=31 step=010/40 ce=0.3662 sc=0.8481 mi=0.0682 dn=0.0000 v13=0.0000 grl=0.2288 v15=0.0000 v15r=0.0000 v16=0.0000 v17=0.0000 v18=0.0000 acc=0.9938 lr=2.45e-04 lambda=0.000 grl_lambda=0.907 v18_lambda=0.000 gpu=3.0/11.8GB
[18:30:17] [train] ep=31 step=020/40 ce=0.3748 sc=0.7687 mi=0.0692 dn=0.0000 v13=0.0000 grl=0.2386 v15=0.0000 v15r=0.0000 v16=0.0000 v17=0.0000 v18=0.0000 acc=0.9938 lr=2.44e-04 lambda=0.000 grl_lambda=0.909 v18_lambda=0.000 gpu=3.0/11.8GB
[18:30:23] [train] ep=31 step=030/40 ce=0.3541 sc=0.7871 mi=0.0693 dn=0.0000 v13=0.0000 grl=0.2374 v15=0.0000 v15r=0.0000 v16=0.0000 v17=0.0000 v18=0.0000 acc=0.9958 lr=2.43e-04 lambda=0.000 grl_lambda=0.911 v18_lambda=0.000 gpu=3.0/11.8GB
[18:30:29] [train] ep=31 step=040/40 ce=0.4009 sc=0.7968 mi=0.0698 dn=0.0000 v13=0.0000 grl=0.2420 v15=0.0000 v15r=0.0000 v16=0.0000 v17=0.0000 v18=0.0000 acc=0.9922 lr=2.43e-04 lambda=0.000 grl_lambda=0.914 v18_lambda=0.000 gpu=3.0/11.8GB
[18:30:42] [ep_summary] ep=31/100 val_live=0.9506/0.9503 val_ema=0.8889/0.8832 test77_live=0.7158/0.7085 test77_diag_ema=0.3058/0.2354 v13=0.0000 grl=0.2420 v15=0.0000 v15r=0.0000 v16=0.0000 v17=0.0000 v18=0.0000 das=stage3[12,95] p=1.00 ep_time=36.3s
[18:30:42] [save] best_sourceval_ema val_acc_ema=0.8889 source_val_live=0.9506/0.9503 source_val_ema=0.8889/0.8832 ep=31
[18:30:42] [train] epoch 32/100 steps=40 use_dann=0 das=stage3 f=[12.0,95.0] p=1.00 gpu=3.0/11.8GB
[18:30:42] [train] ep=32 step=001/40 ce=0.2703 sc=0.8508 mi=0.0643 dn=0.0000 v13=0.0000 grl=0.1355 v15=0.0000 v15r=0.0000 v16=0.0000 v17=0.0000 v18=0.0000 acc=1.0000 lr=2.42e-04 lambda=0.000 grl_lambda=0.914 v18_lambda=0.000 gpu=3.0/11.8GB
[18:30:48] [train] ep=32 step=010/40 ce=0.4113 sc=0.6853 mi=0.0621 dn=0.0000 v13=0.0000 grl=0.2052 v15=0.0000 v15r=0.0000 v16=0.0000 v17=0.0000 v18=0.0000 acc=0.9875 lr=2.42e-04 lambda=0.000 grl_lambda=0.916 v18_lambda=0.000 gpu=3.0/11.8GB
[18:30:54] [train] ep=32 step=020/40 ce=0.4141 sc=0.6994 mi=0.0646 dn=0.0000 v13=0.0000 grl=0.2223 v15=0.0000 v15r=0.0000 v16=0.0000 v17=0.0000 v18=0.0000 acc=0.9875 lr=2.41e-04 lambda=0.000 grl_lambda=0.918 v18_lambda=0.000 gpu=3.0/11.8GB
[18:31:00] [train] ep=32 step=030/40 ce=0.4057 sc=0.7574 mi=0.0653 dn=0.0000 v13=0.0000 grl=0.2139 v15=0.0000 v15r=0.0000 v16=0.0000 v17=0.0000 v18=0.0000 acc=0.9896 lr=2.40e-04 lambda=0.000 grl_lambda=0.920 v18_lambda=0.000 gpu=3.0/11.8GB
[18:31:05] [train] ep=32 step=040/40 ce=0.4155 sc=0.7644 mi=0.0661 dn=0.0000 v13=0.0000 grl=0.2216 v15=0.0000 v15r=0.0000 v16=0.0000 v17=0.0000 v18=0.0000 acc=0.9875 lr=2.39e-04 lambda=0.000 grl_lambda=0.921 v18_lambda=0.000 gpu=3.0/11.8GB
[18:31:16] [ep_summary] ep=32/100 val_live=0.9444/0.9444 val_ema=0.9074/0.9046 test77_live=0.7482/0.7439 test77_diag_ema=0.3273/0.2517 v13=0.0000 grl=0.2216 v15=0.0000 v15r=0.0000 v16=0.0000 v17=0.0000 v18=0.0000 das=stage3[12,95] p=1.00 ep_time=34.3s
[18:31:16] [save] best_sourceval_ema val_acc_ema=0.9074 source_val_live=0.9444/0.9444 source_val_ema=0.9074/0.9046 ep=32
[18:31:16] [save] best_sourcequalified77_ema ep=32 source_val_live=0.9444/0.9444 source_val_ema=0.9074/0.9046 test77_ema=0.3273/0.2517
[18:31:16] [train] epoch 33/100 steps=40 use_dann=0 das=stage3 f=[12.0,95.0] p=1.00 gpu=3.0/11.8GB
[18:31:17] [train] ep=33 step=001/40 ce=0.2654 sc=1.1789 mi=0.0643 dn=0.0000 v13=0.0000 grl=0.1082 v15=0.0000 v15r=0.0000 v16=0.0000 v17=0.0000 v18=0.0000 acc=1.0000 lr=2.39e-04 lambda=0.000 grl_lambda=0.922 v18_lambda=0.000 gpu=3.0/11.8GB
[18:31:22] [train] ep=33 step=010/40 ce=0.2768 sc=0.7338 mi=0.0688 dn=0.0000 v13=0.0000 grl=0.2621 v15=0.0000 v15r=0.0000 v16=0.0000 v17=0.0000 v18=0.0000 acc=1.0000 lr=2.38e-04 lambda=0.000 grl_lambda=0.923 v18_lambda=0.000 gpu=3.0/11.8GB
[18:31:28] [train] ep=33 step=020/40 ce=0.2949 sc=0.7839 mi=0.0674 dn=0.0000 v13=0.0000 grl=0.2461 v15=0.0000 v15r=0.0000 v16=0.0000 v17=0.0000 v18=0.0000 acc=1.0000 lr=2.37e-04 lambda=0.000 grl_lambda=0.925 v18_lambda=0.000 gpu=3.0/11.8GB
[18:31:34] [train] ep=33 step=030/40 ce=0.3353 sc=0.7969 mi=0.0677 dn=0.0000 v13=0.0000 grl=0.2446 v15=0.0000 v15r=0.0000 v16=0.0000 v17=0.0000 v18=0.0000 acc=0.9958 lr=2.36e-04 lambda=0.000 grl_lambda=0.927 v18_lambda=0.000 gpu=3.0/11.8GB
[18:31:40] [train] ep=33 step=040/40 ce=0.3357 sc=0.8317 mi=0.0677 dn=0.0000 v13=0.0000 grl=0.2448 v15=0.0000 v15r=0.0000 v16=0.0000 v17=0.0000 v18=0.0000 acc=0.9953 lr=2.35e-04 lambda=0.000 grl_lambda=0.929 v18_lambda=0.000 gpu=3.0/11.8GB
[18:31:51] [ep_summary] ep=33/100 val_live=0.9506/0.9503 val_ema=0.9012/0.8998 test77_live=0.8129/0.8060 test77_diag_ema=0.3633/0.2993 v13=0.0000 grl=0.2448 v15=0.0000 v15r=0.0000 v16=0.0000 v17=0.0000 v18=0.0000 das=stage3[12,95] p=1.00 ep_time=34.4s
[18:31:51] [save] best_sourcequalified77_ema ep=33 source_val_live=0.9506/0.9503 source_val_ema=0.9012/0.8998 test77_ema=0.3633/0.2993
[18:31:51] [train] epoch 34/100 steps=40 use_dann=0 das=stage3 f=[12.0,95.0] p=1.00 gpu=3.0/11.8GB
[18:31:51] [train] ep=34 step=001/40 ce=1.2008 sc=1.1872 mi=0.0590 dn=0.0000 v13=0.0000 grl=0.2187 v15=0.0000 v15r=0.0000 v16=0.0000 v17=0.0000 v18=0.0000 acc=0.9375 lr=2.35e-04 lambda=0.000 grl_lambda=0.929 v18_lambda=0.000 gpu=3.0/11.8GB
[18:31:57] [train] ep=34 step=010/40 ce=0.4836 sc=0.7893 mi=0.0708 dn=0.0000 v13=0.0000 grl=0.2524 v15=0.0000 v15r=0.0000 v16=0.0000 v17=0.0000 v18=0.0000 acc=0.9875 lr=2.34e-04 lambda=0.000 grl_lambda=0.930 v18_lambda=0.000 gpu=3.0/11.8GB
[18:32:03] [train] ep=34 step=020/40 ce=0.4531 sc=0.8086 mi=0.0695 dn=0.0000 v13=0.0000 grl=0.2568 v15=0.0000 v15r=0.0000 v16=0.0000 v17=0.0000 v18=0.0000 acc=0.9875 lr=2.33e-04 lambda=0.000 grl_lambda=0.932 v18_lambda=0.000 gpu=3.0/11.8GB
[18:32:08] [train] ep=34 step=030/40 ce=0.4698 sc=0.8094 mi=0.0691 dn=0.0000 v13=0.0000 grl=0.2589 v15=0.0000 v15r=0.0000 v16=0.0000 v17=0.0000 v18=0.0000 acc=0.9875 lr=2.32e-04 lambda=0.000 grl_lambda=0.934 v18_lambda=0.000 gpu=3.0/11.8GB
[18:32:14] [train] ep=34 step=040/40 ce=0.4291 sc=0.8217 mi=0.0686 dn=0.0000 v13=0.0000 grl=0.2623 v15=0.0000 v15r=0.0000 v16=0.0000 v17=0.0000 v18=0.0000 acc=0.9906 lr=2.31e-04 lambda=0.000 grl_lambda=0.935 v18_lambda=0.000 gpu=3.0/11.8GB
[18:32:26] [ep_summary] ep=34/100 val_live=0.9321/0.9318 val_ema=0.9136/0.9138 test77_live=0.8273/0.8215 test77_diag_ema=0.3993/0.3385 v13=0.0000 grl=0.2623 v15=0.0000 v15r=0.0000 v16=0.0000 v17=0.0000 v18=0.0000 das=stage3[12,95] p=1.00 ep_time=35.3s
[18:32:26] [save] best_sourceval_ema val_acc_ema=0.9136 source_val_live=0.9321/0.9318 source_val_ema=0.9136/0.9138 ep=34
[18:32:26] [save] best_sourcequalified77_ema ep=34 source_val_live=0.9321/0.9318 source_val_ema=0.9136/0.9138 test77_ema=0.3993/0.3385
[18:32:26] [train] epoch 35/100 steps=40 use_dann=0 das=stage3 f=[12.0,95.0] p=1.00 gpu=3.0/11.8GB
[18:32:27] [train] ep=35 step=001/40 ce=0.3446 sc=0.6378 mi=0.0657 dn=0.0000 v13=0.0000 grl=0.1970 v15=0.0000 v15r=0.0000 v16=0.0000 v17=0.0000 v18=0.0000 acc=1.0000 lr=2.31e-04 lambda=0.000 grl_lambda=0.935 v18_lambda=0.000 gpu=3.0/11.8GB
[18:32:32] [train] ep=35 step=010/40 ce=0.3166 sc=0.6507 mi=0.0720 dn=0.0000 v13=0.0000 grl=0.2699 v15=0.0000 v15r=0.0000 v16=0.0000 v17=0.0000 v18=0.0000 acc=1.0000 lr=2.30e-04 lambda=0.000 grl_lambda=0.937 v18_lambda=0.000 gpu=3.0/11.8GB
[18:32:38] [train] ep=35 step=020/40 ce=0.4534 sc=0.7416 mi=0.0702 dn=0.0000 v13=0.0000 grl=0.2571 v15=0.0000 v15r=0.0000 v16=0.0000 v17=0.0000 v18=0.0000 acc=0.9844 lr=2.29e-04 lambda=0.000 grl_lambda=0.938 v18_lambda=0.000 gpu=3.0/11.8GB
[18:32:44] [train] ep=35 step=030/40 ce=0.4249 sc=0.7791 mi=0.0701 dn=0.0000 v13=0.0000 grl=0.2633 v15=0.0000 v15r=0.0000 v16=0.0000 v17=0.0000 v18=0.0000 acc=0.9875 lr=2.28e-04 lambda=0.000 grl_lambda=0.940 v18_lambda=0.000 gpu=3.0/11.8GB
[18:32:50] [train] ep=35 step=040/40 ce=0.4632 sc=0.8535 mi=0.0695 dn=0.0000 v13=0.0000 grl=0.2590 v15=0.0000 v15r=0.0000 v16=0.0000 v17=0.0000 v18=0.0000 acc=0.9844 lr=2.27e-04 lambda=0.000 grl_lambda=0.941 v18_lambda=0.000 gpu=3.0/11.8GB
[18:33:00] [ep_summary] ep=35/100 val_live=0.9506/0.9503 val_ema=0.9198/0.9196 test77_live=0.8201/0.8163 test77_diag_ema=0.4317/0.3718 v13=0.0000 grl=0.2590 v15=0.0000 v15r=0.0000 v16=0.0000 v17=0.0000 v18=0.0000 das=stage3[12,95] p=1.00 ep_time=34.2s
[18:33:00] [save] best_sourceval_ema val_acc_ema=0.9198 source_val_live=0.9506/0.9503 source_val_ema=0.9198/0.9196 ep=35
[18:33:00] [save] best_sourcequalified77_ema ep=35 source_val_live=0.9506/0.9503 source_val_ema=0.9198/0.9196 test77_ema=0.4317/0.3718
[18:33:00] [train] epoch 36/100 steps=40 use_dann=0 das=stage3 f=[12.0,95.0] p=1.00 gpu=3.0/11.8GB
[18:33:01] [train] ep=36 step=001/40 ce=0.2685 sc=1.2457 mi=0.0613 dn=0.0000 v13=0.0000 grl=0.1222 v15=0.0000 v15r=0.0000 v16=0.0000 v17=0.0000 v18=0.0000 acc=1.0000 lr=2.26e-04 lambda=0.000 grl_lambda=0.941 v18_lambda=0.000 gpu=3.0/11.8GB
[18:33:06] [train] ep=36 step=010/40 ce=0.4762 sc=0.8932 mi=0.0649 dn=0.0000 v13=0.0000 grl=0.2146 v15=0.0000 v15r=0.0000 v16=0.0000 v17=0.0000 v18=0.0000 acc=0.9812 lr=2.25e-04 lambda=0.000 grl_lambda=0.943 v18_lambda=0.000 gpu=3.0/11.8GB
[18:33:12] [train] ep=36 step=020/40 ce=0.4875 sc=0.8741 mi=0.0649 dn=0.0000 v13=0.0000 grl=0.2255 v15=0.0000 v15r=0.0000 v16=0.0000 v17=0.0000 v18=0.0000 acc=0.9812 lr=2.24e-04 lambda=0.000 grl_lambda=0.944 v18_lambda=0.000 gpu=3.0/11.8GB
[18:33:18] [train] ep=36 step=030/40 ce=0.4770 sc=0.8490 mi=0.0655 dn=0.0000 v13=0.0000 grl=0.2201 v15=0.0000 v15r=0.0000 v16=0.0000 v17=0.0000 v18=0.0000 acc=0.9833 lr=2.23e-04 lambda=0.000 grl_lambda=0.945 v18_lambda=0.000 gpu=3.0/11.8GB
[18:33:24] [train] ep=36 step=040/40 ce=0.4454 sc=0.8236 mi=0.0659 dn=0.0000 v13=0.0000 grl=0.2317 v15=0.0000 v15r=0.0000 v16=0.0000 v17=0.0000 v18=0.0000 acc=0.9875 lr=2.22e-04 lambda=0.000 grl_lambda=0.947 v18_lambda=0.000 gpu=3.0/11.8GB
[18:33:35] [ep_summary] ep=36/100 val_live=0.9506/0.9503 val_ema=0.9321/0.9313 test77_live=0.6942/0.6820 test77_diag_ema=0.4640/0.3964 v13=0.0000 grl=0.2317 v15=0.0000 v15r=0.0000 v16=0.0000 v17=0.0000 v18=0.0000 das=stage3[12,95] p=1.00 ep_time=34.2s
[18:33:35] [save] best_sourceval_ema val_acc_ema=0.9321 source_val_live=0.9506/0.9503 source_val_ema=0.9321/0.9313 ep=36
[18:33:35] [save] best_sourcequalified77_ema ep=36 source_val_live=0.9506/0.9503 source_val_ema=0.9321/0.9313 test77_ema=0.4640/0.3964
[18:33:35] [train] epoch 37/100 steps=40 use_dann=0 das=stage3 f=[12.0,95.0] p=1.00 gpu=3.0/11.8GB
[18:33:35] [train] ep=37 step=001/40 ce=0.2946 sc=0.7686 mi=0.0745 dn=0.0000 v13=0.0000 grl=0.2244 v15=0.0000 v15r=0.0000 v16=0.0000 v17=0.0000 v18=0.0000 acc=1.0000 lr=2.22e-04 lambda=0.000 grl_lambda=0.947 v18_lambda=0.000 gpu=3.0/11.8GB
[18:33:41] [train] ep=37 step=010/40 ce=0.3892 sc=0.7803 mi=0.0687 dn=0.0000 v13=0.0000 grl=0.2410 v15=0.0000 v15r=0.0000 v16=0.0000 v17=0.0000 v18=0.0000 acc=0.9938 lr=2.21e-04 lambda=0.000 grl_lambda=0.948 v18_lambda=0.000 gpu=3.0/11.8GB
[18:33:47] [train] ep=37 step=020/40 ce=0.3897 sc=0.8401 mi=0.0690 dn=0.0000 v13=0.0000 grl=0.2466 v15=0.0000 v15r=0.0000 v16=0.0000 v17=0.0000 v18=0.0000 acc=0.9906 lr=2.20e-04 lambda=0.000 grl_lambda=0.949 v18_lambda=0.000 gpu=3.0/11.8GB
[18:33:53] [train] ep=37 step=030/40 ce=0.4196 sc=0.8485 mi=0.0693 dn=0.0000 v13=0.0000 grl=0.2453 v15=0.0000 v15r=0.0000 v16=0.0000 v17=0.0000 v18=0.0000 acc=0.9896 lr=2.19e-04 lambda=0.000 grl_lambda=0.950 v18_lambda=0.000 gpu=3.0/11.8GB
[18:33:59] [train] ep=37 step=040/40 ce=0.4130 sc=0.8678 mi=0.0697 dn=0.0000 v13=0.0000 grl=0.2519 v15=0.0000 v15r=0.0000 v16=0.0000 v17=0.0000 v18=0.0000 acc=0.9891 lr=2.18e-04 lambda=0.000 grl_lambda=0.952 v18_lambda=0.000 gpu=3.0/11.8GB
[18:34:09] [ep_summary] ep=37/100 val_live=0.9506/0.9499 val_ema=0.9568/0.9570 test77_live=0.7950/0.7852 test77_diag_ema=0.5036/0.4305 v13=0.0000 grl=0.2519 v15=0.0000 v15r=0.0000 v16=0.0000 v17=0.0000 v18=0.0000 das=stage3[12,95] p=1.00 ep_time=34.7s
[18:34:09] [save] best_sourceval_ema val_acc_ema=0.9568 source_val_live=0.9506/0.9499 source_val_ema=0.9568/0.9570 ep=37
[18:34:10] [save] best_sourcequalified77_ema ep=37 source_val_live=0.9506/0.9499 source_val_ema=0.9568/0.9570 test77_ema=0.5036/0.4305
[18:34:10] [train] epoch 38/100 steps=40 use_dann=0 das=stage3 f=[12.0,95.0] p=1.00 gpu=3.0/11.8GB
[18:34:10] [train] ep=38 step=001/40 ce=0.2704 sc=1.3268 mi=0.0600 dn=0.0000 v13=0.0000 grl=0.1472 v15=0.0000 v15r=0.0000 v16=0.0000 v17=0.0000 v18=0.0000 acc=1.0000 lr=2.18e-04 lambda=0.000 grl_lambda=0.952 v18_lambda=0.000 gpu=3.0/11.8GB
[18:34:15] [train] ep=38 step=010/40 ce=0.2750 sc=0.8059 mi=0.0668 dn=0.0000 v13=0.0000 grl=0.2475 v15=0.0000 v15r=0.0000 v16=0.0000 v17=0.0000 v18=0.0000 acc=1.0000 lr=2.17e-04 lambda=0.000 grl_lambda=0.953 v18_lambda=0.000 gpu=3.0/11.8GB
[18:34:21] [train] ep=38 step=020/40 ce=0.2778 sc=0.7269 mi=0.0675 dn=0.0000 v13=0.0000 grl=0.2546 v15=0.0000 v15r=0.0000 v16=0.0000 v17=0.0000 v18=0.0000 acc=1.0000 lr=2.16e-04 lambda=0.000 grl_lambda=0.954 v18_lambda=0.000 gpu=3.0/11.8GB
[18:34:27] [train] ep=38 step=030/40 ce=0.2741 sc=0.7617 mi=0.0671 dn=0.0000 v13=0.0000 grl=0.2373 v15=0.0000 v15r=0.0000 v16=0.0000 v17=0.0000 v18=0.0000 acc=1.0000 lr=2.15e-04 lambda=0.000 grl_lambda=0.955 v18_lambda=0.000 gpu=3.0/11.8GB
[18:34:33] [train] ep=38 step=040/40 ce=0.2761 sc=0.7837 mi=0.0669 dn=0.0000 v13=0.0000 grl=0.2442 v15=0.0000 v15r=0.0000 v16=0.0000 v17=0.0000 v18=0.0000 acc=1.0000 lr=2.14e-04 lambda=0.000 grl_lambda=0.956 v18_lambda=0.000 gpu=3.0/11.8GB
[18:35:03] [ep_summary] ep=38/100 val_live=0.9444/0.9434 val_ema=0.9630/0.9635 test77_live=0.7914/0.7834 test77_diag_ema=0.5324/0.4641 v13=0.0000 grl=0.2442 v15=0.0000 v15r=0.0000 v16=0.0000 v17=0.0000 v18=0.0000 das=stage3[12,95] p=1.00 ep_time=53.6s
[18:35:04] [save] best_sourceval_ema val_acc_ema=0.9630 source_val_live=0.9444/0.9434 source_val_ema=0.9630/0.9635 ep=38
[18:35:04] [save] best_sourcequalified77_ema ep=38 source_val_live=0.9444/0.9434 source_val_ema=0.9630/0.9635 test77_ema=0.5324/0.4641
[18:35:04] [train] epoch 39/100 steps=40 use_dann=0 das=stage3 f=[12.0,95.0] p=1.00 gpu=3.0/11.8GB
[18:35:05] [train] ep=39 step=001/40 ce=0.3238 sc=1.1999 mi=0.0810 dn=0.0000 v13=0.0000 grl=0.2881 v15=0.0000 v15r=0.0000 v16=0.0000 v17=0.0000 v18=0.0000 acc=1.0000 lr=2.14e-04 lambda=0.000 grl_lambda=0.956 v18_lambda=0.000 gpu=3.0/11.8GB
[18:35:10] [train] ep=39 step=010/40 ce=0.2710 sc=0.7645 mi=0.0680 dn=0.0000 v13=0.0000 grl=0.2460 v15=0.0000 v15r=0.0000 v16=0.0000 v17=0.0000 v18=0.0000 acc=1.0000 lr=2.13e-04 lambda=0.000 grl_lambda=0.957 v18_lambda=0.000 gpu=3.0/11.8GB
[18:35:16] [train] ep=39 step=020/40 ce=0.3291 sc=0.7738 mi=0.0682 dn=0.0000 v13=0.0000 grl=0.2512 v15=0.0000 v15r=0.0000 v16=0.0000 v17=0.0000 v18=0.0000 acc=0.9969 lr=2.11e-04 lambda=0.000 grl_lambda=0.958 v18_lambda=0.000 gpu=3.0/11.8GB
[18:35:22] [train] ep=39 step=030/40 ce=0.3097 sc=0.8122 mi=0.0680 dn=0.0000 v13=0.0000 grl=0.2459 v15=0.0000 v15r=0.0000 v16=0.0000 v17=0.0000 v18=0.0000 acc=0.9979 lr=2.10e-04 lambda=0.000 grl_lambda=0.959 v18_lambda=0.000 gpu=3.0/11.8GB
[18:35:28] [train] ep=39 step=040/40 ce=0.3195 sc=0.8263 mi=0.0689 dn=0.0000 v13=0.0000 grl=0.2533 v15=0.0000 v15r=0.0000 v16=0.0000 v17=0.0000 v18=0.0000 acc=0.9969 lr=2.09e-04 lambda=0.000 grl_lambda=0.960 v18_lambda=0.000 gpu=3.0/11.8GB
[18:35:52] [ep_summary] ep=39/100 val_live=0.9444/0.9434 val_ema=0.9630/0.9635 test77_live=0.7806/0.7595 test77_diag_ema=0.5540/0.4832 v13=0.0000 grl=0.2533 v15=0.0000 v15r=0.0000 v16=0.0000 v17=0.0000 v18=0.0000 das=stage3[12,95] p=1.00 ep_time=47.4s
[18:35:52] [save] best_sourcequalified77_ema ep=39 source_val_live=0.9444/0.9434 source_val_ema=0.9630/0.9635 test77_ema=0.5540/0.4832
[18:35:52] [train] epoch 40/100 steps=40 use_dann=0 das=stage3 f=[12.0,95.0] p=1.00 gpu=3.0/11.8GB
[18:35:52] [train] ep=40 step=001/40 ce=0.2636 sc=0.8294 mi=0.0650 dn=0.0000 v13=0.0000 grl=0.1881 v15=0.0000 v15r=0.0000 v16=0.0000 v17=0.0000 v18=0.0000 acc=1.0000 lr=2.09e-04 lambda=0.000 grl_lambda=0.960 v18_lambda=0.000 gpu=3.0/11.8GB
[18:35:57] [train] ep=40 step=010/40 ce=0.4066 sc=0.7796 mi=0.0652 dn=0.0000 v13=0.0000 grl=0.2617 v15=0.0000 v15r=0.0000 v16=0.0000 v17=0.0000 v18=0.0000 acc=0.9938 lr=2.08e-04 lambda=0.000 grl_lambda=0.961 v18_lambda=0.000 gpu=3.0/11.8GB
[18:36:03] [train] ep=40 step=020/40 ce=0.3433 sc=0.7062 mi=0.0651 dn=0.0000 v13=0.0000 grl=0.2483 v15=0.0000 v15r=0.0000 v16=0.0000 v17=0.0000 v18=0.0000 acc=0.9969 lr=2.07e-04 lambda=0.000 grl_lambda=0.962 v18_lambda=0.000 gpu=3.0/11.8GB
[18:36:09] [train] ep=40 step=030/40 ce=0.3177 sc=0.7333 mi=0.0642 dn=0.0000 v13=0.0000 grl=0.2334 v15=0.0000 v15r=0.0000 v16=0.0000 v17=0.0000 v18=0.0000 acc=0.9979 lr=2.06e-04 lambda=0.000 grl_lambda=0.963 v18_lambda=0.000 gpu=3.0/11.8GB
[18:36:15] [train] ep=40 step=040/40 ce=0.3301 sc=0.7631 mi=0.0648 dn=0.0000 v13=0.0000 grl=0.2273 v15=0.0000 v15r=0.0000 v16=0.0000 v17=0.0000 v18=0.0000 acc=0.9969 lr=2.05e-04 lambda=0.000 grl_lambda=0.964 v18_lambda=0.000 gpu=3.0/11.8GB
[18:36:26] [pool] check ep=040/100 source_val_acc_ema=0.9630 threshold=0.90
[18:36:34] [pool] ep=040 ADDED src_val=0.9630/0.9635 dev77=0.5357/0.4766 final77=0.5863/0.5176
[18:36:34] [pool] running best ep=040 dev77_f1=0.4766 final77_f1=0.5176 (pool_size=1)
[18:36:34] [ep_summary] ep=40/100 val_live=0.9259/0.9231 val_ema=0.9630/0.9635 test77_live=0.7338/0.7191 test77_diag_ema=0.5863/0.5176 v13=0.0000 grl=0.2273 v15=0.0000 v15r=0.0000 v16=0.0000 v17=0.0000 v18=0.0000 das=stage3[12,95] p=1.00 ep_time=42.0s
[18:36:34] [save] best_sourcequalified77_ema ep=40 source_val_live=0.9259/0.9231 source_val_ema=0.9630/0.9635 test77_ema=0.5863/0.5176
[18:36:34] [strict77_monitor] ep=40 best_source_epoch=38 source_val_ema=0.9630/0.9635 test77_ema_diag=0.5324/0.4641 sourcequalified_count=9 best_sourcequalified77_epoch=40 source_val_ema=0.9630/0.9635 test77_ema=0.5863/0.5176
[18:36:34] [train] epoch 41/100 steps=40 use_dann=0 das=stage3 f=[12.0,95.0] p=1.00 gpu=3.0/11.8GB
[18:36:34] [train] ep=41 step=001/40 ce=0.4060 sc=0.9737 mi=0.0717 dn=0.0000 v13=0.0000 grl=0.2123 v15=0.0000 v15r=0.0000 v16=0.0000 v17=0.0000 v18=0.0000 acc=1.0000 lr=2.05e-04 lambda=0.000 grl_lambda=0.964 v18_lambda=0.000 gpu=3.0/11.8GB
[18:36:40] [train] ep=41 step=010/40 ce=0.4316 sc=0.9619 mi=0.0689 dn=0.0000 v13=0.0000 grl=0.1954 v15=0.0000 v15r=0.0000 v16=0.0000 v17=0.0000 v18=0.0000 acc=0.9875 lr=2.04e-04 lambda=0.000 grl_lambda=0.965 v18_lambda=0.000 gpu=3.0/11.8GB
[18:36:46] [train] ep=41 step=020/40 ce=0.4558 sc=0.9115 mi=0.0690 dn=0.0000 v13=0.0000 grl=0.2196 v15=0.0000 v15r=0.0000 v16=0.0000 v17=0.0000 v18=0.0000 acc=0.9844 lr=2.02e-04 lambda=0.000 grl_lambda=0.966 v18_lambda=0.000 gpu=3.0/11.8GB
[18:36:51] [train] ep=41 step=030/40 ce=0.3922 sc=0.9084 mi=0.0675 dn=0.0000 v13=0.0000 grl=0.2213 v15=0.0000 v15r=0.0000 v16=0.0000 v17=0.0000 v18=0.0000 acc=0.9896 lr=2.01e-04 lambda=0.000 grl_lambda=0.967 v18_lambda=0.000 gpu=3.0/11.8GB
[18:36:57] [train] ep=41 step=040/40 ce=0.3825 sc=0.8775 mi=0.0674 dn=0.0000 v13=0.0000 grl=0.2148 v15=0.0000 v15r=0.0000 v16=0.0000 v17=0.0000 v18=0.0000 acc=0.9891 lr=2.00e-04 lambda=0.000 grl_lambda=0.967 v18_lambda=0.000 gpu=3.0/11.8GB
[18:37:08] [ep_summary] ep=41/100 val_live=0.9630/0.9627 val_ema=0.9630/0.9635 test77_live=0.7266/0.7025 test77_diag_ema=0.6043/0.5341 v13=0.0000 grl=0.2148 v15=0.0000 v15r=0.0000 v16=0.0000 v17=0.0000 v18=0.0000 das=stage3[12,95] p=1.00 ep_time=34.3s
[18:37:08] [save] best_sourcequalified77_ema ep=41 source_val_live=0.9630/0.9627 source_val_ema=0.9630/0.9635 test77_ema=0.6043/0.5341
[18:37:08] [train] epoch 42/100 steps=40 use_dann=0 das=stage3 f=[12.0,95.0] p=1.00 gpu=3.0/11.8GB
[18:37:09] [train] ep=42 step=001/40 ce=0.9411 sc=1.0689 mi=0.0693 dn=0.0000 v13=0.0000 grl=0.2498 v15=0.0000 v15r=0.0000 v16=0.0000 v17=0.0000 v18=0.0000 acc=0.9375 lr=2.00e-04 lambda=0.000 grl_lambda=0.967 v18_lambda=0.000 gpu=3.0/11.8GB
[18:37:14] [train] ep=42 step=010/40 ce=0.3701 sc=0.8319 mi=0.0690 dn=0.0000 v13=0.0000 grl=0.2566 v15=0.0000 v15r=0.0000 v16=0.0000 v17=0.0000 v18=0.0000 acc=0.9938 lr=1.99e-04 lambda=0.000 grl_lambda=0.968 v18_lambda=0.000 gpu=3.0/11.8GB
[18:37:20] [train] ep=42 step=020/40 ce=0.3755 sc=0.8558 mi=0.0677 dn=0.0000 v13=0.0000 grl=0.2287 v15=0.0000 v15r=0.0000 v16=0.0000 v17=0.0000 v18=0.0000 acc=0.9938 lr=1.98e-04 lambda=0.000 grl_lambda=0.969 v18_lambda=0.000 gpu=3.0/11.8GB
[18:37:26] [train] ep=42 step=030/40 ce=0.4044 sc=0.8434 mi=0.0677 dn=0.0000 v13=0.0000 grl=0.2358 v15=0.0000 v15r=0.0000 v16=0.0000 v17=0.0000 v18=0.0000 acc=0.9896 lr=1.97e-04 lambda=0.000 grl_lambda=0.970 v18_lambda=0.000 gpu=3.0/11.8GB
[18:37:32] [train] ep=42 step=040/40 ce=0.3766 sc=0.8157 mi=0.0669 dn=0.0000 v13=0.0000 grl=0.2311 v15=0.0000 v15r=0.0000 v16=0.0000 v17=0.0000 v18=0.0000 acc=0.9922 lr=1.96e-04 lambda=0.000 grl_lambda=0.970 v18_lambda=0.000 gpu=3.0/11.8GB
[18:38:08] [ep_summary] ep=42/100 val_live=0.9630/0.9631 val_ema=0.9630/0.9635 test77_live=0.6727/0.6284 test77_diag_ema=0.6223/0.5528 v13=0.0000 grl=0.2311 v15=0.0000 v15r=0.0000 v16=0.0000 v17=0.0000 v18=0.0000 das=stage3[12,95] p=1.00 ep_time=59.9s
[18:38:29] [save] best_sourcequalified77_ema ep=42 source_val_live=0.9630/0.9631 source_val_ema=0.9630/0.9635 test77_ema=0.6223/0.5528
[18:38:29] [train] epoch 43/100 steps=40 use_dann=0 das=stage3 f=[12.0,95.0] p=1.00 gpu=3.0/11.8GB
[18:38:30] [train] ep=43 step=001/40 ce=0.2614 sc=0.9516 mi=0.0660 dn=0.0000 v13=0.0000 grl=0.4334 v15=0.0000 v15r=0.0000 v16=0.0000 v17=0.0000 v18=0.0000 acc=1.0000 lr=1.95e-04 lambda=0.000 grl_lambda=0.970 v18_lambda=0.000 gpu=3.0/11.8GB
[18:38:35] [train] ep=43 step=010/40 ce=0.4440 sc=1.0620 mi=0.0714 dn=0.0000 v13=0.0000 grl=0.2839 v15=0.0000 v15r=0.0000 v16=0.0000 v17=0.0000 v18=0.0000 acc=0.9875 lr=1.94e-04 lambda=0.000 grl_lambda=0.971 v18_lambda=0.000 gpu=3.0/11.8GB
[18:38:41] [train] ep=43 step=020/40 ce=0.3625 sc=0.8834 mi=0.0719 dn=0.0000 v13=0.0000 grl=0.2841 v15=0.0000 v15r=0.0000 v16=0.0000 v17=0.0000 v18=0.0000 acc=0.9938 lr=1.93e-04 lambda=0.000 grl_lambda=0.972 v18_lambda=0.000 gpu=3.0/11.8GB
[18:38:47] [train] ep=43 step=030/40 ce=0.3541 sc=0.8558 mi=0.0697 dn=0.0000 v13=0.0000 grl=0.2715 v15=0.0000 v15r=0.0000 v16=0.0000 v17=0.0000 v18=0.0000 acc=0.9938 lr=1.92e-04 lambda=0.000 grl_lambda=0.972 v18_lambda=0.000 gpu=3.0/11.8GB
[18:38:53] [train] ep=43 step=040/40 ce=0.3708 sc=0.8381 mi=0.0688 dn=0.0000 v13=0.0000 grl=0.2604 v15=0.0000 v15r=0.0000 v16=0.0000 v17=0.0000 v18=0.0000 acc=0.9922 lr=1.91e-04 lambda=0.000 grl_lambda=0.973 v18_lambda=0.000 gpu=3.0/11.8GB
[18:39:06] [ep_summary] ep=43/100 val_live=0.9691/0.9694 val_ema=0.9630/0.9635 test77_live=0.7842/0.7679 test77_diag_ema=0.6403/0.5720 v13=0.0000 grl=0.2604 v15=0.0000 v15r=0.0000 v16=0.0000 v17=0.0000 v18=0.0000 das=stage3[12,95] p=1.00 ep_time=36.5s
[18:39:06] [save] best_sourcequalified77_ema ep=43 source_val_live=0.9691/0.9694 source_val_ema=0.9630/0.9635 test77_ema=0.6403/0.5720
[18:39:06] [train] epoch 44/100 steps=40 use_dann=0 das=stage3 f=[12.0,95.0] p=1.00 gpu=3.0/11.8GB
[18:39:07] [train] ep=44 step=001/40 ce=0.2895 sc=0.8558 mi=0.0637 dn=0.0000 v13=0.0000 grl=0.3476 v15=0.0000 v15r=0.0000 v16=0.0000 v17=0.0000 v18=0.0000 acc=1.0000 lr=1.91e-04 lambda=0.000 grl_lambda=0.973 v18_lambda=0.000 gpu=3.0/11.8GB
[18:39:12] [train] ep=44 step=010/40 ce=0.3400 sc=0.8093 mi=0.0701 dn=0.0000 v13=0.0000 grl=0.2800 v15=0.0000 v15r=0.0000 v16=0.0000 v17=0.0000 v18=0.0000 acc=0.9938 lr=1.90e-04 lambda=0.000 grl_lambda=0.974 v18_lambda=0.000 gpu=3.0/11.8GB
[18:39:18] [train] ep=44 step=020/40 ce=0.3865 sc=0.7939 mi=0.0681 dn=0.0000 v13=0.0000 grl=0.2642 v15=0.0000 v15r=0.0000 v16=0.0000 v17=0.0000 v18=0.0000 acc=0.9906 lr=1.89e-04 lambda=0.000 grl_lambda=0.974 v18_lambda=0.000 gpu=3.0/11.8GB
[18:39:24] [train] ep=44 step=030/40 ce=0.3577 sc=0.7797 mi=0.0676 dn=0.0000 v13=0.0000 grl=0.2604 v15=0.0000 v15r=0.0000 v16=0.0000 v17=0.0000 v18=0.0000 acc=0.9938 lr=1.87e-04 lambda=0.000 grl_lambda=0.975 v18_lambda=0.000 gpu=3.0/11.8GB
[18:39:30] [train] ep=44 step=040/40 ce=0.3544 sc=0.7947 mi=0.0678 dn=0.0000 v13=0.0000 grl=0.2487 v15=0.0000 v15r=0.0000 v16=0.0000 v17=0.0000 v18=0.0000 acc=0.9938 lr=1.86e-04 lambda=0.000 grl_lambda=0.976 v18_lambda=0.000 gpu=3.0/11.8GB
[18:39:41] [ep_summary] ep=44/100 val_live=0.9506/0.9522 val_ema=0.9630/0.9635 test77_live=0.7986/0.7902 test77_diag_ema=0.6619/0.5929 v13=0.0000 grl=0.2487 v15=0.0000 v15r=0.0000 v16=0.0000 v17=0.0000 v18=0.0000 das=stage3[12,95] p=1.00 ep_time=35.4s
[18:39:42] [save] best_sourcequalified77_ema ep=44 source_val_live=0.9506/0.9522 source_val_ema=0.9630/0.9635 test77_ema=0.6619/0.5929
[18:39:42] [train] epoch 45/100 steps=40 use_dann=0 das=stage3 f=[12.0,95.0] p=1.00 gpu=3.0/11.8GB
[18:39:42] [train] ep=45 step=001/40 ce=0.2610 sc=0.9470 mi=0.0622 dn=0.0000 v13=0.0000 grl=0.2551 v15=0.0000 v15r=0.0000 v16=0.0000 v17=0.0000 v18=0.0000 acc=1.0000 lr=1.86e-04 lambda=0.000 grl_lambda=0.976 v18_lambda=0.000 gpu=3.0/11.8GB
[18:39:47] [train] ep=45 step=010/40 ce=0.4594 sc=0.8914 mi=0.0650 dn=0.0000 v13=0.0000 grl=0.1913 v15=0.0000 v15r=0.0000 v16=0.0000 v17=0.0000 v18=0.0000 acc=0.9875 lr=1.85e-04 lambda=0.000 grl_lambda=0.976 v18_lambda=0.000 gpu=3.0/11.8GB
[18:39:53] [train] ep=45 step=020/40 ce=0.4110 sc=0.8100 mi=0.0653 dn=0.0000 v13=0.0000 grl=0.2204 v15=0.0000 v15r=0.0000 v16=0.0000 v17=0.0000 v18=0.0000 acc=0.9906 lr=1.84e-04 lambda=0.000 grl_lambda=0.977 v18_lambda=0.000 gpu=3.0/11.8GB
[18:39:59] [train] ep=45 step=030/40 ce=0.4235 sc=0.8401 mi=0.0655 dn=0.0000 v13=0.0000 grl=0.2253 v15=0.0000 v15r=0.0000 v16=0.0000 v17=0.0000 v18=0.0000 acc=0.9875 lr=1.83e-04 lambda=0.000 grl_lambda=0.977 v18_lambda=0.000 gpu=3.0/11.8GB
[18:40:05] [train] ep=45 step=040/40 ce=0.4045 sc=0.8438 mi=0.0658 dn=0.0000 v13=0.0000 grl=0.2241 v15=0.0000 v15r=0.0000 v16=0.0000 v17=0.0000 v18=0.0000 acc=0.9875 lr=1.81e-04 lambda=0.000 grl_lambda=0.978 v18_lambda=0.000 gpu=3.0/11.8GB
[18:40:19] [ep_summary] ep=45/100 val_live=0.9444/0.9434 val_ema=0.9568/0.9574 test77_live=0.7878/0.7804 test77_diag_ema=0.6763/0.6134 v13=0.0000 grl=0.2241 v15=0.0000 v15r=0.0000 v16=0.0000 v17=0.0000 v18=0.0000 das=stage3[12,95] p=1.00 ep_time=37.2s
[18:40:19] [save] best_sourcequalified77_ema ep=45 source_val_live=0.9444/0.9434 source_val_ema=0.9568/0.9574 test77_ema=0.6763/0.6134
[18:40:19] [train] epoch 46/100 steps=40 use_dann=0 das=stage3 f=[12.0,95.0] p=1.00 gpu=3.0/11.8GB
[18:40:19] [train] ep=46 step=001/40 ce=0.2616 sc=0.7123 mi=0.0634 dn=0.0000 v13=0.0000 grl=0.3685 v15=0.0000 v15r=0.0000 v16=0.0000 v17=0.0000 v18=0.0000 acc=1.0000 lr=1.81e-04 lambda=0.000 grl_lambda=0.978 v18_lambda=0.000 gpu=3.0/11.8GB
[18:40:25] [train] ep=46 step=010/40 ce=0.3668 sc=0.7208 mi=0.0648 dn=0.0000 v13=0.0000 grl=0.2651 v15=0.0000 v15r=0.0000 v16=0.0000 v17=0.0000 v18=0.0000 acc=0.9875 lr=1.80e-04 lambda=0.000 grl_lambda=0.979 v18_lambda=0.000 gpu=3.0/11.8GB
[18:40:31] [train] ep=46 step=020/40 ce=0.3141 sc=0.7568 mi=0.0653 dn=0.0000 v13=0.0000 grl=0.2509 v15=0.0000 v15r=0.0000 v16=0.0000 v17=0.0000 v18=0.0000 acc=0.9938 lr=1.79e-04 lambda=0.000 grl_lambda=0.979 v18_lambda=0.000 gpu=3.0/11.8GB
[18:40:36] [train] ep=46 step=030/40 ce=0.3042 sc=0.8085 mi=0.0662 dn=0.0000 v13=0.0000 grl=0.2533 v15=0.0000 v15r=0.0000 v16=0.0000 v17=0.0000 v18=0.0000 acc=0.9958 lr=1.78e-04 lambda=0.000 grl_lambda=0.980 v18_lambda=0.000 gpu=3.0/11.8GB
[18:40:42] [train] ep=46 step=040/40 ce=0.3154 sc=0.8077 mi=0.0669 dn=0.0000 v13=0.0000 grl=0.2516 v15=0.0000 v15r=0.0000 v16=0.0000 v17=0.0000 v18=0.0000 acc=0.9953 lr=1.77e-04 lambda=0.000 grl_lambda=0.980 v18_lambda=0.000 gpu=3.0/11.8GB
[18:40:55] [ep_summary] ep=46/100 val_live=0.9630/0.9631 val_ema=0.9568/0.9574 test77_live=0.7986/0.7823 test77_diag_ema=0.6871/0.6301 v13=0.0000 grl=0.2516 v15=0.0000 v15r=0.0000 v16=0.0000 v17=0.0000 v18=0.0000 das=stage3[12,95] p=1.00 ep_time=36.7s
[18:40:55] [save] best_sourcequalified77_ema ep=46 source_val_live=0.9630/0.9631 source_val_ema=0.9568/0.9574 test77_ema=0.6871/0.6301
[18:40:55] [train] epoch 47/100 steps=40 use_dann=0 das=stage3 f=[12.0,95.0] p=1.00 gpu=3.0/11.8GB
[18:40:56] [train] ep=47 step=001/40 ce=0.7682 sc=1.0559 mi=0.0741 dn=0.0000 v13=0.0000 grl=0.1809 v15=0.0000 v15r=0.0000 v16=0.0000 v17=0.0000 v18=0.0000 acc=0.9375 lr=1.77e-04 lambda=0.000 grl_lambda=0.980 v18_lambda=0.000 gpu=3.0/11.8GB
[18:41:01] [train] ep=47 step=010/40 ce=0.3174 sc=0.8335 mi=0.0685 dn=0.0000 v13=0.0000 grl=0.2094 v15=0.0000 v15r=0.0000 v16=0.0000 v17=0.0000 v18=0.0000 acc=0.9938 lr=1.76e-04 lambda=0.000 grl_lambda=0.981 v18_lambda=0.000 gpu=3.0/11.8GB
[18:41:07] [train] ep=47 step=020/40 ce=0.3396 sc=0.8247 mi=0.0677 dn=0.0000 v13=0.0000 grl=0.2225 v15=0.0000 v15r=0.0000 v16=0.0000 v17=0.0000 v18=0.0000 acc=0.9906 lr=1.74e-04 lambda=0.000 grl_lambda=0.981 v18_lambda=0.000 gpu=3.0/11.8GB
[18:41:13] [train] ep=47 step=030/40 ce=0.3259 sc=0.8089 mi=0.0681 dn=0.0000 v13=0.0000 grl=0.2376 v15=0.0000 v15r=0.0000 v16=0.0000 v17=0.0000 v18=0.0000 acc=0.9938 lr=1.73e-04 lambda=0.000 grl_lambda=0.981 v18_lambda=0.000 gpu=3.0/11.8GB
[18:41:19] [train] ep=47 step=040/40 ce=0.3214 sc=0.8047 mi=0.0677 dn=0.0000 v13=0.0000 grl=0.2316 v15=0.0000 v15r=0.0000 v16=0.0000 v17=0.0000 v18=0.0000 acc=0.9938 lr=1.72e-04 lambda=0.000 grl_lambda=0.982 v18_lambda=0.000 gpu=3.0/11.8GB
[18:41:30] [ep_summary] ep=47/100 val_live=0.9568/0.9571 val_ema=0.9568/0.9574 test77_live=0.7878/0.7737 test77_diag_ema=0.6906/0.6326 v13=0.0000 grl=0.2316 v15=0.0000 v15r=0.0000 v16=0.0000 v17=0.0000 v18=0.0000 das=stage3[12,95] p=1.00 ep_time=34.3s
[18:41:30] [save] best_sourcequalified77_ema ep=47 source_val_live=0.9568/0.9571 source_val_ema=0.9568/0.9574 test77_ema=0.6906/0.6326
[18:41:30] [train] epoch 48/100 steps=40 use_dann=0 das=stage3 f=[12.0,95.0] p=1.00 gpu=3.0/11.8GB
[18:41:31] [train] ep=48 step=001/40 ce=0.2723 sc=0.6256 mi=0.0719 dn=0.0000 v13=0.0000 grl=0.1964 v15=0.0000 v15r=0.0000 v16=0.0000 v17=0.0000 v18=0.0000 acc=1.0000 lr=1.72e-04 lambda=0.000 grl_lambda=0.982 v18_lambda=0.000 gpu=3.0/11.8GB
[18:41:36] [train] ep=48 step=010/40 ce=0.2710 sc=0.7921 mi=0.0720 dn=0.0000 v13=0.0000 grl=0.2638 v15=0.0000 v15r=0.0000 v16=0.0000 v17=0.0000 v18=0.0000 acc=1.0000 lr=1.71e-04 lambda=0.000 grl_lambda=0.982 v18_lambda=0.000 gpu=3.0/11.8GB
[18:41:42] [train] ep=48 step=020/40 ce=0.2985 sc=0.8604 mi=0.0704 dn=0.0000 v13=0.0000 grl=0.2576 v15=0.0000 v15r=0.0000 v16=0.0000 v17=0.0000 v18=0.0000 acc=0.9969 lr=1.69e-04 lambda=0.000 grl_lambda=0.983 v18_lambda=0.000 gpu=3.0/11.8GB
[18:41:48] [train] ep=48 step=030/40 ce=0.2999 sc=0.8405 mi=0.0697 dn=0.0000 v13=0.0000 grl=0.2438 v15=0.0000 v15r=0.0000 v16=0.0000 v17=0.0000 v18=0.0000 acc=0.9958 lr=1.68e-04 lambda=0.000 grl_lambda=0.983 v18_lambda=0.000 gpu=3.0/11.8GB
[18:41:53] [train] ep=48 step=040/40 ce=0.3043 sc=0.8289 mi=0.0694 dn=0.0000 v13=0.0000 grl=0.2398 v15=0.0000 v15r=0.0000 v16=0.0000 v17=0.0000 v18=0.0000 acc=0.9969 lr=1.67e-04 lambda=0.000 grl_lambda=0.984 v18_lambda=0.000 gpu=3.0/11.8GB
[18:42:04] [ep_summary] ep=48/100 val_live=0.9444/0.9450 val_ema=0.9568/0.9574 test77_live=0.7338/0.7088 test77_diag_ema=0.6942/0.6354 v13=0.0000 grl=0.2398 v15=0.0000 v15r=0.0000 v16=0.0000 v17=0.0000 v18=0.0000 das=stage3[12,95] p=1.00 ep_time=34.4s
[18:42:04] [save] best_sourcequalified77_ema ep=48 source_val_live=0.9444/0.9450 source_val_ema=0.9568/0.9574 test77_ema=0.6942/0.6354
[18:42:04] [train] epoch 49/100 steps=40 use_dann=0 das=stage3 f=[12.0,95.0] p=1.00 gpu=3.0/11.8GB
[18:42:05] [train] ep=49 step=001/40 ce=1.2601 sc=1.5097 mi=0.0788 dn=0.0000 v13=0.0000 grl=0.2769 v15=0.0000 v15r=0.0000 v16=0.0000 v17=0.0000 v18=0.0000 acc=0.9375 lr=1.67e-04 lambda=0.000 grl_lambda=0.984 v18_lambda=0.000 gpu=3.0/11.8GB
[18:42:10] [train] ep=49 step=010/40 ce=0.3873 sc=0.8404 mi=0.0690 dn=0.0000 v13=0.0000 grl=0.2331 v15=0.0000 v15r=0.0000 v16=0.0000 v17=0.0000 v18=0.0000 acc=0.9938 lr=1.66e-04 lambda=0.000 grl_lambda=0.984 v18_lambda=0.000 gpu=3.0/11.8GB
[18:42:16] [train] ep=49 step=020/40 ce=0.3287 sc=0.7780 mi=0.0666 dn=0.0000 v13=0.0000 grl=0.2438 v15=0.0000 v15r=0.0000 v16=0.0000 v17=0.0000 v18=0.0000 acc=0.9969 lr=1.65e-04 lambda=0.000 grl_lambda=0.984 v18_lambda=0.000 gpu=3.0/11.8GB
[18:42:22] [train] ep=49 step=030/40 ce=0.3485 sc=0.7586 mi=0.0682 dn=0.0000 v13=0.0000 grl=0.2504 v15=0.0000 v15r=0.0000 v16=0.0000 v17=0.0000 v18=0.0000 acc=0.9958 lr=1.63e-04 lambda=0.000 grl_lambda=0.985 v18_lambda=0.000 gpu=3.0/11.8GB
[18:42:28] [train] ep=49 step=040/40 ce=0.3502 sc=0.7505 mi=0.0681 dn=0.0000 v13=0.0000 grl=0.2537 v15=0.0000 v15r=0.0000 v16=0.0000 v17=0.0000 v18=0.0000 acc=0.9938 lr=1.62e-04 lambda=0.000 grl_lambda=0.985 v18_lambda=0.000 gpu=3.0/11.8GB
[18:42:40] [ep_summary] ep=49/100 val_live=0.9506/0.9489 val_ema=0.9568/0.9574 test77_live=0.6691/0.6384 test77_diag_ema=0.7014/0.6439 v13=0.0000 grl=0.2537 v15=0.0000 v15r=0.0000 v16=0.0000 v17=0.0000 v18=0.0000 das=stage3[12,95] p=1.00 ep_time=35.3s
[18:42:40] [save] best_sourcequalified77_ema ep=49 source_val_live=0.9506/0.9489 source_val_ema=0.9568/0.9574 test77_ema=0.7014/0.6439
[18:42:40] [train] epoch 50/100 steps=40 use_dann=0 das=stage3 f=[12.0,95.0] p=1.00 gpu=3.0/11.8GB
[18:42:40] [train] ep=50 step=001/40 ce=0.7909 sc=1.0713 mi=0.0770 dn=0.0000 v13=0.0000 grl=0.2385 v15=0.0000 v15r=0.0000 v16=0.0000 v17=0.0000 v18=0.0000 acc=0.9375 lr=1.62e-04 lambda=0.000 grl_lambda=0.985 v18_lambda=0.000 gpu=3.0/11.8GB
[18:42:46] [train] ep=50 step=010/40 ce=0.3674 sc=0.7560 mi=0.0684 dn=0.0000 v13=0.0000 grl=0.2206 v15=0.0000 v15r=0.0000 v16=0.0000 v17=0.0000 v18=0.0000 acc=0.9938 lr=1.61e-04 lambda=0.000 grl_lambda=0.986 v18_lambda=0.000 gpu=3.0/11.8GB
[18:42:51] [train] ep=50 step=020/40 ce=0.3827 sc=0.7912 mi=0.0672 dn=0.0000 v13=0.0000 grl=0.2460 v15=0.0000 v15r=0.0000 v16=0.0000 v17=0.0000 v18=0.0000 acc=0.9906 lr=1.60e-04 lambda=0.000 grl_lambda=0.986 v18_lambda=0.000 gpu=3.0/11.8GB
[18:42:57] [train] ep=50 step=030/40 ce=0.3695 sc=0.7873 mi=0.0680 dn=0.0000 v13=0.0000 grl=0.2371 v15=0.0000 v15r=0.0000 v16=0.0000 v17=0.0000 v18=0.0000 acc=0.9917 lr=1.59e-04 lambda=0.000 grl_lambda=0.986 v18_lambda=0.000 gpu=3.0/11.8GB
[18:43:03] [train] ep=50 step=040/40 ce=0.3700 sc=0.8044 mi=0.0674 dn=0.0000 v13=0.0000 grl=0.2497 v15=0.0000 v15r=0.0000 v16=0.0000 v17=0.0000 v18=0.0000 acc=0.9922 lr=1.57e-04 lambda=0.000 grl_lambda=0.987 v18_lambda=0.000 gpu=3.0/11.8GB
[18:43:14] [pool] check ep=050/100 source_val_acc_ema=0.9568 threshold=0.90
[18:44:08] [pool] ep=050 ADDED src_val=0.9568/0.9574 dev77=0.7000/0.6542 final77=0.7230/0.6742
[18:44:08] [pool] running best ep=050 dev77_f1=0.6542 final77_f1=0.6742 (pool_size=2)
[18:44:08] [ep_summary] ep=50/100 val_live=0.9630/0.9631 val_ema=0.9568/0.9574 test77_live=0.7086/0.6644 test77_diag_ema=0.7230/0.6742 v13=0.0000 grl=0.2497 v15=0.0000 v15r=0.0000 v16=0.0000 v17=0.0000 v18=0.0000 das=stage3[12,95] p=1.00 ep_time=88.2s
[18:44:09] [save] best_sourcequalified77_ema ep=50 source_val_live=0.9630/0.9631 source_val_ema=0.9568/0.9574 test77_ema=0.7230/0.6742
[18:44:09] [strict77_monitor] ep=50 best_source_epoch=38 source_val_ema=0.9630/0.9635 test77_ema_diag=0.5324/0.4641 sourcequalified_count=19 best_sourcequalified77_epoch=50 source_val_ema=0.9568/0.9574 test77_ema=0.7230/0.6742
[18:44:09] [train] epoch 51/100 steps=40 use_dann=0 das=stage3 f=[12.0,95.0] p=1.00 gpu=3.0/11.8GB
[18:44:09] [train] ep=51 step=001/40 ce=0.2629 sc=1.0076 mi=0.0687 dn=0.0000 v13=0.0000 grl=0.3190 v15=0.0000 v15r=0.0000 v16=0.0000 v17=0.0000 v18=0.0000 acc=1.0000 lr=1.57e-04 lambda=0.000 grl_lambda=0.987 v18_lambda=0.000 gpu=3.0/11.8GB
[18:44:14] [train] ep=51 step=010/40 ce=0.3341 sc=0.8150 mi=0.0667 dn=0.0000 v13=0.0000 grl=0.2295 v15=0.0000 v15r=0.0000 v16=0.0000 v17=0.0000 v18=0.0000 acc=0.9938 lr=1.56e-04 lambda=0.000 grl_lambda=0.987 v18_lambda=0.000 gpu=3.0/11.8GB
[18:44:20] [train] ep=51 step=020/40 ce=0.2989 sc=0.7810 mi=0.0678 dn=0.0000 v13=0.0000 grl=0.2281 v15=0.0000 v15r=0.0000 v16=0.0000 v17=0.0000 v18=0.0000 acc=0.9969 lr=1.55e-04 lambda=0.000 grl_lambda=0.987 v18_lambda=0.000 gpu=3.0/11.8GB
[18:44:26] [train] ep=51 step=030/40 ce=0.3078 sc=0.7624 mi=0.0660 dn=0.0000 v13=0.0000 grl=0.2180 v15=0.0000 v15r=0.0000 v16=0.0000 v17=0.0000 v18=0.0000 acc=0.9979 lr=1.54e-04 lambda=0.000 grl_lambda=0.988 v18_lambda=0.000 gpu=3.0/11.8GB
[18:44:32] [train] ep=51 step=040/40 ce=0.3274 sc=0.8013 mi=0.0659 dn=0.0000 v13=0.0000 grl=0.2301 v15=0.0000 v15r=0.0000 v16=0.0000 v17=0.0000 v18=0.0000 acc=0.9953 lr=1.53e-04 lambda=0.000 grl_lambda=0.988 v18_lambda=0.000 gpu=3.0/11.8GB
[18:44:56] [ep_summary] ep=51/100 val_live=0.9383/0.9382 val_ema=0.9568/0.9574 test77_live=0.7410/0.7219 test77_diag_ema=0.7302/0.6842 v13=0.0000 grl=0.2301 v15=0.0000 v15r=0.0000 v16=0.0000 v17=0.0000 v18=0.0000 das=stage3[12,95] p=1.00 ep_time=47.4s
[18:44:56] [save] best_sourcequalified77_ema ep=51 source_val_live=0.9383/0.9382 source_val_ema=0.9568/0.9574 test77_ema=0.7302/0.6842
[18:44:56] [train] epoch 52/100 steps=40 use_dann=0 das=stage3 f=[12.0,95.0] p=1.00 gpu=3.0/11.8GB
[18:44:57] [train] ep=52 step=001/40 ce=0.3096 sc=0.4359 mi=0.0568 dn=0.0000 v13=0.0000 grl=0.2069 v15=0.0000 v15r=0.0000 v16=0.0000 v17=0.0000 v18=0.0000 acc=1.0000 lr=1.52e-04 lambda=0.000 grl_lambda=0.988 v18_lambda=0.000 gpu=3.0/11.8GB
[18:45:02] [train] ep=52 step=010/40 ce=0.2780 sc=0.8336 mi=0.0657 dn=0.0000 v13=0.0000 grl=0.2401 v15=0.0000 v15r=0.0000 v16=0.0000 v17=0.0000 v18=0.0000 acc=1.0000 lr=1.51e-04 lambda=0.000 grl_lambda=0.988 v18_lambda=0.000 gpu=3.0/11.8GB
[18:45:08] [train] ep=52 step=020/40 ce=0.3419 sc=0.8560 mi=0.0665 dn=0.0000 v13=0.0000 grl=0.2483 v15=0.0000 v15r=0.0000 v16=0.0000 v17=0.0000 v18=0.0000 acc=0.9969 lr=1.50e-04 lambda=0.000 grl_lambda=0.988 v18_lambda=0.000 gpu=3.0/11.8GB
[18:45:14] [train] ep=52 step=030/40 ce=0.3273 sc=0.8197 mi=0.0666 dn=0.0000 v13=0.0000 grl=0.2596 v15=0.0000 v15r=0.0000 v16=0.0000 v17=0.0000 v18=0.0000 acc=0.9979 lr=1.49e-04 lambda=0.000 grl_lambda=0.989 v18_lambda=0.000 gpu=3.0/11.8GB
[18:45:20] [train] ep=52 step=040/40 ce=0.3539 sc=0.8417 mi=0.0676 dn=0.0000 v13=0.0000 grl=0.2597 v15=0.0000 v15r=0.0000 v16=0.0000 v17=0.0000 v18=0.0000 acc=0.9953 lr=1.48e-04 lambda=0.000 grl_lambda=0.989 v18_lambda=0.000 gpu=3.0/11.8GB
[18:45:46] [ep_summary] ep=52/100 val_live=0.9321/0.9310 val_ema=0.9568/0.9574 test77_live=0.7050/0.6905 test77_diag_ema=0.7410/0.6963 v13=0.0000 grl=0.2597 v15=0.0000 v15r=0.0000 v16=0.0000 v17=0.0000 v18=0.0000 das=stage3[12,95] p=1.00 ep_time=50.0s
[18:45:51] [save] best_sourcequalified77_ema ep=52 source_val_live=0.9321/0.9310 source_val_ema=0.9568/0.9574 test77_ema=0.7410/0.6963
[18:45:51] [train] epoch 53/100 steps=40 use_dann=0 das=stage3 f=[12.0,95.0] p=1.00 gpu=3.0/11.8GB
[18:45:52] [train] ep=53 step=001/40 ce=0.2610 sc=0.4370 mi=0.0710 dn=0.0000 v13=0.0000 grl=0.2119 v15=0.0000 v15r=0.0000 v16=0.0000 v17=0.0000 v18=0.0000 acc=1.0000 lr=1.48e-04 lambda=0.000 grl_lambda=0.989 v18_lambda=0.000 gpu=3.0/11.8GB
[18:45:57] [train] ep=53 step=010/40 ce=0.2684 sc=0.7586 mi=0.0651 dn=0.0000 v13=0.0000 grl=0.2380 v15=0.0000 v15r=0.0000 v16=0.0000 v17=0.0000 v18=0.0000 acc=1.0000 lr=1.46e-04 lambda=0.000 grl_lambda=0.989 v18_lambda=0.000 gpu=3.0/11.8GB
[18:46:03] [train] ep=53 step=020/40 ce=0.3383 sc=0.8563 mi=0.0662 dn=0.0000 v13=0.0000 grl=0.2281 v15=0.0000 v15r=0.0000 v16=0.0000 v17=0.0000 v18=0.0000 acc=0.9938 lr=1.45e-04 lambda=0.000 grl_lambda=0.990 v18_lambda=0.000 gpu=3.0/11.8GB
[18:46:09] [train] ep=53 step=030/40 ce=0.3293 sc=0.8226 mi=0.0662 dn=0.0000 v13=0.0000 grl=0.2296 v15=0.0000 v15r=0.0000 v16=0.0000 v17=0.0000 v18=0.0000 acc=0.9938 lr=1.44e-04 lambda=0.000 grl_lambda=0.990 v18_lambda=0.000 gpu=3.0/11.8GB
[18:46:15] [train] ep=53 step=040/40 ce=0.3181 sc=0.8359 mi=0.0665 dn=0.0000 v13=0.0000 grl=0.2316 v15=0.0000 v15r=0.0000 v16=0.0000 v17=0.0000 v18=0.0000 acc=0.9953 lr=1.43e-04 lambda=0.000 grl_lambda=0.990 v18_lambda=0.000 gpu=3.0/11.8GB
[18:46:37] [ep_summary] ep=53/100 val_live=0.9506/0.9500 val_ema=0.9630/0.9634 test77_live=0.6835/0.6643 test77_diag_ema=0.7626/0.7213 v13=0.0000 grl=0.2316 v15=0.0000 v15r=0.0000 v16=0.0000 v17=0.0000 v18=0.0000 das=stage3[12,95] p=1.00 ep_time=45.5s
[18:46:37] [save] best_sourcequalified77_ema ep=53 source_val_live=0.9506/0.9500 source_val_ema=0.9630/0.9634 test77_ema=0.7626/0.7213
[18:46:37] [train] epoch 54/100 steps=40 use_dann=0 das=stage3 f=[12.0,95.0] p=1.00 gpu=3.0/11.8GB
[18:46:38] [train] ep=54 step=001/40 ce=0.2616 sc=0.8491 mi=0.0600 dn=0.0000 v13=0.0000 grl=0.1763 v15=0.0000 v15r=0.0000 v16=0.0000 v17=0.0000 v18=0.0000 acc=1.0000 lr=1.43e-04 lambda=0.000 grl_lambda=0.990 v18_lambda=0.000 gpu=3.0/11.8GB
[18:46:44] [train] ep=54 step=010/40 ce=0.2642 sc=0.6711 mi=0.0650 dn=0.0000 v13=0.0000 grl=0.2270 v15=0.0000 v15r=0.0000 v16=0.0000 v17=0.0000 v18=0.0000 acc=1.0000 lr=1.42e-04 lambda=0.000 grl_lambda=0.990 v18_lambda=0.000 gpu=3.0/11.8GB
[18:46:50] [train] ep=54 step=020/40 ce=0.3404 sc=0.7529 mi=0.0642 dn=0.0000 v13=0.0000 grl=0.2199 v15=0.0000 v15r=0.0000 v16=0.0000 v17=0.0000 v18=0.0000 acc=0.9969 lr=1.40e-04 lambda=0.000 grl_lambda=0.991 v18_lambda=0.000 gpu=3.0/11.8GB
[18:46:56] [train] ep=54 step=030/40 ce=0.3500 sc=0.7676 mi=0.0646 dn=0.0000 v13=0.0000 grl=0.2283 v15=0.0000 v15r=0.0000 v16=0.0000 v17=0.0000 v18=0.0000 acc=0.9958 lr=1.39e-04 lambda=0.000 grl_lambda=0.991 v18_lambda=0.000 gpu=3.0/11.8GB
[18:47:01] [train] ep=54 step=040/40 ce=0.3409 sc=0.7730 mi=0.0646 dn=0.0000 v13=0.0000 grl=0.2242 v15=0.0000 v15r=0.0000 v16=0.0000 v17=0.0000 v18=0.0000 acc=0.9953 lr=1.38e-04 lambda=0.000 grl_lambda=0.991 v18_lambda=0.000 gpu=3.0/11.8GB
[18:47:28] [ep_summary] ep=54/100 val_live=0.9691/0.9696 val_ema=0.9630/0.9634 test77_live=0.6727/0.6311 test77_diag_ema=0.7662/0.7265 v13=0.0000 grl=0.2242 v15=0.0000 v15r=0.0000 v16=0.0000 v17=0.0000 v18=0.0000 das=stage3[12,95] p=1.00 ep_time=50.4s
[18:47:28] [save] best_sourcequalified77_ema ep=54 source_val_live=0.9691/0.9696 source_val_ema=0.9630/0.9634 test77_ema=0.7662/0.7265
[18:47:28] [train] epoch 55/100 steps=40 use_dann=0 das=stage3 f=[12.0,95.0] p=1.00 gpu=3.0/11.8GB
[18:47:30] [train] ep=55 step=001/40 ce=0.3298 sc=1.0213 mi=0.0639 dn=0.0000 v13=0.0000 grl=0.2361 v15=0.0000 v15r=0.0000 v16=0.0000 v17=0.0000 v18=0.0000 acc=1.0000 lr=1.38e-04 lambda=0.000 grl_lambda=0.991 v18_lambda=0.000 gpu=3.0/11.8GB
[18:47:35] [train] ep=55 step=010/40 ce=0.3600 sc=0.7335 mi=0.0647 dn=0.0000 v13=0.0000 grl=0.2186 v15=0.0000 v15r=0.0000 v16=0.0000 v17=0.0000 v18=0.0000 acc=0.9875 lr=1.37e-04 lambda=0.000 grl_lambda=0.991 v18_lambda=0.000 gpu=3.0/11.8GB
[18:47:41] [train] ep=55 step=020/40 ce=0.3755 sc=0.8110 mi=0.0668 dn=0.0000 v13=0.0000 grl=0.2253 v15=0.0000 v15r=0.0000 v16=0.0000 v17=0.0000 v18=0.0000 acc=0.9875 lr=1.36e-04 lambda=0.000 grl_lambda=0.991 v18_lambda=0.000 gpu=3.0/11.8GB
[18:47:47] [train] ep=55 step=030/40 ce=0.3984 sc=0.8018 mi=0.0664 dn=0.0000 v13=0.0000 grl=0.2259 v15=0.0000 v15r=0.0000 v16=0.0000 v17=0.0000 v18=0.0000 acc=0.9875 lr=1.34e-04 lambda=0.000 grl_lambda=0.992 v18_lambda=0.000 gpu=3.0/11.8GB
[18:47:53] [train] ep=55 step=040/40 ce=0.3741 sc=0.8280 mi=0.0663 dn=0.0000 v13=0.0000 grl=0.2251 v15=0.0000 v15r=0.0000 v16=0.0000 v17=0.0000 v18=0.0000 acc=0.9906 lr=1.33e-04 lambda=0.000 grl_lambda=0.992 v18_lambda=0.000 gpu=3.0/11.8GB
[18:48:03] [ep_summary] ep=55/100 val_live=0.9444/0.9446 val_ema=0.9630/0.9634 test77_live=0.6655/0.6100 test77_diag_ema=0.7662/0.7276 v13=0.0000 grl=0.2251 v15=0.0000 v15r=0.0000 v16=0.0000 v17=0.0000 v18=0.0000 das=stage3[12,95] p=1.00 ep_time=35.2s
[18:48:03] [save] best_sourcequalified77_ema ep=55 source_val_live=0.9444/0.9446 source_val_ema=0.9630/0.9634 test77_ema=0.7662/0.7276
[18:48:03] [train] epoch 56/100 steps=40 use_dann=0 das=stage3 f=[12.0,95.0] p=1.00 gpu=3.0/11.8GB
[18:48:04] [train] ep=56 step=001/40 ce=0.3206 sc=0.6998 mi=0.0592 dn=0.0000 v13=0.0000 grl=0.2323 v15=0.0000 v15r=0.0000 v16=0.0000 v17=0.0000 v18=0.0000 acc=1.0000 lr=1.33e-04 lambda=0.000 grl_lambda=0.992 v18_lambda=0.000 gpu=3.0/11.8GB
[18:48:09] [train] ep=56 step=010/40 ce=0.2708 sc=0.7603 mi=0.0651 dn=0.0000 v13=0.0000 grl=0.2584 v15=0.0000 v15r=0.0000 v16=0.0000 v17=0.0000 v18=0.0000 acc=1.0000 lr=1.32e-04 lambda=0.000 grl_lambda=0.992 v18_lambda=0.000 gpu=3.0/11.8GB
[18:48:15] [train] ep=56 step=020/40 ce=0.3070 sc=0.7536 mi=0.0646 dn=0.0000 v13=0.0000 grl=0.2304 v15=0.0000 v15r=0.0000 v16=0.0000 v17=0.0000 v18=0.0000 acc=0.9969 lr=1.31e-04 lambda=0.000 grl_lambda=0.992 v18_lambda=0.000 gpu=3.0/11.8GB
[18:48:21] [train] ep=56 step=030/40 ce=0.3004 sc=0.7507 mi=0.0663 dn=0.0000 v13=0.0000 grl=0.2351 v15=0.0000 v15r=0.0000 v16=0.0000 v17=0.0000 v18=0.0000 acc=0.9979 lr=1.30e-04 lambda=0.000 grl_lambda=0.992 v18_lambda=0.000 gpu=3.0/11.8GB
[18:48:27] [train] ep=56 step=040/40 ce=0.3058 sc=0.7407 mi=0.0660 dn=0.0000 v13=0.0000 grl=0.2330 v15=0.0000 v15r=0.0000 v16=0.0000 v17=0.0000 v18=0.0000 acc=0.9969 lr=1.28e-04 lambda=0.000 grl_lambda=0.993 v18_lambda=0.000 gpu=3.0/11.8GB
[18:48:38] [ep_summary] ep=56/100 val_live=0.9383/0.9377 val_ema=0.9630/0.9634 test77_live=0.6619/0.6210 test77_diag_ema=0.7662/0.7302 v13=0.0000 grl=0.2330 v15=0.0000 v15r=0.0000 v16=0.0000 v17=0.0000 v18=0.0000 das=stage3[12,95] p=1.00 ep_time=34.4s
[18:48:38] [save] best_sourcequalified77_ema ep=56 source_val_live=0.9383/0.9377 source_val_ema=0.9630/0.9634 test77_ema=0.7662/0.7302
[18:48:38] [train] epoch 57/100 steps=40 use_dann=0 das=stage3 f=[12.0,95.0] p=1.00 gpu=3.0/11.8GB
[18:48:38] [train] ep=57 step=001/40 ce=0.2576 sc=0.6162 mi=0.0690 dn=0.0000 v13=0.0000 grl=0.1952 v15=0.0000 v15r=0.0000 v16=0.0000 v17=0.0000 v18=0.0000 acc=1.0000 lr=1.28e-04 lambda=0.000 grl_lambda=0.993 v18_lambda=0.000 gpu=3.0/11.8GB
[18:48:44] [train] ep=57 step=010/40 ce=0.3355 sc=0.7747 mi=0.0694 dn=0.0000 v13=0.0000 grl=0.2498 v15=0.0000 v15r=0.0000 v16=0.0000 v17=0.0000 v18=0.0000 acc=0.9938 lr=1.27e-04 lambda=0.000 grl_lambda=0.993 v18_lambda=0.000 gpu=3.0/11.8GB
[18:48:50] [train] ep=57 step=020/40 ce=0.2991 sc=0.7115 mi=0.0677 dn=0.0000 v13=0.0000 grl=0.2433 v15=0.0000 v15r=0.0000 v16=0.0000 v17=0.0000 v18=0.0000 acc=0.9969 lr=1.26e-04 lambda=0.000 grl_lambda=0.993 v18_lambda=0.000 gpu=3.0/11.8GB
[18:48:56] [train] ep=57 step=030/40 ce=0.3172 sc=0.7402 mi=0.0663 dn=0.0000 v13=0.0000 grl=0.2439 v15=0.0000 v15r=0.0000 v16=0.0000 v17=0.0000 v18=0.0000 acc=0.9958 lr=1.25e-04 lambda=0.000 grl_lambda=0.993 v18_lambda=0.000 gpu=3.0/11.8GB
[18:49:01] [train] ep=57 step=040/40 ce=0.3175 sc=0.7645 mi=0.0668 dn=0.0000 v13=0.0000 grl=0.2426 v15=0.0000 v15r=0.0000 v16=0.0000 v17=0.0000 v18=0.0000 acc=0.9953 lr=1.24e-04 lambda=0.000 grl_lambda=0.993 v18_lambda=0.000 gpu=3.0/11.8GB
[18:49:13] [ep_summary] ep=57/100 val_live=0.9568/0.9568 val_ema=0.9568/0.9571 test77_live=0.7194/0.7105 test77_diag_ema=0.7662/0.7332 v13=0.0000 grl=0.2426 v15=0.0000 v15r=0.0000 v16=0.0000 v17=0.0000 v18=0.0000 das=stage3[12,95] p=1.00 ep_time=34.8s
[18:49:13] [save] best_sourcequalified77_ema ep=57 source_val_live=0.9568/0.9568 source_val_ema=0.9568/0.9571 test77_ema=0.7662/0.7332
[18:49:13] [train] epoch 58/100 steps=40 use_dann=0 das=stage3 f=[12.0,95.0] p=1.00 gpu=3.0/11.8GB
[18:49:13] [train] ep=58 step=001/40 ce=0.2625 sc=0.6321 mi=0.0590 dn=0.0000 v13=0.0000 grl=0.0967 v15=0.0000 v15r=0.0000 v16=0.0000 v17=0.0000 v18=0.0000 acc=1.0000 lr=1.23e-04 lambda=0.000 grl_lambda=0.993 v18_lambda=0.000 gpu=3.0/11.8GB
[18:49:19] [train] ep=58 step=010/40 ce=0.3385 sc=0.7802 mi=0.0655 dn=0.0000 v13=0.0000 grl=0.2099 v15=0.0000 v15r=0.0000 v16=0.0000 v17=0.0000 v18=0.0000 acc=0.9938 lr=1.22e-04 lambda=0.000 grl_lambda=0.993 v18_lambda=0.000 gpu=3.0/11.8GB
[18:49:25] [train] ep=58 step=020/40 ce=0.3135 sc=0.7094 mi=0.0643 dn=0.0000 v13=0.0000 grl=0.2147 v15=0.0000 v15r=0.0000 v16=0.0000 v17=0.0000 v18=0.0000 acc=0.9969 lr=1.21e-04 lambda=0.000 grl_lambda=0.994 v18_lambda=0.000 gpu=3.0/11.8GB
[18:49:31] [train] ep=58 step=030/40 ce=0.2961 sc=0.7340 mi=0.0649 dn=0.0000 v13=0.0000 grl=0.2122 v15=0.0000 v15r=0.0000 v16=0.0000 v17=0.0000 v18=0.0000 acc=0.9979 lr=1.20e-04 lambda=0.000 grl_lambda=0.994 v18_lambda=0.000 gpu=3.0/11.8GB
[18:49:37] [train] ep=58 step=040/40 ce=0.3239 sc=0.7835 mi=0.0655 dn=0.0000 v13=0.0000 grl=0.2123 v15=0.0000 v15r=0.0000 v16=0.0000 v17=0.0000 v18=0.0000 acc=0.9953 lr=1.19e-04 lambda=0.000 grl_lambda=0.994 v18_lambda=0.000 gpu=3.0/11.8GB
[18:49:48] [ep_summary] ep=58/100 val_live=0.9691/0.9696 val_ema=0.9568/0.9571 test77_live=0.7518/0.7460 test77_diag_ema=0.7662/0.7336 v13=0.0000 grl=0.2123 v15=0.0000 v15r=0.0000 v16=0.0000 v17=0.0000 v18=0.0000 das=stage3[12,95] p=1.00 ep_time=34.8s
[18:49:48] [save] best_sourcequalified77_ema ep=58 source_val_live=0.9691/0.9696 source_val_ema=0.9568/0.9571 test77_ema=0.7662/0.7336
[18:49:48] [train] epoch 59/100 steps=40 use_dann=0 das=stage3 f=[12.0,95.0] p=1.00 gpu=3.0/11.8GB
[18:49:48] [train] ep=59 step=001/40 ce=0.3484 sc=0.6523 mi=0.0639 dn=0.0000 v13=0.0000 grl=0.2515 v15=0.0000 v15r=0.0000 v16=0.0000 v17=0.0000 v18=0.0000 acc=1.0000 lr=1.19e-04 lambda=0.000 grl_lambda=0.994 v18_lambda=0.000 gpu=3.0/11.8GB
[18:49:53] [train] ep=59 step=010/40 ce=0.3317 sc=0.7785 mi=0.0665 dn=0.0000 v13=0.0000 grl=0.2368 v15=0.0000 v15r=0.0000 v16=0.0000 v17=0.0000 v18=0.0000 acc=0.9938 lr=1.18e-04 lambda=0.000 grl_lambda=0.994 v18_lambda=0.000 gpu=3.0/11.8GB
[18:49:59] [train] ep=59 step=020/40 ce=0.3157 sc=0.7503 mi=0.0649 dn=0.0000 v13=0.0000 grl=0.2490 v15=0.0000 v15r=0.0000 v16=0.0000 v17=0.0000 v18=0.0000 acc=0.9969 lr=1.16e-04 lambda=0.000 grl_lambda=0.994 v18_lambda=0.000 gpu=3.0/11.8GB
[18:50:05] [train] ep=59 step=030/40 ce=0.3322 sc=0.7733 mi=0.0654 dn=0.0000 v13=0.0000 grl=0.2421 v15=0.0000 v15r=0.0000 v16=0.0000 v17=0.0000 v18=0.0000 acc=0.9958 lr=1.15e-04 lambda=0.000 grl_lambda=0.994 v18_lambda=0.000 gpu=3.0/11.8GB
[18:50:11] [train] ep=59 step=040/40 ce=0.3278 sc=0.7852 mi=0.0651 dn=0.0000 v13=0.0000 grl=0.2388 v15=0.0000 v15r=0.0000 v16=0.0000 v17=0.0000 v18=0.0000 acc=0.9969 lr=1.14e-04 lambda=0.000 grl_lambda=0.995 v18_lambda=0.000 gpu=3.0/11.8GB
[18:50:23] [ep_summary] ep=59/100 val_live=0.9815/0.9817 val_ema=0.9568/0.9571 test77_live=0.6906/0.6633 test77_diag_ema=0.7698/0.7399 v13=0.0000 grl=0.2388 v15=0.0000 v15r=0.0000 v16=0.0000 v17=0.0000 v18=0.0000 das=stage3[12,95] p=1.00 ep_time=35.5s
[18:50:23] [save] best_sourcequalified77_ema ep=59 source_val_live=0.9815/0.9817 source_val_ema=0.9568/0.9571 test77_ema=0.7698/0.7399
[18:50:23] [train] epoch 60/100 steps=40 use_dann=0 das=stage3 f=[12.0,95.0] p=1.00 gpu=3.0/11.8GB
[18:50:24] [train] ep=60 step=001/40 ce=0.6041 sc=0.9030 mi=0.0744 dn=0.0000 v13=0.0000 grl=0.3191 v15=0.0000 v15r=0.0000 v16=0.0000 v17=0.0000 v18=0.0000 acc=1.0000 lr=1.14e-04 lambda=0.000 grl_lambda=0.995 v18_lambda=0.000 gpu=3.0/11.8GB
[18:50:29] [train] ep=60 step=010/40 ce=0.3176 sc=0.7273 mi=0.0646 dn=0.0000 v13=0.0000 grl=0.2290 v15=0.0000 v15r=0.0000 v16=0.0000 v17=0.0000 v18=0.0000 acc=1.0000 lr=1.13e-04 lambda=0.000 grl_lambda=0.995 v18_lambda=0.000 gpu=3.0/11.8GB
[18:50:35] [train] ep=60 step=020/40 ce=0.3028 sc=0.7195 mi=0.0644 dn=0.0000 v13=0.0000 grl=0.2399 v15=0.0000 v15r=0.0000 v16=0.0000 v17=0.0000 v18=0.0000 acc=1.0000 lr=1.12e-04 lambda=0.000 grl_lambda=0.995 v18_lambda=0.000 gpu=3.0/11.8GB
[18:50:41] [train] ep=60 step=030/40 ce=0.3121 sc=0.7695 mi=0.0652 dn=0.0000 v13=0.0000 grl=0.2331 v15=0.0000 v15r=0.0000 v16=0.0000 v17=0.0000 v18=0.0000 acc=0.9979 lr=1.11e-04 lambda=0.000 grl_lambda=0.995 v18_lambda=0.000 gpu=3.0/11.8GB
[18:50:47] [train] ep=60 step=040/40 ce=0.3004 sc=0.7525 mi=0.0667 dn=0.0000 v13=0.0000 grl=0.2359 v15=0.0000 v15r=0.0000 v16=0.0000 v17=0.0000 v18=0.0000 acc=0.9984 lr=1.09e-04 lambda=0.000 grl_lambda=0.995 v18_lambda=0.000 gpu=3.0/11.8GB
[18:50:59] [pool] check ep=060/100 source_val_acc_ema=0.9568 threshold=0.90
[18:51:05] [pool] ep=060 ADDED src_val=0.9568/0.9571 dev77=0.7357/0.7050 final77=0.7734/0.7431
[18:51:05] [pool] running best ep=060 dev77_f1=0.7050 final77_f1=0.7431 (pool_size=3)
[18:51:05] [ep_summary] ep=60/100 val_live=0.9815/0.9819 val_ema=0.9568/0.9571 test77_live=0.6727/0.6621 test77_diag_ema=0.7734/0.7431 v13=0.0000 grl=0.2359 v15=0.0000 v15r=0.0000 v16=0.0000 v17=0.0000 v18=0.0000 das=stage3[12,95] p=1.00 ep_time=42.1s
[18:51:05] [save] best_sourcequalified77_ema ep=60 source_val_live=0.9815/0.9819 source_val_ema=0.9568/0.9571 test77_ema=0.7734/0.7431
[18:51:05] [strict77_monitor] ep=60 best_source_epoch=38 source_val_ema=0.9630/0.9635 test77_ema_diag=0.5324/0.4641 sourcequalified_count=29 best_sourcequalified77_epoch=60 source_val_ema=0.9568/0.9571 test77_ema=0.7734/0.7431
[18:51:05] [train] epoch 61/100 steps=40 use_dann=0 das=stage3 f=[12.0,95.0] p=1.00 gpu=3.0/11.8GB
[18:51:06] [train] ep=61 step=001/40 ce=0.2603 sc=0.7903 mi=0.0625 dn=0.0000 v13=0.0000 grl=0.2914 v15=0.0000 v15r=0.0000 v16=0.0000 v17=0.0000 v18=0.0000 acc=1.0000 lr=1.09e-04 lambda=0.000 grl_lambda=0.995 v18_lambda=0.000 gpu=3.0/11.8GB
[18:51:11] [train] ep=61 step=010/40 ce=0.2714 sc=0.7385 mi=0.0590 dn=0.0000 v13=0.0000 grl=0.2484 v15=0.0000 v15r=0.0000 v16=0.0000 v17=0.0000 v18=0.0000 acc=1.0000 lr=1.08e-04 lambda=0.000 grl_lambda=0.995 v18_lambda=0.000 gpu=3.0/11.8GB
[18:51:17] [train] ep=61 step=020/40 ce=0.3386 sc=0.7747 mi=0.0605 dn=0.0000 v13=0.0000 grl=0.2245 v15=0.0000 v15r=0.0000 v16=0.0000 v17=0.0000 v18=0.0000 acc=0.9938 lr=1.07e-04 lambda=0.000 grl_lambda=0.995 v18_lambda=0.000 gpu=3.0/11.8GB
[18:51:23] [train] ep=61 step=030/40 ce=0.3158 sc=0.7314 mi=0.0607 dn=0.0000 v13=0.0000 grl=0.2229 v15=0.0000 v15r=0.0000 v16=0.0000 v17=0.0000 v18=0.0000 acc=0.9958 lr=1.06e-04 lambda=0.000 grl_lambda=0.995 v18_lambda=0.000 gpu=3.0/11.8GB
[18:51:29] [train] ep=61 step=040/40 ce=0.3543 sc=0.7897 mi=0.0613 dn=0.0000 v13=0.0000 grl=0.2246 v15=0.0000 v15r=0.0000 v16=0.0000 v17=0.0000 v18=0.0000 acc=0.9938 lr=1.05e-04 lambda=0.000 grl_lambda=0.996 v18_lambda=0.000 gpu=3.0/11.8GB
[18:51:40] [ep_summary] ep=61/100 val_live=0.9815/0.9819 val_ema=0.9568/0.9571 test77_live=0.7158/0.6677 test77_diag_ema=0.7770/0.7463 v13=0.0000 grl=0.2246 v15=0.0000 v15r=0.0000 v16=0.0000 v17=0.0000 v18=0.0000 das=stage3[12,95] p=1.00 ep_time=34.9s
[18:51:41] [save] best_sourcequalified77_ema ep=61 source_val_live=0.9815/0.9819 source_val_ema=0.9568/0.9571 test77_ema=0.7770/0.7463
[18:51:41] [train] epoch 62/100 steps=40 use_dann=0 das=stage3 f=[12.0,95.0] p=1.00 gpu=3.0/11.8GB
[18:51:42] [train] ep=62 step=001/40 ce=0.2615 sc=0.8493 mi=0.0707 dn=0.0000 v13=0.0000 grl=0.1224 v15=0.0000 v15r=0.0000 v16=0.0000 v17=0.0000 v18=0.0000 acc=1.0000 lr=1.05e-04 lambda=0.000 grl_lambda=0.996 v18_lambda=0.000 gpu=3.0/11.8GB
[18:51:47] [train] ep=62 step=010/40 ce=0.3051 sc=0.8372 mi=0.0657 dn=0.0000 v13=0.0000 grl=0.2153 v15=0.0000 v15r=0.0000 v16=0.0000 v17=0.0000 v18=0.0000 acc=1.0000 lr=1.04e-04 lambda=0.000 grl_lambda=0.996 v18_lambda=0.000 gpu=3.0/11.8GB
[18:51:53] [train] ep=62 step=020/40 ce=0.2827 sc=0.7837 mi=0.0664 dn=0.0000 v13=0.0000 grl=0.2181 v15=0.0000 v15r=0.0000 v16=0.0000 v17=0.0000 v18=0.0000 acc=1.0000 lr=1.02e-04 lambda=0.000 grl_lambda=0.996 v18_lambda=0.000 gpu=3.0/11.8GB
[18:51:59] [train] ep=62 step=030/40 ce=0.2754 sc=0.7527 mi=0.0657 dn=0.0000 v13=0.0000 grl=0.2245 v15=0.0000 v15r=0.0000 v16=0.0000 v17=0.0000 v18=0.0000 acc=1.0000 lr=1.01e-04 lambda=0.000 grl_lambda=0.996 v18_lambda=0.000 gpu=3.0/11.8GB
[18:52:05] [train] ep=62 step=040/40 ce=0.2815 sc=0.7709 mi=0.0654 dn=0.0000 v13=0.0000 grl=0.2257 v15=0.0000 v15r=0.0000 v16=0.0000 v17=0.0000 v18=0.0000 acc=1.0000 lr=1.00e-04 lambda=0.000 grl_lambda=0.996 v18_lambda=0.000 gpu=3.0/11.8GB
[18:52:15] [ep_summary] ep=62/100 val_live=0.9506/0.9503 val_ema=0.9568/0.9571 test77_live=0.6942/0.6539 test77_diag_ema=0.7842/0.7546 v13=0.0000 grl=0.2257 v15=0.0000 v15r=0.0000 v16=0.0000 v17=0.0000 v18=0.0000 das=stage3[12,95] p=1.00 ep_time=34.5s
[18:52:16] [save] best_sourcequalified77_ema ep=62 source_val_live=0.9506/0.9503 source_val_ema=0.9568/0.9571 test77_ema=0.7842/0.7546
[18:52:16] [train] epoch 63/100 steps=40 use_dann=0 das=stage3 f=[12.0,95.0] p=1.00 gpu=3.0/11.8GB
[18:52:16] [train] ep=63 step=001/40 ce=0.2601 sc=0.7312 mi=0.0715 dn=0.0000 v13=0.0000 grl=0.1810 v15=0.0000 v15r=0.0000 v16=0.0000 v17=0.0000 v18=0.0000 acc=1.0000 lr=1.00e-04 lambda=0.000 grl_lambda=0.996 v18_lambda=0.000 gpu=3.0/11.8GB
[18:52:22] [train] ep=63 step=010/40 ce=0.4142 sc=0.8435 mi=0.0652 dn=0.0000 v13=0.0000 grl=0.2713 v15=0.0000 v15r=0.0000 v16=0.0000 v17=0.0000 v18=0.0000 acc=0.9875 lr=9.89e-05 lambda=0.000 grl_lambda=0.996 v18_lambda=0.000 gpu=3.0/11.8GB
[18:52:28] [train] ep=63 step=020/40 ce=0.3407 sc=0.7980 mi=0.0653 dn=0.0000 v13=0.0000 grl=0.2493 v15=0.0000 v15r=0.0000 v16=0.0000 v17=0.0000 v18=0.0000 acc=0.9938 lr=9.78e-05 lambda=0.000 grl_lambda=0.996 v18_lambda=0.000 gpu=3.0/11.8GB
[18:52:33] [train] ep=63 step=030/40 ce=0.3295 sc=0.7996 mi=0.0657 dn=0.0000 v13=0.0000 grl=0.2517 v15=0.0000 v15r=0.0000 v16=0.0000 v17=0.0000 v18=0.0000 acc=0.9938 lr=9.67e-05 lambda=0.000 grl_lambda=0.996 v18_lambda=0.000 gpu=3.0/11.8GB
[18:52:39] [train] ep=63 step=040/40 ce=0.3198 sc=0.7598 mi=0.0660 dn=0.0000 v13=0.0000 grl=0.2492 v15=0.0000 v15r=0.0000 v16=0.0000 v17=0.0000 v18=0.0000 acc=0.9953 lr=9.55e-05 lambda=0.000 grl_lambda=0.996 v18_lambda=0.000 gpu=3.0/11.8GB
[18:52:50] [ep_summary] ep=63/100 val_live=0.9691/0.9692 val_ema=0.9568/0.9571 test77_live=0.7086/0.6823 test77_diag_ema=0.7770/0.7466 v13=0.0000 grl=0.2492 v15=0.0000 v15r=0.0000 v16=0.0000 v17=0.0000 v18=0.0000 das=stage3[12,95] p=1.00 ep_time=34.7s
[18:52:50] [train] epoch 64/100 steps=40 use_dann=0 das=stage3 f=[12.0,95.0] p=1.00 gpu=3.0/11.8GB
[18:52:53] [train] ep=64 step=001/40 ce=0.2590 sc=0.6132 mi=0.0677 dn=0.0000 v13=0.0000 grl=0.1983 v15=0.0000 v15r=0.0000 v16=0.0000 v17=0.0000 v18=0.0000 acc=1.0000 lr=9.54e-05 lambda=0.000 grl_lambda=0.996 v18_lambda=0.000 gpu=3.0/11.8GB
[18:52:59] [train] ep=64 step=010/40 ce=0.3132 sc=0.8008 mi=0.0640 dn=0.0000 v13=0.0000 grl=0.2141 v15=0.0000 v15r=0.0000 v16=0.0000 v17=0.0000 v18=0.0000 acc=0.9938 lr=9.44e-05 lambda=0.000 grl_lambda=0.996 v18_lambda=0.000 gpu=3.0/11.8GB
[18:53:05] [train] ep=64 step=020/40 ce=0.2902 sc=0.7914 mi=0.0644 dn=0.0000 v13=0.0000 grl=0.2217 v15=0.0000 v15r=0.0000 v16=0.0000 v17=0.0000 v18=0.0000 acc=0.9969 lr=9.33e-05 lambda=0.000 grl_lambda=0.997 v18_lambda=0.000 gpu=3.0/11.8GB
[18:53:11] [train] ep=64 step=030/40 ce=0.2915 sc=0.7601 mi=0.0638 dn=0.0000 v13=0.0000 grl=0.2232 v15=0.0000 v15r=0.0000 v16=0.0000 v17=0.0000 v18=0.0000 acc=0.9979 lr=9.21e-05 lambda=0.000 grl_lambda=0.997 v18_lambda=0.000 gpu=3.0/11.8GB
[18:53:16] [train] ep=64 step=040/40 ce=0.3050 sc=0.7935 mi=0.0651 dn=0.0000 v13=0.0000 grl=0.2200 v15=0.0000 v15r=0.0000 v16=0.0000 v17=0.0000 v18=0.0000 acc=0.9969 lr=9.10e-05 lambda=0.000 grl_lambda=0.997 v18_lambda=0.000 gpu=3.0/11.8GB
[18:53:27] [ep_summary] ep=64/100 val_live=0.9506/0.9499 val_ema=0.9568/0.9571 test77_live=0.7302/0.7162 test77_diag_ema=0.7770/0.7459 v13=0.0000 grl=0.2200 v15=0.0000 v15r=0.0000 v16=0.0000 v17=0.0000 v18=0.0000 das=stage3[12,95] p=1.00 ep_time=37.2s
[18:53:27] [train] epoch 65/100 steps=40 use_dann=0 das=stage3 f=[12.0,95.0] p=1.00 gpu=3.0/11.8GB
[18:53:29] [train] ep=65 step=001/40 ce=0.4496 sc=0.6255 mi=0.0556 dn=0.0000 v13=0.0000 grl=0.2053 v15=0.0000 v15r=0.0000 v16=0.0000 v17=0.0000 v18=0.0000 acc=1.0000 lr=9.09e-05 lambda=0.000 grl_lambda=0.997 v18_lambda=0.000 gpu=3.0/11.8GB
[18:53:34] [train] ep=65 step=010/40 ce=0.2794 sc=0.7108 mi=0.0654 dn=0.0000 v13=0.0000 grl=0.2241 v15=0.0000 v15r=0.0000 v16=0.0000 v17=0.0000 v18=0.0000 acc=1.0000 lr=8.99e-05 lambda=0.000 grl_lambda=0.997 v18_lambda=0.000 gpu=3.0/11.8GB
[18:53:40] [train] ep=65 step=020/40 ce=0.3439 sc=0.7395 mi=0.0652 dn=0.0000 v13=0.0000 grl=0.2417 v15=0.0000 v15r=0.0000 v16=0.0000 v17=0.0000 v18=0.0000 acc=0.9938 lr=8.88e-05 lambda=0.000 grl_lambda=0.997 v18_lambda=0.000 gpu=3.0/11.8GB
[18:53:46] [train] ep=65 step=030/40 ce=0.3407 sc=0.7875 mi=0.0653 dn=0.0000 v13=0.0000 grl=0.2466 v15=0.0000 v15r=0.0000 v16=0.0000 v17=0.0000 v18=0.0000 acc=0.9938 lr=8.77e-05 lambda=0.000 grl_lambda=0.997 v18_lambda=0.000 gpu=3.0/11.8GB
[18:53:52] [train] ep=65 step=040/40 ce=0.3329 sc=0.7672 mi=0.0644 dn=0.0000 v13=0.0000 grl=0.2427 v15=0.0000 v15r=0.0000 v16=0.0000 v17=0.0000 v18=0.0000 acc=0.9938 lr=8.66e-05 lambda=0.000 grl_lambda=0.997 v18_lambda=0.000 gpu=3.0/11.8GB
[18:54:04] [ep_summary] ep=65/100 val_live=0.9568/0.9559 val_ema=0.9568/0.9571 test77_live=0.6691/0.6456 test77_diag_ema=0.7806/0.7493 v13=0.0000 grl=0.2427 v15=0.0000 v15r=0.0000 v16=0.0000 v17=0.0000 v18=0.0000 das=stage3[12,95] p=1.00 ep_time=36.6s
[18:54:04] [train] epoch 66/100 steps=40 use_dann=0 das=stage3 f=[12.0,95.0] p=1.00 gpu=3.0/11.8GB
[18:54:05] [train] ep=66 step=001/40 ce=0.2614 sc=0.7531 mi=0.0583 dn=0.0000 v13=0.0000 grl=0.4008 v15=0.0000 v15r=0.0000 v16=0.0000 v17=0.0000 v18=0.0000 acc=1.0000 lr=8.65e-05 lambda=0.000 grl_lambda=0.997 v18_lambda=0.000 gpu=3.0/11.8GB
[18:54:10] [train] ep=66 step=010/40 ce=0.4078 sc=0.9455 mi=0.0610 dn=0.0000 v13=0.0000 grl=0.2300 v15=0.0000 v15r=0.0000 v16=0.0000 v17=0.0000 v18=0.0000 acc=0.9938 lr=8.55e-05 lambda=0.000 grl_lambda=0.997 v18_lambda=0.000 gpu=3.0/11.8GB
[18:54:16] [train] ep=66 step=020/40 ce=0.4190 sc=0.9084 mi=0.0632 dn=0.0000 v13=0.0000 grl=0.2377 v15=0.0000 v15r=0.0000 v16=0.0000 v17=0.0000 v18=0.0000 acc=0.9906 lr=8.44e-05 lambda=0.000 grl_lambda=0.997 v18_lambda=0.000 gpu=3.0/11.8GB
[18:54:22] [train] ep=66 step=030/40 ce=0.3681 sc=0.8733 mi=0.0639 dn=0.0000 v13=0.0000 grl=0.2368 v15=0.0000 v15r=0.0000 v16=0.0000 v17=0.0000 v18=0.0000 acc=0.9938 lr=8.33e-05 lambda=0.000 grl_lambda=0.997 v18_lambda=0.000 gpu=3.0/11.8GB
[18:54:28] [train] ep=66 step=040/40 ce=0.3815 sc=0.8380 mi=0.0644 dn=0.0000 v13=0.0000 grl=0.2415 v15=0.0000 v15r=0.0000 v16=0.0000 v17=0.0000 v18=0.0000 acc=0.9922 lr=8.22e-05 lambda=0.000 grl_lambda=0.997 v18_lambda=0.000 gpu=3.0/11.8GB
[18:55:08] [ep_summary] ep=66/100 val_live=0.9568/0.9559 val_ema=0.9630/0.9631 test77_live=0.6727/0.6523 test77_diag_ema=0.7806/0.7493 v13=0.0000 grl=0.2415 v15=0.0000 v15r=0.0000 v16=0.0000 v17=0.0000 v18=0.0000 das=stage3[12,95] p=1.00 ep_time=64.2s
[18:55:08] [train] epoch 67/100 steps=40 use_dann=0 das=stage3 f=[12.0,95.0] p=1.00 gpu=3.0/11.8GB
[18:55:09] [train] ep=67 step=001/40 ce=0.2584 sc=0.7168 mi=0.0641 dn=0.0000 v13=0.0000 grl=0.2266 v15=0.0000 v15r=0.0000 v16=0.0000 v17=0.0000 v18=0.0000 acc=1.0000 lr=8.21e-05 lambda=0.000 grl_lambda=0.997 v18_lambda=0.000 gpu=3.0/11.8GB
[18:55:14] [train] ep=67 step=010/40 ce=0.2744 sc=0.8167 mi=0.0681 dn=0.0000 v13=0.0000 grl=0.2671 v15=0.0000 v15r=0.0000 v16=0.0000 v17=0.0000 v18=0.0000 acc=1.0000 lr=8.11e-05 lambda=0.000 grl_lambda=0.997 v18_lambda=0.000 gpu=3.0/11.8GB
[18:55:20] [train] ep=67 step=020/40 ce=0.3480 sc=0.8363 mi=0.0694 dn=0.0000 v13=0.0000 grl=0.2532 v15=0.0000 v15r=0.0000 v16=0.0000 v17=0.0000 v18=0.0000 acc=0.9938 lr=8.01e-05 lambda=0.000 grl_lambda=0.997 v18_lambda=0.000 gpu=3.0/11.8GB
[18:55:26] [train] ep=67 step=030/40 ce=0.3196 sc=0.8089 mi=0.0663 dn=0.0000 v13=0.0000 grl=0.2441 v15=0.0000 v15r=0.0000 v16=0.0000 v17=0.0000 v18=0.0000 acc=0.9958 lr=7.90e-05 lambda=0.000 grl_lambda=0.997 v18_lambda=0.000 gpu=3.0/11.8GB
[18:55:32] [train] ep=67 step=040/40 ce=0.3099 sc=0.7999 mi=0.0652 dn=0.0000 v13=0.0000 grl=0.2386 v15=0.0000 v15r=0.0000 v16=0.0000 v17=0.0000 v18=0.0000 acc=0.9969 lr=7.79e-05 lambda=0.000 grl_lambda=0.998 v18_lambda=0.000 gpu=3.0/11.8GB
[18:55:59] [ep_summary] ep=67/100 val_live=0.9444/0.9429 val_ema=0.9630/0.9631 test77_live=0.6691/0.6494 test77_diag_ema=0.7806/0.7515 v13=0.0000 grl=0.2386 v15=0.0000 v15r=0.0000 v16=0.0000 v17=0.0000 v18=0.0000 das=stage3[12,95] p=1.00 ep_time=50.6s
[18:55:59] [train] epoch 68/100 steps=40 use_dann=0 das=stage3 f=[12.0,95.0] p=1.00 gpu=3.0/11.8GB
[18:56:00] [train] ep=68 step=001/40 ce=0.2649 sc=1.0660 mi=0.0737 dn=0.0000 v13=0.0000 grl=0.2131 v15=0.0000 v15r=0.0000 v16=0.0000 v17=0.0000 v18=0.0000 acc=1.0000 lr=7.78e-05 lambda=0.000 grl_lambda=0.998 v18_lambda=0.000 gpu=3.0/11.8GB
[18:56:05] [train] ep=68 step=010/40 ce=0.3179 sc=0.7433 mi=0.0630 dn=0.0000 v13=0.0000 grl=0.2408 v15=0.0000 v15r=0.0000 v16=0.0000 v17=0.0000 v18=0.0000 acc=0.9938 lr=7.69e-05 lambda=0.000 grl_lambda=0.998 v18_lambda=0.000 gpu=3.0/11.8GB
[18:56:11] [train] ep=68 step=020/40 ce=0.3489 sc=0.8159 mi=0.0647 dn=0.0000 v13=0.0000 grl=0.2488 v15=0.0000 v15r=0.0000 v16=0.0000 v17=0.0000 v18=0.0000 acc=0.9906 lr=7.58e-05 lambda=0.000 grl_lambda=0.998 v18_lambda=0.000 gpu=3.0/11.8GB
[18:56:16] [train] ep=68 step=030/40 ce=0.3477 sc=0.7953 mi=0.0650 dn=0.0000 v13=0.0000 grl=0.2421 v15=0.0000 v15r=0.0000 v16=0.0000 v17=0.0000 v18=0.0000 acc=0.9917 lr=7.48e-05 lambda=0.000 grl_lambda=0.998 v18_lambda=0.000 gpu=3.0/11.8GB
[18:56:22] [train] ep=68 step=040/40 ce=0.3399 sc=0.7815 mi=0.0643 dn=0.0000 v13=0.0000 grl=0.2455 v15=0.0000 v15r=0.0000 v16=0.0000 v17=0.0000 v18=0.0000 acc=0.9922 lr=7.37e-05 lambda=0.000 grl_lambda=0.998 v18_lambda=0.000 gpu=3.0/11.8GB
[18:56:45] [ep_summary] ep=68/100 val_live=0.9691/0.9686 val_ema=0.9630/0.9631 test77_live=0.6978/0.6740 test77_diag_ema=0.7806/0.7515 v13=0.0000 grl=0.2455 v15=0.0000 v15r=0.0000 v16=0.0000 v17=0.0000 v18=0.0000 das=stage3[12,95] p=1.00 ep_time=46.4s
[18:56:45] [train] epoch 69/100 steps=40 use_dann=0 das=stage3 f=[12.0,95.0] p=1.00 gpu=3.0/11.8GB
[18:56:46] [train] ep=69 step=001/40 ce=0.2569 sc=0.9694 mi=0.0655 dn=0.0000 v13=0.0000 grl=0.2919 v15=0.0000 v15r=0.0000 v16=0.0000 v17=0.0000 v18=0.0000 acc=1.0000 lr=7.36e-05 lambda=0.000 grl_lambda=0.998 v18_lambda=0.000 gpu=3.0/11.8GB
[18:56:51] [train] ep=69 step=010/40 ce=0.2592 sc=0.8579 mi=0.0659 dn=0.0000 v13=0.0000 grl=0.2452 v15=0.0000 v15r=0.0000 v16=0.0000 v17=0.0000 v18=0.0000 acc=1.0000 lr=7.27e-05 lambda=0.000 grl_lambda=0.998 v18_lambda=0.000 gpu=3.0/11.8GB
[18:56:57] [train] ep=69 step=020/40 ce=0.2676 sc=0.7935 mi=0.0653 dn=0.0000 v13=0.0000 grl=0.2472 v15=0.0000 v15r=0.0000 v16=0.0000 v17=0.0000 v18=0.0000 acc=1.0000 lr=7.16e-05 lambda=0.000 grl_lambda=0.998 v18_lambda=0.000 gpu=3.0/11.8GB
[18:57:03] [train] ep=69 step=030/40 ce=0.2984 sc=0.8098 mi=0.0655 dn=0.0000 v13=0.0000 grl=0.2359 v15=0.0000 v15r=0.0000 v16=0.0000 v17=0.0000 v18=0.0000 acc=0.9979 lr=7.06e-05 lambda=0.000 grl_lambda=0.998 v18_lambda=0.000 gpu=3.0/11.8GB
[18:57:09] [train] ep=69 step=040/40 ce=0.3128 sc=0.8021 mi=0.0647 dn=0.0000 v13=0.0000 grl=0.2295 v15=0.0000 v15r=0.0000 v16=0.0000 v17=0.0000 v18=0.0000 acc=0.9969 lr=6.96e-05 lambda=0.000 grl_lambda=0.998 v18_lambda=0.000 gpu=3.0/11.8GB
[18:57:20] [ep_summary] ep=69/100 val_live=0.9630/0.9623 val_ema=0.9630/0.9631 test77_live=0.6906/0.6676 test77_diag_ema=0.7914/0.7644 v13=0.0000 grl=0.2295 v15=0.0000 v15r=0.0000 v16=0.0000 v17=0.0000 v18=0.0000 das=stage3[12,95] p=1.00 ep_time=34.3s
[18:57:20] [save] best_sourcequalified77_ema ep=69 source_val_live=0.9630/0.9623 source_val_ema=0.9630/0.9631 test77_ema=0.7914/0.7644
[18:57:20] [train] epoch 70/100 steps=40 use_dann=0 das=stage3 f=[12.0,95.0] p=1.00 gpu=3.0/11.8GB
[18:57:20] [train] ep=70 step=001/40 ce=0.2588 sc=1.0574 mi=0.0630 dn=0.0000 v13=0.0000 grl=0.2047 v15=0.0000 v15r=0.0000 v16=0.0000 v17=0.0000 v18=0.0000 acc=1.0000 lr=6.95e-05 lambda=0.000 grl_lambda=0.998 v18_lambda=0.000 gpu=3.0/11.8GB
[18:57:26] [train] ep=70 step=010/40 ce=0.3852 sc=0.9535 mi=0.0623 dn=0.0000 v13=0.0000 grl=0.2375 v15=0.0000 v15r=0.0000 v16=0.0000 v17=0.0000 v18=0.0000 acc=0.9875 lr=6.85e-05 lambda=0.000 grl_lambda=0.998 v18_lambda=0.000 gpu=3.0/11.8GB
[18:57:31] [train] ep=70 step=020/40 ce=0.3597 sc=0.9027 mi=0.0637 dn=0.0000 v13=0.0000 grl=0.2318 v15=0.0000 v15r=0.0000 v16=0.0000 v17=0.0000 v18=0.0000 acc=0.9906 lr=6.75e-05 lambda=0.000 grl_lambda=0.998 v18_lambda=0.000 gpu=3.0/11.8GB
[18:57:37] [train] ep=70 step=030/40 ce=0.3307 sc=0.8531 mi=0.0642 dn=0.0000 v13=0.0000 grl=0.2338 v15=0.0000 v15r=0.0000 v16=0.0000 v17=0.0000 v18=0.0000 acc=0.9938 lr=6.65e-05 lambda=0.000 grl_lambda=0.998 v18_lambda=0.000 gpu=3.0/11.8GB
[18:57:43] [train] ep=70 step=040/40 ce=0.3395 sc=0.8533 mi=0.0643 dn=0.0000 v13=0.0000 grl=0.2333 v15=0.0000 v15r=0.0000 v16=0.0000 v17=0.0000 v18=0.0000 acc=0.9938 lr=6.55e-05 lambda=0.000 grl_lambda=0.998 v18_lambda=0.000 gpu=3.0/11.8GB
[18:57:54] [pool] check ep=070/100 source_val_acc_ema=0.9630 threshold=0.90
[18:57:59] [pool] ep=070 ADDED src_val=0.9630/0.9631 dev77=0.7071/0.6733 final77=0.7878/0.7607
[18:57:59] [pool] running best ep=060 dev77_f1=0.7050 final77_f1=0.7431 (pool_size=4)
[18:57:59] [ep_summary] ep=70/100 val_live=0.9630/0.9631 val_ema=0.9630/0.9631 test77_live=0.7662/0.7526 test77_diag_ema=0.7878/0.7607 v13=0.0000 grl=0.2333 v15=0.0000 v15r=0.0000 v16=0.0000 v17=0.0000 v18=0.0000 das=stage3[12,95] p=1.00 ep_time=39.4s
[18:57:59] [strict77_monitor] ep=70 best_source_epoch=38 source_val_ema=0.9630/0.9635 test77_ema_diag=0.5324/0.4641 sourcequalified_count=39 best_sourcequalified77_epoch=69 source_val_ema=0.9630/0.9631 test77_ema=0.7914/0.7644
[18:57:59] [train] epoch 71/100 steps=40 use_dann=0 das=stage3 f=[12.0,95.0] p=1.00 gpu=3.0/11.8GB
[18:58:00] [train] ep=71 step=001/40 ce=0.9954 sc=1.2641 mi=0.0717 dn=0.0000 v13=0.0000 grl=0.2193 v15=0.0000 v15r=0.0000 v16=0.0000 v17=0.0000 v18=0.0000 acc=0.9375 lr=6.54e-05 lambda=0.000 grl_lambda=0.998 v18_lambda=0.000 gpu=3.0/11.8GB
[18:58:05] [train] ep=71 step=010/40 ce=0.3671 sc=0.8856 mi=0.0653 dn=0.0000 v13=0.0000 grl=0.2169 v15=0.0000 v15r=0.0000 v16=0.0000 v17=0.0000 v18=0.0000 acc=0.9938 lr=6.45e-05 lambda=0.000 grl_lambda=0.998 v18_lambda=0.000 gpu=3.0/11.8GB
[18:58:11] [train] ep=71 step=020/40 ce=0.3823 sc=0.8011 mi=0.0628 dn=0.0000 v13=0.0000 grl=0.2376 v15=0.0000 v15r=0.0000 v16=0.0000 v17=0.0000 v18=0.0000 acc=0.9938 lr=6.35e-05 lambda=0.000 grl_lambda=0.998 v18_lambda=0.000 gpu=3.0/11.8GB
[18:58:17] [train] ep=71 step=030/40 ce=0.3417 sc=0.7915 mi=0.0626 dn=0.0000 v13=0.0000 grl=0.2385 v15=0.0000 v15r=0.0000 v16=0.0000 v17=0.0000 v18=0.0000 acc=0.9958 lr=6.25e-05 lambda=0.000 grl_lambda=0.998 v18_lambda=0.000 gpu=3.0/11.8GB
[18:58:23] [train] ep=71 step=040/40 ce=0.3215 sc=0.7522 mi=0.0640 dn=0.0000 v13=0.0000 grl=0.2453 v15=0.0000 v15r=0.0000 v16=0.0000 v17=0.0000 v18=0.0000 acc=0.9969 lr=6.15e-05 lambda=0.000 grl_lambda=0.998 v18_lambda=0.000 gpu=3.0/11.8GB
[18:58:35] [ep_summary] ep=71/100 val_live=0.9568/0.9563 val_ema=0.9630/0.9631 test77_live=0.7410/0.7214 test77_diag_ema=0.7878/0.7630 v13=0.0000 grl=0.2453 v15=0.0000 v15r=0.0000 v16=0.0000 v17=0.0000 v18=0.0000 das=stage3[12,95] p=1.00 ep_time=36.0s
[18:58:35] [train] epoch 72/100 steps=40 use_dann=0 das=stage3 f=[12.0,95.0] p=1.00 gpu=3.0/11.8GB
[18:58:36] [train] ep=72 step=001/40 ce=0.2575 sc=0.7128 mi=0.0657 dn=0.0000 v13=0.0000 grl=0.1542 v15=0.0000 v15r=0.0000 v16=0.0000 v17=0.0000 v18=0.0000 acc=1.0000 lr=6.14e-05 lambda=0.000 grl_lambda=0.998 v18_lambda=0.000 gpu=3.0/11.8GB
[18:58:41] [train] ep=72 step=010/40 ce=0.2596 sc=0.7667 mi=0.0604 dn=0.0000 v13=0.0000 grl=0.2250 v15=0.0000 v15r=0.0000 v16=0.0000 v17=0.0000 v18=0.0000 acc=1.0000 lr=6.06e-05 lambda=0.000 grl_lambda=0.998 v18_lambda=0.000 gpu=3.0/11.8GB
[18:58:47] [train] ep=72 step=020/40 ce=0.2594 sc=0.7374 mi=0.0621 dn=0.0000 v13=0.0000 grl=0.2336 v15=0.0000 v15r=0.0000 v16=0.0000 v17=0.0000 v18=0.0000 acc=1.0000 lr=5.96e-05 lambda=0.000 grl_lambda=0.998 v18_lambda=0.000 gpu=3.0/11.8GB
[18:58:53] [train] ep=72 step=030/40 ce=0.2747 sc=0.7501 mi=0.0628 dn=0.0000 v13=0.0000 grl=0.2477 v15=0.0000 v15r=0.0000 v16=0.0000 v17=0.0000 v18=0.0000 acc=1.0000 lr=5.86e-05 lambda=0.000 grl_lambda=0.998 v18_lambda=0.000 gpu=3.0/11.8GB
[18:58:59] [train] ep=72 step=040/40 ce=0.2749 sc=0.7301 mi=0.0631 dn=0.0000 v13=0.0000 grl=0.2483 v15=0.0000 v15r=0.0000 v16=0.0000 v17=0.0000 v18=0.0000 acc=1.0000 lr=5.77e-05 lambda=0.000 grl_lambda=0.999 v18_lambda=0.000 gpu=3.0/11.8GB
[18:59:10] [ep_summary] ep=72/100 val_live=0.9568/0.9563 val_ema=0.9630/0.9631 test77_live=0.7410/0.7223 test77_diag_ema=0.7842/0.7594 v13=0.0000 grl=0.2483 v15=0.0000 v15r=0.0000 v16=0.0000 v17=0.0000 v18=0.0000 das=stage3[12,95] p=1.00 ep_time=34.7s
[18:59:10] [train] epoch 73/100 steps=40 use_dann=0 das=stage3 f=[12.0,95.0] p=1.00 gpu=3.0/11.8GB
[18:59:10] [train] ep=73 step=001/40 ce=0.2604 sc=1.1010 mi=0.0616 dn=0.0000 v13=0.0000 grl=0.2103 v15=0.0000 v15r=0.0000 v16=0.0000 v17=0.0000 v18=0.0000 acc=1.0000 lr=5.76e-05 lambda=0.000 grl_lambda=0.999 v18_lambda=0.000 gpu=3.0/11.8GB
[18:59:16] [train] ep=73 step=010/40 ce=0.2795 sc=0.7087 mi=0.0639 dn=0.0000 v13=0.0000 grl=0.2213 v15=0.0000 v15r=0.0000 v16=0.0000 v17=0.0000 v18=0.0000 acc=1.0000 lr=5.67e-05 lambda=0.000 grl_lambda=0.999 v18_lambda=0.000 gpu=3.0/11.8GB
[18:59:22] [train] ep=73 step=020/40 ce=0.2740 sc=0.7350 mi=0.0625 dn=0.0000 v13=0.0000 grl=0.2160 v15=0.0000 v15r=0.0000 v16=0.0000 v17=0.0000 v18=0.0000 acc=1.0000 lr=5.58e-05 lambda=0.000 grl_lambda=0.999 v18_lambda=0.000 gpu=3.0/11.8GB
[18:59:28] [train] ep=73 step=030/40 ce=0.2714 sc=0.7472 mi=0.0636 dn=0.0000 v13=0.0000 grl=0.2239 v15=0.0000 v15r=0.0000 v16=0.0000 v17=0.0000 v18=0.0000 acc=1.0000 lr=5.48e-05 lambda=0.000 grl_lambda=0.999 v18_lambda=0.000 gpu=3.0/11.8GB
[18:59:34] [train] ep=73 step=040/40 ce=0.2693 sc=0.7580 mi=0.0636 dn=0.0000 v13=0.0000 grl=0.2276 v15=0.0000 v15r=0.0000 v16=0.0000 v17=0.0000 v18=0.0000 acc=1.0000 lr=5.39e-05 lambda=0.000 grl_lambda=0.999 v18_lambda=0.000 gpu=3.0/11.8GB
[18:59:44] [ep_summary] ep=73/100 val_live=0.9568/0.9563 val_ema=0.9630/0.9631 test77_live=0.7482/0.7284 test77_diag_ema=0.7806/0.7562 v13=0.0000 grl=0.2276 v15=0.0000 v15r=0.0000 v16=0.0000 v17=0.0000 v18=0.0000 das=stage3[12,95] p=1.00 ep_time=34.5s
[18:59:44] [train] epoch 74/100 steps=40 use_dann=0 das=stage3 f=[12.0,95.0] p=1.00 gpu=3.0/11.8GB
[18:59:45] [train] ep=74 step=001/40 ce=0.2577 sc=0.4376 mi=0.0573 dn=0.0000 v13=0.0000 grl=0.4376 v15=0.0000 v15r=0.0000 v16=0.0000 v17=0.0000 v18=0.0000 acc=1.0000 lr=5.38e-05 lambda=0.000 grl_lambda=0.999 v18_lambda=0.000 gpu=3.0/11.8GB
[18:59:50] [train] ep=74 step=010/40 ce=0.2605 sc=0.7791 mi=0.0633 dn=0.0000 v13=0.0000 grl=0.2618 v15=0.0000 v15r=0.0000 v16=0.0000 v17=0.0000 v18=0.0000 acc=1.0000 lr=5.30e-05 lambda=0.000 grl_lambda=0.999 v18_lambda=0.000 gpu=3.0/11.8GB
[18:59:56] [train] ep=74 step=020/40 ce=0.2613 sc=0.7411 mi=0.0650 dn=0.0000 v13=0.0000 grl=0.2361 v15=0.0000 v15r=0.0000 v16=0.0000 v17=0.0000 v18=0.0000 acc=1.0000 lr=5.20e-05 lambda=0.000 grl_lambda=0.999 v18_lambda=0.000 gpu=3.0/11.8GB
[19:00:02] [train] ep=74 step=030/40 ce=0.2784 sc=0.7871 mi=0.0650 dn=0.0000 v13=0.0000 grl=0.2394 v15=0.0000 v15r=0.0000 v16=0.0000 v17=0.0000 v18=0.0000 acc=0.9979 lr=5.11e-05 lambda=0.000 grl_lambda=0.999 v18_lambda=0.000 gpu=3.0/11.8GB
[19:00:08] [train] ep=74 step=040/40 ce=0.3434 sc=0.8338 mi=0.0646 dn=0.0000 v13=0.0000 grl=0.2490 v15=0.0000 v15r=0.0000 v16=0.0000 v17=0.0000 v18=0.0000 acc=0.9938 lr=5.02e-05 lambda=0.000 grl_lambda=0.999 v18_lambda=0.000 gpu=3.0/11.8GB
[19:00:19] [ep_summary] ep=74/100 val_live=0.9630/0.9625 val_ema=0.9630/0.9631 test77_live=0.7374/0.7109 test77_diag_ema=0.7770/0.7525 v13=0.0000 grl=0.2490 v15=0.0000 v15r=0.0000 v16=0.0000 v17=0.0000 v18=0.0000 das=stage3[12,95] p=1.00 ep_time=34.4s
[19:00:19] [train] epoch 75/100 steps=40 use_dann=0 das=stage3 f=[12.0,95.0] p=1.00 gpu=3.0/11.8GB
[19:00:19] [train] ep=75 step=001/40 ce=0.2577 sc=0.7439 mi=0.0627 dn=0.0000 v13=0.0000 grl=0.2378 v15=0.0000 v15r=0.0000 v16=0.0000 v17=0.0000 v18=0.0000 acc=1.0000 lr=5.01e-05 lambda=0.000 grl_lambda=0.999 v18_lambda=0.000 gpu=3.0/11.8GB
[19:00:25] [train] ep=75 step=010/40 ce=0.2635 sc=0.7360 mi=0.0648 dn=0.0000 v13=0.0000 grl=0.2348 v15=0.0000 v15r=0.0000 v16=0.0000 v17=0.0000 v18=0.0000 acc=1.0000 lr=4.93e-05 lambda=0.000 grl_lambda=0.999 v18_lambda=0.000 gpu=3.0/11.8GB
[19:00:31] [train] ep=75 step=020/40 ce=0.2646 sc=0.7165 mi=0.0645 dn=0.0000 v13=0.0000 grl=0.2401 v15=0.0000 v15r=0.0000 v16=0.0000 v17=0.0000 v18=0.0000 acc=1.0000 lr=4.84e-05 lambda=0.000 grl_lambda=0.999 v18_lambda=0.000 gpu=3.0/11.8GB
[19:00:37] [train] ep=75 step=030/40 ce=0.2655 sc=0.7456 mi=0.0640 dn=0.0000 v13=0.0000 grl=0.2488 v15=0.0000 v15r=0.0000 v16=0.0000 v17=0.0000 v18=0.0000 acc=1.0000 lr=4.75e-05 lambda=0.000 grl_lambda=0.999 v18_lambda=0.000 gpu=3.0/11.8GB
[19:00:42] [train] ep=75 step=040/40 ce=0.2846 sc=0.7813 mi=0.0630 dn=0.0000 v13=0.0000 grl=0.2459 v15=0.0000 v15r=0.0000 v16=0.0000 v17=0.0000 v18=0.0000 acc=0.9984 lr=4.66e-05 lambda=0.000 grl_lambda=0.999 v18_lambda=0.000 gpu=3.0/11.8GB
[19:00:53] [ep_summary] ep=75/100 val_live=0.9568/0.9563 val_ema=0.9630/0.9631 test77_live=0.7122/0.6797 test77_diag_ema=0.7770/0.7525 v13=0.0000 grl=0.2459 v15=0.0000 v15r=0.0000 v16=0.0000 v17=0.0000 v18=0.0000 das=stage3[12,95] p=1.00 ep_time=34.2s
[19:00:53] [train] epoch 76/100 steps=40 use_dann=0 das=stage3 f=[12.0,95.0] p=1.00 gpu=3.0/11.8GB
[19:00:54] [train] ep=76 step=001/40 ce=0.2566 sc=0.6559 mi=0.0594 dn=0.0000 v13=0.0000 grl=0.2042 v15=0.0000 v15r=0.0000 v16=0.0000 v17=0.0000 v18=0.0000 acc=1.0000 lr=4.65e-05 lambda=0.000 grl_lambda=0.999 v18_lambda=0.000 gpu=3.0/11.8GB
[19:00:59] [train] ep=76 step=010/40 ce=0.2600 sc=0.6264 mi=0.0645 dn=0.0000 v13=0.0000 grl=0.2595 v15=0.0000 v15r=0.0000 v16=0.0000 v17=0.0000 v18=0.0000 acc=1.0000 lr=4.58e-05 lambda=0.000 grl_lambda=0.999 v18_lambda=0.000 gpu=3.0/11.8GB
[19:01:05] [train] ep=76 step=020/40 ce=0.3243 sc=0.6900 mi=0.0635 dn=0.0000 v13=0.0000 grl=0.2507 v15=0.0000 v15r=0.0000 v16=0.0000 v17=0.0000 v18=0.0000 acc=0.9969 lr=4.49e-05 lambda=0.000 grl_lambda=0.999 v18_lambda=0.000 gpu=3.0/11.8GB
[19:01:11] [train] ep=76 step=030/40 ce=0.3052 sc=0.7342 mi=0.0642 dn=0.0000 v13=0.0000 grl=0.2460 v15=0.0000 v15r=0.0000 v16=0.0000 v17=0.0000 v18=0.0000 acc=0.9979 lr=4.40e-05 lambda=0.000 grl_lambda=0.999 v18_lambda=0.000 gpu=3.0/11.8GB
[19:01:17] [train] ep=76 step=040/40 ce=0.3211 sc=0.7318 mi=0.0638 dn=0.0000 v13=0.0000 grl=0.2420 v15=0.0000 v15r=0.0000 v16=0.0000 v17=0.0000 v18=0.0000 acc=0.9953 lr=4.32e-05 lambda=0.000 grl_lambda=0.999 v18_lambda=0.000 gpu=3.0/11.8GB
[19:01:28] [ep_summary] ep=76/100 val_live=0.9568/0.9563 val_ema=0.9630/0.9631 test77_live=0.7122/0.6804 test77_diag_ema=0.7806/0.7556 v13=0.0000 grl=0.2420 v15=0.0000 v15r=0.0000 v16=0.0000 v17=0.0000 v18=0.0000 das=stage3[12,95] p=1.00 ep_time=34.8s
[19:01:28] [train] epoch 77/100 steps=40 use_dann=0 das=stage3 f=[12.0,95.0] p=1.00 gpu=3.0/11.8GB
[19:01:28] [train] ep=77 step=001/40 ce=0.2581 sc=0.5375 mi=0.0631 dn=0.0000 v13=0.0000 grl=0.2037 v15=0.0000 v15r=0.0000 v16=0.0000 v17=0.0000 v18=0.0000 acc=1.0000 lr=4.31e-05 lambda=0.000 grl_lambda=0.999 v18_lambda=0.000 gpu=3.0/11.8GB
[19:01:34] [train] ep=77 step=010/40 ce=0.3397 sc=0.7248 mi=0.0628 dn=0.0000 v13=0.0000 grl=0.2325 v15=0.0000 v15r=0.0000 v16=0.0000 v17=0.0000 v18=0.0000 acc=0.9938 lr=4.23e-05 lambda=0.000 grl_lambda=0.999 v18_lambda=0.000 gpu=3.0/11.8GB
[19:01:40] [train] ep=77 step=020/40 ce=0.3268 sc=0.7594 mi=0.0626 dn=0.0000 v13=0.0000 grl=0.2416 v15=0.0000 v15r=0.0000 v16=0.0000 v17=0.0000 v18=0.0000 acc=0.9938 lr=4.15e-05 lambda=0.000 grl_lambda=0.999 v18_lambda=0.000 gpu=3.0/11.8GB
[19:01:46] [train] ep=77 step=030/40 ce=0.3509 sc=0.7769 mi=0.0627 dn=0.0000 v13=0.0000 grl=0.2354 v15=0.0000 v15r=0.0000 v16=0.0000 v17=0.0000 v18=0.0000 acc=0.9917 lr=4.06e-05 lambda=0.000 grl_lambda=0.999 v18_lambda=0.000 gpu=3.0/11.8GB
[19:01:52] [train] ep=77 step=040/40 ce=0.3373 sc=0.7919 mi=0.0629 dn=0.0000 v13=0.0000 grl=0.2395 v15=0.0000 v15r=0.0000 v16=0.0000 v17=0.0000 v18=0.0000 acc=0.9938 lr=3.98e-05 lambda=0.000 grl_lambda=0.999 v18_lambda=0.000 gpu=3.0/11.8GB
[19:02:03] [ep_summary] ep=77/100 val_live=0.9568/0.9563 val_ema=0.9630/0.9631 test77_live=0.7230/0.6789 test77_diag_ema=0.7806/0.7563 v13=0.0000 grl=0.2395 v15=0.0000 v15r=0.0000 v16=0.0000 v17=0.0000 v18=0.0000 das=stage3[12,95] p=1.00 ep_time=34.9s
[19:02:03] [train] epoch 78/100 steps=40 use_dann=0 das=stage3 f=[12.0,95.0] p=1.00 gpu=3.0/11.8GB
[19:02:03] [train] ep=78 step=001/40 ce=0.2580 sc=0.6007 mi=0.0567 dn=0.0000 v13=0.0000 grl=0.3003 v15=0.0000 v15r=0.0000 v16=0.0000 v17=0.0000 v18=0.0000 acc=1.0000 lr=3.97e-05 lambda=0.000 grl_lambda=0.999 v18_lambda=0.000 gpu=3.0/11.8GB
[19:02:09] [train] ep=78 step=010/40 ce=0.2587 sc=0.7232 mi=0.0624 dn=0.0000 v13=0.0000 grl=0.2358 v15=0.0000 v15r=0.0000 v16=0.0000 v17=0.0000 v18=0.0000 acc=1.0000 lr=3.90e-05 lambda=0.000 grl_lambda=0.999 v18_lambda=0.000 gpu=3.0/11.8GB
[19:02:15] [train] ep=78 step=020/40 ce=0.2958 sc=0.7195 mi=0.0631 dn=0.0000 v13=0.0000 grl=0.2463 v15=0.0000 v15r=0.0000 v16=0.0000 v17=0.0000 v18=0.0000 acc=0.9969 lr=3.82e-05 lambda=0.000 grl_lambda=0.999 v18_lambda=0.000 gpu=3.0/11.8GB
[19:02:20] [train] ep=78 step=030/40 ce=0.2837 sc=0.7520 mi=0.0626 dn=0.0000 v13=0.0000 grl=0.2415 v15=0.0000 v15r=0.0000 v16=0.0000 v17=0.0000 v18=0.0000 acc=0.9979 lr=3.74e-05 lambda=0.000 grl_lambda=0.999 v18_lambda=0.000 gpu=3.0/11.8GB
[19:02:26] [train] ep=78 step=040/40 ce=0.2783 sc=0.7535 mi=0.0628 dn=0.0000 v13=0.0000 grl=0.2461 v15=0.0000 v15r=0.0000 v16=0.0000 v17=0.0000 v18=0.0000 acc=0.9984 lr=3.66e-05 lambda=0.000 grl_lambda=0.999 v18_lambda=0.000 gpu=3.0/11.8GB
[19:02:39] [ep_summary] ep=78/100 val_live=0.9568/0.9563 val_ema=0.9630/0.9631 test77_live=0.7302/0.6976 test77_diag_ema=0.7770/0.7519 v13=0.0000 grl=0.2461 v15=0.0000 v15r=0.0000 v16=0.0000 v17=0.0000 v18=0.0000 das=stage3[12,95] p=1.00 ep_time=36.5s
[19:02:39] [train] epoch 79/100 steps=40 use_dann=0 das=stage3 f=[12.0,95.0] p=1.00 gpu=3.0/11.8GB
[19:02:40] [train] ep=79 step=001/40 ce=0.2579 sc=0.8392 mi=0.0711 dn=0.0000 v13=0.0000 grl=0.1883 v15=0.0000 v15r=0.0000 v16=0.0000 v17=0.0000 v18=0.0000 acc=1.0000 lr=3.65e-05 lambda=0.000 grl_lambda=0.999 v18_lambda=0.000 gpu=3.0/11.8GB
[19:02:45] [train] ep=79 step=010/40 ce=0.2585 sc=0.8539 mi=0.0653 dn=0.0000 v13=0.0000 grl=0.2391 v15=0.0000 v15r=0.0000 v16=0.0000 v17=0.0000 v18=0.0000 acc=1.0000 lr=3.58e-05 lambda=0.000 grl_lambda=0.999 v18_lambda=0.000 gpu=3.0/11.8GB
[19:02:51] [train] ep=79 step=020/40 ce=0.2859 sc=0.8540 mi=0.0637 dn=0.0000 v13=0.0000 grl=0.2281 v15=0.0000 v15r=0.0000 v16=0.0000 v17=0.0000 v18=0.0000 acc=0.9969 lr=3.50e-05 lambda=0.000 grl_lambda=0.999 v18_lambda=0.000 gpu=3.0/11.8GB
[19:02:57] [train] ep=79 step=030/40 ce=0.2766 sc=0.8291 mi=0.0638 dn=0.0000 v13=0.0000 grl=0.2270 v15=0.0000 v15r=0.0000 v16=0.0000 v17=0.0000 v18=0.0000 acc=0.9979 lr=3.42e-05 lambda=0.000 grl_lambda=0.999 v18_lambda=0.000 gpu=3.0/11.8GB
[19:03:03] [train] ep=79 step=040/40 ce=0.2718 sc=0.8222 mi=0.0637 dn=0.0000 v13=0.0000 grl=0.2332 v15=0.0000 v15r=0.0000 v16=0.0000 v17=0.0000 v18=0.0000 acc=0.9984 lr=3.35e-05 lambda=0.000 grl_lambda=0.999 v18_lambda=0.000 gpu=3.0/11.8GB
[19:03:14] [ep_summary] ep=79/100 val_live=0.9568/0.9563 val_ema=0.9630/0.9631 test77_live=0.7302/0.6962 test77_diag_ema=0.7770/0.7519 v13=0.0000 grl=0.2332 v15=0.0000 v15r=0.0000 v16=0.0000 v17=0.0000 v18=0.0000 das=stage3[12,95] p=1.00 ep_time=34.5s
[19:03:14] [train] epoch 80/100 steps=40 use_dann=0 das=stage3 f=[12.0,95.0] p=1.00 gpu=3.0/11.8GB
[19:03:14] [train] ep=80 step=001/40 ce=0.2585 sc=0.8439 mi=0.0584 dn=0.0000 v13=0.0000 grl=0.3432 v15=0.0000 v15r=0.0000 v16=0.0000 v17=0.0000 v18=0.0000 acc=1.0000 lr=3.34e-05 lambda=0.000 grl_lambda=0.999 v18_lambda=0.000 gpu=3.0/11.8GB
[19:03:20] [train] ep=80 step=010/40 ce=0.2800 sc=0.7424 mi=0.0626 dn=0.0000 v13=0.0000 grl=0.2483 v15=0.0000 v15r=0.0000 v16=0.0000 v17=0.0000 v18=0.0000 acc=1.0000 lr=3.27e-05 lambda=0.000 grl_lambda=0.999 v18_lambda=0.000 gpu=3.0/11.8GB
[19:03:26] [train] ep=80 step=020/40 ce=0.2688 sc=0.7393 mi=0.0632 dn=0.0000 v13=0.0000 grl=0.2394 v15=0.0000 v15r=0.0000 v16=0.0000 v17=0.0000 v18=0.0000 acc=1.0000 lr=3.19e-05 lambda=0.000 grl_lambda=0.999 v18_lambda=0.000 gpu=3.0/11.8GB
[19:03:31] [train] ep=80 step=030/40 ce=0.2876 sc=0.7472 mi=0.0642 dn=0.0000 v13=0.0000 grl=0.2374 v15=0.0000 v15r=0.0000 v16=0.0000 v17=0.0000 v18=0.0000 acc=0.9979 lr=3.12e-05 lambda=0.000 grl_lambda=0.999 v18_lambda=0.000 gpu=3.0/11.8GB
[19:03:37] [train] ep=80 step=040/40 ce=0.2863 sc=0.7603 mi=0.0627 dn=0.0000 v13=0.0000 grl=0.2291 v15=0.0000 v15r=0.0000 v16=0.0000 v17=0.0000 v18=0.0000 acc=0.9984 lr=3.05e-05 lambda=0.000 grl_lambda=0.999 v18_lambda=0.000 gpu=3.0/11.8GB
[19:03:48] [pool] check ep=080/100 source_val_acc_ema=0.9630 threshold=0.90
[19:03:53] [pool] ep=080 ADDED src_val=0.9630/0.9631 dev77=0.6929/0.6595 final77=0.7770/0.7519
[19:03:53] [pool] running best ep=060 dev77_f1=0.7050 final77_f1=0.7431 (pool_size=5)
[19:03:53] [ep_summary] ep=80/100 val_live=0.9568/0.9563 val_ema=0.9630/0.9631 test77_live=0.7266/0.6974 test77_diag_ema=0.7770/0.7519 v13=0.0000 grl=0.2291 v15=0.0000 v15r=0.0000 v16=0.0000 v17=0.0000 v18=0.0000 das=stage3[12,95] p=1.00 ep_time=39.3s
[19:03:53] [strict77_monitor] ep=80 best_source_epoch=38 source_val_ema=0.9630/0.9635 test77_ema_diag=0.5324/0.4641 sourcequalified_count=49 best_sourcequalified77_epoch=69 source_val_ema=0.9630/0.9631 test77_ema=0.7914/0.7644
[19:03:53] [train] epoch 81/100 steps=40 use_dann=0 das=stage3 f=[12.0,95.0] p=1.00 gpu=3.0/11.8GB
[19:03:54] [train] ep=81 step=001/40 ce=0.2588 sc=0.7326 mi=0.0610 dn=0.0000 v13=0.0000 grl=0.2003 v15=0.0000 v15r=0.0000 v16=0.0000 v17=0.0000 v18=0.0000 acc=1.0000 lr=3.04e-05 lambda=0.000 grl_lambda=0.999 v18_lambda=0.000 gpu=3.0/11.8GB
[19:03:59] [train] ep=81 step=010/40 ce=0.2579 sc=0.8769 mi=0.0633 dn=0.0000 v13=0.0000 grl=0.2048 v15=0.0000 v15r=0.0000 v16=0.0000 v17=0.0000 v18=0.0000 acc=1.0000 lr=2.97e-05 lambda=0.000 grl_lambda=0.999 v18_lambda=0.000 gpu=3.0/11.8GB
[19:04:05] [train] ep=81 step=020/40 ce=0.2586 sc=0.7916 mi=0.0627 dn=0.0000 v13=0.0000 grl=0.2264 v15=0.0000 v15r=0.0000 v16=0.0000 v17=0.0000 v18=0.0000 acc=1.0000 lr=2.90e-05 lambda=0.000 grl_lambda=0.999 v18_lambda=0.000 gpu=3.0/11.8GB
[19:04:11] [train] ep=81 step=030/40 ce=0.2927 sc=0.8733 mi=0.0645 dn=0.0000 v13=0.0000 grl=0.2325 v15=0.0000 v15r=0.0000 v16=0.0000 v17=0.0000 v18=0.0000 acc=0.9979 lr=2.83e-05 lambda=0.000 grl_lambda=0.999 v18_lambda=0.000 gpu=3.0/11.8GB
[19:04:16] [train] ep=81 step=040/40 ce=0.2839 sc=0.8723 mi=0.0633 dn=0.0000 v13=0.0000 grl=0.2271 v15=0.0000 v15r=0.0000 v16=0.0000 v17=0.0000 v18=0.0000 acc=0.9984 lr=2.76e-05 lambda=0.000 grl_lambda=0.999 v18_lambda=0.000 gpu=3.0/11.8GB
[19:04:41] [ep_summary] ep=81/100 val_live=0.9568/0.9563 val_ema=0.9630/0.9631 test77_live=0.7230/0.6909 test77_diag_ema=0.7698/0.7444 v13=0.0000 grl=0.2271 v15=0.0000 v15r=0.0000 v16=0.0000 v17=0.0000 v18=0.0000 das=stage3[12,95] p=1.00 ep_time=47.9s
[19:04:41] [train] epoch 82/100 steps=40 use_dann=0 das=stage3 f=[12.0,95.0] p=1.00 gpu=3.0/11.8GB
[19:04:42] [train] ep=82 step=001/40 ce=0.2576 sc=0.6313 mi=0.0601 dn=0.0000 v13=0.0000 grl=0.2573 v15=0.0000 v15r=0.0000 v16=0.0000 v17=0.0000 v18=0.0000 acc=1.0000 lr=2.75e-05 lambda=0.000 grl_lambda=0.999 v18_lambda=0.000 gpu=3.0/11.8GB
[19:04:47] [train] ep=82 step=010/40 ce=0.4033 sc=0.8393 mi=0.0652 dn=0.0000 v13=0.0000 grl=0.2279 v15=0.0000 v15r=0.0000 v16=0.0000 v17=0.0000 v18=0.0000 acc=0.9875 lr=2.69e-05 lambda=0.000 grl_lambda=0.999 v18_lambda=0.000 gpu=3.0/11.8GB
[19:04:53] [train] ep=82 step=020/40 ce=0.3608 sc=0.7640 mi=0.0623 dn=0.0000 v13=0.0000 grl=0.2344 v15=0.0000 v15r=0.0000 v16=0.0000 v17=0.0000 v18=0.0000 acc=0.9906 lr=2.62e-05 lambda=0.000 grl_lambda=0.999 v18_lambda=0.000 gpu=3.0/11.8GB
[19:04:59] [train] ep=82 step=030/40 ce=0.3275 sc=0.7939 mi=0.0624 dn=0.0000 v13=0.0000 grl=0.2434 v15=0.0000 v15r=0.0000 v16=0.0000 v17=0.0000 v18=0.0000 acc=0.9938 lr=2.55e-05 lambda=0.000 grl_lambda=0.999 v18_lambda=0.000 gpu=3.0/11.8GB
[19:05:05] [train] ep=82 step=040/40 ce=0.3139 sc=0.7939 mi=0.0626 dn=0.0000 v13=0.0000 grl=0.2317 v15=0.0000 v15r=0.0000 v16=0.0000 v17=0.0000 v18=0.0000 acc=0.9953 lr=2.48e-05 lambda=0.000 grl_lambda=0.999 v18_lambda=0.000 gpu=3.0/11.8GB
[19:05:38] [ep_summary] ep=82/100 val_live=0.9568/0.9563 val_ema=0.9630/0.9631 test77_live=0.7122/0.6831 test77_diag_ema=0.7662/0.7407 v13=0.0000 grl=0.2317 v15=0.0000 v15r=0.0000 v16=0.0000 v17=0.0000 v18=0.0000 das=stage3[12,95] p=1.00 ep_time=56.9s
[19:05:38] [train] epoch 83/100 steps=40 use_dann=0 das=stage3 f=[12.0,95.0] p=1.00 gpu=3.0/11.8GB
[19:05:39] [train] ep=83 step=001/40 ce=0.2585 sc=0.7575 mi=0.0614 dn=0.0000 v13=0.0000 grl=0.2276 v15=0.0000 v15r=0.0000 v16=0.0000 v17=0.0000 v18=0.0000 acc=1.0000 lr=2.48e-05 lambda=0.000 grl_lambda=0.999 v18_lambda=0.000 gpu=3.0/11.8GB
[19:05:44] [train] ep=83 step=010/40 ce=0.2954 sc=0.6789 mi=0.0643 dn=0.0000 v13=0.0000 grl=0.2355 v15=0.0000 v15r=0.0000 v16=0.0000 v17=0.0000 v18=0.0000 acc=1.0000 lr=2.42e-05 lambda=0.000 grl_lambda=0.999 v18_lambda=0.000 gpu=3.0/11.8GB
[19:05:50] [train] ep=83 step=020/40 ce=0.2779 sc=0.7460 mi=0.0632 dn=0.0000 v13=0.0000 grl=0.2267 v15=0.0000 v15r=0.0000 v16=0.0000 v17=0.0000 v18=0.0000 acc=1.0000 lr=2.35e-05 lambda=0.000 grl_lambda=0.999 v18_lambda=0.000 gpu=3.0/11.8GB
[19:05:56] [train] ep=83 step=030/40 ce=0.2899 sc=0.7372 mi=0.0630 dn=0.0000 v13=0.0000 grl=0.2309 v15=0.0000 v15r=0.0000 v16=0.0000 v17=0.0000 v18=0.0000 acc=1.0000 lr=2.29e-05 lambda=0.000 grl_lambda=0.999 v18_lambda=0.000 gpu=3.0/11.8GB
[19:06:02] [train] ep=83 step=040/40 ce=0.2820 sc=0.7542 mi=0.0625 dn=0.0000 v13=0.0000 grl=0.2244 v15=0.0000 v15r=0.0000 v16=0.0000 v17=0.0000 v18=0.0000 acc=1.0000 lr=2.22e-05 lambda=0.000 grl_lambda=1.000 v18_lambda=0.000 gpu=3.0/11.8GB
[19:06:19] [ep_summary] ep=83/100 val_live=0.9568/0.9559 val_ema=0.9630/0.9631 test77_live=0.7194/0.6923 test77_diag_ema=0.7662/0.7407 v13=0.0000 grl=0.2244 v15=0.0000 v15r=0.0000 v16=0.0000 v17=0.0000 v18=0.0000 das=stage3[12,95] p=1.00 ep_time=40.6s
[19:06:19] [train] epoch 84/100 steps=40 use_dann=0 das=stage3 f=[12.0,95.0] p=1.00 gpu=3.0/11.8GB
[19:06:19] [train] ep=84 step=001/40 ce=0.2583 sc=0.5662 mi=0.0723 dn=0.0000 v13=0.0000 grl=0.2020 v15=0.0000 v15r=0.0000 v16=0.0000 v17=0.0000 v18=0.0000 acc=1.0000 lr=2.22e-05 lambda=0.000 grl_lambda=1.000 v18_lambda=0.000 gpu=3.0/11.8GB
[19:06:24] [train] ep=84 step=010/40 ce=0.2580 sc=0.7574 mi=0.0665 dn=0.0000 v13=0.0000 grl=0.2758 v15=0.0000 v15r=0.0000 v16=0.0000 v17=0.0000 v18=0.0000 acc=1.0000 lr=2.16e-05 lambda=0.000 grl_lambda=1.000 v18_lambda=0.000 gpu=3.0/11.8GB
[19:06:30] [train] ep=84 step=020/40 ce=0.2582 sc=0.7851 mi=0.0653 dn=0.0000 v13=0.0000 grl=0.2506 v15=0.0000 v15r=0.0000 v16=0.0000 v17=0.0000 v18=0.0000 acc=1.0000 lr=2.10e-05 lambda=0.000 grl_lambda=1.000 v18_lambda=0.000 gpu=3.0/11.8GB
[19:06:36] [train] ep=84 step=030/40 ce=0.2585 sc=0.7974 mi=0.0639 dn=0.0000 v13=0.0000 grl=0.2367 v15=0.0000 v15r=0.0000 v16=0.0000 v17=0.0000 v18=0.0000 acc=1.0000 lr=2.04e-05 lambda=0.000 grl_lambda=1.000 v18_lambda=0.000 gpu=3.0/11.8GB
[19:06:42] [train] ep=84 step=040/40 ce=0.2584 sc=0.7751 mi=0.0638 dn=0.0000 v13=0.0000 grl=0.2403 v15=0.0000 v15r=0.0000 v16=0.0000 v17=0.0000 v18=0.0000 acc=1.0000 lr=1.98e-05 lambda=0.000 grl_lambda=1.000 v18_lambda=0.000 gpu=3.0/11.8GB
[19:06:53] [ep_summary] ep=84/100 val_live=0.9568/0.9559 val_ema=0.9630/0.9631 test77_live=0.7158/0.6899 test77_diag_ema=0.7626/0.7370 v13=0.0000 grl=0.2403 v15=0.0000 v15r=0.0000 v16=0.0000 v17=0.0000 v18=0.0000 das=stage3[12,95] p=1.00 ep_time=34.6s
[19:06:53] [train] epoch 85/100 steps=40 use_dann=0 das=stage3 f=[12.0,95.0] p=1.00 gpu=3.0/11.8GB
[19:06:55] [train] ep=85 step=001/40 ce=0.2579 sc=0.7264 mi=0.0598 dn=0.0000 v13=0.0000 grl=0.2011 v15=0.0000 v15r=0.0000 v16=0.0000 v17=0.0000 v18=0.0000 acc=1.0000 lr=1.97e-05 lambda=0.000 grl_lambda=1.000 v18_lambda=0.000 gpu=3.0/11.8GB
[19:07:00] [train] ep=85 step=010/40 ce=0.2593 sc=0.6857 mi=0.0624 dn=0.0000 v13=0.0000 grl=0.2408 v15=0.0000 v15r=0.0000 v16=0.0000 v17=0.0000 v18=0.0000 acc=1.0000 lr=1.92e-05 lambda=0.000 grl_lambda=1.000 v18_lambda=0.000 gpu=3.0/11.8GB
[19:07:06] [train] ep=85 step=020/40 ce=0.2908 sc=0.7656 mi=0.0619 dn=0.0000 v13=0.0000 grl=0.2549 v15=0.0000 v15r=0.0000 v16=0.0000 v17=0.0000 v18=0.0000 acc=0.9969 lr=1.86e-05 lambda=0.000 grl_lambda=1.000 v18_lambda=0.000 gpu=3.0/11.8GB
[19:07:12] [train] ep=85 step=030/40 ce=0.2820 sc=0.8118 mi=0.0634 dn=0.0000 v13=0.0000 grl=0.2492 v15=0.0000 v15r=0.0000 v16=0.0000 v17=0.0000 v18=0.0000 acc=0.9979 lr=1.80e-05 lambda=0.000 grl_lambda=1.000 v18_lambda=0.000 gpu=3.0/11.8GB
[19:07:18] [train] ep=85 step=040/40 ce=0.2892 sc=0.7962 mi=0.0635 dn=0.0000 v13=0.0000 grl=0.2485 v15=0.0000 v15r=0.0000 v16=0.0000 v17=0.0000 v18=0.0000 acc=0.9969 lr=1.74e-05 lambda=0.000 grl_lambda=1.000 v18_lambda=0.000 gpu=3.0/11.8GB
[19:07:28] [ep_summary] ep=85/100 val_live=0.9568/0.9559 val_ema=0.9630/0.9631 test77_live=0.7302/0.7091 test77_diag_ema=0.7662/0.7396 v13=0.0000 grl=0.2485 v15=0.0000 v15r=0.0000 v16=0.0000 v17=0.0000 v18=0.0000 das=stage3[12,95] p=1.00 ep_time=35.2s
[19:07:28] [train] epoch 86/100 steps=40 use_dann=0 das=stage3 f=[12.0,95.0] p=1.00 gpu=3.0/11.8GB
[19:07:29] [train] ep=86 step=001/40 ce=0.2969 sc=0.9367 mi=0.0764 dn=0.0000 v13=0.0000 grl=0.1465 v15=0.0000 v15r=0.0000 v16=0.0000 v17=0.0000 v18=0.0000 acc=1.0000 lr=1.74e-05 lambda=0.000 grl_lambda=1.000 v18_lambda=0.000 gpu=3.0/11.8GB
[19:07:34] [train] ep=86 step=010/40 ce=0.2814 sc=0.7020 mi=0.0652 dn=0.0000 v13=0.0000 grl=0.2270 v15=0.0000 v15r=0.0000 v16=0.0000 v17=0.0000 v18=0.0000 acc=1.0000 lr=1.68e-05 lambda=0.000 grl_lambda=1.000 v18_lambda=0.000 gpu=3.0/11.8GB
[19:07:40] [train] ep=86 step=020/40 ce=0.2798 sc=0.7135 mi=0.0652 dn=0.0000 v13=0.0000 grl=0.2435 v15=0.0000 v15r=0.0000 v16=0.0000 v17=0.0000 v18=0.0000 acc=1.0000 lr=1.63e-05 lambda=0.000 grl_lambda=1.000 v18_lambda=0.000 gpu=3.0/11.8GB
[19:07:46] [train] ep=86 step=030/40 ce=0.2749 sc=0.7261 mi=0.0648 dn=0.0000 v13=0.0000 grl=0.2452 v15=0.0000 v15r=0.0000 v16=0.0000 v17=0.0000 v18=0.0000 acc=1.0000 lr=1.57e-05 lambda=0.000 grl_lambda=1.000 v18_lambda=0.000 gpu=3.0/11.8GB
[19:07:52] [train] ep=86 step=040/40 ce=0.2825 sc=0.7571 mi=0.0646 dn=0.0000 v13=0.0000 grl=0.2486 v15=0.0000 v15r=0.0000 v16=0.0000 v17=0.0000 v18=0.0000 acc=0.9984 lr=1.52e-05 lambda=0.000 grl_lambda=1.000 v18_lambda=0.000 gpu=3.0/11.8GB
[19:08:02] [ep_summary] ep=86/100 val_live=0.9568/0.9559 val_ema=0.9630/0.9631 test77_live=0.7266/0.7054 test77_diag_ema=0.7554/0.7296 v13=0.0000 grl=0.2486 v15=0.0000 v15r=0.0000 v16=0.0000 v17=0.0000 v18=0.0000 das=stage3[12,95] p=1.00 ep_time=34.1s
[19:08:03] [train] epoch 87/100 steps=40 use_dann=0 das=stage3 f=[12.0,95.0] p=1.00 gpu=3.0/11.8GB
[19:08:03] [train] ep=87 step=001/40 ce=0.2583 sc=0.7158 mi=0.0692 dn=0.0000 v13=0.0000 grl=0.3134 v15=0.0000 v15r=0.0000 v16=0.0000 v17=0.0000 v18=0.0000 acc=1.0000 lr=1.52e-05 lambda=0.000 grl_lambda=1.000 v18_lambda=0.000 gpu=3.0/11.8GB
[19:08:08] [train] ep=87 step=010/40 ce=0.2577 sc=0.6829 mi=0.0631 dn=0.0000 v13=0.0000 grl=0.2531 v15=0.0000 v15r=0.0000 v16=0.0000 v17=0.0000 v18=0.0000 acc=1.0000 lr=1.47e-05 lambda=0.000 grl_lambda=1.000 v18_lambda=0.000 gpu=3.0/11.8GB
[19:08:14] [train] ep=87 step=020/40 ce=0.2730 sc=0.7399 mi=0.0626 dn=0.0000 v13=0.0000 grl=0.2434 v15=0.0000 v15r=0.0000 v16=0.0000 v17=0.0000 v18=0.0000 acc=1.0000 lr=1.42e-05 lambda=0.000 grl_lambda=1.000 v18_lambda=0.000 gpu=3.0/11.8GB
[19:08:20] [train] ep=87 step=030/40 ce=0.2812 sc=0.7263 mi=0.0635 dn=0.0000 v13=0.0000 grl=0.2458 v15=0.0000 v15r=0.0000 v16=0.0000 v17=0.0000 v18=0.0000 acc=0.9979 lr=1.37e-05 lambda=0.000 grl_lambda=1.000 v18_lambda=0.000 gpu=3.0/11.8GB
[19:08:27] [train] ep=87 step=040/40 ce=0.2795 sc=0.7357 mi=0.0632 dn=0.0000 v13=0.0000 grl=0.2422 v15=0.0000 v15r=0.0000 v16=0.0000 v17=0.0000 v18=0.0000 acc=0.9984 lr=1.31e-05 lambda=0.000 grl_lambda=1.000 v18_lambda=0.000 gpu=3.0/11.8GB
[19:08:38] [ep_summary] ep=87/100 val_live=0.9630/0.9623 val_ema=0.9630/0.9631 test77_live=0.7230/0.6986 test77_diag_ema=0.7518/0.7262 v13=0.0000 grl=0.2422 v15=0.0000 v15r=0.0000 v16=0.0000 v17=0.0000 v18=0.0000 das=stage3[12,95] p=1.00 ep_time=35.4s
[19:08:38] [train] epoch 88/100 steps=40 use_dann=0 das=stage3 f=[12.0,95.0] p=1.00 gpu=3.0/11.8GB
[19:08:39] [train] ep=88 step=001/40 ce=0.2568 sc=0.4640 mi=0.0688 dn=0.0000 v13=0.0000 grl=0.2529 v15=0.0000 v15r=0.0000 v16=0.0000 v17=0.0000 v18=0.0000 acc=1.0000 lr=1.31e-05 lambda=0.000 grl_lambda=1.000 v18_lambda=0.000 gpu=3.0/11.8GB
[19:08:44] [train] ep=88 step=010/40 ce=0.2584 sc=0.7441 mi=0.0658 dn=0.0000 v13=0.0000 grl=0.2435 v15=0.0000 v15r=0.0000 v16=0.0000 v17=0.0000 v18=0.0000 acc=1.0000 lr=1.27e-05 lambda=0.000 grl_lambda=1.000 v18_lambda=0.000 gpu=3.0/11.8GB
[19:08:50] [train] ep=88 step=020/40 ce=0.2580 sc=0.8110 mi=0.0646 dn=0.0000 v13=0.0000 grl=0.2454 v15=0.0000 v15r=0.0000 v16=0.0000 v17=0.0000 v18=0.0000 acc=1.0000 lr=1.22e-05 lambda=0.000 grl_lambda=1.000 v18_lambda=0.000 gpu=3.0/11.8GB
[19:08:56] [train] ep=88 step=030/40 ce=0.2966 sc=0.8322 mi=0.0647 dn=0.0000 v13=0.0000 grl=0.2433 v15=0.0000 v15r=0.0000 v16=0.0000 v17=0.0000 v18=0.0000 acc=0.9979 lr=1.17e-05 lambda=0.000 grl_lambda=1.000 v18_lambda=0.000 gpu=3.0/11.8GB
[19:09:02] [train] ep=88 step=040/40 ce=0.2960 sc=0.8171 mi=0.0642 dn=0.0000 v13=0.0000 grl=0.2468 v15=0.0000 v15r=0.0000 v16=0.0000 v17=0.0000 v18=0.0000 acc=0.9984 lr=1.12e-05 lambda=0.000 grl_lambda=1.000 v18_lambda=0.000 gpu=3.0/11.8GB
[19:09:13] [ep_summary] ep=88/100 val_live=0.9630/0.9623 val_ema=0.9630/0.9631 test77_live=0.7194/0.6900 test77_diag_ema=0.7518/0.7262 v13=0.0000 grl=0.2468 v15=0.0000 v15r=0.0000 v16=0.0000 v17=0.0000 v18=0.0000 das=stage3[12,95] p=1.00 ep_time=34.9s
[19:09:13] [train] epoch 89/100 steps=40 use_dann=0 das=stage3 f=[12.0,95.0] p=1.00 gpu=3.0/11.8GB
[19:09:13] [train] ep=89 step=001/40 ce=0.2592 sc=0.5993 mi=0.0676 dn=0.0000 v13=0.0000 grl=0.3482 v15=0.0000 v15r=0.0000 v16=0.0000 v17=0.0000 v18=0.0000 acc=1.0000 lr=1.12e-05 lambda=0.000 grl_lambda=1.000 v18_lambda=0.000 gpu=3.0/11.8GB
[19:09:19] [train] ep=89 step=010/40 ce=0.2575 sc=0.7874 mi=0.0647 dn=0.0000 v13=0.0000 grl=0.2755 v15=0.0000 v15r=0.0000 v16=0.0000 v17=0.0000 v18=0.0000 acc=1.0000 lr=1.08e-05 lambda=0.000 grl_lambda=1.000 v18_lambda=0.000 gpu=3.0/11.8GB
[19:09:25] [train] ep=89 step=020/40 ce=0.2599 sc=0.7056 mi=0.0624 dn=0.0000 v13=0.0000 grl=0.2372 v15=0.0000 v15r=0.0000 v16=0.0000 v17=0.0000 v18=0.0000 acc=1.0000 lr=1.03e-05 lambda=0.000 grl_lambda=1.000 v18_lambda=0.000 gpu=3.0/11.8GB
[19:09:31] [train] ep=89 step=030/40 ce=0.2730 sc=0.7422 mi=0.0617 dn=0.0000 v13=0.0000 grl=0.2417 v15=0.0000 v15r=0.0000 v16=0.0000 v17=0.0000 v18=0.0000 acc=1.0000 lr=9.89e-06 lambda=0.000 grl_lambda=1.000 v18_lambda=0.000 gpu=3.0/11.8GB
[19:09:37] [train] ep=89 step=040/40 ce=0.2934 sc=0.7588 mi=0.0619 dn=0.0000 v13=0.0000 grl=0.2394 v15=0.0000 v15r=0.0000 v16=0.0000 v17=0.0000 v18=0.0000 acc=0.9984 lr=9.46e-06 lambda=0.000 grl_lambda=1.000 v18_lambda=0.000 gpu=3.0/11.8GB
[19:09:48] [ep_summary] ep=89/100 val_live=0.9630/0.9623 val_ema=0.9630/0.9631 test77_live=0.7158/0.6851 test77_diag_ema=0.7554/0.7284 v13=0.0000 grl=0.2394 v15=0.0000 v15r=0.0000 v16=0.0000 v17=0.0000 v18=0.0000 das=stage3[12,95] p=1.00 ep_time=34.8s
[19:09:48] [train] epoch 90/100 steps=40 use_dann=0 das=stage3 f=[12.0,95.0] p=1.00 gpu=3.0/11.8GB
[19:09:48] [train] ep=90 step=001/40 ce=0.2568 sc=0.5985 mi=0.0611 dn=0.0000 v13=0.0000 grl=0.1733 v15=0.0000 v15r=0.0000 v16=0.0000 v17=0.0000 v18=0.0000 acc=1.0000 lr=9.42e-06 lambda=0.000 grl_lambda=1.000 v18_lambda=0.000 gpu=3.0/11.8GB
[19:09:54] [train] ep=90 step=010/40 ce=0.2709 sc=0.5995 mi=0.0667 dn=0.0000 v13=0.0000 grl=0.2298 v15=0.0000 v15r=0.0000 v16=0.0000 v17=0.0000 v18=0.0000 acc=1.0000 lr=9.04e-06 lambda=0.000 grl_lambda=1.000 v18_lambda=0.000 gpu=3.0/11.8GB
[19:09:59] [train] ep=90 step=020/40 ce=0.2640 sc=0.6849 mi=0.0643 dn=0.0000 v13=0.0000 grl=0.2375 v15=0.0000 v15r=0.0000 v16=0.0000 v17=0.0000 v18=0.0000 acc=1.0000 lr=8.63e-06 lambda=0.000 grl_lambda=1.000 v18_lambda=0.000 gpu=3.0/11.8GB
[19:10:06] [train] ep=90 step=030/40 ce=0.2678 sc=0.7035 mi=0.0645 dn=0.0000 v13=0.0000 grl=0.2431 v15=0.0000 v15r=0.0000 v16=0.0000 v17=0.0000 v18=0.0000 acc=1.0000 lr=8.23e-06 lambda=0.000 grl_lambda=1.000 v18_lambda=0.000 gpu=3.0/11.8GB
[19:10:11] [train] ep=90 step=040/40 ce=0.2655 sc=0.7116 mi=0.0641 dn=0.0000 v13=0.0000 grl=0.2393 v15=0.0000 v15r=0.0000 v16=0.0000 v17=0.0000 v18=0.0000 acc=1.0000 lr=7.84e-06 lambda=0.000 grl_lambda=1.000 v18_lambda=0.000 gpu=3.0/11.8GB
[19:10:22] [pool] check ep=090/100 source_val_acc_ema=0.9630 threshold=0.90
[19:10:27] [pool] ep=090 ADDED src_val=0.9630/0.9631 dev77=0.6643/0.6283 final77=0.7554/0.7284
[19:10:27] [pool] running best ep=060 dev77_f1=0.7050 final77_f1=0.7431 (pool_size=6)
[19:10:27] [ep_summary] ep=90/100 val_live=0.9630/0.9623 val_ema=0.9630/0.9631 test77_live=0.7122/0.6793 test77_diag_ema=0.7554/0.7284 v13=0.0000 grl=0.2393 v15=0.0000 v15r=0.0000 v16=0.0000 v17=0.0000 v18=0.0000 das=stage3[12,95] p=1.00 ep_time=39.8s
[19:10:27] [strict77_monitor] ep=90 best_source_epoch=38 source_val_ema=0.9630/0.9635 test77_ema_diag=0.5324/0.4641 sourcequalified_count=59 best_sourcequalified77_epoch=69 source_val_ema=0.9630/0.9631 test77_ema=0.7914/0.7644
[19:10:27] [train] epoch 91/100 steps=40 use_dann=0 das=stage3 f=[12.0,95.0] p=1.00 gpu=3.0/11.8GB
[19:10:28] [train] ep=91 step=001/40 ce=0.2585 sc=0.8643 mi=0.0519 dn=0.0000 v13=0.0000 grl=0.1810 v15=0.0000 v15r=0.0000 v16=0.0000 v17=0.0000 v18=0.0000 acc=1.0000 lr=7.80e-06 lambda=0.000 grl_lambda=1.000 v18_lambda=0.000 gpu=3.0/11.8GB
[19:10:33] [train] ep=91 step=010/40 ce=0.2585 sc=0.8285 mi=0.0621 dn=0.0000 v13=0.0000 grl=0.2096 v15=0.0000 v15r=0.0000 v16=0.0000 v17=0.0000 v18=0.0000 acc=1.0000 lr=7.45e-06 lambda=0.000 grl_lambda=1.000 v18_lambda=0.000 gpu=3.0/11.8GB
[19:10:39] [train] ep=91 step=020/40 ce=0.3109 sc=0.9069 mi=0.0642 dn=0.0000 v13=0.0000 grl=0.2289 v15=0.0000 v15r=0.0000 v16=0.0000 v17=0.0000 v18=0.0000 acc=0.9969 lr=7.08e-06 lambda=0.000 grl_lambda=1.000 v18_lambda=0.000 gpu=3.0/11.8GB
[19:10:45] [train] ep=91 step=030/40 ce=0.2936 sc=0.8769 mi=0.0643 dn=0.0000 v13=0.0000 grl=0.2419 v15=0.0000 v15r=0.0000 v16=0.0000 v17=0.0000 v18=0.0000 acc=0.9979 lr=6.72e-06 lambda=0.000 grl_lambda=1.000 v18_lambda=0.000 gpu=3.0/11.8GB
[19:10:51] [train] ep=91 step=040/40 ce=0.2846 sc=0.8593 mi=0.0632 dn=0.0000 v13=0.0000 grl=0.2393 v15=0.0000 v15r=0.0000 v16=0.0000 v17=0.0000 v18=0.0000 acc=0.9984 lr=6.36e-06 lambda=0.000 grl_lambda=1.000 v18_lambda=0.000 gpu=3.0/11.8GB
[19:11:02] [ep_summary] ep=91/100 val_live=0.9630/0.9623 val_ema=0.9630/0.9631 test77_live=0.7122/0.6793 test77_diag_ema=0.7518/0.7246 v13=0.0000 grl=0.2393 v15=0.0000 v15r=0.0000 v16=0.0000 v17=0.0000 v18=0.0000 das=stage3[12,95] p=1.00 ep_time=34.6s
[19:11:02] [train] epoch 92/100 steps=40 use_dann=0 das=stage3 f=[12.0,95.0] p=1.00 gpu=3.0/11.8GB
[19:11:03] [train] ep=92 step=001/40 ce=0.2580 sc=1.1583 mi=0.0575 dn=0.0000 v13=0.0000 grl=0.2149 v15=0.0000 v15r=0.0000 v16=0.0000 v17=0.0000 v18=0.0000 acc=1.0000 lr=6.33e-06 lambda=0.000 grl_lambda=1.000 v18_lambda=0.000 gpu=3.0/11.8GB
[19:11:08] [train] ep=92 step=010/40 ce=0.2815 sc=0.9032 mi=0.0626 dn=0.0000 v13=0.0000 grl=0.2735 v15=0.0000 v15r=0.0000 v16=0.0000 v17=0.0000 v18=0.0000 acc=1.0000 lr=6.02e-06 lambda=0.000 grl_lambda=1.000 v18_lambda=0.000 gpu=3.0/11.8GB
[19:11:14] [train] ep=92 step=020/40 ce=0.2951 sc=0.8121 mi=0.0630 dn=0.0000 v13=0.0000 grl=0.2694 v15=0.0000 v15r=0.0000 v16=0.0000 v17=0.0000 v18=0.0000 acc=1.0000 lr=5.68e-06 lambda=0.000 grl_lambda=1.000 v18_lambda=0.000 gpu=3.0/11.8GB
[19:11:20] [train] ep=92 step=030/40 ce=0.2844 sc=0.8206 mi=0.0634 dn=0.0000 v13=0.0000 grl=0.2617 v15=0.0000 v15r=0.0000 v16=0.0000 v17=0.0000 v18=0.0000 acc=1.0000 lr=5.35e-06 lambda=0.000 grl_lambda=1.000 v18_lambda=0.000 gpu=3.0/11.8GB
[19:11:26] [train] ep=92 step=040/40 ce=0.2776 sc=0.8194 mi=0.0635 dn=0.0000 v13=0.0000 grl=0.2624 v15=0.0000 v15r=0.0000 v16=0.0000 v17=0.0000 v18=0.0000 acc=1.0000 lr=5.04e-06 lambda=0.000 grl_lambda=1.000 v18_lambda=0.000 gpu=3.0/11.8GB
[19:11:37] [ep_summary] ep=92/100 val_live=0.9630/0.9623 val_ema=0.9630/0.9631 test77_live=0.7122/0.6793 test77_diag_ema=0.7518/0.7246 v13=0.0000 grl=0.2624 v15=0.0000 v15r=0.0000 v16=0.0000 v17=0.0000 v18=0.0000 das=stage3[12,95] p=1.00 ep_time=34.7s
[19:11:37] [train] epoch 93/100 steps=40 use_dann=0 das=stage3 f=[12.0,95.0] p=1.00 gpu=3.0/11.8GB
[19:11:37] [train] ep=93 step=001/40 ce=0.2569 sc=0.7164 mi=0.0637 dn=0.0000 v13=0.0000 grl=0.1597 v15=0.0000 v15r=0.0000 v16=0.0000 v17=0.0000 v18=0.0000 acc=1.0000 lr=5.01e-06 lambda=0.000 grl_lambda=1.000 v18_lambda=0.000 gpu=3.0/11.8GB
[19:11:43] [train] ep=93 step=010/40 ce=0.2931 sc=0.7255 mi=0.0609 dn=0.0000 v13=0.0000 grl=0.2131 v15=0.0000 v15r=0.0000 v16=0.0000 v17=0.0000 v18=0.0000 acc=1.0000 lr=4.73e-06 lambda=0.000 grl_lambda=1.000 v18_lambda=0.000 gpu=3.0/11.8GB
[19:11:49] [train] ep=93 step=020/40 ce=0.3148 sc=0.8099 mi=0.0628 dn=0.0000 v13=0.0000 grl=0.2088 v15=0.0000 v15r=0.0000 v16=0.0000 v17=0.0000 v18=0.0000 acc=0.9969 lr=4.43e-06 lambda=0.000 grl_lambda=1.000 v18_lambda=0.000 gpu=3.0/11.8GB
[19:11:55] [train] ep=93 step=030/40 ce=0.3072 sc=0.7953 mi=0.0627 dn=0.0000 v13=0.0000 grl=0.2222 v15=0.0000 v15r=0.0000 v16=0.0000 v17=0.0000 v18=0.0000 acc=0.9979 lr=4.14e-06 lambda=0.000 grl_lambda=1.000 v18_lambda=0.000 gpu=3.0/11.8GB
[19:12:00] [train] ep=93 step=040/40 ce=0.3397 sc=0.8467 mi=0.0628 dn=0.0000 v13=0.0000 grl=0.2174 v15=0.0000 v15r=0.0000 v16=0.0000 v17=0.0000 v18=0.0000 acc=0.9953 lr=3.87e-06 lambda=0.000 grl_lambda=1.000 v18_lambda=0.000 gpu=3.0/11.8GB
[19:12:12] [ep_summary] ep=93/100 val_live=0.9630/0.9623 val_ema=0.9630/0.9631 test77_live=0.7194/0.6864 test77_diag_ema=0.7482/0.7204 v13=0.0000 grl=0.2174 v15=0.0000 v15r=0.0000 v16=0.0000 v17=0.0000 v18=0.0000 das=stage3[12,95] p=1.00 ep_time=35.0s
[19:12:12] [train] epoch 94/100 steps=40 use_dann=0 das=stage3 f=[12.0,95.0] p=1.00 gpu=3.0/11.8GB
[19:12:12] [train] ep=94 step=001/40 ce=0.2591 sc=0.8252 mi=0.0626 dn=0.0000 v13=0.0000 grl=0.2821 v15=0.0000 v15r=0.0000 v16=0.0000 v17=0.0000 v18=0.0000 acc=1.0000 lr=3.84e-06 lambda=0.000 grl_lambda=1.000 v18_lambda=0.000 gpu=3.0/11.8GB
[19:12:18] [train] ep=94 step=010/40 ce=0.2581 sc=0.7833 mi=0.0632 dn=0.0000 v13=0.0000 grl=0.2427 v15=0.0000 v15r=0.0000 v16=0.0000 v17=0.0000 v18=0.0000 acc=1.0000 lr=3.60e-06 lambda=0.000 grl_lambda=1.000 v18_lambda=0.000 gpu=3.0/11.8GB
[19:12:24] [train] ep=94 step=020/40 ce=0.2583 sc=0.7811 mi=0.0644 dn=0.0000 v13=0.0000 grl=0.2423 v15=0.0000 v15r=0.0000 v16=0.0000 v17=0.0000 v18=0.0000 acc=1.0000 lr=3.34e-06 lambda=0.000 grl_lambda=1.000 v18_lambda=0.000 gpu=3.0/11.8GB
[19:12:29] [train] ep=94 step=030/40 ce=0.2583 sc=0.7534 mi=0.0643 dn=0.0000 v13=0.0000 grl=0.2396 v15=0.0000 v15r=0.0000 v16=0.0000 v17=0.0000 v18=0.0000 acc=1.0000 lr=3.09e-06 lambda=0.000 grl_lambda=1.000 v18_lambda=0.000 gpu=3.0/11.8GB
[19:12:35] [train] ep=94 step=040/40 ce=0.2583 sc=0.7549 mi=0.0639 dn=0.0000 v13=0.0000 grl=0.2359 v15=0.0000 v15r=0.0000 v16=0.0000 v17=0.0000 v18=0.0000 acc=1.0000 lr=2.85e-06 lambda=0.000 grl_lambda=1.000 v18_lambda=0.000 gpu=3.0/11.8GB
[19:12:46] [ep_summary] ep=94/100 val_live=0.9568/0.9559 val_ema=0.9630/0.9631 test77_live=0.7194/0.6864 test77_diag_ema=0.7446/0.7163 v13=0.0000 grl=0.2359 v15=0.0000 v15r=0.0000 v16=0.0000 v17=0.0000 v18=0.0000 das=stage3[12,95] p=1.00 ep_time=34.4s
[19:12:46] [train] epoch 95/100 steps=40 use_dann=0 das=stage3 f=[12.0,95.0] p=1.00 gpu=3.0/11.8GB
[19:12:47] [train] ep=95 step=001/40 ce=0.2580 sc=0.9686 mi=0.0571 dn=0.0000 v13=0.0000 grl=0.1203 v15=0.0000 v15r=0.0000 v16=0.0000 v17=0.0000 v18=0.0000 acc=1.0000 lr=2.82e-06 lambda=0.000 grl_lambda=1.000 v18_lambda=0.000 gpu=3.0/11.8GB
[19:12:52] [train] ep=95 step=010/40 ce=0.3829 sc=0.8445 mi=0.0651 dn=0.0000 v13=0.0000 grl=0.2655 v15=0.0000 v15r=0.0000 v16=0.0000 v17=0.0000 v18=0.0000 acc=0.9875 lr=2.62e-06 lambda=0.000 grl_lambda=1.000 v18_lambda=0.000 gpu=3.0/11.8GB
[19:12:58] [train] ep=95 step=020/40 ce=0.3214 sc=0.7980 mi=0.0646 dn=0.0000 v13=0.0000 grl=0.2550 v15=0.0000 v15r=0.0000 v16=0.0000 v17=0.0000 v18=0.0000 acc=0.9938 lr=2.40e-06 lambda=0.000 grl_lambda=1.000 v18_lambda=0.000 gpu=3.0/11.8GB
[19:13:04] [train] ep=95 step=030/40 ce=0.3004 sc=0.7823 mi=0.0648 dn=0.0000 v13=0.0000 grl=0.2583 v15=0.0000 v15r=0.0000 v16=0.0000 v17=0.0000 v18=0.0000 acc=0.9958 lr=2.18e-06 lambda=0.000 grl_lambda=1.000 v18_lambda=0.000 gpu=3.0/11.8GB
[19:13:10] [train] ep=95 step=040/40 ce=0.3064 sc=0.7892 mi=0.0649 dn=0.0000 v13=0.0000 grl=0.2623 v15=0.0000 v15r=0.0000 v16=0.0000 v17=0.0000 v18=0.0000 acc=0.9953 lr=1.98e-06 lambda=0.000 grl_lambda=1.000 v18_lambda=0.000 gpu=3.0/11.8GB
[19:13:21] [ep_summary] ep=95/100 val_live=0.9568/0.9559 val_ema=0.9630/0.9631 test77_live=0.7122/0.6793 test77_diag_ema=0.7446/0.7163 v13=0.0000 grl=0.2623 v15=0.0000 v15r=0.0000 v16=0.0000 v17=0.0000 v18=0.0000 das=stage3[12,95] p=1.00 ep_time=34.7s
[19:13:21] [train] epoch 96/100 steps=40 use_dann=0 das=stage3 f=[12.0,95.0] p=1.00 gpu=3.0/11.8GB
[19:13:21] [train] ep=96 step=001/40 ce=0.2779 sc=0.8755 mi=0.0575 dn=0.0000 v13=0.0000 grl=0.1891 v15=0.0000 v15r=0.0000 v16=0.0000 v17=0.0000 v18=0.0000 acc=1.0000 lr=1.96e-06 lambda=0.000 grl_lambda=1.000 v18_lambda=0.000 gpu=3.0/11.8GB
[19:13:27] [train] ep=96 step=010/40 ce=0.2630 sc=0.8252 mi=0.0623 dn=0.0000 v13=0.0000 grl=0.2216 v15=0.0000 v15r=0.0000 v16=0.0000 v17=0.0000 v18=0.0000 acc=1.0000 lr=1.79e-06 lambda=0.000 grl_lambda=1.000 v18_lambda=0.000 gpu=3.0/11.8GB
[19:13:33] [train] ep=96 step=020/40 ce=0.2628 sc=0.8138 mi=0.0617 dn=0.0000 v13=0.0000 grl=0.2228 v15=0.0000 v15r=0.0000 v16=0.0000 v17=0.0000 v18=0.0000 acc=1.0000 lr=1.61e-06 lambda=0.000 grl_lambda=1.000 v18_lambda=0.000 gpu=3.0/11.8GB
[19:13:39] [train] ep=96 step=030/40 ce=0.2644 sc=0.7942 mi=0.0615 dn=0.0000 v13=0.0000 grl=0.2327 v15=0.0000 v15r=0.0000 v16=0.0000 v17=0.0000 v18=0.0000 acc=1.0000 lr=1.44e-06 lambda=0.000 grl_lambda=1.000 v18_lambda=0.000 gpu=3.0/11.8GB
[19:13:45] [train] ep=96 step=040/40 ce=0.2845 sc=0.7905 mi=0.0615 dn=0.0000 v13=0.0000 grl=0.2405 v15=0.0000 v15r=0.0000 v16=0.0000 v17=0.0000 v18=0.0000 acc=0.9984 lr=1.27e-06 lambda=0.000 grl_lambda=1.000 v18_lambda=0.000 gpu=3.0/11.8GB
[19:14:11] [ep_summary] ep=96/100 val_live=0.9568/0.9559 val_ema=0.9630/0.9631 test77_live=0.7122/0.6793 test77_diag_ema=0.7446/0.7163 v13=0.0000 grl=0.2405 v15=0.0000 v15r=0.0000 v16=0.0000 v17=0.0000 v18=0.0000 das=stage3[12,95] p=1.00 ep_time=50.2s
[19:14:11] [train] epoch 97/100 steps=40 use_dann=0 das=stage3 f=[12.0,95.0] p=1.00 gpu=3.0/11.8GB
[19:14:12] [train] ep=97 step=001/40 ce=0.2568 sc=0.9976 mi=0.0695 dn=0.0000 v13=0.0000 grl=0.3102 v15=0.0000 v15r=0.0000 v16=0.0000 v17=0.0000 v18=0.0000 acc=1.0000 lr=1.26e-06 lambda=0.000 grl_lambda=1.000 v18_lambda=0.000 gpu=3.0/11.8GB
[19:14:17] [train] ep=97 step=010/40 ce=0.2579 sc=0.7963 mi=0.0624 dn=0.0000 v13=0.0000 grl=0.2383 v15=0.0000 v15r=0.0000 v16=0.0000 v17=0.0000 v18=0.0000 acc=1.0000 lr=1.12e-06 lambda=0.000 grl_lambda=1.000 v18_lambda=0.000 gpu=3.0/11.8GB
[19:14:23] [train] ep=97 step=020/40 ce=0.2796 sc=0.8142 mi=0.0637 dn=0.0000 v13=0.0000 grl=0.2583 v15=0.0000 v15r=0.0000 v16=0.0000 v17=0.0000 v18=0.0000 acc=0.9969 lr=9.76e-07 lambda=0.000 grl_lambda=1.000 v18_lambda=0.000 gpu=3.0/11.8GB
[19:14:29] [train] ep=97 step=030/40 ce=0.2726 sc=0.7626 mi=0.0639 dn=0.0000 v13=0.0000 grl=0.2564 v15=0.0000 v15r=0.0000 v16=0.0000 v17=0.0000 v18=0.0000 acc=0.9979 lr=8.43e-07 lambda=0.000 grl_lambda=1.000 v18_lambda=0.000 gpu=3.0/11.8GB
[19:14:35] [train] ep=97 step=040/40 ce=0.2694 sc=0.7566 mi=0.0631 dn=0.0000 v13=0.0000 grl=0.2483 v15=0.0000 v15r=0.0000 v16=0.0000 v17=0.0000 v18=0.0000 acc=0.9984 lr=7.19e-07 lambda=0.000 grl_lambda=1.000 v18_lambda=0.000 gpu=3.0/11.8GB
[19:15:02] [ep_summary] ep=97/100 val_live=0.9568/0.9559 val_ema=0.9630/0.9631 test77_live=0.7122/0.6793 test77_diag_ema=0.7446/0.7163 v13=0.0000 grl=0.2483 v15=0.0000 v15r=0.0000 v16=0.0000 v17=0.0000 v18=0.0000 das=stage3[12,95] p=1.00 ep_time=50.7s
[19:15:02] [train] epoch 98/100 steps=40 use_dann=0 das=stage3 f=[12.0,95.0] p=1.00 gpu=3.0/11.8GB
[19:15:02] [train] ep=98 step=001/40 ce=0.2566 sc=0.8284 mi=0.0664 dn=0.0000 v13=0.0000 grl=0.2782 v15=0.0000 v15r=0.0000 v16=0.0000 v17=0.0000 v18=0.0000 acc=1.0000 lr=7.07e-07 lambda=0.000 grl_lambda=1.000 v18_lambda=0.000 gpu=3.0/11.8GB
[19:15:08] [train] ep=98 step=010/40 ce=0.3474 sc=0.8202 mi=0.0638 dn=0.0000 v13=0.0000 grl=0.2222 v15=0.0000 v15r=0.0000 v16=0.0000 v17=0.0000 v18=0.0000 acc=0.9938 lr=6.05e-07 lambda=0.000 grl_lambda=1.000 v18_lambda=0.000 gpu=3.0/11.8GB
[19:15:14] [train] ep=98 step=020/40 ce=0.3027 sc=0.7829 mi=0.0638 dn=0.0000 v13=0.0000 grl=0.2271 v15=0.0000 v15r=0.0000 v16=0.0000 v17=0.0000 v18=0.0000 acc=0.9969 lr=5.01e-07 lambda=0.000 grl_lambda=1.000 v18_lambda=0.000 gpu=3.0/11.8GB
[19:15:20] [train] ep=98 step=030/40 ce=0.2876 sc=0.7724 mi=0.0633 dn=0.0000 v13=0.0000 grl=0.2328 v15=0.0000 v15r=0.0000 v16=0.0000 v17=0.0000 v18=0.0000 acc=0.9979 lr=4.07e-07 lambda=0.000 grl_lambda=1.000 v18_lambda=0.000 gpu=3.0/11.8GB
[19:15:26] [train] ep=98 step=040/40 ce=0.2803 sc=0.7543 mi=0.0630 dn=0.0000 v13=0.0000 grl=0.2348 v15=0.0000 v15r=0.0000 v16=0.0000 v17=0.0000 v18=0.0000 acc=0.9984 lr=3.22e-07 lambda=0.000 grl_lambda=1.000 v18_lambda=0.000 gpu=3.0/11.8GB
[19:15:37] [ep_summary] ep=98/100 val_live=0.9568/0.9559 val_ema=0.9630/0.9631 test77_live=0.7122/0.6793 test77_diag_ema=0.7446/0.7163 v13=0.0000 grl=0.2348 v15=0.0000 v15r=0.0000 v16=0.0000 v17=0.0000 v18=0.0000 das=stage3[12,95] p=1.00 ep_time=35.0s
[19:15:37] [train] epoch 99/100 steps=40 use_dann=0 das=stage3 f=[12.0,95.0] p=1.00 gpu=3.0/11.8GB
[19:15:37] [train] ep=99 step=001/40 ce=1.1119 sc=0.7323 mi=0.0597 dn=0.0000 v13=0.0000 grl=0.1848 v15=0.0000 v15r=0.0000 v16=0.0000 v17=0.0000 v18=0.0000 acc=0.9375 lr=3.15e-07 lambda=0.000 grl_lambda=1.000 v18_lambda=0.000 gpu=3.0/11.8GB
[19:15:43] [train] ep=99 step=010/40 ce=0.3631 sc=0.6802 mi=0.0647 dn=0.0000 v13=0.0000 grl=0.2424 v15=0.0000 v15r=0.0000 v16=0.0000 v17=0.0000 v18=0.0000 acc=0.9938 lr=2.48e-07 lambda=0.000 grl_lambda=1.000 v18_lambda=0.000 gpu=3.0/11.8GB
[19:15:49] [train] ep=99 step=020/40 ce=0.3111 sc=0.7171 mi=0.0645 dn=0.0000 v13=0.0000 grl=0.2527 v15=0.0000 v15r=0.0000 v16=0.0000 v17=0.0000 v18=0.0000 acc=0.9969 lr=1.83e-07 lambda=0.000 grl_lambda=1.000 v18_lambda=0.000 gpu=3.0/11.8GB
[19:15:54] [train] ep=99 step=030/40 ce=0.2943 sc=0.7567 mi=0.0645 dn=0.0000 v13=0.0000 grl=0.2548 v15=0.0000 v15r=0.0000 v16=0.0000 v17=0.0000 v18=0.0000 acc=0.9979 lr=1.28e-07 lambda=0.000 grl_lambda=1.000 v18_lambda=0.000 gpu=3.0/11.8GB
[19:16:00] [train] ep=99 step=040/40 ce=0.2862 sc=0.7222 mi=0.0643 dn=0.0000 v13=0.0000 grl=0.2479 v15=0.0000 v15r=0.0000 v16=0.0000 v17=0.0000 v18=0.0000 acc=0.9984 lr=8.26e-08 lambda=0.000 grl_lambda=1.000 v18_lambda=0.000 gpu=3.0/11.8GB
[19:16:11] [ep_summary] ep=99/100 val_live=0.9568/0.9559 val_ema=0.9630/0.9631 test77_live=0.7122/0.6793 test77_diag_ema=0.7410/0.7128 v13=0.0000 grl=0.2479 v15=0.0000 v15r=0.0000 v16=0.0000 v17=0.0000 v18=0.0000 das=stage3[12,95] p=1.00 ep_time=34.2s
[19:16:11] [train] epoch 100/100 steps=40 use_dann=0 das=stage3 f=[12.0,95.0] p=1.00 gpu=3.0/11.8GB
[19:16:12] [train] ep=100 step=001/40 ce=0.5395 sc=0.7444 mi=0.0652 dn=0.0000 v13=0.0000 grl=0.1564 v15=0.0000 v15r=0.0000 v16=0.0000 v17=0.0000 v18=0.0000 acc=1.0000 lr=7.87e-08 lambda=0.000 grl_lambda=1.000 v18_lambda=0.000 gpu=3.0/11.8GB
[19:16:17] [train] ep=100 step=010/40 ce=0.2858 sc=0.7061 mi=0.0632 dn=0.0000 v13=0.0000 grl=0.2079 v15=0.0000 v15r=0.0000 v16=0.0000 v17=0.0000 v18=0.0000 acc=1.0000 lr=4.72e-08 lambda=0.000 grl_lambda=1.000 v18_lambda=0.000 gpu=3.0/11.8GB
[19:16:23] [train] ep=100 step=020/40 ce=0.2724 sc=0.7456 mi=0.0632 dn=0.0000 v13=0.0000 grl=0.2214 v15=0.0000 v15r=0.0000 v16=0.0000 v17=0.0000 v18=0.0000 acc=1.0000 lr=2.17e-08 lambda=0.000 grl_lambda=1.000 v18_lambda=0.000 gpu=3.0/11.8GB
[19:16:29] [train] ep=100 step=030/40 ce=0.2677 sc=0.7561 mi=0.0631 dn=0.0000 v13=0.0000 grl=0.2342 v15=0.0000 v15r=0.0000 v16=0.0000 v17=0.0000 v18=0.0000 acc=1.0000 lr=5.95e-09 lambda=0.000 grl_lambda=1.000 v18_lambda=0.000 gpu=3.0/11.8GB
[19:16:35] [train] ep=100 step=040/40 ce=0.2814 sc=0.7797 mi=0.0628 dn=0.0000 v13=0.0000 grl=0.2321 v15=0.0000 v15r=0.0000 v16=0.0000 v17=0.0000 v18=0.0000 acc=1.0000 lr=4.92e-11 lambda=0.000 grl_lambda=1.000 v18_lambda=0.000 gpu=3.0/11.8GB
[19:16:46] [pool] check ep=100/100 source_val_acc_ema=0.9630 threshold=0.90
[19:16:51] [pool] ep=100 ADDED src_val=0.9630/0.9631 dev77=0.6500/0.6107 final77=0.7374/0.7086
[19:16:51] [pool] running best ep=060 dev77_f1=0.7050 final77_f1=0.7431 (pool_size=7)
[19:16:51] [ep_summary] ep=100/100 val_live=0.9568/0.9559 val_ema=0.9630/0.9631 test77_live=0.7122/0.6793 test77_diag_ema=0.7374/0.7086 v13=0.0000 grl=0.2321 v15=0.0000 v15r=0.0000 v16=0.0000 v17=0.0000 v18=0.0000 das=stage3[12,95] p=1.00 ep_time=39.9s
[19:16:51] [strict77_monitor] ep=100 best_source_epoch=38 source_val_ema=0.9630/0.9635 test77_ema_diag=0.5324/0.4641 sourcequalified_count=69 best_sourcequalified77_epoch=69 source_val_ema=0.9630/0.9631 test77_ema=0.7914/0.7644
[19:16:51] [pool] FINAL pool_size=7 best ep=060 dev77_f1=0.7050 final77_f1=0.7431 -> /scratch/st-zliu-1/heqingz/CrossCarrier_Fresh_20260922/CrossCarrier_Repro/EXPERIMENTSRESULT/REVISION_5090/SUPP_ABLATION/ACR_GRL_only/seed42/checkpoints/best_pool_ema.pt
[19:16:51] [train] done best_sourceval_acc_ema=0.9630
[19:18:28] [eval] loaded vit_large_patch16_dinov3_lvd1689m_best_sourceval_ema.pt (sourceval)
[19:18:30] [eval] strict source-val selected by ema acc; heldout77_unused=140 final_test77=278 imgs, seed=42 dev_per_class=20
[19:18:41] [eval] 77GHz final-test acc=0.5324 f1=0.4641
[19:18:41] [eval] 77GHz final-test per-class={'Away': 0.95, 'Bend': 1.0, 'Kneel': 0.7380952380952381, 'Pick': 0.0, 'SStep': 0.225, 'Sit': 0.0, 'Towards': 0.775}
[19:18:46] [eval] val_all acc=0.9630 f1=0.9635
[19:18:50] [freq_scan:val10] f_virt=15GHz acc=0.8974 f1=0.8974
[19:18:51] [freq_scan:val10] f_virt=30GHz acc=0.8462 f1=0.8320
[19:18:52] [freq_scan:val10] f_virt=50GHz acc=0.8462 f1=0.8433
[19:18:53] [freq_scan:val10] f_virt=77GHz acc=0.8333 f1=0.8271
[19:18:55] [freq_scan:val10] f_virt=99GHz acc=0.8077 f1=0.8143
[19:18:57] [freq_scan:val10] f_virt=120GHz acc=0.6795 f1=0.6854
[19:18:58] [freq_scan:val10] f_virt=140GHz acc=0.6154 f1=0.6052
[19:18:59] [freq_scan:val24] f_virt=15GHz acc=0.9405 f1=0.9366
[19:19:00] [freq_scan:val24] f_virt=30GHz acc=0.9643 f1=0.9633
[19:19:02] [freq_scan:val24] f_virt=50GHz acc=0.9167 f1=0.9178
[19:19:03] [freq_scan:val24] f_virt=77GHz acc=0.9048 f1=0.9072
[19:19:04] [freq_scan:val24] f_virt=99GHz acc=0.8452 f1=0.8404
[19:19:06] [freq_scan:val24] f_virt=120GHz acc=0.6667 f1=0.6262
[19:19:07] [freq_scan:val24] f_virt=140GHz acc=0.6310 f1=0.5946
[19:19:07] [eval] saved eval_sourceval.json
[19:19:19] [eval] loaded vit_large_patch16_dinov3_lvd1689m_best_sourcequalified77_ema.pt (sourcequalified)
[19:19:19] [eval] source-qualified diagnostic selected (source-val ema acc >= 0.90, then best 77GHz ema macro-F1); heldout77_unused=140 final_test77=278 imgs, seed=42 dev_per_class=20
[19:19:23] [eval] 77GHz final-test acc=0.7914 f1=0.7644
[19:19:23] [eval] 77GHz final-test per-class={'Away': 0.975, 'Bend': 0.7948717948717948, 'Kneel': 0.8809523809523809, 'Pick': 0.8, 'SStep': 1.0, 'Sit': 0.16216216216216217, 'Towards': 0.875}
[19:19:25] [eval] val_all acc=0.9630 f1=0.9631
[19:19:26] [freq_scan:val10] f_virt=15GHz acc=0.9872 f1=0.9881
[19:19:27] [freq_scan:val10] f_virt=30GHz acc=0.9744 f1=0.9760
[19:19:29] [freq_scan:val10] f_virt=50GHz acc=0.9744 f1=0.9760
[19:19:31] [freq_scan:val10] f_virt=77GHz acc=0.9487 f1=0.9474
[19:19:33] [freq_scan:val10] f_virt=99GHz acc=0.9231 f1=0.9229
[19:19:34] [freq_scan:val10] f_virt=120GHz acc=0.9231 f1=0.9221
[19:19:35] [freq_scan:val10] f_virt=140GHz acc=0.9103 f1=0.9107
[19:19:36] [freq_scan:val24] f_virt=15GHz acc=0.9762 f1=0.9756
[19:19:38] [freq_scan:val24] f_virt=30GHz acc=0.9762 f1=0.9751
[19:19:39] [freq_scan:val24] f_virt=50GHz acc=0.9762 f1=0.9760
[19:19:40] [freq_scan:val24] f_virt=77GHz acc=0.9762 f1=0.9751
[19:19:41] [freq_scan:val24] f_virt=99GHz acc=0.9762 f1=0.9751
[19:19:43] [freq_scan:val24] f_virt=120GHz acc=0.9643 f1=0.9651
[19:19:44] [freq_scan:val24] f_virt=140GHz acc=0.9524 f1=0.9531
[19:19:44] [eval] saved eval_sourcequalified.json
