[20:35:31] run_dir=/scratch/st-zliu-1/heqingz/CrossCarrier_Fresh_20260922/CrossCarrier_Repro/EXPERIMENTSRESULT/REVISION_5090/SUPP_ABLATION/DAS_ERM/seed1234
[20:35:32] device=cuda
[20:35:32] backbone=vit_large_patch16_dinov3.lvd1689m
[20:35:32] env: manifest_dir=/scratch/st-zliu-1/heqingz/CrossCarrier_Fresh_20260922/CrossCarrier_Repro/tasks/known_people_unknown_freq/manifest dataset_root=/scratch/st-zliu-1/heqingz/CrossCarrier_Fresh_20260922/CrossCarrier_Repro use_dann=False selection=source_val_acc_ema adapter_mode=lora
[20:35:32] set_seed(1234)
[20:35:52] [fast_gpu] source cache 644 imgs (0.39GB) on cuda
[20:35:52] train_source=644 train_src_rows=10:302 24:342 source_steps/epoch=40 val_all=162 heldout77_unused=140 test77_final=278
[20:35:52] [test77_split] seed=42 dev_per_class=20
[20:38:02] trainable params=2378753 (encoder_lora+neck+head + miro_proj+v15_falsification)
[20:38:02] logit_prior=[-1.9678890705108643, -1.913821816444397, -1.8427258729934692, -1.9678890705108643, -2.0133514404296875, -1.8929877281188965, -2.036881923675537]
[20:38:02] use_dann=False
[20:38:02] use_das=False
[20:38:02] aug_flags: USE_HFT=False USE_SPEC_AUGMENT=False
[20:38:02] adapter_mode=lora
[20:38:02] schedule: epochs=100 steps/epoch=40 imgs/step=16 total_steps=4000 total_imgs=64000 warmup_steps=120
[20:38:02] source_qualified_policy: val_acc_ema>=0.90 candidates are recorded; best candidate by 77GHz F1 is saved as diagnostic
[20:38:02] [pool] init threshold=0.90 period=10 selection=dev77_f1
[20:38:02] [train] epoch 1/100 steps=40 use_dann=0 das=off f=[0.0,0.0] p=0.00 gpu=3.0/3.0GB
[20:38:27] [train] ep=01 step=001/40 ce=8.0392 sc=2.6152 mi=1.0636 dn=0.0000 v13=0.0000 grl=0.0000 v15=0.0000 v15r=0.0000 v16=0.0000 v17=0.0000 v18=0.0000 acc=0.0625 lr=2.50e-06 lambda=0.000 grl_lambda=0.000 v18_lambda=0.000 gpu=3.0/11.8GB
[20:38:35] [train] ep=01 step=010/40 ce=8.0289 sc=2.7112 mi=1.0479 dn=0.0000 v13=0.0000 grl=0.0000 v15=0.0000 v15r=0.0000 v16=0.0000 v17=0.0000 v18=0.0000 acc=0.1000 lr=2.50e-05 lambda=0.000 grl_lambda=0.000 v18_lambda=0.000 gpu=3.0/11.8GB
[20:38:40] [train] ep=01 step=020/40 ce=7.9247 sc=2.7210 mi=0.9999 dn=0.0000 v13=0.0000 grl=0.0000 v15=0.0000 v15r=0.0000 v16=0.0000 v17=0.0000 v18=0.0000 acc=0.1250 lr=5.00e-05 lambda=0.000 grl_lambda=0.000 v18_lambda=0.000 gpu=3.0/11.8GB
[20:38:46] [train] ep=01 step=030/40 ce=7.7462 sc=2.7272 mi=0.9267 dn=0.0000 v13=0.0000 grl=0.0000 v15=0.0000 v15r=0.0000 v16=0.0000 v17=0.0000 v18=0.0000 acc=0.1812 lr=7.50e-05 lambda=0.000 grl_lambda=0.000 v18_lambda=0.000 gpu=3.0/11.8GB
[20:38:52] [train] ep=01 step=040/40 ce=7.6233 sc=2.7206 mi=0.8365 dn=0.0000 v13=0.0000 grl=0.0000 v15=0.0000 v15r=0.0000 v16=0.0000 v17=0.0000 v18=0.0000 acc=0.2188 lr=1.00e-04 lambda=0.000 grl_lambda=0.000 v18_lambda=0.000 gpu=3.0/11.8GB
[20:38:57] [ep_summary] ep=01/100 val_live=0.2284/0.1471 val_ema=0.0000/0.0000 test77_live=0.1403/0.0353 test77_diag_ema=0.0000/0.0000 v13=0.0000 grl=0.0000 v15=0.0000 v15r=0.0000 v16=0.0000 v17=0.0000 v18=0.0000 das=off[0,0] p=0.00 ep_time=55.2s
[20:38:57] [train] epoch 2/100 steps=40 use_dann=0 das=off f=[0.0,0.0] p=0.00 gpu=3.0/11.8GB
[20:38:58] [train] ep=02 step=001/40 ce=7.3688 sc=2.7055 mi=0.4576 dn=0.0000 v13=0.0000 grl=0.0000 v15=0.0000 v15r=0.0000 v16=0.0000 v17=0.0000 v18=0.0000 acc=0.3125 lr=1.02e-04 lambda=0.000 grl_lambda=0.000 v18_lambda=0.000 gpu=3.0/11.8GB
[20:39:03] [train] ep=02 step=010/40 ce=6.8675 sc=2.7458 mi=0.3853 dn=0.0000 v13=0.0000 grl=0.0000 v15=0.0000 v15r=0.0000 v16=0.0000 v17=0.0000 v18=0.0000 acc=0.4250 lr=1.25e-04 lambda=0.000 grl_lambda=0.000 v18_lambda=0.000 gpu=3.0/11.8GB
[20:39:09] [train] ep=02 step=020/40 ce=6.6384 sc=2.7114 mi=0.3297 dn=0.0000 v13=0.0000 grl=0.0000 v15=0.0000 v15r=0.0000 v16=0.0000 v17=0.0000 v18=0.0000 acc=0.4719 lr=1.50e-04 lambda=0.000 grl_lambda=0.000 v18_lambda=0.000 gpu=3.0/11.8GB
[20:39:14] [train] ep=02 step=030/40 ce=6.3723 sc=2.6354 mi=0.2944 dn=0.0000 v13=0.0000 grl=0.0000 v15=0.0000 v15r=0.0000 v16=0.0000 v17=0.0000 v18=0.0000 acc=0.5000 lr=1.75e-04 lambda=0.000 grl_lambda=0.000 v18_lambda=0.000 gpu=3.0/11.8GB
[20:39:20] [train] ep=02 step=040/40 ce=6.0281 sc=2.5483 mi=0.2777 dn=0.0000 v13=0.0000 grl=0.0000 v15=0.0000 v15r=0.0000 v16=0.0000 v17=0.0000 v18=0.0000 acc=0.5219 lr=2.00e-04 lambda=0.000 grl_lambda=0.000 v18_lambda=0.000 gpu=3.0/11.8GB
[20:39:25] [ep_summary] ep=02/100 val_live=0.5679/0.4915 val_ema=0.0000/0.0000 test77_live=0.1439/0.0362 test77_diag_ema=0.0000/0.0000 v13=0.0000 grl=0.0000 v15=0.0000 v15r=0.0000 v16=0.0000 v17=0.0000 v18=0.0000 das=off[0,0] p=0.00 ep_time=28.1s
[20:39:26] [train] epoch 3/100 steps=40 use_dann=0 das=off f=[0.0,0.0] p=0.00 gpu=3.0/11.8GB
[20:39:26] [train] ep=03 step=001/40 ce=6.7236 sc=1.5767 mi=0.2487 dn=0.0000 v13=0.0000 grl=0.0000 v15=0.0000 v15r=0.0000 v16=0.0000 v17=0.0000 v18=0.0000 acc=0.4375 lr=2.02e-04 lambda=0.000 grl_lambda=0.000 v18_lambda=0.000 gpu=3.0/11.8GB
[20:39:31] [train] ep=03 step=010/40 ce=4.4021 sc=1.9725 mi=0.2165 dn=0.0000 v13=0.0000 grl=0.0000 v15=0.0000 v15r=0.0000 v16=0.0000 v17=0.0000 v18=0.0000 acc=0.6875 lr=2.25e-04 lambda=0.000 grl_lambda=0.000 v18_lambda=0.000 gpu=3.0/11.8GB
[20:39:37] [train] ep=03 step=020/40 ce=4.2776 sc=1.8905 mi=0.2041 dn=0.0000 v13=0.0000 grl=0.0000 v15=0.0000 v15r=0.0000 v16=0.0000 v17=0.0000 v18=0.0000 acc=0.6937 lr=2.50e-04 lambda=0.000 grl_lambda=0.000 v18_lambda=0.000 gpu=3.0/11.8GB
[20:39:43] [train] ep=03 step=030/40 ce=3.9802 sc=1.8184 mi=0.1944 dn=0.0000 v13=0.0000 grl=0.0000 v15=0.0000 v15r=0.0000 v16=0.0000 v17=0.0000 v18=0.0000 acc=0.7250 lr=2.75e-04 lambda=0.000 grl_lambda=0.000 v18_lambda=0.000 gpu=3.0/11.8GB
[20:39:48] [train] ep=03 step=040/40 ce=3.7023 sc=1.7484 mi=0.1862 dn=0.0000 v13=0.0000 grl=0.0000 v15=0.0000 v15r=0.0000 v16=0.0000 v17=0.0000 v18=0.0000 acc=0.7469 lr=3.00e-04 lambda=0.000 grl_lambda=0.000 v18_lambda=0.000 gpu=3.0/11.8GB
[20:39:54] [ep_summary] ep=03/100 val_live=0.8086/0.8066 val_ema=0.0000/0.0000 test77_live=0.3094/0.1864 test77_diag_ema=0.0000/0.0000 v13=0.0000 grl=0.0000 v15=0.0000 v15r=0.0000 v16=0.0000 v17=0.0000 v18=0.0000 das=off[0,0] p=0.00 ep_time=28.3s
[20:39:54] [train] epoch 4/100 steps=40 use_dann=0 das=off f=[0.0,0.0] p=0.00 gpu=3.0/11.8GB
[20:39:54] [train] ep=04 step=001/40 ce=2.2241 sc=1.0176 mi=0.1652 dn=0.0000 v13=0.0000 grl=0.0000 v15=0.0000 v15r=0.0000 v16=0.0000 v17=0.0000 v18=0.0000 acc=0.8750 lr=3.00e-04 lambda=0.000 grl_lambda=0.000 v18_lambda=0.000 gpu=3.0/11.8GB
[20:40:00] [train] ep=04 step=010/40 ce=2.4334 sc=1.2955 mi=0.1335 dn=0.0000 v13=0.0000 grl=0.0000 v15=0.0000 v15r=0.0000 v16=0.0000 v17=0.0000 v18=0.0000 acc=0.8625 lr=3.00e-04 lambda=0.000 grl_lambda=0.000 v18_lambda=0.000 gpu=3.0/11.8GB
[20:40:05] [train] ep=04 step=020/40 ce=2.2935 sc=1.3146 mi=0.1257 dn=0.0000 v13=0.0000 grl=0.0000 v15=0.0000 v15r=0.0000 v16=0.0000 v17=0.0000 v18=0.0000 acc=0.8625 lr=3.00e-04 lambda=0.000 grl_lambda=0.000 v18_lambda=0.000 gpu=3.0/11.8GB
[20:40:11] [train] ep=04 step=030/40 ce=2.0124 sc=1.2627 mi=0.1179 dn=0.0000 v13=0.0000 grl=0.0000 v15=0.0000 v15r=0.0000 v16=0.0000 v17=0.0000 v18=0.0000 acc=0.8875 lr=3.00e-04 lambda=0.000 grl_lambda=0.000 v18_lambda=0.000 gpu=3.0/11.8GB
[20:40:17] [train] ep=04 step=040/40 ce=1.9163 sc=1.2690 mi=0.1110 dn=0.0000 v13=0.0000 grl=0.0000 v15=0.0000 v15r=0.0000 v16=0.0000 v17=0.0000 v18=0.0000 acc=0.8922 lr=3.00e-04 lambda=0.000 grl_lambda=0.000 v18_lambda=0.000 gpu=3.0/11.8GB
[20:40:22] [ep_summary] ep=04/100 val_live=0.8580/0.8255 val_ema=0.0000/0.0000 test77_live=0.2914/0.2088 test77_diag_ema=0.0000/0.0000 v13=0.0000 grl=0.0000 v15=0.0000 v15r=0.0000 v16=0.0000 v17=0.0000 v18=0.0000 das=off[0,0] p=0.00 ep_time=28.3s
[20:40:22] [train] epoch 5/100 steps=40 use_dann=0 das=off f=[0.0,0.0] p=0.00 gpu=3.0/11.8GB
[20:40:23] [train] ep=05 step=001/40 ce=1.6609 sc=1.8959 mi=0.0786 dn=0.0000 v13=0.0000 grl=0.0000 v15=0.0000 v15r=0.0000 v16=0.0000 v17=0.0000 v18=0.0000 acc=0.9375 lr=3.00e-04 lambda=0.000 grl_lambda=0.000 v18_lambda=0.000 gpu=3.0/11.8GB
[20:40:28] [train] ep=05 step=010/40 ce=1.7596 sc=1.2556 mi=0.0870 dn=0.0000 v13=0.0000 grl=0.0000 v15=0.0000 v15r=0.0000 v16=0.0000 v17=0.0000 v18=0.0000 acc=0.9187 lr=3.00e-04 lambda=0.000 grl_lambda=0.000 v18_lambda=0.000 gpu=3.0/11.8GB
[20:40:34] [train] ep=05 step=020/40 ce=1.7684 sc=1.1855 mi=0.0807 dn=0.0000 v13=0.0000 grl=0.0000 v15=0.0000 v15r=0.0000 v16=0.0000 v17=0.0000 v18=0.0000 acc=0.9125 lr=3.00e-04 lambda=0.000 grl_lambda=0.000 v18_lambda=0.000 gpu=3.0/11.8GB
[20:40:39] [train] ep=05 step=030/40 ce=1.5669 sc=1.1648 mi=0.0773 dn=0.0000 v13=0.0000 grl=0.0000 v15=0.0000 v15r=0.0000 v16=0.0000 v17=0.0000 v18=0.0000 acc=0.9292 lr=3.00e-04 lambda=0.000 grl_lambda=0.000 v18_lambda=0.000 gpu=3.0/11.8GB
[20:40:45] [train] ep=05 step=040/40 ce=1.4241 sc=1.1468 mi=0.0750 dn=0.0000 v13=0.0000 grl=0.0000 v15=0.0000 v15r=0.0000 v16=0.0000 v17=0.0000 v18=0.0000 acc=0.9406 lr=3.00e-04 lambda=0.000 grl_lambda=0.000 v18_lambda=0.000 gpu=3.0/11.8GB
[20:40:56] [ep_summary] ep=05/100 val_live=0.8951/0.8962 val_ema=0.1852/0.0816 test77_live=0.1583/0.0687 test77_diag_ema=0.1403/0.0352 v13=0.0000 grl=0.0000 v15=0.0000 v15r=0.0000 v16=0.0000 v17=0.0000 v18=0.0000 das=off[0,0] p=0.00 ep_time=33.7s
[20:40:56] [save] best_sourceval_ema val_acc_ema=0.1852 source_val_live=0.8951/0.8962 source_val_ema=0.1852/0.0816 ep=5
[20:40:56] [train] epoch 6/100 steps=40 use_dann=0 das=off f=[0.0,0.0] p=0.00 gpu=3.0/11.8GB
[20:40:56] [train] ep=06 step=001/40 ce=1.2057 sc=1.0695 mi=0.0763 dn=0.0000 v13=0.0000 grl=0.0000 v15=0.0000 v15r=0.0000 v16=0.0000 v17=0.0000 v18=0.0000 acc=0.9375 lr=3.00e-04 lambda=0.000 grl_lambda=0.000 v18_lambda=0.000 gpu=3.0/11.8GB
[20:41:02] [train] ep=06 step=010/40 ce=1.1138 sc=0.9774 mi=0.0686 dn=0.0000 v13=0.0000 grl=0.0000 v15=0.0000 v15r=0.0000 v16=0.0000 v17=0.0000 v18=0.0000 acc=0.9375 lr=3.00e-04 lambda=0.000 grl_lambda=0.000 v18_lambda=0.000 gpu=3.0/11.8GB
[20:41:07] [train] ep=06 step=020/40 ce=0.8679 sc=0.9174 mi=0.0658 dn=0.0000 v13=0.0000 grl=0.0000 v15=0.0000 v15r=0.0000 v16=0.0000 v17=0.0000 v18=0.0000 acc=0.9625 lr=3.00e-04 lambda=0.000 grl_lambda=0.000 v18_lambda=0.000 gpu=3.0/11.8GB
[20:41:13] [train] ep=06 step=030/40 ce=0.7975 sc=0.9292 mi=0.0657 dn=0.0000 v13=0.0000 grl=0.0000 v15=0.0000 v15r=0.0000 v16=0.0000 v17=0.0000 v18=0.0000 acc=0.9688 lr=2.99e-04 lambda=0.000 grl_lambda=0.000 v18_lambda=0.000 gpu=3.0/11.8GB
[20:41:19] [train] ep=06 step=040/40 ce=0.7475 sc=0.9524 mi=0.0641 dn=0.0000 v13=0.0000 grl=0.0000 v15=0.0000 v15r=0.0000 v16=0.0000 v17=0.0000 v18=0.0000 acc=0.9734 lr=2.99e-04 lambda=0.000 grl_lambda=0.000 v18_lambda=0.000 gpu=3.0/11.8GB
[20:41:29] [ep_summary] ep=06/100 val_live=0.9198/0.9209 val_ema=0.2099/0.0955 test77_live=0.1403/0.0352 test77_diag_ema=0.1403/0.0352 v13=0.0000 grl=0.0000 v15=0.0000 v15r=0.0000 v16=0.0000 v17=0.0000 v18=0.0000 das=off[0,0] p=0.00 ep_time=33.7s
[20:41:29] [save] best_sourceval_ema val_acc_ema=0.2099 source_val_live=0.9198/0.9209 source_val_ema=0.2099/0.0955 ep=6
[20:41:29] [train] epoch 7/100 steps=40 use_dann=0 das=off f=[0.0,0.0] p=0.00 gpu=3.0/11.8GB
[20:41:30] [train] ep=07 step=001/40 ce=0.4056 sc=1.3519 mi=0.0650 dn=0.0000 v13=0.0000 grl=0.0000 v15=0.0000 v15r=0.0000 v16=0.0000 v17=0.0000 v18=0.0000 acc=1.0000 lr=2.99e-04 lambda=0.000 grl_lambda=0.000 v18_lambda=0.000 gpu=3.0/11.8GB
[20:41:35] [train] ep=07 step=010/40 ce=0.6108 sc=0.9332 mi=0.0583 dn=0.0000 v13=0.0000 grl=0.0000 v15=0.0000 v15r=0.0000 v16=0.0000 v17=0.0000 v18=0.0000 acc=0.9875 lr=2.99e-04 lambda=0.000 grl_lambda=0.000 v18_lambda=0.000 gpu=3.0/11.8GB
[20:41:41] [train] ep=07 step=020/40 ce=0.7328 sc=1.0005 mi=0.0603 dn=0.0000 v13=0.0000 grl=0.0000 v15=0.0000 v15r=0.0000 v16=0.0000 v17=0.0000 v18=0.0000 acc=0.9781 lr=2.99e-04 lambda=0.000 grl_lambda=0.000 v18_lambda=0.000 gpu=3.0/11.8GB
[20:41:47] [train] ep=07 step=030/40 ce=0.6751 sc=0.9647 mi=0.0602 dn=0.0000 v13=0.0000 grl=0.0000 v15=0.0000 v15r=0.0000 v16=0.0000 v17=0.0000 v18=0.0000 acc=0.9833 lr=2.99e-04 lambda=0.000 grl_lambda=0.000 v18_lambda=0.000 gpu=3.0/11.8GB
[20:41:53] [train] ep=07 step=040/40 ce=0.6450 sc=0.9566 mi=0.0591 dn=0.0000 v13=0.0000 grl=0.0000 v15=0.0000 v15r=0.0000 v16=0.0000 v17=0.0000 v18=0.0000 acc=0.9844 lr=2.99e-04 lambda=0.000 grl_lambda=0.000 v18_lambda=0.000 gpu=3.0/11.8GB
[20:42:03] [ep_summary] ep=07/100 val_live=0.9383/0.9381 val_ema=0.2099/0.0991 test77_live=0.1475/0.0490 test77_diag_ema=0.1403/0.0352 v13=0.0000 grl=0.0000 v15=0.0000 v15r=0.0000 v16=0.0000 v17=0.0000 v18=0.0000 das=off[0,0] p=0.00 ep_time=33.7s
[20:42:03] [train] epoch 8/100 steps=40 use_dann=0 das=off f=[0.0,0.0] p=0.00 gpu=3.0/11.8GB
[20:42:04] [train] ep=08 step=001/40 ce=0.9118 sc=0.9867 mi=0.0527 dn=0.0000 v13=0.0000 grl=0.0000 v15=0.0000 v15r=0.0000 v16=0.0000 v17=0.0000 v18=0.0000 acc=0.9375 lr=2.99e-04 lambda=0.000 grl_lambda=0.000 v18_lambda=0.000 gpu=3.0/11.8GB
[20:42:09] [train] ep=08 step=010/40 ce=0.4835 sc=0.8924 mi=0.0554 dn=0.0000 v13=0.0000 grl=0.0000 v15=0.0000 v15r=0.0000 v16=0.0000 v17=0.0000 v18=0.0000 acc=0.9938 lr=2.99e-04 lambda=0.000 grl_lambda=0.000 v18_lambda=0.000 gpu=3.0/11.8GB
[20:42:15] [train] ep=08 step=020/40 ce=0.4651 sc=0.8223 mi=0.0546 dn=0.0000 v13=0.0000 grl=0.0000 v15=0.0000 v15r=0.0000 v16=0.0000 v17=0.0000 v18=0.0000 acc=0.9969 lr=2.98e-04 lambda=0.000 grl_lambda=0.000 v18_lambda=0.000 gpu=3.0/11.8GB
[20:42:21] [train] ep=08 step=030/40 ce=0.4396 sc=0.8168 mi=0.0543 dn=0.0000 v13=0.0000 grl=0.0000 v15=0.0000 v15r=0.0000 v16=0.0000 v17=0.0000 v18=0.0000 acc=0.9979 lr=2.98e-04 lambda=0.000 grl_lambda=0.000 v18_lambda=0.000 gpu=3.0/11.8GB
[20:42:26] [train] ep=08 step=040/40 ce=0.4530 sc=0.8229 mi=0.0540 dn=0.0000 v13=0.0000 grl=0.0000 v15=0.0000 v15r=0.0000 v16=0.0000 v17=0.0000 v18=0.0000 acc=0.9953 lr=2.98e-04 lambda=0.000 grl_lambda=0.000 v18_lambda=0.000 gpu=3.0/11.8GB
[20:42:37] [ep_summary] ep=08/100 val_live=0.8580/0.8345 val_ema=0.2099/0.1039 test77_live=0.1475/0.0490 test77_diag_ema=0.1403/0.0352 v13=0.0000 grl=0.0000 v15=0.0000 v15r=0.0000 v16=0.0000 v17=0.0000 v18=0.0000 das=off[0,0] p=0.00 ep_time=33.8s
[20:42:37] [train] epoch 9/100 steps=40 use_dann=0 das=off f=[0.0,0.0] p=0.00 gpu=3.0/11.8GB
[20:42:38] [train] ep=09 step=001/40 ce=1.1283 sc=1.1571 mi=0.0557 dn=0.0000 v13=0.0000 grl=0.0000 v15=0.0000 v15r=0.0000 v16=0.0000 v17=0.0000 v18=0.0000 acc=0.9375 lr=2.98e-04 lambda=0.000 grl_lambda=0.000 v18_lambda=0.000 gpu=3.0/11.8GB
[20:42:43] [train] ep=09 step=010/40 ce=0.4902 sc=0.8571 mi=0.0528 dn=0.0000 v13=0.0000 grl=0.0000 v15=0.0000 v15r=0.0000 v16=0.0000 v17=0.0000 v18=0.0000 acc=0.9875 lr=2.98e-04 lambda=0.000 grl_lambda=0.000 v18_lambda=0.000 gpu=3.0/11.8GB
[20:42:49] [train] ep=09 step=020/40 ce=0.4460 sc=0.7976 mi=0.0518 dn=0.0000 v13=0.0000 grl=0.0000 v15=0.0000 v15r=0.0000 v16=0.0000 v17=0.0000 v18=0.0000 acc=0.9938 lr=2.98e-04 lambda=0.000 grl_lambda=0.000 v18_lambda=0.000 gpu=3.0/11.8GB
[20:42:55] [train] ep=09 step=030/40 ce=0.4122 sc=0.7885 mi=0.0516 dn=0.0000 v13=0.0000 grl=0.0000 v15=0.0000 v15r=0.0000 v16=0.0000 v17=0.0000 v18=0.0000 acc=0.9958 lr=2.97e-04 lambda=0.000 grl_lambda=0.000 v18_lambda=0.000 gpu=3.0/11.8GB
[20:43:00] [train] ep=09 step=040/40 ce=0.3943 sc=0.8009 mi=0.0513 dn=0.0000 v13=0.0000 grl=0.0000 v15=0.0000 v15r=0.0000 v16=0.0000 v17=0.0000 v18=0.0000 acc=0.9969 lr=2.97e-04 lambda=0.000 grl_lambda=0.000 v18_lambda=0.000 gpu=3.0/11.8GB
[20:43:11] [ep_summary] ep=09/100 val_live=0.9568/0.9566 val_ema=0.2160/0.1127 test77_live=0.1547/0.0628 test77_diag_ema=0.1403/0.0352 v13=0.0000 grl=0.0000 v15=0.0000 v15r=0.0000 v16=0.0000 v17=0.0000 v18=0.0000 das=off[0,0] p=0.00 ep_time=34.3s
[20:43:11] [save] best_sourceval_ema val_acc_ema=0.2160 source_val_live=0.9568/0.9566 source_val_ema=0.2160/0.1127 ep=9
[20:43:11] [train] epoch 10/100 steps=40 use_dann=0 das=off f=[0.0,0.0] p=0.00 gpu=3.0/11.8GB
[20:43:12] [train] ep=10 step=001/40 ce=0.3186 sc=0.6465 mi=0.0521 dn=0.0000 v13=0.0000 grl=0.0000 v15=0.0000 v15r=0.0000 v16=0.0000 v17=0.0000 v18=0.0000 acc=1.0000 lr=2.97e-04 lambda=0.000 grl_lambda=0.000 v18_lambda=0.000 gpu=3.0/11.8GB
[20:43:17] [train] ep=10 step=010/40 ce=0.4221 sc=0.8282 mi=0.0489 dn=0.0000 v13=0.0000 grl=0.0000 v15=0.0000 v15r=0.0000 v16=0.0000 v17=0.0000 v18=0.0000 acc=0.9938 lr=2.97e-04 lambda=0.000 grl_lambda=0.000 v18_lambda=0.000 gpu=3.0/11.8GB
[20:43:23] [train] ep=10 step=020/40 ce=0.4088 sc=0.8780 mi=0.0487 dn=0.0000 v13=0.0000 grl=0.0000 v15=0.0000 v15r=0.0000 v16=0.0000 v17=0.0000 v18=0.0000 acc=0.9938 lr=2.97e-04 lambda=0.000 grl_lambda=0.000 v18_lambda=0.000 gpu=3.0/11.8GB
[20:43:29] [train] ep=10 step=030/40 ce=0.4098 sc=0.8151 mi=0.0493 dn=0.0000 v13=0.0000 grl=0.0000 v15=0.0000 v15r=0.0000 v16=0.0000 v17=0.0000 v18=0.0000 acc=0.9938 lr=2.96e-04 lambda=0.000 grl_lambda=0.000 v18_lambda=0.000 gpu=3.0/11.8GB
[20:43:35] [train] ep=10 step=040/40 ce=0.3982 sc=0.7989 mi=0.0490 dn=0.0000 v13=0.0000 grl=0.0000 v15=0.0000 v15r=0.0000 v16=0.0000 v17=0.0000 v18=0.0000 acc=0.9953 lr=2.96e-04 lambda=0.000 grl_lambda=0.000 v18_lambda=0.000 gpu=3.0/11.8GB
[20:43:45] [pool] check ep=010/100 source_val_acc_ema=0.2160 threshold=0.90
[20:43:45] [pool] ep=010 SKIP (source_val_acc_ema=0.2160 < 0.90)
[20:43:46] [ep_summary] ep=10/100 val_live=0.9444/0.9439 val_ema=0.2160/0.1156 test77_live=0.1475/0.0490 test77_diag_ema=0.1403/0.0352 v13=0.0000 grl=0.0000 v15=0.0000 v15r=0.0000 v16=0.0000 v17=0.0000 v18=0.0000 das=off[0,0] p=0.00 ep_time=34.2s
[20:43:46] [strict77_monitor] ep=10 best_source_epoch=9 source_val_ema=0.2160/0.1127 test77_ema_diag=0.1403/0.0352 sourcequalified_count=0
[20:43:46] [train] epoch 11/100 steps=40 use_dann=0 das=off f=[0.0,0.0] p=0.00 gpu=3.0/11.8GB
[20:43:46] [train] ep=11 step=001/40 ce=0.3074 sc=0.6639 mi=0.0485 dn=0.0000 v13=0.0000 grl=0.0000 v15=0.0000 v15r=0.0000 v16=0.0000 v17=0.0000 v18=0.0000 acc=1.0000 lr=2.96e-04 lambda=0.000 grl_lambda=0.000 v18_lambda=0.000 gpu=3.0/11.8GB
[20:43:51] [train] ep=11 step=010/40 ce=0.3598 sc=0.8074 mi=0.0489 dn=0.0000 v13=0.0000 grl=0.0000 v15=0.0000 v15r=0.0000 v16=0.0000 v17=0.0000 v18=0.0000 acc=1.0000 lr=2.96e-04 lambda=0.000 grl_lambda=0.000 v18_lambda=0.000 gpu=3.0/11.8GB
[20:43:57] [train] ep=11 step=020/40 ce=0.3511 sc=0.7705 mi=0.0492 dn=0.0000 v13=0.0000 grl=0.0000 v15=0.0000 v15r=0.0000 v16=0.0000 v17=0.0000 v18=0.0000 acc=1.0000 lr=2.96e-04 lambda=0.000 grl_lambda=0.000 v18_lambda=0.000 gpu=3.0/11.8GB
[20:44:03] [train] ep=11 step=030/40 ce=0.3450 sc=0.7609 mi=0.0487 dn=0.0000 v13=0.0000 grl=0.0000 v15=0.0000 v15r=0.0000 v16=0.0000 v17=0.0000 v18=0.0000 acc=1.0000 lr=2.95e-04 lambda=0.000 grl_lambda=0.000 v18_lambda=0.000 gpu=3.0/11.8GB
[20:44:09] [train] ep=11 step=040/40 ce=0.3327 sc=0.7772 mi=0.0479 dn=0.0000 v13=0.0000 grl=0.0000 v15=0.0000 v15r=0.0000 v16=0.0000 v17=0.0000 v18=0.0000 acc=1.0000 lr=2.95e-04 lambda=0.000 grl_lambda=0.000 v18_lambda=0.000 gpu=3.0/11.8GB
[20:44:20] [ep_summary] ep=11/100 val_live=0.9691/0.9689 val_ema=0.2160/0.1156 test77_live=0.1475/0.0490 test77_diag_ema=0.1403/0.0352 v13=0.0000 grl=0.0000 v15=0.0000 v15r=0.0000 v16=0.0000 v17=0.0000 v18=0.0000 das=off[0,0] p=0.00 ep_time=34.2s
[20:44:20] [train] epoch 12/100 steps=40 use_dann=0 das=off f=[0.0,0.0] p=0.00 gpu=3.0/11.8GB
[20:44:20] [train] ep=12 step=001/40 ce=0.2893 sc=0.7618 mi=0.0418 dn=0.0000 v13=0.0000 grl=0.0000 v15=0.0000 v15r=0.0000 v16=0.0000 v17=0.0000 v18=0.0000 acc=1.0000 lr=2.95e-04 lambda=0.000 grl_lambda=0.000 v18_lambda=0.000 gpu=3.0/11.8GB
[20:44:26] [train] ep=12 step=010/40 ce=0.3168 sc=0.8353 mi=0.0444 dn=0.0000 v13=0.0000 grl=0.0000 v15=0.0000 v15r=0.0000 v16=0.0000 v17=0.0000 v18=0.0000 acc=1.0000 lr=2.95e-04 lambda=0.000 grl_lambda=0.000 v18_lambda=0.000 gpu=3.0/11.8GB
[20:44:31] [train] ep=12 step=020/40 ce=0.3152 sc=0.7840 mi=0.0460 dn=0.0000 v13=0.0000 grl=0.0000 v15=0.0000 v15r=0.0000 v16=0.0000 v17=0.0000 v18=0.0000 acc=1.0000 lr=2.94e-04 lambda=0.000 grl_lambda=0.000 v18_lambda=0.000 gpu=3.0/11.8GB
[20:44:37] [train] ep=12 step=030/40 ce=0.3346 sc=0.8283 mi=0.0459 dn=0.0000 v13=0.0000 grl=0.0000 v15=0.0000 v15r=0.0000 v16=0.0000 v17=0.0000 v18=0.0000 acc=0.9979 lr=2.94e-04 lambda=0.000 grl_lambda=0.000 v18_lambda=0.000 gpu=3.0/11.8GB
[20:44:43] [train] ep=12 step=040/40 ce=0.3288 sc=0.7910 mi=0.0458 dn=0.0000 v13=0.0000 grl=0.0000 v15=0.0000 v15r=0.0000 v16=0.0000 v17=0.0000 v18=0.0000 acc=0.9984 lr=2.94e-04 lambda=0.000 grl_lambda=0.000 v18_lambda=0.000 gpu=3.0/11.8GB
[20:44:54] [ep_summary] ep=12/100 val_live=0.9568/0.9576 val_ema=0.2160/0.1172 test77_live=0.1475/0.0490 test77_diag_ema=0.1403/0.0352 v13=0.0000 grl=0.0000 v15=0.0000 v15r=0.0000 v16=0.0000 v17=0.0000 v18=0.0000 das=off[0,0] p=0.00 ep_time=34.1s
[20:44:54] [train] epoch 13/100 steps=40 use_dann=0 das=off f=[0.0,0.0] p=0.00 gpu=3.0/11.8GB
[20:44:54] [train] ep=13 step=001/40 ce=0.2802 sc=1.0426 mi=0.0428 dn=0.0000 v13=0.0000 grl=0.0000 v15=0.0000 v15r=0.0000 v16=0.0000 v17=0.0000 v18=0.0000 acc=1.0000 lr=2.94e-04 lambda=0.000 grl_lambda=0.000 v18_lambda=0.000 gpu=3.0/11.8GB
[20:45:00] [train] ep=13 step=010/40 ce=0.3236 sc=0.7659 mi=0.0445 dn=0.0000 v13=0.0000 grl=0.0000 v15=0.0000 v15r=0.0000 v16=0.0000 v17=0.0000 v18=0.0000 acc=1.0000 lr=2.93e-04 lambda=0.000 grl_lambda=0.000 v18_lambda=0.000 gpu=3.0/11.8GB
[20:45:06] [train] ep=13 step=020/40 ce=0.3183 sc=0.7444 mi=0.0431 dn=0.0000 v13=0.0000 grl=0.0000 v15=0.0000 v15r=0.0000 v16=0.0000 v17=0.0000 v18=0.0000 acc=1.0000 lr=2.93e-04 lambda=0.000 grl_lambda=0.000 v18_lambda=0.000 gpu=3.0/11.8GB
[20:45:11] [train] ep=13 step=030/40 ce=0.3107 sc=0.7596 mi=0.0429 dn=0.0000 v13=0.0000 grl=0.0000 v15=0.0000 v15r=0.0000 v16=0.0000 v17=0.0000 v18=0.0000 acc=1.0000 lr=2.93e-04 lambda=0.000 grl_lambda=0.000 v18_lambda=0.000 gpu=3.0/11.8GB
[20:45:17] [train] ep=13 step=040/40 ce=0.3039 sc=0.7812 mi=0.0430 dn=0.0000 v13=0.0000 grl=0.0000 v15=0.0000 v15r=0.0000 v16=0.0000 v17=0.0000 v18=0.0000 acc=1.0000 lr=2.92e-04 lambda=0.000 grl_lambda=0.000 v18_lambda=0.000 gpu=3.0/11.8GB
[20:45:28] [ep_summary] ep=13/100 val_live=0.9444/0.9432 val_ema=0.2160/0.1189 test77_live=0.1475/0.0493 test77_diag_ema=0.1403/0.0352 v13=0.0000 grl=0.0000 v15=0.0000 v15r=0.0000 v16=0.0000 v17=0.0000 v18=0.0000 das=off[0,0] p=0.00 ep_time=34.1s
[20:45:28] [train] epoch 14/100 steps=40 use_dann=0 das=off f=[0.0,0.0] p=0.00 gpu=3.0/11.8GB
[20:45:29] [train] ep=14 step=001/40 ce=0.3236 sc=0.7341 mi=0.0447 dn=0.0000 v13=0.0000 grl=0.0000 v15=0.0000 v15r=0.0000 v16=0.0000 v17=0.0000 v18=0.0000 acc=1.0000 lr=2.92e-04 lambda=0.000 grl_lambda=0.000 v18_lambda=0.000 gpu=3.0/11.8GB
[20:45:34] [train] ep=14 step=010/40 ce=0.2978 sc=0.7086 mi=0.0459 dn=0.0000 v13=0.0000 grl=0.0000 v15=0.0000 v15r=0.0000 v16=0.0000 v17=0.0000 v18=0.0000 acc=1.0000 lr=2.92e-04 lambda=0.000 grl_lambda=0.000 v18_lambda=0.000 gpu=3.0/11.8GB
[20:45:40] [train] ep=14 step=020/40 ce=0.2918 sc=0.7921 mi=0.0440 dn=0.0000 v13=0.0000 grl=0.0000 v15=0.0000 v15r=0.0000 v16=0.0000 v17=0.0000 v18=0.0000 acc=1.0000 lr=2.91e-04 lambda=0.000 grl_lambda=0.000 v18_lambda=0.000 gpu=3.0/11.8GB
[20:45:45] [train] ep=14 step=030/40 ce=0.2905 sc=0.8041 mi=0.0427 dn=0.0000 v13=0.0000 grl=0.0000 v15=0.0000 v15r=0.0000 v16=0.0000 v17=0.0000 v18=0.0000 acc=1.0000 lr=2.91e-04 lambda=0.000 grl_lambda=0.000 v18_lambda=0.000 gpu=3.0/11.8GB
[20:45:51] [train] ep=14 step=040/40 ce=0.2887 sc=0.8240 mi=0.0419 dn=0.0000 v13=0.0000 grl=0.0000 v15=0.0000 v15r=0.0000 v16=0.0000 v17=0.0000 v18=0.0000 acc=1.0000 lr=2.91e-04 lambda=0.000 grl_lambda=0.000 v18_lambda=0.000 gpu=3.0/11.8GB
[20:46:02] [ep_summary] ep=14/100 val_live=0.9691/0.9697 val_ema=0.2160/0.1189 test77_live=0.1439/0.0422 test77_diag_ema=0.1403/0.0352 v13=0.0000 grl=0.0000 v15=0.0000 v15r=0.0000 v16=0.0000 v17=0.0000 v18=0.0000 das=off[0,0] p=0.00 ep_time=34.1s
[20:46:02] [train] epoch 15/100 steps=40 use_dann=0 das=off f=[0.0,0.0] p=0.00 gpu=3.0/11.8GB
[20:46:03] [train] ep=15 step=001/40 ce=0.2747 sc=0.8843 mi=0.0396 dn=0.0000 v13=0.0000 grl=0.0000 v15=0.0000 v15r=0.0000 v16=0.0000 v17=0.0000 v18=0.0000 acc=1.0000 lr=2.91e-04 lambda=0.000 grl_lambda=0.000 v18_lambda=0.000 gpu=3.0/11.8GB
[20:46:08] [train] ep=15 step=010/40 ce=0.2809 sc=0.7532 mi=0.0415 dn=0.0000 v13=0.0000 grl=0.0000 v15=0.0000 v15r=0.0000 v16=0.0000 v17=0.0000 v18=0.0000 acc=1.0000 lr=2.90e-04 lambda=0.000 grl_lambda=0.000 v18_lambda=0.000 gpu=3.0/11.8GB
[20:46:14] [train] ep=15 step=020/40 ce=0.2781 sc=0.7807 mi=0.0421 dn=0.0000 v13=0.0000 grl=0.0000 v15=0.0000 v15r=0.0000 v16=0.0000 v17=0.0000 v18=0.0000 acc=1.0000 lr=2.90e-04 lambda=0.000 grl_lambda=0.000 v18_lambda=0.000 gpu=3.0/11.8GB
[20:46:20] [train] ep=15 step=030/40 ce=0.2765 sc=0.7658 mi=0.0420 dn=0.0000 v13=0.0000 grl=0.0000 v15=0.0000 v15r=0.0000 v16=0.0000 v17=0.0000 v18=0.0000 acc=1.0000 lr=2.89e-04 lambda=0.000 grl_lambda=0.000 v18_lambda=0.000 gpu=3.0/11.8GB
[20:46:25] [train] ep=15 step=040/40 ce=0.2761 sc=0.7812 mi=0.0416 dn=0.0000 v13=0.0000 grl=0.0000 v15=0.0000 v15r=0.0000 v16=0.0000 v17=0.0000 v18=0.0000 acc=1.0000 lr=2.89e-04 lambda=0.000 grl_lambda=0.000 v18_lambda=0.000 gpu=3.0/11.8GB
[20:46:43] [ep_summary] ep=15/100 val_live=0.9630/0.9639 val_ema=0.2284/0.1387 test77_live=0.1439/0.0422 test77_diag_ema=0.1403/0.0352 v13=0.0000 grl=0.0000 v15=0.0000 v15r=0.0000 v16=0.0000 v17=0.0000 v18=0.0000 das=off[0,0] p=0.00 ep_time=41.4s
[20:46:44] [save] best_sourceval_ema val_acc_ema=0.2284 source_val_live=0.9630/0.9639 source_val_ema=0.2284/0.1387 ep=15
[20:46:44] [train] epoch 16/100 steps=40 use_dann=0 das=off f=[0.0,0.0] p=0.00 gpu=3.0/11.8GB
[20:46:44] [train] ep=16 step=001/40 ce=0.2779 sc=0.9275 mi=0.0382 dn=0.0000 v13=0.0000 grl=0.0000 v15=0.0000 v15r=0.0000 v16=0.0000 v17=0.0000 v18=0.0000 acc=1.0000 lr=2.89e-04 lambda=0.000 grl_lambda=0.000 v18_lambda=0.000 gpu=3.0/11.8GB
[20:46:49] [train] ep=16 step=010/40 ce=0.2743 sc=0.7584 mi=0.0383 dn=0.0000 v13=0.0000 grl=0.0000 v15=0.0000 v15r=0.0000 v16=0.0000 v17=0.0000 v18=0.0000 acc=1.0000 lr=2.88e-04 lambda=0.000 grl_lambda=0.000 v18_lambda=0.000 gpu=3.0/11.8GB
[20:46:55] [train] ep=16 step=020/40 ce=0.2722 sc=0.7588 mi=0.0385 dn=0.0000 v13=0.0000 grl=0.0000 v15=0.0000 v15r=0.0000 v16=0.0000 v17=0.0000 v18=0.0000 acc=1.0000 lr=2.88e-04 lambda=0.000 grl_lambda=0.000 v18_lambda=0.000 gpu=3.0/11.8GB
[20:47:01] [train] ep=16 step=030/40 ce=0.2716 sc=0.7719 mi=0.0386 dn=0.0000 v13=0.0000 grl=0.0000 v15=0.0000 v15r=0.0000 v16=0.0000 v17=0.0000 v18=0.0000 acc=1.0000 lr=2.87e-04 lambda=0.000 grl_lambda=0.000 v18_lambda=0.000 gpu=3.0/11.8GB
[20:47:07] [train] ep=16 step=040/40 ce=0.2713 sc=0.7708 mi=0.0384 dn=0.0000 v13=0.0000 grl=0.0000 v15=0.0000 v15r=0.0000 v16=0.0000 v17=0.0000 v18=0.0000 acc=1.0000 lr=2.87e-04 lambda=0.000 grl_lambda=0.000 v18_lambda=0.000 gpu=3.0/11.8GB
[20:47:34] [ep_summary] ep=16/100 val_live=0.9568/0.9582 val_ema=0.2654/0.2082 test77_live=0.1439/0.0422 test77_diag_ema=0.1403/0.0352 v13=0.0000 grl=0.0000 v15=0.0000 v15r=0.0000 v16=0.0000 v17=0.0000 v18=0.0000 das=off[0,0] p=0.00 ep_time=50.6s
[20:47:34] [save] best_sourceval_ema val_acc_ema=0.2654 source_val_live=0.9568/0.9582 source_val_ema=0.2654/0.2082 ep=16
[20:47:34] [train] epoch 17/100 steps=40 use_dann=0 das=off f=[0.0,0.0] p=0.00 gpu=3.0/11.8GB
[20:47:35] [train] ep=17 step=001/40 ce=0.2663 sc=0.4364 mi=0.0388 dn=0.0000 v13=0.0000 grl=0.0000 v15=0.0000 v15r=0.0000 v16=0.0000 v17=0.0000 v18=0.0000 acc=1.0000 lr=2.87e-04 lambda=0.000 grl_lambda=0.000 v18_lambda=0.000 gpu=3.0/11.8GB
[20:47:40] [train] ep=17 step=010/40 ce=0.2674 sc=0.7188 mi=0.0382 dn=0.0000 v13=0.0000 grl=0.0000 v15=0.0000 v15r=0.0000 v16=0.0000 v17=0.0000 v18=0.0000 acc=1.0000 lr=2.86e-04 lambda=0.000 grl_lambda=0.000 v18_lambda=0.000 gpu=3.0/11.8GB
[20:47:46] [train] ep=17 step=020/40 ce=0.2680 sc=0.7195 mi=0.0380 dn=0.0000 v13=0.0000 grl=0.0000 v15=0.0000 v15r=0.0000 v16=0.0000 v17=0.0000 v18=0.0000 acc=1.0000 lr=2.86e-04 lambda=0.000 grl_lambda=0.000 v18_lambda=0.000 gpu=3.0/11.8GB
[20:47:52] [train] ep=17 step=030/40 ce=0.2679 sc=0.7564 mi=0.0390 dn=0.0000 v13=0.0000 grl=0.0000 v15=0.0000 v15r=0.0000 v16=0.0000 v17=0.0000 v18=0.0000 acc=1.0000 lr=2.85e-04 lambda=0.000 grl_lambda=0.000 v18_lambda=0.000 gpu=3.0/11.8GB
[20:47:58] [train] ep=17 step=040/40 ce=0.2675 sc=0.7756 mi=0.0387 dn=0.0000 v13=0.0000 grl=0.0000 v15=0.0000 v15r=0.0000 v16=0.0000 v17=0.0000 v18=0.0000 acc=1.0000 lr=2.85e-04 lambda=0.000 grl_lambda=0.000 v18_lambda=0.000 gpu=3.0/11.8GB
[20:48:09] [ep_summary] ep=17/100 val_live=0.9568/0.9579 val_ema=0.2716/0.2212 test77_live=0.1439/0.0422 test77_diag_ema=0.1403/0.0352 v13=0.0000 grl=0.0000 v15=0.0000 v15r=0.0000 v16=0.0000 v17=0.0000 v18=0.0000 das=off[0,0] p=0.00 ep_time=34.3s
[20:48:09] [save] best_sourceval_ema val_acc_ema=0.2716 source_val_live=0.9568/0.9579 source_val_ema=0.2716/0.2212 ep=17
[20:48:09] [train] epoch 18/100 steps=40 use_dann=0 das=off f=[0.0,0.0] p=0.00 gpu=3.0/11.8GB
[20:48:09] [train] ep=18 step=001/40 ce=0.2677 sc=0.6246 mi=0.0416 dn=0.0000 v13=0.0000 grl=0.0000 v15=0.0000 v15r=0.0000 v16=0.0000 v17=0.0000 v18=0.0000 acc=1.0000 lr=2.85e-04 lambda=0.000 grl_lambda=0.000 v18_lambda=0.000 gpu=3.0/11.8GB
[20:48:15] [train] ep=18 step=010/40 ce=0.2673 sc=0.7022 mi=0.0384 dn=0.0000 v13=0.0000 grl=0.0000 v15=0.0000 v15r=0.0000 v16=0.0000 v17=0.0000 v18=0.0000 acc=1.0000 lr=2.84e-04 lambda=0.000 grl_lambda=0.000 v18_lambda=0.000 gpu=3.0/11.8GB
[20:48:21] [train] ep=18 step=020/40 ce=0.2681 sc=0.7219 mi=0.0396 dn=0.0000 v13=0.0000 grl=0.0000 v15=0.0000 v15r=0.0000 v16=0.0000 v17=0.0000 v18=0.0000 acc=1.0000 lr=2.84e-04 lambda=0.000 grl_lambda=0.000 v18_lambda=0.000 gpu=3.0/11.8GB
[20:48:26] [train] ep=18 step=030/40 ce=0.2676 sc=0.7598 mi=0.0385 dn=0.0000 v13=0.0000 grl=0.0000 v15=0.0000 v15r=0.0000 v16=0.0000 v17=0.0000 v18=0.0000 acc=1.0000 lr=2.83e-04 lambda=0.000 grl_lambda=0.000 v18_lambda=0.000 gpu=3.0/11.8GB
[20:48:32] [train] ep=18 step=040/40 ce=0.2673 sc=0.7571 mi=0.0382 dn=0.0000 v13=0.0000 grl=0.0000 v15=0.0000 v15r=0.0000 v16=0.0000 v17=0.0000 v18=0.0000 acc=1.0000 lr=2.83e-04 lambda=0.000 grl_lambda=0.000 v18_lambda=0.000 gpu=3.0/11.8GB
[20:48:43] [ep_summary] ep=18/100 val_live=0.9568/0.9579 val_ema=0.2963/0.2552 test77_live=0.1475/0.0493 test77_diag_ema=0.1403/0.0352 v13=0.0000 grl=0.0000 v15=0.0000 v15r=0.0000 v16=0.0000 v17=0.0000 v18=0.0000 das=off[0,0] p=0.00 ep_time=34.6s
[20:48:43] [save] best_sourceval_ema val_acc_ema=0.2963 source_val_live=0.9568/0.9579 source_val_ema=0.2963/0.2552 ep=18
[20:48:43] [train] epoch 19/100 steps=40 use_dann=0 das=off f=[0.0,0.0] p=0.00 gpu=3.0/11.8GB
[20:48:44] [train] ep=19 step=001/40 ce=0.2653 sc=0.4413 mi=0.0344 dn=0.0000 v13=0.0000 grl=0.0000 v15=0.0000 v15r=0.0000 v16=0.0000 v17=0.0000 v18=0.0000 acc=1.0000 lr=2.83e-04 lambda=0.000 grl_lambda=0.000 v18_lambda=0.000 gpu=3.0/11.8GB
[20:48:49] [train] ep=19 step=010/40 ce=0.2669 sc=0.8694 mi=0.0377 dn=0.0000 v13=0.0000 grl=0.0000 v15=0.0000 v15r=0.0000 v16=0.0000 v17=0.0000 v18=0.0000 acc=1.0000 lr=2.82e-04 lambda=0.000 grl_lambda=0.000 v18_lambda=0.000 gpu=3.0/11.8GB
[20:48:55] [train] ep=19 step=020/40 ce=0.2665 sc=0.8449 mi=0.0377 dn=0.0000 v13=0.0000 grl=0.0000 v15=0.0000 v15r=0.0000 v16=0.0000 v17=0.0000 v18=0.0000 acc=1.0000 lr=2.82e-04 lambda=0.000 grl_lambda=0.000 v18_lambda=0.000 gpu=3.0/11.8GB
[20:49:01] [train] ep=19 step=030/40 ce=0.2665 sc=0.8598 mi=0.0377 dn=0.0000 v13=0.0000 grl=0.0000 v15=0.0000 v15r=0.0000 v16=0.0000 v17=0.0000 v18=0.0000 acc=1.0000 lr=2.81e-04 lambda=0.000 grl_lambda=0.000 v18_lambda=0.000 gpu=3.0/11.8GB
[20:49:07] [train] ep=19 step=040/40 ce=0.2660 sc=0.8238 mi=0.0374 dn=0.0000 v13=0.0000 grl=0.0000 v15=0.0000 v15r=0.0000 v16=0.0000 v17=0.0000 v18=0.0000 acc=1.0000 lr=2.80e-04 lambda=0.000 grl_lambda=0.000 v18_lambda=0.000 gpu=3.0/11.8GB
[20:49:17] [ep_summary] ep=19/100 val_live=0.9568/0.9579 val_ema=0.3025/0.2638 test77_live=0.1475/0.0493 test77_diag_ema=0.1403/0.0352 v13=0.0000 grl=0.0000 v15=0.0000 v15r=0.0000 v16=0.0000 v17=0.0000 v18=0.0000 das=off[0,0] p=0.00 ep_time=34.1s
[20:49:17] [save] best_sourceval_ema val_acc_ema=0.3025 source_val_live=0.9568/0.9579 source_val_ema=0.3025/0.2638 ep=19
[20:49:17] [train] epoch 20/100 steps=40 use_dann=0 das=off f=[0.0,0.0] p=0.00 gpu=3.0/11.8GB
[20:49:18] [train] ep=20 step=001/40 ce=0.2694 sc=0.4450 mi=0.0455 dn=0.0000 v13=0.0000 grl=0.0000 v15=0.0000 v15r=0.0000 v16=0.0000 v17=0.0000 v18=0.0000 acc=1.0000 lr=2.80e-04 lambda=0.000 grl_lambda=0.000 v18_lambda=0.000 gpu=3.0/11.8GB
[20:49:23] [train] ep=20 step=010/40 ce=0.2659 sc=0.7050 mi=0.0367 dn=0.0000 v13=0.0000 grl=0.0000 v15=0.0000 v15r=0.0000 v16=0.0000 v17=0.0000 v18=0.0000 acc=1.0000 lr=2.80e-04 lambda=0.000 grl_lambda=0.000 v18_lambda=0.000 gpu=3.0/11.8GB
[20:49:29] [train] ep=20 step=020/40 ce=0.2653 sc=0.8146 mi=0.0363 dn=0.0000 v13=0.0000 grl=0.0000 v15=0.0000 v15r=0.0000 v16=0.0000 v17=0.0000 v18=0.0000 acc=1.0000 lr=2.79e-04 lambda=0.000 grl_lambda=0.000 v18_lambda=0.000 gpu=3.0/11.8GB
[20:49:35] [train] ep=20 step=030/40 ce=0.2648 sc=0.7709 mi=0.0356 dn=0.0000 v13=0.0000 grl=0.0000 v15=0.0000 v15r=0.0000 v16=0.0000 v17=0.0000 v18=0.0000 acc=1.0000 lr=2.79e-04 lambda=0.000 grl_lambda=0.000 v18_lambda=0.000 gpu=3.0/11.8GB
[20:49:41] [train] ep=20 step=040/40 ce=0.2645 sc=0.7630 mi=0.0363 dn=0.0000 v13=0.0000 grl=0.0000 v15=0.0000 v15r=0.0000 v16=0.0000 v17=0.0000 v18=0.0000 acc=1.0000 lr=2.78e-04 lambda=0.000 grl_lambda=0.000 v18_lambda=0.000 gpu=3.0/11.8GB
[20:49:51] [pool] check ep=020/100 source_val_acc_ema=0.3333 threshold=0.90
[20:49:51] [pool] ep=020 SKIP (source_val_acc_ema=0.3333 < 0.90)
[20:49:52] [ep_summary] ep=20/100 val_live=0.9506/0.9519 val_ema=0.3333/0.3020 test77_live=0.1475/0.0493 test77_diag_ema=0.1403/0.0352 v13=0.0000 grl=0.0000 v15=0.0000 v15r=0.0000 v16=0.0000 v17=0.0000 v18=0.0000 das=off[0,0] p=0.00 ep_time=34.3s
[20:49:52] [save] best_sourceval_ema val_acc_ema=0.3333 source_val_live=0.9506/0.9519 source_val_ema=0.3333/0.3020 ep=20
[20:49:52] [strict77_monitor] ep=20 best_source_epoch=20 source_val_ema=0.3333/0.3020 test77_ema_diag=0.1403/0.0352 sourcequalified_count=0
[20:49:52] [train] epoch 21/100 steps=40 use_dann=0 das=off f=[0.0,0.0] p=0.00 gpu=3.0/11.8GB
[20:49:52] [train] ep=21 step=001/40 ce=0.2623 sc=0.5443 mi=0.0314 dn=0.0000 v13=0.0000 grl=0.0000 v15=0.0000 v15r=0.0000 v16=0.0000 v17=0.0000 v18=0.0000 acc=1.0000 lr=2.78e-04 lambda=0.000 grl_lambda=0.000 v18_lambda=0.000 gpu=3.0/11.8GB
[20:49:58] [train] ep=21 step=010/40 ce=0.2632 sc=0.7281 mi=0.0331 dn=0.0000 v13=0.0000 grl=0.0000 v15=0.0000 v15r=0.0000 v16=0.0000 v17=0.0000 v18=0.0000 acc=1.0000 lr=2.77e-04 lambda=0.000 grl_lambda=0.000 v18_lambda=0.000 gpu=3.0/11.8GB
[20:50:03] [train] ep=21 step=020/40 ce=0.2637 sc=0.6998 mi=0.0347 dn=0.0000 v13=0.0000 grl=0.0000 v15=0.0000 v15r=0.0000 v16=0.0000 v17=0.0000 v18=0.0000 acc=1.0000 lr=2.77e-04 lambda=0.000 grl_lambda=0.000 v18_lambda=0.000 gpu=3.0/11.8GB
[20:50:09] [train] ep=21 step=030/40 ce=0.2634 sc=0.6905 mi=0.0345 dn=0.0000 v13=0.0000 grl=0.0000 v15=0.0000 v15r=0.0000 v16=0.0000 v17=0.0000 v18=0.0000 acc=1.0000 lr=2.76e-04 lambda=0.000 grl_lambda=0.000 v18_lambda=0.000 gpu=3.0/11.8GB
[20:50:15] [train] ep=21 step=040/40 ce=0.2634 sc=0.6920 mi=0.0347 dn=0.0000 v13=0.0000 grl=0.0000 v15=0.0000 v15r=0.0000 v16=0.0000 v17=0.0000 v18=0.0000 acc=1.0000 lr=2.75e-04 lambda=0.000 grl_lambda=0.000 v18_lambda=0.000 gpu=3.0/11.8GB
[20:50:26] [ep_summary] ep=21/100 val_live=0.9506/0.9521 val_ema=0.3765/0.3558 test77_live=0.1475/0.0493 test77_diag_ema=0.1403/0.0352 v13=0.0000 grl=0.0000 v15=0.0000 v15r=0.0000 v16=0.0000 v17=0.0000 v18=0.0000 das=off[0,0] p=0.00 ep_time=34.4s
[20:50:26] [save] best_sourceval_ema val_acc_ema=0.3765 source_val_live=0.9506/0.9521 source_val_ema=0.3765/0.3558 ep=21
[20:50:26] [train] epoch 22/100 steps=40 use_dann=0 das=off f=[0.0,0.0] p=0.00 gpu=3.0/11.8GB
[20:50:27] [train] ep=22 step=001/40 ce=0.2638 sc=0.6192 mi=0.0304 dn=0.0000 v13=0.0000 grl=0.0000 v15=0.0000 v15r=0.0000 v16=0.0000 v17=0.0000 v18=0.0000 acc=1.0000 lr=2.75e-04 lambda=0.000 grl_lambda=0.000 v18_lambda=0.000 gpu=3.0/11.8GB
[20:50:32] [train] ep=22 step=010/40 ce=0.2634 sc=0.6700 mi=0.0340 dn=0.0000 v13=0.0000 grl=0.0000 v15=0.0000 v15r=0.0000 v16=0.0000 v17=0.0000 v18=0.0000 acc=1.0000 lr=2.75e-04 lambda=0.000 grl_lambda=0.000 v18_lambda=0.000 gpu=3.0/11.8GB
[20:50:38] [train] ep=22 step=020/40 ce=0.2631 sc=0.6698 mi=0.0347 dn=0.0000 v13=0.0000 grl=0.0000 v15=0.0000 v15r=0.0000 v16=0.0000 v17=0.0000 v18=0.0000 acc=1.0000 lr=2.74e-04 lambda=0.000 grl_lambda=0.000 v18_lambda=0.000 gpu=3.0/11.8GB
[20:50:44] [train] ep=22 step=030/40 ce=0.2630 sc=0.6887 mi=0.0341 dn=0.0000 v13=0.0000 grl=0.0000 v15=0.0000 v15r=0.0000 v16=0.0000 v17=0.0000 v18=0.0000 acc=1.0000 lr=2.73e-04 lambda=0.000 grl_lambda=0.000 v18_lambda=0.000 gpu=3.0/11.8GB
[20:50:49] [train] ep=22 step=040/40 ce=0.2627 sc=0.7300 mi=0.0345 dn=0.0000 v13=0.0000 grl=0.0000 v15=0.0000 v15r=0.0000 v16=0.0000 v17=0.0000 v18=0.0000 acc=1.0000 lr=2.73e-04 lambda=0.000 grl_lambda=0.000 v18_lambda=0.000 gpu=3.0/11.8GB
[20:51:00] [ep_summary] ep=22/100 val_live=0.9630/0.9637 val_ema=0.4321/0.4209 test77_live=0.1511/0.0561 test77_diag_ema=0.1403/0.0352 v13=0.0000 grl=0.0000 v15=0.0000 v15r=0.0000 v16=0.0000 v17=0.0000 v18=0.0000 das=off[0,0] p=0.00 ep_time=34.1s
[20:51:00] [save] best_sourceval_ema val_acc_ema=0.4321 source_val_live=0.9630/0.9637 source_val_ema=0.4321/0.4209 ep=22
[20:51:00] [train] epoch 23/100 steps=40 use_dann=0 das=off f=[0.0,0.0] p=0.00 gpu=3.0/11.8GB
[20:51:01] [train] ep=23 step=001/40 ce=0.2625 sc=0.4378 mi=0.0283 dn=0.0000 v13=0.0000 grl=0.0000 v15=0.0000 v15r=0.0000 v16=0.0000 v17=0.0000 v18=0.0000 acc=1.0000 lr=2.72e-04 lambda=0.000 grl_lambda=0.000 v18_lambda=0.000 gpu=3.0/11.8GB
[20:51:06] [train] ep=23 step=010/40 ce=0.2624 sc=0.8808 mi=0.0327 dn=0.0000 v13=0.0000 grl=0.0000 v15=0.0000 v15r=0.0000 v16=0.0000 v17=0.0000 v18=0.0000 acc=1.0000 lr=2.72e-04 lambda=0.000 grl_lambda=0.000 v18_lambda=0.000 gpu=3.0/11.8GB
[20:51:12] [train] ep=23 step=020/40 ce=0.2622 sc=0.7874 mi=0.0333 dn=0.0000 v13=0.0000 grl=0.0000 v15=0.0000 v15r=0.0000 v16=0.0000 v17=0.0000 v18=0.0000 acc=1.0000 lr=2.71e-04 lambda=0.000 grl_lambda=0.000 v18_lambda=0.000 gpu=3.0/11.8GB
[20:51:18] [train] ep=23 step=030/40 ce=0.2625 sc=0.8322 mi=0.0335 dn=0.0000 v13=0.0000 grl=0.0000 v15=0.0000 v15r=0.0000 v16=0.0000 v17=0.0000 v18=0.0000 acc=1.0000 lr=2.70e-04 lambda=0.000 grl_lambda=0.000 v18_lambda=0.000 gpu=3.0/11.8GB
[20:51:24] [train] ep=23 step=040/40 ce=0.2624 sc=0.8129 mi=0.0335 dn=0.0000 v13=0.0000 grl=0.0000 v15=0.0000 v15r=0.0000 v16=0.0000 v17=0.0000 v18=0.0000 acc=1.0000 lr=2.70e-04 lambda=0.000 grl_lambda=0.000 v18_lambda=0.000 gpu=3.0/11.8GB
[20:51:34] [ep_summary] ep=23/100 val_live=0.9506/0.9523 val_ema=0.4444/0.4312 test77_live=0.1475/0.0493 test77_diag_ema=0.1403/0.0352 v13=0.0000 grl=0.0000 v15=0.0000 v15r=0.0000 v16=0.0000 v17=0.0000 v18=0.0000 das=off[0,0] p=0.00 ep_time=34.1s
[20:51:34] [save] best_sourceval_ema val_acc_ema=0.4444 source_val_live=0.9506/0.9523 source_val_ema=0.4444/0.4312 ep=23
[20:51:34] [train] epoch 24/100 steps=40 use_dann=0 das=off f=[0.0,0.0] p=0.00 gpu=3.0/11.8GB
[20:51:35] [train] ep=24 step=001/40 ce=0.2611 sc=0.9681 mi=0.0352 dn=0.0000 v13=0.0000 grl=0.0000 v15=0.0000 v15r=0.0000 v16=0.0000 v17=0.0000 v18=0.0000 acc=1.0000 lr=2.70e-04 lambda=0.000 grl_lambda=0.000 v18_lambda=0.000 gpu=3.0/11.8GB
[20:51:40] [train] ep=24 step=010/40 ce=0.2632 sc=0.7847 mi=0.0346 dn=0.0000 v13=0.0000 grl=0.0000 v15=0.0000 v15r=0.0000 v16=0.0000 v17=0.0000 v18=0.0000 acc=1.0000 lr=2.69e-04 lambda=0.000 grl_lambda=0.000 v18_lambda=0.000 gpu=3.0/11.8GB
[20:51:46] [train] ep=24 step=020/40 ce=0.2624 sc=0.7459 mi=0.0341 dn=0.0000 v13=0.0000 grl=0.0000 v15=0.0000 v15r=0.0000 v16=0.0000 v17=0.0000 v18=0.0000 acc=1.0000 lr=2.68e-04 lambda=0.000 grl_lambda=0.000 v18_lambda=0.000 gpu=3.0/11.8GB
[20:51:52] [train] ep=24 step=030/40 ce=0.2629 sc=0.7110 mi=0.0338 dn=0.0000 v13=0.0000 grl=0.0000 v15=0.0000 v15r=0.0000 v16=0.0000 v17=0.0000 v18=0.0000 acc=1.0000 lr=2.67e-04 lambda=0.000 grl_lambda=0.000 v18_lambda=0.000 gpu=3.0/11.8GB
[20:51:58] [train] ep=24 step=040/40 ce=0.2627 sc=0.7000 mi=0.0339 dn=0.0000 v13=0.0000 grl=0.0000 v15=0.0000 v15r=0.0000 v16=0.0000 v17=0.0000 v18=0.0000 acc=1.0000 lr=2.67e-04 lambda=0.000 grl_lambda=0.000 v18_lambda=0.000 gpu=3.0/11.8GB
[20:52:08] [ep_summary] ep=24/100 val_live=0.9630/0.9637 val_ema=0.4691/0.4564 test77_live=0.1511/0.0561 test77_diag_ema=0.1403/0.0352 v13=0.0000 grl=0.0000 v15=0.0000 v15r=0.0000 v16=0.0000 v17=0.0000 v18=0.0000 das=off[0,0] p=0.00 ep_time=34.2s
[20:52:08] [save] best_sourceval_ema val_acc_ema=0.4691 source_val_live=0.9630/0.9637 source_val_ema=0.4691/0.4564 ep=24
[20:52:08] [train] epoch 25/100 steps=40 use_dann=0 das=off f=[0.0,0.0] p=0.00 gpu=3.0/11.8GB
[20:52:09] [train] ep=25 step=001/40 ce=0.2627 sc=0.9346 mi=0.0298 dn=0.0000 v13=0.0000 grl=0.0000 v15=0.0000 v15r=0.0000 v16=0.0000 v17=0.0000 v18=0.0000 acc=1.0000 lr=2.67e-04 lambda=0.000 grl_lambda=0.000 v18_lambda=0.000 gpu=3.0/11.8GB
[20:52:14] [train] ep=25 step=010/40 ce=0.2616 sc=0.6767 mi=0.0327 dn=0.0000 v13=0.0000 grl=0.0000 v15=0.0000 v15r=0.0000 v16=0.0000 v17=0.0000 v18=0.0000 acc=1.0000 lr=2.66e-04 lambda=0.000 grl_lambda=0.000 v18_lambda=0.000 gpu=3.0/11.8GB
[20:52:20] [train] ep=25 step=020/40 ce=0.2617 sc=0.6964 mi=0.0323 dn=0.0000 v13=0.0000 grl=0.0000 v15=0.0000 v15r=0.0000 v16=0.0000 v17=0.0000 v18=0.0000 acc=1.0000 lr=2.65e-04 lambda=0.000 grl_lambda=0.000 v18_lambda=0.000 gpu=3.0/11.8GB
[20:52:26] [train] ep=25 step=030/40 ce=0.2616 sc=0.7289 mi=0.0325 dn=0.0000 v13=0.0000 grl=0.0000 v15=0.0000 v15r=0.0000 v16=0.0000 v17=0.0000 v18=0.0000 acc=1.0000 lr=2.64e-04 lambda=0.000 grl_lambda=0.000 v18_lambda=0.000 gpu=3.0/11.8GB
[20:52:32] [train] ep=25 step=040/40 ce=0.2616 sc=0.7457 mi=0.0322 dn=0.0000 v13=0.0000 grl=0.0000 v15=0.0000 v15r=0.0000 v16=0.0000 v17=0.0000 v18=0.0000 acc=1.0000 lr=2.64e-04 lambda=0.000 grl_lambda=0.000 v18_lambda=0.000 gpu=3.0/11.8GB
[20:52:43] [ep_summary] ep=25/100 val_live=0.9630/0.9637 val_ema=0.5123/0.5135 test77_live=0.1547/0.0625 test77_diag_ema=0.1403/0.0352 v13=0.0000 grl=0.0000 v15=0.0000 v15r=0.0000 v16=0.0000 v17=0.0000 v18=0.0000 das=off[0,0] p=0.00 ep_time=34.1s
[20:52:43] [save] best_sourceval_ema val_acc_ema=0.5123 source_val_live=0.9630/0.9637 source_val_ema=0.5123/0.5135 ep=25
[20:52:43] [train] epoch 26/100 steps=40 use_dann=0 das=off f=[0.0,0.0] p=0.00 gpu=3.0/11.8GB
[20:52:43] [train] ep=26 step=001/40 ce=0.2595 sc=0.6157 mi=0.0278 dn=0.0000 v13=0.0000 grl=0.0000 v15=0.0000 v15r=0.0000 v16=0.0000 v17=0.0000 v18=0.0000 acc=1.0000 lr=2.64e-04 lambda=0.000 grl_lambda=0.000 v18_lambda=0.000 gpu=3.0/11.8GB
[20:52:48] [train] ep=26 step=010/40 ce=0.2612 sc=0.7591 mi=0.0308 dn=0.0000 v13=0.0000 grl=0.0000 v15=0.0000 v15r=0.0000 v16=0.0000 v17=0.0000 v18=0.0000 acc=1.0000 lr=2.63e-04 lambda=0.000 grl_lambda=0.000 v18_lambda=0.000 gpu=3.0/11.8GB
[20:52:54] [train] ep=26 step=020/40 ce=0.2611 sc=0.7216 mi=0.0307 dn=0.0000 v13=0.0000 grl=0.0000 v15=0.0000 v15r=0.0000 v16=0.0000 v17=0.0000 v18=0.0000 acc=1.0000 lr=2.62e-04 lambda=0.000 grl_lambda=0.000 v18_lambda=0.000 gpu=3.0/11.8GB
[20:53:00] [train] ep=26 step=030/40 ce=0.2611 sc=0.7768 mi=0.0315 dn=0.0000 v13=0.0000 grl=0.0000 v15=0.0000 v15r=0.0000 v16=0.0000 v17=0.0000 v18=0.0000 acc=1.0000 lr=2.61e-04 lambda=0.000 grl_lambda=0.000 v18_lambda=0.000 gpu=3.0/11.8GB
[20:53:06] [train] ep=26 step=040/40 ce=0.2610 sc=0.7577 mi=0.0320 dn=0.0000 v13=0.0000 grl=0.0000 v15=0.0000 v15r=0.0000 v16=0.0000 v17=0.0000 v18=0.0000 acc=1.0000 lr=2.60e-04 lambda=0.000 grl_lambda=0.000 v18_lambda=0.000 gpu=3.0/11.8GB
[20:53:17] [ep_summary] ep=26/100 val_live=0.9568/0.9578 val_ema=0.5494/0.5557 test77_live=0.1547/0.0625 test77_diag_ema=0.1403/0.0352 v13=0.0000 grl=0.0000 v15=0.0000 v15r=0.0000 v16=0.0000 v17=0.0000 v18=0.0000 das=off[0,0] p=0.00 ep_time=34.1s
[20:53:17] [save] best_sourceval_ema val_acc_ema=0.5494 source_val_live=0.9568/0.9578 source_val_ema=0.5494/0.5557 ep=26
[20:53:17] [train] epoch 27/100 steps=40 use_dann=0 das=off f=[0.0,0.0] p=0.00 gpu=3.0/11.8GB
[20:53:17] [train] ep=27 step=001/40 ce=0.2611 sc=0.6176 mi=0.0312 dn=0.0000 v13=0.0000 grl=0.0000 v15=0.0000 v15r=0.0000 v16=0.0000 v17=0.0000 v18=0.0000 acc=1.0000 lr=2.60e-04 lambda=0.000 grl_lambda=0.000 v18_lambda=0.000 gpu=3.0/11.8GB
[20:53:23] [train] ep=27 step=010/40 ce=0.2613 sc=0.7658 mi=0.0312 dn=0.0000 v13=0.0000 grl=0.0000 v15=0.0000 v15r=0.0000 v16=0.0000 v17=0.0000 v18=0.0000 acc=1.0000 lr=2.60e-04 lambda=0.000 grl_lambda=0.000 v18_lambda=0.000 gpu=3.0/11.8GB
[20:53:28] [train] ep=27 step=020/40 ce=0.2614 sc=0.7530 mi=0.0312 dn=0.0000 v13=0.0000 grl=0.0000 v15=0.0000 v15r=0.0000 v16=0.0000 v17=0.0000 v18=0.0000 acc=1.0000 lr=2.59e-04 lambda=0.000 grl_lambda=0.000 v18_lambda=0.000 gpu=3.0/11.8GB
[20:53:34] [train] ep=27 step=030/40 ce=0.2610 sc=0.7779 mi=0.0308 dn=0.0000 v13=0.0000 grl=0.0000 v15=0.0000 v15r=0.0000 v16=0.0000 v17=0.0000 v18=0.0000 acc=1.0000 lr=2.58e-04 lambda=0.000 grl_lambda=0.000 v18_lambda=0.000 gpu=3.0/11.8GB
[20:53:40] [train] ep=27 step=040/40 ce=0.2609 sc=0.7605 mi=0.0313 dn=0.0000 v13=0.0000 grl=0.0000 v15=0.0000 v15r=0.0000 v16=0.0000 v17=0.0000 v18=0.0000 acc=1.0000 lr=2.57e-04 lambda=0.000 grl_lambda=0.000 v18_lambda=0.000 gpu=3.0/11.8GB
[20:53:51] [ep_summary] ep=27/100 val_live=0.9568/0.9578 val_ema=0.5988/0.5979 test77_live=0.1547/0.0625 test77_diag_ema=0.1403/0.0352 v13=0.0000 grl=0.0000 v15=0.0000 v15r=0.0000 v16=0.0000 v17=0.0000 v18=0.0000 das=off[0,0] p=0.00 ep_time=34.0s
[20:53:51] [save] best_sourceval_ema val_acc_ema=0.5988 source_val_live=0.9568/0.9578 source_val_ema=0.5988/0.5979 ep=27
[20:53:51] [train] epoch 28/100 steps=40 use_dann=0 das=off f=[0.0,0.0] p=0.00 gpu=3.0/11.8GB
[20:53:52] [train] ep=28 step=001/40 ce=0.2596 sc=0.6061 mi=0.0299 dn=0.0000 v13=0.0000 grl=0.0000 v15=0.0000 v15r=0.0000 v16=0.0000 v17=0.0000 v18=0.0000 acc=1.0000 lr=2.57e-04 lambda=0.000 grl_lambda=0.000 v18_lambda=0.000 gpu=3.0/11.8GB
[20:53:57] [train] ep=28 step=010/40 ce=0.2605 sc=0.7892 mi=0.0304 dn=0.0000 v13=0.0000 grl=0.0000 v15=0.0000 v15r=0.0000 v16=0.0000 v17=0.0000 v18=0.0000 acc=1.0000 lr=2.56e-04 lambda=0.000 grl_lambda=0.000 v18_lambda=0.000 gpu=3.0/11.8GB
[20:54:03] [train] ep=28 step=020/40 ce=0.2605 sc=0.8301 mi=0.0312 dn=0.0000 v13=0.0000 grl=0.0000 v15=0.0000 v15r=0.0000 v16=0.0000 v17=0.0000 v18=0.0000 acc=1.0000 lr=2.55e-04 lambda=0.000 grl_lambda=0.000 v18_lambda=0.000 gpu=3.0/11.8GB
[20:54:08] [train] ep=28 step=030/40 ce=0.2606 sc=0.8112 mi=0.0306 dn=0.0000 v13=0.0000 grl=0.0000 v15=0.0000 v15r=0.0000 v16=0.0000 v17=0.0000 v18=0.0000 acc=1.0000 lr=2.54e-04 lambda=0.000 grl_lambda=0.000 v18_lambda=0.000 gpu=3.0/11.8GB
[20:54:14] [train] ep=28 step=040/40 ce=0.2604 sc=0.8142 mi=0.0304 dn=0.0000 v13=0.0000 grl=0.0000 v15=0.0000 v15r=0.0000 v16=0.0000 v17=0.0000 v18=0.0000 acc=1.0000 lr=2.54e-04 lambda=0.000 grl_lambda=0.000 v18_lambda=0.000 gpu=3.0/11.8GB
[20:55:09] [ep_summary] ep=28/100 val_live=0.9630/0.9637 val_ema=0.6235/0.6125 test77_live=0.1547/0.0625 test77_diag_ema=0.1403/0.0352 v13=0.0000 grl=0.0000 v15=0.0000 v15r=0.0000 v16=0.0000 v17=0.0000 v18=0.0000 das=off[0,0] p=0.00 ep_time=78.3s
[20:55:09] [save] best_sourceval_ema val_acc_ema=0.6235 source_val_live=0.9630/0.9637 source_val_ema=0.6235/0.6125 ep=28
[20:55:09] [train] epoch 29/100 steps=40 use_dann=0 das=off f=[0.0,0.0] p=0.00 gpu=3.0/11.8GB
[20:55:10] [train] ep=29 step=001/40 ce=0.2616 sc=1.3095 mi=0.0322 dn=0.0000 v13=0.0000 grl=0.0000 v15=0.0000 v15r=0.0000 v16=0.0000 v17=0.0000 v18=0.0000 acc=1.0000 lr=2.53e-04 lambda=0.000 grl_lambda=0.000 v18_lambda=0.000 gpu=3.0/11.8GB
[20:55:15] [train] ep=29 step=010/40 ce=0.2604 sc=0.8782 mi=0.0295 dn=0.0000 v13=0.0000 grl=0.0000 v15=0.0000 v15r=0.0000 v16=0.0000 v17=0.0000 v18=0.0000 acc=1.0000 lr=2.53e-04 lambda=0.000 grl_lambda=0.000 v18_lambda=0.000 gpu=3.0/11.8GB
[20:55:21] [train] ep=29 step=020/40 ce=0.2605 sc=0.8548 mi=0.0297 dn=0.0000 v13=0.0000 grl=0.0000 v15=0.0000 v15r=0.0000 v16=0.0000 v17=0.0000 v18=0.0000 acc=1.0000 lr=2.52e-04 lambda=0.000 grl_lambda=0.000 v18_lambda=0.000 gpu=3.0/11.8GB
[20:55:27] [train] ep=29 step=030/40 ce=0.2605 sc=0.8164 mi=0.0293 dn=0.0000 v13=0.0000 grl=0.0000 v15=0.0000 v15r=0.0000 v16=0.0000 v17=0.0000 v18=0.0000 acc=1.0000 lr=2.51e-04 lambda=0.000 grl_lambda=0.000 v18_lambda=0.000 gpu=3.0/11.8GB
[20:55:32] [train] ep=29 step=040/40 ce=0.2603 sc=0.7955 mi=0.0298 dn=0.0000 v13=0.0000 grl=0.0000 v15=0.0000 v15r=0.0000 v16=0.0000 v17=0.0000 v18=0.0000 acc=1.0000 lr=2.50e-04 lambda=0.000 grl_lambda=0.000 v18_lambda=0.000 gpu=3.0/11.8GB
[20:55:51] [ep_summary] ep=29/100 val_live=0.9630/0.9637 val_ema=0.6420/0.6311 test77_live=0.1583/0.0682 test77_diag_ema=0.1403/0.0352 v13=0.0000 grl=0.0000 v15=0.0000 v15r=0.0000 v16=0.0000 v17=0.0000 v18=0.0000 das=off[0,0] p=0.00 ep_time=41.5s
[20:56:00] [save] best_sourceval_ema val_acc_ema=0.6420 source_val_live=0.9630/0.9637 source_val_ema=0.6420/0.6311 ep=29
[20:56:00] [train] epoch 30/100 steps=40 use_dann=0 das=off f=[0.0,0.0] p=0.00 gpu=3.0/11.8GB
[20:56:01] [train] ep=30 step=001/40 ce=0.2617 sc=0.8773 mi=0.0252 dn=0.0000 v13=0.0000 grl=0.0000 v15=0.0000 v15r=0.0000 v16=0.0000 v17=0.0000 v18=0.0000 acc=1.0000 lr=2.50e-04 lambda=0.000 grl_lambda=0.000 v18_lambda=0.000 gpu=3.0/11.8GB
[20:56:06] [train] ep=30 step=010/40 ce=0.2606 sc=0.7415 mi=0.0294 dn=0.0000 v13=0.0000 grl=0.0000 v15=0.0000 v15r=0.0000 v16=0.0000 v17=0.0000 v18=0.0000 acc=1.0000 lr=2.49e-04 lambda=0.000 grl_lambda=0.000 v18_lambda=0.000 gpu=3.0/11.8GB
[20:56:12] [train] ep=30 step=020/40 ce=0.2604 sc=0.7927 mi=0.0295 dn=0.0000 v13=0.0000 grl=0.0000 v15=0.0000 v15r=0.0000 v16=0.0000 v17=0.0000 v18=0.0000 acc=1.0000 lr=2.48e-04 lambda=0.000 grl_lambda=0.000 v18_lambda=0.000 gpu=3.0/11.8GB
[20:56:18] [train] ep=30 step=030/40 ce=0.2600 sc=0.7512 mi=0.0295 dn=0.0000 v13=0.0000 grl=0.0000 v15=0.0000 v15r=0.0000 v16=0.0000 v17=0.0000 v18=0.0000 acc=1.0000 lr=2.47e-04 lambda=0.000 grl_lambda=0.000 v18_lambda=0.000 gpu=3.0/11.8GB
[20:56:24] [train] ep=30 step=040/40 ce=0.2601 sc=0.7541 mi=0.0296 dn=0.0000 v13=0.0000 grl=0.0000 v15=0.0000 v15r=0.0000 v16=0.0000 v17=0.0000 v18=0.0000 acc=1.0000 lr=2.46e-04 lambda=0.000 grl_lambda=0.000 v18_lambda=0.000 gpu=3.0/11.8GB
[20:56:34] [pool] check ep=030/100 source_val_acc_ema=0.6790 threshold=0.90
[20:56:34] [pool] ep=030 SKIP (source_val_acc_ema=0.6790 < 0.90)
[20:56:35] [ep_summary] ep=30/100 val_live=0.9630/0.9637 val_ema=0.6790/0.6652 test77_live=0.1583/0.0682 test77_diag_ema=0.1403/0.0352 v13=0.0000 grl=0.0000 v15=0.0000 v15r=0.0000 v16=0.0000 v17=0.0000 v18=0.0000 das=off[0,0] p=0.00 ep_time=34.2s
[20:56:35] [save] best_sourceval_ema val_acc_ema=0.6790 source_val_live=0.9630/0.9637 source_val_ema=0.6790/0.6652 ep=30
[20:56:35] [strict77_monitor] ep=30 best_source_epoch=30 source_val_ema=0.6790/0.6652 test77_ema_diag=0.1403/0.0352 sourcequalified_count=0
[20:56:35] [train] epoch 31/100 steps=40 use_dann=0 das=off f=[0.0,0.0] p=0.00 gpu=3.0/11.8GB
[20:56:35] [train] ep=31 step=001/40 ce=0.2605 sc=0.6998 mi=0.0258 dn=0.0000 v13=0.0000 grl=0.0000 v15=0.0000 v15r=0.0000 v16=0.0000 v17=0.0000 v18=0.0000 acc=1.0000 lr=2.46e-04 lambda=0.000 grl_lambda=0.000 v18_lambda=0.000 gpu=3.0/11.8GB
[20:56:40] [train] ep=31 step=010/40 ce=0.2605 sc=0.7054 mi=0.0285 dn=0.0000 v13=0.0000 grl=0.0000 v15=0.0000 v15r=0.0000 v16=0.0000 v17=0.0000 v18=0.0000 acc=1.0000 lr=2.45e-04 lambda=0.000 grl_lambda=0.000 v18_lambda=0.000 gpu=3.0/11.8GB
[20:56:46] [train] ep=31 step=020/40 ce=0.2599 sc=0.6942 mi=0.0290 dn=0.0000 v13=0.0000 grl=0.0000 v15=0.0000 v15r=0.0000 v16=0.0000 v17=0.0000 v18=0.0000 acc=1.0000 lr=2.44e-04 lambda=0.000 grl_lambda=0.000 v18_lambda=0.000 gpu=3.0/11.8GB
[20:56:52] [train] ep=31 step=030/40 ce=0.2596 sc=0.7511 mi=0.0287 dn=0.0000 v13=0.0000 grl=0.0000 v15=0.0000 v15r=0.0000 v16=0.0000 v17=0.0000 v18=0.0000 acc=1.0000 lr=2.43e-04 lambda=0.000 grl_lambda=0.000 v18_lambda=0.000 gpu=3.0/11.8GB
[20:56:58] [train] ep=31 step=040/40 ce=0.2599 sc=0.7177 mi=0.0293 dn=0.0000 v13=0.0000 grl=0.0000 v15=0.0000 v15r=0.0000 v16=0.0000 v17=0.0000 v18=0.0000 acc=1.0000 lr=2.43e-04 lambda=0.000 grl_lambda=0.000 v18_lambda=0.000 gpu=3.0/11.8GB
[20:57:08] [ep_summary] ep=31/100 val_live=0.9568/0.9576 val_ema=0.7160/0.6904 test77_live=0.1583/0.0682 test77_diag_ema=0.1403/0.0352 v13=0.0000 grl=0.0000 v15=0.0000 v15r=0.0000 v16=0.0000 v17=0.0000 v18=0.0000 das=off[0,0] p=0.00 ep_time=33.9s
[20:57:08] [save] best_sourceval_ema val_acc_ema=0.7160 source_val_live=0.9568/0.9576 source_val_ema=0.7160/0.6904 ep=31
[20:57:09] [train] epoch 32/100 steps=40 use_dann=0 das=off f=[0.0,0.0] p=0.00 gpu=3.0/11.8GB
[20:57:09] [train] ep=32 step=001/40 ce=0.2576 sc=0.6325 mi=0.0238 dn=0.0000 v13=0.0000 grl=0.0000 v15=0.0000 v15r=0.0000 v16=0.0000 v17=0.0000 v18=0.0000 acc=1.0000 lr=2.42e-04 lambda=0.000 grl_lambda=0.000 v18_lambda=0.000 gpu=3.0/11.8GB
[20:57:14] [train] ep=32 step=010/40 ce=0.2593 sc=0.7332 mi=0.0291 dn=0.0000 v13=0.0000 grl=0.0000 v15=0.0000 v15r=0.0000 v16=0.0000 v17=0.0000 v18=0.0000 acc=1.0000 lr=2.42e-04 lambda=0.000 grl_lambda=0.000 v18_lambda=0.000 gpu=3.0/11.8GB
[20:57:20] [train] ep=32 step=020/40 ce=0.2591 sc=0.7262 mi=0.0282 dn=0.0000 v13=0.0000 grl=0.0000 v15=0.0000 v15r=0.0000 v16=0.0000 v17=0.0000 v18=0.0000 acc=1.0000 lr=2.41e-04 lambda=0.000 grl_lambda=0.000 v18_lambda=0.000 gpu=3.0/11.8GB
[20:57:26] [train] ep=32 step=030/40 ce=0.2590 sc=0.7542 mi=0.0276 dn=0.0000 v13=0.0000 grl=0.0000 v15=0.0000 v15r=0.0000 v16=0.0000 v17=0.0000 v18=0.0000 acc=1.0000 lr=2.40e-04 lambda=0.000 grl_lambda=0.000 v18_lambda=0.000 gpu=3.0/11.8GB
[20:57:32] [train] ep=32 step=040/40 ce=0.2591 sc=0.7430 mi=0.0280 dn=0.0000 v13=0.0000 grl=0.0000 v15=0.0000 v15r=0.0000 v16=0.0000 v17=0.0000 v18=0.0000 acc=1.0000 lr=2.39e-04 lambda=0.000 grl_lambda=0.000 v18_lambda=0.000 gpu=3.0/11.8GB
[20:57:42] [ep_summary] ep=32/100 val_live=0.9630/0.9637 val_ema=0.7407/0.7127 test77_live=0.1583/0.0682 test77_diag_ema=0.1403/0.0352 v13=0.0000 grl=0.0000 v15=0.0000 v15r=0.0000 v16=0.0000 v17=0.0000 v18=0.0000 das=off[0,0] p=0.00 ep_time=34.0s
[20:57:43] [save] best_sourceval_ema val_acc_ema=0.7407 source_val_live=0.9630/0.9637 source_val_ema=0.7407/0.7127 ep=32
[20:57:43] [train] epoch 33/100 steps=40 use_dann=0 das=off f=[0.0,0.0] p=0.00 gpu=3.0/11.8GB
[20:57:43] [train] ep=33 step=001/40 ce=0.2590 sc=0.9671 mi=0.0306 dn=0.0000 v13=0.0000 grl=0.0000 v15=0.0000 v15r=0.0000 v16=0.0000 v17=0.0000 v18=0.0000 acc=1.0000 lr=2.39e-04 lambda=0.000 grl_lambda=0.000 v18_lambda=0.000 gpu=3.0/11.8GB
[20:57:48] [train] ep=33 step=010/40 ce=0.2593 sc=0.6887 mi=0.0286 dn=0.0000 v13=0.0000 grl=0.0000 v15=0.0000 v15r=0.0000 v16=0.0000 v17=0.0000 v18=0.0000 acc=1.0000 lr=2.38e-04 lambda=0.000 grl_lambda=0.000 v18_lambda=0.000 gpu=3.0/11.8GB
[20:57:54] [train] ep=33 step=020/40 ce=0.2592 sc=0.6860 mi=0.0290 dn=0.0000 v13=0.0000 grl=0.0000 v15=0.0000 v15r=0.0000 v16=0.0000 v17=0.0000 v18=0.0000 acc=1.0000 lr=2.37e-04 lambda=0.000 grl_lambda=0.000 v18_lambda=0.000 gpu=3.0/11.8GB
[20:58:00] [train] ep=33 step=030/40 ce=0.2590 sc=0.7135 mi=0.0282 dn=0.0000 v13=0.0000 grl=0.0000 v15=0.0000 v15r=0.0000 v16=0.0000 v17=0.0000 v18=0.0000 acc=1.0000 lr=2.36e-04 lambda=0.000 grl_lambda=0.000 v18_lambda=0.000 gpu=3.0/11.8GB
[20:58:06] [train] ep=33 step=040/40 ce=0.2591 sc=0.6940 mi=0.0280 dn=0.0000 v13=0.0000 grl=0.0000 v15=0.0000 v15r=0.0000 v16=0.0000 v17=0.0000 v18=0.0000 acc=1.0000 lr=2.35e-04 lambda=0.000 grl_lambda=0.000 v18_lambda=0.000 gpu=3.0/11.8GB
[20:58:16] [ep_summary] ep=33/100 val_live=0.9568/0.9576 val_ema=0.7654/0.7446 test77_live=0.1655/0.0814 test77_diag_ema=0.1403/0.0352 v13=0.0000 grl=0.0000 v15=0.0000 v15r=0.0000 v16=0.0000 v17=0.0000 v18=0.0000 das=off[0,0] p=0.00 ep_time=33.8s
[20:58:16] [save] best_sourceval_ema val_acc_ema=0.7654 source_val_live=0.9568/0.9576 source_val_ema=0.7654/0.7446 ep=33
[20:58:16] [train] epoch 34/100 steps=40 use_dann=0 das=off f=[0.0,0.0] p=0.00 gpu=3.0/11.8GB
[20:58:17] [train] ep=34 step=001/40 ce=0.2575 sc=0.2655 mi=0.0239 dn=0.0000 v13=0.0000 grl=0.0000 v15=0.0000 v15r=0.0000 v16=0.0000 v17=0.0000 v18=0.0000 acc=1.0000 lr=2.35e-04 lambda=0.000 grl_lambda=0.000 v18_lambda=0.000 gpu=3.0/11.8GB
[20:58:22] [train] ep=34 step=010/40 ce=0.2584 sc=0.7972 mi=0.0266 dn=0.0000 v13=0.0000 grl=0.0000 v15=0.0000 v15r=0.0000 v16=0.0000 v17=0.0000 v18=0.0000 acc=1.0000 lr=2.34e-04 lambda=0.000 grl_lambda=0.000 v18_lambda=0.000 gpu=3.0/11.8GB
[20:58:28] [train] ep=34 step=020/40 ce=0.2588 sc=0.8438 mi=0.0284 dn=0.0000 v13=0.0000 grl=0.0000 v15=0.0000 v15r=0.0000 v16=0.0000 v17=0.0000 v18=0.0000 acc=1.0000 lr=2.33e-04 lambda=0.000 grl_lambda=0.000 v18_lambda=0.000 gpu=3.0/11.8GB
[20:58:34] [train] ep=34 step=030/40 ce=0.2590 sc=0.8103 mi=0.0278 dn=0.0000 v13=0.0000 grl=0.0000 v15=0.0000 v15r=0.0000 v16=0.0000 v17=0.0000 v18=0.0000 acc=1.0000 lr=2.32e-04 lambda=0.000 grl_lambda=0.000 v18_lambda=0.000 gpu=3.0/11.8GB
[20:58:40] [train] ep=34 step=040/40 ce=0.2590 sc=0.7733 mi=0.0279 dn=0.0000 v13=0.0000 grl=0.0000 v15=0.0000 v15r=0.0000 v16=0.0000 v17=0.0000 v18=0.0000 acc=1.0000 lr=2.31e-04 lambda=0.000 grl_lambda=0.000 v18_lambda=0.000 gpu=3.0/11.8GB
[20:58:50] [ep_summary] ep=34/100 val_live=0.9506/0.9521 val_ema=0.7840/0.7602 test77_live=0.1583/0.0682 test77_diag_ema=0.1403/0.0352 v13=0.0000 grl=0.0000 v15=0.0000 v15r=0.0000 v16=0.0000 v17=0.0000 v18=0.0000 das=off[0,0] p=0.00 ep_time=34.1s
[20:58:50] [save] best_sourceval_ema val_acc_ema=0.7840 source_val_live=0.9506/0.9521 source_val_ema=0.7840/0.7602 ep=34
[20:58:50] [train] epoch 35/100 steps=40 use_dann=0 das=off f=[0.0,0.0] p=0.00 gpu=3.0/11.8GB
[20:58:51] [train] ep=35 step=001/40 ce=0.2578 sc=0.5374 mi=0.0301 dn=0.0000 v13=0.0000 grl=0.0000 v15=0.0000 v15r=0.0000 v16=0.0000 v17=0.0000 v18=0.0000 acc=1.0000 lr=2.31e-04 lambda=0.000 grl_lambda=0.000 v18_lambda=0.000 gpu=3.0/11.8GB
[20:58:56] [train] ep=35 step=010/40 ce=0.2584 sc=0.6473 mi=0.0272 dn=0.0000 v13=0.0000 grl=0.0000 v15=0.0000 v15r=0.0000 v16=0.0000 v17=0.0000 v18=0.0000 acc=1.0000 lr=2.30e-04 lambda=0.000 grl_lambda=0.000 v18_lambda=0.000 gpu=3.0/11.8GB
[20:59:02] [train] ep=35 step=020/40 ce=0.2586 sc=0.7542 mi=0.0280 dn=0.0000 v13=0.0000 grl=0.0000 v15=0.0000 v15r=0.0000 v16=0.0000 v17=0.0000 v18=0.0000 acc=1.0000 lr=2.29e-04 lambda=0.000 grl_lambda=0.000 v18_lambda=0.000 gpu=3.0/11.8GB
[20:59:08] [train] ep=35 step=030/40 ce=0.2588 sc=0.7407 mi=0.0283 dn=0.0000 v13=0.0000 grl=0.0000 v15=0.0000 v15r=0.0000 v16=0.0000 v17=0.0000 v18=0.0000 acc=1.0000 lr=2.28e-04 lambda=0.000 grl_lambda=0.000 v18_lambda=0.000 gpu=3.0/11.8GB
[20:59:14] [train] ep=35 step=040/40 ce=0.2586 sc=0.7526 mi=0.0284 dn=0.0000 v13=0.0000 grl=0.0000 v15=0.0000 v15r=0.0000 v16=0.0000 v17=0.0000 v18=0.0000 acc=1.0000 lr=2.27e-04 lambda=0.000 grl_lambda=0.000 v18_lambda=0.000 gpu=3.0/11.8GB
[20:59:24] [ep_summary] ep=35/100 val_live=0.9568/0.9576 val_ema=0.7901/0.7722 test77_live=0.1619/0.0740 test77_diag_ema=0.1403/0.0352 v13=0.0000 grl=0.0000 v15=0.0000 v15r=0.0000 v16=0.0000 v17=0.0000 v18=0.0000 das=off[0,0] p=0.00 ep_time=33.8s
[20:59:24] [save] best_sourceval_ema val_acc_ema=0.7901 source_val_live=0.9568/0.9576 source_val_ema=0.7901/0.7722 ep=35
[20:59:24] [train] epoch 36/100 steps=40 use_dann=0 das=off f=[0.0,0.0] p=0.00 gpu=3.0/11.8GB
[20:59:25] [train] ep=36 step=001/40 ce=0.2585 sc=0.6172 mi=0.0278 dn=0.0000 v13=0.0000 grl=0.0000 v15=0.0000 v15r=0.0000 v16=0.0000 v17=0.0000 v18=0.0000 acc=1.0000 lr=2.26e-04 lambda=0.000 grl_lambda=0.000 v18_lambda=0.000 gpu=3.0/11.8GB
[20:59:30] [train] ep=36 step=010/40 ce=0.2586 sc=0.7197 mi=0.0269 dn=0.0000 v13=0.0000 grl=0.0000 v15=0.0000 v15r=0.0000 v16=0.0000 v17=0.0000 v18=0.0000 acc=1.0000 lr=2.25e-04 lambda=0.000 grl_lambda=0.000 v18_lambda=0.000 gpu=3.0/11.8GB
[20:59:36] [train] ep=36 step=020/40 ce=0.2587 sc=0.7610 mi=0.0270 dn=0.0000 v13=0.0000 grl=0.0000 v15=0.0000 v15r=0.0000 v16=0.0000 v17=0.0000 v18=0.0000 acc=1.0000 lr=2.24e-04 lambda=0.000 grl_lambda=0.000 v18_lambda=0.000 gpu=3.0/11.8GB
[20:59:42] [train] ep=36 step=030/40 ce=0.2586 sc=0.7750 mi=0.0272 dn=0.0000 v13=0.0000 grl=0.0000 v15=0.0000 v15r=0.0000 v16=0.0000 v17=0.0000 v18=0.0000 acc=1.0000 lr=2.23e-04 lambda=0.000 grl_lambda=0.000 v18_lambda=0.000 gpu=3.0/11.8GB
[20:59:48] [train] ep=36 step=040/40 ce=0.2587 sc=0.7631 mi=0.0269 dn=0.0000 v13=0.0000 grl=0.0000 v15=0.0000 v15r=0.0000 v16=0.0000 v17=0.0000 v18=0.0000 acc=1.0000 lr=2.22e-04 lambda=0.000 grl_lambda=0.000 v18_lambda=0.000 gpu=3.0/11.8GB
[20:59:58] [ep_summary] ep=36/100 val_live=0.9506/0.9518 val_ema=0.8210/0.8035 test77_live=0.1583/0.0682 test77_diag_ema=0.1403/0.0352 v13=0.0000 grl=0.0000 v15=0.0000 v15r=0.0000 v16=0.0000 v17=0.0000 v18=0.0000 das=off[0,0] p=0.00 ep_time=33.8s
[20:59:58] [save] best_sourceval_ema val_acc_ema=0.8210 source_val_live=0.9506/0.9518 source_val_ema=0.8210/0.8035 ep=36
[20:59:58] [train] epoch 37/100 steps=40 use_dann=0 das=off f=[0.0,0.0] p=0.00 gpu=3.0/11.8GB
[20:59:59] [train] ep=37 step=001/40 ce=0.2591 sc=0.5257 mi=0.0291 dn=0.0000 v13=0.0000 grl=0.0000 v15=0.0000 v15r=0.0000 v16=0.0000 v17=0.0000 v18=0.0000 acc=1.0000 lr=2.22e-04 lambda=0.000 grl_lambda=0.000 v18_lambda=0.000 gpu=3.0/11.8GB
[21:00:04] [train] ep=37 step=010/40 ce=0.2587 sc=0.7478 mi=0.0274 dn=0.0000 v13=0.0000 grl=0.0000 v15=0.0000 v15r=0.0000 v16=0.0000 v17=0.0000 v18=0.0000 acc=1.0000 lr=2.21e-04 lambda=0.000 grl_lambda=0.000 v18_lambda=0.000 gpu=3.0/11.8GB
[21:00:10] [train] ep=37 step=020/40 ce=0.2585 sc=0.7692 mi=0.0273 dn=0.0000 v13=0.0000 grl=0.0000 v15=0.0000 v15r=0.0000 v16=0.0000 v17=0.0000 v18=0.0000 acc=1.0000 lr=2.20e-04 lambda=0.000 grl_lambda=0.000 v18_lambda=0.000 gpu=3.0/11.8GB
[21:00:16] [train] ep=37 step=030/40 ce=0.2587 sc=0.7781 mi=0.0279 dn=0.0000 v13=0.0000 grl=0.0000 v15=0.0000 v15r=0.0000 v16=0.0000 v17=0.0000 v18=0.0000 acc=1.0000 lr=2.19e-04 lambda=0.000 grl_lambda=0.000 v18_lambda=0.000 gpu=3.0/11.8GB
[21:00:21] [train] ep=37 step=040/40 ce=0.2586 sc=0.7696 mi=0.0276 dn=0.0000 v13=0.0000 grl=0.0000 v15=0.0000 v15r=0.0000 v16=0.0000 v17=0.0000 v18=0.0000 acc=1.0000 lr=2.18e-04 lambda=0.000 grl_lambda=0.000 v18_lambda=0.000 gpu=3.0/11.8GB
[21:00:32] [ep_summary] ep=37/100 val_live=0.9506/0.9518 val_ema=0.8457/0.8332 test77_live=0.1655/0.0795 test77_diag_ema=0.1403/0.0352 v13=0.0000 grl=0.0000 v15=0.0000 v15r=0.0000 v16=0.0000 v17=0.0000 v18=0.0000 das=off[0,0] p=0.00 ep_time=33.8s
[21:00:32] [save] best_sourceval_ema val_acc_ema=0.8457 source_val_live=0.9506/0.9518 source_val_ema=0.8457/0.8332 ep=37
[21:00:32] [train] epoch 38/100 steps=40 use_dann=0 das=off f=[0.0,0.0] p=0.00 gpu=3.0/11.8GB
[21:00:33] [train] ep=38 step=001/40 ce=0.2598 sc=0.8395 mi=0.0221 dn=0.0000 v13=0.0000 grl=0.0000 v15=0.0000 v15r=0.0000 v16=0.0000 v17=0.0000 v18=0.0000 acc=1.0000 lr=2.18e-04 lambda=0.000 grl_lambda=0.000 v18_lambda=0.000 gpu=3.0/11.8GB
[21:00:38] [train] ep=38 step=010/40 ce=0.2588 sc=0.7411 mi=0.0262 dn=0.0000 v13=0.0000 grl=0.0000 v15=0.0000 v15r=0.0000 v16=0.0000 v17=0.0000 v18=0.0000 acc=1.0000 lr=2.17e-04 lambda=0.000 grl_lambda=0.000 v18_lambda=0.000 gpu=3.0/11.8GB
[21:00:44] [train] ep=38 step=020/40 ce=0.2586 sc=0.7460 mi=0.0277 dn=0.0000 v13=0.0000 grl=0.0000 v15=0.0000 v15r=0.0000 v16=0.0000 v17=0.0000 v18=0.0000 acc=1.0000 lr=2.16e-04 lambda=0.000 grl_lambda=0.000 v18_lambda=0.000 gpu=3.0/11.8GB
[21:00:50] [train] ep=38 step=030/40 ce=0.2585 sc=0.7095 mi=0.0271 dn=0.0000 v13=0.0000 grl=0.0000 v15=0.0000 v15r=0.0000 v16=0.0000 v17=0.0000 v18=0.0000 acc=1.0000 lr=2.15e-04 lambda=0.000 grl_lambda=0.000 v18_lambda=0.000 gpu=3.0/11.8GB
[21:00:55] [train] ep=38 step=040/40 ce=0.2583 sc=0.7303 mi=0.0273 dn=0.0000 v13=0.0000 grl=0.0000 v15=0.0000 v15r=0.0000 v16=0.0000 v17=0.0000 v18=0.0000 acc=1.0000 lr=2.14e-04 lambda=0.000 grl_lambda=0.000 v18_lambda=0.000 gpu=3.0/11.8GB
[21:01:06] [ep_summary] ep=38/100 val_live=0.9506/0.9521 val_ema=0.8519/0.8427 test77_live=0.1655/0.0795 test77_diag_ema=0.1403/0.0352 v13=0.0000 grl=0.0000 v15=0.0000 v15r=0.0000 v16=0.0000 v17=0.0000 v18=0.0000 das=off[0,0] p=0.00 ep_time=34.2s
[21:01:06] [save] best_sourceval_ema val_acc_ema=0.8519 source_val_live=0.9506/0.9521 source_val_ema=0.8519/0.8427 ep=38
[21:01:06] [train] epoch 39/100 steps=40 use_dann=0 das=off f=[0.0,0.0] p=0.00 gpu=3.0/11.8GB
[21:01:07] [train] ep=39 step=001/40 ce=0.2577 sc=0.7459 mi=0.0282 dn=0.0000 v13=0.0000 grl=0.0000 v15=0.0000 v15r=0.0000 v16=0.0000 v17=0.0000 v18=0.0000 acc=1.0000 lr=2.14e-04 lambda=0.000 grl_lambda=0.000 v18_lambda=0.000 gpu=3.0/11.8GB
[21:01:12] [train] ep=39 step=010/40 ce=0.2580 sc=0.7198 mi=0.0282 dn=0.0000 v13=0.0000 grl=0.0000 v15=0.0000 v15r=0.0000 v16=0.0000 v17=0.0000 v18=0.0000 acc=1.0000 lr=2.13e-04 lambda=0.000 grl_lambda=0.000 v18_lambda=0.000 gpu=3.0/11.8GB
[21:01:18] [train] ep=39 step=020/40 ce=0.2581 sc=0.6752 mi=0.0275 dn=0.0000 v13=0.0000 grl=0.0000 v15=0.0000 v15r=0.0000 v16=0.0000 v17=0.0000 v18=0.0000 acc=1.0000 lr=2.11e-04 lambda=0.000 grl_lambda=0.000 v18_lambda=0.000 gpu=3.0/11.8GB
[21:01:24] [train] ep=39 step=030/40 ce=0.2580 sc=0.6566 mi=0.0273 dn=0.0000 v13=0.0000 grl=0.0000 v15=0.0000 v15r=0.0000 v16=0.0000 v17=0.0000 v18=0.0000 acc=1.0000 lr=2.10e-04 lambda=0.000 grl_lambda=0.000 v18_lambda=0.000 gpu=3.0/11.8GB
[21:01:30] [train] ep=39 step=040/40 ce=0.2580 sc=0.6953 mi=0.0272 dn=0.0000 v13=0.0000 grl=0.0000 v15=0.0000 v15r=0.0000 v16=0.0000 v17=0.0000 v18=0.0000 acc=1.0000 lr=2.09e-04 lambda=0.000 grl_lambda=0.000 v18_lambda=0.000 gpu=3.0/11.8GB
[21:01:41] [ep_summary] ep=39/100 val_live=0.9568/0.9576 val_ema=0.8642/0.8601 test77_live=0.1655/0.0795 test77_diag_ema=0.1403/0.0352 v13=0.0000 grl=0.0000 v15=0.0000 v15r=0.0000 v16=0.0000 v17=0.0000 v18=0.0000 das=off[0,0] p=0.00 ep_time=34.3s
[21:01:41] [save] best_sourceval_ema val_acc_ema=0.8642 source_val_live=0.9568/0.9576 source_val_ema=0.8642/0.8601 ep=39
[21:01:41] [train] epoch 40/100 steps=40 use_dann=0 das=off f=[0.0,0.0] p=0.00 gpu=3.0/11.8GB
[21:01:41] [train] ep=40 step=001/40 ce=0.2588 sc=0.7118 mi=0.0288 dn=0.0000 v13=0.0000 grl=0.0000 v15=0.0000 v15r=0.0000 v16=0.0000 v17=0.0000 v18=0.0000 acc=1.0000 lr=2.09e-04 lambda=0.000 grl_lambda=0.000 v18_lambda=0.000 gpu=3.0/11.8GB
[21:01:47] [train] ep=40 step=010/40 ce=0.2581 sc=0.7719 mi=0.0259 dn=0.0000 v13=0.0000 grl=0.0000 v15=0.0000 v15r=0.0000 v16=0.0000 v17=0.0000 v18=0.0000 acc=1.0000 lr=2.08e-04 lambda=0.000 grl_lambda=0.000 v18_lambda=0.000 gpu=3.0/11.8GB
[21:01:52] [train] ep=40 step=020/40 ce=0.2580 sc=0.7057 mi=0.0264 dn=0.0000 v13=0.0000 grl=0.0000 v15=0.0000 v15r=0.0000 v16=0.0000 v17=0.0000 v18=0.0000 acc=1.0000 lr=2.07e-04 lambda=0.000 grl_lambda=0.000 v18_lambda=0.000 gpu=3.0/11.8GB
[21:01:58] [train] ep=40 step=030/40 ce=0.2579 sc=0.7106 mi=0.0266 dn=0.0000 v13=0.0000 grl=0.0000 v15=0.0000 v15r=0.0000 v16=0.0000 v17=0.0000 v18=0.0000 acc=1.0000 lr=2.06e-04 lambda=0.000 grl_lambda=0.000 v18_lambda=0.000 gpu=3.0/11.8GB
[21:02:04] [train] ep=40 step=040/40 ce=0.2579 sc=0.6905 mi=0.0268 dn=0.0000 v13=0.0000 grl=0.0000 v15=0.0000 v15r=0.0000 v16=0.0000 v17=0.0000 v18=0.0000 acc=1.0000 lr=2.05e-04 lambda=0.000 grl_lambda=0.000 v18_lambda=0.000 gpu=3.0/11.8GB
[21:02:15] [pool] check ep=040/100 source_val_acc_ema=0.8765 threshold=0.90
[21:02:15] [pool] ep=040 SKIP (source_val_acc_ema=0.8765 < 0.90)
[21:02:15] [ep_summary] ep=40/100 val_live=0.9568/0.9576 val_ema=0.8765/0.8733 test77_live=0.1727/0.0927 test77_diag_ema=0.1403/0.0352 v13=0.0000 grl=0.0000 v15=0.0000 v15r=0.0000 v16=0.0000 v17=0.0000 v18=0.0000 das=off[0,0] p=0.00 ep_time=34.1s
[21:02:15] [save] best_sourceval_ema val_acc_ema=0.8765 source_val_live=0.9568/0.9576 source_val_ema=0.8765/0.8733 ep=40
[21:02:15] [strict77_monitor] ep=40 best_source_epoch=40 source_val_ema=0.8765/0.8733 test77_ema_diag=0.1403/0.0352 sourcequalified_count=0
[21:02:15] [train] epoch 41/100 steps=40 use_dann=0 das=off f=[0.0,0.0] p=0.00 gpu=3.0/11.8GB
[21:02:15] [train] ep=41 step=001/40 ce=0.2583 sc=0.8221 mi=0.0247 dn=0.0000 v13=0.0000 grl=0.0000 v15=0.0000 v15r=0.0000 v16=0.0000 v17=0.0000 v18=0.0000 acc=1.0000 lr=2.05e-04 lambda=0.000 grl_lambda=0.000 v18_lambda=0.000 gpu=3.0/11.8GB
[21:02:21] [train] ep=41 step=010/40 ce=0.2576 sc=0.6679 mi=0.0273 dn=0.0000 v13=0.0000 grl=0.0000 v15=0.0000 v15r=0.0000 v16=0.0000 v17=0.0000 v18=0.0000 acc=1.0000 lr=2.04e-04 lambda=0.000 grl_lambda=0.000 v18_lambda=0.000 gpu=3.0/11.8GB
[21:02:27] [train] ep=41 step=020/40 ce=0.2577 sc=0.7399 mi=0.0271 dn=0.0000 v13=0.0000 grl=0.0000 v15=0.0000 v15r=0.0000 v16=0.0000 v17=0.0000 v18=0.0000 acc=1.0000 lr=2.02e-04 lambda=0.000 grl_lambda=0.000 v18_lambda=0.000 gpu=3.0/11.8GB
[21:02:32] [train] ep=41 step=030/40 ce=0.2576 sc=0.7929 mi=0.0264 dn=0.0000 v13=0.0000 grl=0.0000 v15=0.0000 v15r=0.0000 v16=0.0000 v17=0.0000 v18=0.0000 acc=1.0000 lr=2.01e-04 lambda=0.000 grl_lambda=0.000 v18_lambda=0.000 gpu=3.0/11.8GB
[21:02:38] [train] ep=41 step=040/40 ce=0.2576 sc=0.7543 mi=0.0267 dn=0.0000 v13=0.0000 grl=0.0000 v15=0.0000 v15r=0.0000 v16=0.0000 v17=0.0000 v18=0.0000 acc=1.0000 lr=2.00e-04 lambda=0.000 grl_lambda=0.000 v18_lambda=0.000 gpu=3.0/11.8GB
[21:03:33] [ep_summary] ep=41/100 val_live=0.9568/0.9576 val_ema=0.8951/0.8957 test77_live=0.1763/0.0989 test77_diag_ema=0.1403/0.0352 v13=0.0000 grl=0.0000 v15=0.0000 v15r=0.0000 v16=0.0000 v17=0.0000 v18=0.0000 das=off[0,0] p=0.00 ep_time=78.0s
[21:03:33] [save] best_sourceval_ema val_acc_ema=0.8951 source_val_live=0.9568/0.9576 source_val_ema=0.8951/0.8957 ep=41
[21:03:33] [train] epoch 42/100 steps=40 use_dann=0 das=off f=[0.0,0.0] p=0.00 gpu=3.0/11.8GB
[21:03:33] [train] ep=42 step=001/40 ce=0.2585 sc=0.9676 mi=0.0376 dn=0.0000 v13=0.0000 grl=0.0000 v15=0.0000 v15r=0.0000 v16=0.0000 v17=0.0000 v18=0.0000 acc=1.0000 lr=2.00e-04 lambda=0.000 grl_lambda=0.000 v18_lambda=0.000 gpu=3.0/11.8GB
[21:03:39] [train] ep=42 step=010/40 ce=0.2580 sc=0.7848 mi=0.0273 dn=0.0000 v13=0.0000 grl=0.0000 v15=0.0000 v15r=0.0000 v16=0.0000 v17=0.0000 v18=0.0000 acc=1.0000 lr=1.99e-04 lambda=0.000 grl_lambda=0.000 v18_lambda=0.000 gpu=3.0/11.8GB
[21:03:44] [train] ep=42 step=020/40 ce=0.2578 sc=0.8047 mi=0.0264 dn=0.0000 v13=0.0000 grl=0.0000 v15=0.0000 v15r=0.0000 v16=0.0000 v17=0.0000 v18=0.0000 acc=1.0000 lr=1.98e-04 lambda=0.000 grl_lambda=0.000 v18_lambda=0.000 gpu=3.0/11.8GB
[21:03:50] [train] ep=42 step=030/40 ce=0.2578 sc=0.8342 mi=0.0260 dn=0.0000 v13=0.0000 grl=0.0000 v15=0.0000 v15r=0.0000 v16=0.0000 v17=0.0000 v18=0.0000 acc=1.0000 lr=1.97e-04 lambda=0.000 grl_lambda=0.000 v18_lambda=0.000 gpu=3.0/11.8GB
[21:03:56] [train] ep=42 step=040/40 ce=0.2578 sc=0.8042 mi=0.0260 dn=0.0000 v13=0.0000 grl=0.0000 v15=0.0000 v15r=0.0000 v16=0.0000 v17=0.0000 v18=0.0000 acc=1.0000 lr=1.96e-04 lambda=0.000 grl_lambda=0.000 v18_lambda=0.000 gpu=3.0/11.8GB
[21:04:17] [ep_summary] ep=42/100 val_live=0.9506/0.9509 val_ema=0.9012/0.9027 test77_live=0.1763/0.0989 test77_diag_ema=0.1403/0.0352 v13=0.0000 grl=0.0000 v15=0.0000 v15r=0.0000 v16=0.0000 v17=0.0000 v18=0.0000 das=off[0,0] p=0.00 ep_time=44.5s
[21:04:17] [save] best_sourceval_ema val_acc_ema=0.9012 source_val_live=0.9506/0.9509 source_val_ema=0.9012/0.9027 ep=42
[21:04:17] [save] best_sourcequalified77_ema ep=42 source_val_live=0.9506/0.9509 source_val_ema=0.9012/0.9027 test77_ema=0.1403/0.0352
[21:04:17] [train] epoch 43/100 steps=40 use_dann=0 das=off f=[0.0,0.0] p=0.00 gpu=3.0/11.8GB
[21:04:18] [train] ep=43 step=001/40 ce=0.2591 sc=0.9626 mi=0.0252 dn=0.0000 v13=0.0000 grl=0.0000 v15=0.0000 v15r=0.0000 v16=0.0000 v17=0.0000 v18=0.0000 acc=1.0000 lr=1.95e-04 lambda=0.000 grl_lambda=0.000 v18_lambda=0.000 gpu=3.0/11.8GB
[21:04:23] [train] ep=43 step=010/40 ce=0.2578 sc=0.6961 mi=0.0251 dn=0.0000 v13=0.0000 grl=0.0000 v15=0.0000 v15r=0.0000 v16=0.0000 v17=0.0000 v18=0.0000 acc=1.0000 lr=1.94e-04 lambda=0.000 grl_lambda=0.000 v18_lambda=0.000 gpu=3.0/11.8GB
[21:04:29] [train] ep=43 step=020/40 ce=0.2579 sc=0.6888 mi=0.0252 dn=0.0000 v13=0.0000 grl=0.0000 v15=0.0000 v15r=0.0000 v16=0.0000 v17=0.0000 v18=0.0000 acc=1.0000 lr=1.93e-04 lambda=0.000 grl_lambda=0.000 v18_lambda=0.000 gpu=3.0/11.8GB
[21:04:35] [train] ep=43 step=030/40 ce=0.2579 sc=0.6767 mi=0.0251 dn=0.0000 v13=0.0000 grl=0.0000 v15=0.0000 v15r=0.0000 v16=0.0000 v17=0.0000 v18=0.0000 acc=1.0000 lr=1.92e-04 lambda=0.000 grl_lambda=0.000 v18_lambda=0.000 gpu=3.0/11.8GB
[21:04:41] [train] ep=43 step=040/40 ce=0.2578 sc=0.7137 mi=0.0252 dn=0.0000 v13=0.0000 grl=0.0000 v15=0.0000 v15r=0.0000 v16=0.0000 v17=0.0000 v18=0.0000 acc=1.0000 lr=1.91e-04 lambda=0.000 grl_lambda=0.000 v18_lambda=0.000 gpu=3.0/11.8GB
[21:04:51] [ep_summary] ep=43/100 val_live=0.9506/0.9509 val_ema=0.9136/0.9149 test77_live=0.1619/0.0749 test77_diag_ema=0.1403/0.0352 v13=0.0000 grl=0.0000 v15=0.0000 v15r=0.0000 v16=0.0000 v17=0.0000 v18=0.0000 das=off[0,0] p=0.00 ep_time=34.0s
[21:04:51] [save] best_sourceval_ema val_acc_ema=0.9136 source_val_live=0.9506/0.9509 source_val_ema=0.9136/0.9149 ep=43
[21:04:51] [train] epoch 44/100 steps=40 use_dann=0 das=off f=[0.0,0.0] p=0.00 gpu=3.0/11.8GB
[21:04:52] [train] ep=44 step=001/40 ce=0.2585 sc=1.0473 mi=0.0287 dn=0.0000 v13=0.0000 grl=0.0000 v15=0.0000 v15r=0.0000 v16=0.0000 v17=0.0000 v18=0.0000 acc=1.0000 lr=1.91e-04 lambda=0.000 grl_lambda=0.000 v18_lambda=0.000 gpu=3.0/11.8GB
[21:04:57] [train] ep=44 step=010/40 ce=0.2574 sc=0.9040 mi=0.0274 dn=0.0000 v13=0.0000 grl=0.0000 v15=0.0000 v15r=0.0000 v16=0.0000 v17=0.0000 v18=0.0000 acc=1.0000 lr=1.90e-04 lambda=0.000 grl_lambda=0.000 v18_lambda=0.000 gpu=3.0/11.8GB
[21:05:03] [train] ep=44 step=020/40 ce=0.2576 sc=0.8069 mi=0.0267 dn=0.0000 v13=0.0000 grl=0.0000 v15=0.0000 v15r=0.0000 v16=0.0000 v17=0.0000 v18=0.0000 acc=1.0000 lr=1.89e-04 lambda=0.000 grl_lambda=0.000 v18_lambda=0.000 gpu=3.0/11.8GB
[21:05:09] [train] ep=44 step=030/40 ce=0.2575 sc=0.7846 mi=0.0267 dn=0.0000 v13=0.0000 grl=0.0000 v15=0.0000 v15r=0.0000 v16=0.0000 v17=0.0000 v18=0.0000 acc=1.0000 lr=1.87e-04 lambda=0.000 grl_lambda=0.000 v18_lambda=0.000 gpu=3.0/11.8GB
[21:05:15] [train] ep=44 step=040/40 ce=0.2575 sc=0.7954 mi=0.0262 dn=0.0000 v13=0.0000 grl=0.0000 v15=0.0000 v15r=0.0000 v16=0.0000 v17=0.0000 v18=0.0000 acc=1.0000 lr=1.86e-04 lambda=0.000 grl_lambda=0.000 v18_lambda=0.000 gpu=3.0/11.8GB
[21:05:25] [ep_summary] ep=44/100 val_live=0.9506/0.9509 val_ema=0.9136/0.9149 test77_live=0.1691/0.0856 test77_diag_ema=0.1403/0.0352 v13=0.0000 grl=0.0000 v15=0.0000 v15r=0.0000 v16=0.0000 v17=0.0000 v18=0.0000 das=off[0,0] p=0.00 ep_time=33.8s
[21:05:25] [train] epoch 45/100 steps=40 use_dann=0 das=off f=[0.0,0.0] p=0.00 gpu=3.0/11.8GB
[21:05:26] [train] ep=45 step=001/40 ce=0.2568 sc=1.4410 mi=0.0271 dn=0.0000 v13=0.0000 grl=0.0000 v15=0.0000 v15r=0.0000 v16=0.0000 v17=0.0000 v18=0.0000 acc=1.0000 lr=1.86e-04 lambda=0.000 grl_lambda=0.000 v18_lambda=0.000 gpu=3.0/11.8GB
[21:05:31] [train] ep=45 step=010/40 ce=0.2575 sc=0.7504 mi=0.0273 dn=0.0000 v13=0.0000 grl=0.0000 v15=0.0000 v15r=0.0000 v16=0.0000 v17=0.0000 v18=0.0000 acc=1.0000 lr=1.85e-04 lambda=0.000 grl_lambda=0.000 v18_lambda=0.000 gpu=3.0/11.8GB
[21:05:37] [train] ep=45 step=020/40 ce=0.2575 sc=0.7112 mi=0.0276 dn=0.0000 v13=0.0000 grl=0.0000 v15=0.0000 v15r=0.0000 v16=0.0000 v17=0.0000 v18=0.0000 acc=1.0000 lr=1.84e-04 lambda=0.000 grl_lambda=0.000 v18_lambda=0.000 gpu=3.0/11.8GB
[21:05:43] [train] ep=45 step=030/40 ce=0.2574 sc=0.7430 mi=0.0276 dn=0.0000 v13=0.0000 grl=0.0000 v15=0.0000 v15r=0.0000 v16=0.0000 v17=0.0000 v18=0.0000 acc=1.0000 lr=1.83e-04 lambda=0.000 grl_lambda=0.000 v18_lambda=0.000 gpu=3.0/11.8GB
[21:05:49] [train] ep=45 step=040/40 ce=0.2573 sc=0.7341 mi=0.0270 dn=0.0000 v13=0.0000 grl=0.0000 v15=0.0000 v15r=0.0000 v16=0.0000 v17=0.0000 v18=0.0000 acc=1.0000 lr=1.81e-04 lambda=0.000 grl_lambda=0.000 v18_lambda=0.000 gpu=3.0/11.8GB
[21:05:59] [ep_summary] ep=45/100 val_live=0.9506/0.9509 val_ema=0.9198/0.9216 test77_live=0.1727/0.0921 test77_diag_ema=0.1403/0.0352 v13=0.0000 grl=0.0000 v15=0.0000 v15r=0.0000 v16=0.0000 v17=0.0000 v18=0.0000 das=off[0,0] p=0.00 ep_time=33.9s
[21:05:59] [save] best_sourceval_ema val_acc_ema=0.9198 source_val_live=0.9506/0.9509 source_val_ema=0.9198/0.9216 ep=45
[21:05:59] [train] epoch 46/100 steps=40 use_dann=0 das=off f=[0.0,0.0] p=0.00 gpu=3.0/11.8GB
[21:06:00] [train] ep=46 step=001/40 ce=0.2567 sc=0.4177 mi=0.0283 dn=0.0000 v13=0.0000 grl=0.0000 v15=0.0000 v15r=0.0000 v16=0.0000 v17=0.0000 v18=0.0000 acc=1.0000 lr=1.81e-04 lambda=0.000 grl_lambda=0.000 v18_lambda=0.000 gpu=3.0/11.8GB
[21:06:05] [train] ep=46 step=010/40 ce=0.2572 sc=0.6555 mi=0.0248 dn=0.0000 v13=0.0000 grl=0.0000 v15=0.0000 v15r=0.0000 v16=0.0000 v17=0.0000 v18=0.0000 acc=1.0000 lr=1.80e-04 lambda=0.000 grl_lambda=0.000 v18_lambda=0.000 gpu=3.0/11.8GB
[21:06:11] [train] ep=46 step=020/40 ce=0.2571 sc=0.6696 mi=0.0254 dn=0.0000 v13=0.0000 grl=0.0000 v15=0.0000 v15r=0.0000 v16=0.0000 v17=0.0000 v18=0.0000 acc=1.0000 lr=1.79e-04 lambda=0.000 grl_lambda=0.000 v18_lambda=0.000 gpu=3.0/11.8GB
[21:06:17] [train] ep=46 step=030/40 ce=0.2571 sc=0.7038 mi=0.0262 dn=0.0000 v13=0.0000 grl=0.0000 v15=0.0000 v15r=0.0000 v16=0.0000 v17=0.0000 v18=0.0000 acc=1.0000 lr=1.78e-04 lambda=0.000 grl_lambda=0.000 v18_lambda=0.000 gpu=3.0/11.8GB
[21:06:23] [train] ep=46 step=040/40 ce=0.2571 sc=0.7100 mi=0.0258 dn=0.0000 v13=0.0000 grl=0.0000 v15=0.0000 v15r=0.0000 v16=0.0000 v17=0.0000 v18=0.0000 acc=1.0000 lr=1.77e-04 lambda=0.000 grl_lambda=0.000 v18_lambda=0.000 gpu=3.0/11.8GB
[21:06:34] [ep_summary] ep=46/100 val_live=0.9506/0.9509 val_ema=0.9259/0.9282 test77_live=0.1799/0.1015 test77_diag_ema=0.1403/0.0352 v13=0.0000 grl=0.0000 v15=0.0000 v15r=0.0000 v16=0.0000 v17=0.0000 v18=0.0000 das=off[0,0] p=0.00 ep_time=35.3s
[21:06:34] [save] best_sourceval_ema val_acc_ema=0.9259 source_val_live=0.9506/0.9509 source_val_ema=0.9259/0.9282 ep=46
[21:06:34] [train] epoch 47/100 steps=40 use_dann=0 das=off f=[0.0,0.0] p=0.00 gpu=3.0/11.8GB
[21:06:36] [train] ep=47 step=001/40 ce=0.2578 sc=0.7418 mi=0.0295 dn=0.0000 v13=0.0000 grl=0.0000 v15=0.0000 v15r=0.0000 v16=0.0000 v17=0.0000 v18=0.0000 acc=1.0000 lr=1.77e-04 lambda=0.000 grl_lambda=0.000 v18_lambda=0.000 gpu=3.0/11.8GB
[21:06:41] [train] ep=47 step=010/40 ce=0.2573 sc=0.7500 mi=0.0264 dn=0.0000 v13=0.0000 grl=0.0000 v15=0.0000 v15r=0.0000 v16=0.0000 v17=0.0000 v18=0.0000 acc=1.0000 lr=1.76e-04 lambda=0.000 grl_lambda=0.000 v18_lambda=0.000 gpu=3.0/11.8GB
[21:06:47] [train] ep=47 step=020/40 ce=0.2573 sc=0.7272 mi=0.0255 dn=0.0000 v13=0.0000 grl=0.0000 v15=0.0000 v15r=0.0000 v16=0.0000 v17=0.0000 v18=0.0000 acc=1.0000 lr=1.74e-04 lambda=0.000 grl_lambda=0.000 v18_lambda=0.000 gpu=3.0/11.8GB
[21:06:53] [train] ep=47 step=030/40 ce=0.2574 sc=0.7107 mi=0.0250 dn=0.0000 v13=0.0000 grl=0.0000 v15=0.0000 v15r=0.0000 v16=0.0000 v17=0.0000 v18=0.0000 acc=1.0000 lr=1.73e-04 lambda=0.000 grl_lambda=0.000 v18_lambda=0.000 gpu=3.0/11.8GB
[21:06:59] [train] ep=47 step=040/40 ce=0.2574 sc=0.7295 mi=0.0254 dn=0.0000 v13=0.0000 grl=0.0000 v15=0.0000 v15r=0.0000 v16=0.0000 v17=0.0000 v18=0.0000 acc=1.0000 lr=1.72e-04 lambda=0.000 grl_lambda=0.000 v18_lambda=0.000 gpu=3.0/11.8GB
[21:07:09] [ep_summary] ep=47/100 val_live=0.9506/0.9509 val_ema=0.9321/0.9349 test77_live=0.1727/0.0921 test77_diag_ema=0.1403/0.0352 v13=0.0000 grl=0.0000 v15=0.0000 v15r=0.0000 v16=0.0000 v17=0.0000 v18=0.0000 das=off[0,0] p=0.00 ep_time=34.9s
[21:07:09] [save] best_sourceval_ema val_acc_ema=0.9321 source_val_live=0.9506/0.9509 source_val_ema=0.9321/0.9349 ep=47
[21:07:09] [train] epoch 48/100 steps=40 use_dann=0 das=off f=[0.0,0.0] p=0.00 gpu=3.0/11.8GB
[21:07:10] [train] ep=48 step=001/40 ce=0.2576 sc=0.6460 mi=0.0302 dn=0.0000 v13=0.0000 grl=0.0000 v15=0.0000 v15r=0.0000 v16=0.0000 v17=0.0000 v18=0.0000 acc=1.0000 lr=1.72e-04 lambda=0.000 grl_lambda=0.000 v18_lambda=0.000 gpu=3.0/11.8GB
[21:07:15] [train] ep=48 step=010/40 ce=0.2572 sc=0.8810 mi=0.0258 dn=0.0000 v13=0.0000 grl=0.0000 v15=0.0000 v15r=0.0000 v16=0.0000 v17=0.0000 v18=0.0000 acc=1.0000 lr=1.71e-04 lambda=0.000 grl_lambda=0.000 v18_lambda=0.000 gpu=3.0/11.8GB
[21:07:21] [train] ep=48 step=020/40 ce=0.2571 sc=0.7827 mi=0.0260 dn=0.0000 v13=0.0000 grl=0.0000 v15=0.0000 v15r=0.0000 v16=0.0000 v17=0.0000 v18=0.0000 acc=1.0000 lr=1.69e-04 lambda=0.000 grl_lambda=0.000 v18_lambda=0.000 gpu=3.0/11.8GB
[21:07:27] [train] ep=48 step=030/40 ce=0.2571 sc=0.7842 mi=0.0261 dn=0.0000 v13=0.0000 grl=0.0000 v15=0.0000 v15r=0.0000 v16=0.0000 v17=0.0000 v18=0.0000 acc=1.0000 lr=1.68e-04 lambda=0.000 grl_lambda=0.000 v18_lambda=0.000 gpu=3.0/11.8GB
[21:07:33] [train] ep=48 step=040/40 ce=0.2571 sc=0.7865 mi=0.0256 dn=0.0000 v13=0.0000 grl=0.0000 v15=0.0000 v15r=0.0000 v16=0.0000 v17=0.0000 v18=0.0000 acc=1.0000 lr=1.67e-04 lambda=0.000 grl_lambda=0.000 v18_lambda=0.000 gpu=3.0/11.8GB
[21:07:43] [ep_summary] ep=48/100 val_live=0.9444/0.9452 val_ema=0.9383/0.9409 test77_live=0.1727/0.0921 test77_diag_ema=0.1403/0.0352 v13=0.0000 grl=0.0000 v15=0.0000 v15r=0.0000 v16=0.0000 v17=0.0000 v18=0.0000 das=off[0,0] p=0.00 ep_time=34.0s
[21:07:43] [save] best_sourceval_ema val_acc_ema=0.9383 source_val_live=0.9444/0.9452 source_val_ema=0.9383/0.9409 ep=48
[21:07:43] [train] epoch 49/100 steps=40 use_dann=0 das=off f=[0.0,0.0] p=0.00 gpu=3.0/11.8GB
[21:07:44] [train] ep=49 step=001/40 ce=0.2579 sc=0.7135 mi=0.0205 dn=0.0000 v13=0.0000 grl=0.0000 v15=0.0000 v15r=0.0000 v16=0.0000 v17=0.0000 v18=0.0000 acc=1.0000 lr=1.67e-04 lambda=0.000 grl_lambda=0.000 v18_lambda=0.000 gpu=3.0/11.8GB
[21:07:49] [train] ep=49 step=010/40 ce=0.2572 sc=0.6835 mi=0.0241 dn=0.0000 v13=0.0000 grl=0.0000 v15=0.0000 v15r=0.0000 v16=0.0000 v17=0.0000 v18=0.0000 acc=1.0000 lr=1.66e-04 lambda=0.000 grl_lambda=0.000 v18_lambda=0.000 gpu=3.0/11.8GB
[21:07:55] [train] ep=49 step=020/40 ce=0.2570 sc=0.7327 mi=0.0247 dn=0.0000 v13=0.0000 grl=0.0000 v15=0.0000 v15r=0.0000 v16=0.0000 v17=0.0000 v18=0.0000 acc=1.0000 lr=1.65e-04 lambda=0.000 grl_lambda=0.000 v18_lambda=0.000 gpu=3.0/11.8GB
[21:08:01] [train] ep=49 step=030/40 ce=0.2569 sc=0.7490 mi=0.0251 dn=0.0000 v13=0.0000 grl=0.0000 v15=0.0000 v15r=0.0000 v16=0.0000 v17=0.0000 v18=0.0000 acc=1.0000 lr=1.63e-04 lambda=0.000 grl_lambda=0.000 v18_lambda=0.000 gpu=3.0/11.8GB
[21:08:07] [train] ep=49 step=040/40 ce=0.2569 sc=0.7445 mi=0.0252 dn=0.0000 v13=0.0000 grl=0.0000 v15=0.0000 v15r=0.0000 v16=0.0000 v17=0.0000 v18=0.0000 acc=1.0000 lr=1.62e-04 lambda=0.000 grl_lambda=0.000 v18_lambda=0.000 gpu=3.0/11.8GB
[21:08:18] [ep_summary] ep=49/100 val_live=0.9506/0.9509 val_ema=0.9383/0.9409 test77_live=0.1691/0.0856 test77_diag_ema=0.1403/0.0352 v13=0.0000 grl=0.0000 v15=0.0000 v15r=0.0000 v16=0.0000 v17=0.0000 v18=0.0000 das=off[0,0] p=0.00 ep_time=34.0s
[21:08:18] [train] epoch 50/100 steps=40 use_dann=0 das=off f=[0.0,0.0] p=0.00 gpu=3.0/11.8GB
[21:08:18] [train] ep=50 step=001/40 ce=0.2565 sc=0.8391 mi=0.0320 dn=0.0000 v13=0.0000 grl=0.0000 v15=0.0000 v15r=0.0000 v16=0.0000 v17=0.0000 v18=0.0000 acc=1.0000 lr=1.62e-04 lambda=0.000 grl_lambda=0.000 v18_lambda=0.000 gpu=3.0/11.8GB
[21:08:23] [train] ep=50 step=010/40 ce=0.2571 sc=0.6917 mi=0.0251 dn=0.0000 v13=0.0000 grl=0.0000 v15=0.0000 v15r=0.0000 v16=0.0000 v17=0.0000 v18=0.0000 acc=1.0000 lr=1.61e-04 lambda=0.000 grl_lambda=0.000 v18_lambda=0.000 gpu=3.0/11.8GB
[21:08:29] [train] ep=50 step=020/40 ce=0.2571 sc=0.7522 mi=0.0257 dn=0.0000 v13=0.0000 grl=0.0000 v15=0.0000 v15r=0.0000 v16=0.0000 v17=0.0000 v18=0.0000 acc=1.0000 lr=1.60e-04 lambda=0.000 grl_lambda=0.000 v18_lambda=0.000 gpu=3.0/11.8GB
[21:08:35] [train] ep=50 step=030/40 ce=0.2570 sc=0.7339 mi=0.0256 dn=0.0000 v13=0.0000 grl=0.0000 v15=0.0000 v15r=0.0000 v16=0.0000 v17=0.0000 v18=0.0000 acc=1.0000 lr=1.59e-04 lambda=0.000 grl_lambda=0.000 v18_lambda=0.000 gpu=3.0/11.8GB
[21:08:41] [train] ep=50 step=040/40 ce=0.2570 sc=0.7620 mi=0.0252 dn=0.0000 v13=0.0000 grl=0.0000 v15=0.0000 v15r=0.0000 v16=0.0000 v17=0.0000 v18=0.0000 acc=1.0000 lr=1.57e-04 lambda=0.000 grl_lambda=0.000 v18_lambda=0.000 gpu=3.0/11.8GB
[21:08:51] [pool] check ep=050/100 source_val_acc_ema=0.9321 threshold=0.90
[21:08:58] [pool] ep=050 ADDED src_val=0.9321/0.9350 dev77=0.1429/0.0357 final77=0.1403/0.0352
[21:08:58] [pool] running best ep=050 dev77_f1=0.0357 final77_f1=0.0352 (pool_size=1)
[21:08:58] [ep_summary] ep=50/100 val_live=0.9444/0.9452 val_ema=0.9321/0.9350 test77_live=0.1763/0.0989 test77_diag_ema=0.1403/0.0352 v13=0.0000 grl=0.0000 v15=0.0000 v15r=0.0000 v16=0.0000 v17=0.0000 v18=0.0000 das=off[0,0] p=0.00 ep_time=40.3s
[21:08:58] [strict77_monitor] ep=50 best_source_epoch=48 source_val_ema=0.9383/0.9409 test77_ema_diag=0.1403/0.0352 sourcequalified_count=9 best_sourcequalified77_epoch=42 source_val_ema=0.9012/0.9027 test77_ema=0.1403/0.0352
[21:08:58] [train] epoch 51/100 steps=40 use_dann=0 das=off f=[0.0,0.0] p=0.00 gpu=3.0/11.8GB
[21:08:58] [train] ep=51 step=001/40 ce=0.2568 sc=0.2620 mi=0.0254 dn=0.0000 v13=0.0000 grl=0.0000 v15=0.0000 v15r=0.0000 v16=0.0000 v17=0.0000 v18=0.0000 acc=1.0000 lr=1.57e-04 lambda=0.000 grl_lambda=0.000 v18_lambda=0.000 gpu=3.0/11.8GB
[21:09:04] [train] ep=51 step=010/40 ce=0.2571 sc=0.7354 mi=0.0240 dn=0.0000 v13=0.0000 grl=0.0000 v15=0.0000 v15r=0.0000 v16=0.0000 v17=0.0000 v18=0.0000 acc=1.0000 lr=1.56e-04 lambda=0.000 grl_lambda=0.000 v18_lambda=0.000 gpu=3.0/11.8GB
[21:09:10] [train] ep=51 step=020/40 ce=0.2570 sc=0.6972 mi=0.0249 dn=0.0000 v13=0.0000 grl=0.0000 v15=0.0000 v15r=0.0000 v16=0.0000 v17=0.0000 v18=0.0000 acc=1.0000 lr=1.55e-04 lambda=0.000 grl_lambda=0.000 v18_lambda=0.000 gpu=3.0/11.8GB
[21:09:15] [train] ep=51 step=030/40 ce=0.2571 sc=0.6844 mi=0.0251 dn=0.0000 v13=0.0000 grl=0.0000 v15=0.0000 v15r=0.0000 v16=0.0000 v17=0.0000 v18=0.0000 acc=1.0000 lr=1.54e-04 lambda=0.000 grl_lambda=0.000 v18_lambda=0.000 gpu=3.0/11.8GB
[21:09:21] [train] ep=51 step=040/40 ce=0.2571 sc=0.6929 mi=0.0252 dn=0.0000 v13=0.0000 grl=0.0000 v15=0.0000 v15r=0.0000 v16=0.0000 v17=0.0000 v18=0.0000 acc=1.0000 lr=1.53e-04 lambda=0.000 grl_lambda=0.000 v18_lambda=0.000 gpu=3.0/11.8GB
[21:09:32] [ep_summary] ep=51/100 val_live=0.9506/0.9509 val_ema=0.9321/0.9350 test77_live=0.1799/0.1023 test77_diag_ema=0.1403/0.0352 v13=0.0000 grl=0.0000 v15=0.0000 v15r=0.0000 v16=0.0000 v17=0.0000 v18=0.0000 das=off[0,0] p=0.00 ep_time=34.0s
[21:09:32] [train] epoch 52/100 steps=40 use_dann=0 das=off f=[0.0,0.0] p=0.00 gpu=3.0/11.8GB
[21:09:33] [train] ep=52 step=001/40 ce=0.2565 sc=0.7857 mi=0.0205 dn=0.0000 v13=0.0000 grl=0.0000 v15=0.0000 v15r=0.0000 v16=0.0000 v17=0.0000 v18=0.0000 acc=1.0000 lr=1.52e-04 lambda=0.000 grl_lambda=0.000 v18_lambda=0.000 gpu=3.0/11.8GB
[21:09:38] [train] ep=52 step=010/40 ce=0.2566 sc=0.7422 mi=0.0246 dn=0.0000 v13=0.0000 grl=0.0000 v15=0.0000 v15r=0.0000 v16=0.0000 v17=0.0000 v18=0.0000 acc=1.0000 lr=1.51e-04 lambda=0.000 grl_lambda=0.000 v18_lambda=0.000 gpu=3.0/11.8GB
[21:09:44] [train] ep=52 step=020/40 ce=0.2567 sc=0.7776 mi=0.0248 dn=0.0000 v13=0.0000 grl=0.0000 v15=0.0000 v15r=0.0000 v16=0.0000 v17=0.0000 v18=0.0000 acc=1.0000 lr=1.50e-04 lambda=0.000 grl_lambda=0.000 v18_lambda=0.000 gpu=3.0/11.8GB
[21:09:49] [train] ep=52 step=030/40 ce=0.2567 sc=0.7564 mi=0.0249 dn=0.0000 v13=0.0000 grl=0.0000 v15=0.0000 v15r=0.0000 v16=0.0000 v17=0.0000 v18=0.0000 acc=1.0000 lr=1.49e-04 lambda=0.000 grl_lambda=0.000 v18_lambda=0.000 gpu=3.0/11.8GB
[21:09:55] [train] ep=52 step=040/40 ce=0.2567 sc=0.7716 mi=0.0247 dn=0.0000 v13=0.0000 grl=0.0000 v15=0.0000 v15r=0.0000 v16=0.0000 v17=0.0000 v18=0.0000 acc=1.0000 lr=1.48e-04 lambda=0.000 grl_lambda=0.000 v18_lambda=0.000 gpu=3.0/11.8GB
[21:10:06] [ep_summary] ep=52/100 val_live=0.9506/0.9509 val_ema=0.9383/0.9408 test77_live=0.1763/0.0973 test77_diag_ema=0.1403/0.0352 v13=0.0000 grl=0.0000 v15=0.0000 v15r=0.0000 v16=0.0000 v17=0.0000 v18=0.0000 das=off[0,0] p=0.00 ep_time=34.2s
[21:10:06] [train] epoch 53/100 steps=40 use_dann=0 das=off f=[0.0,0.0] p=0.00 gpu=3.0/11.8GB
[21:10:07] [train] ep=53 step=001/40 ce=0.2571 sc=0.4191 mi=0.0292 dn=0.0000 v13=0.0000 grl=0.0000 v15=0.0000 v15r=0.0000 v16=0.0000 v17=0.0000 v18=0.0000 acc=1.0000 lr=1.48e-04 lambda=0.000 grl_lambda=0.000 v18_lambda=0.000 gpu=3.0/11.8GB
[21:10:12] [train] ep=53 step=010/40 ce=0.2568 sc=0.7057 mi=0.0260 dn=0.0000 v13=0.0000 grl=0.0000 v15=0.0000 v15r=0.0000 v16=0.0000 v17=0.0000 v18=0.0000 acc=1.0000 lr=1.46e-04 lambda=0.000 grl_lambda=0.000 v18_lambda=0.000 gpu=3.0/11.8GB
[21:10:18] [train] ep=53 step=020/40 ce=0.2569 sc=0.7043 mi=0.0255 dn=0.0000 v13=0.0000 grl=0.0000 v15=0.0000 v15r=0.0000 v16=0.0000 v17=0.0000 v18=0.0000 acc=1.0000 lr=1.45e-04 lambda=0.000 grl_lambda=0.000 v18_lambda=0.000 gpu=3.0/11.8GB
[21:10:23] [train] ep=53 step=030/40 ce=0.2569 sc=0.7189 mi=0.0253 dn=0.0000 v13=0.0000 grl=0.0000 v15=0.0000 v15r=0.0000 v16=0.0000 v17=0.0000 v18=0.0000 acc=1.0000 lr=1.44e-04 lambda=0.000 grl_lambda=0.000 v18_lambda=0.000 gpu=3.0/11.8GB
[21:10:29] [train] ep=53 step=040/40 ce=0.2569 sc=0.7337 mi=0.0253 dn=0.0000 v13=0.0000 grl=0.0000 v15=0.0000 v15r=0.0000 v16=0.0000 v17=0.0000 v18=0.0000 acc=1.0000 lr=1.43e-04 lambda=0.000 grl_lambda=0.000 v18_lambda=0.000 gpu=3.0/11.8GB
[21:10:40] [ep_summary] ep=53/100 val_live=0.9444/0.9452 val_ema=0.9444/0.9467 test77_live=0.1727/0.0921 test77_diag_ema=0.1403/0.0352 v13=0.0000 grl=0.0000 v15=0.0000 v15r=0.0000 v16=0.0000 v17=0.0000 v18=0.0000 das=off[0,0] p=0.00 ep_time=34.1s
[21:10:40] [save] best_sourceval_ema val_acc_ema=0.9444 source_val_live=0.9444/0.9452 source_val_ema=0.9444/0.9467 ep=53
[21:10:40] [train] epoch 54/100 steps=40 use_dann=0 das=off f=[0.0,0.0] p=0.00 gpu=3.0/11.8GB
[21:10:41] [train] ep=54 step=001/40 ce=0.2563 sc=0.7288 mi=0.0250 dn=0.0000 v13=0.0000 grl=0.0000 v15=0.0000 v15r=0.0000 v16=0.0000 v17=0.0000 v18=0.0000 acc=1.0000 lr=1.43e-04 lambda=0.000 grl_lambda=0.000 v18_lambda=0.000 gpu=3.0/11.8GB
[21:10:46] [train] ep=54 step=010/40 ce=0.2567 sc=0.7516 mi=0.0246 dn=0.0000 v13=0.0000 grl=0.0000 v15=0.0000 v15r=0.0000 v16=0.0000 v17=0.0000 v18=0.0000 acc=1.0000 lr=1.42e-04 lambda=0.000 grl_lambda=0.000 v18_lambda=0.000 gpu=3.0/11.8GB
[21:10:52] [train] ep=54 step=020/40 ce=0.2568 sc=0.7965 mi=0.0236 dn=0.0000 v13=0.0000 grl=0.0000 v15=0.0000 v15r=0.0000 v16=0.0000 v17=0.0000 v18=0.0000 acc=1.0000 lr=1.40e-04 lambda=0.000 grl_lambda=0.000 v18_lambda=0.000 gpu=3.0/11.8GB
[21:10:58] [train] ep=54 step=030/40 ce=0.2568 sc=0.7888 mi=0.0238 dn=0.0000 v13=0.0000 grl=0.0000 v15=0.0000 v15r=0.0000 v16=0.0000 v17=0.0000 v18=0.0000 acc=1.0000 lr=1.39e-04 lambda=0.000 grl_lambda=0.000 v18_lambda=0.000 gpu=3.0/11.8GB
[21:11:03] [train] ep=54 step=040/40 ce=0.2567 sc=0.7876 mi=0.0238 dn=0.0000 v13=0.0000 grl=0.0000 v15=0.0000 v15r=0.0000 v16=0.0000 v17=0.0000 v18=0.0000 acc=1.0000 lr=1.38e-04 lambda=0.000 grl_lambda=0.000 v18_lambda=0.000 gpu=3.0/11.8GB
[21:11:46] [ep_summary] ep=54/100 val_live=0.9444/0.9452 val_ema=0.9444/0.9467 test77_live=0.1727/0.0921 test77_diag_ema=0.1403/0.0352 v13=0.0000 grl=0.0000 v15=0.0000 v15r=0.0000 v16=0.0000 v17=0.0000 v18=0.0000 das=off[0,0] p=0.00 ep_time=66.0s
[21:11:46] [train] epoch 55/100 steps=40 use_dann=0 das=off f=[0.0,0.0] p=0.00 gpu=3.0/11.8GB
[21:11:47] [train] ep=55 step=001/40 ce=0.2570 sc=0.6143 mi=0.0218 dn=0.0000 v13=0.0000 grl=0.0000 v15=0.0000 v15r=0.0000 v16=0.0000 v17=0.0000 v18=0.0000 acc=1.0000 lr=1.38e-04 lambda=0.000 grl_lambda=0.000 v18_lambda=0.000 gpu=3.0/11.8GB
[21:11:52] [train] ep=55 step=010/40 ce=0.2567 sc=0.6515 mi=0.0248 dn=0.0000 v13=0.0000 grl=0.0000 v15=0.0000 v15r=0.0000 v16=0.0000 v17=0.0000 v18=0.0000 acc=1.0000 lr=1.37e-04 lambda=0.000 grl_lambda=0.000 v18_lambda=0.000 gpu=3.0/11.8GB
[21:11:58] [train] ep=55 step=020/40 ce=0.2568 sc=0.7183 mi=0.0248 dn=0.0000 v13=0.0000 grl=0.0000 v15=0.0000 v15r=0.0000 v16=0.0000 v17=0.0000 v18=0.0000 acc=1.0000 lr=1.36e-04 lambda=0.000 grl_lambda=0.000 v18_lambda=0.000 gpu=3.0/11.8GB
[21:12:04] [train] ep=55 step=030/40 ce=0.2568 sc=0.7284 mi=0.0241 dn=0.0000 v13=0.0000 grl=0.0000 v15=0.0000 v15r=0.0000 v16=0.0000 v17=0.0000 v18=0.0000 acc=1.0000 lr=1.34e-04 lambda=0.000 grl_lambda=0.000 v18_lambda=0.000 gpu=3.0/11.8GB
[21:12:09] [train] ep=55 step=040/40 ce=0.2567 sc=0.7285 mi=0.0243 dn=0.0000 v13=0.0000 grl=0.0000 v15=0.0000 v15r=0.0000 v16=0.0000 v17=0.0000 v18=0.0000 acc=1.0000 lr=1.33e-04 lambda=0.000 grl_lambda=0.000 v18_lambda=0.000 gpu=3.0/11.8GB
[21:12:37] [ep_summary] ep=55/100 val_live=0.9444/0.9452 val_ema=0.9444/0.9467 test77_live=0.1727/0.0921 test77_diag_ema=0.1403/0.0352 v13=0.0000 grl=0.0000 v15=0.0000 v15r=0.0000 v16=0.0000 v17=0.0000 v18=0.0000 das=off[0,0] p=0.00 ep_time=51.0s
[21:12:37] [train] epoch 56/100 steps=40 use_dann=0 das=off f=[0.0,0.0] p=0.00 gpu=3.0/11.8GB
[21:12:38] [train] ep=56 step=001/40 ce=0.2575 sc=0.9275 mi=0.0225 dn=0.0000 v13=0.0000 grl=0.0000 v15=0.0000 v15r=0.0000 v16=0.0000 v17=0.0000 v18=0.0000 acc=1.0000 lr=1.33e-04 lambda=0.000 grl_lambda=0.000 v18_lambda=0.000 gpu=3.0/11.8GB
[21:12:43] [train] ep=56 step=010/40 ce=0.2567 sc=0.6941 mi=0.0247 dn=0.0000 v13=0.0000 grl=0.0000 v15=0.0000 v15r=0.0000 v16=0.0000 v17=0.0000 v18=0.0000 acc=1.0000 lr=1.32e-04 lambda=0.000 grl_lambda=0.000 v18_lambda=0.000 gpu=3.0/11.8GB
[21:12:49] [train] ep=56 step=020/40 ce=0.2565 sc=0.7004 mi=0.0238 dn=0.0000 v13=0.0000 grl=0.0000 v15=0.0000 v15r=0.0000 v16=0.0000 v17=0.0000 v18=0.0000 acc=1.0000 lr=1.31e-04 lambda=0.000 grl_lambda=0.000 v18_lambda=0.000 gpu=3.0/11.8GB
[21:12:55] [train] ep=56 step=030/40 ce=0.2566 sc=0.7224 mi=0.0238 dn=0.0000 v13=0.0000 grl=0.0000 v15=0.0000 v15r=0.0000 v16=0.0000 v17=0.0000 v18=0.0000 acc=1.0000 lr=1.30e-04 lambda=0.000 grl_lambda=0.000 v18_lambda=0.000 gpu=3.0/11.8GB
[21:13:01] [train] ep=56 step=040/40 ce=0.2566 sc=0.7056 mi=0.0242 dn=0.0000 v13=0.0000 grl=0.0000 v15=0.0000 v15r=0.0000 v16=0.0000 v17=0.0000 v18=0.0000 acc=1.0000 lr=1.28e-04 lambda=0.000 grl_lambda=0.000 v18_lambda=0.000 gpu=3.0/11.8GB
[21:13:11] [ep_summary] ep=56/100 val_live=0.9444/0.9452 val_ema=0.9444/0.9467 test77_live=0.1727/0.0921 test77_diag_ema=0.1403/0.0352 v13=0.0000 grl=0.0000 v15=0.0000 v15r=0.0000 v16=0.0000 v17=0.0000 v18=0.0000 das=off[0,0] p=0.00 ep_time=34.1s
[21:13:11] [train] epoch 57/100 steps=40 use_dann=0 das=off f=[0.0,0.0] p=0.00 gpu=3.0/11.8GB
[21:13:12] [train] ep=57 step=001/40 ce=0.2571 sc=0.6144 mi=0.0242 dn=0.0000 v13=0.0000 grl=0.0000 v15=0.0000 v15r=0.0000 v16=0.0000 v17=0.0000 v18=0.0000 acc=1.0000 lr=1.28e-04 lambda=0.000 grl_lambda=0.000 v18_lambda=0.000 gpu=3.0/11.8GB
[21:13:17] [train] ep=57 step=010/40 ce=0.2564 sc=0.6611 mi=0.0231 dn=0.0000 v13=0.0000 grl=0.0000 v15=0.0000 v15r=0.0000 v16=0.0000 v17=0.0000 v18=0.0000 acc=1.0000 lr=1.27e-04 lambda=0.000 grl_lambda=0.000 v18_lambda=0.000 gpu=3.0/11.8GB
[21:13:23] [train] ep=57 step=020/40 ce=0.2565 sc=0.6690 mi=0.0240 dn=0.0000 v13=0.0000 grl=0.0000 v15=0.0000 v15r=0.0000 v16=0.0000 v17=0.0000 v18=0.0000 acc=1.0000 lr=1.26e-04 lambda=0.000 grl_lambda=0.000 v18_lambda=0.000 gpu=3.0/11.8GB
[21:13:29] [train] ep=57 step=030/40 ce=0.2565 sc=0.6942 mi=0.0243 dn=0.0000 v13=0.0000 grl=0.0000 v15=0.0000 v15r=0.0000 v16=0.0000 v17=0.0000 v18=0.0000 acc=1.0000 lr=1.25e-04 lambda=0.000 grl_lambda=0.000 v18_lambda=0.000 gpu=3.0/11.8GB
[21:13:35] [train] ep=57 step=040/40 ce=0.2566 sc=0.7017 mi=0.0241 dn=0.0000 v13=0.0000 grl=0.0000 v15=0.0000 v15r=0.0000 v16=0.0000 v17=0.0000 v18=0.0000 acc=1.0000 lr=1.24e-04 lambda=0.000 grl_lambda=0.000 v18_lambda=0.000 gpu=3.0/11.8GB
[21:13:45] [ep_summary] ep=57/100 val_live=0.9506/0.9509 val_ema=0.9383/0.9408 test77_live=0.1763/0.0973 test77_diag_ema=0.1403/0.0352 v13=0.0000 grl=0.0000 v15=0.0000 v15r=0.0000 v16=0.0000 v17=0.0000 v18=0.0000 das=off[0,0] p=0.00 ep_time=34.0s
[21:13:45] [train] epoch 58/100 steps=40 use_dann=0 das=off f=[0.0,0.0] p=0.00 gpu=3.0/11.8GB
[21:13:46] [train] ep=58 step=001/40 ce=0.2565 sc=0.7294 mi=0.0304 dn=0.0000 v13=0.0000 grl=0.0000 v15=0.0000 v15r=0.0000 v16=0.0000 v17=0.0000 v18=0.0000 acc=1.0000 lr=1.23e-04 lambda=0.000 grl_lambda=0.000 v18_lambda=0.000 gpu=3.0/11.8GB
[21:13:51] [train] ep=58 step=010/40 ce=0.2564 sc=0.7229 mi=0.0238 dn=0.0000 v13=0.0000 grl=0.0000 v15=0.0000 v15r=0.0000 v16=0.0000 v17=0.0000 v18=0.0000 acc=1.0000 lr=1.22e-04 lambda=0.000 grl_lambda=0.000 v18_lambda=0.000 gpu=3.0/11.8GB
[21:13:57] [train] ep=58 step=020/40 ce=0.2563 sc=0.7383 mi=0.0240 dn=0.0000 v13=0.0000 grl=0.0000 v15=0.0000 v15r=0.0000 v16=0.0000 v17=0.0000 v18=0.0000 acc=1.0000 lr=1.21e-04 lambda=0.000 grl_lambda=0.000 v18_lambda=0.000 gpu=3.0/11.8GB
[21:14:03] [train] ep=58 step=030/40 ce=0.2564 sc=0.7363 mi=0.0239 dn=0.0000 v13=0.0000 grl=0.0000 v15=0.0000 v15r=0.0000 v16=0.0000 v17=0.0000 v18=0.0000 acc=1.0000 lr=1.20e-04 lambda=0.000 grl_lambda=0.000 v18_lambda=0.000 gpu=3.0/11.8GB
[21:14:09] [train] ep=58 step=040/40 ce=0.2564 sc=0.7615 mi=0.0238 dn=0.0000 v13=0.0000 grl=0.0000 v15=0.0000 v15r=0.0000 v16=0.0000 v17=0.0000 v18=0.0000 acc=1.0000 lr=1.19e-04 lambda=0.000 grl_lambda=0.000 v18_lambda=0.000 gpu=3.0/11.8GB
[21:14:20] [ep_summary] ep=58/100 val_live=0.9568/0.9568 val_ema=0.9444/0.9464 test77_live=0.1763/0.0973 test77_diag_ema=0.1403/0.0352 v13=0.0000 grl=0.0000 v15=0.0000 v15r=0.0000 v16=0.0000 v17=0.0000 v18=0.0000 das=off[0,0] p=0.00 ep_time=34.3s
[21:14:20] [train] epoch 59/100 steps=40 use_dann=0 das=off f=[0.0,0.0] p=0.00 gpu=3.0/11.8GB
[21:14:20] [train] ep=59 step=001/40 ce=0.2568 sc=0.2615 mi=0.0249 dn=0.0000 v13=0.0000 grl=0.0000 v15=0.0000 v15r=0.0000 v16=0.0000 v17=0.0000 v18=0.0000 acc=1.0000 lr=1.19e-04 lambda=0.000 grl_lambda=0.000 v18_lambda=0.000 gpu=3.0/11.8GB
[21:14:26] [train] ep=59 step=010/40 ce=0.2564 sc=0.6222 mi=0.0235 dn=0.0000 v13=0.0000 grl=0.0000 v15=0.0000 v15r=0.0000 v16=0.0000 v17=0.0000 v18=0.0000 acc=1.0000 lr=1.18e-04 lambda=0.000 grl_lambda=0.000 v18_lambda=0.000 gpu=3.0/11.8GB
[21:14:31] [train] ep=59 step=020/40 ce=0.2565 sc=0.7001 mi=0.0229 dn=0.0000 v13=0.0000 grl=0.0000 v15=0.0000 v15r=0.0000 v16=0.0000 v17=0.0000 v18=0.0000 acc=1.0000 lr=1.16e-04 lambda=0.000 grl_lambda=0.000 v18_lambda=0.000 gpu=3.0/11.8GB
[21:14:37] [train] ep=59 step=030/40 ce=0.2566 sc=0.7273 mi=0.0230 dn=0.0000 v13=0.0000 grl=0.0000 v15=0.0000 v15r=0.0000 v16=0.0000 v17=0.0000 v18=0.0000 acc=1.0000 lr=1.15e-04 lambda=0.000 grl_lambda=0.000 v18_lambda=0.000 gpu=3.0/11.8GB
[21:14:43] [train] ep=59 step=040/40 ce=0.2566 sc=0.7293 mi=0.0231 dn=0.0000 v13=0.0000 grl=0.0000 v15=0.0000 v15r=0.0000 v16=0.0000 v17=0.0000 v18=0.0000 acc=1.0000 lr=1.14e-04 lambda=0.000 grl_lambda=0.000 v18_lambda=0.000 gpu=3.0/11.8GB
[21:14:54] [ep_summary] ep=59/100 val_live=0.9506/0.9509 val_ema=0.9444/0.9464 test77_live=0.1763/0.0973 test77_diag_ema=0.1403/0.0352 v13=0.0000 grl=0.0000 v15=0.0000 v15r=0.0000 v16=0.0000 v17=0.0000 v18=0.0000 das=off[0,0] p=0.00 ep_time=33.8s
[21:14:54] [train] epoch 60/100 steps=40 use_dann=0 das=off f=[0.0,0.0] p=0.00 gpu=3.0/11.8GB
[21:14:54] [train] ep=60 step=001/40 ce=0.2565 sc=0.6469 mi=0.0270 dn=0.0000 v13=0.0000 grl=0.0000 v15=0.0000 v15r=0.0000 v16=0.0000 v17=0.0000 v18=0.0000 acc=1.0000 lr=1.14e-04 lambda=0.000 grl_lambda=0.000 v18_lambda=0.000 gpu=3.0/11.8GB
[21:14:59] [train] ep=60 step=010/40 ce=0.2564 sc=0.6096 mi=0.0274 dn=0.0000 v13=0.0000 grl=0.0000 v15=0.0000 v15r=0.0000 v16=0.0000 v17=0.0000 v18=0.0000 acc=1.0000 lr=1.13e-04 lambda=0.000 grl_lambda=0.000 v18_lambda=0.000 gpu=3.0/11.8GB
[21:15:05] [train] ep=60 step=020/40 ce=0.2564 sc=0.6699 mi=0.0258 dn=0.0000 v13=0.0000 grl=0.0000 v15=0.0000 v15r=0.0000 v16=0.0000 v17=0.0000 v18=0.0000 acc=1.0000 lr=1.12e-04 lambda=0.000 grl_lambda=0.000 v18_lambda=0.000 gpu=3.0/11.8GB
[21:15:11] [train] ep=60 step=030/40 ce=0.2563 sc=0.6853 mi=0.0251 dn=0.0000 v13=0.0000 grl=0.0000 v15=0.0000 v15r=0.0000 v16=0.0000 v17=0.0000 v18=0.0000 acc=1.0000 lr=1.11e-04 lambda=0.000 grl_lambda=0.000 v18_lambda=0.000 gpu=3.0/11.8GB
[21:15:17] [train] ep=60 step=040/40 ce=0.2563 sc=0.6842 mi=0.0247 dn=0.0000 v13=0.0000 grl=0.0000 v15=0.0000 v15r=0.0000 v16=0.0000 v17=0.0000 v18=0.0000 acc=1.0000 lr=1.09e-04 lambda=0.000 grl_lambda=0.000 v18_lambda=0.000 gpu=3.0/11.8GB
[21:15:27] [pool] check ep=060/100 source_val_acc_ema=0.9383 threshold=0.90
[21:15:32] [pool] ep=060 ADDED src_val=0.9383/0.9404 dev77=0.1429/0.0357 final77=0.1403/0.0352
[21:15:32] [pool] running best ep=050 dev77_f1=0.0357 final77_f1=0.0352 (pool_size=2)
[21:15:33] [ep_summary] ep=60/100 val_live=0.9506/0.9509 val_ema=0.9383/0.9404 test77_live=0.1763/0.0973 test77_diag_ema=0.1403/0.0352 v13=0.0000 grl=0.0000 v15=0.0000 v15r=0.0000 v16=0.0000 v17=0.0000 v18=0.0000 das=off[0,0] p=0.00 ep_time=39.1s
[21:15:33] [strict77_monitor] ep=60 best_source_epoch=53 source_val_ema=0.9444/0.9467 test77_ema_diag=0.1403/0.0352 sourcequalified_count=19 best_sourcequalified77_epoch=42 source_val_ema=0.9012/0.9027 test77_ema=0.1403/0.0352
[21:15:33] [train] epoch 61/100 steps=40 use_dann=0 das=off f=[0.0,0.0] p=0.00 gpu=3.0/11.8GB
[21:15:33] [train] ep=61 step=001/40 ce=0.2571 sc=0.4339 mi=0.0223 dn=0.0000 v13=0.0000 grl=0.0000 v15=0.0000 v15r=0.0000 v16=0.0000 v17=0.0000 v18=0.0000 acc=1.0000 lr=1.09e-04 lambda=0.000 grl_lambda=0.000 v18_lambda=0.000 gpu=3.0/11.8GB
[21:15:38] [train] ep=61 step=010/40 ce=0.2565 sc=0.6588 mi=0.0240 dn=0.0000 v13=0.0000 grl=0.0000 v15=0.0000 v15r=0.0000 v16=0.0000 v17=0.0000 v18=0.0000 acc=1.0000 lr=1.08e-04 lambda=0.000 grl_lambda=0.000 v18_lambda=0.000 gpu=3.0/11.8GB
[21:15:44] [train] ep=61 step=020/40 ce=0.2566 sc=0.6523 mi=0.0235 dn=0.0000 v13=0.0000 grl=0.0000 v15=0.0000 v15r=0.0000 v16=0.0000 v17=0.0000 v18=0.0000 acc=1.0000 lr=1.07e-04 lambda=0.000 grl_lambda=0.000 v18_lambda=0.000 gpu=3.0/11.8GB
[21:15:50] [train] ep=61 step=030/40 ce=0.2565 sc=0.6765 mi=0.0230 dn=0.0000 v13=0.0000 grl=0.0000 v15=0.0000 v15r=0.0000 v16=0.0000 v17=0.0000 v18=0.0000 acc=1.0000 lr=1.06e-04 lambda=0.000 grl_lambda=0.000 v18_lambda=0.000 gpu=3.0/11.8GB
[21:15:56] [train] ep=61 step=040/40 ce=0.2564 sc=0.6904 mi=0.0233 dn=0.0000 v13=0.0000 grl=0.0000 v15=0.0000 v15r=0.0000 v16=0.0000 v17=0.0000 v18=0.0000 acc=1.0000 lr=1.05e-04 lambda=0.000 grl_lambda=0.000 v18_lambda=0.000 gpu=3.0/11.8GB
[21:16:07] [ep_summary] ep=61/100 val_live=0.9506/0.9509 val_ema=0.9383/0.9404 test77_live=0.1763/0.0973 test77_diag_ema=0.1403/0.0352 v13=0.0000 grl=0.0000 v15=0.0000 v15r=0.0000 v16=0.0000 v17=0.0000 v18=0.0000 das=off[0,0] p=0.00 ep_time=34.1s
[21:16:07] [train] epoch 62/100 steps=40 use_dann=0 das=off f=[0.0,0.0] p=0.00 gpu=3.0/11.8GB
[21:16:07] [train] ep=62 step=001/40 ce=0.2576 sc=0.4356 mi=0.0246 dn=0.0000 v13=0.0000 grl=0.0000 v15=0.0000 v15r=0.0000 v16=0.0000 v17=0.0000 v18=0.0000 acc=1.0000 lr=1.05e-04 lambda=0.000 grl_lambda=0.000 v18_lambda=0.000 gpu=3.0/11.8GB
[21:16:13] [train] ep=62 step=010/40 ce=0.2564 sc=0.7527 mi=0.0225 dn=0.0000 v13=0.0000 grl=0.0000 v15=0.0000 v15r=0.0000 v16=0.0000 v17=0.0000 v18=0.0000 acc=1.0000 lr=1.04e-04 lambda=0.000 grl_lambda=0.000 v18_lambda=0.000 gpu=3.0/11.8GB
[21:16:18] [train] ep=62 step=020/40 ce=0.2563 sc=0.8100 mi=0.0229 dn=0.0000 v13=0.0000 grl=0.0000 v15=0.0000 v15r=0.0000 v16=0.0000 v17=0.0000 v18=0.0000 acc=1.0000 lr=1.02e-04 lambda=0.000 grl_lambda=0.000 v18_lambda=0.000 gpu=3.0/11.8GB
[21:16:24] [train] ep=62 step=030/40 ce=0.2563 sc=0.7870 mi=0.0229 dn=0.0000 v13=0.0000 grl=0.0000 v15=0.0000 v15r=0.0000 v16=0.0000 v17=0.0000 v18=0.0000 acc=1.0000 lr=1.01e-04 lambda=0.000 grl_lambda=0.000 v18_lambda=0.000 gpu=3.0/11.8GB
[21:16:30] [train] ep=62 step=040/40 ce=0.2563 sc=0.7884 mi=0.0235 dn=0.0000 v13=0.0000 grl=0.0000 v15=0.0000 v15r=0.0000 v16=0.0000 v17=0.0000 v18=0.0000 acc=1.0000 lr=1.00e-04 lambda=0.000 grl_lambda=0.000 v18_lambda=0.000 gpu=3.0/11.8GB
[21:16:41] [ep_summary] ep=62/100 val_live=0.9506/0.9509 val_ema=0.9383/0.9404 test77_live=0.1763/0.0973 test77_diag_ema=0.1403/0.0352 v13=0.0000 grl=0.0000 v15=0.0000 v15r=0.0000 v16=0.0000 v17=0.0000 v18=0.0000 das=off[0,0] p=0.00 ep_time=34.0s
[21:16:41] [train] epoch 63/100 steps=40 use_dann=0 das=off f=[0.0,0.0] p=0.00 gpu=3.0/11.8GB
[21:16:41] [train] ep=63 step=001/40 ce=0.2558 sc=0.8116 mi=0.0237 dn=0.0000 v13=0.0000 grl=0.0000 v15=0.0000 v15r=0.0000 v16=0.0000 v17=0.0000 v18=0.0000 acc=1.0000 lr=1.00e-04 lambda=0.000 grl_lambda=0.000 v18_lambda=0.000 gpu=3.0/11.8GB
[21:16:47] [train] ep=63 step=010/40 ce=0.2563 sc=0.7509 mi=0.0222 dn=0.0000 v13=0.0000 grl=0.0000 v15=0.0000 v15r=0.0000 v16=0.0000 v17=0.0000 v18=0.0000 acc=1.0000 lr=9.89e-05 lambda=0.000 grl_lambda=0.000 v18_lambda=0.000 gpu=3.0/11.8GB
[21:16:52] [train] ep=63 step=020/40 ce=0.2563 sc=0.6963 mi=0.0231 dn=0.0000 v13=0.0000 grl=0.0000 v15=0.0000 v15r=0.0000 v16=0.0000 v17=0.0000 v18=0.0000 acc=1.0000 lr=9.78e-05 lambda=0.000 grl_lambda=0.000 v18_lambda=0.000 gpu=3.0/11.8GB
[21:16:58] [train] ep=63 step=030/40 ce=0.2563 sc=0.7350 mi=0.0234 dn=0.0000 v13=0.0000 grl=0.0000 v15=0.0000 v15r=0.0000 v16=0.0000 v17=0.0000 v18=0.0000 acc=1.0000 lr=9.67e-05 lambda=0.000 grl_lambda=0.000 v18_lambda=0.000 gpu=3.0/11.8GB
[21:17:04] [train] ep=63 step=040/40 ce=0.2563 sc=0.7511 mi=0.0238 dn=0.0000 v13=0.0000 grl=0.0000 v15=0.0000 v15r=0.0000 v16=0.0000 v17=0.0000 v18=0.0000 acc=1.0000 lr=9.55e-05 lambda=0.000 grl_lambda=0.000 v18_lambda=0.000 gpu=3.0/11.8GB
[21:17:15] [ep_summary] ep=63/100 val_live=0.9506/0.9509 val_ema=0.9383/0.9404 test77_live=0.1763/0.0973 test77_diag_ema=0.1403/0.0352 v13=0.0000 grl=0.0000 v15=0.0000 v15r=0.0000 v16=0.0000 v17=0.0000 v18=0.0000 das=off[0,0] p=0.00 ep_time=34.0s
[21:17:15] [train] epoch 64/100 steps=40 use_dann=0 das=off f=[0.0,0.0] p=0.00 gpu=3.0/11.8GB
[21:17:15] [train] ep=64 step=001/40 ce=0.2563 sc=0.5365 mi=0.0197 dn=0.0000 v13=0.0000 grl=0.0000 v15=0.0000 v15r=0.0000 v16=0.0000 v17=0.0000 v18=0.0000 acc=1.0000 lr=9.54e-05 lambda=0.000 grl_lambda=0.000 v18_lambda=0.000 gpu=3.0/11.8GB
[21:17:21] [train] ep=64 step=010/40 ce=0.2566 sc=0.7752 mi=0.0242 dn=0.0000 v13=0.0000 grl=0.0000 v15=0.0000 v15r=0.0000 v16=0.0000 v17=0.0000 v18=0.0000 acc=1.0000 lr=9.44e-05 lambda=0.000 grl_lambda=0.000 v18_lambda=0.000 gpu=3.0/11.8GB
[21:17:27] [train] ep=64 step=020/40 ce=0.2565 sc=0.7622 mi=0.0235 dn=0.0000 v13=0.0000 grl=0.0000 v15=0.0000 v15r=0.0000 v16=0.0000 v17=0.0000 v18=0.0000 acc=1.0000 lr=9.33e-05 lambda=0.000 grl_lambda=0.000 v18_lambda=0.000 gpu=3.0/11.8GB
[21:17:32] [train] ep=64 step=030/40 ce=0.2564 sc=0.7855 mi=0.0234 dn=0.0000 v13=0.0000 grl=0.0000 v15=0.0000 v15r=0.0000 v16=0.0000 v17=0.0000 v18=0.0000 acc=1.0000 lr=9.21e-05 lambda=0.000 grl_lambda=0.000 v18_lambda=0.000 gpu=3.0/11.8GB
[21:17:38] [train] ep=64 step=040/40 ce=0.2564 sc=0.7686 mi=0.0229 dn=0.0000 v13=0.0000 grl=0.0000 v15=0.0000 v15r=0.0000 v16=0.0000 v17=0.0000 v18=0.0000 acc=1.0000 lr=9.10e-05 lambda=0.000 grl_lambda=0.000 v18_lambda=0.000 gpu=3.0/11.8GB
[21:17:49] [ep_summary] ep=64/100 val_live=0.9506/0.9509 val_ema=0.9444/0.9463 test77_live=0.1763/0.0973 test77_diag_ema=0.1403/0.0352 v13=0.0000 grl=0.0000 v15=0.0000 v15r=0.0000 v16=0.0000 v17=0.0000 v18=0.0000 das=off[0,0] p=0.00 ep_time=34.1s
[21:17:49] [train] epoch 65/100 steps=40 use_dann=0 das=off f=[0.0,0.0] p=0.00 gpu=3.0/11.8GB
[21:17:50] [train] ep=65 step=001/40 ce=0.2559 sc=0.8556 mi=0.0207 dn=0.0000 v13=0.0000 grl=0.0000 v15=0.0000 v15r=0.0000 v16=0.0000 v17=0.0000 v18=0.0000 acc=1.0000 lr=9.09e-05 lambda=0.000 grl_lambda=0.000 v18_lambda=0.000 gpu=3.0/11.8GB
[21:17:55] [train] ep=65 step=010/40 ce=0.2561 sc=0.7293 mi=0.0223 dn=0.0000 v13=0.0000 grl=0.0000 v15=0.0000 v15r=0.0000 v16=0.0000 v17=0.0000 v18=0.0000 acc=1.0000 lr=8.99e-05 lambda=0.000 grl_lambda=0.000 v18_lambda=0.000 gpu=3.0/11.8GB
[21:18:01] [train] ep=65 step=020/40 ce=0.2562 sc=0.7047 mi=0.0226 dn=0.0000 v13=0.0000 grl=0.0000 v15=0.0000 v15r=0.0000 v16=0.0000 v17=0.0000 v18=0.0000 acc=1.0000 lr=8.88e-05 lambda=0.000 grl_lambda=0.000 v18_lambda=0.000 gpu=3.0/11.8GB
[21:18:06] [train] ep=65 step=030/40 ce=0.2561 sc=0.7837 mi=0.0226 dn=0.0000 v13=0.0000 grl=0.0000 v15=0.0000 v15r=0.0000 v16=0.0000 v17=0.0000 v18=0.0000 acc=1.0000 lr=8.77e-05 lambda=0.000 grl_lambda=0.000 v18_lambda=0.000 gpu=3.0/11.8GB
[21:18:13] [train] ep=65 step=040/40 ce=0.2562 sc=0.7815 mi=0.0230 dn=0.0000 v13=0.0000 grl=0.0000 v15=0.0000 v15r=0.0000 v16=0.0000 v17=0.0000 v18=0.0000 acc=1.0000 lr=8.66e-05 lambda=0.000 grl_lambda=0.000 v18_lambda=0.000 gpu=3.0/11.8GB
[21:18:23] [ep_summary] ep=65/100 val_live=0.9506/0.9509 val_ema=0.9444/0.9463 test77_live=0.1763/0.0973 test77_diag_ema=0.1403/0.0352 v13=0.0000 grl=0.0000 v15=0.0000 v15r=0.0000 v16=0.0000 v17=0.0000 v18=0.0000 das=off[0,0] p=0.00 ep_time=34.3s
[21:18:23] [train] epoch 66/100 steps=40 use_dann=0 das=off f=[0.0,0.0] p=0.00 gpu=3.0/11.8GB
[21:18:24] [train] ep=66 step=001/40 ce=0.2561 sc=0.8375 mi=0.0215 dn=0.0000 v13=0.0000 grl=0.0000 v15=0.0000 v15r=0.0000 v16=0.0000 v17=0.0000 v18=0.0000 acc=1.0000 lr=8.65e-05 lambda=0.000 grl_lambda=0.000 v18_lambda=0.000 gpu=3.0/11.8GB
[21:18:29] [train] ep=66 step=010/40 ce=0.2561 sc=0.8299 mi=0.0254 dn=0.0000 v13=0.0000 grl=0.0000 v15=0.0000 v15r=0.0000 v16=0.0000 v17=0.0000 v18=0.0000 acc=1.0000 lr=8.55e-05 lambda=0.000 grl_lambda=0.000 v18_lambda=0.000 gpu=3.0/11.8GB
[21:18:35] [train] ep=66 step=020/40 ce=0.2561 sc=0.7936 mi=0.0246 dn=0.0000 v13=0.0000 grl=0.0000 v15=0.0000 v15r=0.0000 v16=0.0000 v17=0.0000 v18=0.0000 acc=1.0000 lr=8.44e-05 lambda=0.000 grl_lambda=0.000 v18_lambda=0.000 gpu=3.0/11.8GB
[21:18:41] [train] ep=66 step=030/40 ce=0.2562 sc=0.7536 mi=0.0243 dn=0.0000 v13=0.0000 grl=0.0000 v15=0.0000 v15r=0.0000 v16=0.0000 v17=0.0000 v18=0.0000 acc=1.0000 lr=8.33e-05 lambda=0.000 grl_lambda=0.000 v18_lambda=0.000 gpu=3.0/11.8GB
[21:18:46] [train] ep=66 step=040/40 ce=0.2562 sc=0.7598 mi=0.0236 dn=0.0000 v13=0.0000 grl=0.0000 v15=0.0000 v15r=0.0000 v16=0.0000 v17=0.0000 v18=0.0000 acc=1.0000 lr=8.22e-05 lambda=0.000 grl_lambda=0.000 v18_lambda=0.000 gpu=3.0/11.8GB
[21:18:57] [ep_summary] ep=66/100 val_live=0.9506/0.9509 val_ema=0.9444/0.9463 test77_live=0.1763/0.0973 test77_diag_ema=0.1403/0.0352 v13=0.0000 grl=0.0000 v15=0.0000 v15r=0.0000 v16=0.0000 v17=0.0000 v18=0.0000 das=off[0,0] p=0.00 ep_time=33.9s
[21:18:57] [train] epoch 67/100 steps=40 use_dann=0 das=off f=[0.0,0.0] p=0.00 gpu=3.0/11.8GB
[21:18:58] [train] ep=67 step=001/40 ce=0.2558 sc=0.4328 mi=0.0210 dn=0.0000 v13=0.0000 grl=0.0000 v15=0.0000 v15r=0.0000 v16=0.0000 v17=0.0000 v18=0.0000 acc=1.0000 lr=8.21e-05 lambda=0.000 grl_lambda=0.000 v18_lambda=0.000 gpu=3.0/11.8GB
[21:19:03] [train] ep=67 step=010/40 ce=0.2565 sc=0.6963 mi=0.0244 dn=0.0000 v13=0.0000 grl=0.0000 v15=0.0000 v15r=0.0000 v16=0.0000 v17=0.0000 v18=0.0000 acc=1.0000 lr=8.11e-05 lambda=0.000 grl_lambda=0.000 v18_lambda=0.000 gpu=3.0/11.8GB
[21:19:09] [train] ep=67 step=020/40 ce=0.2565 sc=0.7044 mi=0.0244 dn=0.0000 v13=0.0000 grl=0.0000 v15=0.0000 v15r=0.0000 v16=0.0000 v17=0.0000 v18=0.0000 acc=1.0000 lr=8.01e-05 lambda=0.000 grl_lambda=0.000 v18_lambda=0.000 gpu=3.0/11.8GB
[21:19:15] [train] ep=67 step=030/40 ce=0.2563 sc=0.7303 mi=0.0239 dn=0.0000 v13=0.0000 grl=0.0000 v15=0.0000 v15r=0.0000 v16=0.0000 v17=0.0000 v18=0.0000 acc=1.0000 lr=7.90e-05 lambda=0.000 grl_lambda=0.000 v18_lambda=0.000 gpu=3.0/11.8GB
[21:19:21] [train] ep=67 step=040/40 ce=0.2563 sc=0.7552 mi=0.0238 dn=0.0000 v13=0.0000 grl=0.0000 v15=0.0000 v15r=0.0000 v16=0.0000 v17=0.0000 v18=0.0000 acc=1.0000 lr=7.79e-05 lambda=0.000 grl_lambda=0.000 v18_lambda=0.000 gpu=3.0/11.8GB
[21:19:32] [ep_summary] ep=67/100 val_live=0.9506/0.9509 val_ema=0.9444/0.9463 test77_live=0.1763/0.0973 test77_diag_ema=0.1403/0.0352 v13=0.0000 grl=0.0000 v15=0.0000 v15r=0.0000 v16=0.0000 v17=0.0000 v18=0.0000 das=off[0,0] p=0.00 ep_time=34.3s
[21:19:32] [train] epoch 68/100 steps=40 use_dann=0 das=off f=[0.0,0.0] p=0.00 gpu=3.0/11.8GB
[21:19:32] [train] ep=68 step=001/40 ce=0.2566 sc=1.2115 mi=0.0226 dn=0.0000 v13=0.0000 grl=0.0000 v15=0.0000 v15r=0.0000 v16=0.0000 v17=0.0000 v18=0.0000 acc=1.0000 lr=7.78e-05 lambda=0.000 grl_lambda=0.000 v18_lambda=0.000 gpu=3.0/11.8GB
[21:19:37] [train] ep=68 step=010/40 ce=0.2563 sc=0.7550 mi=0.0240 dn=0.0000 v13=0.0000 grl=0.0000 v15=0.0000 v15r=0.0000 v16=0.0000 v17=0.0000 v18=0.0000 acc=1.0000 lr=7.69e-05 lambda=0.000 grl_lambda=0.000 v18_lambda=0.000 gpu=3.0/11.8GB
[21:19:43] [train] ep=68 step=020/40 ce=0.2563 sc=0.7271 mi=0.0235 dn=0.0000 v13=0.0000 grl=0.0000 v15=0.0000 v15r=0.0000 v16=0.0000 v17=0.0000 v18=0.0000 acc=1.0000 lr=7.58e-05 lambda=0.000 grl_lambda=0.000 v18_lambda=0.000 gpu=3.0/11.8GB
[21:19:49] [train] ep=68 step=030/40 ce=0.2563 sc=0.7076 mi=0.0235 dn=0.0000 v13=0.0000 grl=0.0000 v15=0.0000 v15r=0.0000 v16=0.0000 v17=0.0000 v18=0.0000 acc=1.0000 lr=7.48e-05 lambda=0.000 grl_lambda=0.000 v18_lambda=0.000 gpu=3.0/11.8GB
[21:19:55] [train] ep=68 step=040/40 ce=0.2563 sc=0.7132 mi=0.0236 dn=0.0000 v13=0.0000 grl=0.0000 v15=0.0000 v15r=0.0000 v16=0.0000 v17=0.0000 v18=0.0000 acc=1.0000 lr=7.37e-05 lambda=0.000 grl_lambda=0.000 v18_lambda=0.000 gpu=3.0/11.8GB
[21:20:06] [ep_summary] ep=68/100 val_live=0.9506/0.9509 val_ema=0.9444/0.9463 test77_live=0.1763/0.0973 test77_diag_ema=0.1439/0.0422 v13=0.0000 grl=0.0000 v15=0.0000 v15r=0.0000 v16=0.0000 v17=0.0000 v18=0.0000 das=off[0,0] p=0.00 ep_time=34.1s
[21:20:06] [save] best_sourcequalified77_ema ep=68 source_val_live=0.9506/0.9509 source_val_ema=0.9444/0.9463 test77_ema=0.1439/0.0422
[21:20:06] [train] epoch 69/100 steps=40 use_dann=0 das=off f=[0.0,0.0] p=0.00 gpu=3.0/11.8GB
[21:20:06] [train] ep=69 step=001/40 ce=0.2554 sc=0.6455 mi=0.0271 dn=0.0000 v13=0.0000 grl=0.0000 v15=0.0000 v15r=0.0000 v16=0.0000 v17=0.0000 v18=0.0000 acc=1.0000 lr=7.36e-05 lambda=0.000 grl_lambda=0.000 v18_lambda=0.000 gpu=3.0/11.8GB
[21:20:12] [train] ep=69 step=010/40 ce=0.2562 sc=0.7593 mi=0.0224 dn=0.0000 v13=0.0000 grl=0.0000 v15=0.0000 v15r=0.0000 v16=0.0000 v17=0.0000 v18=0.0000 acc=1.0000 lr=7.27e-05 lambda=0.000 grl_lambda=0.000 v18_lambda=0.000 gpu=3.0/11.8GB
[21:20:17] [train] ep=69 step=020/40 ce=0.2562 sc=0.7612 mi=0.0230 dn=0.0000 v13=0.0000 grl=0.0000 v15=0.0000 v15r=0.0000 v16=0.0000 v17=0.0000 v18=0.0000 acc=1.0000 lr=7.16e-05 lambda=0.000 grl_lambda=0.000 v18_lambda=0.000 gpu=3.0/11.8GB
[21:20:23] [train] ep=69 step=030/40 ce=0.2561 sc=0.7461 mi=0.0232 dn=0.0000 v13=0.0000 grl=0.0000 v15=0.0000 v15r=0.0000 v16=0.0000 v17=0.0000 v18=0.0000 acc=1.0000 lr=7.06e-05 lambda=0.000 grl_lambda=0.000 v18_lambda=0.000 gpu=3.0/11.8GB
[21:20:29] [train] ep=69 step=040/40 ce=0.2561 sc=0.7886 mi=0.0234 dn=0.0000 v13=0.0000 grl=0.0000 v15=0.0000 v15r=0.0000 v16=0.0000 v17=0.0000 v18=0.0000 acc=1.0000 lr=6.96e-05 lambda=0.000 grl_lambda=0.000 v18_lambda=0.000 gpu=3.0/11.8GB
[21:20:40] [ep_summary] ep=69/100 val_live=0.9444/0.9452 val_ema=0.9444/0.9463 test77_live=0.1799/0.1020 test77_diag_ema=0.1439/0.0422 v13=0.0000 grl=0.0000 v15=0.0000 v15r=0.0000 v16=0.0000 v17=0.0000 v18=0.0000 das=off[0,0] p=0.00 ep_time=34.0s
[21:20:40] [train] epoch 70/100 steps=40 use_dann=0 das=off f=[0.0,0.0] p=0.00 gpu=3.0/11.8GB
[21:20:40] [train] ep=70 step=001/40 ce=0.2563 sc=0.8382 mi=0.0188 dn=0.0000 v13=0.0000 grl=0.0000 v15=0.0000 v15r=0.0000 v16=0.0000 v17=0.0000 v18=0.0000 acc=1.0000 lr=6.95e-05 lambda=0.000 grl_lambda=0.000 v18_lambda=0.000 gpu=3.0/11.8GB
[21:20:46] [train] ep=70 step=010/40 ce=0.2561 sc=0.6888 mi=0.0220 dn=0.0000 v13=0.0000 grl=0.0000 v15=0.0000 v15r=0.0000 v16=0.0000 v17=0.0000 v18=0.0000 acc=1.0000 lr=6.85e-05 lambda=0.000 grl_lambda=0.000 v18_lambda=0.000 gpu=3.0/11.8GB
[21:20:51] [train] ep=70 step=020/40 ce=0.2560 sc=0.7232 mi=0.0228 dn=0.0000 v13=0.0000 grl=0.0000 v15=0.0000 v15r=0.0000 v16=0.0000 v17=0.0000 v18=0.0000 acc=1.0000 lr=6.75e-05 lambda=0.000 grl_lambda=0.000 v18_lambda=0.000 gpu=3.0/11.8GB
[21:20:57] [train] ep=70 step=030/40 ce=0.2561 sc=0.7226 mi=0.0233 dn=0.0000 v13=0.0000 grl=0.0000 v15=0.0000 v15r=0.0000 v16=0.0000 v17=0.0000 v18=0.0000 acc=1.0000 lr=6.65e-05 lambda=0.000 grl_lambda=0.000 v18_lambda=0.000 gpu=3.0/11.8GB
[21:21:03] [train] ep=70 step=040/40 ce=0.2561 sc=0.7241 mi=0.0230 dn=0.0000 v13=0.0000 grl=0.0000 v15=0.0000 v15r=0.0000 v16=0.0000 v17=0.0000 v18=0.0000 acc=1.0000 lr=6.55e-05 lambda=0.000 grl_lambda=0.000 v18_lambda=0.000 gpu=3.0/11.8GB
[21:21:14] [pool] check ep=070/100 source_val_acc_ema=0.9444 threshold=0.90
[21:21:19] [pool] ep=070 ADDED src_val=0.9444/0.9463 dev77=0.1571/0.0621 final77=0.1439/0.0422
[21:21:19] [pool] running best ep=070 dev77_f1=0.0621 final77_f1=0.0422 (pool_size=3)
[21:21:19] [ep_summary] ep=70/100 val_live=0.9568/0.9568 val_ema=0.9444/0.9463 test77_live=0.1799/0.1005 test77_diag_ema=0.1439/0.0422 v13=0.0000 grl=0.0000 v15=0.0000 v15r=0.0000 v16=0.0000 v17=0.0000 v18=0.0000 das=off[0,0] p=0.00 ep_time=39.0s
[21:21:19] [strict77_monitor] ep=70 best_source_epoch=53 source_val_ema=0.9444/0.9467 test77_ema_diag=0.1403/0.0352 sourcequalified_count=29 best_sourcequalified77_epoch=68 source_val_ema=0.9444/0.9463 test77_ema=0.1439/0.0422
[21:21:19] [train] epoch 71/100 steps=40 use_dann=0 das=off f=[0.0,0.0] p=0.00 gpu=3.0/11.8GB
[21:21:19] [train] ep=71 step=001/40 ce=0.2559 sc=1.2434 mi=0.0243 dn=0.0000 v13=0.0000 grl=0.0000 v15=0.0000 v15r=0.0000 v16=0.0000 v17=0.0000 v18=0.0000 acc=1.0000 lr=6.54e-05 lambda=0.000 grl_lambda=0.000 v18_lambda=0.000 gpu=3.0/11.8GB
[21:21:25] [train] ep=71 step=010/40 ce=0.2561 sc=0.6652 mi=0.0227 dn=0.0000 v13=0.0000 grl=0.0000 v15=0.0000 v15r=0.0000 v16=0.0000 v17=0.0000 v18=0.0000 acc=1.0000 lr=6.45e-05 lambda=0.000 grl_lambda=0.000 v18_lambda=0.000 gpu=3.0/11.8GB
[21:21:30] [train] ep=71 step=020/40 ce=0.2560 sc=0.5984 mi=0.0232 dn=0.0000 v13=0.0000 grl=0.0000 v15=0.0000 v15r=0.0000 v16=0.0000 v17=0.0000 v18=0.0000 acc=1.0000 lr=6.35e-05 lambda=0.000 grl_lambda=0.000 v18_lambda=0.000 gpu=3.0/11.8GB
[21:21:36] [train] ep=71 step=030/40 ce=0.2561 sc=0.6454 mi=0.0232 dn=0.0000 v13=0.0000 grl=0.0000 v15=0.0000 v15r=0.0000 v16=0.0000 v17=0.0000 v18=0.0000 acc=1.0000 lr=6.25e-05 lambda=0.000 grl_lambda=0.000 v18_lambda=0.000 gpu=3.0/11.8GB
[21:21:42] [train] ep=71 step=040/40 ce=0.2560 sc=0.6965 mi=0.0233 dn=0.0000 v13=0.0000 grl=0.0000 v15=0.0000 v15r=0.0000 v16=0.0000 v17=0.0000 v18=0.0000 acc=1.0000 lr=6.15e-05 lambda=0.000 grl_lambda=0.000 v18_lambda=0.000 gpu=3.0/11.8GB
[21:21:53] [ep_summary] ep=71/100 val_live=0.9568/0.9568 val_ema=0.9444/0.9463 test77_live=0.1835/0.1072 test77_diag_ema=0.1439/0.0422 v13=0.0000 grl=0.0000 v15=0.0000 v15r=0.0000 v16=0.0000 v17=0.0000 v18=0.0000 das=off[0,0] p=0.00 ep_time=34.0s
[21:21:53] [train] epoch 72/100 steps=40 use_dann=0 das=off f=[0.0,0.0] p=0.00 gpu=3.0/11.8GB
[21:21:53] [train] ep=72 step=001/40 ce=0.2563 sc=1.0348 mi=0.0219 dn=0.0000 v13=0.0000 grl=0.0000 v15=0.0000 v15r=0.0000 v16=0.0000 v17=0.0000 v18=0.0000 acc=1.0000 lr=6.14e-05 lambda=0.000 grl_lambda=0.000 v18_lambda=0.000 gpu=3.0/11.8GB
[21:21:58] [train] ep=72 step=010/40 ce=0.2562 sc=0.8671 mi=0.0233 dn=0.0000 v13=0.0000 grl=0.0000 v15=0.0000 v15r=0.0000 v16=0.0000 v17=0.0000 v18=0.0000 acc=1.0000 lr=6.06e-05 lambda=0.000 grl_lambda=0.000 v18_lambda=0.000 gpu=3.0/11.8GB
[21:22:04] [train] ep=72 step=020/40 ce=0.2561 sc=0.8061 mi=0.0228 dn=0.0000 v13=0.0000 grl=0.0000 v15=0.0000 v15r=0.0000 v16=0.0000 v17=0.0000 v18=0.0000 acc=1.0000 lr=5.96e-05 lambda=0.000 grl_lambda=0.000 v18_lambda=0.000 gpu=3.0/11.8GB
[21:22:10] [train] ep=72 step=030/40 ce=0.2562 sc=0.8030 mi=0.0232 dn=0.0000 v13=0.0000 grl=0.0000 v15=0.0000 v15r=0.0000 v16=0.0000 v17=0.0000 v18=0.0000 acc=1.0000 lr=5.86e-05 lambda=0.000 grl_lambda=0.000 v18_lambda=0.000 gpu=3.0/11.8GB
[21:22:16] [train] ep=72 step=040/40 ce=0.2562 sc=0.7907 mi=0.0229 dn=0.0000 v13=0.0000 grl=0.0000 v15=0.0000 v15r=0.0000 v16=0.0000 v17=0.0000 v18=0.0000 acc=1.0000 lr=5.77e-05 lambda=0.000 grl_lambda=0.000 v18_lambda=0.000 gpu=3.0/11.8GB
[21:22:27] [ep_summary] ep=72/100 val_live=0.9444/0.9452 val_ema=0.9506/0.9521 test77_live=0.1799/0.1037 test77_diag_ema=0.1475/0.0490 v13=0.0000 grl=0.0000 v15=0.0000 v15r=0.0000 v16=0.0000 v17=0.0000 v18=0.0000 das=off[0,0] p=0.00 ep_time=33.8s
[21:22:27] [save] best_sourceval_ema val_acc_ema=0.9506 source_val_live=0.9444/0.9452 source_val_ema=0.9506/0.9521 ep=72
[21:22:27] [save] best_sourcequalified77_ema ep=72 source_val_live=0.9444/0.9452 source_val_ema=0.9506/0.9521 test77_ema=0.1475/0.0490
[21:22:27] [train] epoch 73/100 steps=40 use_dann=0 das=off f=[0.0,0.0] p=0.00 gpu=3.0/11.8GB
[21:22:27] [train] ep=73 step=001/40 ce=0.2556 sc=0.6298 mi=0.0222 dn=0.0000 v13=0.0000 grl=0.0000 v15=0.0000 v15r=0.0000 v16=0.0000 v17=0.0000 v18=0.0000 acc=1.0000 lr=5.76e-05 lambda=0.000 grl_lambda=0.000 v18_lambda=0.000 gpu=3.0/11.8GB
[21:22:32] [train] ep=73 step=010/40 ce=0.2559 sc=0.6931 mi=0.0232 dn=0.0000 v13=0.0000 grl=0.0000 v15=0.0000 v15r=0.0000 v16=0.0000 v17=0.0000 v18=0.0000 acc=1.0000 lr=5.67e-05 lambda=0.000 grl_lambda=0.000 v18_lambda=0.000 gpu=3.0/11.8GB
[21:22:38] [train] ep=73 step=020/40 ce=0.2559 sc=0.7077 mi=0.0230 dn=0.0000 v13=0.0000 grl=0.0000 v15=0.0000 v15r=0.0000 v16=0.0000 v17=0.0000 v18=0.0000 acc=1.0000 lr=5.58e-05 lambda=0.000 grl_lambda=0.000 v18_lambda=0.000 gpu=3.0/11.8GB
[21:22:44] [train] ep=73 step=030/40 ce=0.2559 sc=0.6895 mi=0.0230 dn=0.0000 v13=0.0000 grl=0.0000 v15=0.0000 v15r=0.0000 v16=0.0000 v17=0.0000 v18=0.0000 acc=1.0000 lr=5.48e-05 lambda=0.000 grl_lambda=0.000 v18_lambda=0.000 gpu=3.0/11.8GB
[21:22:50] [train] ep=73 step=040/40 ce=0.2559 sc=0.7208 mi=0.0233 dn=0.0000 v13=0.0000 grl=0.0000 v15=0.0000 v15r=0.0000 v16=0.0000 v17=0.0000 v18=0.0000 acc=1.0000 lr=5.39e-05 lambda=0.000 grl_lambda=0.000 v18_lambda=0.000 gpu=3.0/11.8GB
[21:23:01] [ep_summary] ep=73/100 val_live=0.9506/0.9509 val_ema=0.9506/0.9521 test77_live=0.1763/0.0970 test77_diag_ema=0.1475/0.0490 v13=0.0000 grl=0.0000 v15=0.0000 v15r=0.0000 v16=0.0000 v17=0.0000 v18=0.0000 das=off[0,0] p=0.00 ep_time=34.0s
[21:23:01] [train] epoch 74/100 steps=40 use_dann=0 das=off f=[0.0,0.0] p=0.00 gpu=3.0/11.8GB
[21:23:01] [train] ep=74 step=001/40 ce=0.2556 sc=0.9274 mi=0.0232 dn=0.0000 v13=0.0000 grl=0.0000 v15=0.0000 v15r=0.0000 v16=0.0000 v17=0.0000 v18=0.0000 acc=1.0000 lr=5.38e-05 lambda=0.000 grl_lambda=0.000 v18_lambda=0.000 gpu=3.0/11.8GB
[21:23:06] [train] ep=74 step=010/40 ce=0.2560 sc=0.9000 mi=0.0230 dn=0.0000 v13=0.0000 grl=0.0000 v15=0.0000 v15r=0.0000 v16=0.0000 v17=0.0000 v18=0.0000 acc=1.0000 lr=5.30e-05 lambda=0.000 grl_lambda=0.000 v18_lambda=0.000 gpu=3.0/11.8GB
[21:23:12] [train] ep=74 step=020/40 ce=0.2560 sc=0.8173 mi=0.0227 dn=0.0000 v13=0.0000 grl=0.0000 v15=0.0000 v15r=0.0000 v16=0.0000 v17=0.0000 v18=0.0000 acc=1.0000 lr=5.20e-05 lambda=0.000 grl_lambda=0.000 v18_lambda=0.000 gpu=3.0/11.8GB
[21:23:18] [train] ep=74 step=030/40 ce=0.2560 sc=0.7934 mi=0.0221 dn=0.0000 v13=0.0000 grl=0.0000 v15=0.0000 v15r=0.0000 v16=0.0000 v17=0.0000 v18=0.0000 acc=1.0000 lr=5.11e-05 lambda=0.000 grl_lambda=0.000 v18_lambda=0.000 gpu=3.0/11.8GB
[21:23:24] [train] ep=74 step=040/40 ce=0.2560 sc=0.7725 mi=0.0225 dn=0.0000 v13=0.0000 grl=0.0000 v15=0.0000 v15r=0.0000 v16=0.0000 v17=0.0000 v18=0.0000 acc=1.0000 lr=5.02e-05 lambda=0.000 grl_lambda=0.000 v18_lambda=0.000 gpu=3.0/11.8GB
[21:23:35] [ep_summary] ep=74/100 val_live=0.9506/0.9509 val_ema=0.9506/0.9521 test77_live=0.1799/0.1037 test77_diag_ema=0.1475/0.0490 v13=0.0000 grl=0.0000 v15=0.0000 v15r=0.0000 v16=0.0000 v17=0.0000 v18=0.0000 das=off[0,0] p=0.00 ep_time=34.1s
[21:23:35] [train] epoch 75/100 steps=40 use_dann=0 das=off f=[0.0,0.0] p=0.00 gpu=3.0/11.8GB
[21:23:35] [train] ep=75 step=001/40 ce=0.2557 sc=0.6139 mi=0.0237 dn=0.0000 v13=0.0000 grl=0.0000 v15=0.0000 v15r=0.0000 v16=0.0000 v17=0.0000 v18=0.0000 acc=1.0000 lr=5.01e-05 lambda=0.000 grl_lambda=0.000 v18_lambda=0.000 gpu=3.0/11.8GB
[21:23:40] [train] ep=75 step=010/40 ce=0.2563 sc=0.7185 mi=0.0237 dn=0.0000 v13=0.0000 grl=0.0000 v15=0.0000 v15r=0.0000 v16=0.0000 v17=0.0000 v18=0.0000 acc=1.0000 lr=4.93e-05 lambda=0.000 grl_lambda=0.000 v18_lambda=0.000 gpu=3.0/11.8GB
[21:23:46] [train] ep=75 step=020/40 ce=0.2561 sc=0.7118 mi=0.0238 dn=0.0000 v13=0.0000 grl=0.0000 v15=0.0000 v15r=0.0000 v16=0.0000 v17=0.0000 v18=0.0000 acc=1.0000 lr=4.84e-05 lambda=0.000 grl_lambda=0.000 v18_lambda=0.000 gpu=3.0/11.8GB
[21:23:52] [train] ep=75 step=030/40 ce=0.2561 sc=0.6910 mi=0.0233 dn=0.0000 v13=0.0000 grl=0.0000 v15=0.0000 v15r=0.0000 v16=0.0000 v17=0.0000 v18=0.0000 acc=1.0000 lr=4.75e-05 lambda=0.000 grl_lambda=0.000 v18_lambda=0.000 gpu=3.0/11.8GB
[21:23:58] [train] ep=75 step=040/40 ce=0.2561 sc=0.6971 mi=0.0234 dn=0.0000 v13=0.0000 grl=0.0000 v15=0.0000 v15r=0.0000 v16=0.0000 v17=0.0000 v18=0.0000 acc=1.0000 lr=4.66e-05 lambda=0.000 grl_lambda=0.000 v18_lambda=0.000 gpu=3.0/11.8GB
[21:24:09] [ep_summary] ep=75/100 val_live=0.9568/0.9568 val_ema=0.9506/0.9521 test77_live=0.1799/0.1037 test77_diag_ema=0.1475/0.0490 v13=0.0000 grl=0.0000 v15=0.0000 v15r=0.0000 v16=0.0000 v17=0.0000 v18=0.0000 das=off[0,0] p=0.00 ep_time=34.0s
[21:24:09] [train] epoch 76/100 steps=40 use_dann=0 das=off f=[0.0,0.0] p=0.00 gpu=3.0/11.8GB
[21:24:09] [train] ep=76 step=001/40 ce=0.2559 sc=0.5962 mi=0.0232 dn=0.0000 v13=0.0000 grl=0.0000 v15=0.0000 v15r=0.0000 v16=0.0000 v17=0.0000 v18=0.0000 acc=1.0000 lr=4.65e-05 lambda=0.000 grl_lambda=0.000 v18_lambda=0.000 gpu=3.0/11.8GB
[21:24:14] [train] ep=76 step=010/40 ce=0.2560 sc=0.7808 mi=0.0230 dn=0.0000 v13=0.0000 grl=0.0000 v15=0.0000 v15r=0.0000 v16=0.0000 v17=0.0000 v18=0.0000 acc=1.0000 lr=4.58e-05 lambda=0.000 grl_lambda=0.000 v18_lambda=0.000 gpu=3.0/11.8GB
[21:24:20] [train] ep=76 step=020/40 ce=0.2559 sc=0.7667 mi=0.0224 dn=0.0000 v13=0.0000 grl=0.0000 v15=0.0000 v15r=0.0000 v16=0.0000 v17=0.0000 v18=0.0000 acc=1.0000 lr=4.49e-05 lambda=0.000 grl_lambda=0.000 v18_lambda=0.000 gpu=3.0/11.8GB
[21:24:26] [train] ep=76 step=030/40 ce=0.2560 sc=0.7204 mi=0.0229 dn=0.0000 v13=0.0000 grl=0.0000 v15=0.0000 v15r=0.0000 v16=0.0000 v17=0.0000 v18=0.0000 acc=1.0000 lr=4.40e-05 lambda=0.000 grl_lambda=0.000 v18_lambda=0.000 gpu=3.0/11.8GB
[21:24:32] [train] ep=76 step=040/40 ce=0.2560 sc=0.7319 mi=0.0231 dn=0.0000 v13=0.0000 grl=0.0000 v15=0.0000 v15r=0.0000 v16=0.0000 v17=0.0000 v18=0.0000 acc=1.0000 lr=4.32e-05 lambda=0.000 grl_lambda=0.000 v18_lambda=0.000 gpu=3.0/11.8GB
[21:24:43] [ep_summary] ep=76/100 val_live=0.9506/0.9509 val_ema=0.9506/0.9521 test77_live=0.1799/0.1033 test77_diag_ema=0.1475/0.0490 v13=0.0000 grl=0.0000 v15=0.0000 v15r=0.0000 v16=0.0000 v17=0.0000 v18=0.0000 das=off[0,0] p=0.00 ep_time=33.9s
[21:24:43] [train] epoch 77/100 steps=40 use_dann=0 das=off f=[0.0,0.0] p=0.00 gpu=3.0/11.8GB
[21:24:43] [train] ep=77 step=001/40 ce=0.2553 sc=0.9600 mi=0.0231 dn=0.0000 v13=0.0000 grl=0.0000 v15=0.0000 v15r=0.0000 v16=0.0000 v17=0.0000 v18=0.0000 acc=1.0000 lr=4.31e-05 lambda=0.000 grl_lambda=0.000 v18_lambda=0.000 gpu=3.0/11.8GB
[21:24:48] [train] ep=77 step=010/40 ce=0.2558 sc=0.7130 mi=0.0226 dn=0.0000 v13=0.0000 grl=0.0000 v15=0.0000 v15r=0.0000 v16=0.0000 v17=0.0000 v18=0.0000 acc=1.0000 lr=4.23e-05 lambda=0.000 grl_lambda=0.000 v18_lambda=0.000 gpu=3.0/11.8GB
[21:24:54] [train] ep=77 step=020/40 ce=0.2559 sc=0.7448 mi=0.0230 dn=0.0000 v13=0.0000 grl=0.0000 v15=0.0000 v15r=0.0000 v16=0.0000 v17=0.0000 v18=0.0000 acc=1.0000 lr=4.15e-05 lambda=0.000 grl_lambda=0.000 v18_lambda=0.000 gpu=3.0/11.8GB
[21:25:00] [train] ep=77 step=030/40 ce=0.2558 sc=0.7193 mi=0.0229 dn=0.0000 v13=0.0000 grl=0.0000 v15=0.0000 v15r=0.0000 v16=0.0000 v17=0.0000 v18=0.0000 acc=1.0000 lr=4.06e-05 lambda=0.000 grl_lambda=0.000 v18_lambda=0.000 gpu=3.0/11.8GB
[21:25:06] [train] ep=77 step=040/40 ce=0.2558 sc=0.7171 mi=0.0228 dn=0.0000 v13=0.0000 grl=0.0000 v15=0.0000 v15r=0.0000 v16=0.0000 v17=0.0000 v18=0.0000 acc=1.0000 lr=3.98e-05 lambda=0.000 grl_lambda=0.000 v18_lambda=0.000 gpu=3.0/11.8GB
[21:25:17] [ep_summary] ep=77/100 val_live=0.9506/0.9509 val_ema=0.9506/0.9521 test77_live=0.1835/0.1084 test77_diag_ema=0.1475/0.0490 v13=0.0000 grl=0.0000 v15=0.0000 v15r=0.0000 v16=0.0000 v17=0.0000 v18=0.0000 das=off[0,0] p=0.00 ep_time=34.0s
[21:25:17] [train] epoch 78/100 steps=40 use_dann=0 das=off f=[0.0,0.0] p=0.00 gpu=3.0/11.8GB
[21:25:17] [train] ep=78 step=001/40 ce=0.2553 sc=0.9888 mi=0.0187 dn=0.0000 v13=0.0000 grl=0.0000 v15=0.0000 v15r=0.0000 v16=0.0000 v17=0.0000 v18=0.0000 acc=1.0000 lr=3.97e-05 lambda=0.000 grl_lambda=0.000 v18_lambda=0.000 gpu=3.0/11.8GB
[21:25:22] [train] ep=78 step=010/40 ce=0.2558 sc=0.6896 mi=0.0214 dn=0.0000 v13=0.0000 grl=0.0000 v15=0.0000 v15r=0.0000 v16=0.0000 v17=0.0000 v18=0.0000 acc=1.0000 lr=3.90e-05 lambda=0.000 grl_lambda=0.000 v18_lambda=0.000 gpu=3.0/11.8GB
[21:25:28] [train] ep=78 step=020/40 ce=0.2559 sc=0.7452 mi=0.0222 dn=0.0000 v13=0.0000 grl=0.0000 v15=0.0000 v15r=0.0000 v16=0.0000 v17=0.0000 v18=0.0000 acc=1.0000 lr=3.82e-05 lambda=0.000 grl_lambda=0.000 v18_lambda=0.000 gpu=3.0/11.8GB
[21:25:34] [train] ep=78 step=030/40 ce=0.2560 sc=0.7730 mi=0.0222 dn=0.0000 v13=0.0000 grl=0.0000 v15=0.0000 v15r=0.0000 v16=0.0000 v17=0.0000 v18=0.0000 acc=1.0000 lr=3.74e-05 lambda=0.000 grl_lambda=0.000 v18_lambda=0.000 gpu=3.0/11.8GB
[21:25:40] [train] ep=78 step=040/40 ce=0.2559 sc=0.7586 mi=0.0223 dn=0.0000 v13=0.0000 grl=0.0000 v15=0.0000 v15r=0.0000 v16=0.0000 v17=0.0000 v18=0.0000 acc=1.0000 lr=3.66e-05 lambda=0.000 grl_lambda=0.000 v18_lambda=0.000 gpu=3.0/11.8GB
[21:25:51] [ep_summary] ep=78/100 val_live=0.9506/0.9509 val_ema=0.9506/0.9521 test77_live=0.1763/0.0966 test77_diag_ema=0.1475/0.0490 v13=0.0000 grl=0.0000 v15=0.0000 v15r=0.0000 v16=0.0000 v17=0.0000 v18=0.0000 das=off[0,0] p=0.00 ep_time=34.0s
[21:25:51] [train] epoch 79/100 steps=40 use_dann=0 das=off f=[0.0,0.0] p=0.00 gpu=3.0/11.8GB
[21:25:51] [train] ep=79 step=001/40 ce=0.2564 sc=0.9603 mi=0.0323 dn=0.0000 v13=0.0000 grl=0.0000 v15=0.0000 v15r=0.0000 v16=0.0000 v17=0.0000 v18=0.0000 acc=1.0000 lr=3.65e-05 lambda=0.000 grl_lambda=0.000 v18_lambda=0.000 gpu=3.0/11.8GB
[21:25:57] [train] ep=79 step=010/40 ce=0.2559 sc=0.8157 mi=0.0241 dn=0.0000 v13=0.0000 grl=0.0000 v15=0.0000 v15r=0.0000 v16=0.0000 v17=0.0000 v18=0.0000 acc=1.0000 lr=3.58e-05 lambda=0.000 grl_lambda=0.000 v18_lambda=0.000 gpu=3.0/11.8GB
[21:26:02] [train] ep=79 step=020/40 ce=0.2559 sc=0.7633 mi=0.0244 dn=0.0000 v13=0.0000 grl=0.0000 v15=0.0000 v15r=0.0000 v16=0.0000 v17=0.0000 v18=0.0000 acc=1.0000 lr=3.50e-05 lambda=0.000 grl_lambda=0.000 v18_lambda=0.000 gpu=3.0/11.8GB
[21:26:08] [train] ep=79 step=030/40 ce=0.2559 sc=0.7677 mi=0.0238 dn=0.0000 v13=0.0000 grl=0.0000 v15=0.0000 v15r=0.0000 v16=0.0000 v17=0.0000 v18=0.0000 acc=1.0000 lr=3.42e-05 lambda=0.000 grl_lambda=0.000 v18_lambda=0.000 gpu=3.0/11.8GB
[21:26:14] [train] ep=79 step=040/40 ce=0.2559 sc=0.7828 mi=0.0236 dn=0.0000 v13=0.0000 grl=0.0000 v15=0.0000 v15r=0.0000 v16=0.0000 v17=0.0000 v18=0.0000 acc=1.0000 lr=3.35e-05 lambda=0.000 grl_lambda=0.000 v18_lambda=0.000 gpu=3.0/11.8GB
[21:26:24] [ep_summary] ep=79/100 val_live=0.9506/0.9509 val_ema=0.9506/0.9521 test77_live=0.1763/0.0970 test77_diag_ema=0.1475/0.0490 v13=0.0000 grl=0.0000 v15=0.0000 v15r=0.0000 v16=0.0000 v17=0.0000 v18=0.0000 das=off[0,0] p=0.00 ep_time=33.9s
[21:26:25] [train] epoch 80/100 steps=40 use_dann=0 das=off f=[0.0,0.0] p=0.00 gpu=3.0/11.8GB
[21:26:25] [train] ep=80 step=001/40 ce=0.2555 sc=0.6134 mi=0.0208 dn=0.0000 v13=0.0000 grl=0.0000 v15=0.0000 v15r=0.0000 v16=0.0000 v17=0.0000 v18=0.0000 acc=1.0000 lr=3.34e-05 lambda=0.000 grl_lambda=0.000 v18_lambda=0.000 gpu=3.0/11.8GB
[21:26:30] [train] ep=80 step=010/40 ce=0.2559 sc=0.8241 mi=0.0228 dn=0.0000 v13=0.0000 grl=0.0000 v15=0.0000 v15r=0.0000 v16=0.0000 v17=0.0000 v18=0.0000 acc=1.0000 lr=3.27e-05 lambda=0.000 grl_lambda=0.000 v18_lambda=0.000 gpu=3.0/11.8GB
[21:26:36] [train] ep=80 step=020/40 ce=0.2559 sc=0.7767 mi=0.0235 dn=0.0000 v13=0.0000 grl=0.0000 v15=0.0000 v15r=0.0000 v16=0.0000 v17=0.0000 v18=0.0000 acc=1.0000 lr=3.19e-05 lambda=0.000 grl_lambda=0.000 v18_lambda=0.000 gpu=3.0/11.8GB
[21:26:42] [train] ep=80 step=030/40 ce=0.2559 sc=0.7840 mi=0.0229 dn=0.0000 v13=0.0000 grl=0.0000 v15=0.0000 v15r=0.0000 v16=0.0000 v17=0.0000 v18=0.0000 acc=1.0000 lr=3.12e-05 lambda=0.000 grl_lambda=0.000 v18_lambda=0.000 gpu=3.0/11.8GB
[21:26:48] [train] ep=80 step=040/40 ce=0.2559 sc=0.7539 mi=0.0228 dn=0.0000 v13=0.0000 grl=0.0000 v15=0.0000 v15r=0.0000 v16=0.0000 v17=0.0000 v18=0.0000 acc=1.0000 lr=3.05e-05 lambda=0.000 grl_lambda=0.000 v18_lambda=0.000 gpu=3.0/11.8GB
[21:26:58] [pool] check ep=080/100 source_val_acc_ema=0.9506 threshold=0.90
[21:27:03] [pool] ep=080 ADDED src_val=0.9506/0.9521 dev77=0.1643/0.0737 final77=0.1475/0.0490
[21:27:03] [pool] running best ep=080 dev77_f1=0.0737 final77_f1=0.0490 (pool_size=4)
[21:27:03] [ep_summary] ep=80/100 val_live=0.9568/0.9568 val_ema=0.9506/0.9521 test77_live=0.1799/0.1033 test77_diag_ema=0.1475/0.0490 v13=0.0000 grl=0.0000 v15=0.0000 v15r=0.0000 v16=0.0000 v17=0.0000 v18=0.0000 das=off[0,0] p=0.00 ep_time=38.9s
[21:27:03] [strict77_monitor] ep=80 best_source_epoch=72 source_val_ema=0.9506/0.9521 test77_ema_diag=0.1475/0.0490 sourcequalified_count=39 best_sourcequalified77_epoch=72 source_val_ema=0.9506/0.9521 test77_ema=0.1475/0.0490
[21:27:03] [train] epoch 81/100 steps=40 use_dann=0 das=off f=[0.0,0.0] p=0.00 gpu=3.0/11.8GB
[21:27:04] [train] ep=81 step=001/40 ce=0.2562 sc=0.7264 mi=0.0208 dn=0.0000 v13=0.0000 grl=0.0000 v15=0.0000 v15r=0.0000 v16=0.0000 v17=0.0000 v18=0.0000 acc=1.0000 lr=3.04e-05 lambda=0.000 grl_lambda=0.000 v18_lambda=0.000 gpu=3.0/11.8GB
[21:27:09] [train] ep=81 step=010/40 ce=0.2557 sc=0.7690 mi=0.0234 dn=0.0000 v13=0.0000 grl=0.0000 v15=0.0000 v15r=0.0000 v16=0.0000 v17=0.0000 v18=0.0000 acc=1.0000 lr=2.97e-05 lambda=0.000 grl_lambda=0.000 v18_lambda=0.000 gpu=3.0/11.8GB
[21:27:15] [train] ep=81 step=020/40 ce=0.2559 sc=0.7585 mi=0.0229 dn=0.0000 v13=0.0000 grl=0.0000 v15=0.0000 v15r=0.0000 v16=0.0000 v17=0.0000 v18=0.0000 acc=1.0000 lr=2.90e-05 lambda=0.000 grl_lambda=0.000 v18_lambda=0.000 gpu=3.0/11.8GB
[21:27:21] [train] ep=81 step=030/40 ce=0.2559 sc=0.7327 mi=0.0236 dn=0.0000 v13=0.0000 grl=0.0000 v15=0.0000 v15r=0.0000 v16=0.0000 v17=0.0000 v18=0.0000 acc=1.0000 lr=2.83e-05 lambda=0.000 grl_lambda=0.000 v18_lambda=0.000 gpu=3.0/11.8GB
[21:27:27] [train] ep=81 step=040/40 ce=0.2559 sc=0.7141 mi=0.0231 dn=0.0000 v13=0.0000 grl=0.0000 v15=0.0000 v15r=0.0000 v16=0.0000 v17=0.0000 v18=0.0000 acc=1.0000 lr=2.76e-05 lambda=0.000 grl_lambda=0.000 v18_lambda=0.000 gpu=3.0/11.8GB
[21:27:38] [ep_summary] ep=81/100 val_live=0.9568/0.9568 val_ema=0.9506/0.9521 test77_live=0.1763/0.0966 test77_diag_ema=0.1475/0.0490 v13=0.0000 grl=0.0000 v15=0.0000 v15r=0.0000 v16=0.0000 v17=0.0000 v18=0.0000 das=off[0,0] p=0.00 ep_time=34.2s
[21:27:38] [train] epoch 82/100 steps=40 use_dann=0 das=off f=[0.0,0.0] p=0.00 gpu=3.0/11.8GB
[21:27:38] [train] ep=82 step=001/40 ce=0.2557 sc=1.0349 mi=0.0225 dn=0.0000 v13=0.0000 grl=0.0000 v15=0.0000 v15r=0.0000 v16=0.0000 v17=0.0000 v18=0.0000 acc=1.0000 lr=2.75e-05 lambda=0.000 grl_lambda=0.000 v18_lambda=0.000 gpu=3.0/11.8GB
[21:27:43] [train] ep=82 step=010/40 ce=0.2557 sc=0.7497 mi=0.0215 dn=0.0000 v13=0.0000 grl=0.0000 v15=0.0000 v15r=0.0000 v16=0.0000 v17=0.0000 v18=0.0000 acc=1.0000 lr=2.69e-05 lambda=0.000 grl_lambda=0.000 v18_lambda=0.000 gpu=3.0/11.8GB
[21:27:49] [train] ep=82 step=020/40 ce=0.2559 sc=0.7672 mi=0.0218 dn=0.0000 v13=0.0000 grl=0.0000 v15=0.0000 v15r=0.0000 v16=0.0000 v17=0.0000 v18=0.0000 acc=1.0000 lr=2.62e-05 lambda=0.000 grl_lambda=0.000 v18_lambda=0.000 gpu=3.0/11.8GB
[21:27:55] [train] ep=82 step=030/40 ce=0.2559 sc=0.7940 mi=0.0222 dn=0.0000 v13=0.0000 grl=0.0000 v15=0.0000 v15r=0.0000 v16=0.0000 v17=0.0000 v18=0.0000 acc=1.0000 lr=2.55e-05 lambda=0.000 grl_lambda=0.000 v18_lambda=0.000 gpu=3.0/11.8GB
[21:28:01] [train] ep=82 step=040/40 ce=0.2559 sc=0.7827 mi=0.0226 dn=0.0000 v13=0.0000 grl=0.0000 v15=0.0000 v15r=0.0000 v16=0.0000 v17=0.0000 v18=0.0000 acc=1.0000 lr=2.48e-05 lambda=0.000 grl_lambda=0.000 v18_lambda=0.000 gpu=3.0/11.8GB
[21:28:12] [ep_summary] ep=82/100 val_live=0.9568/0.9568 val_ema=0.9506/0.9521 test77_live=0.1763/0.0970 test77_diag_ema=0.1475/0.0490 v13=0.0000 grl=0.0000 v15=0.0000 v15r=0.0000 v16=0.0000 v17=0.0000 v18=0.0000 das=off[0,0] p=0.00 ep_time=34.0s
[21:28:12] [train] epoch 83/100 steps=40 use_dann=0 das=off f=[0.0,0.0] p=0.00 gpu=3.0/11.8GB
[21:28:12] [train] ep=83 step=001/40 ce=0.2556 sc=0.4335 mi=0.0186 dn=0.0000 v13=0.0000 grl=0.0000 v15=0.0000 v15r=0.0000 v16=0.0000 v17=0.0000 v18=0.0000 acc=1.0000 lr=2.48e-05 lambda=0.000 grl_lambda=0.000 v18_lambda=0.000 gpu=3.0/11.8GB
[21:28:17] [train] ep=83 step=010/40 ce=0.2558 sc=0.6412 mi=0.0219 dn=0.0000 v13=0.0000 grl=0.0000 v15=0.0000 v15r=0.0000 v16=0.0000 v17=0.0000 v18=0.0000 acc=1.0000 lr=2.42e-05 lambda=0.000 grl_lambda=0.000 v18_lambda=0.000 gpu=3.0/11.8GB
[21:28:23] [train] ep=83 step=020/40 ce=0.2558 sc=0.7131 mi=0.0221 dn=0.0000 v13=0.0000 grl=0.0000 v15=0.0000 v15r=0.0000 v16=0.0000 v17=0.0000 v18=0.0000 acc=1.0000 lr=2.35e-05 lambda=0.000 grl_lambda=0.000 v18_lambda=0.000 gpu=3.0/11.8GB
[21:28:29] [train] ep=83 step=030/40 ce=0.2559 sc=0.6813 mi=0.0218 dn=0.0000 v13=0.0000 grl=0.0000 v15=0.0000 v15r=0.0000 v16=0.0000 v17=0.0000 v18=0.0000 acc=1.0000 lr=2.29e-05 lambda=0.000 grl_lambda=0.000 v18_lambda=0.000 gpu=3.0/11.8GB
[21:28:35] [train] ep=83 step=040/40 ce=0.2559 sc=0.7093 mi=0.0219 dn=0.0000 v13=0.0000 grl=0.0000 v15=0.0000 v15r=0.0000 v16=0.0000 v17=0.0000 v18=0.0000 acc=1.0000 lr=2.22e-05 lambda=0.000 grl_lambda=0.000 v18_lambda=0.000 gpu=3.0/11.8GB
[21:28:46] [ep_summary] ep=83/100 val_live=0.9506/0.9509 val_ema=0.9568/0.9578 test77_live=0.1799/0.1037 test77_diag_ema=0.1511/0.0561 v13=0.0000 grl=0.0000 v15=0.0000 v15r=0.0000 v16=0.0000 v17=0.0000 v18=0.0000 das=off[0,0] p=0.00 ep_time=33.9s
[21:28:46] [save] best_sourceval_ema val_acc_ema=0.9568 source_val_live=0.9506/0.9509 source_val_ema=0.9568/0.9578 ep=83
[21:28:46] [save] best_sourcequalified77_ema ep=83 source_val_live=0.9506/0.9509 source_val_ema=0.9568/0.9578 test77_ema=0.1511/0.0561
[21:28:46] [train] epoch 84/100 steps=40 use_dann=0 das=off f=[0.0,0.0] p=0.00 gpu=3.0/11.8GB
[21:28:46] [train] ep=84 step=001/40 ce=0.2564 sc=0.4338 mi=0.0279 dn=0.0000 v13=0.0000 grl=0.0000 v15=0.0000 v15r=0.0000 v16=0.0000 v17=0.0000 v18=0.0000 acc=1.0000 lr=2.22e-05 lambda=0.000 grl_lambda=0.000 v18_lambda=0.000 gpu=3.0/11.8GB
[21:28:51] [train] ep=84 step=010/40 ce=0.2559 sc=0.7841 mi=0.0239 dn=0.0000 v13=0.0000 grl=0.0000 v15=0.0000 v15r=0.0000 v16=0.0000 v17=0.0000 v18=0.0000 acc=1.0000 lr=2.16e-05 lambda=0.000 grl_lambda=0.000 v18_lambda=0.000 gpu=3.0/11.8GB
[21:28:57] [train] ep=84 step=020/40 ce=0.2559 sc=0.7933 mi=0.0234 dn=0.0000 v13=0.0000 grl=0.0000 v15=0.0000 v15r=0.0000 v16=0.0000 v17=0.0000 v18=0.0000 acc=1.0000 lr=2.10e-05 lambda=0.000 grl_lambda=0.000 v18_lambda=0.000 gpu=3.0/11.8GB
[21:29:03] [train] ep=84 step=030/40 ce=0.2558 sc=0.7884 mi=0.0237 dn=0.0000 v13=0.0000 grl=0.0000 v15=0.0000 v15r=0.0000 v16=0.0000 v17=0.0000 v18=0.0000 acc=1.0000 lr=2.04e-05 lambda=0.000 grl_lambda=0.000 v18_lambda=0.000 gpu=3.0/11.8GB
[21:29:09] [train] ep=84 step=040/40 ce=0.2558 sc=0.7801 mi=0.0234 dn=0.0000 v13=0.0000 grl=0.0000 v15=0.0000 v15r=0.0000 v16=0.0000 v17=0.0000 v18=0.0000 acc=1.0000 lr=1.98e-05 lambda=0.000 grl_lambda=0.000 v18_lambda=0.000 gpu=3.0/11.8GB
[21:29:20] [ep_summary] ep=84/100 val_live=0.9506/0.9509 val_ema=0.9506/0.9521 test77_live=0.1799/0.1037 test77_diag_ema=0.1511/0.0561 v13=0.0000 grl=0.0000 v15=0.0000 v15r=0.0000 v16=0.0000 v17=0.0000 v18=0.0000 das=off[0,0] p=0.00 ep_time=34.0s
[21:29:20] [train] epoch 85/100 steps=40 use_dann=0 das=off f=[0.0,0.0] p=0.00 gpu=3.0/11.8GB
[21:29:20] [train] ep=85 step=001/40 ce=0.2558 sc=0.9270 mi=0.0211 dn=0.0000 v13=0.0000 grl=0.0000 v15=0.0000 v15r=0.0000 v16=0.0000 v17=0.0000 v18=0.0000 acc=1.0000 lr=1.97e-05 lambda=0.000 grl_lambda=0.000 v18_lambda=0.000 gpu=3.0/11.8GB
[21:29:25] [train] ep=85 step=010/40 ce=0.2559 sc=0.6600 mi=0.0236 dn=0.0000 v13=0.0000 grl=0.0000 v15=0.0000 v15r=0.0000 v16=0.0000 v17=0.0000 v18=0.0000 acc=1.0000 lr=1.92e-05 lambda=0.000 grl_lambda=0.000 v18_lambda=0.000 gpu=3.0/11.8GB
[21:29:31] [train] ep=85 step=020/40 ce=0.2558 sc=0.6420 mi=0.0222 dn=0.0000 v13=0.0000 grl=0.0000 v15=0.0000 v15r=0.0000 v16=0.0000 v17=0.0000 v18=0.0000 acc=1.0000 lr=1.86e-05 lambda=0.000 grl_lambda=0.000 v18_lambda=0.000 gpu=3.0/11.8GB
[21:29:37] [train] ep=85 step=030/40 ce=0.2558 sc=0.6561 mi=0.0221 dn=0.0000 v13=0.0000 grl=0.0000 v15=0.0000 v15r=0.0000 v16=0.0000 v17=0.0000 v18=0.0000 acc=1.0000 lr=1.80e-05 lambda=0.000 grl_lambda=0.000 v18_lambda=0.000 gpu=3.0/11.8GB
[21:29:43] [train] ep=85 step=040/40 ce=0.2558 sc=0.6511 mi=0.0222 dn=0.0000 v13=0.0000 grl=0.0000 v15=0.0000 v15r=0.0000 v16=0.0000 v17=0.0000 v18=0.0000 acc=1.0000 lr=1.74e-05 lambda=0.000 grl_lambda=0.000 v18_lambda=0.000 gpu=3.0/11.8GB
[21:29:54] [ep_summary] ep=85/100 val_live=0.9568/0.9568 val_ema=0.9506/0.9513 test77_live=0.1799/0.1033 test77_diag_ema=0.1511/0.0561 v13=0.0000 grl=0.0000 v15=0.0000 v15r=0.0000 v16=0.0000 v17=0.0000 v18=0.0000 das=off[0,0] p=0.00 ep_time=34.0s
[21:29:54] [train] epoch 86/100 steps=40 use_dann=0 das=off f=[0.0,0.0] p=0.00 gpu=3.0/11.8GB
[21:29:54] [train] ep=86 step=001/40 ce=0.2559 sc=0.9595 mi=0.0249 dn=0.0000 v13=0.0000 grl=0.0000 v15=0.0000 v15r=0.0000 v16=0.0000 v17=0.0000 v18=0.0000 acc=1.0000 lr=1.74e-05 lambda=0.000 grl_lambda=0.000 v18_lambda=0.000 gpu=3.0/11.8GB
[21:30:00] [train] ep=86 step=010/40 ce=0.2559 sc=0.8002 mi=0.0221 dn=0.0000 v13=0.0000 grl=0.0000 v15=0.0000 v15r=0.0000 v16=0.0000 v17=0.0000 v18=0.0000 acc=1.0000 lr=1.68e-05 lambda=0.000 grl_lambda=0.000 v18_lambda=0.000 gpu=3.0/11.8GB
[21:30:05] [train] ep=86 step=020/40 ce=0.2559 sc=0.8107 mi=0.0221 dn=0.0000 v13=0.0000 grl=0.0000 v15=0.0000 v15r=0.0000 v16=0.0000 v17=0.0000 v18=0.0000 acc=1.0000 lr=1.63e-05 lambda=0.000 grl_lambda=0.000 v18_lambda=0.000 gpu=3.0/11.8GB
[21:30:11] [train] ep=86 step=030/40 ce=0.2559 sc=0.7912 mi=0.0225 dn=0.0000 v13=0.0000 grl=0.0000 v15=0.0000 v15r=0.0000 v16=0.0000 v17=0.0000 v18=0.0000 acc=1.0000 lr=1.57e-05 lambda=0.000 grl_lambda=0.000 v18_lambda=0.000 gpu=3.0/11.8GB
[21:30:17] [train] ep=86 step=040/40 ce=0.2559 sc=0.7650 mi=0.0231 dn=0.0000 v13=0.0000 grl=0.0000 v15=0.0000 v15r=0.0000 v16=0.0000 v17=0.0000 v18=0.0000 acc=1.0000 lr=1.52e-05 lambda=0.000 grl_lambda=0.000 v18_lambda=0.000 gpu=3.0/11.8GB
[21:30:28] [ep_summary] ep=86/100 val_live=0.9568/0.9568 val_ema=0.9506/0.9515 test77_live=0.1799/0.1033 test77_diag_ema=0.1511/0.0561 v13=0.0000 grl=0.0000 v15=0.0000 v15r=0.0000 v16=0.0000 v17=0.0000 v18=0.0000 das=off[0,0] p=0.00 ep_time=34.1s
[21:30:28] [train] epoch 87/100 steps=40 use_dann=0 das=off f=[0.0,0.0] p=0.00 gpu=3.0/11.8GB
[21:30:28] [train] ep=87 step=001/40 ce=0.2553 sc=0.5360 mi=0.0245 dn=0.0000 v13=0.0000 grl=0.0000 v15=0.0000 v15r=0.0000 v16=0.0000 v17=0.0000 v18=0.0000 acc=1.0000 lr=1.52e-05 lambda=0.000 grl_lambda=0.000 v18_lambda=0.000 gpu=3.0/11.8GB
[21:30:34] [train] ep=87 step=010/40 ce=0.2558 sc=0.7121 mi=0.0222 dn=0.0000 v13=0.0000 grl=0.0000 v15=0.0000 v15r=0.0000 v16=0.0000 v17=0.0000 v18=0.0000 acc=1.0000 lr=1.47e-05 lambda=0.000 grl_lambda=0.000 v18_lambda=0.000 gpu=3.0/11.8GB
[21:30:39] [train] ep=87 step=020/40 ce=0.2557 sc=0.7214 mi=0.0226 dn=0.0000 v13=0.0000 grl=0.0000 v15=0.0000 v15r=0.0000 v16=0.0000 v17=0.0000 v18=0.0000 acc=1.0000 lr=1.42e-05 lambda=0.000 grl_lambda=0.000 v18_lambda=0.000 gpu=3.0/11.8GB
[21:30:45] [train] ep=87 step=030/40 ce=0.2558 sc=0.7151 mi=0.0225 dn=0.0000 v13=0.0000 grl=0.0000 v15=0.0000 v15r=0.0000 v16=0.0000 v17=0.0000 v18=0.0000 acc=1.0000 lr=1.37e-05 lambda=0.000 grl_lambda=0.000 v18_lambda=0.000 gpu=3.0/11.8GB
[21:30:51] [train] ep=87 step=040/40 ce=0.2558 sc=0.7233 mi=0.0225 dn=0.0000 v13=0.0000 grl=0.0000 v15=0.0000 v15r=0.0000 v16=0.0000 v17=0.0000 v18=0.0000 acc=1.0000 lr=1.31e-05 lambda=0.000 grl_lambda=0.000 v18_lambda=0.000 gpu=3.0/11.8GB
[21:31:02] [ep_summary] ep=87/100 val_live=0.9568/0.9568 val_ema=0.9568/0.9572 test77_live=0.1799/0.1037 test77_diag_ema=0.1511/0.0561 v13=0.0000 grl=0.0000 v15=0.0000 v15r=0.0000 v16=0.0000 v17=0.0000 v18=0.0000 das=off[0,0] p=0.00 ep_time=33.9s
[21:31:02] [train] epoch 88/100 steps=40 use_dann=0 das=off f=[0.0,0.0] p=0.00 gpu=3.0/11.8GB
[21:31:02] [train] ep=88 step=001/40 ce=0.2554 sc=1.3352 mi=0.0195 dn=0.0000 v13=0.0000 grl=0.0000 v15=0.0000 v15r=0.0000 v16=0.0000 v17=0.0000 v18=0.0000 acc=1.0000 lr=1.31e-05 lambda=0.000 grl_lambda=0.000 v18_lambda=0.000 gpu=3.0/11.8GB
[21:31:07] [train] ep=88 step=010/40 ce=0.2557 sc=0.9237 mi=0.0230 dn=0.0000 v13=0.0000 grl=0.0000 v15=0.0000 v15r=0.0000 v16=0.0000 v17=0.0000 v18=0.0000 acc=1.0000 lr=1.27e-05 lambda=0.000 grl_lambda=0.000 v18_lambda=0.000 gpu=3.0/11.8GB
[21:31:13] [train] ep=88 step=020/40 ce=0.2557 sc=0.8709 mi=0.0231 dn=0.0000 v13=0.0000 grl=0.0000 v15=0.0000 v15r=0.0000 v16=0.0000 v17=0.0000 v18=0.0000 acc=1.0000 lr=1.22e-05 lambda=0.000 grl_lambda=0.000 v18_lambda=0.000 gpu=3.0/11.8GB
[21:31:19] [train] ep=88 step=030/40 ce=0.2556 sc=0.8170 mi=0.0227 dn=0.0000 v13=0.0000 grl=0.0000 v15=0.0000 v15r=0.0000 v16=0.0000 v17=0.0000 v18=0.0000 acc=1.0000 lr=1.17e-05 lambda=0.000 grl_lambda=0.000 v18_lambda=0.000 gpu=3.0/11.8GB
[21:31:25] [train] ep=88 step=040/40 ce=0.2556 sc=0.8057 mi=0.0227 dn=0.0000 v13=0.0000 grl=0.0000 v15=0.0000 v15r=0.0000 v16=0.0000 v17=0.0000 v18=0.0000 acc=1.0000 lr=1.12e-05 lambda=0.000 grl_lambda=0.000 v18_lambda=0.000 gpu=3.0/11.8GB
[21:31:35] [ep_summary] ep=88/100 val_live=0.9568/0.9568 val_ema=0.9568/0.9572 test77_live=0.1799/0.1033 test77_diag_ema=0.1511/0.0559 v13=0.0000 grl=0.0000 v15=0.0000 v15r=0.0000 v16=0.0000 v17=0.0000 v18=0.0000 das=off[0,0] p=0.00 ep_time=33.7s
[21:31:35] [train] epoch 89/100 steps=40 use_dann=0 das=off f=[0.0,0.0] p=0.00 gpu=3.0/11.8GB
[21:31:36] [train] ep=89 step=001/40 ce=0.2559 sc=1.3599 mi=0.0199 dn=0.0000 v13=0.0000 grl=0.0000 v15=0.0000 v15r=0.0000 v16=0.0000 v17=0.0000 v18=0.0000 acc=1.0000 lr=1.12e-05 lambda=0.000 grl_lambda=0.000 v18_lambda=0.000 gpu=3.0/11.8GB
[21:31:41] [train] ep=89 step=010/40 ce=0.2559 sc=0.8043 mi=0.0225 dn=0.0000 v13=0.0000 grl=0.0000 v15=0.0000 v15r=0.0000 v16=0.0000 v17=0.0000 v18=0.0000 acc=1.0000 lr=1.08e-05 lambda=0.000 grl_lambda=0.000 v18_lambda=0.000 gpu=3.0/11.8GB
[21:31:47] [train] ep=89 step=020/40 ce=0.2558 sc=0.7123 mi=0.0221 dn=0.0000 v13=0.0000 grl=0.0000 v15=0.0000 v15r=0.0000 v16=0.0000 v17=0.0000 v18=0.0000 acc=1.0000 lr=1.03e-05 lambda=0.000 grl_lambda=0.000 v18_lambda=0.000 gpu=3.0/11.8GB
[21:31:53] [train] ep=89 step=030/40 ce=0.2560 sc=0.7489 mi=0.0228 dn=0.0000 v13=0.0000 grl=0.0000 v15=0.0000 v15r=0.0000 v16=0.0000 v17=0.0000 v18=0.0000 acc=1.0000 lr=9.89e-06 lambda=0.000 grl_lambda=0.000 v18_lambda=0.000 gpu=3.0/11.8GB
[21:31:59] [train] ep=89 step=040/40 ce=0.2560 sc=0.7680 mi=0.0228 dn=0.0000 v13=0.0000 grl=0.0000 v15=0.0000 v15r=0.0000 v16=0.0000 v17=0.0000 v18=0.0000 acc=1.0000 lr=9.46e-06 lambda=0.000 grl_lambda=0.000 v18_lambda=0.000 gpu=3.0/11.8GB
[21:32:09] [ep_summary] ep=89/100 val_live=0.9568/0.9568 val_ema=0.9568/0.9572 test77_live=0.1835/0.1084 test77_diag_ema=0.1511/0.0559 v13=0.0000 grl=0.0000 v15=0.0000 v15r=0.0000 v16=0.0000 v17=0.0000 v18=0.0000 das=off[0,0] p=0.00 ep_time=33.8s
[21:32:09] [train] epoch 90/100 steps=40 use_dann=0 das=off f=[0.0,0.0] p=0.00 gpu=3.0/11.8GB
[21:32:10] [train] ep=90 step=001/40 ce=0.2555 sc=0.7285 mi=0.0330 dn=0.0000 v13=0.0000 grl=0.0000 v15=0.0000 v15r=0.0000 v16=0.0000 v17=0.0000 v18=0.0000 acc=1.0000 lr=9.42e-06 lambda=0.000 grl_lambda=0.000 v18_lambda=0.000 gpu=3.0/11.8GB
[21:32:15] [train] ep=90 step=010/40 ce=0.2557 sc=0.7254 mi=0.0247 dn=0.0000 v13=0.0000 grl=0.0000 v15=0.0000 v15r=0.0000 v16=0.0000 v17=0.0000 v18=0.0000 acc=1.0000 lr=9.04e-06 lambda=0.000 grl_lambda=0.000 v18_lambda=0.000 gpu=3.0/11.8GB
[21:32:21] [train] ep=90 step=020/40 ce=0.2557 sc=0.7810 mi=0.0247 dn=0.0000 v13=0.0000 grl=0.0000 v15=0.0000 v15r=0.0000 v16=0.0000 v17=0.0000 v18=0.0000 acc=1.0000 lr=8.63e-06 lambda=0.000 grl_lambda=0.000 v18_lambda=0.000 gpu=3.0/11.8GB
[21:32:27] [train] ep=90 step=030/40 ce=0.2558 sc=0.7613 mi=0.0235 dn=0.0000 v13=0.0000 grl=0.0000 v15=0.0000 v15r=0.0000 v16=0.0000 v17=0.0000 v18=0.0000 acc=1.0000 lr=8.23e-06 lambda=0.000 grl_lambda=0.000 v18_lambda=0.000 gpu=3.0/11.8GB
[21:32:33] [train] ep=90 step=040/40 ce=0.2558 sc=0.7595 mi=0.0231 dn=0.0000 v13=0.0000 grl=0.0000 v15=0.0000 v15r=0.0000 v16=0.0000 v17=0.0000 v18=0.0000 acc=1.0000 lr=7.84e-06 lambda=0.000 grl_lambda=0.000 v18_lambda=0.000 gpu=3.0/11.8GB
[21:32:43] [pool] check ep=090/100 source_val_acc_ema=0.9568 threshold=0.90
[21:32:48] [pool] ep=090 ADDED src_val=0.9568/0.9572 dev77=0.1786/0.0992 final77=0.1511/0.0559
[21:32:48] [pool] running best ep=090 dev77_f1=0.0992 final77_f1=0.0559 (pool_size=5)
[21:32:48] [ep_summary] ep=90/100 val_live=0.9568/0.9568 val_ema=0.9568/0.9572 test77_live=0.1835/0.1084 test77_diag_ema=0.1511/0.0559 v13=0.0000 grl=0.0000 v15=0.0000 v15r=0.0000 v16=0.0000 v17=0.0000 v18=0.0000 das=off[0,0] p=0.00 ep_time=39.0s
[21:32:48] [strict77_monitor] ep=90 best_source_epoch=83 source_val_ema=0.9568/0.9578 test77_ema_diag=0.1511/0.0561 sourcequalified_count=49 best_sourcequalified77_epoch=83 source_val_ema=0.9568/0.9578 test77_ema=0.1511/0.0561
[21:32:48] [train] epoch 91/100 steps=40 use_dann=0 das=off f=[0.0,0.0] p=0.00 gpu=3.0/11.8GB
[21:32:49] [train] ep=91 step=001/40 ce=0.2557 sc=1.0338 mi=0.0209 dn=0.0000 v13=0.0000 grl=0.0000 v15=0.0000 v15r=0.0000 v16=0.0000 v17=0.0000 v18=0.0000 acc=1.0000 lr=7.80e-06 lambda=0.000 grl_lambda=0.000 v18_lambda=0.000 gpu=3.0/11.8GB
[21:32:54] [train] ep=91 step=010/40 ce=0.2557 sc=0.7359 mi=0.0227 dn=0.0000 v13=0.0000 grl=0.0000 v15=0.0000 v15r=0.0000 v16=0.0000 v17=0.0000 v18=0.0000 acc=1.0000 lr=7.45e-06 lambda=0.000 grl_lambda=0.000 v18_lambda=0.000 gpu=3.0/11.8GB
[21:33:00] [train] ep=91 step=020/40 ce=0.2558 sc=0.7023 mi=0.0223 dn=0.0000 v13=0.0000 grl=0.0000 v15=0.0000 v15r=0.0000 v16=0.0000 v17=0.0000 v18=0.0000 acc=1.0000 lr=7.08e-06 lambda=0.000 grl_lambda=0.000 v18_lambda=0.000 gpu=3.0/11.8GB
[21:33:06] [train] ep=91 step=030/40 ce=0.2558 sc=0.7244 mi=0.0226 dn=0.0000 v13=0.0000 grl=0.0000 v15=0.0000 v15r=0.0000 v16=0.0000 v17=0.0000 v18=0.0000 acc=1.0000 lr=6.72e-06 lambda=0.000 grl_lambda=0.000 v18_lambda=0.000 gpu=3.0/11.8GB
[21:33:12] [train] ep=91 step=040/40 ce=0.2558 sc=0.7470 mi=0.0225 dn=0.0000 v13=0.0000 grl=0.0000 v15=0.0000 v15r=0.0000 v16=0.0000 v17=0.0000 v18=0.0000 acc=1.0000 lr=6.36e-06 lambda=0.000 grl_lambda=0.000 v18_lambda=0.000 gpu=3.0/11.8GB
[21:33:23] [ep_summary] ep=91/100 val_live=0.9568/0.9568 val_ema=0.9506/0.9509 test77_live=0.1835/0.1084 test77_diag_ema=0.1547/0.0622 v13=0.0000 grl=0.0000 v15=0.0000 v15r=0.0000 v16=0.0000 v17=0.0000 v18=0.0000 das=off[0,0] p=0.00 ep_time=34.5s
[21:33:23] [save] best_sourcequalified77_ema ep=91 source_val_live=0.9568/0.9568 source_val_ema=0.9506/0.9509 test77_ema=0.1547/0.0622
[21:33:23] [train] epoch 92/100 steps=40 use_dann=0 das=off f=[0.0,0.0] p=0.00 gpu=3.0/11.8GB
[21:33:23] [train] ep=92 step=001/40 ce=0.2560 sc=0.7273 mi=0.0220 dn=0.0000 v13=0.0000 grl=0.0000 v15=0.0000 v15r=0.0000 v16=0.0000 v17=0.0000 v18=0.0000 acc=1.0000 lr=6.33e-06 lambda=0.000 grl_lambda=0.000 v18_lambda=0.000 gpu=3.0/11.8GB
[21:33:29] [train] ep=92 step=010/40 ce=0.2558 sc=0.7754 mi=0.0234 dn=0.0000 v13=0.0000 grl=0.0000 v15=0.0000 v15r=0.0000 v16=0.0000 v17=0.0000 v18=0.0000 acc=1.0000 lr=6.02e-06 lambda=0.000 grl_lambda=0.000 v18_lambda=0.000 gpu=3.0/11.8GB
[21:33:35] [train] ep=92 step=020/40 ce=0.2559 sc=0.7371 mi=0.0232 dn=0.0000 v13=0.0000 grl=0.0000 v15=0.0000 v15r=0.0000 v16=0.0000 v17=0.0000 v18=0.0000 acc=1.0000 lr=5.68e-06 lambda=0.000 grl_lambda=0.000 v18_lambda=0.000 gpu=3.0/11.8GB
[21:33:40] [train] ep=92 step=030/40 ce=0.2559 sc=0.7597 mi=0.0229 dn=0.0000 v13=0.0000 grl=0.0000 v15=0.0000 v15r=0.0000 v16=0.0000 v17=0.0000 v18=0.0000 acc=1.0000 lr=5.35e-06 lambda=0.000 grl_lambda=0.000 v18_lambda=0.000 gpu=3.0/11.8GB
[21:33:46] [train] ep=92 step=040/40 ce=0.2559 sc=0.7730 mi=0.0228 dn=0.0000 v13=0.0000 grl=0.0000 v15=0.0000 v15r=0.0000 v16=0.0000 v17=0.0000 v18=0.0000 acc=1.0000 lr=5.04e-06 lambda=0.000 grl_lambda=0.000 v18_lambda=0.000 gpu=3.0/11.8GB
[21:33:57] [ep_summary] ep=92/100 val_live=0.9568/0.9568 val_ema=0.9506/0.9509 test77_live=0.1799/0.1033 test77_diag_ema=0.1547/0.0622 v13=0.0000 grl=0.0000 v15=0.0000 v15r=0.0000 v16=0.0000 v17=0.0000 v18=0.0000 das=off[0,0] p=0.00 ep_time=34.4s
[21:33:57] [train] epoch 93/100 steps=40 use_dann=0 das=off f=[0.0,0.0] p=0.00 gpu=3.0/11.8GB
[21:33:58] [train] ep=93 step=001/40 ce=0.2554 sc=0.7420 mi=0.0222 dn=0.0000 v13=0.0000 grl=0.0000 v15=0.0000 v15r=0.0000 v16=0.0000 v17=0.0000 v18=0.0000 acc=1.0000 lr=5.01e-06 lambda=0.000 grl_lambda=0.000 v18_lambda=0.000 gpu=3.0/11.8GB
[21:34:03] [train] ep=93 step=010/40 ce=0.2559 sc=0.7084 mi=0.0222 dn=0.0000 v13=0.0000 grl=0.0000 v15=0.0000 v15r=0.0000 v16=0.0000 v17=0.0000 v18=0.0000 acc=1.0000 lr=4.73e-06 lambda=0.000 grl_lambda=0.000 v18_lambda=0.000 gpu=3.0/11.8GB
[21:34:09] [train] ep=93 step=020/40 ce=0.2558 sc=0.7548 mi=0.0225 dn=0.0000 v13=0.0000 grl=0.0000 v15=0.0000 v15r=0.0000 v16=0.0000 v17=0.0000 v18=0.0000 acc=1.0000 lr=4.43e-06 lambda=0.000 grl_lambda=0.000 v18_lambda=0.000 gpu=3.0/11.8GB
[21:34:15] [train] ep=93 step=030/40 ce=0.2558 sc=0.7120 mi=0.0227 dn=0.0000 v13=0.0000 grl=0.0000 v15=0.0000 v15r=0.0000 v16=0.0000 v17=0.0000 v18=0.0000 acc=1.0000 lr=4.14e-06 lambda=0.000 grl_lambda=0.000 v18_lambda=0.000 gpu=3.0/11.8GB
[21:34:21] [train] ep=93 step=040/40 ce=0.2559 sc=0.6904 mi=0.0222 dn=0.0000 v13=0.0000 grl=0.0000 v15=0.0000 v15r=0.0000 v16=0.0000 v17=0.0000 v18=0.0000 acc=1.0000 lr=3.87e-06 lambda=0.000 grl_lambda=0.000 v18_lambda=0.000 gpu=3.0/11.8GB
[21:34:31] [ep_summary] ep=93/100 val_live=0.9568/0.9568 val_ema=0.9506/0.9509 test77_live=0.1835/0.1084 test77_diag_ema=0.1547/0.0622 v13=0.0000 grl=0.0000 v15=0.0000 v15r=0.0000 v16=0.0000 v17=0.0000 v18=0.0000 das=off[0,0] p=0.00 ep_time=34.3s
[21:34:32] [train] epoch 94/100 steps=40 use_dann=0 das=off f=[0.0,0.0] p=0.00 gpu=3.0/11.8GB
[21:34:32] [train] ep=94 step=001/40 ce=0.2559 sc=0.5368 mi=0.0266 dn=0.0000 v13=0.0000 grl=0.0000 v15=0.0000 v15r=0.0000 v16=0.0000 v17=0.0000 v18=0.0000 acc=1.0000 lr=3.84e-06 lambda=0.000 grl_lambda=0.000 v18_lambda=0.000 gpu=3.0/11.8GB
[21:34:37] [train] ep=94 step=010/40 ce=0.2559 sc=0.7780 mi=0.0220 dn=0.0000 v13=0.0000 grl=0.0000 v15=0.0000 v15r=0.0000 v16=0.0000 v17=0.0000 v18=0.0000 acc=1.0000 lr=3.60e-06 lambda=0.000 grl_lambda=0.000 v18_lambda=0.000 gpu=3.0/11.8GB
[21:34:43] [train] ep=94 step=020/40 ce=0.2559 sc=0.7401 mi=0.0224 dn=0.0000 v13=0.0000 grl=0.0000 v15=0.0000 v15r=0.0000 v16=0.0000 v17=0.0000 v18=0.0000 acc=1.0000 lr=3.34e-06 lambda=0.000 grl_lambda=0.000 v18_lambda=0.000 gpu=3.0/11.8GB
[21:34:49] [train] ep=94 step=030/40 ce=0.2559 sc=0.7636 mi=0.0222 dn=0.0000 v13=0.0000 grl=0.0000 v15=0.0000 v15r=0.0000 v16=0.0000 v17=0.0000 v18=0.0000 acc=1.0000 lr=3.09e-06 lambda=0.000 grl_lambda=0.000 v18_lambda=0.000 gpu=3.0/11.8GB
[21:34:55] [train] ep=94 step=040/40 ce=0.2558 sc=0.7934 mi=0.0219 dn=0.0000 v13=0.0000 grl=0.0000 v15=0.0000 v15r=0.0000 v16=0.0000 v17=0.0000 v18=0.0000 acc=1.0000 lr=2.85e-06 lambda=0.000 grl_lambda=0.000 v18_lambda=0.000 gpu=3.0/11.8GB
[21:35:06] [ep_summary] ep=94/100 val_live=0.9568/0.9568 val_ema=0.9506/0.9509 test77_live=0.1799/0.1033 test77_diag_ema=0.1547/0.0622 v13=0.0000 grl=0.0000 v15=0.0000 v15r=0.0000 v16=0.0000 v17=0.0000 v18=0.0000 das=off[0,0] p=0.00 ep_time=34.3s
[21:35:06] [train] epoch 95/100 steps=40 use_dann=0 das=off f=[0.0,0.0] p=0.00 gpu=3.0/11.8GB
[21:35:06] [train] ep=95 step=001/40 ce=0.2560 sc=0.7565 mi=0.0212 dn=0.0000 v13=0.0000 grl=0.0000 v15=0.0000 v15r=0.0000 v16=0.0000 v17=0.0000 v18=0.0000 acc=1.0000 lr=2.82e-06 lambda=0.000 grl_lambda=0.000 v18_lambda=0.000 gpu=3.0/11.8GB
[21:35:12] [train] ep=95 step=010/40 ce=0.2559 sc=0.6531 mi=0.0231 dn=0.0000 v13=0.0000 grl=0.0000 v15=0.0000 v15r=0.0000 v16=0.0000 v17=0.0000 v18=0.0000 acc=1.0000 lr=2.62e-06 lambda=0.000 grl_lambda=0.000 v18_lambda=0.000 gpu=3.0/11.8GB
[21:35:17] [train] ep=95 step=020/40 ce=0.2558 sc=0.7427 mi=0.0225 dn=0.0000 v13=0.0000 grl=0.0000 v15=0.0000 v15r=0.0000 v16=0.0000 v17=0.0000 v18=0.0000 acc=1.0000 lr=2.40e-06 lambda=0.000 grl_lambda=0.000 v18_lambda=0.000 gpu=3.0/11.8GB
[21:35:23] [train] ep=95 step=030/40 ce=0.2558 sc=0.7402 mi=0.0219 dn=0.0000 v13=0.0000 grl=0.0000 v15=0.0000 v15r=0.0000 v16=0.0000 v17=0.0000 v18=0.0000 acc=1.0000 lr=2.18e-06 lambda=0.000 grl_lambda=0.000 v18_lambda=0.000 gpu=3.0/11.8GB
[21:35:29] [train] ep=95 step=040/40 ce=0.2558 sc=0.7602 mi=0.0216 dn=0.0000 v13=0.0000 grl=0.0000 v15=0.0000 v15r=0.0000 v16=0.0000 v17=0.0000 v18=0.0000 acc=1.0000 lr=1.98e-06 lambda=0.000 grl_lambda=0.000 v18_lambda=0.000 gpu=3.0/11.8GB
[21:35:40] [ep_summary] ep=95/100 val_live=0.9568/0.9568 val_ema=0.9506/0.9509 test77_live=0.1835/0.1084 test77_diag_ema=0.1547/0.0622 v13=0.0000 grl=0.0000 v15=0.0000 v15r=0.0000 v16=0.0000 v17=0.0000 v18=0.0000 das=off[0,0] p=0.00 ep_time=34.0s
[21:35:40] [train] epoch 96/100 steps=40 use_dann=0 das=off f=[0.0,0.0] p=0.00 gpu=3.0/11.8GB
[21:35:40] [train] ep=96 step=001/40 ce=0.2555 sc=0.2612 mi=0.0215 dn=0.0000 v13=0.0000 grl=0.0000 v15=0.0000 v15r=0.0000 v16=0.0000 v17=0.0000 v18=0.0000 acc=1.0000 lr=1.96e-06 lambda=0.000 grl_lambda=0.000 v18_lambda=0.000 gpu=3.0/11.8GB
[21:35:46] [train] ep=96 step=010/40 ce=0.2558 sc=0.6066 mi=0.0210 dn=0.0000 v13=0.0000 grl=0.0000 v15=0.0000 v15r=0.0000 v16=0.0000 v17=0.0000 v18=0.0000 acc=1.0000 lr=1.79e-06 lambda=0.000 grl_lambda=0.000 v18_lambda=0.000 gpu=3.0/11.8GB
[21:35:51] [train] ep=96 step=020/40 ce=0.2559 sc=0.6678 mi=0.0218 dn=0.0000 v13=0.0000 grl=0.0000 v15=0.0000 v15r=0.0000 v16=0.0000 v17=0.0000 v18=0.0000 acc=1.0000 lr=1.61e-06 lambda=0.000 grl_lambda=0.000 v18_lambda=0.000 gpu=3.0/11.8GB
[21:35:57] [train] ep=96 step=030/40 ce=0.2558 sc=0.7657 mi=0.0223 dn=0.0000 v13=0.0000 grl=0.0000 v15=0.0000 v15r=0.0000 v16=0.0000 v17=0.0000 v18=0.0000 acc=1.0000 lr=1.44e-06 lambda=0.000 grl_lambda=0.000 v18_lambda=0.000 gpu=3.0/11.8GB
[21:36:03] [train] ep=96 step=040/40 ce=0.2558 sc=0.7523 mi=0.0224 dn=0.0000 v13=0.0000 grl=0.0000 v15=0.0000 v15r=0.0000 v16=0.0000 v17=0.0000 v18=0.0000 acc=1.0000 lr=1.27e-06 lambda=0.000 grl_lambda=0.000 v18_lambda=0.000 gpu=3.0/11.8GB
[21:36:14] [ep_summary] ep=96/100 val_live=0.9568/0.9568 val_ema=0.9506/0.9509 test77_live=0.1799/0.1033 test77_diag_ema=0.1547/0.0622 v13=0.0000 grl=0.0000 v15=0.0000 v15r=0.0000 v16=0.0000 v17=0.0000 v18=0.0000 das=off[0,0] p=0.00 ep_time=34.0s
[21:36:14] [train] epoch 97/100 steps=40 use_dann=0 das=off f=[0.0,0.0] p=0.00 gpu=3.0/11.8GB
[21:36:14] [train] ep=97 step=001/40 ce=0.2554 sc=0.8119 mi=0.0232 dn=0.0000 v13=0.0000 grl=0.0000 v15=0.0000 v15r=0.0000 v16=0.0000 v17=0.0000 v18=0.0000 acc=1.0000 lr=1.26e-06 lambda=0.000 grl_lambda=0.000 v18_lambda=0.000 gpu=3.0/11.8GB
[21:36:20] [train] ep=97 step=010/40 ce=0.2557 sc=0.6536 mi=0.0218 dn=0.0000 v13=0.0000 grl=0.0000 v15=0.0000 v15r=0.0000 v16=0.0000 v17=0.0000 v18=0.0000 acc=1.0000 lr=1.12e-06 lambda=0.000 grl_lambda=0.000 v18_lambda=0.000 gpu=3.0/11.8GB
[21:36:25] [train] ep=97 step=020/40 ce=0.2558 sc=0.7200 mi=0.0215 dn=0.0000 v13=0.0000 grl=0.0000 v15=0.0000 v15r=0.0000 v16=0.0000 v17=0.0000 v18=0.0000 acc=1.0000 lr=9.76e-07 lambda=0.000 grl_lambda=0.000 v18_lambda=0.000 gpu=3.0/11.8GB
[21:36:31] [train] ep=97 step=030/40 ce=0.2558 sc=0.7289 mi=0.0220 dn=0.0000 v13=0.0000 grl=0.0000 v15=0.0000 v15r=0.0000 v16=0.0000 v17=0.0000 v18=0.0000 acc=1.0000 lr=8.43e-07 lambda=0.000 grl_lambda=0.000 v18_lambda=0.000 gpu=3.0/11.8GB
[21:36:37] [train] ep=97 step=040/40 ce=0.2558 sc=0.7104 mi=0.0218 dn=0.0000 v13=0.0000 grl=0.0000 v15=0.0000 v15r=0.0000 v16=0.0000 v17=0.0000 v18=0.0000 acc=1.0000 lr=7.19e-07 lambda=0.000 grl_lambda=0.000 v18_lambda=0.000 gpu=3.0/11.8GB
[21:36:48] [ep_summary] ep=97/100 val_live=0.9568/0.9568 val_ema=0.9506/0.9509 test77_live=0.1835/0.1084 test77_diag_ema=0.1547/0.0622 v13=0.0000 grl=0.0000 v15=0.0000 v15r=0.0000 v16=0.0000 v17=0.0000 v18=0.0000 das=off[0,0] p=0.00 ep_time=33.9s
[21:36:48] [train] epoch 98/100 steps=40 use_dann=0 das=off f=[0.0,0.0] p=0.00 gpu=3.0/11.8GB
[21:36:48] [train] ep=98 step=001/40 ce=0.2555 sc=0.6126 mi=0.0202 dn=0.0000 v13=0.0000 grl=0.0000 v15=0.0000 v15r=0.0000 v16=0.0000 v17=0.0000 v18=0.0000 acc=1.0000 lr=7.07e-07 lambda=0.000 grl_lambda=0.000 v18_lambda=0.000 gpu=3.0/11.8GB
[21:36:54] [train] ep=98 step=010/40 ce=0.2557 sc=0.6688 mi=0.0223 dn=0.0000 v13=0.0000 grl=0.0000 v15=0.0000 v15r=0.0000 v16=0.0000 v17=0.0000 v18=0.0000 acc=1.0000 lr=6.05e-07 lambda=0.000 grl_lambda=0.000 v18_lambda=0.000 gpu=3.0/11.8GB
[21:36:59] [train] ep=98 step=020/40 ce=0.2558 sc=0.7541 mi=0.0229 dn=0.0000 v13=0.0000 grl=0.0000 v15=0.0000 v15r=0.0000 v16=0.0000 v17=0.0000 v18=0.0000 acc=1.0000 lr=5.01e-07 lambda=0.000 grl_lambda=0.000 v18_lambda=0.000 gpu=3.0/11.8GB
[21:37:05] [train] ep=98 step=030/40 ce=0.2558 sc=0.7289 mi=0.0228 dn=0.0000 v13=0.0000 grl=0.0000 v15=0.0000 v15r=0.0000 v16=0.0000 v17=0.0000 v18=0.0000 acc=1.0000 lr=4.07e-07 lambda=0.000 grl_lambda=0.000 v18_lambda=0.000 gpu=3.0/11.8GB
[21:37:11] [train] ep=98 step=040/40 ce=0.2558 sc=0.7451 mi=0.0225 dn=0.0000 v13=0.0000 grl=0.0000 v15=0.0000 v15r=0.0000 v16=0.0000 v17=0.0000 v18=0.0000 acc=1.0000 lr=3.22e-07 lambda=0.000 grl_lambda=0.000 v18_lambda=0.000 gpu=3.0/11.8GB
[21:37:22] [ep_summary] ep=98/100 val_live=0.9568/0.9568 val_ema=0.9506/0.9509 test77_live=0.1799/0.1033 test77_diag_ema=0.1583/0.0682 v13=0.0000 grl=0.0000 v15=0.0000 v15r=0.0000 v16=0.0000 v17=0.0000 v18=0.0000 das=off[0,0] p=0.00 ep_time=34.0s
[21:37:22] [save] best_sourcequalified77_ema ep=98 source_val_live=0.9568/0.9568 source_val_ema=0.9506/0.9509 test77_ema=0.1583/0.0682
[21:37:22] [train] epoch 99/100 steps=40 use_dann=0 das=off f=[0.0,0.0] p=0.00 gpu=3.0/11.8GB
[21:37:22] [train] ep=99 step=001/40 ce=0.2555 sc=0.4172 mi=0.0230 dn=0.0000 v13=0.0000 grl=0.0000 v15=0.0000 v15r=0.0000 v16=0.0000 v17=0.0000 v18=0.0000 acc=1.0000 lr=3.15e-07 lambda=0.000 grl_lambda=0.000 v18_lambda=0.000 gpu=3.0/11.8GB
[21:37:28] [train] ep=99 step=010/40 ce=0.2560 sc=0.6976 mi=0.0225 dn=0.0000 v13=0.0000 grl=0.0000 v15=0.0000 v15r=0.0000 v16=0.0000 v17=0.0000 v18=0.0000 acc=1.0000 lr=2.48e-07 lambda=0.000 grl_lambda=0.000 v18_lambda=0.000 gpu=3.0/11.8GB
[21:37:33] [train] ep=99 step=020/40 ce=0.2558 sc=0.7378 mi=0.0223 dn=0.0000 v13=0.0000 grl=0.0000 v15=0.0000 v15r=0.0000 v16=0.0000 v17=0.0000 v18=0.0000 acc=1.0000 lr=1.83e-07 lambda=0.000 grl_lambda=0.000 v18_lambda=0.000 gpu=3.0/11.8GB
[21:37:39] [train] ep=99 step=030/40 ce=0.2558 sc=0.7229 mi=0.0221 dn=0.0000 v13=0.0000 grl=0.0000 v15=0.0000 v15r=0.0000 v16=0.0000 v17=0.0000 v18=0.0000 acc=1.0000 lr=1.28e-07 lambda=0.000 grl_lambda=0.000 v18_lambda=0.000 gpu=3.0/11.8GB
[21:37:45] [train] ep=99 step=040/40 ce=0.2559 sc=0.7198 mi=0.0221 dn=0.0000 v13=0.0000 grl=0.0000 v15=0.0000 v15r=0.0000 v16=0.0000 v17=0.0000 v18=0.0000 acc=1.0000 lr=8.26e-08 lambda=0.000 grl_lambda=0.000 v18_lambda=0.000 gpu=3.0/11.8GB
[21:37:56] [ep_summary] ep=99/100 val_live=0.9568/0.9568 val_ema=0.9506/0.9509 test77_live=0.1799/0.1033 test77_diag_ema=0.1583/0.0682 v13=0.0000 grl=0.0000 v15=0.0000 v15r=0.0000 v16=0.0000 v17=0.0000 v18=0.0000 das=off[0,0] p=0.00 ep_time=34.1s
[21:37:56] [train] epoch 100/100 steps=40 use_dann=0 das=off f=[0.0,0.0] p=0.00 gpu=3.0/11.8GB
[21:37:57] [train] ep=100 step=001/40 ce=0.2561 sc=0.5521 mi=0.0213 dn=0.0000 v13=0.0000 grl=0.0000 v15=0.0000 v15r=0.0000 v16=0.0000 v17=0.0000 v18=0.0000 acc=1.0000 lr=7.87e-08 lambda=0.000 grl_lambda=0.000 v18_lambda=0.000 gpu=3.0/11.8GB
[21:38:02] [train] ep=100 step=010/40 ce=0.2558 sc=0.7713 mi=0.0248 dn=0.0000 v13=0.0000 grl=0.0000 v15=0.0000 v15r=0.0000 v16=0.0000 v17=0.0000 v18=0.0000 acc=1.0000 lr=4.72e-08 lambda=0.000 grl_lambda=0.000 v18_lambda=0.000 gpu=3.0/11.8GB
[21:38:08] [train] ep=100 step=020/40 ce=0.2559 sc=0.8065 mi=0.0246 dn=0.0000 v13=0.0000 grl=0.0000 v15=0.0000 v15r=0.0000 v16=0.0000 v17=0.0000 v18=0.0000 acc=1.0000 lr=2.17e-08 lambda=0.000 grl_lambda=0.000 v18_lambda=0.000 gpu=3.0/11.8GB
[21:38:14] [train] ep=100 step=030/40 ce=0.2558 sc=0.7859 mi=0.0242 dn=0.0000 v13=0.0000 grl=0.0000 v15=0.0000 v15r=0.0000 v16=0.0000 v17=0.0000 v18=0.0000 acc=1.0000 lr=5.95e-09 lambda=0.000 grl_lambda=0.000 v18_lambda=0.000 gpu=3.0/11.8GB
[21:38:19] [train] ep=100 step=040/40 ce=0.2558 sc=0.8026 mi=0.0234 dn=0.0000 v13=0.0000 grl=0.0000 v15=0.0000 v15r=0.0000 v16=0.0000 v17=0.0000 v18=0.0000 acc=1.0000 lr=4.92e-11 lambda=0.000 grl_lambda=0.000 v18_lambda=0.000 gpu=3.0/11.8GB
[21:38:30] [pool] check ep=100/100 source_val_acc_ema=0.9506 threshold=0.90
[21:38:35] [pool] ep=100 ADDED src_val=0.9506/0.9509 dev77=0.1857/0.1103 final77=0.1619/0.0740
[21:38:35] [pool] running best ep=100 dev77_f1=0.1103 final77_f1=0.0740 (pool_size=6)
[21:38:35] [ep_summary] ep=100/100 val_live=0.9568/0.9568 val_ema=0.9506/0.9509 test77_live=0.1835/0.1084 test77_diag_ema=0.1619/0.0740 v13=0.0000 grl=0.0000 v15=0.0000 v15r=0.0000 v16=0.0000 v17=0.0000 v18=0.0000 das=off[0,0] p=0.00 ep_time=39.1s
[21:38:35] [save] best_sourcequalified77_ema ep=100 source_val_live=0.9568/0.9568 source_val_ema=0.9506/0.9509 test77_ema=0.1619/0.0740
[21:38:35] [strict77_monitor] ep=100 best_source_epoch=83 source_val_ema=0.9568/0.9578 test77_ema_diag=0.1511/0.0561 sourcequalified_count=59 best_sourcequalified77_epoch=100 source_val_ema=0.9506/0.9509 test77_ema=0.1619/0.0740
[21:38:35] [pool] FINAL pool_size=6 best ep=100 dev77_f1=0.1103 final77_f1=0.0740 -> /scratch/st-zliu-1/heqingz/CrossCarrier_Fresh_20260922/CrossCarrier_Repro/EXPERIMENTSRESULT/REVISION_5090/SUPP_ABLATION/DAS_ERM/seed1234/checkpoints/best_pool_ema.pt
[21:38:35] [train] done best_sourceval_acc_ema=0.9568
[21:38:58] [eval] loaded vit_large_patch16_dinov3_lvd1689m_best_sourceval_ema.pt (sourceval)
[21:38:58] [eval] strict source-val selected by ema acc; heldout77_unused=140 final_test77=278 imgs, seed=42 dev_per_class=20
[21:39:09] [eval] 77GHz final-test acc=0.1511 f1=0.0561
[21:39:09] [eval] 77GHz final-test per-class={'Away': 0.025, 'Bend': 1.0, 'Kneel': 0.0, 'Pick': 0.0, 'SStep': 0.0, 'Sit': 0.0, 'Towards': 0.05}
[21:39:15] [eval] val_all acc=0.9568 f1=0.9578
[21:39:16] [freq_scan:val10] f_virt=15GHz acc=0.7949 f1=0.7845
[21:39:17] [freq_scan:val10] f_virt=30GHz acc=0.3974 f1=0.3270
[21:39:19] [freq_scan:val10] f_virt=50GHz acc=0.3077 f1=0.2058
[21:39:20] [freq_scan:val10] f_virt=77GHz acc=0.3077 f1=0.1872
[21:39:21] [freq_scan:val10] f_virt=99GHz acc=0.3077 f1=0.1731
[21:39:22] [freq_scan:val10] f_virt=120GHz acc=0.3205 f1=0.1904
[21:39:24] [freq_scan:val10] f_virt=140GHz acc=0.3205 f1=0.1904
[21:39:25] [freq_scan:val24] f_virt=15GHz acc=0.5833 f1=0.5580
[21:39:26] [freq_scan:val24] f_virt=30GHz acc=0.9167 f1=0.9169
[21:39:27] [freq_scan:val24] f_virt=50GHz acc=0.5238 f1=0.4386
[21:39:29] [freq_scan:val24] f_virt=77GHz acc=0.4286 f1=0.2858
[21:39:30] [freq_scan:val24] f_virt=99GHz acc=0.4286 f1=0.2952
[21:39:31] [freq_scan:val24] f_virt=120GHz acc=0.4048 f1=0.2772
[21:39:32] [freq_scan:val24] f_virt=140GHz acc=0.4167 f1=0.3021
[21:39:32] [eval] saved eval_sourceval.json
[21:39:44] [eval] loaded vit_large_patch16_dinov3_lvd1689m_best_sourcequalified77_ema.pt (sourcequalified)
[21:39:44] [eval] source-qualified diagnostic selected (source-val ema acc >= 0.90, then best 77GHz ema macro-F1); heldout77_unused=140 final_test77=278 imgs, seed=42 dev_per_class=20
[21:39:48] [eval] 77GHz final-test acc=0.1619 f1=0.0740
[21:39:48] [eval] 77GHz final-test per-class={'Away': 0.025, 'Bend': 1.0, 'Kneel': 0.0, 'Pick': 0.0, 'SStep': 0.0, 'Sit': 0.0, 'Towards': 0.125}
[21:39:50] [eval] val_all acc=0.9506 f1=0.9509
[21:39:51] [freq_scan:val10] f_virt=15GHz acc=0.7821 f1=0.7715
[21:39:52] [freq_scan:val10] f_virt=30GHz acc=0.4103 f1=0.3395
[21:39:53] [freq_scan:val10] f_virt=50GHz acc=0.3077 f1=0.2035
[21:39:54] [freq_scan:val10] f_virt=77GHz acc=0.3205 f1=0.1927
[21:39:55] [freq_scan:val10] f_virt=99GHz acc=0.3333 f1=0.2048
[21:39:56] [freq_scan:val10] f_virt=120GHz acc=0.3333 f1=0.2041
[21:39:58] [freq_scan:val10] f_virt=140GHz acc=0.3205 f1=0.1904
[21:39:59] [freq_scan:val24] f_virt=15GHz acc=0.6429 f1=0.6286
[21:40:00] [freq_scan:val24] f_virt=30GHz acc=0.9167 f1=0.9152
[21:40:01] [freq_scan:val24] f_virt=50GHz acc=0.5357 f1=0.4644
[21:40:03] [freq_scan:val24] f_virt=77GHz acc=0.4286 f1=0.2863
[21:40:04] [freq_scan:val24] f_virt=99GHz acc=0.4286 f1=0.2952
[21:40:05] [freq_scan:val24] f_virt=120GHz acc=0.4167 f1=0.2850
[21:40:06] [freq_scan:val24] f_virt=140GHz acc=0.4167 f1=0.2992
[21:40:06] [eval] saved eval_sourcequalified.json
