[22:46:09] run_dir=/scratch/st-zliu-1/heqingz/CrossCarrier_Fresh_20260922/CrossCarrier_Repro/EXPERIMENTSRESULT/REVISION_5090/SUPP_ABLATION/SCHED_fixedfull_ACR/seed42
[22:46:09] device=cuda
[22:46:09] backbone=vit_large_patch16_dinov3.lvd1689m
[22:46:09] env: manifest_dir=/scratch/st-zliu-1/heqingz/CrossCarrier_Fresh_20260922/CrossCarrier_Repro/tasks/known_people_unknown_freq/manifest dataset_root=/scratch/st-zliu-1/heqingz/CrossCarrier_Fresh_20260922/CrossCarrier_Repro use_dann=False selection=source_val_acc_ema adapter_mode=lora
[22:46:09] set_seed(42)
[22:46:27] [fast_gpu] source cache 644 imgs (0.39GB) on cuda
[22:46:27] train_source=644 train_src_rows=10:302 24:342 source_steps/epoch=40 val_all=162 heldout77_unused=140 test77_final=278
[22:46:27] [test77_split] seed=42 dev_per_class=20
[22:48:14] trainable params=2444546 (encoder_lora+neck+head + miro_proj+v15_falsification+v13_residual_split+v13_grl_carrier_adv)
[22:48:14] logit_prior=[-1.9678890705108643, -1.913821816444397, -1.8427258729934692, -1.9678890705108643, -2.0133514404296875, -1.8929877281188965, -2.036881923675537]
[22:48:14] use_dann=False
[22:48:14] use_das=True
[22:48:14] das_mode=fixed_full initial_stage={'name': 'fixed_full', 'p': 1.0, 'f_low': 15.0, 'f_high': 140.0}
[22:48:14] aug_flags: USE_HFT=True USE_SPEC_AUGMENT=True
[22:48:14] adapter_mode=lora
[22:48:14] schedule: epochs=100 steps/epoch=40 imgs/step=16 total_steps=4000 total_imgs=64000 warmup_steps=120
[22:48:14] source_qualified_policy: val_acc_ema>=0.90 candidates are recorded; best candidate by 77GHz F1 is saved as diagnostic
[22:48:14] [pool] init threshold=0.90 period=10 selection=dev77_f1
[22:48:14] [train] epoch 1/100 steps=40 use_dann=0 das=fixed_full f=[15.0,140.0] p=1.00 gpu=3.0/3.0GB
[22:48:23] [train] ep=01 step=001/40 ce=8.0331 sc=2.5633 mi=1.0293 dn=0.0000 v13=0.0163 grl=3.3011 v15=0.0000 v15r=0.0000 v16=0.0000 v17=0.0000 v18=0.0000 acc=0.0625 lr=2.50e-06 lambda=0.000 grl_lambda=0.000 v18_lambda=0.000 gpu=3.0/11.8GB
[22:48:28] [train] ep=01 step=010/40 ce=8.1832 sc=2.7472 mi=1.0101 dn=0.0000 v13=0.0171 grl=3.0885 v15=0.0000 v15r=0.0000 v16=0.0000 v17=0.0000 v18=0.0000 acc=0.1313 lr=2.50e-05 lambda=0.000 grl_lambda=0.011 v18_lambda=0.000 gpu=3.0/11.8GB
[22:48:34] [train] ep=01 step=020/40 ce=8.0508 sc=2.7949 mi=0.9629 dn=0.0000 v13=0.0125 grl=2.9893 v15=0.0000 v15r=0.0000 v16=0.0000 v17=0.0000 v18=0.0000 acc=0.1375 lr=5.00e-05 lambda=0.000 grl_lambda=0.024 v18_lambda=0.000 gpu=3.0/11.8GB
[22:48:40] [train] ep=01 step=030/40 ce=7.9323 sc=2.8236 mi=0.8894 dn=0.0000 v13=0.0101 grl=2.8456 v15=0.0000 v15r=0.0000 v16=0.0000 v17=0.0000 v18=0.0000 acc=0.1562 lr=7.50e-05 lambda=0.000 grl_lambda=0.036 v18_lambda=0.000 gpu=3.0/11.8GB
[22:48:45] [train] ep=01 step=040/40 ce=7.8426 sc=2.8186 mi=0.8014 dn=0.0000 v13=0.0084 grl=2.5840 v15=0.0000 v15r=0.0000 v16=0.0000 v17=0.0000 v18=0.0000 acc=0.1609 lr=1.00e-04 lambda=0.000 grl_lambda=0.049 v18_lambda=0.000 gpu=3.0/11.8GB
[22:48:50] [ep_summary] ep=01/100 val_live=0.1914/0.1444 val_ema=0.0000/0.0000 test77_live=0.1403/0.0352 test77_diag_ema=0.0000/0.0000 v13=0.0084 grl=2.5840 v15=0.0000 v15r=0.0000 v16=0.0000 v17=0.0000 v18=0.0000 das=fixed_full[15,140] p=1.00 ep_time=36.7s
[22:48:50] [train] epoch 2/100 steps=40 use_dann=0 das=fixed_full f=[15.0,140.0] p=1.00 gpu=3.0/11.8GB
[22:48:51] [train] ep=02 step=001/40 ce=7.3232 sc=2.7396 mi=0.4277 dn=0.0000 v13=0.0040 grl=1.4652 v15=0.0000 v15r=0.0000 v16=0.0000 v17=0.0000 v18=0.0000 acc=0.1250 lr=1.02e-04 lambda=0.000 grl_lambda=0.050 v18_lambda=0.000 gpu=3.0/11.8GB
[22:48:56] [train] ep=02 step=010/40 ce=7.2631 sc=2.7653 mi=0.3686 dn=0.0000 v13=0.0038 grl=0.8520 v15=0.0000 v15r=0.0000 v16=0.0000 v17=0.0000 v18=0.0000 acc=0.2313 lr=1.25e-04 lambda=0.000 grl_lambda=0.061 v18_lambda=0.000 gpu=3.0/11.8GB
[22:49:02] [train] ep=02 step=020/40 ce=7.0141 sc=2.7167 mi=0.3186 dn=0.0000 v13=0.0035 grl=0.5472 v15=0.0000 v15r=0.0000 v16=0.0000 v17=0.0000 v18=0.0000 acc=0.3312 lr=1.50e-04 lambda=0.000 grl_lambda=0.074 v18_lambda=0.000 gpu=3.0/11.8GB
[22:49:07] [train] ep=02 step=030/40 ce=6.8431 sc=2.6426 mi=0.2855 dn=0.0000 v13=0.0033 grl=0.4539 v15=0.0000 v15r=0.0000 v16=0.0000 v17=0.0000 v18=0.0000 acc=0.3708 lr=1.75e-04 lambda=0.000 grl_lambda=0.086 v18_lambda=0.000 gpu=3.0/11.8GB
[22:49:13] [train] ep=02 step=040/40 ce=6.6056 sc=2.5690 mi=0.2677 dn=0.0000 v13=0.0032 grl=0.4194 v15=0.0000 v15r=0.0000 v16=0.0000 v17=0.0000 v18=0.0000 acc=0.4219 lr=2.00e-04 lambda=0.000 grl_lambda=0.098 v18_lambda=0.000 gpu=3.0/11.8GB
[22:49:18] [ep_summary] ep=02/100 val_live=0.4321/0.3700 val_ema=0.0000/0.0000 test77_live=0.2014/0.1218 test77_diag_ema=0.0000/0.0000 v13=0.0032 grl=0.4194 v15=0.0000 v15r=0.0000 v16=0.0000 v17=0.0000 v18=0.0000 das=fixed_full[15,140] p=1.00 ep_time=27.7s
[22:49:18] [train] epoch 3/100 steps=40 use_dann=0 das=fixed_full f=[15.0,140.0] p=1.00 gpu=3.0/11.8GB
[22:49:19] [train] ep=03 step=001/40 ce=6.6287 sc=2.4208 mi=0.1975 dn=0.0000 v13=0.0033 grl=0.2587 v15=0.0000 v15r=0.0000 v16=0.0000 v17=0.0000 v18=0.0000 acc=0.5625 lr=2.02e-04 lambda=0.000 grl_lambda=0.100 v18_lambda=0.000 gpu=3.0/11.8GB
[22:49:24] [train] ep=03 step=010/40 ce=5.7427 sc=2.3780 mi=0.2000 dn=0.0000 v13=0.0025 grl=0.3169 v15=0.0000 v15r=0.0000 v16=0.0000 v17=0.0000 v18=0.0000 acc=0.6000 lr=2.25e-04 lambda=0.000 grl_lambda=0.111 v18_lambda=0.000 gpu=3.0/11.8GB
[22:49:29] [train] ep=03 step=020/40 ce=5.2122 sc=2.2570 mi=0.2066 dn=0.0000 v13=0.0025 grl=0.3663 v15=0.0000 v15r=0.0000 v16=0.0000 v17=0.0000 v18=0.0000 acc=0.6500 lr=2.50e-04 lambda=0.000 grl_lambda=0.123 v18_lambda=0.000 gpu=3.0/11.8GB
[22:49:35] [train] ep=03 step=030/40 ce=4.8229 sc=2.0893 mi=0.1984 dn=0.0000 v13=0.0022 grl=0.3339 v15=0.0000 v15r=0.0000 v16=0.0000 v17=0.0000 v18=0.0000 acc=0.6792 lr=2.75e-04 lambda=0.000 grl_lambda=0.135 v18_lambda=0.000 gpu=3.0/11.8GB
[22:49:41] [train] ep=03 step=040/40 ce=4.6582 sc=2.0566 mi=0.1887 dn=0.0000 v13=0.0021 grl=0.3035 v15=0.0000 v15r=0.0000 v16=0.0000 v17=0.0000 v18=0.0000 acc=0.6844 lr=3.00e-04 lambda=0.000 grl_lambda=0.148 v18_lambda=0.000 gpu=3.0/11.8GB
[22:49:46] [ep_summary] ep=03/100 val_live=0.6296/0.6273 val_ema=0.0000/0.0000 test77_live=0.4676/0.3751 test77_diag_ema=0.0000/0.0000 v13=0.0021 grl=0.3035 v15=0.0000 v15r=0.0000 v16=0.0000 v17=0.0000 v18=0.0000 das=fixed_full[15,140] p=1.00 ep_time=27.7s
[22:49:46] [train] epoch 4/100 steps=40 use_dann=0 das=fixed_full f=[15.0,140.0] p=1.00 gpu=3.0/11.8GB
[22:49:46] [train] ep=04 step=001/40 ce=4.8707 sc=2.1577 mi=0.1377 dn=0.0000 v13=0.0017 grl=0.1648 v15=0.0000 v15r=0.0000 v16=0.0000 v17=0.0000 v18=0.0000 acc=0.6875 lr=3.00e-04 lambda=0.000 grl_lambda=0.149 v18_lambda=0.000 gpu=3.0/11.8GB
[22:49:51] [train] ep=04 step=010/40 ce=3.7619 sc=1.8214 mi=0.1330 dn=0.0000 v13=0.0023 grl=0.1859 v15=0.0000 v15r=0.0000 v16=0.0000 v17=0.0000 v18=0.0000 acc=0.7375 lr=3.00e-04 lambda=0.000 grl_lambda=0.160 v18_lambda=0.000 gpu=3.0/11.8GB
[22:49:57] [train] ep=04 step=020/40 ce=3.2285 sc=1.7381 mi=0.1311 dn=0.0000 v13=0.0023 grl=0.1985 v15=0.0000 v15r=0.0000 v16=0.0000 v17=0.0000 v18=0.0000 acc=0.7906 lr=3.00e-04 lambda=0.000 grl_lambda=0.172 v18_lambda=0.000 gpu=3.0/11.8GB
[22:50:03] [train] ep=04 step=030/40 ce=3.0300 sc=1.6542 mi=0.1235 dn=0.0000 v13=0.0022 grl=0.2035 v15=0.0000 v15r=0.0000 v16=0.0000 v17=0.0000 v18=0.0000 acc=0.8042 lr=3.00e-04 lambda=0.000 grl_lambda=0.184 v18_lambda=0.000 gpu=3.0/11.8GB
[22:50:08] [train] ep=04 step=040/40 ce=2.8788 sc=1.6204 mi=0.1202 dn=0.0000 v13=0.0022 grl=0.2149 v15=0.0000 v15r=0.0000 v16=0.0000 v17=0.0000 v18=0.0000 acc=0.8156 lr=3.00e-04 lambda=0.000 grl_lambda=0.196 v18_lambda=0.000 gpu=3.0/11.8GB
[22:50:13] [ep_summary] ep=04/100 val_live=0.8210/0.8049 val_ema=0.0000/0.0000 test77_live=0.5576/0.4828 test77_diag_ema=0.0000/0.0000 v13=0.0022 grl=0.2149 v15=0.0000 v15r=0.0000 v16=0.0000 v17=0.0000 v18=0.0000 das=fixed_full[15,140] p=1.00 ep_time=27.7s
[22:50:13] [train] epoch 5/100 steps=40 use_dann=0 das=fixed_full f=[15.0,140.0] p=1.00 gpu=3.0/11.8GB
[22:50:14] [train] ep=05 step=001/40 ce=3.4260 sc=1.6788 mi=0.1062 dn=0.0000 v13=0.0021 grl=0.1489 v15=0.0000 v15r=0.0000 v16=0.0000 v17=0.0000 v18=0.0000 acc=0.6875 lr=3.00e-04 lambda=0.000 grl_lambda=0.197 v18_lambda=0.000 gpu=3.0/11.8GB
[22:50:19] [train] ep=05 step=010/40 ce=2.7237 sc=1.6086 mi=0.0998 dn=0.0000 v13=0.0015 grl=0.2689 v15=0.0000 v15r=0.0000 v16=0.0000 v17=0.0000 v18=0.0000 acc=0.8187 lr=3.00e-04 lambda=0.000 grl_lambda=0.208 v18_lambda=0.000 gpu=3.0/11.8GB
[22:50:25] [train] ep=05 step=020/40 ce=2.5320 sc=1.4605 mi=0.1003 dn=0.0000 v13=0.0014 grl=0.2487 v15=0.0000 v15r=0.0000 v16=0.0000 v17=0.0000 v18=0.0000 acc=0.8562 lr=3.00e-04 lambda=0.000 grl_lambda=0.220 v18_lambda=0.000 gpu=3.0/11.8GB
[22:50:31] [train] ep=05 step=030/40 ce=2.5200 sc=1.4430 mi=0.1004 dn=0.0000 v13=0.0015 grl=0.2577 v15=0.0000 v15r=0.0000 v16=0.0000 v17=0.0000 v18=0.0000 acc=0.8583 lr=3.00e-04 lambda=0.000 grl_lambda=0.232 v18_lambda=0.000 gpu=3.0/11.8GB
[22:50:36] [train] ep=05 step=040/40 ce=2.4014 sc=1.4577 mi=0.1000 dn=0.0000 v13=0.0015 grl=0.2499 v15=0.0000 v15r=0.0000 v16=0.0000 v17=0.0000 v18=0.0000 acc=0.8656 lr=3.00e-04 lambda=0.000 grl_lambda=0.244 v18_lambda=0.000 gpu=3.0/11.8GB
[22:50:46] [ep_summary] ep=05/100 val_live=0.8272/0.8131 val_ema=0.1852/0.0920 test77_live=0.5540/0.4503 test77_diag_ema=0.1367/0.0366 v13=0.0015 grl=0.2499 v15=0.0000 v15r=0.0000 v16=0.0000 v17=0.0000 v18=0.0000 das=fixed_full[15,140] p=1.00 ep_time=32.9s
[22:50:46] [save] best_sourceval_ema val_acc_ema=0.1852 source_val_live=0.8272/0.8131 source_val_ema=0.1852/0.0920 ep=5
[22:50:46] [train] epoch 6/100 steps=40 use_dann=0 das=fixed_full f=[15.0,140.0] p=1.00 gpu=3.0/11.8GB
[22:50:47] [train] ep=06 step=001/40 ce=4.9896 sc=2.2682 mi=0.0857 dn=0.0000 v13=0.0006 grl=0.1053 v15=0.0000 v15r=0.0000 v16=0.0000 v17=0.0000 v18=0.0000 acc=0.5625 lr=3.00e-04 lambda=0.000 grl_lambda=0.245 v18_lambda=0.000 gpu=3.0/11.8GB
[22:50:52] [train] ep=06 step=010/40 ce=2.7566 sc=1.5649 mi=0.0963 dn=0.0000 v13=0.0011 grl=0.2315 v15=0.0000 v15r=0.0000 v16=0.0000 v17=0.0000 v18=0.0000 acc=0.8250 lr=3.00e-04 lambda=0.000 grl_lambda=0.255 v18_lambda=0.000 gpu=3.0/11.8GB
[22:50:58] [train] ep=06 step=020/40 ce=2.6486 sc=1.5927 mi=0.0938 dn=0.0000 v13=0.0011 grl=0.2654 v15=0.0000 v15r=0.0000 v16=0.0000 v17=0.0000 v18=0.0000 acc=0.8406 lr=3.00e-04 lambda=0.000 grl_lambda=0.267 v18_lambda=0.000 gpu=3.0/11.8GB
[22:51:04] [train] ep=06 step=030/40 ce=2.6796 sc=1.5443 mi=0.0936 dn=0.0000 v13=0.0012 grl=0.2577 v15=0.0000 v15r=0.0000 v16=0.0000 v17=0.0000 v18=0.0000 acc=0.8438 lr=2.99e-04 lambda=0.000 grl_lambda=0.279 v18_lambda=0.000 gpu=3.0/11.8GB
[22:51:09] [train] ep=06 step=040/40 ce=2.6453 sc=1.4866 mi=0.0941 dn=0.0000 v13=0.0013 grl=0.2607 v15=0.0000 v15r=0.0000 v16=0.0000 v17=0.0000 v18=0.0000 acc=0.8453 lr=2.99e-04 lambda=0.000 grl_lambda=0.290 v18_lambda=0.000 gpu=3.0/11.8GB
[22:51:19] [ep_summary] ep=06/100 val_live=0.7654/0.7444 val_ema=0.2037/0.1336 test77_live=0.5719/0.5220 test77_diag_ema=0.1403/0.0359 v13=0.0013 grl=0.2607 v15=0.0000 v15r=0.0000 v16=0.0000 v17=0.0000 v18=0.0000 das=fixed_full[15,140] p=1.00 ep_time=32.9s
[22:51:19] [save] best_sourceval_ema val_acc_ema=0.2037 source_val_live=0.7654/0.7444 source_val_ema=0.2037/0.1336 ep=6
[22:51:19] [train] epoch 7/100 steps=40 use_dann=0 das=fixed_full f=[15.0,140.0] p=1.00 gpu=3.0/11.8GB
[22:51:20] [train] ep=07 step=001/40 ce=3.0345 sc=1.1977 mi=0.0944 dn=0.0000 v13=0.0014 grl=0.3142 v15=0.0000 v15r=0.0000 v16=0.0000 v17=0.0000 v18=0.0000 acc=0.7500 lr=2.99e-04 lambda=0.000 grl_lambda=0.291 v18_lambda=0.000 gpu=3.0/11.8GB
[22:51:25] [train] ep=07 step=010/40 ce=2.5791 sc=1.3612 mi=0.0881 dn=0.0000 v13=0.0012 grl=0.2499 v15=0.0000 v15r=0.0000 v16=0.0000 v17=0.0000 v18=0.0000 acc=0.8625 lr=2.99e-04 lambda=0.000 grl_lambda=0.302 v18_lambda=0.000 gpu=3.0/11.8GB
[22:51:31] [train] ep=07 step=020/40 ce=2.2392 sc=1.2861 mi=0.0850 dn=0.0000 v13=0.0012 grl=0.2361 v15=0.0000 v15r=0.0000 v16=0.0000 v17=0.0000 v18=0.0000 acc=0.8750 lr=2.99e-04 lambda=0.000 grl_lambda=0.313 v18_lambda=0.000 gpu=3.0/11.8GB
[22:51:37] [train] ep=07 step=030/40 ce=2.1980 sc=1.2891 mi=0.0844 dn=0.0000 v13=0.0012 grl=0.2375 v15=0.0000 v15r=0.0000 v16=0.0000 v17=0.0000 v18=0.0000 acc=0.8646 lr=2.99e-04 lambda=0.000 grl_lambda=0.324 v18_lambda=0.000 gpu=3.0/11.8GB
[22:51:42] [train] ep=07 step=040/40 ce=2.1395 sc=1.2586 mi=0.0833 dn=0.0000 v13=0.0012 grl=0.2460 v15=0.0000 v15r=0.0000 v16=0.0000 v17=0.0000 v18=0.0000 acc=0.8688 lr=2.99e-04 lambda=0.000 grl_lambda=0.335 v18_lambda=0.000 gpu=3.0/11.8GB
[22:51:52] [ep_summary] ep=07/100 val_live=0.8889/0.8865 val_ema=0.1975/0.1217 test77_live=0.6295/0.5753 test77_diag_ema=0.1403/0.0357 v13=0.0012 grl=0.2460 v15=0.0000 v15r=0.0000 v16=0.0000 v17=0.0000 v18=0.0000 das=fixed_full[15,140] p=1.00 ep_time=33.0s
[22:51:52] [train] epoch 8/100 steps=40 use_dann=0 das=fixed_full f=[15.0,140.0] p=1.00 gpu=3.0/11.8GB
[22:51:53] [train] ep=08 step=001/40 ce=0.8609 sc=0.8170 mi=0.0745 dn=0.0000 v13=0.0006 grl=0.2724 v15=0.0000 v15r=0.0000 v16=0.0000 v17=0.0000 v18=0.0000 acc=1.0000 lr=2.99e-04 lambda=0.000 grl_lambda=0.336 v18_lambda=0.000 gpu=3.0/11.8GB
[22:51:58] [train] ep=08 step=010/40 ce=1.7948 sc=1.2449 mi=0.0808 dn=0.0000 v13=0.0011 grl=0.2542 v15=0.0000 v15r=0.0000 v16=0.0000 v17=0.0000 v18=0.0000 acc=0.9000 lr=2.99e-04 lambda=0.000 grl_lambda=0.346 v18_lambda=0.000 gpu=3.0/11.8GB
[22:52:04] [train] ep=08 step=020/40 ce=1.8218 sc=1.2352 mi=0.0777 dn=0.0000 v13=0.0012 grl=0.2634 v15=0.0000 v15r=0.0000 v16=0.0000 v17=0.0000 v18=0.0000 acc=0.8906 lr=2.98e-04 lambda=0.000 grl_lambda=0.357 v18_lambda=0.000 gpu=3.0/11.8GB
[22:52:10] [train] ep=08 step=030/40 ce=1.7076 sc=1.1977 mi=0.0779 dn=0.0000 v13=0.0012 grl=0.2719 v15=0.0000 v15r=0.0000 v16=0.0000 v17=0.0000 v18=0.0000 acc=0.9042 lr=2.98e-04 lambda=0.000 grl_lambda=0.368 v18_lambda=0.000 gpu=3.0/11.8GB
[22:52:15] [train] ep=08 step=040/40 ce=1.5924 sc=1.1550 mi=0.0768 dn=0.0000 v13=0.0012 grl=0.2659 v15=0.0000 v15r=0.0000 v16=0.0000 v17=0.0000 v18=0.0000 acc=0.9125 lr=2.98e-04 lambda=0.000 grl_lambda=0.379 v18_lambda=0.000 gpu=3.0/11.8GB
[22:52:25] [ep_summary] ep=08/100 val_live=0.9074/0.9066 val_ema=0.2531/0.2003 test77_live=0.6187/0.6035 test77_diag_ema=0.1403/0.0357 v13=0.0012 grl=0.2659 v15=0.0000 v15r=0.0000 v16=0.0000 v17=0.0000 v18=0.0000 das=fixed_full[15,140] p=1.00 ep_time=33.0s
[22:52:25] [save] best_sourceval_ema val_acc_ema=0.2531 source_val_live=0.9074/0.9066 source_val_ema=0.2531/0.2003 ep=8
[22:52:25] [train] epoch 9/100 steps=40 use_dann=0 das=fixed_full f=[15.0,140.0] p=1.00 gpu=3.0/11.8GB
[22:52:26] [train] ep=09 step=001/40 ce=1.1661 sc=0.7623 mi=0.0854 dn=0.0000 v13=0.0017 grl=0.3402 v15=0.0000 v15r=0.0000 v16=0.0000 v17=0.0000 v18=0.0000 acc=0.9375 lr=2.98e-04 lambda=0.000 grl_lambda=0.380 v18_lambda=0.000 gpu=3.0/11.8GB
[22:52:31] [train] ep=09 step=010/40 ce=1.2246 sc=0.9178 mi=0.0786 dn=0.0000 v13=0.0011 grl=0.3309 v15=0.0000 v15r=0.0000 v16=0.0000 v17=0.0000 v18=0.0000 acc=0.9313 lr=2.98e-04 lambda=0.000 grl_lambda=0.390 v18_lambda=0.000 gpu=3.0/11.8GB
[22:52:37] [train] ep=09 step=020/40 ce=1.1959 sc=0.9324 mi=0.0777 dn=0.0000 v13=0.0010 grl=0.3212 v15=0.0000 v15r=0.0000 v16=0.0000 v17=0.0000 v18=0.0000 acc=0.9344 lr=2.98e-04 lambda=0.000 grl_lambda=0.400 v18_lambda=0.000 gpu=3.0/11.8GB
[22:52:43] [train] ep=09 step=030/40 ce=1.1735 sc=0.9708 mi=0.0783 dn=0.0000 v13=0.0010 grl=0.3117 v15=0.0000 v15r=0.0000 v16=0.0000 v17=0.0000 v18=0.0000 acc=0.9396 lr=2.97e-04 lambda=0.000 grl_lambda=0.411 v18_lambda=0.000 gpu=3.0/11.8GB
[22:52:48] [train] ep=09 step=040/40 ce=1.2123 sc=1.0115 mi=0.0790 dn=0.0000 v13=0.0010 grl=0.3190 v15=0.0000 v15r=0.0000 v16=0.0000 v17=0.0000 v18=0.0000 acc=0.9406 lr=2.97e-04 lambda=0.000 grl_lambda=0.421 v18_lambda=0.000 gpu=3.0/11.8GB
[22:52:58] [ep_summary] ep=09/100 val_live=0.9198/0.9205 val_ema=0.2963/0.2598 test77_live=0.5827/0.5196 test77_diag_ema=0.1403/0.0355 v13=0.0010 grl=0.3190 v15=0.0000 v15r=0.0000 v16=0.0000 v17=0.0000 v18=0.0000 das=fixed_full[15,140] p=1.00 ep_time=33.0s
[22:52:58] [save] best_sourceval_ema val_acc_ema=0.2963 source_val_live=0.9198/0.9205 source_val_ema=0.2963/0.2598 ep=9
[22:52:58] [train] epoch 10/100 steps=40 use_dann=0 das=fixed_full f=[15.0,140.0] p=1.00 gpu=3.0/11.8GB
[22:52:59] [train] ep=10 step=001/40 ce=0.4494 sc=0.5214 mi=0.0755 dn=0.0000 v13=0.0005 grl=0.5225 v15=0.0000 v15r=0.0000 v16=0.0000 v17=0.0000 v18=0.0000 acc=1.0000 lr=2.97e-04 lambda=0.000 grl_lambda=0.422 v18_lambda=0.000 gpu=3.0/11.8GB
[22:53:04] [train] ep=10 step=010/40 ce=0.9739 sc=0.9345 mi=0.0771 dn=0.0000 v13=0.0008 grl=0.3776 v15=0.0000 v15r=0.0000 v16=0.0000 v17=0.0000 v18=0.0000 acc=0.9625 lr=2.97e-04 lambda=0.000 grl_lambda=0.431 v18_lambda=0.000 gpu=3.0/11.8GB
[22:53:10] [train] ep=10 step=020/40 ce=1.2118 sc=1.0476 mi=0.0793 dn=0.0000 v13=0.0009 grl=0.3744 v15=0.0000 v15r=0.0000 v16=0.0000 v17=0.0000 v18=0.0000 acc=0.9375 lr=2.97e-04 lambda=0.000 grl_lambda=0.441 v18_lambda=0.000 gpu=3.0/11.8GB
[22:53:16] [train] ep=10 step=030/40 ce=1.1884 sc=0.9974 mi=0.0793 dn=0.0000 v13=0.0009 grl=0.3623 v15=0.0000 v15r=0.0000 v16=0.0000 v17=0.0000 v18=0.0000 acc=0.9417 lr=2.96e-04 lambda=0.000 grl_lambda=0.451 v18_lambda=0.000 gpu=3.0/11.8GB
[22:53:21] [train] ep=10 step=040/40 ce=1.1510 sc=1.0235 mi=0.0782 dn=0.0000 v13=0.0009 grl=0.3434 v15=0.0000 v15r=0.0000 v16=0.0000 v17=0.0000 v18=0.0000 acc=0.9422 lr=2.96e-04 lambda=0.000 grl_lambda=0.461 v18_lambda=0.000 gpu=3.0/11.8GB
[22:53:31] [pool] check ep=010/100 source_val_acc_ema=0.3272 threshold=0.90
[22:53:31] [pool] ep=010 SKIP (source_val_acc_ema=0.3272 < 0.90)
[22:53:31] [ep_summary] ep=10/100 val_live=0.9198/0.9204 val_ema=0.3272/0.2811 test77_live=0.5504/0.5328 test77_diag_ema=0.1403/0.0354 v13=0.0009 grl=0.3434 v15=0.0000 v15r=0.0000 v16=0.0000 v17=0.0000 v18=0.0000 das=fixed_full[15,140] p=1.00 ep_time=33.0s
[22:53:32] [save] best_sourceval_ema val_acc_ema=0.3272 source_val_live=0.9198/0.9204 source_val_ema=0.3272/0.2811 ep=10
[22:53:32] [strict77_monitor] ep=10 best_source_epoch=10 source_val_ema=0.3272/0.2811 test77_ema_diag=0.1403/0.0354 sourcequalified_count=0
[22:53:32] [train] epoch 11/100 steps=40 use_dann=0 das=fixed_full f=[15.0,140.0] p=1.00 gpu=3.0/11.8GB
[22:53:32] [train] ep=11 step=001/40 ce=0.5900 sc=0.9266 mi=0.0651 dn=0.0000 v13=0.0017 grl=0.3947 v15=0.0000 v15r=0.0000 v16=0.0000 v17=0.0000 v18=0.0000 acc=1.0000 lr=2.96e-04 lambda=0.000 grl_lambda=0.462 v18_lambda=0.000 gpu=3.0/11.8GB
[22:53:38] [train] ep=11 step=010/40 ce=0.7295 sc=0.9738 mi=0.0760 dn=0.0000 v13=0.0010 grl=0.3595 v15=0.0000 v15r=0.0000 v16=0.0000 v17=0.0000 v18=0.0000 acc=0.9750 lr=2.96e-04 lambda=0.000 grl_lambda=0.471 v18_lambda=0.000 gpu=3.0/11.8GB
[22:53:43] [train] ep=11 step=020/40 ce=0.8614 sc=0.9779 mi=0.0752 dn=0.0000 v13=0.0010 grl=0.3392 v15=0.0000 v15r=0.0000 v16=0.0000 v17=0.0000 v18=0.0000 acc=0.9688 lr=2.96e-04 lambda=0.000 grl_lambda=0.481 v18_lambda=0.000 gpu=3.0/11.8GB
[22:53:49] [train] ep=11 step=030/40 ce=0.8258 sc=0.9854 mi=0.0773 dn=0.0000 v13=0.0011 grl=0.3713 v15=0.0000 v15r=0.0000 v16=0.0000 v17=0.0000 v18=0.0000 acc=0.9688 lr=2.95e-04 lambda=0.000 grl_lambda=0.490 v18_lambda=0.000 gpu=3.0/11.8GB
[22:53:55] [train] ep=11 step=040/40 ce=0.7771 sc=0.9592 mi=0.0778 dn=0.0000 v13=0.0010 grl=0.3778 v15=0.0000 v15r=0.0000 v16=0.0000 v17=0.0000 v18=0.0000 acc=0.9750 lr=2.95e-04 lambda=0.000 grl_lambda=0.500 v18_lambda=0.000 gpu=3.0/11.8GB
[22:54:05] [ep_summary] ep=11/100 val_live=0.8765/0.8723 val_ema=0.3457/0.2902 test77_live=0.5719/0.5700 test77_diag_ema=0.1403/0.0352 v13=0.0010 grl=0.3778 v15=0.0000 v15r=0.0000 v16=0.0000 v17=0.0000 v18=0.0000 das=fixed_full[15,140] p=1.00 ep_time=33.2s
[22:54:05] [save] best_sourceval_ema val_acc_ema=0.3457 source_val_live=0.8765/0.8723 source_val_ema=0.3457/0.2902 ep=11
[22:54:05] [train] epoch 12/100 steps=40 use_dann=0 das=fixed_full f=[15.0,140.0] p=1.00 gpu=3.0/11.8GB
[22:54:05] [train] ep=12 step=001/40 ce=1.3030 sc=0.8301 mi=0.0751 dn=0.0000 v13=0.0010 grl=0.3376 v15=0.0000 v15r=0.0000 v16=0.0000 v17=0.0000 v18=0.0000 acc=0.9375 lr=2.95e-04 lambda=0.000 grl_lambda=0.501 v18_lambda=0.000 gpu=3.0/11.8GB
[22:54:11] [train] ep=12 step=010/40 ce=0.9266 sc=0.8603 mi=0.0755 dn=0.0000 v13=0.0010 grl=0.3814 v15=0.0000 v15r=0.0000 v16=0.0000 v17=0.0000 v18=0.0000 acc=0.9625 lr=2.95e-04 lambda=0.000 grl_lambda=0.509 v18_lambda=0.000 gpu=3.0/11.8GB
[22:54:16] [train] ep=12 step=020/40 ce=0.7862 sc=0.8133 mi=0.0778 dn=0.0000 v13=0.0010 grl=0.3754 v15=0.0000 v15r=0.0000 v16=0.0000 v17=0.0000 v18=0.0000 acc=0.9781 lr=2.94e-04 lambda=0.000 grl_lambda=0.518 v18_lambda=0.000 gpu=3.0/11.8GB
[22:54:22] [train] ep=12 step=030/40 ce=0.7460 sc=0.8810 mi=0.0769 dn=0.0000 v13=0.0010 grl=0.3884 v15=0.0000 v15r=0.0000 v16=0.0000 v17=0.0000 v18=0.0000 acc=0.9771 lr=2.94e-04 lambda=0.000 grl_lambda=0.527 v18_lambda=0.000 gpu=3.0/11.8GB
[22:54:28] [train] ep=12 step=040/40 ce=0.7277 sc=0.8631 mi=0.0771 dn=0.0000 v13=0.0010 grl=0.3866 v15=0.0000 v15r=0.0000 v16=0.0000 v17=0.0000 v18=0.0000 acc=0.9766 lr=2.94e-04 lambda=0.000 grl_lambda=0.536 v18_lambda=0.000 gpu=3.0/11.8GB
[22:54:38] [ep_summary] ep=12/100 val_live=0.8827/0.8884 val_ema=0.3148/0.2400 test77_live=0.7590/0.7391 test77_diag_ema=0.1403/0.0352 v13=0.0010 grl=0.3866 v15=0.0000 v15r=0.0000 v16=0.0000 v17=0.0000 v18=0.0000 das=fixed_full[15,140] p=1.00 ep_time=33.1s
[22:54:38] [train] epoch 13/100 steps=40 use_dann=0 das=fixed_full f=[15.0,140.0] p=1.00 gpu=3.0/11.8GB
[22:54:38] [train] ep=13 step=001/40 ce=0.2975 sc=0.7664 mi=0.0812 dn=0.0000 v13=0.0012 grl=0.4211 v15=0.0000 v15r=0.0000 v16=0.0000 v17=0.0000 v18=0.0000 acc=1.0000 lr=2.94e-04 lambda=0.000 grl_lambda=0.537 v18_lambda=0.000 gpu=3.0/11.8GB
[22:54:44] [train] ep=13 step=010/40 ce=0.5590 sc=0.7266 mi=0.0764 dn=0.0000 v13=0.0009 grl=0.4151 v15=0.0000 v15r=0.0000 v16=0.0000 v17=0.0000 v18=0.0000 acc=0.9875 lr=2.93e-04 lambda=0.000 grl_lambda=0.545 v18_lambda=0.000 gpu=3.0/11.8GB
[22:54:49] [train] ep=13 step=020/40 ce=0.7008 sc=0.8557 mi=0.0745 dn=0.0000 v13=0.0009 grl=0.3829 v15=0.0000 v15r=0.0000 v16=0.0000 v17=0.0000 v18=0.0000 acc=0.9781 lr=2.93e-04 lambda=0.000 grl_lambda=0.554 v18_lambda=0.000 gpu=3.0/11.8GB
[22:54:55] [train] ep=13 step=030/40 ce=0.7193 sc=0.9096 mi=0.0745 dn=0.0000 v13=0.0009 grl=0.3853 v15=0.0000 v15r=0.0000 v16=0.0000 v17=0.0000 v18=0.0000 acc=0.9729 lr=2.93e-04 lambda=0.000 grl_lambda=0.562 v18_lambda=0.000 gpu=3.0/11.8GB
[22:55:01] [train] ep=13 step=040/40 ce=0.7587 sc=0.9370 mi=0.0752 dn=0.0000 v13=0.0010 grl=0.3785 v15=0.0000 v15r=0.0000 v16=0.0000 v17=0.0000 v18=0.0000 acc=0.9703 lr=2.92e-04 lambda=0.000 grl_lambda=0.571 v18_lambda=0.000 gpu=3.0/11.8GB
[22:55:11] [ep_summary] ep=13/100 val_live=0.9012/0.8980 val_ema=0.2963/0.2142 test77_live=0.6475/0.6225 test77_diag_ema=0.1403/0.0352 v13=0.0010 grl=0.3785 v15=0.0000 v15r=0.0000 v16=0.0000 v17=0.0000 v18=0.0000 das=fixed_full[15,140] p=1.00 ep_time=33.0s
[22:55:11] [train] epoch 14/100 steps=40 use_dann=0 das=fixed_full f=[15.0,140.0] p=1.00 gpu=3.0/11.8GB
[22:55:11] [train] ep=14 step=001/40 ce=0.2903 sc=0.6284 mi=0.0587 dn=0.0000 v13=0.0005 grl=0.3236 v15=0.0000 v15r=0.0000 v16=0.0000 v17=0.0000 v18=0.0000 acc=1.0000 lr=2.92e-04 lambda=0.000 grl_lambda=0.572 v18_lambda=0.000 gpu=3.0/11.8GB
[22:55:17] [train] ep=14 step=010/40 ce=0.5397 sc=0.6856 mi=0.0730 dn=0.0000 v13=0.0010 grl=0.4140 v15=0.0000 v15r=0.0000 v16=0.0000 v17=0.0000 v18=0.0000 acc=0.9875 lr=2.92e-04 lambda=0.000 grl_lambda=0.579 v18_lambda=0.000 gpu=3.0/11.8GB
[22:55:22] [train] ep=14 step=020/40 ce=0.5485 sc=0.7541 mi=0.0759 dn=0.0000 v13=0.0009 grl=0.4160 v15=0.0000 v15r=0.0000 v16=0.0000 v17=0.0000 v18=0.0000 acc=0.9844 lr=2.91e-04 lambda=0.000 grl_lambda=0.587 v18_lambda=0.000 gpu=3.0/11.8GB
[22:55:28] [train] ep=14 step=030/40 ce=0.6174 sc=0.8155 mi=0.0767 dn=0.0000 v13=0.0009 grl=0.4205 v15=0.0000 v15r=0.0000 v16=0.0000 v17=0.0000 v18=0.0000 acc=0.9812 lr=2.91e-04 lambda=0.000 grl_lambda=0.596 v18_lambda=0.000 gpu=3.0/11.8GB
[22:55:34] [train] ep=14 step=040/40 ce=0.6375 sc=0.8265 mi=0.0764 dn=0.0000 v13=0.0009 grl=0.4179 v15=0.0000 v15r=0.0000 v16=0.0000 v17=0.0000 v18=0.0000 acc=0.9812 lr=2.91e-04 lambda=0.000 grl_lambda=0.604 v18_lambda=0.000 gpu=3.0/11.8GB
[22:55:44] [ep_summary] ep=14/100 val_live=0.8642/0.8640 val_ema=0.2963/0.2112 test77_live=0.5683/0.5578 test77_diag_ema=0.1403/0.0352 v13=0.0009 grl=0.4179 v15=0.0000 v15r=0.0000 v16=0.0000 v17=0.0000 v18=0.0000 das=fixed_full[15,140] p=1.00 ep_time=33.0s
[22:55:44] [train] epoch 15/100 steps=40 use_dann=0 das=fixed_full f=[15.0,140.0] p=1.00 gpu=3.0/11.8GB
[22:55:45] [train] ep=15 step=001/40 ce=0.3993 sc=1.0280 mi=0.0682 dn=0.0000 v13=0.0004 grl=0.2498 v15=0.0000 v15r=0.0000 v16=0.0000 v17=0.0000 v18=0.0000 acc=1.0000 lr=2.91e-04 lambda=0.000 grl_lambda=0.604 v18_lambda=0.000 gpu=3.0/11.8GB
[22:55:50] [train] ep=15 step=010/40 ce=0.4840 sc=0.7233 mi=0.0815 dn=0.0000 v13=0.0009 grl=0.3881 v15=0.0000 v15r=0.0000 v16=0.0000 v17=0.0000 v18=0.0000 acc=0.9875 lr=2.90e-04 lambda=0.000 grl_lambda=0.611 v18_lambda=0.000 gpu=3.0/11.8GB
[22:55:55] [train] ep=15 step=020/40 ce=0.5450 sc=0.7557 mi=0.0789 dn=0.0000 v13=0.0008 grl=0.3539 v15=0.0000 v15r=0.0000 v16=0.0000 v17=0.0000 v18=0.0000 acc=0.9844 lr=2.90e-04 lambda=0.000 grl_lambda=0.619 v18_lambda=0.000 gpu=3.0/11.8GB
[22:56:01] [train] ep=15 step=030/40 ce=0.5394 sc=0.7931 mi=0.0783 dn=0.0000 v13=0.0009 grl=0.3573 v15=0.0000 v15r=0.0000 v16=0.0000 v17=0.0000 v18=0.0000 acc=0.9854 lr=2.89e-04 lambda=0.000 grl_lambda=0.627 v18_lambda=0.000 gpu=3.0/11.8GB
[22:56:07] [train] ep=15 step=040/40 ce=0.5216 sc=0.7968 mi=0.0775 dn=0.0000 v13=0.0009 grl=0.3539 v15=0.0000 v15r=0.0000 v16=0.0000 v17=0.0000 v18=0.0000 acc=0.9875 lr=2.89e-04 lambda=0.000 grl_lambda=0.634 v18_lambda=0.000 gpu=3.0/11.8GB
[22:56:17] [ep_summary] ep=15/100 val_live=0.9259/0.9275 val_ema=0.2901/0.2076 test77_live=0.6367/0.6261 test77_diag_ema=0.1403/0.0352 v13=0.0009 grl=0.3539 v15=0.0000 v15r=0.0000 v16=0.0000 v17=0.0000 v18=0.0000 das=fixed_full[15,140] p=1.00 ep_time=33.0s
[22:56:17] [train] epoch 16/100 steps=40 use_dann=0 das=fixed_full f=[15.0,140.0] p=1.00 gpu=3.0/11.8GB
[22:56:18] [train] ep=16 step=001/40 ce=0.2905 sc=0.8765 mi=0.0734 dn=0.0000 v13=0.0012 grl=0.3667 v15=0.0000 v15r=0.0000 v16=0.0000 v17=0.0000 v18=0.0000 acc=1.0000 lr=2.89e-04 lambda=0.000 grl_lambda=0.635 v18_lambda=0.000 gpu=3.0/11.8GB
[22:56:23] [train] ep=16 step=010/40 ce=0.6015 sc=0.9694 mi=0.0733 dn=0.0000 v13=0.0010 grl=0.3424 v15=0.0000 v15r=0.0000 v16=0.0000 v17=0.0000 v18=0.0000 acc=0.9750 lr=2.88e-04 lambda=0.000 grl_lambda=0.642 v18_lambda=0.000 gpu=3.0/11.8GB
[22:56:29] [train] ep=16 step=020/40 ce=0.5295 sc=0.9666 mi=0.0749 dn=0.0000 v13=0.0009 grl=0.3190 v15=0.0000 v15r=0.0000 v16=0.0000 v17=0.0000 v18=0.0000 acc=0.9812 lr=2.88e-04 lambda=0.000 grl_lambda=0.649 v18_lambda=0.000 gpu=3.0/11.8GB
[22:56:34] [train] ep=16 step=030/40 ce=0.4844 sc=0.9335 mi=0.0743 dn=0.0000 v13=0.0009 grl=0.2983 v15=0.0000 v15r=0.0000 v16=0.0000 v17=0.0000 v18=0.0000 acc=0.9875 lr=2.87e-04 lambda=0.000 grl_lambda=0.656 v18_lambda=0.000 gpu=3.0/11.8GB
[22:56:40] [train] ep=16 step=040/40 ce=0.5316 sc=0.9417 mi=0.0752 dn=0.0000 v13=0.0009 grl=0.3040 v15=0.0000 v15r=0.0000 v16=0.0000 v17=0.0000 v18=0.0000 acc=0.9828 lr=2.87e-04 lambda=0.000 grl_lambda=0.663 v18_lambda=0.000 gpu=3.0/11.8GB
[22:56:50] [ep_summary] ep=16/100 val_live=0.9444/0.9447 val_ema=0.2901/0.2146 test77_live=0.6835/0.6621 test77_diag_ema=0.1439/0.0418 v13=0.0009 grl=0.3040 v15=0.0000 v15r=0.0000 v16=0.0000 v17=0.0000 v18=0.0000 das=fixed_full[15,140] p=1.00 ep_time=33.1s
[22:56:50] [train] epoch 17/100 steps=40 use_dann=0 das=fixed_full f=[15.0,140.0] p=1.00 gpu=3.0/11.8GB
[22:56:51] [train] ep=17 step=001/40 ce=0.3541 sc=0.6606 mi=0.0626 dn=0.0000 v13=0.0004 grl=0.2705 v15=0.0000 v15r=0.0000 v16=0.0000 v17=0.0000 v18=0.0000 acc=1.0000 lr=2.87e-04 lambda=0.000 grl_lambda=0.664 v18_lambda=0.000 gpu=3.0/11.8GB
[22:56:56] [train] ep=17 step=010/40 ce=0.6032 sc=0.8611 mi=0.0678 dn=0.0000 v13=0.0007 grl=0.2324 v15=0.0000 v15r=0.0000 v16=0.0000 v17=0.0000 v18=0.0000 acc=0.9750 lr=2.86e-04 lambda=0.000 grl_lambda=0.670 v18_lambda=0.000 gpu=3.0/11.8GB
[22:57:02] [train] ep=17 step=020/40 ce=0.6307 sc=0.8803 mi=0.0718 dn=0.0000 v13=0.0008 grl=0.2888 v15=0.0000 v15r=0.0000 v16=0.0000 v17=0.0000 v18=0.0000 acc=0.9750 lr=2.86e-04 lambda=0.000 grl_lambda=0.677 v18_lambda=0.000 gpu=3.0/11.8GB
[22:57:08] [train] ep=17 step=030/40 ce=0.6112 sc=0.8973 mi=0.0718 dn=0.0000 v13=0.0008 grl=0.3062 v15=0.0000 v15r=0.0000 v16=0.0000 v17=0.0000 v18=0.0000 acc=0.9771 lr=2.85e-04 lambda=0.000 grl_lambda=0.684 v18_lambda=0.000 gpu=3.0/11.8GB
[22:57:13] [train] ep=17 step=040/40 ce=0.7146 sc=0.9372 mi=0.0727 dn=0.0000 v13=0.0009 grl=0.2949 v15=0.0000 v15r=0.0000 v16=0.0000 v17=0.0000 v18=0.0000 acc=0.9719 lr=2.85e-04 lambda=0.000 grl_lambda=0.690 v18_lambda=0.000 gpu=3.0/11.8GB
[22:57:23] [ep_summary] ep=17/100 val_live=0.8889/0.8869 val_ema=0.2840/0.2048 test77_live=0.5791/0.5742 test77_diag_ema=0.1547/0.0583 v13=0.0009 grl=0.2949 v15=0.0000 v15r=0.0000 v16=0.0000 v17=0.0000 v18=0.0000 das=fixed_full[15,140] p=1.00 ep_time=33.2s
[22:57:23] [train] epoch 18/100 steps=40 use_dann=0 das=fixed_full f=[15.0,140.0] p=1.00 gpu=3.0/11.8GB
[22:57:24] [train] ep=18 step=001/40 ce=1.5344 sc=1.1366 mi=0.0691 dn=0.0000 v13=0.0005 grl=0.3460 v15=0.0000 v15r=0.0000 v16=0.0000 v17=0.0000 v18=0.0000 acc=0.9375 lr=2.85e-04 lambda=0.000 grl_lambda=0.691 v18_lambda=0.000 gpu=3.0/11.8GB
[22:57:29] [train] ep=18 step=010/40 ce=0.9931 sc=1.0336 mi=0.0785 dn=0.0000 v13=0.0008 grl=0.3245 v15=0.0000 v15r=0.0000 v16=0.0000 v17=0.0000 v18=0.0000 acc=0.9500 lr=2.84e-04 lambda=0.000 grl_lambda=0.697 v18_lambda=0.000 gpu=3.0/11.8GB
[22:57:35] [train] ep=18 step=020/40 ce=0.8242 sc=0.9683 mi=0.0754 dn=0.0000 v13=0.0010 grl=0.3220 v15=0.0000 v15r=0.0000 v16=0.0000 v17=0.0000 v18=0.0000 acc=0.9625 lr=2.84e-04 lambda=0.000 grl_lambda=0.703 v18_lambda=0.000 gpu=3.0/11.8GB
[22:57:41] [train] ep=18 step=030/40 ce=0.6990 sc=0.9413 mi=0.0754 dn=0.0000 v13=0.0011 grl=0.3314 v15=0.0000 v15r=0.0000 v16=0.0000 v17=0.0000 v18=0.0000 acc=0.9750 lr=2.83e-04 lambda=0.000 grl_lambda=0.710 v18_lambda=0.000 gpu=3.0/11.8GB
[22:57:46] [train] ep=18 step=040/40 ce=0.7427 sc=0.9439 mi=0.0753 dn=0.0000 v13=0.0011 grl=0.3374 v15=0.0000 v15r=0.0000 v16=0.0000 v17=0.0000 v18=0.0000 acc=0.9703 lr=2.83e-04 lambda=0.000 grl_lambda=0.716 v18_lambda=0.000 gpu=3.0/11.8GB
[22:57:56] [ep_summary] ep=18/100 val_live=0.9012/0.9002 val_ema=0.2901/0.2148 test77_live=0.6583/0.6350 test77_diag_ema=0.1727/0.0798 v13=0.0011 grl=0.3374 v15=0.0000 v15r=0.0000 v16=0.0000 v17=0.0000 v18=0.0000 das=fixed_full[15,140] p=1.00 ep_time=33.0s
[22:57:56] [train] epoch 19/100 steps=40 use_dann=0 das=fixed_full f=[15.0,140.0] p=1.00 gpu=3.0/11.8GB
[22:57:57] [train] ep=19 step=001/40 ce=0.2966 sc=0.5503 mi=0.0683 dn=0.0000 v13=0.0015 grl=0.3957 v15=0.0000 v15r=0.0000 v16=0.0000 v17=0.0000 v18=0.0000 acc=1.0000 lr=2.83e-04 lambda=0.000 grl_lambda=0.716 v18_lambda=0.000 gpu=3.0/11.8GB
[22:58:02] [train] ep=19 step=010/40 ce=1.0550 sc=1.0024 mi=0.0717 dn=0.0000 v13=0.0009 grl=0.2964 v15=0.0000 v15r=0.0000 v16=0.0000 v17=0.0000 v18=0.0000 acc=0.9625 lr=2.82e-04 lambda=0.000 grl_lambda=0.722 v18_lambda=0.000 gpu=3.0/11.8GB
[22:58:08] [train] ep=19 step=020/40 ce=0.8509 sc=0.9282 mi=0.0734 dn=0.0000 v13=0.0008 grl=0.3225 v15=0.0000 v15r=0.0000 v16=0.0000 v17=0.0000 v18=0.0000 acc=0.9688 lr=2.82e-04 lambda=0.000 grl_lambda=0.728 v18_lambda=0.000 gpu=3.0/11.8GB
[22:58:14] [train] ep=19 step=030/40 ce=0.7441 sc=0.9079 mi=0.0739 dn=0.0000 v13=0.0008 grl=0.3256 v15=0.0000 v15r=0.0000 v16=0.0000 v17=0.0000 v18=0.0000 acc=0.9750 lr=2.81e-04 lambda=0.000 grl_lambda=0.733 v18_lambda=0.000 gpu=3.0/11.8GB
[22:58:19] [train] ep=19 step=040/40 ce=0.7149 sc=0.8842 mi=0.0747 dn=0.0000 v13=0.0009 grl=0.3314 v15=0.0000 v15r=0.0000 v16=0.0000 v17=0.0000 v18=0.0000 acc=0.9750 lr=2.80e-04 lambda=0.000 grl_lambda=0.739 v18_lambda=0.000 gpu=3.0/11.8GB
[22:58:29] [ep_summary] ep=19/100 val_live=0.9383/0.9367 val_ema=0.3086/0.2419 test77_live=0.7230/0.7114 test77_diag_ema=0.1835/0.0902 v13=0.0009 grl=0.3314 v15=0.0000 v15r=0.0000 v16=0.0000 v17=0.0000 v18=0.0000 das=fixed_full[15,140] p=1.00 ep_time=33.0s
[22:58:29] [train] epoch 20/100 steps=40 use_dann=0 das=fixed_full f=[15.0,140.0] p=1.00 gpu=3.0/11.8GB
[22:58:30] [train] ep=20 step=001/40 ce=0.2771 sc=0.7375 mi=0.0659 dn=0.0000 v13=0.0007 grl=0.2064 v15=0.0000 v15r=0.0000 v16=0.0000 v17=0.0000 v18=0.0000 acc=1.0000 lr=2.80e-04 lambda=0.000 grl_lambda=0.740 v18_lambda=0.000 gpu=3.0/11.8GB
[22:58:35] [train] ep=20 step=010/40 ce=0.4479 sc=0.7974 mi=0.0747 dn=0.0000 v13=0.0009 grl=0.3597 v15=0.0000 v15r=0.0000 v16=0.0000 v17=0.0000 v18=0.0000 acc=0.9938 lr=2.80e-04 lambda=0.000 grl_lambda=0.745 v18_lambda=0.000 gpu=3.0/11.8GB
[22:58:41] [train] ep=20 step=020/40 ce=0.5461 sc=0.8592 mi=0.0748 dn=0.0000 v13=0.0010 grl=0.3477 v15=0.0000 v15r=0.0000 v16=0.0000 v17=0.0000 v18=0.0000 acc=0.9812 lr=2.79e-04 lambda=0.000 grl_lambda=0.750 v18_lambda=0.000 gpu=3.0/11.8GB
[22:58:47] [train] ep=20 step=030/40 ce=0.5753 sc=0.8887 mi=0.0755 dn=0.0000 v13=0.0010 grl=0.3513 v15=0.0000 v15r=0.0000 v16=0.0000 v17=0.0000 v18=0.0000 acc=0.9792 lr=2.79e-04 lambda=0.000 grl_lambda=0.756 v18_lambda=0.000 gpu=3.0/11.8GB
[22:58:52] [train] ep=20 step=040/40 ce=0.5439 sc=0.8718 mi=0.0744 dn=0.0000 v13=0.0010 grl=0.3458 v15=0.0000 v15r=0.0000 v16=0.0000 v17=0.0000 v18=0.0000 acc=0.9812 lr=2.78e-04 lambda=0.000 grl_lambda=0.761 v18_lambda=0.000 gpu=3.0/11.8GB
[22:59:02] [pool] check ep=020/100 source_val_acc_ema=0.3210 threshold=0.90
[22:59:02] [pool] ep=020 SKIP (source_val_acc_ema=0.3210 < 0.90)
[22:59:02] [ep_summary] ep=20/100 val_live=0.9444/0.9446 val_ema=0.3210/0.2631 test77_live=0.7158/0.6998 test77_diag_ema=0.1871/0.0950 v13=0.0010 grl=0.3458 v15=0.0000 v15r=0.0000 v16=0.0000 v17=0.0000 v18=0.0000 das=fixed_full[15,140] p=1.00 ep_time=33.0s
[22:59:02] [strict77_monitor] ep=20 best_source_epoch=11 source_val_ema=0.3457/0.2902 test77_ema_diag=0.1403/0.0352 sourcequalified_count=0
[22:59:02] [train] epoch 21/100 steps=40 use_dann=0 das=fixed_full f=[15.0,140.0] p=1.00 gpu=3.0/11.8GB
[22:59:03] [train] ep=21 step=001/40 ce=1.1818 sc=1.0399 mi=0.0719 dn=0.0000 v13=0.0019 grl=0.3839 v15=0.0000 v15r=0.0000 v16=0.0000 v17=0.0000 v18=0.0000 acc=0.9375 lr=2.78e-04 lambda=0.000 grl_lambda=0.762 v18_lambda=0.000 gpu=3.0/11.8GB
[22:59:08] [train] ep=21 step=010/40 ce=0.6444 sc=0.9680 mi=0.0743 dn=0.0000 v13=0.0009 grl=0.3126 v15=0.0000 v15r=0.0000 v16=0.0000 v17=0.0000 v18=0.0000 acc=0.9750 lr=2.77e-04 lambda=0.000 grl_lambda=0.766 v18_lambda=0.000 gpu=3.0/11.8GB
[22:59:14] [train] ep=21 step=020/40 ce=0.5854 sc=0.9340 mi=0.0738 dn=0.0000 v13=0.0009 grl=0.3054 v15=0.0000 v15r=0.0000 v16=0.0000 v17=0.0000 v18=0.0000 acc=0.9812 lr=2.77e-04 lambda=0.000 grl_lambda=0.771 v18_lambda=0.000 gpu=3.0/11.8GB
[22:59:20] [train] ep=21 step=030/40 ce=0.5211 sc=0.8572 mi=0.0743 dn=0.0000 v13=0.0009 grl=0.2995 v15=0.0000 v15r=0.0000 v16=0.0000 v17=0.0000 v18=0.0000 acc=0.9854 lr=2.76e-04 lambda=0.000 grl_lambda=0.776 v18_lambda=0.000 gpu=3.0/11.8GB
[22:59:25] [train] ep=21 step=040/40 ce=0.5097 sc=0.8611 mi=0.0744 dn=0.0000 v13=0.0009 grl=0.3021 v15=0.0000 v15r=0.0000 v16=0.0000 v17=0.0000 v18=0.0000 acc=0.9859 lr=2.75e-04 lambda=0.000 grl_lambda=0.781 v18_lambda=0.000 gpu=3.0/11.8GB
[22:59:35] [ep_summary] ep=21/100 val_live=0.9074/0.9051 val_ema=0.3210/0.2635 test77_live=0.6187/0.5905 test77_diag_ema=0.2014/0.1136 v13=0.0009 grl=0.3021 v15=0.0000 v15r=0.0000 v16=0.0000 v17=0.0000 v18=0.0000 das=fixed_full[15,140] p=1.00 ep_time=33.1s
[22:59:35] [train] epoch 22/100 steps=40 use_dann=0 das=fixed_full f=[15.0,140.0] p=1.00 gpu=3.0/11.8GB
[22:59:36] [train] ep=22 step=001/40 ce=0.3572 sc=0.6329 mi=0.0725 dn=0.0000 v13=0.0010 grl=0.3457 v15=0.0000 v15r=0.0000 v16=0.0000 v17=0.0000 v18=0.0000 acc=1.0000 lr=2.75e-04 lambda=0.000 grl_lambda=0.782 v18_lambda=0.000 gpu=3.0/11.8GB
[22:59:41] [train] ep=22 step=010/40 ce=0.2955 sc=0.7569 mi=0.0740 dn=0.0000 v13=0.0009 grl=0.3456 v15=0.0000 v15r=0.0000 v16=0.0000 v17=0.0000 v18=0.0000 acc=1.0000 lr=2.75e-04 lambda=0.000 grl_lambda=0.786 v18_lambda=0.000 gpu=3.0/11.8GB
[22:59:47] [train] ep=22 step=020/40 ce=0.3485 sc=0.8276 mi=0.0728 dn=0.0000 v13=0.0009 grl=0.3362 v15=0.0000 v15r=0.0000 v16=0.0000 v17=0.0000 v18=0.0000 acc=0.9938 lr=2.74e-04 lambda=0.000 grl_lambda=0.791 v18_lambda=0.000 gpu=3.0/11.8GB
[22:59:53] [train] ep=22 step=030/40 ce=0.3964 sc=0.8275 mi=0.0714 dn=0.0000 v13=0.0010 grl=0.3321 v15=0.0000 v15r=0.0000 v16=0.0000 v17=0.0000 v18=0.0000 acc=0.9917 lr=2.73e-04 lambda=0.000 grl_lambda=0.796 v18_lambda=0.000 gpu=3.0/11.8GB
[22:59:59] [train] ep=22 step=040/40 ce=0.4202 sc=0.8606 mi=0.0714 dn=0.0000 v13=0.0010 grl=0.3256 v15=0.0000 v15r=0.0000 v16=0.0000 v17=0.0000 v18=0.0000 acc=0.9891 lr=2.73e-04 lambda=0.000 grl_lambda=0.800 v18_lambda=0.000 gpu=3.0/11.8GB
[23:00:09] [ep_summary] ep=22/100 val_live=0.9630/0.9639 val_ema=0.3642/0.3013 test77_live=0.6259/0.5965 test77_diag_ema=0.2338/0.1571 v13=0.0010 grl=0.3256 v15=0.0000 v15r=0.0000 v16=0.0000 v17=0.0000 v18=0.0000 das=fixed_full[15,140] p=1.00 ep_time=33.1s
[23:00:09] [save] best_sourceval_ema val_acc_ema=0.3642 source_val_live=0.9630/0.9639 source_val_ema=0.3642/0.3013 ep=22
[23:00:09] [train] epoch 23/100 steps=40 use_dann=0 das=fixed_full f=[15.0,140.0] p=1.00 gpu=3.0/11.8GB
[23:00:09] [train] ep=23 step=001/40 ce=0.3078 sc=1.1734 mi=0.0674 dn=0.0000 v13=0.0012 grl=0.2967 v15=0.0000 v15r=0.0000 v16=0.0000 v17=0.0000 v18=0.0000 acc=1.0000 lr=2.72e-04 lambda=0.000 grl_lambda=0.800 v18_lambda=0.000 gpu=3.0/11.8GB
[23:00:14] [train] ep=23 step=010/40 ce=0.4560 sc=0.8609 mi=0.0736 dn=0.0000 v13=0.0010 grl=0.3471 v15=0.0000 v15r=0.0000 v16=0.0000 v17=0.0000 v18=0.0000 acc=0.9875 lr=2.72e-04 lambda=0.000 grl_lambda=0.805 v18_lambda=0.000 gpu=3.0/11.8GB
[23:00:20] [train] ep=23 step=020/40 ce=0.3947 sc=0.7445 mi=0.0728 dn=0.0000 v13=0.0008 grl=0.3431 v15=0.0000 v15r=0.0000 v16=0.0000 v17=0.0000 v18=0.0000 acc=0.9938 lr=2.71e-04 lambda=0.000 grl_lambda=0.809 v18_lambda=0.000 gpu=3.0/11.8GB
[23:00:26] [train] ep=23 step=030/40 ce=0.5753 sc=0.8177 mi=0.0722 dn=0.0000 v13=0.0008 grl=0.3510 v15=0.0000 v15r=0.0000 v16=0.0000 v17=0.0000 v18=0.0000 acc=0.9812 lr=2.70e-04 lambda=0.000 grl_lambda=0.813 v18_lambda=0.000 gpu=3.0/11.8GB
[23:00:32] [train] ep=23 step=040/40 ce=0.6136 sc=0.8293 mi=0.0724 dn=0.0000 v13=0.0008 grl=0.3390 v15=0.0000 v15r=0.0000 v16=0.0000 v17=0.0000 v18=0.0000 acc=0.9781 lr=2.70e-04 lambda=0.000 grl_lambda=0.817 v18_lambda=0.000 gpu=3.0/11.8GB
[23:00:42] [ep_summary] ep=23/100 val_live=0.9444/0.9456 val_ema=0.3765/0.3092 test77_live=0.4856/0.4470 test77_diag_ema=0.2698/0.1888 v13=0.0008 grl=0.3390 v15=0.0000 v15r=0.0000 v16=0.0000 v17=0.0000 v18=0.0000 das=fixed_full[15,140] p=1.00 ep_time=33.0s
[23:00:42] [save] best_sourceval_ema val_acc_ema=0.3765 source_val_live=0.9444/0.9456 source_val_ema=0.3765/0.3092 ep=23
[23:00:42] [train] epoch 24/100 steps=40 use_dann=0 das=fixed_full f=[15.0,140.0] p=1.00 gpu=3.0/11.8GB
[23:00:42] [train] ep=24 step=001/40 ce=0.2892 sc=0.7549 mi=0.0614 dn=0.0000 v13=0.0005 grl=0.3452 v15=0.0000 v15r=0.0000 v16=0.0000 v17=0.0000 v18=0.0000 acc=1.0000 lr=2.70e-04 lambda=0.000 grl_lambda=0.818 v18_lambda=0.000 gpu=3.0/11.8GB
[23:00:48] [train] ep=24 step=010/40 ce=0.5437 sc=0.8430 mi=0.0715 dn=0.0000 v13=0.0007 grl=0.3400 v15=0.0000 v15r=0.0000 v16=0.0000 v17=0.0000 v18=0.0000 acc=0.9875 lr=2.69e-04 lambda=0.000 grl_lambda=0.821 v18_lambda=0.000 gpu=3.0/11.8GB
[23:00:53] [train] ep=24 step=020/40 ce=0.5202 sc=0.8296 mi=0.0694 dn=0.0000 v13=0.0007 grl=0.3116 v15=0.0000 v15r=0.0000 v16=0.0000 v17=0.0000 v18=0.0000 acc=0.9875 lr=2.68e-04 lambda=0.000 grl_lambda=0.825 v18_lambda=0.000 gpu=3.0/11.8GB
[23:00:59] [train] ep=24 step=030/40 ce=0.4704 sc=0.8186 mi=0.0705 dn=0.0000 v13=0.0007 grl=0.3105 v15=0.0000 v15r=0.0000 v16=0.0000 v17=0.0000 v18=0.0000 acc=0.9896 lr=2.67e-04 lambda=0.000 grl_lambda=0.829 v18_lambda=0.000 gpu=3.0/11.8GB
[23:01:05] [train] ep=24 step=040/40 ce=0.4447 sc=0.8266 mi=0.0704 dn=0.0000 v13=0.0007 grl=0.2955 v15=0.0000 v15r=0.0000 v16=0.0000 v17=0.0000 v18=0.0000 acc=0.9922 lr=2.67e-04 lambda=0.000 grl_lambda=0.833 v18_lambda=0.000 gpu=3.0/11.8GB
[23:01:15] [ep_summary] ep=24/100 val_live=0.9259/0.9264 val_ema=0.4321/0.3736 test77_live=0.6691/0.6600 test77_diag_ema=0.2914/0.2062 v13=0.0007 grl=0.2955 v15=0.0000 v15r=0.0000 v16=0.0000 v17=0.0000 v18=0.0000 das=fixed_full[15,140] p=1.00 ep_time=33.1s
[23:01:15] [save] best_sourceval_ema val_acc_ema=0.4321 source_val_live=0.9259/0.9264 source_val_ema=0.4321/0.3736 ep=24
[23:01:15] [train] epoch 25/100 steps=40 use_dann=0 das=fixed_full f=[15.0,140.0] p=1.00 gpu=3.0/11.8GB
[23:01:15] [train] ep=25 step=001/40 ce=0.2725 sc=0.9072 mi=0.0821 dn=0.0000 v13=0.0011 grl=0.1919 v15=0.0000 v15r=0.0000 v16=0.0000 v17=0.0000 v18=0.0000 acc=1.0000 lr=2.67e-04 lambda=0.000 grl_lambda=0.834 v18_lambda=0.000 gpu=3.0/11.8GB
[23:01:21] [train] ep=25 step=010/40 ce=0.2836 sc=0.7595 mi=0.0720 dn=0.0000 v13=0.0009 grl=0.2660 v15=0.0000 v15r=0.0000 v16=0.0000 v17=0.0000 v18=0.0000 acc=1.0000 lr=2.66e-04 lambda=0.000 grl_lambda=0.837 v18_lambda=0.000 gpu=3.0/11.8GB
[23:01:26] [train] ep=25 step=020/40 ce=0.3679 sc=0.8343 mi=0.0735 dn=0.0000 v13=0.0008 grl=0.2974 v15=0.0000 v15r=0.0000 v16=0.0000 v17=0.0000 v18=0.0000 acc=0.9938 lr=2.65e-04 lambda=0.000 grl_lambda=0.841 v18_lambda=0.000 gpu=3.0/11.8GB
[23:01:32] [train] ep=25 step=030/40 ce=0.3645 sc=0.8091 mi=0.0715 dn=0.0000 v13=0.0009 grl=0.2886 v15=0.0000 v15r=0.0000 v16=0.0000 v17=0.0000 v18=0.0000 acc=0.9938 lr=2.64e-04 lambda=0.000 grl_lambda=0.844 v18_lambda=0.000 gpu=3.0/11.8GB
[23:01:38] [train] ep=25 step=040/40 ce=0.3775 sc=0.7886 mi=0.0713 dn=0.0000 v13=0.0008 grl=0.3014 v15=0.0000 v15r=0.0000 v16=0.0000 v17=0.0000 v18=0.0000 acc=0.9922 lr=2.64e-04 lambda=0.000 grl_lambda=0.848 v18_lambda=0.000 gpu=3.0/11.8GB
[23:01:48] [ep_summary] ep=25/100 val_live=0.9198/0.9194 val_ema=0.4753/0.4229 test77_live=0.6511/0.6163 test77_diag_ema=0.3129/0.2214 v13=0.0008 grl=0.3014 v15=0.0000 v15r=0.0000 v16=0.0000 v17=0.0000 v18=0.0000 das=fixed_full[15,140] p=1.00 ep_time=33.0s
[23:01:48] [save] best_sourceval_ema val_acc_ema=0.4753 source_val_live=0.9198/0.9194 source_val_ema=0.4753/0.4229 ep=25
[23:01:48] [train] epoch 26/100 steps=40 use_dann=0 das=fixed_full f=[15.0,140.0] p=1.00 gpu=3.0/11.8GB
[23:01:49] [train] ep=26 step=001/40 ce=0.2760 sc=0.7637 mi=0.0649 dn=0.0000 v13=0.0011 grl=0.2611 v15=0.0000 v15r=0.0000 v16=0.0000 v17=0.0000 v18=0.0000 acc=1.0000 lr=2.64e-04 lambda=0.000 grl_lambda=0.848 v18_lambda=0.000 gpu=3.0/11.8GB
[23:01:54] [train] ep=26 step=010/40 ce=0.3461 sc=0.8456 mi=0.0701 dn=0.0000 v13=0.0007 grl=0.2867 v15=0.0000 v15r=0.0000 v16=0.0000 v17=0.0000 v18=0.0000 acc=1.0000 lr=2.63e-04 lambda=0.000 grl_lambda=0.851 v18_lambda=0.000 gpu=3.0/11.8GB
[23:01:59] [train] ep=26 step=020/40 ce=0.3873 sc=0.9031 mi=0.0687 dn=0.0000 v13=0.0006 grl=0.2864 v15=0.0000 v15r=0.0000 v16=0.0000 v17=0.0000 v18=0.0000 acc=0.9969 lr=2.62e-04 lambda=0.000 grl_lambda=0.855 v18_lambda=0.000 gpu=3.0/11.8GB
[23:02:05] [train] ep=26 step=030/40 ce=0.3998 sc=0.8284 mi=0.0700 dn=0.0000 v13=0.0006 grl=0.2903 v15=0.0000 v15r=0.0000 v16=0.0000 v17=0.0000 v18=0.0000 acc=0.9958 lr=2.61e-04 lambda=0.000 grl_lambda=0.858 v18_lambda=0.000 gpu=3.0/11.8GB
[23:02:11] [train] ep=26 step=040/40 ce=0.3999 sc=0.8204 mi=0.0711 dn=0.0000 v13=0.0006 grl=0.2883 v15=0.0000 v15r=0.0000 v16=0.0000 v17=0.0000 v18=0.0000 acc=0.9953 lr=2.60e-04 lambda=0.000 grl_lambda=0.861 v18_lambda=0.000 gpu=3.0/11.8GB
[23:02:21] [ep_summary] ep=26/100 val_live=0.9444/0.9431 val_ema=0.5062/0.4628 test77_live=0.5899/0.5662 test77_diag_ema=0.3669/0.2771 v13=0.0006 grl=0.2883 v15=0.0000 v15r=0.0000 v16=0.0000 v17=0.0000 v18=0.0000 das=fixed_full[15,140] p=1.00 ep_time=33.1s
[23:02:21] [save] best_sourceval_ema val_acc_ema=0.5062 source_val_live=0.9444/0.9431 source_val_ema=0.5062/0.4628 ep=26
[23:02:21] [train] epoch 27/100 steps=40 use_dann=0 das=fixed_full f=[15.0,140.0] p=1.00 gpu=3.0/11.8GB
[23:02:22] [train] ep=27 step=001/40 ce=1.2745 sc=1.3379 mi=0.0646 dn=0.0000 v13=0.0004 grl=0.4384 v15=0.0000 v15r=0.0000 v16=0.0000 v17=0.0000 v18=0.0000 acc=0.8750 lr=2.60e-04 lambda=0.000 grl_lambda=0.862 v18_lambda=0.000 gpu=3.0/11.8GB
[23:02:27] [train] ep=27 step=010/40 ce=0.5305 sc=0.9476 mi=0.0709 dn=0.0000 v13=0.0008 grl=0.3115 v15=0.0000 v15r=0.0000 v16=0.0000 v17=0.0000 v18=0.0000 acc=0.9750 lr=2.60e-04 lambda=0.000 grl_lambda=0.865 v18_lambda=0.000 gpu=3.0/11.8GB
[23:02:33] [train] ep=27 step=020/40 ce=0.6309 sc=0.9182 mi=0.0714 dn=0.0000 v13=0.0007 grl=0.3184 v15=0.0000 v15r=0.0000 v16=0.0000 v17=0.0000 v18=0.0000 acc=0.9719 lr=2.59e-04 lambda=0.000 grl_lambda=0.868 v18_lambda=0.000 gpu=3.0/11.8GB
[23:02:38] [train] ep=27 step=030/40 ce=0.5562 sc=0.8866 mi=0.0713 dn=0.0000 v13=0.0008 grl=0.3075 v15=0.0000 v15r=0.0000 v16=0.0000 v17=0.0000 v18=0.0000 acc=0.9771 lr=2.58e-04 lambda=0.000 grl_lambda=0.871 v18_lambda=0.000 gpu=3.0/11.8GB
[23:02:44] [train] ep=27 step=040/40 ce=0.6098 sc=0.9329 mi=0.0713 dn=0.0000 v13=0.0007 grl=0.2888 v15=0.0000 v15r=0.0000 v16=0.0000 v17=0.0000 v18=0.0000 acc=0.9750 lr=2.57e-04 lambda=0.000 grl_lambda=0.874 v18_lambda=0.000 gpu=3.0/11.8GB
[23:02:54] [ep_summary] ep=27/100 val_live=0.9691/0.9695 val_ema=0.5432/0.4956 test77_live=0.7014/0.6918 test77_diag_ema=0.3957/0.3067 v13=0.0007 grl=0.2888 v15=0.0000 v15r=0.0000 v16=0.0000 v17=0.0000 v18=0.0000 das=fixed_full[15,140] p=1.00 ep_time=33.0s
[23:02:54] [save] best_sourceval_ema val_acc_ema=0.5432 source_val_live=0.9691/0.9695 source_val_ema=0.5432/0.4956 ep=27
[23:02:54] [train] epoch 28/100 steps=40 use_dann=0 das=fixed_full f=[15.0,140.0] p=1.00 gpu=3.0/11.8GB
[23:02:55] [train] ep=28 step=001/40 ce=0.3000 sc=0.8734 mi=0.0741 dn=0.0000 v13=0.0006 grl=0.3047 v15=0.0000 v15r=0.0000 v16=0.0000 v17=0.0000 v18=0.0000 acc=1.0000 lr=2.57e-04 lambda=0.000 grl_lambda=0.874 v18_lambda=0.000 gpu=3.0/11.8GB
[23:03:00] [train] ep=28 step=010/40 ce=0.4285 sc=0.6899 mi=0.0661 dn=0.0000 v13=0.0009 grl=0.2470 v15=0.0000 v15r=0.0000 v16=0.0000 v17=0.0000 v18=0.0000 acc=0.9938 lr=2.56e-04 lambda=0.000 grl_lambda=0.877 v18_lambda=0.000 gpu=3.0/11.8GB
[23:03:06] [train] ep=28 step=020/40 ce=0.4363 sc=0.7868 mi=0.0670 dn=0.0000 v13=0.0008 grl=0.2422 v15=0.0000 v15r=0.0000 v16=0.0000 v17=0.0000 v18=0.0000 acc=0.9938 lr=2.55e-04 lambda=0.000 grl_lambda=0.880 v18_lambda=0.000 gpu=3.0/11.8GB
[23:03:11] [train] ep=28 step=030/40 ce=0.4219 sc=0.8067 mi=0.0676 dn=0.0000 v13=0.0008 grl=0.2588 v15=0.0000 v15r=0.0000 v16=0.0000 v17=0.0000 v18=0.0000 acc=0.9938 lr=2.54e-04 lambda=0.000 grl_lambda=0.882 v18_lambda=0.000 gpu=3.0/11.8GB
[23:03:17] [train] ep=28 step=040/40 ce=0.4530 sc=0.7982 mi=0.0688 dn=0.0000 v13=0.0009 grl=0.2720 v15=0.0000 v15r=0.0000 v16=0.0000 v17=0.0000 v18=0.0000 acc=0.9906 lr=2.54e-04 lambda=0.000 grl_lambda=0.885 v18_lambda=0.000 gpu=3.0/11.8GB
[23:03:27] [ep_summary] ep=28/100 val_live=0.9506/0.9506 val_ema=0.5617/0.5245 test77_live=0.6295/0.6161 test77_diag_ema=0.4137/0.3291 v13=0.0009 grl=0.2720 v15=0.0000 v15r=0.0000 v16=0.0000 v17=0.0000 v18=0.0000 das=fixed_full[15,140] p=1.00 ep_time=33.0s
[23:03:27] [save] best_sourceval_ema val_acc_ema=0.5617 source_val_live=0.9506/0.9506 source_val_ema=0.5617/0.5245 ep=28
[23:03:27] [train] epoch 29/100 steps=40 use_dann=0 das=fixed_full f=[15.0,140.0] p=1.00 gpu=3.0/11.8GB
[23:03:28] [train] ep=29 step=001/40 ce=0.2778 sc=1.0542 mi=0.0904 dn=0.0000 v13=0.0008 grl=0.4165 v15=0.0000 v15r=0.0000 v16=0.0000 v17=0.0000 v18=0.0000 acc=1.0000 lr=2.53e-04 lambda=0.000 grl_lambda=0.885 v18_lambda=0.000 gpu=3.0/11.8GB
[23:03:33] [train] ep=29 step=010/40 ce=0.3529 sc=0.8550 mi=0.0712 dn=0.0000 v13=0.0008 grl=0.2935 v15=0.0000 v15r=0.0000 v16=0.0000 v17=0.0000 v18=0.0000 acc=1.0000 lr=2.53e-04 lambda=0.000 grl_lambda=0.888 v18_lambda=0.000 gpu=3.0/11.8GB
[23:03:39] [train] ep=29 step=020/40 ce=0.4084 sc=0.8497 mi=0.0717 dn=0.0000 v13=0.0008 grl=0.2883 v15=0.0000 v15r=0.0000 v16=0.0000 v17=0.0000 v18=0.0000 acc=0.9906 lr=2.52e-04 lambda=0.000 grl_lambda=0.890 v18_lambda=0.000 gpu=3.0/11.8GB
[23:03:44] [train] ep=29 step=030/40 ce=0.4079 sc=0.8590 mi=0.0723 dn=0.0000 v13=0.0008 grl=0.2971 v15=0.0000 v15r=0.0000 v16=0.0000 v17=0.0000 v18=0.0000 acc=0.9917 lr=2.51e-04 lambda=0.000 grl_lambda=0.893 v18_lambda=0.000 gpu=3.0/11.8GB
[23:03:50] [train] ep=29 step=040/40 ce=0.3778 sc=0.8208 mi=0.0727 dn=0.0000 v13=0.0008 grl=0.3077 v15=0.0000 v15r=0.0000 v16=0.0000 v17=0.0000 v18=0.0000 acc=0.9938 lr=2.50e-04 lambda=0.000 grl_lambda=0.895 v18_lambda=0.000 gpu=3.0/11.8GB
[23:04:00] [ep_summary] ep=29/100 val_live=0.9506/0.9495 val_ema=0.6111/0.5838 test77_live=0.6187/0.6055 test77_diag_ema=0.4388/0.3572 v13=0.0008 grl=0.3077 v15=0.0000 v15r=0.0000 v16=0.0000 v17=0.0000 v18=0.0000 das=fixed_full[15,140] p=1.00 ep_time=33.0s
[23:04:00] [save] best_sourceval_ema val_acc_ema=0.6111 source_val_live=0.9506/0.9495 source_val_ema=0.6111/0.5838 ep=29
[23:04:00] [train] epoch 30/100 steps=40 use_dann=0 das=fixed_full f=[15.0,140.0] p=1.00 gpu=3.0/11.8GB
[23:04:01] [train] ep=30 step=001/40 ce=0.9554 sc=1.1790 mi=0.0604 dn=0.0000 v13=0.0008 grl=0.3122 v15=0.0000 v15r=0.0000 v16=0.0000 v17=0.0000 v18=0.0000 acc=0.9375 lr=2.50e-04 lambda=0.000 grl_lambda=0.896 v18_lambda=0.000 gpu=3.0/11.8GB
[23:04:06] [train] ep=30 step=010/40 ce=0.3685 sc=0.8167 mi=0.0675 dn=0.0000 v13=0.0008 grl=0.2786 v15=0.0000 v15r=0.0000 v16=0.0000 v17=0.0000 v18=0.0000 acc=0.9938 lr=2.49e-04 lambda=0.000 grl_lambda=0.898 v18_lambda=0.000 gpu=3.0/11.8GB
[23:04:12] [train] ep=30 step=020/40 ce=0.3671 sc=0.7659 mi=0.0686 dn=0.0000 v13=0.0007 grl=0.2727 v15=0.0000 v15r=0.0000 v16=0.0000 v17=0.0000 v18=0.0000 acc=0.9938 lr=2.48e-04 lambda=0.000 grl_lambda=0.900 v18_lambda=0.000 gpu=3.0/11.8GB
[23:04:18] [train] ep=30 step=030/40 ce=0.3487 sc=0.7824 mi=0.0690 dn=0.0000 v13=0.0007 grl=0.2754 v15=0.0000 v15r=0.0000 v16=0.0000 v17=0.0000 v18=0.0000 acc=0.9958 lr=2.47e-04 lambda=0.000 grl_lambda=0.903 v18_lambda=0.000 gpu=3.0/11.8GB
[23:04:23] [train] ep=30 step=040/40 ce=0.3557 sc=0.7625 mi=0.0701 dn=0.0000 v13=0.0007 grl=0.2809 v15=0.0000 v15r=0.0000 v16=0.0000 v17=0.0000 v18=0.0000 acc=0.9953 lr=2.46e-04 lambda=0.000 grl_lambda=0.905 v18_lambda=0.000 gpu=3.0/11.8GB
[23:04:33] [pool] check ep=030/100 source_val_acc_ema=0.6296 threshold=0.90
[23:04:33] [pool] ep=030 SKIP (source_val_acc_ema=0.6296 < 0.90)
[23:04:33] [ep_summary] ep=30/100 val_live=0.9568/0.9569 val_ema=0.6296/0.6114 test77_live=0.5971/0.5594 test77_diag_ema=0.4568/0.3784 v13=0.0007 grl=0.2809 v15=0.0000 v15r=0.0000 v16=0.0000 v17=0.0000 v18=0.0000 das=fixed_full[15,140] p=1.00 ep_time=33.2s
[23:04:33] [save] best_sourceval_ema val_acc_ema=0.6296 source_val_live=0.9568/0.9569 source_val_ema=0.6296/0.6114 ep=30
[23:04:33] [strict77_monitor] ep=30 best_source_epoch=30 source_val_ema=0.6296/0.6114 test77_ema_diag=0.4568/0.3784 sourcequalified_count=0
[23:04:33] [train] epoch 31/100 steps=40 use_dann=0 das=fixed_full f=[15.0,140.0] p=1.00 gpu=3.0/11.8GB
[23:04:34] [train] ep=31 step=001/40 ce=1.7822 sc=1.9676 mi=0.0661 dn=0.0000 v13=0.0010 grl=0.2761 v15=0.0000 v15r=0.0000 v16=0.0000 v17=0.0000 v18=0.0000 acc=0.8750 lr=2.46e-04 lambda=0.000 grl_lambda=0.905 v18_lambda=0.000 gpu=3.0/11.8GB
[23:04:39] [train] ep=31 step=010/40 ce=0.4473 sc=0.9039 mi=0.0691 dn=0.0000 v13=0.0009 grl=0.2610 v15=0.0000 v15r=0.0000 v16=0.0000 v17=0.0000 v18=0.0000 acc=0.9875 lr=2.45e-04 lambda=0.000 grl_lambda=0.907 v18_lambda=0.000 gpu=3.0/11.8GB
[23:04:45] [train] ep=31 step=020/40 ce=0.4118 sc=0.8259 mi=0.0706 dn=0.0000 v13=0.0008 grl=0.2816 v15=0.0000 v15r=0.0000 v16=0.0000 v17=0.0000 v18=0.0000 acc=0.9906 lr=2.44e-04 lambda=0.000 grl_lambda=0.909 v18_lambda=0.000 gpu=3.0/11.8GB
[23:04:51] [train] ep=31 step=030/40 ce=0.3680 sc=0.8182 mi=0.0712 dn=0.0000 v13=0.0008 grl=0.2882 v15=0.0000 v15r=0.0000 v16=0.0000 v17=0.0000 v18=0.0000 acc=0.9938 lr=2.43e-04 lambda=0.000 grl_lambda=0.911 v18_lambda=0.000 gpu=3.0/11.8GB
[23:04:56] [train] ep=31 step=040/40 ce=0.3939 sc=0.8145 mi=0.0714 dn=0.0000 v13=0.0007 grl=0.2880 v15=0.0000 v15r=0.0000 v16=0.0000 v17=0.0000 v18=0.0000 acc=0.9938 lr=2.43e-04 lambda=0.000 grl_lambda=0.914 v18_lambda=0.000 gpu=3.0/11.8GB
[23:05:06] [ep_summary] ep=31/100 val_live=0.9568/0.9573 val_ema=0.6728/0.6622 test77_live=0.5396/0.4975 test77_diag_ema=0.4640/0.3867 v13=0.0007 grl=0.2880 v15=0.0000 v15r=0.0000 v16=0.0000 v17=0.0000 v18=0.0000 das=fixed_full[15,140] p=1.00 ep_time=33.0s
[23:05:06] [save] best_sourceval_ema val_acc_ema=0.6728 source_val_live=0.9568/0.9573 source_val_ema=0.6728/0.6622 ep=31
[23:05:06] [train] epoch 32/100 steps=40 use_dann=0 das=fixed_full f=[15.0,140.0] p=1.00 gpu=3.0/11.8GB
[23:05:07] [train] ep=32 step=001/40 ce=0.2637 sc=0.8501 mi=0.0648 dn=0.0000 v13=0.0011 grl=0.1803 v15=0.0000 v15r=0.0000 v16=0.0000 v17=0.0000 v18=0.0000 acc=1.0000 lr=2.42e-04 lambda=0.000 grl_lambda=0.914 v18_lambda=0.000 gpu=3.0/11.8GB
[23:05:12] [train] ep=32 step=010/40 ce=0.2864 sc=0.6467 mi=0.0642 dn=0.0000 v13=0.0007 grl=0.2267 v15=0.0000 v15r=0.0000 v16=0.0000 v17=0.0000 v18=0.0000 acc=1.0000 lr=2.42e-04 lambda=0.000 grl_lambda=0.916 v18_lambda=0.000 gpu=3.0/11.8GB
[23:05:18] [train] ep=32 step=020/40 ce=0.3282 sc=0.6722 mi=0.0664 dn=0.0000 v13=0.0008 grl=0.2535 v15=0.0000 v15r=0.0000 v16=0.0000 v17=0.0000 v18=0.0000 acc=0.9969 lr=2.41e-04 lambda=0.000 grl_lambda=0.918 v18_lambda=0.000 gpu=3.0/11.8GB
[23:05:24] [train] ep=32 step=030/40 ce=0.3104 sc=0.7241 mi=0.0669 dn=0.0000 v13=0.0008 grl=0.2527 v15=0.0000 v15r=0.0000 v16=0.0000 v17=0.0000 v18=0.0000 acc=0.9979 lr=2.40e-04 lambda=0.000 grl_lambda=0.920 v18_lambda=0.000 gpu=3.0/11.8GB
[23:05:30] [train] ep=32 step=040/40 ce=0.3501 sc=0.7454 mi=0.0680 dn=0.0000 v13=0.0008 grl=0.2620 v15=0.0000 v15r=0.0000 v16=0.0000 v17=0.0000 v18=0.0000 acc=0.9953 lr=2.39e-04 lambda=0.000 grl_lambda=0.921 v18_lambda=0.000 gpu=3.0/11.8GB
[23:05:40] [ep_summary] ep=32/100 val_live=0.9506/0.9505 val_ema=0.7037/0.6914 test77_live=0.5647/0.5430 test77_diag_ema=0.4640/0.3856 v13=0.0008 grl=0.2620 v15=0.0000 v15r=0.0000 v16=0.0000 v17=0.0000 v18=0.0000 das=fixed_full[15,140] p=1.00 ep_time=33.1s
[23:05:40] [save] best_sourceval_ema val_acc_ema=0.7037 source_val_live=0.9506/0.9505 source_val_ema=0.7037/0.6914 ep=32
[23:05:40] [train] epoch 33/100 steps=40 use_dann=0 das=fixed_full f=[15.0,140.0] p=1.00 gpu=3.0/11.8GB
[23:05:40] [train] ep=33 step=001/40 ce=0.2737 sc=1.1767 mi=0.0636 dn=0.0000 v13=0.0003 grl=0.1593 v15=0.0000 v15r=0.0000 v16=0.0000 v17=0.0000 v18=0.0000 acc=1.0000 lr=2.39e-04 lambda=0.000 grl_lambda=0.922 v18_lambda=0.000 gpu=3.0/11.8GB
[23:05:45] [train] ep=33 step=010/40 ce=0.4418 sc=0.8329 mi=0.0687 dn=0.0000 v13=0.0007 grl=0.2977 v15=0.0000 v15r=0.0000 v16=0.0000 v17=0.0000 v18=0.0000 acc=0.9875 lr=2.38e-04 lambda=0.000 grl_lambda=0.923 v18_lambda=0.000 gpu=3.0/11.8GB
[23:05:51] [train] ep=33 step=020/40 ce=0.3693 sc=0.8381 mi=0.0676 dn=0.0000 v13=0.0007 grl=0.2760 v15=0.0000 v15r=0.0000 v16=0.0000 v17=0.0000 v18=0.0000 acc=0.9938 lr=2.37e-04 lambda=0.000 grl_lambda=0.925 v18_lambda=0.000 gpu=3.0/11.8GB
[23:05:57] [train] ep=33 step=030/40 ce=0.3853 sc=0.8432 mi=0.0683 dn=0.0000 v13=0.0007 grl=0.2855 v15=0.0000 v15r=0.0000 v16=0.0000 v17=0.0000 v18=0.0000 acc=0.9917 lr=2.36e-04 lambda=0.000 grl_lambda=0.927 v18_lambda=0.000 gpu=3.0/11.8GB
[23:06:03] [train] ep=33 step=040/40 ce=0.3822 sc=0.8618 mi=0.0687 dn=0.0000 v13=0.0007 grl=0.2851 v15=0.0000 v15r=0.0000 v16=0.0000 v17=0.0000 v18=0.0000 acc=0.9922 lr=2.35e-04 lambda=0.000 grl_lambda=0.929 v18_lambda=0.000 gpu=3.0/11.8GB
[23:06:13] [ep_summary] ep=33/100 val_live=0.9321/0.9289 val_ema=0.7284/0.7168 test77_live=0.6007/0.5941 test77_diag_ema=0.4640/0.3871 v13=0.0007 grl=0.2851 v15=0.0000 v15r=0.0000 v16=0.0000 v17=0.0000 v18=0.0000 das=fixed_full[15,140] p=1.00 ep_time=32.9s
[23:06:13] [save] best_sourceval_ema val_acc_ema=0.7284 source_val_live=0.9321/0.9289 source_val_ema=0.7284/0.7168 ep=33
[23:06:13] [train] epoch 34/100 steps=40 use_dann=0 das=fixed_full f=[15.0,140.0] p=1.00 gpu=3.0/11.8GB
[23:06:13] [train] ep=34 step=001/40 ce=0.2652 sc=0.5424 mi=0.0566 dn=0.0000 v13=0.0005 grl=0.2687 v15=0.0000 v15r=0.0000 v16=0.0000 v17=0.0000 v18=0.0000 acc=1.0000 lr=2.35e-04 lambda=0.000 grl_lambda=0.929 v18_lambda=0.000 gpu=3.0/11.8GB
[23:06:18] [train] ep=34 step=010/40 ce=0.3277 sc=0.7137 mi=0.0729 dn=0.0000 v13=0.0007 grl=0.2657 v15=0.0000 v15r=0.0000 v16=0.0000 v17=0.0000 v18=0.0000 acc=0.9938 lr=2.34e-04 lambda=0.000 grl_lambda=0.930 v18_lambda=0.000 gpu=3.0/11.8GB
[23:06:24] [train] ep=34 step=020/40 ce=0.3000 sc=0.7346 mi=0.0708 dn=0.0000 v13=0.0007 grl=0.2855 v15=0.0000 v15r=0.0000 v16=0.0000 v17=0.0000 v18=0.0000 acc=0.9969 lr=2.33e-04 lambda=0.000 grl_lambda=0.932 v18_lambda=0.000 gpu=3.0/11.8GB
[23:06:30] [train] ep=34 step=030/40 ce=0.3197 sc=0.7376 mi=0.0710 dn=0.0000 v13=0.0007 grl=0.2907 v15=0.0000 v15r=0.0000 v16=0.0000 v17=0.0000 v18=0.0000 acc=0.9938 lr=2.32e-04 lambda=0.000 grl_lambda=0.934 v18_lambda=0.000 gpu=3.0/11.8GB
[23:06:36] [train] ep=34 step=040/40 ce=0.3590 sc=0.7947 mi=0.0702 dn=0.0000 v13=0.0007 grl=0.2917 v15=0.0000 v15r=0.0000 v16=0.0000 v17=0.0000 v18=0.0000 acc=0.9922 lr=2.31e-04 lambda=0.000 grl_lambda=0.935 v18_lambda=0.000 gpu=3.0/11.8GB
[23:06:45] [ep_summary] ep=34/100 val_live=0.9136/0.9135 val_ema=0.7531/0.7458 test77_live=0.6223/0.6122 test77_diag_ema=0.4604/0.3823 v13=0.0007 grl=0.2917 v15=0.0000 v15r=0.0000 v16=0.0000 v17=0.0000 v18=0.0000 das=fixed_full[15,140] p=1.00 ep_time=32.9s
[23:06:46] [save] best_sourceval_ema val_acc_ema=0.7531 source_val_live=0.9136/0.9135 source_val_ema=0.7531/0.7458 ep=34
[23:06:46] [train] epoch 35/100 steps=40 use_dann=0 das=fixed_full f=[15.0,140.0] p=1.00 gpu=3.0/11.8GB
[23:06:46] [train] ep=35 step=001/40 ce=0.9466 sc=1.0891 mi=0.0678 dn=0.0000 v13=0.0007 grl=0.2614 v15=0.0000 v15r=0.0000 v16=0.0000 v17=0.0000 v18=0.0000 acc=0.9375 lr=2.31e-04 lambda=0.000 grl_lambda=0.935 v18_lambda=0.000 gpu=3.0/11.8GB
[23:06:51] [train] ep=35 step=010/40 ce=0.5621 sc=0.8117 mi=0.0713 dn=0.0000 v13=0.0008 grl=0.2698 v15=0.0000 v15r=0.0000 v16=0.0000 v17=0.0000 v18=0.0000 acc=0.9812 lr=2.30e-04 lambda=0.000 grl_lambda=0.937 v18_lambda=0.000 gpu=3.0/11.8GB
[23:06:57] [train] ep=35 step=020/40 ce=0.6153 sc=0.8815 mi=0.0698 dn=0.0000 v13=0.0008 grl=0.2799 v15=0.0000 v15r=0.0000 v16=0.0000 v17=0.0000 v18=0.0000 acc=0.9750 lr=2.29e-04 lambda=0.000 grl_lambda=0.938 v18_lambda=0.000 gpu=3.0/11.8GB
[23:07:03] [train] ep=35 step=030/40 ce=0.5302 sc=0.8700 mi=0.0703 dn=0.0000 v13=0.0007 grl=0.2916 v15=0.0000 v15r=0.0000 v16=0.0000 v17=0.0000 v18=0.0000 acc=0.9792 lr=2.28e-04 lambda=0.000 grl_lambda=0.940 v18_lambda=0.000 gpu=3.0/11.8GB
[23:07:09] [train] ep=35 step=040/40 ce=0.5114 sc=0.8916 mi=0.0705 dn=0.0000 v13=0.0007 grl=0.2966 v15=0.0000 v15r=0.0000 v16=0.0000 v17=0.0000 v18=0.0000 acc=0.9812 lr=2.27e-04 lambda=0.000 grl_lambda=0.941 v18_lambda=0.000 gpu=3.0/11.8GB
[23:07:18] [ep_summary] ep=35/100 val_live=0.9012/0.9012 val_ema=0.7778/0.7684 test77_live=0.5935/0.5577 test77_diag_ema=0.4496/0.3628 v13=0.0007 grl=0.2966 v15=0.0000 v15r=0.0000 v16=0.0000 v17=0.0000 v18=0.0000 das=fixed_full[15,140] p=1.00 ep_time=32.9s
[23:07:19] [save] best_sourceval_ema val_acc_ema=0.7778 source_val_live=0.9012/0.9012 source_val_ema=0.7778/0.7684 ep=35
[23:07:19] [train] epoch 36/100 steps=40 use_dann=0 das=fixed_full f=[15.0,140.0] p=1.00 gpu=3.0/11.8GB
[23:07:19] [train] ep=36 step=001/40 ce=0.2644 sc=1.2439 mi=0.0599 dn=0.0000 v13=0.0006 grl=0.1697 v15=0.0000 v15r=0.0000 v16=0.0000 v17=0.0000 v18=0.0000 acc=1.0000 lr=2.26e-04 lambda=0.000 grl_lambda=0.941 v18_lambda=0.000 gpu=3.0/11.8GB
[23:07:24] [train] ep=36 step=010/40 ce=0.3359 sc=0.8348 mi=0.0642 dn=0.0000 v13=0.0008 grl=0.2597 v15=0.0000 v15r=0.0000 v16=0.0000 v17=0.0000 v18=0.0000 acc=0.9938 lr=2.25e-04 lambda=0.000 grl_lambda=0.943 v18_lambda=0.000 gpu=3.0/11.8GB
[23:07:30] [train] ep=36 step=020/40 ce=0.3242 sc=0.7903 mi=0.0645 dn=0.0000 v13=0.0007 grl=0.2712 v15=0.0000 v15r=0.0000 v16=0.0000 v17=0.0000 v18=0.0000 acc=0.9969 lr=2.24e-04 lambda=0.000 grl_lambda=0.944 v18_lambda=0.000 gpu=3.0/11.8GB
[23:07:36] [train] ep=36 step=030/40 ce=0.3344 sc=0.7984 mi=0.0649 dn=0.0000 v13=0.0007 grl=0.2645 v15=0.0000 v15r=0.0000 v16=0.0000 v17=0.0000 v18=0.0000 acc=0.9958 lr=2.23e-04 lambda=0.000 grl_lambda=0.945 v18_lambda=0.000 gpu=3.0/11.8GB
[23:07:42] [train] ep=36 step=040/40 ce=0.3524 sc=0.7910 mi=0.0654 dn=0.0000 v13=0.0007 grl=0.2696 v15=0.0000 v15r=0.0000 v16=0.0000 v17=0.0000 v18=0.0000 acc=0.9938 lr=2.22e-04 lambda=0.000 grl_lambda=0.947 v18_lambda=0.000 gpu=3.0/11.8GB
[23:07:52] [ep_summary] ep=36/100 val_live=0.9383/0.9369 val_ema=0.7963/0.7885 test77_live=0.6115/0.6025 test77_diag_ema=0.4496/0.3659 v13=0.0007 grl=0.2696 v15=0.0000 v15r=0.0000 v16=0.0000 v17=0.0000 v18=0.0000 das=fixed_full[15,140] p=1.00 ep_time=33.0s
[23:07:52] [save] best_sourceval_ema val_acc_ema=0.7963 source_val_live=0.9383/0.9369 source_val_ema=0.7963/0.7885 ep=36
[23:07:52] [train] epoch 37/100 steps=40 use_dann=0 das=fixed_full f=[15.0,140.0] p=1.00 gpu=3.0/11.8GB
[23:07:52] [train] ep=37 step=001/40 ce=0.2678 sc=0.7568 mi=0.0696 dn=0.0000 v13=0.0006 grl=0.2094 v15=0.0000 v15r=0.0000 v16=0.0000 v17=0.0000 v18=0.0000 acc=1.0000 lr=2.22e-04 lambda=0.000 grl_lambda=0.947 v18_lambda=0.000 gpu=3.0/11.8GB
[23:07:57] [train] ep=37 step=010/40 ce=0.3165 sc=0.7450 mi=0.0679 dn=0.0000 v13=0.0008 grl=0.2691 v15=0.0000 v15r=0.0000 v16=0.0000 v17=0.0000 v18=0.0000 acc=0.9938 lr=2.21e-04 lambda=0.000 grl_lambda=0.948 v18_lambda=0.000 gpu=3.0/11.8GB
[23:08:03] [train] ep=37 step=020/40 ce=0.3323 sc=0.8370 mi=0.0681 dn=0.0000 v13=0.0007 grl=0.2717 v15=0.0000 v15r=0.0000 v16=0.0000 v17=0.0000 v18=0.0000 acc=0.9938 lr=2.20e-04 lambda=0.000 grl_lambda=0.949 v18_lambda=0.000 gpu=3.0/11.8GB
[23:08:09] [train] ep=37 step=030/40 ce=0.3505 sc=0.8508 mi=0.0685 dn=0.0000 v13=0.0007 grl=0.2747 v15=0.0000 v15r=0.0000 v16=0.0000 v17=0.0000 v18=0.0000 acc=0.9938 lr=2.19e-04 lambda=0.000 grl_lambda=0.950 v18_lambda=0.000 gpu=3.0/11.8GB
[23:08:15] [train] ep=37 step=040/40 ce=0.3515 sc=0.8582 mi=0.0688 dn=0.0000 v13=0.0007 grl=0.2786 v15=0.0000 v15r=0.0000 v16=0.0000 v17=0.0000 v18=0.0000 acc=0.9938 lr=2.18e-04 lambda=0.000 grl_lambda=0.952 v18_lambda=0.000 gpu=3.0/11.8GB
[23:08:25] [ep_summary] ep=37/100 val_live=0.9444/0.9449 val_ema=0.8210/0.8156 test77_live=0.6223/0.6159 test77_diag_ema=0.4640/0.3849 v13=0.0007 grl=0.2786 v15=0.0000 v15r=0.0000 v16=0.0000 v17=0.0000 v18=0.0000 das=fixed_full[15,140] p=1.00 ep_time=33.0s
[23:08:25] [save] best_sourceval_ema val_acc_ema=0.8210 source_val_live=0.9444/0.9449 source_val_ema=0.8210/0.8156 ep=37
[23:08:25] [train] epoch 38/100 steps=40 use_dann=0 das=fixed_full f=[15.0,140.0] p=1.00 gpu=3.0/11.8GB
[23:08:25] [train] ep=38 step=001/40 ce=0.2750 sc=1.3531 mi=0.0607 dn=0.0000 v13=0.0012 grl=0.2231 v15=0.0000 v15r=0.0000 v16=0.0000 v17=0.0000 v18=0.0000 acc=1.0000 lr=2.18e-04 lambda=0.000 grl_lambda=0.952 v18_lambda=0.000 gpu=3.0/11.8GB
[23:08:30] [train] ep=38 step=010/40 ce=0.3582 sc=0.8447 mi=0.0688 dn=0.0000 v13=0.0006 grl=0.2851 v15=0.0000 v15r=0.0000 v16=0.0000 v17=0.0000 v18=0.0000 acc=0.9938 lr=2.17e-04 lambda=0.000 grl_lambda=0.953 v18_lambda=0.000 gpu=3.0/11.8GB
[23:08:36] [train] ep=38 step=020/40 ce=0.3235 sc=0.7497 mi=0.0678 dn=0.0000 v13=0.0006 grl=0.2924 v15=0.0000 v15r=0.0000 v16=0.0000 v17=0.0000 v18=0.0000 acc=0.9969 lr=2.16e-04 lambda=0.000 grl_lambda=0.954 v18_lambda=0.000 gpu=3.0/11.8GB
[23:08:42] [train] ep=38 step=030/40 ce=0.3131 sc=0.7825 mi=0.0677 dn=0.0000 v13=0.0006 grl=0.2817 v15=0.0000 v15r=0.0000 v16=0.0000 v17=0.0000 v18=0.0000 acc=0.9979 lr=2.15e-04 lambda=0.000 grl_lambda=0.955 v18_lambda=0.000 gpu=3.0/11.8GB
[23:08:48] [train] ep=38 step=040/40 ce=0.3043 sc=0.7985 mi=0.0677 dn=0.0000 v13=0.0006 grl=0.2835 v15=0.0000 v15r=0.0000 v16=0.0000 v17=0.0000 v18=0.0000 acc=0.9984 lr=2.14e-04 lambda=0.000 grl_lambda=0.956 v18_lambda=0.000 gpu=3.0/11.8GB
[23:08:58] [ep_summary] ep=38/100 val_live=0.9444/0.9438 val_ema=0.8457/0.8434 test77_live=0.5827/0.5501 test77_diag_ema=0.4748/0.4058 v13=0.0006 grl=0.2835 v15=0.0000 v15r=0.0000 v16=0.0000 v17=0.0000 v18=0.0000 das=fixed_full[15,140] p=1.00 ep_time=32.9s
[23:08:58] [save] best_sourceval_ema val_acc_ema=0.8457 source_val_live=0.9444/0.9438 source_val_ema=0.8457/0.8434 ep=38
[23:08:58] [train] epoch 39/100 steps=40 use_dann=0 das=fixed_full f=[15.0,140.0] p=1.00 gpu=3.0/11.8GB
[23:08:58] [train] ep=39 step=001/40 ce=0.2668 sc=1.1325 mi=0.0877 dn=0.0000 v13=0.0006 grl=0.3349 v15=0.0000 v15r=0.0000 v16=0.0000 v17=0.0000 v18=0.0000 acc=1.0000 lr=2.14e-04 lambda=0.000 grl_lambda=0.956 v18_lambda=0.000 gpu=3.0/11.8GB
[23:09:03] [train] ep=39 step=010/40 ce=0.3306 sc=0.8039 mi=0.0686 dn=0.0000 v13=0.0006 grl=0.3018 v15=0.0000 v15r=0.0000 v16=0.0000 v17=0.0000 v18=0.0000 acc=0.9938 lr=2.13e-04 lambda=0.000 grl_lambda=0.957 v18_lambda=0.000 gpu=3.0/11.8GB
[23:09:09] [train] ep=39 step=020/40 ce=0.3109 sc=0.7593 mi=0.0687 dn=0.0000 v13=0.0007 grl=0.3050 v15=0.0000 v15r=0.0000 v16=0.0000 v17=0.0000 v18=0.0000 acc=0.9969 lr=2.11e-04 lambda=0.000 grl_lambda=0.958 v18_lambda=0.000 gpu=3.0/11.8GB
[23:09:15] [train] ep=39 step=030/40 ce=0.2996 sc=0.8050 mi=0.0687 dn=0.0000 v13=0.0006 grl=0.3034 v15=0.0000 v15r=0.0000 v16=0.0000 v17=0.0000 v18=0.0000 acc=0.9979 lr=2.10e-04 lambda=0.000 grl_lambda=0.959 v18_lambda=0.000 gpu=3.0/11.8GB
[23:09:21] [train] ep=39 step=040/40 ce=0.2989 sc=0.8092 mi=0.0699 dn=0.0000 v13=0.0006 grl=0.2972 v15=0.0000 v15r=0.0000 v16=0.0000 v17=0.0000 v18=0.0000 acc=0.9984 lr=2.09e-04 lambda=0.000 grl_lambda=0.960 v18_lambda=0.000 gpu=3.0/11.8GB
[23:09:31] [ep_summary] ep=39/100 val_live=0.9321/0.9302 val_ema=0.8519/0.8495 test77_live=0.6007/0.5710 test77_diag_ema=0.4856/0.4168 v13=0.0006 grl=0.2972 v15=0.0000 v15r=0.0000 v16=0.0000 v17=0.0000 v18=0.0000 das=fixed_full[15,140] p=1.00 ep_time=32.9s
[23:09:31] [save] best_sourceval_ema val_acc_ema=0.8519 source_val_live=0.9321/0.9302 source_val_ema=0.8519/0.8495 ep=39
[23:09:31] [train] epoch 40/100 steps=40 use_dann=0 das=fixed_full f=[15.0,140.0] p=1.00 gpu=3.0/11.8GB
[23:09:31] [train] ep=40 step=001/40 ce=0.2630 sc=0.8294 mi=0.0674 dn=0.0000 v13=0.0007 grl=0.2632 v15=0.0000 v15r=0.0000 v16=0.0000 v17=0.0000 v18=0.0000 acc=1.0000 lr=2.09e-04 lambda=0.000 grl_lambda=0.960 v18_lambda=0.000 gpu=3.0/11.8GB
[23:09:36] [train] ep=40 step=010/40 ce=0.3721 sc=0.7505 mi=0.0668 dn=0.0000 v13=0.0005 grl=0.3076 v15=0.0000 v15r=0.0000 v16=0.0000 v17=0.0000 v18=0.0000 acc=0.9938 lr=2.08e-04 lambda=0.000 grl_lambda=0.961 v18_lambda=0.000 gpu=3.0/11.8GB
[23:09:42] [train] ep=40 step=020/40 ce=0.3557 sc=0.6923 mi=0.0662 dn=0.0000 v13=0.0006 grl=0.2875 v15=0.0000 v15r=0.0000 v16=0.0000 v17=0.0000 v18=0.0000 acc=0.9938 lr=2.07e-04 lambda=0.000 grl_lambda=0.962 v18_lambda=0.000 gpu=3.0/11.8GB
[23:09:48] [train] ep=40 step=030/40 ce=0.3924 sc=0.7552 mi=0.0658 dn=0.0000 v13=0.0006 grl=0.2692 v15=0.0000 v15r=0.0000 v16=0.0000 v17=0.0000 v18=0.0000 acc=0.9917 lr=2.06e-04 lambda=0.000 grl_lambda=0.963 v18_lambda=0.000 gpu=3.0/11.8GB
[23:09:54] [train] ep=40 step=040/40 ce=0.4087 sc=0.7830 mi=0.0666 dn=0.0000 v13=0.0006 grl=0.2639 v15=0.0000 v15r=0.0000 v16=0.0000 v17=0.0000 v18=0.0000 acc=0.9906 lr=2.05e-04 lambda=0.000 grl_lambda=0.964 v18_lambda=0.000 gpu=3.0/11.8GB
[23:10:04] [pool] check ep=040/100 source_val_acc_ema=0.8519 threshold=0.90
[23:10:04] [pool] ep=040 SKIP (source_val_acc_ema=0.8519 < 0.90)
[23:10:04] [ep_summary] ep=40/100 val_live=0.9136/0.9119 val_ema=0.8519/0.8495 test77_live=0.5719/0.5608 test77_diag_ema=0.4892/0.4263 v13=0.0006 grl=0.2639 v15=0.0000 v15r=0.0000 v16=0.0000 v17=0.0000 v18=0.0000 das=fixed_full[15,140] p=1.00 ep_time=33.1s
[23:10:04] [strict77_monitor] ep=40 best_source_epoch=39 source_val_ema=0.8519/0.8495 test77_ema_diag=0.4856/0.4168 sourcequalified_count=0
[23:10:04] [train] epoch 41/100 steps=40 use_dann=0 das=fixed_full f=[15.0,140.0] p=1.00 gpu=3.0/11.8GB
[23:10:04] [train] ep=41 step=001/40 ce=1.2173 sc=1.8841 mi=0.0781 dn=0.0000 v13=0.0008 grl=0.2914 v15=0.0000 v15r=0.0000 v16=0.0000 v17=0.0000 v18=0.0000 acc=0.9375 lr=2.05e-04 lambda=0.000 grl_lambda=0.964 v18_lambda=0.000 gpu=3.0/11.8GB
[23:10:09] [train] ep=41 step=010/40 ce=0.3628 sc=1.0207 mi=0.0702 dn=0.0000 v13=0.0006 grl=0.2338 v15=0.0000 v15r=0.0000 v16=0.0000 v17=0.0000 v18=0.0000 acc=0.9938 lr=2.04e-04 lambda=0.000 grl_lambda=0.965 v18_lambda=0.000 gpu=3.0/11.8GB
[23:10:15] [train] ep=41 step=020/40 ce=0.3646 sc=0.8994 mi=0.0696 dn=0.0000 v13=0.0007 grl=0.2575 v15=0.0000 v15r=0.0000 v16=0.0000 v17=0.0000 v18=0.0000 acc=0.9938 lr=2.02e-04 lambda=0.000 grl_lambda=0.966 v18_lambda=0.000 gpu=3.0/11.8GB
[23:10:21] [train] ep=41 step=030/40 ce=0.3652 sc=0.9105 mi=0.0674 dn=0.0000 v13=0.0006 grl=0.2555 v15=0.0000 v15r=0.0000 v16=0.0000 v17=0.0000 v18=0.0000 acc=0.9938 lr=2.01e-04 lambda=0.000 grl_lambda=0.967 v18_lambda=0.000 gpu=3.0/11.8GB
[23:10:27] [train] ep=41 step=040/40 ce=0.3397 sc=0.8698 mi=0.0674 dn=0.0000 v13=0.0007 grl=0.2539 v15=0.0000 v15r=0.0000 v16=0.0000 v17=0.0000 v18=0.0000 acc=0.9953 lr=2.00e-04 lambda=0.000 grl_lambda=0.967 v18_lambda=0.000 gpu=3.0/11.8GB
[23:10:37] [ep_summary] ep=41/100 val_live=0.9630/0.9625 val_ema=0.8827/0.8824 test77_live=0.7266/0.6951 test77_diag_ema=0.4964/0.4391 v13=0.0007 grl=0.2539 v15=0.0000 v15r=0.0000 v16=0.0000 v17=0.0000 v18=0.0000 das=fixed_full[15,140] p=1.00 ep_time=33.2s
[23:10:37] [save] best_sourceval_ema val_acc_ema=0.8827 source_val_live=0.9630/0.9625 source_val_ema=0.8827/0.8824 ep=41
[23:10:37] [train] epoch 42/100 steps=40 use_dann=0 das=fixed_full f=[15.0,140.0] p=1.00 gpu=3.0/11.8GB
[23:10:38] [train] ep=42 step=001/40 ce=0.2636 sc=0.8075 mi=0.0672 dn=0.0000 v13=0.0006 grl=0.2925 v15=0.0000 v15r=0.0000 v16=0.0000 v17=0.0000 v18=0.0000 acc=1.0000 lr=2.00e-04 lambda=0.000 grl_lambda=0.967 v18_lambda=0.000 gpu=3.0/11.8GB
[23:10:43] [train] ep=42 step=010/40 ce=0.3087 sc=0.8057 mi=0.0705 dn=0.0000 v13=0.0006 grl=0.3220 v15=0.0000 v15r=0.0000 v16=0.0000 v17=0.0000 v18=0.0000 acc=0.9938 lr=1.99e-04 lambda=0.000 grl_lambda=0.968 v18_lambda=0.000 gpu=3.0/11.8GB
[23:10:48] [train] ep=42 step=020/40 ce=0.3713 sc=0.8499 mi=0.0701 dn=0.0000 v13=0.0006 grl=0.2810 v15=0.0000 v15r=0.0000 v16=0.0000 v17=0.0000 v18=0.0000 acc=0.9906 lr=1.98e-04 lambda=0.000 grl_lambda=0.969 v18_lambda=0.000 gpu=3.0/11.8GB
[23:10:54] [train] ep=42 step=030/40 ce=0.3681 sc=0.8370 mi=0.0697 dn=0.0000 v13=0.0006 grl=0.2910 v15=0.0000 v15r=0.0000 v16=0.0000 v17=0.0000 v18=0.0000 acc=0.9917 lr=1.97e-04 lambda=0.000 grl_lambda=0.970 v18_lambda=0.000 gpu=3.0/11.8GB
[23:11:00] [train] ep=42 step=040/40 ce=0.3843 sc=0.8279 mi=0.0687 dn=0.0000 v13=0.0006 grl=0.2794 v15=0.0000 v15r=0.0000 v16=0.0000 v17=0.0000 v18=0.0000 acc=0.9891 lr=1.96e-04 lambda=0.000 grl_lambda=0.970 v18_lambda=0.000 gpu=3.0/11.8GB
[23:11:10] [ep_summary] ep=42/100 val_live=0.9506/0.9499 val_ema=0.9136/0.9144 test77_live=0.6906/0.6271 test77_diag_ema=0.5252/0.4761 v13=0.0006 grl=0.2794 v15=0.0000 v15r=0.0000 v16=0.0000 v17=0.0000 v18=0.0000 das=fixed_full[15,140] p=1.00 ep_time=33.1s
[23:11:10] [save] best_sourceval_ema val_acc_ema=0.9136 source_val_live=0.9506/0.9499 source_val_ema=0.9136/0.9144 ep=42
[23:11:10] [save] best_sourcequalified77_ema ep=42 source_val_live=0.9506/0.9499 source_val_ema=0.9136/0.9144 test77_ema=0.5252/0.4761
[23:11:10] [train] epoch 43/100 steps=40 use_dann=0 das=fixed_full f=[15.0,140.0] p=1.00 gpu=3.0/11.8GB
[23:11:11] [train] ep=43 step=001/40 ce=0.2665 sc=0.9504 mi=0.0678 dn=0.0000 v13=0.0008 grl=0.4397 v15=0.0000 v15r=0.0000 v16=0.0000 v17=0.0000 v18=0.0000 acc=1.0000 lr=1.95e-04 lambda=0.000 grl_lambda=0.970 v18_lambda=0.000 gpu=3.0/11.8GB
[23:11:16] [train] ep=43 step=010/40 ce=0.4850 sc=1.0510 mi=0.0714 dn=0.0000 v13=0.0006 grl=0.3447 v15=0.0000 v15r=0.0000 v16=0.0000 v17=0.0000 v18=0.0000 acc=0.9875 lr=1.94e-04 lambda=0.000 grl_lambda=0.971 v18_lambda=0.000 gpu=3.0/11.8GB
[23:11:22] [train] ep=43 step=020/40 ce=0.4036 sc=0.8861 mi=0.0727 dn=0.0000 v13=0.0007 grl=0.3311 v15=0.0000 v15r=0.0000 v16=0.0000 v17=0.0000 v18=0.0000 acc=0.9906 lr=1.93e-04 lambda=0.000 grl_lambda=0.972 v18_lambda=0.000 gpu=3.0/11.8GB
[23:11:28] [train] ep=43 step=030/40 ce=0.3816 sc=0.8720 mi=0.0704 dn=0.0000 v13=0.0007 grl=0.3241 v15=0.0000 v15r=0.0000 v16=0.0000 v17=0.0000 v18=0.0000 acc=0.9938 lr=1.92e-04 lambda=0.000 grl_lambda=0.972 v18_lambda=0.000 gpu=3.0/11.8GB
[23:11:33] [train] ep=43 step=040/40 ce=0.4124 sc=0.8633 mi=0.0692 dn=0.0000 v13=0.0007 grl=0.3142 v15=0.0000 v15r=0.0000 v16=0.0000 v17=0.0000 v18=0.0000 acc=0.9922 lr=1.91e-04 lambda=0.000 grl_lambda=0.973 v18_lambda=0.000 gpu=3.0/11.8GB
[23:11:43] [ep_summary] ep=43/100 val_live=0.9321/0.9317 val_ema=0.9198/0.9208 test77_live=0.5504/0.5415 test77_diag_ema=0.5252/0.4776 v13=0.0007 grl=0.3142 v15=0.0000 v15r=0.0000 v16=0.0000 v17=0.0000 v18=0.0000 das=fixed_full[15,140] p=1.00 ep_time=33.0s
[23:11:43] [save] best_sourceval_ema val_acc_ema=0.9198 source_val_live=0.9321/0.9317 source_val_ema=0.9198/0.9208 ep=43
[23:11:43] [save] best_sourcequalified77_ema ep=43 source_val_live=0.9321/0.9317 source_val_ema=0.9198/0.9208 test77_ema=0.5252/0.4776
[23:11:43] [train] epoch 44/100 steps=40 use_dann=0 das=fixed_full f=[15.0,140.0] p=1.00 gpu=3.0/11.8GB
[23:11:44] [train] ep=44 step=001/40 ce=0.2679 sc=0.8507 mi=0.0654 dn=0.0000 v13=0.0011 grl=0.4516 v15=0.0000 v15r=0.0000 v16=0.0000 v17=0.0000 v18=0.0000 acc=1.0000 lr=1.91e-04 lambda=0.000 grl_lambda=0.973 v18_lambda=0.000 gpu=3.0/11.8GB
[23:11:49] [train] ep=44 step=010/40 ce=0.4261 sc=0.8414 mi=0.0717 dn=0.0000 v13=0.0006 grl=0.3462 v15=0.0000 v15r=0.0000 v16=0.0000 v17=0.0000 v18=0.0000 acc=0.9875 lr=1.90e-04 lambda=0.000 grl_lambda=0.974 v18_lambda=0.000 gpu=3.0/11.8GB
[23:11:55] [train] ep=44 step=020/40 ce=0.3690 sc=0.7802 mi=0.0678 dn=0.0000 v13=0.0007 grl=0.3192 v15=0.0000 v15r=0.0000 v16=0.0000 v17=0.0000 v18=0.0000 acc=0.9938 lr=1.89e-04 lambda=0.000 grl_lambda=0.974 v18_lambda=0.000 gpu=3.0/11.8GB
[23:12:01] [train] ep=44 step=030/40 ce=0.4022 sc=0.8100 mi=0.0673 dn=0.0000 v13=0.0006 grl=0.3100 v15=0.0000 v15r=0.0000 v16=0.0000 v17=0.0000 v18=0.0000 acc=0.9896 lr=1.87e-04 lambda=0.000 grl_lambda=0.975 v18_lambda=0.000 gpu=3.0/11.8GB
[23:12:06] [train] ep=44 step=040/40 ce=0.3943 sc=0.8182 mi=0.0677 dn=0.0000 v13=0.0006 grl=0.3066 v15=0.0000 v15r=0.0000 v16=0.0000 v17=0.0000 v18=0.0000 acc=0.9906 lr=1.86e-04 lambda=0.000 grl_lambda=0.976 v18_lambda=0.000 gpu=3.0/11.8GB
[23:12:16] [ep_summary] ep=44/100 val_live=0.9012/0.9011 val_ema=0.9259/0.9270 test77_live=0.6223/0.6178 test77_diag_ema=0.5288/0.4826 v13=0.0006 grl=0.3066 v15=0.0000 v15r=0.0000 v16=0.0000 v17=0.0000 v18=0.0000 das=fixed_full[15,140] p=1.00 ep_time=33.0s
[23:12:16] [save] best_sourceval_ema val_acc_ema=0.9259 source_val_live=0.9012/0.9011 source_val_ema=0.9259/0.9270 ep=44
[23:12:16] [save] best_sourcequalified77_ema ep=44 source_val_live=0.9012/0.9011 source_val_ema=0.9259/0.9270 test77_ema=0.5288/0.4826
[23:12:16] [train] epoch 45/100 steps=40 use_dann=0 das=fixed_full f=[15.0,140.0] p=1.00 gpu=3.0/11.8GB
[23:12:17] [train] ep=45 step=001/40 ce=0.2601 sc=0.9530 mi=0.0623 dn=0.0000 v13=0.0011 grl=0.2807 v15=0.0000 v15r=0.0000 v16=0.0000 v17=0.0000 v18=0.0000 acc=1.0000 lr=1.86e-04 lambda=0.000 grl_lambda=0.976 v18_lambda=0.000 gpu=3.0/11.8GB
[23:12:22] [train] ep=45 step=010/40 ce=0.3373 sc=0.8448 mi=0.0680 dn=0.0000 v13=0.0006 grl=0.2245 v15=0.0000 v15r=0.0000 v16=0.0000 v17=0.0000 v18=0.0000 acc=0.9938 lr=1.85e-04 lambda=0.000 grl_lambda=0.976 v18_lambda=0.000 gpu=3.0/11.8GB
[23:12:28] [train] ep=45 step=020/40 ce=0.3071 sc=0.7599 mi=0.0666 dn=0.0000 v13=0.0006 grl=0.2604 v15=0.0000 v15r=0.0000 v16=0.0000 v17=0.0000 v18=0.0000 acc=0.9969 lr=1.84e-04 lambda=0.000 grl_lambda=0.977 v18_lambda=0.000 gpu=3.0/11.8GB
[23:12:34] [train] ep=45 step=030/40 ce=0.3182 sc=0.7835 mi=0.0662 dn=0.0000 v13=0.0006 grl=0.2612 v15=0.0000 v15r=0.0000 v16=0.0000 v17=0.0000 v18=0.0000 acc=0.9958 lr=1.83e-04 lambda=0.000 grl_lambda=0.977 v18_lambda=0.000 gpu=3.0/11.8GB
[23:12:39] [train] ep=45 step=040/40 ce=0.3110 sc=0.7923 mi=0.0655 dn=0.0000 v13=0.0006 grl=0.2612 v15=0.0000 v15r=0.0000 v16=0.0000 v17=0.0000 v18=0.0000 acc=0.9969 lr=1.81e-04 lambda=0.000 grl_lambda=0.978 v18_lambda=0.000 gpu=3.0/11.8GB
[23:12:49] [ep_summary] ep=45/100 val_live=0.9506/0.9501 val_ema=0.9321/0.9328 test77_live=0.5791/0.5812 test77_diag_ema=0.5288/0.4916 v13=0.0006 grl=0.2612 v15=0.0000 v15r=0.0000 v16=0.0000 v17=0.0000 v18=0.0000 das=fixed_full[15,140] p=1.00 ep_time=32.9s
[23:12:49] [save] best_sourceval_ema val_acc_ema=0.9321 source_val_live=0.9506/0.9501 source_val_ema=0.9321/0.9328 ep=45
[23:12:49] [save] best_sourcequalified77_ema ep=45 source_val_live=0.9506/0.9501 source_val_ema=0.9321/0.9328 test77_ema=0.5288/0.4916
[23:12:49] [train] epoch 46/100 steps=40 use_dann=0 das=fixed_full f=[15.0,140.0] p=1.00 gpu=3.0/11.8GB
[23:12:50] [train] ep=46 step=001/40 ce=0.2641 sc=0.7137 mi=0.0740 dn=0.0000 v13=0.0010 grl=0.4030 v15=0.0000 v15r=0.0000 v16=0.0000 v17=0.0000 v18=0.0000 acc=1.0000 lr=1.81e-04 lambda=0.000 grl_lambda=0.978 v18_lambda=0.000 gpu=3.0/11.8GB
[23:12:55] [train] ep=46 step=010/40 ce=0.2800 sc=0.6741 mi=0.0642 dn=0.0000 v13=0.0006 grl=0.3017 v15=0.0000 v15r=0.0000 v16=0.0000 v17=0.0000 v18=0.0000 acc=1.0000 lr=1.80e-04 lambda=0.000 grl_lambda=0.979 v18_lambda=0.000 gpu=3.0/11.8GB
[23:13:01] [train] ep=46 step=020/40 ce=0.2834 sc=0.7379 mi=0.0644 dn=0.0000 v13=0.0006 grl=0.2729 v15=0.0000 v15r=0.0000 v16=0.0000 v17=0.0000 v18=0.0000 acc=1.0000 lr=1.79e-04 lambda=0.000 grl_lambda=0.979 v18_lambda=0.000 gpu=3.0/11.8GB
[23:13:07] [train] ep=46 step=030/40 ce=0.2762 sc=0.7921 mi=0.0650 dn=0.0000 v13=0.0006 grl=0.2788 v15=0.0000 v15r=0.0000 v16=0.0000 v17=0.0000 v18=0.0000 acc=1.0000 lr=1.78e-04 lambda=0.000 grl_lambda=0.980 v18_lambda=0.000 gpu=3.0/11.8GB
[23:13:12] [train] ep=46 step=040/40 ce=0.2843 sc=0.7885 mi=0.0656 dn=0.0000 v13=0.0006 grl=0.2815 v15=0.0000 v15r=0.0000 v16=0.0000 v17=0.0000 v18=0.0000 acc=1.0000 lr=1.77e-04 lambda=0.000 grl_lambda=0.980 v18_lambda=0.000 gpu=3.0/11.8GB
[23:13:22] [ep_summary] ep=46/100 val_live=0.9506/0.9504 val_ema=0.9321/0.9328 test77_live=0.6115/0.6012 test77_diag_ema=0.5360/0.4984 v13=0.0006 grl=0.2815 v15=0.0000 v15r=0.0000 v16=0.0000 v17=0.0000 v18=0.0000 das=fixed_full[15,140] p=1.00 ep_time=33.0s
[23:13:22] [save] best_sourcequalified77_ema ep=46 source_val_live=0.9506/0.9504 source_val_ema=0.9321/0.9328 test77_ema=0.5360/0.4984
[23:13:22] [train] epoch 47/100 steps=40 use_dann=0 das=fixed_full f=[15.0,140.0] p=1.00 gpu=3.0/11.8GB
[23:13:23] [train] ep=47 step=001/40 ce=0.2655 sc=0.7120 mi=0.0717 dn=0.0000 v13=0.0007 grl=0.1908 v15=0.0000 v15r=0.0000 v16=0.0000 v17=0.0000 v18=0.0000 acc=1.0000 lr=1.77e-04 lambda=0.000 grl_lambda=0.980 v18_lambda=0.000 gpu=3.0/11.8GB
[23:13:28] [train] ep=47 step=010/40 ce=0.2903 sc=0.8001 mi=0.0671 dn=0.0000 v13=0.0005 grl=0.2341 v15=0.0000 v15r=0.0000 v16=0.0000 v17=0.0000 v18=0.0000 acc=1.0000 lr=1.76e-04 lambda=0.000 grl_lambda=0.981 v18_lambda=0.000 gpu=3.0/11.8GB
[23:13:34] [train] ep=47 step=020/40 ce=0.2932 sc=0.7831 mi=0.0658 dn=0.0000 v13=0.0005 grl=0.2568 v15=0.0000 v15r=0.0000 v16=0.0000 v17=0.0000 v18=0.0000 acc=1.0000 lr=1.74e-04 lambda=0.000 grl_lambda=0.981 v18_lambda=0.000 gpu=3.0/11.8GB
[23:13:40] [train] ep=47 step=030/40 ce=0.2827 sc=0.7785 mi=0.0663 dn=0.0000 v13=0.0005 grl=0.2638 v15=0.0000 v15r=0.0000 v16=0.0000 v17=0.0000 v18=0.0000 acc=1.0000 lr=1.73e-04 lambda=0.000 grl_lambda=0.981 v18_lambda=0.000 gpu=3.0/11.8GB
[23:13:45] [train] ep=47 step=040/40 ce=0.2776 sc=0.7733 mi=0.0654 dn=0.0000 v13=0.0005 grl=0.2596 v15=0.0000 v15r=0.0000 v16=0.0000 v17=0.0000 v18=0.0000 acc=1.0000 lr=1.72e-04 lambda=0.000 grl_lambda=0.982 v18_lambda=0.000 gpu=3.0/11.8GB
[23:13:55] [ep_summary] ep=47/100 val_live=0.9568/0.9559 val_ema=0.9383/0.9391 test77_live=0.5935/0.5892 test77_diag_ema=0.5504/0.5139 v13=0.0005 grl=0.2596 v15=0.0000 v15r=0.0000 v16=0.0000 v17=0.0000 v18=0.0000 das=fixed_full[15,140] p=1.00 ep_time=33.0s
[23:13:56] [save] best_sourceval_ema val_acc_ema=0.9383 source_val_live=0.9568/0.9559 source_val_ema=0.9383/0.9391 ep=47
[23:13:56] [save] best_sourcequalified77_ema ep=47 source_val_live=0.9568/0.9559 source_val_ema=0.9383/0.9391 test77_ema=0.5504/0.5139
[23:13:56] [train] epoch 48/100 steps=40 use_dann=0 das=fixed_full f=[15.0,140.0] p=1.00 gpu=3.0/11.8GB
[23:13:56] [train] ep=48 step=001/40 ce=1.0259 sc=1.0412 mi=0.0746 dn=0.0000 v13=0.0009 grl=0.1828 v15=0.0000 v15r=0.0000 v16=0.0000 v17=0.0000 v18=0.0000 acc=0.9375 lr=1.72e-04 lambda=0.000 grl_lambda=0.982 v18_lambda=0.000 gpu=3.0/11.8GB
[23:14:01] [train] ep=48 step=010/40 ce=0.4293 sc=0.8883 mi=0.0694 dn=0.0000 v13=0.0005 grl=0.2800 v15=0.0000 v15r=0.0000 v16=0.0000 v17=0.0000 v18=0.0000 acc=0.9875 lr=1.71e-04 lambda=0.000 grl_lambda=0.982 v18_lambda=0.000 gpu=3.0/11.8GB
[23:14:07] [train] ep=48 step=020/40 ce=0.3532 sc=0.8999 mi=0.0672 dn=0.0000 v13=0.0006 grl=0.2684 v15=0.0000 v15r=0.0000 v16=0.0000 v17=0.0000 v18=0.0000 acc=0.9938 lr=1.69e-04 lambda=0.000 grl_lambda=0.983 v18_lambda=0.000 gpu=3.0/11.8GB
[23:14:13] [train] ep=48 step=030/40 ce=0.3389 sc=0.8480 mi=0.0667 dn=0.0000 v13=0.0006 grl=0.2650 v15=0.0000 v15r=0.0000 v16=0.0000 v17=0.0000 v18=0.0000 acc=0.9938 lr=1.68e-04 lambda=0.000 grl_lambda=0.983 v18_lambda=0.000 gpu=3.0/11.8GB
[23:14:19] [train] ep=48 step=040/40 ce=0.3608 sc=0.8548 mi=0.0666 dn=0.0000 v13=0.0006 grl=0.2558 v15=0.0000 v15r=0.0000 v16=0.0000 v17=0.0000 v18=0.0000 acc=0.9922 lr=1.67e-04 lambda=0.000 grl_lambda=0.984 v18_lambda=0.000 gpu=3.0/11.8GB
[23:14:29] [ep_summary] ep=48/100 val_live=0.9506/0.9495 val_ema=0.9568/0.9578 test77_live=0.6439/0.6419 test77_diag_ema=0.5468/0.5104 v13=0.0006 grl=0.2558 v15=0.0000 v15r=0.0000 v16=0.0000 v17=0.0000 v18=0.0000 das=fixed_full[15,140] p=1.00 ep_time=33.0s
[23:14:29] [save] best_sourceval_ema val_acc_ema=0.9568 source_val_live=0.9506/0.9495 source_val_ema=0.9568/0.9578 ep=48
[23:14:29] [train] epoch 49/100 steps=40 use_dann=0 das=fixed_full f=[15.0,140.0] p=1.00 gpu=3.0/11.8GB
[23:14:29] [train] ep=49 step=001/40 ce=0.7050 sc=0.9361 mi=0.0759 dn=0.0000 v13=0.0010 grl=0.2625 v15=0.0000 v15r=0.0000 v16=0.0000 v17=0.0000 v18=0.0000 acc=0.9375 lr=1.67e-04 lambda=0.000 grl_lambda=0.984 v18_lambda=0.000 gpu=3.0/11.8GB
[23:14:34] [train] ep=49 step=010/40 ce=0.3217 sc=0.7849 mi=0.0665 dn=0.0000 v13=0.0006 grl=0.2648 v15=0.0000 v15r=0.0000 v16=0.0000 v17=0.0000 v18=0.0000 acc=0.9938 lr=1.66e-04 lambda=0.000 grl_lambda=0.984 v18_lambda=0.000 gpu=3.0/11.8GB
[23:14:40] [train] ep=49 step=020/40 ce=0.2928 sc=0.7502 mi=0.0644 dn=0.0000 v13=0.0006 grl=0.2621 v15=0.0000 v15r=0.0000 v16=0.0000 v17=0.0000 v18=0.0000 acc=0.9969 lr=1.65e-04 lambda=0.000 grl_lambda=0.984 v18_lambda=0.000 gpu=3.0/11.8GB
[23:14:46] [train] ep=49 step=030/40 ce=0.3484 sc=0.7612 mi=0.0671 dn=0.0000 v13=0.0005 grl=0.2712 v15=0.0000 v15r=0.0000 v16=0.0000 v17=0.0000 v18=0.0000 acc=0.9938 lr=1.63e-04 lambda=0.000 grl_lambda=0.985 v18_lambda=0.000 gpu=3.0/11.8GB
[23:14:52] [train] ep=49 step=040/40 ce=0.3507 sc=0.7529 mi=0.0670 dn=0.0000 v13=0.0005 grl=0.2731 v15=0.0000 v15r=0.0000 v16=0.0000 v17=0.0000 v18=0.0000 acc=0.9938 lr=1.62e-04 lambda=0.000 grl_lambda=0.985 v18_lambda=0.000 gpu=3.0/11.8GB
[23:15:02] [ep_summary] ep=49/100 val_live=0.9383/0.9377 val_ema=0.9630/0.9637 test77_live=0.6619/0.6618 test77_diag_ema=0.5540/0.5151 v13=0.0005 grl=0.2731 v15=0.0000 v15r=0.0000 v16=0.0000 v17=0.0000 v18=0.0000 das=fixed_full[15,140] p=1.00 ep_time=33.0s
[23:15:02] [save] best_sourceval_ema val_acc_ema=0.9630 source_val_live=0.9383/0.9377 source_val_ema=0.9630/0.9637 ep=49
[23:15:02] [save] best_sourcequalified77_ema ep=49 source_val_live=0.9383/0.9377 source_val_ema=0.9630/0.9637 test77_ema=0.5540/0.5151
[23:15:02] [train] epoch 50/100 steps=40 use_dann=0 das=fixed_full f=[15.0,140.0] p=1.00 gpu=3.0/11.8GB
[23:15:02] [train] ep=50 step=001/40 ce=1.4965 sc=1.8549 mi=0.0746 dn=0.0000 v13=0.0018 grl=0.2228 v15=0.0000 v15r=0.0000 v16=0.0000 v17=0.0000 v18=0.0000 acc=0.8750 lr=1.62e-04 lambda=0.000 grl_lambda=0.985 v18_lambda=0.000 gpu=3.0/11.8GB
[23:15:08] [train] ep=50 step=010/40 ce=0.5931 sc=0.9147 mi=0.0670 dn=0.0000 v13=0.0008 grl=0.2310 v15=0.0000 v15r=0.0000 v16=0.0000 v17=0.0000 v18=0.0000 acc=0.9750 lr=1.61e-04 lambda=0.000 grl_lambda=0.986 v18_lambda=0.000 gpu=3.0/11.8GB
[23:15:14] [train] ep=50 step=020/40 ce=0.5210 sc=0.8940 mi=0.0658 dn=0.0000 v13=0.0006 grl=0.2563 v15=0.0000 v15r=0.0000 v16=0.0000 v17=0.0000 v18=0.0000 acc=0.9812 lr=1.60e-04 lambda=0.000 grl_lambda=0.986 v18_lambda=0.000 gpu=3.0/11.8GB
[23:15:19] [train] ep=50 step=030/40 ce=0.4632 sc=0.8599 mi=0.0669 dn=0.0000 v13=0.0006 grl=0.2583 v15=0.0000 v15r=0.0000 v16=0.0000 v17=0.0000 v18=0.0000 acc=0.9854 lr=1.59e-04 lambda=0.000 grl_lambda=0.986 v18_lambda=0.000 gpu=3.0/11.8GB
[23:15:25] [train] ep=50 step=040/40 ce=0.4223 sc=0.8372 mi=0.0661 dn=0.0000 v13=0.0006 grl=0.2673 v15=0.0000 v15r=0.0000 v16=0.0000 v17=0.0000 v18=0.0000 acc=0.9891 lr=1.57e-04 lambda=0.000 grl_lambda=0.987 v18_lambda=0.000 gpu=3.0/11.8GB
[23:15:35] [pool] check ep=050/100 source_val_acc_ema=0.9691 threshold=0.90
[23:15:41] [pool] ep=050 ADDED src_val=0.9691/0.9694 dev77=0.5071/0.4624 final77=0.5540/0.5148
[23:15:41] [pool] running best ep=050 dev77_f1=0.4624 final77_f1=0.5148 (pool_size=1)
[23:15:41] [ep_summary] ep=50/100 val_live=0.9444/0.9463 val_ema=0.9691/0.9694 test77_live=0.5755/0.5540 test77_diag_ema=0.5540/0.5148 v13=0.0006 grl=0.2673 v15=0.0000 v15r=0.0000 v16=0.0000 v17=0.0000 v18=0.0000 das=fixed_full[15,140] p=1.00 ep_time=39.3s
[23:15:41] [save] best_sourceval_ema val_acc_ema=0.9691 source_val_live=0.9444/0.9463 source_val_ema=0.9691/0.9694 ep=50
[23:15:41] [strict77_monitor] ep=50 best_source_epoch=50 source_val_ema=0.9691/0.9694 test77_ema_diag=0.5540/0.5148 sourcequalified_count=9 best_sourcequalified77_epoch=49 source_val_ema=0.9630/0.9637 test77_ema=0.5540/0.5151
[23:15:41] [train] epoch 51/100 steps=40 use_dann=0 das=fixed_full f=[15.0,140.0] p=1.00 gpu=3.0/11.8GB
[23:15:42] [train] ep=51 step=001/40 ce=0.2644 sc=0.9962 mi=0.0664 dn=0.0000 v13=0.0005 grl=0.2867 v15=0.0000 v15r=0.0000 v16=0.0000 v17=0.0000 v18=0.0000 acc=1.0000 lr=1.57e-04 lambda=0.000 grl_lambda=0.987 v18_lambda=0.000 gpu=3.0/11.8GB
[23:15:47] [train] ep=51 step=010/40 ce=0.2680 sc=0.7604 mi=0.0660 dn=0.0000 v13=0.0005 grl=0.2485 v15=0.0000 v15r=0.0000 v16=0.0000 v17=0.0000 v18=0.0000 acc=1.0000 lr=1.56e-04 lambda=0.000 grl_lambda=0.987 v18_lambda=0.000 gpu=3.0/11.8GB
[23:15:53] [train] ep=51 step=020/40 ce=0.2894 sc=0.7542 mi=0.0671 dn=0.0000 v13=0.0005 grl=0.2550 v15=0.0000 v15r=0.0000 v16=0.0000 v17=0.0000 v18=0.0000 acc=0.9969 lr=1.55e-04 lambda=0.000 grl_lambda=0.987 v18_lambda=0.000 gpu=3.0/11.8GB
[23:15:58] [train] ep=51 step=030/40 ce=0.2858 sc=0.7455 mi=0.0652 dn=0.0000 v13=0.0005 grl=0.2431 v15=0.0000 v15r=0.0000 v16=0.0000 v17=0.0000 v18=0.0000 acc=0.9979 lr=1.54e-04 lambda=0.000 grl_lambda=0.988 v18_lambda=0.000 gpu=3.0/11.8GB
[23:16:04] [train] ep=51 step=040/40 ce=0.3130 sc=0.7905 mi=0.0652 dn=0.0000 v13=0.0005 grl=0.2582 v15=0.0000 v15r=0.0000 v16=0.0000 v17=0.0000 v18=0.0000 acc=0.9969 lr=1.53e-04 lambda=0.000 grl_lambda=0.988 v18_lambda=0.000 gpu=3.0/11.8GB
[23:16:14] [ep_summary] ep=51/100 val_live=0.9506/0.9513 val_ema=0.9630/0.9631 test77_live=0.5935/0.5688 test77_diag_ema=0.5612/0.5207 v13=0.0005 grl=0.2582 v15=0.0000 v15r=0.0000 v16=0.0000 v17=0.0000 v18=0.0000 das=fixed_full[15,140] p=1.00 ep_time=33.1s
[23:16:14] [save] best_sourcequalified77_ema ep=51 source_val_live=0.9506/0.9513 source_val_ema=0.9630/0.9631 test77_ema=0.5612/0.5207
[23:16:14] [train] epoch 52/100 steps=40 use_dann=0 das=fixed_full f=[15.0,140.0] p=1.00 gpu=3.0/11.8GB
[23:16:15] [train] ep=52 step=001/40 ce=0.2589 sc=0.4392 mi=0.0574 dn=0.0000 v13=0.0004 grl=0.3015 v15=0.0000 v15r=0.0000 v16=0.0000 v17=0.0000 v18=0.0000 acc=1.0000 lr=1.52e-04 lambda=0.000 grl_lambda=0.988 v18_lambda=0.000 gpu=3.0/11.8GB
[23:16:20] [train] ep=52 step=010/40 ce=0.2630 sc=0.8239 mi=0.0653 dn=0.0000 v13=0.0005 grl=0.3032 v15=0.0000 v15r=0.0000 v16=0.0000 v17=0.0000 v18=0.0000 acc=1.0000 lr=1.51e-04 lambda=0.000 grl_lambda=0.988 v18_lambda=0.000 gpu=3.0/11.8GB
[23:16:26] [train] ep=52 step=020/40 ce=0.3097 sc=0.8395 mi=0.0656 dn=0.0000 v13=0.0005 grl=0.2920 v15=0.0000 v15r=0.0000 v16=0.0000 v17=0.0000 v18=0.0000 acc=0.9969 lr=1.50e-04 lambda=0.000 grl_lambda=0.988 v18_lambda=0.000 gpu=3.0/11.8GB
[23:16:32] [train] ep=52 step=030/40 ce=0.3225 sc=0.8252 mi=0.0657 dn=0.0000 v13=0.0005 grl=0.2973 v15=0.0000 v15r=0.0000 v16=0.0000 v17=0.0000 v18=0.0000 acc=0.9958 lr=1.49e-04 lambda=0.000 grl_lambda=0.989 v18_lambda=0.000 gpu=3.0/11.8GB
[23:16:37] [train] ep=52 step=040/40 ce=0.3181 sc=0.8194 mi=0.0670 dn=0.0000 v13=0.0005 grl=0.3032 v15=0.0000 v15r=0.0000 v16=0.0000 v17=0.0000 v18=0.0000 acc=0.9969 lr=1.48e-04 lambda=0.000 grl_lambda=0.989 v18_lambda=0.000 gpu=3.0/11.8GB
[23:16:47] [ep_summary] ep=52/100 val_live=0.9506/0.9517 val_ema=0.9630/0.9631 test77_live=0.6223/0.6101 test77_diag_ema=0.5647/0.5276 v13=0.0005 grl=0.3032 v15=0.0000 v15r=0.0000 v16=0.0000 v17=0.0000 v18=0.0000 das=fixed_full[15,140] p=1.00 ep_time=33.0s
[23:16:47] [save] best_sourcequalified77_ema ep=52 source_val_live=0.9506/0.9517 source_val_ema=0.9630/0.9631 test77_ema=0.5647/0.5276
[23:16:47] [train] epoch 53/100 steps=40 use_dann=0 das=fixed_full f=[15.0,140.0] p=1.00 gpu=3.0/11.8GB
[23:16:48] [train] ep=53 step=001/40 ce=0.2611 sc=0.4351 mi=0.0659 dn=0.0000 v13=0.0006 grl=0.2542 v15=0.0000 v15r=0.0000 v16=0.0000 v17=0.0000 v18=0.0000 acc=1.0000 lr=1.48e-04 lambda=0.000 grl_lambda=0.989 v18_lambda=0.000 gpu=3.0/11.8GB
[23:16:53] [train] ep=53 step=010/40 ce=0.3833 sc=0.8158 mi=0.0625 dn=0.0000 v13=0.0005 grl=0.2679 v15=0.0000 v15r=0.0000 v16=0.0000 v17=0.0000 v18=0.0000 acc=0.9938 lr=1.46e-04 lambda=0.000 grl_lambda=0.989 v18_lambda=0.000 gpu=3.0/11.8GB
[23:16:59] [train] ep=53 step=020/40 ce=0.3244 sc=0.8281 mi=0.0642 dn=0.0000 v13=0.0005 grl=0.2593 v15=0.0000 v15r=0.0000 v16=0.0000 v17=0.0000 v18=0.0000 acc=0.9969 lr=1.45e-04 lambda=0.000 grl_lambda=0.990 v18_lambda=0.000 gpu=3.0/11.8GB
[23:17:05] [train] ep=53 step=030/40 ce=0.3038 sc=0.7973 mi=0.0643 dn=0.0000 v13=0.0005 grl=0.2559 v15=0.0000 v15r=0.0000 v16=0.0000 v17=0.0000 v18=0.0000 acc=0.9979 lr=1.44e-04 lambda=0.000 grl_lambda=0.990 v18_lambda=0.000 gpu=3.0/11.8GB
[23:17:10] [train] ep=53 step=040/40 ce=0.2963 sc=0.8151 mi=0.0646 dn=0.0000 v13=0.0005 grl=0.2658 v15=0.0000 v15r=0.0000 v16=0.0000 v17=0.0000 v18=0.0000 acc=0.9984 lr=1.43e-04 lambda=0.000 grl_lambda=0.990 v18_lambda=0.000 gpu=3.0/11.8GB
[23:17:20] [ep_summary] ep=53/100 val_live=0.9568/0.9577 val_ema=0.9630/0.9631 test77_live=0.6079/0.5979 test77_diag_ema=0.5719/0.5390 v13=0.0005 grl=0.2658 v15=0.0000 v15r=0.0000 v16=0.0000 v17=0.0000 v18=0.0000 das=fixed_full[15,140] p=1.00 ep_time=33.0s
[23:17:20] [save] best_sourcequalified77_ema ep=53 source_val_live=0.9568/0.9577 source_val_ema=0.9630/0.9631 test77_ema=0.5719/0.5390
[23:17:20] [train] epoch 54/100 steps=40 use_dann=0 das=fixed_full f=[15.0,140.0] p=1.00 gpu=3.0/11.8GB
[23:17:21] [train] ep=54 step=001/40 ce=0.2609 sc=0.8489 mi=0.0551 dn=0.0000 v13=0.0005 grl=0.2314 v15=0.0000 v15r=0.0000 v16=0.0000 v17=0.0000 v18=0.0000 acc=1.0000 lr=1.43e-04 lambda=0.000 grl_lambda=0.990 v18_lambda=0.000 gpu=3.0/11.8GB
[23:17:26] [train] ep=54 step=010/40 ce=0.3446 sc=0.7261 mi=0.0643 dn=0.0000 v13=0.0005 grl=0.2902 v15=0.0000 v15r=0.0000 v16=0.0000 v17=0.0000 v18=0.0000 acc=0.9938 lr=1.42e-04 lambda=0.000 grl_lambda=0.990 v18_lambda=0.000 gpu=3.0/11.8GB
[23:17:32] [train] ep=54 step=020/40 ce=0.3059 sc=0.7397 mi=0.0629 dn=0.0000 v13=0.0005 grl=0.2782 v15=0.0000 v15r=0.0000 v16=0.0000 v17=0.0000 v18=0.0000 acc=0.9969 lr=1.40e-04 lambda=0.000 grl_lambda=0.991 v18_lambda=0.000 gpu=3.0/11.8GB
[23:17:38] [train] ep=54 step=030/40 ce=0.3524 sc=0.7606 mi=0.0640 dn=0.0000 v13=0.0006 grl=0.2685 v15=0.0000 v15r=0.0000 v16=0.0000 v17=0.0000 v18=0.0000 acc=0.9917 lr=1.39e-04 lambda=0.000 grl_lambda=0.991 v18_lambda=0.000 gpu=3.0/11.8GB
[23:17:43] [train] ep=54 step=040/40 ce=0.3369 sc=0.7634 mi=0.0644 dn=0.0000 v13=0.0006 grl=0.2652 v15=0.0000 v15r=0.0000 v16=0.0000 v17=0.0000 v18=0.0000 acc=0.9938 lr=1.38e-04 lambda=0.000 grl_lambda=0.991 v18_lambda=0.000 gpu=3.0/11.8GB
[23:17:53] [ep_summary] ep=54/100 val_live=0.9506/0.9497 val_ema=0.9630/0.9631 test77_live=0.5432/0.5162 test77_diag_ema=0.5755/0.5471 v13=0.0006 grl=0.2652 v15=0.0000 v15r=0.0000 v16=0.0000 v17=0.0000 v18=0.0000 das=fixed_full[15,140] p=1.00 ep_time=33.0s
[23:17:53] [save] best_sourcequalified77_ema ep=54 source_val_live=0.9506/0.9497 source_val_ema=0.9630/0.9631 test77_ema=0.5755/0.5471
[23:17:53] [train] epoch 55/100 steps=40 use_dann=0 das=fixed_full f=[15.0,140.0] p=1.00 gpu=3.0/11.8GB
[23:17:54] [train] ep=55 step=001/40 ce=0.2622 sc=0.9490 mi=0.0596 dn=0.0000 v13=0.0008 grl=0.2516 v15=0.0000 v15r=0.0000 v16=0.0000 v17=0.0000 v18=0.0000 acc=1.0000 lr=1.38e-04 lambda=0.000 grl_lambda=0.991 v18_lambda=0.000 gpu=3.0/11.8GB
[23:17:59] [train] ep=55 step=010/40 ce=0.2743 sc=0.6986 mi=0.0634 dn=0.0000 v13=0.0005 grl=0.2787 v15=0.0000 v15r=0.0000 v16=0.0000 v17=0.0000 v18=0.0000 acc=1.0000 lr=1.37e-04 lambda=0.000 grl_lambda=0.991 v18_lambda=0.000 gpu=3.0/11.8GB
[23:18:05] [train] ep=55 step=020/40 ce=0.2892 sc=0.7511 mi=0.0664 dn=0.0000 v13=0.0006 grl=0.2735 v15=0.0000 v15r=0.0000 v16=0.0000 v17=0.0000 v18=0.0000 acc=1.0000 lr=1.36e-04 lambda=0.000 grl_lambda=0.991 v18_lambda=0.000 gpu=3.0/11.8GB
[23:18:11] [train] ep=55 step=030/40 ce=0.2809 sc=0.7158 mi=0.0667 dn=0.0000 v13=0.0005 grl=0.2756 v15=0.0000 v15r=0.0000 v16=0.0000 v17=0.0000 v18=0.0000 acc=1.0000 lr=1.34e-04 lambda=0.000 grl_lambda=0.992 v18_lambda=0.000 gpu=3.0/11.8GB
[23:18:16] [train] ep=55 step=040/40 ce=0.2892 sc=0.7640 mi=0.0658 dn=0.0000 v13=0.0005 grl=0.2716 v15=0.0000 v15r=0.0000 v16=0.0000 v17=0.0000 v18=0.0000 acc=0.9984 lr=1.33e-04 lambda=0.000 grl_lambda=0.992 v18_lambda=0.000 gpu=3.0/11.8GB
[23:18:26] [ep_summary] ep=55/100 val_live=0.9444/0.9455 val_ema=0.9630/0.9631 test77_live=0.5683/0.5565 test77_diag_ema=0.5791/0.5497 v13=0.0005 grl=0.2716 v15=0.0000 v15r=0.0000 v16=0.0000 v17=0.0000 v18=0.0000 das=fixed_full[15,140] p=1.00 ep_time=33.0s
[23:18:26] [save] best_sourcequalified77_ema ep=55 source_val_live=0.9444/0.9455 source_val_ema=0.9630/0.9631 test77_ema=0.5791/0.5497
[23:18:26] [train] epoch 56/100 steps=40 use_dann=0 das=fixed_full f=[15.0,140.0] p=1.00 gpu=3.0/11.8GB
[23:18:27] [train] ep=56 step=001/40 ce=0.2579 sc=0.6539 mi=0.0596 dn=0.0000 v13=0.0005 grl=0.3316 v15=0.0000 v15r=0.0000 v16=0.0000 v17=0.0000 v18=0.0000 acc=1.0000 lr=1.33e-04 lambda=0.000 grl_lambda=0.992 v18_lambda=0.000 gpu=3.0/11.8GB
[23:18:32] [train] ep=56 step=010/40 ce=0.3305 sc=0.7905 mi=0.0671 dn=0.0000 v13=0.0004 grl=0.3394 v15=0.0000 v15r=0.0000 v16=0.0000 v17=0.0000 v18=0.0000 acc=0.9938 lr=1.32e-04 lambda=0.000 grl_lambda=0.992 v18_lambda=0.000 gpu=3.0/11.8GB
[23:18:38] [train] ep=56 step=020/40 ce=0.4005 sc=0.8397 mi=0.0651 dn=0.0000 v13=0.0005 grl=0.2940 v15=0.0000 v15r=0.0000 v16=0.0000 v17=0.0000 v18=0.0000 acc=0.9906 lr=1.31e-04 lambda=0.000 grl_lambda=0.992 v18_lambda=0.000 gpu=3.0/11.8GB
[23:18:44] [train] ep=56 step=030/40 ce=0.3792 sc=0.8151 mi=0.0661 dn=0.0000 v13=0.0005 grl=0.2955 v15=0.0000 v15r=0.0000 v16=0.0000 v17=0.0000 v18=0.0000 acc=0.9917 lr=1.30e-04 lambda=0.000 grl_lambda=0.992 v18_lambda=0.000 gpu=3.0/11.8GB
[23:18:49] [train] ep=56 step=040/40 ce=0.3526 sc=0.7848 mi=0.0660 dn=0.0000 v13=0.0005 grl=0.2916 v15=0.0000 v15r=0.0000 v16=0.0000 v17=0.0000 v18=0.0000 acc=0.9938 lr=1.28e-04 lambda=0.000 grl_lambda=0.993 v18_lambda=0.000 gpu=3.0/11.8GB
[23:18:59] [ep_summary] ep=56/100 val_live=0.9259/0.9260 val_ema=0.9568/0.9568 test77_live=0.5540/0.5433 test77_diag_ema=0.5755/0.5441 v13=0.0005 grl=0.2916 v15=0.0000 v15r=0.0000 v16=0.0000 v17=0.0000 v18=0.0000 das=fixed_full[15,140] p=1.00 ep_time=33.0s
[23:18:59] [train] epoch 57/100 steps=40 use_dann=0 das=fixed_full f=[15.0,140.0] p=1.00 gpu=3.0/11.8GB
[23:19:00] [train] ep=57 step=001/40 ce=0.2594 sc=0.6178 mi=0.0668 dn=0.0000 v13=0.0003 grl=0.2497 v15=0.0000 v15r=0.0000 v16=0.0000 v17=0.0000 v18=0.0000 acc=1.0000 lr=1.28e-04 lambda=0.000 grl_lambda=0.993 v18_lambda=0.000 gpu=3.0/11.8GB
[23:19:05] [train] ep=57 step=010/40 ce=0.3618 sc=0.7834 mi=0.0689 dn=0.0000 v13=0.0005 grl=0.2799 v15=0.0000 v15r=0.0000 v16=0.0000 v17=0.0000 v18=0.0000 acc=0.9875 lr=1.27e-04 lambda=0.000 grl_lambda=0.993 v18_lambda=0.000 gpu=3.0/11.8GB
[23:19:11] [train] ep=57 step=020/40 ce=0.3128 sc=0.7168 mi=0.0666 dn=0.0000 v13=0.0005 grl=0.2639 v15=0.0000 v15r=0.0000 v16=0.0000 v17=0.0000 v18=0.0000 acc=0.9938 lr=1.26e-04 lambda=0.000 grl_lambda=0.993 v18_lambda=0.000 gpu=3.0/11.8GB
[23:19:17] [train] ep=57 step=030/40 ce=0.2999 sc=0.7407 mi=0.0656 dn=0.0000 v13=0.0005 grl=0.2697 v15=0.0000 v15r=0.0000 v16=0.0000 v17=0.0000 v18=0.0000 acc=0.9958 lr=1.25e-04 lambda=0.000 grl_lambda=0.993 v18_lambda=0.000 gpu=3.0/11.8GB
[23:19:22] [train] ep=57 step=040/40 ce=0.2936 sc=0.7588 mi=0.0656 dn=0.0000 v13=0.0006 grl=0.2729 v15=0.0000 v15r=0.0000 v16=0.0000 v17=0.0000 v18=0.0000 acc=0.9969 lr=1.24e-04 lambda=0.000 grl_lambda=0.993 v18_lambda=0.000 gpu=3.0/11.8GB
[23:19:32] [ep_summary] ep=57/100 val_live=0.9506/0.9515 val_ema=0.9568/0.9568 test77_live=0.5468/0.5381 test77_diag_ema=0.5755/0.5441 v13=0.0006 grl=0.2729 v15=0.0000 v15r=0.0000 v16=0.0000 v17=0.0000 v18=0.0000 das=fixed_full[15,140] p=1.00 ep_time=32.9s
[23:19:32] [train] epoch 58/100 steps=40 use_dann=0 das=fixed_full f=[15.0,140.0] p=1.00 gpu=3.0/11.8GB
[23:19:33] [train] ep=58 step=001/40 ce=0.2592 sc=0.6349 mi=0.0553 dn=0.0000 v13=0.0005 grl=0.2149 v15=0.0000 v15r=0.0000 v16=0.0000 v17=0.0000 v18=0.0000 acc=1.0000 lr=1.23e-04 lambda=0.000 grl_lambda=0.993 v18_lambda=0.000 gpu=3.0/11.8GB
[23:19:38] [train] ep=58 step=010/40 ce=0.3806 sc=0.7892 mi=0.0640 dn=0.0000 v13=0.0006 grl=0.2680 v15=0.0000 v15r=0.0000 v16=0.0000 v17=0.0000 v18=0.0000 acc=0.9875 lr=1.22e-04 lambda=0.000 grl_lambda=0.993 v18_lambda=0.000 gpu=3.0/11.8GB
[23:19:44] [train] ep=58 step=020/40 ce=0.3629 sc=0.7412 mi=0.0631 dn=0.0000 v13=0.0005 grl=0.2614 v15=0.0000 v15r=0.0000 v16=0.0000 v17=0.0000 v18=0.0000 acc=0.9906 lr=1.21e-04 lambda=0.000 grl_lambda=0.994 v18_lambda=0.000 gpu=3.0/11.8GB
[23:19:49] [train] ep=58 step=030/40 ce=0.3318 sc=0.7547 mi=0.0633 dn=0.0000 v13=0.0005 grl=0.2557 v15=0.0000 v15r=0.0000 v16=0.0000 v17=0.0000 v18=0.0000 acc=0.9938 lr=1.20e-04 lambda=0.000 grl_lambda=0.994 v18_lambda=0.000 gpu=3.0/11.8GB
[23:19:55] [train] ep=58 step=040/40 ce=0.3323 sc=0.7901 mi=0.0640 dn=0.0000 v13=0.0005 grl=0.2559 v15=0.0000 v15r=0.0000 v16=0.0000 v17=0.0000 v18=0.0000 acc=0.9938 lr=1.19e-04 lambda=0.000 grl_lambda=0.994 v18_lambda=0.000 gpu=3.0/11.8GB
[23:20:05] [ep_summary] ep=58/100 val_live=0.9506/0.9504 val_ema=0.9630/0.9628 test77_live=0.5863/0.5842 test77_diag_ema=0.5827/0.5516 v13=0.0005 grl=0.2559 v15=0.0000 v15r=0.0000 v16=0.0000 v17=0.0000 v18=0.0000 das=fixed_full[15,140] p=1.00 ep_time=33.0s
[23:20:05] [save] best_sourcequalified77_ema ep=58 source_val_live=0.9506/0.9504 source_val_ema=0.9630/0.9628 test77_ema=0.5827/0.5516
[23:20:05] [train] epoch 59/100 steps=40 use_dann=0 das=fixed_full f=[15.0,140.0] p=1.00 gpu=3.0/11.8GB
[23:20:06] [train] ep=59 step=001/40 ce=0.2586 sc=0.6168 mi=0.0734 dn=0.0000 v13=0.0005 grl=0.3474 v15=0.0000 v15r=0.0000 v16=0.0000 v17=0.0000 v18=0.0000 acc=1.0000 lr=1.19e-04 lambda=0.000 grl_lambda=0.994 v18_lambda=0.000 gpu=3.0/11.8GB
[23:20:11] [train] ep=59 step=010/40 ce=0.3267 sc=0.7860 mi=0.0656 dn=0.0000 v13=0.0006 grl=0.2879 v15=0.0000 v15r=0.0000 v16=0.0000 v17=0.0000 v18=0.0000 acc=0.9938 lr=1.18e-04 lambda=0.000 grl_lambda=0.994 v18_lambda=0.000 gpu=3.0/11.8GB
[23:20:17] [train] ep=59 step=020/40 ce=0.2935 sc=0.7434 mi=0.0643 dn=0.0000 v13=0.0005 grl=0.2836 v15=0.0000 v15r=0.0000 v16=0.0000 v17=0.0000 v18=0.0000 acc=0.9969 lr=1.16e-04 lambda=0.000 grl_lambda=0.994 v18_lambda=0.000 gpu=3.0/11.8GB
[23:20:22] [train] ep=59 step=030/40 ce=0.3591 sc=0.8241 mi=0.0651 dn=0.0000 v13=0.0006 grl=0.2751 v15=0.0000 v15r=0.0000 v16=0.0000 v17=0.0000 v18=0.0000 acc=0.9917 lr=1.15e-04 lambda=0.000 grl_lambda=0.994 v18_lambda=0.000 gpu=3.0/11.8GB
[23:20:28] [train] ep=59 step=040/40 ce=0.3343 sc=0.8172 mi=0.0645 dn=0.0000 v13=0.0005 grl=0.2717 v15=0.0000 v15r=0.0000 v16=0.0000 v17=0.0000 v18=0.0000 acc=0.9938 lr=1.14e-04 lambda=0.000 grl_lambda=0.995 v18_lambda=0.000 gpu=3.0/11.8GB
[23:20:38] [ep_summary] ep=59/100 val_live=0.9506/0.9500 val_ema=0.9630/0.9628 test77_live=0.5504/0.5347 test77_diag_ema=0.5791/0.5484 v13=0.0005 grl=0.2717 v15=0.0000 v15r=0.0000 v16=0.0000 v17=0.0000 v18=0.0000 das=fixed_full[15,140] p=1.00 ep_time=33.0s
[23:20:38] [train] epoch 60/100 steps=40 use_dann=0 das=fixed_full f=[15.0,140.0] p=1.00 gpu=3.0/11.8GB
[23:20:39] [train] ep=60 step=001/40 ce=0.2627 sc=0.7769 mi=0.0660 dn=0.0000 v13=0.0007 grl=0.3290 v15=0.0000 v15r=0.0000 v16=0.0000 v17=0.0000 v18=0.0000 acc=1.0000 lr=1.14e-04 lambda=0.000 grl_lambda=0.995 v18_lambda=0.000 gpu=3.0/11.8GB
[23:20:44] [train] ep=60 step=010/40 ce=0.3227 sc=0.7322 mi=0.0642 dn=0.0000 v13=0.0004 grl=0.2552 v15=0.0000 v15r=0.0000 v16=0.0000 v17=0.0000 v18=0.0000 acc=0.9938 lr=1.13e-04 lambda=0.000 grl_lambda=0.995 v18_lambda=0.000 gpu=3.0/11.8GB
[23:20:50] [train] ep=60 step=020/40 ce=0.3080 sc=0.7301 mi=0.0640 dn=0.0000 v13=0.0004 grl=0.2721 v15=0.0000 v15r=0.0000 v16=0.0000 v17=0.0000 v18=0.0000 acc=0.9969 lr=1.12e-04 lambda=0.000 grl_lambda=0.995 v18_lambda=0.000 gpu=3.0/11.8GB
[23:20:56] [train] ep=60 step=030/40 ce=0.3243 sc=0.7919 mi=0.0651 dn=0.0000 v13=0.0005 grl=0.2654 v15=0.0000 v15r=0.0000 v16=0.0000 v17=0.0000 v18=0.0000 acc=0.9958 lr=1.11e-04 lambda=0.000 grl_lambda=0.995 v18_lambda=0.000 gpu=3.0/11.8GB
[23:21:01] [train] ep=60 step=040/40 ce=0.3082 sc=0.7674 mi=0.0669 dn=0.0000 v13=0.0005 grl=0.2737 v15=0.0000 v15r=0.0000 v16=0.0000 v17=0.0000 v18=0.0000 acc=0.9969 lr=1.09e-04 lambda=0.000 grl_lambda=0.995 v18_lambda=0.000 gpu=3.0/11.8GB
[23:21:11] [pool] check ep=060/100 source_val_acc_ema=0.9630 threshold=0.90
[23:21:16] [pool] ep=060 ADDED src_val=0.9630/0.9628 dev77=0.5500/0.5269 final77=0.5827/0.5520
[23:21:16] [pool] running best ep=060 dev77_f1=0.5269 final77_f1=0.5520 (pool_size=2)
[23:21:16] [ep_summary] ep=60/100 val_live=0.9568/0.9573 val_ema=0.9630/0.9628 test77_live=0.5540/0.5530 test77_diag_ema=0.5827/0.5520 v13=0.0005 grl=0.2737 v15=0.0000 v15r=0.0000 v16=0.0000 v17=0.0000 v18=0.0000 das=fixed_full[15,140] p=1.00 ep_time=37.9s
[23:21:16] [save] best_sourcequalified77_ema ep=60 source_val_live=0.9568/0.9573 source_val_ema=0.9630/0.9628 test77_ema=0.5827/0.5520
[23:21:16] [strict77_monitor] ep=60 best_source_epoch=50 source_val_ema=0.9691/0.9694 test77_ema_diag=0.5540/0.5148 sourcequalified_count=19 best_sourcequalified77_epoch=60 source_val_ema=0.9630/0.9628 test77_ema=0.5827/0.5520
[23:21:16] [train] epoch 61/100 steps=40 use_dann=0 das=fixed_full f=[15.0,140.0] p=1.00 gpu=3.0/11.8GB
[23:21:17] [train] ep=61 step=001/40 ce=0.2586 sc=0.7935 mi=0.0676 dn=0.0000 v13=0.0003 grl=0.2933 v15=0.0000 v15r=0.0000 v16=0.0000 v17=0.0000 v18=0.0000 acc=1.0000 lr=1.09e-04 lambda=0.000 grl_lambda=0.995 v18_lambda=0.000 gpu=3.0/11.8GB
[23:21:22] [train] ep=61 step=010/40 ce=0.2688 sc=0.7395 mi=0.0588 dn=0.0000 v13=0.0005 grl=0.2344 v15=0.0000 v15r=0.0000 v16=0.0000 v17=0.0000 v18=0.0000 acc=1.0000 lr=1.08e-04 lambda=0.000 grl_lambda=0.995 v18_lambda=0.000 gpu=3.0/11.8GB
[23:21:28] [train] ep=61 step=020/40 ce=0.2975 sc=0.7586 mi=0.0602 dn=0.0000 v13=0.0005 grl=0.2394 v15=0.0000 v15r=0.0000 v16=0.0000 v17=0.0000 v18=0.0000 acc=0.9969 lr=1.07e-04 lambda=0.000 grl_lambda=0.995 v18_lambda=0.000 gpu=3.0/11.8GB
[23:21:33] [train] ep=61 step=030/40 ce=0.2855 sc=0.7192 mi=0.0605 dn=0.0000 v13=0.0005 grl=0.2419 v15=0.0000 v15r=0.0000 v16=0.0000 v17=0.0000 v18=0.0000 acc=0.9979 lr=1.06e-04 lambda=0.000 grl_lambda=0.995 v18_lambda=0.000 gpu=3.0/11.8GB
[23:21:39] [train] ep=61 step=040/40 ce=0.2811 sc=0.7330 mi=0.0611 dn=0.0000 v13=0.0005 grl=0.2451 v15=0.0000 v15r=0.0000 v16=0.0000 v17=0.0000 v18=0.0000 acc=0.9984 lr=1.05e-04 lambda=0.000 grl_lambda=0.996 v18_lambda=0.000 gpu=3.0/11.8GB
[23:22:12] [ep_summary] ep=61/100 val_live=0.9568/0.9577 val_ema=0.9630/0.9628 test77_live=0.5719/0.5533 test77_diag_ema=0.5935/0.5682 v13=0.0005 grl=0.2451 v15=0.0000 v15r=0.0000 v16=0.0000 v17=0.0000 v18=0.0000 das=fixed_full[15,140] p=1.00 ep_time=56.3s
[23:22:12] [save] best_sourcequalified77_ema ep=61 source_val_live=0.9568/0.9577 source_val_ema=0.9630/0.9628 test77_ema=0.5935/0.5682
[23:22:12] [train] epoch 62/100 steps=40 use_dann=0 das=fixed_full f=[15.0,140.0] p=1.00 gpu=3.0/11.8GB
[23:22:13] [train] ep=62 step=001/40 ce=0.2597 sc=0.8527 mi=0.0705 dn=0.0000 v13=0.0004 grl=0.1942 v15=0.0000 v15r=0.0000 v16=0.0000 v17=0.0000 v18=0.0000 acc=1.0000 lr=1.05e-04 lambda=0.000 grl_lambda=0.996 v18_lambda=0.000 gpu=3.0/11.8GB
[23:22:18] [train] ep=62 step=010/40 ce=0.2805 sc=0.7982 mi=0.0648 dn=0.0000 v13=0.0005 grl=0.2420 v15=0.0000 v15r=0.0000 v16=0.0000 v17=0.0000 v18=0.0000 acc=1.0000 lr=1.04e-04 lambda=0.000 grl_lambda=0.996 v18_lambda=0.000 gpu=3.0/11.8GB
[23:22:24] [train] ep=62 step=020/40 ce=0.2717 sc=0.7674 mi=0.0662 dn=0.0000 v13=0.0005 grl=0.2445 v15=0.0000 v15r=0.0000 v16=0.0000 v17=0.0000 v18=0.0000 acc=1.0000 lr=1.02e-04 lambda=0.000 grl_lambda=0.996 v18_lambda=0.000 gpu=3.0/11.8GB
[23:22:30] [train] ep=62 step=030/40 ce=0.3217 sc=0.7900 mi=0.0650 dn=0.0000 v13=0.0004 grl=0.2626 v15=0.0000 v15r=0.0000 v16=0.0000 v17=0.0000 v18=0.0000 acc=0.9958 lr=1.01e-04 lambda=0.000 grl_lambda=0.996 v18_lambda=0.000 gpu=3.0/11.8GB
[23:22:36] [train] ep=62 step=040/40 ce=0.3132 sc=0.7987 mi=0.0650 dn=0.0000 v13=0.0005 grl=0.2587 v15=0.0000 v15r=0.0000 v16=0.0000 v17=0.0000 v18=0.0000 acc=0.9969 lr=1.00e-04 lambda=0.000 grl_lambda=0.996 v18_lambda=0.000 gpu=3.0/11.8GB
[23:22:45] [ep_summary] ep=62/100 val_live=0.9506/0.9508 val_ema=0.9630/0.9628 test77_live=0.5827/0.5560 test77_diag_ema=0.5899/0.5645 v13=0.0005 grl=0.2587 v15=0.0000 v15r=0.0000 v16=0.0000 v17=0.0000 v18=0.0000 das=fixed_full[15,140] p=1.00 ep_time=33.0s
[23:22:45] [train] epoch 63/100 steps=40 use_dann=0 das=fixed_full f=[15.0,140.0] p=1.00 gpu=3.0/11.8GB
[23:22:46] [train] ep=63 step=001/40 ce=0.2592 sc=0.7359 mi=0.0725 dn=0.0000 v13=0.0006 grl=0.2589 v15=0.0000 v15r=0.0000 v16=0.0000 v17=0.0000 v18=0.0000 acc=1.0000 lr=1.00e-04 lambda=0.000 grl_lambda=0.996 v18_lambda=0.000 gpu=3.0/11.8GB
[23:22:51] [train] ep=63 step=010/40 ce=0.2598 sc=0.7456 mi=0.0653 dn=0.0000 v13=0.0005 grl=0.2877 v15=0.0000 v15r=0.0000 v16=0.0000 v17=0.0000 v18=0.0000 acc=1.0000 lr=9.89e-05 lambda=0.000 grl_lambda=0.996 v18_lambda=0.000 gpu=3.0/11.8GB
[23:22:57] [train] ep=63 step=020/40 ce=0.2603 sc=0.7490 mi=0.0646 dn=0.0000 v13=0.0005 grl=0.2728 v15=0.0000 v15r=0.0000 v16=0.0000 v17=0.0000 v18=0.0000 acc=1.0000 lr=9.78e-05 lambda=0.000 grl_lambda=0.996 v18_lambda=0.000 gpu=3.0/11.8GB
[23:23:03] [train] ep=63 step=030/40 ce=0.2744 sc=0.7652 mi=0.0651 dn=0.0000 v13=0.0005 grl=0.2821 v15=0.0000 v15r=0.0000 v16=0.0000 v17=0.0000 v18=0.0000 acc=1.0000 lr=9.67e-05 lambda=0.000 grl_lambda=0.996 v18_lambda=0.000 gpu=3.0/11.8GB
[23:23:08] [train] ep=63 step=040/40 ce=0.2817 sc=0.7325 mi=0.0654 dn=0.0000 v13=0.0004 grl=0.2810 v15=0.0000 v15r=0.0000 v16=0.0000 v17=0.0000 v18=0.0000 acc=1.0000 lr=9.55e-05 lambda=0.000 grl_lambda=0.996 v18_lambda=0.000 gpu=3.0/11.8GB
[23:23:18] [ep_summary] ep=63/100 val_live=0.9568/0.9577 val_ema=0.9630/0.9628 test77_live=0.6619/0.6491 test77_diag_ema=0.5935/0.5702 v13=0.0004 grl=0.2810 v15=0.0000 v15r=0.0000 v16=0.0000 v17=0.0000 v18=0.0000 das=fixed_full[15,140] p=1.00 ep_time=32.9s
[23:23:18] [save] best_sourcequalified77_ema ep=63 source_val_live=0.9568/0.9577 source_val_ema=0.9630/0.9628 test77_ema=0.5935/0.5702
[23:23:18] [train] epoch 64/100 steps=40 use_dann=0 das=fixed_full f=[15.0,140.0] p=1.00 gpu=3.0/11.8GB
[23:23:19] [train] ep=64 step=001/40 ce=0.2587 sc=0.6168 mi=0.0643 dn=0.0000 v13=0.0003 grl=0.1667 v15=0.0000 v15r=0.0000 v16=0.0000 v17=0.0000 v18=0.0000 acc=1.0000 lr=9.54e-05 lambda=0.000 grl_lambda=0.996 v18_lambda=0.000 gpu=3.0/11.8GB
[23:23:26] [train] ep=64 step=010/40 ce=0.2626 sc=0.7663 mi=0.0628 dn=0.0000 v13=0.0004 grl=0.2225 v15=0.0000 v15r=0.0000 v16=0.0000 v17=0.0000 v18=0.0000 acc=1.0000 lr=9.44e-05 lambda=0.000 grl_lambda=0.996 v18_lambda=0.000 gpu=3.0/11.8GB
[23:23:31] [train] ep=64 step=020/40 ce=0.3019 sc=0.7742 mi=0.0635 dn=0.0000 v13=0.0004 grl=0.2366 v15=0.0000 v15r=0.0000 v16=0.0000 v17=0.0000 v18=0.0000 acc=0.9969 lr=9.33e-05 lambda=0.000 grl_lambda=0.997 v18_lambda=0.000 gpu=3.0/11.8GB
[23:23:37] [train] ep=64 step=030/40 ce=0.2925 sc=0.7468 mi=0.0626 dn=0.0000 v13=0.0004 grl=0.2420 v15=0.0000 v15r=0.0000 v16=0.0000 v17=0.0000 v18=0.0000 acc=0.9979 lr=9.21e-05 lambda=0.000 grl_lambda=0.997 v18_lambda=0.000 gpu=3.0/11.8GB
[23:23:43] [train] ep=64 step=040/40 ce=0.3034 sc=0.7776 mi=0.0639 dn=0.0000 v13=0.0004 grl=0.2468 v15=0.0000 v15r=0.0000 v16=0.0000 v17=0.0000 v18=0.0000 acc=0.9984 lr=9.10e-05 lambda=0.000 grl_lambda=0.997 v18_lambda=0.000 gpu=3.0/11.8GB
[23:23:53] [ep_summary] ep=64/100 val_live=0.9568/0.9577 val_ema=0.9630/0.9628 test77_live=0.6547/0.6452 test77_diag_ema=0.5935/0.5699 v13=0.0004 grl=0.2468 v15=0.0000 v15r=0.0000 v16=0.0000 v17=0.0000 v18=0.0000 das=fixed_full[15,140] p=1.00 ep_time=34.5s
[23:23:53] [train] epoch 65/100 steps=40 use_dann=0 das=fixed_full f=[15.0,140.0] p=1.00 gpu=3.0/11.8GB
[23:23:53] [train] ep=65 step=001/40 ce=0.2640 sc=0.5506 mi=0.0558 dn=0.0000 v13=0.0003 grl=0.2236 v15=0.0000 v15r=0.0000 v16=0.0000 v17=0.0000 v18=0.0000 acc=1.0000 lr=9.09e-05 lambda=0.000 grl_lambda=0.997 v18_lambda=0.000 gpu=3.0/11.8GB
[23:23:59] [train] ep=65 step=010/40 ce=0.2630 sc=0.7040 mi=0.0641 dn=0.0000 v13=0.0004 grl=0.2549 v15=0.0000 v15r=0.0000 v16=0.0000 v17=0.0000 v18=0.0000 acc=1.0000 lr=8.99e-05 lambda=0.000 grl_lambda=0.997 v18_lambda=0.000 gpu=3.0/11.8GB
[23:24:04] [train] ep=65 step=020/40 ce=0.2857 sc=0.6812 mi=0.0643 dn=0.0000 v13=0.0004 grl=0.2649 v15=0.0000 v15r=0.0000 v16=0.0000 v17=0.0000 v18=0.0000 acc=0.9969 lr=8.88e-05 lambda=0.000 grl_lambda=0.997 v18_lambda=0.000 gpu=3.0/11.8GB
[23:24:10] [train] ep=65 step=030/40 ce=0.2796 sc=0.7340 mi=0.0660 dn=0.0000 v13=0.0004 grl=0.2779 v15=0.0000 v15r=0.0000 v16=0.0000 v17=0.0000 v18=0.0000 acc=0.9979 lr=8.77e-05 lambda=0.000 grl_lambda=0.997 v18_lambda=0.000 gpu=3.0/11.8GB
[23:24:16] [train] ep=65 step=040/40 ce=0.3060 sc=0.7441 mi=0.0650 dn=0.0000 v13=0.0005 grl=0.2694 v15=0.0000 v15r=0.0000 v16=0.0000 v17=0.0000 v18=0.0000 acc=0.9969 lr=8.66e-05 lambda=0.000 grl_lambda=0.997 v18_lambda=0.000 gpu=3.0/11.8GB
[23:24:26] [ep_summary] ep=65/100 val_live=0.9444/0.9454 val_ema=0.9630/0.9628 test77_live=0.6547/0.6433 test77_diag_ema=0.5935/0.5699 v13=0.0005 grl=0.2694 v15=0.0000 v15r=0.0000 v16=0.0000 v17=0.0000 v18=0.0000 das=fixed_full[15,140] p=1.00 ep_time=33.0s
[23:24:26] [train] epoch 66/100 steps=40 use_dann=0 das=fixed_full f=[15.0,140.0] p=1.00 gpu=3.0/11.8GB
[23:24:26] [train] ep=66 step=001/40 ce=0.2609 sc=0.7465 mi=0.0617 dn=0.0000 v13=0.0006 grl=0.3559 v15=0.0000 v15r=0.0000 v16=0.0000 v17=0.0000 v18=0.0000 acc=1.0000 lr=8.65e-05 lambda=0.000 grl_lambda=0.997 v18_lambda=0.000 gpu=3.0/11.8GB
[23:24:32] [train] ep=66 step=010/40 ce=0.2609 sc=0.7998 mi=0.0621 dn=0.0000 v13=0.0005 grl=0.2689 v15=0.0000 v15r=0.0000 v16=0.0000 v17=0.0000 v18=0.0000 acc=1.0000 lr=8.55e-05 lambda=0.000 grl_lambda=0.997 v18_lambda=0.000 gpu=3.0/11.8GB
[23:24:37] [train] ep=66 step=020/40 ce=0.3029 sc=0.8153 mi=0.0635 dn=0.0000 v13=0.0005 grl=0.2574 v15=0.0000 v15r=0.0000 v16=0.0000 v17=0.0000 v18=0.0000 acc=0.9969 lr=8.44e-05 lambda=0.000 grl_lambda=0.997 v18_lambda=0.000 gpu=3.0/11.8GB
[23:24:43] [train] ep=66 step=030/40 ce=0.2887 sc=0.8065 mi=0.0640 dn=0.0000 v13=0.0005 grl=0.2560 v15=0.0000 v15r=0.0000 v16=0.0000 v17=0.0000 v18=0.0000 acc=0.9979 lr=8.33e-05 lambda=0.000 grl_lambda=0.997 v18_lambda=0.000 gpu=3.0/11.8GB
[23:24:49] [train] ep=66 step=040/40 ce=0.2911 sc=0.7670 mi=0.0643 dn=0.0000 v13=0.0005 grl=0.2648 v15=0.0000 v15r=0.0000 v16=0.0000 v17=0.0000 v18=0.0000 acc=0.9969 lr=8.22e-05 lambda=0.000 grl_lambda=0.997 v18_lambda=0.000 gpu=3.0/11.8GB
[23:24:59] [ep_summary] ep=66/100 val_live=0.9444/0.9454 val_ema=0.9630/0.9628 test77_live=0.6547/0.6451 test77_diag_ema=0.5971/0.5758 v13=0.0005 grl=0.2648 v15=0.0000 v15r=0.0000 v16=0.0000 v17=0.0000 v18=0.0000 das=fixed_full[15,140] p=1.00 ep_time=33.0s
[23:24:59] [save] best_sourcequalified77_ema ep=66 source_val_live=0.9444/0.9454 source_val_ema=0.9630/0.9628 test77_ema=0.5971/0.5758
[23:24:59] [train] epoch 67/100 steps=40 use_dann=0 das=fixed_full f=[15.0,140.0] p=1.00 gpu=3.0/11.8GB
[23:24:59] [train] ep=67 step=001/40 ce=0.2577 sc=0.7127 mi=0.0670 dn=0.0000 v13=0.0004 grl=0.2117 v15=0.0000 v15r=0.0000 v16=0.0000 v17=0.0000 v18=0.0000 acc=1.0000 lr=8.21e-05 lambda=0.000 grl_lambda=0.997 v18_lambda=0.000 gpu=3.0/11.8GB
[23:25:05] [train] ep=67 step=010/40 ce=0.2601 sc=0.7982 mi=0.0690 dn=0.0000 v13=0.0006 grl=0.2773 v15=0.0000 v15r=0.0000 v16=0.0000 v17=0.0000 v18=0.0000 acc=1.0000 lr=8.11e-05 lambda=0.000 grl_lambda=0.997 v18_lambda=0.000 gpu=3.0/11.8GB
[23:25:10] [train] ep=67 step=020/40 ce=0.3356 sc=0.8403 mi=0.0691 dn=0.0000 v13=0.0005 grl=0.2773 v15=0.0000 v15r=0.0000 v16=0.0000 v17=0.0000 v18=0.0000 acc=0.9938 lr=8.01e-05 lambda=0.000 grl_lambda=0.997 v18_lambda=0.000 gpu=3.0/11.8GB
[23:25:16] [train] ep=67 step=030/40 ce=0.3261 sc=0.8108 mi=0.0658 dn=0.0000 v13=0.0005 grl=0.2628 v15=0.0000 v15r=0.0000 v16=0.0000 v17=0.0000 v18=0.0000 acc=0.9958 lr=7.90e-05 lambda=0.000 grl_lambda=0.997 v18_lambda=0.000 gpu=3.0/11.8GB
[23:25:22] [train] ep=67 step=040/40 ce=0.3094 sc=0.7988 mi=0.0649 dn=0.0000 v13=0.0005 grl=0.2563 v15=0.0000 v15r=0.0000 v16=0.0000 v17=0.0000 v18=0.0000 acc=0.9969 lr=7.79e-05 lambda=0.000 grl_lambda=0.998 v18_lambda=0.000 gpu=3.0/11.8GB
[23:25:32] [ep_summary] ep=67/100 val_live=0.9506/0.9509 val_ema=0.9630/0.9628 test77_live=0.6115/0.5998 test77_diag_ema=0.5971/0.5758 v13=0.0005 grl=0.2563 v15=0.0000 v15r=0.0000 v16=0.0000 v17=0.0000 v18=0.0000 das=fixed_full[15,140] p=1.00 ep_time=33.0s
[23:25:32] [train] epoch 68/100 steps=40 use_dann=0 das=fixed_full f=[15.0,140.0] p=1.00 gpu=3.0/11.8GB
[23:25:32] [train] ep=68 step=001/40 ce=0.2575 sc=1.0393 mi=0.0769 dn=0.0000 v13=0.0004 grl=0.2626 v15=0.0000 v15r=0.0000 v16=0.0000 v17=0.0000 v18=0.0000 acc=1.0000 lr=7.78e-05 lambda=0.000 grl_lambda=0.998 v18_lambda=0.000 gpu=3.0/11.8GB
[23:25:38] [train] ep=68 step=010/40 ce=0.3273 sc=0.7657 mi=0.0627 dn=0.0000 v13=0.0004 grl=0.2759 v15=0.0000 v15r=0.0000 v16=0.0000 v17=0.0000 v18=0.0000 acc=0.9938 lr=7.69e-05 lambda=0.000 grl_lambda=0.998 v18_lambda=0.000 gpu=3.0/11.8GB
[23:25:44] [train] ep=68 step=020/40 ce=0.2937 sc=0.7813 mi=0.0655 dn=0.0000 v13=0.0004 grl=0.2867 v15=0.0000 v15r=0.0000 v16=0.0000 v17=0.0000 v18=0.0000 acc=0.9969 lr=7.58e-05 lambda=0.000 grl_lambda=0.998 v18_lambda=0.000 gpu=3.0/11.8GB
[23:25:49] [train] ep=68 step=030/40 ce=0.2833 sc=0.7593 mi=0.0655 dn=0.0000 v13=0.0005 grl=0.2776 v15=0.0000 v15r=0.0000 v16=0.0000 v17=0.0000 v18=0.0000 acc=0.9979 lr=7.48e-05 lambda=0.000 grl_lambda=0.998 v18_lambda=0.000 gpu=3.0/11.8GB
[23:25:55] [train] ep=68 step=040/40 ce=0.2803 sc=0.7436 mi=0.0647 dn=0.0000 v13=0.0004 grl=0.2772 v15=0.0000 v15r=0.0000 v16=0.0000 v17=0.0000 v18=0.0000 acc=0.9984 lr=7.37e-05 lambda=0.000 grl_lambda=0.998 v18_lambda=0.000 gpu=3.0/11.8GB
[23:26:05] [ep_summary] ep=68/100 val_live=0.9630/0.9631 val_ema=0.9630/0.9628 test77_live=0.5899/0.5681 test77_diag_ema=0.6007/0.5816 v13=0.0004 grl=0.2772 v15=0.0000 v15r=0.0000 v16=0.0000 v17=0.0000 v18=0.0000 das=fixed_full[15,140] p=1.00 ep_time=33.2s
[23:26:05] [save] best_sourcequalified77_ema ep=68 source_val_live=0.9630/0.9631 source_val_ema=0.9630/0.9628 test77_ema=0.6007/0.5816
[23:26:05] [train] epoch 69/100 steps=40 use_dann=0 das=fixed_full f=[15.0,140.0] p=1.00 gpu=3.0/11.8GB
[23:26:06] [train] ep=69 step=001/40 ce=0.2574 sc=0.9688 mi=0.0692 dn=0.0000 v13=0.0005 grl=0.2754 v15=0.0000 v15r=0.0000 v16=0.0000 v17=0.0000 v18=0.0000 acc=1.0000 lr=7.36e-05 lambda=0.000 grl_lambda=0.998 v18_lambda=0.000 gpu=3.0/11.8GB
[23:26:11] [train] ep=69 step=010/40 ce=0.2892 sc=0.8563 mi=0.0637 dn=0.0000 v13=0.0005 grl=0.2486 v15=0.0000 v15r=0.0000 v16=0.0000 v17=0.0000 v18=0.0000 acc=1.0000 lr=7.27e-05 lambda=0.000 grl_lambda=0.998 v18_lambda=0.000 gpu=3.0/11.8GB
[23:26:17] [train] ep=69 step=020/40 ce=0.2908 sc=0.7934 mi=0.0635 dn=0.0000 v13=0.0005 grl=0.2573 v15=0.0000 v15r=0.0000 v16=0.0000 v17=0.0000 v18=0.0000 acc=1.0000 lr=7.16e-05 lambda=0.000 grl_lambda=0.998 v18_lambda=0.000 gpu=3.0/11.8GB
[23:26:22] [train] ep=69 step=030/40 ce=0.3080 sc=0.8020 mi=0.0644 dn=0.0000 v13=0.0005 grl=0.2544 v15=0.0000 v15r=0.0000 v16=0.0000 v17=0.0000 v18=0.0000 acc=0.9979 lr=7.06e-05 lambda=0.000 grl_lambda=0.998 v18_lambda=0.000 gpu=3.0/11.8GB
[23:26:28] [train] ep=69 step=040/40 ce=0.3014 sc=0.7933 mi=0.0641 dn=0.0000 v13=0.0004 grl=0.2481 v15=0.0000 v15r=0.0000 v16=0.0000 v17=0.0000 v18=0.0000 acc=0.9984 lr=6.96e-05 lambda=0.000 grl_lambda=0.998 v18_lambda=0.000 gpu=3.0/11.8GB
[23:26:38] [ep_summary] ep=69/100 val_live=0.9568/0.9572 val_ema=0.9630/0.9628 test77_live=0.5935/0.5708 test77_diag_ema=0.6007/0.5816 v13=0.0004 grl=0.2481 v15=0.0000 v15r=0.0000 v16=0.0000 v17=0.0000 v18=0.0000 das=fixed_full[15,140] p=1.00 ep_time=33.0s
[23:26:38] [train] epoch 70/100 steps=40 use_dann=0 das=fixed_full f=[15.0,140.0] p=1.00 gpu=3.0/11.8GB
[23:26:39] [train] ep=70 step=001/40 ce=0.2571 sc=1.0546 mi=0.0604 dn=0.0000 v13=0.0004 grl=0.2488 v15=0.0000 v15r=0.0000 v16=0.0000 v17=0.0000 v18=0.0000 acc=1.0000 lr=6.95e-05 lambda=0.000 grl_lambda=0.998 v18_lambda=0.000 gpu=3.0/11.8GB
[23:26:44] [train] ep=70 step=010/40 ce=0.2846 sc=0.8547 mi=0.0620 dn=0.0000 v13=0.0004 grl=0.2517 v15=0.0000 v15r=0.0000 v16=0.0000 v17=0.0000 v18=0.0000 acc=1.0000 lr=6.85e-05 lambda=0.000 grl_lambda=0.998 v18_lambda=0.000 gpu=3.0/11.8GB
[23:26:50] [train] ep=70 step=020/40 ce=0.2901 sc=0.8144 mi=0.0625 dn=0.0000 v13=0.0004 grl=0.2509 v15=0.0000 v15r=0.0000 v16=0.0000 v17=0.0000 v18=0.0000 acc=1.0000 lr=6.75e-05 lambda=0.000 grl_lambda=0.998 v18_lambda=0.000 gpu=3.0/11.8GB
[23:26:55] [train] ep=70 step=030/40 ce=0.2798 sc=0.7890 mi=0.0635 dn=0.0000 v13=0.0004 grl=0.2508 v15=0.0000 v15r=0.0000 v16=0.0000 v17=0.0000 v18=0.0000 acc=1.0000 lr=6.65e-05 lambda=0.000 grl_lambda=0.998 v18_lambda=0.000 gpu=3.0/11.8GB
[23:27:01] [train] ep=70 step=040/40 ce=0.2787 sc=0.7804 mi=0.0639 dn=0.0000 v13=0.0004 grl=0.2603 v15=0.0000 v15r=0.0000 v16=0.0000 v17=0.0000 v18=0.0000 acc=1.0000 lr=6.55e-05 lambda=0.000 grl_lambda=0.998 v18_lambda=0.000 gpu=3.0/11.8GB
[23:27:11] [pool] check ep=070/100 source_val_acc_ema=0.9630 threshold=0.90
[23:27:16] [pool] ep=070 ADDED src_val=0.9630/0.9628 dev77=0.5500/0.5294 final77=0.6043/0.5873
[23:27:16] [pool] running best ep=070 dev77_f1=0.5294 final77_f1=0.5873 (pool_size=3)
[23:27:16] [ep_summary] ep=70/100 val_live=0.9568/0.9577 val_ema=0.9630/0.9628 test77_live=0.6439/0.6351 test77_diag_ema=0.6043/0.5873 v13=0.0004 grl=0.2603 v15=0.0000 v15r=0.0000 v16=0.0000 v17=0.0000 v18=0.0000 das=fixed_full[15,140] p=1.00 ep_time=37.7s
[23:27:16] [save] best_sourcequalified77_ema ep=70 source_val_live=0.9568/0.9577 source_val_ema=0.9630/0.9628 test77_ema=0.6043/0.5873
[23:27:16] [strict77_monitor] ep=70 best_source_epoch=50 source_val_ema=0.9691/0.9694 test77_ema_diag=0.5540/0.5148 sourcequalified_count=29 best_sourcequalified77_epoch=70 source_val_ema=0.9630/0.9628 test77_ema=0.6043/0.5873
[23:27:16] [train] epoch 71/100 steps=40 use_dann=0 das=fixed_full f=[15.0,140.0] p=1.00 gpu=3.0/11.8GB
[23:27:16] [train] ep=71 step=001/40 ce=0.3963 sc=0.7777 mi=0.0657 dn=0.0000 v13=0.0003 grl=0.1330 v15=0.0000 v15r=0.0000 v16=0.0000 v17=0.0000 v18=0.0000 acc=1.0000 lr=6.54e-05 lambda=0.000 grl_lambda=0.998 v18_lambda=0.000 gpu=3.0/11.8GB
[23:27:22] [train] ep=71 step=010/40 ce=0.2754 sc=0.8302 mi=0.0637 dn=0.0000 v13=0.0004 grl=0.2378 v15=0.0000 v15r=0.0000 v16=0.0000 v17=0.0000 v18=0.0000 acc=1.0000 lr=6.45e-05 lambda=0.000 grl_lambda=0.998 v18_lambda=0.000 gpu=3.0/11.8GB
[23:27:27] [train] ep=71 step=020/40 ce=0.3448 sc=0.8063 mi=0.0618 dn=0.0000 v13=0.0004 grl=0.2489 v15=0.0000 v15r=0.0000 v16=0.0000 v17=0.0000 v18=0.0000 acc=0.9938 lr=6.35e-05 lambda=0.000 grl_lambda=0.998 v18_lambda=0.000 gpu=3.0/11.8GB
[23:27:33] [train] ep=71 step=030/40 ce=0.3170 sc=0.7949 mi=0.0618 dn=0.0000 v13=0.0004 grl=0.2505 v15=0.0000 v15r=0.0000 v16=0.0000 v17=0.0000 v18=0.0000 acc=0.9958 lr=6.25e-05 lambda=0.000 grl_lambda=0.998 v18_lambda=0.000 gpu=3.0/11.8GB
[23:27:39] [train] ep=71 step=040/40 ce=0.3024 sc=0.7542 mi=0.0633 dn=0.0000 v13=0.0004 grl=0.2569 v15=0.0000 v15r=0.0000 v16=0.0000 v17=0.0000 v18=0.0000 acc=0.9969 lr=6.15e-05 lambda=0.000 grl_lambda=0.998 v18_lambda=0.000 gpu=3.0/11.8GB
[23:27:49] [ep_summary] ep=71/100 val_live=0.9568/0.9577 val_ema=0.9630/0.9628 test77_live=0.6331/0.6234 test77_diag_ema=0.6043/0.5873 v13=0.0004 grl=0.2569 v15=0.0000 v15r=0.0000 v16=0.0000 v17=0.0000 v18=0.0000 das=fixed_full[15,140] p=1.00 ep_time=33.0s
[23:27:49] [train] epoch 72/100 steps=40 use_dann=0 das=fixed_full f=[15.0,140.0] p=1.00 gpu=3.0/11.8GB
[23:27:49] [train] ep=72 step=001/40 ce=0.2582 sc=0.7158 mi=0.0685 dn=0.0000 v13=0.0004 grl=0.1708 v15=0.0000 v15r=0.0000 v16=0.0000 v17=0.0000 v18=0.0000 acc=1.0000 lr=6.14e-05 lambda=0.000 grl_lambda=0.998 v18_lambda=0.000 gpu=3.0/11.8GB
[23:27:55] [train] ep=72 step=010/40 ce=0.2579 sc=0.7666 mi=0.0629 dn=0.0000 v13=0.0004 grl=0.2320 v15=0.0000 v15r=0.0000 v16=0.0000 v17=0.0000 v18=0.0000 acc=1.0000 lr=6.06e-05 lambda=0.000 grl_lambda=0.998 v18_lambda=0.000 gpu=3.0/11.8GB
[23:28:00] [train] ep=72 step=020/40 ce=0.2591 sc=0.7403 mi=0.0637 dn=0.0000 v13=0.0004 grl=0.2476 v15=0.0000 v15r=0.0000 v16=0.0000 v17=0.0000 v18=0.0000 acc=1.0000 lr=5.96e-05 lambda=0.000 grl_lambda=0.998 v18_lambda=0.000 gpu=3.0/11.8GB
[23:28:06] [train] ep=72 step=030/40 ce=0.2591 sc=0.7421 mi=0.0645 dn=0.0000 v13=0.0004 grl=0.2671 v15=0.0000 v15r=0.0000 v16=0.0000 v17=0.0000 v18=0.0000 acc=1.0000 lr=5.86e-05 lambda=0.000 grl_lambda=0.998 v18_lambda=0.000 gpu=3.0/11.8GB
[23:28:12] [train] ep=72 step=040/40 ce=0.2639 sc=0.7241 mi=0.0649 dn=0.0000 v13=0.0004 grl=0.2744 v15=0.0000 v15r=0.0000 v16=0.0000 v17=0.0000 v18=0.0000 acc=1.0000 lr=5.77e-05 lambda=0.000 grl_lambda=0.999 v18_lambda=0.000 gpu=3.0/11.8GB
[23:28:22] [ep_summary] ep=72/100 val_live=0.9568/0.9577 val_ema=0.9630/0.9628 test77_live=0.6295/0.6210 test77_diag_ema=0.6079/0.5905 v13=0.0004 grl=0.2744 v15=0.0000 v15r=0.0000 v16=0.0000 v17=0.0000 v18=0.0000 das=fixed_full[15,140] p=1.00 ep_time=33.0s
[23:28:22] [save] best_sourcequalified77_ema ep=72 source_val_live=0.9568/0.9577 source_val_ema=0.9630/0.9628 test77_ema=0.6079/0.5905
[23:28:22] [train] epoch 73/100 steps=40 use_dann=0 das=fixed_full f=[15.0,140.0] p=1.00 gpu=3.0/11.8GB
[23:28:22] [train] ep=73 step=001/40 ce=0.2570 sc=1.1043 mi=0.0632 dn=0.0000 v13=0.0004 grl=0.2483 v15=0.0000 v15r=0.0000 v16=0.0000 v17=0.0000 v18=0.0000 acc=1.0000 lr=5.76e-05 lambda=0.000 grl_lambda=0.999 v18_lambda=0.000 gpu=3.0/11.8GB
[23:28:28] [train] ep=73 step=010/40 ce=0.2652 sc=0.6976 mi=0.0643 dn=0.0000 v13=0.0005 grl=0.2521 v15=0.0000 v15r=0.0000 v16=0.0000 v17=0.0000 v18=0.0000 acc=1.0000 lr=5.67e-05 lambda=0.000 grl_lambda=0.999 v18_lambda=0.000 gpu=3.0/11.8GB
[23:28:33] [train] ep=73 step=020/40 ce=0.2624 sc=0.7247 mi=0.0639 dn=0.0000 v13=0.0004 grl=0.2600 v15=0.0000 v15r=0.0000 v16=0.0000 v17=0.0000 v18=0.0000 acc=1.0000 lr=5.58e-05 lambda=0.000 grl_lambda=0.999 v18_lambda=0.000 gpu=3.0/11.8GB
[23:28:39] [train] ep=73 step=030/40 ce=0.2833 sc=0.7506 mi=0.0641 dn=0.0000 v13=0.0004 grl=0.2601 v15=0.0000 v15r=0.0000 v16=0.0000 v17=0.0000 v18=0.0000 acc=0.9979 lr=5.48e-05 lambda=0.000 grl_lambda=0.999 v18_lambda=0.000 gpu=3.0/11.8GB
[23:28:45] [train] ep=73 step=040/40 ce=0.2794 sc=0.7602 mi=0.0642 dn=0.0000 v13=0.0004 grl=0.2535 v15=0.0000 v15r=0.0000 v16=0.0000 v17=0.0000 v18=0.0000 acc=0.9984 lr=5.39e-05 lambda=0.000 grl_lambda=0.999 v18_lambda=0.000 gpu=3.0/11.8GB
[23:28:55] [ep_summary] ep=73/100 val_live=0.9568/0.9577 val_ema=0.9630/0.9628 test77_live=0.6115/0.5988 test77_diag_ema=0.6007/0.5827 v13=0.0004 grl=0.2535 v15=0.0000 v15r=0.0000 v16=0.0000 v17=0.0000 v18=0.0000 das=fixed_full[15,140] p=1.00 ep_time=33.0s
[23:28:55] [train] epoch 74/100 steps=40 use_dann=0 das=fixed_full f=[15.0,140.0] p=1.00 gpu=3.0/11.8GB
[23:28:55] [train] ep=74 step=001/40 ce=0.2566 sc=0.4343 mi=0.0614 dn=0.0000 v13=0.0002 grl=0.3673 v15=0.0000 v15r=0.0000 v16=0.0000 v17=0.0000 v18=0.0000 acc=1.0000 lr=5.38e-05 lambda=0.000 grl_lambda=0.999 v18_lambda=0.000 gpu=3.0/11.8GB
[23:29:01] [train] ep=74 step=010/40 ce=0.2581 sc=0.7765 mi=0.0641 dn=0.0000 v13=0.0004 grl=0.2964 v15=0.0000 v15r=0.0000 v16=0.0000 v17=0.0000 v18=0.0000 acc=1.0000 lr=5.30e-05 lambda=0.000 grl_lambda=0.999 v18_lambda=0.000 gpu=3.0/11.8GB
[23:29:06] [train] ep=74 step=020/40 ce=0.2801 sc=0.7400 mi=0.0660 dn=0.0000 v13=0.0004 grl=0.2632 v15=0.0000 v15r=0.0000 v16=0.0000 v17=0.0000 v18=0.0000 acc=0.9969 lr=5.20e-05 lambda=0.000 grl_lambda=0.999 v18_lambda=0.000 gpu=3.0/11.8GB
[23:29:12] [train] ep=74 step=030/40 ce=0.2730 sc=0.7727 mi=0.0651 dn=0.0000 v13=0.0004 grl=0.2568 v15=0.0000 v15r=0.0000 v16=0.0000 v17=0.0000 v18=0.0000 acc=0.9979 lr=5.11e-05 lambda=0.000 grl_lambda=0.999 v18_lambda=0.000 gpu=3.0/11.8GB
[23:29:18] [train] ep=74 step=040/40 ce=0.2891 sc=0.7939 mi=0.0655 dn=0.0000 v13=0.0004 grl=0.2652 v15=0.0000 v15r=0.0000 v16=0.0000 v17=0.0000 v18=0.0000 acc=0.9969 lr=5.02e-05 lambda=0.000 grl_lambda=0.999 v18_lambda=0.000 gpu=3.0/11.8GB
[23:29:28] [ep_summary] ep=74/100 val_live=0.9506/0.9514 val_ema=0.9630/0.9628 test77_live=0.6187/0.6071 test77_diag_ema=0.6007/0.5827 v13=0.0004 grl=0.2652 v15=0.0000 v15r=0.0000 v16=0.0000 v17=0.0000 v18=0.0000 das=fixed_full[15,140] p=1.00 ep_time=33.0s
[23:29:28] [train] epoch 75/100 steps=40 use_dann=0 das=fixed_full f=[15.0,140.0] p=1.00 gpu=3.0/11.8GB
[23:29:28] [train] ep=75 step=001/40 ce=0.2560 sc=0.7430 mi=0.0646 dn=0.0000 v13=0.0003 grl=0.2578 v15=0.0000 v15r=0.0000 v16=0.0000 v17=0.0000 v18=0.0000 acc=1.0000 lr=5.01e-05 lambda=0.000 grl_lambda=0.999 v18_lambda=0.000 gpu=3.0/11.8GB
[23:29:34] [train] ep=75 step=010/40 ce=0.3742 sc=0.8306 mi=0.0642 dn=0.0000 v13=0.0005 grl=0.2668 v15=0.0000 v15r=0.0000 v16=0.0000 v17=0.0000 v18=0.0000 acc=0.9938 lr=4.93e-05 lambda=0.000 grl_lambda=0.999 v18_lambda=0.000 gpu=3.0/11.8GB
[23:29:39] [train] ep=75 step=020/40 ce=0.3163 sc=0.7595 mi=0.0646 dn=0.0000 v13=0.0005 grl=0.2739 v15=0.0000 v15r=0.0000 v16=0.0000 v17=0.0000 v18=0.0000 acc=0.9969 lr=4.84e-05 lambda=0.000 grl_lambda=0.999 v18_lambda=0.000 gpu=3.0/11.8GB
[23:29:45] [train] ep=75 step=030/40 ce=0.2992 sc=0.7728 mi=0.0648 dn=0.0000 v13=0.0005 grl=0.2819 v15=0.0000 v15r=0.0000 v16=0.0000 v17=0.0000 v18=0.0000 acc=0.9979 lr=4.75e-05 lambda=0.000 grl_lambda=0.999 v18_lambda=0.000 gpu=3.0/11.8GB
[23:29:51] [train] ep=75 step=040/40 ce=0.2892 sc=0.7880 mi=0.0640 dn=0.0000 v13=0.0005 grl=0.2731 v15=0.0000 v15r=0.0000 v16=0.0000 v17=0.0000 v18=0.0000 acc=0.9984 lr=4.66e-05 lambda=0.000 grl_lambda=0.999 v18_lambda=0.000 gpu=3.0/11.8GB
[23:30:01] [ep_summary] ep=75/100 val_live=0.9630/0.9628 val_ema=0.9630/0.9628 test77_live=0.6079/0.5948 test77_diag_ema=0.6079/0.5888 v13=0.0005 grl=0.2731 v15=0.0000 v15r=0.0000 v16=0.0000 v17=0.0000 v18=0.0000 das=fixed_full[15,140] p=1.00 ep_time=33.0s
[23:30:01] [train] epoch 76/100 steps=40 use_dann=0 das=fixed_full f=[15.0,140.0] p=1.00 gpu=3.0/11.8GB
[23:30:01] [train] ep=76 step=001/40 ce=0.2570 sc=0.6478 mi=0.0533 dn=0.0000 v13=0.0005 grl=0.1533 v15=0.0000 v15r=0.0000 v16=0.0000 v17=0.0000 v18=0.0000 acc=1.0000 lr=4.65e-05 lambda=0.000 grl_lambda=0.999 v18_lambda=0.000 gpu=3.0/11.8GB
[23:30:07] [train] ep=76 step=010/40 ce=0.2588 sc=0.6203 mi=0.0651 dn=0.0000 v13=0.0005 grl=0.2782 v15=0.0000 v15r=0.0000 v16=0.0000 v17=0.0000 v18=0.0000 acc=1.0000 lr=4.58e-05 lambda=0.000 grl_lambda=0.999 v18_lambda=0.000 gpu=3.0/11.8GB
[23:30:12] [train] ep=76 step=020/40 ce=0.2592 sc=0.6470 mi=0.0645 dn=0.0000 v13=0.0004 grl=0.2876 v15=0.0000 v15r=0.0000 v16=0.0000 v17=0.0000 v18=0.0000 acc=1.0000 lr=4.49e-05 lambda=0.000 grl_lambda=0.999 v18_lambda=0.000 gpu=3.0/11.8GB
[23:30:18] [train] ep=76 step=030/40 ce=0.2730 sc=0.7102 mi=0.0647 dn=0.0000 v13=0.0005 grl=0.2866 v15=0.0000 v15r=0.0000 v16=0.0000 v17=0.0000 v18=0.0000 acc=0.9979 lr=4.40e-05 lambda=0.000 grl_lambda=0.999 v18_lambda=0.000 gpu=3.0/11.8GB
[23:30:24] [train] ep=76 step=040/40 ce=0.2930 sc=0.7137 mi=0.0636 dn=0.0000 v13=0.0005 grl=0.2802 v15=0.0000 v15r=0.0000 v16=0.0000 v17=0.0000 v18=0.0000 acc=0.9969 lr=4.32e-05 lambda=0.000 grl_lambda=0.999 v18_lambda=0.000 gpu=3.0/11.8GB
[23:30:34] [ep_summary] ep=76/100 val_live=0.9630/0.9631 val_ema=0.9630/0.9628 test77_live=0.6151/0.6029 test77_diag_ema=0.6115/0.5917 v13=0.0005 grl=0.2802 v15=0.0000 v15r=0.0000 v16=0.0000 v17=0.0000 v18=0.0000 das=fixed_full[15,140] p=1.00 ep_time=33.0s
[23:30:34] [save] best_sourcequalified77_ema ep=76 source_val_live=0.9630/0.9631 source_val_ema=0.9630/0.9628 test77_ema=0.6115/0.5917
[23:30:34] [train] epoch 77/100 steps=40 use_dann=0 das=fixed_full f=[15.0,140.0] p=1.00 gpu=3.0/11.8GB
[23:30:35] [train] ep=77 step=001/40 ce=0.2572 sc=0.5425 mi=0.0640 dn=0.0000 v13=0.0005 grl=0.2053 v15=0.0000 v15r=0.0000 v16=0.0000 v17=0.0000 v18=0.0000 acc=1.0000 lr=4.31e-05 lambda=0.000 grl_lambda=0.999 v18_lambda=0.000 gpu=3.0/11.8GB
[23:30:40] [train] ep=77 step=010/40 ce=0.2612 sc=0.6776 mi=0.0645 dn=0.0000 v13=0.0005 grl=0.2596 v15=0.0000 v15r=0.0000 v16=0.0000 v17=0.0000 v18=0.0000 acc=1.0000 lr=4.23e-05 lambda=0.000 grl_lambda=0.999 v18_lambda=0.000 gpu=3.0/11.8GB
[23:30:45] [train] ep=77 step=020/40 ce=0.2777 sc=0.7136 mi=0.0644 dn=0.0000 v13=0.0005 grl=0.2675 v15=0.0000 v15r=0.0000 v16=0.0000 v17=0.0000 v18=0.0000 acc=1.0000 lr=4.15e-05 lambda=0.000 grl_lambda=0.999 v18_lambda=0.000 gpu=3.0/11.8GB
[23:30:51] [train] ep=77 step=030/40 ce=0.2713 sc=0.7206 mi=0.0639 dn=0.0000 v13=0.0005 grl=0.2569 v15=0.0000 v15r=0.0000 v16=0.0000 v17=0.0000 v18=0.0000 acc=1.0000 lr=4.06e-05 lambda=0.000 grl_lambda=0.999 v18_lambda=0.000 gpu=3.0/11.8GB
[23:30:57] [train] ep=77 step=040/40 ce=0.2681 sc=0.7454 mi=0.0638 dn=0.0000 v13=0.0005 grl=0.2642 v15=0.0000 v15r=0.0000 v16=0.0000 v17=0.0000 v18=0.0000 acc=1.0000 lr=3.98e-05 lambda=0.000 grl_lambda=0.999 v18_lambda=0.000 gpu=3.0/11.8GB
[23:31:07] [ep_summary] ep=77/100 val_live=0.9630/0.9631 val_ema=0.9630/0.9628 test77_live=0.6007/0.5829 test77_diag_ema=0.6151/0.5972 v13=0.0005 grl=0.2642 v15=0.0000 v15r=0.0000 v16=0.0000 v17=0.0000 v18=0.0000 das=fixed_full[15,140] p=1.00 ep_time=33.0s
[23:31:07] [save] best_sourcequalified77_ema ep=77 source_val_live=0.9630/0.9631 source_val_ema=0.9630/0.9628 test77_ema=0.6151/0.5972
[23:31:07] [train] epoch 78/100 steps=40 use_dann=0 das=fixed_full f=[15.0,140.0] p=1.00 gpu=3.0/11.8GB
[23:31:08] [train] ep=78 step=001/40 ce=0.2589 sc=0.6001 mi=0.0582 dn=0.0000 v13=0.0006 grl=0.3910 v15=0.0000 v15r=0.0000 v16=0.0000 v17=0.0000 v18=0.0000 acc=1.0000 lr=3.97e-05 lambda=0.000 grl_lambda=0.999 v18_lambda=0.000 gpu=3.0/11.8GB
[23:31:13] [train] ep=78 step=010/40 ce=0.2589 sc=0.7239 mi=0.0620 dn=0.0000 v13=0.0004 grl=0.2711 v15=0.0000 v15r=0.0000 v16=0.0000 v17=0.0000 v18=0.0000 acc=1.0000 lr=3.90e-05 lambda=0.000 grl_lambda=0.999 v18_lambda=0.000 gpu=3.0/11.8GB
[23:31:18] [train] ep=78 step=020/40 ce=0.2922 sc=0.7063 mi=0.0631 dn=0.0000 v13=0.0005 grl=0.2858 v15=0.0000 v15r=0.0000 v16=0.0000 v17=0.0000 v18=0.0000 acc=0.9969 lr=3.82e-05 lambda=0.000 grl_lambda=0.999 v18_lambda=0.000 gpu=3.0/11.8GB
[23:31:24] [train] ep=78 step=030/40 ce=0.2811 sc=0.7439 mi=0.0629 dn=0.0000 v13=0.0005 grl=0.2797 v15=0.0000 v15r=0.0000 v16=0.0000 v17=0.0000 v18=0.0000 acc=0.9979 lr=3.74e-05 lambda=0.000 grl_lambda=0.999 v18_lambda=0.000 gpu=3.0/11.8GB
[23:31:30] [train] ep=78 step=040/40 ce=0.2964 sc=0.7611 mi=0.0634 dn=0.0000 v13=0.0005 grl=0.2875 v15=0.0000 v15r=0.0000 v16=0.0000 v17=0.0000 v18=0.0000 acc=0.9969 lr=3.66e-05 lambda=0.000 grl_lambda=0.999 v18_lambda=0.000 gpu=3.0/11.8GB
[23:31:40] [ep_summary] ep=78/100 val_live=0.9630/0.9631 val_ema=0.9630/0.9628 test77_live=0.5863/0.5677 test77_diag_ema=0.6187/0.6026 v13=0.0005 grl=0.2875 v15=0.0000 v15r=0.0000 v16=0.0000 v17=0.0000 v18=0.0000 das=fixed_full[15,140] p=1.00 ep_time=33.0s
[23:31:40] [save] best_sourcequalified77_ema ep=78 source_val_live=0.9630/0.9631 source_val_ema=0.9630/0.9628 test77_ema=0.6187/0.6026
[23:31:40] [train] epoch 79/100 steps=40 use_dann=0 das=fixed_full f=[15.0,140.0] p=1.00 gpu=3.0/11.8GB
[23:31:41] [train] ep=79 step=001/40 ce=0.2574 sc=0.8416 mi=0.0665 dn=0.0000 v13=0.0003 grl=0.2806 v15=0.0000 v15r=0.0000 v16=0.0000 v17=0.0000 v18=0.0000 acc=1.0000 lr=3.65e-05 lambda=0.000 grl_lambda=0.999 v18_lambda=0.000 gpu=3.0/11.8GB
[23:31:46] [train] ep=79 step=010/40 ce=0.2577 sc=0.8548 mi=0.0660 dn=0.0000 v13=0.0005 grl=0.2729 v15=0.0000 v15r=0.0000 v16=0.0000 v17=0.0000 v18=0.0000 acc=1.0000 lr=3.58e-05 lambda=0.000 grl_lambda=0.999 v18_lambda=0.000 gpu=3.0/11.8GB
[23:31:52] [train] ep=79 step=020/40 ce=0.2891 sc=0.8567 mi=0.0634 dn=0.0000 v13=0.0005 grl=0.2637 v15=0.0000 v15r=0.0000 v16=0.0000 v17=0.0000 v18=0.0000 acc=1.0000 lr=3.50e-05 lambda=0.000 grl_lambda=0.999 v18_lambda=0.000 gpu=3.0/11.8GB
[23:31:57] [train] ep=79 step=030/40 ce=0.2802 sc=0.8326 mi=0.0641 dn=0.0000 v13=0.0004 grl=0.2661 v15=0.0000 v15r=0.0000 v16=0.0000 v17=0.0000 v18=0.0000 acc=1.0000 lr=3.42e-05 lambda=0.000 grl_lambda=0.999 v18_lambda=0.000 gpu=3.0/11.8GB
[23:32:03] [train] ep=79 step=040/40 ce=0.2746 sc=0.8240 mi=0.0640 dn=0.0000 v13=0.0004 grl=0.2711 v15=0.0000 v15r=0.0000 v16=0.0000 v17=0.0000 v18=0.0000 acc=1.0000 lr=3.35e-05 lambda=0.000 grl_lambda=0.999 v18_lambda=0.000 gpu=3.0/11.8GB
[23:32:13] [ep_summary] ep=79/100 val_live=0.9444/0.9450 val_ema=0.9630/0.9628 test77_live=0.5899/0.5708 test77_diag_ema=0.6187/0.6026 v13=0.0004 grl=0.2711 v15=0.0000 v15r=0.0000 v16=0.0000 v17=0.0000 v18=0.0000 das=fixed_full[15,140] p=1.00 ep_time=33.0s
[23:32:13] [train] epoch 80/100 steps=40 use_dann=0 das=fixed_full f=[15.0,140.0] p=1.00 gpu=3.0/11.8GB
[23:32:14] [train] ep=80 step=001/40 ce=0.2574 sc=0.8426 mi=0.0637 dn=0.0000 v13=0.0005 grl=0.3716 v15=0.0000 v15r=0.0000 v16=0.0000 v17=0.0000 v18=0.0000 acc=1.0000 lr=3.34e-05 lambda=0.000 grl_lambda=0.999 v18_lambda=0.000 gpu=3.0/11.8GB
[23:32:19] [train] ep=80 step=010/40 ce=0.3529 sc=0.8340 mi=0.0646 dn=0.0000 v13=0.0004 grl=0.2823 v15=0.0000 v15r=0.0000 v16=0.0000 v17=0.0000 v18=0.0000 acc=0.9938 lr=3.27e-05 lambda=0.000 grl_lambda=0.999 v18_lambda=0.000 gpu=3.0/11.8GB
[23:32:25] [train] ep=80 step=020/40 ce=0.3051 sc=0.7846 mi=0.0639 dn=0.0000 v13=0.0004 grl=0.2789 v15=0.0000 v15r=0.0000 v16=0.0000 v17=0.0000 v18=0.0000 acc=0.9969 lr=3.19e-05 lambda=0.000 grl_lambda=0.999 v18_lambda=0.000 gpu=3.0/11.8GB
[23:32:30] [train] ep=80 step=030/40 ce=0.3200 sc=0.7817 mi=0.0641 dn=0.0000 v13=0.0005 grl=0.2739 v15=0.0000 v15r=0.0000 v16=0.0000 v17=0.0000 v18=0.0000 acc=0.9958 lr=3.12e-05 lambda=0.000 grl_lambda=0.999 v18_lambda=0.000 gpu=3.0/11.8GB
[23:32:36] [train] ep=80 step=040/40 ce=0.3095 sc=0.7846 mi=0.0630 dn=0.0000 v13=0.0004 grl=0.2632 v15=0.0000 v15r=0.0000 v16=0.0000 v17=0.0000 v18=0.0000 acc=0.9969 lr=3.05e-05 lambda=0.000 grl_lambda=0.999 v18_lambda=0.000 gpu=3.0/11.8GB
[23:32:46] [pool] check ep=080/100 source_val_acc_ema=0.9630 threshold=0.90
[23:32:51] [pool] ep=080 ADDED src_val=0.9630/0.9628 dev77=0.5571/0.5390 final77=0.6187/0.6026
[23:32:51] [pool] running best ep=080 dev77_f1=0.5390 final77_f1=0.6026 (pool_size=4)
[23:32:51] [ep_summary] ep=80/100 val_live=0.9444/0.9444 val_ema=0.9630/0.9628 test77_live=0.5791/0.5613 test77_diag_ema=0.6187/0.6026 v13=0.0004 grl=0.2632 v15=0.0000 v15r=0.0000 v16=0.0000 v17=0.0000 v18=0.0000 das=fixed_full[15,140] p=1.00 ep_time=37.7s
[23:32:51] [strict77_monitor] ep=80 best_source_epoch=50 source_val_ema=0.9691/0.9694 test77_ema_diag=0.5540/0.5148 sourcequalified_count=39 best_sourcequalified77_epoch=78 source_val_ema=0.9630/0.9628 test77_ema=0.6187/0.6026
[23:32:51] [train] epoch 81/100 steps=40 use_dann=0 das=fixed_full f=[15.0,140.0] p=1.00 gpu=3.0/11.8GB
[23:32:51] [train] ep=81 step=001/40 ce=0.2573 sc=0.7288 mi=0.0579 dn=0.0000 v13=0.0005 grl=0.2147 v15=0.0000 v15r=0.0000 v16=0.0000 v17=0.0000 v18=0.0000 acc=1.0000 lr=3.04e-05 lambda=0.000 grl_lambda=0.999 v18_lambda=0.000 gpu=3.0/11.8GB
[23:32:57] [train] ep=81 step=010/40 ce=0.2981 sc=0.9086 mi=0.0620 dn=0.0000 v13=0.0004 grl=0.2532 v15=0.0000 v15r=0.0000 v16=0.0000 v17=0.0000 v18=0.0000 acc=0.9938 lr=2.97e-05 lambda=0.000 grl_lambda=0.999 v18_lambda=0.000 gpu=3.0/11.8GB
[23:33:02] [train] ep=81 step=020/40 ce=0.2880 sc=0.8142 mi=0.0627 dn=0.0000 v13=0.0004 grl=0.2610 v15=0.0000 v15r=0.0000 v16=0.0000 v17=0.0000 v18=0.0000 acc=0.9969 lr=2.90e-05 lambda=0.000 grl_lambda=0.999 v18_lambda=0.000 gpu=3.0/11.8GB
[23:33:08] [train] ep=81 step=030/40 ce=0.2849 sc=0.8575 mi=0.0640 dn=0.0000 v13=0.0004 grl=0.2675 v15=0.0000 v15r=0.0000 v16=0.0000 v17=0.0000 v18=0.0000 acc=0.9979 lr=2.83e-05 lambda=0.000 grl_lambda=0.999 v18_lambda=0.000 gpu=3.0/11.8GB
[23:33:14] [train] ep=81 step=040/40 ce=0.2785 sc=0.8607 mi=0.0629 dn=0.0000 v13=0.0004 grl=0.2620 v15=0.0000 v15r=0.0000 v16=0.0000 v17=0.0000 v18=0.0000 acc=0.9984 lr=2.76e-05 lambda=0.000 grl_lambda=0.999 v18_lambda=0.000 gpu=3.0/11.8GB
[23:33:24] [ep_summary] ep=81/100 val_live=0.9383/0.9385 val_ema=0.9630/0.9628 test77_live=0.6115/0.5936 test77_diag_ema=0.6223/0.6060 v13=0.0004 grl=0.2620 v15=0.0000 v15r=0.0000 v16=0.0000 v17=0.0000 v18=0.0000 das=fixed_full[15,140] p=1.00 ep_time=33.0s
[23:33:24] [save] best_sourcequalified77_ema ep=81 source_val_live=0.9383/0.9385 source_val_ema=0.9630/0.9628 test77_ema=0.6223/0.6060
[23:33:24] [train] epoch 82/100 steps=40 use_dann=0 das=fixed_full f=[15.0,140.0] p=1.00 gpu=3.0/11.8GB
[23:33:24] [train] ep=82 step=001/40 ce=0.2652 sc=0.6357 mi=0.0595 dn=0.0000 v13=0.0008 grl=0.2520 v15=0.0000 v15r=0.0000 v16=0.0000 v17=0.0000 v18=0.0000 acc=1.0000 lr=2.75e-05 lambda=0.000 grl_lambda=0.999 v18_lambda=0.000 gpu=3.0/11.8GB
[23:33:30] [train] ep=82 step=010/40 ce=0.3127 sc=0.7685 mi=0.0649 dn=0.0000 v13=0.0005 grl=0.2671 v15=0.0000 v15r=0.0000 v16=0.0000 v17=0.0000 v18=0.0000 acc=0.9938 lr=2.69e-05 lambda=0.000 grl_lambda=0.999 v18_lambda=0.000 gpu=3.0/11.8GB
[23:33:35] [train] ep=82 step=020/40 ce=0.2867 sc=0.7146 mi=0.0628 dn=0.0000 v13=0.0005 grl=0.2571 v15=0.0000 v15r=0.0000 v16=0.0000 v17=0.0000 v18=0.0000 acc=0.9969 lr=2.62e-05 lambda=0.000 grl_lambda=0.999 v18_lambda=0.000 gpu=3.0/11.8GB
[23:33:41] [train] ep=82 step=030/40 ce=0.2778 sc=0.7590 mi=0.0629 dn=0.0000 v13=0.0004 grl=0.2619 v15=0.0000 v15r=0.0000 v16=0.0000 v17=0.0000 v18=0.0000 acc=0.9979 lr=2.55e-05 lambda=0.000 grl_lambda=0.999 v18_lambda=0.000 gpu=3.0/11.8GB
[23:33:47] [train] ep=82 step=040/40 ce=0.2736 sc=0.7659 mi=0.0629 dn=0.0000 v13=0.0004 grl=0.2493 v15=0.0000 v15r=0.0000 v16=0.0000 v17=0.0000 v18=0.0000 acc=0.9984 lr=2.48e-05 lambda=0.000 grl_lambda=0.999 v18_lambda=0.000 gpu=3.0/11.8GB
[23:33:57] [ep_summary] ep=82/100 val_live=0.9444/0.9444 val_ema=0.9630/0.9628 test77_live=0.6259/0.6135 test77_diag_ema=0.6151/0.5980 v13=0.0004 grl=0.2493 v15=0.0000 v15r=0.0000 v16=0.0000 v17=0.0000 v18=0.0000 das=fixed_full[15,140] p=1.00 ep_time=33.1s
[23:33:57] [train] epoch 83/100 steps=40 use_dann=0 das=fixed_full f=[15.0,140.0] p=1.00 gpu=3.0/11.8GB
[23:33:57] [train] ep=83 step=001/40 ce=0.2584 sc=0.7612 mi=0.0652 dn=0.0000 v13=0.0004 grl=0.3053 v15=0.0000 v15r=0.0000 v16=0.0000 v17=0.0000 v18=0.0000 acc=1.0000 lr=2.48e-05 lambda=0.000 grl_lambda=0.999 v18_lambda=0.000 gpu=3.0/11.8GB
[23:34:03] [train] ep=83 step=010/40 ce=0.3502 sc=0.7250 mi=0.0648 dn=0.0000 v13=0.0004 grl=0.2845 v15=0.0000 v15r=0.0000 v16=0.0000 v17=0.0000 v18=0.0000 acc=0.9938 lr=2.42e-05 lambda=0.000 grl_lambda=0.999 v18_lambda=0.000 gpu=3.0/11.8GB
[23:34:08] [train] ep=83 step=020/40 ce=0.3045 sc=0.7689 mi=0.0633 dn=0.0000 v13=0.0004 grl=0.2670 v15=0.0000 v15r=0.0000 v16=0.0000 v17=0.0000 v18=0.0000 acc=0.9969 lr=2.35e-05 lambda=0.000 grl_lambda=0.999 v18_lambda=0.000 gpu=3.0/11.8GB
[23:34:14] [train] ep=83 step=030/40 ce=0.3135 sc=0.7651 mi=0.0634 dn=0.0000 v13=0.0004 grl=0.2689 v15=0.0000 v15r=0.0000 v16=0.0000 v17=0.0000 v18=0.0000 acc=0.9958 lr=2.29e-05 lambda=0.000 grl_lambda=0.999 v18_lambda=0.000 gpu=3.0/11.8GB
[23:34:20] [train] ep=83 step=040/40 ce=0.2999 sc=0.7752 mi=0.0625 dn=0.0000 v13=0.0004 grl=0.2629 v15=0.0000 v15r=0.0000 v16=0.0000 v17=0.0000 v18=0.0000 acc=0.9969 lr=2.22e-05 lambda=0.000 grl_lambda=1.000 v18_lambda=0.000 gpu=3.0/11.8GB
[23:34:30] [ep_summary] ep=83/100 val_live=0.9630/0.9628 val_ema=0.9630/0.9628 test77_live=0.6475/0.6377 test77_diag_ema=0.6187/0.6014 v13=0.0004 grl=0.2629 v15=0.0000 v15r=0.0000 v16=0.0000 v17=0.0000 v18=0.0000 das=fixed_full[15,140] p=1.00 ep_time=33.1s
[23:34:30] [train] epoch 84/100 steps=40 use_dann=0 das=fixed_full f=[15.0,140.0] p=1.00 gpu=3.0/11.8GB
[23:34:31] [train] ep=84 step=001/40 ce=0.2568 sc=0.5679 mi=0.0823 dn=0.0000 v13=0.0003 grl=0.2597 v15=0.0000 v15r=0.0000 v16=0.0000 v17=0.0000 v18=0.0000 acc=1.0000 lr=2.22e-05 lambda=0.000 grl_lambda=1.000 v18_lambda=0.000 gpu=3.0/11.8GB
[23:34:36] [train] ep=84 step=010/40 ce=0.2716 sc=0.7643 mi=0.0698 dn=0.0000 v13=0.0004 grl=0.3140 v15=0.0000 v15r=0.0000 v16=0.0000 v17=0.0000 v18=0.0000 acc=1.0000 lr=2.16e-05 lambda=0.000 grl_lambda=1.000 v18_lambda=0.000 gpu=3.0/11.8GB
[23:34:41] [train] ep=84 step=020/40 ce=0.2646 sc=0.7885 mi=0.0674 dn=0.0000 v13=0.0004 grl=0.2892 v15=0.0000 v15r=0.0000 v16=0.0000 v17=0.0000 v18=0.0000 acc=1.0000 lr=2.10e-05 lambda=0.000 grl_lambda=1.000 v18_lambda=0.000 gpu=3.0/11.8GB
[23:34:47] [train] ep=84 step=030/40 ce=0.2624 sc=0.7990 mi=0.0653 dn=0.0000 v13=0.0004 grl=0.2811 v15=0.0000 v15r=0.0000 v16=0.0000 v17=0.0000 v18=0.0000 acc=1.0000 lr=2.04e-05 lambda=0.000 grl_lambda=1.000 v18_lambda=0.000 gpu=3.0/11.8GB
[23:34:53] [train] ep=84 step=040/40 ce=0.2619 sc=0.7755 mi=0.0648 dn=0.0000 v13=0.0004 grl=0.2858 v15=0.0000 v15r=0.0000 v16=0.0000 v17=0.0000 v18=0.0000 acc=1.0000 lr=1.98e-05 lambda=0.000 grl_lambda=1.000 v18_lambda=0.000 gpu=3.0/11.8GB
[23:35:03] [ep_summary] ep=84/100 val_live=0.9506/0.9498 val_ema=0.9630/0.9628 test77_live=0.6367/0.6248 test77_diag_ema=0.6223/0.6056 v13=0.0004 grl=0.2858 v15=0.0000 v15r=0.0000 v16=0.0000 v17=0.0000 v18=0.0000 das=fixed_full[15,140] p=1.00 ep_time=33.0s
[23:35:03] [train] epoch 85/100 steps=40 use_dann=0 das=fixed_full f=[15.0,140.0] p=1.00 gpu=3.0/11.8GB
[23:35:04] [train] ep=85 step=001/40 ce=0.2576 sc=0.7234 mi=0.0566 dn=0.0000 v13=0.0004 grl=0.2453 v15=0.0000 v15r=0.0000 v16=0.0000 v17=0.0000 v18=0.0000 acc=1.0000 lr=1.97e-05 lambda=0.000 grl_lambda=1.000 v18_lambda=0.000 gpu=3.0/11.8GB
[23:35:09] [train] ep=85 step=010/40 ce=0.2676 sc=0.6861 mi=0.0634 dn=0.0000 v13=0.0004 grl=0.2807 v15=0.0000 v15r=0.0000 v16=0.0000 v17=0.0000 v18=0.0000 acc=1.0000 lr=1.92e-05 lambda=0.000 grl_lambda=1.000 v18_lambda=0.000 gpu=3.0/11.8GB
[23:35:14] [train] ep=85 step=020/40 ce=0.2706 sc=0.7443 mi=0.0635 dn=0.0000 v13=0.0004 grl=0.2828 v15=0.0000 v15r=0.0000 v16=0.0000 v17=0.0000 v18=0.0000 acc=1.0000 lr=1.86e-05 lambda=0.000 grl_lambda=1.000 v18_lambda=0.000 gpu=3.0/11.8GB
[23:35:20] [train] ep=85 step=030/40 ce=0.2669 sc=0.7930 mi=0.0651 dn=0.0000 v13=0.0004 grl=0.2833 v15=0.0000 v15r=0.0000 v16=0.0000 v17=0.0000 v18=0.0000 acc=1.0000 lr=1.80e-05 lambda=0.000 grl_lambda=1.000 v18_lambda=0.000 gpu=3.0/11.8GB
[23:35:26] [train] ep=85 step=040/40 ce=0.2648 sc=0.7705 mi=0.0649 dn=0.0000 v13=0.0004 grl=0.2773 v15=0.0000 v15r=0.0000 v16=0.0000 v17=0.0000 v18=0.0000 acc=1.0000 lr=1.74e-05 lambda=0.000 grl_lambda=1.000 v18_lambda=0.000 gpu=3.0/11.8GB
[23:35:36] [ep_summary] ep=85/100 val_live=0.9630/0.9628 val_ema=0.9630/0.9628 test77_live=0.6511/0.6414 test77_diag_ema=0.6223/0.6056 v13=0.0004 grl=0.2773 v15=0.0000 v15r=0.0000 v16=0.0000 v17=0.0000 v18=0.0000 das=fixed_full[15,140] p=1.00 ep_time=33.1s
[23:35:36] [train] epoch 86/100 steps=40 use_dann=0 das=fixed_full f=[15.0,140.0] p=1.00 gpu=3.0/11.8GB
[23:35:37] [train] ep=86 step=001/40 ce=0.2629 sc=0.8529 mi=0.0762 dn=0.0000 v13=0.0003 grl=0.1733 v15=0.0000 v15r=0.0000 v16=0.0000 v17=0.0000 v18=0.0000 acc=1.0000 lr=1.74e-05 lambda=0.000 grl_lambda=1.000 v18_lambda=0.000 gpu=3.0/11.8GB
[23:35:42] [train] ep=86 step=010/40 ce=0.2725 sc=0.6995 mi=0.0663 dn=0.0000 v13=0.0004 grl=0.2712 v15=0.0000 v15r=0.0000 v16=0.0000 v17=0.0000 v18=0.0000 acc=1.0000 lr=1.68e-05 lambda=0.000 grl_lambda=1.000 v18_lambda=0.000 gpu=3.0/11.8GB
[23:35:48] [train] ep=86 step=020/40 ce=0.2670 sc=0.6986 mi=0.0660 dn=0.0000 v13=0.0005 grl=0.2742 v15=0.0000 v15r=0.0000 v16=0.0000 v17=0.0000 v18=0.0000 acc=1.0000 lr=1.63e-05 lambda=0.000 grl_lambda=1.000 v18_lambda=0.000 gpu=3.0/11.8GB
[23:35:53] [train] ep=86 step=030/40 ce=0.2667 sc=0.7147 mi=0.0653 dn=0.0000 v13=0.0004 grl=0.2710 v15=0.0000 v15r=0.0000 v16=0.0000 v17=0.0000 v18=0.0000 acc=1.0000 lr=1.57e-05 lambda=0.000 grl_lambda=1.000 v18_lambda=0.000 gpu=3.0/11.8GB
[23:35:59] [train] ep=86 step=040/40 ce=0.2855 sc=0.7602 mi=0.0653 dn=0.0000 v13=0.0004 grl=0.2720 v15=0.0000 v15r=0.0000 v16=0.0000 v17=0.0000 v18=0.0000 acc=0.9984 lr=1.52e-05 lambda=0.000 grl_lambda=1.000 v18_lambda=0.000 gpu=3.0/11.8GB
[23:36:09] [ep_summary] ep=86/100 val_live=0.9630/0.9628 val_ema=0.9630/0.9628 test77_live=0.6187/0.6059 test77_diag_ema=0.6223/0.6056 v13=0.0004 grl=0.2720 v15=0.0000 v15r=0.0000 v16=0.0000 v17=0.0000 v18=0.0000 das=fixed_full[15,140] p=1.00 ep_time=33.2s
[23:36:09] [train] epoch 87/100 steps=40 use_dann=0 das=fixed_full f=[15.0,140.0] p=1.00 gpu=3.0/11.8GB
[23:36:10] [train] ep=87 step=001/40 ce=0.2574 sc=0.7142 mi=0.0661 dn=0.0000 v13=0.0004 grl=0.3495 v15=0.0000 v15r=0.0000 v16=0.0000 v17=0.0000 v18=0.0000 acc=1.0000 lr=1.52e-05 lambda=0.000 grl_lambda=1.000 v18_lambda=0.000 gpu=3.0/11.8GB
[23:36:15] [train] ep=87 step=010/40 ce=0.2575 sc=0.6821 mi=0.0653 dn=0.0000 v13=0.0003 grl=0.3040 v15=0.0000 v15r=0.0000 v16=0.0000 v17=0.0000 v18=0.0000 acc=1.0000 lr=1.47e-05 lambda=0.000 grl_lambda=1.000 v18_lambda=0.000 gpu=3.0/11.8GB
[23:36:21] [train] ep=87 step=020/40 ce=0.2764 sc=0.7507 mi=0.0637 dn=0.0000 v13=0.0004 grl=0.3004 v15=0.0000 v15r=0.0000 v16=0.0000 v17=0.0000 v18=0.0000 acc=1.0000 lr=1.42e-05 lambda=0.000 grl_lambda=1.000 v18_lambda=0.000 gpu=3.0/11.8GB
[23:36:27] [train] ep=87 step=030/40 ce=0.2925 sc=0.7348 mi=0.0650 dn=0.0000 v13=0.0004 grl=0.2990 v15=0.0000 v15r=0.0000 v16=0.0000 v17=0.0000 v18=0.0000 acc=0.9979 lr=1.37e-05 lambda=0.000 grl_lambda=1.000 v18_lambda=0.000 gpu=3.0/11.8GB
[23:36:32] [train] ep=87 step=040/40 ce=0.2845 sc=0.7387 mi=0.0639 dn=0.0000 v13=0.0004 grl=0.2912 v15=0.0000 v15r=0.0000 v16=0.0000 v17=0.0000 v18=0.0000 acc=0.9984 lr=1.31e-05 lambda=0.000 grl_lambda=1.000 v18_lambda=0.000 gpu=3.0/11.8GB
[23:36:42] [ep_summary] ep=87/100 val_live=0.9630/0.9628 val_ema=0.9630/0.9628 test77_live=0.6187/0.6076 test77_diag_ema=0.6187/0.6033 v13=0.0004 grl=0.2912 v15=0.0000 v15r=0.0000 v16=0.0000 v17=0.0000 v18=0.0000 das=fixed_full[15,140] p=1.00 ep_time=33.0s
[23:36:42] [train] epoch 88/100 steps=40 use_dann=0 das=fixed_full f=[15.0,140.0] p=1.00 gpu=3.0/11.8GB
[23:36:43] [train] ep=88 step=001/40 ce=0.2575 sc=0.4647 mi=0.0721 dn=0.0000 v13=0.0006 grl=0.3307 v15=0.0000 v15r=0.0000 v16=0.0000 v17=0.0000 v18=0.0000 acc=1.0000 lr=1.31e-05 lambda=0.000 grl_lambda=1.000 v18_lambda=0.000 gpu=3.0/11.8GB
[23:36:48] [train] ep=88 step=010/40 ce=0.3025 sc=0.7597 mi=0.0674 dn=0.0000 v13=0.0005 grl=0.2889 v15=0.0000 v15r=0.0000 v16=0.0000 v17=0.0000 v18=0.0000 acc=0.9938 lr=1.27e-05 lambda=0.000 grl_lambda=1.000 v18_lambda=0.000 gpu=3.0/11.8GB
[23:36:54] [train] ep=88 step=020/40 ce=0.2798 sc=0.8175 mi=0.0664 dn=0.0000 v13=0.0005 grl=0.2892 v15=0.0000 v15r=0.0000 v16=0.0000 v17=0.0000 v18=0.0000 acc=0.9969 lr=1.22e-05 lambda=0.000 grl_lambda=1.000 v18_lambda=0.000 gpu=3.0/11.8GB
[23:36:59] [train] ep=88 step=030/40 ce=0.3079 sc=0.8329 mi=0.0662 dn=0.0000 v13=0.0004 grl=0.2809 v15=0.0000 v15r=0.0000 v16=0.0000 v17=0.0000 v18=0.0000 acc=0.9958 lr=1.17e-05 lambda=0.000 grl_lambda=1.000 v18_lambda=0.000 gpu=3.0/11.8GB
[23:37:05] [train] ep=88 step=040/40 ce=0.2953 sc=0.8119 mi=0.0665 dn=0.0000 v13=0.0004 grl=0.2799 v15=0.0000 v15r=0.0000 v16=0.0000 v17=0.0000 v18=0.0000 acc=0.9969 lr=1.12e-05 lambda=0.000 grl_lambda=1.000 v18_lambda=0.000 gpu=3.0/11.8GB
[23:37:15] [ep_summary] ep=88/100 val_live=0.9630/0.9628 val_ema=0.9630/0.9628 test77_live=0.6079/0.5947 test77_diag_ema=0.6187/0.6033 v13=0.0004 grl=0.2799 v15=0.0000 v15r=0.0000 v16=0.0000 v17=0.0000 v18=0.0000 das=fixed_full[15,140] p=1.00 ep_time=33.0s
[23:37:15] [train] epoch 89/100 steps=40 use_dann=0 das=fixed_full f=[15.0,140.0] p=1.00 gpu=3.0/11.8GB
[23:37:16] [train] ep=89 step=001/40 ce=0.3060 sc=0.6056 mi=0.0627 dn=0.0000 v13=0.0004 grl=0.2502 v15=0.0000 v15r=0.0000 v16=0.0000 v17=0.0000 v18=0.0000 acc=1.0000 lr=1.12e-05 lambda=0.000 grl_lambda=1.000 v18_lambda=0.000 gpu=3.0/11.8GB
[23:37:21] [train] ep=89 step=010/40 ce=0.2633 sc=0.7892 mi=0.0642 dn=0.0000 v13=0.0005 grl=0.2693 v15=0.0000 v15r=0.0000 v16=0.0000 v17=0.0000 v18=0.0000 acc=1.0000 lr=1.08e-05 lambda=0.000 grl_lambda=1.000 v18_lambda=0.000 gpu=3.0/11.8GB
[23:37:27] [train] ep=89 step=020/40 ce=0.2608 sc=0.7070 mi=0.0623 dn=0.0000 v13=0.0004 grl=0.2485 v15=0.0000 v15r=0.0000 v16=0.0000 v17=0.0000 v18=0.0000 acc=1.0000 lr=1.03e-05 lambda=0.000 grl_lambda=1.000 v18_lambda=0.000 gpu=3.0/11.8GB
[23:37:33] [train] ep=89 step=030/40 ce=0.2597 sc=0.7353 mi=0.0622 dn=0.0000 v13=0.0004 grl=0.2617 v15=0.0000 v15r=0.0000 v16=0.0000 v17=0.0000 v18=0.0000 acc=1.0000 lr=9.89e-06 lambda=0.000 grl_lambda=1.000 v18_lambda=0.000 gpu=3.0/11.8GB
[23:37:38] [train] ep=89 step=040/40 ce=0.2821 sc=0.7507 mi=0.0627 dn=0.0000 v13=0.0004 grl=0.2584 v15=0.0000 v15r=0.0000 v16=0.0000 v17=0.0000 v18=0.0000 acc=0.9984 lr=9.46e-06 lambda=0.000 grl_lambda=1.000 v18_lambda=0.000 gpu=3.0/11.8GB
[23:37:48] [ep_summary] ep=89/100 val_live=0.9630/0.9628 val_ema=0.9630/0.9628 test77_live=0.6079/0.5929 test77_diag_ema=0.6151/0.6003 v13=0.0004 grl=0.2584 v15=0.0000 v15r=0.0000 v16=0.0000 v17=0.0000 v18=0.0000 das=fixed_full[15,140] p=1.00 ep_time=33.0s
[23:37:48] [train] epoch 90/100 steps=40 use_dann=0 das=fixed_full f=[15.0,140.0] p=1.00 gpu=3.0/11.8GB
[23:37:49] [train] ep=90 step=001/40 ce=0.2564 sc=0.5976 mi=0.0690 dn=0.0000 v13=0.0002 grl=0.2146 v15=0.0000 v15r=0.0000 v16=0.0000 v17=0.0000 v18=0.0000 acc=1.0000 lr=9.42e-06 lambda=0.000 grl_lambda=1.000 v18_lambda=0.000 gpu=3.0/11.8GB
[23:37:54] [train] ep=90 step=010/40 ce=0.2604 sc=0.5977 mi=0.0686 dn=0.0000 v13=0.0005 grl=0.2591 v15=0.0000 v15r=0.0000 v16=0.0000 v17=0.0000 v18=0.0000 acc=1.0000 lr=9.04e-06 lambda=0.000 grl_lambda=1.000 v18_lambda=0.000 gpu=3.0/11.8GB
[23:38:00] [train] ep=90 step=020/40 ce=0.2591 sc=0.6836 mi=0.0661 dn=0.0000 v13=0.0004 grl=0.2682 v15=0.0000 v15r=0.0000 v16=0.0000 v17=0.0000 v18=0.0000 acc=1.0000 lr=8.63e-06 lambda=0.000 grl_lambda=1.000 v18_lambda=0.000 gpu=3.0/11.8GB
[23:38:06] [train] ep=90 step=030/40 ce=0.2907 sc=0.7040 mi=0.0660 dn=0.0000 v13=0.0004 grl=0.2761 v15=0.0000 v15r=0.0000 v16=0.0000 v17=0.0000 v18=0.0000 acc=0.9979 lr=8.23e-06 lambda=0.000 grl_lambda=1.000 v18_lambda=0.000 gpu=3.0/11.8GB
[23:38:11] [train] ep=90 step=040/40 ce=0.3024 sc=0.7252 mi=0.0651 dn=0.0000 v13=0.0004 grl=0.2692 v15=0.0000 v15r=0.0000 v16=0.0000 v17=0.0000 v18=0.0000 acc=0.9969 lr=7.84e-06 lambda=0.000 grl_lambda=1.000 v18_lambda=0.000 gpu=3.0/11.8GB
[23:38:21] [pool] check ep=090/100 source_val_acc_ema=0.9630 threshold=0.90
[23:38:26] [pool] ep=090 ADDED src_val=0.9630/0.9628 dev77=0.5571/0.5356 final77=0.6151/0.6003
[23:38:26] [pool] running best ep=080 dev77_f1=0.5390 final77_f1=0.6026 (pool_size=5)
[23:38:26] [ep_summary] ep=90/100 val_live=0.9630/0.9628 val_ema=0.9630/0.9628 test77_live=0.6079/0.5929 test77_diag_ema=0.6151/0.6003 v13=0.0004 grl=0.2692 v15=0.0000 v15r=0.0000 v16=0.0000 v17=0.0000 v18=0.0000 das=fixed_full[15,140] p=1.00 ep_time=37.9s
[23:38:26] [strict77_monitor] ep=90 best_source_epoch=50 source_val_ema=0.9691/0.9694 test77_ema_diag=0.5540/0.5148 sourcequalified_count=49 best_sourcequalified77_epoch=81 source_val_ema=0.9630/0.9628 test77_ema=0.6223/0.6060
[23:38:26] [train] epoch 91/100 steps=40 use_dann=0 das=fixed_full f=[15.0,140.0] p=1.00 gpu=3.0/11.8GB
[23:38:27] [train] ep=91 step=001/40 ce=0.2600 sc=0.8710 mi=0.0495 dn=0.0000 v13=0.0005 grl=0.2494 v15=0.0000 v15r=0.0000 v16=0.0000 v17=0.0000 v18=0.0000 acc=1.0000 lr=7.80e-06 lambda=0.000 grl_lambda=1.000 v18_lambda=0.000 gpu=3.0/11.8GB
[23:38:32] [train] ep=91 step=010/40 ce=0.2583 sc=0.8258 mi=0.0621 dn=0.0000 v13=0.0004 grl=0.2295 v15=0.0000 v15r=0.0000 v16=0.0000 v17=0.0000 v18=0.0000 acc=1.0000 lr=7.45e-06 lambda=0.000 grl_lambda=1.000 v18_lambda=0.000 gpu=3.0/11.8GB
[23:38:38] [train] ep=91 step=020/40 ce=0.3089 sc=0.9148 mi=0.0648 dn=0.0000 v13=0.0004 grl=0.2562 v15=0.0000 v15r=0.0000 v16=0.0000 v17=0.0000 v18=0.0000 acc=0.9969 lr=7.08e-06 lambda=0.000 grl_lambda=1.000 v18_lambda=0.000 gpu=3.0/11.8GB
[23:38:43] [train] ep=91 step=030/40 ce=0.2920 sc=0.8826 mi=0.0652 dn=0.0000 v13=0.0004 grl=0.2722 v15=0.0000 v15r=0.0000 v16=0.0000 v17=0.0000 v18=0.0000 acc=0.9979 lr=6.72e-06 lambda=0.000 grl_lambda=1.000 v18_lambda=0.000 gpu=3.0/11.8GB
[23:38:49] [train] ep=91 step=040/40 ce=0.2835 sc=0.8638 mi=0.0640 dn=0.0000 v13=0.0004 grl=0.2690 v15=0.0000 v15r=0.0000 v16=0.0000 v17=0.0000 v18=0.0000 acc=0.9984 lr=6.36e-06 lambda=0.000 grl_lambda=1.000 v18_lambda=0.000 gpu=3.0/11.8GB
[23:38:59] [ep_summary] ep=91/100 val_live=0.9630/0.9628 val_ema=0.9630/0.9628 test77_live=0.6079/0.5929 test77_diag_ema=0.6151/0.6003 v13=0.0004 grl=0.2690 v15=0.0000 v15r=0.0000 v16=0.0000 v17=0.0000 v18=0.0000 das=fixed_full[15,140] p=1.00 ep_time=33.0s
[23:38:59] [train] epoch 92/100 steps=40 use_dann=0 das=fixed_full f=[15.0,140.0] p=1.00 gpu=3.0/11.8GB
[23:39:00] [train] ep=92 step=001/40 ce=0.2813 sc=1.1828 mi=0.0595 dn=0.0000 v13=0.0003 grl=0.3352 v15=0.0000 v15r=0.0000 v16=0.0000 v17=0.0000 v18=0.0000 acc=1.0000 lr=6.33e-06 lambda=0.000 grl_lambda=1.000 v18_lambda=0.000 gpu=3.0/11.8GB
[23:39:05] [train] ep=92 step=010/40 ce=0.2781 sc=0.8977 mi=0.0630 dn=0.0000 v13=0.0004 grl=0.3203 v15=0.0000 v15r=0.0000 v16=0.0000 v17=0.0000 v18=0.0000 acc=1.0000 lr=6.02e-06 lambda=0.000 grl_lambda=1.000 v18_lambda=0.000 gpu=3.0/11.8GB
[23:39:11] [train] ep=92 step=020/40 ce=0.2682 sc=0.8013 mi=0.0634 dn=0.0000 v13=0.0004 grl=0.3105 v15=0.0000 v15r=0.0000 v16=0.0000 v17=0.0000 v18=0.0000 acc=1.0000 lr=5.68e-06 lambda=0.000 grl_lambda=1.000 v18_lambda=0.000 gpu=3.0/11.8GB
[23:39:16] [train] ep=92 step=030/40 ce=0.2654 sc=0.8139 mi=0.0646 dn=0.0000 v13=0.0004 grl=0.3026 v15=0.0000 v15r=0.0000 v16=0.0000 v17=0.0000 v18=0.0000 acc=1.0000 lr=5.35e-06 lambda=0.000 grl_lambda=1.000 v18_lambda=0.000 gpu=3.0/11.8GB
[23:39:22] [train] ep=92 step=040/40 ce=0.2774 sc=0.8206 mi=0.0649 dn=0.0000 v13=0.0004 grl=0.3010 v15=0.0000 v15r=0.0000 v16=0.0000 v17=0.0000 v18=0.0000 acc=0.9984 lr=5.04e-06 lambda=0.000 grl_lambda=1.000 v18_lambda=0.000 gpu=3.0/11.8GB
[23:39:32] [ep_summary] ep=92/100 val_live=0.9630/0.9628 val_ema=0.9630/0.9628 test77_live=0.6079/0.5929 test77_diag_ema=0.6151/0.6003 v13=0.0004 grl=0.3010 v15=0.0000 v15r=0.0000 v16=0.0000 v17=0.0000 v18=0.0000 das=fixed_full[15,140] p=1.00 ep_time=33.0s
[23:39:32] [train] epoch 93/100 steps=40 use_dann=0 das=fixed_full f=[15.0,140.0] p=1.00 gpu=3.0/11.8GB
[23:39:33] [train] ep=93 step=001/40 ce=0.2557 sc=0.7118 mi=0.0609 dn=0.0000 v13=0.0005 grl=0.1448 v15=0.0000 v15r=0.0000 v16=0.0000 v17=0.0000 v18=0.0000 acc=1.0000 lr=5.01e-06 lambda=0.000 grl_lambda=1.000 v18_lambda=0.000 gpu=3.0/11.8GB
[23:39:38] [train] ep=93 step=010/40 ce=0.3045 sc=0.7461 mi=0.0599 dn=0.0000 v13=0.0004 grl=0.2399 v15=0.0000 v15r=0.0000 v16=0.0000 v17=0.0000 v18=0.0000 acc=0.9938 lr=4.73e-06 lambda=0.000 grl_lambda=1.000 v18_lambda=0.000 gpu=3.0/11.8GB
[23:39:44] [train] ep=93 step=020/40 ce=0.2822 sc=0.7978 mi=0.0617 dn=0.0000 v13=0.0004 grl=0.2405 v15=0.0000 v15r=0.0000 v16=0.0000 v17=0.0000 v18=0.0000 acc=0.9969 lr=4.43e-06 lambda=0.000 grl_lambda=1.000 v18_lambda=0.000 gpu=3.0/11.8GB
[23:39:49] [train] ep=93 step=030/40 ce=0.2744 sc=0.7801 mi=0.0629 dn=0.0000 v13=0.0004 grl=0.2632 v15=0.0000 v15r=0.0000 v16=0.0000 v17=0.0000 v18=0.0000 acc=0.9979 lr=4.14e-06 lambda=0.000 grl_lambda=1.000 v18_lambda=0.000 gpu=3.0/11.8GB
[23:39:55] [train] ep=93 step=040/40 ce=0.2954 sc=0.8158 mi=0.0630 dn=0.0000 v13=0.0004 grl=0.2577 v15=0.0000 v15r=0.0000 v16=0.0000 v17=0.0000 v18=0.0000 acc=0.9969 lr=3.87e-06 lambda=0.000 grl_lambda=1.000 v18_lambda=0.000 gpu=3.0/11.8GB
[23:40:05] [ep_summary] ep=93/100 val_live=0.9630/0.9628 val_ema=0.9630/0.9628 test77_live=0.6115/0.5971 test77_diag_ema=0.6151/0.6003 v13=0.0004 grl=0.2577 v15=0.0000 v15r=0.0000 v16=0.0000 v17=0.0000 v18=0.0000 das=fixed_full[15,140] p=1.00 ep_time=32.9s
[23:40:05] [train] epoch 94/100 steps=40 use_dann=0 das=fixed_full f=[15.0,140.0] p=1.00 gpu=3.0/11.8GB
[23:40:06] [train] ep=94 step=001/40 ce=0.2578 sc=0.8230 mi=0.0636 dn=0.0000 v13=0.0003 grl=0.3214 v15=0.0000 v15r=0.0000 v16=0.0000 v17=0.0000 v18=0.0000 acc=1.0000 lr=3.84e-06 lambda=0.000 grl_lambda=1.000 v18_lambda=0.000 gpu=3.0/11.8GB
[23:40:11] [train] ep=94 step=010/40 ce=0.2571 sc=0.7807 mi=0.0639 dn=0.0000 v13=0.0004 grl=0.2933 v15=0.0000 v15r=0.0000 v16=0.0000 v17=0.0000 v18=0.0000 acc=1.0000 lr=3.60e-06 lambda=0.000 grl_lambda=1.000 v18_lambda=0.000 gpu=3.0/11.8GB
[23:40:17] [train] ep=94 step=020/40 ce=0.2609 sc=0.7805 mi=0.0653 dn=0.0000 v13=0.0005 grl=0.2788 v15=0.0000 v15r=0.0000 v16=0.0000 v17=0.0000 v18=0.0000 acc=1.0000 lr=3.34e-06 lambda=0.000 grl_lambda=1.000 v18_lambda=0.000 gpu=3.0/11.8GB
[23:40:22] [train] ep=94 step=030/40 ce=0.2600 sc=0.7531 mi=0.0652 dn=0.0000 v13=0.0005 grl=0.2726 v15=0.0000 v15r=0.0000 v16=0.0000 v17=0.0000 v18=0.0000 acc=1.0000 lr=3.09e-06 lambda=0.000 grl_lambda=1.000 v18_lambda=0.000 gpu=3.0/11.8GB
[23:40:28] [train] ep=94 step=040/40 ce=0.2621 sc=0.7558 mi=0.0648 dn=0.0000 v13=0.0004 grl=0.2678 v15=0.0000 v15r=0.0000 v16=0.0000 v17=0.0000 v18=0.0000 acc=1.0000 lr=2.85e-06 lambda=0.000 grl_lambda=1.000 v18_lambda=0.000 gpu=3.0/11.8GB
[23:40:38] [ep_summary] ep=94/100 val_live=0.9630/0.9628 val_ema=0.9630/0.9628 test77_live=0.6115/0.5971 test77_diag_ema=0.6115/0.5969 v13=0.0004 grl=0.2678 v15=0.0000 v15r=0.0000 v16=0.0000 v17=0.0000 v18=0.0000 das=fixed_full[15,140] p=1.00 ep_time=33.0s
[23:40:38] [train] epoch 95/100 steps=40 use_dann=0 das=fixed_full f=[15.0,140.0] p=1.00 gpu=3.0/11.8GB
[23:40:39] [train] ep=95 step=001/40 ce=0.2562 sc=0.9694 mi=0.0594 dn=0.0000 v13=0.0003 grl=0.1081 v15=0.0000 v15r=0.0000 v16=0.0000 v17=0.0000 v18=0.0000 acc=1.0000 lr=2.82e-06 lambda=0.000 grl_lambda=1.000 v18_lambda=0.000 gpu=3.0/11.8GB
[23:40:44] [train] ep=95 step=010/40 ce=0.3661 sc=0.8294 mi=0.0670 dn=0.0000 v13=0.0005 grl=0.2899 v15=0.0000 v15r=0.0000 v16=0.0000 v17=0.0000 v18=0.0000 acc=0.9938 lr=2.62e-06 lambda=0.000 grl_lambda=1.000 v18_lambda=0.000 gpu=3.0/11.8GB
[23:40:50] [train] ep=95 step=020/40 ce=0.3118 sc=0.7903 mi=0.0661 dn=0.0000 v13=0.0005 grl=0.2922 v15=0.0000 v15r=0.0000 v16=0.0000 v17=0.0000 v18=0.0000 acc=0.9969 lr=2.40e-06 lambda=0.000 grl_lambda=1.000 v18_lambda=0.000 gpu=3.0/11.8GB
[23:40:55] [train] ep=95 step=030/40 ce=0.2940 sc=0.7763 mi=0.0661 dn=0.0000 v13=0.0005 grl=0.2888 v15=0.0000 v15r=0.0000 v16=0.0000 v17=0.0000 v18=0.0000 acc=0.9979 lr=2.18e-06 lambda=0.000 grl_lambda=1.000 v18_lambda=0.000 gpu=3.0/11.8GB
[23:41:01] [train] ep=95 step=040/40 ce=0.2851 sc=0.7717 mi=0.0663 dn=0.0000 v13=0.0004 grl=0.2896 v15=0.0000 v15r=0.0000 v16=0.0000 v17=0.0000 v18=0.0000 acc=0.9984 lr=1.98e-06 lambda=0.000 grl_lambda=1.000 v18_lambda=0.000 gpu=3.0/11.8GB
[23:41:11] [ep_summary] ep=95/100 val_live=0.9630/0.9628 val_ema=0.9630/0.9628 test77_live=0.6115/0.5971 test77_diag_ema=0.6151/0.6008 v13=0.0004 grl=0.2896 v15=0.0000 v15r=0.0000 v16=0.0000 v17=0.0000 v18=0.0000 das=fixed_full[15,140] p=1.00 ep_time=33.0s
[23:41:11] [train] epoch 96/100 steps=40 use_dann=0 das=fixed_full f=[15.0,140.0] p=1.00 gpu=3.0/11.8GB
[23:41:12] [train] ep=96 step=001/40 ce=0.3146 sc=0.8822 mi=0.0575 dn=0.0000 v13=0.0004 grl=0.2304 v15=0.0000 v15r=0.0000 v16=0.0000 v17=0.0000 v18=0.0000 acc=1.0000 lr=1.96e-06 lambda=0.000 grl_lambda=1.000 v18_lambda=0.000 gpu=3.0/11.8GB
[23:41:17] [train] ep=96 step=010/40 ce=0.2640 sc=0.8114 mi=0.0623 dn=0.0000 v13=0.0004 grl=0.2554 v15=0.0000 v15r=0.0000 v16=0.0000 v17=0.0000 v18=0.0000 acc=1.0000 lr=1.79e-06 lambda=0.000 grl_lambda=1.000 v18_lambda=0.000 gpu=3.0/11.8GB
[23:41:23] [train] ep=96 step=020/40 ce=0.2753 sc=0.8134 mi=0.0626 dn=0.0000 v13=0.0004 grl=0.2601 v15=0.0000 v15r=0.0000 v16=0.0000 v17=0.0000 v18=0.0000 acc=1.0000 lr=1.61e-06 lambda=0.000 grl_lambda=1.000 v18_lambda=0.000 gpu=3.0/11.8GB
[23:41:28] [train] ep=96 step=030/40 ce=0.2895 sc=0.7962 mi=0.0630 dn=0.0000 v13=0.0004 grl=0.2727 v15=0.0000 v15r=0.0000 v16=0.0000 v17=0.0000 v18=0.0000 acc=0.9979 lr=1.44e-06 lambda=0.000 grl_lambda=1.000 v18_lambda=0.000 gpu=3.0/11.8GB
[23:41:34] [train] ep=96 step=040/40 ce=0.3205 sc=0.8133 mi=0.0636 dn=0.0000 v13=0.0004 grl=0.2764 v15=0.0000 v15r=0.0000 v16=0.0000 v17=0.0000 v18=0.0000 acc=0.9953 lr=1.27e-06 lambda=0.000 grl_lambda=1.000 v18_lambda=0.000 gpu=3.0/11.8GB
[23:41:44] [ep_summary] ep=96/100 val_live=0.9630/0.9628 val_ema=0.9630/0.9628 test77_live=0.6115/0.5971 test77_diag_ema=0.6151/0.6008 v13=0.0004 grl=0.2764 v15=0.0000 v15r=0.0000 v16=0.0000 v17=0.0000 v18=0.0000 das=fixed_full[15,140] p=1.00 ep_time=33.0s
[23:41:44] [train] epoch 97/100 steps=40 use_dann=0 das=fixed_full f=[15.0,140.0] p=1.00 gpu=3.0/11.8GB
[23:41:45] [train] ep=97 step=001/40 ce=0.2626 sc=1.0021 mi=0.0671 dn=0.0000 v13=0.0004 grl=0.3762 v15=0.0000 v15r=0.0000 v16=0.0000 v17=0.0000 v18=0.0000 acc=1.0000 lr=1.26e-06 lambda=0.000 grl_lambda=1.000 v18_lambda=0.000 gpu=3.0/11.8GB
[23:41:50] [train] ep=97 step=010/40 ce=0.2578 sc=0.7953 mi=0.0637 dn=0.0000 v13=0.0004 grl=0.2708 v15=0.0000 v15r=0.0000 v16=0.0000 v17=0.0000 v18=0.0000 acc=1.0000 lr=1.12e-06 lambda=0.000 grl_lambda=1.000 v18_lambda=0.000 gpu=3.0/11.8GB
[23:41:56] [train] ep=97 step=020/40 ce=0.2583 sc=0.8065 mi=0.0651 dn=0.0000 v13=0.0004 grl=0.2890 v15=0.0000 v15r=0.0000 v16=0.0000 v17=0.0000 v18=0.0000 acc=1.0000 lr=9.76e-07 lambda=0.000 grl_lambda=1.000 v18_lambda=0.000 gpu=3.0/11.8GB
[23:42:01] [train] ep=97 step=030/40 ce=0.2665 sc=0.7611 mi=0.0655 dn=0.0000 v13=0.0004 grl=0.2918 v15=0.0000 v15r=0.0000 v16=0.0000 v17=0.0000 v18=0.0000 acc=1.0000 lr=8.43e-07 lambda=0.000 grl_lambda=1.000 v18_lambda=0.000 gpu=3.0/11.8GB
[23:42:07] [train] ep=97 step=040/40 ce=0.2648 sc=0.7559 mi=0.0644 dn=0.0000 v13=0.0004 grl=0.2872 v15=0.0000 v15r=0.0000 v16=0.0000 v17=0.0000 v18=0.0000 acc=1.0000 lr=7.19e-07 lambda=0.000 grl_lambda=1.000 v18_lambda=0.000 gpu=3.0/11.8GB
[23:42:17] [ep_summary] ep=97/100 val_live=0.9630/0.9628 val_ema=0.9630/0.9628 test77_live=0.6115/0.5971 test77_diag_ema=0.6151/0.6008 v13=0.0004 grl=0.2872 v15=0.0000 v15r=0.0000 v16=0.0000 v17=0.0000 v18=0.0000 das=fixed_full[15,140] p=1.00 ep_time=33.0s
[23:42:17] [train] epoch 98/100 steps=40 use_dann=0 das=fixed_full f=[15.0,140.0] p=1.00 gpu=3.0/11.8GB
[23:42:18] [train] ep=98 step=001/40 ce=0.2569 sc=0.8237 mi=0.0610 dn=0.0000 v13=0.0003 grl=0.3692 v15=0.0000 v15r=0.0000 v16=0.0000 v17=0.0000 v18=0.0000 acc=1.0000 lr=7.07e-07 lambda=0.000 grl_lambda=1.000 v18_lambda=0.000 gpu=3.0/11.8GB
[23:42:23] [train] ep=98 step=010/40 ce=0.2994 sc=0.7854 mi=0.0644 dn=0.0000 v13=0.0004 grl=0.2356 v15=0.0000 v15r=0.0000 v16=0.0000 v17=0.0000 v18=0.0000 acc=0.9938 lr=6.05e-07 lambda=0.000 grl_lambda=1.000 v18_lambda=0.000 gpu=3.0/11.8GB
[23:42:29] [train] ep=98 step=020/40 ce=0.2786 sc=0.7647 mi=0.0645 dn=0.0000 v13=0.0004 grl=0.2570 v15=0.0000 v15r=0.0000 v16=0.0000 v17=0.0000 v18=0.0000 acc=0.9969 lr=5.01e-07 lambda=0.000 grl_lambda=1.000 v18_lambda=0.000 gpu=3.0/11.8GB
[23:42:34] [train] ep=98 step=030/40 ce=0.2727 sc=0.7619 mi=0.0652 dn=0.0000 v13=0.0004 grl=0.2676 v15=0.0000 v15r=0.0000 v16=0.0000 v17=0.0000 v18=0.0000 acc=0.9979 lr=4.07e-07 lambda=0.000 grl_lambda=1.000 v18_lambda=0.000 gpu=3.0/11.8GB
[23:42:40] [train] ep=98 step=040/40 ce=0.2699 sc=0.7460 mi=0.0640 dn=0.0000 v13=0.0004 grl=0.2651 v15=0.0000 v15r=0.0000 v16=0.0000 v17=0.0000 v18=0.0000 acc=0.9984 lr=3.22e-07 lambda=0.000 grl_lambda=1.000 v18_lambda=0.000 gpu=3.0/11.8GB
[23:42:50] [ep_summary] ep=98/100 val_live=0.9630/0.9628 val_ema=0.9630/0.9628 test77_live=0.6115/0.5971 test77_diag_ema=0.6151/0.6008 v13=0.0004 grl=0.2651 v15=0.0000 v15r=0.0000 v16=0.0000 v17=0.0000 v18=0.0000 das=fixed_full[15,140] p=1.00 ep_time=33.0s
[23:42:50] [train] epoch 99/100 steps=40 use_dann=0 das=fixed_full f=[15.0,140.0] p=1.00 gpu=3.0/11.8GB
[23:42:51] [train] ep=99 step=001/40 ce=0.2573 sc=0.7079 mi=0.0613 dn=0.0000 v13=0.0006 grl=0.1971 v15=0.0000 v15r=0.0000 v16=0.0000 v17=0.0000 v18=0.0000 acc=1.0000 lr=3.15e-07 lambda=0.000 grl_lambda=1.000 v18_lambda=0.000 gpu=3.0/11.8GB
[23:42:56] [train] ep=99 step=010/40 ce=0.2608 sc=0.6596 mi=0.0655 dn=0.0000 v13=0.0005 grl=0.2639 v15=0.0000 v15r=0.0000 v16=0.0000 v17=0.0000 v18=0.0000 acc=1.0000 lr=2.48e-07 lambda=0.000 grl_lambda=1.000 v18_lambda=0.000 gpu=3.0/11.8GB
[23:43:02] [train] ep=99 step=020/40 ce=0.2591 sc=0.7069 mi=0.0671 dn=0.0000 v13=0.0004 grl=0.2852 v15=0.0000 v15r=0.0000 v16=0.0000 v17=0.0000 v18=0.0000 acc=1.0000 lr=1.83e-07 lambda=0.000 grl_lambda=1.000 v18_lambda=0.000 gpu=3.0/11.8GB
[23:43:07] [train] ep=99 step=030/40 ce=0.2592 sc=0.7466 mi=0.0670 dn=0.0000 v13=0.0004 grl=0.2833 v15=0.0000 v15r=0.0000 v16=0.0000 v17=0.0000 v18=0.0000 acc=1.0000 lr=1.28e-07 lambda=0.000 grl_lambda=1.000 v18_lambda=0.000 gpu=3.0/11.8GB
[23:43:13] [train] ep=99 step=040/40 ce=0.2606 sc=0.7137 mi=0.0665 dn=0.0000 v13=0.0004 grl=0.2800 v15=0.0000 v15r=0.0000 v16=0.0000 v17=0.0000 v18=0.0000 acc=1.0000 lr=8.26e-08 lambda=0.000 grl_lambda=1.000 v18_lambda=0.000 gpu=3.0/11.8GB
[23:43:23] [ep_summary] ep=99/100 val_live=0.9630/0.9628 val_ema=0.9630/0.9628 test77_live=0.6115/0.5971 test77_diag_ema=0.6115/0.5965 v13=0.0004 grl=0.2800 v15=0.0000 v15r=0.0000 v16=0.0000 v17=0.0000 v18=0.0000 das=fixed_full[15,140] p=1.00 ep_time=33.0s
[23:43:23] [train] epoch 100/100 steps=40 use_dann=0 das=fixed_full f=[15.0,140.0] p=1.00 gpu=3.0/11.8GB
[23:43:24] [train] ep=100 step=001/40 ce=0.3679 sc=0.6244 mi=0.0687 dn=0.0000 v13=0.0004 grl=0.2427 v15=0.0000 v15r=0.0000 v16=0.0000 v17=0.0000 v18=0.0000 acc=1.0000 lr=7.87e-08 lambda=0.000 grl_lambda=1.000 v18_lambda=0.000 gpu=3.0/11.8GB
[23:43:29] [train] ep=100 step=010/40 ce=0.2686 sc=0.6960 mi=0.0652 dn=0.0000 v13=0.0004 grl=0.2461 v15=0.0000 v15r=0.0000 v16=0.0000 v17=0.0000 v18=0.0000 acc=1.0000 lr=4.72e-08 lambda=0.000 grl_lambda=1.000 v18_lambda=0.000 gpu=3.0/11.8GB
[23:43:35] [train] ep=100 step=020/40 ce=0.2655 sc=0.7384 mi=0.0649 dn=0.0000 v13=0.0004 grl=0.2619 v15=0.0000 v15r=0.0000 v16=0.0000 v17=0.0000 v18=0.0000 acc=1.0000 lr=2.17e-08 lambda=0.000 grl_lambda=1.000 v18_lambda=0.000 gpu=3.0/11.8GB
[23:43:40] [train] ep=100 step=030/40 ce=0.2627 sc=0.7509 mi=0.0645 dn=0.0000 v13=0.0004 grl=0.2700 v15=0.0000 v15r=0.0000 v16=0.0000 v17=0.0000 v18=0.0000 acc=1.0000 lr=5.95e-09 lambda=0.000 grl_lambda=1.000 v18_lambda=0.000 gpu=3.0/11.8GB
[23:43:46] [train] ep=100 step=040/40 ce=0.3118 sc=0.7862 mi=0.0643 dn=0.0000 v13=0.0004 grl=0.2666 v15=0.0000 v15r=0.0000 v16=0.0000 v17=0.0000 v18=0.0000 acc=0.9953 lr=4.92e-11 lambda=0.000 grl_lambda=1.000 v18_lambda=0.000 gpu=3.0/11.8GB
[23:43:56] [pool] check ep=100/100 source_val_acc_ema=0.9630 threshold=0.90
[23:44:01] [pool] ep=100 ADDED src_val=0.9630/0.9628 dev77=0.5643/0.5410 final77=0.6115/0.5965
[23:44:01] [pool] running best ep=100 dev77_f1=0.5410 final77_f1=0.5965 (pool_size=6)
[23:44:01] [ep_summary] ep=100/100 val_live=0.9630/0.9628 val_ema=0.9630/0.9628 test77_live=0.6115/0.5971 test77_diag_ema=0.6115/0.5965 v13=0.0004 grl=0.2666 v15=0.0000 v15r=0.0000 v16=0.0000 v17=0.0000 v18=0.0000 das=fixed_full[15,140] p=1.00 ep_time=37.7s
[23:44:01] [strict77_monitor] ep=100 best_source_epoch=50 source_val_ema=0.9691/0.9694 test77_ema_diag=0.5540/0.5148 sourcequalified_count=59 best_sourcequalified77_epoch=81 source_val_ema=0.9630/0.9628 test77_ema=0.6223/0.6060
[23:44:01] [pool] FINAL pool_size=6 best ep=100 dev77_f1=0.5410 final77_f1=0.5965 -> /scratch/st-zliu-1/heqingz/CrossCarrier_Fresh_20260922/CrossCarrier_Repro/EXPERIMENTSRESULT/REVISION_5090/SUPP_ABLATION/SCHED_fixedfull_ACR/seed42/checkpoints/best_pool_ema.pt
[23:44:01] [train] done best_sourceval_acc_ema=0.9691
[23:45:52] [eval] loaded vit_large_patch16_dinov3_lvd1689m_best_sourceval_ema.pt (sourceval)
[23:45:53] [eval] strict source-val selected by ema acc; heldout77_unused=140 final_test77=278 imgs, seed=42 dev_per_class=20
[23:46:03] [eval] 77GHz final-test acc=0.5540 f1=0.5148
[23:46:03] [eval] 77GHz final-test per-class={'Away': 0.05, 'Bend': 0.8461538461538461, 'Kneel': 0.9285714285714286, 'Pick': 0.725, 'SStep': 1.0, 'Sit': 0.10810810810810811, 'Towards': 0.175}
[23:46:09] [eval] val_all acc=0.9691 f1=0.9694
[23:46:10] [freq_scan:val10] f_virt=15GHz acc=1.0000 f1=1.0000
[23:46:11] [freq_scan:val10] f_virt=30GHz acc=0.9872 f1=0.9881
[23:46:13] [freq_scan:val10] f_virt=50GHz acc=0.9744 f1=0.9760
[23:46:14] [freq_scan:val10] f_virt=77GHz acc=0.9615 f1=0.9642
[23:46:15] [freq_scan:val10] f_virt=99GHz acc=0.9487 f1=0.9519
[23:46:16] [freq_scan:val10] f_virt=120GHz acc=0.9487 f1=0.9519
[23:46:17] [freq_scan:val10] f_virt=140GHz acc=0.9615 f1=0.9642
[23:46:18] [freq_scan:val24] f_virt=15GHz acc=0.9048 f1=0.9044
[23:46:20] [freq_scan:val24] f_virt=30GHz acc=0.9881 f1=0.9875
[23:46:21] [freq_scan:val24] f_virt=50GHz acc=0.9881 f1=0.9875
[23:46:22] [freq_scan:val24] f_virt=77GHz acc=0.9881 f1=0.9875
[23:46:23] [freq_scan:val24] f_virt=99GHz acc=0.9762 f1=0.9760
[23:46:24] [freq_scan:val24] f_virt=120GHz acc=0.9762 f1=0.9760
[23:46:26] [freq_scan:val24] f_virt=140GHz acc=0.9881 f1=0.9875
[23:46:26] [eval] saved eval_sourceval.json
[23:46:37] [eval] loaded vit_large_patch16_dinov3_lvd1689m_best_sourcequalified77_ema.pt (sourcequalified)
[23:46:37] [eval] source-qualified diagnostic selected (source-val ema acc >= 0.90, then best 77GHz ema macro-F1); heldout77_unused=140 final_test77=278 imgs, seed=42 dev_per_class=20
[23:46:40] [eval] 77GHz final-test acc=0.6223 f1=0.6060
[23:46:40] [eval] 77GHz final-test per-class={'Away': 0.05, 'Bend': 0.717948717948718, 'Kneel': 0.9761904761904762, 'Pick': 0.95, 'SStep': 1.0, 'Sit': 0.3783783783783784, 'Towards': 0.25}
[23:46:42] [eval] val_all acc=0.9630 f1=0.9628
[23:46:43] [freq_scan:val10] f_virt=15GHz acc=0.9744 f1=0.9760
[23:46:44] [freq_scan:val10] f_virt=30GHz acc=0.9872 f1=0.9881
[23:46:45] [freq_scan:val10] f_virt=50GHz acc=0.9872 f1=0.9881
[23:46:46] [freq_scan:val10] f_virt=77GHz acc=0.9744 f1=0.9760
[23:46:47] [freq_scan:val10] f_virt=99GHz acc=0.9615 f1=0.9637
[23:46:49] [freq_scan:val10] f_virt=120GHz acc=0.9487 f1=0.9519
[23:46:50] [freq_scan:val10] f_virt=140GHz acc=0.9487 f1=0.9519
[23:46:51] [freq_scan:val24] f_virt=15GHz acc=0.9762 f1=0.9755
[23:46:52] [freq_scan:val24] f_virt=30GHz acc=1.0000 f1=1.0000
[23:46:53] [freq_scan:val24] f_virt=50GHz acc=1.0000 f1=1.0000
[23:46:54] [freq_scan:val24] f_virt=77GHz acc=1.0000 f1=1.0000
[23:46:56] [freq_scan:val24] f_virt=99GHz acc=1.0000 f1=1.0000
[23:46:57] [freq_scan:val24] f_virt=120GHz acc=0.9881 f1=0.9875
[23:46:58] [freq_scan:val24] f_virt=140GHz acc=1.0000 f1=1.0000
[23:46:58] [eval] saved eval_sourcequalified.json
