[18:10:34] run_dir=/scratch/st-zliu-1/heqingz/CrossCarrier_Fresh_20260922/CrossCarrier_Repro/EXPERIMENTSRESULT/REVISION_5090/SUPP_ABLATION/ACR_GRL_only/seed31415
[18:10:34] device=cuda
[18:10:34] backbone=vit_large_patch16_dinov3.lvd1689m
[18:10:34] env: manifest_dir=/scratch/st-zliu-1/heqingz/CrossCarrier_Fresh_20260922/CrossCarrier_Repro/tasks/known_people_unknown_freq/manifest dataset_root=/scratch/st-zliu-1/heqingz/CrossCarrier_Fresh_20260922/CrossCarrier_Repro use_dann=False selection=source_val_acc_ema adapter_mode=lora
[18:10:34] set_seed(31415)
[18:10:36] [fast_gpu] source cache 644 imgs (0.39GB) on cuda
[18:10:36] train_source=644 train_src_rows=10:302 24:342 source_steps/epoch=40 val_all=162 heldout77_unused=140 test77_final=278
[18:10:36] [test77_split] seed=42 dev_per_class=20
[18:11:08] trainable params=2444546 (encoder_lora+neck+head + miro_proj+v15_falsification+v13_grl_carrier_adv)
[18:11:08] logit_prior=[-1.9678890705108643, -1.913821816444397, -1.8427258729934692, -1.9678890705108643, -2.0133514404296875, -1.8929877281188965, -2.036881923675537]
[18:11:08] use_dann=False
[18:11:08] use_das=True
[18:11:08] das_mode=curriculum initial_stage={'name': 'stage1', 'p': 0.35, 'f_low': 10.0, 'f_high': 24.0}
[18:11:08] aug_flags: USE_HFT=True USE_SPEC_AUGMENT=True
[18:11:08] adapter_mode=lora
[18:11:08] schedule: epochs=100 steps/epoch=40 imgs/step=16 total_steps=4000 total_imgs=64000 warmup_steps=120
[18:11:08] source_qualified_policy: val_acc_ema>=0.90 candidates are recorded; best candidate by 77GHz F1 is saved as diagnostic
[18:11:08] [pool] init threshold=0.90 period=10 selection=dev77_f1
[18:11:08] [train] epoch 1/100 steps=40 use_dann=0 das=stage1 f=[10.0,24.0] p=0.35 gpu=3.0/3.0GB
[18:11:10] [train] ep=01 step=001/40 ce=7.7971 sc=2.9957 mi=1.0267 dn=0.0000 v13=0.0000 grl=2.4699 v15=0.0000 v15r=0.0000 v16=0.0000 v17=0.0000 v18=0.0000 acc=0.1875 lr=2.50e-06 lambda=0.000 grl_lambda=0.000 v18_lambda=0.000 gpu=3.0/11.8GB
[18:11:16] [train] ep=01 step=010/40 ce=8.0738 sc=2.8233 mi=1.0144 dn=0.0000 v13=0.0000 grl=2.3115 v15=0.0000 v15r=0.0000 v16=0.0000 v17=0.0000 v18=0.0000 acc=0.1625 lr=2.50e-05 lambda=0.000 grl_lambda=0.011 v18_lambda=0.000 gpu=3.0/11.8GB
[18:11:21] [train] ep=01 step=020/40 ce=7.9445 sc=2.8287 mi=0.9642 dn=0.0000 v13=0.0000 grl=2.1479 v15=0.0000 v15r=0.0000 v16=0.0000 v17=0.0000 v18=0.0000 acc=0.1562 lr=5.00e-05 lambda=0.000 grl_lambda=0.024 v18_lambda=0.000 gpu=3.0/11.8GB
[18:11:27] [train] ep=01 step=030/40 ce=7.8643 sc=2.8354 mi=0.8901 dn=0.0000 v13=0.0000 grl=1.9247 v15=0.0000 v15r=0.0000 v16=0.0000 v17=0.0000 v18=0.0000 acc=0.1729 lr=7.50e-05 lambda=0.000 grl_lambda=0.036 v18_lambda=0.000 gpu=3.0/11.8GB
[18:11:33] [train] ep=01 step=040/40 ce=7.8086 sc=2.8166 mi=0.8041 dn=0.0000 v13=0.0000 grl=1.6404 v15=0.0000 v15r=0.0000 v16=0.0000 v17=0.0000 v18=0.0000 acc=0.1844 lr=1.00e-04 lambda=0.000 grl_lambda=0.049 v18_lambda=0.000 gpu=3.0/11.8GB
[18:11:38] [ep_summary] ep=01/100 val_live=0.1667/0.0843 val_ema=0.0000/0.0000 test77_live=0.2194/0.1196 test77_diag_ema=0.0000/0.0000 v13=0.0000 grl=1.6404 v15=0.0000 v15r=0.0000 v16=0.0000 v17=0.0000 v18=0.0000 das=stage1[10,24] p=0.35 ep_time=29.8s
[18:11:38] [train] epoch 2/100 steps=40 use_dann=0 das=stage1 f=[10.0,24.0] p=0.35 gpu=3.0/11.8GB
[18:11:39] [train] ep=02 step=001/40 ce=7.5738 sc=2.7933 mi=0.4575 dn=0.0000 v13=0.0000 grl=0.3952 v15=0.0000 v15r=0.0000 v16=0.0000 v17=0.0000 v18=0.0000 acc=0.2500 lr=1.02e-04 lambda=0.000 grl_lambda=0.050 v18_lambda=0.000 gpu=3.0/11.8GB
[18:11:44] [train] ep=02 step=010/40 ce=7.5315 sc=2.7618 mi=0.3795 dn=0.0000 v13=0.0000 grl=0.2085 v15=0.0000 v15r=0.0000 v16=0.0000 v17=0.0000 v18=0.0000 acc=0.3000 lr=1.25e-04 lambda=0.000 grl_lambda=0.061 v18_lambda=0.000 gpu=3.0/11.8GB
[18:11:49] [train] ep=02 step=020/40 ce=7.3799 sc=2.7302 mi=0.3228 dn=0.0000 v13=0.0000 grl=0.1918 v15=0.0000 v15r=0.0000 v16=0.0000 v17=0.0000 v18=0.0000 acc=0.3094 lr=1.50e-04 lambda=0.000 grl_lambda=0.074 v18_lambda=0.000 gpu=3.0/11.8GB
[18:11:55] [train] ep=02 step=030/40 ce=7.2690 sc=2.7237 mi=0.2859 dn=0.0000 v13=0.0000 grl=0.1605 v15=0.0000 v15r=0.0000 v16=0.0000 v17=0.0000 v18=0.0000 acc=0.3354 lr=1.75e-04 lambda=0.000 grl_lambda=0.086 v18_lambda=0.000 gpu=3.0/11.8GB
[18:12:01] [train] ep=02 step=040/40 ce=7.0985 sc=2.6952 mi=0.2588 dn=0.0000 v13=0.0000 grl=0.1489 v15=0.0000 v15r=0.0000 v16=0.0000 v17=0.0000 v18=0.0000 acc=0.3531 lr=2.00e-04 lambda=0.000 grl_lambda=0.098 v18_lambda=0.000 gpu=3.0/11.8GB
[18:12:06] [ep_summary] ep=02/100 val_live=0.5309/0.4990 val_ema=0.0000/0.0000 test77_live=0.3237/0.2197 test77_diag_ema=0.0000/0.0000 v13=0.0000 grl=0.1489 v15=0.0000 v15r=0.0000 v16=0.0000 v17=0.0000 v18=0.0000 das=stage1[10,24] p=0.35 ep_time=27.9s
[18:12:06] [train] epoch 3/100 steps=40 use_dann=0 das=stage1 f=[10.0,24.0] p=0.35 gpu=3.0/11.8GB
[18:12:06] [train] ep=03 step=001/40 ce=6.4051 sc=2.8043 mi=0.1885 dn=0.0000 v13=0.0000 grl=0.1645 v15=0.0000 v15r=0.0000 v16=0.0000 v17=0.0000 v18=0.0000 acc=0.5000 lr=2.02e-04 lambda=0.000 grl_lambda=0.100 v18_lambda=0.000 gpu=3.0/11.8GB
[18:12:12] [train] ep=03 step=010/40 ce=5.8919 sc=2.4898 mi=0.1838 dn=0.0000 v13=0.0000 grl=0.1255 v15=0.0000 v15r=0.0000 v16=0.0000 v17=0.0000 v18=0.0000 acc=0.5375 lr=2.25e-04 lambda=0.000 grl_lambda=0.111 v18_lambda=0.000 gpu=3.0/11.8GB
[18:12:17] [train] ep=03 step=020/40 ce=5.5914 sc=2.3800 mi=0.1798 dn=0.0000 v13=0.0000 grl=0.1119 v15=0.0000 v15r=0.0000 v16=0.0000 v17=0.0000 v18=0.0000 acc=0.5781 lr=2.50e-04 lambda=0.000 grl_lambda=0.123 v18_lambda=0.000 gpu=3.0/11.8GB
[18:12:23] [train] ep=03 step=030/40 ce=5.0563 sc=2.2497 mi=0.1866 dn=0.0000 v13=0.0000 grl=0.1383 v15=0.0000 v15r=0.0000 v16=0.0000 v17=0.0000 v18=0.0000 acc=0.6354 lr=2.75e-04 lambda=0.000 grl_lambda=0.135 v18_lambda=0.000 gpu=3.0/11.8GB
[18:12:29] [train] ep=03 step=040/40 ce=4.7914 sc=2.2144 mi=0.1915 dn=0.0000 v13=0.0000 grl=0.1498 v15=0.0000 v15r=0.0000 v16=0.0000 v17=0.0000 v18=0.0000 acc=0.6625 lr=3.00e-04 lambda=0.000 grl_lambda=0.148 v18_lambda=0.000 gpu=3.0/11.8GB
[18:12:34] [ep_summary] ep=03/100 val_live=0.8086/0.8135 val_ema=0.0000/0.0000 test77_live=0.4065/0.3086 test77_diag_ema=0.0000/0.0000 v13=0.0000 grl=0.1498 v15=0.0000 v15r=0.0000 v16=0.0000 v17=0.0000 v18=0.0000 das=stage1[10,24] p=0.35 ep_time=27.8s
[18:12:34] [train] epoch 4/100 steps=40 use_dann=0 das=stage1 f=[10.0,24.0] p=0.35 gpu=3.0/11.8GB
[18:12:34] [train] ep=04 step=001/40 ce=2.5840 sc=1.2632 mi=0.1876 dn=0.0000 v13=0.0000 grl=0.1665 v15=0.0000 v15r=0.0000 v16=0.0000 v17=0.0000 v18=0.0000 acc=0.8125 lr=3.00e-04 lambda=0.000 grl_lambda=0.149 v18_lambda=0.000 gpu=3.0/11.8GB
[18:12:39] [train] ep=04 step=010/40 ce=3.2524 sc=1.7856 mi=0.1673 dn=0.0000 v13=0.0000 grl=0.1493 v15=0.0000 v15r=0.0000 v16=0.0000 v17=0.0000 v18=0.0000 acc=0.7937 lr=3.00e-04 lambda=0.000 grl_lambda=0.160 v18_lambda=0.000 gpu=3.0/11.8GB
[18:12:45] [train] ep=04 step=020/40 ce=3.1487 sc=1.6546 mi=0.1519 dn=0.0000 v13=0.0000 grl=0.1430 v15=0.0000 v15r=0.0000 v16=0.0000 v17=0.0000 v18=0.0000 acc=0.7969 lr=3.00e-04 lambda=0.000 grl_lambda=0.172 v18_lambda=0.000 gpu=3.0/11.8GB
[18:12:51] [train] ep=04 step=030/40 ce=3.1581 sc=1.6506 mi=0.1420 dn=0.0000 v13=0.0000 grl=0.1254 v15=0.0000 v15r=0.0000 v16=0.0000 v17=0.0000 v18=0.0000 acc=0.8000 lr=3.00e-04 lambda=0.000 grl_lambda=0.184 v18_lambda=0.000 gpu=3.0/11.8GB
[18:12:56] [train] ep=04 step=040/40 ce=3.0097 sc=1.6299 mi=0.1333 dn=0.0000 v13=0.0000 grl=0.1187 v15=0.0000 v15r=0.0000 v16=0.0000 v17=0.0000 v18=0.0000 acc=0.8078 lr=3.00e-04 lambda=0.000 grl_lambda=0.196 v18_lambda=0.000 gpu=3.0/11.8GB
[18:13:02] [ep_summary] ep=04/100 val_live=0.8519/0.8392 val_ema=0.0000/0.0000 test77_live=0.4245/0.3355 test77_diag_ema=0.0000/0.0000 v13=0.0000 grl=0.1187 v15=0.0000 v15r=0.0000 v16=0.0000 v17=0.0000 v18=0.0000 das=stage1[10,24] p=0.35 ep_time=27.8s
[18:13:02] [train] epoch 5/100 steps=40 use_dann=0 das=stage1 f=[10.0,24.0] p=0.35 gpu=3.0/11.8GB
[18:13:02] [train] ep=05 step=001/40 ce=3.4347 sc=1.5412 mi=0.0958 dn=0.0000 v13=0.0000 grl=0.1345 v15=0.0000 v15r=0.0000 v16=0.0000 v17=0.0000 v18=0.0000 acc=0.8125 lr=3.00e-04 lambda=0.000 grl_lambda=0.197 v18_lambda=0.000 gpu=3.0/11.8GB
[18:13:07] [train] ep=05 step=010/40 ce=2.6882 sc=1.5919 mi=0.1039 dn=0.0000 v13=0.0000 grl=0.1189 v15=0.0000 v15r=0.0000 v16=0.0000 v17=0.0000 v18=0.0000 acc=0.8063 lr=3.00e-04 lambda=0.000 grl_lambda=0.208 v18_lambda=0.000 gpu=3.0/11.8GB
[18:13:13] [train] ep=05 step=020/40 ce=2.6315 sc=1.4669 mi=0.1038 dn=0.0000 v13=0.0000 grl=0.1181 v15=0.0000 v15r=0.0000 v16=0.0000 v17=0.0000 v18=0.0000 acc=0.8219 lr=3.00e-04 lambda=0.000 grl_lambda=0.220 v18_lambda=0.000 gpu=3.0/11.8GB
[18:13:19] [train] ep=05 step=030/40 ce=2.8641 sc=1.5046 mi=0.1002 dn=0.0000 v13=0.0000 grl=0.1116 v15=0.0000 v15r=0.0000 v16=0.0000 v17=0.0000 v18=0.0000 acc=0.8021 lr=3.00e-04 lambda=0.000 grl_lambda=0.232 v18_lambda=0.000 gpu=3.0/11.8GB
[18:13:25] [train] ep=05 step=040/40 ce=2.6891 sc=1.4621 mi=0.0970 dn=0.0000 v13=0.0000 grl=0.1121 v15=0.0000 v15r=0.0000 v16=0.0000 v17=0.0000 v18=0.0000 acc=0.8187 lr=3.00e-04 lambda=0.000 grl_lambda=0.244 v18_lambda=0.000 gpu=3.0/11.8GB
[18:13:35] [ep_summary] ep=05/100 val_live=0.8519/0.8547 val_ema=0.1358/0.0386 test77_live=0.3957/0.2878 test77_diag_ema=0.1583/0.0764 v13=0.0000 grl=0.1121 v15=0.0000 v15r=0.0000 v16=0.0000 v17=0.0000 v18=0.0000 das=stage1[10,24] p=0.35 ep_time=33.2s
[18:13:35] [save] best_sourceval_ema val_acc_ema=0.1358 source_val_live=0.8519/0.8547 source_val_ema=0.1358/0.0386 ep=5
[18:13:35] [train] epoch 6/100 steps=40 use_dann=0 das=stage1 f=[10.0,24.0] p=0.35 gpu=3.0/11.8GB
[18:13:35] [train] ep=06 step=001/40 ce=2.7365 sc=1.0647 mi=0.0871 dn=0.0000 v13=0.0000 grl=0.0912 v15=0.0000 v15r=0.0000 v16=0.0000 v17=0.0000 v18=0.0000 acc=0.7500 lr=3.00e-04 lambda=0.000 grl_lambda=0.245 v18_lambda=0.000 gpu=3.0/11.8GB
[18:13:41] [train] ep=06 step=010/40 ce=2.2759 sc=1.3974 mi=0.0904 dn=0.0000 v13=0.0000 grl=0.1031 v15=0.0000 v15r=0.0000 v16=0.0000 v17=0.0000 v18=0.0000 acc=0.8562 lr=3.00e-04 lambda=0.000 grl_lambda=0.255 v18_lambda=0.000 gpu=3.0/11.8GB
[18:13:46] [train] ep=06 step=020/40 ce=2.1862 sc=1.3182 mi=0.0875 dn=0.0000 v13=0.0000 grl=0.1004 v15=0.0000 v15r=0.0000 v16=0.0000 v17=0.0000 v18=0.0000 acc=0.8594 lr=3.00e-04 lambda=0.000 grl_lambda=0.267 v18_lambda=0.000 gpu=3.0/11.8GB
[18:13:52] [train] ep=06 step=030/40 ce=2.2559 sc=1.3836 mi=0.0857 dn=0.0000 v13=0.0000 grl=0.1000 v15=0.0000 v15r=0.0000 v16=0.0000 v17=0.0000 v18=0.0000 acc=0.8604 lr=2.99e-04 lambda=0.000 grl_lambda=0.279 v18_lambda=0.000 gpu=3.0/11.8GB
[18:13:58] [train] ep=06 step=040/40 ce=2.1500 sc=1.3420 mi=0.0842 dn=0.0000 v13=0.0000 grl=0.0961 v15=0.0000 v15r=0.0000 v16=0.0000 v17=0.0000 v18=0.0000 acc=0.8719 lr=2.99e-04 lambda=0.000 grl_lambda=0.290 v18_lambda=0.000 gpu=3.0/11.8GB
[18:14:08] [ep_summary] ep=06/100 val_live=0.9321/0.9330 val_ema=0.1605/0.0654 test77_live=0.4101/0.3266 test77_diag_ema=0.1691/0.0746 v13=0.0000 grl=0.0961 v15=0.0000 v15r=0.0000 v16=0.0000 v17=0.0000 v18=0.0000 das=stage1[10,24] p=0.35 ep_time=33.3s
[18:14:08] [save] best_sourceval_ema val_acc_ema=0.1605 source_val_live=0.9321/0.9330 source_val_ema=0.1605/0.0654 ep=6
[18:14:08] [train] epoch 7/100 steps=40 use_dann=0 das=stage1 f=[10.0,24.0] p=0.35 gpu=3.0/11.8GB
[18:14:09] [train] ep=07 step=001/40 ce=1.3148 sc=1.3781 mi=0.0753 dn=0.0000 v13=0.0000 grl=0.1107 v15=0.0000 v15r=0.0000 v16=0.0000 v17=0.0000 v18=0.0000 acc=0.9375 lr=2.99e-04 lambda=0.000 grl_lambda=0.291 v18_lambda=0.000 gpu=3.0/11.8GB
[18:14:14] [train] ep=07 step=010/40 ce=1.1106 sc=1.1745 mi=0.0821 dn=0.0000 v13=0.0000 grl=0.0874 v15=0.0000 v15r=0.0000 v16=0.0000 v17=0.0000 v18=0.0000 acc=0.9313 lr=2.99e-04 lambda=0.000 grl_lambda=0.302 v18_lambda=0.000 gpu=3.0/11.8GB
[18:14:20] [train] ep=07 step=020/40 ce=1.4570 sc=1.1562 mi=0.0831 dn=0.0000 v13=0.0000 grl=0.0840 v15=0.0000 v15r=0.0000 v16=0.0000 v17=0.0000 v18=0.0000 acc=0.9187 lr=2.99e-04 lambda=0.000 grl_lambda=0.313 v18_lambda=0.000 gpu=3.0/11.8GB
[18:14:25] [train] ep=07 step=030/40 ce=1.4581 sc=1.1295 mi=0.0823 dn=0.0000 v13=0.0000 grl=0.0853 v15=0.0000 v15r=0.0000 v16=0.0000 v17=0.0000 v18=0.0000 acc=0.9208 lr=2.99e-04 lambda=0.000 grl_lambda=0.324 v18_lambda=0.000 gpu=3.0/11.8GB
[18:14:31] [train] ep=07 step=040/40 ce=1.5047 sc=1.1397 mi=0.0812 dn=0.0000 v13=0.0000 grl=0.0871 v15=0.0000 v15r=0.0000 v16=0.0000 v17=0.0000 v18=0.0000 acc=0.9187 lr=2.99e-04 lambda=0.000 grl_lambda=0.335 v18_lambda=0.000 gpu=3.0/11.8GB
[18:14:41] [ep_summary] ep=07/100 val_live=0.9198/0.9216 val_ema=0.1605/0.0638 test77_live=0.4173/0.3326 test77_diag_ema=0.1511/0.0588 v13=0.0000 grl=0.0871 v15=0.0000 v15r=0.0000 v16=0.0000 v17=0.0000 v18=0.0000 das=stage1[10,24] p=0.35 ep_time=33.2s
[18:14:41] [train] epoch 8/100 steps=40 use_dann=0 das=stage1 f=[10.0,24.0] p=0.35 gpu=3.0/11.8GB
[18:14:42] [train] ep=08 step=001/40 ce=2.8469 sc=1.5744 mi=0.0695 dn=0.0000 v13=0.0000 grl=0.0644 v15=0.0000 v15r=0.0000 v16=0.0000 v17=0.0000 v18=0.0000 acc=0.7500 lr=2.99e-04 lambda=0.000 grl_lambda=0.336 v18_lambda=0.000 gpu=3.0/11.8GB
[18:14:47] [train] ep=08 step=010/40 ce=1.6073 sc=1.1797 mi=0.0742 dn=0.0000 v13=0.0000 grl=0.0957 v15=0.0000 v15r=0.0000 v16=0.0000 v17=0.0000 v18=0.0000 acc=0.9062 lr=2.99e-04 lambda=0.000 grl_lambda=0.346 v18_lambda=0.000 gpu=3.0/11.8GB
[18:14:53] [train] ep=08 step=020/40 ce=1.7598 sc=1.1703 mi=0.0765 dn=0.0000 v13=0.0000 grl=0.0915 v15=0.0000 v15r=0.0000 v16=0.0000 v17=0.0000 v18=0.0000 acc=0.8969 lr=2.98e-04 lambda=0.000 grl_lambda=0.357 v18_lambda=0.000 gpu=3.0/11.8GB
[18:14:59] [train] ep=08 step=030/40 ce=1.7649 sc=1.1610 mi=0.0758 dn=0.0000 v13=0.0000 grl=0.0938 v15=0.0000 v15r=0.0000 v16=0.0000 v17=0.0000 v18=0.0000 acc=0.8958 lr=2.98e-04 lambda=0.000 grl_lambda=0.368 v18_lambda=0.000 gpu=3.0/11.8GB
[18:15:04] [train] ep=08 step=040/40 ce=1.7166 sc=1.1881 mi=0.0748 dn=0.0000 v13=0.0000 grl=0.0906 v15=0.0000 v15r=0.0000 v16=0.0000 v17=0.0000 v18=0.0000 acc=0.9016 lr=2.98e-04 lambda=0.000 grl_lambda=0.379 v18_lambda=0.000 gpu=3.0/11.8GB
[18:15:49] [ep_summary] ep=08/100 val_live=0.9444/0.9451 val_ema=0.1914/0.1049 test77_live=0.4424/0.3245 test77_diag_ema=0.1511/0.0534 v13=0.0000 grl=0.0906 v15=0.0000 v15r=0.0000 v16=0.0000 v17=0.0000 v18=0.0000 das=stage1[10,24] p=0.35 ep_time=67.9s
[18:15:57] [save] best_sourceval_ema val_acc_ema=0.1914 source_val_live=0.9444/0.9451 source_val_ema=0.1914/0.1049 ep=8
[18:15:57] [train] epoch 9/100 steps=40 use_dann=0 das=stage2 f=[10.0,50.0] p=0.70 gpu=3.0/11.8GB
[18:15:58] [train] ep=09 step=001/40 ce=2.1353 sc=1.3521 mi=0.0958 dn=0.0000 v13=0.0000 grl=0.1411 v15=0.0000 v15r=0.0000 v16=0.0000 v17=0.0000 v18=0.0000 acc=0.8750 lr=2.98e-04 lambda=0.000 grl_lambda=0.380 v18_lambda=0.000 gpu=3.0/11.8GB
[18:16:03] [train] ep=09 step=010/40 ce=1.5497 sc=1.3230 mi=0.0758 dn=0.0000 v13=0.0000 grl=0.1356 v15=0.0000 v15r=0.0000 v16=0.0000 v17=0.0000 v18=0.0000 acc=0.9125 lr=2.98e-04 lambda=0.000 grl_lambda=0.390 v18_lambda=0.000 gpu=3.0/11.8GB
[18:16:09] [train] ep=09 step=020/40 ce=1.4924 sc=1.2149 mi=0.0734 dn=0.0000 v13=0.0000 grl=0.1208 v15=0.0000 v15r=0.0000 v16=0.0000 v17=0.0000 v18=0.0000 acc=0.9250 lr=2.98e-04 lambda=0.000 grl_lambda=0.400 v18_lambda=0.000 gpu=3.0/11.8GB
[18:16:15] [train] ep=09 step=030/40 ce=1.4761 sc=1.1760 mi=0.0737 dn=0.0000 v13=0.0000 grl=0.1238 v15=0.0000 v15r=0.0000 v16=0.0000 v17=0.0000 v18=0.0000 acc=0.9229 lr=2.97e-04 lambda=0.000 grl_lambda=0.411 v18_lambda=0.000 gpu=3.0/11.8GB
[18:16:20] [train] ep=09 step=040/40 ce=1.3712 sc=1.1473 mi=0.0738 dn=0.0000 v13=0.0000 grl=0.1307 v15=0.0000 v15r=0.0000 v16=0.0000 v17=0.0000 v18=0.0000 acc=0.9313 lr=2.97e-04 lambda=0.000 grl_lambda=0.421 v18_lambda=0.000 gpu=3.0/11.8GB
[18:16:41] [ep_summary] ep=09/100 val_live=0.9444/0.9456 val_ema=0.2284/0.1573 test77_live=0.6871/0.6570 test77_diag_ema=0.1439/0.0435 v13=0.0000 grl=0.1307 v15=0.0000 v15r=0.0000 v16=0.0000 v17=0.0000 v18=0.0000 das=stage2[10,50] p=0.70 ep_time=44.2s
[18:16:44] [save] best_sourceval_ema val_acc_ema=0.2284 source_val_live=0.9444/0.9456 source_val_ema=0.2284/0.1573 ep=9
[18:16:44] [train] epoch 10/100 steps=40 use_dann=0 das=stage2 f=[10.0,50.0] p=0.70 gpu=3.0/11.8GB
[18:16:45] [train] ep=10 step=001/40 ce=1.6696 sc=1.2141 mi=0.0691 dn=0.0000 v13=0.0000 grl=0.2297 v15=0.0000 v15r=0.0000 v16=0.0000 v17=0.0000 v18=0.0000 acc=0.8750 lr=2.97e-04 lambda=0.000 grl_lambda=0.422 v18_lambda=0.000 gpu=3.0/11.8GB
[18:16:50] [train] ep=10 step=010/40 ce=1.2919 sc=1.1282 mi=0.0719 dn=0.0000 v13=0.0000 grl=0.1453 v15=0.0000 v15r=0.0000 v16=0.0000 v17=0.0000 v18=0.0000 acc=0.9437 lr=2.97e-04 lambda=0.000 grl_lambda=0.431 v18_lambda=0.000 gpu=3.0/11.8GB
[18:16:56] [train] ep=10 step=020/40 ce=1.1068 sc=1.1057 mi=0.0706 dn=0.0000 v13=0.0000 grl=0.1424 v15=0.0000 v15r=0.0000 v16=0.0000 v17=0.0000 v18=0.0000 acc=0.9563 lr=2.97e-04 lambda=0.000 grl_lambda=0.441 v18_lambda=0.000 gpu=3.0/11.8GB
[18:17:01] [train] ep=10 step=030/40 ce=1.1801 sc=1.0967 mi=0.0718 dn=0.0000 v13=0.0000 grl=0.1381 v15=0.0000 v15r=0.0000 v16=0.0000 v17=0.0000 v18=0.0000 acc=0.9417 lr=2.96e-04 lambda=0.000 grl_lambda=0.451 v18_lambda=0.000 gpu=3.0/11.8GB
[18:17:07] [train] ep=10 step=040/40 ce=1.1406 sc=1.0373 mi=0.0718 dn=0.0000 v13=0.0000 grl=0.1340 v15=0.0000 v15r=0.0000 v16=0.0000 v17=0.0000 v18=0.0000 acc=0.9422 lr=2.96e-04 lambda=0.000 grl_lambda=0.461 v18_lambda=0.000 gpu=3.0/11.8GB
[18:17:17] [pool] check ep=010/100 source_val_acc_ema=0.2469 threshold=0.90
[18:17:17] [pool] ep=010 SKIP (source_val_acc_ema=0.2469 < 0.90)
[18:17:32] [ep_summary] ep=10/100 val_live=0.9198/0.9220 val_ema=0.2469/0.1721 test77_live=0.5863/0.5233 test77_diag_ema=0.1403/0.0390 v13=0.0000 grl=0.1340 v15=0.0000 v15r=0.0000 v16=0.0000 v17=0.0000 v18=0.0000 das=stage2[10,50] p=0.70 ep_time=48.2s
[18:17:32] [save] best_sourceval_ema val_acc_ema=0.2469 source_val_live=0.9198/0.9220 source_val_ema=0.2469/0.1721 ep=10
[18:17:32] [strict77_monitor] ep=10 best_source_epoch=10 source_val_ema=0.2469/0.1721 test77_ema_diag=0.1403/0.0390 sourcequalified_count=0
[18:17:32] [train] epoch 11/100 steps=40 use_dann=0 das=stage2 f=[10.0,50.0] p=0.70 gpu=3.0/11.8GB
[18:17:33] [train] ep=11 step=001/40 ce=1.2232 sc=0.7632 mi=0.0733 dn=0.0000 v13=0.0000 grl=0.1336 v15=0.0000 v15r=0.0000 v16=0.0000 v17=0.0000 v18=0.0000 acc=0.8750 lr=2.96e-04 lambda=0.000 grl_lambda=0.462 v18_lambda=0.000 gpu=3.0/11.8GB
[18:17:38] [train] ep=11 step=010/40 ce=1.3744 sc=1.0798 mi=0.0717 dn=0.0000 v13=0.0000 grl=0.1240 v15=0.0000 v15r=0.0000 v16=0.0000 v17=0.0000 v18=0.0000 acc=0.9125 lr=2.96e-04 lambda=0.000 grl_lambda=0.471 v18_lambda=0.000 gpu=3.0/11.8GB
[18:17:44] [train] ep=11 step=020/40 ce=1.1125 sc=1.0223 mi=0.0720 dn=0.0000 v13=0.0000 grl=0.1219 v15=0.0000 v15r=0.0000 v16=0.0000 v17=0.0000 v18=0.0000 acc=0.9375 lr=2.96e-04 lambda=0.000 grl_lambda=0.481 v18_lambda=0.000 gpu=3.0/11.8GB
[18:17:49] [train] ep=11 step=030/40 ce=0.9732 sc=0.9910 mi=0.0704 dn=0.0000 v13=0.0000 grl=0.1242 v15=0.0000 v15r=0.0000 v16=0.0000 v17=0.0000 v18=0.0000 acc=0.9479 lr=2.95e-04 lambda=0.000 grl_lambda=0.490 v18_lambda=0.000 gpu=3.0/11.8GB
[18:17:55] [train] ep=11 step=040/40 ce=1.0077 sc=1.0024 mi=0.0698 dn=0.0000 v13=0.0000 grl=0.1222 v15=0.0000 v15r=0.0000 v16=0.0000 v17=0.0000 v18=0.0000 acc=0.9437 lr=2.95e-04 lambda=0.000 grl_lambda=0.500 v18_lambda=0.000 gpu=3.0/11.8GB
[18:18:05] [ep_summary] ep=11/100 val_live=0.9259/0.9298 val_ema=0.2901/0.2193 test77_live=0.7302/0.6851 test77_diag_ema=0.1403/0.0383 v13=0.0000 grl=0.1222 v15=0.0000 v15r=0.0000 v16=0.0000 v17=0.0000 v18=0.0000 das=stage2[10,50] p=0.70 ep_time=33.2s
[18:18:05] [save] best_sourceval_ema val_acc_ema=0.2901 source_val_live=0.9259/0.9298 source_val_ema=0.2901/0.2193 ep=11
[18:18:05] [train] epoch 12/100 steps=40 use_dann=0 das=stage2 f=[10.0,50.0] p=0.70 gpu=3.0/11.8GB
[18:18:06] [train] ep=12 step=001/40 ce=0.3535 sc=0.7351 mi=0.0654 dn=0.0000 v13=0.0000 grl=0.0769 v15=0.0000 v15r=0.0000 v16=0.0000 v17=0.0000 v18=0.0000 acc=1.0000 lr=2.95e-04 lambda=0.000 grl_lambda=0.501 v18_lambda=0.000 gpu=3.0/11.8GB
[18:18:11] [train] ep=12 step=010/40 ce=0.6746 sc=0.8437 mi=0.0688 dn=0.0000 v13=0.0000 grl=0.1525 v15=0.0000 v15r=0.0000 v16=0.0000 v17=0.0000 v18=0.0000 acc=0.9750 lr=2.95e-04 lambda=0.000 grl_lambda=0.509 v18_lambda=0.000 gpu=3.0/11.8GB
[18:18:17] [train] ep=12 step=020/40 ce=0.7141 sc=0.8831 mi=0.0690 dn=0.0000 v13=0.0000 grl=0.1391 v15=0.0000 v15r=0.0000 v16=0.0000 v17=0.0000 v18=0.0000 acc=0.9750 lr=2.94e-04 lambda=0.000 grl_lambda=0.518 v18_lambda=0.000 gpu=3.0/11.8GB
[18:18:23] [train] ep=12 step=030/40 ce=0.7664 sc=0.9493 mi=0.0697 dn=0.0000 v13=0.0000 grl=0.1361 v15=0.0000 v15r=0.0000 v16=0.0000 v17=0.0000 v18=0.0000 acc=0.9729 lr=2.94e-04 lambda=0.000 grl_lambda=0.527 v18_lambda=0.000 gpu=3.0/11.8GB
[18:18:29] [train] ep=12 step=040/40 ce=0.7926 sc=0.9667 mi=0.0698 dn=0.0000 v13=0.0000 grl=0.1361 v15=0.0000 v15r=0.0000 v16=0.0000 v17=0.0000 v18=0.0000 acc=0.9688 lr=2.94e-04 lambda=0.000 grl_lambda=0.536 v18_lambda=0.000 gpu=3.0/11.8GB
[18:18:39] [ep_summary] ep=12/100 val_live=0.9568/0.9558 val_ema=0.3580/0.2914 test77_live=0.6942/0.6666 test77_diag_ema=0.1403/0.0368 v13=0.0000 grl=0.1361 v15=0.0000 v15r=0.0000 v16=0.0000 v17=0.0000 v18=0.0000 das=stage2[10,50] p=0.70 ep_time=33.3s
[18:18:39] [save] best_sourceval_ema val_acc_ema=0.3580 source_val_live=0.9568/0.9558 source_val_ema=0.3580/0.2914 ep=12
[18:18:39] [train] epoch 13/100 steps=40 use_dann=0 das=stage2 f=[10.0,50.0] p=0.70 gpu=3.0/11.8GB
[18:18:39] [train] ep=13 step=001/40 ce=0.8342 sc=1.2306 mi=0.0638 dn=0.0000 v13=0.0000 grl=0.0883 v15=0.0000 v15r=0.0000 v16=0.0000 v17=0.0000 v18=0.0000 acc=0.9375 lr=2.94e-04 lambda=0.000 grl_lambda=0.537 v18_lambda=0.000 gpu=3.0/11.8GB
[18:18:45] [train] ep=13 step=010/40 ce=1.2232 sc=0.8950 mi=0.0683 dn=0.0000 v13=0.0000 grl=0.1216 v15=0.0000 v15r=0.0000 v16=0.0000 v17=0.0000 v18=0.0000 acc=0.9313 lr=2.93e-04 lambda=0.000 grl_lambda=0.545 v18_lambda=0.000 gpu=3.0/11.8GB
[18:18:50] [train] ep=13 step=020/40 ce=0.9735 sc=0.9245 mi=0.0698 dn=0.0000 v13=0.0000 grl=0.1208 v15=0.0000 v15r=0.0000 v16=0.0000 v17=0.0000 v18=0.0000 acc=0.9531 lr=2.93e-04 lambda=0.000 grl_lambda=0.554 v18_lambda=0.000 gpu=3.0/11.8GB
[18:18:56] [train] ep=13 step=030/40 ce=0.9547 sc=0.9262 mi=0.0696 dn=0.0000 v13=0.0000 grl=0.1197 v15=0.0000 v15r=0.0000 v16=0.0000 v17=0.0000 v18=0.0000 acc=0.9563 lr=2.93e-04 lambda=0.000 grl_lambda=0.562 v18_lambda=0.000 gpu=3.0/11.8GB
[18:19:02] [train] ep=13 step=040/40 ce=0.8641 sc=0.8916 mi=0.0695 dn=0.0000 v13=0.0000 grl=0.1157 v15=0.0000 v15r=0.0000 v16=0.0000 v17=0.0000 v18=0.0000 acc=0.9641 lr=2.92e-04 lambda=0.000 grl_lambda=0.571 v18_lambda=0.000 gpu=3.0/11.8GB
[18:19:12] [ep_summary] ep=13/100 val_live=0.9444/0.9444 val_ema=0.4198/0.3590 test77_live=0.7482/0.7296 test77_diag_ema=0.1403/0.0363 v13=0.0000 grl=0.1157 v15=0.0000 v15r=0.0000 v16=0.0000 v17=0.0000 v18=0.0000 das=stage2[10,50] p=0.70 ep_time=33.3s
[18:19:12] [save] best_sourceval_ema val_acc_ema=0.4198 source_val_live=0.9444/0.9444 source_val_ema=0.4198/0.3590 ep=13
[18:19:12] [train] epoch 14/100 steps=40 use_dann=0 das=stage2 f=[10.0,50.0] p=0.70 gpu=3.0/11.8GB
[18:19:13] [train] ep=14 step=001/40 ce=1.1420 sc=0.7876 mi=0.0746 dn=0.0000 v13=0.0000 grl=0.1527 v15=0.0000 v15r=0.0000 v16=0.0000 v17=0.0000 v18=0.0000 acc=0.9375 lr=2.92e-04 lambda=0.000 grl_lambda=0.572 v18_lambda=0.000 gpu=3.0/11.8GB
[18:19:18] [train] ep=14 step=010/40 ce=1.0086 sc=1.0258 mi=0.0699 dn=0.0000 v13=0.0000 grl=0.1549 v15=0.0000 v15r=0.0000 v16=0.0000 v17=0.0000 v18=0.0000 acc=0.9500 lr=2.92e-04 lambda=0.000 grl_lambda=0.579 v18_lambda=0.000 gpu=3.0/11.8GB
[18:19:24] [train] ep=14 step=020/40 ce=0.9249 sc=1.0075 mi=0.0680 dn=0.0000 v13=0.0000 grl=0.1471 v15=0.0000 v15r=0.0000 v16=0.0000 v17=0.0000 v18=0.0000 acc=0.9594 lr=2.91e-04 lambda=0.000 grl_lambda=0.587 v18_lambda=0.000 gpu=3.0/11.8GB
[18:19:29] [train] ep=14 step=030/40 ce=0.9178 sc=1.0149 mi=0.0669 dn=0.0000 v13=0.0000 grl=0.1366 v15=0.0000 v15r=0.0000 v16=0.0000 v17=0.0000 v18=0.0000 acc=0.9604 lr=2.91e-04 lambda=0.000 grl_lambda=0.596 v18_lambda=0.000 gpu=3.0/11.8GB
[18:19:35] [train] ep=14 step=040/40 ce=0.9043 sc=0.9999 mi=0.0668 dn=0.0000 v13=0.0000 grl=0.1299 v15=0.0000 v15r=0.0000 v16=0.0000 v17=0.0000 v18=0.0000 acc=0.9578 lr=2.91e-04 lambda=0.000 grl_lambda=0.604 v18_lambda=0.000 gpu=3.0/11.8GB
[18:19:45] [ep_summary] ep=14/100 val_live=0.9136/0.9041 val_ema=0.4568/0.3972 test77_live=0.5971/0.5317 test77_diag_ema=0.1403/0.0356 v13=0.0000 grl=0.1299 v15=0.0000 v15r=0.0000 v16=0.0000 v17=0.0000 v18=0.0000 das=stage2[10,50] p=0.70 ep_time=33.2s
[18:19:45] [save] best_sourceval_ema val_acc_ema=0.4568 source_val_live=0.9136/0.9041 source_val_ema=0.4568/0.3972 ep=14
[18:19:45] [train] epoch 15/100 steps=40 use_dann=0 das=stage2 f=[10.0,50.0] p=0.70 gpu=3.0/11.8GB
[18:19:46] [train] ep=15 step=001/40 ce=0.5489 sc=0.6517 mi=0.0619 dn=0.0000 v13=0.0000 grl=0.0772 v15=0.0000 v15r=0.0000 v16=0.0000 v17=0.0000 v18=0.0000 acc=1.0000 lr=2.91e-04 lambda=0.000 grl_lambda=0.604 v18_lambda=0.000 gpu=3.0/11.8GB
[18:19:51] [train] ep=15 step=010/40 ce=0.9389 sc=0.8558 mi=0.0691 dn=0.0000 v13=0.0000 grl=0.1100 v15=0.0000 v15r=0.0000 v16=0.0000 v17=0.0000 v18=0.0000 acc=0.9625 lr=2.90e-04 lambda=0.000 grl_lambda=0.611 v18_lambda=0.000 gpu=3.0/11.8GB
[18:19:57] [train] ep=15 step=020/40 ce=0.9362 sc=0.8831 mi=0.0697 dn=0.0000 v13=0.0000 grl=0.1093 v15=0.0000 v15r=0.0000 v16=0.0000 v17=0.0000 v18=0.0000 acc=0.9594 lr=2.90e-04 lambda=0.000 grl_lambda=0.619 v18_lambda=0.000 gpu=3.0/11.8GB
[18:20:03] [train] ep=15 step=030/40 ce=0.9168 sc=0.9226 mi=0.0695 dn=0.0000 v13=0.0000 grl=0.1130 v15=0.0000 v15r=0.0000 v16=0.0000 v17=0.0000 v18=0.0000 acc=0.9583 lr=2.89e-04 lambda=0.000 grl_lambda=0.627 v18_lambda=0.000 gpu=3.0/11.8GB
[18:20:08] [train] ep=15 step=040/40 ce=0.8369 sc=0.9279 mi=0.0694 dn=0.0000 v13=0.0000 grl=0.1214 v15=0.0000 v15r=0.0000 v16=0.0000 v17=0.0000 v18=0.0000 acc=0.9641 lr=2.89e-04 lambda=0.000 grl_lambda=0.634 v18_lambda=0.000 gpu=3.0/11.8GB
[18:20:18] [ep_summary] ep=15/100 val_live=0.9383/0.9352 val_ema=0.4691/0.4067 test77_live=0.7446/0.7265 test77_diag_ema=0.1439/0.0421 v13=0.0000 grl=0.1214 v15=0.0000 v15r=0.0000 v16=0.0000 v17=0.0000 v18=0.0000 das=stage2[10,50] p=0.70 ep_time=33.2s
[18:20:19] [save] best_sourceval_ema val_acc_ema=0.4691 source_val_live=0.9383/0.9352 source_val_ema=0.4691/0.4067 ep=15
[18:20:19] [train] epoch 16/100 steps=40 use_dann=0 das=stage2 f=[10.0,50.0] p=0.70 gpu=3.0/11.8GB
[18:20:19] [train] ep=16 step=001/40 ce=1.2334 sc=0.8762 mi=0.0805 dn=0.0000 v13=0.0000 grl=0.0862 v15=0.0000 v15r=0.0000 v16=0.0000 v17=0.0000 v18=0.0000 acc=0.9375 lr=2.89e-04 lambda=0.000 grl_lambda=0.635 v18_lambda=0.000 gpu=3.0/11.8GB
[18:20:24] [train] ep=16 step=010/40 ce=0.6904 sc=0.9319 mi=0.0723 dn=0.0000 v13=0.0000 grl=0.1383 v15=0.0000 v15r=0.0000 v16=0.0000 v17=0.0000 v18=0.0000 acc=0.9812 lr=2.88e-04 lambda=0.000 grl_lambda=0.642 v18_lambda=0.000 gpu=3.0/11.8GB
[18:20:30] [train] ep=16 step=020/40 ce=0.7239 sc=0.8129 mi=0.0700 dn=0.0000 v13=0.0000 grl=0.1352 v15=0.0000 v15r=0.0000 v16=0.0000 v17=0.0000 v18=0.0000 acc=0.9719 lr=2.88e-04 lambda=0.000 grl_lambda=0.649 v18_lambda=0.000 gpu=3.0/11.8GB
[18:20:36] [train] ep=16 step=030/40 ce=0.7216 sc=0.9072 mi=0.0699 dn=0.0000 v13=0.0000 grl=0.1414 v15=0.0000 v15r=0.0000 v16=0.0000 v17=0.0000 v18=0.0000 acc=0.9708 lr=2.87e-04 lambda=0.000 grl_lambda=0.656 v18_lambda=0.000 gpu=3.0/11.8GB
[18:20:42] [train] ep=16 step=040/40 ce=0.6963 sc=0.8896 mi=0.0698 dn=0.0000 v13=0.0000 grl=0.1405 v15=0.0000 v15r=0.0000 v16=0.0000 v17=0.0000 v18=0.0000 acc=0.9719 lr=2.87e-04 lambda=0.000 grl_lambda=0.663 v18_lambda=0.000 gpu=3.0/11.8GB
[18:20:52] [ep_summary] ep=16/100 val_live=0.9506/0.9502 val_ema=0.5494/0.5094 test77_live=0.7698/0.7438 test77_diag_ema=0.1439/0.0422 v13=0.0000 grl=0.1405 v15=0.0000 v15r=0.0000 v16=0.0000 v17=0.0000 v18=0.0000 das=stage2[10,50] p=0.70 ep_time=33.4s
[18:20:52] [save] best_sourceval_ema val_acc_ema=0.5494 source_val_live=0.9506/0.9502 source_val_ema=0.5494/0.5094 ep=16
[18:20:52] [train] epoch 17/100 steps=40 use_dann=0 das=stage2 f=[10.0,50.0] p=0.70 gpu=3.0/11.8GB
[18:20:53] [train] ep=17 step=001/40 ce=0.3005 sc=1.0607 mi=0.0611 dn=0.0000 v13=0.0000 grl=0.1029 v15=0.0000 v15r=0.0000 v16=0.0000 v17=0.0000 v18=0.0000 acc=1.0000 lr=2.87e-04 lambda=0.000 grl_lambda=0.664 v18_lambda=0.000 gpu=3.0/11.8GB
[18:20:58] [train] ep=17 step=010/40 ce=0.4902 sc=0.8624 mi=0.0669 dn=0.0000 v13=0.0000 grl=0.1262 v15=0.0000 v15r=0.0000 v16=0.0000 v17=0.0000 v18=0.0000 acc=1.0000 lr=2.86e-04 lambda=0.000 grl_lambda=0.670 v18_lambda=0.000 gpu=3.0/11.8GB
[18:21:04] [train] ep=17 step=020/40 ce=0.6158 sc=0.8695 mi=0.0697 dn=0.0000 v13=0.0000 grl=0.1546 v15=0.0000 v15r=0.0000 v16=0.0000 v17=0.0000 v18=0.0000 acc=0.9844 lr=2.86e-04 lambda=0.000 grl_lambda=0.677 v18_lambda=0.000 gpu=3.0/11.8GB
[18:21:09] [train] ep=17 step=030/40 ce=0.6638 sc=0.9083 mi=0.0710 dn=0.0000 v13=0.0000 grl=0.1572 v15=0.0000 v15r=0.0000 v16=0.0000 v17=0.0000 v18=0.0000 acc=0.9792 lr=2.85e-04 lambda=0.000 grl_lambda=0.684 v18_lambda=0.000 gpu=3.0/11.8GB
[18:21:15] [train] ep=17 step=040/40 ce=0.7254 sc=0.9207 mi=0.0703 dn=0.0000 v13=0.0000 grl=0.1562 v15=0.0000 v15r=0.0000 v16=0.0000 v17=0.0000 v18=0.0000 acc=0.9734 lr=2.85e-04 lambda=0.000 grl_lambda=0.690 v18_lambda=0.000 gpu=3.0/11.8GB
[18:21:25] [ep_summary] ep=17/100 val_live=0.9691/0.9694 val_ema=0.5617/0.5139 test77_live=0.6655/0.6450 test77_diag_ema=0.1439/0.0422 v13=0.0000 grl=0.1562 v15=0.0000 v15r=0.0000 v16=0.0000 v17=0.0000 v18=0.0000 das=stage2[10,50] p=0.70 ep_time=33.2s
[18:21:25] [save] best_sourceval_ema val_acc_ema=0.5617 source_val_live=0.9691/0.9694 source_val_ema=0.5617/0.5139 ep=17
[18:21:25] [train] epoch 18/100 steps=40 use_dann=0 das=stage2 f=[10.0,50.0] p=0.70 gpu=3.0/11.8GB
[18:21:26] [train] ep=18 step=001/40 ce=0.3252 sc=0.5915 mi=0.0642 dn=0.0000 v13=0.0000 grl=0.1332 v15=0.0000 v15r=0.0000 v16=0.0000 v17=0.0000 v18=0.0000 acc=1.0000 lr=2.85e-04 lambda=0.000 grl_lambda=0.691 v18_lambda=0.000 gpu=3.0/11.8GB
[18:21:31] [train] ep=18 step=010/40 ce=0.6964 sc=0.8586 mi=0.0670 dn=0.0000 v13=0.0000 grl=0.1525 v15=0.0000 v15r=0.0000 v16=0.0000 v17=0.0000 v18=0.0000 acc=0.9750 lr=2.84e-04 lambda=0.000 grl_lambda=0.697 v18_lambda=0.000 gpu=3.0/11.8GB
[18:21:37] [train] ep=18 step=020/40 ce=0.6007 sc=0.8562 mi=0.0661 dn=0.0000 v13=0.0000 grl=0.1483 v15=0.0000 v15r=0.0000 v16=0.0000 v17=0.0000 v18=0.0000 acc=0.9812 lr=2.84e-04 lambda=0.000 grl_lambda=0.703 v18_lambda=0.000 gpu=3.0/11.8GB
[18:21:43] [train] ep=18 step=030/40 ce=0.6402 sc=0.9360 mi=0.0675 dn=0.0000 v13=0.0000 grl=0.1494 v15=0.0000 v15r=0.0000 v16=0.0000 v17=0.0000 v18=0.0000 acc=0.9792 lr=2.83e-04 lambda=0.000 grl_lambda=0.710 v18_lambda=0.000 gpu=3.0/11.8GB
[18:21:48] [train] ep=18 step=040/40 ce=0.6207 sc=0.9185 mi=0.0671 dn=0.0000 v13=0.0000 grl=0.1542 v15=0.0000 v15r=0.0000 v16=0.0000 v17=0.0000 v18=0.0000 acc=0.9781 lr=2.83e-04 lambda=0.000 grl_lambda=0.716 v18_lambda=0.000 gpu=3.0/11.8GB
[18:21:58] [ep_summary] ep=18/100 val_live=0.9383/0.9392 val_ema=0.5988/0.5534 test77_live=0.6835/0.6521 test77_diag_ema=0.1439/0.0422 v13=0.0000 grl=0.1542 v15=0.0000 v15r=0.0000 v16=0.0000 v17=0.0000 v18=0.0000 das=stage2[10,50] p=0.70 ep_time=33.2s
[18:21:58] [save] best_sourceval_ema val_acc_ema=0.5988 source_val_live=0.9383/0.9392 source_val_ema=0.5988/0.5534 ep=18
[18:21:58] [train] epoch 19/100 steps=40 use_dann=0 das=stage2 f=[10.0,50.0] p=0.70 gpu=3.0/11.8GB
[18:21:59] [train] ep=19 step=001/40 ce=0.3147 sc=0.5805 mi=0.0664 dn=0.0000 v13=0.0000 grl=0.1254 v15=0.0000 v15r=0.0000 v16=0.0000 v17=0.0000 v18=0.0000 acc=1.0000 lr=2.83e-04 lambda=0.000 grl_lambda=0.716 v18_lambda=0.000 gpu=3.0/11.8GB
[18:22:04] [train] ep=19 step=010/40 ce=0.7718 sc=0.8609 mi=0.0673 dn=0.0000 v13=0.0000 grl=0.1564 v15=0.0000 v15r=0.0000 v16=0.0000 v17=0.0000 v18=0.0000 acc=0.9625 lr=2.82e-04 lambda=0.000 grl_lambda=0.722 v18_lambda=0.000 gpu=3.0/11.8GB
[18:22:10] [train] ep=19 step=020/40 ce=0.6309 sc=0.8388 mi=0.0681 dn=0.0000 v13=0.0000 grl=0.1576 v15=0.0000 v15r=0.0000 v16=0.0000 v17=0.0000 v18=0.0000 acc=0.9750 lr=2.82e-04 lambda=0.000 grl_lambda=0.728 v18_lambda=0.000 gpu=3.0/11.8GB
[18:22:16] [train] ep=19 step=030/40 ce=0.6068 sc=0.8624 mi=0.0676 dn=0.0000 v13=0.0000 grl=0.1698 v15=0.0000 v15r=0.0000 v16=0.0000 v17=0.0000 v18=0.0000 acc=0.9771 lr=2.81e-04 lambda=0.000 grl_lambda=0.733 v18_lambda=0.000 gpu=3.0/11.8GB
[18:22:22] [train] ep=19 step=040/40 ce=0.6104 sc=0.8726 mi=0.0683 dn=0.0000 v13=0.0000 grl=0.1705 v15=0.0000 v15r=0.0000 v16=0.0000 v17=0.0000 v18=0.0000 acc=0.9766 lr=2.80e-04 lambda=0.000 grl_lambda=0.739 v18_lambda=0.000 gpu=3.0/11.8GB
[18:22:32] [ep_summary] ep=19/100 val_live=0.9444/0.9444 val_ema=0.6543/0.6233 test77_live=0.8129/0.8019 test77_diag_ema=0.1547/0.0611 v13=0.0000 grl=0.1705 v15=0.0000 v15r=0.0000 v16=0.0000 v17=0.0000 v18=0.0000 das=stage2[10,50] p=0.70 ep_time=33.3s
[18:22:32] [save] best_sourceval_ema val_acc_ema=0.6543 source_val_live=0.9444/0.9444 source_val_ema=0.6543/0.6233 ep=19
[18:22:32] [train] epoch 20/100 steps=40 use_dann=0 das=stage2 f=[10.0,50.0] p=0.70 gpu=3.0/11.8GB
[18:22:32] [train] ep=20 step=001/40 ce=0.3141 sc=0.8171 mi=0.0609 dn=0.0000 v13=0.0000 grl=0.1837 v15=0.0000 v15r=0.0000 v16=0.0000 v17=0.0000 v18=0.0000 acc=1.0000 lr=2.80e-04 lambda=0.000 grl_lambda=0.740 v18_lambda=0.000 gpu=3.0/11.8GB
[18:22:38] [train] ep=20 step=010/40 ce=0.4606 sc=0.7673 mi=0.0680 dn=0.0000 v13=0.0000 grl=0.1801 v15=0.0000 v15r=0.0000 v16=0.0000 v17=0.0000 v18=0.0000 acc=0.9938 lr=2.80e-04 lambda=0.000 grl_lambda=0.745 v18_lambda=0.000 gpu=3.0/11.8GB
[18:22:43] [train] ep=20 step=020/40 ce=0.4860 sc=0.7959 mi=0.0698 dn=0.0000 v13=0.0000 grl=0.1776 v15=0.0000 v15r=0.0000 v16=0.0000 v17=0.0000 v18=0.0000 acc=0.9875 lr=2.79e-04 lambda=0.000 grl_lambda=0.750 v18_lambda=0.000 gpu=3.0/11.8GB
[18:22:49] [train] ep=20 step=030/40 ce=0.4968 sc=0.7868 mi=0.0691 dn=0.0000 v13=0.0000 grl=0.1866 v15=0.0000 v15r=0.0000 v16=0.0000 v17=0.0000 v18=0.0000 acc=0.9875 lr=2.79e-04 lambda=0.000 grl_lambda=0.756 v18_lambda=0.000 gpu=3.0/11.8GB
[18:22:55] [train] ep=20 step=040/40 ce=0.5375 sc=0.8256 mi=0.0688 dn=0.0000 v13=0.0000 grl=0.1878 v15=0.0000 v15r=0.0000 v16=0.0000 v17=0.0000 v18=0.0000 acc=0.9844 lr=2.78e-04 lambda=0.000 grl_lambda=0.761 v18_lambda=0.000 gpu=3.0/11.8GB
[18:23:05] [pool] check ep=020/100 source_val_acc_ema=0.6667 threshold=0.90
[18:23:05] [pool] ep=020 SKIP (source_val_acc_ema=0.6667 < 0.90)
[18:23:05] [ep_summary] ep=20/100 val_live=0.9691/0.9694 val_ema=0.6667/0.6337 test77_live=0.7590/0.7334 test77_diag_ema=0.1547/0.0611 v13=0.0000 grl=0.1878 v15=0.0000 v15r=0.0000 v16=0.0000 v17=0.0000 v18=0.0000 das=stage2[10,50] p=0.70 ep_time=33.2s
[18:23:05] [save] best_sourceval_ema val_acc_ema=0.6667 source_val_live=0.9691/0.9694 source_val_ema=0.6667/0.6337 ep=20
[18:23:05] [strict77_monitor] ep=20 best_source_epoch=20 source_val_ema=0.6667/0.6337 test77_ema_diag=0.1547/0.0611 sourcequalified_count=0
[18:23:05] [train] epoch 21/100 steps=40 use_dann=0 das=stage2 f=[10.0,50.0] p=0.70 gpu=3.0/11.8GB
[18:23:06] [train] ep=21 step=001/40 ce=0.6813 sc=1.1150 mi=0.0684 dn=0.0000 v13=0.0000 grl=0.2182 v15=0.0000 v15r=0.0000 v16=0.0000 v17=0.0000 v18=0.0000 acc=0.9375 lr=2.78e-04 lambda=0.000 grl_lambda=0.762 v18_lambda=0.000 gpu=3.0/11.8GB
[18:23:11] [train] ep=21 step=010/40 ce=0.4817 sc=0.8553 mi=0.0655 dn=0.0000 v13=0.0000 grl=0.1918 v15=0.0000 v15r=0.0000 v16=0.0000 v17=0.0000 v18=0.0000 acc=0.9875 lr=2.77e-04 lambda=0.000 grl_lambda=0.766 v18_lambda=0.000 gpu=3.0/11.8GB
[18:23:17] [train] ep=21 step=020/40 ce=0.5044 sc=0.8634 mi=0.0649 dn=0.0000 v13=0.0000 grl=0.1758 v15=0.0000 v15r=0.0000 v16=0.0000 v17=0.0000 v18=0.0000 acc=0.9844 lr=2.77e-04 lambda=0.000 grl_lambda=0.771 v18_lambda=0.000 gpu=3.0/11.8GB
[18:23:22] [train] ep=21 step=030/40 ce=0.5644 sc=0.8303 mi=0.0648 dn=0.0000 v13=0.0000 grl=0.1726 v15=0.0000 v15r=0.0000 v16=0.0000 v17=0.0000 v18=0.0000 acc=0.9792 lr=2.76e-04 lambda=0.000 grl_lambda=0.776 v18_lambda=0.000 gpu=3.0/11.8GB
[18:23:28] [train] ep=21 step=040/40 ce=0.5067 sc=0.8117 mi=0.0653 dn=0.0000 v13=0.0000 grl=0.1780 v15=0.0000 v15r=0.0000 v16=0.0000 v17=0.0000 v18=0.0000 acc=0.9844 lr=2.75e-04 lambda=0.000 grl_lambda=0.781 v18_lambda=0.000 gpu=3.0/11.8GB
[18:23:38] [ep_summary] ep=21/100 val_live=0.9753/0.9754 val_ema=0.6914/0.6665 test77_live=0.7374/0.6815 test77_diag_ema=0.1691/0.0828 v13=0.0000 grl=0.1780 v15=0.0000 v15r=0.0000 v16=0.0000 v17=0.0000 v18=0.0000 das=stage2[10,50] p=0.70 ep_time=33.3s
[18:23:38] [save] best_sourceval_ema val_acc_ema=0.6914 source_val_live=0.9753/0.9754 source_val_ema=0.6914/0.6665 ep=21
[18:23:38] [train] epoch 22/100 steps=40 use_dann=0 das=stage2 f=[10.0,50.0] p=0.70 gpu=3.0/11.8GB
[18:23:39] [train] ep=22 step=001/40 ce=0.2890 sc=0.7665 mi=0.0669 dn=0.0000 v13=0.0000 grl=0.2250 v15=0.0000 v15r=0.0000 v16=0.0000 v17=0.0000 v18=0.0000 acc=1.0000 lr=2.75e-04 lambda=0.000 grl_lambda=0.782 v18_lambda=0.000 gpu=3.0/11.8GB
[18:23:44] [train] ep=22 step=010/40 ce=0.5090 sc=1.0416 mi=0.0664 dn=0.0000 v13=0.0000 grl=0.1841 v15=0.0000 v15r=0.0000 v16=0.0000 v17=0.0000 v18=0.0000 acc=0.9875 lr=2.75e-04 lambda=0.000 grl_lambda=0.786 v18_lambda=0.000 gpu=3.0/11.8GB
[18:23:50] [train] ep=22 step=020/40 ce=0.6111 sc=1.0397 mi=0.0666 dn=0.0000 v13=0.0000 grl=0.1692 v15=0.0000 v15r=0.0000 v16=0.0000 v17=0.0000 v18=0.0000 acc=0.9781 lr=2.74e-04 lambda=0.000 grl_lambda=0.791 v18_lambda=0.000 gpu=3.0/11.8GB
[18:23:56] [train] ep=22 step=030/40 ce=0.5876 sc=0.9591 mi=0.0672 dn=0.0000 v13=0.0000 grl=0.1838 v15=0.0000 v15r=0.0000 v16=0.0000 v17=0.0000 v18=0.0000 acc=0.9792 lr=2.73e-04 lambda=0.000 grl_lambda=0.796 v18_lambda=0.000 gpu=3.0/11.8GB
[18:24:02] [train] ep=22 step=040/40 ce=0.5486 sc=0.8889 mi=0.0672 dn=0.0000 v13=0.0000 grl=0.1799 v15=0.0000 v15r=0.0000 v16=0.0000 v17=0.0000 v18=0.0000 acc=0.9812 lr=2.73e-04 lambda=0.000 grl_lambda=0.800 v18_lambda=0.000 gpu=3.0/11.8GB
[18:24:12] [ep_summary] ep=22/100 val_live=0.9568/0.9559 val_ema=0.7346/0.7192 test77_live=0.6906/0.6625 test77_diag_ema=0.1763/0.0924 v13=0.0000 grl=0.1799 v15=0.0000 v15r=0.0000 v16=0.0000 v17=0.0000 v18=0.0000 das=stage2[10,50] p=0.70 ep_time=33.4s
[18:24:12] [save] best_sourceval_ema val_acc_ema=0.7346 source_val_live=0.9568/0.9559 source_val_ema=0.7346/0.7192 ep=22
[18:24:12] [train] epoch 23/100 steps=40 use_dann=0 das=stage2 f=[10.0,50.0] p=0.70 gpu=3.0/11.8GB
[18:24:12] [train] ep=23 step=001/40 ce=0.9055 sc=0.9908 mi=0.0598 dn=0.0000 v13=0.0000 grl=0.1963 v15=0.0000 v15r=0.0000 v16=0.0000 v17=0.0000 v18=0.0000 acc=0.9375 lr=2.72e-04 lambda=0.000 grl_lambda=0.800 v18_lambda=0.000 gpu=3.0/11.8GB
[18:24:18] [train] ep=23 step=010/40 ce=0.6206 sc=0.9957 mi=0.0679 dn=0.0000 v13=0.0000 grl=0.1580 v15=0.0000 v15r=0.0000 v16=0.0000 v17=0.0000 v18=0.0000 acc=0.9688 lr=2.72e-04 lambda=0.000 grl_lambda=0.805 v18_lambda=0.000 gpu=3.0/11.8GB
[18:24:23] [train] ep=23 step=020/40 ce=0.4716 sc=0.8555 mi=0.0667 dn=0.0000 v13=0.0000 grl=0.1585 v15=0.0000 v15r=0.0000 v16=0.0000 v17=0.0000 v18=0.0000 acc=0.9844 lr=2.71e-04 lambda=0.000 grl_lambda=0.809 v18_lambda=0.000 gpu=3.0/11.8GB
[18:24:29] [train] ep=23 step=030/40 ce=0.4870 sc=0.8697 mi=0.0657 dn=0.0000 v13=0.0000 grl=0.1622 v15=0.0000 v15r=0.0000 v16=0.0000 v17=0.0000 v18=0.0000 acc=0.9854 lr=2.70e-04 lambda=0.000 grl_lambda=0.813 v18_lambda=0.000 gpu=3.0/11.8GB
[18:24:35] [train] ep=23 step=040/40 ce=0.5043 sc=0.8636 mi=0.0661 dn=0.0000 v13=0.0000 grl=0.1642 v15=0.0000 v15r=0.0000 v16=0.0000 v17=0.0000 v18=0.0000 acc=0.9844 lr=2.70e-04 lambda=0.000 grl_lambda=0.817 v18_lambda=0.000 gpu=3.0/11.8GB
[18:25:20] [ep_summary] ep=23/100 val_live=0.9753/0.9756 val_ema=0.7778/0.7703 test77_live=0.7698/0.7501 test77_diag_ema=0.1906/0.1096 v13=0.0000 grl=0.1642 v15=0.0000 v15r=0.0000 v16=0.0000 v17=0.0000 v18=0.0000 das=stage2[10,50] p=0.70 ep_time=68.0s
[18:25:20] [save] best_sourceval_ema val_acc_ema=0.7778 source_val_live=0.9753/0.9756 source_val_ema=0.7778/0.7703 ep=23
[18:25:20] [train] epoch 24/100 steps=40 use_dann=0 das=stage2 f=[10.0,50.0] p=0.70 gpu=3.0/11.8GB
[18:25:20] [train] ep=24 step=001/40 ce=0.2965 sc=0.6344 mi=0.0796 dn=0.0000 v13=0.0000 grl=0.0994 v15=0.0000 v15r=0.0000 v16=0.0000 v17=0.0000 v18=0.0000 acc=1.0000 lr=2.70e-04 lambda=0.000 grl_lambda=0.818 v18_lambda=0.000 gpu=3.0/11.8GB
[18:25:26] [train] ep=24 step=010/40 ce=0.3531 sc=0.7393 mi=0.0726 dn=0.0000 v13=0.0000 grl=0.1694 v15=0.0000 v15r=0.0000 v16=0.0000 v17=0.0000 v18=0.0000 acc=0.9938 lr=2.69e-04 lambda=0.000 grl_lambda=0.821 v18_lambda=0.000 gpu=3.0/11.8GB
[18:25:31] [train] ep=24 step=020/40 ce=0.4004 sc=0.8083 mi=0.0690 dn=0.0000 v13=0.0000 grl=0.1917 v15=0.0000 v15r=0.0000 v16=0.0000 v17=0.0000 v18=0.0000 acc=0.9938 lr=2.68e-04 lambda=0.000 grl_lambda=0.825 v18_lambda=0.000 gpu=3.0/11.8GB
[18:25:37] [train] ep=24 step=030/40 ce=0.4254 sc=0.8564 mi=0.0689 dn=0.0000 v13=0.0000 grl=0.1903 v15=0.0000 v15r=0.0000 v16=0.0000 v17=0.0000 v18=0.0000 acc=0.9917 lr=2.67e-04 lambda=0.000 grl_lambda=0.829 v18_lambda=0.000 gpu=3.0/11.8GB
[18:25:43] [train] ep=24 step=040/40 ce=0.4252 sc=0.8410 mi=0.0679 dn=0.0000 v13=0.0000 grl=0.1822 v15=0.0000 v15r=0.0000 v16=0.0000 v17=0.0000 v18=0.0000 acc=0.9906 lr=2.67e-04 lambda=0.000 grl_lambda=0.833 v18_lambda=0.000 gpu=3.0/11.8GB
[18:26:06] [ep_summary] ep=24/100 val_live=0.9691/0.9694 val_ema=0.7901/0.7842 test77_live=0.7698/0.7601 test77_diag_ema=0.2194/0.1377 v13=0.0000 grl=0.1822 v15=0.0000 v15r=0.0000 v16=0.0000 v17=0.0000 v18=0.0000 das=stage2[10,50] p=0.70 ep_time=46.6s
[18:26:11] [save] best_sourceval_ema val_acc_ema=0.7901 source_val_live=0.9691/0.9694 source_val_ema=0.7901/0.7842 ep=24
[18:26:11] [train] epoch 25/100 steps=40 use_dann=0 das=stage3 f=[12.0,95.0] p=1.00 gpu=3.0/11.8GB
[18:26:11] [train] ep=25 step=001/40 ce=1.0500 sc=0.6368 mi=0.0969 dn=0.0000 v13=0.0000 grl=0.5317 v15=0.0000 v15r=0.0000 v16=0.0000 v17=0.0000 v18=0.0000 acc=0.9375 lr=2.67e-04 lambda=0.000 grl_lambda=0.834 v18_lambda=0.000 gpu=3.0/11.8GB
[18:26:16] [train] ep=25 step=010/40 ce=0.5056 sc=0.8505 mi=0.0825 dn=0.0000 v13=0.0000 grl=0.3465 v15=0.0000 v15r=0.0000 v16=0.0000 v17=0.0000 v18=0.0000 acc=0.9812 lr=2.66e-04 lambda=0.000 grl_lambda=0.837 v18_lambda=0.000 gpu=3.0/11.8GB
[18:26:22] [train] ep=25 step=020/40 ce=0.5229 sc=0.8378 mi=0.0773 dn=0.0000 v13=0.0000 grl=0.3246 v15=0.0000 v15r=0.0000 v16=0.0000 v17=0.0000 v18=0.0000 acc=0.9781 lr=2.65e-04 lambda=0.000 grl_lambda=0.841 v18_lambda=0.000 gpu=3.0/11.8GB
[18:26:28] [train] ep=25 step=030/40 ce=0.5613 sc=0.8710 mi=0.0762 dn=0.0000 v13=0.0000 grl=0.3262 v15=0.0000 v15r=0.0000 v16=0.0000 v17=0.0000 v18=0.0000 acc=0.9771 lr=2.64e-04 lambda=0.000 grl_lambda=0.844 v18_lambda=0.000 gpu=3.0/11.8GB
[18:26:34] [train] ep=25 step=040/40 ce=0.5465 sc=0.8432 mi=0.0748 dn=0.0000 v13=0.0000 grl=0.3216 v15=0.0000 v15r=0.0000 v16=0.0000 v17=0.0000 v18=0.0000 acc=0.9781 lr=2.64e-04 lambda=0.000 grl_lambda=0.848 v18_lambda=0.000 gpu=3.0/11.8GB
[18:26:52] [ep_summary] ep=25/100 val_live=0.9383/0.9385 val_ema=0.8025/0.7980 test77_live=0.8381/0.8355 test77_diag_ema=0.2374/0.1520 v13=0.0000 grl=0.3216 v15=0.0000 v15r=0.0000 v16=0.0000 v17=0.0000 v18=0.0000 das=stage3[12,95] p=1.00 ep_time=41.4s
[18:26:52] [save] best_sourceval_ema val_acc_ema=0.8025 source_val_live=0.9383/0.9385 source_val_ema=0.8025/0.7980 ep=25
[18:26:52] [train] epoch 26/100 steps=40 use_dann=0 das=stage3 f=[12.0,95.0] p=1.00 gpu=3.0/11.8GB
[18:26:53] [train] ep=26 step=001/40 ce=1.4002 sc=1.0709 mi=0.0632 dn=0.0000 v13=0.0000 grl=0.2896 v15=0.0000 v15r=0.0000 v16=0.0000 v17=0.0000 v18=0.0000 acc=0.9375 lr=2.64e-04 lambda=0.000 grl_lambda=0.848 v18_lambda=0.000 gpu=3.0/11.8GB
[18:26:58] [train] ep=26 step=010/40 ce=0.6590 sc=0.8454 mi=0.0687 dn=0.0000 v13=0.0000 grl=0.3231 v15=0.0000 v15r=0.0000 v16=0.0000 v17=0.0000 v18=0.0000 acc=0.9750 lr=2.63e-04 lambda=0.000 grl_lambda=0.851 v18_lambda=0.000 gpu=3.0/11.8GB
[18:27:04] [train] ep=26 step=020/40 ce=0.7156 sc=0.9131 mi=0.0707 dn=0.0000 v13=0.0000 grl=0.3274 v15=0.0000 v15r=0.0000 v16=0.0000 v17=0.0000 v18=0.0000 acc=0.9719 lr=2.62e-04 lambda=0.000 grl_lambda=0.855 v18_lambda=0.000 gpu=3.0/11.8GB
[18:27:10] [train] ep=26 step=030/40 ce=0.6905 sc=0.9105 mi=0.0701 dn=0.0000 v13=0.0000 grl=0.3163 v15=0.0000 v15r=0.0000 v16=0.0000 v17=0.0000 v18=0.0000 acc=0.9729 lr=2.61e-04 lambda=0.000 grl_lambda=0.858 v18_lambda=0.000 gpu=3.0/11.8GB
[18:27:15] [train] ep=26 step=040/40 ce=0.6919 sc=0.9062 mi=0.0699 dn=0.0000 v13=0.0000 grl=0.3136 v15=0.0000 v15r=0.0000 v16=0.0000 v17=0.0000 v18=0.0000 acc=0.9719 lr=2.60e-04 lambda=0.000 grl_lambda=0.861 v18_lambda=0.000 gpu=3.0/11.8GB
[18:27:43] [ep_summary] ep=26/100 val_live=0.9691/0.9692 val_ema=0.8333/0.8342 test77_live=0.8345/0.8325 test77_diag_ema=0.2446/0.1557 v13=0.0000 grl=0.3136 v15=0.0000 v15r=0.0000 v16=0.0000 v17=0.0000 v18=0.0000 das=stage3[12,95] p=1.00 ep_time=51.1s
[18:27:43] [save] best_sourceval_ema val_acc_ema=0.8333 source_val_live=0.9691/0.9692 source_val_ema=0.8333/0.8342 ep=26
[18:27:43] [train] epoch 27/100 steps=40 use_dann=0 das=stage3 f=[12.0,95.0] p=1.00 gpu=3.0/11.8GB
[18:27:44] [train] ep=27 step=001/40 ce=0.2872 sc=0.6523 mi=0.0721 dn=0.0000 v13=0.0000 grl=0.2010 v15=0.0000 v15r=0.0000 v16=0.0000 v17=0.0000 v18=0.0000 acc=1.0000 lr=2.60e-04 lambda=0.000 grl_lambda=0.862 v18_lambda=0.000 gpu=3.0/11.8GB
[18:27:49] [train] ep=27 step=010/40 ce=0.6267 sc=0.8103 mi=0.0697 dn=0.0000 v13=0.0000 grl=0.2673 v15=0.0000 v15r=0.0000 v16=0.0000 v17=0.0000 v18=0.0000 acc=0.9750 lr=2.60e-04 lambda=0.000 grl_lambda=0.865 v18_lambda=0.000 gpu=3.0/11.8GB
[18:27:55] [train] ep=27 step=020/40 ce=0.6791 sc=0.8676 mi=0.0712 dn=0.0000 v13=0.0000 grl=0.2886 v15=0.0000 v15r=0.0000 v16=0.0000 v17=0.0000 v18=0.0000 acc=0.9719 lr=2.59e-04 lambda=0.000 grl_lambda=0.868 v18_lambda=0.000 gpu=3.0/11.8GB
[18:28:01] [train] ep=27 step=030/40 ce=0.6686 sc=0.8824 mi=0.0707 dn=0.0000 v13=0.0000 grl=0.2911 v15=0.0000 v15r=0.0000 v16=0.0000 v17=0.0000 v18=0.0000 acc=0.9750 lr=2.58e-04 lambda=0.000 grl_lambda=0.871 v18_lambda=0.000 gpu=3.0/11.8GB
[18:28:06] [train] ep=27 step=040/40 ce=0.6067 sc=0.8537 mi=0.0701 dn=0.0000 v13=0.0000 grl=0.2827 v15=0.0000 v15r=0.0000 v16=0.0000 v17=0.0000 v18=0.0000 acc=0.9781 lr=2.57e-04 lambda=0.000 grl_lambda=0.874 v18_lambda=0.000 gpu=3.0/11.8GB
[18:28:16] [ep_summary] ep=27/100 val_live=0.9753/0.9757 val_ema=0.8580/0.8617 test77_live=0.8453/0.8416 test77_diag_ema=0.2698/0.1718 v13=0.0000 grl=0.2827 v15=0.0000 v15r=0.0000 v16=0.0000 v17=0.0000 v18=0.0000 das=stage3[12,95] p=1.00 ep_time=33.1s
[18:28:16] [save] best_sourceval_ema val_acc_ema=0.8580 source_val_live=0.9753/0.9757 source_val_ema=0.8580/0.8617 ep=27
[18:28:16] [train] epoch 28/100 steps=40 use_dann=0 das=stage3 f=[12.0,95.0] p=1.00 gpu=3.0/11.8GB
[18:28:17] [train] ep=28 step=001/40 ce=0.2793 sc=0.8912 mi=0.0738 dn=0.0000 v13=0.0000 grl=0.3301 v15=0.0000 v15r=0.0000 v16=0.0000 v17=0.0000 v18=0.0000 acc=1.0000 lr=2.57e-04 lambda=0.000 grl_lambda=0.874 v18_lambda=0.000 gpu=3.0/11.8GB
[18:28:22] [train] ep=28 step=010/40 ce=0.6570 sc=0.8756 mi=0.0727 dn=0.0000 v13=0.0000 grl=0.2850 v15=0.0000 v15r=0.0000 v16=0.0000 v17=0.0000 v18=0.0000 acc=0.9750 lr=2.56e-04 lambda=0.000 grl_lambda=0.877 v18_lambda=0.000 gpu=3.0/11.8GB
[18:28:28] [train] ep=28 step=020/40 ce=0.4726 sc=0.8183 mi=0.0706 dn=0.0000 v13=0.0000 grl=0.2736 v15=0.0000 v15r=0.0000 v16=0.0000 v17=0.0000 v18=0.0000 acc=0.9875 lr=2.55e-04 lambda=0.000 grl_lambda=0.880 v18_lambda=0.000 gpu=3.0/11.8GB
[18:28:34] [train] ep=28 step=030/40 ce=0.4576 sc=0.7793 mi=0.0701 dn=0.0000 v13=0.0000 grl=0.2647 v15=0.0000 v15r=0.0000 v16=0.0000 v17=0.0000 v18=0.0000 acc=0.9896 lr=2.54e-04 lambda=0.000 grl_lambda=0.882 v18_lambda=0.000 gpu=3.0/11.8GB
[18:28:39] [train] ep=28 step=040/40 ce=0.4519 sc=0.8132 mi=0.0696 dn=0.0000 v13=0.0000 grl=0.2654 v15=0.0000 v15r=0.0000 v16=0.0000 v17=0.0000 v18=0.0000 acc=0.9906 lr=2.54e-04 lambda=0.000 grl_lambda=0.885 v18_lambda=0.000 gpu=3.0/11.8GB
[18:28:51] [ep_summary] ep=28/100 val_live=0.9568/0.9565 val_ema=0.8765/0.8798 test77_live=0.8345/0.8332 test77_diag_ema=0.2734/0.1740 v13=0.0000 grl=0.2654 v15=0.0000 v15r=0.0000 v16=0.0000 v17=0.0000 v18=0.0000 das=stage3[12,95] p=1.00 ep_time=34.6s
[18:28:52] [save] best_sourceval_ema val_acc_ema=0.8765 source_val_live=0.9568/0.9565 source_val_ema=0.8765/0.8798 ep=28
[18:28:52] [train] epoch 29/100 steps=40 use_dann=0 das=stage3 f=[12.0,95.0] p=1.00 gpu=3.0/11.8GB
[18:28:53] [train] ep=29 step=001/40 ce=1.3838 sc=1.2611 mi=0.0603 dn=0.0000 v13=0.0000 grl=0.1424 v15=0.0000 v15r=0.0000 v16=0.0000 v17=0.0000 v18=0.0000 acc=0.9375 lr=2.53e-04 lambda=0.000 grl_lambda=0.885 v18_lambda=0.000 gpu=3.0/11.8GB
[18:28:58] [train] ep=29 step=010/40 ce=0.5735 sc=0.9117 mi=0.0690 dn=0.0000 v13=0.0000 grl=0.2478 v15=0.0000 v15r=0.0000 v16=0.0000 v17=0.0000 v18=0.0000 acc=0.9812 lr=2.53e-04 lambda=0.000 grl_lambda=0.888 v18_lambda=0.000 gpu=3.0/11.8GB
[18:29:04] [train] ep=29 step=020/40 ce=0.5656 sc=0.8936 mi=0.0672 dn=0.0000 v13=0.0000 grl=0.2527 v15=0.0000 v15r=0.0000 v16=0.0000 v17=0.0000 v18=0.0000 acc=0.9781 lr=2.52e-04 lambda=0.000 grl_lambda=0.890 v18_lambda=0.000 gpu=3.0/11.8GB
[18:29:10] [train] ep=29 step=030/40 ce=0.5428 sc=0.9379 mi=0.0691 dn=0.0000 v13=0.0000 grl=0.2470 v15=0.0000 v15r=0.0000 v16=0.0000 v17=0.0000 v18=0.0000 acc=0.9812 lr=2.51e-04 lambda=0.000 grl_lambda=0.893 v18_lambda=0.000 gpu=3.0/11.8GB
[18:29:16] [train] ep=29 step=040/40 ce=0.5670 sc=0.8999 mi=0.0695 dn=0.0000 v13=0.0000 grl=0.2518 v15=0.0000 v15r=0.0000 v16=0.0000 v17=0.0000 v18=0.0000 acc=0.9797 lr=2.50e-04 lambda=0.000 grl_lambda=0.895 v18_lambda=0.000 gpu=3.0/11.8GB
[18:29:29] [ep_summary] ep=29/100 val_live=0.9383/0.9361 val_ema=0.8889/0.8921 test77_live=0.7518/0.7059 test77_diag_ema=0.2806/0.1849 v13=0.0000 grl=0.2518 v15=0.0000 v15r=0.0000 v16=0.0000 v17=0.0000 v18=0.0000 das=stage3[12,95] p=1.00 ep_time=36.6s
[18:29:29] [save] best_sourceval_ema val_acc_ema=0.8889 source_val_live=0.9383/0.9361 source_val_ema=0.8889/0.8921 ep=29
[18:29:29] [train] epoch 30/100 steps=40 use_dann=0 das=stage3 f=[12.0,95.0] p=1.00 gpu=3.0/11.8GB
[18:29:30] [train] ep=30 step=001/40 ce=0.4970 sc=0.9381 mi=0.0690 dn=0.0000 v13=0.0000 grl=0.2460 v15=0.0000 v15r=0.0000 v16=0.0000 v17=0.0000 v18=0.0000 acc=1.0000 lr=2.50e-04 lambda=0.000 grl_lambda=0.896 v18_lambda=0.000 gpu=3.0/11.8GB
[18:29:35] [train] ep=30 step=010/40 ce=0.4742 sc=0.8689 mi=0.0685 dn=0.0000 v13=0.0000 grl=0.2350 v15=0.0000 v15r=0.0000 v16=0.0000 v17=0.0000 v18=0.0000 acc=0.9938 lr=2.49e-04 lambda=0.000 grl_lambda=0.898 v18_lambda=0.000 gpu=3.0/11.8GB
[18:29:41] [train] ep=30 step=020/40 ce=0.4842 sc=0.8992 mi=0.0682 dn=0.0000 v13=0.0000 grl=0.2311 v15=0.0000 v15r=0.0000 v16=0.0000 v17=0.0000 v18=0.0000 acc=0.9906 lr=2.48e-04 lambda=0.000 grl_lambda=0.900 v18_lambda=0.000 gpu=3.0/11.8GB
[18:29:46] [train] ep=30 step=030/40 ce=0.4227 sc=0.8973 mi=0.0675 dn=0.0000 v13=0.0000 grl=0.2408 v15=0.0000 v15r=0.0000 v16=0.0000 v17=0.0000 v18=0.0000 acc=0.9938 lr=2.47e-04 lambda=0.000 grl_lambda=0.903 v18_lambda=0.000 gpu=3.0/11.8GB
[18:29:52] [train] ep=30 step=040/40 ce=0.3962 sc=0.8731 mi=0.0675 dn=0.0000 v13=0.0000 grl=0.2408 v15=0.0000 v15r=0.0000 v16=0.0000 v17=0.0000 v18=0.0000 acc=0.9953 lr=2.46e-04 lambda=0.000 grl_lambda=0.905 v18_lambda=0.000 gpu=3.0/11.8GB
[18:30:02] [pool] check ep=030/100 source_val_acc_ema=0.9012 threshold=0.90
[18:30:07] [pool] ep=030 ADDED src_val=0.9012/0.9035 dev77=0.3000/0.2241 final77=0.3022/0.2138
[18:30:07] [pool] running best ep=030 dev77_f1=0.2241 final77_f1=0.2138 (pool_size=1)
[18:30:07] [ep_summary] ep=30/100 val_live=0.9691/0.9690 val_ema=0.9012/0.9035 test77_live=0.8058/0.8042 test77_diag_ema=0.3022/0.2138 v13=0.0000 grl=0.2408 v15=0.0000 v15r=0.0000 v16=0.0000 v17=0.0000 v18=0.0000 das=stage3[12,95] p=1.00 ep_time=38.3s
[18:30:07] [save] best_sourceval_ema val_acc_ema=0.9012 source_val_live=0.9691/0.9690 source_val_ema=0.9012/0.9035 ep=30
[18:30:07] [save] best_sourcequalified77_ema ep=30 source_val_live=0.9691/0.9690 source_val_ema=0.9012/0.9035 test77_ema=0.3022/0.2138
[18:30:07] [strict77_monitor] ep=30 best_source_epoch=30 source_val_ema=0.9012/0.9035 test77_ema_diag=0.3022/0.2138 sourcequalified_count=1 best_sourcequalified77_epoch=30 source_val_ema=0.9012/0.9035 test77_ema=0.3022/0.2138
[18:30:07] [train] epoch 31/100 steps=40 use_dann=0 das=stage3 f=[12.0,95.0] p=1.00 gpu=3.0/11.8GB
[18:30:08] [train] ep=31 step=001/40 ce=1.2051 sc=0.8694 mi=0.0837 dn=0.0000 v13=0.0000 grl=0.2853 v15=0.0000 v15r=0.0000 v16=0.0000 v17=0.0000 v18=0.0000 acc=0.9375 lr=2.46e-04 lambda=0.000 grl_lambda=0.905 v18_lambda=0.000 gpu=3.0/11.8GB
[18:30:13] [train] ep=31 step=010/40 ce=0.3864 sc=0.7651 mi=0.0690 dn=0.0000 v13=0.0000 grl=0.2372 v15=0.0000 v15r=0.0000 v16=0.0000 v17=0.0000 v18=0.0000 acc=0.9938 lr=2.45e-04 lambda=0.000 grl_lambda=0.907 v18_lambda=0.000 gpu=3.0/11.8GB
[18:30:19] [train] ep=31 step=020/40 ce=0.3842 sc=0.7895 mi=0.0691 dn=0.0000 v13=0.0000 grl=0.2680 v15=0.0000 v15r=0.0000 v16=0.0000 v17=0.0000 v18=0.0000 acc=0.9906 lr=2.44e-04 lambda=0.000 grl_lambda=0.909 v18_lambda=0.000 gpu=3.0/11.8GB
[18:30:25] [train] ep=31 step=030/40 ce=0.3499 sc=0.7893 mi=0.0690 dn=0.0000 v13=0.0000 grl=0.2628 v15=0.0000 v15r=0.0000 v16=0.0000 v17=0.0000 v18=0.0000 acc=0.9938 lr=2.43e-04 lambda=0.000 grl_lambda=0.911 v18_lambda=0.000 gpu=3.0/11.8GB
[18:30:30] [train] ep=31 step=040/40 ce=0.3311 sc=0.7734 mi=0.0688 dn=0.0000 v13=0.0000 grl=0.2568 v15=0.0000 v15r=0.0000 v16=0.0000 v17=0.0000 v18=0.0000 acc=0.9953 lr=2.43e-04 lambda=0.000 grl_lambda=0.914 v18_lambda=0.000 gpu=3.0/11.8GB
[18:30:40] [ep_summary] ep=31/100 val_live=0.9568/0.9578 val_ema=0.9198/0.9214 test77_live=0.8094/0.8042 test77_diag_ema=0.3094/0.2256 v13=0.0000 grl=0.2568 v15=0.0000 v15r=0.0000 v16=0.0000 v17=0.0000 v18=0.0000 das=stage3[12,95] p=1.00 ep_time=33.0s
[18:30:40] [save] best_sourceval_ema val_acc_ema=0.9198 source_val_live=0.9568/0.9578 source_val_ema=0.9198/0.9214 ep=31
[18:30:40] [save] best_sourcequalified77_ema ep=31 source_val_live=0.9568/0.9578 source_val_ema=0.9198/0.9214 test77_ema=0.3094/0.2256
[18:30:40] [train] epoch 32/100 steps=40 use_dann=0 das=stage3 f=[12.0,95.0] p=1.00 gpu=3.0/11.8GB
[18:30:41] [train] ep=32 step=001/40 ce=0.2673 sc=0.6271 mi=0.0569 dn=0.0000 v13=0.0000 grl=0.1307 v15=0.0000 v15r=0.0000 v16=0.0000 v17=0.0000 v18=0.0000 acc=1.0000 lr=2.42e-04 lambda=0.000 grl_lambda=0.914 v18_lambda=0.000 gpu=3.0/11.8GB
[18:30:46] [train] ep=32 step=010/40 ce=0.3583 sc=0.8200 mi=0.0692 dn=0.0000 v13=0.0000 grl=0.2723 v15=0.0000 v15r=0.0000 v16=0.0000 v17=0.0000 v18=0.0000 acc=0.9938 lr=2.42e-04 lambda=0.000 grl_lambda=0.916 v18_lambda=0.000 gpu=3.0/11.8GB
[18:30:52] [train] ep=32 step=020/40 ce=0.3509 sc=0.7480 mi=0.0702 dn=0.0000 v13=0.0000 grl=0.2649 v15=0.0000 v15r=0.0000 v16=0.0000 v17=0.0000 v18=0.0000 acc=0.9938 lr=2.41e-04 lambda=0.000 grl_lambda=0.918 v18_lambda=0.000 gpu=3.0/11.8GB
[18:30:58] [train] ep=32 step=030/40 ce=0.3591 sc=0.7350 mi=0.0715 dn=0.0000 v13=0.0000 grl=0.2794 v15=0.0000 v15r=0.0000 v16=0.0000 v17=0.0000 v18=0.0000 acc=0.9938 lr=2.40e-04 lambda=0.000 grl_lambda=0.920 v18_lambda=0.000 gpu=3.0/11.8GB
[18:31:03] [train] ep=32 step=040/40 ce=0.4224 sc=0.7859 mi=0.0703 dn=0.0000 v13=0.0000 grl=0.2781 v15=0.0000 v15r=0.0000 v16=0.0000 v17=0.0000 v18=0.0000 acc=0.9906 lr=2.39e-04 lambda=0.000 grl_lambda=0.921 v18_lambda=0.000 gpu=3.0/11.8GB
[18:31:13] [ep_summary] ep=32/100 val_live=0.9568/0.9563 val_ema=0.9198/0.9224 test77_live=0.7626/0.7535 test77_diag_ema=0.3237/0.2442 v13=0.0000 grl=0.2781 v15=0.0000 v15r=0.0000 v16=0.0000 v17=0.0000 v18=0.0000 das=stage3[12,95] p=1.00 ep_time=33.1s
[18:31:14] [save] best_sourcequalified77_ema ep=32 source_val_live=0.9568/0.9563 source_val_ema=0.9198/0.9224 test77_ema=0.3237/0.2442
[18:31:14] [train] epoch 33/100 steps=40 use_dann=0 das=stage3 f=[12.0,95.0] p=1.00 gpu=3.0/11.8GB
[18:31:14] [train] ep=33 step=001/40 ce=1.6535 sc=1.4858 mi=0.0782 dn=0.0000 v13=0.0000 grl=0.1186 v15=0.0000 v15r=0.0000 v16=0.0000 v17=0.0000 v18=0.0000 acc=0.9375 lr=2.39e-04 lambda=0.000 grl_lambda=0.922 v18_lambda=0.000 gpu=3.0/11.8GB
[18:31:19] [train] ep=33 step=010/40 ce=0.5425 sc=0.8817 mi=0.0716 dn=0.0000 v13=0.0000 grl=0.2427 v15=0.0000 v15r=0.0000 v16=0.0000 v17=0.0000 v18=0.0000 acc=0.9875 lr=2.38e-04 lambda=0.000 grl_lambda=0.923 v18_lambda=0.000 gpu=3.0/11.8GB
[18:31:25] [train] ep=33 step=020/40 ce=0.4429 sc=0.8139 mi=0.0711 dn=0.0000 v13=0.0000 grl=0.2522 v15=0.0000 v15r=0.0000 v16=0.0000 v17=0.0000 v18=0.0000 acc=0.9906 lr=2.37e-04 lambda=0.000 grl_lambda=0.925 v18_lambda=0.000 gpu=3.0/11.8GB
[18:31:31] [train] ep=33 step=030/40 ce=0.3932 sc=0.8127 mi=0.0689 dn=0.0000 v13=0.0000 grl=0.2536 v15=0.0000 v15r=0.0000 v16=0.0000 v17=0.0000 v18=0.0000 acc=0.9938 lr=2.36e-04 lambda=0.000 grl_lambda=0.927 v18_lambda=0.000 gpu=3.0/11.8GB
[18:31:37] [train] ep=33 step=040/40 ce=0.4020 sc=0.8250 mi=0.0681 dn=0.0000 v13=0.0000 grl=0.2489 v15=0.0000 v15r=0.0000 v16=0.0000 v17=0.0000 v18=0.0000 acc=0.9922 lr=2.35e-04 lambda=0.000 grl_lambda=0.929 v18_lambda=0.000 gpu=3.0/11.8GB
[18:31:47] [ep_summary] ep=33/100 val_live=0.9691/0.9695 val_ema=0.9259/0.9280 test77_live=0.8309/0.8283 test77_diag_ema=0.3525/0.2770 v13=0.0000 grl=0.2489 v15=0.0000 v15r=0.0000 v16=0.0000 v17=0.0000 v18=0.0000 das=stage3[12,95] p=1.00 ep_time=33.1s
[18:31:47] [save] best_sourceval_ema val_acc_ema=0.9259 source_val_live=0.9691/0.9695 source_val_ema=0.9259/0.9280 ep=33
[18:31:47] [save] best_sourcequalified77_ema ep=33 source_val_live=0.9691/0.9695 source_val_ema=0.9259/0.9280 test77_ema=0.3525/0.2770
[18:31:47] [train] epoch 34/100 steps=40 use_dann=0 das=stage3 f=[12.0,95.0] p=1.00 gpu=3.0/11.8GB
[18:31:47] [train] ep=34 step=001/40 ce=0.2658 sc=0.4373 mi=0.0686 dn=0.0000 v13=0.0000 grl=0.2419 v15=0.0000 v15r=0.0000 v16=0.0000 v17=0.0000 v18=0.0000 acc=1.0000 lr=2.35e-04 lambda=0.000 grl_lambda=0.929 v18_lambda=0.000 gpu=3.0/11.8GB
[18:31:53] [train] ep=34 step=010/40 ce=0.3327 sc=0.9509 mi=0.0693 dn=0.0000 v13=0.0000 grl=0.2789 v15=0.0000 v15r=0.0000 v16=0.0000 v17=0.0000 v18=0.0000 acc=0.9938 lr=2.34e-04 lambda=0.000 grl_lambda=0.930 v18_lambda=0.000 gpu=3.0/11.8GB
[18:31:58] [train] ep=34 step=020/40 ce=0.3564 sc=0.8690 mi=0.0689 dn=0.0000 v13=0.0000 grl=0.2754 v15=0.0000 v15r=0.0000 v16=0.0000 v17=0.0000 v18=0.0000 acc=0.9938 lr=2.33e-04 lambda=0.000 grl_lambda=0.932 v18_lambda=0.000 gpu=3.0/11.8GB
[18:32:04] [train] ep=34 step=030/40 ce=0.3628 sc=0.8392 mi=0.0696 dn=0.0000 v13=0.0000 grl=0.2812 v15=0.0000 v15r=0.0000 v16=0.0000 v17=0.0000 v18=0.0000 acc=0.9938 lr=2.32e-04 lambda=0.000 grl_lambda=0.934 v18_lambda=0.000 gpu=3.0/11.8GB
[18:32:10] [train] ep=34 step=040/40 ce=0.3966 sc=0.8601 mi=0.0702 dn=0.0000 v13=0.0000 grl=0.2884 v15=0.0000 v15r=0.0000 v16=0.0000 v17=0.0000 v18=0.0000 acc=0.9906 lr=2.31e-04 lambda=0.000 grl_lambda=0.935 v18_lambda=0.000 gpu=3.0/11.8GB
[18:32:20] [ep_summary] ep=34/100 val_live=0.9568/0.9562 val_ema=0.9444/0.9451 test77_live=0.8237/0.8238 test77_diag_ema=0.3561/0.2793 v13=0.0000 grl=0.2884 v15=0.0000 v15r=0.0000 v16=0.0000 v17=0.0000 v18=0.0000 das=stage3[12,95] p=1.00 ep_time=33.0s
[18:32:20] [save] best_sourceval_ema val_acc_ema=0.9444 source_val_live=0.9568/0.9562 source_val_ema=0.9444/0.9451 ep=34
[18:32:20] [save] best_sourcequalified77_ema ep=34 source_val_live=0.9568/0.9562 source_val_ema=0.9444/0.9451 test77_ema=0.3561/0.2793
[18:32:20] [train] epoch 35/100 steps=40 use_dann=0 das=stage3 f=[12.0,95.0] p=1.00 gpu=3.0/11.8GB
[18:32:20] [train] ep=35 step=001/40 ce=1.2807 sc=1.3165 mi=0.0645 dn=0.0000 v13=0.0000 grl=0.3333 v15=0.0000 v15r=0.0000 v16=0.0000 v17=0.0000 v18=0.0000 acc=0.9375 lr=2.31e-04 lambda=0.000 grl_lambda=0.935 v18_lambda=0.000 gpu=3.0/11.8GB
[18:32:26] [train] ep=35 step=010/40 ce=0.6819 sc=0.9147 mi=0.0696 dn=0.0000 v13=0.0000 grl=0.2563 v15=0.0000 v15r=0.0000 v16=0.0000 v17=0.0000 v18=0.0000 acc=0.9688 lr=2.30e-04 lambda=0.000 grl_lambda=0.937 v18_lambda=0.000 gpu=3.0/11.8GB
[18:32:31] [train] ep=35 step=020/40 ce=0.7323 sc=0.9185 mi=0.0686 dn=0.0000 v13=0.0000 grl=0.2382 v15=0.0000 v15r=0.0000 v16=0.0000 v17=0.0000 v18=0.0000 acc=0.9688 lr=2.29e-04 lambda=0.000 grl_lambda=0.938 v18_lambda=0.000 gpu=3.0/11.8GB
[18:32:37] [train] ep=35 step=030/40 ce=0.7124 sc=0.9108 mi=0.0703 dn=0.0000 v13=0.0000 grl=0.2511 v15=0.0000 v15r=0.0000 v16=0.0000 v17=0.0000 v18=0.0000 acc=0.9667 lr=2.28e-04 lambda=0.000 grl_lambda=0.940 v18_lambda=0.000 gpu=3.0/11.8GB
[18:32:43] [train] ep=35 step=040/40 ce=0.6526 sc=0.9031 mi=0.0702 dn=0.0000 v13=0.0000 grl=0.2505 v15=0.0000 v15r=0.0000 v16=0.0000 v17=0.0000 v18=0.0000 acc=0.9719 lr=2.27e-04 lambda=0.000 grl_lambda=0.941 v18_lambda=0.000 gpu=3.0/11.8GB
[18:32:53] [ep_summary] ep=35/100 val_live=0.9630/0.9639 val_ema=0.9444/0.9451 test77_live=0.8022/0.8038 test77_diag_ema=0.3885/0.3166 v13=0.0000 grl=0.2505 v15=0.0000 v15r=0.0000 v16=0.0000 v17=0.0000 v18=0.0000 das=stage3[12,95] p=1.00 ep_time=33.0s
[18:32:53] [save] best_sourcequalified77_ema ep=35 source_val_live=0.9630/0.9639 source_val_ema=0.9444/0.9451 test77_ema=0.3885/0.3166
[18:32:53] [train] epoch 36/100 steps=40 use_dann=0 das=stage3 f=[12.0,95.0] p=1.00 gpu=3.0/11.8GB
[18:32:54] [train] ep=36 step=001/40 ce=0.2858 sc=0.8550 mi=0.0618 dn=0.0000 v13=0.0000 grl=0.2980 v15=0.0000 v15r=0.0000 v16=0.0000 v17=0.0000 v18=0.0000 acc=1.0000 lr=2.26e-04 lambda=0.000 grl_lambda=0.941 v18_lambda=0.000 gpu=3.0/11.8GB
[18:32:59] [train] ep=36 step=010/40 ce=0.5048 sc=0.7842 mi=0.0681 dn=0.0000 v13=0.0000 grl=0.2498 v15=0.0000 v15r=0.0000 v16=0.0000 v17=0.0000 v18=0.0000 acc=0.9875 lr=2.25e-04 lambda=0.000 grl_lambda=0.943 v18_lambda=0.000 gpu=3.0/11.8GB
[18:33:04] [train] ep=36 step=020/40 ce=0.5289 sc=0.7977 mi=0.0667 dn=0.0000 v13=0.0000 grl=0.2715 v15=0.0000 v15r=0.0000 v16=0.0000 v17=0.0000 v18=0.0000 acc=0.9844 lr=2.24e-04 lambda=0.000 grl_lambda=0.944 v18_lambda=0.000 gpu=3.0/11.8GB
[18:33:10] [train] ep=36 step=030/40 ce=0.4818 sc=0.8129 mi=0.0659 dn=0.0000 v13=0.0000 grl=0.2650 v15=0.0000 v15r=0.0000 v16=0.0000 v17=0.0000 v18=0.0000 acc=0.9875 lr=2.23e-04 lambda=0.000 grl_lambda=0.945 v18_lambda=0.000 gpu=3.0/11.8GB
[18:33:16] [train] ep=36 step=040/40 ce=0.4749 sc=0.7850 mi=0.0668 dn=0.0000 v13=0.0000 grl=0.2661 v15=0.0000 v15r=0.0000 v16=0.0000 v17=0.0000 v18=0.0000 acc=0.9859 lr=2.22e-04 lambda=0.000 grl_lambda=0.947 v18_lambda=0.000 gpu=3.0/11.8GB
[18:33:26] [ep_summary] ep=36/100 val_live=0.9198/0.9191 val_ema=0.9444/0.9451 test77_live=0.8058/0.7978 test77_diag_ema=0.4065/0.3339 v13=0.0000 grl=0.2661 v15=0.0000 v15r=0.0000 v16=0.0000 v17=0.0000 v18=0.0000 das=stage3[12,95] p=1.00 ep_time=33.0s
[18:33:26] [save] best_sourcequalified77_ema ep=36 source_val_live=0.9198/0.9191 source_val_ema=0.9444/0.9451 test77_ema=0.4065/0.3339
[18:33:26] [train] epoch 37/100 steps=40 use_dann=0 das=stage3 f=[12.0,95.0] p=1.00 gpu=3.0/11.8GB
[18:33:27] [train] ep=37 step=001/40 ce=0.2959 sc=0.8452 mi=0.0774 dn=0.0000 v13=0.0000 grl=0.2232 v15=0.0000 v15r=0.0000 v16=0.0000 v17=0.0000 v18=0.0000 acc=1.0000 lr=2.22e-04 lambda=0.000 grl_lambda=0.947 v18_lambda=0.000 gpu=3.0/11.8GB
[18:33:32] [train] ep=37 step=010/40 ce=0.4160 sc=0.8288 mi=0.0681 dn=0.0000 v13=0.0000 grl=0.2208 v15=0.0000 v15r=0.0000 v16=0.0000 v17=0.0000 v18=0.0000 acc=0.9938 lr=2.21e-04 lambda=0.000 grl_lambda=0.948 v18_lambda=0.000 gpu=3.0/11.8GB
[18:33:38] [train] ep=37 step=020/40 ce=0.4148 sc=0.8620 mi=0.0677 dn=0.0000 v13=0.0000 grl=0.2212 v15=0.0000 v15r=0.0000 v16=0.0000 v17=0.0000 v18=0.0000 acc=0.9906 lr=2.20e-04 lambda=0.000 grl_lambda=0.949 v18_lambda=0.000 gpu=3.0/11.8GB
[18:33:43] [train] ep=37 step=030/40 ce=0.4410 sc=0.8340 mi=0.0668 dn=0.0000 v13=0.0000 grl=0.2300 v15=0.0000 v15r=0.0000 v16=0.0000 v17=0.0000 v18=0.0000 acc=0.9896 lr=2.19e-04 lambda=0.000 grl_lambda=0.950 v18_lambda=0.000 gpu=3.0/11.8GB
[18:33:49] [train] ep=37 step=040/40 ce=0.4179 sc=0.8375 mi=0.0667 dn=0.0000 v13=0.0000 grl=0.2431 v15=0.0000 v15r=0.0000 v16=0.0000 v17=0.0000 v18=0.0000 acc=0.9906 lr=2.18e-04 lambda=0.000 grl_lambda=0.952 v18_lambda=0.000 gpu=3.0/11.8GB
[18:33:59] [ep_summary] ep=37/100 val_live=0.9630/0.9639 val_ema=0.9444/0.9451 test77_live=0.8453/0.8458 test77_diag_ema=0.4245/0.3543 v13=0.0000 grl=0.2431 v15=0.0000 v15r=0.0000 v16=0.0000 v17=0.0000 v18=0.0000 das=stage3[12,95] p=1.00 ep_time=33.1s
[18:33:59] [save] best_sourcequalified77_ema ep=37 source_val_live=0.9630/0.9639 source_val_ema=0.9444/0.9451 test77_ema=0.4245/0.3543
[18:33:59] [train] epoch 38/100 steps=40 use_dann=0 das=stage3 f=[12.0,95.0] p=1.00 gpu=3.0/11.8GB
[18:34:00] [train] ep=38 step=001/40 ce=0.2767 sc=0.4810 mi=0.0621 dn=0.0000 v13=0.0000 grl=0.2332 v15=0.0000 v15r=0.0000 v16=0.0000 v17=0.0000 v18=0.0000 acc=1.0000 lr=2.18e-04 lambda=0.000 grl_lambda=0.952 v18_lambda=0.000 gpu=3.0/11.8GB
[18:34:05] [train] ep=38 step=010/40 ce=0.3052 sc=0.7813 mi=0.0616 dn=0.0000 v13=0.0000 grl=0.2397 v15=0.0000 v15r=0.0000 v16=0.0000 v17=0.0000 v18=0.0000 acc=1.0000 lr=2.17e-04 lambda=0.000 grl_lambda=0.953 v18_lambda=0.000 gpu=3.0/11.8GB
[18:34:11] [train] ep=38 step=020/40 ce=0.3688 sc=0.8125 mi=0.0628 dn=0.0000 v13=0.0000 grl=0.2231 v15=0.0000 v15r=0.0000 v16=0.0000 v17=0.0000 v18=0.0000 acc=0.9906 lr=2.16e-04 lambda=0.000 grl_lambda=0.954 v18_lambda=0.000 gpu=3.0/11.8GB
[18:34:16] [train] ep=38 step=030/40 ce=0.4278 sc=0.7893 mi=0.0638 dn=0.0000 v13=0.0000 grl=0.2264 v15=0.0000 v15r=0.0000 v16=0.0000 v17=0.0000 v18=0.0000 acc=0.9875 lr=2.15e-04 lambda=0.000 grl_lambda=0.955 v18_lambda=0.000 gpu=3.0/11.8GB
[18:34:22] [train] ep=38 step=040/40 ce=0.4185 sc=0.7944 mi=0.0648 dn=0.0000 v13=0.0000 grl=0.2390 v15=0.0000 v15r=0.0000 v16=0.0000 v17=0.0000 v18=0.0000 acc=0.9875 lr=2.14e-04 lambda=0.000 grl_lambda=0.956 v18_lambda=0.000 gpu=3.0/11.8GB
[18:35:05] [ep_summary] ep=38/100 val_live=0.9630/0.9631 val_ema=0.9444/0.9451 test77_live=0.8094/0.8021 test77_diag_ema=0.4424/0.3697 v13=0.0000 grl=0.2390 v15=0.0000 v15r=0.0000 v16=0.0000 v17=0.0000 v18=0.0000 das=stage3[12,95] p=1.00 ep_time=65.4s
[18:35:52] [save] best_sourcequalified77_ema ep=38 source_val_live=0.9630/0.9631 source_val_ema=0.9444/0.9451 test77_ema=0.4424/0.3697
[18:35:52] [train] epoch 39/100 steps=40 use_dann=0 das=stage3 f=[12.0,95.0] p=1.00 gpu=3.0/11.8GB
[18:35:53] [train] ep=39 step=001/40 ce=0.2651 sc=0.7913 mi=0.0730 dn=0.0000 v13=0.0000 grl=0.2363 v15=0.0000 v15r=0.0000 v16=0.0000 v17=0.0000 v18=0.0000 acc=1.0000 lr=2.14e-04 lambda=0.000 grl_lambda=0.956 v18_lambda=0.000 gpu=3.0/11.8GB
[18:35:58] [train] ep=39 step=010/40 ce=0.3257 sc=0.8349 mi=0.0683 dn=0.0000 v13=0.0000 grl=0.2437 v15=0.0000 v15r=0.0000 v16=0.0000 v17=0.0000 v18=0.0000 acc=0.9938 lr=2.13e-04 lambda=0.000 grl_lambda=0.957 v18_lambda=0.000 gpu=3.0/11.8GB
[18:36:04] [train] ep=39 step=020/40 ce=0.3206 sc=0.7666 mi=0.0675 dn=0.0000 v13=0.0000 grl=0.2521 v15=0.0000 v15r=0.0000 v16=0.0000 v17=0.0000 v18=0.0000 acc=0.9969 lr=2.11e-04 lambda=0.000 grl_lambda=0.958 v18_lambda=0.000 gpu=3.0/11.8GB
[18:36:09] [train] ep=39 step=030/40 ce=0.3408 sc=0.7610 mi=0.0673 dn=0.0000 v13=0.0000 grl=0.2380 v15=0.0000 v15r=0.0000 v16=0.0000 v17=0.0000 v18=0.0000 acc=0.9958 lr=2.10e-04 lambda=0.000 grl_lambda=0.959 v18_lambda=0.000 gpu=3.0/11.8GB
[18:36:15] [train] ep=39 step=040/40 ce=0.3401 sc=0.7611 mi=0.0672 dn=0.0000 v13=0.0000 grl=0.2388 v15=0.0000 v15r=0.0000 v16=0.0000 v17=0.0000 v18=0.0000 acc=0.9969 lr=2.09e-04 lambda=0.000 grl_lambda=0.960 v18_lambda=0.000 gpu=3.0/11.8GB
[18:36:34] [ep_summary] ep=39/100 val_live=0.9753/0.9757 val_ema=0.9444/0.9451 test77_live=0.8489/0.8494 test77_diag_ema=0.4676/0.3943 v13=0.0000 grl=0.2388 v15=0.0000 v15r=0.0000 v16=0.0000 v17=0.0000 v18=0.0000 das=stage3[12,95] p=1.00 ep_time=41.9s
[18:36:34] [save] best_sourcequalified77_ema ep=39 source_val_live=0.9753/0.9757 source_val_ema=0.9444/0.9451 test77_ema=0.4676/0.3943
[18:36:34] [train] epoch 40/100 steps=40 use_dann=0 das=stage3 f=[12.0,95.0] p=1.00 gpu=3.0/11.8GB
[18:36:34] [train] ep=40 step=001/40 ce=0.2667 sc=1.0012 mi=0.0702 dn=0.0000 v13=0.0000 grl=0.3234 v15=0.0000 v15r=0.0000 v16=0.0000 v17=0.0000 v18=0.0000 acc=1.0000 lr=2.09e-04 lambda=0.000 grl_lambda=0.960 v18_lambda=0.000 gpu=3.0/11.8GB
[18:36:39] [train] ep=40 step=010/40 ce=0.4368 sc=0.8341 mi=0.0721 dn=0.0000 v13=0.0000 grl=0.2853 v15=0.0000 v15r=0.0000 v16=0.0000 v17=0.0000 v18=0.0000 acc=0.9812 lr=2.08e-04 lambda=0.000 grl_lambda=0.961 v18_lambda=0.000 gpu=3.0/11.8GB
[18:36:45] [train] ep=40 step=020/40 ce=0.3809 sc=0.7908 mi=0.0720 dn=0.0000 v13=0.0000 grl=0.2555 v15=0.0000 v15r=0.0000 v16=0.0000 v17=0.0000 v18=0.0000 acc=0.9875 lr=2.07e-04 lambda=0.000 grl_lambda=0.962 v18_lambda=0.000 gpu=3.0/11.8GB
[18:36:51] [train] ep=40 step=030/40 ce=0.3794 sc=0.8074 mi=0.0719 dn=0.0000 v13=0.0000 grl=0.2430 v15=0.0000 v15r=0.0000 v16=0.0000 v17=0.0000 v18=0.0000 acc=0.9896 lr=2.06e-04 lambda=0.000 grl_lambda=0.963 v18_lambda=0.000 gpu=3.0/11.8GB
[18:36:57] [train] ep=40 step=040/40 ce=0.3906 sc=0.8272 mi=0.0708 dn=0.0000 v13=0.0000 grl=0.2425 v15=0.0000 v15r=0.0000 v16=0.0000 v17=0.0000 v18=0.0000 acc=0.9906 lr=2.05e-04 lambda=0.000 grl_lambda=0.964 v18_lambda=0.000 gpu=3.0/11.8GB
[18:37:06] [pool] check ep=040/100 source_val_acc_ema=0.9444 threshold=0.90
[18:37:11] [pool] ep=040 ADDED src_val=0.9444/0.9451 dev77=0.5000/0.4160 final77=0.5036/0.4412
[18:37:11] [pool] running best ep=040 dev77_f1=0.4160 final77_f1=0.4412 (pool_size=2)
[18:37:11] [ep_summary] ep=40/100 val_live=0.9753/0.9757 val_ema=0.9444/0.9451 test77_live=0.8165/0.8102 test77_diag_ema=0.5036/0.4412 v13=0.0000 grl=0.2425 v15=0.0000 v15r=0.0000 v16=0.0000 v17=0.0000 v18=0.0000 das=stage3[12,95] p=1.00 ep_time=37.7s
[18:37:11] [save] best_sourcequalified77_ema ep=40 source_val_live=0.9753/0.9757 source_val_ema=0.9444/0.9451 test77_ema=0.5036/0.4412
[18:37:11] [strict77_monitor] ep=40 best_source_epoch=34 source_val_ema=0.9444/0.9451 test77_ema_diag=0.3561/0.2793 sourcequalified_count=11 best_sourcequalified77_epoch=40 source_val_ema=0.9444/0.9451 test77_ema=0.5036/0.4412
[18:37:11] [train] epoch 41/100 steps=40 use_dann=0 das=stage3 f=[12.0,95.0] p=1.00 gpu=3.0/11.8GB
[18:37:12] [train] ep=41 step=001/40 ce=0.2643 sc=0.7666 mi=0.0740 dn=0.0000 v13=0.0000 grl=0.3540 v15=0.0000 v15r=0.0000 v16=0.0000 v17=0.0000 v18=0.0000 acc=1.0000 lr=2.05e-04 lambda=0.000 grl_lambda=0.964 v18_lambda=0.000 gpu=3.0/11.8GB
[18:37:17] [train] ep=41 step=010/40 ce=0.3326 sc=0.9356 mi=0.0683 dn=0.0000 v13=0.0000 grl=0.2575 v15=0.0000 v15r=0.0000 v16=0.0000 v17=0.0000 v18=0.0000 acc=1.0000 lr=2.04e-04 lambda=0.000 grl_lambda=0.965 v18_lambda=0.000 gpu=3.0/11.8GB
[18:37:23] [train] ep=41 step=020/40 ce=0.3108 sc=0.8186 mi=0.0695 dn=0.0000 v13=0.0000 grl=0.2703 v15=0.0000 v15r=0.0000 v16=0.0000 v17=0.0000 v18=0.0000 acc=1.0000 lr=2.02e-04 lambda=0.000 grl_lambda=0.966 v18_lambda=0.000 gpu=3.0/11.8GB
[18:37:29] [train] ep=41 step=030/40 ce=0.2999 sc=0.8407 mi=0.0692 dn=0.0000 v13=0.0000 grl=0.2675 v15=0.0000 v15r=0.0000 v16=0.0000 v17=0.0000 v18=0.0000 acc=1.0000 lr=2.01e-04 lambda=0.000 grl_lambda=0.967 v18_lambda=0.000 gpu=3.0/11.8GB
[18:37:34] [train] ep=41 step=040/40 ce=0.3066 sc=0.7982 mi=0.0685 dn=0.0000 v13=0.0000 grl=0.2629 v15=0.0000 v15r=0.0000 v16=0.0000 v17=0.0000 v18=0.0000 acc=0.9984 lr=2.00e-04 lambda=0.000 grl_lambda=0.967 v18_lambda=0.000 gpu=3.0/11.8GB
[18:38:08] [ep_summary] ep=41/100 val_live=0.9506/0.9514 val_ema=0.9444/0.9451 test77_live=0.8885/0.8906 test77_diag_ema=0.5396/0.4734 v13=0.0000 grl=0.2629 v15=0.0000 v15r=0.0000 v16=0.0000 v17=0.0000 v18=0.0000 das=stage3[12,95] p=1.00 ep_time=56.7s
[18:38:29] [save] best_sourcequalified77_ema ep=41 source_val_live=0.9506/0.9514 source_val_ema=0.9444/0.9451 test77_ema=0.5396/0.4734
[18:38:29] [train] epoch 42/100 steps=40 use_dann=0 das=stage3 f=[12.0,95.0] p=1.00 gpu=3.0/11.8GB
[18:38:30] [train] ep=42 step=001/40 ce=0.2649 sc=0.9988 mi=0.0755 dn=0.0000 v13=0.0000 grl=0.3672 v15=0.0000 v15r=0.0000 v16=0.0000 v17=0.0000 v18=0.0000 acc=1.0000 lr=2.00e-04 lambda=0.000 grl_lambda=0.967 v18_lambda=0.000 gpu=3.0/11.8GB
[18:38:35] [train] ep=42 step=010/40 ce=0.2903 sc=0.7966 mi=0.0648 dn=0.0000 v13=0.0000 grl=0.2477 v15=0.0000 v15r=0.0000 v16=0.0000 v17=0.0000 v18=0.0000 acc=1.0000 lr=1.99e-04 lambda=0.000 grl_lambda=0.968 v18_lambda=0.000 gpu=3.0/11.8GB
[18:38:41] [train] ep=42 step=020/40 ce=0.3244 sc=0.8129 mi=0.0657 dn=0.0000 v13=0.0000 grl=0.2571 v15=0.0000 v15r=0.0000 v16=0.0000 v17=0.0000 v18=0.0000 acc=0.9969 lr=1.98e-04 lambda=0.000 grl_lambda=0.969 v18_lambda=0.000 gpu=3.0/11.8GB
[18:38:47] [train] ep=42 step=030/40 ce=0.3111 sc=0.8205 mi=0.0655 dn=0.0000 v13=0.0000 grl=0.2534 v15=0.0000 v15r=0.0000 v16=0.0000 v17=0.0000 v18=0.0000 acc=0.9979 lr=1.97e-04 lambda=0.000 grl_lambda=0.970 v18_lambda=0.000 gpu=3.0/11.8GB
[18:38:53] [train] ep=42 step=040/40 ce=0.3111 sc=0.8026 mi=0.0666 dn=0.0000 v13=0.0000 grl=0.2584 v15=0.0000 v15r=0.0000 v16=0.0000 v17=0.0000 v18=0.0000 acc=0.9969 lr=1.96e-04 lambda=0.000 grl_lambda=0.970 v18_lambda=0.000 gpu=3.0/11.8GB
[18:39:03] [ep_summary] ep=42/100 val_live=0.9506/0.9508 val_ema=0.9506/0.9510 test77_live=0.8561/0.8562 test77_diag_ema=0.5540/0.4946 v13=0.0000 grl=0.2584 v15=0.0000 v15r=0.0000 v16=0.0000 v17=0.0000 v18=0.0000 das=stage3[12,95] p=1.00 ep_time=33.1s
[18:39:03] [save] best_sourceval_ema val_acc_ema=0.9506 source_val_live=0.9506/0.9508 source_val_ema=0.9506/0.9510 ep=42
[18:39:03] [save] best_sourcequalified77_ema ep=42 source_val_live=0.9506/0.9508 source_val_ema=0.9506/0.9510 test77_ema=0.5540/0.4946
[18:39:03] [train] epoch 43/100 steps=40 use_dann=0 das=stage3 f=[12.0,95.0] p=1.00 gpu=3.0/11.8GB
[18:39:03] [train] ep=43 step=001/40 ce=0.2610 sc=1.0537 mi=0.0651 dn=0.0000 v13=0.0000 grl=0.2686 v15=0.0000 v15r=0.0000 v16=0.0000 v17=0.0000 v18=0.0000 acc=1.0000 lr=1.95e-04 lambda=0.000 grl_lambda=0.970 v18_lambda=0.000 gpu=3.0/11.8GB
[18:39:08] [train] ep=43 step=010/40 ce=0.5589 sc=0.8626 mi=0.0632 dn=0.0000 v13=0.0000 grl=0.2168 v15=0.0000 v15r=0.0000 v16=0.0000 v17=0.0000 v18=0.0000 acc=0.9750 lr=1.94e-04 lambda=0.000 grl_lambda=0.971 v18_lambda=0.000 gpu=3.0/11.8GB
[18:39:14] [train] ep=43 step=020/40 ce=0.4424 sc=0.8604 mi=0.0650 dn=0.0000 v13=0.0000 grl=0.2201 v15=0.0000 v15r=0.0000 v16=0.0000 v17=0.0000 v18=0.0000 acc=0.9875 lr=1.93e-04 lambda=0.000 grl_lambda=0.972 v18_lambda=0.000 gpu=3.0/11.8GB
[18:39:20] [train] ep=43 step=030/40 ce=0.3918 sc=0.8734 mi=0.0662 dn=0.0000 v13=0.0000 grl=0.2309 v15=0.0000 v15r=0.0000 v16=0.0000 v17=0.0000 v18=0.0000 acc=0.9917 lr=1.92e-04 lambda=0.000 grl_lambda=0.972 v18_lambda=0.000 gpu=3.0/11.8GB
[18:39:26] [train] ep=43 step=040/40 ce=0.4459 sc=0.8882 mi=0.0661 dn=0.0000 v13=0.0000 grl=0.2388 v15=0.0000 v15r=0.0000 v16=0.0000 v17=0.0000 v18=0.0000 acc=0.9875 lr=1.91e-04 lambda=0.000 grl_lambda=0.973 v18_lambda=0.000 gpu=3.0/11.8GB
[18:39:36] [ep_summary] ep=43/100 val_live=0.9691/0.9695 val_ema=0.9506/0.9510 test77_live=0.8381/0.8376 test77_diag_ema=0.5719/0.5156 v13=0.0000 grl=0.2388 v15=0.0000 v15r=0.0000 v16=0.0000 v17=0.0000 v18=0.0000 das=stage3[12,95] p=1.00 ep_time=33.0s
[18:39:36] [save] best_sourcequalified77_ema ep=43 source_val_live=0.9691/0.9695 source_val_ema=0.9506/0.9510 test77_ema=0.5719/0.5156
[18:39:36] [train] epoch 44/100 steps=40 use_dann=0 das=stage3 f=[12.0,95.0] p=1.00 gpu=3.0/11.8GB
[18:39:36] [train] ep=44 step=001/40 ce=0.2622 sc=0.4289 mi=0.0590 dn=0.0000 v13=0.0000 grl=0.3310 v15=0.0000 v15r=0.0000 v16=0.0000 v17=0.0000 v18=0.0000 acc=1.0000 lr=1.91e-04 lambda=0.000 grl_lambda=0.973 v18_lambda=0.000 gpu=3.0/11.8GB
[18:39:42] [train] ep=44 step=010/40 ce=0.3832 sc=0.7613 mi=0.0688 dn=0.0000 v13=0.0000 grl=0.2939 v15=0.0000 v15r=0.0000 v16=0.0000 v17=0.0000 v18=0.0000 acc=0.9938 lr=1.90e-04 lambda=0.000 grl_lambda=0.974 v18_lambda=0.000 gpu=3.0/11.8GB
[18:39:47] [train] ep=44 step=020/40 ce=0.4727 sc=0.8213 mi=0.0673 dn=0.0000 v13=0.0000 grl=0.2764 v15=0.0000 v15r=0.0000 v16=0.0000 v17=0.0000 v18=0.0000 acc=0.9875 lr=1.89e-04 lambda=0.000 grl_lambda=0.974 v18_lambda=0.000 gpu=3.0/11.8GB
[18:39:53] [train] ep=44 step=030/40 ce=0.4455 sc=0.8320 mi=0.0670 dn=0.0000 v13=0.0000 grl=0.2787 v15=0.0000 v15r=0.0000 v16=0.0000 v17=0.0000 v18=0.0000 acc=0.9875 lr=1.87e-04 lambda=0.000 grl_lambda=0.975 v18_lambda=0.000 gpu=3.0/11.8GB
[18:39:59] [train] ep=44 step=040/40 ce=0.4073 sc=0.8012 mi=0.0665 dn=0.0000 v13=0.0000 grl=0.2669 v15=0.0000 v15r=0.0000 v16=0.0000 v17=0.0000 v18=0.0000 acc=0.9906 lr=1.86e-04 lambda=0.000 grl_lambda=0.976 v18_lambda=0.000 gpu=3.0/11.8GB
[18:40:09] [ep_summary] ep=44/100 val_live=0.9630/0.9639 val_ema=0.9506/0.9510 test77_live=0.8597/0.8625 test77_diag_ema=0.5791/0.5169 v13=0.0000 grl=0.2669 v15=0.0000 v15r=0.0000 v16=0.0000 v17=0.0000 v18=0.0000 das=stage3[12,95] p=1.00 ep_time=33.0s
[18:40:09] [save] best_sourcequalified77_ema ep=44 source_val_live=0.9630/0.9639 source_val_ema=0.9506/0.9510 test77_ema=0.5791/0.5169
[18:40:09] [train] epoch 45/100 steps=40 use_dann=0 das=stage3 f=[12.0,95.0] p=1.00 gpu=3.0/11.8GB
[18:40:09] [train] ep=45 step=001/40 ce=0.2655 sc=0.6001 mi=0.0589 dn=0.0000 v13=0.0000 grl=0.2260 v15=0.0000 v15r=0.0000 v16=0.0000 v17=0.0000 v18=0.0000 acc=1.0000 lr=1.86e-04 lambda=0.000 grl_lambda=0.976 v18_lambda=0.000 gpu=3.0/11.8GB
[18:40:15] [train] ep=45 step=010/40 ce=0.3493 sc=0.8496 mi=0.0622 dn=0.0000 v13=0.0000 grl=0.2277 v15=0.0000 v15r=0.0000 v16=0.0000 v17=0.0000 v18=0.0000 acc=0.9938 lr=1.85e-04 lambda=0.000 grl_lambda=0.976 v18_lambda=0.000 gpu=3.0/11.8GB
[18:40:20] [train] ep=45 step=020/40 ce=0.3510 sc=0.7764 mi=0.0635 dn=0.0000 v13=0.0000 grl=0.2490 v15=0.0000 v15r=0.0000 v16=0.0000 v17=0.0000 v18=0.0000 acc=0.9938 lr=1.84e-04 lambda=0.000 grl_lambda=0.977 v18_lambda=0.000 gpu=3.0/11.8GB
[18:40:26] [train] ep=45 step=030/40 ce=0.3508 sc=0.7905 mi=0.0642 dn=0.0000 v13=0.0000 grl=0.2410 v15=0.0000 v15r=0.0000 v16=0.0000 v17=0.0000 v18=0.0000 acc=0.9938 lr=1.83e-04 lambda=0.000 grl_lambda=0.977 v18_lambda=0.000 gpu=3.0/11.8GB
[18:40:32] [train] ep=45 step=040/40 ce=0.3309 sc=0.7845 mi=0.0645 dn=0.0000 v13=0.0000 grl=0.2461 v15=0.0000 v15r=0.0000 v16=0.0000 v17=0.0000 v18=0.0000 acc=0.9953 lr=1.81e-04 lambda=0.000 grl_lambda=0.978 v18_lambda=0.000 gpu=3.0/11.8GB
[18:40:42] [ep_summary] ep=45/100 val_live=0.9568/0.9562 val_ema=0.9506/0.9510 test77_live=0.8489/0.8455 test77_diag_ema=0.6151/0.5701 v13=0.0000 grl=0.2461 v15=0.0000 v15r=0.0000 v16=0.0000 v17=0.0000 v18=0.0000 das=stage3[12,95] p=1.00 ep_time=33.0s
[18:40:42] [save] best_sourcequalified77_ema ep=45 source_val_live=0.9568/0.9562 source_val_ema=0.9506/0.9510 test77_ema=0.6151/0.5701
[18:40:42] [train] epoch 46/100 steps=40 use_dann=0 das=stage3 f=[12.0,95.0] p=1.00 gpu=3.0/11.8GB
[18:40:42] [train] ep=46 step=001/40 ce=0.2628 sc=0.7498 mi=0.0684 dn=0.0000 v13=0.0000 grl=0.2675 v15=0.0000 v15r=0.0000 v16=0.0000 v17=0.0000 v18=0.0000 acc=1.0000 lr=1.81e-04 lambda=0.000 grl_lambda=0.978 v18_lambda=0.000 gpu=3.0/11.8GB
[18:40:48] [train] ep=46 step=010/40 ce=0.2672 sc=0.7392 mi=0.0661 dn=0.0000 v13=0.0000 grl=0.2454 v15=0.0000 v15r=0.0000 v16=0.0000 v17=0.0000 v18=0.0000 acc=1.0000 lr=1.80e-04 lambda=0.000 grl_lambda=0.979 v18_lambda=0.000 gpu=3.0/11.8GB
[18:40:53] [train] ep=46 step=020/40 ce=0.2722 sc=0.7344 mi=0.0657 dn=0.0000 v13=0.0000 grl=0.2450 v15=0.0000 v15r=0.0000 v16=0.0000 v17=0.0000 v18=0.0000 acc=1.0000 lr=1.79e-04 lambda=0.000 grl_lambda=0.979 v18_lambda=0.000 gpu=3.0/11.8GB
[18:40:59] [train] ep=46 step=030/40 ce=0.2822 sc=0.7324 mi=0.0653 dn=0.0000 v13=0.0000 grl=0.2428 v15=0.0000 v15r=0.0000 v16=0.0000 v17=0.0000 v18=0.0000 acc=0.9979 lr=1.78e-04 lambda=0.000 grl_lambda=0.980 v18_lambda=0.000 gpu=3.0/11.8GB
[18:41:05] [train] ep=46 step=040/40 ce=0.2944 sc=0.7352 mi=0.0661 dn=0.0000 v13=0.0000 grl=0.2458 v15=0.0000 v15r=0.0000 v16=0.0000 v17=0.0000 v18=0.0000 acc=0.9984 lr=1.77e-04 lambda=0.000 grl_lambda=0.980 v18_lambda=0.000 gpu=3.0/11.8GB
[18:41:15] [ep_summary] ep=46/100 val_live=0.9630/0.9627 val_ema=0.9568/0.9569 test77_live=0.8633/0.8605 test77_diag_ema=0.6403/0.5987 v13=0.0000 grl=0.2458 v15=0.0000 v15r=0.0000 v16=0.0000 v17=0.0000 v18=0.0000 das=stage3[12,95] p=1.00 ep_time=33.0s
[18:41:15] [save] best_sourceval_ema val_acc_ema=0.9568 source_val_live=0.9630/0.9627 source_val_ema=0.9568/0.9569 ep=46
[18:41:15] [save] best_sourcequalified77_ema ep=46 source_val_live=0.9630/0.9627 source_val_ema=0.9568/0.9569 test77_ema=0.6403/0.5987
[18:41:15] [train] epoch 47/100 steps=40 use_dann=0 das=stage3 f=[12.0,95.0] p=1.00 gpu=3.0/11.8GB
[18:41:16] [train] ep=47 step=001/40 ce=0.7941 sc=1.1589 mi=0.0694 dn=0.0000 v13=0.0000 grl=0.2108 v15=0.0000 v15r=0.0000 v16=0.0000 v17=0.0000 v18=0.0000 acc=0.9375 lr=1.77e-04 lambda=0.000 grl_lambda=0.980 v18_lambda=0.000 gpu=3.0/11.8GB
[18:41:21] [train] ep=47 step=010/40 ce=0.3895 sc=0.7967 mi=0.0686 dn=0.0000 v13=0.0000 grl=0.2403 v15=0.0000 v15r=0.0000 v16=0.0000 v17=0.0000 v18=0.0000 acc=0.9875 lr=1.76e-04 lambda=0.000 grl_lambda=0.981 v18_lambda=0.000 gpu=3.0/11.8GB
[18:41:27] [train] ep=47 step=020/40 ce=0.4160 sc=0.7887 mi=0.0658 dn=0.0000 v13=0.0000 grl=0.2316 v15=0.0000 v15r=0.0000 v16=0.0000 v17=0.0000 v18=0.0000 acc=0.9906 lr=1.74e-04 lambda=0.000 grl_lambda=0.981 v18_lambda=0.000 gpu=3.0/11.8GB
[18:41:32] [train] ep=47 step=030/40 ce=0.4168 sc=0.7690 mi=0.0659 dn=0.0000 v13=0.0000 grl=0.2284 v15=0.0000 v15r=0.0000 v16=0.0000 v17=0.0000 v18=0.0000 acc=0.9896 lr=1.73e-04 lambda=0.000 grl_lambda=0.981 v18_lambda=0.000 gpu=3.0/11.8GB
[18:41:38] [train] ep=47 step=040/40 ce=0.3889 sc=0.7757 mi=0.0666 dn=0.0000 v13=0.0000 grl=0.2407 v15=0.0000 v15r=0.0000 v16=0.0000 v17=0.0000 v18=0.0000 acc=0.9922 lr=1.72e-04 lambda=0.000 grl_lambda=0.982 v18_lambda=0.000 gpu=3.0/11.8GB
[18:41:48] [ep_summary] ep=47/100 val_live=0.9444/0.9430 val_ema=0.9568/0.9569 test77_live=0.8849/0.8818 test77_diag_ema=0.6475/0.6088 v13=0.0000 grl=0.2407 v15=0.0000 v15r=0.0000 v16=0.0000 v17=0.0000 v18=0.0000 das=stage3[12,95] p=1.00 ep_time=33.1s
[18:41:48] [save] best_sourcequalified77_ema ep=47 source_val_live=0.9444/0.9430 source_val_ema=0.9568/0.9569 test77_ema=0.6475/0.6088
[18:41:48] [train] epoch 48/100 steps=40 use_dann=0 das=stage3 f=[12.0,95.0] p=1.00 gpu=3.0/11.8GB
[18:41:49] [train] ep=48 step=001/40 ce=0.2611 sc=0.7180 mi=0.0642 dn=0.0000 v13=0.0000 grl=0.2261 v15=0.0000 v15r=0.0000 v16=0.0000 v17=0.0000 v18=0.0000 acc=1.0000 lr=1.72e-04 lambda=0.000 grl_lambda=0.982 v18_lambda=0.000 gpu=3.0/11.8GB
[18:41:54] [train] ep=48 step=010/40 ce=0.2859 sc=0.8333 mi=0.0654 dn=0.0000 v13=0.0000 grl=0.2288 v15=0.0000 v15r=0.0000 v16=0.0000 v17=0.0000 v18=0.0000 acc=1.0000 lr=1.71e-04 lambda=0.000 grl_lambda=0.982 v18_lambda=0.000 gpu=3.0/11.8GB
[18:42:00] [train] ep=48 step=020/40 ce=0.2909 sc=0.8574 mi=0.0644 dn=0.0000 v13=0.0000 grl=0.2243 v15=0.0000 v15r=0.0000 v16=0.0000 v17=0.0000 v18=0.0000 acc=1.0000 lr=1.69e-04 lambda=0.000 grl_lambda=0.983 v18_lambda=0.000 gpu=3.0/11.8GB
[18:42:05] [train] ep=48 step=030/40 ce=0.3304 sc=0.8359 mi=0.0658 dn=0.0000 v13=0.0000 grl=0.2209 v15=0.0000 v15r=0.0000 v16=0.0000 v17=0.0000 v18=0.0000 acc=0.9979 lr=1.68e-04 lambda=0.000 grl_lambda=0.983 v18_lambda=0.000 gpu=3.0/11.8GB
[18:42:11] [train] ep=48 step=040/40 ce=0.3285 sc=0.8395 mi=0.0664 dn=0.0000 v13=0.0000 grl=0.2263 v15=0.0000 v15r=0.0000 v16=0.0000 v17=0.0000 v18=0.0000 acc=0.9984 lr=1.67e-04 lambda=0.000 grl_lambda=0.984 v18_lambda=0.000 gpu=3.0/11.8GB
[18:42:21] [ep_summary] ep=48/100 val_live=0.9753/0.9757 val_ema=0.9630/0.9637 test77_live=0.7950/0.7910 test77_diag_ema=0.6727/0.6463 v13=0.0000 grl=0.2263 v15=0.0000 v15r=0.0000 v16=0.0000 v17=0.0000 v18=0.0000 das=stage3[12,95] p=1.00 ep_time=32.9s
[18:42:21] [save] best_sourceval_ema val_acc_ema=0.9630 source_val_live=0.9753/0.9757 source_val_ema=0.9630/0.9637 ep=48
[18:42:21] [save] best_sourcequalified77_ema ep=48 source_val_live=0.9753/0.9757 source_val_ema=0.9630/0.9637 test77_ema=0.6727/0.6463
[18:42:21] [train] epoch 49/100 steps=40 use_dann=0 das=stage3 f=[12.0,95.0] p=1.00 gpu=3.0/11.8GB
[18:42:22] [train] ep=49 step=001/40 ce=0.2754 sc=0.4433 mi=0.0703 dn=0.0000 v13=0.0000 grl=0.1846 v15=0.0000 v15r=0.0000 v16=0.0000 v17=0.0000 v18=0.0000 acc=1.0000 lr=1.67e-04 lambda=0.000 grl_lambda=0.984 v18_lambda=0.000 gpu=3.0/11.8GB
[18:42:27] [train] ep=49 step=010/40 ce=0.3634 sc=0.7923 mi=0.0665 dn=0.0000 v13=0.0000 grl=0.2479 v15=0.0000 v15r=0.0000 v16=0.0000 v17=0.0000 v18=0.0000 acc=0.9938 lr=1.66e-04 lambda=0.000 grl_lambda=0.984 v18_lambda=0.000 gpu=3.0/11.8GB
[18:42:33] [train] ep=49 step=020/40 ce=0.3404 sc=0.8089 mi=0.0677 dn=0.0000 v13=0.0000 grl=0.2547 v15=0.0000 v15r=0.0000 v16=0.0000 v17=0.0000 v18=0.0000 acc=0.9938 lr=1.65e-04 lambda=0.000 grl_lambda=0.984 v18_lambda=0.000 gpu=3.0/11.8GB
[18:42:38] [train] ep=49 step=030/40 ce=0.3455 sc=0.7996 mi=0.0666 dn=0.0000 v13=0.0000 grl=0.2577 v15=0.0000 v15r=0.0000 v16=0.0000 v17=0.0000 v18=0.0000 acc=0.9938 lr=1.63e-04 lambda=0.000 grl_lambda=0.985 v18_lambda=0.000 gpu=3.0/11.8GB
[18:42:44] [train] ep=49 step=040/40 ce=0.3878 sc=0.8165 mi=0.0669 dn=0.0000 v13=0.0000 grl=0.2517 v15=0.0000 v15r=0.0000 v16=0.0000 v17=0.0000 v18=0.0000 acc=0.9922 lr=1.62e-04 lambda=0.000 grl_lambda=0.985 v18_lambda=0.000 gpu=3.0/11.8GB
[18:42:54] [ep_summary] ep=49/100 val_live=0.9630/0.9633 val_ema=0.9630/0.9637 test77_live=0.8777/0.8766 test77_diag_ema=0.7014/0.6850 v13=0.0000 grl=0.2517 v15=0.0000 v15r=0.0000 v16=0.0000 v17=0.0000 v18=0.0000 das=stage3[12,95] p=1.00 ep_time=32.9s
[18:42:54] [save] best_sourcequalified77_ema ep=49 source_val_live=0.9630/0.9633 source_val_ema=0.9630/0.9637 test77_ema=0.7014/0.6850
[18:42:54] [train] epoch 50/100 steps=40 use_dann=0 das=stage3 f=[12.0,95.0] p=1.00 gpu=3.0/11.8GB
[18:42:54] [train] ep=50 step=001/40 ce=0.2706 sc=0.6193 mi=0.0654 dn=0.0000 v13=0.0000 grl=0.2938 v15=0.0000 v15r=0.0000 v16=0.0000 v17=0.0000 v18=0.0000 acc=1.0000 lr=1.62e-04 lambda=0.000 grl_lambda=0.985 v18_lambda=0.000 gpu=3.0/11.8GB
[18:43:00] [train] ep=50 step=010/40 ce=0.3715 sc=0.7025 mi=0.0651 dn=0.0000 v13=0.0000 grl=0.2120 v15=0.0000 v15r=0.0000 v16=0.0000 v17=0.0000 v18=0.0000 acc=0.9938 lr=1.61e-04 lambda=0.000 grl_lambda=0.986 v18_lambda=0.000 gpu=3.0/11.8GB
[18:43:05] [train] ep=50 step=020/40 ce=0.3456 sc=0.7027 mi=0.0676 dn=0.0000 v13=0.0000 grl=0.2327 v15=0.0000 v15r=0.0000 v16=0.0000 v17=0.0000 v18=0.0000 acc=0.9938 lr=1.60e-04 lambda=0.000 grl_lambda=0.986 v18_lambda=0.000 gpu=3.0/11.8GB
[18:43:11] [train] ep=50 step=030/40 ce=0.3462 sc=0.7449 mi=0.0667 dn=0.0000 v13=0.0000 grl=0.2299 v15=0.0000 v15r=0.0000 v16=0.0000 v17=0.0000 v18=0.0000 acc=0.9938 lr=1.59e-04 lambda=0.000 grl_lambda=0.986 v18_lambda=0.000 gpu=3.0/11.8GB
[18:43:17] [train] ep=50 step=040/40 ce=0.3363 sc=0.7348 mi=0.0666 dn=0.0000 v13=0.0000 grl=0.2343 v15=0.0000 v15r=0.0000 v16=0.0000 v17=0.0000 v18=0.0000 acc=0.9938 lr=1.57e-04 lambda=0.000 grl_lambda=0.987 v18_lambda=0.000 gpu=3.0/11.8GB
[18:43:27] [pool] check ep=050/100 source_val_acc_ema=0.9568 threshold=0.90
[18:44:08] [pool] ep=050 ADDED src_val=0.9568/0.9576 dev77=0.6429/0.6139 final77=0.7194/0.7093
[18:44:08] [pool] running best ep=050 dev77_f1=0.6139 final77_f1=0.7093 (pool_size=3)
[18:44:08] [ep_summary] ep=50/100 val_live=0.9691/0.9695 val_ema=0.9568/0.9576 test77_live=0.8633/0.8632 test77_diag_ema=0.7194/0.7093 v13=0.0000 grl=0.2343 v15=0.0000 v15r=0.0000 v16=0.0000 v17=0.0000 v18=0.0000 das=stage3[12,95] p=1.00 ep_time=74.0s
[18:44:09] [save] best_sourcequalified77_ema ep=50 source_val_live=0.9691/0.9695 source_val_ema=0.9568/0.9576 test77_ema=0.7194/0.7093
[18:44:09] [strict77_monitor] ep=50 best_source_epoch=48 source_val_ema=0.9630/0.9637 test77_ema_diag=0.6727/0.6463 sourcequalified_count=21 best_sourcequalified77_epoch=50 source_val_ema=0.9568/0.9576 test77_ema=0.7194/0.7093
[18:44:09] [train] epoch 51/100 steps=40 use_dann=0 das=stage3 f=[12.0,95.0] p=1.00 gpu=3.0/11.8GB
[18:44:09] [train] ep=51 step=001/40 ce=0.2603 sc=0.4401 mi=0.0728 dn=0.0000 v13=0.0000 grl=0.3406 v15=0.0000 v15r=0.0000 v16=0.0000 v17=0.0000 v18=0.0000 acc=1.0000 lr=1.57e-04 lambda=0.000 grl_lambda=0.987 v18_lambda=0.000 gpu=3.0/11.8GB
[18:44:14] [train] ep=51 step=010/40 ce=0.3426 sc=0.8584 mi=0.0653 dn=0.0000 v13=0.0000 grl=0.2535 v15=0.0000 v15r=0.0000 v16=0.0000 v17=0.0000 v18=0.0000 acc=0.9938 lr=1.56e-04 lambda=0.000 grl_lambda=0.987 v18_lambda=0.000 gpu=3.0/11.8GB
[18:44:20] [train] ep=51 step=020/40 ce=0.3222 sc=0.8692 mi=0.0651 dn=0.0000 v13=0.0000 grl=0.2469 v15=0.0000 v15r=0.0000 v16=0.0000 v17=0.0000 v18=0.0000 acc=0.9938 lr=1.55e-04 lambda=0.000 grl_lambda=0.987 v18_lambda=0.000 gpu=3.0/11.8GB
[18:44:26] [train] ep=51 step=030/40 ce=0.3299 sc=0.8526 mi=0.0651 dn=0.0000 v13=0.0000 grl=0.2422 v15=0.0000 v15r=0.0000 v16=0.0000 v17=0.0000 v18=0.0000 acc=0.9938 lr=1.54e-04 lambda=0.000 grl_lambda=0.988 v18_lambda=0.000 gpu=3.0/11.8GB
[18:44:32] [train] ep=51 step=040/40 ce=0.3247 sc=0.8477 mi=0.0652 dn=0.0000 v13=0.0000 grl=0.2360 v15=0.0000 v15r=0.0000 v16=0.0000 v17=0.0000 v18=0.0000 acc=0.9953 lr=1.53e-04 lambda=0.000 grl_lambda=0.988 v18_lambda=0.000 gpu=3.0/11.8GB
[18:44:56] [ep_summary] ep=51/100 val_live=0.9506/0.9499 val_ema=0.9568/0.9576 test77_live=0.8345/0.8301 test77_diag_ema=0.7338/0.7280 v13=0.0000 grl=0.2360 v15=0.0000 v15r=0.0000 v16=0.0000 v17=0.0000 v18=0.0000 das=stage3[12,95] p=1.00 ep_time=47.4s
[18:44:56] [save] best_sourcequalified77_ema ep=51 source_val_live=0.9506/0.9499 source_val_ema=0.9568/0.9576 test77_ema=0.7338/0.7280
[18:44:56] [train] epoch 52/100 steps=40 use_dann=0 das=stage3 f=[12.0,95.0] p=1.00 gpu=3.0/11.8GB
[18:44:57] [train] ep=52 step=001/40 ce=0.8068 sc=0.8242 mi=0.0729 dn=0.0000 v13=0.0000 grl=0.2540 v15=0.0000 v15r=0.0000 v16=0.0000 v17=0.0000 v18=0.0000 acc=0.9375 lr=1.52e-04 lambda=0.000 grl_lambda=0.988 v18_lambda=0.000 gpu=3.0/11.8GB
[18:45:02] [train] ep=52 step=010/40 ce=0.4246 sc=0.8350 mi=0.0644 dn=0.0000 v13=0.0000 grl=0.2377 v15=0.0000 v15r=0.0000 v16=0.0000 v17=0.0000 v18=0.0000 acc=0.9875 lr=1.51e-04 lambda=0.000 grl_lambda=0.988 v18_lambda=0.000 gpu=3.0/11.8GB
[18:45:08] [train] ep=52 step=020/40 ce=0.3863 sc=0.8429 mi=0.0655 dn=0.0000 v13=0.0000 grl=0.2437 v15=0.0000 v15r=0.0000 v16=0.0000 v17=0.0000 v18=0.0000 acc=0.9906 lr=1.50e-04 lambda=0.000 grl_lambda=0.988 v18_lambda=0.000 gpu=3.0/11.8GB
[18:45:13] [train] ep=52 step=030/40 ce=0.3457 sc=0.7931 mi=0.0644 dn=0.0000 v13=0.0000 grl=0.2430 v15=0.0000 v15r=0.0000 v16=0.0000 v17=0.0000 v18=0.0000 acc=0.9938 lr=1.49e-04 lambda=0.000 grl_lambda=0.989 v18_lambda=0.000 gpu=3.0/11.8GB
[18:45:19] [train] ep=52 step=040/40 ce=0.3894 sc=0.8279 mi=0.0628 dn=0.0000 v13=0.0000 grl=0.2371 v15=0.0000 v15r=0.0000 v16=0.0000 v17=0.0000 v18=0.0000 acc=0.9922 lr=1.48e-04 lambda=0.000 grl_lambda=0.989 v18_lambda=0.000 gpu=3.0/11.8GB
[18:45:46] [ep_summary] ep=52/100 val_live=0.9815/0.9818 val_ema=0.9568/0.9576 test77_live=0.8381/0.8387 test77_diag_ema=0.7302/0.7251 v13=0.0000 grl=0.2371 v15=0.0000 v15r=0.0000 v16=0.0000 v17=0.0000 v18=0.0000 das=stage3[12,95] p=1.00 ep_time=50.0s
[18:45:46] [train] epoch 53/100 steps=40 use_dann=0 das=stage3 f=[12.0,95.0] p=1.00 gpu=3.0/11.8GB
[18:45:47] [train] ep=53 step=001/40 ce=1.2358 sc=1.5048 mi=0.0673 dn=0.0000 v13=0.0000 grl=0.2310 v15=0.0000 v15r=0.0000 v16=0.0000 v17=0.0000 v18=0.0000 acc=0.9375 lr=1.48e-04 lambda=0.000 grl_lambda=0.989 v18_lambda=0.000 gpu=3.0/11.8GB
[18:45:52] [train] ep=53 step=010/40 ce=0.3636 sc=1.0099 mi=0.0683 dn=0.0000 v13=0.0000 grl=0.2543 v15=0.0000 v15r=0.0000 v16=0.0000 v17=0.0000 v18=0.0000 acc=0.9938 lr=1.46e-04 lambda=0.000 grl_lambda=0.989 v18_lambda=0.000 gpu=3.0/11.8GB
[18:45:58] [train] ep=53 step=020/40 ce=0.4298 sc=0.9608 mi=0.0658 dn=0.0000 v13=0.0000 grl=0.2427 v15=0.0000 v15r=0.0000 v16=0.0000 v17=0.0000 v18=0.0000 acc=0.9875 lr=1.45e-04 lambda=0.000 grl_lambda=0.990 v18_lambda=0.000 gpu=3.0/11.8GB
[18:46:03] [train] ep=53 step=030/40 ce=0.3897 sc=0.9173 mi=0.0662 dn=0.0000 v13=0.0000 grl=0.2430 v15=0.0000 v15r=0.0000 v16=0.0000 v17=0.0000 v18=0.0000 acc=0.9917 lr=1.44e-04 lambda=0.000 grl_lambda=0.990 v18_lambda=0.000 gpu=3.0/11.8GB
[18:46:09] [train] ep=53 step=040/40 ce=0.3623 sc=0.8700 mi=0.0659 dn=0.0000 v13=0.0000 grl=0.2399 v15=0.0000 v15r=0.0000 v16=0.0000 v17=0.0000 v18=0.0000 acc=0.9938 lr=1.43e-04 lambda=0.000 grl_lambda=0.990 v18_lambda=0.000 gpu=3.0/11.8GB
[18:46:37] [ep_summary] ep=53/100 val_live=0.9630/0.9634 val_ema=0.9568/0.9576 test77_live=0.8165/0.8161 test77_diag_ema=0.7446/0.7411 v13=0.0000 grl=0.2399 v15=0.0000 v15r=0.0000 v16=0.0000 v17=0.0000 v18=0.0000 das=stage3[12,95] p=1.00 ep_time=50.6s
[18:46:37] [save] best_sourcequalified77_ema ep=53 source_val_live=0.9630/0.9634 source_val_ema=0.9568/0.9576 test77_ema=0.7446/0.7411
[18:46:37] [train] epoch 54/100 steps=40 use_dann=0 das=stage3 f=[12.0,95.0] p=1.00 gpu=3.0/11.8GB
[18:46:39] [train] ep=54 step=001/40 ce=0.2584 sc=0.7904 mi=0.0548 dn=0.0000 v13=0.0000 grl=0.1860 v15=0.0000 v15r=0.0000 v16=0.0000 v17=0.0000 v18=0.0000 acc=1.0000 lr=1.43e-04 lambda=0.000 grl_lambda=0.990 v18_lambda=0.000 gpu=3.0/11.8GB
[18:46:44] [train] ep=54 step=010/40 ce=0.3064 sc=0.7674 mi=0.0638 dn=0.0000 v13=0.0000 grl=0.2133 v15=0.0000 v15r=0.0000 v16=0.0000 v17=0.0000 v18=0.0000 acc=0.9938 lr=1.42e-04 lambda=0.000 grl_lambda=0.990 v18_lambda=0.000 gpu=3.0/11.8GB
[18:46:50] [train] ep=54 step=020/40 ce=0.3027 sc=0.7805 mi=0.0616 dn=0.0000 v13=0.0000 grl=0.2166 v15=0.0000 v15r=0.0000 v16=0.0000 v17=0.0000 v18=0.0000 acc=0.9969 lr=1.40e-04 lambda=0.000 grl_lambda=0.991 v18_lambda=0.000 gpu=3.0/11.8GB
[18:46:55] [train] ep=54 step=030/40 ce=0.2940 sc=0.7991 mi=0.0613 dn=0.0000 v13=0.0000 grl=0.2236 v15=0.0000 v15r=0.0000 v16=0.0000 v17=0.0000 v18=0.0000 acc=0.9979 lr=1.39e-04 lambda=0.000 grl_lambda=0.991 v18_lambda=0.000 gpu=3.0/11.8GB
[18:47:01] [train] ep=54 step=040/40 ce=0.2929 sc=0.7807 mi=0.0624 dn=0.0000 v13=0.0000 grl=0.2253 v15=0.0000 v15r=0.0000 v16=0.0000 v17=0.0000 v18=0.0000 acc=0.9984 lr=1.38e-04 lambda=0.000 grl_lambda=0.991 v18_lambda=0.000 gpu=3.0/11.8GB
[18:47:28] [ep_summary] ep=54/100 val_live=0.9691/0.9694 val_ema=0.9568/0.9579 test77_live=0.8453/0.8389 test77_diag_ema=0.7590/0.7570 v13=0.0000 grl=0.2253 v15=0.0000 v15r=0.0000 v16=0.0000 v17=0.0000 v18=0.0000 das=stage3[12,95] p=1.00 ep_time=50.5s
[18:47:28] [save] best_sourcequalified77_ema ep=54 source_val_live=0.9691/0.9694 source_val_ema=0.9568/0.9579 test77_ema=0.7590/0.7570
[18:47:28] [train] epoch 55/100 steps=40 use_dann=0 das=stage3 f=[12.0,95.0] p=1.00 gpu=3.0/11.8GB
[18:47:29] [train] ep=55 step=001/40 ce=0.2604 sc=0.6686 mi=0.0816 dn=0.0000 v13=0.0000 grl=0.2238 v15=0.0000 v15r=0.0000 v16=0.0000 v17=0.0000 v18=0.0000 acc=1.0000 lr=1.38e-04 lambda=0.000 grl_lambda=0.991 v18_lambda=0.000 gpu=3.0/11.8GB
[18:47:34] [train] ep=55 step=010/40 ce=0.3548 sc=0.8198 mi=0.0657 dn=0.0000 v13=0.0000 grl=0.2383 v15=0.0000 v15r=0.0000 v16=0.0000 v17=0.0000 v18=0.0000 acc=0.9938 lr=1.37e-04 lambda=0.000 grl_lambda=0.991 v18_lambda=0.000 gpu=3.0/11.8GB
[18:47:40] [train] ep=55 step=020/40 ce=0.3261 sc=0.7347 mi=0.0648 dn=0.0000 v13=0.0000 grl=0.2470 v15=0.0000 v15r=0.0000 v16=0.0000 v17=0.0000 v18=0.0000 acc=0.9969 lr=1.36e-04 lambda=0.000 grl_lambda=0.991 v18_lambda=0.000 gpu=3.0/11.8GB
[18:47:45] [train] ep=55 step=030/40 ce=0.3550 sc=0.7300 mi=0.0653 dn=0.0000 v13=0.0000 grl=0.2365 v15=0.0000 v15r=0.0000 v16=0.0000 v17=0.0000 v18=0.0000 acc=0.9938 lr=1.34e-04 lambda=0.000 grl_lambda=0.992 v18_lambda=0.000 gpu=3.0/11.8GB
[18:47:51] [train] ep=55 step=040/40 ce=0.3475 sc=0.7258 mi=0.0649 dn=0.0000 v13=0.0000 grl=0.2384 v15=0.0000 v15r=0.0000 v16=0.0000 v17=0.0000 v18=0.0000 acc=0.9938 lr=1.33e-04 lambda=0.000 grl_lambda=0.992 v18_lambda=0.000 gpu=3.0/11.8GB
[18:48:01] [ep_summary] ep=55/100 val_live=0.9815/0.9818 val_ema=0.9568/0.9579 test77_live=0.8741/0.8741 test77_diag_ema=0.7806/0.7807 v13=0.0000 grl=0.2384 v15=0.0000 v15r=0.0000 v16=0.0000 v17=0.0000 v18=0.0000 das=stage3[12,95] p=1.00 ep_time=32.9s
[18:48:01] [save] best_sourcequalified77_ema ep=55 source_val_live=0.9815/0.9818 source_val_ema=0.9568/0.9579 test77_ema=0.7806/0.7807
[18:48:01] [train] epoch 56/100 steps=40 use_dann=0 das=stage3 f=[12.0,95.0] p=1.00 gpu=3.0/11.8GB
[18:48:02] [train] ep=56 step=001/40 ce=0.2581 sc=0.7352 mi=0.0601 dn=0.0000 v13=0.0000 grl=0.1795 v15=0.0000 v15r=0.0000 v16=0.0000 v17=0.0000 v18=0.0000 acc=1.0000 lr=1.33e-04 lambda=0.000 grl_lambda=0.992 v18_lambda=0.000 gpu=3.0/11.8GB
[18:48:07] [train] ep=56 step=010/40 ce=0.4614 sc=0.8303 mi=0.0618 dn=0.0000 v13=0.0000 grl=0.2547 v15=0.0000 v15r=0.0000 v16=0.0000 v17=0.0000 v18=0.0000 acc=0.9812 lr=1.32e-04 lambda=0.000 grl_lambda=0.992 v18_lambda=0.000 gpu=3.0/11.8GB
[18:48:12] [train] ep=56 step=020/40 ce=0.4019 sc=0.8081 mi=0.0628 dn=0.0000 v13=0.0000 grl=0.2375 v15=0.0000 v15r=0.0000 v16=0.0000 v17=0.0000 v18=0.0000 acc=0.9875 lr=1.31e-04 lambda=0.000 grl_lambda=0.992 v18_lambda=0.000 gpu=3.0/11.8GB
[18:48:18] [train] ep=56 step=030/40 ce=0.3598 sc=0.7777 mi=0.0629 dn=0.0000 v13=0.0000 grl=0.2441 v15=0.0000 v15r=0.0000 v16=0.0000 v17=0.0000 v18=0.0000 acc=0.9917 lr=1.30e-04 lambda=0.000 grl_lambda=0.992 v18_lambda=0.000 gpu=3.0/11.8GB
[18:48:24] [train] ep=56 step=040/40 ce=0.3587 sc=0.8063 mi=0.0631 dn=0.0000 v13=0.0000 grl=0.2454 v15=0.0000 v15r=0.0000 v16=0.0000 v17=0.0000 v18=0.0000 acc=0.9922 lr=1.28e-04 lambda=0.000 grl_lambda=0.993 v18_lambda=0.000 gpu=3.0/11.8GB
[18:48:34] [ep_summary] ep=56/100 val_live=0.9568/0.9567 val_ema=0.9568/0.9579 test77_live=0.8705/0.8642 test77_diag_ema=0.7878/0.7887 v13=0.0000 grl=0.2454 v15=0.0000 v15r=0.0000 v16=0.0000 v17=0.0000 v18=0.0000 das=stage3[12,95] p=1.00 ep_time=32.9s
[18:48:34] [save] best_sourcequalified77_ema ep=56 source_val_live=0.9568/0.9567 source_val_ema=0.9568/0.9579 test77_ema=0.7878/0.7887
[18:48:34] [train] epoch 57/100 steps=40 use_dann=0 das=stage3 f=[12.0,95.0] p=1.00 gpu=3.0/11.8GB
[18:48:34] [train] ep=57 step=001/40 ce=0.8654 sc=1.5142 mi=0.0542 dn=0.0000 v13=0.0000 grl=0.1425 v15=0.0000 v15r=0.0000 v16=0.0000 v17=0.0000 v18=0.0000 acc=0.9375 lr=1.28e-04 lambda=0.000 grl_lambda=0.993 v18_lambda=0.000 gpu=3.0/11.8GB
[18:48:40] [train] ep=57 step=010/40 ce=0.3976 sc=0.9406 mi=0.0618 dn=0.0000 v13=0.0000 grl=0.2403 v15=0.0000 v15r=0.0000 v16=0.0000 v17=0.0000 v18=0.0000 acc=0.9875 lr=1.27e-04 lambda=0.000 grl_lambda=0.993 v18_lambda=0.000 gpu=3.0/11.8GB
[18:48:45] [train] ep=57 step=020/40 ce=0.3361 sc=0.8884 mi=0.0635 dn=0.0000 v13=0.0000 grl=0.2254 v15=0.0000 v15r=0.0000 v16=0.0000 v17=0.0000 v18=0.0000 acc=0.9938 lr=1.26e-04 lambda=0.000 grl_lambda=0.993 v18_lambda=0.000 gpu=3.0/11.8GB
[18:48:51] [train] ep=57 step=030/40 ce=0.3579 sc=0.8115 mi=0.0630 dn=0.0000 v13=0.0000 grl=0.2262 v15=0.0000 v15r=0.0000 v16=0.0000 v17=0.0000 v18=0.0000 acc=0.9917 lr=1.25e-04 lambda=0.000 grl_lambda=0.993 v18_lambda=0.000 gpu=3.0/11.8GB
[18:48:57] [train] ep=57 step=040/40 ce=0.3689 sc=0.7953 mi=0.0636 dn=0.0000 v13=0.0000 grl=0.2265 v15=0.0000 v15r=0.0000 v16=0.0000 v17=0.0000 v18=0.0000 acc=0.9906 lr=1.24e-04 lambda=0.000 grl_lambda=0.993 v18_lambda=0.000 gpu=3.0/11.8GB
[18:49:07] [ep_summary] ep=57/100 val_live=0.9506/0.9514 val_ema=0.9568/0.9579 test77_live=0.8849/0.8815 test77_diag_ema=0.8058/0.8046 v13=0.0000 grl=0.2265 v15=0.0000 v15r=0.0000 v16=0.0000 v17=0.0000 v18=0.0000 das=stage3[12,95] p=1.00 ep_time=32.8s
[18:49:07] [save] best_sourcequalified77_ema ep=57 source_val_live=0.9506/0.9514 source_val_ema=0.9568/0.9579 test77_ema=0.8058/0.8046
[18:49:07] [train] epoch 58/100 steps=40 use_dann=0 das=stage3 f=[12.0,95.0] p=1.00 gpu=3.0/11.8GB
[18:49:07] [train] ep=58 step=001/40 ce=0.2578 sc=0.6046 mi=0.0456 dn=0.0000 v13=0.0000 grl=0.1351 v15=0.0000 v15r=0.0000 v16=0.0000 v17=0.0000 v18=0.0000 acc=1.0000 lr=1.23e-04 lambda=0.000 grl_lambda=0.993 v18_lambda=0.000 gpu=3.0/11.8GB
[18:49:13] [train] ep=58 step=010/40 ce=0.4487 sc=0.8560 mi=0.0575 dn=0.0000 v13=0.0000 grl=0.2274 v15=0.0000 v15r=0.0000 v16=0.0000 v17=0.0000 v18=0.0000 acc=0.9938 lr=1.22e-04 lambda=0.000 grl_lambda=0.993 v18_lambda=0.000 gpu=3.0/11.8GB
[18:49:18] [train] ep=58 step=020/40 ce=0.4176 sc=0.8303 mi=0.0591 dn=0.0000 v13=0.0000 grl=0.2284 v15=0.0000 v15r=0.0000 v16=0.0000 v17=0.0000 v18=0.0000 acc=0.9906 lr=1.21e-04 lambda=0.000 grl_lambda=0.994 v18_lambda=0.000 gpu=3.0/11.8GB
[18:49:24] [train] ep=58 step=030/40 ce=0.3675 sc=0.8082 mi=0.0612 dn=0.0000 v13=0.0000 grl=0.2264 v15=0.0000 v15r=0.0000 v16=0.0000 v17=0.0000 v18=0.0000 acc=0.9938 lr=1.20e-04 lambda=0.000 grl_lambda=0.994 v18_lambda=0.000 gpu=3.0/11.8GB
[18:49:30] [train] ep=58 step=040/40 ce=0.3636 sc=0.8035 mi=0.0612 dn=0.0000 v13=0.0000 grl=0.2251 v15=0.0000 v15r=0.0000 v16=0.0000 v17=0.0000 v18=0.0000 acc=0.9938 lr=1.19e-04 lambda=0.000 grl_lambda=0.994 v18_lambda=0.000 gpu=3.0/11.8GB
[18:49:40] [ep_summary] ep=58/100 val_live=0.9630/0.9631 val_ema=0.9568/0.9579 test77_live=0.8705/0.8687 test77_diag_ema=0.8094/0.8083 v13=0.0000 grl=0.2251 v15=0.0000 v15r=0.0000 v16=0.0000 v17=0.0000 v18=0.0000 das=stage3[12,95] p=1.00 ep_time=32.9s
[18:49:40] [save] best_sourcequalified77_ema ep=58 source_val_live=0.9630/0.9631 source_val_ema=0.9568/0.9579 test77_ema=0.8094/0.8083
[18:49:40] [train] epoch 59/100 steps=40 use_dann=0 das=stage3 f=[12.0,95.0] p=1.00 gpu=3.0/11.8GB
[18:49:41] [train] ep=59 step=001/40 ce=0.2613 sc=1.3214 mi=0.0640 dn=0.0000 v13=0.0000 grl=0.2682 v15=0.0000 v15r=0.0000 v16=0.0000 v17=0.0000 v18=0.0000 acc=1.0000 lr=1.19e-04 lambda=0.000 grl_lambda=0.994 v18_lambda=0.000 gpu=3.0/11.8GB
[18:49:46] [train] ep=59 step=010/40 ce=0.2605 sc=0.7609 mi=0.0599 dn=0.0000 v13=0.0000 grl=0.2125 v15=0.0000 v15r=0.0000 v16=0.0000 v17=0.0000 v18=0.0000 acc=1.0000 lr=1.18e-04 lambda=0.000 grl_lambda=0.994 v18_lambda=0.000 gpu=3.0/11.8GB
[18:49:52] [train] ep=59 step=020/40 ce=0.2778 sc=0.8136 mi=0.0604 dn=0.0000 v13=0.0000 grl=0.2067 v15=0.0000 v15r=0.0000 v16=0.0000 v17=0.0000 v18=0.0000 acc=1.0000 lr=1.16e-04 lambda=0.000 grl_lambda=0.994 v18_lambda=0.000 gpu=3.0/11.8GB
[18:49:57] [train] ep=59 step=030/40 ce=0.3390 sc=0.8349 mi=0.0618 dn=0.0000 v13=0.0000 grl=0.2156 v15=0.0000 v15r=0.0000 v16=0.0000 v17=0.0000 v18=0.0000 acc=0.9958 lr=1.15e-04 lambda=0.000 grl_lambda=0.994 v18_lambda=0.000 gpu=3.0/11.8GB
[18:50:03] [train] ep=59 step=040/40 ce=0.3452 sc=0.7964 mi=0.0628 dn=0.0000 v13=0.0000 grl=0.2214 v15=0.0000 v15r=0.0000 v16=0.0000 v17=0.0000 v18=0.0000 acc=0.9938 lr=1.14e-04 lambda=0.000 grl_lambda=0.995 v18_lambda=0.000 gpu=3.0/11.8GB
[18:50:13] [ep_summary] ep=59/100 val_live=0.9568/0.9567 val_ema=0.9630/0.9634 test77_live=0.8741/0.8681 test77_diag_ema=0.8094/0.8071 v13=0.0000 grl=0.2214 v15=0.0000 v15r=0.0000 v16=0.0000 v17=0.0000 v18=0.0000 das=stage3[12,95] p=1.00 ep_time=33.1s
[18:50:13] [train] epoch 60/100 steps=40 use_dann=0 das=stage3 f=[12.0,95.0] p=1.00 gpu=3.0/11.8GB
[18:50:13] [train] ep=60 step=001/40 ce=0.2612 sc=0.6332 mi=0.0765 dn=0.0000 v13=0.0000 grl=0.2399 v15=0.0000 v15r=0.0000 v16=0.0000 v17=0.0000 v18=0.0000 acc=1.0000 lr=1.14e-04 lambda=0.000 grl_lambda=0.995 v18_lambda=0.000 gpu=3.0/11.8GB
[18:50:19] [train] ep=60 step=010/40 ce=0.2604 sc=0.6970 mi=0.0664 dn=0.0000 v13=0.0000 grl=0.2358 v15=0.0000 v15r=0.0000 v16=0.0000 v17=0.0000 v18=0.0000 acc=1.0000 lr=1.13e-04 lambda=0.000 grl_lambda=0.995 v18_lambda=0.000 gpu=3.0/11.8GB
[18:50:24] [train] ep=60 step=020/40 ce=0.2813 sc=0.7343 mi=0.0647 dn=0.0000 v13=0.0000 grl=0.2302 v15=0.0000 v15r=0.0000 v16=0.0000 v17=0.0000 v18=0.0000 acc=1.0000 lr=1.12e-04 lambda=0.000 grl_lambda=0.995 v18_lambda=0.000 gpu=3.0/11.8GB
[18:50:30] [train] ep=60 step=030/40 ce=0.2912 sc=0.7223 mi=0.0650 dn=0.0000 v13=0.0000 grl=0.2246 v15=0.0000 v15r=0.0000 v16=0.0000 v17=0.0000 v18=0.0000 acc=1.0000 lr=1.11e-04 lambda=0.000 grl_lambda=0.995 v18_lambda=0.000 gpu=3.0/11.8GB
[18:50:36] [train] ep=60 step=040/40 ce=0.2835 sc=0.7294 mi=0.0642 dn=0.0000 v13=0.0000 grl=0.2243 v15=0.0000 v15r=0.0000 v16=0.0000 v17=0.0000 v18=0.0000 acc=1.0000 lr=1.09e-04 lambda=0.000 grl_lambda=0.995 v18_lambda=0.000 gpu=3.0/11.8GB
[18:50:46] [pool] check ep=060/100 source_val_acc_ema=0.9630 threshold=0.90
[18:50:50] [pool] ep=060 ADDED src_val=0.9630/0.9634 dev77=0.7643/0.7623 final77=0.8237/0.8222
[18:50:50] [pool] running best ep=060 dev77_f1=0.7623 final77_f1=0.8222 (pool_size=4)
[18:50:50] [ep_summary] ep=60/100 val_live=0.9630/0.9631 val_ema=0.9630/0.9634 test77_live=0.8453/0.8417 test77_diag_ema=0.8237/0.8222 v13=0.0000 grl=0.2243 v15=0.0000 v15r=0.0000 v16=0.0000 v17=0.0000 v18=0.0000 das=stage3[12,95] p=1.00 ep_time=37.6s
[18:50:51] [save] best_sourcequalified77_ema ep=60 source_val_live=0.9630/0.9631 source_val_ema=0.9630/0.9634 test77_ema=0.8237/0.8222
[18:50:51] [strict77_monitor] ep=60 best_source_epoch=48 source_val_ema=0.9630/0.9637 test77_ema_diag=0.6727/0.6463 sourcequalified_count=31 best_sourcequalified77_epoch=60 source_val_ema=0.9630/0.9634 test77_ema=0.8237/0.8222
[18:50:51] [train] epoch 61/100 steps=40 use_dann=0 das=stage3 f=[12.0,95.0] p=1.00 gpu=3.0/11.8GB
[18:50:51] [train] ep=61 step=001/40 ce=0.2587 sc=0.8464 mi=0.0596 dn=0.0000 v13=0.0000 grl=0.1904 v15=0.0000 v15r=0.0000 v16=0.0000 v17=0.0000 v18=0.0000 acc=1.0000 lr=1.09e-04 lambda=0.000 grl_lambda=0.995 v18_lambda=0.000 gpu=3.0/11.8GB
[18:50:56] [train] ep=61 step=010/40 ce=0.2607 sc=0.8072 mi=0.0642 dn=0.0000 v13=0.0000 grl=0.2238 v15=0.0000 v15r=0.0000 v16=0.0000 v17=0.0000 v18=0.0000 acc=1.0000 lr=1.08e-04 lambda=0.000 grl_lambda=0.995 v18_lambda=0.000 gpu=3.0/11.8GB
[18:51:02] [train] ep=61 step=020/40 ce=0.2659 sc=0.8081 mi=0.0631 dn=0.0000 v13=0.0000 grl=0.2216 v15=0.0000 v15r=0.0000 v16=0.0000 v17=0.0000 v18=0.0000 acc=1.0000 lr=1.07e-04 lambda=0.000 grl_lambda=0.995 v18_lambda=0.000 gpu=3.0/11.8GB
[18:51:08] [train] ep=61 step=030/40 ce=0.2642 sc=0.7842 mi=0.0638 dn=0.0000 v13=0.0000 grl=0.2181 v15=0.0000 v15r=0.0000 v16=0.0000 v17=0.0000 v18=0.0000 acc=1.0000 lr=1.06e-04 lambda=0.000 grl_lambda=0.995 v18_lambda=0.000 gpu=3.0/11.8GB
[18:51:14] [train] ep=61 step=040/40 ce=0.2675 sc=0.7552 mi=0.0646 dn=0.0000 v13=0.0000 grl=0.2201 v15=0.0000 v15r=0.0000 v16=0.0000 v17=0.0000 v18=0.0000 acc=1.0000 lr=1.05e-04 lambda=0.000 grl_lambda=0.996 v18_lambda=0.000 gpu=3.0/11.8GB
[18:51:23] [ep_summary] ep=61/100 val_live=0.9691/0.9694 val_ema=0.9630/0.9634 test77_live=0.8741/0.8748 test77_diag_ema=0.8273/0.8264 v13=0.0000 grl=0.2201 v15=0.0000 v15r=0.0000 v16=0.0000 v17=0.0000 v18=0.0000 das=stage3[12,95] p=1.00 ep_time=32.9s
[18:51:23] [save] best_sourcequalified77_ema ep=61 source_val_live=0.9691/0.9694 source_val_ema=0.9630/0.9634 test77_ema=0.8273/0.8264
[18:51:23] [train] epoch 62/100 steps=40 use_dann=0 das=stage3 f=[12.0,95.0] p=1.00 gpu=3.0/11.8GB
[18:51:24] [train] ep=62 step=001/40 ce=0.2607 sc=0.9630 mi=0.0571 dn=0.0000 v13=0.0000 grl=0.0961 v15=0.0000 v15r=0.0000 v16=0.0000 v17=0.0000 v18=0.0000 acc=1.0000 lr=1.05e-04 lambda=0.000 grl_lambda=0.996 v18_lambda=0.000 gpu=3.0/11.8GB
[18:51:31] [train] ep=62 step=010/40 ce=0.2764 sc=0.7403 mi=0.0651 dn=0.0000 v13=0.0000 grl=0.2235 v15=0.0000 v15r=0.0000 v16=0.0000 v17=0.0000 v18=0.0000 acc=1.0000 lr=1.04e-04 lambda=0.000 grl_lambda=0.996 v18_lambda=0.000 gpu=3.0/11.8GB
[18:51:36] [train] ep=62 step=020/40 ce=0.2693 sc=0.7901 mi=0.0647 dn=0.0000 v13=0.0000 grl=0.2233 v15=0.0000 v15r=0.0000 v16=0.0000 v17=0.0000 v18=0.0000 acc=1.0000 lr=1.02e-04 lambda=0.000 grl_lambda=0.996 v18_lambda=0.000 gpu=3.0/11.8GB
[18:51:42] [train] ep=62 step=030/40 ce=0.2699 sc=0.7584 mi=0.0639 dn=0.0000 v13=0.0000 grl=0.2288 v15=0.0000 v15r=0.0000 v16=0.0000 v17=0.0000 v18=0.0000 acc=1.0000 lr=1.01e-04 lambda=0.000 grl_lambda=0.996 v18_lambda=0.000 gpu=3.0/11.8GB
[18:51:48] [train] ep=62 step=040/40 ce=0.2699 sc=0.7420 mi=0.0634 dn=0.0000 v13=0.0000 grl=0.2237 v15=0.0000 v15r=0.0000 v16=0.0000 v17=0.0000 v18=0.0000 acc=1.0000 lr=1.00e-04 lambda=0.000 grl_lambda=0.996 v18_lambda=0.000 gpu=3.0/11.8GB
[18:51:58] [ep_summary] ep=62/100 val_live=0.9630/0.9631 val_ema=0.9630/0.9634 test77_live=0.8813/0.8799 test77_diag_ema=0.8417/0.8416 v13=0.0000 grl=0.2237 v15=0.0000 v15r=0.0000 v16=0.0000 v17=0.0000 v18=0.0000 das=stage3[12,95] p=1.00 ep_time=34.3s
[18:51:58] [save] best_sourcequalified77_ema ep=62 source_val_live=0.9630/0.9631 source_val_ema=0.9630/0.9634 test77_ema=0.8417/0.8416
[18:51:58] [train] epoch 63/100 steps=40 use_dann=0 das=stage3 f=[12.0,95.0] p=1.00 gpu=3.0/11.8GB
[18:51:59] [train] ep=63 step=001/40 ce=0.2774 sc=0.5854 mi=0.0598 dn=0.0000 v13=0.0000 grl=0.2585 v15=0.0000 v15r=0.0000 v16=0.0000 v17=0.0000 v18=0.0000 acc=1.0000 lr=1.00e-04 lambda=0.000 grl_lambda=0.996 v18_lambda=0.000 gpu=3.0/11.8GB
[18:52:04] [train] ep=63 step=010/40 ce=0.4463 sc=0.8635 mi=0.0624 dn=0.0000 v13=0.0000 grl=0.2171 v15=0.0000 v15r=0.0000 v16=0.0000 v17=0.0000 v18=0.0000 acc=0.9875 lr=9.89e-05 lambda=0.000 grl_lambda=0.996 v18_lambda=0.000 gpu=3.0/11.8GB
[18:52:10] [train] ep=63 step=020/40 ce=0.3532 sc=0.8085 mi=0.0632 dn=0.0000 v13=0.0000 grl=0.2344 v15=0.0000 v15r=0.0000 v16=0.0000 v17=0.0000 v18=0.0000 acc=0.9938 lr=9.78e-05 lambda=0.000 grl_lambda=0.996 v18_lambda=0.000 gpu=3.0/11.8GB
[18:52:16] [train] ep=63 step=030/40 ce=0.3399 sc=0.7971 mi=0.0631 dn=0.0000 v13=0.0000 grl=0.2206 v15=0.0000 v15r=0.0000 v16=0.0000 v17=0.0000 v18=0.0000 acc=0.9938 lr=9.67e-05 lambda=0.000 grl_lambda=0.996 v18_lambda=0.000 gpu=3.0/11.8GB
[18:52:21] [train] ep=63 step=040/40 ce=0.3269 sc=0.8059 mi=0.0620 dn=0.0000 v13=0.0000 grl=0.2191 v15=0.0000 v15r=0.0000 v16=0.0000 v17=0.0000 v18=0.0000 acc=0.9953 lr=9.55e-05 lambda=0.000 grl_lambda=0.996 v18_lambda=0.000 gpu=3.0/11.8GB
[18:52:31] [ep_summary] ep=63/100 val_live=0.9691/0.9690 val_ema=0.9630/0.9634 test77_live=0.8345/0.8304 test77_diag_ema=0.8417/0.8418 v13=0.0000 grl=0.2191 v15=0.0000 v15r=0.0000 v16=0.0000 v17=0.0000 v18=0.0000 das=stage3[12,95] p=1.00 ep_time=33.5s
[18:52:31] [save] best_sourcequalified77_ema ep=63 source_val_live=0.9691/0.9690 source_val_ema=0.9630/0.9634 test77_ema=0.8417/0.8418
[18:52:31] [train] epoch 64/100 steps=40 use_dann=0 das=stage3 f=[12.0,95.0] p=1.00 gpu=3.0/11.8GB
[18:52:32] [train] ep=64 step=001/40 ce=1.2660 sc=1.9141 mi=0.0684 dn=0.0000 v13=0.0000 grl=0.1480 v15=0.0000 v15r=0.0000 v16=0.0000 v17=0.0000 v18=0.0000 acc=0.9375 lr=9.54e-05 lambda=0.000 grl_lambda=0.996 v18_lambda=0.000 gpu=3.0/11.8GB
[18:52:37] [train] ep=64 step=010/40 ce=0.3890 sc=0.8565 mi=0.0632 dn=0.0000 v13=0.0000 grl=0.1851 v15=0.0000 v15r=0.0000 v16=0.0000 v17=0.0000 v18=0.0000 acc=0.9938 lr=9.44e-05 lambda=0.000 grl_lambda=0.996 v18_lambda=0.000 gpu=3.0/11.8GB
[18:52:43] [train] ep=64 step=020/40 ce=0.3244 sc=0.7943 mi=0.0618 dn=0.0000 v13=0.0000 grl=0.2024 v15=0.0000 v15r=0.0000 v16=0.0000 v17=0.0000 v18=0.0000 acc=0.9969 lr=9.33e-05 lambda=0.000 grl_lambda=0.997 v18_lambda=0.000 gpu=3.0/11.8GB
[18:52:49] [train] ep=64 step=030/40 ce=0.3224 sc=0.7635 mi=0.0628 dn=0.0000 v13=0.0000 grl=0.2033 v15=0.0000 v15r=0.0000 v16=0.0000 v17=0.0000 v18=0.0000 acc=0.9958 lr=9.21e-05 lambda=0.000 grl_lambda=0.997 v18_lambda=0.000 gpu=3.0/11.8GB
[18:52:54] [train] ep=64 step=040/40 ce=0.3443 sc=0.7846 mi=0.0624 dn=0.0000 v13=0.0000 grl=0.2160 v15=0.0000 v15r=0.0000 v16=0.0000 v17=0.0000 v18=0.0000 acc=0.9938 lr=9.10e-05 lambda=0.000 grl_lambda=0.997 v18_lambda=0.000 gpu=3.0/11.8GB
[18:53:04] [ep_summary] ep=64/100 val_live=0.9630/0.9631 val_ema=0.9630/0.9634 test77_live=0.8489/0.8451 test77_diag_ema=0.8453/0.8455 v13=0.0000 grl=0.2160 v15=0.0000 v15r=0.0000 v16=0.0000 v17=0.0000 v18=0.0000 das=stage3[12,95] p=1.00 ep_time=32.9s
[18:53:04] [save] best_sourcequalified77_ema ep=64 source_val_live=0.9630/0.9631 source_val_ema=0.9630/0.9634 test77_ema=0.8453/0.8455
[18:53:04] [train] epoch 65/100 steps=40 use_dann=0 das=stage3 f=[12.0,95.0] p=1.00 gpu=3.0/11.8GB
[18:53:05] [train] ep=65 step=001/40 ce=0.2581 sc=0.6328 mi=0.0587 dn=0.0000 v13=0.0000 grl=0.1971 v15=0.0000 v15r=0.0000 v16=0.0000 v17=0.0000 v18=0.0000 acc=1.0000 lr=9.09e-05 lambda=0.000 grl_lambda=0.997 v18_lambda=0.000 gpu=3.0/11.8GB
[18:53:10] [train] ep=65 step=010/40 ce=0.2606 sc=0.9356 mi=0.0607 dn=0.0000 v13=0.0000 grl=0.1991 v15=0.0000 v15r=0.0000 v16=0.0000 v17=0.0000 v18=0.0000 acc=1.0000 lr=8.99e-05 lambda=0.000 grl_lambda=0.997 v18_lambda=0.000 gpu=3.0/11.8GB
[18:53:16] [train] ep=65 step=020/40 ce=0.3000 sc=0.8367 mi=0.0637 dn=0.0000 v13=0.0000 grl=0.2264 v15=0.0000 v15r=0.0000 v16=0.0000 v17=0.0000 v18=0.0000 acc=0.9969 lr=8.88e-05 lambda=0.000 grl_lambda=0.997 v18_lambda=0.000 gpu=3.0/11.8GB
[18:53:22] [train] ep=65 step=030/40 ce=0.2890 sc=0.7869 mi=0.0636 dn=0.0000 v13=0.0000 grl=0.2388 v15=0.0000 v15r=0.0000 v16=0.0000 v17=0.0000 v18=0.0000 acc=0.9979 lr=8.77e-05 lambda=0.000 grl_lambda=0.997 v18_lambda=0.000 gpu=3.0/11.8GB
[18:53:27] [train] ep=65 step=040/40 ce=0.2819 sc=0.7719 mi=0.0643 dn=0.0000 v13=0.0000 grl=0.2457 v15=0.0000 v15r=0.0000 v16=0.0000 v17=0.0000 v18=0.0000 acc=0.9984 lr=8.66e-05 lambda=0.000 grl_lambda=0.997 v18_lambda=0.000 gpu=3.0/11.8GB
[18:53:37] [ep_summary] ep=65/100 val_live=0.9691/0.9694 val_ema=0.9630/0.9634 test77_live=0.8022/0.7952 test77_diag_ema=0.8453/0.8457 v13=0.0000 grl=0.2457 v15=0.0000 v15r=0.0000 v16=0.0000 v17=0.0000 v18=0.0000 das=stage3[12,95] p=1.00 ep_time=32.9s
[18:53:37] [save] best_sourcequalified77_ema ep=65 source_val_live=0.9691/0.9694 source_val_ema=0.9630/0.9634 test77_ema=0.8453/0.8457
[18:53:37] [train] epoch 66/100 steps=40 use_dann=0 das=stage3 f=[12.0,95.0] p=1.00 gpu=3.0/11.8GB
[18:53:38] [train] ep=66 step=001/40 ce=0.2630 sc=0.9000 mi=0.0641 dn=0.0000 v13=0.0000 grl=0.1328 v15=0.0000 v15r=0.0000 v16=0.0000 v17=0.0000 v18=0.0000 acc=1.0000 lr=8.65e-05 lambda=0.000 grl_lambda=0.997 v18_lambda=0.000 gpu=3.0/11.8GB
[18:53:43] [train] ep=66 step=010/40 ce=0.3652 sc=0.9888 mi=0.0664 dn=0.0000 v13=0.0000 grl=0.2259 v15=0.0000 v15r=0.0000 v16=0.0000 v17=0.0000 v18=0.0000 acc=0.9875 lr=8.55e-05 lambda=0.000 grl_lambda=0.997 v18_lambda=0.000 gpu=3.0/11.8GB
[18:53:49] [train] ep=66 step=020/40 ce=0.3134 sc=0.9433 mi=0.0641 dn=0.0000 v13=0.0000 grl=0.2145 v15=0.0000 v15r=0.0000 v16=0.0000 v17=0.0000 v18=0.0000 acc=0.9938 lr=8.44e-05 lambda=0.000 grl_lambda=0.997 v18_lambda=0.000 gpu=3.0/11.8GB
[18:53:55] [train] ep=66 step=030/40 ce=0.3422 sc=0.9013 mi=0.0638 dn=0.0000 v13=0.0000 grl=0.2326 v15=0.0000 v15r=0.0000 v16=0.0000 v17=0.0000 v18=0.0000 acc=0.9917 lr=8.33e-05 lambda=0.000 grl_lambda=0.997 v18_lambda=0.000 gpu=3.0/11.8GB
[18:54:00] [train] ep=66 step=040/40 ce=0.3215 sc=0.8701 mi=0.0640 dn=0.0000 v13=0.0000 grl=0.2307 v15=0.0000 v15r=0.0000 v16=0.0000 v17=0.0000 v18=0.0000 acc=0.9938 lr=8.22e-05 lambda=0.000 grl_lambda=0.997 v18_lambda=0.000 gpu=3.0/11.8GB
[18:54:10] [ep_summary] ep=66/100 val_live=0.9691/0.9694 val_ema=0.9630/0.9634 test77_live=0.8201/0.8117 test77_diag_ema=0.8453/0.8457 v13=0.0000 grl=0.2307 v15=0.0000 v15r=0.0000 v16=0.0000 v17=0.0000 v18=0.0000 das=stage3[12,95] p=1.00 ep_time=32.9s
[18:54:10] [train] epoch 67/100 steps=40 use_dann=0 das=stage3 f=[12.0,95.0] p=1.00 gpu=3.0/11.8GB
[18:54:11] [train] ep=67 step=001/40 ce=0.2597 sc=0.6166 mi=0.0681 dn=0.0000 v13=0.0000 grl=0.1932 v15=0.0000 v15r=0.0000 v16=0.0000 v17=0.0000 v18=0.0000 acc=1.0000 lr=8.21e-05 lambda=0.000 grl_lambda=0.997 v18_lambda=0.000 gpu=3.0/11.8GB
[18:54:16] [train] ep=67 step=010/40 ce=0.3840 sc=0.8208 mi=0.0630 dn=0.0000 v13=0.0000 grl=0.1933 v15=0.0000 v15r=0.0000 v16=0.0000 v17=0.0000 v18=0.0000 acc=0.9875 lr=8.11e-05 lambda=0.000 grl_lambda=0.997 v18_lambda=0.000 gpu=3.0/11.8GB
[18:54:22] [train] ep=67 step=020/40 ce=0.3234 sc=0.7149 mi=0.0631 dn=0.0000 v13=0.0000 grl=0.2052 v15=0.0000 v15r=0.0000 v16=0.0000 v17=0.0000 v18=0.0000 acc=0.9938 lr=8.01e-05 lambda=0.000 grl_lambda=0.997 v18_lambda=0.000 gpu=3.0/11.8GB
[18:54:27] [train] ep=67 step=030/40 ce=0.3255 sc=0.7160 mi=0.0632 dn=0.0000 v13=0.0000 grl=0.2258 v15=0.0000 v15r=0.0000 v16=0.0000 v17=0.0000 v18=0.0000 acc=0.9958 lr=7.90e-05 lambda=0.000 grl_lambda=0.997 v18_lambda=0.000 gpu=3.0/11.8GB
[18:54:33] [train] ep=67 step=040/40 ce=0.3273 sc=0.7397 mi=0.0634 dn=0.0000 v13=0.0000 grl=0.2269 v15=0.0000 v15r=0.0000 v16=0.0000 v17=0.0000 v18=0.0000 acc=0.9953 lr=7.79e-05 lambda=0.000 grl_lambda=0.998 v18_lambda=0.000 gpu=3.0/11.8GB
[18:55:08] [ep_summary] ep=67/100 val_live=0.9630/0.9631 val_ema=0.9630/0.9634 test77_live=0.8453/0.8360 test77_diag_ema=0.8561/0.8567 v13=0.0000 grl=0.2269 v15=0.0000 v15r=0.0000 v16=0.0000 v17=0.0000 v18=0.0000 das=stage3[12,95] p=1.00 ep_time=58.1s
[18:55:59] [save] best_sourcequalified77_ema ep=67 source_val_live=0.9630/0.9631 source_val_ema=0.9630/0.9634 test77_ema=0.8561/0.8567
[18:55:59] [train] epoch 68/100 steps=40 use_dann=0 das=stage3 f=[12.0,95.0] p=1.00 gpu=3.0/11.8GB
[18:56:02] [train] ep=68 step=001/40 ce=0.2666 sc=0.7376 mi=0.0633 dn=0.0000 v13=0.0000 grl=0.2404 v15=0.0000 v15r=0.0000 v16=0.0000 v17=0.0000 v18=0.0000 acc=1.0000 lr=7.78e-05 lambda=0.000 grl_lambda=0.998 v18_lambda=0.000 gpu=3.0/11.8GB
[18:56:07] [train] ep=68 step=010/40 ce=0.2752 sc=0.6732 mi=0.0679 dn=0.0000 v13=0.0000 grl=0.2783 v15=0.0000 v15r=0.0000 v16=0.0000 v17=0.0000 v18=0.0000 acc=1.0000 lr=7.69e-05 lambda=0.000 grl_lambda=0.998 v18_lambda=0.000 gpu=3.0/11.8GB
[18:56:13] [train] ep=68 step=020/40 ce=0.2677 sc=0.7674 mi=0.0650 dn=0.0000 v13=0.0000 grl=0.2671 v15=0.0000 v15r=0.0000 v16=0.0000 v17=0.0000 v18=0.0000 acc=1.0000 lr=7.58e-05 lambda=0.000 grl_lambda=0.998 v18_lambda=0.000 gpu=3.0/11.8GB
[18:56:19] [train] ep=68 step=030/40 ce=0.2896 sc=0.7790 mi=0.0650 dn=0.0000 v13=0.0000 grl=0.2613 v15=0.0000 v15r=0.0000 v16=0.0000 v17=0.0000 v18=0.0000 acc=0.9979 lr=7.48e-05 lambda=0.000 grl_lambda=0.998 v18_lambda=0.000 gpu=3.0/11.8GB
[18:56:24] [train] ep=68 step=040/40 ce=0.2827 sc=0.8009 mi=0.0653 dn=0.0000 v13=0.0000 grl=0.2555 v15=0.0000 v15r=0.0000 v16=0.0000 v17=0.0000 v18=0.0000 acc=0.9984 lr=7.37e-05 lambda=0.000 grl_lambda=0.998 v18_lambda=0.000 gpu=3.0/11.8GB
[18:56:45] [ep_summary] ep=68/100 val_live=0.9630/0.9631 val_ema=0.9630/0.9634 test77_live=0.8561/0.8496 test77_diag_ema=0.8561/0.8567 v13=0.0000 grl=0.2555 v15=0.0000 v15r=0.0000 v16=0.0000 v17=0.0000 v18=0.0000 das=stage3[12,95] p=1.00 ep_time=46.4s
[18:56:45] [train] epoch 69/100 steps=40 use_dann=0 das=stage3 f=[12.0,95.0] p=1.00 gpu=3.0/11.8GB
[18:56:46] [train] ep=69 step=001/40 ce=0.2573 sc=0.8449 mi=0.0705 dn=0.0000 v13=0.0000 grl=0.2914 v15=0.0000 v15r=0.0000 v16=0.0000 v17=0.0000 v18=0.0000 acc=1.0000 lr=7.36e-05 lambda=0.000 grl_lambda=0.998 v18_lambda=0.000 gpu=3.0/11.8GB
[18:56:51] [train] ep=69 step=010/40 ce=0.4214 sc=0.6924 mi=0.0639 dn=0.0000 v13=0.0000 grl=0.2184 v15=0.0000 v15r=0.0000 v16=0.0000 v17=0.0000 v18=0.0000 acc=0.9875 lr=7.27e-05 lambda=0.000 grl_lambda=0.998 v18_lambda=0.000 gpu=3.0/11.8GB
[18:56:57] [train] ep=69 step=020/40 ce=0.3490 sc=0.6965 mi=0.0623 dn=0.0000 v13=0.0000 grl=0.2264 v15=0.0000 v15r=0.0000 v16=0.0000 v17=0.0000 v18=0.0000 acc=0.9938 lr=7.16e-05 lambda=0.000 grl_lambda=0.998 v18_lambda=0.000 gpu=3.0/11.8GB
[18:57:03] [train] ep=69 step=030/40 ce=0.3218 sc=0.7423 mi=0.0632 dn=0.0000 v13=0.0000 grl=0.2381 v15=0.0000 v15r=0.0000 v16=0.0000 v17=0.0000 v18=0.0000 acc=0.9958 lr=7.06e-05 lambda=0.000 grl_lambda=0.998 v18_lambda=0.000 gpu=3.0/11.8GB
[18:57:08] [train] ep=69 step=040/40 ce=0.3097 sc=0.7015 mi=0.0636 dn=0.0000 v13=0.0000 grl=0.2421 v15=0.0000 v15r=0.0000 v16=0.0000 v17=0.0000 v18=0.0000 acc=0.9969 lr=6.96e-05 lambda=0.000 grl_lambda=0.998 v18_lambda=0.000 gpu=3.0/11.8GB
[18:57:18] [ep_summary] ep=69/100 val_live=0.9753/0.9756 val_ema=0.9630/0.9634 test77_live=0.8741/0.8704 test77_diag_ema=0.8561/0.8560 v13=0.0000 grl=0.2421 v15=0.0000 v15r=0.0000 v16=0.0000 v17=0.0000 v18=0.0000 das=stage3[12,95] p=1.00 ep_time=32.9s
[18:57:18] [train] epoch 70/100 steps=40 use_dann=0 das=stage3 f=[12.0,95.0] p=1.00 gpu=3.0/11.8GB
[18:57:19] [train] ep=70 step=001/40 ce=0.2592 sc=0.7754 mi=0.0724 dn=0.0000 v13=0.0000 grl=0.1551 v15=0.0000 v15r=0.0000 v16=0.0000 v17=0.0000 v18=0.0000 acc=1.0000 lr=6.95e-05 lambda=0.000 grl_lambda=0.998 v18_lambda=0.000 gpu=3.0/11.8GB
[18:57:24] [train] ep=70 step=010/40 ce=0.2911 sc=0.8414 mi=0.0662 dn=0.0000 v13=0.0000 grl=0.2616 v15=0.0000 v15r=0.0000 v16=0.0000 v17=0.0000 v18=0.0000 acc=1.0000 lr=6.85e-05 lambda=0.000 grl_lambda=0.998 v18_lambda=0.000 gpu=3.0/11.8GB
[18:57:30] [train] ep=70 step=020/40 ce=0.3117 sc=0.8677 mi=0.0635 dn=0.0000 v13=0.0000 grl=0.2635 v15=0.0000 v15r=0.0000 v16=0.0000 v17=0.0000 v18=0.0000 acc=0.9969 lr=6.75e-05 lambda=0.000 grl_lambda=0.998 v18_lambda=0.000 gpu=3.0/11.8GB
[18:57:36] [train] ep=70 step=030/40 ce=0.3457 sc=0.8421 mi=0.0641 dn=0.0000 v13=0.0000 grl=0.2452 v15=0.0000 v15r=0.0000 v16=0.0000 v17=0.0000 v18=0.0000 acc=0.9938 lr=6.65e-05 lambda=0.000 grl_lambda=0.998 v18_lambda=0.000 gpu=3.0/11.8GB
[18:57:41] [train] ep=70 step=040/40 ce=0.3428 sc=0.8052 mi=0.0644 dn=0.0000 v13=0.0000 grl=0.2508 v15=0.0000 v15r=0.0000 v16=0.0000 v17=0.0000 v18=0.0000 acc=0.9938 lr=6.55e-05 lambda=0.000 grl_lambda=0.998 v18_lambda=0.000 gpu=3.0/11.8GB
[18:57:51] [pool] check ep=070/100 source_val_acc_ema=0.9691 threshold=0.90
[18:57:56] [pool] ep=070 ADDED src_val=0.9691/0.9694 dev77=0.8143/0.8127 final77=0.8669/0.8658
[18:57:56] [pool] running best ep=070 dev77_f1=0.8127 final77_f1=0.8658 (pool_size=5)
[18:57:56] [ep_summary] ep=70/100 val_live=0.9630/0.9631 val_ema=0.9691/0.9694 test77_live=0.8633/0.8580 test77_diag_ema=0.8669/0.8658 v13=0.0000 grl=0.2508 v15=0.0000 v15r=0.0000 v16=0.0000 v17=0.0000 v18=0.0000 das=stage3[12,95] p=1.00 ep_time=37.7s
[18:57:56] [save] best_sourceval_ema val_acc_ema=0.9691 source_val_live=0.9630/0.9631 source_val_ema=0.9691/0.9694 ep=70
[18:57:56] [save] best_sourcequalified77_ema ep=70 source_val_live=0.9630/0.9631 source_val_ema=0.9691/0.9694 test77_ema=0.8669/0.8658
[18:57:56] [strict77_monitor] ep=70 best_source_epoch=70 source_val_ema=0.9691/0.9694 test77_ema_diag=0.8669/0.8658 sourcequalified_count=41 best_sourcequalified77_epoch=70 source_val_ema=0.9691/0.9694 test77_ema=0.8669/0.8658
[18:57:56] [train] epoch 71/100 steps=40 use_dann=0 das=stage3 f=[12.0,95.0] p=1.00 gpu=3.0/11.8GB
[18:57:57] [train] ep=71 step=001/40 ce=0.2695 sc=0.9984 mi=0.0705 dn=0.0000 v13=0.0000 grl=0.2668 v15=0.0000 v15r=0.0000 v16=0.0000 v17=0.0000 v18=0.0000 acc=1.0000 lr=6.54e-05 lambda=0.000 grl_lambda=0.998 v18_lambda=0.000 gpu=3.0/11.8GB
[18:58:02] [train] ep=71 step=010/40 ce=0.2828 sc=0.6628 mi=0.0657 dn=0.0000 v13=0.0000 grl=0.2658 v15=0.0000 v15r=0.0000 v16=0.0000 v17=0.0000 v18=0.0000 acc=1.0000 lr=6.45e-05 lambda=0.000 grl_lambda=0.998 v18_lambda=0.000 gpu=3.0/11.8GB
[18:58:07] [train] ep=71 step=020/40 ce=0.2716 sc=0.7351 mi=0.0648 dn=0.0000 v13=0.0000 grl=0.2582 v15=0.0000 v15r=0.0000 v16=0.0000 v17=0.0000 v18=0.0000 acc=1.0000 lr=6.35e-05 lambda=0.000 grl_lambda=0.998 v18_lambda=0.000 gpu=3.0/11.8GB
[18:58:13] [train] ep=71 step=030/40 ce=0.2692 sc=0.7578 mi=0.0649 dn=0.0000 v13=0.0000 grl=0.2590 v15=0.0000 v15r=0.0000 v16=0.0000 v17=0.0000 v18=0.0000 acc=1.0000 lr=6.25e-05 lambda=0.000 grl_lambda=0.998 v18_lambda=0.000 gpu=3.0/11.8GB
[18:58:19] [train] ep=71 step=040/40 ce=0.2669 sc=0.7469 mi=0.0649 dn=0.0000 v13=0.0000 grl=0.2539 v15=0.0000 v15r=0.0000 v16=0.0000 v17=0.0000 v18=0.0000 acc=1.0000 lr=6.15e-05 lambda=0.000 grl_lambda=0.998 v18_lambda=0.000 gpu=3.0/11.8GB
[18:58:29] [ep_summary] ep=71/100 val_live=0.9691/0.9694 val_ema=0.9691/0.9694 test77_live=0.8381/0.8328 test77_diag_ema=0.8597/0.8577 v13=0.0000 grl=0.2539 v15=0.0000 v15r=0.0000 v16=0.0000 v17=0.0000 v18=0.0000 das=stage3[12,95] p=1.00 ep_time=32.9s
[18:58:29] [train] epoch 72/100 steps=40 use_dann=0 das=stage3 f=[12.0,95.0] p=1.00 gpu=3.0/11.8GB
[18:58:29] [train] ep=72 step=001/40 ce=0.2572 sc=0.7316 mi=0.0487 dn=0.0000 v13=0.0000 grl=0.2232 v15=0.0000 v15r=0.0000 v16=0.0000 v17=0.0000 v18=0.0000 acc=1.0000 lr=6.14e-05 lambda=0.000 grl_lambda=0.998 v18_lambda=0.000 gpu=3.0/11.8GB
[18:58:35] [train] ep=72 step=010/40 ce=0.3739 sc=0.9622 mi=0.0650 dn=0.0000 v13=0.0000 grl=0.2406 v15=0.0000 v15r=0.0000 v16=0.0000 v17=0.0000 v18=0.0000 acc=0.9938 lr=6.06e-05 lambda=0.000 grl_lambda=0.998 v18_lambda=0.000 gpu=3.0/11.8GB
[18:58:40] [train] ep=72 step=020/40 ce=0.3175 sc=0.8472 mi=0.0646 dn=0.0000 v13=0.0000 grl=0.2361 v15=0.0000 v15r=0.0000 v16=0.0000 v17=0.0000 v18=0.0000 acc=0.9969 lr=5.96e-05 lambda=0.000 grl_lambda=0.998 v18_lambda=0.000 gpu=3.0/11.8GB
[18:58:46] [train] ep=72 step=030/40 ce=0.3018 sc=0.8134 mi=0.0655 dn=0.0000 v13=0.0000 grl=0.2341 v15=0.0000 v15r=0.0000 v16=0.0000 v17=0.0000 v18=0.0000 acc=0.9979 lr=5.86e-05 lambda=0.000 grl_lambda=0.998 v18_lambda=0.000 gpu=3.0/11.8GB
[18:58:52] [train] ep=72 step=040/40 ce=0.2909 sc=0.7742 mi=0.0658 dn=0.0000 v13=0.0000 grl=0.2422 v15=0.0000 v15r=0.0000 v16=0.0000 v17=0.0000 v18=0.0000 acc=0.9984 lr=5.77e-05 lambda=0.000 grl_lambda=0.999 v18_lambda=0.000 gpu=3.0/11.8GB
[18:59:02] [ep_summary] ep=72/100 val_live=0.9691/0.9694 val_ema=0.9691/0.9694 test77_live=0.8129/0.8037 test77_diag_ema=0.8597/0.8577 v13=0.0000 grl=0.2422 v15=0.0000 v15r=0.0000 v16=0.0000 v17=0.0000 v18=0.0000 das=stage3[12,95] p=1.00 ep_time=32.9s
[18:59:02] [train] epoch 73/100 steps=40 use_dann=0 das=stage3 f=[12.0,95.0] p=1.00 gpu=3.0/11.8GB
[18:59:02] [train] ep=73 step=001/40 ce=0.2628 sc=0.6202 mi=0.0615 dn=0.0000 v13=0.0000 grl=0.2948 v15=0.0000 v15r=0.0000 v16=0.0000 v17=0.0000 v18=0.0000 acc=1.0000 lr=5.76e-05 lambda=0.000 grl_lambda=0.999 v18_lambda=0.000 gpu=3.0/11.8GB
[18:59:08] [train] ep=73 step=010/40 ce=0.2588 sc=0.6794 mi=0.0617 dn=0.0000 v13=0.0000 grl=0.2331 v15=0.0000 v15r=0.0000 v16=0.0000 v17=0.0000 v18=0.0000 acc=1.0000 lr=5.67e-05 lambda=0.000 grl_lambda=0.999 v18_lambda=0.000 gpu=3.0/11.8GB
[18:59:13] [train] ep=73 step=020/40 ce=0.2607 sc=0.7450 mi=0.0625 dn=0.0000 v13=0.0000 grl=0.2406 v15=0.0000 v15r=0.0000 v16=0.0000 v17=0.0000 v18=0.0000 acc=1.0000 lr=5.58e-05 lambda=0.000 grl_lambda=0.999 v18_lambda=0.000 gpu=3.0/11.8GB
[18:59:19] [train] ep=73 step=030/40 ce=0.2599 sc=0.7343 mi=0.0631 dn=0.0000 v13=0.0000 grl=0.2501 v15=0.0000 v15r=0.0000 v16=0.0000 v17=0.0000 v18=0.0000 acc=1.0000 lr=5.48e-05 lambda=0.000 grl_lambda=0.999 v18_lambda=0.000 gpu=3.0/11.8GB
[18:59:25] [train] ep=73 step=040/40 ce=0.2596 sc=0.6994 mi=0.0632 dn=0.0000 v13=0.0000 grl=0.2497 v15=0.0000 v15r=0.0000 v16=0.0000 v17=0.0000 v18=0.0000 acc=1.0000 lr=5.39e-05 lambda=0.000 grl_lambda=0.999 v18_lambda=0.000 gpu=3.0/11.8GB
[18:59:35] [ep_summary] ep=73/100 val_live=0.9691/0.9694 val_ema=0.9691/0.9694 test77_live=0.8237/0.8168 test77_diag_ema=0.8597/0.8577 v13=0.0000 grl=0.2497 v15=0.0000 v15r=0.0000 v16=0.0000 v17=0.0000 v18=0.0000 das=stage3[12,95] p=1.00 ep_time=32.9s
[18:59:35] [train] epoch 74/100 steps=40 use_dann=0 das=stage3 f=[12.0,95.0] p=1.00 gpu=3.0/11.8GB
[18:59:35] [train] ep=74 step=001/40 ce=0.2604 sc=1.3333 mi=0.0746 dn=0.0000 v13=0.0000 grl=0.3258 v15=0.0000 v15r=0.0000 v16=0.0000 v17=0.0000 v18=0.0000 acc=1.0000 lr=5.38e-05 lambda=0.000 grl_lambda=0.999 v18_lambda=0.000 gpu=3.0/11.8GB
[18:59:40] [train] ep=74 step=010/40 ce=0.3161 sc=0.8955 mi=0.0644 dn=0.0000 v13=0.0000 grl=0.2757 v15=0.0000 v15r=0.0000 v16=0.0000 v17=0.0000 v18=0.0000 acc=0.9938 lr=5.30e-05 lambda=0.000 grl_lambda=0.999 v18_lambda=0.000 gpu=3.0/11.8GB
[18:59:46] [train] ep=74 step=020/40 ce=0.3197 sc=0.8520 mi=0.0635 dn=0.0000 v13=0.0000 grl=0.2618 v15=0.0000 v15r=0.0000 v16=0.0000 v17=0.0000 v18=0.0000 acc=0.9938 lr=5.20e-05 lambda=0.000 grl_lambda=0.999 v18_lambda=0.000 gpu=3.0/11.8GB
[18:59:52] [train] ep=74 step=030/40 ce=0.2999 sc=0.7955 mi=0.0636 dn=0.0000 v13=0.0000 grl=0.2637 v15=0.0000 v15r=0.0000 v16=0.0000 v17=0.0000 v18=0.0000 acc=0.9958 lr=5.11e-05 lambda=0.000 grl_lambda=0.999 v18_lambda=0.000 gpu=3.0/11.8GB
[18:59:58] [train] ep=74 step=040/40 ce=0.3410 sc=0.8354 mi=0.0645 dn=0.0000 v13=0.0000 grl=0.2622 v15=0.0000 v15r=0.0000 v16=0.0000 v17=0.0000 v18=0.0000 acc=0.9938 lr=5.02e-05 lambda=0.000 grl_lambda=0.999 v18_lambda=0.000 gpu=3.0/11.8GB
[19:00:08] [ep_summary] ep=74/100 val_live=0.9630/0.9631 val_ema=0.9691/0.9694 test77_live=0.8237/0.8156 test77_diag_ema=0.8561/0.8542 v13=0.0000 grl=0.2622 v15=0.0000 v15r=0.0000 v16=0.0000 v17=0.0000 v18=0.0000 das=stage3[12,95] p=1.00 ep_time=32.9s
[19:00:08] [train] epoch 75/100 steps=40 use_dann=0 das=stage3 f=[12.0,95.0] p=1.00 gpu=3.0/11.8GB
[19:00:08] [train] ep=75 step=001/40 ce=0.2579 sc=0.8508 mi=0.0609 dn=0.0000 v13=0.0000 grl=0.2047 v15=0.0000 v15r=0.0000 v16=0.0000 v17=0.0000 v18=0.0000 acc=1.0000 lr=5.01e-05 lambda=0.000 grl_lambda=0.999 v18_lambda=0.000 gpu=3.0/11.8GB
[19:00:13] [train] ep=75 step=010/40 ce=0.3614 sc=0.7664 mi=0.0638 dn=0.0000 v13=0.0000 grl=0.2396 v15=0.0000 v15r=0.0000 v16=0.0000 v17=0.0000 v18=0.0000 acc=0.9938 lr=4.93e-05 lambda=0.000 grl_lambda=0.999 v18_lambda=0.000 gpu=3.0/11.8GB
[19:00:19] [train] ep=75 step=020/40 ce=0.3465 sc=0.7688 mi=0.0642 dn=0.0000 v13=0.0000 grl=0.2400 v15=0.0000 v15r=0.0000 v16=0.0000 v17=0.0000 v18=0.0000 acc=0.9938 lr=4.84e-05 lambda=0.000 grl_lambda=0.999 v18_lambda=0.000 gpu=3.0/11.8GB
[19:00:25] [train] ep=75 step=030/40 ce=0.3324 sc=0.7906 mi=0.0643 dn=0.0000 v13=0.0000 grl=0.2380 v15=0.0000 v15r=0.0000 v16=0.0000 v17=0.0000 v18=0.0000 acc=0.9958 lr=4.75e-05 lambda=0.000 grl_lambda=0.999 v18_lambda=0.000 gpu=3.0/11.8GB
[19:00:31] [train] ep=75 step=040/40 ce=0.3298 sc=0.8037 mi=0.0644 dn=0.0000 v13=0.0000 grl=0.2357 v15=0.0000 v15r=0.0000 v16=0.0000 v17=0.0000 v18=0.0000 acc=0.9953 lr=4.66e-05 lambda=0.000 grl_lambda=0.999 v18_lambda=0.000 gpu=3.0/11.8GB
[19:00:41] [ep_summary] ep=75/100 val_live=0.9630/0.9631 val_ema=0.9691/0.9694 test77_live=0.8309/0.8245 test77_diag_ema=0.8561/0.8534 v13=0.0000 grl=0.2357 v15=0.0000 v15r=0.0000 v16=0.0000 v17=0.0000 v18=0.0000 das=stage3[12,95] p=1.00 ep_time=33.0s
[19:00:41] [train] epoch 76/100 steps=40 use_dann=0 das=stage3 f=[12.0,95.0] p=1.00 gpu=3.0/11.8GB
[19:00:41] [train] ep=76 step=001/40 ce=0.2563 sc=0.5697 mi=0.0625 dn=0.0000 v13=0.0000 grl=0.2740 v15=0.0000 v15r=0.0000 v16=0.0000 v17=0.0000 v18=0.0000 acc=1.0000 lr=4.65e-05 lambda=0.000 grl_lambda=0.999 v18_lambda=0.000 gpu=3.0/11.8GB
[19:00:46] [train] ep=76 step=010/40 ce=0.2646 sc=0.6416 mi=0.0646 dn=0.0000 v13=0.0000 grl=0.2597 v15=0.0000 v15r=0.0000 v16=0.0000 v17=0.0000 v18=0.0000 acc=1.0000 lr=4.58e-05 lambda=0.000 grl_lambda=0.999 v18_lambda=0.000 gpu=3.0/11.8GB
[19:00:52] [train] ep=76 step=020/40 ce=0.2622 sc=0.6921 mi=0.0657 dn=0.0000 v13=0.0000 grl=0.2506 v15=0.0000 v15r=0.0000 v16=0.0000 v17=0.0000 v18=0.0000 acc=1.0000 lr=4.49e-05 lambda=0.000 grl_lambda=0.999 v18_lambda=0.000 gpu=3.0/11.8GB
[19:00:58] [train] ep=76 step=030/40 ce=0.2636 sc=0.6967 mi=0.0657 dn=0.0000 v13=0.0000 grl=0.2571 v15=0.0000 v15r=0.0000 v16=0.0000 v17=0.0000 v18=0.0000 acc=1.0000 lr=4.40e-05 lambda=0.000 grl_lambda=0.999 v18_lambda=0.000 gpu=3.0/11.8GB
[19:01:04] [train] ep=76 step=040/40 ce=0.2628 sc=0.7134 mi=0.0648 dn=0.0000 v13=0.0000 grl=0.2557 v15=0.0000 v15r=0.0000 v16=0.0000 v17=0.0000 v18=0.0000 acc=1.0000 lr=4.32e-05 lambda=0.000 grl_lambda=0.999 v18_lambda=0.000 gpu=3.0/11.8GB
[19:01:14] [ep_summary] ep=76/100 val_live=0.9630/0.9631 val_ema=0.9630/0.9631 test77_live=0.8309/0.8241 test77_diag_ema=0.8561/0.8534 v13=0.0000 grl=0.2557 v15=0.0000 v15r=0.0000 v16=0.0000 v17=0.0000 v18=0.0000 das=stage3[12,95] p=1.00 ep_time=32.9s
[19:01:14] [train] epoch 77/100 steps=40 use_dann=0 das=stage3 f=[12.0,95.0] p=1.00 gpu=3.0/11.8GB
[19:01:14] [train] ep=77 step=001/40 ce=0.2638 sc=0.6387 mi=0.0646 dn=0.0000 v13=0.0000 grl=0.2289 v15=0.0000 v15r=0.0000 v16=0.0000 v17=0.0000 v18=0.0000 acc=1.0000 lr=4.31e-05 lambda=0.000 grl_lambda=0.999 v18_lambda=0.000 gpu=3.0/11.8GB
[19:01:19] [train] ep=77 step=010/40 ce=0.3290 sc=0.6891 mi=0.0668 dn=0.0000 v13=0.0000 grl=0.2301 v15=0.0000 v15r=0.0000 v16=0.0000 v17=0.0000 v18=0.0000 acc=0.9938 lr=4.23e-05 lambda=0.000 grl_lambda=0.999 v18_lambda=0.000 gpu=3.0/11.8GB
[19:01:25] [train] ep=77 step=020/40 ce=0.3175 sc=0.6945 mi=0.0651 dn=0.0000 v13=0.0000 grl=0.2505 v15=0.0000 v15r=0.0000 v16=0.0000 v17=0.0000 v18=0.0000 acc=0.9938 lr=4.15e-05 lambda=0.000 grl_lambda=0.999 v18_lambda=0.000 gpu=3.0/11.8GB
[19:01:31] [train] ep=77 step=030/40 ce=0.3092 sc=0.7195 mi=0.0654 dn=0.0000 v13=0.0000 grl=0.2491 v15=0.0000 v15r=0.0000 v16=0.0000 v17=0.0000 v18=0.0000 acc=0.9958 lr=4.06e-05 lambda=0.000 grl_lambda=0.999 v18_lambda=0.000 gpu=3.0/11.8GB
[19:01:37] [train] ep=77 step=040/40 ce=0.2962 sc=0.7555 mi=0.0655 dn=0.0000 v13=0.0000 grl=0.2470 v15=0.0000 v15r=0.0000 v16=0.0000 v17=0.0000 v18=0.0000 acc=0.9969 lr=3.98e-05 lambda=0.000 grl_lambda=0.999 v18_lambda=0.000 gpu=3.0/11.8GB
[19:01:47] [ep_summary] ep=77/100 val_live=0.9753/0.9756 val_ema=0.9630/0.9631 test77_live=0.8381/0.8338 test77_diag_ema=0.8597/0.8571 v13=0.0000 grl=0.2470 v15=0.0000 v15r=0.0000 v16=0.0000 v17=0.0000 v18=0.0000 das=stage3[12,95] p=1.00 ep_time=33.0s
[19:01:47] [train] epoch 78/100 steps=40 use_dann=0 das=stage3 f=[12.0,95.0] p=1.00 gpu=3.0/11.8GB
[19:01:47] [train] ep=78 step=001/40 ce=0.2591 sc=1.0849 mi=0.0637 dn=0.0000 v13=0.0000 grl=0.2585 v15=0.0000 v15r=0.0000 v16=0.0000 v17=0.0000 v18=0.0000 acc=1.0000 lr=3.97e-05 lambda=0.000 grl_lambda=0.999 v18_lambda=0.000 gpu=3.0/11.8GB
[19:01:52] [train] ep=78 step=010/40 ce=0.3521 sc=0.7593 mi=0.0635 dn=0.0000 v13=0.0000 grl=0.2451 v15=0.0000 v15r=0.0000 v16=0.0000 v17=0.0000 v18=0.0000 acc=0.9938 lr=3.90e-05 lambda=0.000 grl_lambda=0.999 v18_lambda=0.000 gpu=3.0/11.8GB
[19:01:58] [train] ep=78 step=020/40 ce=0.3049 sc=0.7378 mi=0.0625 dn=0.0000 v13=0.0000 grl=0.2284 v15=0.0000 v15r=0.0000 v16=0.0000 v17=0.0000 v18=0.0000 acc=0.9969 lr=3.82e-05 lambda=0.000 grl_lambda=0.999 v18_lambda=0.000 gpu=3.0/11.8GB
[19:02:04] [train] ep=78 step=030/40 ce=0.2895 sc=0.7735 mi=0.0623 dn=0.0000 v13=0.0000 grl=0.2350 v15=0.0000 v15r=0.0000 v16=0.0000 v17=0.0000 v18=0.0000 acc=0.9979 lr=3.74e-05 lambda=0.000 grl_lambda=0.999 v18_lambda=0.000 gpu=3.0/11.8GB
[19:02:10] [train] ep=78 step=040/40 ce=0.2899 sc=0.7569 mi=0.0623 dn=0.0000 v13=0.0000 grl=0.2329 v15=0.0000 v15r=0.0000 v16=0.0000 v17=0.0000 v18=0.0000 acc=0.9984 lr=3.66e-05 lambda=0.000 grl_lambda=0.999 v18_lambda=0.000 gpu=3.0/11.8GB
[19:02:20] [ep_summary] ep=78/100 val_live=0.9691/0.9695 val_ema=0.9630/0.9631 test77_live=0.8381/0.8345 test77_diag_ema=0.8597/0.8571 v13=0.0000 grl=0.2329 v15=0.0000 v15r=0.0000 v16=0.0000 v17=0.0000 v18=0.0000 das=stage3[12,95] p=1.00 ep_time=32.9s
[19:02:20] [train] epoch 79/100 steps=40 use_dann=0 das=stage3 f=[12.0,95.0] p=1.00 gpu=3.0/11.8GB
[19:02:20] [train] ep=79 step=001/40 ce=0.2578 sc=0.6478 mi=0.0655 dn=0.0000 v13=0.0000 grl=0.2255 v15=0.0000 v15r=0.0000 v16=0.0000 v17=0.0000 v18=0.0000 acc=1.0000 lr=3.65e-05 lambda=0.000 grl_lambda=0.999 v18_lambda=0.000 gpu=3.0/11.8GB
[19:02:25] [train] ep=79 step=010/40 ce=0.3195 sc=0.8157 mi=0.0648 dn=0.0000 v13=0.0000 grl=0.2647 v15=0.0000 v15r=0.0000 v16=0.0000 v17=0.0000 v18=0.0000 acc=0.9938 lr=3.58e-05 lambda=0.000 grl_lambda=0.999 v18_lambda=0.000 gpu=3.0/11.8GB
[19:02:31] [train] ep=79 step=020/40 ce=0.2961 sc=0.8512 mi=0.0653 dn=0.0000 v13=0.0000 grl=0.2652 v15=0.0000 v15r=0.0000 v16=0.0000 v17=0.0000 v18=0.0000 acc=0.9969 lr=3.50e-05 lambda=0.000 grl_lambda=0.999 v18_lambda=0.000 gpu=3.0/11.8GB
[19:02:37] [train] ep=79 step=030/40 ce=0.2846 sc=0.7815 mi=0.0646 dn=0.0000 v13=0.0000 grl=0.2582 v15=0.0000 v15r=0.0000 v16=0.0000 v17=0.0000 v18=0.0000 acc=0.9979 lr=3.42e-05 lambda=0.000 grl_lambda=0.999 v18_lambda=0.000 gpu=3.0/11.8GB
[19:02:43] [train] ep=79 step=040/40 ce=0.2781 sc=0.7927 mi=0.0645 dn=0.0000 v13=0.0000 grl=0.2572 v15=0.0000 v15r=0.0000 v16=0.0000 v17=0.0000 v18=0.0000 acc=0.9984 lr=3.35e-05 lambda=0.000 grl_lambda=0.999 v18_lambda=0.000 gpu=3.0/11.8GB
[19:02:53] [ep_summary] ep=79/100 val_live=0.9691/0.9694 val_ema=0.9691/0.9694 test77_live=0.8237/0.8194 test77_diag_ema=0.8597/0.8571 v13=0.0000 grl=0.2572 v15=0.0000 v15r=0.0000 v16=0.0000 v17=0.0000 v18=0.0000 das=stage3[12,95] p=1.00 ep_time=33.0s
[19:02:53] [train] epoch 80/100 steps=40 use_dann=0 das=stage3 f=[12.0,95.0] p=1.00 gpu=3.0/11.8GB
[19:02:53] [train] ep=80 step=001/40 ce=0.2580 sc=0.4227 mi=0.0563 dn=0.0000 v13=0.0000 grl=0.1736 v15=0.0000 v15r=0.0000 v16=0.0000 v17=0.0000 v18=0.0000 acc=1.0000 lr=3.34e-05 lambda=0.000 grl_lambda=0.999 v18_lambda=0.000 gpu=3.0/11.8GB
[19:02:58] [train] ep=80 step=010/40 ce=0.2804 sc=0.7098 mi=0.0621 dn=0.0000 v13=0.0000 grl=0.2495 v15=0.0000 v15r=0.0000 v16=0.0000 v17=0.0000 v18=0.0000 acc=1.0000 lr=3.27e-05 lambda=0.000 grl_lambda=0.999 v18_lambda=0.000 gpu=3.0/11.8GB
[19:03:04] [train] ep=80 step=020/40 ce=0.2694 sc=0.7595 mi=0.0633 dn=0.0000 v13=0.0000 grl=0.2483 v15=0.0000 v15r=0.0000 v16=0.0000 v17=0.0000 v18=0.0000 acc=1.0000 lr=3.19e-05 lambda=0.000 grl_lambda=0.999 v18_lambda=0.000 gpu=3.0/11.8GB
[19:03:10] [train] ep=80 step=030/40 ce=0.2806 sc=0.7581 mi=0.0642 dn=0.0000 v13=0.0000 grl=0.2491 v15=0.0000 v15r=0.0000 v16=0.0000 v17=0.0000 v18=0.0000 acc=0.9979 lr=3.12e-05 lambda=0.000 grl_lambda=0.999 v18_lambda=0.000 gpu=3.0/11.8GB
[19:03:16] [train] ep=80 step=040/40 ce=0.2750 sc=0.7672 mi=0.0642 dn=0.0000 v13=0.0000 grl=0.2446 v15=0.0000 v15r=0.0000 v16=0.0000 v17=0.0000 v18=0.0000 acc=0.9984 lr=3.05e-05 lambda=0.000 grl_lambda=0.999 v18_lambda=0.000 gpu=3.0/11.8GB
[19:03:25] [pool] check ep=080/100 source_val_acc_ema=0.9691 threshold=0.90
[19:03:30] [pool] ep=080 ADDED src_val=0.9691/0.9694 dev77=0.8214/0.8188 final77=0.8597/0.8571
[19:03:30] [pool] running best ep=080 dev77_f1=0.8188 final77_f1=0.8571 (pool_size=6)
[19:03:30] [ep_summary] ep=80/100 val_live=0.9691/0.9694 val_ema=0.9691/0.9694 test77_live=0.8489/0.8446 test77_diag_ema=0.8597/0.8571 v13=0.0000 grl=0.2446 v15=0.0000 v15r=0.0000 v16=0.0000 v17=0.0000 v18=0.0000 das=stage3[12,95] p=1.00 ep_time=37.7s
[19:03:30] [strict77_monitor] ep=80 best_source_epoch=70 source_val_ema=0.9691/0.9694 test77_ema_diag=0.8669/0.8658 sourcequalified_count=51 best_sourcequalified77_epoch=70 source_val_ema=0.9691/0.9694 test77_ema=0.8669/0.8658
[19:03:30] [train] epoch 81/100 steps=40 use_dann=0 das=stage3 f=[12.0,95.0] p=1.00 gpu=3.0/11.8GB
[19:03:31] [train] ep=81 step=001/40 ce=0.2566 sc=0.8444 mi=0.0700 dn=0.0000 v13=0.0000 grl=0.2892 v15=0.0000 v15r=0.0000 v16=0.0000 v17=0.0000 v18=0.0000 acc=1.0000 lr=3.04e-05 lambda=0.000 grl_lambda=0.999 v18_lambda=0.000 gpu=3.0/11.8GB
[19:03:36] [train] ep=81 step=010/40 ce=0.3479 sc=0.9386 mi=0.0647 dn=0.0000 v13=0.0000 grl=0.2177 v15=0.0000 v15r=0.0000 v16=0.0000 v17=0.0000 v18=0.0000 acc=0.9938 lr=2.97e-05 lambda=0.000 grl_lambda=0.999 v18_lambda=0.000 gpu=3.0/11.8GB
[19:03:42] [train] ep=81 step=020/40 ce=0.3027 sc=0.8287 mi=0.0632 dn=0.0000 v13=0.0000 grl=0.2224 v15=0.0000 v15r=0.0000 v16=0.0000 v17=0.0000 v18=0.0000 acc=0.9969 lr=2.90e-05 lambda=0.000 grl_lambda=0.999 v18_lambda=0.000 gpu=3.0/11.8GB
[19:03:48] [train] ep=81 step=030/40 ce=0.2980 sc=0.8285 mi=0.0639 dn=0.0000 v13=0.0000 grl=0.2350 v15=0.0000 v15r=0.0000 v16=0.0000 v17=0.0000 v18=0.0000 acc=0.9979 lr=2.83e-05 lambda=0.000 grl_lambda=0.999 v18_lambda=0.000 gpu=3.0/11.8GB
[19:03:53] [train] ep=81 step=040/40 ce=0.2879 sc=0.8358 mi=0.0639 dn=0.0000 v13=0.0000 grl=0.2242 v15=0.0000 v15r=0.0000 v16=0.0000 v17=0.0000 v18=0.0000 acc=0.9984 lr=2.76e-05 lambda=0.000 grl_lambda=0.999 v18_lambda=0.000 gpu=3.0/11.8GB
[19:04:41] [ep_summary] ep=81/100 val_live=0.9691/0.9694 val_ema=0.9691/0.9694 test77_live=0.8705/0.8688 test77_diag_ema=0.8597/0.8571 v13=0.0000 grl=0.2242 v15=0.0000 v15r=0.0000 v16=0.0000 v17=0.0000 v18=0.0000 das=stage3[12,95] p=1.00 ep_time=70.7s
[19:04:41] [train] epoch 82/100 steps=40 use_dann=0 das=stage3 f=[12.0,95.0] p=1.00 gpu=3.0/11.8GB
[19:04:42] [train] ep=82 step=001/40 ce=0.2621 sc=0.8448 mi=0.0729 dn=0.0000 v13=0.0000 grl=0.2928 v15=0.0000 v15r=0.0000 v16=0.0000 v17=0.0000 v18=0.0000 acc=1.0000 lr=2.75e-05 lambda=0.000 grl_lambda=0.999 v18_lambda=0.000 gpu=3.0/11.8GB
[19:04:47] [train] ep=82 step=010/40 ce=0.2944 sc=0.7897 mi=0.0670 dn=0.0000 v13=0.0000 grl=0.2667 v15=0.0000 v15r=0.0000 v16=0.0000 v17=0.0000 v18=0.0000 acc=1.0000 lr=2.69e-05 lambda=0.000 grl_lambda=0.999 v18_lambda=0.000 gpu=3.0/11.8GB
[19:04:52] [train] ep=82 step=020/40 ce=0.2993 sc=0.7522 mi=0.0652 dn=0.0000 v13=0.0000 grl=0.2540 v15=0.0000 v15r=0.0000 v16=0.0000 v17=0.0000 v18=0.0000 acc=0.9969 lr=2.62e-05 lambda=0.000 grl_lambda=0.999 v18_lambda=0.000 gpu=3.0/11.8GB
[19:04:58] [train] ep=82 step=030/40 ce=0.2874 sc=0.7769 mi=0.0639 dn=0.0000 v13=0.0000 grl=0.2523 v15=0.0000 v15r=0.0000 v16=0.0000 v17=0.0000 v18=0.0000 acc=0.9979 lr=2.55e-05 lambda=0.000 grl_lambda=0.999 v18_lambda=0.000 gpu=3.0/11.8GB
[19:05:04] [train] ep=82 step=040/40 ce=0.2969 sc=0.7636 mi=0.0641 dn=0.0000 v13=0.0000 grl=0.2510 v15=0.0000 v15r=0.0000 v16=0.0000 v17=0.0000 v18=0.0000 acc=0.9969 lr=2.48e-05 lambda=0.000 grl_lambda=0.999 v18_lambda=0.000 gpu=3.0/11.8GB
[19:05:38] [ep_summary] ep=82/100 val_live=0.9691/0.9694 val_ema=0.9691/0.9694 test77_live=0.8669/0.8658 test77_diag_ema=0.8597/0.8571 v13=0.0000 grl=0.2510 v15=0.0000 v15r=0.0000 v16=0.0000 v17=0.0000 v18=0.0000 das=stage3[12,95] p=1.00 ep_time=56.9s
[19:05:38] [train] epoch 83/100 steps=40 use_dann=0 das=stage3 f=[12.0,95.0] p=1.00 gpu=3.0/11.8GB
[19:05:38] [train] ep=83 step=001/40 ce=0.2564 sc=0.7216 mi=0.0653 dn=0.0000 v13=0.0000 grl=0.2938 v15=0.0000 v15r=0.0000 v16=0.0000 v17=0.0000 v18=0.0000 acc=1.0000 lr=2.48e-05 lambda=0.000 grl_lambda=0.999 v18_lambda=0.000 gpu=3.0/11.8GB
[19:05:44] [train] ep=83 step=010/40 ce=0.3538 sc=0.7794 mi=0.0666 dn=0.0000 v13=0.0000 grl=0.2438 v15=0.0000 v15r=0.0000 v16=0.0000 v17=0.0000 v18=0.0000 acc=0.9875 lr=2.42e-05 lambda=0.000 grl_lambda=0.999 v18_lambda=0.000 gpu=3.0/11.8GB
[19:05:49] [train] ep=83 step=020/40 ce=0.3113 sc=0.7620 mi=0.0636 dn=0.0000 v13=0.0000 grl=0.2226 v15=0.0000 v15r=0.0000 v16=0.0000 v17=0.0000 v18=0.0000 acc=0.9938 lr=2.35e-05 lambda=0.000 grl_lambda=0.999 v18_lambda=0.000 gpu=3.0/11.8GB
[19:05:55] [train] ep=83 step=030/40 ce=0.2936 sc=0.7444 mi=0.0646 dn=0.0000 v13=0.0000 grl=0.2388 v15=0.0000 v15r=0.0000 v16=0.0000 v17=0.0000 v18=0.0000 acc=0.9958 lr=2.29e-05 lambda=0.000 grl_lambda=0.999 v18_lambda=0.000 gpu=3.0/11.8GB
[19:06:01] [train] ep=83 step=040/40 ce=0.3002 sc=0.7413 mi=0.0638 dn=0.0000 v13=0.0000 grl=0.2363 v15=0.0000 v15r=0.0000 v16=0.0000 v17=0.0000 v18=0.0000 acc=0.9953 lr=2.22e-05 lambda=0.000 grl_lambda=1.000 v18_lambda=0.000 gpu=3.0/11.8GB
[19:06:19] [ep_summary] ep=83/100 val_live=0.9630/0.9631 val_ema=0.9691/0.9694 test77_live=0.8597/0.8588 test77_diag_ema=0.8561/0.8535 v13=0.0000 grl=0.2363 v15=0.0000 v15r=0.0000 v16=0.0000 v17=0.0000 v18=0.0000 das=stage3[12,95] p=1.00 ep_time=40.8s
[19:06:19] [train] epoch 84/100 steps=40 use_dann=0 das=stage3 f=[12.0,95.0] p=1.00 gpu=3.0/11.8GB
[19:06:19] [train] ep=84 step=001/40 ce=0.2592 sc=0.7909 mi=0.0699 dn=0.0000 v13=0.0000 grl=0.3128 v15=0.0000 v15r=0.0000 v16=0.0000 v17=0.0000 v18=0.0000 acc=1.0000 lr=2.22e-05 lambda=0.000 grl_lambda=1.000 v18_lambda=0.000 gpu=3.0/11.8GB
[19:06:24] [train] ep=84 step=010/40 ce=0.3287 sc=0.8342 mi=0.0631 dn=0.0000 v13=0.0000 grl=0.2377 v15=0.0000 v15r=0.0000 v16=0.0000 v17=0.0000 v18=0.0000 acc=0.9938 lr=2.16e-05 lambda=0.000 grl_lambda=1.000 v18_lambda=0.000 gpu=3.0/11.8GB
[19:06:30] [train] ep=84 step=020/40 ce=0.3312 sc=0.8501 mi=0.0636 dn=0.0000 v13=0.0000 grl=0.2260 v15=0.0000 v15r=0.0000 v16=0.0000 v17=0.0000 v18=0.0000 acc=0.9938 lr=2.10e-05 lambda=0.000 grl_lambda=1.000 v18_lambda=0.000 gpu=3.0/11.8GB
[19:06:36] [train] ep=84 step=030/40 ce=0.3282 sc=0.8160 mi=0.0641 dn=0.0000 v13=0.0000 grl=0.2477 v15=0.0000 v15r=0.0000 v16=0.0000 v17=0.0000 v18=0.0000 acc=0.9958 lr=2.04e-05 lambda=0.000 grl_lambda=1.000 v18_lambda=0.000 gpu=3.0/11.8GB
[19:06:42] [train] ep=84 step=040/40 ce=0.3271 sc=0.8115 mi=0.0639 dn=0.0000 v13=0.0000 grl=0.2506 v15=0.0000 v15r=0.0000 v16=0.0000 v17=0.0000 v18=0.0000 acc=0.9953 lr=1.98e-05 lambda=0.000 grl_lambda=1.000 v18_lambda=0.000 gpu=3.0/11.8GB
[19:06:52] [ep_summary] ep=84/100 val_live=0.9691/0.9694 val_ema=0.9691/0.9694 test77_live=0.8633/0.8642 test77_diag_ema=0.8561/0.8535 v13=0.0000 grl=0.2506 v15=0.0000 v15r=0.0000 v16=0.0000 v17=0.0000 v18=0.0000 das=stage3[12,95] p=1.00 ep_time=33.0s
[19:06:52] [train] epoch 85/100 steps=40 use_dann=0 das=stage3 f=[12.0,95.0] p=1.00 gpu=3.0/11.8GB
[19:06:52] [train] ep=85 step=001/40 ce=0.2586 sc=1.1217 mi=0.0571 dn=0.0000 v13=0.0000 grl=0.2160 v15=0.0000 v15r=0.0000 v16=0.0000 v17=0.0000 v18=0.0000 acc=1.0000 lr=1.97e-05 lambda=0.000 grl_lambda=1.000 v18_lambda=0.000 gpu=3.0/11.8GB
[19:06:57] [train] ep=85 step=010/40 ce=0.3645 sc=0.9147 mi=0.0624 dn=0.0000 v13=0.0000 grl=0.2372 v15=0.0000 v15r=0.0000 v16=0.0000 v17=0.0000 v18=0.0000 acc=0.9938 lr=1.92e-05 lambda=0.000 grl_lambda=1.000 v18_lambda=0.000 gpu=3.0/11.8GB
[19:07:03] [train] ep=85 step=020/40 ce=0.3119 sc=0.8364 mi=0.0628 dn=0.0000 v13=0.0000 grl=0.2443 v15=0.0000 v15r=0.0000 v16=0.0000 v17=0.0000 v18=0.0000 acc=0.9969 lr=1.86e-05 lambda=0.000 grl_lambda=1.000 v18_lambda=0.000 gpu=3.0/11.8GB
[19:07:09] [train] ep=85 step=030/40 ce=0.3001 sc=0.8241 mi=0.0636 dn=0.0000 v13=0.0000 grl=0.2441 v15=0.0000 v15r=0.0000 v16=0.0000 v17=0.0000 v18=0.0000 acc=0.9979 lr=1.80e-05 lambda=0.000 grl_lambda=1.000 v18_lambda=0.000 gpu=3.0/11.8GB
[19:07:15] [train] ep=85 step=040/40 ce=0.2940 sc=0.8289 mi=0.0639 dn=0.0000 v13=0.0000 grl=0.2438 v15=0.0000 v15r=0.0000 v16=0.0000 v17=0.0000 v18=0.0000 acc=0.9984 lr=1.74e-05 lambda=0.000 grl_lambda=1.000 v18_lambda=0.000 gpu=3.0/11.8GB
[19:07:25] [ep_summary] ep=85/100 val_live=0.9691/0.9694 val_ema=0.9691/0.9694 test77_live=0.8633/0.8642 test77_diag_ema=0.8597/0.8571 v13=0.0000 grl=0.2438 v15=0.0000 v15r=0.0000 v16=0.0000 v17=0.0000 v18=0.0000 das=stage3[12,95] p=1.00 ep_time=33.0s
[19:07:25] [train] epoch 86/100 steps=40 use_dann=0 das=stage3 f=[12.0,95.0] p=1.00 gpu=3.0/11.8GB
[19:07:26] [train] ep=86 step=001/40 ce=0.2632 sc=0.6298 mi=0.0686 dn=0.0000 v13=0.0000 grl=0.2150 v15=0.0000 v15r=0.0000 v16=0.0000 v17=0.0000 v18=0.0000 acc=1.0000 lr=1.74e-05 lambda=0.000 grl_lambda=1.000 v18_lambda=0.000 gpu=3.0/11.8GB
[19:07:31] [train] ep=86 step=010/40 ce=0.2582 sc=0.7145 mi=0.0619 dn=0.0000 v13=0.0000 grl=0.2427 v15=0.0000 v15r=0.0000 v16=0.0000 v17=0.0000 v18=0.0000 acc=1.0000 lr=1.68e-05 lambda=0.000 grl_lambda=1.000 v18_lambda=0.000 gpu=3.0/11.8GB
[19:07:36] [train] ep=86 step=020/40 ce=0.2849 sc=0.6757 mi=0.0629 dn=0.0000 v13=0.0000 grl=0.2299 v15=0.0000 v15r=0.0000 v16=0.0000 v17=0.0000 v18=0.0000 acc=0.9969 lr=1.63e-05 lambda=0.000 grl_lambda=1.000 v18_lambda=0.000 gpu=3.0/11.8GB
[19:07:42] [train] ep=86 step=030/40 ce=0.2905 sc=0.7043 mi=0.0627 dn=0.0000 v13=0.0000 grl=0.2241 v15=0.0000 v15r=0.0000 v16=0.0000 v17=0.0000 v18=0.0000 acc=0.9979 lr=1.57e-05 lambda=0.000 grl_lambda=1.000 v18_lambda=0.000 gpu=3.0/11.8GB
[19:07:48] [train] ep=86 step=040/40 ce=0.2941 sc=0.7338 mi=0.0627 dn=0.0000 v13=0.0000 grl=0.2315 v15=0.0000 v15r=0.0000 v16=0.0000 v17=0.0000 v18=0.0000 acc=0.9969 lr=1.52e-05 lambda=0.000 grl_lambda=1.000 v18_lambda=0.000 gpu=3.0/11.8GB
[19:07:58] [ep_summary] ep=86/100 val_live=0.9691/0.9694 val_ema=0.9691/0.9694 test77_live=0.8633/0.8635 test77_diag_ema=0.8633/0.8613 v13=0.0000 grl=0.2315 v15=0.0000 v15r=0.0000 v16=0.0000 v17=0.0000 v18=0.0000 das=stage3[12,95] p=1.00 ep_time=33.2s
[19:07:58] [train] epoch 87/100 steps=40 use_dann=0 das=stage3 f=[12.0,95.0] p=1.00 gpu=3.0/11.8GB
[19:07:58] [train] ep=87 step=001/40 ce=0.2581 sc=0.6017 mi=0.0598 dn=0.0000 v13=0.0000 grl=0.2646 v15=0.0000 v15r=0.0000 v16=0.0000 v17=0.0000 v18=0.0000 acc=1.0000 lr=1.52e-05 lambda=0.000 grl_lambda=1.000 v18_lambda=0.000 gpu=3.0/11.8GB
[19:08:04] [train] ep=87 step=010/40 ce=0.3549 sc=0.8223 mi=0.0588 dn=0.0000 v13=0.0000 grl=0.2415 v15=0.0000 v15r=0.0000 v16=0.0000 v17=0.0000 v18=0.0000 acc=0.9938 lr=1.47e-05 lambda=0.000 grl_lambda=1.000 v18_lambda=0.000 gpu=3.0/11.8GB
[19:08:10] [train] ep=87 step=020/40 ce=0.3533 sc=0.8158 mi=0.0619 dn=0.0000 v13=0.0000 grl=0.2417 v15=0.0000 v15r=0.0000 v16=0.0000 v17=0.0000 v18=0.0000 acc=0.9938 lr=1.42e-05 lambda=0.000 grl_lambda=1.000 v18_lambda=0.000 gpu=3.0/11.8GB
[19:08:16] [train] ep=87 step=030/40 ce=0.3216 sc=0.7990 mi=0.0621 dn=0.0000 v13=0.0000 grl=0.2410 v15=0.0000 v15r=0.0000 v16=0.0000 v17=0.0000 v18=0.0000 acc=0.9958 lr=1.37e-05 lambda=0.000 grl_lambda=1.000 v18_lambda=0.000 gpu=3.0/11.8GB
[19:08:22] [train] ep=87 step=040/40 ce=0.3055 sc=0.7946 mi=0.0626 dn=0.0000 v13=0.0000 grl=0.2387 v15=0.0000 v15r=0.0000 v16=0.0000 v17=0.0000 v18=0.0000 acc=0.9969 lr=1.31e-05 lambda=0.000 grl_lambda=1.000 v18_lambda=0.000 gpu=3.0/11.8GB
[19:08:32] [ep_summary] ep=87/100 val_live=0.9691/0.9694 val_ema=0.9691/0.9694 test77_live=0.8633/0.8617 test77_diag_ema=0.8633/0.8613 v13=0.0000 grl=0.2387 v15=0.0000 v15r=0.0000 v16=0.0000 v17=0.0000 v18=0.0000 das=stage3[12,95] p=1.00 ep_time=33.8s
[19:08:32] [train] epoch 88/100 steps=40 use_dann=0 das=stage3 f=[12.0,95.0] p=1.00 gpu=3.0/11.8GB
[19:08:32] [train] ep=88 step=001/40 ce=0.2568 sc=0.4204 mi=0.0735 dn=0.0000 v13=0.0000 grl=0.2546 v15=0.0000 v15r=0.0000 v16=0.0000 v17=0.0000 v18=0.0000 acc=1.0000 lr=1.31e-05 lambda=0.000 grl_lambda=1.000 v18_lambda=0.000 gpu=3.0/11.8GB
[19:08:38] [train] ep=88 step=010/40 ce=0.2725 sc=0.7722 mi=0.0635 dn=0.0000 v13=0.0000 grl=0.2674 v15=0.0000 v15r=0.0000 v16=0.0000 v17=0.0000 v18=0.0000 acc=1.0000 lr=1.27e-05 lambda=0.000 grl_lambda=1.000 v18_lambda=0.000 gpu=3.0/11.8GB
[19:08:43] [train] ep=88 step=020/40 ce=0.2658 sc=0.7560 mi=0.0645 dn=0.0000 v13=0.0000 grl=0.2538 v15=0.0000 v15r=0.0000 v16=0.0000 v17=0.0000 v18=0.0000 acc=1.0000 lr=1.22e-05 lambda=0.000 grl_lambda=1.000 v18_lambda=0.000 gpu=3.0/11.8GB
[19:08:49] [train] ep=88 step=030/40 ce=0.2780 sc=0.7752 mi=0.0648 dn=0.0000 v13=0.0000 grl=0.2639 v15=0.0000 v15r=0.0000 v16=0.0000 v17=0.0000 v18=0.0000 acc=0.9979 lr=1.17e-05 lambda=0.000 grl_lambda=1.000 v18_lambda=0.000 gpu=3.0/11.8GB
[19:08:55] [train] ep=88 step=040/40 ce=0.2735 sc=0.7935 mi=0.0650 dn=0.0000 v13=0.0000 grl=0.2548 v15=0.0000 v15r=0.0000 v16=0.0000 v17=0.0000 v18=0.0000 acc=0.9984 lr=1.12e-05 lambda=0.000 grl_lambda=1.000 v18_lambda=0.000 gpu=3.0/11.8GB
[19:09:05] [ep_summary] ep=88/100 val_live=0.9691/0.9694 val_ema=0.9691/0.9694 test77_live=0.8669/0.8662 test77_diag_ema=0.8633/0.8613 v13=0.0000 grl=0.2548 v15=0.0000 v15r=0.0000 v16=0.0000 v17=0.0000 v18=0.0000 das=stage3[12,95] p=1.00 ep_time=33.1s
[19:09:05] [train] epoch 89/100 steps=40 use_dann=0 das=stage3 f=[12.0,95.0] p=1.00 gpu=3.0/11.8GB
[19:09:05] [train] ep=89 step=001/40 ce=0.2589 sc=0.8186 mi=0.0716 dn=0.0000 v13=0.0000 grl=0.3402 v15=0.0000 v15r=0.0000 v16=0.0000 v17=0.0000 v18=0.0000 acc=1.0000 lr=1.12e-05 lambda=0.000 grl_lambda=1.000 v18_lambda=0.000 gpu=3.0/11.8GB
[19:09:11] [train] ep=89 step=010/40 ce=0.2596 sc=0.7505 mi=0.0654 dn=0.0000 v13=0.0000 grl=0.2451 v15=0.0000 v15r=0.0000 v16=0.0000 v17=0.0000 v18=0.0000 acc=1.0000 lr=1.08e-05 lambda=0.000 grl_lambda=1.000 v18_lambda=0.000 gpu=3.0/11.8GB
[19:09:16] [train] ep=89 step=020/40 ce=0.2588 sc=0.6960 mi=0.0643 dn=0.0000 v13=0.0000 grl=0.2506 v15=0.0000 v15r=0.0000 v16=0.0000 v17=0.0000 v18=0.0000 acc=1.0000 lr=1.03e-05 lambda=0.000 grl_lambda=1.000 v18_lambda=0.000 gpu=3.0/11.8GB
[19:09:22] [train] ep=89 step=030/40 ce=0.2584 sc=0.7523 mi=0.0640 dn=0.0000 v13=0.0000 grl=0.2511 v15=0.0000 v15r=0.0000 v16=0.0000 v17=0.0000 v18=0.0000 acc=1.0000 lr=9.89e-06 lambda=0.000 grl_lambda=1.000 v18_lambda=0.000 gpu=3.0/11.8GB
[19:09:28] [train] ep=89 step=040/40 ce=0.2581 sc=0.7881 mi=0.0636 dn=0.0000 v13=0.0000 grl=0.2505 v15=0.0000 v15r=0.0000 v16=0.0000 v17=0.0000 v18=0.0000 acc=1.0000 lr=9.46e-06 lambda=0.000 grl_lambda=1.000 v18_lambda=0.000 gpu=3.0/11.8GB
[19:09:38] [ep_summary] ep=89/100 val_live=0.9691/0.9694 val_ema=0.9691/0.9694 test77_live=0.8669/0.8662 test77_diag_ema=0.8633/0.8613 v13=0.0000 grl=0.2505 v15=0.0000 v15r=0.0000 v16=0.0000 v17=0.0000 v18=0.0000 das=stage3[12,95] p=1.00 ep_time=33.0s
[19:09:38] [train] epoch 90/100 steps=40 use_dann=0 das=stage3 f=[12.0,95.0] p=1.00 gpu=3.0/11.8GB
[19:09:38] [train] ep=90 step=001/40 ce=0.2574 sc=0.5482 mi=0.0646 dn=0.0000 v13=0.0000 grl=0.1776 v15=0.0000 v15r=0.0000 v16=0.0000 v17=0.0000 v18=0.0000 acc=1.0000 lr=9.42e-06 lambda=0.000 grl_lambda=1.000 v18_lambda=0.000 gpu=3.0/11.8GB
[19:09:44] [train] ep=90 step=010/40 ce=0.2667 sc=0.6589 mi=0.0657 dn=0.0000 v13=0.0000 grl=0.2619 v15=0.0000 v15r=0.0000 v16=0.0000 v17=0.0000 v18=0.0000 acc=1.0000 lr=9.04e-06 lambda=0.000 grl_lambda=1.000 v18_lambda=0.000 gpu=3.0/11.8GB
[19:09:49] [train] ep=90 step=020/40 ce=0.2622 sc=0.7440 mi=0.0638 dn=0.0000 v13=0.0000 grl=0.2513 v15=0.0000 v15r=0.0000 v16=0.0000 v17=0.0000 v18=0.0000 acc=1.0000 lr=8.63e-06 lambda=0.000 grl_lambda=1.000 v18_lambda=0.000 gpu=3.0/11.8GB
[19:09:55] [train] ep=90 step=030/40 ce=0.2607 sc=0.7161 mi=0.0628 dn=0.0000 v13=0.0000 grl=0.2443 v15=0.0000 v15r=0.0000 v16=0.0000 v17=0.0000 v18=0.0000 acc=1.0000 lr=8.23e-06 lambda=0.000 grl_lambda=1.000 v18_lambda=0.000 gpu=3.0/11.8GB
[19:10:01] [train] ep=90 step=040/40 ce=0.2644 sc=0.7333 mi=0.0629 dn=0.0000 v13=0.0000 grl=0.2398 v15=0.0000 v15r=0.0000 v16=0.0000 v17=0.0000 v18=0.0000 acc=1.0000 lr=7.84e-06 lambda=0.000 grl_lambda=1.000 v18_lambda=0.000 gpu=3.0/11.8GB
[19:10:11] [pool] check ep=090/100 source_val_acc_ema=0.9691 threshold=0.90
[19:10:15] [pool] ep=090 ADDED src_val=0.9691/0.9694 dev77=0.8214/0.8184 final77=0.8669/0.8656
[19:10:15] [pool] running best ep=080 dev77_f1=0.8188 final77_f1=0.8571 (pool_size=7)
[19:10:16] [ep_summary] ep=90/100 val_live=0.9691/0.9694 val_ema=0.9691/0.9694 test77_live=0.8633/0.8622 test77_diag_ema=0.8669/0.8656 v13=0.0000 grl=0.2398 v15=0.0000 v15r=0.0000 v16=0.0000 v17=0.0000 v18=0.0000 das=stage3[12,95] p=1.00 ep_time=37.7s
[19:10:16] [strict77_monitor] ep=90 best_source_epoch=70 source_val_ema=0.9691/0.9694 test77_ema_diag=0.8669/0.8658 sourcequalified_count=61 best_sourcequalified77_epoch=70 source_val_ema=0.9691/0.9694 test77_ema=0.8669/0.8658
[19:10:16] [train] epoch 91/100 steps=40 use_dann=0 das=stage3 f=[12.0,95.0] p=1.00 gpu=3.0/11.8GB
[19:10:16] [train] ep=91 step=001/40 ce=0.2585 sc=1.1835 mi=0.0608 dn=0.0000 v13=0.0000 grl=0.3131 v15=0.0000 v15r=0.0000 v16=0.0000 v17=0.0000 v18=0.0000 acc=1.0000 lr=7.80e-06 lambda=0.000 grl_lambda=1.000 v18_lambda=0.000 gpu=3.0/11.8GB
[19:10:21] [train] ep=91 step=010/40 ce=0.3494 sc=0.8399 mi=0.0676 dn=0.0000 v13=0.0000 grl=0.2649 v15=0.0000 v15r=0.0000 v16=0.0000 v17=0.0000 v18=0.0000 acc=0.9938 lr=7.45e-06 lambda=0.000 grl_lambda=1.000 v18_lambda=0.000 gpu=3.0/11.8GB
[19:10:27] [train] ep=91 step=020/40 ce=0.3250 sc=0.7994 mi=0.0640 dn=0.0000 v13=0.0000 grl=0.2435 v15=0.0000 v15r=0.0000 v16=0.0000 v17=0.0000 v18=0.0000 acc=0.9938 lr=7.08e-06 lambda=0.000 grl_lambda=1.000 v18_lambda=0.000 gpu=3.0/11.8GB
[19:10:33] [train] ep=91 step=030/40 ce=0.3029 sc=0.7858 mi=0.0641 dn=0.0000 v13=0.0000 grl=0.2389 v15=0.0000 v15r=0.0000 v16=0.0000 v17=0.0000 v18=0.0000 acc=0.9958 lr=6.72e-06 lambda=0.000 grl_lambda=1.000 v18_lambda=0.000 gpu=3.0/11.8GB
[19:10:39] [train] ep=91 step=040/40 ce=0.3004 sc=0.7815 mi=0.0641 dn=0.0000 v13=0.0000 grl=0.2438 v15=0.0000 v15r=0.0000 v16=0.0000 v17=0.0000 v18=0.0000 acc=0.9969 lr=6.36e-06 lambda=0.000 grl_lambda=1.000 v18_lambda=0.000 gpu=3.0/11.8GB
[19:10:49] [ep_summary] ep=91/100 val_live=0.9691/0.9694 val_ema=0.9691/0.9694 test77_live=0.8669/0.8673 test77_diag_ema=0.8633/0.8620 v13=0.0000 grl=0.2438 v15=0.0000 v15r=0.0000 v16=0.0000 v17=0.0000 v18=0.0000 das=stage3[12,95] p=1.00 ep_time=33.4s
[19:10:49] [train] epoch 92/100 steps=40 use_dann=0 das=stage3 f=[12.0,95.0] p=1.00 gpu=3.0/11.8GB
[19:10:50] [train] ep=92 step=001/40 ce=0.4132 sc=0.8765 mi=0.0467 dn=0.0000 v13=0.0000 grl=0.0782 v15=0.0000 v15r=0.0000 v16=0.0000 v17=0.0000 v18=0.0000 acc=1.0000 lr=6.33e-06 lambda=0.000 grl_lambda=1.000 v18_lambda=0.000 gpu=3.0/11.8GB
[19:10:55] [train] ep=92 step=010/40 ce=0.2732 sc=0.8552 mi=0.0601 dn=0.0000 v13=0.0000 grl=0.1975 v15=0.0000 v15r=0.0000 v16=0.0000 v17=0.0000 v18=0.0000 acc=1.0000 lr=6.02e-06 lambda=0.000 grl_lambda=1.000 v18_lambda=0.000 gpu=3.0/11.8GB
[19:11:01] [train] ep=92 step=020/40 ce=0.2703 sc=0.8305 mi=0.0632 dn=0.0000 v13=0.0000 grl=0.2279 v15=0.0000 v15r=0.0000 v16=0.0000 v17=0.0000 v18=0.0000 acc=1.0000 lr=5.68e-06 lambda=0.000 grl_lambda=1.000 v18_lambda=0.000 gpu=3.0/11.8GB
[19:11:06] [train] ep=92 step=030/40 ce=0.2673 sc=0.7996 mi=0.0638 dn=0.0000 v13=0.0000 grl=0.2310 v15=0.0000 v15r=0.0000 v16=0.0000 v17=0.0000 v18=0.0000 acc=1.0000 lr=5.35e-06 lambda=0.000 grl_lambda=1.000 v18_lambda=0.000 gpu=3.0/11.8GB
[19:11:12] [train] ep=92 step=040/40 ce=0.3069 sc=0.8282 mi=0.0638 dn=0.0000 v13=0.0000 grl=0.2352 v15=0.0000 v15r=0.0000 v16=0.0000 v17=0.0000 v18=0.0000 acc=0.9969 lr=5.04e-06 lambda=0.000 grl_lambda=1.000 v18_lambda=0.000 gpu=3.0/11.8GB
[19:11:22] [ep_summary] ep=92/100 val_live=0.9691/0.9694 val_ema=0.9691/0.9694 test77_live=0.8669/0.8667 test77_diag_ema=0.8633/0.8620 v13=0.0000 grl=0.2352 v15=0.0000 v15r=0.0000 v16=0.0000 v17=0.0000 v18=0.0000 das=stage3[12,95] p=1.00 ep_time=33.4s
[19:11:22] [train] epoch 93/100 steps=40 use_dann=0 das=stage3 f=[12.0,95.0] p=1.00 gpu=3.0/11.8GB
[19:11:23] [train] ep=93 step=001/40 ce=0.2574 sc=0.9918 mi=0.0657 dn=0.0000 v13=0.0000 grl=0.2321 v15=0.0000 v15r=0.0000 v16=0.0000 v17=0.0000 v18=0.0000 acc=1.0000 lr=5.01e-06 lambda=0.000 grl_lambda=1.000 v18_lambda=0.000 gpu=3.0/11.8GB
[19:11:28] [train] ep=93 step=010/40 ce=0.3320 sc=0.7423 mi=0.0607 dn=0.0000 v13=0.0000 grl=0.2089 v15=0.0000 v15r=0.0000 v16=0.0000 v17=0.0000 v18=0.0000 acc=0.9938 lr=4.73e-06 lambda=0.000 grl_lambda=1.000 v18_lambda=0.000 gpu=3.0/11.8GB
[19:11:34] [train] ep=93 step=020/40 ce=0.3150 sc=0.7911 mi=0.0602 dn=0.0000 v13=0.0000 grl=0.2274 v15=0.0000 v15r=0.0000 v16=0.0000 v17=0.0000 v18=0.0000 acc=0.9969 lr=4.43e-06 lambda=0.000 grl_lambda=1.000 v18_lambda=0.000 gpu=3.0/11.8GB
[19:11:40] [train] ep=93 step=030/40 ce=0.2998 sc=0.7855 mi=0.0607 dn=0.0000 v13=0.0000 grl=0.2169 v15=0.0000 v15r=0.0000 v16=0.0000 v17=0.0000 v18=0.0000 acc=0.9979 lr=4.14e-06 lambda=0.000 grl_lambda=1.000 v18_lambda=0.000 gpu=3.0/11.8GB
[19:11:46] [train] ep=93 step=040/40 ce=0.2892 sc=0.7773 mi=0.0618 dn=0.0000 v13=0.0000 grl=0.2243 v15=0.0000 v15r=0.0000 v16=0.0000 v17=0.0000 v18=0.0000 acc=0.9984 lr=3.87e-06 lambda=0.000 grl_lambda=1.000 v18_lambda=0.000 gpu=3.0/11.8GB
[19:11:56] [ep_summary] ep=93/100 val_live=0.9691/0.9694 val_ema=0.9691/0.9694 test77_live=0.8669/0.8667 test77_diag_ema=0.8669/0.8652 v13=0.0000 grl=0.2243 v15=0.0000 v15r=0.0000 v16=0.0000 v17=0.0000 v18=0.0000 das=stage3[12,95] p=1.00 ep_time=33.3s
[19:11:56] [train] epoch 94/100 steps=40 use_dann=0 das=stage3 f=[12.0,95.0] p=1.00 gpu=3.0/11.8GB
[19:11:56] [train] ep=94 step=001/40 ce=0.2620 sc=0.6635 mi=0.0595 dn=0.0000 v13=0.0000 grl=0.3111 v15=0.0000 v15r=0.0000 v16=0.0000 v17=0.0000 v18=0.0000 acc=1.0000 lr=3.84e-06 lambda=0.000 grl_lambda=1.000 v18_lambda=0.000 gpu=3.0/11.8GB
[19:12:01] [train] ep=94 step=010/40 ce=0.2924 sc=0.7617 mi=0.0633 dn=0.0000 v13=0.0000 grl=0.2637 v15=0.0000 v15r=0.0000 v16=0.0000 v17=0.0000 v18=0.0000 acc=1.0000 lr=3.60e-06 lambda=0.000 grl_lambda=1.000 v18_lambda=0.000 gpu=3.0/11.8GB
[19:12:07] [train] ep=94 step=020/40 ce=0.2750 sc=0.7536 mi=0.0637 dn=0.0000 v13=0.0000 grl=0.2420 v15=0.0000 v15r=0.0000 v16=0.0000 v17=0.0000 v18=0.0000 acc=1.0000 lr=3.34e-06 lambda=0.000 grl_lambda=1.000 v18_lambda=0.000 gpu=3.0/11.8GB
[19:12:13] [train] ep=94 step=030/40 ce=0.2692 sc=0.7133 mi=0.0640 dn=0.0000 v13=0.0000 grl=0.2375 v15=0.0000 v15r=0.0000 v16=0.0000 v17=0.0000 v18=0.0000 acc=1.0000 lr=3.09e-06 lambda=0.000 grl_lambda=1.000 v18_lambda=0.000 gpu=3.0/11.8GB
[19:12:19] [train] ep=94 step=040/40 ce=0.2663 sc=0.7177 mi=0.0641 dn=0.0000 v13=0.0000 grl=0.2390 v15=0.0000 v15r=0.0000 v16=0.0000 v17=0.0000 v18=0.0000 acc=1.0000 lr=2.85e-06 lambda=0.000 grl_lambda=1.000 v18_lambda=0.000 gpu=3.0/11.8GB
[19:12:29] [ep_summary] ep=94/100 val_live=0.9691/0.9694 val_ema=0.9691/0.9694 test77_live=0.8669/0.8667 test77_diag_ema=0.8669/0.8652 v13=0.0000 grl=0.2390 v15=0.0000 v15r=0.0000 v16=0.0000 v17=0.0000 v18=0.0000 das=stage3[12,95] p=1.00 ep_time=33.1s
[19:12:29] [train] epoch 95/100 steps=40 use_dann=0 das=stage3 f=[12.0,95.0] p=1.00 gpu=3.0/11.8GB
[19:12:29] [train] ep=95 step=001/40 ce=0.2571 sc=0.6342 mi=0.0581 dn=0.0000 v13=0.0000 grl=0.2658 v15=0.0000 v15r=0.0000 v16=0.0000 v17=0.0000 v18=0.0000 acc=1.0000 lr=2.82e-06 lambda=0.000 grl_lambda=1.000 v18_lambda=0.000 gpu=3.0/11.8GB
[19:12:35] [train] ep=95 step=010/40 ce=0.2577 sc=0.7182 mi=0.0617 dn=0.0000 v13=0.0000 grl=0.2655 v15=0.0000 v15r=0.0000 v16=0.0000 v17=0.0000 v18=0.0000 acc=1.0000 lr=2.62e-06 lambda=0.000 grl_lambda=1.000 v18_lambda=0.000 gpu=3.0/11.8GB
[19:12:40] [train] ep=95 step=020/40 ce=0.2575 sc=0.7124 mi=0.0628 dn=0.0000 v13=0.0000 grl=0.2481 v15=0.0000 v15r=0.0000 v16=0.0000 v17=0.0000 v18=0.0000 acc=1.0000 lr=2.40e-06 lambda=0.000 grl_lambda=1.000 v18_lambda=0.000 gpu=3.0/11.8GB
[19:12:46] [train] ep=95 step=030/40 ce=0.2585 sc=0.7366 mi=0.0636 dn=0.0000 v13=0.0000 grl=0.2548 v15=0.0000 v15r=0.0000 v16=0.0000 v17=0.0000 v18=0.0000 acc=1.0000 lr=2.18e-06 lambda=0.000 grl_lambda=1.000 v18_lambda=0.000 gpu=3.0/11.8GB
[19:12:52] [train] ep=95 step=040/40 ce=0.2584 sc=0.7444 mi=0.0630 dn=0.0000 v13=0.0000 grl=0.2567 v15=0.0000 v15r=0.0000 v16=0.0000 v17=0.0000 v18=0.0000 acc=1.0000 lr=1.98e-06 lambda=0.000 grl_lambda=1.000 v18_lambda=0.000 gpu=3.0/11.8GB
[19:13:02] [ep_summary] ep=95/100 val_live=0.9691/0.9694 val_ema=0.9691/0.9694 test77_live=0.8669/0.8667 test77_diag_ema=0.8633/0.8616 v13=0.0000 grl=0.2567 v15=0.0000 v15r=0.0000 v16=0.0000 v17=0.0000 v18=0.0000 das=stage3[12,95] p=1.00 ep_time=33.2s
[19:13:02] [train] epoch 96/100 steps=40 use_dann=0 das=stage3 f=[12.0,95.0] p=1.00 gpu=3.0/11.8GB
[19:13:03] [train] ep=96 step=001/40 ce=0.2575 sc=0.8245 mi=0.0511 dn=0.0000 v13=0.0000 grl=0.1954 v15=0.0000 v15r=0.0000 v16=0.0000 v17=0.0000 v18=0.0000 acc=1.0000 lr=1.96e-06 lambda=0.000 grl_lambda=1.000 v18_lambda=0.000 gpu=3.0/11.8GB
[19:13:08] [train] ep=96 step=010/40 ce=0.3544 sc=0.7275 mi=0.0602 dn=0.0000 v13=0.0000 grl=0.2146 v15=0.0000 v15r=0.0000 v16=0.0000 v17=0.0000 v18=0.0000 acc=0.9938 lr=1.79e-06 lambda=0.000 grl_lambda=1.000 v18_lambda=0.000 gpu=3.0/11.8GB
[19:13:14] [train] ep=96 step=020/40 ce=0.3509 sc=0.7325 mi=0.0621 dn=0.0000 v13=0.0000 grl=0.2142 v15=0.0000 v15r=0.0000 v16=0.0000 v17=0.0000 v18=0.0000 acc=0.9938 lr=1.61e-06 lambda=0.000 grl_lambda=1.000 v18_lambda=0.000 gpu=3.0/11.8GB
[19:13:19] [train] ep=96 step=030/40 ce=0.3468 sc=0.7731 mi=0.0629 dn=0.0000 v13=0.0000 grl=0.2193 v15=0.0000 v15r=0.0000 v16=0.0000 v17=0.0000 v18=0.0000 acc=0.9938 lr=1.44e-06 lambda=0.000 grl_lambda=1.000 v18_lambda=0.000 gpu=3.0/11.8GB
[19:13:25] [train] ep=96 step=040/40 ce=0.3272 sc=0.7762 mi=0.0628 dn=0.0000 v13=0.0000 grl=0.2173 v15=0.0000 v15r=0.0000 v16=0.0000 v17=0.0000 v18=0.0000 acc=0.9953 lr=1.27e-06 lambda=0.000 grl_lambda=1.000 v18_lambda=0.000 gpu=3.0/11.8GB
[19:14:11] [ep_summary] ep=96/100 val_live=0.9691/0.9694 val_ema=0.9691/0.9694 test77_live=0.8669/0.8667 test77_diag_ema=0.8669/0.8648 v13=0.0000 grl=0.2173 v15=0.0000 v15r=0.0000 v16=0.0000 v17=0.0000 v18=0.0000 das=stage3[12,95] p=1.00 ep_time=69.1s
[19:14:11] [train] epoch 97/100 steps=40 use_dann=0 das=stage3 f=[12.0,95.0] p=1.00 gpu=3.0/11.8GB
[19:14:12] [train] ep=97 step=001/40 ce=0.2615 sc=0.6265 mi=0.0714 dn=0.0000 v13=0.0000 grl=0.3155 v15=0.0000 v15r=0.0000 v16=0.0000 v17=0.0000 v18=0.0000 acc=1.0000 lr=1.26e-06 lambda=0.000 grl_lambda=1.000 v18_lambda=0.000 gpu=3.0/11.8GB
[19:14:17] [train] ep=97 step=010/40 ce=0.2600 sc=0.8212 mi=0.0648 dn=0.0000 v13=0.0000 grl=0.2455 v15=0.0000 v15r=0.0000 v16=0.0000 v17=0.0000 v18=0.0000 acc=1.0000 lr=1.12e-06 lambda=0.000 grl_lambda=1.000 v18_lambda=0.000 gpu=3.0/11.8GB
[19:14:23] [train] ep=97 step=020/40 ce=0.2711 sc=0.7413 mi=0.0638 dn=0.0000 v13=0.0000 grl=0.2392 v15=0.0000 v15r=0.0000 v16=0.0000 v17=0.0000 v18=0.0000 acc=1.0000 lr=9.76e-07 lambda=0.000 grl_lambda=1.000 v18_lambda=0.000 gpu=3.0/11.8GB
[19:14:29] [train] ep=97 step=030/40 ce=0.2665 sc=0.7567 mi=0.0631 dn=0.0000 v13=0.0000 grl=0.2336 v15=0.0000 v15r=0.0000 v16=0.0000 v17=0.0000 v18=0.0000 acc=1.0000 lr=8.43e-07 lambda=0.000 grl_lambda=1.000 v18_lambda=0.000 gpu=3.0/11.8GB
[19:14:34] [train] ep=97 step=040/40 ce=0.2642 sc=0.7513 mi=0.0625 dn=0.0000 v13=0.0000 grl=0.2380 v15=0.0000 v15r=0.0000 v16=0.0000 v17=0.0000 v18=0.0000 acc=1.0000 lr=7.19e-07 lambda=0.000 grl_lambda=1.000 v18_lambda=0.000 gpu=3.0/11.8GB
[19:15:02] [ep_summary] ep=97/100 val_live=0.9691/0.9694 val_ema=0.9691/0.9694 test77_live=0.8669/0.8667 test77_diag_ema=0.8669/0.8648 v13=0.0000 grl=0.2380 v15=0.0000 v15r=0.0000 v16=0.0000 v17=0.0000 v18=0.0000 das=stage3[12,95] p=1.00 ep_time=50.7s
[19:15:02] [train] epoch 98/100 steps=40 use_dann=0 das=stage3 f=[12.0,95.0] p=1.00 gpu=3.0/11.8GB
[19:15:02] [train] ep=98 step=001/40 ce=0.2569 sc=0.6461 mi=0.0602 dn=0.0000 v13=0.0000 grl=0.3487 v15=0.0000 v15r=0.0000 v16=0.0000 v17=0.0000 v18=0.0000 acc=1.0000 lr=7.07e-07 lambda=0.000 grl_lambda=1.000 v18_lambda=0.000 gpu=3.0/11.8GB
[19:15:08] [train] ep=98 step=010/40 ce=0.2572 sc=0.6594 mi=0.0633 dn=0.0000 v13=0.0000 grl=0.2443 v15=0.0000 v15r=0.0000 v16=0.0000 v17=0.0000 v18=0.0000 acc=1.0000 lr=6.05e-07 lambda=0.000 grl_lambda=1.000 v18_lambda=0.000 gpu=3.0/11.8GB
[19:15:13] [train] ep=98 step=020/40 ce=0.2574 sc=0.7544 mi=0.0627 dn=0.0000 v13=0.0000 grl=0.2450 v15=0.0000 v15r=0.0000 v16=0.0000 v17=0.0000 v18=0.0000 acc=1.0000 lr=5.01e-07 lambda=0.000 grl_lambda=1.000 v18_lambda=0.000 gpu=3.0/11.8GB
[19:15:19] [train] ep=98 step=030/40 ce=0.2577 sc=0.7770 mi=0.0639 dn=0.0000 v13=0.0000 grl=0.2407 v15=0.0000 v15r=0.0000 v16=0.0000 v17=0.0000 v18=0.0000 acc=1.0000 lr=4.07e-07 lambda=0.000 grl_lambda=1.000 v18_lambda=0.000 gpu=3.0/11.8GB
[19:15:25] [train] ep=98 step=040/40 ce=0.2580 sc=0.7861 mi=0.0657 dn=0.0000 v13=0.0000 grl=0.2504 v15=0.0000 v15r=0.0000 v16=0.0000 v17=0.0000 v18=0.0000 acc=1.0000 lr=3.22e-07 lambda=0.000 grl_lambda=1.000 v18_lambda=0.000 gpu=3.0/11.8GB
[19:15:35] [ep_summary] ep=98/100 val_live=0.9691/0.9694 val_ema=0.9691/0.9694 test77_live=0.8669/0.8667 test77_diag_ema=0.8669/0.8648 v13=0.0000 grl=0.2504 v15=0.0000 v15r=0.0000 v16=0.0000 v17=0.0000 v18=0.0000 das=stage3[12,95] p=1.00 ep_time=33.2s
[19:15:35] [train] epoch 99/100 steps=40 use_dann=0 das=stage3 f=[12.0,95.0] p=1.00 gpu=3.0/11.8GB
[19:15:36] [train] ep=99 step=001/40 ce=0.2567 sc=0.8694 mi=0.0641 dn=0.0000 v13=0.0000 grl=0.1636 v15=0.0000 v15r=0.0000 v16=0.0000 v17=0.0000 v18=0.0000 acc=1.0000 lr=3.15e-07 lambda=0.000 grl_lambda=1.000 v18_lambda=0.000 gpu=3.0/11.8GB
[19:15:41] [train] ep=99 step=010/40 ce=0.2592 sc=0.8290 mi=0.0628 dn=0.0000 v13=0.0000 grl=0.2355 v15=0.0000 v15r=0.0000 v16=0.0000 v17=0.0000 v18=0.0000 acc=1.0000 lr=2.48e-07 lambda=0.000 grl_lambda=1.000 v18_lambda=0.000 gpu=3.0/11.8GB
[19:15:47] [train] ep=99 step=020/40 ce=0.2814 sc=0.7933 mi=0.0630 dn=0.0000 v13=0.0000 grl=0.2406 v15=0.0000 v15r=0.0000 v16=0.0000 v17=0.0000 v18=0.0000 acc=0.9969 lr=1.83e-07 lambda=0.000 grl_lambda=1.000 v18_lambda=0.000 gpu=3.0/11.8GB
[19:15:52] [train] ep=99 step=030/40 ce=0.2800 sc=0.8037 mi=0.0626 dn=0.0000 v13=0.0000 grl=0.2365 v15=0.0000 v15r=0.0000 v16=0.0000 v17=0.0000 v18=0.0000 acc=0.9979 lr=1.28e-07 lambda=0.000 grl_lambda=1.000 v18_lambda=0.000 gpu=3.0/11.8GB
[19:15:58] [train] ep=99 step=040/40 ce=0.2963 sc=0.8220 mi=0.0632 dn=0.0000 v13=0.0000 grl=0.2460 v15=0.0000 v15r=0.0000 v16=0.0000 v17=0.0000 v18=0.0000 acc=0.9969 lr=8.26e-08 lambda=0.000 grl_lambda=1.000 v18_lambda=0.000 gpu=3.0/11.8GB
[19:16:08] [ep_summary] ep=99/100 val_live=0.9691/0.9694 val_ema=0.9691/0.9694 test77_live=0.8669/0.8667 test77_diag_ema=0.8597/0.8579 v13=0.0000 grl=0.2460 v15=0.0000 v15r=0.0000 v16=0.0000 v17=0.0000 v18=0.0000 das=stage3[12,95] p=1.00 ep_time=33.2s
[19:16:08] [train] epoch 100/100 steps=40 use_dann=0 das=stage3 f=[12.0,95.0] p=1.00 gpu=3.0/11.8GB
[19:16:09] [train] ep=100 step=001/40 ce=0.2576 sc=1.0559 mi=0.0760 dn=0.0000 v13=0.0000 grl=0.2515 v15=0.0000 v15r=0.0000 v16=0.0000 v17=0.0000 v18=0.0000 acc=1.0000 lr=7.87e-08 lambda=0.000 grl_lambda=1.000 v18_lambda=0.000 gpu=3.0/11.8GB
[19:16:14] [train] ep=100 step=010/40 ce=0.2599 sc=0.7391 mi=0.0660 dn=0.0000 v13=0.0000 grl=0.2531 v15=0.0000 v15r=0.0000 v16=0.0000 v17=0.0000 v18=0.0000 acc=1.0000 lr=4.72e-08 lambda=0.000 grl_lambda=1.000 v18_lambda=0.000 gpu=3.0/11.8GB
[19:16:20] [train] ep=100 step=020/40 ce=0.2594 sc=0.7554 mi=0.0644 dn=0.0000 v13=0.0000 grl=0.2604 v15=0.0000 v15r=0.0000 v16=0.0000 v17=0.0000 v18=0.0000 acc=1.0000 lr=2.17e-08 lambda=0.000 grl_lambda=1.000 v18_lambda=0.000 gpu=3.0/11.8GB
[19:16:25] [train] ep=100 step=030/40 ce=0.2849 sc=0.7945 mi=0.0639 dn=0.0000 v13=0.0000 grl=0.2508 v15=0.0000 v15r=0.0000 v16=0.0000 v17=0.0000 v18=0.0000 acc=0.9979 lr=5.95e-09 lambda=0.000 grl_lambda=1.000 v18_lambda=0.000 gpu=3.0/11.8GB
[19:16:31] [train] ep=100 step=040/40 ce=0.2782 sc=0.7861 mi=0.0643 dn=0.0000 v13=0.0000 grl=0.2416 v15=0.0000 v15r=0.0000 v16=0.0000 v17=0.0000 v18=0.0000 acc=0.9984 lr=4.92e-11 lambda=0.000 grl_lambda=1.000 v18_lambda=0.000 gpu=3.0/11.8GB
[19:16:41] [pool] check ep=100/100 source_val_acc_ema=0.9691 threshold=0.90
[19:16:46] [pool] ep=100 ADDED src_val=0.9691/0.9694 dev77=0.8071/0.8020 final77=0.8597/0.8579
[19:16:46] [pool] running best ep=080 dev77_f1=0.8188 final77_f1=0.8571 (pool_size=8)
[19:16:46] [ep_summary] ep=100/100 val_live=0.9691/0.9694 val_ema=0.9691/0.9694 test77_live=0.8669/0.8667 test77_diag_ema=0.8597/0.8579 v13=0.0000 grl=0.2416 v15=0.0000 v15r=0.0000 v16=0.0000 v17=0.0000 v18=0.0000 das=stage3[12,95] p=1.00 ep_time=38.0s
[19:16:46] [strict77_monitor] ep=100 best_source_epoch=70 source_val_ema=0.9691/0.9694 test77_ema_diag=0.8669/0.8658 sourcequalified_count=71 best_sourcequalified77_epoch=70 source_val_ema=0.9691/0.9694 test77_ema=0.8669/0.8658
[19:16:46] [pool] FINAL pool_size=8 best ep=080 dev77_f1=0.8188 final77_f1=0.8571 -> /scratch/st-zliu-1/heqingz/CrossCarrier_Fresh_20260922/CrossCarrier_Repro/EXPERIMENTSRESULT/REVISION_5090/SUPP_ABLATION/ACR_GRL_only/seed31415/checkpoints/best_pool_ema.pt
[19:16:46] [train] done best_sourceval_acc_ema=0.9691
[19:18:28] [eval] loaded vit_large_patch16_dinov3_lvd1689m_best_sourceval_ema.pt (sourceval)
[19:18:30] [eval] strict source-val selected by ema acc; heldout77_unused=140 final_test77=278 imgs, seed=42 dev_per_class=20
[19:18:41] [eval] 77GHz final-test acc=0.8669 f1=0.8658
[19:18:41] [eval] 77GHz final-test per-class={'Away': 1.0, 'Bend': 0.8205128205128205, 'Kneel': 0.8809523809523809, 'Pick': 0.8, 'SStep': 1.0, 'Sit': 0.6756756756756757, 'Towards': 0.875}
[19:18:46] [eval] val_all acc=0.9691 f1=0.9694
[19:18:50] [freq_scan:val10] f_virt=15GHz acc=0.9744 f1=0.9760
[19:18:51] [freq_scan:val10] f_virt=30GHz acc=0.9744 f1=0.9760
[19:18:52] [freq_scan:val10] f_virt=50GHz acc=0.9744 f1=0.9760
[19:18:53] [freq_scan:val10] f_virt=77GHz acc=0.9487 f1=0.9478
[19:18:54] [freq_scan:val10] f_virt=99GHz acc=0.9487 f1=0.9520
[19:18:55] [freq_scan:val10] f_virt=120GHz acc=0.9359 f1=0.9361
[19:18:57] [freq_scan:val10] f_virt=140GHz acc=0.8846 f1=0.8907
[19:18:58] [freq_scan:val24] f_virt=15GHz acc=0.9881 f1=0.9876
[19:18:59] [freq_scan:val24] f_virt=30GHz acc=0.9762 f1=0.9751
[19:19:00] [freq_scan:val24] f_virt=50GHz acc=0.9643 f1=0.9627
[19:19:02] [freq_scan:val24] f_virt=77GHz acc=0.9762 f1=0.9760
[19:19:03] [freq_scan:val24] f_virt=99GHz acc=0.9643 f1=0.9646
[19:19:04] [freq_scan:val24] f_virt=120GHz acc=0.9524 f1=0.9513
[19:19:05] [freq_scan:val24] f_virt=140GHz acc=0.9643 f1=0.9637
[19:19:05] [eval] saved eval_sourceval.json
[19:19:17] [eval] loaded vit_large_patch16_dinov3_lvd1689m_best_sourcequalified77_ema.pt (sourcequalified)
[19:19:17] [eval] source-qualified diagnostic selected (source-val ema acc >= 0.90, then best 77GHz ema macro-F1); heldout77_unused=140 final_test77=278 imgs, seed=42 dev_per_class=20
[19:19:20] [eval] 77GHz final-test acc=0.8669 f1=0.8658
[19:19:20] [eval] 77GHz final-test per-class={'Away': 1.0, 'Bend': 0.8205128205128205, 'Kneel': 0.8809523809523809, 'Pick': 0.8, 'SStep': 1.0, 'Sit': 0.6756756756756757, 'Towards': 0.875}
[19:19:22] [eval] val_all acc=0.9691 f1=0.9694
[19:19:23] [freq_scan:val10] f_virt=15GHz acc=0.9744 f1=0.9760
[19:19:24] [freq_scan:val10] f_virt=30GHz acc=0.9744 f1=0.9760
[19:19:25] [freq_scan:val10] f_virt=50GHz acc=0.9744 f1=0.9760
[19:19:26] [freq_scan:val10] f_virt=77GHz acc=0.9487 f1=0.9478
[19:19:27] [freq_scan:val10] f_virt=99GHz acc=0.9487 f1=0.9520
[19:19:29] [freq_scan:val10] f_virt=120GHz acc=0.9359 f1=0.9361
[19:19:30] [freq_scan:val10] f_virt=140GHz acc=0.8846 f1=0.8907
[19:19:31] [freq_scan:val24] f_virt=15GHz acc=0.9881 f1=0.9876
[19:19:32] [freq_scan:val24] f_virt=30GHz acc=0.9762 f1=0.9751
[19:19:33] [freq_scan:val24] f_virt=50GHz acc=0.9643 f1=0.9627
[19:19:35] [freq_scan:val24] f_virt=77GHz acc=0.9762 f1=0.9760
[19:19:36] [freq_scan:val24] f_virt=99GHz acc=0.9643 f1=0.9646
[19:19:37] [freq_scan:val24] f_virt=120GHz acc=0.9524 f1=0.9513
[19:19:38] [freq_scan:val24] f_virt=140GHz acc=0.9643 f1=0.9637
[19:19:38] [eval] saved eval_sourcequalified.json
