path,frequency,class,class_idx,subject,source_file,original_path,original_split,input_manifest_split,original_class_idx,recording_id,sha256
tasks/known_people_unknown_freq/dataset/train/10GHz/Away/06060010_1573837114.png,10GHz,Away,0,ua_0010,06060010_1573837114.png,dataset/val/10GHz/Away/06060010_1573837114.png,val,train,0,ua_0010|Away|1573837114,f8409d55370ae7199ca6c175e63294362057665219664ecfaee6796f0a01889c
tasks/known_people_unknown_freq/dataset/train/10GHz/Away/06060010_1573837135.png,10GHz,Away,0,ua_0010,06060010_1573837135.png,dataset/val/10GHz/Away/06060010_1573837135.png,val,train,0,ua_0010|Away|1573837135,1f98ec5c35c14d67e66c6f0861b10e3259a21d5c9d1cfb535a3cca786027fb11
tasks/known_people_unknown_freq/dataset/train/10GHz/Away/06060010_1573837157.png,10GHz,Away,0,ua_0010,06060010_1573837157.png,dataset/val/10GHz/Away/06060010_1573837157.png,val,train,0,ua_0010|Away|1573837157,dbf51a854ea650c1593ffedce896cabad27a383a35af9f9af870a3d8141d0178
tasks/known_people_unknown_freq/dataset/train/10GHz/Away/06060010_1573837204.png,10GHz,Away,0,ua_0010,06060010_1573837204.png,dataset/val/10GHz/Away/06060010_1573837204.png,val,train,0,ua_0010|Away|1573837204,a150f0f7fe7859be6862fde9fdcc7c8db444c3112caafe0b0ed50f8e3b865d8f
tasks/known_people_unknown_freq/dataset/train/10GHz/Away/06060010_1573837254.png,10GHz,Away,0,ua_0010,06060010_1573837254.png,dataset/val/10GHz/Away/06060010_1573837254.png,val,train,0,ua_0010|Away|1573837254,c07aebdf2fd26ea5e874b6638778935f4aa6a0536dbcb964728a47e878cab9b2
tasks/known_people_unknown_freq/dataset/train/10GHz/Away/06060010_1573837305.png,10GHz,Away,0,ua_0010,06060010_1573837305.png,dataset/val/10GHz/Away/06060010_1573837305.png,val,train,0,ua_0010|Away|1573837305,8d1b4907da328e4ab117233c0f712767aa1fa381d9d0c132ae68f8ef7b7d6ac0
tasks/known_people_unknown_freq/dataset/train/10GHz/Away/06060010_1573837370.png,10GHz,Away,0,ua_0010,06060010_1573837370.png,dataset/val/10GHz/Away/06060010_1573837370.png,val,train,0,ua_0010|Away|1573837370,ff524961e5f6c69e02c1604afba94c6deca9ef2d30ec51f298e2273f7b152066
tasks/known_people_unknown_freq/dataset/train/10GHz/Away/06060014_1574696344.png,10GHz,Away,0,ua_0014,06060014_1574696344.png,dataset/train/10GHz/Away/06060014_1574696344.png,train,train,0,ua_0014|Away|1574696344,7593185c9bbfa7a74a24af8e80b6002a550170328f11f1a5733c53acb261697d
tasks/known_people_unknown_freq/dataset/train/10GHz/Away/06060014_1574696370.png,10GHz,Away,0,ua_0014,06060014_1574696370.png,dataset/train/10GHz/Away/06060014_1574696370.png,train,train,0,ua_0014|Away|1574696370,0eae7700f61f9acf54a096fa9c7f15ecc44f95169cd4ee16d73e9fe6fd93c49b
tasks/known_people_unknown_freq/dataset/train/10GHz/Away/06060014_1574696394.png,10GHz,Away,0,ua_0014,06060014_1574696394.png,dataset/train/10GHz/Away/06060014_1574696394.png,train,train,0,ua_0014|Away|1574696394,41a72a0a4965d8e3cbd648ed1cf13f15f4c8364512a61978b219d863ddc28d44
tasks/known_people_unknown_freq/dataset/train/10GHz/Away/06060014_1574696433.png,10GHz,Away,0,ua_0014,06060014_1574696433.png,dataset/train/10GHz/Away/06060014_1574696433.png,train,train,0,ua_0014|Away|1574696433,4a3bcc5c47ed3baeb6d4b5c8d73d696d38fa22cdbb40d9a3469038cb7fd755a1
tasks/known_people_unknown_freq/dataset/train/10GHz/Away/06060014_1574696452.png,10GHz,Away,0,ua_0014,06060014_1574696452.png,dataset/train/10GHz/Away/06060014_1574696452.png,train,train,0,ua_0014|Away|1574696452,992dc710ffb7a8e9793ba0222c7313ca1174a61c1840b21fc66e2cc77b8203e1
tasks/known_people_unknown_freq/dataset/train/10GHz/Away/06060014_1574696470.png,10GHz,Away,0,ua_0014,06060014_1574696470.png,dataset/train/10GHz/Away/06060014_1574696470.png,train,train,0,ua_0014|Away|1574696470,434ba938dbb3603b9b8fb2e8e26525250e08c8f5f088651babf90ef4c0092abf
tasks/known_people_unknown_freq/dataset/train/10GHz/Away/06060029_1574114751.png,10GHz,Away,0,ua_0029,06060029_1574114751.png,dataset/train/10GHz/Away/06060029_1574114751.png,train,train,0,ua_0029|Away|1574114751,5f80e19aa80d1593ed50ad1dcc3a9c7b50007613ba20dc01511f1ef179b3c90c
tasks/known_people_unknown_freq/dataset/train/10GHz/Away/06060029_1574114770.png,10GHz,Away,0,ua_0029,06060029_1574114770.png,dataset/train/10GHz/Away/06060029_1574114770.png,train,train,0,ua_0029|Away|1574114770,295450b26be61bd6196d70c046d0181a08f5b413a7f743953049788c6a0d5603
tasks/known_people_unknown_freq/dataset/train/10GHz/Away/06060029_1574114809.png,10GHz,Away,0,ua_0029,06060029_1574114809.png,dataset/train/10GHz/Away/06060029_1574114809.png,train,train,0,ua_0029|Away|1574114809,eaac4710ac7e74d1fed69e35a12941c7b97983f506fac870ca0a3d42aee8bceb
tasks/known_people_unknown_freq/dataset/train/10GHz/Away/06060029_1574114829.png,10GHz,Away,0,ua_0029,06060029_1574114829.png,dataset/train/10GHz/Away/06060029_1574114829.png,train,train,0,ua_0029|Away|1574114829,d3b1e88bc6206ab64fd1e76d8eeca129446cc19d215fe7c0af7dc4be25afd1d3
tasks/known_people_unknown_freq/dataset/train/10GHz/Away/06060029_1574114849.png,10GHz,Away,0,ua_0029,06060029_1574114849.png,dataset/train/10GHz/Away/06060029_1574114849.png,train,train,0,ua_0029|Away|1574114849,813f8c1212f468fba38d23efa6aa3e570f3c3ffbedd205e4e5d6c6dfa58f9cd4
tasks/known_people_unknown_freq/dataset/train/10GHz/Away/06060029_1574115098.png,10GHz,Away,0,ua_0029,06060029_1574115098.png,dataset/train/10GHz/Away/06060029_1574115098.png,train,train,0,ua_0029|Away|1574115098,1563175629f6d8f325fb6808d4449a625f00f3ea9b27b4176d44ab5f25e27fc5
tasks/known_people_unknown_freq/dataset/train/10GHz/Away/06060029_1574626448.png,10GHz,Away,0,ua_0029,06060029_1574626448.png,dataset/train/10GHz/Away/06060029_1574626448.png,train,train,0,ua_0029|Away|1574626448,0d6924ac2568e216666318a0ed99e3a5eb7b1a1d75a58e871d54d12f101ecfbe
tasks/known_people_unknown_freq/dataset/train/10GHz/Away/06060029_1574626614.png,10GHz,Away,0,ua_0029,06060029_1574626614.png,dataset/train/10GHz/Away/06060029_1574626614.png,train,train,0,ua_0029|Away|1574626614,19bd66374effe09fe9ea1dc1fcd6e09fe84cdf067e89eb293edd675c79c34efc
tasks/known_people_unknown_freq/dataset/train/10GHz/Away/06060029_1574626687.png,10GHz,Away,0,ua_0029,06060029_1574626687.png,dataset/train/10GHz/Away/06060029_1574626687.png,train,train,0,ua_0029|Away|1574626687,aeaee27e335e15933f30ff2756448b90b1de63e9dccd8322728fff0f99e41479
tasks/known_people_unknown_freq/dataset/train/10GHz/Away/06060029_1574626995.png,10GHz,Away,0,ua_0029,06060029_1574626995.png,dataset/train/10GHz/Away/06060029_1574626995.png,train,train,0,ua_0029|Away|1574626995,f73c81eace74b03030c755b25bf2769cbac72157e54bf9320649c127cd4fec15
tasks/known_people_unknown_freq/dataset/train/10GHz/Away/06060029_1574627039.png,10GHz,Away,0,ua_0029,06060029_1574627039.png,dataset/train/10GHz/Away/06060029_1574627039.png,train,train,0,ua_0029|Away|1574627039,0b4de71b51ac85ee5a773df9e552c0d13af1f3819a5b1c4fb412b9eb760429eb
tasks/known_people_unknown_freq/dataset/train/10GHz/Away/06060029_1574627068.png,10GHz,Away,0,ua_0029,06060029_1574627068.png,dataset/train/10GHz/Away/06060029_1574627068.png,train,train,0,ua_0029|Away|1574627068,47fdd18516e1f9c05f6ee5100a7c89cb290263d9c5fabb9c2c93bb5000a9285b
tasks/known_people_unknown_freq/dataset/train/10GHz/Away/06060029_1574627087.png,10GHz,Away,0,ua_0029,06060029_1574627087.png,dataset/train/10GHz/Away/06060029_1574627087.png,train,train,0,ua_0029|Away|1574627087,d0f95c163be6808e8ee645f1e206feab17e7ce545f9af783b7953b4a78e38ebb
tasks/known_people_unknown_freq/dataset/train/10GHz/Away/06060029_1574627128.png,10GHz,Away,0,ua_0029,06060029_1574627128.png,dataset/train/10GHz/Away/06060029_1574627128.png,train,train,0,ua_0029|Away|1574627128,c50af6bc454ad73bc9b92c5b115a365f17eb20bd3658555055e2a7ed4f6c502e
tasks/known_people_unknown_freq/dataset/train/10GHz/Away/06060029_1574627154.png,10GHz,Away,0,ua_0029,06060029_1574627154.png,dataset/train/10GHz/Away/06060029_1574627154.png,train,train,0,ua_0029|Away|1574627154,1f625ca77a0b8fc367c24ca8fc8d7a3518cfee50ea0ca81cd5b69a306a62b3c3
tasks/known_people_unknown_freq/dataset/train/10GHz/Away/06060030_1574194202.png,10GHz,Away,0,ua_0030,06060030_1574194202.png,dataset/train/10GHz/Away/06060030_1574194202.png,train,train,0,ua_0030|Away|1574194202,207ea6adecb14e54fce618fa3c18ade4fc237230d8304e4f2a54d4ddb0298d3a
tasks/known_people_unknown_freq/dataset/train/10GHz/Away/06060030_1574194225.png,10GHz,Away,0,ua_0030,06060030_1574194225.png,dataset/train/10GHz/Away/06060030_1574194225.png,train,train,0,ua_0030|Away|1574194225,734b7f6184c10e46e3a5b9b216881e8e03991274a57e16b068d1ad95b7ba5e3e
tasks/known_people_unknown_freq/dataset/train/10GHz/Away/06060030_1574194249.png,10GHz,Away,0,ua_0030,06060030_1574194249.png,dataset/train/10GHz/Away/06060030_1574194249.png,train,train,0,ua_0030|Away|1574194249,40154f3742512052aea434e77cd73a94b8ea420b062a777f98022055c0d1113a
tasks/known_people_unknown_freq/dataset/train/10GHz/Away/06060030_1574194275.png,10GHz,Away,0,ua_0030,06060030_1574194275.png,dataset/train/10GHz/Away/06060030_1574194275.png,train,train,0,ua_0030|Away|1574194275,bad3a4984b9236390fbf119e85aa5a0704b07fb5c79cb02e88d3bce8cb112c4e
tasks/known_people_unknown_freq/dataset/train/10GHz/Away/06060030_1574194298.png,10GHz,Away,0,ua_0030,06060030_1574194298.png,dataset/train/10GHz/Away/06060030_1574194298.png,train,train,0,ua_0030|Away|1574194298,01af32d90163bad439842bfb145c07632a43becdaef2a5d1683080e90345da87
tasks/known_people_unknown_freq/dataset/train/10GHz/Away/06060030_1574194369.png,10GHz,Away,0,ua_0030,06060030_1574194369.png,dataset/train/10GHz/Away/06060030_1574194369.png,train,train,0,ua_0030|Away|1574194369,4de9d0f67d3df4bed4d8da2cb8d8a6b944df387f0132a64e4f300dcb3d846e97
tasks/known_people_unknown_freq/dataset/train/10GHz/Away/06060030_1574194391.png,10GHz,Away,0,ua_0030,06060030_1574194391.png,dataset/train/10GHz/Away/06060030_1574194391.png,train,train,0,ua_0030|Away|1574194391,1f10b224e3fc16b30aca4feb84939984886c763bc6e4b908f0b66413c6cc5bdc
tasks/known_people_unknown_freq/dataset/train/10GHz/Away/06060030_1574456948.png,10GHz,Away,0,ua_0030,06060030_1574456948.png,dataset/train/10GHz/Away/06060030_1574456948.png,train,train,0,ua_0030|Away|1574456948,f7671b00a5b1fc8cb12a725c9ffb2e1836c7e2d5f85a5106e3d2a7424074469e
tasks/known_people_unknown_freq/dataset/train/10GHz/Away/06060030_1574456969.png,10GHz,Away,0,ua_0030,06060030_1574456969.png,dataset/train/10GHz/Away/06060030_1574456969.png,train,train,0,ua_0030|Away|1574456969,659c97e5b087d28f4d4f63d39dbf82bfc0c35fe5b764982c7078e665b5d318b9
tasks/known_people_unknown_freq/dataset/train/10GHz/Away/06060030_1574457011.png,10GHz,Away,0,ua_0030,06060030_1574457011.png,dataset/train/10GHz/Away/06060030_1574457011.png,train,train,0,ua_0030|Away|1574457011,b02a02bae331da47624bc7540b6ea5e8dae7f22dcb9c03de60c0559d442f6be0
tasks/known_people_unknown_freq/dataset/train/10GHz/Away/06060030_1574457032.png,10GHz,Away,0,ua_0030,06060030_1574457032.png,dataset/train/10GHz/Away/06060030_1574457032.png,train,train,0,ua_0030|Away|1574457032,d536f2ae882740d14fe98bf02abbf1c55082811dea76cd4dbd4116c643d0cd28
tasks/known_people_unknown_freq/dataset/train/10GHz/Away/06060030_1574457052.png,10GHz,Away,0,ua_0030,06060030_1574457052.png,dataset/train/10GHz/Away/06060030_1574457052.png,train,train,0,ua_0030|Away|1574457052,7d4976500c5ab3dc48a7a11b516e2fd97de1e91e7d3b17fc2b45490554fd37ce
tasks/known_people_unknown_freq/dataset/train/10GHz/Away/06060030_1574457074.png,10GHz,Away,0,ua_0030,06060030_1574457074.png,dataset/train/10GHz/Away/06060030_1574457074.png,train,train,0,ua_0030|Away|1574457074,a88a66f271de64a529246c7c67fa3b6c5bbbefe4599440ac0c8a8c9989aa9380
tasks/known_people_unknown_freq/dataset/train/10GHz/Away/06060030_1574457095.png,10GHz,Away,0,ua_0030,06060030_1574457095.png,dataset/train/10GHz/Away/06060030_1574457095.png,train,train,0,ua_0030|Away|1574457095,e39634e039d623d84172012147c4fbb7a318bdb9c87385af9c7652f9c16a5bd4
tasks/known_people_unknown_freq/dataset/train/10GHz/Away/06060030_1574457136.png,10GHz,Away,0,ua_0030,06060030_1574457136.png,dataset/train/10GHz/Away/06060030_1574457136.png,train,train,0,ua_0030|Away|1574457136,13134bfb9b5f3949a14f9f7194752f045154d953c4ba1affe8856f3f6a42bbf5
tasks/known_people_unknown_freq/dataset/train/10GHz/Bend/06080010_1573837689.png,10GHz,Bend,1,ua_0010,06080010_1573837689.png,dataset/val/10GHz/Bend/06080010_1573837689.png,val,train,1,ua_0010|Bend|1573837689,d3be35136ef1e094eedded7a194862e3bcdb8bed93b4321efe6ee7904036c5e6
tasks/known_people_unknown_freq/dataset/train/10GHz/Bend/06080010_1573837709.png,10GHz,Bend,1,ua_0010,06080010_1573837709.png,dataset/val/10GHz/Bend/06080010_1573837709.png,val,train,1,ua_0010|Bend|1573837709,b1637e8b2b6142a7e94893673ff863573028ce7ffdd934d31b20a264a74f4011
tasks/known_people_unknown_freq/dataset/train/10GHz/Bend/06080010_1573837748.png,10GHz,Bend,1,ua_0010,06080010_1573837748.png,dataset/val/10GHz/Bend/06080010_1573837748.png,val,train,1,ua_0010|Bend|1573837748,0874161f7e2b9fa5e6e8d681d2b5f573ee86fb5d196dad9f586a523caef00d1e
tasks/known_people_unknown_freq/dataset/train/10GHz/Bend/06080010_1573837767.png,10GHz,Bend,1,ua_0010,06080010_1573837767.png,dataset/val/10GHz/Bend/06080010_1573837767.png,val,train,1,ua_0010|Bend|1573837767,705c441fb4dc2210ba0509c53589e1f9df0d87025f7da76dd38c681fe3e9fc16
tasks/known_people_unknown_freq/dataset/train/10GHz/Bend/06080010_1573837785.png,10GHz,Bend,1,ua_0010,06080010_1573837785.png,dataset/val/10GHz/Bend/06080010_1573837785.png,val,train,1,ua_0010|Bend|1573837785,1313d09e965d4565930c528083d70eea0e39091ffb47c2a61fb77539ec064783
tasks/known_people_unknown_freq/dataset/train/10GHz/Bend/06080010_1573837803.png,10GHz,Bend,1,ua_0010,06080010_1573837803.png,dataset/val/10GHz/Bend/06080010_1573837803.png,val,train,1,ua_0010|Bend|1573837803,17a19a32c939997d68834d218e1fb37871085b7f83f4e75da3b1d09528e302a8
tasks/known_people_unknown_freq/dataset/train/10GHz/Bend/06080014_1574696801.png,10GHz,Bend,1,ua_0014,06080014_1574696801.png,dataset/train/10GHz/Bend/06080014_1574696801.png,train,train,1,ua_0014|Bend|1574696801,02320e6ccd3f5751dff4fc9855814fa65139e896cc1ecbc5767244b5a63c56aa
tasks/known_people_unknown_freq/dataset/train/10GHz/Bend/06080014_1574696820.png,10GHz,Bend,1,ua_0014,06080014_1574696820.png,dataset/train/10GHz/Bend/06080014_1574696820.png,train,train,1,ua_0014|Bend|1574696820,b694b32b0b05c4744a827129a6fc55bd9314dadc8bad68493ed111dbb0dc3b38
tasks/known_people_unknown_freq/dataset/train/10GHz/Bend/06080014_1574696838.png,10GHz,Bend,1,ua_0014,06080014_1574696838.png,dataset/train/10GHz/Bend/06080014_1574696838.png,train,train,1,ua_0014|Bend|1574696838,928d65c6c09315b8e9a915b6b60d10c73310588b1872e3c27f94e7ad0bf5c2bc
tasks/known_people_unknown_freq/dataset/train/10GHz/Bend/06080014_1574696856.png,10GHz,Bend,1,ua_0014,06080014_1574696856.png,dataset/train/10GHz/Bend/06080014_1574696856.png,train,train,1,ua_0014|Bend|1574696856,5cf52d8fc814ea40262814ddc9394ba1dad4f28f2cdb254edb0165e5c16f8258
tasks/known_people_unknown_freq/dataset/train/10GHz/Bend/06080014_1574696876.png,10GHz,Bend,1,ua_0014,06080014_1574696876.png,dataset/train/10GHz/Bend/06080014_1574696876.png,train,train,1,ua_0014|Bend|1574696876,2dfb9813d6ea9dc7c91f726e97f6a8a6e2632f37d2f0dae02287d4d68d9d55af
tasks/known_people_unknown_freq/dataset/train/10GHz/Bend/06080014_1574696914.png,10GHz,Bend,1,ua_0014,06080014_1574696914.png,dataset/train/10GHz/Bend/06080014_1574696914.png,train,train,1,ua_0014|Bend|1574696914,0658d9fd6dac838d214d9661c1c7233414dcf2c0669803b1bc87c179570a24a4
tasks/known_people_unknown_freq/dataset/train/10GHz/Bend/06080014_1574696941.png,10GHz,Bend,1,ua_0014,06080014_1574696941.png,dataset/train/10GHz/Bend/06080014_1574696941.png,train,train,1,ua_0014|Bend|1574696941,dfb417310ecbe523622dd5d9f9664f307c0b318493e9da5c1316fbc7129a6721
tasks/known_people_unknown_freq/dataset/train/10GHz/Bend/06080029_1574115523.png,10GHz,Bend,1,ua_0029,06080029_1574115523.png,dataset/train/10GHz/Bend/06080029_1574115523.png,train,train,1,ua_0029|Bend|1574115523,5ec8a236fd1d0bad8ef00cf8d43c51224e4807c038b3622bbe062c74c151617f
tasks/known_people_unknown_freq/dataset/train/10GHz/Bend/06080029_1574115541.png,10GHz,Bend,1,ua_0029,06080029_1574115541.png,dataset/train/10GHz/Bend/06080029_1574115541.png,train,train,1,ua_0029|Bend|1574115541,8308fb7ce1c56073b1a297d01d0b855deaff5bbd77ede93d4569ebbc19833155
tasks/known_people_unknown_freq/dataset/train/10GHz/Bend/06080029_1574115561.png,10GHz,Bend,1,ua_0029,06080029_1574115561.png,dataset/train/10GHz/Bend/06080029_1574115561.png,train,train,1,ua_0029|Bend|1574115561,ce61bd7139b14657cb4bdb1a061a6b01f1320f8451653d91d14df9912f33adb7
tasks/known_people_unknown_freq/dataset/train/10GHz/Bend/06080029_1574115580.png,10GHz,Bend,1,ua_0029,06080029_1574115580.png,dataset/train/10GHz/Bend/06080029_1574115580.png,train,train,1,ua_0029|Bend|1574115580,28296d9d91855b2ff9313f285a9ccc62c70ec5a55be72c81e10ea9b3faf99f08
tasks/known_people_unknown_freq/dataset/train/10GHz/Bend/06080029_1574115601.png,10GHz,Bend,1,ua_0029,06080029_1574115601.png,dataset/train/10GHz/Bend/06080029_1574115601.png,train,train,1,ua_0029|Bend|1574115601,c02bb7c9e693011c443c3d18f445300ea18418c5f3cf9266243900e253a03f95
tasks/known_people_unknown_freq/dataset/train/10GHz/Bend/06080029_1574627793.png,10GHz,Bend,1,ua_0029,06080029_1574627793.png,dataset/train/10GHz/Bend/06080029_1574627793.png,train,train,1,ua_0029|Bend|1574627793,371e527aeb5ef5932783c830acef1df731218682df6afc42463ccabb5cf2d50d
tasks/known_people_unknown_freq/dataset/train/10GHz/Bend/06080029_1574627830.png,10GHz,Bend,1,ua_0029,06080029_1574627830.png,dataset/train/10GHz/Bend/06080029_1574627830.png,train,train,1,ua_0029|Bend|1574627830,0264dcc2827e232847b41e5fbeef25ee3375e53684c8d25db355c48be17bdbdd
tasks/known_people_unknown_freq/dataset/train/10GHz/Bend/06080029_1574627848.png,10GHz,Bend,1,ua_0029,06080029_1574627848.png,dataset/train/10GHz/Bend/06080029_1574627848.png,train,train,1,ua_0029|Bend|1574627848,b80abb4e8c743bda9b630e8f7d8f05ca769fd8429932de740bb466350d643c2e
tasks/known_people_unknown_freq/dataset/train/10GHz/Bend/06080029_1574627935.png,10GHz,Bend,1,ua_0029,06080029_1574627935.png,dataset/train/10GHz/Bend/06080029_1574627935.png,train,train,1,ua_0029|Bend|1574627935,f3fb7df1b09d219961eb72ef94760b986e35c15f0b5c8381052f8989a103f386
tasks/known_people_unknown_freq/dataset/train/10GHz/Bend/06080029_1574627955.png,10GHz,Bend,1,ua_0029,06080029_1574627955.png,dataset/train/10GHz/Bend/06080029_1574627955.png,train,train,1,ua_0029|Bend|1574627955,04cd4c5bec89e8312370791fecffd7f3e1c2b23f4501b37e90fa1c7d88be45f0
tasks/known_people_unknown_freq/dataset/train/10GHz/Bend/06080029_1574627986.png,10GHz,Bend,1,ua_0029,06080029_1574627986.png,dataset/train/10GHz/Bend/06080029_1574627986.png,train,train,1,ua_0029|Bend|1574627986,caa362f19af97126480123c9386369873a92bab7bd7039fd3c3142134bff17cb
tasks/known_people_unknown_freq/dataset/train/10GHz/Bend/06080029_1574628005.png,10GHz,Bend,1,ua_0029,06080029_1574628005.png,dataset/train/10GHz/Bend/06080029_1574628005.png,train,train,1,ua_0029|Bend|1574628005,cc3d9118b518eded2dd50e844069815dc83ba94e1ab25148eecd14dceef34a5d
tasks/known_people_unknown_freq/dataset/train/10GHz/Bend/06080029_1574628024.png,10GHz,Bend,1,ua_0029,06080029_1574628024.png,dataset/train/10GHz/Bend/06080029_1574628024.png,train,train,1,ua_0029|Bend|1574628024,24b7336876735b31d7dabf290838263f6da09177a9b0b10e162204c0516c6bff
tasks/known_people_unknown_freq/dataset/train/10GHz/Bend/06080029_1574628042.png,10GHz,Bend,1,ua_0029,06080029_1574628042.png,dataset/train/10GHz/Bend/06080029_1574628042.png,train,train,1,ua_0029|Bend|1574628042,3f08c4f150617c46f6c4285d86898e105a662d36076c8cf41449f592c1fe0382
tasks/known_people_unknown_freq/dataset/train/10GHz/Bend/06080029_1574628060.png,10GHz,Bend,1,ua_0029,06080029_1574628060.png,dataset/train/10GHz/Bend/06080029_1574628060.png,train,train,1,ua_0029|Bend|1574628060,ec6e850b5ad762cb78f018479dcd0b2ae3274f248fccf6b3edbcb09020b07d20
tasks/known_people_unknown_freq/dataset/train/10GHz/Bend/06080030_1574194651.png,10GHz,Bend,1,ua_0030,06080030_1574194651.png,dataset/train/10GHz/Bend/06080030_1574194651.png,train,train,1,ua_0030|Bend|1574194651,f653de0669cdcf470b0aa3b4849da7ef9637af7ff55c92137ac0ad3dfb9ef9d4
tasks/known_people_unknown_freq/dataset/train/10GHz/Bend/06080030_1574194672.png,10GHz,Bend,1,ua_0030,06080030_1574194672.png,dataset/train/10GHz/Bend/06080030_1574194672.png,train,train,1,ua_0030|Bend|1574194672,94c09977d26b2b1ec0a46d35b15e195bf52d1b0e6716ef0ab4e5dd2fa8206512
tasks/known_people_unknown_freq/dataset/train/10GHz/Bend/06080030_1574194692.png,10GHz,Bend,1,ua_0030,06080030_1574194692.png,dataset/train/10GHz/Bend/06080030_1574194692.png,train,train,1,ua_0030|Bend|1574194692,9220c58ed0e2a5fca05b95b23c73bccb8434427f6e6a264972d2b5343e144123
tasks/known_people_unknown_freq/dataset/train/10GHz/Bend/06080030_1574194713.png,10GHz,Bend,1,ua_0030,06080030_1574194713.png,dataset/train/10GHz/Bend/06080030_1574194713.png,train,train,1,ua_0030|Bend|1574194713,20b1d7cea8d5552b60123b6d436167b445b5a34b9d68b933d8d78517a8c4b2fd
tasks/known_people_unknown_freq/dataset/train/10GHz/Bend/06080030_1574194941.png,10GHz,Bend,1,ua_0030,06080030_1574194941.png,dataset/train/10GHz/Bend/06080030_1574194941.png,train,train,1,ua_0030|Bend|1574194941,81dba9ded5dec5ba555cbcf004d617d7e624e23ce097929c49e4f2d9a0fac477
tasks/known_people_unknown_freq/dataset/train/10GHz/Bend/06080030_1574194962.png,10GHz,Bend,1,ua_0030,06080030_1574194962.png,dataset/train/10GHz/Bend/06080030_1574194962.png,train,train,1,ua_0030|Bend|1574194962,b9f9ba99d4b760036bd6111def13d01b37b79ba54308c1889c10fbbebfe5748b
tasks/known_people_unknown_freq/dataset/train/10GHz/Bend/06080030_1574195000.png,10GHz,Bend,1,ua_0030,06080030_1574195000.png,dataset/train/10GHz/Bend/06080030_1574195000.png,train,train,1,ua_0030|Bend|1574195000,5dabd70340eab3fdde7edf9d16337593c916ff45572ec14aef7d5e6e0862e3b1
tasks/known_people_unknown_freq/dataset/train/10GHz/Bend/06080030_1574195019.png,10GHz,Bend,1,ua_0030,06080030_1574195019.png,dataset/train/10GHz/Bend/06080030_1574195019.png,train,train,1,ua_0030|Bend|1574195019,b4ecdd8d057b63d45b3eb342a0de610d3861cb846cff07d656ffb28cc2f4ad18
tasks/known_people_unknown_freq/dataset/train/10GHz/Bend/06080030_1574195038.png,10GHz,Bend,1,ua_0030,06080030_1574195038.png,dataset/train/10GHz/Bend/06080030_1574195038.png,train,train,1,ua_0030|Bend|1574195038,5c24d4c8c4d81974324f6a96f391471c53e65272579ecc44f6782c6c277b6dd8
tasks/known_people_unknown_freq/dataset/train/10GHz/Bend/06080030_1574195059.png,10GHz,Bend,1,ua_0030,06080030_1574195059.png,dataset/train/10GHz/Bend/06080030_1574195059.png,train,train,1,ua_0030|Bend|1574195059,efcc29fc75a57e6682905cffd4deb1f61c912795d7f12729c346661544dad82a
tasks/known_people_unknown_freq/dataset/train/10GHz/Bend/06080030_1574457972.png,10GHz,Bend,1,ua_0030,06080030_1574457972.png,dataset/train/10GHz/Bend/06080030_1574457972.png,train,train,1,ua_0030|Bend|1574457972,c136f85958eb491f55194ebbacacaf575b13485cf7ec8c519fb6dea272e6a79d
tasks/known_people_unknown_freq/dataset/train/10GHz/Bend/06080030_1574457991.png,10GHz,Bend,1,ua_0030,06080030_1574457991.png,dataset/train/10GHz/Bend/06080030_1574457991.png,train,train,1,ua_0030|Bend|1574457991,66dfa03145943fce83b25ca95e86c06974d587e3d37def885660093325d2b0df
tasks/known_people_unknown_freq/dataset/train/10GHz/Bend/06080030_1574458011.png,10GHz,Bend,1,ua_0030,06080030_1574458011.png,dataset/train/10GHz/Bend/06080030_1574458011.png,train,train,1,ua_0030|Bend|1574458011,7ef9c9d0119d8e65518c6ce09738d57f83cb6f54fe711de39398f5b9c8f84b9b
tasks/known_people_unknown_freq/dataset/train/10GHz/Bend/06080030_1574458096.png,10GHz,Bend,1,ua_0030,06080030_1574458096.png,dataset/train/10GHz/Bend/06080030_1574458096.png,train,train,1,ua_0030|Bend|1574458096,c75ab48c51f0f37322e4e5c57890a82e9e01eabf2729f23a2b57741924da27ec
tasks/known_people_unknown_freq/dataset/train/10GHz/Bend/06080030_1574458114.png,10GHz,Bend,1,ua_0030,06080030_1574458114.png,dataset/train/10GHz/Bend/06080030_1574458114.png,train,train,1,ua_0030|Bend|1574458114,bfaa9a95083d57c011bb91f81230b3c238bf316d7cf15a22d7a52d1db30a4507
tasks/known_people_unknown_freq/dataset/train/10GHz/Bend/06080030_1574458139.png,10GHz,Bend,1,ua_0030,06080030_1574458139.png,dataset/train/10GHz/Bend/06080030_1574458139.png,train,train,1,ua_0030|Bend|1574458139,da53b97f8ea9ce9b71a32703fb1199873963b684ee97127b7ce26a8591623f40
tasks/known_people_unknown_freq/dataset/train/10GHz/Bend/06080030_1574458157.png,10GHz,Bend,1,ua_0030,06080030_1574458157.png,dataset/train/10GHz/Bend/06080030_1574458157.png,train,train,1,ua_0030|Bend|1574458157,ce48268fc2532e869c3829cde33b6d503401d4c7120a08e33a4fd49845acaf2f
tasks/known_people_unknown_freq/dataset/train/10GHz/Kneel/06100014_1574698031.png,10GHz,Kneel,2,ua_0014,06100014_1574698031.png,dataset/train/10GHz/Kneel/06100014_1574698031.png,train,train,3,ua_0014|Kneel|1574698031,50447d28a2e145bf50ae00dad1cd25209835333067b083ddcbadbf8195dd9e1b
tasks/known_people_unknown_freq/dataset/train/10GHz/Kneel/06100014_1574698108.png,10GHz,Kneel,2,ua_0014,06100014_1574698108.png,dataset/train/10GHz/Kneel/06100014_1574698108.png,train,train,3,ua_0014|Kneel|1574698108,e34e815efada44779455a338a073c26b2ead240e0d36d6373b6d92793d9e3367
tasks/known_people_unknown_freq/dataset/train/10GHz/Kneel/06100014_1574698127.png,10GHz,Kneel,2,ua_0014,06100014_1574698127.png,dataset/train/10GHz/Kneel/06100014_1574698127.png,train,train,3,ua_0014|Kneel|1574698127,cb4075fb49b20642c8bf9d1605d75e03174aad5807a3c2da9a5a4f1a53bc4101
tasks/known_people_unknown_freq/dataset/train/10GHz/Kneel/06100014_1574698146.png,10GHz,Kneel,2,ua_0014,06100014_1574698146.png,dataset/train/10GHz/Kneel/06100014_1574698146.png,train,train,3,ua_0014|Kneel|1574698146,465d98613007ae7ca93a99a66749a1ea13a042fb531a5b7f2b8876ab7873d0a4
tasks/known_people_unknown_freq/dataset/train/10GHz/Kneel/06100014_1574698165.png,10GHz,Kneel,2,ua_0014,06100014_1574698165.png,dataset/train/10GHz/Kneel/06100014_1574698165.png,train,train,3,ua_0014|Kneel|1574698165,34b9264ad3fc52387e4856e95563397ada7dce414927ad3fff90be755fc66b1d
tasks/known_people_unknown_freq/dataset/train/10GHz/Kneel/06100014_1574698185.png,10GHz,Kneel,2,ua_0014,06100014_1574698185.png,dataset/train/10GHz/Kneel/06100014_1574698185.png,train,train,3,ua_0014|Kneel|1574698185,6dd6ab4e0f02a7dd33755b797e5c16435086fa266796f7da8457aae271c235a2
tasks/known_people_unknown_freq/dataset/train/10GHz/Kneel/06100014_1574698203.png,10GHz,Kneel,2,ua_0014,06100014_1574698203.png,dataset/train/10GHz/Kneel/06100014_1574698203.png,train,train,3,ua_0014|Kneel|1574698203,18838a3ad5b1cb3a9464285932294d856229f20a0d9e3cc5edca606898106b9a
tasks/known_people_unknown_freq/dataset/train/10GHz/Kneel/06100014_1574698222.png,10GHz,Kneel,2,ua_0014,06100014_1574698222.png,dataset/train/10GHz/Kneel/06100014_1574698222.png,train,train,3,ua_0014|Kneel|1574698222,36340d4b20230e07e05fa6a1ed7432ed8f6328c09ca2f6d8fbd1cb2885f2c7bf
tasks/known_people_unknown_freq/dataset/train/10GHz/Kneel/06100029_1574116027.png,10GHz,Kneel,2,ua_0029,06100029_1574116027.png,dataset/train/10GHz/Kneel/06100029_1574116027.png,train,train,3,ua_0029|Kneel|1574116027,3c917dd0f2a12ddabee593daffa36cf3057a4e562e7676cf5a28381e108d1fd7
tasks/known_people_unknown_freq/dataset/train/10GHz/Kneel/06100029_1574116046.png,10GHz,Kneel,2,ua_0029,06100029_1574116046.png,dataset/train/10GHz/Kneel/06100029_1574116046.png,train,train,3,ua_0029|Kneel|1574116046,68170694d1b7fe78360f09de4914ef3d8752add91142202cf447ed36598513b0
tasks/known_people_unknown_freq/dataset/train/10GHz/Kneel/06100029_1574116064.png,10GHz,Kneel,2,ua_0029,06100029_1574116064.png,dataset/train/10GHz/Kneel/06100029_1574116064.png,train,train,3,ua_0029|Kneel|1574116064,8225118c8a34a2b3ac59256476328f8fff6221a69ced8d924318673d3e01d3b7
tasks/known_people_unknown_freq/dataset/train/10GHz/Kneel/06100029_1574116083.png,10GHz,Kneel,2,ua_0029,06100029_1574116083.png,dataset/train/10GHz/Kneel/06100029_1574116083.png,train,train,3,ua_0029|Kneel|1574116083,6e8f56b97dec78b4d360a73938db0c5649c3077141e54725c2299bbad449f9cd
tasks/known_people_unknown_freq/dataset/train/10GHz/Kneel/06100029_1574116122 (copy).png,10GHz,Kneel,2,ua_0029,06100029_1574116122 (copy).png,dataset/train/10GHz/Kneel/06100029_1574116122 (copy).png,train,train,3,ua_0029|Kneel|1574116122,96efa00c34b7e17385063611a9a1dec17ebe989b868ca781af0b438563e22a33
tasks/known_people_unknown_freq/dataset/train/10GHz/Kneel/06100029_1574116122.png,10GHz,Kneel,2,ua_0029,06100029_1574116122.png,dataset/train/10GHz/Kneel/06100029_1574116122.png,train,train,3,ua_0029|Kneel|1574116122,96efa00c34b7e17385063611a9a1dec17ebe989b868ca781af0b438563e22a33
tasks/known_people_unknown_freq/dataset/train/10GHz/Kneel/06100029_1574116141 (copy).png,10GHz,Kneel,2,ua_0029,06100029_1574116141 (copy).png,dataset/train/10GHz/Kneel/06100029_1574116141 (copy).png,train,train,3,ua_0029|Kneel|1574116141,fc31f14ce26c3893a82bb6fca11efeebb1f2aaedff1a2227abd0cb4a833f1449
tasks/known_people_unknown_freq/dataset/train/10GHz/Kneel/06100029_1574116141.png,10GHz,Kneel,2,ua_0029,06100029_1574116141.png,dataset/train/10GHz/Kneel/06100029_1574116141.png,train,train,3,ua_0029|Kneel|1574116141,fc31f14ce26c3893a82bb6fca11efeebb1f2aaedff1a2227abd0cb4a833f1449
tasks/known_people_unknown_freq/dataset/train/10GHz/Kneel/06100029_1574628484 (copy).png,10GHz,Kneel,2,ua_0029,06100029_1574628484 (copy).png,dataset/train/10GHz/Kneel/06100029_1574628484 (copy).png,train,train,3,ua_0029|Kneel|1574628484,216218f51035502518c1041e8ef3ffea67ec3b86b5465fe5fd953e987f572d3d
tasks/known_people_unknown_freq/dataset/train/10GHz/Kneel/06100029_1574628484.png,10GHz,Kneel,2,ua_0029,06100029_1574628484.png,dataset/train/10GHz/Kneel/06100029_1574628484.png,train,train,3,ua_0029|Kneel|1574628484,216218f51035502518c1041e8ef3ffea67ec3b86b5465fe5fd953e987f572d3d
tasks/known_people_unknown_freq/dataset/train/10GHz/Kneel/06100029_1574628503 (copy).png,10GHz,Kneel,2,ua_0029,06100029_1574628503 (copy).png,dataset/train/10GHz/Kneel/06100029_1574628503 (copy).png,train,train,3,ua_0029|Kneel|1574628503,5e63d96e9ba994c40bbfdace58bc27c6d7751591b35ac07c1e1a1c3ca6357ddf
tasks/known_people_unknown_freq/dataset/train/10GHz/Kneel/06100029_1574628522 (copy).png,10GHz,Kneel,2,ua_0029,06100029_1574628522 (copy).png,dataset/train/10GHz/Kneel/06100029_1574628522 (copy).png,train,train,3,ua_0029|Kneel|1574628522,b776596a8554e8252f76735d344fd56e883637d58a596f9e284628a4a3a1b345
tasks/known_people_unknown_freq/dataset/train/10GHz/Kneel/06100029_1574628522.png,10GHz,Kneel,2,ua_0029,06100029_1574628522.png,dataset/train/10GHz/Kneel/06100029_1574628522.png,train,train,3,ua_0029|Kneel|1574628522,b776596a8554e8252f76735d344fd56e883637d58a596f9e284628a4a3a1b345
tasks/known_people_unknown_freq/dataset/train/10GHz/Kneel/06100029_1574628541 (copy).png,10GHz,Kneel,2,ua_0029,06100029_1574628541 (copy).png,dataset/train/10GHz/Kneel/06100029_1574628541 (copy).png,train,train,3,ua_0029|Kneel|1574628541,8232b08bba8c9dbd5e6baf18903547855f145ac4990533e5cd882214f1fc472b
tasks/known_people_unknown_freq/dataset/train/10GHz/Kneel/06100029_1574628541.png,10GHz,Kneel,2,ua_0029,06100029_1574628541.png,dataset/train/10GHz/Kneel/06100029_1574628541.png,train,train,3,ua_0029|Kneel|1574628541,8232b08bba8c9dbd5e6baf18903547855f145ac4990533e5cd882214f1fc472b
tasks/known_people_unknown_freq/dataset/train/10GHz/Kneel/06100029_1574628560.png,10GHz,Kneel,2,ua_0029,06100029_1574628560.png,dataset/train/10GHz/Kneel/06100029_1574628560.png,train,train,3,ua_0029|Kneel|1574628560,1ae9bd1b3b387390e9c6319b45355f6db0b8d87292154e94e7750e91a40ecadb
tasks/known_people_unknown_freq/dataset/train/10GHz/Kneel/06100029_1574628579 (copy).png,10GHz,Kneel,2,ua_0029,06100029_1574628579 (copy).png,dataset/train/10GHz/Kneel/06100029_1574628579 (copy).png,train,train,3,ua_0029|Kneel|1574628579,0e2d5dad3731d205ffeaaf1d7c8a344e117180928cb153dc1e3b22a727991349
tasks/known_people_unknown_freq/dataset/train/10GHz/Kneel/06100029_1574628598 (copy).png,10GHz,Kneel,2,ua_0029,06100029_1574628598 (copy).png,dataset/train/10GHz/Kneel/06100029_1574628598 (copy).png,train,train,3,ua_0029|Kneel|1574628598,6f80e1d3198f4fa13d5b6ab973a12187f61947c6f61d5fd05fa173c7a971d20e
tasks/known_people_unknown_freq/dataset/train/10GHz/Kneel/06100029_1574628598.png,10GHz,Kneel,2,ua_0029,06100029_1574628598.png,dataset/train/10GHz/Kneel/06100029_1574628598.png,train,train,3,ua_0029|Kneel|1574628598,6f80e1d3198f4fa13d5b6ab973a12187f61947c6f61d5fd05fa173c7a971d20e
tasks/known_people_unknown_freq/dataset/train/10GHz/Kneel/06100029_1574628616.png,10GHz,Kneel,2,ua_0029,06100029_1574628616.png,dataset/train/10GHz/Kneel/06100029_1574628616.png,train,train,3,ua_0029|Kneel|1574628616,5825dc25535af03f41ed40c35a68c6ac9e6d51f324c87d12b38a14cb07fba608
tasks/known_people_unknown_freq/dataset/train/10GHz/Kneel/06100029_1574628634.png,10GHz,Kneel,2,ua_0029,06100029_1574628634.png,dataset/train/10GHz/Kneel/06100029_1574628634.png,train,train,3,ua_0029|Kneel|1574628634,1b74937afe64ae535bac5751ea068ff571a4f8b79b55906aa23133b8063f82c7
tasks/known_people_unknown_freq/dataset/train/10GHz/Kneel/06100030_1574195423.png,10GHz,Kneel,2,ua_0030,06100030_1574195423.png,dataset/train/10GHz/Kneel/06100030_1574195423.png,train,train,3,ua_0030|Kneel|1574195423,3e124c21208a736afefe26a2cf18989bc605ba2c34166e1fcf9a132ab734bbf9
tasks/known_people_unknown_freq/dataset/train/10GHz/Kneel/06100030_1574195462.png,10GHz,Kneel,2,ua_0030,06100030_1574195462.png,dataset/train/10GHz/Kneel/06100030_1574195462.png,train,train,3,ua_0030|Kneel|1574195462,12fff4d334220fada5090633919e44ae96b21d2d51c558e37c635f7e1a31d459
tasks/known_people_unknown_freq/dataset/train/10GHz/Kneel/06100030_1574195482.png,10GHz,Kneel,2,ua_0030,06100030_1574195482.png,dataset/train/10GHz/Kneel/06100030_1574195482.png,train,train,3,ua_0030|Kneel|1574195482,bdae42888840cd9d30d856b2ac1dc2e07d9308d7a6de114e4ce0e8ee0c0cb0c4
tasks/known_people_unknown_freq/dataset/train/10GHz/Kneel/06100030_1574195502.png,10GHz,Kneel,2,ua_0030,06100030_1574195502.png,dataset/train/10GHz/Kneel/06100030_1574195502.png,train,train,3,ua_0030|Kneel|1574195502,ee9e34e0f7ef89f8074fe09ae41dd933fbfd7e9d3716a1f233b4f8b667944da8
tasks/known_people_unknown_freq/dataset/train/10GHz/Kneel/06100030_1574195520.png,10GHz,Kneel,2,ua_0030,06100030_1574195520.png,dataset/train/10GHz/Kneel/06100030_1574195520.png,train,train,3,ua_0030|Kneel|1574195520,4f12c5ac33b8936aed9d08f390e33942031cb7956ec273c56ae0984e2327acc6
tasks/known_people_unknown_freq/dataset/train/10GHz/Kneel/06100030_1574195539.png,10GHz,Kneel,2,ua_0030,06100030_1574195539.png,dataset/train/10GHz/Kneel/06100030_1574195539.png,train,train,3,ua_0030|Kneel|1574195539,1cfcc15ae05d804a3cdeacb60736e1553f5100d63edd5a0154d781ae6314d499
tasks/known_people_unknown_freq/dataset/train/10GHz/Kneel/06100030_1574195557.png,10GHz,Kneel,2,ua_0030,06100030_1574195557.png,dataset/train/10GHz/Kneel/06100030_1574195557.png,train,train,3,ua_0030|Kneel|1574195557,3eebbdb1b301ee8d94831fdc2fcd718a8fbb475b7b4f5d41110ab0743ce922d4
tasks/known_people_unknown_freq/dataset/train/10GHz/Kneel/06100030_1574195802.png,10GHz,Kneel,2,ua_0030,06100030_1574195802.png,dataset/train/10GHz/Kneel/06100030_1574195802.png,train,train,3,ua_0030|Kneel|1574195802,ceed821436ae0fe877e1c1db9c840d36892fe3d221b42232fc884021006e6490
tasks/known_people_unknown_freq/dataset/train/10GHz/Kneel/06100030_1574195822.png,10GHz,Kneel,2,ua_0030,06100030_1574195822.png,dataset/train/10GHz/Kneel/06100030_1574195822.png,train,train,3,ua_0030|Kneel|1574195822,acc11d4785a88ad165540eafcc7365f55faeeb5adfc2054234ac7980da7ce44c
tasks/known_people_unknown_freq/dataset/train/10GHz/Kneel/06100030_1574458850.png,10GHz,Kneel,2,ua_0030,06100030_1574458850.png,dataset/train/10GHz/Kneel/06100030_1574458850.png,train,train,3,ua_0030|Kneel|1574458850,6f1d3b1cb37a2133415294ad1876198c8db7cdb814c1ab9e3fee65b2ec00dda2
tasks/known_people_unknown_freq/dataset/train/10GHz/Kneel/06100030_1574458866.png,10GHz,Kneel,2,ua_0030,06100030_1574458866.png,dataset/train/10GHz/Kneel/06100030_1574458866.png,train,train,3,ua_0030|Kneel|1574458866,a6e1bb8bbd85135d9961305ee28465346c1eeaac898a896b5120888bdd2085cf
tasks/known_people_unknown_freq/dataset/train/10GHz/Kneel/06100030_1574458884.png,10GHz,Kneel,2,ua_0030,06100030_1574458884.png,dataset/train/10GHz/Kneel/06100030_1574458884.png,train,train,3,ua_0030|Kneel|1574458884,e2cff4873fd9f873dc492a591a3faa1f0d326ab27fb616dbfb5f65e0bd518a9b
tasks/known_people_unknown_freq/dataset/train/10GHz/Kneel/06100030_1574458902 (copy).png,10GHz,Kneel,2,ua_0030,06100030_1574458902 (copy).png,dataset/train/10GHz/Kneel/06100030_1574458902 (copy).png,train,train,3,ua_0030|Kneel|1574458902,593f3de0fbd232ac4544dfda9b2bb3f5ff96c8db2dbfff45bed2277d922f4490
tasks/known_people_unknown_freq/dataset/train/10GHz/Kneel/06100030_1574458902.png,10GHz,Kneel,2,ua_0030,06100030_1574458902.png,dataset/train/10GHz/Kneel/06100030_1574458902.png,train,train,3,ua_0030|Kneel|1574458902,593f3de0fbd232ac4544dfda9b2bb3f5ff96c8db2dbfff45bed2277d922f4490
tasks/known_people_unknown_freq/dataset/train/10GHz/Kneel/06100030_1574458938 (another copy).png,10GHz,Kneel,2,ua_0030,06100030_1574458938 (another copy).png,dataset/train/10GHz/Kneel/06100030_1574458938 (another copy).png,train,train,3,ua_0030|Kneel|1574458938,2cbfd03d6914110886b72fe5ccf097a0f0d9ad66299edb838deedefef05c139c
tasks/known_people_unknown_freq/dataset/train/10GHz/Kneel/06100030_1574458938 (copy).png,10GHz,Kneel,2,ua_0030,06100030_1574458938 (copy).png,dataset/train/10GHz/Kneel/06100030_1574458938 (copy).png,train,train,3,ua_0030|Kneel|1574458938,2cbfd03d6914110886b72fe5ccf097a0f0d9ad66299edb838deedefef05c139c
tasks/known_people_unknown_freq/dataset/train/10GHz/Kneel/06100030_1574458938.png,10GHz,Kneel,2,ua_0030,06100030_1574458938.png,dataset/train/10GHz/Kneel/06100030_1574458938.png,train,train,3,ua_0030|Kneel|1574458938,2cbfd03d6914110886b72fe5ccf097a0f0d9ad66299edb838deedefef05c139c
tasks/known_people_unknown_freq/dataset/train/10GHz/Kneel/06100030_1574458956.png,10GHz,Kneel,2,ua_0030,06100030_1574458956.png,dataset/train/10GHz/Kneel/06100030_1574458956.png,train,train,3,ua_0030|Kneel|1574458956,7284290983f456654de6701c2673b8babf7f9ddbc8f204f2b498ebc4fb6a0b00
tasks/known_people_unknown_freq/dataset/train/10GHz/Kneel/06100030_1574458974.png,10GHz,Kneel,2,ua_0030,06100030_1574458974.png,dataset/train/10GHz/Kneel/06100030_1574458974.png,train,train,3,ua_0030|Kneel|1574458974,33f33d96e55163a5b64cd0bc71fa3ec8013375887fdfeaf8e78e729b9f7024cd
tasks/known_people_unknown_freq/dataset/train/10GHz/Kneel/06100030_1574458991.png,10GHz,Kneel,2,ua_0030,06100030_1574458991.png,dataset/train/10GHz/Kneel/06100030_1574458991.png,train,train,3,ua_0030|Kneel|1574458991,67056473bf2e772cdd3422097ea353c3dc73befcf94dabac66b1b4888f052f49
tasks/known_people_unknown_freq/dataset/train/10GHz/Kneel/06100030_1574459016.png,10GHz,Kneel,2,ua_0030,06100030_1574459016.png,dataset/train/10GHz/Kneel/06100030_1574459016.png,train,train,3,ua_0030|Kneel|1574459016,813cf05ef03a2a768f45b0bdd65978c4a33ae769855a68c4edc8de889f4a3671
tasks/known_people_unknown_freq/dataset/train/10GHz/Pick/06070010_1573837435.png,10GHz,Pick,3,ua_0010,06070010_1573837435.png,dataset/val/10GHz/Pick/06070010_1573837435.png,val,train,5,ua_0010|Pick|1573837435,53e81dac2f42a7ee2ca60f3245dadd0a89d640d56e00233b0521c1092174ee82
tasks/known_people_unknown_freq/dataset/train/10GHz/Pick/06070010_1573837456.png,10GHz,Pick,3,ua_0010,06070010_1573837456.png,dataset/val/10GHz/Pick/06070010_1573837456.png,val,train,5,ua_0010|Pick|1573837456,0d676eb39dcf7909ee8959f6c8deadfe2609a2d2bbfa5ff55c28b55c919401eb
tasks/known_people_unknown_freq/dataset/train/10GHz/Pick/06070010_1573837478.png,10GHz,Pick,3,ua_0010,06070010_1573837478.png,dataset/val/10GHz/Pick/06070010_1573837478.png,val,train,5,ua_0010|Pick|1573837478,f5791947da03a659dfb0c5b59c504ad4e8e4fecc51acda85abb70fc0abb372f2
tasks/known_people_unknown_freq/dataset/train/10GHz/Pick/06070010_1573837502.png,10GHz,Pick,3,ua_0010,06070010_1573837502.png,dataset/val/10GHz/Pick/06070010_1573837502.png,val,train,5,ua_0010|Pick|1573837502,b21d1c957d7463dda7401e721d35e8cab4545c56faf217e2ff90d9e61f366274
tasks/known_people_unknown_freq/dataset/train/10GHz/Pick/06070010_1573837531.png,10GHz,Pick,3,ua_0010,06070010_1573837531.png,dataset/val/10GHz/Pick/06070010_1573837531.png,val,train,5,ua_0010|Pick|1573837531,2796f8b2d4e63acff79ea3335b3daf2cbbf3a262633855555be2e5e3172a3cd5
tasks/known_people_unknown_freq/dataset/train/10GHz/Pick/06070010_1573837550.png,10GHz,Pick,3,ua_0010,06070010_1573837550.png,dataset/val/10GHz/Pick/06070010_1573837550.png,val,train,5,ua_0010|Pick|1573837550,73ca3facd3d12003efb13f30e008cde2f52d40ee9f2212265ff43de4355d2434
tasks/known_people_unknown_freq/dataset/train/10GHz/Pick/06070010_1573837573.png,10GHz,Pick,3,ua_0010,06070010_1573837573.png,dataset/val/10GHz/Pick/06070010_1573837573.png,val,train,5,ua_0010|Pick|1573837573,7b4e772ef8ccb91112a16f9bf2a4dee8107dca8cc25b3997cb6e1fc507fc0b15
tasks/known_people_unknown_freq/dataset/train/10GHz/Pick/06070010_1573837622.png,10GHz,Pick,3,ua_0010,06070010_1573837622.png,dataset/val/10GHz/Pick/06070010_1573837622.png,val,train,5,ua_0010|Pick|1573837622,e05d206cdc6da1f9116edd8d0296a178b0f0474a29e776a7ffa2c5580383542e
tasks/known_people_unknown_freq/dataset/train/10GHz/Pick/06070014_1574696535.png,10GHz,Pick,3,ua_0014,06070014_1574696535.png,dataset/train/10GHz/Pick/06070014_1574696535.png,train,train,5,ua_0014|Pick|1574696535,ea0b8abec7c72f3bdf03af2303a40466efe6cb59bba03cbf58abb15f5250f643
tasks/known_people_unknown_freq/dataset/train/10GHz/Pick/06070014_1574696560.png,10GHz,Pick,3,ua_0014,06070014_1574696560.png,dataset/train/10GHz/Pick/06070014_1574696560.png,train,train,5,ua_0014|Pick|1574696560,3fed47fe1d35c32137e11f12517bb211776369899bc1ea3bc039bddfdf27b0f5
tasks/known_people_unknown_freq/dataset/train/10GHz/Pick/06070014_1574696589.png,10GHz,Pick,3,ua_0014,06070014_1574696589.png,dataset/train/10GHz/Pick/06070014_1574696589.png,train,train,5,ua_0014|Pick|1574696589,09f851f23861d38e96232e2dd5cdc6db630d5fc9baf67a053ea139f07020c9cb
tasks/known_people_unknown_freq/dataset/train/10GHz/Pick/06070014_1574696667.png,10GHz,Pick,3,ua_0014,06070014_1574696667.png,dataset/train/10GHz/Pick/06070014_1574696667.png,train,train,5,ua_0014|Pick|1574696667,9ce99d6f39f654fab58fb12a8a307ce7b3539968666ddf9cf192057f3de83453
tasks/known_people_unknown_freq/dataset/train/10GHz/Pick/06070014_1574696688.png,10GHz,Pick,3,ua_0014,06070014_1574696688.png,dataset/train/10GHz/Pick/06070014_1574696688.png,train,train,5,ua_0014|Pick|1574696688,691baebbded041d388788f829b89f1275f66f22ce565bcea28ae59416b5228f9
tasks/known_people_unknown_freq/dataset/train/10GHz/Pick/06070014_1574696706.png,10GHz,Pick,3,ua_0014,06070014_1574696706.png,dataset/train/10GHz/Pick/06070014_1574696706.png,train,train,5,ua_0014|Pick|1574696706,5cbd58865af5ea1519b2339bff397bb79a0a27cb0e1cf870129949139f3ce42f
tasks/known_people_unknown_freq/dataset/train/10GHz/Pick/06070014_1574696727.png,10GHz,Pick,3,ua_0014,06070014_1574696727.png,dataset/train/10GHz/Pick/06070014_1574696727.png,train,train,5,ua_0014|Pick|1574696727,aee698fc99a57768d544a339a1418e5a01b714018f75538185d726d53e8a36fc
tasks/known_people_unknown_freq/dataset/train/10GHz/Pick/06070029_1574115138.png,10GHz,Pick,3,ua_0029,06070029_1574115138.png,dataset/train/10GHz/Pick/06070029_1574115138.png,train,train,5,ua_0029|Pick|1574115138,89b024de7dd7281693edd270e3bccacd2ecc4269b1fd888078d966fc4ec0ceb6
tasks/known_people_unknown_freq/dataset/train/10GHz/Pick/06070029_1574115158.png,10GHz,Pick,3,ua_0029,06070029_1574115158.png,dataset/train/10GHz/Pick/06070029_1574115158.png,train,train,5,ua_0029|Pick|1574115158,3f0c314cfa6da8f45f7099f7359d0920cc91e197eef1cf20dd1e6b983e857fdd
tasks/known_people_unknown_freq/dataset/train/10GHz/Pick/06070029_1574115178.png,10GHz,Pick,3,ua_0029,06070029_1574115178.png,dataset/train/10GHz/Pick/06070029_1574115178.png,train,train,5,ua_0029|Pick|1574115178,a1ac6f104ae35bc1cbc3a9a92d9aa3dd237e1bcc8bea1290a51af201e6347ec3
tasks/known_people_unknown_freq/dataset/train/10GHz/Pick/06070029_1574115196.png,10GHz,Pick,3,ua_0029,06070029_1574115196.png,dataset/train/10GHz/Pick/06070029_1574115196.png,train,train,5,ua_0029|Pick|1574115196,fac116534302c1b250120b0d98e54aa8f79eeb0d24ebd460d52313f3baedd953
tasks/known_people_unknown_freq/dataset/train/10GHz/Pick/06070029_1574115263.png,10GHz,Pick,3,ua_0029,06070029_1574115263.png,dataset/train/10GHz/Pick/06070029_1574115263.png,train,train,5,ua_0029|Pick|1574115263,6d3ee7fea82a0a37684b58a0fad51712a18938c02a19ca232106c17a2f2068cf
tasks/known_people_unknown_freq/dataset/train/10GHz/Pick/06070029_1574115281.png,10GHz,Pick,3,ua_0029,06070029_1574115281.png,dataset/train/10GHz/Pick/06070029_1574115281.png,train,train,5,ua_0029|Pick|1574115281,548088deb9b0c51a31a0a1234c2e754e6cc414b59a0d53c80781f6575040dc40
tasks/known_people_unknown_freq/dataset/train/10GHz/Pick/06070029_1574115300.png,10GHz,Pick,3,ua_0029,06070029_1574115300.png,dataset/train/10GHz/Pick/06070029_1574115300.png,train,train,5,ua_0029|Pick|1574115300,a63e4b0340f1ab2c09cabfe5b2485eebf0eaca39de9f273452763237e9ea1c8c
tasks/known_people_unknown_freq/dataset/train/10GHz/Pick/06070029_1574627323.png,10GHz,Pick,3,ua_0029,06070029_1574627323.png,dataset/train/10GHz/Pick/06070029_1574627323.png,train,train,5,ua_0029|Pick|1574627323,afc2af2cda495d5f04777d10b0a73435593eb37eccfa2f314fe188f04e2d3528
tasks/known_people_unknown_freq/dataset/train/10GHz/Pick/06070029_1574627347.png,10GHz,Pick,3,ua_0029,06070029_1574627347.png,dataset/train/10GHz/Pick/06070029_1574627347.png,train,train,5,ua_0029|Pick|1574627347,6a42a1cbc5b3f222dd2c61562b4b628f000ecc52b8596d51d8cb70fc1647f0b5
tasks/known_people_unknown_freq/dataset/train/10GHz/Pick/06070029_1574627388.png,10GHz,Pick,3,ua_0029,06070029_1574627388.png,dataset/train/10GHz/Pick/06070029_1574627388.png,train,train,5,ua_0029|Pick|1574627388,14731b67a4e358257f00c6f7f021e6ee12dfe8c3aa426045d42cae63ae8aeaa6
tasks/known_people_unknown_freq/dataset/train/10GHz/Pick/06070029_1574627633.png,10GHz,Pick,3,ua_0029,06070029_1574627633.png,dataset/train/10GHz/Pick/06070029_1574627633.png,train,train,5,ua_0029|Pick|1574627633,ec5c459cbc269b566cc27bb85c0e33b666f5551f92f53ca272d36f58c48f3781
tasks/known_people_unknown_freq/dataset/train/10GHz/Pick/06070029_1574627654.png,10GHz,Pick,3,ua_0029,06070029_1574627654.png,dataset/train/10GHz/Pick/06070029_1574627654.png,train,train,5,ua_0029|Pick|1574627654,9492846464f93a903951342bc213316322e6df9e4f50a699ee11ae87e336fa0e
tasks/known_people_unknown_freq/dataset/train/10GHz/Pick/06070029_1574627704.png,10GHz,Pick,3,ua_0029,06070029_1574627704.png,dataset/train/10GHz/Pick/06070029_1574627704.png,train,train,5,ua_0029|Pick|1574627704,25c33072cc1b6ed47807d8cd7d08eda33d013bd2b9a3dd7a89a2dea79cb140f4
tasks/known_people_unknown_freq/dataset/train/10GHz/Pick/06070029_1574627723.png,10GHz,Pick,3,ua_0029,06070029_1574627723.png,dataset/train/10GHz/Pick/06070029_1574627723.png,train,train,5,ua_0029|Pick|1574627723,fe8d225f18f7a7746f7ecf5013106e0a9ce87607db27aedcace038bf8b8b2493
tasks/known_people_unknown_freq/dataset/train/10GHz/Pick/06070029_1574627743.png,10GHz,Pick,3,ua_0029,06070029_1574627743.png,dataset/train/10GHz/Pick/06070029_1574627743.png,train,train,5,ua_0029|Pick|1574627743,1a148392671a47f5875a05b126e13fd3a1499b8deed0a47221a716668cc2646a
tasks/known_people_unknown_freq/dataset/train/10GHz/Pick/06070029_1574627762.png,10GHz,Pick,3,ua_0029,06070029_1574627762.png,dataset/train/10GHz/Pick/06070029_1574627762.png,train,train,5,ua_0029|Pick|1574627762,6457747be54d1c396fef2a7ca5917cc50ff135ad4f4211d831e4ad13db797097
tasks/known_people_unknown_freq/dataset/train/10GHz/Pick/06070030_1574194424.png,10GHz,Pick,3,ua_0030,06070030_1574194424.png,dataset/train/10GHz/Pick/06070030_1574194424.png,train,train,5,ua_0030|Pick|1574194424,10c490d84e066e99ed55ba1e5da28c75f75fdda0d4fea777fa8695063a810f1f
tasks/known_people_unknown_freq/dataset/train/10GHz/Pick/06070030_1574194444.png,10GHz,Pick,3,ua_0030,06070030_1574194444.png,dataset/train/10GHz/Pick/06070030_1574194444.png,train,train,5,ua_0030|Pick|1574194444,bc62eadc2d1a9c849d61ba3c89d26e351cc97cad476d36d6a41c09c2adeeda47
tasks/known_people_unknown_freq/dataset/train/10GHz/Pick/06070030_1574194468 (copy).png,10GHz,Pick,3,ua_0030,06070030_1574194468 (copy).png,dataset/train/10GHz/Pick/06070030_1574194468 (copy).png,train,train,5,ua_0030|Pick|1574194468,4559aafff29961412f1bea010d199eea4c80b9017745e6281d5bf51327aa832a
tasks/known_people_unknown_freq/dataset/train/10GHz/Pick/06070030_1574194488.png,10GHz,Pick,3,ua_0030,06070030_1574194488.png,dataset/train/10GHz/Pick/06070030_1574194488.png,train,train,5,ua_0030|Pick|1574194488,223b58619228dc466f1363d6ffc7e42a8ce7428063746695492783e6d212fc70
tasks/known_people_unknown_freq/dataset/train/10GHz/Pick/06070030_1574194508.png,10GHz,Pick,3,ua_0030,06070030_1574194508.png,dataset/train/10GHz/Pick/06070030_1574194508.png,train,train,5,ua_0030|Pick|1574194508,34d5b946f02a6a126233538a1e65f37626d3c0a223e818e54b61cace4bf9f90a
tasks/known_people_unknown_freq/dataset/train/10GHz/Pick/06070030_1574194528.png,10GHz,Pick,3,ua_0030,06070030_1574194528.png,dataset/train/10GHz/Pick/06070030_1574194528.png,train,train,5,ua_0030|Pick|1574194528,741b465cb9e7084f0e1d90c336a151f39ad2b9f109e52a9e41ccb21772463324
tasks/known_people_unknown_freq/dataset/train/10GHz/Pick/06070030_1574194547.png,10GHz,Pick,3,ua_0030,06070030_1574194547.png,dataset/train/10GHz/Pick/06070030_1574194547.png,train,train,5,ua_0030|Pick|1574194547,7268adeeab1decc5d698a5db5b2d1f8c1ee9c85f96540f9e5768bb90916bab77
tasks/known_people_unknown_freq/dataset/train/10GHz/Pick/06070030_1574457190.png,10GHz,Pick,3,ua_0030,06070030_1574457190.png,dataset/train/10GHz/Pick/06070030_1574457190.png,train,train,5,ua_0030|Pick|1574457190,18e269ed7fddad19cb121e82c543de4b23fbfcca26b87e0e688a1973b71ea04f
tasks/known_people_unknown_freq/dataset/train/10GHz/Pick/06070030_1574457212.png,10GHz,Pick,3,ua_0030,06070030_1574457212.png,dataset/train/10GHz/Pick/06070030_1574457212.png,train,train,5,ua_0030|Pick|1574457212,518dd68669c0e8e32fbd36af65e38a7ea4e0ca3cc40b17dce321f8a423be5072
tasks/known_people_unknown_freq/dataset/train/10GHz/Pick/06070030_1574457253.png,10GHz,Pick,3,ua_0030,06070030_1574457253.png,dataset/train/10GHz/Pick/06070030_1574457253.png,train,train,5,ua_0030|Pick|1574457253,de8e5231252e9a7ffa198e555bb7191722e4979b79bdc7699f55e18400c5b37b
tasks/known_people_unknown_freq/dataset/train/10GHz/Pick/06070030_1574457274.png,10GHz,Pick,3,ua_0030,06070030_1574457274.png,dataset/train/10GHz/Pick/06070030_1574457274.png,train,train,5,ua_0030|Pick|1574457274,f09fb7b1389f7376baebe7ae519a32dfd1d947bb7573f8d0207436e80f44057f
tasks/known_people_unknown_freq/dataset/train/10GHz/Pick/06070030_1574457294.png,10GHz,Pick,3,ua_0030,06070030_1574457294.png,dataset/train/10GHz/Pick/06070030_1574457294.png,train,train,5,ua_0030|Pick|1574457294,7b08ecb380df23bbc1f4d946364279802a6e202c98ff6a13caa47b11a0b03aea
tasks/known_people_unknown_freq/dataset/train/10GHz/Pick/06070030_1574457315.png,10GHz,Pick,3,ua_0030,06070030_1574457315.png,dataset/train/10GHz/Pick/06070030_1574457315.png,train,train,5,ua_0030|Pick|1574457315,9411c992ee9e8de7ee7ec65469bba960cdb630a7f01bb3f35578e0f3c9cfdd3b
tasks/known_people_unknown_freq/dataset/train/10GHz/Pick/06070030_1574457946.png,10GHz,Pick,3,ua_0030,06070030_1574457946.png,dataset/train/10GHz/Pick/06070030_1574457946.png,train,train,5,ua_0030|Pick|1574457946,ff9154a218989bb5f4430637ffb0b6ec773019c4ec3a861cb42d650ccd0873a3
tasks/known_people_unknown_freq/dataset/train/10GHz/SStep/06180010_1573840267.png,10GHz,SStep,4,ua_0010,06180010_1573840267.png,dataset/val/10GHz/SStep/06180010_1573840267.png,val,train,6,ua_0010|SStep|1573840267,817625bd1199136d278005a29f445753371669c40c342099af0aa5aa33d491f2
tasks/known_people_unknown_freq/dataset/train/10GHz/SStep/06180010_1573840288.png,10GHz,SStep,4,ua_0010,06180010_1573840288.png,dataset/val/10GHz/SStep/06180010_1573840288.png,val,train,6,ua_0010|SStep|1573840288,13e861cd11665c8b71f144ce3d16e037d7cd27e1deda9ce45bc3acca6e364466
tasks/known_people_unknown_freq/dataset/train/10GHz/SStep/06180014_1574699126.png,10GHz,SStep,4,ua_0014,06180014_1574699126.png,dataset/train/10GHz/SStep/06180014_1574699126.png,train,train,6,ua_0014|SStep|1574699126,1101f45afa38debeac4f1e17e6efbd310f91ed945141954f7e73457bfd9a8ec5
tasks/known_people_unknown_freq/dataset/train/10GHz/SStep/06180014_1574699146.png,10GHz,SStep,4,ua_0014,06180014_1574699146.png,dataset/train/10GHz/SStep/06180014_1574699146.png,train,train,6,ua_0014|SStep|1574699146,8f50bd24f36af3fada5bc973e3001bf80b298612223f0bb47103641ce144ceb1
tasks/known_people_unknown_freq/dataset/train/10GHz/SStep/06180014_1574699165.png,10GHz,SStep,4,ua_0014,06180014_1574699165.png,dataset/train/10GHz/SStep/06180014_1574699165.png,train,train,6,ua_0014|SStep|1574699165,a9e0bd2ad88ceae85a0df74544b2aa935b69287a27270b99278a79adfba99408
tasks/known_people_unknown_freq/dataset/train/10GHz/SStep/06180014_1574699191.png,10GHz,SStep,4,ua_0014,06180014_1574699191.png,dataset/train/10GHz/SStep/06180014_1574699191.png,train,train,6,ua_0014|SStep|1574699191,798dced1d8caa08bb0e1f4d6f60aa51e082d043437bbbab29ae55fca101cd3c4
tasks/known_people_unknown_freq/dataset/train/10GHz/SStep/06180014_1574699230.png,10GHz,SStep,4,ua_0014,06180014_1574699230.png,dataset/train/10GHz/SStep/06180014_1574699230.png,train,train,6,ua_0014|SStep|1574699230,ead7fbabb8b8d5c42f0c3de4313708fea23e55ba7d6778520f720e7e8cc63a47
tasks/known_people_unknown_freq/dataset/train/10GHz/SStep/06180014_1574699251.png,10GHz,SStep,4,ua_0014,06180014_1574699251.png,dataset/train/10GHz/SStep/06180014_1574699251.png,train,train,6,ua_0014|SStep|1574699251,9517d85a9a19bee042e2eec65dab86d6675efdf3398979e57562f29346d4c46c
tasks/known_people_unknown_freq/dataset/train/10GHz/SStep/06180029_1574117498.png,10GHz,SStep,4,ua_0029,06180029_1574117498.png,dataset/train/10GHz/SStep/06180029_1574117498.png,train,train,6,ua_0029|SStep|1574117498,9b381def9f2871f326f98a45ec914ca1f87c539703ae0cda8ed290527644b7c3
tasks/known_people_unknown_freq/dataset/train/10GHz/SStep/06180029_1574117518.png,10GHz,SStep,4,ua_0029,06180029_1574117518.png,dataset/train/10GHz/SStep/06180029_1574117518.png,train,train,6,ua_0029|SStep|1574117518,a759c182e1e940aa1e6badf5c5bf399a1c8ad2bdacc93ea0ca34bef2460012cd
tasks/known_people_unknown_freq/dataset/train/10GHz/SStep/06180029_1574117536.png,10GHz,SStep,4,ua_0029,06180029_1574117536.png,dataset/train/10GHz/SStep/06180029_1574117536.png,train,train,6,ua_0029|SStep|1574117536,da814c49f3c1f499bd58bd171b9d18fb19019b0c46e3bf5f3bade7e7d2013d0f
tasks/known_people_unknown_freq/dataset/train/10GHz/SStep/06180029_1574117555.png,10GHz,SStep,4,ua_0029,06180029_1574117555.png,dataset/train/10GHz/SStep/06180029_1574117555.png,train,train,6,ua_0029|SStep|1574117555,7ad9bf2451d695064b888edaade54897013b3cf753368b192d243bd68b310705
tasks/known_people_unknown_freq/dataset/train/10GHz/SStep/06180029_1574117627.png,10GHz,SStep,4,ua_0029,06180029_1574117627.png,dataset/train/10GHz/SStep/06180029_1574117627.png,train,train,6,ua_0029|SStep|1574117627,89f4cfb18d235d638736fbc5afb7a57579ad4ae5411af4112845c155cd755d67
tasks/known_people_unknown_freq/dataset/train/10GHz/SStep/06180029_1574117647.png,10GHz,SStep,4,ua_0029,06180029_1574117647.png,dataset/train/10GHz/SStep/06180029_1574117647.png,train,train,6,ua_0029|SStep|1574117647,f354d474dedea4d0b31a53b108b933e6a75695367b0222cc2474a1b96e3bc4fb
tasks/known_people_unknown_freq/dataset/train/10GHz/SStep/06180029_1574117666.png,10GHz,SStep,4,ua_0029,06180029_1574117666.png,dataset/train/10GHz/SStep/06180029_1574117666.png,train,train,6,ua_0029|SStep|1574117666,3ca8aab4c41e2a194ffc5039614bdf833c03711fc7737ff64071150b8f2fa219
tasks/known_people_unknown_freq/dataset/train/10GHz/SStep/06180029_1574629378.png,10GHz,SStep,4,ua_0029,06180029_1574629378.png,dataset/train/10GHz/SStep/06180029_1574629378.png,train,train,6,ua_0029|SStep|1574629378,3e6c0f28e19a2ff858f3aabaa936c6a171c14fa2594b915fe8ba4c9f1c44050b
tasks/known_people_unknown_freq/dataset/train/10GHz/SStep/06180029_1574629397.png,10GHz,SStep,4,ua_0029,06180029_1574629397.png,dataset/train/10GHz/SStep/06180029_1574629397.png,train,train,6,ua_0029|SStep|1574629397,2dbed9e921419d09b0c536d429b29b47acf72f7f149166a8698d69a13d8e19df
tasks/known_people_unknown_freq/dataset/train/10GHz/SStep/06180029_1574629415.png,10GHz,SStep,4,ua_0029,06180029_1574629415.png,dataset/train/10GHz/SStep/06180029_1574629415.png,train,train,6,ua_0029|SStep|1574629415,7f12dbf5cd1c670305a76f3c71dba1fe058096250a0ee91ab875c70b71d007df
tasks/known_people_unknown_freq/dataset/train/10GHz/SStep/06180029_1574629434.png,10GHz,SStep,4,ua_0029,06180029_1574629434.png,dataset/train/10GHz/SStep/06180029_1574629434.png,train,train,6,ua_0029|SStep|1574629434,e1d93f7b97bd7a9bb3c9c080fcd1b1ff8d010156f168b2b56a3b5d479c9e15db
tasks/known_people_unknown_freq/dataset/train/10GHz/SStep/06180029_1574629453.png,10GHz,SStep,4,ua_0029,06180029_1574629453.png,dataset/train/10GHz/SStep/06180029_1574629453.png,train,train,6,ua_0029|SStep|1574629453,d51f82e4d3b65c218c89ec13d031e0031f8b7c49673d5f1110406897001cdbfd
tasks/known_people_unknown_freq/dataset/train/10GHz/SStep/06180029_1574629474.png,10GHz,SStep,4,ua_0029,06180029_1574629474.png,dataset/train/10GHz/SStep/06180029_1574629474.png,train,train,6,ua_0029|SStep|1574629474,47c3f05bd2de05fd0c240167bba8c7af8cc1c753f80a109a07a9f573f04eb9e6
tasks/known_people_unknown_freq/dataset/train/10GHz/SStep/06180029_1574629512.png,10GHz,SStep,4,ua_0029,06180029_1574629512.png,dataset/train/10GHz/SStep/06180029_1574629512.png,train,train,6,ua_0029|SStep|1574629512,cdeb8cab2df7689c46fe83ff312bd30e5452f426f0b7602aef2bcd76486cdae0
tasks/known_people_unknown_freq/dataset/train/10GHz/SStep/06180029_1574629533.png,10GHz,SStep,4,ua_0029,06180029_1574629533.png,dataset/train/10GHz/SStep/06180029_1574629533.png,train,train,6,ua_0029|SStep|1574629533,4a773e42fd8c37300c819ef21be65badf54de41e3d31679bec4d61dbf04c574b
tasks/known_people_unknown_freq/dataset/train/10GHz/SStep/06180029_1574629552.png,10GHz,SStep,4,ua_0029,06180029_1574629552.png,dataset/train/10GHz/SStep/06180029_1574629552.png,train,train,6,ua_0029|SStep|1574629552,a1ed489fced86a24378192779fd03d641085c0b8a9cfe0bfbb31b6b491269f83
tasks/known_people_unknown_freq/dataset/train/10GHz/SStep/06180029_1574629570.png,10GHz,SStep,4,ua_0029,06180029_1574629570.png,dataset/train/10GHz/SStep/06180029_1574629570.png,train,train,6,ua_0029|SStep|1574629570,db66bb7b181522716b77962af04cf4d8fdfae533faca508b88e036526790731e
tasks/known_people_unknown_freq/dataset/train/10GHz/SStep/06180030_1574196837.png,10GHz,SStep,4,ua_0030,06180030_1574196837.png,dataset/train/10GHz/SStep/06180030_1574196837.png,train,train,6,ua_0030|SStep|1574196837,565bc5853fc7f562e2ba6fad89362683051d25ee2b1907352c6941ba2c40e1c0
tasks/known_people_unknown_freq/dataset/train/10GHz/SStep/06180030_1574196884.png,10GHz,SStep,4,ua_0030,06180030_1574196884.png,dataset/train/10GHz/SStep/06180030_1574196884.png,train,train,6,ua_0030|SStep|1574196884,385f1f219dcbe7c82b3c037d80e6f90b7703e4a388fec7429525d887cb971627
tasks/known_people_unknown_freq/dataset/train/10GHz/SStep/06180030_1574196905.png,10GHz,SStep,4,ua_0030,06180030_1574196905.png,dataset/train/10GHz/SStep/06180030_1574196905.png,train,train,6,ua_0030|SStep|1574196905,aa7f247dc3494d8672579eedf0a01de6b4429723483740319441dc6e90cb6c38
tasks/known_people_unknown_freq/dataset/train/10GHz/SStep/06180030_1574196927.png,10GHz,SStep,4,ua_0030,06180030_1574196927.png,dataset/train/10GHz/SStep/06180030_1574196927.png,train,train,6,ua_0030|SStep|1574196927,c045741f81ebb31b02f8a081f9e7f188ae885dd2f42821465bc2cb22dd9289a4
tasks/known_people_unknown_freq/dataset/train/10GHz/SStep/06180030_1574196968.png,10GHz,SStep,4,ua_0030,06180030_1574196968.png,dataset/train/10GHz/SStep/06180030_1574196968.png,train,train,6,ua_0030|SStep|1574196968,b542f79fab8d37b86306cc64246ead4ad586c075fd32b843e0a1573af72d5bde
tasks/known_people_unknown_freq/dataset/train/10GHz/SStep/06180030_1574196992.png,10GHz,SStep,4,ua_0030,06180030_1574196992.png,dataset/train/10GHz/SStep/06180030_1574196992.png,train,train,6,ua_0030|SStep|1574196992,da428e2febfc9419a37007a767d74df60729d58d916ec46452c278c7e594f04a
tasks/known_people_unknown_freq/dataset/train/10GHz/SStep/06180030_1574197013.png,10GHz,SStep,4,ua_0030,06180030_1574197013.png,dataset/train/10GHz/SStep/06180030_1574197013.png,train,train,6,ua_0030|SStep|1574197013,fb2ee5a78a56f64627ff604e254ca0269ab29041836d56dbea1b2238cf47dc8b
tasks/known_people_unknown_freq/dataset/train/10GHz/SStep/06180030_1574197034.png,10GHz,SStep,4,ua_0030,06180030_1574197034.png,dataset/train/10GHz/SStep/06180030_1574197034.png,train,train,6,ua_0030|SStep|1574197034,87b535a5fb009dd3646bc49d0435dea803e87abc37e8419da24f9d951f2cedd5
tasks/known_people_unknown_freq/dataset/train/10GHz/SStep/06180030_1574460138.png,10GHz,SStep,4,ua_0030,06180030_1574460138.png,dataset/train/10GHz/SStep/06180030_1574460138.png,train,train,6,ua_0030|SStep|1574460138,e7d3ed1ed0bb1ddb3550346420b122df1e36e585c93adf45a2c1a2dd9678cecd
tasks/known_people_unknown_freq/dataset/train/10GHz/SStep/06180030_1574460179.png,10GHz,SStep,4,ua_0030,06180030_1574460179.png,dataset/train/10GHz/SStep/06180030_1574460179.png,train,train,6,ua_0030|SStep|1574460179,72af1b135ccb18ee0f4304c89da2e52de7cfb8171ce9994634f31aa0005b6baa
tasks/known_people_unknown_freq/dataset/train/10GHz/SStep/06180030_1574460197.png,10GHz,SStep,4,ua_0030,06180030_1574460197.png,dataset/train/10GHz/SStep/06180030_1574460197.png,train,train,6,ua_0030|SStep|1574460197,bc976eeb70f64baf4c3e064c38dd2eae7de93b4a936fb141985a69e746146e83
tasks/known_people_unknown_freq/dataset/train/10GHz/SStep/06180030_1574460217.png,10GHz,SStep,4,ua_0030,06180030_1574460217.png,dataset/train/10GHz/SStep/06180030_1574460217.png,train,train,6,ua_0030|SStep|1574460217,c1e137226db9de945a0091b2ceba368a7aac3f279409d18634481235ec3ac5bc
tasks/known_people_unknown_freq/dataset/train/10GHz/SStep/06180030_1574460235.png,10GHz,SStep,4,ua_0030,06180030_1574460235.png,dataset/train/10GHz/SStep/06180030_1574460235.png,train,train,6,ua_0030|SStep|1574460235,840c1e16c75f27d4ba5cbb1a827105feb06a65106fabc847875403724fae45f0
tasks/known_people_unknown_freq/dataset/train/10GHz/Sit/06090014_1574696977.png,10GHz,Sit,5,ua_0014,06090014_1574696977.png,dataset/train/10GHz/Sit/06090014_1574696977.png,train,train,8,ua_0014|Sit|1574696977,8a87c3606c4c4488f38790831a6e9e8bb3331c9c8f1c121da7aa2466a2f2350e
tasks/known_people_unknown_freq/dataset/train/10GHz/Sit/06090014_1574696998 (copy).png,10GHz,Sit,5,ua_0014,06090014_1574696998 (copy).png,dataset/train/10GHz/Sit/06090014_1574696998 (copy).png,train,train,8,ua_0014|Sit|1574696998,cccb10a9d60c02090ca9b73df973b68bb1f7801bc9c0800ace92e1150bc02da8
tasks/known_people_unknown_freq/dataset/train/10GHz/Sit/06090014_1574696998.png,10GHz,Sit,5,ua_0014,06090014_1574696998.png,dataset/train/10GHz/Sit/06090014_1574696998.png,train,train,8,ua_0014|Sit|1574696998,cccb10a9d60c02090ca9b73df973b68bb1f7801bc9c0800ace92e1150bc02da8
tasks/known_people_unknown_freq/dataset/train/10GHz/Sit/06090014_1574697018.png,10GHz,Sit,5,ua_0014,06090014_1574697018.png,dataset/train/10GHz/Sit/06090014_1574697018.png,train,train,8,ua_0014|Sit|1574697018,bff6fa7e16c7440d6f83d2ce367ac12de95dfb06753657d7be1f05896bcce694
tasks/known_people_unknown_freq/dataset/train/10GHz/Sit/06090014_1574697038.png,10GHz,Sit,5,ua_0014,06090014_1574697038.png,dataset/train/10GHz/Sit/06090014_1574697038.png,train,train,8,ua_0014|Sit|1574697038,e0cdcbf87bdadede181d0e58ed91fad2a594c2c22cdc78db2d479b645ac56782
tasks/known_people_unknown_freq/dataset/train/10GHz/Sit/06090014_1574697058.png,10GHz,Sit,5,ua_0014,06090014_1574697058.png,dataset/train/10GHz/Sit/06090014_1574697058.png,train,train,8,ua_0014|Sit|1574697058,5968e1aaa74ffe5a58dac5df23a4ba1e4e7074335aa41d1863539d1cc98f3981
tasks/known_people_unknown_freq/dataset/train/10GHz/Sit/06090014_1574697076.png,10GHz,Sit,5,ua_0014,06090014_1574697076.png,dataset/train/10GHz/Sit/06090014_1574697076.png,train,train,8,ua_0014|Sit|1574697076,7132a7708f9fb7d050f4d6d644afc6bbb51e90d4cf9c7e6da34a023d5d5ff348
tasks/known_people_unknown_freq/dataset/train/10GHz/Sit/06090014_1574697095.png,10GHz,Sit,5,ua_0014,06090014_1574697095.png,dataset/train/10GHz/Sit/06090014_1574697095.png,train,train,8,ua_0014|Sit|1574697095,3f3ed7e4d7615da305cf903d091386271610cb45c1a1673e7b914295cf811930
tasks/known_people_unknown_freq/dataset/train/10GHz/Sit/06090014_1574697390.png,10GHz,Sit,5,ua_0014,06090014_1574697390.png,dataset/train/10GHz/Sit/06090014_1574697390.png,train,train,8,ua_0014|Sit|1574697390,00ce15c7d1610f95476a1f84cffdacaa916efc8b0e4c31dc1c313657d534b324
tasks/known_people_unknown_freq/dataset/train/10GHz/Sit/06090014_1574697454.png,10GHz,Sit,5,ua_0014,06090014_1574697454.png,dataset/train/10GHz/Sit/06090014_1574697454.png,train,train,8,ua_0014|Sit|1574697454,005712661b1aa12f7c28431b77bd851e80d0ce37cf7378c8d9b71f3583585ba6
tasks/known_people_unknown_freq/dataset/train/10GHz/Sit/06090014_1574697897.png,10GHz,Sit,5,ua_0014,06090014_1574697897.png,dataset/train/10GHz/Sit/06090014_1574697897.png,train,train,8,ua_0014|Sit|1574697897,3a168c9167fe42632b12c640480c1b4f46c6246ab058652fe4fff24d99ef3917
tasks/known_people_unknown_freq/dataset/train/10GHz/Sit/06090014_1574697936.png,10GHz,Sit,5,ua_0014,06090014_1574697936.png,dataset/train/10GHz/Sit/06090014_1574697936.png,train,train,8,ua_0014|Sit|1574697936,e6411ec08bc039e7d418d8f90b0cd926b7ab99a7c2d6ebe47740e1cb27b6f9ae
tasks/known_people_unknown_freq/dataset/train/10GHz/Sit/06090014_1574697955 (copy).png,10GHz,Sit,5,ua_0014,06090014_1574697955 (copy).png,dataset/train/10GHz/Sit/06090014_1574697955 (copy).png,train,train,8,ua_0014|Sit|1574697955,ced7f70c9bc560fecb6ac8e3e65abe3a1ade32a699df8878c7458fbde43262f8
tasks/known_people_unknown_freq/dataset/train/10GHz/Sit/06090014_1574697974.png,10GHz,Sit,5,ua_0014,06090014_1574697974.png,dataset/train/10GHz/Sit/06090014_1574697974.png,train,train,8,ua_0014|Sit|1574697974,5dd6af78bc1c1be63a40686694b7d6a4e6f8a769f23bf21b362f65f1b79c01d8
tasks/known_people_unknown_freq/dataset/train/10GHz/Sit/06090029_1574115666.png,10GHz,Sit,5,ua_0029,06090029_1574115666.png,dataset/train/10GHz/Sit/06090029_1574115666.png,train,train,8,ua_0029|Sit|1574115666,9541859df5dbb22c501856a52b4f4e440d1238a2215433522d896fff602ca014
tasks/known_people_unknown_freq/dataset/train/10GHz/Sit/06090029_1574115686.png,10GHz,Sit,5,ua_0029,06090029_1574115686.png,dataset/train/10GHz/Sit/06090029_1574115686.png,train,train,8,ua_0029|Sit|1574115686,2df2e74e4c81e50ecc4e59b76961ab8c5258fb50b975cdfeefff0120f1522da1
tasks/known_people_unknown_freq/dataset/train/10GHz/Sit/06090029_1574115706.png,10GHz,Sit,5,ua_0029,06090029_1574115706.png,dataset/train/10GHz/Sit/06090029_1574115706.png,train,train,8,ua_0029|Sit|1574115706,5e96927e3026a4fb0bc4fd1061678022523680889a9f49339c8821194ad7c333
tasks/known_people_unknown_freq/dataset/train/10GHz/Sit/06090029_1574115726.png,10GHz,Sit,5,ua_0029,06090029_1574115726.png,dataset/train/10GHz/Sit/06090029_1574115726.png,train,train,8,ua_0029|Sit|1574115726,326d4ca8c3e46736e4f9609b2a83bbb883cf3ce6091d1115ba04684964f36deb
tasks/known_people_unknown_freq/dataset/train/10GHz/Sit/06090029_1574115745.png,10GHz,Sit,5,ua_0029,06090029_1574115745.png,dataset/train/10GHz/Sit/06090029_1574115745.png,train,train,8,ua_0029|Sit|1574115745,987b565033c9569ba5d7fa9930351ddb816c757efdd948488b3ba1f2f9a3d537
tasks/known_people_unknown_freq/dataset/train/10GHz/Sit/06090029_1574115764.png,10GHz,Sit,5,ua_0029,06090029_1574115764.png,dataset/train/10GHz/Sit/06090029_1574115764.png,train,train,8,ua_0029|Sit|1574115764,0d227015d8af0f1bcf3c3898eb72f2de3a53360eb2731495db1c2fc4d013c293
tasks/known_people_unknown_freq/dataset/train/10GHz/Sit/06090029_1574115784.png,10GHz,Sit,5,ua_0029,06090029_1574115784.png,dataset/train/10GHz/Sit/06090029_1574115784.png,train,train,8,ua_0029|Sit|1574115784,7be1ac117ebafb79adaf5fe79bac055bd8e5394d171c43c7b13c7ab5590219ad
tasks/known_people_unknown_freq/dataset/train/10GHz/Sit/06090029_1574115842 (copy).png,10GHz,Sit,5,ua_0029,06090029_1574115842 (copy).png,dataset/train/10GHz/Sit/06090029_1574115842 (copy).png,train,train,8,ua_0029|Sit|1574115842,83fdbab9a616cf5df6026fe2b2958edf5fe3f9f5ca98e237c365172a6a205886
tasks/known_people_unknown_freq/dataset/train/10GHz/Sit/06090029_1574628100.png,10GHz,Sit,5,ua_0029,06090029_1574628100.png,dataset/train/10GHz/Sit/06090029_1574628100.png,train,train,8,ua_0029|Sit|1574628100,b4afcb79fef5e6c70af59ab858c00ce7a8756ef8dc99c92f8bece66033c05edb
tasks/known_people_unknown_freq/dataset/train/10GHz/Sit/06090029_1574628120.png,10GHz,Sit,5,ua_0029,06090029_1574628120.png,dataset/train/10GHz/Sit/06090029_1574628120.png,train,train,8,ua_0029|Sit|1574628120,00b1e4b926e2455d12c673c9a6eb71f978efa6cd6d4f1b13baa4aac7b2c0ac28
tasks/known_people_unknown_freq/dataset/train/10GHz/Sit/06090029_1574628141.png,10GHz,Sit,5,ua_0029,06090029_1574628141.png,dataset/train/10GHz/Sit/06090029_1574628141.png,train,train,8,ua_0029|Sit|1574628141,0540bd8f0acc29b7cacc4ec2409e1548510666b7637a279169161ffb9699754f
tasks/known_people_unknown_freq/dataset/train/10GHz/Sit/06090029_1574628160.png,10GHz,Sit,5,ua_0029,06090029_1574628160.png,dataset/train/10GHz/Sit/06090029_1574628160.png,train,train,8,ua_0029|Sit|1574628160,fe9615daeeffb235c24dce9c3c60384cdc1a9dcddd0787c9529e401adbf0d090
tasks/known_people_unknown_freq/dataset/train/10GHz/Sit/06090029_1574628180.png,10GHz,Sit,5,ua_0029,06090029_1574628180.png,dataset/train/10GHz/Sit/06090029_1574628180.png,train,train,8,ua_0029|Sit|1574628180,6834923b519d0d7e8e6c826358b8b251c1fa608c410d21f9f539782ce4e88a61
tasks/known_people_unknown_freq/dataset/train/10GHz/Sit/06090029_1574628440.png,10GHz,Sit,5,ua_0029,06090029_1574628440.png,dataset/train/10GHz/Sit/06090029_1574628440.png,train,train,8,ua_0029|Sit|1574628440,f256cbafdae4e05ae470bdb64222aefb0021b7fff5cb28b6690d9dbc6c9d0b40
tasks/known_people_unknown_freq/dataset/train/10GHz/Sit/06090029_1574628461.png,10GHz,Sit,5,ua_0029,06090029_1574628461.png,dataset/train/10GHz/Sit/06090029_1574628461.png,train,train,8,ua_0029|Sit|1574628461,6e48b6248ba4249ffe49c9a2f39eeac5ef07758398bfa42bd0f0823b339911f5
tasks/known_people_unknown_freq/dataset/train/10GHz/Sit/06090030_1574195230.png,10GHz,Sit,5,ua_0030,06090030_1574195230.png,dataset/train/10GHz/Sit/06090030_1574195230.png,train,train,8,ua_0030|Sit|1574195230,fdf6f4cb6354acf03acdb96c7fef445bef263e2983e1874b914e2d984b48b664
tasks/known_people_unknown_freq/dataset/train/10GHz/Sit/06090030_1574195274 (copy).png,10GHz,Sit,5,ua_0030,06090030_1574195274 (copy).png,dataset/train/10GHz/Sit/06090030_1574195274 (copy).png,train,train,8,ua_0030|Sit|1574195274,198b83ff3d4668454237ed0b9b3ddc62aa8860531fe515f80e75234faca1a4cd
tasks/known_people_unknown_freq/dataset/train/10GHz/Sit/06090030_1574195274.png,10GHz,Sit,5,ua_0030,06090030_1574195274.png,dataset/train/10GHz/Sit/06090030_1574195274.png,train,train,8,ua_0030|Sit|1574195274,198b83ff3d4668454237ed0b9b3ddc62aa8860531fe515f80e75234faca1a4cd
tasks/known_people_unknown_freq/dataset/train/10GHz/Sit/06090030_1574195313.png,10GHz,Sit,5,ua_0030,06090030_1574195313.png,dataset/train/10GHz/Sit/06090030_1574195313.png,train,train,8,ua_0030|Sit|1574195313,dcd5ff2135e777914536388813539b2709324fbf5ab822a342507b77ad9c5609
tasks/known_people_unknown_freq/dataset/train/10GHz/Sit/06090030_1574195332.png,10GHz,Sit,5,ua_0030,06090030_1574195332.png,dataset/train/10GHz/Sit/06090030_1574195332.png,train,train,8,ua_0030|Sit|1574195332,a944cbff20dda6774df45deae90254fff236fbcd56f52fd37544706ffcff64b1
tasks/known_people_unknown_freq/dataset/train/10GHz/Sit/06090030_1574195351.png,10GHz,Sit,5,ua_0030,06090030_1574195351.png,dataset/train/10GHz/Sit/06090030_1574195351.png,train,train,8,ua_0030|Sit|1574195351,2f65fcf26fce013f2b8c89efd34ff1cbab5a344e7bf44b06418909f34285be0d
tasks/known_people_unknown_freq/dataset/train/10GHz/Sit/06090030_1574195371.png,10GHz,Sit,5,ua_0030,06090030_1574195371.png,dataset/train/10GHz/Sit/06090030_1574195371.png,train,train,8,ua_0030|Sit|1574195371,f2d9bc42c0c312b5565963e7a165e4ff3cd76ccff6e3b7c181e7b3759bbc2eee
tasks/known_people_unknown_freq/dataset/train/10GHz/Sit/06090030_1574195391.png,10GHz,Sit,5,ua_0030,06090030_1574195391.png,dataset/train/10GHz/Sit/06090030_1574195391.png,train,train,8,ua_0030|Sit|1574195391,6ef89ab5dea9dd053003cc3088377a467e3fdb79b85a30fd33ea92b98509f55c
tasks/known_people_unknown_freq/dataset/train/10GHz/Sit/06090030_1574458188 (copy).png,10GHz,Sit,5,ua_0030,06090030_1574458188 (copy).png,dataset/train/10GHz/Sit/06090030_1574458188 (copy).png,train,train,8,ua_0030|Sit|1574458188,0b7c04ef084bef7aceff8c49d377b264a0cb397c3a4e51e0c231daa9861c86fd
tasks/known_people_unknown_freq/dataset/train/10GHz/Sit/06090030_1574458207.png,10GHz,Sit,5,ua_0030,06090030_1574458207.png,dataset/train/10GHz/Sit/06090030_1574458207.png,train,train,8,ua_0030|Sit|1574458207,b715ba4fc898f163ee98f81e2bd4142895080db5a1061a6e60cb5b42c0307a25
tasks/known_people_unknown_freq/dataset/train/10GHz/Sit/06090030_1574458226.png,10GHz,Sit,5,ua_0030,06090030_1574458226.png,dataset/train/10GHz/Sit/06090030_1574458226.png,train,train,8,ua_0030|Sit|1574458226,389b3d123442367d0035215e0302c807e56370762a0ae15fd538da8d4a6c85c1
tasks/known_people_unknown_freq/dataset/train/10GHz/Sit/06090030_1574458245.png,10GHz,Sit,5,ua_0030,06090030_1574458245.png,dataset/train/10GHz/Sit/06090030_1574458245.png,train,train,8,ua_0030|Sit|1574458245,ce77f2e8603a2b4856b5bbf49e47d8cba75a43d67767685c644cf8b6a68bc314
tasks/known_people_unknown_freq/dataset/train/10GHz/Sit/06090030_1574458265.png,10GHz,Sit,5,ua_0030,06090030_1574458265.png,dataset/train/10GHz/Sit/06090030_1574458265.png,train,train,8,ua_0030|Sit|1574458265,b1201c77e601432f19584c5f81695c889a868b46069d4ee275cca8bec8d8abbb
tasks/known_people_unknown_freq/dataset/train/10GHz/Sit/06090030_1574458283.png,10GHz,Sit,5,ua_0030,06090030_1574458283.png,dataset/train/10GHz/Sit/06090030_1574458283.png,train,train,8,ua_0030|Sit|1574458283,aa44e4735b81535bc63241caf15abb92e453a854a65d594845a3aef381eb483b
tasks/known_people_unknown_freq/dataset/train/10GHz/Sit/06090030_1574458785.png,10GHz,Sit,5,ua_0030,06090030_1574458785.png,dataset/train/10GHz/Sit/06090030_1574458785.png,train,train,8,ua_0030|Sit|1574458785,b3e3241a285c9fede1307dfc9c7727efb6d828cc61a2c0e3d16f8e5c1e7c2d63
tasks/known_people_unknown_freq/dataset/train/10GHz/Sit/06090030_1574458803.png,10GHz,Sit,5,ua_0030,06090030_1574458803.png,dataset/train/10GHz/Sit/06090030_1574458803.png,train,train,8,ua_0030|Sit|1574458803,6e8f47a36bdd991b0835fe9cfda3eeb07e5b10289507a702e3b337f56cc4a388
tasks/known_people_unknown_freq/dataset/train/10GHz/Towards/06050010_1573836864.png,10GHz,Towards,6,ua_0010,06050010_1573836864.png,dataset/val/10GHz/Towards/06050010_1573836864.png,val,train,10,ua_0010|Towards|1573836864,f33db641005d8fcb89a4a8772b6bfe305a4d7ec5fc8f1f1d61ed194c0ad48cb3
tasks/known_people_unknown_freq/dataset/train/10GHz/Towards/06050010_1573836889.png,10GHz,Towards,6,ua_0010,06050010_1573836889.png,dataset/val/10GHz/Towards/06050010_1573836889.png,val,train,10,ua_0010|Towards|1573836889,c9b28884055495263ccfb39f8e399767fd16bd8fa4287f83f86aadcd1a7807df
tasks/known_people_unknown_freq/dataset/train/10GHz/Towards/06050010_1573836957.png,10GHz,Towards,6,ua_0010,06050010_1573836957.png,dataset/val/10GHz/Towards/06050010_1573836957.png,val,train,10,ua_0010|Towards|1573836957,66b547444eb7207aa9794134cadb1197589c6ea1ad57c1b46798c0cb119ce731
tasks/known_people_unknown_freq/dataset/train/10GHz/Towards/06050010_1573836980.png,10GHz,Towards,6,ua_0010,06050010_1573836980.png,dataset/val/10GHz/Towards/06050010_1573836980.png,val,train,10,ua_0010|Towards|1573836980,4c9d9abae50e41841e40e055a5c609a3c45a19af844fbc2fbb6755521a0ed6e7
tasks/known_people_unknown_freq/dataset/train/10GHz/Towards/06050010_1573837002.png,10GHz,Towards,6,ua_0010,06050010_1573837002.png,dataset/val/10GHz/Towards/06050010_1573837002.png,val,train,10,ua_0010|Towards|1573837002,0ec1ac1ff2c7e8e45941dddcf27659e19c4f14818453d2e54059a31f9c3f5e85
tasks/known_people_unknown_freq/dataset/train/10GHz/Towards/06050010_1573837024.png,10GHz,Towards,6,ua_0010,06050010_1573837024.png,dataset/val/10GHz/Towards/06050010_1573837024.png,val,train,10,ua_0010|Towards|1573837024,0d04339dc05f09cd4339e47c5d9ea4a3bfe9bee7305a0b12419dd240a4cb901a
tasks/known_people_unknown_freq/dataset/train/10GHz/Towards/06050010_1573837045.png,10GHz,Towards,6,ua_0010,06050010_1573837045.png,dataset/val/10GHz/Towards/06050010_1573837045.png,val,train,10,ua_0010|Towards|1573837045,518f4e7d63d5191de92467d8bedcc92f9a4cce721aa2f3762f8abb06bf3ccb9b
tasks/known_people_unknown_freq/dataset/train/10GHz/Towards/06050010_1573837067.png,10GHz,Towards,6,ua_0010,06050010_1573837067.png,dataset/val/10GHz/Towards/06050010_1573837067.png,val,train,10,ua_0010|Towards|1573837067,1d2819c0a11f05e49d6fd101a858a3ead1eb1a92433c8ae9fedbbab7cbff8210
tasks/known_people_unknown_freq/dataset/train/10GHz/Towards/06050029_1574114294.png,10GHz,Towards,6,ua_0029,06050029_1574114294.png,dataset/train/10GHz/Towards/06050029_1574114294.png,train,train,10,ua_0029|Towards|1574114294,a8e9a4c8e75229a90eecfde7485a92bec0566db6bf1d688522f3e2abacbd95ec
tasks/known_people_unknown_freq/dataset/train/10GHz/Towards/06050029_1574114447.png,10GHz,Towards,6,ua_0029,06050029_1574114447.png,dataset/train/10GHz/Towards/06050029_1574114447.png,train,train,10,ua_0029|Towards|1574114447,fe74a6911e43403927b7ef6e45592d96f38a4244e146df6739e607575a0cf843
tasks/known_people_unknown_freq/dataset/train/10GHz/Towards/06050029_1574114529.png,10GHz,Towards,6,ua_0029,06050029_1574114529.png,dataset/train/10GHz/Towards/06050029_1574114529.png,train,train,10,ua_0029|Towards|1574114529,dad832a60c99ddb90a49c4dda78efb70b5f7ad94b7d9b861ebb397def2fc04df
tasks/known_people_unknown_freq/dataset/train/10GHz/Towards/06050029_1574114550.png,10GHz,Towards,6,ua_0029,06050029_1574114550.png,dataset/train/10GHz/Towards/06050029_1574114550.png,train,train,10,ua_0029|Towards|1574114550,acbe91e6738494c0522a69bda5bc7312a84f1e67f04a9e02ac143989c0dbd020
tasks/known_people_unknown_freq/dataset/train/10GHz/Towards/06050029_1574114569.png,10GHz,Towards,6,ua_0029,06050029_1574114569.png,dataset/train/10GHz/Towards/06050029_1574114569.png,train,train,10,ua_0029|Towards|1574114569,7b8c13bc428d25eb4ed9091a20d04b3aaf07d380f4c50f697988125cb61c759d
tasks/known_people_unknown_freq/dataset/train/10GHz/Towards/06050029_1574114588.png,10GHz,Towards,6,ua_0029,06050029_1574114588.png,dataset/train/10GHz/Towards/06050029_1574114588.png,train,train,10,ua_0029|Towards|1574114588,fc5ef5baee09deaf9ee837a5104c0fb896ef30a309f54b97cc942c6eb838da8c
tasks/known_people_unknown_freq/dataset/train/10GHz/Towards/06050029_1574114606.png,10GHz,Towards,6,ua_0029,06050029_1574114606.png,dataset/train/10GHz/Towards/06050029_1574114606.png,train,train,10,ua_0029|Towards|1574114606,f2b24472befe8f94a0e51797559bd07ac028e861992d23775c828a78e1002db1
tasks/known_people_unknown_freq/dataset/train/10GHz/Towards/06050029_1574114625.png,10GHz,Towards,6,ua_0029,06050029_1574114625.png,dataset/train/10GHz/Towards/06050029_1574114625.png,train,train,10,ua_0029|Towards|1574114625,ae7a1afeadec2ad4ec0f1f8bd3693de214b568d354e8af71f36522317b70a2c0
tasks/known_people_unknown_freq/dataset/train/10GHz/Towards/06050029_1574626078.png,10GHz,Towards,6,ua_0029,06050029_1574626078.png,dataset/train/10GHz/Towards/06050029_1574626078.png,train,train,10,ua_0029|Towards|1574626078,7b441f1ff13a72c780c635ae02326a8a54d7b32b22a5b5b61ea677255746ec50
tasks/known_people_unknown_freq/dataset/train/10GHz/Towards/06050029_1574626210.png,10GHz,Towards,6,ua_0029,06050029_1574626210.png,dataset/train/10GHz/Towards/06050029_1574626210.png,train,train,10,ua_0029|Towards|1574626210,b7cb976a94b90d65fa29151659330cd241f210ddeed7143464fbfeca188dd328
tasks/known_people_unknown_freq/dataset/train/10GHz/Towards/06050029_1574626307.png,10GHz,Towards,6,ua_0029,06050029_1574626307.png,dataset/train/10GHz/Towards/06050029_1574626307.png,train,train,10,ua_0029|Towards|1574626307,ba8faae8a0c4332399d848d2489a42a5cb103e1d2dfec75b1c022b6199161422
tasks/known_people_unknown_freq/dataset/train/10GHz/Towards/06050029_1574626331.png,10GHz,Towards,6,ua_0029,06050029_1574626331.png,dataset/train/10GHz/Towards/06050029_1574626331.png,train,train,10,ua_0029|Towards|1574626331,b6576f9b8298c608aae943dd0266f83dcedcb774b04e261ed3300c0e7ec594ea
tasks/known_people_unknown_freq/dataset/train/10GHz/Towards/06050029_1574626372.png,10GHz,Towards,6,ua_0029,06050029_1574626372.png,dataset/train/10GHz/Towards/06050029_1574626372.png,train,train,10,ua_0029|Towards|1574626372,5699d6f717351211865b58842ae65ab2a9318229179ae53ad81f2cc738f69ab0
tasks/known_people_unknown_freq/dataset/train/10GHz/Towards/06050029_1574626392.png,10GHz,Towards,6,ua_0029,06050029_1574626392.png,dataset/train/10GHz/Towards/06050029_1574626392.png,train,train,10,ua_0029|Towards|1574626392,5b95c3245af24811c2ae19826ca7a6c7acfc0bf9b6d4a2f23b0db41d4129ce68
tasks/known_people_unknown_freq/dataset/train/10GHz/Towards/06050030_1574193880.png,10GHz,Towards,6,ua_0030,06050030_1574193880.png,dataset/train/10GHz/Towards/06050030_1574193880.png,train,train,10,ua_0030|Towards|1574193880,5240bbcc4b4035ad800ad0989b23b544f80d9906280c8eda8363199a379e2746
tasks/known_people_unknown_freq/dataset/train/10GHz/Towards/06050030_1574193925.png,10GHz,Towards,6,ua_0030,06050030_1574193925.png,dataset/train/10GHz/Towards/06050030_1574193925.png,train,train,10,ua_0030|Towards|1574193925,fba25fcdd97df6dc60a0afccf734750e34329c79c74b463036a1cb9c37ffc5f0
tasks/known_people_unknown_freq/dataset/train/10GHz/Towards/06050030_1574193946.png,10GHz,Towards,6,ua_0030,06050030_1574193946.png,dataset/train/10GHz/Towards/06050030_1574193946.png,train,train,10,ua_0030|Towards|1574193946,6c4cf2a7aec16f5a11763c19d9ffef1ef8003d19c2ded62b345ff103e12c1c87
tasks/known_people_unknown_freq/dataset/train/10GHz/Towards/06050030_1574193984.png,10GHz,Towards,6,ua_0030,06050030_1574193984.png,dataset/train/10GHz/Towards/06050030_1574193984.png,train,train,10,ua_0030|Towards|1574193984,28b1fafacdf8abedb4acf6dbc8bce6b3d36a0e065a110bad314ff00480cfb002
tasks/known_people_unknown_freq/dataset/train/10GHz/Towards/06050030_1574194043.png,10GHz,Towards,6,ua_0030,06050030_1574194043.png,dataset/train/10GHz/Towards/06050030_1574194043.png,train,train,10,ua_0030|Towards|1574194043,2bf5307c4839479ae13000890c92b07c102b798688991636c522cfbbae3fc528
tasks/known_people_unknown_freq/dataset/train/10GHz/Towards/06050030_1574194068.png,10GHz,Towards,6,ua_0030,06050030_1574194068.png,dataset/train/10GHz/Towards/06050030_1574194068.png,train,train,10,ua_0030|Towards|1574194068,0347ab4092eed741f65ea9d2cf126d26413d4b0aa06f1afac3003378fdd56080
tasks/known_people_unknown_freq/dataset/train/10GHz/Towards/06050030_1574194145.png,10GHz,Towards,6,ua_0030,06050030_1574194145.png,dataset/train/10GHz/Towards/06050030_1574194145.png,train,train,10,ua_0030|Towards|1574194145,5fdebb2b08f50f7e1bd93b5b2533a1bf0ed661e69ee2ff5d529ef9a408f13046
tasks/known_people_unknown_freq/dataset/train/10GHz/Towards/06050030_1574456646.png,10GHz,Towards,6,ua_0030,06050030_1574456646.png,dataset/train/10GHz/Towards/06050030_1574456646.png,train,train,10,ua_0030|Towards|1574456646,54a2dea165a0d785ccb5126a1e85266e1ddfd127c70bd7f61715a56b006155e5
tasks/known_people_unknown_freq/dataset/train/10GHz/Towards/06050030_1574456705.png,10GHz,Towards,6,ua_0030,06050030_1574456705.png,dataset/train/10GHz/Towards/06050030_1574456705.png,train,train,10,ua_0030|Towards|1574456705,f9d8d6a13e795ff0cacc1ec2774d80f5eb78c9d755824323870fbf75647063bb
tasks/known_people_unknown_freq/dataset/train/10GHz/Towards/06050030_1574456771.png,10GHz,Towards,6,ua_0030,06050030_1574456771.png,dataset/train/10GHz/Towards/06050030_1574456771.png,train,train,10,ua_0030|Towards|1574456771,b252c2e3f92e6a7ae9d4c7087df5b9329d91279d14df05120b270b5cf0479dd1
tasks/known_people_unknown_freq/dataset/train/10GHz/Towards/06050030_1574456812.png,10GHz,Towards,6,ua_0030,06050030_1574456812.png,dataset/train/10GHz/Towards/06050030_1574456812.png,train,train,10,ua_0030|Towards|1574456812,3ea5072cbc7eea534ff4fa129b546dc00aab7a5e66c94a860d6df1931385f195
tasks/known_people_unknown_freq/dataset/train/10GHz/Towards/06050030_1574456837.png,10GHz,Towards,6,ua_0030,06050030_1574456837.png,dataset/train/10GHz/Towards/06050030_1574456837.png,train,train,10,ua_0030|Towards|1574456837,e548a93bb031943838bb6dee147540b330ecce93f61ae8692021b3ab3d93a8dd
tasks/known_people_unknown_freq/dataset/train/10GHz/Towards/06050030_1574456859.png,10GHz,Towards,6,ua_0030,06050030_1574456859.png,dataset/train/10GHz/Towards/06050030_1574456859.png,train,train,10,ua_0030|Towards|1574456859,b53efc2c74d3417d14a01e181774ec265c1bab84a5514c67325e40c77cebfaf3
tasks/known_people_unknown_freq/dataset/train/10GHz/Towards/06050030_1574456884.png,10GHz,Towards,6,ua_0030,06050030_1574456884.png,dataset/train/10GHz/Towards/06050030_1574456884.png,train,train,10,ua_0030|Towards|1574456884,dfea33884a2460c788a972edaaacd29fc02f176209f0ad1a9a61366d5e3c27ad
tasks/known_people_unknown_freq/dataset/train/24GHz/Away/01000000_1574696308_Spec.png,24GHz,Away,0,ua_0000,01000000_1574696308_Spec.png,dataset/train/24GHz/Away/01000000_1574696308_Spec.png,train,train,0,ua_0000|Away|1574696308,fc62bd59d67ef6d47ebc93ac55a964e2d8276e47a7f9db6f3dabe2940ab1de0d
tasks/known_people_unknown_freq/dataset/train/24GHz/Away/01060010_1573837135_Spec.png,24GHz,Away,0,ua_0010,01060010_1573837135_Spec.png,dataset/train/24GHz/Away/01060010_1573837135_Spec.png,train,train,0,ua_0010|Away|1573837135,5039329e041c1c59a9616975ebf7aea2fc5f384a7aac6dc0d64360d6db010c87
tasks/known_people_unknown_freq/dataset/train/24GHz/Away/01060010_1573837157_Spec.png,24GHz,Away,0,ua_0010,01060010_1573837157_Spec.png,dataset/train/24GHz/Away/01060010_1573837157_Spec.png,train,train,0,ua_0010|Away|1573837157,4dafd30e63dbf3b23b87d775a34225e796b3667387be21c785dc491ae6a55715
tasks/known_people_unknown_freq/dataset/train/24GHz/Away/01060010_1573837181_Spec.png,24GHz,Away,0,ua_0010,01060010_1573837181_Spec.png,dataset/train/24GHz/Away/01060010_1573837181_Spec.png,train,train,0,ua_0010|Away|1573837181,418aa4c51b75e0729658928f474595e2c32c667be81f47bd31dfae350d0ad1d5
tasks/known_people_unknown_freq/dataset/train/24GHz/Away/01060010_1573837204_Spec.png,24GHz,Away,0,ua_0010,01060010_1573837204_Spec.png,dataset/train/24GHz/Away/01060010_1573837204_Spec.png,train,train,0,ua_0010|Away|1573837204,35adece355eda67991c709769b2849d87acadafb1ac0f985c2bf7894620d86b5
tasks/known_people_unknown_freq/dataset/train/24GHz/Away/01060010_1573837276_Spec.png,24GHz,Away,0,ua_0010,01060010_1573837276_Spec.png,dataset/train/24GHz/Away/01060010_1573837276_Spec.png,train,train,0,ua_0010|Away|1573837276,fdecf2992c38d9cb5302ea81948ecaf653c877c52b6828073a298ee2ba0afc58
tasks/known_people_unknown_freq/dataset/train/24GHz/Away/01060010_1573837305_Spec.png,24GHz,Away,0,ua_0010,01060010_1573837305_Spec.png,dataset/train/24GHz/Away/01060010_1573837305_Spec.png,train,train,0,ua_0010|Away|1573837305,4475b1baf160aaeed234396059c93c73801029230a1acc374412d0eaa0cd6537
tasks/known_people_unknown_freq/dataset/train/24GHz/Away/01060010_1573837370_Spec.png,24GHz,Away,0,ua_0010,01060010_1573837370_Spec.png,dataset/train/24GHz/Away/01060010_1573837370_Spec.png,train,train,0,ua_0010|Away|1573837370,bbac5a0e055f18b87e499963335ac35e05cff0a72d59b659b19c953bc5e5d7db
tasks/known_people_unknown_freq/dataset/train/24GHz/Away/01060014_1574696370_Spec.png,24GHz,Away,0,ua_0014,01060014_1574696370_Spec.png,dataset/train/24GHz/Away/01060014_1574696370_Spec.png,train,train,0,ua_0014|Away|1574696370,762bd3c582dfef6365785b39368dc35335a1156c15a0ac7272302f7b296a4a9e
tasks/known_people_unknown_freq/dataset/train/24GHz/Away/01060014_1574696394_Spec.png,24GHz,Away,0,ua_0014,01060014_1574696394_Spec.png,dataset/train/24GHz/Away/01060014_1574696394_Spec.png,train,train,0,ua_0014|Away|1574696394,cc4dd5a3db42466e9afc01cbca023cf9c74bc9965877b5c42c0a29e7939e3c8a
tasks/known_people_unknown_freq/dataset/train/24GHz/Away/01060014_1574696433_Spec.png,24GHz,Away,0,ua_0014,01060014_1574696433_Spec.png,dataset/train/24GHz/Away/01060014_1574696433_Spec.png,train,train,0,ua_0014|Away|1574696433,9398c3fc0655e98666a22e5d0da4f9c751e62f0a707c81acc07fb121b5f5e57b
tasks/known_people_unknown_freq/dataset/train/24GHz/Away/01060014_1574696452_Spec.png,24GHz,Away,0,ua_0014,01060014_1574696452_Spec.png,dataset/train/24GHz/Away/01060014_1574696452_Spec.png,train,train,0,ua_0014|Away|1574696452,5d7e1e13f75d525c652ad6bbb84121a93cc45267046680a5c049c93e3cf26be7
tasks/known_people_unknown_freq/dataset/train/24GHz/Away/01060014_1574696470_Spec.png,24GHz,Away,0,ua_0014,01060014_1574696470_Spec.png,dataset/train/24GHz/Away/01060014_1574696470_Spec.png,train,train,0,ua_0014|Away|1574696470,4befe9855f92d3c0b73e89a363385b1a24045c82726f34ea47f4c9e294d2a9b7
tasks/known_people_unknown_freq/dataset/train/24GHz/Away/01060014_1574696490_Spec.png,24GHz,Away,0,ua_0014,01060014_1574696490_Spec.png,dataset/train/24GHz/Away/01060014_1574696490_Spec.png,train,train,0,ua_0014|Away|1574696490,a9306d5f8f1a79ae37de3110007fb16058bccdc36cc080525a48866fe1359031
tasks/known_people_unknown_freq/dataset/train/24GHz/Away/01060029_1574114705_Spec.png,24GHz,Away,0,ua_0029,01060029_1574114705_Spec.png,dataset/train/24GHz/Away/01060029_1574114705_Spec.png,train,train,0,ua_0029|Away|1574114705,976ddb2a7da5ad57bb20af3ba9ae3b9d4f412b68ff7fd1d3e74429ae04f95308
tasks/known_people_unknown_freq/dataset/train/24GHz/Away/01060029_1574114725_Spec.png,24GHz,Away,0,ua_0029,01060029_1574114725_Spec.png,dataset/train/24GHz/Away/01060029_1574114725_Spec.png,train,train,0,ua_0029|Away|1574114725,ce7073a31de110779bcbecb8b54f3402e7f0bfce061c6886f8fcbe8aa3c64559
tasks/known_people_unknown_freq/dataset/train/24GHz/Away/01060029_1574114751_Spec.png,24GHz,Away,0,ua_0029,01060029_1574114751_Spec.png,dataset/train/24GHz/Away/01060029_1574114751_Spec.png,train,train,0,ua_0029|Away|1574114751,049f364e15df8eb24d8cc9ed5542e9cbaeb64be2a0c534f08d9050ee1d13e279
tasks/known_people_unknown_freq/dataset/train/24GHz/Away/01060029_1574114789_Spec.png,24GHz,Away,0,ua_0029,01060029_1574114789_Spec.png,dataset/train/24GHz/Away/01060029_1574114789_Spec.png,train,train,0,ua_0029|Away|1574114789,3d26dfd03d4374b3f5373a52b5a2b7bbe2acfdf3693058668c42a3ca9127c48e
tasks/known_people_unknown_freq/dataset/train/24GHz/Away/01060029_1574114809_Spec.png,24GHz,Away,0,ua_0029,01060029_1574114809_Spec.png,dataset/train/24GHz/Away/01060029_1574114809_Spec.png,train,train,0,ua_0029|Away|1574114809,d3e3ffde4b9307d373c3e3842e7139643febf4ba913283449e80181001e64113
tasks/known_people_unknown_freq/dataset/train/24GHz/Away/01060029_1574114829_Spec.png,24GHz,Away,0,ua_0029,01060029_1574114829_Spec.png,dataset/train/24GHz/Away/01060029_1574114829_Spec.png,train,train,0,ua_0029|Away|1574114829,6ad8ec4ae4266f183c7969e572421209fc848d0888815dc4aa76dae3aafc5009
tasks/known_people_unknown_freq/dataset/train/24GHz/Away/01060029_1574114849_Spec.png,24GHz,Away,0,ua_0029,01060029_1574114849_Spec.png,dataset/train/24GHz/Away/01060029_1574114849_Spec.png,train,train,0,ua_0029|Away|1574114849,432a76a08965abb875b61cdd85e2ecbab63758568ed78e9edbc49e99cfdd58f9
tasks/known_people_unknown_freq/dataset/train/24GHz/Away/01060029_1574114867_Spec.png,24GHz,Away,0,ua_0029,01060029_1574114867_Spec.png,dataset/train/24GHz/Away/01060029_1574114867_Spec.png,train,train,0,ua_0029|Away|1574114867,00858252df52d22c73240aa50b09bed4809d6a796cabc875892f2cb5dd02d95f
tasks/known_people_unknown_freq/dataset/train/24GHz/Away/01060029_1574115022_Spec.png,24GHz,Away,0,ua_0029,01060029_1574115022_Spec.png,dataset/train/24GHz/Away/01060029_1574115022_Spec.png,train,train,0,ua_0029|Away|1574115022,1a64db9db1909758a6b5129a3d4e835a9b4825aaf93b6c7a716db09b8d3c647d
tasks/known_people_unknown_freq/dataset/train/24GHz/Away/01060029_1574626448_Spec.png,24GHz,Away,0,ua_0029,01060029_1574626448_Spec.png,dataset/train/24GHz/Away/01060029_1574626448_Spec.png,train,train,0,ua_0029|Away|1574626448,dd65196744bccb0c6a076f1a5a148fd0a6ea7648bab22a05d08a1df02ab4d59a
tasks/known_people_unknown_freq/dataset/train/24GHz/Away/01060029_1574626614_Spec.png,24GHz,Away,0,ua_0029,01060029_1574626614_Spec.png,dataset/train/24GHz/Away/01060029_1574626614_Spec.png,train,train,0,ua_0029|Away|1574626614,d5282af3f073bd0aaf31eec32acec1d64c4f20410322f48647782680e8f494a0
tasks/known_people_unknown_freq/dataset/train/24GHz/Away/01060029_1574626687_Spec.png,24GHz,Away,0,ua_0029,01060029_1574626687_Spec.png,dataset/train/24GHz/Away/01060029_1574626687_Spec.png,train,train,0,ua_0029|Away|1574626687,6b9153e197aa9f686937fb8ba25320a915628ee9e10a7b32951234eb6cdfa5f1
tasks/known_people_unknown_freq/dataset/train/24GHz/Away/01060029_1574627039_Spec.png,24GHz,Away,0,ua_0029,01060029_1574627039_Spec.png,dataset/train/24GHz/Away/01060029_1574627039_Spec.png,train,train,0,ua_0029|Away|1574627039,548da5ec6bf19f317ae022126122df659d9de64678189036a73f6b5d472693d7
tasks/known_people_unknown_freq/dataset/train/24GHz/Away/01060029_1574627068_Spec.png,24GHz,Away,0,ua_0029,01060029_1574627068_Spec.png,dataset/train/24GHz/Away/01060029_1574627068_Spec.png,train,train,0,ua_0029|Away|1574627068,485b49f0dfdcaa09cee625dcb4a19f1aecbadd82be51201c17842e119fd9230e
tasks/known_people_unknown_freq/dataset/train/24GHz/Away/01060029_1574627087_Spec.png,24GHz,Away,0,ua_0029,01060029_1574627087_Spec.png,dataset/train/24GHz/Away/01060029_1574627087_Spec.png,train,train,0,ua_0029|Away|1574627087,87734c2e1681a910944e70973153a69e00964af320d152330cc11b729443d011
tasks/known_people_unknown_freq/dataset/train/24GHz/Away/01060029_1574627128_Spec.png,24GHz,Away,0,ua_0029,01060029_1574627128_Spec.png,dataset/train/24GHz/Away/01060029_1574627128_Spec.png,train,train,0,ua_0029|Away|1574627128,9037dafa8e5b29814d3d23a712d88d9f4d433125fbe0de39096a9dc20b3459b7
tasks/known_people_unknown_freq/dataset/train/24GHz/Away/01060029_1574627273_Spec.png,24GHz,Away,0,ua_0029,01060029_1574627273_Spec.png,dataset/train/24GHz/Away/01060029_1574627273_Spec.png,train,train,0,ua_0029|Away|1574627273,d7a56e37d141fa831f8ba4a1b1660469dc4483aa4adac6ed95545eae88efb2df
tasks/known_people_unknown_freq/dataset/train/24GHz/Away/01060030_1574194225_Spec.png,24GHz,Away,0,ua_0030,01060030_1574194225_Spec.png,dataset/val/24GHz/Away/01060030_1574194225_Spec.png,val,train,0,ua_0030|Away|1574194225,c9cf88904a3c7ebb17928472b4f228fbd8ed91857670229e1f07f7f4cf7cf4f1
tasks/known_people_unknown_freq/dataset/train/24GHz/Away/01060030_1574194249_Spec.png,24GHz,Away,0,ua_0030,01060030_1574194249_Spec.png,dataset/val/24GHz/Away/01060030_1574194249_Spec.png,val,train,0,ua_0030|Away|1574194249,d821d413f5a8f82f46edee68a93e9413f9db3632c02b8a188b9c2ebe6582d695
tasks/known_people_unknown_freq/dataset/train/24GHz/Away/01060030_1574194275_Spec.png,24GHz,Away,0,ua_0030,01060030_1574194275_Spec.png,dataset/val/24GHz/Away/01060030_1574194275_Spec.png,val,train,0,ua_0030|Away|1574194275,959cc6d36aabc87ad4c93a325bfcabd4f8c45147892960a56e6882b21660ea5d
tasks/known_people_unknown_freq/dataset/train/24GHz/Away/01060030_1574194298_Spec.png,24GHz,Away,0,ua_0030,01060030_1574194298_Spec.png,dataset/val/24GHz/Away/01060030_1574194298_Spec.png,val,train,0,ua_0030|Away|1574194298,04bd17435fb00421e080d9597c5868504bd919802c9d961f727b92451900ff11
tasks/known_people_unknown_freq/dataset/train/24GHz/Away/01060030_1574194323_Spec.png,24GHz,Away,0,ua_0030,01060030_1574194323_Spec.png,dataset/val/24GHz/Away/01060030_1574194323_Spec.png,val,train,0,ua_0030|Away|1574194323,cace00810e1cbb4d0d330674aa4c25c33908a94e822a9cc36c4a497f68d2942e
tasks/known_people_unknown_freq/dataset/train/24GHz/Away/01060030_1574194345_Spec.png,24GHz,Away,0,ua_0030,01060030_1574194345_Spec.png,dataset/val/24GHz/Away/01060030_1574194345_Spec.png,val,train,0,ua_0030|Away|1574194345,1175670bc7600eb1d2b5b6f0021d189a0654bc5e7b80152ec7706661c9002a8a
tasks/known_people_unknown_freq/dataset/train/24GHz/Away/01060030_1574194369_Spec.png,24GHz,Away,0,ua_0030,01060030_1574194369_Spec.png,dataset/val/24GHz/Away/01060030_1574194369_Spec.png,val,train,0,ua_0030|Away|1574194369,91f667d2b1cd64a4246e4a953e3e8aedc58d30628fcbbb66cb9015309cfada98
tasks/known_people_unknown_freq/dataset/train/24GHz/Away/01060030_1574456948_Spec.png,24GHz,Away,0,ua_0030,01060030_1574456948_Spec.png,dataset/val/24GHz/Away/01060030_1574456948_Spec.png,val,train,0,ua_0030|Away|1574456948,cc90b1842a49f1236687bca2bedf4860853dd90c9e5e5e055bb80d932e159620
tasks/known_people_unknown_freq/dataset/train/24GHz/Away/01060030_1574456969_Spec.png,24GHz,Away,0,ua_0030,01060030_1574456969_Spec.png,dataset/val/24GHz/Away/01060030_1574456969_Spec.png,val,train,0,ua_0030|Away|1574456969,8a509430693a7512f55d4448a0e8531d97114ef29e3b1577abac0f2c6bc18a50
tasks/known_people_unknown_freq/dataset/train/24GHz/Away/01060030_1574457011_Spec.png,24GHz,Away,0,ua_0030,01060030_1574457011_Spec.png,dataset/val/24GHz/Away/01060030_1574457011_Spec.png,val,train,0,ua_0030|Away|1574457011,0bace6e5f22a32cae98e5222ad484260b29c2c9a16db22b2c096fdd7aadaa37c
tasks/known_people_unknown_freq/dataset/train/24GHz/Away/01060030_1574457032_Spec.png,24GHz,Away,0,ua_0030,01060030_1574457032_Spec.png,dataset/val/24GHz/Away/01060030_1574457032_Spec.png,val,train,0,ua_0030|Away|1574457032,dbf6059038e5e871eda5810d18bb81fdd349fbd7608813d0847e92a31b1d4bd9
tasks/known_people_unknown_freq/dataset/train/24GHz/Away/01060030_1574457052_Spec.png,24GHz,Away,0,ua_0030,01060030_1574457052_Spec.png,dataset/val/24GHz/Away/01060030_1574457052_Spec.png,val,train,0,ua_0030|Away|1574457052,878db845fc68e7bb69f3fb589bc101344fd3f981f0ce11bc23decaa48c6de1b3
tasks/known_people_unknown_freq/dataset/train/24GHz/Away/01060030_1574457074_Spec.png,24GHz,Away,0,ua_0030,01060030_1574457074_Spec.png,dataset/val/24GHz/Away/01060030_1574457074_Spec.png,val,train,0,ua_0030|Away|1574457074,0b9d132dfdd6a7e6371c7a00a478211725cf30f3e8673f221114a2e21186a1be
tasks/known_people_unknown_freq/dataset/train/24GHz/Away/01060030_1574457095_Spec.png,24GHz,Away,0,ua_0030,01060030_1574457095_Spec.png,dataset/val/24GHz/Away/01060030_1574457095_Spec.png,val,train,0,ua_0030|Away|1574457095,750718b9728f952fb3fab6656ab45a95ca9decbd5f0fb30688bf1bf4e152ebf3
tasks/known_people_unknown_freq/dataset/train/24GHz/Away/01060030_1574457116_Spec.png,24GHz,Away,0,ua_0030,01060030_1574457116_Spec.png,dataset/val/24GHz/Away/01060030_1574457116_Spec.png,val,train,0,ua_0030|Away|1574457116,65ddc2f2d3f85992e277837306217d55e87e1b67f2eba92e0b8d2a7d4db54628
tasks/known_people_unknown_freq/dataset/train/24GHz/Away/01060030_1574457136_Spec.png,24GHz,Away,0,ua_0030,01060030_1574457136_Spec.png,dataset/val/24GHz/Away/01060030_1574457136_Spec.png,val,train,0,ua_0030|Away|1574457136,34e74c4678e48ad418a8e1e16ff3ec100202b86b272096169bf304e02b9f59b7
tasks/known_people_unknown_freq/dataset/train/24GHz/Bend/01080010_1573837709_Spec.png,24GHz,Bend,1,ua_0010,01080010_1573837709_Spec.png,dataset/train/24GHz/Bend/01080010_1573837709_Spec.png,train,train,1,ua_0010|Bend|1573837709,ed5a544b81541ef6099f1683a4acc2400b17d0fb5c2c7f9e7adf3202d7896936
tasks/known_people_unknown_freq/dataset/train/24GHz/Bend/01080010_1573837729_Spec.png,24GHz,Bend,1,ua_0010,01080010_1573837729_Spec.png,dataset/train/24GHz/Bend/01080010_1573837729_Spec.png,train,train,1,ua_0010|Bend|1573837729,05fc7646a1cc0cd3e8c122f3e0f94f2e92d686698799bb76f49a9e8a03cecf12
tasks/known_people_unknown_freq/dataset/train/24GHz/Bend/01080010_1573837767_Spec.png,24GHz,Bend,1,ua_0010,01080010_1573837767_Spec.png,dataset/train/24GHz/Bend/01080010_1573837767_Spec.png,train,train,1,ua_0010|Bend|1573837767,dbdef5a35a1d05ed4fd5eb3a3eb997757e2620f3574a825fc8156ca0efa6db7b
tasks/known_people_unknown_freq/dataset/train/24GHz/Bend/01080010_1573837785_Spec.png,24GHz,Bend,1,ua_0010,01080010_1573837785_Spec.png,dataset/train/24GHz/Bend/01080010_1573837785_Spec.png,train,train,1,ua_0010|Bend|1573837785,efd7c33f2e0af89b21020d907e4525bffd358863821efc6efbb349eec9f911b7
tasks/known_people_unknown_freq/dataset/train/24GHz/Bend/01080010_1573837803_Spec.png,24GHz,Bend,1,ua_0010,01080010_1573837803_Spec.png,dataset/train/24GHz/Bend/01080010_1573837803_Spec.png,train,train,1,ua_0010|Bend|1573837803,aa003fab9f213099c506c89cfc5cc3c2ea9d5ed6626eb8c24130fc08081b2d33
tasks/known_people_unknown_freq/dataset/train/24GHz/Bend/01080010_1573837822_Spec.png,24GHz,Bend,1,ua_0010,01080010_1573837822_Spec.png,dataset/train/24GHz/Bend/01080010_1573837822_Spec.png,train,train,1,ua_0010|Bend|1573837822,b4ce7ef2b88a0eb223bea9ba98c10a8cae1b853b3d5b5dfda755c09f7fbcdbaf
tasks/known_people_unknown_freq/dataset/train/24GHz/Bend/01080010_1573837916_Spec.png,24GHz,Bend,1,ua_0010,01080010_1573837916_Spec.png,dataset/train/24GHz/Bend/01080010_1573837916_Spec.png,train,train,1,ua_0010|Bend|1573837916,dacb806f484bbaad2399492ba1260e0bc4b03c3f59f8029f5cb2662eaaa81a8d
tasks/known_people_unknown_freq/dataset/train/24GHz/Bend/01080010_1573837944_Spec.png,24GHz,Bend,1,ua_0010,01080010_1573837944_Spec.png,dataset/train/24GHz/Bend/01080010_1573837944_Spec.png,train,train,1,ua_0010|Bend|1573837944,eb002a6352afe52a3464eef97199ae9d06233d24e2f8638b321364a79c1223eb
tasks/known_people_unknown_freq/dataset/train/24GHz/Bend/01080014_1574696766_Spec.png,24GHz,Bend,1,ua_0014,01080014_1574696766_Spec.png,dataset/train/24GHz/Bend/01080014_1574696766_Spec.png,train,train,1,ua_0014|Bend|1574696766,c64aaab6eb29d9565e2dc33aee6d02647be2c40a87a260b5722ebe4a0293e049
tasks/known_people_unknown_freq/dataset/train/24GHz/Bend/01080014_1574696820_Spec.png,24GHz,Bend,1,ua_0014,01080014_1574696820_Spec.png,dataset/train/24GHz/Bend/01080014_1574696820_Spec.png,train,train,1,ua_0014|Bend|1574696820,ba8cb1b4f0eed658aa5c67dbb0d2392f1854935326b30e17eafc79f3a691599a
tasks/known_people_unknown_freq/dataset/train/24GHz/Bend/01080014_1574696838_Spec.png,24GHz,Bend,1,ua_0014,01080014_1574696838_Spec.png,dataset/train/24GHz/Bend/01080014_1574696838_Spec.png,train,train,1,ua_0014|Bend|1574696838,cfc779873f01126bf8c8c8050ef3866a5fb43f1892a545036a563f07811e6f16
tasks/known_people_unknown_freq/dataset/train/24GHz/Bend/01080014_1574696856_Spec.png,24GHz,Bend,1,ua_0014,01080014_1574696856_Spec.png,dataset/train/24GHz/Bend/01080014_1574696856_Spec.png,train,train,1,ua_0014|Bend|1574696856,f06a006433b29e21c17b38d6ad59d169c9d89ccf43a8a2761fef7a17fa0ee442
tasks/known_people_unknown_freq/dataset/train/24GHz/Bend/01080014_1574696894_Spec.png,24GHz,Bend,1,ua_0014,01080014_1574696894_Spec.png,dataset/train/24GHz/Bend/01080014_1574696894_Spec.png,train,train,1,ua_0014|Bend|1574696894,68dd390e6fd1a5c876361cddc679672b5dbbbba21c4db516532abd3a33e0a36a
tasks/known_people_unknown_freq/dataset/train/24GHz/Bend/01080014_1574696914_Spec.png,24GHz,Bend,1,ua_0014,01080014_1574696914_Spec.png,dataset/train/24GHz/Bend/01080014_1574696914_Spec.png,train,train,1,ua_0014|Bend|1574696914,6f6d8d8963c8faee786e940c1a8d854aeca7bbdecb02907caa4525180338d071
tasks/known_people_unknown_freq/dataset/train/24GHz/Bend/01080014_1574696941_Spec.png,24GHz,Bend,1,ua_0014,01080014_1574696941_Spec.png,dataset/train/24GHz/Bend/01080014_1574696941_Spec.png,train,train,1,ua_0014|Bend|1574696941,746fc147cfdad8a67a269a11e115768e34a1b5bb3a190f8cbc5a18cd4c6a92f5
tasks/known_people_unknown_freq/dataset/train/24GHz/Bend/01080029_1574115435_Spec.png,24GHz,Bend,1,ua_0029,01080029_1574115435_Spec.png,dataset/train/24GHz/Bend/01080029_1574115435_Spec.png,train,train,1,ua_0029|Bend|1574115435,0df94482d0800accd2646e4b422a436950b5fcea81b2b7745f116f8f30fcf8f9
tasks/known_people_unknown_freq/dataset/train/24GHz/Bend/01080029_1574115463_Spec.png,24GHz,Bend,1,ua_0029,01080029_1574115463_Spec.png,dataset/train/24GHz/Bend/01080029_1574115463_Spec.png,train,train,1,ua_0029|Bend|1574115463,ec50fc5241c4fe1265925de93426c1b968484a07cac80e8ecdd588e3b44dff50
tasks/known_people_unknown_freq/dataset/train/24GHz/Bend/01080029_1574115481_Spec.png,24GHz,Bend,1,ua_0029,01080029_1574115481_Spec.png,dataset/train/24GHz/Bend/01080029_1574115481_Spec.png,train,train,1,ua_0029|Bend|1574115481,4509d1450dba4eade90b0d4c282d531c2d3877ad7b8b79980c0a20bb1ad75f12
tasks/known_people_unknown_freq/dataset/train/24GHz/Bend/01080029_1574115504_Spec.png,24GHz,Bend,1,ua_0029,01080029_1574115504_Spec.png,dataset/train/24GHz/Bend/01080029_1574115504_Spec.png,train,train,1,ua_0029|Bend|1574115504,5f7b7f37825728ac898486568f132debd18444082fb69ff02aa6f846e3a36953
tasks/known_people_unknown_freq/dataset/train/24GHz/Bend/01080029_1574115523_Spec.png,24GHz,Bend,1,ua_0029,01080029_1574115523_Spec.png,dataset/train/24GHz/Bend/01080029_1574115523_Spec.png,train,train,1,ua_0029|Bend|1574115523,b708125770eca7346e673ab787590ef6001b614088bc478598dc12db2bdb056b
tasks/known_people_unknown_freq/dataset/train/24GHz/Bend/01080029_1574115541_Spec.png,24GHz,Bend,1,ua_0029,01080029_1574115541_Spec.png,dataset/train/24GHz/Bend/01080029_1574115541_Spec.png,train,train,1,ua_0029|Bend|1574115541,c44afc068907b0c11aeafca238a73c20c029d6ab99c91ecbc1327c57a6bfd64d
tasks/known_people_unknown_freq/dataset/train/24GHz/Bend/01080029_1574115561_Spec.png,24GHz,Bend,1,ua_0029,01080029_1574115561_Spec.png,dataset/train/24GHz/Bend/01080029_1574115561_Spec.png,train,train,1,ua_0029|Bend|1574115561,8d053b42c2ee6f6e35242d35a072a04df902c1e732e27a1d36a7b85278f49173
tasks/known_people_unknown_freq/dataset/train/24GHz/Bend/01080029_1574115580_Spec.png,24GHz,Bend,1,ua_0029,01080029_1574115580_Spec.png,dataset/train/24GHz/Bend/01080029_1574115580_Spec.png,train,train,1,ua_0029|Bend|1574115580,c23c0d731049bea9c4b4561695138787de6895f138b3ba19b00956c08c4f12ba
tasks/known_people_unknown_freq/dataset/train/24GHz/Bend/01080029_1574115601_Spec.png,24GHz,Bend,1,ua_0029,01080029_1574115601_Spec.png,dataset/train/24GHz/Bend/01080029_1574115601_Spec.png,train,train,1,ua_0029|Bend|1574115601,97fa42b2d187e927ab80472f97d14d7429d080d0854bf068bbe2ffed960d9900
tasks/known_people_unknown_freq/dataset/train/24GHz/Bend/01080029_1574115619_Spec.png,24GHz,Bend,1,ua_0029,01080029_1574115619_Spec.png,dataset/train/24GHz/Bend/01080029_1574115619_Spec.png,train,train,1,ua_0029|Bend|1574115619,1afae10df519685f8aebe6407966e6633e3603184598343aa0719730a50359d4
tasks/known_people_unknown_freq/dataset/train/24GHz/Bend/01080029_1574627811_Spec.png,24GHz,Bend,1,ua_0029,01080029_1574627811_Spec.png,dataset/train/24GHz/Bend/01080029_1574627811_Spec.png,train,train,1,ua_0029|Bend|1574627811,af1a6fb122c343765778a4b1d2b707f94246182d1571218d8cf9aaea74c92377
tasks/known_people_unknown_freq/dataset/train/24GHz/Bend/01080029_1574627830_Spec.png,24GHz,Bend,1,ua_0029,01080029_1574627830_Spec.png,dataset/train/24GHz/Bend/01080029_1574627830_Spec.png,train,train,1,ua_0029|Bend|1574627830,9016303892695179b4f522454afc636e775e34fe7e33e6bcec88d5d38b9c22bf
tasks/known_people_unknown_freq/dataset/train/24GHz/Bend/01080029_1574627848_Spec.png,24GHz,Bend,1,ua_0029,01080029_1574627848_Spec.png,dataset/train/24GHz/Bend/01080029_1574627848_Spec.png,train,train,1,ua_0029|Bend|1574627848,d8b82d1c7e4a8a89774122506466da4db43bc31f6764fbabd6e6ad3af0ac893e
tasks/known_people_unknown_freq/dataset/train/24GHz/Bend/01080029_1574627935_Spec.png,24GHz,Bend,1,ua_0029,01080029_1574627935_Spec.png,dataset/train/24GHz/Bend/01080029_1574627935_Spec.png,train,train,1,ua_0029|Bend|1574627935,1da2d670bfeffbe7138cc8eba85dcb863ce6dffd4d0b3df3bea166074c24c731
tasks/known_people_unknown_freq/dataset/train/24GHz/Bend/01080029_1574627986_Spec.png,24GHz,Bend,1,ua_0029,01080029_1574627986_Spec.png,dataset/train/24GHz/Bend/01080029_1574627986_Spec.png,train,train,1,ua_0029|Bend|1574627986,5d29f122ad79b2b4bf4553d68f1afb94f58ba0c475a80bfb2599d79a4c41df98
tasks/known_people_unknown_freq/dataset/train/24GHz/Bend/01080029_1574628024_Spec.png,24GHz,Bend,1,ua_0029,01080029_1574628024_Spec.png,dataset/train/24GHz/Bend/01080029_1574628024_Spec.png,train,train,1,ua_0029|Bend|1574628024,b281594f2f9ff400f4d97e4f179b9157acea36e7c68629103a1dd83ff3fbc841
tasks/known_people_unknown_freq/dataset/train/24GHz/Bend/01080029_1574628042_Spec.png,24GHz,Bend,1,ua_0029,01080029_1574628042_Spec.png,dataset/train/24GHz/Bend/01080029_1574628042_Spec.png,train,train,1,ua_0029|Bend|1574628042,e545a4a81a44ad0fd6079c6c6ff20ec50c978438f3495a6b58516a43e431436e
tasks/known_people_unknown_freq/dataset/train/24GHz/Bend/01080029_1574628060_Spec.png,24GHz,Bend,1,ua_0029,01080029_1574628060_Spec.png,dataset/train/24GHz/Bend/01080029_1574628060_Spec.png,train,train,1,ua_0029|Bend|1574628060,d69b1e54a138c192c32208d39dcfc4236ffe296ff8f8996ec29e411e91caeba7
tasks/known_people_unknown_freq/dataset/train/24GHz/Bend/01080030_1574194651_Spec.png,24GHz,Bend,1,ua_0030,01080030_1574194651_Spec.png,dataset/val/24GHz/Bend/01080030_1574194651_Spec.png,val,train,1,ua_0030|Bend|1574194651,3766b3cb77e00124b4c1466ca4c9f77bae4633a8c74c9ea15eb0eb6b543d49b9
tasks/known_people_unknown_freq/dataset/train/24GHz/Bend/01080030_1574194692_Spec.png,24GHz,Bend,1,ua_0030,01080030_1574194692_Spec.png,dataset/val/24GHz/Bend/01080030_1574194692_Spec.png,val,train,1,ua_0030|Bend|1574194692,ab431769b35ce68822a8771b071a0547f50e683a8b08e7af0c9b29db1dec8295
tasks/known_people_unknown_freq/dataset/train/24GHz/Bend/01080030_1574194941_Spec.png,24GHz,Bend,1,ua_0030,01080030_1574194941_Spec.png,dataset/val/24GHz/Bend/01080030_1574194941_Spec.png,val,train,1,ua_0030|Bend|1574194941,2870fee0da1ff20b9e92786c064d58a8388030e5a9511278d30ddca0c180d7fa
tasks/known_people_unknown_freq/dataset/train/24GHz/Bend/01080030_1574194962_Spec.png,24GHz,Bend,1,ua_0030,01080030_1574194962_Spec.png,dataset/val/24GHz/Bend/01080030_1574194962_Spec.png,val,train,1,ua_0030|Bend|1574194962,18e2bc992a4220f003c44af1f44e1232c4ba648ba4def6e55896dfdc315efc96
tasks/known_people_unknown_freq/dataset/train/24GHz/Bend/01080030_1574194982_Spec.png,24GHz,Bend,1,ua_0030,01080030_1574194982_Spec.png,dataset/val/24GHz/Bend/01080030_1574194982_Spec.png,val,train,1,ua_0030|Bend|1574194982,51318d4a54a20cf6db509fc01d3a217a5bfe674adadde66e0aaeb5c1db7ee700
tasks/known_people_unknown_freq/dataset/train/24GHz/Bend/01080030_1574195000_Spec.png,24GHz,Bend,1,ua_0030,01080030_1574195000_Spec.png,dataset/val/24GHz/Bend/01080030_1574195000_Spec.png,val,train,1,ua_0030|Bend|1574195000,e5eb959c2e1835d0b975b43646033616543bd8295e582fdfdf42601804057f32
tasks/known_people_unknown_freq/dataset/train/24GHz/Bend/01080030_1574195019_Spec.png,24GHz,Bend,1,ua_0030,01080030_1574195019_Spec.png,dataset/val/24GHz/Bend/01080030_1574195019_Spec.png,val,train,1,ua_0030|Bend|1574195019,5c2ce1d3c709d730a60fd4575ae30c7f9a5aa5d39c1278a13930e3b002595bca
tasks/known_people_unknown_freq/dataset/train/24GHz/Bend/01080030_1574195038_Spec.png,24GHz,Bend,1,ua_0030,01080030_1574195038_Spec.png,dataset/val/24GHz/Bend/01080030_1574195038_Spec.png,val,train,1,ua_0030|Bend|1574195038,1459f42a982ad793574ea6942012d346218704b320e0402285f19d060ce0b346
tasks/known_people_unknown_freq/dataset/train/24GHz/Bend/01080030_1574457972_Spec.png,24GHz,Bend,1,ua_0030,01080030_1574457972_Spec.png,dataset/val/24GHz/Bend/01080030_1574457972_Spec.png,val,train,1,ua_0030|Bend|1574457972,76415c71c1762bde9ab9de42e101afb85831743a19fb02948e405073095c8eb6
tasks/known_people_unknown_freq/dataset/train/24GHz/Bend/01080030_1574457991_Spec.png,24GHz,Bend,1,ua_0030,01080030_1574457991_Spec.png,dataset/val/24GHz/Bend/01080030_1574457991_Spec.png,val,train,1,ua_0030|Bend|1574457991,abf511322c47bdf8a67f008c150f867f373869795031ec318593b17b395961f4
tasks/known_people_unknown_freq/dataset/train/24GHz/Bend/01080030_1574458043_Spec.png,24GHz,Bend,1,ua_0030,01080030_1574458043_Spec.png,dataset/val/24GHz/Bend/01080030_1574458043_Spec.png,val,train,1,ua_0030|Bend|1574458043,9e0436fbb7aa6c6d5ed4b922fcf5d57a9a4958b2209e7b36f7aceaca3ca857f7
tasks/known_people_unknown_freq/dataset/train/24GHz/Bend/01080030_1574458060_Spec.png,24GHz,Bend,1,ua_0030,01080030_1574458060_Spec.png,dataset/val/24GHz/Bend/01080030_1574458060_Spec.png,val,train,1,ua_0030|Bend|1574458060,279c39228ebed2028d088ad46a442902630722fdc0b7053d7ea3b1b733883300
tasks/known_people_unknown_freq/dataset/train/24GHz/Bend/01080030_1574458078_Spec.png,24GHz,Bend,1,ua_0030,01080030_1574458078_Spec.png,dataset/val/24GHz/Bend/01080030_1574458078_Spec.png,val,train,1,ua_0030|Bend|1574458078,cd87142615e71cbd2977a217f41adad1f052cf8a5723eec91a0ba2f7e76b27fd
tasks/known_people_unknown_freq/dataset/train/24GHz/Bend/01080030_1574458096_Spec.png,24GHz,Bend,1,ua_0030,01080030_1574458096_Spec.png,dataset/val/24GHz/Bend/01080030_1574458096_Spec.png,val,train,1,ua_0030|Bend|1574458096,121c761c40160e8e2ac126199567d8ab9933ae72c0047f03c1236be7622688a9
tasks/known_people_unknown_freq/dataset/train/24GHz/Bend/01080030_1574458114_Spec.png,24GHz,Bend,1,ua_0030,01080030_1574458114_Spec.png,dataset/val/24GHz/Bend/01080030_1574458114_Spec.png,val,train,1,ua_0030|Bend|1574458114,ca3ed1f5a7b6343d7120d468176e88f2ebbd37ebb843c36811db61e8295731f3
tasks/known_people_unknown_freq/dataset/train/24GHz/Bend/01080030_1574458139_Spec.png,24GHz,Bend,1,ua_0030,01080030_1574458139_Spec.png,dataset/val/24GHz/Bend/01080030_1574458139_Spec.png,val,train,1,ua_0030|Bend|1574458139,93ac91d5a4766f8d57570d296d6df8a128aa0afeacf982c6a6afd8cb7d6d7b56
tasks/known_people_unknown_freq/dataset/train/24GHz/Bend/01080030_1574458157_Spec.png,24GHz,Bend,1,ua_0030,01080030_1574458157_Spec.png,dataset/val/24GHz/Bend/01080030_1574458157_Spec.png,val,train,1,ua_0030|Bend|1574458157,799b4cecf248e32ff8b6a9e7c64821e85152da042761c7709027a426afac882b
tasks/known_people_unknown_freq/dataset/train/24GHz/Kneel/01100010_1573838384_Spec.png,24GHz,Kneel,2,ua_0010,01100010_1573838384_Spec.png,dataset/train/24GHz/Kneel/01100010_1573838384_Spec.png,train,train,3,ua_0010|Kneel|1573838384,0b2cbba765431bf1e6748f69c938e36f6f4c85845b56d5070491120bd3c4b01e
tasks/known_people_unknown_freq/dataset/train/24GHz/Kneel/01100010_1573838410_Spec.png,24GHz,Kneel,2,ua_0010,01100010_1573838410_Spec.png,dataset/train/24GHz/Kneel/01100010_1573838410_Spec.png,train,train,3,ua_0010|Kneel|1573838410,f5c48e905e3f20bcd6c182bd792de39692d9c5de5cb37df51dbcc884303316d5
tasks/known_people_unknown_freq/dataset/train/24GHz/Kneel/01100010_1573838430_Spec.png,24GHz,Kneel,2,ua_0010,01100010_1573838430_Spec.png,dataset/train/24GHz/Kneel/01100010_1573838430_Spec.png,train,train,3,ua_0010|Kneel|1573838430,b0c6c5c8f49376b330ccbf12d3a836ba937c095b96871eff59063e0380924254
tasks/known_people_unknown_freq/dataset/train/24GHz/Kneel/01100010_1573838448_Spec.png,24GHz,Kneel,2,ua_0010,01100010_1573838448_Spec.png,dataset/train/24GHz/Kneel/01100010_1573838448_Spec.png,train,train,3,ua_0010|Kneel|1573838448,bc009e998b71ed0adc5d0f18000279e5e295709dcc327860f1b30ff4fe7ae99b
tasks/known_people_unknown_freq/dataset/train/24GHz/Kneel/01100010_1573838467_Spec.png,24GHz,Kneel,2,ua_0010,01100010_1573838467_Spec.png,dataset/train/24GHz/Kneel/01100010_1573838467_Spec.png,train,train,3,ua_0010|Kneel|1573838467,e89a4730be5142af4a39204e57a66e114fa50c8c1d96cbdde02962084b15c654
tasks/known_people_unknown_freq/dataset/train/24GHz/Kneel/01100010_1573838489_Spec.png,24GHz,Kneel,2,ua_0010,01100010_1573838489_Spec.png,dataset/train/24GHz/Kneel/01100010_1573838489_Spec.png,train,train,3,ua_0010|Kneel|1573838489,c10ed5ef2ecb502c1d1bbfb435be8aac20ac59c9c7653bc8149bcbaebf25b4d7
tasks/known_people_unknown_freq/dataset/train/24GHz/Kneel/01100010_1573838508_Spec.png,24GHz,Kneel,2,ua_0010,01100010_1573838508_Spec.png,dataset/train/24GHz/Kneel/01100010_1573838508_Spec.png,train,train,3,ua_0010|Kneel|1573838508,2f5e19b0a4e465b275ca1f211628e3f64918a82347a0b67b2873d7e241d3d926
tasks/known_people_unknown_freq/dataset/train/24GHz/Kneel/01100010_1573838526_Spec.png,24GHz,Kneel,2,ua_0010,01100010_1573838526_Spec.png,dataset/train/24GHz/Kneel/01100010_1573838526_Spec.png,train,train,3,ua_0010|Kneel|1573838526,c30d32881b8c9a1a60dec3538e749d8c4c305740bfcb1354bd8dd0814a9642b1
tasks/known_people_unknown_freq/dataset/train/24GHz/Kneel/01100010_1573838544_Spec.png,24GHz,Kneel,2,ua_0010,01100010_1573838544_Spec.png,dataset/train/24GHz/Kneel/01100010_1573838544_Spec.png,train,train,3,ua_0010|Kneel|1573838544,78245aa851ba53bf7fb6faf7421fbafc1b35c66b4e907dfd2646e89ea5a026cb
tasks/known_people_unknown_freq/dataset/train/24GHz/Kneel/01100010_1573838603_Spec.png,24GHz,Kneel,2,ua_0010,01100010_1573838603_Spec.png,dataset/train/24GHz/Kneel/01100010_1573838603_Spec.png,train,train,3,ua_0010|Kneel|1573838603,7d3b7ec822c80324be24576c8675241e6e06959dc0f5b668cbc537958b1a1ae0
tasks/known_people_unknown_freq/dataset/train/24GHz/Kneel/01100014_1574698031_Spec.png,24GHz,Kneel,2,ua_0014,01100014_1574698031_Spec.png,dataset/train/24GHz/Kneel/01100014_1574698031_Spec.png,train,train,3,ua_0014|Kneel|1574698031,1306c58d86e577fc3ac9d195fbe628082be8f6789649b468a19f9e2ae22d77a9
tasks/known_people_unknown_freq/dataset/train/24GHz/Kneel/01100014_1574698067_Spec.png,24GHz,Kneel,2,ua_0014,01100014_1574698067_Spec.png,dataset/train/24GHz/Kneel/01100014_1574698067_Spec.png,train,train,3,ua_0014|Kneel|1574698067,a95ba94dbc038df0dc16133f7935880630e4be78e59217a41ae8302c0bed3ba1
tasks/known_people_unknown_freq/dataset/train/24GHz/Kneel/01100014_1574698089_Spec.png,24GHz,Kneel,2,ua_0014,01100014_1574698089_Spec.png,dataset/train/24GHz/Kneel/01100014_1574698089_Spec.png,train,train,3,ua_0014|Kneel|1574698089,b45cb8da0c68993c4a35a86bfc5ea00c2cdcddd045defb26f0a0c007b1db1273
tasks/known_people_unknown_freq/dataset/train/24GHz/Kneel/01100014_1574698108_Spec.png,24GHz,Kneel,2,ua_0014,01100014_1574698108_Spec.png,dataset/train/24GHz/Kneel/01100014_1574698108_Spec.png,train,train,3,ua_0014|Kneel|1574698108,1e6074d2acb799dcf6ba12ec82d66ed0aa472df930f54f6178e52b0c4163055b
tasks/known_people_unknown_freq/dataset/train/24GHz/Kneel/01100014_1574698127_Spec.png,24GHz,Kneel,2,ua_0014,01100014_1574698127_Spec.png,dataset/train/24GHz/Kneel/01100014_1574698127_Spec.png,train,train,3,ua_0014|Kneel|1574698127,16dd17743c1b03b4ff80772b0ef2f0e4887f30184186d4545eac6fdccc083bc5
tasks/known_people_unknown_freq/dataset/train/24GHz/Kneel/01100014_1574698165_Spec.png,24GHz,Kneel,2,ua_0014,01100014_1574698165_Spec.png,dataset/train/24GHz/Kneel/01100014_1574698165_Spec.png,train,train,3,ua_0014|Kneel|1574698165,6aa39b1638577f1843b11eeaa2dcf3c0da0aff7ce928d6be24215c051a9489be
tasks/known_people_unknown_freq/dataset/train/24GHz/Kneel/01100014_1574698185_Spec.png,24GHz,Kneel,2,ua_0014,01100014_1574698185_Spec.png,dataset/train/24GHz/Kneel/01100014_1574698185_Spec.png,train,train,3,ua_0014|Kneel|1574698185,b2d30ce9925d59be0eab79b7856def493bfa98b0adc284bcc45e5781599028c3
tasks/known_people_unknown_freq/dataset/train/24GHz/Kneel/01100014_1574698222_Spec.png,24GHz,Kneel,2,ua_0014,01100014_1574698222_Spec.png,dataset/train/24GHz/Kneel/01100014_1574698222_Spec.png,train,train,3,ua_0014|Kneel|1574698222,8e11f6436af8bf15642056465bd5557b24101c8e8e31970b63002b7b36413649
tasks/known_people_unknown_freq/dataset/train/24GHz/Kneel/01100029_1574115983_Spec.png,24GHz,Kneel,2,ua_0029,01100029_1574115983_Spec.png,dataset/train/24GHz/Kneel/01100029_1574115983_Spec.png,train,train,3,ua_0029|Kneel|1574115983,4faac8bafdb12c748518364735a40a79af349fc68dd60df883b02ba44cf14065
tasks/known_people_unknown_freq/dataset/train/24GHz/Kneel/01100029_1574116001_Spec.png,24GHz,Kneel,2,ua_0029,01100029_1574116001_Spec.png,dataset/train/24GHz/Kneel/01100029_1574116001_Spec.png,train,train,3,ua_0029|Kneel|1574116001,9b4677275e958464f4f878ec48b261113e564e084d91e5b72358f172fa93f5ee
tasks/known_people_unknown_freq/dataset/train/24GHz/Kneel/01100029_1574116027_Spec.png,24GHz,Kneel,2,ua_0029,01100029_1574116027_Spec.png,dataset/train/24GHz/Kneel/01100029_1574116027_Spec.png,train,train,3,ua_0029|Kneel|1574116027,430172aad967653984f3e109b7a88f3b2a1d2a8e18718080257bbfa25ec57255
tasks/known_people_unknown_freq/dataset/train/24GHz/Kneel/01100029_1574116046_Spec.png,24GHz,Kneel,2,ua_0029,01100029_1574116046_Spec.png,dataset/train/24GHz/Kneel/01100029_1574116046_Spec.png,train,train,3,ua_0029|Kneel|1574116046,362c6c0a35373a70cbc67338480516aa246aae5582ef62db59eb1fa8d43096e8
tasks/known_people_unknown_freq/dataset/train/24GHz/Kneel/01100029_1574116083_Spec.png,24GHz,Kneel,2,ua_0029,01100029_1574116083_Spec.png,dataset/train/24GHz/Kneel/01100029_1574116083_Spec.png,train,train,3,ua_0029|Kneel|1574116083,805002dbfdf0f94f34f25baebc89d2c5dc5bef11b04d2025980f4ef7f6657861
tasks/known_people_unknown_freq/dataset/train/24GHz/Kneel/01100029_1574116122_Spec.png,24GHz,Kneel,2,ua_0029,01100029_1574116122_Spec.png,dataset/train/24GHz/Kneel/01100029_1574116122_Spec.png,train,train,3,ua_0029|Kneel|1574116122,f8d38b50016304f2a5ea1c7d1b68f44d651f9bfdf19980ff945446fb23897db7
tasks/known_people_unknown_freq/dataset/train/24GHz/Kneel/01100029_1574116141_Spec.png,24GHz,Kneel,2,ua_0029,01100029_1574116141_Spec.png,dataset/train/24GHz/Kneel/01100029_1574116141_Spec.png,train,train,3,ua_0029|Kneel|1574116141,3c147cf5d5246f97b84a376669e283b13e21a0e617a0eb5c1773720133399b12
tasks/known_people_unknown_freq/dataset/train/24GHz/Kneel/01100029_1574628484_Spec.png,24GHz,Kneel,2,ua_0029,01100029_1574628484_Spec.png,dataset/train/24GHz/Kneel/01100029_1574628484_Spec.png,train,train,3,ua_0029|Kneel|1574628484,ccac8018b5e8d0a968aedaf7f94e337761c30e282e0aacceb837900e4f5f30d3
tasks/known_people_unknown_freq/dataset/train/24GHz/Kneel/01100029_1574628503_Spec.png,24GHz,Kneel,2,ua_0029,01100029_1574628503_Spec.png,dataset/train/24GHz/Kneel/01100029_1574628503_Spec.png,train,train,3,ua_0029|Kneel|1574628503,eb5d5c09313e343a24e8f6a340e4a35d5e245376222d7cb1876ef56187d8b55d
tasks/known_people_unknown_freq/dataset/train/24GHz/Kneel/01100029_1574628522_Spec.png,24GHz,Kneel,2,ua_0029,01100029_1574628522_Spec.png,dataset/train/24GHz/Kneel/01100029_1574628522_Spec.png,train,train,3,ua_0029|Kneel|1574628522,268c97c95a2e928f6624b7cfd26831ca8202a85dce77c2c1bcd0fa0ce100365d
tasks/known_people_unknown_freq/dataset/train/24GHz/Kneel/01100029_1574628560_Spec.png,24GHz,Kneel,2,ua_0029,01100029_1574628560_Spec.png,dataset/train/24GHz/Kneel/01100029_1574628560_Spec.png,train,train,3,ua_0029|Kneel|1574628560,3d9659ef75aba8c2787444457e4acd35239590b4b032c504136cc80cfff0c23b
tasks/known_people_unknown_freq/dataset/train/24GHz/Kneel/01100029_1574628579_Spec.png,24GHz,Kneel,2,ua_0029,01100029_1574628579_Spec.png,dataset/train/24GHz/Kneel/01100029_1574628579_Spec.png,train,train,3,ua_0029|Kneel|1574628579,eda6e2b574ed92b37413deb2eb82d199c90ce840cb2d10f9273ed12e2c18c538
tasks/known_people_unknown_freq/dataset/train/24GHz/Kneel/01100029_1574628598_Spec.png,24GHz,Kneel,2,ua_0029,01100029_1574628598_Spec.png,dataset/train/24GHz/Kneel/01100029_1574628598_Spec.png,train,train,3,ua_0029|Kneel|1574628598,323d6455ce44f4b9101ce93a0a112e3afaffbb3cf206eb6b68f74cde98329b81
tasks/known_people_unknown_freq/dataset/train/24GHz/Kneel/01100029_1574628616_Spec.png,24GHz,Kneel,2,ua_0029,01100029_1574628616_Spec.png,dataset/train/24GHz/Kneel/01100029_1574628616_Spec.png,train,train,3,ua_0029|Kneel|1574628616,45eff5e41a3d3c9c1acd6b5471c4d4055fdebba3e860c94e0e93e9c8bfe03ca7
tasks/known_people_unknown_freq/dataset/train/24GHz/Kneel/01100029_1574628634_Spec.png,24GHz,Kneel,2,ua_0029,01100029_1574628634_Spec.png,dataset/train/24GHz/Kneel/01100029_1574628634_Spec.png,train,train,3,ua_0029|Kneel|1574628634,d06ea0856dc0e07993c16c0ba4e7e910a57b257f6e45e6f466b58c6c2eb1d3a8
tasks/known_people_unknown_freq/dataset/train/24GHz/Kneel/01100029_1574628652_Spec.png,24GHz,Kneel,2,ua_0029,01100029_1574628652_Spec.png,dataset/train/24GHz/Kneel/01100029_1574628652_Spec.png,train,train,3,ua_0029|Kneel|1574628652,3020f2f129aa454d3d04d31a34b1ecc15d44c434a9e9036bdf5f3b154421794e
tasks/known_people_unknown_freq/dataset/train/24GHz/Kneel/01100030_1574195423_Spec.png,24GHz,Kneel,2,ua_0030,01100030_1574195423_Spec.png,dataset/val/24GHz/Kneel/01100030_1574195423_Spec.png,val,train,3,ua_0030|Kneel|1574195423,8c1ed7e6d9d3a953aa67aa14349e097dad031909707a2a54d29854f759bce701
tasks/known_people_unknown_freq/dataset/train/24GHz/Kneel/01100030_1574195442_Spec.png,24GHz,Kneel,2,ua_0030,01100030_1574195442_Spec.png,dataset/val/24GHz/Kneel/01100030_1574195442_Spec.png,val,train,3,ua_0030|Kneel|1574195442,7cbc87c7c995dad039b0db28cc90fdd4623174620b7240d855726e2f2ef1a608
tasks/known_people_unknown_freq/dataset/train/24GHz/Kneel/01100030_1574195462_Spec.png,24GHz,Kneel,2,ua_0030,01100030_1574195462_Spec.png,dataset/val/24GHz/Kneel/01100030_1574195462_Spec.png,val,train,3,ua_0030|Kneel|1574195462,5ad53a05aa47984995240be07f1824432a47a1b79fd4a0b8bd61dd331e0175aa
tasks/known_people_unknown_freq/dataset/train/24GHz/Kneel/01100030_1574195482_Spec.png,24GHz,Kneel,2,ua_0030,01100030_1574195482_Spec.png,dataset/val/24GHz/Kneel/01100030_1574195482_Spec.png,val,train,3,ua_0030|Kneel|1574195482,5fa1e15c9237b1c1a652ebc406b9f34a61e2e50af45123aa9ea5c85dc14c09fa
tasks/known_people_unknown_freq/dataset/train/24GHz/Kneel/01100030_1574195502_Spec.png,24GHz,Kneel,2,ua_0030,01100030_1574195502_Spec.png,dataset/val/24GHz/Kneel/01100030_1574195502_Spec.png,val,train,3,ua_0030|Kneel|1574195502,67a7ddb601c1c59feef205bc8f4e7044dda60b7d1ff6bc34e509b2b5777edf64
tasks/known_people_unknown_freq/dataset/train/24GHz/Kneel/01100030_1574195520_Spec.png,24GHz,Kneel,2,ua_0030,01100030_1574195520_Spec.png,dataset/val/24GHz/Kneel/01100030_1574195520_Spec.png,val,train,3,ua_0030|Kneel|1574195520,5099fec9818e5244b38237383354690a7284f866fa35add4473a697d739d6d7a
tasks/known_people_unknown_freq/dataset/train/24GHz/Kneel/01100030_1574195557_Spec.png,24GHz,Kneel,2,ua_0030,01100030_1574195557_Spec.png,dataset/val/24GHz/Kneel/01100030_1574195557_Spec.png,val,train,3,ua_0030|Kneel|1574195557,7c36c744591c6b9732e4c49c2327bab63332cd38bdbad5d1aaad029697760652
tasks/known_people_unknown_freq/dataset/train/24GHz/Kneel/01100030_1574195578_Spec.png,24GHz,Kneel,2,ua_0030,01100030_1574195578_Spec.png,dataset/val/24GHz/Kneel/01100030_1574195578_Spec.png,val,train,3,ua_0030|Kneel|1574195578,dc9f11543f6ad0feba76d55697b1decdc9964196a1a5fec5c3e9cf7069793bd1
tasks/known_people_unknown_freq/dataset/train/24GHz/Kneel/01100030_1574195802_Spec.png,24GHz,Kneel,2,ua_0030,01100030_1574195802_Spec.png,dataset/val/24GHz/Kneel/01100030_1574195802_Spec.png,val,train,3,ua_0030|Kneel|1574195802,32600786d798ee4068b9f5ced40ddfecb5e76a37c7841e07305b8d5b58d8448d
tasks/known_people_unknown_freq/dataset/train/24GHz/Kneel/01100030_1574195822_Spec.png,24GHz,Kneel,2,ua_0030,01100030_1574195822_Spec.png,dataset/val/24GHz/Kneel/01100030_1574195822_Spec.png,val,train,3,ua_0030|Kneel|1574195822,f1410e11384fa6ff1d80f3d1b611dd51110b5becd5c9a815c7d4752ec8483696
tasks/known_people_unknown_freq/dataset/train/24GHz/Kneel/01100030_1574458850_Spec.png,24GHz,Kneel,2,ua_0030,01100030_1574458850_Spec.png,dataset/val/24GHz/Kneel/01100030_1574458850_Spec.png,val,train,3,ua_0030|Kneel|1574458850,6ce2b06a9fa2b3f494665403b3db524491d7c230fbe7744a724122d2e7fd866a
tasks/known_people_unknown_freq/dataset/train/24GHz/Kneel/01100030_1574458866_Spec.png,24GHz,Kneel,2,ua_0030,01100030_1574458866_Spec.png,dataset/val/24GHz/Kneel/01100030_1574458866_Spec.png,val,train,3,ua_0030|Kneel|1574458866,b58cbcbe20ef3e4615924d3c804b963894f36ff524291dbaf254608e700c2819
tasks/known_people_unknown_freq/dataset/train/24GHz/Kneel/01100030_1574458884_Spec.png,24GHz,Kneel,2,ua_0030,01100030_1574458884_Spec.png,dataset/val/24GHz/Kneel/01100030_1574458884_Spec.png,val,train,3,ua_0030|Kneel|1574458884,522ac7730ba0abd11ef9f488b7e52e457fa376ac1a8fdf03ced8dc5cb99dd4b7
tasks/known_people_unknown_freq/dataset/train/24GHz/Kneel/01100030_1574458902_Spec.png,24GHz,Kneel,2,ua_0030,01100030_1574458902_Spec.png,dataset/val/24GHz/Kneel/01100030_1574458902_Spec.png,val,train,3,ua_0030|Kneel|1574458902,f2f67368ac347184f362ba0e8af4718204ef5015051e3fb49ba040b71f9f353e
tasks/known_people_unknown_freq/dataset/train/24GHz/Kneel/01100030_1574458938_Spec.png,24GHz,Kneel,2,ua_0030,01100030_1574458938_Spec.png,dataset/val/24GHz/Kneel/01100030_1574458938_Spec.png,val,train,3,ua_0030|Kneel|1574458938,d79f51ebcd8057271aed0101e40111992f8093c8e6ae2063559950907fbf889e
tasks/known_people_unknown_freq/dataset/train/24GHz/Kneel/01100030_1574458974_Spec.png,24GHz,Kneel,2,ua_0030,01100030_1574458974_Spec.png,dataset/val/24GHz/Kneel/01100030_1574458974_Spec.png,val,train,3,ua_0030|Kneel|1574458974,87325d434389e8da624db88186763b592615aa41c0e1d057a213cca03f9abb98
tasks/known_people_unknown_freq/dataset/train/24GHz/Kneel/01100030_1574458991_Spec.png,24GHz,Kneel,2,ua_0030,01100030_1574458991_Spec.png,dataset/val/24GHz/Kneel/01100030_1574458991_Spec.png,val,train,3,ua_0030|Kneel|1574458991,a391ea99e7f34269d1487d5b975a8de2b3b26770f59639f01059ffcab0128468
tasks/known_people_unknown_freq/dataset/train/24GHz/Kneel/01100030_1574459016_Spec.png,24GHz,Kneel,2,ua_0030,01100030_1574459016_Spec.png,dataset/val/24GHz/Kneel/01100030_1574459016_Spec.png,val,train,3,ua_0030|Kneel|1574459016,38c18c44c3b5f775dfd2b86916e6ddb38189738ae24122569be9439cdfe8d4e8
tasks/known_people_unknown_freq/dataset/train/24GHz/Pick/01070010_1573837435_Spec.png,24GHz,Pick,3,ua_0010,01070010_1573837435_Spec.png,dataset/train/24GHz/Pick/01070010_1573837435_Spec.png,train,train,5,ua_0010|Pick|1573837435,98ff80cad403225cb72e77a3595e9b68a358a2a5c736f9ca53160f3c23289bf9
tasks/known_people_unknown_freq/dataset/train/24GHz/Pick/01070010_1573837456_Spec.png,24GHz,Pick,3,ua_0010,01070010_1573837456_Spec.png,dataset/train/24GHz/Pick/01070010_1573837456_Spec.png,train,train,5,ua_0010|Pick|1573837456,d1e1052bd803aaafa44173c40296489fbe97dddd1a0a55123c350ba199b7b551
tasks/known_people_unknown_freq/dataset/train/24GHz/Pick/01070010_1573837502_Spec.png,24GHz,Pick,3,ua_0010,01070010_1573837502_Spec.png,dataset/train/24GHz/Pick/01070010_1573837502_Spec.png,train,train,5,ua_0010|Pick|1573837502,98319522c1c5b311df676b58e134c41892c5b4642038cf68f322024c814d0068
tasks/known_people_unknown_freq/dataset/train/24GHz/Pick/01070010_1573837531_Spec.png,24GHz,Pick,3,ua_0010,01070010_1573837531_Spec.png,dataset/train/24GHz/Pick/01070010_1573837531_Spec.png,train,train,5,ua_0010|Pick|1573837531,775c429220ada964804886aa9201294c16c9d63f3b4ae9b1a0af63ebd33cc6d9
tasks/known_people_unknown_freq/dataset/train/24GHz/Pick/01070010_1573837550_Spec.png,24GHz,Pick,3,ua_0010,01070010_1573837550_Spec.png,dataset/train/24GHz/Pick/01070010_1573837550_Spec.png,train,train,5,ua_0010|Pick|1573837550,9238bc08f11389969cc453ba37a48ba5aad57e3efea75ed00d2bbfbca2abe61b
tasks/known_people_unknown_freq/dataset/train/24GHz/Pick/01070010_1573837573_Spec.png,24GHz,Pick,3,ua_0010,01070010_1573837573_Spec.png,dataset/train/24GHz/Pick/01070010_1573837573_Spec.png,train,train,5,ua_0010|Pick|1573837573,372908c02304d36986980ba2986bd86e09d9f4db14b1377f7120b79250e4dcd1
tasks/known_people_unknown_freq/dataset/train/24GHz/Pick/01070010_1573837593_Spec.png,24GHz,Pick,3,ua_0010,01070010_1573837593_Spec.png,dataset/train/24GHz/Pick/01070010_1573837593_Spec.png,train,train,5,ua_0010|Pick|1573837593,9a08e1b01e76ba229ea1806c2b926465cbb06faeb700a1f0d81137172732aef7
tasks/known_people_unknown_freq/dataset/train/24GHz/Pick/01070010_1573837622_Spec.png,24GHz,Pick,3,ua_0010,01070010_1573837622_Spec.png,dataset/train/24GHz/Pick/01070010_1573837622_Spec.png,train,train,5,ua_0010|Pick|1573837622,b821d4f85d6bbae36e275ff2474d1d26ea9be81c7b69e62578b270b6b225524d
tasks/known_people_unknown_freq/dataset/train/24GHz/Pick/01070014_1574696560_Spec.png,24GHz,Pick,3,ua_0014,01070014_1574696560_Spec.png,dataset/train/24GHz/Pick/01070014_1574696560_Spec.png,train,train,5,ua_0014|Pick|1574696560,e5d488a5cd1b0683c1b75423e062efa63a2a9b300f8216cc7fa1479ca3e0b266
tasks/known_people_unknown_freq/dataset/train/24GHz/Pick/01070014_1574696618_Spec.png,24GHz,Pick,3,ua_0014,01070014_1574696618_Spec.png,dataset/train/24GHz/Pick/01070014_1574696618_Spec.png,train,train,5,ua_0014|Pick|1574696618,dacf749b4dfde081c8a0e75ab64c357776fbd7110bdbb4c20049ea3584a08d29
tasks/known_people_unknown_freq/dataset/train/24GHz/Pick/01070014_1574696638_Spec.png,24GHz,Pick,3,ua_0014,01070014_1574696638_Spec.png,dataset/train/24GHz/Pick/01070014_1574696638_Spec.png,train,train,5,ua_0014|Pick|1574696638,761218ea83fda96b79e4085835f752a29921d21075d1da2fd80af6b9524f6e39
tasks/known_people_unknown_freq/dataset/train/24GHz/Pick/01070014_1574696667_Spec.png,24GHz,Pick,3,ua_0014,01070014_1574696667_Spec.png,dataset/train/24GHz/Pick/01070014_1574696667_Spec.png,train,train,5,ua_0014|Pick|1574696667,2b07b1a74aac0b4dcc686aeda92d539d0494bc0f5580df18a6f65255a9caac13
tasks/known_people_unknown_freq/dataset/train/24GHz/Pick/01070014_1574696688_Spec.png,24GHz,Pick,3,ua_0014,01070014_1574696688_Spec.png,dataset/train/24GHz/Pick/01070014_1574696688_Spec.png,train,train,5,ua_0014|Pick|1574696688,deeed0ac30c27e115a19abfb6b75d681a44ff4624a455c4534d3d7b70046ac8f
tasks/known_people_unknown_freq/dataset/train/24GHz/Pick/01070014_1574696706_Spec.png,24GHz,Pick,3,ua_0014,01070014_1574696706_Spec.png,dataset/train/24GHz/Pick/01070014_1574696706_Spec.png,train,train,5,ua_0014|Pick|1574696706,edaa375bb5f7feaca66d452a9ace5c07db6365f80ee56610c2d5fafe40cada99
tasks/known_people_unknown_freq/dataset/train/24GHz/Pick/01070014_1574696727_Spec.png,24GHz,Pick,3,ua_0014,01070014_1574696727_Spec.png,dataset/train/24GHz/Pick/01070014_1574696727_Spec.png,train,train,5,ua_0014|Pick|1574696727,e66c871aff94e3a6d310cc46d205e2ad412f4f770489a1676bf121e2713b515f
tasks/known_people_unknown_freq/dataset/train/24GHz/Pick/01070029_1574115158_Spec.png,24GHz,Pick,3,ua_0029,01070029_1574115158_Spec.png,dataset/train/24GHz/Pick/01070029_1574115158_Spec.png,train,train,5,ua_0029|Pick|1574115158,b443f06747c92842d06975463e76ee030c2a16416c5e7015638043461846f212
tasks/known_people_unknown_freq/dataset/train/24GHz/Pick/01070029_1574115196_Spec.png,24GHz,Pick,3,ua_0029,01070029_1574115196_Spec.png,dataset/train/24GHz/Pick/01070029_1574115196_Spec.png,train,train,5,ua_0029|Pick|1574115196,4158bd43b043fce3059d588d1d5f05d437324c1fcf8d710b7cea234288fb3196
tasks/known_people_unknown_freq/dataset/train/24GHz/Pick/01070029_1574115220_Spec.png,24GHz,Pick,3,ua_0029,01070029_1574115220_Spec.png,dataset/train/24GHz/Pick/01070029_1574115220_Spec.png,train,train,5,ua_0029|Pick|1574115220,f77963bcdd0aaf6cb6119cd4f2c8d7730f24e5a720124ae7a5717461cae404d2
tasks/known_people_unknown_freq/dataset/train/24GHz/Pick/01070029_1574115244_Spec.png,24GHz,Pick,3,ua_0029,01070029_1574115244_Spec.png,dataset/train/24GHz/Pick/01070029_1574115244_Spec.png,train,train,5,ua_0029|Pick|1574115244,a9c6538e069f13b4f47853e7d53fa19115d39b02f7a57bb1c4df5b828f9b2c5c
tasks/known_people_unknown_freq/dataset/train/24GHz/Pick/01070029_1574115263_Spec.png,24GHz,Pick,3,ua_0029,01070029_1574115263_Spec.png,dataset/train/24GHz/Pick/01070029_1574115263_Spec.png,train,train,5,ua_0029|Pick|1574115263,65279cbb057ff046368ff9f8ac6ebcee93b3e1cc8107a7b5af4a48d80a947cc1
tasks/known_people_unknown_freq/dataset/train/24GHz/Pick/01070029_1574115281_Spec.png,24GHz,Pick,3,ua_0029,01070029_1574115281_Spec.png,dataset/train/24GHz/Pick/01070029_1574115281_Spec.png,train,train,5,ua_0029|Pick|1574115281,40ff4e4f30a53581a5eec37ccfb76e6f249aefd0814f62bece999e094b4663f8
tasks/known_people_unknown_freq/dataset/train/24GHz/Pick/01070029_1574115399_Spec.png,24GHz,Pick,3,ua_0029,01070029_1574115399_Spec.png,dataset/train/24GHz/Pick/01070029_1574115399_Spec.png,train,train,5,ua_0029|Pick|1574115399,b49d7fe04f0dbf4b498f528b44d609aebf108bd799123102e8fd0f080e28fdd7
tasks/known_people_unknown_freq/dataset/train/24GHz/Pick/01070029_1574627323_Spec.png,24GHz,Pick,3,ua_0029,01070029_1574627323_Spec.png,dataset/train/24GHz/Pick/01070029_1574627323_Spec.png,train,train,5,ua_0029|Pick|1574627323,e3478a767ff0084a91b1e0436b7a0d093593a58875c87e3c24a88130eb4ecfc1
tasks/known_people_unknown_freq/dataset/train/24GHz/Pick/01070029_1574627347_Spec.png,24GHz,Pick,3,ua_0029,01070029_1574627347_Spec.png,dataset/train/24GHz/Pick/01070029_1574627347_Spec.png,train,train,5,ua_0029|Pick|1574627347,b0242f7ea831a1d3f75a1fd23d104b3ad6bd4415ac1ee46187cc316924e5c9e5
tasks/known_people_unknown_freq/dataset/train/24GHz/Pick/01070029_1574627368_Spec.png,24GHz,Pick,3,ua_0029,01070029_1574627368_Spec.png,dataset/train/24GHz/Pick/01070029_1574627368_Spec.png,train,train,5,ua_0029|Pick|1574627368,807ba447536621dac1e050880472c987729577e53a7586cbfdc60bd7b924998b
tasks/known_people_unknown_freq/dataset/train/24GHz/Pick/01070029_1574627388_Spec.png,24GHz,Pick,3,ua_0029,01070029_1574627388_Spec.png,dataset/train/24GHz/Pick/01070029_1574627388_Spec.png,train,train,5,ua_0029|Pick|1574627388,bd2c69cfd074a6672f6cd977055c81b01697b7e6da5a816aa80eba21c1862597
tasks/known_people_unknown_freq/dataset/train/24GHz/Pick/01070029_1574627633_Spec.png,24GHz,Pick,3,ua_0029,01070029_1574627633_Spec.png,dataset/train/24GHz/Pick/01070029_1574627633_Spec.png,train,train,5,ua_0029|Pick|1574627633,9aac3a121b24cf7004f4cbbfcf30c9e2b253b2339ddbe49358cd001718cae54f
tasks/known_people_unknown_freq/dataset/train/24GHz/Pick/01070029_1574627654_Spec.png,24GHz,Pick,3,ua_0029,01070029_1574627654_Spec.png,dataset/train/24GHz/Pick/01070029_1574627654_Spec.png,train,train,5,ua_0029|Pick|1574627654,10704e962a6c2330fb26fe1ca2ad6075c175b0cf4f4c2e8fab386db042ef67d8
tasks/known_people_unknown_freq/dataset/train/24GHz/Pick/01070029_1574627723_Spec.png,24GHz,Pick,3,ua_0029,01070029_1574627723_Spec.png,dataset/train/24GHz/Pick/01070029_1574627723_Spec.png,train,train,5,ua_0029|Pick|1574627723,30219c53be46ba48ad9d8092effb9a96d5244b52045c78aa4fed7c4e43b41071
tasks/known_people_unknown_freq/dataset/train/24GHz/Pick/01070029_1574627743_Spec.png,24GHz,Pick,3,ua_0029,01070029_1574627743_Spec.png,dataset/train/24GHz/Pick/01070029_1574627743_Spec.png,train,train,5,ua_0029|Pick|1574627743,3caeb4c2b862f3e25a14987ce0a84bd711c5267eba1eeff2f2aa1cfa1538ef15
tasks/known_people_unknown_freq/dataset/train/24GHz/Pick/01070029_1574627762_Spec.png,24GHz,Pick,3,ua_0029,01070029_1574627762_Spec.png,dataset/train/24GHz/Pick/01070029_1574627762_Spec.png,train,train,5,ua_0029|Pick|1574627762,feab6a479b1e2c7d1fe030b060872112abb8a73c46998a7b960d0e4d56908fcb
tasks/known_people_unknown_freq/dataset/train/24GHz/Pick/01070030_1574194424_Spec.png,24GHz,Pick,3,ua_0030,01070030_1574194424_Spec.png,dataset/val/24GHz/Pick/01070030_1574194424_Spec.png,val,train,5,ua_0030|Pick|1574194424,ca7aad33227a92f5f1445881cc287b3498753c0992cd5c053d9b61048e51dd7a
tasks/known_people_unknown_freq/dataset/train/24GHz/Pick/01070030_1574194444_Spec.png,24GHz,Pick,3,ua_0030,01070030_1574194444_Spec.png,dataset/val/24GHz/Pick/01070030_1574194444_Spec.png,val,train,5,ua_0030|Pick|1574194444,753f8b369aa9290f559112cfbd3c219083557a0910baa82372b4323ccd27ea8c
tasks/known_people_unknown_freq/dataset/train/24GHz/Pick/01070030_1574194468_Spec.png,24GHz,Pick,3,ua_0030,01070030_1574194468_Spec.png,dataset/val/24GHz/Pick/01070030_1574194468_Spec.png,val,train,5,ua_0030|Pick|1574194468,d60f99938948825385d39d0ae9717097a702c66950ed22e8d4c64214320eb660
tasks/known_people_unknown_freq/dataset/train/24GHz/Pick/01070030_1574194488_Spec.png,24GHz,Pick,3,ua_0030,01070030_1574194488_Spec.png,dataset/val/24GHz/Pick/01070030_1574194488_Spec.png,val,train,5,ua_0030|Pick|1574194488,b169e263f2c49fe51bcb389a22c803b9bc91d71a5cde0532e8ea436df9e5ffbc
tasks/known_people_unknown_freq/dataset/train/24GHz/Pick/01070030_1574194508_Spec.png,24GHz,Pick,3,ua_0030,01070030_1574194508_Spec.png,dataset/val/24GHz/Pick/01070030_1574194508_Spec.png,val,train,5,ua_0030|Pick|1574194508,e326b7bc858644de3e55caef9ab4a7beacc6c628809f4fb081c36295b7354d6d
tasks/known_people_unknown_freq/dataset/train/24GHz/Pick/01070030_1574194528_Spec.png,24GHz,Pick,3,ua_0030,01070030_1574194528_Spec.png,dataset/val/24GHz/Pick/01070030_1574194528_Spec.png,val,train,5,ua_0030|Pick|1574194528,48022592a38fb2e46cebea500813718263e8e0b3fbbc04a7abd00eabf765e308
tasks/known_people_unknown_freq/dataset/train/24GHz/Pick/01070030_1574194547_Spec.png,24GHz,Pick,3,ua_0030,01070030_1574194547_Spec.png,dataset/val/24GHz/Pick/01070030_1574194547_Spec.png,val,train,5,ua_0030|Pick|1574194547,07c36c1c3262f5ac10e59e2f12b417f4e51924e83817b40c117d470f7ca280d2
tasks/known_people_unknown_freq/dataset/train/24GHz/Pick/01070030_1574457169_Spec.png,24GHz,Pick,3,ua_0030,01070030_1574457169_Spec.png,dataset/val/24GHz/Pick/01070030_1574457169_Spec.png,val,train,5,ua_0030|Pick|1574457169,ec1637c19891545d6044d1aacd78cf1ef8092013d75657a534aa152845622ac0
tasks/known_people_unknown_freq/dataset/train/24GHz/Pick/01070030_1574457212_Spec.png,24GHz,Pick,3,ua_0030,01070030_1574457212_Spec.png,dataset/val/24GHz/Pick/01070030_1574457212_Spec.png,val,train,5,ua_0030|Pick|1574457212,1c3b48dc500fa73efd822ff01270def97dbd1e1848619ce73a4bf6513be12ecb
tasks/known_people_unknown_freq/dataset/train/24GHz/Pick/01070030_1574457231_Spec.png,24GHz,Pick,3,ua_0030,01070030_1574457231_Spec.png,dataset/val/24GHz/Pick/01070030_1574457231_Spec.png,val,train,5,ua_0030|Pick|1574457231,3629e8bfd99b924a1e39f08e9bf52f1f4610ac8d870f9ed2a35985c484e83650
tasks/known_people_unknown_freq/dataset/train/24GHz/Pick/01070030_1574457253_Spec.png,24GHz,Pick,3,ua_0030,01070030_1574457253_Spec.png,dataset/val/24GHz/Pick/01070030_1574457253_Spec.png,val,train,5,ua_0030|Pick|1574457253,2083d3a0a7fc7f0ce6ebafebf10c378a0aacd2b661fc8f0ee9bb216c0a8d904b
tasks/known_people_unknown_freq/dataset/train/24GHz/Pick/01070030_1574457274_Spec.png,24GHz,Pick,3,ua_0030,01070030_1574457274_Spec.png,dataset/val/24GHz/Pick/01070030_1574457274_Spec.png,val,train,5,ua_0030|Pick|1574457274,a4a0e0a32f7d55698ecb25bf08700a87000bf8921698063b03fa5b831b90d723
tasks/known_people_unknown_freq/dataset/train/24GHz/Pick/01070030_1574457294_Spec.png,24GHz,Pick,3,ua_0030,01070030_1574457294_Spec.png,dataset/val/24GHz/Pick/01070030_1574457294_Spec.png,val,train,5,ua_0030|Pick|1574457294,9ff96ff6b31b87ea59b94bd4843e6ef29fc230453d90a00a7d0c7b08d0e7ab50
tasks/known_people_unknown_freq/dataset/train/24GHz/Pick/01070030_1574457946_Spec.png,24GHz,Pick,3,ua_0030,01070030_1574457946_Spec.png,dataset/val/24GHz/Pick/01070030_1574457946_Spec.png,val,train,5,ua_0030|Pick|1574457946,2af10e780fbb4a59d232f6ffad08235ec24641f3d5434c14d8a12ca5e46a86e8
tasks/known_people_unknown_freq/dataset/train/24GHz/SStep/01180010_1573840267_Spec.png,24GHz,SStep,4,ua_0010,01180010_1573840267_Spec.png,dataset/train/24GHz/SStep/01180010_1573840267_Spec.png,train,train,6,ua_0010|SStep|1573840267,1e983cd0b7b30c83e647a9f794db9f076b682ed9e6f685508a2e58cc1e493566
tasks/known_people_unknown_freq/dataset/train/24GHz/SStep/01180010_1573840308_Spec.png,24GHz,SStep,4,ua_0010,01180010_1573840308_Spec.png,dataset/train/24GHz/SStep/01180010_1573840308_Spec.png,train,train,6,ua_0010|SStep|1573840308,63e587e79154473b94790861639d89fa591a606ff762310622b4d292024f362a
tasks/known_people_unknown_freq/dataset/train/24GHz/SStep/01180010_1573840335_Spec.png,24GHz,SStep,4,ua_0010,01180010_1573840335_Spec.png,dataset/train/24GHz/SStep/01180010_1573840335_Spec.png,train,train,6,ua_0010|SStep|1573840335,a0d7cc3de939bcc84488be4f9cf14ae245f5e601d82bd3486b25d4c68153dea8
tasks/known_people_unknown_freq/dataset/train/24GHz/SStep/01180010_1573840358_Spec.png,24GHz,SStep,4,ua_0010,01180010_1573840358_Spec.png,dataset/train/24GHz/SStep/01180010_1573840358_Spec.png,train,train,6,ua_0010|SStep|1573840358,6e00ca7d0231eebf65864452a39a52d434423d2d77c55954c09fbd77945645d6
tasks/known_people_unknown_freq/dataset/train/24GHz/SStep/01180010_1573840396_Spec.png,24GHz,SStep,4,ua_0010,01180010_1573840396_Spec.png,dataset/train/24GHz/SStep/01180010_1573840396_Spec.png,train,train,6,ua_0010|SStep|1573840396,9113b1c2469526a31806e57863df1dfa8956a6ed6fd51c1c29a70ed93ca8c29b
tasks/known_people_unknown_freq/dataset/train/24GHz/SStep/01180010_1573840416_Spec.png,24GHz,SStep,4,ua_0010,01180010_1573840416_Spec.png,dataset/train/24GHz/SStep/01180010_1573840416_Spec.png,train,train,6,ua_0010|SStep|1573840416,e6d3f29e6365b4db7c0e1b5eb6f65054ead929fbd0f97e99313954b1292f2448
tasks/known_people_unknown_freq/dataset/train/24GHz/SStep/01180010_1573840458_Spec.png,24GHz,SStep,4,ua_0010,01180010_1573840458_Spec.png,dataset/train/24GHz/SStep/01180010_1573840458_Spec.png,train,train,6,ua_0010|SStep|1573840458,05428ac386613baf32eb1a2c93e797026ff0c474ca0d7f66ac3b086a14fa3930
tasks/known_people_unknown_freq/dataset/train/24GHz/SStep/01180010_1573840477_Spec.png,24GHz,SStep,4,ua_0010,01180010_1573840477_Spec.png,dataset/train/24GHz/SStep/01180010_1573840477_Spec.png,train,train,6,ua_0010|SStep|1573840477,906f37f32daab33b51ca64ed525bc8f260bf18a0981a48cc00e7c349b6917345
tasks/known_people_unknown_freq/dataset/train/24GHz/SStep/01180014_1574699070_Spec.png,24GHz,SStep,4,ua_0014,01180014_1574699070_Spec.png,dataset/train/24GHz/SStep/01180014_1574699070_Spec.png,train,train,6,ua_0014|SStep|1574699070,55f4bebbd1030c65173c0b8b13224bf1e2feb45f9b37025620403e619c8afae4
tasks/known_people_unknown_freq/dataset/train/24GHz/SStep/01180014_1574699126_Spec.png,24GHz,SStep,4,ua_0014,01180014_1574699126_Spec.png,dataset/train/24GHz/SStep/01180014_1574699126_Spec.png,train,train,6,ua_0014|SStep|1574699126,40a5f98c45ecf33a45ecdd36d7bdc29f8066823efb90f3241e9083ef3e8ef08c
tasks/known_people_unknown_freq/dataset/train/24GHz/SStep/01180014_1574699146_Spec.png,24GHz,SStep,4,ua_0014,01180014_1574699146_Spec.png,dataset/train/24GHz/SStep/01180014_1574699146_Spec.png,train,train,6,ua_0014|SStep|1574699146,a97be1040f4b01463ea652a74f58d08f4db8d9c5712cb304de33eaa3991e3eaf
tasks/known_people_unknown_freq/dataset/train/24GHz/SStep/01180014_1574699191_Spec.png,24GHz,SStep,4,ua_0014,01180014_1574699191_Spec.png,dataset/train/24GHz/SStep/01180014_1574699191_Spec.png,train,train,6,ua_0014|SStep|1574699191,ff41dc813c8281e7b62933f32ee33eb5bfef011c9bee83cbfabb820e0846f63a
tasks/known_people_unknown_freq/dataset/train/24GHz/SStep/01180014_1574699211_Spec.png,24GHz,SStep,4,ua_0014,01180014_1574699211_Spec.png,dataset/train/24GHz/SStep/01180014_1574699211_Spec.png,train,train,6,ua_0014|SStep|1574699211,55a62af8d6477eb999a32a4b40444eb820d8ec7e022da949c4e71908a5b327fb
tasks/known_people_unknown_freq/dataset/train/24GHz/SStep/01180014_1574699230_Spec.png,24GHz,SStep,4,ua_0014,01180014_1574699230_Spec.png,dataset/train/24GHz/SStep/01180014_1574699230_Spec.png,train,train,6,ua_0014|SStep|1574699230,abfe0a7a873d1b8ca1aea1eabfa4dcbb41ccf86e108b86722dc7bdff6de69be2
tasks/known_people_unknown_freq/dataset/train/24GHz/SStep/01180014_1574699251_Spec.png,24GHz,SStep,4,ua_0014,01180014_1574699251_Spec.png,dataset/train/24GHz/SStep/01180014_1574699251_Spec.png,train,train,6,ua_0014|SStep|1574699251,ee2884399cae7ff828dab5cf356198ea7490f49f9d4275901dae9599f3014898
tasks/known_people_unknown_freq/dataset/train/24GHz/SStep/01180029_1574117498_Spec.png,24GHz,SStep,4,ua_0029,01180029_1574117498_Spec.png,dataset/train/24GHz/SStep/01180029_1574117498_Spec.png,train,train,6,ua_0029|SStep|1574117498,12c0bf6406e6d330e1e392c527d4ef45c8c61e1b7db3dc1ce463d4841b5827a8
tasks/known_people_unknown_freq/dataset/train/24GHz/SStep/01180029_1574117536_Spec.png,24GHz,SStep,4,ua_0029,01180029_1574117536_Spec.png,dataset/train/24GHz/SStep/01180029_1574117536_Spec.png,train,train,6,ua_0029|SStep|1574117536,a980c7fa354d64f40f131867efd8efad1835314666be245a6d21395fde74753e
tasks/known_people_unknown_freq/dataset/train/24GHz/SStep/01180029_1574117555_Spec.png,24GHz,SStep,4,ua_0029,01180029_1574117555_Spec.png,dataset/train/24GHz/SStep/01180029_1574117555_Spec.png,train,train,6,ua_0029|SStep|1574117555,8e3d89b8c538c607c00121f10a5c7e0ed8dfad65ffe3b0dcb99d4a5f8e570f37
tasks/known_people_unknown_freq/dataset/train/24GHz/SStep/01180029_1574117573_Spec.png,24GHz,SStep,4,ua_0029,01180029_1574117573_Spec.png,dataset/train/24GHz/SStep/01180029_1574117573_Spec.png,train,train,6,ua_0029|SStep|1574117573,234d1462178af3a71b450c68c1d1cb9a6727ff7c26c298fb1b56b4abf8c5b6ec
tasks/known_people_unknown_freq/dataset/train/24GHz/SStep/01180029_1574117627_Spec.png,24GHz,SStep,4,ua_0029,01180029_1574117627_Spec.png,dataset/train/24GHz/SStep/01180029_1574117627_Spec.png,train,train,6,ua_0029|SStep|1574117627,7eb959e30b1255d00e9106550ab00b19edd28653c08d9b44c62b0c4afbb77ad2
tasks/known_people_unknown_freq/dataset/train/24GHz/SStep/01180029_1574117647_Spec.png,24GHz,SStep,4,ua_0029,01180029_1574117647_Spec.png,dataset/train/24GHz/SStep/01180029_1574117647_Spec.png,train,train,6,ua_0029|SStep|1574117647,4ab683c46c75c901b2eec9ef205d11d13d7793ad8dd11ead351ce452386fce4f
tasks/known_people_unknown_freq/dataset/train/24GHz/SStep/01180029_1574117666_Spec.png,24GHz,SStep,4,ua_0029,01180029_1574117666_Spec.png,dataset/train/24GHz/SStep/01180029_1574117666_Spec.png,train,train,6,ua_0029|SStep|1574117666,9bd19ca7b5391f0c6bf2cf41e6c28c544ab56f73e89c4e156b4feeeb7f17a2e5
tasks/known_people_unknown_freq/dataset/train/24GHz/SStep/01180029_1574629378_Spec.png,24GHz,SStep,4,ua_0029,01180029_1574629378_Spec.png,dataset/train/24GHz/SStep/01180029_1574629378_Spec.png,train,train,6,ua_0029|SStep|1574629378,0d7aaaf441705e84a184ad3732c7c538d4c696992b0e71989bf6a610cc253fc0
tasks/known_people_unknown_freq/dataset/train/24GHz/SStep/01180029_1574629397_Spec.png,24GHz,SStep,4,ua_0029,01180029_1574629397_Spec.png,dataset/train/24GHz/SStep/01180029_1574629397_Spec.png,train,train,6,ua_0029|SStep|1574629397,0d5d384503bc988f7ae931e4572a713e2d3215efcc2cdbeb49e2e49272c23fe9
tasks/known_people_unknown_freq/dataset/train/24GHz/SStep/01180029_1574629415_Spec.png,24GHz,SStep,4,ua_0029,01180029_1574629415_Spec.png,dataset/train/24GHz/SStep/01180029_1574629415_Spec.png,train,train,6,ua_0029|SStep|1574629415,f586571563f0abc4f17200176d9f2c50193953bff9756393d9b4b97e59b13f68
tasks/known_people_unknown_freq/dataset/train/24GHz/SStep/01180029_1574629434_Spec.png,24GHz,SStep,4,ua_0029,01180029_1574629434_Spec.png,dataset/train/24GHz/SStep/01180029_1574629434_Spec.png,train,train,6,ua_0029|SStep|1574629434,e6e509cf175f0152a607e8fb5c5f17b97a7cdc6c15472433a72b90499ef14c82
tasks/known_people_unknown_freq/dataset/train/24GHz/SStep/01180029_1574629453_Spec.png,24GHz,SStep,4,ua_0029,01180029_1574629453_Spec.png,dataset/train/24GHz/SStep/01180029_1574629453_Spec.png,train,train,6,ua_0029|SStep|1574629453,3a6f92af226316fba74c384652c8528160e73d5caacc47252ed0765590cc498a
tasks/known_people_unknown_freq/dataset/train/24GHz/SStep/01180029_1574629474_Spec.png,24GHz,SStep,4,ua_0029,01180029_1574629474_Spec.png,dataset/train/24GHz/SStep/01180029_1574629474_Spec.png,train,train,6,ua_0029|SStep|1574629474,b953fe9fa1380d6f687b6cbbb2049f4b2c434427af457838d15f7a4ba158be9c
tasks/known_people_unknown_freq/dataset/train/24GHz/SStep/01180029_1574629493_Spec.png,24GHz,SStep,4,ua_0029,01180029_1574629493_Spec.png,dataset/train/24GHz/SStep/01180029_1574629493_Spec.png,train,train,6,ua_0029|SStep|1574629493,ca116e5f4bad348aa4f4a1e7819ac60ca800a9397771289df00855880f8adc23
tasks/known_people_unknown_freq/dataset/train/24GHz/SStep/01180029_1574629512_Spec.png,24GHz,SStep,4,ua_0029,01180029_1574629512_Spec.png,dataset/train/24GHz/SStep/01180029_1574629512_Spec.png,train,train,6,ua_0029|SStep|1574629512,e2f3cdc3412f77952e782f6662769a6108651cd17e38c7a8d9d0e725075b3f48
tasks/known_people_unknown_freq/dataset/train/24GHz/SStep/01180029_1574629533_Spec.png,24GHz,SStep,4,ua_0029,01180029_1574629533_Spec.png,dataset/train/24GHz/SStep/01180029_1574629533_Spec.png,train,train,6,ua_0029|SStep|1574629533,fb7a773f2565aac81accc7781415ece1ff604a54fce853f07610215177e65013
tasks/known_people_unknown_freq/dataset/train/24GHz/SStep/01180029_1574629552_Spec.png,24GHz,SStep,4,ua_0029,01180029_1574629552_Spec.png,dataset/train/24GHz/SStep/01180029_1574629552_Spec.png,train,train,6,ua_0029|SStep|1574629552,58df792eeb569002ac7b989248f3321075288b1a6198a401a30abf13d79aac02
tasks/known_people_unknown_freq/dataset/train/24GHz/SStep/01180030_1574196864_Spec.png,24GHz,SStep,4,ua_0030,01180030_1574196864_Spec.png,dataset/val/24GHz/SStep/01180030_1574196864_Spec.png,val,train,6,ua_0030|SStep|1574196864,b77e169277ce605fe3a98d41eb52c3d36545313e5b227563e5cde49e6af9a09c
tasks/known_people_unknown_freq/dataset/train/24GHz/SStep/01180030_1574196884_Spec.png,24GHz,SStep,4,ua_0030,01180030_1574196884_Spec.png,dataset/val/24GHz/SStep/01180030_1574196884_Spec.png,val,train,6,ua_0030|SStep|1574196884,8fa556227322af906050bae0ccbcae7ec717c8a5eded2755b3709251d8f75e15
tasks/known_people_unknown_freq/dataset/train/24GHz/SStep/01180030_1574196927_Spec.png,24GHz,SStep,4,ua_0030,01180030_1574196927_Spec.png,dataset/val/24GHz/SStep/01180030_1574196927_Spec.png,val,train,6,ua_0030|SStep|1574196927,a3193aad08335f998516401e5fe3644d8bab146e4e299d7edcc50bdef810bbd0
tasks/known_people_unknown_freq/dataset/train/24GHz/SStep/01180030_1574196950_Spec.png,24GHz,SStep,4,ua_0030,01180030_1574196950_Spec.png,dataset/val/24GHz/SStep/01180030_1574196950_Spec.png,val,train,6,ua_0030|SStep|1574196950,4ea4c06d4dcb3b82b006ce3714b8f10304622dba39f0d6ccb53cf3b95cb93a04
tasks/known_people_unknown_freq/dataset/train/24GHz/SStep/01180030_1574196968_Spec.png,24GHz,SStep,4,ua_0030,01180030_1574196968_Spec.png,dataset/val/24GHz/SStep/01180030_1574196968_Spec.png,val,train,6,ua_0030|SStep|1574196968,cc846ee4953d9edf4672ecd800789a7b529bb90a8c6c4e87b0586de49d8cc964
tasks/known_people_unknown_freq/dataset/train/24GHz/SStep/01180030_1574196992_Spec.png,24GHz,SStep,4,ua_0030,01180030_1574196992_Spec.png,dataset/val/24GHz/SStep/01180030_1574196992_Spec.png,val,train,6,ua_0030|SStep|1574196992,2896732b858e33eba0640b474c67e7980f7198d48b636fc11c6d19f9e381900a
tasks/known_people_unknown_freq/dataset/train/24GHz/SStep/01180030_1574197013_Spec.png,24GHz,SStep,4,ua_0030,01180030_1574197013_Spec.png,dataset/val/24GHz/SStep/01180030_1574197013_Spec.png,val,train,6,ua_0030|SStep|1574197013,58945c474b44eac077b4f5cf9af445845387a3bdf1f102be001afd44af00cf12
tasks/known_people_unknown_freq/dataset/train/24GHz/SStep/01180030_1574197034_Spec.png,24GHz,SStep,4,ua_0030,01180030_1574197034_Spec.png,dataset/val/24GHz/SStep/01180030_1574197034_Spec.png,val,train,6,ua_0030|SStep|1574197034,39bb59a65791a598413bff8fa4b7957fb5a567dff36f0f5cc6b926c50b7e7db4
tasks/known_people_unknown_freq/dataset/train/24GHz/SStep/01180030_1574460138_Spec.png,24GHz,SStep,4,ua_0030,01180030_1574460138_Spec.png,dataset/val/24GHz/SStep/01180030_1574460138_Spec.png,val,train,6,ua_0030|SStep|1574460138,22d5d624ab4143ec41779b01d62404a98f2aa33bcded6a96c320fb8dcb0083aa
tasks/known_people_unknown_freq/dataset/train/24GHz/SStep/01180030_1574460157_Spec.png,24GHz,SStep,4,ua_0030,01180030_1574460157_Spec.png,dataset/val/24GHz/SStep/01180030_1574460157_Spec.png,val,train,6,ua_0030|SStep|1574460157,0fd1f9dfeaefe6039832d94f8aba41df585ccfc166f0fda5f671582c58a5eb99
tasks/known_people_unknown_freq/dataset/train/24GHz/SStep/01180030_1574460179_Spec.png,24GHz,SStep,4,ua_0030,01180030_1574460179_Spec.png,dataset/val/24GHz/SStep/01180030_1574460179_Spec.png,val,train,6,ua_0030|SStep|1574460179,82007e593bc0d064246f6f26bf0416b8ffb91ff2943d863446f467ddd2b29677
tasks/known_people_unknown_freq/dataset/train/24GHz/SStep/01180030_1574460197_Spec.png,24GHz,SStep,4,ua_0030,01180030_1574460197_Spec.png,dataset/val/24GHz/SStep/01180030_1574460197_Spec.png,val,train,6,ua_0030|SStep|1574460197,cf9ea327c0296dead08a78253408a65e007534f20deec4bda352b088e0f8c438
tasks/known_people_unknown_freq/dataset/train/24GHz/SStep/01180030_1574460235_Spec.png,24GHz,SStep,4,ua_0030,01180030_1574460235_Spec.png,dataset/val/24GHz/SStep/01180030_1574460235_Spec.png,val,train,6,ua_0030|SStep|1574460235,231fbef108cde0ae925a0cf2b447057f9a25f378edc5a9ec1676f72ef65a1448
tasks/known_people_unknown_freq/dataset/train/24GHz/SStep/01180030_1574460254_Spec.png,24GHz,SStep,4,ua_0030,01180030_1574460254_Spec.png,dataset/val/24GHz/SStep/01180030_1574460254_Spec.png,val,train,6,ua_0030|SStep|1574460254,e8f3709d1159044b46e44986a3f50dfe9fb7df9f864b879418f6f55dcc25f319
tasks/known_people_unknown_freq/dataset/train/24GHz/SStep/01180030_1574460290_Spec.png,24GHz,SStep,4,ua_0030,01180030_1574460290_Spec.png,dataset/val/24GHz/SStep/01180030_1574460290_Spec.png,val,train,6,ua_0030|SStep|1574460290,59585776a1c4a013c63fda59647219374168764d606051baedd94b2e4b65edde
tasks/known_people_unknown_freq/dataset/train/24GHz/SStep/01180030_1574460680_Spec.png,24GHz,SStep,4,ua_0030,01180030_1574460680_Spec.png,dataset/val/24GHz/SStep/01180030_1574460680_Spec.png,val,train,6,ua_0030|SStep|1574460680,65b068f156e029bfdddfd19fce2c2d7c36f7c972e8e07757984eb70b82101339
tasks/known_people_unknown_freq/dataset/train/24GHz/Sit/01090010_1573837993_Spec.png,24GHz,Sit,5,ua_0010,01090010_1573837993_Spec.png,dataset/train/24GHz/Sit/01090010_1573837993_Spec.png,train,train,8,ua_0010|Sit|1573837993,d0b3685d747779d56f7d8b9c11a06abf74c2da9165b558ca70602cbe924cb09a
tasks/known_people_unknown_freq/dataset/train/24GHz/Sit/01090010_1573838030_Spec.png,24GHz,Sit,5,ua_0010,01090010_1573838030_Spec.png,dataset/train/24GHz/Sit/01090010_1573838030_Spec.png,train,train,8,ua_0010|Sit|1573838030,71bd1296617f81edff794885bd52c5ef271001f931029558c6f502c3b13147ef
tasks/known_people_unknown_freq/dataset/train/24GHz/Sit/01090010_1573838066_Spec.png,24GHz,Sit,5,ua_0010,01090010_1573838066_Spec.png,dataset/train/24GHz/Sit/01090010_1573838066_Spec.png,train,train,8,ua_0010|Sit|1573838066,8c5f185199ccc3aac556814ca3977f743bd914b5d0350cdbc0ed92a8fff843e5
tasks/known_people_unknown_freq/dataset/train/24GHz/Sit/01090010_1573838127_Spec.png,24GHz,Sit,5,ua_0010,01090010_1573838127_Spec.png,dataset/train/24GHz/Sit/01090010_1573838127_Spec.png,train,train,8,ua_0010|Sit|1573838127,a795a07052bc46075930569daed1ea9f778ec8819f4e2be9f435828aa0033808
tasks/known_people_unknown_freq/dataset/train/24GHz/Sit/01090010_1573838157_Spec.png,24GHz,Sit,5,ua_0010,01090010_1573838157_Spec.png,dataset/train/24GHz/Sit/01090010_1573838157_Spec.png,train,train,8,ua_0010|Sit|1573838157,197578c9eecba6c7b09e625292ea61fd0527ed9ad36572728b3ac7db2d8a31d1
tasks/known_people_unknown_freq/dataset/train/24GHz/Sit/01090010_1573838182_Spec.png,24GHz,Sit,5,ua_0010,01090010_1573838182_Spec.png,dataset/train/24GHz/Sit/01090010_1573838182_Spec.png,train,train,8,ua_0010|Sit|1573838182,1923499eaeea896b98f0620d1676c22f57de7f3671fb913def3c9dd9263e06d5
tasks/known_people_unknown_freq/dataset/train/24GHz/Sit/01090010_1573838201_Spec.png,24GHz,Sit,5,ua_0010,01090010_1573838201_Spec.png,dataset/train/24GHz/Sit/01090010_1573838201_Spec.png,train,train,8,ua_0010|Sit|1573838201,7a1d4172698b1f5a0f95de76c0f88008fe3493c86efd7584b685264a5f29f4be
tasks/known_people_unknown_freq/dataset/train/24GHz/Sit/01090010_1573838334_Spec.png,24GHz,Sit,5,ua_0010,01090010_1573838334_Spec.png,dataset/train/24GHz/Sit/01090010_1573838334_Spec.png,train,train,8,ua_0010|Sit|1573838334,6d95b9e283a427764d0c15c8021f0b4bf451ade0be42a2f3d01dc99d05373825
tasks/known_people_unknown_freq/dataset/train/24GHz/Sit/01090014_1574696977_Spec.png,24GHz,Sit,5,ua_0014,01090014_1574696977_Spec.png,dataset/train/24GHz/Sit/01090014_1574696977_Spec.png,train,train,8,ua_0014|Sit|1574696977,421c0d5375c1d8e726610f07606d35b5200ff31f3fe243d052d980cf246fc091
tasks/known_people_unknown_freq/dataset/train/24GHz/Sit/01090014_1574696998_Spec.png,24GHz,Sit,5,ua_0014,01090014_1574696998_Spec.png,dataset/train/24GHz/Sit/01090014_1574696998_Spec.png,train,train,8,ua_0014|Sit|1574696998,360aa9311d2705795496f3d8f0c460058eb345c71d62b75a4b104555e5e298bc
tasks/known_people_unknown_freq/dataset/train/24GHz/Sit/01090014_1574697038_Spec.png,24GHz,Sit,5,ua_0014,01090014_1574697038_Spec.png,dataset/train/24GHz/Sit/01090014_1574697038_Spec.png,train,train,8,ua_0014|Sit|1574697038,0d220bbad846be6cd7212f42582ab5acf9cba6e39507bb290d98755828820744
tasks/known_people_unknown_freq/dataset/train/24GHz/Sit/01090014_1574697058_Spec.png,24GHz,Sit,5,ua_0014,01090014_1574697058_Spec.png,dataset/train/24GHz/Sit/01090014_1574697058_Spec.png,train,train,8,ua_0014|Sit|1574697058,54ba7622b7d9f74f7ebda1df382adfaa998530ce27f4be309e34db0358b4721f
tasks/known_people_unknown_freq/dataset/train/24GHz/Sit/01090014_1574697076_Spec.png,24GHz,Sit,5,ua_0014,01090014_1574697076_Spec.png,dataset/train/24GHz/Sit/01090014_1574697076_Spec.png,train,train,8,ua_0014|Sit|1574697076,baf823a38b78be4cba7ab4e580c7bdf36d6726851d071d1671b662b75f1c3d2f
tasks/known_people_unknown_freq/dataset/train/24GHz/Sit/01090014_1574697390_Spec.png,24GHz,Sit,5,ua_0014,01090014_1574697390_Spec.png,dataset/train/24GHz/Sit/01090014_1574697390_Spec.png,train,train,8,ua_0014|Sit|1574697390,a6ed66bba7d45f92dfad2583d47054705729d1b7d49bc828a2b9718fc12adc56
tasks/known_people_unknown_freq/dataset/train/24GHz/Sit/01090014_1574697454_Spec.png,24GHz,Sit,5,ua_0014,01090014_1574697454_Spec.png,dataset/train/24GHz/Sit/01090014_1574697454_Spec.png,train,train,8,ua_0014|Sit|1574697454,f6a9e85319e32c1894593e9627cd13a63fceb173062184a03eebb8db753d654a
tasks/known_people_unknown_freq/dataset/train/24GHz/Sit/01090014_1574697493_Spec.png,24GHz,Sit,5,ua_0014,01090014_1574697493_Spec.png,dataset/train/24GHz/Sit/01090014_1574697493_Spec.png,train,train,8,ua_0014|Sit|1574697493,f8632701016d9c531a506a18193c4646765205fa41ee7ecd46588108ee882c88
tasks/known_people_unknown_freq/dataset/train/24GHz/Sit/01090014_1574697850_Spec.png,24GHz,Sit,5,ua_0014,01090014_1574697850_Spec.png,dataset/train/24GHz/Sit/01090014_1574697850_Spec.png,train,train,8,ua_0014|Sit|1574697850,c50abcca38a6958d5ef3e907e9c47d6b645f4eb235677e1c01a4e34bb90b0b54
tasks/known_people_unknown_freq/dataset/train/24GHz/Sit/01090014_1574697897_Spec.png,24GHz,Sit,5,ua_0014,01090014_1574697897_Spec.png,dataset/train/24GHz/Sit/01090014_1574697897_Spec.png,train,train,8,ua_0014|Sit|1574697897,dca53fd56792c0dc4e17e38c386587e526da466ecc904f7470d20c137dd8967c
tasks/known_people_unknown_freq/dataset/train/24GHz/Sit/01090014_1574697917_Spec.png,24GHz,Sit,5,ua_0014,01090014_1574697917_Spec.png,dataset/train/24GHz/Sit/01090014_1574697917_Spec.png,train,train,8,ua_0014|Sit|1574697917,373e147cf8097dcca97175f306f834cb51ab4e101f4bc20f93075e002c3e773a
tasks/known_people_unknown_freq/dataset/train/24GHz/Sit/01090014_1574697936_Spec.png,24GHz,Sit,5,ua_0014,01090014_1574697936_Spec.png,dataset/train/24GHz/Sit/01090014_1574697936_Spec.png,train,train,8,ua_0014|Sit|1574697936,e0718cfab9bd1bc5adbdff53c2b3e19e270a18c8c9f5702e8fe61af6884b79d3
tasks/known_people_unknown_freq/dataset/train/24GHz/Sit/01090014_1574697974_Spec.png,24GHz,Sit,5,ua_0014,01090014_1574697974_Spec.png,dataset/train/24GHz/Sit/01090014_1574697974_Spec.png,train,train,8,ua_0014|Sit|1574697974,3c1788a98ff2f2cae6a7203305380251ae8c4ff8c4ceb6db41f67eca88a79340
tasks/known_people_unknown_freq/dataset/train/24GHz/Sit/01090014_1574697993_Spec.png,24GHz,Sit,5,ua_0014,01090014_1574697993_Spec.png,dataset/train/24GHz/Sit/01090014_1574697993_Spec.png,train,train,8,ua_0014|Sit|1574697993,716c54afb03e04a45b8ed6ac766ed3ea69a84c0941eb6abd75affb29936c2c4d
tasks/known_people_unknown_freq/dataset/train/24GHz/Sit/01090029_1574115686_Spec.png,24GHz,Sit,5,ua_0029,01090029_1574115686_Spec.png,dataset/train/24GHz/Sit/01090029_1574115686_Spec.png,train,train,8,ua_0029|Sit|1574115686,e9518e54351440c7211160f4187aef444f02889b68ca0cbc05615cf20e546a73
tasks/known_people_unknown_freq/dataset/train/24GHz/Sit/01090029_1574115706_Spec.png,24GHz,Sit,5,ua_0029,01090029_1574115706_Spec.png,dataset/train/24GHz/Sit/01090029_1574115706_Spec.png,train,train,8,ua_0029|Sit|1574115706,b9122a86adacc6b4277129c10c27918fdddf014613861f96716ac929d2d51259
tasks/known_people_unknown_freq/dataset/train/24GHz/Sit/01090029_1574115726_Spec.png,24GHz,Sit,5,ua_0029,01090029_1574115726_Spec.png,dataset/train/24GHz/Sit/01090029_1574115726_Spec.png,train,train,8,ua_0029|Sit|1574115726,fc830cb9adcda86e22025d3adea6413cd7347933d26edf79061eeabe8e82a6b7
tasks/known_people_unknown_freq/dataset/train/24GHz/Sit/01090029_1574115764_Spec.png,24GHz,Sit,5,ua_0029,01090029_1574115764_Spec.png,dataset/train/24GHz/Sit/01090029_1574115764_Spec.png,train,train,8,ua_0029|Sit|1574115764,0e2184961575afdd2985566dddbd23ce7ce3a5626446df5c38640bdfdad2ca5c
tasks/known_people_unknown_freq/dataset/train/24GHz/Sit/01090029_1574115784_Spec.png,24GHz,Sit,5,ua_0029,01090029_1574115784_Spec.png,dataset/train/24GHz/Sit/01090029_1574115784_Spec.png,train,train,8,ua_0029|Sit|1574115784,1b068bd525bb0dddbb2120364822e41565f01c842bab27a944498170343ff006
tasks/known_people_unknown_freq/dataset/train/24GHz/Sit/01090029_1574115803_Spec.png,24GHz,Sit,5,ua_0029,01090029_1574115803_Spec.png,dataset/train/24GHz/Sit/01090029_1574115803_Spec.png,train,train,8,ua_0029|Sit|1574115803,18ec2e1ecac6de400fc2d4b3dd0000fbf37fc91eb27328e25c92e52990913af0
tasks/known_people_unknown_freq/dataset/train/24GHz/Sit/01090029_1574115823_Spec.png,24GHz,Sit,5,ua_0029,01090029_1574115823_Spec.png,dataset/train/24GHz/Sit/01090029_1574115823_Spec.png,train,train,8,ua_0029|Sit|1574115823,cb9739d0b918c26ae3091ccde9a6389bb78be5ddbf858f1548f64c73d63a328a
tasks/known_people_unknown_freq/dataset/train/24GHz/Sit/01090029_1574628100_Spec.png,24GHz,Sit,5,ua_0029,01090029_1574628100_Spec.png,dataset/train/24GHz/Sit/01090029_1574628100_Spec.png,train,train,8,ua_0029|Sit|1574628100,fa5fe6c44a74274c9e19ba374004ca4f1240d3333678fa2617bf46a7332e1007
tasks/known_people_unknown_freq/dataset/train/24GHz/Sit/01090029_1574628120_Spec.png,24GHz,Sit,5,ua_0029,01090029_1574628120_Spec.png,dataset/train/24GHz/Sit/01090029_1574628120_Spec.png,train,train,8,ua_0029|Sit|1574628120,f8eea86f03400d1d822cbcf50de7cdd3378d22052b01567f7c2bf2663087eb5d
tasks/known_people_unknown_freq/dataset/train/24GHz/Sit/01090029_1574628141_Spec.png,24GHz,Sit,5,ua_0029,01090029_1574628141_Spec.png,dataset/train/24GHz/Sit/01090029_1574628141_Spec.png,train,train,8,ua_0029|Sit|1574628141,c0d2d5680ca411edfa598a104815ea6e3e074ef694b50372a31890f3129a6834
tasks/known_people_unknown_freq/dataset/train/24GHz/Sit/01090029_1574628160_Spec.png,24GHz,Sit,5,ua_0029,01090029_1574628160_Spec.png,dataset/train/24GHz/Sit/01090029_1574628160_Spec.png,train,train,8,ua_0029|Sit|1574628160,583df25eef3f023a2d4ed7ab68dfc178d5c271f3cc75d693dd3d0d419a202709
tasks/known_people_unknown_freq/dataset/train/24GHz/Sit/01090029_1574628180_Spec.png,24GHz,Sit,5,ua_0029,01090029_1574628180_Spec.png,dataset/train/24GHz/Sit/01090029_1574628180_Spec.png,train,train,8,ua_0029|Sit|1574628180,5517fe63ce582d8d726c945edbd67cd2baf0763c1ddefcfc398e8dd12f55e727
tasks/known_people_unknown_freq/dataset/train/24GHz/Sit/01090029_1574628246_Spec.png,24GHz,Sit,5,ua_0029,01090029_1574628246_Spec.png,dataset/train/24GHz/Sit/01090029_1574628246_Spec.png,train,train,8,ua_0029|Sit|1574628246,9f63747e2a6d7db2865f73d52e8c2bfbfb20a31d72063e4224b4c5216cfa53b9
tasks/known_people_unknown_freq/dataset/train/24GHz/Sit/01090029_1574628309_Spec.png,24GHz,Sit,5,ua_0029,01090029_1574628309_Spec.png,dataset/train/24GHz/Sit/01090029_1574628309_Spec.png,train,train,8,ua_0029|Sit|1574628309,5f039d435ae2559f4a869462182657df57310f9e44299ec8f8ffb31189e008f0
tasks/known_people_unknown_freq/dataset/train/24GHz/Sit/01090029_1574628343_Spec.png,24GHz,Sit,5,ua_0029,01090029_1574628343_Spec.png,dataset/train/24GHz/Sit/01090029_1574628343_Spec.png,train,train,8,ua_0029|Sit|1574628343,888ad00521e5b3682ae98bb6163ecba7990873da444eb25d3468fb7632657bd4
tasks/known_people_unknown_freq/dataset/train/24GHz/Sit/01090029_1574628440_Spec.png,24GHz,Sit,5,ua_0029,01090029_1574628440_Spec.png,dataset/train/24GHz/Sit/01090029_1574628440_Spec.png,train,train,8,ua_0029|Sit|1574628440,b1b9df53cbdc3306369f98140f0c691fe71d8a10c01336bb0d80ac1f991a946c
tasks/known_people_unknown_freq/dataset/train/24GHz/Sit/01090030_1574195230_Spec.png,24GHz,Sit,5,ua_0030,01090030_1574195230_Spec.png,dataset/val/24GHz/Sit/01090030_1574195230_Spec.png,val,train,8,ua_0030|Sit|1574195230,1bc52857df78ee059a6e4614f1197ce91a6ae8226599258ba3a6a3dd1d81cbe5
tasks/known_people_unknown_freq/dataset/train/24GHz/Sit/01090030_1574195254_Spec.png,24GHz,Sit,5,ua_0030,01090030_1574195254_Spec.png,dataset/val/24GHz/Sit/01090030_1574195254_Spec.png,val,train,8,ua_0030|Sit|1574195254,ebeb295fa6fba8804aeae0e1673d30244f7119ac963ba33449dcfdb84ffbb4b4
tasks/known_people_unknown_freq/dataset/train/24GHz/Sit/01090030_1574195274_Spec.png,24GHz,Sit,5,ua_0030,01090030_1574195274_Spec.png,dataset/val/24GHz/Sit/01090030_1574195274_Spec.png,val,train,8,ua_0030|Sit|1574195274,63cc3f04a64211b2b701823b300fdf20484b557d2f4117d29cc5e8800b5decee
tasks/known_people_unknown_freq/dataset/train/24GHz/Sit/01090030_1574195293_Spec.png,24GHz,Sit,5,ua_0030,01090030_1574195293_Spec.png,dataset/val/24GHz/Sit/01090030_1574195293_Spec.png,val,train,8,ua_0030|Sit|1574195293,84054599479933e87df99e83babb153616ebddec3c0ce5cd0defd8def0c768ce
tasks/known_people_unknown_freq/dataset/train/24GHz/Sit/01090030_1574195313_Spec.png,24GHz,Sit,5,ua_0030,01090030_1574195313_Spec.png,dataset/val/24GHz/Sit/01090030_1574195313_Spec.png,val,train,8,ua_0030|Sit|1574195313,8770a189c267a28d78d05cbd68b33e338bc53c0acc08a66a06fff659d109386d
tasks/known_people_unknown_freq/dataset/train/24GHz/Sit/01090030_1574195332_Spec.png,24GHz,Sit,5,ua_0030,01090030_1574195332_Spec.png,dataset/val/24GHz/Sit/01090030_1574195332_Spec.png,val,train,8,ua_0030|Sit|1574195332,e4add008ba67ebd06f6eb67b13dbac281294e121a22f6b4ff8ff94fa8b7388b3
tasks/known_people_unknown_freq/dataset/train/24GHz/Sit/01090030_1574195351_Spec.png,24GHz,Sit,5,ua_0030,01090030_1574195351_Spec.png,dataset/val/24GHz/Sit/01090030_1574195351_Spec.png,val,train,8,ua_0030|Sit|1574195351,0827d9357cde5863a429446044ad227ed2fa20835e1188eca35cf6b74a801aa5
tasks/known_people_unknown_freq/dataset/train/24GHz/Sit/01090030_1574195371_Spec.png,24GHz,Sit,5,ua_0030,01090030_1574195371_Spec.png,dataset/val/24GHz/Sit/01090030_1574195371_Spec.png,val,train,8,ua_0030|Sit|1574195371,e2341f7eaca52cf5b02713df1b3a59cc96eabee3171af3cc5fe14f11f91de9b3
tasks/known_people_unknown_freq/dataset/train/24GHz/Sit/01090030_1574195391_Spec.png,24GHz,Sit,5,ua_0030,01090030_1574195391_Spec.png,dataset/val/24GHz/Sit/01090030_1574195391_Spec.png,val,train,8,ua_0030|Sit|1574195391,16aa3b58d68f86f04325ffb817ae8cae2ca33ea679a1021807d9fb57d330787b
tasks/known_people_unknown_freq/dataset/train/24GHz/Sit/01090030_1574458188_Spec.png,24GHz,Sit,5,ua_0030,01090030_1574458188_Spec.png,dataset/val/24GHz/Sit/01090030_1574458188_Spec.png,val,train,8,ua_0030|Sit|1574458188,82984ba51292e80ff8e014de8215e3d30fccb73c9a3a3dacea56c562c2e6c75f
tasks/known_people_unknown_freq/dataset/train/24GHz/Sit/01090030_1574458265_Spec.png,24GHz,Sit,5,ua_0030,01090030_1574458265_Spec.png,dataset/val/24GHz/Sit/01090030_1574458265_Spec.png,val,train,8,ua_0030|Sit|1574458265,8510c7242bb96b29a3451884880ed62f4a037d8dba164624340d2f5255cfa549
tasks/known_people_unknown_freq/dataset/train/24GHz/Sit/01090030_1574458283_Spec.png,24GHz,Sit,5,ua_0030,01090030_1574458283_Spec.png,dataset/val/24GHz/Sit/01090030_1574458283_Spec.png,val,train,8,ua_0030|Sit|1574458283,825b166a0b843835177c668dc827c5789c53cbadc5e517f4ce3210e2576a04bd
tasks/known_people_unknown_freq/dataset/train/24GHz/Sit/01090030_1574458785_Spec.png,24GHz,Sit,5,ua_0030,01090030_1574458785_Spec.png,dataset/val/24GHz/Sit/01090030_1574458785_Spec.png,val,train,8,ua_0030|Sit|1574458785,6a04f2edce8a4ba01a4aa11a794d5bb60a21a5dec0c59cffbc2dd2930d753ec8
tasks/known_people_unknown_freq/dataset/train/24GHz/Sit/01090030_1574458803_Spec.png,24GHz,Sit,5,ua_0030,01090030_1574458803_Spec.png,dataset/val/24GHz/Sit/01090030_1574458803_Spec.png,val,train,8,ua_0030|Sit|1574458803,7a9a9649985ac982276cabe75f30316ea1ec7aad04e96a12941c49619716c766
tasks/known_people_unknown_freq/dataset/train/24GHz/Towards/01000000_1574696136_Spec.png,24GHz,Towards,6,ua_0000,01000000_1574696136_Spec.png,dataset/train/24GHz/Towards/01000000_1574696136_Spec.png,train,train,10,ua_0000|Towards|1574696136,f1f4933857d1c2c92f035993b84188a1f32baf0dd4728ebe82c254e07127964e
tasks/known_people_unknown_freq/dataset/train/24GHz/Towards/01000000_1574696159_Spec.png,24GHz,Towards,6,ua_0000,01000000_1574696159_Spec.png,dataset/train/24GHz/Towards/01000000_1574696159_Spec.png,train,train,10,ua_0000|Towards|1574696159,8d64a8a18a1824597c2d95bd7fcadae4cf5db433949a00dbe389695c9fdd13dc
tasks/known_people_unknown_freq/dataset/train/24GHz/Towards/01000000_1574696180_Spec.png,24GHz,Towards,6,ua_0000,01000000_1574696180_Spec.png,dataset/train/24GHz/Towards/01000000_1574696180_Spec.png,train,train,10,ua_0000|Towards|1574696180,fc9e552aeba7ac11d4c59119c070cf58446a237e66705850923f259aad1fe6db
tasks/known_people_unknown_freq/dataset/train/24GHz/Towards/01000000_1574696201_Spec.png,24GHz,Towards,6,ua_0000,01000000_1574696201_Spec.png,dataset/train/24GHz/Towards/01000000_1574696201_Spec.png,train,train,10,ua_0000|Towards|1574696201,656e00cbfac61a859aa4aea91371beca9a2c77fbe46b49cf12efebc8714f2500
tasks/known_people_unknown_freq/dataset/train/24GHz/Towards/01000000_1574696243_Spec.png,24GHz,Towards,6,ua_0000,01000000_1574696243_Spec.png,dataset/train/24GHz/Towards/01000000_1574696243_Spec.png,train,train,10,ua_0000|Towards|1574696243,f20a6a3f2165f23259929cc7b0103fcd82bb0b246c2908fb2bc622bfad19b175
tasks/known_people_unknown_freq/dataset/train/24GHz/Towards/01000000_1574696261_Spec.png,24GHz,Towards,6,ua_0000,01000000_1574696261_Spec.png,dataset/train/24GHz/Towards/01000000_1574696261_Spec.png,train,train,10,ua_0000|Towards|1574696261,10563ecd5398485a3dddc8b978e5eaf826c1c6bf5c241c136f0ab91e0879d603
tasks/known_people_unknown_freq/dataset/train/24GHz/Towards/01000000_1574696280_Spec.png,24GHz,Towards,6,ua_0000,01000000_1574696280_Spec.png,dataset/train/24GHz/Towards/01000000_1574696280_Spec.png,train,train,10,ua_0000|Towards|1574696280,8dd4d2bb44b09c5e7c4c0681952b08bcf6adeded19f171a8220bd068b5546c7b
tasks/known_people_unknown_freq/dataset/train/24GHz/Towards/01050010_1573836822_Spec.png,24GHz,Towards,6,ua_0010,01050010_1573836822_Spec.png,dataset/train/24GHz/Towards/01050010_1573836822_Spec.png,train,train,10,ua_0010|Towards|1573836822,d61baec41e453ce6037bb3c11d7a9747e6998e1987257f8f85acc3f0e7530a3f
tasks/known_people_unknown_freq/dataset/train/24GHz/Towards/01050010_1573836864_Spec.png,24GHz,Towards,6,ua_0010,01050010_1573836864_Spec.png,dataset/train/24GHz/Towards/01050010_1573836864_Spec.png,train,train,10,ua_0010|Towards|1573836864,73adf9c97748ffdafaa2c61831b7ca7f35b59fd7d7598273deb5f15b63a0d85d
tasks/known_people_unknown_freq/dataset/train/24GHz/Towards/01050010_1573836889_Spec.png,24GHz,Towards,6,ua_0010,01050010_1573836889_Spec.png,dataset/train/24GHz/Towards/01050010_1573836889_Spec.png,train,train,10,ua_0010|Towards|1573836889,09fd70f680c5623dc81b035c5e903d165bf817a5b2b0087c35cc267334be185f
tasks/known_people_unknown_freq/dataset/train/24GHz/Towards/01050010_1573836925_Spec.png,24GHz,Towards,6,ua_0010,01050010_1573836925_Spec.png,dataset/train/24GHz/Towards/01050010_1573836925_Spec.png,train,train,10,ua_0010|Towards|1573836925,6524d0e99578296dec53eb8bfabf5c7fc3d77579907336131dccf2d3aeab6622
tasks/known_people_unknown_freq/dataset/train/24GHz/Towards/01050010_1573837002_Spec.png,24GHz,Towards,6,ua_0010,01050010_1573837002_Spec.png,dataset/train/24GHz/Towards/01050010_1573837002_Spec.png,train,train,10,ua_0010|Towards|1573837002,c009798c1774fcd7cefc0c29751f2e3ae4e8f28104a75b9445464639f4ae2560
tasks/known_people_unknown_freq/dataset/train/24GHz/Towards/01050010_1573837024_Spec.png,24GHz,Towards,6,ua_0010,01050010_1573837024_Spec.png,dataset/train/24GHz/Towards/01050010_1573837024_Spec.png,train,train,10,ua_0010|Towards|1573837024,b0e9aef66e5dcda90f1f4de406d8a7bbbcaff8f76fe7c8746a2d4075d44e5fc5
tasks/known_people_unknown_freq/dataset/train/24GHz/Towards/01050010_1573837045_Spec.png,24GHz,Towards,6,ua_0010,01050010_1573837045_Spec.png,dataset/train/24GHz/Towards/01050010_1573837045_Spec.png,train,train,10,ua_0010|Towards|1573837045,3ccb9288db0bdef58d4446c5e7a6e686a97e6e1ef180c2720a6962bd703d9777
tasks/known_people_unknown_freq/dataset/train/24GHz/Towards/01050010_1573837067_Spec.png,24GHz,Towards,6,ua_0010,01050010_1573837067_Spec.png,dataset/train/24GHz/Towards/01050010_1573837067_Spec.png,train,train,10,ua_0010|Towards|1573837067,d974ed85004496c73e18dbe548b3a65249d0d1760fefc4dcbc8e45275251a1e6
tasks/known_people_unknown_freq/dataset/train/24GHz/Towards/01050014_1574695845_Spec.png,24GHz,Towards,6,ua_0014,01050014_1574695845_Spec.png,dataset/train/24GHz/Towards/01050014_1574695845_Spec.png,train,train,10,ua_0014|Towards|1574695845,8853a4020e33ac4dcc3f6b4cd2000956e773f77b2c5ebbe9a83de1a33bc7e88e
tasks/known_people_unknown_freq/dataset/train/24GHz/Towards/01050029_1574114240_Spec.png,24GHz,Towards,6,ua_0029,01050029_1574114240_Spec.png,dataset/train/24GHz/Towards/01050029_1574114240_Spec.png,train,train,10,ua_0029|Towards|1574114240,794a87e0b6a4bc73bb34c5078ee96aa5316478ed0bc73d005f6bfedb507ed315
tasks/known_people_unknown_freq/dataset/train/24GHz/Towards/01050029_1574114268_Spec.png,24GHz,Towards,6,ua_0029,01050029_1574114268_Spec.png,dataset/train/24GHz/Towards/01050029_1574114268_Spec.png,train,train,10,ua_0029|Towards|1574114268,32cf399e429d12d6f43c7e1a95349ca56a52b1c5369c88aaf0916c28654e160a
tasks/known_people_unknown_freq/dataset/train/24GHz/Towards/01050029_1574114294_Spec.png,24GHz,Towards,6,ua_0029,01050029_1574114294_Spec.png,dataset/train/24GHz/Towards/01050029_1574114294_Spec.png,train,train,10,ua_0029|Towards|1574114294,b1afbc9ebb3f6cabfed67df09bc0e2fbba4d1e89250f02ba6a5499296ab157d4
tasks/known_people_unknown_freq/dataset/train/24GHz/Towards/01050029_1574114447_Spec.png,24GHz,Towards,6,ua_0029,01050029_1574114447_Spec.png,dataset/train/24GHz/Towards/01050029_1574114447_Spec.png,train,train,10,ua_0029|Towards|1574114447,8dd1e9e4c48c425a5947c301857153934a0ff2d79b3a5cef76c5bf04a214075c
tasks/known_people_unknown_freq/dataset/train/24GHz/Towards/01050029_1574114529_Spec.png,24GHz,Towards,6,ua_0029,01050029_1574114529_Spec.png,dataset/train/24GHz/Towards/01050029_1574114529_Spec.png,train,train,10,ua_0029|Towards|1574114529,7894f4946c44b7d8c5e1f7998a74c68504c9a5f37cca01cde5301c3c22a1e1d9
tasks/known_people_unknown_freq/dataset/train/24GHz/Towards/01050029_1574114550_Spec.png,24GHz,Towards,6,ua_0029,01050029_1574114550_Spec.png,dataset/train/24GHz/Towards/01050029_1574114550_Spec.png,train,train,10,ua_0029|Towards|1574114550,36b6909e9d08f4d8e15eaae401cc50b18835b700dffa284e5175a148908a57fc
tasks/known_people_unknown_freq/dataset/train/24GHz/Towards/01050029_1574114569_Spec.png,24GHz,Towards,6,ua_0029,01050029_1574114569_Spec.png,dataset/train/24GHz/Towards/01050029_1574114569_Spec.png,train,train,10,ua_0029|Towards|1574114569,3e750e3268b096eda91b9a5a33425964745b91ffadaaf491fa097a9372096a7f
tasks/known_people_unknown_freq/dataset/train/24GHz/Towards/01050029_1574114588_Spec.png,24GHz,Towards,6,ua_0029,01050029_1574114588_Spec.png,dataset/train/24GHz/Towards/01050029_1574114588_Spec.png,train,train,10,ua_0029|Towards|1574114588,3df780c1fce664c3176bf01de9b7ddefd3d855ce695554fabd7090af6846864f
tasks/known_people_unknown_freq/dataset/train/24GHz/Towards/01050029_1574114606_Spec.png,24GHz,Towards,6,ua_0029,01050029_1574114606_Spec.png,dataset/train/24GHz/Towards/01050029_1574114606_Spec.png,train,train,10,ua_0029|Towards|1574114606,f6019076f43b412c00e8492d1925eaf46873556c204e30760c6666912f16610e
tasks/known_people_unknown_freq/dataset/train/24GHz/Towards/01050029_1574114625_Spec.png,24GHz,Towards,6,ua_0029,01050029_1574114625_Spec.png,dataset/train/24GHz/Towards/01050029_1574114625_Spec.png,train,train,10,ua_0029|Towards|1574114625,ce4059907b367ebfbb56199d1be777fd483e80bb668a9941846188277b374eb2
tasks/known_people_unknown_freq/dataset/train/24GHz/Towards/01050029_1574626078_Spec.png,24GHz,Towards,6,ua_0029,01050029_1574626078_Spec.png,dataset/train/24GHz/Towards/01050029_1574626078_Spec.png,train,train,10,ua_0029|Towards|1574626078,8b873bbce2338ef5666385e5ce9a3150162a2b1cf018c9208969ba301f096763
tasks/known_people_unknown_freq/dataset/train/24GHz/Towards/01050029_1574626109_Spec.png,24GHz,Towards,6,ua_0029,01050029_1574626109_Spec.png,dataset/train/24GHz/Towards/01050029_1574626109_Spec.png,train,train,10,ua_0029|Towards|1574626109,1e905e9cc75e9ed3ce2664254dde9f8cf197b08343eeb8ab78e92bc9ac17e588
tasks/known_people_unknown_freq/dataset/train/24GHz/Towards/01050029_1574626188_Spec.png,24GHz,Towards,6,ua_0029,01050029_1574626188_Spec.png,dataset/train/24GHz/Towards/01050029_1574626188_Spec.png,train,train,10,ua_0029|Towards|1574626188,2721ca989ccb692064612514b87672690f2324ab51bd1f8ffd9c335d923c63e2
tasks/known_people_unknown_freq/dataset/train/24GHz/Towards/01050029_1574626210_Spec.png,24GHz,Towards,6,ua_0029,01050029_1574626210_Spec.png,dataset/train/24GHz/Towards/01050029_1574626210_Spec.png,train,train,10,ua_0029|Towards|1574626210,67f780ca2500d093900dcc69b6448b901bbea892beb8264028098e2a9f35cf8a
tasks/known_people_unknown_freq/dataset/train/24GHz/Towards/01050029_1574626372_Spec.png,24GHz,Towards,6,ua_0029,01050029_1574626372_Spec.png,dataset/train/24GHz/Towards/01050029_1574626372_Spec.png,train,train,10,ua_0029|Towards|1574626372,c90c58208d37ff52fe9078ae1d8aac4f32ff6d21c7f78cfb9b68be4bd752f9e0
tasks/known_people_unknown_freq/dataset/train/24GHz/Towards/01050029_1574626392_Spec.png,24GHz,Towards,6,ua_0029,01050029_1574626392_Spec.png,dataset/train/24GHz/Towards/01050029_1574626392_Spec.png,train,train,10,ua_0029|Towards|1574626392,877bda37fa10a7e4c81291c1a40bd1883387e90e00735272e63e2f6b8053b2b7
tasks/known_people_unknown_freq/dataset/train/24GHz/Towards/01050030_1574193902_Spec.png,24GHz,Towards,6,ua_0030,01050030_1574193902_Spec.png,dataset/val/24GHz/Towards/01050030_1574193902_Spec.png,val,train,10,ua_0030|Towards|1574193902,887cef981ce03086f0a10b93f1adc1625d2c203fd5a3d1240b3e95fe8f0a9cce
tasks/known_people_unknown_freq/dataset/train/24GHz/Towards/01050030_1574193925_Spec.png,24GHz,Towards,6,ua_0030,01050030_1574193925_Spec.png,dataset/val/24GHz/Towards/01050030_1574193925_Spec.png,val,train,10,ua_0030|Towards|1574193925,7a4b187ead9ad503220acf23b58b0e51481782ee392842d8a8361a4d4e1c66de
tasks/known_people_unknown_freq/dataset/train/24GHz/Towards/01050030_1574193946_Spec.png,24GHz,Towards,6,ua_0030,01050030_1574193946_Spec.png,dataset/val/24GHz/Towards/01050030_1574193946_Spec.png,val,train,10,ua_0030|Towards|1574193946,2da10de744786a7f9ccb44a7714fd71d8a9bd5acf56743c18b9deb636f835427
tasks/known_people_unknown_freq/dataset/train/24GHz/Towards/01050030_1574193984_Spec.png,24GHz,Towards,6,ua_0030,01050030_1574193984_Spec.png,dataset/val/24GHz/Towards/01050030_1574193984_Spec.png,val,train,10,ua_0030|Towards|1574193984,111935357e261a05659ac5b670f8e447c682458a081f4b6ca3928a42a2be14bb
tasks/known_people_unknown_freq/dataset/train/24GHz/Towards/01050030_1574194013_Spec.png,24GHz,Towards,6,ua_0030,01050030_1574194013_Spec.png,dataset/val/24GHz/Towards/01050030_1574194013_Spec.png,val,train,10,ua_0030|Towards|1574194013,e3c8d4e18204eae733a7c7b7a2963491d56527cba81887f608e9f9247137831a
tasks/known_people_unknown_freq/dataset/train/24GHz/Towards/01050030_1574194068_Spec.png,24GHz,Towards,6,ua_0030,01050030_1574194068_Spec.png,dataset/val/24GHz/Towards/01050030_1574194068_Spec.png,val,train,10,ua_0030|Towards|1574194068,97415c4a4b7955ef41f705fc7960fb9180dd916270c779503f6111d6c9023da2
tasks/known_people_unknown_freq/dataset/train/24GHz/Towards/01050030_1574194145_Spec.png,24GHz,Towards,6,ua_0030,01050030_1574194145_Spec.png,dataset/val/24GHz/Towards/01050030_1574194145_Spec.png,val,train,10,ua_0030|Towards|1574194145,2129f5b8a95db5dd4881e98d31748af053bbf696e4f4b129de2d8fa9da507dec
tasks/known_people_unknown_freq/dataset/train/24GHz/Towards/01050030_1574456646_Spec.png,24GHz,Towards,6,ua_0030,01050030_1574456646_Spec.png,dataset/val/24GHz/Towards/01050030_1574456646_Spec.png,val,train,10,ua_0030|Towards|1574456646,664f721b42b1200e1c5e186a5d38ebde1f089993a91e28d4b049565efbba332d
tasks/known_people_unknown_freq/dataset/train/24GHz/Towards/01050030_1574456705_Spec.png,24GHz,Towards,6,ua_0030,01050030_1574456705_Spec.png,dataset/val/24GHz/Towards/01050030_1574456705_Spec.png,val,train,10,ua_0030|Towards|1574456705,0425e5da568b8b41f41497a2df5a3166bf8bcb2e2b544311b280cb9b889a85c7
tasks/known_people_unknown_freq/dataset/train/24GHz/Towards/01050030_1574456747_Spec.png,24GHz,Towards,6,ua_0030,01050030_1574456747_Spec.png,dataset/val/24GHz/Towards/01050030_1574456747_Spec.png,val,train,10,ua_0030|Towards|1574456747,b194a59f0d9b6dc3d31a638c6a99863bbc5e1eeb362c28cc9b6a1a05ca11638e
tasks/known_people_unknown_freq/dataset/train/24GHz/Towards/01050030_1574456771_Spec.png,24GHz,Towards,6,ua_0030,01050030_1574456771_Spec.png,dataset/val/24GHz/Towards/01050030_1574456771_Spec.png,val,train,10,ua_0030|Towards|1574456771,939d0268c15b15192ddf0e27476240a3ee4d819d248e1adf69b920ff58a0f780
tasks/known_people_unknown_freq/dataset/train/24GHz/Towards/01050030_1574456812_Spec.png,24GHz,Towards,6,ua_0030,01050030_1574456812_Spec.png,dataset/val/24GHz/Towards/01050030_1574456812_Spec.png,val,train,10,ua_0030|Towards|1574456812,b005639b6a7bc773d685a47d0b256e466ad862e500771bb3a2e97ea9cff5fe66
tasks/known_people_unknown_freq/dataset/train/24GHz/Towards/01050030_1574456837_Spec.png,24GHz,Towards,6,ua_0030,01050030_1574456837_Spec.png,dataset/val/24GHz/Towards/01050030_1574456837_Spec.png,val,train,10,ua_0030|Towards|1574456837,3a6a3e6d5bb518e7860f80dba66d3e7a5003d39836b64cae5a7632683f28c3a2
tasks/known_people_unknown_freq/dataset/train/24GHz/Towards/01050030_1574456859_Spec.png,24GHz,Towards,6,ua_0030,01050030_1574456859_Spec.png,dataset/val/24GHz/Towards/01050030_1574456859_Spec.png,val,train,10,ua_0030|Towards|1574456859,671729f09b4da0b30e32ba6ea0f86c52c944198131452067f7718407ba5c5546
tasks/known_people_unknown_freq/dataset/train/24GHz/Towards/01050030_1574456884_Spec.png,24GHz,Towards,6,ua_0030,01050030_1574456884_Spec.png,dataset/val/24GHz/Towards/01050030_1574456884_Spec.png,val,train,10,ua_0030|Towards|1574456884,5196db991ba7ab54d3eab060590a2138a004f384f62f5a00551da13380ca9b6c
tasks/known_people_unknown_freq/dataset/train/24GHz/Towards/01050030_1574456906_Spec.png,24GHz,Towards,6,ua_0030,01050030_1574456906_Spec.png,dataset/val/24GHz/Towards/01050030_1574456906_Spec.png,val,train,10,ua_0030|Towards|1574456906,f3b051ab577e33295c477a69316bfa4cfc5eb050aa0a33c52dccffa1abd00c7f
