[18:06:41] run_dir=/scratch/st-zliu-1/heqingz/CrossCarrier_Fresh_20260922/CrossCarrier_Repro/EXPERIMENTSRESULT/REVISION_5090/SUPP_ABLATION/ACR_GRL_only/seed1234
[18:06:41] device=cuda
[18:06:41] backbone=vit_large_patch16_dinov3.lvd1689m
[18:06:41] env: manifest_dir=/scratch/st-zliu-1/heqingz/CrossCarrier_Fresh_20260922/CrossCarrier_Repro/tasks/known_people_unknown_freq/manifest dataset_root=/scratch/st-zliu-1/heqingz/CrossCarrier_Fresh_20260922/CrossCarrier_Repro use_dann=False selection=source_val_acc_ema adapter_mode=lora
[18:06:41] set_seed(1234)
[18:07:48] [fast_gpu] source cache 644 imgs (0.39GB) on cuda
[18:07:48] train_source=644 train_src_rows=10:302 24:342 source_steps/epoch=40 val_all=162 heldout77_unused=140 test77_final=278
[18:07:48] [test77_split] seed=42 dev_per_class=20
[18:10:06] trainable params=2444546 (encoder_lora+neck+head + miro_proj+v15_falsification+v13_grl_carrier_adv)
[18:10:07] logit_prior=[-1.9678890705108643, -1.913821816444397, -1.8427258729934692, -1.9678890705108643, -2.0133514404296875, -1.8929877281188965, -2.036881923675537]
[18:10:07] use_dann=False
[18:10:07] use_das=True
[18:10:07] das_mode=curriculum initial_stage={'name': 'stage1', 'p': 0.35, 'f_low': 10.0, 'f_high': 24.0}
[18:10:07] aug_flags: USE_HFT=True USE_SPEC_AUGMENT=True
[18:10:07] adapter_mode=lora
[18:10:07] schedule: epochs=100 steps/epoch=40 imgs/step=16 total_steps=4000 total_imgs=64000 warmup_steps=120
[18:10:07] source_qualified_policy: val_acc_ema>=0.90 candidates are recorded; best candidate by 77GHz F1 is saved as diagnostic
[18:10:07] [pool] init threshold=0.90 period=10 selection=dev77_f1
[18:10:07] [train] epoch 1/100 steps=40 use_dann=0 das=stage1 f=[10.0,24.0] p=0.35 gpu=3.0/3.0GB
[18:10:32] [train] ep=01 step=001/40 ce=8.0619 sc=2.8275 mi=1.0555 dn=0.0000 v13=0.0000 grl=1.8499 v15=0.0000 v15r=0.0000 v16=0.0000 v17=0.0000 v18=0.0000 acc=0.0625 lr=2.50e-06 lambda=0.000 grl_lambda=0.000 v18_lambda=0.000 gpu=3.0/11.8GB
[18:10:39] [train] ep=01 step=010/40 ce=7.9915 sc=2.7580 mi=1.0412 dn=0.0000 v13=0.0000 grl=1.9211 v15=0.0000 v15r=0.0000 v16=0.0000 v17=0.0000 v18=0.0000 acc=0.1125 lr=2.50e-05 lambda=0.000 grl_lambda=0.011 v18_lambda=0.000 gpu=3.0/11.8GB
[18:10:45] [train] ep=01 step=020/40 ce=7.9263 sc=2.7737 mi=0.9951 dn=0.0000 v13=0.0000 grl=1.8153 v15=0.0000 v15r=0.0000 v16=0.0000 v17=0.0000 v18=0.0000 acc=0.1313 lr=5.00e-05 lambda=0.000 grl_lambda=0.024 v18_lambda=0.000 gpu=3.0/11.8GB
[18:10:51] [train] ep=01 step=030/40 ce=7.8818 sc=2.7642 mi=0.9228 dn=0.0000 v13=0.0000 grl=1.6417 v15=0.0000 v15r=0.0000 v16=0.0000 v17=0.0000 v18=0.0000 acc=0.1521 lr=7.50e-05 lambda=0.000 grl_lambda=0.036 v18_lambda=0.000 gpu=3.0/11.8GB
[18:10:56] [train] ep=01 step=040/40 ce=7.8390 sc=2.7698 mi=0.8338 dn=0.0000 v13=0.0000 grl=1.4154 v15=0.0000 v15r=0.0000 v16=0.0000 v17=0.0000 v18=0.0000 acc=0.1531 lr=1.00e-04 lambda=0.000 grl_lambda=0.049 v18_lambda=0.000 gpu=3.0/11.8GB
[18:11:02] [ep_summary] ep=01/100 val_live=0.1667/0.0692 val_ema=0.0000/0.0000 test77_live=0.1403/0.0352 test77_diag_ema=0.0000/0.0000 v13=0.0000 grl=1.4154 v15=0.0000 v15r=0.0000 v16=0.0000 v17=0.0000 v18=0.0000 das=stage1[10,24] p=0.35 ep_time=55.6s
[18:11:02] [train] epoch 2/100 steps=40 use_dann=0 das=stage1 f=[10.0,24.0] p=0.35 gpu=3.0/11.8GB
[18:11:03] [train] ep=02 step=001/40 ce=7.5278 sc=2.6351 mi=0.4584 dn=0.0000 v13=0.0000 grl=0.4251 v15=0.0000 v15r=0.0000 v16=0.0000 v17=0.0000 v18=0.0000 acc=0.2500 lr=1.02e-04 lambda=0.000 grl_lambda=0.050 v18_lambda=0.000 gpu=3.0/11.8GB
[18:11:08] [train] ep=02 step=010/40 ce=7.3615 sc=2.7572 mi=0.3872 dn=0.0000 v13=0.0000 grl=0.2180 v15=0.0000 v15r=0.0000 v16=0.0000 v17=0.0000 v18=0.0000 acc=0.3063 lr=1.25e-04 lambda=0.000 grl_lambda=0.061 v18_lambda=0.000 gpu=3.0/11.8GB
[18:11:14] [train] ep=02 step=020/40 ce=7.2426 sc=2.7368 mi=0.3268 dn=0.0000 v13=0.0000 grl=0.1845 v15=0.0000 v15r=0.0000 v16=0.0000 v17=0.0000 v18=0.0000 acc=0.3281 lr=1.50e-04 lambda=0.000 grl_lambda=0.074 v18_lambda=0.000 gpu=3.0/11.8GB
[18:11:19] [train] ep=02 step=030/40 ce=7.0890 sc=2.7098 mi=0.2893 dn=0.0000 v13=0.0000 grl=0.1668 v15=0.0000 v15r=0.0000 v16=0.0000 v17=0.0000 v18=0.0000 acc=0.3604 lr=1.75e-04 lambda=0.000 grl_lambda=0.086 v18_lambda=0.000 gpu=3.0/11.8GB
[18:11:25] [train] ep=02 step=040/40 ce=6.8318 sc=2.6551 mi=0.2655 dn=0.0000 v13=0.0000 grl=0.1635 v15=0.0000 v15r=0.0000 v16=0.0000 v17=0.0000 v18=0.0000 acc=0.4016 lr=2.00e-04 lambda=0.000 grl_lambda=0.098 v18_lambda=0.000 gpu=3.0/11.8GB
[18:11:30] [ep_summary] ep=02/100 val_live=0.5309/0.5018 val_ema=0.0000/0.0000 test77_live=0.2662/0.1442 test77_diag_ema=0.0000/0.0000 v13=0.0000 grl=0.1635 v15=0.0000 v15r=0.0000 v16=0.0000 v17=0.0000 v18=0.0000 das=stage1[10,24] p=0.35 ep_time=28.2s
[18:11:30] [train] epoch 3/100 steps=40 use_dann=0 das=stage1 f=[10.0,24.0] p=0.35 gpu=3.0/11.8GB
[18:11:31] [train] ep=03 step=001/40 ce=5.7373 sc=2.5743 mi=0.1917 dn=0.0000 v13=0.0000 grl=0.2254 v15=0.0000 v15r=0.0000 v16=0.0000 v17=0.0000 v18=0.0000 acc=0.5625 lr=2.02e-04 lambda=0.000 grl_lambda=0.100 v18_lambda=0.000 gpu=3.0/11.8GB
[18:11:36] [train] ep=03 step=010/40 ce=5.5061 sc=2.1656 mi=0.2145 dn=0.0000 v13=0.0000 grl=0.1660 v15=0.0000 v15r=0.0000 v16=0.0000 v17=0.0000 v18=0.0000 acc=0.5312 lr=2.25e-04 lambda=0.000 grl_lambda=0.111 v18_lambda=0.000 gpu=3.0/11.8GB
[18:11:42] [train] ep=03 step=020/40 ce=5.2887 sc=2.0985 mi=0.2127 dn=0.0000 v13=0.0000 grl=0.1653 v15=0.0000 v15r=0.0000 v16=0.0000 v17=0.0000 v18=0.0000 acc=0.5750 lr=2.50e-04 lambda=0.000 grl_lambda=0.123 v18_lambda=0.000 gpu=3.0/11.8GB
[18:11:48] [train] ep=03 step=030/40 ce=4.7589 sc=1.9602 mi=0.2090 dn=0.0000 v13=0.0000 grl=0.1647 v15=0.0000 v15r=0.0000 v16=0.0000 v17=0.0000 v18=0.0000 acc=0.6292 lr=2.75e-04 lambda=0.000 grl_lambda=0.135 v18_lambda=0.000 gpu=3.0/11.8GB
[18:11:53] [train] ep=03 step=040/40 ce=4.4157 sc=1.8518 mi=0.2029 dn=0.0000 v13=0.0000 grl=0.1572 v15=0.0000 v15r=0.0000 v16=0.0000 v17=0.0000 v18=0.0000 acc=0.6656 lr=3.00e-04 lambda=0.000 grl_lambda=0.148 v18_lambda=0.000 gpu=3.0/11.8GB
[18:11:59] [ep_summary] ep=03/100 val_live=0.7407/0.7180 val_ema=0.0000/0.0000 test77_live=0.3849/0.3074 test77_diag_ema=0.0000/0.0000 v13=0.0000 grl=0.1572 v15=0.0000 v15r=0.0000 v16=0.0000 v17=0.0000 v18=0.0000 das=stage1[10,24] p=0.35 ep_time=28.3s
[18:11:59] [train] epoch 4/100 steps=40 use_dann=0 das=stage1 f=[10.0,24.0] p=0.35 gpu=3.0/11.8GB
[18:11:59] [train] ep=04 step=001/40 ce=4.8829 sc=1.9922 mi=0.1664 dn=0.0000 v13=0.0000 grl=0.1069 v15=0.0000 v15r=0.0000 v16=0.0000 v17=0.0000 v18=0.0000 acc=0.7500 lr=3.00e-04 lambda=0.000 grl_lambda=0.149 v18_lambda=0.000 gpu=3.0/11.8GB
[18:12:04] [train] ep=04 step=010/40 ce=3.9589 sc=1.9096 mi=0.1572 dn=0.0000 v13=0.0000 grl=0.1138 v15=0.0000 v15r=0.0000 v16=0.0000 v17=0.0000 v18=0.0000 acc=0.7063 lr=3.00e-04 lambda=0.000 grl_lambda=0.160 v18_lambda=0.000 gpu=3.0/11.8GB
[18:12:10] [train] ep=04 step=020/40 ce=3.5474 sc=1.7275 mi=0.1508 dn=0.0000 v13=0.0000 grl=0.1179 v15=0.0000 v15r=0.0000 v16=0.0000 v17=0.0000 v18=0.0000 acc=0.7531 lr=3.00e-04 lambda=0.000 grl_lambda=0.172 v18_lambda=0.000 gpu=3.0/11.8GB
[18:12:16] [train] ep=04 step=030/40 ce=3.6472 sc=1.8086 mi=0.1432 dn=0.0000 v13=0.0000 grl=0.1225 v15=0.0000 v15r=0.0000 v16=0.0000 v17=0.0000 v18=0.0000 acc=0.7479 lr=3.00e-04 lambda=0.000 grl_lambda=0.184 v18_lambda=0.000 gpu=3.0/11.8GB
[18:12:22] [train] ep=04 step=040/40 ce=3.3451 sc=1.6946 mi=0.1372 dn=0.0000 v13=0.0000 grl=0.1166 v15=0.0000 v15r=0.0000 v16=0.0000 v17=0.0000 v18=0.0000 acc=0.7781 lr=3.00e-04 lambda=0.000 grl_lambda=0.196 v18_lambda=0.000 gpu=3.0/11.8GB
[18:12:27] [ep_summary] ep=04/100 val_live=0.8025/0.7554 val_ema=0.0000/0.0000 test77_live=0.4604/0.3839 test77_diag_ema=0.0000/0.0000 v13=0.0000 grl=0.1166 v15=0.0000 v15r=0.0000 v16=0.0000 v17=0.0000 v18=0.0000 das=stage1[10,24] p=0.35 ep_time=28.2s
[18:12:27] [train] epoch 5/100 steps=40 use_dann=0 das=stage1 f=[10.0,24.0] p=0.35 gpu=3.0/11.8GB
[18:12:27] [train] ep=05 step=001/40 ce=2.8952 sc=1.8878 mi=0.1007 dn=0.0000 v13=0.0000 grl=0.1135 v15=0.0000 v15r=0.0000 v16=0.0000 v17=0.0000 v18=0.0000 acc=0.8125 lr=3.00e-04 lambda=0.000 grl_lambda=0.197 v18_lambda=0.000 gpu=3.0/11.8GB
[18:12:33] [train] ep=05 step=010/40 ce=2.8847 sc=1.4975 mi=0.1001 dn=0.0000 v13=0.0000 grl=0.0863 v15=0.0000 v15r=0.0000 v16=0.0000 v17=0.0000 v18=0.0000 acc=0.8063 lr=3.00e-04 lambda=0.000 grl_lambda=0.208 v18_lambda=0.000 gpu=3.0/11.8GB
[18:12:38] [train] ep=05 step=020/40 ce=2.7233 sc=1.4661 mi=0.0975 dn=0.0000 v13=0.0000 grl=0.0873 v15=0.0000 v15r=0.0000 v16=0.0000 v17=0.0000 v18=0.0000 acc=0.8219 lr=3.00e-04 lambda=0.000 grl_lambda=0.220 v18_lambda=0.000 gpu=3.0/11.8GB
[18:12:44] [train] ep=05 step=030/40 ce=2.7460 sc=1.5059 mi=0.0959 dn=0.0000 v13=0.0000 grl=0.0856 v15=0.0000 v15r=0.0000 v16=0.0000 v17=0.0000 v18=0.0000 acc=0.8229 lr=3.00e-04 lambda=0.000 grl_lambda=0.232 v18_lambda=0.000 gpu=3.0/11.8GB
[18:12:50] [train] ep=05 step=040/40 ce=2.7665 sc=1.5144 mi=0.0945 dn=0.0000 v13=0.0000 grl=0.0810 v15=0.0000 v15r=0.0000 v16=0.0000 v17=0.0000 v18=0.0000 acc=0.8172 lr=3.00e-04 lambda=0.000 grl_lambda=0.244 v18_lambda=0.000 gpu=3.0/11.8GB
[18:13:01] [ep_summary] ep=05/100 val_live=0.8210/0.7748 val_ema=0.1975/0.0879 test77_live=0.5899/0.5219 test77_diag_ema=0.1403/0.0352 v13=0.0000 grl=0.0810 v15=0.0000 v15r=0.0000 v16=0.0000 v17=0.0000 v18=0.0000 das=stage1[10,24] p=0.35 ep_time=34.0s
[18:13:01] [save] best_sourceval_ema val_acc_ema=0.1975 source_val_live=0.8210/0.7748 source_val_ema=0.1975/0.0879 ep=5
[18:13:01] [train] epoch 6/100 steps=40 use_dann=0 das=stage1 f=[10.0,24.0] p=0.35 gpu=3.0/11.8GB
[18:13:01] [train] ep=06 step=001/40 ce=4.2796 sc=1.8398 mi=0.0841 dn=0.0000 v13=0.0000 grl=0.1146 v15=0.0000 v15r=0.0000 v16=0.0000 v17=0.0000 v18=0.0000 acc=0.5625 lr=3.00e-04 lambda=0.000 grl_lambda=0.245 v18_lambda=0.000 gpu=3.0/11.8GB
[18:13:07] [train] ep=06 step=010/40 ce=2.1419 sc=1.3339 mi=0.0848 dn=0.0000 v13=0.0000 grl=0.0821 v15=0.0000 v15r=0.0000 v16=0.0000 v17=0.0000 v18=0.0000 acc=0.8500 lr=3.00e-04 lambda=0.000 grl_lambda=0.255 v18_lambda=0.000 gpu=3.0/11.8GB
[18:13:13] [train] ep=06 step=020/40 ce=2.3071 sc=1.2930 mi=0.0859 dn=0.0000 v13=0.0000 grl=0.0739 v15=0.0000 v15r=0.0000 v16=0.0000 v17=0.0000 v18=0.0000 acc=0.8469 lr=3.00e-04 lambda=0.000 grl_lambda=0.267 v18_lambda=0.000 gpu=3.0/11.8GB
[18:13:18] [train] ep=06 step=030/40 ce=2.4604 sc=1.3172 mi=0.0867 dn=0.0000 v13=0.0000 grl=0.0747 v15=0.0000 v15r=0.0000 v16=0.0000 v17=0.0000 v18=0.0000 acc=0.8396 lr=2.99e-04 lambda=0.000 grl_lambda=0.279 v18_lambda=0.000 gpu=3.0/11.8GB
[18:13:24] [train] ep=06 step=040/40 ce=2.4603 sc=1.3591 mi=0.0858 dn=0.0000 v13=0.0000 grl=0.0748 v15=0.0000 v15r=0.0000 v16=0.0000 v17=0.0000 v18=0.0000 acc=0.8453 lr=2.99e-04 lambda=0.000 grl_lambda=0.290 v18_lambda=0.000 gpu=3.0/11.8GB
[18:13:35] [ep_summary] ep=06/100 val_live=0.8395/0.8474 val_ema=0.1975/0.0963 test77_live=0.3453/0.2754 test77_diag_ema=0.1403/0.0352 v13=0.0000 grl=0.0748 v15=0.0000 v15r=0.0000 v16=0.0000 v17=0.0000 v18=0.0000 das=stage1[10,24] p=0.35 ep_time=34.1s
[18:13:35] [train] epoch 7/100 steps=40 use_dann=0 das=stage1 f=[10.0,24.0] p=0.35 gpu=3.0/11.8GB
[18:13:35] [train] ep=07 step=001/40 ce=3.2887 sc=1.4481 mi=0.0799 dn=0.0000 v13=0.0000 grl=0.0546 v15=0.0000 v15r=0.0000 v16=0.0000 v17=0.0000 v18=0.0000 acc=0.8125 lr=2.99e-04 lambda=0.000 grl_lambda=0.291 v18_lambda=0.000 gpu=3.0/11.8GB
[18:13:41] [train] ep=07 step=010/40 ce=2.5517 sc=1.4131 mi=0.0756 dn=0.0000 v13=0.0000 grl=0.0823 v15=0.0000 v15r=0.0000 v16=0.0000 v17=0.0000 v18=0.0000 acc=0.8438 lr=2.99e-04 lambda=0.000 grl_lambda=0.302 v18_lambda=0.000 gpu=3.0/11.8GB
[18:13:47] [train] ep=07 step=020/40 ce=2.2327 sc=1.3704 mi=0.0762 dn=0.0000 v13=0.0000 grl=0.0822 v15=0.0000 v15r=0.0000 v16=0.0000 v17=0.0000 v18=0.0000 acc=0.8625 lr=2.99e-04 lambda=0.000 grl_lambda=0.313 v18_lambda=0.000 gpu=3.0/11.8GB
[18:13:52] [train] ep=07 step=030/40 ce=2.1355 sc=1.3404 mi=0.0765 dn=0.0000 v13=0.0000 grl=0.0774 v15=0.0000 v15r=0.0000 v16=0.0000 v17=0.0000 v18=0.0000 acc=0.8625 lr=2.99e-04 lambda=0.000 grl_lambda=0.324 v18_lambda=0.000 gpu=3.0/11.8GB
[18:13:58] [train] ep=07 step=040/40 ce=1.9407 sc=1.2846 mi=0.0761 dn=0.0000 v13=0.0000 grl=0.0775 v15=0.0000 v15r=0.0000 v16=0.0000 v17=0.0000 v18=0.0000 acc=0.8859 lr=2.99e-04 lambda=0.000 grl_lambda=0.335 v18_lambda=0.000 gpu=3.0/11.8GB
[18:14:09] [ep_summary] ep=07/100 val_live=0.9074/0.9074 val_ema=0.2037/0.1108 test77_live=0.4065/0.3406 test77_diag_ema=0.1403/0.0352 v13=0.0000 grl=0.0775 v15=0.0000 v15r=0.0000 v16=0.0000 v17=0.0000 v18=0.0000 das=stage1[10,24] p=0.35 ep_time=33.9s
[18:14:09] [save] best_sourceval_ema val_acc_ema=0.2037 source_val_live=0.9074/0.9074 source_val_ema=0.2037/0.1108 ep=7
[18:14:09] [train] epoch 8/100 steps=40 use_dann=0 das=stage1 f=[10.0,24.0] p=0.35 gpu=3.0/11.8GB
[18:14:09] [train] ep=08 step=001/40 ce=1.6335 sc=0.8945 mi=0.0732 dn=0.0000 v13=0.0000 grl=0.1033 v15=0.0000 v15r=0.0000 v16=0.0000 v17=0.0000 v18=0.0000 acc=0.9375 lr=2.99e-04 lambda=0.000 grl_lambda=0.336 v18_lambda=0.000 gpu=3.0/11.8GB
[18:14:15] [train] ep=08 step=010/40 ce=1.5111 sc=1.2252 mi=0.0744 dn=0.0000 v13=0.0000 grl=0.0911 v15=0.0000 v15r=0.0000 v16=0.0000 v17=0.0000 v18=0.0000 acc=0.9125 lr=2.99e-04 lambda=0.000 grl_lambda=0.346 v18_lambda=0.000 gpu=3.0/11.8GB
[18:14:21] [train] ep=08 step=020/40 ce=1.7030 sc=1.2843 mi=0.0764 dn=0.0000 v13=0.0000 grl=0.0792 v15=0.0000 v15r=0.0000 v16=0.0000 v17=0.0000 v18=0.0000 acc=0.9031 lr=2.98e-04 lambda=0.000 grl_lambda=0.357 v18_lambda=0.000 gpu=3.0/11.8GB
[18:14:26] [train] ep=08 step=030/40 ce=1.8743 sc=1.2974 mi=0.0751 dn=0.0000 v13=0.0000 grl=0.0757 v15=0.0000 v15r=0.0000 v16=0.0000 v17=0.0000 v18=0.0000 acc=0.8896 lr=2.98e-04 lambda=0.000 grl_lambda=0.368 v18_lambda=0.000 gpu=3.0/11.8GB
[18:14:32] [train] ep=08 step=040/40 ce=1.9648 sc=1.2697 mi=0.0757 dn=0.0000 v13=0.0000 grl=0.0728 v15=0.0000 v15r=0.0000 v16=0.0000 v17=0.0000 v18=0.0000 acc=0.8797 lr=2.98e-04 lambda=0.000 grl_lambda=0.379 v18_lambda=0.000 gpu=3.0/11.8GB
[18:14:43] [ep_summary] ep=08/100 val_live=0.9321/0.9340 val_ema=0.2037/0.1127 test77_live=0.4856/0.4219 test77_diag_ema=0.1403/0.0352 v13=0.0000 grl=0.0728 v15=0.0000 v15r=0.0000 v16=0.0000 v17=0.0000 v18=0.0000 das=stage1[10,24] p=0.35 ep_time=34.2s
[18:14:43] [train] epoch 9/100 steps=40 use_dann=0 das=stage2 f=[10.0,50.0] p=0.70 gpu=3.0/11.8GB
[18:14:44] [train] ep=09 step=001/40 ce=0.6670 sc=1.1159 mi=0.0779 dn=0.0000 v13=0.0000 grl=0.2105 v15=0.0000 v15r=0.0000 v16=0.0000 v17=0.0000 v18=0.0000 acc=1.0000 lr=2.98e-04 lambda=0.000 grl_lambda=0.380 v18_lambda=0.000 gpu=3.0/11.8GB
[18:14:49] [train] ep=09 step=010/40 ce=1.4430 sc=1.1922 mi=0.0785 dn=0.0000 v13=0.0000 grl=0.1449 v15=0.0000 v15r=0.0000 v16=0.0000 v17=0.0000 v18=0.0000 acc=0.9313 lr=2.98e-04 lambda=0.000 grl_lambda=0.390 v18_lambda=0.000 gpu=3.0/11.8GB
[18:14:55] [train] ep=09 step=020/40 ce=1.5667 sc=1.2563 mi=0.0784 dn=0.0000 v13=0.0000 grl=0.1271 v15=0.0000 v15r=0.0000 v16=0.0000 v17=0.0000 v18=0.0000 acc=0.9125 lr=2.98e-04 lambda=0.000 grl_lambda=0.400 v18_lambda=0.000 gpu=3.0/11.8GB
[18:15:01] [train] ep=09 step=030/40 ce=1.5232 sc=1.2288 mi=0.0787 dn=0.0000 v13=0.0000 grl=0.1309 v15=0.0000 v15r=0.0000 v16=0.0000 v17=0.0000 v18=0.0000 acc=0.9125 lr=2.97e-04 lambda=0.000 grl_lambda=0.411 v18_lambda=0.000 gpu=3.0/11.8GB
[18:15:06] [train] ep=09 step=040/40 ce=1.5676 sc=1.2006 mi=0.0781 dn=0.0000 v13=0.0000 grl=0.1248 v15=0.0000 v15r=0.0000 v16=0.0000 v17=0.0000 v18=0.0000 acc=0.9078 lr=2.97e-04 lambda=0.000 grl_lambda=0.421 v18_lambda=0.000 gpu=3.0/11.8GB
[18:15:49] [ep_summary] ep=09/100 val_live=0.9198/0.9227 val_ema=0.2037/0.1146 test77_live=0.5612/0.4918 test77_diag_ema=0.1403/0.0352 v13=0.0000 grl=0.1248 v15=0.0000 v15r=0.0000 v16=0.0000 v17=0.0000 v18=0.0000 das=stage2[10,50] p=0.70 ep_time=66.4s
[18:15:49] [train] epoch 10/100 steps=40 use_dann=0 das=stage2 f=[10.0,50.0] p=0.70 gpu=3.0/11.8GB
[18:15:50] [train] ep=10 step=001/40 ce=0.6867 sc=0.7758 mi=0.0762 dn=0.0000 v13=0.0000 grl=0.0800 v15=0.0000 v15r=0.0000 v16=0.0000 v17=0.0000 v18=0.0000 acc=1.0000 lr=2.97e-04 lambda=0.000 grl_lambda=0.422 v18_lambda=0.000 gpu=3.0/11.8GB
[18:15:55] [train] ep=10 step=010/40 ce=1.0224 sc=1.1025 mi=0.0757 dn=0.0000 v13=0.0000 grl=0.1198 v15=0.0000 v15r=0.0000 v16=0.0000 v17=0.0000 v18=0.0000 acc=0.9688 lr=2.97e-04 lambda=0.000 grl_lambda=0.431 v18_lambda=0.000 gpu=3.0/11.8GB
[18:16:01] [train] ep=10 step=020/40 ce=1.2991 sc=1.2158 mi=0.0751 dn=0.0000 v13=0.0000 grl=0.1176 v15=0.0000 v15r=0.0000 v16=0.0000 v17=0.0000 v18=0.0000 acc=0.9406 lr=2.97e-04 lambda=0.000 grl_lambda=0.441 v18_lambda=0.000 gpu=3.0/11.8GB
[18:16:07] [train] ep=10 step=030/40 ce=1.2628 sc=1.1327 mi=0.0756 dn=0.0000 v13=0.0000 grl=0.1133 v15=0.0000 v15r=0.0000 v16=0.0000 v17=0.0000 v18=0.0000 acc=0.9375 lr=2.96e-04 lambda=0.000 grl_lambda=0.451 v18_lambda=0.000 gpu=3.0/11.8GB
[18:16:13] [train] ep=10 step=040/40 ce=1.2162 sc=1.0912 mi=0.0756 dn=0.0000 v13=0.0000 grl=0.1167 v15=0.0000 v15r=0.0000 v16=0.0000 v17=0.0000 v18=0.0000 acc=0.9406 lr=2.96e-04 lambda=0.000 grl_lambda=0.461 v18_lambda=0.000 gpu=3.0/11.8GB
[18:16:23] [pool] check ep=010/100 source_val_acc_ema=0.2037 threshold=0.90
[18:16:23] [pool] ep=010 SKIP (source_val_acc_ema=0.2037 < 0.90)
[18:16:41] [ep_summary] ep=10/100 val_live=0.9321/0.9322 val_ema=0.2037/0.1146 test77_live=0.6835/0.6095 test77_diag_ema=0.1403/0.0352 v13=0.0000 grl=0.1167 v15=0.0000 v15r=0.0000 v16=0.0000 v17=0.0000 v18=0.0000 das=stage2[10,50] p=0.70 ep_time=51.9s
[18:16:44] [strict77_monitor] ep=10 best_source_epoch=7 source_val_ema=0.2037/0.1108 test77_ema_diag=0.1403/0.0352 sourcequalified_count=0
[18:16:44] [train] epoch 11/100 steps=40 use_dann=0 das=stage2 f=[10.0,50.0] p=0.70 gpu=3.0/11.8GB
[18:16:45] [train] ep=11 step=001/40 ce=1.3700 sc=1.2509 mi=0.0820 dn=0.0000 v13=0.0000 grl=0.1368 v15=0.0000 v15r=0.0000 v16=0.0000 v17=0.0000 v18=0.0000 acc=0.9375 lr=2.96e-04 lambda=0.000 grl_lambda=0.462 v18_lambda=0.000 gpu=3.0/11.8GB
[18:16:50] [train] ep=11 step=010/40 ce=1.2320 sc=1.0137 mi=0.0728 dn=0.0000 v13=0.0000 grl=0.1092 v15=0.0000 v15r=0.0000 v16=0.0000 v17=0.0000 v18=0.0000 acc=0.9250 lr=2.96e-04 lambda=0.000 grl_lambda=0.471 v18_lambda=0.000 gpu=3.0/11.8GB
[18:16:56] [train] ep=11 step=020/40 ce=1.2293 sc=1.0294 mi=0.0719 dn=0.0000 v13=0.0000 grl=0.1085 v15=0.0000 v15r=0.0000 v16=0.0000 v17=0.0000 v18=0.0000 acc=0.9281 lr=2.96e-04 lambda=0.000 grl_lambda=0.481 v18_lambda=0.000 gpu=3.0/11.8GB
[18:17:02] [train] ep=11 step=030/40 ce=1.1355 sc=1.0302 mi=0.0735 dn=0.0000 v13=0.0000 grl=0.1189 v15=0.0000 v15r=0.0000 v16=0.0000 v17=0.0000 v18=0.0000 acc=0.9417 lr=2.95e-04 lambda=0.000 grl_lambda=0.490 v18_lambda=0.000 gpu=3.0/11.8GB
[18:17:07] [train] ep=11 step=040/40 ce=1.1130 sc=1.0195 mi=0.0741 dn=0.0000 v13=0.0000 grl=0.1200 v15=0.0000 v15r=0.0000 v16=0.0000 v17=0.0000 v18=0.0000 acc=0.9422 lr=2.95e-04 lambda=0.000 grl_lambda=0.500 v18_lambda=0.000 gpu=3.0/11.8GB
[18:17:32] [ep_summary] ep=11/100 val_live=0.9506/0.9490 val_ema=0.2099/0.1208 test77_live=0.7086/0.6615 test77_diag_ema=0.1403/0.0352 v13=0.0000 grl=0.1200 v15=0.0000 v15r=0.0000 v16=0.0000 v17=0.0000 v18=0.0000 das=stage2[10,50] p=0.70 ep_time=48.2s
[18:17:32] [save] best_sourceval_ema val_acc_ema=0.2099 source_val_live=0.9506/0.9490 source_val_ema=0.2099/0.1208 ep=11
[18:17:32] [train] epoch 12/100 steps=40 use_dann=0 das=stage2 f=[10.0,50.0] p=0.70 gpu=3.0/11.8GB
[18:17:33] [train] ep=12 step=001/40 ce=0.3440 sc=0.3128 mi=0.0727 dn=0.0000 v13=0.0000 grl=0.1267 v15=0.0000 v15r=0.0000 v16=0.0000 v17=0.0000 v18=0.0000 acc=1.0000 lr=2.95e-04 lambda=0.000 grl_lambda=0.501 v18_lambda=0.000 gpu=3.0/11.8GB
[18:17:38] [train] ep=12 step=010/40 ce=0.9556 sc=1.0287 mi=0.0764 dn=0.0000 v13=0.0000 grl=0.1443 v15=0.0000 v15r=0.0000 v16=0.0000 v17=0.0000 v18=0.0000 acc=0.9563 lr=2.95e-04 lambda=0.000 grl_lambda=0.509 v18_lambda=0.000 gpu=3.0/11.8GB
[18:17:44] [train] ep=12 step=020/40 ce=1.0364 sc=1.0930 mi=0.0740 dn=0.0000 v13=0.0000 grl=0.1381 v15=0.0000 v15r=0.0000 v16=0.0000 v17=0.0000 v18=0.0000 acc=0.9500 lr=2.94e-04 lambda=0.000 grl_lambda=0.518 v18_lambda=0.000 gpu=3.0/11.8GB
[18:17:50] [train] ep=12 step=030/40 ce=1.1350 sc=1.0614 mi=0.0730 dn=0.0000 v13=0.0000 grl=0.1379 v15=0.0000 v15r=0.0000 v16=0.0000 v17=0.0000 v18=0.0000 acc=0.9417 lr=2.94e-04 lambda=0.000 grl_lambda=0.527 v18_lambda=0.000 gpu=3.0/11.8GB
[18:17:56] [train] ep=12 step=040/40 ce=1.0835 sc=1.0508 mi=0.0728 dn=0.0000 v13=0.0000 grl=0.1369 v15=0.0000 v15r=0.0000 v16=0.0000 v17=0.0000 v18=0.0000 acc=0.9453 lr=2.94e-04 lambda=0.000 grl_lambda=0.536 v18_lambda=0.000 gpu=3.0/11.8GB
[18:18:06] [ep_summary] ep=12/100 val_live=0.9074/0.9004 val_ema=0.2160/0.1267 test77_live=0.6763/0.6279 test77_diag_ema=0.1403/0.0352 v13=0.0000 grl=0.1369 v15=0.0000 v15r=0.0000 v16=0.0000 v17=0.0000 v18=0.0000 das=stage2[10,50] p=0.70 ep_time=33.9s
[18:18:06] [save] best_sourceval_ema val_acc_ema=0.2160 source_val_live=0.9074/0.9004 source_val_ema=0.2160/0.1267 ep=12
[18:18:06] [train] epoch 13/100 steps=40 use_dann=0 das=stage2 f=[10.0,50.0] p=0.70 gpu=3.0/11.8GB
[18:18:07] [train] ep=13 step=001/40 ce=0.5841 sc=0.6717 mi=0.0774 dn=0.0000 v13=0.0000 grl=0.1076 v15=0.0000 v15r=0.0000 v16=0.0000 v17=0.0000 v18=0.0000 acc=1.0000 lr=2.94e-04 lambda=0.000 grl_lambda=0.537 v18_lambda=0.000 gpu=3.0/11.8GB
[18:18:12] [train] ep=13 step=010/40 ce=1.0736 sc=0.8667 mi=0.0710 dn=0.0000 v13=0.0000 grl=0.1306 v15=0.0000 v15r=0.0000 v16=0.0000 v17=0.0000 v18=0.0000 acc=0.9437 lr=2.93e-04 lambda=0.000 grl_lambda=0.545 v18_lambda=0.000 gpu=3.0/11.8GB
[18:18:18] [train] ep=13 step=020/40 ce=1.0686 sc=0.9405 mi=0.0718 dn=0.0000 v13=0.0000 grl=0.1199 v15=0.0000 v15r=0.0000 v16=0.0000 v17=0.0000 v18=0.0000 acc=0.9437 lr=2.93e-04 lambda=0.000 grl_lambda=0.554 v18_lambda=0.000 gpu=3.0/11.8GB
[18:18:24] [train] ep=13 step=030/40 ce=1.0399 sc=0.9597 mi=0.0723 dn=0.0000 v13=0.0000 grl=0.1262 v15=0.0000 v15r=0.0000 v16=0.0000 v17=0.0000 v18=0.0000 acc=0.9437 lr=2.93e-04 lambda=0.000 grl_lambda=0.562 v18_lambda=0.000 gpu=3.0/11.8GB
[18:18:30] [train] ep=13 step=040/40 ce=0.9749 sc=0.9615 mi=0.0718 dn=0.0000 v13=0.0000 grl=0.1245 v15=0.0000 v15r=0.0000 v16=0.0000 v17=0.0000 v18=0.0000 acc=0.9531 lr=2.92e-04 lambda=0.000 grl_lambda=0.571 v18_lambda=0.000 gpu=3.0/11.8GB
[18:18:40] [ep_summary] ep=13/100 val_live=0.9444/0.9462 val_ema=0.2222/0.1396 test77_live=0.7050/0.6688 test77_diag_ema=0.1403/0.0352 v13=0.0000 grl=0.1245 v15=0.0000 v15r=0.0000 v16=0.0000 v17=0.0000 v18=0.0000 das=stage2[10,50] p=0.70 ep_time=34.1s
[18:18:40] [save] best_sourceval_ema val_acc_ema=0.2222 source_val_live=0.9444/0.9462 source_val_ema=0.2222/0.1396 ep=13
[18:18:40] [train] epoch 14/100 steps=40 use_dann=0 das=stage2 f=[10.0,50.0] p=0.70 gpu=3.0/11.8GB
[18:18:41] [train] ep=14 step=001/40 ce=1.2584 sc=1.1506 mi=0.0825 dn=0.0000 v13=0.0000 grl=0.0986 v15=0.0000 v15r=0.0000 v16=0.0000 v17=0.0000 v18=0.0000 acc=0.9375 lr=2.92e-04 lambda=0.000 grl_lambda=0.572 v18_lambda=0.000 gpu=3.0/11.8GB
[18:18:46] [train] ep=14 step=010/40 ce=0.7867 sc=0.9411 mi=0.0749 dn=0.0000 v13=0.0000 grl=0.1404 v15=0.0000 v15r=0.0000 v16=0.0000 v17=0.0000 v18=0.0000 acc=0.9625 lr=2.92e-04 lambda=0.000 grl_lambda=0.579 v18_lambda=0.000 gpu=3.0/11.8GB
[18:18:52] [train] ep=14 step=020/40 ce=0.6761 sc=0.8536 mi=0.0736 dn=0.0000 v13=0.0000 grl=0.1337 v15=0.0000 v15r=0.0000 v16=0.0000 v17=0.0000 v18=0.0000 acc=0.9750 lr=2.91e-04 lambda=0.000 grl_lambda=0.587 v18_lambda=0.000 gpu=3.0/11.8GB
[18:18:58] [train] ep=14 step=030/40 ce=0.8524 sc=0.9114 mi=0.0733 dn=0.0000 v13=0.0000 grl=0.1382 v15=0.0000 v15r=0.0000 v16=0.0000 v17=0.0000 v18=0.0000 acc=0.9604 lr=2.91e-04 lambda=0.000 grl_lambda=0.596 v18_lambda=0.000 gpu=3.0/11.8GB
[18:19:04] [train] ep=14 step=040/40 ce=0.8602 sc=0.9746 mi=0.0721 dn=0.0000 v13=0.0000 grl=0.1328 v15=0.0000 v15r=0.0000 v16=0.0000 v17=0.0000 v18=0.0000 acc=0.9609 lr=2.91e-04 lambda=0.000 grl_lambda=0.604 v18_lambda=0.000 gpu=3.0/11.8GB
[18:19:14] [ep_summary] ep=14/100 val_live=0.9444/0.9462 val_ema=0.2284/0.1534 test77_live=0.6043/0.5580 test77_diag_ema=0.1403/0.0352 v13=0.0000 grl=0.1328 v15=0.0000 v15r=0.0000 v16=0.0000 v17=0.0000 v18=0.0000 das=stage2[10,50] p=0.70 ep_time=33.9s
[18:19:14] [save] best_sourceval_ema val_acc_ema=0.2284 source_val_live=0.9444/0.9462 source_val_ema=0.2284/0.1534 ep=14
[18:19:14] [train] epoch 15/100 steps=40 use_dann=0 das=stage2 f=[10.0,50.0] p=0.70 gpu=3.0/11.8GB
[18:19:15] [train] ep=15 step=001/40 ce=0.4161 sc=1.0371 mi=0.0775 dn=0.0000 v13=0.0000 grl=0.2014 v15=0.0000 v15r=0.0000 v16=0.0000 v17=0.0000 v18=0.0000 acc=1.0000 lr=2.91e-04 lambda=0.000 grl_lambda=0.604 v18_lambda=0.000 gpu=3.0/11.8GB
[18:19:20] [train] ep=15 step=010/40 ce=0.8532 sc=0.9836 mi=0.0705 dn=0.0000 v13=0.0000 grl=0.1486 v15=0.0000 v15r=0.0000 v16=0.0000 v17=0.0000 v18=0.0000 acc=0.9625 lr=2.90e-04 lambda=0.000 grl_lambda=0.611 v18_lambda=0.000 gpu=3.0/11.8GB
[18:19:26] [train] ep=15 step=020/40 ce=0.7112 sc=0.9236 mi=0.0694 dn=0.0000 v13=0.0000 grl=0.1496 v15=0.0000 v15r=0.0000 v16=0.0000 v17=0.0000 v18=0.0000 acc=0.9750 lr=2.90e-04 lambda=0.000 grl_lambda=0.619 v18_lambda=0.000 gpu=3.0/11.8GB
[18:19:32] [train] ep=15 step=030/40 ce=0.7354 sc=0.9286 mi=0.0701 dn=0.0000 v13=0.0000 grl=0.1571 v15=0.0000 v15r=0.0000 v16=0.0000 v17=0.0000 v18=0.0000 acc=0.9729 lr=2.89e-04 lambda=0.000 grl_lambda=0.627 v18_lambda=0.000 gpu=3.0/11.8GB
[18:19:38] [train] ep=15 step=040/40 ce=0.7051 sc=0.8950 mi=0.0712 dn=0.0000 v13=0.0000 grl=0.1524 v15=0.0000 v15r=0.0000 v16=0.0000 v17=0.0000 v18=0.0000 acc=0.9750 lr=2.89e-04 lambda=0.000 grl_lambda=0.634 v18_lambda=0.000 gpu=3.0/11.8GB
[18:19:48] [ep_summary] ep=15/100 val_live=0.9568/0.9559 val_ema=0.2716/0.2304 test77_live=0.7842/0.7644 test77_diag_ema=0.1403/0.0352 v13=0.0000 grl=0.1524 v15=0.0000 v15r=0.0000 v16=0.0000 v17=0.0000 v18=0.0000 das=stage2[10,50] p=0.70 ep_time=33.8s
[18:19:48] [save] best_sourceval_ema val_acc_ema=0.2716 source_val_live=0.9568/0.9559 source_val_ema=0.2716/0.2304 ep=15
[18:19:48] [train] epoch 16/100 steps=40 use_dann=0 das=stage2 f=[10.0,50.0] p=0.70 gpu=3.0/11.8GB
[18:19:49] [train] ep=16 step=001/40 ce=0.2997 sc=0.4533 mi=0.0735 dn=0.0000 v13=0.0000 grl=0.1949 v15=0.0000 v15r=0.0000 v16=0.0000 v17=0.0000 v18=0.0000 acc=1.0000 lr=2.89e-04 lambda=0.000 grl_lambda=0.635 v18_lambda=0.000 gpu=3.0/11.8GB
[18:19:54] [train] ep=16 step=010/40 ce=0.5179 sc=0.7728 mi=0.0686 dn=0.0000 v13=0.0000 grl=0.1639 v15=0.0000 v15r=0.0000 v16=0.0000 v17=0.0000 v18=0.0000 acc=0.9875 lr=2.88e-04 lambda=0.000 grl_lambda=0.642 v18_lambda=0.000 gpu=3.0/11.8GB
[18:20:00] [train] ep=16 step=020/40 ce=0.5897 sc=0.8363 mi=0.0696 dn=0.0000 v13=0.0000 grl=0.1760 v15=0.0000 v15r=0.0000 v16=0.0000 v17=0.0000 v18=0.0000 acc=0.9812 lr=2.88e-04 lambda=0.000 grl_lambda=0.649 v18_lambda=0.000 gpu=3.0/11.8GB
[18:20:06] [train] ep=16 step=030/40 ce=0.6146 sc=0.8862 mi=0.0692 dn=0.0000 v13=0.0000 grl=0.1674 v15=0.0000 v15r=0.0000 v16=0.0000 v17=0.0000 v18=0.0000 acc=0.9792 lr=2.87e-04 lambda=0.000 grl_lambda=0.656 v18_lambda=0.000 gpu=3.0/11.8GB
[18:20:11] [train] ep=16 step=040/40 ce=0.6240 sc=0.8900 mi=0.0699 dn=0.0000 v13=0.0000 grl=0.1672 v15=0.0000 v15r=0.0000 v16=0.0000 v17=0.0000 v18=0.0000 acc=0.9781 lr=2.87e-04 lambda=0.000 grl_lambda=0.663 v18_lambda=0.000 gpu=3.0/11.8GB
[18:20:22] [ep_summary] ep=16/100 val_live=0.9630/0.9631 val_ema=0.3395/0.3287 test77_live=0.7554/0.7091 test77_diag_ema=0.1403/0.0352 v13=0.0000 grl=0.1672 v15=0.0000 v15r=0.0000 v16=0.0000 v17=0.0000 v18=0.0000 das=stage2[10,50] p=0.70 ep_time=33.7s
[18:20:22] [save] best_sourceval_ema val_acc_ema=0.3395 source_val_live=0.9630/0.9631 source_val_ema=0.3395/0.3287 ep=16
[18:20:22] [train] epoch 17/100 steps=40 use_dann=0 das=stage2 f=[10.0,50.0] p=0.70 gpu=3.0/11.8GB
[18:20:22] [train] ep=17 step=001/40 ce=1.3666 sc=0.9292 mi=0.0723 dn=0.0000 v13=0.0000 grl=0.1609 v15=0.0000 v15r=0.0000 v16=0.0000 v17=0.0000 v18=0.0000 acc=0.8750 lr=2.87e-04 lambda=0.000 grl_lambda=0.664 v18_lambda=0.000 gpu=3.0/11.8GB
[18:20:28] [train] ep=17 step=010/40 ce=0.6979 sc=0.8994 mi=0.0695 dn=0.0000 v13=0.0000 grl=0.1680 v15=0.0000 v15r=0.0000 v16=0.0000 v17=0.0000 v18=0.0000 acc=0.9750 lr=2.86e-04 lambda=0.000 grl_lambda=0.670 v18_lambda=0.000 gpu=3.0/11.8GB
[18:20:33] [train] ep=17 step=020/40 ce=0.6917 sc=0.9281 mi=0.0700 dn=0.0000 v13=0.0000 grl=0.1744 v15=0.0000 v15r=0.0000 v16=0.0000 v17=0.0000 v18=0.0000 acc=0.9781 lr=2.86e-04 lambda=0.000 grl_lambda=0.677 v18_lambda=0.000 gpu=3.0/11.8GB
[18:20:39] [train] ep=17 step=030/40 ce=0.6312 sc=0.9279 mi=0.0694 dn=0.0000 v13=0.0000 grl=0.1749 v15=0.0000 v15r=0.0000 v16=0.0000 v17=0.0000 v18=0.0000 acc=0.9812 lr=2.85e-04 lambda=0.000 grl_lambda=0.684 v18_lambda=0.000 gpu=3.0/11.8GB
[18:20:45] [train] ep=17 step=040/40 ce=0.7173 sc=0.9640 mi=0.0689 dn=0.0000 v13=0.0000 grl=0.1681 v15=0.0000 v15r=0.0000 v16=0.0000 v17=0.0000 v18=0.0000 acc=0.9750 lr=2.85e-04 lambda=0.000 grl_lambda=0.690 v18_lambda=0.000 gpu=3.0/11.8GB
[18:20:56] [ep_summary] ep=17/100 val_live=0.9506/0.9505 val_ema=0.3889/0.3940 test77_live=0.7590/0.7117 test77_diag_ema=0.1403/0.0352 v13=0.0000 grl=0.1681 v15=0.0000 v15r=0.0000 v16=0.0000 v17=0.0000 v18=0.0000 das=stage2[10,50] p=0.70 ep_time=34.1s
[18:20:56] [save] best_sourceval_ema val_acc_ema=0.3889 source_val_live=0.9506/0.9505 source_val_ema=0.3889/0.3940 ep=17
[18:20:56] [train] epoch 18/100 steps=40 use_dann=0 das=stage2 f=[10.0,50.0] p=0.70 gpu=3.0/11.8GB
[18:20:57] [train] ep=18 step=001/40 ce=0.3977 sc=0.8601 mi=0.0654 dn=0.0000 v13=0.0000 grl=0.1846 v15=0.0000 v15r=0.0000 v16=0.0000 v17=0.0000 v18=0.0000 acc=1.0000 lr=2.85e-04 lambda=0.000 grl_lambda=0.691 v18_lambda=0.000 gpu=3.0/11.8GB
[18:21:02] [train] ep=18 step=010/40 ce=0.7468 sc=0.8834 mi=0.0720 dn=0.0000 v13=0.0000 grl=0.1763 v15=0.0000 v15r=0.0000 v16=0.0000 v17=0.0000 v18=0.0000 acc=0.9750 lr=2.84e-04 lambda=0.000 grl_lambda=0.697 v18_lambda=0.000 gpu=3.0/11.8GB
[18:21:08] [train] ep=18 step=020/40 ce=0.7162 sc=0.9266 mi=0.0718 dn=0.0000 v13=0.0000 grl=0.1888 v15=0.0000 v15r=0.0000 v16=0.0000 v17=0.0000 v18=0.0000 acc=0.9750 lr=2.84e-04 lambda=0.000 grl_lambda=0.703 v18_lambda=0.000 gpu=3.0/11.8GB
[18:21:13] [train] ep=18 step=030/40 ce=0.7558 sc=0.9468 mi=0.0708 dn=0.0000 v13=0.0000 grl=0.1844 v15=0.0000 v15r=0.0000 v16=0.0000 v17=0.0000 v18=0.0000 acc=0.9708 lr=2.83e-04 lambda=0.000 grl_lambda=0.710 v18_lambda=0.000 gpu=3.0/11.8GB
[18:21:19] [train] ep=18 step=040/40 ce=0.6822 sc=0.9315 mi=0.0695 dn=0.0000 v13=0.0000 grl=0.1859 v15=0.0000 v15r=0.0000 v16=0.0000 v17=0.0000 v18=0.0000 acc=0.9781 lr=2.83e-04 lambda=0.000 grl_lambda=0.716 v18_lambda=0.000 gpu=3.0/11.8GB
[18:21:30] [ep_summary] ep=18/100 val_live=0.9444/0.9444 val_ema=0.4383/0.4476 test77_live=0.8094/0.7890 test77_diag_ema=0.1403/0.0352 v13=0.0000 grl=0.1859 v15=0.0000 v15r=0.0000 v16=0.0000 v17=0.0000 v18=0.0000 das=stage2[10,50] p=0.70 ep_time=33.9s
[18:21:30] [save] best_sourceval_ema val_acc_ema=0.4383 source_val_live=0.9444/0.9444 source_val_ema=0.4383/0.4476 ep=18
[18:21:30] [train] epoch 19/100 steps=40 use_dann=0 das=stage2 f=[10.0,50.0] p=0.70 gpu=3.0/11.8GB
[18:21:30] [train] ep=19 step=001/40 ce=0.8258 sc=0.7064 mi=0.0655 dn=0.0000 v13=0.0000 grl=0.1910 v15=0.0000 v15r=0.0000 v16=0.0000 v17=0.0000 v18=0.0000 acc=0.9375 lr=2.83e-04 lambda=0.000 grl_lambda=0.716 v18_lambda=0.000 gpu=3.0/11.8GB
[18:21:36] [train] ep=19 step=010/40 ce=0.4469 sc=0.8322 mi=0.0708 dn=0.0000 v13=0.0000 grl=0.1898 v15=0.0000 v15r=0.0000 v16=0.0000 v17=0.0000 v18=0.0000 acc=0.9875 lr=2.82e-04 lambda=0.000 grl_lambda=0.722 v18_lambda=0.000 gpu=3.0/11.8GB
[18:21:42] [train] ep=19 step=020/40 ce=0.5050 sc=0.9213 mi=0.0714 dn=0.0000 v13=0.0000 grl=0.1811 v15=0.0000 v15r=0.0000 v16=0.0000 v17=0.0000 v18=0.0000 acc=0.9875 lr=2.82e-04 lambda=0.000 grl_lambda=0.728 v18_lambda=0.000 gpu=3.0/11.8GB
[18:21:47] [train] ep=19 step=030/40 ce=0.5439 sc=0.9367 mi=0.0698 dn=0.0000 v13=0.0000 grl=0.1726 v15=0.0000 v15r=0.0000 v16=0.0000 v17=0.0000 v18=0.0000 acc=0.9833 lr=2.81e-04 lambda=0.000 grl_lambda=0.733 v18_lambda=0.000 gpu=3.0/11.8GB
[18:21:53] [train] ep=19 step=040/40 ce=0.5390 sc=0.9347 mi=0.0694 dn=0.0000 v13=0.0000 grl=0.1774 v15=0.0000 v15r=0.0000 v16=0.0000 v17=0.0000 v18=0.0000 acc=0.9844 lr=2.80e-04 lambda=0.000 grl_lambda=0.739 v18_lambda=0.000 gpu=3.0/11.8GB
[18:22:04] [ep_summary] ep=19/100 val_live=0.9259/0.9234 val_ema=0.4753/0.4818 test77_live=0.7842/0.7219 test77_diag_ema=0.1403/0.0352 v13=0.0000 grl=0.1774 v15=0.0000 v15r=0.0000 v16=0.0000 v17=0.0000 v18=0.0000 das=stage2[10,50] p=0.70 ep_time=33.9s
[18:22:04] [save] best_sourceval_ema val_acc_ema=0.4753 source_val_live=0.9259/0.9234 source_val_ema=0.4753/0.4818 ep=19
[18:22:04] [train] epoch 20/100 steps=40 use_dann=0 das=stage2 f=[10.0,50.0] p=0.70 gpu=3.0/11.8GB
[18:22:04] [train] ep=20 step=001/40 ce=1.1240 sc=0.8682 mi=0.0615 dn=0.0000 v13=0.0000 grl=0.1413 v15=0.0000 v15r=0.0000 v16=0.0000 v17=0.0000 v18=0.0000 acc=1.0000 lr=2.80e-04 lambda=0.000 grl_lambda=0.740 v18_lambda=0.000 gpu=3.0/11.8GB
[18:22:10] [train] ep=20 step=010/40 ce=0.6503 sc=0.9120 mi=0.0683 dn=0.0000 v13=0.0000 grl=0.1928 v15=0.0000 v15r=0.0000 v16=0.0000 v17=0.0000 v18=0.0000 acc=0.9812 lr=2.80e-04 lambda=0.000 grl_lambda=0.745 v18_lambda=0.000 gpu=3.0/11.8GB
[18:22:16] [train] ep=20 step=020/40 ce=0.5876 sc=0.9111 mi=0.0697 dn=0.0000 v13=0.0000 grl=0.1794 v15=0.0000 v15r=0.0000 v16=0.0000 v17=0.0000 v18=0.0000 acc=0.9781 lr=2.79e-04 lambda=0.000 grl_lambda=0.750 v18_lambda=0.000 gpu=3.0/11.8GB
[18:22:21] [train] ep=20 step=030/40 ce=0.5191 sc=0.8651 mi=0.0696 dn=0.0000 v13=0.0000 grl=0.1815 v15=0.0000 v15r=0.0000 v16=0.0000 v17=0.0000 v18=0.0000 acc=0.9854 lr=2.79e-04 lambda=0.000 grl_lambda=0.756 v18_lambda=0.000 gpu=3.0/11.8GB
[18:22:27] [train] ep=20 step=040/40 ce=0.5109 sc=0.8623 mi=0.0686 dn=0.0000 v13=0.0000 grl=0.1829 v15=0.0000 v15r=0.0000 v16=0.0000 v17=0.0000 v18=0.0000 acc=0.9859 lr=2.78e-04 lambda=0.000 grl_lambda=0.761 v18_lambda=0.000 gpu=3.0/11.8GB
[18:22:38] [pool] check ep=020/100 source_val_acc_ema=0.5309 threshold=0.90
[18:22:38] [pool] ep=020 SKIP (source_val_acc_ema=0.5309 < 0.90)
[18:22:38] [ep_summary] ep=20/100 val_live=0.9568/0.9567 val_ema=0.5309/0.5342 test77_live=0.8094/0.7837 test77_diag_ema=0.1403/0.0352 v13=0.0000 grl=0.1829 v15=0.0000 v15r=0.0000 v16=0.0000 v17=0.0000 v18=0.0000 das=stage2[10,50] p=0.70 ep_time=34.0s
[18:22:38] [save] best_sourceval_ema val_acc_ema=0.5309 source_val_live=0.9568/0.9567 source_val_ema=0.5309/0.5342 ep=20
[18:22:38] [strict77_monitor] ep=20 best_source_epoch=20 source_val_ema=0.5309/0.5342 test77_ema_diag=0.1403/0.0352 sourcequalified_count=0
[18:22:38] [train] epoch 21/100 steps=40 use_dann=0 das=stage2 f=[10.0,50.0] p=0.70 gpu=3.0/11.8GB
[18:22:38] [train] ep=21 step=001/40 ce=0.3026 sc=0.4527 mi=0.0704 dn=0.0000 v13=0.0000 grl=0.2386 v15=0.0000 v15r=0.0000 v16=0.0000 v17=0.0000 v18=0.0000 acc=1.0000 lr=2.78e-04 lambda=0.000 grl_lambda=0.762 v18_lambda=0.000 gpu=3.0/11.8GB
[18:22:44] [train] ep=21 step=010/40 ce=0.4860 sc=0.7369 mi=0.0683 dn=0.0000 v13=0.0000 grl=0.1691 v15=0.0000 v15r=0.0000 v16=0.0000 v17=0.0000 v18=0.0000 acc=0.9938 lr=2.77e-04 lambda=0.000 grl_lambda=0.766 v18_lambda=0.000 gpu=3.0/11.8GB
[18:22:49] [train] ep=21 step=020/40 ce=0.4638 sc=0.7960 mi=0.0684 dn=0.0000 v13=0.0000 grl=0.1681 v15=0.0000 v15r=0.0000 v16=0.0000 v17=0.0000 v18=0.0000 acc=0.9969 lr=2.77e-04 lambda=0.000 grl_lambda=0.771 v18_lambda=0.000 gpu=3.0/11.8GB
[18:22:55] [train] ep=21 step=030/40 ce=0.4772 sc=0.8270 mi=0.0675 dn=0.0000 v13=0.0000 grl=0.1770 v15=0.0000 v15r=0.0000 v16=0.0000 v17=0.0000 v18=0.0000 acc=0.9938 lr=2.76e-04 lambda=0.000 grl_lambda=0.776 v18_lambda=0.000 gpu=3.0/11.8GB
[18:23:01] [train] ep=21 step=040/40 ce=0.4685 sc=0.8166 mi=0.0676 dn=0.0000 v13=0.0000 grl=0.1778 v15=0.0000 v15r=0.0000 v16=0.0000 v17=0.0000 v18=0.0000 acc=0.9922 lr=2.75e-04 lambda=0.000 grl_lambda=0.781 v18_lambda=0.000 gpu=3.0/11.8GB
[18:23:12] [ep_summary] ep=21/100 val_live=0.9815/0.9819 val_ema=0.5864/0.5854 test77_live=0.8885/0.8863 test77_diag_ema=0.1403/0.0352 v13=0.0000 grl=0.1778 v15=0.0000 v15r=0.0000 v16=0.0000 v17=0.0000 v18=0.0000 das=stage2[10,50] p=0.70 ep_time=33.9s
[18:23:12] [save] best_sourceval_ema val_acc_ema=0.5864 source_val_live=0.9815/0.9819 source_val_ema=0.5864/0.5854 ep=21
[18:23:12] [train] epoch 22/100 steps=40 use_dann=0 das=stage2 f=[10.0,50.0] p=0.70 gpu=3.0/11.8GB
[18:23:13] [train] ep=22 step=001/40 ce=0.3467 sc=0.5626 mi=0.0596 dn=0.0000 v13=0.0000 grl=0.1800 v15=0.0000 v15r=0.0000 v16=0.0000 v17=0.0000 v18=0.0000 acc=1.0000 lr=2.75e-04 lambda=0.000 grl_lambda=0.782 v18_lambda=0.000 gpu=3.0/11.8GB
[18:23:18] [train] ep=22 step=010/40 ce=0.5145 sc=0.7875 mi=0.0692 dn=0.0000 v13=0.0000 grl=0.1861 v15=0.0000 v15r=0.0000 v16=0.0000 v17=0.0000 v18=0.0000 acc=0.9750 lr=2.75e-04 lambda=0.000 grl_lambda=0.786 v18_lambda=0.000 gpu=3.0/11.8GB
[18:23:24] [train] ep=22 step=020/40 ce=0.4584 sc=0.8177 mi=0.0662 dn=0.0000 v13=0.0000 grl=0.1947 v15=0.0000 v15r=0.0000 v16=0.0000 v17=0.0000 v18=0.0000 acc=0.9844 lr=2.74e-04 lambda=0.000 grl_lambda=0.791 v18_lambda=0.000 gpu=3.0/11.8GB
[18:23:29] [train] ep=22 step=030/40 ce=0.4642 sc=0.8979 mi=0.0656 dn=0.0000 v13=0.0000 grl=0.1866 v15=0.0000 v15r=0.0000 v16=0.0000 v17=0.0000 v18=0.0000 acc=0.9854 lr=2.73e-04 lambda=0.000 grl_lambda=0.796 v18_lambda=0.000 gpu=3.0/11.8GB
[18:23:35] [train] ep=22 step=040/40 ce=0.4726 sc=0.9126 mi=0.0669 dn=0.0000 v13=0.0000 grl=0.1811 v15=0.0000 v15r=0.0000 v16=0.0000 v17=0.0000 v18=0.0000 acc=0.9859 lr=2.73e-04 lambda=0.000 grl_lambda=0.800 v18_lambda=0.000 gpu=3.0/11.8GB
[18:23:46] [ep_summary] ep=22/100 val_live=0.9321/0.9298 val_ema=0.6049/0.6043 test77_live=0.8129/0.7857 test77_diag_ema=0.1403/0.0352 v13=0.0000 grl=0.1811 v15=0.0000 v15r=0.0000 v16=0.0000 v17=0.0000 v18=0.0000 das=stage2[10,50] p=0.70 ep_time=34.0s
[18:23:46] [save] best_sourceval_ema val_acc_ema=0.6049 source_val_live=0.9321/0.9298 source_val_ema=0.6049/0.6043 ep=22
[18:23:46] [train] epoch 23/100 steps=40 use_dann=0 das=stage2 f=[10.0,50.0] p=0.70 gpu=3.0/11.8GB
[18:23:46] [train] ep=23 step=001/40 ce=0.2731 sc=0.4401 mi=0.0778 dn=0.0000 v13=0.0000 grl=0.2835 v15=0.0000 v15r=0.0000 v16=0.0000 v17=0.0000 v18=0.0000 acc=1.0000 lr=2.72e-04 lambda=0.000 grl_lambda=0.800 v18_lambda=0.000 gpu=3.0/11.8GB
[18:23:52] [train] ep=23 step=010/40 ce=0.3809 sc=0.7697 mi=0.0726 dn=0.0000 v13=0.0000 grl=0.1846 v15=0.0000 v15r=0.0000 v16=0.0000 v17=0.0000 v18=0.0000 acc=0.9938 lr=2.72e-04 lambda=0.000 grl_lambda=0.805 v18_lambda=0.000 gpu=3.0/11.8GB
[18:23:58] [train] ep=23 step=020/40 ce=0.4194 sc=0.7773 mi=0.0679 dn=0.0000 v13=0.0000 grl=0.1775 v15=0.0000 v15r=0.0000 v16=0.0000 v17=0.0000 v18=0.0000 acc=0.9875 lr=2.71e-04 lambda=0.000 grl_lambda=0.809 v18_lambda=0.000 gpu=3.0/11.8GB
[18:24:03] [train] ep=23 step=030/40 ce=0.4113 sc=0.7637 mi=0.0668 dn=0.0000 v13=0.0000 grl=0.1813 v15=0.0000 v15r=0.0000 v16=0.0000 v17=0.0000 v18=0.0000 acc=0.9896 lr=2.70e-04 lambda=0.000 grl_lambda=0.813 v18_lambda=0.000 gpu=3.0/11.8GB
[18:24:09] [train] ep=23 step=040/40 ce=0.4725 sc=0.8139 mi=0.0661 dn=0.0000 v13=0.0000 grl=0.1768 v15=0.0000 v15r=0.0000 v16=0.0000 v17=0.0000 v18=0.0000 acc=0.9844 lr=2.70e-04 lambda=0.000 grl_lambda=0.817 v18_lambda=0.000 gpu=3.0/11.8GB
[18:24:20] [ep_summary] ep=23/100 val_live=0.9568/0.9572 val_ema=0.6605/0.6527 test77_live=0.7734/0.7367 test77_diag_ema=0.1403/0.0352 v13=0.0000 grl=0.1768 v15=0.0000 v15r=0.0000 v16=0.0000 v17=0.0000 v18=0.0000 das=stage2[10,50] p=0.70 ep_time=33.8s
[18:24:20] [save] best_sourceval_ema val_acc_ema=0.6605 source_val_live=0.9568/0.9572 source_val_ema=0.6605/0.6527 ep=23
[18:24:20] [train] epoch 24/100 steps=40 use_dann=0 das=stage2 f=[10.0,50.0] p=0.70 gpu=3.0/11.8GB
[18:24:20] [train] ep=24 step=001/40 ce=0.4388 sc=0.8562 mi=0.0645 dn=0.0000 v13=0.0000 grl=0.1176 v15=0.0000 v15r=0.0000 v16=0.0000 v17=0.0000 v18=0.0000 acc=1.0000 lr=2.70e-04 lambda=0.000 grl_lambda=0.818 v18_lambda=0.000 gpu=3.0/11.8GB
[18:24:26] [train] ep=24 step=010/40 ce=0.6210 sc=0.9305 mi=0.0689 dn=0.0000 v13=0.0000 grl=0.1792 v15=0.0000 v15r=0.0000 v16=0.0000 v17=0.0000 v18=0.0000 acc=0.9750 lr=2.69e-04 lambda=0.000 grl_lambda=0.821 v18_lambda=0.000 gpu=3.0/11.8GB
[18:24:31] [train] ep=24 step=020/40 ce=0.4761 sc=0.7839 mi=0.0679 dn=0.0000 v13=0.0000 grl=0.1829 v15=0.0000 v15r=0.0000 v16=0.0000 v17=0.0000 v18=0.0000 acc=0.9875 lr=2.68e-04 lambda=0.000 grl_lambda=0.825 v18_lambda=0.000 gpu=3.0/11.8GB
[18:24:37] [train] ep=24 step=030/40 ce=0.5450 sc=0.8805 mi=0.0685 dn=0.0000 v13=0.0000 grl=0.1831 v15=0.0000 v15r=0.0000 v16=0.0000 v17=0.0000 v18=0.0000 acc=0.9833 lr=2.67e-04 lambda=0.000 grl_lambda=0.829 v18_lambda=0.000 gpu=3.0/11.8GB
[18:24:43] [train] ep=24 step=040/40 ce=0.5141 sc=0.9159 mi=0.0679 dn=0.0000 v13=0.0000 grl=0.1837 v15=0.0000 v15r=0.0000 v16=0.0000 v17=0.0000 v18=0.0000 acc=0.9859 lr=2.67e-04 lambda=0.000 grl_lambda=0.833 v18_lambda=0.000 gpu=3.0/11.8GB
[18:25:20] [ep_summary] ep=24/100 val_live=0.9383/0.9371 val_ema=0.7160/0.7104 test77_live=0.8201/0.8056 test77_diag_ema=0.1403/0.0352 v13=0.0000 grl=0.1837 v15=0.0000 v15r=0.0000 v16=0.0000 v17=0.0000 v18=0.0000 das=stage2[10,50] p=0.70 ep_time=60.0s
[18:25:20] [save] best_sourceval_ema val_acc_ema=0.7160 source_val_live=0.9383/0.9371 source_val_ema=0.7160/0.7104 ep=24
[18:25:20] [train] epoch 25/100 steps=40 use_dann=0 das=stage3 f=[12.0,95.0] p=1.00 gpu=3.0/11.8GB
[18:25:20] [train] ep=25 step=001/40 ce=1.4860 sc=1.2568 mi=0.0843 dn=0.0000 v13=0.0000 grl=0.3303 v15=0.0000 v15r=0.0000 v16=0.0000 v17=0.0000 v18=0.0000 acc=0.9375 lr=2.67e-04 lambda=0.000 grl_lambda=0.834 v18_lambda=0.000 gpu=3.0/11.8GB
[18:25:26] [train] ep=25 step=010/40 ce=0.8942 sc=1.0200 mi=0.0785 dn=0.0000 v13=0.0000 grl=0.2850 v15=0.0000 v15r=0.0000 v16=0.0000 v17=0.0000 v18=0.0000 acc=0.9563 lr=2.66e-04 lambda=0.000 grl_lambda=0.837 v18_lambda=0.000 gpu=3.0/11.8GB
[18:25:31] [train] ep=25 step=020/40 ce=0.6858 sc=1.0023 mi=0.0768 dn=0.0000 v13=0.0000 grl=0.2706 v15=0.0000 v15r=0.0000 v16=0.0000 v17=0.0000 v18=0.0000 acc=0.9688 lr=2.65e-04 lambda=0.000 grl_lambda=0.841 v18_lambda=0.000 gpu=3.0/11.8GB
[18:25:37] [train] ep=25 step=030/40 ce=0.6844 sc=0.9851 mi=0.0749 dn=0.0000 v13=0.0000 grl=0.2731 v15=0.0000 v15r=0.0000 v16=0.0000 v17=0.0000 v18=0.0000 acc=0.9688 lr=2.64e-04 lambda=0.000 grl_lambda=0.844 v18_lambda=0.000 gpu=3.0/11.8GB
[18:25:43] [train] ep=25 step=040/40 ce=0.6520 sc=0.9446 mi=0.0739 dn=0.0000 v13=0.0000 grl=0.2708 v15=0.0000 v15r=0.0000 v16=0.0000 v17=0.0000 v18=0.0000 acc=0.9703 lr=2.64e-04 lambda=0.000 grl_lambda=0.848 v18_lambda=0.000 gpu=3.0/11.8GB
[18:26:06] [ep_summary] ep=25/100 val_live=0.9506/0.9500 val_ema=0.7531/0.7431 test77_live=0.8489/0.8485 test77_diag_ema=0.1403/0.0352 v13=0.0000 grl=0.2708 v15=0.0000 v15r=0.0000 v16=0.0000 v17=0.0000 v18=0.0000 das=stage3[12,95] p=1.00 ep_time=46.6s
[18:26:11] [save] best_sourceval_ema val_acc_ema=0.7531 source_val_live=0.9506/0.9500 source_val_ema=0.7531/0.7431 ep=25
[18:26:11] [train] epoch 26/100 steps=40 use_dann=0 das=stage3 f=[12.0,95.0] p=1.00 gpu=3.0/11.8GB
[18:26:11] [train] ep=26 step=001/40 ce=0.3151 sc=0.6273 mi=0.0750 dn=0.0000 v13=0.0000 grl=0.2987 v15=0.0000 v15r=0.0000 v16=0.0000 v17=0.0000 v18=0.0000 acc=1.0000 lr=2.64e-04 lambda=0.000 grl_lambda=0.848 v18_lambda=0.000 gpu=3.0/11.8GB
[18:26:16] [train] ep=26 step=010/40 ce=0.6495 sc=0.7518 mi=0.0697 dn=0.0000 v13=0.0000 grl=0.2712 v15=0.0000 v15r=0.0000 v16=0.0000 v17=0.0000 v18=0.0000 acc=0.9625 lr=2.63e-04 lambda=0.000 grl_lambda=0.851 v18_lambda=0.000 gpu=3.0/11.8GB
[18:26:22] [train] ep=26 step=020/40 ce=0.6303 sc=0.8343 mi=0.0711 dn=0.0000 v13=0.0000 grl=0.2682 v15=0.0000 v15r=0.0000 v16=0.0000 v17=0.0000 v18=0.0000 acc=0.9719 lr=2.62e-04 lambda=0.000 grl_lambda=0.855 v18_lambda=0.000 gpu=3.0/11.8GB
[18:26:28] [train] ep=26 step=030/40 ce=0.5763 sc=0.8339 mi=0.0699 dn=0.0000 v13=0.0000 grl=0.2650 v15=0.0000 v15r=0.0000 v16=0.0000 v17=0.0000 v18=0.0000 acc=0.9771 lr=2.61e-04 lambda=0.000 grl_lambda=0.858 v18_lambda=0.000 gpu=3.0/11.8GB
[18:26:34] [train] ep=26 step=040/40 ce=0.6269 sc=0.8702 mi=0.0696 dn=0.0000 v13=0.0000 grl=0.2605 v15=0.0000 v15r=0.0000 v16=0.0000 v17=0.0000 v18=0.0000 acc=0.9750 lr=2.60e-04 lambda=0.000 grl_lambda=0.861 v18_lambda=0.000 gpu=3.0/11.8GB
[18:26:52] [ep_summary] ep=26/100 val_live=0.9630/0.9634 val_ema=0.7840/0.7769 test77_live=0.8453/0.8391 test77_diag_ema=0.1403/0.0352 v13=0.0000 grl=0.2605 v15=0.0000 v15r=0.0000 v16=0.0000 v17=0.0000 v18=0.0000 das=stage3[12,95] p=1.00 ep_time=41.4s
[18:26:52] [save] best_sourceval_ema val_acc_ema=0.7840 source_val_live=0.9630/0.9634 source_val_ema=0.7840/0.7769 ep=26
[18:26:52] [train] epoch 27/100 steps=40 use_dann=0 das=stage3 f=[12.0,95.0] p=1.00 gpu=3.0/11.8GB
[18:26:53] [train] ep=27 step=001/40 ce=1.0960 sc=1.4817 mi=0.0603 dn=0.0000 v13=0.0000 grl=0.3392 v15=0.0000 v15r=0.0000 v16=0.0000 v17=0.0000 v18=0.0000 acc=0.9375 lr=2.60e-04 lambda=0.000 grl_lambda=0.862 v18_lambda=0.000 gpu=3.0/11.8GB
[18:26:58] [train] ep=27 step=010/40 ce=0.5324 sc=0.9076 mi=0.0671 dn=0.0000 v13=0.0000 grl=0.2623 v15=0.0000 v15r=0.0000 v16=0.0000 v17=0.0000 v18=0.0000 acc=0.9875 lr=2.60e-04 lambda=0.000 grl_lambda=0.865 v18_lambda=0.000 gpu=3.0/11.8GB
[18:27:04] [train] ep=27 step=020/40 ce=0.5333 sc=0.9271 mi=0.0685 dn=0.0000 v13=0.0000 grl=0.2664 v15=0.0000 v15r=0.0000 v16=0.0000 v17=0.0000 v18=0.0000 acc=0.9844 lr=2.59e-04 lambda=0.000 grl_lambda=0.868 v18_lambda=0.000 gpu=3.0/11.8GB
[18:27:09] [train] ep=27 step=030/40 ce=0.5347 sc=0.9104 mi=0.0678 dn=0.0000 v13=0.0000 grl=0.2789 v15=0.0000 v15r=0.0000 v16=0.0000 v17=0.0000 v18=0.0000 acc=0.9854 lr=2.58e-04 lambda=0.000 grl_lambda=0.871 v18_lambda=0.000 gpu=3.0/11.8GB
[18:27:15] [train] ep=27 step=040/40 ce=0.5613 sc=0.9167 mi=0.0682 dn=0.0000 v13=0.0000 grl=0.2745 v15=0.0000 v15r=0.0000 v16=0.0000 v17=0.0000 v18=0.0000 acc=0.9844 lr=2.57e-04 lambda=0.000 grl_lambda=0.874 v18_lambda=0.000 gpu=3.0/11.8GB
[18:27:43] [ep_summary] ep=27/100 val_live=0.9691/0.9689 val_ema=0.8086/0.8028 test77_live=0.8525/0.8448 test77_diag_ema=0.1475/0.0493 v13=0.0000 grl=0.2745 v15=0.0000 v15r=0.0000 v16=0.0000 v17=0.0000 v18=0.0000 das=stage3[12,95] p=1.00 ep_time=51.1s
[18:27:43] [save] best_sourceval_ema val_acc_ema=0.8086 source_val_live=0.9691/0.9689 source_val_ema=0.8086/0.8028 ep=27
[18:27:44] [train] epoch 28/100 steps=40 use_dann=0 das=stage3 f=[12.0,95.0] p=1.00 gpu=3.0/11.8GB
[18:27:44] [train] ep=28 step=001/40 ce=0.4261 sc=1.1414 mi=0.0615 dn=0.0000 v13=0.0000 grl=0.2044 v15=0.0000 v15r=0.0000 v16=0.0000 v17=0.0000 v18=0.0000 acc=1.0000 lr=2.57e-04 lambda=0.000 grl_lambda=0.874 v18_lambda=0.000 gpu=3.0/11.8GB
[18:27:50] [train] ep=28 step=010/40 ce=0.3573 sc=0.8269 mi=0.0681 dn=0.0000 v13=0.0000 grl=0.2594 v15=0.0000 v15r=0.0000 v16=0.0000 v17=0.0000 v18=0.0000 acc=1.0000 lr=2.56e-04 lambda=0.000 grl_lambda=0.877 v18_lambda=0.000 gpu=3.0/11.8GB
[18:27:55] [train] ep=28 step=020/40 ce=0.4570 sc=0.8281 mi=0.0692 dn=0.0000 v13=0.0000 grl=0.2813 v15=0.0000 v15r=0.0000 v16=0.0000 v17=0.0000 v18=0.0000 acc=0.9906 lr=2.55e-04 lambda=0.000 grl_lambda=0.880 v18_lambda=0.000 gpu=3.0/11.8GB
[18:28:01] [train] ep=28 step=030/40 ce=0.5166 sc=0.8548 mi=0.0697 dn=0.0000 v13=0.0000 grl=0.2921 v15=0.0000 v15r=0.0000 v16=0.0000 v17=0.0000 v18=0.0000 acc=0.9854 lr=2.54e-04 lambda=0.000 grl_lambda=0.882 v18_lambda=0.000 gpu=3.0/11.8GB
[18:28:07] [train] ep=28 step=040/40 ce=0.5444 sc=0.8576 mi=0.0710 dn=0.0000 v13=0.0000 grl=0.2907 v15=0.0000 v15r=0.0000 v16=0.0000 v17=0.0000 v18=0.0000 acc=0.9844 lr=2.54e-04 lambda=0.000 grl_lambda=0.885 v18_lambda=0.000 gpu=3.0/11.8GB
[18:28:17] [ep_summary] ep=28/100 val_live=0.9691/0.9696 val_ema=0.8210/0.8200 test77_live=0.8453/0.8407 test77_diag_ema=0.1511/0.0561 v13=0.0000 grl=0.2907 v15=0.0000 v15r=0.0000 v16=0.0000 v17=0.0000 v18=0.0000 das=stage3[12,95] p=1.00 ep_time=34.0s
[18:28:18] [save] best_sourceval_ema val_acc_ema=0.8210 source_val_live=0.9691/0.9696 source_val_ema=0.8210/0.8200 ep=28
[18:28:18] [train] epoch 29/100 steps=40 use_dann=0 das=stage3 f=[12.0,95.0] p=1.00 gpu=3.0/11.8GB
[18:28:18] [train] ep=29 step=001/40 ce=1.3527 sc=1.8109 mi=0.0590 dn=0.0000 v13=0.0000 grl=0.1745 v15=0.0000 v15r=0.0000 v16=0.0000 v17=0.0000 v18=0.0000 acc=0.9375 lr=2.53e-04 lambda=0.000 grl_lambda=0.885 v18_lambda=0.000 gpu=3.0/11.8GB
[18:28:24] [train] ep=29 step=010/40 ce=0.3921 sc=0.7993 mi=0.0639 dn=0.0000 v13=0.0000 grl=0.2363 v15=0.0000 v15r=0.0000 v16=0.0000 v17=0.0000 v18=0.0000 acc=0.9938 lr=2.53e-04 lambda=0.000 grl_lambda=0.888 v18_lambda=0.000 gpu=3.0/11.8GB
[18:28:29] [train] ep=29 step=020/40 ce=0.4755 sc=0.8577 mi=0.0642 dn=0.0000 v13=0.0000 grl=0.2442 v15=0.0000 v15r=0.0000 v16=0.0000 v17=0.0000 v18=0.0000 acc=0.9875 lr=2.52e-04 lambda=0.000 grl_lambda=0.890 v18_lambda=0.000 gpu=3.0/11.8GB
[18:28:35] [train] ep=29 step=030/40 ce=0.4685 sc=0.8241 mi=0.0650 dn=0.0000 v13=0.0000 grl=0.2416 v15=0.0000 v15r=0.0000 v16=0.0000 v17=0.0000 v18=0.0000 acc=0.9854 lr=2.51e-04 lambda=0.000 grl_lambda=0.893 v18_lambda=0.000 gpu=3.0/11.8GB
[18:28:41] [train] ep=29 step=040/40 ce=0.5147 sc=0.8297 mi=0.0658 dn=0.0000 v13=0.0000 grl=0.2481 v15=0.0000 v15r=0.0000 v16=0.0000 v17=0.0000 v18=0.0000 acc=0.9812 lr=2.50e-04 lambda=0.000 grl_lambda=0.895 v18_lambda=0.000 gpu=3.0/11.8GB
[18:28:52] [ep_summary] ep=29/100 val_live=0.9630/0.9639 val_ema=0.8395/0.8362 test77_live=0.8525/0.8511 test77_diag_ema=0.1799/0.1025 v13=0.0000 grl=0.2481 v15=0.0000 v15r=0.0000 v16=0.0000 v17=0.0000 v18=0.0000 das=stage3[12,95] p=1.00 ep_time=34.1s
[18:28:52] [save] best_sourceval_ema val_acc_ema=0.8395 source_val_live=0.9630/0.9639 source_val_ema=0.8395/0.8362 ep=29
[18:28:52] [train] epoch 30/100 steps=40 use_dann=0 das=stage3 f=[12.0,95.0] p=1.00 gpu=3.0/11.8GB
[18:28:52] [train] ep=30 step=001/40 ce=0.2938 sc=1.3457 mi=0.0803 dn=0.0000 v13=0.0000 grl=0.2176 v15=0.0000 v15r=0.0000 v16=0.0000 v17=0.0000 v18=0.0000 acc=1.0000 lr=2.50e-04 lambda=0.000 grl_lambda=0.896 v18_lambda=0.000 gpu=3.0/11.8GB
[18:28:57] [train] ep=30 step=010/40 ce=0.4822 sc=0.8781 mi=0.0694 dn=0.0000 v13=0.0000 grl=0.2608 v15=0.0000 v15r=0.0000 v16=0.0000 v17=0.0000 v18=0.0000 acc=0.9938 lr=2.49e-04 lambda=0.000 grl_lambda=0.898 v18_lambda=0.000 gpu=3.0/11.8GB
[18:29:03] [train] ep=30 step=020/40 ce=0.5470 sc=0.9009 mi=0.0705 dn=0.0000 v13=0.0000 grl=0.2507 v15=0.0000 v15r=0.0000 v16=0.0000 v17=0.0000 v18=0.0000 acc=0.9812 lr=2.48e-04 lambda=0.000 grl_lambda=0.900 v18_lambda=0.000 gpu=3.0/11.8GB
[18:29:09] [train] ep=30 step=030/40 ce=0.5599 sc=0.9407 mi=0.0691 dn=0.0000 v13=0.0000 grl=0.2508 v15=0.0000 v15r=0.0000 v16=0.0000 v17=0.0000 v18=0.0000 acc=0.9792 lr=2.47e-04 lambda=0.000 grl_lambda=0.903 v18_lambda=0.000 gpu=3.0/11.8GB
[18:29:15] [train] ep=30 step=040/40 ce=0.5915 sc=0.9867 mi=0.0690 dn=0.0000 v13=0.0000 grl=0.2520 v15=0.0000 v15r=0.0000 v16=0.0000 v17=0.0000 v18=0.0000 acc=0.9750 lr=2.46e-04 lambda=0.000 grl_lambda=0.905 v18_lambda=0.000 gpu=3.0/11.8GB
[18:29:25] [pool] check ep=030/100 source_val_acc_ema=0.8704 threshold=0.90
[18:29:25] [pool] ep=030 SKIP (source_val_acc_ema=0.8704 < 0.90)
[18:29:25] [ep_summary] ep=30/100 val_live=0.9630/0.9624 val_ema=0.8704/0.8696 test77_live=0.8201/0.8157 test77_diag_ema=0.2086/0.1432 v13=0.0000 grl=0.2520 v15=0.0000 v15r=0.0000 v16=0.0000 v17=0.0000 v18=0.0000 das=stage3[12,95] p=1.00 ep_time=33.8s
[18:29:25] [save] best_sourceval_ema val_acc_ema=0.8704 source_val_live=0.9630/0.9624 source_val_ema=0.8704/0.8696 ep=30
[18:29:25] [strict77_monitor] ep=30 best_source_epoch=30 source_val_ema=0.8704/0.8696 test77_ema_diag=0.2086/0.1432 sourcequalified_count=0
[18:29:26] [train] epoch 31/100 steps=40 use_dann=0 das=stage3 f=[12.0,95.0] p=1.00 gpu=3.0/11.8GB
[18:29:26] [train] ep=31 step=001/40 ce=0.2828 sc=1.0630 mi=0.0598 dn=0.0000 v13=0.0000 grl=0.1954 v15=0.0000 v15r=0.0000 v16=0.0000 v17=0.0000 v18=0.0000 acc=1.0000 lr=2.46e-04 lambda=0.000 grl_lambda=0.905 v18_lambda=0.000 gpu=3.0/11.8GB
[18:29:31] [train] ep=31 step=010/40 ce=0.3822 sc=0.8045 mi=0.0675 dn=0.0000 v13=0.0000 grl=0.2062 v15=0.0000 v15r=0.0000 v16=0.0000 v17=0.0000 v18=0.0000 acc=1.0000 lr=2.45e-04 lambda=0.000 grl_lambda=0.907 v18_lambda=0.000 gpu=3.0/11.8GB
[18:29:37] [train] ep=31 step=020/40 ce=0.3419 sc=0.7745 mi=0.0685 dn=0.0000 v13=0.0000 grl=0.2172 v15=0.0000 v15r=0.0000 v16=0.0000 v17=0.0000 v18=0.0000 acc=1.0000 lr=2.44e-04 lambda=0.000 grl_lambda=0.909 v18_lambda=0.000 gpu=3.0/11.8GB
[18:29:43] [train] ep=31 step=030/40 ce=0.3522 sc=0.7504 mi=0.0692 dn=0.0000 v13=0.0000 grl=0.2383 v15=0.0000 v15r=0.0000 v16=0.0000 v17=0.0000 v18=0.0000 acc=1.0000 lr=2.43e-04 lambda=0.000 grl_lambda=0.911 v18_lambda=0.000 gpu=3.0/11.8GB
[18:29:49] [train] ep=31 step=040/40 ce=0.3850 sc=0.7590 mi=0.0690 dn=0.0000 v13=0.0000 grl=0.2393 v15=0.0000 v15r=0.0000 v16=0.0000 v17=0.0000 v18=0.0000 acc=0.9953 lr=2.43e-04 lambda=0.000 grl_lambda=0.914 v18_lambda=0.000 gpu=3.0/11.8GB
[18:29:59] [ep_summary] ep=31/100 val_live=0.9691/0.9688 val_ema=0.8827/0.8838 test77_live=0.8777/0.8749 test77_diag_ema=0.2446/0.1890 v13=0.0000 grl=0.2393 v15=0.0000 v15r=0.0000 v16=0.0000 v17=0.0000 v18=0.0000 das=stage3[12,95] p=1.00 ep_time=33.8s
[18:29:59] [save] best_sourceval_ema val_acc_ema=0.8827 source_val_live=0.9691/0.9688 source_val_ema=0.8827/0.8838 ep=31
[18:29:59] [train] epoch 32/100 steps=40 use_dann=0 das=stage3 f=[12.0,95.0] p=1.00 gpu=3.0/11.8GB
[18:30:00] [train] ep=32 step=001/40 ce=0.2947 sc=0.5726 mi=0.0604 dn=0.0000 v13=0.0000 grl=0.3231 v15=0.0000 v15r=0.0000 v16=0.0000 v17=0.0000 v18=0.0000 acc=1.0000 lr=2.42e-04 lambda=0.000 grl_lambda=0.914 v18_lambda=0.000 gpu=3.0/11.8GB
[18:30:05] [train] ep=32 step=010/40 ce=0.3964 sc=0.7469 mi=0.0733 dn=0.0000 v13=0.0000 grl=0.3104 v15=0.0000 v15r=0.0000 v16=0.0000 v17=0.0000 v18=0.0000 acc=0.9875 lr=2.42e-04 lambda=0.000 grl_lambda=0.916 v18_lambda=0.000 gpu=3.0/11.8GB
[18:30:11] [train] ep=32 step=020/40 ce=0.4088 sc=0.8319 mi=0.0695 dn=0.0000 v13=0.0000 grl=0.2813 v15=0.0000 v15r=0.0000 v16=0.0000 v17=0.0000 v18=0.0000 acc=0.9875 lr=2.41e-04 lambda=0.000 grl_lambda=0.918 v18_lambda=0.000 gpu=3.0/11.8GB
[18:30:17] [train] ep=32 step=030/40 ce=0.4341 sc=0.8422 mi=0.0687 dn=0.0000 v13=0.0000 grl=0.2563 v15=0.0000 v15r=0.0000 v16=0.0000 v17=0.0000 v18=0.0000 acc=0.9854 lr=2.40e-04 lambda=0.000 grl_lambda=0.920 v18_lambda=0.000 gpu=3.0/11.8GB
[18:30:23] [train] ep=32 step=040/40 ce=0.4425 sc=0.8526 mi=0.0690 dn=0.0000 v13=0.0000 grl=0.2488 v15=0.0000 v15r=0.0000 v16=0.0000 v17=0.0000 v18=0.0000 acc=0.9859 lr=2.39e-04 lambda=0.000 grl_lambda=0.921 v18_lambda=0.000 gpu=3.0/11.8GB
[18:30:33] [ep_summary] ep=32/100 val_live=0.9568/0.9559 val_ema=0.9012/0.9022 test77_live=0.8705/0.8692 test77_diag_ema=0.2770/0.2223 v13=0.0000 grl=0.2488 v15=0.0000 v15r=0.0000 v16=0.0000 v17=0.0000 v18=0.0000 das=stage3[12,95] p=1.00 ep_time=33.9s
[18:30:33] [save] best_sourceval_ema val_acc_ema=0.9012 source_val_live=0.9568/0.9559 source_val_ema=0.9012/0.9022 ep=32
[18:30:33] [save] best_sourcequalified77_ema ep=32 source_val_live=0.9568/0.9559 source_val_ema=0.9012/0.9022 test77_ema=0.2770/0.2223
[18:30:33] [train] epoch 33/100 steps=40 use_dann=0 das=stage3 f=[12.0,95.0] p=1.00 gpu=3.0/11.8GB
[18:30:34] [train] ep=33 step=001/40 ce=0.7356 sc=1.0227 mi=0.0786 dn=0.0000 v13=0.0000 grl=0.2312 v15=0.0000 v15r=0.0000 v16=0.0000 v17=0.0000 v18=0.0000 acc=0.9375 lr=2.39e-04 lambda=0.000 grl_lambda=0.922 v18_lambda=0.000 gpu=3.0/11.8GB
[18:30:39] [train] ep=33 step=010/40 ce=0.4239 sc=0.7844 mi=0.0704 dn=0.0000 v13=0.0000 grl=0.2680 v15=0.0000 v15r=0.0000 v16=0.0000 v17=0.0000 v18=0.0000 acc=0.9875 lr=2.38e-04 lambda=0.000 grl_lambda=0.923 v18_lambda=0.000 gpu=3.0/11.8GB
[18:30:45] [train] ep=33 step=020/40 ce=0.4992 sc=0.8138 mi=0.0690 dn=0.0000 v13=0.0000 grl=0.2631 v15=0.0000 v15r=0.0000 v16=0.0000 v17=0.0000 v18=0.0000 acc=0.9812 lr=2.37e-04 lambda=0.000 grl_lambda=0.925 v18_lambda=0.000 gpu=3.0/11.8GB
[18:30:51] [train] ep=33 step=030/40 ce=0.4915 sc=0.7963 mi=0.0681 dn=0.0000 v13=0.0000 grl=0.2755 v15=0.0000 v15r=0.0000 v16=0.0000 v17=0.0000 v18=0.0000 acc=0.9854 lr=2.36e-04 lambda=0.000 grl_lambda=0.927 v18_lambda=0.000 gpu=3.0/11.8GB
[18:30:57] [train] ep=33 step=040/40 ce=0.4974 sc=0.7927 mi=0.0688 dn=0.0000 v13=0.0000 grl=0.2736 v15=0.0000 v15r=0.0000 v16=0.0000 v17=0.0000 v18=0.0000 acc=0.9844 lr=2.35e-04 lambda=0.000 grl_lambda=0.929 v18_lambda=0.000 gpu=3.0/11.8GB
[18:31:07] [ep_summary] ep=33/100 val_live=0.9630/0.9623 val_ema=0.9012/0.9022 test77_live=0.8741/0.8713 test77_diag_ema=0.3022/0.2451 v13=0.0000 grl=0.2736 v15=0.0000 v15r=0.0000 v16=0.0000 v17=0.0000 v18=0.0000 das=stage3[12,95] p=1.00 ep_time=33.8s
[18:31:07] [save] best_sourcequalified77_ema ep=33 source_val_live=0.9630/0.9623 source_val_ema=0.9012/0.9022 test77_ema=0.3022/0.2451
[18:31:07] [train] epoch 34/100 steps=40 use_dann=0 das=stage3 f=[12.0,95.0] p=1.00 gpu=3.0/11.8GB
[18:31:08] [train] ep=34 step=001/40 ce=0.2710 sc=0.5622 mi=0.0592 dn=0.0000 v13=0.0000 grl=0.1401 v15=0.0000 v15r=0.0000 v16=0.0000 v17=0.0000 v18=0.0000 acc=1.0000 lr=2.35e-04 lambda=0.000 grl_lambda=0.929 v18_lambda=0.000 gpu=3.0/11.8GB
[18:31:13] [train] ep=34 step=010/40 ce=0.6093 sc=0.8836 mi=0.0682 dn=0.0000 v13=0.0000 grl=0.2510 v15=0.0000 v15r=0.0000 v16=0.0000 v17=0.0000 v18=0.0000 acc=0.9812 lr=2.34e-04 lambda=0.000 grl_lambda=0.930 v18_lambda=0.000 gpu=3.0/11.8GB
[18:31:19] [train] ep=34 step=020/40 ce=0.5812 sc=0.9313 mi=0.0705 dn=0.0000 v13=0.0000 grl=0.2661 v15=0.0000 v15r=0.0000 v16=0.0000 v17=0.0000 v18=0.0000 acc=0.9781 lr=2.33e-04 lambda=0.000 grl_lambda=0.932 v18_lambda=0.000 gpu=3.0/11.8GB
[18:31:25] [train] ep=34 step=030/40 ce=0.5491 sc=0.9030 mi=0.0699 dn=0.0000 v13=0.0000 grl=0.2528 v15=0.0000 v15r=0.0000 v16=0.0000 v17=0.0000 v18=0.0000 acc=0.9812 lr=2.32e-04 lambda=0.000 grl_lambda=0.934 v18_lambda=0.000 gpu=3.0/11.8GB
[18:31:30] [train] ep=34 step=040/40 ce=0.5149 sc=0.8911 mi=0.0692 dn=0.0000 v13=0.0000 grl=0.2573 v15=0.0000 v15r=0.0000 v16=0.0000 v17=0.0000 v18=0.0000 acc=0.9844 lr=2.31e-04 lambda=0.000 grl_lambda=0.935 v18_lambda=0.000 gpu=3.0/11.8GB
[18:31:41] [ep_summary] ep=34/100 val_live=0.9568/0.9572 val_ema=0.9012/0.9027 test77_live=0.7878/0.7816 test77_diag_ema=0.3165/0.2576 v13=0.0000 grl=0.2573 v15=0.0000 v15r=0.0000 v16=0.0000 v17=0.0000 v18=0.0000 das=stage3[12,95] p=1.00 ep_time=33.8s
[18:31:41] [save] best_sourcequalified77_ema ep=34 source_val_live=0.9568/0.9572 source_val_ema=0.9012/0.9027 test77_ema=0.3165/0.2576
[18:31:41] [train] epoch 35/100 steps=40 use_dann=0 das=stage3 f=[12.0,95.0] p=1.00 gpu=3.0/11.8GB
[18:31:42] [train] ep=35 step=001/40 ce=0.4239 sc=1.2019 mi=0.0768 dn=0.0000 v13=0.0000 grl=0.3208 v15=0.0000 v15r=0.0000 v16=0.0000 v17=0.0000 v18=0.0000 acc=1.0000 lr=2.31e-04 lambda=0.000 grl_lambda=0.935 v18_lambda=0.000 gpu=3.0/11.8GB
[18:31:47] [train] ep=35 step=010/40 ce=0.3634 sc=0.8798 mi=0.0691 dn=0.0000 v13=0.0000 grl=0.2389 v15=0.0000 v15r=0.0000 v16=0.0000 v17=0.0000 v18=0.0000 acc=1.0000 lr=2.30e-04 lambda=0.000 grl_lambda=0.937 v18_lambda=0.000 gpu=3.0/11.8GB
[18:31:53] [train] ep=35 step=020/40 ce=0.4052 sc=0.8711 mi=0.0694 dn=0.0000 v13=0.0000 grl=0.2315 v15=0.0000 v15r=0.0000 v16=0.0000 v17=0.0000 v18=0.0000 acc=0.9906 lr=2.29e-04 lambda=0.000 grl_lambda=0.938 v18_lambda=0.000 gpu=3.0/11.8GB
[18:31:59] [train] ep=35 step=030/40 ce=0.4183 sc=0.8784 mi=0.0689 dn=0.0000 v13=0.0000 grl=0.2367 v15=0.0000 v15r=0.0000 v16=0.0000 v17=0.0000 v18=0.0000 acc=0.9896 lr=2.28e-04 lambda=0.000 grl_lambda=0.940 v18_lambda=0.000 gpu=3.0/11.8GB
[18:32:04] [train] ep=35 step=040/40 ce=0.3951 sc=0.8325 mi=0.0673 dn=0.0000 v13=0.0000 grl=0.2332 v15=0.0000 v15r=0.0000 v16=0.0000 v17=0.0000 v18=0.0000 acc=0.9906 lr=2.27e-04 lambda=0.000 grl_lambda=0.941 v18_lambda=0.000 gpu=3.0/11.8GB
[18:32:15] [ep_summary] ep=35/100 val_live=0.9691/0.9690 val_ema=0.9136/0.9147 test77_live=0.8741/0.8745 test77_diag_ema=0.3489/0.2840 v13=0.0000 grl=0.2332 v15=0.0000 v15r=0.0000 v16=0.0000 v17=0.0000 v18=0.0000 das=stage3[12,95] p=1.00 ep_time=33.8s
[18:32:15] [save] best_sourceval_ema val_acc_ema=0.9136 source_val_live=0.9691/0.9690 source_val_ema=0.9136/0.9147 ep=35
[18:32:15] [save] best_sourcequalified77_ema ep=35 source_val_live=0.9691/0.9690 source_val_ema=0.9136/0.9147 test77_ema=0.3489/0.2840
[18:32:15] [train] epoch 36/100 steps=40 use_dann=0 das=stage3 f=[12.0,95.0] p=1.00 gpu=3.0/11.8GB
[18:32:16] [train] ep=36 step=001/40 ce=0.2672 sc=0.9734 mi=0.0720 dn=0.0000 v13=0.0000 grl=0.2554 v15=0.0000 v15r=0.0000 v16=0.0000 v17=0.0000 v18=0.0000 acc=1.0000 lr=2.26e-04 lambda=0.000 grl_lambda=0.941 v18_lambda=0.000 gpu=3.0/11.8GB
[18:32:21] [train] ep=36 step=010/40 ce=0.4351 sc=0.7975 mi=0.0679 dn=0.0000 v13=0.0000 grl=0.2243 v15=0.0000 v15r=0.0000 v16=0.0000 v17=0.0000 v18=0.0000 acc=0.9938 lr=2.25e-04 lambda=0.000 grl_lambda=0.943 v18_lambda=0.000 gpu=3.0/11.8GB
[18:32:27] [train] ep=36 step=020/40 ce=0.3585 sc=0.7828 mi=0.0669 dn=0.0000 v13=0.0000 grl=0.2248 v15=0.0000 v15r=0.0000 v16=0.0000 v17=0.0000 v18=0.0000 acc=0.9969 lr=2.24e-04 lambda=0.000 grl_lambda=0.944 v18_lambda=0.000 gpu=3.0/11.8GB
[18:32:32] [train] ep=36 step=030/40 ce=0.3705 sc=0.8100 mi=0.0663 dn=0.0000 v13=0.0000 grl=0.2280 v15=0.0000 v15r=0.0000 v16=0.0000 v17=0.0000 v18=0.0000 acc=0.9958 lr=2.23e-04 lambda=0.000 grl_lambda=0.945 v18_lambda=0.000 gpu=3.0/11.8GB
[18:32:38] [train] ep=36 step=040/40 ce=0.4013 sc=0.8572 mi=0.0670 dn=0.0000 v13=0.0000 grl=0.2374 v15=0.0000 v15r=0.0000 v16=0.0000 v17=0.0000 v18=0.0000 acc=0.9922 lr=2.22e-04 lambda=0.000 grl_lambda=0.947 v18_lambda=0.000 gpu=3.0/11.8GB
[18:32:49] [ep_summary] ep=36/100 val_live=0.9630/0.9623 val_ema=0.9259/0.9258 test77_live=0.8453/0.8455 test77_diag_ema=0.3705/0.3018 v13=0.0000 grl=0.2374 v15=0.0000 v15r=0.0000 v16=0.0000 v17=0.0000 v18=0.0000 das=stage3[12,95] p=1.00 ep_time=33.9s
[18:32:49] [save] best_sourceval_ema val_acc_ema=0.9259 source_val_live=0.9630/0.9623 source_val_ema=0.9259/0.9258 ep=36
[18:32:49] [save] best_sourcequalified77_ema ep=36 source_val_live=0.9630/0.9623 source_val_ema=0.9259/0.9258 test77_ema=0.3705/0.3018
[18:32:49] [train] epoch 37/100 steps=40 use_dann=0 das=stage3 f=[12.0,95.0] p=1.00 gpu=3.0/11.8GB
[18:32:50] [train] ep=37 step=001/40 ce=0.5817 sc=1.1812 mi=0.0717 dn=0.0000 v13=0.0000 grl=0.4073 v15=0.0000 v15r=0.0000 v16=0.0000 v17=0.0000 v18=0.0000 acc=1.0000 lr=2.22e-04 lambda=0.000 grl_lambda=0.947 v18_lambda=0.000 gpu=3.0/11.8GB
[18:32:55] [train] ep=37 step=010/40 ce=0.3380 sc=0.8170 mi=0.0688 dn=0.0000 v13=0.0000 grl=0.2606 v15=0.0000 v15r=0.0000 v16=0.0000 v17=0.0000 v18=0.0000 acc=1.0000 lr=2.21e-04 lambda=0.000 grl_lambda=0.948 v18_lambda=0.000 gpu=3.0/11.8GB
[18:33:01] [train] ep=37 step=020/40 ce=0.3894 sc=0.8720 mi=0.0704 dn=0.0000 v13=0.0000 grl=0.2532 v15=0.0000 v15r=0.0000 v16=0.0000 v17=0.0000 v18=0.0000 acc=0.9906 lr=2.20e-04 lambda=0.000 grl_lambda=0.949 v18_lambda=0.000 gpu=3.0/11.8GB
[18:33:07] [train] ep=37 step=030/40 ce=0.4842 sc=0.9064 mi=0.0696 dn=0.0000 v13=0.0000 grl=0.2420 v15=0.0000 v15r=0.0000 v16=0.0000 v17=0.0000 v18=0.0000 acc=0.9854 lr=2.19e-04 lambda=0.000 grl_lambda=0.950 v18_lambda=0.000 gpu=3.0/11.8GB
[18:33:12] [train] ep=37 step=040/40 ce=0.4338 sc=0.8880 mi=0.0699 dn=0.0000 v13=0.0000 grl=0.2561 v15=0.0000 v15r=0.0000 v16=0.0000 v17=0.0000 v18=0.0000 acc=0.9891 lr=2.18e-04 lambda=0.000 grl_lambda=0.952 v18_lambda=0.000 gpu=3.0/11.8GB
[18:33:23] [ep_summary] ep=37/100 val_live=0.9630/0.9623 val_ema=0.9383/0.9390 test77_live=0.8777/0.8765 test77_diag_ema=0.3813/0.3122 v13=0.0000 grl=0.2561 v15=0.0000 v15r=0.0000 v16=0.0000 v17=0.0000 v18=0.0000 das=stage3[12,95] p=1.00 ep_time=34.4s
[18:33:23] [save] best_sourceval_ema val_acc_ema=0.9383 source_val_live=0.9630/0.9623 source_val_ema=0.9383/0.9390 ep=37
[18:33:23] [save] best_sourcequalified77_ema ep=37 source_val_live=0.9630/0.9623 source_val_ema=0.9383/0.9390 test77_ema=0.3813/0.3122
[18:33:23] [train] epoch 38/100 steps=40 use_dann=0 das=stage3 f=[12.0,95.0] p=1.00 gpu=3.0/11.8GB
[18:33:25] [train] ep=38 step=001/40 ce=0.2663 sc=0.8798 mi=0.0708 dn=0.0000 v13=0.0000 grl=0.2249 v15=0.0000 v15r=0.0000 v16=0.0000 v17=0.0000 v18=0.0000 acc=1.0000 lr=2.18e-04 lambda=0.000 grl_lambda=0.952 v18_lambda=0.000 gpu=3.0/11.8GB
[18:33:30] [train] ep=38 step=010/40 ce=0.3772 sc=0.7802 mi=0.0687 dn=0.0000 v13=0.0000 grl=0.2325 v15=0.0000 v15r=0.0000 v16=0.0000 v17=0.0000 v18=0.0000 acc=0.9875 lr=2.17e-04 lambda=0.000 grl_lambda=0.953 v18_lambda=0.000 gpu=3.0/11.8GB
[18:33:36] [train] ep=38 step=020/40 ce=0.3507 sc=0.7661 mi=0.0674 dn=0.0000 v13=0.0000 grl=0.2275 v15=0.0000 v15r=0.0000 v16=0.0000 v17=0.0000 v18=0.0000 acc=0.9906 lr=2.16e-04 lambda=0.000 grl_lambda=0.954 v18_lambda=0.000 gpu=3.0/11.8GB
[18:33:42] [train] ep=38 step=030/40 ce=0.3612 sc=0.7600 mi=0.0676 dn=0.0000 v13=0.0000 grl=0.2256 v15=0.0000 v15r=0.0000 v16=0.0000 v17=0.0000 v18=0.0000 acc=0.9917 lr=2.15e-04 lambda=0.000 grl_lambda=0.955 v18_lambda=0.000 gpu=3.0/11.8GB
[18:33:48] [train] ep=38 step=040/40 ce=0.3730 sc=0.7619 mi=0.0673 dn=0.0000 v13=0.0000 grl=0.2279 v15=0.0000 v15r=0.0000 v16=0.0000 v17=0.0000 v18=0.0000 acc=0.9906 lr=2.14e-04 lambda=0.000 grl_lambda=0.956 v18_lambda=0.000 gpu=3.0/11.8GB
[18:33:58] [ep_summary] ep=38/100 val_live=0.9568/0.9559 val_ema=0.9630/0.9634 test77_live=0.8453/0.8420 test77_diag_ema=0.4029/0.3324 v13=0.0000 grl=0.2279 v15=0.0000 v15r=0.0000 v16=0.0000 v17=0.0000 v18=0.0000 das=stage3[12,95] p=1.00 ep_time=34.7s
[18:33:58] [save] best_sourceval_ema val_acc_ema=0.9630 source_val_live=0.9568/0.9559 source_val_ema=0.9630/0.9634 ep=38
[18:33:58] [save] best_sourcequalified77_ema ep=38 source_val_live=0.9568/0.9559 source_val_ema=0.9630/0.9634 test77_ema=0.4029/0.3324
[18:33:58] [train] epoch 39/100 steps=40 use_dann=0 das=stage3 f=[12.0,95.0] p=1.00 gpu=3.0/11.8GB
[18:33:59] [train] ep=39 step=001/40 ce=0.6750 sc=0.5221 mi=0.0621 dn=0.0000 v13=0.0000 grl=0.2332 v15=0.0000 v15r=0.0000 v16=0.0000 v17=0.0000 v18=0.0000 acc=0.9375 lr=2.14e-04 lambda=0.000 grl_lambda=0.956 v18_lambda=0.000 gpu=3.0/11.8GB
[18:34:04] [train] ep=39 step=010/40 ce=0.4762 sc=0.8462 mi=0.0638 dn=0.0000 v13=0.0000 grl=0.2332 v15=0.0000 v15r=0.0000 v16=0.0000 v17=0.0000 v18=0.0000 acc=0.9812 lr=2.13e-04 lambda=0.000 grl_lambda=0.957 v18_lambda=0.000 gpu=3.0/11.8GB
[18:34:10] [train] ep=39 step=020/40 ce=0.4239 sc=0.8560 mi=0.0649 dn=0.0000 v13=0.0000 grl=0.2162 v15=0.0000 v15r=0.0000 v16=0.0000 v17=0.0000 v18=0.0000 acc=0.9844 lr=2.11e-04 lambda=0.000 grl_lambda=0.958 v18_lambda=0.000 gpu=3.0/11.8GB
[18:34:16] [train] ep=39 step=030/40 ce=0.4370 sc=0.8616 mi=0.0648 dn=0.0000 v13=0.0000 grl=0.2141 v15=0.0000 v15r=0.0000 v16=0.0000 v17=0.0000 v18=0.0000 acc=0.9854 lr=2.10e-04 lambda=0.000 grl_lambda=0.959 v18_lambda=0.000 gpu=3.0/11.8GB
[18:34:22] [train] ep=39 step=040/40 ce=0.4694 sc=0.8620 mi=0.0657 dn=0.0000 v13=0.0000 grl=0.2206 v15=0.0000 v15r=0.0000 v16=0.0000 v17=0.0000 v18=0.0000 acc=0.9844 lr=2.09e-04 lambda=0.000 grl_lambda=0.960 v18_lambda=0.000 gpu=3.0/11.8GB
[18:35:03] [ep_summary] ep=39/100 val_live=0.9568/0.9558 val_ema=0.9630/0.9634 test77_live=0.8489/0.8434 test77_diag_ema=0.4245/0.3587 v13=0.0000 grl=0.2206 v15=0.0000 v15r=0.0000 v16=0.0000 v17=0.0000 v18=0.0000 das=stage3[12,95] p=1.00 ep_time=64.9s
[18:35:04] [save] best_sourcequalified77_ema ep=39 source_val_live=0.9568/0.9558 source_val_ema=0.9630/0.9634 test77_ema=0.4245/0.3587
[18:35:04] [train] epoch 40/100 steps=40 use_dann=0 das=stage3 f=[12.0,95.0] p=1.00 gpu=3.0/11.8GB
[18:35:05] [train] ep=40 step=001/40 ce=1.7900 sc=1.8971 mi=0.0764 dn=0.0000 v13=0.0000 grl=0.2102 v15=0.0000 v15r=0.0000 v16=0.0000 v17=0.0000 v18=0.0000 acc=0.8750 lr=2.09e-04 lambda=0.000 grl_lambda=0.960 v18_lambda=0.000 gpu=3.0/11.8GB
[18:35:10] [train] ep=40 step=010/40 ce=0.4375 sc=0.7552 mi=0.0650 dn=0.0000 v13=0.0000 grl=0.2086 v15=0.0000 v15r=0.0000 v16=0.0000 v17=0.0000 v18=0.0000 acc=0.9875 lr=2.08e-04 lambda=0.000 grl_lambda=0.961 v18_lambda=0.000 gpu=3.0/11.8GB
[18:35:16] [train] ep=40 step=020/40 ce=0.4196 sc=0.8199 mi=0.0670 dn=0.0000 v13=0.0000 grl=0.2217 v15=0.0000 v15r=0.0000 v16=0.0000 v17=0.0000 v18=0.0000 acc=0.9875 lr=2.07e-04 lambda=0.000 grl_lambda=0.962 v18_lambda=0.000 gpu=3.0/11.8GB
[18:35:22] [train] ep=40 step=030/40 ce=0.3900 sc=0.8345 mi=0.0682 dn=0.0000 v13=0.0000 grl=0.2391 v15=0.0000 v15r=0.0000 v16=0.0000 v17=0.0000 v18=0.0000 acc=0.9896 lr=2.06e-04 lambda=0.000 grl_lambda=0.963 v18_lambda=0.000 gpu=3.0/11.8GB
[18:35:28] [train] ep=40 step=040/40 ce=0.4079 sc=0.8609 mi=0.0694 dn=0.0000 v13=0.0000 grl=0.2454 v15=0.0000 v15r=0.0000 v16=0.0000 v17=0.0000 v18=0.0000 acc=0.9875 lr=2.05e-04 lambda=0.000 grl_lambda=0.964 v18_lambda=0.000 gpu=3.0/11.8GB
[18:35:38] [pool] check ep=040/100 source_val_acc_ema=0.9691 threshold=0.90
[18:35:52] [pool] ep=040 ADDED src_val=0.9691/0.9695 dev77=0.4071/0.3425 final77=0.4460/0.3776
[18:35:52] [pool] running best ep=040 dev77_f1=0.3425 final77_f1=0.3776 (pool_size=1)
[18:35:52] [ep_summary] ep=40/100 val_live=0.9691/0.9686 val_ema=0.9691/0.9695 test77_live=0.8597/0.8591 test77_diag_ema=0.4460/0.3776 v13=0.0000 grl=0.2454 v15=0.0000 v15r=0.0000 v16=0.0000 v17=0.0000 v18=0.0000 das=stage3[12,95] p=1.00 ep_time=47.6s
[18:36:33] [save] best_sourceval_ema val_acc_ema=0.9691 source_val_live=0.9691/0.9686 source_val_ema=0.9691/0.9695 ep=40
[18:36:34] [save] best_sourcequalified77_ema ep=40 source_val_live=0.9691/0.9686 source_val_ema=0.9691/0.9695 test77_ema=0.4460/0.3776
[18:36:34] [strict77_monitor] ep=40 best_source_epoch=40 source_val_ema=0.9691/0.9695 test77_ema_diag=0.4460/0.3776 sourcequalified_count=9 best_sourcequalified77_epoch=40 source_val_ema=0.9691/0.9695 test77_ema=0.4460/0.3776
[18:36:34] [train] epoch 41/100 steps=40 use_dann=0 das=stage3 f=[12.0,95.0] p=1.00 gpu=3.0/11.8GB
[18:36:34] [train] ep=41 step=001/40 ce=0.2663 sc=0.6175 mi=0.0659 dn=0.0000 v13=0.0000 grl=0.1758 v15=0.0000 v15r=0.0000 v16=0.0000 v17=0.0000 v18=0.0000 acc=1.0000 lr=2.05e-04 lambda=0.000 grl_lambda=0.964 v18_lambda=0.000 gpu=3.0/11.8GB
[18:36:39] [train] ep=41 step=010/40 ce=0.3174 sc=0.6897 mi=0.0621 dn=0.0000 v13=0.0000 grl=0.2517 v15=0.0000 v15r=0.0000 v16=0.0000 v17=0.0000 v18=0.0000 acc=1.0000 lr=2.04e-04 lambda=0.000 grl_lambda=0.965 v18_lambda=0.000 gpu=3.0/11.8GB
[18:36:45] [train] ep=41 step=020/40 ce=0.3280 sc=0.7552 mi=0.0645 dn=0.0000 v13=0.0000 grl=0.2307 v15=0.0000 v15r=0.0000 v16=0.0000 v17=0.0000 v18=0.0000 acc=1.0000 lr=2.02e-04 lambda=0.000 grl_lambda=0.966 v18_lambda=0.000 gpu=3.0/11.8GB
[18:36:51] [train] ep=41 step=030/40 ce=0.3569 sc=0.7939 mi=0.0675 dn=0.0000 v13=0.0000 grl=0.2445 v15=0.0000 v15r=0.0000 v16=0.0000 v17=0.0000 v18=0.0000 acc=0.9958 lr=2.01e-04 lambda=0.000 grl_lambda=0.967 v18_lambda=0.000 gpu=3.0/11.8GB
[18:36:57] [train] ep=41 step=040/40 ce=0.3838 sc=0.7780 mi=0.0675 dn=0.0000 v13=0.0000 grl=0.2437 v15=0.0000 v15r=0.0000 v16=0.0000 v17=0.0000 v18=0.0000 acc=0.9938 lr=2.00e-04 lambda=0.000 grl_lambda=0.967 v18_lambda=0.000 gpu=3.0/11.8GB
[18:37:07] [ep_summary] ep=41/100 val_live=0.9691/0.9686 val_ema=0.9691/0.9695 test77_live=0.8777/0.8758 test77_diag_ema=0.4676/0.3995 v13=0.0000 grl=0.2437 v15=0.0000 v15r=0.0000 v16=0.0000 v17=0.0000 v18=0.0000 das=stage3[12,95] p=1.00 ep_time=33.7s
[18:37:07] [save] best_sourcequalified77_ema ep=41 source_val_live=0.9691/0.9686 source_val_ema=0.9691/0.9695 test77_ema=0.4676/0.3995
[18:37:07] [train] epoch 42/100 steps=40 use_dann=0 das=stage3 f=[12.0,95.0] p=1.00 gpu=3.0/11.8GB
[18:37:08] [train] ep=42 step=001/40 ce=0.2601 sc=0.6146 mi=0.0637 dn=0.0000 v13=0.0000 grl=0.2541 v15=0.0000 v15r=0.0000 v16=0.0000 v17=0.0000 v18=0.0000 acc=1.0000 lr=2.00e-04 lambda=0.000 grl_lambda=0.967 v18_lambda=0.000 gpu=3.0/11.8GB
[18:37:13] [train] ep=42 step=010/40 ce=0.3415 sc=0.7666 mi=0.0685 dn=0.0000 v13=0.0000 grl=0.2453 v15=0.0000 v15r=0.0000 v16=0.0000 v17=0.0000 v18=0.0000 acc=1.0000 lr=1.99e-04 lambda=0.000 grl_lambda=0.968 v18_lambda=0.000 gpu=3.0/11.8GB
[18:37:19] [train] ep=42 step=020/40 ce=0.3553 sc=0.7518 mi=0.0700 dn=0.0000 v13=0.0000 grl=0.2607 v15=0.0000 v15r=0.0000 v16=0.0000 v17=0.0000 v18=0.0000 acc=0.9938 lr=1.98e-04 lambda=0.000 grl_lambda=0.969 v18_lambda=0.000 gpu=3.0/11.8GB
[18:37:25] [train] ep=42 step=030/40 ce=0.3856 sc=0.7981 mi=0.0685 dn=0.0000 v13=0.0000 grl=0.2428 v15=0.0000 v15r=0.0000 v16=0.0000 v17=0.0000 v18=0.0000 acc=0.9917 lr=1.97e-04 lambda=0.000 grl_lambda=0.970 v18_lambda=0.000 gpu=3.0/11.8GB
[18:37:31] [train] ep=42 step=040/40 ce=0.3704 sc=0.8076 mi=0.0676 dn=0.0000 v13=0.0000 grl=0.2451 v15=0.0000 v15r=0.0000 v16=0.0000 v17=0.0000 v18=0.0000 acc=0.9938 lr=1.96e-04 lambda=0.000 grl_lambda=0.970 v18_lambda=0.000 gpu=3.0/11.8GB
[18:38:08] [ep_summary] ep=42/100 val_live=0.9691/0.9686 val_ema=0.9691/0.9695 test77_live=0.8633/0.8595 test77_diag_ema=0.4856/0.4228 v13=0.0000 grl=0.2451 v15=0.0000 v15r=0.0000 v16=0.0000 v17=0.0000 v18=0.0000 das=stage3[12,95] p=1.00 ep_time=60.7s
[18:38:29] [save] best_sourcequalified77_ema ep=42 source_val_live=0.9691/0.9686 source_val_ema=0.9691/0.9695 test77_ema=0.4856/0.4228
[18:38:29] [train] epoch 43/100 steps=40 use_dann=0 das=stage3 f=[12.0,95.0] p=1.00 gpu=3.0/11.8GB
[18:38:30] [train] ep=43 step=001/40 ce=0.3192 sc=0.6580 mi=0.0726 dn=0.0000 v13=0.0000 grl=0.2254 v15=0.0000 v15r=0.0000 v16=0.0000 v17=0.0000 v18=0.0000 acc=1.0000 lr=1.95e-04 lambda=0.000 grl_lambda=0.970 v18_lambda=0.000 gpu=3.0/11.8GB
[18:38:36] [train] ep=43 step=010/40 ce=0.2968 sc=0.7437 mi=0.0687 dn=0.0000 v13=0.0000 grl=0.2344 v15=0.0000 v15r=0.0000 v16=0.0000 v17=0.0000 v18=0.0000 acc=1.0000 lr=1.94e-04 lambda=0.000 grl_lambda=0.971 v18_lambda=0.000 gpu=3.0/11.8GB
[18:38:41] [train] ep=43 step=020/40 ce=0.3113 sc=0.7893 mi=0.0683 dn=0.0000 v13=0.0000 grl=0.2446 v15=0.0000 v15r=0.0000 v16=0.0000 v17=0.0000 v18=0.0000 acc=1.0000 lr=1.93e-04 lambda=0.000 grl_lambda=0.972 v18_lambda=0.000 gpu=3.0/11.8GB
[18:38:47] [train] ep=43 step=030/40 ce=0.3174 sc=0.8138 mi=0.0675 dn=0.0000 v13=0.0000 grl=0.2398 v15=0.0000 v15r=0.0000 v16=0.0000 v17=0.0000 v18=0.0000 acc=0.9979 lr=1.92e-04 lambda=0.000 grl_lambda=0.972 v18_lambda=0.000 gpu=3.0/11.8GB
[18:38:53] [train] ep=43 step=040/40 ce=0.3221 sc=0.7850 mi=0.0670 dn=0.0000 v13=0.0000 grl=0.2359 v15=0.0000 v15r=0.0000 v16=0.0000 v17=0.0000 v18=0.0000 acc=0.9969 lr=1.91e-04 lambda=0.000 grl_lambda=0.973 v18_lambda=0.000 gpu=3.0/11.8GB
[18:39:04] [ep_summary] ep=43/100 val_live=0.9630/0.9626 val_ema=0.9691/0.9696 test77_live=0.8669/0.8644 test77_diag_ema=0.5072/0.4454 v13=0.0000 grl=0.2359 v15=0.0000 v15r=0.0000 v16=0.0000 v17=0.0000 v18=0.0000 das=stage3[12,95] p=1.00 ep_time=34.1s
[18:39:04] [save] best_sourcequalified77_ema ep=43 source_val_live=0.9630/0.9626 source_val_ema=0.9691/0.9696 test77_ema=0.5072/0.4454
[18:39:04] [train] epoch 44/100 steps=40 use_dann=0 das=stage3 f=[12.0,95.0] p=1.00 gpu=3.0/11.8GB
[18:39:04] [train] ep=44 step=001/40 ce=0.2634 sc=0.4377 mi=0.0783 dn=0.0000 v13=0.0000 grl=0.2001 v15=0.0000 v15r=0.0000 v16=0.0000 v17=0.0000 v18=0.0000 acc=1.0000 lr=1.91e-04 lambda=0.000 grl_lambda=0.973 v18_lambda=0.000 gpu=3.0/11.8GB
[18:39:09] [train] ep=44 step=010/40 ce=0.3353 sc=0.8043 mi=0.0694 dn=0.0000 v13=0.0000 grl=0.2413 v15=0.0000 v15r=0.0000 v16=0.0000 v17=0.0000 v18=0.0000 acc=0.9938 lr=1.90e-04 lambda=0.000 grl_lambda=0.974 v18_lambda=0.000 gpu=3.0/11.8GB
[18:39:15] [train] ep=44 step=020/40 ce=0.3031 sc=0.8255 mi=0.0689 dn=0.0000 v13=0.0000 grl=0.2452 v15=0.0000 v15r=0.0000 v16=0.0000 v17=0.0000 v18=0.0000 acc=0.9969 lr=1.89e-04 lambda=0.000 grl_lambda=0.974 v18_lambda=0.000 gpu=3.0/11.8GB
[18:39:21] [train] ep=44 step=030/40 ce=0.3310 sc=0.8013 mi=0.0681 dn=0.0000 v13=0.0000 grl=0.2404 v15=0.0000 v15r=0.0000 v16=0.0000 v17=0.0000 v18=0.0000 acc=0.9958 lr=1.87e-04 lambda=0.000 grl_lambda=0.975 v18_lambda=0.000 gpu=3.0/11.8GB
[18:39:27] [train] ep=44 step=040/40 ce=0.3630 sc=0.7826 mi=0.0677 dn=0.0000 v13=0.0000 grl=0.2343 v15=0.0000 v15r=0.0000 v16=0.0000 v17=0.0000 v18=0.0000 acc=0.9922 lr=1.86e-04 lambda=0.000 grl_lambda=0.976 v18_lambda=0.000 gpu=3.0/11.8GB
[18:39:37] [ep_summary] ep=44/100 val_live=0.9630/0.9628 val_ema=0.9691/0.9696 test77_live=0.7950/0.7910 test77_diag_ema=0.5468/0.4947 v13=0.0000 grl=0.2343 v15=0.0000 v15r=0.0000 v16=0.0000 v17=0.0000 v18=0.0000 das=stage3[12,95] p=1.00 ep_time=33.8s
[18:39:37] [save] best_sourcequalified77_ema ep=44 source_val_live=0.9630/0.9628 source_val_ema=0.9691/0.9696 test77_ema=0.5468/0.4947
[18:39:37] [train] epoch 45/100 steps=40 use_dann=0 das=stage3 f=[12.0,95.0] p=1.00 gpu=3.0/11.8GB
[18:39:38] [train] ep=45 step=001/40 ce=1.1336 sc=1.4552 mi=0.0793 dn=0.0000 v13=0.0000 grl=0.1958 v15=0.0000 v15r=0.0000 v16=0.0000 v17=0.0000 v18=0.0000 acc=0.9375 lr=1.86e-04 lambda=0.000 grl_lambda=0.976 v18_lambda=0.000 gpu=3.0/11.8GB
[18:39:43] [train] ep=45 step=010/40 ce=0.5650 sc=0.8479 mi=0.0694 dn=0.0000 v13=0.0000 grl=0.2047 v15=0.0000 v15r=0.0000 v16=0.0000 v17=0.0000 v18=0.0000 acc=0.9812 lr=1.85e-04 lambda=0.000 grl_lambda=0.976 v18_lambda=0.000 gpu=3.0/11.8GB
[18:39:49] [train] ep=45 step=020/40 ce=0.5511 sc=0.8168 mi=0.0683 dn=0.0000 v13=0.0000 grl=0.2243 v15=0.0000 v15r=0.0000 v16=0.0000 v17=0.0000 v18=0.0000 acc=0.9781 lr=1.84e-04 lambda=0.000 grl_lambda=0.977 v18_lambda=0.000 gpu=3.0/11.8GB
[18:39:55] [train] ep=45 step=030/40 ce=0.5008 sc=0.8497 mi=0.0678 dn=0.0000 v13=0.0000 grl=0.2353 v15=0.0000 v15r=0.0000 v16=0.0000 v17=0.0000 v18=0.0000 acc=0.9812 lr=1.83e-04 lambda=0.000 grl_lambda=0.977 v18_lambda=0.000 gpu=3.0/11.8GB
[18:40:01] [train] ep=45 step=040/40 ce=0.5159 sc=0.8713 mi=0.0684 dn=0.0000 v13=0.0000 grl=0.2464 v15=0.0000 v15r=0.0000 v16=0.0000 v17=0.0000 v18=0.0000 acc=0.9812 lr=1.81e-04 lambda=0.000 grl_lambda=0.978 v18_lambda=0.000 gpu=3.0/11.8GB
[18:40:11] [ep_summary] ep=45/100 val_live=0.9568/0.9573 val_ema=0.9691/0.9696 test77_live=0.7842/0.7705 test77_diag_ema=0.5612/0.5130 v13=0.0000 grl=0.2464 v15=0.0000 v15r=0.0000 v16=0.0000 v17=0.0000 v18=0.0000 das=stage3[12,95] p=1.00 ep_time=33.9s
[18:40:11] [save] best_sourcequalified77_ema ep=45 source_val_live=0.9568/0.9573 source_val_ema=0.9691/0.9696 test77_ema=0.5612/0.5130
[18:40:11] [train] epoch 46/100 steps=40 use_dann=0 das=stage3 f=[12.0,95.0] p=1.00 gpu=3.0/11.8GB
[18:40:12] [train] ep=46 step=001/40 ce=0.2730 sc=0.6414 mi=0.0692 dn=0.0000 v13=0.0000 grl=0.2864 v15=0.0000 v15r=0.0000 v16=0.0000 v17=0.0000 v18=0.0000 acc=1.0000 lr=1.81e-04 lambda=0.000 grl_lambda=0.978 v18_lambda=0.000 gpu=3.0/11.8GB
[18:40:17] [train] ep=46 step=010/40 ce=0.4274 sc=0.8623 mi=0.0663 dn=0.0000 v13=0.0000 grl=0.2538 v15=0.0000 v15r=0.0000 v16=0.0000 v17=0.0000 v18=0.0000 acc=0.9875 lr=1.80e-04 lambda=0.000 grl_lambda=0.979 v18_lambda=0.000 gpu=3.0/11.8GB
[18:40:23] [train] ep=46 step=020/40 ce=0.3700 sc=0.8774 mi=0.0675 dn=0.0000 v13=0.0000 grl=0.2402 v15=0.0000 v15r=0.0000 v16=0.0000 v17=0.0000 v18=0.0000 acc=0.9938 lr=1.79e-04 lambda=0.000 grl_lambda=0.979 v18_lambda=0.000 gpu=3.0/11.8GB
[18:40:29] [train] ep=46 step=030/40 ce=0.4103 sc=0.8969 mi=0.0663 dn=0.0000 v13=0.0000 grl=0.2379 v15=0.0000 v15r=0.0000 v16=0.0000 v17=0.0000 v18=0.0000 acc=0.9896 lr=1.78e-04 lambda=0.000 grl_lambda=0.980 v18_lambda=0.000 gpu=3.0/11.8GB
[18:40:35] [train] ep=46 step=040/40 ce=0.4072 sc=0.9036 mi=0.0661 dn=0.0000 v13=0.0000 grl=0.2344 v15=0.0000 v15r=0.0000 v16=0.0000 v17=0.0000 v18=0.0000 acc=0.9906 lr=1.77e-04 lambda=0.000 grl_lambda=0.980 v18_lambda=0.000 gpu=3.0/11.8GB
[18:40:45] [ep_summary] ep=46/100 val_live=0.9691/0.9688 val_ema=0.9630/0.9635 test77_live=0.8957/0.8944 test77_diag_ema=0.5827/0.5379 v13=0.0000 grl=0.2344 v15=0.0000 v15r=0.0000 v16=0.0000 v17=0.0000 v18=0.0000 das=stage3[12,95] p=1.00 ep_time=33.8s
[18:40:45] [save] best_sourcequalified77_ema ep=46 source_val_live=0.9691/0.9688 source_val_ema=0.9630/0.9635 test77_ema=0.5827/0.5379
[18:40:45] [train] epoch 47/100 steps=40 use_dann=0 das=stage3 f=[12.0,95.0] p=1.00 gpu=3.0/11.8GB
[18:40:46] [train] ep=47 step=001/40 ce=0.2982 sc=0.7399 mi=0.0769 dn=0.0000 v13=0.0000 grl=0.2132 v15=0.0000 v15r=0.0000 v16=0.0000 v17=0.0000 v18=0.0000 acc=1.0000 lr=1.77e-04 lambda=0.000 grl_lambda=0.980 v18_lambda=0.000 gpu=3.0/11.8GB
[18:40:51] [train] ep=47 step=010/40 ce=0.3213 sc=0.8952 mi=0.0690 dn=0.0000 v13=0.0000 grl=0.2172 v15=0.0000 v15r=0.0000 v16=0.0000 v17=0.0000 v18=0.0000 acc=1.0000 lr=1.76e-04 lambda=0.000 grl_lambda=0.981 v18_lambda=0.000 gpu=3.0/11.8GB
[18:40:57] [train] ep=47 step=020/40 ce=0.3096 sc=0.8942 mi=0.0681 dn=0.0000 v13=0.0000 grl=0.2218 v15=0.0000 v15r=0.0000 v16=0.0000 v17=0.0000 v18=0.0000 acc=1.0000 lr=1.74e-04 lambda=0.000 grl_lambda=0.981 v18_lambda=0.000 gpu=3.0/11.8GB
[18:41:03] [train] ep=47 step=030/40 ce=0.2944 sc=0.8215 mi=0.0666 dn=0.0000 v13=0.0000 grl=0.2277 v15=0.0000 v15r=0.0000 v16=0.0000 v17=0.0000 v18=0.0000 acc=1.0000 lr=1.73e-04 lambda=0.000 grl_lambda=0.981 v18_lambda=0.000 gpu=3.0/11.8GB
[18:41:09] [train] ep=47 step=040/40 ce=0.3116 sc=0.8079 mi=0.0676 dn=0.0000 v13=0.0000 grl=0.2351 v15=0.0000 v15r=0.0000 v16=0.0000 v17=0.0000 v18=0.0000 acc=0.9984 lr=1.72e-04 lambda=0.000 grl_lambda=0.982 v18_lambda=0.000 gpu=3.0/11.8GB
[18:41:19] [ep_summary] ep=47/100 val_live=0.9568/0.9559 val_ema=0.9691/0.9695 test77_live=0.8741/0.8668 test77_diag_ema=0.6079/0.5684 v13=0.0000 grl=0.2351 v15=0.0000 v15r=0.0000 v16=0.0000 v17=0.0000 v18=0.0000 das=stage3[12,95] p=1.00 ep_time=33.9s
[18:41:19] [save] best_sourcequalified77_ema ep=47 source_val_live=0.9568/0.9559 source_val_ema=0.9691/0.9695 test77_ema=0.6079/0.5684
[18:41:19] [train] epoch 48/100 steps=40 use_dann=0 das=stage3 f=[12.0,95.0] p=1.00 gpu=3.0/11.8GB
[18:41:20] [train] ep=48 step=001/40 ce=1.2336 sc=1.0341 mi=0.0657 dn=0.0000 v13=0.0000 grl=0.1954 v15=0.0000 v15r=0.0000 v16=0.0000 v17=0.0000 v18=0.0000 acc=0.9375 lr=1.72e-04 lambda=0.000 grl_lambda=0.982 v18_lambda=0.000 gpu=3.0/11.8GB
[18:41:25] [train] ep=48 step=010/40 ce=0.4233 sc=0.8039 mi=0.0642 dn=0.0000 v13=0.0000 grl=0.2183 v15=0.0000 v15r=0.0000 v16=0.0000 v17=0.0000 v18=0.0000 acc=0.9938 lr=1.71e-04 lambda=0.000 grl_lambda=0.982 v18_lambda=0.000 gpu=3.0/11.8GB
[18:41:31] [train] ep=48 step=020/40 ce=0.3796 sc=0.7644 mi=0.0653 dn=0.0000 v13=0.0000 grl=0.2282 v15=0.0000 v15r=0.0000 v16=0.0000 v17=0.0000 v18=0.0000 acc=0.9938 lr=1.69e-04 lambda=0.000 grl_lambda=0.983 v18_lambda=0.000 gpu=3.0/11.8GB
[18:41:37] [train] ep=48 step=030/40 ce=0.3416 sc=0.7740 mi=0.0669 dn=0.0000 v13=0.0000 grl=0.2349 v15=0.0000 v15r=0.0000 v16=0.0000 v17=0.0000 v18=0.0000 acc=0.9958 lr=1.68e-04 lambda=0.000 grl_lambda=0.983 v18_lambda=0.000 gpu=3.0/11.8GB
[18:41:42] [train] ep=48 step=040/40 ce=0.3503 sc=0.7700 mi=0.0664 dn=0.0000 v13=0.0000 grl=0.2330 v15=0.0000 v15r=0.0000 v16=0.0000 v17=0.0000 v18=0.0000 acc=0.9938 lr=1.67e-04 lambda=0.000 grl_lambda=0.984 v18_lambda=0.000 gpu=3.0/11.8GB
[18:41:53] [ep_summary] ep=48/100 val_live=0.9691/0.9689 val_ema=0.9691/0.9695 test77_live=0.8273/0.8244 test77_diag_ema=0.6475/0.6095 v13=0.0000 grl=0.2330 v15=0.0000 v15r=0.0000 v16=0.0000 v17=0.0000 v18=0.0000 das=stage3[12,95] p=1.00 ep_time=33.7s
[18:41:53] [save] best_sourcequalified77_ema ep=48 source_val_live=0.9691/0.9689 source_val_ema=0.9691/0.9695 test77_ema=0.6475/0.6095
[18:41:53] [train] epoch 49/100 steps=40 use_dann=0 das=stage3 f=[12.0,95.0] p=1.00 gpu=3.0/11.8GB
[18:41:54] [train] ep=49 step=001/40 ce=0.2618 sc=0.7941 mi=0.0715 dn=0.0000 v13=0.0000 grl=0.2585 v15=0.0000 v15r=0.0000 v16=0.0000 v17=0.0000 v18=0.0000 acc=1.0000 lr=1.67e-04 lambda=0.000 grl_lambda=0.984 v18_lambda=0.000 gpu=3.0/11.8GB
[18:41:59] [train] ep=49 step=010/40 ce=0.3149 sc=0.6738 mi=0.0632 dn=0.0000 v13=0.0000 grl=0.2556 v15=0.0000 v15r=0.0000 v16=0.0000 v17=0.0000 v18=0.0000 acc=1.0000 lr=1.66e-04 lambda=0.000 grl_lambda=0.984 v18_lambda=0.000 gpu=3.0/11.8GB
[18:42:05] [train] ep=49 step=020/40 ce=0.3284 sc=0.7324 mi=0.0669 dn=0.0000 v13=0.0000 grl=0.2711 v15=0.0000 v15r=0.0000 v16=0.0000 v17=0.0000 v18=0.0000 acc=0.9969 lr=1.65e-04 lambda=0.000 grl_lambda=0.984 v18_lambda=0.000 gpu=3.0/11.8GB
[18:42:10] [train] ep=49 step=030/40 ce=0.3886 sc=0.7871 mi=0.0662 dn=0.0000 v13=0.0000 grl=0.2480 v15=0.0000 v15r=0.0000 v16=0.0000 v17=0.0000 v18=0.0000 acc=0.9938 lr=1.63e-04 lambda=0.000 grl_lambda=0.985 v18_lambda=0.000 gpu=3.0/11.8GB
[18:42:16] [train] ep=49 step=040/40 ce=0.3847 sc=0.8239 mi=0.0670 dn=0.0000 v13=0.0000 grl=0.2436 v15=0.0000 v15r=0.0000 v16=0.0000 v17=0.0000 v18=0.0000 acc=0.9938 lr=1.62e-04 lambda=0.000 grl_lambda=0.985 v18_lambda=0.000 gpu=3.0/11.8GB
[18:42:27] [ep_summary] ep=49/100 val_live=0.9568/0.9567 val_ema=0.9691/0.9695 test77_live=0.8129/0.8048 test77_diag_ema=0.6727/0.6288 v13=0.0000 grl=0.2436 v15=0.0000 v15r=0.0000 v16=0.0000 v17=0.0000 v18=0.0000 das=stage3[12,95] p=1.00 ep_time=33.8s
[18:42:27] [save] best_sourcequalified77_ema ep=49 source_val_live=0.9568/0.9567 source_val_ema=0.9691/0.9695 test77_ema=0.6727/0.6288
[18:42:27] [train] epoch 50/100 steps=40 use_dann=0 das=stage3 f=[12.0,95.0] p=1.00 gpu=3.0/11.8GB
[18:42:27] [train] ep=50 step=001/40 ce=0.2612 sc=0.6250 mi=0.0612 dn=0.0000 v13=0.0000 grl=0.1796 v15=0.0000 v15r=0.0000 v16=0.0000 v17=0.0000 v18=0.0000 acc=1.0000 lr=1.62e-04 lambda=0.000 grl_lambda=0.985 v18_lambda=0.000 gpu=3.0/11.8GB
[18:42:33] [train] ep=50 step=010/40 ce=0.2619 sc=0.8045 mi=0.0665 dn=0.0000 v13=0.0000 grl=0.2360 v15=0.0000 v15r=0.0000 v16=0.0000 v17=0.0000 v18=0.0000 acc=1.0000 lr=1.61e-04 lambda=0.000 grl_lambda=0.986 v18_lambda=0.000 gpu=3.0/11.8GB
[18:42:38] [train] ep=50 step=020/40 ce=0.3244 sc=0.8293 mi=0.0698 dn=0.0000 v13=0.0000 grl=0.2253 v15=0.0000 v15r=0.0000 v16=0.0000 v17=0.0000 v18=0.0000 acc=0.9938 lr=1.60e-04 lambda=0.000 grl_lambda=0.986 v18_lambda=0.000 gpu=3.0/11.8GB
[18:42:44] [train] ep=50 step=030/40 ce=0.3595 sc=0.8437 mi=0.0679 dn=0.0000 v13=0.0000 grl=0.2262 v15=0.0000 v15r=0.0000 v16=0.0000 v17=0.0000 v18=0.0000 acc=0.9917 lr=1.59e-04 lambda=0.000 grl_lambda=0.986 v18_lambda=0.000 gpu=3.0/11.8GB
[18:42:50] [train] ep=50 step=040/40 ce=0.3593 sc=0.8389 mi=0.0679 dn=0.0000 v13=0.0000 grl=0.2411 v15=0.0000 v15r=0.0000 v16=0.0000 v17=0.0000 v18=0.0000 acc=0.9922 lr=1.57e-04 lambda=0.000 grl_lambda=0.987 v18_lambda=0.000 gpu=3.0/11.8GB
[18:43:00] [pool] check ep=050/100 source_val_acc_ema=0.9691 threshold=0.90
[18:43:05] [pool] ep=050 ADDED src_val=0.9691/0.9695 dev77=0.6500/0.6141 final77=0.6978/0.6578
[18:43:05] [pool] running best ep=050 dev77_f1=0.6141 final77_f1=0.6578 (pool_size=2)
[18:43:05] [ep_summary] ep=50/100 val_live=0.9630/0.9625 val_ema=0.9691/0.9695 test77_live=0.8489/0.8382 test77_diag_ema=0.6978/0.6578 v13=0.0000 grl=0.2411 v15=0.0000 v15r=0.0000 v16=0.0000 v17=0.0000 v18=0.0000 das=stage3[12,95] p=1.00 ep_time=38.7s
[18:43:05] [save] best_sourcequalified77_ema ep=50 source_val_live=0.9630/0.9625 source_val_ema=0.9691/0.9695 test77_ema=0.6978/0.6578
[18:43:05] [strict77_monitor] ep=50 best_source_epoch=40 source_val_ema=0.9691/0.9695 test77_ema_diag=0.4460/0.3776 sourcequalified_count=19 best_sourcequalified77_epoch=50 source_val_ema=0.9691/0.9695 test77_ema=0.6978/0.6578
[18:43:05] [train] epoch 51/100 steps=40 use_dann=0 das=stage3 f=[12.0,95.0] p=1.00 gpu=3.0/11.8GB
[18:43:06] [train] ep=51 step=001/40 ce=0.2628 sc=1.3712 mi=0.0716 dn=0.0000 v13=0.0000 grl=0.2151 v15=0.0000 v15r=0.0000 v16=0.0000 v17=0.0000 v18=0.0000 acc=1.0000 lr=1.57e-04 lambda=0.000 grl_lambda=0.987 v18_lambda=0.000 gpu=3.0/11.8GB
[18:43:11] [train] ep=51 step=010/40 ce=0.3439 sc=0.8959 mi=0.0717 dn=0.0000 v13=0.0000 grl=0.2451 v15=0.0000 v15r=0.0000 v16=0.0000 v17=0.0000 v18=0.0000 acc=0.9875 lr=1.56e-04 lambda=0.000 grl_lambda=0.987 v18_lambda=0.000 gpu=3.0/11.8GB
[18:43:17] [train] ep=51 step=020/40 ce=0.3028 sc=0.8692 mi=0.0673 dn=0.0000 v13=0.0000 grl=0.2303 v15=0.0000 v15r=0.0000 v16=0.0000 v17=0.0000 v18=0.0000 acc=0.9938 lr=1.55e-04 lambda=0.000 grl_lambda=0.987 v18_lambda=0.000 gpu=3.0/11.8GB
[18:43:23] [train] ep=51 step=030/40 ce=0.3504 sc=0.9307 mi=0.0668 dn=0.0000 v13=0.0000 grl=0.2284 v15=0.0000 v15r=0.0000 v16=0.0000 v17=0.0000 v18=0.0000 acc=0.9917 lr=1.54e-04 lambda=0.000 grl_lambda=0.988 v18_lambda=0.000 gpu=3.0/11.8GB
[18:43:29] [train] ep=51 step=040/40 ce=0.3575 sc=0.9206 mi=0.0666 dn=0.0000 v13=0.0000 grl=0.2284 v15=0.0000 v15r=0.0000 v16=0.0000 v17=0.0000 v18=0.0000 acc=0.9922 lr=1.53e-04 lambda=0.000 grl_lambda=0.988 v18_lambda=0.000 gpu=3.0/11.8GB
[18:44:08] [ep_summary] ep=51/100 val_live=0.9691/0.9687 val_ema=0.9691/0.9695 test77_live=0.8561/0.8481 test77_diag_ema=0.6978/0.6603 v13=0.0000 grl=0.2284 v15=0.0000 v15r=0.0000 v16=0.0000 v17=0.0000 v18=0.0000 das=stage3[12,95] p=1.00 ep_time=62.1s
[18:44:08] [save] best_sourcequalified77_ema ep=51 source_val_live=0.9691/0.9687 source_val_ema=0.9691/0.9695 test77_ema=0.6978/0.6603
[18:44:08] [train] epoch 52/100 steps=40 use_dann=0 das=stage3 f=[12.0,95.0] p=1.00 gpu=3.0/11.8GB
[18:44:09] [train] ep=52 step=001/40 ce=0.2634 sc=0.5563 mi=0.0709 dn=0.0000 v13=0.0000 grl=0.2315 v15=0.0000 v15r=0.0000 v16=0.0000 v17=0.0000 v18=0.0000 acc=1.0000 lr=1.52e-04 lambda=0.000 grl_lambda=0.988 v18_lambda=0.000 gpu=3.0/11.8GB
[18:44:14] [train] ep=52 step=010/40 ce=0.2724 sc=0.6900 mi=0.0665 dn=0.0000 v13=0.0000 grl=0.2411 v15=0.0000 v15r=0.0000 v16=0.0000 v17=0.0000 v18=0.0000 acc=1.0000 lr=1.51e-04 lambda=0.000 grl_lambda=0.988 v18_lambda=0.000 gpu=3.0/11.8GB
[18:44:20] [train] ep=52 step=020/40 ce=0.3369 sc=0.7490 mi=0.0691 dn=0.0000 v13=0.0000 grl=0.2494 v15=0.0000 v15r=0.0000 v16=0.0000 v17=0.0000 v18=0.0000 acc=0.9938 lr=1.50e-04 lambda=0.000 grl_lambda=0.988 v18_lambda=0.000 gpu=3.0/11.8GB
[18:44:26] [train] ep=52 step=030/40 ce=0.3163 sc=0.7640 mi=0.0687 dn=0.0000 v13=0.0000 grl=0.2549 v15=0.0000 v15r=0.0000 v16=0.0000 v17=0.0000 v18=0.0000 acc=0.9958 lr=1.49e-04 lambda=0.000 grl_lambda=0.989 v18_lambda=0.000 gpu=3.0/11.8GB
[18:44:31] [train] ep=52 step=040/40 ce=0.3028 sc=0.7839 mi=0.0678 dn=0.0000 v13=0.0000 grl=0.2409 v15=0.0000 v15r=0.0000 v16=0.0000 v17=0.0000 v18=0.0000 acc=0.9969 lr=1.48e-04 lambda=0.000 grl_lambda=0.989 v18_lambda=0.000 gpu=3.0/11.8GB
[18:44:56] [ep_summary] ep=52/100 val_live=0.9691/0.9686 val_ema=0.9691/0.9695 test77_live=0.8633/0.8592 test77_diag_ema=0.7194/0.6894 v13=0.0000 grl=0.2409 v15=0.0000 v15r=0.0000 v16=0.0000 v17=0.0000 v18=0.0000 das=stage3[12,95] p=1.00 ep_time=48.1s
[18:44:56] [save] best_sourcequalified77_ema ep=52 source_val_live=0.9691/0.9686 source_val_ema=0.9691/0.9695 test77_ema=0.7194/0.6894
[18:44:56] [train] epoch 53/100 steps=40 use_dann=0 das=stage3 f=[12.0,95.0] p=1.00 gpu=3.0/11.8GB
[18:44:57] [train] ep=53 step=001/40 ce=0.2652 sc=0.9509 mi=0.0671 dn=0.0000 v13=0.0000 grl=0.2609 v15=0.0000 v15r=0.0000 v16=0.0000 v17=0.0000 v18=0.0000 acc=1.0000 lr=1.48e-04 lambda=0.000 grl_lambda=0.989 v18_lambda=0.000 gpu=3.0/11.8GB
[18:45:02] [train] ep=53 step=010/40 ce=0.3785 sc=0.8030 mi=0.0675 dn=0.0000 v13=0.0000 grl=0.2506 v15=0.0000 v15r=0.0000 v16=0.0000 v17=0.0000 v18=0.0000 acc=0.9938 lr=1.46e-04 lambda=0.000 grl_lambda=0.989 v18_lambda=0.000 gpu=3.0/11.8GB
[18:45:08] [train] ep=53 step=020/40 ce=0.3531 sc=0.7590 mi=0.0674 dn=0.0000 v13=0.0000 grl=0.2403 v15=0.0000 v15r=0.0000 v16=0.0000 v17=0.0000 v18=0.0000 acc=0.9938 lr=1.45e-04 lambda=0.000 grl_lambda=0.990 v18_lambda=0.000 gpu=3.0/11.8GB
[18:45:13] [train] ep=53 step=030/40 ce=0.3520 sc=0.7520 mi=0.0664 dn=0.0000 v13=0.0000 grl=0.2379 v15=0.0000 v15r=0.0000 v16=0.0000 v17=0.0000 v18=0.0000 acc=0.9938 lr=1.44e-04 lambda=0.000 grl_lambda=0.990 v18_lambda=0.000 gpu=3.0/11.8GB
[18:45:19] [train] ep=53 step=040/40 ce=0.3319 sc=0.7566 mi=0.0660 dn=0.0000 v13=0.0000 grl=0.2327 v15=0.0000 v15r=0.0000 v16=0.0000 v17=0.0000 v18=0.0000 acc=0.9953 lr=1.43e-04 lambda=0.000 grl_lambda=0.990 v18_lambda=0.000 gpu=3.0/11.8GB
[18:45:46] [ep_summary] ep=53/100 val_live=0.9691/0.9686 val_ema=0.9691/0.9695 test77_live=0.8597/0.8557 test77_diag_ema=0.7446/0.7223 v13=0.0000 grl=0.2327 v15=0.0000 v15r=0.0000 v16=0.0000 v17=0.0000 v18=0.0000 das=stage3[12,95] p=1.00 ep_time=50.1s
[18:45:51] [save] best_sourcequalified77_ema ep=53 source_val_live=0.9691/0.9686 source_val_ema=0.9691/0.9695 test77_ema=0.7446/0.7223
[18:45:51] [train] epoch 54/100 steps=40 use_dann=0 das=stage3 f=[12.0,95.0] p=1.00 gpu=3.0/11.8GB
[18:45:52] [train] ep=54 step=001/40 ce=0.2598 sc=1.0834 mi=0.0656 dn=0.0000 v13=0.0000 grl=0.2311 v15=0.0000 v15r=0.0000 v16=0.0000 v17=0.0000 v18=0.0000 acc=1.0000 lr=1.43e-04 lambda=0.000 grl_lambda=0.990 v18_lambda=0.000 gpu=3.0/11.8GB
[18:45:57] [train] ep=54 step=010/40 ce=0.3835 sc=0.9570 mi=0.0714 dn=0.0000 v13=0.0000 grl=0.2379 v15=0.0000 v15r=0.0000 v16=0.0000 v17=0.0000 v18=0.0000 acc=0.9875 lr=1.42e-04 lambda=0.000 grl_lambda=0.990 v18_lambda=0.000 gpu=3.0/11.8GB
[18:46:03] [train] ep=54 step=020/40 ce=0.3243 sc=0.8450 mi=0.0689 dn=0.0000 v13=0.0000 grl=0.2314 v15=0.0000 v15r=0.0000 v16=0.0000 v17=0.0000 v18=0.0000 acc=0.9938 lr=1.40e-04 lambda=0.000 grl_lambda=0.991 v18_lambda=0.000 gpu=3.0/11.8GB
[18:46:09] [train] ep=54 step=030/40 ce=0.3415 sc=0.8363 mi=0.0674 dn=0.0000 v13=0.0000 grl=0.2338 v15=0.0000 v15r=0.0000 v16=0.0000 v17=0.0000 v18=0.0000 acc=0.9938 lr=1.39e-04 lambda=0.000 grl_lambda=0.991 v18_lambda=0.000 gpu=3.0/11.8GB
[18:46:14] [train] ep=54 step=040/40 ce=0.3350 sc=0.8192 mi=0.0669 dn=0.0000 v13=0.0000 grl=0.2269 v15=0.0000 v15r=0.0000 v16=0.0000 v17=0.0000 v18=0.0000 acc=0.9938 lr=1.38e-04 lambda=0.000 grl_lambda=0.991 v18_lambda=0.000 gpu=3.0/11.8GB
[18:46:37] [ep_summary] ep=54/100 val_live=0.9691/0.9686 val_ema=0.9691/0.9695 test77_live=0.8669/0.8632 test77_diag_ema=0.7590/0.7385 v13=0.0000 grl=0.2269 v15=0.0000 v15r=0.0000 v16=0.0000 v17=0.0000 v18=0.0000 das=stage3[12,95] p=1.00 ep_time=45.6s
[18:46:37] [save] best_sourcequalified77_ema ep=54 source_val_live=0.9691/0.9686 source_val_ema=0.9691/0.9695 test77_ema=0.7590/0.7385
[18:46:37] [train] epoch 55/100 steps=40 use_dann=0 das=stage3 f=[12.0,95.0] p=1.00 gpu=3.0/11.8GB
[18:46:38] [train] ep=55 step=001/40 ce=0.2810 sc=0.6646 mi=0.0591 dn=0.0000 v13=0.0000 grl=0.3194 v15=0.0000 v15r=0.0000 v16=0.0000 v17=0.0000 v18=0.0000 acc=1.0000 lr=1.38e-04 lambda=0.000 grl_lambda=0.991 v18_lambda=0.000 gpu=3.0/11.8GB
[18:46:43] [train] ep=55 step=010/40 ce=0.2680 sc=0.7379 mi=0.0661 dn=0.0000 v13=0.0000 grl=0.2341 v15=0.0000 v15r=0.0000 v16=0.0000 v17=0.0000 v18=0.0000 acc=1.0000 lr=1.37e-04 lambda=0.000 grl_lambda=0.991 v18_lambda=0.000 gpu=3.0/11.8GB
[18:46:49] [train] ep=55 step=020/40 ce=0.2792 sc=0.7738 mi=0.0674 dn=0.0000 v13=0.0000 grl=0.2599 v15=0.0000 v15r=0.0000 v16=0.0000 v17=0.0000 v18=0.0000 acc=1.0000 lr=1.36e-04 lambda=0.000 grl_lambda=0.991 v18_lambda=0.000 gpu=3.0/11.8GB
[18:46:55] [train] ep=55 step=030/40 ce=0.2872 sc=0.7838 mi=0.0676 dn=0.0000 v13=0.0000 grl=0.2623 v15=0.0000 v15r=0.0000 v16=0.0000 v17=0.0000 v18=0.0000 acc=0.9979 lr=1.34e-04 lambda=0.000 grl_lambda=0.992 v18_lambda=0.000 gpu=3.0/11.8GB
[18:47:01] [train] ep=55 step=040/40 ce=0.3038 sc=0.8370 mi=0.0677 dn=0.0000 v13=0.0000 grl=0.2675 v15=0.0000 v15r=0.0000 v16=0.0000 v17=0.0000 v18=0.0000 acc=0.9969 lr=1.33e-04 lambda=0.000 grl_lambda=0.992 v18_lambda=0.000 gpu=3.0/11.8GB
[18:47:28] [ep_summary] ep=55/100 val_live=0.9630/0.9623 val_ema=0.9691/0.9695 test77_live=0.8525/0.8494 test77_diag_ema=0.7734/0.7590 v13=0.0000 grl=0.2675 v15=0.0000 v15r=0.0000 v16=0.0000 v17=0.0000 v18=0.0000 das=stage3[12,95] p=1.00 ep_time=50.3s
[18:47:28] [save] best_sourcequalified77_ema ep=55 source_val_live=0.9630/0.9623 source_val_ema=0.9691/0.9695 test77_ema=0.7734/0.7590
[18:47:28] [train] epoch 56/100 steps=40 use_dann=0 das=stage3 f=[12.0,95.0] p=1.00 gpu=3.0/11.8GB
[18:47:28] [train] ep=56 step=001/40 ce=0.2635 sc=0.7534 mi=0.0629 dn=0.0000 v13=0.0000 grl=0.2169 v15=0.0000 v15r=0.0000 v16=0.0000 v17=0.0000 v18=0.0000 acc=1.0000 lr=1.33e-04 lambda=0.000 grl_lambda=0.992 v18_lambda=0.000 gpu=3.0/11.8GB
[18:47:34] [train] ep=56 step=010/40 ce=0.3024 sc=0.9670 mi=0.0620 dn=0.0000 v13=0.0000 grl=0.1926 v15=0.0000 v15r=0.0000 v16=0.0000 v17=0.0000 v18=0.0000 acc=1.0000 lr=1.32e-04 lambda=0.000 grl_lambda=0.992 v18_lambda=0.000 gpu=3.0/11.8GB
[18:47:39] [train] ep=56 step=020/40 ce=0.2811 sc=0.8167 mi=0.0630 dn=0.0000 v13=0.0000 grl=0.2170 v15=0.0000 v15r=0.0000 v16=0.0000 v17=0.0000 v18=0.0000 acc=1.0000 lr=1.31e-04 lambda=0.000 grl_lambda=0.992 v18_lambda=0.000 gpu=3.0/11.8GB
[18:47:45] [train] ep=56 step=030/40 ce=0.3074 sc=0.8046 mi=0.0642 dn=0.0000 v13=0.0000 grl=0.2260 v15=0.0000 v15r=0.0000 v16=0.0000 v17=0.0000 v18=0.0000 acc=0.9979 lr=1.30e-04 lambda=0.000 grl_lambda=0.992 v18_lambda=0.000 gpu=3.0/11.8GB
[18:47:51] [train] ep=56 step=040/40 ce=0.2962 sc=0.8015 mi=0.0650 dn=0.0000 v13=0.0000 grl=0.2356 v15=0.0000 v15r=0.0000 v16=0.0000 v17=0.0000 v18=0.0000 acc=0.9984 lr=1.28e-04 lambda=0.000 grl_lambda=0.993 v18_lambda=0.000 gpu=3.0/11.8GB
[18:48:02] [ep_summary] ep=56/100 val_live=0.9630/0.9634 val_ema=0.9691/0.9695 test77_live=0.8597/0.8579 test77_diag_ema=0.7806/0.7692 v13=0.0000 grl=0.2356 v15=0.0000 v15r=0.0000 v16=0.0000 v17=0.0000 v18=0.0000 das=stage3[12,95] p=1.00 ep_time=33.9s
[18:48:02] [save] best_sourcequalified77_ema ep=56 source_val_live=0.9630/0.9634 source_val_ema=0.9691/0.9695 test77_ema=0.7806/0.7692
[18:48:02] [train] epoch 57/100 steps=40 use_dann=0 das=stage3 f=[12.0,95.0] p=1.00 gpu=3.0/11.8GB
[18:48:02] [train] ep=57 step=001/40 ce=0.2601 sc=0.6459 mi=0.0629 dn=0.0000 v13=0.0000 grl=0.2925 v15=0.0000 v15r=0.0000 v16=0.0000 v17=0.0000 v18=0.0000 acc=1.0000 lr=1.28e-04 lambda=0.000 grl_lambda=0.993 v18_lambda=0.000 gpu=3.0/11.8GB
[18:48:08] [train] ep=57 step=010/40 ce=0.2587 sc=0.7350 mi=0.0638 dn=0.0000 v13=0.0000 grl=0.2213 v15=0.0000 v15r=0.0000 v16=0.0000 v17=0.0000 v18=0.0000 acc=1.0000 lr=1.27e-04 lambda=0.000 grl_lambda=0.993 v18_lambda=0.000 gpu=3.0/11.8GB
[18:48:13] [train] ep=57 step=020/40 ce=0.2983 sc=0.7748 mi=0.0634 dn=0.0000 v13=0.0000 grl=0.2210 v15=0.0000 v15r=0.0000 v16=0.0000 v17=0.0000 v18=0.0000 acc=0.9969 lr=1.26e-04 lambda=0.000 grl_lambda=0.993 v18_lambda=0.000 gpu=3.0/11.8GB
[18:48:19] [train] ep=57 step=030/40 ce=0.2997 sc=0.7814 mi=0.0642 dn=0.0000 v13=0.0000 grl=0.2269 v15=0.0000 v15r=0.0000 v16=0.0000 v17=0.0000 v18=0.0000 acc=0.9958 lr=1.25e-04 lambda=0.000 grl_lambda=0.993 v18_lambda=0.000 gpu=3.0/11.8GB
[18:48:25] [train] ep=57 step=040/40 ce=0.2951 sc=0.7696 mi=0.0648 dn=0.0000 v13=0.0000 grl=0.2265 v15=0.0000 v15r=0.0000 v16=0.0000 v17=0.0000 v18=0.0000 acc=0.9969 lr=1.24e-04 lambda=0.000 grl_lambda=0.993 v18_lambda=0.000 gpu=3.0/11.8GB
[18:48:36] [ep_summary] ep=57/100 val_live=0.9691/0.9694 val_ema=0.9691/0.9695 test77_live=0.8597/0.8575 test77_diag_ema=0.7950/0.7870 v13=0.0000 grl=0.2265 v15=0.0000 v15r=0.0000 v16=0.0000 v17=0.0000 v18=0.0000 das=stage3[12,95] p=1.00 ep_time=33.8s
[18:48:36] [save] best_sourcequalified77_ema ep=57 source_val_live=0.9691/0.9694 source_val_ema=0.9691/0.9695 test77_ema=0.7950/0.7870
[18:48:36] [train] epoch 58/100 steps=40 use_dann=0 das=stage3 f=[12.0,95.0] p=1.00 gpu=3.0/11.8GB
[18:48:36] [train] ep=58 step=001/40 ce=0.2589 sc=0.9483 mi=0.0634 dn=0.0000 v13=0.0000 grl=0.2766 v15=0.0000 v15r=0.0000 v16=0.0000 v17=0.0000 v18=0.0000 acc=1.0000 lr=1.23e-04 lambda=0.000 grl_lambda=0.993 v18_lambda=0.000 gpu=3.0/11.8GB
[18:48:41] [train] ep=58 step=010/40 ce=0.2902 sc=0.7636 mi=0.0646 dn=0.0000 v13=0.0000 grl=0.2268 v15=0.0000 v15r=0.0000 v16=0.0000 v17=0.0000 v18=0.0000 acc=1.0000 lr=1.22e-04 lambda=0.000 grl_lambda=0.993 v18_lambda=0.000 gpu=3.0/11.8GB
[18:48:47] [train] ep=58 step=020/40 ce=0.2757 sc=0.7299 mi=0.0655 dn=0.0000 v13=0.0000 grl=0.2326 v15=0.0000 v15r=0.0000 v16=0.0000 v17=0.0000 v18=0.0000 acc=1.0000 lr=1.21e-04 lambda=0.000 grl_lambda=0.994 v18_lambda=0.000 gpu=3.0/11.8GB
[18:48:53] [train] ep=58 step=030/40 ce=0.2908 sc=0.7690 mi=0.0672 dn=0.0000 v13=0.0000 grl=0.2334 v15=0.0000 v15r=0.0000 v16=0.0000 v17=0.0000 v18=0.0000 acc=0.9979 lr=1.20e-04 lambda=0.000 grl_lambda=0.994 v18_lambda=0.000 gpu=3.0/11.8GB
[18:48:59] [train] ep=58 step=040/40 ce=0.2832 sc=0.7584 mi=0.0679 dn=0.0000 v13=0.0000 grl=0.2355 v15=0.0000 v15r=0.0000 v16=0.0000 v17=0.0000 v18=0.0000 acc=0.9984 lr=1.19e-04 lambda=0.000 grl_lambda=0.994 v18_lambda=0.000 gpu=3.0/11.8GB
[18:49:09] [ep_summary] ep=58/100 val_live=0.9691/0.9696 val_ema=0.9691/0.9694 test77_live=0.8561/0.8540 test77_diag_ema=0.8165/0.8136 v13=0.0000 grl=0.2355 v15=0.0000 v15r=0.0000 v16=0.0000 v17=0.0000 v18=0.0000 das=stage3[12,95] p=1.00 ep_time=33.8s
[18:49:10] [save] best_sourcequalified77_ema ep=58 source_val_live=0.9691/0.9696 source_val_ema=0.9691/0.9694 test77_ema=0.8165/0.8136
[18:49:10] [train] epoch 59/100 steps=40 use_dann=0 das=stage3 f=[12.0,95.0] p=1.00 gpu=3.0/11.8GB
[18:49:13] [train] ep=59 step=001/40 ce=0.2671 sc=1.0911 mi=0.0621 dn=0.0000 v13=0.0000 grl=0.1702 v15=0.0000 v15r=0.0000 v16=0.0000 v17=0.0000 v18=0.0000 acc=1.0000 lr=1.19e-04 lambda=0.000 grl_lambda=0.994 v18_lambda=0.000 gpu=3.0/11.8GB
[18:49:18] [train] ep=59 step=010/40 ce=0.3722 sc=0.8454 mi=0.0652 dn=0.0000 v13=0.0000 grl=0.2454 v15=0.0000 v15r=0.0000 v16=0.0000 v17=0.0000 v18=0.0000 acc=0.9875 lr=1.18e-04 lambda=0.000 grl_lambda=0.994 v18_lambda=0.000 gpu=3.0/11.8GB
[18:49:24] [train] ep=59 step=020/40 ce=0.3296 sc=0.8642 mi=0.0678 dn=0.0000 v13=0.0000 grl=0.2513 v15=0.0000 v15r=0.0000 v16=0.0000 v17=0.0000 v18=0.0000 acc=0.9938 lr=1.16e-04 lambda=0.000 grl_lambda=0.994 v18_lambda=0.000 gpu=3.0/11.8GB
[18:49:30] [train] ep=59 step=030/40 ce=0.3075 sc=0.8370 mi=0.0679 dn=0.0000 v13=0.0000 grl=0.2480 v15=0.0000 v15r=0.0000 v16=0.0000 v17=0.0000 v18=0.0000 acc=0.9958 lr=1.15e-04 lambda=0.000 grl_lambda=0.994 v18_lambda=0.000 gpu=3.0/11.8GB
[18:49:35] [train] ep=59 step=040/40 ce=0.3075 sc=0.8263 mi=0.0680 dn=0.0000 v13=0.0000 grl=0.2531 v15=0.0000 v15r=0.0000 v16=0.0000 v17=0.0000 v18=0.0000 acc=0.9953 lr=1.14e-04 lambda=0.000 grl_lambda=0.995 v18_lambda=0.000 gpu=3.0/11.8GB
[18:49:46] [ep_summary] ep=59/100 val_live=0.9753/0.9756 val_ema=0.9691/0.9694 test77_live=0.8741/0.8716 test77_diag_ema=0.8273/0.8262 v13=0.0000 grl=0.2531 v15=0.0000 v15r=0.0000 v16=0.0000 v17=0.0000 v18=0.0000 das=stage3[12,95] p=1.00 ep_time=36.4s
[18:49:46] [save] best_sourcequalified77_ema ep=59 source_val_live=0.9753/0.9756 source_val_ema=0.9691/0.9694 test77_ema=0.8273/0.8262
[18:49:46] [train] epoch 60/100 steps=40 use_dann=0 das=stage3 f=[12.0,95.0] p=1.00 gpu=3.0/11.8GB
[18:49:47] [train] ep=60 step=001/40 ce=0.2580 sc=0.4251 mi=0.0676 dn=0.0000 v13=0.0000 grl=0.3011 v15=0.0000 v15r=0.0000 v16=0.0000 v17=0.0000 v18=0.0000 acc=1.0000 lr=1.14e-04 lambda=0.000 grl_lambda=0.995 v18_lambda=0.000 gpu=3.0/11.8GB
[18:49:52] [train] ep=60 step=010/40 ce=0.2941 sc=0.7233 mi=0.0638 dn=0.0000 v13=0.0000 grl=0.1920 v15=0.0000 v15r=0.0000 v16=0.0000 v17=0.0000 v18=0.0000 acc=1.0000 lr=1.13e-04 lambda=0.000 grl_lambda=0.995 v18_lambda=0.000 gpu=3.0/11.8GB
[18:49:58] [train] ep=60 step=020/40 ce=0.3430 sc=0.8291 mi=0.0669 dn=0.0000 v13=0.0000 grl=0.2204 v15=0.0000 v15r=0.0000 v16=0.0000 v17=0.0000 v18=0.0000 acc=0.9969 lr=1.12e-04 lambda=0.000 grl_lambda=0.995 v18_lambda=0.000 gpu=3.0/11.8GB
[18:50:03] [train] ep=60 step=030/40 ce=0.3554 sc=0.8251 mi=0.0689 dn=0.0000 v13=0.0000 grl=0.2323 v15=0.0000 v15r=0.0000 v16=0.0000 v17=0.0000 v18=0.0000 acc=0.9938 lr=1.11e-04 lambda=0.000 grl_lambda=0.995 v18_lambda=0.000 gpu=3.0/11.8GB
[18:50:09] [train] ep=60 step=040/40 ce=0.3497 sc=0.7998 mi=0.0677 dn=0.0000 v13=0.0000 grl=0.2361 v15=0.0000 v15r=0.0000 v16=0.0000 v17=0.0000 v18=0.0000 acc=0.9938 lr=1.09e-04 lambda=0.000 grl_lambda=0.995 v18_lambda=0.000 gpu=3.0/11.8GB
[18:50:20] [pool] check ep=060/100 source_val_acc_ema=0.9691 threshold=0.90
[18:50:25] [pool] ep=060 ADDED src_val=0.9691/0.9694 dev77=0.7643/0.7606 final77=0.8345/0.8329
[18:50:25] [pool] running best ep=060 dev77_f1=0.7606 final77_f1=0.8329 (pool_size=3)
[18:50:25] [ep_summary] ep=60/100 val_live=0.9753/0.9757 val_ema=0.9691/0.9694 test77_live=0.8633/0.8602 test77_diag_ema=0.8345/0.8329 v13=0.0000 grl=0.2361 v15=0.0000 v15r=0.0000 v16=0.0000 v17=0.0000 v18=0.0000 das=stage3[12,95] p=1.00 ep_time=38.7s
[18:50:25] [save] best_sourcequalified77_ema ep=60 source_val_live=0.9753/0.9757 source_val_ema=0.9691/0.9694 test77_ema=0.8345/0.8329
[18:50:25] [strict77_monitor] ep=60 best_source_epoch=40 source_val_ema=0.9691/0.9695 test77_ema_diag=0.4460/0.3776 sourcequalified_count=29 best_sourcequalified77_epoch=60 source_val_ema=0.9691/0.9694 test77_ema=0.8345/0.8329
[18:50:25] [train] epoch 61/100 steps=40 use_dann=0 das=stage3 f=[12.0,95.0] p=1.00 gpu=3.0/11.8GB
[18:50:25] [train] ep=61 step=001/40 ce=0.2619 sc=0.8860 mi=0.0667 dn=0.0000 v13=0.0000 grl=0.3096 v15=0.0000 v15r=0.0000 v16=0.0000 v17=0.0000 v18=0.0000 acc=1.0000 lr=1.09e-04 lambda=0.000 grl_lambda=0.995 v18_lambda=0.000 gpu=3.0/11.8GB
[18:50:31] [train] ep=61 step=010/40 ce=0.3683 sc=0.8824 mi=0.0669 dn=0.0000 v13=0.0000 grl=0.2208 v15=0.0000 v15r=0.0000 v16=0.0000 v17=0.0000 v18=0.0000 acc=0.9938 lr=1.08e-04 lambda=0.000 grl_lambda=0.995 v18_lambda=0.000 gpu=3.0/11.8GB
[18:50:36] [train] ep=61 step=020/40 ce=0.3144 sc=0.8125 mi=0.0669 dn=0.0000 v13=0.0000 grl=0.2338 v15=0.0000 v15r=0.0000 v16=0.0000 v17=0.0000 v18=0.0000 acc=0.9969 lr=1.07e-04 lambda=0.000 grl_lambda=0.995 v18_lambda=0.000 gpu=3.0/11.8GB
[18:50:42] [train] ep=61 step=030/40 ce=0.2990 sc=0.8014 mi=0.0670 dn=0.0000 v13=0.0000 grl=0.2329 v15=0.0000 v15r=0.0000 v16=0.0000 v17=0.0000 v18=0.0000 acc=0.9979 lr=1.06e-04 lambda=0.000 grl_lambda=0.995 v18_lambda=0.000 gpu=3.0/11.8GB
[18:50:48] [train] ep=61 step=040/40 ce=0.3091 sc=0.8046 mi=0.0673 dn=0.0000 v13=0.0000 grl=0.2409 v15=0.0000 v15r=0.0000 v16=0.0000 v17=0.0000 v18=0.0000 acc=0.9969 lr=1.05e-04 lambda=0.000 grl_lambda=0.996 v18_lambda=0.000 gpu=3.0/11.8GB
[18:50:59] [ep_summary] ep=61/100 val_live=0.9691/0.9688 val_ema=0.9691/0.9694 test77_live=0.8705/0.8685 test77_diag_ema=0.8417/0.8399 v13=0.0000 grl=0.2409 v15=0.0000 v15r=0.0000 v16=0.0000 v17=0.0000 v18=0.0000 das=stage3[12,95] p=1.00 ep_time=34.5s
[18:50:59] [save] best_sourcequalified77_ema ep=61 source_val_live=0.9691/0.9688 source_val_ema=0.9691/0.9694 test77_ema=0.8417/0.8399
[18:50:59] [train] epoch 62/100 steps=40 use_dann=0 das=stage3 f=[12.0,95.0] p=1.00 gpu=3.0/11.8GB
[18:51:02] [train] ep=62 step=001/40 ce=0.2646 sc=0.6291 mi=0.0604 dn=0.0000 v13=0.0000 grl=0.1696 v15=0.0000 v15r=0.0000 v16=0.0000 v17=0.0000 v18=0.0000 acc=1.0000 lr=1.05e-04 lambda=0.000 grl_lambda=0.996 v18_lambda=0.000 gpu=3.0/11.8GB
[18:51:08] [train] ep=62 step=010/40 ce=0.4276 sc=0.9842 mi=0.0653 dn=0.0000 v13=0.0000 grl=0.2073 v15=0.0000 v15r=0.0000 v16=0.0000 v17=0.0000 v18=0.0000 acc=0.9812 lr=1.04e-04 lambda=0.000 grl_lambda=0.996 v18_lambda=0.000 gpu=3.0/11.8GB
[18:51:14] [train] ep=62 step=020/40 ce=0.3853 sc=0.8413 mi=0.0646 dn=0.0000 v13=0.0000 grl=0.2183 v15=0.0000 v15r=0.0000 v16=0.0000 v17=0.0000 v18=0.0000 acc=0.9875 lr=1.02e-04 lambda=0.000 grl_lambda=0.996 v18_lambda=0.000 gpu=3.0/11.8GB
[18:51:19] [train] ep=62 step=030/40 ce=0.3568 sc=0.7901 mi=0.0652 dn=0.0000 v13=0.0000 grl=0.2313 v15=0.0000 v15r=0.0000 v16=0.0000 v17=0.0000 v18=0.0000 acc=0.9896 lr=1.01e-04 lambda=0.000 grl_lambda=0.996 v18_lambda=0.000 gpu=3.0/11.8GB
[18:51:25] [train] ep=62 step=040/40 ce=0.3362 sc=0.7757 mi=0.0657 dn=0.0000 v13=0.0000 grl=0.2350 v15=0.0000 v15r=0.0000 v16=0.0000 v17=0.0000 v18=0.0000 acc=0.9922 lr=1.00e-04 lambda=0.000 grl_lambda=0.996 v18_lambda=0.000 gpu=3.0/11.8GB
[18:51:36] [ep_summary] ep=62/100 val_live=0.9753/0.9755 val_ema=0.9691/0.9694 test77_live=0.8669/0.8645 test77_diag_ema=0.8525/0.8504 v13=0.0000 grl=0.2350 v15=0.0000 v15r=0.0000 v16=0.0000 v17=0.0000 v18=0.0000 das=stage3[12,95] p=1.00 ep_time=36.7s
[18:51:37] [save] best_sourcequalified77_ema ep=62 source_val_live=0.9753/0.9755 source_val_ema=0.9691/0.9694 test77_ema=0.8525/0.8504
[18:51:37] [train] epoch 63/100 steps=40 use_dann=0 das=stage3 f=[12.0,95.0] p=1.00 gpu=3.0/11.8GB
[18:51:37] [train] ep=63 step=001/40 ce=0.2607 sc=0.4307 mi=0.0732 dn=0.0000 v13=0.0000 grl=0.2041 v15=0.0000 v15r=0.0000 v16=0.0000 v17=0.0000 v18=0.0000 acc=1.0000 lr=1.00e-04 lambda=0.000 grl_lambda=0.996 v18_lambda=0.000 gpu=3.0/11.8GB
[18:51:43] [train] ep=63 step=010/40 ce=0.2599 sc=0.5673 mi=0.0719 dn=0.0000 v13=0.0000 grl=0.2175 v15=0.0000 v15r=0.0000 v16=0.0000 v17=0.0000 v18=0.0000 acc=1.0000 lr=9.89e-05 lambda=0.000 grl_lambda=0.996 v18_lambda=0.000 gpu=3.0/11.8GB
[18:51:49] [train] ep=63 step=020/40 ce=0.2756 sc=0.6926 mi=0.0692 dn=0.0000 v13=0.0000 grl=0.2247 v15=0.0000 v15r=0.0000 v16=0.0000 v17=0.0000 v18=0.0000 acc=1.0000 lr=9.78e-05 lambda=0.000 grl_lambda=0.996 v18_lambda=0.000 gpu=3.0/11.8GB
[18:51:55] [train] ep=63 step=030/40 ce=0.2846 sc=0.7301 mi=0.0679 dn=0.0000 v13=0.0000 grl=0.2312 v15=0.0000 v15r=0.0000 v16=0.0000 v17=0.0000 v18=0.0000 acc=1.0000 lr=9.67e-05 lambda=0.000 grl_lambda=0.996 v18_lambda=0.000 gpu=3.0/11.8GB
[18:52:00] [train] ep=63 step=040/40 ce=0.2858 sc=0.7280 mi=0.0678 dn=0.0000 v13=0.0000 grl=0.2291 v15=0.0000 v15r=0.0000 v16=0.0000 v17=0.0000 v18=0.0000 acc=1.0000 lr=9.55e-05 lambda=0.000 grl_lambda=0.996 v18_lambda=0.000 gpu=3.0/11.8GB
[18:52:11] [ep_summary] ep=63/100 val_live=0.9691/0.9694 val_ema=0.9691/0.9694 test77_live=0.8597/0.8560 test77_diag_ema=0.8597/0.8583 v13=0.0000 grl=0.2291 v15=0.0000 v15r=0.0000 v16=0.0000 v17=0.0000 v18=0.0000 das=stage3[12,95] p=1.00 ep_time=34.1s
[18:52:11] [save] best_sourcequalified77_ema ep=63 source_val_live=0.9691/0.9694 source_val_ema=0.9691/0.9694 test77_ema=0.8597/0.8583
[18:52:11] [train] epoch 64/100 steps=40 use_dann=0 das=stage3 f=[12.0,95.0] p=1.00 gpu=3.0/11.8GB
[18:52:11] [train] ep=64 step=001/40 ce=0.2589 sc=0.6134 mi=0.0579 dn=0.0000 v13=0.0000 grl=0.2987 v15=0.0000 v15r=0.0000 v16=0.0000 v17=0.0000 v18=0.0000 acc=1.0000 lr=9.54e-05 lambda=0.000 grl_lambda=0.996 v18_lambda=0.000 gpu=3.0/11.8GB
[18:52:17] [train] ep=64 step=010/40 ce=0.2812 sc=0.7894 mi=0.0694 dn=0.0000 v13=0.0000 grl=0.2509 v15=0.0000 v15r=0.0000 v16=0.0000 v17=0.0000 v18=0.0000 acc=1.0000 lr=9.44e-05 lambda=0.000 grl_lambda=0.996 v18_lambda=0.000 gpu=3.0/11.8GB
[18:52:22] [train] ep=64 step=020/40 ce=0.2741 sc=0.8101 mi=0.0678 dn=0.0000 v13=0.0000 grl=0.2365 v15=0.0000 v15r=0.0000 v16=0.0000 v17=0.0000 v18=0.0000 acc=1.0000 lr=9.33e-05 lambda=0.000 grl_lambda=0.997 v18_lambda=0.000 gpu=3.0/11.8GB
[18:52:28] [train] ep=64 step=030/40 ce=0.2789 sc=0.8246 mi=0.0666 dn=0.0000 v13=0.0000 grl=0.2387 v15=0.0000 v15r=0.0000 v16=0.0000 v17=0.0000 v18=0.0000 acc=1.0000 lr=9.21e-05 lambda=0.000 grl_lambda=0.997 v18_lambda=0.000 gpu=3.0/11.8GB
[18:52:34] [train] ep=64 step=040/40 ce=0.2869 sc=0.8250 mi=0.0663 dn=0.0000 v13=0.0000 grl=0.2356 v15=0.0000 v15r=0.0000 v16=0.0000 v17=0.0000 v18=0.0000 acc=0.9984 lr=9.10e-05 lambda=0.000 grl_lambda=0.997 v18_lambda=0.000 gpu=3.0/11.8GB
[18:52:45] [ep_summary] ep=64/100 val_live=0.9630/0.9626 val_ema=0.9691/0.9694 test77_live=0.8669/0.8630 test77_diag_ema=0.8597/0.8576 v13=0.0000 grl=0.2356 v15=0.0000 v15r=0.0000 v16=0.0000 v17=0.0000 v18=0.0000 das=stage3[12,95] p=1.00 ep_time=33.8s
[18:52:45] [train] epoch 65/100 steps=40 use_dann=0 das=stage3 f=[12.0,95.0] p=1.00 gpu=3.0/11.8GB
[18:52:45] [train] ep=65 step=001/40 ce=0.2629 sc=0.6276 mi=0.0789 dn=0.0000 v13=0.0000 grl=0.2344 v15=0.0000 v15r=0.0000 v16=0.0000 v17=0.0000 v18=0.0000 acc=1.0000 lr=9.09e-05 lambda=0.000 grl_lambda=0.997 v18_lambda=0.000 gpu=3.0/11.8GB
[18:52:50] [train] ep=65 step=010/40 ce=0.3540 sc=0.8177 mi=0.0661 dn=0.0000 v13=0.0000 grl=0.2211 v15=0.0000 v15r=0.0000 v16=0.0000 v17=0.0000 v18=0.0000 acc=0.9938 lr=8.99e-05 lambda=0.000 grl_lambda=0.997 v18_lambda=0.000 gpu=3.0/11.8GB
[18:52:56] [train] ep=65 step=020/40 ce=0.3151 sc=0.8037 mi=0.0666 dn=0.0000 v13=0.0000 grl=0.2424 v15=0.0000 v15r=0.0000 v16=0.0000 v17=0.0000 v18=0.0000 acc=0.9969 lr=8.88e-05 lambda=0.000 grl_lambda=0.997 v18_lambda=0.000 gpu=3.0/11.8GB
[18:53:02] [train] ep=65 step=030/40 ce=0.3307 sc=0.8272 mi=0.0651 dn=0.0000 v13=0.0000 grl=0.2347 v15=0.0000 v15r=0.0000 v16=0.0000 v17=0.0000 v18=0.0000 acc=0.9958 lr=8.77e-05 lambda=0.000 grl_lambda=0.997 v18_lambda=0.000 gpu=3.0/11.8GB
[18:53:08] [train] ep=65 step=040/40 ce=0.3517 sc=0.8275 mi=0.0650 dn=0.0000 v13=0.0000 grl=0.2424 v15=0.0000 v15r=0.0000 v16=0.0000 v17=0.0000 v18=0.0000 acc=0.9938 lr=8.66e-05 lambda=0.000 grl_lambda=0.997 v18_lambda=0.000 gpu=3.0/11.8GB
[18:53:18] [ep_summary] ep=65/100 val_live=0.9691/0.9685 val_ema=0.9691/0.9694 test77_live=0.8597/0.8548 test77_diag_ema=0.8633/0.8619 v13=0.0000 grl=0.2424 v15=0.0000 v15r=0.0000 v16=0.0000 v17=0.0000 v18=0.0000 das=stage3[12,95] p=1.00 ep_time=33.8s
[18:53:18] [save] best_sourcequalified77_ema ep=65 source_val_live=0.9691/0.9685 source_val_ema=0.9691/0.9694 test77_ema=0.8633/0.8619
[18:53:18] [train] epoch 66/100 steps=40 use_dann=0 das=stage3 f=[12.0,95.0] p=1.00 gpu=3.0/11.8GB
[18:53:19] [train] ep=66 step=001/40 ce=0.2595 sc=0.6480 mi=0.0606 dn=0.0000 v13=0.0000 grl=0.2404 v15=0.0000 v15r=0.0000 v16=0.0000 v17=0.0000 v18=0.0000 acc=1.0000 lr=8.65e-05 lambda=0.000 grl_lambda=0.997 v18_lambda=0.000 gpu=3.0/11.8GB
[18:53:24] [train] ep=66 step=010/40 ce=0.3845 sc=0.8176 mi=0.0679 dn=0.0000 v13=0.0000 grl=0.2500 v15=0.0000 v15r=0.0000 v16=0.0000 v17=0.0000 v18=0.0000 acc=0.9938 lr=8.55e-05 lambda=0.000 grl_lambda=0.997 v18_lambda=0.000 gpu=3.0/11.8GB
[18:53:30] [train] ep=66 step=020/40 ce=0.3305 sc=0.7469 mi=0.0690 dn=0.0000 v13=0.0000 grl=0.2402 v15=0.0000 v15r=0.0000 v16=0.0000 v17=0.0000 v18=0.0000 acc=0.9969 lr=8.44e-05 lambda=0.000 grl_lambda=0.997 v18_lambda=0.000 gpu=3.0/11.8GB
[18:53:36] [train] ep=66 step=030/40 ce=0.3108 sc=0.7564 mi=0.0673 dn=0.0000 v13=0.0000 grl=0.2489 v15=0.0000 v15r=0.0000 v16=0.0000 v17=0.0000 v18=0.0000 acc=0.9979 lr=8.33e-05 lambda=0.000 grl_lambda=0.997 v18_lambda=0.000 gpu=3.0/11.8GB
[18:53:42] [train] ep=66 step=040/40 ce=0.2996 sc=0.7551 mi=0.0672 dn=0.0000 v13=0.0000 grl=0.2518 v15=0.0000 v15r=0.0000 v16=0.0000 v17=0.0000 v18=0.0000 acc=0.9984 lr=8.22e-05 lambda=0.000 grl_lambda=0.997 v18_lambda=0.000 gpu=3.0/11.8GB
[18:53:52] [ep_summary] ep=66/100 val_live=0.9753/0.9749 val_ema=0.9691/0.9694 test77_live=0.8669/0.8653 test77_diag_ema=0.8705/0.8685 v13=0.0000 grl=0.2518 v15=0.0000 v15r=0.0000 v16=0.0000 v17=0.0000 v18=0.0000 das=stage3[12,95] p=1.00 ep_time=33.8s
[18:53:52] [save] best_sourcequalified77_ema ep=66 source_val_live=0.9753/0.9749 source_val_ema=0.9691/0.9694 test77_ema=0.8705/0.8685
[18:53:52] [train] epoch 67/100 steps=40 use_dann=0 das=stage3 f=[12.0,95.0] p=1.00 gpu=3.0/11.8GB
[18:53:53] [train] ep=67 step=001/40 ce=0.2604 sc=0.7267 mi=0.0571 dn=0.0000 v13=0.0000 grl=0.1850 v15=0.0000 v15r=0.0000 v16=0.0000 v17=0.0000 v18=0.0000 acc=1.0000 lr=8.21e-05 lambda=0.000 grl_lambda=0.997 v18_lambda=0.000 gpu=3.0/11.8GB
[18:53:58] [train] ep=67 step=010/40 ce=0.2602 sc=0.7138 mi=0.0682 dn=0.0000 v13=0.0000 grl=0.2429 v15=0.0000 v15r=0.0000 v16=0.0000 v17=0.0000 v18=0.0000 acc=1.0000 lr=8.11e-05 lambda=0.000 grl_lambda=0.997 v18_lambda=0.000 gpu=3.0/11.8GB
[18:54:04] [train] ep=67 step=020/40 ce=0.3751 sc=0.7909 mi=0.0661 dn=0.0000 v13=0.0000 grl=0.2424 v15=0.0000 v15r=0.0000 v16=0.0000 v17=0.0000 v18=0.0000 acc=0.9906 lr=8.01e-05 lambda=0.000 grl_lambda=0.997 v18_lambda=0.000 gpu=3.0/11.8GB
[18:54:10] [train] ep=67 step=030/40 ce=0.3635 sc=0.7868 mi=0.0670 dn=0.0000 v13=0.0000 grl=0.2619 v15=0.0000 v15r=0.0000 v16=0.0000 v17=0.0000 v18=0.0000 acc=0.9917 lr=7.90e-05 lambda=0.000 grl_lambda=0.997 v18_lambda=0.000 gpu=3.0/11.8GB
[18:54:16] [train] ep=67 step=040/40 ce=0.3581 sc=0.8061 mi=0.0665 dn=0.0000 v13=0.0000 grl=0.2559 v15=0.0000 v15r=0.0000 v16=0.0000 v17=0.0000 v18=0.0000 acc=0.9922 lr=7.79e-05 lambda=0.000 grl_lambda=0.998 v18_lambda=0.000 gpu=3.0/11.8GB
[18:55:08] [ep_summary] ep=67/100 val_live=0.9630/0.9623 val_ema=0.9691/0.9694 test77_live=0.8489/0.8465 test77_diag_ema=0.8741/0.8727 v13=0.0000 grl=0.2559 v15=0.0000 v15r=0.0000 v16=0.0000 v17=0.0000 v18=0.0000 das=stage3[12,95] p=1.00 ep_time=75.9s
[18:55:59] [save] best_sourcequalified77_ema ep=67 source_val_live=0.9630/0.9623 source_val_ema=0.9691/0.9694 test77_ema=0.8741/0.8727
[18:55:59] [train] epoch 68/100 steps=40 use_dann=0 das=stage3 f=[12.0,95.0] p=1.00 gpu=3.0/11.8GB
[18:56:02] [train] ep=68 step=001/40 ce=0.2662 sc=0.4201 mi=0.0658 dn=0.0000 v13=0.0000 grl=0.2901 v15=0.0000 v15r=0.0000 v16=0.0000 v17=0.0000 v18=0.0000 acc=1.0000 lr=7.78e-05 lambda=0.000 grl_lambda=0.998 v18_lambda=0.000 gpu=3.0/11.8GB
[18:56:07] [train] ep=68 step=010/40 ce=0.2653 sc=0.7121 mi=0.0679 dn=0.0000 v13=0.0000 grl=0.2643 v15=0.0000 v15r=0.0000 v16=0.0000 v17=0.0000 v18=0.0000 acc=1.0000 lr=7.69e-05 lambda=0.000 grl_lambda=0.998 v18_lambda=0.000 gpu=3.0/11.8GB
[18:56:13] [train] ep=68 step=020/40 ce=0.2650 sc=0.7002 mi=0.0649 dn=0.0000 v13=0.0000 grl=0.2327 v15=0.0000 v15r=0.0000 v16=0.0000 v17=0.0000 v18=0.0000 acc=1.0000 lr=7.58e-05 lambda=0.000 grl_lambda=0.998 v18_lambda=0.000 gpu=3.0/11.8GB
[18:56:19] [train] ep=68 step=030/40 ce=0.2752 sc=0.6921 mi=0.0653 dn=0.0000 v13=0.0000 grl=0.2325 v15=0.0000 v15r=0.0000 v16=0.0000 v17=0.0000 v18=0.0000 acc=1.0000 lr=7.48e-05 lambda=0.000 grl_lambda=0.998 v18_lambda=0.000 gpu=3.0/11.8GB
[18:56:25] [train] ep=68 step=040/40 ce=0.2746 sc=0.7147 mi=0.0659 dn=0.0000 v13=0.0000 grl=0.2387 v15=0.0000 v15r=0.0000 v16=0.0000 v17=0.0000 v18=0.0000 acc=1.0000 lr=7.37e-05 lambda=0.000 grl_lambda=0.998 v18_lambda=0.000 gpu=3.0/11.8GB
[18:56:45] [ep_summary] ep=68/100 val_live=0.9691/0.9686 val_ema=0.9691/0.9694 test77_live=0.8669/0.8647 test77_diag_ema=0.8741/0.8727 v13=0.0000 grl=0.2387 v15=0.0000 v15r=0.0000 v16=0.0000 v17=0.0000 v18=0.0000 das=stage3[12,95] p=1.00 ep_time=46.4s
[18:56:45] [train] epoch 69/100 steps=40 use_dann=0 das=stage3 f=[12.0,95.0] p=1.00 gpu=3.0/11.8GB
[18:56:46] [train] ep=69 step=001/40 ce=0.2591 sc=0.6471 mi=0.0696 dn=0.0000 v13=0.0000 grl=0.2282 v15=0.0000 v15r=0.0000 v16=0.0000 v17=0.0000 v18=0.0000 acc=1.0000 lr=7.36e-05 lambda=0.000 grl_lambda=0.998 v18_lambda=0.000 gpu=3.0/11.8GB
[18:56:51] [train] ep=69 step=010/40 ce=0.2670 sc=0.6726 mi=0.0690 dn=0.0000 v13=0.0000 grl=0.2541 v15=0.0000 v15r=0.0000 v16=0.0000 v17=0.0000 v18=0.0000 acc=1.0000 lr=7.27e-05 lambda=0.000 grl_lambda=0.998 v18_lambda=0.000 gpu=3.0/11.8GB
[18:56:57] [train] ep=69 step=020/40 ce=0.3038 sc=0.7391 mi=0.0675 dn=0.0000 v13=0.0000 grl=0.2589 v15=0.0000 v15r=0.0000 v16=0.0000 v17=0.0000 v18=0.0000 acc=0.9969 lr=7.16e-05 lambda=0.000 grl_lambda=0.998 v18_lambda=0.000 gpu=3.0/11.8GB
[18:57:03] [train] ep=69 step=030/40 ce=0.2886 sc=0.7362 mi=0.0685 dn=0.0000 v13=0.0000 grl=0.2535 v15=0.0000 v15r=0.0000 v16=0.0000 v17=0.0000 v18=0.0000 acc=0.9979 lr=7.06e-05 lambda=0.000 grl_lambda=0.998 v18_lambda=0.000 gpu=3.0/11.8GB
[18:57:09] [train] ep=69 step=040/40 ce=0.2811 sc=0.7356 mi=0.0680 dn=0.0000 v13=0.0000 grl=0.2454 v15=0.0000 v15r=0.0000 v16=0.0000 v17=0.0000 v18=0.0000 acc=0.9984 lr=6.96e-05 lambda=0.000 grl_lambda=0.998 v18_lambda=0.000 gpu=3.0/11.8GB
[18:57:19] [ep_summary] ep=69/100 val_live=0.9691/0.9686 val_ema=0.9691/0.9694 test77_live=0.8813/0.8794 test77_diag_ema=0.8741/0.8727 v13=0.0000 grl=0.2454 v15=0.0000 v15r=0.0000 v16=0.0000 v17=0.0000 v18=0.0000 das=stage3[12,95] p=1.00 ep_time=34.0s
[18:57:19] [train] epoch 70/100 steps=40 use_dann=0 das=stage3 f=[12.0,95.0] p=1.00 gpu=3.0/11.8GB
[18:57:20] [train] ep=70 step=001/40 ce=0.3121 sc=0.7705 mi=0.0617 dn=0.0000 v13=0.0000 grl=0.2086 v15=0.0000 v15r=0.0000 v16=0.0000 v17=0.0000 v18=0.0000 acc=1.0000 lr=6.95e-05 lambda=0.000 grl_lambda=0.998 v18_lambda=0.000 gpu=3.0/11.8GB
[18:57:25] [train] ep=70 step=010/40 ce=0.2982 sc=0.8091 mi=0.0690 dn=0.0000 v13=0.0000 grl=0.2616 v15=0.0000 v15r=0.0000 v16=0.0000 v17=0.0000 v18=0.0000 acc=1.0000 lr=6.85e-05 lambda=0.000 grl_lambda=0.998 v18_lambda=0.000 gpu=3.0/11.8GB
[18:57:31] [train] ep=70 step=020/40 ce=0.2781 sc=0.7659 mi=0.0669 dn=0.0000 v13=0.0000 grl=0.2484 v15=0.0000 v15r=0.0000 v16=0.0000 v17=0.0000 v18=0.0000 acc=1.0000 lr=6.75e-05 lambda=0.000 grl_lambda=0.998 v18_lambda=0.000 gpu=3.0/11.8GB
[18:57:37] [train] ep=70 step=030/40 ce=0.2857 sc=0.7990 mi=0.0668 dn=0.0000 v13=0.0000 grl=0.2457 v15=0.0000 v15r=0.0000 v16=0.0000 v17=0.0000 v18=0.0000 acc=0.9979 lr=6.65e-05 lambda=0.000 grl_lambda=0.998 v18_lambda=0.000 gpu=3.0/11.8GB
[18:57:43] [train] ep=70 step=040/40 ce=0.2889 sc=0.8206 mi=0.0673 dn=0.0000 v13=0.0000 grl=0.2461 v15=0.0000 v15r=0.0000 v16=0.0000 v17=0.0000 v18=0.0000 acc=0.9984 lr=6.55e-05 lambda=0.000 grl_lambda=0.998 v18_lambda=0.000 gpu=3.0/11.8GB
[18:57:53] [pool] check ep=070/100 source_val_acc_ema=0.9691 threshold=0.90
[18:57:58] [pool] ep=070 ADDED src_val=0.9691/0.9694 dev77=0.8071/0.8090 final77=0.8705/0.8694
[18:57:58] [pool] running best ep=070 dev77_f1=0.8090 final77_f1=0.8694 (pool_size=4)
[18:57:58] [ep_summary] ep=70/100 val_live=0.9630/0.9635 val_ema=0.9691/0.9694 test77_live=0.8705/0.8700 test77_diag_ema=0.8705/0.8694 v13=0.0000 grl=0.2461 v15=0.0000 v15r=0.0000 v16=0.0000 v17=0.0000 v18=0.0000 das=stage3[12,95] p=1.00 ep_time=38.8s
[18:57:58] [strict77_monitor] ep=70 best_source_epoch=40 source_val_ema=0.9691/0.9695 test77_ema_diag=0.4460/0.3776 sourcequalified_count=39 best_sourcequalified77_epoch=67 source_val_ema=0.9691/0.9694 test77_ema=0.8741/0.8727
[18:57:58] [train] epoch 71/100 steps=40 use_dann=0 das=stage3 f=[12.0,95.0] p=1.00 gpu=3.0/11.8GB
[18:57:59] [train] ep=71 step=001/40 ce=0.2609 sc=0.5578 mi=0.0637 dn=0.0000 v13=0.0000 grl=0.2541 v15=0.0000 v15r=0.0000 v16=0.0000 v17=0.0000 v18=0.0000 acc=1.0000 lr=6.54e-05 lambda=0.000 grl_lambda=0.998 v18_lambda=0.000 gpu=3.0/11.8GB
[18:58:04] [train] ep=71 step=010/40 ce=0.2595 sc=0.7304 mi=0.0637 dn=0.0000 v13=0.0000 grl=0.2429 v15=0.0000 v15r=0.0000 v16=0.0000 v17=0.0000 v18=0.0000 acc=1.0000 lr=6.45e-05 lambda=0.000 grl_lambda=0.998 v18_lambda=0.000 gpu=3.0/11.8GB
[18:58:10] [train] ep=71 step=020/40 ce=0.2801 sc=0.7245 mi=0.0622 dn=0.0000 v13=0.0000 grl=0.2447 v15=0.0000 v15r=0.0000 v16=0.0000 v17=0.0000 v18=0.0000 acc=0.9969 lr=6.35e-05 lambda=0.000 grl_lambda=0.998 v18_lambda=0.000 gpu=3.0/11.8GB
[18:58:16] [train] ep=71 step=030/40 ce=0.2761 sc=0.7648 mi=0.0627 dn=0.0000 v13=0.0000 grl=0.2392 v15=0.0000 v15r=0.0000 v16=0.0000 v17=0.0000 v18=0.0000 acc=0.9979 lr=6.25e-05 lambda=0.000 grl_lambda=0.998 v18_lambda=0.000 gpu=3.0/11.8GB
[18:58:21] [train] ep=71 step=040/40 ce=0.2740 sc=0.7727 mi=0.0638 dn=0.0000 v13=0.0000 grl=0.2448 v15=0.0000 v15r=0.0000 v16=0.0000 v17=0.0000 v18=0.0000 acc=0.9984 lr=6.15e-05 lambda=0.000 grl_lambda=0.998 v18_lambda=0.000 gpu=3.0/11.8GB
[18:58:32] [ep_summary] ep=71/100 val_live=0.9630/0.9634 val_ema=0.9691/0.9694 test77_live=0.8885/0.8865 test77_diag_ema=0.8777/0.8770 v13=0.0000 grl=0.2448 v15=0.0000 v15r=0.0000 v16=0.0000 v17=0.0000 v18=0.0000 das=stage3[12,95] p=1.00 ep_time=33.8s
[18:58:32] [save] best_sourcequalified77_ema ep=71 source_val_live=0.9630/0.9634 source_val_ema=0.9691/0.9694 test77_ema=0.8777/0.8770
[18:58:32] [train] epoch 72/100 steps=40 use_dann=0 das=stage3 f=[12.0,95.0] p=1.00 gpu=3.0/11.8GB
[18:58:33] [train] ep=72 step=001/40 ce=0.2591 sc=0.4189 mi=0.0574 dn=0.0000 v13=0.0000 grl=0.2486 v15=0.0000 v15r=0.0000 v16=0.0000 v17=0.0000 v18=0.0000 acc=1.0000 lr=6.14e-05 lambda=0.000 grl_lambda=0.998 v18_lambda=0.000 gpu=3.0/11.8GB
[18:58:38] [train] ep=72 step=010/40 ce=0.2723 sc=0.8785 mi=0.0655 dn=0.0000 v13=0.0000 grl=0.2411 v15=0.0000 v15r=0.0000 v16=0.0000 v17=0.0000 v18=0.0000 acc=1.0000 lr=6.06e-05 lambda=0.000 grl_lambda=0.998 v18_lambda=0.000 gpu=3.0/11.8GB
[18:58:44] [train] ep=72 step=020/40 ce=0.2654 sc=0.7837 mi=0.0649 dn=0.0000 v13=0.0000 grl=0.2454 v15=0.0000 v15r=0.0000 v16=0.0000 v17=0.0000 v18=0.0000 acc=1.0000 lr=5.96e-05 lambda=0.000 grl_lambda=0.998 v18_lambda=0.000 gpu=3.0/11.8GB
[18:58:49] [train] ep=72 step=030/40 ce=0.2980 sc=0.8150 mi=0.0641 dn=0.0000 v13=0.0000 grl=0.2341 v15=0.0000 v15r=0.0000 v16=0.0000 v17=0.0000 v18=0.0000 acc=0.9979 lr=5.86e-05 lambda=0.000 grl_lambda=0.998 v18_lambda=0.000 gpu=3.0/11.8GB
[18:58:55] [train] ep=72 step=040/40 ce=0.3043 sc=0.8481 mi=0.0648 dn=0.0000 v13=0.0000 grl=0.2340 v15=0.0000 v15r=0.0000 v16=0.0000 v17=0.0000 v18=0.0000 acc=0.9969 lr=5.77e-05 lambda=0.000 grl_lambda=0.999 v18_lambda=0.000 gpu=3.0/11.8GB
[18:59:06] [ep_summary] ep=72/100 val_live=0.9753/0.9755 val_ema=0.9691/0.9694 test77_live=0.8705/0.8679 test77_diag_ema=0.8741/0.8735 v13=0.0000 grl=0.2340 v15=0.0000 v15r=0.0000 v16=0.0000 v17=0.0000 v18=0.0000 das=stage3[12,95] p=1.00 ep_time=33.8s
[18:59:06] [train] epoch 73/100 steps=40 use_dann=0 das=stage3 f=[12.0,95.0] p=1.00 gpu=3.0/11.8GB
[18:59:06] [train] ep=73 step=001/40 ce=0.2589 sc=0.6150 mi=0.0636 dn=0.0000 v13=0.0000 grl=0.4066 v15=0.0000 v15r=0.0000 v16=0.0000 v17=0.0000 v18=0.0000 acc=1.0000 lr=5.76e-05 lambda=0.000 grl_lambda=0.999 v18_lambda=0.000 gpu=3.0/11.8GB
[18:59:12] [train] ep=73 step=010/40 ce=0.4007 sc=0.7616 mi=0.0660 dn=0.0000 v13=0.0000 grl=0.2633 v15=0.0000 v15r=0.0000 v16=0.0000 v17=0.0000 v18=0.0000 acc=0.9875 lr=5.67e-05 lambda=0.000 grl_lambda=0.999 v18_lambda=0.000 gpu=3.0/11.8GB
[18:59:17] [train] ep=73 step=020/40 ce=0.3445 sc=0.7066 mi=0.0696 dn=0.0000 v13=0.0000 grl=0.2922 v15=0.0000 v15r=0.0000 v16=0.0000 v17=0.0000 v18=0.0000 acc=0.9938 lr=5.58e-05 lambda=0.000 grl_lambda=0.999 v18_lambda=0.000 gpu=3.0/11.8GB
[18:59:23] [train] ep=73 step=030/40 ce=0.3308 sc=0.6957 mi=0.0679 dn=0.0000 v13=0.0000 grl=0.2759 v15=0.0000 v15r=0.0000 v16=0.0000 v17=0.0000 v18=0.0000 acc=0.9958 lr=5.48e-05 lambda=0.000 grl_lambda=0.999 v18_lambda=0.000 gpu=3.0/11.8GB
[18:59:29] [train] ep=73 step=040/40 ce=0.3278 sc=0.7139 mi=0.0674 dn=0.0000 v13=0.0000 grl=0.2654 v15=0.0000 v15r=0.0000 v16=0.0000 v17=0.0000 v18=0.0000 acc=0.9969 lr=5.39e-05 lambda=0.000 grl_lambda=0.999 v18_lambda=0.000 gpu=3.0/11.8GB
[18:59:40] [ep_summary] ep=73/100 val_live=0.9630/0.9635 val_ema=0.9691/0.9694 test77_live=0.8489/0.8437 test77_diag_ema=0.8741/0.8732 v13=0.0000 grl=0.2654 v15=0.0000 v15r=0.0000 v16=0.0000 v17=0.0000 v18=0.0000 das=stage3[12,95] p=1.00 ep_time=33.8s
[18:59:40] [train] epoch 74/100 steps=40 use_dann=0 das=stage3 f=[12.0,95.0] p=1.00 gpu=3.0/11.8GB
[18:59:40] [train] ep=74 step=001/40 ce=0.2581 sc=0.8674 mi=0.0617 dn=0.0000 v13=0.0000 grl=0.3286 v15=0.0000 v15r=0.0000 v16=0.0000 v17=0.0000 v18=0.0000 acc=1.0000 lr=5.38e-05 lambda=0.000 grl_lambda=0.999 v18_lambda=0.000 gpu=3.0/11.8GB
[18:59:45] [train] ep=74 step=010/40 ce=0.2612 sc=0.7494 mi=0.0646 dn=0.0000 v13=0.0000 grl=0.2938 v15=0.0000 v15r=0.0000 v16=0.0000 v17=0.0000 v18=0.0000 acc=1.0000 lr=5.30e-05 lambda=0.000 grl_lambda=0.999 v18_lambda=0.000 gpu=3.0/11.8GB
[18:59:51] [train] ep=74 step=020/40 ce=0.3056 sc=0.7641 mi=0.0641 dn=0.0000 v13=0.0000 grl=0.2677 v15=0.0000 v15r=0.0000 v16=0.0000 v17=0.0000 v18=0.0000 acc=0.9969 lr=5.20e-05 lambda=0.000 grl_lambda=0.999 v18_lambda=0.000 gpu=3.0/11.8GB
[18:59:57] [train] ep=74 step=030/40 ce=0.2932 sc=0.7653 mi=0.0642 dn=0.0000 v13=0.0000 grl=0.2567 v15=0.0000 v15r=0.0000 v16=0.0000 v17=0.0000 v18=0.0000 acc=0.9979 lr=5.11e-05 lambda=0.000 grl_lambda=0.999 v18_lambda=0.000 gpu=3.0/11.8GB
[19:00:03] [train] ep=74 step=040/40 ce=0.3071 sc=0.7662 mi=0.0640 dn=0.0000 v13=0.0000 grl=0.2467 v15=0.0000 v15r=0.0000 v16=0.0000 v17=0.0000 v18=0.0000 acc=0.9969 lr=5.02e-05 lambda=0.000 grl_lambda=0.999 v18_lambda=0.000 gpu=3.0/11.8GB
[19:00:14] [ep_summary] ep=74/100 val_live=0.9691/0.9694 val_ema=0.9691/0.9694 test77_live=0.8633/0.8611 test77_diag_ema=0.8705/0.8693 v13=0.0000 grl=0.2467 v15=0.0000 v15r=0.0000 v16=0.0000 v17=0.0000 v18=0.0000 das=stage3[12,95] p=1.00 ep_time=33.9s
[19:00:14] [train] epoch 75/100 steps=40 use_dann=0 das=stage3 f=[12.0,95.0] p=1.00 gpu=3.0/11.8GB
[19:00:14] [train] ep=75 step=001/40 ce=0.2608 sc=0.7642 mi=0.0713 dn=0.0000 v13=0.0000 grl=0.2347 v15=0.0000 v15r=0.0000 v16=0.0000 v17=0.0000 v18=0.0000 acc=1.0000 lr=5.01e-05 lambda=0.000 grl_lambda=0.999 v18_lambda=0.000 gpu=3.0/11.8GB
[19:00:19] [train] ep=75 step=010/40 ce=0.2601 sc=0.7369 mi=0.0657 dn=0.0000 v13=0.0000 grl=0.2614 v15=0.0000 v15r=0.0000 v16=0.0000 v17=0.0000 v18=0.0000 acc=1.0000 lr=4.93e-05 lambda=0.000 grl_lambda=0.999 v18_lambda=0.000 gpu=3.0/11.8GB
[19:00:25] [train] ep=75 step=020/40 ce=0.2605 sc=0.7539 mi=0.0646 dn=0.0000 v13=0.0000 grl=0.2360 v15=0.0000 v15r=0.0000 v16=0.0000 v17=0.0000 v18=0.0000 acc=1.0000 lr=4.84e-05 lambda=0.000 grl_lambda=0.999 v18_lambda=0.000 gpu=3.0/11.8GB
[19:00:31] [train] ep=75 step=030/40 ce=0.2731 sc=0.7519 mi=0.0652 dn=0.0000 v13=0.0000 grl=0.2369 v15=0.0000 v15r=0.0000 v16=0.0000 v17=0.0000 v18=0.0000 acc=0.9979 lr=4.75e-05 lambda=0.000 grl_lambda=0.999 v18_lambda=0.000 gpu=3.0/11.8GB
[19:00:37] [train] ep=75 step=040/40 ce=0.2698 sc=0.7350 mi=0.0656 dn=0.0000 v13=0.0000 grl=0.2450 v15=0.0000 v15r=0.0000 v16=0.0000 v17=0.0000 v18=0.0000 acc=0.9984 lr=4.66e-05 lambda=0.000 grl_lambda=0.999 v18_lambda=0.000 gpu=3.0/11.8GB
[19:00:47] [ep_summary] ep=75/100 val_live=0.9630/0.9635 val_ema=0.9691/0.9694 test77_live=0.8705/0.8685 test77_diag_ema=0.8705/0.8693 v13=0.0000 grl=0.2450 v15=0.0000 v15r=0.0000 v16=0.0000 v17=0.0000 v18=0.0000 das=stage3[12,95] p=1.00 ep_time=33.7s
[19:00:47] [train] epoch 76/100 steps=40 use_dann=0 das=stage3 f=[12.0,95.0] p=1.00 gpu=3.0/11.8GB
[19:00:48] [train] ep=76 step=001/40 ce=0.2577 sc=0.7433 mi=0.0545 dn=0.0000 v13=0.0000 grl=0.1920 v15=0.0000 v15r=0.0000 v16=0.0000 v17=0.0000 v18=0.0000 acc=1.0000 lr=4.65e-05 lambda=0.000 grl_lambda=0.999 v18_lambda=0.000 gpu=3.0/11.8GB
[19:00:53] [train] ep=76 step=010/40 ce=0.2614 sc=0.7814 mi=0.0607 dn=0.0000 v13=0.0000 grl=0.2113 v15=0.0000 v15r=0.0000 v16=0.0000 v17=0.0000 v18=0.0000 acc=1.0000 lr=4.58e-05 lambda=0.000 grl_lambda=0.999 v18_lambda=0.000 gpu=3.0/11.8GB
[19:00:59] [train] ep=76 step=020/40 ce=0.2601 sc=0.7778 mi=0.0625 dn=0.0000 v13=0.0000 grl=0.2176 v15=0.0000 v15r=0.0000 v16=0.0000 v17=0.0000 v18=0.0000 acc=1.0000 lr=4.49e-05 lambda=0.000 grl_lambda=0.999 v18_lambda=0.000 gpu=3.0/11.8GB
[19:01:05] [train] ep=76 step=030/40 ce=0.2879 sc=0.8111 mi=0.0637 dn=0.0000 v13=0.0000 grl=0.2253 v15=0.0000 v15r=0.0000 v16=0.0000 v17=0.0000 v18=0.0000 acc=0.9979 lr=4.40e-05 lambda=0.000 grl_lambda=0.999 v18_lambda=0.000 gpu=3.0/11.8GB
[19:01:11] [train] ep=76 step=040/40 ce=0.2892 sc=0.7621 mi=0.0631 dn=0.0000 v13=0.0000 grl=0.2343 v15=0.0000 v15r=0.0000 v16=0.0000 v17=0.0000 v18=0.0000 acc=0.9969 lr=4.32e-05 lambda=0.000 grl_lambda=0.999 v18_lambda=0.000 gpu=3.0/11.8GB
[19:01:21] [ep_summary] ep=76/100 val_live=0.9691/0.9696 val_ema=0.9691/0.9694 test77_live=0.8705/0.8682 test77_diag_ema=0.8741/0.8734 v13=0.0000 grl=0.2343 v15=0.0000 v15r=0.0000 v16=0.0000 v17=0.0000 v18=0.0000 das=stage3[12,95] p=1.00 ep_time=33.8s
[19:01:21] [train] epoch 77/100 steps=40 use_dann=0 das=stage3 f=[12.0,95.0] p=1.00 gpu=3.0/11.8GB
[19:01:22] [train] ep=77 step=001/40 ce=0.2622 sc=0.5475 mi=0.0545 dn=0.0000 v13=0.0000 grl=0.2693 v15=0.0000 v15r=0.0000 v16=0.0000 v17=0.0000 v18=0.0000 acc=1.0000 lr=4.31e-05 lambda=0.000 grl_lambda=0.999 v18_lambda=0.000 gpu=3.0/11.8GB
[19:01:27] [train] ep=77 step=010/40 ce=0.3262 sc=0.6955 mi=0.0669 dn=0.0000 v13=0.0000 grl=0.2380 v15=0.0000 v15r=0.0000 v16=0.0000 v17=0.0000 v18=0.0000 acc=0.9938 lr=4.23e-05 lambda=0.000 grl_lambda=0.999 v18_lambda=0.000 gpu=3.0/11.8GB
[19:01:33] [train] ep=77 step=020/40 ce=0.3220 sc=0.7821 mi=0.0679 dn=0.0000 v13=0.0000 grl=0.2381 v15=0.0000 v15r=0.0000 v16=0.0000 v17=0.0000 v18=0.0000 acc=0.9938 lr=4.15e-05 lambda=0.000 grl_lambda=0.999 v18_lambda=0.000 gpu=3.0/11.8GB
[19:01:39] [train] ep=77 step=030/40 ce=0.3515 sc=0.8387 mi=0.0677 dn=0.0000 v13=0.0000 grl=0.2430 v15=0.0000 v15r=0.0000 v16=0.0000 v17=0.0000 v18=0.0000 acc=0.9917 lr=4.06e-05 lambda=0.000 grl_lambda=0.999 v18_lambda=0.000 gpu=3.0/11.8GB
[19:01:45] [train] ep=77 step=040/40 ce=0.3520 sc=0.8565 mi=0.0666 dn=0.0000 v13=0.0000 grl=0.2409 v15=0.0000 v15r=0.0000 v16=0.0000 v17=0.0000 v18=0.0000 acc=0.9906 lr=3.98e-05 lambda=0.000 grl_lambda=0.999 v18_lambda=0.000 gpu=3.0/11.8GB
[19:01:55] [ep_summary] ep=77/100 val_live=0.9630/0.9635 val_ema=0.9691/0.9694 test77_live=0.8633/0.8609 test77_diag_ema=0.8705/0.8694 v13=0.0000 grl=0.2409 v15=0.0000 v15r=0.0000 v16=0.0000 v17=0.0000 v18=0.0000 das=stage3[12,95] p=1.00 ep_time=34.0s
[19:01:55] [train] epoch 78/100 steps=40 use_dann=0 das=stage3 f=[12.0,95.0] p=1.00 gpu=3.0/11.8GB
[19:01:56] [train] ep=78 step=001/40 ce=0.2612 sc=0.9657 mi=0.0662 dn=0.0000 v13=0.0000 grl=0.1742 v15=0.0000 v15r=0.0000 v16=0.0000 v17=0.0000 v18=0.0000 acc=1.0000 lr=3.97e-05 lambda=0.000 grl_lambda=0.999 v18_lambda=0.000 gpu=3.0/11.8GB
[19:02:01] [train] ep=78 step=010/40 ce=0.2593 sc=0.7745 mi=0.0614 dn=0.0000 v13=0.0000 grl=0.2220 v15=0.0000 v15r=0.0000 v16=0.0000 v17=0.0000 v18=0.0000 acc=1.0000 lr=3.90e-05 lambda=0.000 grl_lambda=0.999 v18_lambda=0.000 gpu=3.0/11.8GB
[19:02:07] [train] ep=78 step=020/40 ce=0.3012 sc=0.7136 mi=0.0632 dn=0.0000 v13=0.0000 grl=0.2192 v15=0.0000 v15r=0.0000 v16=0.0000 v17=0.0000 v18=0.0000 acc=0.9969 lr=3.82e-05 lambda=0.000 grl_lambda=0.999 v18_lambda=0.000 gpu=3.0/11.8GB
[19:02:13] [train] ep=78 step=030/40 ce=0.2891 sc=0.7230 mi=0.0636 dn=0.0000 v13=0.0000 grl=0.2209 v15=0.0000 v15r=0.0000 v16=0.0000 v17=0.0000 v18=0.0000 acc=0.9979 lr=3.74e-05 lambda=0.000 grl_lambda=0.999 v18_lambda=0.000 gpu=3.0/11.8GB
[19:02:19] [train] ep=78 step=040/40 ce=0.2815 sc=0.7333 mi=0.0646 dn=0.0000 v13=0.0000 grl=0.2300 v15=0.0000 v15r=0.0000 v16=0.0000 v17=0.0000 v18=0.0000 acc=0.9984 lr=3.66e-05 lambda=0.000 grl_lambda=0.999 v18_lambda=0.000 gpu=3.0/11.8GB
[19:02:29] [ep_summary] ep=78/100 val_live=0.9691/0.9696 val_ema=0.9691/0.9694 test77_live=0.8489/0.8464 test77_diag_ema=0.8705/0.8696 v13=0.0000 grl=0.2300 v15=0.0000 v15r=0.0000 v16=0.0000 v17=0.0000 v18=0.0000 das=stage3[12,95] p=1.00 ep_time=34.1s
[19:02:29] [train] epoch 79/100 steps=40 use_dann=0 das=stage3 f=[12.0,95.0] p=1.00 gpu=3.0/11.8GB
[19:02:30] [train] ep=79 step=001/40 ce=0.2655 sc=1.0426 mi=0.0561 dn=0.0000 v13=0.0000 grl=0.1976 v15=0.0000 v15r=0.0000 v16=0.0000 v17=0.0000 v18=0.0000 acc=1.0000 lr=3.65e-05 lambda=0.000 grl_lambda=0.999 v18_lambda=0.000 gpu=3.0/11.8GB
[19:02:35] [train] ep=79 step=010/40 ce=0.3087 sc=0.8070 mi=0.0628 dn=0.0000 v13=0.0000 grl=0.2340 v15=0.0000 v15r=0.0000 v16=0.0000 v17=0.0000 v18=0.0000 acc=0.9938 lr=3.58e-05 lambda=0.000 grl_lambda=0.999 v18_lambda=0.000 gpu=3.0/11.8GB
[19:02:41] [train] ep=79 step=020/40 ce=0.3279 sc=0.7928 mi=0.0630 dn=0.0000 v13=0.0000 grl=0.2278 v15=0.0000 v15r=0.0000 v16=0.0000 v17=0.0000 v18=0.0000 acc=0.9938 lr=3.50e-05 lambda=0.000 grl_lambda=0.999 v18_lambda=0.000 gpu=3.0/11.8GB
[19:02:47] [train] ep=79 step=030/40 ce=0.3252 sc=0.7949 mi=0.0631 dn=0.0000 v13=0.0000 grl=0.2258 v15=0.0000 v15r=0.0000 v16=0.0000 v17=0.0000 v18=0.0000 acc=0.9938 lr=3.42e-05 lambda=0.000 grl_lambda=0.999 v18_lambda=0.000 gpu=3.0/11.8GB
[19:02:53] [train] ep=79 step=040/40 ce=0.3223 sc=0.8025 mi=0.0649 dn=0.0000 v13=0.0000 grl=0.2288 v15=0.0000 v15r=0.0000 v16=0.0000 v17=0.0000 v18=0.0000 acc=0.9938 lr=3.35e-05 lambda=0.000 grl_lambda=0.999 v18_lambda=0.000 gpu=3.0/11.8GB
[19:03:04] [ep_summary] ep=79/100 val_live=0.9753/0.9755 val_ema=0.9691/0.9694 test77_live=0.8561/0.8532 test77_diag_ema=0.8705/0.8691 v13=0.0000 grl=0.2288 v15=0.0000 v15r=0.0000 v16=0.0000 v17=0.0000 v18=0.0000 das=stage3[12,95] p=1.00 ep_time=34.6s
[19:03:04] [train] epoch 80/100 steps=40 use_dann=0 das=stage3 f=[12.0,95.0] p=1.00 gpu=3.0/11.8GB
[19:03:05] [train] ep=80 step=001/40 ce=0.2589 sc=0.6022 mi=0.0622 dn=0.0000 v13=0.0000 grl=0.2149 v15=0.0000 v15r=0.0000 v16=0.0000 v17=0.0000 v18=0.0000 acc=1.0000 lr=3.34e-05 lambda=0.000 grl_lambda=0.999 v18_lambda=0.000 gpu=3.0/11.8GB
[19:03:10] [train] ep=80 step=010/40 ce=0.2880 sc=0.7647 mi=0.0603 dn=0.0000 v13=0.0000 grl=0.2125 v15=0.0000 v15r=0.0000 v16=0.0000 v17=0.0000 v18=0.0000 acc=1.0000 lr=3.27e-05 lambda=0.000 grl_lambda=0.999 v18_lambda=0.000 gpu=3.0/11.8GB
[19:03:16] [train] ep=80 step=020/40 ce=0.2975 sc=0.8143 mi=0.0629 dn=0.0000 v13=0.0000 grl=0.2330 v15=0.0000 v15r=0.0000 v16=0.0000 v17=0.0000 v18=0.0000 acc=0.9969 lr=3.19e-05 lambda=0.000 grl_lambda=0.999 v18_lambda=0.000 gpu=3.0/11.8GB
[19:03:22] [train] ep=80 step=030/40 ce=0.3127 sc=0.8275 mi=0.0632 dn=0.0000 v13=0.0000 grl=0.2419 v15=0.0000 v15r=0.0000 v16=0.0000 v17=0.0000 v18=0.0000 acc=0.9958 lr=3.12e-05 lambda=0.000 grl_lambda=0.999 v18_lambda=0.000 gpu=3.0/11.8GB
[19:03:28] [train] ep=80 step=040/40 ce=0.2999 sc=0.8106 mi=0.0633 dn=0.0000 v13=0.0000 grl=0.2432 v15=0.0000 v15r=0.0000 v16=0.0000 v17=0.0000 v18=0.0000 acc=0.9969 lr=3.05e-05 lambda=0.000 grl_lambda=0.999 v18_lambda=0.000 gpu=3.0/11.8GB
[19:03:38] [pool] check ep=080/100 source_val_acc_ema=0.9691 threshold=0.90
[19:03:43] [pool] ep=080 ADDED src_val=0.9691/0.9694 dev77=0.8143/0.8145 final77=0.8669/0.8654
[19:03:43] [pool] running best ep=080 dev77_f1=0.8145 final77_f1=0.8654 (pool_size=5)
[19:03:43] [ep_summary] ep=80/100 val_live=0.9630/0.9634 val_ema=0.9691/0.9694 test77_live=0.8669/0.8651 test77_diag_ema=0.8669/0.8654 v13=0.0000 grl=0.2432 v15=0.0000 v15r=0.0000 v16=0.0000 v17=0.0000 v18=0.0000 das=stage3[12,95] p=1.00 ep_time=39.0s
[19:03:43] [strict77_monitor] ep=80 best_source_epoch=40 source_val_ema=0.9691/0.9695 test77_ema_diag=0.4460/0.3776 sourcequalified_count=49 best_sourcequalified77_epoch=71 source_val_ema=0.9691/0.9694 test77_ema=0.8777/0.8770
[19:03:43] [train] epoch 81/100 steps=40 use_dann=0 das=stage3 f=[12.0,95.0] p=1.00 gpu=3.0/11.8GB
[19:03:44] [train] ep=81 step=001/40 ce=0.2607 sc=0.7470 mi=0.0580 dn=0.0000 v13=0.0000 grl=0.1642 v15=0.0000 v15r=0.0000 v16=0.0000 v17=0.0000 v18=0.0000 acc=1.0000 lr=3.04e-05 lambda=0.000 grl_lambda=0.999 v18_lambda=0.000 gpu=3.0/11.8GB
[19:03:49] [train] ep=81 step=010/40 ce=0.3282 sc=0.8805 mi=0.0598 dn=0.0000 v13=0.0000 grl=0.2131 v15=0.0000 v15r=0.0000 v16=0.0000 v17=0.0000 v18=0.0000 acc=0.9938 lr=2.97e-05 lambda=0.000 grl_lambda=0.999 v18_lambda=0.000 gpu=3.0/11.8GB
[19:03:55] [train] ep=81 step=020/40 ce=0.2934 sc=0.8499 mi=0.0620 dn=0.0000 v13=0.0000 grl=0.2279 v15=0.0000 v15r=0.0000 v16=0.0000 v17=0.0000 v18=0.0000 acc=0.9969 lr=2.90e-05 lambda=0.000 grl_lambda=0.999 v18_lambda=0.000 gpu=3.0/11.8GB
[19:04:01] [train] ep=81 step=030/40 ce=0.2849 sc=0.8231 mi=0.0637 dn=0.0000 v13=0.0000 grl=0.2304 v15=0.0000 v15r=0.0000 v16=0.0000 v17=0.0000 v18=0.0000 acc=0.9979 lr=2.83e-05 lambda=0.000 grl_lambda=0.999 v18_lambda=0.000 gpu=3.0/11.8GB
[19:04:07] [train] ep=81 step=040/40 ce=0.2929 sc=0.7793 mi=0.0633 dn=0.0000 v13=0.0000 grl=0.2308 v15=0.0000 v15r=0.0000 v16=0.0000 v17=0.0000 v18=0.0000 acc=0.9969 lr=2.76e-05 lambda=0.000 grl_lambda=0.999 v18_lambda=0.000 gpu=3.0/11.8GB
[19:04:41] [ep_summary] ep=81/100 val_live=0.9691/0.9694 val_ema=0.9691/0.9694 test77_live=0.8525/0.8501 test77_diag_ema=0.8669/0.8654 v13=0.0000 grl=0.2308 v15=0.0000 v15r=0.0000 v16=0.0000 v17=0.0000 v18=0.0000 das=stage3[12,95] p=1.00 ep_time=57.7s
[19:04:41] [train] epoch 82/100 steps=40 use_dann=0 das=stage3 f=[12.0,95.0] p=1.00 gpu=3.0/11.8GB
[19:04:42] [train] ep=82 step=001/40 ce=0.2578 sc=0.5740 mi=0.0640 dn=0.0000 v13=0.0000 grl=0.1659 v15=0.0000 v15r=0.0000 v16=0.0000 v17=0.0000 v18=0.0000 acc=1.0000 lr=2.75e-05 lambda=0.000 grl_lambda=0.999 v18_lambda=0.000 gpu=3.0/11.8GB
[19:04:47] [train] ep=82 step=010/40 ce=0.2588 sc=0.7236 mi=0.0661 dn=0.0000 v13=0.0000 grl=0.2370 v15=0.0000 v15r=0.0000 v16=0.0000 v17=0.0000 v18=0.0000 acc=1.0000 lr=2.69e-05 lambda=0.000 grl_lambda=0.999 v18_lambda=0.000 gpu=3.0/11.8GB
[19:04:53] [train] ep=82 step=020/40 ce=0.2590 sc=0.7511 mi=0.0650 dn=0.0000 v13=0.0000 grl=0.2202 v15=0.0000 v15r=0.0000 v16=0.0000 v17=0.0000 v18=0.0000 acc=1.0000 lr=2.62e-05 lambda=0.000 grl_lambda=0.999 v18_lambda=0.000 gpu=3.0/11.8GB
[19:04:59] [train] ep=82 step=030/40 ce=0.2592 sc=0.7740 mi=0.0640 dn=0.0000 v13=0.0000 grl=0.2132 v15=0.0000 v15r=0.0000 v16=0.0000 v17=0.0000 v18=0.0000 acc=1.0000 lr=2.55e-05 lambda=0.000 grl_lambda=0.999 v18_lambda=0.000 gpu=3.0/11.8GB
[19:05:05] [train] ep=82 step=040/40 ce=0.2746 sc=0.7862 mi=0.0633 dn=0.0000 v13=0.0000 grl=0.2189 v15=0.0000 v15r=0.0000 v16=0.0000 v17=0.0000 v18=0.0000 acc=0.9984 lr=2.48e-05 lambda=0.000 grl_lambda=0.999 v18_lambda=0.000 gpu=3.0/11.8GB
[19:05:38] [ep_summary] ep=82/100 val_live=0.9753/0.9754 val_ema=0.9691/0.9694 test77_live=0.8597/0.8571 test77_diag_ema=0.8633/0.8613 v13=0.0000 grl=0.2189 v15=0.0000 v15r=0.0000 v16=0.0000 v17=0.0000 v18=0.0000 das=stage3[12,95] p=1.00 ep_time=57.0s
[19:05:38] [train] epoch 83/100 steps=40 use_dann=0 das=stage3 f=[12.0,95.0] p=1.00 gpu=3.0/11.8GB
[19:05:39] [train] ep=83 step=001/40 ce=0.2587 sc=0.8320 mi=0.0612 dn=0.0000 v13=0.0000 grl=0.2500 v15=0.0000 v15r=0.0000 v16=0.0000 v17=0.0000 v18=0.0000 acc=1.0000 lr=2.48e-05 lambda=0.000 grl_lambda=0.999 v18_lambda=0.000 gpu=3.0/11.8GB
[19:05:44] [train] ep=83 step=010/40 ce=0.2701 sc=0.7443 mi=0.0627 dn=0.0000 v13=0.0000 grl=0.2264 v15=0.0000 v15r=0.0000 v16=0.0000 v17=0.0000 v18=0.0000 acc=1.0000 lr=2.42e-05 lambda=0.000 grl_lambda=0.999 v18_lambda=0.000 gpu=3.0/11.8GB
[19:05:50] [train] ep=83 step=020/40 ce=0.2647 sc=0.7254 mi=0.0633 dn=0.0000 v13=0.0000 grl=0.2415 v15=0.0000 v15r=0.0000 v16=0.0000 v17=0.0000 v18=0.0000 acc=1.0000 lr=2.35e-05 lambda=0.000 grl_lambda=0.999 v18_lambda=0.000 gpu=3.0/11.8GB
[19:05:55] [train] ep=83 step=030/40 ce=0.2717 sc=0.7481 mi=0.0648 dn=0.0000 v13=0.0000 grl=0.2486 v15=0.0000 v15r=0.0000 v16=0.0000 v17=0.0000 v18=0.0000 acc=1.0000 lr=2.29e-05 lambda=0.000 grl_lambda=0.999 v18_lambda=0.000 gpu=3.0/11.8GB
[19:06:01] [train] ep=83 step=040/40 ce=0.2779 sc=0.7819 mi=0.0646 dn=0.0000 v13=0.0000 grl=0.2569 v15=0.0000 v15r=0.0000 v16=0.0000 v17=0.0000 v18=0.0000 acc=0.9984 lr=2.22e-05 lambda=0.000 grl_lambda=1.000 v18_lambda=0.000 gpu=3.0/11.8GB
[19:06:19] [ep_summary] ep=83/100 val_live=0.9753/0.9755 val_ema=0.9691/0.9694 test77_live=0.8597/0.8571 test77_diag_ema=0.8597/0.8577 v13=0.0000 grl=0.2569 v15=0.0000 v15r=0.0000 v16=0.0000 v17=0.0000 v18=0.0000 das=stage3[12,95] p=1.00 ep_time=40.7s
[19:06:19] [train] epoch 84/100 steps=40 use_dann=0 das=stage3 f=[12.0,95.0] p=1.00 gpu=3.0/11.8GB
[19:06:19] [train] ep=84 step=001/40 ce=0.3269 sc=1.0339 mi=0.0612 dn=0.0000 v13=0.0000 grl=0.2601 v15=0.0000 v15r=0.0000 v16=0.0000 v17=0.0000 v18=0.0000 acc=1.0000 lr=2.22e-05 lambda=0.000 grl_lambda=1.000 v18_lambda=0.000 gpu=3.0/11.8GB
[19:06:24] [train] ep=84 step=010/40 ce=0.2764 sc=0.8133 mi=0.0654 dn=0.0000 v13=0.0000 grl=0.2716 v15=0.0000 v15r=0.0000 v16=0.0000 v17=0.0000 v18=0.0000 acc=1.0000 lr=2.16e-05 lambda=0.000 grl_lambda=1.000 v18_lambda=0.000 gpu=3.0/11.8GB
[19:06:30] [train] ep=84 step=020/40 ce=0.2775 sc=0.7719 mi=0.0642 dn=0.0000 v13=0.0000 grl=0.2616 v15=0.0000 v15r=0.0000 v16=0.0000 v17=0.0000 v18=0.0000 acc=1.0000 lr=2.10e-05 lambda=0.000 grl_lambda=1.000 v18_lambda=0.000 gpu=3.0/11.8GB
[19:06:36] [train] ep=84 step=030/40 ce=0.2966 sc=0.7973 mi=0.0651 dn=0.0000 v13=0.0000 grl=0.2502 v15=0.0000 v15r=0.0000 v16=0.0000 v17=0.0000 v18=0.0000 acc=0.9979 lr=2.04e-05 lambda=0.000 grl_lambda=1.000 v18_lambda=0.000 gpu=3.0/11.8GB
[19:06:42] [train] ep=84 step=040/40 ce=0.3017 sc=0.7609 mi=0.0658 dn=0.0000 v13=0.0000 grl=0.2514 v15=0.0000 v15r=0.0000 v16=0.0000 v17=0.0000 v18=0.0000 acc=0.9984 lr=1.98e-05 lambda=0.000 grl_lambda=1.000 v18_lambda=0.000 gpu=3.0/11.8GB
[19:06:52] [ep_summary] ep=84/100 val_live=0.9691/0.9694 val_ema=0.9691/0.9694 test77_live=0.8561/0.8536 test77_diag_ema=0.8597/0.8575 v13=0.0000 grl=0.2514 v15=0.0000 v15r=0.0000 v16=0.0000 v17=0.0000 v18=0.0000 das=stage3[12,95] p=1.00 ep_time=33.9s
[19:06:52] [train] epoch 85/100 steps=40 use_dann=0 das=stage3 f=[12.0,95.0] p=1.00 gpu=3.0/11.8GB
[19:06:55] [train] ep=85 step=001/40 ce=0.2574 sc=0.5510 mi=0.0713 dn=0.0000 v13=0.0000 grl=0.2467 v15=0.0000 v15r=0.0000 v16=0.0000 v17=0.0000 v18=0.0000 acc=1.0000 lr=1.97e-05 lambda=0.000 grl_lambda=1.000 v18_lambda=0.000 gpu=3.0/11.8GB
[19:07:00] [train] ep=85 step=010/40 ce=0.2938 sc=0.8952 mi=0.0674 dn=0.0000 v13=0.0000 grl=0.2366 v15=0.0000 v15r=0.0000 v16=0.0000 v17=0.0000 v18=0.0000 acc=1.0000 lr=1.92e-05 lambda=0.000 grl_lambda=1.000 v18_lambda=0.000 gpu=3.0/11.8GB
[19:07:06] [train] ep=85 step=020/40 ce=0.2898 sc=0.8155 mi=0.0673 dn=0.0000 v13=0.0000 grl=0.2375 v15=0.0000 v15r=0.0000 v16=0.0000 v17=0.0000 v18=0.0000 acc=1.0000 lr=1.86e-05 lambda=0.000 grl_lambda=1.000 v18_lambda=0.000 gpu=3.0/11.8GB
[19:07:12] [train] ep=85 step=030/40 ce=0.3289 sc=0.8130 mi=0.0658 dn=0.0000 v13=0.0000 grl=0.2426 v15=0.0000 v15r=0.0000 v16=0.0000 v17=0.0000 v18=0.0000 acc=0.9958 lr=1.80e-05 lambda=0.000 grl_lambda=1.000 v18_lambda=0.000 gpu=3.0/11.8GB
[19:07:18] [train] ep=85 step=040/40 ce=0.3212 sc=0.8102 mi=0.0649 dn=0.0000 v13=0.0000 grl=0.2427 v15=0.0000 v15r=0.0000 v16=0.0000 v17=0.0000 v18=0.0000 acc=0.9969 lr=1.74e-05 lambda=0.000 grl_lambda=1.000 v18_lambda=0.000 gpu=3.0/11.8GB
[19:07:28] [ep_summary] ep=85/100 val_live=0.9630/0.9634 val_ema=0.9691/0.9694 test77_live=0.8633/0.8610 test77_diag_ema=0.8597/0.8575 v13=0.0000 grl=0.2427 v15=0.0000 v15r=0.0000 v16=0.0000 v17=0.0000 v18=0.0000 das=stage3[12,95] p=1.00 ep_time=35.9s
[19:07:28] [train] epoch 86/100 steps=40 use_dann=0 das=stage3 f=[12.0,95.0] p=1.00 gpu=3.0/11.8GB
[19:07:29] [train] ep=86 step=001/40 ce=0.2573 sc=0.7259 mi=0.0625 dn=0.0000 v13=0.0000 grl=0.1740 v15=0.0000 v15r=0.0000 v16=0.0000 v17=0.0000 v18=0.0000 acc=1.0000 lr=1.74e-05 lambda=0.000 grl_lambda=1.000 v18_lambda=0.000 gpu=3.0/11.8GB
[19:07:35] [train] ep=86 step=010/40 ce=0.2590 sc=0.8878 mi=0.0653 dn=0.0000 v13=0.0000 grl=0.2482 v15=0.0000 v15r=0.0000 v16=0.0000 v17=0.0000 v18=0.0000 acc=1.0000 lr=1.68e-05 lambda=0.000 grl_lambda=1.000 v18_lambda=0.000 gpu=3.0/11.8GB
[19:07:40] [train] ep=86 step=020/40 ce=0.2583 sc=0.8277 mi=0.0637 dn=0.0000 v13=0.0000 grl=0.2279 v15=0.0000 v15r=0.0000 v16=0.0000 v17=0.0000 v18=0.0000 acc=1.0000 lr=1.63e-05 lambda=0.000 grl_lambda=1.000 v18_lambda=0.000 gpu=3.0/11.8GB
[19:07:46] [train] ep=86 step=030/40 ce=0.2709 sc=0.8134 mi=0.0643 dn=0.0000 v13=0.0000 grl=0.2211 v15=0.0000 v15r=0.0000 v16=0.0000 v17=0.0000 v18=0.0000 acc=1.0000 lr=1.57e-05 lambda=0.000 grl_lambda=1.000 v18_lambda=0.000 gpu=3.0/11.8GB
[19:07:52] [train] ep=86 step=040/40 ce=0.2811 sc=0.7920 mi=0.0641 dn=0.0000 v13=0.0000 grl=0.2208 v15=0.0000 v15r=0.0000 v16=0.0000 v17=0.0000 v18=0.0000 acc=0.9984 lr=1.52e-05 lambda=0.000 grl_lambda=1.000 v18_lambda=0.000 gpu=3.0/11.8GB
[19:08:03] [ep_summary] ep=86/100 val_live=0.9691/0.9695 val_ema=0.9691/0.9694 test77_live=0.8633/0.8607 test77_diag_ema=0.8633/0.8609 v13=0.0000 grl=0.2208 v15=0.0000 v15r=0.0000 v16=0.0000 v17=0.0000 v18=0.0000 das=stage3[12,95] p=1.00 ep_time=34.2s
[19:08:03] [train] epoch 87/100 steps=40 use_dann=0 das=stage3 f=[12.0,95.0] p=1.00 gpu=3.0/11.8GB
[19:08:03] [train] ep=87 step=001/40 ce=0.2568 sc=0.8759 mi=0.0660 dn=0.0000 v13=0.0000 grl=0.2862 v15=0.0000 v15r=0.0000 v16=0.0000 v17=0.0000 v18=0.0000 acc=1.0000 lr=1.52e-05 lambda=0.000 grl_lambda=1.000 v18_lambda=0.000 gpu=3.0/11.8GB
[19:08:08] [train] ep=87 step=010/40 ce=0.2575 sc=0.7969 mi=0.0633 dn=0.0000 v13=0.0000 grl=0.1968 v15=0.0000 v15r=0.0000 v16=0.0000 v17=0.0000 v18=0.0000 acc=1.0000 lr=1.47e-05 lambda=0.000 grl_lambda=1.000 v18_lambda=0.000 gpu=3.0/11.8GB
[19:08:14] [train] ep=87 step=020/40 ce=0.3098 sc=0.7715 mi=0.0622 dn=0.0000 v13=0.0000 grl=0.1995 v15=0.0000 v15r=0.0000 v16=0.0000 v17=0.0000 v18=0.0000 acc=0.9938 lr=1.42e-05 lambda=0.000 grl_lambda=1.000 v18_lambda=0.000 gpu=3.0/11.8GB
[19:08:20] [train] ep=87 step=030/40 ce=0.3006 sc=0.7839 mi=0.0632 dn=0.0000 v13=0.0000 grl=0.2122 v15=0.0000 v15r=0.0000 v16=0.0000 v17=0.0000 v18=0.0000 acc=0.9958 lr=1.37e-05 lambda=0.000 grl_lambda=1.000 v18_lambda=0.000 gpu=3.0/11.8GB
[19:08:26] [train] ep=87 step=040/40 ce=0.2976 sc=0.7499 mi=0.0635 dn=0.0000 v13=0.0000 grl=0.2251 v15=0.0000 v15r=0.0000 v16=0.0000 v17=0.0000 v18=0.0000 acc=0.9969 lr=1.31e-05 lambda=0.000 grl_lambda=1.000 v18_lambda=0.000 gpu=3.0/11.8GB
[19:08:37] [ep_summary] ep=87/100 val_live=0.9753/0.9756 val_ema=0.9753/0.9755 test77_live=0.8669/0.8639 test77_diag_ema=0.8633/0.8611 v13=0.0000 grl=0.2251 v15=0.0000 v15r=0.0000 v16=0.0000 v17=0.0000 v18=0.0000 das=stage3[12,95] p=1.00 ep_time=34.0s
[19:08:37] [save] best_sourceval_ema val_acc_ema=0.9753 source_val_live=0.9753/0.9756 source_val_ema=0.9753/0.9755 ep=87
[19:08:37] [train] epoch 88/100 steps=40 use_dann=0 das=stage3 f=[12.0,95.0] p=1.00 gpu=3.0/11.8GB
[19:08:37] [train] ep=88 step=001/40 ce=0.2569 sc=0.6495 mi=0.0602 dn=0.0000 v13=0.0000 grl=0.2302 v15=0.0000 v15r=0.0000 v16=0.0000 v17=0.0000 v18=0.0000 acc=1.0000 lr=1.31e-05 lambda=0.000 grl_lambda=1.000 v18_lambda=0.000 gpu=3.0/11.8GB
[19:08:43] [train] ep=88 step=010/40 ce=0.2583 sc=0.6713 mi=0.0599 dn=0.0000 v13=0.0000 grl=0.2252 v15=0.0000 v15r=0.0000 v16=0.0000 v17=0.0000 v18=0.0000 acc=1.0000 lr=1.27e-05 lambda=0.000 grl_lambda=1.000 v18_lambda=0.000 gpu=3.0/11.8GB
[19:08:48] [train] ep=88 step=020/40 ce=0.2980 sc=0.7210 mi=0.0618 dn=0.0000 v13=0.0000 grl=0.2246 v15=0.0000 v15r=0.0000 v16=0.0000 v17=0.0000 v18=0.0000 acc=0.9969 lr=1.22e-05 lambda=0.000 grl_lambda=1.000 v18_lambda=0.000 gpu=3.0/11.8GB
[19:08:54] [train] ep=88 step=030/40 ce=0.3199 sc=0.7838 mi=0.0629 dn=0.0000 v13=0.0000 grl=0.2212 v15=0.0000 v15r=0.0000 v16=0.0000 v17=0.0000 v18=0.0000 acc=0.9938 lr=1.17e-05 lambda=0.000 grl_lambda=1.000 v18_lambda=0.000 gpu=3.0/11.8GB
[19:09:00] [train] ep=88 step=040/40 ce=0.3403 sc=0.7684 mi=0.0634 dn=0.0000 v13=0.0000 grl=0.2362 v15=0.0000 v15r=0.0000 v16=0.0000 v17=0.0000 v18=0.0000 acc=0.9938 lr=1.12e-05 lambda=0.000 grl_lambda=1.000 v18_lambda=0.000 gpu=3.0/11.8GB
[19:09:11] [ep_summary] ep=88/100 val_live=0.9753/0.9755 val_ema=0.9753/0.9755 test77_live=0.8777/0.8751 test77_diag_ema=0.8633/0.8609 v13=0.0000 grl=0.2362 v15=0.0000 v15r=0.0000 v16=0.0000 v17=0.0000 v18=0.0000 das=stage3[12,95] p=1.00 ep_time=34.8s
[19:09:12] [train] epoch 89/100 steps=40 use_dann=0 das=stage3 f=[12.0,95.0] p=1.00 gpu=3.0/11.8GB
[19:09:13] [train] ep=89 step=001/40 ce=0.2569 sc=0.9504 mi=0.0608 dn=0.0000 v13=0.0000 grl=0.1536 v15=0.0000 v15r=0.0000 v16=0.0000 v17=0.0000 v18=0.0000 acc=1.0000 lr=1.12e-05 lambda=0.000 grl_lambda=1.000 v18_lambda=0.000 gpu=3.0/11.8GB
[19:09:18] [train] ep=89 step=010/40 ce=0.2695 sc=0.7345 mi=0.0631 dn=0.0000 v13=0.0000 grl=0.2068 v15=0.0000 v15r=0.0000 v16=0.0000 v17=0.0000 v18=0.0000 acc=1.0000 lr=1.08e-05 lambda=0.000 grl_lambda=1.000 v18_lambda=0.000 gpu=3.0/11.8GB
[19:09:24] [train] ep=89 step=020/40 ce=0.2734 sc=0.7065 mi=0.0638 dn=0.0000 v13=0.0000 grl=0.2204 v15=0.0000 v15r=0.0000 v16=0.0000 v17=0.0000 v18=0.0000 acc=1.0000 lr=1.03e-05 lambda=0.000 grl_lambda=1.000 v18_lambda=0.000 gpu=3.0/11.8GB
[19:09:30] [train] ep=89 step=030/40 ce=0.2728 sc=0.7314 mi=0.0635 dn=0.0000 v13=0.0000 grl=0.2328 v15=0.0000 v15r=0.0000 v16=0.0000 v17=0.0000 v18=0.0000 acc=1.0000 lr=9.89e-06 lambda=0.000 grl_lambda=1.000 v18_lambda=0.000 gpu=3.0/11.8GB
[19:09:36] [train] ep=89 step=040/40 ce=0.2700 sc=0.7624 mi=0.0637 dn=0.0000 v13=0.0000 grl=0.2386 v15=0.0000 v15r=0.0000 v16=0.0000 v17=0.0000 v18=0.0000 acc=1.0000 lr=9.46e-06 lambda=0.000 grl_lambda=1.000 v18_lambda=0.000 gpu=3.0/11.8GB
[19:09:46] [ep_summary] ep=89/100 val_live=0.9753/0.9755 val_ema=0.9753/0.9755 test77_live=0.8741/0.8716 test77_diag_ema=0.8669/0.8644 v13=0.0000 grl=0.2386 v15=0.0000 v15r=0.0000 v16=0.0000 v17=0.0000 v18=0.0000 das=stage3[12,95] p=1.00 ep_time=34.2s
[19:09:46] [train] epoch 90/100 steps=40 use_dann=0 das=stage3 f=[12.0,95.0] p=1.00 gpu=3.0/11.8GB
[19:09:47] [train] ep=90 step=001/40 ce=0.2590 sc=0.4200 mi=0.0608 dn=0.0000 v13=0.0000 grl=0.3740 v15=0.0000 v15r=0.0000 v16=0.0000 v17=0.0000 v18=0.0000 acc=1.0000 lr=9.42e-06 lambda=0.000 grl_lambda=1.000 v18_lambda=0.000 gpu=3.0/11.8GB
[19:09:52] [train] ep=90 step=010/40 ce=0.2593 sc=0.6551 mi=0.0664 dn=0.0000 v13=0.0000 grl=0.2409 v15=0.0000 v15r=0.0000 v16=0.0000 v17=0.0000 v18=0.0000 acc=1.0000 lr=9.04e-06 lambda=0.000 grl_lambda=1.000 v18_lambda=0.000 gpu=3.0/11.8GB
[19:09:58] [train] ep=90 step=020/40 ce=0.2588 sc=0.7097 mi=0.0638 dn=0.0000 v13=0.0000 grl=0.2345 v15=0.0000 v15r=0.0000 v16=0.0000 v17=0.0000 v18=0.0000 acc=1.0000 lr=8.63e-06 lambda=0.000 grl_lambda=1.000 v18_lambda=0.000 gpu=3.0/11.8GB
[19:10:04] [train] ep=90 step=030/40 ce=0.2892 sc=0.7437 mi=0.0643 dn=0.0000 v13=0.0000 grl=0.2275 v15=0.0000 v15r=0.0000 v16=0.0000 v17=0.0000 v18=0.0000 acc=0.9979 lr=8.23e-06 lambda=0.000 grl_lambda=1.000 v18_lambda=0.000 gpu=3.0/11.8GB
[19:10:09] [train] ep=90 step=040/40 ce=0.2854 sc=0.7330 mi=0.0639 dn=0.0000 v13=0.0000 grl=0.2316 v15=0.0000 v15r=0.0000 v16=0.0000 v17=0.0000 v18=0.0000 acc=0.9984 lr=7.84e-06 lambda=0.000 grl_lambda=1.000 v18_lambda=0.000 gpu=3.0/11.8GB
[19:10:20] [pool] check ep=090/100 source_val_acc_ema=0.9753 threshold=0.90
[19:10:25] [pool] ep=090 ADDED src_val=0.9753/0.9755 dev77=0.8143/0.8135 final77=0.8669/0.8644
[19:10:25] [pool] running best ep=080 dev77_f1=0.8145 final77_f1=0.8654 (pool_size=6)
[19:10:25] [ep_summary] ep=90/100 val_live=0.9753/0.9755 val_ema=0.9753/0.9755 test77_live=0.8741/0.8716 test77_diag_ema=0.8669/0.8644 v13=0.0000 grl=0.2316 v15=0.0000 v15r=0.0000 v16=0.0000 v17=0.0000 v18=0.0000 das=stage3[12,95] p=1.00 ep_time=38.7s
[19:10:25] [strict77_monitor] ep=90 best_source_epoch=87 source_val_ema=0.9753/0.9755 test77_ema_diag=0.8633/0.8611 sourcequalified_count=59 best_sourcequalified77_epoch=71 source_val_ema=0.9691/0.9694 test77_ema=0.8777/0.8770
[19:10:25] [train] epoch 91/100 steps=40 use_dann=0 das=stage3 f=[12.0,95.0] p=1.00 gpu=3.0/11.8GB
[19:10:25] [train] ep=91 step=001/40 ce=0.2574 sc=0.5372 mi=0.0531 dn=0.0000 v13=0.0000 grl=0.1465 v15=0.0000 v15r=0.0000 v16=0.0000 v17=0.0000 v18=0.0000 acc=1.0000 lr=7.80e-06 lambda=0.000 grl_lambda=1.000 v18_lambda=0.000 gpu=3.0/11.8GB
[19:10:31] [train] ep=91 step=010/40 ce=0.3179 sc=0.7631 mi=0.0634 dn=0.0000 v13=0.0000 grl=0.2261 v15=0.0000 v15r=0.0000 v16=0.0000 v17=0.0000 v18=0.0000 acc=0.9938 lr=7.45e-06 lambda=0.000 grl_lambda=1.000 v18_lambda=0.000 gpu=3.0/11.8GB
[19:10:37] [train] ep=91 step=020/40 ce=0.2906 sc=0.7699 mi=0.0634 dn=0.0000 v13=0.0000 grl=0.2494 v15=0.0000 v15r=0.0000 v16=0.0000 v17=0.0000 v18=0.0000 acc=0.9969 lr=7.08e-06 lambda=0.000 grl_lambda=1.000 v18_lambda=0.000 gpu=3.0/11.8GB
[19:10:42] [train] ep=91 step=030/40 ce=0.2800 sc=0.7983 mi=0.0630 dn=0.0000 v13=0.0000 grl=0.2339 v15=0.0000 v15r=0.0000 v16=0.0000 v17=0.0000 v18=0.0000 acc=0.9979 lr=6.72e-06 lambda=0.000 grl_lambda=1.000 v18_lambda=0.000 gpu=3.0/11.8GB
[19:10:48] [train] ep=91 step=040/40 ce=0.2754 sc=0.7932 mi=0.0633 dn=0.0000 v13=0.0000 grl=0.2321 v15=0.0000 v15r=0.0000 v16=0.0000 v17=0.0000 v18=0.0000 acc=0.9984 lr=6.36e-06 lambda=0.000 grl_lambda=1.000 v18_lambda=0.000 gpu=3.0/11.8GB
[19:10:59] [ep_summary] ep=91/100 val_live=0.9753/0.9755 val_ema=0.9753/0.9755 test77_live=0.8777/0.8751 test77_diag_ema=0.8669/0.8644 v13=0.0000 grl=0.2321 v15=0.0000 v15r=0.0000 v16=0.0000 v17=0.0000 v18=0.0000 das=stage3[12,95] p=1.00 ep_time=33.9s
[19:10:59] [train] epoch 92/100 steps=40 use_dann=0 das=stage3 f=[12.0,95.0] p=1.00 gpu=3.0/11.8GB
[19:10:59] [train] ep=92 step=001/40 ce=0.2618 sc=0.6504 mi=0.0758 dn=0.0000 v13=0.0000 grl=0.2778 v15=0.0000 v15r=0.0000 v16=0.0000 v17=0.0000 v18=0.0000 acc=1.0000 lr=6.33e-06 lambda=0.000 grl_lambda=1.000 v18_lambda=0.000 gpu=3.0/11.8GB
[19:11:05] [train] ep=92 step=010/40 ce=0.2597 sc=0.7004 mi=0.0646 dn=0.0000 v13=0.0000 grl=0.2669 v15=0.0000 v15r=0.0000 v16=0.0000 v17=0.0000 v18=0.0000 acc=1.0000 lr=6.02e-06 lambda=0.000 grl_lambda=1.000 v18_lambda=0.000 gpu=3.0/11.8GB
[19:11:10] [train] ep=92 step=020/40 ce=0.3108 sc=0.7706 mi=0.0626 dn=0.0000 v13=0.0000 grl=0.2567 v15=0.0000 v15r=0.0000 v16=0.0000 v17=0.0000 v18=0.0000 acc=0.9969 lr=5.68e-06 lambda=0.000 grl_lambda=1.000 v18_lambda=0.000 gpu=3.0/11.8GB
[19:11:16] [train] ep=92 step=030/40 ce=0.2942 sc=0.7581 mi=0.0639 dn=0.0000 v13=0.0000 grl=0.2609 v15=0.0000 v15r=0.0000 v16=0.0000 v17=0.0000 v18=0.0000 acc=0.9979 lr=5.35e-06 lambda=0.000 grl_lambda=1.000 v18_lambda=0.000 gpu=3.0/11.8GB
[19:11:22] [train] ep=92 step=040/40 ce=0.2940 sc=0.7332 mi=0.0638 dn=0.0000 v13=0.0000 grl=0.2521 v15=0.0000 v15r=0.0000 v16=0.0000 v17=0.0000 v18=0.0000 acc=0.9984 lr=5.04e-06 lambda=0.000 grl_lambda=1.000 v18_lambda=0.000 gpu=3.0/11.8GB
[19:11:32] [ep_summary] ep=92/100 val_live=0.9753/0.9755 val_ema=0.9753/0.9755 test77_live=0.8777/0.8751 test77_diag_ema=0.8705/0.8682 v13=0.0000 grl=0.2521 v15=0.0000 v15r=0.0000 v16=0.0000 v17=0.0000 v18=0.0000 das=stage3[12,95] p=1.00 ep_time=33.7s
[19:11:32] [train] epoch 93/100 steps=40 use_dann=0 das=stage3 f=[12.0,95.0] p=1.00 gpu=3.0/11.8GB
[19:11:33] [train] ep=93 step=001/40 ce=0.2565 sc=0.7615 mi=0.0540 dn=0.0000 v13=0.0000 grl=0.1464 v15=0.0000 v15r=0.0000 v16=0.0000 v17=0.0000 v18=0.0000 acc=1.0000 lr=5.01e-06 lambda=0.000 grl_lambda=1.000 v18_lambda=0.000 gpu=3.0/11.8GB
[19:11:38] [train] ep=93 step=010/40 ce=0.2603 sc=0.7615 mi=0.0615 dn=0.0000 v13=0.0000 grl=0.2067 v15=0.0000 v15r=0.0000 v16=0.0000 v17=0.0000 v18=0.0000 acc=1.0000 lr=4.73e-06 lambda=0.000 grl_lambda=1.000 v18_lambda=0.000 gpu=3.0/11.8GB
[19:11:44] [train] ep=93 step=020/40 ce=0.3605 sc=0.7720 mi=0.0621 dn=0.0000 v13=0.0000 grl=0.2311 v15=0.0000 v15r=0.0000 v16=0.0000 v17=0.0000 v18=0.0000 acc=0.9875 lr=4.43e-06 lambda=0.000 grl_lambda=1.000 v18_lambda=0.000 gpu=3.0/11.8GB
[19:11:50] [train] ep=93 step=030/40 ce=0.3521 sc=0.7729 mi=0.0620 dn=0.0000 v13=0.0000 grl=0.2307 v15=0.0000 v15r=0.0000 v16=0.0000 v17=0.0000 v18=0.0000 acc=0.9896 lr=4.14e-06 lambda=0.000 grl_lambda=1.000 v18_lambda=0.000 gpu=3.0/11.8GB
[19:11:56] [train] ep=93 step=040/40 ce=0.3290 sc=0.7587 mi=0.0630 dn=0.0000 v13=0.0000 grl=0.2370 v15=0.0000 v15r=0.0000 v16=0.0000 v17=0.0000 v18=0.0000 acc=0.9922 lr=3.87e-06 lambda=0.000 grl_lambda=1.000 v18_lambda=0.000 gpu=3.0/11.8GB
[19:12:06] [ep_summary] ep=93/100 val_live=0.9753/0.9755 val_ema=0.9753/0.9755 test77_live=0.8741/0.8718 test77_diag_ema=0.8705/0.8683 v13=0.0000 grl=0.2370 v15=0.0000 v15r=0.0000 v16=0.0000 v17=0.0000 v18=0.0000 das=stage3[12,95] p=1.00 ep_time=33.9s
[19:12:06] [train] epoch 94/100 steps=40 use_dann=0 das=stage3 f=[12.0,95.0] p=1.00 gpu=3.0/11.8GB
[19:12:07] [train] ep=94 step=001/40 ce=0.2569 sc=0.9459 mi=0.0578 dn=0.0000 v13=0.0000 grl=0.1615 v15=0.0000 v15r=0.0000 v16=0.0000 v17=0.0000 v18=0.0000 acc=1.0000 lr=3.84e-06 lambda=0.000 grl_lambda=1.000 v18_lambda=0.000 gpu=3.0/11.8GB
[19:12:12] [train] ep=94 step=010/40 ce=0.2582 sc=0.6852 mi=0.0637 dn=0.0000 v13=0.0000 grl=0.2248 v15=0.0000 v15r=0.0000 v16=0.0000 v17=0.0000 v18=0.0000 acc=1.0000 lr=3.60e-06 lambda=0.000 grl_lambda=1.000 v18_lambda=0.000 gpu=3.0/11.8GB
[19:12:18] [train] ep=94 step=020/40 ce=0.2644 sc=0.7481 mi=0.0640 dn=0.0000 v13=0.0000 grl=0.2193 v15=0.0000 v15r=0.0000 v16=0.0000 v17=0.0000 v18=0.0000 acc=1.0000 lr=3.34e-06 lambda=0.000 grl_lambda=1.000 v18_lambda=0.000 gpu=3.0/11.8GB
[19:12:24] [train] ep=94 step=030/40 ce=0.2625 sc=0.7753 mi=0.0646 dn=0.0000 v13=0.0000 grl=0.2258 v15=0.0000 v15r=0.0000 v16=0.0000 v17=0.0000 v18=0.0000 acc=1.0000 lr=3.09e-06 lambda=0.000 grl_lambda=1.000 v18_lambda=0.000 gpu=3.0/11.8GB
[19:12:30] [train] ep=94 step=040/40 ce=0.2619 sc=0.7939 mi=0.0644 dn=0.0000 v13=0.0000 grl=0.2297 v15=0.0000 v15r=0.0000 v16=0.0000 v17=0.0000 v18=0.0000 acc=1.0000 lr=2.85e-06 lambda=0.000 grl_lambda=1.000 v18_lambda=0.000 gpu=3.0/11.8GB
[19:12:40] [ep_summary] ep=94/100 val_live=0.9753/0.9755 val_ema=0.9753/0.9755 test77_live=0.8741/0.8718 test77_diag_ema=0.8705/0.8683 v13=0.0000 grl=0.2297 v15=0.0000 v15r=0.0000 v16=0.0000 v17=0.0000 v18=0.0000 das=stage3[12,95] p=1.00 ep_time=34.0s
[19:12:40] [train] epoch 95/100 steps=40 use_dann=0 das=stage3 f=[12.0,95.0] p=1.00 gpu=3.0/11.8GB
[19:12:41] [train] ep=95 step=001/40 ce=0.2563 sc=0.6453 mi=0.0623 dn=0.0000 v13=0.0000 grl=0.2087 v15=0.0000 v15r=0.0000 v16=0.0000 v17=0.0000 v18=0.0000 acc=1.0000 lr=2.82e-06 lambda=0.000 grl_lambda=1.000 v18_lambda=0.000 gpu=3.0/11.8GB
[19:12:46] [train] ep=95 step=010/40 ce=0.2598 sc=0.7861 mi=0.0608 dn=0.0000 v13=0.0000 grl=0.2388 v15=0.0000 v15r=0.0000 v16=0.0000 v17=0.0000 v18=0.0000 acc=1.0000 lr=2.62e-06 lambda=0.000 grl_lambda=1.000 v18_lambda=0.000 gpu=3.0/11.8GB
[19:12:52] [train] ep=95 step=020/40 ce=0.2594 sc=0.8255 mi=0.0622 dn=0.0000 v13=0.0000 grl=0.2376 v15=0.0000 v15r=0.0000 v16=0.0000 v17=0.0000 v18=0.0000 acc=1.0000 lr=2.40e-06 lambda=0.000 grl_lambda=1.000 v18_lambda=0.000 gpu=3.0/11.8GB
[19:12:58] [train] ep=95 step=030/40 ce=0.2591 sc=0.7747 mi=0.0627 dn=0.0000 v13=0.0000 grl=0.2352 v15=0.0000 v15r=0.0000 v16=0.0000 v17=0.0000 v18=0.0000 acc=1.0000 lr=2.18e-06 lambda=0.000 grl_lambda=1.000 v18_lambda=0.000 gpu=3.0/11.8GB
[19:13:04] [train] ep=95 step=040/40 ce=0.2603 sc=0.7825 mi=0.0628 dn=0.0000 v13=0.0000 grl=0.2310 v15=0.0000 v15r=0.0000 v16=0.0000 v17=0.0000 v18=0.0000 acc=1.0000 lr=1.98e-06 lambda=0.000 grl_lambda=1.000 v18_lambda=0.000 gpu=3.0/11.8GB
[19:13:14] [ep_summary] ep=95/100 val_live=0.9753/0.9755 val_ema=0.9753/0.9755 test77_live=0.8741/0.8718 test77_diag_ema=0.8705/0.8683 v13=0.0000 grl=0.2310 v15=0.0000 v15r=0.0000 v16=0.0000 v17=0.0000 v18=0.0000 das=stage3[12,95] p=1.00 ep_time=33.9s
[19:13:14] [train] epoch 96/100 steps=40 use_dann=0 das=stage3 f=[12.0,95.0] p=1.00 gpu=3.0/11.8GB
[19:13:15] [train] ep=96 step=001/40 ce=0.2612 sc=0.7328 mi=0.0600 dn=0.0000 v13=0.0000 grl=0.2249 v15=0.0000 v15r=0.0000 v16=0.0000 v17=0.0000 v18=0.0000 acc=1.0000 lr=1.96e-06 lambda=0.000 grl_lambda=1.000 v18_lambda=0.000 gpu=3.0/11.8GB
[19:13:20] [train] ep=96 step=010/40 ce=0.3195 sc=0.8145 mi=0.0659 dn=0.0000 v13=0.0000 grl=0.2699 v15=0.0000 v15r=0.0000 v16=0.0000 v17=0.0000 v18=0.0000 acc=1.0000 lr=1.79e-06 lambda=0.000 grl_lambda=1.000 v18_lambda=0.000 gpu=3.0/11.8GB
[19:13:26] [train] ep=96 step=020/40 ce=0.2992 sc=0.8074 mi=0.0628 dn=0.0000 v13=0.0000 grl=0.2508 v15=0.0000 v15r=0.0000 v16=0.0000 v17=0.0000 v18=0.0000 acc=1.0000 lr=1.61e-06 lambda=0.000 grl_lambda=1.000 v18_lambda=0.000 gpu=3.0/11.8GB
[19:13:32] [train] ep=96 step=030/40 ce=0.2974 sc=0.8059 mi=0.0623 dn=0.0000 v13=0.0000 grl=0.2491 v15=0.0000 v15r=0.0000 v16=0.0000 v17=0.0000 v18=0.0000 acc=1.0000 lr=1.44e-06 lambda=0.000 grl_lambda=1.000 v18_lambda=0.000 gpu=3.0/11.8GB
[19:13:38] [train] ep=96 step=040/40 ce=0.2943 sc=0.7761 mi=0.0626 dn=0.0000 v13=0.0000 grl=0.2480 v15=0.0000 v15r=0.0000 v16=0.0000 v17=0.0000 v18=0.0000 acc=1.0000 lr=1.27e-06 lambda=0.000 grl_lambda=1.000 v18_lambda=0.000 gpu=3.0/11.8GB
[19:14:11] [ep_summary] ep=96/100 val_live=0.9753/0.9755 val_ema=0.9753/0.9755 test77_live=0.8777/0.8757 test77_diag_ema=0.8705/0.8683 v13=0.0000 grl=0.2480 v15=0.0000 v15r=0.0000 v16=0.0000 v17=0.0000 v18=0.0000 das=stage3[12,95] p=1.00 ep_time=56.7s
[19:14:11] [train] epoch 97/100 steps=40 use_dann=0 das=stage3 f=[12.0,95.0] p=1.00 gpu=3.0/11.8GB
[19:14:12] [train] ep=97 step=001/40 ce=0.9099 sc=1.9840 mi=0.0548 dn=0.0000 v13=0.0000 grl=0.2128 v15=0.0000 v15r=0.0000 v16=0.0000 v17=0.0000 v18=0.0000 acc=0.9375 lr=1.26e-06 lambda=0.000 grl_lambda=1.000 v18_lambda=0.000 gpu=3.0/11.8GB
[19:14:17] [train] ep=97 step=010/40 ce=0.3238 sc=0.8992 mi=0.0647 dn=0.0000 v13=0.0000 grl=0.2572 v15=0.0000 v15r=0.0000 v16=0.0000 v17=0.0000 v18=0.0000 acc=0.9938 lr=1.12e-06 lambda=0.000 grl_lambda=1.000 v18_lambda=0.000 gpu=3.0/11.8GB
[19:14:23] [train] ep=97 step=020/40 ce=0.2935 sc=0.8088 mi=0.0641 dn=0.0000 v13=0.0000 grl=0.2608 v15=0.0000 v15r=0.0000 v16=0.0000 v17=0.0000 v18=0.0000 acc=0.9969 lr=9.76e-07 lambda=0.000 grl_lambda=1.000 v18_lambda=0.000 gpu=3.0/11.8GB
[19:14:28] [train] ep=97 step=030/40 ce=0.3042 sc=0.8174 mi=0.0632 dn=0.0000 v13=0.0000 grl=0.2452 v15=0.0000 v15r=0.0000 v16=0.0000 v17=0.0000 v18=0.0000 acc=0.9958 lr=8.43e-07 lambda=0.000 grl_lambda=1.000 v18_lambda=0.000 gpu=3.0/11.8GB
[19:14:34] [train] ep=97 step=040/40 ce=0.2929 sc=0.7789 mi=0.0634 dn=0.0000 v13=0.0000 grl=0.2367 v15=0.0000 v15r=0.0000 v16=0.0000 v17=0.0000 v18=0.0000 acc=0.9969 lr=7.19e-07 lambda=0.000 grl_lambda=1.000 v18_lambda=0.000 gpu=3.0/11.8GB
[19:15:02] [ep_summary] ep=97/100 val_live=0.9753/0.9755 val_ema=0.9753/0.9755 test77_live=0.8777/0.8757 test77_diag_ema=0.8705/0.8683 v13=0.0000 grl=0.2367 v15=0.0000 v15r=0.0000 v16=0.0000 v17=0.0000 v18=0.0000 das=stage3[12,95] p=1.00 ep_time=50.8s
[19:15:02] [train] epoch 98/100 steps=40 use_dann=0 das=stage3 f=[12.0,95.0] p=1.00 gpu=3.0/11.8GB
[19:15:02] [train] ep=98 step=001/40 ce=0.2575 sc=0.9683 mi=0.0617 dn=0.0000 v13=0.0000 grl=0.1663 v15=0.0000 v15r=0.0000 v16=0.0000 v17=0.0000 v18=0.0000 acc=1.0000 lr=7.07e-07 lambda=0.000 grl_lambda=1.000 v18_lambda=0.000 gpu=3.0/11.8GB
[19:15:08] [train] ep=98 step=010/40 ce=0.3389 sc=0.7897 mi=0.0677 dn=0.0000 v13=0.0000 grl=0.2654 v15=0.0000 v15r=0.0000 v16=0.0000 v17=0.0000 v18=0.0000 acc=0.9938 lr=6.05e-07 lambda=0.000 grl_lambda=1.000 v18_lambda=0.000 gpu=3.0/11.8GB
[19:15:13] [train] ep=98 step=020/40 ce=0.3054 sc=0.7881 mi=0.0659 dn=0.0000 v13=0.0000 grl=0.2618 v15=0.0000 v15r=0.0000 v16=0.0000 v17=0.0000 v18=0.0000 acc=0.9969 lr=5.01e-07 lambda=0.000 grl_lambda=1.000 v18_lambda=0.000 gpu=3.0/11.8GB
[19:15:19] [train] ep=98 step=030/40 ce=0.3253 sc=0.7901 mi=0.0648 dn=0.0000 v13=0.0000 grl=0.2469 v15=0.0000 v15r=0.0000 v16=0.0000 v17=0.0000 v18=0.0000 acc=0.9958 lr=4.07e-07 lambda=0.000 grl_lambda=1.000 v18_lambda=0.000 gpu=3.0/11.8GB
[19:15:25] [train] ep=98 step=040/40 ce=0.3090 sc=0.7935 mi=0.0640 dn=0.0000 v13=0.0000 grl=0.2485 v15=0.0000 v15r=0.0000 v16=0.0000 v17=0.0000 v18=0.0000 acc=0.9969 lr=3.22e-07 lambda=0.000 grl_lambda=1.000 v18_lambda=0.000 gpu=3.0/11.8GB
[19:15:36] [ep_summary] ep=98/100 val_live=0.9753/0.9755 val_ema=0.9753/0.9755 test77_live=0.8813/0.8796 test77_diag_ema=0.8705/0.8683 v13=0.0000 grl=0.2485 v15=0.0000 v15r=0.0000 v16=0.0000 v17=0.0000 v18=0.0000 das=stage3[12,95] p=1.00 ep_time=33.8s
[19:15:36] [train] epoch 99/100 steps=40 use_dann=0 das=stage3 f=[12.0,95.0] p=1.00 gpu=3.0/11.8GB
[19:15:36] [train] ep=99 step=001/40 ce=0.2580 sc=0.6126 mi=0.0599 dn=0.0000 v13=0.0000 grl=0.2294 v15=0.0000 v15r=0.0000 v16=0.0000 v17=0.0000 v18=0.0000 acc=1.0000 lr=3.15e-07 lambda=0.000 grl_lambda=1.000 v18_lambda=0.000 gpu=3.0/11.8GB
[19:15:41] [train] ep=99 step=010/40 ce=0.2583 sc=0.7751 mi=0.0672 dn=0.0000 v13=0.0000 grl=0.2788 v15=0.0000 v15r=0.0000 v16=0.0000 v17=0.0000 v18=0.0000 acc=1.0000 lr=2.48e-07 lambda=0.000 grl_lambda=1.000 v18_lambda=0.000 gpu=3.0/11.8GB
[19:15:47] [train] ep=99 step=020/40 ce=0.2583 sc=0.7198 mi=0.0665 dn=0.0000 v13=0.0000 grl=0.2684 v15=0.0000 v15r=0.0000 v16=0.0000 v17=0.0000 v18=0.0000 acc=1.0000 lr=1.83e-07 lambda=0.000 grl_lambda=1.000 v18_lambda=0.000 gpu=3.0/11.8GB
[19:15:53] [train] ep=99 step=030/40 ce=0.2581 sc=0.7497 mi=0.0647 dn=0.0000 v13=0.0000 grl=0.2529 v15=0.0000 v15r=0.0000 v16=0.0000 v17=0.0000 v18=0.0000 acc=1.0000 lr=1.28e-07 lambda=0.000 grl_lambda=1.000 v18_lambda=0.000 gpu=3.0/11.8GB
[19:15:59] [train] ep=99 step=040/40 ce=0.2757 sc=0.7829 mi=0.0640 dn=0.0000 v13=0.0000 grl=0.2459 v15=0.0000 v15r=0.0000 v16=0.0000 v17=0.0000 v18=0.0000 acc=0.9984 lr=8.26e-08 lambda=0.000 grl_lambda=1.000 v18_lambda=0.000 gpu=3.0/11.8GB
[19:16:09] [ep_summary] ep=99/100 val_live=0.9753/0.9755 val_ema=0.9753/0.9755 test77_live=0.8813/0.8796 test77_diag_ema=0.8705/0.8683 v13=0.0000 grl=0.2459 v15=0.0000 v15r=0.0000 v16=0.0000 v17=0.0000 v18=0.0000 das=stage3[12,95] p=1.00 ep_time=33.8s
[19:16:09] [train] epoch 100/100 steps=40 use_dann=0 das=stage3 f=[12.0,95.0] p=1.00 gpu=3.0/11.8GB
[19:16:10] [train] ep=100 step=001/40 ce=0.2576 sc=0.9949 mi=0.0641 dn=0.0000 v13=0.0000 grl=0.2519 v15=0.0000 v15r=0.0000 v16=0.0000 v17=0.0000 v18=0.0000 acc=1.0000 lr=7.87e-08 lambda=0.000 grl_lambda=1.000 v18_lambda=0.000 gpu=3.0/11.8GB
[19:16:15] [train] ep=100 step=010/40 ce=0.3844 sc=0.8781 mi=0.0644 dn=0.0000 v13=0.0000 grl=0.2301 v15=0.0000 v15r=0.0000 v16=0.0000 v17=0.0000 v18=0.0000 acc=0.9875 lr=4.72e-08 lambda=0.000 grl_lambda=1.000 v18_lambda=0.000 gpu=3.0/11.8GB
[19:16:21] [train] ep=100 step=020/40 ce=0.3216 sc=0.8351 mi=0.0637 dn=0.0000 v13=0.0000 grl=0.2423 v15=0.0000 v15r=0.0000 v16=0.0000 v17=0.0000 v18=0.0000 acc=0.9938 lr=2.17e-08 lambda=0.000 grl_lambda=1.000 v18_lambda=0.000 gpu=3.0/11.8GB
[19:16:27] [train] ep=100 step=030/40 ce=0.3225 sc=0.8027 mi=0.0631 dn=0.0000 v13=0.0000 grl=0.2378 v15=0.0000 v15r=0.0000 v16=0.0000 v17=0.0000 v18=0.0000 acc=0.9938 lr=5.95e-09 lambda=0.000 grl_lambda=1.000 v18_lambda=0.000 gpu=3.0/11.8GB
[19:16:33] [train] ep=100 step=040/40 ce=0.3065 sc=0.7843 mi=0.0629 dn=0.0000 v13=0.0000 grl=0.2401 v15=0.0000 v15r=0.0000 v16=0.0000 v17=0.0000 v18=0.0000 acc=0.9953 lr=4.92e-11 lambda=0.000 grl_lambda=1.000 v18_lambda=0.000 gpu=3.0/11.8GB
[19:16:43] [pool] check ep=100/100 source_val_acc_ema=0.9753 threshold=0.90
[19:16:48] [pool] ep=100 ADDED src_val=0.9753/0.9755 dev77=0.8214/0.8200 final77=0.8705/0.8684
[19:16:48] [pool] running best ep=100 dev77_f1=0.8200 final77_f1=0.8684 (pool_size=7)
[19:16:48] [ep_summary] ep=100/100 val_live=0.9753/0.9755 val_ema=0.9753/0.9755 test77_live=0.8777/0.8757 test77_diag_ema=0.8705/0.8684 v13=0.0000 grl=0.2401 v15=0.0000 v15r=0.0000 v16=0.0000 v17=0.0000 v18=0.0000 das=stage3[12,95] p=1.00 ep_time=39.1s
[19:16:49] [strict77_monitor] ep=100 best_source_epoch=87 source_val_ema=0.9753/0.9755 test77_ema_diag=0.8633/0.8611 sourcequalified_count=69 best_sourcequalified77_epoch=71 source_val_ema=0.9691/0.9694 test77_ema=0.8777/0.8770
[19:16:49] [pool] FINAL pool_size=7 best ep=100 dev77_f1=0.8200 final77_f1=0.8684 -> /scratch/st-zliu-1/heqingz/CrossCarrier_Fresh_20260922/CrossCarrier_Repro/EXPERIMENTSRESULT/REVISION_5090/SUPP_ABLATION/ACR_GRL_only/seed1234/checkpoints/best_pool_ema.pt
[19:16:49] [train] done best_sourceval_acc_ema=0.9753
[19:18:28] [eval] loaded vit_large_patch16_dinov3_lvd1689m_best_sourceval_ema.pt (sourceval)
[19:18:31] [eval] strict source-val selected by ema acc; heldout77_unused=140 final_test77=278 imgs, seed=42 dev_per_class=20
[19:18:41] [eval] 77GHz final-test acc=0.8633 f1=0.8609
[19:18:41] [eval] 77GHz final-test per-class={'Away': 1.0, 'Bend': 0.7948717948717948, 'Kneel': 0.8333333333333334, 'Pick': 0.825, 'SStep': 1.0, 'Sit': 0.7297297297297297, 'Towards': 0.85}
[19:18:46] [eval] val_all acc=0.9753 f1=0.9755
[19:18:50] [freq_scan:val10] f_virt=15GHz acc=0.9744 f1=0.9760
[19:18:51] [freq_scan:val10] f_virt=30GHz acc=0.9744 f1=0.9760
[19:18:52] [freq_scan:val10] f_virt=50GHz acc=0.9744 f1=0.9760
[19:18:53] [freq_scan:val10] f_virt=77GHz acc=0.9615 f1=0.9637
[19:18:54] [freq_scan:val10] f_virt=99GHz acc=0.9615 f1=0.9629
[19:18:56] [freq_scan:val10] f_virt=120GHz acc=0.9487 f1=0.9498
[19:18:57] [freq_scan:val10] f_virt=140GHz acc=0.9103 f1=0.9101
[19:18:58] [freq_scan:val24] f_virt=15GHz acc=0.9643 f1=0.9631
[19:18:59] [freq_scan:val24] f_virt=30GHz acc=0.9643 f1=0.9631
[19:19:01] [freq_scan:val24] f_virt=50GHz acc=0.9762 f1=0.9751
[19:19:02] [freq_scan:val24] f_virt=77GHz acc=0.9762 f1=0.9751
[19:19:03] [freq_scan:val24] f_virt=99GHz acc=0.9762 f1=0.9751
[19:19:04] [freq_scan:val24] f_virt=120GHz acc=0.9762 f1=0.9751
[19:19:06] [freq_scan:val24] f_virt=140GHz acc=0.9643 f1=0.9635
[19:19:06] [eval] saved eval_sourceval.json
[19:19:17] [eval] loaded vit_large_patch16_dinov3_lvd1689m_best_sourcequalified77_ema.pt (sourcequalified)
[19:19:17] [eval] source-qualified diagnostic selected (source-val ema acc >= 0.90, then best 77GHz ema macro-F1); heldout77_unused=140 final_test77=278 imgs, seed=42 dev_per_class=20
[19:19:21] [eval] 77GHz final-test acc=0.8777 f1=0.8770
[19:19:21] [eval] 77GHz final-test per-class={'Away': 1.0, 'Bend': 0.8717948717948718, 'Kneel': 0.8809523809523809, 'Pick': 0.775, 'SStep': 1.0, 'Sit': 0.7297297297297297, 'Towards': 0.875}
[19:19:23] [eval] val_all acc=0.9691 f1=0.9694
[19:19:24] [freq_scan:val10] f_virt=15GHz acc=0.9744 f1=0.9760
[19:19:25] [freq_scan:val10] f_virt=30GHz acc=0.9744 f1=0.9760
[19:19:26] [freq_scan:val10] f_virt=50GHz acc=0.9615 f1=0.9637
[19:19:27] [freq_scan:val10] f_virt=77GHz acc=0.9744 f1=0.9760
[19:19:28] [freq_scan:val10] f_virt=99GHz acc=0.9615 f1=0.9629
[19:19:29] [freq_scan:val10] f_virt=120GHz acc=0.9487 f1=0.9498
[19:19:31] [freq_scan:val10] f_virt=140GHz acc=0.9103 f1=0.9109
[19:19:32] [freq_scan:val24] f_virt=15GHz acc=0.9643 f1=0.9631
[19:19:33] [freq_scan:val24] f_virt=30GHz acc=0.9643 f1=0.9627
[19:19:34] [freq_scan:val24] f_virt=50GHz acc=0.9762 f1=0.9751
[19:19:36] [freq_scan:val24] f_virt=77GHz acc=0.9762 f1=0.9751
[19:19:37] [freq_scan:val24] f_virt=99GHz acc=0.9762 f1=0.9751
[19:19:38] [freq_scan:val24] f_virt=120GHz acc=0.9881 f1=0.9875
[19:19:40] [freq_scan:val24] f_virt=140GHz acc=0.9524 f1=0.9517
[19:19:40] [eval] saved eval_sourcequalified.json
