[22:46:09] run_dir=/scratch/st-zliu-1/heqingz/CrossCarrier_Fresh_20260922/CrossCarrier_Repro/EXPERIMENTSRESULT/REVISION_5090/SUPP_ABLATION/SCHED_fixedfull_ACR/seed1234
[22:46:09] device=cuda
[22:46:09] backbone=vit_large_patch16_dinov3.lvd1689m
[22:46:09] env: manifest_dir=/scratch/st-zliu-1/heqingz/CrossCarrier_Fresh_20260922/CrossCarrier_Repro/tasks/known_people_unknown_freq/manifest dataset_root=/scratch/st-zliu-1/heqingz/CrossCarrier_Fresh_20260922/CrossCarrier_Repro use_dann=False selection=source_val_acc_ema adapter_mode=lora
[22:46:09] set_seed(1234)
[22:46:27] [fast_gpu] source cache 644 imgs (0.39GB) on cuda
[22:46:27] train_source=644 train_src_rows=10:302 24:342 source_steps/epoch=40 val_all=162 heldout77_unused=140 test77_final=278
[22:46:27] [test77_split] seed=42 dev_per_class=20
[22:48:13] trainable params=2444546 (encoder_lora+neck+head + miro_proj+v15_falsification+v13_residual_split+v13_grl_carrier_adv)
[22:48:14] logit_prior=[-1.9678890705108643, -1.913821816444397, -1.8427258729934692, -1.9678890705108643, -2.0133514404296875, -1.8929877281188965, -2.036881923675537]
[22:48:14] use_dann=False
[22:48:14] use_das=True
[22:48:14] das_mode=fixed_full initial_stage={'name': 'fixed_full', 'p': 1.0, 'f_low': 15.0, 'f_high': 140.0}
[22:48:14] aug_flags: USE_HFT=True USE_SPEC_AUGMENT=True
[22:48:14] adapter_mode=lora
[22:48:14] schedule: epochs=100 steps/epoch=40 imgs/step=16 total_steps=4000 total_imgs=64000 warmup_steps=120
[22:48:14] source_qualified_policy: val_acc_ema>=0.90 candidates are recorded; best candidate by 77GHz F1 is saved as diagnostic
[22:48:14] [pool] init threshold=0.90 period=10 selection=dev77_f1
[22:48:14] [train] epoch 1/100 steps=40 use_dann=0 das=fixed_full f=[15.0,140.0] p=1.00 gpu=3.0/3.0GB
[22:48:23] [train] ep=01 step=001/40 ce=8.3145 sc=2.9142 mi=1.0484 dn=0.0000 v13=0.0236 grl=2.9028 v15=0.0000 v15r=0.0000 v16=0.0000 v17=0.0000 v18=0.0000 acc=0.0000 lr=2.50e-06 lambda=0.000 grl_lambda=0.000 v18_lambda=0.000 gpu=3.0/11.8GB
[22:48:28] [train] ep=01 step=010/40 ce=8.1081 sc=2.7952 mi=1.0367 dn=0.0000 v13=0.0190 grl=2.9880 v15=0.0000 v15r=0.0000 v16=0.0000 v17=0.0000 v18=0.0000 acc=0.0938 lr=2.50e-05 lambda=0.000 grl_lambda=0.011 v18_lambda=0.000 gpu=3.0/11.8GB
[22:48:34] [train] ep=01 step=020/40 ce=8.0179 sc=2.7867 mi=0.9925 dn=0.0000 v13=0.0143 grl=2.8967 v15=0.0000 v15r=0.0000 v16=0.0000 v17=0.0000 v18=0.0000 acc=0.0969 lr=5.00e-05 lambda=0.000 grl_lambda=0.024 v18_lambda=0.000 gpu=3.0/11.8GB
[22:48:40] [train] ep=01 step=030/40 ce=7.9171 sc=2.7703 mi=0.9210 dn=0.0000 v13=0.0111 grl=2.7642 v15=0.0000 v15r=0.0000 v16=0.0000 v17=0.0000 v18=0.0000 acc=0.1208 lr=7.50e-05 lambda=0.000 grl_lambda=0.036 v18_lambda=0.000 gpu=3.0/11.8GB
[22:48:46] [train] ep=01 step=040/40 ce=7.8332 sc=2.7683 mi=0.8326 dn=0.0000 v13=0.0094 grl=2.5497 v15=0.0000 v15r=0.0000 v16=0.0000 v17=0.0000 v18=0.0000 acc=0.1406 lr=1.00e-04 lambda=0.000 grl_lambda=0.049 v18_lambda=0.000 gpu=3.0/11.8GB
[22:48:51] [ep_summary] ep=01/100 val_live=0.2160/0.1172 val_ema=0.0000/0.0000 test77_live=0.1403/0.0352 test77_diag_ema=0.0000/0.0000 v13=0.0094 grl=2.5497 v15=0.0000 v15r=0.0000 v16=0.0000 v17=0.0000 v18=0.0000 das=fixed_full[15,140] p=1.00 ep_time=37.8s
[22:48:51] [train] epoch 2/100 steps=40 use_dann=0 das=fixed_full f=[15.0,140.0] p=1.00 gpu=3.0/11.8GB
[22:48:52] [train] ep=02 step=001/40 ce=7.1239 sc=2.6084 mi=0.4664 dn=0.0000 v13=0.0032 grl=1.8762 v15=0.0000 v15r=0.0000 v16=0.0000 v17=0.0000 v18=0.0000 acc=0.3750 lr=1.02e-04 lambda=0.000 grl_lambda=0.050 v18_lambda=0.000 gpu=3.0/11.8GB
[22:48:57] [train] ep=02 step=010/40 ce=7.2778 sc=2.7172 mi=0.3843 dn=0.0000 v13=0.0030 grl=1.0968 v15=0.0000 v15r=0.0000 v16=0.0000 v17=0.0000 v18=0.0000 acc=0.2938 lr=1.25e-04 lambda=0.000 grl_lambda=0.061 v18_lambda=0.000 gpu=3.0/11.8GB
[22:49:03] [train] ep=02 step=020/40 ce=7.1245 sc=2.7198 mi=0.3280 dn=0.0000 v13=0.0028 grl=0.7508 v15=0.0000 v15r=0.0000 v16=0.0000 v17=0.0000 v18=0.0000 acc=0.3406 lr=1.50e-04 lambda=0.000 grl_lambda=0.074 v18_lambda=0.000 gpu=3.0/11.8GB
[22:49:09] [train] ep=02 step=030/40 ce=6.9818 sc=2.6686 mi=0.2949 dn=0.0000 v13=0.0027 grl=0.6169 v15=0.0000 v15r=0.0000 v16=0.0000 v17=0.0000 v18=0.0000 acc=0.3625 lr=1.75e-04 lambda=0.000 grl_lambda=0.086 v18_lambda=0.000 gpu=3.0/11.8GB
[22:49:14] [train] ep=02 step=040/40 ce=6.7891 sc=2.6168 mi=0.2710 dn=0.0000 v13=0.0028 grl=0.5405 v15=0.0000 v15r=0.0000 v16=0.0000 v17=0.0000 v18=0.0000 acc=0.3922 lr=2.00e-04 lambda=0.000 grl_lambda=0.098 v18_lambda=0.000 gpu=3.0/11.8GB
[22:49:20] [ep_summary] ep=02/100 val_live=0.4074/0.3523 val_ema=0.0000/0.0000 test77_live=0.3345/0.2521 test77_diag_ema=0.0000/0.0000 v13=0.0028 grl=0.5405 v15=0.0000 v15r=0.0000 v16=0.0000 v17=0.0000 v18=0.0000 das=fixed_full[15,140] p=1.00 ep_time=28.4s
[22:49:20] [train] epoch 3/100 steps=40 use_dann=0 das=fixed_full f=[15.0,140.0] p=1.00 gpu=3.0/11.8GB
[22:49:20] [train] ep=03 step=001/40 ce=6.2532 sc=2.6708 mi=0.1910 dn=0.0000 v13=0.0022 grl=0.3183 v15=0.0000 v15r=0.0000 v16=0.0000 v17=0.0000 v18=0.0000 acc=0.5000 lr=2.02e-04 lambda=0.000 grl_lambda=0.100 v18_lambda=0.000 gpu=3.0/11.8GB
[22:49:25] [train] ep=03 step=010/40 ce=5.4690 sc=2.1496 mi=0.1953 dn=0.0000 v13=0.0019 grl=0.4305 v15=0.0000 v15r=0.0000 v16=0.0000 v17=0.0000 v18=0.0000 acc=0.6188 lr=2.25e-04 lambda=0.000 grl_lambda=0.111 v18_lambda=0.000 gpu=3.0/11.8GB
[22:49:31] [train] ep=03 step=020/40 ce=5.1534 sc=2.1528 mi=0.1925 dn=0.0000 v13=0.0021 grl=0.3905 v15=0.0000 v15r=0.0000 v16=0.0000 v17=0.0000 v18=0.0000 acc=0.6438 lr=2.50e-04 lambda=0.000 grl_lambda=0.123 v18_lambda=0.000 gpu=3.0/11.8GB
[22:49:37] [train] ep=03 step=030/40 ce=4.7143 sc=2.0409 mi=0.1959 dn=0.0000 v13=0.0021 grl=0.3841 v15=0.0000 v15r=0.0000 v16=0.0000 v17=0.0000 v18=0.0000 acc=0.6792 lr=2.75e-04 lambda=0.000 grl_lambda=0.135 v18_lambda=0.000 gpu=3.0/11.8GB
[22:49:43] [train] ep=03 step=040/40 ce=4.3400 sc=1.9292 mi=0.2001 dn=0.0000 v13=0.0021 grl=0.3769 v15=0.0000 v15r=0.0000 v16=0.0000 v17=0.0000 v18=0.0000 acc=0.7063 lr=3.00e-04 lambda=0.000 grl_lambda=0.148 v18_lambda=0.000 gpu=3.0/11.8GB
[22:49:48] [ep_summary] ep=03/100 val_live=0.5000/0.4799 val_ema=0.0000/0.0000 test77_live=0.6187/0.5302 test77_diag_ema=0.0000/0.0000 v13=0.0021 grl=0.3769 v15=0.0000 v15r=0.0000 v16=0.0000 v17=0.0000 v18=0.0000 das=fixed_full[15,140] p=1.00 ep_time=28.4s
[22:49:48] [train] epoch 4/100 steps=40 use_dann=0 das=fixed_full f=[15.0,140.0] p=1.00 gpu=3.0/11.8GB
[22:49:49] [train] ep=04 step=001/40 ce=4.2997 sc=1.6890 mi=0.2020 dn=0.0000 v13=0.0027 grl=0.1736 v15=0.0000 v15r=0.0000 v16=0.0000 v17=0.0000 v18=0.0000 acc=0.6875 lr=3.00e-04 lambda=0.000 grl_lambda=0.149 v18_lambda=0.000 gpu=3.0/11.8GB
[22:49:54] [train] ep=04 step=010/40 ce=3.6068 sc=1.7922 mi=0.1672 dn=0.0000 v13=0.0021 grl=0.3170 v15=0.0000 v15r=0.0000 v16=0.0000 v17=0.0000 v18=0.0000 acc=0.7562 lr=3.00e-04 lambda=0.000 grl_lambda=0.160 v18_lambda=0.000 gpu=3.0/11.8GB
[22:50:00] [train] ep=04 step=020/40 ce=3.9257 sc=1.8159 mi=0.1537 dn=0.0000 v13=0.0020 grl=0.2943 v15=0.0000 v15r=0.0000 v16=0.0000 v17=0.0000 v18=0.0000 acc=0.7219 lr=3.00e-04 lambda=0.000 grl_lambda=0.172 v18_lambda=0.000 gpu=3.0/11.8GB
[22:50:06] [train] ep=04 step=030/40 ce=3.9219 sc=1.8847 mi=0.1425 dn=0.0000 v13=0.0020 grl=0.2935 v15=0.0000 v15r=0.0000 v16=0.0000 v17=0.0000 v18=0.0000 acc=0.7229 lr=3.00e-04 lambda=0.000 grl_lambda=0.184 v18_lambda=0.000 gpu=3.0/11.8GB
[22:50:11] [train] ep=04 step=040/40 ce=3.6722 sc=1.8010 mi=0.1361 dn=0.0000 v13=0.0020 grl=0.2898 v15=0.0000 v15r=0.0000 v16=0.0000 v17=0.0000 v18=0.0000 acc=0.7469 lr=3.00e-04 lambda=0.000 grl_lambda=0.196 v18_lambda=0.000 gpu=3.0/11.8GB
[22:50:17] [ep_summary] ep=04/100 val_live=0.6975/0.6418 val_ema=0.0000/0.0000 test77_live=0.5432/0.4120 test77_diag_ema=0.0000/0.0000 v13=0.0020 grl=0.2898 v15=0.0000 v15r=0.0000 v16=0.0000 v17=0.0000 v18=0.0000 das=fixed_full[15,140] p=1.00 ep_time=28.7s
[22:50:17] [train] epoch 5/100 steps=40 use_dann=0 das=fixed_full f=[15.0,140.0] p=1.00 gpu=3.0/11.8GB
[22:50:17] [train] ep=05 step=001/40 ce=0.9957 sc=1.2374 mi=0.1168 dn=0.0000 v13=0.0008 grl=0.2363 v15=0.0000 v15r=0.0000 v16=0.0000 v17=0.0000 v18=0.0000 acc=1.0000 lr=3.00e-04 lambda=0.000 grl_lambda=0.197 v18_lambda=0.000 gpu=3.0/11.8GB
[22:50:23] [train] ep=05 step=010/40 ce=2.6670 sc=1.3260 mi=0.1125 dn=0.0000 v13=0.0014 grl=0.2437 v15=0.0000 v15r=0.0000 v16=0.0000 v17=0.0000 v18=0.0000 acc=0.8375 lr=3.00e-04 lambda=0.000 grl_lambda=0.208 v18_lambda=0.000 gpu=3.0/11.8GB
[22:50:28] [train] ep=05 step=020/40 ce=2.6552 sc=1.4066 mi=0.1089 dn=0.0000 v13=0.0015 grl=0.2340 v15=0.0000 v15r=0.0000 v16=0.0000 v17=0.0000 v18=0.0000 acc=0.8187 lr=3.00e-04 lambda=0.000 grl_lambda=0.220 v18_lambda=0.000 gpu=3.0/11.8GB
[22:50:34] [train] ep=05 step=030/40 ce=2.4326 sc=1.3636 mi=0.1057 dn=0.0000 v13=0.0015 grl=0.2391 v15=0.0000 v15r=0.0000 v16=0.0000 v17=0.0000 v18=0.0000 acc=0.8396 lr=3.00e-04 lambda=0.000 grl_lambda=0.232 v18_lambda=0.000 gpu=3.0/11.8GB
[22:50:40] [train] ep=05 step=040/40 ce=2.4010 sc=1.3734 mi=0.1027 dn=0.0000 v13=0.0015 grl=0.2376 v15=0.0000 v15r=0.0000 v16=0.0000 v17=0.0000 v18=0.0000 acc=0.8453 lr=3.00e-04 lambda=0.000 grl_lambda=0.244 v18_lambda=0.000 gpu=3.0/11.8GB
[22:50:51] [ep_summary] ep=05/100 val_live=0.7963/0.7625 val_ema=0.1914/0.0868 test77_live=0.6367/0.5333 test77_diag_ema=0.1403/0.0352 v13=0.0015 grl=0.2376 v15=0.0000 v15r=0.0000 v16=0.0000 v17=0.0000 v18=0.0000 das=fixed_full[15,140] p=1.00 ep_time=34.0s
[22:50:51] [save] best_sourceval_ema val_acc_ema=0.1914 source_val_live=0.7963/0.7625 source_val_ema=0.1914/0.0868 ep=5
[22:50:51] [train] epoch 6/100 steps=40 use_dann=0 das=fixed_full f=[15.0,140.0] p=1.00 gpu=3.0/11.8GB
[22:50:51] [train] ep=06 step=001/40 ce=3.8886 sc=1.7892 mi=0.0773 dn=0.0000 v13=0.0006 grl=0.3527 v15=0.0000 v15r=0.0000 v16=0.0000 v17=0.0000 v18=0.0000 acc=0.6875 lr=3.00e-04 lambda=0.000 grl_lambda=0.245 v18_lambda=0.000 gpu=3.0/11.8GB
[22:50:57] [train] ep=06 step=010/40 ce=2.0409 sc=1.2542 mi=0.0911 dn=0.0000 v13=0.0011 grl=0.2632 v15=0.0000 v15r=0.0000 v16=0.0000 v17=0.0000 v18=0.0000 acc=0.8688 lr=3.00e-04 lambda=0.000 grl_lambda=0.255 v18_lambda=0.000 gpu=3.0/11.8GB
[22:51:03] [train] ep=06 step=020/40 ce=2.2304 sc=1.2886 mi=0.0892 dn=0.0000 v13=0.0011 grl=0.2661 v15=0.0000 v15r=0.0000 v16=0.0000 v17=0.0000 v18=0.0000 acc=0.8719 lr=3.00e-04 lambda=0.000 grl_lambda=0.267 v18_lambda=0.000 gpu=3.0/11.8GB
[22:51:08] [train] ep=06 step=030/40 ce=2.0840 sc=1.2627 mi=0.0888 dn=0.0000 v13=0.0013 grl=0.2638 v15=0.0000 v15r=0.0000 v16=0.0000 v17=0.0000 v18=0.0000 acc=0.8833 lr=2.99e-04 lambda=0.000 grl_lambda=0.279 v18_lambda=0.000 gpu=3.0/11.8GB
[22:51:14] [train] ep=06 step=040/40 ce=2.1564 sc=1.2965 mi=0.0864 dn=0.0000 v13=0.0013 grl=0.2614 v15=0.0000 v15r=0.0000 v16=0.0000 v17=0.0000 v18=0.0000 acc=0.8703 lr=2.99e-04 lambda=0.000 grl_lambda=0.290 v18_lambda=0.000 gpu=3.0/11.8GB
[22:51:25] [ep_summary] ep=06/100 val_live=0.8272/0.8073 val_ema=0.1852/0.0882 test77_live=0.5576/0.4702 test77_diag_ema=0.1403/0.0352 v13=0.0013 grl=0.2614 v15=0.0000 v15r=0.0000 v16=0.0000 v17=0.0000 v18=0.0000 das=fixed_full[15,140] p=1.00 ep_time=34.5s
[22:51:25] [train] epoch 7/100 steps=40 use_dann=0 das=fixed_full f=[15.0,140.0] p=1.00 gpu=3.0/11.8GB
[22:51:26] [train] ep=07 step=001/40 ce=1.6226 sc=0.8884 mi=0.0756 dn=0.0000 v13=0.0015 grl=0.2319 v15=0.0000 v15r=0.0000 v16=0.0000 v17=0.0000 v18=0.0000 acc=0.8750 lr=2.99e-04 lambda=0.000 grl_lambda=0.291 v18_lambda=0.000 gpu=3.0/11.8GB
[22:51:31] [train] ep=07 step=010/40 ce=2.0709 sc=1.3312 mi=0.0789 dn=0.0000 v13=0.0013 grl=0.2508 v15=0.0000 v15r=0.0000 v16=0.0000 v17=0.0000 v18=0.0000 acc=0.8875 lr=2.99e-04 lambda=0.000 grl_lambda=0.302 v18_lambda=0.000 gpu=3.0/11.8GB
[22:51:37] [train] ep=07 step=020/40 ce=2.1811 sc=1.3963 mi=0.0813 dn=0.0000 v13=0.0013 grl=0.2730 v15=0.0000 v15r=0.0000 v16=0.0000 v17=0.0000 v18=0.0000 acc=0.8844 lr=2.99e-04 lambda=0.000 grl_lambda=0.313 v18_lambda=0.000 gpu=3.0/11.8GB
[22:51:43] [train] ep=07 step=030/40 ce=2.1232 sc=1.3580 mi=0.0817 dn=0.0000 v13=0.0013 grl=0.2665 v15=0.0000 v15r=0.0000 v16=0.0000 v17=0.0000 v18=0.0000 acc=0.8833 lr=2.99e-04 lambda=0.000 grl_lambda=0.324 v18_lambda=0.000 gpu=3.0/11.8GB
[22:51:49] [train] ep=07 step=040/40 ce=2.0236 sc=1.3098 mi=0.0813 dn=0.0000 v13=0.0013 grl=0.2704 v15=0.0000 v15r=0.0000 v16=0.0000 v17=0.0000 v18=0.0000 acc=0.8938 lr=2.99e-04 lambda=0.000 grl_lambda=0.335 v18_lambda=0.000 gpu=3.0/11.8GB
[22:51:59] [ep_summary] ep=07/100 val_live=0.8457/0.8419 val_ema=0.1852/0.0936 test77_live=0.5719/0.5599 test77_diag_ema=0.1403/0.0352 v13=0.0013 grl=0.2704 v15=0.0000 v15r=0.0000 v16=0.0000 v17=0.0000 v18=0.0000 das=fixed_full[15,140] p=1.00 ep_time=34.1s
[22:51:59] [train] epoch 8/100 steps=40 use_dann=0 das=fixed_full f=[15.0,140.0] p=1.00 gpu=3.0/11.8GB
[22:52:00] [train] ep=08 step=001/40 ce=1.4091 sc=0.7810 mi=0.0882 dn=0.0000 v13=0.0008 grl=0.3556 v15=0.0000 v15r=0.0000 v16=0.0000 v17=0.0000 v18=0.0000 acc=0.9375 lr=2.99e-04 lambda=0.000 grl_lambda=0.336 v18_lambda=0.000 gpu=3.0/11.8GB
[22:52:05] [train] ep=08 step=010/40 ce=1.5215 sc=1.0903 mi=0.0801 dn=0.0000 v13=0.0013 grl=0.3397 v15=0.0000 v15r=0.0000 v16=0.0000 v17=0.0000 v18=0.0000 acc=0.9313 lr=2.99e-04 lambda=0.000 grl_lambda=0.346 v18_lambda=0.000 gpu=3.0/11.8GB
[22:52:11] [train] ep=08 step=020/40 ce=1.6738 sc=1.1814 mi=0.0812 dn=0.0000 v13=0.0012 grl=0.3081 v15=0.0000 v15r=0.0000 v16=0.0000 v17=0.0000 v18=0.0000 acc=0.9250 lr=2.98e-04 lambda=0.000 grl_lambda=0.357 v18_lambda=0.000 gpu=3.0/11.8GB
[22:52:17] [train] ep=08 step=030/40 ce=1.7836 sc=1.2226 mi=0.0793 dn=0.0000 v13=0.0012 grl=0.2995 v15=0.0000 v15r=0.0000 v16=0.0000 v17=0.0000 v18=0.0000 acc=0.9042 lr=2.98e-04 lambda=0.000 grl_lambda=0.368 v18_lambda=0.000 gpu=3.0/11.8GB
[22:52:23] [train] ep=08 step=040/40 ce=1.8260 sc=1.2267 mi=0.0796 dn=0.0000 v13=0.0012 grl=0.2876 v15=0.0000 v15r=0.0000 v16=0.0000 v17=0.0000 v18=0.0000 acc=0.8953 lr=2.98e-04 lambda=0.000 grl_lambda=0.379 v18_lambda=0.000 gpu=3.0/11.8GB
[22:52:34] [ep_summary] ep=08/100 val_live=0.9074/0.9090 val_ema=0.1852/0.0936 test77_live=0.5935/0.5050 test77_diag_ema=0.1403/0.0352 v13=0.0012 grl=0.2876 v15=0.0000 v15r=0.0000 v16=0.0000 v17=0.0000 v18=0.0000 das=fixed_full[15,140] p=1.00 ep_time=34.2s
[22:52:34] [train] epoch 9/100 steps=40 use_dann=0 das=fixed_full f=[15.0,140.0] p=1.00 gpu=3.0/11.8GB
[22:52:34] [train] ep=09 step=001/40 ce=0.6509 sc=1.0486 mi=0.0795 dn=0.0000 v13=0.0006 grl=0.2829 v15=0.0000 v15r=0.0000 v16=0.0000 v17=0.0000 v18=0.0000 acc=1.0000 lr=2.98e-04 lambda=0.000 grl_lambda=0.380 v18_lambda=0.000 gpu=3.0/11.8GB
[22:52:39] [train] ep=09 step=010/40 ce=1.3972 sc=1.1046 mi=0.0794 dn=0.0000 v13=0.0009 grl=0.2695 v15=0.0000 v15r=0.0000 v16=0.0000 v17=0.0000 v18=0.0000 acc=0.9125 lr=2.98e-04 lambda=0.000 grl_lambda=0.390 v18_lambda=0.000 gpu=3.0/11.8GB
[22:52:45] [train] ep=09 step=020/40 ce=1.4684 sc=1.1240 mi=0.0786 dn=0.0000 v13=0.0010 grl=0.2715 v15=0.0000 v15r=0.0000 v16=0.0000 v17=0.0000 v18=0.0000 acc=0.9187 lr=2.98e-04 lambda=0.000 grl_lambda=0.400 v18_lambda=0.000 gpu=3.0/11.8GB
[22:52:51] [train] ep=09 step=030/40 ce=1.5005 sc=1.1354 mi=0.0782 dn=0.0000 v13=0.0010 grl=0.2866 v15=0.0000 v15r=0.0000 v16=0.0000 v17=0.0000 v18=0.0000 acc=0.9104 lr=2.97e-04 lambda=0.000 grl_lambda=0.411 v18_lambda=0.000 gpu=3.0/11.8GB
[22:52:57] [train] ep=09 step=040/40 ce=1.5508 sc=1.1040 mi=0.0785 dn=0.0000 v13=0.0010 grl=0.2814 v15=0.0000 v15r=0.0000 v16=0.0000 v17=0.0000 v18=0.0000 acc=0.9078 lr=2.97e-04 lambda=0.000 grl_lambda=0.421 v18_lambda=0.000 gpu=3.0/11.8GB
[22:53:08] [ep_summary] ep=09/100 val_live=0.8704/0.8676 val_ema=0.1975/0.1100 test77_live=0.5396/0.4917 test77_diag_ema=0.1403/0.0352 v13=0.0010 grl=0.2814 v15=0.0000 v15r=0.0000 v16=0.0000 v17=0.0000 v18=0.0000 das=fixed_full[15,140] p=1.00 ep_time=34.0s
[22:53:08] [save] best_sourceval_ema val_acc_ema=0.1975 source_val_live=0.8704/0.8676 source_val_ema=0.1975/0.1100 ep=9
[22:53:08] [train] epoch 10/100 steps=40 use_dann=0 das=fixed_full f=[15.0,140.0] p=1.00 gpu=3.0/11.8GB
[22:53:08] [train] ep=10 step=001/40 ce=1.3477 sc=1.0312 mi=0.0803 dn=0.0000 v13=0.0010 grl=0.3547 v15=0.0000 v15r=0.0000 v16=0.0000 v17=0.0000 v18=0.0000 acc=0.9375 lr=2.97e-04 lambda=0.000 grl_lambda=0.422 v18_lambda=0.000 gpu=3.0/11.8GB
[22:53:14] [train] ep=10 step=010/40 ce=1.4651 sc=1.2094 mi=0.0754 dn=0.0000 v13=0.0009 grl=0.2671 v15=0.0000 v15r=0.0000 v16=0.0000 v17=0.0000 v18=0.0000 acc=0.9437 lr=2.97e-04 lambda=0.000 grl_lambda=0.431 v18_lambda=0.000 gpu=3.0/11.8GB
[22:53:19] [train] ep=10 step=020/40 ce=1.2883 sc=1.1706 mi=0.0758 dn=0.0000 v13=0.0010 grl=0.2691 v15=0.0000 v15r=0.0000 v16=0.0000 v17=0.0000 v18=0.0000 acc=0.9469 lr=2.97e-04 lambda=0.000 grl_lambda=0.441 v18_lambda=0.000 gpu=3.0/11.8GB
[22:53:25] [train] ep=10 step=030/40 ce=1.2274 sc=1.0770 mi=0.0762 dn=0.0000 v13=0.0010 grl=0.2798 v15=0.0000 v15r=0.0000 v16=0.0000 v17=0.0000 v18=0.0000 acc=0.9500 lr=2.96e-04 lambda=0.000 grl_lambda=0.451 v18_lambda=0.000 gpu=3.0/11.8GB
[22:53:31] [train] ep=10 step=040/40 ce=1.1547 sc=1.0274 mi=0.0763 dn=0.0000 v13=0.0012 grl=0.2869 v15=0.0000 v15r=0.0000 v16=0.0000 v17=0.0000 v18=0.0000 acc=0.9500 lr=2.96e-04 lambda=0.000 grl_lambda=0.461 v18_lambda=0.000 gpu=3.0/11.8GB
[22:53:42] [pool] check ep=010/100 source_val_acc_ema=0.2222 threshold=0.90
[22:53:42] [pool] ep=010 SKIP (source_val_acc_ema=0.2222 < 0.90)
[22:53:42] [ep_summary] ep=10/100 val_live=0.9012/0.8943 val_ema=0.2222/0.1402 test77_live=0.6475/0.5810 test77_diag_ema=0.1403/0.0352 v13=0.0012 grl=0.2869 v15=0.0000 v15r=0.0000 v16=0.0000 v17=0.0000 v18=0.0000 das=fixed_full[15,140] p=1.00 ep_time=34.5s
[22:53:42] [save] best_sourceval_ema val_acc_ema=0.2222 source_val_live=0.9012/0.8943 source_val_ema=0.2222/0.1402 ep=10
[22:53:42] [strict77_monitor] ep=10 best_source_epoch=10 source_val_ema=0.2222/0.1402 test77_ema_diag=0.1403/0.0352 sourcequalified_count=0
[22:53:42] [train] epoch 11/100 steps=40 use_dann=0 das=fixed_full f=[15.0,140.0] p=1.00 gpu=3.0/11.8GB
[22:53:43] [train] ep=11 step=001/40 ce=0.8686 sc=0.8286 mi=0.0828 dn=0.0000 v13=0.0018 grl=0.3184 v15=0.0000 v15r=0.0000 v16=0.0000 v17=0.0000 v18=0.0000 acc=0.9375 lr=2.96e-04 lambda=0.000 grl_lambda=0.462 v18_lambda=0.000 gpu=3.0/11.8GB
[22:53:48] [train] ep=11 step=010/40 ce=1.3188 sc=0.9998 mi=0.0772 dn=0.0000 v13=0.0013 grl=0.3583 v15=0.0000 v15r=0.0000 v16=0.0000 v17=0.0000 v18=0.0000 acc=0.9250 lr=2.96e-04 lambda=0.000 grl_lambda=0.471 v18_lambda=0.000 gpu=3.0/11.8GB
[22:53:54] [train] ep=11 step=020/40 ce=1.2104 sc=1.0021 mi=0.0756 dn=0.0000 v13=0.0013 grl=0.3348 v15=0.0000 v15r=0.0000 v16=0.0000 v17=0.0000 v18=0.0000 acc=0.9281 lr=2.96e-04 lambda=0.000 grl_lambda=0.481 v18_lambda=0.000 gpu=3.0/11.8GB
[22:54:00] [train] ep=11 step=030/40 ce=1.0574 sc=1.0022 mi=0.0758 dn=0.0000 v13=0.0012 grl=0.3434 v15=0.0000 v15r=0.0000 v16=0.0000 v17=0.0000 v18=0.0000 acc=0.9458 lr=2.95e-04 lambda=0.000 grl_lambda=0.490 v18_lambda=0.000 gpu=3.0/11.8GB
[22:54:06] [train] ep=11 step=040/40 ce=1.0550 sc=0.9933 mi=0.0762 dn=0.0000 v13=0.0011 grl=0.3624 v15=0.0000 v15r=0.0000 v16=0.0000 v17=0.0000 v18=0.0000 acc=0.9484 lr=2.95e-04 lambda=0.000 grl_lambda=0.500 v18_lambda=0.000 gpu=3.0/11.8GB
[22:54:17] [ep_summary] ep=11/100 val_live=0.9012/0.8896 val_ema=0.2222/0.1400 test77_live=0.6583/0.6009 test77_diag_ema=0.1403/0.0352 v13=0.0011 grl=0.3624 v15=0.0000 v15r=0.0000 v16=0.0000 v17=0.0000 v18=0.0000 das=fixed_full[15,140] p=1.00 ep_time=34.5s
[22:54:17] [train] epoch 12/100 steps=40 use_dann=0 das=fixed_full f=[15.0,140.0] p=1.00 gpu=3.0/11.8GB
[22:54:18] [train] ep=12 step=001/40 ce=0.7022 sc=0.5111 mi=0.0936 dn=0.0000 v13=0.0014 grl=0.5752 v15=0.0000 v15r=0.0000 v16=0.0000 v17=0.0000 v18=0.0000 acc=1.0000 lr=2.95e-04 lambda=0.000 grl_lambda=0.501 v18_lambda=0.000 gpu=3.0/11.8GB
[22:54:23] [train] ep=12 step=010/40 ce=0.7854 sc=1.0391 mi=0.0774 dn=0.0000 v13=0.0010 grl=0.4433 v15=0.0000 v15r=0.0000 v16=0.0000 v17=0.0000 v18=0.0000 acc=0.9688 lr=2.95e-04 lambda=0.000 grl_lambda=0.509 v18_lambda=0.000 gpu=3.0/11.8GB
[22:54:29] [train] ep=12 step=020/40 ce=0.9196 sc=1.0933 mi=0.0757 dn=0.0000 v13=0.0011 grl=0.4397 v15=0.0000 v15r=0.0000 v16=0.0000 v17=0.0000 v18=0.0000 acc=0.9625 lr=2.94e-04 lambda=0.000 grl_lambda=0.518 v18_lambda=0.000 gpu=3.0/11.8GB
[22:54:35] [train] ep=12 step=030/40 ce=1.0293 sc=1.0789 mi=0.0745 dn=0.0000 v13=0.0011 grl=0.4236 v15=0.0000 v15r=0.0000 v16=0.0000 v17=0.0000 v18=0.0000 acc=0.9542 lr=2.94e-04 lambda=0.000 grl_lambda=0.527 v18_lambda=0.000 gpu=3.0/11.8GB
[22:54:40] [train] ep=12 step=040/40 ce=0.9445 sc=1.0436 mi=0.0740 dn=0.0000 v13=0.0010 grl=0.4080 v15=0.0000 v15r=0.0000 v16=0.0000 v17=0.0000 v18=0.0000 acc=0.9594 lr=2.94e-04 lambda=0.000 grl_lambda=0.536 v18_lambda=0.000 gpu=3.0/11.8GB
[22:54:51] [ep_summary] ep=12/100 val_live=0.9198/0.9179 val_ema=0.2346/0.1580 test77_live=0.5683/0.5142 test77_diag_ema=0.1403/0.0352 v13=0.0010 grl=0.4080 v15=0.0000 v15r=0.0000 v16=0.0000 v17=0.0000 v18=0.0000 das=fixed_full[15,140] p=1.00 ep_time=34.1s
[22:54:51] [save] best_sourceval_ema val_acc_ema=0.2346 source_val_live=0.9198/0.9179 source_val_ema=0.2346/0.1580 ep=12
[22:54:51] [train] epoch 13/100 steps=40 use_dann=0 das=fixed_full f=[15.0,140.0] p=1.00 gpu=3.0/11.8GB
[22:54:52] [train] ep=13 step=001/40 ce=0.7535 sc=0.7434 mi=0.0809 dn=0.0000 v13=0.0006 grl=0.2365 v15=0.0000 v15r=0.0000 v16=0.0000 v17=0.0000 v18=0.0000 acc=1.0000 lr=2.94e-04 lambda=0.000 grl_lambda=0.537 v18_lambda=0.000 gpu=3.0/11.8GB
[22:54:57] [train] ep=13 step=010/40 ce=0.7739 sc=0.9148 mi=0.0723 dn=0.0000 v13=0.0009 grl=0.3981 v15=0.0000 v15r=0.0000 v16=0.0000 v17=0.0000 v18=0.0000 acc=0.9812 lr=2.93e-04 lambda=0.000 grl_lambda=0.545 v18_lambda=0.000 gpu=3.0/11.8GB
[22:55:03] [train] ep=13 step=020/40 ce=0.5869 sc=0.8836 mi=0.0729 dn=0.0000 v13=0.0011 grl=0.3755 v15=0.0000 v15r=0.0000 v16=0.0000 v17=0.0000 v18=0.0000 acc=0.9906 lr=2.93e-04 lambda=0.000 grl_lambda=0.554 v18_lambda=0.000 gpu=3.0/11.8GB
[22:55:09] [train] ep=13 step=030/40 ce=0.5758 sc=0.8782 mi=0.0744 dn=0.0000 v13=0.0011 grl=0.3840 v15=0.0000 v15r=0.0000 v16=0.0000 v17=0.0000 v18=0.0000 acc=0.9875 lr=2.93e-04 lambda=0.000 grl_lambda=0.562 v18_lambda=0.000 gpu=3.0/11.8GB
[22:55:15] [train] ep=13 step=040/40 ce=0.6246 sc=0.8923 mi=0.0746 dn=0.0000 v13=0.0010 grl=0.3855 v15=0.0000 v15r=0.0000 v16=0.0000 v17=0.0000 v18=0.0000 acc=0.9797 lr=2.92e-04 lambda=0.000 grl_lambda=0.571 v18_lambda=0.000 gpu=3.0/11.8GB
[22:55:25] [ep_summary] ep=13/100 val_live=0.9012/0.9027 val_ema=0.2654/0.1952 test77_live=0.6439/0.6123 test77_diag_ema=0.1403/0.0352 v13=0.0010 grl=0.3855 v15=0.0000 v15r=0.0000 v16=0.0000 v17=0.0000 v18=0.0000 das=fixed_full[15,140] p=1.00 ep_time=34.4s
[22:55:25] [save] best_sourceval_ema val_acc_ema=0.2654 source_val_live=0.9012/0.9027 source_val_ema=0.2654/0.1952 ep=13
[22:55:25] [train] epoch 14/100 steps=40 use_dann=0 das=fixed_full f=[15.0,140.0] p=1.00 gpu=3.0/11.8GB
[22:55:26] [train] ep=14 step=001/40 ce=1.0193 sc=0.9746 mi=0.0774 dn=0.0000 v13=0.0013 grl=0.3546 v15=0.0000 v15r=0.0000 v16=0.0000 v17=0.0000 v18=0.0000 acc=0.9375 lr=2.92e-04 lambda=0.000 grl_lambda=0.572 v18_lambda=0.000 gpu=3.0/11.8GB
[22:55:31] [train] ep=14 step=010/40 ce=0.7846 sc=0.9574 mi=0.0759 dn=0.0000 v13=0.0011 grl=0.3905 v15=0.0000 v15r=0.0000 v16=0.0000 v17=0.0000 v18=0.0000 acc=0.9688 lr=2.92e-04 lambda=0.000 grl_lambda=0.579 v18_lambda=0.000 gpu=3.0/11.8GB
[22:55:37] [train] ep=14 step=020/40 ce=0.5941 sc=0.8402 mi=0.0751 dn=0.0000 v13=0.0014 grl=0.3835 v15=0.0000 v15r=0.0000 v16=0.0000 v17=0.0000 v18=0.0000 acc=0.9844 lr=2.91e-04 lambda=0.000 grl_lambda=0.587 v18_lambda=0.000 gpu=3.0/11.8GB
[22:55:43] [train] ep=14 step=030/40 ce=0.6960 sc=0.8700 mi=0.0767 dn=0.0000 v13=0.0013 grl=0.4127 v15=0.0000 v15r=0.0000 v16=0.0000 v17=0.0000 v18=0.0000 acc=0.9750 lr=2.91e-04 lambda=0.000 grl_lambda=0.596 v18_lambda=0.000 gpu=3.0/11.8GB
[22:55:49] [train] ep=14 step=040/40 ce=0.7012 sc=0.9079 mi=0.0755 dn=0.0000 v13=0.0013 grl=0.4037 v15=0.0000 v15r=0.0000 v16=0.0000 v17=0.0000 v18=0.0000 acc=0.9766 lr=2.91e-04 lambda=0.000 grl_lambda=0.604 v18_lambda=0.000 gpu=3.0/11.8GB
[22:55:59] [ep_summary] ep=14/100 val_live=0.9259/0.9259 val_ema=0.3025/0.2169 test77_live=0.6655/0.6091 test77_diag_ema=0.1403/0.0352 v13=0.0013 grl=0.4037 v15=0.0000 v15r=0.0000 v16=0.0000 v17=0.0000 v18=0.0000 das=fixed_full[15,140] p=1.00 ep_time=33.9s
[22:55:59] [save] best_sourceval_ema val_acc_ema=0.3025 source_val_live=0.9259/0.9259 source_val_ema=0.3025/0.2169 ep=14
[22:55:59] [train] epoch 15/100 steps=40 use_dann=0 das=fixed_full f=[15.0,140.0] p=1.00 gpu=3.0/11.8GB
[22:56:00] [train] ep=15 step=001/40 ce=0.3479 sc=1.0345 mi=0.0805 dn=0.0000 v13=0.0009 grl=0.6780 v15=0.0000 v15r=0.0000 v16=0.0000 v17=0.0000 v18=0.0000 acc=1.0000 lr=2.91e-04 lambda=0.000 grl_lambda=0.604 v18_lambda=0.000 gpu=3.0/11.8GB
[22:56:05] [train] ep=15 step=010/40 ce=0.8331 sc=0.9572 mi=0.0768 dn=0.0000 v13=0.0010 grl=0.4727 v15=0.0000 v15r=0.0000 v16=0.0000 v17=0.0000 v18=0.0000 acc=0.9625 lr=2.90e-04 lambda=0.000 grl_lambda=0.611 v18_lambda=0.000 gpu=3.0/11.8GB
[22:56:11] [train] ep=15 step=020/40 ce=0.6780 sc=0.9276 mi=0.0736 dn=0.0000 v13=0.0010 grl=0.4290 v15=0.0000 v15r=0.0000 v16=0.0000 v17=0.0000 v18=0.0000 acc=0.9719 lr=2.90e-04 lambda=0.000 grl_lambda=0.619 v18_lambda=0.000 gpu=3.0/11.8GB
[22:56:17] [train] ep=15 step=030/40 ce=0.7113 sc=0.9281 mi=0.0737 dn=0.0000 v13=0.0010 grl=0.4157 v15=0.0000 v15r=0.0000 v16=0.0000 v17=0.0000 v18=0.0000 acc=0.9708 lr=2.89e-04 lambda=0.000 grl_lambda=0.627 v18_lambda=0.000 gpu=3.0/11.8GB
[22:56:23] [train] ep=15 step=040/40 ce=0.7303 sc=0.9125 mi=0.0736 dn=0.0000 v13=0.0009 grl=0.3995 v15=0.0000 v15r=0.0000 v16=0.0000 v17=0.0000 v18=0.0000 acc=0.9719 lr=2.89e-04 lambda=0.000 grl_lambda=0.634 v18_lambda=0.000 gpu=3.0/11.8GB
[22:56:34] [ep_summary] ep=15/100 val_live=0.9568/0.9574 val_ema=0.3086/0.2165 test77_live=0.6367/0.5901 test77_diag_ema=0.1403/0.0352 v13=0.0009 grl=0.3995 v15=0.0000 v15r=0.0000 v16=0.0000 v17=0.0000 v18=0.0000 das=fixed_full[15,140] p=1.00 ep_time=34.6s
[22:56:34] [save] best_sourceval_ema val_acc_ema=0.3086 source_val_live=0.9568/0.9574 source_val_ema=0.3086/0.2165 ep=15
[22:56:34] [train] epoch 16/100 steps=40 use_dann=0 das=fixed_full f=[15.0,140.0] p=1.00 gpu=3.0/11.8GB
[22:56:35] [train] ep=16 step=001/40 ce=1.1229 sc=0.7333 mi=0.0799 dn=0.0000 v13=0.0009 grl=0.4415 v15=0.0000 v15r=0.0000 v16=0.0000 v17=0.0000 v18=0.0000 acc=0.9375 lr=2.89e-04 lambda=0.000 grl_lambda=0.635 v18_lambda=0.000 gpu=3.0/11.8GB
[22:56:40] [train] ep=16 step=010/40 ce=0.6901 sc=0.8363 mi=0.0721 dn=0.0000 v13=0.0009 grl=0.3866 v15=0.0000 v15r=0.0000 v16=0.0000 v17=0.0000 v18=0.0000 acc=0.9688 lr=2.88e-04 lambda=0.000 grl_lambda=0.642 v18_lambda=0.000 gpu=3.0/11.8GB
[22:56:46] [train] ep=16 step=020/40 ce=0.6863 sc=0.8404 mi=0.0726 dn=0.0000 v13=0.0009 grl=0.3878 v15=0.0000 v15r=0.0000 v16=0.0000 v17=0.0000 v18=0.0000 acc=0.9719 lr=2.88e-04 lambda=0.000 grl_lambda=0.649 v18_lambda=0.000 gpu=3.0/11.8GB
[22:56:52] [train] ep=16 step=030/40 ce=0.6977 sc=0.8942 mi=0.0716 dn=0.0000 v13=0.0008 grl=0.3723 v15=0.0000 v15r=0.0000 v16=0.0000 v17=0.0000 v18=0.0000 acc=0.9708 lr=2.87e-04 lambda=0.000 grl_lambda=0.656 v18_lambda=0.000 gpu=3.0/11.8GB
[22:56:58] [train] ep=16 step=040/40 ce=0.6881 sc=0.9003 mi=0.0726 dn=0.0000 v13=0.0009 grl=0.3779 v15=0.0000 v15r=0.0000 v16=0.0000 v17=0.0000 v18=0.0000 acc=0.9719 lr=2.87e-04 lambda=0.000 grl_lambda=0.663 v18_lambda=0.000 gpu=3.0/11.8GB
[22:57:08] [ep_summary] ep=16/100 val_live=0.9506/0.9505 val_ema=0.3395/0.2415 test77_live=0.7410/0.7153 test77_diag_ema=0.1403/0.0352 v13=0.0009 grl=0.3779 v15=0.0000 v15r=0.0000 v16=0.0000 v17=0.0000 v18=0.0000 das=fixed_full[15,140] p=1.00 ep_time=34.2s
[22:57:08] [save] best_sourceval_ema val_acc_ema=0.3395 source_val_live=0.9506/0.9505 source_val_ema=0.3395/0.2415 ep=16
[22:57:08] [train] epoch 17/100 steps=40 use_dann=0 das=fixed_full f=[15.0,140.0] p=1.00 gpu=3.0/11.8GB
[22:57:09] [train] ep=17 step=001/40 ce=0.5950 sc=0.7626 mi=0.0816 dn=0.0000 v13=0.0009 grl=0.4477 v15=0.0000 v15r=0.0000 v16=0.0000 v17=0.0000 v18=0.0000 acc=1.0000 lr=2.87e-04 lambda=0.000 grl_lambda=0.664 v18_lambda=0.000 gpu=3.0/11.8GB
[22:57:14] [train] ep=17 step=010/40 ce=0.4667 sc=0.8877 mi=0.0767 dn=0.0000 v13=0.0008 grl=0.4249 v15=0.0000 v15r=0.0000 v16=0.0000 v17=0.0000 v18=0.0000 acc=0.9875 lr=2.86e-04 lambda=0.000 grl_lambda=0.670 v18_lambda=0.000 gpu=3.0/11.8GB
[22:57:20] [train] ep=17 step=020/40 ce=0.5845 sc=0.9247 mi=0.0753 dn=0.0000 v13=0.0009 grl=0.4099 v15=0.0000 v15r=0.0000 v16=0.0000 v17=0.0000 v18=0.0000 acc=0.9781 lr=2.86e-04 lambda=0.000 grl_lambda=0.677 v18_lambda=0.000 gpu=3.0/11.8GB
[22:57:26] [train] ep=17 step=030/40 ce=0.5798 sc=0.9375 mi=0.0740 dn=0.0000 v13=0.0009 grl=0.3898 v15=0.0000 v15r=0.0000 v16=0.0000 v17=0.0000 v18=0.0000 acc=0.9833 lr=2.85e-04 lambda=0.000 grl_lambda=0.684 v18_lambda=0.000 gpu=3.0/11.8GB
[22:57:32] [train] ep=17 step=040/40 ce=0.5519 sc=0.9068 mi=0.0737 dn=0.0000 v13=0.0009 grl=0.3826 v15=0.0000 v15r=0.0000 v16=0.0000 v17=0.0000 v18=0.0000 acc=0.9844 lr=2.85e-04 lambda=0.000 grl_lambda=0.690 v18_lambda=0.000 gpu=3.0/11.8GB
[22:57:43] [ep_summary] ep=17/100 val_live=0.9383/0.9392 val_ema=0.3272/0.2250 test77_live=0.6475/0.5770 test77_diag_ema=0.1403/0.0352 v13=0.0009 grl=0.3826 v15=0.0000 v15r=0.0000 v16=0.0000 v17=0.0000 v18=0.0000 das=fixed_full[15,140] p=1.00 ep_time=34.6s
[22:57:43] [train] epoch 18/100 steps=40 use_dann=0 das=fixed_full f=[15.0,140.0] p=1.00 gpu=3.0/11.8GB
[22:57:44] [train] ep=18 step=001/40 ce=0.8980 sc=0.8575 mi=0.0708 dn=0.0000 v13=0.0010 grl=0.3558 v15=0.0000 v15r=0.0000 v16=0.0000 v17=0.0000 v18=0.0000 acc=1.0000 lr=2.85e-04 lambda=0.000 grl_lambda=0.691 v18_lambda=0.000 gpu=3.0/11.8GB
[22:57:49] [train] ep=18 step=010/40 ce=0.6003 sc=0.8317 mi=0.0723 dn=0.0000 v13=0.0008 grl=0.3817 v15=0.0000 v15r=0.0000 v16=0.0000 v17=0.0000 v18=0.0000 acc=0.9812 lr=2.84e-04 lambda=0.000 grl_lambda=0.697 v18_lambda=0.000 gpu=3.0/11.8GB
[22:57:55] [train] ep=18 step=020/40 ce=0.6833 sc=0.9071 mi=0.0757 dn=0.0000 v13=0.0008 grl=0.3847 v15=0.0000 v15r=0.0000 v16=0.0000 v17=0.0000 v18=0.0000 acc=0.9719 lr=2.84e-04 lambda=0.000 grl_lambda=0.703 v18_lambda=0.000 gpu=3.0/11.8GB
[22:58:01] [train] ep=18 step=030/40 ce=0.6467 sc=0.9245 mi=0.0759 dn=0.0000 v13=0.0008 grl=0.3706 v15=0.0000 v15r=0.0000 v16=0.0000 v17=0.0000 v18=0.0000 acc=0.9771 lr=2.83e-04 lambda=0.000 grl_lambda=0.710 v18_lambda=0.000 gpu=3.0/11.8GB
[22:58:07] [train] ep=18 step=040/40 ce=0.6015 sc=0.9093 mi=0.0749 dn=0.0000 v13=0.0008 grl=0.3753 v15=0.0000 v15r=0.0000 v16=0.0000 v17=0.0000 v18=0.0000 acc=0.9797 lr=2.83e-04 lambda=0.000 grl_lambda=0.716 v18_lambda=0.000 gpu=3.0/11.8GB
[22:58:17] [ep_summary] ep=18/100 val_live=0.9321/0.9321 val_ema=0.3333/0.2454 test77_live=0.6115/0.5689 test77_diag_ema=0.1403/0.0352 v13=0.0008 grl=0.3753 v15=0.0000 v15r=0.0000 v16=0.0000 v17=0.0000 v18=0.0000 das=fixed_full[15,140] p=1.00 ep_time=34.2s
[22:58:17] [train] epoch 19/100 steps=40 use_dann=0 das=fixed_full f=[15.0,140.0] p=1.00 gpu=3.0/11.8GB
[22:58:18] [train] ep=19 step=001/40 ce=0.2957 sc=0.6518 mi=0.0683 dn=0.0000 v13=0.0004 grl=0.4716 v15=0.0000 v15r=0.0000 v16=0.0000 v17=0.0000 v18=0.0000 acc=1.0000 lr=2.83e-04 lambda=0.000 grl_lambda=0.716 v18_lambda=0.000 gpu=3.0/11.8GB
[22:58:23] [train] ep=19 step=010/40 ce=0.5268 sc=0.9337 mi=0.0752 dn=0.0000 v13=0.0008 grl=0.4147 v15=0.0000 v15r=0.0000 v16=0.0000 v17=0.0000 v18=0.0000 acc=0.9812 lr=2.82e-04 lambda=0.000 grl_lambda=0.722 v18_lambda=0.000 gpu=3.0/11.8GB
[22:58:29] [train] ep=19 step=020/40 ce=0.5400 sc=0.9700 mi=0.0758 dn=0.0000 v13=0.0008 grl=0.3795 v15=0.0000 v15r=0.0000 v16=0.0000 v17=0.0000 v18=0.0000 acc=0.9844 lr=2.82e-04 lambda=0.000 grl_lambda=0.728 v18_lambda=0.000 gpu=3.0/11.8GB
[22:58:35] [train] ep=19 step=030/40 ce=0.5696 sc=0.9369 mi=0.0752 dn=0.0000 v13=0.0009 grl=0.3552 v15=0.0000 v15r=0.0000 v16=0.0000 v17=0.0000 v18=0.0000 acc=0.9833 lr=2.81e-04 lambda=0.000 grl_lambda=0.733 v18_lambda=0.000 gpu=3.0/11.8GB
[22:58:41] [train] ep=19 step=040/40 ce=0.5223 sc=0.9102 mi=0.0746 dn=0.0000 v13=0.0008 grl=0.3552 v15=0.0000 v15r=0.0000 v16=0.0000 v17=0.0000 v18=0.0000 acc=0.9875 lr=2.80e-04 lambda=0.000 grl_lambda=0.739 v18_lambda=0.000 gpu=3.0/11.8GB
[22:58:51] [ep_summary] ep=19/100 val_live=0.9383/0.9389 val_ema=0.3333/0.2512 test77_live=0.6547/0.6015 test77_diag_ema=0.1403/0.0352 v13=0.0008 grl=0.3552 v15=0.0000 v15r=0.0000 v16=0.0000 v17=0.0000 v18=0.0000 das=fixed_full[15,140] p=1.00 ep_time=34.0s
[22:58:51] [train] epoch 20/100 steps=40 use_dann=0 das=fixed_full f=[15.0,140.0] p=1.00 gpu=3.0/11.8GB
[22:58:52] [train] ep=20 step=001/40 ce=0.9257 sc=1.0785 mi=0.0759 dn=0.0000 v13=0.0019 grl=0.3406 v15=0.0000 v15r=0.0000 v16=0.0000 v17=0.0000 v18=0.0000 acc=0.9375 lr=2.80e-04 lambda=0.000 grl_lambda=0.740 v18_lambda=0.000 gpu=3.0/11.8GB
[22:58:57] [train] ep=20 step=010/40 ce=0.4235 sc=0.8227 mi=0.0740 dn=0.0000 v13=0.0007 grl=0.3445 v15=0.0000 v15r=0.0000 v16=0.0000 v17=0.0000 v18=0.0000 acc=0.9875 lr=2.80e-04 lambda=0.000 grl_lambda=0.745 v18_lambda=0.000 gpu=3.0/11.8GB
[22:59:03] [train] ep=20 step=020/40 ce=0.4201 sc=0.8290 mi=0.0741 dn=0.0000 v13=0.0009 grl=0.3430 v15=0.0000 v15r=0.0000 v16=0.0000 v17=0.0000 v18=0.0000 acc=0.9906 lr=2.79e-04 lambda=0.000 grl_lambda=0.750 v18_lambda=0.000 gpu=3.0/11.8GB
[22:59:09] [train] ep=20 step=030/40 ce=0.4498 sc=0.8416 mi=0.0734 dn=0.0000 v13=0.0009 grl=0.3570 v15=0.0000 v15r=0.0000 v16=0.0000 v17=0.0000 v18=0.0000 acc=0.9896 lr=2.79e-04 lambda=0.000 grl_lambda=0.756 v18_lambda=0.000 gpu=3.0/11.8GB
[22:59:15] [train] ep=20 step=040/40 ce=0.4515 sc=0.8480 mi=0.0722 dn=0.0000 v13=0.0009 grl=0.3483 v15=0.0000 v15r=0.0000 v16=0.0000 v17=0.0000 v18=0.0000 acc=0.9875 lr=2.78e-04 lambda=0.000 grl_lambda=0.761 v18_lambda=0.000 gpu=3.0/11.8GB
[22:59:25] [pool] check ep=020/100 source_val_acc_ema=0.3457 threshold=0.90
[22:59:25] [pool] ep=020 SKIP (source_val_acc_ema=0.3457 < 0.90)
[22:59:26] [ep_summary] ep=20/100 val_live=0.9259/0.9226 val_ema=0.3457/0.2803 test77_live=0.5432/0.4678 test77_diag_ema=0.1439/0.0419 v13=0.0009 grl=0.3483 v15=0.0000 v15r=0.0000 v16=0.0000 v17=0.0000 v18=0.0000 das=fixed_full[15,140] p=1.00 ep_time=34.4s
[22:59:26] [save] best_sourceval_ema val_acc_ema=0.3457 source_val_live=0.9259/0.9226 source_val_ema=0.3457/0.2803 ep=20
[22:59:26] [strict77_monitor] ep=20 best_source_epoch=20 source_val_ema=0.3457/0.2803 test77_ema_diag=0.1439/0.0419 sourcequalified_count=0
[22:59:26] [train] epoch 21/100 steps=40 use_dann=0 das=fixed_full f=[15.0,140.0] p=1.00 gpu=3.0/11.8GB
[22:59:26] [train] ep=21 step=001/40 ce=0.2974 sc=0.5040 mi=0.0778 dn=0.0000 v13=0.0007 grl=0.3808 v15=0.0000 v15r=0.0000 v16=0.0000 v17=0.0000 v18=0.0000 acc=1.0000 lr=2.78e-04 lambda=0.000 grl_lambda=0.762 v18_lambda=0.000 gpu=3.0/11.8GB
[22:59:31] [train] ep=21 step=010/40 ce=0.3801 sc=0.6905 mi=0.0720 dn=0.0000 v13=0.0009 grl=0.3339 v15=0.0000 v15r=0.0000 v16=0.0000 v17=0.0000 v18=0.0000 acc=0.9875 lr=2.77e-04 lambda=0.000 grl_lambda=0.766 v18_lambda=0.000 gpu=3.0/11.8GB
[22:59:37] [train] ep=21 step=020/40 ce=0.4426 sc=0.8137 mi=0.0707 dn=0.0000 v13=0.0008 grl=0.3334 v15=0.0000 v15r=0.0000 v16=0.0000 v17=0.0000 v18=0.0000 acc=0.9844 lr=2.77e-04 lambda=0.000 grl_lambda=0.771 v18_lambda=0.000 gpu=3.0/11.8GB
[22:59:43] [train] ep=21 step=030/40 ce=0.4023 sc=0.8014 mi=0.0700 dn=0.0000 v13=0.0008 grl=0.3258 v15=0.0000 v15r=0.0000 v16=0.0000 v17=0.0000 v18=0.0000 acc=0.9896 lr=2.76e-04 lambda=0.000 grl_lambda=0.776 v18_lambda=0.000 gpu=3.0/11.8GB
[22:59:49] [train] ep=21 step=040/40 ce=0.3948 sc=0.7847 mi=0.0704 dn=0.0000 v13=0.0008 grl=0.3340 v15=0.0000 v15r=0.0000 v16=0.0000 v17=0.0000 v18=0.0000 acc=0.9906 lr=2.75e-04 lambda=0.000 grl_lambda=0.781 v18_lambda=0.000 gpu=3.0/11.8GB
[23:00:00] [ep_summary] ep=21/100 val_live=0.9321/0.9284 val_ema=0.3704/0.3236 test77_live=0.6367/0.5635 test77_diag_ema=0.1439/0.0419 v13=0.0008 grl=0.3340 v15=0.0000 v15r=0.0000 v16=0.0000 v17=0.0000 v18=0.0000 das=fixed_full[15,140] p=1.00 ep_time=34.5s
[23:00:00] [save] best_sourceval_ema val_acc_ema=0.3704 source_val_live=0.9321/0.9284 source_val_ema=0.3704/0.3236 ep=21
[23:00:00] [train] epoch 22/100 steps=40 use_dann=0 das=fixed_full f=[15.0,140.0] p=1.00 gpu=3.0/11.8GB
[23:00:01] [train] ep=22 step=001/40 ce=0.5296 sc=0.6185 mi=0.0549 dn=0.0000 v13=0.0007 grl=0.2279 v15=0.0000 v15r=0.0000 v16=0.0000 v17=0.0000 v18=0.0000 acc=1.0000 lr=2.75e-04 lambda=0.000 grl_lambda=0.782 v18_lambda=0.000 gpu=3.0/11.8GB
[23:00:06] [train] ep=22 step=010/40 ce=0.3915 sc=0.7534 mi=0.0737 dn=0.0000 v13=0.0006 grl=0.3243 v15=0.0000 v15r=0.0000 v16=0.0000 v17=0.0000 v18=0.0000 acc=0.9938 lr=2.75e-04 lambda=0.000 grl_lambda=0.786 v18_lambda=0.000 gpu=3.0/11.8GB
[23:00:12] [train] ep=22 step=020/40 ce=0.3857 sc=0.7835 mi=0.0704 dn=0.0000 v13=0.0008 grl=0.3211 v15=0.0000 v15r=0.0000 v16=0.0000 v17=0.0000 v18=0.0000 acc=0.9938 lr=2.74e-04 lambda=0.000 grl_lambda=0.791 v18_lambda=0.000 gpu=3.0/11.8GB
[23:00:18] [train] ep=22 step=030/40 ce=0.3934 sc=0.8721 mi=0.0699 dn=0.0000 v13=0.0009 grl=0.3267 v15=0.0000 v15r=0.0000 v16=0.0000 v17=0.0000 v18=0.0000 acc=0.9917 lr=2.73e-04 lambda=0.000 grl_lambda=0.796 v18_lambda=0.000 gpu=3.0/11.8GB
[23:00:24] [train] ep=22 step=040/40 ce=0.3828 sc=0.8699 mi=0.0712 dn=0.0000 v13=0.0009 grl=0.3318 v15=0.0000 v15r=0.0000 v16=0.0000 v17=0.0000 v18=0.0000 acc=0.9938 lr=2.73e-04 lambda=0.000 grl_lambda=0.800 v18_lambda=0.000 gpu=3.0/11.8GB
[23:00:35] [ep_summary] ep=22/100 val_live=0.9321/0.9293 val_ema=0.3951/0.3598 test77_live=0.6547/0.6041 test77_diag_ema=0.1547/0.0613 v13=0.0009 grl=0.3318 v15=0.0000 v15r=0.0000 v16=0.0000 v17=0.0000 v18=0.0000 das=fixed_full[15,140] p=1.00 ep_time=34.4s
[23:00:35] [save] best_sourceval_ema val_acc_ema=0.3951 source_val_live=0.9321/0.9293 source_val_ema=0.3951/0.3598 ep=22
[23:00:35] [train] epoch 23/100 steps=40 use_dann=0 das=fixed_full f=[15.0,140.0] p=1.00 gpu=3.0/11.8GB
[23:00:38] [train] ep=23 step=001/40 ce=0.2738 sc=0.4412 mi=0.0814 dn=0.0000 v13=0.0007 grl=0.4082 v15=0.0000 v15r=0.0000 v16=0.0000 v17=0.0000 v18=0.0000 acc=1.0000 lr=2.72e-04 lambda=0.000 grl_lambda=0.800 v18_lambda=0.000 gpu=3.0/11.8GB
[23:00:43] [train] ep=23 step=010/40 ce=0.5187 sc=0.8430 mi=0.0742 dn=0.0000 v13=0.0009 grl=0.2880 v15=0.0000 v15r=0.0000 v16=0.0000 v17=0.0000 v18=0.0000 acc=0.9812 lr=2.72e-04 lambda=0.000 grl_lambda=0.805 v18_lambda=0.000 gpu=3.0/11.8GB
[23:00:49] [train] ep=23 step=020/40 ce=0.6409 sc=0.9814 mi=0.0704 dn=0.0000 v13=0.0009 grl=0.2771 v15=0.0000 v15r=0.0000 v16=0.0000 v17=0.0000 v18=0.0000 acc=0.9750 lr=2.71e-04 lambda=0.000 grl_lambda=0.809 v18_lambda=0.000 gpu=3.0/11.8GB
[23:00:55] [train] ep=23 step=030/40 ce=0.5393 sc=0.8849 mi=0.0706 dn=0.0000 v13=0.0009 grl=0.2936 v15=0.0000 v15r=0.0000 v16=0.0000 v17=0.0000 v18=0.0000 acc=0.9833 lr=2.70e-04 lambda=0.000 grl_lambda=0.813 v18_lambda=0.000 gpu=3.0/11.8GB
[23:01:01] [train] ep=23 step=040/40 ce=0.5185 sc=0.8702 mi=0.0693 dn=0.0000 v13=0.0009 grl=0.2948 v15=0.0000 v15r=0.0000 v16=0.0000 v17=0.0000 v18=0.0000 acc=0.9844 lr=2.70e-04 lambda=0.000 grl_lambda=0.817 v18_lambda=0.000 gpu=3.0/11.8GB
[23:01:12] [ep_summary] ep=23/100 val_live=0.9383/0.9400 val_ema=0.4444/0.4220 test77_live=0.7230/0.6647 test77_diag_ema=0.1763/0.0928 v13=0.0009 grl=0.2948 v15=0.0000 v15r=0.0000 v16=0.0000 v17=0.0000 v18=0.0000 das=fixed_full[15,140] p=1.00 ep_time=36.9s
[23:01:12] [save] best_sourceval_ema val_acc_ema=0.4444 source_val_live=0.9383/0.9400 source_val_ema=0.4444/0.4220 ep=23
[23:01:12] [train] epoch 24/100 steps=40 use_dann=0 das=fixed_full f=[15.0,140.0] p=1.00 gpu=3.0/11.8GB
[23:01:13] [train] ep=24 step=001/40 ce=0.3617 sc=0.8533 mi=0.0658 dn=0.0000 v13=0.0008 grl=0.2915 v15=0.0000 v15r=0.0000 v16=0.0000 v17=0.0000 v18=0.0000 acc=1.0000 lr=2.70e-04 lambda=0.000 grl_lambda=0.818 v18_lambda=0.000 gpu=3.0/11.8GB
[23:01:18] [train] ep=24 step=010/40 ce=0.4115 sc=0.8568 mi=0.0706 dn=0.0000 v13=0.0009 grl=0.3223 v15=0.0000 v15r=0.0000 v16=0.0000 v17=0.0000 v18=0.0000 acc=0.9938 lr=2.69e-04 lambda=0.000 grl_lambda=0.821 v18_lambda=0.000 gpu=3.0/11.8GB
[23:01:24] [train] ep=24 step=020/40 ce=0.3919 sc=0.7524 mi=0.0694 dn=0.0000 v13=0.0008 grl=0.3076 v15=0.0000 v15r=0.0000 v16=0.0000 v17=0.0000 v18=0.0000 acc=0.9938 lr=2.68e-04 lambda=0.000 grl_lambda=0.825 v18_lambda=0.000 gpu=3.0/11.8GB
[23:01:30] [train] ep=24 step=030/40 ce=0.3584 sc=0.8151 mi=0.0687 dn=0.0000 v13=0.0009 grl=0.2931 v15=0.0000 v15r=0.0000 v16=0.0000 v17=0.0000 v18=0.0000 acc=0.9958 lr=2.67e-04 lambda=0.000 grl_lambda=0.829 v18_lambda=0.000 gpu=3.0/11.8GB
[23:01:36] [train] ep=24 step=040/40 ce=0.3589 sc=0.8637 mi=0.0690 dn=0.0000 v13=0.0008 grl=0.2865 v15=0.0000 v15r=0.0000 v16=0.0000 v17=0.0000 v18=0.0000 acc=0.9953 lr=2.67e-04 lambda=0.000 grl_lambda=0.833 v18_lambda=0.000 gpu=3.0/11.8GB
[23:01:47] [ep_summary] ep=24/100 val_live=0.9383/0.9387 val_ema=0.4506/0.4304 test77_live=0.6079/0.5349 test77_diag_ema=0.2230/0.1551 v13=0.0008 grl=0.2865 v15=0.0000 v15r=0.0000 v16=0.0000 v17=0.0000 v18=0.0000 das=fixed_full[15,140] p=1.00 ep_time=35.0s
[23:01:47] [save] best_sourceval_ema val_acc_ema=0.4506 source_val_live=0.9383/0.9387 source_val_ema=0.4506/0.4304 ep=24
[23:01:47] [train] epoch 25/100 steps=40 use_dann=0 das=fixed_full f=[15.0,140.0] p=1.00 gpu=3.0/11.8GB
[23:01:47] [train] ep=25 step=001/40 ce=0.2862 sc=0.6515 mi=0.0694 dn=0.0000 v13=0.0007 grl=0.3059 v15=0.0000 v15r=0.0000 v16=0.0000 v17=0.0000 v18=0.0000 acc=1.0000 lr=2.67e-04 lambda=0.000 grl_lambda=0.834 v18_lambda=0.000 gpu=3.0/11.8GB
[23:01:53] [train] ep=25 step=010/40 ce=0.3126 sc=0.6944 mi=0.0721 dn=0.0000 v13=0.0007 grl=0.2808 v15=0.0000 v15r=0.0000 v16=0.0000 v17=0.0000 v18=0.0000 acc=1.0000 lr=2.66e-04 lambda=0.000 grl_lambda=0.837 v18_lambda=0.000 gpu=3.0/11.8GB
[23:01:58] [train] ep=25 step=020/40 ce=0.4140 sc=0.8414 mi=0.0716 dn=0.0000 v13=0.0007 grl=0.2500 v15=0.0000 v15r=0.0000 v16=0.0000 v17=0.0000 v18=0.0000 acc=0.9875 lr=2.65e-04 lambda=0.000 grl_lambda=0.841 v18_lambda=0.000 gpu=3.0/11.8GB
[23:02:04] [train] ep=25 step=030/40 ce=0.4641 sc=0.8539 mi=0.0705 dn=0.0000 v13=0.0007 grl=0.2535 v15=0.0000 v15r=0.0000 v16=0.0000 v17=0.0000 v18=0.0000 acc=0.9833 lr=2.64e-04 lambda=0.000 grl_lambda=0.844 v18_lambda=0.000 gpu=3.0/11.8GB
[23:02:10] [train] ep=25 step=040/40 ce=0.4840 sc=0.8527 mi=0.0698 dn=0.0000 v13=0.0007 grl=0.2567 v15=0.0000 v15r=0.0000 v16=0.0000 v17=0.0000 v18=0.0000 acc=0.9844 lr=2.64e-04 lambda=0.000 grl_lambda=0.848 v18_lambda=0.000 gpu=3.0/11.8GB
[23:02:21] [ep_summary] ep=25/100 val_live=0.9506/0.9502 val_ema=0.4877/0.4841 test77_live=0.6439/0.5796 test77_diag_ema=0.2662/0.1967 v13=0.0007 grl=0.2567 v15=0.0000 v15r=0.0000 v16=0.0000 v17=0.0000 v18=0.0000 das=fixed_full[15,140] p=1.00 ep_time=33.9s
[23:02:21] [save] best_sourceval_ema val_acc_ema=0.4877 source_val_live=0.9506/0.9502 source_val_ema=0.4877/0.4841 ep=25
[23:02:21] [train] epoch 26/100 steps=40 use_dann=0 das=fixed_full f=[15.0,140.0] p=1.00 gpu=3.0/11.8GB
[23:02:21] [train] ep=26 step=001/40 ce=0.2997 sc=0.6081 mi=0.0725 dn=0.0000 v13=0.0003 grl=0.2482 v15=0.0000 v15r=0.0000 v16=0.0000 v17=0.0000 v18=0.0000 acc=1.0000 lr=2.64e-04 lambda=0.000 grl_lambda=0.848 v18_lambda=0.000 gpu=3.0/11.8GB
[23:02:27] [train] ep=26 step=010/40 ce=0.4791 sc=0.7297 mi=0.0693 dn=0.0000 v13=0.0007 grl=0.2606 v15=0.0000 v15r=0.0000 v16=0.0000 v17=0.0000 v18=0.0000 acc=0.9875 lr=2.63e-04 lambda=0.000 grl_lambda=0.851 v18_lambda=0.000 gpu=3.0/11.8GB
[23:02:32] [train] ep=26 step=020/40 ce=0.4413 sc=0.7652 mi=0.0685 dn=0.0000 v13=0.0007 grl=0.2564 v15=0.0000 v15r=0.0000 v16=0.0000 v17=0.0000 v18=0.0000 acc=0.9906 lr=2.62e-04 lambda=0.000 grl_lambda=0.855 v18_lambda=0.000 gpu=3.0/11.8GB
[23:02:38] [train] ep=26 step=030/40 ce=0.4670 sc=0.7990 mi=0.0683 dn=0.0000 v13=0.0007 grl=0.2545 v15=0.0000 v15r=0.0000 v16=0.0000 v17=0.0000 v18=0.0000 acc=0.9875 lr=2.61e-04 lambda=0.000 grl_lambda=0.858 v18_lambda=0.000 gpu=3.0/11.8GB
[23:02:44] [train] ep=26 step=040/40 ce=0.4941 sc=0.8182 mi=0.0678 dn=0.0000 v13=0.0008 grl=0.2652 v15=0.0000 v15r=0.0000 v16=0.0000 v17=0.0000 v18=0.0000 acc=0.9859 lr=2.60e-04 lambda=0.000 grl_lambda=0.861 v18_lambda=0.000 gpu=3.0/11.8GB
[23:02:55] [ep_summary] ep=26/100 val_live=0.8889/0.8883 val_ema=0.5185/0.5250 test77_live=0.6007/0.5705 test77_diag_ema=0.2950/0.2188 v13=0.0008 grl=0.2652 v15=0.0000 v15r=0.0000 v16=0.0000 v17=0.0000 v18=0.0000 das=fixed_full[15,140] p=1.00 ep_time=33.9s
[23:02:55] [save] best_sourceval_ema val_acc_ema=0.5185 source_val_live=0.8889/0.8883 source_val_ema=0.5185/0.5250 ep=26
[23:02:55] [train] epoch 27/100 steps=40 use_dann=0 das=fixed_full f=[15.0,140.0] p=1.00 gpu=3.0/11.8GB
[23:02:55] [train] ep=27 step=001/40 ce=0.2768 sc=1.0425 mi=0.0611 dn=0.0000 v13=0.0005 grl=0.2242 v15=0.0000 v15r=0.0000 v16=0.0000 v17=0.0000 v18=0.0000 acc=1.0000 lr=2.60e-04 lambda=0.000 grl_lambda=0.862 v18_lambda=0.000 gpu=3.0/11.8GB
[23:03:00] [train] ep=27 step=010/40 ce=0.3526 sc=0.8867 mi=0.0656 dn=0.0000 v13=0.0008 grl=0.2596 v15=0.0000 v15r=0.0000 v16=0.0000 v17=0.0000 v18=0.0000 acc=0.9938 lr=2.60e-04 lambda=0.000 grl_lambda=0.865 v18_lambda=0.000 gpu=3.0/11.8GB
[23:03:06] [train] ep=27 step=020/40 ce=0.4174 sc=0.9212 mi=0.0676 dn=0.0000 v13=0.0009 grl=0.2772 v15=0.0000 v15r=0.0000 v16=0.0000 v17=0.0000 v18=0.0000 acc=0.9906 lr=2.59e-04 lambda=0.000 grl_lambda=0.868 v18_lambda=0.000 gpu=3.0/11.8GB
[23:03:12] [train] ep=27 step=030/40 ce=0.4260 sc=0.9094 mi=0.0677 dn=0.0000 v13=0.0008 grl=0.2973 v15=0.0000 v15r=0.0000 v16=0.0000 v17=0.0000 v18=0.0000 acc=0.9917 lr=2.58e-04 lambda=0.000 grl_lambda=0.871 v18_lambda=0.000 gpu=3.0/11.8GB
[23:03:18] [train] ep=27 step=040/40 ce=0.4399 sc=0.9050 mi=0.0687 dn=0.0000 v13=0.0008 grl=0.2924 v15=0.0000 v15r=0.0000 v16=0.0000 v17=0.0000 v18=0.0000 acc=0.9906 lr=2.57e-04 lambda=0.000 grl_lambda=0.874 v18_lambda=0.000 gpu=3.0/11.8GB
[23:03:28] [ep_summary] ep=27/100 val_live=0.9630/0.9629 val_ema=0.5309/0.5374 test77_live=0.6511/0.5735 test77_diag_ema=0.3309/0.2468 v13=0.0008 grl=0.2924 v15=0.0000 v15r=0.0000 v16=0.0000 v17=0.0000 v18=0.0000 das=fixed_full[15,140] p=1.00 ep_time=33.8s
[23:03:28] [save] best_sourceval_ema val_acc_ema=0.5309 source_val_live=0.9630/0.9629 source_val_ema=0.5309/0.5374 ep=27
[23:03:28] [train] epoch 28/100 steps=40 use_dann=0 das=fixed_full f=[15.0,140.0] p=1.00 gpu=3.0/11.8GB
[23:03:29] [train] ep=28 step=001/40 ce=0.2715 sc=1.0706 mi=0.0656 dn=0.0000 v13=0.0006 grl=0.3815 v15=0.0000 v15r=0.0000 v16=0.0000 v17=0.0000 v18=0.0000 acc=1.0000 lr=2.57e-04 lambda=0.000 grl_lambda=0.874 v18_lambda=0.000 gpu=3.0/11.8GB
[23:03:34] [train] ep=28 step=010/40 ce=0.3117 sc=0.8166 mi=0.0691 dn=0.0000 v13=0.0007 grl=0.3105 v15=0.0000 v15r=0.0000 v16=0.0000 v17=0.0000 v18=0.0000 acc=1.0000 lr=2.56e-04 lambda=0.000 grl_lambda=0.877 v18_lambda=0.000 gpu=3.0/11.8GB
[23:03:40] [train] ep=28 step=020/40 ce=0.3288 sc=0.7803 mi=0.0699 dn=0.0000 v13=0.0007 grl=0.3306 v15=0.0000 v15r=0.0000 v16=0.0000 v17=0.0000 v18=0.0000 acc=0.9969 lr=2.55e-04 lambda=0.000 grl_lambda=0.880 v18_lambda=0.000 gpu=3.0/11.8GB
[23:03:46] [train] ep=28 step=030/40 ce=0.3776 sc=0.7658 mi=0.0698 dn=0.0000 v13=0.0007 grl=0.3439 v15=0.0000 v15r=0.0000 v16=0.0000 v17=0.0000 v18=0.0000 acc=0.9938 lr=2.54e-04 lambda=0.000 grl_lambda=0.882 v18_lambda=0.000 gpu=3.0/11.8GB
[23:03:52] [train] ep=28 step=040/40 ce=0.4419 sc=0.8208 mi=0.0710 dn=0.0000 v13=0.0008 grl=0.3459 v15=0.0000 v15r=0.0000 v16=0.0000 v17=0.0000 v18=0.0000 acc=0.9891 lr=2.54e-04 lambda=0.000 grl_lambda=0.885 v18_lambda=0.000 gpu=3.0/11.8GB
[23:04:02] [ep_summary] ep=28/100 val_live=0.9444/0.9447 val_ema=0.5988/0.6123 test77_live=0.6511/0.5738 test77_diag_ema=0.3777/0.2880 v13=0.0008 grl=0.3459 v15=0.0000 v15r=0.0000 v16=0.0000 v17=0.0000 v18=0.0000 das=fixed_full[15,140] p=1.00 ep_time=33.9s
[23:04:03] [save] best_sourceval_ema val_acc_ema=0.5988 source_val_live=0.9444/0.9447 source_val_ema=0.5988/0.6123 ep=28
[23:04:03] [train] epoch 29/100 steps=40 use_dann=0 das=fixed_full f=[15.0,140.0] p=1.00 gpu=3.0/11.8GB
[23:04:05] [train] ep=29 step=001/40 ce=2.0058 sc=2.2420 mi=0.0608 dn=0.0000 v13=0.0010 grl=0.2597 v15=0.0000 v15r=0.0000 v16=0.0000 v17=0.0000 v18=0.0000 acc=0.8750 lr=2.53e-04 lambda=0.000 grl_lambda=0.885 v18_lambda=0.000 gpu=3.0/11.8GB
[23:04:10] [train] ep=29 step=010/40 ce=0.5501 sc=0.9011 mi=0.0674 dn=0.0000 v13=0.0009 grl=0.3441 v15=0.0000 v15r=0.0000 v16=0.0000 v17=0.0000 v18=0.0000 acc=0.9812 lr=2.53e-04 lambda=0.000 grl_lambda=0.888 v18_lambda=0.000 gpu=3.0/11.8GB
[23:04:16] [train] ep=29 step=020/40 ce=0.5119 sc=0.8626 mi=0.0663 dn=0.0000 v13=0.0009 grl=0.3304 v15=0.0000 v15r=0.0000 v16=0.0000 v17=0.0000 v18=0.0000 acc=0.9844 lr=2.52e-04 lambda=0.000 grl_lambda=0.890 v18_lambda=0.000 gpu=3.0/11.8GB
[23:04:22] [train] ep=29 step=030/40 ce=0.4545 sc=0.8320 mi=0.0661 dn=0.0000 v13=0.0008 grl=0.3198 v15=0.0000 v15r=0.0000 v16=0.0000 v17=0.0000 v18=0.0000 acc=0.9896 lr=2.51e-04 lambda=0.000 grl_lambda=0.893 v18_lambda=0.000 gpu=3.0/11.8GB
[23:04:28] [train] ep=29 step=040/40 ce=0.4410 sc=0.8208 mi=0.0663 dn=0.0000 v13=0.0008 grl=0.3107 v15=0.0000 v15r=0.0000 v16=0.0000 v17=0.0000 v18=0.0000 acc=0.9906 lr=2.50e-04 lambda=0.000 grl_lambda=0.895 v18_lambda=0.000 gpu=3.0/11.8GB
[23:04:38] [ep_summary] ep=29/100 val_live=0.9691/0.9690 val_ema=0.6296/0.6448 test77_live=0.6906/0.6402 test77_diag_ema=0.4173/0.3207 v13=0.0008 grl=0.3107 v15=0.0000 v15r=0.0000 v16=0.0000 v17=0.0000 v18=0.0000 das=fixed_full[15,140] p=1.00 ep_time=35.9s
[23:04:39] [save] best_sourceval_ema val_acc_ema=0.6296 source_val_live=0.9691/0.9690 source_val_ema=0.6296/0.6448 ep=29
[23:04:39] [train] epoch 30/100 steps=40 use_dann=0 das=fixed_full f=[15.0,140.0] p=1.00 gpu=3.0/11.8GB
[23:04:39] [train] ep=30 step=001/40 ce=0.2687 sc=1.3499 mi=0.0866 dn=0.0000 v13=0.0009 grl=0.2909 v15=0.0000 v15r=0.0000 v16=0.0000 v17=0.0000 v18=0.0000 acc=1.0000 lr=2.50e-04 lambda=0.000 grl_lambda=0.896 v18_lambda=0.000 gpu=3.0/11.8GB
[23:04:44] [train] ep=30 step=010/40 ce=0.3848 sc=0.8828 mi=0.0700 dn=0.0000 v13=0.0008 grl=0.3230 v15=0.0000 v15r=0.0000 v16=0.0000 v17=0.0000 v18=0.0000 acc=0.9938 lr=2.49e-04 lambda=0.000 grl_lambda=0.898 v18_lambda=0.000 gpu=3.0/11.8GB
[23:04:50] [train] ep=30 step=020/40 ce=0.4662 sc=0.9299 mi=0.0697 dn=0.0000 v13=0.0007 grl=0.3243 v15=0.0000 v15r=0.0000 v16=0.0000 v17=0.0000 v18=0.0000 acc=0.9875 lr=2.48e-04 lambda=0.000 grl_lambda=0.900 v18_lambda=0.000 gpu=3.0/11.8GB
[23:04:56] [train] ep=30 step=030/40 ce=0.4403 sc=0.9342 mi=0.0689 dn=0.0000 v13=0.0007 grl=0.3154 v15=0.0000 v15r=0.0000 v16=0.0000 v17=0.0000 v18=0.0000 acc=0.9875 lr=2.47e-04 lambda=0.000 grl_lambda=0.903 v18_lambda=0.000 gpu=3.0/11.8GB
[23:05:02] [train] ep=30 step=040/40 ce=0.4575 sc=0.9710 mi=0.0694 dn=0.0000 v13=0.0007 grl=0.3152 v15=0.0000 v15r=0.0000 v16=0.0000 v17=0.0000 v18=0.0000 acc=0.9875 lr=2.46e-04 lambda=0.000 grl_lambda=0.905 v18_lambda=0.000 gpu=3.0/11.8GB
[23:05:12] [pool] check ep=030/100 source_val_acc_ema=0.6667 threshold=0.90
[23:05:12] [pool] ep=030 SKIP (source_val_acc_ema=0.6667 < 0.90)
[23:05:12] [ep_summary] ep=30/100 val_live=0.9321/0.9316 val_ema=0.6667/0.6790 test77_live=0.6187/0.5600 test77_diag_ema=0.4424/0.3411 v13=0.0007 grl=0.3152 v15=0.0000 v15r=0.0000 v16=0.0000 v17=0.0000 v18=0.0000 das=fixed_full[15,140] p=1.00 ep_time=33.8s
[23:05:12] [save] best_sourceval_ema val_acc_ema=0.6667 source_val_live=0.9321/0.9316 source_val_ema=0.6667/0.6790 ep=30
[23:05:12] [strict77_monitor] ep=30 best_source_epoch=30 source_val_ema=0.6667/0.6790 test77_ema_diag=0.4424/0.3411 sourcequalified_count=0
[23:05:12] [train] epoch 31/100 steps=40 use_dann=0 das=fixed_full f=[15.0,140.0] p=1.00 gpu=3.0/11.8GB
[23:05:13] [train] ep=31 step=001/40 ce=0.2698 sc=1.0691 mi=0.0570 dn=0.0000 v13=0.0005 grl=0.2528 v15=0.0000 v15r=0.0000 v16=0.0000 v17=0.0000 v18=0.0000 acc=1.0000 lr=2.46e-04 lambda=0.000 grl_lambda=0.905 v18_lambda=0.000 gpu=3.0/11.8GB
[23:05:18] [train] ep=31 step=010/40 ce=0.4467 sc=0.8853 mi=0.0647 dn=0.0000 v13=0.0006 grl=0.2671 v15=0.0000 v15r=0.0000 v16=0.0000 v17=0.0000 v18=0.0000 acc=0.9938 lr=2.45e-04 lambda=0.000 grl_lambda=0.907 v18_lambda=0.000 gpu=3.0/11.8GB
[23:05:24] [train] ep=31 step=020/40 ce=0.3921 sc=0.8276 mi=0.0658 dn=0.0000 v13=0.0007 grl=0.2789 v15=0.0000 v15r=0.0000 v16=0.0000 v17=0.0000 v18=0.0000 acc=0.9969 lr=2.44e-04 lambda=0.000 grl_lambda=0.909 v18_lambda=0.000 gpu=3.0/11.8GB
[23:05:30] [train] ep=31 step=030/40 ce=0.3827 sc=0.7946 mi=0.0670 dn=0.0000 v13=0.0007 grl=0.2888 v15=0.0000 v15r=0.0000 v16=0.0000 v17=0.0000 v18=0.0000 acc=0.9958 lr=2.43e-04 lambda=0.000 grl_lambda=0.911 v18_lambda=0.000 gpu=3.0/11.8GB
[23:05:36] [train] ep=31 step=040/40 ce=0.4071 sc=0.8021 mi=0.0670 dn=0.0000 v13=0.0007 grl=0.2885 v15=0.0000 v15r=0.0000 v16=0.0000 v17=0.0000 v18=0.0000 acc=0.9922 lr=2.43e-04 lambda=0.000 grl_lambda=0.914 v18_lambda=0.000 gpu=3.0/11.8GB
[23:05:46] [ep_summary] ep=31/100 val_live=0.9444/0.9451 val_ema=0.6975/0.7080 test77_live=0.6547/0.6081 test77_diag_ema=0.4712/0.3662 v13=0.0007 grl=0.2885 v15=0.0000 v15r=0.0000 v16=0.0000 v17=0.0000 v18=0.0000 das=fixed_full[15,140] p=1.00 ep_time=33.8s
[23:05:46] [save] best_sourceval_ema val_acc_ema=0.6975 source_val_live=0.9444/0.9451 source_val_ema=0.6975/0.7080 ep=31
[23:05:46] [train] epoch 32/100 steps=40 use_dann=0 das=fixed_full f=[15.0,140.0] p=1.00 gpu=3.0/11.8GB
[23:05:47] [train] ep=32 step=001/40 ce=1.1147 sc=0.7614 mi=0.0628 dn=0.0000 v13=0.0006 grl=0.3480 v15=0.0000 v15r=0.0000 v16=0.0000 v17=0.0000 v18=0.0000 acc=0.9375 lr=2.42e-04 lambda=0.000 grl_lambda=0.914 v18_lambda=0.000 gpu=3.0/11.8GB
[23:05:52] [train] ep=32 step=010/40 ce=0.4425 sc=0.7727 mi=0.0713 dn=0.0000 v13=0.0008 grl=0.3345 v15=0.0000 v15r=0.0000 v16=0.0000 v17=0.0000 v18=0.0000 acc=0.9875 lr=2.42e-04 lambda=0.000 grl_lambda=0.916 v18_lambda=0.000 gpu=3.0/11.8GB
[23:05:58] [train] ep=32 step=020/40 ce=0.4596 sc=0.8783 mi=0.0684 dn=0.0000 v13=0.0007 grl=0.2883 v15=0.0000 v15r=0.0000 v16=0.0000 v17=0.0000 v18=0.0000 acc=0.9844 lr=2.41e-04 lambda=0.000 grl_lambda=0.918 v18_lambda=0.000 gpu=3.0/11.8GB
[23:06:04] [train] ep=32 step=030/40 ce=0.4251 sc=0.8656 mi=0.0671 dn=0.0000 v13=0.0007 grl=0.2714 v15=0.0000 v15r=0.0000 v16=0.0000 v17=0.0000 v18=0.0000 acc=0.9896 lr=2.40e-04 lambda=0.000 grl_lambda=0.920 v18_lambda=0.000 gpu=3.0/11.8GB
[23:06:10] [train] ep=32 step=040/40 ce=0.3958 sc=0.8498 mi=0.0671 dn=0.0000 v13=0.0007 grl=0.2736 v15=0.0000 v15r=0.0000 v16=0.0000 v17=0.0000 v18=0.0000 acc=0.9922 lr=2.39e-04 lambda=0.000 grl_lambda=0.921 v18_lambda=0.000 gpu=3.0/11.8GB
[23:06:21] [ep_summary] ep=32/100 val_live=0.9383/0.9358 val_ema=0.7469/0.7568 test77_live=0.7662/0.7498 test77_diag_ema=0.4928/0.3893 v13=0.0007 grl=0.2736 v15=0.0000 v15r=0.0000 v16=0.0000 v17=0.0000 v18=0.0000 das=fixed_full[15,140] p=1.00 ep_time=34.5s
[23:06:21] [save] best_sourceval_ema val_acc_ema=0.7469 source_val_live=0.9383/0.9358 source_val_ema=0.7469/0.7568 ep=32
[23:06:21] [train] epoch 33/100 steps=40 use_dann=0 das=fixed_full f=[15.0,140.0] p=1.00 gpu=3.0/11.8GB
[23:06:22] [train] ep=33 step=001/40 ce=0.8403 sc=1.0743 mi=0.0728 dn=0.0000 v13=0.0011 grl=0.2887 v15=0.0000 v15r=0.0000 v16=0.0000 v17=0.0000 v18=0.0000 acc=0.9375 lr=2.39e-04 lambda=0.000 grl_lambda=0.922 v18_lambda=0.000 gpu=3.0/11.8GB
[23:06:27] [train] ep=33 step=010/40 ce=0.3431 sc=0.7317 mi=0.0663 dn=0.0000 v13=0.0007 grl=0.3087 v15=0.0000 v15r=0.0000 v16=0.0000 v17=0.0000 v18=0.0000 acc=0.9938 lr=2.38e-04 lambda=0.000 grl_lambda=0.923 v18_lambda=0.000 gpu=3.0/11.8GB
[23:06:33] [train] ep=33 step=020/40 ce=0.4192 sc=0.7769 mi=0.0660 dn=0.0000 v13=0.0008 grl=0.2977 v15=0.0000 v15r=0.0000 v16=0.0000 v17=0.0000 v18=0.0000 acc=0.9906 lr=2.37e-04 lambda=0.000 grl_lambda=0.925 v18_lambda=0.000 gpu=3.0/11.8GB
[23:06:39] [train] ep=33 step=030/40 ce=0.4470 sc=0.7946 mi=0.0657 dn=0.0000 v13=0.0007 grl=0.3007 v15=0.0000 v15r=0.0000 v16=0.0000 v17=0.0000 v18=0.0000 acc=0.9896 lr=2.36e-04 lambda=0.000 grl_lambda=0.927 v18_lambda=0.000 gpu=3.0/11.8GB
[23:06:45] [train] ep=33 step=040/40 ce=0.4575 sc=0.7866 mi=0.0661 dn=0.0000 v13=0.0008 grl=0.3037 v15=0.0000 v15r=0.0000 v16=0.0000 v17=0.0000 v18=0.0000 acc=0.9891 lr=2.35e-04 lambda=0.000 grl_lambda=0.929 v18_lambda=0.000 gpu=3.0/11.8GB
[23:06:55] [ep_summary] ep=33/100 val_live=0.9383/0.9357 val_ema=0.7716/0.7768 test77_live=0.7158/0.6668 test77_diag_ema=0.5108/0.4138 v13=0.0008 grl=0.3037 v15=0.0000 v15r=0.0000 v16=0.0000 v17=0.0000 v18=0.0000 das=fixed_full[15,140] p=1.00 ep_time=34.2s
[23:06:55] [save] best_sourceval_ema val_acc_ema=0.7716 source_val_live=0.9383/0.9357 source_val_ema=0.7716/0.7768 ep=33
[23:06:55] [train] epoch 34/100 steps=40 use_dann=0 das=fixed_full f=[15.0,140.0] p=1.00 gpu=3.0/11.8GB
[23:06:56] [train] ep=34 step=001/40 ce=0.2642 sc=0.5636 mi=0.0651 dn=0.0000 v13=0.0007 grl=0.1641 v15=0.0000 v15r=0.0000 v16=0.0000 v17=0.0000 v18=0.0000 acc=1.0000 lr=2.35e-04 lambda=0.000 grl_lambda=0.929 v18_lambda=0.000 gpu=3.0/11.8GB
[23:07:01] [train] ep=34 step=010/40 ce=0.4777 sc=0.8188 mi=0.0654 dn=0.0000 v13=0.0008 grl=0.2687 v15=0.0000 v15r=0.0000 v16=0.0000 v17=0.0000 v18=0.0000 acc=0.9812 lr=2.34e-04 lambda=0.000 grl_lambda=0.930 v18_lambda=0.000 gpu=3.0/11.8GB
[23:07:07] [train] ep=34 step=020/40 ce=0.4822 sc=0.8754 mi=0.0675 dn=0.0000 v13=0.0007 grl=0.2857 v15=0.0000 v15r=0.0000 v16=0.0000 v17=0.0000 v18=0.0000 acc=0.9812 lr=2.33e-04 lambda=0.000 grl_lambda=0.932 v18_lambda=0.000 gpu=3.0/11.8GB
[23:07:13] [train] ep=34 step=030/40 ce=0.4733 sc=0.8749 mi=0.0672 dn=0.0000 v13=0.0007 grl=0.2784 v15=0.0000 v15r=0.0000 v16=0.0000 v17=0.0000 v18=0.0000 acc=0.9833 lr=2.32e-04 lambda=0.000 grl_lambda=0.934 v18_lambda=0.000 gpu=3.0/11.8GB
[23:07:19] [train] ep=34 step=040/40 ce=0.4341 sc=0.8599 mi=0.0671 dn=0.0000 v13=0.0007 grl=0.2956 v15=0.0000 v15r=0.0000 v16=0.0000 v17=0.0000 v18=0.0000 acc=0.9875 lr=2.31e-04 lambda=0.000 grl_lambda=0.935 v18_lambda=0.000 gpu=3.0/11.8GB
[23:07:29] [ep_summary] ep=34/100 val_live=0.9383/0.9374 val_ema=0.7778/0.7838 test77_live=0.7014/0.6530 test77_diag_ema=0.5216/0.4233 v13=0.0007 grl=0.2956 v15=0.0000 v15r=0.0000 v16=0.0000 v17=0.0000 v18=0.0000 das=fixed_full[15,140] p=1.00 ep_time=34.2s
[23:07:29] [save] best_sourceval_ema val_acc_ema=0.7778 source_val_live=0.9383/0.9374 source_val_ema=0.7778/0.7838 ep=34
[23:07:29] [train] epoch 35/100 steps=40 use_dann=0 das=fixed_full f=[15.0,140.0] p=1.00 gpu=3.0/11.8GB
[23:07:30] [train] ep=35 step=001/40 ce=0.2631 sc=1.1456 mi=0.0759 dn=0.0000 v13=0.0004 grl=0.4687 v15=0.0000 v15r=0.0000 v16=0.0000 v17=0.0000 v18=0.0000 acc=1.0000 lr=2.31e-04 lambda=0.000 grl_lambda=0.935 v18_lambda=0.000 gpu=3.0/11.8GB
[23:07:35] [train] ep=35 step=010/40 ce=0.3824 sc=0.9368 mi=0.0671 dn=0.0000 v13=0.0009 grl=0.3243 v15=0.0000 v15r=0.0000 v16=0.0000 v17=0.0000 v18=0.0000 acc=0.9938 lr=2.30e-04 lambda=0.000 grl_lambda=0.937 v18_lambda=0.000 gpu=3.0/11.8GB
[23:07:41] [train] ep=35 step=020/40 ce=0.3752 sc=0.8649 mi=0.0677 dn=0.0000 v13=0.0007 grl=0.3007 v15=0.0000 v15r=0.0000 v16=0.0000 v17=0.0000 v18=0.0000 acc=0.9938 lr=2.29e-04 lambda=0.000 grl_lambda=0.938 v18_lambda=0.000 gpu=3.0/11.8GB
[23:07:47] [train] ep=35 step=030/40 ce=0.3556 sc=0.8703 mi=0.0668 dn=0.0000 v13=0.0007 grl=0.3010 v15=0.0000 v15r=0.0000 v16=0.0000 v17=0.0000 v18=0.0000 acc=0.9938 lr=2.28e-04 lambda=0.000 grl_lambda=0.940 v18_lambda=0.000 gpu=3.0/11.8GB
[23:07:53] [train] ep=35 step=040/40 ce=0.3374 sc=0.8286 mi=0.0653 dn=0.0000 v13=0.0007 grl=0.2934 v15=0.0000 v15r=0.0000 v16=0.0000 v17=0.0000 v18=0.0000 acc=0.9953 lr=2.27e-04 lambda=0.000 grl_lambda=0.941 v18_lambda=0.000 gpu=3.0/11.8GB
[23:08:03] [ep_summary] ep=35/100 val_live=0.9259/0.9238 val_ema=0.8025/0.8071 test77_live=0.7482/0.7413 test77_diag_ema=0.5360/0.4393 v13=0.0007 grl=0.2934 v15=0.0000 v15r=0.0000 v16=0.0000 v17=0.0000 v18=0.0000 das=fixed_full[15,140] p=1.00 ep_time=33.9s
[23:08:03] [save] best_sourceval_ema val_acc_ema=0.8025 source_val_live=0.9259/0.9238 source_val_ema=0.8025/0.8071 ep=35
[23:08:03] [train] epoch 36/100 steps=40 use_dann=0 das=fixed_full f=[15.0,140.0] p=1.00 gpu=3.0/11.8GB
[23:08:04] [train] ep=36 step=001/40 ce=0.2695 sc=0.9930 mi=0.0690 dn=0.0000 v13=0.0005 grl=0.3178 v15=0.0000 v15r=0.0000 v16=0.0000 v17=0.0000 v18=0.0000 acc=1.0000 lr=2.26e-04 lambda=0.000 grl_lambda=0.941 v18_lambda=0.000 gpu=3.0/11.8GB
[23:08:09] [train] ep=36 step=010/40 ce=0.3775 sc=0.8040 mi=0.0658 dn=0.0000 v13=0.0006 grl=0.2847 v15=0.0000 v15r=0.0000 v16=0.0000 v17=0.0000 v18=0.0000 acc=0.9875 lr=2.25e-04 lambda=0.000 grl_lambda=0.943 v18_lambda=0.000 gpu=3.0/11.8GB
[23:08:15] [train] ep=36 step=020/40 ce=0.3221 sc=0.7819 mi=0.0648 dn=0.0000 v13=0.0007 grl=0.2773 v15=0.0000 v15r=0.0000 v16=0.0000 v17=0.0000 v18=0.0000 acc=0.9938 lr=2.24e-04 lambda=0.000 grl_lambda=0.944 v18_lambda=0.000 gpu=3.0/11.8GB
[23:08:21] [train] ep=36 step=030/40 ce=0.3448 sc=0.8124 mi=0.0646 dn=0.0000 v13=0.0007 grl=0.2741 v15=0.0000 v15r=0.0000 v16=0.0000 v17=0.0000 v18=0.0000 acc=0.9938 lr=2.23e-04 lambda=0.000 grl_lambda=0.945 v18_lambda=0.000 gpu=3.0/11.8GB
[23:08:27] [train] ep=36 step=040/40 ce=0.3306 sc=0.8217 mi=0.0652 dn=0.0000 v13=0.0007 grl=0.2800 v15=0.0000 v15r=0.0000 v16=0.0000 v17=0.0000 v18=0.0000 acc=0.9953 lr=2.22e-04 lambda=0.000 grl_lambda=0.947 v18_lambda=0.000 gpu=3.0/11.8GB
[23:08:37] [ep_summary] ep=36/100 val_live=0.9444/0.9430 val_ema=0.8210/0.8280 test77_live=0.7194/0.7098 test77_diag_ema=0.5504/0.4588 v13=0.0007 grl=0.2800 v15=0.0000 v15r=0.0000 v16=0.0000 v17=0.0000 v18=0.0000 das=fixed_full[15,140] p=1.00 ep_time=34.0s
[23:08:37] [save] best_sourceval_ema val_acc_ema=0.8210 source_val_live=0.9444/0.9430 source_val_ema=0.8210/0.8280 ep=36
[23:08:37] [train] epoch 37/100 steps=40 use_dann=0 das=fixed_full f=[15.0,140.0] p=1.00 gpu=3.0/11.8GB
[23:08:38] [train] ep=37 step=001/40 ce=0.3028 sc=1.1625 mi=0.0654 dn=0.0000 v13=0.0006 grl=0.4175 v15=0.0000 v15r=0.0000 v16=0.0000 v17=0.0000 v18=0.0000 acc=1.0000 lr=2.22e-04 lambda=0.000 grl_lambda=0.947 v18_lambda=0.000 gpu=3.0/11.8GB
[23:08:43] [train] ep=37 step=010/40 ce=0.4135 sc=0.8615 mi=0.0650 dn=0.0000 v13=0.0005 grl=0.2854 v15=0.0000 v15r=0.0000 v16=0.0000 v17=0.0000 v18=0.0000 acc=0.9938 lr=2.21e-04 lambda=0.000 grl_lambda=0.948 v18_lambda=0.000 gpu=3.0/11.8GB
[23:08:49] [train] ep=37 step=020/40 ce=0.3747 sc=0.8933 mi=0.0673 dn=0.0000 v13=0.0006 grl=0.2883 v15=0.0000 v15r=0.0000 v16=0.0000 v17=0.0000 v18=0.0000 acc=0.9938 lr=2.20e-04 lambda=0.000 grl_lambda=0.949 v18_lambda=0.000 gpu=3.0/11.8GB
[23:08:55] [train] ep=37 step=030/40 ce=0.3957 sc=0.8821 mi=0.0672 dn=0.0000 v13=0.0006 grl=0.2736 v15=0.0000 v15r=0.0000 v16=0.0000 v17=0.0000 v18=0.0000 acc=0.9917 lr=2.19e-04 lambda=0.000 grl_lambda=0.950 v18_lambda=0.000 gpu=3.0/11.8GB
[23:09:01] [train] ep=37 step=040/40 ce=0.3715 sc=0.8700 mi=0.0673 dn=0.0000 v13=0.0006 grl=0.2913 v15=0.0000 v15r=0.0000 v16=0.0000 v17=0.0000 v18=0.0000 acc=0.9938 lr=2.18e-04 lambda=0.000 grl_lambda=0.952 v18_lambda=0.000 gpu=3.0/11.8GB
[23:09:11] [ep_summary] ep=37/100 val_live=0.9383/0.9360 val_ema=0.8272/0.8317 test77_live=0.6259/0.5668 test77_diag_ema=0.5647/0.4751 v13=0.0006 grl=0.2913 v15=0.0000 v15r=0.0000 v16=0.0000 v17=0.0000 v18=0.0000 das=fixed_full[15,140] p=1.00 ep_time=34.0s
[23:09:12] [save] best_sourceval_ema val_acc_ema=0.8272 source_val_live=0.9383/0.9360 source_val_ema=0.8272/0.8317 ep=37
[23:09:12] [train] epoch 38/100 steps=40 use_dann=0 das=fixed_full f=[15.0,140.0] p=1.00 gpu=3.0/11.8GB
[23:09:14] [train] ep=38 step=001/40 ce=0.2684 sc=0.9163 mi=0.0609 dn=0.0000 v13=0.0007 grl=0.2615 v15=0.0000 v15r=0.0000 v16=0.0000 v17=0.0000 v18=0.0000 acc=1.0000 lr=2.18e-04 lambda=0.000 grl_lambda=0.952 v18_lambda=0.000 gpu=3.0/11.8GB
[23:09:19] [train] ep=38 step=010/40 ce=0.3439 sc=0.7509 mi=0.0651 dn=0.0000 v13=0.0007 grl=0.2695 v15=0.0000 v15r=0.0000 v16=0.0000 v17=0.0000 v18=0.0000 acc=0.9938 lr=2.17e-04 lambda=0.000 grl_lambda=0.953 v18_lambda=0.000 gpu=3.0/11.8GB
[23:09:25] [train] ep=38 step=020/40 ce=0.3851 sc=0.7659 mi=0.0642 dn=0.0000 v13=0.0007 grl=0.2559 v15=0.0000 v15r=0.0000 v16=0.0000 v17=0.0000 v18=0.0000 acc=0.9906 lr=2.16e-04 lambda=0.000 grl_lambda=0.954 v18_lambda=0.000 gpu=3.0/11.8GB
[23:09:31] [train] ep=38 step=030/40 ce=0.3446 sc=0.7353 mi=0.0644 dn=0.0000 v13=0.0007 grl=0.2645 v15=0.0000 v15r=0.0000 v16=0.0000 v17=0.0000 v18=0.0000 acc=0.9938 lr=2.15e-04 lambda=0.000 grl_lambda=0.955 v18_lambda=0.000 gpu=3.0/11.8GB
[23:09:37] [train] ep=38 step=040/40 ce=0.3264 sc=0.7244 mi=0.0642 dn=0.0000 v13=0.0008 grl=0.2673 v15=0.0000 v15r=0.0000 v16=0.0000 v17=0.0000 v18=0.0000 acc=0.9953 lr=2.14e-04 lambda=0.000 grl_lambda=0.956 v18_lambda=0.000 gpu=3.0/11.8GB
[23:09:48] [ep_summary] ep=38/100 val_live=0.9444/0.9426 val_ema=0.8272/0.8317 test77_live=0.6115/0.5408 test77_diag_ema=0.5683/0.4795 v13=0.0008 grl=0.2673 v15=0.0000 v15r=0.0000 v16=0.0000 v17=0.0000 v18=0.0000 das=fixed_full[15,140] p=1.00 ep_time=36.0s
[23:09:48] [train] epoch 39/100 steps=40 use_dann=0 das=fixed_full f=[15.0,140.0] p=1.00 gpu=3.0/11.8GB
[23:09:49] [train] ep=39 step=001/40 ce=0.2617 sc=0.4538 mi=0.0630 dn=0.0000 v13=0.0004 grl=0.1842 v15=0.0000 v15r=0.0000 v16=0.0000 v17=0.0000 v18=0.0000 acc=1.0000 lr=2.14e-04 lambda=0.000 grl_lambda=0.956 v18_lambda=0.000 gpu=3.0/11.8GB
[23:09:54] [train] ep=39 step=010/40 ce=0.2855 sc=0.7689 mi=0.0634 dn=0.0000 v13=0.0008 grl=0.2929 v15=0.0000 v15r=0.0000 v16=0.0000 v17=0.0000 v18=0.0000 acc=1.0000 lr=2.13e-04 lambda=0.000 grl_lambda=0.957 v18_lambda=0.000 gpu=3.0/11.8GB
[23:10:00] [train] ep=39 step=020/40 ce=0.3093 sc=0.8364 mi=0.0643 dn=0.0000 v13=0.0008 grl=0.2777 v15=0.0000 v15r=0.0000 v16=0.0000 v17=0.0000 v18=0.0000 acc=0.9969 lr=2.11e-04 lambda=0.000 grl_lambda=0.958 v18_lambda=0.000 gpu=3.0/11.8GB
[23:10:06] [train] ep=39 step=030/40 ce=0.3127 sc=0.8357 mi=0.0634 dn=0.0000 v13=0.0008 grl=0.2727 v15=0.0000 v15r=0.0000 v16=0.0000 v17=0.0000 v18=0.0000 acc=0.9958 lr=2.10e-04 lambda=0.000 grl_lambda=0.959 v18_lambda=0.000 gpu=3.0/11.8GB
[23:10:11] [train] ep=39 step=040/40 ce=0.3118 sc=0.8138 mi=0.0641 dn=0.0000 v13=0.0007 grl=0.2753 v15=0.0000 v15r=0.0000 v16=0.0000 v17=0.0000 v18=0.0000 acc=0.9969 lr=2.09e-04 lambda=0.000 grl_lambda=0.960 v18_lambda=0.000 gpu=3.0/11.8GB
[23:10:22] [ep_summary] ep=39/100 val_live=0.9444/0.9422 val_ema=0.8580/0.8639 test77_live=0.6439/0.5971 test77_diag_ema=0.5827/0.4976 v13=0.0007 grl=0.2753 v15=0.0000 v15r=0.0000 v16=0.0000 v17=0.0000 v18=0.0000 das=fixed_full[15,140] p=1.00 ep_time=34.2s
[23:10:22] [save] best_sourceval_ema val_acc_ema=0.8580 source_val_live=0.9444/0.9422 source_val_ema=0.8580/0.8639 ep=39
[23:10:22] [train] epoch 40/100 steps=40 use_dann=0 das=fixed_full f=[15.0,140.0] p=1.00 gpu=3.0/11.8GB
[23:10:23] [train] ep=40 step=001/40 ce=1.0632 sc=1.8943 mi=0.0760 dn=0.0000 v13=0.0004 grl=0.2285 v15=0.0000 v15r=0.0000 v16=0.0000 v17=0.0000 v18=0.0000 acc=0.9375 lr=2.09e-04 lambda=0.000 grl_lambda=0.960 v18_lambda=0.000 gpu=3.0/11.8GB
[23:10:28] [train] ep=40 step=010/40 ce=0.3476 sc=0.7565 mi=0.0632 dn=0.0000 v13=0.0008 grl=0.2333 v15=0.0000 v15r=0.0000 v16=0.0000 v17=0.0000 v18=0.0000 acc=0.9938 lr=2.08e-04 lambda=0.000 grl_lambda=0.961 v18_lambda=0.000 gpu=3.0/11.8GB
[23:10:34] [train] ep=40 step=020/40 ce=0.3140 sc=0.7941 mi=0.0647 dn=0.0000 v13=0.0007 grl=0.2483 v15=0.0000 v15r=0.0000 v16=0.0000 v17=0.0000 v18=0.0000 acc=0.9969 lr=2.07e-04 lambda=0.000 grl_lambda=0.962 v18_lambda=0.000 gpu=3.0/11.8GB
[23:10:40] [train] ep=40 step=030/40 ce=0.3012 sc=0.8113 mi=0.0659 dn=0.0000 v13=0.0007 grl=0.2704 v15=0.0000 v15r=0.0000 v16=0.0000 v17=0.0000 v18=0.0000 acc=0.9979 lr=2.06e-04 lambda=0.000 grl_lambda=0.963 v18_lambda=0.000 gpu=3.0/11.8GB
[23:10:46] [train] ep=40 step=040/40 ce=0.3140 sc=0.8404 mi=0.0670 dn=0.0000 v13=0.0007 grl=0.2831 v15=0.0000 v15r=0.0000 v16=0.0000 v17=0.0000 v18=0.0000 acc=0.9969 lr=2.05e-04 lambda=0.000 grl_lambda=0.964 v18_lambda=0.000 gpu=3.0/11.8GB
[23:10:56] [pool] check ep=040/100 source_val_acc_ema=0.8765 threshold=0.90
[23:10:56] [pool] ep=040 SKIP (source_val_acc_ema=0.8765 < 0.90)
[23:10:56] [ep_summary] ep=40/100 val_live=0.9198/0.9151 val_ema=0.8765/0.8809 test77_live=0.6547/0.6125 test77_diag_ema=0.5935/0.5103 v13=0.0007 grl=0.2831 v15=0.0000 v15r=0.0000 v16=0.0000 v17=0.0000 v18=0.0000 das=fixed_full[15,140] p=1.00 ep_time=34.2s
[23:10:56] [save] best_sourceval_ema val_acc_ema=0.8765 source_val_live=0.9198/0.9151 source_val_ema=0.8765/0.8809 ep=40
[23:10:56] [strict77_monitor] ep=40 best_source_epoch=40 source_val_ema=0.8765/0.8809 test77_ema_diag=0.5935/0.5103 sourcequalified_count=0
[23:10:56] [train] epoch 41/100 steps=40 use_dann=0 das=fixed_full f=[15.0,140.0] p=1.00 gpu=3.0/11.8GB
[23:10:57] [train] ep=41 step=001/40 ce=0.2971 sc=0.6241 mi=0.0568 dn=0.0000 v13=0.0006 grl=0.1402 v15=0.0000 v15r=0.0000 v16=0.0000 v17=0.0000 v18=0.0000 acc=1.0000 lr=2.05e-04 lambda=0.000 grl_lambda=0.964 v18_lambda=0.000 gpu=3.0/11.8GB
[23:11:02] [train] ep=41 step=010/40 ce=0.2663 sc=0.6872 mi=0.0588 dn=0.0000 v13=0.0006 grl=0.2792 v15=0.0000 v15r=0.0000 v16=0.0000 v17=0.0000 v18=0.0000 acc=1.0000 lr=2.04e-04 lambda=0.000 grl_lambda=0.965 v18_lambda=0.000 gpu=3.0/11.8GB
[23:11:08] [train] ep=41 step=020/40 ce=0.3158 sc=0.7546 mi=0.0617 dn=0.0000 v13=0.0007 grl=0.2716 v15=0.0000 v15r=0.0000 v16=0.0000 v17=0.0000 v18=0.0000 acc=0.9969 lr=2.02e-04 lambda=0.000 grl_lambda=0.966 v18_lambda=0.000 gpu=3.0/11.8GB
[23:11:14] [train] ep=41 step=030/40 ce=0.3179 sc=0.7713 mi=0.0642 dn=0.0000 v13=0.0007 grl=0.2887 v15=0.0000 v15r=0.0000 v16=0.0000 v17=0.0000 v18=0.0000 acc=0.9958 lr=2.01e-04 lambda=0.000 grl_lambda=0.967 v18_lambda=0.000 gpu=3.0/11.8GB
[23:11:20] [train] ep=41 step=040/40 ce=0.3237 sc=0.7461 mi=0.0644 dn=0.0000 v13=0.0007 grl=0.2813 v15=0.0000 v15r=0.0000 v16=0.0000 v17=0.0000 v18=0.0000 acc=0.9953 lr=2.00e-04 lambda=0.000 grl_lambda=0.967 v18_lambda=0.000 gpu=3.0/11.8GB
[23:11:31] [ep_summary] ep=41/100 val_live=0.9506/0.9489 val_ema=0.8889/0.8918 test77_live=0.6295/0.5493 test77_diag_ema=0.6043/0.5218 v13=0.0007 grl=0.2813 v15=0.0000 v15r=0.0000 v16=0.0000 v17=0.0000 v18=0.0000 das=fixed_full[15,140] p=1.00 ep_time=34.6s
[23:11:31] [save] best_sourceval_ema val_acc_ema=0.8889 source_val_live=0.9506/0.9489 source_val_ema=0.8889/0.8918 ep=41
[23:11:31] [train] epoch 42/100 steps=40 use_dann=0 das=fixed_full f=[15.0,140.0] p=1.00 gpu=3.0/11.8GB
[23:11:32] [train] ep=42 step=001/40 ce=0.2603 sc=0.6148 mi=0.0579 dn=0.0000 v13=0.0007 grl=0.2400 v15=0.0000 v15r=0.0000 v16=0.0000 v17=0.0000 v18=0.0000 acc=1.0000 lr=2.00e-04 lambda=0.000 grl_lambda=0.967 v18_lambda=0.000 gpu=3.0/11.8GB
[23:11:37] [train] ep=42 step=010/40 ce=0.2778 sc=0.7476 mi=0.0648 dn=0.0000 v13=0.0007 grl=0.2735 v15=0.0000 v15r=0.0000 v16=0.0000 v17=0.0000 v18=0.0000 acc=1.0000 lr=1.99e-04 lambda=0.000 grl_lambda=0.968 v18_lambda=0.000 gpu=3.0/11.8GB
[23:11:43] [train] ep=42 step=020/40 ce=0.2702 sc=0.7183 mi=0.0654 dn=0.0000 v13=0.0008 grl=0.2837 v15=0.0000 v15r=0.0000 v16=0.0000 v17=0.0000 v18=0.0000 acc=1.0000 lr=1.98e-04 lambda=0.000 grl_lambda=0.969 v18_lambda=0.000 gpu=3.0/11.8GB
[23:11:49] [train] ep=42 step=030/40 ce=0.2753 sc=0.7458 mi=0.0647 dn=0.0000 v13=0.0007 grl=0.2778 v15=0.0000 v15r=0.0000 v16=0.0000 v17=0.0000 v18=0.0000 acc=1.0000 lr=1.97e-04 lambda=0.000 grl_lambda=0.970 v18_lambda=0.000 gpu=3.0/11.8GB
[23:11:54] [train] ep=42 step=040/40 ce=0.2724 sc=0.7632 mi=0.0638 dn=0.0000 v13=0.0007 grl=0.2807 v15=0.0000 v15r=0.0000 v16=0.0000 v17=0.0000 v18=0.0000 acc=1.0000 lr=1.96e-04 lambda=0.000 grl_lambda=0.970 v18_lambda=0.000 gpu=3.0/11.8GB
[23:12:05] [ep_summary] ep=42/100 val_live=0.9444/0.9423 val_ema=0.8951/0.8978 test77_live=0.6727/0.6252 test77_diag_ema=0.6151/0.5349 v13=0.0007 grl=0.2807 v15=0.0000 v15r=0.0000 v16=0.0000 v17=0.0000 v18=0.0000 das=fixed_full[15,140] p=1.00 ep_time=34.4s
[23:12:05] [save] best_sourceval_ema val_acc_ema=0.8951 source_val_live=0.9444/0.9423 source_val_ema=0.8951/0.8978 ep=42
[23:12:05] [train] epoch 43/100 steps=40 use_dann=0 das=fixed_full f=[15.0,140.0] p=1.00 gpu=3.0/11.8GB
[23:12:06] [train] ep=43 step=001/40 ce=0.2620 sc=0.6238 mi=0.0664 dn=0.0000 v13=0.0004 grl=0.1667 v15=0.0000 v15r=0.0000 v16=0.0000 v17=0.0000 v18=0.0000 acc=1.0000 lr=1.95e-04 lambda=0.000 grl_lambda=0.970 v18_lambda=0.000 gpu=3.0/11.8GB
[23:12:11] [train] ep=43 step=010/40 ce=0.3104 sc=0.7669 mi=0.0636 dn=0.0000 v13=0.0005 grl=0.2531 v15=0.0000 v15r=0.0000 v16=0.0000 v17=0.0000 v18=0.0000 acc=0.9938 lr=1.94e-04 lambda=0.000 grl_lambda=0.971 v18_lambda=0.000 gpu=3.0/11.8GB
[23:12:17] [train] ep=43 step=020/40 ce=0.2854 sc=0.7964 mi=0.0643 dn=0.0000 v13=0.0006 grl=0.2652 v15=0.0000 v15r=0.0000 v16=0.0000 v17=0.0000 v18=0.0000 acc=0.9969 lr=1.93e-04 lambda=0.000 grl_lambda=0.972 v18_lambda=0.000 gpu=3.0/11.8GB
[23:12:23] [train] ep=43 step=030/40 ce=0.3297 sc=0.8469 mi=0.0636 dn=0.0000 v13=0.0006 grl=0.2688 v15=0.0000 v15r=0.0000 v16=0.0000 v17=0.0000 v18=0.0000 acc=0.9938 lr=1.92e-04 lambda=0.000 grl_lambda=0.972 v18_lambda=0.000 gpu=3.0/11.8GB
[23:12:29] [train] ep=43 step=040/40 ce=0.3171 sc=0.8091 mi=0.0633 dn=0.0000 v13=0.0006 grl=0.2685 v15=0.0000 v15r=0.0000 v16=0.0000 v17=0.0000 v18=0.0000 acc=0.9953 lr=1.91e-04 lambda=0.000 grl_lambda=0.973 v18_lambda=0.000 gpu=3.0/11.8GB
[23:12:39] [ep_summary] ep=43/100 val_live=0.9444/0.9427 val_ema=0.9074/0.9093 test77_live=0.7014/0.6619 test77_diag_ema=0.6223/0.5430 v13=0.0006 grl=0.2685 v15=0.0000 v15r=0.0000 v16=0.0000 v17=0.0000 v18=0.0000 das=fixed_full[15,140] p=1.00 ep_time=34.2s
[23:12:39] [save] best_sourceval_ema val_acc_ema=0.9074 source_val_live=0.9444/0.9427 source_val_ema=0.9074/0.9093 ep=43
[23:12:40] [save] best_sourcequalified77_ema ep=43 source_val_live=0.9444/0.9427 source_val_ema=0.9074/0.9093 test77_ema=0.6223/0.5430
[23:12:40] [train] epoch 44/100 steps=40 use_dann=0 das=fixed_full f=[15.0,140.0] p=1.00 gpu=3.0/11.8GB
[23:12:40] [train] ep=44 step=001/40 ce=0.7385 sc=0.6643 mi=0.0764 dn=0.0000 v13=0.0005 grl=0.2797 v15=0.0000 v15r=0.0000 v16=0.0000 v17=0.0000 v18=0.0000 acc=0.9375 lr=1.91e-04 lambda=0.000 grl_lambda=0.973 v18_lambda=0.000 gpu=3.0/11.8GB
[23:12:45] [train] ep=44 step=010/40 ce=0.3822 sc=0.8173 mi=0.0653 dn=0.0000 v13=0.0006 grl=0.2955 v15=0.0000 v15r=0.0000 v16=0.0000 v17=0.0000 v18=0.0000 acc=0.9875 lr=1.90e-04 lambda=0.000 grl_lambda=0.974 v18_lambda=0.000 gpu=3.0/11.8GB
[23:12:51] [train] ep=44 step=020/40 ce=0.3681 sc=0.8615 mi=0.0656 dn=0.0000 v13=0.0006 grl=0.3047 v15=0.0000 v15r=0.0000 v16=0.0000 v17=0.0000 v18=0.0000 acc=0.9906 lr=1.89e-04 lambda=0.000 grl_lambda=0.974 v18_lambda=0.000 gpu=3.0/11.8GB
[23:12:57] [train] ep=44 step=030/40 ce=0.3356 sc=0.8028 mi=0.0653 dn=0.0000 v13=0.0006 grl=0.2899 v15=0.0000 v15r=0.0000 v16=0.0000 v17=0.0000 v18=0.0000 acc=0.9938 lr=1.87e-04 lambda=0.000 grl_lambda=0.975 v18_lambda=0.000 gpu=3.0/11.8GB
[23:13:03] [train] ep=44 step=040/40 ce=0.3305 sc=0.7817 mi=0.0658 dn=0.0000 v13=0.0006 grl=0.2829 v15=0.0000 v15r=0.0000 v16=0.0000 v17=0.0000 v18=0.0000 acc=0.9953 lr=1.86e-04 lambda=0.000 grl_lambda=0.976 v18_lambda=0.000 gpu=3.0/11.8GB
[23:13:14] [ep_summary] ep=44/100 val_live=0.9444/0.9430 val_ema=0.9074/0.9086 test77_live=0.6403/0.5914 test77_diag_ema=0.6295/0.5482 v13=0.0006 grl=0.2829 v15=0.0000 v15r=0.0000 v16=0.0000 v17=0.0000 v18=0.0000 das=fixed_full[15,140] p=1.00 ep_time=34.1s
[23:13:14] [save] best_sourcequalified77_ema ep=44 source_val_live=0.9444/0.9430 source_val_ema=0.9074/0.9086 test77_ema=0.6295/0.5482
[23:13:14] [train] epoch 45/100 steps=40 use_dann=0 das=fixed_full f=[15.0,140.0] p=1.00 gpu=3.0/11.8GB
[23:13:14] [train] ep=45 step=001/40 ce=0.2624 sc=1.0860 mi=0.0755 dn=0.0000 v13=0.0008 grl=0.2267 v15=0.0000 v15r=0.0000 v16=0.0000 v17=0.0000 v18=0.0000 acc=1.0000 lr=1.86e-04 lambda=0.000 grl_lambda=0.976 v18_lambda=0.000 gpu=3.0/11.8GB
[23:13:20] [train] ep=45 step=010/40 ce=0.2727 sc=0.7891 mi=0.0680 dn=0.0000 v13=0.0006 grl=0.2537 v15=0.0000 v15r=0.0000 v16=0.0000 v17=0.0000 v18=0.0000 acc=1.0000 lr=1.85e-04 lambda=0.000 grl_lambda=0.976 v18_lambda=0.000 gpu=3.0/11.8GB
[23:13:25] [train] ep=45 step=020/40 ce=0.3451 sc=0.7841 mi=0.0672 dn=0.0000 v13=0.0006 grl=0.2728 v15=0.0000 v15r=0.0000 v16=0.0000 v17=0.0000 v18=0.0000 acc=0.9938 lr=1.84e-04 lambda=0.000 grl_lambda=0.977 v18_lambda=0.000 gpu=3.0/11.8GB
[23:13:31] [train] ep=45 step=030/40 ce=0.3543 sc=0.8226 mi=0.0666 dn=0.0000 v13=0.0006 grl=0.2832 v15=0.0000 v15r=0.0000 v16=0.0000 v17=0.0000 v18=0.0000 acc=0.9938 lr=1.83e-04 lambda=0.000 grl_lambda=0.977 v18_lambda=0.000 gpu=3.0/11.8GB
[23:13:37] [train] ep=45 step=040/40 ce=0.3318 sc=0.8244 mi=0.0666 dn=0.0000 v13=0.0006 grl=0.2940 v15=0.0000 v15r=0.0000 v16=0.0000 v17=0.0000 v18=0.0000 acc=0.9953 lr=1.81e-04 lambda=0.000 grl_lambda=0.978 v18_lambda=0.000 gpu=3.0/11.8GB
[23:13:48] [ep_summary] ep=45/100 val_live=0.9444/0.9446 val_ema=0.9198/0.9200 test77_live=0.7230/0.6902 test77_diag_ema=0.6331/0.5547 v13=0.0006 grl=0.2940 v15=0.0000 v15r=0.0000 v16=0.0000 v17=0.0000 v18=0.0000 das=fixed_full[15,140] p=1.00 ep_time=34.2s
[23:13:48] [save] best_sourceval_ema val_acc_ema=0.9198 source_val_live=0.9444/0.9446 source_val_ema=0.9198/0.9200 ep=45
[23:13:48] [save] best_sourcequalified77_ema ep=45 source_val_live=0.9444/0.9446 source_val_ema=0.9198/0.9200 test77_ema=0.6331/0.5547
[23:13:48] [train] epoch 46/100 steps=40 use_dann=0 das=fixed_full f=[15.0,140.0] p=1.00 gpu=3.0/11.8GB
[23:13:49] [train] ep=46 step=001/40 ce=0.2585 sc=0.6197 mi=0.0641 dn=0.0000 v13=0.0003 grl=0.2953 v15=0.0000 v15r=0.0000 v16=0.0000 v17=0.0000 v18=0.0000 acc=1.0000 lr=1.81e-04 lambda=0.000 grl_lambda=0.978 v18_lambda=0.000 gpu=3.0/11.8GB
[23:13:54] [train] ep=46 step=010/40 ce=0.2656 sc=0.8013 mi=0.0634 dn=0.0000 v13=0.0005 grl=0.2867 v15=0.0000 v15r=0.0000 v16=0.0000 v17=0.0000 v18=0.0000 acc=1.0000 lr=1.80e-04 lambda=0.000 grl_lambda=0.979 v18_lambda=0.000 gpu=3.0/11.8GB
[23:14:00] [train] ep=46 step=020/40 ce=0.2716 sc=0.8389 mi=0.0642 dn=0.0000 v13=0.0006 grl=0.2919 v15=0.0000 v15r=0.0000 v16=0.0000 v17=0.0000 v18=0.0000 acc=1.0000 lr=1.79e-04 lambda=0.000 grl_lambda=0.979 v18_lambda=0.000 gpu=3.0/11.8GB
[23:14:06] [train] ep=46 step=030/40 ce=0.2715 sc=0.8251 mi=0.0637 dn=0.0000 v13=0.0006 grl=0.2868 v15=0.0000 v15r=0.0000 v16=0.0000 v17=0.0000 v18=0.0000 acc=1.0000 lr=1.78e-04 lambda=0.000 grl_lambda=0.980 v18_lambda=0.000 gpu=3.0/11.8GB
[23:14:11] [train] ep=46 step=040/40 ce=0.2882 sc=0.8371 mi=0.0636 dn=0.0000 v13=0.0006 grl=0.2835 v15=0.0000 v15r=0.0000 v16=0.0000 v17=0.0000 v18=0.0000 acc=0.9984 lr=1.77e-04 lambda=0.000 grl_lambda=0.980 v18_lambda=0.000 gpu=3.0/11.8GB
[23:14:22] [ep_summary] ep=46/100 val_live=0.9259/0.9256 val_ema=0.9259/0.9256 test77_live=0.7014/0.6630 test77_diag_ema=0.6331/0.5554 v13=0.0006 grl=0.2835 v15=0.0000 v15r=0.0000 v16=0.0000 v17=0.0000 v18=0.0000 das=fixed_full[15,140] p=1.00 ep_time=34.5s
[23:14:23] [save] best_sourceval_ema val_acc_ema=0.9259 source_val_live=0.9259/0.9256 source_val_ema=0.9259/0.9256 ep=46
[23:14:23] [save] best_sourcequalified77_ema ep=46 source_val_live=0.9259/0.9256 source_val_ema=0.9259/0.9256 test77_ema=0.6331/0.5554
[23:14:23] [train] epoch 47/100 steps=40 use_dann=0 das=fixed_full f=[15.0,140.0] p=1.00 gpu=3.0/11.8GB
[23:14:23] [train] ep=47 step=001/40 ce=1.1972 sc=1.4309 mi=0.0753 dn=0.0000 v13=0.0006 grl=0.3333 v15=0.0000 v15r=0.0000 v16=0.0000 v17=0.0000 v18=0.0000 acc=0.9375 lr=1.77e-04 lambda=0.000 grl_lambda=0.980 v18_lambda=0.000 gpu=3.0/11.8GB
[23:14:29] [train] ep=47 step=010/40 ce=0.5406 sc=1.1097 mi=0.0674 dn=0.0000 v13=0.0006 grl=0.2861 v15=0.0000 v15r=0.0000 v16=0.0000 v17=0.0000 v18=0.0000 acc=0.9875 lr=1.76e-04 lambda=0.000 grl_lambda=0.981 v18_lambda=0.000 gpu=3.0/11.8GB
[23:14:35] [train] ep=47 step=020/40 ce=0.4104 sc=1.0006 mi=0.0663 dn=0.0000 v13=0.0006 grl=0.2898 v15=0.0000 v15r=0.0000 v16=0.0000 v17=0.0000 v18=0.0000 acc=0.9938 lr=1.74e-04 lambda=0.000 grl_lambda=0.981 v18_lambda=0.000 gpu=3.0/11.8GB
[23:14:40] [train] ep=47 step=030/40 ce=0.4111 sc=0.9408 mi=0.0651 dn=0.0000 v13=0.0006 grl=0.2876 v15=0.0000 v15r=0.0000 v16=0.0000 v17=0.0000 v18=0.0000 acc=0.9917 lr=1.73e-04 lambda=0.000 grl_lambda=0.981 v18_lambda=0.000 gpu=3.0/11.8GB
[23:14:46] [train] ep=47 step=040/40 ce=0.3819 sc=0.8850 mi=0.0656 dn=0.0000 v13=0.0006 grl=0.2906 v15=0.0000 v15r=0.0000 v16=0.0000 v17=0.0000 v18=0.0000 acc=0.9938 lr=1.72e-04 lambda=0.000 grl_lambda=0.982 v18_lambda=0.000 gpu=3.0/11.8GB
[23:14:57] [ep_summary] ep=47/100 val_live=0.9383/0.9348 val_ema=0.9259/0.9256 test77_live=0.7122/0.6623 test77_diag_ema=0.6331/0.5559 v13=0.0006 grl=0.2906 v15=0.0000 v15r=0.0000 v16=0.0000 v17=0.0000 v18=0.0000 das=fixed_full[15,140] p=1.00 ep_time=34.7s
[23:14:57] [save] best_sourcequalified77_ema ep=47 source_val_live=0.9383/0.9348 source_val_ema=0.9259/0.9256 test77_ema=0.6331/0.5559
[23:14:57] [train] epoch 48/100 steps=40 use_dann=0 das=fixed_full f=[15.0,140.0] p=1.00 gpu=3.0/11.8GB
[23:14:58] [train] ep=48 step=001/40 ce=0.2708 sc=0.7394 mi=0.0586 dn=0.0000 v13=0.0004 grl=0.2640 v15=0.0000 v15r=0.0000 v16=0.0000 v17=0.0000 v18=0.0000 acc=1.0000 lr=1.72e-04 lambda=0.000 grl_lambda=0.982 v18_lambda=0.000 gpu=3.0/11.8GB
[23:15:03] [train] ep=48 step=010/40 ce=0.2959 sc=0.7744 mi=0.0634 dn=0.0000 v13=0.0006 grl=0.2682 v15=0.0000 v15r=0.0000 v16=0.0000 v17=0.0000 v18=0.0000 acc=1.0000 lr=1.71e-04 lambda=0.000 grl_lambda=0.982 v18_lambda=0.000 gpu=3.0/11.8GB
[23:15:09] [train] ep=48 step=020/40 ce=0.3705 sc=0.7584 mi=0.0638 dn=0.0000 v13=0.0006 grl=0.2762 v15=0.0000 v15r=0.0000 v16=0.0000 v17=0.0000 v18=0.0000 acc=0.9969 lr=1.69e-04 lambda=0.000 grl_lambda=0.983 v18_lambda=0.000 gpu=3.0/11.8GB
[23:15:15] [train] ep=48 step=030/40 ce=0.3428 sc=0.7717 mi=0.0649 dn=0.0000 v13=0.0006 grl=0.2747 v15=0.0000 v15r=0.0000 v16=0.0000 v17=0.0000 v18=0.0000 acc=0.9979 lr=1.68e-04 lambda=0.000 grl_lambda=0.983 v18_lambda=0.000 gpu=3.0/11.8GB
[23:15:21] [train] ep=48 step=040/40 ce=0.3306 sc=0.7685 mi=0.0646 dn=0.0000 v13=0.0006 grl=0.2727 v15=0.0000 v15r=0.0000 v16=0.0000 v17=0.0000 v18=0.0000 acc=0.9984 lr=1.67e-04 lambda=0.000 grl_lambda=0.984 v18_lambda=0.000 gpu=3.0/11.8GB
[23:15:32] [ep_summary] ep=48/100 val_live=0.9568/0.9563 val_ema=0.9383/0.9375 test77_live=0.6367/0.5753 test77_diag_ema=0.6367/0.5608 v13=0.0006 grl=0.2727 v15=0.0000 v15r=0.0000 v16=0.0000 v17=0.0000 v18=0.0000 das=fixed_full[15,140] p=1.00 ep_time=34.3s
[23:15:32] [save] best_sourceval_ema val_acc_ema=0.9383 source_val_live=0.9568/0.9563 source_val_ema=0.9383/0.9375 ep=48
[23:15:32] [save] best_sourcequalified77_ema ep=48 source_val_live=0.9568/0.9563 source_val_ema=0.9383/0.9375 test77_ema=0.6367/0.5608
[23:15:32] [train] epoch 49/100 steps=40 use_dann=0 das=fixed_full f=[15.0,140.0] p=1.00 gpu=3.0/11.8GB
[23:15:32] [train] ep=49 step=001/40 ce=0.2621 sc=0.8123 mi=0.0723 dn=0.0000 v13=0.0005 grl=0.4820 v15=0.0000 v15r=0.0000 v16=0.0000 v17=0.0000 v18=0.0000 acc=1.0000 lr=1.67e-04 lambda=0.000 grl_lambda=0.984 v18_lambda=0.000 gpu=3.0/11.8GB
[23:15:38] [train] ep=49 step=010/40 ce=0.4655 sc=0.8060 mi=0.0643 dn=0.0000 v13=0.0007 grl=0.3205 v15=0.0000 v15r=0.0000 v16=0.0000 v17=0.0000 v18=0.0000 acc=0.9875 lr=1.66e-04 lambda=0.000 grl_lambda=0.984 v18_lambda=0.000 gpu=3.0/11.8GB
[23:15:43] [train] ep=49 step=020/40 ce=0.3635 sc=0.7715 mi=0.0673 dn=0.0000 v13=0.0007 grl=0.3115 v15=0.0000 v15r=0.0000 v16=0.0000 v17=0.0000 v18=0.0000 acc=0.9938 lr=1.65e-04 lambda=0.000 grl_lambda=0.984 v18_lambda=0.000 gpu=3.0/11.8GB
[23:15:49] [train] ep=49 step=030/40 ce=0.4075 sc=0.8193 mi=0.0665 dn=0.0000 v13=0.0007 grl=0.2904 v15=0.0000 v15r=0.0000 v16=0.0000 v17=0.0000 v18=0.0000 acc=0.9896 lr=1.63e-04 lambda=0.000 grl_lambda=0.985 v18_lambda=0.000 gpu=3.0/11.8GB
[23:15:55] [train] ep=49 step=040/40 ce=0.3728 sc=0.8402 mi=0.0670 dn=0.0000 v13=0.0007 grl=0.2857 v15=0.0000 v15r=0.0000 v16=0.0000 v17=0.0000 v18=0.0000 acc=0.9922 lr=1.62e-04 lambda=0.000 grl_lambda=0.985 v18_lambda=0.000 gpu=3.0/11.8GB
[23:16:06] [ep_summary] ep=49/100 val_live=0.9321/0.9294 val_ema=0.9383/0.9373 test77_live=0.6871/0.6496 test77_diag_ema=0.6439/0.5720 v13=0.0007 grl=0.2857 v15=0.0000 v15r=0.0000 v16=0.0000 v17=0.0000 v18=0.0000 das=fixed_full[15,140] p=1.00 ep_time=34.2s
[23:16:06] [save] best_sourcequalified77_ema ep=49 source_val_live=0.9321/0.9294 source_val_ema=0.9383/0.9373 test77_ema=0.6439/0.5720
[23:16:06] [train] epoch 50/100 steps=40 use_dann=0 das=fixed_full f=[15.0,140.0] p=1.00 gpu=3.0/11.8GB
[23:16:07] [train] ep=50 step=001/40 ce=0.3337 sc=0.6259 mi=0.0597 dn=0.0000 v13=0.0006 grl=0.3092 v15=0.0000 v15r=0.0000 v16=0.0000 v17=0.0000 v18=0.0000 acc=1.0000 lr=1.62e-04 lambda=0.000 grl_lambda=0.985 v18_lambda=0.000 gpu=3.0/11.8GB
[23:16:12] [train] ep=50 step=010/40 ce=0.2801 sc=0.8089 mi=0.0659 dn=0.0000 v13=0.0006 grl=0.2875 v15=0.0000 v15r=0.0000 v16=0.0000 v17=0.0000 v18=0.0000 acc=1.0000 lr=1.61e-04 lambda=0.000 grl_lambda=0.986 v18_lambda=0.000 gpu=3.0/11.8GB
[23:16:18] [train] ep=50 step=020/40 ce=0.2904 sc=0.7809 mi=0.0671 dn=0.0000 v13=0.0006 grl=0.2702 v15=0.0000 v15r=0.0000 v16=0.0000 v17=0.0000 v18=0.0000 acc=1.0000 lr=1.60e-04 lambda=0.000 grl_lambda=0.986 v18_lambda=0.000 gpu=3.0/11.8GB
[23:16:24] [train] ep=50 step=030/40 ce=0.2968 sc=0.7814 mi=0.0662 dn=0.0000 v13=0.0006 grl=0.2697 v15=0.0000 v15r=0.0000 v16=0.0000 v17=0.0000 v18=0.0000 acc=1.0000 lr=1.59e-04 lambda=0.000 grl_lambda=0.986 v18_lambda=0.000 gpu=3.0/11.8GB
[23:16:29] [train] ep=50 step=040/40 ce=0.3247 sc=0.8087 mi=0.0661 dn=0.0000 v13=0.0006 grl=0.2838 v15=0.0000 v15r=0.0000 v16=0.0000 v17=0.0000 v18=0.0000 acc=0.9984 lr=1.57e-04 lambda=0.000 grl_lambda=0.987 v18_lambda=0.000 gpu=3.0/11.8GB
[23:16:40] [pool] check ep=050/100 source_val_acc_ema=0.9383 threshold=0.90
[23:16:45] [pool] ep=050 ADDED src_val=0.9383/0.9373 dev77=0.6000/0.5446 final77=0.6439/0.5708
[23:16:45] [pool] running best ep=050 dev77_f1=0.5446 final77_f1=0.5708 (pool_size=1)
[23:16:45] [ep_summary] ep=50/100 val_live=0.9136/0.9070 val_ema=0.9383/0.9373 test77_live=0.6655/0.6328 test77_diag_ema=0.6439/0.5708 v13=0.0006 grl=0.2838 v15=0.0000 v15r=0.0000 v16=0.0000 v17=0.0000 v18=0.0000 das=fixed_full[15,140] p=1.00 ep_time=39.4s
[23:16:45] [strict77_monitor] ep=50 best_source_epoch=48 source_val_ema=0.9383/0.9375 test77_ema_diag=0.6367/0.5608 sourcequalified_count=8 best_sourcequalified77_epoch=49 source_val_ema=0.9383/0.9373 test77_ema=0.6439/0.5720
[23:16:45] [train] epoch 51/100 steps=40 use_dann=0 das=fixed_full f=[15.0,140.0] p=1.00 gpu=3.0/11.8GB
[23:16:46] [train] ep=51 step=001/40 ce=0.2597 sc=1.3641 mi=0.0674 dn=0.0000 v13=0.0005 grl=0.2375 v15=0.0000 v15r=0.0000 v16=0.0000 v17=0.0000 v18=0.0000 acc=1.0000 lr=1.57e-04 lambda=0.000 grl_lambda=0.987 v18_lambda=0.000 gpu=3.0/11.8GB
[23:16:51] [train] ep=51 step=010/40 ce=0.2835 sc=0.8815 mi=0.0693 dn=0.0000 v13=0.0006 grl=0.2840 v15=0.0000 v15r=0.0000 v16=0.0000 v17=0.0000 v18=0.0000 acc=1.0000 lr=1.56e-04 lambda=0.000 grl_lambda=0.987 v18_lambda=0.000 gpu=3.0/11.8GB
[23:16:57] [train] ep=51 step=020/40 ce=0.3151 sc=0.8618 mi=0.0649 dn=0.0000 v13=0.0006 grl=0.2818 v15=0.0000 v15r=0.0000 v16=0.0000 v17=0.0000 v18=0.0000 acc=0.9969 lr=1.55e-04 lambda=0.000 grl_lambda=0.987 v18_lambda=0.000 gpu=3.0/11.8GB
[23:17:03] [train] ep=51 step=030/40 ce=0.3732 sc=0.9559 mi=0.0649 dn=0.0000 v13=0.0006 grl=0.2792 v15=0.0000 v15r=0.0000 v16=0.0000 v17=0.0000 v18=0.0000 acc=0.9938 lr=1.54e-04 lambda=0.000 grl_lambda=0.988 v18_lambda=0.000 gpu=3.0/11.8GB
[23:17:09] [train] ep=51 step=040/40 ce=0.3518 sc=0.9254 mi=0.0646 dn=0.0000 v13=0.0006 grl=0.2753 v15=0.0000 v15r=0.0000 v16=0.0000 v17=0.0000 v18=0.0000 acc=0.9953 lr=1.53e-04 lambda=0.000 grl_lambda=0.988 v18_lambda=0.000 gpu=3.0/11.8GB
[23:17:19] [ep_summary] ep=51/100 val_live=0.9444/0.9429 val_ema=0.9383/0.9373 test77_live=0.6871/0.6387 test77_diag_ema=0.6511/0.5828 v13=0.0006 grl=0.2753 v15=0.0000 v15r=0.0000 v16=0.0000 v17=0.0000 v18=0.0000 das=fixed_full[15,140] p=1.00 ep_time=34.2s
[23:17:20] [save] best_sourcequalified77_ema ep=51 source_val_live=0.9444/0.9429 source_val_ema=0.9383/0.9373 test77_ema=0.6511/0.5828
[23:17:20] [train] epoch 52/100 steps=40 use_dann=0 das=fixed_full f=[15.0,140.0] p=1.00 gpu=3.0/11.8GB
[23:17:20] [train] ep=52 step=001/40 ce=0.2641 sc=0.5616 mi=0.0678 dn=0.0000 v13=0.0012 grl=0.3560 v15=0.0000 v15r=0.0000 v16=0.0000 v17=0.0000 v18=0.0000 acc=1.0000 lr=1.52e-04 lambda=0.000 grl_lambda=0.988 v18_lambda=0.000 gpu=3.0/11.8GB
[23:17:25] [train] ep=52 step=010/40 ce=0.3188 sc=0.7254 mi=0.0656 dn=0.0000 v13=0.0007 grl=0.2771 v15=0.0000 v15r=0.0000 v16=0.0000 v17=0.0000 v18=0.0000 acc=0.9938 lr=1.51e-04 lambda=0.000 grl_lambda=0.988 v18_lambda=0.000 gpu=3.0/11.8GB
[23:17:31] [train] ep=52 step=020/40 ce=0.3825 sc=0.7245 mi=0.0678 dn=0.0000 v13=0.0006 grl=0.2978 v15=0.0000 v15r=0.0000 v16=0.0000 v17=0.0000 v18=0.0000 acc=0.9875 lr=1.50e-04 lambda=0.000 grl_lambda=0.988 v18_lambda=0.000 gpu=3.0/11.8GB
[23:17:37] [train] ep=52 step=030/40 ce=0.3929 sc=0.7828 mi=0.0670 dn=0.0000 v13=0.0006 grl=0.2950 v15=0.0000 v15r=0.0000 v16=0.0000 v17=0.0000 v18=0.0000 acc=0.9875 lr=1.49e-04 lambda=0.000 grl_lambda=0.989 v18_lambda=0.000 gpu=3.0/11.8GB
[23:17:43] [train] ep=52 step=040/40 ce=0.3729 sc=0.7999 mi=0.0660 dn=0.0000 v13=0.0006 grl=0.2819 v15=0.0000 v15r=0.0000 v16=0.0000 v17=0.0000 v18=0.0000 acc=0.9906 lr=1.48e-04 lambda=0.000 grl_lambda=0.989 v18_lambda=0.000 gpu=3.0/11.8GB
[23:17:54] [ep_summary] ep=52/100 val_live=0.9259/0.9223 val_ema=0.9444/0.9436 test77_live=0.6655/0.6277 test77_diag_ema=0.6583/0.5940 v13=0.0006 grl=0.2819 v15=0.0000 v15r=0.0000 v16=0.0000 v17=0.0000 v18=0.0000 das=fixed_full[15,140] p=1.00 ep_time=34.1s
[23:17:54] [save] best_sourceval_ema val_acc_ema=0.9444 source_val_live=0.9259/0.9223 source_val_ema=0.9444/0.9436 ep=52
[23:17:54] [save] best_sourcequalified77_ema ep=52 source_val_live=0.9259/0.9223 source_val_ema=0.9444/0.9436 test77_ema=0.6583/0.5940
[23:17:54] [train] epoch 53/100 steps=40 use_dann=0 das=fixed_full f=[15.0,140.0] p=1.00 gpu=3.0/11.8GB
[23:17:54] [train] ep=53 step=001/40 ce=0.2615 sc=0.9373 mi=0.0667 dn=0.0000 v13=0.0003 grl=0.3551 v15=0.0000 v15r=0.0000 v16=0.0000 v17=0.0000 v18=0.0000 acc=1.0000 lr=1.48e-04 lambda=0.000 grl_lambda=0.989 v18_lambda=0.000 gpu=3.0/11.8GB
[23:18:00] [train] ep=53 step=010/40 ce=0.3784 sc=0.8272 mi=0.0659 dn=0.0000 v13=0.0008 grl=0.3093 v15=0.0000 v15r=0.0000 v16=0.0000 v17=0.0000 v18=0.0000 acc=0.9938 lr=1.46e-04 lambda=0.000 grl_lambda=0.989 v18_lambda=0.000 gpu=3.0/11.8GB
[23:18:05] [train] ep=53 step=020/40 ce=0.3824 sc=0.7804 mi=0.0657 dn=0.0000 v13=0.0007 grl=0.2930 v15=0.0000 v15r=0.0000 v16=0.0000 v17=0.0000 v18=0.0000 acc=0.9938 lr=1.45e-04 lambda=0.000 grl_lambda=0.990 v18_lambda=0.000 gpu=3.0/11.8GB
[23:18:11] [train] ep=53 step=030/40 ce=0.3621 sc=0.7655 mi=0.0648 dn=0.0000 v13=0.0007 grl=0.2880 v15=0.0000 v15r=0.0000 v16=0.0000 v17=0.0000 v18=0.0000 acc=0.9958 lr=1.44e-04 lambda=0.000 grl_lambda=0.990 v18_lambda=0.000 gpu=3.0/11.8GB
[23:18:17] [train] ep=53 step=040/40 ce=0.3376 sc=0.7663 mi=0.0639 dn=0.0000 v13=0.0007 grl=0.2810 v15=0.0000 v15r=0.0000 v16=0.0000 v17=0.0000 v18=0.0000 acc=0.9969 lr=1.43e-04 lambda=0.000 grl_lambda=0.990 v18_lambda=0.000 gpu=3.0/11.8GB
[23:18:28] [ep_summary] ep=53/100 val_live=0.9321/0.9273 val_ema=0.9444/0.9436 test77_live=0.6727/0.6386 test77_diag_ema=0.6583/0.5958 v13=0.0007 grl=0.2810 v15=0.0000 v15r=0.0000 v16=0.0000 v17=0.0000 v18=0.0000 das=fixed_full[15,140] p=1.00 ep_time=34.1s
[23:18:28] [save] best_sourcequalified77_ema ep=53 source_val_live=0.9321/0.9273 source_val_ema=0.9444/0.9436 test77_ema=0.6583/0.5958
[23:18:28] [train] epoch 54/100 steps=40 use_dann=0 das=fixed_full f=[15.0,140.0] p=1.00 gpu=3.0/11.8GB
[23:18:29] [train] ep=54 step=001/40 ce=0.2589 sc=1.0827 mi=0.0632 dn=0.0000 v13=0.0015 grl=0.1588 v15=0.0000 v15r=0.0000 v16=0.0000 v17=0.0000 v18=0.0000 acc=1.0000 lr=1.43e-04 lambda=0.000 grl_lambda=0.990 v18_lambda=0.000 gpu=3.0/11.8GB
[23:18:34] [train] ep=54 step=010/40 ce=0.3597 sc=0.9428 mi=0.0679 dn=0.0000 v13=0.0008 grl=0.2642 v15=0.0000 v15r=0.0000 v16=0.0000 v17=0.0000 v18=0.0000 acc=0.9938 lr=1.42e-04 lambda=0.000 grl_lambda=0.990 v18_lambda=0.000 gpu=3.0/11.8GB
[23:18:40] [train] ep=54 step=020/40 ce=0.3187 sc=0.8417 mi=0.0659 dn=0.0000 v13=0.0007 grl=0.2621 v15=0.0000 v15r=0.0000 v16=0.0000 v17=0.0000 v18=0.0000 acc=0.9969 lr=1.40e-04 lambda=0.000 grl_lambda=0.991 v18_lambda=0.000 gpu=3.0/11.8GB
[23:18:46] [train] ep=54 step=030/40 ce=0.3068 sc=0.8056 mi=0.0647 dn=0.0000 v13=0.0006 grl=0.2675 v15=0.0000 v15r=0.0000 v16=0.0000 v17=0.0000 v18=0.0000 acc=0.9979 lr=1.39e-04 lambda=0.000 grl_lambda=0.991 v18_lambda=0.000 gpu=3.0/11.8GB
[23:18:51] [train] ep=54 step=040/40 ce=0.3035 sc=0.7920 mi=0.0644 dn=0.0000 v13=0.0006 grl=0.2602 v15=0.0000 v15r=0.0000 v16=0.0000 v17=0.0000 v18=0.0000 acc=0.9984 lr=1.38e-04 lambda=0.000 grl_lambda=0.991 v18_lambda=0.000 gpu=3.0/11.8GB
[23:19:02] [ep_summary] ep=54/100 val_live=0.9383/0.9365 val_ema=0.9444/0.9436 test77_live=0.6223/0.5460 test77_diag_ema=0.6655/0.6024 v13=0.0006 grl=0.2602 v15=0.0000 v15r=0.0000 v16=0.0000 v17=0.0000 v18=0.0000 das=fixed_full[15,140] p=1.00 ep_time=34.1s
[23:19:02] [save] best_sourcequalified77_ema ep=54 source_val_live=0.9383/0.9365 source_val_ema=0.9444/0.9436 test77_ema=0.6655/0.6024
[23:19:02] [train] epoch 55/100 steps=40 use_dann=0 das=fixed_full f=[15.0,140.0] p=1.00 gpu=3.0/11.8GB
[23:19:03] [train] ep=55 step=001/40 ce=0.3363 sc=0.6561 mi=0.0558 dn=0.0000 v13=0.0006 grl=0.3410 v15=0.0000 v15r=0.0000 v16=0.0000 v17=0.0000 v18=0.0000 acc=1.0000 lr=1.38e-04 lambda=0.000 grl_lambda=0.991 v18_lambda=0.000 gpu=3.0/11.8GB
[23:19:08] [train] ep=55 step=010/40 ce=0.2684 sc=0.7305 mi=0.0635 dn=0.0000 v13=0.0006 grl=0.2625 v15=0.0000 v15r=0.0000 v16=0.0000 v17=0.0000 v18=0.0000 acc=1.0000 lr=1.37e-04 lambda=0.000 grl_lambda=0.991 v18_lambda=0.000 gpu=3.0/11.8GB
[23:19:14] [train] ep=55 step=020/40 ce=0.3021 sc=0.7700 mi=0.0652 dn=0.0000 v13=0.0006 grl=0.2781 v15=0.0000 v15r=0.0000 v16=0.0000 v17=0.0000 v18=0.0000 acc=0.9969 lr=1.36e-04 lambda=0.000 grl_lambda=0.991 v18_lambda=0.000 gpu=3.0/11.8GB
[23:19:20] [train] ep=55 step=030/40 ce=0.2881 sc=0.7686 mi=0.0651 dn=0.0000 v13=0.0006 grl=0.2729 v15=0.0000 v15r=0.0000 v16=0.0000 v17=0.0000 v18=0.0000 acc=0.9979 lr=1.34e-04 lambda=0.000 grl_lambda=0.992 v18_lambda=0.000 gpu=3.0/11.8GB
[23:19:26] [train] ep=55 step=040/40 ce=0.3072 sc=0.8309 mi=0.0650 dn=0.0000 v13=0.0006 grl=0.2770 v15=0.0000 v15r=0.0000 v16=0.0000 v17=0.0000 v18=0.0000 acc=0.9969 lr=1.33e-04 lambda=0.000 grl_lambda=0.992 v18_lambda=0.000 gpu=3.0/11.8GB
[23:19:36] [ep_summary] ep=55/100 val_live=0.9259/0.9222 val_ema=0.9444/0.9436 test77_live=0.6475/0.6045 test77_diag_ema=0.6691/0.6060 v13=0.0006 grl=0.2770 v15=0.0000 v15r=0.0000 v16=0.0000 v17=0.0000 v18=0.0000 das=fixed_full[15,140] p=1.00 ep_time=34.2s
[23:19:36] [save] best_sourcequalified77_ema ep=55 source_val_live=0.9259/0.9222 source_val_ema=0.9444/0.9436 test77_ema=0.6691/0.6060
[23:19:36] [train] epoch 56/100 steps=40 use_dann=0 das=fixed_full f=[15.0,140.0] p=1.00 gpu=3.0/11.8GB
[23:19:37] [train] ep=56 step=001/40 ce=0.2623 sc=0.7595 mi=0.0607 dn=0.0000 v13=0.0004 grl=0.2286 v15=0.0000 v15r=0.0000 v16=0.0000 v17=0.0000 v18=0.0000 acc=1.0000 lr=1.33e-04 lambda=0.000 grl_lambda=0.992 v18_lambda=0.000 gpu=3.0/11.8GB
[23:19:42] [train] ep=56 step=010/40 ce=0.2601 sc=0.9396 mi=0.0595 dn=0.0000 v13=0.0004 grl=0.2437 v15=0.0000 v15r=0.0000 v16=0.0000 v17=0.0000 v18=0.0000 acc=1.0000 lr=1.32e-04 lambda=0.000 grl_lambda=0.992 v18_lambda=0.000 gpu=3.0/11.8GB
[23:19:48] [train] ep=56 step=020/40 ce=0.2604 sc=0.8030 mi=0.0611 dn=0.0000 v13=0.0005 grl=0.2695 v15=0.0000 v15r=0.0000 v16=0.0000 v17=0.0000 v18=0.0000 acc=1.0000 lr=1.31e-04 lambda=0.000 grl_lambda=0.992 v18_lambda=0.000 gpu=3.0/11.8GB
[23:19:54] [train] ep=56 step=030/40 ce=0.2613 sc=0.7695 mi=0.0619 dn=0.0000 v13=0.0006 grl=0.2715 v15=0.0000 v15r=0.0000 v16=0.0000 v17=0.0000 v18=0.0000 acc=1.0000 lr=1.30e-04 lambda=0.000 grl_lambda=0.992 v18_lambda=0.000 gpu=3.0/11.8GB
[23:20:00] [train] ep=56 step=040/40 ce=0.2772 sc=0.7888 mi=0.0623 dn=0.0000 v13=0.0006 grl=0.2780 v15=0.0000 v15r=0.0000 v16=0.0000 v17=0.0000 v18=0.0000 acc=0.9984 lr=1.28e-04 lambda=0.000 grl_lambda=0.993 v18_lambda=0.000 gpu=3.0/11.8GB
[23:20:11] [ep_summary] ep=56/100 val_live=0.9136/0.9074 val_ema=0.9444/0.9436 test77_live=0.6439/0.5975 test77_diag_ema=0.6763/0.6144 v13=0.0006 grl=0.2780 v15=0.0000 v15r=0.0000 v16=0.0000 v17=0.0000 v18=0.0000 das=fixed_full[15,140] p=1.00 ep_time=34.5s
[23:20:11] [save] best_sourcequalified77_ema ep=56 source_val_live=0.9136/0.9074 source_val_ema=0.9444/0.9436 test77_ema=0.6763/0.6144
[23:20:11] [train] epoch 57/100 steps=40 use_dann=0 das=fixed_full f=[15.0,140.0] p=1.00 gpu=3.0/11.8GB
[23:20:12] [train] ep=57 step=001/40 ce=0.7601 sc=0.9218 mi=0.0632 dn=0.0000 v13=0.0009 grl=0.4275 v15=0.0000 v15r=0.0000 v16=0.0000 v17=0.0000 v18=0.0000 acc=0.9375 lr=1.28e-04 lambda=0.000 grl_lambda=0.993 v18_lambda=0.000 gpu=3.0/11.8GB
[23:20:17] [train] ep=57 step=010/40 ce=0.3873 sc=0.7993 mi=0.0634 dn=0.0000 v13=0.0005 grl=0.2859 v15=0.0000 v15r=0.0000 v16=0.0000 v17=0.0000 v18=0.0000 acc=0.9875 lr=1.27e-04 lambda=0.000 grl_lambda=0.993 v18_lambda=0.000 gpu=3.0/11.8GB
[23:20:23] [train] ep=57 step=020/40 ce=0.3626 sc=0.8095 mi=0.0628 dn=0.0000 v13=0.0006 grl=0.2760 v15=0.0000 v15r=0.0000 v16=0.0000 v17=0.0000 v18=0.0000 acc=0.9906 lr=1.26e-04 lambda=0.000 grl_lambda=0.993 v18_lambda=0.000 gpu=3.0/11.8GB
[23:20:29] [train] ep=57 step=030/40 ce=0.3471 sc=0.8095 mi=0.0629 dn=0.0000 v13=0.0006 grl=0.2785 v15=0.0000 v15r=0.0000 v16=0.0000 v17=0.0000 v18=0.0000 acc=0.9938 lr=1.25e-04 lambda=0.000 grl_lambda=0.993 v18_lambda=0.000 gpu=3.0/11.8GB
[23:20:35] [train] ep=57 step=040/40 ce=0.3473 sc=0.8105 mi=0.0635 dn=0.0000 v13=0.0006 grl=0.2798 v15=0.0000 v15r=0.0000 v16=0.0000 v17=0.0000 v18=0.0000 acc=0.9938 lr=1.24e-04 lambda=0.000 grl_lambda=0.993 v18_lambda=0.000 gpu=3.0/11.8GB
[23:20:45] [ep_summary] ep=57/100 val_live=0.9259/0.9233 val_ema=0.9444/0.9436 test77_live=0.6439/0.5721 test77_diag_ema=0.6763/0.6148 v13=0.0006 grl=0.2798 v15=0.0000 v15r=0.0000 v16=0.0000 v17=0.0000 v18=0.0000 das=fixed_full[15,140] p=1.00 ep_time=34.1s
[23:20:45] [save] best_sourcequalified77_ema ep=57 source_val_live=0.9259/0.9233 source_val_ema=0.9444/0.9436 test77_ema=0.6763/0.6148
[23:20:45] [train] epoch 58/100 steps=40 use_dann=0 das=fixed_full f=[15.0,140.0] p=1.00 gpu=3.0/11.8GB
[23:20:46] [train] ep=58 step=001/40 ce=0.6328 sc=0.9877 mi=0.0698 dn=0.0000 v13=0.0006 grl=0.3777 v15=0.0000 v15r=0.0000 v16=0.0000 v17=0.0000 v18=0.0000 acc=0.9375 lr=1.23e-04 lambda=0.000 grl_lambda=0.993 v18_lambda=0.000 gpu=3.0/11.8GB
[23:20:51] [train] ep=58 step=010/40 ce=0.3548 sc=0.7754 mi=0.0663 dn=0.0000 v13=0.0006 grl=0.2751 v15=0.0000 v15r=0.0000 v16=0.0000 v17=0.0000 v18=0.0000 acc=0.9875 lr=1.22e-04 lambda=0.000 grl_lambda=0.993 v18_lambda=0.000 gpu=3.0/11.8GB
[23:20:57] [train] ep=58 step=020/40 ce=0.3171 sc=0.7422 mi=0.0647 dn=0.0000 v13=0.0006 grl=0.2649 v15=0.0000 v15r=0.0000 v16=0.0000 v17=0.0000 v18=0.0000 acc=0.9938 lr=1.21e-04 lambda=0.000 grl_lambda=0.994 v18_lambda=0.000 gpu=3.0/11.8GB
[23:21:03] [train] ep=58 step=030/40 ce=0.3477 sc=0.8026 mi=0.0653 dn=0.0000 v13=0.0006 grl=0.2705 v15=0.0000 v15r=0.0000 v16=0.0000 v17=0.0000 v18=0.0000 acc=0.9917 lr=1.20e-04 lambda=0.000 grl_lambda=0.994 v18_lambda=0.000 gpu=3.0/11.8GB
[23:21:09] [train] ep=58 step=040/40 ce=0.3566 sc=0.8028 mi=0.0660 dn=0.0000 v13=0.0005 grl=0.2685 v15=0.0000 v15r=0.0000 v16=0.0000 v17=0.0000 v18=0.0000 acc=0.9922 lr=1.19e-04 lambda=0.000 grl_lambda=0.994 v18_lambda=0.000 gpu=3.0/11.8GB
[23:21:19] [ep_summary] ep=58/100 val_live=0.9383/0.9368 val_ema=0.9383/0.9369 test77_live=0.7194/0.7019 test77_diag_ema=0.6763/0.6212 v13=0.0005 grl=0.2685 v15=0.0000 v15r=0.0000 v16=0.0000 v17=0.0000 v18=0.0000 das=fixed_full[15,140] p=1.00 ep_time=33.9s
[23:21:19] [save] best_sourcequalified77_ema ep=58 source_val_live=0.9383/0.9368 source_val_ema=0.9383/0.9369 test77_ema=0.6763/0.6212
[23:21:19] [train] epoch 59/100 steps=40 use_dann=0 das=fixed_full f=[15.0,140.0] p=1.00 gpu=3.0/11.8GB
[23:21:20] [train] ep=59 step=001/40 ce=0.2617 sc=1.0850 mi=0.0617 dn=0.0000 v13=0.0005 grl=0.2688 v15=0.0000 v15r=0.0000 v16=0.0000 v17=0.0000 v18=0.0000 acc=1.0000 lr=1.19e-04 lambda=0.000 grl_lambda=0.994 v18_lambda=0.000 gpu=3.0/11.8GB
[23:21:25] [train] ep=59 step=010/40 ce=0.3845 sc=0.9097 mi=0.0616 dn=0.0000 v13=0.0006 grl=0.2659 v15=0.0000 v15r=0.0000 v16=0.0000 v17=0.0000 v18=0.0000 acc=0.9938 lr=1.18e-04 lambda=0.000 grl_lambda=0.994 v18_lambda=0.000 gpu=3.0/11.8GB
[23:21:31] [train] ep=59 step=020/40 ce=0.3265 sc=0.8861 mi=0.0638 dn=0.0000 v13=0.0006 grl=0.2747 v15=0.0000 v15r=0.0000 v16=0.0000 v17=0.0000 v18=0.0000 acc=0.9969 lr=1.16e-04 lambda=0.000 grl_lambda=0.994 v18_lambda=0.000 gpu=3.0/11.8GB
[23:21:37] [train] ep=59 step=030/40 ce=0.3265 sc=0.8702 mi=0.0649 dn=0.0000 v13=0.0006 grl=0.2779 v15=0.0000 v15r=0.0000 v16=0.0000 v17=0.0000 v18=0.0000 acc=0.9958 lr=1.15e-04 lambda=0.000 grl_lambda=0.994 v18_lambda=0.000 gpu=3.0/11.8GB
[23:21:43] [train] ep=59 step=040/40 ce=0.3198 sc=0.8467 mi=0.0649 dn=0.0000 v13=0.0006 grl=0.2836 v15=0.0000 v15r=0.0000 v16=0.0000 v17=0.0000 v18=0.0000 acc=0.9953 lr=1.14e-04 lambda=0.000 grl_lambda=0.995 v18_lambda=0.000 gpu=3.0/11.8GB
[23:22:12] [ep_summary] ep=59/100 val_live=0.9383/0.9370 val_ema=0.9383/0.9369 test77_live=0.6906/0.6583 test77_diag_ema=0.6835/0.6293 v13=0.0006 grl=0.2836 v15=0.0000 v15r=0.0000 v16=0.0000 v17=0.0000 v18=0.0000 das=fixed_full[15,140] p=1.00 ep_time=53.3s
[23:22:13] [save] best_sourcequalified77_ema ep=59 source_val_live=0.9383/0.9370 source_val_ema=0.9383/0.9369 test77_ema=0.6835/0.6293
[23:22:13] [train] epoch 60/100 steps=40 use_dann=0 das=fixed_full f=[15.0,140.0] p=1.00 gpu=3.0/11.8GB
[23:22:13] [train] ep=60 step=001/40 ce=0.2566 sc=0.4224 mi=0.0629 dn=0.0000 v13=0.0007 grl=0.3164 v15=0.0000 v15r=0.0000 v16=0.0000 v17=0.0000 v18=0.0000 acc=1.0000 lr=1.14e-04 lambda=0.000 grl_lambda=0.995 v18_lambda=0.000 gpu=3.0/11.8GB
[23:22:19] [train] ep=60 step=010/40 ce=0.3449 sc=0.7535 mi=0.0602 dn=0.0000 v13=0.0005 grl=0.2246 v15=0.0000 v15r=0.0000 v16=0.0000 v17=0.0000 v18=0.0000 acc=0.9938 lr=1.13e-04 lambda=0.000 grl_lambda=0.995 v18_lambda=0.000 gpu=3.0/11.8GB
[23:22:25] [train] ep=60 step=020/40 ce=0.3181 sc=0.7922 mi=0.0624 dn=0.0000 v13=0.0005 grl=0.2475 v15=0.0000 v15r=0.0000 v16=0.0000 v17=0.0000 v18=0.0000 acc=0.9969 lr=1.12e-04 lambda=0.000 grl_lambda=0.995 v18_lambda=0.000 gpu=3.0/11.8GB
[23:22:30] [train] ep=60 step=030/40 ce=0.3520 sc=0.8196 mi=0.0643 dn=0.0000 v13=0.0005 grl=0.2546 v15=0.0000 v15r=0.0000 v16=0.0000 v17=0.0000 v18=0.0000 acc=0.9938 lr=1.11e-04 lambda=0.000 grl_lambda=0.995 v18_lambda=0.000 gpu=3.0/11.8GB
[23:22:36] [train] ep=60 step=040/40 ce=0.3360 sc=0.7897 mi=0.0637 dn=0.0000 v13=0.0005 grl=0.2642 v15=0.0000 v15r=0.0000 v16=0.0000 v17=0.0000 v18=0.0000 acc=0.9953 lr=1.09e-04 lambda=0.000 grl_lambda=0.995 v18_lambda=0.000 gpu=3.0/11.8GB
[23:22:47] [pool] check ep=060/100 source_val_acc_ema=0.9383 threshold=0.90
[23:22:52] [pool] ep=060 ADDED src_val=0.9383/0.9369 dev77=0.6286/0.5816 final77=0.6906/0.6362
[23:22:52] [pool] running best ep=060 dev77_f1=0.5816 final77_f1=0.6362 (pool_size=2)
[23:22:52] [ep_summary] ep=60/100 val_live=0.9444/0.9444 val_ema=0.9383/0.9369 test77_live=0.7122/0.6803 test77_diag_ema=0.6906/0.6362 v13=0.0005 grl=0.2642 v15=0.0000 v15r=0.0000 v16=0.0000 v17=0.0000 v18=0.0000 das=fixed_full[15,140] p=1.00 ep_time=39.8s
[23:22:52] [save] best_sourcequalified77_ema ep=60 source_val_live=0.9444/0.9444 source_val_ema=0.9383/0.9369 test77_ema=0.6906/0.6362
[23:22:52] [strict77_monitor] ep=60 best_source_epoch=52 source_val_ema=0.9444/0.9436 test77_ema_diag=0.6583/0.5940 sourcequalified_count=18 best_sourcequalified77_epoch=60 source_val_ema=0.9383/0.9369 test77_ema=0.6906/0.6362
[23:22:52] [train] epoch 61/100 steps=40 use_dann=0 das=fixed_full f=[15.0,140.0] p=1.00 gpu=3.0/11.8GB
[23:22:53] [train] ep=61 step=001/40 ce=0.2584 sc=0.8784 mi=0.0635 dn=0.0000 v13=0.0010 grl=0.3622 v15=0.0000 v15r=0.0000 v16=0.0000 v17=0.0000 v18=0.0000 acc=1.0000 lr=1.09e-04 lambda=0.000 grl_lambda=0.995 v18_lambda=0.000 gpu=3.0/11.8GB
[23:22:58] [train] ep=61 step=010/40 ce=0.3663 sc=0.9097 mi=0.0652 dn=0.0000 v13=0.0006 grl=0.2818 v15=0.0000 v15r=0.0000 v16=0.0000 v17=0.0000 v18=0.0000 acc=0.9938 lr=1.08e-04 lambda=0.000 grl_lambda=0.995 v18_lambda=0.000 gpu=3.0/11.8GB
[23:23:04] [train] ep=61 step=020/40 ce=0.3195 sc=0.8249 mi=0.0636 dn=0.0000 v13=0.0006 grl=0.2755 v15=0.0000 v15r=0.0000 v16=0.0000 v17=0.0000 v18=0.0000 acc=0.9969 lr=1.07e-04 lambda=0.000 grl_lambda=0.995 v18_lambda=0.000 gpu=3.0/11.8GB
[23:23:10] [train] ep=61 step=030/40 ce=0.3084 sc=0.8081 mi=0.0638 dn=0.0000 v13=0.0005 grl=0.2664 v15=0.0000 v15r=0.0000 v16=0.0000 v17=0.0000 v18=0.0000 acc=0.9979 lr=1.06e-04 lambda=0.000 grl_lambda=0.995 v18_lambda=0.000 gpu=3.0/11.8GB
[23:23:16] [train] ep=61 step=040/40 ce=0.3154 sc=0.8099 mi=0.0642 dn=0.0000 v13=0.0005 grl=0.2729 v15=0.0000 v15r=0.0000 v16=0.0000 v17=0.0000 v18=0.0000 acc=0.9969 lr=1.05e-04 lambda=0.000 grl_lambda=0.996 v18_lambda=0.000 gpu=3.0/11.8GB
[23:23:27] [ep_summary] ep=61/100 val_live=0.9259/0.9222 val_ema=0.9383/0.9369 test77_live=0.6906/0.6528 test77_diag_ema=0.6906/0.6362 v13=0.0005 grl=0.2729 v15=0.0000 v15r=0.0000 v16=0.0000 v17=0.0000 v18=0.0000 das=fixed_full[15,140] p=1.00 ep_time=34.3s
[23:23:27] [train] epoch 62/100 steps=40 use_dann=0 das=fixed_full f=[15.0,140.0] p=1.00 gpu=3.0/11.8GB
[23:23:27] [train] ep=62 step=001/40 ce=0.2665 sc=0.6251 mi=0.0594 dn=0.0000 v13=0.0003 grl=0.1780 v15=0.0000 v15r=0.0000 v16=0.0000 v17=0.0000 v18=0.0000 acc=1.0000 lr=1.05e-04 lambda=0.000 grl_lambda=0.996 v18_lambda=0.000 gpu=3.0/11.8GB
[23:23:33] [train] ep=62 step=010/40 ce=0.3483 sc=0.9812 mi=0.0631 dn=0.0000 v13=0.0005 grl=0.2242 v15=0.0000 v15r=0.0000 v16=0.0000 v17=0.0000 v18=0.0000 acc=0.9938 lr=1.04e-04 lambda=0.000 grl_lambda=0.996 v18_lambda=0.000 gpu=3.0/11.8GB
[23:23:38] [train] ep=62 step=020/40 ce=0.3454 sc=0.8525 mi=0.0618 dn=0.0000 v13=0.0005 grl=0.2399 v15=0.0000 v15r=0.0000 v16=0.0000 v17=0.0000 v18=0.0000 acc=0.9938 lr=1.02e-04 lambda=0.000 grl_lambda=0.996 v18_lambda=0.000 gpu=3.0/11.8GB
[23:23:44] [train] ep=62 step=030/40 ce=0.3217 sc=0.7880 mi=0.0623 dn=0.0000 v13=0.0006 grl=0.2525 v15=0.0000 v15r=0.0000 v16=0.0000 v17=0.0000 v18=0.0000 acc=0.9958 lr=1.01e-04 lambda=0.000 grl_lambda=0.996 v18_lambda=0.000 gpu=3.0/11.8GB
[23:23:50] [train] ep=62 step=040/40 ce=0.3073 sc=0.7715 mi=0.0625 dn=0.0000 v13=0.0005 grl=0.2608 v15=0.0000 v15r=0.0000 v16=0.0000 v17=0.0000 v18=0.0000 acc=0.9969 lr=1.00e-04 lambda=0.000 grl_lambda=0.996 v18_lambda=0.000 gpu=3.0/11.8GB
[23:24:01] [ep_summary] ep=62/100 val_live=0.9259/0.9241 val_ema=0.9383/0.9366 test77_live=0.6978/0.6430 test77_diag_ema=0.6906/0.6362 v13=0.0005 grl=0.2608 v15=0.0000 v15r=0.0000 v16=0.0000 v17=0.0000 v18=0.0000 das=fixed_full[15,140] p=1.00 ep_time=34.4s
[23:24:01] [train] epoch 63/100 steps=40 use_dann=0 das=fixed_full f=[15.0,140.0] p=1.00 gpu=3.0/11.8GB
[23:24:02] [train] ep=63 step=001/40 ce=0.2795 sc=0.4252 mi=0.0681 dn=0.0000 v13=0.0005 grl=0.2447 v15=0.0000 v15r=0.0000 v16=0.0000 v17=0.0000 v18=0.0000 acc=1.0000 lr=1.00e-04 lambda=0.000 grl_lambda=0.996 v18_lambda=0.000 gpu=3.0/11.8GB
[23:24:07] [train] ep=63 step=010/40 ce=0.2977 sc=0.5824 mi=0.0641 dn=0.0000 v13=0.0006 grl=0.2352 v15=0.0000 v15r=0.0000 v16=0.0000 v17=0.0000 v18=0.0000 acc=1.0000 lr=9.89e-05 lambda=0.000 grl_lambda=0.996 v18_lambda=0.000 gpu=3.0/11.8GB
[23:24:13] [train] ep=63 step=020/40 ce=0.2842 sc=0.6916 mi=0.0653 dn=0.0000 v13=0.0006 grl=0.2527 v15=0.0000 v15r=0.0000 v16=0.0000 v17=0.0000 v18=0.0000 acc=1.0000 lr=9.78e-05 lambda=0.000 grl_lambda=0.996 v18_lambda=0.000 gpu=3.0/11.8GB
[23:24:19] [train] ep=63 step=030/40 ce=0.2773 sc=0.7203 mi=0.0645 dn=0.0000 v13=0.0006 grl=0.2556 v15=0.0000 v15r=0.0000 v16=0.0000 v17=0.0000 v18=0.0000 acc=1.0000 lr=9.67e-05 lambda=0.000 grl_lambda=0.996 v18_lambda=0.000 gpu=3.0/11.8GB
[23:24:25] [train] ep=63 step=040/40 ce=0.2898 sc=0.7213 mi=0.0643 dn=0.0000 v13=0.0006 grl=0.2514 v15=0.0000 v15r=0.0000 v16=0.0000 v17=0.0000 v18=0.0000 acc=0.9984 lr=9.55e-05 lambda=0.000 grl_lambda=0.996 v18_lambda=0.000 gpu=3.0/11.8GB
[23:24:35] [ep_summary] ep=63/100 val_live=0.9383/0.9370 val_ema=0.9383/0.9366 test77_live=0.7338/0.6971 test77_diag_ema=0.6942/0.6398 v13=0.0006 grl=0.2514 v15=0.0000 v15r=0.0000 v16=0.0000 v17=0.0000 v18=0.0000 das=fixed_full[15,140] p=1.00 ep_time=34.2s
[23:24:35] [save] best_sourcequalified77_ema ep=63 source_val_live=0.9383/0.9370 source_val_ema=0.9383/0.9366 test77_ema=0.6942/0.6398
[23:24:35] [train] epoch 64/100 steps=40 use_dann=0 das=fixed_full f=[15.0,140.0] p=1.00 gpu=3.0/11.8GB
[23:24:36] [train] ep=64 step=001/40 ce=0.2581 sc=0.6138 mi=0.0523 dn=0.0000 v13=0.0005 grl=0.3394 v15=0.0000 v15r=0.0000 v16=0.0000 v17=0.0000 v18=0.0000 acc=1.0000 lr=9.54e-05 lambda=0.000 grl_lambda=0.996 v18_lambda=0.000 gpu=3.0/11.8GB
[23:24:41] [train] ep=64 step=010/40 ce=0.3670 sc=0.8558 mi=0.0655 dn=0.0000 v13=0.0005 grl=0.2860 v15=0.0000 v15r=0.0000 v16=0.0000 v17=0.0000 v18=0.0000 acc=0.9938 lr=9.44e-05 lambda=0.000 grl_lambda=0.996 v18_lambda=0.000 gpu=3.0/11.8GB
[23:24:49] [train] ep=64 step=020/40 ce=0.3223 sc=0.8416 mi=0.0642 dn=0.0000 v13=0.0005 grl=0.2671 v15=0.0000 v15r=0.0000 v16=0.0000 v17=0.0000 v18=0.0000 acc=0.9969 lr=9.33e-05 lambda=0.000 grl_lambda=0.997 v18_lambda=0.000 gpu=3.0/11.8GB
[23:24:55] [train] ep=64 step=030/40 ce=0.4052 sc=0.9167 mi=0.0643 dn=0.0000 v13=0.0005 grl=0.2700 v15=0.0000 v15r=0.0000 v16=0.0000 v17=0.0000 v18=0.0000 acc=0.9896 lr=9.21e-05 lambda=0.000 grl_lambda=0.997 v18_lambda=0.000 gpu=3.0/11.8GB
[23:25:01] [train] ep=64 step=040/40 ce=0.3699 sc=0.8893 mi=0.0638 dn=0.0000 v13=0.0005 grl=0.2703 v15=0.0000 v15r=0.0000 v16=0.0000 v17=0.0000 v18=0.0000 acc=0.9922 lr=9.10e-05 lambda=0.000 grl_lambda=0.997 v18_lambda=0.000 gpu=3.0/11.8GB
[23:25:11] [ep_summary] ep=64/100 val_live=0.9568/0.9562 val_ema=0.9444/0.9431 test77_live=0.7050/0.6605 test77_diag_ema=0.6942/0.6398 v13=0.0005 grl=0.2703 v15=0.0000 v15r=0.0000 v16=0.0000 v17=0.0000 v18=0.0000 das=fixed_full[15,140] p=1.00 ep_time=35.9s
[23:25:11] [train] epoch 65/100 steps=40 use_dann=0 das=fixed_full f=[15.0,140.0] p=1.00 gpu=3.0/11.8GB
[23:25:12] [train] ep=65 step=001/40 ce=0.2619 sc=0.6169 mi=0.0680 dn=0.0000 v13=0.0009 grl=0.2480 v15=0.0000 v15r=0.0000 v16=0.0000 v17=0.0000 v18=0.0000 acc=1.0000 lr=9.09e-05 lambda=0.000 grl_lambda=0.997 v18_lambda=0.000 gpu=3.0/11.8GB
[23:25:17] [train] ep=65 step=010/40 ce=0.2627 sc=0.7574 mi=0.0632 dn=0.0000 v13=0.0006 grl=0.2783 v15=0.0000 v15r=0.0000 v16=0.0000 v17=0.0000 v18=0.0000 acc=1.0000 lr=8.99e-05 lambda=0.000 grl_lambda=0.997 v18_lambda=0.000 gpu=3.0/11.8GB
[23:25:23] [train] ep=65 step=020/40 ce=0.2625 sc=0.7720 mi=0.0625 dn=0.0000 v13=0.0005 grl=0.2797 v15=0.0000 v15r=0.0000 v16=0.0000 v17=0.0000 v18=0.0000 acc=1.0000 lr=8.88e-05 lambda=0.000 grl_lambda=0.997 v18_lambda=0.000 gpu=3.0/11.8GB
[23:25:29] [train] ep=65 step=030/40 ce=0.2631 sc=0.7825 mi=0.0612 dn=0.0000 v13=0.0006 grl=0.2682 v15=0.0000 v15r=0.0000 v16=0.0000 v17=0.0000 v18=0.0000 acc=1.0000 lr=8.77e-05 lambda=0.000 grl_lambda=0.997 v18_lambda=0.000 gpu=3.0/11.8GB
[23:25:35] [train] ep=65 step=040/40 ce=0.2695 sc=0.7896 mi=0.0613 dn=0.0000 v13=0.0005 grl=0.2759 v15=0.0000 v15r=0.0000 v16=0.0000 v17=0.0000 v18=0.0000 acc=1.0000 lr=8.66e-05 lambda=0.000 grl_lambda=0.997 v18_lambda=0.000 gpu=3.0/11.8GB
[23:25:46] [ep_summary] ep=65/100 val_live=0.9568/0.9564 val_ema=0.9444/0.9434 test77_live=0.7194/0.6823 test77_diag_ema=0.6906/0.6361 v13=0.0005 grl=0.2759 v15=0.0000 v15r=0.0000 v16=0.0000 v17=0.0000 v18=0.0000 das=fixed_full[15,140] p=1.00 ep_time=34.4s
[23:25:46] [train] epoch 66/100 steps=40 use_dann=0 das=fixed_full f=[15.0,140.0] p=1.00 gpu=3.0/11.8GB
[23:25:46] [train] ep=66 step=001/40 ce=0.2581 sc=0.6458 mi=0.0579 dn=0.0000 v13=0.0004 grl=0.2851 v15=0.0000 v15r=0.0000 v16=0.0000 v17=0.0000 v18=0.0000 acc=1.0000 lr=8.65e-05 lambda=0.000 grl_lambda=0.997 v18_lambda=0.000 gpu=3.0/11.8GB
[23:25:52] [train] ep=66 step=010/40 ce=0.2771 sc=0.7567 mi=0.0641 dn=0.0000 v13=0.0006 grl=0.2956 v15=0.0000 v15r=0.0000 v16=0.0000 v17=0.0000 v18=0.0000 acc=1.0000 lr=8.55e-05 lambda=0.000 grl_lambda=0.997 v18_lambda=0.000 gpu=3.0/11.8GB
[23:25:57] [train] ep=66 step=020/40 ce=0.2706 sc=0.7133 mi=0.0660 dn=0.0000 v13=0.0006 grl=0.2704 v15=0.0000 v15r=0.0000 v16=0.0000 v17=0.0000 v18=0.0000 acc=1.0000 lr=8.44e-05 lambda=0.000 grl_lambda=0.997 v18_lambda=0.000 gpu=3.0/11.8GB
[23:26:03] [train] ep=66 step=030/40 ce=0.2830 sc=0.7387 mi=0.0644 dn=0.0000 v13=0.0006 grl=0.2756 v15=0.0000 v15r=0.0000 v16=0.0000 v17=0.0000 v18=0.0000 acc=0.9979 lr=8.33e-05 lambda=0.000 grl_lambda=0.997 v18_lambda=0.000 gpu=3.0/11.8GB
[23:26:09] [train] ep=66 step=040/40 ce=0.2978 sc=0.7565 mi=0.0644 dn=0.0000 v13=0.0006 grl=0.2758 v15=0.0000 v15r=0.0000 v16=0.0000 v17=0.0000 v18=0.0000 acc=0.9969 lr=8.22e-05 lambda=0.000 grl_lambda=0.997 v18_lambda=0.000 gpu=3.0/11.8GB
[23:26:20] [ep_summary] ep=66/100 val_live=0.9506/0.9502 val_ema=0.9506/0.9501 test77_live=0.7230/0.6872 test77_diag_ema=0.6906/0.6361 v13=0.0006 grl=0.2758 v15=0.0000 v15r=0.0000 v16=0.0000 v17=0.0000 v18=0.0000 das=fixed_full[15,140] p=1.00 ep_time=34.3s
[23:26:20] [save] best_sourceval_ema val_acc_ema=0.9506 source_val_live=0.9506/0.9502 source_val_ema=0.9506/0.9501 ep=66
[23:26:20] [train] epoch 67/100 steps=40 use_dann=0 das=fixed_full f=[15.0,140.0] p=1.00 gpu=3.0/11.8GB
[23:26:21] [train] ep=67 step=001/40 ce=0.2601 sc=0.7365 mi=0.0548 dn=0.0000 v13=0.0006 grl=0.1752 v15=0.0000 v15r=0.0000 v16=0.0000 v17=0.0000 v18=0.0000 acc=1.0000 lr=8.21e-05 lambda=0.000 grl_lambda=0.997 v18_lambda=0.000 gpu=3.0/11.8GB
[23:26:26] [train] ep=67 step=010/40 ce=0.2598 sc=0.7131 mi=0.0657 dn=0.0000 v13=0.0006 grl=0.2628 v15=0.0000 v15r=0.0000 v16=0.0000 v17=0.0000 v18=0.0000 acc=1.0000 lr=8.11e-05 lambda=0.000 grl_lambda=0.997 v18_lambda=0.000 gpu=3.0/11.8GB
[23:26:32] [train] ep=67 step=020/40 ce=0.2942 sc=0.7312 mi=0.0637 dn=0.0000 v13=0.0007 grl=0.2868 v15=0.0000 v15r=0.0000 v16=0.0000 v17=0.0000 v18=0.0000 acc=1.0000 lr=8.01e-05 lambda=0.000 grl_lambda=0.997 v18_lambda=0.000 gpu=3.0/11.8GB
[23:26:38] [train] ep=67 step=030/40 ce=0.3163 sc=0.7523 mi=0.0642 dn=0.0000 v13=0.0006 grl=0.2950 v15=0.0000 v15r=0.0000 v16=0.0000 v17=0.0000 v18=0.0000 acc=0.9979 lr=7.90e-05 lambda=0.000 grl_lambda=0.997 v18_lambda=0.000 gpu=3.0/11.8GB
[23:26:44] [train] ep=67 step=040/40 ce=0.3023 sc=0.7731 mi=0.0638 dn=0.0000 v13=0.0006 grl=0.2908 v15=0.0000 v15r=0.0000 v16=0.0000 v17=0.0000 v18=0.0000 acc=0.9984 lr=7.79e-05 lambda=0.000 grl_lambda=0.998 v18_lambda=0.000 gpu=3.0/11.8GB
[23:26:54] [ep_summary] ep=67/100 val_live=0.9444/0.9432 val_ema=0.9506/0.9501 test77_live=0.6871/0.6669 test77_diag_ema=0.6906/0.6361 v13=0.0006 grl=0.2908 v15=0.0000 v15r=0.0000 v16=0.0000 v17=0.0000 v18=0.0000 das=fixed_full[15,140] p=1.00 ep_time=34.3s
[23:26:54] [train] epoch 68/100 steps=40 use_dann=0 das=fixed_full f=[15.0,140.0] p=1.00 gpu=3.0/11.8GB
[23:26:55] [train] ep=68 step=001/40 ce=0.2634 sc=0.4197 mi=0.0598 dn=0.0000 v13=0.0004 grl=0.2289 v15=0.0000 v15r=0.0000 v16=0.0000 v17=0.0000 v18=0.0000 acc=1.0000 lr=7.78e-05 lambda=0.000 grl_lambda=0.998 v18_lambda=0.000 gpu=3.0/11.8GB
[23:27:00] [train] ep=68 step=010/40 ce=0.2595 sc=0.7130 mi=0.0635 dn=0.0000 v13=0.0005 grl=0.2981 v15=0.0000 v15r=0.0000 v16=0.0000 v17=0.0000 v18=0.0000 acc=1.0000 lr=7.69e-05 lambda=0.000 grl_lambda=0.998 v18_lambda=0.000 gpu=3.0/11.8GB
[23:27:06] [train] ep=68 step=020/40 ce=0.2675 sc=0.7048 mi=0.0619 dn=0.0000 v13=0.0005 grl=0.2717 v15=0.0000 v15r=0.0000 v16=0.0000 v17=0.0000 v18=0.0000 acc=1.0000 lr=7.58e-05 lambda=0.000 grl_lambda=0.998 v18_lambda=0.000 gpu=3.0/11.8GB
[23:27:12] [train] ep=68 step=030/40 ce=0.2646 sc=0.6824 mi=0.0626 dn=0.0000 v13=0.0005 grl=0.2697 v15=0.0000 v15r=0.0000 v16=0.0000 v17=0.0000 v18=0.0000 acc=1.0000 lr=7.48e-05 lambda=0.000 grl_lambda=0.998 v18_lambda=0.000 gpu=3.0/11.8GB
[23:27:18] [train] ep=68 step=040/40 ce=0.2836 sc=0.7108 mi=0.0636 dn=0.0000 v13=0.0005 grl=0.2748 v15=0.0000 v15r=0.0000 v16=0.0000 v17=0.0000 v18=0.0000 acc=0.9984 lr=7.37e-05 lambda=0.000 grl_lambda=0.998 v18_lambda=0.000 gpu=3.0/11.8GB
[23:27:29] [ep_summary] ep=68/100 val_live=0.9444/0.9436 val_ema=0.9506/0.9501 test77_live=0.6835/0.6633 test77_diag_ema=0.6942/0.6410 v13=0.0005 grl=0.2748 v15=0.0000 v15r=0.0000 v16=0.0000 v17=0.0000 v18=0.0000 das=fixed_full[15,140] p=1.00 ep_time=34.4s
[23:27:29] [save] best_sourcequalified77_ema ep=68 source_val_live=0.9444/0.9436 source_val_ema=0.9506/0.9501 test77_ema=0.6942/0.6410
[23:27:29] [train] epoch 69/100 steps=40 use_dann=0 das=fixed_full f=[15.0,140.0] p=1.00 gpu=3.0/11.8GB
[23:27:29] [train] ep=69 step=001/40 ce=0.2580 sc=0.6527 mi=0.0665 dn=0.0000 v13=0.0004 grl=0.2747 v15=0.0000 v15r=0.0000 v16=0.0000 v17=0.0000 v18=0.0000 acc=1.0000 lr=7.36e-05 lambda=0.000 grl_lambda=0.998 v18_lambda=0.000 gpu=3.0/11.8GB
[23:27:35] [train] ep=69 step=010/40 ce=0.2973 sc=0.6919 mi=0.0663 dn=0.0000 v13=0.0005 grl=0.3309 v15=0.0000 v15r=0.0000 v16=0.0000 v17=0.0000 v18=0.0000 acc=0.9938 lr=7.27e-05 lambda=0.000 grl_lambda=0.998 v18_lambda=0.000 gpu=3.0/11.8GB
[23:27:41] [train] ep=69 step=020/40 ce=0.2781 sc=0.7241 mi=0.0654 dn=0.0000 v13=0.0005 grl=0.3078 v15=0.0000 v15r=0.0000 v16=0.0000 v17=0.0000 v18=0.0000 acc=0.9969 lr=7.16e-05 lambda=0.000 grl_lambda=0.998 v18_lambda=0.000 gpu=3.0/11.8GB
[23:27:46] [train] ep=69 step=030/40 ce=0.2733 sc=0.7276 mi=0.0661 dn=0.0000 v13=0.0005 grl=0.2942 v15=0.0000 v15r=0.0000 v16=0.0000 v17=0.0000 v18=0.0000 acc=0.9979 lr=7.06e-05 lambda=0.000 grl_lambda=0.998 v18_lambda=0.000 gpu=3.0/11.8GB
[23:27:52] [train] ep=69 step=040/40 ce=0.2713 sc=0.7311 mi=0.0656 dn=0.0000 v13=0.0005 grl=0.2930 v15=0.0000 v15r=0.0000 v16=0.0000 v17=0.0000 v18=0.0000 acc=0.9984 lr=6.96e-05 lambda=0.000 grl_lambda=0.998 v18_lambda=0.000 gpu=3.0/11.8GB
[23:28:03] [ep_summary] ep=69/100 val_live=0.9383/0.9369 val_ema=0.9506/0.9501 test77_live=0.6906/0.6655 test77_diag_ema=0.7014/0.6496 v13=0.0005 grl=0.2930 v15=0.0000 v15r=0.0000 v16=0.0000 v17=0.0000 v18=0.0000 das=fixed_full[15,140] p=1.00 ep_time=34.2s
[23:28:03] [save] best_sourcequalified77_ema ep=69 source_val_live=0.9383/0.9369 source_val_ema=0.9506/0.9501 test77_ema=0.7014/0.6496
[23:28:03] [train] epoch 70/100 steps=40 use_dann=0 das=fixed_full f=[15.0,140.0] p=1.00 gpu=3.0/11.8GB
[23:28:04] [train] ep=70 step=001/40 ce=0.2570 sc=0.7610 mi=0.0553 dn=0.0000 v13=0.0005 grl=0.3120 v15=0.0000 v15r=0.0000 v16=0.0000 v17=0.0000 v18=0.0000 acc=1.0000 lr=6.95e-05 lambda=0.000 grl_lambda=0.998 v18_lambda=0.000 gpu=3.0/11.8GB
[23:28:09] [train] ep=70 step=010/40 ce=0.2594 sc=0.8109 mi=0.0664 dn=0.0000 v13=0.0006 grl=0.3134 v15=0.0000 v15r=0.0000 v16=0.0000 v17=0.0000 v18=0.0000 acc=1.0000 lr=6.85e-05 lambda=0.000 grl_lambda=0.998 v18_lambda=0.000 gpu=3.0/11.8GB
[23:28:15] [train] ep=70 step=020/40 ce=0.2825 sc=0.7852 mi=0.0646 dn=0.0000 v13=0.0005 grl=0.2978 v15=0.0000 v15r=0.0000 v16=0.0000 v17=0.0000 v18=0.0000 acc=1.0000 lr=6.75e-05 lambda=0.000 grl_lambda=0.998 v18_lambda=0.000 gpu=3.0/11.8GB
[23:28:21] [train] ep=70 step=030/40 ce=0.2825 sc=0.8077 mi=0.0644 dn=0.0000 v13=0.0006 grl=0.2914 v15=0.0000 v15r=0.0000 v16=0.0000 v17=0.0000 v18=0.0000 acc=1.0000 lr=6.65e-05 lambda=0.000 grl_lambda=0.998 v18_lambda=0.000 gpu=3.0/11.8GB
[23:28:27] [train] ep=70 step=040/40 ce=0.2992 sc=0.8509 mi=0.0651 dn=0.0000 v13=0.0005 grl=0.2901 v15=0.0000 v15r=0.0000 v16=0.0000 v17=0.0000 v18=0.0000 acc=0.9984 lr=6.55e-05 lambda=0.000 grl_lambda=0.998 v18_lambda=0.000 gpu=3.0/11.8GB
[23:28:37] [pool] check ep=070/100 source_val_acc_ema=0.9444 threshold=0.90
[23:28:42] [pool] ep=070 ADDED src_val=0.9444/0.9444 dev77=0.6500/0.6069 final77=0.7014/0.6493
[23:28:42] [pool] running best ep=070 dev77_f1=0.6069 final77_f1=0.6493 (pool_size=3)
[23:28:42] [ep_summary] ep=70/100 val_live=0.9506/0.9507 val_ema=0.9444/0.9444 test77_live=0.6619/0.6270 test77_diag_ema=0.7014/0.6493 v13=0.0005 grl=0.2901 v15=0.0000 v15r=0.0000 v16=0.0000 v17=0.0000 v18=0.0000 das=fixed_full[15,140] p=1.00 ep_time=39.2s
[23:28:42] [strict77_monitor] ep=70 best_source_epoch=66 source_val_ema=0.9506/0.9501 test77_ema_diag=0.6906/0.6361 sourcequalified_count=28 best_sourcequalified77_epoch=69 source_val_ema=0.9506/0.9501 test77_ema=0.7014/0.6496
[23:28:42] [train] epoch 71/100 steps=40 use_dann=0 das=fixed_full f=[15.0,140.0] p=1.00 gpu=3.0/11.8GB
[23:28:43] [train] ep=71 step=001/40 ce=0.2658 sc=0.5441 mi=0.0581 dn=0.0000 v13=0.0003 grl=0.2639 v15=0.0000 v15r=0.0000 v16=0.0000 v17=0.0000 v18=0.0000 acc=1.0000 lr=6.54e-05 lambda=0.000 grl_lambda=0.998 v18_lambda=0.000 gpu=3.0/11.8GB
[23:28:48] [train] ep=71 step=010/40 ce=0.2595 sc=0.7287 mi=0.0616 dn=0.0000 v13=0.0005 grl=0.2885 v15=0.0000 v15r=0.0000 v16=0.0000 v17=0.0000 v18=0.0000 acc=1.0000 lr=6.45e-05 lambda=0.000 grl_lambda=0.998 v18_lambda=0.000 gpu=3.0/11.8GB
[23:28:54] [train] ep=71 step=020/40 ce=0.2599 sc=0.7216 mi=0.0605 dn=0.0000 v13=0.0005 grl=0.2994 v15=0.0000 v15r=0.0000 v16=0.0000 v17=0.0000 v18=0.0000 acc=1.0000 lr=6.35e-05 lambda=0.000 grl_lambda=0.998 v18_lambda=0.000 gpu=3.0/11.8GB
[23:29:00] [train] ep=71 step=030/40 ce=0.2596 sc=0.7616 mi=0.0615 dn=0.0000 v13=0.0005 grl=0.2840 v15=0.0000 v15r=0.0000 v16=0.0000 v17=0.0000 v18=0.0000 acc=1.0000 lr=6.25e-05 lambda=0.000 grl_lambda=0.998 v18_lambda=0.000 gpu=3.0/11.8GB
[23:29:06] [train] ep=71 step=040/40 ce=0.2623 sc=0.7714 mi=0.0624 dn=0.0000 v13=0.0005 grl=0.2935 v15=0.0000 v15r=0.0000 v16=0.0000 v17=0.0000 v18=0.0000 acc=1.0000 lr=6.15e-05 lambda=0.000 grl_lambda=0.998 v18_lambda=0.000 gpu=3.0/11.8GB
[23:29:16] [ep_summary] ep=71/100 val_live=0.9568/0.9566 val_ema=0.9444/0.9444 test77_live=0.6727/0.6424 test77_diag_ema=0.7014/0.6493 v13=0.0005 grl=0.2935 v15=0.0000 v15r=0.0000 v16=0.0000 v17=0.0000 v18=0.0000 das=fixed_full[15,140] p=1.00 ep_time=34.1s
[23:29:16] [train] epoch 72/100 steps=40 use_dann=0 das=fixed_full f=[15.0,140.0] p=1.00 gpu=3.0/11.8GB
[23:29:17] [train] ep=72 step=001/40 ce=0.2590 sc=0.4228 mi=0.0587 dn=0.0000 v13=0.0008 grl=0.2480 v15=0.0000 v15r=0.0000 v16=0.0000 v17=0.0000 v18=0.0000 acc=1.0000 lr=6.14e-05 lambda=0.000 grl_lambda=0.998 v18_lambda=0.000 gpu=3.0/11.8GB
[23:29:22] [train] ep=72 step=010/40 ce=0.3263 sc=0.9065 mi=0.0637 dn=0.0000 v13=0.0005 grl=0.2630 v15=0.0000 v15r=0.0000 v16=0.0000 v17=0.0000 v18=0.0000 acc=0.9938 lr=6.06e-05 lambda=0.000 grl_lambda=0.998 v18_lambda=0.000 gpu=3.0/11.8GB
[23:29:28] [train] ep=72 step=020/40 ce=0.2923 sc=0.7986 mi=0.0635 dn=0.0000 v13=0.0005 grl=0.2793 v15=0.0000 v15r=0.0000 v16=0.0000 v17=0.0000 v18=0.0000 acc=0.9969 lr=5.96e-05 lambda=0.000 grl_lambda=0.998 v18_lambda=0.000 gpu=3.0/11.8GB
[23:29:34] [train] ep=72 step=030/40 ce=0.3113 sc=0.8328 mi=0.0626 dn=0.0000 v13=0.0005 grl=0.2709 v15=0.0000 v15r=0.0000 v16=0.0000 v17=0.0000 v18=0.0000 acc=0.9958 lr=5.86e-05 lambda=0.000 grl_lambda=0.998 v18_lambda=0.000 gpu=3.0/11.8GB
[23:29:40] [train] ep=72 step=040/40 ce=0.3021 sc=0.8514 mi=0.0628 dn=0.0000 v13=0.0005 grl=0.2739 v15=0.0000 v15r=0.0000 v16=0.0000 v17=0.0000 v18=0.0000 acc=0.9969 lr=5.77e-05 lambda=0.000 grl_lambda=0.999 v18_lambda=0.000 gpu=3.0/11.8GB
[23:29:50] [ep_summary] ep=72/100 val_live=0.9383/0.9369 val_ema=0.9444/0.9444 test77_live=0.6547/0.6215 test77_diag_ema=0.7014/0.6508 v13=0.0005 grl=0.2739 v15=0.0000 v15r=0.0000 v16=0.0000 v17=0.0000 v18=0.0000 das=fixed_full[15,140] p=1.00 ep_time=34.0s
[23:29:50] [save] best_sourcequalified77_ema ep=72 source_val_live=0.9383/0.9369 source_val_ema=0.9444/0.9444 test77_ema=0.7014/0.6508
[23:29:50] [train] epoch 73/100 steps=40 use_dann=0 das=fixed_full f=[15.0,140.0] p=1.00 gpu=3.0/11.8GB
[23:29:51] [train] ep=73 step=001/40 ce=0.2646 sc=0.6278 mi=0.0683 dn=0.0000 v13=0.0004 grl=0.4548 v15=0.0000 v15r=0.0000 v16=0.0000 v17=0.0000 v18=0.0000 acc=1.0000 lr=5.76e-05 lambda=0.000 grl_lambda=0.999 v18_lambda=0.000 gpu=3.0/11.8GB
[23:29:56] [train] ep=73 step=010/40 ce=0.2614 sc=0.6725 mi=0.0634 dn=0.0000 v13=0.0006 grl=0.3019 v15=0.0000 v15r=0.0000 v16=0.0000 v17=0.0000 v18=0.0000 acc=1.0000 lr=5.67e-05 lambda=0.000 grl_lambda=0.999 v18_lambda=0.000 gpu=3.0/11.8GB
[23:30:02] [train] ep=73 step=020/40 ce=0.2638 sc=0.6600 mi=0.0665 dn=0.0000 v13=0.0005 grl=0.3247 v15=0.0000 v15r=0.0000 v16=0.0000 v17=0.0000 v18=0.0000 acc=1.0000 lr=5.58e-05 lambda=0.000 grl_lambda=0.999 v18_lambda=0.000 gpu=3.0/11.8GB
[23:30:08] [train] ep=73 step=030/40 ce=0.2793 sc=0.6705 mi=0.0650 dn=0.0000 v13=0.0005 grl=0.3137 v15=0.0000 v15r=0.0000 v16=0.0000 v17=0.0000 v18=0.0000 acc=0.9979 lr=5.48e-05 lambda=0.000 grl_lambda=0.999 v18_lambda=0.000 gpu=3.0/11.8GB
[23:30:14] [train] ep=73 step=040/40 ce=0.2962 sc=0.7130 mi=0.0648 dn=0.0000 v13=0.0005 grl=0.2998 v15=0.0000 v15r=0.0000 v16=0.0000 v17=0.0000 v18=0.0000 acc=0.9969 lr=5.39e-05 lambda=0.000 grl_lambda=0.999 v18_lambda=0.000 gpu=3.0/11.8GB
[23:30:24] [ep_summary] ep=73/100 val_live=0.9383/0.9372 val_ema=0.9444/0.9444 test77_live=0.6583/0.6203 test77_diag_ema=0.7014/0.6523 v13=0.0005 grl=0.2998 v15=0.0000 v15r=0.0000 v16=0.0000 v17=0.0000 v18=0.0000 das=fixed_full[15,140] p=1.00 ep_time=34.1s
[23:30:24] [save] best_sourcequalified77_ema ep=73 source_val_live=0.9383/0.9372 source_val_ema=0.9444/0.9444 test77_ema=0.7014/0.6523
[23:30:24] [train] epoch 74/100 steps=40 use_dann=0 das=fixed_full f=[15.0,140.0] p=1.00 gpu=3.0/11.8GB
[23:30:25] [train] ep=74 step=001/40 ce=0.2609 sc=0.8704 mi=0.0650 dn=0.0000 v13=0.0005 grl=0.3478 v15=0.0000 v15r=0.0000 v16=0.0000 v17=0.0000 v18=0.0000 acc=1.0000 lr=5.38e-05 lambda=0.000 grl_lambda=0.999 v18_lambda=0.000 gpu=3.0/11.8GB
[23:30:30] [train] ep=74 step=010/40 ce=0.2631 sc=0.7499 mi=0.0637 dn=0.0000 v13=0.0006 grl=0.3703 v15=0.0000 v15r=0.0000 v16=0.0000 v17=0.0000 v18=0.0000 acc=1.0000 lr=5.30e-05 lambda=0.000 grl_lambda=0.999 v18_lambda=0.000 gpu=3.0/11.8GB
[23:30:36] [train] ep=74 step=020/40 ce=0.2610 sc=0.7584 mi=0.0645 dn=0.0000 v13=0.0005 grl=0.3385 v15=0.0000 v15r=0.0000 v16=0.0000 v17=0.0000 v18=0.0000 acc=1.0000 lr=5.20e-05 lambda=0.000 grl_lambda=0.999 v18_lambda=0.000 gpu=3.0/11.8GB
[23:30:42] [train] ep=74 step=030/40 ce=0.2606 sc=0.7607 mi=0.0640 dn=0.0000 v13=0.0005 grl=0.3210 v15=0.0000 v15r=0.0000 v16=0.0000 v17=0.0000 v18=0.0000 acc=1.0000 lr=5.11e-05 lambda=0.000 grl_lambda=0.999 v18_lambda=0.000 gpu=3.0/11.8GB
[23:30:48] [train] ep=74 step=040/40 ce=0.2603 sc=0.7548 mi=0.0632 dn=0.0000 v13=0.0005 grl=0.3085 v15=0.0000 v15r=0.0000 v16=0.0000 v17=0.0000 v18=0.0000 acc=1.0000 lr=5.02e-05 lambda=0.000 grl_lambda=0.999 v18_lambda=0.000 gpu=3.0/11.8GB
[23:30:59] [ep_summary] ep=74/100 val_live=0.9321/0.9305 val_ema=0.9444/0.9444 test77_live=0.6475/0.6100 test77_diag_ema=0.6942/0.6457 v13=0.0005 grl=0.3085 v15=0.0000 v15r=0.0000 v16=0.0000 v17=0.0000 v18=0.0000 das=fixed_full[15,140] p=1.00 ep_time=34.1s
[23:30:59] [train] epoch 75/100 steps=40 use_dann=0 das=fixed_full f=[15.0,140.0] p=1.00 gpu=3.0/11.8GB
[23:30:59] [train] ep=75 step=001/40 ce=0.2582 sc=0.7483 mi=0.0677 dn=0.0000 v13=0.0003 grl=0.3427 v15=0.0000 v15r=0.0000 v16=0.0000 v17=0.0000 v18=0.0000 acc=1.0000 lr=5.01e-05 lambda=0.000 grl_lambda=0.999 v18_lambda=0.000 gpu=3.0/11.8GB
[23:31:04] [train] ep=75 step=010/40 ce=0.2585 sc=0.7337 mi=0.0630 dn=0.0000 v13=0.0005 grl=0.2921 v15=0.0000 v15r=0.0000 v16=0.0000 v17=0.0000 v18=0.0000 acc=1.0000 lr=4.93e-05 lambda=0.000 grl_lambda=0.999 v18_lambda=0.000 gpu=3.0/11.8GB
[23:31:10] [train] ep=75 step=020/40 ce=0.2583 sc=0.7519 mi=0.0617 dn=0.0000 v13=0.0005 grl=0.2704 v15=0.0000 v15r=0.0000 v16=0.0000 v17=0.0000 v18=0.0000 acc=1.0000 lr=4.84e-05 lambda=0.000 grl_lambda=0.999 v18_lambda=0.000 gpu=3.0/11.8GB
[23:31:16] [train] ep=75 step=030/40 ce=0.2749 sc=0.7511 mi=0.0625 dn=0.0000 v13=0.0005 grl=0.2857 v15=0.0000 v15r=0.0000 v16=0.0000 v17=0.0000 v18=0.0000 acc=0.9979 lr=4.75e-05 lambda=0.000 grl_lambda=0.999 v18_lambda=0.000 gpu=3.0/11.8GB
[23:31:22] [train] ep=75 step=040/40 ce=0.2711 sc=0.7345 mi=0.0636 dn=0.0000 v13=0.0005 grl=0.2934 v15=0.0000 v15r=0.0000 v16=0.0000 v17=0.0000 v18=0.0000 acc=0.9984 lr=4.66e-05 lambda=0.000 grl_lambda=0.999 v18_lambda=0.000 gpu=3.0/11.8GB
[23:31:33] [ep_summary] ep=75/100 val_live=0.9630/0.9626 val_ema=0.9444/0.9444 test77_live=0.6547/0.6156 test77_diag_ema=0.6942/0.6457 v13=0.0005 grl=0.2934 v15=0.0000 v15r=0.0000 v16=0.0000 v17=0.0000 v18=0.0000 das=fixed_full[15,140] p=1.00 ep_time=34.0s
[23:31:33] [train] epoch 76/100 steps=40 use_dann=0 das=fixed_full f=[15.0,140.0] p=1.00 gpu=3.0/11.8GB
[23:31:33] [train] ep=76 step=001/40 ce=0.2581 sc=0.7463 mi=0.0565 dn=0.0000 v13=0.0002 grl=0.2113 v15=0.0000 v15r=0.0000 v16=0.0000 v17=0.0000 v18=0.0000 acc=1.0000 lr=4.65e-05 lambda=0.000 grl_lambda=0.999 v18_lambda=0.000 gpu=3.0/11.8GB
[23:31:38] [train] ep=76 step=010/40 ce=0.2589 sc=0.7769 mi=0.0596 dn=0.0000 v13=0.0004 grl=0.2625 v15=0.0000 v15r=0.0000 v16=0.0000 v17=0.0000 v18=0.0000 acc=1.0000 lr=4.58e-05 lambda=0.000 grl_lambda=0.999 v18_lambda=0.000 gpu=3.0/11.8GB
[23:31:44] [train] ep=76 step=020/40 ce=0.2585 sc=0.7776 mi=0.0612 dn=0.0000 v13=0.0004 grl=0.2702 v15=0.0000 v15r=0.0000 v16=0.0000 v17=0.0000 v18=0.0000 acc=1.0000 lr=4.49e-05 lambda=0.000 grl_lambda=0.999 v18_lambda=0.000 gpu=3.0/11.8GB
[23:31:50] [train] ep=76 step=030/40 ce=0.2600 sc=0.7754 mi=0.0627 dn=0.0000 v13=0.0004 grl=0.2789 v15=0.0000 v15r=0.0000 v16=0.0000 v17=0.0000 v18=0.0000 acc=1.0000 lr=4.40e-05 lambda=0.000 grl_lambda=0.999 v18_lambda=0.000 gpu=3.0/11.8GB
[23:31:56] [train] ep=76 step=040/40 ce=0.2613 sc=0.7320 mi=0.0620 dn=0.0000 v13=0.0004 grl=0.2859 v15=0.0000 v15r=0.0000 v16=0.0000 v17=0.0000 v18=0.0000 acc=1.0000 lr=4.32e-05 lambda=0.000 grl_lambda=0.999 v18_lambda=0.000 gpu=3.0/11.8GB
[23:32:07] [ep_summary] ep=76/100 val_live=0.9630/0.9626 val_ema=0.9444/0.9444 test77_live=0.6511/0.6135 test77_diag_ema=0.6942/0.6455 v13=0.0004 grl=0.2859 v15=0.0000 v15r=0.0000 v16=0.0000 v17=0.0000 v18=0.0000 das=fixed_full[15,140] p=1.00 ep_time=34.0s
[23:32:07] [train] epoch 77/100 steps=40 use_dann=0 das=fixed_full f=[15.0,140.0] p=1.00 gpu=3.0/11.8GB
[23:32:07] [train] ep=77 step=001/40 ce=0.2582 sc=0.5463 mi=0.0614 dn=0.0000 v13=0.0006 grl=0.2864 v15=0.0000 v15r=0.0000 v16=0.0000 v17=0.0000 v18=0.0000 acc=1.0000 lr=4.31e-05 lambda=0.000 grl_lambda=0.999 v18_lambda=0.000 gpu=3.0/11.8GB
[23:32:12] [train] ep=77 step=010/40 ce=0.2583 sc=0.6643 mi=0.0618 dn=0.0000 v13=0.0005 grl=0.2590 v15=0.0000 v15r=0.0000 v16=0.0000 v17=0.0000 v18=0.0000 acc=1.0000 lr=4.23e-05 lambda=0.000 grl_lambda=0.999 v18_lambda=0.000 gpu=3.0/11.8GB
[23:32:18] [train] ep=77 step=020/40 ce=0.2589 sc=0.7523 mi=0.0648 dn=0.0000 v13=0.0004 grl=0.2769 v15=0.0000 v15r=0.0000 v16=0.0000 v17=0.0000 v18=0.0000 acc=1.0000 lr=4.15e-05 lambda=0.000 grl_lambda=0.999 v18_lambda=0.000 gpu=3.0/11.8GB
[23:32:24] [train] ep=77 step=030/40 ce=0.2623 sc=0.7909 mi=0.0649 dn=0.0000 v13=0.0004 grl=0.2869 v15=0.0000 v15r=0.0000 v16=0.0000 v17=0.0000 v18=0.0000 acc=1.0000 lr=4.06e-05 lambda=0.000 grl_lambda=0.999 v18_lambda=0.000 gpu=3.0/11.8GB
[23:32:30] [train] ep=77 step=040/40 ce=0.2843 sc=0.8321 mi=0.0643 dn=0.0000 v13=0.0004 grl=0.2859 v15=0.0000 v15r=0.0000 v16=0.0000 v17=0.0000 v18=0.0000 acc=0.9984 lr=3.98e-05 lambda=0.000 grl_lambda=0.999 v18_lambda=0.000 gpu=3.0/11.8GB
[23:32:41] [ep_summary] ep=77/100 val_live=0.9506/0.9496 val_ema=0.9444/0.9444 test77_live=0.6547/0.6218 test77_diag_ema=0.6978/0.6524 v13=0.0004 grl=0.2859 v15=0.0000 v15r=0.0000 v16=0.0000 v17=0.0000 v18=0.0000 das=fixed_full[15,140] p=1.00 ep_time=34.1s
[23:32:41] [save] best_sourcequalified77_ema ep=77 source_val_live=0.9506/0.9496 source_val_ema=0.9444/0.9444 test77_ema=0.6978/0.6524
[23:32:41] [train] epoch 78/100 steps=40 use_dann=0 das=fixed_full f=[15.0,140.0] p=1.00 gpu=3.0/11.8GB
[23:32:41] [train] ep=78 step=001/40 ce=0.2576 sc=0.9626 mi=0.0624 dn=0.0000 v13=0.0005 grl=0.2144 v15=0.0000 v15r=0.0000 v16=0.0000 v17=0.0000 v18=0.0000 acc=1.0000 lr=3.97e-05 lambda=0.000 grl_lambda=0.999 v18_lambda=0.000 gpu=3.0/11.8GB
[23:32:47] [train] ep=78 step=010/40 ce=0.2577 sc=0.7707 mi=0.0615 dn=0.0000 v13=0.0005 grl=0.2680 v15=0.0000 v15r=0.0000 v16=0.0000 v17=0.0000 v18=0.0000 acc=1.0000 lr=3.90e-05 lambda=0.000 grl_lambda=0.999 v18_lambda=0.000 gpu=3.0/11.8GB
[23:32:52] [train] ep=78 step=020/40 ce=0.2820 sc=0.7040 mi=0.0629 dn=0.0000 v13=0.0005 grl=0.2621 v15=0.0000 v15r=0.0000 v16=0.0000 v17=0.0000 v18=0.0000 acc=0.9969 lr=3.82e-05 lambda=0.000 grl_lambda=0.999 v18_lambda=0.000 gpu=3.0/11.8GB
[23:32:58] [train] ep=78 step=030/40 ce=0.2840 sc=0.7203 mi=0.0629 dn=0.0000 v13=0.0005 grl=0.2654 v15=0.0000 v15r=0.0000 v16=0.0000 v17=0.0000 v18=0.0000 acc=0.9979 lr=3.74e-05 lambda=0.000 grl_lambda=0.999 v18_lambda=0.000 gpu=3.0/11.8GB
[23:33:04] [train] ep=78 step=040/40 ce=0.2776 sc=0.7314 mi=0.0636 dn=0.0000 v13=0.0005 grl=0.2764 v15=0.0000 v15r=0.0000 v16=0.0000 v17=0.0000 v18=0.0000 acc=0.9984 lr=3.66e-05 lambda=0.000 grl_lambda=0.999 v18_lambda=0.000 gpu=3.0/11.8GB
[23:33:15] [ep_summary] ep=78/100 val_live=0.9444/0.9433 val_ema=0.9444/0.9444 test77_live=0.6511/0.6260 test77_diag_ema=0.7014/0.6573 v13=0.0005 grl=0.2764 v15=0.0000 v15r=0.0000 v16=0.0000 v17=0.0000 v18=0.0000 das=fixed_full[15,140] p=1.00 ep_time=34.1s
[23:33:15] [save] best_sourcequalified77_ema ep=78 source_val_live=0.9444/0.9433 source_val_ema=0.9444/0.9444 test77_ema=0.7014/0.6573
[23:33:15] [train] epoch 79/100 steps=40 use_dann=0 das=fixed_full f=[15.0,140.0] p=1.00 gpu=3.0/11.8GB
[23:33:15] [train] ep=79 step=001/40 ce=0.2580 sc=1.0254 mi=0.0555 dn=0.0000 v13=0.0003 grl=0.2289 v15=0.0000 v15r=0.0000 v16=0.0000 v17=0.0000 v18=0.0000 acc=1.0000 lr=3.65e-05 lambda=0.000 grl_lambda=0.999 v18_lambda=0.000 gpu=3.0/11.8GB
[23:33:21] [train] ep=79 step=010/40 ce=0.2787 sc=0.8087 mi=0.0620 dn=0.0000 v13=0.0005 grl=0.2751 v15=0.0000 v15r=0.0000 v16=0.0000 v17=0.0000 v18=0.0000 acc=1.0000 lr=3.58e-05 lambda=0.000 grl_lambda=0.999 v18_lambda=0.000 gpu=3.0/11.8GB
[23:33:27] [train] ep=79 step=020/40 ce=0.2748 sc=0.7789 mi=0.0623 dn=0.0000 v13=0.0004 grl=0.2785 v15=0.0000 v15r=0.0000 v16=0.0000 v17=0.0000 v18=0.0000 acc=1.0000 lr=3.50e-05 lambda=0.000 grl_lambda=0.999 v18_lambda=0.000 gpu=3.0/11.8GB
[23:33:32] [train] ep=79 step=030/40 ce=0.2700 sc=0.7678 mi=0.0625 dn=0.0000 v13=0.0004 grl=0.2749 v15=0.0000 v15r=0.0000 v16=0.0000 v17=0.0000 v18=0.0000 acc=1.0000 lr=3.42e-05 lambda=0.000 grl_lambda=0.999 v18_lambda=0.000 gpu=3.0/11.8GB
[23:33:38] [train] ep=79 step=040/40 ce=0.2671 sc=0.7745 mi=0.0637 dn=0.0000 v13=0.0005 grl=0.2721 v15=0.0000 v15r=0.0000 v16=0.0000 v17=0.0000 v18=0.0000 acc=1.0000 lr=3.35e-05 lambda=0.000 grl_lambda=0.999 v18_lambda=0.000 gpu=3.0/11.8GB
[23:33:49] [ep_summary] ep=79/100 val_live=0.9444/0.9433 val_ema=0.9444/0.9444 test77_live=0.6331/0.6004 test77_diag_ema=0.7014/0.6573 v13=0.0005 grl=0.2721 v15=0.0000 v15r=0.0000 v16=0.0000 v17=0.0000 v18=0.0000 das=fixed_full[15,140] p=1.00 ep_time=33.9s
[23:33:49] [train] epoch 80/100 steps=40 use_dann=0 das=fixed_full f=[15.0,140.0] p=1.00 gpu=3.0/11.8GB
[23:33:49] [train] ep=80 step=001/40 ce=0.2587 sc=0.6164 mi=0.0657 dn=0.0000 v13=0.0003 grl=0.2892 v15=0.0000 v15r=0.0000 v16=0.0000 v17=0.0000 v18=0.0000 acc=1.0000 lr=3.34e-05 lambda=0.000 grl_lambda=0.999 v18_lambda=0.000 gpu=3.0/11.8GB
[23:33:55] [train] ep=80 step=010/40 ce=0.2666 sc=0.7584 mi=0.0614 dn=0.0000 v13=0.0004 grl=0.2609 v15=0.0000 v15r=0.0000 v16=0.0000 v17=0.0000 v18=0.0000 acc=1.0000 lr=3.27e-05 lambda=0.000 grl_lambda=0.999 v18_lambda=0.000 gpu=3.0/11.8GB
[23:34:00] [train] ep=80 step=020/40 ce=0.2797 sc=0.8109 mi=0.0618 dn=0.0000 v13=0.0004 grl=0.2754 v15=0.0000 v15r=0.0000 v16=0.0000 v17=0.0000 v18=0.0000 acc=1.0000 lr=3.19e-05 lambda=0.000 grl_lambda=0.999 v18_lambda=0.000 gpu=3.0/11.8GB
[23:34:06] [train] ep=80 step=030/40 ce=0.3046 sc=0.8295 mi=0.0622 dn=0.0000 v13=0.0004 grl=0.2893 v15=0.0000 v15r=0.0000 v16=0.0000 v17=0.0000 v18=0.0000 acc=0.9979 lr=3.12e-05 lambda=0.000 grl_lambda=0.999 v18_lambda=0.000 gpu=3.0/11.8GB
[23:34:12] [train] ep=80 step=040/40 ce=0.2931 sc=0.8087 mi=0.0620 dn=0.0000 v13=0.0004 grl=0.2847 v15=0.0000 v15r=0.0000 v16=0.0000 v17=0.0000 v18=0.0000 acc=0.9984 lr=3.05e-05 lambda=0.000 grl_lambda=0.999 v18_lambda=0.000 gpu=3.0/11.8GB
[23:34:23] [pool] check ep=080/100 source_val_acc_ema=0.9506 threshold=0.90
[23:34:28] [pool] ep=080 ADDED src_val=0.9506/0.9502 dev77=0.6571/0.6163 final77=0.7014/0.6573
[23:34:28] [pool] running best ep=080 dev77_f1=0.6163 final77_f1=0.6573 (pool_size=4)
[23:34:28] [ep_summary] ep=80/100 val_live=0.9506/0.9500 val_ema=0.9506/0.9502 test77_live=0.6367/0.5934 test77_diag_ema=0.7014/0.6573 v13=0.0004 grl=0.2847 v15=0.0000 v15r=0.0000 v16=0.0000 v17=0.0000 v18=0.0000 das=fixed_full[15,140] p=1.00 ep_time=39.0s
[23:34:28] [strict77_monitor] ep=80 best_source_epoch=66 source_val_ema=0.9506/0.9501 test77_ema_diag=0.6906/0.6361 sourcequalified_count=38 best_sourcequalified77_epoch=78 source_val_ema=0.9444/0.9444 test77_ema=0.7014/0.6573
[23:34:28] [train] epoch 81/100 steps=40 use_dann=0 das=fixed_full f=[15.0,140.0] p=1.00 gpu=3.0/11.8GB
[23:34:28] [train] ep=81 step=001/40 ce=0.2597 sc=0.7448 mi=0.0576 dn=0.0000 v13=0.0004 grl=0.1801 v15=0.0000 v15r=0.0000 v16=0.0000 v17=0.0000 v18=0.0000 acc=1.0000 lr=3.04e-05 lambda=0.000 grl_lambda=0.999 v18_lambda=0.000 gpu=3.0/11.8GB
[23:34:34] [train] ep=81 step=010/40 ce=0.2756 sc=0.8189 mi=0.0577 dn=0.0000 v13=0.0005 grl=0.2411 v15=0.0000 v15r=0.0000 v16=0.0000 v17=0.0000 v18=0.0000 acc=1.0000 lr=2.97e-05 lambda=0.000 grl_lambda=0.999 v18_lambda=0.000 gpu=3.0/11.8GB
[23:34:39] [train] ep=81 step=020/40 ce=0.2953 sc=0.8353 mi=0.0610 dn=0.0000 v13=0.0005 grl=0.2633 v15=0.0000 v15r=0.0000 v16=0.0000 v17=0.0000 v18=0.0000 acc=0.9969 lr=2.90e-05 lambda=0.000 grl_lambda=0.999 v18_lambda=0.000 gpu=3.0/11.8GB
[23:34:45] [train] ep=81 step=030/40 ce=0.2829 sc=0.8110 mi=0.0626 dn=0.0000 v13=0.0005 grl=0.2728 v15=0.0000 v15r=0.0000 v16=0.0000 v17=0.0000 v18=0.0000 acc=0.9979 lr=2.83e-05 lambda=0.000 grl_lambda=0.999 v18_lambda=0.000 gpu=3.0/11.8GB
[23:34:51] [train] ep=81 step=040/40 ce=0.2772 sc=0.7673 mi=0.0619 dn=0.0000 v13=0.0004 grl=0.2740 v15=0.0000 v15r=0.0000 v16=0.0000 v17=0.0000 v18=0.0000 acc=0.9984 lr=2.76e-05 lambda=0.000 grl_lambda=0.999 v18_lambda=0.000 gpu=3.0/11.8GB
[23:35:02] [ep_summary] ep=81/100 val_live=0.9444/0.9445 val_ema=0.9568/0.9564 test77_live=0.6439/0.6051 test77_diag_ema=0.7014/0.6573 v13=0.0004 grl=0.2740 v15=0.0000 v15r=0.0000 v16=0.0000 v17=0.0000 v18=0.0000 das=fixed_full[15,140] p=1.00 ep_time=34.0s
[23:35:02] [save] best_sourceval_ema val_acc_ema=0.9568 source_val_live=0.9444/0.9445 source_val_ema=0.9568/0.9564 ep=81
[23:35:02] [train] epoch 82/100 steps=40 use_dann=0 das=fixed_full f=[15.0,140.0] p=1.00 gpu=3.0/11.8GB
[23:35:02] [train] ep=82 step=001/40 ce=0.2582 sc=0.5695 mi=0.0583 dn=0.0000 v13=0.0007 grl=0.1734 v15=0.0000 v15r=0.0000 v16=0.0000 v17=0.0000 v18=0.0000 acc=1.0000 lr=2.75e-05 lambda=0.000 grl_lambda=0.999 v18_lambda=0.000 gpu=3.0/11.8GB
[23:35:08] [train] ep=82 step=010/40 ce=0.3507 sc=0.7922 mi=0.0642 dn=0.0000 v13=0.0005 grl=0.2750 v15=0.0000 v15r=0.0000 v16=0.0000 v17=0.0000 v18=0.0000 acc=0.9938 lr=2.69e-05 lambda=0.000 grl_lambda=0.999 v18_lambda=0.000 gpu=3.0/11.8GB
[23:35:14] [train] ep=82 step=020/40 ce=0.3125 sc=0.7922 mi=0.0639 dn=0.0000 v13=0.0005 grl=0.2717 v15=0.0000 v15r=0.0000 v16=0.0000 v17=0.0000 v18=0.0000 acc=0.9969 lr=2.62e-05 lambda=0.000 grl_lambda=0.999 v18_lambda=0.000 gpu=3.0/11.8GB
[23:35:19] [train] ep=82 step=030/40 ce=0.2943 sc=0.8013 mi=0.0628 dn=0.0000 v13=0.0005 grl=0.2614 v15=0.0000 v15r=0.0000 v16=0.0000 v17=0.0000 v18=0.0000 acc=0.9979 lr=2.55e-05 lambda=0.000 grl_lambda=0.999 v18_lambda=0.000 gpu=3.0/11.8GB
[23:35:25] [train] ep=82 step=040/40 ce=0.2861 sc=0.8060 mi=0.0623 dn=0.0000 v13=0.0005 grl=0.2592 v15=0.0000 v15r=0.0000 v16=0.0000 v17=0.0000 v18=0.0000 acc=0.9984 lr=2.48e-05 lambda=0.000 grl_lambda=0.999 v18_lambda=0.000 gpu=3.0/11.8GB
[23:35:36] [ep_summary] ep=82/100 val_live=0.9444/0.9445 val_ema=0.9568/0.9564 test77_live=0.6475/0.6130 test77_diag_ema=0.6978/0.6524 v13=0.0005 grl=0.2592 v15=0.0000 v15r=0.0000 v16=0.0000 v17=0.0000 v18=0.0000 das=fixed_full[15,140] p=1.00 ep_time=33.9s
[23:35:36] [train] epoch 83/100 steps=40 use_dann=0 das=fixed_full f=[15.0,140.0] p=1.00 gpu=3.0/11.8GB
[23:35:36] [train] ep=83 step=001/40 ce=0.2600 sc=0.8321 mi=0.0668 dn=0.0000 v13=0.0002 grl=0.2198 v15=0.0000 v15r=0.0000 v16=0.0000 v17=0.0000 v18=0.0000 acc=1.0000 lr=2.48e-05 lambda=0.000 grl_lambda=0.999 v18_lambda=0.000 gpu=3.0/11.8GB
[23:35:41] [train] ep=83 step=010/40 ce=0.2597 sc=0.7347 mi=0.0615 dn=0.0000 v13=0.0005 grl=0.2515 v15=0.0000 v15r=0.0000 v16=0.0000 v17=0.0000 v18=0.0000 acc=1.0000 lr=2.42e-05 lambda=0.000 grl_lambda=0.999 v18_lambda=0.000 gpu=3.0/11.8GB
[23:35:47] [train] ep=83 step=020/40 ce=0.2661 sc=0.7214 mi=0.0622 dn=0.0000 v13=0.0004 grl=0.2615 v15=0.0000 v15r=0.0000 v16=0.0000 v17=0.0000 v18=0.0000 acc=1.0000 lr=2.35e-05 lambda=0.000 grl_lambda=0.999 v18_lambda=0.000 gpu=3.0/11.8GB
[23:35:53] [train] ep=83 step=030/40 ce=0.2785 sc=0.7487 mi=0.0634 dn=0.0000 v13=0.0004 grl=0.2743 v15=0.0000 v15r=0.0000 v16=0.0000 v17=0.0000 v18=0.0000 acc=0.9979 lr=2.29e-05 lambda=0.000 grl_lambda=0.999 v18_lambda=0.000 gpu=3.0/11.8GB
[23:35:59] [train] ep=83 step=040/40 ce=0.2734 sc=0.7798 mi=0.0633 dn=0.0000 v13=0.0005 grl=0.2819 v15=0.0000 v15r=0.0000 v16=0.0000 v17=0.0000 v18=0.0000 acc=0.9984 lr=2.22e-05 lambda=0.000 grl_lambda=1.000 v18_lambda=0.000 gpu=3.0/11.8GB
[23:36:09] [ep_summary] ep=83/100 val_live=0.9506/0.9507 val_ema=0.9568/0.9564 test77_live=0.6511/0.6166 test77_diag_ema=0.6978/0.6524 v13=0.0005 grl=0.2819 v15=0.0000 v15r=0.0000 v16=0.0000 v17=0.0000 v18=0.0000 das=fixed_full[15,140] p=1.00 ep_time=33.9s
[23:36:10] [train] epoch 84/100 steps=40 use_dann=0 das=fixed_full f=[15.0,140.0] p=1.00 gpu=3.0/11.8GB
[23:36:10] [train] ep=84 step=001/40 ce=0.6160 sc=0.9623 mi=0.0650 dn=0.0000 v13=0.0006 grl=0.3161 v15=0.0000 v15r=0.0000 v16=0.0000 v17=0.0000 v18=0.0000 acc=0.9375 lr=2.22e-05 lambda=0.000 grl_lambda=1.000 v18_lambda=0.000 gpu=3.0/11.8GB
[23:36:15] [train] ep=84 step=010/40 ce=0.3134 sc=0.8090 mi=0.0666 dn=0.0000 v13=0.0004 grl=0.2950 v15=0.0000 v15r=0.0000 v16=0.0000 v17=0.0000 v18=0.0000 acc=0.9938 lr=2.16e-05 lambda=0.000 grl_lambda=1.000 v18_lambda=0.000 gpu=3.0/11.8GB
[23:36:21] [train] ep=84 step=020/40 ce=0.2868 sc=0.7660 mi=0.0630 dn=0.0000 v13=0.0004 grl=0.2921 v15=0.0000 v15r=0.0000 v16=0.0000 v17=0.0000 v18=0.0000 acc=0.9969 lr=2.10e-05 lambda=0.000 grl_lambda=1.000 v18_lambda=0.000 gpu=3.0/11.8GB
[23:36:27] [train] ep=84 step=030/40 ce=0.3071 sc=0.7900 mi=0.0635 dn=0.0000 v13=0.0005 grl=0.2871 v15=0.0000 v15r=0.0000 v16=0.0000 v17=0.0000 v18=0.0000 acc=0.9958 lr=2.04e-05 lambda=0.000 grl_lambda=1.000 v18_lambda=0.000 gpu=3.0/11.8GB
[23:36:33] [train] ep=84 step=040/40 ce=0.2986 sc=0.7511 mi=0.0640 dn=0.0000 v13=0.0004 grl=0.2877 v15=0.0000 v15r=0.0000 v16=0.0000 v17=0.0000 v18=0.0000 acc=0.9969 lr=1.98e-05 lambda=0.000 grl_lambda=1.000 v18_lambda=0.000 gpu=3.0/11.8GB
[23:36:43] [ep_summary] ep=84/100 val_live=0.9506/0.9500 val_ema=0.9568/0.9564 test77_live=0.6547/0.6223 test77_diag_ema=0.6978/0.6524 v13=0.0004 grl=0.2877 v15=0.0000 v15r=0.0000 v16=0.0000 v17=0.0000 v18=0.0000 das=fixed_full[15,140] p=1.00 ep_time=33.9s
[23:36:43] [train] epoch 85/100 steps=40 use_dann=0 das=fixed_full f=[15.0,140.0] p=1.00 gpu=3.0/11.8GB
[23:36:44] [train] ep=85 step=001/40 ce=0.2580 sc=0.5518 mi=0.0651 dn=0.0000 v13=0.0004 grl=0.2887 v15=0.0000 v15r=0.0000 v16=0.0000 v17=0.0000 v18=0.0000 acc=1.0000 lr=1.97e-05 lambda=0.000 grl_lambda=1.000 v18_lambda=0.000 gpu=3.0/11.8GB
[23:36:49] [train] ep=85 step=010/40 ce=0.2922 sc=0.9017 mi=0.0651 dn=0.0000 v13=0.0004 grl=0.2806 v15=0.0000 v15r=0.0000 v16=0.0000 v17=0.0000 v18=0.0000 acc=1.0000 lr=1.92e-05 lambda=0.000 grl_lambda=1.000 v18_lambda=0.000 gpu=3.0/11.8GB
[23:36:55] [train] ep=85 step=020/40 ce=0.2751 sc=0.8122 mi=0.0646 dn=0.0000 v13=0.0004 grl=0.2911 v15=0.0000 v15r=0.0000 v16=0.0000 v17=0.0000 v18=0.0000 acc=1.0000 lr=1.86e-05 lambda=0.000 grl_lambda=1.000 v18_lambda=0.000 gpu=3.0/11.8GB
[23:37:01] [train] ep=85 step=030/40 ce=0.2771 sc=0.7738 mi=0.0631 dn=0.0000 v13=0.0005 grl=0.2895 v15=0.0000 v15r=0.0000 v16=0.0000 v17=0.0000 v18=0.0000 acc=1.0000 lr=1.80e-05 lambda=0.000 grl_lambda=1.000 v18_lambda=0.000 gpu=3.0/11.8GB
[23:37:07] [train] ep=85 step=040/40 ce=0.2785 sc=0.7800 mi=0.0632 dn=0.0000 v13=0.0005 grl=0.2859 v15=0.0000 v15r=0.0000 v16=0.0000 v17=0.0000 v18=0.0000 acc=1.0000 lr=1.74e-05 lambda=0.000 grl_lambda=1.000 v18_lambda=0.000 gpu=3.0/11.8GB
[23:37:17] [ep_summary] ep=85/100 val_live=0.9630/0.9626 val_ema=0.9568/0.9564 test77_live=0.6691/0.6349 test77_diag_ema=0.6942/0.6502 v13=0.0005 grl=0.2859 v15=0.0000 v15r=0.0000 v16=0.0000 v17=0.0000 v18=0.0000 das=fixed_full[15,140] p=1.00 ep_time=34.0s
[23:37:17] [train] epoch 86/100 steps=40 use_dann=0 das=fixed_full f=[15.0,140.0] p=1.00 gpu=3.0/11.8GB
[23:37:18] [train] ep=86 step=001/40 ce=0.2588 sc=0.7346 mi=0.0613 dn=0.0000 v13=0.0004 grl=0.2361 v15=0.0000 v15r=0.0000 v16=0.0000 v17=0.0000 v18=0.0000 acc=1.0000 lr=1.74e-05 lambda=0.000 grl_lambda=1.000 v18_lambda=0.000 gpu=3.0/11.8GB
[23:37:23] [train] ep=86 step=010/40 ce=0.2627 sc=0.8913 mi=0.0623 dn=0.0000 v13=0.0003 grl=0.2999 v15=0.0000 v15r=0.0000 v16=0.0000 v17=0.0000 v18=0.0000 acc=1.0000 lr=1.68e-05 lambda=0.000 grl_lambda=1.000 v18_lambda=0.000 gpu=3.0/11.8GB
[23:37:29] [train] ep=86 step=020/40 ce=0.2603 sc=0.8287 mi=0.0613 dn=0.0000 v13=0.0004 grl=0.2638 v15=0.0000 v15r=0.0000 v16=0.0000 v17=0.0000 v18=0.0000 acc=1.0000 lr=1.63e-05 lambda=0.000 grl_lambda=1.000 v18_lambda=0.000 gpu=3.0/11.8GB
[23:37:35] [train] ep=86 step=030/40 ce=0.2722 sc=0.8164 mi=0.0615 dn=0.0000 v13=0.0004 grl=0.2553 v15=0.0000 v15r=0.0000 v16=0.0000 v17=0.0000 v18=0.0000 acc=1.0000 lr=1.57e-05 lambda=0.000 grl_lambda=1.000 v18_lambda=0.000 gpu=3.0/11.8GB
[23:37:41] [train] ep=86 step=040/40 ce=0.2690 sc=0.7919 mi=0.0620 dn=0.0000 v13=0.0004 grl=0.2515 v15=0.0000 v15r=0.0000 v16=0.0000 v17=0.0000 v18=0.0000 acc=1.0000 lr=1.52e-05 lambda=0.000 grl_lambda=1.000 v18_lambda=0.000 gpu=3.0/11.8GB
[23:37:51] [ep_summary] ep=86/100 val_live=0.9568/0.9563 val_ema=0.9568/0.9564 test77_live=0.6691/0.6377 test77_diag_ema=0.6942/0.6502 v13=0.0004 grl=0.2515 v15=0.0000 v15r=0.0000 v16=0.0000 v17=0.0000 v18=0.0000 das=fixed_full[15,140] p=1.00 ep_time=34.0s
[23:37:51] [train] epoch 87/100 steps=40 use_dann=0 das=fixed_full f=[15.0,140.0] p=1.00 gpu=3.0/11.8GB
[23:37:52] [train] ep=87 step=001/40 ce=0.2569 sc=0.8994 mi=0.0673 dn=0.0000 v13=0.0005 grl=0.4343 v15=0.0000 v15r=0.0000 v16=0.0000 v17=0.0000 v18=0.0000 acc=1.0000 lr=1.52e-05 lambda=0.000 grl_lambda=1.000 v18_lambda=0.000 gpu=3.0/11.8GB
[23:37:57] [train] ep=87 step=010/40 ce=0.2580 sc=0.8037 mi=0.0615 dn=0.0000 v13=0.0005 grl=0.2539 v15=0.0000 v15r=0.0000 v16=0.0000 v17=0.0000 v18=0.0000 acc=1.0000 lr=1.47e-05 lambda=0.000 grl_lambda=1.000 v18_lambda=0.000 gpu=3.0/11.8GB
[23:38:03] [train] ep=87 step=020/40 ce=0.2584 sc=0.7350 mi=0.0607 dn=0.0000 v13=0.0005 grl=0.2470 v15=0.0000 v15r=0.0000 v16=0.0000 v17=0.0000 v18=0.0000 acc=1.0000 lr=1.42e-05 lambda=0.000 grl_lambda=1.000 v18_lambda=0.000 gpu=3.0/11.8GB
[23:38:09] [train] ep=87 step=030/40 ce=0.2686 sc=0.7642 mi=0.0628 dn=0.0000 v13=0.0004 grl=0.2525 v15=0.0000 v15r=0.0000 v16=0.0000 v17=0.0000 v18=0.0000 acc=1.0000 lr=1.37e-05 lambda=0.000 grl_lambda=1.000 v18_lambda=0.000 gpu=3.0/11.8GB
[23:38:15] [train] ep=87 step=040/40 ce=0.2662 sc=0.7317 mi=0.0628 dn=0.0000 v13=0.0004 grl=0.2620 v15=0.0000 v15r=0.0000 v16=0.0000 v17=0.0000 v18=0.0000 acc=1.0000 lr=1.31e-05 lambda=0.000 grl_lambda=1.000 v18_lambda=0.000 gpu=3.0/11.8GB
[23:38:25] [ep_summary] ep=87/100 val_live=0.9630/0.9626 val_ema=0.9568/0.9564 test77_live=0.6763/0.6435 test77_diag_ema=0.6942/0.6502 v13=0.0004 grl=0.2620 v15=0.0000 v15r=0.0000 v16=0.0000 v17=0.0000 v18=0.0000 das=fixed_full[15,140] p=1.00 ep_time=34.0s
[23:38:26] [train] epoch 88/100 steps=40 use_dann=0 das=fixed_full f=[15.0,140.0] p=1.00 gpu=3.0/11.8GB
[23:38:26] [train] ep=88 step=001/40 ce=0.2575 sc=0.6465 mi=0.0624 dn=0.0000 v13=0.0006 grl=0.3084 v15=0.0000 v15r=0.0000 v16=0.0000 v17=0.0000 v18=0.0000 acc=1.0000 lr=1.31e-05 lambda=0.000 grl_lambda=1.000 v18_lambda=0.000 gpu=3.0/11.8GB
[23:38:31] [train] ep=88 step=010/40 ce=0.2577 sc=0.6682 mi=0.0588 dn=0.0000 v13=0.0005 grl=0.2537 v15=0.0000 v15r=0.0000 v16=0.0000 v17=0.0000 v18=0.0000 acc=1.0000 lr=1.27e-05 lambda=0.000 grl_lambda=1.000 v18_lambda=0.000 gpu=3.0/11.8GB
[23:38:37] [train] ep=88 step=020/40 ce=0.2580 sc=0.6939 mi=0.0611 dn=0.0000 v13=0.0004 grl=0.2597 v15=0.0000 v15r=0.0000 v16=0.0000 v17=0.0000 v18=0.0000 acc=1.0000 lr=1.22e-05 lambda=0.000 grl_lambda=1.000 v18_lambda=0.000 gpu=3.0/11.8GB
[23:38:43] [train] ep=88 step=030/40 ce=0.2637 sc=0.7436 mi=0.0617 dn=0.0000 v13=0.0005 grl=0.2609 v15=0.0000 v15r=0.0000 v16=0.0000 v17=0.0000 v18=0.0000 acc=1.0000 lr=1.17e-05 lambda=0.000 grl_lambda=1.000 v18_lambda=0.000 gpu=3.0/11.8GB
[23:38:49] [train] ep=88 step=040/40 ce=0.2753 sc=0.7280 mi=0.0625 dn=0.0000 v13=0.0005 grl=0.2789 v15=0.0000 v15r=0.0000 v16=0.0000 v17=0.0000 v18=0.0000 acc=0.9984 lr=1.12e-05 lambda=0.000 grl_lambda=1.000 v18_lambda=0.000 gpu=3.0/11.8GB
[23:38:59] [ep_summary] ep=88/100 val_live=0.9568/0.9563 val_ema=0.9568/0.9564 test77_live=0.6691/0.6364 test77_diag_ema=0.6942/0.6502 v13=0.0005 grl=0.2789 v15=0.0000 v15r=0.0000 v16=0.0000 v17=0.0000 v18=0.0000 das=fixed_full[15,140] p=1.00 ep_time=33.9s
[23:38:59] [train] epoch 89/100 steps=40 use_dann=0 das=fixed_full f=[15.0,140.0] p=1.00 gpu=3.0/11.8GB
[23:39:00] [train] ep=89 step=001/40 ce=0.2581 sc=0.9553 mi=0.0602 dn=0.0000 v13=0.0002 grl=0.2065 v15=0.0000 v15r=0.0000 v16=0.0000 v17=0.0000 v18=0.0000 acc=1.0000 lr=1.12e-05 lambda=0.000 grl_lambda=1.000 v18_lambda=0.000 gpu=3.0/11.8GB
[23:39:05] [train] ep=89 step=010/40 ce=0.2581 sc=0.7304 mi=0.0619 dn=0.0000 v13=0.0004 grl=0.2388 v15=0.0000 v15r=0.0000 v16=0.0000 v17=0.0000 v18=0.0000 acc=1.0000 lr=1.08e-05 lambda=0.000 grl_lambda=1.000 v18_lambda=0.000 gpu=3.0/11.8GB
[23:39:11] [train] ep=89 step=020/40 ce=0.2585 sc=0.6981 mi=0.0617 dn=0.0000 v13=0.0004 grl=0.2420 v15=0.0000 v15r=0.0000 v16=0.0000 v17=0.0000 v18=0.0000 acc=1.0000 lr=1.03e-05 lambda=0.000 grl_lambda=1.000 v18_lambda=0.000 gpu=3.0/11.8GB
[23:39:17] [train] ep=89 step=030/40 ce=0.2590 sc=0.7248 mi=0.0617 dn=0.0000 v13=0.0004 grl=0.2698 v15=0.0000 v15r=0.0000 v16=0.0000 v17=0.0000 v18=0.0000 acc=1.0000 lr=9.89e-06 lambda=0.000 grl_lambda=1.000 v18_lambda=0.000 gpu=3.0/11.8GB
[23:39:23] [train] ep=89 step=040/40 ce=0.2588 sc=0.7571 mi=0.0622 dn=0.0000 v13=0.0005 grl=0.2758 v15=0.0000 v15r=0.0000 v16=0.0000 v17=0.0000 v18=0.0000 acc=1.0000 lr=9.46e-06 lambda=0.000 grl_lambda=1.000 v18_lambda=0.000 gpu=3.0/11.8GB
[23:39:34] [ep_summary] ep=89/100 val_live=0.9568/0.9563 val_ema=0.9568/0.9564 test77_live=0.6691/0.6392 test77_diag_ema=0.6942/0.6502 v13=0.0005 grl=0.2758 v15=0.0000 v15r=0.0000 v16=0.0000 v17=0.0000 v18=0.0000 das=fixed_full[15,140] p=1.00 ep_time=34.1s
[23:39:34] [train] epoch 90/100 steps=40 use_dann=0 das=fixed_full f=[15.0,140.0] p=1.00 gpu=3.0/11.8GB
[23:39:34] [train] ep=90 step=001/40 ce=0.2564 sc=0.4310 mi=0.0626 dn=0.0000 v13=0.0004 grl=0.3902 v15=0.0000 v15r=0.0000 v16=0.0000 v17=0.0000 v18=0.0000 acc=1.0000 lr=9.42e-06 lambda=0.000 grl_lambda=1.000 v18_lambda=0.000 gpu=3.0/11.8GB
[23:39:40] [train] ep=90 step=010/40 ce=0.2585 sc=0.6481 mi=0.0653 dn=0.0000 v13=0.0004 grl=0.2982 v15=0.0000 v15r=0.0000 v16=0.0000 v17=0.0000 v18=0.0000 acc=1.0000 lr=9.04e-06 lambda=0.000 grl_lambda=1.000 v18_lambda=0.000 gpu=3.0/11.8GB
[23:39:45] [train] ep=90 step=020/40 ce=0.2896 sc=0.7060 mi=0.0627 dn=0.0000 v13=0.0004 grl=0.2939 v15=0.0000 v15r=0.0000 v16=0.0000 v17=0.0000 v18=0.0000 acc=0.9969 lr=8.63e-06 lambda=0.000 grl_lambda=1.000 v18_lambda=0.000 gpu=3.0/11.8GB
[23:39:51] [train] ep=90 step=030/40 ce=0.2802 sc=0.7192 mi=0.0625 dn=0.0000 v13=0.0004 grl=0.2825 v15=0.0000 v15r=0.0000 v16=0.0000 v17=0.0000 v18=0.0000 acc=0.9979 lr=8.23e-06 lambda=0.000 grl_lambda=1.000 v18_lambda=0.000 gpu=3.0/11.8GB
[23:39:57] [train] ep=90 step=040/40 ce=0.2914 sc=0.7274 mi=0.0621 dn=0.0000 v13=0.0004 grl=0.2867 v15=0.0000 v15r=0.0000 v16=0.0000 v17=0.0000 v18=0.0000 acc=0.9969 lr=7.84e-06 lambda=0.000 grl_lambda=1.000 v18_lambda=0.000 gpu=3.0/11.8GB
[23:40:08] [pool] check ep=090/100 source_val_acc_ema=0.9568 threshold=0.90
[23:40:13] [pool] ep=090 ADDED src_val=0.9568/0.9564 dev77=0.6214/0.5782 final77=0.6942/0.6502
[23:40:13] [pool] running best ep=080 dev77_f1=0.6163 final77_f1=0.6573 (pool_size=5)
[23:40:13] [ep_summary] ep=90/100 val_live=0.9568/0.9563 val_ema=0.9568/0.9564 test77_live=0.6655/0.6369 test77_diag_ema=0.6942/0.6502 v13=0.0004 grl=0.2867 v15=0.0000 v15r=0.0000 v16=0.0000 v17=0.0000 v18=0.0000 das=fixed_full[15,140] p=1.00 ep_time=39.1s
[23:40:13] [strict77_monitor] ep=90 best_source_epoch=81 source_val_ema=0.9568/0.9564 test77_ema_diag=0.7014/0.6573 sourcequalified_count=48 best_sourcequalified77_epoch=78 source_val_ema=0.9444/0.9444 test77_ema=0.7014/0.6573
[23:40:13] [train] epoch 91/100 steps=40 use_dann=0 das=fixed_full f=[15.0,140.0] p=1.00 gpu=3.0/11.8GB
[23:40:13] [train] ep=91 step=001/40 ce=0.2571 sc=0.5378 mi=0.0486 dn=0.0000 v13=0.0004 grl=0.1840 v15=0.0000 v15r=0.0000 v16=0.0000 v17=0.0000 v18=0.0000 acc=1.0000 lr=7.80e-06 lambda=0.000 grl_lambda=1.000 v18_lambda=0.000 gpu=3.0/11.8GB
[23:40:19] [train] ep=91 step=010/40 ce=0.3039 sc=0.7470 mi=0.0626 dn=0.0000 v13=0.0005 grl=0.2563 v15=0.0000 v15r=0.0000 v16=0.0000 v17=0.0000 v18=0.0000 acc=0.9938 lr=7.45e-06 lambda=0.000 grl_lambda=1.000 v18_lambda=0.000 gpu=3.0/11.8GB
[23:40:24] [train] ep=91 step=020/40 ce=0.3291 sc=0.8085 mi=0.0625 dn=0.0000 v13=0.0005 grl=0.2767 v15=0.0000 v15r=0.0000 v16=0.0000 v17=0.0000 v18=0.0000 acc=0.9938 lr=7.08e-06 lambda=0.000 grl_lambda=1.000 v18_lambda=0.000 gpu=3.0/11.8GB
[23:40:30] [train] ep=91 step=030/40 ce=0.3053 sc=0.8240 mi=0.0618 dn=0.0000 v13=0.0005 grl=0.2675 v15=0.0000 v15r=0.0000 v16=0.0000 v17=0.0000 v18=0.0000 acc=0.9958 lr=6.72e-06 lambda=0.000 grl_lambda=1.000 v18_lambda=0.000 gpu=3.0/11.8GB
[23:40:36] [train] ep=91 step=040/40 ce=0.2933 sc=0.8112 mi=0.0624 dn=0.0000 v13=0.0005 grl=0.2683 v15=0.0000 v15r=0.0000 v16=0.0000 v17=0.0000 v18=0.0000 acc=0.9969 lr=6.36e-06 lambda=0.000 grl_lambda=1.000 v18_lambda=0.000 gpu=3.0/11.8GB
[23:40:47] [ep_summary] ep=91/100 val_live=0.9568/0.9563 val_ema=0.9568/0.9564 test77_live=0.6547/0.6228 test77_diag_ema=0.6906/0.6482 v13=0.0005 grl=0.2683 v15=0.0000 v15r=0.0000 v16=0.0000 v17=0.0000 v18=0.0000 das=fixed_full[15,140] p=1.00 ep_time=34.0s
[23:40:47] [train] epoch 92/100 steps=40 use_dann=0 das=fixed_full f=[15.0,140.0] p=1.00 gpu=3.0/11.8GB
[23:40:47] [train] ep=92 step=001/40 ce=0.2615 sc=0.6536 mi=0.0799 dn=0.0000 v13=0.0004 grl=0.4014 v15=0.0000 v15r=0.0000 v16=0.0000 v17=0.0000 v18=0.0000 acc=1.0000 lr=6.33e-06 lambda=0.000 grl_lambda=1.000 v18_lambda=0.000 gpu=3.0/11.8GB
[23:40:53] [train] ep=92 step=010/40 ce=0.2677 sc=0.7076 mi=0.0657 dn=0.0000 v13=0.0004 grl=0.3319 v15=0.0000 v15r=0.0000 v16=0.0000 v17=0.0000 v18=0.0000 acc=1.0000 lr=6.02e-06 lambda=0.000 grl_lambda=1.000 v18_lambda=0.000 gpu=3.0/11.8GB
[23:40:58] [train] ep=92 step=020/40 ce=0.2779 sc=0.7449 mi=0.0640 dn=0.0000 v13=0.0004 grl=0.3077 v15=0.0000 v15r=0.0000 v16=0.0000 v17=0.0000 v18=0.0000 acc=1.0000 lr=5.68e-06 lambda=0.000 grl_lambda=1.000 v18_lambda=0.000 gpu=3.0/11.8GB
[23:41:04] [train] ep=92 step=030/40 ce=0.2739 sc=0.7388 mi=0.0643 dn=0.0000 v13=0.0005 grl=0.3144 v15=0.0000 v15r=0.0000 v16=0.0000 v17=0.0000 v18=0.0000 acc=1.0000 lr=5.35e-06 lambda=0.000 grl_lambda=1.000 v18_lambda=0.000 gpu=3.0/11.8GB
[23:41:10] [train] ep=92 step=040/40 ce=0.2699 sc=0.7167 mi=0.0639 dn=0.0000 v13=0.0005 grl=0.3021 v15=0.0000 v15r=0.0000 v16=0.0000 v17=0.0000 v18=0.0000 acc=1.0000 lr=5.04e-06 lambda=0.000 grl_lambda=1.000 v18_lambda=0.000 gpu=3.0/11.8GB
[23:41:21] [ep_summary] ep=92/100 val_live=0.9568/0.9563 val_ema=0.9568/0.9564 test77_live=0.6583/0.6264 test77_diag_ema=0.6906/0.6482 v13=0.0005 grl=0.3021 v15=0.0000 v15r=0.0000 v16=0.0000 v17=0.0000 v18=0.0000 das=fixed_full[15,140] p=1.00 ep_time=33.9s
[23:41:21] [train] epoch 93/100 steps=40 use_dann=0 das=fixed_full f=[15.0,140.0] p=1.00 gpu=3.0/11.8GB
[23:41:21] [train] ep=93 step=001/40 ce=0.2564 sc=0.7603 mi=0.0557 dn=0.0000 v13=0.0003 grl=0.2210 v15=0.0000 v15r=0.0000 v16=0.0000 v17=0.0000 v18=0.0000 acc=1.0000 lr=5.01e-06 lambda=0.000 grl_lambda=1.000 v18_lambda=0.000 gpu=3.0/11.8GB
[23:41:26] [train] ep=93 step=010/40 ce=0.2789 sc=0.7708 mi=0.0623 dn=0.0000 v13=0.0004 grl=0.2374 v15=0.0000 v15r=0.0000 v16=0.0000 v17=0.0000 v18=0.0000 acc=1.0000 lr=4.73e-06 lambda=0.000 grl_lambda=1.000 v18_lambda=0.000 gpu=3.0/11.8GB
[23:41:32] [train] ep=93 step=020/40 ce=0.3033 sc=0.7586 mi=0.0627 dn=0.0000 v13=0.0004 grl=0.2644 v15=0.0000 v15r=0.0000 v16=0.0000 v17=0.0000 v18=0.0000 acc=0.9969 lr=4.43e-06 lambda=0.000 grl_lambda=1.000 v18_lambda=0.000 gpu=3.0/11.8GB
[23:41:38] [train] ep=93 step=030/40 ce=0.2897 sc=0.7537 mi=0.0630 dn=0.0000 v13=0.0005 grl=0.2689 v15=0.0000 v15r=0.0000 v16=0.0000 v17=0.0000 v18=0.0000 acc=0.9979 lr=4.14e-06 lambda=0.000 grl_lambda=1.000 v18_lambda=0.000 gpu=3.0/11.8GB
[23:41:44] [train] ep=93 step=040/40 ce=0.2818 sc=0.7442 mi=0.0634 dn=0.0000 v13=0.0005 grl=0.2753 v15=0.0000 v15r=0.0000 v16=0.0000 v17=0.0000 v18=0.0000 acc=0.9984 lr=3.87e-06 lambda=0.000 grl_lambda=1.000 v18_lambda=0.000 gpu=3.0/11.8GB
[23:41:54] [ep_summary] ep=93/100 val_live=0.9568/0.9563 val_ema=0.9568/0.9564 test77_live=0.6619/0.6332 test77_diag_ema=0.6871/0.6463 v13=0.0005 grl=0.2753 v15=0.0000 v15r=0.0000 v16=0.0000 v17=0.0000 v18=0.0000 das=fixed_full[15,140] p=1.00 ep_time=33.8s
[23:41:54] [train] epoch 94/100 steps=40 use_dann=0 das=fixed_full f=[15.0,140.0] p=1.00 gpu=3.0/11.8GB
[23:41:55] [train] ep=94 step=001/40 ce=0.2570 sc=0.9339 mi=0.0547 dn=0.0000 v13=0.0005 grl=0.1816 v15=0.0000 v15r=0.0000 v16=0.0000 v17=0.0000 v18=0.0000 acc=1.0000 lr=3.84e-06 lambda=0.000 grl_lambda=1.000 v18_lambda=0.000 gpu=3.0/11.8GB
[23:42:00] [train] ep=94 step=010/40 ce=0.2586 sc=0.6793 mi=0.0626 dn=0.0000 v13=0.0005 grl=0.2791 v15=0.0000 v15r=0.0000 v16=0.0000 v17=0.0000 v18=0.0000 acc=1.0000 lr=3.60e-06 lambda=0.000 grl_lambda=1.000 v18_lambda=0.000 gpu=3.0/11.8GB
[23:42:06] [train] ep=94 step=020/40 ce=0.2585 sc=0.7412 mi=0.0635 dn=0.0000 v13=0.0004 grl=0.2763 v15=0.0000 v15r=0.0000 v16=0.0000 v17=0.0000 v18=0.0000 acc=1.0000 lr=3.34e-06 lambda=0.000 grl_lambda=1.000 v18_lambda=0.000 gpu=3.0/11.8GB
[23:42:12] [train] ep=94 step=030/40 ce=0.2587 sc=0.7713 mi=0.0639 dn=0.0000 v13=0.0005 grl=0.2822 v15=0.0000 v15r=0.0000 v16=0.0000 v17=0.0000 v18=0.0000 acc=1.0000 lr=3.09e-06 lambda=0.000 grl_lambda=1.000 v18_lambda=0.000 gpu=3.0/11.8GB
[23:42:18] [train] ep=94 step=040/40 ce=0.2586 sc=0.7893 mi=0.0638 dn=0.0000 v13=0.0005 grl=0.2847 v15=0.0000 v15r=0.0000 v16=0.0000 v17=0.0000 v18=0.0000 acc=1.0000 lr=2.85e-06 lambda=0.000 grl_lambda=1.000 v18_lambda=0.000 gpu=3.0/11.8GB
[23:42:28] [ep_summary] ep=94/100 val_live=0.9568/0.9563 val_ema=0.9568/0.9564 test77_live=0.6619/0.6332 test77_diag_ema=0.6871/0.6463 v13=0.0005 grl=0.2847 v15=0.0000 v15r=0.0000 v16=0.0000 v17=0.0000 v18=0.0000 das=fixed_full[15,140] p=1.00 ep_time=33.9s
[23:42:28] [train] epoch 95/100 steps=40 use_dann=0 das=fixed_full f=[15.0,140.0] p=1.00 gpu=3.0/11.8GB
[23:42:29] [train] ep=95 step=001/40 ce=0.2580 sc=0.6470 mi=0.0619 dn=0.0000 v13=0.0004 grl=0.1443 v15=0.0000 v15r=0.0000 v16=0.0000 v17=0.0000 v18=0.0000 acc=1.0000 lr=2.82e-06 lambda=0.000 grl_lambda=1.000 v18_lambda=0.000 gpu=3.0/11.8GB
[23:42:34] [train] ep=95 step=010/40 ce=0.2574 sc=0.7865 mi=0.0606 dn=0.0000 v13=0.0004 grl=0.2694 v15=0.0000 v15r=0.0000 v16=0.0000 v17=0.0000 v18=0.0000 acc=1.0000 lr=2.62e-06 lambda=0.000 grl_lambda=1.000 v18_lambda=0.000 gpu=3.0/11.8GB
[23:42:40] [train] ep=95 step=020/40 ce=0.2577 sc=0.8261 mi=0.0599 dn=0.0000 v13=0.0004 grl=0.2798 v15=0.0000 v15r=0.0000 v16=0.0000 v17=0.0000 v18=0.0000 acc=1.0000 lr=2.40e-06 lambda=0.000 grl_lambda=1.000 v18_lambda=0.000 gpu=3.0/11.8GB
[23:42:46] [train] ep=95 step=030/40 ce=0.2578 sc=0.7755 mi=0.0608 dn=0.0000 v13=0.0004 grl=0.2805 v15=0.0000 v15r=0.0000 v16=0.0000 v17=0.0000 v18=0.0000 acc=1.0000 lr=2.18e-06 lambda=0.000 grl_lambda=1.000 v18_lambda=0.000 gpu=3.0/11.8GB
[23:42:52] [train] ep=95 step=040/40 ce=0.2580 sc=0.7823 mi=0.0615 dn=0.0000 v13=0.0004 grl=0.2721 v15=0.0000 v15r=0.0000 v16=0.0000 v17=0.0000 v18=0.0000 acc=1.0000 lr=1.98e-06 lambda=0.000 grl_lambda=1.000 v18_lambda=0.000 gpu=3.0/11.8GB
[23:43:02] [ep_summary] ep=95/100 val_live=0.9568/0.9563 val_ema=0.9568/0.9564 test77_live=0.6655/0.6374 test77_diag_ema=0.6835/0.6426 v13=0.0004 grl=0.2721 v15=0.0000 v15r=0.0000 v16=0.0000 v17=0.0000 v18=0.0000 das=fixed_full[15,140] p=1.00 ep_time=33.9s
[23:43:02] [train] epoch 96/100 steps=40 use_dann=0 das=fixed_full f=[15.0,140.0] p=1.00 gpu=3.0/11.8GB
[23:43:03] [train] ep=96 step=001/40 ce=0.2594 sc=0.7338 mi=0.0617 dn=0.0000 v13=0.0003 grl=0.2547 v15=0.0000 v15r=0.0000 v16=0.0000 v17=0.0000 v18=0.0000 acc=1.0000 lr=1.96e-06 lambda=0.000 grl_lambda=1.000 v18_lambda=0.000 gpu=3.0/11.8GB
[23:43:08] [train] ep=96 step=010/40 ce=0.2590 sc=0.8137 mi=0.0638 dn=0.0000 v13=0.0004 grl=0.3235 v15=0.0000 v15r=0.0000 v16=0.0000 v17=0.0000 v18=0.0000 acc=1.0000 lr=1.79e-06 lambda=0.000 grl_lambda=1.000 v18_lambda=0.000 gpu=3.0/11.8GB
[23:43:14] [train] ep=96 step=020/40 ce=0.2924 sc=0.8315 mi=0.0612 dn=0.0000 v13=0.0004 grl=0.2991 v15=0.0000 v15r=0.0000 v16=0.0000 v17=0.0000 v18=0.0000 acc=0.9969 lr=1.61e-06 lambda=0.000 grl_lambda=1.000 v18_lambda=0.000 gpu=3.0/11.8GB
[23:43:20] [train] ep=96 step=030/40 ce=0.2994 sc=0.8273 mi=0.0614 dn=0.0000 v13=0.0004 grl=0.3012 v15=0.0000 v15r=0.0000 v16=0.0000 v17=0.0000 v18=0.0000 acc=0.9958 lr=1.44e-06 lambda=0.000 grl_lambda=1.000 v18_lambda=0.000 gpu=3.0/11.8GB
[23:43:26] [train] ep=96 step=040/40 ce=0.2894 sc=0.7860 mi=0.0617 dn=0.0000 v13=0.0004 grl=0.2981 v15=0.0000 v15r=0.0000 v16=0.0000 v17=0.0000 v18=0.0000 acc=0.9969 lr=1.27e-06 lambda=0.000 grl_lambda=1.000 v18_lambda=0.000 gpu=3.0/11.8GB
[23:43:36] [ep_summary] ep=96/100 val_live=0.9568/0.9563 val_ema=0.9506/0.9500 test77_live=0.6655/0.6374 test77_diag_ema=0.6835/0.6426 v13=0.0004 grl=0.2981 v15=0.0000 v15r=0.0000 v16=0.0000 v17=0.0000 v18=0.0000 das=fixed_full[15,140] p=1.00 ep_time=33.8s
[23:43:36] [train] epoch 97/100 steps=40 use_dann=0 das=fixed_full f=[15.0,140.0] p=1.00 gpu=3.0/11.8GB
[23:43:37] [train] ep=97 step=001/40 ce=1.0913 sc=2.4045 mi=0.0558 dn=0.0000 v13=0.0004 grl=0.1821 v15=0.0000 v15r=0.0000 v16=0.0000 v17=0.0000 v18=0.0000 acc=0.9375 lr=1.26e-06 lambda=0.000 grl_lambda=1.000 v18_lambda=0.000 gpu=3.0/11.8GB
[23:43:42] [train] ep=97 step=010/40 ce=0.3417 sc=0.9394 mi=0.0649 dn=0.0000 v13=0.0004 grl=0.2947 v15=0.0000 v15r=0.0000 v16=0.0000 v17=0.0000 v18=0.0000 acc=0.9938 lr=1.12e-06 lambda=0.000 grl_lambda=1.000 v18_lambda=0.000 gpu=3.0/11.8GB
[23:43:48] [train] ep=97 step=020/40 ce=0.3215 sc=0.8303 mi=0.0633 dn=0.0000 v13=0.0005 grl=0.2884 v15=0.0000 v15r=0.0000 v16=0.0000 v17=0.0000 v18=0.0000 acc=0.9938 lr=9.76e-07 lambda=0.000 grl_lambda=1.000 v18_lambda=0.000 gpu=3.0/11.8GB
[23:43:54] [train] ep=97 step=030/40 ce=0.3223 sc=0.8311 mi=0.0623 dn=0.0000 v13=0.0005 grl=0.2820 v15=0.0000 v15r=0.0000 v16=0.0000 v17=0.0000 v18=0.0000 acc=0.9938 lr=8.43e-07 lambda=0.000 grl_lambda=1.000 v18_lambda=0.000 gpu=3.0/11.8GB
[23:43:59] [train] ep=97 step=040/40 ce=0.3090 sc=0.7891 mi=0.0627 dn=0.0000 v13=0.0004 grl=0.2746 v15=0.0000 v15r=0.0000 v16=0.0000 v17=0.0000 v18=0.0000 acc=0.9953 lr=7.19e-07 lambda=0.000 grl_lambda=1.000 v18_lambda=0.000 gpu=3.0/11.8GB
[23:44:10] [ep_summary] ep=97/100 val_live=0.9568/0.9563 val_ema=0.9506/0.9500 test77_live=0.6655/0.6374 test77_diag_ema=0.6799/0.6394 v13=0.0004 grl=0.2746 v15=0.0000 v15r=0.0000 v16=0.0000 v17=0.0000 v18=0.0000 das=fixed_full[15,140] p=1.00 ep_time=33.9s
[23:44:10] [train] epoch 98/100 steps=40 use_dann=0 das=fixed_full f=[15.0,140.0] p=1.00 gpu=3.0/11.8GB
[23:44:10] [train] ep=98 step=001/40 ce=0.2593 sc=0.9763 mi=0.0621 dn=0.0000 v13=0.0005 grl=0.1747 v15=0.0000 v15r=0.0000 v16=0.0000 v17=0.0000 v18=0.0000 acc=1.0000 lr=7.07e-07 lambda=0.000 grl_lambda=1.000 v18_lambda=0.000 gpu=3.0/11.8GB
[23:44:16] [train] ep=98 step=010/40 ce=0.2677 sc=0.7550 mi=0.0646 dn=0.0000 v13=0.0005 grl=0.3136 v15=0.0000 v15r=0.0000 v16=0.0000 v17=0.0000 v18=0.0000 acc=1.0000 lr=6.05e-07 lambda=0.000 grl_lambda=1.000 v18_lambda=0.000 gpu=3.0/11.8GB
[23:44:22] [train] ep=98 step=020/40 ce=0.2871 sc=0.7885 mi=0.0645 dn=0.0000 v13=0.0004 grl=0.3016 v15=0.0000 v15r=0.0000 v16=0.0000 v17=0.0000 v18=0.0000 acc=0.9969 lr=5.01e-07 lambda=0.000 grl_lambda=1.000 v18_lambda=0.000 gpu=3.0/11.8GB
[23:44:27] [train] ep=98 step=030/40 ce=0.3103 sc=0.8030 mi=0.0639 dn=0.0000 v13=0.0004 grl=0.2857 v15=0.0000 v15r=0.0000 v16=0.0000 v17=0.0000 v18=0.0000 acc=0.9958 lr=4.07e-07 lambda=0.000 grl_lambda=1.000 v18_lambda=0.000 gpu=3.0/11.8GB
[23:44:33] [train] ep=98 step=040/40 ce=0.2972 sc=0.8023 mi=0.0626 dn=0.0000 v13=0.0004 grl=0.2815 v15=0.0000 v15r=0.0000 v16=0.0000 v17=0.0000 v18=0.0000 acc=0.9969 lr=3.22e-07 lambda=0.000 grl_lambda=1.000 v18_lambda=0.000 gpu=3.0/11.8GB
[23:44:44] [ep_summary] ep=98/100 val_live=0.9568/0.9563 val_ema=0.9506/0.9500 test77_live=0.6655/0.6374 test77_diag_ema=0.6799/0.6394 v13=0.0004 grl=0.2815 v15=0.0000 v15r=0.0000 v16=0.0000 v17=0.0000 v18=0.0000 das=fixed_full[15,140] p=1.00 ep_time=33.8s
[23:44:44] [train] epoch 99/100 steps=40 use_dann=0 das=fixed_full f=[15.0,140.0] p=1.00 gpu=3.0/11.8GB
[23:44:44] [train] ep=99 step=001/40 ce=0.3084 sc=0.6277 mi=0.0599 dn=0.0000 v13=0.0003 grl=0.2972 v15=0.0000 v15r=0.0000 v16=0.0000 v17=0.0000 v18=0.0000 acc=1.0000 lr=3.15e-07 lambda=0.000 grl_lambda=1.000 v18_lambda=0.000 gpu=3.0/11.8GB
[23:44:50] [train] ep=99 step=010/40 ce=0.2634 sc=0.7763 mi=0.0655 dn=0.0000 v13=0.0004 grl=0.3258 v15=0.0000 v15r=0.0000 v16=0.0000 v17=0.0000 v18=0.0000 acc=1.0000 lr=2.48e-07 lambda=0.000 grl_lambda=1.000 v18_lambda=0.000 gpu=3.0/11.8GB
[23:44:55] [train] ep=99 step=020/40 ce=0.2654 sc=0.7193 mi=0.0646 dn=0.0000 v13=0.0004 grl=0.3171 v15=0.0000 v15r=0.0000 v16=0.0000 v17=0.0000 v18=0.0000 acc=1.0000 lr=1.83e-07 lambda=0.000 grl_lambda=1.000 v18_lambda=0.000 gpu=3.0/11.8GB
[23:45:01] [train] ep=99 step=030/40 ce=0.2629 sc=0.7489 mi=0.0632 dn=0.0000 v13=0.0004 grl=0.3002 v15=0.0000 v15r=0.0000 v16=0.0000 v17=0.0000 v18=0.0000 acc=1.0000 lr=1.28e-07 lambda=0.000 grl_lambda=1.000 v18_lambda=0.000 gpu=3.0/11.8GB
[23:45:07] [train] ep=99 step=040/40 ce=0.2889 sc=0.7879 mi=0.0624 dn=0.0000 v13=0.0004 grl=0.2873 v15=0.0000 v15r=0.0000 v16=0.0000 v17=0.0000 v18=0.0000 acc=0.9969 lr=8.26e-08 lambda=0.000 grl_lambda=1.000 v18_lambda=0.000 gpu=3.0/11.8GB
[23:45:18] [ep_summary] ep=99/100 val_live=0.9568/0.9563 val_ema=0.9506/0.9500 test77_live=0.6655/0.6374 test77_diag_ema=0.6799/0.6394 v13=0.0004 grl=0.2873 v15=0.0000 v15r=0.0000 v16=0.0000 v17=0.0000 v18=0.0000 das=fixed_full[15,140] p=1.00 ep_time=33.9s
[23:45:18] [train] epoch 100/100 steps=40 use_dann=0 das=fixed_full f=[15.0,140.0] p=1.00 gpu=3.0/11.8GB
[23:45:18] [train] ep=100 step=001/40 ce=0.2573 sc=0.9963 mi=0.0621 dn=0.0000 v13=0.0006 grl=0.3375 v15=0.0000 v15r=0.0000 v16=0.0000 v17=0.0000 v18=0.0000 acc=1.0000 lr=7.87e-08 lambda=0.000 grl_lambda=1.000 v18_lambda=0.000 gpu=3.0/11.8GB
[23:45:24] [train] ep=100 step=010/40 ce=0.3292 sc=0.8877 mi=0.0639 dn=0.0000 v13=0.0004 grl=0.2867 v15=0.0000 v15r=0.0000 v16=0.0000 v17=0.0000 v18=0.0000 acc=0.9938 lr=4.72e-08 lambda=0.000 grl_lambda=1.000 v18_lambda=0.000 gpu=3.0/11.8GB
[23:45:29] [train] ep=100 step=020/40 ce=0.2949 sc=0.8418 mi=0.0631 dn=0.0000 v13=0.0004 grl=0.2921 v15=0.0000 v15r=0.0000 v16=0.0000 v17=0.0000 v18=0.0000 acc=0.9969 lr=2.17e-08 lambda=0.000 grl_lambda=1.000 v18_lambda=0.000 gpu=3.0/11.8GB
[23:45:35] [train] ep=100 step=030/40 ce=0.2824 sc=0.7953 mi=0.0623 dn=0.0000 v13=0.0004 grl=0.2827 v15=0.0000 v15r=0.0000 v16=0.0000 v17=0.0000 v18=0.0000 acc=0.9979 lr=5.95e-09 lambda=0.000 grl_lambda=1.000 v18_lambda=0.000 gpu=3.0/11.8GB
[23:45:41] [train] ep=100 step=040/40 ce=0.2763 sc=0.7786 mi=0.0625 dn=0.0000 v13=0.0004 grl=0.2857 v15=0.0000 v15r=0.0000 v16=0.0000 v17=0.0000 v18=0.0000 acc=0.9984 lr=4.92e-11 lambda=0.000 grl_lambda=1.000 v18_lambda=0.000 gpu=3.0/11.8GB
[23:45:52] [pool] check ep=100/100 source_val_acc_ema=0.9506 threshold=0.90
[23:45:56] [pool] ep=100 ADDED src_val=0.9506/0.9500 dev77=0.5857/0.5480 final77=0.6799/0.6394
[23:45:56] [pool] running best ep=080 dev77_f1=0.6163 final77_f1=0.6573 (pool_size=6)
[23:45:57] [ep_summary] ep=100/100 val_live=0.9568/0.9563 val_ema=0.9506/0.9500 test77_live=0.6655/0.6374 test77_diag_ema=0.6799/0.6394 v13=0.0004 grl=0.2857 v15=0.0000 v15r=0.0000 v16=0.0000 v17=0.0000 v18=0.0000 das=fixed_full[15,140] p=1.00 ep_time=38.9s
[23:45:57] [strict77_monitor] ep=100 best_source_epoch=81 source_val_ema=0.9568/0.9564 test77_ema_diag=0.7014/0.6573 sourcequalified_count=58 best_sourcequalified77_epoch=78 source_val_ema=0.9444/0.9444 test77_ema=0.7014/0.6573
[23:45:57] [pool] FINAL pool_size=6 best ep=080 dev77_f1=0.6163 final77_f1=0.6573 -> /scratch/st-zliu-1/heqingz/CrossCarrier_Fresh_20260922/CrossCarrier_Repro/EXPERIMENTSRESULT/REVISION_5090/SUPP_ABLATION/SCHED_fixedfull_ACR/seed1234/checkpoints/best_pool_ema.pt
[23:45:57] [train] done best_sourceval_acc_ema=0.9568
[23:46:20] [eval] loaded vit_large_patch16_dinov3_lvd1689m_best_sourceval_ema.pt (sourceval)
[23:46:20] [eval] strict source-val selected by ema acc; heldout77_unused=140 final_test77=278 imgs, seed=42 dev_per_class=20
[23:46:23] [eval] 77GHz final-test acc=0.7014 f1=0.6573
[23:46:23] [eval] 77GHz final-test per-class={'Away': 0.025, 'Bend': 0.7692307692307693, 'Kneel': 0.9047619047619048, 'Pick': 0.9, 'SStep': 1.0, 'Sit': 0.43243243243243246, 'Towards': 0.85}
[23:46:26] [eval] val_all acc=0.9568 f1=0.9564
[23:46:27] [freq_scan:val10] f_virt=15GHz acc=0.9744 f1=0.9760
[23:46:28] [freq_scan:val10] f_virt=30GHz acc=0.9744 f1=0.9760
[23:46:29] [freq_scan:val10] f_virt=50GHz acc=0.9744 f1=0.9760
[23:46:30] [freq_scan:val10] f_virt=77GHz acc=0.9744 f1=0.9760
[23:46:31] [freq_scan:val10] f_virt=99GHz acc=0.9744 f1=0.9762
[23:46:33] [freq_scan:val10] f_virt=120GHz acc=0.9615 f1=0.9642
[23:46:34] [freq_scan:val10] f_virt=140GHz acc=0.9615 f1=0.9641
[23:46:35] [freq_scan:val24] f_virt=15GHz acc=0.9881 f1=0.9881
[23:46:36] [freq_scan:val24] f_virt=30GHz acc=0.9881 f1=0.9875
[23:46:37] [freq_scan:val24] f_virt=50GHz acc=1.0000 f1=1.0000
[23:46:39] [freq_scan:val24] f_virt=77GHz acc=1.0000 f1=1.0000
[23:46:40] [freq_scan:val24] f_virt=99GHz acc=0.9881 f1=0.9881
[23:46:41] [freq_scan:val24] f_virt=120GHz acc=1.0000 f1=1.0000
[23:46:43] [freq_scan:val24] f_virt=140GHz acc=0.9762 f1=0.9760
[23:46:43] [eval] saved eval_sourceval.json
[23:46:54] [eval] loaded vit_large_patch16_dinov3_lvd1689m_best_sourcequalified77_ema.pt (sourcequalified)
[23:46:54] [eval] source-qualified diagnostic selected (source-val ema acc >= 0.90, then best 77GHz ema macro-F1); heldout77_unused=140 final_test77=278 imgs, seed=42 dev_per_class=20
[23:46:58] [eval] 77GHz final-test acc=0.7014 f1=0.6573
[23:46:58] [eval] 77GHz final-test per-class={'Away': 0.025, 'Bend': 0.7692307692307693, 'Kneel': 0.9047619047619048, 'Pick': 0.9, 'SStep': 1.0, 'Sit': 0.43243243243243246, 'Towards': 0.85}
[23:47:00] [eval] val_all acc=0.9444 f1=0.9444
[23:47:01] [freq_scan:val10] f_virt=15GHz acc=0.9744 f1=0.9760
[23:47:02] [freq_scan:val10] f_virt=30GHz acc=0.9744 f1=0.9760
[23:47:03] [freq_scan:val10] f_virt=50GHz acc=0.9744 f1=0.9760
[23:47:04] [freq_scan:val10] f_virt=77GHz acc=0.9744 f1=0.9760
[23:47:05] [freq_scan:val10] f_virt=99GHz acc=0.9744 f1=0.9762
[23:47:07] [freq_scan:val10] f_virt=120GHz acc=0.9615 f1=0.9642
[23:47:08] [freq_scan:val10] f_virt=140GHz acc=0.9615 f1=0.9641
[23:47:09] [freq_scan:val24] f_virt=15GHz acc=0.9881 f1=0.9881
[23:47:10] [freq_scan:val24] f_virt=30GHz acc=0.9881 f1=0.9875
[23:47:11] [freq_scan:val24] f_virt=50GHz acc=1.0000 f1=1.0000
[23:47:13] [freq_scan:val24] f_virt=77GHz acc=1.0000 f1=1.0000
[23:47:14] [freq_scan:val24] f_virt=99GHz acc=0.9881 f1=0.9881
[23:47:15] [freq_scan:val24] f_virt=120GHz acc=0.9762 f1=0.9760
[23:47:17] [freq_scan:val24] f_virt=140GHz acc=0.9762 f1=0.9760
[23:47:17] [eval] saved eval_sourcequalified.json
