[22:46:23] run_dir=/scratch/st-zliu-1/heqingz/CrossCarrier_Fresh_20260922/CrossCarrier_Repro/EXPERIMENTSRESULT/REVISION_5090/SUPP_ABLATION/SCHED_fixedfull_ACR/seed31415
[22:46:23] device=cuda
[22:46:23] backbone=vit_large_patch16_dinov3.lvd1689m
[22:46:23] env: manifest_dir=/scratch/st-zliu-1/heqingz/CrossCarrier_Fresh_20260922/CrossCarrier_Repro/tasks/known_people_unknown_freq/manifest dataset_root=/scratch/st-zliu-1/heqingz/CrossCarrier_Fresh_20260922/CrossCarrier_Repro use_dann=False selection=source_val_acc_ema adapter_mode=lora
[22:46:23] set_seed(31415)
[22:46:27] [fast_gpu] source cache 644 imgs (0.39GB) on cuda
[22:46:27] train_source=644 train_src_rows=10:302 24:342 source_steps/epoch=40 val_all=162 heldout77_unused=140 test77_final=278
[22:46:27] [test77_split] seed=42 dev_per_class=20
[22:48:14] trainable params=2444546 (encoder_lora+neck+head + miro_proj+v15_falsification+v13_residual_split+v13_grl_carrier_adv)
[22:48:14] logit_prior=[-1.9678890705108643, -1.913821816444397, -1.8427258729934692, -1.9678890705108643, -2.0133514404296875, -1.8929877281188965, -2.036881923675537]
[22:48:14] use_dann=False
[22:48:14] use_das=True
[22:48:14] das_mode=fixed_full initial_stage={'name': 'fixed_full', 'p': 1.0, 'f_low': 15.0, 'f_high': 140.0}
[22:48:14] aug_flags: USE_HFT=True USE_SPEC_AUGMENT=True
[22:48:14] adapter_mode=lora
[22:48:14] schedule: epochs=100 steps/epoch=40 imgs/step=16 total_steps=4000 total_imgs=64000 warmup_steps=120
[22:48:14] source_qualified_policy: val_acc_ema>=0.90 candidates are recorded; best candidate by 77GHz F1 is saved as diagnostic
[22:48:14] [pool] init threshold=0.90 period=10 selection=dev77_f1
[22:48:14] [train] epoch 1/100 steps=40 use_dann=0 das=fixed_full f=[15.0,140.0] p=1.00 gpu=3.0/3.0GB
[22:48:23] [train] ep=01 step=001/40 ce=8.1421 sc=2.9046 mi=1.0255 dn=0.0000 v13=0.0742 grl=3.7203 v15=0.0000 v15r=0.0000 v16=0.0000 v17=0.0000 v18=0.0000 acc=0.1875 lr=2.50e-06 lambda=0.000 grl_lambda=0.000 v18_lambda=0.000 gpu=3.0/11.8GB
[22:48:28] [train] ep=01 step=010/40 ce=8.1846 sc=2.7250 mi=1.0172 dn=0.0000 v13=0.0418 grl=3.4350 v15=0.0000 v15r=0.0000 v16=0.0000 v17=0.0000 v18=0.0000 acc=0.1375 lr=2.50e-05 lambda=0.000 grl_lambda=0.011 v18_lambda=0.000 gpu=3.0/11.8GB
[22:48:34] [train] ep=01 step=020/40 ce=8.0118 sc=2.7766 mi=0.9687 dn=0.0000 v13=0.0319 grl=3.2303 v15=0.0000 v15r=0.0000 v16=0.0000 v17=0.0000 v18=0.0000 acc=0.1625 lr=5.00e-05 lambda=0.000 grl_lambda=0.024 v18_lambda=0.000 gpu=3.0/11.8GB
[22:48:40] [train] ep=01 step=030/40 ce=7.9142 sc=2.7875 mi=0.8931 dn=0.0000 v13=0.0250 grl=3.0074 v15=0.0000 v15r=0.0000 v16=0.0000 v17=0.0000 v18=0.0000 acc=0.1792 lr=7.50e-05 lambda=0.000 grl_lambda=0.036 v18_lambda=0.000 gpu=3.0/11.8GB
[22:48:46] [train] ep=01 step=040/40 ce=7.8157 sc=2.7897 mi=0.8063 dn=0.0000 v13=0.0207 grl=2.7481 v15=0.0000 v15r=0.0000 v16=0.0000 v17=0.0000 v18=0.0000 acc=0.1922 lr=1.00e-04 lambda=0.000 grl_lambda=0.049 v18_lambda=0.000 gpu=3.0/11.8GB
[22:48:51] [ep_summary] ep=01/100 val_live=0.1481/0.0369 val_ema=0.0000/0.0000 test77_live=0.2266/0.1004 test77_diag_ema=0.0000/0.0000 v13=0.0207 grl=2.7481 v15=0.0000 v15r=0.0000 v16=0.0000 v17=0.0000 v18=0.0000 das=fixed_full[15,140] p=1.00 ep_time=37.3s
[22:48:51] [train] epoch 2/100 steps=40 use_dann=0 das=fixed_full f=[15.0,140.0] p=1.00 gpu=3.0/11.8GB
[22:48:52] [train] ep=02 step=001/40 ce=7.3363 sc=2.8087 mi=0.4394 dn=0.0000 v13=0.0047 grl=1.3640 v15=0.0000 v15r=0.0000 v16=0.0000 v17=0.0000 v18=0.0000 acc=0.3750 lr=1.02e-04 lambda=0.000 grl_lambda=0.050 v18_lambda=0.000 gpu=3.0/11.8GB
[22:48:57] [train] ep=02 step=010/40 ce=7.3132 sc=2.7566 mi=0.3673 dn=0.0000 v13=0.0043 grl=1.0141 v15=0.0000 v15r=0.0000 v16=0.0000 v17=0.0000 v18=0.0000 acc=0.3375 lr=1.25e-04 lambda=0.000 grl_lambda=0.061 v18_lambda=0.000 gpu=3.0/11.8GB
[22:49:03] [train] ep=02 step=020/40 ce=7.1970 sc=2.7076 mi=0.3135 dn=0.0000 v13=0.0038 grl=0.6652 v15=0.0000 v15r=0.0000 v16=0.0000 v17=0.0000 v18=0.0000 acc=0.3500 lr=1.50e-04 lambda=0.000 grl_lambda=0.074 v18_lambda=0.000 gpu=3.0/11.8GB
[22:49:08] [train] ep=02 step=030/40 ce=7.0746 sc=2.6819 mi=0.2800 dn=0.0000 v13=0.0036 grl=0.5381 v15=0.0000 v15r=0.0000 v16=0.0000 v17=0.0000 v18=0.0000 acc=0.3708 lr=1.75e-04 lambda=0.000 grl_lambda=0.086 v18_lambda=0.000 gpu=3.0/11.8GB
[22:49:14] [train] ep=02 step=040/40 ce=6.9495 sc=2.6402 mi=0.2572 dn=0.0000 v13=0.0032 grl=0.4680 v15=0.0000 v15r=0.0000 v16=0.0000 v17=0.0000 v18=0.0000 acc=0.3937 lr=2.00e-04 lambda=0.000 grl_lambda=0.098 v18_lambda=0.000 gpu=3.0/11.8GB
[22:49:19] [ep_summary] ep=02/100 val_live=0.4877/0.4409 val_ema=0.0000/0.0000 test77_live=0.1691/0.0718 test77_diag_ema=0.0000/0.0000 v13=0.0032 grl=0.4680 v15=0.0000 v15r=0.0000 v16=0.0000 v17=0.0000 v18=0.0000 das=fixed_full[15,140] p=1.00 ep_time=28.3s
[22:49:19] [train] epoch 3/100 steps=40 use_dann=0 das=fixed_full f=[15.0,140.0] p=1.00 gpu=3.0/11.8GB
[22:49:20] [train] ep=03 step=001/40 ce=6.6427 sc=2.6662 mi=0.1976 dn=0.0000 v13=0.0018 grl=0.3657 v15=0.0000 v15r=0.0000 v16=0.0000 v17=0.0000 v18=0.0000 acc=0.5000 lr=2.02e-04 lambda=0.000 grl_lambda=0.100 v18_lambda=0.000 gpu=3.0/11.8GB
[22:49:25] [train] ep=03 step=010/40 ce=5.9243 sc=2.3544 mi=0.1901 dn=0.0000 v13=0.0022 grl=0.4112 v15=0.0000 v15r=0.0000 v16=0.0000 v17=0.0000 v18=0.0000 acc=0.5500 lr=2.25e-04 lambda=0.000 grl_lambda=0.111 v18_lambda=0.000 gpu=3.0/11.8GB
[22:49:31] [train] ep=03 step=020/40 ce=5.7878 sc=2.2959 mi=0.1799 dn=0.0000 v13=0.0028 grl=0.3494 v15=0.0000 v15r=0.0000 v16=0.0000 v17=0.0000 v18=0.0000 acc=0.5719 lr=2.50e-04 lambda=0.000 grl_lambda=0.123 v18_lambda=0.000 gpu=3.0/11.8GB
[22:49:37] [train] ep=03 step=030/40 ce=5.2148 sc=2.1937 mi=0.1765 dn=0.0000 v13=0.0027 grl=0.3269 v15=0.0000 v15r=0.0000 v16=0.0000 v17=0.0000 v18=0.0000 acc=0.6438 lr=2.75e-04 lambda=0.000 grl_lambda=0.135 v18_lambda=0.000 gpu=3.0/11.8GB
[22:49:43] [train] ep=03 step=040/40 ce=4.9496 sc=2.1401 mi=0.1812 dn=0.0000 v13=0.0028 grl=0.3391 v15=0.0000 v15r=0.0000 v16=0.0000 v17=0.0000 v18=0.0000 acc=0.6641 lr=3.00e-04 lambda=0.000 grl_lambda=0.148 v18_lambda=0.000 gpu=3.0/11.8GB
[22:49:49] [ep_summary] ep=03/100 val_live=0.7284/0.7181 val_ema=0.0000/0.0000 test77_live=0.4856/0.3645 test77_diag_ema=0.0000/0.0000 v13=0.0028 grl=0.3391 v15=0.0000 v15r=0.0000 v16=0.0000 v17=0.0000 v18=0.0000 das=fixed_full[15,140] p=1.00 ep_time=29.5s
[22:49:49] [train] epoch 4/100 steps=40 use_dann=0 das=fixed_full f=[15.0,140.0] p=1.00 gpu=3.0/11.8GB
[22:49:49] [train] ep=04 step=001/40 ce=2.8542 sc=1.3106 mi=0.2286 dn=0.0000 v13=0.0037 grl=0.3751 v15=0.0000 v15r=0.0000 v16=0.0000 v17=0.0000 v18=0.0000 acc=0.8750 lr=3.00e-04 lambda=0.000 grl_lambda=0.149 v18_lambda=0.000 gpu=3.0/11.8GB
[22:49:55] [train] ep=04 step=010/40 ce=3.4538 sc=1.8728 mi=0.1825 dn=0.0000 v13=0.0024 grl=0.3020 v15=0.0000 v15r=0.0000 v16=0.0000 v17=0.0000 v18=0.0000 acc=0.7625 lr=3.00e-04 lambda=0.000 grl_lambda=0.160 v18_lambda=0.000 gpu=3.0/11.8GB
[22:50:01] [train] ep=04 step=020/40 ce=3.0881 sc=1.6556 mi=0.1654 dn=0.0000 v13=0.0019 grl=0.2930 v15=0.0000 v15r=0.0000 v16=0.0000 v17=0.0000 v18=0.0000 acc=0.8031 lr=3.00e-04 lambda=0.000 grl_lambda=0.172 v18_lambda=0.000 gpu=3.0/11.8GB
[22:50:06] [train] ep=04 step=030/40 ce=3.0337 sc=1.5957 mi=0.1553 dn=0.0000 v13=0.0018 grl=0.2753 v15=0.0000 v15r=0.0000 v16=0.0000 v17=0.0000 v18=0.0000 acc=0.8167 lr=3.00e-04 lambda=0.000 grl_lambda=0.184 v18_lambda=0.000 gpu=3.0/11.8GB
[22:50:12] [train] ep=04 step=040/40 ce=2.9461 sc=1.6019 mi=0.1455 dn=0.0000 v13=0.0019 grl=0.2735 v15=0.0000 v15r=0.0000 v16=0.0000 v17=0.0000 v18=0.0000 acc=0.8250 lr=3.00e-04 lambda=0.000 grl_lambda=0.196 v18_lambda=0.000 gpu=3.0/11.8GB
[22:50:19] [ep_summary] ep=04/100 val_live=0.7901/0.7527 val_ema=0.0000/0.0000 test77_live=0.4245/0.3259 test77_diag_ema=0.0000/0.0000 v13=0.0019 grl=0.2735 v15=0.0000 v15r=0.0000 v16=0.0000 v17=0.0000 v18=0.0000 das=fixed_full[15,140] p=1.00 ep_time=30.0s
[22:50:19] [train] epoch 5/100 steps=40 use_dann=0 das=fixed_full f=[15.0,140.0] p=1.00 gpu=3.0/11.8GB
[22:50:20] [train] ep=05 step=001/40 ce=1.4950 sc=1.1445 mi=0.1017 dn=0.0000 v13=0.0023 grl=0.2272 v15=0.0000 v15r=0.0000 v16=0.0000 v17=0.0000 v18=0.0000 acc=0.9375 lr=3.00e-04 lambda=0.000 grl_lambda=0.197 v18_lambda=0.000 gpu=3.0/11.8GB
[22:50:25] [train] ep=05 step=010/40 ce=2.3345 sc=1.4162 mi=0.1029 dn=0.0000 v13=0.0019 grl=0.2534 v15=0.0000 v15r=0.0000 v16=0.0000 v17=0.0000 v18=0.0000 acc=0.8812 lr=3.00e-04 lambda=0.000 grl_lambda=0.208 v18_lambda=0.000 gpu=3.0/11.8GB
[22:50:31] [train] ep=05 step=020/40 ce=2.3700 sc=1.3277 mi=0.1026 dn=0.0000 v13=0.0018 grl=0.2397 v15=0.0000 v15r=0.0000 v16=0.0000 v17=0.0000 v18=0.0000 acc=0.8656 lr=3.00e-04 lambda=0.000 grl_lambda=0.220 v18_lambda=0.000 gpu=3.0/11.8GB
[22:50:37] [train] ep=05 step=030/40 ce=2.6254 sc=1.4006 mi=0.1031 dn=0.0000 v13=0.0017 grl=0.2454 v15=0.0000 v15r=0.0000 v16=0.0000 v17=0.0000 v18=0.0000 acc=0.8479 lr=3.00e-04 lambda=0.000 grl_lambda=0.232 v18_lambda=0.000 gpu=3.0/11.8GB
[22:50:42] [train] ep=05 step=040/40 ce=2.4735 sc=1.4164 mi=0.1007 dn=0.0000 v13=0.0018 grl=0.2370 v15=0.0000 v15r=0.0000 v16=0.0000 v17=0.0000 v18=0.0000 acc=0.8594 lr=3.00e-04 lambda=0.000 grl_lambda=0.244 v18_lambda=0.000 gpu=3.0/11.8GB
[22:50:54] [ep_summary] ep=05/100 val_live=0.8580/0.8623 val_ema=0.1358/0.0542 test77_live=0.4712/0.3533 test77_diag_ema=0.1583/0.0744 v13=0.0018 grl=0.2370 v15=0.0000 v15r=0.0000 v16=0.0000 v17=0.0000 v18=0.0000 das=fixed_full[15,140] p=1.00 ep_time=34.9s
[22:50:54] [save] best_sourceval_ema val_acc_ema=0.1358 source_val_live=0.8580/0.8623 source_val_ema=0.1358/0.0542 ep=5
[22:50:54] [train] epoch 6/100 steps=40 use_dann=0 das=fixed_full f=[15.0,140.0] p=1.00 gpu=3.0/11.8GB
[22:50:54] [train] ep=06 step=001/40 ce=2.5766 sc=0.8816 mi=0.0973 dn=0.0000 v13=0.0014 grl=0.2558 v15=0.0000 v15r=0.0000 v16=0.0000 v17=0.0000 v18=0.0000 acc=0.8125 lr=3.00e-04 lambda=0.000 grl_lambda=0.245 v18_lambda=0.000 gpu=3.0/11.8GB
[22:51:00] [train] ep=06 step=010/40 ce=1.9834 sc=1.3245 mi=0.0948 dn=0.0000 v13=0.0013 grl=0.2313 v15=0.0000 v15r=0.0000 v16=0.0000 v17=0.0000 v18=0.0000 acc=0.9000 lr=3.00e-04 lambda=0.000 grl_lambda=0.255 v18_lambda=0.000 gpu=3.0/11.8GB
[22:51:06] [train] ep=06 step=020/40 ce=1.9060 sc=1.2647 mi=0.0926 dn=0.0000 v13=0.0014 grl=0.2500 v15=0.0000 v15r=0.0000 v16=0.0000 v17=0.0000 v18=0.0000 acc=0.8906 lr=3.00e-04 lambda=0.000 grl_lambda=0.267 v18_lambda=0.000 gpu=3.0/11.8GB
[22:51:12] [train] ep=06 step=030/40 ce=2.0115 sc=1.3213 mi=0.0912 dn=0.0000 v13=0.0015 grl=0.2436 v15=0.0000 v15r=0.0000 v16=0.0000 v17=0.0000 v18=0.0000 acc=0.8896 lr=2.99e-04 lambda=0.000 grl_lambda=0.279 v18_lambda=0.000 gpu=3.0/11.8GB
[22:51:17] [train] ep=06 step=040/40 ce=1.9789 sc=1.3217 mi=0.0897 dn=0.0000 v13=0.0015 grl=0.2498 v15=0.0000 v15r=0.0000 v16=0.0000 v17=0.0000 v18=0.0000 acc=0.8922 lr=2.99e-04 lambda=0.000 grl_lambda=0.290 v18_lambda=0.000 gpu=3.0/11.8GB
[22:51:29] [ep_summary] ep=06/100 val_live=0.8272/0.8275 val_ema=0.1481/0.0683 test77_live=0.4748/0.4121 test77_diag_ema=0.1547/0.0619 v13=0.0015 grl=0.2498 v15=0.0000 v15r=0.0000 v16=0.0000 v17=0.0000 v18=0.0000 das=fixed_full[15,140] p=1.00 ep_time=35.0s
[22:51:29] [save] best_sourceval_ema val_acc_ema=0.1481 source_val_live=0.8272/0.8275 source_val_ema=0.1481/0.0683 ep=6
[22:51:29] [train] epoch 7/100 steps=40 use_dann=0 das=fixed_full f=[15.0,140.0] p=1.00 gpu=3.0/11.8GB
[22:51:30] [train] ep=07 step=001/40 ce=0.6674 sc=1.0706 mi=0.0805 dn=0.0000 v13=0.0019 grl=0.1915 v15=0.0000 v15r=0.0000 v16=0.0000 v17=0.0000 v18=0.0000 acc=1.0000 lr=2.99e-04 lambda=0.000 grl_lambda=0.291 v18_lambda=0.000 gpu=3.0/11.8GB
[22:51:35] [train] ep=07 step=010/40 ce=1.4309 sc=1.2283 mi=0.0819 dn=0.0000 v13=0.0012 grl=0.2815 v15=0.0000 v15r=0.0000 v16=0.0000 v17=0.0000 v18=0.0000 acc=0.9375 lr=2.99e-04 lambda=0.000 grl_lambda=0.302 v18_lambda=0.000 gpu=3.0/11.8GB
[22:51:41] [train] ep=07 step=020/40 ce=1.5302 sc=1.1357 mi=0.0811 dn=0.0000 v13=0.0011 grl=0.2762 v15=0.0000 v15r=0.0000 v16=0.0000 v17=0.0000 v18=0.0000 acc=0.9313 lr=2.99e-04 lambda=0.000 grl_lambda=0.313 v18_lambda=0.000 gpu=3.0/11.8GB
[22:51:47] [train] ep=07 step=030/40 ce=1.5099 sc=1.1088 mi=0.0801 dn=0.0000 v13=0.0011 grl=0.2763 v15=0.0000 v15r=0.0000 v16=0.0000 v17=0.0000 v18=0.0000 acc=0.9271 lr=2.99e-04 lambda=0.000 grl_lambda=0.324 v18_lambda=0.000 gpu=3.0/11.8GB
[22:51:53] [train] ep=07 step=040/40 ce=1.4950 sc=1.0988 mi=0.0801 dn=0.0000 v13=0.0012 grl=0.2794 v15=0.0000 v15r=0.0000 v16=0.0000 v17=0.0000 v18=0.0000 acc=0.9250 lr=2.99e-04 lambda=0.000 grl_lambda=0.335 v18_lambda=0.000 gpu=3.0/11.8GB
[22:52:03] [ep_summary] ep=07/100 val_live=0.8519/0.8368 val_ema=0.1790/0.0950 test77_live=0.6619/0.6102 test77_diag_ema=0.1475/0.0478 v13=0.0012 grl=0.2794 v15=0.0000 v15r=0.0000 v16=0.0000 v17=0.0000 v18=0.0000 das=fixed_full[15,140] p=1.00 ep_time=34.4s
[22:52:03] [save] best_sourceval_ema val_acc_ema=0.1790 source_val_live=0.8519/0.8368 source_val_ema=0.1790/0.0950 ep=7
[22:52:03] [train] epoch 8/100 steps=40 use_dann=0 das=fixed_full f=[15.0,140.0] p=1.00 gpu=3.0/11.8GB
[22:52:04] [train] ep=08 step=001/40 ce=1.9027 sc=1.2381 mi=0.0728 dn=0.0000 v13=0.0025 grl=0.3889 v15=0.0000 v15r=0.0000 v16=0.0000 v17=0.0000 v18=0.0000 acc=0.9375 lr=2.99e-04 lambda=0.000 grl_lambda=0.336 v18_lambda=0.000 gpu=3.0/11.8GB
[22:52:09] [train] ep=08 step=010/40 ce=1.5584 sc=1.1582 mi=0.0767 dn=0.0000 v13=0.0014 grl=0.2978 v15=0.0000 v15r=0.0000 v16=0.0000 v17=0.0000 v18=0.0000 acc=0.9125 lr=2.99e-04 lambda=0.000 grl_lambda=0.346 v18_lambda=0.000 gpu=3.0/11.8GB
[22:52:15] [train] ep=08 step=020/40 ce=1.4675 sc=1.1398 mi=0.0770 dn=0.0000 v13=0.0013 grl=0.2928 v15=0.0000 v15r=0.0000 v16=0.0000 v17=0.0000 v18=0.0000 acc=0.9250 lr=2.98e-04 lambda=0.000 grl_lambda=0.357 v18_lambda=0.000 gpu=3.0/11.8GB
[22:52:21] [train] ep=08 step=030/40 ce=1.3830 sc=1.1482 mi=0.0758 dn=0.0000 v13=0.0013 grl=0.2727 v15=0.0000 v15r=0.0000 v16=0.0000 v17=0.0000 v18=0.0000 acc=0.9354 lr=2.98e-04 lambda=0.000 grl_lambda=0.368 v18_lambda=0.000 gpu=3.0/11.8GB
[22:52:27] [train] ep=08 step=040/40 ce=1.2949 sc=1.1240 mi=0.0749 dn=0.0000 v13=0.0013 grl=0.2714 v15=0.0000 v15r=0.0000 v16=0.0000 v17=0.0000 v18=0.0000 acc=0.9422 lr=2.98e-04 lambda=0.000 grl_lambda=0.379 v18_lambda=0.000 gpu=3.0/11.8GB
[22:52:37] [ep_summary] ep=08/100 val_live=0.9012/0.8992 val_ema=0.2160/0.1165 test77_live=0.5396/0.5186 test77_diag_ema=0.1439/0.0432 v13=0.0013 grl=0.2714 v15=0.0000 v15r=0.0000 v16=0.0000 v17=0.0000 v18=0.0000 das=fixed_full[15,140] p=1.00 ep_time=34.2s
[22:52:38] [save] best_sourceval_ema val_acc_ema=0.2160 source_val_live=0.9012/0.8992 source_val_ema=0.2160/0.1165 ep=8
[22:52:38] [train] epoch 9/100 steps=40 use_dann=0 das=fixed_full f=[15.0,140.0] p=1.00 gpu=3.0/11.8GB
[22:52:38] [train] ep=09 step=001/40 ce=1.3594 sc=1.0126 mi=0.0864 dn=0.0000 v13=0.0004 grl=0.3541 v15=0.0000 v15r=0.0000 v16=0.0000 v17=0.0000 v18=0.0000 acc=0.8750 lr=2.98e-04 lambda=0.000 grl_lambda=0.380 v18_lambda=0.000 gpu=3.0/11.8GB
[22:52:43] [train] ep=09 step=010/40 ce=1.0224 sc=1.1988 mi=0.0783 dn=0.0000 v13=0.0013 grl=0.2776 v15=0.0000 v15r=0.0000 v16=0.0000 v17=0.0000 v18=0.0000 acc=0.9688 lr=2.98e-04 lambda=0.000 grl_lambda=0.390 v18_lambda=0.000 gpu=3.0/11.8GB
[22:52:49] [train] ep=09 step=020/40 ce=0.9910 sc=1.0968 mi=0.0749 dn=0.0000 v13=0.0014 grl=0.2611 v15=0.0000 v15r=0.0000 v16=0.0000 v17=0.0000 v18=0.0000 acc=0.9625 lr=2.98e-04 lambda=0.000 grl_lambda=0.400 v18_lambda=0.000 gpu=3.0/11.8GB
[22:52:55] [train] ep=09 step=030/40 ce=1.1133 sc=1.0809 mi=0.0756 dn=0.0000 v13=0.0014 grl=0.2555 v15=0.0000 v15r=0.0000 v16=0.0000 v17=0.0000 v18=0.0000 acc=0.9542 lr=2.97e-04 lambda=0.000 grl_lambda=0.411 v18_lambda=0.000 gpu=3.0/11.8GB
[22:53:01] [train] ep=09 step=040/40 ce=1.0589 sc=1.0658 mi=0.0749 dn=0.0000 v13=0.0013 grl=0.2565 v15=0.0000 v15r=0.0000 v16=0.0000 v17=0.0000 v18=0.0000 acc=0.9594 lr=2.97e-04 lambda=0.000 grl_lambda=0.421 v18_lambda=0.000 gpu=3.0/11.8GB
[22:53:12] [ep_summary] ep=09/100 val_live=0.9136/0.9108 val_ema=0.2222/0.1204 test77_live=0.6511/0.6051 test77_diag_ema=0.1403/0.0387 v13=0.0013 grl=0.2565 v15=0.0000 v15r=0.0000 v16=0.0000 v17=0.0000 v18=0.0000 das=fixed_full[15,140] p=1.00 ep_time=34.4s
[22:53:12] [save] best_sourceval_ema val_acc_ema=0.2222 source_val_live=0.9136/0.9108 source_val_ema=0.2222/0.1204 ep=9
[22:53:12] [train] epoch 10/100 steps=40 use_dann=0 das=fixed_full f=[15.0,140.0] p=1.00 gpu=3.0/11.8GB
[22:53:13] [train] ep=10 step=001/40 ce=0.3668 sc=0.5041 mi=0.0725 dn=0.0000 v13=0.0008 grl=0.3666 v15=0.0000 v15r=0.0000 v16=0.0000 v17=0.0000 v18=0.0000 acc=1.0000 lr=2.97e-04 lambda=0.000 grl_lambda=0.422 v18_lambda=0.000 gpu=3.0/11.8GB
[22:53:18] [train] ep=10 step=010/40 ce=0.8069 sc=1.0061 mi=0.0741 dn=0.0000 v13=0.0010 grl=0.2809 v15=0.0000 v15r=0.0000 v16=0.0000 v17=0.0000 v18=0.0000 acc=0.9750 lr=2.97e-04 lambda=0.000 grl_lambda=0.431 v18_lambda=0.000 gpu=3.0/11.8GB
[22:53:24] [train] ep=10 step=020/40 ce=0.9079 sc=1.0478 mi=0.0722 dn=0.0000 v13=0.0010 grl=0.2760 v15=0.0000 v15r=0.0000 v16=0.0000 v17=0.0000 v18=0.0000 acc=0.9688 lr=2.97e-04 lambda=0.000 grl_lambda=0.441 v18_lambda=0.000 gpu=3.0/11.8GB
[22:53:30] [train] ep=10 step=030/40 ce=1.0228 sc=1.0287 mi=0.0736 dn=0.0000 v13=0.0011 grl=0.2918 v15=0.0000 v15r=0.0000 v16=0.0000 v17=0.0000 v18=0.0000 acc=0.9583 lr=2.96e-04 lambda=0.000 grl_lambda=0.451 v18_lambda=0.000 gpu=3.0/11.8GB
[22:53:36] [train] ep=10 step=040/40 ce=1.0817 sc=1.0040 mi=0.0745 dn=0.0000 v13=0.0011 grl=0.3040 v15=0.0000 v15r=0.0000 v16=0.0000 v17=0.0000 v18=0.0000 acc=0.9578 lr=2.96e-04 lambda=0.000 grl_lambda=0.461 v18_lambda=0.000 gpu=3.0/11.8GB
[22:53:46] [pool] check ep=010/100 source_val_acc_ema=0.2531 threshold=0.90
[22:53:46] [pool] ep=010 SKIP (source_val_acc_ema=0.2531 < 0.90)
[22:53:46] [ep_summary] ep=10/100 val_live=0.9074/0.9046 val_ema=0.2531/0.1652 test77_live=0.6043/0.5455 test77_diag_ema=0.1403/0.0382 v13=0.0011 grl=0.3040 v15=0.0000 v15r=0.0000 v16=0.0000 v17=0.0000 v18=0.0000 das=fixed_full[15,140] p=1.00 ep_time=34.2s
[22:53:46] [save] best_sourceval_ema val_acc_ema=0.2531 source_val_live=0.9074/0.9046 source_val_ema=0.2531/0.1652 ep=10
[22:53:46] [strict77_monitor] ep=10 best_source_epoch=10 source_val_ema=0.2531/0.1652 test77_ema_diag=0.1403/0.0382 sourcequalified_count=0
[22:53:46] [train] epoch 11/100 steps=40 use_dann=0 das=fixed_full f=[15.0,140.0] p=1.00 gpu=3.0/11.8GB
[22:53:47] [train] ep=11 step=001/40 ce=1.0221 sc=0.6831 mi=0.0703 dn=0.0000 v13=0.0007 grl=0.3039 v15=0.0000 v15r=0.0000 v16=0.0000 v17=0.0000 v18=0.0000 acc=1.0000 lr=2.96e-04 lambda=0.000 grl_lambda=0.462 v18_lambda=0.000 gpu=3.0/11.8GB
[22:53:52] [train] ep=11 step=010/40 ce=0.9282 sc=0.9059 mi=0.0733 dn=0.0000 v13=0.0009 grl=0.3423 v15=0.0000 v15r=0.0000 v16=0.0000 v17=0.0000 v18=0.0000 acc=0.9688 lr=2.96e-04 lambda=0.000 grl_lambda=0.471 v18_lambda=0.000 gpu=3.0/11.8GB
[22:53:58] [train] ep=11 step=020/40 ce=0.7482 sc=0.8803 mi=0.0764 dn=0.0000 v13=0.0011 grl=0.3203 v15=0.0000 v15r=0.0000 v16=0.0000 v17=0.0000 v18=0.0000 acc=0.9781 lr=2.96e-04 lambda=0.000 grl_lambda=0.481 v18_lambda=0.000 gpu=3.0/11.8GB
[22:54:04] [train] ep=11 step=030/40 ce=0.8246 sc=0.9381 mi=0.0754 dn=0.0000 v13=0.0011 grl=0.3436 v15=0.0000 v15r=0.0000 v16=0.0000 v17=0.0000 v18=0.0000 acc=0.9708 lr=2.95e-04 lambda=0.000 grl_lambda=0.490 v18_lambda=0.000 gpu=3.0/11.8GB
[22:54:10] [train] ep=11 step=040/40 ce=0.8971 sc=0.9677 mi=0.0746 dn=0.0000 v13=0.0011 grl=0.3280 v15=0.0000 v15r=0.0000 v16=0.0000 v17=0.0000 v18=0.0000 acc=0.9641 lr=2.95e-04 lambda=0.000 grl_lambda=0.500 v18_lambda=0.000 gpu=3.0/11.8GB
[22:54:22] [ep_summary] ep=11/100 val_live=0.9321/0.9299 val_ema=0.2963/0.2349 test77_live=0.6259/0.5778 test77_diag_ema=0.1511/0.0554 v13=0.0011 grl=0.3280 v15=0.0000 v15r=0.0000 v16=0.0000 v17=0.0000 v18=0.0000 das=fixed_full[15,140] p=1.00 ep_time=36.0s
[22:54:22] [save] best_sourceval_ema val_acc_ema=0.2963 source_val_live=0.9321/0.9299 source_val_ema=0.2963/0.2349 ep=11
[22:54:22] [train] epoch 12/100 steps=40 use_dann=0 das=fixed_full f=[15.0,140.0] p=1.00 gpu=3.0/11.8GB
[22:54:23] [train] ep=12 step=001/40 ce=0.9331 sc=0.9166 mi=0.0690 dn=0.0000 v13=0.0014 grl=0.1389 v15=0.0000 v15r=0.0000 v16=0.0000 v17=0.0000 v18=0.0000 acc=0.9375 lr=2.95e-04 lambda=0.000 grl_lambda=0.501 v18_lambda=0.000 gpu=3.0/11.8GB
[22:54:28] [train] ep=12 step=010/40 ce=0.7983 sc=0.9013 mi=0.0765 dn=0.0000 v13=0.0012 grl=0.4188 v15=0.0000 v15r=0.0000 v16=0.0000 v17=0.0000 v18=0.0000 acc=0.9688 lr=2.95e-04 lambda=0.000 grl_lambda=0.509 v18_lambda=0.000 gpu=3.0/11.8GB
[22:54:34] [train] ep=12 step=020/40 ce=0.8982 sc=0.9367 mi=0.0745 dn=0.0000 v13=0.0011 grl=0.3780 v15=0.0000 v15r=0.0000 v16=0.0000 v17=0.0000 v18=0.0000 acc=0.9625 lr=2.94e-04 lambda=0.000 grl_lambda=0.518 v18_lambda=0.000 gpu=3.0/11.8GB
[22:54:40] [train] ep=12 step=030/40 ce=0.8686 sc=0.9718 mi=0.0755 dn=0.0000 v13=0.0011 grl=0.3668 v15=0.0000 v15r=0.0000 v16=0.0000 v17=0.0000 v18=0.0000 acc=0.9625 lr=2.94e-04 lambda=0.000 grl_lambda=0.527 v18_lambda=0.000 gpu=3.0/11.8GB
[22:54:46] [train] ep=12 step=040/40 ce=0.8107 sc=0.9665 mi=0.0752 dn=0.0000 v13=0.0010 grl=0.3883 v15=0.0000 v15r=0.0000 v16=0.0000 v17=0.0000 v18=0.0000 acc=0.9672 lr=2.94e-04 lambda=0.000 grl_lambda=0.536 v18_lambda=0.000 gpu=3.0/11.8GB
[22:54:58] [ep_summary] ep=12/100 val_live=0.9383/0.9391 val_ema=0.3580/0.3131 test77_live=0.5468/0.4702 test77_diag_ema=0.1835/0.0995 v13=0.0010 grl=0.3883 v15=0.0000 v15r=0.0000 v16=0.0000 v17=0.0000 v18=0.0000 das=fixed_full[15,140] p=1.00 ep_time=35.8s
[22:54:58] [save] best_sourceval_ema val_acc_ema=0.3580 source_val_live=0.9383/0.9391 source_val_ema=0.3580/0.3131 ep=12
[22:54:58] [train] epoch 13/100 steps=40 use_dann=0 das=fixed_full f=[15.0,140.0] p=1.00 gpu=3.0/11.8GB
[22:54:59] [train] ep=13 step=001/40 ce=0.3219 sc=1.0815 mi=0.0716 dn=0.0000 v13=0.0011 grl=0.5998 v15=0.0000 v15r=0.0000 v16=0.0000 v17=0.0000 v18=0.0000 acc=1.0000 lr=2.94e-04 lambda=0.000 grl_lambda=0.537 v18_lambda=0.000 gpu=3.0/11.8GB
[22:55:04] [train] ep=13 step=010/40 ce=0.6394 sc=0.8744 mi=0.0763 dn=0.0000 v13=0.0011 grl=0.4164 v15=0.0000 v15r=0.0000 v16=0.0000 v17=0.0000 v18=0.0000 acc=0.9688 lr=2.93e-04 lambda=0.000 grl_lambda=0.545 v18_lambda=0.000 gpu=3.0/11.8GB
[22:55:10] [train] ep=13 step=020/40 ce=0.5999 sc=0.8492 mi=0.0770 dn=0.0000 v13=0.0010 grl=0.4067 v15=0.0000 v15r=0.0000 v16=0.0000 v17=0.0000 v18=0.0000 acc=0.9750 lr=2.93e-04 lambda=0.000 grl_lambda=0.554 v18_lambda=0.000 gpu=3.0/11.8GB
[22:55:16] [train] ep=13 step=030/40 ce=0.5720 sc=0.8279 mi=0.0772 dn=0.0000 v13=0.0010 grl=0.4010 v15=0.0000 v15r=0.0000 v16=0.0000 v17=0.0000 v18=0.0000 acc=0.9812 lr=2.93e-04 lambda=0.000 grl_lambda=0.562 v18_lambda=0.000 gpu=3.0/11.8GB
[22:55:22] [train] ep=13 step=040/40 ce=0.6223 sc=0.8293 mi=0.0772 dn=0.0000 v13=0.0011 grl=0.4034 v15=0.0000 v15r=0.0000 v16=0.0000 v17=0.0000 v18=0.0000 acc=0.9781 lr=2.92e-04 lambda=0.000 grl_lambda=0.571 v18_lambda=0.000 gpu=3.0/11.8GB
[22:55:33] [ep_summary] ep=13/100 val_live=0.8889/0.8824 val_ema=0.3827/0.3289 test77_live=0.5504/0.4863 test77_diag_ema=0.2122/0.1273 v13=0.0011 grl=0.4034 v15=0.0000 v15r=0.0000 v16=0.0000 v17=0.0000 v18=0.0000 das=fixed_full[15,140] p=1.00 ep_time=34.4s
[22:55:33] [save] best_sourceval_ema val_acc_ema=0.3827 source_val_live=0.8889/0.8824 source_val_ema=0.3827/0.3289 ep=13
[22:55:33] [train] epoch 14/100 steps=40 use_dann=0 das=fixed_full f=[15.0,140.0] p=1.00 gpu=3.0/11.8GB
[22:55:33] [train] ep=14 step=001/40 ce=1.7417 sc=1.1397 mi=0.0816 dn=0.0000 v13=0.0007 grl=0.2750 v15=0.0000 v15r=0.0000 v16=0.0000 v17=0.0000 v18=0.0000 acc=0.8750 lr=2.92e-04 lambda=0.000 grl_lambda=0.572 v18_lambda=0.000 gpu=3.0/11.8GB
[22:55:39] [train] ep=14 step=010/40 ce=1.0750 sc=1.0025 mi=0.0806 dn=0.0000 v13=0.0010 grl=0.4351 v15=0.0000 v15r=0.0000 v16=0.0000 v17=0.0000 v18=0.0000 acc=0.9563 lr=2.92e-04 lambda=0.000 grl_lambda=0.579 v18_lambda=0.000 gpu=3.0/11.8GB
[22:55:44] [train] ep=14 step=020/40 ce=0.9845 sc=0.9601 mi=0.0768 dn=0.0000 v13=0.0010 grl=0.3958 v15=0.0000 v15r=0.0000 v16=0.0000 v17=0.0000 v18=0.0000 acc=0.9531 lr=2.91e-04 lambda=0.000 grl_lambda=0.587 v18_lambda=0.000 gpu=3.0/11.8GB
[22:55:50] [train] ep=14 step=030/40 ce=0.8404 sc=0.9731 mi=0.0756 dn=0.0000 v13=0.0010 grl=0.3952 v15=0.0000 v15r=0.0000 v16=0.0000 v17=0.0000 v18=0.0000 acc=0.9646 lr=2.91e-04 lambda=0.000 grl_lambda=0.596 v18_lambda=0.000 gpu=3.0/11.8GB
[22:55:56] [train] ep=14 step=040/40 ce=0.7750 sc=0.9356 mi=0.0747 dn=0.0000 v13=0.0010 grl=0.3762 v15=0.0000 v15r=0.0000 v16=0.0000 v17=0.0000 v18=0.0000 acc=0.9703 lr=2.91e-04 lambda=0.000 grl_lambda=0.604 v18_lambda=0.000 gpu=3.0/11.8GB
[22:56:07] [ep_summary] ep=14/100 val_live=0.9506/0.9509 val_ema=0.4074/0.3490 test77_live=0.5935/0.5412 test77_diag_ema=0.2230/0.1365 v13=0.0010 grl=0.3762 v15=0.0000 v15r=0.0000 v16=0.0000 v17=0.0000 v18=0.0000 das=fixed_full[15,140] p=1.00 ep_time=34.4s
[22:56:07] [save] best_sourceval_ema val_acc_ema=0.4074 source_val_live=0.9506/0.9509 source_val_ema=0.4074/0.3490 ep=14
[22:56:07] [train] epoch 15/100 steps=40 use_dann=0 das=fixed_full f=[15.0,140.0] p=1.00 gpu=3.0/11.8GB
[22:56:08] [train] ep=15 step=001/40 ce=0.4422 sc=0.6133 mi=0.0795 dn=0.0000 v13=0.0016 grl=0.4375 v15=0.0000 v15r=0.0000 v16=0.0000 v17=0.0000 v18=0.0000 acc=1.0000 lr=2.91e-04 lambda=0.000 grl_lambda=0.604 v18_lambda=0.000 gpu=3.0/11.8GB
[22:56:13] [train] ep=15 step=010/40 ce=0.5786 sc=0.7534 mi=0.0755 dn=0.0000 v13=0.0011 grl=0.3418 v15=0.0000 v15r=0.0000 v16=0.0000 v17=0.0000 v18=0.0000 acc=0.9938 lr=2.90e-04 lambda=0.000 grl_lambda=0.611 v18_lambda=0.000 gpu=3.0/11.8GB
[22:56:19] [train] ep=15 step=020/40 ce=0.9229 sc=0.8935 mi=0.0768 dn=0.0000 v13=0.0011 grl=0.3470 v15=0.0000 v15r=0.0000 v16=0.0000 v17=0.0000 v18=0.0000 acc=0.9625 lr=2.90e-04 lambda=0.000 grl_lambda=0.619 v18_lambda=0.000 gpu=3.0/11.8GB
[22:56:25] [train] ep=15 step=030/40 ce=0.8396 sc=0.9030 mi=0.0767 dn=0.0000 v13=0.0010 grl=0.3491 v15=0.0000 v15r=0.0000 v16=0.0000 v17=0.0000 v18=0.0000 acc=0.9667 lr=2.89e-04 lambda=0.000 grl_lambda=0.627 v18_lambda=0.000 gpu=3.0/11.8GB
[22:56:31] [train] ep=15 step=040/40 ce=0.8016 sc=0.9205 mi=0.0771 dn=0.0000 v13=0.0009 grl=0.3658 v15=0.0000 v15r=0.0000 v16=0.0000 v17=0.0000 v18=0.0000 acc=0.9688 lr=2.89e-04 lambda=0.000 grl_lambda=0.634 v18_lambda=0.000 gpu=3.0/11.8GB
[22:56:42] [ep_summary] ep=15/100 val_live=0.9444/0.9437 val_ema=0.4568/0.3975 test77_live=0.5755/0.5290 test77_diag_ema=0.2302/0.1422 v13=0.0009 grl=0.3658 v15=0.0000 v15r=0.0000 v16=0.0000 v17=0.0000 v18=0.0000 das=fixed_full[15,140] p=1.00 ep_time=34.7s
[22:56:42] [save] best_sourceval_ema val_acc_ema=0.4568 source_val_live=0.9444/0.9437 source_val_ema=0.4568/0.3975 ep=15
[22:56:42] [train] epoch 16/100 steps=40 use_dann=0 das=fixed_full f=[15.0,140.0] p=1.00 gpu=3.0/11.8GB
[22:56:43] [train] ep=16 step=001/40 ce=0.4109 sc=0.7097 mi=0.0838 dn=0.0000 v13=0.0007 grl=0.2978 v15=0.0000 v15r=0.0000 v16=0.0000 v17=0.0000 v18=0.0000 acc=1.0000 lr=2.89e-04 lambda=0.000 grl_lambda=0.635 v18_lambda=0.000 gpu=3.0/11.8GB
[22:56:48] [train] ep=16 step=010/40 ce=0.5673 sc=0.8851 mi=0.0807 dn=0.0000 v13=0.0011 grl=0.4109 v15=0.0000 v15r=0.0000 v16=0.0000 v17=0.0000 v18=0.0000 acc=0.9875 lr=2.88e-04 lambda=0.000 grl_lambda=0.642 v18_lambda=0.000 gpu=3.0/11.8GB
[22:56:54] [train] ep=16 step=020/40 ce=0.4747 sc=0.7272 mi=0.0783 dn=0.0000 v13=0.0010 grl=0.3801 v15=0.0000 v15r=0.0000 v16=0.0000 v17=0.0000 v18=0.0000 acc=0.9906 lr=2.88e-04 lambda=0.000 grl_lambda=0.649 v18_lambda=0.000 gpu=3.0/11.8GB
[22:57:00] [train] ep=16 step=030/40 ce=0.5288 sc=0.8182 mi=0.0783 dn=0.0000 v13=0.0010 grl=0.3884 v15=0.0000 v15r=0.0000 v16=0.0000 v17=0.0000 v18=0.0000 acc=0.9854 lr=2.87e-04 lambda=0.000 grl_lambda=0.656 v18_lambda=0.000 gpu=3.0/11.8GB
[22:57:06] [train] ep=16 step=040/40 ce=0.5250 sc=0.8213 mi=0.0778 dn=0.0000 v13=0.0009 grl=0.3853 v15=0.0000 v15r=0.0000 v16=0.0000 v17=0.0000 v18=0.0000 acc=0.9859 lr=2.87e-04 lambda=0.000 grl_lambda=0.663 v18_lambda=0.000 gpu=3.0/11.8GB
[22:57:16] [ep_summary] ep=16/100 val_live=0.9444/0.9435 val_ema=0.4815/0.4173 test77_live=0.6439/0.5647 test77_diag_ema=0.2374/0.1521 v13=0.0009 grl=0.3853 v15=0.0000 v15r=0.0000 v16=0.0000 v17=0.0000 v18=0.0000 das=fixed_full[15,140] p=1.00 ep_time=34.3s
[22:57:16] [save] best_sourceval_ema val_acc_ema=0.4815 source_val_live=0.9444/0.9435 source_val_ema=0.4815/0.4173 ep=16
[22:57:16] [train] epoch 17/100 steps=40 use_dann=0 das=fixed_full f=[15.0,140.0] p=1.00 gpu=3.0/11.8GB
[22:57:17] [train] ep=17 step=001/40 ce=0.4749 sc=1.1113 mi=0.0797 dn=0.0000 v13=0.0011 grl=0.3995 v15=0.0000 v15r=0.0000 v16=0.0000 v17=0.0000 v18=0.0000 acc=1.0000 lr=2.87e-04 lambda=0.000 grl_lambda=0.664 v18_lambda=0.000 gpu=3.0/11.8GB
[22:57:22] [train] ep=17 step=010/40 ce=0.7379 sc=0.9348 mi=0.0781 dn=0.0000 v13=0.0010 grl=0.3669 v15=0.0000 v15r=0.0000 v16=0.0000 v17=0.0000 v18=0.0000 acc=0.9688 lr=2.86e-04 lambda=0.000 grl_lambda=0.670 v18_lambda=0.000 gpu=3.0/11.8GB
[22:57:28] [train] ep=17 step=020/40 ce=0.6260 sc=0.8695 mi=0.0764 dn=0.0000 v13=0.0010 grl=0.3770 v15=0.0000 v15r=0.0000 v16=0.0000 v17=0.0000 v18=0.0000 acc=0.9781 lr=2.86e-04 lambda=0.000 grl_lambda=0.677 v18_lambda=0.000 gpu=3.0/11.8GB
[22:57:34] [train] ep=17 step=030/40 ce=0.5991 sc=0.9054 mi=0.0774 dn=0.0000 v13=0.0010 grl=0.4035 v15=0.0000 v15r=0.0000 v16=0.0000 v17=0.0000 v18=0.0000 acc=0.9812 lr=2.85e-04 lambda=0.000 grl_lambda=0.684 v18_lambda=0.000 gpu=3.0/11.8GB
[22:57:40] [train] ep=17 step=040/40 ce=0.5799 sc=0.9141 mi=0.0773 dn=0.0000 v13=0.0010 grl=0.4168 v15=0.0000 v15r=0.0000 v16=0.0000 v17=0.0000 v18=0.0000 acc=0.9812 lr=2.85e-04 lambda=0.000 grl_lambda=0.690 v18_lambda=0.000 gpu=3.0/11.8GB
[22:57:51] [ep_summary] ep=17/100 val_live=0.9506/0.9496 val_ema=0.4938/0.4341 test77_live=0.5719/0.5012 test77_diag_ema=0.2482/0.1585 v13=0.0010 grl=0.4168 v15=0.0000 v15r=0.0000 v16=0.0000 v17=0.0000 v18=0.0000 das=fixed_full[15,140] p=1.00 ep_time=34.4s
[22:57:51] [save] best_sourceval_ema val_acc_ema=0.4938 source_val_live=0.9506/0.9496 source_val_ema=0.4938/0.4341 ep=17
[22:57:51] [train] epoch 18/100 steps=40 use_dann=0 das=fixed_full f=[15.0,140.0] p=1.00 gpu=3.0/11.8GB
[22:57:51] [train] ep=18 step=001/40 ce=0.7363 sc=0.6807 mi=0.0769 dn=0.0000 v13=0.0010 grl=0.3490 v15=0.0000 v15r=0.0000 v16=0.0000 v17=0.0000 v18=0.0000 acc=1.0000 lr=2.85e-04 lambda=0.000 grl_lambda=0.691 v18_lambda=0.000 gpu=3.0/11.8GB
[22:57:57] [train] ep=18 step=010/40 ce=0.4102 sc=0.7920 mi=0.0776 dn=0.0000 v13=0.0009 grl=0.4120 v15=0.0000 v15r=0.0000 v16=0.0000 v17=0.0000 v18=0.0000 acc=0.9938 lr=2.84e-04 lambda=0.000 grl_lambda=0.697 v18_lambda=0.000 gpu=3.0/11.8GB
[22:58:03] [train] ep=18 step=020/40 ce=0.4120 sc=0.8102 mi=0.0738 dn=0.0000 v13=0.0008 grl=0.3839 v15=0.0000 v15r=0.0000 v16=0.0000 v17=0.0000 v18=0.0000 acc=0.9969 lr=2.84e-04 lambda=0.000 grl_lambda=0.703 v18_lambda=0.000 gpu=3.0/11.8GB
[22:58:09] [train] ep=18 step=030/40 ce=0.4060 sc=0.8870 mi=0.0738 dn=0.0000 v13=0.0008 grl=0.3774 v15=0.0000 v15r=0.0000 v16=0.0000 v17=0.0000 v18=0.0000 acc=0.9958 lr=2.83e-04 lambda=0.000 grl_lambda=0.710 v18_lambda=0.000 gpu=3.0/11.8GB
[22:58:14] [train] ep=18 step=040/40 ce=0.4136 sc=0.8706 mi=0.0725 dn=0.0000 v13=0.0008 grl=0.3626 v15=0.0000 v15r=0.0000 v16=0.0000 v17=0.0000 v18=0.0000 acc=0.9953 lr=2.83e-04 lambda=0.000 grl_lambda=0.716 v18_lambda=0.000 gpu=3.0/11.8GB
[22:58:25] [ep_summary] ep=18/100 val_live=0.9259/0.9257 val_ema=0.5370/0.4843 test77_live=0.6151/0.5865 test77_diag_ema=0.2590/0.1656 v13=0.0008 grl=0.3626 v15=0.0000 v15r=0.0000 v16=0.0000 v17=0.0000 v18=0.0000 das=fixed_full[15,140] p=1.00 ep_time=34.3s
[22:58:25] [save] best_sourceval_ema val_acc_ema=0.5370 source_val_live=0.9259/0.9257 source_val_ema=0.5370/0.4843 ep=18
[22:58:25] [train] epoch 19/100 steps=40 use_dann=0 das=fixed_full f=[15.0,140.0] p=1.00 gpu=3.0/11.8GB
[22:58:26] [train] ep=19 step=001/40 ce=0.2853 sc=0.5945 mi=0.0696 dn=0.0000 v13=0.0007 grl=0.2648 v15=0.0000 v15r=0.0000 v16=0.0000 v17=0.0000 v18=0.0000 acc=1.0000 lr=2.83e-04 lambda=0.000 grl_lambda=0.716 v18_lambda=0.000 gpu=3.0/11.8GB
[22:58:31] [train] ep=19 step=010/40 ce=0.4318 sc=0.7700 mi=0.0709 dn=0.0000 v13=0.0009 grl=0.3181 v15=0.0000 v15r=0.0000 v16=0.0000 v17=0.0000 v18=0.0000 acc=0.9875 lr=2.82e-04 lambda=0.000 grl_lambda=0.722 v18_lambda=0.000 gpu=3.0/11.8GB
[22:58:37] [train] ep=19 step=020/40 ce=0.4521 sc=0.8021 mi=0.0731 dn=0.0000 v13=0.0008 grl=0.3337 v15=0.0000 v15r=0.0000 v16=0.0000 v17=0.0000 v18=0.0000 acc=0.9875 lr=2.82e-04 lambda=0.000 grl_lambda=0.728 v18_lambda=0.000 gpu=3.0/11.8GB
[22:58:43] [train] ep=19 step=030/40 ce=0.4886 sc=0.8319 mi=0.0727 dn=0.0000 v13=0.0008 grl=0.3457 v15=0.0000 v15r=0.0000 v16=0.0000 v17=0.0000 v18=0.0000 acc=0.9854 lr=2.81e-04 lambda=0.000 grl_lambda=0.733 v18_lambda=0.000 gpu=3.0/11.8GB
[22:58:49] [train] ep=19 step=040/40 ce=0.5107 sc=0.8484 mi=0.0726 dn=0.0000 v13=0.0008 grl=0.3369 v15=0.0000 v15r=0.0000 v16=0.0000 v17=0.0000 v18=0.0000 acc=0.9844 lr=2.80e-04 lambda=0.000 grl_lambda=0.739 v18_lambda=0.000 gpu=3.0/11.8GB
[22:59:01] [ep_summary] ep=19/100 val_live=0.9198/0.9199 val_ema=0.5556/0.5072 test77_live=0.5576/0.4772 test77_diag_ema=0.2698/0.1769 v13=0.0008 grl=0.3369 v15=0.0000 v15r=0.0000 v16=0.0000 v17=0.0000 v18=0.0000 das=fixed_full[15,140] p=1.00 ep_time=35.9s
[22:59:01] [save] best_sourceval_ema val_acc_ema=0.5556 source_val_live=0.9198/0.9199 source_val_ema=0.5556/0.5072 ep=19
[22:59:01] [train] epoch 20/100 steps=40 use_dann=0 das=fixed_full f=[15.0,140.0] p=1.00 gpu=3.0/11.8GB
[22:59:02] [train] ep=20 step=001/40 ce=0.4525 sc=0.8368 mi=0.0688 dn=0.0000 v13=0.0008 grl=0.3524 v15=0.0000 v15r=0.0000 v16=0.0000 v17=0.0000 v18=0.0000 acc=1.0000 lr=2.80e-04 lambda=0.000 grl_lambda=0.740 v18_lambda=0.000 gpu=3.0/11.8GB
[22:59:07] [train] ep=20 step=010/40 ce=0.5770 sc=0.8374 mi=0.0717 dn=0.0000 v13=0.0009 grl=0.3264 v15=0.0000 v15r=0.0000 v16=0.0000 v17=0.0000 v18=0.0000 acc=0.9812 lr=2.80e-04 lambda=0.000 grl_lambda=0.745 v18_lambda=0.000 gpu=3.0/11.8GB
[22:59:13] [train] ep=20 step=020/40 ce=0.5163 sc=0.7929 mi=0.0719 dn=0.0000 v13=0.0009 grl=0.3222 v15=0.0000 v15r=0.0000 v16=0.0000 v17=0.0000 v18=0.0000 acc=0.9844 lr=2.79e-04 lambda=0.000 grl_lambda=0.750 v18_lambda=0.000 gpu=3.0/11.8GB
[22:59:19] [train] ep=20 step=030/40 ce=0.4527 sc=0.7767 mi=0.0724 dn=0.0000 v13=0.0009 grl=0.3347 v15=0.0000 v15r=0.0000 v16=0.0000 v17=0.0000 v18=0.0000 acc=0.9896 lr=2.79e-04 lambda=0.000 grl_lambda=0.756 v18_lambda=0.000 gpu=3.0/11.8GB
[22:59:25] [train] ep=20 step=040/40 ce=0.4652 sc=0.8085 mi=0.0725 dn=0.0000 v13=0.0008 grl=0.3383 v15=0.0000 v15r=0.0000 v16=0.0000 v17=0.0000 v18=0.0000 acc=0.9875 lr=2.78e-04 lambda=0.000 grl_lambda=0.761 v18_lambda=0.000 gpu=3.0/11.8GB
[22:59:36] [pool] check ep=020/100 source_val_acc_ema=0.5926 threshold=0.90
[22:59:36] [pool] ep=020 SKIP (source_val_acc_ema=0.5926 < 0.90)
[22:59:36] [ep_summary] ep=20/100 val_live=0.9321/0.9321 val_ema=0.5926/0.5534 test77_live=0.6079/0.5268 test77_diag_ema=0.2806/0.1877 v13=0.0008 grl=0.3383 v15=0.0000 v15r=0.0000 v16=0.0000 v17=0.0000 v18=0.0000 das=fixed_full[15,140] p=1.00 ep_time=34.9s
[22:59:36] [save] best_sourceval_ema val_acc_ema=0.5926 source_val_live=0.9321/0.9321 source_val_ema=0.5926/0.5534 ep=20
[22:59:36] [strict77_monitor] ep=20 best_source_epoch=20 source_val_ema=0.5926/0.5534 test77_ema_diag=0.2806/0.1877 sourcequalified_count=0
[22:59:36] [train] epoch 21/100 steps=40 use_dann=0 das=fixed_full f=[15.0,140.0] p=1.00 gpu=3.0/11.8GB
[22:59:37] [train] ep=21 step=001/40 ce=0.2922 sc=0.9222 mi=0.0591 dn=0.0000 v13=0.0009 grl=0.2160 v15=0.0000 v15r=0.0000 v16=0.0000 v17=0.0000 v18=0.0000 acc=1.0000 lr=2.78e-04 lambda=0.000 grl_lambda=0.762 v18_lambda=0.000 gpu=3.0/11.8GB
[22:59:42] [train] ep=21 step=010/40 ce=0.3492 sc=0.7963 mi=0.0685 dn=0.0000 v13=0.0008 grl=0.2665 v15=0.0000 v15r=0.0000 v16=0.0000 v17=0.0000 v18=0.0000 acc=0.9938 lr=2.77e-04 lambda=0.000 grl_lambda=0.766 v18_lambda=0.000 gpu=3.0/11.8GB
[22:59:48] [train] ep=21 step=020/40 ce=0.3471 sc=0.7782 mi=0.0684 dn=0.0000 v13=0.0008 grl=0.2776 v15=0.0000 v15r=0.0000 v16=0.0000 v17=0.0000 v18=0.0000 acc=0.9969 lr=2.77e-04 lambda=0.000 grl_lambda=0.771 v18_lambda=0.000 gpu=3.0/11.8GB
[22:59:54] [train] ep=21 step=030/40 ce=0.3595 sc=0.7292 mi=0.0678 dn=0.0000 v13=0.0008 grl=0.2839 v15=0.0000 v15r=0.0000 v16=0.0000 v17=0.0000 v18=0.0000 acc=0.9958 lr=2.76e-04 lambda=0.000 grl_lambda=0.776 v18_lambda=0.000 gpu=3.0/11.8GB
[23:00:00] [train] ep=21 step=040/40 ce=0.3722 sc=0.7431 mi=0.0687 dn=0.0000 v13=0.0008 grl=0.2971 v15=0.0000 v15r=0.0000 v16=0.0000 v17=0.0000 v18=0.0000 acc=0.9969 lr=2.75e-04 lambda=0.000 grl_lambda=0.781 v18_lambda=0.000 gpu=3.0/11.8GB
[23:00:10] [ep_summary] ep=21/100 val_live=0.8889/0.8828 val_ema=0.6173/0.5791 test77_live=0.5468/0.4705 test77_diag_ema=0.2914/0.1995 v13=0.0008 grl=0.2971 v15=0.0000 v15r=0.0000 v16=0.0000 v17=0.0000 v18=0.0000 das=fixed_full[15,140] p=1.00 ep_time=34.3s
[23:00:10] [save] best_sourceval_ema val_acc_ema=0.6173 source_val_live=0.8889/0.8828 source_val_ema=0.6173/0.5791 ep=21
[23:00:10] [train] epoch 22/100 steps=40 use_dann=0 das=fixed_full f=[15.0,140.0] p=1.00 gpu=3.0/11.8GB
[23:00:11] [train] ep=22 step=001/40 ce=0.8340 sc=1.0214 mi=0.0668 dn=0.0000 v13=0.0010 grl=0.2998 v15=0.0000 v15r=0.0000 v16=0.0000 v17=0.0000 v18=0.0000 acc=1.0000 lr=2.75e-04 lambda=0.000 grl_lambda=0.782 v18_lambda=0.000 gpu=3.0/11.8GB
[23:00:16] [train] ep=22 step=010/40 ce=0.5061 sc=1.0348 mi=0.0707 dn=0.0000 v13=0.0010 grl=0.3083 v15=0.0000 v15r=0.0000 v16=0.0000 v17=0.0000 v18=0.0000 acc=0.9938 lr=2.75e-04 lambda=0.000 grl_lambda=0.786 v18_lambda=0.000 gpu=3.0/11.8GB
[23:00:22] [train] ep=22 step=020/40 ce=0.4937 sc=0.9706 mi=0.0710 dn=0.0000 v13=0.0009 grl=0.3191 v15=0.0000 v15r=0.0000 v16=0.0000 v17=0.0000 v18=0.0000 acc=0.9906 lr=2.74e-04 lambda=0.000 grl_lambda=0.791 v18_lambda=0.000 gpu=3.0/11.8GB
[23:00:28] [train] ep=22 step=030/40 ce=0.5030 sc=0.9631 mi=0.0708 dn=0.0000 v13=0.0009 grl=0.3304 v15=0.0000 v15r=0.0000 v16=0.0000 v17=0.0000 v18=0.0000 acc=0.9875 lr=2.73e-04 lambda=0.000 grl_lambda=0.796 v18_lambda=0.000 gpu=3.0/11.8GB
[23:00:34] [train] ep=22 step=040/40 ce=0.4984 sc=0.9010 mi=0.0698 dn=0.0000 v13=0.0009 grl=0.3248 v15=0.0000 v15r=0.0000 v16=0.0000 v17=0.0000 v18=0.0000 acc=0.9875 lr=2.73e-04 lambda=0.000 grl_lambda=0.800 v18_lambda=0.000 gpu=3.0/11.8GB
[23:00:44] [ep_summary] ep=22/100 val_live=0.9321/0.9314 val_ema=0.6358/0.5977 test77_live=0.6367/0.5487 test77_diag_ema=0.3058/0.2160 v13=0.0009 grl=0.3248 v15=0.0000 v15r=0.0000 v16=0.0000 v17=0.0000 v18=0.0000 das=fixed_full[15,140] p=1.00 ep_time=34.2s
[23:00:45] [save] best_sourceval_ema val_acc_ema=0.6358 source_val_live=0.9321/0.9314 source_val_ema=0.6358/0.5977 ep=22
[23:00:45] [train] epoch 23/100 steps=40 use_dann=0 das=fixed_full f=[15.0,140.0] p=1.00 gpu=3.0/11.8GB
[23:00:45] [train] ep=23 step=001/40 ce=0.2766 sc=0.8695 mi=0.0654 dn=0.0000 v13=0.0008 grl=0.2996 v15=0.0000 v15r=0.0000 v16=0.0000 v17=0.0000 v18=0.0000 acc=1.0000 lr=2.72e-04 lambda=0.000 grl_lambda=0.800 v18_lambda=0.000 gpu=3.0/11.8GB
[23:00:51] [train] ep=23 step=010/40 ce=0.4778 sc=0.9209 mi=0.0682 dn=0.0000 v13=0.0007 grl=0.2927 v15=0.0000 v15r=0.0000 v16=0.0000 v17=0.0000 v18=0.0000 acc=0.9875 lr=2.72e-04 lambda=0.000 grl_lambda=0.805 v18_lambda=0.000 gpu=3.0/11.8GB
[23:00:56] [train] ep=23 step=020/40 ce=0.4338 sc=0.8398 mi=0.0671 dn=0.0000 v13=0.0008 grl=0.2916 v15=0.0000 v15r=0.0000 v16=0.0000 v17=0.0000 v18=0.0000 acc=0.9938 lr=2.71e-04 lambda=0.000 grl_lambda=0.809 v18_lambda=0.000 gpu=3.0/11.8GB
[23:01:02] [train] ep=23 step=030/40 ce=0.4904 sc=0.8851 mi=0.0675 dn=0.0000 v13=0.0008 grl=0.2921 v15=0.0000 v15r=0.0000 v16=0.0000 v17=0.0000 v18=0.0000 acc=0.9917 lr=2.70e-04 lambda=0.000 grl_lambda=0.813 v18_lambda=0.000 gpu=3.0/11.8GB
[23:01:08] [train] ep=23 step=040/40 ce=0.5187 sc=0.8859 mi=0.0686 dn=0.0000 v13=0.0008 grl=0.2896 v15=0.0000 v15r=0.0000 v16=0.0000 v17=0.0000 v18=0.0000 acc=0.9875 lr=2.70e-04 lambda=0.000 grl_lambda=0.817 v18_lambda=0.000 gpu=3.0/11.8GB
[23:01:19] [ep_summary] ep=23/100 val_live=0.9444/0.9435 val_ema=0.6543/0.6156 test77_live=0.5935/0.5108 test77_diag_ema=0.3201/0.2281 v13=0.0008 grl=0.2896 v15=0.0000 v15r=0.0000 v16=0.0000 v17=0.0000 v18=0.0000 das=fixed_full[15,140] p=1.00 ep_time=34.2s
[23:01:19] [save] best_sourceval_ema val_acc_ema=0.6543 source_val_live=0.9444/0.9435 source_val_ema=0.6543/0.6156 ep=23
[23:01:19] [train] epoch 24/100 steps=40 use_dann=0 das=fixed_full f=[15.0,140.0] p=1.00 gpu=3.0/11.8GB
[23:01:19] [train] ep=24 step=001/40 ce=0.4399 sc=0.7262 mi=0.0892 dn=0.0000 v13=0.0009 grl=0.3264 v15=0.0000 v15r=0.0000 v16=0.0000 v17=0.0000 v18=0.0000 acc=1.0000 lr=2.70e-04 lambda=0.000 grl_lambda=0.818 v18_lambda=0.000 gpu=3.0/11.8GB
[23:01:25] [train] ep=24 step=010/40 ce=0.4084 sc=0.8026 mi=0.0721 dn=0.0000 v13=0.0010 grl=0.2972 v15=0.0000 v15r=0.0000 v16=0.0000 v17=0.0000 v18=0.0000 acc=0.9938 lr=2.69e-04 lambda=0.000 grl_lambda=0.821 v18_lambda=0.000 gpu=3.0/11.8GB
[23:01:31] [train] ep=24 step=020/40 ce=0.4494 sc=0.8395 mi=0.0695 dn=0.0000 v13=0.0010 grl=0.3279 v15=0.0000 v15r=0.0000 v16=0.0000 v17=0.0000 v18=0.0000 acc=0.9875 lr=2.68e-04 lambda=0.000 grl_lambda=0.825 v18_lambda=0.000 gpu=3.0/11.8GB
[23:01:37] [train] ep=24 step=030/40 ce=0.4351 sc=0.8582 mi=0.0703 dn=0.0000 v13=0.0009 grl=0.3138 v15=0.0000 v15r=0.0000 v16=0.0000 v17=0.0000 v18=0.0000 acc=0.9896 lr=2.67e-04 lambda=0.000 grl_lambda=0.829 v18_lambda=0.000 gpu=3.0/11.8GB
[23:01:43] [train] ep=24 step=040/40 ce=0.4455 sc=0.8472 mi=0.0690 dn=0.0000 v13=0.0009 grl=0.2970 v15=0.0000 v15r=0.0000 v16=0.0000 v17=0.0000 v18=0.0000 acc=0.9875 lr=2.67e-04 lambda=0.000 grl_lambda=0.833 v18_lambda=0.000 gpu=3.0/11.8GB
[23:01:57] [ep_summary] ep=24/100 val_live=0.9383/0.9363 val_ema=0.6852/0.6497 test77_live=0.6187/0.5313 test77_diag_ema=0.3201/0.2317 v13=0.0009 grl=0.2970 v15=0.0000 v15r=0.0000 v16=0.0000 v17=0.0000 v18=0.0000 das=fixed_full[15,140] p=1.00 ep_time=38.6s
[23:01:58] [save] best_sourceval_ema val_acc_ema=0.6852 source_val_live=0.9383/0.9363 source_val_ema=0.6852/0.6497 ep=24
[23:01:58] [train] epoch 25/100 steps=40 use_dann=0 das=fixed_full f=[15.0,140.0] p=1.00 gpu=3.0/11.8GB
[23:01:58] [train] ep=25 step=001/40 ce=0.2851 sc=0.3016 mi=0.0747 dn=0.0000 v13=0.0014 grl=0.4325 v15=0.0000 v15r=0.0000 v16=0.0000 v17=0.0000 v18=0.0000 acc=1.0000 lr=2.67e-04 lambda=0.000 grl_lambda=0.834 v18_lambda=0.000 gpu=3.0/11.8GB
[23:02:04] [train] ep=25 step=010/40 ce=0.2922 sc=0.7532 mi=0.0713 dn=0.0000 v13=0.0008 grl=0.2834 v15=0.0000 v15r=0.0000 v16=0.0000 v17=0.0000 v18=0.0000 acc=1.0000 lr=2.66e-04 lambda=0.000 grl_lambda=0.837 v18_lambda=0.000 gpu=3.0/11.8GB
[23:02:10] [train] ep=25 step=020/40 ce=0.3807 sc=0.8022 mi=0.0698 dn=0.0000 v13=0.0008 grl=0.2921 v15=0.0000 v15r=0.0000 v16=0.0000 v17=0.0000 v18=0.0000 acc=0.9938 lr=2.65e-04 lambda=0.000 grl_lambda=0.841 v18_lambda=0.000 gpu=3.0/11.8GB
[23:02:16] [train] ep=25 step=030/40 ce=0.4235 sc=0.8248 mi=0.0703 dn=0.0000 v13=0.0008 grl=0.3048 v15=0.0000 v15r=0.0000 v16=0.0000 v17=0.0000 v18=0.0000 acc=0.9896 lr=2.64e-04 lambda=0.000 grl_lambda=0.844 v18_lambda=0.000 gpu=3.0/11.8GB
[23:02:22] [train] ep=25 step=040/40 ce=0.3958 sc=0.7896 mi=0.0696 dn=0.0000 v13=0.0008 grl=0.3020 v15=0.0000 v15r=0.0000 v16=0.0000 v17=0.0000 v18=0.0000 acc=0.9922 lr=2.64e-04 lambda=0.000 grl_lambda=0.848 v18_lambda=0.000 gpu=3.0/11.8GB
[23:02:32] [ep_summary] ep=25/100 val_live=0.9321/0.9322 val_ema=0.7099/0.6746 test77_live=0.6439/0.6161 test77_diag_ema=0.3381/0.2538 v13=0.0008 grl=0.3020 v15=0.0000 v15r=0.0000 v16=0.0000 v17=0.0000 v18=0.0000 das=fixed_full[15,140] p=1.00 ep_time=34.6s
[23:02:32] [save] best_sourceval_ema val_acc_ema=0.7099 source_val_live=0.9321/0.9322 source_val_ema=0.7099/0.6746 ep=25
[23:02:32] [train] epoch 26/100 steps=40 use_dann=0 das=fixed_full f=[15.0,140.0] p=1.00 gpu=3.0/11.8GB
[23:02:33] [train] ep=26 step=001/40 ce=0.5648 sc=0.9831 mi=0.0673 dn=0.0000 v13=0.0006 grl=0.3633 v15=0.0000 v15r=0.0000 v16=0.0000 v17=0.0000 v18=0.0000 acc=1.0000 lr=2.64e-04 lambda=0.000 grl_lambda=0.848 v18_lambda=0.000 gpu=3.0/11.8GB
[23:02:38] [train] ep=26 step=010/40 ce=0.4548 sc=0.7813 mi=0.0693 dn=0.0000 v13=0.0008 grl=0.3123 v15=0.0000 v15r=0.0000 v16=0.0000 v17=0.0000 v18=0.0000 acc=0.9938 lr=2.63e-04 lambda=0.000 grl_lambda=0.851 v18_lambda=0.000 gpu=3.0/11.8GB
[23:02:44] [train] ep=26 step=020/40 ce=0.6604 sc=0.8400 mi=0.0697 dn=0.0000 v13=0.0008 grl=0.3109 v15=0.0000 v15r=0.0000 v16=0.0000 v17=0.0000 v18=0.0000 acc=0.9781 lr=2.62e-04 lambda=0.000 grl_lambda=0.855 v18_lambda=0.000 gpu=3.0/11.8GB
[23:02:50] [train] ep=26 step=030/40 ce=0.6765 sc=0.8628 mi=0.0689 dn=0.0000 v13=0.0009 grl=0.3069 v15=0.0000 v15r=0.0000 v16=0.0000 v17=0.0000 v18=0.0000 acc=0.9729 lr=2.61e-04 lambda=0.000 grl_lambda=0.858 v18_lambda=0.000 gpu=3.0/11.8GB
[23:02:56] [train] ep=26 step=040/40 ce=0.7014 sc=0.8644 mi=0.0677 dn=0.0000 v13=0.0008 grl=0.2975 v15=0.0000 v15r=0.0000 v16=0.0000 v17=0.0000 v18=0.0000 acc=0.9719 lr=2.60e-04 lambda=0.000 grl_lambda=0.861 v18_lambda=0.000 gpu=3.0/11.8GB
[23:03:07] [ep_summary] ep=26/100 val_live=0.9568/0.9559 val_ema=0.7284/0.7044 test77_live=0.6043/0.5498 test77_diag_ema=0.3453/0.2646 v13=0.0008 grl=0.2975 v15=0.0000 v15r=0.0000 v16=0.0000 v17=0.0000 v18=0.0000 das=fixed_full[15,140] p=1.00 ep_time=34.5s
[23:03:07] [save] best_sourceval_ema val_acc_ema=0.7284 source_val_live=0.9568/0.9559 source_val_ema=0.7284/0.7044 ep=26
[23:03:07] [train] epoch 27/100 steps=40 use_dann=0 das=fixed_full f=[15.0,140.0] p=1.00 gpu=3.0/11.8GB
[23:03:08] [train] ep=27 step=001/40 ce=0.4892 sc=0.6696 mi=0.0781 dn=0.0000 v13=0.0008 grl=0.3495 v15=0.0000 v15r=0.0000 v16=0.0000 v17=0.0000 v18=0.0000 acc=1.0000 lr=2.60e-04 lambda=0.000 grl_lambda=0.862 v18_lambda=0.000 gpu=3.0/11.8GB
[23:03:13] [train] ep=27 step=010/40 ce=0.5722 sc=0.7804 mi=0.0696 dn=0.0000 v13=0.0008 grl=0.2665 v15=0.0000 v15r=0.0000 v16=0.0000 v17=0.0000 v18=0.0000 acc=0.9875 lr=2.60e-04 lambda=0.000 grl_lambda=0.865 v18_lambda=0.000 gpu=3.0/11.8GB
[23:03:19] [train] ep=27 step=020/40 ce=0.6113 sc=0.8218 mi=0.0687 dn=0.0000 v13=0.0008 grl=0.2783 v15=0.0000 v15r=0.0000 v16=0.0000 v17=0.0000 v18=0.0000 acc=0.9844 lr=2.59e-04 lambda=0.000 grl_lambda=0.868 v18_lambda=0.000 gpu=3.0/11.8GB
[23:03:25] [train] ep=27 step=030/40 ce=0.5485 sc=0.8241 mi=0.0672 dn=0.0000 v13=0.0008 grl=0.2765 v15=0.0000 v15r=0.0000 v16=0.0000 v17=0.0000 v18=0.0000 acc=0.9875 lr=2.58e-04 lambda=0.000 grl_lambda=0.871 v18_lambda=0.000 gpu=3.0/11.8GB
[23:03:31] [train] ep=27 step=040/40 ce=0.5081 sc=0.8074 mi=0.0674 dn=0.0000 v13=0.0007 grl=0.2781 v15=0.0000 v15r=0.0000 v16=0.0000 v17=0.0000 v18=0.0000 acc=0.9891 lr=2.57e-04 lambda=0.000 grl_lambda=0.874 v18_lambda=0.000 gpu=3.0/11.8GB
[23:03:42] [ep_summary] ep=27/100 val_live=0.9321/0.9311 val_ema=0.7346/0.7104 test77_live=0.6079/0.5456 test77_diag_ema=0.3417/0.2613 v13=0.0007 grl=0.2781 v15=0.0000 v15r=0.0000 v16=0.0000 v17=0.0000 v18=0.0000 das=fixed_full[15,140] p=1.00 ep_time=34.8s
[23:03:42] [save] best_sourceval_ema val_acc_ema=0.7346 source_val_live=0.9321/0.9311 source_val_ema=0.7346/0.7104 ep=27
[23:03:42] [train] epoch 28/100 steps=40 use_dann=0 das=fixed_full f=[15.0,140.0] p=1.00 gpu=3.0/11.8GB
[23:03:42] [train] ep=28 step=001/40 ce=0.2755 sc=0.8656 mi=0.0809 dn=0.0000 v13=0.0006 grl=0.3889 v15=0.0000 v15r=0.0000 v16=0.0000 v17=0.0000 v18=0.0000 acc=1.0000 lr=2.57e-04 lambda=0.000 grl_lambda=0.874 v18_lambda=0.000 gpu=3.0/11.8GB
[23:03:48] [train] ep=28 step=010/40 ce=0.5108 sc=0.9006 mi=0.0736 dn=0.0000 v13=0.0007 grl=0.2826 v15=0.0000 v15r=0.0000 v16=0.0000 v17=0.0000 v18=0.0000 acc=0.9875 lr=2.56e-04 lambda=0.000 grl_lambda=0.877 v18_lambda=0.000 gpu=3.0/11.8GB
[23:03:54] [train] ep=28 step=020/40 ce=0.4673 sc=0.8589 mi=0.0714 dn=0.0000 v13=0.0007 grl=0.2903 v15=0.0000 v15r=0.0000 v16=0.0000 v17=0.0000 v18=0.0000 acc=0.9875 lr=2.55e-04 lambda=0.000 grl_lambda=0.880 v18_lambda=0.000 gpu=3.0/11.8GB
[23:04:00] [train] ep=28 step=030/40 ce=0.4252 sc=0.7957 mi=0.0703 dn=0.0000 v13=0.0008 grl=0.2926 v15=0.0000 v15r=0.0000 v16=0.0000 v17=0.0000 v18=0.0000 acc=0.9896 lr=2.54e-04 lambda=0.000 grl_lambda=0.882 v18_lambda=0.000 gpu=3.0/11.8GB
[23:04:05] [train] ep=28 step=040/40 ce=0.4346 sc=0.8376 mi=0.0697 dn=0.0000 v13=0.0008 grl=0.2827 v15=0.0000 v15r=0.0000 v16=0.0000 v17=0.0000 v18=0.0000 acc=0.9891 lr=2.54e-04 lambda=0.000 grl_lambda=0.885 v18_lambda=0.000 gpu=3.0/11.8GB
[23:04:16] [ep_summary] ep=28/100 val_live=0.9568/0.9571 val_ema=0.7284/0.7042 test77_live=0.6007/0.5294 test77_diag_ema=0.3525/0.2783 v13=0.0008 grl=0.2827 v15=0.0000 v15r=0.0000 v16=0.0000 v17=0.0000 v18=0.0000 das=fixed_full[15,140] p=1.00 ep_time=34.3s
[23:04:16] [train] epoch 29/100 steps=40 use_dann=0 das=fixed_full f=[15.0,140.0] p=1.00 gpu=3.0/11.8GB
[23:04:17] [train] ep=29 step=001/40 ce=1.8904 sc=1.6620 mi=0.0619 dn=0.0000 v13=0.0004 grl=0.2754 v15=0.0000 v15r=0.0000 v16=0.0000 v17=0.0000 v18=0.0000 acc=0.8750 lr=2.53e-04 lambda=0.000 grl_lambda=0.885 v18_lambda=0.000 gpu=3.0/11.8GB
[23:04:22] [train] ep=29 step=010/40 ce=0.4534 sc=0.8721 mi=0.0680 dn=0.0000 v13=0.0007 grl=0.2854 v15=0.0000 v15r=0.0000 v16=0.0000 v17=0.0000 v18=0.0000 acc=0.9875 lr=2.53e-04 lambda=0.000 grl_lambda=0.888 v18_lambda=0.000 gpu=3.0/11.8GB
[23:04:28] [train] ep=29 step=020/40 ce=0.5903 sc=0.9071 mi=0.0664 dn=0.0000 v13=0.0007 grl=0.2900 v15=0.0000 v15r=0.0000 v16=0.0000 v17=0.0000 v18=0.0000 acc=0.9750 lr=2.52e-04 lambda=0.000 grl_lambda=0.890 v18_lambda=0.000 gpu=3.0/11.8GB
[23:04:34] [train] ep=29 step=030/40 ce=0.4999 sc=0.9178 mi=0.0680 dn=0.0000 v13=0.0007 grl=0.2854 v15=0.0000 v15r=0.0000 v16=0.0000 v17=0.0000 v18=0.0000 acc=0.9833 lr=2.51e-04 lambda=0.000 grl_lambda=0.893 v18_lambda=0.000 gpu=3.0/11.8GB
[23:04:40] [train] ep=29 step=040/40 ce=0.4630 sc=0.8596 mi=0.0686 dn=0.0000 v13=0.0008 grl=0.2904 v15=0.0000 v15r=0.0000 v16=0.0000 v17=0.0000 v18=0.0000 acc=0.9859 lr=2.50e-04 lambda=0.000 grl_lambda=0.895 v18_lambda=0.000 gpu=3.0/11.8GB
[23:04:50] [ep_summary] ep=29/100 val_live=0.9568/0.9559 val_ema=0.7531/0.7412 test77_live=0.6079/0.5212 test77_diag_ema=0.3597/0.2909 v13=0.0008 grl=0.2904 v15=0.0000 v15r=0.0000 v16=0.0000 v17=0.0000 v18=0.0000 das=fixed_full[15,140] p=1.00 ep_time=34.1s
[23:04:50] [save] best_sourceval_ema val_acc_ema=0.7531 source_val_live=0.9568/0.9559 source_val_ema=0.7531/0.7412 ep=29
[23:04:50] [train] epoch 30/100 steps=40 use_dann=0 das=fixed_full f=[15.0,140.0] p=1.00 gpu=3.0/11.8GB
[23:04:51] [train] ep=30 step=001/40 ce=0.4004 sc=0.9193 mi=0.0652 dn=0.0000 v13=0.0006 grl=0.3446 v15=0.0000 v15r=0.0000 v16=0.0000 v17=0.0000 v18=0.0000 acc=1.0000 lr=2.50e-04 lambda=0.000 grl_lambda=0.896 v18_lambda=0.000 gpu=3.0/11.8GB
[23:04:56] [train] ep=30 step=010/40 ce=0.3541 sc=0.8290 mi=0.0685 dn=0.0000 v13=0.0008 grl=0.2522 v15=0.0000 v15r=0.0000 v16=0.0000 v17=0.0000 v18=0.0000 acc=0.9938 lr=2.49e-04 lambda=0.000 grl_lambda=0.898 v18_lambda=0.000 gpu=3.0/11.8GB
[23:05:02] [train] ep=30 step=020/40 ce=0.5158 sc=0.9453 mi=0.0673 dn=0.0000 v13=0.0008 grl=0.2459 v15=0.0000 v15r=0.0000 v16=0.0000 v17=0.0000 v18=0.0000 acc=0.9844 lr=2.48e-04 lambda=0.000 grl_lambda=0.900 v18_lambda=0.000 gpu=3.0/11.8GB
[23:05:08] [train] ep=30 step=030/40 ce=0.4909 sc=0.9361 mi=0.0663 dn=0.0000 v13=0.0008 grl=0.2486 v15=0.0000 v15r=0.0000 v16=0.0000 v17=0.0000 v18=0.0000 acc=0.9854 lr=2.47e-04 lambda=0.000 grl_lambda=0.903 v18_lambda=0.000 gpu=3.0/11.8GB
[23:05:14] [train] ep=30 step=040/40 ce=0.5003 sc=0.9230 mi=0.0666 dn=0.0000 v13=0.0007 grl=0.2467 v15=0.0000 v15r=0.0000 v16=0.0000 v17=0.0000 v18=0.0000 acc=0.9844 lr=2.46e-04 lambda=0.000 grl_lambda=0.905 v18_lambda=0.000 gpu=3.0/11.8GB
[23:05:26] [pool] check ep=030/100 source_val_acc_ema=0.7593 threshold=0.90
[23:05:26] [pool] ep=030 SKIP (source_val_acc_ema=0.7593 < 0.90)
[23:05:26] [ep_summary] ep=30/100 val_live=0.9383/0.9390 val_ema=0.7593/0.7509 test77_live=0.6079/0.5193 test77_diag_ema=0.3525/0.2788 v13=0.0007 grl=0.2467 v15=0.0000 v15r=0.0000 v16=0.0000 v17=0.0000 v18=0.0000 das=fixed_full[15,140] p=1.00 ep_time=35.8s
[23:05:26] [save] best_sourceval_ema val_acc_ema=0.7593 source_val_live=0.9383/0.9390 source_val_ema=0.7593/0.7509 ep=30
[23:05:26] [strict77_monitor] ep=30 best_source_epoch=30 source_val_ema=0.7593/0.7509 test77_ema_diag=0.3525/0.2788 sourcequalified_count=0
[23:05:26] [train] epoch 31/100 steps=40 use_dann=0 das=fixed_full f=[15.0,140.0] p=1.00 gpu=3.0/11.8GB
[23:05:27] [train] ep=31 step=001/40 ce=0.3073 sc=0.2688 mi=0.0839 dn=0.0000 v13=0.0006 grl=0.2651 v15=0.0000 v15r=0.0000 v16=0.0000 v17=0.0000 v18=0.0000 acc=1.0000 lr=2.46e-04 lambda=0.000 grl_lambda=0.905 v18_lambda=0.000 gpu=3.0/11.8GB
[23:05:32] [train] ep=31 step=010/40 ce=0.3945 sc=0.7294 mi=0.0672 dn=0.0000 v13=0.0007 grl=0.2468 v15=0.0000 v15r=0.0000 v16=0.0000 v17=0.0000 v18=0.0000 acc=1.0000 lr=2.45e-04 lambda=0.000 grl_lambda=0.907 v18_lambda=0.000 gpu=3.0/11.8GB
[23:05:38] [train] ep=31 step=020/40 ce=0.4609 sc=0.7846 mi=0.0678 dn=0.0000 v13=0.0008 grl=0.2757 v15=0.0000 v15r=0.0000 v16=0.0000 v17=0.0000 v18=0.0000 acc=0.9906 lr=2.44e-04 lambda=0.000 grl_lambda=0.909 v18_lambda=0.000 gpu=3.0/11.8GB
[23:05:44] [train] ep=31 step=030/40 ce=0.4327 sc=0.8105 mi=0.0678 dn=0.0000 v13=0.0007 grl=0.2770 v15=0.0000 v15r=0.0000 v16=0.0000 v17=0.0000 v18=0.0000 acc=0.9917 lr=2.43e-04 lambda=0.000 grl_lambda=0.911 v18_lambda=0.000 gpu=3.0/11.8GB
[23:05:50] [train] ep=31 step=040/40 ce=0.4219 sc=0.8045 mi=0.0677 dn=0.0000 v13=0.0007 grl=0.2758 v15=0.0000 v15r=0.0000 v16=0.0000 v17=0.0000 v18=0.0000 acc=0.9922 lr=2.43e-04 lambda=0.000 grl_lambda=0.914 v18_lambda=0.000 gpu=3.0/11.8GB
[23:06:00] [ep_summary] ep=31/100 val_live=0.9630/0.9628 val_ema=0.7716/0.7649 test77_live=0.6367/0.5414 test77_diag_ema=0.3561/0.2810 v13=0.0007 grl=0.2758 v15=0.0000 v15r=0.0000 v16=0.0000 v17=0.0000 v18=0.0000 das=fixed_full[15,140] p=1.00 ep_time=34.2s
[23:06:00] [save] best_sourceval_ema val_acc_ema=0.7716 source_val_live=0.9630/0.9628 source_val_ema=0.7716/0.7649 ep=31
[23:06:00] [train] epoch 32/100 steps=40 use_dann=0 das=fixed_full f=[15.0,140.0] p=1.00 gpu=3.0/11.8GB
[23:06:01] [train] ep=32 step=001/40 ce=0.2658 sc=0.6176 mi=0.0612 dn=0.0000 v13=0.0005 grl=0.1886 v15=0.0000 v15r=0.0000 v16=0.0000 v17=0.0000 v18=0.0000 acc=1.0000 lr=2.42e-04 lambda=0.000 grl_lambda=0.914 v18_lambda=0.000 gpu=3.0/11.8GB
[23:06:06] [train] ep=32 step=010/40 ce=0.4726 sc=0.9280 mi=0.0704 dn=0.0000 v13=0.0009 grl=0.3189 v15=0.0000 v15r=0.0000 v16=0.0000 v17=0.0000 v18=0.0000 acc=0.9812 lr=2.42e-04 lambda=0.000 grl_lambda=0.916 v18_lambda=0.000 gpu=3.0/11.8GB
[23:06:12] [train] ep=32 step=020/40 ce=0.4607 sc=0.8252 mi=0.0708 dn=0.0000 v13=0.0008 grl=0.3166 v15=0.0000 v15r=0.0000 v16=0.0000 v17=0.0000 v18=0.0000 acc=0.9875 lr=2.41e-04 lambda=0.000 grl_lambda=0.918 v18_lambda=0.000 gpu=3.0/11.8GB
[23:06:18] [train] ep=32 step=030/40 ce=0.4682 sc=0.8095 mi=0.0728 dn=0.0000 v13=0.0008 grl=0.3195 v15=0.0000 v15r=0.0000 v16=0.0000 v17=0.0000 v18=0.0000 acc=0.9854 lr=2.40e-04 lambda=0.000 grl_lambda=0.920 v18_lambda=0.000 gpu=3.0/11.8GB
[23:06:24] [train] ep=32 step=040/40 ce=0.5267 sc=0.8605 mi=0.0715 dn=0.0000 v13=0.0008 grl=0.3173 v15=0.0000 v15r=0.0000 v16=0.0000 v17=0.0000 v18=0.0000 acc=0.9812 lr=2.39e-04 lambda=0.000 grl_lambda=0.921 v18_lambda=0.000 gpu=3.0/11.8GB
[23:06:36] [ep_summary] ep=32/100 val_live=0.9074/0.9032 val_ema=0.7778/0.7708 test77_live=0.6763/0.6228 test77_diag_ema=0.3597/0.2773 v13=0.0008 grl=0.3173 v15=0.0000 v15r=0.0000 v16=0.0000 v17=0.0000 v18=0.0000 das=fixed_full[15,140] p=1.00 ep_time=36.1s
[23:06:36] [save] best_sourceval_ema val_acc_ema=0.7778 source_val_live=0.9074/0.9032 source_val_ema=0.7778/0.7708 ep=32
[23:06:36] [train] epoch 33/100 steps=40 use_dann=0 das=fixed_full f=[15.0,140.0] p=1.00 gpu=3.0/11.8GB
[23:06:37] [train] ep=33 step=001/40 ce=0.8884 sc=0.7674 mi=0.0746 dn=0.0000 v13=0.0009 grl=0.1476 v15=0.0000 v15r=0.0000 v16=0.0000 v17=0.0000 v18=0.0000 acc=0.9375 lr=2.39e-04 lambda=0.000 grl_lambda=0.922 v18_lambda=0.000 gpu=3.0/11.8GB
[23:06:42] [train] ep=33 step=010/40 ce=0.5869 sc=0.9010 mi=0.0700 dn=0.0000 v13=0.0008 grl=0.2959 v15=0.0000 v15r=0.0000 v16=0.0000 v17=0.0000 v18=0.0000 acc=0.9812 lr=2.38e-04 lambda=0.000 grl_lambda=0.923 v18_lambda=0.000 gpu=3.0/11.8GB
[23:06:48] [train] ep=33 step=020/40 ce=0.4794 sc=0.8348 mi=0.0701 dn=0.0000 v13=0.0007 grl=0.2994 v15=0.0000 v15r=0.0000 v16=0.0000 v17=0.0000 v18=0.0000 acc=0.9875 lr=2.37e-04 lambda=0.000 grl_lambda=0.925 v18_lambda=0.000 gpu=3.0/11.8GB
[23:06:54] [train] ep=33 step=030/40 ce=0.4498 sc=0.8386 mi=0.0681 dn=0.0000 v13=0.0007 grl=0.2884 v15=0.0000 v15r=0.0000 v16=0.0000 v17=0.0000 v18=0.0000 acc=0.9896 lr=2.36e-04 lambda=0.000 grl_lambda=0.927 v18_lambda=0.000 gpu=3.0/11.8GB
[23:07:00] [train] ep=33 step=040/40 ce=0.4309 sc=0.8411 mi=0.0679 dn=0.0000 v13=0.0007 grl=0.2888 v15=0.0000 v15r=0.0000 v16=0.0000 v17=0.0000 v18=0.0000 acc=0.9906 lr=2.35e-04 lambda=0.000 grl_lambda=0.929 v18_lambda=0.000 gpu=3.0/11.8GB
[23:07:12] [ep_summary] ep=33/100 val_live=0.9568/0.9563 val_ema=0.8025/0.8005 test77_live=0.6295/0.5701 test77_diag_ema=0.3597/0.2753 v13=0.0007 grl=0.2888 v15=0.0000 v15r=0.0000 v16=0.0000 v17=0.0000 v18=0.0000 das=fixed_full[15,140] p=1.00 ep_time=35.7s
[23:07:12] [save] best_sourceval_ema val_acc_ema=0.8025 source_val_live=0.9568/0.9563 source_val_ema=0.8025/0.8005 ep=33
[23:07:12] [train] epoch 34/100 steps=40 use_dann=0 das=fixed_full f=[15.0,140.0] p=1.00 gpu=3.0/11.8GB
[23:07:13] [train] ep=34 step=001/40 ce=0.2683 sc=0.4389 mi=0.0660 dn=0.0000 v13=0.0007 grl=0.2547 v15=0.0000 v15r=0.0000 v16=0.0000 v17=0.0000 v18=0.0000 acc=1.0000 lr=2.35e-04 lambda=0.000 grl_lambda=0.929 v18_lambda=0.000 gpu=3.0/11.8GB
[23:07:18] [train] ep=34 step=010/40 ce=0.3248 sc=0.9356 mi=0.0707 dn=0.0000 v13=0.0007 grl=0.3322 v15=0.0000 v15r=0.0000 v16=0.0000 v17=0.0000 v18=0.0000 acc=0.9938 lr=2.34e-04 lambda=0.000 grl_lambda=0.930 v18_lambda=0.000 gpu=3.0/11.8GB
[23:07:24] [train] ep=34 step=020/40 ce=0.3331 sc=0.8670 mi=0.0694 dn=0.0000 v13=0.0008 grl=0.3292 v15=0.0000 v15r=0.0000 v16=0.0000 v17=0.0000 v18=0.0000 acc=0.9938 lr=2.33e-04 lambda=0.000 grl_lambda=0.932 v18_lambda=0.000 gpu=3.0/11.8GB
[23:07:30] [train] ep=34 step=030/40 ce=0.3462 sc=0.8542 mi=0.0698 dn=0.0000 v13=0.0007 grl=0.3309 v15=0.0000 v15r=0.0000 v16=0.0000 v17=0.0000 v18=0.0000 acc=0.9917 lr=2.32e-04 lambda=0.000 grl_lambda=0.934 v18_lambda=0.000 gpu=3.0/11.8GB
[23:07:36] [train] ep=34 step=040/40 ce=0.3657 sc=0.8578 mi=0.0698 dn=0.0000 v13=0.0008 grl=0.3348 v15=0.0000 v15r=0.0000 v16=0.0000 v17=0.0000 v18=0.0000 acc=0.9906 lr=2.31e-04 lambda=0.000 grl_lambda=0.935 v18_lambda=0.000 gpu=3.0/11.8GB
[23:07:46] [ep_summary] ep=34/100 val_live=0.9630/0.9627 val_ema=0.8086/0.8082 test77_live=0.5863/0.4931 test77_diag_ema=0.3561/0.2667 v13=0.0008 grl=0.3348 v15=0.0000 v15r=0.0000 v16=0.0000 v17=0.0000 v18=0.0000 das=fixed_full[15,140] p=1.00 ep_time=34.2s
[23:07:46] [save] best_sourceval_ema val_acc_ema=0.8086 source_val_live=0.9630/0.9627 source_val_ema=0.8086/0.8082 ep=34
[23:07:47] [train] epoch 35/100 steps=40 use_dann=0 das=fixed_full f=[15.0,140.0] p=1.00 gpu=3.0/11.8GB
[23:07:47] [train] ep=35 step=001/40 ce=1.0228 sc=0.8786 mi=0.0558 dn=0.0000 v13=0.0005 grl=0.2685 v15=0.0000 v15r=0.0000 v16=0.0000 v17=0.0000 v18=0.0000 acc=0.9375 lr=2.31e-04 lambda=0.000 grl_lambda=0.935 v18_lambda=0.000 gpu=3.0/11.8GB
[23:07:52] [train] ep=35 step=010/40 ce=0.4624 sc=0.7633 mi=0.0678 dn=0.0000 v13=0.0006 grl=0.2803 v15=0.0000 v15r=0.0000 v16=0.0000 v17=0.0000 v18=0.0000 acc=0.9812 lr=2.30e-04 lambda=0.000 grl_lambda=0.937 v18_lambda=0.000 gpu=3.0/11.8GB
[23:07:58] [train] ep=35 step=020/40 ce=0.4953 sc=0.8418 mi=0.0675 dn=0.0000 v13=0.0007 grl=0.2733 v15=0.0000 v15r=0.0000 v16=0.0000 v17=0.0000 v18=0.0000 acc=0.9812 lr=2.29e-04 lambda=0.000 grl_lambda=0.938 v18_lambda=0.000 gpu=3.0/11.8GB
[23:08:04] [train] ep=35 step=030/40 ce=0.4847 sc=0.8397 mi=0.0696 dn=0.0000 v13=0.0007 grl=0.2917 v15=0.0000 v15r=0.0000 v16=0.0000 v17=0.0000 v18=0.0000 acc=0.9854 lr=2.28e-04 lambda=0.000 grl_lambda=0.940 v18_lambda=0.000 gpu=3.0/11.8GB
[23:08:10] [train] ep=35 step=040/40 ce=0.4734 sc=0.8669 mi=0.0698 dn=0.0000 v13=0.0007 grl=0.2905 v15=0.0000 v15r=0.0000 v16=0.0000 v17=0.0000 v18=0.0000 acc=0.9859 lr=2.27e-04 lambda=0.000 grl_lambda=0.941 v18_lambda=0.000 gpu=3.0/11.8GB
[23:08:21] [ep_summary] ep=35/100 val_live=0.9444/0.9453 val_ema=0.8333/0.8322 test77_live=0.6295/0.5520 test77_diag_ema=0.3669/0.2758 v13=0.0007 grl=0.2905 v15=0.0000 v15r=0.0000 v16=0.0000 v17=0.0000 v18=0.0000 das=fixed_full[15,140] p=1.00 ep_time=34.1s
[23:08:21] [save] best_sourceval_ema val_acc_ema=0.8333 source_val_live=0.9444/0.9453 source_val_ema=0.8333/0.8322 ep=35
[23:08:21] [train] epoch 36/100 steps=40 use_dann=0 das=fixed_full f=[15.0,140.0] p=1.00 gpu=3.0/11.8GB
[23:08:21] [train] ep=36 step=001/40 ce=0.5144 sc=0.9966 mi=0.0647 dn=0.0000 v13=0.0010 grl=0.3829 v15=0.0000 v15r=0.0000 v16=0.0000 v17=0.0000 v18=0.0000 acc=1.0000 lr=2.26e-04 lambda=0.000 grl_lambda=0.941 v18_lambda=0.000 gpu=3.0/11.8GB
[23:08:27] [train] ep=36 step=010/40 ce=0.3729 sc=0.7587 mi=0.0685 dn=0.0000 v13=0.0007 grl=0.2881 v15=0.0000 v15r=0.0000 v16=0.0000 v17=0.0000 v18=0.0000 acc=0.9938 lr=2.25e-04 lambda=0.000 grl_lambda=0.943 v18_lambda=0.000 gpu=3.0/11.8GB
[23:08:32] [train] ep=36 step=020/40 ce=0.3773 sc=0.7431 mi=0.0674 dn=0.0000 v13=0.0007 grl=0.3103 v15=0.0000 v15r=0.0000 v16=0.0000 v17=0.0000 v18=0.0000 acc=0.9969 lr=2.24e-04 lambda=0.000 grl_lambda=0.944 v18_lambda=0.000 gpu=3.0/11.8GB
[23:08:38] [train] ep=36 step=030/40 ce=0.3420 sc=0.7555 mi=0.0670 dn=0.0000 v13=0.0007 grl=0.3011 v15=0.0000 v15r=0.0000 v16=0.0000 v17=0.0000 v18=0.0000 acc=0.9979 lr=2.23e-04 lambda=0.000 grl_lambda=0.945 v18_lambda=0.000 gpu=3.0/11.8GB
[23:08:44] [train] ep=36 step=040/40 ce=0.3252 sc=0.7359 mi=0.0680 dn=0.0000 v13=0.0007 grl=0.3055 v15=0.0000 v15r=0.0000 v16=0.0000 v17=0.0000 v18=0.0000 acc=0.9984 lr=2.22e-04 lambda=0.000 grl_lambda=0.947 v18_lambda=0.000 gpu=3.0/11.8GB
[23:08:55] [ep_summary] ep=36/100 val_live=0.9753/0.9755 val_ema=0.8519/0.8514 test77_live=0.6331/0.5653 test77_diag_ema=0.3741/0.2835 v13=0.0007 grl=0.3055 v15=0.0000 v15r=0.0000 v16=0.0000 v17=0.0000 v18=0.0000 das=fixed_full[15,140] p=1.00 ep_time=33.9s
[23:08:55] [save] best_sourceval_ema val_acc_ema=0.8519 source_val_live=0.9753/0.9755 source_val_ema=0.8519/0.8514 ep=36
[23:08:55] [train] epoch 37/100 steps=40 use_dann=0 das=fixed_full f=[15.0,140.0] p=1.00 gpu=3.0/11.8GB
[23:08:55] [train] ep=37 step=001/40 ce=0.2729 sc=0.7337 mi=0.0745 dn=0.0000 v13=0.0009 grl=0.2907 v15=0.0000 v15r=0.0000 v16=0.0000 v17=0.0000 v18=0.0000 acc=1.0000 lr=2.22e-04 lambda=0.000 grl_lambda=0.947 v18_lambda=0.000 gpu=3.0/11.8GB
[23:09:01] [train] ep=37 step=010/40 ce=0.2960 sc=0.7645 mi=0.0687 dn=0.0000 v13=0.0009 grl=0.2595 v15=0.0000 v15r=0.0000 v16=0.0000 v17=0.0000 v18=0.0000 acc=1.0000 lr=2.21e-04 lambda=0.000 grl_lambda=0.948 v18_lambda=0.000 gpu=3.0/11.8GB
[23:09:06] [train] ep=37 step=020/40 ce=0.3255 sc=0.8061 mi=0.0683 dn=0.0000 v13=0.0008 grl=0.2604 v15=0.0000 v15r=0.0000 v16=0.0000 v17=0.0000 v18=0.0000 acc=0.9969 lr=2.20e-04 lambda=0.000 grl_lambda=0.949 v18_lambda=0.000 gpu=3.0/11.8GB
[23:09:12] [train] ep=37 step=030/40 ce=0.3405 sc=0.8100 mi=0.0686 dn=0.0000 v13=0.0008 grl=0.2645 v15=0.0000 v15r=0.0000 v16=0.0000 v17=0.0000 v18=0.0000 acc=0.9958 lr=2.19e-04 lambda=0.000 grl_lambda=0.950 v18_lambda=0.000 gpu=3.0/11.8GB
[23:09:18] [train] ep=37 step=040/40 ce=0.3410 sc=0.8253 mi=0.0689 dn=0.0000 v13=0.0008 grl=0.2769 v15=0.0000 v15r=0.0000 v16=0.0000 v17=0.0000 v18=0.0000 acc=0.9953 lr=2.18e-04 lambda=0.000 grl_lambda=0.952 v18_lambda=0.000 gpu=3.0/11.8GB
[23:09:29] [ep_summary] ep=37/100 val_live=0.9691/0.9691 val_ema=0.8765/0.8771 test77_live=0.6439/0.5827 test77_diag_ema=0.3849/0.2934 v13=0.0008 grl=0.2769 v15=0.0000 v15r=0.0000 v16=0.0000 v17=0.0000 v18=0.0000 das=fixed_full[15,140] p=1.00 ep_time=34.1s
[23:09:29] [save] best_sourceval_ema val_acc_ema=0.8765 source_val_live=0.9691/0.9691 source_val_ema=0.8765/0.8771 ep=37
[23:09:29] [train] epoch 38/100 steps=40 use_dann=0 das=fixed_full f=[15.0,140.0] p=1.00 gpu=3.0/11.8GB
[23:09:30] [train] ep=38 step=001/40 ce=0.2619 sc=0.4386 mi=0.0620 dn=0.0000 v13=0.0004 grl=0.3185 v15=0.0000 v15r=0.0000 v16=0.0000 v17=0.0000 v18=0.0000 acc=1.0000 lr=2.18e-04 lambda=0.000 grl_lambda=0.952 v18_lambda=0.000 gpu=3.0/11.8GB
[23:09:35] [train] ep=38 step=010/40 ce=0.3301 sc=0.7711 mi=0.0649 dn=0.0000 v13=0.0006 grl=0.2777 v15=0.0000 v15r=0.0000 v16=0.0000 v17=0.0000 v18=0.0000 acc=0.9938 lr=2.17e-04 lambda=0.000 grl_lambda=0.953 v18_lambda=0.000 gpu=3.0/11.8GB
[23:09:41] [train] ep=38 step=020/40 ce=0.3050 sc=0.7824 mi=0.0655 dn=0.0000 v13=0.0007 grl=0.2751 v15=0.0000 v15r=0.0000 v16=0.0000 v17=0.0000 v18=0.0000 acc=0.9969 lr=2.16e-04 lambda=0.000 grl_lambda=0.954 v18_lambda=0.000 gpu=3.0/11.8GB
[23:09:47] [train] ep=38 step=030/40 ce=0.3225 sc=0.7451 mi=0.0665 dn=0.0000 v13=0.0007 grl=0.2776 v15=0.0000 v15r=0.0000 v16=0.0000 v17=0.0000 v18=0.0000 acc=0.9958 lr=2.15e-04 lambda=0.000 grl_lambda=0.955 v18_lambda=0.000 gpu=3.0/11.8GB
[23:09:52] [train] ep=38 step=040/40 ce=0.3310 sc=0.7618 mi=0.0680 dn=0.0000 v13=0.0007 grl=0.2938 v15=0.0000 v15r=0.0000 v16=0.0000 v17=0.0000 v18=0.0000 acc=0.9953 lr=2.14e-04 lambda=0.000 grl_lambda=0.956 v18_lambda=0.000 gpu=3.0/11.8GB
[23:10:03] [ep_summary] ep=38/100 val_live=0.9630/0.9623 val_ema=0.8827/0.8827 test77_live=0.5863/0.5231 test77_diag_ema=0.3885/0.2964 v13=0.0007 grl=0.2938 v15=0.0000 v15r=0.0000 v16=0.0000 v17=0.0000 v18=0.0000 das=fixed_full[15,140] p=1.00 ep_time=34.4s
[23:10:03] [save] best_sourceval_ema val_acc_ema=0.8827 source_val_live=0.9630/0.9623 source_val_ema=0.8827/0.8827 ep=38
[23:10:03] [train] epoch 39/100 steps=40 use_dann=0 das=fixed_full f=[15.0,140.0] p=1.00 gpu=3.0/11.8GB
[23:10:04] [train] ep=39 step=001/40 ce=0.2635 sc=0.7902 mi=0.0610 dn=0.0000 v13=0.0003 grl=0.1971 v15=0.0000 v15r=0.0000 v16=0.0000 v17=0.0000 v18=0.0000 acc=1.0000 lr=2.14e-04 lambda=0.000 grl_lambda=0.956 v18_lambda=0.000 gpu=3.0/11.8GB
[23:10:09] [train] ep=39 step=010/40 ce=0.3190 sc=0.8438 mi=0.0705 dn=0.0000 v13=0.0007 grl=0.3204 v15=0.0000 v15r=0.0000 v16=0.0000 v17=0.0000 v18=0.0000 acc=0.9938 lr=2.13e-04 lambda=0.000 grl_lambda=0.957 v18_lambda=0.000 gpu=3.0/11.8GB
[23:10:17] [train] ep=39 step=020/40 ce=0.2928 sc=0.7661 mi=0.0694 dn=0.0000 v13=0.0006 grl=0.3081 v15=0.0000 v15r=0.0000 v16=0.0000 v17=0.0000 v18=0.0000 acc=0.9969 lr=2.11e-04 lambda=0.000 grl_lambda=0.958 v18_lambda=0.000 gpu=3.0/11.8GB
[23:10:22] [train] ep=39 step=030/40 ce=0.4375 sc=0.8177 mi=0.0688 dn=0.0000 v13=0.0006 grl=0.2982 v15=0.0000 v15r=0.0000 v16=0.0000 v17=0.0000 v18=0.0000 acc=0.9833 lr=2.10e-04 lambda=0.000 grl_lambda=0.959 v18_lambda=0.000 gpu=3.0/11.8GB
[23:10:28] [train] ep=39 step=040/40 ce=0.4408 sc=0.8112 mi=0.0681 dn=0.0000 v13=0.0006 grl=0.2922 v15=0.0000 v15r=0.0000 v16=0.0000 v17=0.0000 v18=0.0000 acc=0.9844 lr=2.09e-04 lambda=0.000 grl_lambda=0.960 v18_lambda=0.000 gpu=3.0/11.8GB
[23:10:40] [ep_summary] ep=39/100 val_live=0.9444/0.9444 val_ema=0.8889/0.8883 test77_live=0.6295/0.5660 test77_diag_ema=0.4173/0.3348 v13=0.0006 grl=0.2922 v15=0.0000 v15r=0.0000 v16=0.0000 v17=0.0000 v18=0.0000 das=fixed_full[15,140] p=1.00 ep_time=36.7s
[23:10:40] [save] best_sourceval_ema val_acc_ema=0.8889 source_val_live=0.9444/0.9444 source_val_ema=0.8889/0.8883 ep=39
[23:10:40] [train] epoch 40/100 steps=40 use_dann=0 das=fixed_full f=[15.0,140.0] p=1.00 gpu=3.0/11.8GB
[23:10:41] [train] ep=40 step=001/40 ce=0.2626 sc=0.9977 mi=0.0728 dn=0.0000 v13=0.0007 grl=0.3213 v15=0.0000 v15r=0.0000 v16=0.0000 v17=0.0000 v18=0.0000 acc=1.0000 lr=2.09e-04 lambda=0.000 grl_lambda=0.960 v18_lambda=0.000 gpu=3.0/11.8GB
[23:10:46] [train] ep=40 step=010/40 ce=0.4985 sc=0.8844 mi=0.0755 dn=0.0000 v13=0.0007 grl=0.3543 v15=0.0000 v15r=0.0000 v16=0.0000 v17=0.0000 v18=0.0000 acc=0.9875 lr=2.08e-04 lambda=0.000 grl_lambda=0.961 v18_lambda=0.000 gpu=3.0/11.8GB
[23:10:52] [train] ep=40 step=020/40 ce=0.5127 sc=0.8699 mi=0.0753 dn=0.0000 v13=0.0007 grl=0.3094 v15=0.0000 v15r=0.0000 v16=0.0000 v17=0.0000 v18=0.0000 acc=0.9844 lr=2.07e-04 lambda=0.000 grl_lambda=0.962 v18_lambda=0.000 gpu=3.0/11.8GB
[23:10:58] [train] ep=40 step=030/40 ce=0.4455 sc=0.8509 mi=0.0738 dn=0.0000 v13=0.0007 grl=0.2955 v15=0.0000 v15r=0.0000 v16=0.0000 v17=0.0000 v18=0.0000 acc=0.9896 lr=2.06e-04 lambda=0.000 grl_lambda=0.963 v18_lambda=0.000 gpu=3.0/11.8GB
[23:11:04] [train] ep=40 step=040/40 ce=0.4220 sc=0.8493 mi=0.0734 dn=0.0000 v13=0.0007 grl=0.2935 v15=0.0000 v15r=0.0000 v16=0.0000 v17=0.0000 v18=0.0000 acc=0.9906 lr=2.05e-04 lambda=0.000 grl_lambda=0.964 v18_lambda=0.000 gpu=3.0/11.8GB
[23:11:14] [pool] check ep=040/100 source_val_acc_ema=0.9074 threshold=0.90
[23:11:21] [pool] ep=040 ADDED src_val=0.9074/0.9072 dev77=0.4000/0.3335 final77=0.4460/0.3641
[23:11:21] [pool] running best ep=040 dev77_f1=0.3335 final77_f1=0.3641 (pool_size=1)
[23:11:21] [ep_summary] ep=40/100 val_live=0.9568/0.9554 val_ema=0.9074/0.9072 test77_live=0.6439/0.5748 test77_diag_ema=0.4460/0.3641 v13=0.0007 grl=0.2935 v15=0.0000 v15r=0.0000 v16=0.0000 v17=0.0000 v18=0.0000 das=fixed_full[15,140] p=1.00 ep_time=41.5s
[23:11:22] [save] best_sourceval_ema val_acc_ema=0.9074 source_val_live=0.9568/0.9554 source_val_ema=0.9074/0.9072 ep=40
[23:11:22] [save] best_sourcequalified77_ema ep=40 source_val_live=0.9568/0.9554 source_val_ema=0.9074/0.9072 test77_ema=0.4460/0.3641
[23:11:22] [strict77_monitor] ep=40 best_source_epoch=40 source_val_ema=0.9074/0.9072 test77_ema_diag=0.4460/0.3641 sourcequalified_count=1 best_sourcequalified77_epoch=40 source_val_ema=0.9074/0.9072 test77_ema=0.4460/0.3641
[23:11:22] [train] epoch 41/100 steps=40 use_dann=0 das=fixed_full f=[15.0,140.0] p=1.00 gpu=3.0/11.8GB
[23:11:22] [train] ep=41 step=001/40 ce=0.3385 sc=0.7930 mi=0.0730 dn=0.0000 v13=0.0008 grl=0.3272 v15=0.0000 v15r=0.0000 v16=0.0000 v17=0.0000 v18=0.0000 acc=1.0000 lr=2.05e-04 lambda=0.000 grl_lambda=0.964 v18_lambda=0.000 gpu=3.0/11.8GB
[23:11:28] [train] ep=41 step=010/40 ce=0.2854 sc=0.9199 mi=0.0715 dn=0.0000 v13=0.0007 grl=0.3053 v15=0.0000 v15r=0.0000 v16=0.0000 v17=0.0000 v18=0.0000 acc=1.0000 lr=2.04e-04 lambda=0.000 grl_lambda=0.965 v18_lambda=0.000 gpu=3.0/11.8GB
[23:11:33] [train] ep=41 step=020/40 ce=0.4099 sc=0.8914 mi=0.0720 dn=0.0000 v13=0.0007 grl=0.3210 v15=0.0000 v15r=0.0000 v16=0.0000 v17=0.0000 v18=0.0000 acc=0.9906 lr=2.02e-04 lambda=0.000 grl_lambda=0.966 v18_lambda=0.000 gpu=3.0/11.8GB
[23:11:39] [train] ep=41 step=030/40 ce=0.3676 sc=0.8867 mi=0.0715 dn=0.0000 v13=0.0007 grl=0.3088 v15=0.0000 v15r=0.0000 v16=0.0000 v17=0.0000 v18=0.0000 acc=0.9938 lr=2.01e-04 lambda=0.000 grl_lambda=0.967 v18_lambda=0.000 gpu=3.0/11.8GB
[23:11:45] [train] ep=41 step=040/40 ce=0.3629 sc=0.8333 mi=0.0698 dn=0.0000 v13=0.0007 grl=0.2936 v15=0.0000 v15r=0.0000 v16=0.0000 v17=0.0000 v18=0.0000 acc=0.9938 lr=2.00e-04 lambda=0.000 grl_lambda=0.967 v18_lambda=0.000 gpu=3.0/11.8GB
[23:11:58] [ep_summary] ep=41/100 val_live=0.9753/0.9756 val_ema=0.9321/0.9316 test77_live=0.6547/0.5732 test77_diag_ema=0.4676/0.3831 v13=0.0007 grl=0.2936 v15=0.0000 v15r=0.0000 v16=0.0000 v17=0.0000 v18=0.0000 das=fixed_full[15,140] p=1.00 ep_time=36.9s
[23:11:59] [save] best_sourceval_ema val_acc_ema=0.9321 source_val_live=0.9753/0.9756 source_val_ema=0.9321/0.9316 ep=41
[23:11:59] [save] best_sourcequalified77_ema ep=41 source_val_live=0.9753/0.9756 source_val_ema=0.9321/0.9316 test77_ema=0.4676/0.3831
[23:11:59] [train] epoch 42/100 steps=40 use_dann=0 das=fixed_full f=[15.0,140.0] p=1.00 gpu=3.0/11.8GB
[23:11:59] [train] ep=42 step=001/40 ce=0.2992 sc=1.0137 mi=0.0804 dn=0.0000 v13=0.0004 grl=0.2986 v15=0.0000 v15r=0.0000 v16=0.0000 v17=0.0000 v18=0.0000 acc=1.0000 lr=2.00e-04 lambda=0.000 grl_lambda=0.967 v18_lambda=0.000 gpu=3.0/11.8GB
[23:12:05] [train] ep=42 step=010/40 ce=0.2695 sc=0.7846 mi=0.0660 dn=0.0000 v13=0.0006 grl=0.2499 v15=0.0000 v15r=0.0000 v16=0.0000 v17=0.0000 v18=0.0000 acc=1.0000 lr=1.99e-04 lambda=0.000 grl_lambda=0.968 v18_lambda=0.000 gpu=3.0/11.8GB
[23:12:10] [train] ep=42 step=020/40 ce=0.3035 sc=0.7850 mi=0.0659 dn=0.0000 v13=0.0006 grl=0.2598 v15=0.0000 v15r=0.0000 v16=0.0000 v17=0.0000 v18=0.0000 acc=0.9969 lr=1.98e-04 lambda=0.000 grl_lambda=0.969 v18_lambda=0.000 gpu=3.0/11.8GB
[23:12:16] [train] ep=42 step=030/40 ce=0.3278 sc=0.8036 mi=0.0649 dn=0.0000 v13=0.0007 grl=0.2585 v15=0.0000 v15r=0.0000 v16=0.0000 v17=0.0000 v18=0.0000 acc=0.9958 lr=1.97e-04 lambda=0.000 grl_lambda=0.970 v18_lambda=0.000 gpu=3.0/11.8GB
[23:12:22] [train] ep=42 step=040/40 ce=0.3150 sc=0.7833 mi=0.0660 dn=0.0000 v13=0.0006 grl=0.2670 v15=0.0000 v15r=0.0000 v16=0.0000 v17=0.0000 v18=0.0000 acc=0.9969 lr=1.96e-04 lambda=0.000 grl_lambda=0.970 v18_lambda=0.000 gpu=3.0/11.8GB
[23:12:33] [ep_summary] ep=42/100 val_live=0.9321/0.9300 val_ema=0.9383/0.9378 test77_live=0.6475/0.5933 test77_diag_ema=0.4892/0.4061 v13=0.0006 grl=0.2670 v15=0.0000 v15r=0.0000 v16=0.0000 v17=0.0000 v18=0.0000 das=fixed_full[15,140] p=1.00 ep_time=34.4s
[23:12:33] [save] best_sourceval_ema val_acc_ema=0.9383 source_val_live=0.9321/0.9300 source_val_ema=0.9383/0.9378 ep=42
[23:12:33] [save] best_sourcequalified77_ema ep=42 source_val_live=0.9321/0.9300 source_val_ema=0.9383/0.9378 test77_ema=0.4892/0.4061
[23:12:33] [train] epoch 43/100 steps=40 use_dann=0 das=fixed_full f=[15.0,140.0] p=1.00 gpu=3.0/11.8GB
[23:12:34] [train] ep=43 step=001/40 ce=0.2681 sc=1.0556 mi=0.0661 dn=0.0000 v13=0.0005 grl=0.3013 v15=0.0000 v15r=0.0000 v16=0.0000 v17=0.0000 v18=0.0000 acc=1.0000 lr=1.95e-04 lambda=0.000 grl_lambda=0.970 v18_lambda=0.000 gpu=3.0/11.8GB
[23:12:39] [train] ep=43 step=010/40 ce=0.3762 sc=0.8397 mi=0.0629 dn=0.0000 v13=0.0006 grl=0.2631 v15=0.0000 v15r=0.0000 v16=0.0000 v17=0.0000 v18=0.0000 acc=0.9938 lr=1.94e-04 lambda=0.000 grl_lambda=0.971 v18_lambda=0.000 gpu=3.0/11.8GB
[23:12:45] [train] ep=43 step=020/40 ce=0.4666 sc=0.8960 mi=0.0637 dn=0.0000 v13=0.0006 grl=0.2591 v15=0.0000 v15r=0.0000 v16=0.0000 v17=0.0000 v18=0.0000 acc=0.9844 lr=1.93e-04 lambda=0.000 grl_lambda=0.972 v18_lambda=0.000 gpu=3.0/11.8GB
[23:12:51] [train] ep=43 step=030/40 ce=0.5043 sc=0.9630 mi=0.0654 dn=0.0000 v13=0.0006 grl=0.2627 v15=0.0000 v15r=0.0000 v16=0.0000 v17=0.0000 v18=0.0000 acc=0.9833 lr=1.92e-04 lambda=0.000 grl_lambda=0.972 v18_lambda=0.000 gpu=3.0/11.8GB
[23:12:57] [train] ep=43 step=040/40 ce=0.4940 sc=0.9279 mi=0.0656 dn=0.0000 v13=0.0006 grl=0.2702 v15=0.0000 v15r=0.0000 v16=0.0000 v17=0.0000 v18=0.0000 acc=0.9844 lr=1.91e-04 lambda=0.000 grl_lambda=0.973 v18_lambda=0.000 gpu=3.0/11.8GB
[23:13:08] [ep_summary] ep=43/100 val_live=0.9568/0.9559 val_ema=0.9506/0.9495 test77_live=0.6799/0.6575 test77_diag_ema=0.5180/0.4360 v13=0.0006 grl=0.2702 v15=0.0000 v15r=0.0000 v16=0.0000 v17=0.0000 v18=0.0000 das=fixed_full[15,140] p=1.00 ep_time=34.8s
[23:13:08] [save] best_sourceval_ema val_acc_ema=0.9506 source_val_live=0.9568/0.9559 source_val_ema=0.9506/0.9495 ep=43
[23:13:08] [save] best_sourcequalified77_ema ep=43 source_val_live=0.9568/0.9559 source_val_ema=0.9506/0.9495 test77_ema=0.5180/0.4360
[23:13:08] [train] epoch 44/100 steps=40 use_dann=0 das=fixed_full f=[15.0,140.0] p=1.00 gpu=3.0/11.8GB
[23:13:09] [train] ep=44 step=001/40 ce=0.2789 sc=0.4318 mi=0.0593 dn=0.0000 v13=0.0005 grl=0.3191 v15=0.0000 v15r=0.0000 v16=0.0000 v17=0.0000 v18=0.0000 acc=1.0000 lr=1.91e-04 lambda=0.000 grl_lambda=0.973 v18_lambda=0.000 gpu=3.0/11.8GB
[23:13:14] [train] ep=44 step=010/40 ce=0.2827 sc=0.6923 mi=0.0666 dn=0.0000 v13=0.0006 grl=0.3010 v15=0.0000 v15r=0.0000 v16=0.0000 v17=0.0000 v18=0.0000 acc=1.0000 lr=1.90e-04 lambda=0.000 grl_lambda=0.974 v18_lambda=0.000 gpu=3.0/11.8GB
[23:13:20] [train] ep=44 step=020/40 ce=0.3238 sc=0.7474 mi=0.0652 dn=0.0000 v13=0.0006 grl=0.2812 v15=0.0000 v15r=0.0000 v16=0.0000 v17=0.0000 v18=0.0000 acc=0.9938 lr=1.89e-04 lambda=0.000 grl_lambda=0.974 v18_lambda=0.000 gpu=3.0/11.8GB
[23:13:26] [train] ep=44 step=030/40 ce=0.3397 sc=0.7744 mi=0.0658 dn=0.0000 v13=0.0006 grl=0.2794 v15=0.0000 v15r=0.0000 v16=0.0000 v17=0.0000 v18=0.0000 acc=0.9938 lr=1.87e-04 lambda=0.000 grl_lambda=0.975 v18_lambda=0.000 gpu=3.0/11.8GB
[23:13:32] [train] ep=44 step=040/40 ce=0.3222 sc=0.7563 mi=0.0651 dn=0.0000 v13=0.0006 grl=0.2757 v15=0.0000 v15r=0.0000 v16=0.0000 v17=0.0000 v18=0.0000 acc=0.9953 lr=1.86e-04 lambda=0.000 grl_lambda=0.976 v18_lambda=0.000 gpu=3.0/11.8GB
[23:13:43] [ep_summary] ep=44/100 val_live=0.9753/0.9749 val_ema=0.9568/0.9563 test77_live=0.6511/0.5955 test77_diag_ema=0.5396/0.4561 v13=0.0006 grl=0.2757 v15=0.0000 v15r=0.0000 v16=0.0000 v17=0.0000 v18=0.0000 das=fixed_full[15,140] p=1.00 ep_time=34.9s
[23:13:43] [save] best_sourceval_ema val_acc_ema=0.9568 source_val_live=0.9753/0.9749 source_val_ema=0.9568/0.9563 ep=44
[23:13:43] [save] best_sourcequalified77_ema ep=44 source_val_live=0.9753/0.9749 source_val_ema=0.9568/0.9563 test77_ema=0.5396/0.4561
[23:13:43] [train] epoch 45/100 steps=40 use_dann=0 das=fixed_full f=[15.0,140.0] p=1.00 gpu=3.0/11.8GB
[23:13:44] [train] ep=45 step=001/40 ce=0.2682 sc=0.6102 mi=0.0585 dn=0.0000 v13=0.0005 grl=0.3662 v15=0.0000 v15r=0.0000 v16=0.0000 v17=0.0000 v18=0.0000 acc=1.0000 lr=1.86e-04 lambda=0.000 grl_lambda=0.976 v18_lambda=0.000 gpu=3.0/11.8GB
[23:13:49] [train] ep=45 step=010/40 ce=0.2655 sc=0.8181 mi=0.0609 dn=0.0000 v13=0.0006 grl=0.2743 v15=0.0000 v15r=0.0000 v16=0.0000 v17=0.0000 v18=0.0000 acc=1.0000 lr=1.85e-04 lambda=0.000 grl_lambda=0.976 v18_lambda=0.000 gpu=3.0/11.8GB
[23:13:55] [train] ep=45 step=020/40 ce=0.2636 sc=0.7406 mi=0.0626 dn=0.0000 v13=0.0006 grl=0.2928 v15=0.0000 v15r=0.0000 v16=0.0000 v17=0.0000 v18=0.0000 acc=1.0000 lr=1.84e-04 lambda=0.000 grl_lambda=0.977 v18_lambda=0.000 gpu=3.0/11.8GB
[23:14:01] [train] ep=45 step=030/40 ce=0.3019 sc=0.7717 mi=0.0633 dn=0.0000 v13=0.0005 grl=0.2938 v15=0.0000 v15r=0.0000 v16=0.0000 v17=0.0000 v18=0.0000 acc=0.9979 lr=1.83e-04 lambda=0.000 grl_lambda=0.977 v18_lambda=0.000 gpu=3.0/11.8GB
[23:14:07] [train] ep=45 step=040/40 ce=0.2943 sc=0.7735 mi=0.0641 dn=0.0000 v13=0.0005 grl=0.2964 v15=0.0000 v15r=0.0000 v16=0.0000 v17=0.0000 v18=0.0000 acc=0.9984 lr=1.81e-04 lambda=0.000 grl_lambda=0.978 v18_lambda=0.000 gpu=3.0/11.8GB
[23:14:19] [ep_summary] ep=45/100 val_live=0.9630/0.9618 val_ema=0.9568/0.9563 test77_live=0.6043/0.5201 test77_diag_ema=0.5540/0.4708 v13=0.0005 grl=0.2964 v15=0.0000 v15r=0.0000 v16=0.0000 v17=0.0000 v18=0.0000 das=fixed_full[15,140] p=1.00 ep_time=36.1s
[23:14:19] [save] best_sourcequalified77_ema ep=45 source_val_live=0.9630/0.9618 source_val_ema=0.9568/0.9563 test77_ema=0.5540/0.4708
[23:14:19] [train] epoch 46/100 steps=40 use_dann=0 das=fixed_full f=[15.0,140.0] p=1.00 gpu=3.0/11.8GB
[23:14:20] [train] ep=46 step=001/40 ce=0.2625 sc=0.7502 mi=0.0663 dn=0.0000 v13=0.0006 grl=0.3096 v15=0.0000 v15r=0.0000 v16=0.0000 v17=0.0000 v18=0.0000 acc=1.0000 lr=1.81e-04 lambda=0.000 grl_lambda=0.978 v18_lambda=0.000 gpu=3.0/11.8GB
[23:14:25] [train] ep=46 step=010/40 ce=0.3706 sc=0.7730 mi=0.0661 dn=0.0000 v13=0.0005 grl=0.2874 v15=0.0000 v15r=0.0000 v16=0.0000 v17=0.0000 v18=0.0000 acc=0.9875 lr=1.80e-04 lambda=0.000 grl_lambda=0.979 v18_lambda=0.000 gpu=3.0/11.8GB
[23:14:31] [train] ep=46 step=020/40 ce=0.3250 sc=0.7527 mi=0.0662 dn=0.0000 v13=0.0005 grl=0.2971 v15=0.0000 v15r=0.0000 v16=0.0000 v17=0.0000 v18=0.0000 acc=0.9938 lr=1.79e-04 lambda=0.000 grl_lambda=0.979 v18_lambda=0.000 gpu=3.0/11.8GB
[23:14:37] [train] ep=46 step=030/40 ce=0.3161 sc=0.7496 mi=0.0657 dn=0.0000 v13=0.0006 grl=0.2843 v15=0.0000 v15r=0.0000 v16=0.0000 v17=0.0000 v18=0.0000 acc=0.9958 lr=1.78e-04 lambda=0.000 grl_lambda=0.980 v18_lambda=0.000 gpu=3.0/11.8GB
[23:14:43] [train] ep=46 step=040/40 ce=0.3253 sc=0.7652 mi=0.0659 dn=0.0000 v13=0.0006 grl=0.2828 v15=0.0000 v15r=0.0000 v16=0.0000 v17=0.0000 v18=0.0000 acc=0.9953 lr=1.77e-04 lambda=0.000 grl_lambda=0.980 v18_lambda=0.000 gpu=3.0/11.8GB
[23:14:54] [ep_summary] ep=46/100 val_live=0.9506/0.9487 val_ema=0.9506/0.9499 test77_live=0.6906/0.6635 test77_diag_ema=0.5612/0.4825 v13=0.0006 grl=0.2828 v15=0.0000 v15r=0.0000 v16=0.0000 v17=0.0000 v18=0.0000 das=fixed_full[15,140] p=1.00 ep_time=34.4s
[23:14:54] [save] best_sourcequalified77_ema ep=46 source_val_live=0.9506/0.9487 source_val_ema=0.9506/0.9499 test77_ema=0.5612/0.4825
[23:14:54] [train] epoch 47/100 steps=40 use_dann=0 das=fixed_full f=[15.0,140.0] p=1.00 gpu=3.0/11.8GB
[23:14:54] [train] ep=47 step=001/40 ce=0.2602 sc=0.9928 mi=0.0751 dn=0.0000 v13=0.0008 grl=0.2811 v15=0.0000 v15r=0.0000 v16=0.0000 v17=0.0000 v18=0.0000 acc=1.0000 lr=1.77e-04 lambda=0.000 grl_lambda=0.980 v18_lambda=0.000 gpu=3.0/11.8GB
[23:15:00] [train] ep=47 step=010/40 ce=0.3514 sc=0.7876 mi=0.0710 dn=0.0000 v13=0.0005 grl=0.2917 v15=0.0000 v15r=0.0000 v16=0.0000 v17=0.0000 v18=0.0000 acc=0.9875 lr=1.76e-04 lambda=0.000 grl_lambda=0.981 v18_lambda=0.000 gpu=3.0/11.8GB
[23:15:05] [train] ep=47 step=020/40 ce=0.3301 sc=0.7591 mi=0.0671 dn=0.0000 v13=0.0005 grl=0.2743 v15=0.0000 v15r=0.0000 v16=0.0000 v17=0.0000 v18=0.0000 acc=0.9938 lr=1.74e-04 lambda=0.000 grl_lambda=0.981 v18_lambda=0.000 gpu=3.0/11.8GB
[23:15:11] [train] ep=47 step=030/40 ce=0.3155 sc=0.7458 mi=0.0670 dn=0.0000 v13=0.0006 grl=0.2808 v15=0.0000 v15r=0.0000 v16=0.0000 v17=0.0000 v18=0.0000 acc=0.9958 lr=1.73e-04 lambda=0.000 grl_lambda=0.981 v18_lambda=0.000 gpu=3.0/11.8GB
[23:15:17] [train] ep=47 step=040/40 ce=0.3224 sc=0.7736 mi=0.0680 dn=0.0000 v13=0.0006 grl=0.3004 v15=0.0000 v15r=0.0000 v16=0.0000 v17=0.0000 v18=0.0000 acc=0.9953 lr=1.72e-04 lambda=0.000 grl_lambda=0.982 v18_lambda=0.000 gpu=3.0/11.8GB
[23:15:28] [ep_summary] ep=47/100 val_live=0.9444/0.9429 val_ema=0.9506/0.9499 test77_live=0.6475/0.6107 test77_diag_ema=0.5683/0.4935 v13=0.0006 grl=0.3004 v15=0.0000 v15r=0.0000 v16=0.0000 v17=0.0000 v18=0.0000 das=fixed_full[15,140] p=1.00 ep_time=34.4s
[23:15:28] [save] best_sourcequalified77_ema ep=47 source_val_live=0.9444/0.9429 source_val_ema=0.9506/0.9499 test77_ema=0.5683/0.4935
[23:15:28] [train] epoch 48/100 steps=40 use_dann=0 das=fixed_full f=[15.0,140.0] p=1.00 gpu=3.0/11.8GB
[23:15:29] [train] ep=48 step=001/40 ce=0.2626 sc=0.7152 mi=0.0676 dn=0.0000 v13=0.0006 grl=0.3083 v15=0.0000 v15r=0.0000 v16=0.0000 v17=0.0000 v18=0.0000 acc=1.0000 lr=1.72e-04 lambda=0.000 grl_lambda=0.982 v18_lambda=0.000 gpu=3.0/11.8GB
[23:15:34] [train] ep=48 step=010/40 ce=0.2634 sc=0.8245 mi=0.0681 dn=0.0000 v13=0.0005 grl=0.3165 v15=0.0000 v15r=0.0000 v16=0.0000 v17=0.0000 v18=0.0000 acc=1.0000 lr=1.71e-04 lambda=0.000 grl_lambda=0.982 v18_lambda=0.000 gpu=3.0/11.8GB
[23:15:40] [train] ep=48 step=020/40 ce=0.2780 sc=0.8529 mi=0.0665 dn=0.0000 v13=0.0005 grl=0.2941 v15=0.0000 v15r=0.0000 v16=0.0000 v17=0.0000 v18=0.0000 acc=1.0000 lr=1.69e-04 lambda=0.000 grl_lambda=0.983 v18_lambda=0.000 gpu=3.0/11.8GB
[23:15:46] [train] ep=48 step=030/40 ce=0.3543 sc=0.8320 mi=0.0674 dn=0.0000 v13=0.0005 grl=0.2756 v15=0.0000 v15r=0.0000 v16=0.0000 v17=0.0000 v18=0.0000 acc=0.9938 lr=1.68e-04 lambda=0.000 grl_lambda=0.983 v18_lambda=0.000 gpu=3.0/11.8GB
[23:15:52] [train] ep=48 step=040/40 ce=0.3596 sc=0.8533 mi=0.0678 dn=0.0000 v13=0.0005 grl=0.2883 v15=0.0000 v15r=0.0000 v16=0.0000 v17=0.0000 v18=0.0000 acc=0.9938 lr=1.67e-04 lambda=0.000 grl_lambda=0.984 v18_lambda=0.000 gpu=3.0/11.8GB
[23:16:04] [ep_summary] ep=48/100 val_live=0.9506/0.9492 val_ema=0.9506/0.9499 test77_live=0.5791/0.5375 test77_diag_ema=0.5791/0.5044 v13=0.0005 grl=0.2883 v15=0.0000 v15r=0.0000 v16=0.0000 v17=0.0000 v18=0.0000 das=fixed_full[15,140] p=1.00 ep_time=36.0s
[23:16:04] [save] best_sourcequalified77_ema ep=48 source_val_live=0.9506/0.9492 source_val_ema=0.9506/0.9499 test77_ema=0.5791/0.5044
[23:16:04] [train] epoch 49/100 steps=40 use_dann=0 das=fixed_full f=[15.0,140.0] p=1.00 gpu=3.0/11.8GB
[23:16:05] [train] ep=49 step=001/40 ce=0.2660 sc=0.4340 mi=0.0680 dn=0.0000 v13=0.0005 grl=0.2938 v15=0.0000 v15r=0.0000 v16=0.0000 v17=0.0000 v18=0.0000 acc=1.0000 lr=1.67e-04 lambda=0.000 grl_lambda=0.984 v18_lambda=0.000 gpu=3.0/11.8GB
[23:16:10] [train] ep=49 step=010/40 ce=0.3726 sc=0.7672 mi=0.0652 dn=0.0000 v13=0.0005 grl=0.3069 v15=0.0000 v15r=0.0000 v16=0.0000 v17=0.0000 v18=0.0000 acc=0.9938 lr=1.66e-04 lambda=0.000 grl_lambda=0.984 v18_lambda=0.000 gpu=3.0/11.8GB
[23:16:17] [train] ep=49 step=020/40 ce=0.3285 sc=0.7861 mi=0.0672 dn=0.0000 v13=0.0005 grl=0.3082 v15=0.0000 v15r=0.0000 v16=0.0000 v17=0.0000 v18=0.0000 acc=0.9969 lr=1.65e-04 lambda=0.000 grl_lambda=0.984 v18_lambda=0.000 gpu=3.0/11.8GB
[23:16:23] [train] ep=49 step=030/40 ce=0.3231 sc=0.7958 mi=0.0663 dn=0.0000 v13=0.0005 grl=0.3095 v15=0.0000 v15r=0.0000 v16=0.0000 v17=0.0000 v18=0.0000 acc=0.9958 lr=1.63e-04 lambda=0.000 grl_lambda=0.985 v18_lambda=0.000 gpu=3.0/11.8GB
[23:16:29] [train] ep=49 step=040/40 ce=0.3265 sc=0.7835 mi=0.0665 dn=0.0000 v13=0.0005 grl=0.3013 v15=0.0000 v15r=0.0000 v16=0.0000 v17=0.0000 v18=0.0000 acc=0.9953 lr=1.62e-04 lambda=0.000 grl_lambda=0.985 v18_lambda=0.000 gpu=3.0/11.8GB
[23:16:40] [ep_summary] ep=49/100 val_live=0.9691/0.9694 val_ema=0.9506/0.9499 test77_live=0.6259/0.5727 test77_diag_ema=0.5899/0.5133 v13=0.0005 grl=0.3013 v15=0.0000 v15r=0.0000 v16=0.0000 v17=0.0000 v18=0.0000 das=fixed_full[15,140] p=1.00 ep_time=35.3s
[23:16:40] [save] best_sourcequalified77_ema ep=49 source_val_live=0.9691/0.9694 source_val_ema=0.9506/0.9499 test77_ema=0.5899/0.5133
[23:16:40] [train] epoch 50/100 steps=40 use_dann=0 das=fixed_full f=[15.0,140.0] p=1.00 gpu=3.0/11.8GB
[23:16:40] [train] ep=50 step=001/40 ce=0.2604 sc=0.6395 mi=0.0668 dn=0.0000 v13=0.0007 grl=0.3115 v15=0.0000 v15r=0.0000 v16=0.0000 v17=0.0000 v18=0.0000 acc=1.0000 lr=1.62e-04 lambda=0.000 grl_lambda=0.985 v18_lambda=0.000 gpu=3.0/11.8GB
[23:16:46] [train] ep=50 step=010/40 ce=0.2623 sc=0.6920 mi=0.0659 dn=0.0000 v13=0.0005 grl=0.2643 v15=0.0000 v15r=0.0000 v16=0.0000 v17=0.0000 v18=0.0000 acc=1.0000 lr=1.61e-04 lambda=0.000 grl_lambda=0.986 v18_lambda=0.000 gpu=3.0/11.8GB
[23:16:52] [train] ep=50 step=020/40 ce=0.2713 sc=0.6986 mi=0.0679 dn=0.0000 v13=0.0005 grl=0.2909 v15=0.0000 v15r=0.0000 v16=0.0000 v17=0.0000 v18=0.0000 acc=1.0000 lr=1.60e-04 lambda=0.000 grl_lambda=0.986 v18_lambda=0.000 gpu=3.0/11.8GB
[23:16:58] [train] ep=50 step=030/40 ce=0.2710 sc=0.7269 mi=0.0675 dn=0.0000 v13=0.0005 grl=0.2918 v15=0.0000 v15r=0.0000 v16=0.0000 v17=0.0000 v18=0.0000 acc=1.0000 lr=1.59e-04 lambda=0.000 grl_lambda=0.986 v18_lambda=0.000 gpu=3.0/11.8GB
[23:17:04] [train] ep=50 step=040/40 ce=0.2690 sc=0.7185 mi=0.0671 dn=0.0000 v13=0.0005 grl=0.2954 v15=0.0000 v15r=0.0000 v16=0.0000 v17=0.0000 v18=0.0000 acc=1.0000 lr=1.57e-04 lambda=0.000 grl_lambda=0.987 v18_lambda=0.000 gpu=3.0/11.8GB
[23:17:16] [pool] check ep=050/100 source_val_acc_ema=0.9568 threshold=0.90
[23:17:22] [pool] ep=050 ADDED src_val=0.9568/0.9563 dev77=0.4929/0.4231 final77=0.5863/0.5095
[23:17:22] [pool] running best ep=050 dev77_f1=0.4231 final77_f1=0.5095 (pool_size=2)
[23:17:22] [ep_summary] ep=50/100 val_live=0.9691/0.9694 val_ema=0.9568/0.9563 test77_live=0.6691/0.6196 test77_diag_ema=0.5863/0.5095 v13=0.0005 grl=0.2954 v15=0.0000 v15r=0.0000 v16=0.0000 v17=0.0000 v18=0.0000 das=fixed_full[15,140] p=1.00 ep_time=42.5s
[23:17:22] [strict77_monitor] ep=50 best_source_epoch=44 source_val_ema=0.9568/0.9563 test77_ema_diag=0.5396/0.4561 sourcequalified_count=11 best_sourcequalified77_epoch=49 source_val_ema=0.9506/0.9499 test77_ema=0.5899/0.5133
[23:17:22] [train] epoch 51/100 steps=40 use_dann=0 das=fixed_full f=[15.0,140.0] p=1.00 gpu=3.0/11.8GB
[23:17:23] [train] ep=51 step=001/40 ce=0.2623 sc=0.4392 mi=0.0797 dn=0.0000 v13=0.0005 grl=0.3435 v15=0.0000 v15r=0.0000 v16=0.0000 v17=0.0000 v18=0.0000 acc=1.0000 lr=1.57e-04 lambda=0.000 grl_lambda=0.987 v18_lambda=0.000 gpu=3.0/11.8GB
[23:17:28] [train] ep=51 step=010/40 ce=0.2606 sc=0.8016 mi=0.0669 dn=0.0000 v13=0.0004 grl=0.3038 v15=0.0000 v15r=0.0000 v16=0.0000 v17=0.0000 v18=0.0000 acc=1.0000 lr=1.56e-04 lambda=0.000 grl_lambda=0.987 v18_lambda=0.000 gpu=3.0/11.8GB
[23:17:34] [train] ep=51 step=020/40 ce=0.2893 sc=0.8415 mi=0.0657 dn=0.0000 v13=0.0004 grl=0.2930 v15=0.0000 v15r=0.0000 v16=0.0000 v17=0.0000 v18=0.0000 acc=0.9969 lr=1.55e-04 lambda=0.000 grl_lambda=0.987 v18_lambda=0.000 gpu=3.0/11.8GB
[23:17:40] [train] ep=51 step=030/40 ce=0.2803 sc=0.8234 mi=0.0658 dn=0.0000 v13=0.0005 grl=0.2902 v15=0.0000 v15r=0.0000 v16=0.0000 v17=0.0000 v18=0.0000 acc=0.9979 lr=1.54e-04 lambda=0.000 grl_lambda=0.988 v18_lambda=0.000 gpu=3.0/11.8GB
[23:17:46] [train] ep=51 step=040/40 ce=0.2807 sc=0.8227 mi=0.0660 dn=0.0000 v13=0.0005 grl=0.2841 v15=0.0000 v15r=0.0000 v16=0.0000 v17=0.0000 v18=0.0000 acc=0.9984 lr=1.53e-04 lambda=0.000 grl_lambda=0.988 v18_lambda=0.000 gpu=3.0/11.8GB
[23:17:57] [ep_summary] ep=51/100 val_live=0.9691/0.9696 val_ema=0.9568/0.9563 test77_live=0.6223/0.5791 test77_diag_ema=0.5899/0.5172 v13=0.0005 grl=0.2841 v15=0.0000 v15r=0.0000 v16=0.0000 v17=0.0000 v18=0.0000 das=fixed_full[15,140] p=1.00 ep_time=34.4s
[23:17:57] [save] best_sourcequalified77_ema ep=51 source_val_live=0.9691/0.9696 source_val_ema=0.9568/0.9563 test77_ema=0.5899/0.5172
[23:17:57] [train] epoch 52/100 steps=40 use_dann=0 das=fixed_full f=[15.0,140.0] p=1.00 gpu=3.0/11.8GB
[23:17:57] [train] ep=52 step=001/40 ce=0.2715 sc=0.6480 mi=0.0685 dn=0.0000 v13=0.0005 grl=0.2779 v15=0.0000 v15r=0.0000 v16=0.0000 v17=0.0000 v18=0.0000 acc=1.0000 lr=1.52e-04 lambda=0.000 grl_lambda=0.988 v18_lambda=0.000 gpu=3.0/11.8GB
[23:18:03] [train] ep=52 step=010/40 ce=0.4054 sc=0.8537 mi=0.0663 dn=0.0000 v13=0.0005 grl=0.2880 v15=0.0000 v15r=0.0000 v16=0.0000 v17=0.0000 v18=0.0000 acc=0.9938 lr=1.51e-04 lambda=0.000 grl_lambda=0.988 v18_lambda=0.000 gpu=3.0/11.8GB
[23:18:08] [train] ep=52 step=020/40 ce=0.3896 sc=0.8690 mi=0.0651 dn=0.0000 v13=0.0005 grl=0.2939 v15=0.0000 v15r=0.0000 v16=0.0000 v17=0.0000 v18=0.0000 acc=0.9906 lr=1.50e-04 lambda=0.000 grl_lambda=0.988 v18_lambda=0.000 gpu=3.0/11.8GB
[23:18:14] [train] ep=52 step=030/40 ce=0.3782 sc=0.8358 mi=0.0647 dn=0.0000 v13=0.0005 grl=0.2927 v15=0.0000 v15r=0.0000 v16=0.0000 v17=0.0000 v18=0.0000 acc=0.9917 lr=1.49e-04 lambda=0.000 grl_lambda=0.989 v18_lambda=0.000 gpu=3.0/11.8GB
[23:18:20] [train] ep=52 step=040/40 ce=0.3676 sc=0.8308 mi=0.0630 dn=0.0000 v13=0.0005 grl=0.2793 v15=0.0000 v15r=0.0000 v16=0.0000 v17=0.0000 v18=0.0000 acc=0.9922 lr=1.48e-04 lambda=0.000 grl_lambda=0.989 v18_lambda=0.000 gpu=3.0/11.8GB
[23:18:31] [ep_summary] ep=52/100 val_live=0.9568/0.9578 val_ema=0.9568/0.9563 test77_live=0.5971/0.5333 test77_diag_ema=0.5935/0.5190 v13=0.0005 grl=0.2793 v15=0.0000 v15r=0.0000 v16=0.0000 v17=0.0000 v18=0.0000 das=fixed_full[15,140] p=1.00 ep_time=34.5s
[23:18:31] [save] best_sourcequalified77_ema ep=52 source_val_live=0.9568/0.9578 source_val_ema=0.9568/0.9563 test77_ema=0.5935/0.5190
[23:18:31] [train] epoch 53/100 steps=40 use_dann=0 das=fixed_full f=[15.0,140.0] p=1.00 gpu=3.0/11.8GB
[23:18:32] [train] ep=53 step=001/40 ce=0.2612 sc=0.7293 mi=0.0666 dn=0.0000 v13=0.0003 grl=0.3181 v15=0.0000 v15r=0.0000 v16=0.0000 v17=0.0000 v18=0.0000 acc=1.0000 lr=1.48e-04 lambda=0.000 grl_lambda=0.989 v18_lambda=0.000 gpu=3.0/11.8GB
[23:18:37] [train] ep=53 step=010/40 ce=0.2614 sc=0.9277 mi=0.0685 dn=0.0000 v13=0.0007 grl=0.3192 v15=0.0000 v15r=0.0000 v16=0.0000 v17=0.0000 v18=0.0000 acc=1.0000 lr=1.46e-04 lambda=0.000 grl_lambda=0.989 v18_lambda=0.000 gpu=3.0/11.8GB
[23:18:43] [train] ep=53 step=020/40 ce=0.3220 sc=0.8866 mi=0.0663 dn=0.0000 v13=0.0006 grl=0.2918 v15=0.0000 v15r=0.0000 v16=0.0000 v17=0.0000 v18=0.0000 acc=0.9938 lr=1.45e-04 lambda=0.000 grl_lambda=0.990 v18_lambda=0.000 gpu=3.0/11.8GB
[23:18:49] [train] ep=53 step=030/40 ce=0.3258 sc=0.8743 mi=0.0669 dn=0.0000 v13=0.0006 grl=0.2926 v15=0.0000 v15r=0.0000 v16=0.0000 v17=0.0000 v18=0.0000 acc=0.9938 lr=1.44e-04 lambda=0.000 grl_lambda=0.990 v18_lambda=0.000 gpu=3.0/11.8GB
[23:18:55] [train] ep=53 step=040/40 ce=0.3171 sc=0.8436 mi=0.0661 dn=0.0000 v13=0.0006 grl=0.2909 v15=0.0000 v15r=0.0000 v16=0.0000 v17=0.0000 v18=0.0000 acc=0.9953 lr=1.43e-04 lambda=0.000 grl_lambda=0.990 v18_lambda=0.000 gpu=3.0/11.8GB
[23:19:06] [ep_summary] ep=53/100 val_live=0.9321/0.9328 val_ema=0.9568/0.9563 test77_live=0.6295/0.5665 test77_diag_ema=0.6043/0.5328 v13=0.0006 grl=0.2909 v15=0.0000 v15r=0.0000 v16=0.0000 v17=0.0000 v18=0.0000 das=fixed_full[15,140] p=1.00 ep_time=34.8s
[23:19:06] [save] best_sourcequalified77_ema ep=53 source_val_live=0.9321/0.9328 source_val_ema=0.9568/0.9563 test77_ema=0.6043/0.5328
[23:19:06] [train] epoch 54/100 steps=40 use_dann=0 das=fixed_full f=[15.0,140.0] p=1.00 gpu=3.0/11.8GB
[23:19:07] [train] ep=54 step=001/40 ce=0.3573 sc=0.8026 mi=0.0607 dn=0.0000 v13=0.0007 grl=0.2452 v15=0.0000 v15r=0.0000 v16=0.0000 v17=0.0000 v18=0.0000 acc=1.0000 lr=1.43e-04 lambda=0.000 grl_lambda=0.990 v18_lambda=0.000 gpu=3.0/11.8GB
[23:19:12] [train] ep=54 step=010/40 ce=0.3016 sc=0.7555 mi=0.0653 dn=0.0000 v13=0.0005 grl=0.2485 v15=0.0000 v15r=0.0000 v16=0.0000 v17=0.0000 v18=0.0000 acc=1.0000 lr=1.42e-04 lambda=0.000 grl_lambda=0.990 v18_lambda=0.000 gpu=3.0/11.8GB
[23:19:18] [train] ep=54 step=020/40 ce=0.2816 sc=0.7681 mi=0.0624 dn=0.0000 v13=0.0006 grl=0.2651 v15=0.0000 v15r=0.0000 v16=0.0000 v17=0.0000 v18=0.0000 acc=1.0000 lr=1.40e-04 lambda=0.000 grl_lambda=0.991 v18_lambda=0.000 gpu=3.0/11.8GB
[23:19:24] [train] ep=54 step=030/40 ce=0.2961 sc=0.8174 mi=0.0619 dn=0.0000 v13=0.0005 grl=0.2661 v15=0.0000 v15r=0.0000 v16=0.0000 v17=0.0000 v18=0.0000 acc=0.9979 lr=1.39e-04 lambda=0.000 grl_lambda=0.991 v18_lambda=0.000 gpu=3.0/11.8GB
[23:19:30] [train] ep=54 step=040/40 ce=0.2878 sc=0.7906 mi=0.0625 dn=0.0000 v13=0.0005 grl=0.2690 v15=0.0000 v15r=0.0000 v16=0.0000 v17=0.0000 v18=0.0000 acc=0.9984 lr=1.38e-04 lambda=0.000 grl_lambda=0.991 v18_lambda=0.000 gpu=3.0/11.8GB
[23:19:41] [ep_summary] ep=54/100 val_live=0.9753/0.9756 val_ema=0.9568/0.9563 test77_live=0.5863/0.5447 test77_diag_ema=0.6079/0.5345 v13=0.0005 grl=0.2690 v15=0.0000 v15r=0.0000 v16=0.0000 v17=0.0000 v18=0.0000 das=fixed_full[15,140] p=1.00 ep_time=34.9s
[23:19:41] [save] best_sourcequalified77_ema ep=54 source_val_live=0.9753/0.9756 source_val_ema=0.9568/0.9563 test77_ema=0.6079/0.5345
[23:19:41] [train] epoch 55/100 steps=40 use_dann=0 das=fixed_full f=[15.0,140.0] p=1.00 gpu=3.0/11.8GB
[23:19:41] [train] ep=55 step=001/40 ce=0.2634 sc=0.6573 mi=0.0750 dn=0.0000 v13=0.0004 grl=0.2948 v15=0.0000 v15r=0.0000 v16=0.0000 v17=0.0000 v18=0.0000 acc=1.0000 lr=1.38e-04 lambda=0.000 grl_lambda=0.991 v18_lambda=0.000 gpu=3.0/11.8GB
[23:19:47] [train] ep=55 step=010/40 ce=0.3950 sc=0.8551 mi=0.0664 dn=0.0000 v13=0.0005 grl=0.2854 v15=0.0000 v15r=0.0000 v16=0.0000 v17=0.0000 v18=0.0000 acc=0.9938 lr=1.37e-04 lambda=0.000 grl_lambda=0.991 v18_lambda=0.000 gpu=3.0/11.8GB
[23:19:53] [train] ep=55 step=020/40 ce=0.3721 sc=0.7549 mi=0.0651 dn=0.0000 v13=0.0005 grl=0.2927 v15=0.0000 v15r=0.0000 v16=0.0000 v17=0.0000 v18=0.0000 acc=0.9938 lr=1.36e-04 lambda=0.000 grl_lambda=0.991 v18_lambda=0.000 gpu=3.0/11.8GB
[23:19:59] [train] ep=55 step=030/40 ce=0.3493 sc=0.7363 mi=0.0653 dn=0.0000 v13=0.0005 grl=0.2732 v15=0.0000 v15r=0.0000 v16=0.0000 v17=0.0000 v18=0.0000 acc=0.9958 lr=1.34e-04 lambda=0.000 grl_lambda=0.992 v18_lambda=0.000 gpu=3.0/11.8GB
[23:20:05] [train] ep=55 step=040/40 ce=0.3309 sc=0.7185 mi=0.0648 dn=0.0000 v13=0.0005 grl=0.2757 v15=0.0000 v15r=0.0000 v16=0.0000 v17=0.0000 v18=0.0000 acc=0.9969 lr=1.33e-04 lambda=0.000 grl_lambda=0.992 v18_lambda=0.000 gpu=3.0/11.8GB
[23:20:15] [ep_summary] ep=55/100 val_live=0.9568/0.9578 val_ema=0.9568/0.9563 test77_live=0.5612/0.5185 test77_diag_ema=0.6043/0.5313 v13=0.0005 grl=0.2757 v15=0.0000 v15r=0.0000 v16=0.0000 v17=0.0000 v18=0.0000 das=fixed_full[15,140] p=1.00 ep_time=34.3s
[23:20:15] [train] epoch 56/100 steps=40 use_dann=0 das=fixed_full f=[15.0,140.0] p=1.00 gpu=3.0/11.8GB
[23:20:16] [train] ep=56 step=001/40 ce=0.2634 sc=0.7278 mi=0.0673 dn=0.0000 v13=0.0006 grl=0.2067 v15=0.0000 v15r=0.0000 v16=0.0000 v17=0.0000 v18=0.0000 acc=1.0000 lr=1.33e-04 lambda=0.000 grl_lambda=0.992 v18_lambda=0.000 gpu=3.0/11.8GB
[23:20:21] [train] ep=56 step=010/40 ce=0.3147 sc=0.7629 mi=0.0644 dn=0.0000 v13=0.0005 grl=0.2734 v15=0.0000 v15r=0.0000 v16=0.0000 v17=0.0000 v18=0.0000 acc=1.0000 lr=1.32e-04 lambda=0.000 grl_lambda=0.992 v18_lambda=0.000 gpu=3.0/11.8GB
[23:20:27] [train] ep=56 step=020/40 ce=0.3544 sc=0.7961 mi=0.0641 dn=0.0000 v13=0.0005 grl=0.2724 v15=0.0000 v15r=0.0000 v16=0.0000 v17=0.0000 v18=0.0000 acc=0.9969 lr=1.31e-04 lambda=0.000 grl_lambda=0.992 v18_lambda=0.000 gpu=3.0/11.8GB
[23:20:33] [train] ep=56 step=030/40 ce=0.3493 sc=0.7771 mi=0.0649 dn=0.0000 v13=0.0005 grl=0.2838 v15=0.0000 v15r=0.0000 v16=0.0000 v17=0.0000 v18=0.0000 acc=0.9958 lr=1.30e-04 lambda=0.000 grl_lambda=0.992 v18_lambda=0.000 gpu=3.0/11.8GB
[23:20:39] [train] ep=56 step=040/40 ce=0.3322 sc=0.7958 mi=0.0647 dn=0.0000 v13=0.0005 grl=0.2914 v15=0.0000 v15r=0.0000 v16=0.0000 v17=0.0000 v18=0.0000 acc=0.9969 lr=1.28e-04 lambda=0.000 grl_lambda=0.993 v18_lambda=0.000 gpu=3.0/11.8GB
[23:20:50] [ep_summary] ep=56/100 val_live=0.9691/0.9703 val_ema=0.9630/0.9626 test77_live=0.5971/0.5442 test77_diag_ema=0.6043/0.5313 v13=0.0005 grl=0.2914 v15=0.0000 v15r=0.0000 v16=0.0000 v17=0.0000 v18=0.0000 das=fixed_full[15,140] p=1.00 ep_time=35.2s
[23:20:50] [save] best_sourceval_ema val_acc_ema=0.9630 source_val_live=0.9691/0.9703 source_val_ema=0.9630/0.9626 ep=56
[23:20:50] [train] epoch 57/100 steps=40 use_dann=0 das=fixed_full f=[15.0,140.0] p=1.00 gpu=3.0/11.8GB
[23:20:51] [train] ep=57 step=001/40 ce=0.2603 sc=0.8753 mi=0.0555 dn=0.0000 v13=0.0005 grl=0.2044 v15=0.0000 v15r=0.0000 v16=0.0000 v17=0.0000 v18=0.0000 acc=1.0000 lr=1.28e-04 lambda=0.000 grl_lambda=0.993 v18_lambda=0.000 gpu=3.0/11.8GB
[23:20:56] [train] ep=57 step=010/40 ce=0.2622 sc=0.8230 mi=0.0623 dn=0.0000 v13=0.0006 grl=0.2721 v15=0.0000 v15r=0.0000 v16=0.0000 v17=0.0000 v18=0.0000 acc=1.0000 lr=1.27e-04 lambda=0.000 grl_lambda=0.993 v18_lambda=0.000 gpu=3.0/11.8GB
[23:21:02] [train] ep=57 step=020/40 ce=0.2725 sc=0.8219 mi=0.0631 dn=0.0000 v13=0.0006 grl=0.2580 v15=0.0000 v15r=0.0000 v16=0.0000 v17=0.0000 v18=0.0000 acc=1.0000 lr=1.26e-04 lambda=0.000 grl_lambda=0.993 v18_lambda=0.000 gpu=3.0/11.8GB
[23:21:08] [train] ep=57 step=030/40 ce=0.3158 sc=0.7834 mi=0.0634 dn=0.0000 v13=0.0005 grl=0.2554 v15=0.0000 v15r=0.0000 v16=0.0000 v17=0.0000 v18=0.0000 acc=0.9958 lr=1.25e-04 lambda=0.000 grl_lambda=0.993 v18_lambda=0.000 gpu=3.0/11.8GB
[23:21:14] [train] ep=57 step=040/40 ce=0.3163 sc=0.7696 mi=0.0638 dn=0.0000 v13=0.0006 grl=0.2573 v15=0.0000 v15r=0.0000 v16=0.0000 v17=0.0000 v18=0.0000 acc=0.9969 lr=1.24e-04 lambda=0.000 grl_lambda=0.993 v18_lambda=0.000 gpu=3.0/11.8GB
[23:21:25] [ep_summary] ep=57/100 val_live=0.9444/0.9444 val_ema=0.9630/0.9626 test77_live=0.6295/0.5768 test77_diag_ema=0.6043/0.5325 v13=0.0006 grl=0.2573 v15=0.0000 v15r=0.0000 v16=0.0000 v17=0.0000 v18=0.0000 das=fixed_full[15,140] p=1.00 ep_time=34.8s
[23:21:25] [train] epoch 58/100 steps=40 use_dann=0 das=fixed_full f=[15.0,140.0] p=1.00 gpu=3.0/11.8GB
[23:21:26] [train] ep=58 step=001/40 ce=0.2586 sc=0.6030 mi=0.0591 dn=0.0000 v13=0.0003 grl=0.2551 v15=0.0000 v15r=0.0000 v16=0.0000 v17=0.0000 v18=0.0000 acc=1.0000 lr=1.23e-04 lambda=0.000 grl_lambda=0.993 v18_lambda=0.000 gpu=3.0/11.8GB
[23:21:31] [train] ep=58 step=010/40 ce=0.3948 sc=0.8594 mi=0.0585 dn=0.0000 v13=0.0005 grl=0.2692 v15=0.0000 v15r=0.0000 v16=0.0000 v17=0.0000 v18=0.0000 acc=0.9875 lr=1.22e-04 lambda=0.000 grl_lambda=0.993 v18_lambda=0.000 gpu=3.0/11.8GB
[23:21:37] [train] ep=58 step=020/40 ce=0.3861 sc=0.8289 mi=0.0609 dn=0.0000 v13=0.0005 grl=0.2770 v15=0.0000 v15r=0.0000 v16=0.0000 v17=0.0000 v18=0.0000 acc=0.9875 lr=1.21e-04 lambda=0.000 grl_lambda=0.994 v18_lambda=0.000 gpu=3.0/11.8GB
[23:21:43] [train] ep=58 step=030/40 ce=0.3629 sc=0.8159 mi=0.0635 dn=0.0000 v13=0.0005 grl=0.2768 v15=0.0000 v15r=0.0000 v16=0.0000 v17=0.0000 v18=0.0000 acc=0.9896 lr=1.20e-04 lambda=0.000 grl_lambda=0.994 v18_lambda=0.000 gpu=3.0/11.8GB
[23:21:49] [train] ep=58 step=040/40 ce=0.3447 sc=0.7966 mi=0.0632 dn=0.0000 v13=0.0005 grl=0.2751 v15=0.0000 v15r=0.0000 v16=0.0000 v17=0.0000 v18=0.0000 acc=0.9922 lr=1.19e-04 lambda=0.000 grl_lambda=0.994 v18_lambda=0.000 gpu=3.0/11.8GB
[23:22:12] [ep_summary] ep=58/100 val_live=0.9506/0.9512 val_ema=0.9630/0.9626 test77_live=0.6367/0.5708 test77_diag_ema=0.6043/0.5320 v13=0.0005 grl=0.2751 v15=0.0000 v15r=0.0000 v16=0.0000 v17=0.0000 v18=0.0000 das=fixed_full[15,140] p=1.00 ep_time=47.2s
[23:22:12] [train] epoch 59/100 steps=40 use_dann=0 das=fixed_full f=[15.0,140.0] p=1.00 gpu=3.0/11.8GB
[23:22:13] [train] ep=59 step=001/40 ce=0.6512 sc=1.4793 mi=0.0676 dn=0.0000 v13=0.0008 grl=0.2528 v15=0.0000 v15r=0.0000 v16=0.0000 v17=0.0000 v18=0.0000 acc=0.9375 lr=1.19e-04 lambda=0.000 grl_lambda=0.994 v18_lambda=0.000 gpu=3.0/11.8GB
[23:22:18] [train] ep=59 step=010/40 ce=0.3670 sc=0.7956 mi=0.0602 dn=0.0000 v13=0.0005 grl=0.2602 v15=0.0000 v15r=0.0000 v16=0.0000 v17=0.0000 v18=0.0000 acc=0.9875 lr=1.18e-04 lambda=0.000 grl_lambda=0.994 v18_lambda=0.000 gpu=3.0/11.8GB
[23:22:24] [train] ep=59 step=020/40 ce=0.3439 sc=0.8293 mi=0.0622 dn=0.0000 v13=0.0005 grl=0.2726 v15=0.0000 v15r=0.0000 v16=0.0000 v17=0.0000 v18=0.0000 acc=0.9938 lr=1.16e-04 lambda=0.000 grl_lambda=0.994 v18_lambda=0.000 gpu=3.0/11.8GB
[23:22:30] [train] ep=59 step=030/40 ce=0.3704 sc=0.8259 mi=0.0633 dn=0.0000 v13=0.0005 grl=0.2782 v15=0.0000 v15r=0.0000 v16=0.0000 v17=0.0000 v18=0.0000 acc=0.9896 lr=1.15e-04 lambda=0.000 grl_lambda=0.994 v18_lambda=0.000 gpu=3.0/11.8GB
[23:22:36] [train] ep=59 step=040/40 ce=0.3906 sc=0.7898 mi=0.0643 dn=0.0000 v13=0.0005 grl=0.2839 v15=0.0000 v15r=0.0000 v16=0.0000 v17=0.0000 v18=0.0000 acc=0.9875 lr=1.14e-04 lambda=0.000 grl_lambda=0.995 v18_lambda=0.000 gpu=3.0/11.8GB
[23:22:48] [ep_summary] ep=59/100 val_live=0.9630/0.9623 val_ema=0.9630/0.9626 test77_live=0.6259/0.5554 test77_diag_ema=0.6115/0.5384 v13=0.0005 grl=0.2839 v15=0.0000 v15r=0.0000 v16=0.0000 v17=0.0000 v18=0.0000 das=fixed_full[15,140] p=1.00 ep_time=35.2s
[23:22:48] [save] best_sourcequalified77_ema ep=59 source_val_live=0.9630/0.9623 source_val_ema=0.9630/0.9626 test77_ema=0.6115/0.5384
[23:22:48] [train] epoch 60/100 steps=40 use_dann=0 das=fixed_full f=[15.0,140.0] p=1.00 gpu=3.0/11.8GB
[23:22:48] [train] ep=60 step=001/40 ce=0.2592 sc=0.6350 mi=0.0806 dn=0.0000 v13=0.0005 grl=0.3813 v15=0.0000 v15r=0.0000 v16=0.0000 v17=0.0000 v18=0.0000 acc=1.0000 lr=1.14e-04 lambda=0.000 grl_lambda=0.995 v18_lambda=0.000 gpu=3.0/11.8GB
[23:22:54] [train] ep=60 step=010/40 ce=0.2682 sc=0.6971 mi=0.0697 dn=0.0000 v13=0.0005 grl=0.3067 v15=0.0000 v15r=0.0000 v16=0.0000 v17=0.0000 v18=0.0000 acc=1.0000 lr=1.13e-04 lambda=0.000 grl_lambda=0.995 v18_lambda=0.000 gpu=3.0/11.8GB
[23:23:00] [train] ep=60 step=020/40 ce=0.2963 sc=0.7348 mi=0.0667 dn=0.0000 v13=0.0005 grl=0.2948 v15=0.0000 v15r=0.0000 v16=0.0000 v17=0.0000 v18=0.0000 acc=1.0000 lr=1.12e-04 lambda=0.000 grl_lambda=0.995 v18_lambda=0.000 gpu=3.0/11.8GB
[23:23:05] [train] ep=60 step=030/40 ce=0.2955 sc=0.7217 mi=0.0665 dn=0.0000 v13=0.0005 grl=0.2798 v15=0.0000 v15r=0.0000 v16=0.0000 v17=0.0000 v18=0.0000 acc=1.0000 lr=1.11e-04 lambda=0.000 grl_lambda=0.995 v18_lambda=0.000 gpu=3.0/11.8GB
[23:23:11] [train] ep=60 step=040/40 ce=0.2869 sc=0.7305 mi=0.0655 dn=0.0000 v13=0.0004 grl=0.2817 v15=0.0000 v15r=0.0000 v16=0.0000 v17=0.0000 v18=0.0000 acc=1.0000 lr=1.09e-04 lambda=0.000 grl_lambda=0.995 v18_lambda=0.000 gpu=3.0/11.8GB
[23:23:22] [pool] check ep=060/100 source_val_acc_ema=0.9630 threshold=0.90
[23:23:27] [pool] ep=060 ADDED src_val=0.9630/0.9626 dev77=0.5571/0.4847 final77=0.6079/0.5349
[23:23:27] [pool] running best ep=060 dev77_f1=0.4847 final77_f1=0.5349 (pool_size=3)
[23:23:27] [ep_summary] ep=60/100 val_live=0.9444/0.9451 val_ema=0.9630/0.9626 test77_live=0.6475/0.5937 test77_diag_ema=0.6079/0.5349 v13=0.0004 grl=0.2817 v15=0.0000 v15r=0.0000 v16=0.0000 v17=0.0000 v18=0.0000 das=fixed_full[15,140] p=1.00 ep_time=39.0s
[23:23:27] [strict77_monitor] ep=60 best_source_epoch=56 source_val_ema=0.9630/0.9626 test77_ema_diag=0.6043/0.5313 sourcequalified_count=21 best_sourcequalified77_epoch=59 source_val_ema=0.9630/0.9626 test77_ema=0.6115/0.5384
[23:23:27] [train] epoch 61/100 steps=40 use_dann=0 das=fixed_full f=[15.0,140.0] p=1.00 gpu=3.0/11.8GB
[23:23:27] [train] ep=61 step=001/40 ce=0.2596 sc=0.8869 mi=0.0635 dn=0.0000 v13=0.0007 grl=0.2648 v15=0.0000 v15r=0.0000 v16=0.0000 v17=0.0000 v18=0.0000 acc=1.0000 lr=1.09e-04 lambda=0.000 grl_lambda=0.995 v18_lambda=0.000 gpu=3.0/11.8GB
[23:23:33] [train] ep=61 step=010/40 ce=0.2665 sc=0.8133 mi=0.0650 dn=0.0000 v13=0.0004 grl=0.2629 v15=0.0000 v15r=0.0000 v16=0.0000 v17=0.0000 v18=0.0000 acc=1.0000 lr=1.08e-04 lambda=0.000 grl_lambda=0.995 v18_lambda=0.000 gpu=3.0/11.8GB
[23:23:39] [train] ep=61 step=020/40 ce=0.2638 sc=0.8090 mi=0.0634 dn=0.0000 v13=0.0004 grl=0.2668 v15=0.0000 v15r=0.0000 v16=0.0000 v17=0.0000 v18=0.0000 acc=1.0000 lr=1.07e-04 lambda=0.000 grl_lambda=0.995 v18_lambda=0.000 gpu=3.0/11.8GB
[23:23:45] [train] ep=61 step=030/40 ce=0.2648 sc=0.7847 mi=0.0647 dn=0.0000 v13=0.0004 grl=0.2808 v15=0.0000 v15r=0.0000 v16=0.0000 v17=0.0000 v18=0.0000 acc=1.0000 lr=1.06e-04 lambda=0.000 grl_lambda=0.995 v18_lambda=0.000 gpu=3.0/11.8GB
[23:23:50] [train] ep=61 step=040/40 ce=0.2923 sc=0.7658 mi=0.0651 dn=0.0000 v13=0.0004 grl=0.2824 v15=0.0000 v15r=0.0000 v16=0.0000 v17=0.0000 v18=0.0000 acc=0.9969 lr=1.05e-04 lambda=0.000 grl_lambda=0.996 v18_lambda=0.000 gpu=3.0/11.8GB
[23:24:01] [ep_summary] ep=61/100 val_live=0.9753/0.9755 val_ema=0.9630/0.9626 test77_live=0.6115/0.5655 test77_diag_ema=0.6079/0.5352 v13=0.0004 grl=0.2824 v15=0.0000 v15r=0.0000 v16=0.0000 v17=0.0000 v18=0.0000 das=fixed_full[15,140] p=1.00 ep_time=34.2s
[23:24:01] [train] epoch 62/100 steps=40 use_dann=0 das=fixed_full f=[15.0,140.0] p=1.00 gpu=3.0/11.8GB
[23:24:02] [train] ep=62 step=001/40 ce=0.2585 sc=0.9624 mi=0.0561 dn=0.0000 v13=0.0007 grl=0.1504 v15=0.0000 v15r=0.0000 v16=0.0000 v17=0.0000 v18=0.0000 acc=1.0000 lr=1.05e-04 lambda=0.000 grl_lambda=0.996 v18_lambda=0.000 gpu=3.0/11.8GB
[23:24:07] [train] ep=62 step=010/40 ce=0.2756 sc=0.7386 mi=0.0636 dn=0.0000 v13=0.0006 grl=0.2489 v15=0.0000 v15r=0.0000 v16=0.0000 v17=0.0000 v18=0.0000 acc=1.0000 lr=1.04e-04 lambda=0.000 grl_lambda=0.996 v18_lambda=0.000 gpu=3.0/11.8GB
[23:24:13] [train] ep=62 step=020/40 ce=0.2775 sc=0.7950 mi=0.0645 dn=0.0000 v13=0.0005 grl=0.2613 v15=0.0000 v15r=0.0000 v16=0.0000 v17=0.0000 v18=0.0000 acc=1.0000 lr=1.02e-04 lambda=0.000 grl_lambda=0.996 v18_lambda=0.000 gpu=3.0/11.8GB
[23:24:19] [train] ep=62 step=030/40 ce=0.2725 sc=0.7629 mi=0.0642 dn=0.0000 v13=0.0005 grl=0.2747 v15=0.0000 v15r=0.0000 v16=0.0000 v17=0.0000 v18=0.0000 acc=1.0000 lr=1.01e-04 lambda=0.000 grl_lambda=0.996 v18_lambda=0.000 gpu=3.0/11.8GB
[23:24:25] [train] ep=62 step=040/40 ce=0.2755 sc=0.7482 mi=0.0634 dn=0.0000 v13=0.0005 grl=0.2684 v15=0.0000 v15r=0.0000 v16=0.0000 v17=0.0000 v18=0.0000 acc=1.0000 lr=1.00e-04 lambda=0.000 grl_lambda=0.996 v18_lambda=0.000 gpu=3.0/11.8GB
[23:24:35] [ep_summary] ep=62/100 val_live=0.9691/0.9692 val_ema=0.9630/0.9626 test77_live=0.5935/0.5351 test77_diag_ema=0.6079/0.5352 v13=0.0005 grl=0.2684 v15=0.0000 v15r=0.0000 v16=0.0000 v17=0.0000 v18=0.0000 das=fixed_full[15,140] p=1.00 ep_time=34.5s
[23:24:35] [train] epoch 63/100 steps=40 use_dann=0 das=fixed_full f=[15.0,140.0] p=1.00 gpu=3.0/11.8GB
[23:24:36] [train] ep=63 step=001/40 ce=0.2587 sc=0.5692 mi=0.0642 dn=0.0000 v13=0.0004 grl=0.3843 v15=0.0000 v15r=0.0000 v16=0.0000 v17=0.0000 v18=0.0000 acc=1.0000 lr=1.00e-04 lambda=0.000 grl_lambda=0.996 v18_lambda=0.000 gpu=3.0/11.8GB
[23:24:41] [train] ep=63 step=010/40 ce=0.4167 sc=0.8588 mi=0.0625 dn=0.0000 v13=0.0004 grl=0.2552 v15=0.0000 v15r=0.0000 v16=0.0000 v17=0.0000 v18=0.0000 acc=0.9938 lr=9.89e-05 lambda=0.000 grl_lambda=0.996 v18_lambda=0.000 gpu=3.0/11.8GB
[23:24:48] [train] ep=63 step=020/40 ce=0.3406 sc=0.8079 mi=0.0627 dn=0.0000 v13=0.0004 grl=0.2747 v15=0.0000 v15r=0.0000 v16=0.0000 v17=0.0000 v18=0.0000 acc=0.9969 lr=9.78e-05 lambda=0.000 grl_lambda=0.996 v18_lambda=0.000 gpu=3.0/11.8GB
[23:24:54] [train] ep=63 step=030/40 ce=0.3715 sc=0.8229 mi=0.0626 dn=0.0000 v13=0.0004 grl=0.2715 v15=0.0000 v15r=0.0000 v16=0.0000 v17=0.0000 v18=0.0000 acc=0.9938 lr=9.67e-05 lambda=0.000 grl_lambda=0.996 v18_lambda=0.000 gpu=3.0/11.8GB
[23:25:00] [train] ep=63 step=040/40 ce=0.3508 sc=0.8253 mi=0.0618 dn=0.0000 v13=0.0004 grl=0.2732 v15=0.0000 v15r=0.0000 v16=0.0000 v17=0.0000 v18=0.0000 acc=0.9953 lr=9.55e-05 lambda=0.000 grl_lambda=0.996 v18_lambda=0.000 gpu=3.0/11.8GB
[23:25:10] [ep_summary] ep=63/100 val_live=0.9630/0.9628 val_ema=0.9630/0.9626 test77_live=0.6115/0.5590 test77_diag_ema=0.6079/0.5352 v13=0.0004 grl=0.2732 v15=0.0000 v15r=0.0000 v16=0.0000 v17=0.0000 v18=0.0000 das=fixed_full[15,140] p=1.00 ep_time=34.9s
[23:25:10] [train] epoch 64/100 steps=40 use_dann=0 das=fixed_full f=[15.0,140.0] p=1.00 gpu=3.0/11.8GB
[23:25:11] [train] ep=64 step=001/40 ce=1.3382 sc=2.2399 mi=0.0720 dn=0.0000 v13=0.0002 grl=0.2068 v15=0.0000 v15r=0.0000 v16=0.0000 v17=0.0000 v18=0.0000 acc=0.9375 lr=9.54e-05 lambda=0.000 grl_lambda=0.996 v18_lambda=0.000 gpu=3.0/11.8GB
[23:25:17] [train] ep=64 step=010/40 ce=0.4102 sc=0.8957 mi=0.0648 dn=0.0000 v13=0.0004 grl=0.2361 v15=0.0000 v15r=0.0000 v16=0.0000 v17=0.0000 v18=0.0000 acc=0.9875 lr=9.44e-05 lambda=0.000 grl_lambda=0.996 v18_lambda=0.000 gpu=3.0/11.8GB
[23:25:23] [train] ep=64 step=020/40 ce=0.3346 sc=0.8141 mi=0.0630 dn=0.0000 v13=0.0004 grl=0.2462 v15=0.0000 v15r=0.0000 v16=0.0000 v17=0.0000 v18=0.0000 acc=0.9938 lr=9.33e-05 lambda=0.000 grl_lambda=0.997 v18_lambda=0.000 gpu=3.0/11.8GB
[23:25:28] [train] ep=64 step=030/40 ce=0.3140 sc=0.7727 mi=0.0638 dn=0.0000 v13=0.0004 grl=0.2518 v15=0.0000 v15r=0.0000 v16=0.0000 v17=0.0000 v18=0.0000 acc=0.9958 lr=9.21e-05 lambda=0.000 grl_lambda=0.997 v18_lambda=0.000 gpu=3.0/11.8GB
[23:25:34] [train] ep=64 step=040/40 ce=0.3016 sc=0.7650 mi=0.0637 dn=0.0000 v13=0.0004 grl=0.2677 v15=0.0000 v15r=0.0000 v16=0.0000 v17=0.0000 v18=0.0000 acc=0.9969 lr=9.10e-05 lambda=0.000 grl_lambda=0.997 v18_lambda=0.000 gpu=3.0/11.8GB
[23:25:48] [ep_summary] ep=64/100 val_live=0.9506/0.9515 val_ema=0.9630/0.9626 test77_live=0.6475/0.6065 test77_diag_ema=0.6079/0.5352 v13=0.0004 grl=0.2677 v15=0.0000 v15r=0.0000 v16=0.0000 v17=0.0000 v18=0.0000 das=fixed_full[15,140] p=1.00 ep_time=37.2s
[23:25:48] [train] epoch 65/100 steps=40 use_dann=0 das=fixed_full f=[15.0,140.0] p=1.00 gpu=3.0/11.8GB
[23:25:48] [train] ep=65 step=001/40 ce=0.2574 sc=0.6346 mi=0.0603 dn=0.0000 v13=0.0005 grl=0.2730 v15=0.0000 v15r=0.0000 v16=0.0000 v17=0.0000 v18=0.0000 acc=1.0000 lr=9.09e-05 lambda=0.000 grl_lambda=0.997 v18_lambda=0.000 gpu=3.0/11.8GB
[23:25:54] [train] ep=65 step=010/40 ce=0.3495 sc=1.0302 mi=0.0620 dn=0.0000 v13=0.0005 grl=0.2741 v15=0.0000 v15r=0.0000 v16=0.0000 v17=0.0000 v18=0.0000 acc=0.9938 lr=8.99e-05 lambda=0.000 grl_lambda=0.997 v18_lambda=0.000 gpu=3.0/11.8GB
[23:26:00] [train] ep=65 step=020/40 ce=0.3061 sc=0.8737 mi=0.0630 dn=0.0000 v13=0.0005 grl=0.2721 v15=0.0000 v15r=0.0000 v16=0.0000 v17=0.0000 v18=0.0000 acc=0.9969 lr=8.88e-05 lambda=0.000 grl_lambda=0.997 v18_lambda=0.000 gpu=3.0/11.8GB
[23:26:06] [train] ep=65 step=030/40 ce=0.3033 sc=0.8136 mi=0.0628 dn=0.0000 v13=0.0004 grl=0.2842 v15=0.0000 v15r=0.0000 v16=0.0000 v17=0.0000 v18=0.0000 acc=0.9958 lr=8.77e-05 lambda=0.000 grl_lambda=0.997 v18_lambda=0.000 gpu=3.0/11.8GB
[23:26:12] [train] ep=65 step=040/40 ce=0.2922 sc=0.7916 mi=0.0638 dn=0.0000 v13=0.0004 grl=0.2933 v15=0.0000 v15r=0.0000 v16=0.0000 v17=0.0000 v18=0.0000 acc=0.9969 lr=8.66e-05 lambda=0.000 grl_lambda=0.997 v18_lambda=0.000 gpu=3.0/11.8GB
[23:26:25] [ep_summary] ep=65/100 val_live=0.9691/0.9692 val_ema=0.9630/0.9626 test77_live=0.6331/0.5839 test77_diag_ema=0.6115/0.5426 v13=0.0004 grl=0.2933 v15=0.0000 v15r=0.0000 v16=0.0000 v17=0.0000 v18=0.0000 das=fixed_full[15,140] p=1.00 ep_time=37.1s
[23:26:25] [save] best_sourcequalified77_ema ep=65 source_val_live=0.9691/0.9692 source_val_ema=0.9630/0.9626 test77_ema=0.6115/0.5426
[23:26:25] [train] epoch 66/100 steps=40 use_dann=0 das=fixed_full f=[15.0,140.0] p=1.00 gpu=3.0/11.8GB
[23:26:25] [train] ep=66 step=001/40 ce=0.2608 sc=0.8784 mi=0.0671 dn=0.0000 v13=0.0005 grl=0.1554 v15=0.0000 v15r=0.0000 v16=0.0000 v17=0.0000 v18=0.0000 acc=1.0000 lr=8.65e-05 lambda=0.000 grl_lambda=0.997 v18_lambda=0.000 gpu=3.0/11.8GB
[23:26:31] [train] ep=66 step=010/40 ce=0.2608 sc=0.8885 mi=0.0647 dn=0.0000 v13=0.0005 grl=0.2671 v15=0.0000 v15r=0.0000 v16=0.0000 v17=0.0000 v18=0.0000 acc=1.0000 lr=8.55e-05 lambda=0.000 grl_lambda=0.997 v18_lambda=0.000 gpu=3.0/11.8GB
[23:26:37] [train] ep=66 step=020/40 ce=0.2898 sc=0.9109 mi=0.0617 dn=0.0000 v13=0.0005 grl=0.2607 v15=0.0000 v15r=0.0000 v16=0.0000 v17=0.0000 v18=0.0000 acc=0.9969 lr=8.44e-05 lambda=0.000 grl_lambda=0.997 v18_lambda=0.000 gpu=3.0/11.8GB
[23:26:43] [train] ep=66 step=030/40 ce=0.3252 sc=0.8699 mi=0.0626 dn=0.0000 v13=0.0004 grl=0.2768 v15=0.0000 v15r=0.0000 v16=0.0000 v17=0.0000 v18=0.0000 acc=0.9938 lr=8.33e-05 lambda=0.000 grl_lambda=0.997 v18_lambda=0.000 gpu=3.0/11.8GB
[23:26:49] [train] ep=66 step=040/40 ce=0.3089 sc=0.8465 mi=0.0628 dn=0.0000 v13=0.0004 grl=0.2708 v15=0.0000 v15r=0.0000 v16=0.0000 v17=0.0000 v18=0.0000 acc=0.9953 lr=8.22e-05 lambda=0.000 grl_lambda=0.997 v18_lambda=0.000 gpu=3.0/11.8GB
[23:26:59] [ep_summary] ep=66/100 val_live=0.9506/0.9515 val_ema=0.9568/0.9563 test77_live=0.6151/0.5521 test77_diag_ema=0.6079/0.5391 v13=0.0004 grl=0.2708 v15=0.0000 v15r=0.0000 v16=0.0000 v17=0.0000 v18=0.0000 das=fixed_full[15,140] p=1.00 ep_time=34.3s
[23:26:59] [train] epoch 67/100 steps=40 use_dann=0 das=fixed_full f=[15.0,140.0] p=1.00 gpu=3.0/11.8GB
[23:27:00] [train] ep=67 step=001/40 ce=0.2571 sc=0.6147 mi=0.0660 dn=0.0000 v13=0.0005 grl=0.2636 v15=0.0000 v15r=0.0000 v16=0.0000 v17=0.0000 v18=0.0000 acc=1.0000 lr=8.21e-05 lambda=0.000 grl_lambda=0.997 v18_lambda=0.000 gpu=3.0/11.8GB
[23:27:05] [train] ep=67 step=010/40 ce=0.3743 sc=0.7998 mi=0.0622 dn=0.0000 v13=0.0004 grl=0.2384 v15=0.0000 v15r=0.0000 v16=0.0000 v17=0.0000 v18=0.0000 acc=0.9938 lr=8.11e-05 lambda=0.000 grl_lambda=0.997 v18_lambda=0.000 gpu=3.0/11.8GB
[23:27:11] [train] ep=67 step=020/40 ce=0.3192 sc=0.7043 mi=0.0631 dn=0.0000 v13=0.0004 grl=0.2385 v15=0.0000 v15r=0.0000 v16=0.0000 v17=0.0000 v18=0.0000 acc=0.9969 lr=8.01e-05 lambda=0.000 grl_lambda=0.997 v18_lambda=0.000 gpu=3.0/11.8GB
[23:27:17] [train] ep=67 step=030/40 ce=0.3037 sc=0.7028 mi=0.0639 dn=0.0000 v13=0.0004 grl=0.2694 v15=0.0000 v15r=0.0000 v16=0.0000 v17=0.0000 v18=0.0000 acc=0.9979 lr=7.90e-05 lambda=0.000 grl_lambda=0.997 v18_lambda=0.000 gpu=3.0/11.8GB
[23:27:23] [train] ep=67 step=040/40 ce=0.3144 sc=0.7413 mi=0.0642 dn=0.0000 v13=0.0005 grl=0.2697 v15=0.0000 v15r=0.0000 v16=0.0000 v17=0.0000 v18=0.0000 acc=0.9969 lr=7.79e-05 lambda=0.000 grl_lambda=0.998 v18_lambda=0.000 gpu=3.0/11.8GB
[23:27:33] [ep_summary] ep=67/100 val_live=0.9568/0.9573 val_ema=0.9630/0.9624 test77_live=0.6223/0.5790 test77_diag_ema=0.6115/0.5409 v13=0.0005 grl=0.2697 v15=0.0000 v15r=0.0000 v16=0.0000 v17=0.0000 v18=0.0000 das=fixed_full[15,140] p=1.00 ep_time=33.9s
[23:27:33] [train] epoch 68/100 steps=40 use_dann=0 das=fixed_full f=[15.0,140.0] p=1.00 gpu=3.0/11.8GB
[23:27:34] [train] ep=68 step=001/40 ce=0.2640 sc=0.7385 mi=0.0701 dn=0.0000 v13=0.0008 grl=0.3524 v15=0.0000 v15r=0.0000 v16=0.0000 v17=0.0000 v18=0.0000 acc=1.0000 lr=7.78e-05 lambda=0.000 grl_lambda=0.998 v18_lambda=0.000 gpu=3.0/11.8GB
[23:27:39] [train] ep=68 step=010/40 ce=0.2602 sc=0.6681 mi=0.0686 dn=0.0000 v13=0.0005 grl=0.3393 v15=0.0000 v15r=0.0000 v16=0.0000 v17=0.0000 v18=0.0000 acc=1.0000 lr=7.69e-05 lambda=0.000 grl_lambda=0.998 v18_lambda=0.000 gpu=3.0/11.8GB
[23:27:45] [train] ep=68 step=020/40 ce=0.2599 sc=0.7674 mi=0.0650 dn=0.0000 v13=0.0005 grl=0.3209 v15=0.0000 v15r=0.0000 v16=0.0000 v17=0.0000 v18=0.0000 acc=1.0000 lr=7.58e-05 lambda=0.000 grl_lambda=0.998 v18_lambda=0.000 gpu=3.0/11.8GB
[23:27:51] [train] ep=68 step=030/40 ce=0.2887 sc=0.7793 mi=0.0645 dn=0.0000 v13=0.0004 grl=0.3101 v15=0.0000 v15r=0.0000 v16=0.0000 v17=0.0000 v18=0.0000 acc=0.9979 lr=7.48e-05 lambda=0.000 grl_lambda=0.998 v18_lambda=0.000 gpu=3.0/11.8GB
[23:27:57] [train] ep=68 step=040/40 ce=0.2841 sc=0.8046 mi=0.0649 dn=0.0000 v13=0.0004 grl=0.3081 v15=0.0000 v15r=0.0000 v16=0.0000 v17=0.0000 v18=0.0000 acc=0.9984 lr=7.37e-05 lambda=0.000 grl_lambda=0.998 v18_lambda=0.000 gpu=3.0/11.8GB
[23:28:07] [ep_summary] ep=68/100 val_live=0.9444/0.9441 val_ema=0.9630/0.9624 test77_live=0.6619/0.6285 test77_diag_ema=0.6151/0.5439 v13=0.0004 grl=0.3081 v15=0.0000 v15r=0.0000 v16=0.0000 v17=0.0000 v18=0.0000 das=fixed_full[15,140] p=1.00 ep_time=34.4s
[23:28:08] [save] best_sourcequalified77_ema ep=68 source_val_live=0.9444/0.9441 source_val_ema=0.9630/0.9624 test77_ema=0.6151/0.5439
[23:28:08] [train] epoch 69/100 steps=40 use_dann=0 das=fixed_full f=[15.0,140.0] p=1.00 gpu=3.0/11.8GB
[23:28:09] [train] ep=69 step=001/40 ce=0.2581 sc=0.8565 mi=0.0684 dn=0.0000 v13=0.0004 grl=0.3364 v15=0.0000 v15r=0.0000 v16=0.0000 v17=0.0000 v18=0.0000 acc=1.0000 lr=7.36e-05 lambda=0.000 grl_lambda=0.998 v18_lambda=0.000 gpu=3.0/11.8GB
[23:28:14] [train] ep=69 step=010/40 ce=0.3503 sc=0.6579 mi=0.0647 dn=0.0000 v13=0.0005 grl=0.2601 v15=0.0000 v15r=0.0000 v16=0.0000 v17=0.0000 v18=0.0000 acc=0.9938 lr=7.27e-05 lambda=0.000 grl_lambda=0.998 v18_lambda=0.000 gpu=3.0/11.8GB
[23:28:20] [train] ep=69 step=020/40 ce=0.3122 sc=0.6763 mi=0.0625 dn=0.0000 v13=0.0004 grl=0.2681 v15=0.0000 v15r=0.0000 v16=0.0000 v17=0.0000 v18=0.0000 acc=0.9969 lr=7.16e-05 lambda=0.000 grl_lambda=0.998 v18_lambda=0.000 gpu=3.0/11.8GB
[23:28:26] [train] ep=69 step=030/40 ce=0.2945 sc=0.7287 mi=0.0631 dn=0.0000 v13=0.0004 grl=0.2844 v15=0.0000 v15r=0.0000 v16=0.0000 v17=0.0000 v18=0.0000 acc=0.9979 lr=7.06e-05 lambda=0.000 grl_lambda=0.998 v18_lambda=0.000 gpu=3.0/11.8GB
[23:28:32] [train] ep=69 step=040/40 ce=0.2863 sc=0.6908 mi=0.0633 dn=0.0000 v13=0.0004 grl=0.2886 v15=0.0000 v15r=0.0000 v16=0.0000 v17=0.0000 v18=0.0000 acc=0.9984 lr=6.96e-05 lambda=0.000 grl_lambda=0.998 v18_lambda=0.000 gpu=3.0/11.8GB
[23:28:42] [ep_summary] ep=69/100 val_live=0.9691/0.9686 val_ema=0.9630/0.9624 test77_live=0.6763/0.6334 test77_diag_ema=0.6151/0.5439 v13=0.0004 grl=0.2886 v15=0.0000 v15r=0.0000 v16=0.0000 v17=0.0000 v18=0.0000 das=fixed_full[15,140] p=1.00 ep_time=34.9s
[23:28:42] [train] epoch 70/100 steps=40 use_dann=0 das=fixed_full f=[15.0,140.0] p=1.00 gpu=3.0/11.8GB
[23:28:43] [train] ep=70 step=001/40 ce=0.2573 sc=0.7642 mi=0.0659 dn=0.0000 v13=0.0006 grl=0.1538 v15=0.0000 v15r=0.0000 v16=0.0000 v17=0.0000 v18=0.0000 acc=1.0000 lr=6.95e-05 lambda=0.000 grl_lambda=0.998 v18_lambda=0.000 gpu=3.0/11.8GB
[23:28:48] [train] ep=70 step=010/40 ce=0.2874 sc=0.8424 mi=0.0656 dn=0.0000 v13=0.0004 grl=0.2791 v15=0.0000 v15r=0.0000 v16=0.0000 v17=0.0000 v18=0.0000 acc=1.0000 lr=6.85e-05 lambda=0.000 grl_lambda=0.998 v18_lambda=0.000 gpu=3.0/11.8GB
[23:28:54] [train] ep=70 step=020/40 ce=0.2801 sc=0.8462 mi=0.0633 dn=0.0000 v13=0.0004 grl=0.2982 v15=0.0000 v15r=0.0000 v16=0.0000 v17=0.0000 v18=0.0000 acc=1.0000 lr=6.75e-05 lambda=0.000 grl_lambda=0.998 v18_lambda=0.000 gpu=3.0/11.8GB
[23:29:00] [train] ep=70 step=030/40 ce=0.3086 sc=0.8431 mi=0.0629 dn=0.0000 v13=0.0004 grl=0.2826 v15=0.0000 v15r=0.0000 v16=0.0000 v17=0.0000 v18=0.0000 acc=0.9979 lr=6.65e-05 lambda=0.000 grl_lambda=0.998 v18_lambda=0.000 gpu=3.0/11.8GB
[23:29:06] [train] ep=70 step=040/40 ce=0.2985 sc=0.7996 mi=0.0629 dn=0.0000 v13=0.0004 grl=0.2886 v15=0.0000 v15r=0.0000 v16=0.0000 v17=0.0000 v18=0.0000 acc=0.9984 lr=6.55e-05 lambda=0.000 grl_lambda=0.998 v18_lambda=0.000 gpu=3.0/11.8GB
[23:29:17] [pool] check ep=070/100 source_val_acc_ema=0.9630 threshold=0.90
[23:29:22] [pool] ep=070 ADDED src_val=0.9630/0.9624 dev77=0.5643/0.5012 final77=0.6223/0.5539
[23:29:22] [pool] running best ep=070 dev77_f1=0.5012 final77_f1=0.5539 (pool_size=4)
[23:29:22] [ep_summary] ep=70/100 val_live=0.9444/0.9447 val_ema=0.9630/0.9624 test77_live=0.6547/0.6117 test77_diag_ema=0.6223/0.5539 v13=0.0004 grl=0.2886 v15=0.0000 v15r=0.0000 v16=0.0000 v17=0.0000 v18=0.0000 das=fixed_full[15,140] p=1.00 ep_time=39.4s
[23:29:22] [save] best_sourcequalified77_ema ep=70 source_val_live=0.9444/0.9447 source_val_ema=0.9630/0.9624 test77_ema=0.6223/0.5539
[23:29:22] [strict77_monitor] ep=70 best_source_epoch=56 source_val_ema=0.9630/0.9626 test77_ema_diag=0.6043/0.5313 sourcequalified_count=31 best_sourcequalified77_epoch=70 source_val_ema=0.9630/0.9624 test77_ema=0.6223/0.5539
[23:29:22] [train] epoch 71/100 steps=40 use_dann=0 das=fixed_full f=[15.0,140.0] p=1.00 gpu=3.0/11.8GB
[23:29:23] [train] ep=71 step=001/40 ce=0.2588 sc=0.9687 mi=0.0706 dn=0.0000 v13=0.0003 grl=0.2696 v15=0.0000 v15r=0.0000 v16=0.0000 v17=0.0000 v18=0.0000 acc=1.0000 lr=6.54e-05 lambda=0.000 grl_lambda=0.998 v18_lambda=0.000 gpu=3.0/11.8GB
[23:29:28] [train] ep=71 step=010/40 ce=0.2873 sc=0.6814 mi=0.0643 dn=0.0000 v13=0.0004 grl=0.2971 v15=0.0000 v15r=0.0000 v16=0.0000 v17=0.0000 v18=0.0000 acc=1.0000 lr=6.45e-05 lambda=0.000 grl_lambda=0.998 v18_lambda=0.000 gpu=3.0/11.8GB
[23:29:34] [train] ep=71 step=020/40 ce=0.3280 sc=0.7619 mi=0.0646 dn=0.0000 v13=0.0004 grl=0.2865 v15=0.0000 v15r=0.0000 v16=0.0000 v17=0.0000 v18=0.0000 acc=0.9969 lr=6.35e-05 lambda=0.000 grl_lambda=0.998 v18_lambda=0.000 gpu=3.0/11.8GB
[23:29:40] [train] ep=71 step=030/40 ce=0.3051 sc=0.7747 mi=0.0646 dn=0.0000 v13=0.0004 grl=0.2913 v15=0.0000 v15r=0.0000 v16=0.0000 v17=0.0000 v18=0.0000 acc=0.9979 lr=6.25e-05 lambda=0.000 grl_lambda=0.998 v18_lambda=0.000 gpu=3.0/11.8GB
[23:29:45] [train] ep=71 step=040/40 ce=0.2939 sc=0.7600 mi=0.0645 dn=0.0000 v13=0.0004 grl=0.2848 v15=0.0000 v15r=0.0000 v16=0.0000 v17=0.0000 v18=0.0000 acc=0.9984 lr=6.15e-05 lambda=0.000 grl_lambda=0.998 v18_lambda=0.000 gpu=3.0/11.8GB
[23:29:56] [ep_summary] ep=71/100 val_live=0.9568/0.9570 val_ema=0.9630/0.9624 test77_live=0.6367/0.5790 test77_diag_ema=0.6259/0.5571 v13=0.0004 grl=0.2848 v15=0.0000 v15r=0.0000 v16=0.0000 v17=0.0000 v18=0.0000 das=fixed_full[15,140] p=1.00 ep_time=34.2s
[23:29:56] [save] best_sourcequalified77_ema ep=71 source_val_live=0.9568/0.9570 source_val_ema=0.9630/0.9624 test77_ema=0.6259/0.5571
[23:29:56] [train] epoch 72/100 steps=40 use_dann=0 das=fixed_full f=[15.0,140.0] p=1.00 gpu=3.0/11.8GB
[23:29:57] [train] ep=72 step=001/40 ce=0.2621 sc=0.7483 mi=0.0456 dn=0.0000 v13=0.0002 grl=0.2744 v15=0.0000 v15r=0.0000 v16=0.0000 v17=0.0000 v18=0.0000 acc=1.0000 lr=6.14e-05 lambda=0.000 grl_lambda=0.998 v18_lambda=0.000 gpu=3.0/11.8GB
[23:30:02] [train] ep=72 step=010/40 ce=0.2644 sc=0.8718 mi=0.0639 dn=0.0000 v13=0.0005 grl=0.2762 v15=0.0000 v15r=0.0000 v16=0.0000 v17=0.0000 v18=0.0000 acc=1.0000 lr=6.06e-05 lambda=0.000 grl_lambda=0.998 v18_lambda=0.000 gpu=3.0/11.8GB
[23:30:08] [train] ep=72 step=020/40 ce=0.2617 sc=0.8001 mi=0.0643 dn=0.0000 v13=0.0005 grl=0.2764 v15=0.0000 v15r=0.0000 v16=0.0000 v17=0.0000 v18=0.0000 acc=1.0000 lr=5.96e-05 lambda=0.000 grl_lambda=0.998 v18_lambda=0.000 gpu=3.0/11.8GB
[23:30:14] [train] ep=72 step=030/40 ce=0.2939 sc=0.8045 mi=0.0655 dn=0.0000 v13=0.0004 grl=0.2698 v15=0.0000 v15r=0.0000 v16=0.0000 v17=0.0000 v18=0.0000 acc=0.9979 lr=5.86e-05 lambda=0.000 grl_lambda=0.998 v18_lambda=0.000 gpu=3.0/11.8GB
[23:30:20] [train] ep=72 step=040/40 ce=0.3018 sc=0.7742 mi=0.0653 dn=0.0000 v13=0.0004 grl=0.2719 v15=0.0000 v15r=0.0000 v16=0.0000 v17=0.0000 v18=0.0000 acc=0.9969 lr=5.77e-05 lambda=0.000 grl_lambda=0.999 v18_lambda=0.000 gpu=3.0/11.8GB
[23:30:33] [ep_summary] ep=72/100 val_live=0.9630/0.9628 val_ema=0.9630/0.9624 test77_live=0.6475/0.5861 test77_diag_ema=0.6259/0.5571 v13=0.0004 grl=0.2719 v15=0.0000 v15r=0.0000 v16=0.0000 v17=0.0000 v18=0.0000 das=fixed_full[15,140] p=1.00 ep_time=37.2s
[23:30:33] [save] best_sourcequalified77_ema ep=72 source_val_live=0.9630/0.9628 source_val_ema=0.9630/0.9624 test77_ema=0.6259/0.5571
[23:30:33] [train] epoch 73/100 steps=40 use_dann=0 das=fixed_full f=[15.0,140.0] p=1.00 gpu=3.0/11.8GB
[23:30:34] [train] ep=73 step=001/40 ce=0.2588 sc=0.6315 mi=0.0582 dn=0.0000 v13=0.0005 grl=0.3251 v15=0.0000 v15r=0.0000 v16=0.0000 v17=0.0000 v18=0.0000 acc=1.0000 lr=5.76e-05 lambda=0.000 grl_lambda=0.999 v18_lambda=0.000 gpu=3.0/11.8GB
[23:30:39] [train] ep=73 step=010/40 ce=0.2635 sc=0.6853 mi=0.0614 dn=0.0000 v13=0.0004 grl=0.2767 v15=0.0000 v15r=0.0000 v16=0.0000 v17=0.0000 v18=0.0000 acc=1.0000 lr=5.67e-05 lambda=0.000 grl_lambda=0.999 v18_lambda=0.000 gpu=3.0/11.8GB
[23:30:45] [train] ep=73 step=020/40 ce=0.2657 sc=0.7498 mi=0.0619 dn=0.0000 v13=0.0004 grl=0.2815 v15=0.0000 v15r=0.0000 v16=0.0000 v17=0.0000 v18=0.0000 acc=1.0000 lr=5.58e-05 lambda=0.000 grl_lambda=0.999 v18_lambda=0.000 gpu=3.0/11.8GB
[23:30:51] [train] ep=73 step=030/40 ce=0.2641 sc=0.7396 mi=0.0623 dn=0.0000 v13=0.0004 grl=0.2920 v15=0.0000 v15r=0.0000 v16=0.0000 v17=0.0000 v18=0.0000 acc=1.0000 lr=5.48e-05 lambda=0.000 grl_lambda=0.999 v18_lambda=0.000 gpu=3.0/11.8GB
[23:30:57] [train] ep=73 step=040/40 ce=0.2627 sc=0.7053 mi=0.0622 dn=0.0000 v13=0.0004 grl=0.2894 v15=0.0000 v15r=0.0000 v16=0.0000 v17=0.0000 v18=0.0000 acc=1.0000 lr=5.39e-05 lambda=0.000 grl_lambda=0.999 v18_lambda=0.000 gpu=3.0/11.8GB
[23:31:10] [ep_summary] ep=73/100 val_live=0.9506/0.9509 val_ema=0.9630/0.9624 test77_live=0.6331/0.5677 test77_diag_ema=0.6331/0.5681 v13=0.0004 grl=0.2894 v15=0.0000 v15r=0.0000 v16=0.0000 v17=0.0000 v18=0.0000 das=fixed_full[15,140] p=1.00 ep_time=36.8s
[23:31:10] [save] best_sourcequalified77_ema ep=73 source_val_live=0.9506/0.9509 source_val_ema=0.9630/0.9624 test77_ema=0.6331/0.5681
[23:31:10] [train] epoch 74/100 steps=40 use_dann=0 das=fixed_full f=[15.0,140.0] p=1.00 gpu=3.0/11.8GB
[23:31:11] [train] ep=74 step=001/40 ce=0.2585 sc=1.3187 mi=0.0727 dn=0.0000 v13=0.0005 grl=0.3951 v15=0.0000 v15r=0.0000 v16=0.0000 v17=0.0000 v18=0.0000 acc=1.0000 lr=5.38e-05 lambda=0.000 grl_lambda=0.999 v18_lambda=0.000 gpu=3.0/11.8GB
[23:31:16] [train] ep=74 step=010/40 ce=0.2582 sc=0.8878 mi=0.0634 dn=0.0000 v13=0.0004 grl=0.3112 v15=0.0000 v15r=0.0000 v16=0.0000 v17=0.0000 v18=0.0000 acc=1.0000 lr=5.30e-05 lambda=0.000 grl_lambda=0.999 v18_lambda=0.000 gpu=3.0/11.8GB
[23:31:22] [train] ep=74 step=020/40 ce=0.2814 sc=0.8316 mi=0.0622 dn=0.0000 v13=0.0004 grl=0.2943 v15=0.0000 v15r=0.0000 v16=0.0000 v17=0.0000 v18=0.0000 acc=1.0000 lr=5.20e-05 lambda=0.000 grl_lambda=0.999 v18_lambda=0.000 gpu=3.0/11.8GB
[23:31:28] [train] ep=74 step=030/40 ce=0.2796 sc=0.7849 mi=0.0625 dn=0.0000 v13=0.0004 grl=0.2989 v15=0.0000 v15r=0.0000 v16=0.0000 v17=0.0000 v18=0.0000 acc=1.0000 lr=5.11e-05 lambda=0.000 grl_lambda=0.999 v18_lambda=0.000 gpu=3.0/11.8GB
[23:31:34] [train] ep=74 step=040/40 ce=0.3147 sc=0.8028 mi=0.0635 dn=0.0000 v13=0.0004 grl=0.2977 v15=0.0000 v15r=0.0000 v16=0.0000 v17=0.0000 v18=0.0000 acc=0.9969 lr=5.02e-05 lambda=0.000 grl_lambda=0.999 v18_lambda=0.000 gpu=3.0/11.8GB
[23:31:45] [ep_summary] ep=74/100 val_live=0.9568/0.9559 val_ema=0.9630/0.9624 test77_live=0.6187/0.5533 test77_diag_ema=0.6331/0.5693 v13=0.0004 grl=0.2977 v15=0.0000 v15r=0.0000 v16=0.0000 v17=0.0000 v18=0.0000 das=fixed_full[15,140] p=1.00 ep_time=34.6s
[23:31:45] [save] best_sourcequalified77_ema ep=74 source_val_live=0.9568/0.9559 source_val_ema=0.9630/0.9624 test77_ema=0.6331/0.5693
[23:31:45] [train] epoch 75/100 steps=40 use_dann=0 das=fixed_full f=[15.0,140.0] p=1.00 gpu=3.0/11.8GB
[23:31:46] [train] ep=75 step=001/40 ce=0.2588 sc=0.8588 mi=0.0618 dn=0.0000 v13=0.0003 grl=0.2253 v15=0.0000 v15r=0.0000 v16=0.0000 v17=0.0000 v18=0.0000 acc=1.0000 lr=5.01e-05 lambda=0.000 grl_lambda=0.999 v18_lambda=0.000 gpu=3.0/11.8GB
[23:31:51] [train] ep=75 step=010/40 ce=0.2606 sc=0.7213 mi=0.0621 dn=0.0000 v13=0.0003 grl=0.2725 v15=0.0000 v15r=0.0000 v16=0.0000 v17=0.0000 v18=0.0000 acc=1.0000 lr=4.93e-05 lambda=0.000 grl_lambda=0.999 v18_lambda=0.000 gpu=3.0/11.8GB
[23:31:57] [train] ep=75 step=020/40 ce=0.3430 sc=0.7880 mi=0.0625 dn=0.0000 v13=0.0004 grl=0.2890 v15=0.0000 v15r=0.0000 v16=0.0000 v17=0.0000 v18=0.0000 acc=0.9938 lr=4.84e-05 lambda=0.000 grl_lambda=0.999 v18_lambda=0.000 gpu=3.0/11.8GB
[23:32:03] [train] ep=75 step=030/40 ce=0.3156 sc=0.7964 mi=0.0635 dn=0.0000 v13=0.0004 grl=0.2832 v15=0.0000 v15r=0.0000 v16=0.0000 v17=0.0000 v18=0.0000 acc=0.9958 lr=4.75e-05 lambda=0.000 grl_lambda=0.999 v18_lambda=0.000 gpu=3.0/11.8GB
[23:32:09] [train] ep=75 step=040/40 ce=0.3263 sc=0.8182 mi=0.0636 dn=0.0000 v13=0.0004 grl=0.2739 v15=0.0000 v15r=0.0000 v16=0.0000 v17=0.0000 v18=0.0000 acc=0.9953 lr=4.66e-05 lambda=0.000 grl_lambda=0.999 v18_lambda=0.000 gpu=3.0/11.8GB
[23:32:21] [ep_summary] ep=75/100 val_live=0.9506/0.9495 val_ema=0.9630/0.9624 test77_live=0.6331/0.5787 test77_diag_ema=0.6367/0.5723 v13=0.0004 grl=0.2739 v15=0.0000 v15r=0.0000 v16=0.0000 v17=0.0000 v18=0.0000 das=fixed_full[15,140] p=1.00 ep_time=36.2s
[23:32:21] [save] best_sourcequalified77_ema ep=75 source_val_live=0.9506/0.9495 source_val_ema=0.9630/0.9624 test77_ema=0.6367/0.5723
[23:32:21] [train] epoch 76/100 steps=40 use_dann=0 das=fixed_full f=[15.0,140.0] p=1.00 gpu=3.0/11.8GB
[23:32:22] [train] ep=76 step=001/40 ce=0.2588 sc=0.5687 mi=0.0601 dn=0.0000 v13=0.0005 grl=0.3238 v15=0.0000 v15r=0.0000 v16=0.0000 v17=0.0000 v18=0.0000 acc=1.0000 lr=4.65e-05 lambda=0.000 grl_lambda=0.999 v18_lambda=0.000 gpu=3.0/11.8GB
[23:32:27] [train] ep=76 step=010/40 ce=0.3460 sc=0.6446 mi=0.0639 dn=0.0000 v13=0.0005 grl=0.3075 v15=0.0000 v15r=0.0000 v16=0.0000 v17=0.0000 v18=0.0000 acc=0.9875 lr=4.58e-05 lambda=0.000 grl_lambda=0.999 v18_lambda=0.000 gpu=3.0/11.8GB
[23:32:33] [train] ep=76 step=020/40 ce=0.3439 sc=0.7003 mi=0.0645 dn=0.0000 v13=0.0005 grl=0.2993 v15=0.0000 v15r=0.0000 v16=0.0000 v17=0.0000 v18=0.0000 acc=0.9906 lr=4.49e-05 lambda=0.000 grl_lambda=0.999 v18_lambda=0.000 gpu=3.0/11.8GB
[23:32:39] [train] ep=76 step=030/40 ce=0.3302 sc=0.7043 mi=0.0647 dn=0.0000 v13=0.0005 grl=0.2988 v15=0.0000 v15r=0.0000 v16=0.0000 v17=0.0000 v18=0.0000 acc=0.9938 lr=4.40e-05 lambda=0.000 grl_lambda=0.999 v18_lambda=0.000 gpu=3.0/11.8GB
[23:32:45] [train] ep=76 step=040/40 ce=0.3369 sc=0.7339 mi=0.0632 dn=0.0000 v13=0.0005 grl=0.2922 v15=0.0000 v15r=0.0000 v16=0.0000 v17=0.0000 v18=0.0000 acc=0.9938 lr=4.32e-05 lambda=0.000 grl_lambda=0.999 v18_lambda=0.000 gpu=3.0/11.8GB
[23:32:56] [ep_summary] ep=76/100 val_live=0.9506/0.9496 val_ema=0.9630/0.9624 test77_live=0.6295/0.5661 test77_diag_ema=0.6367/0.5735 v13=0.0005 grl=0.2922 v15=0.0000 v15r=0.0000 v16=0.0000 v17=0.0000 v18=0.0000 das=fixed_full[15,140] p=1.00 ep_time=35.0s
[23:32:56] [save] best_sourcequalified77_ema ep=76 source_val_live=0.9506/0.9496 source_val_ema=0.9630/0.9624 test77_ema=0.6367/0.5735
[23:32:56] [train] epoch 77/100 steps=40 use_dann=0 das=fixed_full f=[15.0,140.0] p=1.00 gpu=3.0/11.8GB
[23:32:57] [train] ep=77 step=001/40 ce=0.2577 sc=0.6315 mi=0.0655 dn=0.0000 v13=0.0004 grl=0.2782 v15=0.0000 v15r=0.0000 v16=0.0000 v17=0.0000 v18=0.0000 acc=1.0000 lr=4.31e-05 lambda=0.000 grl_lambda=0.999 v18_lambda=0.000 gpu=3.0/11.8GB
[23:33:02] [train] ep=77 step=010/40 ce=0.2605 sc=0.6432 mi=0.0652 dn=0.0000 v13=0.0004 grl=0.2831 v15=0.0000 v15r=0.0000 v16=0.0000 v17=0.0000 v18=0.0000 acc=1.0000 lr=4.23e-05 lambda=0.000 grl_lambda=0.999 v18_lambda=0.000 gpu=3.0/11.8GB
[23:33:08] [train] ep=77 step=020/40 ce=0.2659 sc=0.6589 mi=0.0633 dn=0.0000 v13=0.0004 grl=0.2849 v15=0.0000 v15r=0.0000 v16=0.0000 v17=0.0000 v18=0.0000 acc=1.0000 lr=4.15e-05 lambda=0.000 grl_lambda=0.999 v18_lambda=0.000 gpu=3.0/11.8GB
[23:33:14] [train] ep=77 step=030/40 ce=0.2664 sc=0.6928 mi=0.0640 dn=0.0000 v13=0.0004 grl=0.2966 v15=0.0000 v15r=0.0000 v16=0.0000 v17=0.0000 v18=0.0000 acc=1.0000 lr=4.06e-05 lambda=0.000 grl_lambda=0.999 v18_lambda=0.000 gpu=3.0/11.8GB
[23:33:20] [train] ep=77 step=040/40 ce=0.2643 sc=0.7364 mi=0.0638 dn=0.0000 v13=0.0004 grl=0.2953 v15=0.0000 v15r=0.0000 v16=0.0000 v17=0.0000 v18=0.0000 acc=1.0000 lr=3.98e-05 lambda=0.000 grl_lambda=0.999 v18_lambda=0.000 gpu=3.0/11.8GB
[23:33:30] [ep_summary] ep=77/100 val_live=0.9630/0.9617 val_ema=0.9691/0.9692 test77_live=0.6403/0.5782 test77_diag_ema=0.6403/0.5767 v13=0.0004 grl=0.2953 v15=0.0000 v15r=0.0000 v16=0.0000 v17=0.0000 v18=0.0000 das=fixed_full[15,140] p=1.00 ep_time=34.1s
[23:33:30] [save] best_sourceval_ema val_acc_ema=0.9691 source_val_live=0.9630/0.9617 source_val_ema=0.9691/0.9692 ep=77
[23:33:30] [save] best_sourcequalified77_ema ep=77 source_val_live=0.9630/0.9617 source_val_ema=0.9691/0.9692 test77_ema=0.6403/0.5767
[23:33:30] [train] epoch 78/100 steps=40 use_dann=0 das=fixed_full f=[15.0,140.0] p=1.00 gpu=3.0/11.8GB
[23:33:31] [train] ep=78 step=001/40 ce=0.2576 sc=1.0876 mi=0.0585 dn=0.0000 v13=0.0004 grl=0.2173 v15=0.0000 v15r=0.0000 v16=0.0000 v17=0.0000 v18=0.0000 acc=1.0000 lr=3.97e-05 lambda=0.000 grl_lambda=0.999 v18_lambda=0.000 gpu=3.0/11.8GB
[23:33:36] [train] ep=78 step=010/40 ce=0.2589 sc=0.7151 mi=0.0626 dn=0.0000 v13=0.0004 grl=0.3088 v15=0.0000 v15r=0.0000 v16=0.0000 v17=0.0000 v18=0.0000 acc=1.0000 lr=3.90e-05 lambda=0.000 grl_lambda=0.999 v18_lambda=0.000 gpu=3.0/11.8GB
[23:33:42] [train] ep=78 step=020/40 ce=0.2587 sc=0.7166 mi=0.0607 dn=0.0000 v13=0.0004 grl=0.2764 v15=0.0000 v15r=0.0000 v16=0.0000 v17=0.0000 v18=0.0000 acc=1.0000 lr=3.82e-05 lambda=0.000 grl_lambda=0.999 v18_lambda=0.000 gpu=3.0/11.8GB
[23:33:48] [train] ep=78 step=030/40 ce=0.2586 sc=0.7584 mi=0.0616 dn=0.0000 v13=0.0004 grl=0.2816 v15=0.0000 v15r=0.0000 v16=0.0000 v17=0.0000 v18=0.0000 acc=1.0000 lr=3.74e-05 lambda=0.000 grl_lambda=0.999 v18_lambda=0.000 gpu=3.0/11.8GB
[23:33:54] [train] ep=78 step=040/40 ce=0.2734 sc=0.7495 mi=0.0625 dn=0.0000 v13=0.0004 grl=0.2778 v15=0.0000 v15r=0.0000 v16=0.0000 v17=0.0000 v18=0.0000 acc=0.9984 lr=3.66e-05 lambda=0.000 grl_lambda=0.999 v18_lambda=0.000 gpu=3.0/11.8GB
[23:34:05] [ep_summary] ep=78/100 val_live=0.9568/0.9559 val_ema=0.9691/0.9692 test77_live=0.6367/0.5770 test77_diag_ema=0.6439/0.5785 v13=0.0004 grl=0.2778 v15=0.0000 v15r=0.0000 v16=0.0000 v17=0.0000 v18=0.0000 das=fixed_full[15,140] p=1.00 ep_time=34.3s
[23:34:05] [save] best_sourcequalified77_ema ep=78 source_val_live=0.9568/0.9559 source_val_ema=0.9691/0.9692 test77_ema=0.6439/0.5785
[23:34:05] [train] epoch 79/100 steps=40 use_dann=0 das=fixed_full f=[15.0,140.0] p=1.00 gpu=3.0/11.8GB
[23:34:05] [train] ep=79 step=001/40 ce=0.2590 sc=0.6571 mi=0.0633 dn=0.0000 v13=0.0004 grl=0.2764 v15=0.0000 v15r=0.0000 v16=0.0000 v17=0.0000 v18=0.0000 acc=1.0000 lr=3.65e-05 lambda=0.000 grl_lambda=0.999 v18_lambda=0.000 gpu=3.0/11.8GB
[23:34:11] [train] ep=79 step=010/40 ce=0.3332 sc=0.8728 mi=0.0627 dn=0.0000 v13=0.0004 grl=0.2862 v15=0.0000 v15r=0.0000 v16=0.0000 v17=0.0000 v18=0.0000 acc=0.9938 lr=3.58e-05 lambda=0.000 grl_lambda=0.999 v18_lambda=0.000 gpu=3.0/11.8GB
[23:34:16] [train] ep=79 step=020/40 ce=0.2961 sc=0.8782 mi=0.0630 dn=0.0000 v13=0.0004 grl=0.2995 v15=0.0000 v15r=0.0000 v16=0.0000 v17=0.0000 v18=0.0000 acc=0.9969 lr=3.50e-05 lambda=0.000 grl_lambda=0.999 v18_lambda=0.000 gpu=3.0/11.8GB
[23:34:22] [train] ep=79 step=030/40 ce=0.2835 sc=0.8012 mi=0.0632 dn=0.0000 v13=0.0004 grl=0.3024 v15=0.0000 v15r=0.0000 v16=0.0000 v17=0.0000 v18=0.0000 acc=0.9979 lr=3.42e-05 lambda=0.000 grl_lambda=0.999 v18_lambda=0.000 gpu=3.0/11.8GB
[23:34:28] [train] ep=79 step=040/40 ce=0.2771 sc=0.8083 mi=0.0634 dn=0.0000 v13=0.0004 grl=0.2979 v15=0.0000 v15r=0.0000 v16=0.0000 v17=0.0000 v18=0.0000 acc=0.9984 lr=3.35e-05 lambda=0.000 grl_lambda=0.999 v18_lambda=0.000 gpu=3.0/11.8GB
[23:34:42] [ep_summary] ep=79/100 val_live=0.9691/0.9697 val_ema=0.9691/0.9692 test77_live=0.6583/0.6095 test77_diag_ema=0.6403/0.5767 v13=0.0004 grl=0.2979 v15=0.0000 v15r=0.0000 v16=0.0000 v17=0.0000 v18=0.0000 das=fixed_full[15,140] p=1.00 ep_time=36.9s
[23:34:42] [train] epoch 80/100 steps=40 use_dann=0 das=fixed_full f=[15.0,140.0] p=1.00 gpu=3.0/11.8GB
[23:34:42] [train] ep=80 step=001/40 ce=0.2665 sc=0.4263 mi=0.0562 dn=0.0000 v13=0.0005 grl=0.1848 v15=0.0000 v15r=0.0000 v16=0.0000 v17=0.0000 v18=0.0000 acc=1.0000 lr=3.34e-05 lambda=0.000 grl_lambda=0.999 v18_lambda=0.000 gpu=3.0/11.8GB
[23:34:47] [train] ep=80 step=010/40 ce=0.3379 sc=0.7648 mi=0.0626 dn=0.0000 v13=0.0004 grl=0.2863 v15=0.0000 v15r=0.0000 v16=0.0000 v17=0.0000 v18=0.0000 acc=0.9938 lr=3.27e-05 lambda=0.000 grl_lambda=0.999 v18_lambda=0.000 gpu=3.0/11.8GB
[23:34:54] [train] ep=80 step=020/40 ce=0.2979 sc=0.7858 mi=0.0637 dn=0.0000 v13=0.0004 grl=0.2809 v15=0.0000 v15r=0.0000 v16=0.0000 v17=0.0000 v18=0.0000 acc=0.9969 lr=3.19e-05 lambda=0.000 grl_lambda=0.999 v18_lambda=0.000 gpu=3.0/11.8GB
[23:35:00] [train] ep=80 step=030/40 ce=0.2865 sc=0.7717 mi=0.0649 dn=0.0000 v13=0.0004 grl=0.2879 v15=0.0000 v15r=0.0000 v16=0.0000 v17=0.0000 v18=0.0000 acc=0.9979 lr=3.12e-05 lambda=0.000 grl_lambda=0.999 v18_lambda=0.000 gpu=3.0/11.8GB
[23:35:06] [train] ep=80 step=040/40 ce=0.2795 sc=0.7776 mi=0.0637 dn=0.0000 v13=0.0004 grl=0.2797 v15=0.0000 v15r=0.0000 v16=0.0000 v17=0.0000 v18=0.0000 acc=0.9984 lr=3.05e-05 lambda=0.000 grl_lambda=0.999 v18_lambda=0.000 gpu=3.0/11.8GB
[23:35:17] [pool] check ep=080/100 source_val_acc_ema=0.9691 threshold=0.90
[23:35:22] [pool] ep=080 ADDED src_val=0.9691/0.9692 dev77=0.5643/0.5045 final77=0.6475/0.5892
[23:35:22] [pool] running best ep=080 dev77_f1=0.5045 final77_f1=0.5892 (pool_size=5)
[23:35:22] [ep_summary] ep=80/100 val_live=0.9691/0.9699 val_ema=0.9691/0.9692 test77_live=0.6619/0.6166 test77_diag_ema=0.6475/0.5892 v13=0.0004 grl=0.2797 v15=0.0000 v15r=0.0000 v16=0.0000 v17=0.0000 v18=0.0000 das=fixed_full[15,140] p=1.00 ep_time=40.4s
[23:35:22] [save] best_sourcequalified77_ema ep=80 source_val_live=0.9691/0.9699 source_val_ema=0.9691/0.9692 test77_ema=0.6475/0.5892
[23:35:22] [strict77_monitor] ep=80 best_source_epoch=77 source_val_ema=0.9691/0.9692 test77_ema_diag=0.6403/0.5767 sourcequalified_count=41 best_sourcequalified77_epoch=80 source_val_ema=0.9691/0.9692 test77_ema=0.6475/0.5892
[23:35:22] [train] epoch 81/100 steps=40 use_dann=0 das=fixed_full f=[15.0,140.0] p=1.00 gpu=3.0/11.8GB
[23:35:23] [train] ep=81 step=001/40 ce=0.2682 sc=0.8506 mi=0.0673 dn=0.0000 v13=0.0004 grl=0.2957 v15=0.0000 v15r=0.0000 v16=0.0000 v17=0.0000 v18=0.0000 acc=1.0000 lr=3.04e-05 lambda=0.000 grl_lambda=0.999 v18_lambda=0.000 gpu=3.0/11.8GB
[23:35:28] [train] ep=81 step=010/40 ce=0.3019 sc=0.9209 mi=0.0634 dn=0.0000 v13=0.0004 grl=0.2614 v15=0.0000 v15r=0.0000 v16=0.0000 v17=0.0000 v18=0.0000 acc=0.9938 lr=2.97e-05 lambda=0.000 grl_lambda=0.999 v18_lambda=0.000 gpu=3.0/11.8GB
[23:35:34] [train] ep=81 step=020/40 ce=0.2800 sc=0.8203 mi=0.0620 dn=0.0000 v13=0.0004 grl=0.2689 v15=0.0000 v15r=0.0000 v16=0.0000 v17=0.0000 v18=0.0000 acc=0.9969 lr=2.90e-05 lambda=0.000 grl_lambda=0.999 v18_lambda=0.000 gpu=3.0/11.8GB
[23:35:40] [train] ep=81 step=030/40 ce=0.2775 sc=0.8211 mi=0.0627 dn=0.0000 v13=0.0004 grl=0.2760 v15=0.0000 v15r=0.0000 v16=0.0000 v17=0.0000 v18=0.0000 acc=0.9979 lr=2.83e-05 lambda=0.000 grl_lambda=0.999 v18_lambda=0.000 gpu=3.0/11.8GB
[23:35:46] [train] ep=81 step=040/40 ce=0.2726 sc=0.8296 mi=0.0628 dn=0.0000 v13=0.0004 grl=0.2665 v15=0.0000 v15r=0.0000 v16=0.0000 v17=0.0000 v18=0.0000 acc=0.9984 lr=2.76e-05 lambda=0.000 grl_lambda=0.999 v18_lambda=0.000 gpu=3.0/11.8GB
[23:35:56] [ep_summary] ep=81/100 val_live=0.9630/0.9637 val_ema=0.9691/0.9692 test77_live=0.6475/0.5913 test77_diag_ema=0.6475/0.5892 v13=0.0004 grl=0.2665 v15=0.0000 v15r=0.0000 v16=0.0000 v17=0.0000 v18=0.0000 das=fixed_full[15,140] p=1.00 ep_time=34.2s
[23:35:56] [train] epoch 82/100 steps=40 use_dann=0 das=fixed_full f=[15.0,140.0] p=1.00 gpu=3.0/11.8GB
[23:35:57] [train] ep=82 step=001/40 ce=0.2577 sc=0.8471 mi=0.0667 dn=0.0000 v13=0.0002 grl=0.2786 v15=0.0000 v15r=0.0000 v16=0.0000 v17=0.0000 v18=0.0000 acc=1.0000 lr=2.75e-05 lambda=0.000 grl_lambda=0.999 v18_lambda=0.000 gpu=3.0/11.8GB
[23:36:02] [train] ep=82 step=010/40 ce=0.2920 sc=0.7880 mi=0.0652 dn=0.0000 v13=0.0003 grl=0.3131 v15=0.0000 v15r=0.0000 v16=0.0000 v17=0.0000 v18=0.0000 acc=1.0000 lr=2.69e-05 lambda=0.000 grl_lambda=0.999 v18_lambda=0.000 gpu=3.0/11.8GB
[23:36:08] [train] ep=82 step=020/40 ce=0.2751 sc=0.7459 mi=0.0646 dn=0.0000 v13=0.0003 grl=0.2919 v15=0.0000 v15r=0.0000 v16=0.0000 v17=0.0000 v18=0.0000 acc=1.0000 lr=2.62e-05 lambda=0.000 grl_lambda=0.999 v18_lambda=0.000 gpu=3.0/11.8GB
[23:36:14] [train] ep=82 step=030/40 ce=0.2699 sc=0.7735 mi=0.0636 dn=0.0000 v13=0.0004 grl=0.2949 v15=0.0000 v15r=0.0000 v16=0.0000 v17=0.0000 v18=0.0000 acc=1.0000 lr=2.55e-05 lambda=0.000 grl_lambda=0.999 v18_lambda=0.000 gpu=3.0/11.8GB
[23:36:20] [train] ep=82 step=040/40 ce=0.2804 sc=0.7571 mi=0.0637 dn=0.0000 v13=0.0004 grl=0.2929 v15=0.0000 v15r=0.0000 v16=0.0000 v17=0.0000 v18=0.0000 acc=0.9984 lr=2.48e-05 lambda=0.000 grl_lambda=0.999 v18_lambda=0.000 gpu=3.0/11.8GB
[23:36:32] [ep_summary] ep=82/100 val_live=0.9630/0.9637 val_ema=0.9691/0.9692 test77_live=0.6439/0.5883 test77_diag_ema=0.6475/0.5894 v13=0.0004 grl=0.2929 v15=0.0000 v15r=0.0000 v16=0.0000 v17=0.0000 v18=0.0000 das=fixed_full[15,140] p=1.00 ep_time=35.5s
[23:36:32] [save] best_sourcequalified77_ema ep=82 source_val_live=0.9630/0.9637 source_val_ema=0.9691/0.9692 test77_ema=0.6475/0.5894
[23:36:32] [train] epoch 83/100 steps=40 use_dann=0 das=fixed_full f=[15.0,140.0] p=1.00 gpu=3.0/11.8GB
[23:36:32] [train] ep=83 step=001/40 ce=0.2566 sc=0.7242 mi=0.0612 dn=0.0000 v13=0.0002 grl=0.3061 v15=0.0000 v15r=0.0000 v16=0.0000 v17=0.0000 v18=0.0000 acc=1.0000 lr=2.48e-05 lambda=0.000 grl_lambda=0.999 v18_lambda=0.000 gpu=3.0/11.8GB
[23:36:38] [train] ep=83 step=010/40 ce=0.3568 sc=0.7944 mi=0.0624 dn=0.0000 v13=0.0004 grl=0.2859 v15=0.0000 v15r=0.0000 v16=0.0000 v17=0.0000 v18=0.0000 acc=0.9938 lr=2.42e-05 lambda=0.000 grl_lambda=0.999 v18_lambda=0.000 gpu=3.0/11.8GB
[23:36:44] [train] ep=83 step=020/40 ce=0.3077 sc=0.7675 mi=0.0619 dn=0.0000 v13=0.0004 grl=0.2710 v15=0.0000 v15r=0.0000 v16=0.0000 v17=0.0000 v18=0.0000 acc=0.9969 lr=2.35e-05 lambda=0.000 grl_lambda=0.999 v18_lambda=0.000 gpu=3.0/11.8GB
[23:36:50] [train] ep=83 step=030/40 ce=0.2913 sc=0.7487 mi=0.0623 dn=0.0000 v13=0.0004 grl=0.2853 v15=0.0000 v15r=0.0000 v16=0.0000 v17=0.0000 v18=0.0000 acc=0.9979 lr=2.29e-05 lambda=0.000 grl_lambda=0.999 v18_lambda=0.000 gpu=3.0/11.8GB
[23:36:55] [train] ep=83 step=040/40 ce=0.2981 sc=0.7432 mi=0.0619 dn=0.0000 v13=0.0004 grl=0.2844 v15=0.0000 v15r=0.0000 v16=0.0000 v17=0.0000 v18=0.0000 acc=0.9969 lr=2.22e-05 lambda=0.000 grl_lambda=1.000 v18_lambda=0.000 gpu=3.0/11.8GB
[23:37:06] [ep_summary] ep=83/100 val_live=0.9630/0.9634 val_ema=0.9691/0.9692 test77_live=0.6367/0.5836 test77_diag_ema=0.6475/0.5894 v13=0.0004 grl=0.2844 v15=0.0000 v15r=0.0000 v16=0.0000 v17=0.0000 v18=0.0000 das=fixed_full[15,140] p=1.00 ep_time=34.3s
[23:37:06] [train] epoch 84/100 steps=40 use_dann=0 das=fixed_full f=[15.0,140.0] p=1.00 gpu=3.0/11.8GB
[23:37:07] [train] ep=84 step=001/40 ce=0.2588 sc=0.7987 mi=0.0716 dn=0.0000 v13=0.0004 grl=0.3696 v15=0.0000 v15r=0.0000 v16=0.0000 v17=0.0000 v18=0.0000 acc=1.0000 lr=2.22e-05 lambda=0.000 grl_lambda=1.000 v18_lambda=0.000 gpu=3.0/11.8GB
[23:37:12] [train] ep=84 step=010/40 ce=0.3242 sc=0.8201 mi=0.0638 dn=0.0000 v13=0.0003 grl=0.2923 v15=0.0000 v15r=0.0000 v16=0.0000 v17=0.0000 v18=0.0000 acc=0.9938 lr=2.16e-05 lambda=0.000 grl_lambda=1.000 v18_lambda=0.000 gpu=3.0/11.8GB
[23:37:18] [train] ep=84 step=020/40 ce=0.3208 sc=0.8436 mi=0.0635 dn=0.0000 v13=0.0003 grl=0.2784 v15=0.0000 v15r=0.0000 v16=0.0000 v17=0.0000 v18=0.0000 acc=0.9938 lr=2.10e-05 lambda=0.000 grl_lambda=1.000 v18_lambda=0.000 gpu=3.0/11.8GB
[23:37:24] [train] ep=84 step=030/40 ce=0.3312 sc=0.8277 mi=0.0637 dn=0.0000 v13=0.0004 grl=0.2931 v15=0.0000 v15r=0.0000 v16=0.0000 v17=0.0000 v18=0.0000 acc=0.9938 lr=2.04e-05 lambda=0.000 grl_lambda=1.000 v18_lambda=0.000 gpu=3.0/11.8GB
[23:37:30] [train] ep=84 step=040/40 ce=0.3417 sc=0.8303 mi=0.0637 dn=0.0000 v13=0.0004 grl=0.2879 v15=0.0000 v15r=0.0000 v16=0.0000 v17=0.0000 v18=0.0000 acc=0.9938 lr=1.98e-05 lambda=0.000 grl_lambda=1.000 v18_lambda=0.000 gpu=3.0/11.8GB
[23:37:42] [ep_summary] ep=84/100 val_live=0.9691/0.9697 val_ema=0.9691/0.9692 test77_live=0.6331/0.5823 test77_diag_ema=0.6475/0.5851 v13=0.0004 grl=0.2879 v15=0.0000 v15r=0.0000 v16=0.0000 v17=0.0000 v18=0.0000 das=fixed_full[15,140] p=1.00 ep_time=35.8s
[23:37:42] [train] epoch 85/100 steps=40 use_dann=0 das=fixed_full f=[15.0,140.0] p=1.00 gpu=3.0/11.8GB
[23:37:43] [train] ep=85 step=001/40 ce=0.2581 sc=1.1282 mi=0.0619 dn=0.0000 v13=0.0003 grl=0.2930 v15=0.0000 v15r=0.0000 v16=0.0000 v17=0.0000 v18=0.0000 acc=1.0000 lr=1.97e-05 lambda=0.000 grl_lambda=1.000 v18_lambda=0.000 gpu=3.0/11.8GB
[23:37:48] [train] ep=85 step=010/40 ce=0.3188 sc=0.8651 mi=0.0634 dn=0.0000 v13=0.0004 grl=0.2591 v15=0.0000 v15r=0.0000 v16=0.0000 v17=0.0000 v18=0.0000 acc=0.9938 lr=1.92e-05 lambda=0.000 grl_lambda=1.000 v18_lambda=0.000 gpu=3.0/11.8GB
[23:37:54] [train] ep=85 step=020/40 ce=0.2924 sc=0.8143 mi=0.0630 dn=0.0000 v13=0.0004 grl=0.2682 v15=0.0000 v15r=0.0000 v16=0.0000 v17=0.0000 v18=0.0000 acc=0.9969 lr=1.86e-05 lambda=0.000 grl_lambda=1.000 v18_lambda=0.000 gpu=3.0/11.8GB
[23:38:00] [train] ep=85 step=030/40 ce=0.2811 sc=0.8046 mi=0.0632 dn=0.0000 v13=0.0004 grl=0.2762 v15=0.0000 v15r=0.0000 v16=0.0000 v17=0.0000 v18=0.0000 acc=0.9979 lr=1.80e-05 lambda=0.000 grl_lambda=1.000 v18_lambda=0.000 gpu=3.0/11.8GB
[23:38:06] [train] ep=85 step=040/40 ce=0.2780 sc=0.8121 mi=0.0631 dn=0.0000 v13=0.0004 grl=0.2747 v15=0.0000 v15r=0.0000 v16=0.0000 v17=0.0000 v18=0.0000 acc=0.9984 lr=1.74e-05 lambda=0.000 grl_lambda=1.000 v18_lambda=0.000 gpu=3.0/11.8GB
[23:38:16] [ep_summary] ep=85/100 val_live=0.9691/0.9697 val_ema=0.9691/0.9692 test77_live=0.6331/0.5835 test77_diag_ema=0.6475/0.5851 v13=0.0004 grl=0.2747 v15=0.0000 v15r=0.0000 v16=0.0000 v17=0.0000 v18=0.0000 das=fixed_full[15,140] p=1.00 ep_time=34.6s
[23:38:16] [train] epoch 86/100 steps=40 use_dann=0 das=fixed_full f=[15.0,140.0] p=1.00 gpu=3.0/11.8GB
[23:38:17] [train] ep=86 step=001/40 ce=0.2573 sc=0.6241 mi=0.0646 dn=0.0000 v13=0.0002 grl=0.2547 v15=0.0000 v15r=0.0000 v16=0.0000 v17=0.0000 v18=0.0000 acc=1.0000 lr=1.74e-05 lambda=0.000 grl_lambda=1.000 v18_lambda=0.000 gpu=3.0/11.8GB
[23:38:22] [train] ep=86 step=010/40 ce=0.2601 sc=0.7187 mi=0.0632 dn=0.0000 v13=0.0003 grl=0.3066 v15=0.0000 v15r=0.0000 v16=0.0000 v17=0.0000 v18=0.0000 acc=1.0000 lr=1.68e-05 lambda=0.000 grl_lambda=1.000 v18_lambda=0.000 gpu=3.0/11.8GB
[23:38:28] [train] ep=86 step=020/40 ce=0.2767 sc=0.6762 mi=0.0632 dn=0.0000 v13=0.0004 grl=0.2850 v15=0.0000 v15r=0.0000 v16=0.0000 v17=0.0000 v18=0.0000 acc=1.0000 lr=1.63e-05 lambda=0.000 grl_lambda=1.000 v18_lambda=0.000 gpu=3.0/11.8GB
[23:38:34] [train] ep=86 step=030/40 ce=0.2930 sc=0.7101 mi=0.0625 dn=0.0000 v13=0.0004 grl=0.2757 v15=0.0000 v15r=0.0000 v16=0.0000 v17=0.0000 v18=0.0000 acc=1.0000 lr=1.57e-05 lambda=0.000 grl_lambda=1.000 v18_lambda=0.000 gpu=3.0/11.8GB
[23:38:40] [train] ep=86 step=040/40 ce=0.2867 sc=0.7247 mi=0.0620 dn=0.0000 v13=0.0004 grl=0.2800 v15=0.0000 v15r=0.0000 v16=0.0000 v17=0.0000 v18=0.0000 acc=1.0000 lr=1.52e-05 lambda=0.000 grl_lambda=1.000 v18_lambda=0.000 gpu=3.0/11.8GB
[23:38:53] [ep_summary] ep=86/100 val_live=0.9691/0.9697 val_ema=0.9691/0.9692 test77_live=0.6259/0.5769 test77_diag_ema=0.6475/0.5851 v13=0.0004 grl=0.2800 v15=0.0000 v15r=0.0000 v16=0.0000 v17=0.0000 v18=0.0000 das=fixed_full[15,140] p=1.00 ep_time=37.0s
[23:38:54] [train] epoch 87/100 steps=40 use_dann=0 das=fixed_full f=[15.0,140.0] p=1.00 gpu=3.0/11.8GB
[23:38:54] [train] ep=87 step=001/40 ce=0.2569 sc=0.6075 mi=0.0635 dn=0.0000 v13=0.0003 grl=0.3060 v15=0.0000 v15r=0.0000 v16=0.0000 v17=0.0000 v18=0.0000 acc=1.0000 lr=1.52e-05 lambda=0.000 grl_lambda=1.000 v18_lambda=0.000 gpu=3.0/11.8GB
[23:39:00] [train] ep=87 step=010/40 ce=0.2633 sc=0.7346 mi=0.0587 dn=0.0000 v13=0.0003 grl=0.2814 v15=0.0000 v15r=0.0000 v16=0.0000 v17=0.0000 v18=0.0000 acc=1.0000 lr=1.47e-05 lambda=0.000 grl_lambda=1.000 v18_lambda=0.000 gpu=3.0/11.8GB
[23:39:06] [train] ep=87 step=020/40 ce=0.3262 sc=0.7885 mi=0.0608 dn=0.0000 v13=0.0003 grl=0.2871 v15=0.0000 v15r=0.0000 v16=0.0000 v17=0.0000 v18=0.0000 acc=0.9938 lr=1.42e-05 lambda=0.000 grl_lambda=1.000 v18_lambda=0.000 gpu=3.0/11.8GB
[23:39:12] [train] ep=87 step=030/40 ce=0.3034 sc=0.7793 mi=0.0603 dn=0.0000 v13=0.0004 grl=0.2882 v15=0.0000 v15r=0.0000 v16=0.0000 v17=0.0000 v18=0.0000 acc=0.9958 lr=1.37e-05 lambda=0.000 grl_lambda=1.000 v18_lambda=0.000 gpu=3.0/11.8GB
[23:39:17] [train] ep=87 step=040/40 ce=0.2921 sc=0.7818 mi=0.0611 dn=0.0000 v13=0.0004 grl=0.2901 v15=0.0000 v15r=0.0000 v16=0.0000 v17=0.0000 v18=0.0000 acc=0.9969 lr=1.31e-05 lambda=0.000 grl_lambda=1.000 v18_lambda=0.000 gpu=3.0/11.8GB
[23:39:28] [ep_summary] ep=87/100 val_live=0.9691/0.9697 val_ema=0.9691/0.9692 test77_live=0.6331/0.5810 test77_diag_ema=0.6475/0.5851 v13=0.0004 grl=0.2901 v15=0.0000 v15r=0.0000 v16=0.0000 v17=0.0000 v18=0.0000 das=fixed_full[15,140] p=1.00 ep_time=34.7s
[23:39:28] [train] epoch 88/100 steps=40 use_dann=0 das=fixed_full f=[15.0,140.0] p=1.00 gpu=3.0/11.8GB
[23:39:29] [train] ep=88 step=001/40 ce=0.2581 sc=0.4209 mi=0.0688 dn=0.0000 v13=0.0006 grl=0.2525 v15=0.0000 v15r=0.0000 v16=0.0000 v17=0.0000 v18=0.0000 acc=1.0000 lr=1.31e-05 lambda=0.000 grl_lambda=1.000 v18_lambda=0.000 gpu=3.0/11.8GB
[23:39:34] [train] ep=88 step=010/40 ce=0.3171 sc=0.7835 mi=0.0636 dn=0.0000 v13=0.0004 grl=0.3269 v15=0.0000 v15r=0.0000 v16=0.0000 v17=0.0000 v18=0.0000 acc=1.0000 lr=1.27e-05 lambda=0.000 grl_lambda=1.000 v18_lambda=0.000 gpu=3.0/11.8GB
[23:39:40] [train] ep=88 step=020/40 ce=0.2948 sc=0.7649 mi=0.0637 dn=0.0000 v13=0.0004 grl=0.3117 v15=0.0000 v15r=0.0000 v16=0.0000 v17=0.0000 v18=0.0000 acc=1.0000 lr=1.22e-05 lambda=0.000 grl_lambda=1.000 v18_lambda=0.000 gpu=3.0/11.8GB
[23:39:46] [train] ep=88 step=030/40 ce=0.3071 sc=0.8001 mi=0.0640 dn=0.0000 v13=0.0004 grl=0.3216 v15=0.0000 v15r=0.0000 v16=0.0000 v17=0.0000 v18=0.0000 acc=0.9979 lr=1.17e-05 lambda=0.000 grl_lambda=1.000 v18_lambda=0.000 gpu=3.0/11.8GB
[23:39:52] [train] ep=88 step=040/40 ce=0.2948 sc=0.8127 mi=0.0641 dn=0.0000 v13=0.0004 grl=0.3048 v15=0.0000 v15r=0.0000 v16=0.0000 v17=0.0000 v18=0.0000 acc=0.9984 lr=1.12e-05 lambda=0.000 grl_lambda=1.000 v18_lambda=0.000 gpu=3.0/11.8GB
[23:40:03] [ep_summary] ep=88/100 val_live=0.9691/0.9697 val_ema=0.9691/0.9692 test77_live=0.6367/0.5869 test77_diag_ema=0.6475/0.5853 v13=0.0004 grl=0.3048 v15=0.0000 v15r=0.0000 v16=0.0000 v17=0.0000 v18=0.0000 das=fixed_full[15,140] p=1.00 ep_time=34.5s
[23:40:03] [train] epoch 89/100 steps=40 use_dann=0 das=fixed_full f=[15.0,140.0] p=1.00 gpu=3.0/11.8GB
[23:40:03] [train] ep=89 step=001/40 ce=0.2584 sc=0.8185 mi=0.0662 dn=0.0000 v13=0.0003 grl=0.3557 v15=0.0000 v15r=0.0000 v16=0.0000 v17=0.0000 v18=0.0000 acc=1.0000 lr=1.12e-05 lambda=0.000 grl_lambda=1.000 v18_lambda=0.000 gpu=3.0/11.8GB
[23:40:09] [train] ep=89 step=010/40 ce=0.2584 sc=0.7420 mi=0.0615 dn=0.0000 v13=0.0004 grl=0.2953 v15=0.0000 v15r=0.0000 v16=0.0000 v17=0.0000 v18=0.0000 acc=1.0000 lr=1.08e-05 lambda=0.000 grl_lambda=1.000 v18_lambda=0.000 gpu=3.0/11.8GB
[23:40:15] [train] ep=89 step=020/40 ce=0.2584 sc=0.6930 mi=0.0619 dn=0.0000 v13=0.0004 grl=0.2893 v15=0.0000 v15r=0.0000 v16=0.0000 v17=0.0000 v18=0.0000 acc=1.0000 lr=1.03e-05 lambda=0.000 grl_lambda=1.000 v18_lambda=0.000 gpu=3.0/11.8GB
[23:40:21] [train] ep=89 step=030/40 ce=0.2582 sc=0.7490 mi=0.0621 dn=0.0000 v13=0.0004 grl=0.2911 v15=0.0000 v15r=0.0000 v16=0.0000 v17=0.0000 v18=0.0000 acc=1.0000 lr=9.89e-06 lambda=0.000 grl_lambda=1.000 v18_lambda=0.000 gpu=3.0/11.8GB
[23:40:27] [train] ep=89 step=040/40 ce=0.2593 sc=0.7866 mi=0.0621 dn=0.0000 v13=0.0004 grl=0.2885 v15=0.0000 v15r=0.0000 v16=0.0000 v17=0.0000 v18=0.0000 acc=1.0000 lr=9.46e-06 lambda=0.000 grl_lambda=1.000 v18_lambda=0.000 gpu=3.0/11.8GB
[23:40:38] [ep_summary] ep=89/100 val_live=0.9691/0.9697 val_ema=0.9630/0.9634 test77_live=0.6367/0.5869 test77_diag_ema=0.6475/0.5853 v13=0.0004 grl=0.2885 v15=0.0000 v15r=0.0000 v16=0.0000 v17=0.0000 v18=0.0000 das=fixed_full[15,140] p=1.00 ep_time=35.1s
[23:40:38] [train] epoch 90/100 steps=40 use_dann=0 das=fixed_full f=[15.0,140.0] p=1.00 gpu=3.0/11.8GB
[23:40:38] [train] ep=90 step=001/40 ce=0.2572 sc=0.5507 mi=0.0628 dn=0.0000 v13=0.0003 grl=0.2619 v15=0.0000 v15r=0.0000 v16=0.0000 v17=0.0000 v18=0.0000 acc=1.0000 lr=9.42e-06 lambda=0.000 grl_lambda=1.000 v18_lambda=0.000 gpu=3.0/11.8GB
[23:40:44] [train] ep=90 step=010/40 ce=0.2602 sc=0.6585 mi=0.0642 dn=0.0000 v13=0.0003 grl=0.3113 v15=0.0000 v15r=0.0000 v16=0.0000 v17=0.0000 v18=0.0000 acc=1.0000 lr=9.04e-06 lambda=0.000 grl_lambda=1.000 v18_lambda=0.000 gpu=3.0/11.8GB
[23:40:50] [train] ep=90 step=020/40 ce=0.2967 sc=0.7676 mi=0.0642 dn=0.0000 v13=0.0004 grl=0.2993 v15=0.0000 v15r=0.0000 v16=0.0000 v17=0.0000 v18=0.0000 acc=0.9969 lr=8.63e-06 lambda=0.000 grl_lambda=1.000 v18_lambda=0.000 gpu=3.0/11.8GB
[23:40:56] [train] ep=90 step=030/40 ce=0.2842 sc=0.7337 mi=0.0629 dn=0.0000 v13=0.0003 grl=0.2934 v15=0.0000 v15r=0.0000 v16=0.0000 v17=0.0000 v18=0.0000 acc=0.9979 lr=8.23e-06 lambda=0.000 grl_lambda=1.000 v18_lambda=0.000 gpu=3.0/11.8GB
[23:41:01] [train] ep=90 step=040/40 ce=0.2950 sc=0.7562 mi=0.0626 dn=0.0000 v13=0.0004 grl=0.2877 v15=0.0000 v15r=0.0000 v16=0.0000 v17=0.0000 v18=0.0000 acc=0.9984 lr=7.84e-06 lambda=0.000 grl_lambda=1.000 v18_lambda=0.000 gpu=3.0/11.8GB
[23:41:12] [pool] check ep=090/100 source_val_acc_ema=0.9630 threshold=0.90
[23:41:18] [pool] ep=090 ADDED src_val=0.9630/0.9634 dev77=0.5714/0.5171 final77=0.6475/0.5853
[23:41:18] [pool] running best ep=090 dev77_f1=0.5171 final77_f1=0.5853 (pool_size=6)
[23:41:18] [ep_summary] ep=90/100 val_live=0.9691/0.9697 val_ema=0.9630/0.9634 test77_live=0.6331/0.5820 test77_diag_ema=0.6475/0.5853 v13=0.0004 grl=0.2877 v15=0.0000 v15r=0.0000 v16=0.0000 v17=0.0000 v18=0.0000 das=fixed_full[15,140] p=1.00 ep_time=40.1s
[23:41:18] [strict77_monitor] ep=90 best_source_epoch=77 source_val_ema=0.9691/0.9692 test77_ema_diag=0.6403/0.5767 sourcequalified_count=51 best_sourcequalified77_epoch=82 source_val_ema=0.9691/0.9692 test77_ema=0.6475/0.5894
[23:41:18] [train] epoch 91/100 steps=40 use_dann=0 das=fixed_full f=[15.0,140.0] p=1.00 gpu=3.0/11.8GB
[23:41:18] [train] ep=91 step=001/40 ce=0.2569 sc=1.1863 mi=0.0638 dn=0.0000 v13=0.0005 grl=0.3383 v15=0.0000 v15r=0.0000 v16=0.0000 v17=0.0000 v18=0.0000 acc=1.0000 lr=7.80e-06 lambda=0.000 grl_lambda=1.000 v18_lambda=0.000 gpu=3.0/11.8GB
[23:41:24] [train] ep=91 step=010/40 ce=0.3567 sc=0.8616 mi=0.0677 dn=0.0000 v13=0.0005 grl=0.3057 v15=0.0000 v15r=0.0000 v16=0.0000 v17=0.0000 v18=0.0000 acc=0.9938 lr=7.45e-06 lambda=0.000 grl_lambda=1.000 v18_lambda=0.000 gpu=3.0/11.8GB
[23:41:30] [train] ep=91 step=020/40 ce=0.3072 sc=0.7963 mi=0.0641 dn=0.0000 v13=0.0004 grl=0.2893 v15=0.0000 v15r=0.0000 v16=0.0000 v17=0.0000 v18=0.0000 acc=0.9969 lr=7.08e-06 lambda=0.000 grl_lambda=1.000 v18_lambda=0.000 gpu=3.0/11.8GB
[23:41:36] [train] ep=91 step=030/40 ce=0.3233 sc=0.8046 mi=0.0630 dn=0.0000 v13=0.0003 grl=0.2796 v15=0.0000 v15r=0.0000 v16=0.0000 v17=0.0000 v18=0.0000 acc=0.9958 lr=6.72e-06 lambda=0.000 grl_lambda=1.000 v18_lambda=0.000 gpu=3.0/11.8GB
[23:41:41] [train] ep=91 step=040/40 ce=0.3069 sc=0.7911 mi=0.0630 dn=0.0000 v13=0.0004 grl=0.2807 v15=0.0000 v15r=0.0000 v16=0.0000 v17=0.0000 v18=0.0000 acc=0.9969 lr=6.36e-06 lambda=0.000 grl_lambda=1.000 v18_lambda=0.000 gpu=3.0/11.8GB
[23:41:53] [ep_summary] ep=91/100 val_live=0.9691/0.9697 val_ema=0.9630/0.9634 test77_live=0.6331/0.5817 test77_diag_ema=0.6475/0.5853 v13=0.0004 grl=0.2807 v15=0.0000 v15r=0.0000 v16=0.0000 v17=0.0000 v18=0.0000 das=fixed_full[15,140] p=1.00 ep_time=35.2s
[23:41:53] [train] epoch 92/100 steps=40 use_dann=0 das=fixed_full f=[15.0,140.0] p=1.00 gpu=3.0/11.8GB
[23:41:54] [train] ep=92 step=001/40 ce=0.2596 sc=0.7919 mi=0.0488 dn=0.0000 v13=0.0004 grl=0.1176 v15=0.0000 v15r=0.0000 v16=0.0000 v17=0.0000 v18=0.0000 acc=1.0000 lr=6.33e-06 lambda=0.000 grl_lambda=1.000 v18_lambda=0.000 gpu=3.0/11.8GB
[23:41:59] [train] ep=92 step=010/40 ce=0.2588 sc=0.8507 mi=0.0590 dn=0.0000 v13=0.0003 grl=0.2495 v15=0.0000 v15r=0.0000 v16=0.0000 v17=0.0000 v18=0.0000 acc=1.0000 lr=6.02e-06 lambda=0.000 grl_lambda=1.000 v18_lambda=0.000 gpu=3.0/11.8GB
[23:42:05] [train] ep=92 step=020/40 ce=0.2962 sc=0.8439 mi=0.0629 dn=0.0000 v13=0.0003 grl=0.2755 v15=0.0000 v15r=0.0000 v16=0.0000 v17=0.0000 v18=0.0000 acc=0.9969 lr=5.68e-06 lambda=0.000 grl_lambda=1.000 v18_lambda=0.000 gpu=3.0/11.8GB
[23:42:11] [train] ep=92 step=030/40 ce=0.2859 sc=0.8086 mi=0.0631 dn=0.0000 v13=0.0003 grl=0.2803 v15=0.0000 v15r=0.0000 v16=0.0000 v17=0.0000 v18=0.0000 acc=0.9979 lr=5.35e-06 lambda=0.000 grl_lambda=1.000 v18_lambda=0.000 gpu=3.0/11.8GB
[23:42:17] [train] ep=92 step=040/40 ce=0.2904 sc=0.8117 mi=0.0631 dn=0.0000 v13=0.0003 grl=0.2860 v15=0.0000 v15r=0.0000 v16=0.0000 v17=0.0000 v18=0.0000 acc=0.9969 lr=5.04e-06 lambda=0.000 grl_lambda=1.000 v18_lambda=0.000 gpu=3.0/11.8GB
[23:42:28] [ep_summary] ep=92/100 val_live=0.9691/0.9697 val_ema=0.9630/0.9634 test77_live=0.6295/0.5791 test77_diag_ema=0.6475/0.5853 v13=0.0003 grl=0.2860 v15=0.0000 v15r=0.0000 v16=0.0000 v17=0.0000 v18=0.0000 das=fixed_full[15,140] p=1.00 ep_time=35.4s
[23:42:28] [train] epoch 93/100 steps=40 use_dann=0 das=fixed_full f=[15.0,140.0] p=1.00 gpu=3.0/11.8GB
[23:42:29] [train] ep=93 step=001/40 ce=0.2575 sc=1.0070 mi=0.0621 dn=0.0000 v13=0.0002 grl=0.2931 v15=0.0000 v15r=0.0000 v16=0.0000 v17=0.0000 v18=0.0000 acc=1.0000 lr=5.01e-06 lambda=0.000 grl_lambda=1.000 v18_lambda=0.000 gpu=3.0/11.8GB
[23:42:34] [train] ep=93 step=010/40 ce=0.3370 sc=0.7454 mi=0.0587 dn=0.0000 v13=0.0003 grl=0.2469 v15=0.0000 v15r=0.0000 v16=0.0000 v17=0.0000 v18=0.0000 acc=0.9938 lr=4.73e-06 lambda=0.000 grl_lambda=1.000 v18_lambda=0.000 gpu=3.0/11.8GB
[23:42:40] [train] ep=93 step=020/40 ce=0.3374 sc=0.8293 mi=0.0584 dn=0.0000 v13=0.0003 grl=0.2737 v15=0.0000 v15r=0.0000 v16=0.0000 v17=0.0000 v18=0.0000 acc=0.9938 lr=4.43e-06 lambda=0.000 grl_lambda=1.000 v18_lambda=0.000 gpu=3.0/11.8GB
[23:42:46] [train] ep=93 step=030/40 ce=0.3113 sc=0.8077 mi=0.0594 dn=0.0000 v13=0.0003 grl=0.2716 v15=0.0000 v15r=0.0000 v16=0.0000 v17=0.0000 v18=0.0000 acc=0.9958 lr=4.14e-06 lambda=0.000 grl_lambda=1.000 v18_lambda=0.000 gpu=3.0/11.8GB
[23:42:52] [train] ep=93 step=040/40 ce=0.2979 sc=0.7946 mi=0.0603 dn=0.0000 v13=0.0003 grl=0.2752 v15=0.0000 v15r=0.0000 v16=0.0000 v17=0.0000 v18=0.0000 acc=0.9969 lr=3.87e-06 lambda=0.000 grl_lambda=1.000 v18_lambda=0.000 gpu=3.0/11.8GB
[23:43:04] [ep_summary] ep=93/100 val_live=0.9691/0.9697 val_ema=0.9630/0.9634 test77_live=0.6331/0.5844 test77_diag_ema=0.6475/0.5883 v13=0.0003 grl=0.2752 v15=0.0000 v15r=0.0000 v16=0.0000 v17=0.0000 v18=0.0000 das=fixed_full[15,140] p=1.00 ep_time=35.6s
[23:43:04] [train] epoch 94/100 steps=40 use_dann=0 das=fixed_full f=[15.0,140.0] p=1.00 gpu=3.0/11.8GB
[23:43:05] [train] ep=94 step=001/40 ce=0.2574 sc=0.6646 mi=0.0608 dn=0.0000 v13=0.0003 grl=0.3301 v15=0.0000 v15r=0.0000 v16=0.0000 v17=0.0000 v18=0.0000 acc=1.0000 lr=3.84e-06 lambda=0.000 grl_lambda=1.000 v18_lambda=0.000 gpu=3.0/11.8GB
[23:43:10] [train] ep=94 step=010/40 ce=0.2576 sc=0.7454 mi=0.0646 dn=0.0000 v13=0.0003 grl=0.3181 v15=0.0000 v15r=0.0000 v16=0.0000 v17=0.0000 v18=0.0000 acc=1.0000 lr=3.60e-06 lambda=0.000 grl_lambda=1.000 v18_lambda=0.000 gpu=3.0/11.8GB
[23:43:16] [train] ep=94 step=020/40 ce=0.2575 sc=0.7462 mi=0.0639 dn=0.0000 v13=0.0003 grl=0.2994 v15=0.0000 v15r=0.0000 v16=0.0000 v17=0.0000 v18=0.0000 acc=1.0000 lr=3.34e-06 lambda=0.000 grl_lambda=1.000 v18_lambda=0.000 gpu=3.0/11.8GB
[23:43:22] [train] ep=94 step=030/40 ce=0.2611 sc=0.7095 mi=0.0635 dn=0.0000 v13=0.0004 grl=0.2849 v15=0.0000 v15r=0.0000 v16=0.0000 v17=0.0000 v18=0.0000 acc=1.0000 lr=3.09e-06 lambda=0.000 grl_lambda=1.000 v18_lambda=0.000 gpu=3.0/11.8GB
[23:43:28] [train] ep=94 step=040/40 ce=0.2603 sc=0.7154 mi=0.0639 dn=0.0000 v13=0.0004 grl=0.2833 v15=0.0000 v15r=0.0000 v16=0.0000 v17=0.0000 v18=0.0000 acc=1.0000 lr=2.85e-06 lambda=0.000 grl_lambda=1.000 v18_lambda=0.000 gpu=3.0/11.8GB
[23:43:38] [ep_summary] ep=94/100 val_live=0.9691/0.9697 val_ema=0.9691/0.9697 test77_live=0.6295/0.5791 test77_diag_ema=0.6475/0.5883 v13=0.0004 grl=0.2833 v15=0.0000 v15r=0.0000 v16=0.0000 v17=0.0000 v18=0.0000 das=fixed_full[15,140] p=1.00 ep_time=34.1s
[23:43:38] [train] epoch 95/100 steps=40 use_dann=0 das=fixed_full f=[15.0,140.0] p=1.00 gpu=3.0/11.8GB
[23:43:39] [train] ep=95 step=001/40 ce=0.2574 sc=0.6342 mi=0.0534 dn=0.0000 v13=0.0004 grl=0.2380 v15=0.0000 v15r=0.0000 v16=0.0000 v17=0.0000 v18=0.0000 acc=1.0000 lr=2.82e-06 lambda=0.000 grl_lambda=1.000 v18_lambda=0.000 gpu=3.0/11.8GB
[23:43:44] [train] ep=95 step=010/40 ce=0.2585 sc=0.7250 mi=0.0601 dn=0.0000 v13=0.0004 grl=0.2729 v15=0.0000 v15r=0.0000 v16=0.0000 v17=0.0000 v18=0.0000 acc=1.0000 lr=2.62e-06 lambda=0.000 grl_lambda=1.000 v18_lambda=0.000 gpu=3.0/11.8GB
[23:43:50] [train] ep=95 step=020/40 ce=0.2583 sc=0.7160 mi=0.0617 dn=0.0000 v13=0.0004 grl=0.2779 v15=0.0000 v15r=0.0000 v16=0.0000 v17=0.0000 v18=0.0000 acc=1.0000 lr=2.40e-06 lambda=0.000 grl_lambda=1.000 v18_lambda=0.000 gpu=3.0/11.8GB
[23:43:56] [train] ep=95 step=030/40 ce=0.2627 sc=0.7405 mi=0.0622 dn=0.0000 v13=0.0003 grl=0.2854 v15=0.0000 v15r=0.0000 v16=0.0000 v17=0.0000 v18=0.0000 acc=1.0000 lr=2.18e-06 lambda=0.000 grl_lambda=1.000 v18_lambda=0.000 gpu=3.0/11.8GB
[23:44:02] [train] ep=95 step=040/40 ce=0.2616 sc=0.7473 mi=0.0620 dn=0.0000 v13=0.0004 grl=0.2936 v15=0.0000 v15r=0.0000 v16=0.0000 v17=0.0000 v18=0.0000 acc=1.0000 lr=1.98e-06 lambda=0.000 grl_lambda=1.000 v18_lambda=0.000 gpu=3.0/11.8GB
[23:44:12] [ep_summary] ep=95/100 val_live=0.9691/0.9697 val_ema=0.9691/0.9697 test77_live=0.6295/0.5791 test77_diag_ema=0.6439/0.5856 v13=0.0004 grl=0.2936 v15=0.0000 v15r=0.0000 v16=0.0000 v17=0.0000 v18=0.0000 das=fixed_full[15,140] p=1.00 ep_time=34.2s
[23:44:12] [train] epoch 96/100 steps=40 use_dann=0 das=fixed_full f=[15.0,140.0] p=1.00 gpu=3.0/11.8GB
[23:44:13] [train] ep=96 step=001/40 ce=0.2567 sc=0.8280 mi=0.0564 dn=0.0000 v13=0.0004 grl=0.2525 v15=0.0000 v15r=0.0000 v16=0.0000 v17=0.0000 v18=0.0000 acc=1.0000 lr=1.96e-06 lambda=0.000 grl_lambda=1.000 v18_lambda=0.000 gpu=3.0/11.8GB
[23:44:18] [train] ep=96 step=010/40 ce=0.2641 sc=0.6440 mi=0.0604 dn=0.0000 v13=0.0004 grl=0.2513 v15=0.0000 v15r=0.0000 v16=0.0000 v17=0.0000 v18=0.0000 acc=1.0000 lr=1.79e-06 lambda=0.000 grl_lambda=1.000 v18_lambda=0.000 gpu=3.0/11.8GB
[23:44:24] [train] ep=96 step=020/40 ce=0.3033 sc=0.6916 mi=0.0615 dn=0.0000 v13=0.0004 grl=0.2572 v15=0.0000 v15r=0.0000 v16=0.0000 v17=0.0000 v18=0.0000 acc=0.9969 lr=1.61e-06 lambda=0.000 grl_lambda=1.000 v18_lambda=0.000 gpu=3.0/11.8GB
[23:44:30] [train] ep=96 step=030/40 ce=0.3138 sc=0.7486 mi=0.0627 dn=0.0000 v13=0.0004 grl=0.2708 v15=0.0000 v15r=0.0000 v16=0.0000 v17=0.0000 v18=0.0000 acc=0.9958 lr=1.44e-06 lambda=0.000 grl_lambda=1.000 v18_lambda=0.000 gpu=3.0/11.8GB
[23:44:36] [train] ep=96 step=040/40 ce=0.3011 sc=0.7573 mi=0.0626 dn=0.0000 v13=0.0004 grl=0.2679 v15=0.0000 v15r=0.0000 v16=0.0000 v17=0.0000 v18=0.0000 acc=0.9969 lr=1.27e-06 lambda=0.000 grl_lambda=1.000 v18_lambda=0.000 gpu=3.0/11.8GB
[23:44:46] [ep_summary] ep=96/100 val_live=0.9691/0.9697 val_ema=0.9691/0.9697 test77_live=0.6295/0.5791 test77_diag_ema=0.6439/0.5856 v13=0.0004 grl=0.2679 v15=0.0000 v15r=0.0000 v16=0.0000 v17=0.0000 v18=0.0000 das=fixed_full[15,140] p=1.00 ep_time=34.1s
[23:44:47] [train] epoch 97/100 steps=40 use_dann=0 das=fixed_full f=[15.0,140.0] p=1.00 gpu=3.0/11.8GB
[23:44:47] [train] ep=97 step=001/40 ce=0.4172 sc=0.6482 mi=0.0623 dn=0.0000 v13=0.0003 grl=0.2764 v15=0.0000 v15r=0.0000 v16=0.0000 v17=0.0000 v18=0.0000 acc=1.0000 lr=1.26e-06 lambda=0.000 grl_lambda=1.000 v18_lambda=0.000 gpu=3.0/11.8GB
[23:44:52] [train] ep=97 step=010/40 ce=0.2744 sc=0.8199 mi=0.0603 dn=0.0000 v13=0.0004 grl=0.2496 v15=0.0000 v15r=0.0000 v16=0.0000 v17=0.0000 v18=0.0000 acc=1.0000 lr=1.12e-06 lambda=0.000 grl_lambda=1.000 v18_lambda=0.000 gpu=3.0/11.8GB
[23:44:58] [train] ep=97 step=020/40 ce=0.3021 sc=0.7632 mi=0.0609 dn=0.0000 v13=0.0004 grl=0.2689 v15=0.0000 v15r=0.0000 v16=0.0000 v17=0.0000 v18=0.0000 acc=0.9969 lr=9.76e-07 lambda=0.000 grl_lambda=1.000 v18_lambda=0.000 gpu=3.0/11.8GB
[23:45:04] [train] ep=97 step=030/40 ce=0.2873 sc=0.7722 mi=0.0606 dn=0.0000 v13=0.0004 grl=0.2620 v15=0.0000 v15r=0.0000 v16=0.0000 v17=0.0000 v18=0.0000 acc=0.9979 lr=8.43e-07 lambda=0.000 grl_lambda=1.000 v18_lambda=0.000 gpu=3.0/11.8GB
[23:45:10] [train] ep=97 step=040/40 ce=0.2805 sc=0.7632 mi=0.0604 dn=0.0000 v13=0.0004 grl=0.2703 v15=0.0000 v15r=0.0000 v16=0.0000 v17=0.0000 v18=0.0000 acc=0.9984 lr=7.19e-07 lambda=0.000 grl_lambda=1.000 v18_lambda=0.000 gpu=3.0/11.8GB
[23:45:21] [ep_summary] ep=97/100 val_live=0.9691/0.9697 val_ema=0.9691/0.9697 test77_live=0.6295/0.5785 test77_diag_ema=0.6403/0.5838 v13=0.0004 grl=0.2703 v15=0.0000 v15r=0.0000 v16=0.0000 v17=0.0000 v18=0.0000 das=fixed_full[15,140] p=1.00 ep_time=34.1s
[23:45:21] [train] epoch 98/100 steps=40 use_dann=0 das=fixed_full f=[15.0,140.0] p=1.00 gpu=3.0/11.8GB
[23:45:21] [train] ep=98 step=001/40 ce=0.2569 sc=0.6459 mi=0.0598 dn=0.0000 v13=0.0005 grl=0.4838 v15=0.0000 v15r=0.0000 v16=0.0000 v17=0.0000 v18=0.0000 acc=1.0000 lr=7.07e-07 lambda=0.000 grl_lambda=1.000 v18_lambda=0.000 gpu=3.0/11.8GB
[23:45:26] [train] ep=98 step=010/40 ce=0.2999 sc=0.6824 mi=0.0615 dn=0.0000 v13=0.0003 grl=0.2879 v15=0.0000 v15r=0.0000 v16=0.0000 v17=0.0000 v18=0.0000 acc=0.9938 lr=6.05e-07 lambda=0.000 grl_lambda=1.000 v18_lambda=0.000 gpu=3.0/11.8GB
[23:45:32] [train] ep=98 step=020/40 ce=0.2804 sc=0.7662 mi=0.0616 dn=0.0000 v13=0.0004 grl=0.2797 v15=0.0000 v15r=0.0000 v16=0.0000 v17=0.0000 v18=0.0000 acc=0.9969 lr=5.01e-07 lambda=0.000 grl_lambda=1.000 v18_lambda=0.000 gpu=3.0/11.8GB
[23:45:38] [train] ep=98 step=030/40 ce=0.2736 sc=0.7857 mi=0.0629 dn=0.0000 v13=0.0004 grl=0.2785 v15=0.0000 v15r=0.0000 v16=0.0000 v17=0.0000 v18=0.0000 acc=0.9979 lr=4.07e-07 lambda=0.000 grl_lambda=1.000 v18_lambda=0.000 gpu=3.0/11.8GB
[23:45:44] [train] ep=98 step=040/40 ce=0.2697 sc=0.7907 mi=0.0646 dn=0.0000 v13=0.0004 grl=0.2940 v15=0.0000 v15r=0.0000 v16=0.0000 v17=0.0000 v18=0.0000 acc=0.9984 lr=3.22e-07 lambda=0.000 grl_lambda=1.000 v18_lambda=0.000 gpu=3.0/11.8GB
[23:45:55] [ep_summary] ep=98/100 val_live=0.9691/0.9697 val_ema=0.9691/0.9697 test77_live=0.6295/0.5785 test77_diag_ema=0.6331/0.5773 v13=0.0004 grl=0.2940 v15=0.0000 v15r=0.0000 v16=0.0000 v17=0.0000 v18=0.0000 das=fixed_full[15,140] p=1.00 ep_time=34.2s
[23:45:55] [train] epoch 99/100 steps=40 use_dann=0 das=fixed_full f=[15.0,140.0] p=1.00 gpu=3.0/11.8GB
[23:45:55] [train] ep=99 step=001/40 ce=0.2579 sc=0.9075 mi=0.0663 dn=0.0000 v13=0.0003 grl=0.3181 v15=0.0000 v15r=0.0000 v16=0.0000 v17=0.0000 v18=0.0000 acc=1.0000 lr=3.15e-07 lambda=0.000 grl_lambda=1.000 v18_lambda=0.000 gpu=3.0/11.8GB
[23:46:01] [train] ep=99 step=010/40 ce=0.2601 sc=0.8387 mi=0.0640 dn=0.0000 v13=0.0003 grl=0.3140 v15=0.0000 v15r=0.0000 v16=0.0000 v17=0.0000 v18=0.0000 acc=1.0000 lr=2.48e-07 lambda=0.000 grl_lambda=1.000 v18_lambda=0.000 gpu=3.0/11.8GB
[23:46:07] [train] ep=99 step=020/40 ce=0.3281 sc=0.8266 mi=0.0630 dn=0.0000 v13=0.0003 grl=0.3085 v15=0.0000 v15r=0.0000 v16=0.0000 v17=0.0000 v18=0.0000 acc=0.9938 lr=1.83e-07 lambda=0.000 grl_lambda=1.000 v18_lambda=0.000 gpu=3.0/11.8GB
[23:46:12] [train] ep=99 step=030/40 ce=0.3045 sc=0.8247 mi=0.0628 dn=0.0000 v13=0.0003 grl=0.3004 v15=0.0000 v15r=0.0000 v16=0.0000 v17=0.0000 v18=0.0000 acc=0.9958 lr=1.28e-07 lambda=0.000 grl_lambda=1.000 v18_lambda=0.000 gpu=3.0/11.8GB
[23:46:18] [train] ep=99 step=040/40 ce=0.3164 sc=0.8367 mi=0.0626 dn=0.0000 v13=0.0003 grl=0.2980 v15=0.0000 v15r=0.0000 v16=0.0000 v17=0.0000 v18=0.0000 acc=0.9953 lr=8.26e-08 lambda=0.000 grl_lambda=1.000 v18_lambda=0.000 gpu=3.0/11.8GB
[23:46:29] [ep_summary] ep=99/100 val_live=0.9691/0.9697 val_ema=0.9691/0.9697 test77_live=0.6295/0.5785 test77_diag_ema=0.6295/0.5737 v13=0.0003 grl=0.2980 v15=0.0000 v15r=0.0000 v16=0.0000 v17=0.0000 v18=0.0000 das=fixed_full[15,140] p=1.00 ep_time=34.1s
[23:46:29] [train] epoch 100/100 steps=40 use_dann=0 das=fixed_full f=[15.0,140.0] p=1.00 gpu=3.0/11.8GB
[23:46:30] [train] ep=100 step=001/40 ce=0.2584 sc=1.0476 mi=0.0734 dn=0.0000 v13=0.0003 grl=0.2684 v15=0.0000 v15r=0.0000 v16=0.0000 v17=0.0000 v18=0.0000 acc=1.0000 lr=7.87e-08 lambda=0.000 grl_lambda=1.000 v18_lambda=0.000 gpu=3.0/11.8GB
[23:46:35] [train] ep=100 step=010/40 ce=0.2629 sc=0.7427 mi=0.0656 dn=0.0000 v13=0.0004 grl=0.3114 v15=0.0000 v15r=0.0000 v16=0.0000 v17=0.0000 v18=0.0000 acc=1.0000 lr=4.72e-08 lambda=0.000 grl_lambda=1.000 v18_lambda=0.000 gpu=3.0/11.8GB
[23:46:41] [train] ep=100 step=020/40 ce=0.2691 sc=0.7582 mi=0.0649 dn=0.0000 v13=0.0004 grl=0.3155 v15=0.0000 v15r=0.0000 v16=0.0000 v17=0.0000 v18=0.0000 acc=1.0000 lr=2.17e-08 lambda=0.000 grl_lambda=1.000 v18_lambda=0.000 gpu=3.0/11.8GB
[23:46:47] [train] ep=100 step=030/40 ce=0.2862 sc=0.7929 mi=0.0639 dn=0.0000 v13=0.0003 grl=0.2949 v15=0.0000 v15r=0.0000 v16=0.0000 v17=0.0000 v18=0.0000 acc=0.9979 lr=5.95e-09 lambda=0.000 grl_lambda=1.000 v18_lambda=0.000 gpu=3.0/11.8GB
[23:46:52] [train] ep=100 step=040/40 ce=0.2790 sc=0.7853 mi=0.0640 dn=0.0000 v13=0.0003 grl=0.2836 v15=0.0000 v15r=0.0000 v16=0.0000 v17=0.0000 v18=0.0000 acc=0.9984 lr=4.92e-11 lambda=0.000 grl_lambda=1.000 v18_lambda=0.000 gpu=3.0/11.8GB
[23:47:03] [pool] check ep=100/100 source_val_acc_ema=0.9691 threshold=0.90
[23:47:08] [pool] ep=100 ADDED src_val=0.9691/0.9697 dev77=0.5857/0.5432 final77=0.6295/0.5741
[23:47:08] [pool] running best ep=100 dev77_f1=0.5432 final77_f1=0.5741 (pool_size=7)
[23:47:08] [ep_summary] ep=100/100 val_live=0.9691/0.9697 val_ema=0.9691/0.9697 test77_live=0.6295/0.5785 test77_diag_ema=0.6295/0.5741 v13=0.0003 grl=0.2836 v15=0.0000 v15r=0.0000 v16=0.0000 v17=0.0000 v18=0.0000 das=fixed_full[15,140] p=1.00 ep_time=39.1s
[23:47:08] [strict77_monitor] ep=100 best_source_epoch=77 source_val_ema=0.9691/0.9692 test77_ema_diag=0.6403/0.5767 sourcequalified_count=61 best_sourcequalified77_epoch=82 source_val_ema=0.9691/0.9692 test77_ema=0.6475/0.5894
[23:47:08] [pool] FINAL pool_size=7 best ep=100 dev77_f1=0.5432 final77_f1=0.5741 -> /scratch/st-zliu-1/heqingz/CrossCarrier_Fresh_20260922/CrossCarrier_Repro/EXPERIMENTSRESULT/REVISION_5090/SUPP_ABLATION/SCHED_fixedfull_ACR/seed31415/checkpoints/best_pool_ema.pt
[23:47:08] [train] done best_sourceval_acc_ema=0.9691
[23:47:31] [eval] loaded vit_large_patch16_dinov3_lvd1689m_best_sourceval_ema.pt (sourceval)
[23:47:31] [eval] strict source-val selected by ema acc; heldout77_unused=140 final_test77=278 imgs, seed=42 dev_per_class=20
[23:47:36] [eval] 77GHz final-test acc=0.6403 f1=0.5767
[23:47:36] [eval] 77GHz final-test per-class={'Away': 0.0, 'Bend': 0.7435897435897436, 'Kneel': 0.9047619047619048, 'Pick': 0.775, 'SStep': 1.0, 'Sit': 0.1891891891891892, 'Towards': 0.825}
[23:47:38] [eval] val_all acc=0.9691 f1=0.9692
[23:47:39] [freq_scan:val10] f_virt=15GHz acc=0.9744 f1=0.9760
[23:47:40] [freq_scan:val10] f_virt=30GHz acc=0.9744 f1=0.9760
[23:47:41] [freq_scan:val10] f_virt=50GHz acc=0.9744 f1=0.9760
[23:47:42] [freq_scan:val10] f_virt=77GHz acc=0.9744 f1=0.9760
[23:47:44] [freq_scan:val10] f_virt=99GHz acc=0.9615 f1=0.9641
[23:47:45] [freq_scan:val10] f_virt=120GHz acc=0.9615 f1=0.9642
[23:47:46] [freq_scan:val10] f_virt=140GHz acc=0.9615 f1=0.9626
[23:47:48] [freq_scan:val24] f_virt=15GHz acc=0.9643 f1=0.9645
[23:47:49] [freq_scan:val24] f_virt=30GHz acc=0.9762 f1=0.9755
[23:47:50] [freq_scan:val24] f_virt=50GHz acc=0.9762 f1=0.9760
[23:47:51] [freq_scan:val24] f_virt=77GHz acc=0.9762 f1=0.9760
[23:47:53] [freq_scan:val24] f_virt=99GHz acc=0.9881 f1=0.9875
[23:47:54] [freq_scan:val24] f_virt=120GHz acc=0.9643 f1=0.9646
[23:47:55] [freq_scan:val24] f_virt=140GHz acc=0.9881 f1=0.9875
[23:47:55] [eval] saved eval_sourceval.json
[23:48:07] [eval] loaded vit_large_patch16_dinov3_lvd1689m_best_sourcequalified77_ema.pt (sourcequalified)
[23:48:07] [eval] source-qualified diagnostic selected (source-val ema acc >= 0.90, then best 77GHz ema macro-F1); heldout77_unused=140 final_test77=278 imgs, seed=42 dev_per_class=20
[23:48:11] [eval] 77GHz final-test acc=0.6475 f1=0.5894
[23:48:11] [eval] 77GHz final-test per-class={'Away': 0.0, 'Bend': 0.7435897435897436, 'Kneel': 0.9047619047619048, 'Pick': 0.775, 'SStep': 0.975, 'Sit': 0.24324324324324326, 'Towards': 0.85}
[23:48:13] [eval] val_all acc=0.9691 f1=0.9692
[23:48:14] [freq_scan:val10] f_virt=15GHz acc=0.9744 f1=0.9760
[23:48:15] [freq_scan:val10] f_virt=30GHz acc=0.9744 f1=0.9760
[23:48:16] [freq_scan:val10] f_virt=50GHz acc=0.9744 f1=0.9760
[23:48:17] [freq_scan:val10] f_virt=77GHz acc=0.9744 f1=0.9760
[23:48:18] [freq_scan:val10] f_virt=99GHz acc=0.9615 f1=0.9637
[23:48:20] [freq_scan:val10] f_virt=120GHz acc=0.9615 f1=0.9626
[23:48:21] [freq_scan:val10] f_virt=140GHz acc=0.9615 f1=0.9626
[23:48:22] [freq_scan:val24] f_virt=15GHz acc=0.9643 f1=0.9645
[23:48:24] [freq_scan:val24] f_virt=30GHz acc=0.9762 f1=0.9755
[23:48:25] [freq_scan:val24] f_virt=50GHz acc=0.9762 f1=0.9760
[23:48:26] [freq_scan:val24] f_virt=77GHz acc=0.9762 f1=0.9760
[23:48:28] [freq_scan:val24] f_virt=99GHz acc=0.9881 f1=0.9875
[23:48:29] [freq_scan:val24] f_virt=120GHz acc=0.9643 f1=0.9646
[23:48:30] [freq_scan:val24] f_virt=140GHz acc=0.9881 f1=0.9875
[23:48:30] [eval] saved eval_sourcequalified.json
