path,frequency,class,split,subject,provenance_manifest,provenance_row,class_idx_7c,freq_idx,file_sha256
/arc/project/st-zliu-1/heqingz/datasets/domainGenDataset_core_movements/24GHz/Away/walkto13_DS.png,24GHz,Away,train,,/scratch/st-zliu-1/heqingz/CrossCarrier_Core6_FullSuite_20260924/manifests/core6_source/24GHz.csv,2,0,0,1897f9bf6d6baf238d901693955014f9d5200f10fb631cc64743fa87ed5cbb80
/arc/project/st-zliu-1/heqingz/datasets/domainGenDataset_core_movements/24GHz/Away/swalking11_DS.png,24GHz,Away,train,,/scratch/st-zliu-1/heqingz/CrossCarrier_Core6_FullSuite_20260924/manifests/core6_source/24GHz.csv,3,0,0,dc0893e807d43c93259286669f87a86955cd2066f2f87118aaf1b1e616ee3268
/arc/project/st-zliu-1/heqingz/datasets/domainGenDataset_core_movements/24GHz/Away/01060014_1574696370_Spec.png,24GHz,Away,train,,/scratch/st-zliu-1/heqingz/CrossCarrier_Core6_FullSuite_20260924/manifests/core6_source/24GHz.csv,4,0,0,c66582634e1184c49eee223a3a34a6547d34b73c0ed7937762d97343b9f04031
/arc/project/st-zliu-1/heqingz/datasets/domainGenDataset_core_movements/24GHz/Away/01060030_1574456989_Spec.png,24GHz,Away,train,,/scratch/st-zliu-1/heqingz/CrossCarrier_Core6_FullSuite_20260924/manifests/core6_source/24GHz.csv,5,0,0,0648254dbf0bce39110e31aaf33d5ba650a0eb2afa1b3e4f574b5ad5d04c63c5
/arc/project/st-zliu-1/heqingz/datasets/domainGenDataset_core_movements/24GHz/Away/hwalk5_DS.png,24GHz,Away,train,,/scratch/st-zliu-1/heqingz/CrossCarrier_Core6_FullSuite_20260924/manifests/core6_source/24GHz.csv,6,0,0,efe49e1c1f89dc89f3125802ffc38432d0efe3b993906296670b05b9eaa53ed1
/arc/project/st-zliu-1/heqingz/datasets/domainGenDataset_core_movements/24GHz/Away/01060030_1574194249_Spec.png,24GHz,Away,train,,/scratch/st-zliu-1/heqingz/CrossCarrier_Core6_FullSuite_20260924/manifests/core6_source/24GHz.csv,7,0,0,076b2cd37e31dc8cf5c6343bbede3926987237ffd660c567fdc61effb0eb3e1e
/arc/project/st-zliu-1/heqingz/datasets/domainGenDataset_core_movements/24GHz/Away/01060029_1574114809_Spec.png,24GHz,Away,train,,/scratch/st-zliu-1/heqingz/CrossCarrier_Core6_FullSuite_20260924/manifests/core6_source/24GHz.csv,8,0,0,432a9396f598839f1d4df3cc636a2c0329fc6d34f36aae72a4c048a1b0364d51
/arc/project/st-zliu-1/heqingz/datasets/domainGenDataset_core_movements/24GHz/Away/zwalk4_DS.png,24GHz,Away,train,,/scratch/st-zliu-1/heqingz/CrossCarrier_Core6_FullSuite_20260924/manifests/core6_source/24GHz.csv,9,0,0,729c9e38c920f18f0e47db946ed3b58a519ba34836971478f409c650b53c7f61
/arc/project/st-zliu-1/heqingz/datasets/domainGenDataset_core_movements/24GHz/Away/zwalk8_DS.png,24GHz,Away,train,,/scratch/st-zliu-1/heqingz/CrossCarrier_Core6_FullSuite_20260924/manifests/core6_source/24GHz.csv,10,0,0,0aed95e9a28f5291b5df2c199ee98ed0353fd82d03c5e6952e6c4310fc2c87b4
/arc/project/st-zliu-1/heqingz/datasets/domainGenDataset_core_movements/24GHz/Away/01060010_1573837370_Spec.png,24GHz,Away,train,,/scratch/st-zliu-1/heqingz/CrossCarrier_Core6_FullSuite_20260924/manifests/core6_source/24GHz.csv,11,0,0,5b4f3e6617abb04a0bdf4d6dc4ad52b4c08f435cac3b722f6ab12ccb4fa23234
/arc/project/st-zliu-1/heqingz/datasets/domainGenDataset_core_movements/24GHz/Away/01060030_1574457116_Spec.png,24GHz,Away,train,,/scratch/st-zliu-1/heqingz/CrossCarrier_Core6_FullSuite_20260924/manifests/core6_source/24GHz.csv,12,0,0,4ede092752aaa35c86ad4d855cfbd0d7213460f67bef0b42a8fbc607f4fdd871
/arc/project/st-zliu-1/heqingz/datasets/domainGenDataset_core_movements/24GHz/Away/01060030_1574194179_Spec.png,24GHz,Away,train,,/scratch/st-zliu-1/heqingz/CrossCarrier_Core6_FullSuite_20260924/manifests/core6_source/24GHz.csv,13,0,0,3b9fef872e0f78d4ff835c65aa89dcbf875eeef71d99ce7b3812e388a2d4ce90
/arc/project/st-zliu-1/heqingz/datasets/domainGenDataset_core_movements/24GHz/Away/swalking9_DS.png,24GHz,Away,train,,/scratch/st-zliu-1/heqingz/CrossCarrier_Core6_FullSuite_20260924/manifests/core6_source/24GHz.csv,14,0,0,0d230a326edffab6b99e47973776966304dc9062f3adadb8524d6ef163aefe57
/arc/project/st-zliu-1/heqingz/datasets/domainGenDataset_core_movements/24GHz/Away/bwalk3_DS.png,24GHz,Away,train,,/scratch/st-zliu-1/heqingz/CrossCarrier_Core6_FullSuite_20260924/manifests/core6_source/24GHz.csv,15,0,0,5bd00816abc052d9e8f72f66b2f54c53ab177005be4363eea71fd42a50deb3b5
/arc/project/st-zliu-1/heqingz/datasets/domainGenDataset_core_movements/24GHz/Away/mwalk9_DS.png,24GHz,Away,train,,/scratch/st-zliu-1/heqingz/CrossCarrier_Core6_FullSuite_20260924/manifests/core6_source/24GHz.csv,16,0,0,e7849b235f7733c446c48feb808d4f3453371970f519e222b80c10ea06e7d2b3
/arc/project/st-zliu-1/heqingz/datasets/domainGenDataset_core_movements/24GHz/Away/walkto3_DS.png,24GHz,Away,train,,/scratch/st-zliu-1/heqingz/CrossCarrier_Core6_FullSuite_20260924/manifests/core6_source/24GHz.csv,17,0,0,889a0d00a53e7c5bca8107e2aa83e59150d9faf70a0f6ac80a1182bbadb27f37
/arc/project/st-zliu-1/heqingz/datasets/domainGenDataset_core_movements/24GHz/Away/01060029_1574626614_Spec.png,24GHz,Away,train,,/scratch/st-zliu-1/heqingz/CrossCarrier_Core6_FullSuite_20260924/manifests/core6_source/24GHz.csv,18,0,0,96b7a153581d84f0d809a77326ec3ab0541122c3b04bf3b439671d1b7f45134b
/arc/project/st-zliu-1/heqingz/datasets/domainGenDataset_core_movements/24GHz/Away/walk29_DS.png,24GHz,Away,train,,/scratch/st-zliu-1/heqingz/CrossCarrier_Core6_FullSuite_20260924/manifests/core6_source/24GHz.csv,19,0,0,7f4ab5e7a0e70c511bae34b4b48274f9d55e5578a77d237bb307f7c4a3cf7bff
/arc/project/st-zliu-1/heqingz/datasets/domainGenDataset_core_movements/24GHz/Away/01060029_1574114789_Spec.png,24GHz,Away,train,,/scratch/st-zliu-1/heqingz/CrossCarrier_Core6_FullSuite_20260924/manifests/core6_source/24GHz.csv,20,0,0,3ba1033fe2a1baba1952f4a3f4bff4be9e9d32b36bc5215963897ec353cf8e1a
/arc/project/st-zliu-1/heqingz/datasets/domainGenDataset_core_movements/24GHz/Away/swalking15_DS.png,24GHz,Away,train,,/scratch/st-zliu-1/heqingz/CrossCarrier_Core6_FullSuite_20260924/manifests/core6_source/24GHz.csv,21,0,0,341341296ae6ec54910590789207060eba7f0975496026e4ba4ba4338346aec5
/arc/project/st-zliu-1/heqingz/datasets/domainGenDataset_core_movements/24GHz/Away/hwalk3_DS.png,24GHz,Away,train,,/scratch/st-zliu-1/heqingz/CrossCarrier_Core6_FullSuite_20260924/manifests/core6_source/24GHz.csv,22,0,0,23bd02686fa8db487bc929885eebfd81ea1e0ae6ab6d9974546e4e853fe98b0d
/arc/project/st-zliu-1/heqingz/datasets/domainGenDataset_core_movements/24GHz/Away/01060010_1573837135_Spec.png,24GHz,Away,train,,/scratch/st-zliu-1/heqingz/CrossCarrier_Core6_FullSuite_20260924/manifests/core6_source/24GHz.csv,23,0,0,edf4c107ef470f56387ccd27f9e54b4a76ed85b386f7d2d547fb6679cd84791f
/arc/project/st-zliu-1/heqingz/datasets/domainGenDataset_core_movements/24GHz/Away/zwalk12_DS.png,24GHz,Away,train,,/scratch/st-zliu-1/heqingz/CrossCarrier_Core6_FullSuite_20260924/manifests/core6_source/24GHz.csv,24,0,0,052e32ce4c0cf8caf2c5c36a947d94e913419ae1ec417b69be5666cffbb8d553
/arc/project/st-zliu-1/heqingz/datasets/domainGenDataset_core_movements/24GHz/Away/walkto1_DS.png,24GHz,Away,train,,/scratch/st-zliu-1/heqingz/CrossCarrier_Core6_FullSuite_20260924/manifests/core6_source/24GHz.csv,25,0,0,54cd570780785f4c082c1dea0293ba5903f5e7f226fe459439054c9d576d351f
/arc/project/st-zliu-1/heqingz/datasets/domainGenDataset_core_movements/24GHz/Away/01060014_1574696490_Spec.png,24GHz,Away,train,,/scratch/st-zliu-1/heqingz/CrossCarrier_Core6_FullSuite_20260924/manifests/core6_source/24GHz.csv,26,0,0,081899e4afd245bb00223575fa4e06ea6b82bd195f0a2ef2227bf1d5c1d5deae
/arc/project/st-zliu-1/heqingz/datasets/domainGenDataset_core_movements/24GHz/Away/swalk10_DS.png,24GHz,Away,train,,/scratch/st-zliu-1/heqingz/CrossCarrier_Core6_FullSuite_20260924/manifests/core6_source/24GHz.csv,27,0,0,b48bd107198b2ba6237264332961fa50800eb64ed920fe6f0c0559cdfd826e3e
/arc/project/st-zliu-1/heqingz/datasets/domainGenDataset_core_movements/24GHz/Away/01000000_1574696308_Spec.png,24GHz,Away,train,,/scratch/st-zliu-1/heqingz/CrossCarrier_Core6_FullSuite_20260924/manifests/core6_source/24GHz.csv,28,0,0,32855744b4cb730f52c13e38c6a52c291e983027238f4832285087f557f47d23
/arc/project/st-zliu-1/heqingz/datasets/domainGenDataset_core_movements/24GHz/Away/gwalk8_DS.png,24GHz,Away,train,,/scratch/st-zliu-1/heqingz/CrossCarrier_Core6_FullSuite_20260924/manifests/core6_source/24GHz.csv,29,0,0,27c3c07463d50463b45355a74d2d95634d2e623ecc307992b7971d310d429b7e
/arc/project/st-zliu-1/heqingz/datasets/domainGenDataset_core_movements/24GHz/Away/swalking5_DS.png,24GHz,Away,train,,/scratch/st-zliu-1/heqingz/CrossCarrier_Core6_FullSuite_20260924/manifests/core6_source/24GHz.csv,30,0,0,27e61bd07bc4bb64f38db3c565d79accbf495349dcb2d470b449bf50dc8a8704
/arc/project/st-zliu-1/heqingz/datasets/domainGenDataset_core_movements/24GHz/Away/01060029_1574626995_Spec.png,24GHz,Away,train,,/scratch/st-zliu-1/heqingz/CrossCarrier_Core6_FullSuite_20260924/manifests/core6_source/24GHz.csv,31,0,0,6ed3674be12315b5d087e246e94e05065dfa7ea37cecbc447ffdb2fbee660d5f
/arc/project/st-zliu-1/heqingz/datasets/domainGenDataset_core_movements/24GHz/Away/swalking14_DS.png,24GHz,Away,train,,/scratch/st-zliu-1/heqingz/CrossCarrier_Core6_FullSuite_20260924/manifests/core6_source/24GHz.csv,32,0,0,e6bf04601bf794a70734cb2858996d89b4373b2313d4aabb8e57ce399ece3cdb
/arc/project/st-zliu-1/heqingz/datasets/domainGenDataset_core_movements/24GHz/Away/walk22_DS.png,24GHz,Away,train,,/scratch/st-zliu-1/heqingz/CrossCarrier_Core6_FullSuite_20260924/manifests/core6_source/24GHz.csv,33,0,0,c15462d9c6ba469ebb42e2c27b2a0bb66ab4cadf1367ea5aa25c92444481d9cd
/arc/project/st-zliu-1/heqingz/datasets/domainGenDataset_core_movements/24GHz/Away/swalk8_DS.png,24GHz,Away,train,,/scratch/st-zliu-1/heqingz/CrossCarrier_Core6_FullSuite_20260924/manifests/core6_source/24GHz.csv,34,0,0,4f3d03676ccf7eb29c2e73cc15edfa782b3cc5ed5b8745e1e24d7c0b099490a4
/arc/project/st-zliu-1/heqingz/datasets/domainGenDataset_core_movements/24GHz/Away/bwalk4_DS.png,24GHz,Away,train,,/scratch/st-zliu-1/heqingz/CrossCarrier_Core6_FullSuite_20260924/manifests/core6_source/24GHz.csv,35,0,0,b102e626226f64f6b3fe12aa05cfaf9165d7bb75f8009b98b1e66df77e6a6a77
/arc/project/st-zliu-1/heqingz/datasets/domainGenDataset_core_movements/24GHz/Away/swalk7_DS.png,24GHz,Away,train,,/scratch/st-zliu-1/heqingz/CrossCarrier_Core6_FullSuite_20260924/manifests/core6_source/24GHz.csv,36,0,0,974a55fe23cb7fb89ebd8a72eb2bf729a54b77eff6ca00c8f9418059cd7076b4
/arc/project/st-zliu-1/heqingz/datasets/domainGenDataset_core_movements/24GHz/Away/swalk15_DS.png,24GHz,Away,train,,/scratch/st-zliu-1/heqingz/CrossCarrier_Core6_FullSuite_20260924/manifests/core6_source/24GHz.csv,37,0,0,bb018632c93cf29e560041cceae3b22800ca6b384726f3b79ad4f56b3fe8d35a
/arc/project/st-zliu-1/heqingz/datasets/domainGenDataset_core_movements/24GHz/Away/gwalk10_DS.png,24GHz,Away,train,,/scratch/st-zliu-1/heqingz/CrossCarrier_Core6_FullSuite_20260924/manifests/core6_source/24GHz.csv,38,0,0,929935ff70603a6ad0261a374eea1f4c2a3678b2ac02ed285a4b0c23379daa66
/arc/project/st-zliu-1/heqingz/datasets/domainGenDataset_core_movements/24GHz/Away/01060029_1574114849_Spec.png,24GHz,Away,train,,/scratch/st-zliu-1/heqingz/CrossCarrier_Core6_FullSuite_20260924/manifests/core6_source/24GHz.csv,39,0,0,70f7206db6117fbe2431ec1732ef1892c9c4a30c855a1cd33bab05e8a9e200e4
/arc/project/st-zliu-1/heqingz/datasets/domainGenDataset_core_movements/24GHz/Away/01060030_1574457032_Spec.png,24GHz,Away,train,,/scratch/st-zliu-1/heqingz/CrossCarrier_Core6_FullSuite_20260924/manifests/core6_source/24GHz.csv,40,0,0,fb2d6d5ac68ffa9428db7131643de1c1febf3f50b12ba37bda3233b8d8993144
/arc/project/st-zliu-1/heqingz/datasets/domainGenDataset_core_movements/24GHz/Away/zwalk13_DS.png,24GHz,Away,train,,/scratch/st-zliu-1/heqingz/CrossCarrier_Core6_FullSuite_20260924/manifests/core6_source/24GHz.csv,41,0,0,db84962dda1d3af20ea4a7e6bd39e2b5813252e1c2cdeb3de1bd09bdaf7f1675
/arc/project/st-zliu-1/heqingz/datasets/domainGenDataset_core_movements/24GHz/Away/walk25_DS.png,24GHz,Away,train,,/scratch/st-zliu-1/heqingz/CrossCarrier_Core6_FullSuite_20260924/manifests/core6_source/24GHz.csv,42,0,0,6eb13eb98d571d41d2a07d5dee0051807131a294e246e12dc152e4fc2e7cb3cf
/arc/project/st-zliu-1/heqingz/datasets/domainGenDataset_core_movements/24GHz/Away/swalking4_DS.png,24GHz,Away,train,,/scratch/st-zliu-1/heqingz/CrossCarrier_Core6_FullSuite_20260924/manifests/core6_source/24GHz.csv,43,0,0,05f9c149c28b646205900b9e1113376c42f71b6af4817f959f182e46e5935ee4
/arc/project/st-zliu-1/heqingz/datasets/domainGenDataset_core_movements/24GHz/Away/01060029_1574114829_Spec.png,24GHz,Away,train,,/scratch/st-zliu-1/heqingz/CrossCarrier_Core6_FullSuite_20260924/manifests/core6_source/24GHz.csv,44,0,0,ed117ca628101421a4ebcaa97f62aed32acdfea00110804c2376548900cd6e8d
/arc/project/st-zliu-1/heqingz/datasets/domainGenDataset_core_movements/24GHz/Away/bwalk10_DS.png,24GHz,Away,train,,/scratch/st-zliu-1/heqingz/CrossCarrier_Core6_FullSuite_20260924/manifests/core6_source/24GHz.csv,45,0,0,6b03f741bde5de475eed1396b60ec8c1d8e2fda465a68762998e025143117cfa
/arc/project/st-zliu-1/heqingz/datasets/domainGenDataset_core_movements/24GHz/Away/zwalk3_DS.png,24GHz,Away,train,,/scratch/st-zliu-1/heqingz/CrossCarrier_Core6_FullSuite_20260924/manifests/core6_source/24GHz.csv,46,0,0,09cbd6e605ba6f21ec213f7adb47eea16cb4744824023e079c1896f938080d05
/arc/project/st-zliu-1/heqingz/datasets/domainGenDataset_core_movements/24GHz/Away/mwalk10_DS.png,24GHz,Away,train,,/scratch/st-zliu-1/heqingz/CrossCarrier_Core6_FullSuite_20260924/manifests/core6_source/24GHz.csv,47,0,0,7efa18420b1c54e27836fb6b9e2e785f3b31252b6347bf330e2426ac4d6ae271
/arc/project/st-zliu-1/heqingz/datasets/domainGenDataset_core_movements/24GHz/Away/01060029_1574627273_Spec.png,24GHz,Away,train,,/scratch/st-zliu-1/heqingz/CrossCarrier_Core6_FullSuite_20260924/manifests/core6_source/24GHz.csv,48,0,0,03999a60dd4ffe41285a5bb4c8d98c40bd78c0958eac95d8c802f296ea89c05d
/arc/project/st-zliu-1/heqingz/datasets/domainGenDataset_core_movements/24GHz/Away/01060030_1574457011_Spec.png,24GHz,Away,train,,/scratch/st-zliu-1/heqingz/CrossCarrier_Core6_FullSuite_20260924/manifests/core6_source/24GHz.csv,49,0,0,408a4721d773d2e3362ab7231d7bd81d2bc586587bb3b4a3af76b8a3d952f9da
/arc/project/st-zliu-1/heqingz/datasets/domainGenDataset_core_movements/24GHz/Away/zwalk9_DS.png,24GHz,Away,train,,/scratch/st-zliu-1/heqingz/CrossCarrier_Core6_FullSuite_20260924/manifests/core6_source/24GHz.csv,50,0,0,15ab73130f1ab86c46e3d46bc44e1e180522d276e7b645e6b8003d6fbd7d57a9
/arc/project/st-zliu-1/heqingz/datasets/domainGenDataset_core_movements/24GHz/Away/swalk3_DS.png,24GHz,Away,train,,/scratch/st-zliu-1/heqingz/CrossCarrier_Core6_FullSuite_20260924/manifests/core6_source/24GHz.csv,51,0,0,b7bd8b45dfcbfe35a9c5c174797244c9bd1c9c8af85a33e5b616861760498963
/arc/project/st-zliu-1/heqingz/datasets/domainGenDataset_core_movements/24GHz/Away/walk26_DS.png,24GHz,Away,train,,/scratch/st-zliu-1/heqingz/CrossCarrier_Core6_FullSuite_20260924/manifests/core6_source/24GHz.csv,52,0,0,af94bd417e216543432461b2b87892b8964de7bb0f7a8b5664e851d77c16686b
/arc/project/st-zliu-1/heqingz/datasets/domainGenDataset_core_movements/24GHz/Away/mwalk7_DS.png,24GHz,Away,train,,/scratch/st-zliu-1/heqingz/CrossCarrier_Core6_FullSuite_20260924/manifests/core6_source/24GHz.csv,53,0,0,ca5a4da053a9c9f9d29566f0fc17364797d53ccae595529db00b8f6f95a82489
/arc/project/st-zliu-1/heqingz/datasets/domainGenDataset_core_movements/24GHz/Away/hwalk10_DS.png,24GHz,Away,train,,/scratch/st-zliu-1/heqingz/CrossCarrier_Core6_FullSuite_20260924/manifests/core6_source/24GHz.csv,54,0,0,63b69fc913fdf37d72471de5d3782218c06b33797c1e1b9b3f59b88e12b63593
/arc/project/st-zliu-1/heqingz/datasets/domainGenDataset_core_movements/24GHz/Away/01060030_1574456948_Spec.png,24GHz,Away,train,,/scratch/st-zliu-1/heqingz/CrossCarrier_Core6_FullSuite_20260924/manifests/core6_source/24GHz.csv,55,0,0,64c55ea174c31627ef5792e89289229996b0cd642243e1f35154c2c368185a9d
/arc/project/st-zliu-1/heqingz/datasets/domainGenDataset_core_movements/24GHz/Away/walk24_DS.png,24GHz,Away,train,,/scratch/st-zliu-1/heqingz/CrossCarrier_Core6_FullSuite_20260924/manifests/core6_source/24GHz.csv,56,0,0,e08c51c5e287510d5f834a87f699c41b253b0e722f1624845b35f7cc3040a420
/arc/project/st-zliu-1/heqingz/datasets/domainGenDataset_core_movements/24GHz/Away/01060030_1574194298_Spec.png,24GHz,Away,train,,/scratch/st-zliu-1/heqingz/CrossCarrier_Core6_FullSuite_20260924/manifests/core6_source/24GHz.csv,57,0,0,c68727994514bb53f3898fe63386d6d45cf99002246b1b32a119ba8ddbee4592
/arc/project/st-zliu-1/heqingz/datasets/domainGenDataset_core_movements/24GHz/Away/hwalk1_DS.png,24GHz,Away,train,,/scratch/st-zliu-1/heqingz/CrossCarrier_Core6_FullSuite_20260924/manifests/core6_source/24GHz.csv,58,0,0,c3ec434d49e896bce95f6c502d302a4520bf632236621e2b3c7b2b7cc67c704d
/arc/project/st-zliu-1/heqingz/datasets/domainGenDataset_core_movements/24GHz/Away/01060030_1574456969_Spec.png,24GHz,Away,train,,/scratch/st-zliu-1/heqingz/CrossCarrier_Core6_FullSuite_20260924/manifests/core6_source/24GHz.csv,59,0,0,a24bb587da60e6c4e419ec70c58cc3e57fbc046272bfe6ff4aff5617eb96ae9f
/arc/project/st-zliu-1/heqingz/datasets/domainGenDataset_core_movements/24GHz/Away/swalk11_DS.png,24GHz,Away,train,,/scratch/st-zliu-1/heqingz/CrossCarrier_Core6_FullSuite_20260924/manifests/core6_source/24GHz.csv,60,0,0,64e11341a4dbc6b47a585d5549ca495d22eab057a8049f4366fd986101aa55c8
/arc/project/st-zliu-1/heqingz/datasets/domainGenDataset_core_movements/24GHz/Away/hwalk8_DS.png,24GHz,Away,train,,/scratch/st-zliu-1/heqingz/CrossCarrier_Core6_FullSuite_20260924/manifests/core6_source/24GHz.csv,61,0,0,4af8b88405d1a5d79348dbfc569c65a76516b644b21f2c657a0b6f160c4d5d0d
/arc/project/st-zliu-1/heqingz/datasets/domainGenDataset_core_movements/24GHz/Away/01060029_1574626448_Spec.png,24GHz,Away,train,,/scratch/st-zliu-1/heqingz/CrossCarrier_Core6_FullSuite_20260924/manifests/core6_source/24GHz.csv,62,0,0,8ae2e9cb54a2d7e533689a65a9a6aa67f376fd575e1614135db69493b0016331
/arc/project/st-zliu-1/heqingz/datasets/domainGenDataset_core_movements/24GHz/Away/swalking12_DS.png,24GHz,Away,train,,/scratch/st-zliu-1/heqingz/CrossCarrier_Core6_FullSuite_20260924/manifests/core6_source/24GHz.csv,63,0,0,502b48bba687ae4f61f3788a14530939adeef7391f07c617dd5b35c862c3e0c3
/arc/project/st-zliu-1/heqingz/datasets/domainGenDataset_core_movements/24GHz/Away/gwalk9_DS.png,24GHz,Away,train,,/scratch/st-zliu-1/heqingz/CrossCarrier_Core6_FullSuite_20260924/manifests/core6_source/24GHz.csv,64,0,0,0b7715945f19b4cfb666e18a220fcae9adbe53718c042722670d6eda78ed4f2e
/arc/project/st-zliu-1/heqingz/datasets/domainGenDataset_core_movements/24GHz/Away/01060010_1573837157_Spec.png,24GHz,Away,train,,/scratch/st-zliu-1/heqingz/CrossCarrier_Core6_FullSuite_20260924/manifests/core6_source/24GHz.csv,65,0,0,03de915d083747dec1a7307c1b2266d9754e6d1ba3245d4bced9d029da12ea50
/arc/project/st-zliu-1/heqingz/datasets/domainGenDataset_core_movements/24GHz/Away/walkto9_DS.png,24GHz,Away,train,,/scratch/st-zliu-1/heqingz/CrossCarrier_Core6_FullSuite_20260924/manifests/core6_source/24GHz.csv,66,0,0,3df3965eda42cb6937df96b83909ac729da49aba4757f13a26c3806e4e535fe0
/arc/project/st-zliu-1/heqingz/datasets/domainGenDataset_core_movements/24GHz/Away/swalk5_DS.png,24GHz,Away,train,,/scratch/st-zliu-1/heqingz/CrossCarrier_Core6_FullSuite_20260924/manifests/core6_source/24GHz.csv,67,0,0,533eb4d951c1a5c743591279f7c45b3172455c80342405bd26928bf54190ae9a
/arc/project/st-zliu-1/heqingz/datasets/domainGenDataset_core_movements/24GHz/Away/mwalk6_DS.png,24GHz,Away,train,,/scratch/st-zliu-1/heqingz/CrossCarrier_Core6_FullSuite_20260924/manifests/core6_source/24GHz.csv,68,0,0,717490d1409803b9d1ad7be03e88f094c6aa4f66589d148e673d25781ad58553
/arc/project/st-zliu-1/heqingz/datasets/domainGenDataset_core_movements/24GHz/Away/01060030_1574457136_Spec.png,24GHz,Away,train,,/scratch/st-zliu-1/heqingz/CrossCarrier_Core6_FullSuite_20260924/manifests/core6_source/24GHz.csv,69,0,0,be2b8e78aac6bb99ac50c48796e39fe3b6965876053fa2e9a0592fef9a84f604
/arc/project/st-zliu-1/heqingz/datasets/domainGenDataset_core_movements/24GHz/Away/walkto15_DS.png,24GHz,Away,train,,/scratch/st-zliu-1/heqingz/CrossCarrier_Core6_FullSuite_20260924/manifests/core6_source/24GHz.csv,70,0,0,730ee88535e4b27dc350e012975c5b0152599e3bc449f1ea15759e31a05ae91e
/arc/project/st-zliu-1/heqingz/datasets/domainGenDataset_core_movements/24GHz/Away/swalking3_DS.png,24GHz,Away,train,,/scratch/st-zliu-1/heqingz/CrossCarrier_Core6_FullSuite_20260924/manifests/core6_source/24GHz.csv,71,0,0,27ee6e6ef498de5c383ccd9bb45a28e7c70574dd925f000172c896952b445999
/arc/project/st-zliu-1/heqingz/datasets/domainGenDataset_core_movements/24GHz/Away/swalking2_DS.png,24GHz,Away,train,,/scratch/st-zliu-1/heqingz/CrossCarrier_Core6_FullSuite_20260924/manifests/core6_source/24GHz.csv,72,0,0,26dfbd3f5bd312621e8bdad9a5129977658ea2e7b7cf2a20ee93eda31b9e7741
/arc/project/st-zliu-1/heqingz/datasets/domainGenDataset_core_movements/24GHz/Away/zwalk10_DS.png,24GHz,Away,train,,/scratch/st-zliu-1/heqingz/CrossCarrier_Core6_FullSuite_20260924/manifests/core6_source/24GHz.csv,73,0,0,638a4cb9834beab8162cfdabca3d0ced7abe75c9f8c7b2c453429e09366c6e69
/arc/project/st-zliu-1/heqingz/datasets/domainGenDataset_core_movements/24GHz/Away/swalk14_DS.png,24GHz,Away,train,,/scratch/st-zliu-1/heqingz/CrossCarrier_Core6_FullSuite_20260924/manifests/core6_source/24GHz.csv,74,0,0,c1b9a059daed5e12618f6cac97a599f8faf98047cb567175e9967259e412ffc4
/arc/project/st-zliu-1/heqingz/datasets/domainGenDataset_core_movements/24GHz/Away/01060030_1574194275_Spec.png,24GHz,Away,train,,/scratch/st-zliu-1/heqingz/CrossCarrier_Core6_FullSuite_20260924/manifests/core6_source/24GHz.csv,75,0,0,f20efe2e503f6435e70c1d38bf0ac4dc81e36e5a5461884b35ffb3758e723ad2
/arc/project/st-zliu-1/heqingz/datasets/domainGenDataset_core_movements/24GHz/Away/01060029_1574626687_Spec.png,24GHz,Away,train,,/scratch/st-zliu-1/heqingz/CrossCarrier_Core6_FullSuite_20260924/manifests/core6_source/24GHz.csv,76,0,0,d1f9ca1118a99dfffb06f9cd63791909202841bd1aa4b9f2b3e7512acb8596b3
/arc/project/st-zliu-1/heqingz/datasets/domainGenDataset_core_movements/24GHz/Away/walk27_DS.png,24GHz,Away,train,,/scratch/st-zliu-1/heqingz/CrossCarrier_Core6_FullSuite_20260924/manifests/core6_source/24GHz.csv,77,0,0,30a466a3a1a3bff9f6e95764c07828c8d8c6d40e43fd4c0ec4976c293d6290a4
/arc/project/st-zliu-1/heqingz/datasets/domainGenDataset_core_movements/24GHz/Away/walkto11_DS.png,24GHz,Away,train,,/scratch/st-zliu-1/heqingz/CrossCarrier_Core6_FullSuite_20260924/manifests/core6_source/24GHz.csv,78,0,0,869525c664eac561ec6f582c942141b1d24c5e8ffca1091075ed002bf55effaa
/arc/project/st-zliu-1/heqingz/datasets/domainGenDataset_core_movements/24GHz/Away/bwalk6_DS.png,24GHz,Away,train,,/scratch/st-zliu-1/heqingz/CrossCarrier_Core6_FullSuite_20260924/manifests/core6_source/24GHz.csv,79,0,0,154e79982408298ee67cb067ebbbdb7777f682f9f214c1a059c2dcf80d35faa1
/arc/project/st-zliu-1/heqingz/datasets/domainGenDataset_core_movements/24GHz/Away/bwalk9_DS.png,24GHz,Away,train,,/scratch/st-zliu-1/heqingz/CrossCarrier_Core6_FullSuite_20260924/manifests/core6_source/24GHz.csv,80,0,0,7d1e021af7ec2b35e1ba368f7ea4af5788a84e32257116ac05882558f1cd712c
/arc/project/st-zliu-1/heqingz/datasets/domainGenDataset_core_movements/24GHz/Away/bwalk7_DS.png,24GHz,Away,train,,/scratch/st-zliu-1/heqingz/CrossCarrier_Core6_FullSuite_20260924/manifests/core6_source/24GHz.csv,81,0,0,b12f08a994e6516e75654b1d428f066f87322d80bdd2bf98283843d1c50f9d33
/arc/project/st-zliu-1/heqingz/datasets/domainGenDataset_core_movements/24GHz/Away/zwalk17_DS.png,24GHz,Away,train,,/scratch/st-zliu-1/heqingz/CrossCarrier_Core6_FullSuite_20260924/manifests/core6_source/24GHz.csv,82,0,0,f04e3654b7ac48f389a023b8521e8ccd857d598f7f888f4bbd4bf61b0f90f924
/arc/project/st-zliu-1/heqingz/datasets/domainGenDataset_core_movements/24GHz/Away/hwalk4_DS.png,24GHz,Away,train,,/scratch/st-zliu-1/heqingz/CrossCarrier_Core6_FullSuite_20260924/manifests/core6_source/24GHz.csv,83,0,0,b3dd99046f4178b31edbfb3862bd5decb845852669cc75ed913a81f8e65cc7fc
/arc/project/st-zliu-1/heqingz/datasets/domainGenDataset_core_movements/24GHz/Away/01060030_1574194202_Spec.png,24GHz,Away,train,,/scratch/st-zliu-1/heqingz/CrossCarrier_Core6_FullSuite_20260924/manifests/core6_source/24GHz.csv,84,0,0,2c60466e07166436c5be6cb866edead4bcc31fdafd303c7ff24eec58d92776c6
/arc/project/st-zliu-1/heqingz/datasets/domainGenDataset_core_movements/24GHz/Away/01060029_1574114770_Spec.png,24GHz,Away,train,,/scratch/st-zliu-1/heqingz/CrossCarrier_Core6_FullSuite_20260924/manifests/core6_source/24GHz.csv,85,0,0,7b2d70064cfc1ccebf34faf766492e057631d07e2dbcf2fdbfc3f859b6147b85
/arc/project/st-zliu-1/heqingz/datasets/domainGenDataset_core_movements/24GHz/Away/gwalk4_DS.png,24GHz,Away,train,,/scratch/st-zliu-1/heqingz/CrossCarrier_Core6_FullSuite_20260924/manifests/core6_source/24GHz.csv,86,0,0,0c573718f928da21a42515a8390141d473a42f184e3ec9a6662c0b573cb29ddc
/arc/project/st-zliu-1/heqingz/datasets/domainGenDataset_core_movements/24GHz/Away/01060014_1574696394_Spec.png,24GHz,Away,train,,/scratch/st-zliu-1/heqingz/CrossCarrier_Core6_FullSuite_20260924/manifests/core6_source/24GHz.csv,87,0,0,ca4cbec264143ff65507126f0e4c55b874e485cbd66daabe0602a6631304dc2c
/arc/project/st-zliu-1/heqingz/datasets/domainGenDataset_core_movements/24GHz/Away/gwalk3_DS.png,24GHz,Away,train,,/scratch/st-zliu-1/heqingz/CrossCarrier_Core6_FullSuite_20260924/manifests/core6_source/24GHz.csv,88,0,0,13e604e35995f7be02cbce50741e5a24a8a0b14a45019f312f3f8b0eccaa359c
/arc/project/st-zliu-1/heqingz/datasets/domainGenDataset_core_movements/24GHz/Away/01060030_1574194225_Spec.png,24GHz,Away,train,,/scratch/st-zliu-1/heqingz/CrossCarrier_Core6_FullSuite_20260924/manifests/core6_source/24GHz.csv,89,0,0,2699794e7be619863c7ca6f0d698abacd93ad38196894e6723a183053223524e
/arc/project/st-zliu-1/heqingz/datasets/domainGenDataset_core_movements/24GHz/Away/walk23_DS.png,24GHz,Away,train,,/scratch/st-zliu-1/heqingz/CrossCarrier_Core6_FullSuite_20260924/manifests/core6_source/24GHz.csv,90,0,0,8583049f865b5caac55ccc96d1a22d918d77643e9c09023bbde8ae8331f1c6c8
/arc/project/st-zliu-1/heqingz/datasets/domainGenDataset_core_movements/24GHz/Away/walk20_DS.png,24GHz,Away,train,,/scratch/st-zliu-1/heqingz/CrossCarrier_Core6_FullSuite_20260924/manifests/core6_source/24GHz.csv,91,0,0,1b2034667bab8a85d2c4c534658b145fcbde5e6148b67dc18dd0f793b6793c5d
/arc/project/st-zliu-1/heqingz/datasets/domainGenDataset_core_movements/24GHz/Away/01060029_1574114751_Spec.png,24GHz,Away,train,,/scratch/st-zliu-1/heqingz/CrossCarrier_Core6_FullSuite_20260924/manifests/core6_source/24GHz.csv,92,0,0,19b6167e0e7bd328eba14b576fa1fab59db28481eb38ee25e3567cac9dfd114f
/arc/project/st-zliu-1/heqingz/datasets/domainGenDataset_core_movements/24GHz/Away/mwalk2_DS.png,24GHz,Away,train,,/scratch/st-zliu-1/heqingz/CrossCarrier_Core6_FullSuite_20260924/manifests/core6_source/24GHz.csv,93,0,0,a7b95001432384daa4882ad541e3f8257dd754b7beb33e45d7dacb3ac2adf09f
/arc/project/st-zliu-1/heqingz/datasets/domainGenDataset_core_movements/24GHz/Away/zwalk2_DS.png,24GHz,Away,train,,/scratch/st-zliu-1/heqingz/CrossCarrier_Core6_FullSuite_20260924/manifests/core6_source/24GHz.csv,94,0,0,488887ec3890814ca400e1df1094e8d5afba0e1e4894f095299e9c2b67fbf1ec
/arc/project/st-zliu-1/heqingz/datasets/domainGenDataset_core_movements/24GHz/Away/mwalk4_DS.png,24GHz,Away,train,,/scratch/st-zliu-1/heqingz/CrossCarrier_Core6_FullSuite_20260924/manifests/core6_source/24GHz.csv,95,0,0,7e3a524171a637b5b4bcd05d1cfdd46d83ae7a5aad47ea40670efa590ead9c48
/arc/project/st-zliu-1/heqingz/datasets/domainGenDataset_core_movements/24GHz/Away/swalk9_DS.png,24GHz,Away,train,,/scratch/st-zliu-1/heqingz/CrossCarrier_Core6_FullSuite_20260924/manifests/core6_source/24GHz.csv,96,0,0,ea10417df24c090b82bed9362ce9ad072b31c202dbe4522d0c7874ede9d21451
/arc/project/st-zliu-1/heqingz/datasets/domainGenDataset_core_movements/24GHz/Away/hwalk2_DS.png,24GHz,Away,train,,/scratch/st-zliu-1/heqingz/CrossCarrier_Core6_FullSuite_20260924/manifests/core6_source/24GHz.csv,97,0,0,848bb5b87851f2c54894a4f8e6ad9e3e2e03071586dcbe29e1ac9f10c8f27b2a
/arc/project/st-zliu-1/heqingz/datasets/domainGenDataset_core_movements/24GHz/Away/01060029_1574627087_Spec.png,24GHz,Away,train,,/scratch/st-zliu-1/heqingz/CrossCarrier_Core6_FullSuite_20260924/manifests/core6_source/24GHz.csv,98,0,0,03382c33fc8e3a6e73ed226d0867c7cab08f33093521a3dde1b17005aae1c120
/arc/project/st-zliu-1/heqingz/datasets/domainGenDataset_core_movements/24GHz/Away/walkto10_DS.png,24GHz,Away,train,,/scratch/st-zliu-1/heqingz/CrossCarrier_Core6_FullSuite_20260924/manifests/core6_source/24GHz.csv,99,0,0,07228ec15d6e42f30d94b7b122cbf836ada1422112cbd7f4604f28866ae78744
/arc/project/st-zliu-1/heqingz/datasets/domainGenDataset_core_movements/24GHz/Away/walkto5_DS.png,24GHz,Away,train,,/scratch/st-zliu-1/heqingz/CrossCarrier_Core6_FullSuite_20260924/manifests/core6_source/24GHz.csv,100,0,0,95806b533a5088fbc6fa5ffbf708adb9d56f0c699cb8ffb8924bc6a4b7f38bc5
/arc/project/st-zliu-1/heqingz/datasets/domainGenDataset_core_movements/24GHz/Away/01060014_1574696433_Spec.png,24GHz,Away,train,,/scratch/st-zliu-1/heqingz/CrossCarrier_Core6_FullSuite_20260924/manifests/core6_source/24GHz.csv,101,0,0,93cbc4ae576cea8805910e494bb009915a6b4d3c1483e2ee87ccdced4809ef7e
/arc/project/st-zliu-1/heqingz/datasets/domainGenDataset_core_movements/24GHz/Away/walk30_DS.png,24GHz,Away,train,,/scratch/st-zliu-1/heqingz/CrossCarrier_Core6_FullSuite_20260924/manifests/core6_source/24GHz.csv,102,0,0,65cf00749ec5ecf58c98bef341d914f5970ec0725bbf154275c41bcbdd530abf
/arc/project/st-zliu-1/heqingz/datasets/domainGenDataset_core_movements/24GHz/Away/walk18_DS.png,24GHz,Away,train,,/scratch/st-zliu-1/heqingz/CrossCarrier_Core6_FullSuite_20260924/manifests/core6_source/24GHz.csv,103,0,0,b56a437cb0add4f3af8e84f25a7abe6f6ce699bbdaa6659b1a0ebe8e994958b7
/arc/project/st-zliu-1/heqingz/datasets/domainGenDataset_core_movements/24GHz/Away/mwalk3_DS.png,24GHz,Away,train,,/scratch/st-zliu-1/heqingz/CrossCarrier_Core6_FullSuite_20260924/manifests/core6_source/24GHz.csv,104,0,0,d54217282a0adb8495f880e1090ece0011414a800882f22abca22d0f6f1f3662
/arc/project/st-zliu-1/heqingz/datasets/domainGenDataset_core_movements/24GHz/Away/swalking1_DS.png,24GHz,Away,train,,/scratch/st-zliu-1/heqingz/CrossCarrier_Core6_FullSuite_20260924/manifests/core6_source/24GHz.csv,105,0,0,85ead85ff22bf0afe0b290ebeb09bb314781392870371548d02d5d1e88cd546f
/arc/project/st-zliu-1/heqingz/datasets/domainGenDataset_core_movements/24GHz/Away/01060030_1574457052_Spec.png,24GHz,Away,train,,/scratch/st-zliu-1/heqingz/CrossCarrier_Core6_FullSuite_20260924/manifests/core6_source/24GHz.csv,106,0,0,2bd14c238c25ae999289a08da4b6e79ab8126b9725e416739a144646c60941c8
/arc/project/st-zliu-1/heqingz/datasets/domainGenDataset_core_movements/24GHz/Away/01060029_1574115098_Spec.png,24GHz,Away,train,,/scratch/st-zliu-1/heqingz/CrossCarrier_Core6_FullSuite_20260924/manifests/core6_source/24GHz.csv,107,0,0,801a93f0a8af8154c61295f556e8300aedbfdff492832b6f37f586beed1dda92
/arc/project/st-zliu-1/heqingz/datasets/domainGenDataset_core_movements/24GHz/Away/walk19_DS.png,24GHz,Away,train,,/scratch/st-zliu-1/heqingz/CrossCarrier_Core6_FullSuite_20260924/manifests/core6_source/24GHz.csv,108,0,0,2c367b13b2e6da90b1c307fccce92784c1c5172eb5df515b97f6828984a524c6
/arc/project/st-zliu-1/heqingz/datasets/domainGenDataset_core_movements/24GHz/Away/swalking6_DS.png,24GHz,Away,train,,/scratch/st-zliu-1/heqingz/CrossCarrier_Core6_FullSuite_20260924/manifests/core6_source/24GHz.csv,109,0,0,10eac50fa8c0cd58cd88aa2714244ef64355b3ee7253afdd3d5b3d82424a4c3b
/arc/project/st-zliu-1/heqingz/datasets/domainGenDataset_core_movements/24GHz/Away/walkto4_DS.png,24GHz,Away,train,,/scratch/st-zliu-1/heqingz/CrossCarrier_Core6_FullSuite_20260924/manifests/core6_source/24GHz.csv,110,0,0,dfa1fed51fcecb6d2041cd0a9d8fa34ddab079efafa64193bb1d66a165fb4c4f
/arc/project/st-zliu-1/heqingz/datasets/domainGenDataset_core_movements/24GHz/Away/bwalk1_DS.png,24GHz,Away,train,,/scratch/st-zliu-1/heqingz/CrossCarrier_Core6_FullSuite_20260924/manifests/core6_source/24GHz.csv,111,0,0,5643f390bbe6aa315f827c61f23e5fa1cdb00144e65648041d1f7b3eb0454d74
/arc/project/st-zliu-1/heqingz/datasets/domainGenDataset_core_movements/24GHz/Away/01060030_1574194391_Spec.png,24GHz,Away,train,,/scratch/st-zliu-1/heqingz/CrossCarrier_Core6_FullSuite_20260924/manifests/core6_source/24GHz.csv,112,0,0,c09ef6d148773893401ee6638075451dfc67850a740e7c8c4c0c932a371de101
/arc/project/st-zliu-1/heqingz/datasets/domainGenDataset_core_movements/24GHz/Away/01060014_1574696413_Spec.png,24GHz,Away,train,,/scratch/st-zliu-1/heqingz/CrossCarrier_Core6_FullSuite_20260924/manifests/core6_source/24GHz.csv,113,0,0,1418f563e720fe86d038a675ec704bbf154e0ddb1b7ace5707b991689fd02dde
/arc/project/st-zliu-1/heqingz/datasets/domainGenDataset_core_movements/24GHz/Away/01060029_1574627068_Spec.png,24GHz,Away,train,,/scratch/st-zliu-1/heqingz/CrossCarrier_Core6_FullSuite_20260924/manifests/core6_source/24GHz.csv,114,0,0,11f8a044c8c11f92817549671f75c91b5227b5ab24c37c1d85f8f9ebb51ab36d
/arc/project/st-zliu-1/heqingz/datasets/domainGenDataset_core_movements/24GHz/Away/01060030_1574194369_Spec.png,24GHz,Away,train,,/scratch/st-zliu-1/heqingz/CrossCarrier_Core6_FullSuite_20260924/manifests/core6_source/24GHz.csv,115,0,0,476ca5e57a3ec727dda262712ad32b675dec190aa23e3c6bb6d9c353c8024c2c
/arc/project/st-zliu-1/heqingz/datasets/domainGenDataset_core_movements/24GHz/Away/bwalk13_DS.png,24GHz,Away,train,,/scratch/st-zliu-1/heqingz/CrossCarrier_Core6_FullSuite_20260924/manifests/core6_source/24GHz.csv,116,0,0,459db66c1d14b3fc38cb08edbbc8d6e1c4c1accd759c069ddeb3ca642bf8081e
/arc/project/st-zliu-1/heqingz/datasets/domainGenDataset_core_movements/24GHz/Away/walkto7_DS.png,24GHz,Away,train,,/scratch/st-zliu-1/heqingz/CrossCarrier_Core6_FullSuite_20260924/manifests/core6_source/24GHz.csv,117,0,0,53370f6589bb374988b2ece2025a12d1dae0da1a7d5d170f0b852e0a09f8700d
/arc/project/st-zliu-1/heqingz/datasets/domainGenDataset_core_movements/24GHz/Away/01060014_1574696452_Spec.png,24GHz,Away,train,,/scratch/st-zliu-1/heqingz/CrossCarrier_Core6_FullSuite_20260924/manifests/core6_source/24GHz.csv,118,0,0,23fa688ed72df60431b2faf0573657ac6008811dd6fe7852c2fad3fc42ca298d
/arc/project/st-zliu-1/heqingz/datasets/domainGenDataset_core_movements/24GHz/Away/bwalk15_DS.png,24GHz,Away,train,,/scratch/st-zliu-1/heqingz/CrossCarrier_Core6_FullSuite_20260924/manifests/core6_source/24GHz.csv,119,0,0,e7951dee69540fb83516286f0eb7c12d3d384c15d4c21344b74ae84d2aa6d617
/arc/project/st-zliu-1/heqingz/datasets/domainGenDataset_core_movements/24GHz/Away/swalk12_DS.png,24GHz,Away,train,,/scratch/st-zliu-1/heqingz/CrossCarrier_Core6_FullSuite_20260924/manifests/core6_source/24GHz.csv,120,0,0,96deaf6886af494103b9139c18bfb00c83daaff1090928e3f79d044effc1e0ba
/arc/project/st-zliu-1/heqingz/datasets/domainGenDataset_core_movements/24GHz/Away/01060010_1573837114_Spec.png,24GHz,Away,train,,/scratch/st-zliu-1/heqingz/CrossCarrier_Core6_FullSuite_20260924/manifests/core6_source/24GHz.csv,121,0,0,61684a355e77b9ec6475027444a8e5d48f77872c74e875cc62fd43e28c46e528
/arc/project/st-zliu-1/heqingz/datasets/domainGenDataset_core_movements/24GHz/Away/01060029_1574627128_Spec.png,24GHz,Away,train,,/scratch/st-zliu-1/heqingz/CrossCarrier_Core6_FullSuite_20260924/manifests/core6_source/24GHz.csv,122,0,0,94733a22d98b9de4ba55802c2164788f0006a479106d81098c8cff47430d10ca
/arc/project/st-zliu-1/heqingz/datasets/domainGenDataset_core_movements/24GHz/Away/walk17_DS.png,24GHz,Away,train,,/scratch/st-zliu-1/heqingz/CrossCarrier_Core6_FullSuite_20260924/manifests/core6_source/24GHz.csv,123,0,0,47371151e35a44ef65c661f3d5950c463f68a230a62fd1d82021d60b5baca4ec
/arc/project/st-zliu-1/heqingz/datasets/domainGenDataset_core_movements/24GHz/Away/01060030_1574194345_Spec.png,24GHz,Away,train,,/scratch/st-zliu-1/heqingz/CrossCarrier_Core6_FullSuite_20260924/manifests/core6_source/24GHz.csv,124,0,0,ef1a8b845f3596921f273ed98789f79881a50074849059b11f54f1eb36577196
/arc/project/st-zliu-1/heqingz/datasets/domainGenDataset_core_movements/24GHz/Away/walk16_DS.png,24GHz,Away,train,,/scratch/st-zliu-1/heqingz/CrossCarrier_Core6_FullSuite_20260924/manifests/core6_source/24GHz.csv,125,0,0,99dd87bf004de10d6c9d9eb064d40a0f24f2a8c3d0a87e4d0b1a7281660d6825
/arc/project/st-zliu-1/heqingz/datasets/domainGenDataset_core_movements/24GHz/Away/gwalk5_DS.png,24GHz,Away,train,,/scratch/st-zliu-1/heqingz/CrossCarrier_Core6_FullSuite_20260924/manifests/core6_source/24GHz.csv,126,0,0,7bc4e1dbcab8aa1d72d4be12a1597bb74932ca28e672bc1a80f44f75c3442fcc
/arc/project/st-zliu-1/heqingz/datasets/domainGenDataset_core_movements/24GHz/Away/swalking8_DS.png,24GHz,Away,train,,/scratch/st-zliu-1/heqingz/CrossCarrier_Core6_FullSuite_20260924/manifests/core6_source/24GHz.csv,127,0,0,f73cdecd2237bcc414002766143e1cddb378a5b1976199b8c16f022b338b87ef
/arc/project/st-zliu-1/heqingz/datasets/domainGenDataset_core_movements/24GHz/Away/01060030_1574457095_Spec.png,24GHz,Away,train,,/scratch/st-zliu-1/heqingz/CrossCarrier_Core6_FullSuite_20260924/manifests/core6_source/24GHz.csv,128,0,0,7c977ce5d13d8305bce7b1c0048a0dbd63182ef0fb5a58f09f407bbf2e3bef2b
/arc/project/st-zliu-1/heqingz/datasets/domainGenDataset_core_movements/24GHz/Bend/01080029_1574627811_Spec.png,24GHz,Bend,train,,/scratch/st-zliu-1/heqingz/CrossCarrier_Core6_FullSuite_20260924/manifests/core6_source/24GHz.csv,185,1,0,97a78531a730f5ab3020543906e84a49d2101067709bfa3e9dad5a6a25dcce4c
/arc/project/st-zliu-1/heqingz/datasets/domainGenDataset_core_movements/24GHz/Bend/01080029_1574627935_Spec.png,24GHz,Bend,train,,/scratch/st-zliu-1/heqingz/CrossCarrier_Core6_FullSuite_20260924/manifests/core6_source/24GHz.csv,186,1,0,36d55b94bffcf38dcb429afdb48bdd23ec7fb36136697bb1a104a75c34572ba8
/arc/project/st-zliu-1/heqingz/datasets/domainGenDataset_core_movements/24GHz/Bend/01080014_1574696820_Spec.png,24GHz,Bend,train,,/scratch/st-zliu-1/heqingz/CrossCarrier_Core6_FullSuite_20260924/manifests/core6_source/24GHz.csv,187,1,0,0d34e68dfcf89064c7e2803261d2e4716b73c1e840c72639e33b7d614641ef8a
/arc/project/st-zliu-1/heqingz/datasets/domainGenDataset_core_movements/24GHz/Bend/01080010_1573837944_Spec.png,24GHz,Bend,train,,/scratch/st-zliu-1/heqingz/CrossCarrier_Core6_FullSuite_20260924/manifests/core6_source/24GHz.csv,188,1,0,95eb2c759ee3155e57e6c38bebeff0c184ce2ba16892008d0738a21231b2c6ff
/arc/project/st-zliu-1/heqingz/datasets/domainGenDataset_core_movements/24GHz/Bend/01080029_1574115435_Spec.png,24GHz,Bend,train,,/scratch/st-zliu-1/heqingz/CrossCarrier_Core6_FullSuite_20260924/manifests/core6_source/24GHz.csv,189,1,0,7d54dfa77ccb790b95de441bd31c29b4ef729dccf62435e21b6ce402044bc5ee
/arc/project/st-zliu-1/heqingz/datasets/domainGenDataset_core_movements/24GHz/Bend/01080014_1574696876_Spec.png,24GHz,Bend,train,,/scratch/st-zliu-1/heqingz/CrossCarrier_Core6_FullSuite_20260924/manifests/core6_source/24GHz.csv,190,1,0,1af08bc91ffb1167e0f38b5c818fc6c35182a5eef46c008ed565f735cd9312d6
/arc/project/st-zliu-1/heqingz/datasets/domainGenDataset_core_movements/24GHz/Bend/01080029_1574628060_Spec.png,24GHz,Bend,train,,/scratch/st-zliu-1/heqingz/CrossCarrier_Core6_FullSuite_20260924/manifests/core6_source/24GHz.csv,191,1,0,9648331fdc37169e72bc80643eae476d13129b5521986cd5caee4b3913c12226
/arc/project/st-zliu-1/heqingz/datasets/domainGenDataset_core_movements/24GHz/Bend/01080014_1574696894_Spec.png,24GHz,Bend,train,,/scratch/st-zliu-1/heqingz/CrossCarrier_Core6_FullSuite_20260924/manifests/core6_source/24GHz.csv,192,1,0,1c1ef7f21b1bd7ffeedb60f2babe4a8a14161473d7fb6ebafeeb1d0d776a2972
/arc/project/st-zliu-1/heqingz/datasets/domainGenDataset_core_movements/24GHz/Bend/01080029_1574627879_Spec.png,24GHz,Bend,train,,/scratch/st-zliu-1/heqingz/CrossCarrier_Core6_FullSuite_20260924/manifests/core6_source/24GHz.csv,193,1,0,be4af45822324fffbd39d198f7c8c3adec881e50dee13ba4b17731fd30caed13
/arc/project/st-zliu-1/heqingz/datasets/domainGenDataset_core_movements/24GHz/Bend/01080014_1574696856_Spec.png,24GHz,Bend,train,,/scratch/st-zliu-1/heqingz/CrossCarrier_Core6_FullSuite_20260924/manifests/core6_source/24GHz.csv,194,1,0,56227a8529127979b6a3c7fcd5a716cd1e72ba48825a5d4a10a33c5c5f92eaa7
/arc/project/st-zliu-1/heqingz/datasets/domainGenDataset_core_movements/24GHz/Bend/01080030_1574195019_Spec.png,24GHz,Bend,train,,/scratch/st-zliu-1/heqingz/CrossCarrier_Core6_FullSuite_20260924/manifests/core6_source/24GHz.csv,195,1,0,51196c8d27b24aae8b22f9bbb9f698cd295b127fa4e701bf1c1142735861f529
/arc/project/st-zliu-1/heqingz/datasets/domainGenDataset_core_movements/24GHz/Bend/01080010_1573837767_Spec.png,24GHz,Bend,train,,/scratch/st-zliu-1/heqingz/CrossCarrier_Core6_FullSuite_20260924/manifests/core6_source/24GHz.csv,196,1,0,720752ec7ef6be8598e928b23a280ae0b40a4d77f269821e2cb81768c34472f9
/arc/project/st-zliu-1/heqingz/datasets/domainGenDataset_core_movements/24GHz/Bend/01080010_1573837785_Spec.png,24GHz,Bend,train,,/scratch/st-zliu-1/heqingz/CrossCarrier_Core6_FullSuite_20260924/manifests/core6_source/24GHz.csv,197,1,0,0f52b1a0b1c7e4fd2f9e50bf485410261c987697c712db3f8b1c0da64f651c24
/arc/project/st-zliu-1/heqingz/datasets/domainGenDataset_core_movements/24GHz/Bend/01080030_1574458114_Spec.png,24GHz,Bend,train,,/scratch/st-zliu-1/heqingz/CrossCarrier_Core6_FullSuite_20260924/manifests/core6_source/24GHz.csv,198,1,0,75bd1719a6e555c195a42f2732a5e89f7811c656b8843b623550667775bdbd1c
/arc/project/st-zliu-1/heqingz/datasets/domainGenDataset_core_movements/24GHz/Bend/01080014_1574696801_Spec.png,24GHz,Bend,train,,/scratch/st-zliu-1/heqingz/CrossCarrier_Core6_FullSuite_20260924/manifests/core6_source/24GHz.csv,199,1,0,efae91b42295d8c00fb6a4541456a38d87e85792430808c85601ae24b4791b42
/arc/project/st-zliu-1/heqingz/datasets/domainGenDataset_core_movements/24GHz/Bend/01080029_1574627793_Spec.png,24GHz,Bend,train,,/scratch/st-zliu-1/heqingz/CrossCarrier_Core6_FullSuite_20260924/manifests/core6_source/24GHz.csv,200,1,0,0fe7ce1eb5881e299009ec9f77c9b3172ecb45c42e7aa18fad622ae3cfecdea5
/arc/project/st-zliu-1/heqingz/datasets/domainGenDataset_core_movements/24GHz/Bend/01080014_1574696914_Spec.png,24GHz,Bend,train,,/scratch/st-zliu-1/heqingz/CrossCarrier_Core6_FullSuite_20260924/manifests/core6_source/24GHz.csv,201,1,0,ee477d46860b537107d4a06c497a9ed3792e66da80504d88774c438df9066501
/arc/project/st-zliu-1/heqingz/datasets/domainGenDataset_core_movements/24GHz/Bend/01080014_1574696941_Spec.png,24GHz,Bend,train,,/scratch/st-zliu-1/heqingz/CrossCarrier_Core6_FullSuite_20260924/manifests/core6_source/24GHz.csv,202,1,0,105da2cd950ab608cf9e6eab74c522f57ee766b9cae9a000727033b610b834c4
/arc/project/st-zliu-1/heqingz/datasets/domainGenDataset_core_movements/24GHz/Bend/01080029_1574115463_Spec.png,24GHz,Bend,train,,/scratch/st-zliu-1/heqingz/CrossCarrier_Core6_FullSuite_20260924/manifests/core6_source/24GHz.csv,203,1,0,7bfcfd05c00146935459d7ff9c0b774465a60ae90a95ce97323e77ba954218a5
/arc/project/st-zliu-1/heqingz/datasets/domainGenDataset_core_movements/24GHz/Bend/01080030_1574194941_Spec.png,24GHz,Bend,train,,/scratch/st-zliu-1/heqingz/CrossCarrier_Core6_FullSuite_20260924/manifests/core6_source/24GHz.csv,204,1,0,5b08248e038b3b8c7caabb8d42e4483589de317e4606aad23bb18bbc5dedb9da
/arc/project/st-zliu-1/heqingz/datasets/domainGenDataset_core_movements/24GHz/Bend/01080010_1573837748_Spec.png,24GHz,Bend,train,,/scratch/st-zliu-1/heqingz/CrossCarrier_Core6_FullSuite_20260924/manifests/core6_source/24GHz.csv,205,1,0,681b0a30c4f8192c42c805ac005c7c436f0aa7d25d15a9d849fa2611f4193aa3
/arc/project/st-zliu-1/heqingz/datasets/domainGenDataset_core_movements/24GHz/Bend/01080029_1574115619_Spec.png,24GHz,Bend,train,,/scratch/st-zliu-1/heqingz/CrossCarrier_Core6_FullSuite_20260924/manifests/core6_source/24GHz.csv,206,1,0,4cf8ba138538b6a908daa6a337a31cf78065adb3b770366d526002f84ef26fe5
/arc/project/st-zliu-1/heqingz/datasets/domainGenDataset_core_movements/24GHz/Bend/01080029_1574628005_Spec.png,24GHz,Bend,train,,/scratch/st-zliu-1/heqingz/CrossCarrier_Core6_FullSuite_20260924/manifests/core6_source/24GHz.csv,207,1,0,182920c6ca30a4ca9ee43fd2449293d2fe7740fe1944ec6b9e1441d733694dcf
/arc/project/st-zliu-1/heqingz/datasets/domainGenDataset_core_movements/24GHz/Bend/01080010_1573837803_Spec.png,24GHz,Bend,train,,/scratch/st-zliu-1/heqingz/CrossCarrier_Core6_FullSuite_20260924/manifests/core6_source/24GHz.csv,208,1,0,ab27663ae4db4b95dbe5f792469feca8927d6164193b48e4f920dd4c0492fd8e
/arc/project/st-zliu-1/heqingz/datasets/domainGenDataset_core_movements/24GHz/Bend/01080029_1574115561_Spec.png,24GHz,Bend,train,,/scratch/st-zliu-1/heqingz/CrossCarrier_Core6_FullSuite_20260924/manifests/core6_source/24GHz.csv,209,1,0,8e64e63cce3222ae77d2934dcd016ab2a416e9f12813677e4439a8a5e2d9c4b0
/arc/project/st-zliu-1/heqingz/datasets/domainGenDataset_core_movements/24GHz/Bend/01080029_1574627830_Spec.png,24GHz,Bend,train,,/scratch/st-zliu-1/heqingz/CrossCarrier_Core6_FullSuite_20260924/manifests/core6_source/24GHz.csv,210,1,0,b0bcf478bbb40a6007bc97689cfb95592e675dd4ea858a44aba442ef94f7817d
/arc/project/st-zliu-1/heqingz/datasets/domainGenDataset_core_movements/24GHz/Bend/01080029_1574115504_Spec.png,24GHz,Bend,train,,/scratch/st-zliu-1/heqingz/CrossCarrier_Core6_FullSuite_20260924/manifests/core6_source/24GHz.csv,211,1,0,dc03560e06f55f37f47fd1ada9e5d84f564b90e373344f26bed95c7bb75255c7
/arc/project/st-zliu-1/heqingz/datasets/domainGenDataset_core_movements/24GHz/Bend/01080030_1574195000_Spec.png,24GHz,Bend,train,,/scratch/st-zliu-1/heqingz/CrossCarrier_Core6_FullSuite_20260924/manifests/core6_source/24GHz.csv,212,1,0,f723e73d2a7a850fee765c9647144bae37ae318fc607cf009792af93d3495915
/arc/project/st-zliu-1/heqingz/datasets/domainGenDataset_core_movements/24GHz/Bend/01080030_1574195059_Spec.png,24GHz,Bend,train,,/scratch/st-zliu-1/heqingz/CrossCarrier_Core6_FullSuite_20260924/manifests/core6_source/24GHz.csv,213,1,0,8b711c9f6770fd26bb0523d57038d3289474d7e6834724c0d11eea0b92122b64
/arc/project/st-zliu-1/heqingz/datasets/domainGenDataset_core_movements/24GHz/Bend/01080014_1574696766_Spec.png,24GHz,Bend,train,,/scratch/st-zliu-1/heqingz/CrossCarrier_Core6_FullSuite_20260924/manifests/core6_source/24GHz.csv,214,1,0,684030be5542ecf0d3b1db69bf7f8e03fa2335787bd3839926c025ff72711f60
/arc/project/st-zliu-1/heqingz/datasets/domainGenDataset_core_movements/24GHz/Bend/01080030_1574458043_Spec.png,24GHz,Bend,train,,/scratch/st-zliu-1/heqingz/CrossCarrier_Core6_FullSuite_20260924/manifests/core6_source/24GHz.csv,215,1,0,379b7b93badbc71224711d2a51367e4cf316794e0f38219c96534982dbb4104a
/arc/project/st-zliu-1/heqingz/datasets/domainGenDataset_core_movements/24GHz/Bend/01080030_1574458060_Spec.png,24GHz,Bend,train,,/scratch/st-zliu-1/heqingz/CrossCarrier_Core6_FullSuite_20260924/manifests/core6_source/24GHz.csv,216,1,0,2f6568af218bfd3b781b1f42f2be9bd1382a82600027c1e1d3f1b4318aa93b64
/arc/project/st-zliu-1/heqingz/datasets/domainGenDataset_core_movements/24GHz/Bend/01080029_1574115601_Spec.png,24GHz,Bend,train,,/scratch/st-zliu-1/heqingz/CrossCarrier_Core6_FullSuite_20260924/manifests/core6_source/24GHz.csv,217,1,0,cd729511c00dbd598acac2f25667f82b4ab341cfde800efbc86024d2af11f539
/arc/project/st-zliu-1/heqingz/datasets/domainGenDataset_core_movements/24GHz/Bend/01080010_1573837689_Spec.png,24GHz,Bend,train,,/scratch/st-zliu-1/heqingz/CrossCarrier_Core6_FullSuite_20260924/manifests/core6_source/24GHz.csv,218,1,0,1009196020bb1a49b8e6e727f458cab6622f13878575294548142fd6a79f1008
/arc/project/st-zliu-1/heqingz/datasets/domainGenDataset_core_movements/24GHz/Bend/01080030_1574194962_Spec.png,24GHz,Bend,train,,/scratch/st-zliu-1/heqingz/CrossCarrier_Core6_FullSuite_20260924/manifests/core6_source/24GHz.csv,219,1,0,93f67322e1b62cc16d4bb922f01ccd20cbea95bdc4ff713fe18f9bff987ed1ad
/arc/project/st-zliu-1/heqingz/datasets/domainGenDataset_core_movements/24GHz/Bend/01080030_1574458096_Spec.png,24GHz,Bend,train,,/scratch/st-zliu-1/heqingz/CrossCarrier_Core6_FullSuite_20260924/manifests/core6_source/24GHz.csv,220,1,0,117e8db9f18c47cea747ba5c7fa904679c7903eb8df027ccedc7ec2f9d6345ea
/arc/project/st-zliu-1/heqingz/datasets/domainGenDataset_core_movements/24GHz/Bend/01080030_1574194692_Spec.png,24GHz,Bend,train,,/scratch/st-zliu-1/heqingz/CrossCarrier_Core6_FullSuite_20260924/manifests/core6_source/24GHz.csv,221,1,0,5d631b5fec595d0d5f45a26fe489fd19280ce46937096e9f3e287a8b6724a056
/arc/project/st-zliu-1/heqingz/datasets/domainGenDataset_core_movements/24GHz/Bend/01080029_1574115523_Spec.png,24GHz,Bend,train,,/scratch/st-zliu-1/heqingz/CrossCarrier_Core6_FullSuite_20260924/manifests/core6_source/24GHz.csv,222,1,0,dae3c13dccc9a45b0fac39040ad41f25fcc7c72a1f1ab6a5b9997abd2e2de886
/arc/project/st-zliu-1/heqingz/datasets/domainGenDataset_core_movements/24GHz/Bend/01080030_1574458011_Spec.png,24GHz,Bend,train,,/scratch/st-zliu-1/heqingz/CrossCarrier_Core6_FullSuite_20260924/manifests/core6_source/24GHz.csv,223,1,0,c8353fd8a356870c4dace0ce75bc1784ee4ef7e0670d1546f7c5be0b1d1e2b37
/arc/project/st-zliu-1/heqingz/datasets/domainGenDataset_core_movements/24GHz/Bend/01080030_1574458078_Spec.png,24GHz,Bend,train,,/scratch/st-zliu-1/heqingz/CrossCarrier_Core6_FullSuite_20260924/manifests/core6_source/24GHz.csv,224,1,0,8dace1d8127fadf2c43fcb14461753ffbeb18e13ea2a7241dd5c26ef671f2994
/arc/project/st-zliu-1/heqingz/datasets/domainGenDataset_core_movements/24GHz/Bend/01080030_1574457991_Spec.png,24GHz,Bend,train,,/scratch/st-zliu-1/heqingz/CrossCarrier_Core6_FullSuite_20260924/manifests/core6_source/24GHz.csv,225,1,0,f2e9f1da8d33fde72614332799a864afc35bbbc014c349c10df12d95e282c50f
/arc/project/st-zliu-1/heqingz/datasets/domainGenDataset_core_movements/24GHz/Bend/01080030_1574458157_Spec.png,24GHz,Bend,train,,/scratch/st-zliu-1/heqingz/CrossCarrier_Core6_FullSuite_20260924/manifests/core6_source/24GHz.csv,226,1,0,f37dc0209983fdf3481446366470231e9d03845f10408cb81b0bf43750fffad1
/arc/project/st-zliu-1/heqingz/datasets/domainGenDataset_core_movements/24GHz/Kneel/01100030_1574458974_Spec.png,24GHz,Kneel,train,,/scratch/st-zliu-1/heqingz/CrossCarrier_Core6_FullSuite_20260924/manifests/core6_source/24GHz.csv,247,2,0,ceba0458e155e671133a59fe45dcca96cbb58dcef74ad0db280b65bfac049afd
/arc/project/st-zliu-1/heqingz/datasets/domainGenDataset_core_movements/24GHz/Kneel/01100030_1574195597_Spec.png,24GHz,Kneel,train,,/scratch/st-zliu-1/heqingz/CrossCarrier_Core6_FullSuite_20260924/manifests/core6_source/24GHz.csv,248,2,0,e4f3a3fcd7a03b67fd92c971de1c257ac95a3b95090addaa5e1304f1a312d942
/arc/project/st-zliu-1/heqingz/datasets/domainGenDataset_core_movements/24GHz/Kneel/01100030_1574459016_Spec.png,24GHz,Kneel,train,,/scratch/st-zliu-1/heqingz/CrossCarrier_Core6_FullSuite_20260924/manifests/core6_source/24GHz.csv,249,2,0,8a314142e9720bda4fd982aa15acc994adbaa59218218e32b4707b97bce425f4
/arc/project/st-zliu-1/heqingz/datasets/domainGenDataset_core_movements/24GHz/Kneel/01100029_1574628579_Spec.png,24GHz,Kneel,train,,/scratch/st-zliu-1/heqingz/CrossCarrier_Core6_FullSuite_20260924/manifests/core6_source/24GHz.csv,250,2,0,d4f11c8be5ab6f46c76c71426c15bc9b16012390c52bc55fc48bb4c7c719b62b
/arc/project/st-zliu-1/heqingz/datasets/domainGenDataset_core_movements/24GHz/Kneel/01100029_1574116046_Spec.png,24GHz,Kneel,train,,/scratch/st-zliu-1/heqingz/CrossCarrier_Core6_FullSuite_20260924/manifests/core6_source/24GHz.csv,251,2,0,22eaa90ad096260efa56c247fdb6fd8fd0cdbb660d8985a1815533dcccb08a5b
/arc/project/st-zliu-1/heqingz/datasets/domainGenDataset_core_movements/24GHz/Kneel/01100010_1573838508_Spec.png,24GHz,Kneel,train,,/scratch/st-zliu-1/heqingz/CrossCarrier_Core6_FullSuite_20260924/manifests/core6_source/24GHz.csv,252,2,0,a719edde14b883e7511081cf25d2b345d5785b37dfa60060f94eab4d5e044e47
/arc/project/st-zliu-1/heqingz/datasets/domainGenDataset_core_movements/24GHz/Kneel/01100029_1574628503_Spec.png,24GHz,Kneel,train,,/scratch/st-zliu-1/heqingz/CrossCarrier_Core6_FullSuite_20260924/manifests/core6_source/24GHz.csv,253,2,0,7a6b542f8acd4c3a74862330e13b785cb1a859d76e01917ebdeb458fab6e7516
/arc/project/st-zliu-1/heqingz/datasets/domainGenDataset_core_movements/24GHz/Kneel/01100030_1574458902_Spec.png,24GHz,Kneel,train,,/scratch/st-zliu-1/heqingz/CrossCarrier_Core6_FullSuite_20260924/manifests/core6_source/24GHz.csv,254,2,0,81fcb976b28a74c60904ee23c93a2683d91b51868cd67f53d9791456f51a086e
/arc/project/st-zliu-1/heqingz/datasets/domainGenDataset_core_movements/24GHz/Kneel/01100014_1574698089_Spec.png,24GHz,Kneel,train,,/scratch/st-zliu-1/heqingz/CrossCarrier_Core6_FullSuite_20260924/manifests/core6_source/24GHz.csv,255,2,0,b408de40339c5b2e6a110d80318bc3b4ee58357eb73e42aa6d3d78aaeed44946
/arc/project/st-zliu-1/heqingz/datasets/domainGenDataset_core_movements/24GHz/Kneel/01100014_1574698185_Spec.png,24GHz,Kneel,train,,/scratch/st-zliu-1/heqingz/CrossCarrier_Core6_FullSuite_20260924/manifests/core6_source/24GHz.csv,256,2,0,8ba033f3fe71b68966adb889448f29ebeb341c8eab22516b74ac4b1f05620d32
/arc/project/st-zliu-1/heqingz/datasets/domainGenDataset_core_movements/24GHz/Kneel/01100029_1574628616_Spec.png,24GHz,Kneel,train,,/scratch/st-zliu-1/heqingz/CrossCarrier_Core6_FullSuite_20260924/manifests/core6_source/24GHz.csv,257,2,0,3cdd55df0956206d07fc5b3b8b209dd8fb0b1f008865884c13991d3110c36e65
/arc/project/st-zliu-1/heqingz/datasets/domainGenDataset_core_movements/24GHz/Kneel/01100029_1574115915_Spec.png,24GHz,Kneel,train,,/scratch/st-zliu-1/heqingz/CrossCarrier_Core6_FullSuite_20260924/manifests/core6_source/24GHz.csv,258,2,0,b6220943cc52cbe9794d7cef00ce970b3605855544692cd1b59f54dafb50ff02
/arc/project/st-zliu-1/heqingz/datasets/domainGenDataset_core_movements/24GHz/Kneel/01100029_1574116103_Spec.png,24GHz,Kneel,train,,/scratch/st-zliu-1/heqingz/CrossCarrier_Core6_FullSuite_20260924/manifests/core6_source/24GHz.csv,259,2,0,a69a1ab67b5af7383ea7d6249057e5089943022da4e9a1064e281a1cce7daab9
/arc/project/st-zliu-1/heqingz/datasets/domainGenDataset_core_movements/24GHz/Kneel/01100010_1573838489_Spec.png,24GHz,Kneel,train,,/scratch/st-zliu-1/heqingz/CrossCarrier_Core6_FullSuite_20260924/manifests/core6_source/24GHz.csv,260,2,0,43c48ffe0b759351b02631507e218d07136ad583f5ae6244ac848f60ef14782a
/arc/project/st-zliu-1/heqingz/datasets/domainGenDataset_core_movements/24GHz/Kneel/01100030_1574458850_Spec.png,24GHz,Kneel,train,,/scratch/st-zliu-1/heqingz/CrossCarrier_Core6_FullSuite_20260924/manifests/core6_source/24GHz.csv,261,2,0,f0a24959f9b3db48d7c1b5dc62409de6445893f615d640f8b17d53ec288f54a2
/arc/project/st-zliu-1/heqingz/datasets/domainGenDataset_core_movements/24GHz/Kneel/01100014_1574698031_Spec.png,24GHz,Kneel,train,,/scratch/st-zliu-1/heqingz/CrossCarrier_Core6_FullSuite_20260924/manifests/core6_source/24GHz.csv,262,2,0,f07ff2d692886a0231764f8a44b37b7ab0f3bf2a28d09c35662eb3c3d684af7b
/arc/project/st-zliu-1/heqingz/datasets/domainGenDataset_core_movements/24GHz/Kneel/01100030_1574195482_Spec.png,24GHz,Kneel,train,,/scratch/st-zliu-1/heqingz/CrossCarrier_Core6_FullSuite_20260924/manifests/core6_source/24GHz.csv,263,2,0,d55bdecdbaa7b686fc3b6ca6ad003c83d15fe851a13e7f08cf930b109a0d6e79
/arc/project/st-zliu-1/heqingz/datasets/domainGenDataset_core_movements/24GHz/Kneel/01100014_1574698222_Spec.png,24GHz,Kneel,train,,/scratch/st-zliu-1/heqingz/CrossCarrier_Core6_FullSuite_20260924/manifests/core6_source/24GHz.csv,264,2,0,13d7c57f913ac42ffedc60978c0dd00321e464f7d91996b52987a2cbd0842652
/arc/project/st-zliu-1/heqingz/datasets/domainGenDataset_core_movements/24GHz/Kneel/01100010_1573838526_Spec.png,24GHz,Kneel,train,,/scratch/st-zliu-1/heqingz/CrossCarrier_Core6_FullSuite_20260924/manifests/core6_source/24GHz.csv,265,2,0,2f9ea4e41b9ab8d2066dfb8cab6e564073094b304e7deb2335af91970aa15761
/arc/project/st-zliu-1/heqingz/datasets/domainGenDataset_core_movements/24GHz/Kneel/01100030_1574195557_Spec.png,24GHz,Kneel,train,,/scratch/st-zliu-1/heqingz/CrossCarrier_Core6_FullSuite_20260924/manifests/core6_source/24GHz.csv,266,2,0,14f880fbf51dbe4ef326bcc3bd42fd37a4d01d5e59bcc8b9aea1b97b87bc4235
/arc/project/st-zliu-1/heqingz/datasets/domainGenDataset_core_movements/24GHz/Kneel/01100014_1574698108_Spec.png,24GHz,Kneel,train,,/scratch/st-zliu-1/heqingz/CrossCarrier_Core6_FullSuite_20260924/manifests/core6_source/24GHz.csv,267,2,0,0b4fd8eb331cb6ab4a0a80362b98ad036f2c773060d4479a67dafe20e9c6f528
/arc/project/st-zliu-1/heqingz/datasets/domainGenDataset_core_movements/24GHz/Kneel/01100030_1574195520_Spec.png,24GHz,Kneel,train,,/scratch/st-zliu-1/heqingz/CrossCarrier_Core6_FullSuite_20260924/manifests/core6_source/24GHz.csv,268,2,0,b6dc50b8ed6d360c378b85f8c6dc4e8ecd44bc2d480cc7451db2ad3786b9805a
/arc/project/st-zliu-1/heqingz/datasets/domainGenDataset_core_movements/24GHz/Kneel/01100010_1573838467_Spec.png,24GHz,Kneel,train,,/scratch/st-zliu-1/heqingz/CrossCarrier_Core6_FullSuite_20260924/manifests/core6_source/24GHz.csv,269,2,0,0edcaf3bbd4838610221ee513df67ab0f7261a4c37b08d748970f1c2065a359e
/arc/project/st-zliu-1/heqingz/datasets/domainGenDataset_core_movements/24GHz/Kneel/01100029_1574628598_Spec.png,24GHz,Kneel,train,,/scratch/st-zliu-1/heqingz/CrossCarrier_Core6_FullSuite_20260924/manifests/core6_source/24GHz.csv,270,2,0,1a17c9b39df73906cbc4a750a81a58ebc00e6c58fdf31f1097a1c84e9721ffee
/arc/project/st-zliu-1/heqingz/datasets/domainGenDataset_core_movements/24GHz/Kneel/01100029_1574628652_Spec.png,24GHz,Kneel,train,,/scratch/st-zliu-1/heqingz/CrossCarrier_Core6_FullSuite_20260924/manifests/core6_source/24GHz.csv,271,2,0,b168c13a59e9c232966b711822d512562bb2f68f85226aa88585d5d5e1231843
/arc/project/st-zliu-1/heqingz/datasets/domainGenDataset_core_movements/24GHz/Kneel/01100029_1574628522_Spec.png,24GHz,Kneel,train,,/scratch/st-zliu-1/heqingz/CrossCarrier_Core6_FullSuite_20260924/manifests/core6_source/24GHz.csv,272,2,0,f4591037229f1b12f532da92f5c1540c29468ebe0d1ef98ba6d3d1a730ab4512
/arc/project/st-zliu-1/heqingz/datasets/domainGenDataset_core_movements/24GHz/Kneel/01100029_1574116027_Spec.png,24GHz,Kneel,train,,/scratch/st-zliu-1/heqingz/CrossCarrier_Core6_FullSuite_20260924/manifests/core6_source/24GHz.csv,273,2,0,3a5fcce218e9f94850f3fcebfa067b3f74f51d85573fb62f94137e806d0c6b43
/arc/project/st-zliu-1/heqingz/datasets/domainGenDataset_core_movements/24GHz/Kneel/01100029_1574628634_Spec.png,24GHz,Kneel,train,,/scratch/st-zliu-1/heqingz/CrossCarrier_Core6_FullSuite_20260924/manifests/core6_source/24GHz.csv,274,2,0,f880a4b703d8a4f2c08726a331ed76eaa83c3d47aa59beaa5293e30186cc778b
/arc/project/st-zliu-1/heqingz/datasets/domainGenDataset_core_movements/24GHz/Kneel/01100014_1574698203_Spec.png,24GHz,Kneel,train,,/scratch/st-zliu-1/heqingz/CrossCarrier_Core6_FullSuite_20260924/manifests/core6_source/24GHz.csv,275,2,0,361c09786c69ae3c743f82fa247698aadc5592e21224e4bbedb78e9c941e3834
/arc/project/st-zliu-1/heqingz/datasets/domainGenDataset_core_movements/24GHz/Kneel/01100014_1574698067_Spec.png,24GHz,Kneel,train,,/scratch/st-zliu-1/heqingz/CrossCarrier_Core6_FullSuite_20260924/manifests/core6_source/24GHz.csv,276,2,0,5d6f5c4bf34753794030b7b6d1c43ac08eb5745bef3219acef29f59c064a2858
/arc/project/st-zliu-1/heqingz/datasets/domainGenDataset_core_movements/24GHz/Kneel/01100030_1574195539_Spec.png,24GHz,Kneel,train,,/scratch/st-zliu-1/heqingz/CrossCarrier_Core6_FullSuite_20260924/manifests/core6_source/24GHz.csv,277,2,0,b16a8cf36389e609da55048cd7504655733d4474d4091aaaeb3558a1b6c42811
/arc/project/st-zliu-1/heqingz/datasets/domainGenDataset_core_movements/24GHz/Kneel/01100029_1574116141_Spec.png,24GHz,Kneel,train,,/scratch/st-zliu-1/heqingz/CrossCarrier_Core6_FullSuite_20260924/manifests/core6_source/24GHz.csv,278,2,0,57a2fc9d0bbf499e03251854e041d1f086ddcf3eba97446da60e67b5d9f05023
/arc/project/st-zliu-1/heqingz/datasets/domainGenDataset_core_movements/24GHz/Kneel/01100030_1574458956_Spec.png,24GHz,Kneel,train,,/scratch/st-zliu-1/heqingz/CrossCarrier_Core6_FullSuite_20260924/manifests/core6_source/24GHz.csv,279,2,0,0d293fcaa93d2484d50da79c694ab7316ced144f18feb6b0492933f51f51417a
/arc/project/st-zliu-1/heqingz/datasets/domainGenDataset_core_movements/24GHz/Kneel/01100014_1574698146_Spec.png,24GHz,Kneel,train,,/scratch/st-zliu-1/heqingz/CrossCarrier_Core6_FullSuite_20260924/manifests/core6_source/24GHz.csv,280,2,0,d3af3b164f9e9bdccce7aea02c8119596084448f5b8b9f61a4d3552ec0ee279f
/arc/project/st-zliu-1/heqingz/datasets/domainGenDataset_core_movements/24GHz/Kneel/01100010_1573838430_Spec.png,24GHz,Kneel,train,,/scratch/st-zliu-1/heqingz/CrossCarrier_Core6_FullSuite_20260924/manifests/core6_source/24GHz.csv,281,2,0,0fd489157f80bcc13f4a610a0702e951a2b365596b48c8afe97a57cbf9849123
/arc/project/st-zliu-1/heqingz/datasets/domainGenDataset_core_movements/24GHz/Kneel/01100030_1574195442_Spec.png,24GHz,Kneel,train,,/scratch/st-zliu-1/heqingz/CrossCarrier_Core6_FullSuite_20260924/manifests/core6_source/24GHz.csv,282,2,0,ff74659786d844b9775fabf96ff3bdf44eb0508c95b94a47f08d63d81e4a668c
/arc/project/st-zliu-1/heqingz/datasets/domainGenDataset_core_movements/24GHz/Kneel/01100014_1574698165_Spec.png,24GHz,Kneel,train,,/scratch/st-zliu-1/heqingz/CrossCarrier_Core6_FullSuite_20260924/manifests/core6_source/24GHz.csv,283,2,0,88c6d552175bf6a954d7aa76ae0f389f35c75b6dbfe819c07501ca47ded0ca88
/arc/project/st-zliu-1/heqingz/datasets/domainGenDataset_core_movements/24GHz/Kneel/01100030_1574458991_Spec.png,24GHz,Kneel,train,,/scratch/st-zliu-1/heqingz/CrossCarrier_Core6_FullSuite_20260924/manifests/core6_source/24GHz.csv,284,2,0,efcb91fc9cc79aac46949ab3b5b12b65c2435ab61febbd51e7626c3dbbac5d5e
/arc/project/st-zliu-1/heqingz/datasets/domainGenDataset_core_movements/24GHz/Kneel/01100030_1574195462_Spec.png,24GHz,Kneel,train,,/scratch/st-zliu-1/heqingz/CrossCarrier_Core6_FullSuite_20260924/manifests/core6_source/24GHz.csv,285,2,0,0e4c9d143ef24974720f255751bb029dbc008e3d03c26b2e8892d468502e9953
/arc/project/st-zliu-1/heqingz/datasets/domainGenDataset_core_movements/24GHz/Kneel/01100010_1573838603_Spec.png,24GHz,Kneel,train,,/scratch/st-zliu-1/heqingz/CrossCarrier_Core6_FullSuite_20260924/manifests/core6_source/24GHz.csv,286,2,0,3f31465e54e09d2013537a91deb66ef3725ac8116ffa2016293f517fd7d57629
/arc/project/st-zliu-1/heqingz/datasets/domainGenDataset_core_movements/24GHz/Kneel/01100010_1573838584_Spec.png,24GHz,Kneel,train,,/scratch/st-zliu-1/heqingz/CrossCarrier_Core6_FullSuite_20260924/manifests/core6_source/24GHz.csv,287,2,0,a42b347f144c7c74cb9f03b7a1cfbffcd181b08cddefdee542cd607c8d65f9c4
/arc/project/st-zliu-1/heqingz/datasets/domainGenDataset_core_movements/24GHz/Kneel/01100010_1573838544_Spec.png,24GHz,Kneel,train,,/scratch/st-zliu-1/heqingz/CrossCarrier_Core6_FullSuite_20260924/manifests/core6_source/24GHz.csv,288,2,0,564fe0926cdb6e29a75c551b94062b83859d38f1119558f9ef1500aadb388542
/arc/project/st-zliu-1/heqingz/datasets/domainGenDataset_core_movements/24GHz/Kneel/01100014_1574698127_Spec.png,24GHz,Kneel,train,,/scratch/st-zliu-1/heqingz/CrossCarrier_Core6_FullSuite_20260924/manifests/core6_source/24GHz.csv,289,2,0,c178e4a052ef597c1c5834d4a605a04131b057fdd8c10a6677abbfb279d5ec52
/arc/project/st-zliu-1/heqingz/datasets/domainGenDataset_core_movements/24GHz/Kneel/01100029_1574116064_Spec.png,24GHz,Kneel,train,,/scratch/st-zliu-1/heqingz/CrossCarrier_Core6_FullSuite_20260924/manifests/core6_source/24GHz.csv,290,2,0,706e14698b28dbddec8e4b67fe815e60b3593c796b45c5d7e57259881f860764
/arc/project/st-zliu-1/heqingz/datasets/domainGenDataset_core_movements/24GHz/Pick/01070010_1573837531_Spec.png,24GHz,Pick,train,,/scratch/st-zliu-1/heqingz/CrossCarrier_Core6_FullSuite_20260924/manifests/core6_source/24GHz.csv,311,3,0,68d17f6d1333e262183e17779cc112ccfdfa0479ffa5343bd4a8c261211233ea
/arc/project/st-zliu-1/heqingz/datasets/domainGenDataset_core_movements/24GHz/Pick/01070029_1574115244_Spec.png,24GHz,Pick,train,,/scratch/st-zliu-1/heqingz/CrossCarrier_Core6_FullSuite_20260924/manifests/core6_source/24GHz.csv,312,3,0,30a30da3099e32932185d229040f8ee0fdab80340642d40de957f1aef1e57640
/arc/project/st-zliu-1/heqingz/datasets/domainGenDataset_core_movements/24GHz/Pick/01070029_1574115196_Spec.png,24GHz,Pick,train,,/scratch/st-zliu-1/heqingz/CrossCarrier_Core6_FullSuite_20260924/manifests/core6_source/24GHz.csv,313,3,0,6a657dc9e284c3cd6abf49d6ee9602430092d470f29dd942dfa44f68a9606320
/arc/project/st-zliu-1/heqingz/datasets/domainGenDataset_core_movements/24GHz/Pick/01070010_1573837550_Spec.png,24GHz,Pick,train,,/scratch/st-zliu-1/heqingz/CrossCarrier_Core6_FullSuite_20260924/manifests/core6_source/24GHz.csv,314,3,0,fa1039d2a121b5093b031fa9ee6a68f74f079eb06494d5f91587944ac5d0a696
/arc/project/st-zliu-1/heqingz/datasets/domainGenDataset_core_movements/24GHz/Pick/01070029_1574115138_Spec.png,24GHz,Pick,train,,/scratch/st-zliu-1/heqingz/CrossCarrier_Core6_FullSuite_20260924/manifests/core6_source/24GHz.csv,315,3,0,f1c8c3cc908f5a32175ffd9443879c2dc6ffb017bae24b67bf17b4e8f76a0e50
/arc/project/st-zliu-1/heqingz/datasets/domainGenDataset_core_movements/24GHz/Pick/01070029_1574627704_Spec.png,24GHz,Pick,train,,/scratch/st-zliu-1/heqingz/CrossCarrier_Core6_FullSuite_20260924/manifests/core6_source/24GHz.csv,316,3,0,94bf3e50edd3c24ca6d606d6ca8a73fe797c6b7710dc577971e91a6296f282c3
/arc/project/st-zliu-1/heqingz/datasets/domainGenDataset_core_movements/24GHz/Pick/01070030_1574194468_Spec.png,24GHz,Pick,train,,/scratch/st-zliu-1/heqingz/CrossCarrier_Core6_FullSuite_20260924/manifests/core6_source/24GHz.csv,317,3,0,aef190a3001e4afc6454f513e87a24e2b4a86e966c7302c9bde6798796089b2f
/arc/project/st-zliu-1/heqingz/datasets/domainGenDataset_core_movements/24GHz/Pick/01070030_1574194444_Spec.png,24GHz,Pick,train,,/scratch/st-zliu-1/heqingz/CrossCarrier_Core6_FullSuite_20260924/manifests/core6_source/24GHz.csv,318,3,0,cdbbf2172cfea176005fc7a1268cccc76e3dc27c46e7e581446838c5d0371a44
/arc/project/st-zliu-1/heqingz/datasets/domainGenDataset_core_movements/24GHz/Pick/01070029_1574115399_Spec.png,24GHz,Pick,train,,/scratch/st-zliu-1/heqingz/CrossCarrier_Core6_FullSuite_20260924/manifests/core6_source/24GHz.csv,319,3,0,e4316745c6e80c2f1da66d78c15303c5a54343fc62d07a87a17556eda432dfd1
/arc/project/st-zliu-1/heqingz/datasets/domainGenDataset_core_movements/24GHz/Pick/01070030_1574194488_Spec.png,24GHz,Pick,train,,/scratch/st-zliu-1/heqingz/CrossCarrier_Core6_FullSuite_20260924/manifests/core6_source/24GHz.csv,320,3,0,283379b4ccec337ee43b5d6670583d2e808ec3cf2e8ae7f7772555049d8d5f4f
/arc/project/st-zliu-1/heqingz/datasets/domainGenDataset_core_movements/24GHz/Pick/01070030_1574457253_Spec.png,24GHz,Pick,train,,/scratch/st-zliu-1/heqingz/CrossCarrier_Core6_FullSuite_20260924/manifests/core6_source/24GHz.csv,321,3,0,c264e0369ac365a48954d370a754f6fca8fcc26c85e75ff8e748551d55a9d2ce
/arc/project/st-zliu-1/heqingz/datasets/domainGenDataset_core_movements/24GHz/Pick/01070014_1574696535_Spec.png,24GHz,Pick,train,,/scratch/st-zliu-1/heqingz/CrossCarrier_Core6_FullSuite_20260924/manifests/core6_source/24GHz.csv,322,3,0,089828368c8f17c0d56c966b4b8c1920afed5c40a83ae9b8a232994196e528b0
/arc/project/st-zliu-1/heqingz/datasets/domainGenDataset_core_movements/24GHz/Pick/01070029_1574627388_Spec.png,24GHz,Pick,train,,/scratch/st-zliu-1/heqingz/CrossCarrier_Core6_FullSuite_20260924/manifests/core6_source/24GHz.csv,323,3,0,97ccf87cf1a9f86800b4b57ea60338a59254b46083bc92165321785319c3547b
/arc/project/st-zliu-1/heqingz/datasets/domainGenDataset_core_movements/24GHz/Pick/01070029_1574115178_Spec.png,24GHz,Pick,train,,/scratch/st-zliu-1/heqingz/CrossCarrier_Core6_FullSuite_20260924/manifests/core6_source/24GHz.csv,324,3,0,5f4283249ea205fb915053b36e0b403cbabece0e52770df067203c4704f34d3c
/arc/project/st-zliu-1/heqingz/datasets/domainGenDataset_core_movements/24GHz/Pick/01070029_1574627723_Spec.png,24GHz,Pick,train,,/scratch/st-zliu-1/heqingz/CrossCarrier_Core6_FullSuite_20260924/manifests/core6_source/24GHz.csv,325,3,0,9201e545c545065dd5abc91a8dba64c167297266ad094e7af3c75dde8d00f5d1
/arc/project/st-zliu-1/heqingz/datasets/domainGenDataset_core_movements/24GHz/Pick/01070029_1574115158_Spec.png,24GHz,Pick,train,,/scratch/st-zliu-1/heqingz/CrossCarrier_Core6_FullSuite_20260924/manifests/core6_source/24GHz.csv,326,3,0,5bb9cd1c7cb53c3fb7f536e9ca51177b60c83138eaa7016d447bf58a2e46f9dc
/arc/project/st-zliu-1/heqingz/datasets/domainGenDataset_core_movements/24GHz/Pick/01070030_1574457231_Spec.png,24GHz,Pick,train,,/scratch/st-zliu-1/heqingz/CrossCarrier_Core6_FullSuite_20260924/manifests/core6_source/24GHz.csv,327,3,0,a7d9a396e2f78026eb7fb1cf0d9f05cc0e53498afc0521489a787232f3913efc
/arc/project/st-zliu-1/heqingz/datasets/domainGenDataset_core_movements/24GHz/Pick/01070014_1574696688_Spec.png,24GHz,Pick,train,,/scratch/st-zliu-1/heqingz/CrossCarrier_Core6_FullSuite_20260924/manifests/core6_source/24GHz.csv,328,3,0,d40ac6b79f94682a4705efe1657666b134b29cd1d266496887aac3384f94d34c
/arc/project/st-zliu-1/heqingz/datasets/domainGenDataset_core_movements/24GHz/Pick/01070010_1573837622_Spec.png,24GHz,Pick,train,,/scratch/st-zliu-1/heqingz/CrossCarrier_Core6_FullSuite_20260924/manifests/core6_source/24GHz.csv,329,3,0,42cc9ced86d18bcc7fbb99cf8d66a1ab6497c934f01110675b356669016ce749
/arc/project/st-zliu-1/heqingz/datasets/domainGenDataset_core_movements/24GHz/Pick/01070010_1573837456_Spec.png,24GHz,Pick,train,,/scratch/st-zliu-1/heqingz/CrossCarrier_Core6_FullSuite_20260924/manifests/core6_source/24GHz.csv,330,3,0,311da612bdf21c8f4ea943291a4071a204e7eadccd14fe6a0249650ef3190101
/arc/project/st-zliu-1/heqingz/datasets/domainGenDataset_core_movements/24GHz/Pick/01070014_1574696560_Spec.png,24GHz,Pick,train,,/scratch/st-zliu-1/heqingz/CrossCarrier_Core6_FullSuite_20260924/manifests/core6_source/24GHz.csv,331,3,0,a99a91c0dc002a35d3657d8e017542c49090309cefc72cbed46ac54cfac1d476
/arc/project/st-zliu-1/heqingz/datasets/domainGenDataset_core_movements/24GHz/Pick/01070030_1574457212_Spec.png,24GHz,Pick,train,,/scratch/st-zliu-1/heqingz/CrossCarrier_Core6_FullSuite_20260924/manifests/core6_source/24GHz.csv,332,3,0,31e37f859f82591fa591f9d43fb72fd43d0e774ebfb48ed6db91e11401e716a3
/arc/project/st-zliu-1/heqingz/datasets/domainGenDataset_core_movements/24GHz/Pick/01070030_1574194547_Spec.png,24GHz,Pick,train,,/scratch/st-zliu-1/heqingz/CrossCarrier_Core6_FullSuite_20260924/manifests/core6_source/24GHz.csv,333,3,0,47d1438393cb1d70c964a21646905616c22ce7526b45d2a64b555dec2f6d6085
/arc/project/st-zliu-1/heqingz/datasets/domainGenDataset_core_movements/24GHz/Pick/01070029_1574627347_Spec.png,24GHz,Pick,train,,/scratch/st-zliu-1/heqingz/CrossCarrier_Core6_FullSuite_20260924/manifests/core6_source/24GHz.csv,334,3,0,34da8d3de564432e16483f190178fae24b93ced98b764aea019068482d682a67
/arc/project/st-zliu-1/heqingz/datasets/domainGenDataset_core_movements/24GHz/Pick/01070030_1574457294_Spec.png,24GHz,Pick,train,,/scratch/st-zliu-1/heqingz/CrossCarrier_Core6_FullSuite_20260924/manifests/core6_source/24GHz.csv,335,3,0,b13612f6df3a3d7fde6c2f5aab5c699552b46e81deea2fb4bfab1f83d373a200
/arc/project/st-zliu-1/heqingz/datasets/domainGenDataset_core_movements/24GHz/Pick/01070010_1573837435_Spec.png,24GHz,Pick,train,,/scratch/st-zliu-1/heqingz/CrossCarrier_Core6_FullSuite_20260924/manifests/core6_source/24GHz.csv,336,3,0,0911edafe0397a960d052e8c6a4b5b6fa033490c26683d0f85123d08442b5514
/arc/project/st-zliu-1/heqingz/datasets/domainGenDataset_core_movements/24GHz/Pick/01070014_1574696638_Spec.png,24GHz,Pick,train,,/scratch/st-zliu-1/heqingz/CrossCarrier_Core6_FullSuite_20260924/manifests/core6_source/24GHz.csv,337,3,0,e3026ba7561f8452a3ba5bed0398fb4a1f875538b87209fa6817db0872345339
/arc/project/st-zliu-1/heqingz/datasets/domainGenDataset_core_movements/24GHz/Pick/01070029_1574627633_Spec.png,24GHz,Pick,train,,/scratch/st-zliu-1/heqingz/CrossCarrier_Core6_FullSuite_20260924/manifests/core6_source/24GHz.csv,338,3,0,db9c0e853c290a692efad033809279612050f3a18444e9d4e4eb6425366ee0b9
/arc/project/st-zliu-1/heqingz/datasets/domainGenDataset_core_movements/24GHz/Pick/01070029_1574627762_Spec.png,24GHz,Pick,train,,/scratch/st-zliu-1/heqingz/CrossCarrier_Core6_FullSuite_20260924/manifests/core6_source/24GHz.csv,339,3,0,128beb2562a004f695a65dbeac0d1ba4fde527cb34f4a9d1e08e14ec8db20b9c
/arc/project/st-zliu-1/heqingz/datasets/domainGenDataset_core_movements/24GHz/Pick/01070030_1574457190_Spec.png,24GHz,Pick,train,,/scratch/st-zliu-1/heqingz/CrossCarrier_Core6_FullSuite_20260924/manifests/core6_source/24GHz.csv,340,3,0,ed75a110233eb538e1193b10846d91d659ad0598a4ddeccf0e2b515d16698011
/arc/project/st-zliu-1/heqingz/datasets/domainGenDataset_core_movements/24GHz/Pick/01070029_1574627743_Spec.png,24GHz,Pick,train,,/scratch/st-zliu-1/heqingz/CrossCarrier_Core6_FullSuite_20260924/manifests/core6_source/24GHz.csv,341,3,0,4717bc73c27c25a58444591dc181bd88eb66863b9b8aa28359975f13854f1c37
/arc/project/st-zliu-1/heqingz/datasets/domainGenDataset_core_movements/24GHz/Pick/01070010_1573837478_Spec.png,24GHz,Pick,train,,/scratch/st-zliu-1/heqingz/CrossCarrier_Core6_FullSuite_20260924/manifests/core6_source/24GHz.csv,342,3,0,c6a5c25ea125673a5a891014f6f2c431167df7cfeb33e786d93a3a0715d22a0a
/arc/project/st-zliu-1/heqingz/datasets/domainGenDataset_core_movements/24GHz/Pick/01070029_1574627323_Spec.png,24GHz,Pick,train,,/scratch/st-zliu-1/heqingz/CrossCarrier_Core6_FullSuite_20260924/manifests/core6_source/24GHz.csv,343,3,0,e590cfcefe554fcd108b82ef471a840f72a8739cd27e5c446db651f2235787e0
/arc/project/st-zliu-1/heqingz/datasets/domainGenDataset_core_movements/24GHz/Pick/01070014_1574696667_Spec.png,24GHz,Pick,train,,/scratch/st-zliu-1/heqingz/CrossCarrier_Core6_FullSuite_20260924/manifests/core6_source/24GHz.csv,344,3,0,aec6920e42c335b41257d2cd728a203485b33542870d876eabcac0b88bad0f4b
/arc/project/st-zliu-1/heqingz/datasets/domainGenDataset_core_movements/24GHz/Pick/01070030_1574194424_Spec.png,24GHz,Pick,train,,/scratch/st-zliu-1/heqingz/CrossCarrier_Core6_FullSuite_20260924/manifests/core6_source/24GHz.csv,345,3,0,c012c40fe3d0612ad4fe8fd2b39d8df5a14c4421dfdbf79c46959146eafb6986
/arc/project/st-zliu-1/heqingz/datasets/domainGenDataset_core_movements/24GHz/Pick/01070029_1574627368_Spec.png,24GHz,Pick,train,,/scratch/st-zliu-1/heqingz/CrossCarrier_Core6_FullSuite_20260924/manifests/core6_source/24GHz.csv,346,3,0,84aacf66e3d85306980d0f19036b3ccacbc36acb097af6145c73050fc83ed9c5
/arc/project/st-zliu-1/heqingz/datasets/domainGenDataset_core_movements/24GHz/Pick/01070010_1573837593_Spec.png,24GHz,Pick,train,,/scratch/st-zliu-1/heqingz/CrossCarrier_Core6_FullSuite_20260924/manifests/core6_source/24GHz.csv,347,3,0,5bf58303737d0255fb88281f8a15cbaf64a6e97b03dc526435494221bf31fce3
/arc/project/st-zliu-1/heqingz/datasets/domainGenDataset_core_movements/24GHz/Pick/01070029_1574115220_Spec.png,24GHz,Pick,train,,/scratch/st-zliu-1/heqingz/CrossCarrier_Core6_FullSuite_20260924/manifests/core6_source/24GHz.csv,348,3,0,23d9a8962cb1d9b65e8c07ed6d9f8a7c810746959775ad1b20c81ba740bd9ae1
/arc/project/st-zliu-1/heqingz/datasets/domainGenDataset_core_movements/24GHz/Sit/bsit15_DS.png,24GHz,Sit,train,,/scratch/st-zliu-1/heqingz/CrossCarrier_Core6_FullSuite_20260924/manifests/core6_source/24GHz.csv,367,4,0,0a2c6372c18168317111d24cc7725f928c807746c22a0b56cf4e3c0e3e08f7cc
/arc/project/st-zliu-1/heqingz/datasets/domainGenDataset_core_movements/24GHz/Sit/zsit14_DS.png,24GHz,Sit,train,,/scratch/st-zliu-1/heqingz/CrossCarrier_Core6_FullSuite_20260924/manifests/core6_source/24GHz.csv,368,4,0,ece8a069d56874b3795890ab776efe08b8f1882559ad18f95a4b130a558cecf5
/arc/project/st-zliu-1/heqingz/datasets/domainGenDataset_core_movements/24GHz/Sit/01090029_1574628461_Spec.png,24GHz,Sit,train,,/scratch/st-zliu-1/heqingz/CrossCarrier_Core6_FullSuite_20260924/manifests/core6_source/24GHz.csv,369,4,0,92614b5abe25269dcb892587edfef8067667980be752b5d673165c9c3e3624bf
/arc/project/st-zliu-1/heqingz/datasets/domainGenDataset_core_movements/24GHz/Sit/sit11_DS.png,24GHz,Sit,train,,/scratch/st-zliu-1/heqingz/CrossCarrier_Core6_FullSuite_20260924/manifests/core6_source/24GHz.csv,370,4,0,f8a658d7614b30c97912fd2700ea67af59a13708fd81a17d2e755941b7148cf5
/arc/project/st-zliu-1/heqingz/datasets/domainGenDataset_core_movements/24GHz/Sit/bsit11_DS.png,24GHz,Sit,train,,/scratch/st-zliu-1/heqingz/CrossCarrier_Core6_FullSuite_20260924/manifests/core6_source/24GHz.csv,371,4,0,21b3ef86350abffc9ee1d3456262e17e0914e85c2d8c11099562e62a87941937
/arc/project/st-zliu-1/heqingz/datasets/domainGenDataset_core_movements/24GHz/Sit/sit27_DS.png,24GHz,Sit,train,,/scratch/st-zliu-1/heqingz/CrossCarrier_Core6_FullSuite_20260924/manifests/core6_source/24GHz.csv,372,4,0,6b62da79daa262fe00ce6aea3793a9c60b0b935f27a7cadb63dbefe472e07379
/arc/project/st-zliu-1/heqingz/datasets/domainGenDataset_core_movements/24GHz/Sit/01090029_1574628440_Spec.png,24GHz,Sit,train,,/scratch/st-zliu-1/heqingz/CrossCarrier_Core6_FullSuite_20260924/manifests/core6_source/24GHz.csv,373,4,0,da9bbda1f535da242ce052a2e504321dfa6c784af50c4afd3c90334c17843211
/arc/project/st-zliu-1/heqingz/datasets/domainGenDataset_core_movements/24GHz/Sit/hsit11_DS.png,24GHz,Sit,train,,/scratch/st-zliu-1/heqingz/CrossCarrier_Core6_FullSuite_20260924/manifests/core6_source/24GHz.csv,374,4,0,2b83fc93a98cc78296bfb7adaaeb090e27ba6cb6565b1c530a226f7e56f3d8f0
/arc/project/st-zliu-1/heqingz/datasets/domainGenDataset_core_movements/24GHz/Sit/01090014_1574697993_Spec.png,24GHz,Sit,train,,/scratch/st-zliu-1/heqingz/CrossCarrier_Core6_FullSuite_20260924/manifests/core6_source/24GHz.csv,375,4,0,88949cf585a1ec9837248e44e0e5a7bb7f976cf23fcba552d5a7ffae27391c83
/arc/project/st-zliu-1/heqingz/datasets/domainGenDataset_core_movements/24GHz/Sit/01090029_1574115842_Spec.png,24GHz,Sit,train,,/scratch/st-zliu-1/heqingz/CrossCarrier_Core6_FullSuite_20260924/manifests/core6_source/24GHz.csv,376,4,0,0a018ec54919aa15814f278960420499f6faca6e395f726843382bc00945154c
/arc/project/st-zliu-1/heqingz/datasets/domainGenDataset_core_movements/24GHz/Sit/sit19_DS.png,24GHz,Sit,train,,/scratch/st-zliu-1/heqingz/CrossCarrier_Core6_FullSuite_20260924/manifests/core6_source/24GHz.csv,377,4,0,723acc56d08510f1d4bdf38064dd931a113ed59efecfb29410b100bc8037053e
/arc/project/st-zliu-1/heqingz/datasets/domainGenDataset_core_movements/24GHz/Sit/01090030_1574458803_Spec.png,24GHz,Sit,train,,/scratch/st-zliu-1/heqingz/CrossCarrier_Core6_FullSuite_20260924/manifests/core6_source/24GHz.csv,378,4,0,d2286431ef156a4eef4e3ba0ef7cb6ead9f64b04591f72ed75aebe460fec3301
/arc/project/st-zliu-1/heqingz/datasets/domainGenDataset_core_movements/24GHz/Sit/situp4_DS.png,24GHz,Sit,train,,/scratch/st-zliu-1/heqingz/CrossCarrier_Core6_FullSuite_20260924/manifests/core6_source/24GHz.csv,379,4,0,c794eedee8575f41419a37b1d8b2c474192420ca24312218b111b6b3b1c4ebed
/arc/project/st-zliu-1/heqingz/datasets/domainGenDataset_core_movements/24GHz/Sit/01090029_1574115823_Spec.png,24GHz,Sit,train,,/scratch/st-zliu-1/heqingz/CrossCarrier_Core6_FullSuite_20260924/manifests/core6_source/24GHz.csv,380,4,0,45d6977cf2f8c16c53912302ae936f06ea5acaf30f6f53d5c471583a5a5fbd96
/arc/project/st-zliu-1/heqingz/datasets/domainGenDataset_core_movements/24GHz/Sit/01090029_1574115706_Spec.png,24GHz,Sit,train,,/scratch/st-zliu-1/heqingz/CrossCarrier_Core6_FullSuite_20260924/manifests/core6_source/24GHz.csv,381,4,0,da7b3eda0cc26f80038190b4ecaf7beceec8f54cea3db83c87de2d4edf02486f
/arc/project/st-zliu-1/heqingz/datasets/domainGenDataset_core_movements/24GHz/Sit/sitdown14_DS.png,24GHz,Sit,train,,/scratch/st-zliu-1/heqingz/CrossCarrier_Core6_FullSuite_20260924/manifests/core6_source/24GHz.csv,382,4,0,72b883297774a8b3bac3708a02d9bbb9210ae218191fa7c5c7cc31a2f58ae1df
/arc/project/st-zliu-1/heqingz/datasets/domainGenDataset_core_movements/24GHz/Sit/zsit3_DS.png,24GHz,Sit,train,,/scratch/st-zliu-1/heqingz/CrossCarrier_Core6_FullSuite_20260924/manifests/core6_source/24GHz.csv,383,4,0,8d9c0bb2aa2f2e72096109d3120b40d1db266c875fe0b07e9449ef0295385279
/arc/project/st-zliu-1/heqingz/datasets/domainGenDataset_core_movements/24GHz/Sit/hsit2_DS.png,24GHz,Sit,train,,/scratch/st-zliu-1/heqingz/CrossCarrier_Core6_FullSuite_20260924/manifests/core6_source/24GHz.csv,384,4,0,26b3138241dbf729d0f976e40dbd4955b6058dc0200a9dda588ed4f8dbccc769
/arc/project/st-zliu-1/heqingz/datasets/domainGenDataset_core_movements/24GHz/Sit/zsit4_DS.png,24GHz,Sit,train,,/scratch/st-zliu-1/heqingz/CrossCarrier_Core6_FullSuite_20260924/manifests/core6_source/24GHz.csv,385,4,0,849cea0a141a616a7678b595c74e90c9c1786639f3077b8ea4c6ae512a3507de
/arc/project/st-zliu-1/heqingz/datasets/domainGenDataset_core_movements/24GHz/Sit/hsit9_DS.png,24GHz,Sit,train,,/scratch/st-zliu-1/heqingz/CrossCarrier_Core6_FullSuite_20260924/manifests/core6_source/24GHz.csv,386,4,0,43c29b927c849b350912f9d3b63baa2876c6532266955fd595e6745739f45c11
/arc/project/st-zliu-1/heqingz/datasets/domainGenDataset_core_movements/24GHz/Sit/zsit11_DS.png,24GHz,Sit,train,,/scratch/st-zliu-1/heqingz/CrossCarrier_Core6_FullSuite_20260924/manifests/core6_source/24GHz.csv,387,4,0,b26e23d76c35718d1e50792039bd059090b884b8149413e07dc80dc347829d3d
/arc/project/st-zliu-1/heqingz/datasets/domainGenDataset_core_movements/24GHz/Sit/sit18_DS.png,24GHz,Sit,train,,/scratch/st-zliu-1/heqingz/CrossCarrier_Core6_FullSuite_20260924/manifests/core6_source/24GHz.csv,388,4,0,f031d14917cd49ea9214cc1479efd979caee5e893a78b9cde746b2ea38c27789
/arc/project/st-zliu-1/heqingz/datasets/domainGenDataset_core_movements/24GHz/Sit/bsit7_DS.png,24GHz,Sit,train,,/scratch/st-zliu-1/heqingz/CrossCarrier_Core6_FullSuite_20260924/manifests/core6_source/24GHz.csv,389,4,0,efe7e3d2152cb5caf65b5da0315184b41ee555f1b1d40edf4e8f8328368f5ed8
/arc/project/st-zliu-1/heqingz/datasets/domainGenDataset_core_movements/24GHz/Sit/msit7_DS.png,24GHz,Sit,train,,/scratch/st-zliu-1/heqingz/CrossCarrier_Core6_FullSuite_20260924/manifests/core6_source/24GHz.csv,390,4,0,56bdab0b74c36f6a23b7a768696ecd40a231867401a7051e1fbc928f35a9e470
/arc/project/st-zliu-1/heqingz/datasets/domainGenDataset_core_movements/24GHz/Sit/01090014_1574697936_Spec.png,24GHz,Sit,train,,/scratch/st-zliu-1/heqingz/CrossCarrier_Core6_FullSuite_20260924/manifests/core6_source/24GHz.csv,391,4,0,e1786c88001e2172a68e3e47130ad3f3f7660831f438aef7c98b65ef48f9cc7b
/arc/project/st-zliu-1/heqingz/datasets/domainGenDataset_core_movements/24GHz/Sit/sitdown1_DS.png,24GHz,Sit,train,,/scratch/st-zliu-1/heqingz/CrossCarrier_Core6_FullSuite_20260924/manifests/core6_source/24GHz.csv,392,4,0,8dd1fcf67a0c37dbc35d2daeb0d18a30cc19a076dc345e1b77d53a5a13b8503e
/arc/project/st-zliu-1/heqingz/datasets/domainGenDataset_core_movements/24GHz/Sit/sit14_DS.png,24GHz,Sit,train,,/scratch/st-zliu-1/heqingz/CrossCarrier_Core6_FullSuite_20260924/manifests/core6_source/24GHz.csv,393,4,0,16e0617cd17c0820f07f9b763c6b18e3d6328eefc3c6f14e50879dd0cb948853
/arc/project/st-zliu-1/heqingz/datasets/domainGenDataset_core_movements/24GHz/Sit/01090030_1574458785_Spec.png,24GHz,Sit,train,,/scratch/st-zliu-1/heqingz/CrossCarrier_Core6_FullSuite_20260924/manifests/core6_source/24GHz.csv,394,4,0,37c5488d9d2567065366e9912fce47330cc0189a442866fb881693793f866dc4
/arc/project/st-zliu-1/heqingz/datasets/domainGenDataset_core_movements/24GHz/Sit/bsit13_DS.png,24GHz,Sit,train,,/scratch/st-zliu-1/heqingz/CrossCarrier_Core6_FullSuite_20260924/manifests/core6_source/24GHz.csv,395,4,0,104feffa646f923cae762a9c4045a10638c85cd29839e9eaeaef2c572ab01a73
/arc/project/st-zliu-1/heqingz/datasets/domainGenDataset_core_movements/24GHz/Sit/situp12_DS.png,24GHz,Sit,train,,/scratch/st-zliu-1/heqingz/CrossCarrier_Core6_FullSuite_20260924/manifests/core6_source/24GHz.csv,396,4,0,de9402782aa8d48f9ea39cac66bb4dbac812cee1c5607bd85ae96fe7eb5fda77
/arc/project/st-zliu-1/heqingz/datasets/domainGenDataset_core_movements/24GHz/Sit/bsit3_DS.png,24GHz,Sit,train,,/scratch/st-zliu-1/heqingz/CrossCarrier_Core6_FullSuite_20260924/manifests/core6_source/24GHz.csv,397,4,0,2224d472af8ffad9a1c550bd87dcf228b8985da1291ad538978586488e279023
/arc/project/st-zliu-1/heqingz/datasets/domainGenDataset_core_movements/24GHz/Sit/bsit8_DS.png,24GHz,Sit,train,,/scratch/st-zliu-1/heqingz/CrossCarrier_Core6_FullSuite_20260924/manifests/core6_source/24GHz.csv,398,4,0,1ae019d380222e2613b761b3ce8c79f3deb7ab646f79dda2345f5e645c0e0761
/arc/project/st-zliu-1/heqingz/datasets/domainGenDataset_core_movements/24GHz/Sit/01090030_1574458265_Spec.png,24GHz,Sit,train,,/scratch/st-zliu-1/heqingz/CrossCarrier_Core6_FullSuite_20260924/manifests/core6_source/24GHz.csv,399,4,0,0ac5d38fbb55e61c8d2b6387ac85d66c32dbeff05120053edd2279bd0672624e
/arc/project/st-zliu-1/heqingz/datasets/domainGenDataset_core_movements/24GHz/Sit/zsit10_DS.png,24GHz,Sit,train,,/scratch/st-zliu-1/heqingz/CrossCarrier_Core6_FullSuite_20260924/manifests/core6_source/24GHz.csv,400,4,0,29ea220c7dd9f6854be645974f227af8e912beaa0b31a415602ef0a4147267c8
/arc/project/st-zliu-1/heqingz/datasets/domainGenDataset_core_movements/24GHz/Sit/01090030_1574195274_Spec.png,24GHz,Sit,train,,/scratch/st-zliu-1/heqingz/CrossCarrier_Core6_FullSuite_20260924/manifests/core6_source/24GHz.csv,401,4,0,56899d5199d914d6bd4c41d2cb01129c4b53c64d7dd1fc22972f68113e33e383
/arc/project/st-zliu-1/heqingz/datasets/domainGenDataset_core_movements/24GHz/Sit/01090029_1574115666_Spec.png,24GHz,Sit,train,,/scratch/st-zliu-1/heqingz/CrossCarrier_Core6_FullSuite_20260924/manifests/core6_source/24GHz.csv,402,4,0,a96937f35f9a6b4a42f4568c32dd571c825245d3f6a1102afe68306d3ed003c8
/arc/project/st-zliu-1/heqingz/datasets/domainGenDataset_core_movements/24GHz/Sit/sit6_DS.png,24GHz,Sit,train,,/scratch/st-zliu-1/heqingz/CrossCarrier_Core6_FullSuite_20260924/manifests/core6_source/24GHz.csv,403,4,0,f940bf419d88e9ebab629a9051bfc9896b80d51d95f5c4c9e720c61518c57b31
/arc/project/st-zliu-1/heqingz/datasets/domainGenDataset_core_movements/24GHz/Sit/01090030_1574195391_Spec.png,24GHz,Sit,train,,/scratch/st-zliu-1/heqingz/CrossCarrier_Core6_FullSuite_20260924/manifests/core6_source/24GHz.csv,404,4,0,7f4e1ce96220cc69cf8fad5f969bf7831d25e3a53dee1c7cabd84d6c75251470
/arc/project/st-zliu-1/heqingz/datasets/domainGenDataset_core_movements/24GHz/Sit/sit7_DS.png,24GHz,Sit,train,,/scratch/st-zliu-1/heqingz/CrossCarrier_Core6_FullSuite_20260924/manifests/core6_source/24GHz.csv,405,4,0,7a4c6d9d662f2c31dbc739843d567ca3a4c78ba3e2e62b817a39003110dafacc
/arc/project/st-zliu-1/heqingz/datasets/domainGenDataset_core_movements/24GHz/Sit/sit30_DS.png,24GHz,Sit,train,,/scratch/st-zliu-1/heqingz/CrossCarrier_Core6_FullSuite_20260924/manifests/core6_source/24GHz.csv,406,4,0,1030a111885012f0ec33f3b65ef4e1b1140438f211eec62168e82e6dbf883d3c
/arc/project/st-zliu-1/heqingz/datasets/domainGenDataset_core_movements/24GHz/Sit/01090014_1574697390_Spec.png,24GHz,Sit,train,,/scratch/st-zliu-1/heqingz/CrossCarrier_Core6_FullSuite_20260924/manifests/core6_source/24GHz.csv,407,4,0,e837467282d11f48fed0590eaff64775eb74288e1c76a8c9279609b6fd57e0d8
/arc/project/st-zliu-1/heqingz/datasets/domainGenDataset_core_movements/24GHz/Sit/hsit3_DS.png,24GHz,Sit,train,,/scratch/st-zliu-1/heqingz/CrossCarrier_Core6_FullSuite_20260924/manifests/core6_source/24GHz.csv,408,4,0,5034d7b5b650e79e153f01f2523746c802fa538ba2f4d8b9949eb35292ae7bf5
/arc/project/st-zliu-1/heqingz/datasets/domainGenDataset_core_movements/24GHz/Sit/01090010_1573838127_Spec.png,24GHz,Sit,train,,/scratch/st-zliu-1/heqingz/CrossCarrier_Core6_FullSuite_20260924/manifests/core6_source/24GHz.csv,409,4,0,34cae3f5af01367e7aefffeda3122bb2e6c9673c63aa0fb8f32c3dbaf34bf2a7
/arc/project/st-zliu-1/heqingz/datasets/domainGenDataset_core_movements/24GHz/Sit/01090029_1574628343_Spec.png,24GHz,Sit,train,,/scratch/st-zliu-1/heqingz/CrossCarrier_Core6_FullSuite_20260924/manifests/core6_source/24GHz.csv,410,4,0,76f873e4941e4a0cf21e999edbb1b97d11f95ef5ac9753a8cd88190d5ab8326a
/arc/project/st-zliu-1/heqingz/datasets/domainGenDataset_core_movements/24GHz/Sit/01090014_1574697038_Spec.png,24GHz,Sit,train,,/scratch/st-zliu-1/heqingz/CrossCarrier_Core6_FullSuite_20260924/manifests/core6_source/24GHz.csv,411,4,0,46ff5477674c0512318d4bb64445d494062a90618c45a8ec221830ded8b90ec4
/arc/project/st-zliu-1/heqingz/datasets/domainGenDataset_core_movements/24GHz/Sit/01090030_1574195371_Spec.png,24GHz,Sit,train,,/scratch/st-zliu-1/heqingz/CrossCarrier_Core6_FullSuite_20260924/manifests/core6_source/24GHz.csv,412,4,0,d997b52e5e14afd2ecb6cb0128cf5a203292ce9a25ebe89057a0729b84138801
/arc/project/st-zliu-1/heqingz/datasets/domainGenDataset_core_movements/24GHz/Sit/sit4_DS.png,24GHz,Sit,train,,/scratch/st-zliu-1/heqingz/CrossCarrier_Core6_FullSuite_20260924/manifests/core6_source/24GHz.csv,413,4,0,508996c60f79fba4e7fb19ac7d1382af2ead386a0b5492e6cb0a31972d77a083
/arc/project/st-zliu-1/heqingz/datasets/domainGenDataset_core_movements/24GHz/Sit/01090014_1574697493_Spec.png,24GHz,Sit,train,,/scratch/st-zliu-1/heqingz/CrossCarrier_Core6_FullSuite_20260924/manifests/core6_source/24GHz.csv,414,4,0,9a8c3265649c2d467fb508f7bfc5315e47096906b2d4aad12d9768ac7ca258ff
/arc/project/st-zliu-1/heqingz/datasets/domainGenDataset_core_movements/24GHz/Sit/msit1_DS.png,24GHz,Sit,train,,/scratch/st-zliu-1/heqingz/CrossCarrier_Core6_FullSuite_20260924/manifests/core6_source/24GHz.csv,415,4,0,de0e92e1d1ae44ad4ec6458fcdbd4cc7878f941a43f9e8664ebf1fbacaf82865
/arc/project/st-zliu-1/heqingz/datasets/domainGenDataset_core_movements/24GHz/Sit/01090010_1573838334_Spec.png,24GHz,Sit,train,,/scratch/st-zliu-1/heqingz/CrossCarrier_Core6_FullSuite_20260924/manifests/core6_source/24GHz.csv,416,4,0,69d94d1c6eb9d9472c6ae29dfc280bd9164eaccaaac6a912672b45aae3da4c95
/arc/project/st-zliu-1/heqingz/datasets/domainGenDataset_core_movements/24GHz/Sit/bsit9_DS.png,24GHz,Sit,train,,/scratch/st-zliu-1/heqingz/CrossCarrier_Core6_FullSuite_20260924/manifests/core6_source/24GHz.csv,417,4,0,698a862bb4319fc4a0b073cec7a5f7a556153737207eb60f4fd88f9cfe2cef8c
/arc/project/st-zliu-1/heqingz/datasets/domainGenDataset_core_movements/24GHz/Sit/sitdown11_DS.png,24GHz,Sit,train,,/scratch/st-zliu-1/heqingz/CrossCarrier_Core6_FullSuite_20260924/manifests/core6_source/24GHz.csv,418,4,0,67762418dcfc6094321e53d338ce11b45f48fee2717e6b223e39ac431f5745ba
/arc/project/st-zliu-1/heqingz/datasets/domainGenDataset_core_movements/24GHz/Sit/sit5_DS.png,24GHz,Sit,train,,/scratch/st-zliu-1/heqingz/CrossCarrier_Core6_FullSuite_20260924/manifests/core6_source/24GHz.csv,419,4,0,2339a3082e20dd3ea160d723f10b273a87570845a9894141cf57cae6856e005c
/arc/project/st-zliu-1/heqingz/datasets/domainGenDataset_core_movements/24GHz/Sit/01090029_1574628100_Spec.png,24GHz,Sit,train,,/scratch/st-zliu-1/heqingz/CrossCarrier_Core6_FullSuite_20260924/manifests/core6_source/24GHz.csv,420,4,0,90d72c97ba7e689231d313fb7750b480cab23778c17def2ccb441df468fb3d0d
/arc/project/st-zliu-1/heqingz/datasets/domainGenDataset_core_movements/24GHz/Sit/sit21_DS.png,24GHz,Sit,train,,/scratch/st-zliu-1/heqingz/CrossCarrier_Core6_FullSuite_20260924/manifests/core6_source/24GHz.csv,421,4,0,a115a4d5aec193a30c50e64d614eefd692ec2c44ac320ec8ebf9baf293a4625c
/arc/project/st-zliu-1/heqingz/datasets/domainGenDataset_core_movements/24GHz/Sit/sitdown12_DS.png,24GHz,Sit,train,,/scratch/st-zliu-1/heqingz/CrossCarrier_Core6_FullSuite_20260924/manifests/core6_source/24GHz.csv,422,4,0,63965417e1d24cdb48533f1cdc55935a9cbeea8986a75cdac6b3c1e41399910b
/arc/project/st-zliu-1/heqingz/datasets/domainGenDataset_core_movements/24GHz/Sit/01090010_1573838030_Spec.png,24GHz,Sit,train,,/scratch/st-zliu-1/heqingz/CrossCarrier_Core6_FullSuite_20260924/manifests/core6_source/24GHz.csv,423,4,0,23eb71195dd8e0269b9e21ba77cd658f0c0c3ecf4f49c1d70c5999a0cdb82e27
/arc/project/st-zliu-1/heqingz/datasets/domainGenDataset_core_movements/24GHz/Sit/zsit5_DS.png,24GHz,Sit,train,,/scratch/st-zliu-1/heqingz/CrossCarrier_Core6_FullSuite_20260924/manifests/core6_source/24GHz.csv,424,4,0,899b5fe3f1dd67fbde1eeaa19502a1e5166043cf1f68fd39af4c8c513ebb7e7d
/arc/project/st-zliu-1/heqingz/datasets/domainGenDataset_core_movements/24GHz/Sit/01090014_1574697850_Spec.png,24GHz,Sit,train,,/scratch/st-zliu-1/heqingz/CrossCarrier_Core6_FullSuite_20260924/manifests/core6_source/24GHz.csv,425,4,0,b358cc59063aec6b5b548a6918afbbe02d659120fe319b8399fb9497c7cbe22d
/arc/project/st-zliu-1/heqingz/datasets/domainGenDataset_core_movements/24GHz/Sit/msit9_DS.png,24GHz,Sit,train,,/scratch/st-zliu-1/heqingz/CrossCarrier_Core6_FullSuite_20260924/manifests/core6_source/24GHz.csv,426,4,0,f6a4d7c15540d313301a650d67e8297cdbdf3456d52a919601c4caf624a5c6d3
/arc/project/st-zliu-1/heqingz/datasets/domainGenDataset_core_movements/24GHz/Sit/01090010_1573838182_Spec.png,24GHz,Sit,train,,/scratch/st-zliu-1/heqingz/CrossCarrier_Core6_FullSuite_20260924/manifests/core6_source/24GHz.csv,427,4,0,1bcc11de4d9aff926ddcb0db797e1ec6ad69ece377b7713303899d29228dc8f5
/arc/project/st-zliu-1/heqingz/datasets/domainGenDataset_core_movements/24GHz/Sit/gsit6_DS.png,24GHz,Sit,train,,/scratch/st-zliu-1/heqingz/CrossCarrier_Core6_FullSuite_20260924/manifests/core6_source/24GHz.csv,428,4,0,66dc439b451d0f32de670e470a7aee5709139650686d32530d6ed7be7544e4b9
/arc/project/st-zliu-1/heqingz/datasets/domainGenDataset_core_movements/24GHz/Sit/sit12_DS.png,24GHz,Sit,train,,/scratch/st-zliu-1/heqingz/CrossCarrier_Core6_FullSuite_20260924/manifests/core6_source/24GHz.csv,429,4,0,e8e9447e23a6d0c0adb25b58251f1f42034500e623be535a639fb10823bf2ada
/arc/project/st-zliu-1/heqingz/datasets/domainGenDataset_core_movements/24GHz/Sit/01090030_1574195351_Spec.png,24GHz,Sit,train,,/scratch/st-zliu-1/heqingz/CrossCarrier_Core6_FullSuite_20260924/manifests/core6_source/24GHz.csv,430,4,0,f558338a77bff22eb9149485b102c2a0c18d9618b9797031ada7e00400c3e422
/arc/project/st-zliu-1/heqingz/datasets/domainGenDataset_core_movements/24GHz/Sit/bsit5_DS.png,24GHz,Sit,train,,/scratch/st-zliu-1/heqingz/CrossCarrier_Core6_FullSuite_20260924/manifests/core6_source/24GHz.csv,431,4,0,204166528ac1b6ae54b3e03fba8f5af387f96b68bdb1f2c22d1cdae50649f1e6
/arc/project/st-zliu-1/heqingz/datasets/domainGenDataset_core_movements/24GHz/Sit/msit4_DS.png,24GHz,Sit,train,,/scratch/st-zliu-1/heqingz/CrossCarrier_Core6_FullSuite_20260924/manifests/core6_source/24GHz.csv,432,4,0,a6e9bb1d60fdcaf0616f389aae77d667cada24fa91778fcfb635be0202381742
/arc/project/st-zliu-1/heqingz/datasets/domainGenDataset_core_movements/24GHz/Sit/sit13_DS.png,24GHz,Sit,train,,/scratch/st-zliu-1/heqingz/CrossCarrier_Core6_FullSuite_20260924/manifests/core6_source/24GHz.csv,433,4,0,4a9b27bf077ad8a4a32c7a3af1eb22aafa5c9660039fc80c59e07db6653e2272
/arc/project/st-zliu-1/heqingz/datasets/domainGenDataset_core_movements/24GHz/Sit/hsit14_DS.png,24GHz,Sit,train,,/scratch/st-zliu-1/heqingz/CrossCarrier_Core6_FullSuite_20260924/manifests/core6_source/24GHz.csv,434,4,0,69e6718a0a0ab2d5014007ad7cf6a1ad02e3ef9268d23bb19d0ceb634a36ef10
/arc/project/st-zliu-1/heqingz/datasets/domainGenDataset_core_movements/24GHz/Sit/01090030_1574458301_Spec.png,24GHz,Sit,train,,/scratch/st-zliu-1/heqingz/CrossCarrier_Core6_FullSuite_20260924/manifests/core6_source/24GHz.csv,435,4,0,70613d76ac461bf28e36d743c7e7021fe6d0a6fc959640a07fabce2bb5802239
/arc/project/st-zliu-1/heqingz/datasets/domainGenDataset_core_movements/24GHz/Sit/zsit18_DS.png,24GHz,Sit,train,,/scratch/st-zliu-1/heqingz/CrossCarrier_Core6_FullSuite_20260924/manifests/core6_source/24GHz.csv,436,4,0,5eec289a5b887070744ca37eb1018ed3e747f4e1c59cf6febf442e48f6f6bb94
/arc/project/st-zliu-1/heqingz/datasets/domainGenDataset_core_movements/24GHz/Sit/01090029_1574628180_Spec.png,24GHz,Sit,train,,/scratch/st-zliu-1/heqingz/CrossCarrier_Core6_FullSuite_20260924/manifests/core6_source/24GHz.csv,437,4,0,1b70bd2b1c8fb5503157d7ed394022b73c732b20ada1ffd2ca888f82c6f0c107
/arc/project/st-zliu-1/heqingz/datasets/domainGenDataset_core_movements/24GHz/Sit/sit10_DS.png,24GHz,Sit,train,,/scratch/st-zliu-1/heqingz/CrossCarrier_Core6_FullSuite_20260924/manifests/core6_source/24GHz.csv,438,4,0,38fd06ed440261910f768b4244522f1b26d9a71db9f71d10077cf92ed791bf53
/arc/project/st-zliu-1/heqingz/datasets/domainGenDataset_core_movements/24GHz/Sit/01090029_1574115745_Spec.png,24GHz,Sit,train,,/scratch/st-zliu-1/heqingz/CrossCarrier_Core6_FullSuite_20260924/manifests/core6_source/24GHz.csv,439,4,0,7d0f912983a9fab29b03955e1960aa13a051b6257c1d86a5dc2e266191f70cea
/arc/project/st-zliu-1/heqingz/datasets/domainGenDataset_core_movements/24GHz/Sit/gsit4_DS.png,24GHz,Sit,train,,/scratch/st-zliu-1/heqingz/CrossCarrier_Core6_FullSuite_20260924/manifests/core6_source/24GHz.csv,440,4,0,c42778138c2fe3d46f444862ed84f18ae3f39a1a75cf4a22d59cc8fd4dc0d7eb
/arc/project/st-zliu-1/heqingz/datasets/domainGenDataset_core_movements/24GHz/Sit/hsit10_DS.png,24GHz,Sit,train,,/scratch/st-zliu-1/heqingz/CrossCarrier_Core6_FullSuite_20260924/manifests/core6_source/24GHz.csv,441,4,0,59fa75a0bb20aea658a62ea514fd810aa34bc33c5dd76d4e12d4030e2812bedf
/arc/project/st-zliu-1/heqingz/datasets/domainGenDataset_core_movements/24GHz/Sit/zsit15_DS.png,24GHz,Sit,train,,/scratch/st-zliu-1/heqingz/CrossCarrier_Core6_FullSuite_20260924/manifests/core6_source/24GHz.csv,442,4,0,d4ff1ab9f314c61f3a65ed814eee1f95c438bfdd0cffb23da8670df900d60d1b
/arc/project/st-zliu-1/heqingz/datasets/domainGenDataset_core_movements/24GHz/Sit/zsit9_DS.png,24GHz,Sit,train,,/scratch/st-zliu-1/heqingz/CrossCarrier_Core6_FullSuite_20260924/manifests/core6_source/24GHz.csv,443,4,0,7083723af238d82721ca18385e0481b3d8f4df323ed2a6b5d5598924544562e4
/arc/project/st-zliu-1/heqingz/datasets/domainGenDataset_core_movements/24GHz/Sit/sit26_DS.png,24GHz,Sit,train,,/scratch/st-zliu-1/heqingz/CrossCarrier_Core6_FullSuite_20260924/manifests/core6_source/24GHz.csv,444,4,0,cdd5f8206eeb017fc95429dd904e64c92756cc4452cba74d858593047424bf2f
/arc/project/st-zliu-1/heqingz/datasets/domainGenDataset_core_movements/24GHz/Sit/01090030_1574458226_Spec.png,24GHz,Sit,train,,/scratch/st-zliu-1/heqingz/CrossCarrier_Core6_FullSuite_20260924/manifests/core6_source/24GHz.csv,445,4,0,99e710fe40d3f65b71164e6b20407307eb2d1a4e81edac10614b7f91cd9c2afb
/arc/project/st-zliu-1/heqingz/datasets/domainGenDataset_core_movements/24GHz/Sit/01090010_1573837974_Spec.png,24GHz,Sit,train,,/scratch/st-zliu-1/heqingz/CrossCarrier_Core6_FullSuite_20260924/manifests/core6_source/24GHz.csv,446,4,0,2ca5c68ba082e4d8dc04e4d3d2f26b434f8701cbf2a4b6febf53421dd5ef28d0
/arc/project/st-zliu-1/heqingz/datasets/domainGenDataset_core_movements/24GHz/Sit/bsit12_DS.png,24GHz,Sit,train,,/scratch/st-zliu-1/heqingz/CrossCarrier_Core6_FullSuite_20260924/manifests/core6_source/24GHz.csv,447,4,0,341d884c0a2ad41091e42becce4e5d556fff9511465f8ce199ec29c225e34ad9
/arc/project/st-zliu-1/heqingz/datasets/domainGenDataset_core_movements/24GHz/Sit/01090014_1574696977_Spec.png,24GHz,Sit,train,,/scratch/st-zliu-1/heqingz/CrossCarrier_Core6_FullSuite_20260924/manifests/core6_source/24GHz.csv,448,4,0,e1e7356e7fdeb195be1f4a3d399d905d473cc33233a4407010f9205f2f356fca
/arc/project/st-zliu-1/heqingz/datasets/domainGenDataset_core_movements/24GHz/Sit/bsit10_DS.png,24GHz,Sit,train,,/scratch/st-zliu-1/heqingz/CrossCarrier_Core6_FullSuite_20260924/manifests/core6_source/24GHz.csv,449,4,0,e1c706ac0694d5329c714dab49fe400cf723d0f226a597c305f817b499bad937
/arc/project/st-zliu-1/heqingz/datasets/domainGenDataset_core_movements/24GHz/Sit/hsit12_DS.png,24GHz,Sit,train,,/scratch/st-zliu-1/heqingz/CrossCarrier_Core6_FullSuite_20260924/manifests/core6_source/24GHz.csv,450,4,0,d02f83be781b266bf1d38d5f106a49c837f0a8304beb12a236840ce9ec89d43b
/arc/project/st-zliu-1/heqingz/datasets/domainGenDataset_core_movements/24GHz/Sit/01090014_1574697955_Spec.png,24GHz,Sit,train,,/scratch/st-zliu-1/heqingz/CrossCarrier_Core6_FullSuite_20260924/manifests/core6_source/24GHz.csv,451,4,0,eaa39ee848729eb48073ca484b89b9813738e1477b0973822c05f0b188756c3a
/arc/project/st-zliu-1/heqingz/datasets/domainGenDataset_core_movements/24GHz/Sit/situp11_DS.png,24GHz,Sit,train,,/scratch/st-zliu-1/heqingz/CrossCarrier_Core6_FullSuite_20260924/manifests/core6_source/24GHz.csv,452,4,0,b174e7b458e99da2387112378e31d6145f1b24deb6d215d1218ae9cf08d11434
/arc/project/st-zliu-1/heqingz/datasets/domainGenDataset_core_movements/24GHz/Sit/gsit10_DS.png,24GHz,Sit,train,,/scratch/st-zliu-1/heqingz/CrossCarrier_Core6_FullSuite_20260924/manifests/core6_source/24GHz.csv,453,4,0,40ac35fdf65ba4c7ad9cb5aa9ee9a8c208871643c59819904790872f2b03eb70
/arc/project/st-zliu-1/heqingz/datasets/domainGenDataset_core_movements/24GHz/Sit/situp10_DS.png,24GHz,Sit,train,,/scratch/st-zliu-1/heqingz/CrossCarrier_Core6_FullSuite_20260924/manifests/core6_source/24GHz.csv,454,4,0,1d915efb74d4e4e0e38feab321e45cec915f31be818d87c58678982ce7711211
/arc/project/st-zliu-1/heqingz/datasets/domainGenDataset_core_movements/24GHz/Sit/msit10_DS.png,24GHz,Sit,train,,/scratch/st-zliu-1/heqingz/CrossCarrier_Core6_FullSuite_20260924/manifests/core6_source/24GHz.csv,455,4,0,db1ad78540538377000346b8d82cae0fe757015fcc96698fd6c4a5072dcb9a4f
/arc/project/st-zliu-1/heqingz/datasets/domainGenDataset_core_movements/24GHz/Sit/zsit13_DS.png,24GHz,Sit,train,,/scratch/st-zliu-1/heqingz/CrossCarrier_Core6_FullSuite_20260924/manifests/core6_source/24GHz.csv,456,4,0,f73b2feb21f9f7ba2dc2bfaa5aed7efa6d7e12449b22ef9a3469880362dc4c6d
/arc/project/st-zliu-1/heqingz/datasets/domainGenDataset_core_movements/24GHz/Sit/sit28_DS.png,24GHz,Sit,train,,/scratch/st-zliu-1/heqingz/CrossCarrier_Core6_FullSuite_20260924/manifests/core6_source/24GHz.csv,457,4,0,2818b120990474d0bfbed34633048abf159827f906b93858f3e857da1ec71d11
/arc/project/st-zliu-1/heqingz/datasets/domainGenDataset_core_movements/24GHz/Sit/gsit5_DS.png,24GHz,Sit,train,,/scratch/st-zliu-1/heqingz/CrossCarrier_Core6_FullSuite_20260924/manifests/core6_source/24GHz.csv,458,4,0,ff2fc80fc298d2c72d419024cd3e54eb7111f0f7230d4d2ff0c54d3640b61265
/arc/project/st-zliu-1/heqingz/datasets/domainGenDataset_core_movements/24GHz/Sit/sit3_DS.png,24GHz,Sit,train,,/scratch/st-zliu-1/heqingz/CrossCarrier_Core6_FullSuite_20260924/manifests/core6_source/24GHz.csv,459,4,0,8cb891eeb1a4d2d19f06c6cce884db7d57889c2677d58ea37f0f70c00e5fb1d3
/arc/project/st-zliu-1/heqingz/datasets/domainGenDataset_core_movements/24GHz/Sit/01090029_1574628246_Spec.png,24GHz,Sit,train,,/scratch/st-zliu-1/heqingz/CrossCarrier_Core6_FullSuite_20260924/manifests/core6_source/24GHz.csv,460,4,0,f814152f3d3fa788ca20027913d4be62434b3436d4d88a419ef3d479c6c3655c
/arc/project/st-zliu-1/heqingz/datasets/domainGenDataset_core_movements/24GHz/Sit/sit25_DS.png,24GHz,Sit,train,,/scratch/st-zliu-1/heqingz/CrossCarrier_Core6_FullSuite_20260924/manifests/core6_source/24GHz.csv,461,4,0,da08d7e711d92ca7c93d1caff6b9627a1c1d204b4abb54b8ca042a0e9512110f
/arc/project/st-zliu-1/heqingz/datasets/domainGenDataset_core_movements/24GHz/Sit/hsit8_DS.png,24GHz,Sit,train,,/scratch/st-zliu-1/heqingz/CrossCarrier_Core6_FullSuite_20260924/manifests/core6_source/24GHz.csv,462,4,0,7d363d44d1f51f76a2f16ac0e9aebe02bdbe4050eb3827028d26309f9d9dafbb
/arc/project/st-zliu-1/heqingz/datasets/domainGenDataset_core_movements/24GHz/Sit/01090030_1574195293_Spec.png,24GHz,Sit,train,,/scratch/st-zliu-1/heqingz/CrossCarrier_Core6_FullSuite_20260924/manifests/core6_source/24GHz.csv,463,4,0,0efdb37cec38d8b0b669fc67094c81cef38024a417595963b8eb65432df6f8aa
/arc/project/st-zliu-1/heqingz/datasets/domainGenDataset_core_movements/24GHz/Sit/01090010_1573838201_Spec.png,24GHz,Sit,train,,/scratch/st-zliu-1/heqingz/CrossCarrier_Core6_FullSuite_20260924/manifests/core6_source/24GHz.csv,464,4,0,0b0463d79e3663113b043e456e5d1008c9f73d7f61cfbdf0342c1b8c4116aa99
/arc/project/st-zliu-1/heqingz/datasets/domainGenDataset_core_movements/24GHz/Sit/01090030_1574458188_Spec.png,24GHz,Sit,train,,/scratch/st-zliu-1/heqingz/CrossCarrier_Core6_FullSuite_20260924/manifests/core6_source/24GHz.csv,465,4,0,be6378f2dd9cf3dddb454407c159c6f599e55e5b63f1703402bcd56e92adf885
/arc/project/st-zliu-1/heqingz/datasets/domainGenDataset_core_movements/24GHz/Sit/situp8_DS.png,24GHz,Sit,train,,/scratch/st-zliu-1/heqingz/CrossCarrier_Core6_FullSuite_20260924/manifests/core6_source/24GHz.csv,466,4,0,5314e49c0ba5dda02e24d0f52f0514577fd01677598d777ef692796b69e12461
/arc/project/st-zliu-1/heqingz/datasets/domainGenDataset_core_movements/24GHz/Sit/situp3_DS.png,24GHz,Sit,train,,/scratch/st-zliu-1/heqingz/CrossCarrier_Core6_FullSuite_20260924/manifests/core6_source/24GHz.csv,467,4,0,b30dcc4b42be2d39a7e7163471b9c060f7dc50c0bb1b503831fc77a360f828e1
/arc/project/st-zliu-1/heqingz/datasets/domainGenDataset_core_movements/24GHz/Sit/gsit7_DS.png,24GHz,Sit,train,,/scratch/st-zliu-1/heqingz/CrossCarrier_Core6_FullSuite_20260924/manifests/core6_source/24GHz.csv,468,4,0,075d137307eb80e776cb1b7f43fc44af2a0a67795d7a57c4de825edd1af61b64
/arc/project/st-zliu-1/heqingz/datasets/domainGenDataset_core_movements/24GHz/Sit/hsit1_DS.png,24GHz,Sit,train,,/scratch/st-zliu-1/heqingz/CrossCarrier_Core6_FullSuite_20260924/manifests/core6_source/24GHz.csv,469,4,0,2b07651cffd6f9b3c5d248bcddd457763bcb4f6953e69a2f62985de1d21ce9b2
/arc/project/st-zliu-1/heqingz/datasets/domainGenDataset_core_movements/24GHz/Sit/01090014_1574697897_Spec.png,24GHz,Sit,train,,/scratch/st-zliu-1/heqingz/CrossCarrier_Core6_FullSuite_20260924/manifests/core6_source/24GHz.csv,470,4,0,e5d5e3a5177c9f8ff05f5e2323082fccfc0f5721c7a4ba5850cbb5bed8d4fdd2
/arc/project/st-zliu-1/heqingz/datasets/domainGenDataset_core_movements/24GHz/Sit/zsit_DS.png,24GHz,Sit,train,,/scratch/st-zliu-1/heqingz/CrossCarrier_Core6_FullSuite_20260924/manifests/core6_source/24GHz.csv,471,4,0,9e201cf9b9933e132d28f5a1e01a3e79b0b36eb0cb4d4533dafb666e6b0142f0
/arc/project/st-zliu-1/heqingz/datasets/domainGenDataset_core_movements/24GHz/Sit/01090030_1574195332_Spec.png,24GHz,Sit,train,,/scratch/st-zliu-1/heqingz/CrossCarrier_Core6_FullSuite_20260924/manifests/core6_source/24GHz.csv,472,4,0,2b51ed75b6237a810f78b81990c916bcdfe3d08e0a32c24df9f99ebdea8ec215
/arc/project/st-zliu-1/heqingz/datasets/domainGenDataset_core_movements/24GHz/Sit/01090029_1574628309_Spec.png,24GHz,Sit,train,,/scratch/st-zliu-1/heqingz/CrossCarrier_Core6_FullSuite_20260924/manifests/core6_source/24GHz.csv,473,4,0,7ebe9f3ea04c02d9e77241443e8bf70c7c64005e1f2d941613882323e7f98f06
/arc/project/st-zliu-1/heqingz/datasets/domainGenDataset_core_movements/24GHz/Sit/01090030_1574195313_Spec.png,24GHz,Sit,train,,/scratch/st-zliu-1/heqingz/CrossCarrier_Core6_FullSuite_20260924/manifests/core6_source/24GHz.csv,474,4,0,375f6a381ac558b05be1e31b267e9fda0269bda750f7bedddc311779222d9b14
/arc/project/st-zliu-1/heqingz/datasets/domainGenDataset_core_movements/24GHz/Sit/01090029_1574115686_Spec.png,24GHz,Sit,train,,/scratch/st-zliu-1/heqingz/CrossCarrier_Core6_FullSuite_20260924/manifests/core6_source/24GHz.csv,475,4,0,efebe51454adec18719a4bfc723200de1436aa219024cdd2c7c48d153835cf49
/arc/project/st-zliu-1/heqingz/datasets/domainGenDataset_core_movements/24GHz/Sit/01090014_1574697095_Spec.png,24GHz,Sit,train,,/scratch/st-zliu-1/heqingz/CrossCarrier_Core6_FullSuite_20260924/manifests/core6_source/24GHz.csv,476,4,0,29fe6823ab271a7ccafe8bbcbff08662630251ad25293a4b5b4ae9e19686dbb6
/arc/project/st-zliu-1/heqingz/datasets/domainGenDataset_core_movements/24GHz/Sit/01090030_1574195230_Spec.png,24GHz,Sit,train,,/scratch/st-zliu-1/heqingz/CrossCarrier_Core6_FullSuite_20260924/manifests/core6_source/24GHz.csv,477,4,0,d5fcc29ecc8a8f95ed01d3bedfde0ec6a66739db2a4a9f04ae79b51418674d6b
/arc/project/st-zliu-1/heqingz/datasets/domainGenDataset_core_movements/24GHz/Sit/hsit15_DS.png,24GHz,Sit,train,,/scratch/st-zliu-1/heqingz/CrossCarrier_Core6_FullSuite_20260924/manifests/core6_source/24GHz.csv,478,4,0,ac320aa47610fcce58cf0d0ee2bd68196f283415b610a639840b4c1ec53ca394
/arc/project/st-zliu-1/heqingz/datasets/domainGenDataset_core_movements/24GHz/Sit/01090029_1574115764_Spec.png,24GHz,Sit,train,,/scratch/st-zliu-1/heqingz/CrossCarrier_Core6_FullSuite_20260924/manifests/core6_source/24GHz.csv,479,4,0,49666f699f7f1bfe43f8009218420cf6620688379b9d5cd6aedb07cda1df5fe9
/arc/project/st-zliu-1/heqingz/datasets/domainGenDataset_core_movements/24GHz/Sit/gsit1_DS.png,24GHz,Sit,train,,/scratch/st-zliu-1/heqingz/CrossCarrier_Core6_FullSuite_20260924/manifests/core6_source/24GHz.csv,480,4,0,f2ec6eb362de9a3ab09359e30fa23a3fcc3adfe488475498ae7e2c814f25aad4
/arc/project/st-zliu-1/heqingz/datasets/domainGenDataset_core_movements/24GHz/Sit/sitdown9_DS.png,24GHz,Sit,train,,/scratch/st-zliu-1/heqingz/CrossCarrier_Core6_FullSuite_20260924/manifests/core6_source/24GHz.csv,481,4,0,0db592db9f74e2e69878ee03d74554d9ccaf1c106aaf482e284bc2e1db425076
/arc/project/st-zliu-1/heqingz/datasets/domainGenDataset_core_movements/24GHz/Sit/01090010_1573838066_Spec.png,24GHz,Sit,train,,/scratch/st-zliu-1/heqingz/CrossCarrier_Core6_FullSuite_20260924/manifests/core6_source/24GHz.csv,482,4,0,596cb0997347dd51bc3a7effc499430720b41f73c964c501820cb5252f9f5055
/arc/project/st-zliu-1/heqingz/datasets/domainGenDataset_core_movements/24GHz/Sit/sit20_DS.png,24GHz,Sit,train,,/scratch/st-zliu-1/heqingz/CrossCarrier_Core6_FullSuite_20260924/manifests/core6_source/24GHz.csv,483,4,0,10801ae05eedf43d820235cec6295eba06ec6a216003a6962222c2eb8fdb3831
/arc/project/st-zliu-1/heqingz/datasets/domainGenDataset_core_movements/24GHz/Sit/01090030_1574458245_Spec.png,24GHz,Sit,train,,/scratch/st-zliu-1/heqingz/CrossCarrier_Core6_FullSuite_20260924/manifests/core6_source/24GHz.csv,484,4,0,5fa537a1b69fbf410b24c8cad2c3de1f2cc874cb96fec551bbbe81ff874ebdc2
/arc/project/st-zliu-1/heqingz/datasets/domainGenDataset_core_movements/24GHz/Sit/sitdown7_DS.png,24GHz,Sit,train,,/scratch/st-zliu-1/heqingz/CrossCarrier_Core6_FullSuite_20260924/manifests/core6_source/24GHz.csv,485,4,0,fcba815f5bed89ada375940708483b15a6a1c315a554e499bd9a026ed7dbba56
/arc/project/st-zliu-1/heqingz/datasets/domainGenDataset_core_movements/24GHz/Sit/01090029_1574628120_Spec.png,24GHz,Sit,train,,/scratch/st-zliu-1/heqingz/CrossCarrier_Core6_FullSuite_20260924/manifests/core6_source/24GHz.csv,486,4,0,44e39f07b4ffb19e30eadbe0fa549e44666e948f6b3e0d0182590f3258b6ed9f
/arc/project/st-zliu-1/heqingz/datasets/domainGenDataset_core_movements/24GHz/Sit/situp13_DS.png,24GHz,Sit,train,,/scratch/st-zliu-1/heqingz/CrossCarrier_Core6_FullSuite_20260924/manifests/core6_source/24GHz.csv,487,4,0,cff135e20b7ef70e6af46223e0a63df44506efda5aa0056d9b2389eb3313b2a2
/arc/project/st-zliu-1/heqingz/datasets/domainGenDataset_core_movements/24GHz/Sit/sit9_DS.png,24GHz,Sit,train,,/scratch/st-zliu-1/heqingz/CrossCarrier_Core6_FullSuite_20260924/manifests/core6_source/24GHz.csv,488,4,0,4924a3ee3fd5c53347616b9b6ab6efe43f7c09abb946ffc4ade121b8d009f28f
/arc/project/st-zliu-1/heqingz/datasets/domainGenDataset_core_movements/24GHz/Sit/sit17_DS.png,24GHz,Sit,train,,/scratch/st-zliu-1/heqingz/CrossCarrier_Core6_FullSuite_20260924/manifests/core6_source/24GHz.csv,489,4,0,6161e052e23d00907a007981d6e00c2991f4a9d21c23298ac0f35b41019ce0b5
/arc/project/st-zliu-1/heqingz/datasets/domainGenDataset_core_movements/24GHz/Sit/situp7_DS.png,24GHz,Sit,train,,/scratch/st-zliu-1/heqingz/CrossCarrier_Core6_FullSuite_20260924/manifests/core6_source/24GHz.csv,490,4,0,757a473397803f276f3eeeebd45cb9a01f0b824f4737b7ceb2b22049a84f5067
/arc/project/st-zliu-1/heqingz/datasets/domainGenDataset_core_movements/24GHz/Sit/situp9_DS.png,24GHz,Sit,train,,/scratch/st-zliu-1/heqingz/CrossCarrier_Core6_FullSuite_20260924/manifests/core6_source/24GHz.csv,491,4,0,ad47d96308e942255542975918f6b402b9767278939c1425a5d43a3fe9da2caa
/arc/project/st-zliu-1/heqingz/datasets/domainGenDataset_core_movements/24GHz/Sit/sit23_DS.png,24GHz,Sit,train,,/scratch/st-zliu-1/heqingz/CrossCarrier_Core6_FullSuite_20260924/manifests/core6_source/24GHz.csv,492,4,0,bb352e1c545a692bc27ec2f4f85807c5a5ca8a0e2d582a02eb63b48395761467
/arc/project/st-zliu-1/heqingz/datasets/domainGenDataset_core_movements/24GHz/Sit/msit8_DS.png,24GHz,Sit,train,,/scratch/st-zliu-1/heqingz/CrossCarrier_Core6_FullSuite_20260924/manifests/core6_source/24GHz.csv,493,4,0,fbf35c034ec5442c91fe110b0c4c29a09c4fb523d477be8184d9907aec27575e
/arc/project/st-zliu-1/heqingz/datasets/domainGenDataset_core_movements/24GHz/Sit/zsit6_DS.png,24GHz,Sit,train,,/scratch/st-zliu-1/heqingz/CrossCarrier_Core6_FullSuite_20260924/manifests/core6_source/24GHz.csv,494,4,0,fa3230c8737b652acaacda5241e0f0d04c433ecf04268513bbfd55e65642ff5a
/arc/project/st-zliu-1/heqingz/datasets/domainGenDataset_core_movements/24GHz/Sit/01090014_1574697974_Spec.png,24GHz,Sit,train,,/scratch/st-zliu-1/heqingz/CrossCarrier_Core6_FullSuite_20260924/manifests/core6_source/24GHz.csv,495,4,0,fe139ff137bebf89a75dd75de60916fe920ed1052035b1ef09c4f13d95b0f8ae
/arc/project/st-zliu-1/heqingz/datasets/domainGenDataset_core_movements/24GHz/Sit/sitdown6_DS.png,24GHz,Sit,train,,/scratch/st-zliu-1/heqingz/CrossCarrier_Core6_FullSuite_20260924/manifests/core6_source/24GHz.csv,496,4,0,c841c156cbeffa80bb172e3452b3478257654f0641a7f11cc4f9b5fdc3b0d8d7
/arc/project/st-zliu-1/heqingz/datasets/domainGenDataset_core_movements/24GHz/Sit/sitdown10_DS.png,24GHz,Sit,train,,/scratch/st-zliu-1/heqingz/CrossCarrier_Core6_FullSuite_20260924/manifests/core6_source/24GHz.csv,497,4,0,eeb373d8bf03ae2672d9267abbe8328483a078a133873dd3ee0cd19d66deb610
/arc/project/st-zliu-1/heqingz/datasets/domainGenDataset_core_movements/24GHz/Sit/msit2_DS.png,24GHz,Sit,train,,/scratch/st-zliu-1/heqingz/CrossCarrier_Core6_FullSuite_20260924/manifests/core6_source/24GHz.csv,498,4,0,d7c5a5215d6739bb0fdf27a3790bc625c12007bdfc81e86c60555c84d917a6a1
/arc/project/st-zliu-1/heqingz/datasets/domainGenDataset_core_movements/24GHz/Sit/01090014_1574697018_Spec.png,24GHz,Sit,train,,/scratch/st-zliu-1/heqingz/CrossCarrier_Core6_FullSuite_20260924/manifests/core6_source/24GHz.csv,499,4,0,aa7ad342dafc0fb8da569700189ae667bfe76dce1e8a90d74016e429753a2f15
/arc/project/st-zliu-1/heqingz/datasets/domainGenDataset_core_movements/24GHz/Sit/01090029_1574115726_Spec.png,24GHz,Sit,train,,/scratch/st-zliu-1/heqingz/CrossCarrier_Core6_FullSuite_20260924/manifests/core6_source/24GHz.csv,500,4,0,9773ef1078fc46c6b062b5c220cf10c02dd995a9ee8adef6e7ea62ffbec51ac5
/arc/project/st-zliu-1/heqingz/datasets/domainGenDataset_core_movements/24GHz/Sit/01090030_1574458207_Spec.png,24GHz,Sit,train,,/scratch/st-zliu-1/heqingz/CrossCarrier_Core6_FullSuite_20260924/manifests/core6_source/24GHz.csv,501,4,0,1ecfd0081fd72fc52a458e41d883a33db7a36d062ae758c83ba62db41509541d
/arc/project/st-zliu-1/heqingz/datasets/domainGenDataset_core_movements/24GHz/Sit/sitdown13_DS.png,24GHz,Sit,train,,/scratch/st-zliu-1/heqingz/CrossCarrier_Core6_FullSuite_20260924/manifests/core6_source/24GHz.csv,502,4,0,861df7ff2d5d7bcccfb87136bcd2ec969c065ea0ab5aaa5786e3ace64d05eb7f
/arc/project/st-zliu-1/heqingz/datasets/domainGenDataset_core_movements/24GHz/Towards/01050029_1574626039_Spec.png,24GHz,Towards,train,,/scratch/st-zliu-1/heqingz/CrossCarrier_Core6_FullSuite_20260924/manifests/core6_source/24GHz.csv,562,5,0,5da79bc9557ab9c9e3706b21f4ffbe452265120a047b74f1db2987f3d9f14fdf
/arc/project/st-zliu-1/heqingz/datasets/domainGenDataset_core_movements/24GHz/Towards/01050029_1574626331_Spec.png,24GHz,Towards,train,,/scratch/st-zliu-1/heqingz/CrossCarrier_Core6_FullSuite_20260924/manifests/core6_source/24GHz.csv,563,5,0,5e548753cd70cf2a7eb0f40b0be129ee87cf37b14813aee44ce9f4ca553c2b16
/arc/project/st-zliu-1/heqingz/datasets/domainGenDataset_core_movements/24GHz/Towards/01050010_1573836889_Spec.png,24GHz,Towards,train,,/scratch/st-zliu-1/heqingz/CrossCarrier_Core6_FullSuite_20260924/manifests/core6_source/24GHz.csv,564,5,0,c95cadf15dfab97fbbf2d669b1e0c1f3dd2c2c06bd898070e70df52177d337e9
/arc/project/st-zliu-1/heqingz/datasets/domainGenDataset_core_movements/24GHz/Towards/01050030_1574193984_Spec.png,24GHz,Towards,train,,/scratch/st-zliu-1/heqingz/CrossCarrier_Core6_FullSuite_20260924/manifests/core6_source/24GHz.csv,565,5,0,bd4f1b7df8c6aed60fe16b8e41ea5cf06d934a27a2ad658e88afb225ee28a078
/arc/project/st-zliu-1/heqingz/datasets/domainGenDataset_core_movements/24GHz/Towards/01050029_1574626392_Spec.png,24GHz,Towards,train,,/scratch/st-zliu-1/heqingz/CrossCarrier_Core6_FullSuite_20260924/manifests/core6_source/24GHz.csv,566,5,0,8ac61e292fe04ece92095e8cd0b336a39083660cd45622a1d76d89ee392ea724
/arc/project/st-zliu-1/heqingz/datasets/domainGenDataset_core_movements/24GHz/Towards/01050029_1574114529_Spec.png,24GHz,Towards,train,,/scratch/st-zliu-1/heqingz/CrossCarrier_Core6_FullSuite_20260924/manifests/core6_source/24GHz.csv,567,5,0,fa8bec1af6dace25d334da9ea35d2971243496df1db2767dc70f80fee8137dbd
/arc/project/st-zliu-1/heqingz/datasets/domainGenDataset_core_movements/24GHz/Towards/01050029_1574114588_Spec.png,24GHz,Towards,train,,/scratch/st-zliu-1/heqingz/CrossCarrier_Core6_FullSuite_20260924/manifests/core6_source/24GHz.csv,568,5,0,7a97fe1f2436368c7314f9edbe3857ef9ae016fbfd0d66b6030585586c9a7b75
/arc/project/st-zliu-1/heqingz/datasets/domainGenDataset_core_movements/24GHz/Towards/01050030_1574193843_Spec.png,24GHz,Towards,train,,/scratch/st-zliu-1/heqingz/CrossCarrier_Core6_FullSuite_20260924/manifests/core6_source/24GHz.csv,569,5,0,35f9baddacd0233eb15d7fe30847b557539a2c2459fbb5585f4368d0bf2da2a0
/arc/project/st-zliu-1/heqingz/datasets/domainGenDataset_core_movements/24GHz/Towards/01050029_1574626109_Spec.png,24GHz,Towards,train,,/scratch/st-zliu-1/heqingz/CrossCarrier_Core6_FullSuite_20260924/manifests/core6_source/24GHz.csv,570,5,0,701db8309a1948c3c735443e05738594b16cf62af8003d4078702717c25af792
/arc/project/st-zliu-1/heqingz/datasets/domainGenDataset_core_movements/24GHz/Towards/01050029_1574114240_Spec.png,24GHz,Towards,train,,/scratch/st-zliu-1/heqingz/CrossCarrier_Core6_FullSuite_20260924/manifests/core6_source/24GHz.csv,571,5,0,6dcf106972724c18f55f4d4f66f4c2568adb0f2919defe04dd78f2b831319826
/arc/project/st-zliu-1/heqingz/datasets/domainGenDataset_core_movements/24GHz/Towards/01050029_1574114625_Spec.png,24GHz,Towards,train,,/scratch/st-zliu-1/heqingz/CrossCarrier_Core6_FullSuite_20260924/manifests/core6_source/24GHz.csv,572,5,0,746563cb552d148c564d15018765b5134400fa48f3334b6bba0c455a465c7014
/arc/project/st-zliu-1/heqingz/datasets/domainGenDataset_core_movements/24GHz/Towards/01000000_1574696201_Spec.png,24GHz,Towards,train,,/scratch/st-zliu-1/heqingz/CrossCarrier_Core6_FullSuite_20260924/manifests/core6_source/24GHz.csv,573,5,0,8db81792ad6703413434a3539e26d03bef9050add536defe6be6dc7bd55f2d47
/arc/project/st-zliu-1/heqingz/datasets/domainGenDataset_core_movements/24GHz/Towards/01050030_1574456884_Spec.png,24GHz,Towards,train,,/scratch/st-zliu-1/heqingz/CrossCarrier_Core6_FullSuite_20260924/manifests/core6_source/24GHz.csv,574,5,0,25e115a42555503aa142520f00bc690560f569916d50485dabcc46bdfad3c287
/arc/project/st-zliu-1/heqingz/datasets/domainGenDataset_core_movements/24GHz/Towards/01050010_1573837067_Spec.png,24GHz,Towards,train,,/scratch/st-zliu-1/heqingz/CrossCarrier_Core6_FullSuite_20260924/manifests/core6_source/24GHz.csv,575,5,0,c90f3ce3f5fef10944fe12f50a00afb775cdc19b8790be8a766865404cc8aa67
/arc/project/st-zliu-1/heqingz/datasets/domainGenDataset_core_movements/24GHz/Towards/01050030_1574456646_Spec.png,24GHz,Towards,train,,/scratch/st-zliu-1/heqingz/CrossCarrier_Core6_FullSuite_20260924/manifests/core6_source/24GHz.csv,576,5,0,15c3a2f98f51937a7c2069f40c8b85c2ac7ff54846f2e5b8477fbd604f236b41
/arc/project/st-zliu-1/heqingz/datasets/domainGenDataset_core_movements/24GHz/Towards/01050030_1574456859_Spec.png,24GHz,Towards,train,,/scratch/st-zliu-1/heqingz/CrossCarrier_Core6_FullSuite_20260924/manifests/core6_source/24GHz.csv,577,5,0,dd655fb92565f879b2be84a5a07628255034bc7f6673ea458604f244a743ede6
/arc/project/st-zliu-1/heqingz/datasets/domainGenDataset_core_movements/24GHz/Towards/01000000_1574696243_Spec.png,24GHz,Towards,train,,/scratch/st-zliu-1/heqingz/CrossCarrier_Core6_FullSuite_20260924/manifests/core6_source/24GHz.csv,578,5,0,0b6552e748a342512cf68d46770d4d847f3e4e752ab4416e1290af54d77e0dc4
/arc/project/st-zliu-1/heqingz/datasets/domainGenDataset_core_movements/24GHz/Towards/01000000_1574696114_Spec.png,24GHz,Towards,train,,/scratch/st-zliu-1/heqingz/CrossCarrier_Core6_FullSuite_20260924/manifests/core6_source/24GHz.csv,579,5,0,b8b686bce6a1087cb7121b25f96e50aaca1bf66ea89fc8ea9ca50e09c2db9834
/arc/project/st-zliu-1/heqingz/datasets/domainGenDataset_core_movements/24GHz/Towards/01050030_1574456771_Spec.png,24GHz,Towards,train,,/scratch/st-zliu-1/heqingz/CrossCarrier_Core6_FullSuite_20260924/manifests/core6_source/24GHz.csv,580,5,0,5d770ed2758af472d2d03b17b0d53c2fc80bf57c5c21ebf6744aee5854f08275
/arc/project/st-zliu-1/heqingz/datasets/domainGenDataset_core_movements/24GHz/Towards/01000000_1574696280_Spec.png,24GHz,Towards,train,,/scratch/st-zliu-1/heqingz/CrossCarrier_Core6_FullSuite_20260924/manifests/core6_source/24GHz.csv,581,5,0,e7076c30490701fa4f8ec4e51891639bf9c1616bd77de6686182ac8269d680ff
/arc/project/st-zliu-1/heqingz/datasets/domainGenDataset_core_movements/24GHz/Towards/01050030_1574456812_Spec.png,24GHz,Towards,train,,/scratch/st-zliu-1/heqingz/CrossCarrier_Core6_FullSuite_20260924/manifests/core6_source/24GHz.csv,582,5,0,866c5cc1e764e8f1ef33046e4ab9539cd539af8038dde194a7c25b5c108a4cab
/arc/project/st-zliu-1/heqingz/datasets/domainGenDataset_core_movements/24GHz/Towards/01050010_1573836980_Spec.png,24GHz,Towards,train,,/scratch/st-zliu-1/heqingz/CrossCarrier_Core6_FullSuite_20260924/manifests/core6_source/24GHz.csv,583,5,0,9698302fbee215ff753da87ffe4bd388912f49b98b1e57cf3a6aa9907417ecd0
/arc/project/st-zliu-1/heqingz/datasets/domainGenDataset_core_movements/24GHz/Towards/01050030_1574456747_Spec.png,24GHz,Towards,train,,/scratch/st-zliu-1/heqingz/CrossCarrier_Core6_FullSuite_20260924/manifests/core6_source/24GHz.csv,584,5,0,1dc872c84061950db22001072581a8b9cf1abc4eec7d24d08eee84f439957dff
/arc/project/st-zliu-1/heqingz/datasets/domainGenDataset_core_movements/24GHz/Towards/01000000_1574696136_Spec.png,24GHz,Towards,train,,/scratch/st-zliu-1/heqingz/CrossCarrier_Core6_FullSuite_20260924/manifests/core6_source/24GHz.csv,585,5,0,79bd2eb3dbf1e4b23e005435f9b3fb7aa78a5d38a3ba3e6dd168e16521478652
/arc/project/st-zliu-1/heqingz/datasets/domainGenDataset_core_movements/24GHz/Towards/01050010_1573836957_Spec.png,24GHz,Towards,train,,/scratch/st-zliu-1/heqingz/CrossCarrier_Core6_FullSuite_20260924/manifests/core6_source/24GHz.csv,586,5,0,1ea7ad5338b6945c8c46f9c0952fca36588fe6dadfb8c5f770ffbdd5353e07b2
/arc/project/st-zliu-1/heqingz/datasets/domainGenDataset_core_movements/24GHz/Towards/01050010_1573837002_Spec.png,24GHz,Towards,train,,/scratch/st-zliu-1/heqingz/CrossCarrier_Core6_FullSuite_20260924/manifests/core6_source/24GHz.csv,587,5,0,eb2f4f1ca01993dedaadba0f6824ee1fe5b21d7f0da6575c77a264c077a99616
/arc/project/st-zliu-1/heqingz/datasets/domainGenDataset_core_movements/24GHz/Towards/01050030_1574194145_Spec.png,24GHz,Towards,train,,/scratch/st-zliu-1/heqingz/CrossCarrier_Core6_FullSuite_20260924/manifests/core6_source/24GHz.csv,588,5,0,247c5c9ec29d36e264a62de4aa579bcd745c0563233637aa58413c0bee8126e4
/arc/project/st-zliu-1/heqingz/datasets/domainGenDataset_core_movements/24GHz/Towards/01050010_1573836864_Spec.png,24GHz,Towards,train,,/scratch/st-zliu-1/heqingz/CrossCarrier_Core6_FullSuite_20260924/manifests/core6_source/24GHz.csv,589,5,0,7c280e9ab07eb0c0b9c01a88aa7367611eb80dc9491b21fac80575bcc82f6d25
/arc/project/st-zliu-1/heqingz/datasets/domainGenDataset_core_movements/24GHz/Towards/01050030_1574456596_Spec.png,24GHz,Towards,train,,/scratch/st-zliu-1/heqingz/CrossCarrier_Core6_FullSuite_20260924/manifests/core6_source/24GHz.csv,590,5,0,72125b592fd58d974be421e70008df1f797eba0afc51517fb3dc9e4137c475ae
/arc/project/st-zliu-1/heqingz/datasets/domainGenDataset_core_movements/24GHz/Towards/01050029_1574626164_Spec.png,24GHz,Towards,train,,/scratch/st-zliu-1/heqingz/CrossCarrier_Core6_FullSuite_20260924/manifests/core6_source/24GHz.csv,591,5,0,9c00b05313957f38389e90b35ecb69179e1b33e365083835d64ff3797b66a952
/arc/project/st-zliu-1/heqingz/datasets/domainGenDataset_core_movements/24GHz/Towards/01050030_1574194013_Spec.png,24GHz,Towards,train,,/scratch/st-zliu-1/heqingz/CrossCarrier_Core6_FullSuite_20260924/manifests/core6_source/24GHz.csv,592,5,0,c40f1bdd444293900e451701171e866fb463b8c386d042ac2142dd22d59ea3be
/arc/project/st-zliu-1/heqingz/datasets/domainGenDataset_core_movements/24GHz/Towards/01050030_1574194043_Spec.png,24GHz,Towards,train,,/scratch/st-zliu-1/heqingz/CrossCarrier_Core6_FullSuite_20260924/manifests/core6_source/24GHz.csv,593,5,0,44668a737f7a2096c0a10f5b4a5297b3b58e09bc326f608f077686937b9b91e6
/arc/project/st-zliu-1/heqingz/datasets/domainGenDataset_core_movements/24GHz/Towards/01050030_1574456906_Spec.png,24GHz,Towards,train,,/scratch/st-zliu-1/heqingz/CrossCarrier_Core6_FullSuite_20260924/manifests/core6_source/24GHz.csv,594,5,0,f08173d95c122c7dd0546727cfe4173260ecb0a717037c8970cd74bb01e5c66b
/arc/project/st-zliu-1/heqingz/datasets/domainGenDataset_core_movements/24GHz/Towards/01050010_1573837045_Spec.png,24GHz,Towards,train,,/scratch/st-zliu-1/heqingz/CrossCarrier_Core6_FullSuite_20260924/manifests/core6_source/24GHz.csv,595,5,0,7bdcf7ff9f1a146e325f7f6621f8528332291a73c56c328aff2ab3cd928689af
/arc/project/st-zliu-1/heqingz/datasets/domainGenDataset_core_movements/24GHz/Towards/01050010_1573836822_Spec.png,24GHz,Towards,train,,/scratch/st-zliu-1/heqingz/CrossCarrier_Core6_FullSuite_20260924/manifests/core6_source/24GHz.csv,596,5,0,e7e5de18d1e571b62b117ff6665cd5d7ffaac8252e841670d0df8f6f353ed6d7
/arc/project/st-zliu-1/heqingz/datasets/domainGenDataset_core_movements/24GHz/Towards/01050029_1574626372_Spec.png,24GHz,Towards,train,,/scratch/st-zliu-1/heqingz/CrossCarrier_Core6_FullSuite_20260924/manifests/core6_source/24GHz.csv,597,5,0,8a92f0720733d6288692386f429388c33ac5069f6b2eb426e5192157f66ed8c7
/arc/project/st-zliu-1/heqingz/datasets/domainGenDataset_core_movements/24GHz/Towards/01050029_1574626210_Spec.png,24GHz,Towards,train,,/scratch/st-zliu-1/heqingz/CrossCarrier_Core6_FullSuite_20260924/manifests/core6_source/24GHz.csv,598,5,0,c14eeac876eb75d07a42d3387cae74bf05bc3f5ae2c33f072498adb4c6727daa
/arc/project/st-zliu-1/heqingz/datasets/domainGenDataset_core_movements/24GHz/Towards/01050010_1573836925_Spec.png,24GHz,Towards,train,,/scratch/st-zliu-1/heqingz/CrossCarrier_Core6_FullSuite_20260924/manifests/core6_source/24GHz.csv,599,5,0,f0e316ee3d5b6034f2b9e8fe8f7599d1dc43bfc2d1fc1b5f48692e80b283e457
/arc/project/st-zliu-1/heqingz/datasets/domainGenDataset_core_movements/24GHz/Towards/01050030_1574194068_Spec.png,24GHz,Towards,train,,/scratch/st-zliu-1/heqingz/CrossCarrier_Core6_FullSuite_20260924/manifests/core6_source/24GHz.csv,600,5,0,631d314333836a8ed53dce5892676c206fee0541bfb4866e66949ee18cae2b90
/arc/project/st-zliu-1/heqingz/datasets/domainGenDataset_core_movements/24GHz/Towards/01050029_1574114550_Spec.png,24GHz,Towards,train,,/scratch/st-zliu-1/heqingz/CrossCarrier_Core6_FullSuite_20260924/manifests/core6_source/24GHz.csv,601,5,0,d2e6b100f2d7791ba4c214c68fa0d651a0f0f90fea1de6edf7402dc949025cb0
/arc/project/st-zliu-1/heqingz/datasets/domainGenDataset_core_movements/24GHz/Towards/01050029_1574114294_Spec.png,24GHz,Towards,train,,/scratch/st-zliu-1/heqingz/CrossCarrier_Core6_FullSuite_20260924/manifests/core6_source/24GHz.csv,602,5,0,7ecb4cf0cd920699f5499e2749ac034d6b62f32fb410d54968407e2598ec3d15
/arc/project/st-zliu-1/heqingz/datasets/domainGenDataset_core_movements/24GHz/Towards/01000000_1574696180_Spec.png,24GHz,Towards,train,,/scratch/st-zliu-1/heqingz/CrossCarrier_Core6_FullSuite_20260924/manifests/core6_source/24GHz.csv,603,5,0,529d1beb7bed47f29b405144cf0f4fa18f6a2d87ddab927a0bff1b6983398bae
/arc/project/st-zliu-1/heqingz/datasets/domainGenDataset_core_movements/77GHz/Away/04060010_1573837276_Raw_0.png,77GHz,Away,train,,/scratch/st-zliu-1/heqingz/CrossCarrier_Core6_FullSuite_20260924/manifests/core6_source/77GHz.csv,2,0,1,8a08d3bcd60cead29714e664d8ad932e164e1847b6e81d2622466ffdb5cee5e4
/arc/project/st-zliu-1/heqingz/datasets/domainGenDataset_core_movements/77GHz/Away/04060010_1573837370_Raw_0.png,77GHz,Away,train,,/scratch/st-zliu-1/heqingz/CrossCarrier_Core6_FullSuite_20260924/manifests/core6_source/77GHz.csv,3,0,1,6675034927db98d193a8c4a7bbcc69413d070905238cd9c20466ace579738113
/arc/project/st-zliu-1/heqingz/datasets/domainGenDataset_core_movements/77GHz/Away/04060014_1574696452_Raw_0.png,77GHz,Away,train,,/scratch/st-zliu-1/heqingz/CrossCarrier_Core6_FullSuite_20260924/manifests/core6_source/77GHz.csv,4,0,1,6f11efc140ede7ca75c81dd397c4c03ee1bcf888300034ec921a1aa74d90e02b
/arc/project/st-zliu-1/heqingz/datasets/domainGenDataset_core_movements/77GHz/Away/04060010_1573837135_Raw_0.png,77GHz,Away,train,,/scratch/st-zliu-1/heqingz/CrossCarrier_Core6_FullSuite_20260924/manifests/core6_source/77GHz.csv,5,0,1,ce80bb9fa43cab02dca8345cb54e387540618fdf49638b02a154e1f4c9f19f9a
/arc/project/st-zliu-1/heqingz/datasets/domainGenDataset_core_movements/77GHz/Away/04060029_1574626448_Raw_0.png,77GHz,Away,train,,/scratch/st-zliu-1/heqingz/CrossCarrier_Core6_FullSuite_20260924/manifests/core6_source/77GHz.csv,6,0,1,cf268ca45ace73deaf20d7f5625f8d85d0508421f3782a0beeaa5e0139569bb5
/arc/project/st-zliu-1/heqingz/datasets/domainGenDataset_core_movements/77GHz/Away/04060030_1574457032_Raw_0.png,77GHz,Away,train,,/scratch/st-zliu-1/heqingz/CrossCarrier_Core6_FullSuite_20260924/manifests/core6_source/77GHz.csv,7,0,1,eba24d0952f67c383e6f1600197ac281763390c02a16c866bc5c4aacd31ca103
/arc/project/st-zliu-1/heqingz/datasets/domainGenDataset_core_movements/77GHz/Away/04060029_1574114770_Raw_0.png,77GHz,Away,train,,/scratch/st-zliu-1/heqingz/CrossCarrier_Core6_FullSuite_20260924/manifests/core6_source/77GHz.csv,8,0,1,059e70dc18d5b2922f709c5a5e5808b931faafbd2a03ab957b69a65dcff152e1
/arc/project/st-zliu-1/heqingz/datasets/domainGenDataset_core_movements/77GHz/Away/04060029_1574626614_Raw_0.png,77GHz,Away,train,,/scratch/st-zliu-1/heqingz/CrossCarrier_Core6_FullSuite_20260924/manifests/core6_source/77GHz.csv,9,0,1,0a74a396975ff5aec7e4f6cde0926b1e98d7b8b829bdc2b4c93be56a63bb8840
/arc/project/st-zliu-1/heqingz/datasets/domainGenDataset_core_movements/77GHz/Away/04060010_1573837181_Raw_0.png,77GHz,Away,train,,/scratch/st-zliu-1/heqingz/CrossCarrier_Core6_FullSuite_20260924/manifests/core6_source/77GHz.csv,10,0,1,c0179598f0eaa765a8846e17b97ee97697ab894147c45e5c53195632346282da
/arc/project/st-zliu-1/heqingz/datasets/domainGenDataset_core_movements/77GHz/Away/04060010_1573837276_Raw_0 (copy).png,77GHz,Away,train,,/scratch/st-zliu-1/heqingz/CrossCarrier_Core6_FullSuite_20260924/manifests/core6_source/77GHz.csv,11,0,1,8a08d3bcd60cead29714e664d8ad932e164e1847b6e81d2622466ffdb5cee5e4
/arc/project/st-zliu-1/heqingz/datasets/domainGenDataset_core_movements/77GHz/Away/04060030_1574194323_Raw_0.png,77GHz,Away,train,,/scratch/st-zliu-1/heqingz/CrossCarrier_Core6_FullSuite_20260924/manifests/core6_source/77GHz.csv,12,0,1,bf6dce88ec61e8c445e42a02c840dbc628d98a8dd8e680957c946214f74c6265
/arc/project/st-zliu-1/heqingz/datasets/domainGenDataset_core_movements/77GHz/Away/04060029_1574626687_Raw_0.png,77GHz,Away,train,,/scratch/st-zliu-1/heqingz/CrossCarrier_Core6_FullSuite_20260924/manifests/core6_source/77GHz.csv,13,0,1,ffa12ea089b935ce30c79be2eaecc4601ef8e7a0e43a182f29daae0ab91cf72f
/arc/project/st-zliu-1/heqingz/datasets/domainGenDataset_core_movements/77GHz/Away/04060030_1574457011_Raw_0.png,77GHz,Away,train,,/scratch/st-zliu-1/heqingz/CrossCarrier_Core6_FullSuite_20260924/manifests/core6_source/77GHz.csv,14,0,1,9e0c1021dc2cfc0fe4c689faf5cd51d8dd0a24dc483cf708d0f771a0ee35ca08
/arc/project/st-zliu-1/heqingz/datasets/domainGenDataset_core_movements/77GHz/Away/04060029_1574114725_Raw_0.png,77GHz,Away,train,,/scratch/st-zliu-1/heqingz/CrossCarrier_Core6_FullSuite_20260924/manifests/core6_source/77GHz.csv,15,0,1,833d5434dfa0ebb43dc8fd25b57b99c57558ea320c5db3a966fe14a744ec2e54
/arc/project/st-zliu-1/heqingz/datasets/domainGenDataset_core_movements/77GHz/Away/04060029_1574627128_Raw_0.png,77GHz,Away,train,,/scratch/st-zliu-1/heqingz/CrossCarrier_Core6_FullSuite_20260924/manifests/core6_source/77GHz.csv,16,0,1,b8bb918a506efb677c47e0b4cf6796d0e1a5aef1a982b953520e88406b045cf9
/arc/project/st-zliu-1/heqingz/datasets/domainGenDataset_core_movements/77GHz/Away/04060030_1574456969_Raw_0.png,77GHz,Away,train,,/scratch/st-zliu-1/heqingz/CrossCarrier_Core6_FullSuite_20260924/manifests/core6_source/77GHz.csv,17,0,1,087844c498ca579d655fe6bfe2fd7b0aea7efa51ba3fd462adc631e00cd5e69c
/arc/project/st-zliu-1/heqingz/datasets/domainGenDataset_core_movements/77GHz/Away/04060030_1574456989_Raw_0.png,77GHz,Away,train,,/scratch/st-zliu-1/heqingz/CrossCarrier_Core6_FullSuite_20260924/manifests/core6_source/77GHz.csv,18,0,1,2c769236f070e526dcd1f91a6f2d0483f2df2998b771ae3860816caf4a849932
/arc/project/st-zliu-1/heqingz/datasets/domainGenDataset_core_movements/77GHz/Away/04060030_1574457074_Raw_0.png,77GHz,Away,train,,/scratch/st-zliu-1/heqingz/CrossCarrier_Core6_FullSuite_20260924/manifests/core6_source/77GHz.csv,19,0,1,d8cdc86b645ea7be1a1786ad0c30164e3fb41e76d10a311c8df4143321399e41
/arc/project/st-zliu-1/heqingz/datasets/domainGenDataset_core_movements/77GHz/Away/04060030_1574194202_Raw_0.png,77GHz,Away,train,,/scratch/st-zliu-1/heqingz/CrossCarrier_Core6_FullSuite_20260924/manifests/core6_source/77GHz.csv,20,0,1,30e4bd92404806834d83c4b3c30a2cf86b4badf5df2a7d87e094863905d8ada7
/arc/project/st-zliu-1/heqingz/datasets/domainGenDataset_core_movements/77GHz/Away/04060030_1574194391_Raw_0.png,77GHz,Away,train,,/scratch/st-zliu-1/heqingz/CrossCarrier_Core6_FullSuite_20260924/manifests/core6_source/77GHz.csv,21,0,1,cb37661270f19e83563a02f7f78e9dce67dbe47a7222286168ba04d732e243cb
/arc/project/st-zliu-1/heqingz/datasets/domainGenDataset_core_movements/77GHz/Away/04060014_1574696490_Raw_0.png,77GHz,Away,train,,/scratch/st-zliu-1/heqingz/CrossCarrier_Core6_FullSuite_20260924/manifests/core6_source/77GHz.csv,22,0,1,7070b203ce303e3d9acbe5522fb7cf7b7cedaea8c9328e3a544035425d71b3af
/arc/project/st-zliu-1/heqingz/datasets/domainGenDataset_core_movements/77GHz/Away/04060029_1574114751_Raw_0.png,77GHz,Away,train,,/scratch/st-zliu-1/heqingz/CrossCarrier_Core6_FullSuite_20260924/manifests/core6_source/77GHz.csv,23,0,1,920f550d07bbf8f32285bba1c1880f97e9d5ddadd1ad1cc697ebb828e1e8586d
/arc/project/st-zliu-1/heqingz/datasets/domainGenDataset_core_movements/77GHz/Away/04060010_1573837305_Raw_0.png,77GHz,Away,train,,/scratch/st-zliu-1/heqingz/CrossCarrier_Core6_FullSuite_20260924/manifests/core6_source/77GHz.csv,24,0,1,f5359d2f2d7d5a1a6e60580718a7fae2081f8793732205a5e74c50eb2e293afc
/arc/project/st-zliu-1/heqingz/datasets/domainGenDataset_core_movements/77GHz/Away/04060030_1574457095_Raw_0.png,77GHz,Away,train,,/scratch/st-zliu-1/heqingz/CrossCarrier_Core6_FullSuite_20260924/manifests/core6_source/77GHz.csv,25,0,1,eb7cbe8ee95be57e32598ba29eb681499df5f2cf23e4bbc6f3313deff41cef4f
/arc/project/st-zliu-1/heqingz/datasets/domainGenDataset_core_movements/77GHz/Away/04060029_1574115098_Raw_0.png,77GHz,Away,train,,/scratch/st-zliu-1/heqingz/CrossCarrier_Core6_FullSuite_20260924/manifests/core6_source/77GHz.csv,26,0,1,2ae945b3f0abf2fc8bba1a0cccc719e9cff5fd00c8121a813b447b8763335775
/arc/project/st-zliu-1/heqingz/datasets/domainGenDataset_core_movements/77GHz/Away/04060030_1574194298_Raw_0.png,77GHz,Away,train,,/scratch/st-zliu-1/heqingz/CrossCarrier_Core6_FullSuite_20260924/manifests/core6_source/77GHz.csv,27,0,1,0add2655d64b437b8bea2724c08141c14c5bc51f0195a5acd35fc077b7c49b69
/arc/project/st-zliu-1/heqingz/datasets/domainGenDataset_core_movements/77GHz/Away/04060010_1573837254_Raw_0.png,77GHz,Away,train,,/scratch/st-zliu-1/heqingz/CrossCarrier_Core6_FullSuite_20260924/manifests/core6_source/77GHz.csv,28,0,1,60c08d549f5101dbb5bb24a4bf288ee7d701a85fbede7290c49575f3212e823a
/arc/project/st-zliu-1/heqingz/datasets/domainGenDataset_core_movements/77GHz/Away/04060030_1574457052_Raw_0.png,77GHz,Away,train,,/scratch/st-zliu-1/heqingz/CrossCarrier_Core6_FullSuite_20260924/manifests/core6_source/77GHz.csv,29,0,1,da9b0a2f5db3e65742ea840b82c2bcb488abe57d4eee94604c7f0229711d687d
/arc/project/st-zliu-1/heqingz/datasets/domainGenDataset_core_movements/77GHz/Away/04060030_1574194345_Raw_0.png,77GHz,Away,train,,/scratch/st-zliu-1/heqingz/CrossCarrier_Core6_FullSuite_20260924/manifests/core6_source/77GHz.csv,30,0,1,24b2d9e38407462b026c682b8bc547a915ba3d0e1d3d60d58fab679397dc26a2
/arc/project/st-zliu-1/heqingz/datasets/domainGenDataset_core_movements/77GHz/Away/04060029_1574627087_Raw_0.png,77GHz,Away,train,,/scratch/st-zliu-1/heqingz/CrossCarrier_Core6_FullSuite_20260924/manifests/core6_source/77GHz.csv,31,0,1,3c165cc354763608f671ae4a19ee6c6d18ab3d05b230c0b806438db88ef5c84f
/arc/project/st-zliu-1/heqingz/datasets/domainGenDataset_core_movements/77GHz/Away/04060029_1574114849_Raw_0.png,77GHz,Away,train,,/scratch/st-zliu-1/heqingz/CrossCarrier_Core6_FullSuite_20260924/manifests/core6_source/77GHz.csv,32,0,1,86aa3ea5b68a780ecc8d53f70d1922f6e7cc945b8f89011054ecba225f931db1
/arc/project/st-zliu-1/heqingz/datasets/domainGenDataset_core_movements/77GHz/Away/04060010_1573837114_Raw_0.png,77GHz,Away,train,,/scratch/st-zliu-1/heqingz/CrossCarrier_Core6_FullSuite_20260924/manifests/core6_source/77GHz.csv,33,0,1,47a49415e8a276659f16610b8d959776f610a16aec9c8dd932aace81e2aecfb0
/arc/project/st-zliu-1/heqingz/datasets/domainGenDataset_core_movements/77GHz/Away/04060029_1574626995_Raw_0.png,77GHz,Away,train,,/scratch/st-zliu-1/heqingz/CrossCarrier_Core6_FullSuite_20260924/manifests/core6_source/77GHz.csv,34,0,1,b650093e08e56e9fe7ce940055ee19d5de185e609d9f55ae771cb8226bfefa13
/arc/project/st-zliu-1/heqingz/datasets/domainGenDataset_core_movements/77GHz/Away/04060029_1574114789_Raw_0.png,77GHz,Away,train,,/scratch/st-zliu-1/heqingz/CrossCarrier_Core6_FullSuite_20260924/manifests/core6_source/77GHz.csv,35,0,1,532dd4b506b794a912f0e9d700fc3c5984655dd446ee7226755ad785c6dcefff
/arc/project/st-zliu-1/heqingz/datasets/domainGenDataset_core_movements/77GHz/Away/04060029_1574627154_Raw_0.png,77GHz,Away,train,,/scratch/st-zliu-1/heqingz/CrossCarrier_Core6_FullSuite_20260924/manifests/core6_source/77GHz.csv,36,0,1,10f19cba5eaff22a1a9090d99736ff8c9b5cb149aa7371857fcd9f82cb05193b
/arc/project/st-zliu-1/heqingz/datasets/domainGenDataset_core_movements/77GHz/Away/04060030_1574194225_Raw_0.png,77GHz,Away,train,,/scratch/st-zliu-1/heqingz/CrossCarrier_Core6_FullSuite_20260924/manifests/core6_source/77GHz.csv,37,0,1,98c14884c95ada22b410ea9a6e58370ff9f643dac3e3544333578d9e21246c83
/arc/project/st-zliu-1/heqingz/datasets/domainGenDataset_core_movements/77GHz/Away/04060014_1574696433_Raw_0.png,77GHz,Away,train,,/scratch/st-zliu-1/heqingz/CrossCarrier_Core6_FullSuite_20260924/manifests/core6_source/77GHz.csv,38,0,1,a585ab4869641a3357232acb9067c5cb4c509244f174d0abe725d99dc35d3433
/arc/project/st-zliu-1/heqingz/datasets/domainGenDataset_core_movements/77GHz/Away/04060014_1574696394_Raw_0.png,77GHz,Away,train,,/scratch/st-zliu-1/heqingz/CrossCarrier_Core6_FullSuite_20260924/manifests/core6_source/77GHz.csv,39,0,1,52a5715249df609f97687fb60f6a6ebdcf357bdd3d31ffe01217fc89f6e28d97
/arc/project/st-zliu-1/heqingz/datasets/domainGenDataset_core_movements/77GHz/Away/04060029_1574114705_Raw_0.png,77GHz,Away,train,,/scratch/st-zliu-1/heqingz/CrossCarrier_Core6_FullSuite_20260924/manifests/core6_source/77GHz.csv,40,0,1,a450b8831191c10eb4753d9c310c4ada0184aaf89984846d5b97f3427d313452
/arc/project/st-zliu-1/heqingz/datasets/domainGenDataset_core_movements/77GHz/Away/04060030_1574194249_Raw_0.png,77GHz,Away,train,,/scratch/st-zliu-1/heqingz/CrossCarrier_Core6_FullSuite_20260924/manifests/core6_source/77GHz.csv,41,0,1,6244f7538b37afd4a104e865b74c46280bb7be541dd1746c98efc7e8ce904aaf
/arc/project/st-zliu-1/heqingz/datasets/domainGenDataset_core_movements/77GHz/Away/04060029_1574114809_Raw_0.png,77GHz,Away,train,,/scratch/st-zliu-1/heqingz/CrossCarrier_Core6_FullSuite_20260924/manifests/core6_source/77GHz.csv,42,0,1,782cac3017befb95f759e7a7e82d5cf50ff70fc99f57c6090dfd388a3b376130
/arc/project/st-zliu-1/heqingz/datasets/domainGenDataset_core_movements/77GHz/Away/04060030_1574456948_Raw_0.png,77GHz,Away,train,,/scratch/st-zliu-1/heqingz/CrossCarrier_Core6_FullSuite_20260924/manifests/core6_source/77GHz.csv,43,0,1,5ab031dc3147597a57c9c59c68fc66ba2c695042f3f79b11a67417f5b494a5ac
/arc/project/st-zliu-1/heqingz/datasets/domainGenDataset_core_movements/77GHz/Bend/04080010_1573837916_Raw_0.png,77GHz,Bend,train,,/scratch/st-zliu-1/heqingz/CrossCarrier_Core6_FullSuite_20260924/manifests/core6_source/77GHz.csv,62,1,1,6a91b60fa9788ea5cf3c898b0c16b4a25051ee5dd89d76166d4586b8d2919829
/arc/project/st-zliu-1/heqingz/datasets/domainGenDataset_core_movements/77GHz/Bend/04080010_1573837767_Raw_0.png,77GHz,Bend,train,,/scratch/st-zliu-1/heqingz/CrossCarrier_Core6_FullSuite_20260924/manifests/core6_source/77GHz.csv,63,1,1,0636dc34b0d1ff8149bf6312e265154c5742e06f7c808eae91f3a69c114ffb22
/arc/project/st-zliu-1/heqingz/datasets/domainGenDataset_core_movements/77GHz/Bend/04080030_1574457991_Raw_0.png,77GHz,Bend,train,,/scratch/st-zliu-1/heqingz/CrossCarrier_Core6_FullSuite_20260924/manifests/core6_source/77GHz.csv,64,1,1,d47335774666b9b8f02804552c12eabb1dad3512e56a9b92eb98b730caab0849
/arc/project/st-zliu-1/heqingz/datasets/domainGenDataset_core_movements/77GHz/Bend/04080014_1574696876_Raw_0.png,77GHz,Bend,train,,/scratch/st-zliu-1/heqingz/CrossCarrier_Core6_FullSuite_20260924/manifests/core6_source/77GHz.csv,65,1,1,a088a6096729f511e267cc80e5150e0c210cd722254f81a4800f6d063bae322e
/arc/project/st-zliu-1/heqingz/datasets/domainGenDataset_core_movements/77GHz/Bend/04080029_1574627811_Raw_0.png,77GHz,Bend,train,,/scratch/st-zliu-1/heqingz/CrossCarrier_Core6_FullSuite_20260924/manifests/core6_source/77GHz.csv,66,1,1,1955d4fb6918178ff30d1e1880cb7a3846937db246b7d2211bece74a4c411154
/arc/project/st-zliu-1/heqingz/datasets/domainGenDataset_core_movements/77GHz/Bend/04080029_1574115523_Raw_0.png,77GHz,Bend,train,,/scratch/st-zliu-1/heqingz/CrossCarrier_Core6_FullSuite_20260924/manifests/core6_source/77GHz.csv,67,1,1,be48a6649825b01ad96208f2e0991a8eed0c6b00c422e8875f192cb5fc968ba6
/arc/project/st-zliu-1/heqingz/datasets/domainGenDataset_core_movements/77GHz/Bend/04080014_1574696766_Raw_0.png,77GHz,Bend,train,,/scratch/st-zliu-1/heqingz/CrossCarrier_Core6_FullSuite_20260924/manifests/core6_source/77GHz.csv,68,1,1,1d3a82d551d669f72bd9f5be5cea205ae9215b5d557bc822bb4f081488e9107b
/arc/project/st-zliu-1/heqingz/datasets/domainGenDataset_core_movements/77GHz/Bend/04080010_1573837689_Raw_0.png,77GHz,Bend,train,,/scratch/st-zliu-1/heqingz/CrossCarrier_Core6_FullSuite_20260924/manifests/core6_source/77GHz.csv,69,1,1,c1894a269c33b5577f3b1fc9527490dd05c9d74b1d22ee22191f51495eda1d69
/arc/project/st-zliu-1/heqingz/datasets/domainGenDataset_core_movements/77GHz/Bend/04080014_1574696838_Raw_0.png,77GHz,Bend,train,,/scratch/st-zliu-1/heqingz/CrossCarrier_Core6_FullSuite_20260924/manifests/core6_source/77GHz.csv,70,1,1,c83f8bf333b7e8a37575a4e9ea66d76fd7b029e2b2ee82ba8cc8fb170ee7855b
/arc/project/st-zliu-1/heqingz/datasets/domainGenDataset_core_movements/77GHz/Bend/04080029_1574627793_Raw_0.png,77GHz,Bend,train,,/scratch/st-zliu-1/heqingz/CrossCarrier_Core6_FullSuite_20260924/manifests/core6_source/77GHz.csv,71,1,1,ae8d55de6f3c9016025a0a3093bb5df715c3249f4e84149a88d488c865d11660
/arc/project/st-zliu-1/heqingz/datasets/domainGenDataset_core_movements/77GHz/Bend/04080029_1574628042_Raw_0.png,77GHz,Bend,train,,/scratch/st-zliu-1/heqingz/CrossCarrier_Core6_FullSuite_20260924/manifests/core6_source/77GHz.csv,72,1,1,6797d312e4ad643dc8d5053274465d5ebcf23b5dc635c495a655194f9334ae50
/arc/project/st-zliu-1/heqingz/datasets/domainGenDataset_core_movements/77GHz/Bend/04080014_1574696914_Raw_0.png,77GHz,Bend,train,,/scratch/st-zliu-1/heqingz/CrossCarrier_Core6_FullSuite_20260924/manifests/core6_source/77GHz.csv,73,1,1,c93c4bed35e735f664f80406a1a0d57a6cc9778aab55a2af6aa182acbc681280
/arc/project/st-zliu-1/heqingz/datasets/domainGenDataset_core_movements/77GHz/Bend/04080010_1573837785_Raw_0.png,77GHz,Bend,train,,/scratch/st-zliu-1/heqingz/CrossCarrier_Core6_FullSuite_20260924/manifests/core6_source/77GHz.csv,74,1,1,cf53afc5b25be14de7b562ce8e203a5b9e2a59ae022a056de8d17b5e41635484
/arc/project/st-zliu-1/heqingz/datasets/domainGenDataset_core_movements/77GHz/Bend/04080010_1573837709_Raw_0.png,77GHz,Bend,train,,/scratch/st-zliu-1/heqingz/CrossCarrier_Core6_FullSuite_20260924/manifests/core6_source/77GHz.csv,75,1,1,d26518957e6b3fa0ef1f4f57827c14899526e198e476f95c149d9394f87db2d9
/arc/project/st-zliu-1/heqingz/datasets/domainGenDataset_core_movements/77GHz/Bend/04080014_1574696801_Raw_0.png,77GHz,Bend,train,,/scratch/st-zliu-1/heqingz/CrossCarrier_Core6_FullSuite_20260924/manifests/core6_source/77GHz.csv,76,1,1,0860245f0def67cc30dd7e0640ae1bf26ff420bad45238ef3f6557c33af2019e
/arc/project/st-zliu-1/heqingz/datasets/domainGenDataset_core_movements/77GHz/Bend/04080029_1574115619_Raw_0.png,77GHz,Bend,train,,/scratch/st-zliu-1/heqingz/CrossCarrier_Core6_FullSuite_20260924/manifests/core6_source/77GHz.csv,77,1,1,9888be58eddbe33a28ab98d7184de740b158083351735b718e03d98228abc4d9
/arc/project/st-zliu-1/heqingz/datasets/domainGenDataset_core_movements/77GHz/Bend/04080029_1574115601_Raw_0.png,77GHz,Bend,train,,/scratch/st-zliu-1/heqingz/CrossCarrier_Core6_FullSuite_20260924/manifests/core6_source/77GHz.csv,78,1,1,f105c2fe2316f9298661797f1f1a24e5f8427b6303c58a4db04734956e030855
/arc/project/st-zliu-1/heqingz/datasets/domainGenDataset_core_movements/77GHz/Bend/04080030_1574194941_Raw_0.png,77GHz,Bend,train,,/scratch/st-zliu-1/heqingz/CrossCarrier_Core6_FullSuite_20260924/manifests/core6_source/77GHz.csv,79,1,1,a6dedb35eab4a6beb3300847fd068d645cc2c30ed27e077294f3d60a21d6ef4c
/arc/project/st-zliu-1/heqingz/datasets/domainGenDataset_core_movements/77GHz/Bend/04080030_1574195000_Raw_0.png,77GHz,Bend,train,,/scratch/st-zliu-1/heqingz/CrossCarrier_Core6_FullSuite_20260924/manifests/core6_source/77GHz.csv,80,1,1,7663e4adee5518e312cf38842edd69ce2d38ec8b9e36a152021269b00c5ffcf0
/arc/project/st-zliu-1/heqingz/datasets/domainGenDataset_core_movements/77GHz/Bend/04080010_1573837822_Raw_0.png,77GHz,Bend,train,,/scratch/st-zliu-1/heqingz/CrossCarrier_Core6_FullSuite_20260924/manifests/core6_source/77GHz.csv,81,1,1,f4cf10ebd6b0c781eecc7b384cfaa19bd89dcc76552ba2114680810452362c8d
/arc/project/st-zliu-1/heqingz/datasets/domainGenDataset_core_movements/77GHz/Bend/04080029_1574115541_Raw_0.png,77GHz,Bend,train,,/scratch/st-zliu-1/heqingz/CrossCarrier_Core6_FullSuite_20260924/manifests/core6_source/77GHz.csv,82,1,1,4ffb7b9ecad022228f4474673c7c018d0aa521fa5295a09c432b9b324146d613
/arc/project/st-zliu-1/heqingz/datasets/domainGenDataset_core_movements/77GHz/Bend/04080014_1574696894_Raw_0.png,77GHz,Bend,train,,/scratch/st-zliu-1/heqingz/CrossCarrier_Core6_FullSuite_20260924/manifests/core6_source/77GHz.csv,83,1,1,6819c15d62db68eb25d13d683529ed36fce2504a283580c969d35f1753cfb6fc
/arc/project/st-zliu-1/heqingz/datasets/domainGenDataset_core_movements/77GHz/Bend/04080010_1573837803_Raw_0.png,77GHz,Bend,train,,/scratch/st-zliu-1/heqingz/CrossCarrier_Core6_FullSuite_20260924/manifests/core6_source/77GHz.csv,84,1,1,8a3ec48fc8a6e8521c16c13d6a0ffec60044c837fe00e672fc9bff19f5de65f2
/arc/project/st-zliu-1/heqingz/datasets/domainGenDataset_core_movements/77GHz/Bend/04080030_1574194692_Raw_0.png,77GHz,Bend,train,,/scratch/st-zliu-1/heqingz/CrossCarrier_Core6_FullSuite_20260924/manifests/core6_source/77GHz.csv,85,1,1,200a9d3d27c54d8b7aebbbfa72fd056c0c69f7fc042c4d8c9859076e6ba88f3e
/arc/project/st-zliu-1/heqingz/datasets/domainGenDataset_core_movements/77GHz/Bend/04080030_1574458060_Raw_0.png,77GHz,Bend,train,,/scratch/st-zliu-1/heqingz/CrossCarrier_Core6_FullSuite_20260924/manifests/core6_source/77GHz.csv,86,1,1,048da1f41092a2fbc62bdab35d9c612fb024f65b26c76454d77f7ec5749dd607
/arc/project/st-zliu-1/heqingz/datasets/domainGenDataset_core_movements/77GHz/Bend/04080029_1574115504_Raw_0.png,77GHz,Bend,train,,/scratch/st-zliu-1/heqingz/CrossCarrier_Core6_FullSuite_20260924/manifests/core6_source/77GHz.csv,87,1,1,9dfb3b970908812495e3717195cf804c3a896179ccee315876c5693d3a073dd3
/arc/project/st-zliu-1/heqingz/datasets/domainGenDataset_core_movements/77GHz/Bend/04080030_1574458078_Raw_0.png,77GHz,Bend,train,,/scratch/st-zliu-1/heqingz/CrossCarrier_Core6_FullSuite_20260924/manifests/core6_source/77GHz.csv,88,1,1,caf1d04e4c2bdd697b7b9951199dbafd2b3dc80019da38f4be927dc20f30eecd
/arc/project/st-zliu-1/heqingz/datasets/domainGenDataset_core_movements/77GHz/Bend/04080030_1574458157_Raw_0.png,77GHz,Bend,train,,/scratch/st-zliu-1/heqingz/CrossCarrier_Core6_FullSuite_20260924/manifests/core6_source/77GHz.csv,89,1,1,cf687d1101c11cd48245b21dcffcb1657efed3c363bbcfae496ef24f6a2d656b
/arc/project/st-zliu-1/heqingz/datasets/domainGenDataset_core_movements/77GHz/Bend/04080030_1574458139_Raw_0.png,77GHz,Bend,train,,/scratch/st-zliu-1/heqingz/CrossCarrier_Core6_FullSuite_20260924/manifests/core6_source/77GHz.csv,90,1,1,c48c09881c31ca98388c95674c8d9d3d82d26de1185559260c0f3444471b293c
/arc/project/st-zliu-1/heqingz/datasets/domainGenDataset_core_movements/77GHz/Bend/04080029_1574115580_Raw_0.png,77GHz,Bend,train,,/scratch/st-zliu-1/heqingz/CrossCarrier_Core6_FullSuite_20260924/manifests/core6_source/77GHz.csv,91,1,1,cbe28a63bc1951225fcff54b6ec57dc740fd961cdbdbba7e0b19f15e4b4b4fc0
/arc/project/st-zliu-1/heqingz/datasets/domainGenDataset_core_movements/77GHz/Bend/04080029_1574628024_Raw_0.png,77GHz,Bend,train,,/scratch/st-zliu-1/heqingz/CrossCarrier_Core6_FullSuite_20260924/manifests/core6_source/77GHz.csv,92,1,1,2c9064755f6ad09c217115793e1c7eaf00da876e37da1be60699376ca7bc9249
/arc/project/st-zliu-1/heqingz/datasets/domainGenDataset_core_movements/77GHz/Bend/04080014_1574696941_Raw_0.png,77GHz,Bend,train,,/scratch/st-zliu-1/heqingz/CrossCarrier_Core6_FullSuite_20260924/manifests/core6_source/77GHz.csv,93,1,1,d41d915aa3c1a08677707f43f56472b18b836752543bab24f23f90236c9efd32
/arc/project/st-zliu-1/heqingz/datasets/domainGenDataset_core_movements/77GHz/Bend/04080030_1574458011_Raw_0.png,77GHz,Bend,train,,/scratch/st-zliu-1/heqingz/CrossCarrier_Core6_FullSuite_20260924/manifests/core6_source/77GHz.csv,94,1,1,2979fb3d29700e731384036a8b42ccf393e0920c81de89ee535aec3d7bb6b991
/arc/project/st-zliu-1/heqingz/datasets/domainGenDataset_core_movements/77GHz/Bend/04080029_1574627830_Raw_0.png,77GHz,Bend,train,,/scratch/st-zliu-1/heqingz/CrossCarrier_Core6_FullSuite_20260924/manifests/core6_source/77GHz.csv,95,1,1,c97586b074ac1a2a20fc807258691c241f702bc2a04b7e14ba04259935ae8a72
/arc/project/st-zliu-1/heqingz/datasets/domainGenDataset_core_movements/77GHz/Bend/04080030_1574195059_Raw_0.png,77GHz,Bend,train,,/scratch/st-zliu-1/heqingz/CrossCarrier_Core6_FullSuite_20260924/manifests/core6_source/77GHz.csv,96,1,1,5459c60d5332c8f686e4c9696f099cd7761e5f77dcfbf656a21fcc6e8d558042
/arc/project/st-zliu-1/heqingz/datasets/domainGenDataset_core_movements/77GHz/Bend/04080030_1574194962_Raw_0.png,77GHz,Bend,train,,/scratch/st-zliu-1/heqingz/CrossCarrier_Core6_FullSuite_20260924/manifests/core6_source/77GHz.csv,97,1,1,ee2a2d43e5116824a2364bdcfc44690de50dc02f4c5f56ba83098e53c0d9b186
/arc/project/st-zliu-1/heqingz/datasets/domainGenDataset_core_movements/77GHz/Bend/04080014_1574696856_Raw_0.png,77GHz,Bend,train,,/scratch/st-zliu-1/heqingz/CrossCarrier_Core6_FullSuite_20260924/manifests/core6_source/77GHz.csv,98,1,1,5d886d50147fc79eda996016a5d85ee41cf1ac613e2c1257f704d3974a2bb64a
/arc/project/st-zliu-1/heqingz/datasets/domainGenDataset_core_movements/77GHz/Bend/04080030_1574458096_Raw_0.png,77GHz,Bend,train,,/scratch/st-zliu-1/heqingz/CrossCarrier_Core6_FullSuite_20260924/manifests/core6_source/77GHz.csv,99,1,1,2490cd7cea7446f26e3d9b954a6d5eb2bc19a559864b3a915eb2c488be4d96b6
/arc/project/st-zliu-1/heqingz/datasets/domainGenDataset_core_movements/77GHz/Bend/04080029_1574627935_Raw_0.png,77GHz,Bend,train,,/scratch/st-zliu-1/heqingz/CrossCarrier_Core6_FullSuite_20260924/manifests/core6_source/77GHz.csv,100,1,1,02da456c98eceaee040d321ac2d9d823272aea0babf141e269d9088e3debc872
/arc/project/st-zliu-1/heqingz/datasets/domainGenDataset_core_movements/77GHz/Bend/04080030_1574195019_Raw_0.png,77GHz,Bend,train,,/scratch/st-zliu-1/heqingz/CrossCarrier_Core6_FullSuite_20260924/manifests/core6_source/77GHz.csv,101,1,1,905020729d2284f45a8941c1876456ec288c0d9dbd5690a63f2695d1be7b7121
/arc/project/st-zliu-1/heqingz/datasets/domainGenDataset_core_movements/77GHz/Bend/04080029_1574115561_Raw_0.png,77GHz,Bend,train,,/scratch/st-zliu-1/heqingz/CrossCarrier_Core6_FullSuite_20260924/manifests/core6_source/77GHz.csv,102,1,1,c722d5692bcfb15aee6e334af327a3b358d7ee00058189bc1aab9548b731cfe3
/arc/project/st-zliu-1/heqingz/datasets/domainGenDataset_core_movements/77GHz/Kneel/04100030_1574195462_Raw_0.png,77GHz,Kneel,train,,/scratch/st-zliu-1/heqingz/CrossCarrier_Core6_FullSuite_20260924/manifests/core6_source/77GHz.csv,121,2,1,a71e1b61bdd97299c5c537307ad75abae08ca105dac5c829edee514c571cb184
/arc/project/st-zliu-1/heqingz/datasets/domainGenDataset_core_movements/77GHz/Kneel/04100014_1574698222_Raw_0.png,77GHz,Kneel,train,,/scratch/st-zliu-1/heqingz/CrossCarrier_Core6_FullSuite_20260924/manifests/core6_source/77GHz.csv,122,2,1,04e95e341f4250d6875c57169c8081b0ffd6338f8f03bff6313942d846bd62d3
/arc/project/st-zliu-1/heqingz/datasets/domainGenDataset_core_movements/77GHz/Kneel/04100010_1573838603_Raw_0.png,77GHz,Kneel,train,,/scratch/st-zliu-1/heqingz/CrossCarrier_Core6_FullSuite_20260924/manifests/core6_source/77GHz.csv,123,2,1,d3b663fd76d13a8958f5b074611b80811f2cc114c8466147091d306c63fc9051
/arc/project/st-zliu-1/heqingz/datasets/domainGenDataset_core_movements/77GHz/Kneel/04100014_1574698203_Raw_0.png,77GHz,Kneel,train,,/scratch/st-zliu-1/heqingz/CrossCarrier_Core6_FullSuite_20260924/manifests/core6_source/77GHz.csv,124,2,1,8495f4f5c902866f33195d6397d6a65246d2d5ecd021f268fa678220426bef11
/arc/project/st-zliu-1/heqingz/datasets/domainGenDataset_core_movements/77GHz/Kneel/04100030_1574195802_Raw_0.png,77GHz,Kneel,train,,/scratch/st-zliu-1/heqingz/CrossCarrier_Core6_FullSuite_20260924/manifests/core6_source/77GHz.csv,125,2,1,85a3e6523b323a91d795897ad3fdc5e087116f3fbb01a2b3e05bf729bd2846ec
/arc/project/st-zliu-1/heqingz/datasets/domainGenDataset_core_movements/77GHz/Kneel/04100010_1573838508_Raw_0.png,77GHz,Kneel,train,,/scratch/st-zliu-1/heqingz/CrossCarrier_Core6_FullSuite_20260924/manifests/core6_source/77GHz.csv,126,2,1,884d8dbafa1231da7144f3d63bb5e8530ea5134f29a1adb79358109307fa2470
/arc/project/st-zliu-1/heqingz/datasets/domainGenDataset_core_movements/77GHz/Kneel/04100029_1574628503_Raw_0.png,77GHz,Kneel,train,,/scratch/st-zliu-1/heqingz/CrossCarrier_Core6_FullSuite_20260924/manifests/core6_source/77GHz.csv,127,2,1,8697d30a60c1157d9c4ee406172b630d80cb218375dcc9bbb944ebc840d57f76
/arc/project/st-zliu-1/heqingz/datasets/domainGenDataset_core_movements/77GHz/Kneel/04100030_1574458902_Raw_0.png,77GHz,Kneel,train,,/scratch/st-zliu-1/heqingz/CrossCarrier_Core6_FullSuite_20260924/manifests/core6_source/77GHz.csv,128,2,1,47acffab977588c191acc60560e64e19474eb2fe169a9dbc2503607b17ce22b4
/arc/project/st-zliu-1/heqingz/datasets/domainGenDataset_core_movements/77GHz/Kneel/04100014_1574698089_Raw_0.png,77GHz,Kneel,train,,/scratch/st-zliu-1/heqingz/CrossCarrier_Core6_FullSuite_20260924/manifests/core6_source/77GHz.csv,129,2,1,f4e451b2771994431fa8f2456adcc7eb21bc489a7ac34a3be24f1e108b1b6d55
/arc/project/st-zliu-1/heqingz/datasets/domainGenDataset_core_movements/77GHz/Kneel/04100014_1574698185_Raw_0.png,77GHz,Kneel,train,,/scratch/st-zliu-1/heqingz/CrossCarrier_Core6_FullSuite_20260924/manifests/core6_source/77GHz.csv,130,2,1,732bbcd2ccf7fe2f3f462fe295573b3f6a11b2f500eb8819e36b6284308a5ba9
/arc/project/st-zliu-1/heqingz/datasets/domainGenDataset_core_movements/77GHz/Kneel/04100029_1574628579_Raw_0.png,77GHz,Kneel,train,,/scratch/st-zliu-1/heqingz/CrossCarrier_Core6_FullSuite_20260924/manifests/core6_source/77GHz.csv,131,2,1,f2f1ac693b4f4ec60d728b437af13f503b90021acd3327304d45030209fde3de
/arc/project/st-zliu-1/heqingz/datasets/domainGenDataset_core_movements/77GHz/Kneel/04100014_1574698165_Raw_0.png,77GHz,Kneel,train,,/scratch/st-zliu-1/heqingz/CrossCarrier_Core6_FullSuite_20260924/manifests/core6_source/77GHz.csv,132,2,1,efe4016e93786564a5c4f8a9e7baf04263efcf94c8f0c801a2136ab5f9d1ca7c
/arc/project/st-zliu-1/heqingz/datasets/domainGenDataset_core_movements/77GHz/Kneel/04100029_1574116103_Raw_0.png,77GHz,Kneel,train,,/scratch/st-zliu-1/heqingz/CrossCarrier_Core6_FullSuite_20260924/manifests/core6_source/77GHz.csv,133,2,1,f2230595a7b95ad8bd34d528173e31f633ddceb2627ce17cb6e864a76e84dc77
/arc/project/st-zliu-1/heqingz/datasets/domainGenDataset_core_movements/77GHz/Kneel/04100010_1573838489_Raw_0.png,77GHz,Kneel,train,,/scratch/st-zliu-1/heqingz/CrossCarrier_Core6_FullSuite_20260924/manifests/core6_source/77GHz.csv,134,2,1,ae80df42c43c73427e4797b82f82b2360118e8d96f9f80f129ea1bc4320485f7
/arc/project/st-zliu-1/heqingz/datasets/domainGenDataset_core_movements/77GHz/Kneel/04100030_1574458850_Raw_0.png,77GHz,Kneel,train,,/scratch/st-zliu-1/heqingz/CrossCarrier_Core6_FullSuite_20260924/manifests/core6_source/77GHz.csv,135,2,1,05cf91a700d50ff5d3274770e41eb280e23c195a391d69881b7881389ff6317b
/arc/project/st-zliu-1/heqingz/datasets/domainGenDataset_core_movements/77GHz/Kneel/04100014_1574698031_Raw_0.png,77GHz,Kneel,train,,/scratch/st-zliu-1/heqingz/CrossCarrier_Core6_FullSuite_20260924/manifests/core6_source/77GHz.csv,136,2,1,eb56acec7f72f96f890762f390cc5c4a3cf9d65ed31ea6ce50a335381fdc41e7
/arc/project/st-zliu-1/heqingz/datasets/domainGenDataset_core_movements/77GHz/Kneel/04100030_1574195482_Raw_0.png,77GHz,Kneel,train,,/scratch/st-zliu-1/heqingz/CrossCarrier_Core6_FullSuite_20260924/manifests/core6_source/77GHz.csv,137,2,1,e24c43d5fb744bbc281dff0674ad55ae702148c5adfc44b992869910955e0ea1
/arc/project/st-zliu-1/heqingz/datasets/domainGenDataset_core_movements/77GHz/Kneel/04100029_1574116141_Raw_0.png,77GHz,Kneel,train,,/scratch/st-zliu-1/heqingz/CrossCarrier_Core6_FullSuite_20260924/manifests/core6_source/77GHz.csv,138,2,1,2bca1310d157ceb4265312c218727e9882137efe807d02e8e711282c9dd09d0c
/arc/project/st-zliu-1/heqingz/datasets/domainGenDataset_core_movements/77GHz/Kneel/04100030_1574459016_Raw_0.png,77GHz,Kneel,train,,/scratch/st-zliu-1/heqingz/CrossCarrier_Core6_FullSuite_20260924/manifests/core6_source/77GHz.csv,139,2,1,36628e921bf6d630179819173fad676d4db112dad013210a63e435eb0644078d
/arc/project/st-zliu-1/heqingz/datasets/domainGenDataset_core_movements/77GHz/Kneel/04100029_1574628522_Raw_0.png,77GHz,Kneel,train,,/scratch/st-zliu-1/heqingz/CrossCarrier_Core6_FullSuite_20260924/manifests/core6_source/77GHz.csv,140,2,1,85f5437ee90e3b7a8cdb88b2e4491044523bf8a9f9ea0f6a9a7794886563cab9
/arc/project/st-zliu-1/heqingz/datasets/domainGenDataset_core_movements/77GHz/Kneel/04100014_1574698108_Raw_0.png,77GHz,Kneel,train,,/scratch/st-zliu-1/heqingz/CrossCarrier_Core6_FullSuite_20260924/manifests/core6_source/77GHz.csv,141,2,1,297f470abc7473960148e4f7dc85c3d52da35579698cd4fe5c9caeb99725edbb
/arc/project/st-zliu-1/heqingz/datasets/domainGenDataset_core_movements/77GHz/Kneel/04100030_1574458884_Raw_0.png,77GHz,Kneel,train,,/scratch/st-zliu-1/heqingz/CrossCarrier_Core6_FullSuite_20260924/manifests/core6_source/77GHz.csv,142,2,1,09667bbc262251e9f096a1703ba45df55a44d592c7e172513c72f89b9c37c240
/arc/project/st-zliu-1/heqingz/datasets/domainGenDataset_core_movements/77GHz/Kneel/04100029_1574628598_Raw_0.png,77GHz,Kneel,train,,/scratch/st-zliu-1/heqingz/CrossCarrier_Core6_FullSuite_20260924/manifests/core6_source/77GHz.csv,143,2,1,4ded9fd8afcc086c67b53857bb761d7cc7357e6ed532a5ed618bc340e4139487
/arc/project/st-zliu-1/heqingz/datasets/domainGenDataset_core_movements/77GHz/Kneel/04100010_1573838448_Raw_0.png,77GHz,Kneel,train,,/scratch/st-zliu-1/heqingz/CrossCarrier_Core6_FullSuite_20260924/manifests/core6_source/77GHz.csv,144,2,1,13fdfa46a2b806b87e0df6efd7ba6ec9459b0a9f88195b04d6a23b693a20a007
/arc/project/st-zliu-1/heqingz/datasets/domainGenDataset_core_movements/77GHz/Kneel/04100030_1574458866_Raw_0.png,77GHz,Kneel,train,,/scratch/st-zliu-1/heqingz/CrossCarrier_Core6_FullSuite_20260924/manifests/core6_source/77GHz.csv,145,2,1,9aebb180e515bdfc063b9de960d4b05aef9f4cbd60185c96a0951fa7c0168e7e
/arc/project/st-zliu-1/heqingz/datasets/domainGenDataset_core_movements/77GHz/Kneel/04100010_1573838526_Raw_0.png,77GHz,Kneel,train,,/scratch/st-zliu-1/heqingz/CrossCarrier_Core6_FullSuite_20260924/manifests/core6_source/77GHz.csv,146,2,1,9afc588244a0529d6a4f13c5d6ef9138c2c755b824d37e48e8910bd7d3ce2500
/arc/project/st-zliu-1/heqingz/datasets/domainGenDataset_core_movements/77GHz/Kneel/04100029_1574116027_Raw_0.png,77GHz,Kneel,train,,/scratch/st-zliu-1/heqingz/CrossCarrier_Core6_FullSuite_20260924/manifests/core6_source/77GHz.csv,147,2,1,bb2d17ac2ba88f32febdf0201708988a7f14eb52c47875b4938a81fb1dda9781
/arc/project/st-zliu-1/heqingz/datasets/domainGenDataset_core_movements/77GHz/Kneel/04100029_1574628634_Raw_0.png,77GHz,Kneel,train,,/scratch/st-zliu-1/heqingz/CrossCarrier_Core6_FullSuite_20260924/manifests/core6_source/77GHz.csv,148,2,1,33db93989531671e0085cedf22b17e6dce5647c0672b32f52cfdae4f598ea0ac
/arc/project/st-zliu-1/heqingz/datasets/domainGenDataset_core_movements/77GHz/Kneel/04100029_1574116046_Raw_0.png,77GHz,Kneel,train,,/scratch/st-zliu-1/heqingz/CrossCarrier_Core6_FullSuite_20260924/manifests/core6_source/77GHz.csv,149,2,1,04785954e9ee7293bf810c582ffdb0fb92fe2246902a4a6999fea8d2edd1f60b
/arc/project/st-zliu-1/heqingz/datasets/domainGenDataset_core_movements/77GHz/Kneel/04100014_1574698067_Raw_0.png,77GHz,Kneel,train,,/scratch/st-zliu-1/heqingz/CrossCarrier_Core6_FullSuite_20260924/manifests/core6_source/77GHz.csv,150,2,1,a236615752f5dc1fa143ab264f32678b85235c20095c6399b6ee218426fd6a10
/arc/project/st-zliu-1/heqingz/datasets/domainGenDataset_core_movements/77GHz/Kneel/04100030_1574195502_Raw_0.png,77GHz,Kneel,train,,/scratch/st-zliu-1/heqingz/CrossCarrier_Core6_FullSuite_20260924/manifests/core6_source/77GHz.csv,151,2,1,b6c805487d1c1eccb685e56b7d031c31d2192bfb9e6a10b36b9fafd7937c0439
/arc/project/st-zliu-1/heqingz/datasets/domainGenDataset_core_movements/77GHz/Kneel/04100030_1574458956_Raw_0.png,77GHz,Kneel,train,,/scratch/st-zliu-1/heqingz/CrossCarrier_Core6_FullSuite_20260924/manifests/core6_source/77GHz.csv,152,2,1,0b5cd79adf1faec383f27be3b2a0c5561219c68155fffd918b850d79f0cc24fc
/arc/project/st-zliu-1/heqingz/datasets/domainGenDataset_core_movements/77GHz/Kneel/04100014_1574698146_Raw_0.png,77GHz,Kneel,train,,/scratch/st-zliu-1/heqingz/CrossCarrier_Core6_FullSuite_20260924/manifests/core6_source/77GHz.csv,153,2,1,3d2b081ebfab52b916a206b67c1cc555c0cca77b4a92a9671b85688d5bfa9739
/arc/project/st-zliu-1/heqingz/datasets/domainGenDataset_core_movements/77GHz/Kneel/04100010_1573838430_Raw_0.png,77GHz,Kneel,train,,/scratch/st-zliu-1/heqingz/CrossCarrier_Core6_FullSuite_20260924/manifests/core6_source/77GHz.csv,154,2,1,8d63813ff7a01865d39ad294b712bc6bcabfba8c634534567fe68faa4e7427ef
/arc/project/st-zliu-1/heqingz/datasets/domainGenDataset_core_movements/77GHz/Kneel/04100029_1574115915_Raw_0.png,77GHz,Kneel,train,,/scratch/st-zliu-1/heqingz/CrossCarrier_Core6_FullSuite_20260924/manifests/core6_source/77GHz.csv,155,2,1,dbbbb2bdbf8095fadb2a3afcdda4a814d357e338841ee0c1ed3c06a66f066918
/arc/project/st-zliu-1/heqingz/datasets/domainGenDataset_core_movements/77GHz/Kneel/04100010_1573838544_Raw_0.png,77GHz,Kneel,train,,/scratch/st-zliu-1/heqingz/CrossCarrier_Core6_FullSuite_20260924/manifests/core6_source/77GHz.csv,156,2,1,7d7809af12a366cc71ebe5bc9bba776a56961ead1a8cf66712c671cfa025d288
/arc/project/st-zliu-1/heqingz/datasets/domainGenDataset_core_movements/77GHz/Kneel/04100030_1574458991_Raw_0.png,77GHz,Kneel,train,,/scratch/st-zliu-1/heqingz/CrossCarrier_Core6_FullSuite_20260924/manifests/core6_source/77GHz.csv,157,2,1,f845491a912bfd5f3d8ee4d0e7a1b1e3a46d7aee1cc7aa30e57d312e666d0161
/arc/project/st-zliu-1/heqingz/datasets/domainGenDataset_core_movements/77GHz/Kneel/04100030_1574458920_Raw_0.png,77GHz,Kneel,train,,/scratch/st-zliu-1/heqingz/CrossCarrier_Core6_FullSuite_20260924/manifests/core6_source/77GHz.csv,158,2,1,c65bcd25a9352828754786f0c628e15de8ae72a6d1c17b696baccf38d5a61429
/arc/project/st-zliu-1/heqingz/datasets/domainGenDataset_core_movements/77GHz/Kneel/04100030_1574195442_Raw_0.png,77GHz,Kneel,train,,/scratch/st-zliu-1/heqingz/CrossCarrier_Core6_FullSuite_20260924/manifests/core6_source/77GHz.csv,159,2,1,a23bd059878b429267fe5b47700abf186733c059b008b07e61ce283266e6d330
/arc/project/st-zliu-1/heqingz/datasets/domainGenDataset_core_movements/77GHz/Kneel/04100010_1573838584_Raw_0.png,77GHz,Kneel,train,,/scratch/st-zliu-1/heqingz/CrossCarrier_Core6_FullSuite_20260924/manifests/core6_source/77GHz.csv,160,2,1,a4cc7a6a5d3855af3df5db1d8bcdd5e01e134c777e4631c885c7c5fc9d44cf06
/arc/project/st-zliu-1/heqingz/datasets/domainGenDataset_core_movements/77GHz/Kneel/04100014_1574698127_Raw_0.png,77GHz,Kneel,train,,/scratch/st-zliu-1/heqingz/CrossCarrier_Core6_FullSuite_20260924/manifests/core6_source/77GHz.csv,161,2,1,79effb9542929d8dc37f97a911b0463b0fcfdfa09dd9aea5308ecbc0d4afe86f
/arc/project/st-zliu-1/heqingz/datasets/domainGenDataset_core_movements/77GHz/Kneel/04100029_1574116064_Raw_0.png,77GHz,Kneel,train,,/scratch/st-zliu-1/heqingz/CrossCarrier_Core6_FullSuite_20260924/manifests/core6_source/77GHz.csv,162,2,1,416d04917c945410590f952d3c23e2c0ed43dd6709b9fb541bed51e42425476c
/arc/project/st-zliu-1/heqingz/datasets/domainGenDataset_core_movements/77GHz/Pick/04070029_1574115158_Raw_0.png,77GHz,Pick,train,,/scratch/st-zliu-1/heqingz/CrossCarrier_Core6_FullSuite_20260924/manifests/core6_source/77GHz.csv,183,3,1,1764dc6ba8b8786c782eeafcc0c9e5ea2d9d841d69caa99c76bffda3af1ccf40
/arc/project/st-zliu-1/heqingz/datasets/domainGenDataset_core_movements/77GHz/Pick/04070014_1574696535_Raw_0.png,77GHz,Pick,train,,/scratch/st-zliu-1/heqingz/CrossCarrier_Core6_FullSuite_20260924/manifests/core6_source/77GHz.csv,184,3,1,9c43ea34bcd87870143cea170120d1f4f6c9d2d872b66aa4fd534129f8bc578e
/arc/project/st-zliu-1/heqingz/datasets/domainGenDataset_core_movements/77GHz/Pick/04070030_1574457169_Raw_0.png,77GHz,Pick,train,,/scratch/st-zliu-1/heqingz/CrossCarrier_Core6_FullSuite_20260924/manifests/core6_source/77GHz.csv,185,3,1,ef68d57ddb545f89cf5299960f4ec7ea49a3a50b500d54738a6411e18726d01b
/arc/project/st-zliu-1/heqingz/datasets/domainGenDataset_core_movements/77GHz/Pick/04070010_1573837641_Raw_0.png,77GHz,Pick,train,,/scratch/st-zliu-1/heqingz/CrossCarrier_Core6_FullSuite_20260924/manifests/core6_source/77GHz.csv,186,3,1,0062e91cf599ce29720fc967020a78df7a3def8f4a6df83473043b8c7d560c0b
/arc/project/st-zliu-1/heqingz/datasets/domainGenDataset_core_movements/77GHz/Pick/04070010_1573837435_Raw_0.png,77GHz,Pick,train,,/scratch/st-zliu-1/heqingz/CrossCarrier_Core6_FullSuite_20260924/manifests/core6_source/77GHz.csv,187,3,1,d3db549b4be6f43cf097effe57e10e6366b8f79c9f76e8255e2f64fbe26b8539
/arc/project/st-zliu-1/heqingz/datasets/domainGenDataset_core_movements/77GHz/Pick/04070010_1573837593_Raw_0.png,77GHz,Pick,train,,/scratch/st-zliu-1/heqingz/CrossCarrier_Core6_FullSuite_20260924/manifests/core6_source/77GHz.csv,188,3,1,5984217f7058d582b23548af672cf804dab0a5f6a5c73337cb47af4db4da6867
/arc/project/st-zliu-1/heqingz/datasets/domainGenDataset_core_movements/77GHz/Pick/04070014_1574696727_Raw_0.png,77GHz,Pick,train,,/scratch/st-zliu-1/heqingz/CrossCarrier_Core6_FullSuite_20260924/manifests/core6_source/77GHz.csv,189,3,1,e2e622bfcd71dc6a68ba99604bbb9fa14b113d5f56edfa3da96727f9d5567ef5
/arc/project/st-zliu-1/heqingz/datasets/domainGenDataset_core_movements/77GHz/Pick/04070010_1573837478_Raw_0.png,77GHz,Pick,train,,/scratch/st-zliu-1/heqingz/CrossCarrier_Core6_FullSuite_20260924/manifests/core6_source/77GHz.csv,190,3,1,3ac564c8d55f833d12a083dcefa1ae0f2d36ed8573f80be5049629ff6101d440
/arc/project/st-zliu-1/heqingz/datasets/domainGenDataset_core_movements/77GHz/Pick/04070030_1574194444_Raw_0.png,77GHz,Pick,train,,/scratch/st-zliu-1/heqingz/CrossCarrier_Core6_FullSuite_20260924/manifests/core6_source/77GHz.csv,191,3,1,c3a203540f36e17265f48ce8cfc91332edef8909e94b76af97bac9852b486448
/arc/project/st-zliu-1/heqingz/datasets/domainGenDataset_core_movements/77GHz/Pick/04070030_1574457253_Raw_0.png,77GHz,Pick,train,,/scratch/st-zliu-1/heqingz/CrossCarrier_Core6_FullSuite_20260924/manifests/core6_source/77GHz.csv,192,3,1,a9b17792733d2e6232ebec038bb00e0d1fb9282844f50ea249cb22cd93241b97
/arc/project/st-zliu-1/heqingz/datasets/domainGenDataset_core_movements/77GHz/Pick/04070030_1574457190_Raw_0.png,77GHz,Pick,train,,/scratch/st-zliu-1/heqingz/CrossCarrier_Core6_FullSuite_20260924/manifests/core6_source/77GHz.csv,193,3,1,5e11a67ba8c5906b66f87bc66b20659fbfdaaea39a75580c9e605fd4948aafa5
/arc/project/st-zliu-1/heqingz/datasets/domainGenDataset_core_movements/77GHz/Pick/04070029_1574627743_Raw_0.png,77GHz,Pick,train,,/scratch/st-zliu-1/heqingz/CrossCarrier_Core6_FullSuite_20260924/manifests/core6_source/77GHz.csv,194,3,1,c43b254275f2202459d629312d82a703e38614462f00e57cd06e2e7db77a63f2
/arc/project/st-zliu-1/heqingz/datasets/domainGenDataset_core_movements/77GHz/Pick/04070029_1574115178_Raw_0.png,77GHz,Pick,train,,/scratch/st-zliu-1/heqingz/CrossCarrier_Core6_FullSuite_20260924/manifests/core6_source/77GHz.csv,195,3,1,a35e211360a99d60aefaf6b9a365ff4448398ac59e7948f19d5c83a2ea0500bd
/arc/project/st-zliu-1/heqingz/datasets/domainGenDataset_core_movements/77GHz/Pick/04070029_1574627723_Raw_0.png,77GHz,Pick,train,,/scratch/st-zliu-1/heqingz/CrossCarrier_Core6_FullSuite_20260924/manifests/core6_source/77GHz.csv,196,3,1,056fc4322f1b7825a585d6dcc9bbfee4c72bf30262a4f784c45b55077e536951
/arc/project/st-zliu-1/heqingz/datasets/domainGenDataset_core_movements/77GHz/Pick/04070029_1574115138_Raw_0.png,77GHz,Pick,train,,/scratch/st-zliu-1/heqingz/CrossCarrier_Core6_FullSuite_20260924/manifests/core6_source/77GHz.csv,197,3,1,f6d472b427adc1a94c1cdc6fc9567922425bcbfc4cdf4ee49e3b523566f48896
/arc/project/st-zliu-1/heqingz/datasets/domainGenDataset_core_movements/77GHz/Pick/04070030_1574194488_Raw_0 (copy).png,77GHz,Pick,train,,/scratch/st-zliu-1/heqingz/CrossCarrier_Core6_FullSuite_20260924/manifests/core6_source/77GHz.csv,198,3,1,07ba9be1406880f94956e0ff69b0fef9d3de9b35bbede5d4334969a8311a28ba
/arc/project/st-zliu-1/heqingz/datasets/domainGenDataset_core_movements/77GHz/Pick/04070010_1573837456_Raw_0.png,77GHz,Pick,train,,/scratch/st-zliu-1/heqingz/CrossCarrier_Core6_FullSuite_20260924/manifests/core6_source/77GHz.csv,199,3,1,81fe54c5b6a6ee229b923b9e53a3aa7348b971e4d0c7f144ddab035365eef61f
/arc/project/st-zliu-1/heqingz/datasets/domainGenDataset_core_movements/77GHz/Pick/04070010_1573837531_Raw_0.png,77GHz,Pick,train,,/scratch/st-zliu-1/heqingz/CrossCarrier_Core6_FullSuite_20260924/manifests/core6_source/77GHz.csv,200,3,1,aff34e9d4ba0ba512821ea9f952af024f856f8f7c57d22b9b9014796a3765602
/arc/project/st-zliu-1/heqingz/datasets/domainGenDataset_core_movements/77GHz/Pick/04070030_1574194547_Raw_0.png,77GHz,Pick,train,,/scratch/st-zliu-1/heqingz/CrossCarrier_Core6_FullSuite_20260924/manifests/core6_source/77GHz.csv,201,3,1,2aaebdaf622136c79f5b18c71646212ff5d7c6c5b4b2b68821ae425d0dc57991
/arc/project/st-zliu-1/heqingz/datasets/domainGenDataset_core_movements/77GHz/Pick/04070030_1574457274_Raw_0.png,77GHz,Pick,train,,/scratch/st-zliu-1/heqingz/CrossCarrier_Core6_FullSuite_20260924/manifests/core6_source/77GHz.csv,202,3,1,2d73203159ec32e24adcd3fb01b7198f0338dffcca37e8efacb1b1da464c2fcd
/arc/project/st-zliu-1/heqingz/datasets/domainGenDataset_core_movements/77GHz/Pick/04070030_1574194468_Raw_0.png,77GHz,Pick,train,,/scratch/st-zliu-1/heqingz/CrossCarrier_Core6_FullSuite_20260924/manifests/core6_source/77GHz.csv,203,3,1,45ed00b4a86168304cf625d628c01d00d88b32e929906d3c175ede030f8c3b18
/arc/project/st-zliu-1/heqingz/datasets/domainGenDataset_core_movements/77GHz/Pick/04070010_1573837502_Raw_0.png,77GHz,Pick,train,,/scratch/st-zliu-1/heqingz/CrossCarrier_Core6_FullSuite_20260924/manifests/core6_source/77GHz.csv,204,3,1,cc0331a0e2c1f82ec0ea64640b14c8d28f4c9a19ae0acdb4706c9febd0c23873
/arc/project/st-zliu-1/heqingz/datasets/domainGenDataset_core_movements/77GHz/Pick/04070029_1574627388_Raw_0.png,77GHz,Pick,train,,/scratch/st-zliu-1/heqingz/CrossCarrier_Core6_FullSuite_20260924/manifests/core6_source/77GHz.csv,205,3,1,a14b00d5cd7307b0b01c9a9c9820a2f3f987ad9deb232a15388ac35f39e305b3
/arc/project/st-zliu-1/heqingz/datasets/domainGenDataset_core_movements/77GHz/Pick/04070014_1574696638_Raw_0.png,77GHz,Pick,train,,/scratch/st-zliu-1/heqingz/CrossCarrier_Core6_FullSuite_20260924/manifests/core6_source/77GHz.csv,206,3,1,a535c75153368ec48932f9a37a7a3da3f3d9f8429ba2f1191ae7db6a70a91d98
/arc/project/st-zliu-1/heqingz/datasets/domainGenDataset_core_movements/77GHz/Pick/04070030_1574194488_Raw_0.png,77GHz,Pick,train,,/scratch/st-zliu-1/heqingz/CrossCarrier_Core6_FullSuite_20260924/manifests/core6_source/77GHz.csv,207,3,1,07ba9be1406880f94956e0ff69b0fef9d3de9b35bbede5d4334969a8311a28ba
/arc/project/st-zliu-1/heqingz/datasets/domainGenDataset_core_movements/77GHz/Pick/04070030_1574194424_Raw_0.png,77GHz,Pick,train,,/scratch/st-zliu-1/heqingz/CrossCarrier_Core6_FullSuite_20260924/manifests/core6_source/77GHz.csv,208,3,1,5fad15a20b4b3f9291dd4bcc44063340fa94f333911844a5903e2befd642bf2d
/arc/project/st-zliu-1/heqingz/datasets/domainGenDataset_core_movements/77GHz/Pick/04070014_1574696667_Raw_0 (copy).png,77GHz,Pick,train,,/scratch/st-zliu-1/heqingz/CrossCarrier_Core6_FullSuite_20260924/manifests/core6_source/77GHz.csv,209,3,1,72afaf218f93deb75a2a6a04ca674258d9e9c2c175163cad94a864f9ec34cf2a
/arc/project/st-zliu-1/heqingz/datasets/domainGenDataset_core_movements/77GHz/Pick/04070029_1574627347_Raw_0.png,77GHz,Pick,train,,/scratch/st-zliu-1/heqingz/CrossCarrier_Core6_FullSuite_20260924/manifests/core6_source/77GHz.csv,210,3,1,92d76fff970db9ed18274edb182e183862065340522fdc612620e26142b4b13b
/arc/project/st-zliu-1/heqingz/datasets/domainGenDataset_core_movements/77GHz/Pick/04070029_1574115281_Raw_0.png,77GHz,Pick,train,,/scratch/st-zliu-1/heqingz/CrossCarrier_Core6_FullSuite_20260924/manifests/core6_source/77GHz.csv,211,3,1,b0d6af4bc346e8ecb56d218b87fe0fe14d7d82dc0f43e77974815accf9648311
/arc/project/st-zliu-1/heqingz/datasets/domainGenDataset_core_movements/77GHz/Pick/04070010_1573837622_Raw_0.png,77GHz,Pick,train,,/scratch/st-zliu-1/heqingz/CrossCarrier_Core6_FullSuite_20260924/manifests/core6_source/77GHz.csv,212,3,1,c5fdd5df50152b8226c133f485fe21575e16c86dd9d244900c5d5f1730e22e4e
/arc/project/st-zliu-1/heqingz/datasets/domainGenDataset_core_movements/77GHz/Pick/04070029_1574627762_Raw_0.png,77GHz,Pick,train,,/scratch/st-zliu-1/heqingz/CrossCarrier_Core6_FullSuite_20260924/manifests/core6_source/77GHz.csv,213,3,1,7ffa351922c778c8aa87af9acebf8bec24b7fc65a6f02125a27c50d74d3bb543
/arc/project/st-zliu-1/heqingz/datasets/domainGenDataset_core_movements/77GHz/Pick/04070010_1573837550_Raw_0.png,77GHz,Pick,train,,/scratch/st-zliu-1/heqingz/CrossCarrier_Core6_FullSuite_20260924/manifests/core6_source/77GHz.csv,214,3,1,24a92c57613351ea42655b53588ea46942eac9203f84307ca21e89e4595b00e5
/arc/project/st-zliu-1/heqingz/datasets/domainGenDataset_core_movements/77GHz/Pick/04070029_1574115399_Raw_0.png,77GHz,Pick,train,,/scratch/st-zliu-1/heqingz/CrossCarrier_Core6_FullSuite_20260924/manifests/core6_source/77GHz.csv,215,3,1,608f97527d15d5a5929abbc5a27dadadc9697ca76e5518090b19bb0dd8b7c6ef
/arc/project/st-zliu-1/heqingz/datasets/domainGenDataset_core_movements/77GHz/Pick/04070014_1574696560_Raw_0.png,77GHz,Pick,train,,/scratch/st-zliu-1/heqingz/CrossCarrier_Core6_FullSuite_20260924/manifests/core6_source/77GHz.csv,216,3,1,5e2e4157f153588f535745e7b5b1013c13804ba49f8483076c2ed0ed971cce3c
/arc/project/st-zliu-1/heqingz/datasets/domainGenDataset_core_movements/77GHz/Pick/04070029_1574627654_Raw_0.png,77GHz,Pick,train,,/scratch/st-zliu-1/heqingz/CrossCarrier_Core6_FullSuite_20260924/manifests/core6_source/77GHz.csv,217,3,1,8627e344d3295fb897a1077e9102d2c9c42f78ea89928af52b7b72110069d1cd
/arc/project/st-zliu-1/heqingz/datasets/domainGenDataset_core_movements/77GHz/Pick/04070030_1574194508_Raw_0.png,77GHz,Pick,train,,/scratch/st-zliu-1/heqingz/CrossCarrier_Core6_FullSuite_20260924/manifests/core6_source/77GHz.csv,218,3,1,d308d2f9300442418611cff8d0dd7ccddc91f6fa2820719a112daa8b2a75a6a7
/arc/project/st-zliu-1/heqingz/datasets/domainGenDataset_core_movements/77GHz/Pick/04070029_1574115263_Raw_0.png,77GHz,Pick,train,,/scratch/st-zliu-1/heqingz/CrossCarrier_Core6_FullSuite_20260924/manifests/core6_source/77GHz.csv,219,3,1,1deecc8939274e7aee388ef0a93447594ac087da1554dc4440113add75b68fce
/arc/project/st-zliu-1/heqingz/datasets/domainGenDataset_core_movements/77GHz/Pick/04070029_1574627323_Raw_0 (copy).png,77GHz,Pick,train,,/scratch/st-zliu-1/heqingz/CrossCarrier_Core6_FullSuite_20260924/manifests/core6_source/77GHz.csv,220,3,1,5a883b44a489908c122f9bcb044b7244d07785de454c6d0a7ffd4c829f2550f4
/arc/project/st-zliu-1/heqingz/datasets/domainGenDataset_core_movements/77GHz/Pick/04070014_1574696688_Raw_0.png,77GHz,Pick,train,,/scratch/st-zliu-1/heqingz/CrossCarrier_Core6_FullSuite_20260924/manifests/core6_source/77GHz.csv,221,3,1,f5f3201536d42cf6559fb56531a30aad31296c6f9830000e1502615819d96fc1
/arc/project/st-zliu-1/heqingz/datasets/domainGenDataset_core_movements/77GHz/Pick/04070030_1574457294_Raw_0.png,77GHz,Pick,train,,/scratch/st-zliu-1/heqingz/CrossCarrier_Core6_FullSuite_20260924/manifests/core6_source/77GHz.csv,222,3,1,8ac5dfdceb3e34566570f33870d34794c78e9ceecc923cbd4dafcd97ff61d669
/arc/project/st-zliu-1/heqingz/datasets/domainGenDataset_core_movements/77GHz/Pick/04070014_1574696667_Raw_0.png,77GHz,Pick,train,,/scratch/st-zliu-1/heqingz/CrossCarrier_Core6_FullSuite_20260924/manifests/core6_source/77GHz.csv,223,3,1,72afaf218f93deb75a2a6a04ca674258d9e9c2c175163cad94a864f9ec34cf2a
/arc/project/st-zliu-1/heqingz/datasets/domainGenDataset_core_movements/77GHz/Pick/04070030_1574457946_Raw_0.png,77GHz,Pick,train,,/scratch/st-zliu-1/heqingz/CrossCarrier_Core6_FullSuite_20260924/manifests/core6_source/77GHz.csv,224,3,1,a67f8a3d26fdfcf67206441e1f9c8731cde5a50566f21f4f2b9860b8321fcd1d
/arc/project/st-zliu-1/heqingz/datasets/domainGenDataset_core_movements/77GHz/Sit/04090014_1574697936_Raw_0.png,77GHz,Sit,train,,/scratch/st-zliu-1/heqingz/CrossCarrier_Core6_FullSuite_20260924/manifests/core6_source/77GHz.csv,243,4,1,be88ad8183b6336017dd95284e32e2447bd4a694bbc0c0c44c90554121f06a1f
/arc/project/st-zliu-1/heqingz/datasets/domainGenDataset_core_movements/77GHz/Sit/04090029_1574115803_Raw_0.png,77GHz,Sit,train,,/scratch/st-zliu-1/heqingz/CrossCarrier_Core6_FullSuite_20260924/manifests/core6_source/77GHz.csv,244,4,1,cff98f3b3960f1edf26b4a971a668a548ccca91f27366afe0bf939fef3840884
/arc/project/st-zliu-1/heqingz/datasets/domainGenDataset_core_movements/77GHz/Sit/04090030_1574195391_Raw_0.png,77GHz,Sit,train,,/scratch/st-zliu-1/heqingz/CrossCarrier_Core6_FullSuite_20260924/manifests/core6_source/77GHz.csv,245,4,1,e0a4edf24fea7d57e64e0023950c03db5dce8d6cfd56b8082b337e9a6b97cb51
/arc/project/st-zliu-1/heqingz/datasets/domainGenDataset_core_movements/77GHz/Sit/04090030_1574195254_Raw_0.png,77GHz,Sit,train,,/scratch/st-zliu-1/heqingz/CrossCarrier_Core6_FullSuite_20260924/manifests/core6_source/77GHz.csv,246,4,1,ff92024553474fb2abdcaea63fb6d7883462f2d85126b1b08fc22fe7eb41a236
/arc/project/st-zliu-1/heqingz/datasets/domainGenDataset_core_movements/77GHz/Sit/04090014_1574696977_Raw_0.png,77GHz,Sit,train,,/scratch/st-zliu-1/heqingz/CrossCarrier_Core6_FullSuite_20260924/manifests/core6_source/77GHz.csv,247,4,1,26bc60e91925eb173bd43edd42e17b11d3dee92846fad2a585af02967cea57e5
/arc/project/st-zliu-1/heqingz/datasets/domainGenDataset_core_movements/77GHz/Sit/04090010_1573837974_Raw_0.png,77GHz,Sit,train,,/scratch/st-zliu-1/heqingz/CrossCarrier_Core6_FullSuite_20260924/manifests/core6_source/77GHz.csv,248,4,1,32364c57453d956c04fd0d4ba3aef826c6ec66b8be49fa7d4c096dc4b8564729
/arc/project/st-zliu-1/heqingz/datasets/domainGenDataset_core_movements/77GHz/Sit/04090030_1574195371_Raw_0.png,77GHz,Sit,train,,/scratch/st-zliu-1/heqingz/CrossCarrier_Core6_FullSuite_20260924/manifests/core6_source/77GHz.csv,249,4,1,84ae70c128c0c5be10e8aa9d7660c8d10f88a052923c17379807546bcc6150ee
/arc/project/st-zliu-1/heqingz/datasets/domainGenDataset_core_movements/77GHz/Sit/04090030_1574458207_Raw_0.png,77GHz,Sit,train,,/scratch/st-zliu-1/heqingz/CrossCarrier_Core6_FullSuite_20260924/manifests/core6_source/77GHz.csv,250,4,1,45a7d49c493d5a0f887a5d13a2ed4c7a26a68b48cb537ca08a3cf43cce71ea31
/arc/project/st-zliu-1/heqingz/datasets/domainGenDataset_core_movements/77GHz/Sit/04090030_1574458785_Raw_0.png,77GHz,Sit,train,,/scratch/st-zliu-1/heqingz/CrossCarrier_Core6_FullSuite_20260924/manifests/core6_source/77GHz.csv,251,4,1,e01d06d0b9d3f3e385c074db41a6155ae65c581a2529eb6f13a916348783a13b
/arc/project/st-zliu-1/heqingz/datasets/domainGenDataset_core_movements/77GHz/Sit/04090030_1574195313_Raw_0.png,77GHz,Sit,train,,/scratch/st-zliu-1/heqingz/CrossCarrier_Core6_FullSuite_20260924/manifests/core6_source/77GHz.csv,252,4,1,332d67c3d541d9af140ba1b59f34612c1aa769fb2f4417aecd4632d505e672f3
/arc/project/st-zliu-1/heqingz/datasets/domainGenDataset_core_movements/77GHz/Sit/04090030_1574458245_Raw_0.png,77GHz,Sit,train,,/scratch/st-zliu-1/heqingz/CrossCarrier_Core6_FullSuite_20260924/manifests/core6_source/77GHz.csv,253,4,1,929b1a4d663ee0a9a765b504fc5d976998f802b7f319b337b3c08eed54bbc61c
/arc/project/st-zliu-1/heqingz/datasets/domainGenDataset_core_movements/77GHz/Sit/04090029_1574115706_Raw_0.png,77GHz,Sit,train,,/scratch/st-zliu-1/heqingz/CrossCarrier_Core6_FullSuite_20260924/manifests/core6_source/77GHz.csv,254,4,1,f162306c328db550ed566bc9ab5458120f52072d36bc344704d72da36906058a
/arc/project/st-zliu-1/heqingz/datasets/domainGenDataset_core_movements/77GHz/Sit/04090029_1574628440_Raw_0.png,77GHz,Sit,train,,/scratch/st-zliu-1/heqingz/CrossCarrier_Core6_FullSuite_20260924/manifests/core6_source/77GHz.csv,255,4,1,7ba11c2d8546bbc25c3bdab17fa416131deb5b78b2db25707f9c9eb447ca7e8f
/arc/project/st-zliu-1/heqingz/datasets/domainGenDataset_core_movements/77GHz/Sit/04090010_1573838066_Raw_0.png,77GHz,Sit,train,,/scratch/st-zliu-1/heqingz/CrossCarrier_Core6_FullSuite_20260924/manifests/core6_source/77GHz.csv,256,4,1,a06003e1e9506c8eda3e2680ab270b57af14ba282cd0ba8b61df48df760c05e2
/arc/project/st-zliu-1/heqingz/datasets/domainGenDataset_core_movements/77GHz/Sit/04090029_1574115726_Raw_0.png,77GHz,Sit,train,,/scratch/st-zliu-1/heqingz/CrossCarrier_Core6_FullSuite_20260924/manifests/core6_source/77GHz.csv,257,4,1,43b146803a24f00b7168a6cdc0ada03d2e88eab3ef86988617b5305ae689c3e2
/arc/project/st-zliu-1/heqingz/datasets/domainGenDataset_core_movements/77GHz/Sit/04090014_1574697038_Raw_0.png,77GHz,Sit,train,,/scratch/st-zliu-1/heqingz/CrossCarrier_Core6_FullSuite_20260924/manifests/core6_source/77GHz.csv,258,4,1,59d0545fbd69b44f77846ec78502cf59a9dd9b0534d67e3ec1c84327282d05d5
/arc/project/st-zliu-1/heqingz/datasets/domainGenDataset_core_movements/77GHz/Sit/04090029_1574115842_Raw_0.png,77GHz,Sit,train,,/scratch/st-zliu-1/heqingz/CrossCarrier_Core6_FullSuite_20260924/manifests/core6_source/77GHz.csv,259,4,1,6c2ebf7407af6476f3d2303c2ef4101855988283bc126622e3165102a9c5ebb9
/arc/project/st-zliu-1/heqingz/datasets/domainGenDataset_core_movements/77GHz/Sit/04090014_1574697993_Raw_0.png,77GHz,Sit,train,,/scratch/st-zliu-1/heqingz/CrossCarrier_Core6_FullSuite_20260924/manifests/core6_source/77GHz.csv,260,4,1,5cdf9685b41e014c60ff46ba1ee1a67afd0d755c5199e8eeb235fdb19844ce82
/arc/project/st-zliu-1/heqingz/datasets/domainGenDataset_core_movements/77GHz/Sit/04090010_1573838334_Raw_0.png,77GHz,Sit,train,,/scratch/st-zliu-1/heqingz/CrossCarrier_Core6_FullSuite_20260924/manifests/core6_source/77GHz.csv,261,4,1,688e85563225161bb7741fa50e6898f28561aeed802e1e5f08a29233b1f133da
/arc/project/st-zliu-1/heqingz/datasets/domainGenDataset_core_movements/77GHz/Sit/04090030_1574195351_Raw_0.png,77GHz,Sit,train,,/scratch/st-zliu-1/heqingz/CrossCarrier_Core6_FullSuite_20260924/manifests/core6_source/77GHz.csv,262,4,1,f67ba8d1bebfb1ff766382c557bff7dffbf3a9bb5af5dfe9ebb8a9dc70623210
/arc/project/st-zliu-1/heqingz/datasets/domainGenDataset_core_movements/77GHz/Sit/04090029_1574628309_Raw_0.png,77GHz,Sit,train,,/scratch/st-zliu-1/heqingz/CrossCarrier_Core6_FullSuite_20260924/manifests/core6_source/77GHz.csv,263,4,1,e9cb342fa66d438dad5540498aef6344e667db97571a28c0dd9c59b40bee36ff
/arc/project/st-zliu-1/heqingz/datasets/domainGenDataset_core_movements/77GHz/Sit/04090029_1574628343_Raw_0.png,77GHz,Sit,train,,/scratch/st-zliu-1/heqingz/CrossCarrier_Core6_FullSuite_20260924/manifests/core6_source/77GHz.csv,264,4,1,bf893dc98c644570c818a04065a39e9fc972f235a668c594f1b6035bed30d8a3
/arc/project/st-zliu-1/heqingz/datasets/domainGenDataset_core_movements/77GHz/Sit/04090030_1574458803_Raw_0.png,77GHz,Sit,train,,/scratch/st-zliu-1/heqingz/CrossCarrier_Core6_FullSuite_20260924/manifests/core6_source/77GHz.csv,265,4,1,acdc8a64ce94bfe8ce8bbe83b25ebeb3d0442bee64d4a7223519865b62514505
/arc/project/st-zliu-1/heqingz/datasets/domainGenDataset_core_movements/77GHz/Sit/04090029_1574115686_Raw_0.png,77GHz,Sit,train,,/scratch/st-zliu-1/heqingz/CrossCarrier_Core6_FullSuite_20260924/manifests/core6_source/77GHz.csv,266,4,1,07de224d64a8cafdf26c75dce4a164284565b3c85f5f71bc999d1d81eb79ee98
/arc/project/st-zliu-1/heqingz/datasets/domainGenDataset_core_movements/77GHz/Sit/04090010_1573837993_Raw_0.png,77GHz,Sit,train,,/scratch/st-zliu-1/heqingz/CrossCarrier_Core6_FullSuite_20260924/manifests/core6_source/77GHz.csv,267,4,1,c221d06aab4a6d2939bbbbd5cfc10aa56d297094fcbeabeee9d85104cd58a7c0
/arc/project/st-zliu-1/heqingz/datasets/domainGenDataset_core_movements/77GHz/Sit/04090030_1574195230_Raw_0.png,77GHz,Sit,train,,/scratch/st-zliu-1/heqingz/CrossCarrier_Core6_FullSuite_20260924/manifests/core6_source/77GHz.csv,268,4,1,51da1af703d655ef15774db4869432841aa2b7d780bf025f1a92b8c84cfc4d89
/arc/project/st-zliu-1/heqingz/datasets/domainGenDataset_core_movements/77GHz/Sit/04090014_1574696998_Raw_0.png,77GHz,Sit,train,,/scratch/st-zliu-1/heqingz/CrossCarrier_Core6_FullSuite_20260924/manifests/core6_source/77GHz.csv,269,4,1,86de8d337cbda303c618de289bb02bc12ba0feb61baaecc334da6790a0c9ccea
/arc/project/st-zliu-1/heqingz/datasets/domainGenDataset_core_movements/77GHz/Sit/04090029_1574115784_Raw_0.png,77GHz,Sit,train,,/scratch/st-zliu-1/heqingz/CrossCarrier_Core6_FullSuite_20260924/manifests/core6_source/77GHz.csv,270,4,1,a73814a2fafde7425f3a4a176447960c9f750c0dfd7f9fac2be9e1b06324991b
/arc/project/st-zliu-1/heqingz/datasets/domainGenDataset_core_movements/77GHz/Sit/04090029_1574628120_Raw_0.png,77GHz,Sit,train,,/scratch/st-zliu-1/heqingz/CrossCarrier_Core6_FullSuite_20260924/manifests/core6_source/77GHz.csv,271,4,1,2ba7f0f68ff644721752aa61fb7cd8b5d5800a37e48a850cf4d829132e611d20
/arc/project/st-zliu-1/heqingz/datasets/domainGenDataset_core_movements/77GHz/Sit/04090010_1573838127_Raw_0.png,77GHz,Sit,train,,/scratch/st-zliu-1/heqingz/CrossCarrier_Core6_FullSuite_20260924/manifests/core6_source/77GHz.csv,272,4,1,72c55e78d4d3b2eb09cc5730ade73ce3a8496343951c97ea6e9e67672d0972e0
/arc/project/st-zliu-1/heqingz/datasets/domainGenDataset_core_movements/77GHz/Sit/04090030_1574195332_Raw_0.png,77GHz,Sit,train,,/scratch/st-zliu-1/heqingz/CrossCarrier_Core6_FullSuite_20260924/manifests/core6_source/77GHz.csv,273,4,1,5968a8ca4e9daea809dc5d01f3097e12d1f96a613795417d73ddb81f2c75d040
/arc/project/st-zliu-1/heqingz/datasets/domainGenDataset_core_movements/77GHz/Sit/04090029_1574628461_Raw_0.png,77GHz,Sit,train,,/scratch/st-zliu-1/heqingz/CrossCarrier_Core6_FullSuite_20260924/manifests/core6_source/77GHz.csv,274,4,1,6116821de64b4913ec7dbd2f7467cb0be8a3bfb19a27cb1004d5ec87764de71d
/arc/project/st-zliu-1/heqingz/datasets/domainGenDataset_core_movements/77GHz/Sit/04090014_1574697917_Raw_0.png,77GHz,Sit,train,,/scratch/st-zliu-1/heqingz/CrossCarrier_Core6_FullSuite_20260924/manifests/core6_source/77GHz.csv,275,4,1,d2f40257451831234bf9bd259d8e8438b49a7b87c74fc24b9f5007fc7e64ab05
/arc/project/st-zliu-1/heqingz/datasets/domainGenDataset_core_movements/77GHz/Sit/04090010_1573838030_Raw_0.png,77GHz,Sit,train,,/scratch/st-zliu-1/heqingz/CrossCarrier_Core6_FullSuite_20260924/manifests/core6_source/77GHz.csv,276,4,1,439735aec94280859a9082c457bba22380deb5178b2bf736e500dd5ab2adc575
/arc/project/st-zliu-1/heqingz/datasets/domainGenDataset_core_movements/77GHz/Sit/04090010_1573838201_Raw_0.png,77GHz,Sit,train,,/scratch/st-zliu-1/heqingz/CrossCarrier_Core6_FullSuite_20260924/manifests/core6_source/77GHz.csv,277,4,1,ad3f2af67fd2fd4af3089e32c29d71b0b15e70e2f52038fb86f2ec5145534b87
/arc/project/st-zliu-1/heqingz/datasets/domainGenDataset_core_movements/77GHz/Sit/04090030_1574458265_Raw_0.png,77GHz,Sit,train,,/scratch/st-zliu-1/heqingz/CrossCarrier_Core6_FullSuite_20260924/manifests/core6_source/77GHz.csv,278,4,1,f5e932ed97c50d345e6c970fe52dccf6b8ebb890cd0bbb6284f1cf99da86dfe1
/arc/project/st-zliu-1/heqingz/datasets/domainGenDataset_core_movements/77GHz/Sit/04090030_1574458188_Raw_0.png,77GHz,Sit,train,,/scratch/st-zliu-1/heqingz/CrossCarrier_Core6_FullSuite_20260924/manifests/core6_source/77GHz.csv,279,4,1,56f2a7678fe132321095fccac9ffdb8f73f0ff3180d4fefa0d7e1a557f1ef591
/arc/project/st-zliu-1/heqingz/datasets/domainGenDataset_core_movements/77GHz/Sit/04090014_1574697897_Raw_0.png,77GHz,Sit,train,,/scratch/st-zliu-1/heqingz/CrossCarrier_Core6_FullSuite_20260924/manifests/core6_source/77GHz.csv,280,4,1,4f2369193a877cda6e87217cfa8727aeec778ba998a1f8c3e9450a9d9bf73e14
/arc/project/st-zliu-1/heqingz/datasets/domainGenDataset_core_movements/77GHz/Sit/04090014_1574697955_Raw_0.png,77GHz,Sit,train,,/scratch/st-zliu-1/heqingz/CrossCarrier_Core6_FullSuite_20260924/manifests/core6_source/77GHz.csv,281,4,1,3cdf2e6a230a624476df7c6835481bc259a688f36762b4ece3febf9c87b3e29f
/arc/project/st-zliu-1/heqingz/datasets/domainGenDataset_core_movements/77GHz/Towards/04050029_1574626078_Raw_0.png,77GHz,Towards,train,,/scratch/st-zliu-1/heqingz/CrossCarrier_Core6_FullSuite_20260924/manifests/core6_source/77GHz.csv,300,5,1,02b18e8cc6d6aa22c1b713c395e3e10c01c4407683b13ee5425e7369837c3a4e
/arc/project/st-zliu-1/heqingz/datasets/domainGenDataset_core_movements/77GHz/Towards/04050029_1574626372_Raw_0.png,77GHz,Towards,train,,/scratch/st-zliu-1/heqingz/CrossCarrier_Core6_FullSuite_20260924/manifests/core6_source/77GHz.csv,301,5,1,5e04c112c458ae60ad3514dbab6ab24cf1aec8b05c55a6ccd4ee13947f52fc65
/arc/project/st-zliu-1/heqingz/datasets/domainGenDataset_core_movements/77GHz/Towards/04050010_1573836889_Raw_0.png,77GHz,Towards,train,,/scratch/st-zliu-1/heqingz/CrossCarrier_Core6_FullSuite_20260924/manifests/core6_source/77GHz.csv,302,5,1,ae297b62040a508ad2990dc95564d0791ce01ea29b1fa310f16bc366e4027168
/arc/project/st-zliu-1/heqingz/datasets/domainGenDataset_core_movements/77GHz/Towards/04050030_1574194013_Raw_0.png,77GHz,Towards,train,,/scratch/st-zliu-1/heqingz/CrossCarrier_Core6_FullSuite_20260924/manifests/core6_source/77GHz.csv,303,5,1,d63a635d6a3161d63a602f566fec53500b64e8b41b00e8212f7e46ea420d0bd2
/arc/project/st-zliu-1/heqingz/datasets/domainGenDataset_core_movements/77GHz/Towards/04050030_1574193843_Raw_0.png,77GHz,Towards,train,,/scratch/st-zliu-1/heqingz/CrossCarrier_Core6_FullSuite_20260924/manifests/core6_source/77GHz.csv,304,5,1,047f639f0cab3346de7f2c3396cbb639ffcce3080fba73fb75faa1d1117e8580
/arc/project/st-zliu-1/heqingz/datasets/domainGenDataset_core_movements/77GHz/Towards/04050029_1574114550_Raw_0.png,77GHz,Towards,train,,/scratch/st-zliu-1/heqingz/CrossCarrier_Core6_FullSuite_20260924/manifests/core6_source/77GHz.csv,305,5,1,a253122eb16ccf208cbdfc8eaafe91138cdd9e3e811fb296d11d4c7e0d7a39a3
/arc/project/st-zliu-1/heqingz/datasets/domainGenDataset_core_movements/77GHz/Towards/04050029_1574114606_Raw_0.png,77GHz,Towards,train,,/scratch/st-zliu-1/heqingz/CrossCarrier_Core6_FullSuite_20260924/manifests/core6_source/77GHz.csv,306,5,1,3afc002d3770d34c716b51885f886ea3785c03f8e1823524183a23eebd951b2f
/arc/project/st-zliu-1/heqingz/datasets/domainGenDataset_core_movements/77GHz/Towards/04050030_1574193880_Raw_0.png,77GHz,Towards,train,,/scratch/st-zliu-1/heqingz/CrossCarrier_Core6_FullSuite_20260924/manifests/core6_source/77GHz.csv,307,5,1,edb9aa7e62349cf5005da6452b42f12cc787a7e1a4febebc40e2c19730ed2661
/arc/project/st-zliu-1/heqingz/datasets/domainGenDataset_core_movements/77GHz/Towards/04050029_1574626164_Raw_0.png,77GHz,Towards,train,,/scratch/st-zliu-1/heqingz/CrossCarrier_Core6_FullSuite_20260924/manifests/core6_source/77GHz.csv,308,5,1,eb1512e8cfe660026229fb56ec1849075359c83b8354b022f9d06fb89361067f
/arc/project/st-zliu-1/heqingz/datasets/domainGenDataset_core_movements/77GHz/Towards/04050029_1574114268_Raw_0.png,77GHz,Towards,train,,/scratch/st-zliu-1/heqingz/CrossCarrier_Core6_FullSuite_20260924/manifests/core6_source/77GHz.csv,309,5,1,0a33678adef25d2f488496d16183b10c193f81fe520676da27df24c083295cb6
/arc/project/st-zliu-1/heqingz/datasets/domainGenDataset_core_movements/77GHz/Towards/04050029_1574626039_Raw_0.png,77GHz,Towards,train,,/scratch/st-zliu-1/heqingz/CrossCarrier_Core6_FullSuite_20260924/manifests/core6_source/77GHz.csv,310,5,1,f0fb2ed308af1680d959f9aa1c70b33671973916e968c19db4e0f458b6cbc7e3
/arc/project/st-zliu-1/heqingz/datasets/domainGenDataset_core_movements/77GHz/Towards/04000000_1574696201_Raw_0.png,77GHz,Towards,train,,/scratch/st-zliu-1/heqingz/CrossCarrier_Core6_FullSuite_20260924/manifests/core6_source/77GHz.csv,311,5,1,1bb4908266d631c736455270368fe904036e46e160cdde6fc6418a068e9b091a
/arc/project/st-zliu-1/heqingz/datasets/domainGenDataset_core_movements/77GHz/Towards/04050030_1574456906_Raw_0 (copy).png,77GHz,Towards,train,,/scratch/st-zliu-1/heqingz/CrossCarrier_Core6_FullSuite_20260924/manifests/core6_source/77GHz.csv,312,5,1,769151cc360985a05e85eacf2e0ab9070573dd9f803902d910230683d300c983
/arc/project/st-zliu-1/heqingz/datasets/domainGenDataset_core_movements/77GHz/Towards/04050010_1573837067_Raw_0.png,77GHz,Towards,train,,/scratch/st-zliu-1/heqingz/CrossCarrier_Core6_FullSuite_20260924/manifests/core6_source/77GHz.csv,313,5,1,069936ebf7005fd720728f400c726cdaa18fb9d8bc23cb40563c1f66c3fff9c0
/arc/project/st-zliu-1/heqingz/datasets/domainGenDataset_core_movements/77GHz/Towards/04050030_1574456705_Raw_0.png,77GHz,Towards,train,,/scratch/st-zliu-1/heqingz/CrossCarrier_Core6_FullSuite_20260924/manifests/core6_source/77GHz.csv,314,5,1,05111162953583b0aa9e6e5c5341eea94c1be6de18c8a5a9f80e1abaa5f45a00
/arc/project/st-zliu-1/heqingz/datasets/domainGenDataset_core_movements/77GHz/Towards/04050030_1574456884_Raw_0.png,77GHz,Towards,train,,/scratch/st-zliu-1/heqingz/CrossCarrier_Core6_FullSuite_20260924/manifests/core6_source/77GHz.csv,315,5,1,b1625c7efcbe1786e2e13ad2aa4f0a220a8c2a1b023e081617b47ae2bd56ebe3
/arc/project/st-zliu-1/heqingz/datasets/domainGenDataset_core_movements/77GHz/Towards/04000000_1574696243_Raw_0.png,77GHz,Towards,train,,/scratch/st-zliu-1/heqingz/CrossCarrier_Core6_FullSuite_20260924/manifests/core6_source/77GHz.csv,316,5,1,3d51680ab742d818c2d7396cd07b993fce5ce26bb7e86041f0fa13aea50ccb75
/arc/project/st-zliu-1/heqingz/datasets/domainGenDataset_core_movements/77GHz/Towards/04000000_1574696114_Raw_0.png,77GHz,Towards,train,,/scratch/st-zliu-1/heqingz/CrossCarrier_Core6_FullSuite_20260924/manifests/core6_source/77GHz.csv,317,5,1,fd3a8ee08444bf25cef135280cb6f52d0b11fbf2287c5c0055705989f5600258
/arc/project/st-zliu-1/heqingz/datasets/domainGenDataset_core_movements/77GHz/Towards/04050030_1574456812_Raw_0.png,77GHz,Towards,train,,/scratch/st-zliu-1/heqingz/CrossCarrier_Core6_FullSuite_20260924/manifests/core6_source/77GHz.csv,318,5,1,4adca0a510518c2f61cf531e79aed6d5b792deaa41a42263ca8ba7ce522f11d7
/arc/project/st-zliu-1/heqingz/datasets/domainGenDataset_core_movements/77GHz/Towards/04000000_1574696280_Raw_0.png,77GHz,Towards,train,,/scratch/st-zliu-1/heqingz/CrossCarrier_Core6_FullSuite_20260924/manifests/core6_source/77GHz.csv,319,5,1,8dec82d41c39daeb9c3c957a9c0e6487868c7bd18355135d70d3f76938de567a
/arc/project/st-zliu-1/heqingz/datasets/domainGenDataset_core_movements/77GHz/Towards/04050030_1574456837_Raw_0.png,77GHz,Towards,train,,/scratch/st-zliu-1/heqingz/CrossCarrier_Core6_FullSuite_20260924/manifests/core6_source/77GHz.csv,320,5,1,9b93e89559e60c89a1724096e60addcffc092b3404691c6d505b2af5997f71ef
/arc/project/st-zliu-1/heqingz/datasets/domainGenDataset_core_movements/77GHz/Towards/04050010_1573836980_Raw_0.png,77GHz,Towards,train,,/scratch/st-zliu-1/heqingz/CrossCarrier_Core6_FullSuite_20260924/manifests/core6_source/77GHz.csv,321,5,1,c58d22bfea590c66c37923c8538ac45aa7e5f22a8d49def2025ed289c482fb96
/arc/project/st-zliu-1/heqingz/datasets/domainGenDataset_core_movements/77GHz/Towards/04050030_1574456771_Raw_0.png,77GHz,Towards,train,,/scratch/st-zliu-1/heqingz/CrossCarrier_Core6_FullSuite_20260924/manifests/core6_source/77GHz.csv,322,5,1,4d3af1cd9dab4281c5e09ba5d919ef4c55249be877197f452d1430d2ae3442d5
/arc/project/st-zliu-1/heqingz/datasets/domainGenDataset_core_movements/77GHz/Towards/04000000_1574696136_Raw_0.png,77GHz,Towards,train,,/scratch/st-zliu-1/heqingz/CrossCarrier_Core6_FullSuite_20260924/manifests/core6_source/77GHz.csv,323,5,1,3f6d355fdb339aeb96db39b50ce9025f749dc43ff0f836071a9c61dcfbff2b26
/arc/project/st-zliu-1/heqingz/datasets/domainGenDataset_core_movements/77GHz/Towards/04050010_1573836957_Raw_0.png,77GHz,Towards,train,,/scratch/st-zliu-1/heqingz/CrossCarrier_Core6_FullSuite_20260924/manifests/core6_source/77GHz.csv,324,5,1,ff03720c3a002837fe709ba513d9c935d2370b903a336c4158b036e7718a1c42
/arc/project/st-zliu-1/heqingz/datasets/domainGenDataset_core_movements/77GHz/Towards/04050010_1573837002_Raw_0.png,77GHz,Towards,train,,/scratch/st-zliu-1/heqingz/CrossCarrier_Core6_FullSuite_20260924/manifests/core6_source/77GHz.csv,325,5,1,46384e3126123ca4ed0e034c9cc0a1fe9a37927f0d7e118e0a4bcd65653f960e
/arc/project/st-zliu-1/heqingz/datasets/domainGenDataset_core_movements/77GHz/Towards/04050030_1574456596_Raw_0.png,77GHz,Towards,train,,/scratch/st-zliu-1/heqingz/CrossCarrier_Core6_FullSuite_20260924/manifests/core6_source/77GHz.csv,326,5,1,c5457a6b63f4572ed7e583e9e125de8ca6fbcf5bedc6ff8bed06fe49c272ecce
/arc/project/st-zliu-1/heqingz/datasets/domainGenDataset_core_movements/77GHz/Towards/04050010_1573836864_Raw_0.png,77GHz,Towards,train,,/scratch/st-zliu-1/heqingz/CrossCarrier_Core6_FullSuite_20260924/manifests/core6_source/77GHz.csv,327,5,1,2820bd7c9b80efdf4d52ad813f0bbee208ba19b24e1118bb3e68c801507dca43
/arc/project/st-zliu-1/heqingz/datasets/domainGenDataset_core_movements/77GHz/Towards/04050030_1574456646_Raw_0.png,77GHz,Towards,train,,/scratch/st-zliu-1/heqingz/CrossCarrier_Core6_FullSuite_20260924/manifests/core6_source/77GHz.csv,328,5,1,08f6310ab7df3255bc0eb191486b33b622d5517f98cbce7e40643ef31c84c211
/arc/project/st-zliu-1/heqingz/datasets/domainGenDataset_core_movements/77GHz/Towards/04050029_1574626188_Raw_0.png,77GHz,Towards,train,,/scratch/st-zliu-1/heqingz/CrossCarrier_Core6_FullSuite_20260924/manifests/core6_source/77GHz.csv,329,5,1,f7882858604acbecd9b5b398d0efa2a9137b031569ec8a0f9990c0eff7914176
/arc/project/st-zliu-1/heqingz/datasets/domainGenDataset_core_movements/77GHz/Towards/04050030_1574194043_Raw_0.png,77GHz,Towards,train,,/scratch/st-zliu-1/heqingz/CrossCarrier_Core6_FullSuite_20260924/manifests/core6_source/77GHz.csv,330,5,1,069aa5077a59afe36a6befb45766443ca86bcb7d52d33de6add81584ef238b9e
/arc/project/st-zliu-1/heqingz/datasets/domainGenDataset_core_movements/77GHz/Towards/04050030_1574194068_Raw_0.png,77GHz,Towards,train,,/scratch/st-zliu-1/heqingz/CrossCarrier_Core6_FullSuite_20260924/manifests/core6_source/77GHz.csv,331,5,1,347400fc244b0962a71adec7b16bbd563b6536ccc7da2a4947c2003708f4eeff
/arc/project/st-zliu-1/heqingz/datasets/domainGenDataset_core_movements/77GHz/Towards/04050030_1574456906_Raw_0.png,77GHz,Towards,train,,/scratch/st-zliu-1/heqingz/CrossCarrier_Core6_FullSuite_20260924/manifests/core6_source/77GHz.csv,332,5,1,769151cc360985a05e85eacf2e0ab9070573dd9f803902d910230683d300c983
/arc/project/st-zliu-1/heqingz/datasets/domainGenDataset_core_movements/77GHz/Towards/04050010_1573837045_Raw_0.png,77GHz,Towards,train,,/scratch/st-zliu-1/heqingz/CrossCarrier_Core6_FullSuite_20260924/manifests/core6_source/77GHz.csv,333,5,1,60a9ee7bae299a4f5f35e5f42cf5aaa2037d353210a1d12cb26e4326b18256f0
/arc/project/st-zliu-1/heqingz/datasets/domainGenDataset_core_movements/77GHz/Towards/04050010_1573836822_Raw_0.png,77GHz,Towards,train,,/scratch/st-zliu-1/heqingz/CrossCarrier_Core6_FullSuite_20260924/manifests/core6_source/77GHz.csv,334,5,1,9e265f7d3cc467d74cc9851645f3db872ae6e7ed69a3c0f7240b2ab2d8fc6326
/arc/project/st-zliu-1/heqingz/datasets/domainGenDataset_core_movements/77GHz/Towards/04050029_1574626392_Raw_0.png,77GHz,Towards,train,,/scratch/st-zliu-1/heqingz/CrossCarrier_Core6_FullSuite_20260924/manifests/core6_source/77GHz.csv,335,5,1,04e9cc880620add04bc198e5bd79df11723d9f48df03d2e6b298e63c1edcad1a
/arc/project/st-zliu-1/heqingz/datasets/domainGenDataset_core_movements/77GHz/Towards/04050029_1574626307_Raw_0.png,77GHz,Towards,train,,/scratch/st-zliu-1/heqingz/CrossCarrier_Core6_FullSuite_20260924/manifests/core6_source/77GHz.csv,336,5,1,a7aec468ad2e86dcd7af00787e5bf936581680b73ed47c14c72f43dba6c5c478
/arc/project/st-zliu-1/heqingz/datasets/domainGenDataset_core_movements/77GHz/Towards/04050010_1573836925_Raw_0.png,77GHz,Towards,train,,/scratch/st-zliu-1/heqingz/CrossCarrier_Core6_FullSuite_20260924/manifests/core6_source/77GHz.csv,337,5,1,57aa5a312062a9e57c90e143376dece267c89fdde71fe33d72f4d2fc713c7850
/arc/project/st-zliu-1/heqingz/datasets/domainGenDataset_core_movements/77GHz/Towards/04050030_1574194145_Raw_0.png,77GHz,Towards,train,,/scratch/st-zliu-1/heqingz/CrossCarrier_Core6_FullSuite_20260924/manifests/core6_source/77GHz.csv,338,5,1,4b0f10e7ecab1943e4ca4d286d26c96ef04c7631363f7f46ec75c95d181a691c
/arc/project/st-zliu-1/heqingz/datasets/domainGenDataset_core_movements/77GHz/Towards/04050029_1574114569_Raw_0.png,77GHz,Towards,train,,/scratch/st-zliu-1/heqingz/CrossCarrier_Core6_FullSuite_20260924/manifests/core6_source/77GHz.csv,339,5,1,97050c754a41fa28c2802e828029ef0e481bc0dc4852c067c39d35edf3e04b7c
/arc/project/st-zliu-1/heqingz/datasets/domainGenDataset_core_movements/77GHz/Towards/04050029_1574114447_Raw_0.png,77GHz,Towards,train,,/scratch/st-zliu-1/heqingz/CrossCarrier_Core6_FullSuite_20260924/manifests/core6_source/77GHz.csv,340,5,1,9b7467b81a7c2493be445a70432696d48aecc34a9ca1b0cba9e206fabaf1dc02
/arc/project/st-zliu-1/heqingz/datasets/domainGenDataset_core_movements/77GHz/Towards/04000000_1574696180_Raw_0.png,77GHz,Towards,train,,/scratch/st-zliu-1/heqingz/CrossCarrier_Core6_FullSuite_20260924/manifests/core6_source/77GHz.csv,341,5,1,5fe40cfc6a374c7e60c8e8d0ebae2039b221608165a64ea0309f594b88585f70
