[23:50:33] run_dir=/scratch/st-zliu-1/heqingz/CrossCarrier_Fresh_20260922/CrossCarrier_Repro/EXPERIMENTSRESULT/REVISION_5090/SUPP_ABLATION/SCHED_fixednarrow_ACR/seed31415
[23:50:33] device=cuda
[23:50:33] backbone=vit_large_patch16_dinov3.lvd1689m
[23:50:33] env: manifest_dir=/scratch/st-zliu-1/heqingz/CrossCarrier_Fresh_20260922/CrossCarrier_Repro/tasks/known_people_unknown_freq/manifest dataset_root=/scratch/st-zliu-1/heqingz/CrossCarrier_Fresh_20260922/CrossCarrier_Repro use_dann=False selection=source_val_acc_ema adapter_mode=lora
[23:50:33] set_seed(31415)
[23:50:50] [fast_gpu] source cache 644 imgs (0.39GB) on cuda
[23:50:50] train_source=644 train_src_rows=10:302 24:342 source_steps/epoch=40 val_all=162 heldout77_unused=140 test77_final=278
[23:50:50] [test77_split] seed=42 dev_per_class=20
[23:52:36] trainable params=2444546 (encoder_lora+neck+head + miro_proj+v15_falsification+v13_residual_split+v13_grl_carrier_adv)
[23:52:36] logit_prior=[-1.9678890705108643, -1.913821816444397, -1.8427258729934692, -1.9678890705108643, -2.0133514404296875, -1.8929877281188965, -2.036881923675537]
[23:52:36] use_dann=False
[23:52:36] use_das=True
[23:52:36] das_mode=fixed_narrow initial_stage={'name': 'fixed_narrow', 'p': 1.0, 'f_low': 10.0, 'f_high': 30.0}
[23:52:36] aug_flags: USE_HFT=True USE_SPEC_AUGMENT=True
[23:52:36] adapter_mode=lora
[23:52:36] schedule: epochs=100 steps/epoch=40 imgs/step=16 total_steps=4000 total_imgs=64000 warmup_steps=120
[23:52:36] source_qualified_policy: val_acc_ema>=0.90 candidates are recorded; best candidate by 77GHz F1 is saved as diagnostic
[23:52:36] [pool] init threshold=0.90 period=10 selection=dev77_f1
[23:52:36] [train] epoch 1/100 steps=40 use_dann=0 das=fixed_narrow f=[10.0,30.0] p=1.00 gpu=3.0/3.0GB
[23:52:44] [train] ep=01 step=001/40 ce=7.9222 sc=3.0655 mi=1.0271 dn=0.0000 v13=0.0226 grl=2.5468 v15=0.0000 v15r=0.0000 v16=0.0000 v17=0.0000 v18=0.0000 acc=0.1250 lr=2.50e-06 lambda=0.000 grl_lambda=0.000 v18_lambda=0.000 gpu=3.0/11.8GB
[23:52:50] [train] ep=01 step=010/40 ce=8.0370 sc=2.7945 mi=1.0158 dn=0.0000 v13=0.0093 grl=2.3720 v15=0.0000 v15r=0.0000 v16=0.0000 v17=0.0000 v18=0.0000 acc=0.1625 lr=2.50e-05 lambda=0.000 grl_lambda=0.011 v18_lambda=0.000 gpu=3.0/11.8GB
[23:52:56] [train] ep=01 step=020/40 ce=7.9386 sc=2.8135 mi=0.9661 dn=0.0000 v13=0.0085 grl=2.2029 v15=0.0000 v15r=0.0000 v16=0.0000 v17=0.0000 v18=0.0000 acc=0.1625 lr=5.00e-05 lambda=0.000 grl_lambda=0.024 v18_lambda=0.000 gpu=3.0/11.8GB
[23:53:01] [train] ep=01 step=030/40 ce=7.8461 sc=2.8221 mi=0.8920 dn=0.0000 v13=0.0067 grl=1.9981 v15=0.0000 v15r=0.0000 v16=0.0000 v17=0.0000 v18=0.0000 acc=0.1729 lr=7.50e-05 lambda=0.000 grl_lambda=0.036 v18_lambda=0.000 gpu=3.0/11.8GB
[23:53:07] [train] ep=01 step=040/40 ce=7.7885 sc=2.8023 mi=0.8066 dn=0.0000 v13=0.0057 grl=1.7342 v15=0.0000 v15r=0.0000 v16=0.0000 v17=0.0000 v18=0.0000 acc=0.1859 lr=1.00e-04 lambda=0.000 grl_lambda=0.049 v18_lambda=0.000 gpu=3.0/11.8GB
[23:53:13] [ep_summary] ep=01/100 val_live=0.1543/0.0577 val_ema=0.0000/0.0000 test77_live=0.2014/0.0945 test77_diag_ema=0.0000/0.0000 v13=0.0057 grl=1.7342 v15=0.0000 v15r=0.0000 v16=0.0000 v17=0.0000 v18=0.0000 das=fixed_narrow[10,30] p=1.00 ep_time=37.2s
[23:53:13] [train] epoch 2/100 steps=40 use_dann=0 das=fixed_narrow f=[10.0,30.0] p=1.00 gpu=3.0/11.8GB
[23:53:14] [train] ep=02 step=001/40 ce=7.5838 sc=2.8391 mi=0.4579 dn=0.0000 v13=0.0022 grl=0.4771 v15=0.0000 v15r=0.0000 v16=0.0000 v17=0.0000 v18=0.0000 acc=0.1250 lr=1.02e-04 lambda=0.000 grl_lambda=0.050 v18_lambda=0.000 gpu=3.0/11.8GB
[23:53:19] [train] ep=02 step=010/40 ce=7.4821 sc=2.7851 mi=0.3840 dn=0.0000 v13=0.0023 grl=0.2391 v15=0.0000 v15r=0.0000 v16=0.0000 v17=0.0000 v18=0.0000 acc=0.2875 lr=1.25e-04 lambda=0.000 grl_lambda=0.061 v18_lambda=0.000 gpu=3.0/11.8GB
[23:53:25] [train] ep=02 step=020/40 ce=7.3552 sc=2.7446 mi=0.3276 dn=0.0000 v13=0.0023 grl=0.2109 v15=0.0000 v15r=0.0000 v16=0.0000 v17=0.0000 v18=0.0000 acc=0.3125 lr=1.50e-04 lambda=0.000 grl_lambda=0.074 v18_lambda=0.000 gpu=3.0/11.8GB
[23:53:30] [train] ep=02 step=030/40 ce=7.2623 sc=2.7396 mi=0.2896 dn=0.0000 v13=0.0024 grl=0.1756 v15=0.0000 v15r=0.0000 v16=0.0000 v17=0.0000 v18=0.0000 acc=0.3250 lr=1.75e-04 lambda=0.000 grl_lambda=0.086 v18_lambda=0.000 gpu=3.0/11.8GB
[23:53:36] [train] ep=02 step=040/40 ce=7.1279 sc=2.7192 mi=0.2628 dn=0.0000 v13=0.0023 grl=0.1574 v15=0.0000 v15r=0.0000 v16=0.0000 v17=0.0000 v18=0.0000 acc=0.3469 lr=2.00e-04 lambda=0.000 grl_lambda=0.098 v18_lambda=0.000 gpu=3.0/11.8GB
[23:53:42] [ep_summary] ep=02/100 val_live=0.5309/0.4560 val_ema=0.0000/0.0000 test77_live=0.2014/0.1214 test77_diag_ema=0.0000/0.0000 v13=0.0023 grl=0.1574 v15=0.0000 v15r=0.0000 v16=0.0000 v17=0.0000 v18=0.0000 das=fixed_narrow[10,30] p=1.00 ep_time=28.7s
[23:53:42] [train] epoch 3/100 steps=40 use_dann=0 das=fixed_narrow f=[10.0,30.0] p=1.00 gpu=3.0/11.8GB
[23:53:42] [train] ep=03 step=001/40 ce=5.9364 sc=2.6298 mi=0.1874 dn=0.0000 v13=0.0013 grl=0.2021 v15=0.0000 v15r=0.0000 v16=0.0000 v17=0.0000 v18=0.0000 acc=0.5000 lr=2.02e-04 lambda=0.000 grl_lambda=0.100 v18_lambda=0.000 gpu=3.0/11.8GB
[23:53:47] [train] ep=03 step=010/40 ce=6.0308 sc=2.4929 mi=0.1801 dn=0.0000 v13=0.0013 grl=0.1378 v15=0.0000 v15r=0.0000 v16=0.0000 v17=0.0000 v18=0.0000 acc=0.5125 lr=2.25e-04 lambda=0.000 grl_lambda=0.111 v18_lambda=0.000 gpu=3.0/11.8GB
[23:53:53] [train] ep=03 step=020/40 ce=5.7811 sc=2.4132 mi=0.1734 dn=0.0000 v13=0.0014 grl=0.1267 v15=0.0000 v15r=0.0000 v16=0.0000 v17=0.0000 v18=0.0000 acc=0.5531 lr=2.50e-04 lambda=0.000 grl_lambda=0.123 v18_lambda=0.000 gpu=3.0/11.8GB
[23:53:59] [train] ep=03 step=030/40 ce=5.1947 sc=2.2875 mi=0.1774 dn=0.0000 v13=0.0015 grl=0.1447 v15=0.0000 v15r=0.0000 v16=0.0000 v17=0.0000 v18=0.0000 acc=0.6083 lr=2.75e-04 lambda=0.000 grl_lambda=0.135 v18_lambda=0.000 gpu=3.0/11.8GB
[23:54:05] [train] ep=03 step=040/40 ce=4.9159 sc=2.2451 mi=0.1856 dn=0.0000 v13=0.0016 grl=0.1456 v15=0.0000 v15r=0.0000 v16=0.0000 v17=0.0000 v18=0.0000 acc=0.6422 lr=3.00e-04 lambda=0.000 grl_lambda=0.148 v18_lambda=0.000 gpu=3.0/11.8GB
[23:54:10] [ep_summary] ep=03/100 val_live=0.7469/0.7266 val_ema=0.0000/0.0000 test77_live=0.6439/0.5496 test77_diag_ema=0.0000/0.0000 v13=0.0016 grl=0.1456 v15=0.0000 v15r=0.0000 v16=0.0000 v17=0.0000 v18=0.0000 das=fixed_narrow[10,30] p=1.00 ep_time=28.5s
[23:54:10] [train] epoch 4/100 steps=40 use_dann=0 das=fixed_narrow f=[10.0,30.0] p=1.00 gpu=3.0/11.8GB
[23:54:11] [train] ep=04 step=001/40 ce=3.1103 sc=1.4329 mi=0.2249 dn=0.0000 v13=0.0025 grl=0.1636 v15=0.0000 v15r=0.0000 v16=0.0000 v17=0.0000 v18=0.0000 acc=0.8750 lr=3.00e-04 lambda=0.000 grl_lambda=0.149 v18_lambda=0.000 gpu=3.0/11.8GB
[23:54:16] [train] ep=04 step=010/40 ce=3.6040 sc=1.9070 mi=0.2141 dn=0.0000 v13=0.0021 grl=0.1956 v15=0.0000 v15r=0.0000 v16=0.0000 v17=0.0000 v18=0.0000 acc=0.7562 lr=3.00e-04 lambda=0.000 grl_lambda=0.160 v18_lambda=0.000 gpu=3.0/11.8GB
[23:54:22] [train] ep=04 step=020/40 ce=3.3835 sc=1.7006 mi=0.1898 dn=0.0000 v13=0.0021 grl=0.1835 v15=0.0000 v15r=0.0000 v16=0.0000 v17=0.0000 v18=0.0000 acc=0.7750 lr=3.00e-04 lambda=0.000 grl_lambda=0.172 v18_lambda=0.000 gpu=3.0/11.8GB
[23:54:27] [train] ep=04 step=030/40 ce=3.4591 sc=1.7128 mi=0.1685 dn=0.0000 v13=0.0019 grl=0.1597 v15=0.0000 v15r=0.0000 v16=0.0000 v17=0.0000 v18=0.0000 acc=0.7812 lr=3.00e-04 lambda=0.000 grl_lambda=0.184 v18_lambda=0.000 gpu=3.0/11.8GB
[23:54:33] [train] ep=04 step=040/40 ce=3.3295 sc=1.7117 mi=0.1529 dn=0.0000 v13=0.0018 grl=0.1547 v15=0.0000 v15r=0.0000 v16=0.0000 v17=0.0000 v18=0.0000 acc=0.7891 lr=3.00e-04 lambda=0.000 grl_lambda=0.196 v18_lambda=0.000 gpu=3.0/11.8GB
[23:54:39] [ep_summary] ep=04/100 val_live=0.8333/0.8070 val_ema=0.0000/0.0000 test77_live=0.6835/0.5801 test77_diag_ema=0.0000/0.0000 v13=0.0018 grl=0.1547 v15=0.0000 v15r=0.0000 v16=0.0000 v17=0.0000 v18=0.0000 das=fixed_narrow[10,30] p=1.00 ep_time=28.5s
[23:54:39] [train] epoch 5/100 steps=40 use_dann=0 das=fixed_narrow f=[10.0,30.0] p=1.00 gpu=3.0/11.8GB
[23:54:39] [train] ep=05 step=001/40 ce=2.7687 sc=1.4908 mi=0.0975 dn=0.0000 v13=0.0013 grl=0.1065 v15=0.0000 v15r=0.0000 v16=0.0000 v17=0.0000 v18=0.0000 acc=0.9375 lr=3.00e-04 lambda=0.000 grl_lambda=0.197 v18_lambda=0.000 gpu=3.0/11.8GB
[23:54:45] [train] ep=05 step=010/40 ce=2.9615 sc=1.6787 mi=0.1047 dn=0.0000 v13=0.0010 grl=0.1299 v15=0.0000 v15r=0.0000 v16=0.0000 v17=0.0000 v18=0.0000 acc=0.8000 lr=3.00e-04 lambda=0.000 grl_lambda=0.208 v18_lambda=0.000 gpu=3.0/11.8GB
[23:54:50] [train] ep=05 step=020/40 ce=2.8495 sc=1.5112 mi=0.1038 dn=0.0000 v13=0.0010 grl=0.1208 v15=0.0000 v15r=0.0000 v16=0.0000 v17=0.0000 v18=0.0000 acc=0.8094 lr=3.00e-04 lambda=0.000 grl_lambda=0.220 v18_lambda=0.000 gpu=3.0/11.8GB
[23:54:56] [train] ep=05 step=030/40 ce=2.9007 sc=1.4933 mi=0.1007 dn=0.0000 v13=0.0009 grl=0.1197 v15=0.0000 v15r=0.0000 v16=0.0000 v17=0.0000 v18=0.0000 acc=0.8042 lr=3.00e-04 lambda=0.000 grl_lambda=0.232 v18_lambda=0.000 gpu=3.0/11.8GB
[23:55:02] [train] ep=05 step=040/40 ce=2.7927 sc=1.4743 mi=0.0977 dn=0.0000 v13=0.0009 grl=0.1181 v15=0.0000 v15r=0.0000 v16=0.0000 v17=0.0000 v18=0.0000 acc=0.8219 lr=3.00e-04 lambda=0.000 grl_lambda=0.244 v18_lambda=0.000 gpu=3.0/11.8GB
[23:55:13] [ep_summary] ep=05/100 val_live=0.8580/0.8629 val_ema=0.1481/0.0674 test77_live=0.5396/0.4568 test77_diag_ema=0.1547/0.0747 v13=0.0009 grl=0.1181 v15=0.0000 v15r=0.0000 v16=0.0000 v17=0.0000 v18=0.0000 das=fixed_narrow[10,30] p=1.00 ep_time=34.7s
[23:55:13] [save] best_sourceval_ema val_acc_ema=0.1481 source_val_live=0.8580/0.8629 source_val_ema=0.1481/0.0674 ep=5
[23:55:13] [train] epoch 6/100 steps=40 use_dann=0 das=fixed_narrow f=[10.0,30.0] p=1.00 gpu=3.0/11.8GB
[23:55:14] [train] ep=06 step=001/40 ce=2.1158 sc=1.1488 mi=0.0910 dn=0.0000 v13=0.0004 grl=0.1486 v15=0.0000 v15r=0.0000 v16=0.0000 v17=0.0000 v18=0.0000 acc=0.8750 lr=3.00e-04 lambda=0.000 grl_lambda=0.245 v18_lambda=0.000 gpu=3.0/11.8GB
[23:55:19] [train] ep=06 step=010/40 ce=2.4047 sc=1.4080 mi=0.0929 dn=0.0000 v13=0.0009 grl=0.1314 v15=0.0000 v15r=0.0000 v16=0.0000 v17=0.0000 v18=0.0000 acc=0.8625 lr=3.00e-04 lambda=0.000 grl_lambda=0.255 v18_lambda=0.000 gpu=3.0/11.8GB
[23:55:25] [train] ep=06 step=020/40 ce=2.3046 sc=1.3411 mi=0.0922 dn=0.0000 v13=0.0010 grl=0.1167 v15=0.0000 v15r=0.0000 v16=0.0000 v17=0.0000 v18=0.0000 acc=0.8562 lr=3.00e-04 lambda=0.000 grl_lambda=0.267 v18_lambda=0.000 gpu=3.0/11.8GB
[23:55:31] [train] ep=06 step=030/40 ce=2.4605 sc=1.4607 mi=0.0890 dn=0.0000 v13=0.0010 grl=0.1054 v15=0.0000 v15r=0.0000 v16=0.0000 v17=0.0000 v18=0.0000 acc=0.8417 lr=2.99e-04 lambda=0.000 grl_lambda=0.279 v18_lambda=0.000 gpu=3.0/11.8GB
[23:55:37] [train] ep=06 step=040/40 ce=2.3927 sc=1.4076 mi=0.0876 dn=0.0000 v13=0.0009 grl=0.1065 v15=0.0000 v15r=0.0000 v16=0.0000 v17=0.0000 v18=0.0000 acc=0.8406 lr=2.99e-04 lambda=0.000 grl_lambda=0.290 v18_lambda=0.000 gpu=3.0/11.8GB
[23:55:50] [ep_summary] ep=06/100 val_live=0.9259/0.9274 val_ema=0.1605/0.0793 test77_live=0.6367/0.5505 test77_diag_ema=0.1547/0.0666 v13=0.0009 grl=0.1065 v15=0.0000 v15r=0.0000 v16=0.0000 v17=0.0000 v18=0.0000 das=fixed_narrow[10,30] p=1.00 ep_time=36.9s
[23:55:50] [save] best_sourceval_ema val_acc_ema=0.1605 source_val_live=0.9259/0.9274 source_val_ema=0.1605/0.0793 ep=6
[23:55:50] [train] epoch 7/100 steps=40 use_dann=0 das=fixed_narrow f=[10.0,30.0] p=1.00 gpu=3.0/11.8GB
[23:55:51] [train] ep=07 step=001/40 ce=1.5683 sc=1.1744 mi=0.0857 dn=0.0000 v13=0.0008 grl=0.1256 v15=0.0000 v15r=0.0000 v16=0.0000 v17=0.0000 v18=0.0000 acc=0.8750 lr=2.99e-04 lambda=0.000 grl_lambda=0.291 v18_lambda=0.000 gpu=3.0/11.8GB
[23:55:56] [train] ep=07 step=010/40 ce=1.3774 sc=1.1733 mi=0.0826 dn=0.0000 v13=0.0009 grl=0.1121 v15=0.0000 v15r=0.0000 v16=0.0000 v17=0.0000 v18=0.0000 acc=0.9313 lr=2.99e-04 lambda=0.000 grl_lambda=0.302 v18_lambda=0.000 gpu=3.0/11.8GB
[23:56:02] [train] ep=07 step=020/40 ce=1.6863 sc=1.1805 mi=0.0814 dn=0.0000 v13=0.0009 grl=0.1075 v15=0.0000 v15r=0.0000 v16=0.0000 v17=0.0000 v18=0.0000 acc=0.9094 lr=2.99e-04 lambda=0.000 grl_lambda=0.313 v18_lambda=0.000 gpu=3.0/11.8GB
[23:56:08] [train] ep=07 step=030/40 ce=1.6357 sc=1.1445 mi=0.0803 dn=0.0000 v13=0.0009 grl=0.0985 v15=0.0000 v15r=0.0000 v16=0.0000 v17=0.0000 v18=0.0000 acc=0.9125 lr=2.99e-04 lambda=0.000 grl_lambda=0.324 v18_lambda=0.000 gpu=3.0/11.8GB
[23:56:14] [train] ep=07 step=040/40 ce=1.7171 sc=1.1556 mi=0.0797 dn=0.0000 v13=0.0009 grl=0.1015 v15=0.0000 v15r=0.0000 v16=0.0000 v17=0.0000 v18=0.0000 acc=0.9047 lr=2.99e-04 lambda=0.000 grl_lambda=0.335 v18_lambda=0.000 gpu=3.0/11.8GB
[23:56:25] [ep_summary] ep=07/100 val_live=0.9321/0.9326 val_ema=0.2099/0.1236 test77_live=0.5324/0.4078 test77_diag_ema=0.1475/0.0560 v13=0.0009 grl=0.1015 v15=0.0000 v15r=0.0000 v16=0.0000 v17=0.0000 v18=0.0000 das=fixed_narrow[10,30] p=1.00 ep_time=34.5s
[23:56:25] [save] best_sourceval_ema val_acc_ema=0.2099 source_val_live=0.9321/0.9326 source_val_ema=0.2099/0.1236 ep=7
[23:56:25] [train] epoch 8/100 steps=40 use_dann=0 das=fixed_narrow f=[10.0,30.0] p=1.00 gpu=3.0/11.8GB
[23:56:25] [train] ep=08 step=001/40 ce=1.7999 sc=1.3468 mi=0.0703 dn=0.0000 v13=0.0009 grl=0.0661 v15=0.0000 v15r=0.0000 v16=0.0000 v17=0.0000 v18=0.0000 acc=0.8750 lr=2.99e-04 lambda=0.000 grl_lambda=0.336 v18_lambda=0.000 gpu=3.0/11.8GB
[23:56:31] [train] ep=08 step=010/40 ce=1.4723 sc=1.1406 mi=0.0752 dn=0.0000 v13=0.0011 grl=0.0973 v15=0.0000 v15r=0.0000 v16=0.0000 v17=0.0000 v18=0.0000 acc=0.9187 lr=2.99e-04 lambda=0.000 grl_lambda=0.346 v18_lambda=0.000 gpu=3.0/11.8GB
[23:56:37] [train] ep=08 step=020/40 ce=1.4678 sc=1.1543 mi=0.0768 dn=0.0000 v13=0.0010 grl=0.0997 v15=0.0000 v15r=0.0000 v16=0.0000 v17=0.0000 v18=0.0000 acc=0.9187 lr=2.98e-04 lambda=0.000 grl_lambda=0.357 v18_lambda=0.000 gpu=3.0/11.8GB
[23:56:43] [train] ep=08 step=030/40 ce=1.4764 sc=1.1730 mi=0.0757 dn=0.0000 v13=0.0009 grl=0.1024 v15=0.0000 v15r=0.0000 v16=0.0000 v17=0.0000 v18=0.0000 acc=0.9208 lr=2.98e-04 lambda=0.000 grl_lambda=0.368 v18_lambda=0.000 gpu=3.0/11.8GB
[23:56:49] [train] ep=08 step=040/40 ce=1.4419 sc=1.1679 mi=0.0749 dn=0.0000 v13=0.0008 grl=0.0954 v15=0.0000 v15r=0.0000 v16=0.0000 v17=0.0000 v18=0.0000 acc=0.9297 lr=2.98e-04 lambda=0.000 grl_lambda=0.379 v18_lambda=0.000 gpu=3.0/11.8GB
[23:57:00] [ep_summary] ep=08/100 val_live=0.9259/0.9256 val_ema=0.2037/0.1220 test77_live=0.5000/0.4402 test77_diag_ema=0.1331/0.0416 v13=0.0008 grl=0.0954 v15=0.0000 v15r=0.0000 v16=0.0000 v17=0.0000 v18=0.0000 das=fixed_narrow[10,30] p=1.00 ep_time=34.7s
[23:57:00] [train] epoch 9/100 steps=40 use_dann=0 das=fixed_narrow f=[10.0,30.0] p=1.00 gpu=3.0/11.8GB
[23:57:00] [train] ep=09 step=001/40 ce=1.0029 sc=1.1436 mi=0.0941 dn=0.0000 v13=0.0011 grl=0.0717 v15=0.0000 v15r=0.0000 v16=0.0000 v17=0.0000 v18=0.0000 acc=0.9375 lr=2.98e-04 lambda=0.000 grl_lambda=0.380 v18_lambda=0.000 gpu=3.0/11.8GB
[23:57:06] [train] ep=09 step=010/40 ce=1.2661 sc=1.2306 mi=0.0736 dn=0.0000 v13=0.0007 grl=0.0965 v15=0.0000 v15r=0.0000 v16=0.0000 v17=0.0000 v18=0.0000 acc=0.9500 lr=2.98e-04 lambda=0.000 grl_lambda=0.390 v18_lambda=0.000 gpu=3.0/11.8GB
[23:57:12] [train] ep=09 step=020/40 ce=1.1160 sc=1.1033 mi=0.0713 dn=0.0000 v13=0.0008 grl=0.0900 v15=0.0000 v15r=0.0000 v16=0.0000 v17=0.0000 v18=0.0000 acc=0.9563 lr=2.98e-04 lambda=0.000 grl_lambda=0.400 v18_lambda=0.000 gpu=3.0/11.8GB
[23:57:17] [train] ep=09 step=030/40 ce=1.1846 sc=1.0866 mi=0.0713 dn=0.0000 v13=0.0008 grl=0.0871 v15=0.0000 v15r=0.0000 v16=0.0000 v17=0.0000 v18=0.0000 acc=0.9500 lr=2.97e-04 lambda=0.000 grl_lambda=0.411 v18_lambda=0.000 gpu=3.0/11.8GB
[23:57:23] [train] ep=09 step=040/40 ce=1.0682 sc=1.0626 mi=0.0713 dn=0.0000 v13=0.0008 grl=0.0862 v15=0.0000 v15r=0.0000 v16=0.0000 v17=0.0000 v18=0.0000 acc=0.9594 lr=2.97e-04 lambda=0.000 grl_lambda=0.421 v18_lambda=0.000 gpu=3.0/11.8GB
[23:57:35] [ep_summary] ep=09/100 val_live=0.9506/0.9512 val_ema=0.2160/0.1346 test77_live=0.7086/0.6553 test77_diag_ema=0.1403/0.0399 v13=0.0008 grl=0.0862 v15=0.0000 v15r=0.0000 v16=0.0000 v17=0.0000 v18=0.0000 das=fixed_narrow[10,30] p=1.00 ep_time=35.8s
[23:57:35] [save] best_sourceval_ema val_acc_ema=0.2160 source_val_live=0.9506/0.9512 source_val_ema=0.2160/0.1346 ep=9
[23:57:35] [train] epoch 10/100 steps=40 use_dann=0 das=fixed_narrow f=[10.0,30.0] p=1.00 gpu=3.0/11.8GB
[23:57:36] [train] ep=10 step=001/40 ce=0.7805 sc=0.5863 mi=0.0659 dn=0.0000 v13=0.0006 grl=0.0973 v15=0.0000 v15r=0.0000 v16=0.0000 v17=0.0000 v18=0.0000 acc=0.9375 lr=2.97e-04 lambda=0.000 grl_lambda=0.422 v18_lambda=0.000 gpu=3.0/11.8GB
[23:57:41] [train] ep=10 step=010/40 ce=1.0711 sc=1.1075 mi=0.0691 dn=0.0000 v13=0.0007 grl=0.0863 v15=0.0000 v15r=0.0000 v16=0.0000 v17=0.0000 v18=0.0000 acc=0.9500 lr=2.97e-04 lambda=0.000 grl_lambda=0.431 v18_lambda=0.000 gpu=3.0/11.8GB
[23:57:47] [train] ep=10 step=020/40 ce=1.0012 sc=1.1038 mi=0.0689 dn=0.0000 v13=0.0007 grl=0.0927 v15=0.0000 v15r=0.0000 v16=0.0000 v17=0.0000 v18=0.0000 acc=0.9594 lr=2.97e-04 lambda=0.000 grl_lambda=0.441 v18_lambda=0.000 gpu=3.0/11.8GB
[23:57:53] [train] ep=10 step=030/40 ce=1.1935 sc=1.1074 mi=0.0688 dn=0.0000 v13=0.0008 grl=0.0889 v15=0.0000 v15r=0.0000 v16=0.0000 v17=0.0000 v18=0.0000 acc=0.9437 lr=2.96e-04 lambda=0.000 grl_lambda=0.451 v18_lambda=0.000 gpu=3.0/11.8GB
[23:57:59] [train] ep=10 step=040/40 ce=1.1474 sc=1.0731 mi=0.0691 dn=0.0000 v13=0.0007 grl=0.0896 v15=0.0000 v15r=0.0000 v16=0.0000 v17=0.0000 v18=0.0000 acc=0.9469 lr=2.96e-04 lambda=0.000 grl_lambda=0.461 v18_lambda=0.000 gpu=3.0/11.8GB
[23:58:10] [pool] check ep=010/100 source_val_acc_ema=0.2222 threshold=0.90
[23:58:10] [pool] ep=010 SKIP (source_val_acc_ema=0.2222 < 0.90)
[23:58:10] [ep_summary] ep=10/100 val_live=0.9568/0.9577 val_ema=0.2222/0.1585 test77_live=0.4964/0.4451 test77_diag_ema=0.1403/0.0390 v13=0.0007 grl=0.0896 v15=0.0000 v15r=0.0000 v16=0.0000 v17=0.0000 v18=0.0000 das=fixed_narrow[10,30] p=1.00 ep_time=34.7s
[23:58:10] [save] best_sourceval_ema val_acc_ema=0.2222 source_val_live=0.9568/0.9577 source_val_ema=0.2222/0.1585 ep=10
[23:58:10] [strict77_monitor] ep=10 best_source_epoch=10 source_val_ema=0.2222/0.1585 test77_ema_diag=0.1403/0.0390 sourcequalified_count=0
[23:58:10] [train] epoch 11/100 steps=40 use_dann=0 das=fixed_narrow f=[10.0,30.0] p=1.00 gpu=3.0/11.8GB
[23:58:11] [train] ep=11 step=001/40 ce=1.1426 sc=0.7309 mi=0.0670 dn=0.0000 v13=0.0012 grl=0.0597 v15=0.0000 v15r=0.0000 v16=0.0000 v17=0.0000 v18=0.0000 acc=0.9375 lr=2.96e-04 lambda=0.000 grl_lambda=0.462 v18_lambda=0.000 gpu=3.0/11.8GB
[23:58:16] [train] ep=11 step=010/40 ce=1.2098 sc=1.0173 mi=0.0666 dn=0.0000 v13=0.0009 grl=0.0777 v15=0.0000 v15r=0.0000 v16=0.0000 v17=0.0000 v18=0.0000 acc=0.9313 lr=2.96e-04 lambda=0.000 grl_lambda=0.471 v18_lambda=0.000 gpu=3.0/11.8GB
[23:58:22] [train] ep=11 step=020/40 ce=1.0361 sc=0.9998 mi=0.0685 dn=0.0000 v13=0.0009 grl=0.0796 v15=0.0000 v15r=0.0000 v16=0.0000 v17=0.0000 v18=0.0000 acc=0.9437 lr=2.96e-04 lambda=0.000 grl_lambda=0.481 v18_lambda=0.000 gpu=3.0/11.8GB
[23:58:28] [train] ep=11 step=030/40 ce=0.8980 sc=0.9629 mi=0.0667 dn=0.0000 v13=0.0008 grl=0.0806 v15=0.0000 v15r=0.0000 v16=0.0000 v17=0.0000 v18=0.0000 acc=0.9583 lr=2.95e-04 lambda=0.000 grl_lambda=0.490 v18_lambda=0.000 gpu=3.0/11.8GB
[23:58:34] [train] ep=11 step=040/40 ce=0.8766 sc=0.9616 mi=0.0663 dn=0.0000 v13=0.0008 grl=0.0768 v15=0.0000 v15r=0.0000 v16=0.0000 v17=0.0000 v18=0.0000 acc=0.9609 lr=2.95e-04 lambda=0.000 grl_lambda=0.500 v18_lambda=0.000 gpu=3.0/11.8GB
[23:58:46] [ep_summary] ep=11/100 val_live=0.9321/0.9333 val_ema=0.2531/0.2041 test77_live=0.6799/0.6328 test77_diag_ema=0.1403/0.0379 v13=0.0008 grl=0.0768 v15=0.0000 v15r=0.0000 v16=0.0000 v17=0.0000 v18=0.0000 das=fixed_narrow[10,30] p=1.00 ep_time=35.6s
[23:58:46] [save] best_sourceval_ema val_acc_ema=0.2531 source_val_live=0.9321/0.9333 source_val_ema=0.2531/0.2041 ep=11
[23:58:46] [train] epoch 12/100 steps=40 use_dann=0 das=fixed_narrow f=[10.0,30.0] p=1.00 gpu=3.0/11.8GB
[23:58:46] [train] ep=12 step=001/40 ce=0.3380 sc=0.6691 mi=0.0642 dn=0.0000 v13=0.0006 grl=0.0602 v15=0.0000 v15r=0.0000 v16=0.0000 v17=0.0000 v18=0.0000 acc=1.0000 lr=2.95e-04 lambda=0.000 grl_lambda=0.501 v18_lambda=0.000 gpu=3.0/11.8GB
[23:58:52] [train] ep=12 step=010/40 ce=0.8437 sc=0.9606 mi=0.0660 dn=0.0000 v13=0.0007 grl=0.0917 v15=0.0000 v15r=0.0000 v16=0.0000 v17=0.0000 v18=0.0000 acc=0.9688 lr=2.95e-04 lambda=0.000 grl_lambda=0.509 v18_lambda=0.000 gpu=3.0/11.8GB
[23:58:58] [train] ep=12 step=020/40 ce=0.8673 sc=0.9727 mi=0.0675 dn=0.0000 v13=0.0007 grl=0.0872 v15=0.0000 v15r=0.0000 v16=0.0000 v17=0.0000 v18=0.0000 acc=0.9656 lr=2.94e-04 lambda=0.000 grl_lambda=0.518 v18_lambda=0.000 gpu=3.0/11.8GB
[23:59:04] [train] ep=12 step=030/40 ce=1.1026 sc=1.0168 mi=0.0680 dn=0.0000 v13=0.0008 grl=0.0845 v15=0.0000 v15r=0.0000 v16=0.0000 v17=0.0000 v18=0.0000 acc=0.9521 lr=2.94e-04 lambda=0.000 grl_lambda=0.527 v18_lambda=0.000 gpu=3.0/11.8GB
[23:59:10] [train] ep=12 step=040/40 ce=1.1087 sc=1.0120 mi=0.0678 dn=0.0000 v13=0.0008 grl=0.0850 v15=0.0000 v15r=0.0000 v16=0.0000 v17=0.0000 v18=0.0000 acc=0.9531 lr=2.94e-04 lambda=0.000 grl_lambda=0.536 v18_lambda=0.000 gpu=3.0/11.8GB
[23:59:21] [ep_summary] ep=12/100 val_live=0.9691/0.9695 val_ema=0.2840/0.2219 test77_live=0.7086/0.6404 test77_diag_ema=0.1403/0.0367 v13=0.0008 grl=0.0850 v15=0.0000 v15r=0.0000 v16=0.0000 v17=0.0000 v18=0.0000 das=fixed_narrow[10,30] p=1.00 ep_time=35.5s
[23:59:21] [save] best_sourceval_ema val_acc_ema=0.2840 source_val_live=0.9691/0.9695 source_val_ema=0.2840/0.2219 ep=12
[23:59:21] [train] epoch 13/100 steps=40 use_dann=0 das=fixed_narrow f=[10.0,30.0] p=1.00 gpu=3.0/11.8GB
[23:59:22] [train] ep=13 step=001/40 ce=0.5065 sc=1.0786 mi=0.0629 dn=0.0000 v13=0.0014 grl=0.0912 v15=0.0000 v15r=0.0000 v16=0.0000 v17=0.0000 v18=0.0000 acc=1.0000 lr=2.94e-04 lambda=0.000 grl_lambda=0.537 v18_lambda=0.000 gpu=3.0/11.8GB
[23:59:27] [train] ep=13 step=010/40 ce=0.9687 sc=0.9411 mi=0.0651 dn=0.0000 v13=0.0008 grl=0.0723 v15=0.0000 v15r=0.0000 v16=0.0000 v17=0.0000 v18=0.0000 acc=0.9563 lr=2.93e-04 lambda=0.000 grl_lambda=0.545 v18_lambda=0.000 gpu=3.0/11.8GB
[23:59:33] [train] ep=13 step=020/40 ce=0.7859 sc=0.9192 mi=0.0665 dn=0.0000 v13=0.0007 grl=0.0730 v15=0.0000 v15r=0.0000 v16=0.0000 v17=0.0000 v18=0.0000 acc=0.9688 lr=2.93e-04 lambda=0.000 grl_lambda=0.554 v18_lambda=0.000 gpu=3.0/11.8GB
[23:59:39] [train] ep=13 step=030/40 ce=0.9011 sc=0.9275 mi=0.0668 dn=0.0000 v13=0.0007 grl=0.0739 v15=0.0000 v15r=0.0000 v16=0.0000 v17=0.0000 v18=0.0000 acc=0.9583 lr=2.93e-04 lambda=0.000 grl_lambda=0.562 v18_lambda=0.000 gpu=3.0/11.8GB
[23:59:45] [train] ep=13 step=040/40 ce=0.8613 sc=0.9006 mi=0.0666 dn=0.0000 v13=0.0007 grl=0.0736 v15=0.0000 v15r=0.0000 v16=0.0000 v17=0.0000 v18=0.0000 acc=0.9625 lr=2.92e-04 lambda=0.000 grl_lambda=0.571 v18_lambda=0.000 gpu=3.0/11.8GB
[23:59:56] [ep_summary] ep=13/100 val_live=0.9383/0.9373 val_ema=0.3025/0.2506 test77_live=0.7446/0.7118 test77_diag_ema=0.1403/0.0356 v13=0.0007 grl=0.0736 v15=0.0000 v15r=0.0000 v16=0.0000 v17=0.0000 v18=0.0000 das=fixed_narrow[10,30] p=1.00 ep_time=34.8s
[23:59:56] [save] best_sourceval_ema val_acc_ema=0.3025 source_val_live=0.9383/0.9373 source_val_ema=0.3025/0.2506 ep=13
[23:59:56] [train] epoch 14/100 steps=40 use_dann=0 das=fixed_narrow f=[10.0,30.0] p=1.00 gpu=3.0/11.8GB
[23:59:57] [train] ep=14 step=001/40 ce=1.1709 sc=0.6159 mi=0.0702 dn=0.0000 v13=0.0004 grl=0.0779 v15=0.0000 v15r=0.0000 v16=0.0000 v17=0.0000 v18=0.0000 acc=0.9375 lr=2.92e-04 lambda=0.000 grl_lambda=0.572 v18_lambda=0.000 gpu=3.0/11.8GB
[00:00:02] [train] ep=14 step=010/40 ce=1.1180 sc=1.0245 mi=0.0677 dn=0.0000 v13=0.0007 grl=0.0817 v15=0.0000 v15r=0.0000 v16=0.0000 v17=0.0000 v18=0.0000 acc=0.9375 lr=2.92e-04 lambda=0.000 grl_lambda=0.579 v18_lambda=0.000 gpu=3.0/11.8GB
[00:00:08] [train] ep=14 step=020/40 ce=0.9663 sc=1.0039 mi=0.0646 dn=0.0000 v13=0.0007 grl=0.0772 v15=0.0000 v15r=0.0000 v16=0.0000 v17=0.0000 v18=0.0000 acc=0.9531 lr=2.91e-04 lambda=0.000 grl_lambda=0.587 v18_lambda=0.000 gpu=3.0/11.8GB
[00:00:14] [train] ep=14 step=030/40 ce=0.8858 sc=0.9990 mi=0.0637 dn=0.0000 v13=0.0007 grl=0.0772 v15=0.0000 v15r=0.0000 v16=0.0000 v17=0.0000 v18=0.0000 acc=0.9625 lr=2.91e-04 lambda=0.000 grl_lambda=0.596 v18_lambda=0.000 gpu=3.0/11.8GB
[00:00:20] [train] ep=14 step=040/40 ce=0.8936 sc=0.9944 mi=0.0634 dn=0.0000 v13=0.0007 grl=0.0754 v15=0.0000 v15r=0.0000 v16=0.0000 v17=0.0000 v18=0.0000 acc=0.9609 lr=2.91e-04 lambda=0.000 grl_lambda=0.604 v18_lambda=0.000 gpu=3.0/11.8GB
[00:00:31] [ep_summary] ep=14/100 val_live=0.9630/0.9631 val_ema=0.3210/0.2731 test77_live=0.7842/0.7475 test77_diag_ema=0.1403/0.0355 v13=0.0007 grl=0.0754 v15=0.0000 v15r=0.0000 v16=0.0000 v17=0.0000 v18=0.0000 das=fixed_narrow[10,30] p=1.00 ep_time=34.7s
[00:00:31] [save] best_sourceval_ema val_acc_ema=0.3210 source_val_live=0.9630/0.9631 source_val_ema=0.3210/0.2731 ep=14
[00:00:31] [train] epoch 15/100 steps=40 use_dann=0 das=fixed_narrow f=[10.0,30.0] p=1.00 gpu=3.0/11.8GB
[00:00:32] [train] ep=15 step=001/40 ce=0.4552 sc=0.6083 mi=0.0577 dn=0.0000 v13=0.0005 grl=0.0677 v15=0.0000 v15r=0.0000 v16=0.0000 v17=0.0000 v18=0.0000 acc=1.0000 lr=2.91e-04 lambda=0.000 grl_lambda=0.604 v18_lambda=0.000 gpu=3.0/11.8GB
[00:00:37] [train] ep=15 step=010/40 ce=1.1190 sc=0.8728 mi=0.0640 dn=0.0000 v13=0.0007 grl=0.0713 v15=0.0000 v15r=0.0000 v16=0.0000 v17=0.0000 v18=0.0000 acc=0.9437 lr=2.90e-04 lambda=0.000 grl_lambda=0.611 v18_lambda=0.000 gpu=3.0/11.8GB
[00:00:43] [train] ep=15 step=020/40 ce=1.0099 sc=0.8708 mi=0.0652 dn=0.0000 v13=0.0007 grl=0.0693 v15=0.0000 v15r=0.0000 v16=0.0000 v17=0.0000 v18=0.0000 acc=0.9500 lr=2.90e-04 lambda=0.000 grl_lambda=0.619 v18_lambda=0.000 gpu=3.0/11.8GB
[00:00:49] [train] ep=15 step=030/40 ce=0.9493 sc=0.8978 mi=0.0645 dn=0.0000 v13=0.0007 grl=0.0712 v15=0.0000 v15r=0.0000 v16=0.0000 v17=0.0000 v18=0.0000 acc=0.9521 lr=2.89e-04 lambda=0.000 grl_lambda=0.627 v18_lambda=0.000 gpu=3.0/11.8GB
[00:00:55] [train] ep=15 step=040/40 ce=0.8584 sc=0.9026 mi=0.0641 dn=0.0000 v13=0.0007 grl=0.0715 v15=0.0000 v15r=0.0000 v16=0.0000 v17=0.0000 v18=0.0000 acc=0.9578 lr=2.89e-04 lambda=0.000 grl_lambda=0.634 v18_lambda=0.000 gpu=3.0/11.8GB
[00:01:05] [ep_summary] ep=15/100 val_live=0.9568/0.9577 val_ema=0.3580/0.3203 test77_live=0.7518/0.7161 test77_diag_ema=0.1403/0.0354 v13=0.0007 grl=0.0715 v15=0.0000 v15r=0.0000 v16=0.0000 v17=0.0000 v18=0.0000 das=fixed_narrow[10,30] p=1.00 ep_time=34.4s
[00:01:05] [save] best_sourceval_ema val_acc_ema=0.3580 source_val_live=0.9568/0.9577 source_val_ema=0.3580/0.3203 ep=15
[00:01:05] [train] epoch 16/100 steps=40 use_dann=0 das=fixed_narrow f=[10.0,30.0] p=1.00 gpu=3.0/11.8GB
[00:01:06] [train] ep=16 step=001/40 ce=1.0275 sc=1.1086 mi=0.0723 dn=0.0000 v13=0.0005 grl=0.0651 v15=0.0000 v15r=0.0000 v16=0.0000 v17=0.0000 v18=0.0000 acc=0.9375 lr=2.89e-04 lambda=0.000 grl_lambda=0.635 v18_lambda=0.000 gpu=3.0/11.8GB
[00:01:11] [train] ep=16 step=010/40 ce=0.6039 sc=0.9010 mi=0.0667 dn=0.0000 v13=0.0007 grl=0.0832 v15=0.0000 v15r=0.0000 v16=0.0000 v17=0.0000 v18=0.0000 acc=0.9812 lr=2.88e-04 lambda=0.000 grl_lambda=0.642 v18_lambda=0.000 gpu=3.0/11.8GB
[00:01:17] [train] ep=16 step=020/40 ce=0.6552 sc=0.7904 mi=0.0654 dn=0.0000 v13=0.0007 grl=0.0759 v15=0.0000 v15r=0.0000 v16=0.0000 v17=0.0000 v18=0.0000 acc=0.9750 lr=2.88e-04 lambda=0.000 grl_lambda=0.649 v18_lambda=0.000 gpu=3.0/11.8GB
[00:01:23] [train] ep=16 step=030/40 ce=0.7105 sc=0.8801 mi=0.0653 dn=0.0000 v13=0.0007 grl=0.0792 v15=0.0000 v15r=0.0000 v16=0.0000 v17=0.0000 v18=0.0000 acc=0.9771 lr=2.87e-04 lambda=0.000 grl_lambda=0.656 v18_lambda=0.000 gpu=3.0/11.8GB
[00:01:29] [train] ep=16 step=040/40 ce=0.6966 sc=0.8874 mi=0.0652 dn=0.0000 v13=0.0007 grl=0.0770 v15=0.0000 v15r=0.0000 v16=0.0000 v17=0.0000 v18=0.0000 acc=0.9766 lr=2.87e-04 lambda=0.000 grl_lambda=0.663 v18_lambda=0.000 gpu=3.0/11.8GB
[00:01:43] [ep_summary] ep=16/100 val_live=0.9444/0.9440 val_ema=0.3704/0.3374 test77_live=0.7518/0.7228 test77_diag_ema=0.1403/0.0354 v13=0.0007 grl=0.0770 v15=0.0000 v15r=0.0000 v16=0.0000 v17=0.0000 v18=0.0000 das=fixed_narrow[10,30] p=1.00 ep_time=37.4s
[00:01:43] [save] best_sourceval_ema val_acc_ema=0.3704 source_val_live=0.9444/0.9440 source_val_ema=0.3704/0.3374 ep=16
[00:01:43] [train] epoch 17/100 steps=40 use_dann=0 das=fixed_narrow f=[10.0,30.0] p=1.00 gpu=3.0/11.8GB
[00:01:43] [train] ep=17 step=001/40 ce=0.3053 sc=1.0632 mi=0.0616 dn=0.0000 v13=0.0003 grl=0.0885 v15=0.0000 v15r=0.0000 v16=0.0000 v17=0.0000 v18=0.0000 acc=1.0000 lr=2.87e-04 lambda=0.000 grl_lambda=0.664 v18_lambda=0.000 gpu=3.0/11.8GB
[00:01:49] [train] ep=17 step=010/40 ce=0.7483 sc=0.8932 mi=0.0629 dn=0.0000 v13=0.0008 grl=0.0742 v15=0.0000 v15r=0.0000 v16=0.0000 v17=0.0000 v18=0.0000 acc=0.9688 lr=2.86e-04 lambda=0.000 grl_lambda=0.670 v18_lambda=0.000 gpu=3.0/11.8GB
[00:01:55] [train] ep=17 step=020/40 ce=0.7075 sc=0.9039 mi=0.0636 dn=0.0000 v13=0.0007 grl=0.0846 v15=0.0000 v15r=0.0000 v16=0.0000 v17=0.0000 v18=0.0000 acc=0.9688 lr=2.86e-04 lambda=0.000 grl_lambda=0.677 v18_lambda=0.000 gpu=3.0/11.8GB
[00:02:01] [train] ep=17 step=030/40 ce=0.6746 sc=0.9332 mi=0.0648 dn=0.0000 v13=0.0007 grl=0.0897 v15=0.0000 v15r=0.0000 v16=0.0000 v17=0.0000 v18=0.0000 acc=0.9750 lr=2.85e-04 lambda=0.000 grl_lambda=0.684 v18_lambda=0.000 gpu=3.0/11.8GB
[00:02:07] [train] ep=17 step=040/40 ce=0.6387 sc=0.9193 mi=0.0643 dn=0.0000 v13=0.0007 grl=0.0878 v15=0.0000 v15r=0.0000 v16=0.0000 v17=0.0000 v18=0.0000 acc=0.9781 lr=2.85e-04 lambda=0.000 grl_lambda=0.690 v18_lambda=0.000 gpu=3.0/11.8GB
[00:02:20] [ep_summary] ep=17/100 val_live=0.9630/0.9639 val_ema=0.4383/0.4066 test77_live=0.8058/0.7788 test77_diag_ema=0.1403/0.0352 v13=0.0007 grl=0.0878 v15=0.0000 v15r=0.0000 v16=0.0000 v17=0.0000 v18=0.0000 das=fixed_narrow[10,30] p=1.00 ep_time=37.1s
[00:02:20] [save] best_sourceval_ema val_acc_ema=0.4383 source_val_live=0.9630/0.9639 source_val_ema=0.4383/0.4066 ep=17
[00:02:20] [train] epoch 18/100 steps=40 use_dann=0 das=fixed_narrow f=[10.0,30.0] p=1.00 gpu=3.0/11.8GB
[00:02:21] [train] ep=18 step=001/40 ce=0.2961 sc=0.5793 mi=0.0618 dn=0.0000 v13=0.0007 grl=0.0658 v15=0.0000 v15r=0.0000 v16=0.0000 v17=0.0000 v18=0.0000 acc=1.0000 lr=2.85e-04 lambda=0.000 grl_lambda=0.691 v18_lambda=0.000 gpu=3.0/11.8GB
[00:02:26] [train] ep=18 step=010/40 ce=0.4354 sc=0.8237 mi=0.0614 dn=0.0000 v13=0.0006 grl=0.0810 v15=0.0000 v15r=0.0000 v16=0.0000 v17=0.0000 v18=0.0000 acc=0.9875 lr=2.84e-04 lambda=0.000 grl_lambda=0.697 v18_lambda=0.000 gpu=3.0/11.8GB
[00:02:32] [train] ep=18 step=020/40 ce=0.4311 sc=0.8293 mi=0.0610 dn=0.0000 v13=0.0006 grl=0.0857 v15=0.0000 v15r=0.0000 v16=0.0000 v17=0.0000 v18=0.0000 acc=0.9906 lr=2.84e-04 lambda=0.000 grl_lambda=0.703 v18_lambda=0.000 gpu=3.0/11.8GB
[00:02:38] [train] ep=18 step=030/40 ce=0.4393 sc=0.8979 mi=0.0621 dn=0.0000 v13=0.0006 grl=0.0845 v15=0.0000 v15r=0.0000 v16=0.0000 v17=0.0000 v18=0.0000 acc=0.9896 lr=2.83e-04 lambda=0.000 grl_lambda=0.710 v18_lambda=0.000 gpu=3.0/11.8GB
[00:02:44] [train] ep=18 step=040/40 ce=0.4592 sc=0.8918 mi=0.0622 dn=0.0000 v13=0.0006 grl=0.0828 v15=0.0000 v15r=0.0000 v16=0.0000 v17=0.0000 v18=0.0000 acc=0.9859 lr=2.83e-04 lambda=0.000 grl_lambda=0.716 v18_lambda=0.000 gpu=3.0/11.8GB
[00:02:55] [ep_summary] ep=18/100 val_live=0.9568/0.9578 val_ema=0.4877/0.4733 test77_live=0.8094/0.7811 test77_diag_ema=0.1403/0.0352 v13=0.0006 grl=0.0828 v15=0.0000 v15r=0.0000 v16=0.0000 v17=0.0000 v18=0.0000 das=fixed_narrow[10,30] p=1.00 ep_time=34.7s
[00:02:55] [save] best_sourceval_ema val_acc_ema=0.4877 source_val_live=0.9568/0.9578 source_val_ema=0.4877/0.4733 ep=18
[00:02:55] [train] epoch 19/100 steps=40 use_dann=0 das=fixed_narrow f=[10.0,30.0] p=1.00 gpu=3.0/11.8GB
[00:02:55] [train] ep=19 step=001/40 ce=0.3948 sc=0.6139 mi=0.0604 dn=0.0000 v13=0.0002 grl=0.0714 v15=0.0000 v15r=0.0000 v16=0.0000 v17=0.0000 v18=0.0000 acc=1.0000 lr=2.83e-04 lambda=0.000 grl_lambda=0.716 v18_lambda=0.000 gpu=3.0/11.8GB
[00:03:01] [train] ep=19 step=010/40 ce=0.6654 sc=0.8622 mi=0.0623 dn=0.0000 v13=0.0007 grl=0.0871 v15=0.0000 v15r=0.0000 v16=0.0000 v17=0.0000 v18=0.0000 acc=0.9688 lr=2.82e-04 lambda=0.000 grl_lambda=0.722 v18_lambda=0.000 gpu=3.0/11.8GB
[00:03:07] [train] ep=19 step=020/40 ce=0.5770 sc=0.8362 mi=0.0626 dn=0.0000 v13=0.0008 grl=0.0903 v15=0.0000 v15r=0.0000 v16=0.0000 v17=0.0000 v18=0.0000 acc=0.9781 lr=2.82e-04 lambda=0.000 grl_lambda=0.728 v18_lambda=0.000 gpu=3.0/11.8GB
[00:03:13] [train] ep=19 step=030/40 ce=0.6436 sc=0.8896 mi=0.0626 dn=0.0000 v13=0.0008 grl=0.0906 v15=0.0000 v15r=0.0000 v16=0.0000 v17=0.0000 v18=0.0000 acc=0.9729 lr=2.81e-04 lambda=0.000 grl_lambda=0.733 v18_lambda=0.000 gpu=3.0/11.8GB
[00:03:19] [train] ep=19 step=040/40 ce=0.6379 sc=0.8923 mi=0.0633 dn=0.0000 v13=0.0008 grl=0.0895 v15=0.0000 v15r=0.0000 v16=0.0000 v17=0.0000 v18=0.0000 acc=0.9734 lr=2.80e-04 lambda=0.000 grl_lambda=0.739 v18_lambda=0.000 gpu=3.0/11.8GB
[00:03:29] [ep_summary] ep=19/100 val_live=0.9444/0.9456 val_ema=0.5123/0.4920 test77_live=0.7986/0.7576 test77_diag_ema=0.1403/0.0352 v13=0.0008 grl=0.0895 v15=0.0000 v15r=0.0000 v16=0.0000 v17=0.0000 v18=0.0000 das=fixed_narrow[10,30] p=1.00 ep_time=34.8s
[00:03:29] [save] best_sourceval_ema val_acc_ema=0.5123 source_val_live=0.9444/0.9456 source_val_ema=0.5123/0.4920 ep=19
[00:03:29] [train] epoch 20/100 steps=40 use_dann=0 das=fixed_narrow f=[10.0,30.0] p=1.00 gpu=3.0/11.8GB
[00:03:30] [train] ep=20 step=001/40 ce=0.3738 sc=0.8243 mi=0.0585 dn=0.0000 v13=0.0009 grl=0.1000 v15=0.0000 v15r=0.0000 v16=0.0000 v17=0.0000 v18=0.0000 acc=1.0000 lr=2.80e-04 lambda=0.000 grl_lambda=0.740 v18_lambda=0.000 gpu=3.0/11.8GB
[00:03:35] [train] ep=20 step=010/40 ce=0.5635 sc=0.8298 mi=0.0607 dn=0.0000 v13=0.0007 grl=0.0843 v15=0.0000 v15r=0.0000 v16=0.0000 v17=0.0000 v18=0.0000 acc=0.9875 lr=2.80e-04 lambda=0.000 grl_lambda=0.745 v18_lambda=0.000 gpu=3.0/11.8GB
[00:03:41] [train] ep=20 step=020/40 ce=0.5091 sc=0.8085 mi=0.0639 dn=0.0000 v13=0.0007 grl=0.0864 v15=0.0000 v15r=0.0000 v16=0.0000 v17=0.0000 v18=0.0000 acc=0.9875 lr=2.79e-04 lambda=0.000 grl_lambda=0.750 v18_lambda=0.000 gpu=3.0/11.8GB
[00:03:47] [train] ep=20 step=030/40 ce=0.4677 sc=0.7843 mi=0.0639 dn=0.0000 v13=0.0007 grl=0.0890 v15=0.0000 v15r=0.0000 v16=0.0000 v17=0.0000 v18=0.0000 acc=0.9896 lr=2.79e-04 lambda=0.000 grl_lambda=0.756 v18_lambda=0.000 gpu=3.0/11.8GB
[00:03:53] [train] ep=20 step=040/40 ce=0.5246 sc=0.8392 mi=0.0638 dn=0.0000 v13=0.0007 grl=0.0915 v15=0.0000 v15r=0.0000 v16=0.0000 v17=0.0000 v18=0.0000 acc=0.9859 lr=2.78e-04 lambda=0.000 grl_lambda=0.761 v18_lambda=0.000 gpu=3.0/11.8GB
[00:04:04] [pool] check ep=020/100 source_val_acc_ema=0.5494 threshold=0.90
[00:04:04] [pool] ep=020 SKIP (source_val_acc_ema=0.5494 < 0.90)
[00:04:04] [ep_summary] ep=20/100 val_live=0.9630/0.9635 val_ema=0.5494/0.5281 test77_live=0.7626/0.7372 test77_diag_ema=0.1439/0.0422 v13=0.0007 grl=0.0915 v15=0.0000 v15r=0.0000 v16=0.0000 v17=0.0000 v18=0.0000 das=fixed_narrow[10,30] p=1.00 ep_time=34.7s
[00:04:04] [save] best_sourceval_ema val_acc_ema=0.5494 source_val_live=0.9630/0.9635 source_val_ema=0.5494/0.5281 ep=20
[00:04:04] [strict77_monitor] ep=20 best_source_epoch=20 source_val_ema=0.5494/0.5281 test77_ema_diag=0.1439/0.0422 sourcequalified_count=0
[00:04:04] [train] epoch 21/100 steps=40 use_dann=0 das=fixed_narrow f=[10.0,30.0] p=1.00 gpu=3.0/11.8GB
[00:04:05] [train] ep=21 step=001/40 ce=0.2814 sc=0.8638 mi=0.0617 dn=0.0000 v13=0.0009 grl=0.1249 v15=0.0000 v15r=0.0000 v16=0.0000 v17=0.0000 v18=0.0000 acc=1.0000 lr=2.78e-04 lambda=0.000 grl_lambda=0.762 v18_lambda=0.000 gpu=3.0/11.8GB
[00:04:10] [train] ep=21 step=010/40 ce=0.5028 sc=0.9033 mi=0.0626 dn=0.0000 v13=0.0007 grl=0.0912 v15=0.0000 v15r=0.0000 v16=0.0000 v17=0.0000 v18=0.0000 acc=0.9812 lr=2.77e-04 lambda=0.000 grl_lambda=0.766 v18_lambda=0.000 gpu=3.0/11.8GB
[00:04:16] [train] ep=21 step=020/40 ce=0.5281 sc=0.8911 mi=0.0620 dn=0.0000 v13=0.0008 grl=0.0877 v15=0.0000 v15r=0.0000 v16=0.0000 v17=0.0000 v18=0.0000 acc=0.9812 lr=2.77e-04 lambda=0.000 grl_lambda=0.771 v18_lambda=0.000 gpu=3.0/11.8GB
[00:04:22] [train] ep=21 step=030/40 ce=0.5376 sc=0.8157 mi=0.0620 dn=0.0000 v13=0.0007 grl=0.0856 v15=0.0000 v15r=0.0000 v16=0.0000 v17=0.0000 v18=0.0000 acc=0.9854 lr=2.76e-04 lambda=0.000 grl_lambda=0.776 v18_lambda=0.000 gpu=3.0/11.8GB
[00:04:28] [train] ep=21 step=040/40 ce=0.5119 sc=0.8184 mi=0.0618 dn=0.0000 v13=0.0007 grl=0.0858 v15=0.0000 v15r=0.0000 v16=0.0000 v17=0.0000 v18=0.0000 acc=0.9859 lr=2.75e-04 lambda=0.000 grl_lambda=0.781 v18_lambda=0.000 gpu=3.0/11.8GB
[00:04:39] [ep_summary] ep=21/100 val_live=0.9753/0.9757 val_ema=0.5741/0.5520 test77_live=0.7302/0.6782 test77_diag_ema=0.1439/0.0422 v13=0.0007 grl=0.0858 v15=0.0000 v15r=0.0000 v16=0.0000 v17=0.0000 v18=0.0000 das=fixed_narrow[10,30] p=1.00 ep_time=34.5s
[00:04:39] [save] best_sourceval_ema val_acc_ema=0.5741 source_val_live=0.9753/0.9757 source_val_ema=0.5741/0.5520 ep=21
[00:04:39] [train] epoch 22/100 steps=40 use_dann=0 das=fixed_narrow f=[10.0,30.0] p=1.00 gpu=3.0/11.8GB
[00:04:39] [train] ep=22 step=001/40 ce=1.1750 sc=1.2840 mi=0.0592 dn=0.0000 v13=0.0007 grl=0.0754 v15=0.0000 v15r=0.0000 v16=0.0000 v17=0.0000 v18=0.0000 acc=0.9375 lr=2.75e-04 lambda=0.000 grl_lambda=0.782 v18_lambda=0.000 gpu=3.0/11.8GB
[00:04:45] [train] ep=22 step=010/40 ce=0.5410 sc=1.0168 mi=0.0613 dn=0.0000 v13=0.0006 grl=0.0850 v15=0.0000 v15r=0.0000 v16=0.0000 v17=0.0000 v18=0.0000 acc=0.9812 lr=2.75e-04 lambda=0.000 grl_lambda=0.786 v18_lambda=0.000 gpu=3.0/11.8GB
[00:04:51] [train] ep=22 step=020/40 ce=0.6006 sc=1.0156 mi=0.0618 dn=0.0000 v13=0.0007 grl=0.0867 v15=0.0000 v15r=0.0000 v16=0.0000 v17=0.0000 v18=0.0000 acc=0.9750 lr=2.74e-04 lambda=0.000 grl_lambda=0.791 v18_lambda=0.000 gpu=3.0/11.8GB
[00:04:56] [train] ep=22 step=030/40 ce=0.5455 sc=0.9495 mi=0.0615 dn=0.0000 v13=0.0007 grl=0.0907 v15=0.0000 v15r=0.0000 v16=0.0000 v17=0.0000 v18=0.0000 acc=0.9792 lr=2.73e-04 lambda=0.000 grl_lambda=0.796 v18_lambda=0.000 gpu=3.0/11.8GB
[00:05:02] [train] ep=22 step=040/40 ce=0.5731 sc=0.9134 mi=0.0616 dn=0.0000 v13=0.0007 grl=0.0892 v15=0.0000 v15r=0.0000 v16=0.0000 v17=0.0000 v18=0.0000 acc=0.9766 lr=2.73e-04 lambda=0.000 grl_lambda=0.800 v18_lambda=0.000 gpu=3.0/11.8GB
[00:05:14] [ep_summary] ep=22/100 val_live=0.9630/0.9642 val_ema=0.5864/0.5696 test77_live=0.6942/0.6384 test77_diag_ema=0.1475/0.0490 v13=0.0007 grl=0.0892 v15=0.0000 v15r=0.0000 v16=0.0000 v17=0.0000 v18=0.0000 das=fixed_narrow[10,30] p=1.00 ep_time=35.1s
[00:05:14] [save] best_sourceval_ema val_acc_ema=0.5864 source_val_live=0.9630/0.9642 source_val_ema=0.5864/0.5696 ep=22
[00:05:14] [train] epoch 23/100 steps=40 use_dann=0 das=fixed_narrow f=[10.0,30.0] p=1.00 gpu=3.0/11.8GB
[00:05:15] [train] ep=23 step=001/40 ce=0.5952 sc=0.9612 mi=0.0523 dn=0.0000 v13=0.0008 grl=0.0906 v15=0.0000 v15r=0.0000 v16=0.0000 v17=0.0000 v18=0.0000 acc=1.0000 lr=2.72e-04 lambda=0.000 grl_lambda=0.800 v18_lambda=0.000 gpu=3.0/11.8GB
[00:05:20] [train] ep=23 step=010/40 ce=0.4892 sc=0.9225 mi=0.0638 dn=0.0000 v13=0.0006 grl=0.0878 v15=0.0000 v15r=0.0000 v16=0.0000 v17=0.0000 v18=0.0000 acc=0.9812 lr=2.72e-04 lambda=0.000 grl_lambda=0.805 v18_lambda=0.000 gpu=3.0/11.8GB
[00:05:26] [train] ep=23 step=020/40 ce=0.4317 sc=0.8205 mi=0.0622 dn=0.0000 v13=0.0006 grl=0.0771 v15=0.0000 v15r=0.0000 v16=0.0000 v17=0.0000 v18=0.0000 acc=0.9906 lr=2.71e-04 lambda=0.000 grl_lambda=0.809 v18_lambda=0.000 gpu=3.0/11.8GB
[00:05:32] [train] ep=23 step=030/40 ce=0.4630 sc=0.8555 mi=0.0615 dn=0.0000 v13=0.0007 grl=0.0795 v15=0.0000 v15r=0.0000 v16=0.0000 v17=0.0000 v18=0.0000 acc=0.9896 lr=2.70e-04 lambda=0.000 grl_lambda=0.813 v18_lambda=0.000 gpu=3.0/11.8GB
[00:05:38] [train] ep=23 step=040/40 ce=0.4817 sc=0.8659 mi=0.0616 dn=0.0000 v13=0.0006 grl=0.0810 v15=0.0000 v15r=0.0000 v16=0.0000 v17=0.0000 v18=0.0000 acc=0.9875 lr=2.70e-04 lambda=0.000 grl_lambda=0.817 v18_lambda=0.000 gpu=3.0/11.8GB
[00:05:50] [ep_summary] ep=23/100 val_live=0.9630/0.9623 val_ema=0.6049/0.5916 test77_live=0.7626/0.7371 test77_diag_ema=0.1475/0.0490 v13=0.0006 grl=0.0810 v15=0.0000 v15r=0.0000 v16=0.0000 v17=0.0000 v18=0.0000 das=fixed_narrow[10,30] p=1.00 ep_time=36.3s
[00:05:50] [save] best_sourceval_ema val_acc_ema=0.6049 source_val_live=0.9630/0.9623 source_val_ema=0.6049/0.5916 ep=23
[00:05:50] [train] epoch 24/100 steps=40 use_dann=0 das=fixed_narrow f=[10.0,30.0] p=1.00 gpu=3.0/11.8GB
[00:05:51] [train] ep=24 step=001/40 ce=0.2776 sc=0.6244 mi=0.0698 dn=0.0000 v13=0.0005 grl=0.0710 v15=0.0000 v15r=0.0000 v16=0.0000 v17=0.0000 v18=0.0000 acc=1.0000 lr=2.70e-04 lambda=0.000 grl_lambda=0.818 v18_lambda=0.000 gpu=3.0/11.8GB
[00:05:56] [train] ep=24 step=010/40 ce=0.4163 sc=0.7838 mi=0.0636 dn=0.0000 v13=0.0005 grl=0.0849 v15=0.0000 v15r=0.0000 v16=0.0000 v17=0.0000 v18=0.0000 acc=0.9875 lr=2.69e-04 lambda=0.000 grl_lambda=0.821 v18_lambda=0.000 gpu=3.0/11.8GB
[00:06:02] [train] ep=24 step=020/40 ce=0.4358 sc=0.8193 mi=0.0621 dn=0.0000 v13=0.0006 grl=0.0985 v15=0.0000 v15r=0.0000 v16=0.0000 v17=0.0000 v18=0.0000 acc=0.9875 lr=2.68e-04 lambda=0.000 grl_lambda=0.825 v18_lambda=0.000 gpu=3.0/11.8GB
[00:06:08] [train] ep=24 step=030/40 ce=0.4138 sc=0.8378 mi=0.0625 dn=0.0000 v13=0.0006 grl=0.0901 v15=0.0000 v15r=0.0000 v16=0.0000 v17=0.0000 v18=0.0000 acc=0.9896 lr=2.67e-04 lambda=0.000 grl_lambda=0.829 v18_lambda=0.000 gpu=3.0/11.8GB
[00:06:14] [train] ep=24 step=040/40 ce=0.3958 sc=0.8133 mi=0.0617 dn=0.0000 v13=0.0006 grl=0.0857 v15=0.0000 v15r=0.0000 v16=0.0000 v17=0.0000 v18=0.0000 acc=0.9922 lr=2.67e-04 lambda=0.000 grl_lambda=0.833 v18_lambda=0.000 gpu=3.0/11.8GB
[00:06:26] [ep_summary] ep=24/100 val_live=0.9383/0.9382 val_ema=0.6358/0.6264 test77_live=0.8309/0.8126 test77_diag_ema=0.1475/0.0490 v13=0.0006 grl=0.0857 v15=0.0000 v15r=0.0000 v16=0.0000 v17=0.0000 v18=0.0000 das=fixed_narrow[10,30] p=1.00 ep_time=36.0s
[00:06:26] [save] best_sourceval_ema val_acc_ema=0.6358 source_val_live=0.9383/0.9382 source_val_ema=0.6358/0.6264 ep=24
[00:06:26] [train] epoch 25/100 steps=40 use_dann=0 das=fixed_narrow f=[10.0,30.0] p=1.00 gpu=3.0/11.8GB
[00:06:27] [train] ep=25 step=001/40 ce=0.4122 sc=0.3890 mi=0.0697 dn=0.0000 v13=0.0011 grl=0.1025 v15=0.0000 v15r=0.0000 v16=0.0000 v17=0.0000 v18=0.0000 acc=1.0000 lr=2.67e-04 lambda=0.000 grl_lambda=0.834 v18_lambda=0.000 gpu=3.0/11.8GB
[00:06:32] [train] ep=25 step=010/40 ce=0.5755 sc=0.8688 mi=0.0650 dn=0.0000 v13=0.0007 grl=0.0835 v15=0.0000 v15r=0.0000 v16=0.0000 v17=0.0000 v18=0.0000 acc=0.9812 lr=2.66e-04 lambda=0.000 grl_lambda=0.837 v18_lambda=0.000 gpu=3.0/11.8GB
[00:06:38] [train] ep=25 step=020/40 ce=0.5967 sc=0.8915 mi=0.0633 dn=0.0000 v13=0.0006 grl=0.0856 v15=0.0000 v15r=0.0000 v16=0.0000 v17=0.0000 v18=0.0000 acc=0.9781 lr=2.65e-04 lambda=0.000 grl_lambda=0.841 v18_lambda=0.000 gpu=3.0/11.8GB
[00:06:44] [train] ep=25 step=030/40 ce=0.5791 sc=0.9149 mi=0.0638 dn=0.0000 v13=0.0006 grl=0.0897 v15=0.0000 v15r=0.0000 v16=0.0000 v17=0.0000 v18=0.0000 acc=0.9792 lr=2.64e-04 lambda=0.000 grl_lambda=0.844 v18_lambda=0.000 gpu=3.0/11.8GB
[00:06:50] [train] ep=25 step=040/40 ce=0.5130 sc=0.8549 mi=0.0627 dn=0.0000 v13=0.0006 grl=0.0904 v15=0.0000 v15r=0.0000 v16=0.0000 v17=0.0000 v18=0.0000 acc=0.9844 lr=2.64e-04 lambda=0.000 grl_lambda=0.848 v18_lambda=0.000 gpu=3.0/11.8GB
[00:07:01] [ep_summary] ep=25/100 val_live=0.9506/0.9509 val_ema=0.6790/0.6685 test77_live=0.7770/0.7376 test77_diag_ema=0.1619/0.0731 v13=0.0006 grl=0.0904 v15=0.0000 v15r=0.0000 v16=0.0000 v17=0.0000 v18=0.0000 das=fixed_narrow[10,30] p=1.00 ep_time=34.7s
[00:07:01] [save] best_sourceval_ema val_acc_ema=0.6790 source_val_live=0.9506/0.9509 source_val_ema=0.6790/0.6685 ep=25
[00:07:01] [train] epoch 26/100 steps=40 use_dann=0 das=fixed_narrow f=[10.0,30.0] p=1.00 gpu=3.0/11.8GB
[00:07:02] [train] ep=26 step=001/40 ce=0.2897 sc=1.0071 mi=0.0595 dn=0.0000 v13=0.0007 grl=0.1016 v15=0.0000 v15r=0.0000 v16=0.0000 v17=0.0000 v18=0.0000 acc=1.0000 lr=2.64e-04 lambda=0.000 grl_lambda=0.848 v18_lambda=0.000 gpu=3.0/11.8GB
[00:07:07] [train] ep=26 step=010/40 ce=0.6382 sc=0.8714 mi=0.0579 dn=0.0000 v13=0.0005 grl=0.0993 v15=0.0000 v15r=0.0000 v16=0.0000 v17=0.0000 v18=0.0000 acc=0.9688 lr=2.63e-04 lambda=0.000 grl_lambda=0.851 v18_lambda=0.000 gpu=3.0/11.8GB
[00:07:13] [train] ep=26 step=020/40 ce=0.6024 sc=0.9086 mi=0.0589 dn=0.0000 v13=0.0005 grl=0.0950 v15=0.0000 v15r=0.0000 v16=0.0000 v17=0.0000 v18=0.0000 acc=0.9750 lr=2.62e-04 lambda=0.000 grl_lambda=0.855 v18_lambda=0.000 gpu=3.0/11.8GB
[00:07:19] [train] ep=26 step=030/40 ce=0.5256 sc=0.8727 mi=0.0596 dn=0.0000 v13=0.0005 grl=0.0921 v15=0.0000 v15r=0.0000 v16=0.0000 v17=0.0000 v18=0.0000 acc=0.9833 lr=2.61e-04 lambda=0.000 grl_lambda=0.858 v18_lambda=0.000 gpu=3.0/11.8GB
[00:07:25] [train] ep=26 step=040/40 ce=0.4881 sc=0.8628 mi=0.0598 dn=0.0000 v13=0.0005 grl=0.0880 v15=0.0000 v15r=0.0000 v16=0.0000 v17=0.0000 v18=0.0000 acc=0.9859 lr=2.60e-04 lambda=0.000 grl_lambda=0.861 v18_lambda=0.000 gpu=3.0/11.8GB
[00:07:38] [ep_summary] ep=26/100 val_live=0.9630/0.9639 val_ema=0.7099/0.7000 test77_live=0.7050/0.6616 test77_diag_ema=0.1871/0.1119 v13=0.0005 grl=0.0880 v15=0.0000 v15r=0.0000 v16=0.0000 v17=0.0000 v18=0.0000 das=fixed_narrow[10,30] p=1.00 ep_time=36.9s
[00:07:38] [save] best_sourceval_ema val_acc_ema=0.7099 source_val_live=0.9630/0.9639 source_val_ema=0.7099/0.7000 ep=26
[00:07:38] [train] epoch 27/100 steps=40 use_dann=0 das=fixed_narrow f=[10.0,30.0] p=1.00 gpu=3.0/11.8GB
[00:07:39] [train] ep=27 step=001/40 ce=0.2877 sc=0.6960 mi=0.0643 dn=0.0000 v13=0.0002 grl=0.0467 v15=0.0000 v15r=0.0000 v16=0.0000 v17=0.0000 v18=0.0000 acc=1.0000 lr=2.60e-04 lambda=0.000 grl_lambda=0.862 v18_lambda=0.000 gpu=3.0/11.8GB
[00:07:44] [train] ep=27 step=010/40 ce=0.4062 sc=0.7567 mi=0.0601 dn=0.0000 v13=0.0006 grl=0.0756 v15=0.0000 v15r=0.0000 v16=0.0000 v17=0.0000 v18=0.0000 acc=0.9875 lr=2.60e-04 lambda=0.000 grl_lambda=0.865 v18_lambda=0.000 gpu=3.0/11.8GB
[00:07:50] [train] ep=27 step=020/40 ce=0.4958 sc=0.8413 mi=0.0609 dn=0.0000 v13=0.0005 grl=0.0840 v15=0.0000 v15r=0.0000 v16=0.0000 v17=0.0000 v18=0.0000 acc=0.9844 lr=2.59e-04 lambda=0.000 grl_lambda=0.868 v18_lambda=0.000 gpu=3.0/11.8GB
[00:07:56] [train] ep=27 step=030/40 ce=0.4278 sc=0.8131 mi=0.0607 dn=0.0000 v13=0.0006 grl=0.0845 v15=0.0000 v15r=0.0000 v16=0.0000 v17=0.0000 v18=0.0000 acc=0.9896 lr=2.58e-04 lambda=0.000 grl_lambda=0.871 v18_lambda=0.000 gpu=3.0/11.8GB
[00:08:02] [train] ep=27 step=040/40 ce=0.4546 sc=0.8339 mi=0.0603 dn=0.0000 v13=0.0006 grl=0.0829 v15=0.0000 v15r=0.0000 v16=0.0000 v17=0.0000 v18=0.0000 acc=0.9875 lr=2.57e-04 lambda=0.000 grl_lambda=0.874 v18_lambda=0.000 gpu=3.0/11.8GB
[00:08:12] [ep_summary] ep=27/100 val_live=0.9568/0.9571 val_ema=0.7593/0.7584 test77_live=0.7698/0.7266 test77_diag_ema=0.1906/0.1163 v13=0.0006 grl=0.0829 v15=0.0000 v15r=0.0000 v16=0.0000 v17=0.0000 v18=0.0000 das=fixed_narrow[10,30] p=1.00 ep_time=34.5s
[00:08:12] [save] best_sourceval_ema val_acc_ema=0.7593 source_val_live=0.9568/0.9571 source_val_ema=0.7593/0.7584 ep=27
[00:08:13] [train] epoch 28/100 steps=40 use_dann=0 das=fixed_narrow f=[10.0,30.0] p=1.00 gpu=3.0/11.8GB
[00:08:13] [train] ep=28 step=001/40 ce=0.2863 sc=0.8333 mi=0.0543 dn=0.0000 v13=0.0009 grl=0.1167 v15=0.0000 v15r=0.0000 v16=0.0000 v17=0.0000 v18=0.0000 acc=1.0000 lr=2.57e-04 lambda=0.000 grl_lambda=0.874 v18_lambda=0.000 gpu=3.0/11.8GB
[00:08:19] [train] ep=28 step=010/40 ce=0.5569 sc=0.8681 mi=0.0619 dn=0.0000 v13=0.0007 grl=0.0921 v15=0.0000 v15r=0.0000 v16=0.0000 v17=0.0000 v18=0.0000 acc=0.9750 lr=2.56e-04 lambda=0.000 grl_lambda=0.877 v18_lambda=0.000 gpu=3.0/11.8GB
[00:08:24] [train] ep=28 step=020/40 ce=0.5129 sc=0.8484 mi=0.0609 dn=0.0000 v13=0.0006 grl=0.0932 v15=0.0000 v15r=0.0000 v16=0.0000 v17=0.0000 v18=0.0000 acc=0.9812 lr=2.55e-04 lambda=0.000 grl_lambda=0.880 v18_lambda=0.000 gpu=3.0/11.8GB
[00:08:30] [train] ep=28 step=030/40 ce=0.5494 sc=0.8161 mi=0.0619 dn=0.0000 v13=0.0006 grl=0.0938 v15=0.0000 v15r=0.0000 v16=0.0000 v17=0.0000 v18=0.0000 acc=0.9812 lr=2.54e-04 lambda=0.000 grl_lambda=0.882 v18_lambda=0.000 gpu=3.0/11.8GB
[00:08:36] [train] ep=28 step=040/40 ce=0.4977 sc=0.8159 mi=0.0615 dn=0.0000 v13=0.0006 grl=0.0908 v15=0.0000 v15r=0.0000 v16=0.0000 v17=0.0000 v18=0.0000 acc=0.9844 lr=2.54e-04 lambda=0.000 grl_lambda=0.885 v18_lambda=0.000 gpu=3.0/11.8GB
[00:08:47] [ep_summary] ep=28/100 val_live=0.9691/0.9698 val_ema=0.7778/0.7783 test77_live=0.7842/0.7507 test77_diag_ema=0.2050/0.1351 v13=0.0006 grl=0.0908 v15=0.0000 v15r=0.0000 v16=0.0000 v17=0.0000 v18=0.0000 das=fixed_narrow[10,30] p=1.00 ep_time=34.4s
[00:08:47] [save] best_sourceval_ema val_acc_ema=0.7778 source_val_live=0.9691/0.9698 source_val_ema=0.7778/0.7783 ep=28
[00:08:47] [train] epoch 29/100 steps=40 use_dann=0 das=fixed_narrow f=[10.0,30.0] p=1.00 gpu=3.0/11.8GB
[00:08:48] [train] ep=29 step=001/40 ce=0.3334 sc=0.5703 mi=0.0569 dn=0.0000 v13=0.0005 grl=0.0277 v15=0.0000 v15r=0.0000 v16=0.0000 v17=0.0000 v18=0.0000 acc=1.0000 lr=2.53e-04 lambda=0.000 grl_lambda=0.885 v18_lambda=0.000 gpu=3.0/11.8GB
[00:08:53] [train] ep=29 step=010/40 ce=0.3504 sc=0.7564 mi=0.0619 dn=0.0000 v13=0.0007 grl=0.0805 v15=0.0000 v15r=0.0000 v16=0.0000 v17=0.0000 v18=0.0000 acc=0.9938 lr=2.53e-04 lambda=0.000 grl_lambda=0.888 v18_lambda=0.000 gpu=3.0/11.8GB
[00:08:59] [train] ep=29 step=020/40 ce=0.4878 sc=0.8487 mi=0.0604 dn=0.0000 v13=0.0007 grl=0.0827 v15=0.0000 v15r=0.0000 v16=0.0000 v17=0.0000 v18=0.0000 acc=0.9875 lr=2.52e-04 lambda=0.000 grl_lambda=0.890 v18_lambda=0.000 gpu=3.0/11.8GB
[00:09:05] [train] ep=29 step=030/40 ce=0.4515 sc=0.8853 mi=0.0609 dn=0.0000 v13=0.0006 grl=0.0833 v15=0.0000 v15r=0.0000 v16=0.0000 v17=0.0000 v18=0.0000 acc=0.9896 lr=2.51e-04 lambda=0.000 grl_lambda=0.893 v18_lambda=0.000 gpu=3.0/11.8GB
[00:09:11] [train] ep=29 step=040/40 ce=0.4510 sc=0.8440 mi=0.0613 dn=0.0000 v13=0.0006 grl=0.0861 v15=0.0000 v15r=0.0000 v16=0.0000 v17=0.0000 v18=0.0000 acc=0.9891 lr=2.50e-04 lambda=0.000 grl_lambda=0.895 v18_lambda=0.000 gpu=3.0/11.8GB
[00:09:23] [ep_summary] ep=29/100 val_live=0.9568/0.9570 val_ema=0.7901/0.7916 test77_live=0.8058/0.8078 test77_diag_ema=0.2374/0.1683 v13=0.0006 grl=0.0861 v15=0.0000 v15r=0.0000 v16=0.0000 v17=0.0000 v18=0.0000 das=fixed_narrow[10,30] p=1.00 ep_time=35.6s
[00:09:23] [save] best_sourceval_ema val_acc_ema=0.7901 source_val_live=0.9568/0.9570 source_val_ema=0.7901/0.7916 ep=29
[00:09:23] [train] epoch 30/100 steps=40 use_dann=0 das=fixed_narrow f=[10.0,30.0] p=1.00 gpu=3.0/11.8GB
[00:09:23] [train] ep=30 step=001/40 ce=0.2726 sc=0.8494 mi=0.0597 dn=0.0000 v13=0.0006 grl=0.0770 v15=0.0000 v15r=0.0000 v16=0.0000 v17=0.0000 v18=0.0000 acc=1.0000 lr=2.50e-04 lambda=0.000 grl_lambda=0.896 v18_lambda=0.000 gpu=3.0/11.8GB
[00:09:29] [train] ep=30 step=010/40 ce=0.3257 sc=0.7845 mi=0.0584 dn=0.0000 v13=0.0005 grl=0.0781 v15=0.0000 v15r=0.0000 v16=0.0000 v17=0.0000 v18=0.0000 acc=1.0000 lr=2.49e-04 lambda=0.000 grl_lambda=0.898 v18_lambda=0.000 gpu=3.0/11.8GB
[00:09:35] [train] ep=30 step=020/40 ce=0.4288 sc=0.8481 mi=0.0604 dn=0.0000 v13=0.0005 grl=0.0714 v15=0.0000 v15r=0.0000 v16=0.0000 v17=0.0000 v18=0.0000 acc=0.9906 lr=2.48e-04 lambda=0.000 grl_lambda=0.900 v18_lambda=0.000 gpu=3.0/11.8GB
[00:09:40] [train] ep=30 step=030/40 ce=0.4395 sc=0.8870 mi=0.0590 dn=0.0000 v13=0.0006 grl=0.0733 v15=0.0000 v15r=0.0000 v16=0.0000 v17=0.0000 v18=0.0000 acc=0.9896 lr=2.47e-04 lambda=0.000 grl_lambda=0.903 v18_lambda=0.000 gpu=3.0/11.8GB
[00:09:46] [train] ep=30 step=040/40 ce=0.4333 sc=0.8721 mi=0.0599 dn=0.0000 v13=0.0006 grl=0.0746 v15=0.0000 v15r=0.0000 v16=0.0000 v17=0.0000 v18=0.0000 acc=0.9891 lr=2.46e-04 lambda=0.000 grl_lambda=0.905 v18_lambda=0.000 gpu=3.0/11.8GB
[00:09:57] [pool] check ep=030/100 source_val_acc_ema=0.8025 threshold=0.90
[00:09:57] [pool] ep=030 SKIP (source_val_acc_ema=0.8025 < 0.90)
[00:09:57] [ep_summary] ep=30/100 val_live=0.9815/0.9818 val_ema=0.8025/0.8048 test77_live=0.7662/0.7501 test77_diag_ema=0.2698/0.2041 v13=0.0006 grl=0.0746 v15=0.0000 v15r=0.0000 v16=0.0000 v17=0.0000 v18=0.0000 das=fixed_narrow[10,30] p=1.00 ep_time=34.5s
[00:09:57] [save] best_sourceval_ema val_acc_ema=0.8025 source_val_live=0.9815/0.9818 source_val_ema=0.8025/0.8048 ep=30
[00:09:57] [strict77_monitor] ep=30 best_source_epoch=30 source_val_ema=0.8025/0.8048 test77_ema_diag=0.2698/0.2041 sourcequalified_count=0
[00:09:57] [train] epoch 31/100 steps=40 use_dann=0 das=fixed_narrow f=[10.0,30.0] p=1.00 gpu=3.0/11.8GB
[00:09:58] [train] ep=31 step=001/40 ce=1.2823 sc=0.9437 mi=0.0723 dn=0.0000 v13=0.0003 grl=0.0784 v15=0.0000 v15r=0.0000 v16=0.0000 v17=0.0000 v18=0.0000 acc=0.9375 lr=2.46e-04 lambda=0.000 grl_lambda=0.905 v18_lambda=0.000 gpu=3.0/11.8GB
[00:10:03] [train] ep=31 step=010/40 ce=0.5346 sc=0.8435 mi=0.0609 dn=0.0000 v13=0.0005 grl=0.0687 v15=0.0000 v15r=0.0000 v16=0.0000 v17=0.0000 v18=0.0000 acc=0.9812 lr=2.45e-04 lambda=0.000 grl_lambda=0.907 v18_lambda=0.000 gpu=3.0/11.8GB
[00:10:09] [train] ep=31 step=020/40 ce=0.5145 sc=0.8227 mi=0.0603 dn=0.0000 v13=0.0006 grl=0.0773 v15=0.0000 v15r=0.0000 v16=0.0000 v17=0.0000 v18=0.0000 acc=0.9812 lr=2.44e-04 lambda=0.000 grl_lambda=0.909 v18_lambda=0.000 gpu=3.0/11.8GB
[00:10:15] [train] ep=31 step=030/40 ce=0.4448 sc=0.8127 mi=0.0610 dn=0.0000 v13=0.0007 grl=0.0755 v15=0.0000 v15r=0.0000 v16=0.0000 v17=0.0000 v18=0.0000 acc=0.9875 lr=2.43e-04 lambda=0.000 grl_lambda=0.911 v18_lambda=0.000 gpu=3.0/11.8GB
[00:10:21] [train] ep=31 step=040/40 ce=0.4175 sc=0.7925 mi=0.0606 dn=0.0000 v13=0.0006 grl=0.0758 v15=0.0000 v15r=0.0000 v16=0.0000 v17=0.0000 v18=0.0000 acc=0.9906 lr=2.43e-04 lambda=0.000 grl_lambda=0.914 v18_lambda=0.000 gpu=3.0/11.8GB
[00:10:32] [ep_summary] ep=31/100 val_live=0.9444/0.9441 val_ema=0.8148/0.8178 test77_live=0.7590/0.7565 test77_diag_ema=0.2770/0.2116 v13=0.0006 grl=0.0758 v15=0.0000 v15r=0.0000 v16=0.0000 v17=0.0000 v18=0.0000 das=fixed_narrow[10,30] p=1.00 ep_time=34.8s
[00:10:32] [save] best_sourceval_ema val_acc_ema=0.8148 source_val_live=0.9444/0.9441 source_val_ema=0.8148/0.8178 ep=31
[00:10:32] [train] epoch 32/100 steps=40 use_dann=0 das=fixed_narrow f=[10.0,30.0] p=1.00 gpu=3.0/11.8GB
[00:10:33] [train] ep=32 step=001/40 ce=0.2677 sc=0.6185 mi=0.0558 dn=0.0000 v13=0.0002 grl=0.0384 v15=0.0000 v15r=0.0000 v16=0.0000 v17=0.0000 v18=0.0000 acc=1.0000 lr=2.42e-04 lambda=0.000 grl_lambda=0.914 v18_lambda=0.000 gpu=3.0/11.8GB
[00:10:38] [train] ep=32 step=010/40 ce=0.4353 sc=0.8776 mi=0.0622 dn=0.0000 v13=0.0005 grl=0.0798 v15=0.0000 v15r=0.0000 v16=0.0000 v17=0.0000 v18=0.0000 acc=0.9938 lr=2.42e-04 lambda=0.000 grl_lambda=0.916 v18_lambda=0.000 gpu=3.0/11.8GB
[00:10:44] [train] ep=32 step=020/40 ce=0.4215 sc=0.7784 mi=0.0616 dn=0.0000 v13=0.0006 grl=0.0766 v15=0.0000 v15r=0.0000 v16=0.0000 v17=0.0000 v18=0.0000 acc=0.9906 lr=2.41e-04 lambda=0.000 grl_lambda=0.918 v18_lambda=0.000 gpu=3.0/11.8GB
[00:10:50] [train] ep=32 step=030/40 ce=0.4526 sc=0.7576 mi=0.0624 dn=0.0000 v13=0.0006 grl=0.0814 v15=0.0000 v15r=0.0000 v16=0.0000 v17=0.0000 v18=0.0000 acc=0.9896 lr=2.40e-04 lambda=0.000 grl_lambda=0.920 v18_lambda=0.000 gpu=3.0/11.8GB
[00:10:56] [train] ep=32 step=040/40 ce=0.4978 sc=0.8397 mi=0.0613 dn=0.0000 v13=0.0006 grl=0.0827 v15=0.0000 v15r=0.0000 v16=0.0000 v17=0.0000 v18=0.0000 acc=0.9844 lr=2.39e-04 lambda=0.000 grl_lambda=0.921 v18_lambda=0.000 gpu=3.0/11.8GB
[00:11:07] [ep_summary] ep=32/100 val_live=0.9444/0.9425 val_ema=0.8333/0.8377 test77_live=0.8669/0.8589 test77_diag_ema=0.3094/0.2393 v13=0.0006 grl=0.0827 v15=0.0000 v15r=0.0000 v16=0.0000 v17=0.0000 v18=0.0000 das=fixed_narrow[10,30] p=1.00 ep_time=34.9s
[00:11:07] [save] best_sourceval_ema val_acc_ema=0.8333 source_val_live=0.9444/0.9425 source_val_ema=0.8333/0.8377 ep=32
[00:11:07] [train] epoch 33/100 steps=40 use_dann=0 das=fixed_narrow f=[10.0,30.0] p=1.00 gpu=3.0/11.8GB
[00:11:08] [train] ep=33 step=001/40 ce=0.2818 sc=0.6287 mi=0.0727 dn=0.0000 v13=0.0012 grl=0.0355 v15=0.0000 v15r=0.0000 v16=0.0000 v17=0.0000 v18=0.0000 acc=1.0000 lr=2.39e-04 lambda=0.000 grl_lambda=0.922 v18_lambda=0.000 gpu=3.0/11.8GB
[00:11:13] [train] ep=33 step=010/40 ce=0.4274 sc=0.8018 mi=0.0616 dn=0.0000 v13=0.0008 grl=0.0845 v15=0.0000 v15r=0.0000 v16=0.0000 v17=0.0000 v18=0.0000 acc=1.0000 lr=2.38e-04 lambda=0.000 grl_lambda=0.923 v18_lambda=0.000 gpu=3.0/11.8GB
[00:11:19] [train] ep=33 step=020/40 ce=0.4463 sc=0.7832 mi=0.0624 dn=0.0000 v13=0.0008 grl=0.0912 v15=0.0000 v15r=0.0000 v16=0.0000 v17=0.0000 v18=0.0000 acc=0.9906 lr=2.37e-04 lambda=0.000 grl_lambda=0.925 v18_lambda=0.000 gpu=3.0/11.8GB
[00:11:25] [train] ep=33 step=030/40 ce=0.4812 sc=0.8140 mi=0.0621 dn=0.0000 v13=0.0007 grl=0.0908 v15=0.0000 v15r=0.0000 v16=0.0000 v17=0.0000 v18=0.0000 acc=0.9875 lr=2.36e-04 lambda=0.000 grl_lambda=0.927 v18_lambda=0.000 gpu=3.0/11.8GB
[00:11:31] [train] ep=33 step=040/40 ce=0.4325 sc=0.8017 mi=0.0618 dn=0.0000 v13=0.0007 grl=0.0889 v15=0.0000 v15r=0.0000 v16=0.0000 v17=0.0000 v18=0.0000 acc=0.9906 lr=2.35e-04 lambda=0.000 grl_lambda=0.929 v18_lambda=0.000 gpu=3.0/11.8GB
[00:11:44] [ep_summary] ep=33/100 val_live=0.9630/0.9627 val_ema=0.8642/0.8691 test77_live=0.8597/0.8576 test77_diag_ema=0.3237/0.2502 v13=0.0007 grl=0.0889 v15=0.0000 v15r=0.0000 v16=0.0000 v17=0.0000 v18=0.0000 das=fixed_narrow[10,30] p=1.00 ep_time=37.1s
[00:11:44] [save] best_sourceval_ema val_acc_ema=0.8642 source_val_live=0.9630/0.9627 source_val_ema=0.8642/0.8691 ep=33
[00:11:44] [train] epoch 34/100 steps=40 use_dann=0 das=fixed_narrow f=[10.0,30.0] p=1.00 gpu=3.0/11.8GB
[00:11:45] [train] ep=34 step=001/40 ce=0.2692 sc=0.4376 mi=0.0520 dn=0.0000 v13=0.0003 grl=0.0824 v15=0.0000 v15r=0.0000 v16=0.0000 v17=0.0000 v18=0.0000 acc=1.0000 lr=2.35e-04 lambda=0.000 grl_lambda=0.929 v18_lambda=0.000 gpu=3.0/11.8GB
[00:11:50] [train] ep=34 step=010/40 ce=0.2873 sc=0.9170 mi=0.0574 dn=0.0000 v13=0.0006 grl=0.0906 v15=0.0000 v15r=0.0000 v16=0.0000 v17=0.0000 v18=0.0000 acc=1.0000 lr=2.34e-04 lambda=0.000 grl_lambda=0.930 v18_lambda=0.000 gpu=3.0/11.8GB
[00:11:56] [train] ep=34 step=020/40 ce=0.2932 sc=0.8401 mi=0.0583 dn=0.0000 v13=0.0006 grl=0.0890 v15=0.0000 v15r=0.0000 v16=0.0000 v17=0.0000 v18=0.0000 acc=1.0000 lr=2.33e-04 lambda=0.000 grl_lambda=0.932 v18_lambda=0.000 gpu=3.0/11.8GB
[00:12:02] [train] ep=34 step=030/40 ce=0.2982 sc=0.8253 mi=0.0596 dn=0.0000 v13=0.0006 grl=0.0919 v15=0.0000 v15r=0.0000 v16=0.0000 v17=0.0000 v18=0.0000 acc=1.0000 lr=2.32e-04 lambda=0.000 grl_lambda=0.934 v18_lambda=0.000 gpu=3.0/11.8GB
[00:12:08] [train] ep=34 step=040/40 ce=0.3350 sc=0.8331 mi=0.0596 dn=0.0000 v13=0.0006 grl=0.0925 v15=0.0000 v15r=0.0000 v16=0.0000 v17=0.0000 v18=0.0000 acc=0.9969 lr=2.31e-04 lambda=0.000 grl_lambda=0.935 v18_lambda=0.000 gpu=3.0/11.8GB
[00:12:20] [ep_summary] ep=34/100 val_live=0.9691/0.9696 val_ema=0.8765/0.8814 test77_live=0.7554/0.7276 test77_diag_ema=0.3525/0.2657 v13=0.0006 grl=0.0925 v15=0.0000 v15r=0.0000 v16=0.0000 v17=0.0000 v18=0.0000 das=fixed_narrow[10,30] p=1.00 ep_time=35.6s
[00:12:20] [save] best_sourceval_ema val_acc_ema=0.8765 source_val_live=0.9691/0.9696 source_val_ema=0.8765/0.8814 ep=34
[00:12:20] [train] epoch 35/100 steps=40 use_dann=0 das=fixed_narrow f=[10.0,30.0] p=1.00 gpu=3.0/11.8GB
[00:12:20] [train] ep=35 step=001/40 ce=1.0137 sc=0.8796 mi=0.0508 dn=0.0000 v13=0.0004 grl=0.0857 v15=0.0000 v15r=0.0000 v16=0.0000 v17=0.0000 v18=0.0000 acc=0.9375 lr=2.31e-04 lambda=0.000 grl_lambda=0.935 v18_lambda=0.000 gpu=3.0/11.8GB
[00:12:26] [train] ep=35 step=010/40 ce=0.5708 sc=0.8341 mi=0.0590 dn=0.0000 v13=0.0005 grl=0.0746 v15=0.0000 v15r=0.0000 v16=0.0000 v17=0.0000 v18=0.0000 acc=0.9750 lr=2.30e-04 lambda=0.000 grl_lambda=0.937 v18_lambda=0.000 gpu=3.0/11.8GB
[00:12:32] [train] ep=35 step=020/40 ce=0.4970 sc=0.8180 mi=0.0600 dn=0.0000 v13=0.0005 grl=0.0767 v15=0.0000 v15r=0.0000 v16=0.0000 v17=0.0000 v18=0.0000 acc=0.9812 lr=2.29e-04 lambda=0.000 grl_lambda=0.938 v18_lambda=0.000 gpu=3.0/11.8GB
[00:12:38] [train] ep=35 step=030/40 ce=0.4506 sc=0.7937 mi=0.0605 dn=0.0000 v13=0.0005 grl=0.0784 v15=0.0000 v15r=0.0000 v16=0.0000 v17=0.0000 v18=0.0000 acc=0.9854 lr=2.28e-04 lambda=0.000 grl_lambda=0.940 v18_lambda=0.000 gpu=3.0/11.8GB
[00:12:44] [train] ep=35 step=040/40 ce=0.4382 sc=0.8030 mi=0.0609 dn=0.0000 v13=0.0005 grl=0.0774 v15=0.0000 v15r=0.0000 v16=0.0000 v17=0.0000 v18=0.0000 acc=0.9875 lr=2.27e-04 lambda=0.000 grl_lambda=0.941 v18_lambda=0.000 gpu=3.0/11.8GB
[00:12:57] [ep_summary] ep=35/100 val_live=0.9444/0.9456 val_ema=0.8951/0.8994 test77_live=0.8129/0.7896 test77_diag_ema=0.3813/0.2934 v13=0.0005 grl=0.0774 v15=0.0000 v15r=0.0000 v16=0.0000 v17=0.0000 v18=0.0000 das=fixed_narrow[10,30] p=1.00 ep_time=37.0s
[00:12:57] [save] best_sourceval_ema val_acc_ema=0.8951 source_val_live=0.9444/0.9456 source_val_ema=0.8951/0.8994 ep=35
[00:12:57] [train] epoch 36/100 steps=40 use_dann=0 das=fixed_narrow f=[10.0,30.0] p=1.00 gpu=3.0/11.8GB
[00:12:58] [train] ep=36 step=001/40 ce=0.3499 sc=0.8658 mi=0.0487 dn=0.0000 v13=0.0005 grl=0.1133 v15=0.0000 v15r=0.0000 v16=0.0000 v17=0.0000 v18=0.0000 acc=1.0000 lr=2.26e-04 lambda=0.000 grl_lambda=0.941 v18_lambda=0.000 gpu=3.0/11.8GB
[00:13:03] [train] ep=36 step=010/40 ce=0.6542 sc=0.8259 mi=0.0577 dn=0.0000 v13=0.0005 grl=0.0838 v15=0.0000 v15r=0.0000 v16=0.0000 v17=0.0000 v18=0.0000 acc=0.9750 lr=2.25e-04 lambda=0.000 grl_lambda=0.943 v18_lambda=0.000 gpu=3.0/11.8GB
[00:13:09] [train] ep=36 step=020/40 ce=0.6203 sc=0.8345 mi=0.0582 dn=0.0000 v13=0.0005 grl=0.0925 v15=0.0000 v15r=0.0000 v16=0.0000 v17=0.0000 v18=0.0000 acc=0.9750 lr=2.24e-04 lambda=0.000 grl_lambda=0.944 v18_lambda=0.000 gpu=3.0/11.8GB
[00:13:15] [train] ep=36 step=030/40 ce=0.5771 sc=0.8312 mi=0.0585 dn=0.0000 v13=0.0005 grl=0.0923 v15=0.0000 v15r=0.0000 v16=0.0000 v17=0.0000 v18=0.0000 acc=0.9750 lr=2.23e-04 lambda=0.000 grl_lambda=0.945 v18_lambda=0.000 gpu=3.0/11.8GB
[00:13:21] [train] ep=36 step=040/40 ce=0.5226 sc=0.7961 mi=0.0593 dn=0.0000 v13=0.0005 grl=0.0905 v15=0.0000 v15r=0.0000 v16=0.0000 v17=0.0000 v18=0.0000 acc=0.9812 lr=2.22e-04 lambda=0.000 grl_lambda=0.947 v18_lambda=0.000 gpu=3.0/11.8GB
[00:13:34] [ep_summary] ep=36/100 val_live=0.9506/0.9499 val_ema=0.9012/0.9050 test77_live=0.8993/0.8973 test77_diag_ema=0.3921/0.3069 v13=0.0005 grl=0.0905 v15=0.0000 v15r=0.0000 v16=0.0000 v17=0.0000 v18=0.0000 das=fixed_narrow[10,30] p=1.00 ep_time=36.7s
[00:13:34] [save] best_sourceval_ema val_acc_ema=0.9012 source_val_live=0.9506/0.9499 source_val_ema=0.9012/0.9050 ep=36
[00:13:34] [save] best_sourcequalified77_ema ep=36 source_val_live=0.9506/0.9499 source_val_ema=0.9012/0.9050 test77_ema=0.3921/0.3069
[00:13:34] [train] epoch 37/100 steps=40 use_dann=0 das=fixed_narrow f=[10.0,30.0] p=1.00 gpu=3.0/11.8GB
[00:13:34] [train] ep=37 step=001/40 ce=0.2933 sc=0.8486 mi=0.0724 dn=0.0000 v13=0.0008 grl=0.1054 v15=0.0000 v15r=0.0000 v16=0.0000 v17=0.0000 v18=0.0000 acc=1.0000 lr=2.22e-04 lambda=0.000 grl_lambda=0.947 v18_lambda=0.000 gpu=3.0/11.8GB
[00:13:40] [train] ep=37 step=010/40 ce=0.4819 sc=0.8164 mi=0.0610 dn=0.0000 v13=0.0005 grl=0.0780 v15=0.0000 v15r=0.0000 v16=0.0000 v17=0.0000 v18=0.0000 acc=0.9875 lr=2.21e-04 lambda=0.000 grl_lambda=0.948 v18_lambda=0.000 gpu=3.0/11.8GB
[00:13:46] [train] ep=37 step=020/40 ce=0.3912 sc=0.8067 mi=0.0605 dn=0.0000 v13=0.0005 grl=0.0776 v15=0.0000 v15r=0.0000 v16=0.0000 v17=0.0000 v18=0.0000 acc=0.9938 lr=2.20e-04 lambda=0.000 grl_lambda=0.949 v18_lambda=0.000 gpu=3.0/11.8GB
[00:13:52] [train] ep=37 step=030/40 ce=0.3633 sc=0.7836 mi=0.0599 dn=0.0000 v13=0.0005 grl=0.0813 v15=0.0000 v15r=0.0000 v16=0.0000 v17=0.0000 v18=0.0000 acc=0.9958 lr=2.19e-04 lambda=0.000 grl_lambda=0.950 v18_lambda=0.000 gpu=3.0/11.8GB
[00:13:58] [train] ep=37 step=040/40 ce=0.3468 sc=0.7900 mi=0.0600 dn=0.0000 v13=0.0005 grl=0.0875 v15=0.0000 v15r=0.0000 v16=0.0000 v17=0.0000 v18=0.0000 acc=0.9969 lr=2.18e-04 lambda=0.000 grl_lambda=0.952 v18_lambda=0.000 gpu=3.0/11.8GB
[00:14:09] [ep_summary] ep=37/100 val_live=0.9568/0.9576 val_ema=0.9074/0.9110 test77_live=0.8417/0.8382 test77_diag_ema=0.3993/0.3102 v13=0.0005 grl=0.0875 v15=0.0000 v15r=0.0000 v16=0.0000 v17=0.0000 v18=0.0000 das=fixed_narrow[10,30] p=1.00 ep_time=35.7s
[00:14:09] [save] best_sourceval_ema val_acc_ema=0.9074 source_val_live=0.9568/0.9576 source_val_ema=0.9074/0.9110 ep=37
[00:14:10] [save] best_sourcequalified77_ema ep=37 source_val_live=0.9568/0.9576 source_val_ema=0.9074/0.9110 test77_ema=0.3993/0.3102
[00:14:10] [train] epoch 38/100 steps=40 use_dann=0 das=fixed_narrow f=[10.0,30.0] p=1.00 gpu=3.0/11.8GB
[00:14:10] [train] ep=38 step=001/40 ce=0.2681 sc=0.4481 mi=0.0485 dn=0.0000 v13=0.0006 grl=0.0710 v15=0.0000 v15r=0.0000 v16=0.0000 v17=0.0000 v18=0.0000 acc=1.0000 lr=2.18e-04 lambda=0.000 grl_lambda=0.952 v18_lambda=0.000 gpu=3.0/11.8GB
[00:14:16] [train] ep=38 step=010/40 ce=0.3604 sc=0.7897 mi=0.0547 dn=0.0000 v13=0.0005 grl=0.0842 v15=0.0000 v15r=0.0000 v16=0.0000 v17=0.0000 v18=0.0000 acc=0.9938 lr=2.17e-04 lambda=0.000 grl_lambda=0.953 v18_lambda=0.000 gpu=3.0/11.8GB
[00:14:22] [train] ep=38 step=020/40 ce=0.3961 sc=0.8482 mi=0.0550 dn=0.0000 v13=0.0005 grl=0.0750 v15=0.0000 v15r=0.0000 v16=0.0000 v17=0.0000 v18=0.0000 acc=0.9906 lr=2.16e-04 lambda=0.000 grl_lambda=0.954 v18_lambda=0.000 gpu=3.0/11.8GB
[00:14:27] [train] ep=38 step=030/40 ce=0.3609 sc=0.7827 mi=0.0558 dn=0.0000 v13=0.0005 grl=0.0735 v15=0.0000 v15r=0.0000 v16=0.0000 v17=0.0000 v18=0.0000 acc=0.9938 lr=2.15e-04 lambda=0.000 grl_lambda=0.955 v18_lambda=0.000 gpu=3.0/11.8GB
[00:14:33] [train] ep=38 step=040/40 ce=0.3633 sc=0.7737 mi=0.0566 dn=0.0000 v13=0.0005 grl=0.0786 v15=0.0000 v15r=0.0000 v16=0.0000 v17=0.0000 v18=0.0000 acc=0.9938 lr=2.14e-04 lambda=0.000 grl_lambda=0.956 v18_lambda=0.000 gpu=3.0/11.8GB
[00:14:47] [ep_summary] ep=38/100 val_live=0.9383/0.9379 val_ema=0.9074/0.9110 test77_live=0.8993/0.8970 test77_diag_ema=0.4245/0.3369 v13=0.0005 grl=0.0786 v15=0.0000 v15r=0.0000 v16=0.0000 v17=0.0000 v18=0.0000 das=fixed_narrow[10,30] p=1.00 ep_time=37.2s
[00:14:47] [save] best_sourcequalified77_ema ep=38 source_val_live=0.9383/0.9379 source_val_ema=0.9074/0.9110 test77_ema=0.4245/0.3369
[00:14:47] [train] epoch 39/100 steps=40 use_dann=0 das=fixed_narrow f=[10.0,30.0] p=1.00 gpu=3.0/11.8GB
[00:14:47] [train] ep=39 step=001/40 ce=0.2644 sc=0.7859 mi=0.0672 dn=0.0000 v13=0.0006 grl=0.0755 v15=0.0000 v15r=0.0000 v16=0.0000 v17=0.0000 v18=0.0000 acc=1.0000 lr=2.14e-04 lambda=0.000 grl_lambda=0.956 v18_lambda=0.000 gpu=3.0/11.8GB
[00:14:53] [train] ep=39 step=010/40 ce=0.2877 sc=0.8151 mi=0.0600 dn=0.0000 v13=0.0005 grl=0.0823 v15=0.0000 v15r=0.0000 v16=0.0000 v17=0.0000 v18=0.0000 acc=1.0000 lr=2.13e-04 lambda=0.000 grl_lambda=0.957 v18_lambda=0.000 gpu=3.0/11.8GB
[00:14:59] [train] ep=39 step=020/40 ce=0.3634 sc=0.8173 mi=0.0594 dn=0.0000 v13=0.0005 grl=0.0831 v15=0.0000 v15r=0.0000 v16=0.0000 v17=0.0000 v18=0.0000 acc=0.9906 lr=2.11e-04 lambda=0.000 grl_lambda=0.958 v18_lambda=0.000 gpu=3.0/11.8GB
[00:15:05] [train] ep=39 step=030/40 ce=0.3837 sc=0.8220 mi=0.0605 dn=0.0000 v13=0.0006 grl=0.0791 v15=0.0000 v15r=0.0000 v16=0.0000 v17=0.0000 v18=0.0000 acc=0.9896 lr=2.10e-04 lambda=0.000 grl_lambda=0.959 v18_lambda=0.000 gpu=3.0/11.8GB
[00:15:11] [train] ep=39 step=040/40 ce=0.3682 sc=0.8037 mi=0.0602 dn=0.0000 v13=0.0006 grl=0.0789 v15=0.0000 v15r=0.0000 v16=0.0000 v17=0.0000 v18=0.0000 acc=0.9922 lr=2.09e-04 lambda=0.000 grl_lambda=0.960 v18_lambda=0.000 gpu=3.0/11.8GB
[00:15:21] [ep_summary] ep=39/100 val_live=0.9630/0.9634 val_ema=0.9136/0.9168 test77_live=0.8273/0.7999 test77_diag_ema=0.4424/0.3583 v13=0.0006 grl=0.0789 v15=0.0000 v15r=0.0000 v16=0.0000 v17=0.0000 v18=0.0000 das=fixed_narrow[10,30] p=1.00 ep_time=34.7s
[00:15:22] [save] best_sourceval_ema val_acc_ema=0.9136 source_val_live=0.9630/0.9634 source_val_ema=0.9136/0.9168 ep=39
[00:15:22] [save] best_sourcequalified77_ema ep=39 source_val_live=0.9630/0.9634 source_val_ema=0.9136/0.9168 test77_ema=0.4424/0.3583
[00:15:22] [train] epoch 40/100 steps=40 use_dann=0 das=fixed_narrow f=[10.0,30.0] p=1.00 gpu=3.0/11.8GB
[00:15:22] [train] ep=40 step=001/40 ce=0.2667 sc=1.0023 mi=0.0615 dn=0.0000 v13=0.0004 grl=0.1429 v15=0.0000 v15r=0.0000 v16=0.0000 v17=0.0000 v18=0.0000 acc=1.0000 lr=2.09e-04 lambda=0.000 grl_lambda=0.960 v18_lambda=0.000 gpu=3.0/11.8GB
[00:15:28] [train] ep=40 step=010/40 ce=0.3973 sc=0.8678 mi=0.0624 dn=0.0000 v13=0.0007 grl=0.1044 v15=0.0000 v15r=0.0000 v16=0.0000 v17=0.0000 v18=0.0000 acc=0.9875 lr=2.08e-04 lambda=0.000 grl_lambda=0.961 v18_lambda=0.000 gpu=3.0/11.8GB
[00:15:34] [train] ep=40 step=020/40 ce=0.3879 sc=0.8148 mi=0.0637 dn=0.0000 v13=0.0007 grl=0.0914 v15=0.0000 v15r=0.0000 v16=0.0000 v17=0.0000 v18=0.0000 acc=0.9906 lr=2.07e-04 lambda=0.000 grl_lambda=0.962 v18_lambda=0.000 gpu=3.0/11.8GB
[00:15:40] [train] ep=40 step=030/40 ce=0.4146 sc=0.8266 mi=0.0632 dn=0.0000 v13=0.0006 grl=0.0847 v15=0.0000 v15r=0.0000 v16=0.0000 v17=0.0000 v18=0.0000 acc=0.9875 lr=2.06e-04 lambda=0.000 grl_lambda=0.963 v18_lambda=0.000 gpu=3.0/11.8GB
[00:15:46] [train] ep=40 step=040/40 ce=0.4191 sc=0.8434 mi=0.0626 dn=0.0000 v13=0.0006 grl=0.0853 v15=0.0000 v15r=0.0000 v16=0.0000 v17=0.0000 v18=0.0000 acc=0.9875 lr=2.05e-04 lambda=0.000 grl_lambda=0.964 v18_lambda=0.000 gpu=3.0/11.8GB
[00:15:57] [pool] check ep=040/100 source_val_acc_ema=0.9259 threshold=0.90
[00:16:02] [pool] ep=040 ADDED src_val=0.9259/0.9280 dev77=0.4571/0.3762 final77=0.4604/0.3824
[00:16:02] [pool] running best ep=040 dev77_f1=0.3762 final77_f1=0.3824 (pool_size=1)
[00:16:02] [ep_summary] ep=40/100 val_live=0.9506/0.9494 val_ema=0.9259/0.9280 test77_live=0.8381/0.8242 test77_diag_ema=0.4604/0.3824 v13=0.0006 grl=0.0853 v15=0.0000 v15r=0.0000 v16=0.0000 v17=0.0000 v18=0.0000 das=fixed_narrow[10,30] p=1.00 ep_time=40.3s
[00:16:02] [save] best_sourceval_ema val_acc_ema=0.9259 source_val_live=0.9506/0.9494 source_val_ema=0.9259/0.9280 ep=40
[00:16:02] [save] best_sourcequalified77_ema ep=40 source_val_live=0.9506/0.9494 source_val_ema=0.9259/0.9280 test77_ema=0.4604/0.3824
[00:16:02] [strict77_monitor] ep=40 best_source_epoch=40 source_val_ema=0.9259/0.9280 test77_ema_diag=0.4604/0.3824 sourcequalified_count=5 best_sourcequalified77_epoch=40 source_val_ema=0.9259/0.9280 test77_ema=0.4604/0.3824
[00:16:02] [train] epoch 41/100 steps=40 use_dann=0 das=fixed_narrow f=[10.0,30.0] p=1.00 gpu=3.0/11.8GB
[00:16:03] [train] ep=41 step=001/40 ce=0.4262 sc=0.7811 mi=0.0596 dn=0.0000 v13=0.0005 grl=0.1031 v15=0.0000 v15r=0.0000 v16=0.0000 v17=0.0000 v18=0.0000 acc=1.0000 lr=2.05e-04 lambda=0.000 grl_lambda=0.964 v18_lambda=0.000 gpu=3.0/11.8GB
[00:16:08] [train] ep=41 step=010/40 ce=0.4195 sc=0.9924 mi=0.0589 dn=0.0000 v13=0.0005 grl=0.0773 v15=0.0000 v15r=0.0000 v16=0.0000 v17=0.0000 v18=0.0000 acc=0.9938 lr=2.04e-04 lambda=0.000 grl_lambda=0.965 v18_lambda=0.000 gpu=3.0/11.8GB
[00:16:14] [train] ep=41 step=020/40 ce=0.5016 sc=0.9183 mi=0.0592 dn=0.0000 v13=0.0005 grl=0.0810 v15=0.0000 v15r=0.0000 v16=0.0000 v17=0.0000 v18=0.0000 acc=0.9812 lr=2.02e-04 lambda=0.000 grl_lambda=0.966 v18_lambda=0.000 gpu=3.0/11.8GB
[00:16:20] [train] ep=41 step=030/40 ce=0.4262 sc=0.9001 mi=0.0596 dn=0.0000 v13=0.0005 grl=0.0834 v15=0.0000 v15r=0.0000 v16=0.0000 v17=0.0000 v18=0.0000 acc=0.9875 lr=2.01e-04 lambda=0.000 grl_lambda=0.967 v18_lambda=0.000 gpu=3.0/11.8GB
[00:16:26] [train] ep=41 step=040/40 ce=0.4089 sc=0.8471 mi=0.0588 dn=0.0000 v13=0.0005 grl=0.0814 v15=0.0000 v15r=0.0000 v16=0.0000 v17=0.0000 v18=0.0000 acc=0.9891 lr=2.00e-04 lambda=0.000 grl_lambda=0.967 v18_lambda=0.000 gpu=3.0/11.8GB
[00:16:37] [ep_summary] ep=41/100 val_live=0.9444/0.9440 val_ema=0.9383/0.9398 test77_live=0.7986/0.7851 test77_diag_ema=0.5000/0.4303 v13=0.0005 grl=0.0814 v15=0.0000 v15r=0.0000 v16=0.0000 v17=0.0000 v18=0.0000 das=fixed_narrow[10,30] p=1.00 ep_time=34.7s
[00:16:37] [save] best_sourceval_ema val_acc_ema=0.9383 source_val_live=0.9444/0.9440 source_val_ema=0.9383/0.9398 ep=41
[00:16:37] [save] best_sourcequalified77_ema ep=41 source_val_live=0.9444/0.9440 source_val_ema=0.9383/0.9398 test77_ema=0.5000/0.4303
[00:16:37] [train] epoch 42/100 steps=40 use_dann=0 das=fixed_narrow f=[10.0,30.0] p=1.00 gpu=3.0/11.8GB
[00:16:38] [train] ep=42 step=001/40 ce=0.3084 sc=1.0265 mi=0.0615 dn=0.0000 v13=0.0005 grl=0.1028 v15=0.0000 v15r=0.0000 v16=0.0000 v17=0.0000 v18=0.0000 acc=1.0000 lr=2.00e-04 lambda=0.000 grl_lambda=0.967 v18_lambda=0.000 gpu=3.0/11.8GB
[00:16:43] [train] ep=42 step=010/40 ce=0.4193 sc=0.8247 mi=0.0559 dn=0.0000 v13=0.0006 grl=0.0800 v15=0.0000 v15r=0.0000 v16=0.0000 v17=0.0000 v18=0.0000 acc=0.9938 lr=1.99e-04 lambda=0.000 grl_lambda=0.968 v18_lambda=0.000 gpu=3.0/11.8GB
[00:16:49] [train] ep=42 step=020/40 ce=0.3864 sc=0.8149 mi=0.0581 dn=0.0000 v13=0.0006 grl=0.0824 v15=0.0000 v15r=0.0000 v16=0.0000 v17=0.0000 v18=0.0000 acc=0.9969 lr=1.98e-04 lambda=0.000 grl_lambda=0.969 v18_lambda=0.000 gpu=3.0/11.8GB
[00:16:55] [train] ep=42 step=030/40 ce=0.3665 sc=0.8252 mi=0.0582 dn=0.0000 v13=0.0006 grl=0.0806 v15=0.0000 v15r=0.0000 v16=0.0000 v17=0.0000 v18=0.0000 acc=0.9958 lr=1.97e-04 lambda=0.000 grl_lambda=0.970 v18_lambda=0.000 gpu=3.0/11.8GB
[00:17:01] [train] ep=42 step=040/40 ce=0.3421 sc=0.7979 mi=0.0584 dn=0.0000 v13=0.0006 grl=0.0798 v15=0.0000 v15r=0.0000 v16=0.0000 v17=0.0000 v18=0.0000 acc=0.9969 lr=1.96e-04 lambda=0.000 grl_lambda=0.970 v18_lambda=0.000 gpu=3.0/11.8GB
[00:17:13] [ep_summary] ep=42/100 val_live=0.9753/0.9756 val_ema=0.9444/0.9455 test77_live=0.8022/0.7775 test77_diag_ema=0.5252/0.4625 v13=0.0006 grl=0.0798 v15=0.0000 v15r=0.0000 v16=0.0000 v17=0.0000 v18=0.0000 das=fixed_narrow[10,30] p=1.00 ep_time=36.6s
[00:17:14] [save] best_sourceval_ema val_acc_ema=0.9444 source_val_live=0.9753/0.9756 source_val_ema=0.9444/0.9455 ep=42
[00:17:14] [save] best_sourcequalified77_ema ep=42 source_val_live=0.9753/0.9756 source_val_ema=0.9444/0.9455 test77_ema=0.5252/0.4625
[00:17:14] [train] epoch 43/100 steps=40 use_dann=0 das=fixed_narrow f=[10.0,30.0] p=1.00 gpu=3.0/11.8GB
[00:17:14] [train] ep=43 step=001/40 ce=0.2661 sc=1.0384 mi=0.0556 dn=0.0000 v13=0.0007 grl=0.0708 v15=0.0000 v15r=0.0000 v16=0.0000 v17=0.0000 v18=0.0000 acc=1.0000 lr=1.95e-04 lambda=0.000 grl_lambda=0.970 v18_lambda=0.000 gpu=3.0/11.8GB
[00:17:20] [train] ep=43 step=010/40 ce=0.4094 sc=0.8428 mi=0.0571 dn=0.0000 v13=0.0006 grl=0.0699 v15=0.0000 v15r=0.0000 v16=0.0000 v17=0.0000 v18=0.0000 acc=0.9875 lr=1.94e-04 lambda=0.000 grl_lambda=0.971 v18_lambda=0.000 gpu=3.0/11.8GB
[00:17:25] [train] ep=43 step=020/40 ce=0.4005 sc=0.8649 mi=0.0572 dn=0.0000 v13=0.0005 grl=0.0698 v15=0.0000 v15r=0.0000 v16=0.0000 v17=0.0000 v18=0.0000 acc=0.9906 lr=1.93e-04 lambda=0.000 grl_lambda=0.972 v18_lambda=0.000 gpu=3.0/11.8GB
[00:17:31] [train] ep=43 step=030/40 ce=0.3552 sc=0.8681 mi=0.0572 dn=0.0000 v13=0.0005 grl=0.0719 v15=0.0000 v15r=0.0000 v16=0.0000 v17=0.0000 v18=0.0000 acc=0.9938 lr=1.92e-04 lambda=0.000 grl_lambda=0.972 v18_lambda=0.000 gpu=3.0/11.8GB
[00:17:37] [train] ep=43 step=040/40 ce=0.3529 sc=0.8462 mi=0.0571 dn=0.0000 v13=0.0005 grl=0.0781 v15=0.0000 v15r=0.0000 v16=0.0000 v17=0.0000 v18=0.0000 acc=0.9938 lr=1.91e-04 lambda=0.000 grl_lambda=0.973 v18_lambda=0.000 gpu=3.0/11.8GB
[00:17:48] [ep_summary] ep=43/100 val_live=0.9568/0.9566 val_ema=0.9506/0.9523 test77_live=0.8022/0.7815 test77_diag_ema=0.5540/0.4900 v13=0.0005 grl=0.0781 v15=0.0000 v15r=0.0000 v16=0.0000 v17=0.0000 v18=0.0000 das=fixed_narrow[10,30] p=1.00 ep_time=34.5s
[00:17:48] [save] best_sourceval_ema val_acc_ema=0.9506 source_val_live=0.9568/0.9566 source_val_ema=0.9506/0.9523 ep=43
[00:17:48] [save] best_sourcequalified77_ema ep=43 source_val_live=0.9568/0.9566 source_val_ema=0.9506/0.9523 test77_ema=0.5540/0.4900
[00:17:48] [train] epoch 44/100 steps=40 use_dann=0 das=fixed_narrow f=[10.0,30.0] p=1.00 gpu=3.0/11.8GB
[00:17:49] [train] ep=44 step=001/40 ce=0.4119 sc=0.4756 mi=0.0512 dn=0.0000 v13=0.0008 grl=0.1047 v15=0.0000 v15r=0.0000 v16=0.0000 v17=0.0000 v18=0.0000 acc=1.0000 lr=1.91e-04 lambda=0.000 grl_lambda=0.973 v18_lambda=0.000 gpu=3.0/11.8GB
[00:17:54] [train] ep=44 step=010/40 ce=0.2778 sc=0.6950 mi=0.0589 dn=0.0000 v13=0.0006 grl=0.0932 v15=0.0000 v15r=0.0000 v16=0.0000 v17=0.0000 v18=0.0000 acc=1.0000 lr=1.90e-04 lambda=0.000 grl_lambda=0.974 v18_lambda=0.000 gpu=3.0/11.8GB
[00:18:00] [train] ep=44 step=020/40 ce=0.3835 sc=0.7343 mi=0.0586 dn=0.0000 v13=0.0006 grl=0.0786 v15=0.0000 v15r=0.0000 v16=0.0000 v17=0.0000 v18=0.0000 acc=0.9906 lr=1.89e-04 lambda=0.000 grl_lambda=0.974 v18_lambda=0.000 gpu=3.0/11.8GB
[00:18:06] [train] ep=44 step=030/40 ce=0.3522 sc=0.7618 mi=0.0588 dn=0.0000 v13=0.0006 grl=0.0784 v15=0.0000 v15r=0.0000 v16=0.0000 v17=0.0000 v18=0.0000 acc=0.9938 lr=1.87e-04 lambda=0.000 grl_lambda=0.975 v18_lambda=0.000 gpu=3.0/11.8GB
[00:18:12] [train] ep=44 step=040/40 ce=0.3474 sc=0.7533 mi=0.0586 dn=0.0000 v13=0.0006 grl=0.0766 v15=0.0000 v15r=0.0000 v16=0.0000 v17=0.0000 v18=0.0000 acc=0.9938 lr=1.86e-04 lambda=0.000 grl_lambda=0.976 v18_lambda=0.000 gpu=3.0/11.8GB
[00:18:25] [ep_summary] ep=44/100 val_live=0.9753/0.9757 val_ema=0.9506/0.9523 test77_live=0.7878/0.7768 test77_diag_ema=0.5719/0.5077 v13=0.0006 grl=0.0766 v15=0.0000 v15r=0.0000 v16=0.0000 v17=0.0000 v18=0.0000 das=fixed_narrow[10,30] p=1.00 ep_time=37.1s
[00:18:25] [save] best_sourcequalified77_ema ep=44 source_val_live=0.9753/0.9757 source_val_ema=0.9506/0.9523 test77_ema=0.5719/0.5077
[00:18:25] [train] epoch 45/100 steps=40 use_dann=0 das=fixed_narrow f=[10.0,30.0] p=1.00 gpu=3.0/11.8GB
[00:18:26] [train] ep=45 step=001/40 ce=0.2652 sc=0.6022 mi=0.0498 dn=0.0000 v13=0.0007 grl=0.1041 v15=0.0000 v15r=0.0000 v16=0.0000 v17=0.0000 v18=0.0000 acc=1.0000 lr=1.86e-04 lambda=0.000 grl_lambda=0.976 v18_lambda=0.000 gpu=3.0/11.8GB
[00:18:31] [train] ep=45 step=010/40 ce=0.3339 sc=0.8292 mi=0.0534 dn=0.0000 v13=0.0006 grl=0.0662 v15=0.0000 v15r=0.0000 v16=0.0000 v17=0.0000 v18=0.0000 acc=0.9938 lr=1.85e-04 lambda=0.000 grl_lambda=0.976 v18_lambda=0.000 gpu=3.0/11.8GB
[00:18:37] [train] ep=45 step=020/40 ce=0.2988 sc=0.7457 mi=0.0550 dn=0.0000 v13=0.0006 grl=0.0788 v15=0.0000 v15r=0.0000 v16=0.0000 v17=0.0000 v18=0.0000 acc=0.9969 lr=1.84e-04 lambda=0.000 grl_lambda=0.977 v18_lambda=0.000 gpu=3.0/11.8GB
[00:18:43] [train] ep=45 step=030/40 ce=0.3206 sc=0.7674 mi=0.0553 dn=0.0000 v13=0.0006 grl=0.0793 v15=0.0000 v15r=0.0000 v16=0.0000 v17=0.0000 v18=0.0000 acc=0.9958 lr=1.83e-04 lambda=0.000 grl_lambda=0.977 v18_lambda=0.000 gpu=3.0/11.8GB
[00:18:49] [train] ep=45 step=040/40 ce=0.3364 sc=0.7813 mi=0.0554 dn=0.0000 v13=0.0006 grl=0.0790 v15=0.0000 v15r=0.0000 v16=0.0000 v17=0.0000 v18=0.0000 acc=0.9953 lr=1.81e-04 lambda=0.000 grl_lambda=0.978 v18_lambda=0.000 gpu=3.0/11.8GB
[00:19:00] [ep_summary] ep=45/100 val_live=0.9506/0.9511 val_ema=0.9568/0.9583 test77_live=0.7806/0.7487 test77_diag_ema=0.5899/0.5241 v13=0.0006 grl=0.0790 v15=0.0000 v15r=0.0000 v16=0.0000 v17=0.0000 v18=0.0000 das=fixed_narrow[10,30] p=1.00 ep_time=34.8s
[00:19:00] [save] best_sourceval_ema val_acc_ema=0.9568 source_val_live=0.9506/0.9511 source_val_ema=0.9568/0.9583 ep=45
[00:19:00] [save] best_sourcequalified77_ema ep=45 source_val_live=0.9506/0.9511 source_val_ema=0.9568/0.9583 test77_ema=0.5899/0.5241
[00:19:00] [train] epoch 46/100 steps=40 use_dann=0 das=fixed_narrow f=[10.0,30.0] p=1.00 gpu=3.0/11.8GB
[00:19:01] [train] ep=46 step=001/40 ce=0.2671 sc=0.7507 mi=0.0495 dn=0.0000 v13=0.0004 grl=0.1167 v15=0.0000 v15r=0.0000 v16=0.0000 v17=0.0000 v18=0.0000 acc=1.0000 lr=1.81e-04 lambda=0.000 grl_lambda=0.978 v18_lambda=0.000 gpu=3.0/11.8GB
[00:19:06] [train] ep=46 step=010/40 ce=0.3709 sc=0.8155 mi=0.0542 dn=0.0000 v13=0.0006 grl=0.0828 v15=0.0000 v15r=0.0000 v16=0.0000 v17=0.0000 v18=0.0000 acc=0.9938 lr=1.80e-04 lambda=0.000 grl_lambda=0.979 v18_lambda=0.000 gpu=3.0/11.8GB
[00:19:12] [train] ep=46 step=020/40 ce=0.3462 sc=0.7864 mi=0.0551 dn=0.0000 v13=0.0006 grl=0.0820 v15=0.0000 v15r=0.0000 v16=0.0000 v17=0.0000 v18=0.0000 acc=0.9938 lr=1.79e-04 lambda=0.000 grl_lambda=0.979 v18_lambda=0.000 gpu=3.0/11.8GB
[00:19:18] [train] ep=46 step=030/40 ce=0.3686 sc=0.7761 mi=0.0559 dn=0.0000 v13=0.0006 grl=0.0814 v15=0.0000 v15r=0.0000 v16=0.0000 v17=0.0000 v18=0.0000 acc=0.9917 lr=1.78e-04 lambda=0.000 grl_lambda=0.980 v18_lambda=0.000 gpu=3.0/11.8GB
[00:19:24] [train] ep=46 step=040/40 ce=0.3434 sc=0.7634 mi=0.0568 dn=0.0000 v13=0.0006 grl=0.0799 v15=0.0000 v15r=0.0000 v16=0.0000 v17=0.0000 v18=0.0000 acc=0.9938 lr=1.77e-04 lambda=0.000 grl_lambda=0.980 v18_lambda=0.000 gpu=3.0/11.8GB
[00:19:34] [ep_summary] ep=46/100 val_live=0.9691/0.9680 val_ema=0.9630/0.9642 test77_live=0.8129/0.8062 test77_diag_ema=0.5971/0.5291 v13=0.0006 grl=0.0799 v15=0.0000 v15r=0.0000 v16=0.0000 v17=0.0000 v18=0.0000 das=fixed_narrow[10,30] p=1.00 ep_time=34.2s
[00:19:34] [save] best_sourceval_ema val_acc_ema=0.9630 source_val_live=0.9691/0.9680 source_val_ema=0.9630/0.9642 ep=46
[00:19:34] [save] best_sourcequalified77_ema ep=46 source_val_live=0.9691/0.9680 source_val_ema=0.9630/0.9642 test77_ema=0.5971/0.5291
[00:19:34] [train] epoch 47/100 steps=40 use_dann=0 das=fixed_narrow f=[10.0,30.0] p=1.00 gpu=3.0/11.8GB
[00:19:35] [train] ep=47 step=001/40 ce=0.2628 sc=0.9930 mi=0.0578 dn=0.0000 v13=0.0004 grl=0.0799 v15=0.0000 v15r=0.0000 v16=0.0000 v17=0.0000 v18=0.0000 acc=1.0000 lr=1.77e-04 lambda=0.000 grl_lambda=0.980 v18_lambda=0.000 gpu=3.0/11.8GB
[00:19:40] [train] ep=47 step=010/40 ce=0.4986 sc=0.8702 mi=0.0581 dn=0.0000 v13=0.0005 grl=0.0733 v15=0.0000 v15r=0.0000 v16=0.0000 v17=0.0000 v18=0.0000 acc=0.9750 lr=1.76e-04 lambda=0.000 grl_lambda=0.981 v18_lambda=0.000 gpu=3.0/11.8GB
[00:19:46] [train] ep=47 step=020/40 ce=0.4962 sc=0.8463 mi=0.0576 dn=0.0000 v13=0.0005 grl=0.0714 v15=0.0000 v15r=0.0000 v16=0.0000 v17=0.0000 v18=0.0000 acc=0.9812 lr=1.74e-04 lambda=0.000 grl_lambda=0.981 v18_lambda=0.000 gpu=3.0/11.8GB
[00:19:52] [train] ep=47 step=030/40 ce=0.4253 sc=0.8005 mi=0.0578 dn=0.0000 v13=0.0005 grl=0.0732 v15=0.0000 v15r=0.0000 v16=0.0000 v17=0.0000 v18=0.0000 acc=0.9875 lr=1.73e-04 lambda=0.000 grl_lambda=0.981 v18_lambda=0.000 gpu=3.0/11.8GB
[00:19:58] [train] ep=47 step=040/40 ce=0.4526 sc=0.8490 mi=0.0588 dn=0.0000 v13=0.0005 grl=0.0783 v15=0.0000 v15r=0.0000 v16=0.0000 v17=0.0000 v18=0.0000 acc=0.9844 lr=1.72e-04 lambda=0.000 grl_lambda=0.982 v18_lambda=0.000 gpu=3.0/11.8GB
[00:20:09] [ep_summary] ep=47/100 val_live=0.9630/0.9619 val_ema=0.9630/0.9642 test77_live=0.8237/0.8164 test77_diag_ema=0.6223/0.5604 v13=0.0005 grl=0.0783 v15=0.0000 v15r=0.0000 v16=0.0000 v17=0.0000 v18=0.0000 das=fixed_narrow[10,30] p=1.00 ep_time=34.7s
[00:20:09] [save] best_sourcequalified77_ema ep=47 source_val_live=0.9630/0.9619 source_val_ema=0.9630/0.9642 test77_ema=0.6223/0.5604
[00:20:09] [train] epoch 48/100 steps=40 use_dann=0 das=fixed_narrow f=[10.0,30.0] p=1.00 gpu=3.0/11.8GB
[00:20:10] [train] ep=48 step=001/40 ce=0.2598 sc=0.7228 mi=0.0592 dn=0.0000 v13=0.0004 grl=0.0911 v15=0.0000 v15r=0.0000 v16=0.0000 v17=0.0000 v18=0.0000 acc=1.0000 lr=1.72e-04 lambda=0.000 grl_lambda=0.982 v18_lambda=0.000 gpu=3.0/11.8GB
[00:20:15] [train] ep=48 step=010/40 ce=0.2869 sc=0.8299 mi=0.0570 dn=0.0000 v13=0.0005 grl=0.0785 v15=0.0000 v15r=0.0000 v16=0.0000 v17=0.0000 v18=0.0000 acc=1.0000 lr=1.71e-04 lambda=0.000 grl_lambda=0.982 v18_lambda=0.000 gpu=3.0/11.8GB
[00:20:21] [train] ep=48 step=020/40 ce=0.3492 sc=0.8812 mi=0.0566 dn=0.0000 v13=0.0005 grl=0.0773 v15=0.0000 v15r=0.0000 v16=0.0000 v17=0.0000 v18=0.0000 acc=0.9938 lr=1.69e-04 lambda=0.000 grl_lambda=0.983 v18_lambda=0.000 gpu=3.0/11.8GB
[00:20:27] [train] ep=48 step=030/40 ce=0.3728 sc=0.8460 mi=0.0579 dn=0.0000 v13=0.0005 grl=0.0734 v15=0.0000 v15r=0.0000 v16=0.0000 v17=0.0000 v18=0.0000 acc=0.9917 lr=1.68e-04 lambda=0.000 grl_lambda=0.983 v18_lambda=0.000 gpu=3.0/11.8GB
[00:20:33] [train] ep=48 step=040/40 ce=0.3756 sc=0.8544 mi=0.0575 dn=0.0000 v13=0.0005 grl=0.0757 v15=0.0000 v15r=0.0000 v16=0.0000 v17=0.0000 v18=0.0000 acc=0.9922 lr=1.67e-04 lambda=0.000 grl_lambda=0.984 v18_lambda=0.000 gpu=3.0/11.8GB
[00:20:44] [ep_summary] ep=48/100 val_live=0.9630/0.9630 val_ema=0.9630/0.9642 test77_live=0.7878/0.7776 test77_diag_ema=0.6259/0.5650 v13=0.0005 grl=0.0757 v15=0.0000 v15r=0.0000 v16=0.0000 v17=0.0000 v18=0.0000 das=fixed_narrow[10,30] p=1.00 ep_time=34.5s
[00:20:44] [save] best_sourcequalified77_ema ep=48 source_val_live=0.9630/0.9630 source_val_ema=0.9630/0.9642 test77_ema=0.6259/0.5650
[00:20:44] [train] epoch 49/100 steps=40 use_dann=0 das=fixed_narrow f=[10.0,30.0] p=1.00 gpu=3.0/11.8GB
[00:20:44] [train] ep=49 step=001/40 ce=0.2591 sc=0.4350 mi=0.0571 dn=0.0000 v13=0.0006 grl=0.0692 v15=0.0000 v15r=0.0000 v16=0.0000 v17=0.0000 v18=0.0000 acc=1.0000 lr=1.67e-04 lambda=0.000 grl_lambda=0.984 v18_lambda=0.000 gpu=3.0/11.8GB
[00:20:50] [train] ep=49 step=010/40 ce=0.2620 sc=0.7250 mi=0.0572 dn=0.0000 v13=0.0005 grl=0.0798 v15=0.0000 v15r=0.0000 v16=0.0000 v17=0.0000 v18=0.0000 acc=1.0000 lr=1.66e-04 lambda=0.000 grl_lambda=0.984 v18_lambda=0.000 gpu=3.0/11.8GB
[00:20:56] [train] ep=49 step=020/40 ce=0.2947 sc=0.7855 mi=0.0574 dn=0.0000 v13=0.0005 grl=0.0834 v15=0.0000 v15r=0.0000 v16=0.0000 v17=0.0000 v18=0.0000 acc=0.9969 lr=1.65e-04 lambda=0.000 grl_lambda=0.984 v18_lambda=0.000 gpu=3.0/11.8GB
[00:21:01] [train] ep=49 step=030/40 ce=0.3133 sc=0.7973 mi=0.0567 dn=0.0000 v13=0.0005 grl=0.0844 v15=0.0000 v15r=0.0000 v16=0.0000 v17=0.0000 v18=0.0000 acc=0.9958 lr=1.63e-04 lambda=0.000 grl_lambda=0.985 v18_lambda=0.000 gpu=3.0/11.8GB
[00:21:07] [train] ep=49 step=040/40 ce=0.3465 sc=0.8017 mi=0.0576 dn=0.0000 v13=0.0005 grl=0.0807 v15=0.0000 v15r=0.0000 v16=0.0000 v17=0.0000 v18=0.0000 acc=0.9922 lr=1.62e-04 lambda=0.000 grl_lambda=0.985 v18_lambda=0.000 gpu=3.0/11.8GB
[00:21:18] [ep_summary] ep=49/100 val_live=0.9691/0.9687 val_ema=0.9630/0.9642 test77_live=0.7914/0.7778 test77_diag_ema=0.6367/0.5771 v13=0.0005 grl=0.0807 v15=0.0000 v15r=0.0000 v16=0.0000 v17=0.0000 v18=0.0000 das=fixed_narrow[10,30] p=1.00 ep_time=34.4s
[00:21:18] [save] best_sourcequalified77_ema ep=49 source_val_live=0.9691/0.9687 source_val_ema=0.9630/0.9642 test77_ema=0.6367/0.5771
[00:21:18] [train] epoch 50/100 steps=40 use_dann=0 das=fixed_narrow f=[10.0,30.0] p=1.00 gpu=3.0/11.8GB
[00:21:19] [train] ep=50 step=001/40 ce=0.6955 sc=0.8571 mi=0.0587 dn=0.0000 v13=0.0006 grl=0.0776 v15=0.0000 v15r=0.0000 v16=0.0000 v17=0.0000 v18=0.0000 acc=0.9375 lr=1.62e-04 lambda=0.000 grl_lambda=0.985 v18_lambda=0.000 gpu=3.0/11.8GB
[00:21:24] [train] ep=50 step=010/40 ce=0.3451 sc=0.7284 mi=0.0573 dn=0.0000 v13=0.0004 grl=0.0700 v15=0.0000 v15r=0.0000 v16=0.0000 v17=0.0000 v18=0.0000 acc=0.9938 lr=1.61e-04 lambda=0.000 grl_lambda=0.986 v18_lambda=0.000 gpu=3.0/11.8GB
[00:21:30] [train] ep=50 step=020/40 ce=0.4098 sc=0.7608 mi=0.0576 dn=0.0000 v13=0.0005 grl=0.0756 v15=0.0000 v15r=0.0000 v16=0.0000 v17=0.0000 v18=0.0000 acc=0.9875 lr=1.60e-04 lambda=0.000 grl_lambda=0.986 v18_lambda=0.000 gpu=3.0/11.8GB
[00:21:36] [train] ep=50 step=030/40 ce=0.3639 sc=0.7650 mi=0.0575 dn=0.0000 v13=0.0004 grl=0.0766 v15=0.0000 v15r=0.0000 v16=0.0000 v17=0.0000 v18=0.0000 acc=0.9917 lr=1.59e-04 lambda=0.000 grl_lambda=0.986 v18_lambda=0.000 gpu=3.0/11.8GB
[00:21:42] [train] ep=50 step=040/40 ce=0.3503 sc=0.7514 mi=0.0581 dn=0.0000 v13=0.0004 grl=0.0760 v15=0.0000 v15r=0.0000 v16=0.0000 v17=0.0000 v18=0.0000 acc=0.9922 lr=1.57e-04 lambda=0.000 grl_lambda=0.987 v18_lambda=0.000 gpu=3.0/11.8GB
[00:21:53] [pool] check ep=050/100 source_val_acc_ema=0.9630 threshold=0.90
[00:21:58] [pool] ep=050 ADDED src_val=0.9630/0.9642 dev77=0.6071/0.5696 final77=0.6439/0.5854
[00:21:58] [pool] running best ep=050 dev77_f1=0.5696 final77_f1=0.5854 (pool_size=2)
[00:21:58] [ep_summary] ep=50/100 val_live=0.9815/0.9810 val_ema=0.9630/0.9642 test77_live=0.8058/0.7986 test77_diag_ema=0.6439/0.5854 v13=0.0004 grl=0.0760 v15=0.0000 v15r=0.0000 v16=0.0000 v17=0.0000 v18=0.0000 das=fixed_narrow[10,30] p=1.00 ep_time=39.5s
[00:21:58] [save] best_sourcequalified77_ema ep=50 source_val_live=0.9815/0.9810 source_val_ema=0.9630/0.9642 test77_ema=0.6439/0.5854
[00:21:58] [strict77_monitor] ep=50 best_source_epoch=46 source_val_ema=0.9630/0.9642 test77_ema_diag=0.5971/0.5291 sourcequalified_count=15 best_sourcequalified77_epoch=50 source_val_ema=0.9630/0.9642 test77_ema=0.6439/0.5854
[00:21:58] [train] epoch 51/100 steps=40 use_dann=0 das=fixed_narrow f=[10.0,30.0] p=1.00 gpu=3.0/11.8GB
[00:21:58] [train] ep=51 step=001/40 ce=0.2578 sc=0.4370 mi=0.0559 dn=0.0000 v13=0.0006 grl=0.1006 v15=0.0000 v15r=0.0000 v16=0.0000 v17=0.0000 v18=0.0000 acc=1.0000 lr=1.57e-04 lambda=0.000 grl_lambda=0.987 v18_lambda=0.000 gpu=3.0/11.8GB
[00:22:04] [train] ep=51 step=010/40 ce=0.3241 sc=0.8356 mi=0.0559 dn=0.0000 v13=0.0004 grl=0.0823 v15=0.0000 v15r=0.0000 v16=0.0000 v17=0.0000 v18=0.0000 acc=0.9938 lr=1.56e-04 lambda=0.000 grl_lambda=0.987 v18_lambda=0.000 gpu=3.0/11.8GB
[00:22:10] [train] ep=51 step=020/40 ce=0.3236 sc=0.8784 mi=0.0559 dn=0.0000 v13=0.0004 grl=0.0828 v15=0.0000 v15r=0.0000 v16=0.0000 v17=0.0000 v18=0.0000 acc=0.9938 lr=1.55e-04 lambda=0.000 grl_lambda=0.987 v18_lambda=0.000 gpu=3.0/11.8GB
[00:22:15] [train] ep=51 step=030/40 ce=0.3218 sc=0.8566 mi=0.0560 dn=0.0000 v13=0.0004 grl=0.0802 v15=0.0000 v15r=0.0000 v16=0.0000 v17=0.0000 v18=0.0000 acc=0.9938 lr=1.54e-04 lambda=0.000 grl_lambda=0.988 v18_lambda=0.000 gpu=3.0/11.8GB
[00:22:21] [train] ep=51 step=040/40 ce=0.3379 sc=0.8641 mi=0.0566 dn=0.0000 v13=0.0004 grl=0.0792 v15=0.0000 v15r=0.0000 v16=0.0000 v17=0.0000 v18=0.0000 acc=0.9938 lr=1.53e-04 lambda=0.000 grl_lambda=0.988 v18_lambda=0.000 gpu=3.0/11.8GB
[00:22:32] [ep_summary] ep=51/100 val_live=0.9691/0.9687 val_ema=0.9630/0.9642 test77_live=0.8381/0.8293 test77_diag_ema=0.6511/0.5983 v13=0.0004 grl=0.0792 v15=0.0000 v15r=0.0000 v16=0.0000 v17=0.0000 v18=0.0000 das=fixed_narrow[10,30] p=1.00 ep_time=34.2s
[00:22:32] [save] best_sourcequalified77_ema ep=51 source_val_live=0.9691/0.9687 source_val_ema=0.9630/0.9642 test77_ema=0.6511/0.5983
[00:22:32] [train] epoch 52/100 steps=40 use_dann=0 das=fixed_narrow f=[10.0,30.0] p=1.00 gpu=3.0/11.8GB
[00:22:33] [train] ep=52 step=001/40 ce=0.2589 sc=0.6183 mi=0.0690 dn=0.0000 v13=0.0004 grl=0.0846 v15=0.0000 v15r=0.0000 v16=0.0000 v17=0.0000 v18=0.0000 acc=1.0000 lr=1.52e-04 lambda=0.000 grl_lambda=0.988 v18_lambda=0.000 gpu=3.0/11.8GB
[00:22:38] [train] ep=52 step=010/40 ce=0.2901 sc=0.7319 mi=0.0582 dn=0.0000 v13=0.0004 grl=0.0734 v15=0.0000 v15r=0.0000 v16=0.0000 v17=0.0000 v18=0.0000 acc=1.0000 lr=1.51e-04 lambda=0.000 grl_lambda=0.988 v18_lambda=0.000 gpu=3.0/11.8GB
[00:22:44] [train] ep=52 step=020/40 ce=0.3357 sc=0.7946 mi=0.0583 dn=0.0000 v13=0.0004 grl=0.0798 v15=0.0000 v15r=0.0000 v16=0.0000 v17=0.0000 v18=0.0000 acc=0.9938 lr=1.50e-04 lambda=0.000 grl_lambda=0.988 v18_lambda=0.000 gpu=3.0/11.8GB
[00:22:50] [train] ep=52 step=030/40 ce=0.3675 sc=0.7967 mi=0.0563 dn=0.0000 v13=0.0004 grl=0.0771 v15=0.0000 v15r=0.0000 v16=0.0000 v17=0.0000 v18=0.0000 acc=0.9917 lr=1.49e-04 lambda=0.000 grl_lambda=0.989 v18_lambda=0.000 gpu=3.0/11.8GB
[00:22:56] [train] ep=52 step=040/40 ce=0.4114 sc=0.8362 mi=0.0549 dn=0.0000 v13=0.0005 grl=0.0774 v15=0.0000 v15r=0.0000 v16=0.0000 v17=0.0000 v18=0.0000 acc=0.9859 lr=1.48e-04 lambda=0.000 grl_lambda=0.989 v18_lambda=0.000 gpu=3.0/11.8GB
[00:23:07] [ep_summary] ep=52/100 val_live=0.9815/0.9817 val_ema=0.9691/0.9700 test77_live=0.7698/0.7524 test77_diag_ema=0.6691/0.6166 v13=0.0005 grl=0.0774 v15=0.0000 v15r=0.0000 v16=0.0000 v17=0.0000 v18=0.0000 das=fixed_narrow[10,30] p=1.00 ep_time=35.0s
[00:23:07] [save] best_sourceval_ema val_acc_ema=0.9691 source_val_live=0.9815/0.9817 source_val_ema=0.9691/0.9700 ep=52
[00:23:07] [save] best_sourcequalified77_ema ep=52 source_val_live=0.9815/0.9817 source_val_ema=0.9691/0.9700 test77_ema=0.6691/0.6166
[00:23:07] [train] epoch 53/100 steps=40 use_dann=0 das=fixed_narrow f=[10.0,30.0] p=1.00 gpu=3.0/11.8GB
[00:23:08] [train] ep=53 step=001/40 ce=0.2635 sc=0.7397 mi=0.0586 dn=0.0000 v13=0.0003 grl=0.0697 v15=0.0000 v15r=0.0000 v16=0.0000 v17=0.0000 v18=0.0000 acc=1.0000 lr=1.48e-04 lambda=0.000 grl_lambda=0.989 v18_lambda=0.000 gpu=3.0/11.8GB
[00:23:13] [train] ep=53 step=010/40 ce=0.3569 sc=0.9778 mi=0.0582 dn=0.0000 v13=0.0005 grl=0.0859 v15=0.0000 v15r=0.0000 v16=0.0000 v17=0.0000 v18=0.0000 acc=0.9938 lr=1.46e-04 lambda=0.000 grl_lambda=0.989 v18_lambda=0.000 gpu=3.0/11.8GB
[00:23:19] [train] ep=53 step=020/40 ce=0.4115 sc=0.9243 mi=0.0582 dn=0.0000 v13=0.0005 grl=0.0809 v15=0.0000 v15r=0.0000 v16=0.0000 v17=0.0000 v18=0.0000 acc=0.9906 lr=1.45e-04 lambda=0.000 grl_lambda=0.990 v18_lambda=0.000 gpu=3.0/11.8GB
[00:23:25] [train] ep=53 step=030/40 ce=0.3638 sc=0.8817 mi=0.0586 dn=0.0000 v13=0.0005 grl=0.0786 v15=0.0000 v15r=0.0000 v16=0.0000 v17=0.0000 v18=0.0000 acc=0.9938 lr=1.44e-04 lambda=0.000 grl_lambda=0.990 v18_lambda=0.000 gpu=3.0/11.8GB
[00:23:31] [train] ep=53 step=040/40 ce=0.3507 sc=0.8454 mi=0.0579 dn=0.0000 v13=0.0005 grl=0.0754 v15=0.0000 v15r=0.0000 v16=0.0000 v17=0.0000 v18=0.0000 acc=0.9938 lr=1.43e-04 lambda=0.000 grl_lambda=0.990 v18_lambda=0.000 gpu=3.0/11.8GB
[00:23:42] [ep_summary] ep=53/100 val_live=0.9444/0.9449 val_ema=0.9691/0.9700 test77_live=0.8453/0.8378 test77_diag_ema=0.6799/0.6322 v13=0.0005 grl=0.0754 v15=0.0000 v15r=0.0000 v16=0.0000 v17=0.0000 v18=0.0000 das=fixed_narrow[10,30] p=1.00 ep_time=34.7s
[00:23:42] [save] best_sourcequalified77_ema ep=53 source_val_live=0.9444/0.9449 source_val_ema=0.9691/0.9700 test77_ema=0.6799/0.6322
[00:23:42] [train] epoch 54/100 steps=40 use_dann=0 das=fixed_narrow f=[10.0,30.0] p=1.00 gpu=3.0/11.8GB
[00:23:43] [train] ep=54 step=001/40 ce=0.2594 sc=0.7874 mi=0.0508 dn=0.0000 v13=0.0005 grl=0.0504 v15=0.0000 v15r=0.0000 v16=0.0000 v17=0.0000 v18=0.0000 acc=1.0000 lr=1.43e-04 lambda=0.000 grl_lambda=0.990 v18_lambda=0.000 gpu=3.0/11.8GB
[00:23:48] [train] ep=54 step=010/40 ce=0.3533 sc=0.8022 mi=0.0568 dn=0.0000 v13=0.0004 grl=0.0766 v15=0.0000 v15r=0.0000 v16=0.0000 v17=0.0000 v18=0.0000 acc=0.9938 lr=1.42e-04 lambda=0.000 grl_lambda=0.990 v18_lambda=0.000 gpu=3.0/11.8GB
[00:23:54] [train] ep=54 step=020/40 ce=0.3074 sc=0.7884 mi=0.0558 dn=0.0000 v13=0.0005 grl=0.0727 v15=0.0000 v15r=0.0000 v16=0.0000 v17=0.0000 v18=0.0000 acc=0.9969 lr=1.40e-04 lambda=0.000 grl_lambda=0.991 v18_lambda=0.000 gpu=3.0/11.8GB
[00:24:00] [train] ep=54 step=030/40 ce=0.3226 sc=0.8085 mi=0.0556 dn=0.0000 v13=0.0005 grl=0.0759 v15=0.0000 v15r=0.0000 v16=0.0000 v17=0.0000 v18=0.0000 acc=0.9958 lr=1.39e-04 lambda=0.000 grl_lambda=0.991 v18_lambda=0.000 gpu=3.0/11.8GB
[00:24:06] [train] ep=54 step=040/40 ce=0.3274 sc=0.7965 mi=0.0559 dn=0.0000 v13=0.0005 grl=0.0793 v15=0.0000 v15r=0.0000 v16=0.0000 v17=0.0000 v18=0.0000 acc=0.9953 lr=1.38e-04 lambda=0.000 grl_lambda=0.991 v18_lambda=0.000 gpu=3.0/11.8GB
[00:24:17] [ep_summary] ep=54/100 val_live=0.9753/0.9749 val_ema=0.9691/0.9700 test77_live=0.8597/0.8557 test77_diag_ema=0.6978/0.6581 v13=0.0005 grl=0.0793 v15=0.0000 v15r=0.0000 v16=0.0000 v17=0.0000 v18=0.0000 das=fixed_narrow[10,30] p=1.00 ep_time=34.7s
[00:24:17] [save] best_sourcequalified77_ema ep=54 source_val_live=0.9753/0.9749 source_val_ema=0.9691/0.9700 test77_ema=0.6978/0.6581
[00:24:17] [train] epoch 55/100 steps=40 use_dann=0 das=fixed_narrow f=[10.0,30.0] p=1.00 gpu=3.0/11.8GB
[00:24:17] [train] ep=55 step=001/40 ce=0.2670 sc=0.6509 mi=0.0618 dn=0.0000 v13=0.0005 grl=0.0807 v15=0.0000 v15r=0.0000 v16=0.0000 v17=0.0000 v18=0.0000 acc=1.0000 lr=1.38e-04 lambda=0.000 grl_lambda=0.991 v18_lambda=0.000 gpu=3.0/11.8GB
[00:24:23] [train] ep=55 step=010/40 ce=0.3945 sc=0.8230 mi=0.0558 dn=0.0000 v13=0.0005 grl=0.0880 v15=0.0000 v15r=0.0000 v16=0.0000 v17=0.0000 v18=0.0000 acc=0.9938 lr=1.37e-04 lambda=0.000 grl_lambda=0.991 v18_lambda=0.000 gpu=3.0/11.8GB
[00:24:29] [train] ep=55 step=020/40 ce=0.3655 sc=0.7342 mi=0.0557 dn=0.0000 v13=0.0005 grl=0.0889 v15=0.0000 v15r=0.0000 v16=0.0000 v17=0.0000 v18=0.0000 acc=0.9938 lr=1.36e-04 lambda=0.000 grl_lambda=0.991 v18_lambda=0.000 gpu=3.0/11.8GB
[00:24:34] [train] ep=55 step=030/40 ce=0.3663 sc=0.7333 mi=0.0563 dn=0.0000 v13=0.0005 grl=0.0813 v15=0.0000 v15r=0.0000 v16=0.0000 v17=0.0000 v18=0.0000 acc=0.9917 lr=1.34e-04 lambda=0.000 grl_lambda=0.992 v18_lambda=0.000 gpu=3.0/11.8GB
[00:24:40] [train] ep=55 step=040/40 ce=0.3415 sc=0.7165 mi=0.0562 dn=0.0000 v13=0.0005 grl=0.0798 v15=0.0000 v15r=0.0000 v16=0.0000 v17=0.0000 v18=0.0000 acc=0.9938 lr=1.33e-04 lambda=0.000 grl_lambda=0.992 v18_lambda=0.000 gpu=3.0/11.8GB
[00:24:51] [ep_summary] ep=55/100 val_live=0.9691/0.9688 val_ema=0.9815/0.9818 test77_live=0.8381/0.8286 test77_diag_ema=0.7050/0.6719 v13=0.0005 grl=0.0798 v15=0.0000 v15r=0.0000 v16=0.0000 v17=0.0000 v18=0.0000 das=fixed_narrow[10,30] p=1.00 ep_time=34.6s
[00:24:51] [save] best_sourceval_ema val_acc_ema=0.9815 source_val_live=0.9691/0.9688 source_val_ema=0.9815/0.9818 ep=55
[00:24:51] [save] best_sourcequalified77_ema ep=55 source_val_live=0.9691/0.9688 source_val_ema=0.9815/0.9818 test77_ema=0.7050/0.6719
[00:24:51] [train] epoch 56/100 steps=40 use_dann=0 das=fixed_narrow f=[10.0,30.0] p=1.00 gpu=3.0/11.8GB
[00:24:52] [train] ep=56 step=001/40 ce=0.7923 sc=1.1078 mi=0.0554 dn=0.0000 v13=0.0003 grl=0.0594 v15=0.0000 v15r=0.0000 v16=0.0000 v17=0.0000 v18=0.0000 acc=0.9375 lr=1.33e-04 lambda=0.000 grl_lambda=0.992 v18_lambda=0.000 gpu=3.0/11.8GB
[00:24:57] [train] ep=56 step=010/40 ce=0.3956 sc=0.8095 mi=0.0554 dn=0.0000 v13=0.0004 grl=0.0761 v15=0.0000 v15r=0.0000 v16=0.0000 v17=0.0000 v18=0.0000 acc=0.9875 lr=1.32e-04 lambda=0.000 grl_lambda=0.992 v18_lambda=0.000 gpu=3.0/11.8GB
[00:25:03] [train] ep=56 step=020/40 ce=0.3804 sc=0.8082 mi=0.0559 dn=0.0000 v13=0.0004 grl=0.0749 v15=0.0000 v15r=0.0000 v16=0.0000 v17=0.0000 v18=0.0000 acc=0.9938 lr=1.31e-04 lambda=0.000 grl_lambda=0.992 v18_lambda=0.000 gpu=3.0/11.8GB
[00:25:09] [train] ep=56 step=030/40 ce=0.3968 sc=0.8044 mi=0.0564 dn=0.0000 v13=0.0004 grl=0.0777 v15=0.0000 v15r=0.0000 v16=0.0000 v17=0.0000 v18=0.0000 acc=0.9938 lr=1.30e-04 lambda=0.000 grl_lambda=0.992 v18_lambda=0.000 gpu=3.0/11.8GB
[00:25:15] [train] ep=56 step=040/40 ce=0.4078 sc=0.8438 mi=0.0561 dn=0.0000 v13=0.0004 grl=0.0790 v15=0.0000 v15r=0.0000 v16=0.0000 v17=0.0000 v18=0.0000 acc=0.9922 lr=1.28e-04 lambda=0.000 grl_lambda=0.993 v18_lambda=0.000 gpu=3.0/11.8GB
[00:25:26] [ep_summary] ep=56/100 val_live=0.9877/0.9878 val_ema=0.9815/0.9818 test77_live=0.8453/0.8374 test77_diag_ema=0.7122/0.6839 v13=0.0004 grl=0.0790 v15=0.0000 v15r=0.0000 v16=0.0000 v17=0.0000 v18=0.0000 das=fixed_narrow[10,30] p=1.00 ep_time=35.0s
[00:25:27] [save] best_sourcequalified77_ema ep=56 source_val_live=0.9877/0.9878 source_val_ema=0.9815/0.9818 test77_ema=0.7122/0.6839
[00:25:27] [train] epoch 57/100 steps=40 use_dann=0 das=fixed_narrow f=[10.0,30.0] p=1.00 gpu=3.0/11.8GB
[00:25:27] [train] ep=57 step=001/40 ce=0.2606 sc=0.8744 mi=0.0470 dn=0.0000 v13=0.0005 grl=0.0267 v15=0.0000 v15r=0.0000 v16=0.0000 v17=0.0000 v18=0.0000 acc=1.0000 lr=1.28e-04 lambda=0.000 grl_lambda=0.993 v18_lambda=0.000 gpu=3.0/11.8GB
[00:25:33] [train] ep=57 step=010/40 ce=0.3923 sc=0.9009 mi=0.0541 dn=0.0000 v13=0.0004 grl=0.0759 v15=0.0000 v15r=0.0000 v16=0.0000 v17=0.0000 v18=0.0000 acc=0.9938 lr=1.27e-04 lambda=0.000 grl_lambda=0.993 v18_lambda=0.000 gpu=3.0/11.8GB
[00:25:39] [train] ep=57 step=020/40 ce=0.3663 sc=0.8891 mi=0.0574 dn=0.0000 v13=0.0004 grl=0.0719 v15=0.0000 v15r=0.0000 v16=0.0000 v17=0.0000 v18=0.0000 acc=0.9938 lr=1.26e-04 lambda=0.000 grl_lambda=0.993 v18_lambda=0.000 gpu=3.0/11.8GB
[00:25:44] [train] ep=57 step=030/40 ce=0.3521 sc=0.8094 mi=0.0566 dn=0.0000 v13=0.0005 grl=0.0724 v15=0.0000 v15r=0.0000 v16=0.0000 v17=0.0000 v18=0.0000 acc=0.9958 lr=1.25e-04 lambda=0.000 grl_lambda=0.993 v18_lambda=0.000 gpu=3.0/11.8GB
[00:25:50] [train] ep=57 step=040/40 ce=0.3725 sc=0.7954 mi=0.0566 dn=0.0000 v13=0.0005 grl=0.0737 v15=0.0000 v15r=0.0000 v16=0.0000 v17=0.0000 v18=0.0000 acc=0.9938 lr=1.24e-04 lambda=0.000 grl_lambda=0.993 v18_lambda=0.000 gpu=3.0/11.8GB
[00:26:02] [ep_summary] ep=57/100 val_live=0.9383/0.9359 val_ema=0.9815/0.9818 test77_live=0.8453/0.8308 test77_diag_ema=0.7266/0.6984 v13=0.0005 grl=0.0737 v15=0.0000 v15r=0.0000 v16=0.0000 v17=0.0000 v18=0.0000 das=fixed_narrow[10,30] p=1.00 ep_time=35.6s
[00:26:02] [save] best_sourcequalified77_ema ep=57 source_val_live=0.9383/0.9359 source_val_ema=0.9815/0.9818 test77_ema=0.7266/0.6984
[00:26:02] [train] epoch 58/100 steps=40 use_dann=0 das=fixed_narrow f=[10.0,30.0] p=1.00 gpu=3.0/11.8GB
[00:26:03] [train] ep=58 step=001/40 ce=0.2593 sc=0.5989 mi=0.0482 dn=0.0000 v13=0.0006 grl=0.0472 v15=0.0000 v15r=0.0000 v16=0.0000 v17=0.0000 v18=0.0000 acc=1.0000 lr=1.23e-04 lambda=0.000 grl_lambda=0.993 v18_lambda=0.000 gpu=3.0/11.8GB
[00:26:08] [train] ep=58 step=010/40 ce=0.3004 sc=0.8153 mi=0.0530 dn=0.0000 v13=0.0005 grl=0.0721 v15=0.0000 v15r=0.0000 v16=0.0000 v17=0.0000 v18=0.0000 acc=1.0000 lr=1.22e-04 lambda=0.000 grl_lambda=0.993 v18_lambda=0.000 gpu=3.0/11.8GB
[00:26:14] [train] ep=58 step=020/40 ce=0.4060 sc=0.8365 mi=0.0548 dn=0.0000 v13=0.0005 grl=0.0762 v15=0.0000 v15r=0.0000 v16=0.0000 v17=0.0000 v18=0.0000 acc=0.9906 lr=1.21e-04 lambda=0.000 grl_lambda=0.994 v18_lambda=0.000 gpu=3.0/11.8GB
[00:26:20] [train] ep=58 step=030/40 ce=0.3992 sc=0.8392 mi=0.0561 dn=0.0000 v13=0.0005 grl=0.0782 v15=0.0000 v15r=0.0000 v16=0.0000 v17=0.0000 v18=0.0000 acc=0.9917 lr=1.20e-04 lambda=0.000 grl_lambda=0.994 v18_lambda=0.000 gpu=3.0/11.8GB
[00:26:26] [train] ep=58 step=040/40 ce=0.3999 sc=0.8309 mi=0.0559 dn=0.0000 v13=0.0005 grl=0.0763 v15=0.0000 v15r=0.0000 v16=0.0000 v17=0.0000 v18=0.0000 acc=0.9906 lr=1.19e-04 lambda=0.000 grl_lambda=0.994 v18_lambda=0.000 gpu=3.0/11.8GB
[00:26:37] [ep_summary] ep=58/100 val_live=0.9753/0.9756 val_ema=0.9877/0.9878 test77_live=0.8813/0.8755 test77_diag_ema=0.7410/0.7125 v13=0.0005 grl=0.0763 v15=0.0000 v15r=0.0000 v16=0.0000 v17=0.0000 v18=0.0000 das=fixed_narrow[10,30] p=1.00 ep_time=34.8s
[00:26:37] [save] best_sourceval_ema val_acc_ema=0.9877 source_val_live=0.9753/0.9756 source_val_ema=0.9877/0.9878 ep=58
[00:26:37] [save] best_sourcequalified77_ema ep=58 source_val_live=0.9753/0.9756 source_val_ema=0.9877/0.9878 test77_ema=0.7410/0.7125
[00:26:37] [train] epoch 59/100 steps=40 use_dann=0 das=fixed_narrow f=[10.0,30.0] p=1.00 gpu=3.0/11.8GB
[00:26:38] [train] ep=59 step=001/40 ce=0.2615 sc=1.3102 mi=0.0547 dn=0.0000 v13=0.0004 grl=0.0801 v15=0.0000 v15r=0.0000 v16=0.0000 v17=0.0000 v18=0.0000 acc=1.0000 lr=1.19e-04 lambda=0.000 grl_lambda=0.994 v18_lambda=0.000 gpu=3.0/11.8GB
[00:26:43] [train] ep=59 step=010/40 ce=0.2596 sc=0.7557 mi=0.0543 dn=0.0000 v13=0.0005 grl=0.0739 v15=0.0000 v15r=0.0000 v16=0.0000 v17=0.0000 v18=0.0000 acc=1.0000 lr=1.18e-04 lambda=0.000 grl_lambda=0.994 v18_lambda=0.000 gpu=3.0/11.8GB
[00:26:49] [train] ep=59 step=020/40 ce=0.2598 sc=0.7975 mi=0.0552 dn=0.0000 v13=0.0005 grl=0.0725 v15=0.0000 v15r=0.0000 v16=0.0000 v17=0.0000 v18=0.0000 acc=1.0000 lr=1.16e-04 lambda=0.000 grl_lambda=0.994 v18_lambda=0.000 gpu=3.0/11.8GB
[00:26:55] [train] ep=59 step=030/40 ce=0.3300 sc=0.8356 mi=0.0553 dn=0.0000 v13=0.0005 grl=0.0769 v15=0.0000 v15r=0.0000 v16=0.0000 v17=0.0000 v18=0.0000 acc=0.9938 lr=1.15e-04 lambda=0.000 grl_lambda=0.994 v18_lambda=0.000 gpu=3.0/11.8GB
[00:27:01] [train] ep=59 step=040/40 ce=0.3565 sc=0.8044 mi=0.0558 dn=0.0000 v13=0.0005 grl=0.0783 v15=0.0000 v15r=0.0000 v16=0.0000 v17=0.0000 v18=0.0000 acc=0.9922 lr=1.14e-04 lambda=0.000 grl_lambda=0.995 v18_lambda=0.000 gpu=3.0/11.8GB
[00:27:11] [ep_summary] ep=59/100 val_live=0.9753/0.9756 val_ema=0.9877/0.9878 test77_live=0.8705/0.8669 test77_diag_ema=0.7446/0.7151 v13=0.0005 grl=0.0783 v15=0.0000 v15r=0.0000 v16=0.0000 v17=0.0000 v18=0.0000 das=fixed_narrow[10,30] p=1.00 ep_time=34.2s
[00:27:11] [save] best_sourcequalified77_ema ep=59 source_val_live=0.9753/0.9756 source_val_ema=0.9877/0.9878 test77_ema=0.7446/0.7151
[00:27:11] [train] epoch 60/100 steps=40 use_dann=0 das=fixed_narrow f=[10.0,30.0] p=1.00 gpu=3.0/11.8GB
[00:27:12] [train] ep=60 step=001/40 ce=0.2601 sc=0.6354 mi=0.0618 dn=0.0000 v13=0.0004 grl=0.1125 v15=0.0000 v15r=0.0000 v16=0.0000 v17=0.0000 v18=0.0000 acc=1.0000 lr=1.14e-04 lambda=0.000 grl_lambda=0.995 v18_lambda=0.000 gpu=3.0/11.8GB
[00:27:17] [train] ep=60 step=010/40 ce=0.3462 sc=0.7942 mi=0.0572 dn=0.0000 v13=0.0004 grl=0.0809 v15=0.0000 v15r=0.0000 v16=0.0000 v17=0.0000 v18=0.0000 acc=0.9938 lr=1.13e-04 lambda=0.000 grl_lambda=0.995 v18_lambda=0.000 gpu=3.0/11.8GB
[00:27:23] [train] ep=60 step=020/40 ce=0.3033 sc=0.7749 mi=0.0571 dn=0.0000 v13=0.0004 grl=0.0796 v15=0.0000 v15r=0.0000 v16=0.0000 v17=0.0000 v18=0.0000 acc=0.9969 lr=1.12e-04 lambda=0.000 grl_lambda=0.995 v18_lambda=0.000 gpu=3.0/11.8GB
[00:27:29] [train] ep=60 step=030/40 ce=0.3179 sc=0.7599 mi=0.0573 dn=0.0000 v13=0.0004 grl=0.0770 v15=0.0000 v15r=0.0000 v16=0.0000 v17=0.0000 v18=0.0000 acc=0.9979 lr=1.11e-04 lambda=0.000 grl_lambda=0.995 v18_lambda=0.000 gpu=3.0/11.8GB
[00:27:35] [train] ep=60 step=040/40 ce=0.3032 sc=0.7567 mi=0.0570 dn=0.0000 v13=0.0004 grl=0.0764 v15=0.0000 v15r=0.0000 v16=0.0000 v17=0.0000 v18=0.0000 acc=0.9984 lr=1.09e-04 lambda=0.000 grl_lambda=0.995 v18_lambda=0.000 gpu=3.0/11.8GB
[00:27:46] [pool] check ep=060/100 source_val_acc_ema=0.9877 threshold=0.90
[00:27:51] [pool] ep=060 ADDED src_val=0.9877/0.9878 dev77=0.6929/0.6654 final77=0.7482/0.7185
[00:27:51] [pool] running best ep=060 dev77_f1=0.6654 final77_f1=0.7185 (pool_size=3)
[00:27:51] [ep_summary] ep=60/100 val_live=0.9630/0.9634 val_ema=0.9877/0.9878 test77_live=0.8777/0.8749 test77_diag_ema=0.7482/0.7185 v13=0.0004 grl=0.0764 v15=0.0000 v15r=0.0000 v16=0.0000 v17=0.0000 v18=0.0000 das=fixed_narrow[10,30] p=1.00 ep_time=39.5s
[00:27:51] [save] best_sourcequalified77_ema ep=60 source_val_live=0.9630/0.9634 source_val_ema=0.9877/0.9878 test77_ema=0.7482/0.7185
[00:27:51] [strict77_monitor] ep=60 best_source_epoch=58 source_val_ema=0.9877/0.9878 test77_ema_diag=0.7410/0.7125 sourcequalified_count=25 best_sourcequalified77_epoch=60 source_val_ema=0.9877/0.9878 test77_ema=0.7482/0.7185
[00:27:51] [train] epoch 61/100 steps=40 use_dann=0 das=fixed_narrow f=[10.0,30.0] p=1.00 gpu=3.0/11.8GB
[00:27:52] [train] ep=61 step=001/40 ce=0.2584 sc=0.8408 mi=0.0537 dn=0.0000 v13=0.0004 grl=0.0606 v15=0.0000 v15r=0.0000 v16=0.0000 v17=0.0000 v18=0.0000 acc=1.0000 lr=1.09e-04 lambda=0.000 grl_lambda=0.995 v18_lambda=0.000 gpu=3.0/11.8GB
[00:27:57] [train] ep=61 step=010/40 ce=0.3238 sc=0.8206 mi=0.0540 dn=0.0000 v13=0.0004 grl=0.0706 v15=0.0000 v15r=0.0000 v16=0.0000 v17=0.0000 v18=0.0000 acc=0.9938 lr=1.08e-04 lambda=0.000 grl_lambda=0.995 v18_lambda=0.000 gpu=3.0/11.8GB
[00:28:03] [train] ep=61 step=020/40 ce=0.2978 sc=0.8158 mi=0.0548 dn=0.0000 v13=0.0004 grl=0.0723 v15=0.0000 v15r=0.0000 v16=0.0000 v17=0.0000 v18=0.0000 acc=0.9969 lr=1.07e-04 lambda=0.000 grl_lambda=0.995 v18_lambda=0.000 gpu=3.0/11.8GB
[00:28:09] [train] ep=61 step=030/40 ce=0.3011 sc=0.7907 mi=0.0555 dn=0.0000 v13=0.0005 grl=0.0717 v15=0.0000 v15r=0.0000 v16=0.0000 v17=0.0000 v18=0.0000 acc=0.9979 lr=1.06e-04 lambda=0.000 grl_lambda=0.995 v18_lambda=0.000 gpu=3.0/11.8GB
[00:28:15] [train] ep=61 step=040/40 ce=0.3141 sc=0.7683 mi=0.0562 dn=0.0000 v13=0.0004 grl=0.0739 v15=0.0000 v15r=0.0000 v16=0.0000 v17=0.0000 v18=0.0000 acc=0.9969 lr=1.05e-04 lambda=0.000 grl_lambda=0.996 v18_lambda=0.000 gpu=3.0/11.8GB
[00:28:27] [ep_summary] ep=61/100 val_live=0.9877/0.9878 val_ema=0.9877/0.9878 test77_live=0.8633/0.8482 test77_diag_ema=0.7554/0.7290 v13=0.0004 grl=0.0739 v15=0.0000 v15r=0.0000 v16=0.0000 v17=0.0000 v18=0.0000 das=fixed_narrow[10,30] p=1.00 ep_time=35.6s
[00:28:27] [save] best_sourcequalified77_ema ep=61 source_val_live=0.9877/0.9878 source_val_ema=0.9877/0.9878 test77_ema=0.7554/0.7290
[00:28:27] [train] epoch 62/100 steps=40 use_dann=0 das=fixed_narrow f=[10.0,30.0] p=1.00 gpu=3.0/11.8GB
[00:28:27] [train] ep=62 step=001/40 ce=0.2591 sc=0.9637 mi=0.0544 dn=0.0000 v13=0.0005 grl=0.0253 v15=0.0000 v15r=0.0000 v16=0.0000 v17=0.0000 v18=0.0000 acc=1.0000 lr=1.05e-04 lambda=0.000 grl_lambda=0.996 v18_lambda=0.000 gpu=3.0/11.8GB
[00:28:33] [train] ep=62 step=010/40 ce=0.3062 sc=0.7435 mi=0.0548 dn=0.0000 v13=0.0004 grl=0.0704 v15=0.0000 v15r=0.0000 v16=0.0000 v17=0.0000 v18=0.0000 acc=1.0000 lr=1.04e-04 lambda=0.000 grl_lambda=0.996 v18_lambda=0.000 gpu=3.0/11.8GB
[00:28:39] [train] ep=62 step=020/40 ce=0.4073 sc=0.8669 mi=0.0555 dn=0.0000 v13=0.0004 grl=0.0691 v15=0.0000 v15r=0.0000 v16=0.0000 v17=0.0000 v18=0.0000 acc=0.9906 lr=1.02e-04 lambda=0.000 grl_lambda=0.996 v18_lambda=0.000 gpu=3.0/11.8GB
[00:28:45] [train] ep=62 step=030/40 ce=0.3937 sc=0.8225 mi=0.0550 dn=0.0000 v13=0.0004 grl=0.0728 v15=0.0000 v15r=0.0000 v16=0.0000 v17=0.0000 v18=0.0000 acc=0.9917 lr=1.01e-04 lambda=0.000 grl_lambda=0.996 v18_lambda=0.000 gpu=3.0/11.8GB
[00:28:51] [train] ep=62 step=040/40 ce=0.3936 sc=0.8052 mi=0.0548 dn=0.0000 v13=0.0004 grl=0.0728 v15=0.0000 v15r=0.0000 v16=0.0000 v17=0.0000 v18=0.0000 acc=0.9906 lr=1.00e-04 lambda=0.000 grl_lambda=0.996 v18_lambda=0.000 gpu=3.0/11.8GB
[00:29:01] [ep_summary] ep=62/100 val_live=0.9568/0.9562 val_ema=0.9877/0.9878 test77_live=0.8201/0.7897 test77_diag_ema=0.7518/0.7259 v13=0.0004 grl=0.0728 v15=0.0000 v15r=0.0000 v16=0.0000 v17=0.0000 v18=0.0000 das=fixed_narrow[10,30] p=1.00 ep_time=34.6s
[00:29:01] [train] epoch 63/100 steps=40 use_dann=0 das=fixed_narrow f=[10.0,30.0] p=1.00 gpu=3.0/11.8GB
[00:29:02] [train] ep=63 step=001/40 ce=0.2592 sc=0.5698 mi=0.0452 dn=0.0000 v13=0.0004 grl=0.0753 v15=0.0000 v15r=0.0000 v16=0.0000 v17=0.0000 v18=0.0000 acc=1.0000 lr=1.00e-04 lambda=0.000 grl_lambda=0.996 v18_lambda=0.000 gpu=3.0/11.8GB
[00:29:07] [train] ep=63 step=010/40 ce=0.3975 sc=0.8469 mi=0.0548 dn=0.0000 v13=0.0005 grl=0.0677 v15=0.0000 v15r=0.0000 v16=0.0000 v17=0.0000 v18=0.0000 acc=0.9875 lr=9.89e-05 lambda=0.000 grl_lambda=0.996 v18_lambda=0.000 gpu=3.0/11.8GB
[00:29:13] [train] ep=63 step=020/40 ce=0.3595 sc=0.8004 mi=0.0552 dn=0.0000 v13=0.0004 grl=0.0758 v15=0.0000 v15r=0.0000 v16=0.0000 v17=0.0000 v18=0.0000 acc=0.9906 lr=9.78e-05 lambda=0.000 grl_lambda=0.996 v18_lambda=0.000 gpu=3.0/11.8GB
[00:29:19] [train] ep=63 step=030/40 ce=0.3294 sc=0.7840 mi=0.0545 dn=0.0000 v13=0.0004 grl=0.0745 v15=0.0000 v15r=0.0000 v16=0.0000 v17=0.0000 v18=0.0000 acc=0.9938 lr=9.67e-05 lambda=0.000 grl_lambda=0.996 v18_lambda=0.000 gpu=3.0/11.8GB
[00:29:25] [train] ep=63 step=040/40 ce=0.3252 sc=0.7976 mi=0.0539 dn=0.0000 v13=0.0004 grl=0.0734 v15=0.0000 v15r=0.0000 v16=0.0000 v17=0.0000 v18=0.0000 acc=0.9938 lr=9.55e-05 lambda=0.000 grl_lambda=0.996 v18_lambda=0.000 gpu=3.0/11.8GB
[00:29:36] [ep_summary] ep=63/100 val_live=0.9815/0.9817 val_ema=0.9877/0.9878 test77_live=0.8094/0.7852 test77_diag_ema=0.7626/0.7372 v13=0.0004 grl=0.0734 v15=0.0000 v15r=0.0000 v16=0.0000 v17=0.0000 v18=0.0000 das=fixed_narrow[10,30] p=1.00 ep_time=34.8s
[00:29:36] [save] best_sourcequalified77_ema ep=63 source_val_live=0.9815/0.9817 source_val_ema=0.9877/0.9878 test77_ema=0.7626/0.7372
[00:29:36] [train] epoch 64/100 steps=40 use_dann=0 das=fixed_narrow f=[10.0,30.0] p=1.00 gpu=3.0/11.8GB
[00:29:37] [train] ep=64 step=001/40 ce=0.8765 sc=1.4680 mi=0.0679 dn=0.0000 v13=0.0003 grl=0.0528 v15=0.0000 v15r=0.0000 v16=0.0000 v17=0.0000 v18=0.0000 acc=0.9375 lr=9.54e-05 lambda=0.000 grl_lambda=0.996 v18_lambda=0.000 gpu=3.0/11.8GB
[00:29:42] [train] ep=64 step=010/40 ce=0.4446 sc=0.8273 mi=0.0569 dn=0.0000 v13=0.0004 grl=0.0677 v15=0.0000 v15r=0.0000 v16=0.0000 v17=0.0000 v18=0.0000 acc=0.9875 lr=9.44e-05 lambda=0.000 grl_lambda=0.996 v18_lambda=0.000 gpu=3.0/11.8GB
[00:29:48] [train] ep=64 step=020/40 ce=0.3540 sc=0.7803 mi=0.0556 dn=0.0000 v13=0.0004 grl=0.0724 v15=0.0000 v15r=0.0000 v16=0.0000 v17=0.0000 v18=0.0000 acc=0.9938 lr=9.33e-05 lambda=0.000 grl_lambda=0.997 v18_lambda=0.000 gpu=3.0/11.8GB
[00:29:54] [train] ep=64 step=030/40 ce=0.3658 sc=0.7620 mi=0.0555 dn=0.0000 v13=0.0004 grl=0.0711 v15=0.0000 v15r=0.0000 v16=0.0000 v17=0.0000 v18=0.0000 acc=0.9896 lr=9.21e-05 lambda=0.000 grl_lambda=0.997 v18_lambda=0.000 gpu=3.0/11.8GB
[00:30:00] [train] ep=64 step=040/40 ce=0.3539 sc=0.7660 mi=0.0553 dn=0.0000 v13=0.0004 grl=0.0764 v15=0.0000 v15r=0.0000 v16=0.0000 v17=0.0000 v18=0.0000 acc=0.9906 lr=9.10e-05 lambda=0.000 grl_lambda=0.997 v18_lambda=0.000 gpu=3.0/11.8GB
[00:30:10] [ep_summary] ep=64/100 val_live=0.9691/0.9694 val_ema=0.9877/0.9878 test77_live=0.8525/0.8442 test77_diag_ema=0.7698/0.7430 v13=0.0004 grl=0.0764 v15=0.0000 v15r=0.0000 v16=0.0000 v17=0.0000 v18=0.0000 das=fixed_narrow[10,30] p=1.00 ep_time=34.1s
[00:30:10] [save] best_sourcequalified77_ema ep=64 source_val_live=0.9691/0.9694 source_val_ema=0.9877/0.9878 test77_ema=0.7698/0.7430
[00:30:10] [train] epoch 65/100 steps=40 use_dann=0 das=fixed_narrow f=[10.0,30.0] p=1.00 gpu=3.0/11.8GB
[00:30:11] [train] ep=65 step=001/40 ce=0.2573 sc=0.6310 mi=0.0590 dn=0.0000 v13=0.0003 grl=0.0621 v15=0.0000 v15r=0.0000 v16=0.0000 v17=0.0000 v18=0.0000 acc=1.0000 lr=9.09e-05 lambda=0.000 grl_lambda=0.997 v18_lambda=0.000 gpu=3.0/11.8GB
[00:30:16] [train] ep=65 step=010/40 ce=0.3554 sc=1.0126 mi=0.0518 dn=0.0000 v13=0.0004 grl=0.0690 v15=0.0000 v15r=0.0000 v16=0.0000 v17=0.0000 v18=0.0000 acc=0.9938 lr=8.99e-05 lambda=0.000 grl_lambda=0.997 v18_lambda=0.000 gpu=3.0/11.8GB
[00:30:22] [train] ep=65 step=020/40 ce=0.3102 sc=0.8651 mi=0.0539 dn=0.0000 v13=0.0004 grl=0.0696 v15=0.0000 v15r=0.0000 v16=0.0000 v17=0.0000 v18=0.0000 acc=0.9969 lr=8.88e-05 lambda=0.000 grl_lambda=0.997 v18_lambda=0.000 gpu=3.0/11.8GB
[00:30:28] [train] ep=65 step=030/40 ce=0.2958 sc=0.8038 mi=0.0544 dn=0.0000 v13=0.0004 grl=0.0744 v15=0.0000 v15r=0.0000 v16=0.0000 v17=0.0000 v18=0.0000 acc=0.9979 lr=8.77e-05 lambda=0.000 grl_lambda=0.997 v18_lambda=0.000 gpu=3.0/11.8GB
[00:30:34] [train] ep=65 step=040/40 ce=0.2863 sc=0.7839 mi=0.0546 dn=0.0000 v13=0.0004 grl=0.0768 v15=0.0000 v15r=0.0000 v16=0.0000 v17=0.0000 v18=0.0000 acc=0.9984 lr=8.66e-05 lambda=0.000 grl_lambda=0.997 v18_lambda=0.000 gpu=3.0/11.8GB
[00:30:45] [ep_summary] ep=65/100 val_live=0.9877/0.9878 val_ema=0.9877/0.9878 test77_live=0.8417/0.8318 test77_diag_ema=0.7734/0.7465 v13=0.0004 grl=0.0768 v15=0.0000 v15r=0.0000 v16=0.0000 v17=0.0000 v18=0.0000 das=fixed_narrow[10,30] p=1.00 ep_time=34.3s
[00:30:45] [save] best_sourcequalified77_ema ep=65 source_val_live=0.9877/0.9878 source_val_ema=0.9877/0.9878 test77_ema=0.7734/0.7465
[00:30:45] [train] epoch 66/100 steps=40 use_dann=0 das=fixed_narrow f=[10.0,30.0] p=1.00 gpu=3.0/11.8GB
[00:30:45] [train] ep=66 step=001/40 ce=0.8751 sc=1.2635 mi=0.0521 dn=0.0000 v13=0.0005 grl=0.0409 v15=0.0000 v15r=0.0000 v16=0.0000 v17=0.0000 v18=0.0000 acc=0.9375 lr=8.65e-05 lambda=0.000 grl_lambda=0.997 v18_lambda=0.000 gpu=3.0/11.8GB
[00:30:51] [train] ep=66 step=010/40 ce=0.4086 sc=0.9650 mi=0.0574 dn=0.0000 v13=0.0004 grl=0.0794 v15=0.0000 v15r=0.0000 v16=0.0000 v17=0.0000 v18=0.0000 acc=0.9875 lr=8.55e-05 lambda=0.000 grl_lambda=0.997 v18_lambda=0.000 gpu=3.0/11.8GB
[00:30:57] [train] ep=66 step=020/40 ce=0.3872 sc=0.9760 mi=0.0551 dn=0.0000 v13=0.0004 grl=0.0746 v15=0.0000 v15r=0.0000 v16=0.0000 v17=0.0000 v18=0.0000 acc=0.9906 lr=8.44e-05 lambda=0.000 grl_lambda=0.997 v18_lambda=0.000 gpu=3.0/11.8GB
[00:31:03] [train] ep=66 step=030/40 ce=0.3647 sc=0.8843 mi=0.0546 dn=0.0000 v13=0.0004 grl=0.0794 v15=0.0000 v15r=0.0000 v16=0.0000 v17=0.0000 v18=0.0000 acc=0.9917 lr=8.33e-05 lambda=0.000 grl_lambda=0.997 v18_lambda=0.000 gpu=3.0/11.8GB
[00:31:09] [train] ep=66 step=040/40 ce=0.3563 sc=0.8643 mi=0.0546 dn=0.0000 v13=0.0004 grl=0.0763 v15=0.0000 v15r=0.0000 v16=0.0000 v17=0.0000 v18=0.0000 acc=0.9922 lr=8.22e-05 lambda=0.000 grl_lambda=0.997 v18_lambda=0.000 gpu=3.0/11.8GB
[00:31:19] [ep_summary] ep=66/100 val_live=0.9877/0.9878 val_ema=0.9877/0.9878 test77_live=0.8525/0.8421 test77_diag_ema=0.7734/0.7465 v13=0.0004 grl=0.0763 v15=0.0000 v15r=0.0000 v16=0.0000 v17=0.0000 v18=0.0000 das=fixed_narrow[10,30] p=1.00 ep_time=34.6s
[00:31:19] [train] epoch 67/100 steps=40 use_dann=0 das=fixed_narrow f=[10.0,30.0] p=1.00 gpu=3.0/11.8GB
[00:31:20] [train] ep=67 step=001/40 ce=0.2577 sc=0.6139 mi=0.0549 dn=0.0000 v13=0.0003 grl=0.0582 v15=0.0000 v15r=0.0000 v16=0.0000 v17=0.0000 v18=0.0000 acc=1.0000 lr=8.21e-05 lambda=0.000 grl_lambda=0.997 v18_lambda=0.000 gpu=3.0/11.8GB
[00:31:25] [train] ep=67 step=010/40 ce=0.5040 sc=0.9010 mi=0.0523 dn=0.0000 v13=0.0003 grl=0.0695 v15=0.0000 v15r=0.0000 v16=0.0000 v17=0.0000 v18=0.0000 acc=0.9812 lr=8.11e-05 lambda=0.000 grl_lambda=0.997 v18_lambda=0.000 gpu=3.0/11.8GB
[00:31:31] [train] ep=67 step=020/40 ce=0.3871 sc=0.7537 mi=0.0523 dn=0.0000 v13=0.0004 grl=0.0670 v15=0.0000 v15r=0.0000 v16=0.0000 v17=0.0000 v18=0.0000 acc=0.9906 lr=8.01e-05 lambda=0.000 grl_lambda=0.997 v18_lambda=0.000 gpu=3.0/11.8GB
[00:31:37] [train] ep=67 step=030/40 ce=0.4047 sc=0.7679 mi=0.0535 dn=0.0000 v13=0.0004 grl=0.0718 v15=0.0000 v15r=0.0000 v16=0.0000 v17=0.0000 v18=0.0000 acc=0.9896 lr=7.90e-05 lambda=0.000 grl_lambda=0.997 v18_lambda=0.000 gpu=3.0/11.8GB
[00:31:44] [train] ep=67 step=040/40 ce=0.3689 sc=0.7646 mi=0.0537 dn=0.0000 v13=0.0004 grl=0.0734 v15=0.0000 v15r=0.0000 v16=0.0000 v17=0.0000 v18=0.0000 acc=0.9922 lr=7.79e-05 lambda=0.000 grl_lambda=0.998 v18_lambda=0.000 gpu=3.0/11.8GB
[00:31:57] [ep_summary] ep=67/100 val_live=0.9753/0.9756 val_ema=0.9877/0.9878 test77_live=0.8417/0.8299 test77_diag_ema=0.7842/0.7566 v13=0.0004 grl=0.0734 v15=0.0000 v15r=0.0000 v16=0.0000 v17=0.0000 v18=0.0000 das=fixed_narrow[10,30] p=1.00 ep_time=37.8s
[00:31:57] [save] best_sourcequalified77_ema ep=67 source_val_live=0.9753/0.9756 source_val_ema=0.9877/0.9878 test77_ema=0.7842/0.7566
[00:31:57] [train] epoch 68/100 steps=40 use_dann=0 das=fixed_narrow f=[10.0,30.0] p=1.00 gpu=3.0/11.8GB
[00:31:58] [train] ep=68 step=001/40 ce=0.2570 sc=0.7299 mi=0.0598 dn=0.0000 v13=0.0004 grl=0.0925 v15=0.0000 v15r=0.0000 v16=0.0000 v17=0.0000 v18=0.0000 acc=1.0000 lr=7.78e-05 lambda=0.000 grl_lambda=0.998 v18_lambda=0.000 gpu=3.0/11.8GB
[00:32:03] [train] ep=68 step=010/40 ce=0.3341 sc=0.7235 mi=0.0557 dn=0.0000 v13=0.0003 grl=0.0947 v15=0.0000 v15r=0.0000 v16=0.0000 v17=0.0000 v18=0.0000 acc=0.9938 lr=7.69e-05 lambda=0.000 grl_lambda=0.998 v18_lambda=0.000 gpu=3.0/11.8GB
[00:32:09] [train] ep=68 step=020/40 ce=0.3086 sc=0.7939 mi=0.0554 dn=0.0000 v13=0.0003 grl=0.0900 v15=0.0000 v15r=0.0000 v16=0.0000 v17=0.0000 v18=0.0000 acc=0.9969 lr=7.58e-05 lambda=0.000 grl_lambda=0.998 v18_lambda=0.000 gpu=3.0/11.8GB
[00:32:15] [train] ep=68 step=030/40 ce=0.3423 sc=0.8214 mi=0.0561 dn=0.0000 v13=0.0004 grl=0.0844 v15=0.0000 v15r=0.0000 v16=0.0000 v17=0.0000 v18=0.0000 acc=0.9938 lr=7.48e-05 lambda=0.000 grl_lambda=0.998 v18_lambda=0.000 gpu=3.0/11.8GB
[00:32:21] [train] ep=68 step=040/40 ce=0.3218 sc=0.8317 mi=0.0564 dn=0.0000 v13=0.0004 grl=0.0810 v15=0.0000 v15r=0.0000 v16=0.0000 v17=0.0000 v18=0.0000 acc=0.9953 lr=7.37e-05 lambda=0.000 grl_lambda=0.998 v18_lambda=0.000 gpu=3.0/11.8GB
[00:32:33] [ep_summary] ep=68/100 val_live=0.9753/0.9756 val_ema=0.9877/0.9878 test77_live=0.8777/0.8714 test77_diag_ema=0.7878/0.7598 v13=0.0004 grl=0.0810 v15=0.0000 v15r=0.0000 v16=0.0000 v17=0.0000 v18=0.0000 das=fixed_narrow[10,30] p=1.00 ep_time=35.9s
[00:32:33] [save] best_sourcequalified77_ema ep=68 source_val_live=0.9753/0.9756 source_val_ema=0.9877/0.9878 test77_ema=0.7878/0.7598
[00:32:33] [train] epoch 69/100 steps=40 use_dann=0 das=fixed_narrow f=[10.0,30.0] p=1.00 gpu=3.0/11.8GB
[00:32:34] [train] ep=69 step=001/40 ce=0.2572 sc=0.8417 mi=0.0628 dn=0.0000 v13=0.0004 grl=0.0906 v15=0.0000 v15r=0.0000 v16=0.0000 v17=0.0000 v18=0.0000 acc=1.0000 lr=7.36e-05 lambda=0.000 grl_lambda=0.998 v18_lambda=0.000 gpu=3.0/11.8GB
[00:32:39] [train] ep=69 step=010/40 ce=0.3908 sc=0.7057 mi=0.0570 dn=0.0000 v13=0.0004 grl=0.0705 v15=0.0000 v15r=0.0000 v16=0.0000 v17=0.0000 v18=0.0000 acc=0.9938 lr=7.27e-05 lambda=0.000 grl_lambda=0.998 v18_lambda=0.000 gpu=3.0/11.8GB
[00:32:45] [train] ep=69 step=020/40 ce=0.3340 sc=0.7014 mi=0.0552 dn=0.0000 v13=0.0004 grl=0.0736 v15=0.0000 v15r=0.0000 v16=0.0000 v17=0.0000 v18=0.0000 acc=0.9969 lr=7.16e-05 lambda=0.000 grl_lambda=0.998 v18_lambda=0.000 gpu=3.0/11.8GB
[00:32:51] [train] ep=69 step=030/40 ce=0.3092 sc=0.7444 mi=0.0543 dn=0.0000 v13=0.0004 grl=0.0761 v15=0.0000 v15r=0.0000 v16=0.0000 v17=0.0000 v18=0.0000 acc=0.9979 lr=7.06e-05 lambda=0.000 grl_lambda=0.998 v18_lambda=0.000 gpu=3.0/11.8GB
[00:32:57] [train] ep=69 step=040/40 ce=0.3032 sc=0.7024 mi=0.0545 dn=0.0000 v13=0.0004 grl=0.0761 v15=0.0000 v15r=0.0000 v16=0.0000 v17=0.0000 v18=0.0000 acc=0.9984 lr=6.96e-05 lambda=0.000 grl_lambda=0.998 v18_lambda=0.000 gpu=3.0/11.8GB
[00:33:08] [ep_summary] ep=69/100 val_live=0.9753/0.9756 val_ema=0.9877/0.9878 test77_live=0.8777/0.8717 test77_diag_ema=0.8022/0.7768 v13=0.0004 grl=0.0761 v15=0.0000 v15r=0.0000 v16=0.0000 v17=0.0000 v18=0.0000 das=fixed_narrow[10,30] p=1.00 ep_time=34.9s
[00:33:08] [save] best_sourcequalified77_ema ep=69 source_val_live=0.9753/0.9756 source_val_ema=0.9877/0.9878 test77_ema=0.8022/0.7768
[00:33:08] [train] epoch 70/100 steps=40 use_dann=0 das=fixed_narrow f=[10.0,30.0] p=1.00 gpu=3.0/11.8GB
[00:33:09] [train] ep=70 step=001/40 ce=0.2617 sc=0.7651 mi=0.0550 dn=0.0000 v13=0.0004 grl=0.0403 v15=0.0000 v15r=0.0000 v16=0.0000 v17=0.0000 v18=0.0000 acc=1.0000 lr=6.95e-05 lambda=0.000 grl_lambda=0.998 v18_lambda=0.000 gpu=3.0/11.8GB
[00:33:14] [train] ep=70 step=010/40 ce=0.4207 sc=0.9159 mi=0.0542 dn=0.0000 v13=0.0003 grl=0.0738 v15=0.0000 v15r=0.0000 v16=0.0000 v17=0.0000 v18=0.0000 acc=0.9875 lr=6.85e-05 lambda=0.000 grl_lambda=0.998 v18_lambda=0.000 gpu=3.0/11.8GB
[00:33:20] [train] ep=70 step=020/40 ce=0.3447 sc=0.8807 mi=0.0525 dn=0.0000 v13=0.0003 grl=0.0788 v15=0.0000 v15r=0.0000 v16=0.0000 v17=0.0000 v18=0.0000 acc=0.9938 lr=6.75e-05 lambda=0.000 grl_lambda=0.998 v18_lambda=0.000 gpu=3.0/11.8GB
[00:33:26] [train] ep=70 step=030/40 ce=0.3555 sc=0.8701 mi=0.0532 dn=0.0000 v13=0.0003 grl=0.0756 v15=0.0000 v15r=0.0000 v16=0.0000 v17=0.0000 v18=0.0000 acc=0.9938 lr=6.65e-05 lambda=0.000 grl_lambda=0.998 v18_lambda=0.000 gpu=3.0/11.8GB
[00:33:32] [train] ep=70 step=040/40 ce=0.3735 sc=0.8460 mi=0.0540 dn=0.0000 v13=0.0003 grl=0.0802 v15=0.0000 v15r=0.0000 v16=0.0000 v17=0.0000 v18=0.0000 acc=0.9922 lr=6.55e-05 lambda=0.000 grl_lambda=0.998 v18_lambda=0.000 gpu=3.0/11.8GB
[00:33:42] [pool] check ep=070/100 source_val_acc_ema=0.9877 threshold=0.90
[00:33:48] [pool] ep=070 ADDED src_val=0.9877/0.9878 dev77=0.7786/0.7646 final77=0.8058/0.7795
[00:33:48] [pool] running best ep=070 dev77_f1=0.7646 final77_f1=0.7795 (pool_size=4)
[00:33:48] [ep_summary] ep=70/100 val_live=0.9753/0.9760 val_ema=0.9877/0.9878 test77_live=0.8849/0.8825 test77_diag_ema=0.8058/0.7795 v13=0.0003 grl=0.0802 v15=0.0000 v15r=0.0000 v16=0.0000 v17=0.0000 v18=0.0000 das=fixed_narrow[10,30] p=1.00 ep_time=39.6s
[00:33:48] [save] best_sourcequalified77_ema ep=70 source_val_live=0.9753/0.9760 source_val_ema=0.9877/0.9878 test77_ema=0.8058/0.7795
[00:33:48] [strict77_monitor] ep=70 best_source_epoch=58 source_val_ema=0.9877/0.9878 test77_ema_diag=0.7410/0.7125 sourcequalified_count=35 best_sourcequalified77_epoch=70 source_val_ema=0.9877/0.9878 test77_ema=0.8058/0.7795
[00:33:48] [train] epoch 71/100 steps=40 use_dann=0 das=fixed_narrow f=[10.0,30.0] p=1.00 gpu=3.0/11.8GB
[00:33:48] [train] ep=71 step=001/40 ce=0.2597 sc=0.9667 mi=0.0691 dn=0.0000 v13=0.0004 grl=0.1096 v15=0.0000 v15r=0.0000 v16=0.0000 v17=0.0000 v18=0.0000 acc=1.0000 lr=6.54e-05 lambda=0.000 grl_lambda=0.998 v18_lambda=0.000 gpu=3.0/11.8GB
[00:33:54] [train] ep=71 step=010/40 ce=0.2589 sc=0.6478 mi=0.0562 dn=0.0000 v13=0.0004 grl=0.0857 v15=0.0000 v15r=0.0000 v16=0.0000 v17=0.0000 v18=0.0000 acc=1.0000 lr=6.45e-05 lambda=0.000 grl_lambda=0.998 v18_lambda=0.000 gpu=3.0/11.8GB
[00:34:00] [train] ep=71 step=020/40 ce=0.3249 sc=0.7638 mi=0.0549 dn=0.0000 v13=0.0004 grl=0.0821 v15=0.0000 v15r=0.0000 v16=0.0000 v17=0.0000 v18=0.0000 acc=0.9969 lr=6.35e-05 lambda=0.000 grl_lambda=0.998 v18_lambda=0.000 gpu=3.0/11.8GB
[00:34:05] [train] ep=71 step=030/40 ce=0.3453 sc=0.8137 mi=0.0550 dn=0.0000 v13=0.0004 grl=0.0819 v15=0.0000 v15r=0.0000 v16=0.0000 v17=0.0000 v18=0.0000 acc=0.9958 lr=6.25e-05 lambda=0.000 grl_lambda=0.998 v18_lambda=0.000 gpu=3.0/11.8GB
[00:34:11] [train] ep=71 step=040/40 ce=0.3404 sc=0.7891 mi=0.0546 dn=0.0000 v13=0.0004 grl=0.0805 v15=0.0000 v15r=0.0000 v16=0.0000 v17=0.0000 v18=0.0000 acc=0.9953 lr=6.15e-05 lambda=0.000 grl_lambda=0.998 v18_lambda=0.000 gpu=3.0/11.8GB
[00:34:22] [ep_summary] ep=71/100 val_live=0.9815/0.9817 val_ema=0.9877/0.9878 test77_live=0.8597/0.8508 test77_diag_ema=0.8094/0.7854 v13=0.0004 grl=0.0805 v15=0.0000 v15r=0.0000 v16=0.0000 v17=0.0000 v18=0.0000 das=fixed_narrow[10,30] p=1.00 ep_time=34.4s
[00:34:22] [save] best_sourcequalified77_ema ep=71 source_val_live=0.9815/0.9817 source_val_ema=0.9877/0.9878 test77_ema=0.8094/0.7854
[00:34:22] [train] epoch 72/100 steps=40 use_dann=0 das=fixed_narrow f=[10.0,30.0] p=1.00 gpu=3.0/11.8GB
[00:34:23] [train] ep=72 step=001/40 ce=0.2571 sc=0.7282 mi=0.0477 dn=0.0000 v13=0.0004 grl=0.1101 v15=0.0000 v15r=0.0000 v16=0.0000 v17=0.0000 v18=0.0000 acc=1.0000 lr=6.14e-05 lambda=0.000 grl_lambda=0.998 v18_lambda=0.000 gpu=3.0/11.8GB
[00:34:28] [train] ep=72 step=010/40 ce=0.3747 sc=0.9384 mi=0.0543 dn=0.0000 v13=0.0005 grl=0.0809 v15=0.0000 v15r=0.0000 v16=0.0000 v17=0.0000 v18=0.0000 acc=0.9875 lr=6.06e-05 lambda=0.000 grl_lambda=0.998 v18_lambda=0.000 gpu=3.0/11.8GB
[00:34:34] [train] ep=72 step=020/40 ce=0.3250 sc=0.8337 mi=0.0546 dn=0.0000 v13=0.0004 grl=0.0773 v15=0.0000 v15r=0.0000 v16=0.0000 v17=0.0000 v18=0.0000 acc=0.9938 lr=5.96e-05 lambda=0.000 grl_lambda=0.998 v18_lambda=0.000 gpu=3.0/11.8GB
[00:34:40] [train] ep=72 step=030/40 ce=0.3691 sc=0.8306 mi=0.0549 dn=0.0000 v13=0.0004 grl=0.0742 v15=0.0000 v15r=0.0000 v16=0.0000 v17=0.0000 v18=0.0000 acc=0.9896 lr=5.86e-05 lambda=0.000 grl_lambda=0.998 v18_lambda=0.000 gpu=3.0/11.8GB
[00:34:47] [train] ep=72 step=040/40 ce=0.3649 sc=0.7935 mi=0.0549 dn=0.0000 v13=0.0004 grl=0.0747 v15=0.0000 v15r=0.0000 v16=0.0000 v17=0.0000 v18=0.0000 acc=0.9906 lr=5.77e-05 lambda=0.000 grl_lambda=0.999 v18_lambda=0.000 gpu=3.0/11.8GB
[00:34:58] [ep_summary] ep=72/100 val_live=0.9815/0.9819 val_ema=0.9877/0.9878 test77_live=0.8597/0.8497 test77_diag_ema=0.8165/0.7924 v13=0.0004 grl=0.0747 v15=0.0000 v15r=0.0000 v16=0.0000 v17=0.0000 v18=0.0000 das=fixed_narrow[10,30] p=1.00 ep_time=35.5s
[00:34:58] [save] best_sourcequalified77_ema ep=72 source_val_live=0.9815/0.9819 source_val_ema=0.9877/0.9878 test77_ema=0.8165/0.7924
[00:34:58] [train] epoch 73/100 steps=40 use_dann=0 das=fixed_narrow f=[10.0,30.0] p=1.00 gpu=3.0/11.8GB
[00:34:58] [train] ep=73 step=001/40 ce=0.2575 sc=0.6189 mi=0.0517 dn=0.0000 v13=0.0005 grl=0.0868 v15=0.0000 v15r=0.0000 v16=0.0000 v17=0.0000 v18=0.0000 acc=1.0000 lr=5.76e-05 lambda=0.000 grl_lambda=0.999 v18_lambda=0.000 gpu=3.0/11.8GB
[00:35:04] [train] ep=73 step=010/40 ce=0.3555 sc=0.7560 mi=0.0528 dn=0.0000 v13=0.0004 grl=0.0721 v15=0.0000 v15r=0.0000 v16=0.0000 v17=0.0000 v18=0.0000 acc=0.9938 lr=5.67e-05 lambda=0.000 grl_lambda=0.999 v18_lambda=0.000 gpu=3.0/11.8GB
[00:35:10] [train] ep=73 step=020/40 ce=0.3066 sc=0.7783 mi=0.0524 dn=0.0000 v13=0.0004 grl=0.0698 v15=0.0000 v15r=0.0000 v16=0.0000 v17=0.0000 v18=0.0000 acc=0.9969 lr=5.58e-05 lambda=0.000 grl_lambda=0.999 v18_lambda=0.000 gpu=3.0/11.8GB
[00:35:16] [train] ep=73 step=030/40 ce=0.3151 sc=0.7694 mi=0.0524 dn=0.0000 v13=0.0004 grl=0.0740 v15=0.0000 v15r=0.0000 v16=0.0000 v17=0.0000 v18=0.0000 acc=0.9958 lr=5.48e-05 lambda=0.000 grl_lambda=0.999 v18_lambda=0.000 gpu=3.0/11.8GB
[00:35:22] [train] ep=73 step=040/40 ce=0.3042 sc=0.7266 mi=0.0529 dn=0.0000 v13=0.0004 grl=0.0756 v15=0.0000 v15r=0.0000 v16=0.0000 v17=0.0000 v18=0.0000 acc=0.9969 lr=5.39e-05 lambda=0.000 grl_lambda=0.999 v18_lambda=0.000 gpu=3.0/11.8GB
[00:35:32] [ep_summary] ep=73/100 val_live=0.9815/0.9819 val_ema=0.9877/0.9878 test77_live=0.8381/0.8258 test77_diag_ema=0.8273/0.8075 v13=0.0004 grl=0.0756 v15=0.0000 v15r=0.0000 v16=0.0000 v17=0.0000 v18=0.0000 das=fixed_narrow[10,30] p=1.00 ep_time=34.7s
[00:35:32] [save] best_sourcequalified77_ema ep=73 source_val_live=0.9815/0.9819 source_val_ema=0.9877/0.9878 test77_ema=0.8273/0.8075
[00:35:33] [train] epoch 74/100 steps=40 use_dann=0 das=fixed_narrow f=[10.0,30.0] p=1.00 gpu=3.0/11.8GB
[00:35:33] [train] ep=74 step=001/40 ce=0.4898 sc=1.4440 mi=0.0638 dn=0.0000 v13=0.0003 grl=0.1088 v15=0.0000 v15r=0.0000 v16=0.0000 v17=0.0000 v18=0.0000 acc=1.0000 lr=5.38e-05 lambda=0.000 grl_lambda=0.999 v18_lambda=0.000 gpu=3.0/11.8GB
[00:35:38] [train] ep=74 step=010/40 ce=0.3065 sc=0.9231 mi=0.0543 dn=0.0000 v13=0.0003 grl=0.0848 v15=0.0000 v15r=0.0000 v16=0.0000 v17=0.0000 v18=0.0000 acc=1.0000 lr=5.30e-05 lambda=0.000 grl_lambda=0.999 v18_lambda=0.000 gpu=3.0/11.8GB
[00:35:44] [train] ep=74 step=020/40 ce=0.3047 sc=0.8468 mi=0.0542 dn=0.0000 v13=0.0004 grl=0.0800 v15=0.0000 v15r=0.0000 v16=0.0000 v17=0.0000 v18=0.0000 acc=0.9969 lr=5.20e-05 lambda=0.000 grl_lambda=0.999 v18_lambda=0.000 gpu=3.0/11.8GB
[00:35:50] [train] ep=74 step=030/40 ce=0.3277 sc=0.8252 mi=0.0543 dn=0.0000 v13=0.0004 grl=0.0805 v15=0.0000 v15r=0.0000 v16=0.0000 v17=0.0000 v18=0.0000 acc=0.9958 lr=5.11e-05 lambda=0.000 grl_lambda=0.999 v18_lambda=0.000 gpu=3.0/11.8GB
[00:35:56] [train] ep=74 step=040/40 ce=0.3722 sc=0.8664 mi=0.0548 dn=0.0000 v13=0.0004 grl=0.0806 v15=0.0000 v15r=0.0000 v16=0.0000 v17=0.0000 v18=0.0000 acc=0.9922 lr=5.02e-05 lambda=0.000 grl_lambda=0.999 v18_lambda=0.000 gpu=3.0/11.8GB
[00:36:07] [ep_summary] ep=74/100 val_live=0.9815/0.9817 val_ema=0.9877/0.9878 test77_live=0.8489/0.8397 test77_diag_ema=0.8273/0.8077 v13=0.0004 grl=0.0806 v15=0.0000 v15r=0.0000 v16=0.0000 v17=0.0000 v18=0.0000 das=fixed_narrow[10,30] p=1.00 ep_time=34.4s
[00:36:07] [save] best_sourcequalified77_ema ep=74 source_val_live=0.9815/0.9817 source_val_ema=0.9877/0.9878 test77_ema=0.8273/0.8077
[00:36:07] [train] epoch 75/100 steps=40 use_dann=0 das=fixed_narrow f=[10.0,30.0] p=1.00 gpu=3.0/11.8GB
[00:36:08] [train] ep=75 step=001/40 ce=0.2570 sc=0.8397 mi=0.0576 dn=0.0000 v13=0.0003 grl=0.0537 v15=0.0000 v15r=0.0000 v16=0.0000 v17=0.0000 v18=0.0000 acc=1.0000 lr=5.01e-05 lambda=0.000 grl_lambda=0.999 v18_lambda=0.000 gpu=3.0/11.8GB
[00:36:13] [train] ep=75 step=010/40 ce=0.3324 sc=0.7672 mi=0.0560 dn=0.0000 v13=0.0003 grl=0.0699 v15=0.0000 v15r=0.0000 v16=0.0000 v17=0.0000 v18=0.0000 acc=0.9938 lr=4.93e-05 lambda=0.000 grl_lambda=0.999 v18_lambda=0.000 gpu=3.0/11.8GB
[00:36:19] [train] ep=75 step=020/40 ce=0.3871 sc=0.7757 mi=0.0558 dn=0.0000 v13=0.0003 grl=0.0789 v15=0.0000 v15r=0.0000 v16=0.0000 v17=0.0000 v18=0.0000 acc=0.9875 lr=4.84e-05 lambda=0.000 grl_lambda=0.999 v18_lambda=0.000 gpu=3.0/11.8GB
[00:36:25] [train] ep=75 step=030/40 ce=0.3619 sc=0.7893 mi=0.0562 dn=0.0000 v13=0.0003 grl=0.0767 v15=0.0000 v15r=0.0000 v16=0.0000 v17=0.0000 v18=0.0000 acc=0.9917 lr=4.75e-05 lambda=0.000 grl_lambda=0.999 v18_lambda=0.000 gpu=3.0/11.8GB
[00:36:31] [train] ep=75 step=040/40 ce=0.3705 sc=0.8157 mi=0.0560 dn=0.0000 v13=0.0003 grl=0.0742 v15=0.0000 v15r=0.0000 v16=0.0000 v17=0.0000 v18=0.0000 acc=0.9906 lr=4.66e-05 lambda=0.000 grl_lambda=0.999 v18_lambda=0.000 gpu=3.0/11.8GB
[00:36:42] [ep_summary] ep=75/100 val_live=0.9877/0.9878 val_ema=0.9877/0.9878 test77_live=0.8633/0.8545 test77_diag_ema=0.8237/0.8045 v13=0.0003 grl=0.0742 v15=0.0000 v15r=0.0000 v16=0.0000 v17=0.0000 v18=0.0000 das=fixed_narrow[10,30] p=1.00 ep_time=34.9s
[00:36:42] [train] epoch 76/100 steps=40 use_dann=0 das=fixed_narrow f=[10.0,30.0] p=1.00 gpu=3.0/11.8GB
[00:36:42] [train] ep=76 step=001/40 ce=0.2565 sc=0.5658 mi=0.0619 dn=0.0000 v13=0.0004 grl=0.0907 v15=0.0000 v15r=0.0000 v16=0.0000 v17=0.0000 v18=0.0000 acc=1.0000 lr=4.65e-05 lambda=0.000 grl_lambda=0.999 v18_lambda=0.000 gpu=3.0/11.8GB
[00:36:48] [train] ep=76 step=010/40 ce=0.3720 sc=0.7212 mi=0.0548 dn=0.0000 v13=0.0005 grl=0.0822 v15=0.0000 v15r=0.0000 v16=0.0000 v17=0.0000 v18=0.0000 acc=0.9938 lr=4.58e-05 lambda=0.000 grl_lambda=0.999 v18_lambda=0.000 gpu=3.0/11.8GB
[00:36:54] [train] ep=76 step=020/40 ce=0.3448 sc=0.7422 mi=0.0556 dn=0.0000 v13=0.0004 grl=0.0768 v15=0.0000 v15r=0.0000 v16=0.0000 v17=0.0000 v18=0.0000 acc=0.9938 lr=4.49e-05 lambda=0.000 grl_lambda=0.999 v18_lambda=0.000 gpu=3.0/11.8GB
[00:37:00] [train] ep=76 step=030/40 ce=0.3574 sc=0.7552 mi=0.0556 dn=0.0000 v13=0.0004 grl=0.0790 v15=0.0000 v15r=0.0000 v16=0.0000 v17=0.0000 v18=0.0000 acc=0.9938 lr=4.40e-05 lambda=0.000 grl_lambda=0.999 v18_lambda=0.000 gpu=3.0/11.8GB
[00:37:06] [train] ep=76 step=040/40 ce=0.3344 sc=0.7560 mi=0.0540 dn=0.0000 v13=0.0004 grl=0.0765 v15=0.0000 v15r=0.0000 v16=0.0000 v17=0.0000 v18=0.0000 acc=0.9953 lr=4.32e-05 lambda=0.000 grl_lambda=0.999 v18_lambda=0.000 gpu=3.0/11.8GB
[00:37:19] [ep_summary] ep=76/100 val_live=0.9815/0.9817 val_ema=0.9877/0.9878 test77_live=0.8597/0.8525 test77_diag_ema=0.8273/0.8079 v13=0.0004 grl=0.0765 v15=0.0000 v15r=0.0000 v16=0.0000 v17=0.0000 v18=0.0000 das=fixed_narrow[10,30] p=1.00 ep_time=37.0s
[00:37:19] [save] best_sourcequalified77_ema ep=76 source_val_live=0.9815/0.9817 source_val_ema=0.9877/0.9878 test77_ema=0.8273/0.8079
[00:37:19] [train] epoch 77/100 steps=40 use_dann=0 das=fixed_narrow f=[10.0,30.0] p=1.00 gpu=3.0/11.8GB
[00:37:20] [train] ep=77 step=001/40 ce=0.2564 sc=0.6301 mi=0.0600 dn=0.0000 v13=0.0004 grl=0.0513 v15=0.0000 v15r=0.0000 v16=0.0000 v17=0.0000 v18=0.0000 acc=1.0000 lr=4.31e-05 lambda=0.000 grl_lambda=0.999 v18_lambda=0.000 gpu=3.0/11.8GB
[00:37:25] [train] ep=77 step=010/40 ce=0.3133 sc=0.6773 mi=0.0590 dn=0.0000 v13=0.0004 grl=0.0657 v15=0.0000 v15r=0.0000 v16=0.0000 v17=0.0000 v18=0.0000 acc=0.9938 lr=4.23e-05 lambda=0.000 grl_lambda=0.999 v18_lambda=0.000 gpu=3.0/11.8GB
[00:37:31] [train] ep=77 step=020/40 ce=0.3763 sc=0.7287 mi=0.0558 dn=0.0000 v13=0.0003 grl=0.0723 v15=0.0000 v15r=0.0000 v16=0.0000 v17=0.0000 v18=0.0000 acc=0.9906 lr=4.15e-05 lambda=0.000 grl_lambda=0.999 v18_lambda=0.000 gpu=3.0/11.8GB
[00:37:37] [train] ep=77 step=030/40 ce=0.3375 sc=0.7361 mi=0.0542 dn=0.0000 v13=0.0003 grl=0.0731 v15=0.0000 v15r=0.0000 v16=0.0000 v17=0.0000 v18=0.0000 acc=0.9938 lr=4.06e-05 lambda=0.000 grl_lambda=0.999 v18_lambda=0.000 gpu=3.0/11.8GB
[00:37:43] [train] ep=77 step=040/40 ce=0.3210 sc=0.7680 mi=0.0547 dn=0.0000 v13=0.0003 grl=0.0728 v15=0.0000 v15r=0.0000 v16=0.0000 v17=0.0000 v18=0.0000 acc=0.9953 lr=3.98e-05 lambda=0.000 grl_lambda=0.999 v18_lambda=0.000 gpu=3.0/11.8GB
[00:37:54] [ep_summary] ep=77/100 val_live=0.9815/0.9817 val_ema=0.9877/0.9878 test77_live=0.8525/0.8439 test77_diag_ema=0.8273/0.8100 v13=0.0003 grl=0.0728 v15=0.0000 v15r=0.0000 v16=0.0000 v17=0.0000 v18=0.0000 das=fixed_narrow[10,30] p=1.00 ep_time=35.3s
[00:37:54] [save] best_sourcequalified77_ema ep=77 source_val_live=0.9815/0.9817 source_val_ema=0.9877/0.9878 test77_ema=0.8273/0.8100
[00:37:54] [train] epoch 78/100 steps=40 use_dann=0 das=fixed_narrow f=[10.0,30.0] p=1.00 gpu=3.0/11.8GB
[00:37:55] [train] ep=78 step=001/40 ce=0.2580 sc=1.0803 mi=0.0530 dn=0.0000 v13=0.0004 grl=0.0683 v15=0.0000 v15r=0.0000 v16=0.0000 v17=0.0000 v18=0.0000 acc=1.0000 lr=3.97e-05 lambda=0.000 grl_lambda=0.999 v18_lambda=0.000 gpu=3.0/11.8GB
[00:38:00] [train] ep=78 step=010/40 ce=0.2738 sc=0.7125 mi=0.0517 dn=0.0000 v13=0.0004 grl=0.0747 v15=0.0000 v15r=0.0000 v16=0.0000 v17=0.0000 v18=0.0000 acc=1.0000 lr=3.90e-05 lambda=0.000 grl_lambda=0.999 v18_lambda=0.000 gpu=3.0/11.8GB
[00:38:06] [train] ep=78 step=020/40 ce=0.2732 sc=0.7172 mi=0.0510 dn=0.0000 v13=0.0004 grl=0.0707 v15=0.0000 v15r=0.0000 v16=0.0000 v17=0.0000 v18=0.0000 acc=1.0000 lr=3.82e-05 lambda=0.000 grl_lambda=0.999 v18_lambda=0.000 gpu=3.0/11.8GB
[00:38:12] [train] ep=78 step=030/40 ce=0.2680 sc=0.7584 mi=0.0508 dn=0.0000 v13=0.0004 grl=0.0739 v15=0.0000 v15r=0.0000 v16=0.0000 v17=0.0000 v18=0.0000 acc=1.0000 lr=3.74e-05 lambda=0.000 grl_lambda=0.999 v18_lambda=0.000 gpu=3.0/11.8GB
[00:38:18] [train] ep=78 step=040/40 ce=0.2910 sc=0.7549 mi=0.0515 dn=0.0000 v13=0.0004 grl=0.0725 v15=0.0000 v15r=0.0000 v16=0.0000 v17=0.0000 v18=0.0000 acc=0.9984 lr=3.66e-05 lambda=0.000 grl_lambda=0.999 v18_lambda=0.000 gpu=3.0/11.8GB
[00:38:29] [ep_summary] ep=78/100 val_live=0.9877/0.9878 val_ema=0.9877/0.9878 test77_live=0.8669/0.8612 test77_diag_ema=0.8345/0.8206 v13=0.0004 grl=0.0725 v15=0.0000 v15r=0.0000 v16=0.0000 v17=0.0000 v18=0.0000 das=fixed_narrow[10,30] p=1.00 ep_time=34.7s
[00:38:29] [save] best_sourcequalified77_ema ep=78 source_val_live=0.9877/0.9878 source_val_ema=0.9877/0.9878 test77_ema=0.8345/0.8206
[00:38:29] [train] epoch 79/100 steps=40 use_dann=0 das=fixed_narrow f=[10.0,30.0] p=1.00 gpu=3.0/11.8GB
[00:38:30] [train] ep=79 step=001/40 ce=0.2556 sc=0.6467 mi=0.0626 dn=0.0000 v13=0.0002 grl=0.0732 v15=0.0000 v15r=0.0000 v16=0.0000 v17=0.0000 v18=0.0000 acc=1.0000 lr=3.65e-05 lambda=0.000 grl_lambda=0.999 v18_lambda=0.000 gpu=3.0/11.8GB
[00:38:35] [train] ep=79 step=010/40 ce=0.2916 sc=0.8135 mi=0.0548 dn=0.0000 v13=0.0003 grl=0.0802 v15=0.0000 v15r=0.0000 v16=0.0000 v17=0.0000 v18=0.0000 acc=1.0000 lr=3.58e-05 lambda=0.000 grl_lambda=0.999 v18_lambda=0.000 gpu=3.0/11.8GB
[00:38:41] [train] ep=79 step=020/40 ce=0.3633 sc=0.9090 mi=0.0552 dn=0.0000 v13=0.0004 grl=0.0783 v15=0.0000 v15r=0.0000 v16=0.0000 v17=0.0000 v18=0.0000 acc=0.9938 lr=3.50e-05 lambda=0.000 grl_lambda=0.999 v18_lambda=0.000 gpu=3.0/11.8GB
[00:38:47] [train] ep=79 step=030/40 ce=0.3364 sc=0.8188 mi=0.0543 dn=0.0000 v13=0.0004 grl=0.0754 v15=0.0000 v15r=0.0000 v16=0.0000 v17=0.0000 v18=0.0000 acc=0.9958 lr=3.42e-05 lambda=0.000 grl_lambda=0.999 v18_lambda=0.000 gpu=3.0/11.8GB
[00:38:53] [train] ep=79 step=040/40 ce=0.3173 sc=0.8207 mi=0.0540 dn=0.0000 v13=0.0004 grl=0.0753 v15=0.0000 v15r=0.0000 v16=0.0000 v17=0.0000 v18=0.0000 acc=0.9969 lr=3.35e-05 lambda=0.000 grl_lambda=0.999 v18_lambda=0.000 gpu=3.0/11.8GB
[00:39:06] [ep_summary] ep=79/100 val_live=0.9815/0.9817 val_ema=0.9877/0.9878 test77_live=0.8489/0.8395 test77_diag_ema=0.8381/0.8257 v13=0.0004 grl=0.0753 v15=0.0000 v15r=0.0000 v16=0.0000 v17=0.0000 v18=0.0000 das=fixed_narrow[10,30] p=1.00 ep_time=37.6s
[00:39:07] [save] best_sourcequalified77_ema ep=79 source_val_live=0.9815/0.9817 source_val_ema=0.9877/0.9878 test77_ema=0.8381/0.8257
[00:39:07] [train] epoch 80/100 steps=40 use_dann=0 das=fixed_narrow f=[10.0,30.0] p=1.00 gpu=3.0/11.8GB
[00:39:07] [train] ep=80 step=001/40 ce=0.2583 sc=0.4245 mi=0.0512 dn=0.0000 v13=0.0003 grl=0.0442 v15=0.0000 v15r=0.0000 v16=0.0000 v17=0.0000 v18=0.0000 acc=1.0000 lr=3.34e-05 lambda=0.000 grl_lambda=0.999 v18_lambda=0.000 gpu=3.0/11.8GB
[00:39:13] [train] ep=80 step=010/40 ce=0.2873 sc=0.7056 mi=0.0524 dn=0.0000 v13=0.0004 grl=0.0703 v15=0.0000 v15r=0.0000 v16=0.0000 v17=0.0000 v18=0.0000 acc=1.0000 lr=3.27e-05 lambda=0.000 grl_lambda=0.999 v18_lambda=0.000 gpu=3.0/11.8GB
[00:39:19] [train] ep=80 step=020/40 ce=0.2840 sc=0.7537 mi=0.0541 dn=0.0000 v13=0.0004 grl=0.0745 v15=0.0000 v15r=0.0000 v16=0.0000 v17=0.0000 v18=0.0000 acc=1.0000 lr=3.19e-05 lambda=0.000 grl_lambda=0.999 v18_lambda=0.000 gpu=3.0/11.8GB
[00:39:24] [train] ep=80 step=030/40 ce=0.2756 sc=0.7454 mi=0.0542 dn=0.0000 v13=0.0004 grl=0.0759 v15=0.0000 v15r=0.0000 v16=0.0000 v17=0.0000 v18=0.0000 acc=1.0000 lr=3.12e-05 lambda=0.000 grl_lambda=0.999 v18_lambda=0.000 gpu=3.0/11.8GB
[00:39:30] [train] ep=80 step=040/40 ce=0.2712 sc=0.7562 mi=0.0538 dn=0.0000 v13=0.0004 grl=0.0728 v15=0.0000 v15r=0.0000 v16=0.0000 v17=0.0000 v18=0.0000 acc=1.0000 lr=3.05e-05 lambda=0.000 grl_lambda=0.999 v18_lambda=0.000 gpu=3.0/11.8GB
[00:39:43] [pool] check ep=080/100 source_val_acc_ema=0.9877 threshold=0.90
[00:39:48] [pool] ep=080 ADDED src_val=0.9877/0.9878 dev77=0.8000/0.7894 final77=0.8345/0.8223
[00:39:48] [pool] running best ep=080 dev77_f1=0.7894 final77_f1=0.8223 (pool_size=5)
[00:39:49] [ep_summary] ep=80/100 val_live=0.9753/0.9756 val_ema=0.9877/0.9878 test77_live=0.8525/0.8428 test77_diag_ema=0.8345/0.8223 v13=0.0004 grl=0.0728 v15=0.0000 v15r=0.0000 v16=0.0000 v17=0.0000 v18=0.0000 das=fixed_narrow[10,30] p=1.00 ep_time=42.0s
[00:39:49] [strict77_monitor] ep=80 best_source_epoch=58 source_val_ema=0.9877/0.9878 test77_ema_diag=0.7410/0.7125 sourcequalified_count=45 best_sourcequalified77_epoch=79 source_val_ema=0.9877/0.9878 test77_ema=0.8381/0.8257
[00:39:49] [train] epoch 81/100 steps=40 use_dann=0 das=fixed_narrow f=[10.0,30.0] p=1.00 gpu=3.0/11.8GB
[00:39:49] [train] ep=81 step=001/40 ce=0.2570 sc=0.8432 mi=0.0608 dn=0.0000 v13=0.0005 grl=0.0710 v15=0.0000 v15r=0.0000 v16=0.0000 v17=0.0000 v18=0.0000 acc=1.0000 lr=3.04e-05 lambda=0.000 grl_lambda=0.999 v18_lambda=0.000 gpu=3.0/11.8GB
[00:39:55] [train] ep=81 step=010/40 ce=0.3170 sc=0.9070 mi=0.0553 dn=0.0000 v13=0.0004 grl=0.0629 v15=0.0000 v15r=0.0000 v16=0.0000 v17=0.0000 v18=0.0000 acc=0.9938 lr=2.97e-05 lambda=0.000 grl_lambda=0.999 v18_lambda=0.000 gpu=3.0/11.8GB
[00:40:01] [train] ep=81 step=020/40 ce=0.2873 sc=0.8112 mi=0.0532 dn=0.0000 v13=0.0003 grl=0.0657 v15=0.0000 v15r=0.0000 v16=0.0000 v17=0.0000 v18=0.0000 acc=0.9969 lr=2.90e-05 lambda=0.000 grl_lambda=0.999 v18_lambda=0.000 gpu=3.0/11.8GB
[00:40:06] [train] ep=81 step=030/40 ce=0.2777 sc=0.8087 mi=0.0534 dn=0.0000 v13=0.0003 grl=0.0684 v15=0.0000 v15r=0.0000 v16=0.0000 v17=0.0000 v18=0.0000 acc=0.9979 lr=2.83e-05 lambda=0.000 grl_lambda=0.999 v18_lambda=0.000 gpu=3.0/11.8GB
[00:40:12] [train] ep=81 step=040/40 ce=0.2842 sc=0.8247 mi=0.0533 dn=0.0000 v13=0.0003 grl=0.0653 v15=0.0000 v15r=0.0000 v16=0.0000 v17=0.0000 v18=0.0000 acc=0.9969 lr=2.76e-05 lambda=0.000 grl_lambda=0.999 v18_lambda=0.000 gpu=3.0/11.8GB
[00:40:23] [ep_summary] ep=81/100 val_live=0.9815/0.9817 val_ema=0.9877/0.9878 test77_live=0.8453/0.8358 test77_diag_ema=0.8345/0.8223 v13=0.0003 grl=0.0653 v15=0.0000 v15r=0.0000 v16=0.0000 v17=0.0000 v18=0.0000 das=fixed_narrow[10,30] p=1.00 ep_time=34.5s
[00:40:23] [train] epoch 82/100 steps=40 use_dann=0 das=fixed_narrow f=[10.0,30.0] p=1.00 gpu=3.0/11.8GB
[00:40:24] [train] ep=82 step=001/40 ce=0.2573 sc=0.8440 mi=0.0480 dn=0.0000 v13=0.0003 grl=0.0728 v15=0.0000 v15r=0.0000 v16=0.0000 v17=0.0000 v18=0.0000 acc=1.0000 lr=2.75e-05 lambda=0.000 grl_lambda=0.999 v18_lambda=0.000 gpu=3.0/11.8GB
[00:40:29] [train] ep=82 step=010/40 ce=0.3528 sc=0.7960 mi=0.0541 dn=0.0000 v13=0.0003 grl=0.0754 v15=0.0000 v15r=0.0000 v16=0.0000 v17=0.0000 v18=0.0000 acc=0.9938 lr=2.69e-05 lambda=0.000 grl_lambda=0.999 v18_lambda=0.000 gpu=3.0/11.8GB
[00:40:35] [train] ep=82 step=020/40 ce=0.3537 sc=0.7679 mi=0.0540 dn=0.0000 v13=0.0003 grl=0.0717 v15=0.0000 v15r=0.0000 v16=0.0000 v17=0.0000 v18=0.0000 acc=0.9938 lr=2.62e-05 lambda=0.000 grl_lambda=0.999 v18_lambda=0.000 gpu=3.0/11.8GB
[00:40:41] [train] ep=82 step=030/40 ce=0.3232 sc=0.7879 mi=0.0526 dn=0.0000 v13=0.0003 grl=0.0731 v15=0.0000 v15r=0.0000 v16=0.0000 v17=0.0000 v18=0.0000 acc=0.9958 lr=2.55e-05 lambda=0.000 grl_lambda=0.999 v18_lambda=0.000 gpu=3.0/11.8GB
[00:40:47] [train] ep=82 step=040/40 ce=0.3289 sc=0.7698 mi=0.0527 dn=0.0000 v13=0.0003 grl=0.0746 v15=0.0000 v15r=0.0000 v16=0.0000 v17=0.0000 v18=0.0000 acc=0.9953 lr=2.48e-05 lambda=0.000 grl_lambda=0.999 v18_lambda=0.000 gpu=3.0/11.8GB
[00:41:00] [ep_summary] ep=82/100 val_live=0.9815/0.9817 val_ema=0.9877/0.9878 test77_live=0.8489/0.8404 test77_diag_ema=0.8417/0.8287 v13=0.0003 grl=0.0746 v15=0.0000 v15r=0.0000 v16=0.0000 v17=0.0000 v18=0.0000 das=fixed_narrow[10,30] p=1.00 ep_time=37.0s
[00:41:00] [save] best_sourcequalified77_ema ep=82 source_val_live=0.9815/0.9817 source_val_ema=0.9877/0.9878 test77_ema=0.8417/0.8287
[00:41:00] [train] epoch 83/100 steps=40 use_dann=0 das=fixed_narrow f=[10.0,30.0] p=1.00 gpu=3.0/11.8GB
[00:41:01] [train] ep=83 step=001/40 ce=0.2556 sc=0.7154 mi=0.0601 dn=0.0000 v13=0.0001 grl=0.0751 v15=0.0000 v15r=0.0000 v16=0.0000 v17=0.0000 v18=0.0000 acc=1.0000 lr=2.48e-05 lambda=0.000 grl_lambda=0.999 v18_lambda=0.000 gpu=3.0/11.8GB
[00:41:06] [train] ep=83 step=010/40 ce=0.3694 sc=0.8097 mi=0.0561 dn=0.0000 v13=0.0003 grl=0.0721 v15=0.0000 v15r=0.0000 v16=0.0000 v17=0.0000 v18=0.0000 acc=0.9875 lr=2.42e-05 lambda=0.000 grl_lambda=0.999 v18_lambda=0.000 gpu=3.0/11.8GB
[00:41:12] [train] ep=83 step=020/40 ce=0.3811 sc=0.8055 mi=0.0547 dn=0.0000 v13=0.0003 grl=0.0705 v15=0.0000 v15r=0.0000 v16=0.0000 v17=0.0000 v18=0.0000 acc=0.9875 lr=2.35e-05 lambda=0.000 grl_lambda=0.999 v18_lambda=0.000 gpu=3.0/11.8GB
[00:41:18] [train] ep=83 step=030/40 ce=0.3398 sc=0.7712 mi=0.0555 dn=0.0000 v13=0.0003 grl=0.0746 v15=0.0000 v15r=0.0000 v16=0.0000 v17=0.0000 v18=0.0000 acc=0.9917 lr=2.29e-05 lambda=0.000 grl_lambda=0.999 v18_lambda=0.000 gpu=3.0/11.8GB
[00:41:24] [train] ep=83 step=040/40 ce=0.3552 sc=0.7708 mi=0.0552 dn=0.0000 v13=0.0003 grl=0.0736 v15=0.0000 v15r=0.0000 v16=0.0000 v17=0.0000 v18=0.0000 acc=0.9906 lr=2.22e-05 lambda=0.000 grl_lambda=1.000 v18_lambda=0.000 gpu=3.0/11.8GB
[00:41:36] [ep_summary] ep=83/100 val_live=0.9815/0.9817 val_ema=0.9877/0.9878 test77_live=0.8633/0.8582 test77_diag_ema=0.8417/0.8287 v13=0.0003 grl=0.0736 v15=0.0000 v15r=0.0000 v16=0.0000 v17=0.0000 v18=0.0000 das=fixed_narrow[10,30] p=1.00 ep_time=35.8s
[00:41:36] [train] epoch 84/100 steps=40 use_dann=0 das=fixed_narrow f=[10.0,30.0] p=1.00 gpu=3.0/11.8GB
[00:41:37] [train] ep=84 step=001/40 ce=0.2593 sc=0.7895 mi=0.0569 dn=0.0000 v13=0.0004 grl=0.0945 v15=0.0000 v15r=0.0000 v16=0.0000 v17=0.0000 v18=0.0000 acc=1.0000 lr=2.22e-05 lambda=0.000 grl_lambda=1.000 v18_lambda=0.000 gpu=3.0/11.8GB
[00:41:42] [train] ep=84 step=010/40 ce=0.3083 sc=0.8069 mi=0.0526 dn=0.0000 v13=0.0004 grl=0.0761 v15=0.0000 v15r=0.0000 v16=0.0000 v17=0.0000 v18=0.0000 acc=0.9938 lr=2.16e-05 lambda=0.000 grl_lambda=1.000 v18_lambda=0.000 gpu=3.0/11.8GB
[00:41:48] [train] ep=84 step=020/40 ce=0.3113 sc=0.8226 mi=0.0531 dn=0.0000 v13=0.0003 grl=0.0695 v15=0.0000 v15r=0.0000 v16=0.0000 v17=0.0000 v18=0.0000 acc=0.9969 lr=2.10e-05 lambda=0.000 grl_lambda=1.000 v18_lambda=0.000 gpu=3.0/11.8GB
[00:41:54] [train] ep=84 step=030/40 ce=0.3038 sc=0.7887 mi=0.0531 dn=0.0000 v13=0.0003 grl=0.0753 v15=0.0000 v15r=0.0000 v16=0.0000 v17=0.0000 v18=0.0000 acc=0.9979 lr=2.04e-05 lambda=0.000 grl_lambda=1.000 v18_lambda=0.000 gpu=3.0/11.8GB
[00:42:00] [train] ep=84 step=040/40 ce=0.3094 sc=0.7935 mi=0.0539 dn=0.0000 v13=0.0003 grl=0.0775 v15=0.0000 v15r=0.0000 v16=0.0000 v17=0.0000 v18=0.0000 acc=0.9969 lr=1.98e-05 lambda=0.000 grl_lambda=1.000 v18_lambda=0.000 gpu=3.0/11.8GB
[00:42:12] [ep_summary] ep=84/100 val_live=0.9815/0.9817 val_ema=0.9877/0.9878 test77_live=0.8561/0.8476 test77_diag_ema=0.8381/0.8253 v13=0.0003 grl=0.0775 v15=0.0000 v15r=0.0000 v16=0.0000 v17=0.0000 v18=0.0000 das=fixed_narrow[10,30] p=1.00 ep_time=36.4s
[00:42:12] [train] epoch 85/100 steps=40 use_dann=0 das=fixed_narrow f=[10.0,30.0] p=1.00 gpu=3.0/11.8GB
[00:42:13] [train] ep=85 step=001/40 ce=0.2574 sc=1.1202 mi=0.0530 dn=0.0000 v13=0.0006 grl=0.0585 v15=0.0000 v15r=0.0000 v16=0.0000 v17=0.0000 v18=0.0000 acc=1.0000 lr=1.97e-05 lambda=0.000 grl_lambda=1.000 v18_lambda=0.000 gpu=3.0/11.8GB
[00:42:19] [train] ep=85 step=010/40 ce=0.3412 sc=0.8611 mi=0.0535 dn=0.0000 v13=0.0004 grl=0.0628 v15=0.0000 v15r=0.0000 v16=0.0000 v17=0.0000 v18=0.0000 acc=0.9938 lr=1.92e-05 lambda=0.000 grl_lambda=1.000 v18_lambda=0.000 gpu=3.0/11.8GB
[00:42:25] [train] ep=85 step=020/40 ce=0.3025 sc=0.8076 mi=0.0537 dn=0.0000 v13=0.0003 grl=0.0669 v15=0.0000 v15r=0.0000 v16=0.0000 v17=0.0000 v18=0.0000 acc=0.9969 lr=1.86e-05 lambda=0.000 grl_lambda=1.000 v18_lambda=0.000 gpu=3.0/11.8GB
[00:42:31] [train] ep=85 step=030/40 ce=0.3018 sc=0.8056 mi=0.0538 dn=0.0000 v13=0.0003 grl=0.0677 v15=0.0000 v15r=0.0000 v16=0.0000 v17=0.0000 v18=0.0000 acc=0.9979 lr=1.80e-05 lambda=0.000 grl_lambda=1.000 v18_lambda=0.000 gpu=3.0/11.8GB
[00:42:37] [train] ep=85 step=040/40 ce=0.2976 sc=0.8132 mi=0.0540 dn=0.0000 v13=0.0003 grl=0.0688 v15=0.0000 v15r=0.0000 v16=0.0000 v17=0.0000 v18=0.0000 acc=0.9984 lr=1.74e-05 lambda=0.000 grl_lambda=1.000 v18_lambda=0.000 gpu=3.0/11.8GB
[00:42:48] [ep_summary] ep=85/100 val_live=0.9815/0.9817 val_ema=0.9877/0.9878 test77_live=0.8489/0.8392 test77_diag_ema=0.8381/0.8253 v13=0.0003 grl=0.0688 v15=0.0000 v15r=0.0000 v16=0.0000 v17=0.0000 v18=0.0000 das=fixed_narrow[10,30] p=1.00 ep_time=35.3s
[00:42:48] [train] epoch 86/100 steps=40 use_dann=0 das=fixed_narrow f=[10.0,30.0] p=1.00 gpu=3.0/11.8GB
[00:42:48] [train] ep=86 step=001/40 ce=0.2651 sc=0.6170 mi=0.0611 dn=0.0000 v13=0.0004 grl=0.0563 v15=0.0000 v15r=0.0000 v16=0.0000 v17=0.0000 v18=0.0000 acc=1.0000 lr=1.74e-05 lambda=0.000 grl_lambda=1.000 v18_lambda=0.000 gpu=3.0/11.8GB
[00:42:54] [train] ep=86 step=010/40 ce=0.3426 sc=0.7481 mi=0.0514 dn=0.0000 v13=0.0003 grl=0.0691 v15=0.0000 v15r=0.0000 v16=0.0000 v17=0.0000 v18=0.0000 acc=0.9938 lr=1.68e-05 lambda=0.000 grl_lambda=1.000 v18_lambda=0.000 gpu=3.0/11.8GB
[00:43:00] [train] ep=86 step=020/40 ce=0.3318 sc=0.7018 mi=0.0521 dn=0.0000 v13=0.0003 grl=0.0700 v15=0.0000 v15r=0.0000 v16=0.0000 v17=0.0000 v18=0.0000 acc=0.9938 lr=1.63e-05 lambda=0.000 grl_lambda=1.000 v18_lambda=0.000 gpu=3.0/11.8GB
[00:43:06] [train] ep=86 step=030/40 ce=0.3634 sc=0.7448 mi=0.0522 dn=0.0000 v13=0.0003 grl=0.0678 v15=0.0000 v15r=0.0000 v16=0.0000 v17=0.0000 v18=0.0000 acc=0.9917 lr=1.57e-05 lambda=0.000 grl_lambda=1.000 v18_lambda=0.000 gpu=3.0/11.8GB
[00:43:11] [train] ep=86 step=040/40 ce=0.3700 sc=0.7716 mi=0.0522 dn=0.0000 v13=0.0003 grl=0.0697 v15=0.0000 v15r=0.0000 v16=0.0000 v17=0.0000 v18=0.0000 acc=0.9906 lr=1.52e-05 lambda=0.000 grl_lambda=1.000 v18_lambda=0.000 gpu=3.0/11.8GB
[00:43:23] [ep_summary] ep=86/100 val_live=0.9815/0.9817 val_ema=0.9877/0.9878 test77_live=0.8561/0.8489 test77_diag_ema=0.8417/0.8305 v13=0.0003 grl=0.0697 v15=0.0000 v15r=0.0000 v16=0.0000 v17=0.0000 v18=0.0000 das=fixed_narrow[10,30] p=1.00 ep_time=35.1s
[00:43:23] [save] best_sourcequalified77_ema ep=86 source_val_live=0.9815/0.9817 source_val_ema=0.9877/0.9878 test77_ema=0.8417/0.8305
[00:43:23] [train] epoch 87/100 steps=40 use_dann=0 das=fixed_narrow f=[10.0,30.0] p=1.00 gpu=3.0/11.8GB
[00:43:24] [train] ep=87 step=001/40 ce=0.2570 sc=0.6014 mi=0.0557 dn=0.0000 v13=0.0002 grl=0.0764 v15=0.0000 v15r=0.0000 v16=0.0000 v17=0.0000 v18=0.0000 acc=1.0000 lr=1.52e-05 lambda=0.000 grl_lambda=1.000 v18_lambda=0.000 gpu=3.0/11.8GB
[00:43:29] [train] ep=87 step=010/40 ce=0.3616 sc=0.8298 mi=0.0517 dn=0.0000 v13=0.0003 grl=0.0766 v15=0.0000 v15r=0.0000 v16=0.0000 v17=0.0000 v18=0.0000 acc=0.9938 lr=1.47e-05 lambda=0.000 grl_lambda=1.000 v18_lambda=0.000 gpu=3.0/11.8GB
[00:43:35] [train] ep=87 step=020/40 ce=0.3319 sc=0.8007 mi=0.0542 dn=0.0000 v13=0.0003 grl=0.0735 v15=0.0000 v15r=0.0000 v16=0.0000 v17=0.0000 v18=0.0000 acc=0.9938 lr=1.42e-05 lambda=0.000 grl_lambda=1.000 v18_lambda=0.000 gpu=3.0/11.8GB
[00:43:41] [train] ep=87 step=030/40 ce=0.3088 sc=0.7883 mi=0.0536 dn=0.0000 v13=0.0003 grl=0.0743 v15=0.0000 v15r=0.0000 v16=0.0000 v17=0.0000 v18=0.0000 acc=0.9958 lr=1.37e-05 lambda=0.000 grl_lambda=1.000 v18_lambda=0.000 gpu=3.0/11.8GB
[00:43:47] [train] ep=87 step=040/40 ce=0.3023 sc=0.7902 mi=0.0534 dn=0.0000 v13=0.0003 grl=0.0725 v15=0.0000 v15r=0.0000 v16=0.0000 v17=0.0000 v18=0.0000 acc=0.9969 lr=1.31e-05 lambda=0.000 grl_lambda=1.000 v18_lambda=0.000 gpu=3.0/11.8GB
[00:43:58] [ep_summary] ep=87/100 val_live=0.9815/0.9817 val_ema=0.9877/0.9878 test77_live=0.8525/0.8438 test77_diag_ema=0.8453/0.8356 v13=0.0003 grl=0.0725 v15=0.0000 v15r=0.0000 v16=0.0000 v17=0.0000 v18=0.0000 das=fixed_narrow[10,30] p=1.00 ep_time=35.2s
[00:43:58] [save] best_sourcequalified77_ema ep=87 source_val_live=0.9815/0.9817 source_val_ema=0.9877/0.9878 test77_ema=0.8453/0.8356
[00:43:58] [train] epoch 88/100 steps=40 use_dann=0 das=fixed_narrow f=[10.0,30.0] p=1.00 gpu=3.0/11.8GB
[00:43:59] [train] ep=88 step=001/40 ce=0.2558 sc=0.4191 mi=0.0555 dn=0.0000 v13=0.0006 grl=0.0595 v15=0.0000 v15r=0.0000 v16=0.0000 v17=0.0000 v18=0.0000 acc=1.0000 lr=1.31e-05 lambda=0.000 grl_lambda=1.000 v18_lambda=0.000 gpu=3.0/11.8GB
[00:44:04] [train] ep=88 step=010/40 ce=0.3164 sc=0.7963 mi=0.0522 dn=0.0000 v13=0.0003 grl=0.0813 v15=0.0000 v15r=0.0000 v16=0.0000 v17=0.0000 v18=0.0000 acc=0.9938 lr=1.27e-05 lambda=0.000 grl_lambda=1.000 v18_lambda=0.000 gpu=3.0/11.8GB
[00:44:10] [train] ep=88 step=020/40 ce=0.3147 sc=0.7686 mi=0.0539 dn=0.0000 v13=0.0003 grl=0.0765 v15=0.0000 v15r=0.0000 v16=0.0000 v17=0.0000 v18=0.0000 acc=0.9938 lr=1.22e-05 lambda=0.000 grl_lambda=1.000 v18_lambda=0.000 gpu=3.0/11.8GB
[00:44:16] [train] ep=88 step=030/40 ce=0.3711 sc=0.8070 mi=0.0536 dn=0.0000 v13=0.0004 grl=0.0819 v15=0.0000 v15r=0.0000 v16=0.0000 v17=0.0000 v18=0.0000 acc=0.9896 lr=1.17e-05 lambda=0.000 grl_lambda=1.000 v18_lambda=0.000 gpu=3.0/11.8GB
[00:44:22] [train] ep=88 step=040/40 ce=0.3525 sc=0.8217 mi=0.0541 dn=0.0000 v13=0.0003 grl=0.0769 v15=0.0000 v15r=0.0000 v16=0.0000 v17=0.0000 v18=0.0000 acc=0.9906 lr=1.12e-05 lambda=0.000 grl_lambda=1.000 v18_lambda=0.000 gpu=3.0/11.8GB
[00:44:33] [ep_summary] ep=88/100 val_live=0.9877/0.9878 val_ema=0.9877/0.9878 test77_live=0.8417/0.8309 test77_diag_ema=0.8453/0.8353 v13=0.0003 grl=0.0769 v15=0.0000 v15r=0.0000 v16=0.0000 v17=0.0000 v18=0.0000 das=fixed_narrow[10,30] p=1.00 ep_time=35.0s
[00:44:33] [train] epoch 89/100 steps=40 use_dann=0 das=fixed_narrow f=[10.0,30.0] p=1.00 gpu=3.0/11.8GB
[00:44:34] [train] ep=89 step=001/40 ce=0.2568 sc=0.8140 mi=0.0621 dn=0.0000 v13=0.0005 grl=0.1009 v15=0.0000 v15r=0.0000 v16=0.0000 v17=0.0000 v18=0.0000 acc=1.0000 lr=1.12e-05 lambda=0.000 grl_lambda=1.000 v18_lambda=0.000 gpu=3.0/11.8GB
[00:44:39] [train] ep=89 step=010/40 ce=0.2670 sc=0.7470 mi=0.0561 dn=0.0000 v13=0.0004 grl=0.0828 v15=0.0000 v15r=0.0000 v16=0.0000 v17=0.0000 v18=0.0000 acc=1.0000 lr=1.08e-05 lambda=0.000 grl_lambda=1.000 v18_lambda=0.000 gpu=3.0/11.8GB
[00:44:45] [train] ep=89 step=020/40 ce=0.2728 sc=0.6978 mi=0.0537 dn=0.0000 v13=0.0004 grl=0.0779 v15=0.0000 v15r=0.0000 v16=0.0000 v17=0.0000 v18=0.0000 acc=1.0000 lr=1.03e-05 lambda=0.000 grl_lambda=1.000 v18_lambda=0.000 gpu=3.0/11.8GB
[00:44:51] [train] ep=89 step=030/40 ce=0.3086 sc=0.7848 mi=0.0534 dn=0.0000 v13=0.0004 grl=0.0750 v15=0.0000 v15r=0.0000 v16=0.0000 v17=0.0000 v18=0.0000 acc=0.9958 lr=9.89e-06 lambda=0.000 grl_lambda=1.000 v18_lambda=0.000 gpu=3.0/11.8GB
[00:44:57] [train] ep=89 step=040/40 ce=0.3114 sc=0.8208 mi=0.0532 dn=0.0000 v13=0.0004 grl=0.0753 v15=0.0000 v15r=0.0000 v16=0.0000 v17=0.0000 v18=0.0000 acc=0.9953 lr=9.46e-06 lambda=0.000 grl_lambda=1.000 v18_lambda=0.000 gpu=3.0/11.8GB
[00:45:08] [ep_summary] ep=89/100 val_live=0.9877/0.9878 val_ema=0.9877/0.9878 test77_live=0.8417/0.8316 test77_diag_ema=0.8453/0.8353 v13=0.0004 grl=0.0753 v15=0.0000 v15r=0.0000 v16=0.0000 v17=0.0000 v18=0.0000 das=fixed_narrow[10,30] p=1.00 ep_time=34.5s
[00:45:08] [train] epoch 90/100 steps=40 use_dann=0 das=fixed_narrow f=[10.0,30.0] p=1.00 gpu=3.0/11.8GB
[00:45:08] [train] ep=90 step=001/40 ce=0.2568 sc=0.5388 mi=0.0606 dn=0.0000 v13=0.0004 grl=0.0494 v15=0.0000 v15r=0.0000 v16=0.0000 v17=0.0000 v18=0.0000 acc=1.0000 lr=9.42e-06 lambda=0.000 grl_lambda=1.000 v18_lambda=0.000 gpu=3.0/11.8GB
[00:45:14] [train] ep=90 step=010/40 ce=0.3256 sc=0.7064 mi=0.0540 dn=0.0000 v13=0.0003 grl=0.0715 v15=0.0000 v15r=0.0000 v16=0.0000 v17=0.0000 v18=0.0000 acc=0.9938 lr=9.04e-06 lambda=0.000 grl_lambda=1.000 v18_lambda=0.000 gpu=3.0/11.8GB
[00:45:19] [train] ep=90 step=020/40 ce=0.2914 sc=0.7664 mi=0.0527 dn=0.0000 v13=0.0003 grl=0.0751 v15=0.0000 v15r=0.0000 v16=0.0000 v17=0.0000 v18=0.0000 acc=0.9969 lr=8.63e-06 lambda=0.000 grl_lambda=1.000 v18_lambda=0.000 gpu=3.0/11.8GB
[00:45:25] [train] ep=90 step=030/40 ce=0.3107 sc=0.7453 mi=0.0523 dn=0.0000 v13=0.0003 grl=0.0731 v15=0.0000 v15r=0.0000 v16=0.0000 v17=0.0000 v18=0.0000 acc=0.9958 lr=8.23e-06 lambda=0.000 grl_lambda=1.000 v18_lambda=0.000 gpu=3.0/11.8GB
[00:45:31] [train] ep=90 step=040/40 ce=0.3004 sc=0.7528 mi=0.0527 dn=0.0000 v13=0.0003 grl=0.0741 v15=0.0000 v15r=0.0000 v16=0.0000 v17=0.0000 v18=0.0000 acc=0.9969 lr=7.84e-06 lambda=0.000 grl_lambda=1.000 v18_lambda=0.000 gpu=3.0/11.8GB
[00:45:42] [pool] check ep=090/100 source_val_acc_ema=0.9877 threshold=0.90
[00:45:47] [pool] ep=090 ADDED src_val=0.9877/0.9878 dev77=0.8000/0.7911 final77=0.8453/0.8353
[00:45:47] [pool] running best ep=090 dev77_f1=0.7911 final77_f1=0.8353 (pool_size=6)
[00:45:47] [ep_summary] ep=90/100 val_live=0.9753/0.9756 val_ema=0.9877/0.9878 test77_live=0.8489/0.8390 test77_diag_ema=0.8453/0.8353 v13=0.0003 grl=0.0741 v15=0.0000 v15r=0.0000 v16=0.0000 v17=0.0000 v18=0.0000 das=fixed_narrow[10,30] p=1.00 ep_time=39.6s
[00:45:47] [strict77_monitor] ep=90 best_source_epoch=58 source_val_ema=0.9877/0.9878 test77_ema_diag=0.7410/0.7125 sourcequalified_count=55 best_sourcequalified77_epoch=87 source_val_ema=0.9877/0.9878 test77_ema=0.8453/0.8356
[00:45:47] [train] epoch 91/100 steps=40 use_dann=0 das=fixed_narrow f=[10.0,30.0] p=1.00 gpu=3.0/11.8GB
[00:45:48] [train] ep=91 step=001/40 ce=0.2723 sc=1.2051 mi=0.0501 dn=0.0000 v13=0.0002 grl=0.1128 v15=0.0000 v15r=0.0000 v16=0.0000 v17=0.0000 v18=0.0000 acc=1.0000 lr=7.80e-06 lambda=0.000 grl_lambda=1.000 v18_lambda=0.000 gpu=3.0/11.8GB
[00:45:53] [train] ep=91 step=010/40 ce=0.3969 sc=0.8538 mi=0.0561 dn=0.0000 v13=0.0003 grl=0.0845 v15=0.0000 v15r=0.0000 v16=0.0000 v17=0.0000 v18=0.0000 acc=0.9938 lr=7.45e-06 lambda=0.000 grl_lambda=1.000 v18_lambda=0.000 gpu=3.0/11.8GB
[00:45:59] [train] ep=91 step=020/40 ce=0.3269 sc=0.7893 mi=0.0536 dn=0.0000 v13=0.0003 grl=0.0766 v15=0.0000 v15r=0.0000 v16=0.0000 v17=0.0000 v18=0.0000 acc=0.9969 lr=7.08e-06 lambda=0.000 grl_lambda=1.000 v18_lambda=0.000 gpu=3.0/11.8GB
[00:46:05] [train] ep=91 step=030/40 ce=0.3037 sc=0.7777 mi=0.0535 dn=0.0000 v13=0.0003 grl=0.0718 v15=0.0000 v15r=0.0000 v16=0.0000 v17=0.0000 v18=0.0000 acc=0.9979 lr=6.72e-06 lambda=0.000 grl_lambda=1.000 v18_lambda=0.000 gpu=3.0/11.8GB
[00:46:11] [train] ep=91 step=040/40 ce=0.2965 sc=0.7737 mi=0.0539 dn=0.0000 v13=0.0003 grl=0.0746 v15=0.0000 v15r=0.0000 v16=0.0000 v17=0.0000 v18=0.0000 acc=0.9984 lr=6.36e-06 lambda=0.000 grl_lambda=1.000 v18_lambda=0.000 gpu=3.0/11.8GB
[00:46:21] [ep_summary] ep=91/100 val_live=0.9753/0.9756 val_ema=0.9877/0.9878 test77_live=0.8525/0.8425 test77_diag_ema=0.8417/0.8317 v13=0.0003 grl=0.0746 v15=0.0000 v15r=0.0000 v16=0.0000 v17=0.0000 v18=0.0000 das=fixed_narrow[10,30] p=1.00 ep_time=34.3s
[00:46:21] [train] epoch 92/100 steps=40 use_dann=0 das=fixed_narrow f=[10.0,30.0] p=1.00 gpu=3.0/11.8GB
[00:46:22] [train] ep=92 step=001/40 ce=1.3174 sc=1.3459 mi=0.0473 dn=0.0000 v13=0.0003 grl=0.0242 v15=0.0000 v15r=0.0000 v16=0.0000 v17=0.0000 v18=0.0000 acc=0.9375 lr=6.33e-06 lambda=0.000 grl_lambda=1.000 v18_lambda=0.000 gpu=3.0/11.8GB
[00:46:27] [train] ep=92 step=010/40 ce=0.3895 sc=0.9109 mi=0.0532 dn=0.0000 v13=0.0004 grl=0.0593 v15=0.0000 v15r=0.0000 v16=0.0000 v17=0.0000 v18=0.0000 acc=0.9938 lr=6.02e-06 lambda=0.000 grl_lambda=1.000 v18_lambda=0.000 gpu=3.0/11.8GB
[00:46:33] [train] ep=92 step=020/40 ce=0.3358 sc=0.8622 mi=0.0541 dn=0.0000 v13=0.0003 grl=0.0679 v15=0.0000 v15r=0.0000 v16=0.0000 v17=0.0000 v18=0.0000 acc=0.9969 lr=5.68e-06 lambda=0.000 grl_lambda=1.000 v18_lambda=0.000 gpu=3.0/11.8GB
[00:46:39] [train] ep=92 step=030/40 ce=0.3275 sc=0.8298 mi=0.0546 dn=0.0000 v13=0.0003 grl=0.0691 v15=0.0000 v15r=0.0000 v16=0.0000 v17=0.0000 v18=0.0000 acc=0.9979 lr=5.35e-06 lambda=0.000 grl_lambda=1.000 v18_lambda=0.000 gpu=3.0/11.8GB
[00:46:45] [train] ep=92 step=040/40 ce=0.3480 sc=0.8498 mi=0.0542 dn=0.0000 v13=0.0003 grl=0.0696 v15=0.0000 v15r=0.0000 v16=0.0000 v17=0.0000 v18=0.0000 acc=0.9938 lr=5.04e-06 lambda=0.000 grl_lambda=1.000 v18_lambda=0.000 gpu=3.0/11.8GB
[00:46:56] [ep_summary] ep=92/100 val_live=0.9815/0.9817 val_ema=0.9877/0.9878 test77_live=0.8561/0.8489 test77_diag_ema=0.8417/0.8311 v13=0.0003 grl=0.0696 v15=0.0000 v15r=0.0000 v16=0.0000 v17=0.0000 v18=0.0000 das=fixed_narrow[10,30] p=1.00 ep_time=34.2s
[00:46:56] [train] epoch 93/100 steps=40 use_dann=0 das=fixed_narrow f=[10.0,30.0] p=1.00 gpu=3.0/11.8GB
[00:46:56] [train] ep=93 step=001/40 ce=0.2564 sc=0.9900 mi=0.0526 dn=0.0000 v13=0.0003 grl=0.0803 v15=0.0000 v15r=0.0000 v16=0.0000 v17=0.0000 v18=0.0000 acc=1.0000 lr=5.01e-06 lambda=0.000 grl_lambda=1.000 v18_lambda=0.000 gpu=3.0/11.8GB
[00:47:02] [train] ep=93 step=010/40 ce=0.4802 sc=0.8557 mi=0.0524 dn=0.0000 v13=0.0003 grl=0.0624 v15=0.0000 v15r=0.0000 v16=0.0000 v17=0.0000 v18=0.0000 acc=0.9875 lr=4.73e-06 lambda=0.000 grl_lambda=1.000 v18_lambda=0.000 gpu=3.0/11.8GB
[00:47:07] [train] ep=93 step=020/40 ce=0.4583 sc=0.8830 mi=0.0509 dn=0.0000 v13=0.0003 grl=0.0724 v15=0.0000 v15r=0.0000 v16=0.0000 v17=0.0000 v18=0.0000 acc=0.9844 lr=4.43e-06 lambda=0.000 grl_lambda=1.000 v18_lambda=0.000 gpu=3.0/11.8GB
[00:47:13] [train] ep=93 step=030/40 ce=0.4003 sc=0.8457 mi=0.0513 dn=0.0000 v13=0.0003 grl=0.0691 v15=0.0000 v15r=0.0000 v16=0.0000 v17=0.0000 v18=0.0000 acc=0.9896 lr=4.14e-06 lambda=0.000 grl_lambda=1.000 v18_lambda=0.000 gpu=3.0/11.8GB
[00:47:19] [train] ep=93 step=040/40 ce=0.3946 sc=0.8342 mi=0.0523 dn=0.0000 v13=0.0003 grl=0.0703 v15=0.0000 v15r=0.0000 v16=0.0000 v17=0.0000 v18=0.0000 acc=0.9906 lr=3.87e-06 lambda=0.000 grl_lambda=1.000 v18_lambda=0.000 gpu=3.0/11.8GB
[00:47:30] [ep_summary] ep=93/100 val_live=0.9815/0.9817 val_ema=0.9877/0.9878 test77_live=0.8525/0.8442 test77_diag_ema=0.8453/0.8361 v13=0.0003 grl=0.0703 v15=0.0000 v15r=0.0000 v16=0.0000 v17=0.0000 v18=0.0000 das=fixed_narrow[10,30] p=1.00 ep_time=34.4s
[00:47:30] [save] best_sourcequalified77_ema ep=93 source_val_live=0.9815/0.9817 source_val_ema=0.9877/0.9878 test77_ema=0.8453/0.8361
[00:47:30] [train] epoch 94/100 steps=40 use_dann=0 das=fixed_narrow f=[10.0,30.0] p=1.00 gpu=3.0/11.8GB
[00:47:31] [train] ep=94 step=001/40 ce=0.2727 sc=0.6594 mi=0.0507 dn=0.0000 v13=0.0003 grl=0.0954 v15=0.0000 v15r=0.0000 v16=0.0000 v17=0.0000 v18=0.0000 acc=1.0000 lr=3.84e-06 lambda=0.000 grl_lambda=1.000 v18_lambda=0.000 gpu=3.0/11.8GB
[00:47:36] [train] ep=94 step=010/40 ce=0.2833 sc=0.7532 mi=0.0545 dn=0.0000 v13=0.0004 grl=0.0864 v15=0.0000 v15r=0.0000 v16=0.0000 v17=0.0000 v18=0.0000 acc=1.0000 lr=3.60e-06 lambda=0.000 grl_lambda=1.000 v18_lambda=0.000 gpu=3.0/11.8GB
[00:47:42] [train] ep=94 step=020/40 ce=0.2797 sc=0.7527 mi=0.0546 dn=0.0000 v13=0.0004 grl=0.0766 v15=0.0000 v15r=0.0000 v16=0.0000 v17=0.0000 v18=0.0000 acc=1.0000 lr=3.34e-06 lambda=0.000 grl_lambda=1.000 v18_lambda=0.000 gpu=3.0/11.8GB
[00:47:48] [train] ep=94 step=030/40 ce=0.2724 sc=0.7123 mi=0.0547 dn=0.0000 v13=0.0003 grl=0.0741 v15=0.0000 v15r=0.0000 v16=0.0000 v17=0.0000 v18=0.0000 acc=1.0000 lr=3.09e-06 lambda=0.000 grl_lambda=1.000 v18_lambda=0.000 gpu=3.0/11.8GB
[00:47:54] [train] ep=94 step=040/40 ce=0.2744 sc=0.7173 mi=0.0548 dn=0.0000 v13=0.0003 grl=0.0724 v15=0.0000 v15r=0.0000 v16=0.0000 v17=0.0000 v18=0.0000 acc=1.0000 lr=2.85e-06 lambda=0.000 grl_lambda=1.000 v18_lambda=0.000 gpu=3.0/11.8GB
[00:48:04] [ep_summary] ep=94/100 val_live=0.9815/0.9817 val_ema=0.9877/0.9878 test77_live=0.8489/0.8396 test77_diag_ema=0.8453/0.8361 v13=0.0003 grl=0.0724 v15=0.0000 v15r=0.0000 v16=0.0000 v17=0.0000 v18=0.0000 das=fixed_narrow[10,30] p=1.00 ep_time=34.3s
[00:48:04] [train] epoch 95/100 steps=40 use_dann=0 das=fixed_narrow f=[10.0,30.0] p=1.00 gpu=3.0/11.8GB
[00:48:05] [train] ep=95 step=001/40 ce=0.2566 sc=0.6325 mi=0.0476 dn=0.0000 v13=0.0003 grl=0.0838 v15=0.0000 v15r=0.0000 v16=0.0000 v17=0.0000 v18=0.0000 acc=1.0000 lr=2.82e-06 lambda=0.000 grl_lambda=1.000 v18_lambda=0.000 gpu=3.0/11.8GB
[00:48:10] [train] ep=95 step=010/40 ce=0.3710 sc=0.7671 mi=0.0536 dn=0.0000 v13=0.0003 grl=0.0814 v15=0.0000 v15r=0.0000 v16=0.0000 v17=0.0000 v18=0.0000 acc=0.9938 lr=2.62e-06 lambda=0.000 grl_lambda=1.000 v18_lambda=0.000 gpu=3.0/11.8GB
[00:48:16] [train] ep=95 step=020/40 ce=0.3290 sc=0.7437 mi=0.0531 dn=0.0000 v13=0.0004 grl=0.0736 v15=0.0000 v15r=0.0000 v16=0.0000 v17=0.0000 v18=0.0000 acc=0.9969 lr=2.40e-06 lambda=0.000 grl_lambda=1.000 v18_lambda=0.000 gpu=3.0/11.8GB
[00:48:22] [train] ep=95 step=030/40 ce=0.3064 sc=0.7571 mi=0.0529 dn=0.0000 v13=0.0003 grl=0.0769 v15=0.0000 v15r=0.0000 v16=0.0000 v17=0.0000 v18=0.0000 acc=0.9979 lr=2.18e-06 lambda=0.000 grl_lambda=1.000 v18_lambda=0.000 gpu=3.0/11.8GB
[00:48:28] [train] ep=95 step=040/40 ce=0.3052 sc=0.7663 mi=0.0522 dn=0.0000 v13=0.0003 grl=0.0792 v15=0.0000 v15r=0.0000 v16=0.0000 v17=0.0000 v18=0.0000 acc=0.9969 lr=1.98e-06 lambda=0.000 grl_lambda=1.000 v18_lambda=0.000 gpu=3.0/11.8GB
[00:48:39] [ep_summary] ep=95/100 val_live=0.9815/0.9817 val_ema=0.9877/0.9878 test77_live=0.8489/0.8394 test77_diag_ema=0.8453/0.8361 v13=0.0003 grl=0.0792 v15=0.0000 v15r=0.0000 v16=0.0000 v17=0.0000 v18=0.0000 das=fixed_narrow[10,30] p=1.00 ep_time=34.3s
[00:48:39] [train] epoch 96/100 steps=40 use_dann=0 das=fixed_narrow f=[10.0,30.0] p=1.00 gpu=3.0/11.8GB
[00:48:39] [train] ep=96 step=001/40 ce=0.2565 sc=0.8234 mi=0.0476 dn=0.0000 v13=0.0004 grl=0.0738 v15=0.0000 v15r=0.0000 v16=0.0000 v17=0.0000 v18=0.0000 acc=1.0000 lr=1.96e-06 lambda=0.000 grl_lambda=1.000 v18_lambda=0.000 gpu=3.0/11.8GB
[00:48:45] [train] ep=96 step=010/40 ce=0.3594 sc=0.7207 mi=0.0526 dn=0.0000 v13=0.0004 grl=0.0645 v15=0.0000 v15r=0.0000 v16=0.0000 v17=0.0000 v18=0.0000 acc=0.9938 lr=1.79e-06 lambda=0.000 grl_lambda=1.000 v18_lambda=0.000 gpu=3.0/11.8GB
[00:48:51] [train] ep=96 step=020/40 ce=0.3451 sc=0.7052 mi=0.0531 dn=0.0000 v13=0.0004 grl=0.0644 v15=0.0000 v15r=0.0000 v16=0.0000 v17=0.0000 v18=0.0000 acc=0.9938 lr=1.61e-06 lambda=0.000 grl_lambda=1.000 v18_lambda=0.000 gpu=3.0/11.8GB
[00:48:56] [train] ep=96 step=030/40 ce=0.3755 sc=0.7739 mi=0.0535 dn=0.0000 v13=0.0004 grl=0.0671 v15=0.0000 v15r=0.0000 v16=0.0000 v17=0.0000 v18=0.0000 acc=0.9917 lr=1.44e-06 lambda=0.000 grl_lambda=1.000 v18_lambda=0.000 gpu=3.0/11.8GB
[00:49:02] [train] ep=96 step=040/40 ce=0.3689 sc=0.7791 mi=0.0533 dn=0.0000 v13=0.0003 grl=0.0662 v15=0.0000 v15r=0.0000 v16=0.0000 v17=0.0000 v18=0.0000 acc=0.9922 lr=1.27e-06 lambda=0.000 grl_lambda=1.000 v18_lambda=0.000 gpu=3.0/11.8GB
[00:49:13] [ep_summary] ep=96/100 val_live=0.9815/0.9817 val_ema=0.9877/0.9878 test77_live=0.8453/0.8348 test77_diag_ema=0.8453/0.8359 v13=0.0003 grl=0.0662 v15=0.0000 v15r=0.0000 v16=0.0000 v17=0.0000 v18=0.0000 das=fixed_narrow[10,30] p=1.00 ep_time=34.3s
[00:49:13] [train] epoch 97/100 steps=40 use_dann=0 das=fixed_narrow f=[10.0,30.0] p=1.00 gpu=3.0/11.8GB
[00:49:14] [train] ep=97 step=001/40 ce=0.2577 sc=0.6156 mi=0.0651 dn=0.0000 v13=0.0004 grl=0.0990 v15=0.0000 v15r=0.0000 v16=0.0000 v17=0.0000 v18=0.0000 acc=1.0000 lr=1.26e-06 lambda=0.000 grl_lambda=1.000 v18_lambda=0.000 gpu=3.0/11.8GB
[00:49:19] [train] ep=97 step=010/40 ce=0.3431 sc=0.8561 mi=0.0550 dn=0.0000 v13=0.0003 grl=0.0741 v15=0.0000 v15r=0.0000 v16=0.0000 v17=0.0000 v18=0.0000 acc=0.9938 lr=1.12e-06 lambda=0.000 grl_lambda=1.000 v18_lambda=0.000 gpu=3.0/11.8GB
[00:49:25] [train] ep=97 step=020/40 ce=0.3008 sc=0.7527 mi=0.0541 dn=0.0000 v13=0.0004 grl=0.0739 v15=0.0000 v15r=0.0000 v16=0.0000 v17=0.0000 v18=0.0000 acc=0.9969 lr=9.76e-07 lambda=0.000 grl_lambda=1.000 v18_lambda=0.000 gpu=3.0/11.8GB
[00:49:31] [train] ep=97 step=030/40 ce=0.2864 sc=0.7636 mi=0.0539 dn=0.0000 v13=0.0004 grl=0.0715 v15=0.0000 v15r=0.0000 v16=0.0000 v17=0.0000 v18=0.0000 acc=0.9979 lr=8.43e-07 lambda=0.000 grl_lambda=1.000 v18_lambda=0.000 gpu=3.0/11.8GB
[00:49:36] [train] ep=97 step=040/40 ce=0.2791 sc=0.7556 mi=0.0530 dn=0.0000 v13=0.0004 grl=0.0726 v15=0.0000 v15r=0.0000 v16=0.0000 v17=0.0000 v18=0.0000 acc=0.9984 lr=7.19e-07 lambda=0.000 grl_lambda=1.000 v18_lambda=0.000 gpu=3.0/11.8GB
[00:49:47] [ep_summary] ep=97/100 val_live=0.9815/0.9817 val_ema=0.9877/0.9878 test77_live=0.8489/0.8400 test77_diag_ema=0.8453/0.8359 v13=0.0004 grl=0.0726 v15=0.0000 v15r=0.0000 v16=0.0000 v17=0.0000 v18=0.0000 das=fixed_narrow[10,30] p=1.00 ep_time=34.2s
[00:49:47] [train] epoch 98/100 steps=40 use_dann=0 das=fixed_narrow f=[10.0,30.0] p=1.00 gpu=3.0/11.8GB
[00:49:48] [train] ep=98 step=001/40 ce=0.9136 sc=0.9350 mi=0.0542 dn=0.0000 v13=0.0005 grl=0.1544 v15=0.0000 v15r=0.0000 v16=0.0000 v17=0.0000 v18=0.0000 acc=0.9375 lr=7.07e-07 lambda=0.000 grl_lambda=1.000 v18_lambda=0.000 gpu=3.0/11.8GB
[00:49:53] [train] ep=98 step=010/40 ce=0.5081 sc=0.8177 mi=0.0557 dn=0.0000 v13=0.0003 grl=0.0809 v15=0.0000 v15r=0.0000 v16=0.0000 v17=0.0000 v18=0.0000 acc=0.9812 lr=6.05e-07 lambda=0.000 grl_lambda=1.000 v18_lambda=0.000 gpu=3.0/11.8GB
[00:49:59] [train] ep=98 step=020/40 ce=0.3854 sc=0.8336 mi=0.0538 dn=0.0000 v13=0.0003 grl=0.0761 v15=0.0000 v15r=0.0000 v16=0.0000 v17=0.0000 v18=0.0000 acc=0.9906 lr=5.01e-07 lambda=0.000 grl_lambda=1.000 v18_lambda=0.000 gpu=3.0/11.8GB
[00:50:05] [train] ep=98 step=030/40 ce=0.3773 sc=0.8485 mi=0.0546 dn=0.0000 v13=0.0003 grl=0.0757 v15=0.0000 v15r=0.0000 v16=0.0000 v17=0.0000 v18=0.0000 acc=0.9917 lr=4.07e-07 lambda=0.000 grl_lambda=1.000 v18_lambda=0.000 gpu=3.0/11.8GB
[00:50:11] [train] ep=98 step=040/40 ce=0.3473 sc=0.8374 mi=0.0553 dn=0.0000 v13=0.0003 grl=0.0782 v15=0.0000 v15r=0.0000 v16=0.0000 v17=0.0000 v18=0.0000 acc=0.9938 lr=3.22e-07 lambda=0.000 grl_lambda=1.000 v18_lambda=0.000 gpu=3.0/11.8GB
[00:50:22] [ep_summary] ep=98/100 val_live=0.9815/0.9817 val_ema=0.9877/0.9878 test77_live=0.8489/0.8400 test77_diag_ema=0.8453/0.8359 v13=0.0003 grl=0.0782 v15=0.0000 v15r=0.0000 v16=0.0000 v17=0.0000 v18=0.0000 das=fixed_narrow[10,30] p=1.00 ep_time=34.4s
[00:50:22] [train] epoch 99/100 steps=40 use_dann=0 das=fixed_narrow f=[10.0,30.0] p=1.00 gpu=3.0/11.8GB
[00:50:22] [train] ep=99 step=001/40 ce=0.2559 sc=0.8588 mi=0.0460 dn=0.0000 v13=0.0003 grl=0.0650 v15=0.0000 v15r=0.0000 v16=0.0000 v17=0.0000 v18=0.0000 acc=1.0000 lr=3.15e-07 lambda=0.000 grl_lambda=1.000 v18_lambda=0.000 gpu=3.0/11.8GB
[00:50:27] [train] ep=99 step=010/40 ce=0.2670 sc=0.8258 mi=0.0519 dn=0.0000 v13=0.0003 grl=0.0709 v15=0.0000 v15r=0.0000 v16=0.0000 v17=0.0000 v18=0.0000 acc=1.0000 lr=2.48e-07 lambda=0.000 grl_lambda=1.000 v18_lambda=0.000 gpu=3.0/11.8GB
[00:50:33] [train] ep=99 step=020/40 ce=0.2820 sc=0.7882 mi=0.0532 dn=0.0000 v13=0.0003 grl=0.0696 v15=0.0000 v15r=0.0000 v16=0.0000 v17=0.0000 v18=0.0000 acc=0.9969 lr=1.83e-07 lambda=0.000 grl_lambda=1.000 v18_lambda=0.000 gpu=3.0/11.8GB
[00:50:39] [train] ep=99 step=030/40 ce=0.3176 sc=0.8218 mi=0.0529 dn=0.0000 v13=0.0003 grl=0.0683 v15=0.0000 v15r=0.0000 v16=0.0000 v17=0.0000 v18=0.0000 acc=0.9958 lr=1.28e-07 lambda=0.000 grl_lambda=1.000 v18_lambda=0.000 gpu=3.0/11.8GB
[00:50:45] [train] ep=99 step=040/40 ce=0.3549 sc=0.8556 mi=0.0526 dn=0.0000 v13=0.0003 grl=0.0725 v15=0.0000 v15r=0.0000 v16=0.0000 v17=0.0000 v18=0.0000 acc=0.9922 lr=8.26e-08 lambda=0.000 grl_lambda=1.000 v18_lambda=0.000 gpu=3.0/11.8GB
[00:50:56] [ep_summary] ep=99/100 val_live=0.9815/0.9817 val_ema=0.9877/0.9878 test77_live=0.8489/0.8400 test77_diag_ema=0.8417/0.8323 v13=0.0003 grl=0.0725 v15=0.0000 v15r=0.0000 v16=0.0000 v17=0.0000 v18=0.0000 das=fixed_narrow[10,30] p=1.00 ep_time=34.2s
[00:50:56] [train] epoch 100/100 steps=40 use_dann=0 das=fixed_narrow f=[10.0,30.0] p=1.00 gpu=3.0/11.8GB
[00:50:56] [train] ep=100 step=001/40 ce=0.2592 sc=1.0491 mi=0.0589 dn=0.0000 v13=0.0004 grl=0.0512 v15=0.0000 v15r=0.0000 v16=0.0000 v17=0.0000 v18=0.0000 acc=1.0000 lr=7.87e-08 lambda=0.000 grl_lambda=1.000 v18_lambda=0.000 gpu=3.0/11.8GB
[00:51:02] [train] ep=100 step=010/40 ce=0.2982 sc=0.7469 mi=0.0532 dn=0.0000 v13=0.0004 grl=0.0704 v15=0.0000 v15r=0.0000 v16=0.0000 v17=0.0000 v18=0.0000 acc=0.9938 lr=4.72e-08 lambda=0.000 grl_lambda=1.000 v18_lambda=0.000 gpu=3.0/11.8GB
[00:51:08] [train] ep=100 step=020/40 ce=0.2783 sc=0.7540 mi=0.0519 dn=0.0000 v13=0.0004 grl=0.0731 v15=0.0000 v15r=0.0000 v16=0.0000 v17=0.0000 v18=0.0000 acc=0.9969 lr=2.17e-08 lambda=0.000 grl_lambda=1.000 v18_lambda=0.000 gpu=3.0/11.8GB
[00:51:13] [train] ep=100 step=030/40 ce=0.2912 sc=0.7863 mi=0.0519 dn=0.0000 v13=0.0003 grl=0.0707 v15=0.0000 v15r=0.0000 v16=0.0000 v17=0.0000 v18=0.0000 acc=0.9958 lr=5.95e-09 lambda=0.000 grl_lambda=1.000 v18_lambda=0.000 gpu=3.0/11.8GB
[00:51:19] [train] ep=100 step=040/40 ce=0.2928 sc=0.7795 mi=0.0533 dn=0.0000 v13=0.0003 grl=0.0681 v15=0.0000 v15r=0.0000 v16=0.0000 v17=0.0000 v18=0.0000 acc=0.9953 lr=4.92e-11 lambda=0.000 grl_lambda=1.000 v18_lambda=0.000 gpu=3.0/11.8GB
[00:51:30] [pool] check ep=100/100 source_val_acc_ema=0.9877 threshold=0.90
[00:51:35] [pool] ep=100 ADDED src_val=0.9877/0.9878 dev77=0.8071/0.7949 final77=0.8417/0.8320
[00:51:35] [pool] running best ep=100 dev77_f1=0.7949 final77_f1=0.8320 (pool_size=7)
[00:51:35] [ep_summary] ep=100/100 val_live=0.9815/0.9817 val_ema=0.9877/0.9878 test77_live=0.8489/0.8400 test77_diag_ema=0.8417/0.8320 v13=0.0003 grl=0.0681 v15=0.0000 v15r=0.0000 v16=0.0000 v17=0.0000 v18=0.0000 das=fixed_narrow[10,30] p=1.00 ep_time=39.4s
[00:51:35] [strict77_monitor] ep=100 best_source_epoch=58 source_val_ema=0.9877/0.9878 test77_ema_diag=0.7410/0.7125 sourcequalified_count=65 best_sourcequalified77_epoch=93 source_val_ema=0.9877/0.9878 test77_ema=0.8453/0.8361
[00:51:35] [pool] FINAL pool_size=7 best ep=100 dev77_f1=0.7949 final77_f1=0.8320 -> /scratch/st-zliu-1/heqingz/CrossCarrier_Fresh_20260922/CrossCarrier_Repro/EXPERIMENTSRESULT/REVISION_5090/SUPP_ABLATION/SCHED_fixednarrow_ACR/seed31415/checkpoints/best_pool_ema.pt
[00:51:35] [train] done best_sourceval_acc_ema=0.9877
[00:51:58] [eval] loaded vit_large_patch16_dinov3_lvd1689m_best_sourceval_ema.pt (sourceval)
[00:51:58] [eval] strict source-val selected by ema acc; heldout77_unused=140 final_test77=278 imgs, seed=42 dev_per_class=20
[00:52:02] [eval] 77GHz final-test acc=0.7410 f1=0.7125
[00:52:02] [eval] 77GHz final-test per-class={'Away': 1.0, 'Bend': 0.9487179487179487, 'Kneel': 0.7380952380952381, 'Pick': 0.425, 'SStep': 1.0, 'Sit': 0.16216216216216217, 'Towards': 0.875}
[00:52:04] [eval] val_all acc=0.9877 f1=0.9878
[00:52:05] [freq_scan:val10] f_virt=15GHz acc=0.9615 f1=0.9642
[00:52:06] [freq_scan:val10] f_virt=30GHz acc=0.9615 f1=0.9642
[00:52:08] [freq_scan:val10] f_virt=50GHz acc=0.9487 f1=0.9524
[00:52:10] [freq_scan:val10] f_virt=77GHz acc=0.8846 f1=0.8911
[00:52:11] [freq_scan:val10] f_virt=99GHz acc=0.8590 f1=0.8701
[00:52:13] [freq_scan:val10] f_virt=120GHz acc=0.7564 f1=0.7713
[00:52:14] [freq_scan:val10] f_virt=140GHz acc=0.6923 f1=0.7129
[00:52:15] [freq_scan:val24] f_virt=15GHz acc=0.9881 f1=0.9876
[00:52:17] [freq_scan:val24] f_virt=30GHz acc=0.9643 f1=0.9637
[00:52:18] [freq_scan:val24] f_virt=50GHz acc=0.9524 f1=0.9523
[00:52:19] [freq_scan:val24] f_virt=77GHz acc=0.7619 f1=0.7405
[00:52:21] [freq_scan:val24] f_virt=99GHz acc=0.6190 f1=0.5561
[00:52:22] [freq_scan:val24] f_virt=120GHz acc=0.4762 f1=0.3973
[00:52:24] [freq_scan:val24] f_virt=140GHz acc=0.5000 f1=0.4259
[00:52:24] [eval] saved eval_sourceval.json
[00:52:36] [eval] loaded vit_large_patch16_dinov3_lvd1689m_best_sourcequalified77_ema.pt (sourcequalified)
[00:52:36] [eval] source-qualified diagnostic selected (source-val ema acc >= 0.90, then best 77GHz ema macro-F1); heldout77_unused=140 final_test77=278 imgs, seed=42 dev_per_class=20
[00:52:39] [eval] 77GHz final-test acc=0.8453 f1=0.8361
[00:52:39] [eval] 77GHz final-test per-class={'Away': 1.0, 'Bend': 0.7692307692307693, 'Kneel': 0.9285714285714286, 'Pick': 0.725, 'SStep': 1.0, 'Sit': 0.4864864864864865, 'Towards': 0.975}
[00:52:41] [eval] val_all acc=0.9877 f1=0.9878
[00:52:43] [freq_scan:val10] f_virt=15GHz acc=0.9744 f1=0.9760
[00:52:44] [freq_scan:val10] f_virt=30GHz acc=0.9872 f1=0.9881
[00:52:45] [freq_scan:val10] f_virt=50GHz acc=0.9487 f1=0.9478
[00:52:47] [freq_scan:val10] f_virt=77GHz acc=0.9231 f1=0.9189
[00:52:48] [freq_scan:val10] f_virt=99GHz acc=0.8846 f1=0.8867
[00:52:49] [freq_scan:val10] f_virt=120GHz acc=0.8462 f1=0.8503
[00:52:51] [freq_scan:val10] f_virt=140GHz acc=0.8333 f1=0.8390
[00:52:52] [freq_scan:val24] f_virt=15GHz acc=0.9881 f1=0.9876
[00:52:53] [freq_scan:val24] f_virt=30GHz acc=0.9881 f1=0.9876
[00:52:54] [freq_scan:val24] f_virt=50GHz acc=0.9524 f1=0.9513
[00:52:56] [freq_scan:val24] f_virt=77GHz acc=0.7976 f1=0.7727
[00:52:57] [freq_scan:val24] f_virt=99GHz acc=0.6429 f1=0.5973
[00:52:58] [freq_scan:val24] f_virt=120GHz acc=0.5595 f1=0.5153
[00:53:00] [freq_scan:val24] f_virt=140GHz acc=0.5119 f1=0.4618
[00:53:00] [eval] saved eval_sourcequalified.json
