[23:50:33] run_dir=/scratch/st-zliu-1/heqingz/CrossCarrier_Fresh_20260922/CrossCarrier_Repro/EXPERIMENTSRESULT/REVISION_5090/SUPP_ABLATION/SCHED_fixednarrow_ACR/seed1234
[23:50:33] device=cuda
[23:50:33] backbone=vit_large_patch16_dinov3.lvd1689m
[23:50:33] env: manifest_dir=/scratch/st-zliu-1/heqingz/CrossCarrier_Fresh_20260922/CrossCarrier_Repro/tasks/known_people_unknown_freq/manifest dataset_root=/scratch/st-zliu-1/heqingz/CrossCarrier_Fresh_20260922/CrossCarrier_Repro use_dann=False selection=source_val_acc_ema adapter_mode=lora
[23:50:33] set_seed(1234)
[23:50:50] [fast_gpu] source cache 644 imgs (0.39GB) on cuda
[23:50:50] train_source=644 train_src_rows=10:302 24:342 source_steps/epoch=40 val_all=162 heldout77_unused=140 test77_final=278
[23:50:50] [test77_split] seed=42 dev_per_class=20
[23:52:35] trainable params=2444546 (encoder_lora+neck+head + miro_proj+v15_falsification+v13_residual_split+v13_grl_carrier_adv)
[23:52:35] logit_prior=[-1.9678890705108643, -1.913821816444397, -1.8427258729934692, -1.9678890705108643, -2.0133514404296875, -1.8929877281188965, -2.036881923675537]
[23:52:35] use_dann=False
[23:52:35] use_das=True
[23:52:35] das_mode=fixed_narrow initial_stage={'name': 'fixed_narrow', 'p': 1.0, 'f_low': 10.0, 'f_high': 30.0}
[23:52:35] aug_flags: USE_HFT=True USE_SPEC_AUGMENT=True
[23:52:35] adapter_mode=lora
[23:52:35] schedule: epochs=100 steps/epoch=40 imgs/step=16 total_steps=4000 total_imgs=64000 warmup_steps=120
[23:52:35] source_qualified_policy: val_acc_ema>=0.90 candidates are recorded; best candidate by 77GHz F1 is saved as diagnostic
[23:52:35] [pool] init threshold=0.90 period=10 selection=dev77_f1
[23:52:35] [train] epoch 1/100 steps=40 use_dann=0 das=fixed_narrow f=[10.0,30.0] p=1.00 gpu=3.0/3.0GB
[23:52:44] [train] ep=01 step=001/40 ce=8.2715 sc=2.9102 mi=1.0590 dn=0.0000 v13=0.0039 grl=1.9482 v15=0.0000 v15r=0.0000 v16=0.0000 v17=0.0000 v18=0.0000 acc=0.0000 lr=2.50e-06 lambda=0.000 grl_lambda=0.000 v18_lambda=0.000 gpu=3.0/11.8GB
[23:52:50] [train] ep=01 step=010/40 ce=8.0324 sc=2.8037 mi=1.0451 dn=0.0000 v13=0.0050 grl=2.0082 v15=0.0000 v15r=0.0000 v16=0.0000 v17=0.0000 v18=0.0000 acc=0.1000 lr=2.50e-05 lambda=0.000 grl_lambda=0.011 v18_lambda=0.000 gpu=3.0/11.8GB
[23:52:55] [train] ep=01 step=020/40 ce=7.9555 sc=2.7954 mi=0.9992 dn=0.0000 v13=0.0045 grl=1.9117 v15=0.0000 v15r=0.0000 v16=0.0000 v17=0.0000 v18=0.0000 acc=0.1187 lr=5.00e-05 lambda=0.000 grl_lambda=0.024 v18_lambda=0.000 gpu=3.0/11.8GB
[23:53:01] [train] ep=01 step=030/40 ce=7.8974 sc=2.7850 mi=0.9278 dn=0.0000 v13=0.0038 grl=1.7537 v15=0.0000 v15r=0.0000 v16=0.0000 v17=0.0000 v18=0.0000 acc=0.1292 lr=7.50e-05 lambda=0.000 grl_lambda=0.036 v18_lambda=0.000 gpu=3.0/11.8GB
[23:53:07] [train] ep=01 step=040/40 ce=7.8295 sc=2.7824 mi=0.8391 dn=0.0000 v13=0.0037 grl=1.5281 v15=0.0000 v15r=0.0000 v16=0.0000 v17=0.0000 v18=0.0000 acc=0.1422 lr=1.00e-04 lambda=0.000 grl_lambda=0.049 v18_lambda=0.000 gpu=3.0/11.8GB
[23:53:12] [ep_summary] ep=01/100 val_live=0.1728/0.0785 val_ema=0.0000/0.0000 test77_live=0.1403/0.0352 test77_diag_ema=0.0000/0.0000 v13=0.0037 grl=1.5281 v15=0.0000 v15r=0.0000 v16=0.0000 v17=0.0000 v18=0.0000 das=fixed_narrow[10,30] p=1.00 ep_time=37.0s
[23:53:12] [train] epoch 2/100 steps=40 use_dann=0 das=fixed_narrow f=[10.0,30.0] p=1.00 gpu=3.0/11.8GB
[23:53:13] [train] ep=02 step=001/40 ce=7.3297 sc=2.5447 mi=0.4604 dn=0.0000 v13=0.0016 grl=0.6149 v15=0.0000 v15r=0.0000 v16=0.0000 v17=0.0000 v18=0.0000 acc=0.3125 lr=1.02e-04 lambda=0.000 grl_lambda=0.050 v18_lambda=0.000 gpu=3.0/11.8GB
[23:53:18] [train] ep=02 step=010/40 ce=7.3431 sc=2.7786 mi=0.3907 dn=0.0000 v13=0.0026 grl=0.2409 v15=0.0000 v15r=0.0000 v16=0.0000 v17=0.0000 v18=0.0000 acc=0.3125 lr=1.25e-04 lambda=0.000 grl_lambda=0.061 v18_lambda=0.000 gpu=3.0/11.8GB
[23:53:23] [train] ep=02 step=020/40 ce=7.2686 sc=2.7535 mi=0.3301 dn=0.0000 v13=0.0028 grl=0.1943 v15=0.0000 v15r=0.0000 v16=0.0000 v17=0.0000 v18=0.0000 acc=0.3187 lr=1.50e-04 lambda=0.000 grl_lambda=0.074 v18_lambda=0.000 gpu=3.0/11.8GB
[23:53:29] [train] ep=02 step=030/40 ce=7.1015 sc=2.7154 mi=0.2922 dn=0.0000 v13=0.0026 grl=0.1727 v15=0.0000 v15r=0.0000 v16=0.0000 v17=0.0000 v18=0.0000 acc=0.3438 lr=1.75e-04 lambda=0.000 grl_lambda=0.086 v18_lambda=0.000 gpu=3.0/11.8GB
[23:53:35] [train] ep=02 step=040/40 ce=6.9223 sc=2.6656 mi=0.2665 dn=0.0000 v13=0.0023 grl=0.1606 v15=0.0000 v15r=0.0000 v16=0.0000 v17=0.0000 v18=0.0000 acc=0.3750 lr=2.00e-04 lambda=0.000 grl_lambda=0.098 v18_lambda=0.000 gpu=3.0/11.8GB
[23:53:40] [ep_summary] ep=02/100 val_live=0.4136/0.3497 val_ema=0.0000/0.0000 test77_live=0.2446/0.1487 test77_diag_ema=0.0000/0.0000 v13=0.0023 grl=0.1606 v15=0.0000 v15r=0.0000 v16=0.0000 v17=0.0000 v18=0.0000 das=fixed_narrow[10,30] p=1.00 ep_time=27.8s
[23:53:40] [train] epoch 3/100 steps=40 use_dann=0 das=fixed_narrow f=[10.0,30.0] p=1.00 gpu=3.0/11.8GB
[23:53:40] [train] ep=03 step=001/40 ce=6.2241 sc=2.7266 mi=0.1747 dn=0.0000 v13=0.0010 grl=0.1322 v15=0.0000 v15r=0.0000 v16=0.0000 v17=0.0000 v18=0.0000 acc=0.6250 lr=2.02e-04 lambda=0.000 grl_lambda=0.100 v18_lambda=0.000 gpu=3.0/11.8GB
[23:53:45] [train] ep=03 step=010/40 ce=5.6844 sc=2.2987 mi=0.1867 dn=0.0000 v13=0.0011 grl=0.1399 v15=0.0000 v15r=0.0000 v16=0.0000 v17=0.0000 v18=0.0000 acc=0.6062 lr=2.25e-04 lambda=0.000 grl_lambda=0.111 v18_lambda=0.000 gpu=3.0/11.8GB
[23:53:51] [train] ep=03 step=020/40 ce=5.4113 sc=2.2321 mi=0.1946 dn=0.0000 v13=0.0012 grl=0.1593 v15=0.0000 v15r=0.0000 v16=0.0000 v17=0.0000 v18=0.0000 acc=0.6000 lr=2.50e-04 lambda=0.000 grl_lambda=0.123 v18_lambda=0.000 gpu=3.0/11.8GB
[23:53:57] [train] ep=03 step=030/40 ce=4.8524 sc=2.0810 mi=0.1998 dn=0.0000 v13=0.0014 grl=0.1668 v15=0.0000 v15r=0.0000 v16=0.0000 v17=0.0000 v18=0.0000 acc=0.6479 lr=2.75e-04 lambda=0.000 grl_lambda=0.135 v18_lambda=0.000 gpu=3.0/11.8GB
[23:54:03] [train] ep=03 step=040/40 ce=4.5817 sc=1.9634 mi=0.1980 dn=0.0000 v13=0.0014 grl=0.1649 v15=0.0000 v15r=0.0000 v16=0.0000 v17=0.0000 v18=0.0000 acc=0.6672 lr=3.00e-04 lambda=0.000 grl_lambda=0.148 v18_lambda=0.000 gpu=3.0/11.8GB
[23:54:08] [ep_summary] ep=03/100 val_live=0.5741/0.5147 val_ema=0.0000/0.0000 test77_live=0.2878/0.1991 test77_diag_ema=0.0000/0.0000 v13=0.0014 grl=0.1649 v15=0.0000 v15r=0.0000 v16=0.0000 v17=0.0000 v18=0.0000 das=fixed_narrow[10,30] p=1.00 ep_time=27.8s
[23:54:08] [train] epoch 4/100 steps=40 use_dann=0 das=fixed_narrow f=[10.0,30.0] p=1.00 gpu=3.0/11.8GB
[23:54:08] [train] ep=04 step=001/40 ce=4.9499 sc=2.0034 mi=0.1789 dn=0.0000 v13=0.0014 grl=0.1075 v15=0.0000 v15r=0.0000 v16=0.0000 v17=0.0000 v18=0.0000 acc=0.6250 lr=3.00e-04 lambda=0.000 grl_lambda=0.149 v18_lambda=0.000 gpu=3.0/11.8GB
[23:54:13] [train] ep=04 step=010/40 ce=4.3059 sc=1.9288 mi=0.1552 dn=0.0000 v13=0.0015 grl=0.1212 v15=0.0000 v15r=0.0000 v16=0.0000 v17=0.0000 v18=0.0000 acc=0.6937 lr=3.00e-04 lambda=0.000 grl_lambda=0.160 v18_lambda=0.000 gpu=3.0/11.8GB
[23:54:19] [train] ep=04 step=020/40 ce=4.1034 sc=1.8594 mi=0.1421 dn=0.0000 v13=0.0013 grl=0.1173 v15=0.0000 v15r=0.0000 v16=0.0000 v17=0.0000 v18=0.0000 acc=0.7031 lr=3.00e-04 lambda=0.000 grl_lambda=0.172 v18_lambda=0.000 gpu=3.0/11.8GB
[23:54:25] [train] ep=04 step=030/40 ce=4.0073 sc=1.8640 mi=0.1329 dn=0.0000 v13=0.0012 grl=0.1196 v15=0.0000 v15r=0.0000 v16=0.0000 v17=0.0000 v18=0.0000 acc=0.7229 lr=3.00e-04 lambda=0.000 grl_lambda=0.184 v18_lambda=0.000 gpu=3.0/11.8GB
[23:54:30] [train] ep=04 step=040/40 ce=3.7770 sc=1.7820 mi=0.1299 dn=0.0000 v13=0.0012 grl=0.1200 v15=0.0000 v15r=0.0000 v16=0.0000 v17=0.0000 v18=0.0000 acc=0.7453 lr=3.00e-04 lambda=0.000 grl_lambda=0.196 v18_lambda=0.000 gpu=3.0/11.8GB
[23:54:35] [ep_summary] ep=04/100 val_live=0.7840/0.7425 val_ema=0.0000/0.0000 test77_live=0.3777/0.3328 test77_diag_ema=0.0000/0.0000 v13=0.0012 grl=0.1200 v15=0.0000 v15r=0.0000 v16=0.0000 v17=0.0000 v18=0.0000 das=fixed_narrow[10,30] p=1.00 ep_time=27.8s
[23:54:35] [train] epoch 5/100 steps=40 use_dann=0 das=fixed_narrow f=[10.0,30.0] p=1.00 gpu=3.0/11.8GB
[23:54:36] [train] ep=05 step=001/40 ce=1.5492 sc=1.5172 mi=0.1246 dn=0.0000 v13=0.0012 grl=0.1464 v15=0.0000 v15r=0.0000 v16=0.0000 v17=0.0000 v18=0.0000 acc=1.0000 lr=3.00e-04 lambda=0.000 grl_lambda=0.197 v18_lambda=0.000 gpu=3.0/11.8GB
[23:54:41] [train] ep=05 step=010/40 ce=3.2162 sc=1.5026 mi=0.1131 dn=0.0000 v13=0.0015 grl=0.1127 v15=0.0000 v15r=0.0000 v16=0.0000 v17=0.0000 v18=0.0000 acc=0.7500 lr=3.00e-04 lambda=0.000 grl_lambda=0.208 v18_lambda=0.000 gpu=3.0/11.8GB
[23:54:47] [train] ep=05 step=020/40 ce=3.1882 sc=1.5648 mi=0.1077 dn=0.0000 v13=0.0012 grl=0.1009 v15=0.0000 v15r=0.0000 v16=0.0000 v17=0.0000 v18=0.0000 acc=0.7781 lr=3.00e-04 lambda=0.000 grl_lambda=0.220 v18_lambda=0.000 gpu=3.0/11.8GB
[23:54:53] [train] ep=05 step=030/40 ce=3.0996 sc=1.5346 mi=0.1031 dn=0.0000 v13=0.0011 grl=0.1019 v15=0.0000 v15r=0.0000 v16=0.0000 v17=0.0000 v18=0.0000 acc=0.7917 lr=3.00e-04 lambda=0.000 grl_lambda=0.232 v18_lambda=0.000 gpu=3.0/11.8GB
[23:54:59] [train] ep=05 step=040/40 ce=2.9724 sc=1.5300 mi=0.1008 dn=0.0000 v13=0.0010 grl=0.0967 v15=0.0000 v15r=0.0000 v16=0.0000 v17=0.0000 v18=0.0000 acc=0.8031 lr=3.00e-04 lambda=0.000 grl_lambda=0.244 v18_lambda=0.000 gpu=3.0/11.8GB
[23:55:08] [ep_summary] ep=05/100 val_live=0.8333/0.8015 val_ema=0.1852/0.0804 test77_live=0.6691/0.6016 test77_diag_ema=0.1403/0.0352 v13=0.0010 grl=0.0967 v15=0.0000 v15r=0.0000 v16=0.0000 v17=0.0000 v18=0.0000 das=fixed_narrow[10,30] p=1.00 ep_time=33.1s
[23:55:08] [save] best_sourceval_ema val_acc_ema=0.1852 source_val_live=0.8333/0.8015 source_val_ema=0.1852/0.0804 ep=5
[23:55:08] [train] epoch 6/100 steps=40 use_dann=0 das=fixed_narrow f=[10.0,30.0] p=1.00 gpu=3.0/11.8GB
[23:55:09] [train] ep=06 step=001/40 ce=4.4375 sc=1.9320 mi=0.0925 dn=0.0000 v13=0.0003 grl=0.1538 v15=0.0000 v15r=0.0000 v16=0.0000 v17=0.0000 v18=0.0000 acc=0.6875 lr=3.00e-04 lambda=0.000 grl_lambda=0.245 v18_lambda=0.000 gpu=3.0/11.8GB
[23:55:14] [train] ep=06 step=010/40 ce=2.5062 sc=1.3774 mi=0.0942 dn=0.0000 v13=0.0009 grl=0.1005 v15=0.0000 v15r=0.0000 v16=0.0000 v17=0.0000 v18=0.0000 acc=0.8438 lr=3.00e-04 lambda=0.000 grl_lambda=0.255 v18_lambda=0.000 gpu=3.0/11.8GB
[23:55:20] [train] ep=06 step=020/40 ce=2.4146 sc=1.2663 mi=0.0942 dn=0.0000 v13=0.0010 grl=0.0954 v15=0.0000 v15r=0.0000 v16=0.0000 v17=0.0000 v18=0.0000 acc=0.8438 lr=3.00e-04 lambda=0.000 grl_lambda=0.267 v18_lambda=0.000 gpu=3.0/11.8GB
[23:55:26] [train] ep=06 step=030/40 ce=2.3966 sc=1.2886 mi=0.0932 dn=0.0000 v13=0.0010 grl=0.0956 v15=0.0000 v15r=0.0000 v16=0.0000 v17=0.0000 v18=0.0000 acc=0.8479 lr=2.99e-04 lambda=0.000 grl_lambda=0.279 v18_lambda=0.000 gpu=3.0/11.8GB
[23:55:32] [train] ep=06 step=040/40 ce=2.3519 sc=1.3133 mi=0.0908 dn=0.0000 v13=0.0010 grl=0.0975 v15=0.0000 v15r=0.0000 v16=0.0000 v17=0.0000 v18=0.0000 acc=0.8547 lr=2.99e-04 lambda=0.000 grl_lambda=0.290 v18_lambda=0.000 gpu=3.0/11.8GB
[23:55:42] [ep_summary] ep=06/100 val_live=0.9012/0.9030 val_ema=0.2099/0.1009 test77_live=0.4209/0.3766 test77_diag_ema=0.1403/0.0352 v13=0.0010 grl=0.0975 v15=0.0000 v15r=0.0000 v16=0.0000 v17=0.0000 v18=0.0000 das=fixed_narrow[10,30] p=1.00 ep_time=33.1s
[23:55:42] [save] best_sourceval_ema val_acc_ema=0.2099 source_val_live=0.9012/0.9030 source_val_ema=0.2099/0.1009 ep=6
[23:55:42] [train] epoch 7/100 steps=40 use_dann=0 das=fixed_narrow f=[10.0,30.0] p=1.00 gpu=3.0/11.8GB
[23:55:42] [train] ep=07 step=001/40 ce=2.4760 sc=1.0578 mi=0.0817 dn=0.0000 v13=0.0013 grl=0.0252 v15=0.0000 v15r=0.0000 v16=0.0000 v17=0.0000 v18=0.0000 acc=0.8750 lr=2.99e-04 lambda=0.000 grl_lambda=0.291 v18_lambda=0.000 gpu=3.0/11.8GB
[23:55:47] [train] ep=07 step=010/40 ce=2.2893 sc=1.3421 mi=0.0782 dn=0.0000 v13=0.0010 grl=0.0841 v15=0.0000 v15r=0.0000 v16=0.0000 v17=0.0000 v18=0.0000 acc=0.8812 lr=2.99e-04 lambda=0.000 grl_lambda=0.302 v18_lambda=0.000 gpu=3.0/11.8GB
[23:55:53] [train] ep=07 step=020/40 ce=2.1597 sc=1.3644 mi=0.0804 dn=0.0000 v13=0.0010 grl=0.0858 v15=0.0000 v15r=0.0000 v16=0.0000 v17=0.0000 v18=0.0000 acc=0.8875 lr=2.99e-04 lambda=0.000 grl_lambda=0.313 v18_lambda=0.000 gpu=3.0/11.8GB
[23:55:59] [train] ep=07 step=030/40 ce=2.1008 sc=1.3400 mi=0.0807 dn=0.0000 v13=0.0009 grl=0.0828 v15=0.0000 v15r=0.0000 v16=0.0000 v17=0.0000 v18=0.0000 acc=0.8854 lr=2.99e-04 lambda=0.000 grl_lambda=0.324 v18_lambda=0.000 gpu=3.0/11.8GB
[23:56:05] [train] ep=07 step=040/40 ce=2.0654 sc=1.3350 mi=0.0803 dn=0.0000 v13=0.0009 grl=0.0860 v15=0.0000 v15r=0.0000 v16=0.0000 v17=0.0000 v18=0.0000 acc=0.8891 lr=2.99e-04 lambda=0.000 grl_lambda=0.335 v18_lambda=0.000 gpu=3.0/11.8GB
[23:56:15] [ep_summary] ep=07/100 val_live=0.9198/0.9217 val_ema=0.2099/0.1075 test77_live=0.3705/0.3235 test77_diag_ema=0.1403/0.0352 v13=0.0009 grl=0.0860 v15=0.0000 v15r=0.0000 v16=0.0000 v17=0.0000 v18=0.0000 das=fixed_narrow[10,30] p=1.00 ep_time=33.1s
[23:56:15] [train] epoch 8/100 steps=40 use_dann=0 das=fixed_narrow f=[10.0,30.0] p=1.00 gpu=3.0/11.8GB
[23:56:15] [train] ep=08 step=001/40 ce=1.5344 sc=0.8270 mi=0.0723 dn=0.0000 v13=0.0007 grl=0.1275 v15=0.0000 v15r=0.0000 v16=0.0000 v17=0.0000 v18=0.0000 acc=0.8750 lr=2.99e-04 lambda=0.000 grl_lambda=0.336 v18_lambda=0.000 gpu=3.0/11.8GB
[23:56:20] [train] ep=08 step=010/40 ce=1.4126 sc=1.1402 mi=0.0745 dn=0.0000 v13=0.0011 grl=0.1009 v15=0.0000 v15r=0.0000 v16=0.0000 v17=0.0000 v18=0.0000 acc=0.9187 lr=2.99e-04 lambda=0.000 grl_lambda=0.346 v18_lambda=0.000 gpu=3.0/11.8GB
[23:56:26] [train] ep=08 step=020/40 ce=1.5507 sc=1.2043 mi=0.0773 dn=0.0000 v13=0.0010 grl=0.0917 v15=0.0000 v15r=0.0000 v16=0.0000 v17=0.0000 v18=0.0000 acc=0.9125 lr=2.98e-04 lambda=0.000 grl_lambda=0.357 v18_lambda=0.000 gpu=3.0/11.8GB
[23:56:32] [train] ep=08 step=030/40 ce=1.6394 sc=1.2623 mi=0.0763 dn=0.0000 v13=0.0010 grl=0.0903 v15=0.0000 v15r=0.0000 v16=0.0000 v17=0.0000 v18=0.0000 acc=0.9083 lr=2.98e-04 lambda=0.000 grl_lambda=0.368 v18_lambda=0.000 gpu=3.0/11.8GB
[23:56:38] [train] ep=08 step=040/40 ce=1.7867 sc=1.2657 mi=0.0767 dn=0.0000 v13=0.0010 grl=0.0885 v15=0.0000 v15r=0.0000 v16=0.0000 v17=0.0000 v18=0.0000 acc=0.8969 lr=2.98e-04 lambda=0.000 grl_lambda=0.379 v18_lambda=0.000 gpu=3.0/11.8GB
[23:56:48] [ep_summary] ep=08/100 val_live=0.9012/0.8995 val_ema=0.2160/0.1172 test77_live=0.6727/0.5910 test77_diag_ema=0.1403/0.0352 v13=0.0010 grl=0.0885 v15=0.0000 v15r=0.0000 v16=0.0000 v17=0.0000 v18=0.0000 das=fixed_narrow[10,30] p=1.00 ep_time=33.1s
[23:56:48] [save] best_sourceval_ema val_acc_ema=0.2160 source_val_live=0.9012/0.8995 source_val_ema=0.2160/0.1172 ep=8
[23:56:48] [train] epoch 9/100 steps=40 use_dann=0 das=fixed_narrow f=[10.0,30.0] p=1.00 gpu=3.0/11.8GB
[23:56:48] [train] ep=09 step=001/40 ce=0.7717 sc=1.0988 mi=0.0748 dn=0.0000 v13=0.0007 grl=0.0734 v15=0.0000 v15r=0.0000 v16=0.0000 v17=0.0000 v18=0.0000 acc=1.0000 lr=2.98e-04 lambda=0.000 grl_lambda=0.380 v18_lambda=0.000 gpu=3.0/11.8GB
[23:56:54] [train] ep=09 step=010/40 ce=1.3913 sc=1.1724 mi=0.0778 dn=0.0000 v13=0.0008 grl=0.0847 v15=0.0000 v15r=0.0000 v16=0.0000 v17=0.0000 v18=0.0000 acc=0.9375 lr=2.98e-04 lambda=0.000 grl_lambda=0.390 v18_lambda=0.000 gpu=3.0/11.8GB
[23:56:59] [train] ep=09 step=020/40 ce=1.3304 sc=1.1618 mi=0.0753 dn=0.0000 v13=0.0008 grl=0.0893 v15=0.0000 v15r=0.0000 v16=0.0000 v17=0.0000 v18=0.0000 acc=0.9406 lr=2.98e-04 lambda=0.000 grl_lambda=0.400 v18_lambda=0.000 gpu=3.0/11.8GB
[23:57:05] [train] ep=09 step=030/40 ce=1.3363 sc=1.1663 mi=0.0759 dn=0.0000 v13=0.0008 grl=0.0937 v15=0.0000 v15r=0.0000 v16=0.0000 v17=0.0000 v18=0.0000 acc=0.9375 lr=2.97e-04 lambda=0.000 grl_lambda=0.411 v18_lambda=0.000 gpu=3.0/11.8GB
[23:57:11] [train] ep=09 step=040/40 ce=1.3162 sc=1.1305 mi=0.0753 dn=0.0000 v13=0.0008 grl=0.0905 v15=0.0000 v15r=0.0000 v16=0.0000 v17=0.0000 v18=0.0000 acc=0.9406 lr=2.97e-04 lambda=0.000 grl_lambda=0.421 v18_lambda=0.000 gpu=3.0/11.8GB
[23:57:21] [ep_summary] ep=09/100 val_live=0.9383/0.9392 val_ema=0.2160/0.1207 test77_live=0.7122/0.6435 test77_diag_ema=0.1403/0.0352 v13=0.0008 grl=0.0905 v15=0.0000 v15r=0.0000 v16=0.0000 v17=0.0000 v18=0.0000 das=fixed_narrow[10,30] p=1.00 ep_time=33.1s
[23:57:21] [train] epoch 10/100 steps=40 use_dann=0 das=fixed_narrow f=[10.0,30.0] p=1.00 gpu=3.0/11.8GB
[23:57:21] [train] ep=10 step=001/40 ce=1.6008 sc=0.9280 mi=0.0761 dn=0.0000 v13=0.0007 grl=0.0601 v15=0.0000 v15r=0.0000 v16=0.0000 v17=0.0000 v18=0.0000 acc=0.8750 lr=2.97e-04 lambda=0.000 grl_lambda=0.422 v18_lambda=0.000 gpu=3.0/11.8GB
[23:57:27] [train] ep=10 step=010/40 ce=0.9867 sc=1.0836 mi=0.0714 dn=0.0000 v13=0.0007 grl=0.0685 v15=0.0000 v15r=0.0000 v16=0.0000 v17=0.0000 v18=0.0000 acc=0.9375 lr=2.97e-04 lambda=0.000 grl_lambda=0.431 v18_lambda=0.000 gpu=3.0/11.8GB
[23:57:32] [train] ep=10 step=020/40 ce=0.9557 sc=1.1061 mi=0.0714 dn=0.0000 v13=0.0007 grl=0.0683 v15=0.0000 v15r=0.0000 v16=0.0000 v17=0.0000 v18=0.0000 acc=0.9500 lr=2.97e-04 lambda=0.000 grl_lambda=0.441 v18_lambda=0.000 gpu=3.0/11.8GB
[23:57:38] [train] ep=10 step=030/40 ce=0.9333 sc=1.0459 mi=0.0716 dn=0.0000 v13=0.0008 grl=0.0758 v15=0.0000 v15r=0.0000 v16=0.0000 v17=0.0000 v18=0.0000 acc=0.9583 lr=2.96e-04 lambda=0.000 grl_lambda=0.451 v18_lambda=0.000 gpu=3.0/11.8GB
[23:57:44] [train] ep=10 step=040/40 ce=0.9182 sc=1.0098 mi=0.0723 dn=0.0000 v13=0.0008 grl=0.0825 v15=0.0000 v15r=0.0000 v16=0.0000 v17=0.0000 v18=0.0000 acc=0.9609 lr=2.96e-04 lambda=0.000 grl_lambda=0.461 v18_lambda=0.000 gpu=3.0/11.8GB
[23:57:54] [pool] check ep=010/100 source_val_acc_ema=0.2160 threshold=0.90
[23:57:54] [pool] ep=010 SKIP (source_val_acc_ema=0.2160 < 0.90)
[23:57:54] [ep_summary] ep=10/100 val_live=0.9506/0.9511 val_ema=0.2160/0.1207 test77_live=0.7086/0.6870 test77_diag_ema=0.1403/0.0352 v13=0.0008 grl=0.0825 v15=0.0000 v15r=0.0000 v16=0.0000 v17=0.0000 v18=0.0000 das=fixed_narrow[10,30] p=1.00 ep_time=33.1s
[23:57:54] [strict77_monitor] ep=10 best_source_epoch=8 source_val_ema=0.2160/0.1172 test77_ema_diag=0.1403/0.0352 sourcequalified_count=0
[23:57:54] [train] epoch 11/100 steps=40 use_dann=0 das=fixed_narrow f=[10.0,30.0] p=1.00 gpu=3.0/11.8GB
[23:57:55] [train] ep=11 step=001/40 ce=1.1354 sc=1.1941 mi=0.0824 dn=0.0000 v13=0.0004 grl=0.0995 v15=0.0000 v15r=0.0000 v16=0.0000 v17=0.0000 v18=0.0000 acc=0.9375 lr=2.96e-04 lambda=0.000 grl_lambda=0.462 v18_lambda=0.000 gpu=3.0/11.8GB
[23:58:00] [train] ep=11 step=010/40 ce=1.3449 sc=1.0314 mi=0.0755 dn=0.0000 v13=0.0009 grl=0.0864 v15=0.0000 v15r=0.0000 v16=0.0000 v17=0.0000 v18=0.0000 acc=0.9313 lr=2.96e-04 lambda=0.000 grl_lambda=0.471 v18_lambda=0.000 gpu=3.0/11.8GB
[23:58:06] [train] ep=11 step=020/40 ce=1.5211 sc=1.0956 mi=0.0741 dn=0.0000 v13=0.0010 grl=0.0903 v15=0.0000 v15r=0.0000 v16=0.0000 v17=0.0000 v18=0.0000 acc=0.9094 lr=2.96e-04 lambda=0.000 grl_lambda=0.481 v18_lambda=0.000 gpu=3.0/11.8GB
[23:58:11] [train] ep=11 step=030/40 ce=1.3185 sc=1.0929 mi=0.0736 dn=0.0000 v13=0.0009 grl=0.0820 v15=0.0000 v15r=0.0000 v16=0.0000 v17=0.0000 v18=0.0000 acc=0.9292 lr=2.95e-04 lambda=0.000 grl_lambda=0.490 v18_lambda=0.000 gpu=3.0/11.8GB
[23:58:17] [train] ep=11 step=040/40 ce=1.1925 sc=1.0480 mi=0.0732 dn=0.0000 v13=0.0009 grl=0.0814 v15=0.0000 v15r=0.0000 v16=0.0000 v17=0.0000 v18=0.0000 acc=0.9422 lr=2.95e-04 lambda=0.000 grl_lambda=0.500 v18_lambda=0.000 gpu=3.0/11.8GB
[23:58:27] [ep_summary] ep=11/100 val_live=0.9321/0.9323 val_ema=0.2222/0.1338 test77_live=0.8237/0.8288 test77_diag_ema=0.1403/0.0352 v13=0.0009 grl=0.0814 v15=0.0000 v15r=0.0000 v16=0.0000 v17=0.0000 v18=0.0000 das=fixed_narrow[10,30] p=1.00 ep_time=33.2s
[23:58:27] [save] best_sourceval_ema val_acc_ema=0.2222 source_val_live=0.9321/0.9323 source_val_ema=0.2222/0.1338 ep=11
[23:58:27] [train] epoch 12/100 steps=40 use_dann=0 das=fixed_narrow f=[10.0,30.0] p=1.00 gpu=3.0/11.8GB
[23:58:28] [train] ep=12 step=001/40 ce=0.9200 sc=0.4363 mi=0.0754 dn=0.0000 v13=0.0006 grl=0.0548 v15=0.0000 v15r=0.0000 v16=0.0000 v17=0.0000 v18=0.0000 acc=1.0000 lr=2.95e-04 lambda=0.000 grl_lambda=0.501 v18_lambda=0.000 gpu=3.0/11.8GB
[23:58:33] [train] ep=12 step=010/40 ce=0.9748 sc=1.0186 mi=0.0743 dn=0.0000 v13=0.0008 grl=0.0794 v15=0.0000 v15r=0.0000 v16=0.0000 v17=0.0000 v18=0.0000 acc=0.9625 lr=2.95e-04 lambda=0.000 grl_lambda=0.509 v18_lambda=0.000 gpu=3.0/11.8GB
[23:58:39] [train] ep=12 step=020/40 ce=1.0091 sc=1.0203 mi=0.0725 dn=0.0000 v13=0.0009 grl=0.0864 v15=0.0000 v15r=0.0000 v16=0.0000 v17=0.0000 v18=0.0000 acc=0.9563 lr=2.94e-04 lambda=0.000 grl_lambda=0.518 v18_lambda=0.000 gpu=3.0/11.8GB
[23:58:45] [train] ep=12 step=030/40 ce=0.9039 sc=0.9518 mi=0.0715 dn=0.0000 v13=0.0009 grl=0.0830 v15=0.0000 v15r=0.0000 v16=0.0000 v17=0.0000 v18=0.0000 acc=0.9625 lr=2.94e-04 lambda=0.000 grl_lambda=0.527 v18_lambda=0.000 gpu=3.0/11.8GB
[23:58:50] [train] ep=12 step=040/40 ce=0.8488 sc=0.9613 mi=0.0711 dn=0.0000 v13=0.0009 grl=0.0804 v15=0.0000 v15r=0.0000 v16=0.0000 v17=0.0000 v18=0.0000 acc=0.9672 lr=2.94e-04 lambda=0.000 grl_lambda=0.536 v18_lambda=0.000 gpu=3.0/11.8GB
[23:59:00] [ep_summary] ep=12/100 val_live=0.9444/0.9440 val_ema=0.2407/0.1629 test77_live=0.7626/0.7213 test77_diag_ema=0.1403/0.0352 v13=0.0009 grl=0.0804 v15=0.0000 v15r=0.0000 v16=0.0000 v17=0.0000 v18=0.0000 das=fixed_narrow[10,30] p=1.00 ep_time=33.2s
[23:59:00] [save] best_sourceval_ema val_acc_ema=0.2407 source_val_live=0.9444/0.9440 source_val_ema=0.2407/0.1629 ep=12
[23:59:00] [train] epoch 13/100 steps=40 use_dann=0 das=fixed_narrow f=[10.0,30.0] p=1.00 gpu=3.0/11.8GB
[23:59:01] [train] ep=13 step=001/40 ce=1.2490 sc=0.8549 mi=0.0792 dn=0.0000 v13=0.0006 grl=0.0508 v15=0.0000 v15r=0.0000 v16=0.0000 v17=0.0000 v18=0.0000 acc=0.9375 lr=2.94e-04 lambda=0.000 grl_lambda=0.537 v18_lambda=0.000 gpu=3.0/11.8GB
[23:59:06] [train] ep=13 step=010/40 ce=0.7881 sc=0.8577 mi=0.0686 dn=0.0000 v13=0.0007 grl=0.0801 v15=0.0000 v15r=0.0000 v16=0.0000 v17=0.0000 v18=0.0000 acc=0.9688 lr=2.93e-04 lambda=0.000 grl_lambda=0.545 v18_lambda=0.000 gpu=3.0/11.8GB
[23:59:12] [train] ep=13 step=020/40 ce=0.6766 sc=0.8829 mi=0.0678 dn=0.0000 v13=0.0008 grl=0.0750 v15=0.0000 v15r=0.0000 v16=0.0000 v17=0.0000 v18=0.0000 acc=0.9812 lr=2.93e-04 lambda=0.000 grl_lambda=0.554 v18_lambda=0.000 gpu=3.0/11.8GB
[23:59:18] [train] ep=13 step=030/40 ce=0.6968 sc=0.8961 mi=0.0683 dn=0.0000 v13=0.0008 grl=0.0755 v15=0.0000 v15r=0.0000 v16=0.0000 v17=0.0000 v18=0.0000 acc=0.9750 lr=2.93e-04 lambda=0.000 grl_lambda=0.562 v18_lambda=0.000 gpu=3.0/11.8GB
[23:59:24] [train] ep=13 step=040/40 ce=0.7327 sc=0.9140 mi=0.0686 dn=0.0000 v13=0.0009 grl=0.0765 v15=0.0000 v15r=0.0000 v16=0.0000 v17=0.0000 v18=0.0000 acc=0.9734 lr=2.92e-04 lambda=0.000 grl_lambda=0.571 v18_lambda=0.000 gpu=3.0/11.8GB
[23:59:34] [ep_summary] ep=13/100 val_live=0.9321/0.9307 val_ema=0.2531/0.1834 test77_live=0.6942/0.6961 test77_diag_ema=0.1403/0.0352 v13=0.0009 grl=0.0765 v15=0.0000 v15r=0.0000 v16=0.0000 v17=0.0000 v18=0.0000 das=fixed_narrow[10,30] p=1.00 ep_time=33.1s
[23:59:34] [save] best_sourceval_ema val_acc_ema=0.2531 source_val_live=0.9321/0.9307 source_val_ema=0.2531/0.1834 ep=13
[23:59:34] [train] epoch 14/100 steps=40 use_dann=0 das=fixed_narrow f=[10.0,30.0] p=1.00 gpu=3.0/11.8GB
[23:59:34] [train] ep=14 step=001/40 ce=2.1097 sc=1.6518 mi=0.0755 dn=0.0000 v13=0.0010 grl=0.0728 v15=0.0000 v15r=0.0000 v16=0.0000 v17=0.0000 v18=0.0000 acc=0.8750 lr=2.92e-04 lambda=0.000 grl_lambda=0.572 v18_lambda=0.000 gpu=3.0/11.8GB
[23:59:40] [train] ep=14 step=010/40 ce=0.8477 sc=0.9757 mi=0.0734 dn=0.0000 v13=0.0008 grl=0.0733 v15=0.0000 v15r=0.0000 v16=0.0000 v17=0.0000 v18=0.0000 acc=0.9688 lr=2.92e-04 lambda=0.000 grl_lambda=0.579 v18_lambda=0.000 gpu=3.0/11.8GB
[23:59:45] [train] ep=14 step=020/40 ce=0.6962 sc=0.8616 mi=0.0713 dn=0.0000 v13=0.0008 grl=0.0678 v15=0.0000 v15r=0.0000 v16=0.0000 v17=0.0000 v18=0.0000 acc=0.9781 lr=2.91e-04 lambda=0.000 grl_lambda=0.587 v18_lambda=0.000 gpu=3.0/11.8GB
[23:59:51] [train] ep=14 step=030/40 ce=0.7843 sc=0.9051 mi=0.0707 dn=0.0000 v13=0.0008 grl=0.0710 v15=0.0000 v15r=0.0000 v16=0.0000 v17=0.0000 v18=0.0000 acc=0.9667 lr=2.91e-04 lambda=0.000 grl_lambda=0.596 v18_lambda=0.000 gpu=3.0/11.8GB
[23:59:57] [train] ep=14 step=040/40 ce=0.7247 sc=0.9279 mi=0.0697 dn=0.0000 v13=0.0008 grl=0.0701 v15=0.0000 v15r=0.0000 v16=0.0000 v17=0.0000 v18=0.0000 acc=0.9719 lr=2.91e-04 lambda=0.000 grl_lambda=0.604 v18_lambda=0.000 gpu=3.0/11.8GB
[00:00:07] [ep_summary] ep=14/100 val_live=0.9444/0.9445 val_ema=0.2716/0.2117 test77_live=0.7590/0.7472 test77_diag_ema=0.1403/0.0352 v13=0.0008 grl=0.0701 v15=0.0000 v15r=0.0000 v16=0.0000 v17=0.0000 v18=0.0000 das=fixed_narrow[10,30] p=1.00 ep_time=33.3s
[00:00:07] [save] best_sourceval_ema val_acc_ema=0.2716 source_val_live=0.9444/0.9445 source_val_ema=0.2716/0.2117 ep=14
[00:00:07] [train] epoch 15/100 steps=40 use_dann=0 das=fixed_narrow f=[10.0,30.0] p=1.00 gpu=3.0/11.8GB
[00:00:07] [train] ep=15 step=001/40 ce=0.3423 sc=1.0355 mi=0.0746 dn=0.0000 v13=0.0005 grl=0.1159 v15=0.0000 v15r=0.0000 v16=0.0000 v17=0.0000 v18=0.0000 acc=1.0000 lr=2.91e-04 lambda=0.000 grl_lambda=0.604 v18_lambda=0.000 gpu=3.0/11.8GB
[00:00:13] [train] ep=15 step=010/40 ce=0.7094 sc=0.9361 mi=0.0672 dn=0.0000 v13=0.0008 grl=0.0908 v15=0.0000 v15r=0.0000 v16=0.0000 v17=0.0000 v18=0.0000 acc=0.9688 lr=2.90e-04 lambda=0.000 grl_lambda=0.611 v18_lambda=0.000 gpu=3.0/11.8GB
[00:00:19] [train] ep=15 step=020/40 ce=0.5866 sc=0.8989 mi=0.0659 dn=0.0000 v13=0.0008 grl=0.0845 v15=0.0000 v15r=0.0000 v16=0.0000 v17=0.0000 v18=0.0000 acc=0.9781 lr=2.90e-04 lambda=0.000 grl_lambda=0.619 v18_lambda=0.000 gpu=3.0/11.8GB
[00:00:24] [train] ep=15 step=030/40 ce=0.6777 sc=0.9121 mi=0.0660 dn=0.0000 v13=0.0007 grl=0.0839 v15=0.0000 v15r=0.0000 v16=0.0000 v17=0.0000 v18=0.0000 acc=0.9729 lr=2.89e-04 lambda=0.000 grl_lambda=0.627 v18_lambda=0.000 gpu=3.0/11.8GB
[00:00:30] [train] ep=15 step=040/40 ce=0.8013 sc=0.9415 mi=0.0671 dn=0.0000 v13=0.0007 grl=0.0848 v15=0.0000 v15r=0.0000 v16=0.0000 v17=0.0000 v18=0.0000 acc=0.9641 lr=2.89e-04 lambda=0.000 grl_lambda=0.634 v18_lambda=0.000 gpu=3.0/11.8GB
[00:00:40] [ep_summary] ep=15/100 val_live=0.9506/0.9511 val_ema=0.3086/0.2552 test77_live=0.8309/0.8215 test77_diag_ema=0.1403/0.0352 v13=0.0007 grl=0.0848 v15=0.0000 v15r=0.0000 v16=0.0000 v17=0.0000 v18=0.0000 das=fixed_narrow[10,30] p=1.00 ep_time=33.1s
[00:00:40] [save] best_sourceval_ema val_acc_ema=0.3086 source_val_live=0.9506/0.9511 source_val_ema=0.3086/0.2552 ep=15
[00:00:40] [train] epoch 16/100 steps=40 use_dann=0 das=fixed_narrow f=[10.0,30.0] p=1.00 gpu=3.0/11.8GB
[00:00:41] [train] ep=16 step=001/40 ce=0.3348 sc=0.4694 mi=0.0671 dn=0.0000 v13=0.0006 grl=0.1102 v15=0.0000 v15r=0.0000 v16=0.0000 v17=0.0000 v18=0.0000 acc=1.0000 lr=2.89e-04 lambda=0.000 grl_lambda=0.635 v18_lambda=0.000 gpu=3.0/11.8GB
[00:00:46] [train] ep=16 step=010/40 ce=0.4901 sc=0.7678 mi=0.0641 dn=0.0000 v13=0.0006 grl=0.0852 v15=0.0000 v15r=0.0000 v16=0.0000 v17=0.0000 v18=0.0000 acc=0.9938 lr=2.88e-04 lambda=0.000 grl_lambda=0.642 v18_lambda=0.000 gpu=3.0/11.8GB
[00:00:52] [train] ep=16 step=020/40 ce=0.5415 sc=0.8041 mi=0.0654 dn=0.0000 v13=0.0006 grl=0.0827 v15=0.0000 v15r=0.0000 v16=0.0000 v17=0.0000 v18=0.0000 acc=0.9875 lr=2.88e-04 lambda=0.000 grl_lambda=0.649 v18_lambda=0.000 gpu=3.0/11.8GB
[00:00:57] [train] ep=16 step=030/40 ce=0.5779 sc=0.8442 mi=0.0654 dn=0.0000 v13=0.0007 grl=0.0813 v15=0.0000 v15r=0.0000 v16=0.0000 v17=0.0000 v18=0.0000 acc=0.9854 lr=2.87e-04 lambda=0.000 grl_lambda=0.656 v18_lambda=0.000 gpu=3.0/11.8GB
[00:01:03] [train] ep=16 step=040/40 ce=0.5688 sc=0.8619 mi=0.0663 dn=0.0000 v13=0.0007 grl=0.0827 v15=0.0000 v15r=0.0000 v16=0.0000 v17=0.0000 v18=0.0000 acc=0.9844 lr=2.87e-04 lambda=0.000 grl_lambda=0.663 v18_lambda=0.000 gpu=3.0/11.8GB
[00:01:13] [ep_summary] ep=16/100 val_live=0.9568/0.9565 val_ema=0.3457/0.2933 test77_live=0.8957/0.8966 test77_diag_ema=0.1403/0.0352 v13=0.0007 grl=0.0827 v15=0.0000 v15r=0.0000 v16=0.0000 v17=0.0000 v18=0.0000 das=fixed_narrow[10,30] p=1.00 ep_time=33.0s
[00:01:13] [save] best_sourceval_ema val_acc_ema=0.3457 source_val_live=0.9568/0.9565 source_val_ema=0.3457/0.2933 ep=16
[00:01:13] [train] epoch 17/100 steps=40 use_dann=0 das=fixed_narrow f=[10.0,30.0] p=1.00 gpu=3.0/11.8GB
[00:01:14] [train] ep=17 step=001/40 ce=0.4560 sc=0.7586 mi=0.0712 dn=0.0000 v13=0.0005 grl=0.0906 v15=0.0000 v15r=0.0000 v16=0.0000 v17=0.0000 v18=0.0000 acc=1.0000 lr=2.87e-04 lambda=0.000 grl_lambda=0.664 v18_lambda=0.000 gpu=3.0/11.8GB
[00:01:19] [train] ep=17 step=010/40 ce=0.5688 sc=0.8915 mi=0.0668 dn=0.0000 v13=0.0008 grl=0.0830 v15=0.0000 v15r=0.0000 v16=0.0000 v17=0.0000 v18=0.0000 acc=0.9812 lr=2.86e-04 lambda=0.000 grl_lambda=0.670 v18_lambda=0.000 gpu=3.0/11.8GB
[00:01:25] [train] ep=17 step=020/40 ce=0.5994 sc=0.9091 mi=0.0674 dn=0.0000 v13=0.0006 grl=0.0875 v15=0.0000 v15r=0.0000 v16=0.0000 v17=0.0000 v18=0.0000 acc=0.9812 lr=2.86e-04 lambda=0.000 grl_lambda=0.677 v18_lambda=0.000 gpu=3.0/11.8GB
[00:01:31] [train] ep=17 step=030/40 ce=0.7381 sc=0.9621 mi=0.0669 dn=0.0000 v13=0.0006 grl=0.0823 v15=0.0000 v15r=0.0000 v16=0.0000 v17=0.0000 v18=0.0000 acc=0.9688 lr=2.85e-04 lambda=0.000 grl_lambda=0.684 v18_lambda=0.000 gpu=3.0/11.8GB
[00:01:37] [train] ep=17 step=040/40 ce=0.7318 sc=0.9409 mi=0.0666 dn=0.0000 v13=0.0006 grl=0.0814 v15=0.0000 v15r=0.0000 v16=0.0000 v17=0.0000 v18=0.0000 acc=0.9703 lr=2.85e-04 lambda=0.000 grl_lambda=0.690 v18_lambda=0.000 gpu=3.0/11.8GB
[00:01:46] [ep_summary] ep=17/100 val_live=0.9383/0.9384 val_ema=0.3951/0.3495 test77_live=0.8345/0.8296 test77_diag_ema=0.1403/0.0352 v13=0.0006 grl=0.0814 v15=0.0000 v15r=0.0000 v16=0.0000 v17=0.0000 v18=0.0000 das=fixed_narrow[10,30] p=1.00 ep_time=33.3s
[00:01:46] [save] best_sourceval_ema val_acc_ema=0.3951 source_val_live=0.9383/0.9384 source_val_ema=0.3951/0.3495 ep=17
[00:01:46] [train] epoch 18/100 steps=40 use_dann=0 das=fixed_narrow f=[10.0,30.0] p=1.00 gpu=3.0/11.8GB
[00:01:47] [train] ep=18 step=001/40 ce=0.5503 sc=0.8453 mi=0.0599 dn=0.0000 v13=0.0008 grl=0.0968 v15=0.0000 v15r=0.0000 v16=0.0000 v17=0.0000 v18=0.0000 acc=1.0000 lr=2.85e-04 lambda=0.000 grl_lambda=0.691 v18_lambda=0.000 gpu=3.0/11.8GB
[00:01:52] [train] ep=18 step=010/40 ce=0.6858 sc=0.8796 mi=0.0676 dn=0.0000 v13=0.0007 grl=0.0772 v15=0.0000 v15r=0.0000 v16=0.0000 v17=0.0000 v18=0.0000 acc=0.9750 lr=2.84e-04 lambda=0.000 grl_lambda=0.697 v18_lambda=0.000 gpu=3.0/11.8GB
[00:01:58] [train] ep=18 step=020/40 ce=0.7165 sc=0.9310 mi=0.0667 dn=0.0000 v13=0.0007 grl=0.0798 v15=0.0000 v15r=0.0000 v16=0.0000 v17=0.0000 v18=0.0000 acc=0.9719 lr=2.84e-04 lambda=0.000 grl_lambda=0.703 v18_lambda=0.000 gpu=3.0/11.8GB
[00:02:04] [train] ep=18 step=030/40 ce=0.7329 sc=0.9282 mi=0.0661 dn=0.0000 v13=0.0007 grl=0.0836 v15=0.0000 v15r=0.0000 v16=0.0000 v17=0.0000 v18=0.0000 acc=0.9729 lr=2.83e-04 lambda=0.000 grl_lambda=0.710 v18_lambda=0.000 gpu=3.0/11.8GB
[00:02:10] [train] ep=18 step=040/40 ce=0.7050 sc=0.9206 mi=0.0648 dn=0.0000 v13=0.0007 grl=0.0824 v15=0.0000 v15r=0.0000 v16=0.0000 v17=0.0000 v18=0.0000 acc=0.9750 lr=2.83e-04 lambda=0.000 grl_lambda=0.716 v18_lambda=0.000 gpu=3.0/11.8GB
[00:02:20] [ep_summary] ep=18/100 val_live=0.9506/0.9511 val_ema=0.4259/0.3803 test77_live=0.7878/0.7979 test77_diag_ema=0.1403/0.0352 v13=0.0007 grl=0.0824 v15=0.0000 v15r=0.0000 v16=0.0000 v17=0.0000 v18=0.0000 das=fixed_narrow[10,30] p=1.00 ep_time=33.1s
[00:02:20] [save] best_sourceval_ema val_acc_ema=0.4259 source_val_live=0.9506/0.9511 source_val_ema=0.4259/0.3803 ep=18
[00:02:20] [train] epoch 19/100 steps=40 use_dann=0 das=fixed_narrow f=[10.0,30.0] p=1.00 gpu=3.0/11.8GB
[00:02:20] [train] ep=19 step=001/40 ce=0.3020 sc=0.6640 mi=0.0669 dn=0.0000 v13=0.0005 grl=0.1137 v15=0.0000 v15r=0.0000 v16=0.0000 v17=0.0000 v18=0.0000 acc=1.0000 lr=2.83e-04 lambda=0.000 grl_lambda=0.716 v18_lambda=0.000 gpu=3.0/11.8GB
[00:02:25] [train] ep=19 step=010/40 ce=0.6950 sc=0.9530 mi=0.0647 dn=0.0000 v13=0.0005 grl=0.0913 v15=0.0000 v15r=0.0000 v16=0.0000 v17=0.0000 v18=0.0000 acc=0.9812 lr=2.82e-04 lambda=0.000 grl_lambda=0.722 v18_lambda=0.000 gpu=3.0/11.8GB
[00:02:31] [train] ep=19 step=020/40 ce=0.6733 sc=0.9970 mi=0.0672 dn=0.0000 v13=0.0006 grl=0.0871 v15=0.0000 v15r=0.0000 v16=0.0000 v17=0.0000 v18=0.0000 acc=0.9781 lr=2.82e-04 lambda=0.000 grl_lambda=0.728 v18_lambda=0.000 gpu=3.0/11.8GB
[00:02:37] [train] ep=19 step=030/40 ce=0.6388 sc=0.9524 mi=0.0656 dn=0.0000 v13=0.0006 grl=0.0824 v15=0.0000 v15r=0.0000 v16=0.0000 v17=0.0000 v18=0.0000 acc=0.9771 lr=2.81e-04 lambda=0.000 grl_lambda=0.733 v18_lambda=0.000 gpu=3.0/11.8GB
[00:02:43] [train] ep=19 step=040/40 ce=0.6128 sc=0.9392 mi=0.0652 dn=0.0000 v13=0.0006 grl=0.0845 v15=0.0000 v15r=0.0000 v16=0.0000 v17=0.0000 v18=0.0000 acc=0.9781 lr=2.80e-04 lambda=0.000 grl_lambda=0.739 v18_lambda=0.000 gpu=3.0/11.8GB
[00:02:53] [ep_summary] ep=19/100 val_live=0.9444/0.9428 val_ema=0.4568/0.4138 test77_live=0.8813/0.8813 test77_diag_ema=0.1403/0.0352 v13=0.0006 grl=0.0845 v15=0.0000 v15r=0.0000 v16=0.0000 v17=0.0000 v18=0.0000 das=fixed_narrow[10,30] p=1.00 ep_time=33.1s
[00:02:53] [save] best_sourceval_ema val_acc_ema=0.4568 source_val_live=0.9444/0.9428 source_val_ema=0.4568/0.4138 ep=19
[00:02:53] [train] epoch 20/100 steps=40 use_dann=0 das=fixed_narrow f=[10.0,30.0] p=1.00 gpu=3.0/11.8GB
[00:02:53] [train] ep=20 step=001/40 ce=0.6247 sc=1.0062 mi=0.0601 dn=0.0000 v13=0.0006 grl=0.1030 v15=0.0000 v15r=0.0000 v16=0.0000 v17=0.0000 v18=0.0000 acc=1.0000 lr=2.80e-04 lambda=0.000 grl_lambda=0.740 v18_lambda=0.000 gpu=3.0/11.8GB
[00:02:58] [train] ep=20 step=010/40 ce=0.4718 sc=0.8623 mi=0.0644 dn=0.0000 v13=0.0007 grl=0.1011 v15=0.0000 v15r=0.0000 v16=0.0000 v17=0.0000 v18=0.0000 acc=0.9938 lr=2.80e-04 lambda=0.000 grl_lambda=0.745 v18_lambda=0.000 gpu=3.0/11.8GB
[00:03:04] [train] ep=20 step=020/40 ce=0.4788 sc=0.8698 mi=0.0649 dn=0.0000 v13=0.0007 grl=0.0939 v15=0.0000 v15r=0.0000 v16=0.0000 v17=0.0000 v18=0.0000 acc=0.9875 lr=2.79e-04 lambda=0.000 grl_lambda=0.750 v18_lambda=0.000 gpu=3.0/11.8GB
[00:03:10] [train] ep=20 step=030/40 ce=0.4903 sc=0.8861 mi=0.0645 dn=0.0000 v13=0.0007 grl=0.0922 v15=0.0000 v15r=0.0000 v16=0.0000 v17=0.0000 v18=0.0000 acc=0.9854 lr=2.79e-04 lambda=0.000 grl_lambda=0.756 v18_lambda=0.000 gpu=3.0/11.8GB
[00:03:16] [train] ep=20 step=040/40 ce=0.4975 sc=0.8810 mi=0.0639 dn=0.0000 v13=0.0007 grl=0.0923 v15=0.0000 v15r=0.0000 v16=0.0000 v17=0.0000 v18=0.0000 acc=0.9859 lr=2.78e-04 lambda=0.000 grl_lambda=0.761 v18_lambda=0.000 gpu=3.0/11.8GB
[00:03:26] [pool] check ep=020/100 source_val_acc_ema=0.4877 threshold=0.90
[00:03:26] [pool] ep=020 SKIP (source_val_acc_ema=0.4877 < 0.90)
[00:03:26] [ep_summary] ep=20/100 val_live=0.9321/0.9296 val_ema=0.4877/0.4521 test77_live=0.7770/0.7724 test77_diag_ema=0.1403/0.0352 v13=0.0007 grl=0.0923 v15=0.0000 v15r=0.0000 v16=0.0000 v17=0.0000 v18=0.0000 das=fixed_narrow[10,30] p=1.00 ep_time=33.1s
[00:03:26] [save] best_sourceval_ema val_acc_ema=0.4877 source_val_live=0.9321/0.9296 source_val_ema=0.4877/0.4521 ep=20
[00:03:26] [strict77_monitor] ep=20 best_source_epoch=20 source_val_ema=0.4877/0.4521 test77_ema_diag=0.1403/0.0352 sourcequalified_count=0
[00:03:26] [train] epoch 21/100 steps=40 use_dann=0 das=fixed_narrow f=[10.0,30.0] p=1.00 gpu=3.0/11.8GB
[00:03:26] [train] ep=21 step=001/40 ce=0.4087 sc=0.4582 mi=0.0692 dn=0.0000 v13=0.0008 grl=0.1190 v15=0.0000 v15r=0.0000 v16=0.0000 v17=0.0000 v18=0.0000 acc=1.0000 lr=2.78e-04 lambda=0.000 grl_lambda=0.762 v18_lambda=0.000 gpu=3.0/11.8GB
[00:03:32] [train] ep=21 step=010/40 ce=0.4705 sc=0.7104 mi=0.0635 dn=0.0000 v13=0.0008 grl=0.0984 v15=0.0000 v15r=0.0000 v16=0.0000 v17=0.0000 v18=0.0000 acc=0.9938 lr=2.77e-04 lambda=0.000 grl_lambda=0.766 v18_lambda=0.000 gpu=3.0/11.8GB
[00:03:37] [train] ep=21 step=020/40 ce=0.4696 sc=0.8053 mi=0.0635 dn=0.0000 v13=0.0007 grl=0.0921 v15=0.0000 v15r=0.0000 v16=0.0000 v17=0.0000 v18=0.0000 acc=0.9906 lr=2.77e-04 lambda=0.000 grl_lambda=0.771 v18_lambda=0.000 gpu=3.0/11.8GB
[00:03:43] [train] ep=21 step=030/40 ce=0.4811 sc=0.8196 mi=0.0634 dn=0.0000 v13=0.0007 grl=0.0939 v15=0.0000 v15r=0.0000 v16=0.0000 v17=0.0000 v18=0.0000 acc=0.9896 lr=2.76e-04 lambda=0.000 grl_lambda=0.776 v18_lambda=0.000 gpu=3.0/11.8GB
[00:03:49] [train] ep=21 step=040/40 ce=0.4714 sc=0.8009 mi=0.0635 dn=0.0000 v13=0.0007 grl=0.0935 v15=0.0000 v15r=0.0000 v16=0.0000 v17=0.0000 v18=0.0000 acc=0.9891 lr=2.75e-04 lambda=0.000 grl_lambda=0.781 v18_lambda=0.000 gpu=3.0/11.8GB
[00:03:59] [ep_summary] ep=21/100 val_live=0.9753/0.9749 val_ema=0.5185/0.4895 test77_live=0.8561/0.8491 test77_diag_ema=0.1403/0.0352 v13=0.0007 grl=0.0935 v15=0.0000 v15r=0.0000 v16=0.0000 v17=0.0000 v18=0.0000 das=fixed_narrow[10,30] p=1.00 ep_time=33.1s
[00:03:59] [save] best_sourceval_ema val_acc_ema=0.5185 source_val_live=0.9753/0.9749 source_val_ema=0.5185/0.4895 ep=21
[00:03:59] [train] epoch 22/100 steps=40 use_dann=0 das=fixed_narrow f=[10.0,30.0] p=1.00 gpu=3.0/11.8GB
[00:04:00] [train] ep=22 step=001/40 ce=0.2819 sc=0.5899 mi=0.0517 dn=0.0000 v13=0.0004 grl=0.0532 v15=0.0000 v15r=0.0000 v16=0.0000 v17=0.0000 v18=0.0000 acc=1.0000 lr=2.75e-04 lambda=0.000 grl_lambda=0.782 v18_lambda=0.000 gpu=3.0/11.8GB
[00:04:05] [train] ep=22 step=010/40 ce=0.4301 sc=0.7489 mi=0.0620 dn=0.0000 v13=0.0006 grl=0.0801 v15=0.0000 v15r=0.0000 v16=0.0000 v17=0.0000 v18=0.0000 acc=0.9938 lr=2.75e-04 lambda=0.000 grl_lambda=0.786 v18_lambda=0.000 gpu=3.0/11.8GB
[00:04:11] [train] ep=22 step=020/40 ce=0.4278 sc=0.7993 mi=0.0609 dn=0.0000 v13=0.0006 grl=0.0813 v15=0.0000 v15r=0.0000 v16=0.0000 v17=0.0000 v18=0.0000 acc=0.9875 lr=2.74e-04 lambda=0.000 grl_lambda=0.791 v18_lambda=0.000 gpu=3.0/11.8GB
[00:04:16] [train] ep=22 step=030/40 ce=0.4189 sc=0.8618 mi=0.0601 dn=0.0000 v13=0.0006 grl=0.0850 v15=0.0000 v15r=0.0000 v16=0.0000 v17=0.0000 v18=0.0000 acc=0.9896 lr=2.73e-04 lambda=0.000 grl_lambda=0.796 v18_lambda=0.000 gpu=3.0/11.8GB
[00:04:22] [train] ep=22 step=040/40 ce=0.4442 sc=0.8806 mi=0.0616 dn=0.0000 v13=0.0006 grl=0.0901 v15=0.0000 v15r=0.0000 v16=0.0000 v17=0.0000 v18=0.0000 acc=0.9891 lr=2.73e-04 lambda=0.000 grl_lambda=0.800 v18_lambda=0.000 gpu=3.0/11.8GB
[00:04:32] [ep_summary] ep=22/100 val_live=0.9568/0.9565 val_ema=0.5432/0.5164 test77_live=0.8849/0.8857 test77_diag_ema=0.1403/0.0352 v13=0.0006 grl=0.0901 v15=0.0000 v15r=0.0000 v16=0.0000 v17=0.0000 v18=0.0000 das=fixed_narrow[10,30] p=1.00 ep_time=33.2s
[00:04:32] [save] best_sourceval_ema val_acc_ema=0.5432 source_val_live=0.9568/0.9565 source_val_ema=0.5432/0.5164 ep=22
[00:04:32] [train] epoch 23/100 steps=40 use_dann=0 das=fixed_narrow f=[10.0,30.0] p=1.00 gpu=3.0/11.8GB
[00:04:33] [train] ep=23 step=001/40 ce=0.2774 sc=0.4396 mi=0.0692 dn=0.0000 v13=0.0008 grl=0.1031 v15=0.0000 v15r=0.0000 v16=0.0000 v17=0.0000 v18=0.0000 acc=1.0000 lr=2.72e-04 lambda=0.000 grl_lambda=0.800 v18_lambda=0.000 gpu=3.0/11.8GB
[00:04:38] [train] ep=23 step=010/40 ce=0.5006 sc=0.8358 mi=0.0655 dn=0.0000 v13=0.0007 grl=0.0887 v15=0.0000 v15r=0.0000 v16=0.0000 v17=0.0000 v18=0.0000 acc=0.9812 lr=2.72e-04 lambda=0.000 grl_lambda=0.805 v18_lambda=0.000 gpu=3.0/11.8GB
[00:04:44] [train] ep=23 step=020/40 ce=0.4738 sc=0.8206 mi=0.0634 dn=0.0000 v13=0.0007 grl=0.0799 v15=0.0000 v15r=0.0000 v16=0.0000 v17=0.0000 v18=0.0000 acc=0.9812 lr=2.71e-04 lambda=0.000 grl_lambda=0.809 v18_lambda=0.000 gpu=3.0/11.8GB
[00:04:49] [train] ep=23 step=030/40 ce=0.4116 sc=0.7708 mi=0.0624 dn=0.0000 v13=0.0006 grl=0.0756 v15=0.0000 v15r=0.0000 v16=0.0000 v17=0.0000 v18=0.0000 acc=0.9875 lr=2.70e-04 lambda=0.000 grl_lambda=0.813 v18_lambda=0.000 gpu=3.0/11.8GB
[00:04:55] [train] ep=23 step=040/40 ce=0.4019 sc=0.7786 mi=0.0617 dn=0.0000 v13=0.0006 grl=0.0766 v15=0.0000 v15r=0.0000 v16=0.0000 v17=0.0000 v18=0.0000 acc=0.9906 lr=2.70e-04 lambda=0.000 grl_lambda=0.817 v18_lambda=0.000 gpu=3.0/11.8GB
[00:05:05] [ep_summary] ep=23/100 val_live=0.9815/0.9817 val_ema=0.5741/0.5511 test77_live=0.7806/0.7743 test77_diag_ema=0.1403/0.0352 v13=0.0006 grl=0.0766 v15=0.0000 v15r=0.0000 v16=0.0000 v17=0.0000 v18=0.0000 das=fixed_narrow[10,30] p=1.00 ep_time=33.0s
[00:05:05] [save] best_sourceval_ema val_acc_ema=0.5741 source_val_live=0.9815/0.9817 source_val_ema=0.5741/0.5511 ep=23
[00:05:05] [train] epoch 24/100 steps=40 use_dann=0 das=fixed_narrow f=[10.0,30.0] p=1.00 gpu=3.0/11.8GB
[00:05:06] [train] ep=24 step=001/40 ce=0.3001 sc=0.8833 mi=0.0575 dn=0.0000 v13=0.0003 grl=0.0513 v15=0.0000 v15r=0.0000 v16=0.0000 v17=0.0000 v18=0.0000 acc=1.0000 lr=2.70e-04 lambda=0.000 grl_lambda=0.818 v18_lambda=0.000 gpu=3.0/11.8GB
[00:05:11] [train] ep=24 step=010/40 ce=0.4153 sc=0.8437 mi=0.0634 dn=0.0000 v13=0.0006 grl=0.0807 v15=0.0000 v15r=0.0000 v16=0.0000 v17=0.0000 v18=0.0000 acc=0.9875 lr=2.69e-04 lambda=0.000 grl_lambda=0.821 v18_lambda=0.000 gpu=3.0/11.8GB
[00:05:17] [train] ep=24 step=020/40 ce=0.3614 sc=0.7386 mi=0.0627 dn=0.0000 v13=0.0007 grl=0.0867 v15=0.0000 v15r=0.0000 v16=0.0000 v17=0.0000 v18=0.0000 acc=0.9938 lr=2.68e-04 lambda=0.000 grl_lambda=0.825 v18_lambda=0.000 gpu=3.0/11.8GB
[00:05:23] [train] ep=24 step=030/40 ce=0.3629 sc=0.8136 mi=0.0635 dn=0.0000 v13=0.0007 grl=0.0876 v15=0.0000 v15r=0.0000 v16=0.0000 v17=0.0000 v18=0.0000 acc=0.9958 lr=2.67e-04 lambda=0.000 grl_lambda=0.829 v18_lambda=0.000 gpu=3.0/11.8GB
[00:05:28] [train] ep=24 step=040/40 ce=0.3958 sc=0.8658 mi=0.0635 dn=0.0000 v13=0.0008 grl=0.0900 v15=0.0000 v15r=0.0000 v16=0.0000 v17=0.0000 v18=0.0000 acc=0.9938 lr=2.67e-04 lambda=0.000 grl_lambda=0.833 v18_lambda=0.000 gpu=3.0/11.8GB
[00:05:38] [ep_summary] ep=24/100 val_live=0.9506/0.9508 val_ema=0.6111/0.5878 test77_live=0.8273/0.8353 test77_diag_ema=0.1403/0.0352 v13=0.0008 grl=0.0900 v15=0.0000 v15r=0.0000 v16=0.0000 v17=0.0000 v18=0.0000 das=fixed_narrow[10,30] p=1.00 ep_time=33.0s
[00:05:38] [save] best_sourceval_ema val_acc_ema=0.6111 source_val_live=0.9506/0.9508 source_val_ema=0.6111/0.5878 ep=24
[00:05:38] [train] epoch 25/100 steps=40 use_dann=0 das=fixed_narrow f=[10.0,30.0] p=1.00 gpu=3.0/11.8GB
[00:05:39] [train] ep=25 step=001/40 ce=0.6975 sc=0.8333 mi=0.0583 dn=0.0000 v13=0.0006 grl=0.0596 v15=0.0000 v15r=0.0000 v16=0.0000 v17=0.0000 v18=0.0000 acc=0.9375 lr=2.67e-04 lambda=0.000 grl_lambda=0.834 v18_lambda=0.000 gpu=3.0/11.8GB
[00:05:44] [train] ep=25 step=010/40 ce=0.4191 sc=0.7434 mi=0.0650 dn=0.0000 v13=0.0007 grl=0.0844 v15=0.0000 v15r=0.0000 v16=0.0000 v17=0.0000 v18=0.0000 acc=0.9875 lr=2.66e-04 lambda=0.000 grl_lambda=0.837 v18_lambda=0.000 gpu=3.0/11.8GB
[00:05:50] [train] ep=25 step=020/40 ce=0.4788 sc=0.8553 mi=0.0649 dn=0.0000 v13=0.0007 grl=0.0814 v15=0.0000 v15r=0.0000 v16=0.0000 v17=0.0000 v18=0.0000 acc=0.9875 lr=2.65e-04 lambda=0.000 grl_lambda=0.841 v18_lambda=0.000 gpu=3.0/11.8GB
[00:05:56] [train] ep=25 step=030/40 ce=0.5465 sc=0.8655 mi=0.0654 dn=0.0000 v13=0.0007 grl=0.0828 v15=0.0000 v15r=0.0000 v16=0.0000 v17=0.0000 v18=0.0000 acc=0.9812 lr=2.64e-04 lambda=0.000 grl_lambda=0.844 v18_lambda=0.000 gpu=3.0/11.8GB
[00:06:02] [train] ep=25 step=040/40 ce=0.4997 sc=0.8288 mi=0.0653 dn=0.0000 v13=0.0008 grl=0.0852 v15=0.0000 v15r=0.0000 v16=0.0000 v17=0.0000 v18=0.0000 acc=0.9859 lr=2.64e-04 lambda=0.000 grl_lambda=0.848 v18_lambda=0.000 gpu=3.0/11.8GB
[00:06:11] [ep_summary] ep=25/100 val_live=0.9506/0.9503 val_ema=0.6481/0.6203 test77_live=0.8489/0.8453 test77_diag_ema=0.1403/0.0352 v13=0.0008 grl=0.0852 v15=0.0000 v15r=0.0000 v16=0.0000 v17=0.0000 v18=0.0000 das=fixed_narrow[10,30] p=1.00 ep_time=33.2s
[00:06:11] [save] best_sourceval_ema val_acc_ema=0.6481 source_val_live=0.9506/0.9503 source_val_ema=0.6481/0.6203 ep=25
[00:06:12] [train] epoch 26/100 steps=40 use_dann=0 das=fixed_narrow f=[10.0,30.0] p=1.00 gpu=3.0/11.8GB
[00:06:12] [train] ep=26 step=001/40 ce=0.8457 sc=0.8227 mi=0.0579 dn=0.0000 v13=0.0009 grl=0.0750 v15=0.0000 v15r=0.0000 v16=0.0000 v17=0.0000 v18=0.0000 acc=0.9375 lr=2.64e-04 lambda=0.000 grl_lambda=0.848 v18_lambda=0.000 gpu=3.0/11.8GB
[00:06:17] [train] ep=26 step=010/40 ce=0.4777 sc=0.7203 mi=0.0641 dn=0.0000 v13=0.0010 grl=0.0821 v15=0.0000 v15r=0.0000 v16=0.0000 v17=0.0000 v18=0.0000 acc=0.9812 lr=2.63e-04 lambda=0.000 grl_lambda=0.851 v18_lambda=0.000 gpu=3.0/11.8GB
[00:06:23] [train] ep=26 step=020/40 ce=0.4528 sc=0.7698 mi=0.0636 dn=0.0000 v13=0.0009 grl=0.0768 v15=0.0000 v15r=0.0000 v16=0.0000 v17=0.0000 v18=0.0000 acc=0.9844 lr=2.62e-04 lambda=0.000 grl_lambda=0.855 v18_lambda=0.000 gpu=3.0/11.8GB
[00:06:29] [train] ep=26 step=030/40 ce=0.4528 sc=0.8009 mi=0.0616 dn=0.0000 v13=0.0008 grl=0.0758 v15=0.0000 v15r=0.0000 v16=0.0000 v17=0.0000 v18=0.0000 acc=0.9854 lr=2.61e-04 lambda=0.000 grl_lambda=0.858 v18_lambda=0.000 gpu=3.0/11.8GB
[00:06:35] [train] ep=26 step=040/40 ce=0.4527 sc=0.8093 mi=0.0615 dn=0.0000 v13=0.0008 grl=0.0787 v15=0.0000 v15r=0.0000 v16=0.0000 v17=0.0000 v18=0.0000 acc=0.9859 lr=2.60e-04 lambda=0.000 grl_lambda=0.861 v18_lambda=0.000 gpu=3.0/11.8GB
[00:06:45] [ep_summary] ep=26/100 val_live=0.9506/0.9503 val_ema=0.6790/0.6524 test77_live=0.8633/0.8607 test77_diag_ema=0.1403/0.0352 v13=0.0008 grl=0.0787 v15=0.0000 v15r=0.0000 v16=0.0000 v17=0.0000 v18=0.0000 das=fixed_narrow[10,30] p=1.00 ep_time=33.1s
[00:06:45] [save] best_sourceval_ema val_acc_ema=0.6790 source_val_live=0.9506/0.9503 source_val_ema=0.6790/0.6524 ep=26
[00:06:45] [train] epoch 27/100 steps=40 use_dann=0 das=fixed_narrow f=[10.0,30.0] p=1.00 gpu=3.0/11.8GB
[00:06:45] [train] ep=27 step=001/40 ce=0.2718 sc=1.0103 mi=0.0543 dn=0.0000 v13=0.0003 grl=0.1147 v15=0.0000 v15r=0.0000 v16=0.0000 v17=0.0000 v18=0.0000 acc=1.0000 lr=2.60e-04 lambda=0.000 grl_lambda=0.862 v18_lambda=0.000 gpu=3.0/11.8GB
[00:06:50] [train] ep=27 step=010/40 ce=0.3568 sc=0.8385 mi=0.0611 dn=0.0000 v13=0.0006 grl=0.0795 v15=0.0000 v15r=0.0000 v16=0.0000 v17=0.0000 v18=0.0000 acc=0.9938 lr=2.60e-04 lambda=0.000 grl_lambda=0.865 v18_lambda=0.000 gpu=3.0/11.8GB
[00:06:56] [train] ep=27 step=020/40 ce=0.3692 sc=0.8618 mi=0.0617 dn=0.0000 v13=0.0005 grl=0.0841 v15=0.0000 v15r=0.0000 v16=0.0000 v17=0.0000 v18=0.0000 acc=0.9938 lr=2.59e-04 lambda=0.000 grl_lambda=0.868 v18_lambda=0.000 gpu=3.0/11.8GB
[00:07:02] [train] ep=27 step=030/40 ce=0.4430 sc=0.9093 mi=0.0616 dn=0.0000 v13=0.0005 grl=0.0869 v15=0.0000 v15r=0.0000 v16=0.0000 v17=0.0000 v18=0.0000 acc=0.9896 lr=2.58e-04 lambda=0.000 grl_lambda=0.871 v18_lambda=0.000 gpu=3.0/11.8GB
[00:07:08] [train] ep=27 step=040/40 ce=0.4847 sc=0.9141 mi=0.0614 dn=0.0000 v13=0.0005 grl=0.0850 v15=0.0000 v15r=0.0000 v16=0.0000 v17=0.0000 v18=0.0000 acc=0.9875 lr=2.57e-04 lambda=0.000 grl_lambda=0.874 v18_lambda=0.000 gpu=3.0/11.8GB
[00:07:18] [ep_summary] ep=27/100 val_live=0.9506/0.9498 val_ema=0.7160/0.6874 test77_live=0.8453/0.8399 test77_diag_ema=0.1403/0.0352 v13=0.0005 grl=0.0850 v15=0.0000 v15r=0.0000 v16=0.0000 v17=0.0000 v18=0.0000 das=fixed_narrow[10,30] p=1.00 ep_time=33.1s
[00:07:18] [save] best_sourceval_ema val_acc_ema=0.7160 source_val_live=0.9506/0.9498 source_val_ema=0.7160/0.6874 ep=27
[00:07:18] [train] epoch 28/100 steps=40 use_dann=0 das=fixed_narrow f=[10.0,30.0] p=1.00 gpu=3.0/11.8GB
[00:07:18] [train] ep=28 step=001/40 ce=0.3062 sc=1.0627 mi=0.0517 dn=0.0000 v13=0.0006 grl=0.0762 v15=0.0000 v15r=0.0000 v16=0.0000 v17=0.0000 v18=0.0000 acc=1.0000 lr=2.57e-04 lambda=0.000 grl_lambda=0.874 v18_lambda=0.000 gpu=3.0/11.8GB
[00:07:24] [train] ep=28 step=010/40 ce=0.3995 sc=0.8832 mi=0.0624 dn=0.0000 v13=0.0006 grl=0.0778 v15=0.0000 v15r=0.0000 v16=0.0000 v17=0.0000 v18=0.0000 acc=0.9938 lr=2.56e-04 lambda=0.000 grl_lambda=0.877 v18_lambda=0.000 gpu=3.0/11.8GB
[00:07:29] [train] ep=28 step=020/40 ce=0.4719 sc=0.8518 mi=0.0614 dn=0.0000 v13=0.0006 grl=0.0823 v15=0.0000 v15r=0.0000 v16=0.0000 v17=0.0000 v18=0.0000 acc=0.9875 lr=2.55e-04 lambda=0.000 grl_lambda=0.880 v18_lambda=0.000 gpu=3.0/11.8GB
[00:07:35] [train] ep=28 step=030/40 ce=0.5147 sc=0.8258 mi=0.0613 dn=0.0000 v13=0.0006 grl=0.0873 v15=0.0000 v15r=0.0000 v16=0.0000 v17=0.0000 v18=0.0000 acc=0.9812 lr=2.54e-04 lambda=0.000 grl_lambda=0.882 v18_lambda=0.000 gpu=3.0/11.8GB
[00:07:41] [train] ep=28 step=040/40 ce=0.5011 sc=0.8300 mi=0.0628 dn=0.0000 v13=0.0006 grl=0.0865 v15=0.0000 v15r=0.0000 v16=0.0000 v17=0.0000 v18=0.0000 acc=0.9828 lr=2.54e-04 lambda=0.000 grl_lambda=0.885 v18_lambda=0.000 gpu=3.0/11.8GB
[00:07:51] [ep_summary] ep=28/100 val_live=0.9506/0.9503 val_ema=0.7469/0.7147 test77_live=0.8849/0.8818 test77_diag_ema=0.1403/0.0352 v13=0.0006 grl=0.0865 v15=0.0000 v15r=0.0000 v16=0.0000 v17=0.0000 v18=0.0000 das=fixed_narrow[10,30] p=1.00 ep_time=33.1s
[00:07:51] [save] best_sourceval_ema val_acc_ema=0.7469 source_val_live=0.9506/0.9503 source_val_ema=0.7469/0.7147 ep=28
[00:07:51] [train] epoch 29/100 steps=40 use_dann=0 das=fixed_narrow f=[10.0,30.0] p=1.00 gpu=3.0/11.8GB
[00:07:52] [train] ep=29 step=001/40 ce=0.2814 sc=0.9656 mi=0.0435 dn=0.0000 v13=0.0005 grl=0.0627 v15=0.0000 v15r=0.0000 v16=0.0000 v17=0.0000 v18=0.0000 acc=1.0000 lr=2.53e-04 lambda=0.000 grl_lambda=0.885 v18_lambda=0.000 gpu=3.0/11.8GB
[00:07:57] [train] ep=29 step=010/40 ce=0.3687 sc=0.7331 mi=0.0573 dn=0.0000 v13=0.0006 grl=0.0793 v15=0.0000 v15r=0.0000 v16=0.0000 v17=0.0000 v18=0.0000 acc=0.9938 lr=2.53e-04 lambda=0.000 grl_lambda=0.888 v18_lambda=0.000 gpu=3.0/11.8GB
[00:08:03] [train] ep=29 step=020/40 ce=0.4903 sc=0.7987 mi=0.0586 dn=0.0000 v13=0.0006 grl=0.0811 v15=0.0000 v15r=0.0000 v16=0.0000 v17=0.0000 v18=0.0000 acc=0.9844 lr=2.52e-04 lambda=0.000 grl_lambda=0.890 v18_lambda=0.000 gpu=3.0/11.8GB
[00:08:08] [train] ep=29 step=030/40 ce=0.4592 sc=0.7994 mi=0.0587 dn=0.0000 v13=0.0005 grl=0.0809 v15=0.0000 v15r=0.0000 v16=0.0000 v17=0.0000 v18=0.0000 acc=0.9875 lr=2.51e-04 lambda=0.000 grl_lambda=0.893 v18_lambda=0.000 gpu=3.0/11.8GB
[00:08:14] [train] ep=29 step=040/40 ce=0.4566 sc=0.7974 mi=0.0601 dn=0.0000 v13=0.0005 grl=0.0805 v15=0.0000 v15r=0.0000 v16=0.0000 v17=0.0000 v18=0.0000 acc=0.9875 lr=2.50e-04 lambda=0.000 grl_lambda=0.895 v18_lambda=0.000 gpu=3.0/11.8GB
[00:08:24] [ep_summary] ep=29/100 val_live=0.9691/0.9695 val_ema=0.7778/0.7555 test77_live=0.9029/0.9050 test77_diag_ema=0.1439/0.0422 v13=0.0005 grl=0.0805 v15=0.0000 v15r=0.0000 v16=0.0000 v17=0.0000 v18=0.0000 das=fixed_narrow[10,30] p=1.00 ep_time=33.0s
[00:08:24] [save] best_sourceval_ema val_acc_ema=0.7778 source_val_live=0.9691/0.9695 source_val_ema=0.7778/0.7555 ep=29
[00:08:24] [train] epoch 30/100 steps=40 use_dann=0 das=fixed_narrow f=[10.0,30.0] p=1.00 gpu=3.0/11.8GB
[00:08:25] [train] ep=30 step=001/40 ce=0.2830 sc=1.3832 mi=0.0670 dn=0.0000 v13=0.0004 grl=0.0910 v15=0.0000 v15r=0.0000 v16=0.0000 v17=0.0000 v18=0.0000 acc=1.0000 lr=2.50e-04 lambda=0.000 grl_lambda=0.896 v18_lambda=0.000 gpu=3.0/11.8GB
[00:08:30] [train] ep=30 step=010/40 ce=0.3967 sc=0.8503 mi=0.0639 dn=0.0000 v13=0.0005 grl=0.0911 v15=0.0000 v15r=0.0000 v16=0.0000 v17=0.0000 v18=0.0000 acc=0.9875 lr=2.49e-04 lambda=0.000 grl_lambda=0.898 v18_lambda=0.000 gpu=3.0/11.8GB
[00:08:36] [train] ep=30 step=020/40 ce=0.4064 sc=0.8478 mi=0.0635 dn=0.0000 v13=0.0006 grl=0.0910 v15=0.0000 v15r=0.0000 v16=0.0000 v17=0.0000 v18=0.0000 acc=0.9875 lr=2.48e-04 lambda=0.000 grl_lambda=0.900 v18_lambda=0.000 gpu=3.0/11.8GB
[00:08:41] [train] ep=30 step=030/40 ce=0.3989 sc=0.8908 mi=0.0629 dn=0.0000 v13=0.0006 grl=0.0906 v15=0.0000 v15r=0.0000 v16=0.0000 v17=0.0000 v18=0.0000 acc=0.9896 lr=2.47e-04 lambda=0.000 grl_lambda=0.903 v18_lambda=0.000 gpu=3.0/11.8GB
[00:08:47] [train] ep=30 step=040/40 ce=0.4253 sc=0.9363 mi=0.0630 dn=0.0000 v13=0.0006 grl=0.0901 v15=0.0000 v15r=0.0000 v16=0.0000 v17=0.0000 v18=0.0000 acc=0.9891 lr=2.46e-04 lambda=0.000 grl_lambda=0.905 v18_lambda=0.000 gpu=3.0/11.8GB
[00:08:57] [pool] check ep=030/100 source_val_acc_ema=0.7901 threshold=0.90
[00:08:57] [pool] ep=030 SKIP (source_val_acc_ema=0.7901 < 0.90)
[00:08:57] [ep_summary] ep=30/100 val_live=0.9691/0.9688 val_ema=0.7901/0.7787 test77_live=0.9173/0.9181 test77_diag_ema=0.1475/0.0490 v13=0.0006 grl=0.0901 v15=0.0000 v15r=0.0000 v16=0.0000 v17=0.0000 v18=0.0000 das=fixed_narrow[10,30] p=1.00 ep_time=33.1s
[00:08:57] [save] best_sourceval_ema val_acc_ema=0.7901 source_val_live=0.9691/0.9688 source_val_ema=0.7901/0.7787 ep=30
[00:08:57] [strict77_monitor] ep=30 best_source_epoch=30 source_val_ema=0.7901/0.7787 test77_ema_diag=0.1475/0.0490 sourcequalified_count=0
[00:08:57] [train] epoch 31/100 steps=40 use_dann=0 das=fixed_narrow f=[10.0,30.0] p=1.00 gpu=3.0/11.8GB
[00:08:58] [train] ep=31 step=001/40 ce=0.2753 sc=1.0542 mi=0.0528 dn=0.0000 v13=0.0005 grl=0.0874 v15=0.0000 v15r=0.0000 v16=0.0000 v17=0.0000 v18=0.0000 acc=1.0000 lr=2.46e-04 lambda=0.000 grl_lambda=0.905 v18_lambda=0.000 gpu=3.0/11.8GB
[00:09:03] [train] ep=31 step=010/40 ce=0.2926 sc=0.7758 mi=0.0622 dn=0.0000 v13=0.0005 grl=0.0820 v15=0.0000 v15r=0.0000 v16=0.0000 v17=0.0000 v18=0.0000 acc=1.0000 lr=2.45e-04 lambda=0.000 grl_lambda=0.907 v18_lambda=0.000 gpu=3.0/11.8GB
[00:09:09] [train] ep=31 step=020/40 ce=0.2847 sc=0.7521 mi=0.0622 dn=0.0000 v13=0.0005 grl=0.0836 v15=0.0000 v15r=0.0000 v16=0.0000 v17=0.0000 v18=0.0000 acc=1.0000 lr=2.44e-04 lambda=0.000 grl_lambda=0.909 v18_lambda=0.000 gpu=3.0/11.8GB
[00:09:15] [train] ep=31 step=030/40 ce=0.2798 sc=0.7229 mi=0.0624 dn=0.0000 v13=0.0005 grl=0.0862 v15=0.0000 v15r=0.0000 v16=0.0000 v17=0.0000 v18=0.0000 acc=1.0000 lr=2.43e-04 lambda=0.000 grl_lambda=0.911 v18_lambda=0.000 gpu=3.0/11.8GB
[00:09:20] [train] ep=31 step=040/40 ce=0.2858 sc=0.7279 mi=0.0628 dn=0.0000 v13=0.0005 grl=0.0876 v15=0.0000 v15r=0.0000 v16=0.0000 v17=0.0000 v18=0.0000 acc=1.0000 lr=2.43e-04 lambda=0.000 grl_lambda=0.914 v18_lambda=0.000 gpu=3.0/11.8GB
[00:09:30] [ep_summary] ep=31/100 val_live=0.9691/0.9688 val_ema=0.8210/0.8157 test77_live=0.8957/0.8959 test77_diag_ema=0.1691/0.0856 v13=0.0005 grl=0.0876 v15=0.0000 v15r=0.0000 v16=0.0000 v17=0.0000 v18=0.0000 das=fixed_narrow[10,30] p=1.00 ep_time=33.2s
[00:09:31] [save] best_sourceval_ema val_acc_ema=0.8210 source_val_live=0.9691/0.9688 source_val_ema=0.8210/0.8157 ep=31
[00:09:31] [train] epoch 32/100 steps=40 use_dann=0 das=fixed_narrow f=[10.0,30.0] p=1.00 gpu=3.0/11.8GB
[00:09:32] [train] ep=32 step=001/40 ce=0.2654 sc=0.5476 mi=0.0549 dn=0.0000 v13=0.0005 grl=0.0778 v15=0.0000 v15r=0.0000 v16=0.0000 v17=0.0000 v18=0.0000 acc=1.0000 lr=2.42e-04 lambda=0.000 grl_lambda=0.914 v18_lambda=0.000 gpu=3.0/11.8GB
[00:09:37] [train] ep=32 step=010/40 ce=0.2965 sc=0.7189 mi=0.0632 dn=0.0000 v13=0.0006 grl=0.0982 v15=0.0000 v15r=0.0000 v16=0.0000 v17=0.0000 v18=0.0000 acc=1.0000 lr=2.42e-04 lambda=0.000 grl_lambda=0.916 v18_lambda=0.000 gpu=3.0/11.8GB
[00:09:43] [train] ep=32 step=020/40 ce=0.3867 sc=0.8596 mi=0.0623 dn=0.0000 v13=0.0006 grl=0.0847 v15=0.0000 v15r=0.0000 v16=0.0000 v17=0.0000 v18=0.0000 acc=0.9938 lr=2.41e-04 lambda=0.000 grl_lambda=0.918 v18_lambda=0.000 gpu=3.0/11.8GB
[00:09:49] [train] ep=32 step=030/40 ce=0.3931 sc=0.8605 mi=0.0626 dn=0.0000 v13=0.0005 grl=0.0802 v15=0.0000 v15r=0.0000 v16=0.0000 v17=0.0000 v18=0.0000 acc=0.9917 lr=2.40e-04 lambda=0.000 grl_lambda=0.920 v18_lambda=0.000 gpu=3.0/11.8GB
[00:09:55] [train] ep=32 step=040/40 ce=0.3988 sc=0.8611 mi=0.0627 dn=0.0000 v13=0.0005 grl=0.0786 v15=0.0000 v15r=0.0000 v16=0.0000 v17=0.0000 v18=0.0000 acc=0.9922 lr=2.39e-04 lambda=0.000 grl_lambda=0.921 v18_lambda=0.000 gpu=3.0/11.8GB
[00:10:05] [ep_summary] ep=32/100 val_live=0.9383/0.9362 val_ema=0.8333/0.8298 test77_live=0.8813/0.8746 test77_diag_ema=0.1871/0.1096 v13=0.0005 grl=0.0786 v15=0.0000 v15r=0.0000 v16=0.0000 v17=0.0000 v18=0.0000 das=fixed_narrow[10,30] p=1.00 ep_time=34.5s
[00:10:05] [save] best_sourceval_ema val_acc_ema=0.8333 source_val_live=0.9383/0.9362 source_val_ema=0.8333/0.8298 ep=32
[00:10:05] [train] epoch 33/100 steps=40 use_dann=0 das=fixed_narrow f=[10.0,30.0] p=1.00 gpu=3.0/11.8GB
[00:10:06] [train] ep=33 step=001/40 ce=1.5838 sc=1.3452 mi=0.0760 dn=0.0000 v13=0.0005 grl=0.0540 v15=0.0000 v15r=0.0000 v16=0.0000 v17=0.0000 v18=0.0000 acc=0.9375 lr=2.39e-04 lambda=0.000 grl_lambda=0.922 v18_lambda=0.000 gpu=3.0/11.8GB
[00:10:12] [train] ep=33 step=010/40 ce=0.5538 sc=0.8045 mi=0.0678 dn=0.0000 v13=0.0005 grl=0.0779 v15=0.0000 v15r=0.0000 v16=0.0000 v17=0.0000 v18=0.0000 acc=0.9812 lr=2.38e-04 lambda=0.000 grl_lambda=0.923 v18_lambda=0.000 gpu=3.0/11.8GB
[00:10:18] [train] ep=33 step=020/40 ce=0.5376 sc=0.8253 mi=0.0650 dn=0.0000 v13=0.0005 grl=0.0847 v15=0.0000 v15r=0.0000 v16=0.0000 v17=0.0000 v18=0.0000 acc=0.9844 lr=2.37e-04 lambda=0.000 grl_lambda=0.925 v18_lambda=0.000 gpu=3.0/11.8GB
[00:10:24] [train] ep=33 step=030/40 ce=0.4870 sc=0.7960 mi=0.0637 dn=0.0000 v13=0.0005 grl=0.0852 v15=0.0000 v15r=0.0000 v16=0.0000 v17=0.0000 v18=0.0000 acc=0.9875 lr=2.36e-04 lambda=0.000 grl_lambda=0.927 v18_lambda=0.000 gpu=3.0/11.8GB
[00:10:30] [train] ep=33 step=040/40 ce=0.5206 sc=0.8134 mi=0.0635 dn=0.0000 v13=0.0005 grl=0.0844 v15=0.0000 v15r=0.0000 v16=0.0000 v17=0.0000 v18=0.0000 acc=0.9844 lr=2.35e-04 lambda=0.000 grl_lambda=0.929 v18_lambda=0.000 gpu=3.0/11.8GB
[00:10:39] [ep_summary] ep=33/100 val_live=0.9444/0.9417 val_ema=0.8519/0.8484 test77_live=0.8741/0.8703 test77_diag_ema=0.1978/0.1219 v13=0.0005 grl=0.0844 v15=0.0000 v15r=0.0000 v16=0.0000 v17=0.0000 v18=0.0000 das=fixed_narrow[10,30] p=1.00 ep_time=34.3s
[00:10:39] [save] best_sourceval_ema val_acc_ema=0.8519 source_val_live=0.9444/0.9417 source_val_ema=0.8519/0.8484 ep=33
[00:10:40] [train] epoch 34/100 steps=40 use_dann=0 das=fixed_narrow f=[10.0,30.0] p=1.00 gpu=3.0/11.8GB
[00:10:40] [train] ep=34 step=001/40 ce=1.6622 sc=0.7891 mi=0.0667 dn=0.0000 v13=0.0010 grl=0.0515 v15=0.0000 v15r=0.0000 v16=0.0000 v17=0.0000 v18=0.0000 acc=0.8750 lr=2.35e-04 lambda=0.000 grl_lambda=0.929 v18_lambda=0.000 gpu=3.0/11.8GB
[00:10:45] [train] ep=34 step=010/40 ce=0.7853 sc=0.9304 mi=0.0630 dn=0.0000 v13=0.0007 grl=0.0813 v15=0.0000 v15r=0.0000 v16=0.0000 v17=0.0000 v18=0.0000 acc=0.9625 lr=2.34e-04 lambda=0.000 grl_lambda=0.930 v18_lambda=0.000 gpu=3.0/11.8GB
[00:10:51] [train] ep=34 step=020/40 ce=0.7117 sc=0.9902 mi=0.0634 dn=0.0000 v13=0.0006 grl=0.0881 v15=0.0000 v15r=0.0000 v16=0.0000 v17=0.0000 v18=0.0000 acc=0.9688 lr=2.33e-04 lambda=0.000 grl_lambda=0.932 v18_lambda=0.000 gpu=3.0/11.8GB
[00:10:57] [train] ep=34 step=030/40 ce=0.6045 sc=0.9253 mi=0.0636 dn=0.0000 v13=0.0006 grl=0.0862 v15=0.0000 v15r=0.0000 v16=0.0000 v17=0.0000 v18=0.0000 acc=0.9771 lr=2.32e-04 lambda=0.000 grl_lambda=0.934 v18_lambda=0.000 gpu=3.0/11.8GB
[00:11:03] [train] ep=34 step=040/40 ce=0.5571 sc=0.9081 mi=0.0626 dn=0.0000 v13=0.0006 grl=0.0866 v15=0.0000 v15r=0.0000 v16=0.0000 v17=0.0000 v18=0.0000 acc=0.9812 lr=2.31e-04 lambda=0.000 grl_lambda=0.935 v18_lambda=0.000 gpu=3.0/11.8GB
[00:11:13] [ep_summary] ep=34/100 val_live=0.9568/0.9558 val_ema=0.8642/0.8621 test77_live=0.8777/0.8742 test77_diag_ema=0.2086/0.1332 v13=0.0006 grl=0.0866 v15=0.0000 v15r=0.0000 v16=0.0000 v17=0.0000 v18=0.0000 das=fixed_narrow[10,30] p=1.00 ep_time=33.1s
[00:11:13] [save] best_sourceval_ema val_acc_ema=0.8642 source_val_live=0.9568/0.9558 source_val_ema=0.8642/0.8621 ep=34
[00:11:13] [train] epoch 35/100 steps=40 use_dann=0 das=fixed_narrow f=[10.0,30.0] p=1.00 gpu=3.0/11.8GB
[00:11:13] [train] ep=35 step=001/40 ce=0.2664 sc=1.1354 mi=0.0579 dn=0.0000 v13=0.0005 grl=0.1125 v15=0.0000 v15r=0.0000 v16=0.0000 v17=0.0000 v18=0.0000 acc=1.0000 lr=2.31e-04 lambda=0.000 grl_lambda=0.935 v18_lambda=0.000 gpu=3.0/11.8GB
[00:11:18] [train] ep=35 step=010/40 ce=0.3098 sc=0.8306 mi=0.0605 dn=0.0000 v13=0.0005 grl=0.0992 v15=0.0000 v15r=0.0000 v16=0.0000 v17=0.0000 v18=0.0000 acc=1.0000 lr=2.30e-04 lambda=0.000 grl_lambda=0.937 v18_lambda=0.000 gpu=3.0/11.8GB
[00:11:24] [train] ep=35 step=020/40 ce=0.3601 sc=0.8108 mi=0.0626 dn=0.0000 v13=0.0005 grl=0.0875 v15=0.0000 v15r=0.0000 v16=0.0000 v17=0.0000 v18=0.0000 acc=0.9969 lr=2.29e-04 lambda=0.000 grl_lambda=0.938 v18_lambda=0.000 gpu=3.0/11.8GB
[00:11:30] [train] ep=35 step=030/40 ce=0.4013 sc=0.8349 mi=0.0620 dn=0.0000 v13=0.0005 grl=0.0839 v15=0.0000 v15r=0.0000 v16=0.0000 v17=0.0000 v18=0.0000 acc=0.9917 lr=2.28e-04 lambda=0.000 grl_lambda=0.940 v18_lambda=0.000 gpu=3.0/11.8GB
[00:11:36] [train] ep=35 step=040/40 ce=0.3720 sc=0.7999 mi=0.0607 dn=0.0000 v13=0.0005 grl=0.0830 v15=0.0000 v15r=0.0000 v16=0.0000 v17=0.0000 v18=0.0000 acc=0.9938 lr=2.27e-04 lambda=0.000 grl_lambda=0.941 v18_lambda=0.000 gpu=3.0/11.8GB
[00:11:46] [ep_summary] ep=35/100 val_live=0.9691/0.9687 val_ema=0.8704/0.8698 test77_live=0.8597/0.8567 test77_diag_ema=0.2518/0.1807 v13=0.0005 grl=0.0830 v15=0.0000 v15r=0.0000 v16=0.0000 v17=0.0000 v18=0.0000 das=fixed_narrow[10,30] p=1.00 ep_time=33.1s
[00:11:46] [save] best_sourceval_ema val_acc_ema=0.8704 source_val_live=0.9691/0.9687 source_val_ema=0.8704/0.8698 ep=35
[00:11:46] [train] epoch 36/100 steps=40 use_dann=0 das=fixed_narrow f=[10.0,30.0] p=1.00 gpu=3.0/11.8GB
[00:11:46] [train] ep=36 step=001/40 ce=0.2815 sc=0.9817 mi=0.0577 dn=0.0000 v13=0.0005 grl=0.1087 v15=0.0000 v15r=0.0000 v16=0.0000 v17=0.0000 v18=0.0000 acc=1.0000 lr=2.26e-04 lambda=0.000 grl_lambda=0.941 v18_lambda=0.000 gpu=3.0/11.8GB
[00:11:52] [train] ep=36 step=010/40 ce=0.3475 sc=0.7975 mi=0.0586 dn=0.0000 v13=0.0006 grl=0.0799 v15=0.0000 v15r=0.0000 v16=0.0000 v17=0.0000 v18=0.0000 acc=0.9938 lr=2.25e-04 lambda=0.000 grl_lambda=0.943 v18_lambda=0.000 gpu=3.0/11.8GB
[00:11:57] [train] ep=36 step=020/40 ce=0.3200 sc=0.7756 mi=0.0578 dn=0.0000 v13=0.0006 grl=0.0736 v15=0.0000 v15r=0.0000 v16=0.0000 v17=0.0000 v18=0.0000 acc=0.9969 lr=2.24e-04 lambda=0.000 grl_lambda=0.944 v18_lambda=0.000 gpu=3.0/11.8GB
[00:12:03] [train] ep=36 step=030/40 ce=0.3247 sc=0.7979 mi=0.0580 dn=0.0000 v13=0.0006 grl=0.0750 v15=0.0000 v15r=0.0000 v16=0.0000 v17=0.0000 v18=0.0000 acc=0.9979 lr=2.23e-04 lambda=0.000 grl_lambda=0.945 v18_lambda=0.000 gpu=3.0/11.8GB
[00:12:09] [train] ep=36 step=040/40 ce=0.3561 sc=0.8269 mi=0.0590 dn=0.0000 v13=0.0006 grl=0.0777 v15=0.0000 v15r=0.0000 v16=0.0000 v17=0.0000 v18=0.0000 acc=0.9969 lr=2.22e-04 lambda=0.000 grl_lambda=0.947 v18_lambda=0.000 gpu=3.0/11.8GB
[00:12:19] [ep_summary] ep=36/100 val_live=0.9630/0.9630 val_ema=0.8765/0.8746 test77_live=0.8381/0.8339 test77_diag_ema=0.2842/0.2156 v13=0.0006 grl=0.0777 v15=0.0000 v15r=0.0000 v16=0.0000 v17=0.0000 v18=0.0000 das=fixed_narrow[10,30] p=1.00 ep_time=33.1s
[00:12:19] [save] best_sourceval_ema val_acc_ema=0.8765 source_val_live=0.9630/0.9630 source_val_ema=0.8765/0.8746 ep=36
[00:12:19] [train] epoch 37/100 steps=40 use_dann=0 das=fixed_narrow f=[10.0,30.0] p=1.00 gpu=3.0/11.8GB
[00:12:20] [train] ep=37 step=001/40 ce=0.6619 sc=1.4437 mi=0.0628 dn=0.0000 v13=0.0003 grl=0.1602 v15=0.0000 v15r=0.0000 v16=0.0000 v17=0.0000 v18=0.0000 acc=0.9375 lr=2.22e-04 lambda=0.000 grl_lambda=0.947 v18_lambda=0.000 gpu=3.0/11.8GB
[00:12:25] [train] ep=37 step=010/40 ce=0.5179 sc=0.8578 mi=0.0628 dn=0.0000 v13=0.0005 grl=0.0870 v15=0.0000 v15r=0.0000 v16=0.0000 v17=0.0000 v18=0.0000 acc=0.9750 lr=2.21e-04 lambda=0.000 grl_lambda=0.948 v18_lambda=0.000 gpu=3.0/11.8GB
[00:12:31] [train] ep=37 step=020/40 ce=0.4217 sc=0.8838 mi=0.0619 dn=0.0000 v13=0.0005 grl=0.0901 v15=0.0000 v15r=0.0000 v16=0.0000 v17=0.0000 v18=0.0000 acc=0.9875 lr=2.20e-04 lambda=0.000 grl_lambda=0.949 v18_lambda=0.000 gpu=3.0/11.8GB
[00:12:37] [train] ep=37 step=030/40 ce=0.4493 sc=0.8707 mi=0.0610 dn=0.0000 v13=0.0006 grl=0.0856 v15=0.0000 v15r=0.0000 v16=0.0000 v17=0.0000 v18=0.0000 acc=0.9875 lr=2.19e-04 lambda=0.000 grl_lambda=0.950 v18_lambda=0.000 gpu=3.0/11.8GB
[00:12:42] [train] ep=37 step=040/40 ce=0.4057 sc=0.8567 mi=0.0609 dn=0.0000 v13=0.0006 grl=0.0899 v15=0.0000 v15r=0.0000 v16=0.0000 v17=0.0000 v18=0.0000 acc=0.9906 lr=2.18e-04 lambda=0.000 grl_lambda=0.952 v18_lambda=0.000 gpu=3.0/11.8GB
[00:12:52] [ep_summary] ep=37/100 val_live=0.9568/0.9565 val_ema=0.8951/0.8947 test77_live=0.8777/0.8721 test77_diag_ema=0.2986/0.2361 v13=0.0006 grl=0.0899 v15=0.0000 v15r=0.0000 v16=0.0000 v17=0.0000 v18=0.0000 das=fixed_narrow[10,30] p=1.00 ep_time=33.2s
[00:12:52] [save] best_sourceval_ema val_acc_ema=0.8951 source_val_live=0.9568/0.9565 source_val_ema=0.8951/0.8947 ep=37
[00:12:52] [train] epoch 38/100 steps=40 use_dann=0 das=fixed_narrow f=[10.0,30.0] p=1.00 gpu=3.0/11.8GB
[00:12:53] [train] ep=38 step=001/40 ce=0.2654 sc=0.8795 mi=0.0723 dn=0.0000 v13=0.0003 grl=0.0676 v15=0.0000 v15r=0.0000 v16=0.0000 v17=0.0000 v18=0.0000 acc=1.0000 lr=2.18e-04 lambda=0.000 grl_lambda=0.952 v18_lambda=0.000 gpu=3.0/11.8GB
[00:12:58] [train] ep=38 step=010/40 ce=0.3446 sc=0.7561 mi=0.0611 dn=0.0000 v13=0.0005 grl=0.0799 v15=0.0000 v15r=0.0000 v16=0.0000 v17=0.0000 v18=0.0000 acc=0.9938 lr=2.17e-04 lambda=0.000 grl_lambda=0.953 v18_lambda=0.000 gpu=3.0/11.8GB
[00:13:04] [train] ep=38 step=020/40 ce=0.3587 sc=0.7628 mi=0.0600 dn=0.0000 v13=0.0005 grl=0.0819 v15=0.0000 v15r=0.0000 v16=0.0000 v17=0.0000 v18=0.0000 acc=0.9938 lr=2.16e-04 lambda=0.000 grl_lambda=0.954 v18_lambda=0.000 gpu=3.0/11.8GB
[00:13:10] [train] ep=38 step=030/40 ce=0.3374 sc=0.7349 mi=0.0602 dn=0.0000 v13=0.0005 grl=0.0802 v15=0.0000 v15r=0.0000 v16=0.0000 v17=0.0000 v18=0.0000 acc=0.9958 lr=2.15e-04 lambda=0.000 grl_lambda=0.955 v18_lambda=0.000 gpu=3.0/11.8GB
[00:13:16] [train] ep=38 step=040/40 ce=0.3756 sc=0.7456 mi=0.0598 dn=0.0000 v13=0.0005 grl=0.0814 v15=0.0000 v15r=0.0000 v16=0.0000 v17=0.0000 v18=0.0000 acc=0.9922 lr=2.14e-04 lambda=0.000 grl_lambda=0.956 v18_lambda=0.000 gpu=3.0/11.8GB
[00:13:25] [ep_summary] ep=38/100 val_live=0.9506/0.9499 val_ema=0.9074/0.9085 test77_live=0.8561/0.8474 test77_diag_ema=0.3309/0.2807 v13=0.0005 grl=0.0814 v15=0.0000 v15r=0.0000 v16=0.0000 v17=0.0000 v18=0.0000 das=fixed_narrow[10,30] p=1.00 ep_time=33.0s
[00:13:26] [save] best_sourceval_ema val_acc_ema=0.9074 source_val_live=0.9506/0.9499 source_val_ema=0.9074/0.9085 ep=38
[00:13:26] [save] best_sourcequalified77_ema ep=38 source_val_live=0.9506/0.9499 source_val_ema=0.9074/0.9085 test77_ema=0.3309/0.2807
[00:13:26] [train] epoch 39/100 steps=40 use_dann=0 das=fixed_narrow f=[10.0,30.0] p=1.00 gpu=3.0/11.8GB
[00:13:26] [train] ep=39 step=001/40 ce=0.2916 sc=0.4590 mi=0.0596 dn=0.0000 v13=0.0006 grl=0.0775 v15=0.0000 v15r=0.0000 v16=0.0000 v17=0.0000 v18=0.0000 acc=1.0000 lr=2.14e-04 lambda=0.000 grl_lambda=0.956 v18_lambda=0.000 gpu=3.0/11.8GB
[00:13:31] [train] ep=39 step=010/40 ce=0.4922 sc=0.8826 mi=0.0561 dn=0.0000 v13=0.0006 grl=0.0773 v15=0.0000 v15r=0.0000 v16=0.0000 v17=0.0000 v18=0.0000 acc=0.9812 lr=2.13e-04 lambda=0.000 grl_lambda=0.957 v18_lambda=0.000 gpu=3.0/11.8GB
[00:13:37] [train] ep=39 step=020/40 ce=0.4236 sc=0.8757 mi=0.0572 dn=0.0000 v13=0.0006 grl=0.0738 v15=0.0000 v15r=0.0000 v16=0.0000 v17=0.0000 v18=0.0000 acc=0.9906 lr=2.11e-04 lambda=0.000 grl_lambda=0.958 v18_lambda=0.000 gpu=3.0/11.8GB
[00:13:43] [train] ep=39 step=030/40 ce=0.3976 sc=0.8604 mi=0.0581 dn=0.0000 v13=0.0006 grl=0.0742 v15=0.0000 v15r=0.0000 v16=0.0000 v17=0.0000 v18=0.0000 acc=0.9917 lr=2.10e-04 lambda=0.000 grl_lambda=0.959 v18_lambda=0.000 gpu=3.0/11.8GB
[00:13:49] [train] ep=39 step=040/40 ce=0.4074 sc=0.8401 mi=0.0587 dn=0.0000 v13=0.0006 grl=0.0786 v15=0.0000 v15r=0.0000 v16=0.0000 v17=0.0000 v18=0.0000 acc=0.9891 lr=2.09e-04 lambda=0.000 grl_lambda=0.960 v18_lambda=0.000 gpu=3.0/11.8GB
[00:13:59] [ep_summary] ep=39/100 val_live=0.9568/0.9568 val_ema=0.9198/0.9212 test77_live=0.7590/0.7392 test77_diag_ema=0.3705/0.3299 v13=0.0006 grl=0.0786 v15=0.0000 v15r=0.0000 v16=0.0000 v17=0.0000 v18=0.0000 das=fixed_narrow[10,30] p=1.00 ep_time=33.1s
[00:13:59] [save] best_sourceval_ema val_acc_ema=0.9198 source_val_live=0.9568/0.9568 source_val_ema=0.9198/0.9212 ep=39
[00:13:59] [save] best_sourcequalified77_ema ep=39 source_val_live=0.9568/0.9568 source_val_ema=0.9198/0.9212 test77_ema=0.3705/0.3299
[00:13:59] [train] epoch 40/100 steps=40 use_dann=0 das=fixed_narrow f=[10.0,30.0] p=1.00 gpu=3.0/11.8GB
[00:13:59] [train] ep=40 step=001/40 ce=1.0690 sc=1.7460 mi=0.0638 dn=0.0000 v13=0.0004 grl=0.0414 v15=0.0000 v15r=0.0000 v16=0.0000 v17=0.0000 v18=0.0000 acc=0.9375 lr=2.09e-04 lambda=0.000 grl_lambda=0.960 v18_lambda=0.000 gpu=3.0/11.8GB
[00:14:06] [train] ep=40 step=010/40 ce=0.6111 sc=0.9178 mi=0.0580 dn=0.0000 v13=0.0005 grl=0.0679 v15=0.0000 v15r=0.0000 v16=0.0000 v17=0.0000 v18=0.0000 acc=0.9750 lr=2.08e-04 lambda=0.000 grl_lambda=0.961 v18_lambda=0.000 gpu=3.0/11.8GB
[00:14:12] [train] ep=40 step=020/40 ce=0.5139 sc=0.9078 mi=0.0593 dn=0.0000 v13=0.0005 grl=0.0706 v15=0.0000 v15r=0.0000 v16=0.0000 v17=0.0000 v18=0.0000 acc=0.9812 lr=2.07e-04 lambda=0.000 grl_lambda=0.962 v18_lambda=0.000 gpu=3.0/11.8GB
[00:14:18] [train] ep=40 step=030/40 ce=0.4866 sc=0.9129 mi=0.0603 dn=0.0000 v13=0.0005 grl=0.0786 v15=0.0000 v15r=0.0000 v16=0.0000 v17=0.0000 v18=0.0000 acc=0.9812 lr=2.06e-04 lambda=0.000 grl_lambda=0.963 v18_lambda=0.000 gpu=3.0/11.8GB
[00:14:23] [train] ep=40 step=040/40 ce=0.5624 sc=0.9646 mi=0.0606 dn=0.0000 v13=0.0005 grl=0.0848 v15=0.0000 v15r=0.0000 v16=0.0000 v17=0.0000 v18=0.0000 acc=0.9750 lr=2.05e-04 lambda=0.000 grl_lambda=0.964 v18_lambda=0.000 gpu=3.0/11.8GB
[00:14:33] [pool] check ep=040/100 source_val_acc_ema=0.9321 threshold=0.90
[00:14:39] [pool] ep=040 ADDED src_val=0.9321/0.9343 dev77=0.3500/0.3162 final77=0.4173/0.3865
[00:14:39] [pool] running best ep=040 dev77_f1=0.3162 final77_f1=0.3865 (pool_size=1)
[00:14:40] [ep_summary] ep=40/100 val_live=0.9815/0.9816 val_ema=0.9321/0.9343 test77_live=0.8129/0.8078 test77_diag_ema=0.4173/0.3865 v13=0.0005 grl=0.0848 v15=0.0000 v15r=0.0000 v16=0.0000 v17=0.0000 v18=0.0000 das=fixed_narrow[10,30] p=1.00 ep_time=40.8s
[00:14:40] [save] best_sourceval_ema val_acc_ema=0.9321 source_val_live=0.9815/0.9816 source_val_ema=0.9321/0.9343 ep=40
[00:14:40] [save] best_sourcequalified77_ema ep=40 source_val_live=0.9815/0.9816 source_val_ema=0.9321/0.9343 test77_ema=0.4173/0.3865
[00:14:40] [strict77_monitor] ep=40 best_source_epoch=40 source_val_ema=0.9321/0.9343 test77_ema_diag=0.4173/0.3865 sourcequalified_count=3 best_sourcequalified77_epoch=40 source_val_ema=0.9321/0.9343 test77_ema=0.4173/0.3865
[00:14:40] [train] epoch 41/100 steps=40 use_dann=0 das=fixed_narrow f=[10.0,30.0] p=1.00 gpu=3.0/11.8GB
[00:14:40] [train] ep=41 step=001/40 ce=0.4252 sc=0.7426 mi=0.0557 dn=0.0000 v13=0.0003 grl=0.0613 v15=0.0000 v15r=0.0000 v16=0.0000 v17=0.0000 v18=0.0000 acc=1.0000 lr=2.05e-04 lambda=0.000 grl_lambda=0.964 v18_lambda=0.000 gpu=3.0/11.8GB
[00:14:45] [train] ep=41 step=010/40 ce=0.4945 sc=0.7356 mi=0.0564 dn=0.0000 v13=0.0005 grl=0.0898 v15=0.0000 v15r=0.0000 v16=0.0000 v17=0.0000 v18=0.0000 acc=0.9938 lr=2.04e-04 lambda=0.000 grl_lambda=0.965 v18_lambda=0.000 gpu=3.0/11.8GB
[00:14:51] [train] ep=41 step=020/40 ce=0.4761 sc=0.7789 mi=0.0571 dn=0.0000 v13=0.0005 grl=0.0793 v15=0.0000 v15r=0.0000 v16=0.0000 v17=0.0000 v18=0.0000 acc=0.9906 lr=2.02e-04 lambda=0.000 grl_lambda=0.966 v18_lambda=0.000 gpu=3.0/11.8GB
[00:14:57] [train] ep=41 step=030/40 ce=0.4783 sc=0.8240 mi=0.0586 dn=0.0000 v13=0.0005 grl=0.0821 v15=0.0000 v15r=0.0000 v16=0.0000 v17=0.0000 v18=0.0000 acc=0.9875 lr=2.01e-04 lambda=0.000 grl_lambda=0.967 v18_lambda=0.000 gpu=3.0/11.8GB
[00:15:03] [train] ep=41 step=040/40 ce=0.4466 sc=0.7772 mi=0.0590 dn=0.0000 v13=0.0005 grl=0.0819 v15=0.0000 v15r=0.0000 v16=0.0000 v17=0.0000 v18=0.0000 acc=0.9891 lr=2.00e-04 lambda=0.000 grl_lambda=0.967 v18_lambda=0.000 gpu=3.0/11.8GB
[00:15:13] [ep_summary] ep=41/100 val_live=0.9691/0.9688 val_ema=0.9444/0.9465 test77_live=0.8777/0.8780 test77_diag_ema=0.4317/0.3994 v13=0.0005 grl=0.0819 v15=0.0000 v15r=0.0000 v16=0.0000 v17=0.0000 v18=0.0000 das=fixed_narrow[10,30] p=1.00 ep_time=33.1s
[00:15:13] [save] best_sourceval_ema val_acc_ema=0.9444 source_val_live=0.9691/0.9688 source_val_ema=0.9444/0.9465 ep=41
[00:15:13] [save] best_sourcequalified77_ema ep=41 source_val_live=0.9691/0.9688 source_val_ema=0.9444/0.9465 test77_ema=0.4317/0.3994
[00:15:13] [train] epoch 42/100 steps=40 use_dann=0 das=fixed_narrow f=[10.0,30.0] p=1.00 gpu=3.0/11.8GB
[00:15:13] [train] ep=42 step=001/40 ce=0.2701 sc=0.6174 mi=0.0534 dn=0.0000 v13=0.0005 grl=0.0487 v15=0.0000 v15r=0.0000 v16=0.0000 v17=0.0000 v18=0.0000 acc=1.0000 lr=2.00e-04 lambda=0.000 grl_lambda=0.967 v18_lambda=0.000 gpu=3.0/11.8GB
[00:15:19] [train] ep=42 step=010/40 ce=0.3648 sc=0.7649 mi=0.0609 dn=0.0000 v13=0.0003 grl=0.0725 v15=0.0000 v15r=0.0000 v16=0.0000 v17=0.0000 v18=0.0000 acc=0.9938 lr=1.99e-04 lambda=0.000 grl_lambda=0.968 v18_lambda=0.000 gpu=3.0/11.8GB
[00:15:24] [train] ep=42 step=020/40 ce=0.4829 sc=0.7964 mi=0.0609 dn=0.0000 v13=0.0004 grl=0.0817 v15=0.0000 v15r=0.0000 v16=0.0000 v17=0.0000 v18=0.0000 acc=0.9844 lr=1.98e-04 lambda=0.000 grl_lambda=0.969 v18_lambda=0.000 gpu=3.0/11.8GB
[00:15:30] [train] ep=42 step=030/40 ce=0.4675 sc=0.8111 mi=0.0605 dn=0.0000 v13=0.0004 grl=0.0793 v15=0.0000 v15r=0.0000 v16=0.0000 v17=0.0000 v18=0.0000 acc=0.9833 lr=1.97e-04 lambda=0.000 grl_lambda=0.970 v18_lambda=0.000 gpu=3.0/11.8GB
[00:15:36] [train] ep=42 step=040/40 ce=0.4413 sc=0.8364 mi=0.0601 dn=0.0000 v13=0.0005 grl=0.0810 v15=0.0000 v15r=0.0000 v16=0.0000 v17=0.0000 v18=0.0000 acc=0.9859 lr=1.96e-04 lambda=0.000 grl_lambda=0.970 v18_lambda=0.000 gpu=3.0/11.8GB
[00:15:46] [ep_summary] ep=42/100 val_live=0.9506/0.9499 val_ema=0.9506/0.9526 test77_live=0.8669/0.8646 test77_diag_ema=0.4604/0.4310 v13=0.0005 grl=0.0810 v15=0.0000 v15r=0.0000 v16=0.0000 v17=0.0000 v18=0.0000 das=fixed_narrow[10,30] p=1.00 ep_time=33.1s
[00:15:46] [save] best_sourceval_ema val_acc_ema=0.9506 source_val_live=0.9506/0.9499 source_val_ema=0.9506/0.9526 ep=42
[00:15:46] [save] best_sourcequalified77_ema ep=42 source_val_live=0.9506/0.9499 source_val_ema=0.9506/0.9526 test77_ema=0.4604/0.4310
[00:15:46] [train] epoch 43/100 steps=40 use_dann=0 das=fixed_narrow f=[10.0,30.0] p=1.00 gpu=3.0/11.8GB
[00:15:47] [train] ep=43 step=001/40 ce=1.0429 sc=1.0787 mi=0.0576 dn=0.0000 v13=0.0007 grl=0.0586 v15=0.0000 v15r=0.0000 v16=0.0000 v17=0.0000 v18=0.0000 acc=0.9375 lr=1.95e-04 lambda=0.000 grl_lambda=0.970 v18_lambda=0.000 gpu=3.0/11.8GB
[00:15:52] [train] ep=43 step=010/40 ce=0.3649 sc=0.7856 mi=0.0614 dn=0.0000 v13=0.0005 grl=0.0762 v15=0.0000 v15r=0.0000 v16=0.0000 v17=0.0000 v18=0.0000 acc=0.9938 lr=1.94e-04 lambda=0.000 grl_lambda=0.971 v18_lambda=0.000 gpu=3.0/11.8GB
[00:15:58] [train] ep=43 step=020/40 ce=0.3569 sc=0.8259 mi=0.0598 dn=0.0000 v13=0.0005 grl=0.0813 v15=0.0000 v15r=0.0000 v16=0.0000 v17=0.0000 v18=0.0000 acc=0.9938 lr=1.93e-04 lambda=0.000 grl_lambda=0.972 v18_lambda=0.000 gpu=3.0/11.8GB
[00:16:04] [train] ep=43 step=030/40 ce=0.3529 sc=0.8446 mi=0.0590 dn=0.0000 v13=0.0005 grl=0.0821 v15=0.0000 v15r=0.0000 v16=0.0000 v17=0.0000 v18=0.0000 acc=0.9938 lr=1.92e-04 lambda=0.000 grl_lambda=0.972 v18_lambda=0.000 gpu=3.0/11.8GB
[00:16:09] [train] ep=43 step=040/40 ce=0.3543 sc=0.8127 mi=0.0597 dn=0.0000 v13=0.0005 grl=0.0807 v15=0.0000 v15r=0.0000 v16=0.0000 v17=0.0000 v18=0.0000 acc=0.9938 lr=1.91e-04 lambda=0.000 grl_lambda=0.973 v18_lambda=0.000 gpu=3.0/11.8GB
[00:16:19] [ep_summary] ep=43/100 val_live=0.9630/0.9622 val_ema=0.9568/0.9582 test77_live=0.8741/0.8724 test77_diag_ema=0.5072/0.4773 v13=0.0005 grl=0.0807 v15=0.0000 v15r=0.0000 v16=0.0000 v17=0.0000 v18=0.0000 das=fixed_narrow[10,30] p=1.00 ep_time=33.4s
[00:16:20] [save] best_sourceval_ema val_acc_ema=0.9568 source_val_live=0.9630/0.9622 source_val_ema=0.9568/0.9582 ep=43
[00:16:20] [save] best_sourcequalified77_ema ep=43 source_val_live=0.9630/0.9622 source_val_ema=0.9568/0.9582 test77_ema=0.5072/0.4773
[00:16:20] [train] epoch 44/100 steps=40 use_dann=0 das=fixed_narrow f=[10.0,30.0] p=1.00 gpu=3.0/11.8GB
[00:16:20] [train] ep=44 step=001/40 ce=0.4401 sc=0.5711 mi=0.0617 dn=0.0000 v13=0.0003 grl=0.0635 v15=0.0000 v15r=0.0000 v16=0.0000 v17=0.0000 v18=0.0000 acc=1.0000 lr=1.91e-04 lambda=0.000 grl_lambda=0.973 v18_lambda=0.000 gpu=3.0/11.8GB
[00:16:25] [train] ep=44 step=010/40 ce=0.2944 sc=0.7669 mi=0.0603 dn=0.0000 v13=0.0005 grl=0.0912 v15=0.0000 v15r=0.0000 v16=0.0000 v17=0.0000 v18=0.0000 acc=1.0000 lr=1.90e-04 lambda=0.000 grl_lambda=0.974 v18_lambda=0.000 gpu=3.0/11.8GB
[00:16:31] [train] ep=44 step=020/40 ce=0.2880 sc=0.8000 mi=0.0595 dn=0.0000 v13=0.0005 grl=0.0875 v15=0.0000 v15r=0.0000 v16=0.0000 v17=0.0000 v18=0.0000 acc=1.0000 lr=1.89e-04 lambda=0.000 grl_lambda=0.974 v18_lambda=0.000 gpu=3.0/11.8GB
[00:16:37] [train] ep=44 step=030/40 ce=0.2903 sc=0.7652 mi=0.0593 dn=0.0000 v13=0.0005 grl=0.0861 v15=0.0000 v15r=0.0000 v16=0.0000 v17=0.0000 v18=0.0000 acc=1.0000 lr=1.87e-04 lambda=0.000 grl_lambda=0.975 v18_lambda=0.000 gpu=3.0/11.8GB
[00:16:43] [train] ep=44 step=040/40 ce=0.2967 sc=0.7473 mi=0.0593 dn=0.0000 v13=0.0005 grl=0.0846 v15=0.0000 v15r=0.0000 v16=0.0000 v17=0.0000 v18=0.0000 acc=0.9984 lr=1.86e-04 lambda=0.000 grl_lambda=0.976 v18_lambda=0.000 gpu=3.0/11.8GB
[00:16:53] [ep_summary] ep=44/100 val_live=0.9691/0.9687 val_ema=0.9568/0.9582 test77_live=0.8957/0.8942 test77_diag_ema=0.5252/0.4971 v13=0.0005 grl=0.0846 v15=0.0000 v15r=0.0000 v16=0.0000 v17=0.0000 v18=0.0000 das=fixed_narrow[10,30] p=1.00 ep_time=33.1s
[00:16:53] [save] best_sourcequalified77_ema ep=44 source_val_live=0.9691/0.9687 source_val_ema=0.9568/0.9582 test77_ema=0.5252/0.4971
[00:16:53] [train] epoch 45/100 steps=40 use_dann=0 das=fixed_narrow f=[10.0,30.0] p=1.00 gpu=3.0/11.8GB
[00:16:53] [train] ep=45 step=001/40 ce=0.5980 sc=1.3709 mi=0.0634 dn=0.0000 v13=0.0004 grl=0.0514 v15=0.0000 v15r=0.0000 v16=0.0000 v17=0.0000 v18=0.0000 acc=1.0000 lr=1.86e-04 lambda=0.000 grl_lambda=0.976 v18_lambda=0.000 gpu=3.0/11.8GB
[00:16:58] [train] ep=45 step=010/40 ce=0.3593 sc=0.8099 mi=0.0597 dn=0.0000 v13=0.0004 grl=0.0745 v15=0.0000 v15r=0.0000 v16=0.0000 v17=0.0000 v18=0.0000 acc=0.9938 lr=1.85e-04 lambda=0.000 grl_lambda=0.976 v18_lambda=0.000 gpu=3.0/11.8GB
[00:17:04] [train] ep=45 step=020/40 ce=0.3821 sc=0.7669 mi=0.0593 dn=0.0000 v13=0.0005 grl=0.0808 v15=0.0000 v15r=0.0000 v16=0.0000 v17=0.0000 v18=0.0000 acc=0.9938 lr=1.84e-04 lambda=0.000 grl_lambda=0.977 v18_lambda=0.000 gpu=3.0/11.8GB
[00:17:10] [train] ep=45 step=030/40 ce=0.3823 sc=0.8114 mi=0.0589 dn=0.0000 v13=0.0005 grl=0.0840 v15=0.0000 v15r=0.0000 v16=0.0000 v17=0.0000 v18=0.0000 acc=0.9917 lr=1.83e-04 lambda=0.000 grl_lambda=0.977 v18_lambda=0.000 gpu=3.0/11.8GB
[00:17:16] [train] ep=45 step=040/40 ce=0.3756 sc=0.8405 mi=0.0591 dn=0.0000 v13=0.0005 grl=0.0854 v15=0.0000 v15r=0.0000 v16=0.0000 v17=0.0000 v18=0.0000 acc=0.9922 lr=1.81e-04 lambda=0.000 grl_lambda=0.978 v18_lambda=0.000 gpu=3.0/11.8GB
[00:17:26] [ep_summary] ep=45/100 val_live=0.9630/0.9628 val_ema=0.9630/0.9643 test77_live=0.8957/0.8948 test77_diag_ema=0.5504/0.5246 v13=0.0005 grl=0.0854 v15=0.0000 v15r=0.0000 v16=0.0000 v17=0.0000 v18=0.0000 das=fixed_narrow[10,30] p=1.00 ep_time=33.1s
[00:17:26] [save] best_sourceval_ema val_acc_ema=0.9630 source_val_live=0.9630/0.9628 source_val_ema=0.9630/0.9643 ep=45
[00:17:26] [save] best_sourcequalified77_ema ep=45 source_val_live=0.9630/0.9628 source_val_ema=0.9630/0.9643 test77_ema=0.5504/0.5246
[00:17:26] [train] epoch 46/100 steps=40 use_dann=0 das=fixed_narrow f=[10.0,30.0] p=1.00 gpu=3.0/11.8GB
[00:17:26] [train] ep=46 step=001/40 ce=0.2650 sc=0.6462 mi=0.0558 dn=0.0000 v13=0.0003 grl=0.0983 v15=0.0000 v15r=0.0000 v16=0.0000 v17=0.0000 v18=0.0000 acc=1.0000 lr=1.81e-04 lambda=0.000 grl_lambda=0.978 v18_lambda=0.000 gpu=3.0/11.8GB
[00:17:32] [train] ep=46 step=010/40 ce=0.3531 sc=0.8416 mi=0.0579 dn=0.0000 v13=0.0005 grl=0.0861 v15=0.0000 v15r=0.0000 v16=0.0000 v17=0.0000 v18=0.0000 acc=0.9938 lr=1.80e-04 lambda=0.000 grl_lambda=0.979 v18_lambda=0.000 gpu=3.0/11.8GB
[00:17:37] [train] ep=46 step=020/40 ce=0.3350 sc=0.8657 mi=0.0582 dn=0.0000 v13=0.0006 grl=0.0847 v15=0.0000 v15r=0.0000 v16=0.0000 v17=0.0000 v18=0.0000 acc=0.9938 lr=1.79e-04 lambda=0.000 grl_lambda=0.979 v18_lambda=0.000 gpu=3.0/11.8GB
[00:17:43] [train] ep=46 step=030/40 ce=0.3492 sc=0.8607 mi=0.0583 dn=0.0000 v13=0.0006 grl=0.0845 v15=0.0000 v15r=0.0000 v16=0.0000 v17=0.0000 v18=0.0000 acc=0.9938 lr=1.78e-04 lambda=0.000 grl_lambda=0.980 v18_lambda=0.000 gpu=3.0/11.8GB
[00:17:49] [train] ep=46 step=040/40 ce=0.3652 sc=0.8724 mi=0.0581 dn=0.0000 v13=0.0005 grl=0.0844 v15=0.0000 v15r=0.0000 v16=0.0000 v17=0.0000 v18=0.0000 acc=0.9922 lr=1.77e-04 lambda=0.000 grl_lambda=0.980 v18_lambda=0.000 gpu=3.0/11.8GB
[00:17:59] [ep_summary] ep=46/100 val_live=0.9753/0.9749 val_ema=0.9691/0.9703 test77_live=0.9029/0.9023 test77_diag_ema=0.5827/0.5664 v13=0.0005 grl=0.0844 v15=0.0000 v15r=0.0000 v16=0.0000 v17=0.0000 v18=0.0000 das=fixed_narrow[10,30] p=1.00 ep_time=33.0s
[00:17:59] [save] best_sourceval_ema val_acc_ema=0.9691 source_val_live=0.9753/0.9749 source_val_ema=0.9691/0.9703 ep=46
[00:17:59] [save] best_sourcequalified77_ema ep=46 source_val_live=0.9753/0.9749 source_val_ema=0.9691/0.9703 test77_ema=0.5827/0.5664
[00:17:59] [train] epoch 47/100 steps=40 use_dann=0 das=fixed_narrow f=[10.0,30.0] p=1.00 gpu=3.0/11.8GB
[00:17:59] [train] ep=47 step=001/40 ce=0.3555 sc=0.7326 mi=0.0595 dn=0.0000 v13=0.0005 grl=0.0777 v15=0.0000 v15r=0.0000 v16=0.0000 v17=0.0000 v18=0.0000 acc=1.0000 lr=1.77e-04 lambda=0.000 grl_lambda=0.980 v18_lambda=0.000 gpu=3.0/11.8GB
[00:18:05] [train] ep=47 step=010/40 ce=0.3925 sc=0.9548 mi=0.0595 dn=0.0000 v13=0.0004 grl=0.0785 v15=0.0000 v15r=0.0000 v16=0.0000 v17=0.0000 v18=0.0000 acc=0.9875 lr=1.76e-04 lambda=0.000 grl_lambda=0.981 v18_lambda=0.000 gpu=3.0/11.8GB
[00:18:10] [train] ep=47 step=020/40 ce=0.3362 sc=0.9182 mi=0.0600 dn=0.0000 v13=0.0004 grl=0.0793 v15=0.0000 v15r=0.0000 v16=0.0000 v17=0.0000 v18=0.0000 acc=0.9938 lr=1.74e-04 lambda=0.000 grl_lambda=0.981 v18_lambda=0.000 gpu=3.0/11.8GB
[00:18:16] [train] ep=47 step=030/40 ce=0.3240 sc=0.8460 mi=0.0591 dn=0.0000 v13=0.0005 grl=0.0819 v15=0.0000 v15r=0.0000 v16=0.0000 v17=0.0000 v18=0.0000 acc=0.9958 lr=1.73e-04 lambda=0.000 grl_lambda=0.981 v18_lambda=0.000 gpu=3.0/11.8GB
[00:18:22] [train] ep=47 step=040/40 ce=0.3443 sc=0.8287 mi=0.0604 dn=0.0000 v13=0.0005 grl=0.0864 v15=0.0000 v15r=0.0000 v16=0.0000 v17=0.0000 v18=0.0000 acc=0.9938 lr=1.72e-04 lambda=0.000 grl_lambda=0.982 v18_lambda=0.000 gpu=3.0/11.8GB
[00:18:32] [ep_summary] ep=47/100 val_live=0.9506/0.9499 val_ema=0.9691/0.9703 test77_live=0.8957/0.8942 test77_diag_ema=0.6079/0.5919 v13=0.0005 grl=0.0864 v15=0.0000 v15r=0.0000 v16=0.0000 v17=0.0000 v18=0.0000 das=fixed_narrow[10,30] p=1.00 ep_time=33.0s
[00:18:32] [save] best_sourcequalified77_ema ep=47 source_val_live=0.9506/0.9499 source_val_ema=0.9691/0.9703 test77_ema=0.6079/0.5919
[00:18:32] [train] epoch 48/100 steps=40 use_dann=0 das=fixed_narrow f=[10.0,30.0] p=1.00 gpu=3.0/11.8GB
[00:18:33] [train] ep=48 step=001/40 ce=0.2667 sc=0.7296 mi=0.0539 dn=0.0000 v13=0.0004 grl=0.0807 v15=0.0000 v15r=0.0000 v16=0.0000 v17=0.0000 v18=0.0000 acc=1.0000 lr=1.72e-04 lambda=0.000 grl_lambda=0.982 v18_lambda=0.000 gpu=3.0/11.8GB
[00:18:38] [train] ep=48 step=010/40 ce=0.3409 sc=0.8045 mi=0.0580 dn=0.0000 v13=0.0004 grl=0.0810 v15=0.0000 v15r=0.0000 v16=0.0000 v17=0.0000 v18=0.0000 acc=0.9875 lr=1.71e-04 lambda=0.000 grl_lambda=0.982 v18_lambda=0.000 gpu=3.0/11.8GB
[00:18:44] [train] ep=48 step=020/40 ce=0.3533 sc=0.7768 mi=0.0585 dn=0.0000 v13=0.0005 grl=0.0837 v15=0.0000 v15r=0.0000 v16=0.0000 v17=0.0000 v18=0.0000 acc=0.9875 lr=1.69e-04 lambda=0.000 grl_lambda=0.983 v18_lambda=0.000 gpu=3.0/11.8GB
[00:18:49] [train] ep=48 step=030/40 ce=0.3543 sc=0.8114 mi=0.0584 dn=0.0000 v13=0.0005 grl=0.0846 v15=0.0000 v15r=0.0000 v16=0.0000 v17=0.0000 v18=0.0000 acc=0.9896 lr=1.68e-04 lambda=0.000 grl_lambda=0.983 v18_lambda=0.000 gpu=3.0/11.8GB
[00:18:55] [train] ep=48 step=040/40 ce=0.3344 sc=0.7987 mi=0.0583 dn=0.0000 v13=0.0005 grl=0.0835 v15=0.0000 v15r=0.0000 v16=0.0000 v17=0.0000 v18=0.0000 acc=0.9922 lr=1.67e-04 lambda=0.000 grl_lambda=0.984 v18_lambda=0.000 gpu=3.0/11.8GB
[00:19:05] [ep_summary] ep=48/100 val_live=0.9568/0.9567 val_ema=0.9691/0.9703 test77_live=0.8201/0.8091 test77_diag_ema=0.6295/0.6184 v13=0.0005 grl=0.0835 v15=0.0000 v15r=0.0000 v16=0.0000 v17=0.0000 v18=0.0000 das=fixed_narrow[10,30] p=1.00 ep_time=33.1s
[00:19:05] [save] best_sourcequalified77_ema ep=48 source_val_live=0.9568/0.9567 source_val_ema=0.9691/0.9703 test77_ema=0.6295/0.6184
[00:19:05] [train] epoch 49/100 steps=40 use_dann=0 das=fixed_narrow f=[10.0,30.0] p=1.00 gpu=3.0/11.8GB
[00:19:06] [train] ep=49 step=001/40 ce=0.2746 sc=0.7968 mi=0.0669 dn=0.0000 v13=0.0005 grl=0.1020 v15=0.0000 v15r=0.0000 v16=0.0000 v17=0.0000 v18=0.0000 acc=1.0000 lr=1.67e-04 lambda=0.000 grl_lambda=0.984 v18_lambda=0.000 gpu=3.0/11.8GB
[00:19:11] [train] ep=49 step=010/40 ce=0.3434 sc=0.6725 mi=0.0602 dn=0.0000 v13=0.0005 grl=0.0991 v15=0.0000 v15r=0.0000 v16=0.0000 v17=0.0000 v18=0.0000 acc=0.9938 lr=1.66e-04 lambda=0.000 grl_lambda=0.984 v18_lambda=0.000 gpu=3.0/11.8GB
[00:19:17] [train] ep=49 step=020/40 ce=0.3657 sc=0.7337 mi=0.0601 dn=0.0000 v13=0.0005 grl=0.0979 v15=0.0000 v15r=0.0000 v16=0.0000 v17=0.0000 v18=0.0000 acc=0.9938 lr=1.65e-04 lambda=0.000 grl_lambda=0.984 v18_lambda=0.000 gpu=3.0/11.8GB
[00:19:22] [train] ep=49 step=030/40 ce=0.3802 sc=0.7574 mi=0.0590 dn=0.0000 v13=0.0005 grl=0.0860 v15=0.0000 v15r=0.0000 v16=0.0000 v17=0.0000 v18=0.0000 acc=0.9917 lr=1.63e-04 lambda=0.000 grl_lambda=0.985 v18_lambda=0.000 gpu=3.0/11.8GB
[00:19:28] [train] ep=49 step=040/40 ce=0.4135 sc=0.8147 mi=0.0590 dn=0.0000 v13=0.0005 grl=0.0848 v15=0.0000 v15r=0.0000 v16=0.0000 v17=0.0000 v18=0.0000 acc=0.9891 lr=1.62e-04 lambda=0.000 grl_lambda=0.985 v18_lambda=0.000 gpu=3.0/11.8GB
[00:19:38] [ep_summary] ep=49/100 val_live=0.9444/0.9428 val_ema=0.9568/0.9582 test77_live=0.8669/0.8623 test77_diag_ema=0.6691/0.6594 v13=0.0005 grl=0.0848 v15=0.0000 v15r=0.0000 v16=0.0000 v17=0.0000 v18=0.0000 das=fixed_narrow[10,30] p=1.00 ep_time=33.0s
[00:19:38] [save] best_sourcequalified77_ema ep=49 source_val_live=0.9444/0.9428 source_val_ema=0.9568/0.9582 test77_ema=0.6691/0.6594
[00:19:38] [train] epoch 50/100 steps=40 use_dann=0 das=fixed_narrow f=[10.0,30.0] p=1.00 gpu=3.0/11.8GB
[00:19:39] [train] ep=50 step=001/40 ce=0.2606 sc=0.6166 mi=0.0537 dn=0.0000 v13=0.0003 grl=0.0614 v15=0.0000 v15r=0.0000 v16=0.0000 v17=0.0000 v18=0.0000 acc=1.0000 lr=1.62e-04 lambda=0.000 grl_lambda=0.985 v18_lambda=0.000 gpu=3.0/11.8GB
[00:19:44] [train] ep=50 step=010/40 ce=0.3725 sc=0.8540 mi=0.0597 dn=0.0000 v13=0.0005 grl=0.0786 v15=0.0000 v15r=0.0000 v16=0.0000 v17=0.0000 v18=0.0000 acc=0.9875 lr=1.61e-04 lambda=0.000 grl_lambda=0.986 v18_lambda=0.000 gpu=3.0/11.8GB
[00:19:50] [train] ep=50 step=020/40 ce=0.3552 sc=0.8008 mi=0.0608 dn=0.0000 v13=0.0005 grl=0.0787 v15=0.0000 v15r=0.0000 v16=0.0000 v17=0.0000 v18=0.0000 acc=0.9906 lr=1.60e-04 lambda=0.000 grl_lambda=0.986 v18_lambda=0.000 gpu=3.0/11.8GB
[00:19:56] [train] ep=50 step=030/40 ce=0.3454 sc=0.8003 mi=0.0590 dn=0.0000 v13=0.0005 grl=0.0796 v15=0.0000 v15r=0.0000 v16=0.0000 v17=0.0000 v18=0.0000 acc=0.9917 lr=1.59e-04 lambda=0.000 grl_lambda=0.986 v18_lambda=0.000 gpu=3.0/11.8GB
[00:20:01] [train] ep=50 step=040/40 ce=0.3616 sc=0.8133 mi=0.0596 dn=0.0000 v13=0.0005 grl=0.0849 v15=0.0000 v15r=0.0000 v16=0.0000 v17=0.0000 v18=0.0000 acc=0.9906 lr=1.57e-04 lambda=0.000 grl_lambda=0.987 v18_lambda=0.000 gpu=3.0/11.8GB
[00:20:11] [pool] check ep=050/100 source_val_acc_ema=0.9753 threshold=0.90
[00:20:16] [pool] ep=050 ADDED src_val=0.9753/0.9757 dev77=0.7143/0.7131 final77=0.7050/0.6939
[00:20:16] [pool] running best ep=050 dev77_f1=0.7131 final77_f1=0.6939 (pool_size=2)
[00:20:16] [ep_summary] ep=50/100 val_live=0.9568/0.9563 val_ema=0.9753/0.9757 test77_live=0.8957/0.8937 test77_diag_ema=0.7050/0.6939 v13=0.0005 grl=0.0849 v15=0.0000 v15r=0.0000 v16=0.0000 v17=0.0000 v18=0.0000 das=fixed_narrow[10,30] p=1.00 ep_time=37.8s
[00:20:16] [save] best_sourceval_ema val_acc_ema=0.9753 source_val_live=0.9568/0.9563 source_val_ema=0.9753/0.9757 ep=50
[00:20:16] [save] best_sourcequalified77_ema ep=50 source_val_live=0.9568/0.9563 source_val_ema=0.9753/0.9757 test77_ema=0.7050/0.6939
[00:20:16] [strict77_monitor] ep=50 best_source_epoch=50 source_val_ema=0.9753/0.9757 test77_ema_diag=0.7050/0.6939 sourcequalified_count=13 best_sourcequalified77_epoch=50 source_val_ema=0.9753/0.9757 test77_ema=0.7050/0.6939
[00:20:16] [train] epoch 51/100 steps=40 use_dann=0 das=fixed_narrow f=[10.0,30.0] p=1.00 gpu=3.0/11.8GB
[00:20:17] [train] ep=51 step=001/40 ce=0.2617 sc=1.3645 mi=0.0514 dn=0.0000 v13=0.0004 grl=0.0461 v15=0.0000 v15r=0.0000 v16=0.0000 v17=0.0000 v18=0.0000 acc=1.0000 lr=1.57e-04 lambda=0.000 grl_lambda=0.987 v18_lambda=0.000 gpu=3.0/11.8GB
[00:20:22] [train] ep=51 step=010/40 ce=0.3890 sc=0.9216 mi=0.0596 dn=0.0000 v13=0.0004 grl=0.0817 v15=0.0000 v15r=0.0000 v16=0.0000 v17=0.0000 v18=0.0000 acc=0.9938 lr=1.56e-04 lambda=0.000 grl_lambda=0.987 v18_lambda=0.000 gpu=3.0/11.8GB
[00:20:28] [train] ep=51 step=020/40 ce=0.3551 sc=0.8844 mi=0.0576 dn=0.0000 v13=0.0004 grl=0.0826 v15=0.0000 v15r=0.0000 v16=0.0000 v17=0.0000 v18=0.0000 acc=0.9938 lr=1.55e-04 lambda=0.000 grl_lambda=0.987 v18_lambda=0.000 gpu=3.0/11.8GB
[00:20:33] [train] ep=51 step=030/40 ce=0.4285 sc=0.9687 mi=0.0574 dn=0.0000 v13=0.0004 grl=0.0849 v15=0.0000 v15r=0.0000 v16=0.0000 v17=0.0000 v18=0.0000 acc=0.9896 lr=1.54e-04 lambda=0.000 grl_lambda=0.988 v18_lambda=0.000 gpu=3.0/11.8GB
[00:20:39] [train] ep=51 step=040/40 ce=0.4247 sc=0.9488 mi=0.0574 dn=0.0000 v13=0.0004 grl=0.0843 v15=0.0000 v15r=0.0000 v16=0.0000 v17=0.0000 v18=0.0000 acc=0.9891 lr=1.53e-04 lambda=0.000 grl_lambda=0.988 v18_lambda=0.000 gpu=3.0/11.8GB
[00:20:49] [ep_summary] ep=51/100 val_live=0.9506/0.9499 val_ema=0.9753/0.9757 test77_live=0.8741/0.8717 test77_diag_ema=0.7374/0.7353 v13=0.0004 grl=0.0843 v15=0.0000 v15r=0.0000 v16=0.0000 v17=0.0000 v18=0.0000 das=fixed_narrow[10,30] p=1.00 ep_time=33.1s
[00:20:49] [save] best_sourcequalified77_ema ep=51 source_val_live=0.9506/0.9499 source_val_ema=0.9753/0.9757 test77_ema=0.7374/0.7353
[00:20:49] [train] epoch 52/100 steps=40 use_dann=0 das=fixed_narrow f=[10.0,30.0] p=1.00 gpu=3.0/11.8GB
[00:20:50] [train] ep=52 step=001/40 ce=0.2600 sc=0.5538 mi=0.0648 dn=0.0000 v13=0.0004 grl=0.1027 v15=0.0000 v15r=0.0000 v16=0.0000 v17=0.0000 v18=0.0000 acc=1.0000 lr=1.52e-04 lambda=0.000 grl_lambda=0.988 v18_lambda=0.000 gpu=3.0/11.8GB
[00:20:55] [train] ep=52 step=010/40 ce=0.4878 sc=0.8223 mi=0.0576 dn=0.0000 v13=0.0004 grl=0.0885 v15=0.0000 v15r=0.0000 v16=0.0000 v17=0.0000 v18=0.0000 acc=0.9812 lr=1.51e-04 lambda=0.000 grl_lambda=0.988 v18_lambda=0.000 gpu=3.0/11.8GB
[00:21:01] [train] ep=52 step=020/40 ce=0.5461 sc=0.8190 mi=0.0589 dn=0.0000 v13=0.0004 grl=0.0885 v15=0.0000 v15r=0.0000 v16=0.0000 v17=0.0000 v18=0.0000 acc=0.9781 lr=1.50e-04 lambda=0.000 grl_lambda=0.988 v18_lambda=0.000 gpu=3.0/11.8GB
[00:21:07] [train] ep=52 step=030/40 ce=0.5578 sc=0.8556 mi=0.0591 dn=0.0000 v13=0.0004 grl=0.0910 v15=0.0000 v15r=0.0000 v16=0.0000 v17=0.0000 v18=0.0000 acc=0.9771 lr=1.49e-04 lambda=0.000 grl_lambda=0.989 v18_lambda=0.000 gpu=3.0/11.8GB
[00:21:12] [train] ep=52 step=040/40 ce=0.4907 sc=0.8542 mi=0.0589 dn=0.0000 v13=0.0004 grl=0.0853 v15=0.0000 v15r=0.0000 v16=0.0000 v17=0.0000 v18=0.0000 acc=0.9828 lr=1.48e-04 lambda=0.000 grl_lambda=0.989 v18_lambda=0.000 gpu=3.0/11.8GB
[00:21:22] [ep_summary] ep=52/100 val_live=0.9568/0.9562 val_ema=0.9753/0.9757 test77_live=0.8561/0.8557 test77_diag_ema=0.7554/0.7524 v13=0.0004 grl=0.0853 v15=0.0000 v15r=0.0000 v16=0.0000 v17=0.0000 v18=0.0000 das=fixed_narrow[10,30] p=1.00 ep_time=33.0s
[00:21:22] [save] best_sourcequalified77_ema ep=52 source_val_live=0.9568/0.9562 source_val_ema=0.9753/0.9757 test77_ema=0.7554/0.7524
[00:21:22] [train] epoch 53/100 steps=40 use_dann=0 das=fixed_narrow f=[10.0,30.0] p=1.00 gpu=3.0/11.8GB
[00:21:23] [train] ep=53 step=001/40 ce=0.3609 sc=0.9504 mi=0.0644 dn=0.0000 v13=0.0005 grl=0.0967 v15=0.0000 v15r=0.0000 v16=0.0000 v17=0.0000 v18=0.0000 acc=1.0000 lr=1.48e-04 lambda=0.000 grl_lambda=0.989 v18_lambda=0.000 gpu=3.0/11.8GB
[00:21:28] [train] ep=53 step=010/40 ce=0.3859 sc=0.7923 mi=0.0613 dn=0.0000 v13=0.0005 grl=0.0906 v15=0.0000 v15r=0.0000 v16=0.0000 v17=0.0000 v18=0.0000 acc=0.9938 lr=1.46e-04 lambda=0.000 grl_lambda=0.989 v18_lambda=0.000 gpu=3.0/11.8GB
[00:21:34] [train] ep=53 step=020/40 ce=0.3828 sc=0.7653 mi=0.0609 dn=0.0000 v13=0.0005 grl=0.0863 v15=0.0000 v15r=0.0000 v16=0.0000 v17=0.0000 v18=0.0000 acc=0.9906 lr=1.45e-04 lambda=0.000 grl_lambda=0.990 v18_lambda=0.000 gpu=3.0/11.8GB
[00:21:40] [train] ep=53 step=030/40 ce=0.4036 sc=0.7630 mi=0.0599 dn=0.0000 v13=0.0005 grl=0.0839 v15=0.0000 v15r=0.0000 v16=0.0000 v17=0.0000 v18=0.0000 acc=0.9896 lr=1.44e-04 lambda=0.000 grl_lambda=0.990 v18_lambda=0.000 gpu=3.0/11.8GB
[00:21:45] [train] ep=53 step=040/40 ce=0.3871 sc=0.7695 mi=0.0590 dn=0.0000 v13=0.0004 grl=0.0826 v15=0.0000 v15r=0.0000 v16=0.0000 v17=0.0000 v18=0.0000 acc=0.9922 lr=1.43e-04 lambda=0.000 grl_lambda=0.990 v18_lambda=0.000 gpu=3.0/11.8GB
[00:21:55] [ep_summary] ep=53/100 val_live=0.9568/0.9563 val_ema=0.9753/0.9757 test77_live=0.8741/0.8738 test77_diag_ema=0.7734/0.7671 v13=0.0004 grl=0.0826 v15=0.0000 v15r=0.0000 v16=0.0000 v17=0.0000 v18=0.0000 das=fixed_narrow[10,30] p=1.00 ep_time=33.0s
[00:21:55] [save] best_sourcequalified77_ema ep=53 source_val_live=0.9568/0.9563 source_val_ema=0.9753/0.9757 test77_ema=0.7734/0.7671
[00:21:55] [train] epoch 54/100 steps=40 use_dann=0 das=fixed_narrow f=[10.0,30.0] p=1.00 gpu=3.0/11.8GB
[00:21:56] [train] ep=54 step=001/40 ce=0.2593 sc=1.0788 mi=0.0548 dn=0.0000 v13=0.0005 grl=0.0572 v15=0.0000 v15r=0.0000 v16=0.0000 v17=0.0000 v18=0.0000 acc=1.0000 lr=1.43e-04 lambda=0.000 grl_lambda=0.990 v18_lambda=0.000 gpu=3.0/11.8GB
[00:22:01] [train] ep=54 step=010/40 ce=0.4039 sc=0.9372 mi=0.0616 dn=0.0000 v13=0.0004 grl=0.0738 v15=0.0000 v15r=0.0000 v16=0.0000 v17=0.0000 v18=0.0000 acc=0.9875 lr=1.42e-04 lambda=0.000 grl_lambda=0.990 v18_lambda=0.000 gpu=3.0/11.8GB
[00:22:07] [train] ep=54 step=020/40 ce=0.3530 sc=0.8511 mi=0.0600 dn=0.0000 v13=0.0004 grl=0.0738 v15=0.0000 v15r=0.0000 v16=0.0000 v17=0.0000 v18=0.0000 acc=0.9938 lr=1.40e-04 lambda=0.000 grl_lambda=0.991 v18_lambda=0.000 gpu=3.0/11.8GB
[00:22:13] [train] ep=54 step=030/40 ce=0.3353 sc=0.8145 mi=0.0582 dn=0.0000 v13=0.0004 grl=0.0776 v15=0.0000 v15r=0.0000 v16=0.0000 v17=0.0000 v18=0.0000 acc=0.9958 lr=1.39e-04 lambda=0.000 grl_lambda=0.991 v18_lambda=0.000 gpu=3.0/11.8GB
[00:22:18] [train] ep=54 step=040/40 ce=0.3635 sc=0.8313 mi=0.0578 dn=0.0000 v13=0.0004 grl=0.0762 v15=0.0000 v15r=0.0000 v16=0.0000 v17=0.0000 v18=0.0000 acc=0.9938 lr=1.38e-04 lambda=0.000 grl_lambda=0.991 v18_lambda=0.000 gpu=3.0/11.8GB
[00:22:28] [ep_summary] ep=54/100 val_live=0.9444/0.9428 val_ema=0.9753/0.9757 test77_live=0.8705/0.8687 test77_diag_ema=0.8022/0.7993 v13=0.0004 grl=0.0762 v15=0.0000 v15r=0.0000 v16=0.0000 v17=0.0000 v18=0.0000 das=fixed_narrow[10,30] p=1.00 ep_time=33.0s
[00:22:28] [save] best_sourcequalified77_ema ep=54 source_val_live=0.9444/0.9428 source_val_ema=0.9753/0.9757 test77_ema=0.8022/0.7993
[00:22:28] [train] epoch 55/100 steps=40 use_dann=0 das=fixed_narrow f=[10.0,30.0] p=1.00 gpu=3.0/11.8GB
[00:22:29] [train] ep=55 step=001/40 ce=0.2760 sc=0.6770 mi=0.0542 dn=0.0000 v13=0.0005 grl=0.1087 v15=0.0000 v15r=0.0000 v16=0.0000 v17=0.0000 v18=0.0000 acc=1.0000 lr=1.38e-04 lambda=0.000 grl_lambda=0.991 v18_lambda=0.000 gpu=3.0/11.8GB
[00:22:34] [train] ep=55 step=010/40 ce=0.4452 sc=0.8421 mi=0.0591 dn=0.0000 v13=0.0005 grl=0.0787 v15=0.0000 v15r=0.0000 v16=0.0000 v17=0.0000 v18=0.0000 acc=0.9812 lr=1.37e-04 lambda=0.000 grl_lambda=0.991 v18_lambda=0.000 gpu=3.0/11.8GB
[00:22:40] [train] ep=55 step=020/40 ce=0.3858 sc=0.8290 mi=0.0594 dn=0.0000 v13=0.0004 grl=0.0881 v15=0.0000 v15r=0.0000 v16=0.0000 v17=0.0000 v18=0.0000 acc=0.9875 lr=1.36e-04 lambda=0.000 grl_lambda=0.991 v18_lambda=0.000 gpu=3.0/11.8GB
[00:22:46] [train] ep=55 step=030/40 ce=0.3678 sc=0.8338 mi=0.0589 dn=0.0000 v13=0.0005 grl=0.0848 v15=0.0000 v15r=0.0000 v16=0.0000 v17=0.0000 v18=0.0000 acc=0.9896 lr=1.34e-04 lambda=0.000 grl_lambda=0.992 v18_lambda=0.000 gpu=3.0/11.8GB
[00:22:51] [train] ep=55 step=040/40 ce=0.3560 sc=0.8681 mi=0.0590 dn=0.0000 v13=0.0004 grl=0.0855 v15=0.0000 v15r=0.0000 v16=0.0000 v17=0.0000 v18=0.0000 acc=0.9906 lr=1.33e-04 lambda=0.000 grl_lambda=0.992 v18_lambda=0.000 gpu=3.0/11.8GB
[00:23:01] [ep_summary] ep=55/100 val_live=0.9568/0.9563 val_ema=0.9753/0.9757 test77_live=0.8777/0.8780 test77_diag_ema=0.8165/0.8155 v13=0.0004 grl=0.0855 v15=0.0000 v15r=0.0000 v16=0.0000 v17=0.0000 v18=0.0000 das=fixed_narrow[10,30] p=1.00 ep_time=33.1s
[00:23:02] [save] best_sourcequalified77_ema ep=55 source_val_live=0.9568/0.9563 source_val_ema=0.9753/0.9757 test77_ema=0.8165/0.8155
[00:23:02] [train] epoch 56/100 steps=40 use_dann=0 das=fixed_narrow f=[10.0,30.0] p=1.00 gpu=3.0/11.8GB
[00:23:02] [train] ep=56 step=001/40 ce=0.9240 sc=1.3153 mi=0.0519 dn=0.0000 v13=0.0006 grl=0.0962 v15=0.0000 v15r=0.0000 v16=0.0000 v17=0.0000 v18=0.0000 acc=0.9375 lr=1.33e-04 lambda=0.000 grl_lambda=0.992 v18_lambda=0.000 gpu=3.0/11.8GB
[00:23:07] [train] ep=56 step=010/40 ce=0.3650 sc=1.0454 mi=0.0577 dn=0.0000 v13=0.0005 grl=0.0719 v15=0.0000 v15r=0.0000 v16=0.0000 v17=0.0000 v18=0.0000 acc=0.9938 lr=1.32e-04 lambda=0.000 grl_lambda=0.992 v18_lambda=0.000 gpu=3.0/11.8GB
[00:23:13] [train] ep=56 step=020/40 ce=0.3161 sc=0.8531 mi=0.0575 dn=0.0000 v13=0.0005 grl=0.0764 v15=0.0000 v15r=0.0000 v16=0.0000 v17=0.0000 v18=0.0000 acc=0.9969 lr=1.31e-04 lambda=0.000 grl_lambda=0.992 v18_lambda=0.000 gpu=3.0/11.8GB
[00:23:19] [train] ep=56 step=030/40 ce=0.3445 sc=0.8394 mi=0.0574 dn=0.0000 v13=0.0005 grl=0.0796 v15=0.0000 v15r=0.0000 v16=0.0000 v17=0.0000 v18=0.0000 acc=0.9938 lr=1.30e-04 lambda=0.000 grl_lambda=0.992 v18_lambda=0.000 gpu=3.0/11.8GB
[00:23:25] [train] ep=56 step=040/40 ce=0.3316 sc=0.8281 mi=0.0586 dn=0.0000 v13=0.0005 grl=0.0819 v15=0.0000 v15r=0.0000 v16=0.0000 v17=0.0000 v18=0.0000 acc=0.9953 lr=1.28e-04 lambda=0.000 grl_lambda=0.993 v18_lambda=0.000 gpu=3.0/11.8GB
[00:23:35] [ep_summary] ep=56/100 val_live=0.9630/0.9625 val_ema=0.9691/0.9688 test77_live=0.8705/0.8709 test77_diag_ema=0.8129/0.8119 v13=0.0005 grl=0.0819 v15=0.0000 v15r=0.0000 v16=0.0000 v17=0.0000 v18=0.0000 das=fixed_narrow[10,30] p=1.00 ep_time=33.0s
[00:23:35] [train] epoch 57/100 steps=40 use_dann=0 das=fixed_narrow f=[10.0,30.0] p=1.00 gpu=3.0/11.8GB
[00:23:35] [train] ep=57 step=001/40 ce=0.2581 sc=0.6335 mi=0.0554 dn=0.0000 v13=0.0004 grl=0.1062 v15=0.0000 v15r=0.0000 v16=0.0000 v17=0.0000 v18=0.0000 acc=1.0000 lr=1.28e-04 lambda=0.000 grl_lambda=0.993 v18_lambda=0.000 gpu=3.0/11.8GB
[00:23:40] [train] ep=57 step=010/40 ce=0.2974 sc=0.7447 mi=0.0575 dn=0.0000 v13=0.0004 grl=0.0765 v15=0.0000 v15r=0.0000 v16=0.0000 v17=0.0000 v18=0.0000 acc=0.9938 lr=1.27e-04 lambda=0.000 grl_lambda=0.993 v18_lambda=0.000 gpu=3.0/11.8GB
[00:23:46] [train] ep=57 step=020/40 ce=0.2819 sc=0.7379 mi=0.0574 dn=0.0000 v13=0.0004 grl=0.0752 v15=0.0000 v15r=0.0000 v16=0.0000 v17=0.0000 v18=0.0000 acc=0.9969 lr=1.26e-04 lambda=0.000 grl_lambda=0.993 v18_lambda=0.000 gpu=3.0/11.8GB
[00:23:52] [train] ep=57 step=030/40 ce=0.3283 sc=0.7865 mi=0.0575 dn=0.0000 v13=0.0004 grl=0.0772 v15=0.0000 v15r=0.0000 v16=0.0000 v17=0.0000 v18=0.0000 acc=0.9938 lr=1.25e-04 lambda=0.000 grl_lambda=0.993 v18_lambda=0.000 gpu=3.0/11.8GB
[00:23:58] [train] ep=57 step=040/40 ce=0.3614 sc=0.7949 mi=0.0581 dn=0.0000 v13=0.0004 grl=0.0784 v15=0.0000 v15r=0.0000 v16=0.0000 v17=0.0000 v18=0.0000 acc=0.9906 lr=1.24e-04 lambda=0.000 grl_lambda=0.993 v18_lambda=0.000 gpu=3.0/11.8GB
[00:24:08] [ep_summary] ep=57/100 val_live=0.9444/0.9428 val_ema=0.9691/0.9688 test77_live=0.8633/0.8633 test77_diag_ema=0.8237/0.8240 v13=0.0004 grl=0.0784 v15=0.0000 v15r=0.0000 v16=0.0000 v17=0.0000 v18=0.0000 das=fixed_narrow[10,30] p=1.00 ep_time=33.0s
[00:24:08] [save] best_sourcequalified77_ema ep=57 source_val_live=0.9444/0.9428 source_val_ema=0.9691/0.9688 test77_ema=0.8237/0.8240
[00:24:08] [train] epoch 58/100 steps=40 use_dann=0 das=fixed_narrow f=[10.0,30.0] p=1.00 gpu=3.0/11.8GB
[00:24:08] [train] ep=58 step=001/40 ce=0.2607 sc=0.9500 mi=0.0566 dn=0.0000 v13=0.0003 grl=0.0993 v15=0.0000 v15r=0.0000 v16=0.0000 v17=0.0000 v18=0.0000 acc=1.0000 lr=1.23e-04 lambda=0.000 grl_lambda=0.993 v18_lambda=0.000 gpu=3.0/11.8GB
[00:24:13] [train] ep=58 step=010/40 ce=0.4106 sc=0.8447 mi=0.0556 dn=0.0000 v13=0.0005 grl=0.0763 v15=0.0000 v15r=0.0000 v16=0.0000 v17=0.0000 v18=0.0000 acc=0.9875 lr=1.22e-04 lambda=0.000 grl_lambda=0.993 v18_lambda=0.000 gpu=3.0/11.8GB
[00:24:19] [train] ep=58 step=020/40 ce=0.3360 sc=0.7694 mi=0.0568 dn=0.0000 v13=0.0004 grl=0.0732 v15=0.0000 v15r=0.0000 v16=0.0000 v17=0.0000 v18=0.0000 acc=0.9938 lr=1.21e-04 lambda=0.000 grl_lambda=0.994 v18_lambda=0.000 gpu=3.0/11.8GB
[00:24:25] [train] ep=58 step=030/40 ce=0.3755 sc=0.8198 mi=0.0582 dn=0.0000 v13=0.0004 grl=0.0729 v15=0.0000 v15r=0.0000 v16=0.0000 v17=0.0000 v18=0.0000 acc=0.9917 lr=1.20e-04 lambda=0.000 grl_lambda=0.994 v18_lambda=0.000 gpu=3.0/11.8GB
[00:24:31] [train] ep=58 step=040/40 ce=0.3536 sc=0.7987 mi=0.0584 dn=0.0000 v13=0.0004 grl=0.0746 v15=0.0000 v15r=0.0000 v16=0.0000 v17=0.0000 v18=0.0000 acc=0.9938 lr=1.19e-04 lambda=0.000 grl_lambda=0.994 v18_lambda=0.000 gpu=3.0/11.8GB
[00:24:41] [ep_summary] ep=58/100 val_live=0.9691/0.9687 val_ema=0.9691/0.9688 test77_live=0.8921/0.8932 test77_diag_ema=0.8273/0.8277 v13=0.0004 grl=0.0746 v15=0.0000 v15r=0.0000 v16=0.0000 v17=0.0000 v18=0.0000 das=fixed_narrow[10,30] p=1.00 ep_time=33.1s
[00:24:41] [save] best_sourcequalified77_ema ep=58 source_val_live=0.9691/0.9687 source_val_ema=0.9691/0.9688 test77_ema=0.8273/0.8277
[00:24:41] [train] epoch 59/100 steps=40 use_dann=0 das=fixed_narrow f=[10.0,30.0] p=1.00 gpu=3.0/11.8GB
[00:24:41] [train] ep=59 step=001/40 ce=0.2608 sc=1.1051 mi=0.0491 dn=0.0000 v13=0.0006 grl=0.0422 v15=0.0000 v15r=0.0000 v16=0.0000 v17=0.0000 v18=0.0000 acc=1.0000 lr=1.19e-04 lambda=0.000 grl_lambda=0.994 v18_lambda=0.000 gpu=3.0/11.8GB
[00:24:47] [train] ep=59 step=010/40 ce=0.3242 sc=0.8209 mi=0.0560 dn=0.0000 v13=0.0004 grl=0.0737 v15=0.0000 v15r=0.0000 v16=0.0000 v17=0.0000 v18=0.0000 acc=1.0000 lr=1.18e-04 lambda=0.000 grl_lambda=0.994 v18_lambda=0.000 gpu=3.0/11.8GB
[00:24:52] [train] ep=59 step=020/40 ce=0.3391 sc=0.8460 mi=0.0580 dn=0.0000 v13=0.0004 grl=0.0817 v15=0.0000 v15r=0.0000 v16=0.0000 v17=0.0000 v18=0.0000 acc=0.9969 lr=1.16e-04 lambda=0.000 grl_lambda=0.994 v18_lambda=0.000 gpu=3.0/11.8GB
[00:24:58] [train] ep=59 step=030/40 ce=0.3487 sc=0.8505 mi=0.0581 dn=0.0000 v13=0.0004 grl=0.0778 v15=0.0000 v15r=0.0000 v16=0.0000 v17=0.0000 v18=0.0000 acc=0.9938 lr=1.15e-04 lambda=0.000 grl_lambda=0.994 v18_lambda=0.000 gpu=3.0/11.8GB
[00:25:04] [train] ep=59 step=040/40 ce=0.3393 sc=0.8397 mi=0.0578 dn=0.0000 v13=0.0004 grl=0.0799 v15=0.0000 v15r=0.0000 v16=0.0000 v17=0.0000 v18=0.0000 acc=0.9953 lr=1.14e-04 lambda=0.000 grl_lambda=0.995 v18_lambda=0.000 gpu=3.0/11.8GB
[00:25:14] [ep_summary] ep=59/100 val_live=0.9630/0.9625 val_ema=0.9691/0.9688 test77_live=0.8705/0.8680 test77_diag_ema=0.8345/0.8351 v13=0.0004 grl=0.0799 v15=0.0000 v15r=0.0000 v16=0.0000 v17=0.0000 v18=0.0000 das=fixed_narrow[10,30] p=1.00 ep_time=33.1s
[00:25:14] [save] best_sourcequalified77_ema ep=59 source_val_live=0.9630/0.9625 source_val_ema=0.9691/0.9688 test77_ema=0.8345/0.8351
[00:25:14] [train] epoch 60/100 steps=40 use_dann=0 das=fixed_narrow f=[10.0,30.0] p=1.00 gpu=3.0/11.8GB
[00:25:15] [train] ep=60 step=001/40 ce=0.2584 sc=0.4211 mi=0.0554 dn=0.0000 v13=0.0002 grl=0.0859 v15=0.0000 v15r=0.0000 v16=0.0000 v17=0.0000 v18=0.0000 acc=1.0000 lr=1.14e-04 lambda=0.000 grl_lambda=0.995 v18_lambda=0.000 gpu=3.0/11.8GB
[00:25:20] [train] ep=60 step=010/40 ce=0.2895 sc=0.7216 mi=0.0589 dn=0.0000 v13=0.0004 grl=0.0667 v15=0.0000 v15r=0.0000 v16=0.0000 v17=0.0000 v18=0.0000 acc=1.0000 lr=1.13e-04 lambda=0.000 grl_lambda=0.995 v18_lambda=0.000 gpu=3.0/11.8GB
[00:25:26] [train] ep=60 step=020/40 ce=0.3429 sc=0.8169 mi=0.0604 dn=0.0000 v13=0.0004 grl=0.0731 v15=0.0000 v15r=0.0000 v16=0.0000 v17=0.0000 v18=0.0000 acc=0.9938 lr=1.12e-04 lambda=0.000 grl_lambda=0.995 v18_lambda=0.000 gpu=3.0/11.8GB
[00:25:31] [train] ep=60 step=030/40 ce=0.3788 sc=0.8310 mi=0.0602 dn=0.0000 v13=0.0004 grl=0.0733 v15=0.0000 v15r=0.0000 v16=0.0000 v17=0.0000 v18=0.0000 acc=0.9917 lr=1.11e-04 lambda=0.000 grl_lambda=0.995 v18_lambda=0.000 gpu=3.0/11.8GB
[00:25:37] [train] ep=60 step=040/40 ce=0.3491 sc=0.7963 mi=0.0589 dn=0.0000 v13=0.0004 grl=0.0766 v15=0.0000 v15r=0.0000 v16=0.0000 v17=0.0000 v18=0.0000 acc=0.9938 lr=1.09e-04 lambda=0.000 grl_lambda=0.995 v18_lambda=0.000 gpu=3.0/11.8GB
[00:25:47] [pool] check ep=060/100 source_val_acc_ema=0.9691 threshold=0.90
[00:25:52] [pool] ep=060 ADDED src_val=0.9691/0.9688 dev77=0.7929/0.7917 final77=0.8381/0.8386
[00:25:52] [pool] running best ep=060 dev77_f1=0.7917 final77_f1=0.8386 (pool_size=3)
[00:25:52] [ep_summary] ep=60/100 val_live=0.9630/0.9625 val_ema=0.9691/0.9688 test77_live=0.8669/0.8658 test77_diag_ema=0.8381/0.8386 v13=0.0004 grl=0.0766 v15=0.0000 v15r=0.0000 v16=0.0000 v17=0.0000 v18=0.0000 das=fixed_narrow[10,30] p=1.00 ep_time=37.8s
[00:25:52] [save] best_sourcequalified77_ema ep=60 source_val_live=0.9630/0.9625 source_val_ema=0.9691/0.9688 test77_ema=0.8381/0.8386
[00:25:52] [strict77_monitor] ep=60 best_source_epoch=50 source_val_ema=0.9753/0.9757 test77_ema_diag=0.7050/0.6939 sourcequalified_count=23 best_sourcequalified77_epoch=60 source_val_ema=0.9691/0.9688 test77_ema=0.8381/0.8386
[00:25:52] [train] epoch 61/100 steps=40 use_dann=0 das=fixed_narrow f=[10.0,30.0] p=1.00 gpu=3.0/11.8GB
[00:25:52] [train] ep=61 step=001/40 ce=0.2586 sc=0.8766 mi=0.0535 dn=0.0000 v13=0.0003 grl=0.1066 v15=0.0000 v15r=0.0000 v16=0.0000 v17=0.0000 v18=0.0000 acc=1.0000 lr=1.09e-04 lambda=0.000 grl_lambda=0.995 v18_lambda=0.000 gpu=3.0/11.8GB
[00:25:58] [train] ep=61 step=010/40 ce=0.3419 sc=0.8774 mi=0.0592 dn=0.0000 v13=0.0004 grl=0.0739 v15=0.0000 v15r=0.0000 v16=0.0000 v17=0.0000 v18=0.0000 acc=0.9938 lr=1.08e-04 lambda=0.000 grl_lambda=0.995 v18_lambda=0.000 gpu=3.0/11.8GB
[00:26:03] [train] ep=61 step=020/40 ce=0.3553 sc=0.8364 mi=0.0583 dn=0.0000 v13=0.0004 grl=0.0729 v15=0.0000 v15r=0.0000 v16=0.0000 v17=0.0000 v18=0.0000 acc=0.9938 lr=1.07e-04 lambda=0.000 grl_lambda=0.995 v18_lambda=0.000 gpu=3.0/11.8GB
[00:26:09] [train] ep=61 step=030/40 ce=0.3414 sc=0.8171 mi=0.0583 dn=0.0000 v13=0.0004 grl=0.0754 v15=0.0000 v15r=0.0000 v16=0.0000 v17=0.0000 v18=0.0000 acc=0.9958 lr=1.06e-04 lambda=0.000 grl_lambda=0.995 v18_lambda=0.000 gpu=3.0/11.8GB
[00:26:15] [train] ep=61 step=040/40 ce=0.3659 sc=0.8299 mi=0.0577 dn=0.0000 v13=0.0004 grl=0.0792 v15=0.0000 v15r=0.0000 v16=0.0000 v17=0.0000 v18=0.0000 acc=0.9922 lr=1.05e-04 lambda=0.000 grl_lambda=0.996 v18_lambda=0.000 gpu=3.0/11.8GB
[00:26:25] [ep_summary] ep=61/100 val_live=0.9568/0.9558 val_ema=0.9691/0.9688 test77_live=0.8777/0.8772 test77_diag_ema=0.8381/0.8386 v13=0.0004 grl=0.0792 v15=0.0000 v15r=0.0000 v16=0.0000 v17=0.0000 v18=0.0000 das=fixed_narrow[10,30] p=1.00 ep_time=33.1s
[00:26:25] [train] epoch 62/100 steps=40 use_dann=0 das=fixed_narrow f=[10.0,30.0] p=1.00 gpu=3.0/11.8GB
[00:26:26] [train] ep=62 step=001/40 ce=0.3442 sc=0.6579 mi=0.0517 dn=0.0000 v13=0.0002 grl=0.0604 v15=0.0000 v15r=0.0000 v16=0.0000 v17=0.0000 v18=0.0000 acc=1.0000 lr=1.05e-04 lambda=0.000 grl_lambda=0.996 v18_lambda=0.000 gpu=3.0/11.8GB
[00:26:31] [train] ep=62 step=010/40 ce=0.3440 sc=0.9418 mi=0.0564 dn=0.0000 v13=0.0004 grl=0.0674 v15=0.0000 v15r=0.0000 v16=0.0000 v17=0.0000 v18=0.0000 acc=0.9938 lr=1.04e-04 lambda=0.000 grl_lambda=0.996 v18_lambda=0.000 gpu=3.0/11.8GB
[00:26:37] [train] ep=62 step=020/40 ce=0.3713 sc=0.8468 mi=0.0565 dn=0.0000 v13=0.0004 grl=0.0738 v15=0.0000 v15r=0.0000 v16=0.0000 v17=0.0000 v18=0.0000 acc=0.9906 lr=1.02e-04 lambda=0.000 grl_lambda=0.996 v18_lambda=0.000 gpu=3.0/11.8GB
[00:26:42] [train] ep=62 step=030/40 ce=0.3462 sc=0.7840 mi=0.0570 dn=0.0000 v13=0.0004 grl=0.0779 v15=0.0000 v15r=0.0000 v16=0.0000 v17=0.0000 v18=0.0000 acc=0.9938 lr=1.01e-04 lambda=0.000 grl_lambda=0.996 v18_lambda=0.000 gpu=3.0/11.8GB
[00:26:48] [train] ep=62 step=040/40 ce=0.3296 sc=0.7699 mi=0.0572 dn=0.0000 v13=0.0004 grl=0.0801 v15=0.0000 v15r=0.0000 v16=0.0000 v17=0.0000 v18=0.0000 acc=0.9953 lr=1.00e-04 lambda=0.000 grl_lambda=0.996 v18_lambda=0.000 gpu=3.0/11.8GB
[00:26:58] [ep_summary] ep=62/100 val_live=0.9753/0.9756 val_ema=0.9691/0.9688 test77_live=0.8094/0.8003 test77_diag_ema=0.8381/0.8386 v13=0.0004 grl=0.0801 v15=0.0000 v15r=0.0000 v16=0.0000 v17=0.0000 v18=0.0000 das=fixed_narrow[10,30] p=1.00 ep_time=33.3s
[00:26:58] [train] epoch 63/100 steps=40 use_dann=0 das=fixed_narrow f=[10.0,30.0] p=1.00 gpu=3.0/11.8GB
[00:26:59] [train] ep=63 step=001/40 ce=0.2603 sc=0.4220 mi=0.0574 dn=0.0000 v13=0.0005 grl=0.0769 v15=0.0000 v15r=0.0000 v16=0.0000 v17=0.0000 v18=0.0000 acc=1.0000 lr=1.00e-04 lambda=0.000 grl_lambda=0.996 v18_lambda=0.000 gpu=3.0/11.8GB
[00:27:04] [train] ep=63 step=010/40 ce=0.3267 sc=0.5704 mi=0.0597 dn=0.0000 v13=0.0004 grl=0.0698 v15=0.0000 v15r=0.0000 v16=0.0000 v17=0.0000 v18=0.0000 acc=0.9938 lr=9.89e-05 lambda=0.000 grl_lambda=0.996 v18_lambda=0.000 gpu=3.0/11.8GB
[00:27:10] [train] ep=63 step=020/40 ce=0.3967 sc=0.7554 mi=0.0589 dn=0.0000 v13=0.0004 grl=0.0766 v15=0.0000 v15r=0.0000 v16=0.0000 v17=0.0000 v18=0.0000 acc=0.9875 lr=9.78e-05 lambda=0.000 grl_lambda=0.996 v18_lambda=0.000 gpu=3.0/11.8GB
[00:27:16] [train] ep=63 step=030/40 ce=0.3704 sc=0.7759 mi=0.0579 dn=0.0000 v13=0.0004 grl=0.0763 v15=0.0000 v15r=0.0000 v16=0.0000 v17=0.0000 v18=0.0000 acc=0.9896 lr=9.67e-05 lambda=0.000 grl_lambda=0.996 v18_lambda=0.000 gpu=3.0/11.8GB
[00:27:21] [train] ep=63 step=040/40 ce=0.3544 sc=0.7669 mi=0.0577 dn=0.0000 v13=0.0004 grl=0.0751 v15=0.0000 v15r=0.0000 v16=0.0000 v17=0.0000 v18=0.0000 acc=0.9906 lr=9.55e-05 lambda=0.000 grl_lambda=0.996 v18_lambda=0.000 gpu=3.0/11.8GB
[00:27:31] [ep_summary] ep=63/100 val_live=0.9506/0.9494 val_ema=0.9630/0.9627 test77_live=0.8417/0.8388 test77_diag_ema=0.8417/0.8413 v13=0.0004 grl=0.0751 v15=0.0000 v15r=0.0000 v16=0.0000 v17=0.0000 v18=0.0000 das=fixed_narrow[10,30] p=1.00 ep_time=33.1s
[00:27:31] [save] best_sourcequalified77_ema ep=63 source_val_live=0.9506/0.9494 source_val_ema=0.9630/0.9627 test77_ema=0.8417/0.8413
[00:27:31] [train] epoch 64/100 steps=40 use_dann=0 das=fixed_narrow f=[10.0,30.0] p=1.00 gpu=3.0/11.8GB
[00:27:32] [train] ep=64 step=001/40 ce=0.2975 sc=0.6225 mi=0.0470 dn=0.0000 v13=0.0004 grl=0.1087 v15=0.0000 v15r=0.0000 v16=0.0000 v17=0.0000 v18=0.0000 acc=1.0000 lr=9.54e-05 lambda=0.000 grl_lambda=0.996 v18_lambda=0.000 gpu=3.0/11.8GB
[00:27:37] [train] ep=64 step=010/40 ce=0.3471 sc=0.8134 mi=0.0579 dn=0.0000 v13=0.0003 grl=0.0817 v15=0.0000 v15r=0.0000 v16=0.0000 v17=0.0000 v18=0.0000 acc=0.9875 lr=9.44e-05 lambda=0.000 grl_lambda=0.996 v18_lambda=0.000 gpu=3.0/11.8GB
[00:27:43] [train] ep=64 step=020/40 ce=0.3161 sc=0.8281 mi=0.0570 dn=0.0000 v13=0.0003 grl=0.0760 v15=0.0000 v15r=0.0000 v16=0.0000 v17=0.0000 v18=0.0000 acc=0.9938 lr=9.33e-05 lambda=0.000 grl_lambda=0.997 v18_lambda=0.000 gpu=3.0/11.8GB
[00:27:49] [train] ep=64 step=030/40 ce=0.3332 sc=0.8467 mi=0.0566 dn=0.0000 v13=0.0004 grl=0.0796 v15=0.0000 v15r=0.0000 v16=0.0000 v17=0.0000 v18=0.0000 acc=0.9938 lr=9.21e-05 lambda=0.000 grl_lambda=0.997 v18_lambda=0.000 gpu=3.0/11.8GB
[00:27:54] [train] ep=64 step=040/40 ce=0.3206 sc=0.8358 mi=0.0560 dn=0.0000 v13=0.0004 grl=0.0781 v15=0.0000 v15r=0.0000 v16=0.0000 v17=0.0000 v18=0.0000 acc=0.9953 lr=9.10e-05 lambda=0.000 grl_lambda=0.997 v18_lambda=0.000 gpu=3.0/11.8GB
[00:28:04] [ep_summary] ep=64/100 val_live=0.9506/0.9494 val_ema=0.9630/0.9627 test77_live=0.8453/0.8380 test77_diag_ema=0.8417/0.8429 v13=0.0004 grl=0.0781 v15=0.0000 v15r=0.0000 v16=0.0000 v17=0.0000 v18=0.0000 das=fixed_narrow[10,30] p=1.00 ep_time=33.1s
[00:28:05] [save] best_sourcequalified77_ema ep=64 source_val_live=0.9506/0.9494 source_val_ema=0.9630/0.9627 test77_ema=0.8417/0.8429
[00:28:05] [train] epoch 65/100 steps=40 use_dann=0 das=fixed_narrow f=[10.0,30.0] p=1.00 gpu=3.0/11.8GB
[00:28:05] [train] ep=65 step=001/40 ce=0.2611 sc=0.6173 mi=0.0601 dn=0.0000 v13=0.0003 grl=0.0929 v15=0.0000 v15r=0.0000 v16=0.0000 v17=0.0000 v18=0.0000 acc=1.0000 lr=9.09e-05 lambda=0.000 grl_lambda=0.997 v18_lambda=0.000 gpu=3.0/11.8GB
[00:28:10] [train] ep=65 step=010/40 ce=0.3547 sc=0.8186 mi=0.0551 dn=0.0000 v13=0.0004 grl=0.0828 v15=0.0000 v15r=0.0000 v16=0.0000 v17=0.0000 v18=0.0000 acc=0.9875 lr=8.99e-05 lambda=0.000 grl_lambda=0.997 v18_lambda=0.000 gpu=3.0/11.8GB
[00:28:16] [train] ep=65 step=020/40 ce=0.3083 sc=0.8018 mi=0.0566 dn=0.0000 v13=0.0004 grl=0.0816 v15=0.0000 v15r=0.0000 v16=0.0000 v17=0.0000 v18=0.0000 acc=0.9938 lr=8.88e-05 lambda=0.000 grl_lambda=0.997 v18_lambda=0.000 gpu=3.0/11.8GB
[00:28:22] [train] ep=65 step=030/40 ce=0.3156 sc=0.8167 mi=0.0550 dn=0.0000 v13=0.0004 grl=0.0772 v15=0.0000 v15r=0.0000 v16=0.0000 v17=0.0000 v18=0.0000 acc=0.9938 lr=8.77e-05 lambda=0.000 grl_lambda=0.997 v18_lambda=0.000 gpu=3.0/11.8GB
[00:28:28] [train] ep=65 step=040/40 ce=0.3041 sc=0.8134 mi=0.0553 dn=0.0000 v13=0.0004 grl=0.0788 v15=0.0000 v15r=0.0000 v16=0.0000 v17=0.0000 v18=0.0000 acc=0.9953 lr=8.66e-05 lambda=0.000 grl_lambda=0.997 v18_lambda=0.000 gpu=3.0/11.8GB
[00:28:38] [ep_summary] ep=65/100 val_live=0.9568/0.9563 val_ema=0.9630/0.9627 test77_live=0.8597/0.8612 test77_diag_ema=0.8489/0.8508 v13=0.0004 grl=0.0788 v15=0.0000 v15r=0.0000 v16=0.0000 v17=0.0000 v18=0.0000 das=fixed_narrow[10,30] p=1.00 ep_time=33.3s
[00:28:38] [save] best_sourcequalified77_ema ep=65 source_val_live=0.9568/0.9563 source_val_ema=0.9630/0.9627 test77_ema=0.8489/0.8508
[00:28:38] [train] epoch 66/100 steps=40 use_dann=0 das=fixed_narrow f=[10.0,30.0] p=1.00 gpu=3.0/11.8GB
[00:28:38] [train] ep=66 step=001/40 ce=0.2595 sc=0.6462 mi=0.0545 dn=0.0000 v13=0.0004 grl=0.0956 v15=0.0000 v15r=0.0000 v16=0.0000 v17=0.0000 v18=0.0000 acc=1.0000 lr=8.65e-05 lambda=0.000 grl_lambda=0.997 v18_lambda=0.000 gpu=3.0/11.8GB
[00:28:44] [train] ep=66 step=010/40 ce=0.2691 sc=0.7519 mi=0.0547 dn=0.0000 v13=0.0004 grl=0.0835 v15=0.0000 v15r=0.0000 v16=0.0000 v17=0.0000 v18=0.0000 acc=1.0000 lr=8.55e-05 lambda=0.000 grl_lambda=0.997 v18_lambda=0.000 gpu=3.0/11.8GB
[00:28:49] [train] ep=66 step=020/40 ce=0.2648 sc=0.7090 mi=0.0579 dn=0.0000 v13=0.0004 grl=0.0778 v15=0.0000 v15r=0.0000 v16=0.0000 v17=0.0000 v18=0.0000 acc=1.0000 lr=8.44e-05 lambda=0.000 grl_lambda=0.997 v18_lambda=0.000 gpu=3.0/11.8GB
[00:28:55] [train] ep=66 step=030/40 ce=0.2906 sc=0.7402 mi=0.0563 dn=0.0000 v13=0.0003 grl=0.0809 v15=0.0000 v15r=0.0000 v16=0.0000 v17=0.0000 v18=0.0000 acc=0.9979 lr=8.33e-05 lambda=0.000 grl_lambda=0.997 v18_lambda=0.000 gpu=3.0/11.8GB
[00:29:01] [train] ep=66 step=040/40 ce=0.2938 sc=0.7502 mi=0.0562 dn=0.0000 v13=0.0004 grl=0.0810 v15=0.0000 v15r=0.0000 v16=0.0000 v17=0.0000 v18=0.0000 acc=0.9969 lr=8.22e-05 lambda=0.000 grl_lambda=0.997 v18_lambda=0.000 gpu=3.0/11.8GB
[00:29:11] [ep_summary] ep=66/100 val_live=0.9815/0.9810 val_ema=0.9630/0.9627 test77_live=0.8669/0.8690 test77_diag_ema=0.8525/0.8553 v13=0.0004 grl=0.0810 v15=0.0000 v15r=0.0000 v16=0.0000 v17=0.0000 v18=0.0000 das=fixed_narrow[10,30] p=1.00 ep_time=33.0s
[00:29:11] [save] best_sourcequalified77_ema ep=66 source_val_live=0.9815/0.9810 source_val_ema=0.9630/0.9627 test77_ema=0.8525/0.8553
[00:29:11] [train] epoch 67/100 steps=40 use_dann=0 das=fixed_narrow f=[10.0,30.0] p=1.00 gpu=3.0/11.8GB
[00:29:12] [train] ep=67 step=001/40 ce=0.2772 sc=0.7434 mi=0.0521 dn=0.0000 v13=0.0003 grl=0.0315 v15=0.0000 v15r=0.0000 v16=0.0000 v17=0.0000 v18=0.0000 acc=1.0000 lr=8.21e-05 lambda=0.000 grl_lambda=0.997 v18_lambda=0.000 gpu=3.0/11.8GB
[00:29:17] [train] ep=67 step=010/40 ce=0.2620 sc=0.7119 mi=0.0596 dn=0.0000 v13=0.0004 grl=0.0768 v15=0.0000 v15r=0.0000 v16=0.0000 v17=0.0000 v18=0.0000 acc=1.0000 lr=8.11e-05 lambda=0.000 grl_lambda=0.997 v18_lambda=0.000 gpu=3.0/11.8GB
[00:29:22] [train] ep=67 step=020/40 ce=0.3308 sc=0.7548 mi=0.0573 dn=0.0000 v13=0.0004 grl=0.0781 v15=0.0000 v15r=0.0000 v16=0.0000 v17=0.0000 v18=0.0000 acc=0.9938 lr=8.01e-05 lambda=0.000 grl_lambda=0.997 v18_lambda=0.000 gpu=3.0/11.8GB
[00:29:28] [train] ep=67 step=030/40 ce=0.3425 sc=0.7666 mi=0.0567 dn=0.0000 v13=0.0004 grl=0.0836 v15=0.0000 v15r=0.0000 v16=0.0000 v17=0.0000 v18=0.0000 acc=0.9938 lr=7.90e-05 lambda=0.000 grl_lambda=0.997 v18_lambda=0.000 gpu=3.0/11.8GB
[00:29:34] [train] ep=67 step=040/40 ce=0.3218 sc=0.7833 mi=0.0562 dn=0.0000 v13=0.0004 grl=0.0823 v15=0.0000 v15r=0.0000 v16=0.0000 v17=0.0000 v18=0.0000 acc=0.9953 lr=7.79e-05 lambda=0.000 grl_lambda=0.998 v18_lambda=0.000 gpu=3.0/11.8GB
[00:29:44] [ep_summary] ep=67/100 val_live=0.9568/0.9563 val_ema=0.9630/0.9627 test77_live=0.8885/0.8876 test77_diag_ema=0.8525/0.8553 v13=0.0004 grl=0.0823 v15=0.0000 v15r=0.0000 v16=0.0000 v17=0.0000 v18=0.0000 das=fixed_narrow[10,30] p=1.00 ep_time=33.0s
[00:29:44] [train] epoch 68/100 steps=40 use_dann=0 das=fixed_narrow f=[10.0,30.0] p=1.00 gpu=3.0/11.8GB
[00:29:45] [train] ep=68 step=001/40 ce=0.2597 sc=0.4208 mi=0.0603 dn=0.0000 v13=0.0002 grl=0.0832 v15=0.0000 v15r=0.0000 v16=0.0000 v17=0.0000 v18=0.0000 acc=1.0000 lr=7.78e-05 lambda=0.000 grl_lambda=0.998 v18_lambda=0.000 gpu=3.0/11.8GB
[00:29:50] [train] ep=68 step=010/40 ce=0.2940 sc=0.7153 mi=0.0574 dn=0.0000 v13=0.0004 grl=0.0814 v15=0.0000 v15r=0.0000 v16=0.0000 v17=0.0000 v18=0.0000 acc=1.0000 lr=7.69e-05 lambda=0.000 grl_lambda=0.998 v18_lambda=0.000 gpu=3.0/11.8GB
[00:29:56] [train] ep=68 step=020/40 ce=0.2820 sc=0.7013 mi=0.0558 dn=0.0000 v13=0.0004 grl=0.0774 v15=0.0000 v15r=0.0000 v16=0.0000 v17=0.0000 v18=0.0000 acc=1.0000 lr=7.58e-05 lambda=0.000 grl_lambda=0.998 v18_lambda=0.000 gpu=3.0/11.8GB
[00:30:01] [train] ep=68 step=030/40 ce=0.3030 sc=0.7036 mi=0.0573 dn=0.0000 v13=0.0003 grl=0.0743 v15=0.0000 v15r=0.0000 v16=0.0000 v17=0.0000 v18=0.0000 acc=0.9979 lr=7.48e-05 lambda=0.000 grl_lambda=0.998 v18_lambda=0.000 gpu=3.0/11.8GB
[00:30:07] [train] ep=68 step=040/40 ce=0.2922 sc=0.7210 mi=0.0569 dn=0.0000 v13=0.0004 grl=0.0747 v15=0.0000 v15r=0.0000 v16=0.0000 v17=0.0000 v18=0.0000 acc=0.9984 lr=7.37e-05 lambda=0.000 grl_lambda=0.998 v18_lambda=0.000 gpu=3.0/11.8GB
[00:30:17] [ep_summary] ep=68/100 val_live=0.9691/0.9687 val_ema=0.9630/0.9627 test77_live=0.8921/0.8926 test77_diag_ema=0.8561/0.8588 v13=0.0004 grl=0.0747 v15=0.0000 v15r=0.0000 v16=0.0000 v17=0.0000 v18=0.0000 das=fixed_narrow[10,30] p=1.00 ep_time=33.2s
[00:30:17] [save] best_sourcequalified77_ema ep=68 source_val_live=0.9691/0.9687 source_val_ema=0.9630/0.9627 test77_ema=0.8561/0.8588
[00:30:17] [train] epoch 69/100 steps=40 use_dann=0 das=fixed_narrow f=[10.0,30.0] p=1.00 gpu=3.0/11.8GB
[00:30:18] [train] ep=69 step=001/40 ce=0.2624 sc=0.6571 mi=0.0616 dn=0.0000 v13=0.0002 grl=0.0709 v15=0.0000 v15r=0.0000 v16=0.0000 v17=0.0000 v18=0.0000 acc=1.0000 lr=7.36e-05 lambda=0.000 grl_lambda=0.998 v18_lambda=0.000 gpu=3.0/11.8GB
[00:30:23] [train] ep=69 step=010/40 ce=0.2981 sc=0.6768 mi=0.0580 dn=0.0000 v13=0.0003 grl=0.0810 v15=0.0000 v15r=0.0000 v16=0.0000 v17=0.0000 v18=0.0000 acc=1.0000 lr=7.27e-05 lambda=0.000 grl_lambda=0.998 v18_lambda=0.000 gpu=3.0/11.8GB
[00:30:29] [train] ep=69 step=020/40 ce=0.2913 sc=0.7176 mi=0.0572 dn=0.0000 v13=0.0004 grl=0.0769 v15=0.0000 v15r=0.0000 v16=0.0000 v17=0.0000 v18=0.0000 acc=1.0000 lr=7.16e-05 lambda=0.000 grl_lambda=0.998 v18_lambda=0.000 gpu=3.0/11.8GB
[00:30:35] [train] ep=69 step=030/40 ce=0.2807 sc=0.7221 mi=0.0576 dn=0.0000 v13=0.0004 grl=0.0753 v15=0.0000 v15r=0.0000 v16=0.0000 v17=0.0000 v18=0.0000 acc=1.0000 lr=7.06e-05 lambda=0.000 grl_lambda=0.998 v18_lambda=0.000 gpu=3.0/11.8GB
[00:30:40] [train] ep=69 step=040/40 ce=0.2788 sc=0.7256 mi=0.0567 dn=0.0000 v13=0.0003 grl=0.0750 v15=0.0000 v15r=0.0000 v16=0.0000 v17=0.0000 v18=0.0000 acc=1.0000 lr=6.96e-05 lambda=0.000 grl_lambda=0.998 v18_lambda=0.000 gpu=3.0/11.8GB
[00:30:50] [ep_summary] ep=69/100 val_live=0.9691/0.9687 val_ema=0.9630/0.9627 test77_live=0.8993/0.8986 test77_diag_ema=0.8633/0.8664 v13=0.0003 grl=0.0750 v15=0.0000 v15r=0.0000 v16=0.0000 v17=0.0000 v18=0.0000 das=fixed_narrow[10,30] p=1.00 ep_time=33.0s
[00:30:50] [save] best_sourcequalified77_ema ep=69 source_val_live=0.9691/0.9687 source_val_ema=0.9630/0.9627 test77_ema=0.8633/0.8664
[00:30:50] [train] epoch 70/100 steps=40 use_dann=0 das=fixed_narrow f=[10.0,30.0] p=1.00 gpu=3.0/11.8GB
[00:30:51] [train] ep=70 step=001/40 ce=0.7946 sc=1.0210 mi=0.0579 dn=0.0000 v13=0.0005 grl=0.0968 v15=0.0000 v15r=0.0000 v16=0.0000 v17=0.0000 v18=0.0000 acc=0.9375 lr=6.95e-05 lambda=0.000 grl_lambda=0.998 v18_lambda=0.000 gpu=3.0/11.8GB
[00:30:56] [train] ep=70 step=010/40 ce=0.4075 sc=0.9227 mi=0.0577 dn=0.0000 v13=0.0003 grl=0.0839 v15=0.0000 v15r=0.0000 v16=0.0000 v17=0.0000 v18=0.0000 acc=0.9812 lr=6.85e-05 lambda=0.000 grl_lambda=0.998 v18_lambda=0.000 gpu=3.0/11.8GB
[00:31:02] [train] ep=70 step=020/40 ce=0.3683 sc=0.8623 mi=0.0551 dn=0.0000 v13=0.0003 grl=0.0799 v15=0.0000 v15r=0.0000 v16=0.0000 v17=0.0000 v18=0.0000 acc=0.9875 lr=6.75e-05 lambda=0.000 grl_lambda=0.998 v18_lambda=0.000 gpu=3.0/11.8GB
[00:31:08] [train] ep=70 step=030/40 ce=0.3341 sc=0.8588 mi=0.0556 dn=0.0000 v13=0.0004 grl=0.0792 v15=0.0000 v15r=0.0000 v16=0.0000 v17=0.0000 v18=0.0000 acc=0.9917 lr=6.65e-05 lambda=0.000 grl_lambda=0.998 v18_lambda=0.000 gpu=3.0/11.8GB
[00:31:14] [train] ep=70 step=040/40 ce=0.3187 sc=0.8617 mi=0.0564 dn=0.0000 v13=0.0004 grl=0.0800 v15=0.0000 v15r=0.0000 v16=0.0000 v17=0.0000 v18=0.0000 acc=0.9938 lr=6.55e-05 lambda=0.000 grl_lambda=0.998 v18_lambda=0.000 gpu=3.0/11.8GB
[00:31:23] [pool] check ep=070/100 source_val_acc_ema=0.9630 threshold=0.90
[00:31:28] [pool] ep=070 ADDED src_val=0.9630/0.9627 dev77=0.8071/0.8098 final77=0.8633/0.8664
[00:31:28] [pool] running best ep=070 dev77_f1=0.8098 final77_f1=0.8664 (pool_size=4)
[00:31:28] [ep_summary] ep=70/100 val_live=0.9630/0.9625 val_ema=0.9630/0.9627 test77_live=0.9029/0.9028 test77_diag_ema=0.8633/0.8664 v13=0.0004 grl=0.0800 v15=0.0000 v15r=0.0000 v16=0.0000 v17=0.0000 v18=0.0000 das=fixed_narrow[10,30] p=1.00 ep_time=37.9s
[00:31:28] [strict77_monitor] ep=70 best_source_epoch=50 source_val_ema=0.9753/0.9757 test77_ema_diag=0.7050/0.6939 sourcequalified_count=33 best_sourcequalified77_epoch=69 source_val_ema=0.9630/0.9627 test77_ema=0.8633/0.8664
[00:31:28] [train] epoch 71/100 steps=40 use_dann=0 das=fixed_narrow f=[10.0,30.0] p=1.00 gpu=3.0/11.8GB
[00:31:29] [train] ep=71 step=001/40 ce=0.2570 sc=0.5394 mi=0.0517 dn=0.0000 v13=0.0003 grl=0.0577 v15=0.0000 v15r=0.0000 v16=0.0000 v17=0.0000 v18=0.0000 acc=1.0000 lr=6.54e-05 lambda=0.000 grl_lambda=0.998 v18_lambda=0.000 gpu=3.0/11.8GB
[00:31:34] [train] ep=71 step=010/40 ce=0.3231 sc=0.7813 mi=0.0538 dn=0.0000 v13=0.0003 grl=0.0811 v15=0.0000 v15r=0.0000 v16=0.0000 v17=0.0000 v18=0.0000 acc=0.9938 lr=6.45e-05 lambda=0.000 grl_lambda=0.998 v18_lambda=0.000 gpu=3.0/11.8GB
[00:31:40] [train] ep=71 step=020/40 ce=0.3200 sc=0.7524 mi=0.0522 dn=0.0000 v13=0.0003 grl=0.0808 v15=0.0000 v15r=0.0000 v16=0.0000 v17=0.0000 v18=0.0000 acc=0.9969 lr=6.35e-05 lambda=0.000 grl_lambda=0.998 v18_lambda=0.000 gpu=3.0/11.8GB
[00:31:46] [train] ep=71 step=030/40 ce=0.3039 sc=0.7872 mi=0.0526 dn=0.0000 v13=0.0003 grl=0.0790 v15=0.0000 v15r=0.0000 v16=0.0000 v17=0.0000 v18=0.0000 acc=0.9979 lr=6.25e-05 lambda=0.000 grl_lambda=0.998 v18_lambda=0.000 gpu=3.0/11.8GB
[00:31:51] [train] ep=71 step=040/40 ce=0.3147 sc=0.8034 mi=0.0539 dn=0.0000 v13=0.0004 grl=0.0805 v15=0.0000 v15r=0.0000 v16=0.0000 v17=0.0000 v18=0.0000 acc=0.9969 lr=6.15e-05 lambda=0.000 grl_lambda=0.998 v18_lambda=0.000 gpu=3.0/11.8GB
[00:32:01] [ep_summary] ep=71/100 val_live=0.9691/0.9687 val_ema=0.9630/0.9627 test77_live=0.8957/0.8943 test77_diag_ema=0.8669/0.8705 v13=0.0004 grl=0.0805 v15=0.0000 v15r=0.0000 v16=0.0000 v17=0.0000 v18=0.0000 das=fixed_narrow[10,30] p=1.00 ep_time=33.1s
[00:32:01] [save] best_sourcequalified77_ema ep=71 source_val_live=0.9691/0.9687 source_val_ema=0.9630/0.9627 test77_ema=0.8669/0.8705
[00:32:01] [train] epoch 72/100 steps=40 use_dann=0 das=fixed_narrow f=[10.0,30.0] p=1.00 gpu=3.0/11.8GB
[00:32:02] [train] ep=72 step=001/40 ce=0.2589 sc=0.4178 mi=0.0491 dn=0.0000 v13=0.0003 grl=0.0658 v15=0.0000 v15r=0.0000 v16=0.0000 v17=0.0000 v18=0.0000 acc=1.0000 lr=6.14e-05 lambda=0.000 grl_lambda=0.998 v18_lambda=0.000 gpu=3.0/11.8GB
[00:32:07] [train] ep=72 step=010/40 ce=0.3135 sc=0.9120 mi=0.0559 dn=0.0000 v13=0.0004 grl=0.0696 v15=0.0000 v15r=0.0000 v16=0.0000 v17=0.0000 v18=0.0000 acc=1.0000 lr=6.06e-05 lambda=0.000 grl_lambda=0.998 v18_lambda=0.000 gpu=3.0/11.8GB
[00:32:13] [train] ep=72 step=020/40 ce=0.2918 sc=0.8018 mi=0.0563 dn=0.0000 v13=0.0004 grl=0.0794 v15=0.0000 v15r=0.0000 v16=0.0000 v17=0.0000 v18=0.0000 acc=1.0000 lr=5.96e-05 lambda=0.000 grl_lambda=0.998 v18_lambda=0.000 gpu=3.0/11.8GB
[00:32:19] [train] ep=72 step=030/40 ce=0.3215 sc=0.8321 mi=0.0559 dn=0.0000 v13=0.0004 grl=0.0760 v15=0.0000 v15r=0.0000 v16=0.0000 v17=0.0000 v18=0.0000 acc=0.9979 lr=5.86e-05 lambda=0.000 grl_lambda=0.998 v18_lambda=0.000 gpu=3.0/11.8GB
[00:32:24] [train] ep=72 step=040/40 ce=0.3506 sc=0.8901 mi=0.0559 dn=0.0000 v13=0.0004 grl=0.0768 v15=0.0000 v15r=0.0000 v16=0.0000 v17=0.0000 v18=0.0000 acc=0.9953 lr=5.77e-05 lambda=0.000 grl_lambda=0.999 v18_lambda=0.000 gpu=3.0/11.8GB
[00:32:34] [ep_summary] ep=72/100 val_live=0.9506/0.9494 val_ema=0.9630/0.9627 test77_live=0.8885/0.8857 test77_diag_ema=0.8705/0.8739 v13=0.0004 grl=0.0768 v15=0.0000 v15r=0.0000 v16=0.0000 v17=0.0000 v18=0.0000 das=fixed_narrow[10,30] p=1.00 ep_time=33.0s
[00:32:34] [save] best_sourcequalified77_ema ep=72 source_val_live=0.9506/0.9494 source_val_ema=0.9630/0.9627 test77_ema=0.8705/0.8739
[00:32:34] [train] epoch 73/100 steps=40 use_dann=0 das=fixed_narrow f=[10.0,30.0] p=1.00 gpu=3.0/11.8GB
[00:32:35] [train] ep=73 step=001/40 ce=0.2587 sc=0.6150 mi=0.0553 dn=0.0000 v13=0.0004 grl=0.1324 v15=0.0000 v15r=0.0000 v16=0.0000 v17=0.0000 v18=0.0000 acc=1.0000 lr=5.76e-05 lambda=0.000 grl_lambda=0.999 v18_lambda=0.000 gpu=3.0/11.8GB
[00:32:40] [train] ep=73 step=010/40 ce=0.4318 sc=0.7693 mi=0.0568 dn=0.0000 v13=0.0003 grl=0.0905 v15=0.0000 v15r=0.0000 v16=0.0000 v17=0.0000 v18=0.0000 acc=0.9875 lr=5.67e-05 lambda=0.000 grl_lambda=0.999 v18_lambda=0.000 gpu=3.0/11.8GB
[00:32:46] [train] ep=73 step=020/40 ce=0.3465 sc=0.7025 mi=0.0586 dn=0.0000 v13=0.0003 grl=0.0909 v15=0.0000 v15r=0.0000 v16=0.0000 v17=0.0000 v18=0.0000 acc=0.9938 lr=5.58e-05 lambda=0.000 grl_lambda=0.999 v18_lambda=0.000 gpu=3.0/11.8GB
[00:32:52] [train] ep=73 step=030/40 ce=0.3522 sc=0.6958 mi=0.0573 dn=0.0000 v13=0.0003 grl=0.0867 v15=0.0000 v15r=0.0000 v16=0.0000 v17=0.0000 v18=0.0000 acc=0.9938 lr=5.48e-05 lambda=0.000 grl_lambda=0.999 v18_lambda=0.000 gpu=3.0/11.8GB
[00:32:58] [train] ep=73 step=040/40 ce=0.3289 sc=0.7089 mi=0.0567 dn=0.0000 v13=0.0003 grl=0.0837 v15=0.0000 v15r=0.0000 v16=0.0000 v17=0.0000 v18=0.0000 acc=0.9953 lr=5.39e-05 lambda=0.000 grl_lambda=0.999 v18_lambda=0.000 gpu=3.0/11.8GB
[00:33:07] [ep_summary] ep=73/100 val_live=0.9568/0.9563 val_ema=0.9630/0.9627 test77_live=0.8849/0.8832 test77_diag_ema=0.8705/0.8739 v13=0.0003 grl=0.0837 v15=0.0000 v15r=0.0000 v16=0.0000 v17=0.0000 v18=0.0000 das=fixed_narrow[10,30] p=1.00 ep_time=33.0s
[00:33:07] [train] epoch 74/100 steps=40 use_dann=0 das=fixed_narrow f=[10.0,30.0] p=1.00 gpu=3.0/11.8GB
[00:33:08] [train] ep=74 step=001/40 ce=0.2600 sc=0.8667 mi=0.0514 dn=0.0000 v13=0.0004 grl=0.0766 v15=0.0000 v15r=0.0000 v16=0.0000 v17=0.0000 v18=0.0000 acc=1.0000 lr=5.38e-05 lambda=0.000 grl_lambda=0.999 v18_lambda=0.000 gpu=3.0/11.8GB
[00:33:13] [train] ep=74 step=010/40 ce=0.3165 sc=0.7978 mi=0.0538 dn=0.0000 v13=0.0003 grl=0.0898 v15=0.0000 v15r=0.0000 v16=0.0000 v17=0.0000 v18=0.0000 acc=0.9938 lr=5.30e-05 lambda=0.000 grl_lambda=0.999 v18_lambda=0.000 gpu=3.0/11.8GB
[00:33:19] [train] ep=74 step=020/40 ce=0.3409 sc=0.7857 mi=0.0536 dn=0.0000 v13=0.0003 grl=0.0856 v15=0.0000 v15r=0.0000 v16=0.0000 v17=0.0000 v18=0.0000 acc=0.9938 lr=5.20e-05 lambda=0.000 grl_lambda=0.999 v18_lambda=0.000 gpu=3.0/11.8GB
[00:33:25] [train] ep=74 step=030/40 ce=0.3383 sc=0.8083 mi=0.0547 dn=0.0000 v13=0.0003 grl=0.0849 v15=0.0000 v15r=0.0000 v16=0.0000 v17=0.0000 v18=0.0000 acc=0.9938 lr=5.11e-05 lambda=0.000 grl_lambda=0.999 v18_lambda=0.000 gpu=3.0/11.8GB
[00:33:31] [train] ep=74 step=040/40 ce=0.3420 sc=0.8111 mi=0.0546 dn=0.0000 v13=0.0003 grl=0.0814 v15=0.0000 v15r=0.0000 v16=0.0000 v17=0.0000 v18=0.0000 acc=0.9938 lr=5.02e-05 lambda=0.000 grl_lambda=0.999 v18_lambda=0.000 gpu=3.0/11.8GB
[00:33:40] [ep_summary] ep=74/100 val_live=0.9568/0.9563 val_ema=0.9630/0.9627 test77_live=0.8921/0.8911 test77_diag_ema=0.8777/0.8798 v13=0.0003 grl=0.0814 v15=0.0000 v15r=0.0000 v16=0.0000 v17=0.0000 v18=0.0000 das=fixed_narrow[10,30] p=1.00 ep_time=33.0s
[00:33:41] [save] best_sourcequalified77_ema ep=74 source_val_live=0.9568/0.9563 source_val_ema=0.9630/0.9627 test77_ema=0.8777/0.8798
[00:33:41] [train] epoch 75/100 steps=40 use_dann=0 das=fixed_narrow f=[10.0,30.0] p=1.00 gpu=3.0/11.8GB
[00:33:41] [train] ep=75 step=001/40 ce=0.2571 sc=0.7452 mi=0.0595 dn=0.0000 v13=0.0005 grl=0.1025 v15=0.0000 v15r=0.0000 v16=0.0000 v17=0.0000 v18=0.0000 acc=1.0000 lr=5.01e-05 lambda=0.000 grl_lambda=0.999 v18_lambda=0.000 gpu=3.0/11.8GB
[00:33:46] [train] ep=75 step=010/40 ce=0.2670 sc=0.7342 mi=0.0563 dn=0.0000 v13=0.0004 grl=0.0780 v15=0.0000 v15r=0.0000 v16=0.0000 v17=0.0000 v18=0.0000 acc=1.0000 lr=4.93e-05 lambda=0.000 grl_lambda=0.999 v18_lambda=0.000 gpu=3.0/11.8GB
[00:33:52] [train] ep=75 step=020/40 ce=0.2885 sc=0.7686 mi=0.0552 dn=0.0000 v13=0.0003 grl=0.0731 v15=0.0000 v15r=0.0000 v16=0.0000 v17=0.0000 v18=0.0000 acc=0.9969 lr=4.84e-05 lambda=0.000 grl_lambda=0.999 v18_lambda=0.000 gpu=3.0/11.8GB
[00:33:58] [train] ep=75 step=030/40 ce=0.3063 sc=0.7607 mi=0.0553 dn=0.0000 v13=0.0003 grl=0.0750 v15=0.0000 v15r=0.0000 v16=0.0000 v17=0.0000 v18=0.0000 acc=0.9958 lr=4.75e-05 lambda=0.000 grl_lambda=0.999 v18_lambda=0.000 gpu=3.0/11.8GB
[00:34:04] [train] ep=75 step=040/40 ce=0.2947 sc=0.7401 mi=0.0561 dn=0.0000 v13=0.0003 grl=0.0759 v15=0.0000 v15r=0.0000 v16=0.0000 v17=0.0000 v18=0.0000 acc=0.9969 lr=4.66e-05 lambda=0.000 grl_lambda=0.999 v18_lambda=0.000 gpu=3.0/11.8GB
[00:34:14] [ep_summary] ep=75/100 val_live=0.9691/0.9687 val_ema=0.9691/0.9687 test77_live=0.8849/0.8828 test77_diag_ema=0.8849/0.8862 v13=0.0003 grl=0.0759 v15=0.0000 v15r=0.0000 v16=0.0000 v17=0.0000 v18=0.0000 das=fixed_narrow[10,30] p=1.00 ep_time=33.0s
[00:34:14] [save] best_sourcequalified77_ema ep=75 source_val_live=0.9691/0.9687 source_val_ema=0.9691/0.9687 test77_ema=0.8849/0.8862
[00:34:14] [train] epoch 76/100 steps=40 use_dann=0 das=fixed_narrow f=[10.0,30.0] p=1.00 gpu=3.0/11.8GB
[00:34:14] [train] ep=76 step=001/40 ce=0.2575 sc=0.7438 mi=0.0451 dn=0.0000 v13=0.0001 grl=0.0380 v15=0.0000 v15r=0.0000 v16=0.0000 v17=0.0000 v18=0.0000 acc=1.0000 lr=4.65e-05 lambda=0.000 grl_lambda=0.999 v18_lambda=0.000 gpu=3.0/11.8GB
[00:34:19] [train] ep=76 step=010/40 ce=0.3116 sc=0.8103 mi=0.0546 dn=0.0000 v13=0.0003 grl=0.0673 v15=0.0000 v15r=0.0000 v16=0.0000 v17=0.0000 v18=0.0000 acc=1.0000 lr=4.58e-05 lambda=0.000 grl_lambda=0.999 v18_lambda=0.000 gpu=3.0/11.8GB
[00:34:25] [train] ep=76 step=020/40 ce=0.2847 sc=0.7905 mi=0.0555 dn=0.0000 v13=0.0003 grl=0.0727 v15=0.0000 v15r=0.0000 v16=0.0000 v17=0.0000 v18=0.0000 acc=1.0000 lr=4.49e-05 lambda=0.000 grl_lambda=0.999 v18_lambda=0.000 gpu=3.0/11.8GB
[00:34:31] [train] ep=76 step=030/40 ce=0.2775 sc=0.7835 mi=0.0562 dn=0.0000 v13=0.0003 grl=0.0776 v15=0.0000 v15r=0.0000 v16=0.0000 v17=0.0000 v18=0.0000 acc=1.0000 lr=4.40e-05 lambda=0.000 grl_lambda=0.999 v18_lambda=0.000 gpu=3.0/11.8GB
[00:34:37] [train] ep=76 step=040/40 ce=0.2730 sc=0.7375 mi=0.0553 dn=0.0000 v13=0.0004 grl=0.0800 v15=0.0000 v15r=0.0000 v16=0.0000 v17=0.0000 v18=0.0000 acc=1.0000 lr=4.32e-05 lambda=0.000 grl_lambda=0.999 v18_lambda=0.000 gpu=3.0/11.8GB
[00:34:47] [ep_summary] ep=76/100 val_live=0.9506/0.9494 val_ema=0.9691/0.9687 test77_live=0.8957/0.8943 test77_diag_ema=0.8885/0.8895 v13=0.0004 grl=0.0800 v15=0.0000 v15r=0.0000 v16=0.0000 v17=0.0000 v18=0.0000 das=fixed_narrow[10,30] p=1.00 ep_time=33.0s
[00:34:47] [save] best_sourcequalified77_ema ep=76 source_val_live=0.9506/0.9494 source_val_ema=0.9691/0.9687 test77_ema=0.8885/0.8895
[00:34:47] [train] epoch 77/100 steps=40 use_dann=0 das=fixed_narrow f=[10.0,30.0] p=1.00 gpu=3.0/11.8GB
[00:34:47] [train] ep=77 step=001/40 ce=0.2571 sc=0.5392 mi=0.0488 dn=0.0000 v13=0.0005 grl=0.0786 v15=0.0000 v15r=0.0000 v16=0.0000 v17=0.0000 v18=0.0000 acc=1.0000 lr=4.31e-05 lambda=0.000 grl_lambda=0.999 v18_lambda=0.000 gpu=3.0/11.8GB
[00:34:52] [train] ep=77 step=010/40 ce=0.3630 sc=0.6610 mi=0.0596 dn=0.0000 v13=0.0004 grl=0.0778 v15=0.0000 v15r=0.0000 v16=0.0000 v17=0.0000 v18=0.0000 acc=0.9938 lr=4.23e-05 lambda=0.000 grl_lambda=0.999 v18_lambda=0.000 gpu=3.0/11.8GB
[00:34:58] [train] ep=77 step=020/40 ce=0.3408 sc=0.7639 mi=0.0587 dn=0.0000 v13=0.0003 grl=0.0791 v15=0.0000 v15r=0.0000 v16=0.0000 v17=0.0000 v18=0.0000 acc=0.9938 lr=4.15e-05 lambda=0.000 grl_lambda=0.999 v18_lambda=0.000 gpu=3.0/11.8GB
[00:35:04] [train] ep=77 step=030/40 ce=0.3460 sc=0.8175 mi=0.0575 dn=0.0000 v13=0.0003 grl=0.0795 v15=0.0000 v15r=0.0000 v16=0.0000 v17=0.0000 v18=0.0000 acc=0.9938 lr=4.06e-05 lambda=0.000 grl_lambda=0.999 v18_lambda=0.000 gpu=3.0/11.8GB
[00:35:10] [train] ep=77 step=040/40 ce=0.3253 sc=0.8284 mi=0.0565 dn=0.0000 v13=0.0003 grl=0.0777 v15=0.0000 v15r=0.0000 v16=0.0000 v17=0.0000 v18=0.0000 acc=0.9953 lr=3.98e-05 lambda=0.000 grl_lambda=0.999 v18_lambda=0.000 gpu=3.0/11.8GB
[00:35:20] [ep_summary] ep=77/100 val_live=0.9691/0.9687 val_ema=0.9691/0.9687 test77_live=0.8993/0.8980 test77_diag_ema=0.8957/0.8961 v13=0.0003 grl=0.0777 v15=0.0000 v15r=0.0000 v16=0.0000 v17=0.0000 v18=0.0000 das=fixed_narrow[10,30] p=1.00 ep_time=33.0s
[00:35:20] [save] best_sourcequalified77_ema ep=77 source_val_live=0.9691/0.9687 source_val_ema=0.9691/0.9687 test77_ema=0.8957/0.8961
[00:35:20] [train] epoch 78/100 steps=40 use_dann=0 das=fixed_narrow f=[10.0,30.0] p=1.00 gpu=3.0/11.8GB
[00:35:20] [train] ep=78 step=001/40 ce=0.2572 sc=0.9616 mi=0.0571 dn=0.0000 v13=0.0003 grl=0.0672 v15=0.0000 v15r=0.0000 v16=0.0000 v17=0.0000 v18=0.0000 acc=1.0000 lr=3.97e-05 lambda=0.000 grl_lambda=0.999 v18_lambda=0.000 gpu=3.0/11.8GB
[00:35:26] [train] ep=78 step=010/40 ce=0.2828 sc=0.7706 mi=0.0528 dn=0.0000 v13=0.0003 grl=0.0693 v15=0.0000 v15r=0.0000 v16=0.0000 v17=0.0000 v18=0.0000 acc=1.0000 lr=3.90e-05 lambda=0.000 grl_lambda=0.999 v18_lambda=0.000 gpu=3.0/11.8GB
[00:35:31] [train] ep=78 step=020/40 ce=0.2895 sc=0.6827 mi=0.0530 dn=0.0000 v13=0.0003 grl=0.0674 v15=0.0000 v15r=0.0000 v16=0.0000 v17=0.0000 v18=0.0000 acc=0.9969 lr=3.82e-05 lambda=0.000 grl_lambda=0.999 v18_lambda=0.000 gpu=3.0/11.8GB
[00:35:37] [train] ep=78 step=030/40 ce=0.2804 sc=0.6981 mi=0.0541 dn=0.0000 v13=0.0003 grl=0.0695 v15=0.0000 v15r=0.0000 v16=0.0000 v17=0.0000 v18=0.0000 acc=0.9979 lr=3.74e-05 lambda=0.000 grl_lambda=0.999 v18_lambda=0.000 gpu=3.0/11.8GB
[00:35:43] [train] ep=78 step=040/40 ce=0.2755 sc=0.7137 mi=0.0549 dn=0.0000 v13=0.0003 grl=0.0723 v15=0.0000 v15r=0.0000 v16=0.0000 v17=0.0000 v18=0.0000 acc=0.9984 lr=3.66e-05 lambda=0.000 grl_lambda=0.999 v18_lambda=0.000 gpu=3.0/11.8GB
[00:35:53] [ep_summary] ep=78/100 val_live=0.9753/0.9749 val_ema=0.9691/0.9687 test77_live=0.8993/0.8987 test77_diag_ema=0.8957/0.8961 v13=0.0003 grl=0.0723 v15=0.0000 v15r=0.0000 v16=0.0000 v17=0.0000 v18=0.0000 das=fixed_narrow[10,30] p=1.00 ep_time=32.9s
[00:35:53] [train] epoch 79/100 steps=40 use_dann=0 das=fixed_narrow f=[10.0,30.0] p=1.00 gpu=3.0/11.8GB
[00:35:53] [train] ep=79 step=001/40 ce=0.9905 sc=1.4056 mi=0.0672 dn=0.0000 v13=0.0002 grl=0.0517 v15=0.0000 v15r=0.0000 v16=0.0000 v17=0.0000 v18=0.0000 acc=0.9375 lr=3.65e-05 lambda=0.000 grl_lambda=0.999 v18_lambda=0.000 gpu=3.0/11.8GB
[00:35:58] [train] ep=79 step=010/40 ce=0.3950 sc=0.8845 mi=0.0567 dn=0.0000 v13=0.0003 grl=0.0684 v15=0.0000 v15r=0.0000 v16=0.0000 v17=0.0000 v18=0.0000 acc=0.9875 lr=3.58e-05 lambda=0.000 grl_lambda=0.999 v18_lambda=0.000 gpu=3.0/11.8GB
[00:36:04] [train] ep=79 step=020/40 ce=0.4021 sc=0.8182 mi=0.0551 dn=0.0000 v13=0.0003 grl=0.0734 v15=0.0000 v15r=0.0000 v16=0.0000 v17=0.0000 v18=0.0000 acc=0.9875 lr=3.50e-05 lambda=0.000 grl_lambda=0.999 v18_lambda=0.000 gpu=3.0/11.8GB
[00:36:10] [train] ep=79 step=030/40 ce=0.3577 sc=0.8005 mi=0.0542 dn=0.0000 v13=0.0003 grl=0.0743 v15=0.0000 v15r=0.0000 v16=0.0000 v17=0.0000 v18=0.0000 acc=0.9917 lr=3.42e-05 lambda=0.000 grl_lambda=0.999 v18_lambda=0.000 gpu=3.0/11.8GB
[00:36:16] [train] ep=79 step=040/40 ce=0.3730 sc=0.8236 mi=0.0554 dn=0.0000 v13=0.0003 grl=0.0747 v15=0.0000 v15r=0.0000 v16=0.0000 v17=0.0000 v18=0.0000 acc=0.9906 lr=3.35e-05 lambda=0.000 grl_lambda=0.999 v18_lambda=0.000 gpu=3.0/11.8GB
[00:36:26] [ep_summary] ep=79/100 val_live=0.9630/0.9625 val_ema=0.9691/0.9687 test77_live=0.8993/0.8980 test77_diag_ema=0.8957/0.8961 v13=0.0003 grl=0.0747 v15=0.0000 v15r=0.0000 v16=0.0000 v17=0.0000 v18=0.0000 das=fixed_narrow[10,30] p=1.00 ep_time=33.0s
[00:36:26] [train] epoch 80/100 steps=40 use_dann=0 das=fixed_narrow f=[10.0,30.0] p=1.00 gpu=3.0/11.8GB
[00:36:26] [train] ep=80 step=001/40 ce=0.2566 sc=0.5976 mi=0.0543 dn=0.0000 v13=0.0002 grl=0.0720 v15=0.0000 v15r=0.0000 v16=0.0000 v17=0.0000 v18=0.0000 acc=1.0000 lr=3.34e-05 lambda=0.000 grl_lambda=0.999 v18_lambda=0.000 gpu=3.0/11.8GB
[00:36:31] [train] ep=80 step=010/40 ce=0.3013 sc=0.7670 mi=0.0524 dn=0.0000 v13=0.0003 grl=0.0701 v15=0.0000 v15r=0.0000 v16=0.0000 v17=0.0000 v18=0.0000 acc=1.0000 lr=3.27e-05 lambda=0.000 grl_lambda=0.999 v18_lambda=0.000 gpu=3.0/11.8GB
[00:36:37] [train] ep=80 step=020/40 ce=0.2814 sc=0.8018 mi=0.0534 dn=0.0000 v13=0.0003 grl=0.0732 v15=0.0000 v15r=0.0000 v16=0.0000 v17=0.0000 v18=0.0000 acc=1.0000 lr=3.19e-05 lambda=0.000 grl_lambda=0.999 v18_lambda=0.000 gpu=3.0/11.8GB
[00:36:43] [train] ep=80 step=030/40 ce=0.3148 sc=0.8178 mi=0.0536 dn=0.0000 v13=0.0003 grl=0.0783 v15=0.0000 v15r=0.0000 v16=0.0000 v17=0.0000 v18=0.0000 acc=0.9979 lr=3.12e-05 lambda=0.000 grl_lambda=0.999 v18_lambda=0.000 gpu=3.0/11.8GB
[00:36:49] [train] ep=80 step=040/40 ce=0.3035 sc=0.8002 mi=0.0537 dn=0.0000 v13=0.0003 grl=0.0767 v15=0.0000 v15r=0.0000 v16=0.0000 v17=0.0000 v18=0.0000 acc=0.9984 lr=3.05e-05 lambda=0.000 grl_lambda=0.999 v18_lambda=0.000 gpu=3.0/11.8GB
[00:36:58] [pool] check ep=080/100 source_val_acc_ema=0.9691 threshold=0.90
[00:37:03] [pool] ep=080 ADDED src_val=0.9691/0.9687 dev77=0.8214/0.8204 final77=0.8957/0.8961
[00:37:03] [pool] running best ep=080 dev77_f1=0.8204 final77_f1=0.8961 (pool_size=5)
[00:37:03] [ep_summary] ep=80/100 val_live=0.9506/0.9499 val_ema=0.9691/0.9687 test77_live=0.8813/0.8794 test77_diag_ema=0.8957/0.8961 v13=0.0003 grl=0.0767 v15=0.0000 v15r=0.0000 v16=0.0000 v17=0.0000 v18=0.0000 das=fixed_narrow[10,30] p=1.00 ep_time=37.6s
[00:37:03] [strict77_monitor] ep=80 best_source_epoch=50 source_val_ema=0.9753/0.9757 test77_ema_diag=0.7050/0.6939 sourcequalified_count=43 best_sourcequalified77_epoch=77 source_val_ema=0.9691/0.9687 test77_ema=0.8957/0.8961
[00:37:03] [train] epoch 81/100 steps=40 use_dann=0 das=fixed_narrow f=[10.0,30.0] p=1.00 gpu=3.0/11.8GB
[00:37:04] [train] ep=81 step=001/40 ce=0.2587 sc=0.7330 mi=0.0490 dn=0.0000 v13=0.0003 grl=0.0417 v15=0.0000 v15r=0.0000 v16=0.0000 v17=0.0000 v18=0.0000 acc=1.0000 lr=3.04e-05 lambda=0.000 grl_lambda=0.999 v18_lambda=0.000 gpu=3.0/11.8GB
[00:37:09] [train] ep=81 step=010/40 ce=0.3082 sc=0.8545 mi=0.0518 dn=0.0000 v13=0.0004 grl=0.0629 v15=0.0000 v15r=0.0000 v16=0.0000 v17=0.0000 v18=0.0000 acc=0.9938 lr=2.97e-05 lambda=0.000 grl_lambda=0.999 v18_lambda=0.000 gpu=3.0/11.8GB
[00:37:15] [train] ep=81 step=020/40 ce=0.3108 sc=0.8471 mi=0.0535 dn=0.0000 v13=0.0003 grl=0.0681 v15=0.0000 v15r=0.0000 v16=0.0000 v17=0.0000 v18=0.0000 acc=0.9938 lr=2.90e-05 lambda=0.000 grl_lambda=0.999 v18_lambda=0.000 gpu=3.0/11.8GB
[00:37:21] [train] ep=81 step=030/40 ce=0.2962 sc=0.8216 mi=0.0545 dn=0.0000 v13=0.0003 grl=0.0716 v15=0.0000 v15r=0.0000 v16=0.0000 v17=0.0000 v18=0.0000 acc=0.9958 lr=2.83e-05 lambda=0.000 grl_lambda=0.999 v18_lambda=0.000 gpu=3.0/11.8GB
[00:37:26] [train] ep=81 step=040/40 ce=0.2989 sc=0.7801 mi=0.0541 dn=0.0000 v13=0.0003 grl=0.0727 v15=0.0000 v15r=0.0000 v16=0.0000 v17=0.0000 v18=0.0000 acc=0.9953 lr=2.76e-05 lambda=0.000 grl_lambda=0.999 v18_lambda=0.000 gpu=3.0/11.8GB
[00:37:36] [ep_summary] ep=81/100 val_live=0.9630/0.9625 val_ema=0.9691/0.9687 test77_live=0.8921/0.8909 test77_diag_ema=0.8957/0.8959 v13=0.0003 grl=0.0727 v15=0.0000 v15r=0.0000 v16=0.0000 v17=0.0000 v18=0.0000 das=fixed_narrow[10,30] p=1.00 ep_time=33.0s
[00:37:36] [train] epoch 82/100 steps=40 use_dann=0 das=fixed_narrow f=[10.0,30.0] p=1.00 gpu=3.0/11.8GB
[00:37:37] [train] ep=82 step=001/40 ce=0.2576 sc=0.5659 mi=0.0583 dn=0.0000 v13=0.0001 grl=0.0321 v15=0.0000 v15r=0.0000 v16=0.0000 v17=0.0000 v18=0.0000 acc=1.0000 lr=2.75e-05 lambda=0.000 grl_lambda=0.999 v18_lambda=0.000 gpu=3.0/11.8GB
[00:37:42] [train] ep=82 step=010/40 ce=0.3246 sc=0.7633 mi=0.0567 dn=0.0000 v13=0.0003 grl=0.0764 v15=0.0000 v15r=0.0000 v16=0.0000 v17=0.0000 v18=0.0000 acc=0.9938 lr=2.69e-05 lambda=0.000 grl_lambda=0.999 v18_lambda=0.000 gpu=3.0/11.8GB
[00:37:48] [train] ep=82 step=020/40 ce=0.2916 sc=0.7669 mi=0.0565 dn=0.0000 v13=0.0003 grl=0.0716 v15=0.0000 v15r=0.0000 v16=0.0000 v17=0.0000 v18=0.0000 acc=0.9969 lr=2.62e-05 lambda=0.000 grl_lambda=0.999 v18_lambda=0.000 gpu=3.0/11.8GB
[00:37:54] [train] ep=82 step=030/40 ce=0.2848 sc=0.7850 mi=0.0552 dn=0.0000 v13=0.0003 grl=0.0705 v15=0.0000 v15r=0.0000 v16=0.0000 v17=0.0000 v18=0.0000 acc=0.9979 lr=2.55e-05 lambda=0.000 grl_lambda=0.999 v18_lambda=0.000 gpu=3.0/11.8GB
[00:37:59] [train] ep=82 step=040/40 ce=0.2962 sc=0.7944 mi=0.0544 dn=0.0000 v13=0.0003 grl=0.0705 v15=0.0000 v15r=0.0000 v16=0.0000 v17=0.0000 v18=0.0000 acc=0.9969 lr=2.48e-05 lambda=0.000 grl_lambda=0.999 v18_lambda=0.000 gpu=3.0/11.8GB
[00:38:09] [ep_summary] ep=82/100 val_live=0.9630/0.9625 val_ema=0.9691/0.9687 test77_live=0.8957/0.8942 test77_diag_ema=0.8957/0.8959 v13=0.0003 grl=0.0705 v15=0.0000 v15r=0.0000 v16=0.0000 v17=0.0000 v18=0.0000 das=fixed_narrow[10,30] p=1.00 ep_time=33.0s
[00:38:09] [train] epoch 83/100 steps=40 use_dann=0 das=fixed_narrow f=[10.0,30.0] p=1.00 gpu=3.0/11.8GB
[00:38:10] [train] ep=83 step=001/40 ce=0.2616 sc=0.8376 mi=0.0498 dn=0.0000 v13=0.0002 grl=0.0490 v15=0.0000 v15r=0.0000 v16=0.0000 v17=0.0000 v18=0.0000 acc=1.0000 lr=2.48e-05 lambda=0.000 grl_lambda=0.999 v18_lambda=0.000 gpu=3.0/11.8GB
[00:38:15] [train] ep=83 step=010/40 ce=0.2880 sc=0.7538 mi=0.0521 dn=0.0000 v13=0.0003 grl=0.0746 v15=0.0000 v15r=0.0000 v16=0.0000 v17=0.0000 v18=0.0000 acc=1.0000 lr=2.42e-05 lambda=0.000 grl_lambda=0.999 v18_lambda=0.000 gpu=3.0/11.8GB
[00:38:21] [train] ep=83 step=020/40 ce=0.2749 sc=0.7278 mi=0.0535 dn=0.0000 v13=0.0003 grl=0.0730 v15=0.0000 v15r=0.0000 v16=0.0000 v17=0.0000 v18=0.0000 acc=1.0000 lr=2.35e-05 lambda=0.000 grl_lambda=0.999 v18_lambda=0.000 gpu=3.0/11.8GB
[00:38:27] [train] ep=83 step=030/40 ce=0.2892 sc=0.7556 mi=0.0545 dn=0.0000 v13=0.0003 grl=0.0760 v15=0.0000 v15r=0.0000 v16=0.0000 v17=0.0000 v18=0.0000 acc=0.9979 lr=2.29e-05 lambda=0.000 grl_lambda=0.999 v18_lambda=0.000 gpu=3.0/11.8GB
[00:38:32] [train] ep=83 step=040/40 ce=0.2897 sc=0.7843 mi=0.0540 dn=0.0000 v13=0.0003 grl=0.0790 v15=0.0000 v15r=0.0000 v16=0.0000 v17=0.0000 v18=0.0000 acc=0.9984 lr=2.22e-05 lambda=0.000 grl_lambda=1.000 v18_lambda=0.000 gpu=3.0/11.8GB
[00:38:42] [ep_summary] ep=83/100 val_live=0.9753/0.9749 val_ema=0.9691/0.9687 test77_live=0.8993/0.8992 test77_diag_ema=0.8993/0.8998 v13=0.0003 grl=0.0790 v15=0.0000 v15r=0.0000 v16=0.0000 v17=0.0000 v18=0.0000 das=fixed_narrow[10,30] p=1.00 ep_time=32.9s
[00:38:42] [save] best_sourcequalified77_ema ep=83 source_val_live=0.9753/0.9749 source_val_ema=0.9691/0.9687 test77_ema=0.8993/0.8998
[00:38:42] [train] epoch 84/100 steps=40 use_dann=0 das=fixed_narrow f=[10.0,30.0] p=1.00 gpu=3.0/11.8GB
[00:38:43] [train] ep=84 step=001/40 ce=0.6448 sc=0.9649 mi=0.0561 dn=0.0000 v13=0.0003 grl=0.0817 v15=0.0000 v15r=0.0000 v16=0.0000 v17=0.0000 v18=0.0000 acc=0.9375 lr=2.22e-05 lambda=0.000 grl_lambda=1.000 v18_lambda=0.000 gpu=3.0/11.8GB
[00:38:48] [train] ep=84 step=010/40 ce=0.3693 sc=0.8347 mi=0.0574 dn=0.0000 v13=0.0004 grl=0.0726 v15=0.0000 v15r=0.0000 v16=0.0000 v17=0.0000 v18=0.0000 acc=0.9875 lr=2.16e-05 lambda=0.000 grl_lambda=1.000 v18_lambda=0.000 gpu=3.0/11.8GB
[00:38:54] [train] ep=84 step=020/40 ce=0.3133 sc=0.7745 mi=0.0555 dn=0.0000 v13=0.0003 grl=0.0767 v15=0.0000 v15r=0.0000 v16=0.0000 v17=0.0000 v18=0.0000 acc=0.9938 lr=2.10e-05 lambda=0.000 grl_lambda=1.000 v18_lambda=0.000 gpu=3.0/11.8GB
[00:38:59] [train] ep=84 step=030/40 ce=0.3273 sc=0.7906 mi=0.0560 dn=0.0000 v13=0.0004 grl=0.0749 v15=0.0000 v15r=0.0000 v16=0.0000 v17=0.0000 v18=0.0000 acc=0.9938 lr=2.04e-05 lambda=0.000 grl_lambda=1.000 v18_lambda=0.000 gpu=3.0/11.8GB
[00:39:05] [train] ep=84 step=040/40 ce=0.3262 sc=0.7605 mi=0.0566 dn=0.0000 v13=0.0004 grl=0.0765 v15=0.0000 v15r=0.0000 v16=0.0000 v17=0.0000 v18=0.0000 acc=0.9938 lr=1.98e-05 lambda=0.000 grl_lambda=1.000 v18_lambda=0.000 gpu=3.0/11.8GB
[00:39:15] [ep_summary] ep=84/100 val_live=0.9630/0.9625 val_ema=0.9691/0.9687 test77_live=0.8885/0.8877 test77_diag_ema=0.8993/0.8998 v13=0.0004 grl=0.0765 v15=0.0000 v15r=0.0000 v16=0.0000 v17=0.0000 v18=0.0000 das=fixed_narrow[10,30] p=1.00 ep_time=32.9s
[00:39:15] [train] epoch 85/100 steps=40 use_dann=0 das=fixed_narrow f=[10.0,30.0] p=1.00 gpu=3.0/11.8GB
[00:39:16] [train] ep=85 step=001/40 ce=0.2563 sc=0.5509 mi=0.0534 dn=0.0000 v13=0.0005 grl=0.0959 v15=0.0000 v15r=0.0000 v16=0.0000 v17=0.0000 v18=0.0000 acc=1.0000 lr=1.97e-05 lambda=0.000 grl_lambda=1.000 v18_lambda=0.000 gpu=3.0/11.8GB
[00:39:21] [train] ep=85 step=010/40 ce=0.2900 sc=0.8972 mi=0.0574 dn=0.0000 v13=0.0003 grl=0.0765 v15=0.0000 v15r=0.0000 v16=0.0000 v17=0.0000 v18=0.0000 acc=1.0000 lr=1.92e-05 lambda=0.000 grl_lambda=1.000 v18_lambda=0.000 gpu=3.0/11.8GB
[00:39:27] [train] ep=85 step=020/40 ce=0.2860 sc=0.8117 mi=0.0567 dn=0.0000 v13=0.0003 grl=0.0797 v15=0.0000 v15r=0.0000 v16=0.0000 v17=0.0000 v18=0.0000 acc=1.0000 lr=1.86e-05 lambda=0.000 grl_lambda=1.000 v18_lambda=0.000 gpu=3.0/11.8GB
[00:39:32] [train] ep=85 step=030/40 ce=0.3466 sc=0.8051 mi=0.0567 dn=0.0000 v13=0.0003 grl=0.0805 v15=0.0000 v15r=0.0000 v16=0.0000 v17=0.0000 v18=0.0000 acc=0.9938 lr=1.80e-05 lambda=0.000 grl_lambda=1.000 v18_lambda=0.000 gpu=3.0/11.8GB
[00:39:38] [train] ep=85 step=040/40 ce=0.3411 sc=0.8063 mi=0.0557 dn=0.0000 v13=0.0003 grl=0.0786 v15=0.0000 v15r=0.0000 v16=0.0000 v17=0.0000 v18=0.0000 acc=0.9938 lr=1.74e-05 lambda=0.000 grl_lambda=1.000 v18_lambda=0.000 gpu=3.0/11.8GB
[00:39:48] [ep_summary] ep=85/100 val_live=0.9568/0.9563 val_ema=0.9691/0.9687 test77_live=0.8813/0.8806 test77_diag_ema=0.8993/0.8998 v13=0.0003 grl=0.0786 v15=0.0000 v15r=0.0000 v16=0.0000 v17=0.0000 v18=0.0000 das=fixed_narrow[10,30] p=1.00 ep_time=32.9s
[00:39:48] [train] epoch 86/100 steps=40 use_dann=0 das=fixed_narrow f=[10.0,30.0] p=1.00 gpu=3.0/11.8GB
[00:39:49] [train] ep=86 step=001/40 ce=0.2567 sc=0.7263 mi=0.0535 dn=0.0000 v13=0.0002 grl=0.0564 v15=0.0000 v15r=0.0000 v16=0.0000 v17=0.0000 v18=0.0000 acc=1.0000 lr=1.74e-05 lambda=0.000 grl_lambda=1.000 v18_lambda=0.000 gpu=3.0/11.8GB
[00:39:54] [train] ep=86 step=010/40 ce=0.2621 sc=0.8811 mi=0.0559 dn=0.0000 v13=0.0002 grl=0.0751 v15=0.0000 v15r=0.0000 v16=0.0000 v17=0.0000 v18=0.0000 acc=1.0000 lr=1.68e-05 lambda=0.000 grl_lambda=1.000 v18_lambda=0.000 gpu=3.0/11.8GB
[00:40:00] [train] ep=86 step=020/40 ce=0.2636 sc=0.8262 mi=0.0557 dn=0.0000 v13=0.0003 grl=0.0680 v15=0.0000 v15r=0.0000 v16=0.0000 v17=0.0000 v18=0.0000 acc=1.0000 lr=1.63e-05 lambda=0.000 grl_lambda=1.000 v18_lambda=0.000 gpu=3.0/11.8GB
[00:40:05] [train] ep=86 step=030/40 ce=0.2691 sc=0.8082 mi=0.0553 dn=0.0000 v13=0.0003 grl=0.0670 v15=0.0000 v15r=0.0000 v16=0.0000 v17=0.0000 v18=0.0000 acc=1.0000 lr=1.57e-05 lambda=0.000 grl_lambda=1.000 v18_lambda=0.000 gpu=3.0/11.8GB
[00:40:11] [train] ep=86 step=040/40 ce=0.2696 sc=0.7859 mi=0.0549 dn=0.0000 v13=0.0003 grl=0.0676 v15=0.0000 v15r=0.0000 v16=0.0000 v17=0.0000 v18=0.0000 acc=1.0000 lr=1.52e-05 lambda=0.000 grl_lambda=1.000 v18_lambda=0.000 gpu=3.0/11.8GB
[00:40:21] [ep_summary] ep=86/100 val_live=0.9568/0.9563 val_ema=0.9691/0.9687 test77_live=0.8849/0.8843 test77_diag_ema=0.8993/0.8998 v13=0.0003 grl=0.0676 v15=0.0000 v15r=0.0000 v16=0.0000 v17=0.0000 v18=0.0000 das=fixed_narrow[10,30] p=1.00 ep_time=33.0s
[00:40:21] [train] epoch 87/100 steps=40 use_dann=0 das=fixed_narrow f=[10.0,30.0] p=1.00 gpu=3.0/11.8GB
[00:40:22] [train] ep=87 step=001/40 ce=0.2573 sc=0.8767 mi=0.0561 dn=0.0000 v13=0.0004 grl=0.1073 v15=0.0000 v15r=0.0000 v16=0.0000 v17=0.0000 v18=0.0000 acc=1.0000 lr=1.52e-05 lambda=0.000 grl_lambda=1.000 v18_lambda=0.000 gpu=3.0/11.8GB
[00:40:27] [train] ep=87 step=010/40 ce=0.2571 sc=0.7936 mi=0.0537 dn=0.0000 v13=0.0003 grl=0.0669 v15=0.0000 v15r=0.0000 v16=0.0000 v17=0.0000 v18=0.0000 acc=1.0000 lr=1.47e-05 lambda=0.000 grl_lambda=1.000 v18_lambda=0.000 gpu=3.0/11.8GB
[00:40:33] [train] ep=87 step=020/40 ce=0.3600 sc=0.8223 mi=0.0544 dn=0.0000 v13=0.0003 grl=0.0671 v15=0.0000 v15r=0.0000 v16=0.0000 v17=0.0000 v18=0.0000 acc=0.9938 lr=1.42e-05 lambda=0.000 grl_lambda=1.000 v18_lambda=0.000 gpu=3.0/11.8GB
[00:40:39] [train] ep=87 step=030/40 ce=0.3280 sc=0.8146 mi=0.0546 dn=0.0000 v13=0.0003 grl=0.0712 v15=0.0000 v15r=0.0000 v16=0.0000 v17=0.0000 v18=0.0000 acc=0.9958 lr=1.37e-05 lambda=0.000 grl_lambda=1.000 v18_lambda=0.000 gpu=3.0/11.8GB
[00:40:44] [train] ep=87 step=040/40 ce=0.3254 sc=0.7788 mi=0.0552 dn=0.0000 v13=0.0003 grl=0.0738 v15=0.0000 v15r=0.0000 v16=0.0000 v17=0.0000 v18=0.0000 acc=0.9953 lr=1.31e-05 lambda=0.000 grl_lambda=1.000 v18_lambda=0.000 gpu=3.0/11.8GB
[00:40:54] [ep_summary] ep=87/100 val_live=0.9630/0.9625 val_ema=0.9691/0.9687 test77_live=0.8849/0.8843 test77_diag_ema=0.8993/0.8998 v13=0.0003 grl=0.0738 v15=0.0000 v15r=0.0000 v16=0.0000 v17=0.0000 v18=0.0000 das=fixed_narrow[10,30] p=1.00 ep_time=33.2s
[00:40:54] [train] epoch 88/100 steps=40 use_dann=0 das=fixed_narrow f=[10.0,30.0] p=1.00 gpu=3.0/11.8GB
[00:40:55] [train] ep=88 step=001/40 ce=0.2575 sc=0.6477 mi=0.0555 dn=0.0000 v13=0.0003 grl=0.0767 v15=0.0000 v15r=0.0000 v16=0.0000 v17=0.0000 v18=0.0000 acc=1.0000 lr=1.31e-05 lambda=0.000 grl_lambda=1.000 v18_lambda=0.000 gpu=3.0/11.8GB
[00:41:00] [train] ep=88 step=010/40 ce=0.2584 sc=0.6665 mi=0.0527 dn=0.0000 v13=0.0003 grl=0.0709 v15=0.0000 v15r=0.0000 v16=0.0000 v17=0.0000 v18=0.0000 acc=1.0000 lr=1.27e-05 lambda=0.000 grl_lambda=1.000 v18_lambda=0.000 gpu=3.0/11.8GB
[00:41:06] [train] ep=88 step=020/40 ce=0.2908 sc=0.7171 mi=0.0544 dn=0.0000 v13=0.0003 grl=0.0756 v15=0.0000 v15r=0.0000 v16=0.0000 v17=0.0000 v18=0.0000 acc=0.9969 lr=1.22e-05 lambda=0.000 grl_lambda=1.000 v18_lambda=0.000 gpu=3.0/11.8GB
[00:41:12] [train] ep=88 step=030/40 ce=0.3264 sc=0.7952 mi=0.0555 dn=0.0000 v13=0.0003 grl=0.0729 v15=0.0000 v15r=0.0000 v16=0.0000 v17=0.0000 v18=0.0000 acc=0.9938 lr=1.17e-05 lambda=0.000 grl_lambda=1.000 v18_lambda=0.000 gpu=3.0/11.8GB
[00:41:17] [train] ep=88 step=040/40 ce=0.3194 sc=0.7602 mi=0.0551 dn=0.0000 v13=0.0003 grl=0.0771 v15=0.0000 v15r=0.0000 v16=0.0000 v17=0.0000 v18=0.0000 acc=0.9953 lr=1.12e-05 lambda=0.000 grl_lambda=1.000 v18_lambda=0.000 gpu=3.0/11.8GB
[00:41:27] [ep_summary] ep=88/100 val_live=0.9568/0.9563 val_ema=0.9691/0.9687 test77_live=0.8813/0.8806 test77_diag_ema=0.8993/0.8998 v13=0.0003 grl=0.0771 v15=0.0000 v15r=0.0000 v16=0.0000 v17=0.0000 v18=0.0000 das=fixed_narrow[10,30] p=1.00 ep_time=32.9s
[00:41:27] [train] epoch 89/100 steps=40 use_dann=0 das=fixed_narrow f=[10.0,30.0] p=1.00 gpu=3.0/11.8GB
[00:41:28] [train] ep=89 step=001/40 ce=0.2581 sc=0.9459 mi=0.0534 dn=0.0000 v13=0.0005 grl=0.0365 v15=0.0000 v15r=0.0000 v16=0.0000 v17=0.0000 v18=0.0000 acc=1.0000 lr=1.12e-05 lambda=0.000 grl_lambda=1.000 v18_lambda=0.000 gpu=3.0/11.8GB
[00:41:33] [train] ep=89 step=010/40 ce=0.2574 sc=0.7273 mi=0.0564 dn=0.0000 v13=0.0003 grl=0.0630 v15=0.0000 v15r=0.0000 v16=0.0000 v17=0.0000 v18=0.0000 acc=1.0000 lr=1.08e-05 lambda=0.000 grl_lambda=1.000 v18_lambda=0.000 gpu=3.0/11.8GB
[00:41:39] [train] ep=89 step=020/40 ce=0.3061 sc=0.7307 mi=0.0562 dn=0.0000 v13=0.0003 grl=0.0687 v15=0.0000 v15r=0.0000 v16=0.0000 v17=0.0000 v18=0.0000 acc=0.9938 lr=1.03e-05 lambda=0.000 grl_lambda=1.000 v18_lambda=0.000 gpu=3.0/11.8GB
[00:41:44] [train] ep=89 step=030/40 ce=0.3163 sc=0.7552 mi=0.0555 dn=0.0000 v13=0.0003 grl=0.0753 v15=0.0000 v15r=0.0000 v16=0.0000 v17=0.0000 v18=0.0000 acc=0.9938 lr=9.89e-06 lambda=0.000 grl_lambda=1.000 v18_lambda=0.000 gpu=3.0/11.8GB
[00:41:50] [train] ep=89 step=040/40 ce=0.3020 sc=0.7787 mi=0.0559 dn=0.0000 v13=0.0003 grl=0.0760 v15=0.0000 v15r=0.0000 v16=0.0000 v17=0.0000 v18=0.0000 acc=0.9953 lr=9.46e-06 lambda=0.000 grl_lambda=1.000 v18_lambda=0.000 gpu=3.0/11.8GB
[00:42:00] [ep_summary] ep=89/100 val_live=0.9630/0.9625 val_ema=0.9691/0.9687 test77_live=0.8885/0.8878 test77_diag_ema=0.8993/0.8998 v13=0.0003 grl=0.0760 v15=0.0000 v15r=0.0000 v16=0.0000 v17=0.0000 v18=0.0000 das=fixed_narrow[10,30] p=1.00 ep_time=32.9s
[00:42:00] [train] epoch 90/100 steps=40 use_dann=0 das=fixed_narrow f=[10.0,30.0] p=1.00 gpu=3.0/11.8GB
[00:42:01] [train] ep=90 step=001/40 ce=0.2570 sc=0.4204 mi=0.0514 dn=0.0000 v13=0.0003 grl=0.1043 v15=0.0000 v15r=0.0000 v16=0.0000 v17=0.0000 v18=0.0000 acc=1.0000 lr=9.42e-06 lambda=0.000 grl_lambda=1.000 v18_lambda=0.000 gpu=3.0/11.8GB
[00:42:06] [train] ep=90 step=010/40 ce=0.2743 sc=0.6599 mi=0.0537 dn=0.0000 v13=0.0003 grl=0.0714 v15=0.0000 v15r=0.0000 v16=0.0000 v17=0.0000 v18=0.0000 acc=1.0000 lr=9.04e-06 lambda=0.000 grl_lambda=1.000 v18_lambda=0.000 gpu=3.0/11.8GB
[00:42:12] [train] ep=90 step=020/40 ce=0.3079 sc=0.7449 mi=0.0544 dn=0.0000 v13=0.0003 grl=0.0725 v15=0.0000 v15r=0.0000 v16=0.0000 v17=0.0000 v18=0.0000 acc=0.9969 lr=8.63e-06 lambda=0.000 grl_lambda=1.000 v18_lambda=0.000 gpu=3.0/11.8GB
[00:42:17] [train] ep=90 step=030/40 ce=0.3305 sc=0.7695 mi=0.0550 dn=0.0000 v13=0.0003 grl=0.0705 v15=0.0000 v15r=0.0000 v16=0.0000 v17=0.0000 v18=0.0000 acc=0.9958 lr=8.23e-06 lambda=0.000 grl_lambda=1.000 v18_lambda=0.000 gpu=3.0/11.8GB
[00:42:23] [train] ep=90 step=040/40 ce=0.3470 sc=0.7682 mi=0.0544 dn=0.0000 v13=0.0003 grl=0.0723 v15=0.0000 v15r=0.0000 v16=0.0000 v17=0.0000 v18=0.0000 acc=0.9938 lr=7.84e-06 lambda=0.000 grl_lambda=1.000 v18_lambda=0.000 gpu=3.0/11.8GB
[00:42:33] [pool] check ep=090/100 source_val_acc_ema=0.9630 threshold=0.90
[00:42:38] [pool] ep=090 ADDED src_val=0.9630/0.9625 dev77=0.8286/0.8256 final77=0.8993/0.8998
[00:42:38] [pool] running best ep=090 dev77_f1=0.8256 final77_f1=0.8998 (pool_size=6)
[00:42:38] [ep_summary] ep=90/100 val_live=0.9568/0.9563 val_ema=0.9630/0.9625 test77_live=0.8849/0.8835 test77_diag_ema=0.8993/0.8998 v13=0.0003 grl=0.0723 v15=0.0000 v15r=0.0000 v16=0.0000 v17=0.0000 v18=0.0000 das=fixed_narrow[10,30] p=1.00 ep_time=37.6s
[00:42:38] [strict77_monitor] ep=90 best_source_epoch=50 source_val_ema=0.9753/0.9757 test77_ema_diag=0.7050/0.6939 sourcequalified_count=53 best_sourcequalified77_epoch=83 source_val_ema=0.9691/0.9687 test77_ema=0.8993/0.8998
[00:42:38] [train] epoch 91/100 steps=40 use_dann=0 das=fixed_narrow f=[10.0,30.0] p=1.00 gpu=3.0/11.8GB
[00:42:38] [train] ep=91 step=001/40 ce=0.2568 sc=0.5376 mi=0.0488 dn=0.0000 v13=0.0003 grl=0.0271 v15=0.0000 v15r=0.0000 v16=0.0000 v17=0.0000 v18=0.0000 acc=1.0000 lr=7.80e-06 lambda=0.000 grl_lambda=1.000 v18_lambda=0.000 gpu=3.0/11.8GB
[00:42:43] [train] ep=91 step=010/40 ce=0.2939 sc=0.7387 mi=0.0529 dn=0.0000 v13=0.0003 grl=0.0737 v15=0.0000 v15r=0.0000 v16=0.0000 v17=0.0000 v18=0.0000 acc=1.0000 lr=7.45e-06 lambda=0.000 grl_lambda=1.000 v18_lambda=0.000 gpu=3.0/11.8GB
[00:42:49] [train] ep=91 step=020/40 ce=0.3047 sc=0.7685 mi=0.0538 dn=0.0000 v13=0.0003 grl=0.0765 v15=0.0000 v15r=0.0000 v16=0.0000 v17=0.0000 v18=0.0000 acc=0.9969 lr=7.08e-06 lambda=0.000 grl_lambda=1.000 v18_lambda=0.000 gpu=3.0/11.8GB
[00:42:55] [train] ep=91 step=030/40 ce=0.2895 sc=0.7968 mi=0.0543 dn=0.0000 v13=0.0003 grl=0.0718 v15=0.0000 v15r=0.0000 v16=0.0000 v17=0.0000 v18=0.0000 acc=0.9979 lr=6.72e-06 lambda=0.000 grl_lambda=1.000 v18_lambda=0.000 gpu=3.0/11.8GB
[00:43:01] [train] ep=91 step=040/40 ce=0.2848 sc=0.7921 mi=0.0546 dn=0.0000 v13=0.0003 grl=0.0715 v15=0.0000 v15r=0.0000 v16=0.0000 v17=0.0000 v18=0.0000 acc=0.9984 lr=6.36e-06 lambda=0.000 grl_lambda=1.000 v18_lambda=0.000 gpu=3.0/11.8GB
[00:43:11] [ep_summary] ep=91/100 val_live=0.9568/0.9563 val_ema=0.9630/0.9625 test77_live=0.8849/0.8835 test77_diag_ema=0.8993/0.8998 v13=0.0003 grl=0.0715 v15=0.0000 v15r=0.0000 v16=0.0000 v17=0.0000 v18=0.0000 das=fixed_narrow[10,30] p=1.00 ep_time=33.0s
[00:43:11] [train] epoch 92/100 steps=40 use_dann=0 das=fixed_narrow f=[10.0,30.0] p=1.00 gpu=3.0/11.8GB
[00:43:11] [train] ep=92 step=001/40 ce=0.2567 sc=0.6472 mi=0.0649 dn=0.0000 v13=0.0002 grl=0.0949 v15=0.0000 v15r=0.0000 v16=0.0000 v17=0.0000 v18=0.0000 acc=1.0000 lr=6.33e-06 lambda=0.000 grl_lambda=1.000 v18_lambda=0.000 gpu=3.0/11.8GB
[00:43:16] [train] ep=92 step=010/40 ce=0.2878 sc=0.7170 mi=0.0563 dn=0.0000 v13=0.0003 grl=0.0803 v15=0.0000 v15r=0.0000 v16=0.0000 v17=0.0000 v18=0.0000 acc=1.0000 lr=6.02e-06 lambda=0.000 grl_lambda=1.000 v18_lambda=0.000 gpu=3.0/11.8GB
[00:43:22] [train] ep=92 step=020/40 ce=0.3386 sc=0.7795 mi=0.0545 dn=0.0000 v13=0.0003 grl=0.0789 v15=0.0000 v15r=0.0000 v16=0.0000 v17=0.0000 v18=0.0000 acc=0.9969 lr=5.68e-06 lambda=0.000 grl_lambda=1.000 v18_lambda=0.000 gpu=3.0/11.8GB
[00:43:28] [train] ep=92 step=030/40 ce=0.3137 sc=0.7642 mi=0.0545 dn=0.0000 v13=0.0003 grl=0.0816 v15=0.0000 v15r=0.0000 v16=0.0000 v17=0.0000 v18=0.0000 acc=0.9979 lr=5.35e-06 lambda=0.000 grl_lambda=1.000 v18_lambda=0.000 gpu=3.0/11.8GB
[00:43:34] [train] ep=92 step=040/40 ce=0.3009 sc=0.7349 mi=0.0545 dn=0.0000 v13=0.0003 grl=0.0800 v15=0.0000 v15r=0.0000 v16=0.0000 v17=0.0000 v18=0.0000 acc=0.9984 lr=5.04e-06 lambda=0.000 grl_lambda=1.000 v18_lambda=0.000 gpu=3.0/11.8GB
[00:43:44] [ep_summary] ep=92/100 val_live=0.9568/0.9563 val_ema=0.9630/0.9625 test77_live=0.8849/0.8835 test77_diag_ema=0.8957/0.8962 v13=0.0003 grl=0.0800 v15=0.0000 v15r=0.0000 v16=0.0000 v17=0.0000 v18=0.0000 das=fixed_narrow[10,30] p=1.00 ep_time=33.0s
[00:43:44] [train] epoch 93/100 steps=40 use_dann=0 das=fixed_narrow f=[10.0,30.0] p=1.00 gpu=3.0/11.8GB
[00:43:44] [train] ep=93 step=001/40 ce=0.8180 sc=0.9349 mi=0.0433 dn=0.0000 v13=0.0003 grl=0.0437 v15=0.0000 v15r=0.0000 v16=0.0000 v17=0.0000 v18=0.0000 acc=0.9375 lr=5.01e-06 lambda=0.000 grl_lambda=1.000 v18_lambda=0.000 gpu=3.0/11.8GB
[00:43:49] [train] ep=93 step=010/40 ce=0.3168 sc=0.7763 mi=0.0545 dn=0.0000 v13=0.0003 grl=0.0667 v15=0.0000 v15r=0.0000 v16=0.0000 v17=0.0000 v18=0.0000 acc=0.9938 lr=4.73e-06 lambda=0.000 grl_lambda=1.000 v18_lambda=0.000 gpu=3.0/11.8GB
[00:43:55] [train] ep=93 step=020/40 ce=0.3185 sc=0.7491 mi=0.0541 dn=0.0000 v13=0.0003 grl=0.0769 v15=0.0000 v15r=0.0000 v16=0.0000 v17=0.0000 v18=0.0000 acc=0.9938 lr=4.43e-06 lambda=0.000 grl_lambda=1.000 v18_lambda=0.000 gpu=3.0/11.8GB
[00:44:01] [train] ep=93 step=030/40 ce=0.3170 sc=0.7546 mi=0.0550 dn=0.0000 v13=0.0003 grl=0.0747 v15=0.0000 v15r=0.0000 v16=0.0000 v17=0.0000 v18=0.0000 acc=0.9938 lr=4.14e-06 lambda=0.000 grl_lambda=1.000 v18_lambda=0.000 gpu=3.0/11.8GB
[00:44:07] [train] ep=93 step=040/40 ce=0.3020 sc=0.7428 mi=0.0556 dn=0.0000 v13=0.0003 grl=0.0751 v15=0.0000 v15r=0.0000 v16=0.0000 v17=0.0000 v18=0.0000 acc=0.9953 lr=3.87e-06 lambda=0.000 grl_lambda=1.000 v18_lambda=0.000 gpu=3.0/11.8GB
[00:44:17] [ep_summary] ep=93/100 val_live=0.9568/0.9563 val_ema=0.9630/0.9625 test77_live=0.8849/0.8835 test77_diag_ema=0.8921/0.8926 v13=0.0003 grl=0.0751 v15=0.0000 v15r=0.0000 v16=0.0000 v17=0.0000 v18=0.0000 das=fixed_narrow[10,30] p=1.00 ep_time=33.0s
[00:44:17] [train] epoch 94/100 steps=40 use_dann=0 das=fixed_narrow f=[10.0,30.0] p=1.00 gpu=3.0/11.8GB
[00:44:17] [train] ep=94 step=001/40 ce=0.2627 sc=0.9363 mi=0.0564 dn=0.0000 v13=0.0004 grl=0.0573 v15=0.0000 v15r=0.0000 v16=0.0000 v17=0.0000 v18=0.0000 acc=1.0000 lr=3.84e-06 lambda=0.000 grl_lambda=1.000 v18_lambda=0.000 gpu=3.0/11.8GB
[00:44:22] [train] ep=94 step=010/40 ce=0.2589 sc=0.6769 mi=0.0567 dn=0.0000 v13=0.0003 grl=0.0719 v15=0.0000 v15r=0.0000 v16=0.0000 v17=0.0000 v18=0.0000 acc=1.0000 lr=3.60e-06 lambda=0.000 grl_lambda=1.000 v18_lambda=0.000 gpu=3.0/11.8GB
[00:44:28] [train] ep=94 step=020/40 ce=0.2792 sc=0.7456 mi=0.0560 dn=0.0000 v13=0.0003 grl=0.0729 v15=0.0000 v15r=0.0000 v16=0.0000 v17=0.0000 v18=0.0000 acc=1.0000 lr=3.34e-06 lambda=0.000 grl_lambda=1.000 v18_lambda=0.000 gpu=3.0/11.8GB
[00:44:34] [train] ep=94 step=030/40 ce=0.2723 sc=0.7722 mi=0.0567 dn=0.0000 v13=0.0003 grl=0.0721 v15=0.0000 v15r=0.0000 v16=0.0000 v17=0.0000 v18=0.0000 acc=1.0000 lr=3.09e-06 lambda=0.000 grl_lambda=1.000 v18_lambda=0.000 gpu=3.0/11.8GB
[00:44:40] [train] ep=94 step=040/40 ce=0.2686 sc=0.7879 mi=0.0562 dn=0.0000 v13=0.0003 grl=0.0729 v15=0.0000 v15r=0.0000 v16=0.0000 v17=0.0000 v18=0.0000 acc=1.0000 lr=2.85e-06 lambda=0.000 grl_lambda=1.000 v18_lambda=0.000 gpu=3.0/11.8GB
[00:44:49] [ep_summary] ep=94/100 val_live=0.9568/0.9563 val_ema=0.9630/0.9625 test77_live=0.8849/0.8835 test77_diag_ema=0.8921/0.8926 v13=0.0003 grl=0.0729 v15=0.0000 v15r=0.0000 v16=0.0000 v17=0.0000 v18=0.0000 das=fixed_narrow[10,30] p=1.00 ep_time=32.9s
[00:44:49] [train] epoch 95/100 steps=40 use_dann=0 das=fixed_narrow f=[10.0,30.0] p=1.00 gpu=3.0/11.8GB
[00:44:50] [train] ep=95 step=001/40 ce=0.2565 sc=0.6459 mi=0.0476 dn=0.0000 v13=0.0004 grl=0.0449 v15=0.0000 v15r=0.0000 v16=0.0000 v17=0.0000 v18=0.0000 acc=1.0000 lr=2.82e-06 lambda=0.000 grl_lambda=1.000 v18_lambda=0.000 gpu=3.0/11.8GB
[00:44:55] [train] ep=95 step=010/40 ce=0.2856 sc=0.7973 mi=0.0521 dn=0.0000 v13=0.0003 grl=0.0764 v15=0.0000 v15r=0.0000 v16=0.0000 v17=0.0000 v18=0.0000 acc=1.0000 lr=2.62e-06 lambda=0.000 grl_lambda=1.000 v18_lambda=0.000 gpu=3.0/11.8GB
[00:45:01] [train] ep=95 step=020/40 ce=0.3205 sc=0.8862 mi=0.0533 dn=0.0000 v13=0.0003 grl=0.0761 v15=0.0000 v15r=0.0000 v16=0.0000 v17=0.0000 v18=0.0000 acc=0.9969 lr=2.40e-06 lambda=0.000 grl_lambda=1.000 v18_lambda=0.000 gpu=3.0/11.8GB
[00:45:07] [train] ep=95 step=030/40 ce=0.3176 sc=0.8180 mi=0.0546 dn=0.0000 v13=0.0003 grl=0.0742 v15=0.0000 v15r=0.0000 v16=0.0000 v17=0.0000 v18=0.0000 acc=0.9958 lr=2.18e-06 lambda=0.000 grl_lambda=1.000 v18_lambda=0.000 gpu=3.0/11.8GB
[00:45:13] [train] ep=95 step=040/40 ce=0.3025 sc=0.8121 mi=0.0550 dn=0.0000 v13=0.0003 grl=0.0721 v15=0.0000 v15r=0.0000 v16=0.0000 v17=0.0000 v18=0.0000 acc=0.9969 lr=1.98e-06 lambda=0.000 grl_lambda=1.000 v18_lambda=0.000 gpu=3.0/11.8GB
[00:45:22] [ep_summary] ep=95/100 val_live=0.9568/0.9563 val_ema=0.9630/0.9625 test77_live=0.8849/0.8835 test77_diag_ema=0.8921/0.8926 v13=0.0003 grl=0.0721 v15=0.0000 v15r=0.0000 v16=0.0000 v17=0.0000 v18=0.0000 das=fixed_narrow[10,30] p=1.00 ep_time=32.9s
[00:45:22] [train] epoch 96/100 steps=40 use_dann=0 das=fixed_narrow f=[10.0,30.0] p=1.00 gpu=3.0/11.8GB
[00:45:23] [train] ep=96 step=001/40 ce=0.2595 sc=0.7319 mi=0.0526 dn=0.0000 v13=0.0005 grl=0.0753 v15=0.0000 v15r=0.0000 v16=0.0000 v17=0.0000 v18=0.0000 acc=1.0000 lr=1.96e-06 lambda=0.000 grl_lambda=1.000 v18_lambda=0.000 gpu=3.0/11.8GB
[00:45:28] [train] ep=96 step=010/40 ce=0.4579 sc=0.8882 mi=0.0539 dn=0.0000 v13=0.0003 grl=0.0887 v15=0.0000 v15r=0.0000 v16=0.0000 v17=0.0000 v18=0.0000 acc=0.9812 lr=1.79e-06 lambda=0.000 grl_lambda=1.000 v18_lambda=0.000 gpu=3.0/11.8GB
[00:45:34] [train] ep=96 step=020/40 ce=0.3639 sc=0.8332 mi=0.0536 dn=0.0000 v13=0.0003 grl=0.0770 v15=0.0000 v15r=0.0000 v16=0.0000 v17=0.0000 v18=0.0000 acc=0.9906 lr=1.61e-06 lambda=0.000 grl_lambda=1.000 v18_lambda=0.000 gpu=3.0/11.8GB
[00:45:40] [train] ep=96 step=030/40 ce=0.3438 sc=0.8240 mi=0.0535 dn=0.0000 v13=0.0003 grl=0.0769 v15=0.0000 v15r=0.0000 v16=0.0000 v17=0.0000 v18=0.0000 acc=0.9917 lr=1.44e-06 lambda=0.000 grl_lambda=1.000 v18_lambda=0.000 gpu=3.0/11.8GB
[00:45:45] [train] ep=96 step=040/40 ce=0.3246 sc=0.7832 mi=0.0541 dn=0.0000 v13=0.0003 grl=0.0747 v15=0.0000 v15r=0.0000 v16=0.0000 v17=0.0000 v18=0.0000 acc=0.9938 lr=1.27e-06 lambda=0.000 grl_lambda=1.000 v18_lambda=0.000 gpu=3.0/11.8GB
[00:45:55] [ep_summary] ep=96/100 val_live=0.9568/0.9563 val_ema=0.9630/0.9625 test77_live=0.8849/0.8838 test77_diag_ema=0.8921/0.8926 v13=0.0003 grl=0.0747 v15=0.0000 v15r=0.0000 v16=0.0000 v17=0.0000 v18=0.0000 das=fixed_narrow[10,30] p=1.00 ep_time=32.9s
[00:45:55] [train] epoch 97/100 steps=40 use_dann=0 das=fixed_narrow f=[10.0,30.0] p=1.00 gpu=3.0/11.8GB
[00:45:56] [train] ep=97 step=001/40 ce=0.9134 sc=1.9925 mi=0.0502 dn=0.0000 v13=0.0004 grl=0.0642 v15=0.0000 v15r=0.0000 v16=0.0000 v17=0.0000 v18=0.0000 acc=0.9375 lr=1.26e-06 lambda=0.000 grl_lambda=1.000 v18_lambda=0.000 gpu=3.0/11.8GB
[00:46:01] [train] ep=97 step=010/40 ce=0.3229 sc=0.8961 mi=0.0549 dn=0.0000 v13=0.0003 grl=0.0814 v15=0.0000 v15r=0.0000 v16=0.0000 v17=0.0000 v18=0.0000 acc=0.9938 lr=1.12e-06 lambda=0.000 grl_lambda=1.000 v18_lambda=0.000 gpu=3.0/11.8GB
[00:46:07] [train] ep=97 step=020/40 ce=0.2921 sc=0.8044 mi=0.0557 dn=0.0000 v13=0.0003 grl=0.0820 v15=0.0000 v15r=0.0000 v16=0.0000 v17=0.0000 v18=0.0000 acc=0.9969 lr=9.76e-07 lambda=0.000 grl_lambda=1.000 v18_lambda=0.000 gpu=3.0/11.8GB
[00:46:12] [train] ep=97 step=030/40 ce=0.3139 sc=0.8176 mi=0.0556 dn=0.0000 v13=0.0003 grl=0.0782 v15=0.0000 v15r=0.0000 v16=0.0000 v17=0.0000 v18=0.0000 acc=0.9958 lr=8.43e-07 lambda=0.000 grl_lambda=1.000 v18_lambda=0.000 gpu=3.0/11.8GB
[00:46:18] [train] ep=97 step=040/40 ce=0.3048 sc=0.7799 mi=0.0558 dn=0.0000 v13=0.0003 grl=0.0772 v15=0.0000 v15r=0.0000 v16=0.0000 v17=0.0000 v18=0.0000 acc=0.9969 lr=7.19e-07 lambda=0.000 grl_lambda=1.000 v18_lambda=0.000 gpu=3.0/11.8GB
[00:46:28] [ep_summary] ep=97/100 val_live=0.9568/0.9563 val_ema=0.9630/0.9625 test77_live=0.8813/0.8803 test77_diag_ema=0.8921/0.8926 v13=0.0003 grl=0.0772 v15=0.0000 v15r=0.0000 v16=0.0000 v17=0.0000 v18=0.0000 das=fixed_narrow[10,30] p=1.00 ep_time=32.8s
[00:46:28] [train] epoch 98/100 steps=40 use_dann=0 das=fixed_narrow f=[10.0,30.0] p=1.00 gpu=3.0/11.8GB
[00:46:29] [train] ep=98 step=001/40 ce=0.2573 sc=0.9616 mi=0.0601 dn=0.0000 v13=0.0001 grl=0.0571 v15=0.0000 v15r=0.0000 v16=0.0000 v17=0.0000 v18=0.0000 acc=1.0000 lr=7.07e-07 lambda=0.000 grl_lambda=1.000 v18_lambda=0.000 gpu=3.0/11.8GB
[00:46:34] [train] ep=98 step=010/40 ce=0.2953 sc=0.7555 mi=0.0552 dn=0.0000 v13=0.0003 grl=0.0820 v15=0.0000 v15r=0.0000 v16=0.0000 v17=0.0000 v18=0.0000 acc=1.0000 lr=6.05e-07 lambda=0.000 grl_lambda=1.000 v18_lambda=0.000 gpu=3.0/11.8GB
[00:46:40] [train] ep=98 step=020/40 ce=0.3689 sc=0.8142 mi=0.0561 dn=0.0000 v13=0.0003 grl=0.0758 v15=0.0000 v15r=0.0000 v16=0.0000 v17=0.0000 v18=0.0000 acc=0.9938 lr=5.01e-07 lambda=0.000 grl_lambda=1.000 v18_lambda=0.000 gpu=3.0/11.8GB
[00:46:45] [train] ep=98 step=030/40 ce=0.3640 sc=0.8025 mi=0.0556 dn=0.0000 v13=0.0003 grl=0.0740 v15=0.0000 v15r=0.0000 v16=0.0000 v17=0.0000 v18=0.0000 acc=0.9938 lr=4.07e-07 lambda=0.000 grl_lambda=1.000 v18_lambda=0.000 gpu=3.0/11.8GB
[00:46:51] [train] ep=98 step=040/40 ce=0.3376 sc=0.8010 mi=0.0553 dn=0.0000 v13=0.0003 grl=0.0742 v15=0.0000 v15r=0.0000 v16=0.0000 v17=0.0000 v18=0.0000 acc=0.9953 lr=3.22e-07 lambda=0.000 grl_lambda=1.000 v18_lambda=0.000 gpu=3.0/11.8GB
[00:47:01] [ep_summary] ep=98/100 val_live=0.9568/0.9563 val_ema=0.9630/0.9625 test77_live=0.8813/0.8803 test77_diag_ema=0.8921/0.8924 v13=0.0003 grl=0.0742 v15=0.0000 v15r=0.0000 v16=0.0000 v17=0.0000 v18=0.0000 das=fixed_narrow[10,30] p=1.00 ep_time=32.9s
[00:47:01] [train] epoch 99/100 steps=40 use_dann=0 das=fixed_narrow f=[10.0,30.0] p=1.00 gpu=3.0/11.8GB
[00:47:01] [train] ep=99 step=001/40 ce=0.9479 sc=0.9809 mi=0.0458 dn=0.0000 v13=0.0002 grl=0.0757 v15=0.0000 v15r=0.0000 v16=0.0000 v17=0.0000 v18=0.0000 acc=0.9375 lr=3.15e-07 lambda=0.000 grl_lambda=1.000 v18_lambda=0.000 gpu=3.0/11.8GB
[00:47:07] [train] ep=99 step=010/40 ce=0.3260 sc=0.8077 mi=0.0576 dn=0.0000 v13=0.0003 grl=0.0905 v15=0.0000 v15r=0.0000 v16=0.0000 v17=0.0000 v18=0.0000 acc=0.9938 lr=2.48e-07 lambda=0.000 grl_lambda=1.000 v18_lambda=0.000 gpu=3.0/11.8GB
[00:47:12] [train] ep=99 step=020/40 ce=0.2919 sc=0.7342 mi=0.0576 dn=0.0000 v13=0.0003 grl=0.0849 v15=0.0000 v15r=0.0000 v16=0.0000 v17=0.0000 v18=0.0000 acc=0.9969 lr=1.83e-07 lambda=0.000 grl_lambda=1.000 v18_lambda=0.000 gpu=3.0/11.8GB
[00:47:18] [train] ep=99 step=030/40 ce=0.2890 sc=0.7645 mi=0.0561 dn=0.0000 v13=0.0003 grl=0.0783 v15=0.0000 v15r=0.0000 v16=0.0000 v17=0.0000 v18=0.0000 acc=0.9979 lr=1.28e-07 lambda=0.000 grl_lambda=1.000 v18_lambda=0.000 gpu=3.0/11.8GB
[00:47:24] [train] ep=99 step=040/40 ce=0.2849 sc=0.7847 mi=0.0559 dn=0.0000 v13=0.0003 grl=0.0777 v15=0.0000 v15r=0.0000 v16=0.0000 v17=0.0000 v18=0.0000 acc=0.9984 lr=8.26e-08 lambda=0.000 grl_lambda=1.000 v18_lambda=0.000 gpu=3.0/11.8GB
[00:47:34] [ep_summary] ep=99/100 val_live=0.9568/0.9563 val_ema=0.9630/0.9625 test77_live=0.8813/0.8803 test77_diag_ema=0.8885/0.8888 v13=0.0003 grl=0.0777 v15=0.0000 v15r=0.0000 v16=0.0000 v17=0.0000 v18=0.0000 das=fixed_narrow[10,30] p=1.00 ep_time=32.8s
[00:47:34] [train] epoch 100/100 steps=40 use_dann=0 das=fixed_narrow f=[10.0,30.0] p=1.00 gpu=3.0/11.8GB
[00:47:34] [train] ep=100 step=001/40 ce=0.2570 sc=0.9899 mi=0.0595 dn=0.0000 v13=0.0003 grl=0.1000 v15=0.0000 v15r=0.0000 v16=0.0000 v17=0.0000 v18=0.0000 acc=1.0000 lr=7.87e-08 lambda=0.000 grl_lambda=1.000 v18_lambda=0.000 gpu=3.0/11.8GB
[00:47:40] [train] ep=100 step=010/40 ce=0.3173 sc=0.8803 mi=0.0557 dn=0.0000 v13=0.0003 grl=0.0755 v15=0.0000 v15r=0.0000 v16=0.0000 v17=0.0000 v18=0.0000 acc=0.9938 lr=4.72e-08 lambda=0.000 grl_lambda=1.000 v18_lambda=0.000 gpu=3.0/11.8GB
[00:47:45] [train] ep=100 step=020/40 ce=0.2874 sc=0.8336 mi=0.0554 dn=0.0000 v13=0.0003 grl=0.0777 v15=0.0000 v15r=0.0000 v16=0.0000 v17=0.0000 v18=0.0000 acc=0.9969 lr=2.17e-08 lambda=0.000 grl_lambda=1.000 v18_lambda=0.000 gpu=3.0/11.8GB
[00:47:51] [train] ep=100 step=030/40 ce=0.3077 sc=0.8060 mi=0.0544 dn=0.0000 v13=0.0003 grl=0.0773 v15=0.0000 v15r=0.0000 v16=0.0000 v17=0.0000 v18=0.0000 acc=0.9958 lr=5.95e-09 lambda=0.000 grl_lambda=1.000 v18_lambda=0.000 gpu=3.0/11.8GB
[00:47:57] [train] ep=100 step=040/40 ce=0.2965 sc=0.7851 mi=0.0547 dn=0.0000 v13=0.0003 grl=0.0785 v15=0.0000 v15r=0.0000 v16=0.0000 v17=0.0000 v18=0.0000 acc=0.9969 lr=4.92e-11 lambda=0.000 grl_lambda=1.000 v18_lambda=0.000 gpu=3.0/11.8GB
[00:48:07] [pool] check ep=100/100 source_val_acc_ema=0.9630 threshold=0.90
[00:48:11] [pool] ep=100 ADDED src_val=0.9630/0.9625 dev77=0.8429/0.8397 final77=0.8885/0.8888
[00:48:11] [pool] running best ep=100 dev77_f1=0.8397 final77_f1=0.8888 (pool_size=7)
[00:48:11] [ep_summary] ep=100/100 val_live=0.9568/0.9563 val_ema=0.9630/0.9625 test77_live=0.8849/0.8838 test77_diag_ema=0.8885/0.8888 v13=0.0003 grl=0.0785 v15=0.0000 v15r=0.0000 v16=0.0000 v17=0.0000 v18=0.0000 das=fixed_narrow[10,30] p=1.00 ep_time=37.6s
[00:48:11] [strict77_monitor] ep=100 best_source_epoch=50 source_val_ema=0.9753/0.9757 test77_ema_diag=0.7050/0.6939 sourcequalified_count=63 best_sourcequalified77_epoch=83 source_val_ema=0.9691/0.9687 test77_ema=0.8993/0.8998
[00:48:11] [pool] FINAL pool_size=7 best ep=100 dev77_f1=0.8397 final77_f1=0.8888 -> /scratch/st-zliu-1/heqingz/CrossCarrier_Fresh_20260922/CrossCarrier_Repro/EXPERIMENTSRESULT/REVISION_5090/SUPP_ABLATION/SCHED_fixednarrow_ACR/seed1234/checkpoints/best_pool_ema.pt
[00:48:11] [train] done best_sourceval_acc_ema=0.9753
[00:49:17] [eval] loaded vit_large_patch16_dinov3_lvd1689m_best_sourceval_ema.pt (sourceval)
[00:49:18] [eval] strict source-val selected by ema acc; heldout77_unused=140 final_test77=278 imgs, seed=42 dev_per_class=20
[00:49:26] [eval] 77GHz final-test acc=0.7050 f1=0.6939
[00:49:26] [eval] 77GHz final-test per-class={'Away': 0.975, 'Bend': 1.0, 'Kneel': 0.7380952380952381, 'Pick': 0.25, 'SStep': 0.8, 'Sit': 0.2702702702702703, 'Towards': 0.875}
[00:49:30] [eval] val_all acc=0.9753 f1=0.9757
[00:49:31] [freq_scan:val10] f_virt=15GHz acc=0.9872 f1=0.9881
[00:49:32] [freq_scan:val10] f_virt=30GHz acc=0.9744 f1=0.9762
[00:49:33] [freq_scan:val10] f_virt=50GHz acc=0.9487 f1=0.9519
[00:49:34] [freq_scan:val10] f_virt=77GHz acc=0.8333 f1=0.8409
[00:49:35] [freq_scan:val10] f_virt=99GHz acc=0.7821 f1=0.7775
[00:49:37] [freq_scan:val10] f_virt=120GHz acc=0.7564 f1=0.7614
[00:49:38] [freq_scan:val10] f_virt=140GHz acc=0.6410 f1=0.6231
[00:49:39] [freq_scan:val24] f_virt=15GHz acc=0.9881 f1=0.9875
[00:49:40] [freq_scan:val24] f_virt=30GHz acc=0.9762 f1=0.9760
[00:49:41] [freq_scan:val24] f_virt=50GHz acc=0.9405 f1=0.9415
[00:49:43] [freq_scan:val24] f_virt=77GHz acc=0.8929 f1=0.8929
[00:49:44] [freq_scan:val24] f_virt=99GHz acc=0.7738 f1=0.7723
[00:49:45] [freq_scan:val24] f_virt=120GHz acc=0.6548 f1=0.6402
[00:49:46] [freq_scan:val24] f_virt=140GHz acc=0.5833 f1=0.5627
[00:49:46] [eval] saved eval_sourceval.json
[00:49:58] [eval] loaded vit_large_patch16_dinov3_lvd1689m_best_sourcequalified77_ema.pt (sourcequalified)
[00:49:58] [eval] source-qualified diagnostic selected (source-val ema acc >= 0.90, then best 77GHz ema macro-F1); heldout77_unused=140 final_test77=278 imgs, seed=42 dev_per_class=20
[00:50:01] [eval] 77GHz final-test acc=0.8993 f1=0.8998
[00:50:01] [eval] 77GHz final-test per-class={'Away': 1.0, 'Bend': 0.8205128205128205, 'Kneel': 0.8809523809523809, 'Pick': 0.875, 'SStep': 1.0, 'Sit': 0.7837837837837838, 'Towards': 0.925}
[00:50:03] [eval] val_all acc=0.9691 f1=0.9687
[00:50:04] [freq_scan:val10] f_virt=15GHz acc=0.9744 f1=0.9756
[00:50:05] [freq_scan:val10] f_virt=30GHz acc=0.9744 f1=0.9760
[00:50:06] [freq_scan:val10] f_virt=50GHz acc=0.9487 f1=0.9517
[00:50:07] [freq_scan:val10] f_virt=77GHz acc=0.8846 f1=0.8851
[00:50:08] [freq_scan:val10] f_virt=99GHz acc=0.8205 f1=0.8178
[00:50:10] [freq_scan:val10] f_virt=120GHz acc=0.7564 f1=0.7568
[00:50:11] [freq_scan:val10] f_virt=140GHz acc=0.6795 f1=0.6741
[00:50:12] [freq_scan:val24] f_virt=15GHz acc=0.9881 f1=0.9875
[00:50:13] [freq_scan:val24] f_virt=30GHz acc=0.9762 f1=0.9751
[00:50:14] [freq_scan:val24] f_virt=50GHz acc=0.9643 f1=0.9646
[00:50:15] [freq_scan:val24] f_virt=77GHz acc=0.9643 f1=0.9646
[00:50:17] [freq_scan:val24] f_virt=99GHz acc=0.8810 f1=0.8802
[00:50:18] [freq_scan:val24] f_virt=120GHz acc=0.8095 f1=0.8005
[00:50:19] [freq_scan:val24] f_virt=140GHz acc=0.7738 f1=0.7583
[00:50:19] [eval] saved eval_sourcequalified.json
