[19:23:45] run_dir=/scratch/st-zliu-1/heqingz/CrossCarrier_Fresh_20260922/CrossCarrier_Repro/EXPERIMENTSRESULT/REVISION_5090/SUPP_ABLATION/ACR_discrete/seed42
[19:23:45] device=cuda
[19:23:45] backbone=vit_large_patch16_dinov3.lvd1689m
[19:23:45] env: manifest_dir=/scratch/st-zliu-1/heqingz/CrossCarrier_Fresh_20260922/CrossCarrier_Repro/tasks/known_people_unknown_freq/manifest dataset_root=/scratch/st-zliu-1/heqingz/CrossCarrier_Fresh_20260922/CrossCarrier_Repro use_dann=False selection=source_val_acc_ema adapter_mode=lora
[19:23:45] set_seed(42)
[19:24:01] [fast_gpu] source cache 644 imgs (0.39GB) on cuda
[19:24:01] train_source=644 train_src_rows=10:302 24:342 source_steps/epoch=40 val_all=162 heldout77_unused=140 test77_final=278
[19:24:01] [test77_split] seed=42 dev_per_class=20
[19:26:13] V13_GRL_DISCRETE=1 bins=3 CE-on-carrier-bin; log f_eff range=[2.3026,4.5539] bin edges (GHz)=[10.0, 21.18, 44.86, 95.0]
[19:26:13] trainable params=2444804 (encoder_lora+neck+head + miro_proj+v15_falsification+v13_residual_split+v13_grl_carrier_adv)
[19:26:13] logit_prior=[-1.9678890705108643, -1.913821816444397, -1.8427258729934692, -1.9678890705108643, -2.0133514404296875, -1.8929877281188965, -2.036881923675537]
[19:26:13] use_dann=False
[19:26:13] use_das=True
[19:26:13] das_mode=curriculum initial_stage={'name': 'stage1', 'p': 0.35, 'f_low': 10.0, 'f_high': 24.0}
[19:26:13] aug_flags: USE_HFT=True USE_SPEC_AUGMENT=True
[19:26:13] adapter_mode=lora
[19:26:13] schedule: epochs=100 steps/epoch=40 imgs/step=16 total_steps=4000 total_imgs=64000 warmup_steps=120
[19:26:13] source_qualified_policy: val_acc_ema>=0.90 candidates are recorded; best candidate by 77GHz F1 is saved as diagnostic
[19:26:13] [pool] init threshold=0.90 period=10 selection=dev77_f1
[19:26:13] [train] epoch 1/100 steps=40 use_dann=0 das=stage1 f=[10.0,24.0] p=0.35 gpu=3.0/3.0GB
[19:26:35] [train] ep=01 step=001/40 ce=7.9237 sc=2.8401 mi=1.0346 dn=0.0000 v13=0.0296 grl=1.0089 v15=0.0000 v15r=0.0000 v16=0.0000 v17=0.0000 v18=0.0000 acc=0.1875 lr=2.50e-06 lambda=0.000 grl_lambda=0.000 v18_lambda=0.000 gpu=3.0/11.8GB
[19:26:42] [train] ep=01 step=010/40 ce=8.1204 sc=2.8223 mi=1.0086 dn=0.0000 v13=0.0242 grl=0.9608 v15=0.0000 v15r=0.0000 v16=0.0000 v17=0.0000 v18=0.0000 acc=0.1625 lr=2.50e-05 lambda=0.000 grl_lambda=0.011 v18_lambda=0.000 gpu=3.0/11.8GB
[19:26:48] [train] ep=01 step=020/40 ce=7.9767 sc=2.8487 mi=0.9614 dn=0.0000 v13=0.0184 grl=0.9384 v15=0.0000 v15r=0.0000 v16=0.0000 v17=0.0000 v18=0.0000 acc=0.1469 lr=5.00e-05 lambda=0.000 grl_lambda=0.024 v18_lambda=0.000 gpu=3.0/11.8GB
[19:26:54] [train] ep=01 step=030/40 ce=7.8954 sc=2.8549 mi=0.8870 dn=0.0000 v13=0.0139 grl=0.9141 v15=0.0000 v15r=0.0000 v16=0.0000 v17=0.0000 v18=0.0000 acc=0.1479 lr=7.50e-05 lambda=0.000 grl_lambda=0.036 v18_lambda=0.000 gpu=3.0/11.8GB
[19:26:59] [train] ep=01 step=040/40 ce=7.8265 sc=2.8428 mi=0.7987 dn=0.0000 v13=0.0117 grl=0.8814 v15=0.0000 v15r=0.0000 v16=0.0000 v17=0.0000 v18=0.0000 acc=0.1625 lr=1.00e-04 lambda=0.000 grl_lambda=0.049 v18_lambda=0.000 gpu=3.0/11.8GB
[19:27:05] [ep_summary] ep=01/100 val_live=0.2099/0.1655 val_ema=0.0000/0.0000 test77_live=0.1403/0.0352 test77_diag_ema=0.0000/0.0000 v13=0.0117 grl=0.8814 v15=0.0000 v15r=0.0000 v16=0.0000 v17=0.0000 v18=0.0000 das=stage1[10,24] p=0.35 ep_time=52.5s
[19:27:05] [train] epoch 2/100 steps=40 use_dann=0 das=stage1 f=[10.0,24.0] p=0.35 gpu=3.0/11.8GB
[19:27:06] [train] ep=02 step=001/40 ce=7.6471 sc=2.8418 mi=0.4189 dn=0.0000 v13=0.0022 grl=0.7371 v15=0.0000 v15r=0.0000 v16=0.0000 v17=0.0000 v18=0.0000 acc=0.1250 lr=1.02e-04 lambda=0.000 grl_lambda=0.050 v18_lambda=0.000 gpu=3.0/11.8GB
[19:27:11] [train] ep=02 step=010/40 ce=7.3978 sc=2.7470 mi=0.3600 dn=0.0000 v13=0.0021 grl=0.7020 v15=0.0000 v15r=0.0000 v16=0.0000 v17=0.0000 v18=0.0000 acc=0.2437 lr=1.25e-04 lambda=0.000 grl_lambda=0.061 v18_lambda=0.000 gpu=3.0/11.8GB
[19:27:17] [train] ep=02 step=020/40 ce=7.2409 sc=2.7495 mi=0.3117 dn=0.0000 v13=0.0019 grl=0.6773 v15=0.0000 v15r=0.0000 v16=0.0000 v17=0.0000 v18=0.0000 acc=0.2969 lr=1.50e-04 lambda=0.000 grl_lambda=0.074 v18_lambda=0.000 gpu=3.0/11.8GB
[19:27:23] [train] ep=02 step=030/40 ce=7.1486 sc=2.7261 mi=0.2766 dn=0.0000 v13=0.0019 grl=0.6611 v15=0.0000 v15r=0.0000 v16=0.0000 v17=0.0000 v18=0.0000 acc=0.3312 lr=1.75e-04 lambda=0.000 grl_lambda=0.086 v18_lambda=0.000 gpu=3.0/11.8GB
[19:27:28] [train] ep=02 step=040/40 ce=6.9088 sc=2.6718 mi=0.2551 dn=0.0000 v13=0.0018 grl=0.6464 v15=0.0000 v15r=0.0000 v16=0.0000 v17=0.0000 v18=0.0000 acc=0.3703 lr=2.00e-04 lambda=0.000 grl_lambda=0.098 v18_lambda=0.000 gpu=3.0/11.8GB
[19:27:34] [ep_summary] ep=02/100 val_live=0.5864/0.5419 val_ema=0.0000/0.0000 test77_live=0.1403/0.0353 test77_diag_ema=0.0000/0.0000 v13=0.0018 grl=0.6464 v15=0.0000 v15r=0.0000 v16=0.0000 v17=0.0000 v18=0.0000 das=stage1[10,24] p=0.35 ep_time=29.3s
[19:27:34] [train] epoch 3/100 steps=40 use_dann=0 das=stage1 f=[10.0,24.0] p=0.35 gpu=3.0/11.8GB
[19:27:35] [train] ep=03 step=001/40 ce=6.5266 sc=2.5111 mi=0.1857 dn=0.0000 v13=0.0015 grl=0.5679 v15=0.0000 v15r=0.0000 v16=0.0000 v17=0.0000 v18=0.0000 acc=0.6250 lr=2.02e-04 lambda=0.000 grl_lambda=0.100 v18_lambda=0.000 gpu=3.0/11.8GB
[19:27:40] [train] ep=03 step=010/40 ce=5.7527 sc=2.4666 mi=0.1937 dn=0.0000 v13=0.0016 grl=0.5372 v15=0.0000 v15r=0.0000 v16=0.0000 v17=0.0000 v18=0.0000 acc=0.5437 lr=2.25e-04 lambda=0.000 grl_lambda=0.111 v18_lambda=0.000 gpu=3.0/11.8GB
[19:27:46] [train] ep=03 step=020/40 ce=5.3011 sc=2.2152 mi=0.1988 dn=0.0000 v13=0.0014 grl=0.5440 v15=0.0000 v15r=0.0000 v16=0.0000 v17=0.0000 v18=0.0000 acc=0.6062 lr=2.50e-04 lambda=0.000 grl_lambda=0.123 v18_lambda=0.000 gpu=3.0/11.8GB
[19:27:52] [train] ep=03 step=030/40 ce=4.8824 sc=2.0328 mi=0.2008 dn=0.0000 v13=0.0016 grl=0.5620 v15=0.0000 v15r=0.0000 v16=0.0000 v17=0.0000 v18=0.0000 acc=0.6417 lr=2.75e-04 lambda=0.000 grl_lambda=0.135 v18_lambda=0.000 gpu=3.0/11.8GB
[19:27:58] [train] ep=03 step=040/40 ce=4.7818 sc=2.0333 mi=0.1929 dn=0.0000 v13=0.0015 grl=0.5678 v15=0.0000 v15r=0.0000 v16=0.0000 v17=0.0000 v18=0.0000 acc=0.6531 lr=3.00e-04 lambda=0.000 grl_lambda=0.148 v18_lambda=0.000 gpu=3.0/11.8GB
[19:28:03] [ep_summary] ep=03/100 val_live=0.7778/0.7388 val_ema=0.0000/0.0000 test77_live=0.3022/0.2420 test77_diag_ema=0.0000/0.0000 v13=0.0015 grl=0.5678 v15=0.0000 v15r=0.0000 v16=0.0000 v17=0.0000 v18=0.0000 das=stage1[10,24] p=0.35 ep_time=28.9s
[19:28:03] [train] epoch 4/100 steps=40 use_dann=0 das=stage1 f=[10.0,24.0] p=0.35 gpu=3.0/11.8GB
[19:28:04] [train] ep=04 step=001/40 ce=4.4935 sc=2.3031 mi=0.1466 dn=0.0000 v13=0.0021 grl=0.4071 v15=0.0000 v15r=0.0000 v16=0.0000 v17=0.0000 v18=0.0000 acc=0.6250 lr=3.00e-04 lambda=0.000 grl_lambda=0.149 v18_lambda=0.000 gpu=3.0/11.8GB
[19:28:09] [train] ep=04 step=010/40 ce=3.5457 sc=1.8557 mi=0.1391 dn=0.0000 v13=0.0016 grl=0.5443 v15=0.0000 v15r=0.0000 v16=0.0000 v17=0.0000 v18=0.0000 acc=0.7562 lr=3.00e-04 lambda=0.000 grl_lambda=0.160 v18_lambda=0.000 gpu=3.0/11.8GB
[19:28:15] [train] ep=04 step=020/40 ce=3.0707 sc=1.7038 mi=0.1397 dn=0.0000 v13=0.0016 grl=0.5265 v15=0.0000 v15r=0.0000 v16=0.0000 v17=0.0000 v18=0.0000 acc=0.7937 lr=3.00e-04 lambda=0.000 grl_lambda=0.172 v18_lambda=0.000 gpu=3.0/11.8GB
[19:28:21] [train] ep=04 step=030/40 ce=2.9204 sc=1.6629 mi=0.1349 dn=0.0000 v13=0.0014 grl=0.5285 v15=0.0000 v15r=0.0000 v16=0.0000 v17=0.0000 v18=0.0000 acc=0.8187 lr=3.00e-04 lambda=0.000 grl_lambda=0.184 v18_lambda=0.000 gpu=3.0/11.8GB
[19:28:27] [train] ep=04 step=040/40 ce=2.7532 sc=1.6243 mi=0.1318 dn=0.0000 v13=0.0012 grl=0.5083 v15=0.0000 v15r=0.0000 v16=0.0000 v17=0.0000 v18=0.0000 acc=0.8344 lr=3.00e-04 lambda=0.000 grl_lambda=0.196 v18_lambda=0.000 gpu=3.0/11.8GB
[19:28:33] [ep_summary] ep=04/100 val_live=0.8148/0.7812 val_ema=0.0000/0.0000 test77_live=0.4101/0.3413 test77_diag_ema=0.0000/0.0000 v13=0.0012 grl=0.5083 v15=0.0000 v15r=0.0000 v16=0.0000 v17=0.0000 v18=0.0000 das=stage1[10,24] p=0.35 ep_time=29.4s
[19:28:33] [train] epoch 5/100 steps=40 use_dann=0 das=stage1 f=[10.0,24.0] p=0.35 gpu=3.0/11.8GB
[19:28:33] [train] ep=05 step=001/40 ce=2.3792 sc=1.2473 mi=0.1260 dn=0.0000 v13=0.0008 grl=0.4654 v15=0.0000 v15r=0.0000 v16=0.0000 v17=0.0000 v18=0.0000 acc=0.8750 lr=3.00e-04 lambda=0.000 grl_lambda=0.197 v18_lambda=0.000 gpu=3.0/11.8GB
[19:28:39] [train] ep=05 step=010/40 ce=2.9784 sc=1.5148 mi=0.1164 dn=0.0000 v13=0.0008 grl=0.4541 v15=0.0000 v15r=0.0000 v16=0.0000 v17=0.0000 v18=0.0000 acc=0.8187 lr=3.00e-04 lambda=0.000 grl_lambda=0.208 v18_lambda=0.000 gpu=3.0/11.8GB
[19:28:45] [train] ep=05 step=020/40 ce=3.0373 sc=1.4914 mi=0.1111 dn=0.0000 v13=0.0007 grl=0.4447 v15=0.0000 v15r=0.0000 v16=0.0000 v17=0.0000 v18=0.0000 acc=0.8031 lr=3.00e-04 lambda=0.000 grl_lambda=0.220 v18_lambda=0.000 gpu=3.0/11.8GB
[19:28:51] [train] ep=05 step=030/40 ce=2.8480 sc=1.4490 mi=0.1088 dn=0.0000 v13=0.0007 grl=0.4496 v15=0.0000 v15r=0.0000 v16=0.0000 v17=0.0000 v18=0.0000 acc=0.8167 lr=3.00e-04 lambda=0.000 grl_lambda=0.232 v18_lambda=0.000 gpu=3.0/11.8GB
[19:28:57] [train] ep=05 step=040/40 ce=2.8401 sc=1.5168 mi=0.1084 dn=0.0000 v13=0.0008 grl=0.4576 v15=0.0000 v15r=0.0000 v16=0.0000 v17=0.0000 v18=0.0000 acc=0.8203 lr=3.00e-04 lambda=0.000 grl_lambda=0.244 v18_lambda=0.000 gpu=3.0/11.8GB
[19:29:08] [ep_summary] ep=05/100 val_live=0.8457/0.8408 val_ema=0.1852/0.0929 test77_live=0.5360/0.4630 test77_diag_ema=0.1367/0.0371 v13=0.0008 grl=0.4576 v15=0.0000 v15r=0.0000 v16=0.0000 v17=0.0000 v18=0.0000 das=stage1[10,24] p=0.35 ep_time=34.9s
[19:29:08] [save] best_sourceval_ema val_acc_ema=0.1852 source_val_live=0.8457/0.8408 source_val_ema=0.1852/0.0929 ep=5
[19:29:08] [train] epoch 6/100 steps=40 use_dann=0 das=stage1 f=[10.0,24.0] p=0.35 gpu=3.0/11.8GB
[19:29:08] [train] ep=06 step=001/40 ce=3.1556 sc=2.1931 mi=0.0893 dn=0.0000 v13=0.0009 grl=0.3980 v15=0.0000 v15r=0.0000 v16=0.0000 v17=0.0000 v18=0.0000 acc=0.8750 lr=3.00e-04 lambda=0.000 grl_lambda=0.245 v18_lambda=0.000 gpu=3.0/11.8GB
[19:29:14] [train] ep=06 step=010/40 ce=2.6943 sc=1.5145 mi=0.0967 dn=0.0000 v13=0.0009 grl=0.4587 v15=0.0000 v15r=0.0000 v16=0.0000 v17=0.0000 v18=0.0000 acc=0.8000 lr=3.00e-04 lambda=0.000 grl_lambda=0.255 v18_lambda=0.000 gpu=3.0/11.8GB
[19:29:20] [train] ep=06 step=020/40 ce=2.2385 sc=1.5240 mi=0.0935 dn=0.0000 v13=0.0007 grl=0.4484 v15=0.0000 v15r=0.0000 v16=0.0000 v17=0.0000 v18=0.0000 acc=0.8594 lr=3.00e-04 lambda=0.000 grl_lambda=0.267 v18_lambda=0.000 gpu=3.0/11.8GB
[19:29:26] [train] ep=06 step=030/40 ce=2.2155 sc=1.4789 mi=0.0923 dn=0.0000 v13=0.0008 grl=0.4626 v15=0.0000 v15r=0.0000 v16=0.0000 v17=0.0000 v18=0.0000 acc=0.8646 lr=2.99e-04 lambda=0.000 grl_lambda=0.279 v18_lambda=0.000 gpu=3.0/11.8GB
[19:29:31] [train] ep=06 step=040/40 ce=2.1586 sc=1.4102 mi=0.0903 dn=0.0000 v13=0.0007 grl=0.4739 v15=0.0000 v15r=0.0000 v16=0.0000 v17=0.0000 v18=0.0000 acc=0.8734 lr=2.99e-04 lambda=0.000 grl_lambda=0.290 v18_lambda=0.000 gpu=3.0/11.8GB
[19:29:42] [ep_summary] ep=06/100 val_live=0.8827/0.8739 val_ema=0.2160/0.1458 test77_live=0.5504/0.4202 test77_diag_ema=0.1367/0.0350 v13=0.0007 grl=0.4739 v15=0.0000 v15r=0.0000 v16=0.0000 v17=0.0000 v18=0.0000 das=stage1[10,24] p=0.35 ep_time=34.3s
[19:29:42] [save] best_sourceval_ema val_acc_ema=0.2160 source_val_live=0.8827/0.8739 source_val_ema=0.2160/0.1458 ep=6
[19:29:42] [train] epoch 7/100 steps=40 use_dann=0 das=stage1 f=[10.0,24.0] p=0.35 gpu=3.0/11.8GB
[19:29:43] [train] ep=07 step=001/40 ce=1.5444 sc=0.9780 mi=0.0886 dn=0.0000 v13=0.0008 grl=0.4291 v15=0.0000 v15r=0.0000 v16=0.0000 v17=0.0000 v18=0.0000 acc=0.9375 lr=2.99e-04 lambda=0.000 grl_lambda=0.291 v18_lambda=0.000 gpu=3.0/11.8GB
[19:29:48] [train] ep=07 step=010/40 ce=2.2075 sc=1.3971 mi=0.0831 dn=0.0000 v13=0.0007 grl=0.4472 v15=0.0000 v15r=0.0000 v16=0.0000 v17=0.0000 v18=0.0000 acc=0.8625 lr=2.99e-04 lambda=0.000 grl_lambda=0.302 v18_lambda=0.000 gpu=3.0/11.8GB
[19:29:54] [train] ep=07 step=020/40 ce=1.9438 sc=1.3006 mi=0.0831 dn=0.0000 v13=0.0007 grl=0.4457 v15=0.0000 v15r=0.0000 v16=0.0000 v17=0.0000 v18=0.0000 acc=0.8969 lr=2.99e-04 lambda=0.000 grl_lambda=0.313 v18_lambda=0.000 gpu=3.0/11.8GB
[19:30:00] [train] ep=07 step=030/40 ce=1.7613 sc=1.2815 mi=0.0819 dn=0.0000 v13=0.0007 grl=0.4514 v15=0.0000 v15r=0.0000 v16=0.0000 v17=0.0000 v18=0.0000 acc=0.9042 lr=2.99e-04 lambda=0.000 grl_lambda=0.324 v18_lambda=0.000 gpu=3.0/11.8GB
[19:30:06] [train] ep=07 step=040/40 ce=1.7372 sc=1.2557 mi=0.0819 dn=0.0000 v13=0.0006 grl=0.4623 v15=0.0000 v15r=0.0000 v16=0.0000 v17=0.0000 v18=0.0000 acc=0.9094 lr=2.99e-04 lambda=0.000 grl_lambda=0.335 v18_lambda=0.000 gpu=3.0/11.8GB
[19:30:16] [ep_summary] ep=07/100 val_live=0.9383/0.9384 val_ema=0.2346/0.1725 test77_live=0.5827/0.5158 test77_diag_ema=0.1403/0.0353 v13=0.0006 grl=0.4623 v15=0.0000 v15r=0.0000 v16=0.0000 v17=0.0000 v18=0.0000 das=stage1[10,24] p=0.35 ep_time=34.1s
[19:30:16] [save] best_sourceval_ema val_acc_ema=0.2346 source_val_live=0.9383/0.9384 source_val_ema=0.2346/0.1725 ep=7
[19:30:16] [train] epoch 8/100 steps=40 use_dann=0 das=stage1 f=[10.0,24.0] p=0.35 gpu=3.0/11.8GB
[19:30:17] [train] ep=08 step=001/40 ce=0.7122 sc=0.8126 mi=0.0805 dn=0.0000 v13=0.0005 grl=0.5119 v15=0.0000 v15r=0.0000 v16=0.0000 v17=0.0000 v18=0.0000 acc=1.0000 lr=2.99e-04 lambda=0.000 grl_lambda=0.336 v18_lambda=0.000 gpu=3.0/11.8GB
[19:30:22] [train] ep=08 step=010/40 ce=1.4977 sc=1.2468 mi=0.0849 dn=0.0000 v13=0.0006 grl=0.5185 v15=0.0000 v15r=0.0000 v16=0.0000 v17=0.0000 v18=0.0000 acc=0.9375 lr=2.99e-04 lambda=0.000 grl_lambda=0.346 v18_lambda=0.000 gpu=3.0/11.8GB
[19:30:28] [train] ep=08 step=020/40 ce=1.5539 sc=1.2808 mi=0.0831 dn=0.0000 v13=0.0006 grl=0.5010 v15=0.0000 v15r=0.0000 v16=0.0000 v17=0.0000 v18=0.0000 acc=0.9250 lr=2.98e-04 lambda=0.000 grl_lambda=0.357 v18_lambda=0.000 gpu=3.0/11.8GB
[19:30:34] [train] ep=08 step=030/40 ce=1.5196 sc=1.2695 mi=0.0834 dn=0.0000 v13=0.0006 grl=0.5222 v15=0.0000 v15r=0.0000 v16=0.0000 v17=0.0000 v18=0.0000 acc=0.9229 lr=2.98e-04 lambda=0.000 grl_lambda=0.368 v18_lambda=0.000 gpu=3.0/11.8GB
[19:30:40] [train] ep=08 step=040/40 ce=1.4541 sc=1.2143 mi=0.0817 dn=0.0000 v13=0.0006 grl=0.5373 v15=0.0000 v15r=0.0000 v16=0.0000 v17=0.0000 v18=0.0000 acc=0.9281 lr=2.98e-04 lambda=0.000 grl_lambda=0.379 v18_lambda=0.000 gpu=3.0/11.8GB
[19:30:50] [ep_summary] ep=08/100 val_live=0.9074/0.9011 val_ema=0.2469/0.1940 test77_live=0.6691/0.6159 test77_diag_ema=0.1403/0.0352 v13=0.0006 grl=0.5373 v15=0.0000 v15r=0.0000 v16=0.0000 v17=0.0000 v18=0.0000 das=stage1[10,24] p=0.35 ep_time=34.2s
[19:30:50] [save] best_sourceval_ema val_acc_ema=0.2469 source_val_live=0.9074/0.9011 source_val_ema=0.2469/0.1940 ep=8
[19:30:50] [train] epoch 9/100 steps=40 use_dann=0 das=stage2 f=[10.0,50.0] p=0.70 gpu=3.0/11.8GB
[19:30:51] [train] ep=09 step=001/40 ce=2.2489 sc=1.2717 mi=0.0918 dn=0.0000 v13=0.0037 grl=2.0332 v15=0.0000 v15r=0.0000 v16=0.0000 v17=0.0000 v18=0.0000 acc=0.9375 lr=2.98e-04 lambda=0.000 grl_lambda=0.380 v18_lambda=0.000 gpu=3.0/11.8GB
[19:30:56] [train] ep=09 step=010/40 ce=1.4534 sc=1.1565 mi=0.0851 dn=0.0000 v13=0.0016 grl=1.1286 v15=0.0000 v15r=0.0000 v16=0.0000 v17=0.0000 v18=0.0000 acc=0.9375 lr=2.98e-04 lambda=0.000 grl_lambda=0.390 v18_lambda=0.000 gpu=3.0/11.8GB
[19:31:02] [train] ep=09 step=020/40 ce=1.3342 sc=1.1595 mi=0.0852 dn=0.0000 v13=0.0015 grl=1.0039 v15=0.0000 v15r=0.0000 v16=0.0000 v17=0.0000 v18=0.0000 acc=0.9344 lr=2.98e-04 lambda=0.000 grl_lambda=0.400 v18_lambda=0.000 gpu=3.0/11.8GB
[19:31:08] [train] ep=09 step=030/40 ce=1.3553 sc=1.2039 mi=0.0853 dn=0.0000 v13=0.0014 grl=0.9599 v15=0.0000 v15r=0.0000 v16=0.0000 v17=0.0000 v18=0.0000 acc=0.9313 lr=2.97e-04 lambda=0.000 grl_lambda=0.411 v18_lambda=0.000 gpu=3.0/11.8GB
[19:31:14] [train] ep=09 step=040/40 ce=1.3148 sc=1.1925 mi=0.0849 dn=0.0000 v13=0.0014 grl=0.9316 v15=0.0000 v15r=0.0000 v16=0.0000 v17=0.0000 v18=0.0000 acc=0.9344 lr=2.97e-04 lambda=0.000 grl_lambda=0.421 v18_lambda=0.000 gpu=3.0/11.8GB
[19:31:51] [ep_summary] ep=09/100 val_live=0.9568/0.9573 val_ema=0.2778/0.2149 test77_live=0.6691/0.5800 test77_diag_ema=0.1403/0.0352 v13=0.0014 grl=0.9316 v15=0.0000 v15r=0.0000 v16=0.0000 v17=0.0000 v18=0.0000 das=stage2[10,50] p=0.70 ep_time=60.5s
[19:32:37] [save] best_sourceval_ema val_acc_ema=0.2778 source_val_live=0.9568/0.9573 source_val_ema=0.2778/0.2149 ep=9
[19:32:37] [train] epoch 10/100 steps=40 use_dann=0 das=stage2 f=[10.0,50.0] p=0.70 gpu=3.0/11.8GB
[19:32:39] [train] ep=10 step=001/40 ce=1.1178 sc=0.7986 mi=0.0796 dn=0.0000 v13=0.0018 grl=0.8231 v15=0.0000 v15r=0.0000 v16=0.0000 v17=0.0000 v18=0.0000 acc=0.9375 lr=2.97e-04 lambda=0.000 grl_lambda=0.422 v18_lambda=0.000 gpu=3.0/11.8GB
[19:32:44] [train] ep=10 step=010/40 ce=1.3542 sc=1.1181 mi=0.0760 dn=0.0000 v13=0.0013 grl=0.8580 v15=0.0000 v15r=0.0000 v16=0.0000 v17=0.0000 v18=0.0000 acc=0.9250 lr=2.97e-04 lambda=0.000 grl_lambda=0.431 v18_lambda=0.000 gpu=3.0/11.8GB
[19:32:50] [train] ep=10 step=020/40 ce=1.2518 sc=1.0889 mi=0.0762 dn=0.0000 v13=0.0014 grl=0.8541 v15=0.0000 v15r=0.0000 v16=0.0000 v17=0.0000 v18=0.0000 acc=0.9313 lr=2.97e-04 lambda=0.000 grl_lambda=0.441 v18_lambda=0.000 gpu=3.0/11.8GB
[19:32:56] [train] ep=10 step=030/40 ce=1.0743 sc=1.0031 mi=0.0765 dn=0.0000 v13=0.0013 grl=0.8697 v15=0.0000 v15r=0.0000 v16=0.0000 v17=0.0000 v18=0.0000 acc=0.9479 lr=2.96e-04 lambda=0.000 grl_lambda=0.451 v18_lambda=0.000 gpu=3.0/11.8GB
[19:33:02] [train] ep=10 step=040/40 ce=1.0286 sc=1.0212 mi=0.0767 dn=0.0000 v13=0.0012 grl=0.8763 v15=0.0000 v15r=0.0000 v16=0.0000 v17=0.0000 v18=0.0000 acc=0.9516 lr=2.96e-04 lambda=0.000 grl_lambda=0.461 v18_lambda=0.000 gpu=3.0/11.8GB
[19:33:12] [pool] check ep=010/100 source_val_acc_ema=0.2963 threshold=0.90
[19:33:12] [pool] ep=010 SKIP (source_val_acc_ema=0.2963 < 0.90)
[19:33:12] [ep_summary] ep=10/100 val_live=0.9259/0.9240 val_ema=0.2963/0.2267 test77_live=0.6978/0.6802 test77_diag_ema=0.1403/0.0352 v13=0.0012 grl=0.8763 v15=0.0000 v15r=0.0000 v16=0.0000 v17=0.0000 v18=0.0000 das=stage2[10,50] p=0.70 ep_time=35.5s
[19:33:12] [save] best_sourceval_ema val_acc_ema=0.2963 source_val_live=0.9259/0.9240 source_val_ema=0.2963/0.2267 ep=10
[19:33:12] [strict77_monitor] ep=10 best_source_epoch=10 source_val_ema=0.2963/0.2267 test77_ema_diag=0.1403/0.0352 sourcequalified_count=0
[19:33:12] [train] epoch 11/100 steps=40 use_dann=0 das=stage2 f=[10.0,50.0] p=0.70 gpu=3.0/11.8GB
[19:33:13] [train] ep=11 step=001/40 ce=1.3727 sc=1.2040 mi=0.0704 dn=0.0000 v13=0.0009 grl=0.7199 v15=0.0000 v15r=0.0000 v16=0.0000 v17=0.0000 v18=0.0000 acc=0.9375 lr=2.96e-04 lambda=0.000 grl_lambda=0.462 v18_lambda=0.000 gpu=3.0/11.8GB
[19:33:18] [train] ep=11 step=010/40 ce=1.0026 sc=1.0603 mi=0.0783 dn=0.0000 v13=0.0010 grl=0.8123 v15=0.0000 v15r=0.0000 v16=0.0000 v17=0.0000 v18=0.0000 acc=0.9563 lr=2.96e-04 lambda=0.000 grl_lambda=0.471 v18_lambda=0.000 gpu=3.0/11.8GB
[19:33:24] [train] ep=11 step=020/40 ce=0.9964 sc=1.0524 mi=0.0768 dn=0.0000 v13=0.0011 grl=0.8147 v15=0.0000 v15r=0.0000 v16=0.0000 v17=0.0000 v18=0.0000 acc=0.9563 lr=2.96e-04 lambda=0.000 grl_lambda=0.481 v18_lambda=0.000 gpu=3.0/11.8GB
[19:33:30] [train] ep=11 step=030/40 ce=0.9301 sc=1.0136 mi=0.0761 dn=0.0000 v13=0.0011 grl=0.8318 v15=0.0000 v15r=0.0000 v16=0.0000 v17=0.0000 v18=0.0000 acc=0.9625 lr=2.95e-04 lambda=0.000 grl_lambda=0.490 v18_lambda=0.000 gpu=3.0/11.8GB
[19:33:36] [train] ep=11 step=040/40 ce=0.9023 sc=1.0029 mi=0.0757 dn=0.0000 v13=0.0010 grl=0.8641 v15=0.0000 v15r=0.0000 v16=0.0000 v17=0.0000 v18=0.0000 acc=0.9688 lr=2.95e-04 lambda=0.000 grl_lambda=0.500 v18_lambda=0.000 gpu=3.0/11.8GB
[19:33:47] [ep_summary] ep=11/100 val_live=0.9568/0.9564 val_ema=0.3210/0.2572 test77_live=0.6942/0.6579 test77_diag_ema=0.1403/0.0352 v13=0.0010 grl=0.8641 v15=0.0000 v15r=0.0000 v16=0.0000 v17=0.0000 v18=0.0000 das=stage2[10,50] p=0.70 ep_time=34.8s
[19:33:47] [save] best_sourceval_ema val_acc_ema=0.3210 source_val_live=0.9568/0.9564 source_val_ema=0.3210/0.2572 ep=11
[19:33:47] [train] epoch 12/100 steps=40 use_dann=0 das=stage2 f=[10.0,50.0] p=0.70 gpu=3.0/11.8GB
[19:33:48] [train] ep=12 step=001/40 ce=0.8573 sc=0.6991 mi=0.0635 dn=0.0000 v13=0.0006 grl=0.6989 v15=0.0000 v15r=0.0000 v16=0.0000 v17=0.0000 v18=0.0000 acc=0.9375 lr=2.95e-04 lambda=0.000 grl_lambda=0.501 v18_lambda=0.000 gpu=3.0/11.8GB
[19:33:53] [train] ep=12 step=010/40 ce=0.6605 sc=0.9181 mi=0.0731 dn=0.0000 v13=0.0009 grl=0.9121 v15=0.0000 v15r=0.0000 v16=0.0000 v17=0.0000 v18=0.0000 acc=0.9812 lr=2.95e-04 lambda=0.000 grl_lambda=0.509 v18_lambda=0.000 gpu=3.0/11.8GB
[19:33:59] [train] ep=12 step=020/40 ce=0.7619 sc=0.8631 mi=0.0763 dn=0.0000 v13=0.0009 grl=0.9102 v15=0.0000 v15r=0.0000 v16=0.0000 v17=0.0000 v18=0.0000 acc=0.9750 lr=2.94e-04 lambda=0.000 grl_lambda=0.518 v18_lambda=0.000 gpu=3.0/11.8GB
[19:34:05] [train] ep=12 step=030/40 ce=0.8330 sc=0.9352 mi=0.0753 dn=0.0000 v13=0.0009 grl=0.8952 v15=0.0000 v15r=0.0000 v16=0.0000 v17=0.0000 v18=0.0000 acc=0.9688 lr=2.94e-04 lambda=0.000 grl_lambda=0.527 v18_lambda=0.000 gpu=3.0/11.8GB
[19:34:11] [train] ep=12 step=040/40 ce=0.7815 sc=0.8946 mi=0.0744 dn=0.0000 v13=0.0008 grl=0.8955 v15=0.0000 v15r=0.0000 v16=0.0000 v17=0.0000 v18=0.0000 acc=0.9734 lr=2.94e-04 lambda=0.000 grl_lambda=0.536 v18_lambda=0.000 gpu=3.0/11.8GB
[19:34:22] [ep_summary] ep=12/100 val_live=0.9568/0.9563 val_ema=0.3395/0.2898 test77_live=0.7554/0.7054 test77_diag_ema=0.1403/0.0352 v13=0.0008 grl=0.8955 v15=0.0000 v15r=0.0000 v16=0.0000 v17=0.0000 v18=0.0000 das=stage2[10,50] p=0.70 ep_time=35.1s
[19:34:22] [save] best_sourceval_ema val_acc_ema=0.3395 source_val_live=0.9568/0.9563 source_val_ema=0.3395/0.2898 ep=12
[19:34:22] [train] epoch 13/100 steps=40 use_dann=0 das=stage2 f=[10.0,50.0] p=0.70 gpu=3.0/11.8GB
[19:34:23] [train] ep=13 step=001/40 ce=0.3365 sc=0.7573 mi=0.0764 dn=0.0000 v13=0.0010 grl=0.8759 v15=0.0000 v15r=0.0000 v16=0.0000 v17=0.0000 v18=0.0000 acc=1.0000 lr=2.94e-04 lambda=0.000 grl_lambda=0.537 v18_lambda=0.000 gpu=3.0/11.8GB
[19:34:28] [train] ep=13 step=010/40 ce=0.6193 sc=0.7302 mi=0.0747 dn=0.0000 v13=0.0007 grl=0.7999 v15=0.0000 v15r=0.0000 v16=0.0000 v17=0.0000 v18=0.0000 acc=0.9750 lr=2.93e-04 lambda=0.000 grl_lambda=0.545 v18_lambda=0.000 gpu=3.0/11.8GB
[19:34:34] [train] ep=13 step=020/40 ce=0.6288 sc=0.8403 mi=0.0733 dn=0.0000 v13=0.0007 grl=0.8289 v15=0.0000 v15r=0.0000 v16=0.0000 v17=0.0000 v18=0.0000 acc=0.9750 lr=2.93e-04 lambda=0.000 grl_lambda=0.554 v18_lambda=0.000 gpu=3.0/11.8GB
[19:34:40] [train] ep=13 step=030/40 ce=0.7341 sc=0.9226 mi=0.0728 dn=0.0000 v13=0.0007 grl=0.8681 v15=0.0000 v15r=0.0000 v16=0.0000 v17=0.0000 v18=0.0000 acc=0.9688 lr=2.93e-04 lambda=0.000 grl_lambda=0.562 v18_lambda=0.000 gpu=3.0/11.8GB
[19:34:46] [train] ep=13 step=040/40 ce=0.7398 sc=0.9253 mi=0.0728 dn=0.0000 v13=0.0007 grl=0.8433 v15=0.0000 v15r=0.0000 v16=0.0000 v17=0.0000 v18=0.0000 acc=0.9688 lr=2.92e-04 lambda=0.000 grl_lambda=0.571 v18_lambda=0.000 gpu=3.0/11.8GB
[19:34:57] [ep_summary] ep=13/100 val_live=0.9568/0.9572 val_ema=0.3642/0.3318 test77_live=0.6835/0.6391 test77_diag_ema=0.1403/0.0352 v13=0.0007 grl=0.8433 v15=0.0000 v15r=0.0000 v16=0.0000 v17=0.0000 v18=0.0000 das=stage2[10,50] p=0.70 ep_time=34.3s
[19:34:57] [save] best_sourceval_ema val_acc_ema=0.3642 source_val_live=0.9568/0.9572 source_val_ema=0.3642/0.3318 ep=13
[19:34:57] [train] epoch 14/100 steps=40 use_dann=0 das=stage2 f=[10.0,50.0] p=0.70 gpu=3.0/11.8GB
[19:34:57] [train] ep=14 step=001/40 ce=0.3123 sc=0.6270 mi=0.0668 dn=0.0000 v13=0.0003 grl=0.8458 v15=0.0000 v15r=0.0000 v16=0.0000 v17=0.0000 v18=0.0000 acc=1.0000 lr=2.92e-04 lambda=0.000 grl_lambda=0.572 v18_lambda=0.000 gpu=3.0/11.8GB
[19:35:03] [train] ep=14 step=010/40 ce=0.7947 sc=0.7653 mi=0.0722 dn=0.0000 v13=0.0006 grl=0.9213 v15=0.0000 v15r=0.0000 v16=0.0000 v17=0.0000 v18=0.0000 acc=0.9625 lr=2.92e-04 lambda=0.000 grl_lambda=0.579 v18_lambda=0.000 gpu=3.0/11.8GB
[19:35:08] [train] ep=14 step=020/40 ce=0.7106 sc=0.7988 mi=0.0729 dn=0.0000 v13=0.0006 grl=0.8974 v15=0.0000 v15r=0.0000 v16=0.0000 v17=0.0000 v18=0.0000 acc=0.9688 lr=2.91e-04 lambda=0.000 grl_lambda=0.587 v18_lambda=0.000 gpu=3.0/11.8GB
[19:35:14] [train] ep=14 step=030/40 ce=0.7534 sc=0.8735 mi=0.0717 dn=0.0000 v13=0.0007 grl=0.8974 v15=0.0000 v15r=0.0000 v16=0.0000 v17=0.0000 v18=0.0000 acc=0.9688 lr=2.91e-04 lambda=0.000 grl_lambda=0.596 v18_lambda=0.000 gpu=3.0/11.8GB
[19:35:20] [train] ep=14 step=040/40 ce=0.7616 sc=0.8770 mi=0.0718 dn=0.0000 v13=0.0007 grl=0.8995 v15=0.0000 v15r=0.0000 v16=0.0000 v17=0.0000 v18=0.0000 acc=0.9672 lr=2.91e-04 lambda=0.000 grl_lambda=0.604 v18_lambda=0.000 gpu=3.0/11.8GB
[19:35:33] [ep_summary] ep=14/100 val_live=0.9321/0.9316 val_ema=0.4074/0.3789 test77_live=0.7950/0.7775 test77_diag_ema=0.1403/0.0352 v13=0.0007 grl=0.8995 v15=0.0000 v15r=0.0000 v16=0.0000 v17=0.0000 v18=0.0000 das=stage2[10,50] p=0.70 ep_time=36.8s
[19:35:34] [save] best_sourceval_ema val_acc_ema=0.4074 source_val_live=0.9321/0.9316 source_val_ema=0.4074/0.3789 ep=14
[19:35:34] [train] epoch 15/100 steps=40 use_dann=0 das=stage2 f=[10.0,50.0] p=0.70 gpu=3.0/11.8GB
[19:35:34] [train] ep=15 step=001/40 ce=0.4643 sc=1.0871 mi=0.0706 dn=0.0000 v13=0.0007 grl=0.7179 v15=0.0000 v15r=0.0000 v16=0.0000 v17=0.0000 v18=0.0000 acc=1.0000 lr=2.91e-04 lambda=0.000 grl_lambda=0.604 v18_lambda=0.000 gpu=3.0/11.8GB
[19:35:39] [train] ep=15 step=010/40 ce=0.5852 sc=0.7716 mi=0.0770 dn=0.0000 v13=0.0009 grl=0.8229 v15=0.0000 v15r=0.0000 v16=0.0000 v17=0.0000 v18=0.0000 acc=0.9812 lr=2.90e-04 lambda=0.000 grl_lambda=0.611 v18_lambda=0.000 gpu=3.0/11.8GB
[19:35:45] [train] ep=15 step=020/40 ce=0.7993 sc=0.8557 mi=0.0755 dn=0.0000 v13=0.0008 grl=0.8455 v15=0.0000 v15r=0.0000 v16=0.0000 v17=0.0000 v18=0.0000 acc=0.9594 lr=2.90e-04 lambda=0.000 grl_lambda=0.619 v18_lambda=0.000 gpu=3.0/11.8GB
[19:35:51] [train] ep=15 step=030/40 ce=0.7689 sc=0.8582 mi=0.0752 dn=0.0000 v13=0.0008 grl=0.8572 v15=0.0000 v15r=0.0000 v16=0.0000 v17=0.0000 v18=0.0000 acc=0.9667 lr=2.89e-04 lambda=0.000 grl_lambda=0.627 v18_lambda=0.000 gpu=3.0/11.8GB
[19:35:57] [train] ep=15 step=040/40 ce=0.7021 sc=0.8391 mi=0.0742 dn=0.0000 v13=0.0008 grl=0.8659 v15=0.0000 v15r=0.0000 v16=0.0000 v17=0.0000 v18=0.0000 acc=0.9703 lr=2.89e-04 lambda=0.000 grl_lambda=0.634 v18_lambda=0.000 gpu=3.0/11.8GB
[19:36:08] [ep_summary] ep=15/100 val_live=0.9630/0.9634 val_ema=0.4506/0.4357 test77_live=0.7554/0.7422 test77_diag_ema=0.1403/0.0352 v13=0.0008 grl=0.8659 v15=0.0000 v15r=0.0000 v16=0.0000 v17=0.0000 v18=0.0000 das=stage2[10,50] p=0.70 ep_time=34.3s
[19:36:08] [save] best_sourceval_ema val_acc_ema=0.4506 source_val_live=0.9630/0.9634 source_val_ema=0.4506/0.4357 ep=15
[19:36:08] [train] epoch 16/100 steps=40 use_dann=0 das=stage2 f=[10.0,50.0] p=0.70 gpu=3.0/11.8GB
[19:36:08] [train] ep=16 step=001/40 ce=0.2944 sc=0.7572 mi=0.0753 dn=0.0000 v13=0.0011 grl=1.1608 v15=0.0000 v15r=0.0000 v16=0.0000 v17=0.0000 v18=0.0000 acc=1.0000 lr=2.89e-04 lambda=0.000 grl_lambda=0.635 v18_lambda=0.000 gpu=3.0/11.8GB
[19:36:14] [train] ep=16 step=010/40 ce=0.6201 sc=1.0402 mi=0.0708 dn=0.0000 v13=0.0009 grl=0.9129 v15=0.0000 v15r=0.0000 v16=0.0000 v17=0.0000 v18=0.0000 acc=0.9812 lr=2.88e-04 lambda=0.000 grl_lambda=0.642 v18_lambda=0.000 gpu=3.0/11.8GB
[19:36:20] [train] ep=16 step=020/40 ce=0.6750 sc=1.0363 mi=0.0731 dn=0.0000 v13=0.0008 grl=0.8732 v15=0.0000 v15r=0.0000 v16=0.0000 v17=0.0000 v18=0.0000 acc=0.9719 lr=2.88e-04 lambda=0.000 grl_lambda=0.649 v18_lambda=0.000 gpu=3.0/11.8GB
[19:36:26] [train] ep=16 step=030/40 ce=0.6219 sc=0.9768 mi=0.0723 dn=0.0000 v13=0.0008 grl=0.8564 v15=0.0000 v15r=0.0000 v16=0.0000 v17=0.0000 v18=0.0000 acc=0.9750 lr=2.87e-04 lambda=0.000 grl_lambda=0.656 v18_lambda=0.000 gpu=3.0/11.8GB
[19:36:32] [train] ep=16 step=040/40 ce=0.6413 sc=0.9618 mi=0.0722 dn=0.0000 v13=0.0008 grl=0.8476 v15=0.0000 v15r=0.0000 v16=0.0000 v17=0.0000 v18=0.0000 acc=0.9750 lr=2.87e-04 lambda=0.000 grl_lambda=0.663 v18_lambda=0.000 gpu=3.0/11.8GB
[19:36:43] [ep_summary] ep=16/100 val_live=0.9444/0.9437 val_ema=0.5062/0.4878 test77_live=0.7842/0.7386 test77_diag_ema=0.1403/0.0353 v13=0.0008 grl=0.8476 v15=0.0000 v15r=0.0000 v16=0.0000 v17=0.0000 v18=0.0000 das=stage2[10,50] p=0.70 ep_time=35.4s
[19:36:43] [save] best_sourceval_ema val_acc_ema=0.5062 source_val_live=0.9444/0.9437 source_val_ema=0.5062/0.4878 ep=16
[19:36:43] [train] epoch 17/100 steps=40 use_dann=0 das=stage2 f=[10.0,50.0] p=0.70 gpu=3.0/11.8GB
[19:36:44] [train] ep=17 step=001/40 ce=0.8023 sc=0.7647 mi=0.0634 dn=0.0000 v13=0.0007 grl=0.7209 v15=0.0000 v15r=0.0000 v16=0.0000 v17=0.0000 v18=0.0000 acc=0.9375 lr=2.87e-04 lambda=0.000 grl_lambda=0.664 v18_lambda=0.000 gpu=3.0/11.8GB
[19:36:49] [train] ep=17 step=010/40 ce=0.4826 sc=0.7635 mi=0.0654 dn=0.0000 v13=0.0007 grl=0.8137 v15=0.0000 v15r=0.0000 v16=0.0000 v17=0.0000 v18=0.0000 acc=0.9812 lr=2.86e-04 lambda=0.000 grl_lambda=0.670 v18_lambda=0.000 gpu=3.0/11.8GB
[19:36:55] [train] ep=17 step=020/40 ce=0.4979 sc=0.7956 mi=0.0682 dn=0.0000 v13=0.0007 grl=0.8326 v15=0.0000 v15r=0.0000 v16=0.0000 v17=0.0000 v18=0.0000 acc=0.9875 lr=2.86e-04 lambda=0.000 grl_lambda=0.677 v18_lambda=0.000 gpu=3.0/11.8GB
[19:37:01] [train] ep=17 step=030/40 ce=0.5212 sc=0.8151 mi=0.0685 dn=0.0000 v13=0.0007 grl=0.8400 v15=0.0000 v15r=0.0000 v16=0.0000 v17=0.0000 v18=0.0000 acc=0.9833 lr=2.85e-04 lambda=0.000 grl_lambda=0.684 v18_lambda=0.000 gpu=3.0/11.8GB
[19:37:07] [train] ep=17 step=040/40 ce=0.5623 sc=0.8519 mi=0.0691 dn=0.0000 v13=0.0007 grl=0.8405 v15=0.0000 v15r=0.0000 v16=0.0000 v17=0.0000 v18=0.0000 acc=0.9812 lr=2.85e-04 lambda=0.000 grl_lambda=0.690 v18_lambda=0.000 gpu=3.0/11.8GB
[19:37:48] [ep_summary] ep=17/100 val_live=0.9012/0.8900 val_ema=0.5556/0.5308 test77_live=0.7122/0.6749 test77_diag_ema=0.1403/0.0353 v13=0.0007 grl=0.8405 v15=0.0000 v15r=0.0000 v16=0.0000 v17=0.0000 v18=0.0000 das=stage2[10,50] p=0.70 ep_time=64.8s
[19:37:48] [save] best_sourceval_ema val_acc_ema=0.5556 source_val_live=0.9012/0.8900 source_val_ema=0.5556/0.5308 ep=17
[19:37:48] [train] epoch 18/100 steps=40 use_dann=0 das=stage2 f=[10.0,50.0] p=0.70 gpu=3.0/11.8GB
[19:37:49] [train] ep=18 step=001/40 ce=0.8473 sc=1.0512 mi=0.0713 dn=0.0000 v13=0.0012 grl=0.7231 v15=0.0000 v15r=0.0000 v16=0.0000 v17=0.0000 v18=0.0000 acc=0.9375 lr=2.85e-04 lambda=0.000 grl_lambda=0.691 v18_lambda=0.000 gpu=3.0/11.8GB
[19:37:54] [train] ep=18 step=010/40 ce=0.5913 sc=0.9543 mi=0.0749 dn=0.0000 v13=0.0008 grl=0.9014 v15=0.0000 v15r=0.0000 v16=0.0000 v17=0.0000 v18=0.0000 acc=0.9750 lr=2.84e-04 lambda=0.000 grl_lambda=0.697 v18_lambda=0.000 gpu=3.0/11.8GB
[19:38:00] [train] ep=18 step=020/40 ce=0.5249 sc=0.9079 mi=0.0728 dn=0.0000 v13=0.0008 grl=0.9182 v15=0.0000 v15r=0.0000 v16=0.0000 v17=0.0000 v18=0.0000 acc=0.9812 lr=2.84e-04 lambda=0.000 grl_lambda=0.703 v18_lambda=0.000 gpu=3.0/11.8GB
[19:38:06] [train] ep=18 step=030/40 ce=0.4815 sc=0.9095 mi=0.0723 dn=0.0000 v13=0.0008 grl=0.9059 v15=0.0000 v15r=0.0000 v16=0.0000 v17=0.0000 v18=0.0000 acc=0.9854 lr=2.83e-04 lambda=0.000 grl_lambda=0.710 v18_lambda=0.000 gpu=3.0/11.8GB
[19:38:12] [train] ep=18 step=040/40 ce=0.5288 sc=0.9147 mi=0.0718 dn=0.0000 v13=0.0008 grl=0.9004 v15=0.0000 v15r=0.0000 v16=0.0000 v17=0.0000 v18=0.0000 acc=0.9812 lr=2.83e-04 lambda=0.000 grl_lambda=0.716 v18_lambda=0.000 gpu=3.0/11.8GB
[19:38:22] [ep_summary] ep=18/100 val_live=0.9753/0.9757 val_ema=0.5802/0.5530 test77_live=0.7770/0.7271 test77_diag_ema=0.1403/0.0353 v13=0.0008 grl=0.9004 v15=0.0000 v15r=0.0000 v16=0.0000 v17=0.0000 v18=0.0000 das=stage2[10,50] p=0.70 ep_time=34.2s
[19:38:22] [save] best_sourceval_ema val_acc_ema=0.5802 source_val_live=0.9753/0.9757 source_val_ema=0.5802/0.5530 ep=18
[19:38:22] [train] epoch 19/100 steps=40 use_dann=0 das=stage2 f=[10.0,50.0] p=0.70 gpu=3.0/11.8GB
[19:38:23] [train] ep=19 step=001/40 ce=0.3113 sc=0.5882 mi=0.0676 dn=0.0000 v13=0.0008 grl=0.8605 v15=0.0000 v15r=0.0000 v16=0.0000 v17=0.0000 v18=0.0000 acc=1.0000 lr=2.83e-04 lambda=0.000 grl_lambda=0.716 v18_lambda=0.000 gpu=3.0/11.8GB
[19:38:28] [train] ep=19 step=010/40 ce=0.6577 sc=0.9110 mi=0.0673 dn=0.0000 v13=0.0007 grl=0.8887 v15=0.0000 v15r=0.0000 v16=0.0000 v17=0.0000 v18=0.0000 acc=0.9750 lr=2.82e-04 lambda=0.000 grl_lambda=0.722 v18_lambda=0.000 gpu=3.0/11.8GB
[19:38:34] [train] ep=19 step=020/40 ce=0.5594 sc=0.8951 mi=0.0680 dn=0.0000 v13=0.0006 grl=0.8799 v15=0.0000 v15r=0.0000 v16=0.0000 v17=0.0000 v18=0.0000 acc=0.9812 lr=2.82e-04 lambda=0.000 grl_lambda=0.728 v18_lambda=0.000 gpu=3.0/11.8GB
[19:38:40] [train] ep=19 step=030/40 ce=0.5066 sc=0.8892 mi=0.0690 dn=0.0000 v13=0.0007 grl=0.8647 v15=0.0000 v15r=0.0000 v16=0.0000 v17=0.0000 v18=0.0000 acc=0.9854 lr=2.81e-04 lambda=0.000 grl_lambda=0.733 v18_lambda=0.000 gpu=3.0/11.8GB
[19:38:46] [train] ep=19 step=040/40 ce=0.5259 sc=0.8755 mi=0.0689 dn=0.0000 v13=0.0007 grl=0.8560 v15=0.0000 v15r=0.0000 v16=0.0000 v17=0.0000 v18=0.0000 acc=0.9828 lr=2.80e-04 lambda=0.000 grl_lambda=0.739 v18_lambda=0.000 gpu=3.0/11.8GB
[19:38:58] [ep_summary] ep=19/100 val_live=0.9074/0.9011 val_ema=0.6111/0.5805 test77_live=0.7446/0.7066 test77_diag_ema=0.1403/0.0353 v13=0.0007 grl=0.8560 v15=0.0000 v15r=0.0000 v16=0.0000 v17=0.0000 v18=0.0000 das=stage2[10,50] p=0.70 ep_time=35.6s
[19:38:58] [save] best_sourceval_ema val_acc_ema=0.6111 source_val_live=0.9074/0.9011 source_val_ema=0.6111/0.5805 ep=19
[19:38:58] [train] epoch 20/100 steps=40 use_dann=0 das=stage2 f=[10.0,50.0] p=0.70 gpu=3.0/11.8GB
[19:38:59] [train] ep=20 step=001/40 ce=0.4753 sc=0.8055 mi=0.0627 dn=0.0000 v13=0.0005 grl=0.7126 v15=0.0000 v15r=0.0000 v16=0.0000 v17=0.0000 v18=0.0000 acc=1.0000 lr=2.80e-04 lambda=0.000 grl_lambda=0.740 v18_lambda=0.000 gpu=3.0/11.8GB
[19:39:04] [train] ep=20 step=010/40 ce=0.7332 sc=0.8826 mi=0.0705 dn=0.0000 v13=0.0007 grl=0.7847 v15=0.0000 v15r=0.0000 v16=0.0000 v17=0.0000 v18=0.0000 acc=0.9688 lr=2.80e-04 lambda=0.000 grl_lambda=0.745 v18_lambda=0.000 gpu=3.0/11.8GB
[19:39:10] [train] ep=20 step=020/40 ce=0.6079 sc=0.8548 mi=0.0691 dn=0.0000 v13=0.0007 grl=0.8298 v15=0.0000 v15r=0.0000 v16=0.0000 v17=0.0000 v18=0.0000 acc=0.9812 lr=2.79e-04 lambda=0.000 grl_lambda=0.750 v18_lambda=0.000 gpu=3.0/11.8GB
[19:39:16] [train] ep=20 step=030/40 ce=0.5908 sc=0.9058 mi=0.0697 dn=0.0000 v13=0.0006 grl=0.8698 v15=0.0000 v15r=0.0000 v16=0.0000 v17=0.0000 v18=0.0000 acc=0.9833 lr=2.79e-04 lambda=0.000 grl_lambda=0.756 v18_lambda=0.000 gpu=3.0/11.8GB
[19:39:22] [train] ep=20 step=040/40 ce=0.5901 sc=0.9002 mi=0.0690 dn=0.0000 v13=0.0007 grl=0.8712 v15=0.0000 v15r=0.0000 v16=0.0000 v17=0.0000 v18=0.0000 acc=0.9812 lr=2.78e-04 lambda=0.000 grl_lambda=0.761 v18_lambda=0.000 gpu=3.0/11.8GB
[19:39:32] [pool] check ep=020/100 source_val_acc_ema=0.6420 threshold=0.90
[19:39:32] [pool] ep=020 SKIP (source_val_acc_ema=0.6420 < 0.90)
[19:39:32] [ep_summary] ep=20/100 val_live=0.9568/0.9579 val_ema=0.6420/0.6098 test77_live=0.7302/0.6971 test77_diag_ema=0.1403/0.0355 v13=0.0007 grl=0.8712 v15=0.0000 v15r=0.0000 v16=0.0000 v17=0.0000 v18=0.0000 das=stage2[10,50] p=0.70 ep_time=34.3s
[19:39:32] [save] best_sourceval_ema val_acc_ema=0.6420 source_val_live=0.9568/0.9579 source_val_ema=0.6420/0.6098 ep=20
[19:39:32] [strict77_monitor] ep=20 best_source_epoch=20 source_val_ema=0.6420/0.6098 test77_ema_diag=0.1403/0.0355 sourcequalified_count=0
[19:39:32] [train] epoch 21/100 steps=40 use_dann=0 das=stage2 f=[10.0,50.0] p=0.70 gpu=3.0/11.8GB
[19:39:33] [train] ep=21 step=001/40 ce=1.8658 sc=0.9214 mi=0.0801 dn=0.0000 v13=0.0006 grl=0.9379 v15=0.0000 v15r=0.0000 v16=0.0000 v17=0.0000 v18=0.0000 acc=0.8750 lr=2.78e-04 lambda=0.000 grl_lambda=0.762 v18_lambda=0.000 gpu=3.0/11.8GB
[19:39:38] [train] ep=21 step=010/40 ce=1.0036 sc=1.0459 mi=0.0689 dn=0.0000 v13=0.0007 grl=0.8053 v15=0.0000 v15r=0.0000 v16=0.0000 v17=0.0000 v18=0.0000 acc=0.9437 lr=2.77e-04 lambda=0.000 grl_lambda=0.766 v18_lambda=0.000 gpu=3.0/11.8GB
[19:39:44] [train] ep=21 step=020/40 ce=0.8544 sc=0.9982 mi=0.0702 dn=0.0000 v13=0.0007 grl=0.7956 v15=0.0000 v15r=0.0000 v16=0.0000 v17=0.0000 v18=0.0000 acc=0.9625 lr=2.77e-04 lambda=0.000 grl_lambda=0.771 v18_lambda=0.000 gpu=3.0/11.8GB
[19:39:50] [train] ep=21 step=030/40 ce=0.7387 sc=0.9298 mi=0.0697 dn=0.0000 v13=0.0006 grl=0.7959 v15=0.0000 v15r=0.0000 v16=0.0000 v17=0.0000 v18=0.0000 acc=0.9708 lr=2.76e-04 lambda=0.000 grl_lambda=0.776 v18_lambda=0.000 gpu=3.0/11.8GB
[19:39:56] [train] ep=21 step=040/40 ce=0.7334 sc=0.9272 mi=0.0697 dn=0.0000 v13=0.0006 grl=0.7991 v15=0.0000 v15r=0.0000 v16=0.0000 v17=0.0000 v18=0.0000 acc=0.9719 lr=2.75e-04 lambda=0.000 grl_lambda=0.781 v18_lambda=0.000 gpu=3.0/11.8GB
[19:40:27] [ep_summary] ep=21/100 val_live=0.9691/0.9695 val_ema=0.6728/0.6374 test77_live=0.8022/0.7957 test77_diag_ema=0.1439/0.0418 v13=0.0006 grl=0.7991 v15=0.0000 v15r=0.0000 v16=0.0000 v17=0.0000 v18=0.0000 das=stage2[10,50] p=0.70 ep_time=54.7s
[19:40:27] [save] best_sourceval_ema val_acc_ema=0.6728 source_val_live=0.9691/0.9695 source_val_ema=0.6728/0.6374 ep=21
[19:40:27] [train] epoch 22/100 steps=40 use_dann=0 das=stage2 f=[10.0,50.0] p=0.70 gpu=3.0/11.8GB
[19:40:28] [train] ep=22 step=001/40 ce=0.7401 sc=0.6220 mi=0.0696 dn=0.0000 v13=0.0003 grl=1.0229 v15=0.0000 v15r=0.0000 v16=0.0000 v17=0.0000 v18=0.0000 acc=0.9375 lr=2.75e-04 lambda=0.000 grl_lambda=0.782 v18_lambda=0.000 gpu=3.0/11.8GB
[19:40:33] [train] ep=22 step=010/40 ce=0.5410 sc=0.8279 mi=0.0692 dn=0.0000 v13=0.0007 grl=0.8681 v15=0.0000 v15r=0.0000 v16=0.0000 v17=0.0000 v18=0.0000 acc=0.9750 lr=2.75e-04 lambda=0.000 grl_lambda=0.786 v18_lambda=0.000 gpu=3.0/11.8GB
[19:40:39] [train] ep=22 step=020/40 ce=0.4735 sc=0.8523 mi=0.0688 dn=0.0000 v13=0.0007 grl=0.8436 v15=0.0000 v15r=0.0000 v16=0.0000 v17=0.0000 v18=0.0000 acc=0.9875 lr=2.74e-04 lambda=0.000 grl_lambda=0.791 v18_lambda=0.000 gpu=3.0/11.8GB
[19:40:45] [train] ep=22 step=030/40 ce=0.5421 sc=0.8511 mi=0.0679 dn=0.0000 v13=0.0007 grl=0.8351 v15=0.0000 v15r=0.0000 v16=0.0000 v17=0.0000 v18=0.0000 acc=0.9833 lr=2.73e-04 lambda=0.000 grl_lambda=0.796 v18_lambda=0.000 gpu=3.0/11.8GB
[19:40:51] [train] ep=22 step=040/40 ce=0.5550 sc=0.8991 mi=0.0675 dn=0.0000 v13=0.0006 grl=0.8506 v15=0.0000 v15r=0.0000 v16=0.0000 v17=0.0000 v18=0.0000 acc=0.9812 lr=2.73e-04 lambda=0.000 grl_lambda=0.800 v18_lambda=0.000 gpu=3.0/11.8GB
[19:41:01] [ep_summary] ep=22/100 val_live=0.9506/0.9506 val_ema=0.7160/0.6764 test77_live=0.7158/0.7104 test77_diag_ema=0.1511/0.0530 v13=0.0006 grl=0.8506 v15=0.0000 v15r=0.0000 v16=0.0000 v17=0.0000 v18=0.0000 das=stage2[10,50] p=0.70 ep_time=34.0s
[19:41:01] [save] best_sourceval_ema val_acc_ema=0.7160 source_val_live=0.9506/0.9506 source_val_ema=0.7160/0.6764 ep=22
[19:41:01] [train] epoch 23/100 steps=40 use_dann=0 das=stage2 f=[10.0,50.0] p=0.70 gpu=3.0/11.8GB
[19:41:02] [train] ep=23 step=001/40 ce=0.3084 sc=1.1640 mi=0.0677 dn=0.0000 v13=0.0009 grl=0.7758 v15=0.0000 v15r=0.0000 v16=0.0000 v17=0.0000 v18=0.0000 acc=1.0000 lr=2.72e-04 lambda=0.000 grl_lambda=0.800 v18_lambda=0.000 gpu=3.0/11.8GB
[19:41:07] [train] ep=23 step=010/40 ce=0.5168 sc=0.8863 mi=0.0688 dn=0.0000 v13=0.0006 grl=0.8739 v15=0.0000 v15r=0.0000 v16=0.0000 v17=0.0000 v18=0.0000 acc=0.9875 lr=2.72e-04 lambda=0.000 grl_lambda=0.805 v18_lambda=0.000 gpu=3.0/11.8GB
[19:41:13] [train] ep=23 step=020/40 ce=0.4894 sc=0.7734 mi=0.0679 dn=0.0000 v13=0.0006 grl=0.8583 v15=0.0000 v15r=0.0000 v16=0.0000 v17=0.0000 v18=0.0000 acc=0.9875 lr=2.71e-04 lambda=0.000 grl_lambda=0.809 v18_lambda=0.000 gpu=3.0/11.8GB
[19:41:19] [train] ep=23 step=030/40 ce=0.5076 sc=0.8118 mi=0.0673 dn=0.0000 v13=0.0006 grl=0.8759 v15=0.0000 v15r=0.0000 v16=0.0000 v17=0.0000 v18=0.0000 acc=0.9875 lr=2.70e-04 lambda=0.000 grl_lambda=0.813 v18_lambda=0.000 gpu=3.0/11.8GB
[19:41:25] [train] ep=23 step=040/40 ce=0.5540 sc=0.8364 mi=0.0681 dn=0.0000 v13=0.0006 grl=0.8581 v15=0.0000 v15r=0.0000 v16=0.0000 v17=0.0000 v18=0.0000 acc=0.9828 lr=2.70e-04 lambda=0.000 grl_lambda=0.817 v18_lambda=0.000 gpu=3.0/11.8GB
[19:41:36] [ep_summary] ep=23/100 val_live=0.9815/0.9817 val_ema=0.7222/0.6812 test77_live=0.7986/0.7926 test77_diag_ema=0.1619/0.0683 v13=0.0006 grl=0.8581 v15=0.0000 v15r=0.0000 v16=0.0000 v17=0.0000 v18=0.0000 das=stage2[10,50] p=0.70 ep_time=34.5s
[19:41:36] [save] best_sourceval_ema val_acc_ema=0.7222 source_val_live=0.9815/0.9817 source_val_ema=0.7222/0.6812 ep=23
[19:41:36] [train] epoch 24/100 steps=40 use_dann=0 das=stage2 f=[10.0,50.0] p=0.70 gpu=3.0/11.8GB
[19:41:36] [train] ep=24 step=001/40 ce=0.2806 sc=0.7643 mi=0.0625 dn=0.0000 v13=0.0003 grl=0.8806 v15=0.0000 v15r=0.0000 v16=0.0000 v17=0.0000 v18=0.0000 acc=1.0000 lr=2.70e-04 lambda=0.000 grl_lambda=0.818 v18_lambda=0.000 gpu=3.0/11.8GB
[19:41:42] [train] ep=24 step=010/40 ce=0.4731 sc=0.8018 mi=0.0665 dn=0.0000 v13=0.0006 grl=0.9041 v15=0.0000 v15r=0.0000 v16=0.0000 v17=0.0000 v18=0.0000 acc=0.9875 lr=2.69e-04 lambda=0.000 grl_lambda=0.821 v18_lambda=0.000 gpu=3.0/11.8GB
[19:41:48] [train] ep=24 step=020/40 ce=0.4446 sc=0.7977 mi=0.0665 dn=0.0000 v13=0.0006 grl=0.8671 v15=0.0000 v15r=0.0000 v16=0.0000 v17=0.0000 v18=0.0000 acc=0.9906 lr=2.68e-04 lambda=0.000 grl_lambda=0.825 v18_lambda=0.000 gpu=3.0/11.8GB
[19:41:54] [train] ep=24 step=030/40 ce=0.5297 sc=0.8585 mi=0.0661 dn=0.0000 v13=0.0006 grl=0.8565 v15=0.0000 v15r=0.0000 v16=0.0000 v17=0.0000 v18=0.0000 acc=0.9833 lr=2.67e-04 lambda=0.000 grl_lambda=0.829 v18_lambda=0.000 gpu=3.0/11.8GB
[19:42:00] [train] ep=24 step=040/40 ce=0.4891 sc=0.8595 mi=0.0666 dn=0.0000 v13=0.0006 grl=0.8503 v15=0.0000 v15r=0.0000 v16=0.0000 v17=0.0000 v18=0.0000 acc=0.9875 lr=2.67e-04 lambda=0.000 grl_lambda=0.833 v18_lambda=0.000 gpu=3.0/11.8GB
[19:42:10] [ep_summary] ep=24/100 val_live=0.9568/0.9571 val_ema=0.7407/0.6970 test77_live=0.7626/0.7436 test77_diag_ema=0.1655/0.0702 v13=0.0006 grl=0.8503 v15=0.0000 v15r=0.0000 v16=0.0000 v17=0.0000 v18=0.0000 das=stage2[10,50] p=0.70 ep_time=34.2s
[19:42:10] [save] best_sourceval_ema val_acc_ema=0.7407 source_val_live=0.9568/0.9571 source_val_ema=0.7407/0.6970 ep=24
[19:42:10] [train] epoch 25/100 steps=40 use_dann=0 das=stage3 f=[12.0,95.0] p=1.00 gpu=3.0/11.8GB
[19:42:11] [train] ep=25 step=001/40 ce=0.8562 sc=1.1776 mi=0.0758 dn=0.0000 v13=0.0008 grl=1.1409 v15=0.0000 v15r=0.0000 v16=0.0000 v17=0.0000 v18=0.0000 acc=0.9375 lr=2.67e-04 lambda=0.000 grl_lambda=0.834 v18_lambda=0.000 gpu=3.0/11.8GB
[19:42:16] [train] ep=25 step=010/40 ce=0.7767 sc=0.9889 mi=0.0770 dn=0.0000 v13=0.0008 grl=1.4685 v15=0.0000 v15r=0.0000 v16=0.0000 v17=0.0000 v18=0.0000 acc=0.9625 lr=2.66e-04 lambda=0.000 grl_lambda=0.837 v18_lambda=0.000 gpu=3.0/11.8GB
[19:42:22] [train] ep=25 step=020/40 ce=0.6808 sc=0.9440 mi=0.0757 dn=0.0000 v13=0.0008 grl=1.3658 v15=0.0000 v15r=0.0000 v16=0.0000 v17=0.0000 v18=0.0000 acc=0.9719 lr=2.65e-04 lambda=0.000 grl_lambda=0.841 v18_lambda=0.000 gpu=3.0/11.8GB
[19:42:28] [train] ep=25 step=030/40 ce=0.6426 sc=0.8965 mi=0.0729 dn=0.0000 v13=0.0009 grl=1.2784 v15=0.0000 v15r=0.0000 v16=0.0000 v17=0.0000 v18=0.0000 acc=0.9729 lr=2.64e-04 lambda=0.000 grl_lambda=0.844 v18_lambda=0.000 gpu=3.0/11.8GB
[19:42:34] [train] ep=25 step=040/40 ce=0.6588 sc=0.8881 mi=0.0719 dn=0.0000 v13=0.0009 grl=1.2265 v15=0.0000 v15r=0.0000 v16=0.0000 v17=0.0000 v18=0.0000 acc=0.9750 lr=2.64e-04 lambda=0.000 grl_lambda=0.848 v18_lambda=0.000 gpu=3.0/11.8GB
[19:42:44] [ep_summary] ep=25/100 val_live=0.9753/0.9756 val_ema=0.7593/0.7221 test77_live=0.8237/0.8171 test77_diag_ema=0.1799/0.0892 v13=0.0009 grl=1.2265 v15=0.0000 v15r=0.0000 v16=0.0000 v17=0.0000 v18=0.0000 das=stage3[12,95] p=1.00 ep_time=34.1s
[19:42:44] [save] best_sourceval_ema val_acc_ema=0.7593 source_val_live=0.9753/0.9756 source_val_ema=0.7593/0.7221 ep=25
[19:42:44] [train] epoch 26/100 steps=40 use_dann=0 das=stage3 f=[12.0,95.0] p=1.00 gpu=3.0/11.8GB
[19:42:45] [train] ep=26 step=001/40 ce=0.2742 sc=0.7743 mi=0.0645 dn=0.0000 v13=0.0007 grl=1.0216 v15=0.0000 v15r=0.0000 v16=0.0000 v17=0.0000 v18=0.0000 acc=1.0000 lr=2.64e-04 lambda=0.000 grl_lambda=0.848 v18_lambda=0.000 gpu=3.0/11.8GB
[19:42:52] [train] ep=26 step=010/40 ce=0.7529 sc=0.9542 mi=0.0714 dn=0.0000 v13=0.0008 grl=1.0817 v15=0.0000 v15r=0.0000 v16=0.0000 v17=0.0000 v18=0.0000 acc=0.9750 lr=2.63e-04 lambda=0.000 grl_lambda=0.851 v18_lambda=0.000 gpu=3.0/11.8GB
[19:42:58] [train] ep=26 step=020/40 ce=0.6916 sc=0.9448 mi=0.0688 dn=0.0000 v13=0.0009 grl=1.0990 v15=0.0000 v15r=0.0000 v16=0.0000 v17=0.0000 v18=0.0000 acc=0.9781 lr=2.62e-04 lambda=0.000 grl_lambda=0.855 v18_lambda=0.000 gpu=3.0/11.8GB
[19:43:04] [train] ep=26 step=030/40 ce=0.6555 sc=0.8735 mi=0.0703 dn=0.0000 v13=0.0008 grl=1.0915 v15=0.0000 v15r=0.0000 v16=0.0000 v17=0.0000 v18=0.0000 acc=0.9771 lr=2.61e-04 lambda=0.000 grl_lambda=0.858 v18_lambda=0.000 gpu=3.0/11.8GB
[19:43:10] [train] ep=26 step=040/40 ce=0.5893 sc=0.8477 mi=0.0711 dn=0.0000 v13=0.0008 grl=1.1004 v15=0.0000 v15r=0.0000 v16=0.0000 v17=0.0000 v18=0.0000 acc=0.9812 lr=2.60e-04 lambda=0.000 grl_lambda=0.861 v18_lambda=0.000 gpu=3.0/11.8GB
[19:43:20] [ep_summary] ep=26/100 val_live=0.9259/0.9212 val_ema=0.7716/0.7339 test77_live=0.7086/0.6674 test77_diag_ema=0.2014/0.1161 v13=0.0008 grl=1.1004 v15=0.0000 v15r=0.0000 v16=0.0000 v17=0.0000 v18=0.0000 das=stage3[12,95] p=1.00 ep_time=36.0s
[19:43:20] [save] best_sourceval_ema val_acc_ema=0.7716 source_val_live=0.9259/0.9212 source_val_ema=0.7716/0.7339 ep=26
[19:43:20] [train] epoch 27/100 steps=40 use_dann=0 das=stage3 f=[12.0,95.0] p=1.00 gpu=3.0/11.8GB
[19:43:21] [train] ep=27 step=001/40 ce=0.6035 sc=0.6712 mi=0.0624 dn=0.0000 v13=0.0013 grl=1.0752 v15=0.0000 v15r=0.0000 v16=0.0000 v17=0.0000 v18=0.0000 acc=1.0000 lr=2.60e-04 lambda=0.000 grl_lambda=0.862 v18_lambda=0.000 gpu=3.0/11.8GB
[19:43:26] [train] ep=27 step=010/40 ce=0.7145 sc=0.9529 mi=0.0723 dn=0.0000 v13=0.0008 grl=1.1020 v15=0.0000 v15r=0.0000 v16=0.0000 v17=0.0000 v18=0.0000 acc=0.9750 lr=2.60e-04 lambda=0.000 grl_lambda=0.865 v18_lambda=0.000 gpu=3.0/11.8GB
[19:43:32] [train] ep=27 step=020/40 ce=0.7670 sc=0.8972 mi=0.0719 dn=0.0000 v13=0.0007 grl=1.1095 v15=0.0000 v15r=0.0000 v16=0.0000 v17=0.0000 v18=0.0000 acc=0.9656 lr=2.59e-04 lambda=0.000 grl_lambda=0.868 v18_lambda=0.000 gpu=3.0/11.8GB
[19:43:38] [train] ep=27 step=030/40 ce=0.7088 sc=0.8916 mi=0.0711 dn=0.0000 v13=0.0008 grl=1.0985 v15=0.0000 v15r=0.0000 v16=0.0000 v17=0.0000 v18=0.0000 acc=0.9688 lr=2.58e-04 lambda=0.000 grl_lambda=0.871 v18_lambda=0.000 gpu=3.0/11.8GB
[19:43:44] [train] ep=27 step=040/40 ce=0.6811 sc=0.8876 mi=0.0710 dn=0.0000 v13=0.0008 grl=1.0977 v15=0.0000 v15r=0.0000 v16=0.0000 v17=0.0000 v18=0.0000 acc=0.9703 lr=2.57e-04 lambda=0.000 grl_lambda=0.874 v18_lambda=0.000 gpu=3.0/11.8GB
[19:43:55] [ep_summary] ep=27/100 val_live=0.9753/0.9756 val_ema=0.7963/0.7642 test77_live=0.7986/0.7951 test77_diag_ema=0.2374/0.1530 v13=0.0008 grl=1.0977 v15=0.0000 v15r=0.0000 v16=0.0000 v17=0.0000 v18=0.0000 das=stage3[12,95] p=1.00 ep_time=35.0s
[19:43:55] [save] best_sourceval_ema val_acc_ema=0.7963 source_val_live=0.9753/0.9756 source_val_ema=0.7963/0.7642 ep=27
[19:43:55] [train] epoch 28/100 steps=40 use_dann=0 das=stage3 f=[12.0,95.0] p=1.00 gpu=3.0/11.8GB
[19:43:56] [train] ep=28 step=001/40 ce=0.2787 sc=0.8622 mi=0.0705 dn=0.0000 v13=0.0007 grl=1.0121 v15=0.0000 v15r=0.0000 v16=0.0000 v17=0.0000 v18=0.0000 acc=1.0000 lr=2.57e-04 lambda=0.000 grl_lambda=0.874 v18_lambda=0.000 gpu=3.0/11.8GB
[19:44:01] [train] ep=28 step=010/40 ce=0.4147 sc=0.6731 mi=0.0675 dn=0.0000 v13=0.0010 grl=1.0663 v15=0.0000 v15r=0.0000 v16=0.0000 v17=0.0000 v18=0.0000 acc=0.9938 lr=2.56e-04 lambda=0.000 grl_lambda=0.877 v18_lambda=0.000 gpu=3.0/11.8GB
[19:44:07] [train] ep=28 step=020/40 ce=0.4067 sc=0.7827 mi=0.0678 dn=0.0000 v13=0.0009 grl=1.0871 v15=0.0000 v15r=0.0000 v16=0.0000 v17=0.0000 v18=0.0000 acc=0.9938 lr=2.55e-04 lambda=0.000 grl_lambda=0.880 v18_lambda=0.000 gpu=3.0/11.8GB
[19:44:13] [train] ep=28 step=030/40 ce=0.4636 sc=0.8030 mi=0.0677 dn=0.0000 v13=0.0009 grl=1.0837 v15=0.0000 v15r=0.0000 v16=0.0000 v17=0.0000 v18=0.0000 acc=0.9875 lr=2.54e-04 lambda=0.000 grl_lambda=0.882 v18_lambda=0.000 gpu=3.0/11.8GB
[19:44:19] [train] ep=28 step=040/40 ce=0.4754 sc=0.8110 mi=0.0686 dn=0.0000 v13=0.0009 grl=1.0803 v15=0.0000 v15r=0.0000 v16=0.0000 v17=0.0000 v18=0.0000 acc=0.9859 lr=2.54e-04 lambda=0.000 grl_lambda=0.885 v18_lambda=0.000 gpu=3.0/11.8GB
[19:44:30] [ep_summary] ep=28/100 val_live=0.9506/0.9492 val_ema=0.8086/0.7835 test77_live=0.7626/0.7303 test77_diag_ema=0.2590/0.1756 v13=0.0009 grl=1.0803 v15=0.0000 v15r=0.0000 v16=0.0000 v17=0.0000 v18=0.0000 das=stage3[12,95] p=1.00 ep_time=34.4s
[19:44:30] [save] best_sourceval_ema val_acc_ema=0.8086 source_val_live=0.9506/0.9492 source_val_ema=0.8086/0.7835 ep=28
[19:44:30] [train] epoch 29/100 steps=40 use_dann=0 das=stage3 f=[12.0,95.0] p=1.00 gpu=3.0/11.8GB
[19:44:30] [train] ep=29 step=001/40 ce=0.2752 sc=1.0486 mi=0.0845 dn=0.0000 v13=0.0005 grl=1.1888 v15=0.0000 v15r=0.0000 v16=0.0000 v17=0.0000 v18=0.0000 acc=1.0000 lr=2.53e-04 lambda=0.000 grl_lambda=0.885 v18_lambda=0.000 gpu=3.0/11.8GB
[19:44:36] [train] ep=29 step=010/40 ce=0.5920 sc=0.9646 mi=0.0714 dn=0.0000 v13=0.0008 grl=1.1267 v15=0.0000 v15r=0.0000 v16=0.0000 v17=0.0000 v18=0.0000 acc=0.9875 lr=2.53e-04 lambda=0.000 grl_lambda=0.888 v18_lambda=0.000 gpu=3.0/11.8GB
[19:44:42] [train] ep=29 step=020/40 ce=0.5903 sc=0.8991 mi=0.0712 dn=0.0000 v13=0.0010 grl=1.0969 v15=0.0000 v15r=0.0000 v16=0.0000 v17=0.0000 v18=0.0000 acc=0.9812 lr=2.52e-04 lambda=0.000 grl_lambda=0.890 v18_lambda=0.000 gpu=3.0/11.8GB
[19:44:48] [train] ep=29 step=030/40 ce=0.5888 sc=0.9128 mi=0.0721 dn=0.0000 v13=0.0009 grl=1.0878 v15=0.0000 v15r=0.0000 v16=0.0000 v17=0.0000 v18=0.0000 acc=0.9792 lr=2.51e-04 lambda=0.000 grl_lambda=0.893 v18_lambda=0.000 gpu=3.0/11.8GB
[19:44:54] [train] ep=29 step=040/40 ce=0.5180 sc=0.8630 mi=0.0720 dn=0.0000 v13=0.0009 grl=1.0924 v15=0.0000 v15r=0.0000 v16=0.0000 v17=0.0000 v18=0.0000 acc=0.9844 lr=2.50e-04 lambda=0.000 grl_lambda=0.895 v18_lambda=0.000 gpu=3.0/11.8GB
[19:45:04] [ep_summary] ep=29/100 val_live=0.9444/0.9437 val_ema=0.8457/0.8297 test77_live=0.7986/0.7696 test77_diag_ema=0.2878/0.2073 v13=0.0009 grl=1.0924 v15=0.0000 v15r=0.0000 v16=0.0000 v17=0.0000 v18=0.0000 das=stage3[12,95] p=1.00 ep_time=34.5s
[19:45:04] [save] best_sourceval_ema val_acc_ema=0.8457 source_val_live=0.9444/0.9437 source_val_ema=0.8457/0.8297 ep=29
[19:45:04] [train] epoch 30/100 steps=40 use_dann=0 das=stage3 f=[12.0,95.0] p=1.00 gpu=3.0/11.8GB
[19:45:05] [train] ep=30 step=001/40 ce=1.3727 sc=1.5011 mi=0.0675 dn=0.0000 v13=0.0008 grl=1.0717 v15=0.0000 v15r=0.0000 v16=0.0000 v17=0.0000 v18=0.0000 acc=0.9375 lr=2.50e-04 lambda=0.000 grl_lambda=0.896 v18_lambda=0.000 gpu=3.0/11.8GB
[19:45:11] [train] ep=30 step=010/40 ce=0.4419 sc=0.8483 mi=0.0673 dn=0.0000 v13=0.0008 grl=1.0530 v15=0.0000 v15r=0.0000 v16=0.0000 v17=0.0000 v18=0.0000 acc=0.9938 lr=2.49e-04 lambda=0.000 grl_lambda=0.898 v18_lambda=0.000 gpu=3.0/11.8GB
[19:45:16] [train] ep=30 step=020/40 ce=0.4419 sc=0.8008 mi=0.0681 dn=0.0000 v13=0.0008 grl=1.0716 v15=0.0000 v15r=0.0000 v16=0.0000 v17=0.0000 v18=0.0000 acc=0.9906 lr=2.48e-04 lambda=0.000 grl_lambda=0.900 v18_lambda=0.000 gpu=3.0/11.8GB
[19:45:22] [train] ep=30 step=030/40 ce=0.4262 sc=0.8385 mi=0.0685 dn=0.0000 v13=0.0008 grl=1.0789 v15=0.0000 v15r=0.0000 v16=0.0000 v17=0.0000 v18=0.0000 acc=0.9917 lr=2.47e-04 lambda=0.000 grl_lambda=0.903 v18_lambda=0.000 gpu=3.0/11.8GB
[19:45:28] [train] ep=30 step=040/40 ce=0.4022 sc=0.7870 mi=0.0697 dn=0.0000 v13=0.0008 grl=1.0806 v15=0.0000 v15r=0.0000 v16=0.0000 v17=0.0000 v18=0.0000 acc=0.9938 lr=2.46e-04 lambda=0.000 grl_lambda=0.905 v18_lambda=0.000 gpu=3.0/11.8GB
[19:45:39] [pool] check ep=030/100 source_val_acc_ema=0.8519 threshold=0.90
[19:45:39] [pool] ep=030 SKIP (source_val_acc_ema=0.8519 < 0.90)
[19:45:41] [ep_summary] ep=30/100 val_live=0.9506/0.9501 val_ema=0.8519/0.8342 test77_live=0.7806/0.7514 test77_diag_ema=0.3237/0.2401 v13=0.0008 grl=1.0806 v15=0.0000 v15r=0.0000 v16=0.0000 v17=0.0000 v18=0.0000 das=stage3[12,95] p=1.00 ep_time=36.8s
[19:45:41] [save] best_sourceval_ema val_acc_ema=0.8519 source_val_live=0.9506/0.9501 source_val_ema=0.8519/0.8342 ep=30
[19:45:41] [strict77_monitor] ep=30 best_source_epoch=30 source_val_ema=0.8519/0.8342 test77_ema_diag=0.3237/0.2401 sourcequalified_count=0
[19:45:41] [train] epoch 31/100 steps=40 use_dann=0 das=stage3 f=[12.0,95.0] p=1.00 gpu=3.0/11.8GB
[19:45:42] [train] ep=31 step=001/40 ce=0.2749 sc=1.0363 mi=0.0585 dn=0.0000 v13=0.0012 grl=1.0858 v15=0.0000 v15r=0.0000 v16=0.0000 v17=0.0000 v18=0.0000 acc=1.0000 lr=2.46e-04 lambda=0.000 grl_lambda=0.905 v18_lambda=0.000 gpu=3.0/11.8GB
[19:45:47] [train] ep=31 step=010/40 ce=0.2847 sc=0.7912 mi=0.0704 dn=0.0000 v13=0.0007 grl=1.0939 v15=0.0000 v15r=0.0000 v16=0.0000 v17=0.0000 v18=0.0000 acc=1.0000 lr=2.45e-04 lambda=0.000 grl_lambda=0.907 v18_lambda=0.000 gpu=3.0/11.8GB
[19:45:53] [train] ep=31 step=020/40 ce=0.3570 sc=0.7626 mi=0.0699 dn=0.0000 v13=0.0007 grl=1.0832 v15=0.0000 v15r=0.0000 v16=0.0000 v17=0.0000 v18=0.0000 acc=0.9938 lr=2.44e-04 lambda=0.000 grl_lambda=0.909 v18_lambda=0.000 gpu=3.0/11.8GB
[19:45:59] [train] ep=31 step=030/40 ce=0.3427 sc=0.7816 mi=0.0699 dn=0.0000 v13=0.0008 grl=1.0812 v15=0.0000 v15r=0.0000 v16=0.0000 v17=0.0000 v18=0.0000 acc=0.9958 lr=2.43e-04 lambda=0.000 grl_lambda=0.911 v18_lambda=0.000 gpu=3.0/11.8GB
[19:46:05] [train] ep=31 step=040/40 ce=0.3693 sc=0.7763 mi=0.0704 dn=0.0000 v13=0.0008 grl=1.0848 v15=0.0000 v15r=0.0000 v16=0.0000 v17=0.0000 v18=0.0000 acc=0.9938 lr=2.43e-04 lambda=0.000 grl_lambda=0.914 v18_lambda=0.000 gpu=3.0/11.8GB
[19:46:42] [ep_summary] ep=31/100 val_live=0.9568/0.9559 val_ema=0.8704/0.8551 test77_live=0.7446/0.7294 test77_diag_ema=0.3453/0.2633 v13=0.0008 grl=1.0848 v15=0.0000 v15r=0.0000 v16=0.0000 v17=0.0000 v18=0.0000 das=stage3[12,95] p=1.00 ep_time=60.5s
[19:46:49] [save] best_sourceval_ema val_acc_ema=0.8704 source_val_live=0.9568/0.9559 source_val_ema=0.8704/0.8551 ep=31
[19:46:49] [train] epoch 32/100 steps=40 use_dann=0 das=stage3 f=[12.0,95.0] p=1.00 gpu=3.0/11.8GB
[19:46:50] [train] ep=32 step=001/40 ce=0.2664 sc=0.8451 mi=0.0689 dn=0.0000 v13=0.0005 grl=1.0332 v15=0.0000 v15r=0.0000 v16=0.0000 v17=0.0000 v18=0.0000 acc=1.0000 lr=2.42e-04 lambda=0.000 grl_lambda=0.914 v18_lambda=0.000 gpu=3.0/11.8GB
[19:46:55] [train] ep=32 step=010/40 ce=0.4601 sc=0.7147 mi=0.0640 dn=0.0000 v13=0.0006 grl=1.0959 v15=0.0000 v15r=0.0000 v16=0.0000 v17=0.0000 v18=0.0000 acc=0.9812 lr=2.42e-04 lambda=0.000 grl_lambda=0.916 v18_lambda=0.000 gpu=3.0/11.8GB
[19:47:01] [train] ep=32 step=020/40 ce=0.4928 sc=0.7473 mi=0.0667 dn=0.0000 v13=0.0007 grl=1.0984 v15=0.0000 v15r=0.0000 v16=0.0000 v17=0.0000 v18=0.0000 acc=0.9812 lr=2.41e-04 lambda=0.000 grl_lambda=0.918 v18_lambda=0.000 gpu=3.0/11.8GB
[19:47:07] [train] ep=32 step=030/40 ce=0.5577 sc=0.8392 mi=0.0671 dn=0.0000 v13=0.0008 grl=1.0979 v15=0.0000 v15r=0.0000 v16=0.0000 v17=0.0000 v18=0.0000 acc=0.9792 lr=2.40e-04 lambda=0.000 grl_lambda=0.920 v18_lambda=0.000 gpu=3.0/11.8GB
[19:47:13] [train] ep=32 step=040/40 ce=0.5467 sc=0.8439 mi=0.0675 dn=0.0000 v13=0.0007 grl=1.0944 v15=0.0000 v15r=0.0000 v16=0.0000 v17=0.0000 v18=0.0000 acc=0.9797 lr=2.39e-04 lambda=0.000 grl_lambda=0.921 v18_lambda=0.000 gpu=3.0/11.8GB
[19:47:23] [ep_summary] ep=32/100 val_live=0.9815/0.9818 val_ema=0.8889/0.8796 test77_live=0.7518/0.7151 test77_diag_ema=0.3885/0.3154 v13=0.0007 grl=1.0944 v15=0.0000 v15r=0.0000 v16=0.0000 v17=0.0000 v18=0.0000 das=stage3[12,95] p=1.00 ep_time=34.2s
[19:47:23] [save] best_sourceval_ema val_acc_ema=0.8889 source_val_live=0.9815/0.9818 source_val_ema=0.8889/0.8796 ep=32
[19:47:23] [train] epoch 33/100 steps=40 use_dann=0 das=stage3 f=[12.0,95.0] p=1.00 gpu=3.0/11.8GB
[19:47:24] [train] ep=33 step=001/40 ce=0.7296 sc=1.2807 mi=0.0654 dn=0.0000 v13=0.0007 grl=1.0673 v15=0.0000 v15r=0.0000 v16=0.0000 v17=0.0000 v18=0.0000 acc=0.9375 lr=2.39e-04 lambda=0.000 grl_lambda=0.922 v18_lambda=0.000 gpu=3.0/11.8GB
[19:47:29] [train] ep=33 step=010/40 ce=0.5157 sc=0.8952 mi=0.0688 dn=0.0000 v13=0.0009 grl=1.0919 v15=0.0000 v15r=0.0000 v16=0.0000 v17=0.0000 v18=0.0000 acc=0.9812 lr=2.38e-04 lambda=0.000 grl_lambda=0.923 v18_lambda=0.000 gpu=3.0/11.8GB
[19:47:35] [train] ep=33 step=020/40 ce=0.4837 sc=0.8871 mi=0.0678 dn=0.0000 v13=0.0008 grl=1.0897 v15=0.0000 v15r=0.0000 v16=0.0000 v17=0.0000 v18=0.0000 acc=0.9844 lr=2.37e-04 lambda=0.000 grl_lambda=0.925 v18_lambda=0.000 gpu=3.0/11.8GB
[19:47:41] [train] ep=33 step=030/40 ce=0.4791 sc=0.8822 mi=0.0681 dn=0.0000 v13=0.0008 grl=1.0793 v15=0.0000 v15r=0.0000 v16=0.0000 v17=0.0000 v18=0.0000 acc=0.9854 lr=2.36e-04 lambda=0.000 grl_lambda=0.927 v18_lambda=0.000 gpu=3.0/11.8GB
[19:47:47] [train] ep=33 step=040/40 ce=0.4620 sc=0.8957 mi=0.0678 dn=0.0000 v13=0.0008 grl=1.0852 v15=0.0000 v15r=0.0000 v16=0.0000 v17=0.0000 v18=0.0000 acc=0.9875 lr=2.35e-04 lambda=0.000 grl_lambda=0.929 v18_lambda=0.000 gpu=3.0/11.8GB
[19:48:24] [ep_summary] ep=33/100 val_live=0.9568/0.9562 val_ema=0.8951/0.8895 test77_live=0.8201/0.8165 test77_diag_ema=0.4137/0.3492 v13=0.0008 grl=1.0852 v15=0.0000 v15r=0.0000 v16=0.0000 v17=0.0000 v18=0.0000 das=stage3[12,95] p=1.00 ep_time=61.2s
[19:48:34] [save] best_sourceval_ema val_acc_ema=0.8951 source_val_live=0.9568/0.9562 source_val_ema=0.8951/0.8895 ep=33
[19:48:34] [train] epoch 34/100 steps=40 use_dann=0 das=stage3 f=[12.0,95.0] p=1.00 gpu=3.0/11.8GB
[19:48:36] [train] ep=34 step=001/40 ce=1.1929 sc=1.2410 mi=0.0588 dn=0.0000 v13=0.0004 grl=1.0910 v15=0.0000 v15r=0.0000 v16=0.0000 v17=0.0000 v18=0.0000 acc=0.9375 lr=2.35e-04 lambda=0.000 grl_lambda=0.929 v18_lambda=0.000 gpu=3.0/11.8GB
[19:48:41] [train] ep=34 step=010/40 ce=0.4016 sc=0.7742 mi=0.0704 dn=0.0000 v13=0.0008 grl=1.1040 v15=0.0000 v15r=0.0000 v16=0.0000 v17=0.0000 v18=0.0000 acc=0.9938 lr=2.34e-04 lambda=0.000 grl_lambda=0.930 v18_lambda=0.000 gpu=3.0/11.8GB
[19:48:47] [train] ep=34 step=020/40 ce=0.3927 sc=0.7802 mi=0.0695 dn=0.0000 v13=0.0007 grl=1.0908 v15=0.0000 v15r=0.0000 v16=0.0000 v17=0.0000 v18=0.0000 acc=0.9938 lr=2.33e-04 lambda=0.000 grl_lambda=0.932 v18_lambda=0.000 gpu=3.0/11.8GB
[19:48:53] [train] ep=34 step=030/40 ce=0.4039 sc=0.7671 mi=0.0689 dn=0.0000 v13=0.0007 grl=1.0886 v15=0.0000 v15r=0.0000 v16=0.0000 v17=0.0000 v18=0.0000 acc=0.9917 lr=2.32e-04 lambda=0.000 grl_lambda=0.934 v18_lambda=0.000 gpu=3.0/11.8GB
[19:48:59] [train] ep=34 step=040/40 ce=0.3884 sc=0.7889 mi=0.0682 dn=0.0000 v13=0.0007 grl=1.0955 v15=0.0000 v15r=0.0000 v16=0.0000 v17=0.0000 v18=0.0000 acc=0.9938 lr=2.31e-04 lambda=0.000 grl_lambda=0.935 v18_lambda=0.000 gpu=3.0/11.8GB
[19:49:10] [ep_summary] ep=34/100 val_live=0.9383/0.9369 val_ema=0.9074/0.9052 test77_live=0.7842/0.7768 test77_diag_ema=0.4532/0.3983 v13=0.0007 grl=1.0955 v15=0.0000 v15r=0.0000 v16=0.0000 v17=0.0000 v18=0.0000 das=stage3[12,95] p=1.00 ep_time=36.4s
[19:49:10] [save] best_sourceval_ema val_acc_ema=0.9074 source_val_live=0.9383/0.9369 source_val_ema=0.9074/0.9052 ep=34
[19:49:10] [save] best_sourcequalified77_ema ep=34 source_val_live=0.9383/0.9369 source_val_ema=0.9074/0.9052 test77_ema=0.4532/0.3983
[19:49:10] [train] epoch 35/100 steps=40 use_dann=0 das=stage3 f=[12.0,95.0] p=1.00 gpu=3.0/11.8GB
[19:49:11] [train] ep=35 step=001/40 ce=0.6969 sc=0.7219 mi=0.0649 dn=0.0000 v13=0.0003 grl=1.1216 v15=0.0000 v15r=0.0000 v16=0.0000 v17=0.0000 v18=0.0000 acc=1.0000 lr=2.31e-04 lambda=0.000 grl_lambda=0.935 v18_lambda=0.000 gpu=3.0/11.8GB
[19:49:16] [train] ep=35 step=010/40 ce=0.3892 sc=0.6752 mi=0.0719 dn=0.0000 v13=0.0006 grl=1.0987 v15=0.0000 v15r=0.0000 v16=0.0000 v17=0.0000 v18=0.0000 acc=0.9938 lr=2.30e-04 lambda=0.000 grl_lambda=0.937 v18_lambda=0.000 gpu=3.0/11.8GB
[19:49:22] [train] ep=35 step=020/40 ce=0.4107 sc=0.7126 mi=0.0706 dn=0.0000 v13=0.0007 grl=1.0966 v15=0.0000 v15r=0.0000 v16=0.0000 v17=0.0000 v18=0.0000 acc=0.9875 lr=2.29e-04 lambda=0.000 grl_lambda=0.938 v18_lambda=0.000 gpu=3.0/11.8GB
[19:49:28] [train] ep=35 step=030/40 ce=0.4038 sc=0.7618 mi=0.0703 dn=0.0000 v13=0.0007 grl=1.0976 v15=0.0000 v15r=0.0000 v16=0.0000 v17=0.0000 v18=0.0000 acc=0.9875 lr=2.28e-04 lambda=0.000 grl_lambda=0.940 v18_lambda=0.000 gpu=3.0/11.8GB
[19:49:34] [train] ep=35 step=040/40 ce=0.4320 sc=0.8166 mi=0.0699 dn=0.0000 v13=0.0007 grl=1.0930 v15=0.0000 v15r=0.0000 v16=0.0000 v17=0.0000 v18=0.0000 acc=0.9859 lr=2.27e-04 lambda=0.000 grl_lambda=0.941 v18_lambda=0.000 gpu=3.0/11.8GB
[19:49:45] [ep_summary] ep=35/100 val_live=0.9383/0.9361 val_ema=0.9198/0.9205 test77_live=0.7374/0.7321 test77_diag_ema=0.4964/0.4433 v13=0.0007 grl=1.0930 v15=0.0000 v15r=0.0000 v16=0.0000 v17=0.0000 v18=0.0000 das=stage3[12,95] p=1.00 ep_time=34.8s
[19:49:45] [save] best_sourceval_ema val_acc_ema=0.9198 source_val_live=0.9383/0.9361 source_val_ema=0.9198/0.9205 ep=35
[19:49:45] [save] best_sourcequalified77_ema ep=35 source_val_live=0.9383/0.9361 source_val_ema=0.9198/0.9205 test77_ema=0.4964/0.4433
[19:49:45] [train] epoch 36/100 steps=40 use_dann=0 das=stage3 f=[12.0,95.0] p=1.00 gpu=3.0/11.8GB
[19:49:46] [train] ep=36 step=001/40 ce=0.2662 sc=1.2312 mi=0.0627 dn=0.0000 v13=0.0007 grl=1.1070 v15=0.0000 v15r=0.0000 v16=0.0000 v17=0.0000 v18=0.0000 acc=1.0000 lr=2.26e-04 lambda=0.000 grl_lambda=0.941 v18_lambda=0.000 gpu=3.0/11.8GB
[19:49:51] [train] ep=36 step=010/40 ce=0.4293 sc=0.8604 mi=0.0655 dn=0.0000 v13=0.0008 grl=1.0922 v15=0.0000 v15r=0.0000 v16=0.0000 v17=0.0000 v18=0.0000 acc=0.9812 lr=2.25e-04 lambda=0.000 grl_lambda=0.943 v18_lambda=0.000 gpu=3.0/11.8GB
[19:49:57] [train] ep=36 step=020/40 ce=0.5053 sc=0.8520 mi=0.0649 dn=0.0000 v13=0.0008 grl=1.0983 v15=0.0000 v15r=0.0000 v16=0.0000 v17=0.0000 v18=0.0000 acc=0.9812 lr=2.24e-04 lambda=0.000 grl_lambda=0.944 v18_lambda=0.000 gpu=3.0/11.8GB
[19:50:03] [train] ep=36 step=030/40 ce=0.4762 sc=0.8288 mi=0.0652 dn=0.0000 v13=0.0008 grl=1.0985 v15=0.0000 v15r=0.0000 v16=0.0000 v17=0.0000 v18=0.0000 acc=0.9833 lr=2.23e-04 lambda=0.000 grl_lambda=0.945 v18_lambda=0.000 gpu=3.0/11.8GB
[19:50:09] [train] ep=36 step=040/40 ce=0.4620 sc=0.8190 mi=0.0656 dn=0.0000 v13=0.0008 grl=1.1001 v15=0.0000 v15r=0.0000 v16=0.0000 v17=0.0000 v18=0.0000 acc=0.9844 lr=2.22e-04 lambda=0.000 grl_lambda=0.947 v18_lambda=0.000 gpu=3.0/11.8GB
[19:50:23] [ep_summary] ep=36/100 val_live=0.9630/0.9634 val_ema=0.9383/0.9391 test77_live=0.7914/0.7855 test77_diag_ema=0.5612/0.4998 v13=0.0008 grl=1.1001 v15=0.0000 v15r=0.0000 v16=0.0000 v17=0.0000 v18=0.0000 das=stage3[12,95] p=1.00 ep_time=38.1s
[19:50:23] [save] best_sourceval_ema val_acc_ema=0.9383 source_val_live=0.9630/0.9634 source_val_ema=0.9383/0.9391 ep=36
[19:50:23] [save] best_sourcequalified77_ema ep=36 source_val_live=0.9630/0.9634 source_val_ema=0.9383/0.9391 test77_ema=0.5612/0.4998
[19:50:23] [train] epoch 37/100 steps=40 use_dann=0 das=stage3 f=[12.0,95.0] p=1.00 gpu=3.0/11.8GB
[19:50:24] [train] ep=37 step=001/40 ce=0.2951 sc=0.7398 mi=0.0707 dn=0.0000 v13=0.0007 grl=1.0984 v15=0.0000 v15r=0.0000 v16=0.0000 v17=0.0000 v18=0.0000 acc=1.0000 lr=2.22e-04 lambda=0.000 grl_lambda=0.947 v18_lambda=0.000 gpu=3.0/11.8GB
[19:50:29] [train] ep=37 step=010/40 ce=0.3438 sc=0.7457 mi=0.0685 dn=0.0000 v13=0.0007 grl=1.0956 v15=0.0000 v15r=0.0000 v16=0.0000 v17=0.0000 v18=0.0000 acc=0.9938 lr=2.21e-04 lambda=0.000 grl_lambda=0.948 v18_lambda=0.000 gpu=3.0/11.8GB
[19:50:35] [train] ep=37 step=020/40 ce=0.4577 sc=0.8537 mi=0.0676 dn=0.0000 v13=0.0007 grl=1.0976 v15=0.0000 v15r=0.0000 v16=0.0000 v17=0.0000 v18=0.0000 acc=0.9875 lr=2.20e-04 lambda=0.000 grl_lambda=0.949 v18_lambda=0.000 gpu=3.0/11.8GB
[19:50:41] [train] ep=37 step=030/40 ce=0.4431 sc=0.8448 mi=0.0679 dn=0.0000 v13=0.0007 grl=1.0948 v15=0.0000 v15r=0.0000 v16=0.0000 v17=0.0000 v18=0.0000 acc=0.9875 lr=2.19e-04 lambda=0.000 grl_lambda=0.950 v18_lambda=0.000 gpu=3.0/11.8GB
[19:50:47] [train] ep=37 step=040/40 ce=0.4237 sc=0.8566 mi=0.0683 dn=0.0000 v13=0.0007 grl=1.0938 v15=0.0000 v15r=0.0000 v16=0.0000 v17=0.0000 v18=0.0000 acc=0.9891 lr=2.18e-04 lambda=0.000 grl_lambda=0.952 v18_lambda=0.000 gpu=3.0/11.8GB
[19:50:58] [ep_summary] ep=37/100 val_live=0.9630/0.9631 val_ema=0.9444/0.9453 test77_live=0.8237/0.8178 test77_diag_ema=0.5899/0.5221 v13=0.0007 grl=1.0938 v15=0.0000 v15r=0.0000 v16=0.0000 v17=0.0000 v18=0.0000 das=stage3[12,95] p=1.00 ep_time=34.8s
[19:50:58] [save] best_sourceval_ema val_acc_ema=0.9444 source_val_live=0.9630/0.9631 source_val_ema=0.9444/0.9453 ep=37
[19:50:58] [save] best_sourcequalified77_ema ep=37 source_val_live=0.9630/0.9631 source_val_ema=0.9444/0.9453 test77_ema=0.5899/0.5221
[19:50:58] [train] epoch 38/100 steps=40 use_dann=0 das=stage3 f=[12.0,95.0] p=1.00 gpu=3.0/11.8GB
[19:50:59] [train] ep=38 step=001/40 ce=0.2647 sc=1.3278 mi=0.0595 dn=0.0000 v13=0.0008 grl=1.0891 v15=0.0000 v15r=0.0000 v16=0.0000 v17=0.0000 v18=0.0000 acc=1.0000 lr=2.18e-04 lambda=0.000 grl_lambda=0.952 v18_lambda=0.000 gpu=3.0/11.8GB
[19:51:04] [train] ep=38 step=010/40 ce=0.3525 sc=0.8240 mi=0.0656 dn=0.0000 v13=0.0006 grl=1.1002 v15=0.0000 v15r=0.0000 v16=0.0000 v17=0.0000 v18=0.0000 acc=0.9938 lr=2.17e-04 lambda=0.000 grl_lambda=0.953 v18_lambda=0.000 gpu=3.0/11.8GB
[19:51:10] [train] ep=38 step=020/40 ce=0.3692 sc=0.7582 mi=0.0656 dn=0.0000 v13=0.0006 grl=1.1025 v15=0.0000 v15r=0.0000 v16=0.0000 v17=0.0000 v18=0.0000 acc=0.9906 lr=2.16e-04 lambda=0.000 grl_lambda=0.954 v18_lambda=0.000 gpu=3.0/11.8GB
[19:51:16] [train] ep=38 step=030/40 ce=0.3355 sc=0.7809 mi=0.0653 dn=0.0000 v13=0.0006 grl=1.1043 v15=0.0000 v15r=0.0000 v16=0.0000 v17=0.0000 v18=0.0000 acc=0.9938 lr=2.15e-04 lambda=0.000 grl_lambda=0.955 v18_lambda=0.000 gpu=3.0/11.8GB
[19:51:22] [train] ep=38 step=040/40 ce=0.3337 sc=0.8018 mi=0.0653 dn=0.0000 v13=0.0006 grl=1.1015 v15=0.0000 v15r=0.0000 v16=0.0000 v17=0.0000 v18=0.0000 acc=0.9938 lr=2.14e-04 lambda=0.000 grl_lambda=0.956 v18_lambda=0.000 gpu=3.0/11.8GB
[19:51:35] [ep_summary] ep=38/100 val_live=0.9568/0.9571 val_ema=0.9630/0.9635 test77_live=0.7842/0.7817 test77_diag_ema=0.6223/0.5463 v13=0.0006 grl=1.1015 v15=0.0000 v15r=0.0000 v16=0.0000 v17=0.0000 v18=0.0000 das=stage3[12,95] p=1.00 ep_time=37.1s
[19:51:35] [save] best_sourceval_ema val_acc_ema=0.9630 source_val_live=0.9568/0.9571 source_val_ema=0.9630/0.9635 ep=38
[19:51:35] [save] best_sourcequalified77_ema ep=38 source_val_live=0.9568/0.9571 source_val_ema=0.9630/0.9635 test77_ema=0.6223/0.5463
[19:51:35] [train] epoch 39/100 steps=40 use_dann=0 das=stage3 f=[12.0,95.0] p=1.00 gpu=3.0/11.8GB
[19:51:36] [train] ep=39 step=001/40 ce=0.6755 sc=1.4062 mi=0.0790 dn=0.0000 v13=0.0008 grl=1.2210 v15=0.0000 v15r=0.0000 v16=0.0000 v17=0.0000 v18=0.0000 acc=0.9375 lr=2.14e-04 lambda=0.000 grl_lambda=0.956 v18_lambda=0.000 gpu=3.0/11.8GB
[19:51:41] [train] ep=39 step=010/40 ce=0.3616 sc=0.7999 mi=0.0660 dn=0.0000 v13=0.0007 grl=1.1120 v15=0.0000 v15r=0.0000 v16=0.0000 v17=0.0000 v18=0.0000 acc=0.9875 lr=2.13e-04 lambda=0.000 grl_lambda=0.957 v18_lambda=0.000 gpu=3.0/11.8GB
[19:51:47] [train] ep=39 step=020/40 ce=0.3500 sc=0.7823 mi=0.0663 dn=0.0000 v13=0.0007 grl=1.1135 v15=0.0000 v15r=0.0000 v16=0.0000 v17=0.0000 v18=0.0000 acc=0.9906 lr=2.11e-04 lambda=0.000 grl_lambda=0.958 v18_lambda=0.000 gpu=3.0/11.8GB
[19:51:53] [train] ep=39 step=030/40 ce=0.3240 sc=0.8168 mi=0.0664 dn=0.0000 v13=0.0006 grl=1.1121 v15=0.0000 v15r=0.0000 v16=0.0000 v17=0.0000 v18=0.0000 acc=0.9938 lr=2.10e-04 lambda=0.000 grl_lambda=0.959 v18_lambda=0.000 gpu=3.0/11.8GB
[19:51:59] [train] ep=39 step=040/40 ce=0.3643 sc=0.8317 mi=0.0671 dn=0.0000 v13=0.0006 grl=1.1101 v15=0.0000 v15r=0.0000 v16=0.0000 v17=0.0000 v18=0.0000 acc=0.9906 lr=2.09e-04 lambda=0.000 grl_lambda=0.960 v18_lambda=0.000 gpu=3.0/11.8GB
[19:52:09] [ep_summary] ep=39/100 val_live=0.9630/0.9631 val_ema=0.9630/0.9635 test77_live=0.7338/0.7228 test77_diag_ema=0.6295/0.5502 v13=0.0006 grl=1.1101 v15=0.0000 v15r=0.0000 v16=0.0000 v17=0.0000 v18=0.0000 das=stage3[12,95] p=1.00 ep_time=34.2s
[19:52:09] [save] best_sourcequalified77_ema ep=39 source_val_live=0.9630/0.9631 source_val_ema=0.9630/0.9635 test77_ema=0.6295/0.5502
[19:52:09] [train] epoch 40/100 steps=40 use_dann=0 das=stage3 f=[12.0,95.0] p=1.00 gpu=3.0/11.8GB
[19:52:10] [train] ep=40 step=001/40 ce=0.2790 sc=0.8516 mi=0.0651 dn=0.0000 v13=0.0004 grl=1.1256 v15=0.0000 v15r=0.0000 v16=0.0000 v17=0.0000 v18=0.0000 acc=1.0000 lr=2.09e-04 lambda=0.000 grl_lambda=0.960 v18_lambda=0.000 gpu=3.0/11.8GB
[19:52:15] [train] ep=40 step=010/40 ce=0.3151 sc=0.7539 mi=0.0634 dn=0.0000 v13=0.0006 grl=1.0942 v15=0.0000 v15r=0.0000 v16=0.0000 v17=0.0000 v18=0.0000 acc=1.0000 lr=2.08e-04 lambda=0.000 grl_lambda=0.961 v18_lambda=0.000 gpu=3.0/11.8GB
[19:52:21] [train] ep=40 step=020/40 ce=0.3093 sc=0.6948 mi=0.0639 dn=0.0000 v13=0.0007 grl=1.0919 v15=0.0000 v15r=0.0000 v16=0.0000 v17=0.0000 v18=0.0000 acc=1.0000 lr=2.07e-04 lambda=0.000 grl_lambda=0.962 v18_lambda=0.000 gpu=3.0/11.8GB
[19:52:27] [train] ep=40 step=030/40 ce=0.3523 sc=0.7378 mi=0.0631 dn=0.0000 v13=0.0007 grl=1.0904 v15=0.0000 v15r=0.0000 v16=0.0000 v17=0.0000 v18=0.0000 acc=0.9958 lr=2.06e-04 lambda=0.000 grl_lambda=0.963 v18_lambda=0.000 gpu=3.0/11.8GB
[19:52:33] [train] ep=40 step=040/40 ce=0.3323 sc=0.7551 mi=0.0638 dn=0.0000 v13=0.0006 grl=1.0868 v15=0.0000 v15r=0.0000 v16=0.0000 v17=0.0000 v18=0.0000 acc=0.9969 lr=2.05e-04 lambda=0.000 grl_lambda=0.964 v18_lambda=0.000 gpu=3.0/11.8GB
[19:52:46] [pool] check ep=040/100 source_val_acc_ema=0.9630 threshold=0.90
[19:52:52] [pool] ep=040 ADDED src_val=0.9630/0.9635 dev77=0.6143/0.5433 final77=0.6475/0.5644
[19:52:52] [pool] running best ep=040 dev77_f1=0.5433 final77_f1=0.5644 (pool_size=1)
[19:52:52] [ep_summary] ep=40/100 val_live=0.9568/0.9567 val_ema=0.9630/0.9635 test77_live=0.7302/0.7273 test77_diag_ema=0.6475/0.5644 v13=0.0006 grl=1.0868 v15=0.0000 v15r=0.0000 v16=0.0000 v17=0.0000 v18=0.0000 das=stage3[12,95] p=1.00 ep_time=42.7s
[19:52:52] [save] best_sourcequalified77_ema ep=40 source_val_live=0.9568/0.9567 source_val_ema=0.9630/0.9635 test77_ema=0.6475/0.5644
[19:52:52] [strict77_monitor] ep=40 best_source_epoch=38 source_val_ema=0.9630/0.9635 test77_ema_diag=0.6223/0.5463 sourcequalified_count=7 best_sourcequalified77_epoch=40 source_val_ema=0.9630/0.9635 test77_ema=0.6475/0.5644
[19:52:52] [train] epoch 41/100 steps=40 use_dann=0 das=stage3 f=[12.0,95.0] p=1.00 gpu=3.0/11.8GB
[19:52:53] [train] ep=41 step=001/40 ce=0.2695 sc=0.9167 mi=0.0696 dn=0.0000 v13=0.0010 grl=1.1180 v15=0.0000 v15r=0.0000 v16=0.0000 v17=0.0000 v18=0.0000 acc=1.0000 lr=2.05e-04 lambda=0.000 grl_lambda=0.964 v18_lambda=0.000 gpu=3.0/11.8GB
[19:52:58] [train] ep=41 step=010/40 ce=0.2695 sc=0.9268 mi=0.0671 dn=0.0000 v13=0.0007 grl=1.0915 v15=0.0000 v15r=0.0000 v16=0.0000 v17=0.0000 v18=0.0000 acc=1.0000 lr=2.04e-04 lambda=0.000 grl_lambda=0.965 v18_lambda=0.000 gpu=3.0/11.8GB
[19:53:04] [train] ep=41 step=020/40 ce=0.2826 sc=0.8286 mi=0.0677 dn=0.0000 v13=0.0007 grl=1.0903 v15=0.0000 v15r=0.0000 v16=0.0000 v17=0.0000 v18=0.0000 acc=1.0000 lr=2.02e-04 lambda=0.000 grl_lambda=0.966 v18_lambda=0.000 gpu=3.0/11.8GB
[19:53:10] [train] ep=41 step=030/40 ce=0.2764 sc=0.8513 mi=0.0663 dn=0.0000 v13=0.0007 grl=1.0917 v15=0.0000 v15r=0.0000 v16=0.0000 v17=0.0000 v18=0.0000 acc=1.0000 lr=2.01e-04 lambda=0.000 grl_lambda=0.967 v18_lambda=0.000 gpu=3.0/11.8GB
[19:53:16] [train] ep=41 step=040/40 ce=0.2995 sc=0.8440 mi=0.0662 dn=0.0000 v13=0.0007 grl=1.0924 v15=0.0000 v15r=0.0000 v16=0.0000 v17=0.0000 v18=0.0000 acc=0.9984 lr=2.00e-04 lambda=0.000 grl_lambda=0.967 v18_lambda=0.000 gpu=3.0/11.8GB
[19:53:26] [ep_summary] ep=41/100 val_live=0.9506/0.9503 val_ema=0.9630/0.9635 test77_live=0.7878/0.7822 test77_diag_ema=0.6547/0.5687 v13=0.0007 grl=1.0924 v15=0.0000 v15r=0.0000 v16=0.0000 v17=0.0000 v18=0.0000 das=stage3[12,95] p=1.00 ep_time=34.4s
[19:53:26] [save] best_sourcequalified77_ema ep=41 source_val_live=0.9506/0.9503 source_val_ema=0.9630/0.9635 test77_ema=0.6547/0.5687
[19:53:26] [train] epoch 42/100 steps=40 use_dann=0 das=stage3 f=[12.0,95.0] p=1.00 gpu=3.0/11.8GB
[19:53:27] [train] ep=42 step=001/40 ce=0.2601 sc=0.8022 mi=0.0683 dn=0.0000 v13=0.0005 grl=1.2209 v15=0.0000 v15r=0.0000 v16=0.0000 v17=0.0000 v18=0.0000 acc=1.0000 lr=2.00e-04 lambda=0.000 grl_lambda=0.967 v18_lambda=0.000 gpu=3.0/11.8GB
[19:53:32] [train] ep=42 step=010/40 ce=0.3358 sc=0.8415 mi=0.0686 dn=0.0000 v13=0.0005 grl=1.1260 v15=0.0000 v15r=0.0000 v16=0.0000 v17=0.0000 v18=0.0000 acc=0.9938 lr=1.99e-04 lambda=0.000 grl_lambda=0.968 v18_lambda=0.000 gpu=3.0/11.8GB
[19:53:38] [train] ep=42 step=020/40 ce=0.3287 sc=0.8229 mi=0.0673 dn=0.0000 v13=0.0005 grl=1.1038 v15=0.0000 v15r=0.0000 v16=0.0000 v17=0.0000 v18=0.0000 acc=0.9969 lr=1.98e-04 lambda=0.000 grl_lambda=0.969 v18_lambda=0.000 gpu=3.0/11.8GB
[19:53:44] [train] ep=42 step=030/40 ce=0.3550 sc=0.8070 mi=0.0670 dn=0.0000 v13=0.0005 grl=1.1018 v15=0.0000 v15r=0.0000 v16=0.0000 v17=0.0000 v18=0.0000 acc=0.9938 lr=1.97e-04 lambda=0.000 grl_lambda=0.970 v18_lambda=0.000 gpu=3.0/11.8GB
[19:53:50] [train] ep=42 step=040/40 ce=0.3411 sc=0.7865 mi=0.0662 dn=0.0000 v13=0.0006 grl=1.0987 v15=0.0000 v15r=0.0000 v16=0.0000 v17=0.0000 v18=0.0000 acc=0.9953 lr=1.96e-04 lambda=0.000 grl_lambda=0.970 v18_lambda=0.000 gpu=3.0/11.8GB
[19:54:01] [ep_summary] ep=42/100 val_live=0.9568/0.9567 val_ema=0.9630/0.9635 test77_live=0.7734/0.7626 test77_diag_ema=0.6619/0.5730 v13=0.0006 grl=1.0987 v15=0.0000 v15r=0.0000 v16=0.0000 v17=0.0000 v18=0.0000 das=stage3[12,95] p=1.00 ep_time=34.0s
[19:54:01] [save] best_sourcequalified77_ema ep=42 source_val_live=0.9568/0.9567 source_val_ema=0.9630/0.9635 test77_ema=0.6619/0.5730
[19:54:01] [train] epoch 43/100 steps=40 use_dann=0 das=stage3 f=[12.0,95.0] p=1.00 gpu=3.0/11.8GB
[19:54:01] [train] ep=43 step=001/40 ce=0.2884 sc=0.9579 mi=0.0654 dn=0.0000 v13=0.0004 grl=1.0722 v15=0.0000 v15r=0.0000 v16=0.0000 v17=0.0000 v18=0.0000 acc=1.0000 lr=1.95e-04 lambda=0.000 grl_lambda=0.970 v18_lambda=0.000 gpu=3.0/11.8GB
[19:54:06] [train] ep=43 step=010/40 ce=0.3865 sc=1.0057 mi=0.0698 dn=0.0000 v13=0.0006 grl=1.0945 v15=0.0000 v15r=0.0000 v16=0.0000 v17=0.0000 v18=0.0000 acc=0.9875 lr=1.94e-04 lambda=0.000 grl_lambda=0.971 v18_lambda=0.000 gpu=3.0/11.8GB
[19:54:12] [train] ep=43 step=020/40 ce=0.3291 sc=0.8523 mi=0.0702 dn=0.0000 v13=0.0006 grl=1.1003 v15=0.0000 v15r=0.0000 v16=0.0000 v17=0.0000 v18=0.0000 acc=0.9938 lr=1.93e-04 lambda=0.000 grl_lambda=0.972 v18_lambda=0.000 gpu=3.0/11.8GB
[19:54:18] [train] ep=43 step=030/40 ce=0.3113 sc=0.8328 mi=0.0683 dn=0.0000 v13=0.0006 grl=1.0990 v15=0.0000 v15r=0.0000 v16=0.0000 v17=0.0000 v18=0.0000 acc=0.9958 lr=1.92e-04 lambda=0.000 grl_lambda=0.972 v18_lambda=0.000 gpu=3.0/11.8GB
[19:54:24] [train] ep=43 step=040/40 ce=0.3529 sc=0.8235 mi=0.0678 dn=0.0000 v13=0.0006 grl=1.0964 v15=0.0000 v15r=0.0000 v16=0.0000 v17=0.0000 v18=0.0000 acc=0.9938 lr=1.91e-04 lambda=0.000 grl_lambda=0.973 v18_lambda=0.000 gpu=3.0/11.8GB
[19:54:35] [ep_summary] ep=43/100 val_live=0.9568/0.9567 val_ema=0.9691/0.9696 test77_live=0.7626/0.7472 test77_diag_ema=0.6727/0.5808 v13=0.0006 grl=1.0964 v15=0.0000 v15r=0.0000 v16=0.0000 v17=0.0000 v18=0.0000 das=stage3[12,95] p=1.00 ep_time=34.1s
[19:54:35] [save] best_sourceval_ema val_acc_ema=0.9691 source_val_live=0.9568/0.9567 source_val_ema=0.9691/0.9696 ep=43
[19:54:35] [save] best_sourcequalified77_ema ep=43 source_val_live=0.9568/0.9567 source_val_ema=0.9691/0.9696 test77_ema=0.6727/0.5808
[19:54:35] [train] epoch 44/100 steps=40 use_dann=0 das=stage3 f=[12.0,95.0] p=1.00 gpu=3.0/11.8GB
[19:54:35] [train] ep=44 step=001/40 ce=0.4684 sc=0.9115 mi=0.0648 dn=0.0000 v13=0.0013 grl=1.1337 v15=0.0000 v15r=0.0000 v16=0.0000 v17=0.0000 v18=0.0000 acc=1.0000 lr=1.91e-04 lambda=0.000 grl_lambda=0.973 v18_lambda=0.000 gpu=3.0/11.8GB
[19:54:41] [train] ep=44 step=010/40 ce=0.3081 sc=0.7483 mi=0.0685 dn=0.0000 v13=0.0006 grl=1.1122 v15=0.0000 v15r=0.0000 v16=0.0000 v17=0.0000 v18=0.0000 acc=1.0000 lr=1.90e-04 lambda=0.000 grl_lambda=0.974 v18_lambda=0.000 gpu=3.0/11.8GB
[19:54:46] [train] ep=44 step=020/40 ce=0.3676 sc=0.7666 mi=0.0665 dn=0.0000 v13=0.0007 grl=1.0991 v15=0.0000 v15r=0.0000 v16=0.0000 v17=0.0000 v18=0.0000 acc=0.9938 lr=1.89e-04 lambda=0.000 grl_lambda=0.974 v18_lambda=0.000 gpu=3.0/11.8GB
[19:54:52] [train] ep=44 step=030/40 ce=0.3575 sc=0.7652 mi=0.0660 dn=0.0000 v13=0.0007 grl=1.0985 v15=0.0000 v15r=0.0000 v16=0.0000 v17=0.0000 v18=0.0000 acc=0.9938 lr=1.87e-04 lambda=0.000 grl_lambda=0.975 v18_lambda=0.000 gpu=3.0/11.8GB
[19:54:58] [train] ep=44 step=040/40 ce=0.3466 sc=0.7742 mi=0.0661 dn=0.0000 v13=0.0006 grl=1.1031 v15=0.0000 v15r=0.0000 v16=0.0000 v17=0.0000 v18=0.0000 acc=0.9938 lr=1.86e-04 lambda=0.000 grl_lambda=0.976 v18_lambda=0.000 gpu=3.0/11.8GB
[19:55:09] [ep_summary] ep=44/100 val_live=0.9691/0.9694 val_ema=0.9691/0.9696 test77_live=0.8165/0.8134 test77_diag_ema=0.7014/0.6301 v13=0.0006 grl=1.1031 v15=0.0000 v15r=0.0000 v16=0.0000 v17=0.0000 v18=0.0000 das=stage3[12,95] p=1.00 ep_time=34.2s
[19:55:09] [save] best_sourcequalified77_ema ep=44 source_val_live=0.9691/0.9694 source_val_ema=0.9691/0.9696 test77_ema=0.7014/0.6301
[19:55:09] [train] epoch 45/100 steps=40 use_dann=0 das=stage3 f=[12.0,95.0] p=1.00 gpu=3.0/11.8GB
[19:55:10] [train] ep=45 step=001/40 ce=0.2598 sc=0.9446 mi=0.0605 dn=0.0000 v13=0.0005 grl=1.0850 v15=0.0000 v15r=0.0000 v16=0.0000 v17=0.0000 v18=0.0000 acc=1.0000 lr=1.86e-04 lambda=0.000 grl_lambda=0.976 v18_lambda=0.000 gpu=3.0/11.8GB
[19:55:15] [train] ep=45 step=010/40 ce=0.3906 sc=0.8925 mi=0.0644 dn=0.0000 v13=0.0008 grl=1.1100 v15=0.0000 v15r=0.0000 v16=0.0000 v17=0.0000 v18=0.0000 acc=0.9938 lr=1.85e-04 lambda=0.000 grl_lambda=0.976 v18_lambda=0.000 gpu=3.0/11.8GB
[19:55:21] [train] ep=45 step=020/40 ce=0.3472 sc=0.7935 mi=0.0644 dn=0.0000 v13=0.0008 grl=1.1044 v15=0.0000 v15r=0.0000 v16=0.0000 v17=0.0000 v18=0.0000 acc=0.9938 lr=1.84e-04 lambda=0.000 grl_lambda=0.977 v18_lambda=0.000 gpu=3.0/11.8GB
[19:55:27] [train] ep=45 step=030/40 ce=0.3294 sc=0.7970 mi=0.0642 dn=0.0000 v13=0.0007 grl=1.0975 v15=0.0000 v15r=0.0000 v16=0.0000 v17=0.0000 v18=0.0000 acc=0.9958 lr=1.83e-04 lambda=0.000 grl_lambda=0.977 v18_lambda=0.000 gpu=3.0/11.8GB
[19:55:33] [train] ep=45 step=040/40 ce=0.3217 sc=0.7989 mi=0.0641 dn=0.0000 v13=0.0008 grl=1.0929 v15=0.0000 v15r=0.0000 v16=0.0000 v17=0.0000 v18=0.0000 acc=0.9969 lr=1.81e-04 lambda=0.000 grl_lambda=0.978 v18_lambda=0.000 gpu=3.0/11.8GB
[19:55:43] [ep_summary] ep=45/100 val_live=0.9568/0.9571 val_ema=0.9753/0.9757 test77_live=0.7806/0.7742 test77_diag_ema=0.7122/0.6454 v13=0.0008 grl=1.0929 v15=0.0000 v15r=0.0000 v16=0.0000 v17=0.0000 v18=0.0000 das=stage3[12,95] p=1.00 ep_time=34.3s
[19:55:43] [save] best_sourceval_ema val_acc_ema=0.9753 source_val_live=0.9568/0.9571 source_val_ema=0.9753/0.9757 ep=45
[19:55:43] [save] best_sourcequalified77_ema ep=45 source_val_live=0.9568/0.9571 source_val_ema=0.9753/0.9757 test77_ema=0.7122/0.6454
[19:55:43] [train] epoch 46/100 steps=40 use_dann=0 das=stage3 f=[12.0,95.0] p=1.00 gpu=3.0/11.8GB
[19:55:44] [train] ep=46 step=001/40 ce=0.2605 sc=0.7113 mi=0.0597 dn=0.0000 v13=0.0013 grl=1.0779 v15=0.0000 v15r=0.0000 v16=0.0000 v17=0.0000 v18=0.0000 acc=1.0000 lr=1.81e-04 lambda=0.000 grl_lambda=0.978 v18_lambda=0.000 gpu=3.0/11.8GB
[19:55:49] [train] ep=46 step=010/40 ce=0.2725 sc=0.6753 mi=0.0622 dn=0.0000 v13=0.0007 grl=1.0924 v15=0.0000 v15r=0.0000 v16=0.0000 v17=0.0000 v18=0.0000 acc=1.0000 lr=1.80e-04 lambda=0.000 grl_lambda=0.979 v18_lambda=0.000 gpu=3.0/11.8GB
[19:55:55] [train] ep=46 step=020/40 ce=0.2679 sc=0.7328 mi=0.0628 dn=0.0000 v13=0.0008 grl=1.0972 v15=0.0000 v15r=0.0000 v16=0.0000 v17=0.0000 v18=0.0000 acc=1.0000 lr=1.79e-04 lambda=0.000 grl_lambda=0.979 v18_lambda=0.000 gpu=3.0/11.8GB
[19:56:01] [train] ep=46 step=030/40 ce=0.2691 sc=0.7887 mi=0.0634 dn=0.0000 v13=0.0007 grl=1.0988 v15=0.0000 v15r=0.0000 v16=0.0000 v17=0.0000 v18=0.0000 acc=1.0000 lr=1.78e-04 lambda=0.000 grl_lambda=0.980 v18_lambda=0.000 gpu=3.0/11.8GB
[19:56:07] [train] ep=46 step=040/40 ce=0.2905 sc=0.7951 mi=0.0641 dn=0.0000 v13=0.0007 grl=1.0989 v15=0.0000 v15r=0.0000 v16=0.0000 v17=0.0000 v18=0.0000 acc=0.9984 lr=1.77e-04 lambda=0.000 grl_lambda=0.980 v18_lambda=0.000 gpu=3.0/11.8GB
[19:56:50] [ep_summary] ep=46/100 val_live=0.9568/0.9571 val_ema=0.9753/0.9757 test77_live=0.7410/0.7053 test77_diag_ema=0.7158/0.6482 v13=0.0007 grl=1.0989 v15=0.0000 v15r=0.0000 v16=0.0000 v17=0.0000 v18=0.0000 das=stage3[12,95] p=1.00 ep_time=66.2s
[19:56:51] [save] best_sourcequalified77_ema ep=46 source_val_live=0.9568/0.9571 source_val_ema=0.9753/0.9757 test77_ema=0.7158/0.6482
[19:56:51] [train] epoch 47/100 steps=40 use_dann=0 das=stage3 f=[12.0,95.0] p=1.00 gpu=3.0/11.8GB
[19:56:51] [train] ep=47 step=001/40 ce=0.2721 sc=0.7211 mi=0.0726 dn=0.0000 v13=0.0002 grl=1.1006 v15=0.0000 v15r=0.0000 v16=0.0000 v17=0.0000 v18=0.0000 acc=1.0000 lr=1.77e-04 lambda=0.000 grl_lambda=0.980 v18_lambda=0.000 gpu=3.0/11.8GB
[19:56:56] [train] ep=47 step=010/40 ce=0.3106 sc=0.8178 mi=0.0650 dn=0.0000 v13=0.0005 grl=1.0766 v15=0.0000 v15r=0.0000 v16=0.0000 v17=0.0000 v18=0.0000 acc=1.0000 lr=1.76e-04 lambda=0.000 grl_lambda=0.981 v18_lambda=0.000 gpu=3.0/11.8GB
[19:57:02] [train] ep=47 step=020/40 ce=0.3227 sc=0.8100 mi=0.0646 dn=0.0000 v13=0.0005 grl=1.0825 v15=0.0000 v15r=0.0000 v16=0.0000 v17=0.0000 v18=0.0000 acc=0.9969 lr=1.74e-04 lambda=0.000 grl_lambda=0.981 v18_lambda=0.000 gpu=3.0/11.8GB
[19:57:08] [train] ep=47 step=030/40 ce=0.3282 sc=0.8033 mi=0.0652 dn=0.0000 v13=0.0005 grl=1.0887 v15=0.0000 v15r=0.0000 v16=0.0000 v17=0.0000 v18=0.0000 acc=0.9958 lr=1.73e-04 lambda=0.000 grl_lambda=0.981 v18_lambda=0.000 gpu=3.0/11.8GB
[19:57:14] [train] ep=47 step=040/40 ce=0.3131 sc=0.7947 mi=0.0648 dn=0.0000 v13=0.0006 grl=1.0895 v15=0.0000 v15r=0.0000 v16=0.0000 v17=0.0000 v18=0.0000 acc=0.9969 lr=1.72e-04 lambda=0.000 grl_lambda=0.982 v18_lambda=0.000 gpu=3.0/11.8GB
[19:57:26] [ep_summary] ep=47/100 val_live=0.9630/0.9631 val_ema=0.9753/0.9757 test77_live=0.7302/0.6931 test77_diag_ema=0.7194/0.6516 v13=0.0006 grl=1.0895 v15=0.0000 v15r=0.0000 v16=0.0000 v17=0.0000 v18=0.0000 das=stage3[12,95] p=1.00 ep_time=35.1s
[19:57:26] [save] best_sourcequalified77_ema ep=47 source_val_live=0.9630/0.9631 source_val_ema=0.9753/0.9757 test77_ema=0.7194/0.6516
[19:57:26] [train] epoch 48/100 steps=40 use_dann=0 das=stage3 f=[12.0,95.0] p=1.00 gpu=3.0/11.8GB
[19:57:26] [train] ep=48 step=001/40 ce=0.3003 sc=0.6308 mi=0.0700 dn=0.0000 v13=0.0015 grl=1.0875 v15=0.0000 v15r=0.0000 v16=0.0000 v17=0.0000 v18=0.0000 acc=1.0000 lr=1.72e-04 lambda=0.000 grl_lambda=0.982 v18_lambda=0.000 gpu=3.0/11.8GB
[19:57:32] [train] ep=48 step=010/40 ce=0.2827 sc=0.7934 mi=0.0682 dn=0.0000 v13=0.0008 grl=1.1100 v15=0.0000 v15r=0.0000 v16=0.0000 v17=0.0000 v18=0.0000 acc=1.0000 lr=1.71e-04 lambda=0.000 grl_lambda=0.982 v18_lambda=0.000 gpu=3.0/11.8GB
[19:57:38] [train] ep=48 step=020/40 ce=0.2948 sc=0.8413 mi=0.0670 dn=0.0000 v13=0.0007 grl=1.1052 v15=0.0000 v15r=0.0000 v16=0.0000 v17=0.0000 v18=0.0000 acc=0.9969 lr=1.69e-04 lambda=0.000 grl_lambda=0.983 v18_lambda=0.000 gpu=3.0/11.8GB
[19:57:43] [train] ep=48 step=030/40 ce=0.3044 sc=0.8283 mi=0.0667 dn=0.0000 v13=0.0007 grl=1.1024 v15=0.0000 v15r=0.0000 v16=0.0000 v17=0.0000 v18=0.0000 acc=0.9958 lr=1.68e-04 lambda=0.000 grl_lambda=0.983 v18_lambda=0.000 gpu=3.0/11.8GB
[19:57:49] [train] ep=48 step=040/40 ce=0.3263 sc=0.8192 mi=0.0664 dn=0.0000 v13=0.0006 grl=1.0978 v15=0.0000 v15r=0.0000 v16=0.0000 v17=0.0000 v18=0.0000 acc=0.9953 lr=1.67e-04 lambda=0.000 grl_lambda=0.984 v18_lambda=0.000 gpu=3.0/11.8GB
[19:58:00] [ep_summary] ep=48/100 val_live=0.9630/0.9627 val_ema=0.9691/0.9695 test77_live=0.7158/0.6921 test77_diag_ema=0.7158/0.6526 v13=0.0006 grl=1.0978 v15=0.0000 v15r=0.0000 v16=0.0000 v17=0.0000 v18=0.0000 das=stage3[12,95] p=1.00 ep_time=34.4s
[19:58:00] [save] best_sourcequalified77_ema ep=48 source_val_live=0.9630/0.9627 source_val_ema=0.9691/0.9695 test77_ema=0.7158/0.6526
[19:58:00] [train] epoch 49/100 steps=40 use_dann=0 das=stage3 f=[12.0,95.0] p=1.00 gpu=3.0/11.8GB
[19:58:01] [train] ep=49 step=001/40 ce=1.2858 sc=1.4826 mi=0.0737 dn=0.0000 v13=0.0006 grl=1.0854 v15=0.0000 v15r=0.0000 v16=0.0000 v17=0.0000 v18=0.0000 acc=0.9375 lr=1.67e-04 lambda=0.000 grl_lambda=0.984 v18_lambda=0.000 gpu=3.0/11.8GB
[19:58:06] [train] ep=49 step=010/40 ce=0.3885 sc=0.8602 mi=0.0656 dn=0.0000 v13=0.0006 grl=1.1019 v15=0.0000 v15r=0.0000 v16=0.0000 v17=0.0000 v18=0.0000 acc=0.9938 lr=1.66e-04 lambda=0.000 grl_lambda=0.984 v18_lambda=0.000 gpu=3.0/11.8GB
[19:58:12] [train] ep=49 step=020/40 ce=0.3556 sc=0.7951 mi=0.0637 dn=0.0000 v13=0.0006 grl=1.0943 v15=0.0000 v15r=0.0000 v16=0.0000 v17=0.0000 v18=0.0000 acc=0.9938 lr=1.65e-04 lambda=0.000 grl_lambda=0.984 v18_lambda=0.000 gpu=3.0/11.8GB
[19:58:18] [train] ep=49 step=030/40 ce=0.4144 sc=0.7978 mi=0.0649 dn=0.0000 v13=0.0006 grl=1.0981 v15=0.0000 v15r=0.0000 v16=0.0000 v17=0.0000 v18=0.0000 acc=0.9896 lr=1.63e-04 lambda=0.000 grl_lambda=0.985 v18_lambda=0.000 gpu=3.0/11.8GB
[19:58:24] [train] ep=49 step=040/40 ce=0.3802 sc=0.7754 mi=0.0647 dn=0.0000 v13=0.0006 grl=1.0983 v15=0.0000 v15r=0.0000 v16=0.0000 v17=0.0000 v18=0.0000 acc=0.9922 lr=1.62e-04 lambda=0.000 grl_lambda=0.985 v18_lambda=0.000 gpu=3.0/11.8GB
[19:58:34] [ep_summary] ep=49/100 val_live=0.9630/0.9623 val_ema=0.9691/0.9695 test77_live=0.6871/0.6832 test77_diag_ema=0.7194/0.6591 v13=0.0006 grl=1.0983 v15=0.0000 v15r=0.0000 v16=0.0000 v17=0.0000 v18=0.0000 das=stage3[12,95] p=1.00 ep_time=34.2s
[19:58:34] [save] best_sourcequalified77_ema ep=49 source_val_live=0.9630/0.9623 source_val_ema=0.9691/0.9695 test77_ema=0.7194/0.6591
[19:58:34] [train] epoch 50/100 steps=40 use_dann=0 das=stage3 f=[12.0,95.0] p=1.00 gpu=3.0/11.8GB
[19:58:35] [train] ep=50 step=001/40 ce=1.1939 sc=1.4490 mi=0.0736 dn=0.0000 v13=0.0015 grl=1.1102 v15=0.0000 v15r=0.0000 v16=0.0000 v17=0.0000 v18=0.0000 acc=0.9375 lr=1.62e-04 lambda=0.000 grl_lambda=0.985 v18_lambda=0.000 gpu=3.0/11.8GB
[19:58:40] [train] ep=50 step=010/40 ce=0.3861 sc=0.7794 mi=0.0661 dn=0.0000 v13=0.0007 grl=1.1031 v15=0.0000 v15r=0.0000 v16=0.0000 v17=0.0000 v18=0.0000 acc=0.9938 lr=1.61e-04 lambda=0.000 grl_lambda=0.986 v18_lambda=0.000 gpu=3.0/11.8GB
[19:58:46] [train] ep=50 step=020/40 ce=0.3742 sc=0.8146 mi=0.0653 dn=0.0000 v13=0.0007 grl=1.0984 v15=0.0000 v15r=0.0000 v16=0.0000 v17=0.0000 v18=0.0000 acc=0.9938 lr=1.60e-04 lambda=0.000 grl_lambda=0.986 v18_lambda=0.000 gpu=3.0/11.8GB
[19:58:52] [train] ep=50 step=030/40 ce=0.3585 sc=0.7941 mi=0.0657 dn=0.0000 v13=0.0007 grl=1.0982 v15=0.0000 v15r=0.0000 v16=0.0000 v17=0.0000 v18=0.0000 acc=0.9938 lr=1.59e-04 lambda=0.000 grl_lambda=0.986 v18_lambda=0.000 gpu=3.0/11.8GB
[19:58:58] [train] ep=50 step=040/40 ce=0.4215 sc=0.8271 mi=0.0647 dn=0.0000 v13=0.0006 grl=1.0992 v15=0.0000 v15r=0.0000 v16=0.0000 v17=0.0000 v18=0.0000 acc=0.9891 lr=1.57e-04 lambda=0.000 grl_lambda=0.987 v18_lambda=0.000 gpu=3.0/11.8GB
[19:59:08] [pool] check ep=050/100 source_val_acc_ema=0.9691 threshold=0.90
[19:59:13] [pool] ep=050 ADDED src_val=0.9691/0.9695 dev77=0.7000/0.6547 final77=0.7230/0.6676
[19:59:13] [pool] running best ep=050 dev77_f1=0.6547 final77_f1=0.6676 (pool_size=2)
[19:59:13] [ep_summary] ep=50/100 val_live=0.9691/0.9694 val_ema=0.9691/0.9695 test77_live=0.7446/0.7080 test77_diag_ema=0.7230/0.6676 v13=0.0006 grl=1.0992 v15=0.0000 v15r=0.0000 v16=0.0000 v17=0.0000 v18=0.0000 das=stage3[12,95] p=1.00 ep_time=39.1s
[19:59:13] [save] best_sourcequalified77_ema ep=50 source_val_live=0.9691/0.9694 source_val_ema=0.9691/0.9695 test77_ema=0.7230/0.6676
[19:59:13] [strict77_monitor] ep=50 best_source_epoch=45 source_val_ema=0.9753/0.9757 test77_ema_diag=0.7122/0.6454 sourcequalified_count=17 best_sourcequalified77_epoch=50 source_val_ema=0.9691/0.9695 test77_ema=0.7230/0.6676
[19:59:13] [train] epoch 51/100 steps=40 use_dann=0 das=stage3 f=[12.0,95.0] p=1.00 gpu=3.0/11.8GB
[19:59:14] [train] ep=51 step=001/40 ce=0.2640 sc=0.9956 mi=0.0673 dn=0.0000 v13=0.0003 grl=1.1426 v15=0.0000 v15r=0.0000 v16=0.0000 v17=0.0000 v18=0.0000 acc=1.0000 lr=1.57e-04 lambda=0.000 grl_lambda=0.987 v18_lambda=0.000 gpu=3.0/11.8GB
[19:59:19] [train] ep=51 step=010/40 ce=0.2632 sc=0.7544 mi=0.0635 dn=0.0000 v13=0.0006 grl=1.0956 v15=0.0000 v15r=0.0000 v16=0.0000 v17=0.0000 v18=0.0000 acc=1.0000 lr=1.56e-04 lambda=0.000 grl_lambda=0.987 v18_lambda=0.000 gpu=3.0/11.8GB
[19:59:25] [train] ep=51 step=020/40 ce=0.2970 sc=0.7514 mi=0.0650 dn=0.0000 v13=0.0005 grl=1.0909 v15=0.0000 v15r=0.0000 v16=0.0000 v17=0.0000 v18=0.0000 acc=1.0000 lr=1.55e-04 lambda=0.000 grl_lambda=0.987 v18_lambda=0.000 gpu=3.0/11.8GB
[19:59:31] [train] ep=51 step=030/40 ce=0.3307 sc=0.7456 mi=0.0638 dn=0.0000 v13=0.0006 grl=1.0879 v15=0.0000 v15r=0.0000 v16=0.0000 v17=0.0000 v18=0.0000 acc=0.9958 lr=1.54e-04 lambda=0.000 grl_lambda=0.988 v18_lambda=0.000 gpu=3.0/11.8GB
[19:59:37] [train] ep=51 step=040/40 ce=0.3306 sc=0.7744 mi=0.0638 dn=0.0000 v13=0.0006 grl=1.0871 v15=0.0000 v15r=0.0000 v16=0.0000 v17=0.0000 v18=0.0000 acc=0.9969 lr=1.53e-04 lambda=0.000 grl_lambda=0.988 v18_lambda=0.000 gpu=3.0/11.8GB
[19:59:48] [ep_summary] ep=51/100 val_live=0.9691/0.9694 val_ema=0.9691/0.9695 test77_live=0.7734/0.7570 test77_diag_ema=0.7374/0.6944 v13=0.0006 grl=1.0871 v15=0.0000 v15r=0.0000 v16=0.0000 v17=0.0000 v18=0.0000 das=stage3[12,95] p=1.00 ep_time=34.1s
[19:59:48] [save] best_sourcequalified77_ema ep=51 source_val_live=0.9691/0.9694 source_val_ema=0.9691/0.9695 test77_ema=0.7374/0.6944
[19:59:48] [train] epoch 52/100 steps=40 use_dann=0 das=stage3 f=[12.0,95.0] p=1.00 gpu=3.0/11.8GB
[19:59:48] [train] ep=52 step=001/40 ce=0.2606 sc=0.4357 mi=0.0562 dn=0.0000 v13=0.0008 grl=1.0613 v15=0.0000 v15r=0.0000 v16=0.0000 v17=0.0000 v18=0.0000 acc=1.0000 lr=1.52e-04 lambda=0.000 grl_lambda=0.988 v18_lambda=0.000 gpu=3.0/11.8GB
[19:59:53] [train] ep=52 step=010/40 ce=0.2631 sc=0.8191 mi=0.0637 dn=0.0000 v13=0.0006 grl=1.0912 v15=0.0000 v15r=0.0000 v16=0.0000 v17=0.0000 v18=0.0000 acc=1.0000 lr=1.51e-04 lambda=0.000 grl_lambda=0.988 v18_lambda=0.000 gpu=3.0/11.8GB
[19:59:59] [train] ep=52 step=020/40 ce=0.3336 sc=0.8496 mi=0.0638 dn=0.0000 v13=0.0007 grl=1.0938 v15=0.0000 v15r=0.0000 v16=0.0000 v17=0.0000 v18=0.0000 acc=0.9938 lr=1.50e-04 lambda=0.000 grl_lambda=0.988 v18_lambda=0.000 gpu=3.0/11.8GB
[20:00:05] [train] ep=52 step=030/40 ce=0.3439 sc=0.8298 mi=0.0638 dn=0.0000 v13=0.0007 grl=1.0918 v15=0.0000 v15r=0.0000 v16=0.0000 v17=0.0000 v18=0.0000 acc=0.9938 lr=1.49e-04 lambda=0.000 grl_lambda=0.989 v18_lambda=0.000 gpu=3.0/11.8GB
[20:00:11] [train] ep=52 step=040/40 ce=0.3707 sc=0.8486 mi=0.0649 dn=0.0000 v13=0.0007 grl=1.0949 v15=0.0000 v15r=0.0000 v16=0.0000 v17=0.0000 v18=0.0000 acc=0.9906 lr=1.48e-04 lambda=0.000 grl_lambda=0.989 v18_lambda=0.000 gpu=3.0/11.8GB
[20:00:22] [ep_summary] ep=52/100 val_live=0.9568/0.9567 val_ema=0.9691/0.9695 test77_live=0.7446/0.7306 test77_diag_ema=0.7410/0.6997 v13=0.0007 grl=1.0949 v15=0.0000 v15r=0.0000 v16=0.0000 v17=0.0000 v18=0.0000 das=stage3[12,95] p=1.00 ep_time=34.9s
[20:00:22] [save] best_sourcequalified77_ema ep=52 source_val_live=0.9568/0.9567 source_val_ema=0.9691/0.9695 test77_ema=0.7410/0.6997
[20:00:22] [train] epoch 53/100 steps=40 use_dann=0 das=stage3 f=[12.0,95.0] p=1.00 gpu=3.0/11.8GB
[20:00:23] [train] ep=53 step=001/40 ce=0.2577 sc=0.4348 mi=0.0668 dn=0.0000 v13=0.0006 grl=1.0912 v15=0.0000 v15r=0.0000 v16=0.0000 v17=0.0000 v18=0.0000 acc=1.0000 lr=1.48e-04 lambda=0.000 grl_lambda=0.989 v18_lambda=0.000 gpu=3.0/11.8GB
[20:00:28] [train] ep=53 step=010/40 ce=0.3407 sc=0.7858 mi=0.0612 dn=0.0000 v13=0.0005 grl=1.0830 v15=0.0000 v15r=0.0000 v16=0.0000 v17=0.0000 v18=0.0000 acc=0.9938 lr=1.46e-04 lambda=0.000 grl_lambda=0.989 v18_lambda=0.000 gpu=3.0/11.8GB
[20:00:34] [train] ep=53 step=020/40 ce=0.3501 sc=0.8358 mi=0.0626 dn=0.0000 v13=0.0006 grl=1.0904 v15=0.0000 v15r=0.0000 v16=0.0000 v17=0.0000 v18=0.0000 acc=0.9938 lr=1.45e-04 lambda=0.000 grl_lambda=0.990 v18_lambda=0.000 gpu=3.0/11.8GB
[20:00:40] [train] ep=53 step=030/40 ce=0.3270 sc=0.8030 mi=0.0632 dn=0.0000 v13=0.0006 grl=1.0841 v15=0.0000 v15r=0.0000 v16=0.0000 v17=0.0000 v18=0.0000 acc=0.9958 lr=1.44e-04 lambda=0.000 grl_lambda=0.990 v18_lambda=0.000 gpu=3.0/11.8GB
[20:00:46] [train] ep=53 step=040/40 ce=0.3118 sc=0.8175 mi=0.0636 dn=0.0000 v13=0.0006 grl=1.0848 v15=0.0000 v15r=0.0000 v16=0.0000 v17=0.0000 v18=0.0000 acc=0.9969 lr=1.43e-04 lambda=0.000 grl_lambda=0.990 v18_lambda=0.000 gpu=3.0/11.8GB
[20:00:57] [ep_summary] ep=53/100 val_live=0.9691/0.9694 val_ema=0.9691/0.9695 test77_live=0.6835/0.6600 test77_diag_ema=0.7410/0.6992 v13=0.0006 grl=1.0848 v15=0.0000 v15r=0.0000 v16=0.0000 v17=0.0000 v18=0.0000 das=stage3[12,95] p=1.00 ep_time=34.3s
[20:00:57] [train] epoch 54/100 steps=40 use_dann=0 das=stage3 f=[12.0,95.0] p=1.00 gpu=3.0/11.8GB
[20:00:57] [train] ep=54 step=001/40 ce=0.2998 sc=0.8521 mi=0.0563 dn=0.0000 v13=0.0006 grl=1.1405 v15=0.0000 v15r=0.0000 v16=0.0000 v17=0.0000 v18=0.0000 acc=1.0000 lr=1.43e-04 lambda=0.000 grl_lambda=0.990 v18_lambda=0.000 gpu=3.0/11.8GB
[20:01:03] [train] ep=54 step=010/40 ce=0.2968 sc=0.6775 mi=0.0626 dn=0.0000 v13=0.0005 grl=1.0984 v15=0.0000 v15r=0.0000 v16=0.0000 v17=0.0000 v18=0.0000 acc=1.0000 lr=1.42e-04 lambda=0.000 grl_lambda=0.990 v18_lambda=0.000 gpu=3.0/11.8GB
[20:01:09] [train] ep=54 step=020/40 ce=0.2842 sc=0.7111 mi=0.0616 dn=0.0000 v13=0.0006 grl=1.0828 v15=0.0000 v15r=0.0000 v16=0.0000 v17=0.0000 v18=0.0000 acc=1.0000 lr=1.40e-04 lambda=0.000 grl_lambda=0.991 v18_lambda=0.000 gpu=3.0/11.8GB
[20:01:15] [train] ep=54 step=030/40 ce=0.3537 sc=0.7612 mi=0.0624 dn=0.0000 v13=0.0006 grl=1.0780 v15=0.0000 v15r=0.0000 v16=0.0000 v17=0.0000 v18=0.0000 acc=0.9938 lr=1.39e-04 lambda=0.000 grl_lambda=0.991 v18_lambda=0.000 gpu=3.0/11.8GB
[20:01:21] [train] ep=54 step=040/40 ce=0.3750 sc=0.7986 mi=0.0626 dn=0.0000 v13=0.0006 grl=1.0790 v15=0.0000 v15r=0.0000 v16=0.0000 v17=0.0000 v18=0.0000 acc=0.9922 lr=1.38e-04 lambda=0.000 grl_lambda=0.991 v18_lambda=0.000 gpu=3.0/11.8GB
[20:01:32] [ep_summary] ep=54/100 val_live=0.9630/0.9631 val_ema=0.9753/0.9756 test77_live=0.7014/0.6654 test77_diag_ema=0.7518/0.7125 v13=0.0006 grl=1.0790 v15=0.0000 v15r=0.0000 v16=0.0000 v17=0.0000 v18=0.0000 das=stage3[12,95] p=1.00 ep_time=35.1s
[20:01:32] [save] best_sourcequalified77_ema ep=54 source_val_live=0.9630/0.9631 source_val_ema=0.9753/0.9756 test77_ema=0.7518/0.7125
[20:01:32] [train] epoch 55/100 steps=40 use_dann=0 das=stage3 f=[12.0,95.0] p=1.00 gpu=3.0/11.8GB
[20:01:33] [train] ep=55 step=001/40 ce=0.2711 sc=0.9563 mi=0.0619 dn=0.0000 v13=0.0006 grl=1.1531 v15=0.0000 v15r=0.0000 v16=0.0000 v17=0.0000 v18=0.0000 acc=1.0000 lr=1.38e-04 lambda=0.000 grl_lambda=0.991 v18_lambda=0.000 gpu=3.0/11.8GB
[20:01:38] [train] ep=55 step=010/40 ce=0.3189 sc=0.7183 mi=0.0633 dn=0.0000 v13=0.0006 grl=1.0674 v15=0.0000 v15r=0.0000 v16=0.0000 v17=0.0000 v18=0.0000 acc=0.9938 lr=1.37e-04 lambda=0.000 grl_lambda=0.991 v18_lambda=0.000 gpu=3.0/11.8GB
[20:01:44] [train] ep=55 step=020/40 ce=0.3206 sc=0.7631 mi=0.0647 dn=0.0000 v13=0.0006 grl=1.0919 v15=0.0000 v15r=0.0000 v16=0.0000 v17=0.0000 v18=0.0000 acc=0.9938 lr=1.36e-04 lambda=0.000 grl_lambda=0.991 v18_lambda=0.000 gpu=3.0/11.8GB
[20:01:50] [train] ep=55 step=030/40 ce=0.3368 sc=0.7438 mi=0.0640 dn=0.0000 v13=0.0006 grl=1.0924 v15=0.0000 v15r=0.0000 v16=0.0000 v17=0.0000 v18=0.0000 acc=0.9938 lr=1.34e-04 lambda=0.000 grl_lambda=0.992 v18_lambda=0.000 gpu=3.0/11.8GB
[20:01:56] [train] ep=55 step=040/40 ce=0.3331 sc=0.7845 mi=0.0641 dn=0.0000 v13=0.0006 grl=1.0901 v15=0.0000 v15r=0.0000 v16=0.0000 v17=0.0000 v18=0.0000 acc=0.9938 lr=1.33e-04 lambda=0.000 grl_lambda=0.992 v18_lambda=0.000 gpu=3.0/11.8GB
[20:02:06] [ep_summary] ep=55/100 val_live=0.9691/0.9694 val_ema=0.9753/0.9756 test77_live=0.7914/0.7697 test77_diag_ema=0.7662/0.7285 v13=0.0006 grl=1.0901 v15=0.0000 v15r=0.0000 v16=0.0000 v17=0.0000 v18=0.0000 das=stage3[12,95] p=1.00 ep_time=34.2s
[20:02:06] [save] best_sourcequalified77_ema ep=55 source_val_live=0.9691/0.9694 source_val_ema=0.9753/0.9756 test77_ema=0.7662/0.7285
[20:02:06] [train] epoch 56/100 steps=40 use_dann=0 das=stage3 f=[12.0,95.0] p=1.00 gpu=3.0/11.8GB
[20:02:07] [train] ep=56 step=001/40 ce=0.2614 sc=0.6477 mi=0.0549 dn=0.0000 v13=0.0005 grl=1.0652 v15=0.0000 v15r=0.0000 v16=0.0000 v17=0.0000 v18=0.0000 acc=1.0000 lr=1.33e-04 lambda=0.000 grl_lambda=0.992 v18_lambda=0.000 gpu=3.0/11.8GB
[20:02:12] [train] ep=56 step=010/40 ce=0.3053 sc=0.7653 mi=0.0638 dn=0.0000 v13=0.0006 grl=1.0966 v15=0.0000 v15r=0.0000 v16=0.0000 v17=0.0000 v18=0.0000 acc=0.9938 lr=1.32e-04 lambda=0.000 grl_lambda=0.992 v18_lambda=0.000 gpu=3.0/11.8GB
[20:02:18] [train] ep=56 step=020/40 ce=0.3053 sc=0.7404 mi=0.0628 dn=0.0000 v13=0.0006 grl=1.0859 v15=0.0000 v15r=0.0000 v16=0.0000 v17=0.0000 v18=0.0000 acc=0.9969 lr=1.31e-04 lambda=0.000 grl_lambda=0.992 v18_lambda=0.000 gpu=3.0/11.8GB
[20:02:24] [train] ep=56 step=030/40 ce=0.2907 sc=0.7381 mi=0.0641 dn=0.0000 v13=0.0006 grl=1.0899 v15=0.0000 v15r=0.0000 v16=0.0000 v17=0.0000 v18=0.0000 acc=0.9979 lr=1.30e-04 lambda=0.000 grl_lambda=0.992 v18_lambda=0.000 gpu=3.0/11.8GB
[20:02:30] [train] ep=56 step=040/40 ce=0.2831 sc=0.7251 mi=0.0639 dn=0.0000 v13=0.0006 grl=1.0965 v15=0.0000 v15r=0.0000 v16=0.0000 v17=0.0000 v18=0.0000 acc=0.9984 lr=1.28e-04 lambda=0.000 grl_lambda=0.993 v18_lambda=0.000 gpu=3.0/11.8GB
[20:02:40] [ep_summary] ep=56/100 val_live=0.9568/0.9567 val_ema=0.9691/0.9694 test77_live=0.8201/0.8132 test77_diag_ema=0.7770/0.7420 v13=0.0006 grl=1.0965 v15=0.0000 v15r=0.0000 v16=0.0000 v17=0.0000 v18=0.0000 das=stage3[12,95] p=1.00 ep_time=34.3s
[20:02:40] [save] best_sourcequalified77_ema ep=56 source_val_live=0.9568/0.9567 source_val_ema=0.9691/0.9694 test77_ema=0.7770/0.7420
[20:02:41] [train] epoch 57/100 steps=40 use_dann=0 das=stage3 f=[12.0,95.0] p=1.00 gpu=3.0/11.8GB
[20:02:41] [train] ep=57 step=001/40 ce=0.2607 sc=0.6164 mi=0.0682 dn=0.0000 v13=0.0004 grl=1.1396 v15=0.0000 v15r=0.0000 v16=0.0000 v17=0.0000 v18=0.0000 acc=1.0000 lr=1.28e-04 lambda=0.000 grl_lambda=0.993 v18_lambda=0.000 gpu=3.0/11.8GB
[20:02:46] [train] ep=57 step=010/40 ce=0.2941 sc=0.7687 mi=0.0679 dn=0.0000 v13=0.0005 grl=1.1067 v15=0.0000 v15r=0.0000 v16=0.0000 v17=0.0000 v18=0.0000 acc=1.0000 lr=1.27e-04 lambda=0.000 grl_lambda=0.993 v18_lambda=0.000 gpu=3.0/11.8GB
[20:02:52] [train] ep=57 step=020/40 ce=0.2917 sc=0.7168 mi=0.0661 dn=0.0000 v13=0.0005 grl=1.1033 v15=0.0000 v15r=0.0000 v16=0.0000 v17=0.0000 v18=0.0000 acc=1.0000 lr=1.26e-04 lambda=0.000 grl_lambda=0.993 v18_lambda=0.000 gpu=3.0/11.8GB
[20:02:58] [train] ep=57 step=030/40 ce=0.3098 sc=0.7392 mi=0.0645 dn=0.0000 v13=0.0006 grl=1.1009 v15=0.0000 v15r=0.0000 v16=0.0000 v17=0.0000 v18=0.0000 acc=0.9979 lr=1.25e-04 lambda=0.000 grl_lambda=0.993 v18_lambda=0.000 gpu=3.0/11.8GB
[20:03:04] [train] ep=57 step=040/40 ce=0.2991 sc=0.7559 mi=0.0651 dn=0.0000 v13=0.0006 grl=1.0914 v15=0.0000 v15r=0.0000 v16=0.0000 v17=0.0000 v18=0.0000 acc=0.9984 lr=1.24e-04 lambda=0.000 grl_lambda=0.993 v18_lambda=0.000 gpu=3.0/11.8GB
[20:03:15] [ep_summary] ep=57/100 val_live=0.9691/0.9694 val_ema=0.9691/0.9694 test77_live=0.7914/0.7836 test77_diag_ema=0.7842/0.7487 v13=0.0006 grl=1.0914 v15=0.0000 v15r=0.0000 v16=0.0000 v17=0.0000 v18=0.0000 das=stage3[12,95] p=1.00 ep_time=34.2s
[20:03:15] [save] best_sourcequalified77_ema ep=57 source_val_live=0.9691/0.9694 source_val_ema=0.9691/0.9694 test77_ema=0.7842/0.7487
[20:03:15] [train] epoch 58/100 steps=40 use_dann=0 das=stage3 f=[12.0,95.0] p=1.00 gpu=3.0/11.8GB
[20:03:15] [train] ep=58 step=001/40 ce=0.2606 sc=0.6322 mi=0.0576 dn=0.0000 v13=0.0004 grl=1.0432 v15=0.0000 v15r=0.0000 v16=0.0000 v17=0.0000 v18=0.0000 acc=1.0000 lr=1.23e-04 lambda=0.000 grl_lambda=0.993 v18_lambda=0.000 gpu=3.0/11.8GB
[20:03:21] [train] ep=58 step=010/40 ce=0.3614 sc=0.7749 mi=0.0636 dn=0.0000 v13=0.0005 grl=1.1032 v15=0.0000 v15r=0.0000 v16=0.0000 v17=0.0000 v18=0.0000 acc=0.9938 lr=1.22e-04 lambda=0.000 grl_lambda=0.993 v18_lambda=0.000 gpu=3.0/11.8GB
[20:03:27] [train] ep=58 step=020/40 ce=0.3149 sc=0.6977 mi=0.0626 dn=0.0000 v13=0.0005 grl=1.0905 v15=0.0000 v15r=0.0000 v16=0.0000 v17=0.0000 v18=0.0000 acc=0.9969 lr=1.21e-04 lambda=0.000 grl_lambda=0.994 v18_lambda=0.000 gpu=3.0/11.8GB
[20:03:33] [train] ep=58 step=030/40 ce=0.2971 sc=0.7256 mi=0.0630 dn=0.0000 v13=0.0005 grl=1.0899 v15=0.0000 v15r=0.0000 v16=0.0000 v17=0.0000 v18=0.0000 acc=0.9979 lr=1.20e-04 lambda=0.000 grl_lambda=0.994 v18_lambda=0.000 gpu=3.0/11.8GB
[20:03:38] [train] ep=58 step=040/40 ce=0.3134 sc=0.7812 mi=0.0637 dn=0.0000 v13=0.0005 grl=1.0928 v15=0.0000 v15r=0.0000 v16=0.0000 v17=0.0000 v18=0.0000 acc=0.9969 lr=1.19e-04 lambda=0.000 grl_lambda=0.994 v18_lambda=0.000 gpu=3.0/11.8GB
[20:03:49] [ep_summary] ep=58/100 val_live=0.9691/0.9694 val_ema=0.9691/0.9694 test77_live=0.7842/0.7761 test77_diag_ema=0.7806/0.7490 v13=0.0005 grl=1.0928 v15=0.0000 v15r=0.0000 v16=0.0000 v17=0.0000 v18=0.0000 das=stage3[12,95] p=1.00 ep_time=34.3s
[20:03:49] [save] best_sourcequalified77_ema ep=58 source_val_live=0.9691/0.9694 source_val_ema=0.9691/0.9694 test77_ema=0.7806/0.7490
[20:03:49] [train] epoch 59/100 steps=40 use_dann=0 das=stage3 f=[12.0,95.0] p=1.00 gpu=3.0/11.8GB
[20:03:50] [train] ep=59 step=001/40 ce=0.2589 sc=0.6143 mi=0.0660 dn=0.0000 v13=0.0004 grl=1.1361 v15=0.0000 v15r=0.0000 v16=0.0000 v17=0.0000 v18=0.0000 acc=1.0000 lr=1.19e-04 lambda=0.000 grl_lambda=0.994 v18_lambda=0.000 gpu=3.0/11.8GB
[20:03:55] [train] ep=59 step=010/40 ce=0.2590 sc=0.7403 mi=0.0671 dn=0.0000 v13=0.0005 grl=1.1055 v15=0.0000 v15r=0.0000 v16=0.0000 v17=0.0000 v18=0.0000 acc=1.0000 lr=1.18e-04 lambda=0.000 grl_lambda=0.994 v18_lambda=0.000 gpu=3.0/11.8GB
[20:04:01] [train] ep=59 step=020/40 ce=0.2673 sc=0.7205 mi=0.0644 dn=0.0000 v13=0.0004 grl=1.0956 v15=0.0000 v15r=0.0000 v16=0.0000 v17=0.0000 v18=0.0000 acc=1.0000 lr=1.16e-04 lambda=0.000 grl_lambda=0.994 v18_lambda=0.000 gpu=3.0/11.8GB
[20:04:07] [train] ep=59 step=030/40 ce=0.2793 sc=0.7384 mi=0.0648 dn=0.0000 v13=0.0005 grl=1.0922 v15=0.0000 v15r=0.0000 v16=0.0000 v17=0.0000 v18=0.0000 acc=0.9979 lr=1.15e-04 lambda=0.000 grl_lambda=0.994 v18_lambda=0.000 gpu=3.0/11.8GB
[20:04:13] [train] ep=59 step=040/40 ce=0.2742 sc=0.7523 mi=0.0644 dn=0.0000 v13=0.0005 grl=1.0835 v15=0.0000 v15r=0.0000 v16=0.0000 v17=0.0000 v18=0.0000 acc=0.9984 lr=1.14e-04 lambda=0.000 grl_lambda=0.995 v18_lambda=0.000 gpu=3.0/11.8GB
[20:04:45] [ep_summary] ep=59/100 val_live=0.9691/0.9694 val_ema=0.9691/0.9694 test77_live=0.7698/0.7587 test77_diag_ema=0.7770/0.7463 v13=0.0005 grl=1.0835 v15=0.0000 v15r=0.0000 v16=0.0000 v17=0.0000 v18=0.0000 das=stage3[12,95] p=1.00 ep_time=55.6s
[20:04:45] [train] epoch 60/100 steps=40 use_dann=0 das=stage3 f=[12.0,95.0] p=1.00 gpu=3.0/11.8GB
[20:04:45] [train] ep=60 step=001/40 ce=0.2589 sc=0.7595 mi=0.0713 dn=0.0000 v13=0.0004 grl=1.1034 v15=0.0000 v15r=0.0000 v16=0.0000 v17=0.0000 v18=0.0000 acc=1.0000 lr=1.14e-04 lambda=0.000 grl_lambda=0.995 v18_lambda=0.000 gpu=3.0/11.8GB
[20:04:51] [train] ep=60 step=010/40 ce=0.3442 sc=0.7636 mi=0.0628 dn=0.0000 v13=0.0005 grl=1.0718 v15=0.0000 v15r=0.0000 v16=0.0000 v17=0.0000 v18=0.0000 acc=0.9938 lr=1.13e-04 lambda=0.000 grl_lambda=0.995 v18_lambda=0.000 gpu=3.0/11.8GB
[20:04:57] [train] ep=60 step=020/40 ce=0.3195 sc=0.7365 mi=0.0628 dn=0.0000 v13=0.0006 grl=1.0798 v15=0.0000 v15r=0.0000 v16=0.0000 v17=0.0000 v18=0.0000 acc=0.9969 lr=1.12e-04 lambda=0.000 grl_lambda=0.995 v18_lambda=0.000 gpu=3.0/11.8GB
[20:05:02] [train] ep=60 step=030/40 ce=0.3119 sc=0.7730 mi=0.0636 dn=0.0000 v13=0.0005 grl=1.0919 v15=0.0000 v15r=0.0000 v16=0.0000 v17=0.0000 v18=0.0000 acc=0.9958 lr=1.11e-04 lambda=0.000 grl_lambda=0.995 v18_lambda=0.000 gpu=3.0/11.8GB
[20:05:08] [train] ep=60 step=040/40 ce=0.2986 sc=0.7529 mi=0.0654 dn=0.0000 v13=0.0005 grl=1.1000 v15=0.0000 v15r=0.0000 v16=0.0000 v17=0.0000 v18=0.0000 acc=0.9969 lr=1.09e-04 lambda=0.000 grl_lambda=0.995 v18_lambda=0.000 gpu=3.0/11.8GB
[20:05:20] [pool] check ep=060/100 source_val_acc_ema=0.9691 threshold=0.90
[20:05:29] [pool] ep=060 ADDED src_val=0.9691/0.9694 dev77=0.7000/0.6648 final77=0.7806/0.7529
[20:05:29] [pool] running best ep=060 dev77_f1=0.6648 final77_f1=0.7529 (pool_size=3)
[20:05:29] [ep_summary] ep=60/100 val_live=0.9691/0.9694 val_ema=0.9691/0.9694 test77_live=0.7698/0.7614 test77_diag_ema=0.7806/0.7529 v13=0.0005 grl=1.1000 v15=0.0000 v15r=0.0000 v16=0.0000 v17=0.0000 v18=0.0000 das=stage3[12,95] p=1.00 ep_time=44.5s
[20:05:29] [save] best_sourcequalified77_ema ep=60 source_val_live=0.9691/0.9694 source_val_ema=0.9691/0.9694 test77_ema=0.7806/0.7529
[20:05:29] [strict77_monitor] ep=60 best_source_epoch=45 source_val_ema=0.9753/0.9757 test77_ema_diag=0.7122/0.6454 sourcequalified_count=27 best_sourcequalified77_epoch=60 source_val_ema=0.9691/0.9694 test77_ema=0.7806/0.7529
[20:05:29] [train] epoch 61/100 steps=40 use_dann=0 das=stage3 f=[12.0,95.0] p=1.00 gpu=3.0/11.8GB
[20:05:30] [train] ep=61 step=001/40 ce=0.2579 sc=0.7871 mi=0.0640 dn=0.0000 v13=0.0005 grl=1.0815 v15=0.0000 v15r=0.0000 v16=0.0000 v17=0.0000 v18=0.0000 acc=1.0000 lr=1.09e-04 lambda=0.000 grl_lambda=0.995 v18_lambda=0.000 gpu=3.0/11.8GB
[20:05:35] [train] ep=61 step=010/40 ce=0.3042 sc=0.7623 mi=0.0587 dn=0.0000 v13=0.0005 grl=1.0908 v15=0.0000 v15r=0.0000 v16=0.0000 v17=0.0000 v18=0.0000 acc=0.9938 lr=1.08e-04 lambda=0.000 grl_lambda=0.995 v18_lambda=0.000 gpu=3.0/11.8GB
[20:05:41] [train] ep=61 step=020/40 ce=0.3026 sc=0.7513 mi=0.0599 dn=0.0000 v13=0.0005 grl=1.0909 v15=0.0000 v15r=0.0000 v16=0.0000 v17=0.0000 v18=0.0000 acc=0.9938 lr=1.07e-04 lambda=0.000 grl_lambda=0.995 v18_lambda=0.000 gpu=3.0/11.8GB
[20:05:47] [train] ep=61 step=030/40 ce=0.2885 sc=0.7132 mi=0.0599 dn=0.0000 v13=0.0005 grl=1.0894 v15=0.0000 v15r=0.0000 v16=0.0000 v17=0.0000 v18=0.0000 acc=0.9958 lr=1.06e-04 lambda=0.000 grl_lambda=0.995 v18_lambda=0.000 gpu=3.0/11.8GB
[20:05:53] [train] ep=61 step=040/40 ce=0.3137 sc=0.7619 mi=0.0602 dn=0.0000 v13=0.0005 grl=1.0863 v15=0.0000 v15r=0.0000 v16=0.0000 v17=0.0000 v18=0.0000 acc=0.9953 lr=1.05e-04 lambda=0.000 grl_lambda=0.996 v18_lambda=0.000 gpu=3.0/11.8GB
[20:06:04] [ep_summary] ep=61/100 val_live=0.9691/0.9694 val_ema=0.9691/0.9694 test77_live=0.7626/0.7420 test77_diag_ema=0.7842/0.7587 v13=0.0005 grl=1.0863 v15=0.0000 v15r=0.0000 v16=0.0000 v17=0.0000 v18=0.0000 das=stage3[12,95] p=1.00 ep_time=34.4s
[20:06:04] [save] best_sourcequalified77_ema ep=61 source_val_live=0.9691/0.9694 source_val_ema=0.9691/0.9694 test77_ema=0.7842/0.7587
[20:06:04] [train] epoch 62/100 steps=40 use_dann=0 das=stage3 f=[12.0,95.0] p=1.00 gpu=3.0/11.8GB
[20:06:04] [train] ep=62 step=001/40 ce=0.2574 sc=0.8390 mi=0.0730 dn=0.0000 v13=0.0004 grl=1.0492 v15=0.0000 v15r=0.0000 v16=0.0000 v17=0.0000 v18=0.0000 acc=1.0000 lr=1.05e-04 lambda=0.000 grl_lambda=0.996 v18_lambda=0.000 gpu=3.0/11.8GB
[20:06:10] [train] ep=62 step=010/40 ce=0.3189 sc=0.8334 mi=0.0649 dn=0.0000 v13=0.0006 grl=1.0906 v15=0.0000 v15r=0.0000 v16=0.0000 v17=0.0000 v18=0.0000 acc=0.9938 lr=1.04e-04 lambda=0.000 grl_lambda=0.996 v18_lambda=0.000 gpu=3.0/11.8GB
[20:06:15] [train] ep=62 step=020/40 ce=0.2890 sc=0.7814 mi=0.0657 dn=0.0000 v13=0.0005 grl=1.0947 v15=0.0000 v15r=0.0000 v16=0.0000 v17=0.0000 v18=0.0000 acc=0.9969 lr=1.02e-04 lambda=0.000 grl_lambda=0.996 v18_lambda=0.000 gpu=3.0/11.8GB
[20:06:21] [train] ep=62 step=030/40 ce=0.2807 sc=0.7508 mi=0.0650 dn=0.0000 v13=0.0005 grl=1.0904 v15=0.0000 v15r=0.0000 v16=0.0000 v17=0.0000 v18=0.0000 acc=0.9979 lr=1.01e-04 lambda=0.000 grl_lambda=0.996 v18_lambda=0.000 gpu=3.0/11.8GB
[20:06:27] [train] ep=62 step=040/40 ce=0.2844 sc=0.7687 mi=0.0646 dn=0.0000 v13=0.0005 grl=1.0950 v15=0.0000 v15r=0.0000 v16=0.0000 v17=0.0000 v18=0.0000 acc=0.9984 lr=1.00e-04 lambda=0.000 grl_lambda=0.996 v18_lambda=0.000 gpu=3.0/11.8GB
[20:06:38] [ep_summary] ep=62/100 val_live=0.9691/0.9694 val_ema=0.9691/0.9694 test77_live=0.7770/0.7558 test77_diag_ema=0.7806/0.7557 v13=0.0005 grl=1.0950 v15=0.0000 v15r=0.0000 v16=0.0000 v17=0.0000 v18=0.0000 das=stage3[12,95] p=1.00 ep_time=34.1s
[20:06:38] [train] epoch 63/100 steps=40 use_dann=0 das=stage3 f=[12.0,95.0] p=1.00 gpu=3.0/11.8GB
[20:06:38] [train] ep=63 step=001/40 ce=0.2565 sc=0.7364 mi=0.0747 dn=0.0000 v13=0.0004 grl=1.1122 v15=0.0000 v15r=0.0000 v16=0.0000 v17=0.0000 v18=0.0000 acc=1.0000 lr=1.00e-04 lambda=0.000 grl_lambda=0.996 v18_lambda=0.000 gpu=3.0/11.8GB
[20:06:44] [train] ep=63 step=010/40 ce=0.4024 sc=0.7634 mi=0.0637 dn=0.0000 v13=0.0006 grl=1.1011 v15=0.0000 v15r=0.0000 v16=0.0000 v17=0.0000 v18=0.0000 acc=0.9938 lr=9.89e-05 lambda=0.000 grl_lambda=0.996 v18_lambda=0.000 gpu=3.0/11.8GB
[20:06:50] [train] ep=63 step=020/40 ce=0.3307 sc=0.7547 mi=0.0632 dn=0.0000 v13=0.0005 grl=1.0961 v15=0.0000 v15r=0.0000 v16=0.0000 v17=0.0000 v18=0.0000 acc=0.9969 lr=9.78e-05 lambda=0.000 grl_lambda=0.996 v18_lambda=0.000 gpu=3.0/11.8GB
[20:06:56] [train] ep=63 step=030/40 ce=0.3289 sc=0.7742 mi=0.0639 dn=0.0000 v13=0.0005 grl=1.0964 v15=0.0000 v15r=0.0000 v16=0.0000 v17=0.0000 v18=0.0000 acc=0.9958 lr=9.67e-05 lambda=0.000 grl_lambda=0.996 v18_lambda=0.000 gpu=3.0/11.8GB
[20:07:01] [train] ep=63 step=040/40 ce=0.3121 sc=0.7356 mi=0.0644 dn=0.0000 v13=0.0005 grl=1.0957 v15=0.0000 v15r=0.0000 v16=0.0000 v17=0.0000 v18=0.0000 acc=0.9969 lr=9.55e-05 lambda=0.000 grl_lambda=0.996 v18_lambda=0.000 gpu=3.0/11.8GB
[20:07:12] [ep_summary] ep=63/100 val_live=0.9630/0.9631 val_ema=0.9691/0.9694 test77_live=0.7374/0.7268 test77_diag_ema=0.7842/0.7593 v13=0.0005 grl=1.0957 v15=0.0000 v15r=0.0000 v16=0.0000 v17=0.0000 v18=0.0000 das=stage3[12,95] p=1.00 ep_time=34.3s
[20:07:12] [save] best_sourcequalified77_ema ep=63 source_val_live=0.9630/0.9631 source_val_ema=0.9691/0.9694 test77_ema=0.7842/0.7593
[20:07:12] [train] epoch 64/100 steps=40 use_dann=0 das=stage3 f=[12.0,95.0] p=1.00 gpu=3.0/11.8GB
[20:07:13] [train] ep=64 step=001/40 ce=0.2597 sc=0.6149 mi=0.0664 dn=0.0000 v13=0.0006 grl=1.0587 v15=0.0000 v15r=0.0000 v16=0.0000 v17=0.0000 v18=0.0000 acc=1.0000 lr=9.54e-05 lambda=0.000 grl_lambda=0.996 v18_lambda=0.000 gpu=3.0/11.8GB
[20:07:18] [train] ep=64 step=010/40 ce=0.2679 sc=0.7750 mi=0.0620 dn=0.0000 v13=0.0007 grl=1.0726 v15=0.0000 v15r=0.0000 v16=0.0000 v17=0.0000 v18=0.0000 acc=1.0000 lr=9.44e-05 lambda=0.000 grl_lambda=0.996 v18_lambda=0.000 gpu=3.0/11.8GB
[20:07:24] [train] ep=64 step=020/40 ce=0.2632 sc=0.7775 mi=0.0623 dn=0.0000 v13=0.0006 grl=1.0867 v15=0.0000 v15r=0.0000 v16=0.0000 v17=0.0000 v18=0.0000 acc=1.0000 lr=9.33e-05 lambda=0.000 grl_lambda=0.997 v18_lambda=0.000 gpu=3.0/11.8GB
[20:07:30] [train] ep=64 step=030/40 ce=0.2839 sc=0.7510 mi=0.0619 dn=0.0000 v13=0.0005 grl=1.0822 v15=0.0000 v15r=0.0000 v16=0.0000 v17=0.0000 v18=0.0000 acc=0.9979 lr=9.21e-05 lambda=0.000 grl_lambda=0.997 v18_lambda=0.000 gpu=3.0/11.8GB
[20:07:36] [train] ep=64 step=040/40 ce=0.3008 sc=0.7812 mi=0.0635 dn=0.0000 v13=0.0005 grl=1.0856 v15=0.0000 v15r=0.0000 v16=0.0000 v17=0.0000 v18=0.0000 acc=0.9969 lr=9.10e-05 lambda=0.000 grl_lambda=0.997 v18_lambda=0.000 gpu=3.0/11.8GB
[20:07:47] [ep_summary] ep=64/100 val_live=0.9691/0.9694 val_ema=0.9691/0.9694 test77_live=0.6475/0.6240 test77_diag_ema=0.7842/0.7593 v13=0.0005 grl=1.0856 v15=0.0000 v15r=0.0000 v16=0.0000 v17=0.0000 v18=0.0000 das=stage3[12,95] p=1.00 ep_time=35.3s
[20:07:47] [train] epoch 65/100 steps=40 use_dann=0 das=stage3 f=[12.0,95.0] p=1.00 gpu=3.0/11.8GB
[20:07:48] [train] ep=65 step=001/40 ce=0.2743 sc=0.5460 mi=0.0554 dn=0.0000 v13=0.0006 grl=1.1078 v15=0.0000 v15r=0.0000 v16=0.0000 v17=0.0000 v18=0.0000 acc=1.0000 lr=9.09e-05 lambda=0.000 grl_lambda=0.997 v18_lambda=0.000 gpu=3.0/11.8GB
[20:07:53] [train] ep=65 step=010/40 ce=0.3281 sc=0.7568 mi=0.0644 dn=0.0000 v13=0.0006 grl=1.0941 v15=0.0000 v15r=0.0000 v16=0.0000 v17=0.0000 v18=0.0000 acc=0.9938 lr=8.99e-05 lambda=0.000 grl_lambda=0.997 v18_lambda=0.000 gpu=3.0/11.8GB
[20:07:59] [train] ep=65 step=020/40 ce=0.3799 sc=0.7346 mi=0.0643 dn=0.0000 v13=0.0006 grl=1.0967 v15=0.0000 v15r=0.0000 v16=0.0000 v17=0.0000 v18=0.0000 acc=0.9875 lr=8.88e-05 lambda=0.000 grl_lambda=0.997 v18_lambda=0.000 gpu=3.0/11.8GB
[20:08:05] [train] ep=65 step=030/40 ce=0.3728 sc=0.7906 mi=0.0650 dn=0.0000 v13=0.0005 grl=1.1033 v15=0.0000 v15r=0.0000 v16=0.0000 v17=0.0000 v18=0.0000 acc=0.9896 lr=8.77e-05 lambda=0.000 grl_lambda=0.997 v18_lambda=0.000 gpu=3.0/11.8GB
[20:08:11] [train] ep=65 step=040/40 ce=0.3711 sc=0.7716 mi=0.0639 dn=0.0000 v13=0.0005 grl=1.1015 v15=0.0000 v15r=0.0000 v16=0.0000 v17=0.0000 v18=0.0000 acc=0.9891 lr=8.66e-05 lambda=0.000 grl_lambda=0.997 v18_lambda=0.000 gpu=3.0/11.8GB
[20:08:22] [ep_summary] ep=65/100 val_live=0.9630/0.9631 val_ema=0.9691/0.9694 test77_live=0.7122/0.6719 test77_diag_ema=0.7770/0.7500 v13=0.0005 grl=1.1015 v15=0.0000 v15r=0.0000 v16=0.0000 v17=0.0000 v18=0.0000 das=stage3[12,95] p=1.00 ep_time=34.3s
[20:08:22] [train] epoch 66/100 steps=40 use_dann=0 das=stage3 f=[12.0,95.0] p=1.00 gpu=3.0/11.8GB
[20:08:22] [train] ep=66 step=001/40 ce=0.2630 sc=0.7624 mi=0.0624 dn=0.0000 v13=0.0004 grl=1.0880 v15=0.0000 v15r=0.0000 v16=0.0000 v17=0.0000 v18=0.0000 acc=1.0000 lr=8.65e-05 lambda=0.000 grl_lambda=0.997 v18_lambda=0.000 gpu=3.0/11.8GB
[20:08:28] [train] ep=66 step=010/40 ce=0.3619 sc=0.8821 mi=0.0613 dn=0.0000 v13=0.0005 grl=1.0758 v15=0.0000 v15r=0.0000 v16=0.0000 v17=0.0000 v18=0.0000 acc=0.9938 lr=8.55e-05 lambda=0.000 grl_lambda=0.997 v18_lambda=0.000 gpu=3.0/11.8GB
[20:08:34] [train] ep=66 step=020/40 ce=0.4010 sc=0.8350 mi=0.0625 dn=0.0000 v13=0.0005 grl=1.0890 v15=0.0000 v15r=0.0000 v16=0.0000 v17=0.0000 v18=0.0000 acc=0.9875 lr=8.44e-05 lambda=0.000 grl_lambda=0.997 v18_lambda=0.000 gpu=3.0/11.8GB
[20:08:39] [train] ep=66 step=030/40 ce=0.3547 sc=0.8203 mi=0.0635 dn=0.0000 v13=0.0005 grl=1.0842 v15=0.0000 v15r=0.0000 v16=0.0000 v17=0.0000 v18=0.0000 acc=0.9917 lr=8.33e-05 lambda=0.000 grl_lambda=0.997 v18_lambda=0.000 gpu=3.0/11.8GB
[20:08:45] [train] ep=66 step=040/40 ce=0.3318 sc=0.7724 mi=0.0639 dn=0.0000 v13=0.0005 grl=1.0888 v15=0.0000 v15r=0.0000 v16=0.0000 v17=0.0000 v18=0.0000 acc=0.9938 lr=8.22e-05 lambda=0.000 grl_lambda=0.997 v18_lambda=0.000 gpu=3.0/11.8GB
[20:08:56] [ep_summary] ep=66/100 val_live=0.9753/0.9756 val_ema=0.9691/0.9694 test77_live=0.6871/0.6545 test77_diag_ema=0.7770/0.7500 v13=0.0005 grl=1.0888 v15=0.0000 v15r=0.0000 v16=0.0000 v17=0.0000 v18=0.0000 das=stage3[12,95] p=1.00 ep_time=34.1s
[20:08:56] [train] epoch 67/100 steps=40 use_dann=0 das=stage3 f=[12.0,95.0] p=1.00 gpu=3.0/11.8GB
[20:08:56] [train] ep=67 step=001/40 ce=0.2585 sc=0.7129 mi=0.0632 dn=0.0000 v13=0.0002 grl=1.0312 v15=0.0000 v15r=0.0000 v16=0.0000 v17=0.0000 v18=0.0000 acc=1.0000 lr=8.21e-05 lambda=0.000 grl_lambda=0.997 v18_lambda=0.000 gpu=3.0/11.8GB
[20:09:02] [train] ep=67 step=010/40 ce=0.3703 sc=0.8756 mi=0.0655 dn=0.0000 v13=0.0005 grl=1.0937 v15=0.0000 v15r=0.0000 v16=0.0000 v17=0.0000 v18=0.0000 acc=0.9938 lr=8.11e-05 lambda=0.000 grl_lambda=0.997 v18_lambda=0.000 gpu=3.0/11.8GB
[20:09:08] [train] ep=67 step=020/40 ce=0.4169 sc=0.8792 mi=0.0670 dn=0.0000 v13=0.0005 grl=1.0862 v15=0.0000 v15r=0.0000 v16=0.0000 v17=0.0000 v18=0.0000 acc=0.9875 lr=8.01e-05 lambda=0.000 grl_lambda=0.997 v18_lambda=0.000 gpu=3.0/11.8GB
[20:09:14] [train] ep=67 step=030/40 ce=0.3650 sc=0.8365 mi=0.0643 dn=0.0000 v13=0.0005 grl=1.0805 v15=0.0000 v15r=0.0000 v16=0.0000 v17=0.0000 v18=0.0000 acc=0.9917 lr=7.90e-05 lambda=0.000 grl_lambda=0.997 v18_lambda=0.000 gpu=3.0/11.8GB
[20:09:19] [train] ep=67 step=040/40 ce=0.3385 sc=0.8185 mi=0.0634 dn=0.0000 v13=0.0005 grl=1.0799 v15=0.0000 v15r=0.0000 v16=0.0000 v17=0.0000 v18=0.0000 acc=0.9938 lr=7.79e-05 lambda=0.000 grl_lambda=0.998 v18_lambda=0.000 gpu=3.0/11.8GB
[20:09:32] [ep_summary] ep=67/100 val_live=0.9753/0.9756 val_ema=0.9691/0.9694 test77_live=0.7302/0.7154 test77_diag_ema=0.7770/0.7500 v13=0.0005 grl=1.0799 v15=0.0000 v15r=0.0000 v16=0.0000 v17=0.0000 v18=0.0000 das=stage3[12,95] p=1.00 ep_time=36.7s
[20:09:32] [train] epoch 68/100 steps=40 use_dann=0 das=stage3 f=[12.0,95.0] p=1.00 gpu=3.0/11.8GB
[20:09:33] [train] ep=68 step=001/40 ce=0.2603 sc=1.0420 mi=0.0758 dn=0.0000 v13=0.0004 grl=1.0956 v15=0.0000 v15r=0.0000 v16=0.0000 v17=0.0000 v18=0.0000 acc=1.0000 lr=7.78e-05 lambda=0.000 grl_lambda=0.998 v18_lambda=0.000 gpu=3.0/11.8GB
[20:09:38] [train] ep=68 step=010/40 ce=0.2736 sc=0.7067 mi=0.0628 dn=0.0000 v13=0.0004 grl=1.0886 v15=0.0000 v15r=0.0000 v16=0.0000 v17=0.0000 v18=0.0000 acc=1.0000 lr=7.69e-05 lambda=0.000 grl_lambda=0.998 v18_lambda=0.000 gpu=3.0/11.8GB
[20:09:44] [train] ep=68 step=020/40 ce=0.3152 sc=0.7839 mi=0.0647 dn=0.0000 v13=0.0005 grl=1.0972 v15=0.0000 v15r=0.0000 v16=0.0000 v17=0.0000 v18=0.0000 acc=0.9969 lr=7.58e-05 lambda=0.000 grl_lambda=0.998 v18_lambda=0.000 gpu=3.0/11.8GB
[20:09:50] [train] ep=68 step=030/40 ce=0.2975 sc=0.7576 mi=0.0645 dn=0.0000 v13=0.0005 grl=1.0994 v15=0.0000 v15r=0.0000 v16=0.0000 v17=0.0000 v18=0.0000 acc=0.9979 lr=7.48e-05 lambda=0.000 grl_lambda=0.998 v18_lambda=0.000 gpu=3.0/11.8GB
[20:09:56] [train] ep=68 step=040/40 ce=0.3026 sc=0.7564 mi=0.0638 dn=0.0000 v13=0.0004 grl=1.0942 v15=0.0000 v15r=0.0000 v16=0.0000 v17=0.0000 v18=0.0000 acc=0.9969 lr=7.37e-05 lambda=0.000 grl_lambda=0.998 v18_lambda=0.000 gpu=3.0/11.8GB
[20:10:07] [ep_summary] ep=68/100 val_live=0.9815/0.9817 val_ema=0.9691/0.9694 test77_live=0.6655/0.6367 test77_diag_ema=0.7734/0.7477 v13=0.0004 grl=1.0942 v15=0.0000 v15r=0.0000 v16=0.0000 v17=0.0000 v18=0.0000 das=stage3[12,95] p=1.00 ep_time=34.4s
[20:10:07] [train] epoch 69/100 steps=40 use_dann=0 das=stage3 f=[12.0,95.0] p=1.00 gpu=3.0/11.8GB
[20:10:07] [train] ep=69 step=001/40 ce=0.2591 sc=0.9619 mi=0.0623 dn=0.0000 v13=0.0003 grl=1.0992 v15=0.0000 v15r=0.0000 v16=0.0000 v17=0.0000 v18=0.0000 acc=1.0000 lr=7.36e-05 lambda=0.000 grl_lambda=0.998 v18_lambda=0.000 gpu=3.0/11.8GB
[20:10:13] [train] ep=69 step=010/40 ce=0.2898 sc=0.8605 mi=0.0643 dn=0.0000 v13=0.0005 grl=1.0988 v15=0.0000 v15r=0.0000 v16=0.0000 v17=0.0000 v18=0.0000 acc=1.0000 lr=7.27e-05 lambda=0.000 grl_lambda=0.998 v18_lambda=0.000 gpu=3.0/11.8GB
[20:10:19] [train] ep=69 step=020/40 ce=0.2742 sc=0.7874 mi=0.0634 dn=0.0000 v13=0.0005 grl=1.0926 v15=0.0000 v15r=0.0000 v16=0.0000 v17=0.0000 v18=0.0000 acc=1.0000 lr=7.16e-05 lambda=0.000 grl_lambda=0.998 v18_lambda=0.000 gpu=3.0/11.8GB
[20:10:25] [train] ep=69 step=030/40 ce=0.2866 sc=0.7828 mi=0.0640 dn=0.0000 v13=0.0005 grl=1.0997 v15=0.0000 v15r=0.0000 v16=0.0000 v17=0.0000 v18=0.0000 acc=0.9979 lr=7.06e-05 lambda=0.000 grl_lambda=0.998 v18_lambda=0.000 gpu=3.0/11.8GB
[20:10:31] [train] ep=69 step=040/40 ce=0.3021 sc=0.7825 mi=0.0635 dn=0.0000 v13=0.0005 grl=1.1025 v15=0.0000 v15r=0.0000 v16=0.0000 v17=0.0000 v18=0.0000 acc=0.9984 lr=6.96e-05 lambda=0.000 grl_lambda=0.998 v18_lambda=0.000 gpu=3.0/11.8GB
[20:10:42] [ep_summary] ep=69/100 val_live=0.9691/0.9694 val_ema=0.9691/0.9694 test77_live=0.7410/0.7236 test77_diag_ema=0.7734/0.7477 v13=0.0005 grl=1.1025 v15=0.0000 v15r=0.0000 v16=0.0000 v17=0.0000 v18=0.0000 das=stage3[12,95] p=1.00 ep_time=35.2s
[20:10:42] [train] epoch 70/100 steps=40 use_dann=0 das=stage3 f=[12.0,95.0] p=1.00 gpu=3.0/11.8GB
[20:10:43] [train] ep=70 step=001/40 ce=0.2577 sc=1.0465 mi=0.0625 dn=0.0000 v13=0.0006 grl=1.0678 v15=0.0000 v15r=0.0000 v16=0.0000 v17=0.0000 v18=0.0000 acc=1.0000 lr=6.95e-05 lambda=0.000 grl_lambda=0.998 v18_lambda=0.000 gpu=3.0/11.8GB
[20:10:48] [train] ep=70 step=010/40 ce=0.3397 sc=0.9171 mi=0.0613 dn=0.0000 v13=0.0005 grl=1.0705 v15=0.0000 v15r=0.0000 v16=0.0000 v17=0.0000 v18=0.0000 acc=0.9938 lr=6.85e-05 lambda=0.000 grl_lambda=0.998 v18_lambda=0.000 gpu=3.0/11.8GB
[20:10:54] [train] ep=70 step=020/40 ce=0.3436 sc=0.8888 mi=0.0629 dn=0.0000 v13=0.0005 grl=1.0865 v15=0.0000 v15r=0.0000 v16=0.0000 v17=0.0000 v18=0.0000 acc=0.9938 lr=6.75e-05 lambda=0.000 grl_lambda=0.998 v18_lambda=0.000 gpu=3.0/11.8GB
[20:11:00] [train] ep=70 step=030/40 ce=0.3154 sc=0.8379 mi=0.0634 dn=0.0000 v13=0.0005 grl=1.0858 v15=0.0000 v15r=0.0000 v16=0.0000 v17=0.0000 v18=0.0000 acc=0.9958 lr=6.65e-05 lambda=0.000 grl_lambda=0.998 v18_lambda=0.000 gpu=3.0/11.8GB
[20:11:06] [train] ep=70 step=040/40 ce=0.3376 sc=0.8461 mi=0.0633 dn=0.0000 v13=0.0005 grl=1.0845 v15=0.0000 v15r=0.0000 v16=0.0000 v17=0.0000 v18=0.0000 acc=0.9938 lr=6.55e-05 lambda=0.000 grl_lambda=0.998 v18_lambda=0.000 gpu=3.0/11.8GB
[20:11:19] [pool] check ep=070/100 source_val_acc_ema=0.9691 threshold=0.90
[20:11:24] [pool] ep=070 ADDED src_val=0.9691/0.9694 dev77=0.7357/0.7097 final77=0.7770/0.7513
[20:11:24] [pool] running best ep=070 dev77_f1=0.7097 final77_f1=0.7513 (pool_size=4)
[20:11:24] [ep_summary] ep=70/100 val_live=0.9691/0.9694 val_ema=0.9691/0.9694 test77_live=0.7626/0.7454 test77_diag_ema=0.7770/0.7513 v13=0.0005 grl=1.0845 v15=0.0000 v15r=0.0000 v16=0.0000 v17=0.0000 v18=0.0000 das=stage3[12,95] p=1.00 ep_time=42.3s
[20:11:24] [strict77_monitor] ep=70 best_source_epoch=45 source_val_ema=0.9753/0.9757 test77_ema_diag=0.7122/0.6454 sourcequalified_count=37 best_sourcequalified77_epoch=63 source_val_ema=0.9691/0.9694 test77_ema=0.7842/0.7593
[20:11:24] [train] epoch 71/100 steps=40 use_dann=0 das=stage3 f=[12.0,95.0] p=1.00 gpu=3.0/11.8GB
[20:11:25] [train] ep=71 step=001/40 ce=0.5025 sc=0.8409 mi=0.0681 dn=0.0000 v13=0.0002 grl=1.0919 v15=0.0000 v15r=0.0000 v16=0.0000 v17=0.0000 v18=0.0000 acc=1.0000 lr=6.54e-05 lambda=0.000 grl_lambda=0.998 v18_lambda=0.000 gpu=3.0/11.8GB
[20:11:30] [train] ep=71 step=010/40 ce=0.3573 sc=0.8894 mi=0.0641 dn=0.0000 v13=0.0004 grl=1.0895 v15=0.0000 v15r=0.0000 v16=0.0000 v17=0.0000 v18=0.0000 acc=0.9938 lr=6.45e-05 lambda=0.000 grl_lambda=0.998 v18_lambda=0.000 gpu=3.0/11.8GB
[20:11:36] [train] ep=71 step=020/40 ce=0.3663 sc=0.8167 mi=0.0615 dn=0.0000 v13=0.0004 grl=1.0935 v15=0.0000 v15r=0.0000 v16=0.0000 v17=0.0000 v18=0.0000 acc=0.9906 lr=6.35e-05 lambda=0.000 grl_lambda=0.998 v18_lambda=0.000 gpu=3.0/11.8GB
[20:11:42] [train] ep=71 step=030/40 ce=0.3365 sc=0.8029 mi=0.0613 dn=0.0000 v13=0.0004 grl=1.0945 v15=0.0000 v15r=0.0000 v16=0.0000 v17=0.0000 v18=0.0000 acc=0.9938 lr=6.25e-05 lambda=0.000 grl_lambda=0.998 v18_lambda=0.000 gpu=3.0/11.8GB
[20:11:48] [train] ep=71 step=040/40 ce=0.3290 sc=0.7647 mi=0.0626 dn=0.0000 v13=0.0004 grl=1.0988 v15=0.0000 v15r=0.0000 v16=0.0000 v17=0.0000 v18=0.0000 acc=0.9938 lr=6.15e-05 lambda=0.000 grl_lambda=0.998 v18_lambda=0.000 gpu=3.0/11.8GB
[20:11:58] [ep_summary] ep=71/100 val_live=0.9630/0.9631 val_ema=0.9691/0.9694 test77_live=0.7230/0.6930 test77_diag_ema=0.7770/0.7513 v13=0.0004 grl=1.0988 v15=0.0000 v15r=0.0000 v16=0.0000 v17=0.0000 v18=0.0000 das=stage3[12,95] p=1.00 ep_time=34.2s
[20:11:59] [train] epoch 72/100 steps=40 use_dann=0 das=stage3 f=[12.0,95.0] p=1.00 gpu=3.0/11.8GB
[20:11:59] [train] ep=72 step=001/40 ce=0.3790 sc=0.7594 mi=0.0646 dn=0.0000 v13=0.0004 grl=1.0838 v15=0.0000 v15r=0.0000 v16=0.0000 v17=0.0000 v18=0.0000 acc=1.0000 lr=6.14e-05 lambda=0.000 grl_lambda=0.998 v18_lambda=0.000 gpu=3.0/11.8GB
[20:12:04] [train] ep=72 step=010/40 ce=0.3463 sc=0.8051 mi=0.0592 dn=0.0000 v13=0.0003 grl=1.0855 v15=0.0000 v15r=0.0000 v16=0.0000 v17=0.0000 v18=0.0000 acc=0.9938 lr=6.06e-05 lambda=0.000 grl_lambda=0.998 v18_lambda=0.000 gpu=3.0/11.8GB
[20:12:10] [train] ep=72 step=020/40 ce=0.3074 sc=0.7576 mi=0.0610 dn=0.0000 v13=0.0004 grl=1.1032 v15=0.0000 v15r=0.0000 v16=0.0000 v17=0.0000 v18=0.0000 acc=0.9969 lr=5.96e-05 lambda=0.000 grl_lambda=0.998 v18_lambda=0.000 gpu=3.0/11.8GB
[20:12:16] [train] ep=72 step=030/40 ce=0.3105 sc=0.7618 mi=0.0617 dn=0.0000 v13=0.0005 grl=1.1014 v15=0.0000 v15r=0.0000 v16=0.0000 v17=0.0000 v18=0.0000 acc=0.9979 lr=5.86e-05 lambda=0.000 grl_lambda=0.998 v18_lambda=0.000 gpu=3.0/11.8GB
[20:12:22] [train] ep=72 step=040/40 ce=0.2991 sc=0.7375 mi=0.0623 dn=0.0000 v13=0.0005 grl=1.0982 v15=0.0000 v15r=0.0000 v16=0.0000 v17=0.0000 v18=0.0000 acc=0.9984 lr=5.77e-05 lambda=0.000 grl_lambda=0.999 v18_lambda=0.000 gpu=3.0/11.8GB
[20:13:12] [ep_summary] ep=72/100 val_live=0.9753/0.9756 val_ema=0.9691/0.9694 test77_live=0.7374/0.7076 test77_diag_ema=0.7734/0.7482 v13=0.0005 grl=1.0982 v15=0.0000 v15r=0.0000 v16=0.0000 v17=0.0000 v18=0.0000 das=stage3[12,95] p=1.00 ep_time=73.4s
[20:13:12] [train] epoch 73/100 steps=40 use_dann=0 das=stage3 f=[12.0,95.0] p=1.00 gpu=3.0/11.8GB
[20:13:12] [train] ep=73 step=001/40 ce=0.2571 sc=1.1021 mi=0.0635 dn=0.0000 v13=0.0004 grl=1.1339 v15=0.0000 v15r=0.0000 v16=0.0000 v17=0.0000 v18=0.0000 acc=1.0000 lr=5.76e-05 lambda=0.000 grl_lambda=0.999 v18_lambda=0.000 gpu=3.0/11.8GB
[20:13:18] [train] ep=73 step=010/40 ce=0.3748 sc=0.7769 mi=0.0640 dn=0.0000 v13=0.0004 grl=1.0971 v15=0.0000 v15r=0.0000 v16=0.0000 v17=0.0000 v18=0.0000 acc=0.9875 lr=5.67e-05 lambda=0.000 grl_lambda=0.999 v18_lambda=0.000 gpu=3.0/11.8GB
[20:13:24] [train] ep=73 step=020/40 ce=0.3247 sc=0.7675 mi=0.0621 dn=0.0000 v13=0.0004 grl=1.0951 v15=0.0000 v15r=0.0000 v16=0.0000 v17=0.0000 v18=0.0000 acc=0.9938 lr=5.58e-05 lambda=0.000 grl_lambda=0.999 v18_lambda=0.000 gpu=3.0/11.8GB
[20:13:29] [train] ep=73 step=030/40 ce=0.3064 sc=0.7686 mi=0.0626 dn=0.0000 v13=0.0004 grl=1.0944 v15=0.0000 v15r=0.0000 v16=0.0000 v17=0.0000 v18=0.0000 acc=0.9958 lr=5.48e-05 lambda=0.000 grl_lambda=0.999 v18_lambda=0.000 gpu=3.0/11.8GB
[20:13:35] [train] ep=73 step=040/40 ce=0.2971 sc=0.7724 mi=0.0626 dn=0.0000 v13=0.0004 grl=1.0901 v15=0.0000 v15r=0.0000 v16=0.0000 v17=0.0000 v18=0.0000 acc=0.9969 lr=5.39e-05 lambda=0.000 grl_lambda=0.999 v18_lambda=0.000 gpu=3.0/11.8GB
[20:14:03] [ep_summary] ep=73/100 val_live=0.9506/0.9503 val_ema=0.9691/0.9694 test77_live=0.7626/0.7436 test77_diag_ema=0.7698/0.7443 v13=0.0004 grl=1.0901 v15=0.0000 v15r=0.0000 v16=0.0000 v17=0.0000 v18=0.0000 das=stage3[12,95] p=1.00 ep_time=50.8s
[20:14:03] [train] epoch 74/100 steps=40 use_dann=0 das=stage3 f=[12.0,95.0] p=1.00 gpu=3.0/11.8GB
[20:14:04] [train] ep=74 step=001/40 ce=0.2715 sc=0.4357 mi=0.0552 dn=0.0000 v13=0.0004 grl=1.0973 v15=0.0000 v15r=0.0000 v16=0.0000 v17=0.0000 v18=0.0000 acc=1.0000 lr=5.38e-05 lambda=0.000 grl_lambda=0.999 v18_lambda=0.000 gpu=3.0/11.8GB
[20:14:09] [train] ep=74 step=010/40 ce=0.2596 sc=0.7707 mi=0.0615 dn=0.0000 v13=0.0004 grl=1.1040 v15=0.0000 v15r=0.0000 v16=0.0000 v17=0.0000 v18=0.0000 acc=1.0000 lr=5.30e-05 lambda=0.000 grl_lambda=0.999 v18_lambda=0.000 gpu=3.0/11.8GB
[20:14:15] [train] ep=74 step=020/40 ce=0.2606 sc=0.7316 mi=0.0639 dn=0.0000 v13=0.0004 grl=1.0999 v15=0.0000 v15r=0.0000 v16=0.0000 v17=0.0000 v18=0.0000 acc=1.0000 lr=5.20e-05 lambda=0.000 grl_lambda=0.999 v18_lambda=0.000 gpu=3.0/11.8GB
[20:14:21] [train] ep=74 step=030/40 ce=0.2634 sc=0.7663 mi=0.0638 dn=0.0000 v13=0.0004 grl=1.0955 v15=0.0000 v15r=0.0000 v16=0.0000 v17=0.0000 v18=0.0000 acc=1.0000 lr=5.11e-05 lambda=0.000 grl_lambda=0.999 v18_lambda=0.000 gpu=3.0/11.8GB
[20:14:27] [train] ep=74 step=040/40 ce=0.3102 sc=0.7994 mi=0.0637 dn=0.0000 v13=0.0004 grl=1.0969 v15=0.0000 v15r=0.0000 v16=0.0000 v17=0.0000 v18=0.0000 acc=0.9969 lr=5.02e-05 lambda=0.000 grl_lambda=0.999 v18_lambda=0.000 gpu=3.0/11.8GB
[20:14:38] [ep_summary] ep=74/100 val_live=0.9568/0.9567 val_ema=0.9691/0.9694 test77_live=0.7662/0.7483 test77_diag_ema=0.7734/0.7504 v13=0.0004 grl=1.0969 v15=0.0000 v15r=0.0000 v16=0.0000 v17=0.0000 v18=0.0000 das=stage3[12,95] p=1.00 ep_time=35.5s
[20:14:38] [train] epoch 75/100 steps=40 use_dann=0 das=stage3 f=[12.0,95.0] p=1.00 gpu=3.0/11.8GB
[20:14:39] [train] ep=75 step=001/40 ce=0.2572 sc=0.7461 mi=0.0635 dn=0.0000 v13=0.0005 grl=1.0753 v15=0.0000 v15r=0.0000 v16=0.0000 v17=0.0000 v18=0.0000 acc=1.0000 lr=5.01e-05 lambda=0.000 grl_lambda=0.999 v18_lambda=0.000 gpu=3.0/11.8GB
[20:14:44] [train] ep=75 step=010/40 ce=0.2842 sc=0.7400 mi=0.0643 dn=0.0000 v13=0.0004 grl=1.0980 v15=0.0000 v15r=0.0000 v16=0.0000 v17=0.0000 v18=0.0000 acc=1.0000 lr=4.93e-05 lambda=0.000 grl_lambda=0.999 v18_lambda=0.000 gpu=3.0/11.8GB
[20:14:50] [train] ep=75 step=020/40 ce=0.2733 sc=0.7143 mi=0.0636 dn=0.0000 v13=0.0004 grl=1.0953 v15=0.0000 v15r=0.0000 v16=0.0000 v17=0.0000 v18=0.0000 acc=1.0000 lr=4.84e-05 lambda=0.000 grl_lambda=0.999 v18_lambda=0.000 gpu=3.0/11.8GB
[20:14:56] [train] ep=75 step=030/40 ce=0.2720 sc=0.7406 mi=0.0630 dn=0.0000 v13=0.0004 grl=1.0933 v15=0.0000 v15r=0.0000 v16=0.0000 v17=0.0000 v18=0.0000 acc=1.0000 lr=4.75e-05 lambda=0.000 grl_lambda=0.999 v18_lambda=0.000 gpu=3.0/11.8GB
[20:15:02] [train] ep=75 step=040/40 ce=0.2821 sc=0.7744 mi=0.0626 dn=0.0000 v13=0.0004 grl=1.0923 v15=0.0000 v15r=0.0000 v16=0.0000 v17=0.0000 v18=0.0000 acc=0.9984 lr=4.66e-05 lambda=0.000 grl_lambda=0.999 v18_lambda=0.000 gpu=3.0/11.8GB
[20:15:14] [ep_summary] ep=75/100 val_live=0.9568/0.9567 val_ema=0.9691/0.9694 test77_live=0.7734/0.7602 test77_diag_ema=0.7698/0.7465 v13=0.0004 grl=1.0923 v15=0.0000 v15r=0.0000 v16=0.0000 v17=0.0000 v18=0.0000 das=stage3[12,95] p=1.00 ep_time=35.9s
[20:15:14] [train] epoch 76/100 steps=40 use_dann=0 das=stage3 f=[12.0,95.0] p=1.00 gpu=3.0/11.8GB
[20:15:15] [train] ep=76 step=001/40 ce=0.2572 sc=0.6497 mi=0.0592 dn=0.0000 v13=0.0002 grl=1.0740 v15=0.0000 v15r=0.0000 v16=0.0000 v17=0.0000 v18=0.0000 acc=1.0000 lr=4.65e-05 lambda=0.000 grl_lambda=0.999 v18_lambda=0.000 gpu=3.0/11.8GB
[20:15:20] [train] ep=76 step=010/40 ce=0.2581 sc=0.6212 mi=0.0638 dn=0.0000 v13=0.0003 grl=1.0885 v15=0.0000 v15r=0.0000 v16=0.0000 v17=0.0000 v18=0.0000 acc=1.0000 lr=4.58e-05 lambda=0.000 grl_lambda=0.999 v18_lambda=0.000 gpu=3.0/11.8GB
[20:15:26] [train] ep=76 step=020/40 ce=0.2796 sc=0.6694 mi=0.0630 dn=0.0000 v13=0.0004 grl=1.0973 v15=0.0000 v15r=0.0000 v16=0.0000 v17=0.0000 v18=0.0000 acc=0.9969 lr=4.49e-05 lambda=0.000 grl_lambda=0.999 v18_lambda=0.000 gpu=3.0/11.8GB
[20:15:32] [train] ep=76 step=030/40 ce=0.2881 sc=0.7241 mi=0.0639 dn=0.0000 v13=0.0004 grl=1.0910 v15=0.0000 v15r=0.0000 v16=0.0000 v17=0.0000 v18=0.0000 acc=0.9979 lr=4.40e-05 lambda=0.000 grl_lambda=0.999 v18_lambda=0.000 gpu=3.0/11.8GB
[20:15:38] [train] ep=76 step=040/40 ce=0.3048 sc=0.7208 mi=0.0632 dn=0.0000 v13=0.0004 grl=1.0887 v15=0.0000 v15r=0.0000 v16=0.0000 v17=0.0000 v18=0.0000 acc=0.9969 lr=4.32e-05 lambda=0.000 grl_lambda=0.999 v18_lambda=0.000 gpu=3.0/11.8GB
[20:15:48] [ep_summary] ep=76/100 val_live=0.9568/0.9567 val_ema=0.9691/0.9694 test77_live=0.7914/0.7789 test77_diag_ema=0.7698/0.7465 v13=0.0004 grl=1.0887 v15=0.0000 v15r=0.0000 v16=0.0000 v17=0.0000 v18=0.0000 das=stage3[12,95] p=1.00 ep_time=34.4s
[20:15:48] [train] epoch 77/100 steps=40 use_dann=0 das=stage3 f=[12.0,95.0] p=1.00 gpu=3.0/11.8GB
[20:15:49] [train] ep=77 step=001/40 ce=0.2578 sc=0.5368 mi=0.0639 dn=0.0000 v13=0.0001 grl=1.0810 v15=0.0000 v15r=0.0000 v16=0.0000 v17=0.0000 v18=0.0000 acc=1.0000 lr=4.31e-05 lambda=0.000 grl_lambda=0.999 v18_lambda=0.000 gpu=3.0/11.8GB
[20:15:54] [train] ep=77 step=010/40 ce=0.2990 sc=0.7003 mi=0.0619 dn=0.0000 v13=0.0004 grl=1.0872 v15=0.0000 v15r=0.0000 v16=0.0000 v17=0.0000 v18=0.0000 acc=0.9938 lr=4.23e-05 lambda=0.000 grl_lambda=0.999 v18_lambda=0.000 gpu=3.0/11.8GB
[20:16:00] [train] ep=77 step=020/40 ce=0.2875 sc=0.7260 mi=0.0619 dn=0.0000 v13=0.0004 grl=1.0803 v15=0.0000 v15r=0.0000 v16=0.0000 v17=0.0000 v18=0.0000 acc=0.9969 lr=4.15e-05 lambda=0.000 grl_lambda=0.999 v18_lambda=0.000 gpu=3.0/11.8GB
[20:16:06] [train] ep=77 step=030/40 ce=0.2777 sc=0.7283 mi=0.0621 dn=0.0000 v13=0.0004 grl=1.0774 v15=0.0000 v15r=0.0000 v16=0.0000 v17=0.0000 v18=0.0000 acc=0.9979 lr=4.06e-05 lambda=0.000 grl_lambda=0.999 v18_lambda=0.000 gpu=3.0/11.8GB
[20:16:12] [train] ep=77 step=040/40 ce=0.2736 sc=0.7511 mi=0.0623 dn=0.0000 v13=0.0004 grl=1.0821 v15=0.0000 v15r=0.0000 v16=0.0000 v17=0.0000 v18=0.0000 acc=0.9984 lr=3.98e-05 lambda=0.000 grl_lambda=0.999 v18_lambda=0.000 gpu=3.0/11.8GB
[20:16:23] [ep_summary] ep=77/100 val_live=0.9630/0.9631 val_ema=0.9691/0.9694 test77_live=0.7914/0.7789 test77_diag_ema=0.7698/0.7465 v13=0.0004 grl=1.0821 v15=0.0000 v15r=0.0000 v16=0.0000 v17=0.0000 v18=0.0000 das=stage3[12,95] p=1.00 ep_time=34.2s
[20:16:23] [train] epoch 78/100 steps=40 use_dann=0 das=stage3 f=[12.0,95.0] p=1.00 gpu=3.0/11.8GB
[20:16:23] [train] ep=78 step=001/40 ce=0.2582 sc=0.5985 mi=0.0559 dn=0.0000 v13=0.0003 grl=1.0694 v15=0.0000 v15r=0.0000 v16=0.0000 v17=0.0000 v18=0.0000 acc=1.0000 lr=3.97e-05 lambda=0.000 grl_lambda=0.999 v18_lambda=0.000 gpu=3.0/11.8GB
[20:16:29] [train] ep=78 step=010/40 ce=0.2590 sc=0.7213 mi=0.0616 dn=0.0000 v13=0.0005 grl=1.0803 v15=0.0000 v15r=0.0000 v16=0.0000 v17=0.0000 v18=0.0000 acc=1.0000 lr=3.90e-05 lambda=0.000 grl_lambda=0.999 v18_lambda=0.000 gpu=3.0/11.8GB
[20:16:35] [train] ep=78 step=020/40 ce=0.2766 sc=0.6984 mi=0.0627 dn=0.0000 v13=0.0005 grl=1.0802 v15=0.0000 v15r=0.0000 v16=0.0000 v17=0.0000 v18=0.0000 acc=1.0000 lr=3.82e-05 lambda=0.000 grl_lambda=0.999 v18_lambda=0.000 gpu=3.0/11.8GB
[20:16:41] [train] ep=78 step=030/40 ce=0.2708 sc=0.7368 mi=0.0624 dn=0.0000 v13=0.0005 grl=1.0791 v15=0.0000 v15r=0.0000 v16=0.0000 v17=0.0000 v18=0.0000 acc=1.0000 lr=3.74e-05 lambda=0.000 grl_lambda=0.999 v18_lambda=0.000 gpu=3.0/11.8GB
[20:16:46] [train] ep=78 step=040/40 ce=0.2708 sc=0.7424 mi=0.0626 dn=0.0000 v13=0.0005 grl=1.0843 v15=0.0000 v15r=0.0000 v16=0.0000 v17=0.0000 v18=0.0000 acc=1.0000 lr=3.66e-05 lambda=0.000 grl_lambda=0.999 v18_lambda=0.000 gpu=3.0/11.8GB
[20:16:57] [ep_summary] ep=78/100 val_live=0.9568/0.9567 val_ema=0.9691/0.9694 test77_live=0.7878/0.7749 test77_diag_ema=0.7698/0.7465 v13=0.0005 grl=1.0843 v15=0.0000 v15r=0.0000 v16=0.0000 v17=0.0000 v18=0.0000 das=stage3[12,95] p=1.00 ep_time=34.3s
[20:16:57] [train] epoch 79/100 steps=40 use_dann=0 das=stage3 f=[12.0,95.0] p=1.00 gpu=3.0/11.8GB
[20:16:58] [train] ep=79 step=001/40 ce=0.2575 sc=0.8380 mi=0.0729 dn=0.0000 v13=0.0003 grl=1.1150 v15=0.0000 v15r=0.0000 v16=0.0000 v17=0.0000 v18=0.0000 acc=1.0000 lr=3.65e-05 lambda=0.000 grl_lambda=0.999 v18_lambda=0.000 gpu=3.0/11.8GB
[20:17:03] [train] ep=79 step=010/40 ce=0.2630 sc=0.8565 mi=0.0657 dn=0.0000 v13=0.0004 grl=1.0962 v15=0.0000 v15r=0.0000 v16=0.0000 v17=0.0000 v18=0.0000 acc=1.0000 lr=3.58e-05 lambda=0.000 grl_lambda=0.999 v18_lambda=0.000 gpu=3.0/11.8GB
[20:17:09] [train] ep=79 step=020/40 ce=0.3141 sc=0.8600 mi=0.0641 dn=0.0000 v13=0.0004 grl=1.0878 v15=0.0000 v15r=0.0000 v16=0.0000 v17=0.0000 v18=0.0000 acc=0.9938 lr=3.50e-05 lambda=0.000 grl_lambda=0.999 v18_lambda=0.000 gpu=3.0/11.8GB
[20:17:15] [train] ep=79 step=030/40 ce=0.2952 sc=0.8314 mi=0.0640 dn=0.0000 v13=0.0004 grl=1.0939 v15=0.0000 v15r=0.0000 v16=0.0000 v17=0.0000 v18=0.0000 acc=0.9958 lr=3.42e-05 lambda=0.000 grl_lambda=0.999 v18_lambda=0.000 gpu=3.0/11.8GB
[20:17:21] [train] ep=79 step=040/40 ce=0.2864 sc=0.8224 mi=0.0638 dn=0.0000 v13=0.0004 grl=1.0941 v15=0.0000 v15r=0.0000 v16=0.0000 v17=0.0000 v18=0.0000 acc=0.9969 lr=3.35e-05 lambda=0.000 grl_lambda=0.999 v18_lambda=0.000 gpu=3.0/11.8GB
[20:17:32] [ep_summary] ep=79/100 val_live=0.9568/0.9567 val_ema=0.9691/0.9694 test77_live=0.8022/0.7923 test77_diag_ema=0.7698/0.7483 v13=0.0004 grl=1.0941 v15=0.0000 v15r=0.0000 v16=0.0000 v17=0.0000 v18=0.0000 das=stage3[12,95] p=1.00 ep_time=34.7s
[20:17:32] [train] epoch 80/100 steps=40 use_dann=0 das=stage3 f=[12.0,95.0] p=1.00 gpu=3.0/11.8GB
[20:17:32] [train] ep=80 step=001/40 ce=0.2576 sc=0.8409 mi=0.0608 dn=0.0000 v13=0.0003 grl=1.0711 v15=0.0000 v15r=0.0000 v16=0.0000 v17=0.0000 v18=0.0000 acc=1.0000 lr=3.34e-05 lambda=0.000 grl_lambda=0.999 v18_lambda=0.000 gpu=3.0/11.8GB
[20:17:38] [train] ep=80 step=010/40 ce=0.3645 sc=0.8105 mi=0.0616 dn=0.0000 v13=0.0004 grl=1.0970 v15=0.0000 v15r=0.0000 v16=0.0000 v17=0.0000 v18=0.0000 acc=0.9938 lr=3.27e-05 lambda=0.000 grl_lambda=0.999 v18_lambda=0.000 gpu=3.0/11.8GB
[20:17:44] [train] ep=80 step=020/40 ce=0.3110 sc=0.7713 mi=0.0623 dn=0.0000 v13=0.0003 grl=1.1048 v15=0.0000 v15r=0.0000 v16=0.0000 v17=0.0000 v18=0.0000 acc=0.9969 lr=3.19e-05 lambda=0.000 grl_lambda=0.999 v18_lambda=0.000 gpu=3.0/11.8GB
[20:17:50] [train] ep=80 step=030/40 ce=0.3164 sc=0.7691 mi=0.0633 dn=0.0000 v13=0.0004 grl=1.0948 v15=0.0000 v15r=0.0000 v16=0.0000 v17=0.0000 v18=0.0000 acc=0.9958 lr=3.12e-05 lambda=0.000 grl_lambda=0.999 v18_lambda=0.000 gpu=3.0/11.8GB
[20:17:56] [train] ep=80 step=040/40 ce=0.3100 sc=0.7748 mi=0.0620 dn=0.0000 v13=0.0004 grl=1.0906 v15=0.0000 v15r=0.0000 v16=0.0000 v17=0.0000 v18=0.0000 acc=0.9969 lr=3.05e-05 lambda=0.000 grl_lambda=0.999 v18_lambda=0.000 gpu=3.0/11.8GB
[20:18:07] [pool] check ep=080/100 source_val_acc_ema=0.9691 threshold=0.90
[20:18:13] [pool] ep=080 ADDED src_val=0.9691/0.9694 dev77=0.7357/0.7138 final77=0.7698/0.7483
[20:18:13] [pool] running best ep=080 dev77_f1=0.7138 final77_f1=0.7483 (pool_size=5)
[20:18:14] [ep_summary] ep=80/100 val_live=0.9568/0.9567 val_ema=0.9691/0.9694 test77_live=0.8094/0.8015 test77_diag_ema=0.7698/0.7483 v13=0.0004 grl=1.0906 v15=0.0000 v15r=0.0000 v16=0.0000 v17=0.0000 v18=0.0000 das=stage3[12,95] p=1.00 ep_time=41.8s
[20:18:14] [strict77_monitor] ep=80 best_source_epoch=45 source_val_ema=0.9753/0.9757 test77_ema_diag=0.7122/0.6454 sourcequalified_count=47 best_sourcequalified77_epoch=63 source_val_ema=0.9691/0.9694 test77_ema=0.7842/0.7593
[20:18:14] [train] epoch 81/100 steps=40 use_dann=0 das=stage3 f=[12.0,95.0] p=1.00 gpu=3.0/11.8GB
[20:18:14] [train] ep=81 step=001/40 ce=0.2681 sc=0.7358 mi=0.0597 dn=0.0000 v13=0.0004 grl=1.0557 v15=0.0000 v15r=0.0000 v16=0.0000 v17=0.0000 v18=0.0000 acc=1.0000 lr=3.04e-05 lambda=0.000 grl_lambda=0.999 v18_lambda=0.000 gpu=3.0/11.8GB
[20:18:19] [train] ep=81 step=010/40 ce=0.2583 sc=0.8738 mi=0.0627 dn=0.0000 v13=0.0004 grl=1.0971 v15=0.0000 v15r=0.0000 v16=0.0000 v17=0.0000 v18=0.0000 acc=1.0000 lr=2.97e-05 lambda=0.000 grl_lambda=0.999 v18_lambda=0.000 gpu=3.0/11.8GB
[20:18:26] [train] ep=81 step=020/40 ce=0.2589 sc=0.7890 mi=0.0621 dn=0.0000 v13=0.0004 grl=1.0958 v15=0.0000 v15r=0.0000 v16=0.0000 v17=0.0000 v18=0.0000 acc=1.0000 lr=2.90e-05 lambda=0.000 grl_lambda=0.999 v18_lambda=0.000 gpu=3.0/11.8GB
[20:18:32] [train] ep=81 step=030/40 ce=0.3036 sc=0.8727 mi=0.0642 dn=0.0000 v13=0.0004 grl=1.0992 v15=0.0000 v15r=0.0000 v16=0.0000 v17=0.0000 v18=0.0000 acc=0.9958 lr=2.83e-05 lambda=0.000 grl_lambda=0.999 v18_lambda=0.000 gpu=3.0/11.8GB
[20:18:38] [train] ep=81 step=040/40 ce=0.2921 sc=0.8707 mi=0.0627 dn=0.0000 v13=0.0004 grl=1.0935 v15=0.0000 v15r=0.0000 v16=0.0000 v17=0.0000 v18=0.0000 acc=0.9969 lr=2.76e-05 lambda=0.000 grl_lambda=0.999 v18_lambda=0.000 gpu=3.0/11.8GB
[20:18:51] [ep_summary] ep=81/100 val_live=0.9568/0.9567 val_ema=0.9691/0.9694 test77_live=0.7842/0.7707 test77_diag_ema=0.7734/0.7538 v13=0.0004 grl=1.0935 v15=0.0000 v15r=0.0000 v16=0.0000 v17=0.0000 v18=0.0000 das=stage3[12,95] p=1.00 ep_time=37.0s
[20:18:51] [train] epoch 82/100 steps=40 use_dann=0 das=stage3 f=[12.0,95.0] p=1.00 gpu=3.0/11.8GB
[20:18:51] [train] ep=82 step=001/40 ce=0.2636 sc=0.6314 mi=0.0570 dn=0.0000 v13=0.0004 grl=1.0841 v15=0.0000 v15r=0.0000 v16=0.0000 v17=0.0000 v18=0.0000 acc=1.0000 lr=2.75e-05 lambda=0.000 grl_lambda=0.999 v18_lambda=0.000 gpu=3.0/11.8GB
[20:18:57] [train] ep=82 step=010/40 ce=0.3130 sc=0.7653 mi=0.0630 dn=0.0000 v13=0.0004 grl=1.0925 v15=0.0000 v15r=0.0000 v16=0.0000 v17=0.0000 v18=0.0000 acc=0.9938 lr=2.69e-05 lambda=0.000 grl_lambda=0.999 v18_lambda=0.000 gpu=3.0/11.8GB
[20:19:02] [train] ep=82 step=020/40 ce=0.2919 sc=0.7106 mi=0.0611 dn=0.0000 v13=0.0004 grl=1.0901 v15=0.0000 v15r=0.0000 v16=0.0000 v17=0.0000 v18=0.0000 acc=0.9969 lr=2.62e-05 lambda=0.000 grl_lambda=0.999 v18_lambda=0.000 gpu=3.0/11.8GB
[20:19:08] [train] ep=82 step=030/40 ce=0.2834 sc=0.7562 mi=0.0612 dn=0.0000 v13=0.0004 grl=1.0874 v15=0.0000 v15r=0.0000 v16=0.0000 v17=0.0000 v18=0.0000 acc=0.9979 lr=2.55e-05 lambda=0.000 grl_lambda=0.999 v18_lambda=0.000 gpu=3.0/11.8GB
[20:19:14] [train] ep=82 step=040/40 ce=0.2933 sc=0.7717 mi=0.0614 dn=0.0000 v13=0.0004 grl=1.0850 v15=0.0000 v15r=0.0000 v16=0.0000 v17=0.0000 v18=0.0000 acc=0.9969 lr=2.48e-05 lambda=0.000 grl_lambda=0.999 v18_lambda=0.000 gpu=3.0/11.8GB
[20:19:26] [ep_summary] ep=82/100 val_live=0.9568/0.9567 val_ema=0.9691/0.9694 test77_live=0.7842/0.7697 test77_diag_ema=0.7770/0.7556 v13=0.0004 grl=1.0850 v15=0.0000 v15r=0.0000 v16=0.0000 v17=0.0000 v18=0.0000 das=stage3[12,95] p=1.00 ep_time=35.0s
[20:19:26] [train] epoch 83/100 steps=40 use_dann=0 das=stage3 f=[12.0,95.0] p=1.00 gpu=3.0/11.8GB
[20:19:26] [train] ep=83 step=001/40 ce=0.2576 sc=0.7444 mi=0.0581 dn=0.0000 v13=0.0005 grl=1.0728 v15=0.0000 v15r=0.0000 v16=0.0000 v17=0.0000 v18=0.0000 acc=1.0000 lr=2.48e-05 lambda=0.000 grl_lambda=0.999 v18_lambda=0.000 gpu=3.0/11.8GB
[20:19:32] [train] ep=83 step=010/40 ce=0.3171 sc=0.6868 mi=0.0642 dn=0.0000 v13=0.0003 grl=1.0836 v15=0.0000 v15r=0.0000 v16=0.0000 v17=0.0000 v18=0.0000 acc=0.9938 lr=2.42e-05 lambda=0.000 grl_lambda=0.999 v18_lambda=0.000 gpu=3.0/11.8GB
[20:19:37] [train] ep=83 step=020/40 ce=0.2949 sc=0.7531 mi=0.0634 dn=0.0000 v13=0.0003 grl=1.0883 v15=0.0000 v15r=0.0000 v16=0.0000 v17=0.0000 v18=0.0000 acc=0.9969 lr=2.35e-05 lambda=0.000 grl_lambda=0.999 v18_lambda=0.000 gpu=3.0/11.8GB
[20:19:43] [train] ep=83 step=030/40 ce=0.3024 sc=0.7483 mi=0.0628 dn=0.0000 v13=0.0003 grl=1.0879 v15=0.0000 v15r=0.0000 v16=0.0000 v17=0.0000 v18=0.0000 acc=0.9958 lr=2.29e-05 lambda=0.000 grl_lambda=0.999 v18_lambda=0.000 gpu=3.0/11.8GB
[20:19:49] [train] ep=83 step=040/40 ce=0.2922 sc=0.7612 mi=0.0622 dn=0.0000 v13=0.0003 grl=1.0831 v15=0.0000 v15r=0.0000 v16=0.0000 v17=0.0000 v18=0.0000 acc=0.9969 lr=2.22e-05 lambda=0.000 grl_lambda=1.000 v18_lambda=0.000 gpu=3.0/11.8GB
[20:20:00] [ep_summary] ep=83/100 val_live=0.9630/0.9631 val_ema=0.9691/0.9694 test77_live=0.7842/0.7724 test77_diag_ema=0.7770/0.7552 v13=0.0003 grl=1.0831 v15=0.0000 v15r=0.0000 v16=0.0000 v17=0.0000 v18=0.0000 das=stage3[12,95] p=1.00 ep_time=34.0s
[20:20:00] [train] epoch 84/100 steps=40 use_dann=0 das=stage3 f=[12.0,95.0] p=1.00 gpu=3.0/11.8GB
[20:20:00] [train] ep=84 step=001/40 ce=0.2580 sc=0.5646 mi=0.0724 dn=0.0000 v13=0.0006 grl=1.1159 v15=0.0000 v15r=0.0000 v16=0.0000 v17=0.0000 v18=0.0000 acc=1.0000 lr=2.22e-05 lambda=0.000 grl_lambda=1.000 v18_lambda=0.000 gpu=3.0/11.8GB
[20:20:06] [train] ep=84 step=010/40 ce=0.2574 sc=0.7549 mi=0.0656 dn=0.0000 v13=0.0004 grl=1.1062 v15=0.0000 v15r=0.0000 v16=0.0000 v17=0.0000 v18=0.0000 acc=1.0000 lr=2.16e-05 lambda=0.000 grl_lambda=1.000 v18_lambda=0.000 gpu=3.0/11.8GB
[20:20:11] [train] ep=84 step=020/40 ce=0.3023 sc=0.8233 mi=0.0648 dn=0.0000 v13=0.0004 grl=1.0959 v15=0.0000 v15r=0.0000 v16=0.0000 v17=0.0000 v18=0.0000 acc=0.9969 lr=2.10e-05 lambda=0.000 grl_lambda=1.000 v18_lambda=0.000 gpu=3.0/11.8GB
[20:20:17] [train] ep=84 step=030/40 ce=0.2873 sc=0.8208 mi=0.0636 dn=0.0000 v13=0.0004 grl=1.0935 v15=0.0000 v15r=0.0000 v16=0.0000 v17=0.0000 v18=0.0000 acc=0.9979 lr=2.04e-05 lambda=0.000 grl_lambda=1.000 v18_lambda=0.000 gpu=3.0/11.8GB
[20:20:23] [train] ep=84 step=040/40 ce=0.2797 sc=0.7907 mi=0.0633 dn=0.0000 v13=0.0004 grl=1.0979 v15=0.0000 v15r=0.0000 v16=0.0000 v17=0.0000 v18=0.0000 acc=0.9984 lr=1.98e-05 lambda=0.000 grl_lambda=1.000 v18_lambda=0.000 gpu=3.0/11.8GB
[20:20:34] [ep_summary] ep=84/100 val_live=0.9691/0.9694 val_ema=0.9691/0.9694 test77_live=0.7842/0.7727 test77_diag_ema=0.7770/0.7552 v13=0.0004 grl=1.0979 v15=0.0000 v15r=0.0000 v16=0.0000 v17=0.0000 v18=0.0000 das=stage3[12,95] p=1.00 ep_time=34.0s
[20:20:34] [train] epoch 85/100 steps=40 use_dann=0 das=stage3 f=[12.0,95.0] p=1.00 gpu=3.0/11.8GB
[20:20:34] [train] ep=85 step=001/40 ce=0.2569 sc=0.7210 mi=0.0601 dn=0.0000 v13=0.0003 grl=1.0978 v15=0.0000 v15r=0.0000 v16=0.0000 v17=0.0000 v18=0.0000 acc=1.0000 lr=1.97e-05 lambda=0.000 grl_lambda=1.000 v18_lambda=0.000 gpu=3.0/11.8GB
[20:20:40] [train] ep=85 step=010/40 ce=0.2572 sc=0.6795 mi=0.0615 dn=0.0000 v13=0.0004 grl=1.0909 v15=0.0000 v15r=0.0000 v16=0.0000 v17=0.0000 v18=0.0000 acc=1.0000 lr=1.92e-05 lambda=0.000 grl_lambda=1.000 v18_lambda=0.000 gpu=3.0/11.8GB
[20:20:45] [train] ep=85 step=020/40 ce=0.2584 sc=0.7364 mi=0.0610 dn=0.0000 v13=0.0004 grl=1.0815 v15=0.0000 v15r=0.0000 v16=0.0000 v17=0.0000 v18=0.0000 acc=1.0000 lr=1.86e-05 lambda=0.000 grl_lambda=1.000 v18_lambda=0.000 gpu=3.0/11.8GB
[20:20:51] [train] ep=85 step=030/40 ce=0.2697 sc=0.7891 mi=0.0627 dn=0.0000 v13=0.0004 grl=1.0926 v15=0.0000 v15r=0.0000 v16=0.0000 v17=0.0000 v18=0.0000 acc=1.0000 lr=1.80e-05 lambda=0.000 grl_lambda=1.000 v18_lambda=0.000 gpu=3.0/11.8GB
[20:20:57] [train] ep=85 step=040/40 ce=0.2757 sc=0.7700 mi=0.0630 dn=0.0000 v13=0.0004 grl=1.0952 v15=0.0000 v15r=0.0000 v16=0.0000 v17=0.0000 v18=0.0000 acc=1.0000 lr=1.74e-05 lambda=0.000 grl_lambda=1.000 v18_lambda=0.000 gpu=3.0/11.8GB
[20:21:41] [ep_summary] ep=85/100 val_live=0.9691/0.9694 val_ema=0.9691/0.9694 test77_live=0.7878/0.7757 test77_diag_ema=0.7770/0.7552 v13=0.0004 grl=1.0952 v15=0.0000 v15r=0.0000 v16=0.0000 v17=0.0000 v18=0.0000 das=stage3[12,95] p=1.00 ep_time=67.2s
[20:21:41] [train] epoch 86/100 steps=40 use_dann=0 das=stage3 f=[12.0,95.0] p=1.00 gpu=3.0/11.8GB
[20:21:41] [train] ep=86 step=001/40 ce=0.2611 sc=0.8578 mi=0.0778 dn=0.0000 v13=0.0003 grl=1.1138 v15=0.0000 v15r=0.0000 v16=0.0000 v17=0.0000 v18=0.0000 acc=1.0000 lr=1.74e-05 lambda=0.000 grl_lambda=1.000 v18_lambda=0.000 gpu=3.0/11.8GB
[20:21:47] [train] ep=86 step=010/40 ce=0.2575 sc=0.6893 mi=0.0657 dn=0.0000 v13=0.0004 grl=1.0698 v15=0.0000 v15r=0.0000 v16=0.0000 v17=0.0000 v18=0.0000 acc=1.0000 lr=1.68e-05 lambda=0.000 grl_lambda=1.000 v18_lambda=0.000 gpu=3.0/11.8GB
[20:21:53] [train] ep=86 step=020/40 ce=0.2873 sc=0.7113 mi=0.0653 dn=0.0000 v13=0.0004 grl=1.0814 v15=0.0000 v15r=0.0000 v16=0.0000 v17=0.0000 v18=0.0000 acc=1.0000 lr=1.63e-05 lambda=0.000 grl_lambda=1.000 v18_lambda=0.000 gpu=3.0/11.8GB
[20:21:58] [train] ep=86 step=030/40 ce=0.2782 sc=0.7211 mi=0.0644 dn=0.0000 v13=0.0004 grl=1.0851 v15=0.0000 v15r=0.0000 v16=0.0000 v17=0.0000 v18=0.0000 acc=1.0000 lr=1.57e-05 lambda=0.000 grl_lambda=1.000 v18_lambda=0.000 gpu=3.0/11.8GB
[20:22:04] [train] ep=86 step=040/40 ce=0.2907 sc=0.7607 mi=0.0645 dn=0.0000 v13=0.0004 grl=1.0837 v15=0.0000 v15r=0.0000 v16=0.0000 v17=0.0000 v18=0.0000 acc=0.9984 lr=1.52e-05 lambda=0.000 grl_lambda=1.000 v18_lambda=0.000 gpu=3.0/11.8GB
[20:22:17] [ep_summary] ep=86/100 val_live=0.9691/0.9694 val_ema=0.9691/0.9694 test77_live=0.7878/0.7766 test77_diag_ema=0.7734/0.7516 v13=0.0004 grl=1.0837 v15=0.0000 v15r=0.0000 v16=0.0000 v17=0.0000 v18=0.0000 das=stage3[12,95] p=1.00 ep_time=36.2s
[20:22:17] [train] epoch 87/100 steps=40 use_dann=0 das=stage3 f=[12.0,95.0] p=1.00 gpu=3.0/11.8GB
[20:22:18] [train] ep=87 step=001/40 ce=0.2589 sc=0.7120 mi=0.0663 dn=0.0000 v13=0.0003 grl=1.1722 v15=0.0000 v15r=0.0000 v16=0.0000 v17=0.0000 v18=0.0000 acc=1.0000 lr=1.52e-05 lambda=0.000 grl_lambda=1.000 v18_lambda=0.000 gpu=3.0/11.8GB
[20:22:23] [train] ep=87 step=010/40 ce=0.2570 sc=0.6765 mi=0.0628 dn=0.0000 v13=0.0004 grl=1.1006 v15=0.0000 v15r=0.0000 v16=0.0000 v17=0.0000 v18=0.0000 acc=1.0000 lr=1.47e-05 lambda=0.000 grl_lambda=1.000 v18_lambda=0.000 gpu=3.0/11.8GB
[20:22:29] [train] ep=87 step=020/40 ce=0.2589 sc=0.7292 mi=0.0622 dn=0.0000 v13=0.0004 grl=1.1044 v15=0.0000 v15r=0.0000 v16=0.0000 v17=0.0000 v18=0.0000 acc=1.0000 lr=1.42e-05 lambda=0.000 grl_lambda=1.000 v18_lambda=0.000 gpu=3.0/11.8GB
[20:22:35] [train] ep=87 step=030/40 ce=0.2614 sc=0.7121 mi=0.0633 dn=0.0000 v13=0.0004 grl=1.0985 v15=0.0000 v15r=0.0000 v16=0.0000 v17=0.0000 v18=0.0000 acc=1.0000 lr=1.37e-05 lambda=0.000 grl_lambda=1.000 v18_lambda=0.000 gpu=3.0/11.8GB
[20:22:40] [train] ep=87 step=040/40 ce=0.2628 sc=0.7209 mi=0.0625 dn=0.0000 v13=0.0004 grl=1.0979 v15=0.0000 v15r=0.0000 v16=0.0000 v17=0.0000 v18=0.0000 acc=1.0000 lr=1.31e-05 lambda=0.000 grl_lambda=1.000 v18_lambda=0.000 gpu=3.0/11.8GB
[20:22:53] [ep_summary] ep=87/100 val_live=0.9691/0.9694 val_ema=0.9691/0.9694 test77_live=0.7914/0.7796 test77_diag_ema=0.7734/0.7516 v13=0.0004 grl=1.0979 v15=0.0000 v15r=0.0000 v16=0.0000 v17=0.0000 v18=0.0000 das=stage3[12,95] p=1.00 ep_time=35.6s
[20:22:53] [train] epoch 88/100 steps=40 use_dann=0 das=stage3 f=[12.0,95.0] p=1.00 gpu=3.0/11.8GB
[20:22:53] [train] ep=88 step=001/40 ce=0.2563 sc=0.4643 mi=0.0666 dn=0.0000 v13=0.0002 grl=1.0741 v15=0.0000 v15r=0.0000 v16=0.0000 v17=0.0000 v18=0.0000 acc=1.0000 lr=1.31e-05 lambda=0.000 grl_lambda=1.000 v18_lambda=0.000 gpu=3.0/11.8GB
[20:22:59] [train] ep=88 step=010/40 ce=0.2870 sc=0.7514 mi=0.0658 dn=0.0000 v13=0.0004 grl=1.0918 v15=0.0000 v15r=0.0000 v16=0.0000 v17=0.0000 v18=0.0000 acc=1.0000 lr=1.27e-05 lambda=0.000 grl_lambda=1.000 v18_lambda=0.000 gpu=3.0/11.8GB
[20:23:05] [train] ep=88 step=020/40 ce=0.2721 sc=0.8115 mi=0.0646 dn=0.0000 v13=0.0004 grl=1.1076 v15=0.0000 v15r=0.0000 v16=0.0000 v17=0.0000 v18=0.0000 acc=1.0000 lr=1.22e-05 lambda=0.000 grl_lambda=1.000 v18_lambda=0.000 gpu=3.0/11.8GB
[20:23:11] [train] ep=88 step=030/40 ce=0.2996 sc=0.8287 mi=0.0645 dn=0.0000 v13=0.0004 grl=1.1088 v15=0.0000 v15r=0.0000 v16=0.0000 v17=0.0000 v18=0.0000 acc=0.9979 lr=1.17e-05 lambda=0.000 grl_lambda=1.000 v18_lambda=0.000 gpu=3.0/11.8GB
[20:23:17] [train] ep=88 step=040/40 ce=0.3044 sc=0.8201 mi=0.0640 dn=0.0000 v13=0.0004 grl=1.1088 v15=0.0000 v15r=0.0000 v16=0.0000 v17=0.0000 v18=0.0000 acc=0.9969 lr=1.12e-05 lambda=0.000 grl_lambda=1.000 v18_lambda=0.000 gpu=3.0/11.8GB
[20:23:27] [ep_summary] ep=88/100 val_live=0.9691/0.9694 val_ema=0.9691/0.9694 test77_live=0.7986/0.7875 test77_diag_ema=0.7734/0.7516 v13=0.0004 grl=1.1088 v15=0.0000 v15r=0.0000 v16=0.0000 v17=0.0000 v18=0.0000 das=stage3[12,95] p=1.00 ep_time=34.5s
[20:23:27] [train] epoch 89/100 steps=40 use_dann=0 das=stage3 f=[12.0,95.0] p=1.00 gpu=3.0/11.8GB
[20:23:28] [train] ep=89 step=001/40 ce=0.2574 sc=0.6011 mi=0.0673 dn=0.0000 v13=0.0004 grl=1.1495 v15=0.0000 v15r=0.0000 v16=0.0000 v17=0.0000 v18=0.0000 acc=1.0000 lr=1.12e-05 lambda=0.000 grl_lambda=1.000 v18_lambda=0.000 gpu=3.0/11.8GB
[20:23:33] [train] ep=89 step=010/40 ce=0.2570 sc=0.7845 mi=0.0641 dn=0.0000 v13=0.0004 grl=1.0892 v15=0.0000 v15r=0.0000 v16=0.0000 v17=0.0000 v18=0.0000 acc=1.0000 lr=1.08e-05 lambda=0.000 grl_lambda=1.000 v18_lambda=0.000 gpu=3.0/11.8GB
[20:23:39] [train] ep=89 step=020/40 ce=0.2598 sc=0.7031 mi=0.0618 dn=0.0000 v13=0.0004 grl=1.0928 v15=0.0000 v15r=0.0000 v16=0.0000 v17=0.0000 v18=0.0000 acc=1.0000 lr=1.03e-05 lambda=0.000 grl_lambda=1.000 v18_lambda=0.000 gpu=3.0/11.8GB
[20:23:45] [train] ep=89 step=030/40 ce=0.2673 sc=0.7331 mi=0.0613 dn=0.0000 v13=0.0004 grl=1.0944 v15=0.0000 v15r=0.0000 v16=0.0000 v17=0.0000 v18=0.0000 acc=1.0000 lr=9.89e-06 lambda=0.000 grl_lambda=1.000 v18_lambda=0.000 gpu=3.0/11.8GB
[20:23:51] [train] ep=89 step=040/40 ce=0.2850 sc=0.7490 mi=0.0615 dn=0.0000 v13=0.0004 grl=1.0898 v15=0.0000 v15r=0.0000 v16=0.0000 v17=0.0000 v18=0.0000 acc=0.9984 lr=9.46e-06 lambda=0.000 grl_lambda=1.000 v18_lambda=0.000 gpu=3.0/11.8GB
[20:24:01] [ep_summary] ep=89/100 val_live=0.9691/0.9694 val_ema=0.9691/0.9694 test77_live=0.8022/0.7913 test77_diag_ema=0.7734/0.7516 v13=0.0004 grl=1.0898 v15=0.0000 v15r=0.0000 v16=0.0000 v17=0.0000 v18=0.0000 das=stage3[12,95] p=1.00 ep_time=34.1s
[20:24:01] [train] epoch 90/100 steps=40 use_dann=0 das=stage3 f=[12.0,95.0] p=1.00 gpu=3.0/11.8GB
[20:24:02] [train] ep=90 step=001/40 ce=0.2560 sc=0.5976 mi=0.0603 dn=0.0000 v13=0.0004 grl=1.1078 v15=0.0000 v15r=0.0000 v16=0.0000 v17=0.0000 v18=0.0000 acc=1.0000 lr=9.42e-06 lambda=0.000 grl_lambda=1.000 v18_lambda=0.000 gpu=3.0/11.8GB
[20:24:07] [train] ep=90 step=010/40 ce=0.2625 sc=0.5937 mi=0.0663 dn=0.0000 v13=0.0004 grl=1.1287 v15=0.0000 v15r=0.0000 v16=0.0000 v17=0.0000 v18=0.0000 acc=1.0000 lr=9.04e-06 lambda=0.000 grl_lambda=1.000 v18_lambda=0.000 gpu=3.0/11.8GB
[20:24:13] [train] ep=90 step=020/40 ce=0.2596 sc=0.6803 mi=0.0640 dn=0.0000 v13=0.0004 grl=1.1026 v15=0.0000 v15r=0.0000 v16=0.0000 v17=0.0000 v18=0.0000 acc=1.0000 lr=8.63e-06 lambda=0.000 grl_lambda=1.000 v18_lambda=0.000 gpu=3.0/11.8GB
[20:24:19] [train] ep=90 step=030/40 ce=0.2822 sc=0.7028 mi=0.0639 dn=0.0000 v13=0.0004 grl=1.0993 v15=0.0000 v15r=0.0000 v16=0.0000 v17=0.0000 v18=0.0000 acc=0.9979 lr=8.23e-06 lambda=0.000 grl_lambda=1.000 v18_lambda=0.000 gpu=3.0/11.8GB
[20:24:25] [train] ep=90 step=040/40 ce=0.2769 sc=0.7119 mi=0.0631 dn=0.0000 v13=0.0004 grl=1.1007 v15=0.0000 v15r=0.0000 v16=0.0000 v17=0.0000 v18=0.0000 acc=0.9984 lr=7.84e-06 lambda=0.000 grl_lambda=1.000 v18_lambda=0.000 gpu=3.0/11.8GB
[20:24:35] [pool] check ep=090/100 source_val_acc_ema=0.9691 threshold=0.90
[20:24:40] [pool] ep=090 ADDED src_val=0.9691/0.9694 dev77=0.7357/0.7184 final77=0.7734/0.7516
[20:24:40] [pool] running best ep=090 dev77_f1=0.7184 final77_f1=0.7516 (pool_size=6)
[20:24:40] [ep_summary] ep=90/100 val_live=0.9691/0.9694 val_ema=0.9691/0.9694 test77_live=0.7914/0.7786 test77_diag_ema=0.7734/0.7516 v13=0.0004 grl=1.1007 v15=0.0000 v15r=0.0000 v16=0.0000 v17=0.0000 v18=0.0000 das=stage3[12,95] p=1.00 ep_time=39.0s
[20:24:40] [strict77_monitor] ep=90 best_source_epoch=45 source_val_ema=0.9753/0.9757 test77_ema_diag=0.7122/0.6454 sourcequalified_count=57 best_sourcequalified77_epoch=63 source_val_ema=0.9691/0.9694 test77_ema=0.7842/0.7593
[20:24:40] [train] epoch 91/100 steps=40 use_dann=0 das=stage3 f=[12.0,95.0] p=1.00 gpu=3.0/11.8GB
[20:24:41] [train] ep=91 step=001/40 ce=0.2669 sc=0.8671 mi=0.0515 dn=0.0000 v13=0.0004 grl=1.0751 v15=0.0000 v15r=0.0000 v16=0.0000 v17=0.0000 v18=0.0000 acc=1.0000 lr=7.80e-06 lambda=0.000 grl_lambda=1.000 v18_lambda=0.000 gpu=3.0/11.8GB
[20:24:46] [train] ep=91 step=010/40 ce=0.2587 sc=0.8248 mi=0.0610 dn=0.0000 v13=0.0004 grl=1.0839 v15=0.0000 v15r=0.0000 v16=0.0000 v17=0.0000 v18=0.0000 acc=1.0000 lr=7.45e-06 lambda=0.000 grl_lambda=1.000 v18_lambda=0.000 gpu=3.0/11.8GB
[20:24:52] [train] ep=91 step=020/40 ce=0.3030 sc=0.8973 mi=0.0633 dn=0.0000 v13=0.0004 grl=1.1010 v15=0.0000 v15r=0.0000 v16=0.0000 v17=0.0000 v18=0.0000 acc=0.9969 lr=7.08e-06 lambda=0.000 grl_lambda=1.000 v18_lambda=0.000 gpu=3.0/11.8GB
[20:24:58] [train] ep=91 step=030/40 ce=0.2878 sc=0.8698 mi=0.0634 dn=0.0000 v13=0.0004 grl=1.0924 v15=0.0000 v15r=0.0000 v16=0.0000 v17=0.0000 v18=0.0000 acc=0.9979 lr=6.72e-06 lambda=0.000 grl_lambda=1.000 v18_lambda=0.000 gpu=3.0/11.8GB
[20:25:04] [train] ep=91 step=040/40 ce=0.2809 sc=0.8533 mi=0.0622 dn=0.0000 v13=0.0004 grl=1.0914 v15=0.0000 v15r=0.0000 v16=0.0000 v17=0.0000 v18=0.0000 acc=0.9984 lr=6.36e-06 lambda=0.000 grl_lambda=1.000 v18_lambda=0.000 gpu=3.0/11.8GB
[20:25:15] [ep_summary] ep=91/100 val_live=0.9691/0.9694 val_ema=0.9691/0.9694 test77_live=0.7914/0.7786 test77_diag_ema=0.7734/0.7516 v13=0.0004 grl=1.0914 v15=0.0000 v15r=0.0000 v16=0.0000 v17=0.0000 v18=0.0000 das=stage3[12,95] p=1.00 ep_time=34.5s
[20:25:15] [train] epoch 92/100 steps=40 use_dann=0 das=stage3 f=[12.0,95.0] p=1.00 gpu=3.0/11.8GB
[20:25:15] [train] ep=92 step=001/40 ce=0.2601 sc=1.1621 mi=0.0578 dn=0.0000 v13=0.0002 grl=1.0814 v15=0.0000 v15r=0.0000 v16=0.0000 v17=0.0000 v18=0.0000 acc=1.0000 lr=6.33e-06 lambda=0.000 grl_lambda=1.000 v18_lambda=0.000 gpu=3.0/11.8GB
[20:25:21] [train] ep=92 step=010/40 ce=0.3842 sc=0.9813 mi=0.0627 dn=0.0000 v13=0.0004 grl=1.0924 v15=0.0000 v15r=0.0000 v16=0.0000 v17=0.0000 v18=0.0000 acc=0.9875 lr=6.02e-06 lambda=0.000 grl_lambda=1.000 v18_lambda=0.000 gpu=3.0/11.8GB
[20:25:27] [train] ep=92 step=020/40 ce=0.3276 sc=0.8419 mi=0.0634 dn=0.0000 v13=0.0004 grl=1.0984 v15=0.0000 v15r=0.0000 v16=0.0000 v17=0.0000 v18=0.0000 acc=0.9938 lr=5.68e-06 lambda=0.000 grl_lambda=1.000 v18_lambda=0.000 gpu=3.0/11.8GB
[20:25:33] [train] ep=92 step=030/40 ce=0.3095 sc=0.8393 mi=0.0633 dn=0.0000 v13=0.0004 grl=1.1011 v15=0.0000 v15r=0.0000 v16=0.0000 v17=0.0000 v18=0.0000 acc=0.9958 lr=5.35e-06 lambda=0.000 grl_lambda=1.000 v18_lambda=0.000 gpu=3.0/11.8GB
[20:25:38] [train] ep=92 step=040/40 ce=0.3112 sc=0.8395 mi=0.0634 dn=0.0000 v13=0.0004 grl=1.0971 v15=0.0000 v15r=0.0000 v16=0.0000 v17=0.0000 v18=0.0000 acc=0.9953 lr=5.04e-06 lambda=0.000 grl_lambda=1.000 v18_lambda=0.000 gpu=3.0/11.8GB
[20:25:49] [ep_summary] ep=92/100 val_live=0.9691/0.9694 val_ema=0.9691/0.9694 test77_live=0.7878/0.7746 test77_diag_ema=0.7770/0.7573 v13=0.0004 grl=1.0971 v15=0.0000 v15r=0.0000 v16=0.0000 v17=0.0000 v18=0.0000 das=stage3[12,95] p=1.00 ep_time=34.3s
[20:25:49] [train] epoch 93/100 steps=40 use_dann=0 das=stage3 f=[12.0,95.0] p=1.00 gpu=3.0/11.8GB
[20:25:50] [train] ep=93 step=001/40 ce=0.2569 sc=0.7112 mi=0.0648 dn=0.0000 v13=0.0002 grl=1.0033 v15=0.0000 v15r=0.0000 v16=0.0000 v17=0.0000 v18=0.0000 acc=1.0000 lr=5.01e-06 lambda=0.000 grl_lambda=1.000 v18_lambda=0.000 gpu=3.0/11.8GB
[20:25:55] [train] ep=93 step=010/40 ce=0.2662 sc=0.7162 mi=0.0598 dn=0.0000 v13=0.0004 grl=1.0755 v15=0.0000 v15r=0.0000 v16=0.0000 v17=0.0000 v18=0.0000 acc=1.0000 lr=4.73e-06 lambda=0.000 grl_lambda=1.000 v18_lambda=0.000 gpu=3.0/11.8GB
[20:26:01] [train] ep=93 step=020/40 ce=0.3216 sc=0.8042 mi=0.0613 dn=0.0000 v13=0.0004 grl=1.0796 v15=0.0000 v15r=0.0000 v16=0.0000 v17=0.0000 v18=0.0000 acc=0.9938 lr=4.43e-06 lambda=0.000 grl_lambda=1.000 v18_lambda=0.000 gpu=3.0/11.8GB
[20:26:07] [train] ep=93 step=030/40 ce=0.3026 sc=0.7852 mi=0.0620 dn=0.0000 v13=0.0004 grl=1.0838 v15=0.0000 v15r=0.0000 v16=0.0000 v17=0.0000 v18=0.0000 acc=0.9958 lr=4.14e-06 lambda=0.000 grl_lambda=1.000 v18_lambda=0.000 gpu=3.0/11.8GB
[20:26:13] [train] ep=93 step=040/40 ce=0.3307 sc=0.8254 mi=0.0624 dn=0.0000 v13=0.0004 grl=1.0889 v15=0.0000 v15r=0.0000 v16=0.0000 v17=0.0000 v18=0.0000 acc=0.9938 lr=3.87e-06 lambda=0.000 grl_lambda=1.000 v18_lambda=0.000 gpu=3.0/11.8GB
[20:26:23] [ep_summary] ep=93/100 val_live=0.9691/0.9694 val_ema=0.9691/0.9694 test77_live=0.7878/0.7743 test77_diag_ema=0.7770/0.7573 v13=0.0004 grl=1.0889 v15=0.0000 v15r=0.0000 v16=0.0000 v17=0.0000 v18=0.0000 das=stage3[12,95] p=1.00 ep_time=34.3s
[20:26:23] [train] epoch 94/100 steps=40 use_dann=0 das=stage3 f=[12.0,95.0] p=1.00 gpu=3.0/11.8GB
[20:26:24] [train] ep=94 step=001/40 ce=0.2569 sc=0.8220 mi=0.0642 dn=0.0000 v13=0.0003 grl=1.0986 v15=0.0000 v15r=0.0000 v16=0.0000 v17=0.0000 v18=0.0000 acc=1.0000 lr=3.84e-06 lambda=0.000 grl_lambda=1.000 v18_lambda=0.000 gpu=3.0/11.8GB
[20:26:30] [train] ep=94 step=010/40 ce=0.2568 sc=0.7778 mi=0.0627 dn=0.0000 v13=0.0004 grl=1.1222 v15=0.0000 v15r=0.0000 v16=0.0000 v17=0.0000 v18=0.0000 acc=1.0000 lr=3.60e-06 lambda=0.000 grl_lambda=1.000 v18_lambda=0.000 gpu=3.0/11.8GB
[20:26:36] [train] ep=94 step=020/40 ce=0.2640 sc=0.7814 mi=0.0640 dn=0.0000 v13=0.0004 grl=1.1134 v15=0.0000 v15r=0.0000 v16=0.0000 v17=0.0000 v18=0.0000 acc=1.0000 lr=3.34e-06 lambda=0.000 grl_lambda=1.000 v18_lambda=0.000 gpu=3.0/11.8GB
[20:26:41] [train] ep=94 step=030/40 ce=0.2621 sc=0.7518 mi=0.0642 dn=0.0000 v13=0.0004 grl=1.1015 v15=0.0000 v15r=0.0000 v16=0.0000 v17=0.0000 v18=0.0000 acc=1.0000 lr=3.09e-06 lambda=0.000 grl_lambda=1.000 v18_lambda=0.000 gpu=3.0/11.8GB
[20:26:47] [train] ep=94 step=040/40 ce=0.2620 sc=0.7539 mi=0.0636 dn=0.0000 v13=0.0004 grl=1.0976 v15=0.0000 v15r=0.0000 v16=0.0000 v17=0.0000 v18=0.0000 acc=1.0000 lr=2.85e-06 lambda=0.000 grl_lambda=1.000 v18_lambda=0.000 gpu=3.0/11.8GB
[20:27:01] [ep_summary] ep=94/100 val_live=0.9691/0.9694 val_ema=0.9691/0.9694 test77_live=0.7842/0.7710 test77_diag_ema=0.7770/0.7573 v13=0.0004 grl=1.0976 v15=0.0000 v15r=0.0000 v16=0.0000 v17=0.0000 v18=0.0000 das=stage3[12,95] p=1.00 ep_time=37.1s
[20:27:01] [train] epoch 95/100 steps=40 use_dann=0 das=stage3 f=[12.0,95.0] p=1.00 gpu=3.0/11.8GB
[20:27:01] [train] ep=95 step=001/40 ce=0.3241 sc=0.9641 mi=0.0545 dn=0.0000 v13=0.0003 grl=1.1380 v15=0.0000 v15r=0.0000 v16=0.0000 v17=0.0000 v18=0.0000 acc=1.0000 lr=2.82e-06 lambda=0.000 grl_lambda=1.000 v18_lambda=0.000 gpu=3.0/11.8GB
[20:27:07] [train] ep=95 step=010/40 ce=0.3446 sc=0.8079 mi=0.0647 dn=0.0000 v13=0.0004 grl=1.0932 v15=0.0000 v15r=0.0000 v16=0.0000 v17=0.0000 v18=0.0000 acc=0.9938 lr=2.62e-06 lambda=0.000 grl_lambda=1.000 v18_lambda=0.000 gpu=3.0/11.8GB
[20:27:13] [train] ep=95 step=020/40 ce=0.3058 sc=0.7788 mi=0.0638 dn=0.0000 v13=0.0004 grl=1.0910 v15=0.0000 v15r=0.0000 v16=0.0000 v17=0.0000 v18=0.0000 acc=0.9969 lr=2.40e-06 lambda=0.000 grl_lambda=1.000 v18_lambda=0.000 gpu=3.0/11.8GB
[20:27:19] [train] ep=95 step=030/40 ce=0.2899 sc=0.7678 mi=0.0642 dn=0.0000 v13=0.0004 grl=1.0944 v15=0.0000 v15r=0.0000 v16=0.0000 v17=0.0000 v18=0.0000 acc=0.9979 lr=2.18e-06 lambda=0.000 grl_lambda=1.000 v18_lambda=0.000 gpu=3.0/11.8GB
[20:27:24] [train] ep=95 step=040/40 ce=0.2860 sc=0.7656 mi=0.0645 dn=0.0000 v13=0.0004 grl=1.0953 v15=0.0000 v15r=0.0000 v16=0.0000 v17=0.0000 v18=0.0000 acc=0.9984 lr=1.98e-06 lambda=0.000 grl_lambda=1.000 v18_lambda=0.000 gpu=3.0/11.8GB
[20:27:36] [ep_summary] ep=95/100 val_live=0.9691/0.9694 val_ema=0.9691/0.9694 test77_live=0.7842/0.7706 test77_diag_ema=0.7770/0.7573 v13=0.0004 grl=1.0953 v15=0.0000 v15r=0.0000 v16=0.0000 v17=0.0000 v18=0.0000 das=stage3[12,95] p=1.00 ep_time=34.9s
[20:27:36] [train] epoch 96/100 steps=40 use_dann=0 das=stage3 f=[12.0,95.0] p=1.00 gpu=3.0/11.8GB
[20:27:36] [train] ep=96 step=001/40 ce=0.6179 sc=0.9518 mi=0.0557 dn=0.0000 v13=0.0003 grl=1.0827 v15=0.0000 v15r=0.0000 v16=0.0000 v17=0.0000 v18=0.0000 acc=1.0000 lr=1.96e-06 lambda=0.000 grl_lambda=1.000 v18_lambda=0.000 gpu=3.0/11.8GB
[20:27:42] [train] ep=96 step=010/40 ce=0.3232 sc=0.8356 mi=0.0613 dn=0.0000 v13=0.0004 grl=1.0856 v15=0.0000 v15r=0.0000 v16=0.0000 v17=0.0000 v18=0.0000 acc=1.0000 lr=1.79e-06 lambda=0.000 grl_lambda=1.000 v18_lambda=0.000 gpu=3.0/11.8GB
[20:27:47] [train] ep=96 step=020/40 ce=0.3009 sc=0.8184 mi=0.0615 dn=0.0000 v13=0.0004 grl=1.0796 v15=0.0000 v15r=0.0000 v16=0.0000 v17=0.0000 v18=0.0000 acc=1.0000 lr=1.61e-06 lambda=0.000 grl_lambda=1.000 v18_lambda=0.000 gpu=3.0/11.8GB
[20:27:53] [train] ep=96 step=030/40 ce=0.2871 sc=0.7963 mi=0.0613 dn=0.0000 v13=0.0004 grl=1.0846 v15=0.0000 v15r=0.0000 v16=0.0000 v17=0.0000 v18=0.0000 acc=1.0000 lr=1.44e-06 lambda=0.000 grl_lambda=1.000 v18_lambda=0.000 gpu=3.0/11.8GB
[20:27:59] [train] ep=96 step=040/40 ce=0.3042 sc=0.7979 mi=0.0613 dn=0.0000 v13=0.0004 grl=1.0840 v15=0.0000 v15r=0.0000 v16=0.0000 v17=0.0000 v18=0.0000 acc=0.9984 lr=1.27e-06 lambda=0.000 grl_lambda=1.000 v18_lambda=0.000 gpu=3.0/11.8GB
[20:28:10] [ep_summary] ep=96/100 val_live=0.9691/0.9694 val_ema=0.9691/0.9694 test77_live=0.7878/0.7745 test77_diag_ema=0.7770/0.7573 v13=0.0004 grl=1.0840 v15=0.0000 v15r=0.0000 v16=0.0000 v17=0.0000 v18=0.0000 das=stage3[12,95] p=1.00 ep_time=34.3s
[20:28:10] [train] epoch 97/100 steps=40 use_dann=0 das=stage3 f=[12.0,95.0] p=1.00 gpu=3.0/11.8GB
[20:28:11] [train] ep=97 step=001/40 ce=0.2585 sc=0.9904 mi=0.0667 dn=0.0000 v13=0.0005 grl=1.1151 v15=0.0000 v15r=0.0000 v16=0.0000 v17=0.0000 v18=0.0000 acc=1.0000 lr=1.26e-06 lambda=0.000 grl_lambda=1.000 v18_lambda=0.000 gpu=3.0/11.8GB
[20:28:16] [train] ep=97 step=010/40 ce=0.2578 sc=0.7925 mi=0.0621 dn=0.0000 v13=0.0004 grl=1.0927 v15=0.0000 v15r=0.0000 v16=0.0000 v17=0.0000 v18=0.0000 acc=1.0000 lr=1.12e-06 lambda=0.000 grl_lambda=1.000 v18_lambda=0.000 gpu=3.0/11.8GB
[20:28:22] [train] ep=97 step=020/40 ce=0.3049 sc=0.8246 mi=0.0634 dn=0.0000 v13=0.0004 grl=1.0909 v15=0.0000 v15r=0.0000 v16=0.0000 v17=0.0000 v18=0.0000 acc=0.9969 lr=9.76e-07 lambda=0.000 grl_lambda=1.000 v18_lambda=0.000 gpu=3.0/11.8GB
[20:28:28] [train] ep=97 step=030/40 ce=0.2906 sc=0.7696 mi=0.0639 dn=0.0000 v13=0.0004 grl=1.0929 v15=0.0000 v15r=0.0000 v16=0.0000 v17=0.0000 v18=0.0000 acc=0.9979 lr=8.43e-07 lambda=0.000 grl_lambda=1.000 v18_lambda=0.000 gpu=3.0/11.8GB
[20:28:33] [train] ep=97 step=040/40 ce=0.2824 sc=0.7608 mi=0.0632 dn=0.0000 v13=0.0004 grl=1.0937 v15=0.0000 v15r=0.0000 v16=0.0000 v17=0.0000 v18=0.0000 acc=0.9984 lr=7.19e-07 lambda=0.000 grl_lambda=1.000 v18_lambda=0.000 gpu=3.0/11.8GB
[20:28:44] [ep_summary] ep=97/100 val_live=0.9691/0.9694 val_ema=0.9691/0.9694 test77_live=0.7878/0.7752 test77_diag_ema=0.7770/0.7573 v13=0.0004 grl=1.0937 v15=0.0000 v15r=0.0000 v16=0.0000 v17=0.0000 v18=0.0000 das=stage3[12,95] p=1.00 ep_time=33.9s
[20:28:44] [train] epoch 98/100 steps=40 use_dann=0 das=stage3 f=[12.0,95.0] p=1.00 gpu=3.0/11.8GB
[20:28:44] [train] ep=98 step=001/40 ce=0.2564 sc=0.8196 mi=0.0668 dn=0.0000 v13=0.0003 grl=1.0978 v15=0.0000 v15r=0.0000 v16=0.0000 v17=0.0000 v18=0.0000 acc=1.0000 lr=7.07e-07 lambda=0.000 grl_lambda=1.000 v18_lambda=0.000 gpu=3.0/11.8GB
[20:28:50] [train] ep=98 step=010/40 ce=0.3313 sc=0.7922 mi=0.0635 dn=0.0000 v13=0.0003 grl=1.0971 v15=0.0000 v15r=0.0000 v16=0.0000 v17=0.0000 v18=0.0000 acc=0.9938 lr=6.05e-07 lambda=0.000 grl_lambda=1.000 v18_lambda=0.000 gpu=3.0/11.8GB
[20:28:56] [train] ep=98 step=020/40 ce=0.2951 sc=0.7681 mi=0.0631 dn=0.0000 v13=0.0003 grl=1.0971 v15=0.0000 v15r=0.0000 v16=0.0000 v17=0.0000 v18=0.0000 acc=0.9969 lr=5.01e-07 lambda=0.000 grl_lambda=1.000 v18_lambda=0.000 gpu=3.0/11.8GB
[20:29:01] [train] ep=98 step=030/40 ce=0.2824 sc=0.7621 mi=0.0629 dn=0.0000 v13=0.0003 grl=1.0952 v15=0.0000 v15r=0.0000 v16=0.0000 v17=0.0000 v18=0.0000 acc=0.9979 lr=4.07e-07 lambda=0.000 grl_lambda=1.000 v18_lambda=0.000 gpu=3.0/11.8GB
[20:29:07] [train] ep=98 step=040/40 ce=0.2762 sc=0.7450 mi=0.0626 dn=0.0000 v13=0.0003 grl=1.0899 v15=0.0000 v15r=0.0000 v16=0.0000 v17=0.0000 v18=0.0000 acc=0.9984 lr=3.22e-07 lambda=0.000 grl_lambda=1.000 v18_lambda=0.000 gpu=3.0/11.8GB
[20:29:18] [ep_summary] ep=98/100 val_live=0.9691/0.9694 val_ema=0.9691/0.9694 test77_live=0.7878/0.7745 test77_diag_ema=0.7770/0.7573 v13=0.0003 grl=1.0899 v15=0.0000 v15r=0.0000 v16=0.0000 v17=0.0000 v18=0.0000 das=stage3[12,95] p=1.00 ep_time=34.0s
[20:29:18] [train] epoch 99/100 steps=40 use_dann=0 das=stage3 f=[12.0,95.0] p=1.00 gpu=3.0/11.8GB
[20:29:18] [train] ep=99 step=001/40 ce=0.5313 sc=0.6934 mi=0.0609 dn=0.0000 v13=0.0002 grl=1.0491 v15=0.0000 v15r=0.0000 v16=0.0000 v17=0.0000 v18=0.0000 acc=1.0000 lr=3.15e-07 lambda=0.000 grl_lambda=1.000 v18_lambda=0.000 gpu=3.0/11.8GB
[20:29:24] [train] ep=99 step=010/40 ce=0.2907 sc=0.6593 mi=0.0643 dn=0.0000 v13=0.0003 grl=1.0785 v15=0.0000 v15r=0.0000 v16=0.0000 v17=0.0000 v18=0.0000 acc=1.0000 lr=2.48e-07 lambda=0.000 grl_lambda=1.000 v18_lambda=0.000 gpu=3.0/11.8GB
[20:29:30] [train] ep=99 step=020/40 ce=0.2737 sc=0.7048 mi=0.0640 dn=0.0000 v13=0.0004 grl=1.0963 v15=0.0000 v15r=0.0000 v16=0.0000 v17=0.0000 v18=0.0000 acc=1.0000 lr=1.83e-07 lambda=0.000 grl_lambda=1.000 v18_lambda=0.000 gpu=3.0/11.8GB
[20:29:35] [train] ep=99 step=030/40 ce=0.2686 sc=0.7433 mi=0.0644 dn=0.0000 v13=0.0004 grl=1.0940 v15=0.0000 v15r=0.0000 v16=0.0000 v17=0.0000 v18=0.0000 acc=1.0000 lr=1.28e-07 lambda=0.000 grl_lambda=1.000 v18_lambda=0.000 gpu=3.0/11.8GB
[20:29:41] [train] ep=99 step=040/40 ce=0.2670 sc=0.7124 mi=0.0644 dn=0.0000 v13=0.0004 grl=1.0897 v15=0.0000 v15r=0.0000 v16=0.0000 v17=0.0000 v18=0.0000 acc=1.0000 lr=8.26e-08 lambda=0.000 grl_lambda=1.000 v18_lambda=0.000 gpu=3.0/11.8GB
[20:30:08] [ep_summary] ep=99/100 val_live=0.9691/0.9694 val_ema=0.9691/0.9694 test77_live=0.7878/0.7745 test77_diag_ema=0.7770/0.7573 v13=0.0004 grl=1.0897 v15=0.0000 v15r=0.0000 v16=0.0000 v17=0.0000 v18=0.0000 das=stage3[12,95] p=1.00 ep_time=50.1s
[20:30:08] [train] epoch 100/100 steps=40 use_dann=0 das=stage3 f=[12.0,95.0] p=1.00 gpu=3.0/11.8GB
[20:30:09] [train] ep=100 step=001/40 ce=0.6609 sc=0.9909 mi=0.0614 dn=0.0000 v13=0.0006 grl=1.0439 v15=0.0000 v15r=0.0000 v16=0.0000 v17=0.0000 v18=0.0000 acc=1.0000 lr=7.87e-08 lambda=0.000 grl_lambda=1.000 v18_lambda=0.000 gpu=3.0/11.8GB
[20:30:14] [train] ep=100 step=010/40 ce=0.2973 sc=0.7289 mi=0.0620 dn=0.0000 v13=0.0005 grl=1.0886 v15=0.0000 v15r=0.0000 v16=0.0000 v17=0.0000 v18=0.0000 acc=1.0000 lr=4.72e-08 lambda=0.000 grl_lambda=1.000 v18_lambda=0.000 gpu=3.0/11.8GB
[20:30:20] [train] ep=100 step=020/40 ce=0.2836 sc=0.7577 mi=0.0623 dn=0.0000 v13=0.0004 grl=1.1022 v15=0.0000 v15r=0.0000 v16=0.0000 v17=0.0000 v18=0.0000 acc=1.0000 lr=2.17e-08 lambda=0.000 grl_lambda=1.000 v18_lambda=0.000 gpu=3.0/11.8GB
[20:30:26] [train] ep=100 step=030/40 ce=0.2766 sc=0.7631 mi=0.0625 dn=0.0000 v13=0.0004 grl=1.1061 v15=0.0000 v15r=0.0000 v16=0.0000 v17=0.0000 v18=0.0000 acc=1.0000 lr=5.95e-09 lambda=0.000 grl_lambda=1.000 v18_lambda=0.000 gpu=3.0/11.8GB
[20:30:32] [train] ep=100 step=040/40 ce=0.2895 sc=0.7832 mi=0.0624 dn=0.0000 v13=0.0004 grl=1.1025 v15=0.0000 v15r=0.0000 v16=0.0000 v17=0.0000 v18=0.0000 acc=1.0000 lr=4.92e-11 lambda=0.000 grl_lambda=1.000 v18_lambda=0.000 gpu=3.0/11.8GB
[20:30:42] [pool] check ep=100/100 source_val_acc_ema=0.9691 threshold=0.90
[20:30:50] [pool] ep=100 ADDED src_val=0.9691/0.9694 dev77=0.7286/0.7098 final77=0.7770/0.7573
[20:30:50] [pool] running best ep=090 dev77_f1=0.7184 final77_f1=0.7516 (pool_size=7)
[20:30:58] [ep_summary] ep=100/100 val_live=0.9691/0.9694 val_ema=0.9691/0.9694 test77_live=0.7878/0.7745 test77_diag_ema=0.7770/0.7573 v13=0.0004 grl=1.1025 v15=0.0000 v15r=0.0000 v16=0.0000 v17=0.0000 v18=0.0000 das=stage3[12,95] p=1.00 ep_time=50.2s
[20:30:58] [strict77_monitor] ep=100 best_source_epoch=45 source_val_ema=0.9753/0.9757 test77_ema_diag=0.7122/0.6454 sourcequalified_count=67 best_sourcequalified77_epoch=63 source_val_ema=0.9691/0.9694 test77_ema=0.7842/0.7593
[20:30:58] [pool] FINAL pool_size=7 best ep=090 dev77_f1=0.7184 final77_f1=0.7516 -> /scratch/st-zliu-1/heqingz/CrossCarrier_Fresh_20260922/CrossCarrier_Repro/EXPERIMENTSRESULT/REVISION_5090/SUPP_ABLATION/ACR_discrete/seed42/checkpoints/best_pool_ema.pt
[20:30:58] [train] done best_sourceval_acc_ema=0.9753
[20:31:20] [eval] loaded vit_large_patch16_dinov3_lvd1689m_best_sourceval_ema.pt (sourceval)
[20:31:20] [eval] strict source-val selected by ema acc; heldout77_unused=140 final_test77=278 imgs, seed=42 dev_per_class=20
[20:31:24] [eval] 77GHz final-test acc=0.7122 f1=0.6454
[20:31:24] [eval] 77GHz final-test per-class={'Away': 0.95, 'Bend': 0.9743589743589743, 'Kneel': 0.9523809523809523, 'Pick': 0.175, 'SStep': 1.0, 'Sit': 0.02702702702702703, 'Towards': 0.85}
[20:31:26] [eval] val_all acc=0.9753 f1=0.9757
[20:31:27] [freq_scan:val10] f_virt=15GHz acc=0.9872 f1=0.9881
[20:31:28] [freq_scan:val10] f_virt=30GHz acc=0.9615 f1=0.9641
[20:31:29] [freq_scan:val10] f_virt=50GHz acc=0.9359 f1=0.9397
[20:31:31] [freq_scan:val10] f_virt=77GHz acc=0.8974 f1=0.9038
[20:31:32] [freq_scan:val10] f_virt=99GHz acc=0.8974 f1=0.9032
[20:31:33] [freq_scan:val10] f_virt=120GHz acc=0.8462 f1=0.8522
[20:31:34] [freq_scan:val10] f_virt=140GHz acc=0.7692 f1=0.7805
[20:31:36] [freq_scan:val24] f_virt=15GHz acc=0.9762 f1=0.9751
[20:31:37] [freq_scan:val24] f_virt=30GHz acc=0.9881 f1=0.9875
[20:31:38] [freq_scan:val24] f_virt=50GHz acc=0.9762 f1=0.9761
[20:31:39] [freq_scan:val24] f_virt=77GHz acc=0.9524 f1=0.9519
[20:31:41] [freq_scan:val24] f_virt=99GHz acc=0.9286 f1=0.9294
[20:31:42] [freq_scan:val24] f_virt=120GHz acc=0.7619 f1=0.7522
[20:31:43] [freq_scan:val24] f_virt=140GHz acc=0.7381 f1=0.7304
[20:31:43] [eval] saved eval_sourceval.json
[20:31:56] [eval] loaded vit_large_patch16_dinov3_lvd1689m_best_sourcequalified77_ema.pt (sourcequalified)
[20:31:56] [eval] source-qualified diagnostic selected (source-val ema acc >= 0.90, then best 77GHz ema macro-F1); heldout77_unused=140 final_test77=278 imgs, seed=42 dev_per_class=20
[20:32:00] [eval] 77GHz final-test acc=0.7842 f1=0.7593
[20:32:00] [eval] 77GHz final-test per-class={'Away': 0.975, 'Bend': 0.7692307692307693, 'Kneel': 0.8333333333333334, 'Pick': 0.825, 'SStep': 1.0, 'Sit': 0.13513513513513514, 'Towards': 0.9}
[20:32:02] [eval] val_all acc=0.9691 f1=0.9694
[20:32:03] [freq_scan:val10] f_virt=15GHz acc=0.9872 f1=0.9881
[20:32:04] [freq_scan:val10] f_virt=30GHz acc=0.9872 f1=0.9881
[20:32:05] [freq_scan:val10] f_virt=50GHz acc=0.9872 f1=0.9881
[20:32:06] [freq_scan:val10] f_virt=77GHz acc=0.9744 f1=0.9760
[20:32:07] [freq_scan:val10] f_virt=99GHz acc=0.9487 f1=0.9523
[20:32:09] [freq_scan:val10] f_virt=120GHz acc=0.9231 f1=0.9270
[20:32:10] [freq_scan:val10] f_virt=140GHz acc=0.8974 f1=0.8999
[20:32:11] [freq_scan:val24] f_virt=15GHz acc=0.9881 f1=0.9876
[20:32:12] [freq_scan:val24] f_virt=30GHz acc=0.9643 f1=0.9627
[20:32:14] [freq_scan:val24] f_virt=50GHz acc=0.9881 f1=0.9875
[20:32:15] [freq_scan:val24] f_virt=77GHz acc=0.9762 f1=0.9751
[20:32:16] [freq_scan:val24] f_virt=99GHz acc=0.9762 f1=0.9756
[20:32:17] [freq_scan:val24] f_virt=120GHz acc=0.9643 f1=0.9646
[20:32:19] [freq_scan:val24] f_virt=140GHz acc=0.9167 f1=0.9173
[20:32:19] [eval] saved eval_sourcequalified.json
