path,frequency,class,split,subject,provenance_manifest,provenance_row,class_idx_7c,freq_idx,file_sha256
/arc/project/st-zliu-1/heqingz/datasets/domainGenDataset_core_movements/10GHz/Away/06060010_1573837305.png,10GHz,Away,train,,/scratch/st-zliu-1/heqingz/CrossCarrier_Core6_FullSuite_20260924/manifests/core6_source/10GHz.csv,2,0,0,7f06023acbfeeb7b007bf35492dcf273a189832738053a807d9fb03200955501
/arc/project/st-zliu-1/heqingz/datasets/domainGenDataset_core_movements/10GHz/Away/06060014_1574696344.png,10GHz,Away,train,,/scratch/st-zliu-1/heqingz/CrossCarrier_Core6_FullSuite_20260924/manifests/core6_source/10GHz.csv,3,0,0,ddb0fe494e64f9b08f684c9c0cf4217721978dd4ecc7b4a1642e191dc59594cd
/arc/project/st-zliu-1/heqingz/datasets/domainGenDataset_core_movements/10GHz/Away/06060014_1574696490.png,10GHz,Away,train,,/scratch/st-zliu-1/heqingz/CrossCarrier_Core6_FullSuite_20260924/manifests/core6_source/10GHz.csv,4,0,0,0c913f63d81c86eabcedfd26ba18e0fe7798aa6311fad53798d07c35d983372f
/arc/project/st-zliu-1/heqingz/datasets/domainGenDataset_core_movements/10GHz/Away/06060010_1573837135.png,10GHz,Away,train,,/scratch/st-zliu-1/heqingz/CrossCarrier_Core6_FullSuite_20260924/manifests/core6_source/10GHz.csv,5,0,0,ce95bbdfcace3bf2e1bf0d312027acdf40bb4ae5d3d6de85b89381482361d59a
/arc/project/st-zliu-1/heqingz/datasets/domainGenDataset_core_movements/10GHz/Away/06060029_1574627039.png,10GHz,Away,train,,/scratch/st-zliu-1/heqingz/CrossCarrier_Core6_FullSuite_20260924/manifests/core6_source/10GHz.csv,6,0,0,71257e03efe81b403ef3e676d8da4c9b2682aa227c0a4b3b42aca96bbbaa59f4
/arc/project/st-zliu-1/heqingz/datasets/domainGenDataset_core_movements/10GHz/Away/06060030_1574457136.png,10GHz,Away,train,,/scratch/st-zliu-1/heqingz/CrossCarrier_Core6_FullSuite_20260924/manifests/core6_source/10GHz.csv,7,0,0,69de7b67d5feb3240d8e2057f7a7fcc8836070cc553d1d501093f179f2dc9456
/arc/project/st-zliu-1/heqingz/datasets/domainGenDataset_core_movements/10GHz/Away/06060029_1574114867.png,10GHz,Away,train,,/scratch/st-zliu-1/heqingz/CrossCarrier_Core6_FullSuite_20260924/manifests/core6_source/10GHz.csv,8,0,0,cb8ac8d153cee45bd61021bffece0dc81f1b94bb6054654515fe78c67daf5506
/arc/project/st-zliu-1/heqingz/datasets/domainGenDataset_core_movements/10GHz/Away/06060029_1574627068.png,10GHz,Away,train,,/scratch/st-zliu-1/heqingz/CrossCarrier_Core6_FullSuite_20260924/manifests/core6_source/10GHz.csv,9,0,0,21789e0cd4644e089a936b95c04676cbd7da351bd8aa8452d6fc299530e71241
/arc/project/st-zliu-1/heqingz/datasets/domainGenDataset_core_movements/10GHz/Away/06060010_1573837181.png,10GHz,Away,train,,/scratch/st-zliu-1/heqingz/CrossCarrier_Core6_FullSuite_20260924/manifests/core6_source/10GHz.csv,10,0,0,37e33497a9c5301e5bbbbe4174d754087b3900d53841e79478aef278f37c07e0
/arc/project/st-zliu-1/heqingz/datasets/domainGenDataset_core_movements/10GHz/Away/06060010_1573837276.png,10GHz,Away,train,,/scratch/st-zliu-1/heqingz/CrossCarrier_Core6_FullSuite_20260924/manifests/core6_source/10GHz.csv,11,0,0,11c24921eae114f8b22c7dcf4a4c1af1c12358089d3af2739b253612d463c490
/arc/project/st-zliu-1/heqingz/datasets/domainGenDataset_core_movements/10GHz/Away/06060030_1574456948.png,10GHz,Away,train,,/scratch/st-zliu-1/heqingz/CrossCarrier_Core6_FullSuite_20260924/manifests/core6_source/10GHz.csv,12,0,0,452aedefed521e95ae0dd6572686debfd3b5b067ca1ae635e97f52878fa8df5d
/arc/project/st-zliu-1/heqingz/datasets/domainGenDataset_core_movements/10GHz/Away/06060029_1574627087.png,10GHz,Away,train,,/scratch/st-zliu-1/heqingz/CrossCarrier_Core6_FullSuite_20260924/manifests/core6_source/10GHz.csv,13,0,0,78ef0d57f783645f7707bf01f0fb26096803897d3fc25d4c37e49def7771bbb1
/arc/project/st-zliu-1/heqingz/datasets/domainGenDataset_core_movements/10GHz/Away/06060030_1574457095.png,10GHz,Away,train,,/scratch/st-zliu-1/heqingz/CrossCarrier_Core6_FullSuite_20260924/manifests/core6_source/10GHz.csv,14,0,0,eba946b85472edbcfd7188c0e75a7b424be49d6a95610fe6eabb4bd2d2f93553
/arc/project/st-zliu-1/heqingz/datasets/domainGenDataset_core_movements/10GHz/Away/06060029_1574114809.png,10GHz,Away,train,,/scratch/st-zliu-1/heqingz/CrossCarrier_Core6_FullSuite_20260924/manifests/core6_source/10GHz.csv,15,0,0,0424437b57b1e919ba53cb0b730c1a14d39d2eee622b997f31f96f7d0a47c7e0
/arc/project/st-zliu-1/heqingz/datasets/domainGenDataset_core_movements/10GHz/Away/06060030_1574194202.png,10GHz,Away,train,,/scratch/st-zliu-1/heqingz/CrossCarrier_Core6_FullSuite_20260924/manifests/core6_source/10GHz.csv,16,0,0,df841e65f53c62ec8e88b3a0dd20b7a067f399112cb25747cf5bbf4c9cd12a20
/arc/project/st-zliu-1/heqingz/datasets/domainGenDataset_core_movements/10GHz/Away/06060030_1574457052.png,10GHz,Away,train,,/scratch/st-zliu-1/heqingz/CrossCarrier_Core6_FullSuite_20260924/manifests/core6_source/10GHz.csv,17,0,0,70244e8dabc055bba4404764dad07d5c41b686d1436da49b3fedb49e60684203
/arc/project/st-zliu-1/heqingz/datasets/domainGenDataset_core_movements/10GHz/Away/06060030_1574457074.png,10GHz,Away,train,,/scratch/st-zliu-1/heqingz/CrossCarrier_Core6_FullSuite_20260924/manifests/core6_source/10GHz.csv,18,0,0,d955fbf795ad12070ee584a1be1fd6a0b617ed309f568d5f2df737a4a1aab9c0
/arc/project/st-zliu-1/heqingz/datasets/domainGenDataset_core_movements/10GHz/Away/06060111_1550866081.png,10GHz,Away,train,,/scratch/st-zliu-1/heqingz/CrossCarrier_Core6_FullSuite_20260924/manifests/core6_source/10GHz.csv,19,0,0,f122774e4e14f95d7e9006b226fe4e7578e2fc7be387c2a28b8716bda3582e61
/arc/project/st-zliu-1/heqingz/datasets/domainGenDataset_core_movements/10GHz/Away/06060030_1574194298.png,10GHz,Away,train,,/scratch/st-zliu-1/heqingz/CrossCarrier_Core6_FullSuite_20260924/manifests/core6_source/10GHz.csv,20,0,0,15417fa1a8b59da6070366e8e2fc7e60a46152872f2aae29ea9f3e2ec632ed16
/arc/project/st-zliu-1/heqingz/datasets/domainGenDataset_core_movements/10GHz/Away/06060030_1574457011.png,10GHz,Away,train,,/scratch/st-zliu-1/heqingz/CrossCarrier_Core6_FullSuite_20260924/manifests/core6_source/10GHz.csv,21,0,0,fcd49f0a77e0fad10cac1d42ac060c809c5950894f3807a5d1de23f5f7aa9623
/arc/project/st-zliu-1/heqingz/datasets/domainGenDataset_core_movements/10GHz/Away/06060029_1574114770.png,10GHz,Away,train,,/scratch/st-zliu-1/heqingz/CrossCarrier_Core6_FullSuite_20260924/manifests/core6_source/10GHz.csv,22,0,0,98c6d998007148f1e06edaa0c563091ec98965119267a158bbc36bdcd6ef5b8f
/arc/project/st-zliu-1/heqingz/datasets/domainGenDataset_core_movements/10GHz/Away/06060029_1574114829.png,10GHz,Away,train,,/scratch/st-zliu-1/heqingz/CrossCarrier_Core6_FullSuite_20260924/manifests/core6_source/10GHz.csv,23,0,0,913af2ac944d9f09f06783785ea2c1f96bc9d6ea1e8903ac885eea5f705e0549
/arc/project/st-zliu-1/heqingz/datasets/domainGenDataset_core_movements/10GHz/Away/06060010_1573837370.png,10GHz,Away,train,,/scratch/st-zliu-1/heqingz/CrossCarrier_Core6_FullSuite_20260924/manifests/core6_source/10GHz.csv,24,0,0,2c6b18d68a0f4d0d9806d4f364c4b259c0ebd2f101dfab8adc17637d001c254f
/arc/project/st-zliu-1/heqingz/datasets/domainGenDataset_core_movements/10GHz/Away/06060118_1550693431.png,10GHz,Away,train,,/scratch/st-zliu-1/heqingz/CrossCarrier_Core6_FullSuite_20260924/manifests/core6_source/10GHz.csv,25,0,0,c474f532d86d256e26d16a9775861d6b089c175493d58565ca4b8825e8ba0e89
/arc/project/st-zliu-1/heqingz/datasets/domainGenDataset_core_movements/10GHz/Away/06060029_1574626995.png,10GHz,Away,train,,/scratch/st-zliu-1/heqingz/CrossCarrier_Core6_FullSuite_20260924/manifests/core6_source/10GHz.csv,26,0,0,5ef5e89cd57c3822c2c4ac71444193f9ec0a8a00e1e822f07e10d1e84dceb9c0
/arc/project/st-zliu-1/heqingz/datasets/domainGenDataset_core_movements/10GHz/Away/06060030_1574194391.png,10GHz,Away,train,,/scratch/st-zliu-1/heqingz/CrossCarrier_Core6_FullSuite_20260924/manifests/core6_source/10GHz.csv,27,0,0,d237cd4b660c7d902ea72a1acfa4c94353b0fcca011af808d7e1bbfdcf70f357
/arc/project/st-zliu-1/heqingz/datasets/domainGenDataset_core_movements/10GHz/Away/06060010_1573837254.png,10GHz,Away,train,,/scratch/st-zliu-1/heqingz/CrossCarrier_Core6_FullSuite_20260924/manifests/core6_source/10GHz.csv,28,0,0,5b44d68d51c4d8249b05a4c38d852b10114cbb8e2dc6268161e58f2df66adb22
/arc/project/st-zliu-1/heqingz/datasets/domainGenDataset_core_movements/10GHz/Away/06060111_1550865876.png,10GHz,Away,train,,/scratch/st-zliu-1/heqingz/CrossCarrier_Core6_FullSuite_20260924/manifests/core6_source/10GHz.csv,29,0,0,c9e54810af6218b99468ee570c1d958ce565e9a0d48df839815d9869d2f05705
/arc/project/st-zliu-1/heqingz/datasets/domainGenDataset_core_movements/10GHz/Away/06060030_1574456969.png,10GHz,Away,train,,/scratch/st-zliu-1/heqingz/CrossCarrier_Core6_FullSuite_20260924/manifests/core6_source/10GHz.csv,30,0,0,b541a79bbf0bf6eaeb5efe474baf01cc6cfdf2d89212d333a8c67d2fb1329e84
/arc/project/st-zliu-1/heqingz/datasets/domainGenDataset_core_movements/10GHz/Away/06060030_1574194179.png,10GHz,Away,train,,/scratch/st-zliu-1/heqingz/CrossCarrier_Core6_FullSuite_20260924/manifests/core6_source/10GHz.csv,31,0,0,0eece479e346c454b51721f83c0c8f63b7c1069c243b33f40395efbc6ac7dc69
/arc/project/st-zliu-1/heqingz/datasets/domainGenDataset_core_movements/10GHz/Away/06060029_1574626614.png,10GHz,Away,train,,/scratch/st-zliu-1/heqingz/CrossCarrier_Core6_FullSuite_20260924/manifests/core6_source/10GHz.csv,32,0,0,bda21a1726803dc4facdb19a229a1ce9fad2fa72c0128c4b37a3069d2a69813a
/arc/project/st-zliu-1/heqingz/datasets/domainGenDataset_core_movements/10GHz/Away/06060010_1573837114.png,10GHz,Away,train,,/scratch/st-zliu-1/heqingz/CrossCarrier_Core6_FullSuite_20260924/manifests/core6_source/10GHz.csv,33,0,0,9cb6221808b43a116897f24c8062aea8e3188734eb72cf77b3533be369997845
/arc/project/st-zliu-1/heqingz/datasets/domainGenDataset_core_movements/10GHz/Away/06060029_1574627128.png,10GHz,Away,train,,/scratch/st-zliu-1/heqingz/CrossCarrier_Core6_FullSuite_20260924/manifests/core6_source/10GHz.csv,34,0,0,b973d0d78092b43b80f39f79378b815ff577c14288acc41ec648a392d80c5554
/arc/project/st-zliu-1/heqingz/datasets/domainGenDataset_core_movements/10GHz/Away/06060029_1574115022.png,10GHz,Away,train,,/scratch/st-zliu-1/heqingz/CrossCarrier_Core6_FullSuite_20260924/manifests/core6_source/10GHz.csv,35,0,0,9376895193ed303dd192c3514ce63a494a6295f3efb6fe33086d46bb832fdc13
/arc/project/st-zliu-1/heqingz/datasets/domainGenDataset_core_movements/10GHz/Away/06060030_1574194225.png,10GHz,Away,train,,/scratch/st-zliu-1/heqingz/CrossCarrier_Core6_FullSuite_20260924/manifests/core6_source/10GHz.csv,36,0,0,326c24b60b0590da20f9f9a5e6a5dd0b8a127c3d4e159303e8926b0cb8c46368
/arc/project/st-zliu-1/heqingz/datasets/domainGenDataset_core_movements/10GHz/Away/06060030_1574194323.png,10GHz,Away,train,,/scratch/st-zliu-1/heqingz/CrossCarrier_Core6_FullSuite_20260924/manifests/core6_source/10GHz.csv,37,0,0,31d1ee701e9c6ea3b4e7e3eca3798ac469c4af3f01b86a3a91ddf08e6fa1c252
/arc/project/st-zliu-1/heqingz/datasets/domainGenDataset_core_movements/10GHz/Away/06060014_1574696470.png,10GHz,Away,train,,/scratch/st-zliu-1/heqingz/CrossCarrier_Core6_FullSuite_20260924/manifests/core6_source/10GHz.csv,38,0,0,f01369d6e98d3d765834ef769a3b0cde163591e4b11017a03500a5d1966150b2
/arc/project/st-zliu-1/heqingz/datasets/domainGenDataset_core_movements/10GHz/Away/06060014_1574696433.png,10GHz,Away,train,,/scratch/st-zliu-1/heqingz/CrossCarrier_Core6_FullSuite_20260924/manifests/core6_source/10GHz.csv,39,0,0,766e7ad2e3760687949e9f312278252551184f6930851735323de587f6c49dc5
/arc/project/st-zliu-1/heqingz/datasets/domainGenDataset_core_movements/10GHz/Away/06060029_1574114789.png,10GHz,Away,train,,/scratch/st-zliu-1/heqingz/CrossCarrier_Core6_FullSuite_20260924/manifests/core6_source/10GHz.csv,40,0,0,75ef457906ced22bbb39d3df2476ae022de7c2c964892ffab5676cebdb53ba84
/arc/project/st-zliu-1/heqingz/datasets/domainGenDataset_core_movements/10GHz/Away/06060030_1574194345.png,10GHz,Away,train,,/scratch/st-zliu-1/heqingz/CrossCarrier_Core6_FullSuite_20260924/manifests/core6_source/10GHz.csv,41,0,0,40a9cf5d5ac92f9b3fdde49d6e61e3a418207ced7ca056ef89349f437c56530d
/arc/project/st-zliu-1/heqingz/datasets/domainGenDataset_core_movements/10GHz/Away/06060029_1574115098.png,10GHz,Away,train,,/scratch/st-zliu-1/heqingz/CrossCarrier_Core6_FullSuite_20260924/manifests/core6_source/10GHz.csv,42,0,0,97e78c6cabd9f41eb83d7de0920adc7875962108c6e763a9a2c110f0fc4b0584
/arc/project/st-zliu-1/heqingz/datasets/domainGenDataset_core_movements/10GHz/Away/06060030_1574457032.png,10GHz,Away,train,,/scratch/st-zliu-1/heqingz/CrossCarrier_Core6_FullSuite_20260924/manifests/core6_source/10GHz.csv,43,0,0,35b9f4d2be37300af6ffb5e8e200a8b31ae0e3c0da0b522858e1b6b99a62285f
/arc/project/st-zliu-1/heqingz/datasets/domainGenDataset_core_movements/10GHz/Bend/06080014_1574696766.png,10GHz,Bend,train,,/scratch/st-zliu-1/heqingz/CrossCarrier_Core6_FullSuite_20260924/manifests/core6_source/10GHz.csv,62,1,0,844faa1d055abdee4b09f9c9814827ac1ccdce01fc9d19b905c8bbb25967542a
/arc/project/st-zliu-1/heqingz/datasets/domainGenDataset_core_movements/10GHz/Bend/06080010_1573837767.png,10GHz,Bend,train,,/scratch/st-zliu-1/heqingz/CrossCarrier_Core6_FullSuite_20260924/manifests/core6_source/10GHz.csv,63,1,0,19cedba8c6b258b1f2c6565ef3d9b4d47b77e6b968138f80da72f0b05bae8d2c
/arc/project/st-zliu-1/heqingz/datasets/domainGenDataset_core_movements/10GHz/Bend/06080030_1574458043.png,10GHz,Bend,train,,/scratch/st-zliu-1/heqingz/CrossCarrier_Core6_FullSuite_20260924/manifests/core6_source/10GHz.csv,64,1,0,6f53825e31be4ab430f9ad9f9115d476ba530bd1fe3d91676d4337b5c0f6e7e0
/arc/project/st-zliu-1/heqingz/datasets/domainGenDataset_core_movements/10GHz/Bend/06080014_1574696914.png,10GHz,Bend,train,,/scratch/st-zliu-1/heqingz/CrossCarrier_Core6_FullSuite_20260924/manifests/core6_source/10GHz.csv,65,1,0,51e36e79e2af32db2649f8f1ca3eeb38e857029a235ee788ce2a366947f637a7
/arc/project/st-zliu-1/heqingz/datasets/domainGenDataset_core_movements/10GHz/Bend/06080029_1574627955.png,10GHz,Bend,train,,/scratch/st-zliu-1/heqingz/CrossCarrier_Core6_FullSuite_20260924/manifests/core6_source/10GHz.csv,66,1,0,52a74a9e42262b676bc722d473dff28268e8020a3478b14f9658f85085714ae6
/arc/project/st-zliu-1/heqingz/datasets/domainGenDataset_core_movements/10GHz/Bend/06080029_1574115601.png,10GHz,Bend,train,,/scratch/st-zliu-1/heqingz/CrossCarrier_Core6_FullSuite_20260924/manifests/core6_source/10GHz.csv,67,1,0,f09835693c7e1f8abe2e02b33a112189d1a7188968f045e4e75ebb8d14f4c871
/arc/project/st-zliu-1/heqingz/datasets/domainGenDataset_core_movements/10GHz/Bend/06080014_1574696820.png,10GHz,Bend,train,,/scratch/st-zliu-1/heqingz/CrossCarrier_Core6_FullSuite_20260924/manifests/core6_source/10GHz.csv,68,1,0,e8d0aadb61d15ac8e23ccb3011b9d3474fc1360b239eacdbc7ca9d079b2e98a2
/arc/project/st-zliu-1/heqingz/datasets/domainGenDataset_core_movements/10GHz/Bend/06080010_1573837689.png,10GHz,Bend,train,,/scratch/st-zliu-1/heqingz/CrossCarrier_Core6_FullSuite_20260924/manifests/core6_source/10GHz.csv,69,1,0,debdbbfb4bbdf84f6edf488351aac3121039664ac20dad9bcefd5f178ac740ee
/arc/project/st-zliu-1/heqingz/datasets/domainGenDataset_core_movements/10GHz/Bend/06080014_1574696876.png,10GHz,Bend,train,,/scratch/st-zliu-1/heqingz/CrossCarrier_Core6_FullSuite_20260924/manifests/core6_source/10GHz.csv,70,1,0,1ca057d85ff6949417ae1134228d24eeb59444bc7718a4552d11e92aaff7172e
/arc/project/st-zliu-1/heqingz/datasets/domainGenDataset_core_movements/10GHz/Bend/06080029_1574627935.png,10GHz,Bend,train,,/scratch/st-zliu-1/heqingz/CrossCarrier_Core6_FullSuite_20260924/manifests/core6_source/10GHz.csv,71,1,0,80d942d341f3474843cbea599716b6ad3a957880baf9114e37d859fc33203b49
/arc/project/st-zliu-1/heqingz/datasets/domainGenDataset_core_movements/10GHz/Bend/06080030_1574194672.png,10GHz,Bend,train,,/scratch/st-zliu-1/heqingz/CrossCarrier_Core6_FullSuite_20260924/manifests/core6_source/10GHz.csv,72,1,0,cf026038a91ef00933e6685a718d2d2e8de2a27d153c1ad5760f765de6f197b1
/arc/project/st-zliu-1/heqingz/datasets/domainGenDataset_core_movements/10GHz/Bend/06080029_1574115481.png,10GHz,Bend,train,,/scratch/st-zliu-1/heqingz/CrossCarrier_Core6_FullSuite_20260924/manifests/core6_source/10GHz.csv,73,1,0,858239e83fe0f18de161bb8436b6b5c31e682a1e4b6ab84f736f8b225d4adf5f
/arc/project/st-zliu-1/heqingz/datasets/domainGenDataset_core_movements/10GHz/Bend/06080010_1573837785.png,10GHz,Bend,train,,/scratch/st-zliu-1/heqingz/CrossCarrier_Core6_FullSuite_20260924/manifests/core6_source/10GHz.csv,74,1,0,378a0a63c8662049f91fe4e1fb9298e4a3f1e10ca97a3baa6f0b939fda191ae1
/arc/project/st-zliu-1/heqingz/datasets/domainGenDataset_core_movements/10GHz/Bend/06080010_1573837709.png,10GHz,Bend,train,,/scratch/st-zliu-1/heqingz/CrossCarrier_Core6_FullSuite_20260924/manifests/core6_source/10GHz.csv,75,1,0,b8545d5bf3ce8781b118c523a0c25505638327cc3c3a0a14b1dc959677add73f
/arc/project/st-zliu-1/heqingz/datasets/domainGenDataset_core_movements/10GHz/Bend/06080014_1574696838.png,10GHz,Bend,train,,/scratch/st-zliu-1/heqingz/CrossCarrier_Core6_FullSuite_20260924/manifests/core6_source/10GHz.csv,76,1,0,2139163c8d1a956e182b32c54570aa9dcef38067f59d77fc2dc5937ea4e5fa60
/arc/project/st-zliu-1/heqingz/datasets/domainGenDataset_core_movements/10GHz/Bend/06080029_1574627879.png,10GHz,Bend,train,,/scratch/st-zliu-1/heqingz/CrossCarrier_Core6_FullSuite_20260924/manifests/core6_source/10GHz.csv,77,1,0,a8d9e1e04e04b4bbdd71eea9535ada28a134304b1e0a91d2d2f016e026c95442
/arc/project/st-zliu-1/heqingz/datasets/domainGenDataset_core_movements/10GHz/Bend/06080029_1574627848.png,10GHz,Bend,train,,/scratch/st-zliu-1/heqingz/CrossCarrier_Core6_FullSuite_20260924/manifests/core6_source/10GHz.csv,78,1,0,6c7cd6218bce5f1b43ed9d4397ef93a9010eeab1076c62d7c96edc49b3214a0b
/arc/project/st-zliu-1/heqingz/datasets/domainGenDataset_core_movements/10GHz/Bend/06080030_1574194982.png,10GHz,Bend,train,,/scratch/st-zliu-1/heqingz/CrossCarrier_Core6_FullSuite_20260924/manifests/core6_source/10GHz.csv,79,1,0,2bc6e4c6e62538bd079c41252b9dbf14e39a3ec4c84060ce43816887bedcad22
/arc/project/st-zliu-1/heqingz/datasets/domainGenDataset_core_movements/10GHz/Bend/06080030_1574195038.png,10GHz,Bend,train,,/scratch/st-zliu-1/heqingz/CrossCarrier_Core6_FullSuite_20260924/manifests/core6_source/10GHz.csv,80,1,0,e058be366e41b291ef42921f3f086a37ed6cf633d0ff2ea788c10e0336092ca6
/arc/project/st-zliu-1/heqingz/datasets/domainGenDataset_core_movements/10GHz/Bend/06080010_1573837944.png,10GHz,Bend,train,,/scratch/st-zliu-1/heqingz/CrossCarrier_Core6_FullSuite_20260924/manifests/core6_source/10GHz.csv,81,1,0,49e0acbee8e97f9c49c83d1d6eca79e4c94b939534f6093e6cff598e5d32dff1
/arc/project/st-zliu-1/heqingz/datasets/domainGenDataset_core_movements/10GHz/Bend/06080029_1574115619.png,10GHz,Bend,train,,/scratch/st-zliu-1/heqingz/CrossCarrier_Core6_FullSuite_20260924/manifests/core6_source/10GHz.csv,82,1,0,e189040bc6b05470d7c883637a330abb716b31dd9ee8dee7a8f9b76c371c8a37
/arc/project/st-zliu-1/heqingz/datasets/domainGenDataset_core_movements/10GHz/Bend/06080014_1574696941.png,10GHz,Bend,train,,/scratch/st-zliu-1/heqingz/CrossCarrier_Core6_FullSuite_20260924/manifests/core6_source/10GHz.csv,83,1,0,d441d914d8d90ee69e6c2a2e19d4015e2d81ece21a8731ef2487c6637204e0d3
/arc/project/st-zliu-1/heqingz/datasets/domainGenDataset_core_movements/10GHz/Bend/06080010_1573837803.png,10GHz,Bend,train,,/scratch/st-zliu-1/heqingz/CrossCarrier_Core6_FullSuite_20260924/manifests/core6_source/10GHz.csv,84,1,0,11a8cec2b8c974d10ac482c9e81d30cd6353214dc33924be5d693fd3e3b48bde
/arc/project/st-zliu-1/heqingz/datasets/domainGenDataset_core_movements/10GHz/Bend/06080030_1574194962.png,10GHz,Bend,train,,/scratch/st-zliu-1/heqingz/CrossCarrier_Core6_FullSuite_20260924/manifests/core6_source/10GHz.csv,85,1,0,96ede23b24e63c142cd86ad98a2839c07168ec1c2a69a369236f238570879113
/arc/project/st-zliu-1/heqingz/datasets/domainGenDataset_core_movements/10GHz/Bend/06080030_1574458096.png,10GHz,Bend,train,,/scratch/st-zliu-1/heqingz/CrossCarrier_Core6_FullSuite_20260924/manifests/core6_source/10GHz.csv,86,1,0,1ccbea8dad9702b3739f2ebbf5962a2ac89836d9be3de55e3d01f54362b3bb28
/arc/project/st-zliu-1/heqingz/datasets/domainGenDataset_core_movements/10GHz/Bend/06080029_1574115580.png,10GHz,Bend,train,,/scratch/st-zliu-1/heqingz/CrossCarrier_Core6_FullSuite_20260924/manifests/core6_source/10GHz.csv,87,1,0,e17ba28cc8e6117ad31ca394ee69a63722df4039450ff9dcf2643d525ba77299
/arc/project/st-zliu-1/heqingz/datasets/domainGenDataset_core_movements/10GHz/Bend/06080030_1574458114.png,10GHz,Bend,train,,/scratch/st-zliu-1/heqingz/CrossCarrier_Core6_FullSuite_20260924/manifests/core6_source/10GHz.csv,88,1,0,955b5d7fc72cdd3127f02972a3c971b5240d2968a53501a0af64b1417878bba9
/arc/project/st-zliu-1/heqingz/datasets/domainGenDataset_core_movements/10GHz/Bend/06080118_1550693819.png,10GHz,Bend,train,,/scratch/st-zliu-1/heqingz/CrossCarrier_Core6_FullSuite_20260924/manifests/core6_source/10GHz.csv,89,1,0,5bc57d6a98da38c5eea3925d4a15db0fe5cf1512aae5f31bfa0de02f33940732
/arc/project/st-zliu-1/heqingz/datasets/domainGenDataset_core_movements/10GHz/Bend/06080111_1550866783.png,10GHz,Bend,train,,/scratch/st-zliu-1/heqingz/CrossCarrier_Core6_FullSuite_20260924/manifests/core6_source/10GHz.csv,90,1,0,ebb83179ed38af3c7f707c4701c6b78125dac3f6d67863f2f09359cbdeda946a
/arc/project/st-zliu-1/heqingz/datasets/domainGenDataset_core_movements/10GHz/Bend/06080029_1574627830.png,10GHz,Bend,train,,/scratch/st-zliu-1/heqingz/CrossCarrier_Core6_FullSuite_20260924/manifests/core6_source/10GHz.csv,91,1,0,6c8185ba48faa02b86e42e87c46e336330f110111cd22ab4562019a7df115252
/arc/project/st-zliu-1/heqingz/datasets/domainGenDataset_core_movements/10GHz/Bend/06080030_1574194651.png,10GHz,Bend,train,,/scratch/st-zliu-1/heqingz/CrossCarrier_Core6_FullSuite_20260924/manifests/core6_source/10GHz.csv,92,1,0,77ed629a2840d69951a88f586b8f4c8fe04a51d47809cfdd5c10a5be65a1ca2a
/arc/project/st-zliu-1/heqingz/datasets/domainGenDataset_core_movements/10GHz/Bend/06080029_1574115504.png,10GHz,Bend,train,,/scratch/st-zliu-1/heqingz/CrossCarrier_Core6_FullSuite_20260924/manifests/core6_source/10GHz.csv,93,1,0,25790b71b0fd106e2258ca162e49954793e7d26d3cd5e4df4cc17c81641bb81f
/arc/project/st-zliu-1/heqingz/datasets/domainGenDataset_core_movements/10GHz/Bend/06080030_1574458060.png,10GHz,Bend,train,,/scratch/st-zliu-1/heqingz/CrossCarrier_Core6_FullSuite_20260924/manifests/core6_source/10GHz.csv,94,1,0,d832042f2777401a3d35687d0972b89dcf1ef763b5169dedefe01a8ac5b8dbe5
/arc/project/st-zliu-1/heqingz/datasets/domainGenDataset_core_movements/10GHz/Bend/06080029_1574627986.png,10GHz,Bend,train,,/scratch/st-zliu-1/heqingz/CrossCarrier_Core6_FullSuite_20260924/manifests/core6_source/10GHz.csv,95,1,0,2f048391375c43443ecfd6af967df4b39a5673064431c2398fcb696a348241f2
/arc/project/st-zliu-1/heqingz/datasets/domainGenDataset_core_movements/10GHz/Bend/06080030_1574457991.png,10GHz,Bend,train,,/scratch/st-zliu-1/heqingz/CrossCarrier_Core6_FullSuite_20260924/manifests/core6_source/10GHz.csv,96,1,0,b78bba070fece0770c4606b0aca9077d10045b145952b5c90665c2628f4ace86
/arc/project/st-zliu-1/heqingz/datasets/domainGenDataset_core_movements/10GHz/Bend/06080030_1574195000.png,10GHz,Bend,train,,/scratch/st-zliu-1/heqingz/CrossCarrier_Core6_FullSuite_20260924/manifests/core6_source/10GHz.csv,97,1,0,2ad198d0e96c298bb3838c965798f1b747f99cd640f6f924457d839b97bcbb34
/arc/project/st-zliu-1/heqingz/datasets/domainGenDataset_core_movements/10GHz/Bend/06080014_1574696894.png,10GHz,Bend,train,,/scratch/st-zliu-1/heqingz/CrossCarrier_Core6_FullSuite_20260924/manifests/core6_source/10GHz.csv,98,1,0,418d2937f62e389fd2079fa69ea154be9afe749afa1bf005163e640dbdea6fe5
/arc/project/st-zliu-1/heqingz/datasets/domainGenDataset_core_movements/10GHz/Bend/06080030_1574458139.png,10GHz,Bend,train,,/scratch/st-zliu-1/heqingz/CrossCarrier_Core6_FullSuite_20260924/manifests/core6_source/10GHz.csv,99,1,0,087f53b330e0f361f86f84b262d2b08d3b3c2489602c3dedb062d99d08e5df8e
/arc/project/st-zliu-1/heqingz/datasets/domainGenDataset_core_movements/10GHz/Bend/06080029_1574628005.png,10GHz,Bend,train,,/scratch/st-zliu-1/heqingz/CrossCarrier_Core6_FullSuite_20260924/manifests/core6_source/10GHz.csv,100,1,0,35ff51ab13a6b621960d414ebbdd82a0762f678b64c1a1a8f32ed2561eca4457
/arc/project/st-zliu-1/heqingz/datasets/domainGenDataset_core_movements/10GHz/Bend/06080030_1574195059.png,10GHz,Bend,train,,/scratch/st-zliu-1/heqingz/CrossCarrier_Core6_FullSuite_20260924/manifests/core6_source/10GHz.csv,101,1,0,4c03e364670cfbc404738e718469c071f258dae03d5e8ad81af912b8c96cb1d7
/arc/project/st-zliu-1/heqingz/datasets/domainGenDataset_core_movements/10GHz/Bend/06080029_1574627793.png,10GHz,Bend,train,,/scratch/st-zliu-1/heqingz/CrossCarrier_Core6_FullSuite_20260924/manifests/core6_source/10GHz.csv,102,1,0,5ffa9f47e059acb38f472186f7ae370e90d685197f0218f600d9bea767907667
/arc/project/st-zliu-1/heqingz/datasets/domainGenDataset_core_movements/10GHz/Kneel/06100030_1574195578.png,10GHz,Kneel,train,,/scratch/st-zliu-1/heqingz/CrossCarrier_Core6_FullSuite_20260924/manifests/core6_source/10GHz.csv,121,2,0,6ca1d17dadca56177ccab9d52f6691f2edaf69142cd7ec72b5d9d3054f9242da
/arc/project/st-zliu-1/heqingz/datasets/domainGenDataset_core_movements/10GHz/Kneel/06100029_1574628484.png,10GHz,Kneel,train,,/scratch/st-zliu-1/heqingz/CrossCarrier_Core6_FullSuite_20260924/manifests/core6_source/10GHz.csv,122,2,0,e8fcafa75dc5da7bec9e4d14ac87edbecd95df9909910bfa8fa227a38b38094e
/arc/project/st-zliu-1/heqingz/datasets/domainGenDataset_core_movements/10GHz/Kneel/06100029_1574116027.png,10GHz,Kneel,train,,/scratch/st-zliu-1/heqingz/CrossCarrier_Core6_FullSuite_20260924/manifests/core6_source/10GHz.csv,123,2,0,0a02c7c76c077c3a12f98d7b1461d7e73a3491e8614234dfa359f61c9dfe6d51
/arc/project/st-zliu-1/heqingz/datasets/domainGenDataset_core_movements/10GHz/Kneel/06100029_1574628484 (copy).png,10GHz,Kneel,train,,/scratch/st-zliu-1/heqingz/CrossCarrier_Core6_FullSuite_20260924/manifests/core6_source/10GHz.csv,124,2,0,e8fcafa75dc5da7bec9e4d14ac87edbecd95df9909910bfa8fa227a38b38094e
/arc/project/st-zliu-1/heqingz/datasets/domainGenDataset_core_movements/10GHz/Kneel/06100030_1574458884 (copy).png,10GHz,Kneel,train,,/scratch/st-zliu-1/heqingz/CrossCarrier_Core6_FullSuite_20260924/manifests/core6_source/10GHz.csv,125,2,0,27b8f88c69ba5868f069580cddd24f351bf2d337013e49066b55fb9f86e2929b
/arc/project/st-zliu-1/heqingz/datasets/domainGenDataset_core_movements/10GHz/Kneel/06100014_1574698165.png,10GHz,Kneel,train,,/scratch/st-zliu-1/heqingz/CrossCarrier_Core6_FullSuite_20260924/manifests/core6_source/10GHz.csv,126,2,0,b5bb7460f0f05b5c54027541c1d6c8b3fec81898e57fb3ca8d05551a8ebcacf7
/arc/project/st-zliu-1/heqingz/datasets/domainGenDataset_core_movements/10GHz/Kneel/06100029_1574628598.png,10GHz,Kneel,train,,/scratch/st-zliu-1/heqingz/CrossCarrier_Core6_FullSuite_20260924/manifests/core6_source/10GHz.csv,127,2,0,de3ac2cd6266362ec31b6c2ed97d52115833b2a4eb353b45ba9f7b994798fe9a
/arc/project/st-zliu-1/heqingz/datasets/domainGenDataset_core_movements/10GHz/Kneel/06100030_1574458938 (another copy).png,10GHz,Kneel,train,,/scratch/st-zliu-1/heqingz/CrossCarrier_Core6_FullSuite_20260924/manifests/core6_source/10GHz.csv,128,2,0,066596da620b847e1e4638b304f3a501be4a37647d135f9f10bde4d12fcb550b
/arc/project/st-zliu-1/heqingz/datasets/domainGenDataset_core_movements/10GHz/Kneel/06100029_1574116083.png,10GHz,Kneel,train,,/scratch/st-zliu-1/heqingz/CrossCarrier_Core6_FullSuite_20260924/manifests/core6_source/10GHz.csv,129,2,0,1123c241f0c7d1c4397491fde91d86dcee6e9eff4df9d9c22ec9a62d1102aec9
/arc/project/st-zliu-1/heqingz/datasets/domainGenDataset_core_movements/10GHz/Kneel/06100029_1574116141.png,10GHz,Kneel,train,,/scratch/st-zliu-1/heqingz/CrossCarrier_Core6_FullSuite_20260924/manifests/core6_source/10GHz.csv,130,2,0,142a27e435d625203cd57ba67cece94672dc79c8b84d09d6c4a7b076899cf550
/arc/project/st-zliu-1/heqingz/datasets/domainGenDataset_core_movements/10GHz/Kneel/06100030_1574195442.png,10GHz,Kneel,train,,/scratch/st-zliu-1/heqingz/CrossCarrier_Core6_FullSuite_20260924/manifests/core6_source/10GHz.csv,131,2,0,614657b8a95298f8af0150edce7208788f2c81c19d7c1dd3d89fa3285f4658de
/arc/project/st-zliu-1/heqingz/datasets/domainGenDataset_core_movements/10GHz/Kneel/06100029_1574116141 (copy).png,10GHz,Kneel,train,,/scratch/st-zliu-1/heqingz/CrossCarrier_Core6_FullSuite_20260924/manifests/core6_source/10GHz.csv,132,2,0,142a27e435d625203cd57ba67cece94672dc79c8b84d09d6c4a7b076899cf550
/arc/project/st-zliu-1/heqingz/datasets/domainGenDataset_core_movements/10GHz/Kneel/06100029_1574628560.png,10GHz,Kneel,train,,/scratch/st-zliu-1/heqingz/CrossCarrier_Core6_FullSuite_20260924/manifests/core6_source/10GHz.csv,133,2,0,4c35c745da82b4910ff1058d6d9be2743636b5ed58c90327de11649fcc17bfe2
/arc/project/st-zliu-1/heqingz/datasets/domainGenDataset_core_movements/10GHz/Kneel/06100014_1574698146.png,10GHz,Kneel,train,,/scratch/st-zliu-1/heqingz/CrossCarrier_Core6_FullSuite_20260924/manifests/core6_source/10GHz.csv,134,2,0,63c08c3922b366632cc7b6b00fda71a341df7ffc3f126f0b288e5418df4311ec
/arc/project/st-zliu-1/heqingz/datasets/domainGenDataset_core_movements/10GHz/Kneel/06100030_1574458902 (copy).png,10GHz,Kneel,train,,/scratch/st-zliu-1/heqingz/CrossCarrier_Core6_FullSuite_20260924/manifests/core6_source/10GHz.csv,135,2,0,1fa962d971c75ccd6d87462621e577f85f32d89a45e39568304ac343a5666fed
/arc/project/st-zliu-1/heqingz/datasets/domainGenDataset_core_movements/10GHz/Kneel/06100029_1574116046.png,10GHz,Kneel,train,,/scratch/st-zliu-1/heqingz/CrossCarrier_Core6_FullSuite_20260924/manifests/core6_source/10GHz.csv,136,2,0,5a09e12e2bab75d30bd96d8e7d7e9cd0aec96b910fc08e18d9a1eb022ed8348a
/arc/project/st-zliu-1/heqingz/datasets/domainGenDataset_core_movements/10GHz/Kneel/06100030_1574195597.png,10GHz,Kneel,train,,/scratch/st-zliu-1/heqingz/CrossCarrier_Core6_FullSuite_20260924/manifests/core6_source/10GHz.csv,137,2,0,b3c9bb18270ad744c8a3f33f2c42fa7c98baa3f99415894d73a1f1749bb6a104
/arc/project/st-zliu-1/heqingz/datasets/domainGenDataset_core_movements/10GHz/Kneel/06100029_1574628579.png,10GHz,Kneel,train,,/scratch/st-zliu-1/heqingz/CrossCarrier_Core6_FullSuite_20260924/manifests/core6_source/10GHz.csv,138,2,0,f2945e727790450236412344e8f92b4b08bff46d7a74defaed4dcc3266e6e818
/arc/project/st-zliu-1/heqingz/datasets/domainGenDataset_core_movements/10GHz/Kneel/06100030_1574459016.png,10GHz,Kneel,train,,/scratch/st-zliu-1/heqingz/CrossCarrier_Core6_FullSuite_20260924/manifests/core6_source/10GHz.csv,139,2,0,5295fac68b9656e2d59c9a701acaee4b8a92f5ae5caa874433a9a338fb8f7cfd
/arc/project/st-zliu-1/heqingz/datasets/domainGenDataset_core_movements/10GHz/Kneel/06100029_1574628616.png,10GHz,Kneel,train,,/scratch/st-zliu-1/heqingz/CrossCarrier_Core6_FullSuite_20260924/manifests/core6_source/10GHz.csv,140,2,0,04a5b24f6620c510e49e5be7159a4be5f685cac713f113cc4dea0cf5f44e4389
/arc/project/st-zliu-1/heqingz/datasets/domainGenDataset_core_movements/10GHz/Kneel/06100029_1574116103.png,10GHz,Kneel,train,,/scratch/st-zliu-1/heqingz/CrossCarrier_Core6_FullSuite_20260924/manifests/core6_source/10GHz.csv,141,2,0,c42d59fa018d646c741a17b448ed784c78822f127d5bb1171e2b4352fe262275
/arc/project/st-zliu-1/heqingz/datasets/domainGenDataset_core_movements/10GHz/Kneel/06100030_1574458920.png,10GHz,Kneel,train,,/scratch/st-zliu-1/heqingz/CrossCarrier_Core6_FullSuite_20260924/manifests/core6_source/10GHz.csv,142,2,0,642381b142b6cc98c035f15d9ffc637b222a9c39e105e43dd2f678ebd95f0cbf
/arc/project/st-zliu-1/heqingz/datasets/domainGenDataset_core_movements/10GHz/Kneel/06100030_1574195462.png,10GHz,Kneel,train,,/scratch/st-zliu-1/heqingz/CrossCarrier_Core6_FullSuite_20260924/manifests/core6_source/10GHz.csv,143,2,0,713b523b9a3d367f1bc80d8f3499a50d0cb8a5a5fbdf2f43b8130ae14b306e5b
/arc/project/st-zliu-1/heqingz/datasets/domainGenDataset_core_movements/10GHz/Kneel/06100014_1574698108.png,10GHz,Kneel,train,,/scratch/st-zliu-1/heqingz/CrossCarrier_Core6_FullSuite_20260924/manifests/core6_source/10GHz.csv,144,2,0,3ebc82a68f6427447862d231e2f2bbc5bc36f8672e3760d36a99edc3073f7998
/arc/project/st-zliu-1/heqingz/datasets/domainGenDataset_core_movements/10GHz/Kneel/06100030_1574458902.png,10GHz,Kneel,train,,/scratch/st-zliu-1/heqingz/CrossCarrier_Core6_FullSuite_20260924/manifests/core6_source/10GHz.csv,145,2,0,1fa962d971c75ccd6d87462621e577f85f32d89a45e39568304ac343a5666fed
/arc/project/st-zliu-1/heqingz/datasets/domainGenDataset_core_movements/10GHz/Kneel/06100014_1574698185.png,10GHz,Kneel,train,,/scratch/st-zliu-1/heqingz/CrossCarrier_Core6_FullSuite_20260924/manifests/core6_source/10GHz.csv,146,2,0,8ebb2a20445b8d3733baa14dca35a174562879fe592ac5d152e371bc71f99800
/arc/project/st-zliu-1/heqingz/datasets/domainGenDataset_core_movements/10GHz/Kneel/06100029_1574628522.png,10GHz,Kneel,train,,/scratch/st-zliu-1/heqingz/CrossCarrier_Core6_FullSuite_20260924/manifests/core6_source/10GHz.csv,147,2,0,091c6665a2dfe02efbd0ef4c2ec2f454772c507fc4548ca1547d70ed3d90758f
/arc/project/st-zliu-1/heqingz/datasets/domainGenDataset_core_movements/10GHz/Kneel/06100030_1574195502.png,10GHz,Kneel,train,,/scratch/st-zliu-1/heqingz/CrossCarrier_Core6_FullSuite_20260924/manifests/core6_source/10GHz.csv,148,2,0,2319a17d403029003cbcfc7c2b534c4e00171f24c0bacc2b69dc0954d2073bc8
/arc/project/st-zliu-1/heqingz/datasets/domainGenDataset_core_movements/10GHz/Kneel/06100029_1574628541 (copy).png,10GHz,Kneel,train,,/scratch/st-zliu-1/heqingz/CrossCarrier_Core6_FullSuite_20260924/manifests/core6_source/10GHz.csv,149,2,0,499ec69b93c4d049ae347b8f38be181dd1abef582c0df5c1f11e95a8bbf18636
/arc/project/st-zliu-1/heqingz/datasets/domainGenDataset_core_movements/10GHz/Kneel/06100029_1574116064.png,10GHz,Kneel,train,,/scratch/st-zliu-1/heqingz/CrossCarrier_Core6_FullSuite_20260924/manifests/core6_source/10GHz.csv,150,2,0,16a4b72bd3078837351f058a1653210f52cd86cc3565742c11f91756bdf028ef
/arc/project/st-zliu-1/heqingz/datasets/domainGenDataset_core_movements/10GHz/Kneel/06100030_1574195802.png,10GHz,Kneel,train,,/scratch/st-zliu-1/heqingz/CrossCarrier_Core6_FullSuite_20260924/manifests/core6_source/10GHz.csv,151,2,0,5a6a2f45d272443cf7c4a23fc2278dbc2118f3e67644fe51e2be24c8372af620
/arc/project/st-zliu-1/heqingz/datasets/domainGenDataset_core_movements/10GHz/Kneel/06100030_1574458956.png,10GHz,Kneel,train,,/scratch/st-zliu-1/heqingz/CrossCarrier_Core6_FullSuite_20260924/manifests/core6_source/10GHz.csv,152,2,0,6bb51f39e254149117ed89f422bdf4e29fbffff183ddf62736eb652bb6f27cc4
/arc/project/st-zliu-1/heqingz/datasets/domainGenDataset_core_movements/10GHz/Kneel/06100029_1574116122.png,10GHz,Kneel,train,,/scratch/st-zliu-1/heqingz/CrossCarrier_Core6_FullSuite_20260924/manifests/core6_source/10GHz.csv,153,2,0,402405a84302aeba1fb4128bc9b5cf24acffa214812e70c29519c46a3c646d0b
/arc/project/st-zliu-1/heqingz/datasets/domainGenDataset_core_movements/10GHz/Kneel/06100014_1574698089.png,10GHz,Kneel,train,,/scratch/st-zliu-1/heqingz/CrossCarrier_Core6_FullSuite_20260924/manifests/core6_source/10GHz.csv,154,2,0,c2191886d019069b3099c2bbd6910639285b996b23b76e58171b29afb75b7b5f
/arc/project/st-zliu-1/heqingz/datasets/domainGenDataset_core_movements/10GHz/Kneel/06100029_1574628503 (copy).png,10GHz,Kneel,train,,/scratch/st-zliu-1/heqingz/CrossCarrier_Core6_FullSuite_20260924/manifests/core6_source/10GHz.csv,155,2,0,0600c33afecad73c5a7a7ac889dcc9918e0b0d4089261d4cd6f7c3d34f1f51a9
/arc/project/st-zliu-1/heqingz/datasets/domainGenDataset_core_movements/10GHz/Kneel/06100014_1574698203.png,10GHz,Kneel,train,,/scratch/st-zliu-1/heqingz/CrossCarrier_Core6_FullSuite_20260924/manifests/core6_source/10GHz.csv,156,2,0,ef6446bd6288baee3a4eb80d8cfe6a368a1e8ae0b40237124c480ea001a5b3ef
/arc/project/st-zliu-1/heqingz/datasets/domainGenDataset_core_movements/10GHz/Kneel/06100030_1574458991.png,10GHz,Kneel,train,,/scratch/st-zliu-1/heqingz/CrossCarrier_Core6_FullSuite_20260924/manifests/core6_source/10GHz.csv,157,2,0,899972530eec8dbaf70c49eb2ab2a0d0807016ab93304345c25d357e1bbdd0eb
/arc/project/st-zliu-1/heqingz/datasets/domainGenDataset_core_movements/10GHz/Kneel/06100030_1574458938 (copy).png,10GHz,Kneel,train,,/scratch/st-zliu-1/heqingz/CrossCarrier_Core6_FullSuite_20260924/manifests/core6_source/10GHz.csv,158,2,0,066596da620b847e1e4638b304f3a501be4a37647d135f9f10bde4d12fcb550b
/arc/project/st-zliu-1/heqingz/datasets/domainGenDataset_core_movements/10GHz/Kneel/06100030_1574195557.png,10GHz,Kneel,train,,/scratch/st-zliu-1/heqingz/CrossCarrier_Core6_FullSuite_20260924/manifests/core6_source/10GHz.csv,159,2,0,e11f49ea46b61a637129cf14bdd0059e17e0a23d9ffcce1b7207987576bd3904
/arc/project/st-zliu-1/heqingz/datasets/domainGenDataset_core_movements/10GHz/Kneel/06100029_1574115983.png,10GHz,Kneel,train,,/scratch/st-zliu-1/heqingz/CrossCarrier_Core6_FullSuite_20260924/manifests/core6_source/10GHz.csv,160,2,0,933549bf4dadf2fe276f3687ca28ed6eb7934988c6a0e6917638425413fc8761
/arc/project/st-zliu-1/heqingz/datasets/domainGenDataset_core_movements/10GHz/Kneel/06100029_1574116122 (copy).png,10GHz,Kneel,train,,/scratch/st-zliu-1/heqingz/CrossCarrier_Core6_FullSuite_20260924/manifests/core6_source/10GHz.csv,161,2,0,402405a84302aeba1fb4128bc9b5cf24acffa214812e70c29519c46a3c646d0b
/arc/project/st-zliu-1/heqingz/datasets/domainGenDataset_core_movements/10GHz/Kneel/06100029_1574628541.png,10GHz,Kneel,train,,/scratch/st-zliu-1/heqingz/CrossCarrier_Core6_FullSuite_20260924/manifests/core6_source/10GHz.csv,162,2,0,499ec69b93c4d049ae347b8f38be181dd1abef582c0df5c1f11e95a8bbf18636
/arc/project/st-zliu-1/heqingz/datasets/domainGenDataset_core_movements/10GHz/Pick/06070029_1574115178.png,10GHz,Pick,train,,/scratch/st-zliu-1/heqingz/CrossCarrier_Core6_FullSuite_20260924/manifests/core6_source/10GHz.csv,183,3,0,c7b7729a216d8d7733f43f6fb757436b75011140b5c773098dc408b6d79026b8
/arc/project/st-zliu-1/heqingz/datasets/domainGenDataset_core_movements/10GHz/Pick/06070014_1574696535.png,10GHz,Pick,train,,/scratch/st-zliu-1/heqingz/CrossCarrier_Core6_FullSuite_20260924/manifests/core6_source/10GHz.csv,184,3,0,736a2f75a123852d6fe701339a1ec171d6b8fad7db0bbdbf0915250fa349d594
/arc/project/st-zliu-1/heqingz/datasets/domainGenDataset_core_movements/10GHz/Pick/06070030_1574457212.png,10GHz,Pick,train,,/scratch/st-zliu-1/heqingz/CrossCarrier_Core6_FullSuite_20260924/manifests/core6_source/10GHz.csv,185,3,0,5561d73e12bb7b13cd21be0f646d958a14872a199e40c45ed99e9fa3179016cd
/arc/project/st-zliu-1/heqingz/datasets/domainGenDataset_core_movements/10GHz/Pick/06070010_1573837641.png,10GHz,Pick,train,,/scratch/st-zliu-1/heqingz/CrossCarrier_Core6_FullSuite_20260924/manifests/core6_source/10GHz.csv,186,3,0,255e473aa73d0b1b012a70ce47348d7811b2dd191f1232dc18eaa002e4037db4
/arc/project/st-zliu-1/heqingz/datasets/domainGenDataset_core_movements/10GHz/Pick/06070010_1573837435.png,10GHz,Pick,train,,/scratch/st-zliu-1/heqingz/CrossCarrier_Core6_FullSuite_20260924/manifests/core6_source/10GHz.csv,187,3,0,67eab9f47921b07b3a42726fa2838dc1c52abfbe59c2d2fc5b9ae0bd871a9d4f
/arc/project/st-zliu-1/heqingz/datasets/domainGenDataset_core_movements/10GHz/Pick/06070010_1573837593.png,10GHz,Pick,train,,/scratch/st-zliu-1/heqingz/CrossCarrier_Core6_FullSuite_20260924/manifests/core6_source/10GHz.csv,188,3,0,08f07e62db3a68ae4713d44938a5771f5b9a5ccc61cf1c6f51c0536567af1783
/arc/project/st-zliu-1/heqingz/datasets/domainGenDataset_core_movements/10GHz/Pick/06070029_1574115138.png,10GHz,Pick,train,,/scratch/st-zliu-1/heqingz/CrossCarrier_Core6_FullSuite_20260924/manifests/core6_source/10GHz.csv,189,3,0,3f308e369396d2c7c48bf58e53bf3fc3e59f16e62b042a2fe536184837c41395
/arc/project/st-zliu-1/heqingz/datasets/domainGenDataset_core_movements/10GHz/Pick/06070010_1573837478.png,10GHz,Pick,train,,/scratch/st-zliu-1/heqingz/CrossCarrier_Core6_FullSuite_20260924/manifests/core6_source/10GHz.csv,190,3,0,1d850f358b241c4dfb74fef1c6bd0b95b4d2906ee293fa2f3164bb6d4edb88fc
/arc/project/st-zliu-1/heqingz/datasets/domainGenDataset_core_movements/10GHz/Pick/06070030_1574194468.png,10GHz,Pick,train,,/scratch/st-zliu-1/heqingz/CrossCarrier_Core6_FullSuite_20260924/manifests/core6_source/10GHz.csv,191,3,0,b501dfbd1501951efb671418574fed0fba45d617c09f7d95019ee0ab22af0f27
/arc/project/st-zliu-1/heqingz/datasets/domainGenDataset_core_movements/10GHz/Pick/06070030_1574457294.png,10GHz,Pick,train,,/scratch/st-zliu-1/heqingz/CrossCarrier_Core6_FullSuite_20260924/manifests/core6_source/10GHz.csv,192,3,0,47be6af94e095b8bdb1a3ceb332efeab06098652c2ad741f1deb8ce78c490aa2
/arc/project/st-zliu-1/heqingz/datasets/domainGenDataset_core_movements/10GHz/Pick/06070030_1574457231.png,10GHz,Pick,train,,/scratch/st-zliu-1/heqingz/CrossCarrier_Core6_FullSuite_20260924/manifests/core6_source/10GHz.csv,193,3,0,913cfa71def0eaf01f6abf65438379d3463e5e29ed8e49b2ec86c7babe32828b
/arc/project/st-zliu-1/heqingz/datasets/domainGenDataset_core_movements/10GHz/Pick/06070030_1574194424.png,10GHz,Pick,train,,/scratch/st-zliu-1/heqingz/CrossCarrier_Core6_FullSuite_20260924/manifests/core6_source/10GHz.csv,194,3,0,6773dc3a76800a26cc1da53c807b8752f8c53375ce0fded459cab2817ccfa0e4
/arc/project/st-zliu-1/heqingz/datasets/domainGenDataset_core_movements/10GHz/Pick/06070029_1574115196.png,10GHz,Pick,train,,/scratch/st-zliu-1/heqingz/CrossCarrier_Core6_FullSuite_20260924/manifests/core6_source/10GHz.csv,195,3,0,e4b4cf85362d7edeb2304697efb58e8eb6e70672ecfde3d30a553d0c5427c420
/arc/project/st-zliu-1/heqingz/datasets/domainGenDataset_core_movements/10GHz/Pick/06070029_1574627762.png,10GHz,Pick,train,,/scratch/st-zliu-1/heqingz/CrossCarrier_Core6_FullSuite_20260924/manifests/core6_source/10GHz.csv,196,3,0,54464dd6c8e1a2733fc69f362e7644b11c2c136b6a371168b07b7e68a62b4138
/arc/project/st-zliu-1/heqingz/datasets/domainGenDataset_core_movements/10GHz/Pick/06070029_1574115158.png,10GHz,Pick,train,,/scratch/st-zliu-1/heqingz/CrossCarrier_Core6_FullSuite_20260924/manifests/core6_source/10GHz.csv,197,3,0,75d5b5346799ccb31c2621225ef98ba429936a2b8a8145b08f38b27fc2f29a83
/arc/project/st-zliu-1/heqingz/datasets/domainGenDataset_core_movements/10GHz/Pick/06070030_1574194508.png,10GHz,Pick,train,,/scratch/st-zliu-1/heqingz/CrossCarrier_Core6_FullSuite_20260924/manifests/core6_source/10GHz.csv,198,3,0,162081b611fdd9db3e39588f026b71b8825d8dc79ebee78bac7fb0db6514563b
/arc/project/st-zliu-1/heqingz/datasets/domainGenDataset_core_movements/10GHz/Pick/06070010_1573837456.png,10GHz,Pick,train,,/scratch/st-zliu-1/heqingz/CrossCarrier_Core6_FullSuite_20260924/manifests/core6_source/10GHz.csv,199,3,0,9cd8f4e73c20f5257d3b81e77fb117faa76f97f6fc0389ad061f01ee63e385dd
/arc/project/st-zliu-1/heqingz/datasets/domainGenDataset_core_movements/10GHz/Pick/06070010_1573837531.png,10GHz,Pick,train,,/scratch/st-zliu-1/heqingz/CrossCarrier_Core6_FullSuite_20260924/manifests/core6_source/10GHz.csv,200,3,0,cfd9274a9478c69233d4f96a41fc391ac9b054144a03ff7b825e1e1dc90be6fb
/arc/project/st-zliu-1/heqingz/datasets/domainGenDataset_core_movements/10GHz/Pick/06070030_1574457190.png,10GHz,Pick,train,,/scratch/st-zliu-1/heqingz/CrossCarrier_Core6_FullSuite_20260924/manifests/core6_source/10GHz.csv,201,3,0,9d3b90fed161cc226198d216076f69dbfcbcad49e8c29f148e446a7ae1ca5341
/arc/project/st-zliu-1/heqingz/datasets/domainGenDataset_core_movements/10GHz/Pick/06070030_1574457315.png,10GHz,Pick,train,,/scratch/st-zliu-1/heqingz/CrossCarrier_Core6_FullSuite_20260924/manifests/core6_source/10GHz.csv,202,3,0,7a10126592dbe3d06a00cf5a246c703a67e53e9359425a1244fdde0f9d84c4ed
/arc/project/st-zliu-1/heqingz/datasets/domainGenDataset_core_movements/10GHz/Pick/06070030_1574194488.png,10GHz,Pick,train,,/scratch/st-zliu-1/heqingz/CrossCarrier_Core6_FullSuite_20260924/manifests/core6_source/10GHz.csv,203,3,0,67556591d7985792fca492174c310e9c22afd7e3366aa22f193cf8e70f7a7041
/arc/project/st-zliu-1/heqingz/datasets/domainGenDataset_core_movements/10GHz/Pick/06070010_1573837502.png,10GHz,Pick,train,,/scratch/st-zliu-1/heqingz/CrossCarrier_Core6_FullSuite_20260924/manifests/core6_source/10GHz.csv,204,3,0,3d14f1cc8916cd7a7946f8927db2eabe4f729de605a1d44faec4f2af5677679d
/arc/project/st-zliu-1/heqingz/datasets/domainGenDataset_core_movements/10GHz/Pick/06070029_1574627654.png,10GHz,Pick,train,,/scratch/st-zliu-1/heqingz/CrossCarrier_Core6_FullSuite_20260924/manifests/core6_source/10GHz.csv,205,3,0,c3f7b95d33195871c10f8c4c437d2cd567a730f030cccd5e0dea295727b3bdd9
/arc/project/st-zliu-1/heqingz/datasets/domainGenDataset_core_movements/10GHz/Pick/06070014_1574696638.png,10GHz,Pick,train,,/scratch/st-zliu-1/heqingz/CrossCarrier_Core6_FullSuite_20260924/manifests/core6_source/10GHz.csv,206,3,0,676626b2f34f5cce6426cc78366bdc999f93bbcd846f8397d2624f83e65f57ef
/arc/project/st-zliu-1/heqingz/datasets/domainGenDataset_core_movements/10GHz/Pick/06070030_1574194528.png,10GHz,Pick,train,,/scratch/st-zliu-1/heqingz/CrossCarrier_Core6_FullSuite_20260924/manifests/core6_source/10GHz.csv,207,3,0,1b73bab7b27ba710dfa1988850eff4e241ca216839963377b60eabd50d948941
/arc/project/st-zliu-1/heqingz/datasets/domainGenDataset_core_movements/10GHz/Pick/06070030_1574194468 (copy).png,10GHz,Pick,train,,/scratch/st-zliu-1/heqingz/CrossCarrier_Core6_FullSuite_20260924/manifests/core6_source/10GHz.csv,208,3,0,b501dfbd1501951efb671418574fed0fba45d617c09f7d95019ee0ab22af0f27
/arc/project/st-zliu-1/heqingz/datasets/domainGenDataset_core_movements/10GHz/Pick/06070014_1574696667.png,10GHz,Pick,train,,/scratch/st-zliu-1/heqingz/CrossCarrier_Core6_FullSuite_20260924/manifests/core6_source/10GHz.csv,209,3,0,099c47ac461011e978a8b6f60196d1f0fdffccff68d2b1a094d459f8a11d45dc
/arc/project/st-zliu-1/heqingz/datasets/domainGenDataset_core_movements/10GHz/Pick/06070029_1574627388.png,10GHz,Pick,train,,/scratch/st-zliu-1/heqingz/CrossCarrier_Core6_FullSuite_20260924/manifests/core6_source/10GHz.csv,210,3,0,d1a780f2f013704944a5afd2583ba2feba1f4d587784f35e2f5fb992d0a466d8
/arc/project/st-zliu-1/heqingz/datasets/domainGenDataset_core_movements/10GHz/Pick/06070029_1574115300.png,10GHz,Pick,train,,/scratch/st-zliu-1/heqingz/CrossCarrier_Core6_FullSuite_20260924/manifests/core6_source/10GHz.csv,211,3,0,5230e68d074b7657b3818bcf3c94c4b70f2655db344c7f1be6774a00a64261e2
/arc/project/st-zliu-1/heqingz/datasets/domainGenDataset_core_movements/10GHz/Pick/06070010_1573837622.png,10GHz,Pick,train,,/scratch/st-zliu-1/heqingz/CrossCarrier_Core6_FullSuite_20260924/manifests/core6_source/10GHz.csv,212,3,0,d3c5264f9521006be3bc7e44834af1e20f9166ae2b83e1cf230164f68437da6c
/arc/project/st-zliu-1/heqingz/datasets/domainGenDataset_core_movements/10GHz/Pick/06070030_1574194444.png,10GHz,Pick,train,,/scratch/st-zliu-1/heqingz/CrossCarrier_Core6_FullSuite_20260924/manifests/core6_source/10GHz.csv,213,3,0,513df0c16e98465b4eb75c2e4561a9e1d4795c44aafb1adaf08b37cb030905fb
/arc/project/st-zliu-1/heqingz/datasets/domainGenDataset_core_movements/10GHz/Pick/06070010_1573837550.png,10GHz,Pick,train,,/scratch/st-zliu-1/heqingz/CrossCarrier_Core6_FullSuite_20260924/manifests/core6_source/10GHz.csv,214,3,0,affee1352671ebd24d2e75968e65c72a752b46331d0bc6067906a193e7cf1d41
/arc/project/st-zliu-1/heqingz/datasets/domainGenDataset_core_movements/10GHz/Pick/06070029_1574627323.png,10GHz,Pick,train,,/scratch/st-zliu-1/heqingz/CrossCarrier_Core6_FullSuite_20260924/manifests/core6_source/10GHz.csv,215,3,0,a0382f7c6ad67941e3b8557cbd9a70cfe56d28b44099ca263fb6f9e87047a885
/arc/project/st-zliu-1/heqingz/datasets/domainGenDataset_core_movements/10GHz/Pick/06070014_1574696560.png,10GHz,Pick,train,,/scratch/st-zliu-1/heqingz/CrossCarrier_Core6_FullSuite_20260924/manifests/core6_source/10GHz.csv,216,3,0,72d01148f6f2c0d50e2f617189257fccf8d816fe27e9deadf064ddfd0a458531
/arc/project/st-zliu-1/heqingz/datasets/domainGenDataset_core_movements/10GHz/Pick/06070029_1574627723.png,10GHz,Pick,train,,/scratch/st-zliu-1/heqingz/CrossCarrier_Core6_FullSuite_20260924/manifests/core6_source/10GHz.csv,217,3,0,6a63515d5325657e782ab4f54ee7616b480a564716d958e5200451304523dce9
/arc/project/st-zliu-1/heqingz/datasets/domainGenDataset_core_movements/10GHz/Pick/06070030_1574194547.png,10GHz,Pick,train,,/scratch/st-zliu-1/heqingz/CrossCarrier_Core6_FullSuite_20260924/manifests/core6_source/10GHz.csv,218,3,0,6b0cc1d94c7fe022e3aba201951985619384ce886e37a048660f45c57e0bd762
/arc/project/st-zliu-1/heqingz/datasets/domainGenDataset_core_movements/10GHz/Pick/06070029_1574115281.png,10GHz,Pick,train,,/scratch/st-zliu-1/heqingz/CrossCarrier_Core6_FullSuite_20260924/manifests/core6_source/10GHz.csv,219,3,0,850bb556d488926e49fe4b9a0b9a1d95a83e4ab1c3b1efa7e036f9405b4bd06c
/arc/project/st-zliu-1/heqingz/datasets/domainGenDataset_core_movements/10GHz/Pick/06070029_1574627347.png,10GHz,Pick,train,,/scratch/st-zliu-1/heqingz/CrossCarrier_Core6_FullSuite_20260924/manifests/core6_source/10GHz.csv,220,3,0,65f20a6a018b801fdc1342f879ea634e479168bd0f4337bf8d81bb6499ea75c4
/arc/project/st-zliu-1/heqingz/datasets/domainGenDataset_core_movements/10GHz/Pick/06070014_1574696706.png,10GHz,Pick,train,,/scratch/st-zliu-1/heqingz/CrossCarrier_Core6_FullSuite_20260924/manifests/core6_source/10GHz.csv,221,3,0,04fdcd59b40c77996d1da17174ffd17ffefcea32303a85d60b86618e9b3184fc
/arc/project/st-zliu-1/heqingz/datasets/domainGenDataset_core_movements/10GHz/Pick/06070030_1574457335.png,10GHz,Pick,train,,/scratch/st-zliu-1/heqingz/CrossCarrier_Core6_FullSuite_20260924/manifests/core6_source/10GHz.csv,222,3,0,5d044ff80a713beaf424030277ae0266a6e19601f888192e804c3bf524af13fa
/arc/project/st-zliu-1/heqingz/datasets/domainGenDataset_core_movements/10GHz/Pick/06070014_1574696688.png,10GHz,Pick,train,,/scratch/st-zliu-1/heqingz/CrossCarrier_Core6_FullSuite_20260924/manifests/core6_source/10GHz.csv,223,3,0,20974b9768a23af05ea94af89fc4ea0b7778b0e6316ac5eb5058a5fb5458bfb2
/arc/project/st-zliu-1/heqingz/datasets/domainGenDataset_core_movements/10GHz/Pick/06070118_1550693675.png,10GHz,Pick,train,,/scratch/st-zliu-1/heqingz/CrossCarrier_Core6_FullSuite_20260924/manifests/core6_source/10GHz.csv,224,3,0,95078660050cabf4e4a3176d1995a4f6ded6c751fe30e5f7ca504475a74f0ea2
/arc/project/st-zliu-1/heqingz/datasets/domainGenDataset_core_movements/10GHz/Sit/06090014_1574697974.png,10GHz,Sit,train,,/scratch/st-zliu-1/heqingz/CrossCarrier_Core6_FullSuite_20260924/manifests/core6_source/10GHz.csv,243,4,0,3a53ea6b787238552bef81acea5422d0b380376616a46787ec07453335b3dea0
/arc/project/st-zliu-1/heqingz/datasets/domainGenDataset_core_movements/10GHz/Sit/06090029_1574628100.png,10GHz,Sit,train,,/scratch/st-zliu-1/heqingz/CrossCarrier_Core6_FullSuite_20260924/manifests/core6_source/10GHz.csv,244,4,0,0da24226f3f19c1c1af565b0b5f76c4f74c844e37f5217b0457b9647d79af95b
/arc/project/st-zliu-1/heqingz/datasets/domainGenDataset_core_movements/10GHz/Sit/06090030_1574458188.png,10GHz,Sit,train,,/scratch/st-zliu-1/heqingz/CrossCarrier_Core6_FullSuite_20260924/manifests/core6_source/10GHz.csv,245,4,0,bce045ecb693ddb19465c362c45eab338837f5e9519ae4c504aee8112777cbed
/arc/project/st-zliu-1/heqingz/datasets/domainGenDataset_core_movements/10GHz/Sit/06090030_1574195293.png,10GHz,Sit,train,,/scratch/st-zliu-1/heqingz/CrossCarrier_Core6_FullSuite_20260924/manifests/core6_source/10GHz.csv,246,4,0,0609a87db86aa9b398c4cb2de268a84bc401269ed7c8dd836352a66cc18c23b8
/arc/project/st-zliu-1/heqingz/datasets/domainGenDataset_core_movements/10GHz/Sit/06090014_1574697493.png,10GHz,Sit,train,,/scratch/st-zliu-1/heqingz/CrossCarrier_Core6_FullSuite_20260924/manifests/core6_source/10GHz.csv,247,4,0,fdb65a118cbe7289c3665a6e8515654c9535e57ba8e2c9aae459fb607ae07fd3
/arc/project/st-zliu-1/heqingz/datasets/domainGenDataset_core_movements/10GHz/Sit/06090014_1574696977.png,10GHz,Sit,train,,/scratch/st-zliu-1/heqingz/CrossCarrier_Core6_FullSuite_20260924/manifests/core6_source/10GHz.csv,248,4,0,3ba06c48e12f9ba21c7eca18a0a8152614ea1b8af4bc1f1fde91648d6ef6e76b
/arc/project/st-zliu-1/heqingz/datasets/domainGenDataset_core_movements/10GHz/Sit/06090030_1574458188 (copy).png,10GHz,Sit,train,,/scratch/st-zliu-1/heqingz/CrossCarrier_Core6_FullSuite_20260924/manifests/core6_source/10GHz.csv,249,4,0,bce045ecb693ddb19465c362c45eab338837f5e9519ae4c504aee8112777cbed
/arc/project/st-zliu-1/heqingz/datasets/domainGenDataset_core_movements/10GHz/Sit/06090030_1574458226.png,10GHz,Sit,train,,/scratch/st-zliu-1/heqingz/CrossCarrier_Core6_FullSuite_20260924/manifests/core6_source/10GHz.csv,250,4,0,adaf81434512a9cee038605c053809e7ec4fee63b0121f9397895b7689cfd05c
/arc/project/st-zliu-1/heqingz/datasets/domainGenDataset_core_movements/10GHz/Sit/06090030_1574458785.png,10GHz,Sit,train,,/scratch/st-zliu-1/heqingz/CrossCarrier_Core6_FullSuite_20260924/manifests/core6_source/10GHz.csv,251,4,0,50c8875ab00d10d3a20b640e6b2b2a74ecd45b792c4ceece1b620bac924852de
/arc/project/st-zliu-1/heqingz/datasets/domainGenDataset_core_movements/10GHz/Sit/06090030_1574195351.png,10GHz,Sit,train,,/scratch/st-zliu-1/heqingz/CrossCarrier_Core6_FullSuite_20260924/manifests/core6_source/10GHz.csv,252,4,0,fec34f49cd961eebe27e2c45bdd3161b2e81dc74b1ef1dde6f36a23b55cc57c2
/arc/project/st-zliu-1/heqingz/datasets/domainGenDataset_core_movements/10GHz/Sit/06090030_1574458265.png,10GHz,Sit,train,,/scratch/st-zliu-1/heqingz/CrossCarrier_Core6_FullSuite_20260924/manifests/core6_source/10GHz.csv,253,4,0,94e3f5d6f63c40b77520fc271ef22a13695c5d2c362a720947ed50f71b294c8d
/arc/project/st-zliu-1/heqingz/datasets/domainGenDataset_core_movements/10GHz/Sit/06090029_1574115745.png,10GHz,Sit,train,,/scratch/st-zliu-1/heqingz/CrossCarrier_Core6_FullSuite_20260924/manifests/core6_source/10GHz.csv,254,4,0,23d4e2960202b334769fa846c8aceea1178c9c3ab106cca3d90033f1c5f4a809
/arc/project/st-zliu-1/heqingz/datasets/domainGenDataset_core_movements/10GHz/Sit/06090030_1574195254.png,10GHz,Sit,train,,/scratch/st-zliu-1/heqingz/CrossCarrier_Core6_FullSuite_20260924/manifests/core6_source/10GHz.csv,255,4,0,42773e4f30aa893d17b117f23abaae03da55a1e0bfebc839bbf38cd1f0272a0d
/arc/project/st-zliu-1/heqingz/datasets/domainGenDataset_core_movements/10GHz/Sit/06090014_1574697018.png,10GHz,Sit,train,,/scratch/st-zliu-1/heqingz/CrossCarrier_Core6_FullSuite_20260924/manifests/core6_source/10GHz.csv,256,4,0,a36938e6e166dd91f100bbfb255d1ea4b0e0802146ca4a3e12e2126b06b855fa
/arc/project/st-zliu-1/heqingz/datasets/domainGenDataset_core_movements/10GHz/Sit/06090029_1574115764.png,10GHz,Sit,train,,/scratch/st-zliu-1/heqingz/CrossCarrier_Core6_FullSuite_20260924/manifests/core6_source/10GHz.csv,257,4,0,2bcf3e4a51148f06087f2f4b12f13c4da7c7affd5ca17d3ff70538de444c768a
/arc/project/st-zliu-1/heqingz/datasets/domainGenDataset_core_movements/10GHz/Sit/06090014_1574697936.png,10GHz,Sit,train,,/scratch/st-zliu-1/heqingz/CrossCarrier_Core6_FullSuite_20260924/manifests/core6_source/10GHz.csv,258,4,0,a5c0b8aa101621b0a9e4e7a8e3d148b649fbb87d0a480b0aa012493ee01491a2
/arc/project/st-zliu-1/heqingz/datasets/domainGenDataset_core_movements/10GHz/Sit/06090029_1574628141.png,10GHz,Sit,train,,/scratch/st-zliu-1/heqingz/CrossCarrier_Core6_FullSuite_20260924/manifests/core6_source/10GHz.csv,259,4,0,1c2b7c934ce878d7b3c102c1efaf7b0b0087be46d12f5a3995d2933b5155eb05
/arc/project/st-zliu-1/heqingz/datasets/domainGenDataset_core_movements/10GHz/Sit/06090029_1574115686.png,10GHz,Sit,train,,/scratch/st-zliu-1/heqingz/CrossCarrier_Core6_FullSuite_20260924/manifests/core6_source/10GHz.csv,260,4,0,4b1bde2f4ee847eebe36a5ea4d12699915479ac0af53be04afcf48aba3bdd6d2
/arc/project/st-zliu-1/heqingz/datasets/domainGenDataset_core_movements/10GHz/Sit/06090014_1574697454.png,10GHz,Sit,train,,/scratch/st-zliu-1/heqingz/CrossCarrier_Core6_FullSuite_20260924/manifests/core6_source/10GHz.csv,261,4,0,0145f28242aa0788149aaf50f747801483a8881d487fda2a697734bfc1d33414
/arc/project/st-zliu-1/heqingz/datasets/domainGenDataset_core_movements/10GHz/Sit/06090030_1574195391.png,10GHz,Sit,train,,/scratch/st-zliu-1/heqingz/CrossCarrier_Core6_FullSuite_20260924/manifests/core6_source/10GHz.csv,262,4,0,2dfbca6343565640c58c8c1033048af6eb7ef8909ef39322790eb26d477537fb
/arc/project/st-zliu-1/heqingz/datasets/domainGenDataset_core_movements/10GHz/Sit/06090029_1574628461.png,10GHz,Sit,train,,/scratch/st-zliu-1/heqingz/CrossCarrier_Core6_FullSuite_20260924/manifests/core6_source/10GHz.csv,263,4,0,ebab24995d8e707d709aea76a24c0976c4c140c949a8ab5d9aced229fd2a0041
/arc/project/st-zliu-1/heqingz/datasets/domainGenDataset_core_movements/10GHz/Sit/06090030_1574195230.png,10GHz,Sit,train,,/scratch/st-zliu-1/heqingz/CrossCarrier_Core6_FullSuite_20260924/manifests/core6_source/10GHz.csv,264,4,0,22a40a1abafce683e1426dc65055cf424f7304c4052126c192b1347c13a05014
/arc/project/st-zliu-1/heqingz/datasets/domainGenDataset_core_movements/10GHz/Sit/06090030_1574458803.png,10GHz,Sit,train,,/scratch/st-zliu-1/heqingz/CrossCarrier_Core6_FullSuite_20260924/manifests/core6_source/10GHz.csv,265,4,0,46eb64a99ed4172cfbbad9419663256329798840c1482a37e1c130054a0b2751
/arc/project/st-zliu-1/heqingz/datasets/domainGenDataset_core_movements/10GHz/Sit/06090029_1574115726.png,10GHz,Sit,train,,/scratch/st-zliu-1/heqingz/CrossCarrier_Core6_FullSuite_20260924/manifests/core6_source/10GHz.csv,266,4,0,c831dceb952acd16cc108e79f41c764ceab0e8ebb324ac5dd1f511d1dd2db0b4
/arc/project/st-zliu-1/heqingz/datasets/domainGenDataset_core_movements/10GHz/Sit/06090014_1574696998 (copy).png,10GHz,Sit,train,,/scratch/st-zliu-1/heqingz/CrossCarrier_Core6_FullSuite_20260924/manifests/core6_source/10GHz.csv,267,4,0,8bee259664585fc4f1584fc1a42cb4ee0c9fb6a4cc383db103d72a81ddde50a7
/arc/project/st-zliu-1/heqingz/datasets/domainGenDataset_core_movements/10GHz/Sit/06090030_1574195274.png,10GHz,Sit,train,,/scratch/st-zliu-1/heqingz/CrossCarrier_Core6_FullSuite_20260924/manifests/core6_source/10GHz.csv,268,4,0,b826d096a972bc61bece14a48c1bc5dd9814d0c31d55f4cb67719dfcf9e1e49d
/arc/project/st-zliu-1/heqingz/datasets/domainGenDataset_core_movements/10GHz/Sit/06090014_1574697897.png,10GHz,Sit,train,,/scratch/st-zliu-1/heqingz/CrossCarrier_Core6_FullSuite_20260924/manifests/core6_source/10GHz.csv,269,4,0,26b1b781d6dee94ba9c83236db71c832e1156af20a6b780d82ed7904c4710afc
/arc/project/st-zliu-1/heqingz/datasets/domainGenDataset_core_movements/10GHz/Sit/06090029_1574115842.png,10GHz,Sit,train,,/scratch/st-zliu-1/heqingz/CrossCarrier_Core6_FullSuite_20260924/manifests/core6_source/10GHz.csv,270,4,0,7a0896dff50f400767ce31a2ca1e8bba21ceca79fa272c0c64518728d1a9c3a2
/arc/project/st-zliu-1/heqingz/datasets/domainGenDataset_core_movements/10GHz/Sit/06090029_1574628180.png,10GHz,Sit,train,,/scratch/st-zliu-1/heqingz/CrossCarrier_Core6_FullSuite_20260924/manifests/core6_source/10GHz.csv,271,4,0,12a0a8a25da488f95ca167fcffc96af21826c3865d560c699a16f6ddaf7c0eab
/arc/project/st-zliu-1/heqingz/datasets/domainGenDataset_core_movements/10GHz/Sit/06090014_1574697058.png,10GHz,Sit,train,,/scratch/st-zliu-1/heqingz/CrossCarrier_Core6_FullSuite_20260924/manifests/core6_source/10GHz.csv,272,4,0,de72fd5abc9ce54e1bd953a155acafd9538dbc50ba7e70413f2a9d99fc6e2460
/arc/project/st-zliu-1/heqingz/datasets/domainGenDataset_core_movements/10GHz/Sit/06090030_1574195371.png,10GHz,Sit,train,,/scratch/st-zliu-1/heqingz/CrossCarrier_Core6_FullSuite_20260924/manifests/core6_source/10GHz.csv,273,4,0,98d5577b637fba0b916aece0b6e7a8e72441ff9edf110fff41438afb947054eb
/arc/project/st-zliu-1/heqingz/datasets/domainGenDataset_core_movements/10GHz/Sit/06090030_1574195274 (copy).png,10GHz,Sit,train,,/scratch/st-zliu-1/heqingz/CrossCarrier_Core6_FullSuite_20260924/manifests/core6_source/10GHz.csv,274,4,0,b826d096a972bc61bece14a48c1bc5dd9814d0c31d55f4cb67719dfcf9e1e49d
/arc/project/st-zliu-1/heqingz/datasets/domainGenDataset_core_movements/10GHz/Sit/06090014_1574697955.png,10GHz,Sit,train,,/scratch/st-zliu-1/heqingz/CrossCarrier_Core6_FullSuite_20260924/manifests/core6_source/10GHz.csv,275,4,0,9257524dc8b22094a80368782642493b6ed4a028ea920177b63cb443b72d2eb7
/arc/project/st-zliu-1/heqingz/datasets/domainGenDataset_core_movements/10GHz/Sit/06090014_1574696998.png,10GHz,Sit,train,,/scratch/st-zliu-1/heqingz/CrossCarrier_Core6_FullSuite_20260924/manifests/core6_source/10GHz.csv,276,4,0,8bee259664585fc4f1584fc1a42cb4ee0c9fb6a4cc383db103d72a81ddde50a7
/arc/project/st-zliu-1/heqingz/datasets/domainGenDataset_core_movements/10GHz/Sit/06090014_1574697390.png,10GHz,Sit,train,,/scratch/st-zliu-1/heqingz/CrossCarrier_Core6_FullSuite_20260924/manifests/core6_source/10GHz.csv,277,4,0,6ed020cf6e347000644f74bc644db71609d0b2c2e64c07b70ce08319e5879aff
/arc/project/st-zliu-1/heqingz/datasets/domainGenDataset_core_movements/10GHz/Sit/06090030_1574458283.png,10GHz,Sit,train,,/scratch/st-zliu-1/heqingz/CrossCarrier_Core6_FullSuite_20260924/manifests/core6_source/10GHz.csv,278,4,0,4ac042fb762f18b9da9d88c5df8af87632aa5b9274704ee614c995c296140ddc
/arc/project/st-zliu-1/heqingz/datasets/domainGenDataset_core_movements/10GHz/Sit/06090030_1574458207.png,10GHz,Sit,train,,/scratch/st-zliu-1/heqingz/CrossCarrier_Core6_FullSuite_20260924/manifests/core6_source/10GHz.csv,279,4,0,1e4208aae264444a12f7d61bca35448c379591ebd444186907b34dae1cb4a2f1
/arc/project/st-zliu-1/heqingz/datasets/domainGenDataset_core_movements/10GHz/Sit/06090014_1574697955 (copy).png,10GHz,Sit,train,,/scratch/st-zliu-1/heqingz/CrossCarrier_Core6_FullSuite_20260924/manifests/core6_source/10GHz.csv,280,4,0,9257524dc8b22094a80368782642493b6ed4a028ea920177b63cb443b72d2eb7
/arc/project/st-zliu-1/heqingz/datasets/domainGenDataset_core_movements/10GHz/Sit/06090014_1574697993.png,10GHz,Sit,train,,/scratch/st-zliu-1/heqingz/CrossCarrier_Core6_FullSuite_20260924/manifests/core6_source/10GHz.csv,281,4,0,5df93858b4c8d2dab6a10ded952ba834a7e3a6955b9b501e0a6b19b6a4de0bb3
/arc/project/st-zliu-1/heqingz/datasets/domainGenDataset_core_movements/10GHz/Towards/06050030_1574193925.png,10GHz,Towards,train,,/scratch/st-zliu-1/heqingz/CrossCarrier_Core6_FullSuite_20260924/manifests/core6_source/10GHz.csv,300,5,0,e47e12d421ecdc8e6894feaabfacb6e1e456836df8e4f77fa4704cee6e43bef3
/arc/project/st-zliu-1/heqingz/datasets/domainGenDataset_core_movements/10GHz/Towards/06050030_1574456646.png,10GHz,Towards,train,,/scratch/st-zliu-1/heqingz/CrossCarrier_Core6_FullSuite_20260924/manifests/core6_source/10GHz.csv,301,5,0,e28900056d8991cfce641665690f1f41eb41b10c2fb5713457bbf832d58a9b41
/arc/project/st-zliu-1/heqingz/datasets/domainGenDataset_core_movements/10GHz/Towards/06050029_1574114294.png,10GHz,Towards,train,,/scratch/st-zliu-1/heqingz/CrossCarrier_Core6_FullSuite_20260924/manifests/core6_source/10GHz.csv,302,5,0,7cf24d55ae00a62d5dfc62391f26f53114ff3bcbf769fc3585f5d9229cbcc976
/arc/project/st-zliu-1/heqingz/datasets/domainGenDataset_core_movements/10GHz/Towards/06050030_1574456906.png,10GHz,Towards,train,,/scratch/st-zliu-1/heqingz/CrossCarrier_Core6_FullSuite_20260924/manifests/core6_source/10GHz.csv,303,5,0,5dbeacd694e76ce47dc917b74f3cfd317a7c0eaf6cab908efadc5a7051e2c080
/arc/project/st-zliu-1/heqingz/datasets/domainGenDataset_core_movements/10GHz/Towards/06050030_1574456747.png,10GHz,Towards,train,,/scratch/st-zliu-1/heqingz/CrossCarrier_Core6_FullSuite_20260924/manifests/core6_source/10GHz.csv,304,5,0,96aa527f87a1ce79295b10c51360e409f86fba38000199557f3f3c98f2576db7
/arc/project/st-zliu-1/heqingz/datasets/domainGenDataset_core_movements/10GHz/Towards/06050029_1574626307.png,10GHz,Towards,train,,/scratch/st-zliu-1/heqingz/CrossCarrier_Core6_FullSuite_20260924/manifests/core6_source/10GHz.csv,305,5,0,b613e02edcbc378b699a0a8fd6c53c1d39a7aa563f02c2ecf9e6533f970ae324
/arc/project/st-zliu-1/heqingz/datasets/domainGenDataset_core_movements/10GHz/Towards/06050029_1574626392.png,10GHz,Towards,train,,/scratch/st-zliu-1/heqingz/CrossCarrier_Core6_FullSuite_20260924/manifests/core6_source/10GHz.csv,306,5,0,84556b5fb1bc3b7938a90bd7d99a8559a5c6877fc6b1c4fae289281a487ef2f5
/arc/project/st-zliu-1/heqingz/datasets/domainGenDataset_core_movements/10GHz/Towards/06050030_1574456771.png,10GHz,Towards,train,,/scratch/st-zliu-1/heqingz/CrossCarrier_Core6_FullSuite_20260924/manifests/core6_source/10GHz.csv,307,5,0,79879ad149594b62597b46f92a5f5130ddf242cdb1999cd9832b32e480efc328
/arc/project/st-zliu-1/heqingz/datasets/domainGenDataset_core_movements/10GHz/Towards/06050030_1574193984.png,10GHz,Towards,train,,/scratch/st-zliu-1/heqingz/CrossCarrier_Core6_FullSuite_20260924/manifests/core6_source/10GHz.csv,308,5,0,12cb2717d2c18cfcbd299e98c4bf2752e10ed5cfdd9c8015e8dcccc4eb970865
/arc/project/st-zliu-1/heqingz/datasets/domainGenDataset_core_movements/10GHz/Towards/06050029_1574626109.png,10GHz,Towards,train,,/scratch/st-zliu-1/heqingz/CrossCarrier_Core6_FullSuite_20260924/manifests/core6_source/10GHz.csv,309,5,0,cf62f220154c91ffa0331bc54f65c2deae00a67d843685d325ca8c7bc1bc4e86
/arc/project/st-zliu-1/heqingz/datasets/domainGenDataset_core_movements/10GHz/Towards/06050030_1574193902.png,10GHz,Towards,train,,/scratch/st-zliu-1/heqingz/CrossCarrier_Core6_FullSuite_20260924/manifests/core6_source/10GHz.csv,310,5,0,bdc64aae11f64cd212395740fc6fd804fbc4a13c03358e6ad332a4b3cbf4439e
/arc/project/st-zliu-1/heqingz/datasets/domainGenDataset_core_movements/10GHz/Towards/06050010_1573836957.png,10GHz,Towards,train,,/scratch/st-zliu-1/heqingz/CrossCarrier_Core6_FullSuite_20260924/manifests/core6_source/10GHz.csv,311,5,0,8375966d1d64667ee09d80ac17470fe79f72ab8b1f89e1fc88c7625305b4c7a2
/arc/project/st-zliu-1/heqingz/datasets/domainGenDataset_core_movements/10GHz/Towards/06050118_1550693318.png,10GHz,Towards,train,,/scratch/st-zliu-1/heqingz/CrossCarrier_Core6_FullSuite_20260924/manifests/core6_source/10GHz.csv,312,5,0,b1a81a5d73c514bb7ded6306164a63c5a23cfba2d16347e55643d57b831d0bc8
/arc/project/st-zliu-1/heqingz/datasets/domainGenDataset_core_movements/10GHz/Towards/06050029_1574114625.png,10GHz,Towards,train,,/scratch/st-zliu-1/heqingz/CrossCarrier_Core6_FullSuite_20260924/manifests/core6_source/10GHz.csv,313,5,0,055314c291feb3d2c3ec030a07c2e713f42609cf17480006e89e2353ac3d1c0a
/arc/project/st-zliu-1/heqingz/datasets/domainGenDataset_core_movements/10GHz/Towards/06050118_1550693159.png,10GHz,Towards,train,,/scratch/st-zliu-1/heqingz/CrossCarrier_Core6_FullSuite_20260924/manifests/core6_source/10GHz.csv,314,5,0,8400ca75d91c86888f168a17ad4718d911a204da0958fe9db08ded94faddf5ac
/arc/project/st-zliu-1/heqingz/datasets/domainGenDataset_core_movements/10GHz/Towards/06050118_1550693298.png,10GHz,Towards,train,,/scratch/st-zliu-1/heqingz/CrossCarrier_Core6_FullSuite_20260924/manifests/core6_source/10GHz.csv,315,5,0,26a953f5683dce842f4c567dcbd3c8c1f00595afbfb287ea7f3f2e17950213b9
/arc/project/st-zliu-1/heqingz/datasets/domainGenDataset_core_movements/10GHz/Towards/06050010_1573837002.png,10GHz,Towards,train,,/scratch/st-zliu-1/heqingz/CrossCarrier_Core6_FullSuite_20260924/manifests/core6_source/10GHz.csv,316,5,0,70866a62bb734a6b88a2a9a5b730803cf1b23dae5156b78e6a382ebb73422981
/arc/project/st-zliu-1/heqingz/datasets/domainGenDataset_core_movements/10GHz/Towards/06050010_1573836822.png,10GHz,Towards,train,,/scratch/st-zliu-1/heqingz/CrossCarrier_Core6_FullSuite_20260924/manifests/core6_source/10GHz.csv,317,5,0,ca6499805412d93f53775405278f51d55aac8158c07e61f345e09d359264980c
/arc/project/st-zliu-1/heqingz/datasets/domainGenDataset_core_movements/10GHz/Towards/06050118_1550693231.png,10GHz,Towards,train,,/scratch/st-zliu-1/heqingz/CrossCarrier_Core6_FullSuite_20260924/manifests/core6_source/10GHz.csv,318,5,0,324644050ad6fe03d816b2a6d1594e1e53f28f8f666cbab2cf2484932647de48
/arc/project/st-zliu-1/heqingz/datasets/domainGenDataset_core_movements/10GHz/Towards/06050010_1573837045.png,10GHz,Towards,train,,/scratch/st-zliu-1/heqingz/CrossCarrier_Core6_FullSuite_20260924/manifests/core6_source/10GHz.csv,319,5,0,e3b9639bb3a1ce2ffd55d64053a0183528fed9c208f6655be93e1602b8fbe022
/arc/project/st-zliu-1/heqingz/datasets/domainGenDataset_core_movements/10GHz/Towards/06050118_1550693255.png,10GHz,Towards,train,,/scratch/st-zliu-1/heqingz/CrossCarrier_Core6_FullSuite_20260924/manifests/core6_source/10GHz.csv,320,5,0,788ba8a96a81466ab684a9c91024df3d1a6c547cd230330ee6d0a0b5627d5517
/arc/project/st-zliu-1/heqingz/datasets/domainGenDataset_core_movements/10GHz/Towards/06050029_1574114550.png,10GHz,Towards,train,,/scratch/st-zliu-1/heqingz/CrossCarrier_Core6_FullSuite_20260924/manifests/core6_source/10GHz.csv,321,5,0,603fd23f009faf69c01b6426824d48af20bc345e77deb7212cd5bc3633b0fad6
/arc/project/st-zliu-1/heqingz/datasets/domainGenDataset_core_movements/10GHz/Towards/06050118_1550693210.png,10GHz,Towards,train,,/scratch/st-zliu-1/heqingz/CrossCarrier_Core6_FullSuite_20260924/manifests/core6_source/10GHz.csv,322,5,0,a1124f65bb9d0d370f2f7676f338c9d2842d72706465234a772817236baf2ed7
/arc/project/st-zliu-1/heqingz/datasets/domainGenDataset_core_movements/10GHz/Towards/06050010_1573836864.png,10GHz,Towards,train,,/scratch/st-zliu-1/heqingz/CrossCarrier_Core6_FullSuite_20260924/manifests/core6_source/10GHz.csv,323,5,0,7dba0628f6d75621325efa360855963df8027eae61ffec6f59c466487ecb5d4a
/arc/project/st-zliu-1/heqingz/datasets/domainGenDataset_core_movements/10GHz/Towards/06050029_1574114529.png,10GHz,Towards,train,,/scratch/st-zliu-1/heqingz/CrossCarrier_Core6_FullSuite_20260924/manifests/core6_source/10GHz.csv,324,5,0,9c470e840983c0e732c186f7ec6983b1cd8c3378cfacf2bdcde9c5d26041bb2e
/arc/project/st-zliu-1/heqingz/datasets/domainGenDataset_core_movements/10GHz/Towards/06050029_1574114569.png,10GHz,Towards,train,,/scratch/st-zliu-1/heqingz/CrossCarrier_Core6_FullSuite_20260924/manifests/core6_source/10GHz.csv,325,5,0,2a10bac04a338d40a0c3e8ed9ce6ce9f646bcbc8a4f6e7aa89926e8567bac5d9
/arc/project/st-zliu-1/heqingz/datasets/domainGenDataset_core_movements/10GHz/Towards/06050111_1550865783.png,10GHz,Towards,train,,/scratch/st-zliu-1/heqingz/CrossCarrier_Core6_FullSuite_20260924/manifests/core6_source/10GHz.csv,326,5,0,d4b877e49eda3260dcea9593614da324d4e0f644e999d8399a9f4122805a68b0
/arc/project/st-zliu-1/heqingz/datasets/domainGenDataset_core_movements/10GHz/Towards/06050029_1574114268.png,10GHz,Towards,train,,/scratch/st-zliu-1/heqingz/CrossCarrier_Core6_FullSuite_20260924/manifests/core6_source/10GHz.csv,327,5,0,b0b217e8e990462c7562aadc02933915dfd52f4a6c5513999e48293f06382e8a
/arc/project/st-zliu-1/heqingz/datasets/domainGenDataset_core_movements/10GHz/Towards/06050111_1550865828.png,10GHz,Towards,train,,/scratch/st-zliu-1/heqingz/CrossCarrier_Core6_FullSuite_20260924/manifests/core6_source/10GHz.csv,328,5,0,15e18211c8615e5dac1821e4fceafe302a359983221cb4b83cd0f95587e21398
/arc/project/st-zliu-1/heqingz/datasets/domainGenDataset_core_movements/10GHz/Towards/06050030_1574194013.png,10GHz,Towards,train,,/scratch/st-zliu-1/heqingz/CrossCarrier_Core6_FullSuite_20260924/manifests/core6_source/10GHz.csv,329,5,0,f9505555fdecd559e7e61581fb7d846cdb7895a6b7ec71ebc61acd5313d4528a
/arc/project/st-zliu-1/heqingz/datasets/domainGenDataset_core_movements/10GHz/Towards/06050111_1550865545.png,10GHz,Towards,train,,/scratch/st-zliu-1/heqingz/CrossCarrier_Core6_FullSuite_20260924/manifests/core6_source/10GHz.csv,330,5,0,03751f2848cd04eed45d2f6261eb04e54aedfbbcffe7456f35e611cb47713ea9
/arc/project/st-zliu-1/heqingz/datasets/domainGenDataset_core_movements/10GHz/Towards/06050111_1550865576.png,10GHz,Towards,train,,/scratch/st-zliu-1/heqingz/CrossCarrier_Core6_FullSuite_20260924/manifests/core6_source/10GHz.csv,331,5,0,d05aee0b073627c486fb8c70e5ba4230f243d3402a5f79624afc2f492679c4e3
/arc/project/st-zliu-1/heqingz/datasets/domainGenDataset_core_movements/10GHz/Towards/06050118_1550693339.png,10GHz,Towards,train,,/scratch/st-zliu-1/heqingz/CrossCarrier_Core6_FullSuite_20260924/manifests/core6_source/10GHz.csv,332,5,0,8194195be40379ddd70d903b9e9c84340ef4c6dfed78e46b9d9f1b56d3d2ded0
/arc/project/st-zliu-1/heqingz/datasets/domainGenDataset_core_movements/10GHz/Towards/06050029_1574114606.png,10GHz,Towards,train,,/scratch/st-zliu-1/heqingz/CrossCarrier_Core6_FullSuite_20260924/manifests/core6_source/10GHz.csv,333,5,0,f2fffd8cdca234abc451364d4be6ea2e677569a544ab2d32c0ac5f89a0544fab
/arc/project/st-zliu-1/heqingz/datasets/domainGenDataset_core_movements/10GHz/Towards/06050010_1573837067.png,10GHz,Towards,train,,/scratch/st-zliu-1/heqingz/CrossCarrier_Core6_FullSuite_20260924/manifests/core6_source/10GHz.csv,334,5,0,589700db6ec15099e0edc12779360132bf7633651caf96b00508bb3aa306891d
/arc/project/st-zliu-1/heqingz/datasets/domainGenDataset_core_movements/10GHz/Towards/06050030_1574456705.png,10GHz,Towards,train,,/scratch/st-zliu-1/heqingz/CrossCarrier_Core6_FullSuite_20260924/manifests/core6_source/10GHz.csv,335,5,0,bd01ccd54126b8c20b8803d3c5a881a49f37aa5545b847d3bb77fd9156ce7468
/arc/project/st-zliu-1/heqingz/datasets/domainGenDataset_core_movements/10GHz/Towards/06050030_1574194068.png,10GHz,Towards,train,,/scratch/st-zliu-1/heqingz/CrossCarrier_Core6_FullSuite_20260924/manifests/core6_source/10GHz.csv,336,5,0,e1bcc1f95c53ab087ca57565bc3b5166030c5f4516474a9260c4a567e9bfb27e
/arc/project/st-zliu-1/heqingz/datasets/domainGenDataset_core_movements/10GHz/Towards/06050029_1574114447.png,10GHz,Towards,train,,/scratch/st-zliu-1/heqingz/CrossCarrier_Core6_FullSuite_20260924/manifests/core6_source/10GHz.csv,337,5,0,5e24a708c35a15b8731de733bca004cf7a1894086ef10f0e10faffa0fc638917
/arc/project/st-zliu-1/heqingz/datasets/domainGenDataset_core_movements/10GHz/Towards/06050111_1550865759.png,10GHz,Towards,train,,/scratch/st-zliu-1/heqingz/CrossCarrier_Core6_FullSuite_20260924/manifests/core6_source/10GHz.csv,338,5,0,c097c8e2c4aa1c0c084835b64fb9092b0406a1cdbe28a2fca14baf694f3dc208
/arc/project/st-zliu-1/heqingz/datasets/domainGenDataset_core_movements/10GHz/Towards/06050029_1574626331.png,10GHz,Towards,train,,/scratch/st-zliu-1/heqingz/CrossCarrier_Core6_FullSuite_20260924/manifests/core6_source/10GHz.csv,339,5,0,1389086b97c30678367e08de0dd22b6c8c2370c796671f1aac7585650973b96b
/arc/project/st-zliu-1/heqingz/datasets/domainGenDataset_core_movements/10GHz/Towards/06050029_1574626188.png,10GHz,Towards,train,,/scratch/st-zliu-1/heqingz/CrossCarrier_Core6_FullSuite_20260924/manifests/core6_source/10GHz.csv,340,5,0,832fdcb65e503e9a6e9752d0d85393d2f5c6afd9e808478b3ff984322c458dd9
/arc/project/st-zliu-1/heqingz/datasets/domainGenDataset_core_movements/10GHz/Towards/06050010_1573836925.png,10GHz,Towards,train,,/scratch/st-zliu-1/heqingz/CrossCarrier_Core6_FullSuite_20260924/manifests/core6_source/10GHz.csv,341,5,0,d3193daa8677c85f243536c381980e89d1b4401a91939d3e1b6c7a356012d081
/arc/project/st-zliu-1/heqingz/datasets/domainGenDataset_core_movements/77GHz/Away/04060010_1573837276_Raw_0.png,77GHz,Away,train,,/scratch/st-zliu-1/heqingz/CrossCarrier_Core6_FullSuite_20260924/manifests/core6_source/77GHz.csv,2,0,1,8a08d3bcd60cead29714e664d8ad932e164e1847b6e81d2622466ffdb5cee5e4
/arc/project/st-zliu-1/heqingz/datasets/domainGenDataset_core_movements/77GHz/Away/04060010_1573837370_Raw_0.png,77GHz,Away,train,,/scratch/st-zliu-1/heqingz/CrossCarrier_Core6_FullSuite_20260924/manifests/core6_source/77GHz.csv,3,0,1,6675034927db98d193a8c4a7bbcc69413d070905238cd9c20466ace579738113
/arc/project/st-zliu-1/heqingz/datasets/domainGenDataset_core_movements/77GHz/Away/04060014_1574696452_Raw_0.png,77GHz,Away,train,,/scratch/st-zliu-1/heqingz/CrossCarrier_Core6_FullSuite_20260924/manifests/core6_source/77GHz.csv,4,0,1,6f11efc140ede7ca75c81dd397c4c03ee1bcf888300034ec921a1aa74d90e02b
/arc/project/st-zliu-1/heqingz/datasets/domainGenDataset_core_movements/77GHz/Away/04060010_1573837135_Raw_0.png,77GHz,Away,train,,/scratch/st-zliu-1/heqingz/CrossCarrier_Core6_FullSuite_20260924/manifests/core6_source/77GHz.csv,5,0,1,ce80bb9fa43cab02dca8345cb54e387540618fdf49638b02a154e1f4c9f19f9a
/arc/project/st-zliu-1/heqingz/datasets/domainGenDataset_core_movements/77GHz/Away/04060029_1574626448_Raw_0.png,77GHz,Away,train,,/scratch/st-zliu-1/heqingz/CrossCarrier_Core6_FullSuite_20260924/manifests/core6_source/77GHz.csv,6,0,1,cf268ca45ace73deaf20d7f5625f8d85d0508421f3782a0beeaa5e0139569bb5
/arc/project/st-zliu-1/heqingz/datasets/domainGenDataset_core_movements/77GHz/Away/04060030_1574457032_Raw_0.png,77GHz,Away,train,,/scratch/st-zliu-1/heqingz/CrossCarrier_Core6_FullSuite_20260924/manifests/core6_source/77GHz.csv,7,0,1,eba24d0952f67c383e6f1600197ac281763390c02a16c866bc5c4aacd31ca103
/arc/project/st-zliu-1/heqingz/datasets/domainGenDataset_core_movements/77GHz/Away/04060029_1574114770_Raw_0.png,77GHz,Away,train,,/scratch/st-zliu-1/heqingz/CrossCarrier_Core6_FullSuite_20260924/manifests/core6_source/77GHz.csv,8,0,1,059e70dc18d5b2922f709c5a5e5808b931faafbd2a03ab957b69a65dcff152e1
/arc/project/st-zliu-1/heqingz/datasets/domainGenDataset_core_movements/77GHz/Away/04060029_1574626614_Raw_0.png,77GHz,Away,train,,/scratch/st-zliu-1/heqingz/CrossCarrier_Core6_FullSuite_20260924/manifests/core6_source/77GHz.csv,9,0,1,0a74a396975ff5aec7e4f6cde0926b1e98d7b8b829bdc2b4c93be56a63bb8840
/arc/project/st-zliu-1/heqingz/datasets/domainGenDataset_core_movements/77GHz/Away/04060010_1573837181_Raw_0.png,77GHz,Away,train,,/scratch/st-zliu-1/heqingz/CrossCarrier_Core6_FullSuite_20260924/manifests/core6_source/77GHz.csv,10,0,1,c0179598f0eaa765a8846e17b97ee97697ab894147c45e5c53195632346282da
/arc/project/st-zliu-1/heqingz/datasets/domainGenDataset_core_movements/77GHz/Away/04060010_1573837276_Raw_0 (copy).png,77GHz,Away,train,,/scratch/st-zliu-1/heqingz/CrossCarrier_Core6_FullSuite_20260924/manifests/core6_source/77GHz.csv,11,0,1,8a08d3bcd60cead29714e664d8ad932e164e1847b6e81d2622466ffdb5cee5e4
/arc/project/st-zliu-1/heqingz/datasets/domainGenDataset_core_movements/77GHz/Away/04060030_1574194323_Raw_0.png,77GHz,Away,train,,/scratch/st-zliu-1/heqingz/CrossCarrier_Core6_FullSuite_20260924/manifests/core6_source/77GHz.csv,12,0,1,bf6dce88ec61e8c445e42a02c840dbc628d98a8dd8e680957c946214f74c6265
/arc/project/st-zliu-1/heqingz/datasets/domainGenDataset_core_movements/77GHz/Away/04060029_1574626687_Raw_0.png,77GHz,Away,train,,/scratch/st-zliu-1/heqingz/CrossCarrier_Core6_FullSuite_20260924/manifests/core6_source/77GHz.csv,13,0,1,ffa12ea089b935ce30c79be2eaecc4601ef8e7a0e43a182f29daae0ab91cf72f
/arc/project/st-zliu-1/heqingz/datasets/domainGenDataset_core_movements/77GHz/Away/04060030_1574457011_Raw_0.png,77GHz,Away,train,,/scratch/st-zliu-1/heqingz/CrossCarrier_Core6_FullSuite_20260924/manifests/core6_source/77GHz.csv,14,0,1,9e0c1021dc2cfc0fe4c689faf5cd51d8dd0a24dc483cf708d0f771a0ee35ca08
/arc/project/st-zliu-1/heqingz/datasets/domainGenDataset_core_movements/77GHz/Away/04060029_1574114725_Raw_0.png,77GHz,Away,train,,/scratch/st-zliu-1/heqingz/CrossCarrier_Core6_FullSuite_20260924/manifests/core6_source/77GHz.csv,15,0,1,833d5434dfa0ebb43dc8fd25b57b99c57558ea320c5db3a966fe14a744ec2e54
/arc/project/st-zliu-1/heqingz/datasets/domainGenDataset_core_movements/77GHz/Away/04060029_1574627128_Raw_0.png,77GHz,Away,train,,/scratch/st-zliu-1/heqingz/CrossCarrier_Core6_FullSuite_20260924/manifests/core6_source/77GHz.csv,16,0,1,b8bb918a506efb677c47e0b4cf6796d0e1a5aef1a982b953520e88406b045cf9
/arc/project/st-zliu-1/heqingz/datasets/domainGenDataset_core_movements/77GHz/Away/04060030_1574456969_Raw_0.png,77GHz,Away,train,,/scratch/st-zliu-1/heqingz/CrossCarrier_Core6_FullSuite_20260924/manifests/core6_source/77GHz.csv,17,0,1,087844c498ca579d655fe6bfe2fd7b0aea7efa51ba3fd462adc631e00cd5e69c
/arc/project/st-zliu-1/heqingz/datasets/domainGenDataset_core_movements/77GHz/Away/04060030_1574456989_Raw_0.png,77GHz,Away,train,,/scratch/st-zliu-1/heqingz/CrossCarrier_Core6_FullSuite_20260924/manifests/core6_source/77GHz.csv,18,0,1,2c769236f070e526dcd1f91a6f2d0483f2df2998b771ae3860816caf4a849932
/arc/project/st-zliu-1/heqingz/datasets/domainGenDataset_core_movements/77GHz/Away/04060030_1574457074_Raw_0.png,77GHz,Away,train,,/scratch/st-zliu-1/heqingz/CrossCarrier_Core6_FullSuite_20260924/manifests/core6_source/77GHz.csv,19,0,1,d8cdc86b645ea7be1a1786ad0c30164e3fb41e76d10a311c8df4143321399e41
/arc/project/st-zliu-1/heqingz/datasets/domainGenDataset_core_movements/77GHz/Away/04060030_1574194202_Raw_0.png,77GHz,Away,train,,/scratch/st-zliu-1/heqingz/CrossCarrier_Core6_FullSuite_20260924/manifests/core6_source/77GHz.csv,20,0,1,30e4bd92404806834d83c4b3c30a2cf86b4badf5df2a7d87e094863905d8ada7
/arc/project/st-zliu-1/heqingz/datasets/domainGenDataset_core_movements/77GHz/Away/04060030_1574194391_Raw_0.png,77GHz,Away,train,,/scratch/st-zliu-1/heqingz/CrossCarrier_Core6_FullSuite_20260924/manifests/core6_source/77GHz.csv,21,0,1,cb37661270f19e83563a02f7f78e9dce67dbe47a7222286168ba04d732e243cb
/arc/project/st-zliu-1/heqingz/datasets/domainGenDataset_core_movements/77GHz/Away/04060014_1574696490_Raw_0.png,77GHz,Away,train,,/scratch/st-zliu-1/heqingz/CrossCarrier_Core6_FullSuite_20260924/manifests/core6_source/77GHz.csv,22,0,1,7070b203ce303e3d9acbe5522fb7cf7b7cedaea8c9328e3a544035425d71b3af
/arc/project/st-zliu-1/heqingz/datasets/domainGenDataset_core_movements/77GHz/Away/04060029_1574114751_Raw_0.png,77GHz,Away,train,,/scratch/st-zliu-1/heqingz/CrossCarrier_Core6_FullSuite_20260924/manifests/core6_source/77GHz.csv,23,0,1,920f550d07bbf8f32285bba1c1880f97e9d5ddadd1ad1cc697ebb828e1e8586d
/arc/project/st-zliu-1/heqingz/datasets/domainGenDataset_core_movements/77GHz/Away/04060010_1573837305_Raw_0.png,77GHz,Away,train,,/scratch/st-zliu-1/heqingz/CrossCarrier_Core6_FullSuite_20260924/manifests/core6_source/77GHz.csv,24,0,1,f5359d2f2d7d5a1a6e60580718a7fae2081f8793732205a5e74c50eb2e293afc
/arc/project/st-zliu-1/heqingz/datasets/domainGenDataset_core_movements/77GHz/Away/04060030_1574457095_Raw_0.png,77GHz,Away,train,,/scratch/st-zliu-1/heqingz/CrossCarrier_Core6_FullSuite_20260924/manifests/core6_source/77GHz.csv,25,0,1,eb7cbe8ee95be57e32598ba29eb681499df5f2cf23e4bbc6f3313deff41cef4f
/arc/project/st-zliu-1/heqingz/datasets/domainGenDataset_core_movements/77GHz/Away/04060029_1574115098_Raw_0.png,77GHz,Away,train,,/scratch/st-zliu-1/heqingz/CrossCarrier_Core6_FullSuite_20260924/manifests/core6_source/77GHz.csv,26,0,1,2ae945b3f0abf2fc8bba1a0cccc719e9cff5fd00c8121a813b447b8763335775
/arc/project/st-zliu-1/heqingz/datasets/domainGenDataset_core_movements/77GHz/Away/04060030_1574194298_Raw_0.png,77GHz,Away,train,,/scratch/st-zliu-1/heqingz/CrossCarrier_Core6_FullSuite_20260924/manifests/core6_source/77GHz.csv,27,0,1,0add2655d64b437b8bea2724c08141c14c5bc51f0195a5acd35fc077b7c49b69
/arc/project/st-zliu-1/heqingz/datasets/domainGenDataset_core_movements/77GHz/Away/04060010_1573837254_Raw_0.png,77GHz,Away,train,,/scratch/st-zliu-1/heqingz/CrossCarrier_Core6_FullSuite_20260924/manifests/core6_source/77GHz.csv,28,0,1,60c08d549f5101dbb5bb24a4bf288ee7d701a85fbede7290c49575f3212e823a
/arc/project/st-zliu-1/heqingz/datasets/domainGenDataset_core_movements/77GHz/Away/04060030_1574457052_Raw_0.png,77GHz,Away,train,,/scratch/st-zliu-1/heqingz/CrossCarrier_Core6_FullSuite_20260924/manifests/core6_source/77GHz.csv,29,0,1,da9b0a2f5db3e65742ea840b82c2bcb488abe57d4eee94604c7f0229711d687d
/arc/project/st-zliu-1/heqingz/datasets/domainGenDataset_core_movements/77GHz/Away/04060030_1574194345_Raw_0.png,77GHz,Away,train,,/scratch/st-zliu-1/heqingz/CrossCarrier_Core6_FullSuite_20260924/manifests/core6_source/77GHz.csv,30,0,1,24b2d9e38407462b026c682b8bc547a915ba3d0e1d3d60d58fab679397dc26a2
/arc/project/st-zliu-1/heqingz/datasets/domainGenDataset_core_movements/77GHz/Away/04060029_1574627087_Raw_0.png,77GHz,Away,train,,/scratch/st-zliu-1/heqingz/CrossCarrier_Core6_FullSuite_20260924/manifests/core6_source/77GHz.csv,31,0,1,3c165cc354763608f671ae4a19ee6c6d18ab3d05b230c0b806438db88ef5c84f
/arc/project/st-zliu-1/heqingz/datasets/domainGenDataset_core_movements/77GHz/Away/04060029_1574114849_Raw_0.png,77GHz,Away,train,,/scratch/st-zliu-1/heqingz/CrossCarrier_Core6_FullSuite_20260924/manifests/core6_source/77GHz.csv,32,0,1,86aa3ea5b68a780ecc8d53f70d1922f6e7cc945b8f89011054ecba225f931db1
/arc/project/st-zliu-1/heqingz/datasets/domainGenDataset_core_movements/77GHz/Away/04060010_1573837114_Raw_0.png,77GHz,Away,train,,/scratch/st-zliu-1/heqingz/CrossCarrier_Core6_FullSuite_20260924/manifests/core6_source/77GHz.csv,33,0,1,47a49415e8a276659f16610b8d959776f610a16aec9c8dd932aace81e2aecfb0
/arc/project/st-zliu-1/heqingz/datasets/domainGenDataset_core_movements/77GHz/Away/04060029_1574626995_Raw_0.png,77GHz,Away,train,,/scratch/st-zliu-1/heqingz/CrossCarrier_Core6_FullSuite_20260924/manifests/core6_source/77GHz.csv,34,0,1,b650093e08e56e9fe7ce940055ee19d5de185e609d9f55ae771cb8226bfefa13
/arc/project/st-zliu-1/heqingz/datasets/domainGenDataset_core_movements/77GHz/Away/04060029_1574114789_Raw_0.png,77GHz,Away,train,,/scratch/st-zliu-1/heqingz/CrossCarrier_Core6_FullSuite_20260924/manifests/core6_source/77GHz.csv,35,0,1,532dd4b506b794a912f0e9d700fc3c5984655dd446ee7226755ad785c6dcefff
/arc/project/st-zliu-1/heqingz/datasets/domainGenDataset_core_movements/77GHz/Away/04060029_1574627154_Raw_0.png,77GHz,Away,train,,/scratch/st-zliu-1/heqingz/CrossCarrier_Core6_FullSuite_20260924/manifests/core6_source/77GHz.csv,36,0,1,10f19cba5eaff22a1a9090d99736ff8c9b5cb149aa7371857fcd9f82cb05193b
/arc/project/st-zliu-1/heqingz/datasets/domainGenDataset_core_movements/77GHz/Away/04060030_1574194225_Raw_0.png,77GHz,Away,train,,/scratch/st-zliu-1/heqingz/CrossCarrier_Core6_FullSuite_20260924/manifests/core6_source/77GHz.csv,37,0,1,98c14884c95ada22b410ea9a6e58370ff9f643dac3e3544333578d9e21246c83
/arc/project/st-zliu-1/heqingz/datasets/domainGenDataset_core_movements/77GHz/Away/04060014_1574696433_Raw_0.png,77GHz,Away,train,,/scratch/st-zliu-1/heqingz/CrossCarrier_Core6_FullSuite_20260924/manifests/core6_source/77GHz.csv,38,0,1,a585ab4869641a3357232acb9067c5cb4c509244f174d0abe725d99dc35d3433
/arc/project/st-zliu-1/heqingz/datasets/domainGenDataset_core_movements/77GHz/Away/04060014_1574696394_Raw_0.png,77GHz,Away,train,,/scratch/st-zliu-1/heqingz/CrossCarrier_Core6_FullSuite_20260924/manifests/core6_source/77GHz.csv,39,0,1,52a5715249df609f97687fb60f6a6ebdcf357bdd3d31ffe01217fc89f6e28d97
/arc/project/st-zliu-1/heqingz/datasets/domainGenDataset_core_movements/77GHz/Away/04060029_1574114705_Raw_0.png,77GHz,Away,train,,/scratch/st-zliu-1/heqingz/CrossCarrier_Core6_FullSuite_20260924/manifests/core6_source/77GHz.csv,40,0,1,a450b8831191c10eb4753d9c310c4ada0184aaf89984846d5b97f3427d313452
/arc/project/st-zliu-1/heqingz/datasets/domainGenDataset_core_movements/77GHz/Away/04060030_1574194249_Raw_0.png,77GHz,Away,train,,/scratch/st-zliu-1/heqingz/CrossCarrier_Core6_FullSuite_20260924/manifests/core6_source/77GHz.csv,41,0,1,6244f7538b37afd4a104e865b74c46280bb7be541dd1746c98efc7e8ce904aaf
/arc/project/st-zliu-1/heqingz/datasets/domainGenDataset_core_movements/77GHz/Away/04060029_1574114809_Raw_0.png,77GHz,Away,train,,/scratch/st-zliu-1/heqingz/CrossCarrier_Core6_FullSuite_20260924/manifests/core6_source/77GHz.csv,42,0,1,782cac3017befb95f759e7a7e82d5cf50ff70fc99f57c6090dfd388a3b376130
/arc/project/st-zliu-1/heqingz/datasets/domainGenDataset_core_movements/77GHz/Away/04060030_1574456948_Raw_0.png,77GHz,Away,train,,/scratch/st-zliu-1/heqingz/CrossCarrier_Core6_FullSuite_20260924/manifests/core6_source/77GHz.csv,43,0,1,5ab031dc3147597a57c9c59c68fc66ba2c695042f3f79b11a67417f5b494a5ac
/arc/project/st-zliu-1/heqingz/datasets/domainGenDataset_core_movements/77GHz/Bend/04080010_1573837916_Raw_0.png,77GHz,Bend,train,,/scratch/st-zliu-1/heqingz/CrossCarrier_Core6_FullSuite_20260924/manifests/core6_source/77GHz.csv,62,1,1,6a91b60fa9788ea5cf3c898b0c16b4a25051ee5dd89d76166d4586b8d2919829
/arc/project/st-zliu-1/heqingz/datasets/domainGenDataset_core_movements/77GHz/Bend/04080010_1573837767_Raw_0.png,77GHz,Bend,train,,/scratch/st-zliu-1/heqingz/CrossCarrier_Core6_FullSuite_20260924/manifests/core6_source/77GHz.csv,63,1,1,0636dc34b0d1ff8149bf6312e265154c5742e06f7c808eae91f3a69c114ffb22
/arc/project/st-zliu-1/heqingz/datasets/domainGenDataset_core_movements/77GHz/Bend/04080030_1574457991_Raw_0.png,77GHz,Bend,train,,/scratch/st-zliu-1/heqingz/CrossCarrier_Core6_FullSuite_20260924/manifests/core6_source/77GHz.csv,64,1,1,d47335774666b9b8f02804552c12eabb1dad3512e56a9b92eb98b730caab0849
/arc/project/st-zliu-1/heqingz/datasets/domainGenDataset_core_movements/77GHz/Bend/04080014_1574696876_Raw_0.png,77GHz,Bend,train,,/scratch/st-zliu-1/heqingz/CrossCarrier_Core6_FullSuite_20260924/manifests/core6_source/77GHz.csv,65,1,1,a088a6096729f511e267cc80e5150e0c210cd722254f81a4800f6d063bae322e
/arc/project/st-zliu-1/heqingz/datasets/domainGenDataset_core_movements/77GHz/Bend/04080029_1574627811_Raw_0.png,77GHz,Bend,train,,/scratch/st-zliu-1/heqingz/CrossCarrier_Core6_FullSuite_20260924/manifests/core6_source/77GHz.csv,66,1,1,1955d4fb6918178ff30d1e1880cb7a3846937db246b7d2211bece74a4c411154
/arc/project/st-zliu-1/heqingz/datasets/domainGenDataset_core_movements/77GHz/Bend/04080029_1574115523_Raw_0.png,77GHz,Bend,train,,/scratch/st-zliu-1/heqingz/CrossCarrier_Core6_FullSuite_20260924/manifests/core6_source/77GHz.csv,67,1,1,be48a6649825b01ad96208f2e0991a8eed0c6b00c422e8875f192cb5fc968ba6
/arc/project/st-zliu-1/heqingz/datasets/domainGenDataset_core_movements/77GHz/Bend/04080014_1574696766_Raw_0.png,77GHz,Bend,train,,/scratch/st-zliu-1/heqingz/CrossCarrier_Core6_FullSuite_20260924/manifests/core6_source/77GHz.csv,68,1,1,1d3a82d551d669f72bd9f5be5cea205ae9215b5d557bc822bb4f081488e9107b
/arc/project/st-zliu-1/heqingz/datasets/domainGenDataset_core_movements/77GHz/Bend/04080010_1573837689_Raw_0.png,77GHz,Bend,train,,/scratch/st-zliu-1/heqingz/CrossCarrier_Core6_FullSuite_20260924/manifests/core6_source/77GHz.csv,69,1,1,c1894a269c33b5577f3b1fc9527490dd05c9d74b1d22ee22191f51495eda1d69
/arc/project/st-zliu-1/heqingz/datasets/domainGenDataset_core_movements/77GHz/Bend/04080014_1574696838_Raw_0.png,77GHz,Bend,train,,/scratch/st-zliu-1/heqingz/CrossCarrier_Core6_FullSuite_20260924/manifests/core6_source/77GHz.csv,70,1,1,c83f8bf333b7e8a37575a4e9ea66d76fd7b029e2b2ee82ba8cc8fb170ee7855b
/arc/project/st-zliu-1/heqingz/datasets/domainGenDataset_core_movements/77GHz/Bend/04080029_1574627793_Raw_0.png,77GHz,Bend,train,,/scratch/st-zliu-1/heqingz/CrossCarrier_Core6_FullSuite_20260924/manifests/core6_source/77GHz.csv,71,1,1,ae8d55de6f3c9016025a0a3093bb5df715c3249f4e84149a88d488c865d11660
/arc/project/st-zliu-1/heqingz/datasets/domainGenDataset_core_movements/77GHz/Bend/04080029_1574628042_Raw_0.png,77GHz,Bend,train,,/scratch/st-zliu-1/heqingz/CrossCarrier_Core6_FullSuite_20260924/manifests/core6_source/77GHz.csv,72,1,1,6797d312e4ad643dc8d5053274465d5ebcf23b5dc635c495a655194f9334ae50
/arc/project/st-zliu-1/heqingz/datasets/domainGenDataset_core_movements/77GHz/Bend/04080014_1574696914_Raw_0.png,77GHz,Bend,train,,/scratch/st-zliu-1/heqingz/CrossCarrier_Core6_FullSuite_20260924/manifests/core6_source/77GHz.csv,73,1,1,c93c4bed35e735f664f80406a1a0d57a6cc9778aab55a2af6aa182acbc681280
/arc/project/st-zliu-1/heqingz/datasets/domainGenDataset_core_movements/77GHz/Bend/04080010_1573837785_Raw_0.png,77GHz,Bend,train,,/scratch/st-zliu-1/heqingz/CrossCarrier_Core6_FullSuite_20260924/manifests/core6_source/77GHz.csv,74,1,1,cf53afc5b25be14de7b562ce8e203a5b9e2a59ae022a056de8d17b5e41635484
/arc/project/st-zliu-1/heqingz/datasets/domainGenDataset_core_movements/77GHz/Bend/04080010_1573837709_Raw_0.png,77GHz,Bend,train,,/scratch/st-zliu-1/heqingz/CrossCarrier_Core6_FullSuite_20260924/manifests/core6_source/77GHz.csv,75,1,1,d26518957e6b3fa0ef1f4f57827c14899526e198e476f95c149d9394f87db2d9
/arc/project/st-zliu-1/heqingz/datasets/domainGenDataset_core_movements/77GHz/Bend/04080014_1574696801_Raw_0.png,77GHz,Bend,train,,/scratch/st-zliu-1/heqingz/CrossCarrier_Core6_FullSuite_20260924/manifests/core6_source/77GHz.csv,76,1,1,0860245f0def67cc30dd7e0640ae1bf26ff420bad45238ef3f6557c33af2019e
/arc/project/st-zliu-1/heqingz/datasets/domainGenDataset_core_movements/77GHz/Bend/04080029_1574115619_Raw_0.png,77GHz,Bend,train,,/scratch/st-zliu-1/heqingz/CrossCarrier_Core6_FullSuite_20260924/manifests/core6_source/77GHz.csv,77,1,1,9888be58eddbe33a28ab98d7184de740b158083351735b718e03d98228abc4d9
/arc/project/st-zliu-1/heqingz/datasets/domainGenDataset_core_movements/77GHz/Bend/04080029_1574115601_Raw_0.png,77GHz,Bend,train,,/scratch/st-zliu-1/heqingz/CrossCarrier_Core6_FullSuite_20260924/manifests/core6_source/77GHz.csv,78,1,1,f105c2fe2316f9298661797f1f1a24e5f8427b6303c58a4db04734956e030855
/arc/project/st-zliu-1/heqingz/datasets/domainGenDataset_core_movements/77GHz/Bend/04080030_1574194941_Raw_0.png,77GHz,Bend,train,,/scratch/st-zliu-1/heqingz/CrossCarrier_Core6_FullSuite_20260924/manifests/core6_source/77GHz.csv,79,1,1,a6dedb35eab4a6beb3300847fd068d645cc2c30ed27e077294f3d60a21d6ef4c
/arc/project/st-zliu-1/heqingz/datasets/domainGenDataset_core_movements/77GHz/Bend/04080030_1574195000_Raw_0.png,77GHz,Bend,train,,/scratch/st-zliu-1/heqingz/CrossCarrier_Core6_FullSuite_20260924/manifests/core6_source/77GHz.csv,80,1,1,7663e4adee5518e312cf38842edd69ce2d38ec8b9e36a152021269b00c5ffcf0
/arc/project/st-zliu-1/heqingz/datasets/domainGenDataset_core_movements/77GHz/Bend/04080010_1573837822_Raw_0.png,77GHz,Bend,train,,/scratch/st-zliu-1/heqingz/CrossCarrier_Core6_FullSuite_20260924/manifests/core6_source/77GHz.csv,81,1,1,f4cf10ebd6b0c781eecc7b384cfaa19bd89dcc76552ba2114680810452362c8d
/arc/project/st-zliu-1/heqingz/datasets/domainGenDataset_core_movements/77GHz/Bend/04080029_1574115541_Raw_0.png,77GHz,Bend,train,,/scratch/st-zliu-1/heqingz/CrossCarrier_Core6_FullSuite_20260924/manifests/core6_source/77GHz.csv,82,1,1,4ffb7b9ecad022228f4474673c7c018d0aa521fa5295a09c432b9b324146d613
/arc/project/st-zliu-1/heqingz/datasets/domainGenDataset_core_movements/77GHz/Bend/04080014_1574696894_Raw_0.png,77GHz,Bend,train,,/scratch/st-zliu-1/heqingz/CrossCarrier_Core6_FullSuite_20260924/manifests/core6_source/77GHz.csv,83,1,1,6819c15d62db68eb25d13d683529ed36fce2504a283580c969d35f1753cfb6fc
/arc/project/st-zliu-1/heqingz/datasets/domainGenDataset_core_movements/77GHz/Bend/04080010_1573837803_Raw_0.png,77GHz,Bend,train,,/scratch/st-zliu-1/heqingz/CrossCarrier_Core6_FullSuite_20260924/manifests/core6_source/77GHz.csv,84,1,1,8a3ec48fc8a6e8521c16c13d6a0ffec60044c837fe00e672fc9bff19f5de65f2
/arc/project/st-zliu-1/heqingz/datasets/domainGenDataset_core_movements/77GHz/Bend/04080030_1574194692_Raw_0.png,77GHz,Bend,train,,/scratch/st-zliu-1/heqingz/CrossCarrier_Core6_FullSuite_20260924/manifests/core6_source/77GHz.csv,85,1,1,200a9d3d27c54d8b7aebbbfa72fd056c0c69f7fc042c4d8c9859076e6ba88f3e
/arc/project/st-zliu-1/heqingz/datasets/domainGenDataset_core_movements/77GHz/Bend/04080030_1574458060_Raw_0.png,77GHz,Bend,train,,/scratch/st-zliu-1/heqingz/CrossCarrier_Core6_FullSuite_20260924/manifests/core6_source/77GHz.csv,86,1,1,048da1f41092a2fbc62bdab35d9c612fb024f65b26c76454d77f7ec5749dd607
/arc/project/st-zliu-1/heqingz/datasets/domainGenDataset_core_movements/77GHz/Bend/04080029_1574115504_Raw_0.png,77GHz,Bend,train,,/scratch/st-zliu-1/heqingz/CrossCarrier_Core6_FullSuite_20260924/manifests/core6_source/77GHz.csv,87,1,1,9dfb3b970908812495e3717195cf804c3a896179ccee315876c5693d3a073dd3
/arc/project/st-zliu-1/heqingz/datasets/domainGenDataset_core_movements/77GHz/Bend/04080030_1574458078_Raw_0.png,77GHz,Bend,train,,/scratch/st-zliu-1/heqingz/CrossCarrier_Core6_FullSuite_20260924/manifests/core6_source/77GHz.csv,88,1,1,caf1d04e4c2bdd697b7b9951199dbafd2b3dc80019da38f4be927dc20f30eecd
/arc/project/st-zliu-1/heqingz/datasets/domainGenDataset_core_movements/77GHz/Bend/04080030_1574458157_Raw_0.png,77GHz,Bend,train,,/scratch/st-zliu-1/heqingz/CrossCarrier_Core6_FullSuite_20260924/manifests/core6_source/77GHz.csv,89,1,1,cf687d1101c11cd48245b21dcffcb1657efed3c363bbcfae496ef24f6a2d656b
/arc/project/st-zliu-1/heqingz/datasets/domainGenDataset_core_movements/77GHz/Bend/04080030_1574458139_Raw_0.png,77GHz,Bend,train,,/scratch/st-zliu-1/heqingz/CrossCarrier_Core6_FullSuite_20260924/manifests/core6_source/77GHz.csv,90,1,1,c48c09881c31ca98388c95674c8d9d3d82d26de1185559260c0f3444471b293c
/arc/project/st-zliu-1/heqingz/datasets/domainGenDataset_core_movements/77GHz/Bend/04080029_1574115580_Raw_0.png,77GHz,Bend,train,,/scratch/st-zliu-1/heqingz/CrossCarrier_Core6_FullSuite_20260924/manifests/core6_source/77GHz.csv,91,1,1,cbe28a63bc1951225fcff54b6ec57dc740fd961cdbdbba7e0b19f15e4b4b4fc0
/arc/project/st-zliu-1/heqingz/datasets/domainGenDataset_core_movements/77GHz/Bend/04080029_1574628024_Raw_0.png,77GHz,Bend,train,,/scratch/st-zliu-1/heqingz/CrossCarrier_Core6_FullSuite_20260924/manifests/core6_source/77GHz.csv,92,1,1,2c9064755f6ad09c217115793e1c7eaf00da876e37da1be60699376ca7bc9249
/arc/project/st-zliu-1/heqingz/datasets/domainGenDataset_core_movements/77GHz/Bend/04080014_1574696941_Raw_0.png,77GHz,Bend,train,,/scratch/st-zliu-1/heqingz/CrossCarrier_Core6_FullSuite_20260924/manifests/core6_source/77GHz.csv,93,1,1,d41d915aa3c1a08677707f43f56472b18b836752543bab24f23f90236c9efd32
/arc/project/st-zliu-1/heqingz/datasets/domainGenDataset_core_movements/77GHz/Bend/04080030_1574458011_Raw_0.png,77GHz,Bend,train,,/scratch/st-zliu-1/heqingz/CrossCarrier_Core6_FullSuite_20260924/manifests/core6_source/77GHz.csv,94,1,1,2979fb3d29700e731384036a8b42ccf393e0920c81de89ee535aec3d7bb6b991
/arc/project/st-zliu-1/heqingz/datasets/domainGenDataset_core_movements/77GHz/Bend/04080029_1574627830_Raw_0.png,77GHz,Bend,train,,/scratch/st-zliu-1/heqingz/CrossCarrier_Core6_FullSuite_20260924/manifests/core6_source/77GHz.csv,95,1,1,c97586b074ac1a2a20fc807258691c241f702bc2a04b7e14ba04259935ae8a72
/arc/project/st-zliu-1/heqingz/datasets/domainGenDataset_core_movements/77GHz/Bend/04080030_1574195059_Raw_0.png,77GHz,Bend,train,,/scratch/st-zliu-1/heqingz/CrossCarrier_Core6_FullSuite_20260924/manifests/core6_source/77GHz.csv,96,1,1,5459c60d5332c8f686e4c9696f099cd7761e5f77dcfbf656a21fcc6e8d558042
/arc/project/st-zliu-1/heqingz/datasets/domainGenDataset_core_movements/77GHz/Bend/04080030_1574194962_Raw_0.png,77GHz,Bend,train,,/scratch/st-zliu-1/heqingz/CrossCarrier_Core6_FullSuite_20260924/manifests/core6_source/77GHz.csv,97,1,1,ee2a2d43e5116824a2364bdcfc44690de50dc02f4c5f56ba83098e53c0d9b186
/arc/project/st-zliu-1/heqingz/datasets/domainGenDataset_core_movements/77GHz/Bend/04080014_1574696856_Raw_0.png,77GHz,Bend,train,,/scratch/st-zliu-1/heqingz/CrossCarrier_Core6_FullSuite_20260924/manifests/core6_source/77GHz.csv,98,1,1,5d886d50147fc79eda996016a5d85ee41cf1ac613e2c1257f704d3974a2bb64a
/arc/project/st-zliu-1/heqingz/datasets/domainGenDataset_core_movements/77GHz/Bend/04080030_1574458096_Raw_0.png,77GHz,Bend,train,,/scratch/st-zliu-1/heqingz/CrossCarrier_Core6_FullSuite_20260924/manifests/core6_source/77GHz.csv,99,1,1,2490cd7cea7446f26e3d9b954a6d5eb2bc19a559864b3a915eb2c488be4d96b6
/arc/project/st-zliu-1/heqingz/datasets/domainGenDataset_core_movements/77GHz/Bend/04080029_1574627935_Raw_0.png,77GHz,Bend,train,,/scratch/st-zliu-1/heqingz/CrossCarrier_Core6_FullSuite_20260924/manifests/core6_source/77GHz.csv,100,1,1,02da456c98eceaee040d321ac2d9d823272aea0babf141e269d9088e3debc872
/arc/project/st-zliu-1/heqingz/datasets/domainGenDataset_core_movements/77GHz/Bend/04080030_1574195019_Raw_0.png,77GHz,Bend,train,,/scratch/st-zliu-1/heqingz/CrossCarrier_Core6_FullSuite_20260924/manifests/core6_source/77GHz.csv,101,1,1,905020729d2284f45a8941c1876456ec288c0d9dbd5690a63f2695d1be7b7121
/arc/project/st-zliu-1/heqingz/datasets/domainGenDataset_core_movements/77GHz/Bend/04080029_1574115561_Raw_0.png,77GHz,Bend,train,,/scratch/st-zliu-1/heqingz/CrossCarrier_Core6_FullSuite_20260924/manifests/core6_source/77GHz.csv,102,1,1,c722d5692bcfb15aee6e334af327a3b358d7ee00058189bc1aab9548b731cfe3
/arc/project/st-zliu-1/heqingz/datasets/domainGenDataset_core_movements/77GHz/Kneel/04100030_1574195462_Raw_0.png,77GHz,Kneel,train,,/scratch/st-zliu-1/heqingz/CrossCarrier_Core6_FullSuite_20260924/manifests/core6_source/77GHz.csv,121,2,1,a71e1b61bdd97299c5c537307ad75abae08ca105dac5c829edee514c571cb184
/arc/project/st-zliu-1/heqingz/datasets/domainGenDataset_core_movements/77GHz/Kneel/04100014_1574698222_Raw_0.png,77GHz,Kneel,train,,/scratch/st-zliu-1/heqingz/CrossCarrier_Core6_FullSuite_20260924/manifests/core6_source/77GHz.csv,122,2,1,04e95e341f4250d6875c57169c8081b0ffd6338f8f03bff6313942d846bd62d3
/arc/project/st-zliu-1/heqingz/datasets/domainGenDataset_core_movements/77GHz/Kneel/04100010_1573838603_Raw_0.png,77GHz,Kneel,train,,/scratch/st-zliu-1/heqingz/CrossCarrier_Core6_FullSuite_20260924/manifests/core6_source/77GHz.csv,123,2,1,d3b663fd76d13a8958f5b074611b80811f2cc114c8466147091d306c63fc9051
/arc/project/st-zliu-1/heqingz/datasets/domainGenDataset_core_movements/77GHz/Kneel/04100014_1574698203_Raw_0.png,77GHz,Kneel,train,,/scratch/st-zliu-1/heqingz/CrossCarrier_Core6_FullSuite_20260924/manifests/core6_source/77GHz.csv,124,2,1,8495f4f5c902866f33195d6397d6a65246d2d5ecd021f268fa678220426bef11
/arc/project/st-zliu-1/heqingz/datasets/domainGenDataset_core_movements/77GHz/Kneel/04100030_1574195802_Raw_0.png,77GHz,Kneel,train,,/scratch/st-zliu-1/heqingz/CrossCarrier_Core6_FullSuite_20260924/manifests/core6_source/77GHz.csv,125,2,1,85a3e6523b323a91d795897ad3fdc5e087116f3fbb01a2b3e05bf729bd2846ec
/arc/project/st-zliu-1/heqingz/datasets/domainGenDataset_core_movements/77GHz/Kneel/04100010_1573838508_Raw_0.png,77GHz,Kneel,train,,/scratch/st-zliu-1/heqingz/CrossCarrier_Core6_FullSuite_20260924/manifests/core6_source/77GHz.csv,126,2,1,884d8dbafa1231da7144f3d63bb5e8530ea5134f29a1adb79358109307fa2470
/arc/project/st-zliu-1/heqingz/datasets/domainGenDataset_core_movements/77GHz/Kneel/04100029_1574628503_Raw_0.png,77GHz,Kneel,train,,/scratch/st-zliu-1/heqingz/CrossCarrier_Core6_FullSuite_20260924/manifests/core6_source/77GHz.csv,127,2,1,8697d30a60c1157d9c4ee406172b630d80cb218375dcc9bbb944ebc840d57f76
/arc/project/st-zliu-1/heqingz/datasets/domainGenDataset_core_movements/77GHz/Kneel/04100030_1574458902_Raw_0.png,77GHz,Kneel,train,,/scratch/st-zliu-1/heqingz/CrossCarrier_Core6_FullSuite_20260924/manifests/core6_source/77GHz.csv,128,2,1,47acffab977588c191acc60560e64e19474eb2fe169a9dbc2503607b17ce22b4
/arc/project/st-zliu-1/heqingz/datasets/domainGenDataset_core_movements/77GHz/Kneel/04100014_1574698089_Raw_0.png,77GHz,Kneel,train,,/scratch/st-zliu-1/heqingz/CrossCarrier_Core6_FullSuite_20260924/manifests/core6_source/77GHz.csv,129,2,1,f4e451b2771994431fa8f2456adcc7eb21bc489a7ac34a3be24f1e108b1b6d55
/arc/project/st-zliu-1/heqingz/datasets/domainGenDataset_core_movements/77GHz/Kneel/04100014_1574698185_Raw_0.png,77GHz,Kneel,train,,/scratch/st-zliu-1/heqingz/CrossCarrier_Core6_FullSuite_20260924/manifests/core6_source/77GHz.csv,130,2,1,732bbcd2ccf7fe2f3f462fe295573b3f6a11b2f500eb8819e36b6284308a5ba9
/arc/project/st-zliu-1/heqingz/datasets/domainGenDataset_core_movements/77GHz/Kneel/04100029_1574628579_Raw_0.png,77GHz,Kneel,train,,/scratch/st-zliu-1/heqingz/CrossCarrier_Core6_FullSuite_20260924/manifests/core6_source/77GHz.csv,131,2,1,f2f1ac693b4f4ec60d728b437af13f503b90021acd3327304d45030209fde3de
/arc/project/st-zliu-1/heqingz/datasets/domainGenDataset_core_movements/77GHz/Kneel/04100014_1574698165_Raw_0.png,77GHz,Kneel,train,,/scratch/st-zliu-1/heqingz/CrossCarrier_Core6_FullSuite_20260924/manifests/core6_source/77GHz.csv,132,2,1,efe4016e93786564a5c4f8a9e7baf04263efcf94c8f0c801a2136ab5f9d1ca7c
/arc/project/st-zliu-1/heqingz/datasets/domainGenDataset_core_movements/77GHz/Kneel/04100029_1574116103_Raw_0.png,77GHz,Kneel,train,,/scratch/st-zliu-1/heqingz/CrossCarrier_Core6_FullSuite_20260924/manifests/core6_source/77GHz.csv,133,2,1,f2230595a7b95ad8bd34d528173e31f633ddceb2627ce17cb6e864a76e84dc77
/arc/project/st-zliu-1/heqingz/datasets/domainGenDataset_core_movements/77GHz/Kneel/04100010_1573838489_Raw_0.png,77GHz,Kneel,train,,/scratch/st-zliu-1/heqingz/CrossCarrier_Core6_FullSuite_20260924/manifests/core6_source/77GHz.csv,134,2,1,ae80df42c43c73427e4797b82f82b2360118e8d96f9f80f129ea1bc4320485f7
/arc/project/st-zliu-1/heqingz/datasets/domainGenDataset_core_movements/77GHz/Kneel/04100030_1574458850_Raw_0.png,77GHz,Kneel,train,,/scratch/st-zliu-1/heqingz/CrossCarrier_Core6_FullSuite_20260924/manifests/core6_source/77GHz.csv,135,2,1,05cf91a700d50ff5d3274770e41eb280e23c195a391d69881b7881389ff6317b
/arc/project/st-zliu-1/heqingz/datasets/domainGenDataset_core_movements/77GHz/Kneel/04100014_1574698031_Raw_0.png,77GHz,Kneel,train,,/scratch/st-zliu-1/heqingz/CrossCarrier_Core6_FullSuite_20260924/manifests/core6_source/77GHz.csv,136,2,1,eb56acec7f72f96f890762f390cc5c4a3cf9d65ed31ea6ce50a335381fdc41e7
/arc/project/st-zliu-1/heqingz/datasets/domainGenDataset_core_movements/77GHz/Kneel/04100030_1574195482_Raw_0.png,77GHz,Kneel,train,,/scratch/st-zliu-1/heqingz/CrossCarrier_Core6_FullSuite_20260924/manifests/core6_source/77GHz.csv,137,2,1,e24c43d5fb744bbc281dff0674ad55ae702148c5adfc44b992869910955e0ea1
/arc/project/st-zliu-1/heqingz/datasets/domainGenDataset_core_movements/77GHz/Kneel/04100029_1574116141_Raw_0.png,77GHz,Kneel,train,,/scratch/st-zliu-1/heqingz/CrossCarrier_Core6_FullSuite_20260924/manifests/core6_source/77GHz.csv,138,2,1,2bca1310d157ceb4265312c218727e9882137efe807d02e8e711282c9dd09d0c
/arc/project/st-zliu-1/heqingz/datasets/domainGenDataset_core_movements/77GHz/Kneel/04100030_1574459016_Raw_0.png,77GHz,Kneel,train,,/scratch/st-zliu-1/heqingz/CrossCarrier_Core6_FullSuite_20260924/manifests/core6_source/77GHz.csv,139,2,1,36628e921bf6d630179819173fad676d4db112dad013210a63e435eb0644078d
/arc/project/st-zliu-1/heqingz/datasets/domainGenDataset_core_movements/77GHz/Kneel/04100029_1574628522_Raw_0.png,77GHz,Kneel,train,,/scratch/st-zliu-1/heqingz/CrossCarrier_Core6_FullSuite_20260924/manifests/core6_source/77GHz.csv,140,2,1,85f5437ee90e3b7a8cdb88b2e4491044523bf8a9f9ea0f6a9a7794886563cab9
/arc/project/st-zliu-1/heqingz/datasets/domainGenDataset_core_movements/77GHz/Kneel/04100014_1574698108_Raw_0.png,77GHz,Kneel,train,,/scratch/st-zliu-1/heqingz/CrossCarrier_Core6_FullSuite_20260924/manifests/core6_source/77GHz.csv,141,2,1,297f470abc7473960148e4f7dc85c3d52da35579698cd4fe5c9caeb99725edbb
/arc/project/st-zliu-1/heqingz/datasets/domainGenDataset_core_movements/77GHz/Kneel/04100030_1574458884_Raw_0.png,77GHz,Kneel,train,,/scratch/st-zliu-1/heqingz/CrossCarrier_Core6_FullSuite_20260924/manifests/core6_source/77GHz.csv,142,2,1,09667bbc262251e9f096a1703ba45df55a44d592c7e172513c72f89b9c37c240
/arc/project/st-zliu-1/heqingz/datasets/domainGenDataset_core_movements/77GHz/Kneel/04100029_1574628598_Raw_0.png,77GHz,Kneel,train,,/scratch/st-zliu-1/heqingz/CrossCarrier_Core6_FullSuite_20260924/manifests/core6_source/77GHz.csv,143,2,1,4ded9fd8afcc086c67b53857bb761d7cc7357e6ed532a5ed618bc340e4139487
/arc/project/st-zliu-1/heqingz/datasets/domainGenDataset_core_movements/77GHz/Kneel/04100010_1573838448_Raw_0.png,77GHz,Kneel,train,,/scratch/st-zliu-1/heqingz/CrossCarrier_Core6_FullSuite_20260924/manifests/core6_source/77GHz.csv,144,2,1,13fdfa46a2b806b87e0df6efd7ba6ec9459b0a9f88195b04d6a23b693a20a007
/arc/project/st-zliu-1/heqingz/datasets/domainGenDataset_core_movements/77GHz/Kneel/04100030_1574458866_Raw_0.png,77GHz,Kneel,train,,/scratch/st-zliu-1/heqingz/CrossCarrier_Core6_FullSuite_20260924/manifests/core6_source/77GHz.csv,145,2,1,9aebb180e515bdfc063b9de960d4b05aef9f4cbd60185c96a0951fa7c0168e7e
/arc/project/st-zliu-1/heqingz/datasets/domainGenDataset_core_movements/77GHz/Kneel/04100010_1573838526_Raw_0.png,77GHz,Kneel,train,,/scratch/st-zliu-1/heqingz/CrossCarrier_Core6_FullSuite_20260924/manifests/core6_source/77GHz.csv,146,2,1,9afc588244a0529d6a4f13c5d6ef9138c2c755b824d37e48e8910bd7d3ce2500
/arc/project/st-zliu-1/heqingz/datasets/domainGenDataset_core_movements/77GHz/Kneel/04100029_1574116027_Raw_0.png,77GHz,Kneel,train,,/scratch/st-zliu-1/heqingz/CrossCarrier_Core6_FullSuite_20260924/manifests/core6_source/77GHz.csv,147,2,1,bb2d17ac2ba88f32febdf0201708988a7f14eb52c47875b4938a81fb1dda9781
/arc/project/st-zliu-1/heqingz/datasets/domainGenDataset_core_movements/77GHz/Kneel/04100029_1574628634_Raw_0.png,77GHz,Kneel,train,,/scratch/st-zliu-1/heqingz/CrossCarrier_Core6_FullSuite_20260924/manifests/core6_source/77GHz.csv,148,2,1,33db93989531671e0085cedf22b17e6dce5647c0672b32f52cfdae4f598ea0ac
/arc/project/st-zliu-1/heqingz/datasets/domainGenDataset_core_movements/77GHz/Kneel/04100029_1574116046_Raw_0.png,77GHz,Kneel,train,,/scratch/st-zliu-1/heqingz/CrossCarrier_Core6_FullSuite_20260924/manifests/core6_source/77GHz.csv,149,2,1,04785954e9ee7293bf810c582ffdb0fb92fe2246902a4a6999fea8d2edd1f60b
/arc/project/st-zliu-1/heqingz/datasets/domainGenDataset_core_movements/77GHz/Kneel/04100014_1574698067_Raw_0.png,77GHz,Kneel,train,,/scratch/st-zliu-1/heqingz/CrossCarrier_Core6_FullSuite_20260924/manifests/core6_source/77GHz.csv,150,2,1,a236615752f5dc1fa143ab264f32678b85235c20095c6399b6ee218426fd6a10
/arc/project/st-zliu-1/heqingz/datasets/domainGenDataset_core_movements/77GHz/Kneel/04100030_1574195502_Raw_0.png,77GHz,Kneel,train,,/scratch/st-zliu-1/heqingz/CrossCarrier_Core6_FullSuite_20260924/manifests/core6_source/77GHz.csv,151,2,1,b6c805487d1c1eccb685e56b7d031c31d2192bfb9e6a10b36b9fafd7937c0439
/arc/project/st-zliu-1/heqingz/datasets/domainGenDataset_core_movements/77GHz/Kneel/04100030_1574458956_Raw_0.png,77GHz,Kneel,train,,/scratch/st-zliu-1/heqingz/CrossCarrier_Core6_FullSuite_20260924/manifests/core6_source/77GHz.csv,152,2,1,0b5cd79adf1faec383f27be3b2a0c5561219c68155fffd918b850d79f0cc24fc
/arc/project/st-zliu-1/heqingz/datasets/domainGenDataset_core_movements/77GHz/Kneel/04100014_1574698146_Raw_0.png,77GHz,Kneel,train,,/scratch/st-zliu-1/heqingz/CrossCarrier_Core6_FullSuite_20260924/manifests/core6_source/77GHz.csv,153,2,1,3d2b081ebfab52b916a206b67c1cc555c0cca77b4a92a9671b85688d5bfa9739
/arc/project/st-zliu-1/heqingz/datasets/domainGenDataset_core_movements/77GHz/Kneel/04100010_1573838430_Raw_0.png,77GHz,Kneel,train,,/scratch/st-zliu-1/heqingz/CrossCarrier_Core6_FullSuite_20260924/manifests/core6_source/77GHz.csv,154,2,1,8d63813ff7a01865d39ad294b712bc6bcabfba8c634534567fe68faa4e7427ef
/arc/project/st-zliu-1/heqingz/datasets/domainGenDataset_core_movements/77GHz/Kneel/04100029_1574115915_Raw_0.png,77GHz,Kneel,train,,/scratch/st-zliu-1/heqingz/CrossCarrier_Core6_FullSuite_20260924/manifests/core6_source/77GHz.csv,155,2,1,dbbbb2bdbf8095fadb2a3afcdda4a814d357e338841ee0c1ed3c06a66f066918
/arc/project/st-zliu-1/heqingz/datasets/domainGenDataset_core_movements/77GHz/Kneel/04100010_1573838544_Raw_0.png,77GHz,Kneel,train,,/scratch/st-zliu-1/heqingz/CrossCarrier_Core6_FullSuite_20260924/manifests/core6_source/77GHz.csv,156,2,1,7d7809af12a366cc71ebe5bc9bba776a56961ead1a8cf66712c671cfa025d288
/arc/project/st-zliu-1/heqingz/datasets/domainGenDataset_core_movements/77GHz/Kneel/04100030_1574458991_Raw_0.png,77GHz,Kneel,train,,/scratch/st-zliu-1/heqingz/CrossCarrier_Core6_FullSuite_20260924/manifests/core6_source/77GHz.csv,157,2,1,f845491a912bfd5f3d8ee4d0e7a1b1e3a46d7aee1cc7aa30e57d312e666d0161
/arc/project/st-zliu-1/heqingz/datasets/domainGenDataset_core_movements/77GHz/Kneel/04100030_1574458920_Raw_0.png,77GHz,Kneel,train,,/scratch/st-zliu-1/heqingz/CrossCarrier_Core6_FullSuite_20260924/manifests/core6_source/77GHz.csv,158,2,1,c65bcd25a9352828754786f0c628e15de8ae72a6d1c17b696baccf38d5a61429
/arc/project/st-zliu-1/heqingz/datasets/domainGenDataset_core_movements/77GHz/Kneel/04100030_1574195442_Raw_0.png,77GHz,Kneel,train,,/scratch/st-zliu-1/heqingz/CrossCarrier_Core6_FullSuite_20260924/manifests/core6_source/77GHz.csv,159,2,1,a23bd059878b429267fe5b47700abf186733c059b008b07e61ce283266e6d330
/arc/project/st-zliu-1/heqingz/datasets/domainGenDataset_core_movements/77GHz/Kneel/04100010_1573838584_Raw_0.png,77GHz,Kneel,train,,/scratch/st-zliu-1/heqingz/CrossCarrier_Core6_FullSuite_20260924/manifests/core6_source/77GHz.csv,160,2,1,a4cc7a6a5d3855af3df5db1d8bcdd5e01e134c777e4631c885c7c5fc9d44cf06
/arc/project/st-zliu-1/heqingz/datasets/domainGenDataset_core_movements/77GHz/Kneel/04100014_1574698127_Raw_0.png,77GHz,Kneel,train,,/scratch/st-zliu-1/heqingz/CrossCarrier_Core6_FullSuite_20260924/manifests/core6_source/77GHz.csv,161,2,1,79effb9542929d8dc37f97a911b0463b0fcfdfa09dd9aea5308ecbc0d4afe86f
/arc/project/st-zliu-1/heqingz/datasets/domainGenDataset_core_movements/77GHz/Kneel/04100029_1574116064_Raw_0.png,77GHz,Kneel,train,,/scratch/st-zliu-1/heqingz/CrossCarrier_Core6_FullSuite_20260924/manifests/core6_source/77GHz.csv,162,2,1,416d04917c945410590f952d3c23e2c0ed43dd6709b9fb541bed51e42425476c
/arc/project/st-zliu-1/heqingz/datasets/domainGenDataset_core_movements/77GHz/Pick/04070029_1574115158_Raw_0.png,77GHz,Pick,train,,/scratch/st-zliu-1/heqingz/CrossCarrier_Core6_FullSuite_20260924/manifests/core6_source/77GHz.csv,183,3,1,1764dc6ba8b8786c782eeafcc0c9e5ea2d9d841d69caa99c76bffda3af1ccf40
/arc/project/st-zliu-1/heqingz/datasets/domainGenDataset_core_movements/77GHz/Pick/04070014_1574696535_Raw_0.png,77GHz,Pick,train,,/scratch/st-zliu-1/heqingz/CrossCarrier_Core6_FullSuite_20260924/manifests/core6_source/77GHz.csv,184,3,1,9c43ea34bcd87870143cea170120d1f4f6c9d2d872b66aa4fd534129f8bc578e
/arc/project/st-zliu-1/heqingz/datasets/domainGenDataset_core_movements/77GHz/Pick/04070030_1574457169_Raw_0.png,77GHz,Pick,train,,/scratch/st-zliu-1/heqingz/CrossCarrier_Core6_FullSuite_20260924/manifests/core6_source/77GHz.csv,185,3,1,ef68d57ddb545f89cf5299960f4ec7ea49a3a50b500d54738a6411e18726d01b
/arc/project/st-zliu-1/heqingz/datasets/domainGenDataset_core_movements/77GHz/Pick/04070010_1573837641_Raw_0.png,77GHz,Pick,train,,/scratch/st-zliu-1/heqingz/CrossCarrier_Core6_FullSuite_20260924/manifests/core6_source/77GHz.csv,186,3,1,0062e91cf599ce29720fc967020a78df7a3def8f4a6df83473043b8c7d560c0b
/arc/project/st-zliu-1/heqingz/datasets/domainGenDataset_core_movements/77GHz/Pick/04070010_1573837435_Raw_0.png,77GHz,Pick,train,,/scratch/st-zliu-1/heqingz/CrossCarrier_Core6_FullSuite_20260924/manifests/core6_source/77GHz.csv,187,3,1,d3db549b4be6f43cf097effe57e10e6366b8f79c9f76e8255e2f64fbe26b8539
/arc/project/st-zliu-1/heqingz/datasets/domainGenDataset_core_movements/77GHz/Pick/04070010_1573837593_Raw_0.png,77GHz,Pick,train,,/scratch/st-zliu-1/heqingz/CrossCarrier_Core6_FullSuite_20260924/manifests/core6_source/77GHz.csv,188,3,1,5984217f7058d582b23548af672cf804dab0a5f6a5c73337cb47af4db4da6867
/arc/project/st-zliu-1/heqingz/datasets/domainGenDataset_core_movements/77GHz/Pick/04070014_1574696727_Raw_0.png,77GHz,Pick,train,,/scratch/st-zliu-1/heqingz/CrossCarrier_Core6_FullSuite_20260924/manifests/core6_source/77GHz.csv,189,3,1,e2e622bfcd71dc6a68ba99604bbb9fa14b113d5f56edfa3da96727f9d5567ef5
/arc/project/st-zliu-1/heqingz/datasets/domainGenDataset_core_movements/77GHz/Pick/04070010_1573837478_Raw_0.png,77GHz,Pick,train,,/scratch/st-zliu-1/heqingz/CrossCarrier_Core6_FullSuite_20260924/manifests/core6_source/77GHz.csv,190,3,1,3ac564c8d55f833d12a083dcefa1ae0f2d36ed8573f80be5049629ff6101d440
/arc/project/st-zliu-1/heqingz/datasets/domainGenDataset_core_movements/77GHz/Pick/04070030_1574194444_Raw_0.png,77GHz,Pick,train,,/scratch/st-zliu-1/heqingz/CrossCarrier_Core6_FullSuite_20260924/manifests/core6_source/77GHz.csv,191,3,1,c3a203540f36e17265f48ce8cfc91332edef8909e94b76af97bac9852b486448
/arc/project/st-zliu-1/heqingz/datasets/domainGenDataset_core_movements/77GHz/Pick/04070030_1574457253_Raw_0.png,77GHz,Pick,train,,/scratch/st-zliu-1/heqingz/CrossCarrier_Core6_FullSuite_20260924/manifests/core6_source/77GHz.csv,192,3,1,a9b17792733d2e6232ebec038bb00e0d1fb9282844f50ea249cb22cd93241b97
/arc/project/st-zliu-1/heqingz/datasets/domainGenDataset_core_movements/77GHz/Pick/04070030_1574457190_Raw_0.png,77GHz,Pick,train,,/scratch/st-zliu-1/heqingz/CrossCarrier_Core6_FullSuite_20260924/manifests/core6_source/77GHz.csv,193,3,1,5e11a67ba8c5906b66f87bc66b20659fbfdaaea39a75580c9e605fd4948aafa5
/arc/project/st-zliu-1/heqingz/datasets/domainGenDataset_core_movements/77GHz/Pick/04070029_1574627743_Raw_0.png,77GHz,Pick,train,,/scratch/st-zliu-1/heqingz/CrossCarrier_Core6_FullSuite_20260924/manifests/core6_source/77GHz.csv,194,3,1,c43b254275f2202459d629312d82a703e38614462f00e57cd06e2e7db77a63f2
/arc/project/st-zliu-1/heqingz/datasets/domainGenDataset_core_movements/77GHz/Pick/04070029_1574115178_Raw_0.png,77GHz,Pick,train,,/scratch/st-zliu-1/heqingz/CrossCarrier_Core6_FullSuite_20260924/manifests/core6_source/77GHz.csv,195,3,1,a35e211360a99d60aefaf6b9a365ff4448398ac59e7948f19d5c83a2ea0500bd
/arc/project/st-zliu-1/heqingz/datasets/domainGenDataset_core_movements/77GHz/Pick/04070029_1574627723_Raw_0.png,77GHz,Pick,train,,/scratch/st-zliu-1/heqingz/CrossCarrier_Core6_FullSuite_20260924/manifests/core6_source/77GHz.csv,196,3,1,056fc4322f1b7825a585d6dcc9bbfee4c72bf30262a4f784c45b55077e536951
/arc/project/st-zliu-1/heqingz/datasets/domainGenDataset_core_movements/77GHz/Pick/04070029_1574115138_Raw_0.png,77GHz,Pick,train,,/scratch/st-zliu-1/heqingz/CrossCarrier_Core6_FullSuite_20260924/manifests/core6_source/77GHz.csv,197,3,1,f6d472b427adc1a94c1cdc6fc9567922425bcbfc4cdf4ee49e3b523566f48896
/arc/project/st-zliu-1/heqingz/datasets/domainGenDataset_core_movements/77GHz/Pick/04070030_1574194488_Raw_0 (copy).png,77GHz,Pick,train,,/scratch/st-zliu-1/heqingz/CrossCarrier_Core6_FullSuite_20260924/manifests/core6_source/77GHz.csv,198,3,1,07ba9be1406880f94956e0ff69b0fef9d3de9b35bbede5d4334969a8311a28ba
/arc/project/st-zliu-1/heqingz/datasets/domainGenDataset_core_movements/77GHz/Pick/04070010_1573837456_Raw_0.png,77GHz,Pick,train,,/scratch/st-zliu-1/heqingz/CrossCarrier_Core6_FullSuite_20260924/manifests/core6_source/77GHz.csv,199,3,1,81fe54c5b6a6ee229b923b9e53a3aa7348b971e4d0c7f144ddab035365eef61f
/arc/project/st-zliu-1/heqingz/datasets/domainGenDataset_core_movements/77GHz/Pick/04070010_1573837531_Raw_0.png,77GHz,Pick,train,,/scratch/st-zliu-1/heqingz/CrossCarrier_Core6_FullSuite_20260924/manifests/core6_source/77GHz.csv,200,3,1,aff34e9d4ba0ba512821ea9f952af024f856f8f7c57d22b9b9014796a3765602
/arc/project/st-zliu-1/heqingz/datasets/domainGenDataset_core_movements/77GHz/Pick/04070030_1574194547_Raw_0.png,77GHz,Pick,train,,/scratch/st-zliu-1/heqingz/CrossCarrier_Core6_FullSuite_20260924/manifests/core6_source/77GHz.csv,201,3,1,2aaebdaf622136c79f5b18c71646212ff5d7c6c5b4b2b68821ae425d0dc57991
/arc/project/st-zliu-1/heqingz/datasets/domainGenDataset_core_movements/77GHz/Pick/04070030_1574457274_Raw_0.png,77GHz,Pick,train,,/scratch/st-zliu-1/heqingz/CrossCarrier_Core6_FullSuite_20260924/manifests/core6_source/77GHz.csv,202,3,1,2d73203159ec32e24adcd3fb01b7198f0338dffcca37e8efacb1b1da464c2fcd
/arc/project/st-zliu-1/heqingz/datasets/domainGenDataset_core_movements/77GHz/Pick/04070030_1574194468_Raw_0.png,77GHz,Pick,train,,/scratch/st-zliu-1/heqingz/CrossCarrier_Core6_FullSuite_20260924/manifests/core6_source/77GHz.csv,203,3,1,45ed00b4a86168304cf625d628c01d00d88b32e929906d3c175ede030f8c3b18
/arc/project/st-zliu-1/heqingz/datasets/domainGenDataset_core_movements/77GHz/Pick/04070010_1573837502_Raw_0.png,77GHz,Pick,train,,/scratch/st-zliu-1/heqingz/CrossCarrier_Core6_FullSuite_20260924/manifests/core6_source/77GHz.csv,204,3,1,cc0331a0e2c1f82ec0ea64640b14c8d28f4c9a19ae0acdb4706c9febd0c23873
/arc/project/st-zliu-1/heqingz/datasets/domainGenDataset_core_movements/77GHz/Pick/04070029_1574627388_Raw_0.png,77GHz,Pick,train,,/scratch/st-zliu-1/heqingz/CrossCarrier_Core6_FullSuite_20260924/manifests/core6_source/77GHz.csv,205,3,1,a14b00d5cd7307b0b01c9a9c9820a2f3f987ad9deb232a15388ac35f39e305b3
/arc/project/st-zliu-1/heqingz/datasets/domainGenDataset_core_movements/77GHz/Pick/04070014_1574696638_Raw_0.png,77GHz,Pick,train,,/scratch/st-zliu-1/heqingz/CrossCarrier_Core6_FullSuite_20260924/manifests/core6_source/77GHz.csv,206,3,1,a535c75153368ec48932f9a37a7a3da3f3d9f8429ba2f1191ae7db6a70a91d98
/arc/project/st-zliu-1/heqingz/datasets/domainGenDataset_core_movements/77GHz/Pick/04070030_1574194488_Raw_0.png,77GHz,Pick,train,,/scratch/st-zliu-1/heqingz/CrossCarrier_Core6_FullSuite_20260924/manifests/core6_source/77GHz.csv,207,3,1,07ba9be1406880f94956e0ff69b0fef9d3de9b35bbede5d4334969a8311a28ba
/arc/project/st-zliu-1/heqingz/datasets/domainGenDataset_core_movements/77GHz/Pick/04070030_1574194424_Raw_0.png,77GHz,Pick,train,,/scratch/st-zliu-1/heqingz/CrossCarrier_Core6_FullSuite_20260924/manifests/core6_source/77GHz.csv,208,3,1,5fad15a20b4b3f9291dd4bcc44063340fa94f333911844a5903e2befd642bf2d
/arc/project/st-zliu-1/heqingz/datasets/domainGenDataset_core_movements/77GHz/Pick/04070014_1574696667_Raw_0 (copy).png,77GHz,Pick,train,,/scratch/st-zliu-1/heqingz/CrossCarrier_Core6_FullSuite_20260924/manifests/core6_source/77GHz.csv,209,3,1,72afaf218f93deb75a2a6a04ca674258d9e9c2c175163cad94a864f9ec34cf2a
/arc/project/st-zliu-1/heqingz/datasets/domainGenDataset_core_movements/77GHz/Pick/04070029_1574627347_Raw_0.png,77GHz,Pick,train,,/scratch/st-zliu-1/heqingz/CrossCarrier_Core6_FullSuite_20260924/manifests/core6_source/77GHz.csv,210,3,1,92d76fff970db9ed18274edb182e183862065340522fdc612620e26142b4b13b
/arc/project/st-zliu-1/heqingz/datasets/domainGenDataset_core_movements/77GHz/Pick/04070029_1574115281_Raw_0.png,77GHz,Pick,train,,/scratch/st-zliu-1/heqingz/CrossCarrier_Core6_FullSuite_20260924/manifests/core6_source/77GHz.csv,211,3,1,b0d6af4bc346e8ecb56d218b87fe0fe14d7d82dc0f43e77974815accf9648311
/arc/project/st-zliu-1/heqingz/datasets/domainGenDataset_core_movements/77GHz/Pick/04070010_1573837622_Raw_0.png,77GHz,Pick,train,,/scratch/st-zliu-1/heqingz/CrossCarrier_Core6_FullSuite_20260924/manifests/core6_source/77GHz.csv,212,3,1,c5fdd5df50152b8226c133f485fe21575e16c86dd9d244900c5d5f1730e22e4e
/arc/project/st-zliu-1/heqingz/datasets/domainGenDataset_core_movements/77GHz/Pick/04070029_1574627762_Raw_0.png,77GHz,Pick,train,,/scratch/st-zliu-1/heqingz/CrossCarrier_Core6_FullSuite_20260924/manifests/core6_source/77GHz.csv,213,3,1,7ffa351922c778c8aa87af9acebf8bec24b7fc65a6f02125a27c50d74d3bb543
/arc/project/st-zliu-1/heqingz/datasets/domainGenDataset_core_movements/77GHz/Pick/04070010_1573837550_Raw_0.png,77GHz,Pick,train,,/scratch/st-zliu-1/heqingz/CrossCarrier_Core6_FullSuite_20260924/manifests/core6_source/77GHz.csv,214,3,1,24a92c57613351ea42655b53588ea46942eac9203f84307ca21e89e4595b00e5
/arc/project/st-zliu-1/heqingz/datasets/domainGenDataset_core_movements/77GHz/Pick/04070029_1574115399_Raw_0.png,77GHz,Pick,train,,/scratch/st-zliu-1/heqingz/CrossCarrier_Core6_FullSuite_20260924/manifests/core6_source/77GHz.csv,215,3,1,608f97527d15d5a5929abbc5a27dadadc9697ca76e5518090b19bb0dd8b7c6ef
/arc/project/st-zliu-1/heqingz/datasets/domainGenDataset_core_movements/77GHz/Pick/04070014_1574696560_Raw_0.png,77GHz,Pick,train,,/scratch/st-zliu-1/heqingz/CrossCarrier_Core6_FullSuite_20260924/manifests/core6_source/77GHz.csv,216,3,1,5e2e4157f153588f535745e7b5b1013c13804ba49f8483076c2ed0ed971cce3c
/arc/project/st-zliu-1/heqingz/datasets/domainGenDataset_core_movements/77GHz/Pick/04070029_1574627654_Raw_0.png,77GHz,Pick,train,,/scratch/st-zliu-1/heqingz/CrossCarrier_Core6_FullSuite_20260924/manifests/core6_source/77GHz.csv,217,3,1,8627e344d3295fb897a1077e9102d2c9c42f78ea89928af52b7b72110069d1cd
/arc/project/st-zliu-1/heqingz/datasets/domainGenDataset_core_movements/77GHz/Pick/04070030_1574194508_Raw_0.png,77GHz,Pick,train,,/scratch/st-zliu-1/heqingz/CrossCarrier_Core6_FullSuite_20260924/manifests/core6_source/77GHz.csv,218,3,1,d308d2f9300442418611cff8d0dd7ccddc91f6fa2820719a112daa8b2a75a6a7
/arc/project/st-zliu-1/heqingz/datasets/domainGenDataset_core_movements/77GHz/Pick/04070029_1574115263_Raw_0.png,77GHz,Pick,train,,/scratch/st-zliu-1/heqingz/CrossCarrier_Core6_FullSuite_20260924/manifests/core6_source/77GHz.csv,219,3,1,1deecc8939274e7aee388ef0a93447594ac087da1554dc4440113add75b68fce
/arc/project/st-zliu-1/heqingz/datasets/domainGenDataset_core_movements/77GHz/Pick/04070029_1574627323_Raw_0 (copy).png,77GHz,Pick,train,,/scratch/st-zliu-1/heqingz/CrossCarrier_Core6_FullSuite_20260924/manifests/core6_source/77GHz.csv,220,3,1,5a883b44a489908c122f9bcb044b7244d07785de454c6d0a7ffd4c829f2550f4
/arc/project/st-zliu-1/heqingz/datasets/domainGenDataset_core_movements/77GHz/Pick/04070014_1574696688_Raw_0.png,77GHz,Pick,train,,/scratch/st-zliu-1/heqingz/CrossCarrier_Core6_FullSuite_20260924/manifests/core6_source/77GHz.csv,221,3,1,f5f3201536d42cf6559fb56531a30aad31296c6f9830000e1502615819d96fc1
/arc/project/st-zliu-1/heqingz/datasets/domainGenDataset_core_movements/77GHz/Pick/04070030_1574457294_Raw_0.png,77GHz,Pick,train,,/scratch/st-zliu-1/heqingz/CrossCarrier_Core6_FullSuite_20260924/manifests/core6_source/77GHz.csv,222,3,1,8ac5dfdceb3e34566570f33870d34794c78e9ceecc923cbd4dafcd97ff61d669
/arc/project/st-zliu-1/heqingz/datasets/domainGenDataset_core_movements/77GHz/Pick/04070014_1574696667_Raw_0.png,77GHz,Pick,train,,/scratch/st-zliu-1/heqingz/CrossCarrier_Core6_FullSuite_20260924/manifests/core6_source/77GHz.csv,223,3,1,72afaf218f93deb75a2a6a04ca674258d9e9c2c175163cad94a864f9ec34cf2a
/arc/project/st-zliu-1/heqingz/datasets/domainGenDataset_core_movements/77GHz/Pick/04070030_1574457946_Raw_0.png,77GHz,Pick,train,,/scratch/st-zliu-1/heqingz/CrossCarrier_Core6_FullSuite_20260924/manifests/core6_source/77GHz.csv,224,3,1,a67f8a3d26fdfcf67206441e1f9c8731cde5a50566f21f4f2b9860b8321fcd1d
/arc/project/st-zliu-1/heqingz/datasets/domainGenDataset_core_movements/77GHz/Sit/04090014_1574697936_Raw_0.png,77GHz,Sit,train,,/scratch/st-zliu-1/heqingz/CrossCarrier_Core6_FullSuite_20260924/manifests/core6_source/77GHz.csv,243,4,1,be88ad8183b6336017dd95284e32e2447bd4a694bbc0c0c44c90554121f06a1f
/arc/project/st-zliu-1/heqingz/datasets/domainGenDataset_core_movements/77GHz/Sit/04090029_1574115803_Raw_0.png,77GHz,Sit,train,,/scratch/st-zliu-1/heqingz/CrossCarrier_Core6_FullSuite_20260924/manifests/core6_source/77GHz.csv,244,4,1,cff98f3b3960f1edf26b4a971a668a548ccca91f27366afe0bf939fef3840884
/arc/project/st-zliu-1/heqingz/datasets/domainGenDataset_core_movements/77GHz/Sit/04090030_1574195391_Raw_0.png,77GHz,Sit,train,,/scratch/st-zliu-1/heqingz/CrossCarrier_Core6_FullSuite_20260924/manifests/core6_source/77GHz.csv,245,4,1,e0a4edf24fea7d57e64e0023950c03db5dce8d6cfd56b8082b337e9a6b97cb51
/arc/project/st-zliu-1/heqingz/datasets/domainGenDataset_core_movements/77GHz/Sit/04090030_1574195254_Raw_0.png,77GHz,Sit,train,,/scratch/st-zliu-1/heqingz/CrossCarrier_Core6_FullSuite_20260924/manifests/core6_source/77GHz.csv,246,4,1,ff92024553474fb2abdcaea63fb6d7883462f2d85126b1b08fc22fe7eb41a236
/arc/project/st-zliu-1/heqingz/datasets/domainGenDataset_core_movements/77GHz/Sit/04090014_1574696977_Raw_0.png,77GHz,Sit,train,,/scratch/st-zliu-1/heqingz/CrossCarrier_Core6_FullSuite_20260924/manifests/core6_source/77GHz.csv,247,4,1,26bc60e91925eb173bd43edd42e17b11d3dee92846fad2a585af02967cea57e5
/arc/project/st-zliu-1/heqingz/datasets/domainGenDataset_core_movements/77GHz/Sit/04090010_1573837974_Raw_0.png,77GHz,Sit,train,,/scratch/st-zliu-1/heqingz/CrossCarrier_Core6_FullSuite_20260924/manifests/core6_source/77GHz.csv,248,4,1,32364c57453d956c04fd0d4ba3aef826c6ec66b8be49fa7d4c096dc4b8564729
/arc/project/st-zliu-1/heqingz/datasets/domainGenDataset_core_movements/77GHz/Sit/04090030_1574195371_Raw_0.png,77GHz,Sit,train,,/scratch/st-zliu-1/heqingz/CrossCarrier_Core6_FullSuite_20260924/manifests/core6_source/77GHz.csv,249,4,1,84ae70c128c0c5be10e8aa9d7660c8d10f88a052923c17379807546bcc6150ee
/arc/project/st-zliu-1/heqingz/datasets/domainGenDataset_core_movements/77GHz/Sit/04090030_1574458207_Raw_0.png,77GHz,Sit,train,,/scratch/st-zliu-1/heqingz/CrossCarrier_Core6_FullSuite_20260924/manifests/core6_source/77GHz.csv,250,4,1,45a7d49c493d5a0f887a5d13a2ed4c7a26a68b48cb537ca08a3cf43cce71ea31
/arc/project/st-zliu-1/heqingz/datasets/domainGenDataset_core_movements/77GHz/Sit/04090030_1574458785_Raw_0.png,77GHz,Sit,train,,/scratch/st-zliu-1/heqingz/CrossCarrier_Core6_FullSuite_20260924/manifests/core6_source/77GHz.csv,251,4,1,e01d06d0b9d3f3e385c074db41a6155ae65c581a2529eb6f13a916348783a13b
/arc/project/st-zliu-1/heqingz/datasets/domainGenDataset_core_movements/77GHz/Sit/04090030_1574195313_Raw_0.png,77GHz,Sit,train,,/scratch/st-zliu-1/heqingz/CrossCarrier_Core6_FullSuite_20260924/manifests/core6_source/77GHz.csv,252,4,1,332d67c3d541d9af140ba1b59f34612c1aa769fb2f4417aecd4632d505e672f3
/arc/project/st-zliu-1/heqingz/datasets/domainGenDataset_core_movements/77GHz/Sit/04090030_1574458245_Raw_0.png,77GHz,Sit,train,,/scratch/st-zliu-1/heqingz/CrossCarrier_Core6_FullSuite_20260924/manifests/core6_source/77GHz.csv,253,4,1,929b1a4d663ee0a9a765b504fc5d976998f802b7f319b337b3c08eed54bbc61c
/arc/project/st-zliu-1/heqingz/datasets/domainGenDataset_core_movements/77GHz/Sit/04090029_1574115706_Raw_0.png,77GHz,Sit,train,,/scratch/st-zliu-1/heqingz/CrossCarrier_Core6_FullSuite_20260924/manifests/core6_source/77GHz.csv,254,4,1,f162306c328db550ed566bc9ab5458120f52072d36bc344704d72da36906058a
/arc/project/st-zliu-1/heqingz/datasets/domainGenDataset_core_movements/77GHz/Sit/04090029_1574628440_Raw_0.png,77GHz,Sit,train,,/scratch/st-zliu-1/heqingz/CrossCarrier_Core6_FullSuite_20260924/manifests/core6_source/77GHz.csv,255,4,1,7ba11c2d8546bbc25c3bdab17fa416131deb5b78b2db25707f9c9eb447ca7e8f
/arc/project/st-zliu-1/heqingz/datasets/domainGenDataset_core_movements/77GHz/Sit/04090010_1573838066_Raw_0.png,77GHz,Sit,train,,/scratch/st-zliu-1/heqingz/CrossCarrier_Core6_FullSuite_20260924/manifests/core6_source/77GHz.csv,256,4,1,a06003e1e9506c8eda3e2680ab270b57af14ba282cd0ba8b61df48df760c05e2
/arc/project/st-zliu-1/heqingz/datasets/domainGenDataset_core_movements/77GHz/Sit/04090029_1574115726_Raw_0.png,77GHz,Sit,train,,/scratch/st-zliu-1/heqingz/CrossCarrier_Core6_FullSuite_20260924/manifests/core6_source/77GHz.csv,257,4,1,43b146803a24f00b7168a6cdc0ada03d2e88eab3ef86988617b5305ae689c3e2
/arc/project/st-zliu-1/heqingz/datasets/domainGenDataset_core_movements/77GHz/Sit/04090014_1574697038_Raw_0.png,77GHz,Sit,train,,/scratch/st-zliu-1/heqingz/CrossCarrier_Core6_FullSuite_20260924/manifests/core6_source/77GHz.csv,258,4,1,59d0545fbd69b44f77846ec78502cf59a9dd9b0534d67e3ec1c84327282d05d5
/arc/project/st-zliu-1/heqingz/datasets/domainGenDataset_core_movements/77GHz/Sit/04090029_1574115842_Raw_0.png,77GHz,Sit,train,,/scratch/st-zliu-1/heqingz/CrossCarrier_Core6_FullSuite_20260924/manifests/core6_source/77GHz.csv,259,4,1,6c2ebf7407af6476f3d2303c2ef4101855988283bc126622e3165102a9c5ebb9
/arc/project/st-zliu-1/heqingz/datasets/domainGenDataset_core_movements/77GHz/Sit/04090014_1574697993_Raw_0.png,77GHz,Sit,train,,/scratch/st-zliu-1/heqingz/CrossCarrier_Core6_FullSuite_20260924/manifests/core6_source/77GHz.csv,260,4,1,5cdf9685b41e014c60ff46ba1ee1a67afd0d755c5199e8eeb235fdb19844ce82
/arc/project/st-zliu-1/heqingz/datasets/domainGenDataset_core_movements/77GHz/Sit/04090010_1573838334_Raw_0.png,77GHz,Sit,train,,/scratch/st-zliu-1/heqingz/CrossCarrier_Core6_FullSuite_20260924/manifests/core6_source/77GHz.csv,261,4,1,688e85563225161bb7741fa50e6898f28561aeed802e1e5f08a29233b1f133da
/arc/project/st-zliu-1/heqingz/datasets/domainGenDataset_core_movements/77GHz/Sit/04090030_1574195351_Raw_0.png,77GHz,Sit,train,,/scratch/st-zliu-1/heqingz/CrossCarrier_Core6_FullSuite_20260924/manifests/core6_source/77GHz.csv,262,4,1,f67ba8d1bebfb1ff766382c557bff7dffbf3a9bb5af5dfe9ebb8a9dc70623210
/arc/project/st-zliu-1/heqingz/datasets/domainGenDataset_core_movements/77GHz/Sit/04090029_1574628309_Raw_0.png,77GHz,Sit,train,,/scratch/st-zliu-1/heqingz/CrossCarrier_Core6_FullSuite_20260924/manifests/core6_source/77GHz.csv,263,4,1,e9cb342fa66d438dad5540498aef6344e667db97571a28c0dd9c59b40bee36ff
/arc/project/st-zliu-1/heqingz/datasets/domainGenDataset_core_movements/77GHz/Sit/04090029_1574628343_Raw_0.png,77GHz,Sit,train,,/scratch/st-zliu-1/heqingz/CrossCarrier_Core6_FullSuite_20260924/manifests/core6_source/77GHz.csv,264,4,1,bf893dc98c644570c818a04065a39e9fc972f235a668c594f1b6035bed30d8a3
/arc/project/st-zliu-1/heqingz/datasets/domainGenDataset_core_movements/77GHz/Sit/04090030_1574458803_Raw_0.png,77GHz,Sit,train,,/scratch/st-zliu-1/heqingz/CrossCarrier_Core6_FullSuite_20260924/manifests/core6_source/77GHz.csv,265,4,1,acdc8a64ce94bfe8ce8bbe83b25ebeb3d0442bee64d4a7223519865b62514505
/arc/project/st-zliu-1/heqingz/datasets/domainGenDataset_core_movements/77GHz/Sit/04090029_1574115686_Raw_0.png,77GHz,Sit,train,,/scratch/st-zliu-1/heqingz/CrossCarrier_Core6_FullSuite_20260924/manifests/core6_source/77GHz.csv,266,4,1,07de224d64a8cafdf26c75dce4a164284565b3c85f5f71bc999d1d81eb79ee98
/arc/project/st-zliu-1/heqingz/datasets/domainGenDataset_core_movements/77GHz/Sit/04090010_1573837993_Raw_0.png,77GHz,Sit,train,,/scratch/st-zliu-1/heqingz/CrossCarrier_Core6_FullSuite_20260924/manifests/core6_source/77GHz.csv,267,4,1,c221d06aab4a6d2939bbbbd5cfc10aa56d297094fcbeabeee9d85104cd58a7c0
/arc/project/st-zliu-1/heqingz/datasets/domainGenDataset_core_movements/77GHz/Sit/04090030_1574195230_Raw_0.png,77GHz,Sit,train,,/scratch/st-zliu-1/heqingz/CrossCarrier_Core6_FullSuite_20260924/manifests/core6_source/77GHz.csv,268,4,1,51da1af703d655ef15774db4869432841aa2b7d780bf025f1a92b8c84cfc4d89
/arc/project/st-zliu-1/heqingz/datasets/domainGenDataset_core_movements/77GHz/Sit/04090014_1574696998_Raw_0.png,77GHz,Sit,train,,/scratch/st-zliu-1/heqingz/CrossCarrier_Core6_FullSuite_20260924/manifests/core6_source/77GHz.csv,269,4,1,86de8d337cbda303c618de289bb02bc12ba0feb61baaecc334da6790a0c9ccea
/arc/project/st-zliu-1/heqingz/datasets/domainGenDataset_core_movements/77GHz/Sit/04090029_1574115784_Raw_0.png,77GHz,Sit,train,,/scratch/st-zliu-1/heqingz/CrossCarrier_Core6_FullSuite_20260924/manifests/core6_source/77GHz.csv,270,4,1,a73814a2fafde7425f3a4a176447960c9f750c0dfd7f9fac2be9e1b06324991b
/arc/project/st-zliu-1/heqingz/datasets/domainGenDataset_core_movements/77GHz/Sit/04090029_1574628120_Raw_0.png,77GHz,Sit,train,,/scratch/st-zliu-1/heqingz/CrossCarrier_Core6_FullSuite_20260924/manifests/core6_source/77GHz.csv,271,4,1,2ba7f0f68ff644721752aa61fb7cd8b5d5800a37e48a850cf4d829132e611d20
/arc/project/st-zliu-1/heqingz/datasets/domainGenDataset_core_movements/77GHz/Sit/04090010_1573838127_Raw_0.png,77GHz,Sit,train,,/scratch/st-zliu-1/heqingz/CrossCarrier_Core6_FullSuite_20260924/manifests/core6_source/77GHz.csv,272,4,1,72c55e78d4d3b2eb09cc5730ade73ce3a8496343951c97ea6e9e67672d0972e0
/arc/project/st-zliu-1/heqingz/datasets/domainGenDataset_core_movements/77GHz/Sit/04090030_1574195332_Raw_0.png,77GHz,Sit,train,,/scratch/st-zliu-1/heqingz/CrossCarrier_Core6_FullSuite_20260924/manifests/core6_source/77GHz.csv,273,4,1,5968a8ca4e9daea809dc5d01f3097e12d1f96a613795417d73ddb81f2c75d040
/arc/project/st-zliu-1/heqingz/datasets/domainGenDataset_core_movements/77GHz/Sit/04090029_1574628461_Raw_0.png,77GHz,Sit,train,,/scratch/st-zliu-1/heqingz/CrossCarrier_Core6_FullSuite_20260924/manifests/core6_source/77GHz.csv,274,4,1,6116821de64b4913ec7dbd2f7467cb0be8a3bfb19a27cb1004d5ec87764de71d
/arc/project/st-zliu-1/heqingz/datasets/domainGenDataset_core_movements/77GHz/Sit/04090014_1574697917_Raw_0.png,77GHz,Sit,train,,/scratch/st-zliu-1/heqingz/CrossCarrier_Core6_FullSuite_20260924/manifests/core6_source/77GHz.csv,275,4,1,d2f40257451831234bf9bd259d8e8438b49a7b87c74fc24b9f5007fc7e64ab05
/arc/project/st-zliu-1/heqingz/datasets/domainGenDataset_core_movements/77GHz/Sit/04090010_1573838030_Raw_0.png,77GHz,Sit,train,,/scratch/st-zliu-1/heqingz/CrossCarrier_Core6_FullSuite_20260924/manifests/core6_source/77GHz.csv,276,4,1,439735aec94280859a9082c457bba22380deb5178b2bf736e500dd5ab2adc575
/arc/project/st-zliu-1/heqingz/datasets/domainGenDataset_core_movements/77GHz/Sit/04090010_1573838201_Raw_0.png,77GHz,Sit,train,,/scratch/st-zliu-1/heqingz/CrossCarrier_Core6_FullSuite_20260924/manifests/core6_source/77GHz.csv,277,4,1,ad3f2af67fd2fd4af3089e32c29d71b0b15e70e2f52038fb86f2ec5145534b87
/arc/project/st-zliu-1/heqingz/datasets/domainGenDataset_core_movements/77GHz/Sit/04090030_1574458265_Raw_0.png,77GHz,Sit,train,,/scratch/st-zliu-1/heqingz/CrossCarrier_Core6_FullSuite_20260924/manifests/core6_source/77GHz.csv,278,4,1,f5e932ed97c50d345e6c970fe52dccf6b8ebb890cd0bbb6284f1cf99da86dfe1
/arc/project/st-zliu-1/heqingz/datasets/domainGenDataset_core_movements/77GHz/Sit/04090030_1574458188_Raw_0.png,77GHz,Sit,train,,/scratch/st-zliu-1/heqingz/CrossCarrier_Core6_FullSuite_20260924/manifests/core6_source/77GHz.csv,279,4,1,56f2a7678fe132321095fccac9ffdb8f73f0ff3180d4fefa0d7e1a557f1ef591
/arc/project/st-zliu-1/heqingz/datasets/domainGenDataset_core_movements/77GHz/Sit/04090014_1574697897_Raw_0.png,77GHz,Sit,train,,/scratch/st-zliu-1/heqingz/CrossCarrier_Core6_FullSuite_20260924/manifests/core6_source/77GHz.csv,280,4,1,4f2369193a877cda6e87217cfa8727aeec778ba998a1f8c3e9450a9d9bf73e14
/arc/project/st-zliu-1/heqingz/datasets/domainGenDataset_core_movements/77GHz/Sit/04090014_1574697955_Raw_0.png,77GHz,Sit,train,,/scratch/st-zliu-1/heqingz/CrossCarrier_Core6_FullSuite_20260924/manifests/core6_source/77GHz.csv,281,4,1,3cdf2e6a230a624476df7c6835481bc259a688f36762b4ece3febf9c87b3e29f
/arc/project/st-zliu-1/heqingz/datasets/domainGenDataset_core_movements/77GHz/Towards/04050029_1574626078_Raw_0.png,77GHz,Towards,train,,/scratch/st-zliu-1/heqingz/CrossCarrier_Core6_FullSuite_20260924/manifests/core6_source/77GHz.csv,300,5,1,02b18e8cc6d6aa22c1b713c395e3e10c01c4407683b13ee5425e7369837c3a4e
/arc/project/st-zliu-1/heqingz/datasets/domainGenDataset_core_movements/77GHz/Towards/04050029_1574626372_Raw_0.png,77GHz,Towards,train,,/scratch/st-zliu-1/heqingz/CrossCarrier_Core6_FullSuite_20260924/manifests/core6_source/77GHz.csv,301,5,1,5e04c112c458ae60ad3514dbab6ab24cf1aec8b05c55a6ccd4ee13947f52fc65
/arc/project/st-zliu-1/heqingz/datasets/domainGenDataset_core_movements/77GHz/Towards/04050010_1573836889_Raw_0.png,77GHz,Towards,train,,/scratch/st-zliu-1/heqingz/CrossCarrier_Core6_FullSuite_20260924/manifests/core6_source/77GHz.csv,302,5,1,ae297b62040a508ad2990dc95564d0791ce01ea29b1fa310f16bc366e4027168
/arc/project/st-zliu-1/heqingz/datasets/domainGenDataset_core_movements/77GHz/Towards/04050030_1574194013_Raw_0.png,77GHz,Towards,train,,/scratch/st-zliu-1/heqingz/CrossCarrier_Core6_FullSuite_20260924/manifests/core6_source/77GHz.csv,303,5,1,d63a635d6a3161d63a602f566fec53500b64e8b41b00e8212f7e46ea420d0bd2
/arc/project/st-zliu-1/heqingz/datasets/domainGenDataset_core_movements/77GHz/Towards/04050030_1574193843_Raw_0.png,77GHz,Towards,train,,/scratch/st-zliu-1/heqingz/CrossCarrier_Core6_FullSuite_20260924/manifests/core6_source/77GHz.csv,304,5,1,047f639f0cab3346de7f2c3396cbb639ffcce3080fba73fb75faa1d1117e8580
/arc/project/st-zliu-1/heqingz/datasets/domainGenDataset_core_movements/77GHz/Towards/04050029_1574114550_Raw_0.png,77GHz,Towards,train,,/scratch/st-zliu-1/heqingz/CrossCarrier_Core6_FullSuite_20260924/manifests/core6_source/77GHz.csv,305,5,1,a253122eb16ccf208cbdfc8eaafe91138cdd9e3e811fb296d11d4c7e0d7a39a3
/arc/project/st-zliu-1/heqingz/datasets/domainGenDataset_core_movements/77GHz/Towards/04050029_1574114606_Raw_0.png,77GHz,Towards,train,,/scratch/st-zliu-1/heqingz/CrossCarrier_Core6_FullSuite_20260924/manifests/core6_source/77GHz.csv,306,5,1,3afc002d3770d34c716b51885f886ea3785c03f8e1823524183a23eebd951b2f
/arc/project/st-zliu-1/heqingz/datasets/domainGenDataset_core_movements/77GHz/Towards/04050030_1574193880_Raw_0.png,77GHz,Towards,train,,/scratch/st-zliu-1/heqingz/CrossCarrier_Core6_FullSuite_20260924/manifests/core6_source/77GHz.csv,307,5,1,edb9aa7e62349cf5005da6452b42f12cc787a7e1a4febebc40e2c19730ed2661
/arc/project/st-zliu-1/heqingz/datasets/domainGenDataset_core_movements/77GHz/Towards/04050029_1574626164_Raw_0.png,77GHz,Towards,train,,/scratch/st-zliu-1/heqingz/CrossCarrier_Core6_FullSuite_20260924/manifests/core6_source/77GHz.csv,308,5,1,eb1512e8cfe660026229fb56ec1849075359c83b8354b022f9d06fb89361067f
/arc/project/st-zliu-1/heqingz/datasets/domainGenDataset_core_movements/77GHz/Towards/04050029_1574114268_Raw_0.png,77GHz,Towards,train,,/scratch/st-zliu-1/heqingz/CrossCarrier_Core6_FullSuite_20260924/manifests/core6_source/77GHz.csv,309,5,1,0a33678adef25d2f488496d16183b10c193f81fe520676da27df24c083295cb6
/arc/project/st-zliu-1/heqingz/datasets/domainGenDataset_core_movements/77GHz/Towards/04050029_1574626039_Raw_0.png,77GHz,Towards,train,,/scratch/st-zliu-1/heqingz/CrossCarrier_Core6_FullSuite_20260924/manifests/core6_source/77GHz.csv,310,5,1,f0fb2ed308af1680d959f9aa1c70b33671973916e968c19db4e0f458b6cbc7e3
/arc/project/st-zliu-1/heqingz/datasets/domainGenDataset_core_movements/77GHz/Towards/04000000_1574696201_Raw_0.png,77GHz,Towards,train,,/scratch/st-zliu-1/heqingz/CrossCarrier_Core6_FullSuite_20260924/manifests/core6_source/77GHz.csv,311,5,1,1bb4908266d631c736455270368fe904036e46e160cdde6fc6418a068e9b091a
/arc/project/st-zliu-1/heqingz/datasets/domainGenDataset_core_movements/77GHz/Towards/04050030_1574456906_Raw_0 (copy).png,77GHz,Towards,train,,/scratch/st-zliu-1/heqingz/CrossCarrier_Core6_FullSuite_20260924/manifests/core6_source/77GHz.csv,312,5,1,769151cc360985a05e85eacf2e0ab9070573dd9f803902d910230683d300c983
/arc/project/st-zliu-1/heqingz/datasets/domainGenDataset_core_movements/77GHz/Towards/04050010_1573837067_Raw_0.png,77GHz,Towards,train,,/scratch/st-zliu-1/heqingz/CrossCarrier_Core6_FullSuite_20260924/manifests/core6_source/77GHz.csv,313,5,1,069936ebf7005fd720728f400c726cdaa18fb9d8bc23cb40563c1f66c3fff9c0
/arc/project/st-zliu-1/heqingz/datasets/domainGenDataset_core_movements/77GHz/Towards/04050030_1574456705_Raw_0.png,77GHz,Towards,train,,/scratch/st-zliu-1/heqingz/CrossCarrier_Core6_FullSuite_20260924/manifests/core6_source/77GHz.csv,314,5,1,05111162953583b0aa9e6e5c5341eea94c1be6de18c8a5a9f80e1abaa5f45a00
/arc/project/st-zliu-1/heqingz/datasets/domainGenDataset_core_movements/77GHz/Towards/04050030_1574456884_Raw_0.png,77GHz,Towards,train,,/scratch/st-zliu-1/heqingz/CrossCarrier_Core6_FullSuite_20260924/manifests/core6_source/77GHz.csv,315,5,1,b1625c7efcbe1786e2e13ad2aa4f0a220a8c2a1b023e081617b47ae2bd56ebe3
/arc/project/st-zliu-1/heqingz/datasets/domainGenDataset_core_movements/77GHz/Towards/04000000_1574696243_Raw_0.png,77GHz,Towards,train,,/scratch/st-zliu-1/heqingz/CrossCarrier_Core6_FullSuite_20260924/manifests/core6_source/77GHz.csv,316,5,1,3d51680ab742d818c2d7396cd07b993fce5ce26bb7e86041f0fa13aea50ccb75
/arc/project/st-zliu-1/heqingz/datasets/domainGenDataset_core_movements/77GHz/Towards/04000000_1574696114_Raw_0.png,77GHz,Towards,train,,/scratch/st-zliu-1/heqingz/CrossCarrier_Core6_FullSuite_20260924/manifests/core6_source/77GHz.csv,317,5,1,fd3a8ee08444bf25cef135280cb6f52d0b11fbf2287c5c0055705989f5600258
/arc/project/st-zliu-1/heqingz/datasets/domainGenDataset_core_movements/77GHz/Towards/04050030_1574456812_Raw_0.png,77GHz,Towards,train,,/scratch/st-zliu-1/heqingz/CrossCarrier_Core6_FullSuite_20260924/manifests/core6_source/77GHz.csv,318,5,1,4adca0a510518c2f61cf531e79aed6d5b792deaa41a42263ca8ba7ce522f11d7
/arc/project/st-zliu-1/heqingz/datasets/domainGenDataset_core_movements/77GHz/Towards/04000000_1574696280_Raw_0.png,77GHz,Towards,train,,/scratch/st-zliu-1/heqingz/CrossCarrier_Core6_FullSuite_20260924/manifests/core6_source/77GHz.csv,319,5,1,8dec82d41c39daeb9c3c957a9c0e6487868c7bd18355135d70d3f76938de567a
/arc/project/st-zliu-1/heqingz/datasets/domainGenDataset_core_movements/77GHz/Towards/04050030_1574456837_Raw_0.png,77GHz,Towards,train,,/scratch/st-zliu-1/heqingz/CrossCarrier_Core6_FullSuite_20260924/manifests/core6_source/77GHz.csv,320,5,1,9b93e89559e60c89a1724096e60addcffc092b3404691c6d505b2af5997f71ef
/arc/project/st-zliu-1/heqingz/datasets/domainGenDataset_core_movements/77GHz/Towards/04050010_1573836980_Raw_0.png,77GHz,Towards,train,,/scratch/st-zliu-1/heqingz/CrossCarrier_Core6_FullSuite_20260924/manifests/core6_source/77GHz.csv,321,5,1,c58d22bfea590c66c37923c8538ac45aa7e5f22a8d49def2025ed289c482fb96
/arc/project/st-zliu-1/heqingz/datasets/domainGenDataset_core_movements/77GHz/Towards/04050030_1574456771_Raw_0.png,77GHz,Towards,train,,/scratch/st-zliu-1/heqingz/CrossCarrier_Core6_FullSuite_20260924/manifests/core6_source/77GHz.csv,322,5,1,4d3af1cd9dab4281c5e09ba5d919ef4c55249be877197f452d1430d2ae3442d5
/arc/project/st-zliu-1/heqingz/datasets/domainGenDataset_core_movements/77GHz/Towards/04000000_1574696136_Raw_0.png,77GHz,Towards,train,,/scratch/st-zliu-1/heqingz/CrossCarrier_Core6_FullSuite_20260924/manifests/core6_source/77GHz.csv,323,5,1,3f6d355fdb339aeb96db39b50ce9025f749dc43ff0f836071a9c61dcfbff2b26
/arc/project/st-zliu-1/heqingz/datasets/domainGenDataset_core_movements/77GHz/Towards/04050010_1573836957_Raw_0.png,77GHz,Towards,train,,/scratch/st-zliu-1/heqingz/CrossCarrier_Core6_FullSuite_20260924/manifests/core6_source/77GHz.csv,324,5,1,ff03720c3a002837fe709ba513d9c935d2370b903a336c4158b036e7718a1c42
/arc/project/st-zliu-1/heqingz/datasets/domainGenDataset_core_movements/77GHz/Towards/04050010_1573837002_Raw_0.png,77GHz,Towards,train,,/scratch/st-zliu-1/heqingz/CrossCarrier_Core6_FullSuite_20260924/manifests/core6_source/77GHz.csv,325,5,1,46384e3126123ca4ed0e034c9cc0a1fe9a37927f0d7e118e0a4bcd65653f960e
/arc/project/st-zliu-1/heqingz/datasets/domainGenDataset_core_movements/77GHz/Towards/04050030_1574456596_Raw_0.png,77GHz,Towards,train,,/scratch/st-zliu-1/heqingz/CrossCarrier_Core6_FullSuite_20260924/manifests/core6_source/77GHz.csv,326,5,1,c5457a6b63f4572ed7e583e9e125de8ca6fbcf5bedc6ff8bed06fe49c272ecce
/arc/project/st-zliu-1/heqingz/datasets/domainGenDataset_core_movements/77GHz/Towards/04050010_1573836864_Raw_0.png,77GHz,Towards,train,,/scratch/st-zliu-1/heqingz/CrossCarrier_Core6_FullSuite_20260924/manifests/core6_source/77GHz.csv,327,5,1,2820bd7c9b80efdf4d52ad813f0bbee208ba19b24e1118bb3e68c801507dca43
/arc/project/st-zliu-1/heqingz/datasets/domainGenDataset_core_movements/77GHz/Towards/04050030_1574456646_Raw_0.png,77GHz,Towards,train,,/scratch/st-zliu-1/heqingz/CrossCarrier_Core6_FullSuite_20260924/manifests/core6_source/77GHz.csv,328,5,1,08f6310ab7df3255bc0eb191486b33b622d5517f98cbce7e40643ef31c84c211
/arc/project/st-zliu-1/heqingz/datasets/domainGenDataset_core_movements/77GHz/Towards/04050029_1574626188_Raw_0.png,77GHz,Towards,train,,/scratch/st-zliu-1/heqingz/CrossCarrier_Core6_FullSuite_20260924/manifests/core6_source/77GHz.csv,329,5,1,f7882858604acbecd9b5b398d0efa2a9137b031569ec8a0f9990c0eff7914176
/arc/project/st-zliu-1/heqingz/datasets/domainGenDataset_core_movements/77GHz/Towards/04050030_1574194043_Raw_0.png,77GHz,Towards,train,,/scratch/st-zliu-1/heqingz/CrossCarrier_Core6_FullSuite_20260924/manifests/core6_source/77GHz.csv,330,5,1,069aa5077a59afe36a6befb45766443ca86bcb7d52d33de6add81584ef238b9e
/arc/project/st-zliu-1/heqingz/datasets/domainGenDataset_core_movements/77GHz/Towards/04050030_1574194068_Raw_0.png,77GHz,Towards,train,,/scratch/st-zliu-1/heqingz/CrossCarrier_Core6_FullSuite_20260924/manifests/core6_source/77GHz.csv,331,5,1,347400fc244b0962a71adec7b16bbd563b6536ccc7da2a4947c2003708f4eeff
/arc/project/st-zliu-1/heqingz/datasets/domainGenDataset_core_movements/77GHz/Towards/04050030_1574456906_Raw_0.png,77GHz,Towards,train,,/scratch/st-zliu-1/heqingz/CrossCarrier_Core6_FullSuite_20260924/manifests/core6_source/77GHz.csv,332,5,1,769151cc360985a05e85eacf2e0ab9070573dd9f803902d910230683d300c983
/arc/project/st-zliu-1/heqingz/datasets/domainGenDataset_core_movements/77GHz/Towards/04050010_1573837045_Raw_0.png,77GHz,Towards,train,,/scratch/st-zliu-1/heqingz/CrossCarrier_Core6_FullSuite_20260924/manifests/core6_source/77GHz.csv,333,5,1,60a9ee7bae299a4f5f35e5f42cf5aaa2037d353210a1d12cb26e4326b18256f0
/arc/project/st-zliu-1/heqingz/datasets/domainGenDataset_core_movements/77GHz/Towards/04050010_1573836822_Raw_0.png,77GHz,Towards,train,,/scratch/st-zliu-1/heqingz/CrossCarrier_Core6_FullSuite_20260924/manifests/core6_source/77GHz.csv,334,5,1,9e265f7d3cc467d74cc9851645f3db872ae6e7ed69a3c0f7240b2ab2d8fc6326
/arc/project/st-zliu-1/heqingz/datasets/domainGenDataset_core_movements/77GHz/Towards/04050029_1574626392_Raw_0.png,77GHz,Towards,train,,/scratch/st-zliu-1/heqingz/CrossCarrier_Core6_FullSuite_20260924/manifests/core6_source/77GHz.csv,335,5,1,04e9cc880620add04bc198e5bd79df11723d9f48df03d2e6b298e63c1edcad1a
/arc/project/st-zliu-1/heqingz/datasets/domainGenDataset_core_movements/77GHz/Towards/04050029_1574626307_Raw_0.png,77GHz,Towards,train,,/scratch/st-zliu-1/heqingz/CrossCarrier_Core6_FullSuite_20260924/manifests/core6_source/77GHz.csv,336,5,1,a7aec468ad2e86dcd7af00787e5bf936581680b73ed47c14c72f43dba6c5c478
/arc/project/st-zliu-1/heqingz/datasets/domainGenDataset_core_movements/77GHz/Towards/04050010_1573836925_Raw_0.png,77GHz,Towards,train,,/scratch/st-zliu-1/heqingz/CrossCarrier_Core6_FullSuite_20260924/manifests/core6_source/77GHz.csv,337,5,1,57aa5a312062a9e57c90e143376dece267c89fdde71fe33d72f4d2fc713c7850
/arc/project/st-zliu-1/heqingz/datasets/domainGenDataset_core_movements/77GHz/Towards/04050030_1574194145_Raw_0.png,77GHz,Towards,train,,/scratch/st-zliu-1/heqingz/CrossCarrier_Core6_FullSuite_20260924/manifests/core6_source/77GHz.csv,338,5,1,4b0f10e7ecab1943e4ca4d286d26c96ef04c7631363f7f46ec75c95d181a691c
/arc/project/st-zliu-1/heqingz/datasets/domainGenDataset_core_movements/77GHz/Towards/04050029_1574114569_Raw_0.png,77GHz,Towards,train,,/scratch/st-zliu-1/heqingz/CrossCarrier_Core6_FullSuite_20260924/manifests/core6_source/77GHz.csv,339,5,1,97050c754a41fa28c2802e828029ef0e481bc0dc4852c067c39d35edf3e04b7c
/arc/project/st-zliu-1/heqingz/datasets/domainGenDataset_core_movements/77GHz/Towards/04050029_1574114447_Raw_0.png,77GHz,Towards,train,,/scratch/st-zliu-1/heqingz/CrossCarrier_Core6_FullSuite_20260924/manifests/core6_source/77GHz.csv,340,5,1,9b7467b81a7c2493be445a70432696d48aecc34a9ca1b0cba9e206fabaf1dc02
/arc/project/st-zliu-1/heqingz/datasets/domainGenDataset_core_movements/77GHz/Towards/04000000_1574696180_Raw_0.png,77GHz,Towards,train,,/scratch/st-zliu-1/heqingz/CrossCarrier_Core6_FullSuite_20260924/manifests/core6_source/77GHz.csv,341,5,1,5fe40cfc6a374c7e60c8e8d0ebae2039b221608165a64ea0309f594b88585f70
