[19:23:45] run_dir=/scratch/st-zliu-1/heqingz/CrossCarrier_Fresh_20260922/CrossCarrier_Repro/EXPERIMENTSRESULT/REVISION_5090/SUPP_ABLATION/ACR_discrete/seed31415
[19:23:45] device=cuda
[19:23:45] backbone=vit_large_patch16_dinov3.lvd1689m
[19:23:45] env: manifest_dir=/scratch/st-zliu-1/heqingz/CrossCarrier_Fresh_20260922/CrossCarrier_Repro/tasks/known_people_unknown_freq/manifest dataset_root=/scratch/st-zliu-1/heqingz/CrossCarrier_Fresh_20260922/CrossCarrier_Repro use_dann=False selection=source_val_acc_ema adapter_mode=lora
[19:23:45] set_seed(31415)
[19:24:01] [fast_gpu] source cache 644 imgs (0.39GB) on cuda
[19:24:01] train_source=644 train_src_rows=10:302 24:342 source_steps/epoch=40 val_all=162 heldout77_unused=140 test77_final=278
[19:24:01] [test77_split] seed=42 dev_per_class=20
[19:26:12] V13_GRL_DISCRETE=1 bins=3 CE-on-carrier-bin; log f_eff range=[2.3026,4.5539] bin edges (GHz)=[10.0, 21.18, 44.86, 95.0]
[19:26:12] trainable params=2444804 (encoder_lora+neck+head + miro_proj+v15_falsification+v13_residual_split+v13_grl_carrier_adv)
[19:26:12] logit_prior=[-1.9678890705108643, -1.913821816444397, -1.8427258729934692, -1.9678890705108643, -2.0133514404296875, -1.8929877281188965, -2.036881923675537]
[19:26:12] use_dann=False
[19:26:12] use_das=True
[19:26:12] das_mode=curriculum initial_stage={'name': 'stage1', 'p': 0.35, 'f_low': 10.0, 'f_high': 24.0}
[19:26:12] aug_flags: USE_HFT=True USE_SPEC_AUGMENT=True
[19:26:12] adapter_mode=lora
[19:26:12] schedule: epochs=100 steps/epoch=40 imgs/step=16 total_steps=4000 total_imgs=64000 warmup_steps=120
[19:26:12] source_qualified_policy: val_acc_ema>=0.90 candidates are recorded; best candidate by 77GHz F1 is saved as diagnostic
[19:26:12] [pool] init threshold=0.90 period=10 selection=dev77_f1
[19:26:12] [train] epoch 1/100 steps=40 use_dann=0 das=stage1 f=[10.0,24.0] p=0.35 gpu=3.0/3.0GB
[19:26:35] [train] ep=01 step=001/40 ce=7.7971 sc=2.9957 mi=1.0267 dn=0.0000 v13=0.0191 grl=1.0872 v15=0.0000 v15r=0.0000 v16=0.0000 v17=0.0000 v18=0.0000 acc=0.1875 lr=2.50e-06 lambda=0.000 grl_lambda=0.000 v18_lambda=0.000 gpu=3.0/11.8GB
[19:26:42] [train] ep=01 step=010/40 ce=8.0737 sc=2.8232 mi=1.0144 dn=0.0000 v13=0.0070 grl=1.0410 v15=0.0000 v15r=0.0000 v16=0.0000 v17=0.0000 v18=0.0000 acc=0.1625 lr=2.50e-05 lambda=0.000 grl_lambda=0.011 v18_lambda=0.000 gpu=3.0/11.8GB
[19:26:48] [train] ep=01 step=020/40 ce=7.9444 sc=2.8288 mi=0.9642 dn=0.0000 v13=0.0060 grl=0.9995 v15=0.0000 v15r=0.0000 v16=0.0000 v17=0.0000 v18=0.0000 acc=0.1562 lr=5.00e-05 lambda=0.000 grl_lambda=0.024 v18_lambda=0.000 gpu=3.0/11.8GB
[19:26:53] [train] ep=01 step=030/40 ce=7.8642 sc=2.8354 mi=0.8901 dn=0.0000 v13=0.0048 grl=0.9483 v15=0.0000 v15r=0.0000 v16=0.0000 v17=0.0000 v18=0.0000 acc=0.1729 lr=7.50e-05 lambda=0.000 grl_lambda=0.036 v18_lambda=0.000 gpu=3.0/11.8GB
[19:26:59] [train] ep=01 step=040/40 ce=7.8084 sc=2.8165 mi=0.8041 dn=0.0000 v13=0.0043 grl=0.8965 v15=0.0000 v15r=0.0000 v16=0.0000 v17=0.0000 v18=0.0000 acc=0.1844 lr=1.00e-04 lambda=0.000 grl_lambda=0.049 v18_lambda=0.000 gpu=3.0/11.8GB
[19:27:05] [ep_summary] ep=01/100 val_live=0.1667/0.0843 val_ema=0.0000/0.0000 test77_live=0.2194/0.1196 test77_diag_ema=0.0000/0.0000 v13=0.0043 grl=0.8965 v15=0.0000 v15r=0.0000 v16=0.0000 v17=0.0000 v18=0.0000 das=stage1[10,24] p=0.35 ep_time=52.3s
[19:27:05] [train] epoch 2/100 steps=40 use_dann=0 das=stage1 f=[10.0,24.0] p=0.35 gpu=3.0/11.8GB
[19:27:05] [train] ep=02 step=001/40 ce=7.5754 sc=2.7923 mi=0.4572 dn=0.0000 v13=0.0013 grl=0.7468 v15=0.0000 v15r=0.0000 v16=0.0000 v17=0.0000 v18=0.0000 acc=0.2500 lr=1.02e-04 lambda=0.000 grl_lambda=0.050 v18_lambda=0.000 gpu=3.0/11.8GB
[19:27:10] [train] ep=02 step=010/40 ce=7.5318 sc=2.7622 mi=0.3792 dn=0.0000 v13=0.0019 grl=0.6875 v15=0.0000 v15r=0.0000 v16=0.0000 v17=0.0000 v18=0.0000 acc=0.3000 lr=1.25e-04 lambda=0.000 grl_lambda=0.061 v18_lambda=0.000 gpu=3.0/11.8GB
[19:27:16] [train] ep=02 step=020/40 ce=7.3800 sc=2.7307 mi=0.3225 dn=0.0000 v13=0.0017 grl=0.6783 v15=0.0000 v15r=0.0000 v16=0.0000 v17=0.0000 v18=0.0000 acc=0.3063 lr=1.50e-04 lambda=0.000 grl_lambda=0.074 v18_lambda=0.000 gpu=3.0/11.8GB
[19:27:22] [train] ep=02 step=030/40 ce=7.2690 sc=2.7239 mi=0.2857 dn=0.0000 v13=0.0018 grl=0.6581 v15=0.0000 v15r=0.0000 v16=0.0000 v17=0.0000 v18=0.0000 acc=0.3333 lr=1.75e-04 lambda=0.000 grl_lambda=0.086 v18_lambda=0.000 gpu=3.0/11.8GB
[19:27:27] [train] ep=02 step=040/40 ce=7.0981 sc=2.6954 mi=0.2586 dn=0.0000 v13=0.0016 grl=0.6465 v15=0.0000 v15r=0.0000 v16=0.0000 v17=0.0000 v18=0.0000 acc=0.3516 lr=2.00e-04 lambda=0.000 grl_lambda=0.098 v18_lambda=0.000 gpu=3.0/11.8GB
[19:27:33] [ep_summary] ep=02/100 val_live=0.5309/0.4990 val_ema=0.0000/0.0000 test77_live=0.3237/0.2237 test77_diag_ema=0.0000/0.0000 v13=0.0016 grl=0.6465 v15=0.0000 v15r=0.0000 v16=0.0000 v17=0.0000 v18=0.0000 das=stage1[10,24] p=0.35 ep_time=27.9s
[19:27:33] [train] epoch 3/100 steps=40 use_dann=0 das=stage1 f=[10.0,24.0] p=0.35 gpu=3.0/11.8GB
[19:27:33] [train] ep=03 step=001/40 ce=6.3992 sc=2.8024 mi=0.1887 dn=0.0000 v13=0.0005 grl=0.5712 v15=0.0000 v15r=0.0000 v16=0.0000 v17=0.0000 v18=0.0000 acc=0.5000 lr=2.02e-04 lambda=0.000 grl_lambda=0.100 v18_lambda=0.000 gpu=3.0/11.8GB
[19:27:38] [train] ep=03 step=010/40 ce=5.8892 sc=2.4890 mi=0.1840 dn=0.0000 v13=0.0012 grl=0.6042 v15=0.0000 v15r=0.0000 v16=0.0000 v17=0.0000 v18=0.0000 acc=0.5375 lr=2.25e-04 lambda=0.000 grl_lambda=0.111 v18_lambda=0.000 gpu=3.0/11.8GB
[19:27:44] [train] ep=03 step=020/40 ce=5.5845 sc=2.3770 mi=0.1797 dn=0.0000 v13=0.0012 grl=0.5783 v15=0.0000 v15r=0.0000 v16=0.0000 v17=0.0000 v18=0.0000 acc=0.5781 lr=2.50e-04 lambda=0.000 grl_lambda=0.123 v18_lambda=0.000 gpu=3.0/11.8GB
[19:27:50] [train] ep=03 step=030/40 ce=5.0543 sc=2.2466 mi=0.1864 dn=0.0000 v13=0.0012 grl=0.5657 v15=0.0000 v15r=0.0000 v16=0.0000 v17=0.0000 v18=0.0000 acc=0.6312 lr=2.75e-04 lambda=0.000 grl_lambda=0.135 v18_lambda=0.000 gpu=3.0/11.8GB
[19:27:55] [train] ep=03 step=040/40 ce=4.7906 sc=2.2117 mi=0.1906 dn=0.0000 v13=0.0012 grl=0.5598 v15=0.0000 v15r=0.0000 v16=0.0000 v17=0.0000 v18=0.0000 acc=0.6594 lr=3.00e-04 lambda=0.000 grl_lambda=0.148 v18_lambda=0.000 gpu=3.0/11.8GB
[19:28:00] [ep_summary] ep=03/100 val_live=0.7901/0.7953 val_ema=0.0000/0.0000 test77_live=0.4101/0.3132 test77_diag_ema=0.0000/0.0000 v13=0.0012 grl=0.5598 v15=0.0000 v15r=0.0000 v16=0.0000 v17=0.0000 v18=0.0000 das=stage1[10,24] p=0.35 ep_time=27.9s
[19:28:01] [train] epoch 4/100 steps=40 use_dann=0 das=stage1 f=[10.0,24.0] p=0.35 gpu=3.0/11.8GB
[19:28:01] [train] ep=04 step=001/40 ce=2.6622 sc=1.2497 mi=0.1835 dn=0.0000 v13=0.0024 grl=0.5802 v15=0.0000 v15r=0.0000 v16=0.0000 v17=0.0000 v18=0.0000 acc=0.8125 lr=3.00e-04 lambda=0.000 grl_lambda=0.149 v18_lambda=0.000 gpu=3.0/11.8GB
[19:28:06] [train] ep=04 step=010/40 ce=3.4563 sc=1.8083 mi=0.1661 dn=0.0000 v13=0.0013 grl=0.5130 v15=0.0000 v15r=0.0000 v16=0.0000 v17=0.0000 v18=0.0000 acc=0.7562 lr=3.00e-04 lambda=0.000 grl_lambda=0.160 v18_lambda=0.000 gpu=3.0/11.8GB
[19:28:12] [train] ep=04 step=020/40 ce=3.2250 sc=1.6588 mi=0.1537 dn=0.0000 v13=0.0012 grl=0.4918 v15=0.0000 v15r=0.0000 v16=0.0000 v17=0.0000 v18=0.0000 acc=0.7750 lr=3.00e-04 lambda=0.000 grl_lambda=0.172 v18_lambda=0.000 gpu=3.0/11.8GB
[19:28:18] [train] ep=04 step=030/40 ce=3.4051 sc=1.6550 mi=0.1430 dn=0.0000 v13=0.0012 grl=0.4798 v15=0.0000 v15r=0.0000 v16=0.0000 v17=0.0000 v18=0.0000 acc=0.7708 lr=3.00e-04 lambda=0.000 grl_lambda=0.184 v18_lambda=0.000 gpu=3.0/11.8GB
[19:28:24] [train] ep=04 step=040/40 ce=3.2278 sc=1.6242 mi=0.1345 dn=0.0000 v13=0.0011 grl=0.4779 v15=0.0000 v15r=0.0000 v16=0.0000 v17=0.0000 v18=0.0000 acc=0.7844 lr=3.00e-04 lambda=0.000 grl_lambda=0.196 v18_lambda=0.000 gpu=3.0/11.8GB
[19:28:29] [ep_summary] ep=04/100 val_live=0.8333/0.8097 val_ema=0.0000/0.0000 test77_live=0.4928/0.4032 test77_diag_ema=0.0000/0.0000 v13=0.0011 grl=0.4779 v15=0.0000 v15r=0.0000 v16=0.0000 v17=0.0000 v18=0.0000 das=stage1[10,24] p=0.35 ep_time=28.2s
[19:28:29] [train] epoch 5/100 steps=40 use_dann=0 das=stage1 f=[10.0,24.0] p=0.35 gpu=3.0/11.8GB
[19:28:29] [train] ep=05 step=001/40 ce=3.9329 sc=1.5304 mi=0.1016 dn=0.0000 v13=0.0009 grl=0.4341 v15=0.0000 v15r=0.0000 v16=0.0000 v17=0.0000 v18=0.0000 acc=0.7500 lr=3.00e-04 lambda=0.000 grl_lambda=0.197 v18_lambda=0.000 gpu=3.0/11.8GB
[19:28:35] [train] ep=05 step=010/40 ce=3.0731 sc=1.6742 mi=0.1103 dn=0.0000 v13=0.0009 grl=0.4449 v15=0.0000 v15r=0.0000 v16=0.0000 v17=0.0000 v18=0.0000 acc=0.7812 lr=3.00e-04 lambda=0.000 grl_lambda=0.208 v18_lambda=0.000 gpu=3.0/11.8GB
[19:28:40] [train] ep=05 step=020/40 ce=2.8178 sc=1.5128 mi=0.1081 dn=0.0000 v13=0.0009 grl=0.4117 v15=0.0000 v15r=0.0000 v16=0.0000 v17=0.0000 v18=0.0000 acc=0.8125 lr=3.00e-04 lambda=0.000 grl_lambda=0.220 v18_lambda=0.000 gpu=3.0/11.8GB
[19:28:46] [train] ep=05 step=030/40 ce=2.9367 sc=1.5257 mi=0.1026 dn=0.0000 v13=0.0008 grl=0.4273 v15=0.0000 v15r=0.0000 v16=0.0000 v17=0.0000 v18=0.0000 acc=0.8187 lr=3.00e-04 lambda=0.000 grl_lambda=0.232 v18_lambda=0.000 gpu=3.0/11.8GB
[19:28:52] [train] ep=05 step=040/40 ce=2.8078 sc=1.4969 mi=0.0995 dn=0.0000 v13=0.0008 grl=0.4282 v15=0.0000 v15r=0.0000 v16=0.0000 v17=0.0000 v18=0.0000 acc=0.8234 lr=3.00e-04 lambda=0.000 grl_lambda=0.244 v18_lambda=0.000 gpu=3.0/11.8GB
[19:29:02] [ep_summary] ep=05/100 val_live=0.8086/0.8074 val_ema=0.1358/0.0432 test77_live=0.3345/0.2571 test77_diag_ema=0.1619/0.0778 v13=0.0008 grl=0.4282 v15=0.0000 v15r=0.0000 v16=0.0000 v17=0.0000 v18=0.0000 das=stage1[10,24] p=0.35 ep_time=33.5s
[19:29:02] [save] best_sourceval_ema val_acc_ema=0.1358 source_val_live=0.8086/0.8074 source_val_ema=0.1358/0.0432 ep=5
[19:29:02] [train] epoch 6/100 steps=40 use_dann=0 das=stage1 f=[10.0,24.0] p=0.35 gpu=3.0/11.8GB
[19:29:03] [train] ep=06 step=001/40 ce=4.1557 sc=1.3487 mi=0.0900 dn=0.0000 v13=0.0007 grl=0.3856 v15=0.0000 v15r=0.0000 v16=0.0000 v17=0.0000 v18=0.0000 acc=0.6875 lr=3.00e-04 lambda=0.000 grl_lambda=0.245 v18_lambda=0.000 gpu=3.0/11.8GB
[19:29:08] [train] ep=06 step=010/40 ce=2.4471 sc=1.4700 mi=0.0889 dn=0.0000 v13=0.0009 grl=0.4755 v15=0.0000 v15r=0.0000 v16=0.0000 v17=0.0000 v18=0.0000 acc=0.8250 lr=3.00e-04 lambda=0.000 grl_lambda=0.255 v18_lambda=0.000 gpu=3.0/11.8GB
[19:29:14] [train] ep=06 step=020/40 ce=2.6117 sc=1.3808 mi=0.0866 dn=0.0000 v13=0.0009 grl=0.4743 v15=0.0000 v15r=0.0000 v16=0.0000 v17=0.0000 v18=0.0000 acc=0.8156 lr=3.00e-04 lambda=0.000 grl_lambda=0.267 v18_lambda=0.000 gpu=3.0/11.8GB
[19:29:20] [train] ep=06 step=030/40 ce=2.4670 sc=1.4184 mi=0.0844 dn=0.0000 v13=0.0008 grl=0.4575 v15=0.0000 v15r=0.0000 v16=0.0000 v17=0.0000 v18=0.0000 acc=0.8396 lr=2.99e-04 lambda=0.000 grl_lambda=0.279 v18_lambda=0.000 gpu=3.0/11.8GB
[19:29:26] [train] ep=06 step=040/40 ce=2.3366 sc=1.3785 mi=0.0828 dn=0.0000 v13=0.0008 grl=0.4523 v15=0.0000 v15r=0.0000 v16=0.0000 v17=0.0000 v18=0.0000 acc=0.8547 lr=2.99e-04 lambda=0.000 grl_lambda=0.290 v18_lambda=0.000 gpu=3.0/11.8GB
[19:29:36] [ep_summary] ep=06/100 val_live=0.9198/0.9204 val_ema=0.1605/0.0715 test77_live=0.4856/0.4150 test77_diag_ema=0.1619/0.0695 v13=0.0008 grl=0.4523 v15=0.0000 v15r=0.0000 v16=0.0000 v17=0.0000 v18=0.0000 das=stage1[10,24] p=0.35 ep_time=33.5s
[19:29:36] [save] best_sourceval_ema val_acc_ema=0.1605 source_val_live=0.9198/0.9204 source_val_ema=0.1605/0.0715 ep=6
[19:29:36] [train] epoch 7/100 steps=40 use_dann=0 das=stage1 f=[10.0,24.0] p=0.35 gpu=3.0/11.8GB
[19:29:36] [train] ep=07 step=001/40 ce=1.5202 sc=1.4299 mi=0.0747 dn=0.0000 v13=0.0005 grl=0.4063 v15=0.0000 v15r=0.0000 v16=0.0000 v17=0.0000 v18=0.0000 acc=0.9375 lr=2.99e-04 lambda=0.000 grl_lambda=0.291 v18_lambda=0.000 gpu=3.0/11.8GB
[19:29:42] [train] ep=07 step=010/40 ce=1.2520 sc=1.1823 mi=0.0783 dn=0.0000 v13=0.0006 grl=0.4420 v15=0.0000 v15r=0.0000 v16=0.0000 v17=0.0000 v18=0.0000 acc=0.9500 lr=2.99e-04 lambda=0.000 grl_lambda=0.302 v18_lambda=0.000 gpu=3.0/11.8GB
[19:29:47] [train] ep=07 step=020/40 ce=1.6428 sc=1.1924 mi=0.0798 dn=0.0000 v13=0.0006 grl=0.4323 v15=0.0000 v15r=0.0000 v16=0.0000 v17=0.0000 v18=0.0000 acc=0.9094 lr=2.99e-04 lambda=0.000 grl_lambda=0.313 v18_lambda=0.000 gpu=3.0/11.8GB
[19:29:53] [train] ep=07 step=030/40 ce=1.5936 sc=1.1583 mi=0.0800 dn=0.0000 v13=0.0006 grl=0.4520 v15=0.0000 v15r=0.0000 v16=0.0000 v17=0.0000 v18=0.0000 acc=0.9146 lr=2.99e-04 lambda=0.000 grl_lambda=0.324 v18_lambda=0.000 gpu=3.0/11.8GB
[19:29:59] [train] ep=07 step=040/40 ce=1.5955 sc=1.1718 mi=0.0794 dn=0.0000 v13=0.0006 grl=0.4587 v15=0.0000 v15r=0.0000 v16=0.0000 v17=0.0000 v18=0.0000 acc=0.9156 lr=2.99e-04 lambda=0.000 grl_lambda=0.335 v18_lambda=0.000 gpu=3.0/11.8GB
[19:30:09] [ep_summary] ep=07/100 val_live=0.9259/0.9254 val_ema=0.1667/0.0725 test77_live=0.5468/0.4657 test77_diag_ema=0.1511/0.0587 v13=0.0006 grl=0.4587 v15=0.0000 v15r=0.0000 v16=0.0000 v17=0.0000 v18=0.0000 das=stage1[10,24] p=0.35 ep_time=33.5s
[19:30:09] [save] best_sourceval_ema val_acc_ema=0.1667 source_val_live=0.9259/0.9254 source_val_ema=0.1667/0.0725 ep=7
[19:30:09] [train] epoch 8/100 steps=40 use_dann=0 das=stage1 f=[10.0,24.0] p=0.35 gpu=3.0/11.8GB
[19:30:10] [train] ep=08 step=001/40 ce=3.1502 sc=1.5307 mi=0.0702 dn=0.0000 v13=0.0007 grl=0.4889 v15=0.0000 v15r=0.0000 v16=0.0000 v17=0.0000 v18=0.0000 acc=0.7500 lr=2.99e-04 lambda=0.000 grl_lambda=0.336 v18_lambda=0.000 gpu=3.0/11.8GB
[19:30:15] [train] ep=08 step=010/40 ce=1.4635 sc=1.1372 mi=0.0744 dn=0.0000 v13=0.0009 grl=0.5096 v15=0.0000 v15r=0.0000 v16=0.0000 v17=0.0000 v18=0.0000 acc=0.9250 lr=2.99e-04 lambda=0.000 grl_lambda=0.346 v18_lambda=0.000 gpu=3.0/11.8GB
[19:30:21] [train] ep=08 step=020/40 ce=1.5044 sc=1.1294 mi=0.0771 dn=0.0000 v13=0.0007 grl=0.5057 v15=0.0000 v15r=0.0000 v16=0.0000 v17=0.0000 v18=0.0000 acc=0.9250 lr=2.98e-04 lambda=0.000 grl_lambda=0.357 v18_lambda=0.000 gpu=3.0/11.8GB
[19:30:27] [train] ep=08 step=030/40 ce=1.5629 sc=1.1497 mi=0.0763 dn=0.0000 v13=0.0007 grl=0.4850 v15=0.0000 v15r=0.0000 v16=0.0000 v17=0.0000 v18=0.0000 acc=0.9208 lr=2.98e-04 lambda=0.000 grl_lambda=0.368 v18_lambda=0.000 gpu=3.0/11.8GB
[19:30:33] [train] ep=08 step=040/40 ce=1.4790 sc=1.1390 mi=0.0753 dn=0.0000 v13=0.0006 grl=0.4921 v15=0.0000 v15r=0.0000 v16=0.0000 v17=0.0000 v18=0.0000 acc=0.9234 lr=2.98e-04 lambda=0.000 grl_lambda=0.379 v18_lambda=0.000 gpu=3.0/11.8GB
[19:30:43] [ep_summary] ep=08/100 val_live=0.9444/0.9439 val_ema=0.2037/0.1204 test77_live=0.4640/0.3520 test77_diag_ema=0.1439/0.0513 v13=0.0006 grl=0.4921 v15=0.0000 v15r=0.0000 v16=0.0000 v17=0.0000 v18=0.0000 das=stage1[10,24] p=0.35 ep_time=33.5s
[19:30:43] [save] best_sourceval_ema val_acc_ema=0.2037 source_val_live=0.9444/0.9439 source_val_ema=0.2037/0.1204 ep=8
[19:30:43] [train] epoch 9/100 steps=40 use_dann=0 das=stage2 f=[10.0,50.0] p=0.70 gpu=3.0/11.8GB
[19:30:44] [train] ep=09 step=001/40 ce=1.6433 sc=1.3118 mi=0.0957 dn=0.0000 v13=0.0015 grl=1.1516 v15=0.0000 v15r=0.0000 v16=0.0000 v17=0.0000 v18=0.0000 acc=0.8750 lr=2.98e-04 lambda=0.000 grl_lambda=0.380 v18_lambda=0.000 gpu=3.0/11.8GB
[19:30:49] [train] ep=09 step=010/40 ce=1.6586 sc=1.3289 mi=0.0769 dn=0.0000 v13=0.0010 grl=1.0454 v15=0.0000 v15r=0.0000 v16=0.0000 v17=0.0000 v18=0.0000 acc=0.8938 lr=2.98e-04 lambda=0.000 grl_lambda=0.390 v18_lambda=0.000 gpu=3.0/11.8GB
[19:30:55] [train] ep=09 step=020/40 ce=1.5435 sc=1.2134 mi=0.0744 dn=0.0000 v13=0.0009 grl=0.9088 v15=0.0000 v15r=0.0000 v16=0.0000 v17=0.0000 v18=0.0000 acc=0.9062 lr=2.98e-04 lambda=0.000 grl_lambda=0.400 v18_lambda=0.000 gpu=3.0/11.8GB
[19:31:00] [train] ep=09 step=030/40 ce=1.5648 sc=1.1792 mi=0.0745 dn=0.0000 v13=0.0010 grl=0.8940 v15=0.0000 v15r=0.0000 v16=0.0000 v17=0.0000 v18=0.0000 acc=0.9125 lr=2.97e-04 lambda=0.000 grl_lambda=0.411 v18_lambda=0.000 gpu=3.0/11.8GB
[19:31:06] [train] ep=09 step=040/40 ce=1.4401 sc=1.1493 mi=0.0746 dn=0.0000 v13=0.0009 grl=0.8583 v15=0.0000 v15r=0.0000 v16=0.0000 v17=0.0000 v18=0.0000 acc=0.9219 lr=2.97e-04 lambda=0.000 grl_lambda=0.421 v18_lambda=0.000 gpu=3.0/11.8GB
[19:31:51] [ep_summary] ep=09/100 val_live=0.9198/0.9210 val_ema=0.2284/0.1555 test77_live=0.5827/0.5332 test77_diag_ema=0.1439/0.0438 v13=0.0009 grl=0.8583 v15=0.0000 v15r=0.0000 v16=0.0000 v17=0.0000 v18=0.0000 das=stage2[10,50] p=0.70 ep_time=67.8s
[19:31:51] [save] best_sourceval_ema val_acc_ema=0.2284 source_val_live=0.9198/0.9210 source_val_ema=0.2284/0.1555 ep=9
[19:31:51] [train] epoch 10/100 steps=40 use_dann=0 das=stage2 f=[10.0,50.0] p=0.70 gpu=3.0/11.8GB
[19:31:52] [train] ep=10 step=001/40 ce=1.6819 sc=1.1815 mi=0.0688 dn=0.0000 v13=0.0011 grl=0.8448 v15=0.0000 v15r=0.0000 v16=0.0000 v17=0.0000 v18=0.0000 acc=0.8750 lr=2.97e-04 lambda=0.000 grl_lambda=0.422 v18_lambda=0.000 gpu=3.0/11.8GB
[19:31:57] [train] ep=10 step=010/40 ce=1.3393 sc=1.2192 mi=0.0729 dn=0.0000 v13=0.0010 grl=0.8423 v15=0.0000 v15r=0.0000 v16=0.0000 v17=0.0000 v18=0.0000 acc=0.9250 lr=2.97e-04 lambda=0.000 grl_lambda=0.431 v18_lambda=0.000 gpu=3.0/11.8GB
[19:32:04] [train] ep=10 step=020/40 ce=1.2245 sc=1.1881 mi=0.0713 dn=0.0000 v13=0.0010 grl=0.7938 v15=0.0000 v15r=0.0000 v16=0.0000 v17=0.0000 v18=0.0000 acc=0.9281 lr=2.97e-04 lambda=0.000 grl_lambda=0.441 v18_lambda=0.000 gpu=3.0/11.8GB
[19:32:10] [train] ep=10 step=030/40 ce=1.3033 sc=1.1643 mi=0.0722 dn=0.0000 v13=0.0010 grl=0.8376 v15=0.0000 v15r=0.0000 v16=0.0000 v17=0.0000 v18=0.0000 acc=0.9250 lr=2.96e-04 lambda=0.000 grl_lambda=0.451 v18_lambda=0.000 gpu=3.0/11.8GB
[19:32:16] [train] ep=10 step=040/40 ce=1.2906 sc=1.1092 mi=0.0717 dn=0.0000 v13=0.0010 grl=0.8113 v15=0.0000 v15r=0.0000 v16=0.0000 v17=0.0000 v18=0.0000 acc=0.9281 lr=2.96e-04 lambda=0.000 grl_lambda=0.461 v18_lambda=0.000 gpu=3.0/11.8GB
[19:32:27] [pool] check ep=010/100 source_val_acc_ema=0.2531 threshold=0.90
[19:32:27] [pool] ep=010 SKIP (source_val_acc_ema=0.2531 < 0.90)
[19:32:37] [ep_summary] ep=10/100 val_live=0.9383/0.9394 val_ema=0.2531/0.1893 test77_live=0.6331/0.5728 test77_diag_ema=0.1403/0.0391 v13=0.0010 grl=0.8113 v15=0.0000 v15r=0.0000 v16=0.0000 v17=0.0000 v18=0.0000 das=stage2[10,50] p=0.70 ep_time=45.5s
[19:32:37] [save] best_sourceval_ema val_acc_ema=0.2531 source_val_live=0.9383/0.9394 source_val_ema=0.2531/0.1893 ep=10
[19:32:37] [strict77_monitor] ep=10 best_source_epoch=10 source_val_ema=0.2531/0.1893 test77_ema_diag=0.1403/0.0391 sourcequalified_count=0
[19:32:37] [train] epoch 11/100 steps=40 use_dann=0 das=stage2 f=[10.0,50.0] p=0.70 gpu=3.0/11.8GB
[19:32:37] [train] ep=11 step=001/40 ce=0.5722 sc=0.7547 mi=0.0710 dn=0.0000 v13=0.0010 grl=0.8363 v15=0.0000 v15r=0.0000 v16=0.0000 v17=0.0000 v18=0.0000 acc=1.0000 lr=2.96e-04 lambda=0.000 grl_lambda=0.462 v18_lambda=0.000 gpu=3.0/11.8GB
[19:32:43] [train] ep=11 step=010/40 ce=1.1395 sc=0.9580 mi=0.0706 dn=0.0000 v13=0.0008 grl=0.8193 v15=0.0000 v15r=0.0000 v16=0.0000 v17=0.0000 v18=0.0000 acc=0.9437 lr=2.96e-04 lambda=0.000 grl_lambda=0.471 v18_lambda=0.000 gpu=3.0/11.8GB
[19:32:48] [train] ep=11 step=020/40 ce=1.0035 sc=0.9674 mi=0.0718 dn=0.0000 v13=0.0008 grl=0.8010 v15=0.0000 v15r=0.0000 v16=0.0000 v17=0.0000 v18=0.0000 acc=0.9531 lr=2.96e-04 lambda=0.000 grl_lambda=0.481 v18_lambda=0.000 gpu=3.0/11.8GB
[19:32:54] [train] ep=11 step=030/40 ce=0.9331 sc=0.9550 mi=0.0707 dn=0.0000 v13=0.0008 grl=0.8018 v15=0.0000 v15r=0.0000 v16=0.0000 v17=0.0000 v18=0.0000 acc=0.9604 lr=2.95e-04 lambda=0.000 grl_lambda=0.490 v18_lambda=0.000 gpu=3.0/11.8GB
[19:33:00] [train] ep=11 step=040/40 ce=0.9660 sc=0.9779 mi=0.0702 dn=0.0000 v13=0.0008 grl=0.8127 v15=0.0000 v15r=0.0000 v16=0.0000 v17=0.0000 v18=0.0000 acc=0.9547 lr=2.95e-04 lambda=0.000 grl_lambda=0.500 v18_lambda=0.000 gpu=3.0/11.8GB
[19:33:10] [ep_summary] ep=11/100 val_live=0.9198/0.9197 val_ema=0.2716/0.2099 test77_live=0.7302/0.6693 test77_diag_ema=0.1403/0.0388 v13=0.0008 grl=0.8127 v15=0.0000 v15r=0.0000 v16=0.0000 v17=0.0000 v18=0.0000 das=stage2[10,50] p=0.70 ep_time=33.4s
[19:33:10] [save] best_sourceval_ema val_acc_ema=0.2716 source_val_live=0.9198/0.9197 source_val_ema=0.2716/0.2099 ep=11
[19:33:10] [train] epoch 12/100 steps=40 use_dann=0 das=stage2 f=[10.0,50.0] p=0.70 gpu=3.0/11.8GB
[19:33:11] [train] ep=12 step=001/40 ce=1.0075 sc=0.7906 mi=0.0662 dn=0.0000 v13=0.0006 grl=0.8773 v15=0.0000 v15r=0.0000 v16=0.0000 v17=0.0000 v18=0.0000 acc=1.0000 lr=2.95e-04 lambda=0.000 grl_lambda=0.501 v18_lambda=0.000 gpu=3.0/11.8GB
[19:33:16] [train] ep=12 step=010/40 ce=0.8879 sc=0.9066 mi=0.0700 dn=0.0000 v13=0.0008 grl=0.8789 v15=0.0000 v15r=0.0000 v16=0.0000 v17=0.0000 v18=0.0000 acc=0.9812 lr=2.95e-04 lambda=0.000 grl_lambda=0.509 v18_lambda=0.000 gpu=3.0/11.8GB
[19:33:22] [train] ep=12 step=020/40 ce=0.8562 sc=0.9142 mi=0.0702 dn=0.0000 v13=0.0008 grl=0.8654 v15=0.0000 v15r=0.0000 v16=0.0000 v17=0.0000 v18=0.0000 acc=0.9719 lr=2.94e-04 lambda=0.000 grl_lambda=0.518 v18_lambda=0.000 gpu=3.0/11.8GB
[19:33:28] [train] ep=12 step=030/40 ce=0.8931 sc=0.9948 mi=0.0707 dn=0.0000 v13=0.0008 grl=0.8710 v15=0.0000 v15r=0.0000 v16=0.0000 v17=0.0000 v18=0.0000 acc=0.9688 lr=2.94e-04 lambda=0.000 grl_lambda=0.527 v18_lambda=0.000 gpu=3.0/11.8GB
[19:33:33] [train] ep=12 step=040/40 ce=0.8811 sc=0.9970 mi=0.0704 dn=0.0000 v13=0.0008 grl=0.8687 v15=0.0000 v15r=0.0000 v16=0.0000 v17=0.0000 v18=0.0000 acc=0.9656 lr=2.94e-04 lambda=0.000 grl_lambda=0.536 v18_lambda=0.000 gpu=3.0/11.8GB
[19:33:43] [ep_summary] ep=12/100 val_live=0.9630/0.9628 val_ema=0.3519/0.3019 test77_live=0.6835/0.6591 test77_diag_ema=0.1403/0.0374 v13=0.0008 grl=0.8687 v15=0.0000 v15r=0.0000 v16=0.0000 v17=0.0000 v18=0.0000 das=stage2[10,50] p=0.70 ep_time=33.4s
[19:33:44] [save] best_sourceval_ema val_acc_ema=0.3519 source_val_live=0.9630/0.9628 source_val_ema=0.3519/0.3019 ep=12
[19:33:44] [train] epoch 13/100 steps=40 use_dann=0 das=stage2 f=[10.0,50.0] p=0.70 gpu=3.0/11.8GB
[19:33:44] [train] ep=13 step=001/40 ce=1.0239 sc=1.2096 mi=0.0641 dn=0.0000 v13=0.0006 grl=0.8279 v15=0.0000 v15r=0.0000 v16=0.0000 v17=0.0000 v18=0.0000 acc=0.9375 lr=2.94e-04 lambda=0.000 grl_lambda=0.537 v18_lambda=0.000 gpu=3.0/11.8GB
[19:33:49] [train] ep=13 step=010/40 ce=0.8613 sc=0.8997 mi=0.0677 dn=0.0000 v13=0.0008 grl=0.8779 v15=0.0000 v15r=0.0000 v16=0.0000 v17=0.0000 v18=0.0000 acc=0.9625 lr=2.93e-04 lambda=0.000 grl_lambda=0.545 v18_lambda=0.000 gpu=3.0/11.8GB
[19:33:55] [train] ep=13 step=020/40 ce=0.7579 sc=0.9118 mi=0.0695 dn=0.0000 v13=0.0008 grl=0.8869 v15=0.0000 v15r=0.0000 v16=0.0000 v17=0.0000 v18=0.0000 acc=0.9719 lr=2.93e-04 lambda=0.000 grl_lambda=0.554 v18_lambda=0.000 gpu=3.0/11.8GB
[19:34:01] [train] ep=13 step=030/40 ce=0.7589 sc=0.9173 mi=0.0696 dn=0.0000 v13=0.0008 grl=0.8625 v15=0.0000 v15r=0.0000 v16=0.0000 v17=0.0000 v18=0.0000 acc=0.9688 lr=2.93e-04 lambda=0.000 grl_lambda=0.562 v18_lambda=0.000 gpu=3.0/11.8GB
[19:34:07] [train] ep=13 step=040/40 ce=0.7675 sc=0.9046 mi=0.0695 dn=0.0000 v13=0.0008 grl=0.8399 v15=0.0000 v15r=0.0000 v16=0.0000 v17=0.0000 v18=0.0000 acc=0.9672 lr=2.92e-04 lambda=0.000 grl_lambda=0.571 v18_lambda=0.000 gpu=3.0/11.8GB
[19:34:17] [ep_summary] ep=13/100 val_live=0.9198/0.9173 val_ema=0.4012/0.3531 test77_live=0.6691/0.6470 test77_diag_ema=0.1403/0.0367 v13=0.0008 grl=0.8399 v15=0.0000 v15r=0.0000 v16=0.0000 v17=0.0000 v18=0.0000 das=stage2[10,50] p=0.70 ep_time=33.4s
[19:34:17] [save] best_sourceval_ema val_acc_ema=0.4012 source_val_live=0.9198/0.9173 source_val_ema=0.4012/0.3531 ep=13
[19:34:17] [train] epoch 14/100 steps=40 use_dann=0 das=stage2 f=[10.0,50.0] p=0.70 gpu=3.0/11.8GB
[19:34:18] [train] ep=14 step=001/40 ce=1.5083 sc=0.7489 mi=0.0760 dn=0.0000 v13=0.0005 grl=0.7339 v15=0.0000 v15r=0.0000 v16=0.0000 v17=0.0000 v18=0.0000 acc=0.8750 lr=2.92e-04 lambda=0.000 grl_lambda=0.572 v18_lambda=0.000 gpu=3.0/11.8GB
[19:34:23] [train] ep=14 step=010/40 ce=1.2693 sc=1.0306 mi=0.0704 dn=0.0000 v13=0.0007 grl=0.7870 v15=0.0000 v15r=0.0000 v16=0.0000 v17=0.0000 v18=0.0000 acc=0.9313 lr=2.92e-04 lambda=0.000 grl_lambda=0.579 v18_lambda=0.000 gpu=3.0/11.8GB
[19:34:29] [train] ep=14 step=020/40 ce=1.0806 sc=0.9995 mi=0.0685 dn=0.0000 v13=0.0008 grl=0.8175 v15=0.0000 v15r=0.0000 v16=0.0000 v17=0.0000 v18=0.0000 acc=0.9469 lr=2.91e-04 lambda=0.000 grl_lambda=0.587 v18_lambda=0.000 gpu=3.0/11.8GB
[19:34:35] [train] ep=14 step=030/40 ce=1.0478 sc=1.0127 mi=0.0677 dn=0.0000 v13=0.0008 grl=0.8276 v15=0.0000 v15r=0.0000 v16=0.0000 v17=0.0000 v18=0.0000 acc=0.9458 lr=2.91e-04 lambda=0.000 grl_lambda=0.596 v18_lambda=0.000 gpu=3.0/11.8GB
[19:34:40] [train] ep=14 step=040/40 ce=1.0428 sc=1.0073 mi=0.0674 dn=0.0000 v13=0.0008 grl=0.8157 v15=0.0000 v15r=0.0000 v16=0.0000 v17=0.0000 v18=0.0000 acc=0.9469 lr=2.91e-04 lambda=0.000 grl_lambda=0.604 v18_lambda=0.000 gpu=3.0/11.8GB
[19:34:51] [ep_summary] ep=14/100 val_live=0.9444/0.9438 val_ema=0.4877/0.4437 test77_live=0.6871/0.6564 test77_diag_ema=0.1403/0.0359 v13=0.0008 grl=0.8157 v15=0.0000 v15r=0.0000 v16=0.0000 v17=0.0000 v18=0.0000 das=stage2[10,50] p=0.70 ep_time=33.5s
[19:34:51] [save] best_sourceval_ema val_acc_ema=0.4877 source_val_live=0.9444/0.9438 source_val_ema=0.4877/0.4437 ep=14
[19:34:51] [train] epoch 15/100 steps=40 use_dann=0 das=stage2 f=[10.0,50.0] p=0.70 gpu=3.0/11.8GB
[19:34:51] [train] ep=15 step=001/40 ce=0.6323 sc=0.6630 mi=0.0603 dn=0.0000 v13=0.0006 grl=0.7171 v15=0.0000 v15r=0.0000 v16=0.0000 v17=0.0000 v18=0.0000 acc=1.0000 lr=2.91e-04 lambda=0.000 grl_lambda=0.604 v18_lambda=0.000 gpu=3.0/11.8GB
[19:34:56] [train] ep=15 step=010/40 ce=0.6603 sc=0.7756 mi=0.0690 dn=0.0000 v13=0.0008 grl=0.8214 v15=0.0000 v15r=0.0000 v16=0.0000 v17=0.0000 v18=0.0000 acc=0.9875 lr=2.90e-04 lambda=0.000 grl_lambda=0.611 v18_lambda=0.000 gpu=3.0/11.8GB
[19:35:02] [train] ep=15 step=020/40 ce=0.8191 sc=0.8384 mi=0.0706 dn=0.0000 v13=0.0007 grl=0.8253 v15=0.0000 v15r=0.0000 v16=0.0000 v17=0.0000 v18=0.0000 acc=0.9688 lr=2.90e-04 lambda=0.000 grl_lambda=0.619 v18_lambda=0.000 gpu=3.0/11.8GB
[19:35:08] [train] ep=15 step=030/40 ce=0.9035 sc=0.9148 mi=0.0702 dn=0.0000 v13=0.0007 grl=0.8270 v15=0.0000 v15r=0.0000 v16=0.0000 v17=0.0000 v18=0.0000 acc=0.9583 lr=2.89e-04 lambda=0.000 grl_lambda=0.627 v18_lambda=0.000 gpu=3.0/11.8GB
[19:35:14] [train] ep=15 step=040/40 ce=0.8863 sc=0.9201 mi=0.0702 dn=0.0000 v13=0.0008 grl=0.8301 v15=0.0000 v15r=0.0000 v16=0.0000 v17=0.0000 v18=0.0000 acc=0.9578 lr=2.89e-04 lambda=0.000 grl_lambda=0.634 v18_lambda=0.000 gpu=3.0/11.8GB
[19:35:24] [ep_summary] ep=15/100 val_live=0.9321/0.9337 val_ema=0.5062/0.4602 test77_live=0.7410/0.7247 test77_diag_ema=0.1439/0.0421 v13=0.0008 grl=0.8301 v15=0.0000 v15r=0.0000 v16=0.0000 v17=0.0000 v18=0.0000 das=stage2[10,50] p=0.70 ep_time=33.4s
[19:35:24] [save] best_sourceval_ema val_acc_ema=0.5062 source_val_live=0.9321/0.9337 source_val_ema=0.5062/0.4602 ep=15
[19:35:24] [train] epoch 16/100 steps=40 use_dann=0 das=stage2 f=[10.0,50.0] p=0.70 gpu=3.0/11.8GB
[19:35:25] [train] ep=16 step=001/40 ce=1.0062 sc=0.9438 mi=0.0801 dn=0.0000 v13=0.0008 grl=0.7256 v15=0.0000 v15r=0.0000 v16=0.0000 v17=0.0000 v18=0.0000 acc=0.9375 lr=2.89e-04 lambda=0.000 grl_lambda=0.635 v18_lambda=0.000 gpu=3.0/11.8GB
[19:35:30] [train] ep=16 step=010/40 ce=0.6687 sc=0.9159 mi=0.0718 dn=0.0000 v13=0.0007 grl=0.9012 v15=0.0000 v15r=0.0000 v16=0.0000 v17=0.0000 v18=0.0000 acc=0.9750 lr=2.88e-04 lambda=0.000 grl_lambda=0.642 v18_lambda=0.000 gpu=3.0/11.8GB
[19:35:36] [train] ep=16 step=020/40 ce=0.8215 sc=0.8257 mi=0.0701 dn=0.0000 v13=0.0008 grl=0.8846 v15=0.0000 v15r=0.0000 v16=0.0000 v17=0.0000 v18=0.0000 acc=0.9625 lr=2.88e-04 lambda=0.000 grl_lambda=0.649 v18_lambda=0.000 gpu=3.0/11.8GB
[19:35:42] [train] ep=16 step=030/40 ce=0.8393 sc=0.9200 mi=0.0702 dn=0.0000 v13=0.0009 grl=0.8725 v15=0.0000 v15r=0.0000 v16=0.0000 v17=0.0000 v18=0.0000 acc=0.9625 lr=2.87e-04 lambda=0.000 grl_lambda=0.656 v18_lambda=0.000 gpu=3.0/11.8GB
[19:35:48] [train] ep=16 step=040/40 ce=0.8311 sc=0.9079 mi=0.0698 dn=0.0000 v13=0.0009 grl=0.8680 v15=0.0000 v15r=0.0000 v16=0.0000 v17=0.0000 v18=0.0000 acc=0.9641 lr=2.87e-04 lambda=0.000 grl_lambda=0.663 v18_lambda=0.000 gpu=3.0/11.8GB
[19:35:58] [ep_summary] ep=16/100 val_live=0.9630/0.9637 val_ema=0.5432/0.5000 test77_live=0.7338/0.7080 test77_diag_ema=0.1439/0.0422 v13=0.0009 grl=0.8680 v15=0.0000 v15r=0.0000 v16=0.0000 v17=0.0000 v18=0.0000 das=stage2[10,50] p=0.70 ep_time=33.7s
[19:35:58] [save] best_sourceval_ema val_acc_ema=0.5432 source_val_live=0.9630/0.9637 source_val_ema=0.5432/0.5000 ep=16
[19:35:58] [train] epoch 17/100 steps=40 use_dann=0 das=stage2 f=[10.0,50.0] p=0.70 gpu=3.0/11.8GB
[19:35:58] [train] ep=17 step=001/40 ce=0.2955 sc=1.0595 mi=0.0602 dn=0.0000 v13=0.0008 grl=0.8305 v15=0.0000 v15r=0.0000 v16=0.0000 v17=0.0000 v18=0.0000 acc=1.0000 lr=2.87e-04 lambda=0.000 grl_lambda=0.664 v18_lambda=0.000 gpu=3.0/11.8GB
[19:36:04] [train] ep=17 step=010/40 ce=0.7450 sc=0.9305 mi=0.0667 dn=0.0000 v13=0.0008 grl=0.8104 v15=0.0000 v15r=0.0000 v16=0.0000 v17=0.0000 v18=0.0000 acc=0.9750 lr=2.86e-04 lambda=0.000 grl_lambda=0.670 v18_lambda=0.000 gpu=3.0/11.8GB
[19:36:09] [train] ep=17 step=020/40 ce=0.7360 sc=0.9067 mi=0.0685 dn=0.0000 v13=0.0008 grl=0.8519 v15=0.0000 v15r=0.0000 v16=0.0000 v17=0.0000 v18=0.0000 acc=0.9750 lr=2.86e-04 lambda=0.000 grl_lambda=0.677 v18_lambda=0.000 gpu=3.0/11.8GB
[19:36:15] [train] ep=17 step=030/40 ce=0.7035 sc=0.9359 mi=0.0697 dn=0.0000 v13=0.0008 grl=0.8700 v15=0.0000 v15r=0.0000 v16=0.0000 v17=0.0000 v18=0.0000 acc=0.9771 lr=2.85e-04 lambda=0.000 grl_lambda=0.684 v18_lambda=0.000 gpu=3.0/11.8GB
[19:36:21] [train] ep=17 step=040/40 ce=0.7271 sc=0.9387 mi=0.0691 dn=0.0000 v13=0.0008 grl=0.8734 v15=0.0000 v15r=0.0000 v16=0.0000 v17=0.0000 v18=0.0000 acc=0.9750 lr=2.85e-04 lambda=0.000 grl_lambda=0.690 v18_lambda=0.000 gpu=3.0/11.8GB
[19:36:31] [ep_summary] ep=17/100 val_live=0.9630/0.9635 val_ema=0.5988/0.5724 test77_live=0.7158/0.6783 test77_diag_ema=0.1439/0.0422 v13=0.0008 grl=0.8734 v15=0.0000 v15r=0.0000 v16=0.0000 v17=0.0000 v18=0.0000 das=stage2[10,50] p=0.70 ep_time=33.3s
[19:36:31] [save] best_sourceval_ema val_acc_ema=0.5988 source_val_live=0.9630/0.9635 source_val_ema=0.5988/0.5724 ep=17
[19:36:31] [train] epoch 18/100 steps=40 use_dann=0 das=stage2 f=[10.0,50.0] p=0.70 gpu=3.0/11.8GB
[19:36:32] [train] ep=18 step=001/40 ce=0.3006 sc=0.5941 mi=0.0655 dn=0.0000 v13=0.0006 grl=0.7115 v15=0.0000 v15r=0.0000 v16=0.0000 v17=0.0000 v18=0.0000 acc=1.0000 lr=2.85e-04 lambda=0.000 grl_lambda=0.691 v18_lambda=0.000 gpu=3.0/11.8GB
[19:36:37] [train] ep=18 step=010/40 ce=0.4994 sc=0.8296 mi=0.0664 dn=0.0000 v13=0.0007 grl=0.8518 v15=0.0000 v15r=0.0000 v16=0.0000 v17=0.0000 v18=0.0000 acc=0.9812 lr=2.84e-04 lambda=0.000 grl_lambda=0.697 v18_lambda=0.000 gpu=3.0/11.8GB
[19:36:43] [train] ep=18 step=020/40 ce=0.4700 sc=0.8415 mi=0.0654 dn=0.0000 v13=0.0008 grl=0.8357 v15=0.0000 v15r=0.0000 v16=0.0000 v17=0.0000 v18=0.0000 acc=0.9875 lr=2.84e-04 lambda=0.000 grl_lambda=0.703 v18_lambda=0.000 gpu=3.0/11.8GB
[19:36:49] [train] ep=18 step=030/40 ce=0.4725 sc=0.9039 mi=0.0665 dn=0.0000 v13=0.0008 grl=0.8494 v15=0.0000 v15r=0.0000 v16=0.0000 v17=0.0000 v18=0.0000 acc=0.9896 lr=2.83e-04 lambda=0.000 grl_lambda=0.710 v18_lambda=0.000 gpu=3.0/11.8GB
[19:36:54] [train] ep=18 step=040/40 ce=0.4629 sc=0.8750 mi=0.0663 dn=0.0000 v13=0.0007 grl=0.8506 v15=0.0000 v15r=0.0000 v16=0.0000 v17=0.0000 v18=0.0000 acc=0.9891 lr=2.83e-04 lambda=0.000 grl_lambda=0.716 v18_lambda=0.000 gpu=3.0/11.8GB
[19:37:48] [ep_summary] ep=18/100 val_live=0.9630/0.9635 val_ema=0.6235/0.5948 test77_live=0.7806/0.7717 test77_diag_ema=0.1439/0.0422 v13=0.0007 grl=0.8506 v15=0.0000 v15r=0.0000 v16=0.0000 v17=0.0000 v18=0.0000 das=stage2[10,50] p=0.70 ep_time=77.0s
[19:37:48] [save] best_sourceval_ema val_acc_ema=0.6235 source_val_live=0.9630/0.9635 source_val_ema=0.6235/0.5948 ep=18
[19:37:48] [train] epoch 19/100 steps=40 use_dann=0 das=stage2 f=[10.0,50.0] p=0.70 gpu=3.0/11.8GB
[19:37:49] [train] ep=19 step=001/40 ce=0.4639 sc=0.6292 mi=0.0640 dn=0.0000 v13=0.0008 grl=0.7836 v15=0.0000 v15r=0.0000 v16=0.0000 v17=0.0000 v18=0.0000 acc=1.0000 lr=2.83e-04 lambda=0.000 grl_lambda=0.716 v18_lambda=0.000 gpu=3.0/11.8GB
[19:37:54] [train] ep=19 step=010/40 ce=0.4996 sc=0.8087 mi=0.0663 dn=0.0000 v13=0.0008 grl=0.8883 v15=0.0000 v15r=0.0000 v16=0.0000 v17=0.0000 v18=0.0000 acc=0.9875 lr=2.82e-04 lambda=0.000 grl_lambda=0.722 v18_lambda=0.000 gpu=3.0/11.8GB
[19:38:00] [train] ep=19 step=020/40 ce=0.4652 sc=0.7969 mi=0.0677 dn=0.0000 v13=0.0008 grl=0.8640 v15=0.0000 v15r=0.0000 v16=0.0000 v17=0.0000 v18=0.0000 acc=0.9875 lr=2.82e-04 lambda=0.000 grl_lambda=0.728 v18_lambda=0.000 gpu=3.0/11.8GB
[19:38:06] [train] ep=19 step=030/40 ce=0.4968 sc=0.8260 mi=0.0670 dn=0.0000 v13=0.0008 grl=0.8647 v15=0.0000 v15r=0.0000 v16=0.0000 v17=0.0000 v18=0.0000 acc=0.9833 lr=2.81e-04 lambda=0.000 grl_lambda=0.733 v18_lambda=0.000 gpu=3.0/11.8GB
[19:38:12] [train] ep=19 step=040/40 ce=0.5019 sc=0.8297 mi=0.0675 dn=0.0000 v13=0.0008 grl=0.8588 v15=0.0000 v15r=0.0000 v16=0.0000 v17=0.0000 v18=0.0000 acc=0.9828 lr=2.80e-04 lambda=0.000 grl_lambda=0.739 v18_lambda=0.000 gpu=3.0/11.8GB
[19:38:22] [ep_summary] ep=19/100 val_live=0.9321/0.9331 val_ema=0.6667/0.6383 test77_live=0.8273/0.8210 test77_diag_ema=0.1439/0.0422 v13=0.0008 grl=0.8588 v15=0.0000 v15r=0.0000 v16=0.0000 v17=0.0000 v18=0.0000 das=stage2[10,50] p=0.70 ep_time=33.6s
[19:38:22] [save] best_sourceval_ema val_acc_ema=0.6667 source_val_live=0.9321/0.9331 source_val_ema=0.6667/0.6383 ep=19
[19:38:22] [train] epoch 20/100 steps=40 use_dann=0 das=stage2 f=[10.0,50.0] p=0.70 gpu=3.0/11.8GB
[19:38:22] [train] ep=20 step=001/40 ce=0.3258 sc=0.8113 mi=0.0608 dn=0.0000 v13=0.0008 grl=0.8064 v15=0.0000 v15r=0.0000 v16=0.0000 v17=0.0000 v18=0.0000 acc=1.0000 lr=2.80e-04 lambda=0.000 grl_lambda=0.740 v18_lambda=0.000 gpu=3.0/11.8GB
[19:38:28] [train] ep=20 step=010/40 ce=0.4647 sc=0.7810 mi=0.0658 dn=0.0000 v13=0.0007 grl=0.8424 v15=0.0000 v15r=0.0000 v16=0.0000 v17=0.0000 v18=0.0000 acc=0.9812 lr=2.80e-04 lambda=0.000 grl_lambda=0.745 v18_lambda=0.000 gpu=3.0/11.8GB
[19:38:33] [train] ep=20 step=020/40 ce=0.4727 sc=0.8025 mi=0.0683 dn=0.0000 v13=0.0006 grl=0.8341 v15=0.0000 v15r=0.0000 v16=0.0000 v17=0.0000 v18=0.0000 acc=0.9812 lr=2.79e-04 lambda=0.000 grl_lambda=0.750 v18_lambda=0.000 gpu=3.0/11.8GB
[19:38:39] [train] ep=20 step=030/40 ce=0.4647 sc=0.7934 mi=0.0678 dn=0.0000 v13=0.0006 grl=0.8613 v15=0.0000 v15r=0.0000 v16=0.0000 v17=0.0000 v18=0.0000 acc=0.9833 lr=2.79e-04 lambda=0.000 grl_lambda=0.756 v18_lambda=0.000 gpu=3.0/11.8GB
[19:38:45] [train] ep=20 step=040/40 ce=0.5043 sc=0.8246 mi=0.0672 dn=0.0000 v13=0.0006 grl=0.8540 v15=0.0000 v15r=0.0000 v16=0.0000 v17=0.0000 v18=0.0000 acc=0.9812 lr=2.78e-04 lambda=0.000 grl_lambda=0.761 v18_lambda=0.000 gpu=3.0/11.8GB
[19:38:55] [pool] check ep=020/100 source_val_acc_ema=0.6914 threshold=0.90
[19:38:55] [pool] ep=020 SKIP (source_val_acc_ema=0.6914 < 0.90)
[19:38:55] [ep_summary] ep=20/100 val_live=0.9444/0.9438 val_ema=0.6914/0.6700 test77_live=0.6942/0.6487 test77_diag_ema=0.1475/0.0488 v13=0.0006 grl=0.8540 v15=0.0000 v15r=0.0000 v16=0.0000 v17=0.0000 v18=0.0000 das=stage2[10,50] p=0.70 ep_time=33.4s
[19:38:55] [save] best_sourceval_ema val_acc_ema=0.6914 source_val_live=0.9444/0.9438 source_val_ema=0.6914/0.6700 ep=20
[19:38:55] [strict77_monitor] ep=20 best_source_epoch=20 source_val_ema=0.6914/0.6700 test77_ema_diag=0.1475/0.0488 sourcequalified_count=0
[19:38:55] [train] epoch 21/100 steps=40 use_dann=0 das=stage2 f=[10.0,50.0] p=0.70 gpu=3.0/11.8GB
[19:38:56] [train] ep=21 step=001/40 ce=0.5119 sc=1.0086 mi=0.0668 dn=0.0000 v13=0.0010 grl=1.0512 v15=0.0000 v15r=0.0000 v16=0.0000 v17=0.0000 v18=0.0000 acc=1.0000 lr=2.78e-04 lambda=0.000 grl_lambda=0.762 v18_lambda=0.000 gpu=3.0/11.8GB
[19:39:01] [train] ep=21 step=010/40 ce=0.4465 sc=0.8314 mi=0.0643 dn=0.0000 v13=0.0006 grl=0.8379 v15=0.0000 v15r=0.0000 v16=0.0000 v17=0.0000 v18=0.0000 acc=0.9938 lr=2.77e-04 lambda=0.000 grl_lambda=0.766 v18_lambda=0.000 gpu=3.0/11.8GB
[19:39:07] [train] ep=21 step=020/40 ce=0.4129 sc=0.8061 mi=0.0637 dn=0.0000 v13=0.0007 grl=0.8385 v15=0.0000 v15r=0.0000 v16=0.0000 v17=0.0000 v18=0.0000 acc=0.9938 lr=2.77e-04 lambda=0.000 grl_lambda=0.771 v18_lambda=0.000 gpu=3.0/11.8GB
[19:39:13] [train] ep=21 step=030/40 ce=0.5205 sc=0.8098 mi=0.0636 dn=0.0000 v13=0.0007 grl=0.8562 v15=0.0000 v15r=0.0000 v16=0.0000 v17=0.0000 v18=0.0000 acc=0.9833 lr=2.76e-04 lambda=0.000 grl_lambda=0.776 v18_lambda=0.000 gpu=3.0/11.8GB
[19:39:18] [train] ep=21 step=040/40 ce=0.4789 sc=0.7988 mi=0.0643 dn=0.0000 v13=0.0007 grl=0.8638 v15=0.0000 v15r=0.0000 v16=0.0000 v17=0.0000 v18=0.0000 acc=0.9875 lr=2.75e-04 lambda=0.000 grl_lambda=0.781 v18_lambda=0.000 gpu=3.0/11.8GB
[19:39:29] [ep_summary] ep=21/100 val_live=0.9630/0.9625 val_ema=0.7222/0.7077 test77_live=0.7446/0.6961 test77_diag_ema=0.1511/0.0554 v13=0.0007 grl=0.8638 v15=0.0000 v15r=0.0000 v16=0.0000 v17=0.0000 v18=0.0000 das=stage2[10,50] p=0.70 ep_time=33.4s
[19:39:29] [save] best_sourceval_ema val_acc_ema=0.7222 source_val_live=0.9630/0.9625 source_val_ema=0.7222/0.7077 ep=21
[19:39:29] [train] epoch 22/100 steps=40 use_dann=0 das=stage2 f=[10.0,50.0] p=0.70 gpu=3.0/11.8GB
[19:39:29] [train] ep=22 step=001/40 ce=1.0073 sc=0.8601 mi=0.0666 dn=0.0000 v13=0.0007 grl=0.8831 v15=0.0000 v15r=0.0000 v16=0.0000 v17=0.0000 v18=0.0000 acc=0.9375 lr=2.75e-04 lambda=0.000 grl_lambda=0.782 v18_lambda=0.000 gpu=3.0/11.8GB
[19:39:35] [train] ep=22 step=010/40 ce=0.5768 sc=1.0269 mi=0.0651 dn=0.0000 v13=0.0006 grl=0.8305 v15=0.0000 v15r=0.0000 v16=0.0000 v17=0.0000 v18=0.0000 acc=0.9750 lr=2.75e-04 lambda=0.000 grl_lambda=0.786 v18_lambda=0.000 gpu=3.0/11.8GB
[19:39:40] [train] ep=22 step=020/40 ce=0.6552 sc=1.0867 mi=0.0654 dn=0.0000 v13=0.0006 grl=0.8382 v15=0.0000 v15r=0.0000 v16=0.0000 v17=0.0000 v18=0.0000 acc=0.9719 lr=2.74e-04 lambda=0.000 grl_lambda=0.791 v18_lambda=0.000 gpu=3.0/11.8GB
[19:39:46] [train] ep=22 step=030/40 ce=0.5944 sc=0.9803 mi=0.0658 dn=0.0000 v13=0.0006 grl=0.8534 v15=0.0000 v15r=0.0000 v16=0.0000 v17=0.0000 v18=0.0000 acc=0.9750 lr=2.73e-04 lambda=0.000 grl_lambda=0.796 v18_lambda=0.000 gpu=3.0/11.8GB
[19:39:52] [train] ep=22 step=040/40 ce=0.5480 sc=0.9042 mi=0.0656 dn=0.0000 v13=0.0006 grl=0.8599 v15=0.0000 v15r=0.0000 v16=0.0000 v17=0.0000 v18=0.0000 acc=0.9781 lr=2.73e-04 lambda=0.000 grl_lambda=0.800 v18_lambda=0.000 gpu=3.0/11.8GB
[19:40:27] [ep_summary] ep=22/100 val_live=0.9568/0.9579 val_ema=0.7593/0.7490 test77_live=0.7050/0.6522 test77_diag_ema=0.1583/0.0675 v13=0.0006 grl=0.8599 v15=0.0000 v15r=0.0000 v16=0.0000 v17=0.0000 v18=0.0000 das=stage2[10,50] p=0.70 ep_time=58.5s
[19:40:27] [save] best_sourceval_ema val_acc_ema=0.7593 source_val_live=0.9568/0.9579 source_val_ema=0.7593/0.7490 ep=22
[19:40:27] [train] epoch 23/100 steps=40 use_dann=0 das=stage2 f=[10.0,50.0] p=0.70 gpu=3.0/11.8GB
[19:40:28] [train] ep=23 step=001/40 ce=0.6682 sc=0.9172 mi=0.0599 dn=0.0000 v13=0.0014 grl=0.8521 v15=0.0000 v15r=0.0000 v16=0.0000 v17=0.0000 v18=0.0000 acc=1.0000 lr=2.72e-04 lambda=0.000 grl_lambda=0.800 v18_lambda=0.000 gpu=3.0/11.8GB
[19:40:33] [train] ep=23 step=010/40 ce=0.5601 sc=0.9276 mi=0.0660 dn=0.0000 v13=0.0009 grl=0.8342 v15=0.0000 v15r=0.0000 v16=0.0000 v17=0.0000 v18=0.0000 acc=0.9875 lr=2.72e-04 lambda=0.000 grl_lambda=0.805 v18_lambda=0.000 gpu=3.0/11.8GB
[19:40:39] [train] ep=23 step=020/40 ce=0.4389 sc=0.8239 mi=0.0655 dn=0.0000 v13=0.0008 grl=0.8028 v15=0.0000 v15r=0.0000 v16=0.0000 v17=0.0000 v18=0.0000 acc=0.9938 lr=2.71e-04 lambda=0.000 grl_lambda=0.809 v18_lambda=0.000 gpu=3.0/11.8GB
[19:40:45] [train] ep=23 step=030/40 ce=0.5058 sc=0.8621 mi=0.0646 dn=0.0000 v13=0.0008 grl=0.8095 v15=0.0000 v15r=0.0000 v16=0.0000 v17=0.0000 v18=0.0000 acc=0.9917 lr=2.70e-04 lambda=0.000 grl_lambda=0.813 v18_lambda=0.000 gpu=3.0/11.8GB
[19:40:50] [train] ep=23 step=040/40 ce=0.5498 sc=0.8723 mi=0.0650 dn=0.0000 v13=0.0007 grl=0.8151 v15=0.0000 v15r=0.0000 v16=0.0000 v17=0.0000 v18=0.0000 acc=0.9875 lr=2.70e-04 lambda=0.000 grl_lambda=0.817 v18_lambda=0.000 gpu=3.0/11.8GB
[19:41:01] [ep_summary] ep=23/100 val_live=0.9753/0.9755 val_ema=0.7716/0.7643 test77_live=0.7842/0.7753 test77_diag_ema=0.1619/0.0731 v13=0.0007 grl=0.8151 v15=0.0000 v15r=0.0000 v16=0.0000 v17=0.0000 v18=0.0000 das=stage2[10,50] p=0.70 ep_time=33.4s
[19:41:01] [save] best_sourceval_ema val_acc_ema=0.7716 source_val_live=0.9753/0.9755 source_val_ema=0.7716/0.7643 ep=23
[19:41:01] [train] epoch 24/100 steps=40 use_dann=0 das=stage2 f=[10.0,50.0] p=0.70 gpu=3.0/11.8GB
[19:41:01] [train] ep=24 step=001/40 ce=0.3176 sc=0.6356 mi=0.0796 dn=0.0000 v13=0.0008 grl=1.0340 v15=0.0000 v15r=0.0000 v16=0.0000 v17=0.0000 v18=0.0000 acc=1.0000 lr=2.70e-04 lambda=0.000 grl_lambda=0.818 v18_lambda=0.000 gpu=3.0/11.8GB
[19:41:06] [train] ep=24 step=010/40 ce=0.4839 sc=0.7962 mi=0.0714 dn=0.0000 v13=0.0007 grl=0.8615 v15=0.0000 v15r=0.0000 v16=0.0000 v17=0.0000 v18=0.0000 acc=0.9812 lr=2.69e-04 lambda=0.000 grl_lambda=0.821 v18_lambda=0.000 gpu=3.0/11.8GB
[19:41:12] [train] ep=24 step=020/40 ce=0.4698 sc=0.8325 mi=0.0675 dn=0.0000 v13=0.0007 grl=0.8760 v15=0.0000 v15r=0.0000 v16=0.0000 v17=0.0000 v18=0.0000 acc=0.9812 lr=2.68e-04 lambda=0.000 grl_lambda=0.825 v18_lambda=0.000 gpu=3.0/11.8GB
[19:41:18] [train] ep=24 step=030/40 ce=0.4929 sc=0.8699 mi=0.0675 dn=0.0000 v13=0.0007 grl=0.8680 v15=0.0000 v15r=0.0000 v16=0.0000 v17=0.0000 v18=0.0000 acc=0.9812 lr=2.67e-04 lambda=0.000 grl_lambda=0.829 v18_lambda=0.000 gpu=3.0/11.8GB
[19:41:24] [train] ep=24 step=040/40 ce=0.5315 sc=0.8528 mi=0.0671 dn=0.0000 v13=0.0006 grl=0.8510 v15=0.0000 v15r=0.0000 v16=0.0000 v17=0.0000 v18=0.0000 acc=0.9812 lr=2.67e-04 lambda=0.000 grl_lambda=0.833 v18_lambda=0.000 gpu=3.0/11.8GB
[19:41:34] [ep_summary] ep=24/100 val_live=0.9506/0.9502 val_ema=0.7901/0.7865 test77_live=0.7986/0.7916 test77_diag_ema=0.1655/0.0785 v13=0.0006 grl=0.8510 v15=0.0000 v15r=0.0000 v16=0.0000 v17=0.0000 v18=0.0000 das=stage2[10,50] p=0.70 ep_time=33.4s
[19:41:34] [save] best_sourceval_ema val_acc_ema=0.7901 source_val_live=0.9506/0.9502 source_val_ema=0.7901/0.7865 ep=24
[19:41:34] [train] epoch 25/100 steps=40 use_dann=0 das=stage3 f=[12.0,95.0] p=1.00 gpu=3.0/11.8GB
[19:41:35] [train] ep=25 step=001/40 ce=0.6870 sc=0.3625 mi=0.0924 dn=0.0000 v13=0.0020 grl=1.9632 v15=0.0000 v15r=0.0000 v16=0.0000 v17=0.0000 v18=0.0000 acc=1.0000 lr=2.67e-04 lambda=0.000 grl_lambda=0.834 v18_lambda=0.000 gpu=3.0/11.8GB
[19:41:40] [train] ep=25 step=010/40 ce=0.6833 sc=0.8766 mi=0.0788 dn=0.0000 v13=0.0014 grl=1.5346 v15=0.0000 v15r=0.0000 v16=0.0000 v17=0.0000 v18=0.0000 acc=0.9750 lr=2.66e-04 lambda=0.000 grl_lambda=0.837 v18_lambda=0.000 gpu=3.0/11.8GB
[19:41:46] [train] ep=25 step=020/40 ce=0.6709 sc=0.8711 mi=0.0748 dn=0.0000 v13=0.0014 grl=1.3506 v15=0.0000 v15r=0.0000 v16=0.0000 v17=0.0000 v18=0.0000 acc=0.9719 lr=2.65e-04 lambda=0.000 grl_lambda=0.841 v18_lambda=0.000 gpu=3.0/11.8GB
[19:41:51] [train] ep=25 step=030/40 ce=0.6591 sc=0.8904 mi=0.0739 dn=0.0000 v13=0.0013 grl=1.2710 v15=0.0000 v15r=0.0000 v16=0.0000 v17=0.0000 v18=0.0000 acc=0.9729 lr=2.64e-04 lambda=0.000 grl_lambda=0.844 v18_lambda=0.000 gpu=3.0/11.8GB
[19:41:57] [train] ep=25 step=040/40 ce=0.6088 sc=0.8519 mi=0.0724 dn=0.0000 v13=0.0012 grl=1.2220 v15=0.0000 v15r=0.0000 v16=0.0000 v17=0.0000 v18=0.0000 acc=0.9781 lr=2.64e-04 lambda=0.000 grl_lambda=0.848 v18_lambda=0.000 gpu=3.0/11.8GB
[19:42:07] [ep_summary] ep=25/100 val_live=0.9568/0.9565 val_ema=0.8025/0.8000 test77_live=0.8345/0.8313 test77_diag_ema=0.1835/0.1025 v13=0.0012 grl=1.2220 v15=0.0000 v15r=0.0000 v16=0.0000 v17=0.0000 v18=0.0000 das=stage3[12,95] p=1.00 ep_time=33.4s
[19:42:07] [save] best_sourceval_ema val_acc_ema=0.8025 source_val_live=0.9568/0.9565 source_val_ema=0.8025/0.8000 ep=25
[19:42:07] [train] epoch 26/100 steps=40 use_dann=0 das=stage3 f=[12.0,95.0] p=1.00 gpu=3.0/11.8GB
[19:42:08] [train] ep=26 step=001/40 ce=0.9679 sc=1.0491 mi=0.0622 dn=0.0000 v13=0.0008 grl=1.1049 v15=0.0000 v15r=0.0000 v16=0.0000 v17=0.0000 v18=0.0000 acc=0.9375 lr=2.64e-04 lambda=0.000 grl_lambda=0.848 v18_lambda=0.000 gpu=3.0/11.8GB
[19:42:13] [train] ep=26 step=010/40 ce=0.6666 sc=0.8475 mi=0.0667 dn=0.0000 v13=0.0008 grl=1.1108 v15=0.0000 v15r=0.0000 v16=0.0000 v17=0.0000 v18=0.0000 acc=0.9688 lr=2.63e-04 lambda=0.000 grl_lambda=0.851 v18_lambda=0.000 gpu=3.0/11.8GB
[19:42:19] [train] ep=26 step=020/40 ce=0.7055 sc=0.9085 mi=0.0683 dn=0.0000 v13=0.0008 grl=1.0974 v15=0.0000 v15r=0.0000 v16=0.0000 v17=0.0000 v18=0.0000 acc=0.9625 lr=2.62e-04 lambda=0.000 grl_lambda=0.855 v18_lambda=0.000 gpu=3.0/11.8GB
[19:42:25] [train] ep=26 step=030/40 ce=0.6481 sc=0.8960 mi=0.0676 dn=0.0000 v13=0.0008 grl=1.0929 v15=0.0000 v15r=0.0000 v16=0.0000 v17=0.0000 v18=0.0000 acc=0.9688 lr=2.61e-04 lambda=0.000 grl_lambda=0.858 v18_lambda=0.000 gpu=3.0/11.8GB
[19:42:31] [train] ep=26 step=040/40 ce=0.5821 sc=0.8682 mi=0.0677 dn=0.0000 v13=0.0008 grl=1.0954 v15=0.0000 v15r=0.0000 v16=0.0000 v17=0.0000 v18=0.0000 acc=0.9750 lr=2.60e-04 lambda=0.000 grl_lambda=0.861 v18_lambda=0.000 gpu=3.0/11.8GB
[19:42:41] [ep_summary] ep=26/100 val_live=0.9506/0.9505 val_ema=0.8333/0.8334 test77_live=0.8525/0.8502 test77_diag_ema=0.2014/0.1224 v13=0.0008 grl=1.0954 v15=0.0000 v15r=0.0000 v16=0.0000 v17=0.0000 v18=0.0000 das=stage3[12,95] p=1.00 ep_time=33.4s
[19:42:41] [save] best_sourceval_ema val_acc_ema=0.8333 source_val_live=0.9506/0.9505 source_val_ema=0.8333/0.8334 ep=26
[19:42:41] [train] epoch 27/100 steps=40 use_dann=0 das=stage3 f=[12.0,95.0] p=1.00 gpu=3.0/11.8GB
[19:42:41] [train] ep=27 step=001/40 ce=0.2898 sc=0.6422 mi=0.0710 dn=0.0000 v13=0.0009 grl=1.1127 v15=0.0000 v15r=0.0000 v16=0.0000 v17=0.0000 v18=0.0000 acc=1.0000 lr=2.60e-04 lambda=0.000 grl_lambda=0.862 v18_lambda=0.000 gpu=3.0/11.8GB
[19:42:47] [train] ep=27 step=010/40 ce=0.4139 sc=0.7230 mi=0.0679 dn=0.0000 v13=0.0008 grl=1.0796 v15=0.0000 v15r=0.0000 v16=0.0000 v17=0.0000 v18=0.0000 acc=1.0000 lr=2.60e-04 lambda=0.000 grl_lambda=0.865 v18_lambda=0.000 gpu=3.0/11.8GB
[19:42:52] [train] ep=27 step=020/40 ce=0.4372 sc=0.7584 mi=0.0693 dn=0.0000 v13=0.0009 grl=1.0844 v15=0.0000 v15r=0.0000 v16=0.0000 v17=0.0000 v18=0.0000 acc=0.9969 lr=2.59e-04 lambda=0.000 grl_lambda=0.868 v18_lambda=0.000 gpu=3.0/11.8GB
[19:42:58] [train] ep=27 step=030/40 ce=0.4279 sc=0.7620 mi=0.0691 dn=0.0000 v13=0.0009 grl=1.0795 v15=0.0000 v15r=0.0000 v16=0.0000 v17=0.0000 v18=0.0000 acc=0.9958 lr=2.58e-04 lambda=0.000 grl_lambda=0.871 v18_lambda=0.000 gpu=3.0/11.8GB
[19:43:04] [train] ep=27 step=040/40 ce=0.4128 sc=0.7619 mi=0.0688 dn=0.0000 v13=0.0010 grl=1.0809 v15=0.0000 v15r=0.0000 v16=0.0000 v17=0.0000 v18=0.0000 acc=0.9953 lr=2.57e-04 lambda=0.000 grl_lambda=0.874 v18_lambda=0.000 gpu=3.0/11.8GB
[19:43:14] [ep_summary] ep=27/100 val_live=0.9444/0.9437 val_ema=0.8642/0.8641 test77_live=0.8525/0.8481 test77_diag_ema=0.2194/0.1431 v13=0.0010 grl=1.0809 v15=0.0000 v15r=0.0000 v16=0.0000 v17=0.0000 v18=0.0000 das=stage3[12,95] p=1.00 ep_time=33.4s
[19:43:14] [save] best_sourceval_ema val_acc_ema=0.8642 source_val_live=0.9444/0.9437 source_val_ema=0.8642/0.8641 ep=27
[19:43:14] [train] epoch 28/100 steps=40 use_dann=0 das=stage3 f=[12.0,95.0] p=1.00 gpu=3.0/11.8GB
[19:43:15] [train] ep=28 step=001/40 ce=0.3827 sc=0.8953 mi=0.0760 dn=0.0000 v13=0.0010 grl=1.2075 v15=0.0000 v15r=0.0000 v16=0.0000 v17=0.0000 v18=0.0000 acc=1.0000 lr=2.57e-04 lambda=0.000 grl_lambda=0.874 v18_lambda=0.000 gpu=3.0/11.8GB
[19:43:20] [train] ep=28 step=010/40 ce=0.5572 sc=0.8348 mi=0.0726 dn=0.0000 v13=0.0009 grl=1.1239 v15=0.0000 v15r=0.0000 v16=0.0000 v17=0.0000 v18=0.0000 acc=0.9812 lr=2.56e-04 lambda=0.000 grl_lambda=0.877 v18_lambda=0.000 gpu=3.0/11.8GB
[19:43:26] [train] ep=28 step=020/40 ce=0.4322 sc=0.7955 mi=0.0706 dn=0.0000 v13=0.0009 grl=1.1074 v15=0.0000 v15r=0.0000 v16=0.0000 v17=0.0000 v18=0.0000 acc=0.9906 lr=2.55e-04 lambda=0.000 grl_lambda=0.880 v18_lambda=0.000 gpu=3.0/11.8GB
[19:43:32] [train] ep=28 step=030/40 ce=0.4184 sc=0.7523 mi=0.0704 dn=0.0000 v13=0.0009 grl=1.1023 v15=0.0000 v15r=0.0000 v16=0.0000 v17=0.0000 v18=0.0000 acc=0.9917 lr=2.54e-04 lambda=0.000 grl_lambda=0.882 v18_lambda=0.000 gpu=3.0/11.8GB
[19:43:38] [train] ep=28 step=040/40 ce=0.4042 sc=0.7726 mi=0.0697 dn=0.0000 v13=0.0010 grl=1.0966 v15=0.0000 v15r=0.0000 v16=0.0000 v17=0.0000 v18=0.0000 acc=0.9922 lr=2.54e-04 lambda=0.000 grl_lambda=0.885 v18_lambda=0.000 gpu=3.0/11.8GB
[19:43:48] [ep_summary] ep=28/100 val_live=0.9444/0.9431 val_ema=0.8765/0.8775 test77_live=0.8345/0.8294 test77_diag_ema=0.2446/0.1617 v13=0.0010 grl=1.0966 v15=0.0000 v15r=0.0000 v16=0.0000 v17=0.0000 v18=0.0000 das=stage3[12,95] p=1.00 ep_time=33.6s
[19:43:48] [save] best_sourceval_ema val_acc_ema=0.8765 source_val_live=0.9444/0.9431 source_val_ema=0.8765/0.8775 ep=28
[19:43:48] [train] epoch 29/100 steps=40 use_dann=0 das=stage3 f=[12.0,95.0] p=1.00 gpu=3.0/11.8GB
[19:43:49] [train] ep=29 step=001/40 ce=0.7103 sc=0.7391 mi=0.0641 dn=0.0000 v13=0.0005 grl=1.1548 v15=0.0000 v15r=0.0000 v16=0.0000 v17=0.0000 v18=0.0000 acc=1.0000 lr=2.53e-04 lambda=0.000 grl_lambda=0.885 v18_lambda=0.000 gpu=3.0/11.8GB
[19:43:54] [train] ep=29 step=010/40 ce=0.3834 sc=0.7560 mi=0.0691 dn=0.0000 v13=0.0009 grl=1.1018 v15=0.0000 v15r=0.0000 v16=0.0000 v17=0.0000 v18=0.0000 acc=1.0000 lr=2.53e-04 lambda=0.000 grl_lambda=0.888 v18_lambda=0.000 gpu=3.0/11.8GB
[19:44:00] [train] ep=29 step=020/40 ce=0.4627 sc=0.8011 mi=0.0670 dn=0.0000 v13=0.0010 grl=1.1074 v15=0.0000 v15r=0.0000 v16=0.0000 v17=0.0000 v18=0.0000 acc=0.9875 lr=2.52e-04 lambda=0.000 grl_lambda=0.890 v18_lambda=0.000 gpu=3.0/11.8GB
[19:44:05] [train] ep=29 step=030/40 ce=0.4077 sc=0.8407 mi=0.0690 dn=0.0000 v13=0.0009 grl=1.1105 v15=0.0000 v15r=0.0000 v16=0.0000 v17=0.0000 v18=0.0000 acc=0.9917 lr=2.51e-04 lambda=0.000 grl_lambda=0.893 v18_lambda=0.000 gpu=3.0/11.8GB
[19:44:11] [train] ep=29 step=040/40 ce=0.4370 sc=0.8167 mi=0.0693 dn=0.0000 v13=0.0009 grl=1.1015 v15=0.0000 v15r=0.0000 v16=0.0000 v17=0.0000 v18=0.0000 acc=0.9875 lr=2.50e-04 lambda=0.000 grl_lambda=0.895 v18_lambda=0.000 gpu=3.0/11.8GB
[19:44:21] [ep_summary] ep=29/100 val_live=0.9506/0.9498 val_ema=0.8951/0.8972 test77_live=0.8165/0.8017 test77_diag_ema=0.2734/0.1952 v13=0.0009 grl=1.1015 v15=0.0000 v15r=0.0000 v16=0.0000 v17=0.0000 v18=0.0000 das=stage3[12,95] p=1.00 ep_time=33.4s
[19:44:21] [save] best_sourceval_ema val_acc_ema=0.8951 source_val_live=0.9506/0.9498 source_val_ema=0.8951/0.8972 ep=29
[19:44:21] [train] epoch 30/100 steps=40 use_dann=0 das=stage3 f=[12.0,95.0] p=1.00 gpu=3.0/11.8GB
[19:44:22] [train] ep=30 step=001/40 ce=0.5638 sc=0.9722 mi=0.0654 dn=0.0000 v13=0.0005 grl=1.1061 v15=0.0000 v15r=0.0000 v16=0.0000 v17=0.0000 v18=0.0000 acc=1.0000 lr=2.50e-04 lambda=0.000 grl_lambda=0.896 v18_lambda=0.000 gpu=3.0/11.8GB
[19:44:27] [train] ep=30 step=010/40 ce=0.3386 sc=0.7902 mi=0.0684 dn=0.0000 v13=0.0007 grl=1.0814 v15=0.0000 v15r=0.0000 v16=0.0000 v17=0.0000 v18=0.0000 acc=1.0000 lr=2.49e-04 lambda=0.000 grl_lambda=0.898 v18_lambda=0.000 gpu=3.0/11.8GB
[19:44:33] [train] ep=30 step=020/40 ce=0.4273 sc=0.8702 mi=0.0682 dn=0.0000 v13=0.0007 grl=1.0934 v15=0.0000 v15r=0.0000 v16=0.0000 v17=0.0000 v18=0.0000 acc=0.9906 lr=2.48e-04 lambda=0.000 grl_lambda=0.900 v18_lambda=0.000 gpu=3.0/11.8GB
[19:44:39] [train] ep=30 step=030/40 ce=0.3821 sc=0.8734 mi=0.0673 dn=0.0000 v13=0.0007 grl=1.0848 v15=0.0000 v15r=0.0000 v16=0.0000 v17=0.0000 v18=0.0000 acc=0.9938 lr=2.47e-04 lambda=0.000 grl_lambda=0.903 v18_lambda=0.000 gpu=3.0/11.8GB
[19:44:45] [train] ep=30 step=040/40 ce=0.3751 sc=0.8536 mi=0.0675 dn=0.0000 v13=0.0007 grl=1.0828 v15=0.0000 v15r=0.0000 v16=0.0000 v17=0.0000 v18=0.0000 acc=0.9953 lr=2.46e-04 lambda=0.000 grl_lambda=0.905 v18_lambda=0.000 gpu=3.0/11.8GB
[19:44:55] [pool] check ep=030/100 source_val_acc_ema=0.8889 threshold=0.90
[19:44:55] [pool] ep=030 SKIP (source_val_acc_ema=0.8889 < 0.90)
[19:44:55] [ep_summary] ep=30/100 val_live=0.9630/0.9633 val_ema=0.8889/0.8915 test77_live=0.8273/0.8243 test77_diag_ema=0.2914/0.2145 v13=0.0007 grl=1.0828 v15=0.0000 v15r=0.0000 v16=0.0000 v17=0.0000 v18=0.0000 das=stage3[12,95] p=1.00 ep_time=33.5s
[19:44:55] [strict77_monitor] ep=30 best_source_epoch=29 source_val_ema=0.8951/0.8972 test77_ema_diag=0.2734/0.1952 sourcequalified_count=0
[19:44:55] [train] epoch 31/100 steps=40 use_dann=0 das=stage3 f=[12.0,95.0] p=1.00 gpu=3.0/11.8GB
[19:44:56] [train] ep=31 step=001/40 ce=0.3315 sc=0.3018 mi=0.0862 dn=0.0000 v13=0.0004 grl=1.1145 v15=0.0000 v15r=0.0000 v16=0.0000 v17=0.0000 v18=0.0000 acc=1.0000 lr=2.46e-04 lambda=0.000 grl_lambda=0.905 v18_lambda=0.000 gpu=3.0/11.8GB
[19:45:01] [train] ep=31 step=010/40 ce=0.2897 sc=0.7020 mi=0.0689 dn=0.0000 v13=0.0007 grl=1.0779 v15=0.0000 v15r=0.0000 v16=0.0000 v17=0.0000 v18=0.0000 acc=1.0000 lr=2.45e-04 lambda=0.000 grl_lambda=0.907 v18_lambda=0.000 gpu=3.0/11.8GB
[19:45:07] [train] ep=31 step=020/40 ce=0.3151 sc=0.7359 mi=0.0683 dn=0.0000 v13=0.0008 grl=1.0826 v15=0.0000 v15r=0.0000 v16=0.0000 v17=0.0000 v18=0.0000 acc=0.9969 lr=2.44e-04 lambda=0.000 grl_lambda=0.909 v18_lambda=0.000 gpu=3.0/11.8GB
[19:45:12] [train] ep=31 step=030/40 ce=0.3276 sc=0.7601 mi=0.0685 dn=0.0000 v13=0.0008 grl=1.0872 v15=0.0000 v15r=0.0000 v16=0.0000 v17=0.0000 v18=0.0000 acc=0.9958 lr=2.43e-04 lambda=0.000 grl_lambda=0.911 v18_lambda=0.000 gpu=3.0/11.8GB
[19:45:18] [train] ep=31 step=040/40 ce=0.3136 sc=0.7503 mi=0.0682 dn=0.0000 v13=0.0009 grl=1.0999 v15=0.0000 v15r=0.0000 v16=0.0000 v17=0.0000 v18=0.0000 acc=0.9969 lr=2.43e-04 lambda=0.000 grl_lambda=0.914 v18_lambda=0.000 gpu=3.0/11.8GB
[19:45:29] [ep_summary] ep=31/100 val_live=0.9691/0.9695 val_ema=0.8889/0.8917 test77_live=0.8345/0.8299 test77_diag_ema=0.3129/0.2456 v13=0.0009 grl=1.0999 v15=0.0000 v15r=0.0000 v16=0.0000 v17=0.0000 v18=0.0000 das=stage3[12,95] p=1.00 ep_time=33.9s
[19:45:29] [train] epoch 32/100 steps=40 use_dann=0 das=stage3 f=[12.0,95.0] p=1.00 gpu=3.0/11.8GB
[19:45:29] [train] ep=32 step=001/40 ce=0.2662 sc=0.6159 mi=0.0608 dn=0.0000 v13=0.0003 grl=1.1347 v15=0.0000 v15r=0.0000 v16=0.0000 v17=0.0000 v18=0.0000 acc=1.0000 lr=2.42e-04 lambda=0.000 grl_lambda=0.914 v18_lambda=0.000 gpu=3.0/11.8GB
[19:45:35] [train] ep=32 step=010/40 ce=0.4635 sc=0.8457 mi=0.0687 dn=0.0000 v13=0.0007 grl=1.1137 v15=0.0000 v15r=0.0000 v16=0.0000 v17=0.0000 v18=0.0000 acc=0.9938 lr=2.42e-04 lambda=0.000 grl_lambda=0.916 v18_lambda=0.000 gpu=3.0/11.8GB
[19:45:40] [train] ep=32 step=020/40 ce=0.5071 sc=0.8039 mi=0.0695 dn=0.0000 v13=0.0008 grl=1.1066 v15=0.0000 v15r=0.0000 v16=0.0000 v17=0.0000 v18=0.0000 acc=0.9844 lr=2.41e-04 lambda=0.000 grl_lambda=0.918 v18_lambda=0.000 gpu=3.0/11.8GB
[19:45:46] [train] ep=32 step=030/40 ce=0.4862 sc=0.7666 mi=0.0705 dn=0.0000 v13=0.0008 grl=1.1065 v15=0.0000 v15r=0.0000 v16=0.0000 v17=0.0000 v18=0.0000 acc=0.9875 lr=2.40e-04 lambda=0.000 grl_lambda=0.920 v18_lambda=0.000 gpu=3.0/11.8GB
[19:45:52] [train] ep=32 step=040/40 ce=0.4711 sc=0.7990 mi=0.0691 dn=0.0000 v13=0.0008 grl=1.0967 v15=0.0000 v15r=0.0000 v16=0.0000 v17=0.0000 v18=0.0000 acc=0.9891 lr=2.39e-04 lambda=0.000 grl_lambda=0.921 v18_lambda=0.000 gpu=3.0/11.8GB
[19:46:02] [ep_summary] ep=32/100 val_live=0.9568/0.9563 val_ema=0.9136/0.9159 test77_live=0.8237/0.8185 test77_diag_ema=0.3309/0.2677 v13=0.0008 grl=1.0967 v15=0.0000 v15r=0.0000 v16=0.0000 v17=0.0000 v18=0.0000 das=stage3[12,95] p=1.00 ep_time=33.4s
[19:46:02] [save] best_sourceval_ema val_acc_ema=0.9136 source_val_live=0.9568/0.9563 source_val_ema=0.9136/0.9159 ep=32
[19:46:02] [save] best_sourcequalified77_ema ep=32 source_val_live=0.9568/0.9563 source_val_ema=0.9136/0.9159 test77_ema=0.3309/0.2677
[19:46:02] [train] epoch 33/100 steps=40 use_dann=0 das=stage3 f=[12.0,95.0] p=1.00 gpu=3.0/11.8GB
[19:46:03] [train] ep=33 step=001/40 ce=0.2703 sc=0.6239 mi=0.0779 dn=0.0000 v13=0.0012 grl=1.0995 v15=0.0000 v15r=0.0000 v16=0.0000 v17=0.0000 v18=0.0000 acc=1.0000 lr=2.39e-04 lambda=0.000 grl_lambda=0.922 v18_lambda=0.000 gpu=3.0/11.8GB
[19:46:08] [train] ep=33 step=010/40 ce=0.3941 sc=0.7988 mi=0.0710 dn=0.0000 v13=0.0009 grl=1.0752 v15=0.0000 v15r=0.0000 v16=0.0000 v17=0.0000 v18=0.0000 acc=0.9875 lr=2.38e-04 lambda=0.000 grl_lambda=0.923 v18_lambda=0.000 gpu=3.0/11.8GB
[19:46:14] [train] ep=33 step=020/40 ce=0.3623 sc=0.7805 mi=0.0707 dn=0.0000 v13=0.0008 grl=1.0895 v15=0.0000 v15r=0.0000 v16=0.0000 v17=0.0000 v18=0.0000 acc=0.9906 lr=2.37e-04 lambda=0.000 grl_lambda=0.925 v18_lambda=0.000 gpu=3.0/11.8GB
[19:46:20] [train] ep=33 step=030/40 ce=0.3409 sc=0.7878 mi=0.0681 dn=0.0000 v13=0.0008 grl=1.0869 v15=0.0000 v15r=0.0000 v16=0.0000 v17=0.0000 v18=0.0000 acc=0.9938 lr=2.36e-04 lambda=0.000 grl_lambda=0.927 v18_lambda=0.000 gpu=3.0/11.8GB
[19:46:26] [train] ep=33 step=040/40 ce=0.3253 sc=0.7813 mi=0.0676 dn=0.0000 v13=0.0009 grl=1.0863 v15=0.0000 v15r=0.0000 v16=0.0000 v17=0.0000 v18=0.0000 acc=0.9953 lr=2.35e-04 lambda=0.000 grl_lambda=0.929 v18_lambda=0.000 gpu=3.0/11.8GB
[19:46:42] [ep_summary] ep=33/100 val_live=0.9568/0.9567 val_ema=0.9321/0.9335 test77_live=0.7698/0.7667 test77_diag_ema=0.3525/0.2907 v13=0.0009 grl=1.0863 v15=0.0000 v15r=0.0000 v16=0.0000 v17=0.0000 v18=0.0000 das=stage3[12,95] p=1.00 ep_time=39.2s
[19:46:49] [save] best_sourceval_ema val_acc_ema=0.9321 source_val_live=0.9568/0.9567 source_val_ema=0.9321/0.9335 ep=33
[19:46:49] [save] best_sourcequalified77_ema ep=33 source_val_live=0.9568/0.9567 source_val_ema=0.9321/0.9335 test77_ema=0.3525/0.2907
[19:46:49] [train] epoch 34/100 steps=40 use_dann=0 das=stage3 f=[12.0,95.0] p=1.00 gpu=3.0/11.8GB
[19:46:50] [train] ep=34 step=001/40 ce=1.1234 sc=1.0455 mi=0.0666 dn=0.0000 v13=0.0003 grl=1.0477 v15=0.0000 v15r=0.0000 v16=0.0000 v17=0.0000 v18=0.0000 acc=0.9375 lr=2.35e-04 lambda=0.000 grl_lambda=0.929 v18_lambda=0.000 gpu=3.0/11.8GB
[19:46:55] [train] ep=34 step=010/40 ce=0.4706 sc=1.0377 mi=0.0680 dn=0.0000 v13=0.0009 grl=1.1167 v15=0.0000 v15r=0.0000 v16=0.0000 v17=0.0000 v18=0.0000 acc=0.9875 lr=2.34e-04 lambda=0.000 grl_lambda=0.930 v18_lambda=0.000 gpu=3.0/11.8GB
[19:47:01] [train] ep=34 step=020/40 ce=0.4771 sc=0.9236 mi=0.0677 dn=0.0000 v13=0.0009 grl=1.0901 v15=0.0000 v15r=0.0000 v16=0.0000 v17=0.0000 v18=0.0000 acc=0.9875 lr=2.33e-04 lambda=0.000 grl_lambda=0.932 v18_lambda=0.000 gpu=3.0/11.8GB
[19:47:06] [train] ep=34 step=030/40 ce=0.4736 sc=0.8989 mi=0.0686 dn=0.0000 v13=0.0009 grl=1.0959 v15=0.0000 v15r=0.0000 v16=0.0000 v17=0.0000 v18=0.0000 acc=0.9875 lr=2.32e-04 lambda=0.000 grl_lambda=0.934 v18_lambda=0.000 gpu=3.0/11.8GB
[19:47:12] [train] ep=34 step=040/40 ce=0.4794 sc=0.8999 mi=0.0690 dn=0.0000 v13=0.0009 grl=1.0873 v15=0.0000 v15r=0.0000 v16=0.0000 v17=0.0000 v18=0.0000 acc=0.9859 lr=2.31e-04 lambda=0.000 grl_lambda=0.935 v18_lambda=0.000 gpu=3.0/11.8GB
[19:47:22] [ep_summary] ep=34/100 val_live=0.9691/0.9697 val_ema=0.9383/0.9395 test77_live=0.7662/0.7697 test77_diag_ema=0.3849/0.3220 v13=0.0009 grl=1.0873 v15=0.0000 v15r=0.0000 v16=0.0000 v17=0.0000 v18=0.0000 das=stage3[12,95] p=1.00 ep_time=33.4s
[19:47:23] [save] best_sourceval_ema val_acc_ema=0.9383 source_val_live=0.9691/0.9697 source_val_ema=0.9383/0.9395 ep=34
[19:47:23] [save] best_sourcequalified77_ema ep=34 source_val_live=0.9691/0.9697 source_val_ema=0.9383/0.9395 test77_ema=0.3849/0.3220
[19:47:23] [train] epoch 35/100 steps=40 use_dann=0 das=stage3 f=[12.0,95.0] p=1.00 gpu=3.0/11.8GB
[19:47:23] [train] ep=35 step=001/40 ce=1.0982 sc=0.8835 mi=0.0625 dn=0.0000 v13=0.0008 grl=1.0321 v15=0.0000 v15r=0.0000 v16=0.0000 v17=0.0000 v18=0.0000 acc=0.9375 lr=2.31e-04 lambda=0.000 grl_lambda=0.935 v18_lambda=0.000 gpu=3.0/11.8GB
[19:47:28] [train] ep=35 step=010/40 ce=0.6299 sc=0.8024 mi=0.0679 dn=0.0000 v13=0.0007 grl=1.0971 v15=0.0000 v15r=0.0000 v16=0.0000 v17=0.0000 v18=0.0000 acc=0.9688 lr=2.30e-04 lambda=0.000 grl_lambda=0.937 v18_lambda=0.000 gpu=3.0/11.8GB
[19:47:34] [train] ep=35 step=020/40 ce=0.5395 sc=0.8393 mi=0.0682 dn=0.0000 v13=0.0007 grl=1.0924 v15=0.0000 v15r=0.0000 v16=0.0000 v17=0.0000 v18=0.0000 acc=0.9812 lr=2.29e-04 lambda=0.000 grl_lambda=0.938 v18_lambda=0.000 gpu=3.0/11.8GB
[19:47:40] [train] ep=35 step=030/40 ce=0.5355 sc=0.8429 mi=0.0697 dn=0.0000 v13=0.0007 grl=1.0948 v15=0.0000 v15r=0.0000 v16=0.0000 v17=0.0000 v18=0.0000 acc=0.9812 lr=2.28e-04 lambda=0.000 grl_lambda=0.940 v18_lambda=0.000 gpu=3.0/11.8GB
[19:47:46] [train] ep=35 step=040/40 ce=0.5032 sc=0.8535 mi=0.0698 dn=0.0000 v13=0.0007 grl=1.0984 v15=0.0000 v15r=0.0000 v16=0.0000 v17=0.0000 v18=0.0000 acc=0.9844 lr=2.27e-04 lambda=0.000 grl_lambda=0.941 v18_lambda=0.000 gpu=3.0/11.8GB
[19:48:25] [ep_summary] ep=35/100 val_live=0.9568/0.9562 val_ema=0.9383/0.9395 test77_live=0.7086/0.6842 test77_diag_ema=0.4101/0.3427 v13=0.0007 grl=1.0984 v15=0.0000 v15r=0.0000 v16=0.0000 v17=0.0000 v18=0.0000 das=stage3[12,95] p=1.00 ep_time=62.0s
[19:48:33] [save] best_sourcequalified77_ema ep=35 source_val_live=0.9568/0.9562 source_val_ema=0.9383/0.9395 test77_ema=0.4101/0.3427
[19:48:34] [train] epoch 36/100 steps=40 use_dann=0 das=stage3 f=[12.0,95.0] p=1.00 gpu=3.0/11.8GB
[19:48:36] [train] ep=36 step=001/40 ce=0.8760 sc=1.0575 mi=0.0605 dn=0.0000 v13=0.0011 grl=1.1189 v15=0.0000 v15r=0.0000 v16=0.0000 v17=0.0000 v18=0.0000 acc=0.9375 lr=2.26e-04 lambda=0.000 grl_lambda=0.941 v18_lambda=0.000 gpu=3.0/11.8GB
[19:48:41] [train] ep=36 step=010/40 ce=0.6426 sc=0.8770 mi=0.0666 dn=0.0000 v13=0.0008 grl=1.0926 v15=0.0000 v15r=0.0000 v16=0.0000 v17=0.0000 v18=0.0000 acc=0.9688 lr=2.25e-04 lambda=0.000 grl_lambda=0.943 v18_lambda=0.000 gpu=3.0/11.8GB
[19:48:47] [train] ep=36 step=020/40 ce=0.5642 sc=0.8406 mi=0.0654 dn=0.0000 v13=0.0007 grl=1.0851 v15=0.0000 v15r=0.0000 v16=0.0000 v17=0.0000 v18=0.0000 acc=0.9750 lr=2.24e-04 lambda=0.000 grl_lambda=0.944 v18_lambda=0.000 gpu=3.0/11.8GB
[19:48:53] [train] ep=36 step=030/40 ce=0.5368 sc=0.8537 mi=0.0651 dn=0.0000 v13=0.0007 grl=1.0976 v15=0.0000 v15r=0.0000 v16=0.0000 v17=0.0000 v18=0.0000 acc=0.9792 lr=2.23e-04 lambda=0.000 grl_lambda=0.945 v18_lambda=0.000 gpu=3.0/11.8GB
[19:48:59] [train] ep=36 step=040/40 ce=0.5269 sc=0.8297 mi=0.0660 dn=0.0000 v13=0.0008 grl=1.0962 v15=0.0000 v15r=0.0000 v16=0.0000 v17=0.0000 v18=0.0000 acc=0.9797 lr=2.22e-04 lambda=0.000 grl_lambda=0.947 v18_lambda=0.000 gpu=3.0/11.8GB
[19:49:09] [ep_summary] ep=36/100 val_live=0.9506/0.9496 val_ema=0.9383/0.9395 test77_live=0.8094/0.8042 test77_diag_ema=0.4245/0.3603 v13=0.0008 grl=1.0962 v15=0.0000 v15r=0.0000 v16=0.0000 v17=0.0000 v18=0.0000 das=stage3[12,95] p=1.00 ep_time=35.3s
[19:49:09] [save] best_sourcequalified77_ema ep=36 source_val_live=0.9506/0.9496 source_val_ema=0.9383/0.9395 test77_ema=0.4245/0.3603
[19:49:09] [train] epoch 37/100 steps=40 use_dann=0 das=stage3 f=[12.0,95.0] p=1.00 gpu=3.0/11.8GB
[19:49:09] [train] ep=37 step=001/40 ce=0.2874 sc=0.8385 mi=0.0733 dn=0.0000 v13=0.0006 grl=1.1399 v15=0.0000 v15r=0.0000 v16=0.0000 v17=0.0000 v18=0.0000 acc=1.0000 lr=2.22e-04 lambda=0.000 grl_lambda=0.947 v18_lambda=0.000 gpu=3.0/11.8GB
[19:49:15] [train] ep=37 step=010/40 ce=0.4153 sc=0.8387 mi=0.0657 dn=0.0000 v13=0.0006 grl=1.0842 v15=0.0000 v15r=0.0000 v16=0.0000 v17=0.0000 v18=0.0000 acc=0.9875 lr=2.21e-04 lambda=0.000 grl_lambda=0.948 v18_lambda=0.000 gpu=3.0/11.8GB
[19:49:20] [train] ep=37 step=020/40 ce=0.4431 sc=0.8672 mi=0.0663 dn=0.0000 v13=0.0006 grl=1.0930 v15=0.0000 v15r=0.0000 v16=0.0000 v17=0.0000 v18=0.0000 acc=0.9844 lr=2.20e-04 lambda=0.000 grl_lambda=0.949 v18_lambda=0.000 gpu=3.0/11.8GB
[19:49:27] [train] ep=37 step=030/40 ce=0.3920 sc=0.8181 mi=0.0659 dn=0.0000 v13=0.0006 grl=1.0907 v15=0.0000 v15r=0.0000 v16=0.0000 v17=0.0000 v18=0.0000 acc=0.9896 lr=2.19e-04 lambda=0.000 grl_lambda=0.950 v18_lambda=0.000 gpu=3.0/11.8GB
[19:49:34] [train] ep=37 step=040/40 ce=0.3789 sc=0.8178 mi=0.0658 dn=0.0000 v13=0.0006 grl=1.0912 v15=0.0000 v15r=0.0000 v16=0.0000 v17=0.0000 v18=0.0000 acc=0.9922 lr=2.18e-04 lambda=0.000 grl_lambda=0.952 v18_lambda=0.000 gpu=3.0/11.8GB
[19:49:44] [ep_summary] ep=37/100 val_live=0.9568/0.9576 val_ema=0.9321/0.9336 test77_live=0.8345/0.8296 test77_diag_ema=0.4424/0.3766 v13=0.0006 grl=1.0912 v15=0.0000 v15r=0.0000 v16=0.0000 v17=0.0000 v18=0.0000 das=stage3[12,95] p=1.00 ep_time=35.6s
[19:49:45] [save] best_sourcequalified77_ema ep=37 source_val_live=0.9568/0.9576 source_val_ema=0.9321/0.9336 test77_ema=0.4424/0.3766
[19:49:45] [train] epoch 38/100 steps=40 use_dann=0 das=stage3 f=[12.0,95.0] p=1.00 gpu=3.0/11.8GB
[19:49:45] [train] ep=38 step=001/40 ce=0.2641 sc=0.4513 mi=0.0642 dn=0.0000 v13=0.0004 grl=1.0670 v15=0.0000 v15r=0.0000 v16=0.0000 v17=0.0000 v18=0.0000 acc=1.0000 lr=2.18e-04 lambda=0.000 grl_lambda=0.952 v18_lambda=0.000 gpu=3.0/11.8GB
[19:49:50] [train] ep=38 step=010/40 ce=0.3595 sc=0.7875 mi=0.0613 dn=0.0000 v13=0.0005 grl=1.0721 v15=0.0000 v15r=0.0000 v16=0.0000 v17=0.0000 v18=0.0000 acc=0.9938 lr=2.17e-04 lambda=0.000 grl_lambda=0.953 v18_lambda=0.000 gpu=3.0/11.8GB
[19:49:56] [train] ep=38 step=020/40 ce=0.3430 sc=0.7944 mi=0.0624 dn=0.0000 v13=0.0006 grl=1.0939 v15=0.0000 v15r=0.0000 v16=0.0000 v17=0.0000 v18=0.0000 acc=0.9938 lr=2.16e-04 lambda=0.000 grl_lambda=0.954 v18_lambda=0.000 gpu=3.0/11.8GB
[19:50:02] [train] ep=38 step=030/40 ce=0.3841 sc=0.7708 mi=0.0635 dn=0.0000 v13=0.0006 grl=1.0940 v15=0.0000 v15r=0.0000 v16=0.0000 v17=0.0000 v18=0.0000 acc=0.9917 lr=2.15e-04 lambda=0.000 grl_lambda=0.955 v18_lambda=0.000 gpu=3.0/11.8GB
[19:50:08] [train] ep=38 step=040/40 ce=0.3693 sc=0.7656 mi=0.0644 dn=0.0000 v13=0.0006 grl=1.0983 v15=0.0000 v15r=0.0000 v16=0.0000 v17=0.0000 v18=0.0000 acc=0.9938 lr=2.14e-04 lambda=0.000 grl_lambda=0.956 v18_lambda=0.000 gpu=3.0/11.8GB
[19:50:18] [ep_summary] ep=38/100 val_live=0.9506/0.9503 val_ema=0.9383/0.9395 test77_live=0.8309/0.8282 test77_diag_ema=0.4568/0.3866 v13=0.0006 grl=1.0983 v15=0.0000 v15r=0.0000 v16=0.0000 v17=0.0000 v18=0.0000 das=stage3[12,95] p=1.00 ep_time=33.4s
[19:50:18] [save] best_sourcequalified77_ema ep=38 source_val_live=0.9506/0.9503 source_val_ema=0.9383/0.9395 test77_ema=0.4568/0.3866
[19:50:18] [train] epoch 39/100 steps=40 use_dann=0 das=stage3 f=[12.0,95.0] p=1.00 gpu=3.0/11.8GB
[19:50:20] [train] ep=39 step=001/40 ce=0.2644 sc=0.7929 mi=0.0713 dn=0.0000 v13=0.0003 grl=1.1330 v15=0.0000 v15r=0.0000 v16=0.0000 v17=0.0000 v18=0.0000 acc=1.0000 lr=2.14e-04 lambda=0.000 grl_lambda=0.956 v18_lambda=0.000 gpu=3.0/11.8GB
[19:50:25] [train] ep=39 step=010/40 ce=0.2638 sc=0.8035 mi=0.0683 dn=0.0000 v13=0.0006 grl=1.0911 v15=0.0000 v15r=0.0000 v16=0.0000 v17=0.0000 v18=0.0000 acc=1.0000 lr=2.13e-04 lambda=0.000 grl_lambda=0.957 v18_lambda=0.000 gpu=3.0/11.8GB
[19:50:31] [train] ep=39 step=020/40 ce=0.2635 sc=0.7436 mi=0.0669 dn=0.0000 v13=0.0006 grl=1.0856 v15=0.0000 v15r=0.0000 v16=0.0000 v17=0.0000 v18=0.0000 acc=1.0000 lr=2.11e-04 lambda=0.000 grl_lambda=0.958 v18_lambda=0.000 gpu=3.0/11.8GB
[19:50:37] [train] ep=39 step=030/40 ce=0.2896 sc=0.7432 mi=0.0668 dn=0.0000 v13=0.0006 grl=1.0920 v15=0.0000 v15r=0.0000 v16=0.0000 v17=0.0000 v18=0.0000 acc=0.9979 lr=2.10e-04 lambda=0.000 grl_lambda=0.959 v18_lambda=0.000 gpu=3.0/11.8GB
[19:50:43] [train] ep=39 step=040/40 ce=0.2844 sc=0.7417 mi=0.0665 dn=0.0000 v13=0.0006 grl=1.0921 v15=0.0000 v15r=0.0000 v16=0.0000 v17=0.0000 v18=0.0000 acc=0.9984 lr=2.09e-04 lambda=0.000 grl_lambda=0.960 v18_lambda=0.000 gpu=3.0/11.8GB
[19:50:53] [ep_summary] ep=39/100 val_live=0.9444/0.9433 val_ema=0.9383/0.9395 test77_live=0.7878/0.7787 test77_diag_ema=0.4892/0.4211 v13=0.0006 grl=1.0921 v15=0.0000 v15r=0.0000 v16=0.0000 v17=0.0000 v18=0.0000 das=stage3[12,95] p=1.00 ep_time=35.3s
[19:50:53] [save] best_sourcequalified77_ema ep=39 source_val_live=0.9444/0.9433 source_val_ema=0.9383/0.9395 test77_ema=0.4892/0.4211
[19:50:53] [train] epoch 40/100 steps=40 use_dann=0 das=stage3 f=[12.0,95.0] p=1.00 gpu=3.0/11.8GB
[19:50:54] [train] ep=40 step=001/40 ce=0.2641 sc=0.9942 mi=0.0692 dn=0.0000 v13=0.0008 grl=1.0962 v15=0.0000 v15r=0.0000 v16=0.0000 v17=0.0000 v18=0.0000 acc=1.0000 lr=2.09e-04 lambda=0.000 grl_lambda=0.960 v18_lambda=0.000 gpu=3.0/11.8GB
[19:50:59] [train] ep=40 step=010/40 ce=0.3218 sc=0.8146 mi=0.0701 dn=0.0000 v13=0.0006 grl=1.0922 v15=0.0000 v15r=0.0000 v16=0.0000 v17=0.0000 v18=0.0000 acc=1.0000 lr=2.08e-04 lambda=0.000 grl_lambda=0.961 v18_lambda=0.000 gpu=3.0/11.8GB
[19:51:05] [train] ep=40 step=020/40 ce=0.2920 sc=0.7656 mi=0.0708 dn=0.0000 v13=0.0006 grl=1.0950 v15=0.0000 v15r=0.0000 v16=0.0000 v17=0.0000 v18=0.0000 acc=1.0000 lr=2.07e-04 lambda=0.000 grl_lambda=0.962 v18_lambda=0.000 gpu=3.0/11.8GB
[19:51:11] [train] ep=40 step=030/40 ce=0.3240 sc=0.7835 mi=0.0707 dn=0.0000 v13=0.0006 grl=1.0958 v15=0.0000 v15r=0.0000 v16=0.0000 v17=0.0000 v18=0.0000 acc=0.9958 lr=2.06e-04 lambda=0.000 grl_lambda=0.963 v18_lambda=0.000 gpu=3.0/11.8GB
[19:51:17] [train] ep=40 step=040/40 ce=0.3288 sc=0.8008 mi=0.0697 dn=0.0000 v13=0.0006 grl=1.0959 v15=0.0000 v15r=0.0000 v16=0.0000 v17=0.0000 v18=0.0000 acc=0.9953 lr=2.05e-04 lambda=0.000 grl_lambda=0.964 v18_lambda=0.000 gpu=3.0/11.8GB
[19:51:27] [pool] check ep=040/100 source_val_acc_ema=0.9321 threshold=0.90
[19:51:33] [pool] ep=040 ADDED src_val=0.9321/0.9334 dev77=0.5000/0.4244 final77=0.5108/0.4454
[19:51:33] [pool] running best ep=040 dev77_f1=0.4244 final77_f1=0.4454 (pool_size=1)
[19:51:33] [ep_summary] ep=40/100 val_live=0.9630/0.9634 val_ema=0.9321/0.9334 test77_live=0.7950/0.7875 test77_diag_ema=0.5108/0.4454 v13=0.0006 grl=1.0959 v15=0.0000 v15r=0.0000 v16=0.0000 v17=0.0000 v18=0.0000 das=stage3[12,95] p=1.00 ep_time=39.5s
[19:51:33] [save] best_sourcequalified77_ema ep=40 source_val_live=0.9630/0.9634 source_val_ema=0.9321/0.9334 test77_ema=0.5108/0.4454
[19:51:33] [strict77_monitor] ep=40 best_source_epoch=34 source_val_ema=0.9383/0.9395 test77_ema_diag=0.3849/0.3220 sourcequalified_count=9 best_sourcequalified77_epoch=40 source_val_ema=0.9321/0.9334 test77_ema=0.5108/0.4454
[19:51:33] [train] epoch 41/100 steps=40 use_dann=0 das=stage3 f=[12.0,95.0] p=1.00 gpu=3.0/11.8GB
[19:51:33] [train] ep=41 step=001/40 ce=0.2622 sc=0.7603 mi=0.0694 dn=0.0000 v13=0.0008 grl=1.0605 v15=0.0000 v15r=0.0000 v16=0.0000 v17=0.0000 v18=0.0000 acc=1.0000 lr=2.05e-04 lambda=0.000 grl_lambda=0.964 v18_lambda=0.000 gpu=3.0/11.8GB
[19:51:39] [train] ep=41 step=010/40 ce=0.2905 sc=0.9202 mi=0.0662 dn=0.0000 v13=0.0006 grl=1.0947 v15=0.0000 v15r=0.0000 v16=0.0000 v17=0.0000 v18=0.0000 acc=1.0000 lr=2.04e-04 lambda=0.000 grl_lambda=0.965 v18_lambda=0.000 gpu=3.0/11.8GB
[19:51:45] [train] ep=41 step=020/40 ce=0.3392 sc=0.8426 mi=0.0674 dn=0.0000 v13=0.0006 grl=1.1037 v15=0.0000 v15r=0.0000 v16=0.0000 v17=0.0000 v18=0.0000 acc=0.9938 lr=2.02e-04 lambda=0.000 grl_lambda=0.966 v18_lambda=0.000 gpu=3.0/11.8GB
[19:51:50] [train] ep=41 step=030/40 ce=0.3333 sc=0.8548 mi=0.0678 dn=0.0000 v13=0.0006 grl=1.1022 v15=0.0000 v15r=0.0000 v16=0.0000 v17=0.0000 v18=0.0000 acc=0.9958 lr=2.01e-04 lambda=0.000 grl_lambda=0.967 v18_lambda=0.000 gpu=3.0/11.8GB
[19:51:56] [train] ep=41 step=040/40 ce=0.3744 sc=0.8285 mi=0.0667 dn=0.0000 v13=0.0006 grl=1.0958 v15=0.0000 v15r=0.0000 v16=0.0000 v17=0.0000 v18=0.0000 acc=0.9906 lr=2.00e-04 lambda=0.000 grl_lambda=0.967 v18_lambda=0.000 gpu=3.0/11.8GB
[19:52:06] [ep_summary] ep=41/100 val_live=0.9630/0.9634 val_ema=0.9321/0.9334 test77_live=0.7986/0.7972 test77_diag_ema=0.5396/0.4715 v13=0.0006 grl=1.0958 v15=0.0000 v15r=0.0000 v16=0.0000 v17=0.0000 v18=0.0000 das=stage3[12,95] p=1.00 ep_time=33.4s
[19:52:06] [save] best_sourcequalified77_ema ep=41 source_val_live=0.9630/0.9634 source_val_ema=0.9321/0.9334 test77_ema=0.5396/0.4715
[19:52:06] [train] epoch 42/100 steps=40 use_dann=0 das=stage3 f=[12.0,95.0] p=1.00 gpu=3.0/11.8GB
[19:52:07] [train] ep=42 step=001/40 ce=1.1415 sc=1.4942 mi=0.0739 dn=0.0000 v13=0.0004 grl=1.0550 v15=0.0000 v15r=0.0000 v16=0.0000 v17=0.0000 v18=0.0000 acc=0.9375 lr=2.00e-04 lambda=0.000 grl_lambda=0.967 v18_lambda=0.000 gpu=3.0/11.8GB
[19:52:12] [train] ep=42 step=010/40 ce=0.4114 sc=0.8419 mi=0.0629 dn=0.0000 v13=0.0005 grl=1.0805 v15=0.0000 v15r=0.0000 v16=0.0000 v17=0.0000 v18=0.0000 acc=0.9938 lr=1.99e-04 lambda=0.000 grl_lambda=0.968 v18_lambda=0.000 gpu=3.0/11.8GB
[19:52:18] [train] ep=42 step=020/40 ce=0.5214 sc=0.9018 mi=0.0646 dn=0.0000 v13=0.0005 grl=1.0925 v15=0.0000 v15r=0.0000 v16=0.0000 v17=0.0000 v18=0.0000 acc=0.9812 lr=1.98e-04 lambda=0.000 grl_lambda=0.969 v18_lambda=0.000 gpu=3.0/11.8GB
[19:52:24] [train] ep=42 step=030/40 ce=0.4602 sc=0.8748 mi=0.0643 dn=0.0000 v13=0.0005 grl=1.0846 v15=0.0000 v15r=0.0000 v16=0.0000 v17=0.0000 v18=0.0000 acc=0.9875 lr=1.97e-04 lambda=0.000 grl_lambda=0.970 v18_lambda=0.000 gpu=3.0/11.8GB
[19:52:30] [train] ep=42 step=040/40 ce=0.4199 sc=0.8412 mi=0.0651 dn=0.0000 v13=0.0006 grl=1.0917 v15=0.0000 v15r=0.0000 v16=0.0000 v17=0.0000 v18=0.0000 acc=0.9906 lr=1.96e-04 lambda=0.000 grl_lambda=0.970 v18_lambda=0.000 gpu=3.0/11.8GB
[19:52:40] [ep_summary] ep=42/100 val_live=0.9506/0.9496 val_ema=0.9321/0.9334 test77_live=0.8237/0.8210 test77_diag_ema=0.5540/0.4830 v13=0.0006 grl=1.0917 v15=0.0000 v15r=0.0000 v16=0.0000 v17=0.0000 v18=0.0000 das=stage3[12,95] p=1.00 ep_time=33.4s
[19:52:40] [save] best_sourcequalified77_ema ep=42 source_val_live=0.9506/0.9496 source_val_ema=0.9321/0.9334 test77_ema=0.5540/0.4830
[19:52:40] [train] epoch 43/100 steps=40 use_dann=0 das=stage3 f=[12.0,95.0] p=1.00 gpu=3.0/11.8GB
[19:52:40] [train] ep=43 step=001/40 ce=0.2617 sc=1.0410 mi=0.0631 dn=0.0000 v13=0.0006 grl=1.1596 v15=0.0000 v15r=0.0000 v16=0.0000 v17=0.0000 v18=0.0000 acc=1.0000 lr=1.95e-04 lambda=0.000 grl_lambda=0.970 v18_lambda=0.000 gpu=3.0/11.8GB
[19:52:46] [train] ep=43 step=010/40 ce=0.6946 sc=0.9556 mi=0.0610 dn=0.0000 v13=0.0005 grl=1.1057 v15=0.0000 v15r=0.0000 v16=0.0000 v17=0.0000 v18=0.0000 acc=0.9688 lr=1.94e-04 lambda=0.000 grl_lambda=0.971 v18_lambda=0.000 gpu=3.0/11.8GB
[19:52:51] [train] ep=43 step=020/40 ce=0.5987 sc=0.9684 mi=0.0627 dn=0.0000 v13=0.0006 grl=1.1106 v15=0.0000 v15r=0.0000 v16=0.0000 v17=0.0000 v18=0.0000 acc=0.9750 lr=1.93e-04 lambda=0.000 grl_lambda=0.972 v18_lambda=0.000 gpu=3.0/11.8GB
[19:52:57] [train] ep=43 step=030/40 ce=0.4977 sc=0.9399 mi=0.0641 dn=0.0000 v13=0.0006 grl=1.0976 v15=0.0000 v15r=0.0000 v16=0.0000 v17=0.0000 v18=0.0000 acc=0.9833 lr=1.92e-04 lambda=0.000 grl_lambda=0.972 v18_lambda=0.000 gpu=3.0/11.8GB
[19:53:03] [train] ep=43 step=040/40 ce=0.4646 sc=0.9183 mi=0.0643 dn=0.0000 v13=0.0006 grl=1.0949 v15=0.0000 v15r=0.0000 v16=0.0000 v17=0.0000 v18=0.0000 acc=0.9859 lr=1.91e-04 lambda=0.000 grl_lambda=0.973 v18_lambda=0.000 gpu=3.0/11.8GB
[19:53:13] [ep_summary] ep=43/100 val_live=0.9506/0.9509 val_ema=0.9321/0.9334 test77_live=0.8417/0.8375 test77_diag_ema=0.5683/0.4968 v13=0.0006 grl=1.0949 v15=0.0000 v15r=0.0000 v16=0.0000 v17=0.0000 v18=0.0000 das=stage3[12,95] p=1.00 ep_time=33.3s
[19:53:13] [save] best_sourcequalified77_ema ep=43 source_val_live=0.9506/0.9509 source_val_ema=0.9321/0.9334 test77_ema=0.5683/0.4968
[19:53:13] [train] epoch 44/100 steps=40 use_dann=0 das=stage3 f=[12.0,95.0] p=1.00 gpu=3.0/11.8GB
[19:53:14] [train] ep=44 step=001/40 ce=0.2666 sc=0.4306 mi=0.0604 dn=0.0000 v13=0.0006 grl=1.1228 v15=0.0000 v15r=0.0000 v16=0.0000 v17=0.0000 v18=0.0000 acc=1.0000 lr=1.91e-04 lambda=0.000 grl_lambda=0.973 v18_lambda=0.000 gpu=3.0/11.8GB
[19:53:19] [train] ep=44 step=010/40 ce=0.2876 sc=0.6945 mi=0.0665 dn=0.0000 v13=0.0006 grl=1.0888 v15=0.0000 v15r=0.0000 v16=0.0000 v17=0.0000 v18=0.0000 acc=1.0000 lr=1.90e-04 lambda=0.000 grl_lambda=0.974 v18_lambda=0.000 gpu=3.0/11.8GB
[19:53:25] [train] ep=44 step=020/40 ce=0.3148 sc=0.7400 mi=0.0649 dn=0.0000 v13=0.0006 grl=1.0902 v15=0.0000 v15r=0.0000 v16=0.0000 v17=0.0000 v18=0.0000 acc=0.9969 lr=1.89e-04 lambda=0.000 grl_lambda=0.974 v18_lambda=0.000 gpu=3.0/11.8GB
[19:53:31] [train] ep=44 step=030/40 ce=0.3005 sc=0.7548 mi=0.0650 dn=0.0000 v13=0.0007 grl=1.0952 v15=0.0000 v15r=0.0000 v16=0.0000 v17=0.0000 v18=0.0000 acc=0.9979 lr=1.87e-04 lambda=0.000 grl_lambda=0.975 v18_lambda=0.000 gpu=3.0/11.8GB
[19:53:36] [train] ep=44 step=040/40 ce=0.3009 sc=0.7429 mi=0.0644 dn=0.0000 v13=0.0006 grl=1.0939 v15=0.0000 v15r=0.0000 v16=0.0000 v17=0.0000 v18=0.0000 acc=0.9969 lr=1.86e-04 lambda=0.000 grl_lambda=0.976 v18_lambda=0.000 gpu=3.0/11.8GB
[19:53:58] [ep_summary] ep=44/100 val_live=0.9506/0.9509 val_ema=0.9321/0.9334 test77_live=0.7986/0.7916 test77_diag_ema=0.5755/0.5014 v13=0.0006 grl=1.0939 v15=0.0000 v15r=0.0000 v16=0.0000 v17=0.0000 v18=0.0000 das=stage3[12,95] p=1.00 ep_time=44.8s
[19:53:58] [save] best_sourcequalified77_ema ep=44 source_val_live=0.9506/0.9509 source_val_ema=0.9321/0.9334 test77_ema=0.5755/0.5014
[19:53:58] [train] epoch 45/100 steps=40 use_dann=0 das=stage3 f=[12.0,95.0] p=1.00 gpu=3.0/11.8GB
[19:53:59] [train] ep=45 step=001/40 ce=0.2604 sc=0.6030 mi=0.0566 dn=0.0000 v13=0.0007 grl=1.0092 v15=0.0000 v15r=0.0000 v16=0.0000 v17=0.0000 v18=0.0000 acc=1.0000 lr=1.86e-04 lambda=0.000 grl_lambda=0.976 v18_lambda=0.000 gpu=3.0/11.8GB
[19:54:04] [train] ep=45 step=010/40 ce=0.3629 sc=0.8427 mi=0.0610 dn=0.0000 v13=0.0008 grl=1.0776 v15=0.0000 v15r=0.0000 v16=0.0000 v17=0.0000 v18=0.0000 acc=0.9938 lr=1.85e-04 lambda=0.000 grl_lambda=0.976 v18_lambda=0.000 gpu=3.0/11.8GB
[19:54:10] [train] ep=45 step=020/40 ce=0.3143 sc=0.7542 mi=0.0623 dn=0.0000 v13=0.0007 grl=1.0834 v15=0.0000 v15r=0.0000 v16=0.0000 v17=0.0000 v18=0.0000 acc=0.9969 lr=1.84e-04 lambda=0.000 grl_lambda=0.977 v18_lambda=0.000 gpu=3.0/11.8GB
[19:54:16] [train] ep=45 step=030/40 ce=0.3047 sc=0.7634 mi=0.0626 dn=0.0000 v13=0.0007 grl=1.0876 v15=0.0000 v15r=0.0000 v16=0.0000 v17=0.0000 v18=0.0000 acc=0.9979 lr=1.83e-04 lambda=0.000 grl_lambda=0.977 v18_lambda=0.000 gpu=3.0/11.8GB
[19:54:21] [train] ep=45 step=040/40 ce=0.3044 sc=0.7672 mi=0.0629 dn=0.0000 v13=0.0007 grl=1.0904 v15=0.0000 v15r=0.0000 v16=0.0000 v17=0.0000 v18=0.0000 acc=0.9969 lr=1.81e-04 lambda=0.000 grl_lambda=0.978 v18_lambda=0.000 gpu=3.0/11.8GB
[19:54:32] [ep_summary] ep=45/100 val_live=0.9568/0.9571 val_ema=0.9321/0.9334 test77_live=0.8201/0.8159 test77_diag_ema=0.5935/0.5295 v13=0.0007 grl=1.0904 v15=0.0000 v15r=0.0000 v16=0.0000 v17=0.0000 v18=0.0000 das=stage3[12,95] p=1.00 ep_time=33.5s
[19:54:32] [save] best_sourcequalified77_ema ep=45 source_val_live=0.9568/0.9571 source_val_ema=0.9321/0.9334 test77_ema=0.5935/0.5295
[19:54:32] [train] epoch 46/100 steps=40 use_dann=0 das=stage3 f=[12.0,95.0] p=1.00 gpu=3.0/11.8GB
[19:54:32] [train] ep=46 step=001/40 ce=0.2611 sc=0.7468 mi=0.0667 dn=0.0000 v13=0.0004 grl=1.1304 v15=0.0000 v15r=0.0000 v16=0.0000 v17=0.0000 v18=0.0000 acc=1.0000 lr=1.81e-04 lambda=0.000 grl_lambda=0.978 v18_lambda=0.000 gpu=3.0/11.8GB
[19:54:37] [train] ep=46 step=010/40 ce=0.3442 sc=0.7674 mi=0.0646 dn=0.0000 v13=0.0006 grl=1.1078 v15=0.0000 v15r=0.0000 v16=0.0000 v17=0.0000 v18=0.0000 acc=0.9938 lr=1.80e-04 lambda=0.000 grl_lambda=0.979 v18_lambda=0.000 gpu=3.0/11.8GB
[19:54:43] [train] ep=46 step=020/40 ce=0.3049 sc=0.7455 mi=0.0644 dn=0.0000 v13=0.0006 grl=1.0998 v15=0.0000 v15r=0.0000 v16=0.0000 v17=0.0000 v18=0.0000 acc=0.9969 lr=1.79e-04 lambda=0.000 grl_lambda=0.979 v18_lambda=0.000 gpu=3.0/11.8GB
[19:54:49] [train] ep=46 step=030/40 ce=0.3016 sc=0.7371 mi=0.0640 dn=0.0000 v13=0.0007 grl=1.0924 v15=0.0000 v15r=0.0000 v16=0.0000 v17=0.0000 v18=0.0000 acc=0.9979 lr=1.78e-04 lambda=0.000 grl_lambda=0.980 v18_lambda=0.000 gpu=3.0/11.8GB
[19:54:55] [train] ep=46 step=040/40 ce=0.2938 sc=0.7341 mi=0.0648 dn=0.0000 v13=0.0007 grl=1.0872 v15=0.0000 v15r=0.0000 v16=0.0000 v17=0.0000 v18=0.0000 acc=0.9984 lr=1.77e-04 lambda=0.000 grl_lambda=0.980 v18_lambda=0.000 gpu=3.0/11.8GB
[19:55:05] [ep_summary] ep=46/100 val_live=0.9568/0.9571 val_ema=0.9321/0.9334 test77_live=0.8022/0.7949 test77_diag_ema=0.6151/0.5608 v13=0.0007 grl=1.0872 v15=0.0000 v15r=0.0000 v16=0.0000 v17=0.0000 v18=0.0000 das=stage3[12,95] p=1.00 ep_time=33.3s
[19:55:05] [save] best_sourcequalified77_ema ep=46 source_val_live=0.9568/0.9571 source_val_ema=0.9321/0.9334 test77_ema=0.6151/0.5608
[19:55:05] [train] epoch 47/100 steps=40 use_dann=0 das=stage3 f=[12.0,95.0] p=1.00 gpu=3.0/11.8GB
[19:55:06] [train] ep=47 step=001/40 ce=0.2624 sc=0.9948 mi=0.0693 dn=0.0000 v13=0.0004 grl=1.1367 v15=0.0000 v15r=0.0000 v16=0.0000 v17=0.0000 v18=0.0000 acc=1.0000 lr=1.77e-04 lambda=0.000 grl_lambda=0.980 v18_lambda=0.000 gpu=3.0/11.8GB
[19:55:11] [train] ep=47 step=010/40 ce=0.3787 sc=0.7918 mi=0.0674 dn=0.0000 v13=0.0007 grl=1.0953 v15=0.0000 v15r=0.0000 v16=0.0000 v17=0.0000 v18=0.0000 acc=0.9938 lr=1.76e-04 lambda=0.000 grl_lambda=0.981 v18_lambda=0.000 gpu=3.0/11.8GB
[19:55:17] [train] ep=47 step=020/40 ce=0.3872 sc=0.7819 mi=0.0645 dn=0.0000 v13=0.0006 grl=1.0893 v15=0.0000 v15r=0.0000 v16=0.0000 v17=0.0000 v18=0.0000 acc=0.9906 lr=1.74e-04 lambda=0.000 grl_lambda=0.981 v18_lambda=0.000 gpu=3.0/11.8GB
[19:55:22] [train] ep=47 step=030/40 ce=0.3672 sc=0.7677 mi=0.0646 dn=0.0000 v13=0.0006 grl=1.0903 v15=0.0000 v15r=0.0000 v16=0.0000 v17=0.0000 v18=0.0000 acc=0.9917 lr=1.73e-04 lambda=0.000 grl_lambda=0.981 v18_lambda=0.000 gpu=3.0/11.8GB
[19:55:28] [train] ep=47 step=040/40 ce=0.3627 sc=0.7785 mi=0.0651 dn=0.0000 v13=0.0006 grl=1.0885 v15=0.0000 v15r=0.0000 v16=0.0000 v17=0.0000 v18=0.0000 acc=0.9922 lr=1.72e-04 lambda=0.000 grl_lambda=0.982 v18_lambda=0.000 gpu=3.0/11.8GB
[19:55:38] [ep_summary] ep=47/100 val_live=0.9568/0.9571 val_ema=0.9321/0.9334 test77_live=0.8525/0.8492 test77_diag_ema=0.6331/0.5813 v13=0.0006 grl=1.0885 v15=0.0000 v15r=0.0000 v16=0.0000 v17=0.0000 v18=0.0000 das=stage3[12,95] p=1.00 ep_time=33.5s
[19:55:38] [save] best_sourcequalified77_ema ep=47 source_val_live=0.9568/0.9571 source_val_ema=0.9321/0.9334 test77_ema=0.6331/0.5813
[19:55:38] [train] epoch 48/100 steps=40 use_dann=0 das=stage3 f=[12.0,95.0] p=1.00 gpu=3.0/11.8GB
[19:55:39] [train] ep=48 step=001/40 ce=0.2705 sc=0.7257 mi=0.0633 dn=0.0000 v13=0.0007 grl=1.1504 v15=0.0000 v15r=0.0000 v16=0.0000 v17=0.0000 v18=0.0000 acc=1.0000 lr=1.72e-04 lambda=0.000 grl_lambda=0.982 v18_lambda=0.000 gpu=3.0/11.8GB
[19:55:44] [train] ep=48 step=010/40 ce=0.2946 sc=0.8293 mi=0.0653 dn=0.0000 v13=0.0006 grl=1.0810 v15=0.0000 v15r=0.0000 v16=0.0000 v17=0.0000 v18=0.0000 acc=1.0000 lr=1.71e-04 lambda=0.000 grl_lambda=0.982 v18_lambda=0.000 gpu=3.0/11.8GB
[19:55:50] [train] ep=48 step=020/40 ce=0.3053 sc=0.8634 mi=0.0644 dn=0.0000 v13=0.0006 grl=1.0770 v15=0.0000 v15r=0.0000 v16=0.0000 v17=0.0000 v18=0.0000 acc=0.9969 lr=1.69e-04 lambda=0.000 grl_lambda=0.983 v18_lambda=0.000 gpu=3.0/11.8GB
[19:55:56] [train] ep=48 step=030/40 ce=0.3444 sc=0.8513 mi=0.0653 dn=0.0000 v13=0.0006 grl=1.0824 v15=0.0000 v15r=0.0000 v16=0.0000 v17=0.0000 v18=0.0000 acc=0.9938 lr=1.68e-04 lambda=0.000 grl_lambda=0.983 v18_lambda=0.000 gpu=3.0/11.8GB
[19:56:02] [train] ep=48 step=040/40 ce=0.3497 sc=0.8504 mi=0.0659 dn=0.0000 v13=0.0006 grl=1.0916 v15=0.0000 v15r=0.0000 v16=0.0000 v17=0.0000 v18=0.0000 acc=0.9938 lr=1.67e-04 lambda=0.000 grl_lambda=0.984 v18_lambda=0.000 gpu=3.0/11.8GB
[19:56:50] [ep_summary] ep=48/100 val_live=0.9506/0.9498 val_ema=0.9383/0.9402 test77_live=0.7698/0.7687 test77_diag_ema=0.6439/0.5929 v13=0.0006 grl=1.0916 v15=0.0000 v15r=0.0000 v16=0.0000 v17=0.0000 v18=0.0000 das=stage3[12,95] p=1.00 ep_time=71.4s
[19:56:51] [save] best_sourcequalified77_ema ep=48 source_val_live=0.9506/0.9498 source_val_ema=0.9383/0.9402 test77_ema=0.6439/0.5929
[19:56:51] [train] epoch 49/100 steps=40 use_dann=0 das=stage3 f=[12.0,95.0] p=1.00 gpu=3.0/11.8GB
[19:56:53] [train] ep=49 step=001/40 ce=0.2624 sc=0.4347 mi=0.0666 dn=0.0000 v13=0.0005 grl=1.1011 v15=0.0000 v15r=0.0000 v16=0.0000 v17=0.0000 v18=0.0000 acc=1.0000 lr=1.67e-04 lambda=0.000 grl_lambda=0.984 v18_lambda=0.000 gpu=3.0/11.8GB
[19:56:58] [train] ep=49 step=010/40 ce=0.3405 sc=0.7848 mi=0.0648 dn=0.0000 v13=0.0006 grl=1.0977 v15=0.0000 v15r=0.0000 v16=0.0000 v17=0.0000 v18=0.0000 acc=0.9938 lr=1.66e-04 lambda=0.000 grl_lambda=0.984 v18_lambda=0.000 gpu=3.0/11.8GB
[19:57:04] [train] ep=49 step=020/40 ce=0.3016 sc=0.7880 mi=0.0660 dn=0.0000 v13=0.0006 grl=1.0981 v15=0.0000 v15r=0.0000 v16=0.0000 v17=0.0000 v18=0.0000 acc=0.9969 lr=1.65e-04 lambda=0.000 grl_lambda=0.984 v18_lambda=0.000 gpu=3.0/11.8GB
[19:57:10] [train] ep=49 step=030/40 ce=0.3863 sc=0.8392 mi=0.0649 dn=0.0000 v13=0.0006 grl=1.0984 v15=0.0000 v15r=0.0000 v16=0.0000 v17=0.0000 v18=0.0000 acc=0.9917 lr=1.63e-04 lambda=0.000 grl_lambda=0.985 v18_lambda=0.000 gpu=3.0/11.8GB
[19:57:15] [train] ep=49 step=040/40 ce=0.4089 sc=0.8370 mi=0.0655 dn=0.0000 v13=0.0006 grl=1.0953 v15=0.0000 v15r=0.0000 v16=0.0000 v17=0.0000 v18=0.0000 acc=0.9906 lr=1.62e-04 lambda=0.000 grl_lambda=0.985 v18_lambda=0.000 gpu=3.0/11.8GB
[19:57:26] [ep_summary] ep=49/100 val_live=0.9630/0.9625 val_ema=0.9506/0.9513 test77_live=0.8345/0.8275 test77_diag_ema=0.6475/0.5978 v13=0.0006 grl=1.0953 v15=0.0000 v15r=0.0000 v16=0.0000 v17=0.0000 v18=0.0000 das=stage3[12,95] p=1.00 ep_time=35.1s
[19:57:26] [save] best_sourceval_ema val_acc_ema=0.9506 source_val_live=0.9630/0.9625 source_val_ema=0.9506/0.9513 ep=49
[19:57:26] [save] best_sourcequalified77_ema ep=49 source_val_live=0.9630/0.9625 source_val_ema=0.9506/0.9513 test77_ema=0.6475/0.5978
[19:57:26] [train] epoch 50/100 steps=40 use_dann=0 das=stage3 f=[12.0,95.0] p=1.00 gpu=3.0/11.8GB
[19:57:26] [train] ep=50 step=001/40 ce=0.2613 sc=0.6177 mi=0.0629 dn=0.0000 v13=0.0005 grl=1.0913 v15=0.0000 v15r=0.0000 v16=0.0000 v17=0.0000 v18=0.0000 acc=1.0000 lr=1.62e-04 lambda=0.000 grl_lambda=0.985 v18_lambda=0.000 gpu=3.0/11.8GB
[19:57:32] [train] ep=50 step=010/40 ce=0.2700 sc=0.6791 mi=0.0637 dn=0.0000 v13=0.0006 grl=1.0843 v15=0.0000 v15r=0.0000 v16=0.0000 v17=0.0000 v18=0.0000 acc=1.0000 lr=1.61e-04 lambda=0.000 grl_lambda=0.986 v18_lambda=0.000 gpu=3.0/11.8GB
[19:57:37] [train] ep=50 step=020/40 ce=0.2881 sc=0.6895 mi=0.0660 dn=0.0000 v13=0.0006 grl=1.1058 v15=0.0000 v15r=0.0000 v16=0.0000 v17=0.0000 v18=0.0000 acc=0.9969 lr=1.60e-04 lambda=0.000 grl_lambda=0.986 v18_lambda=0.000 gpu=3.0/11.8GB
[19:57:43] [train] ep=50 step=030/40 ce=0.2922 sc=0.7167 mi=0.0652 dn=0.0000 v13=0.0006 grl=1.1088 v15=0.0000 v15r=0.0000 v16=0.0000 v17=0.0000 v18=0.0000 acc=0.9979 lr=1.59e-04 lambda=0.000 grl_lambda=0.986 v18_lambda=0.000 gpu=3.0/11.8GB
[19:57:49] [train] ep=50 step=040/40 ce=0.3228 sc=0.7353 mi=0.0653 dn=0.0000 v13=0.0006 grl=1.1043 v15=0.0000 v15r=0.0000 v16=0.0000 v17=0.0000 v18=0.0000 acc=0.9953 lr=1.57e-04 lambda=0.000 grl_lambda=0.987 v18_lambda=0.000 gpu=3.0/11.8GB
[19:57:59] [pool] check ep=050/100 source_val_acc_ema=0.9568 threshold=0.90
[19:58:04] [pool] ep=050 ADDED src_val=0.9568/0.9574 dev77=0.6286/0.5865 final77=0.6547/0.6107
[19:58:04] [pool] running best ep=050 dev77_f1=0.5865 final77_f1=0.6107 (pool_size=2)
[19:58:04] [ep_summary] ep=50/100 val_live=0.9630/0.9635 val_ema=0.9568/0.9574 test77_live=0.7734/0.7662 test77_diag_ema=0.6547/0.6107 v13=0.0006 grl=1.1043 v15=0.0000 v15r=0.0000 v16=0.0000 v17=0.0000 v18=0.0000 das=stage3[12,95] p=1.00 ep_time=38.1s
[19:58:04] [save] best_sourceval_ema val_acc_ema=0.9568 source_val_live=0.9630/0.9635 source_val_ema=0.9568/0.9574 ep=50
[19:58:04] [save] best_sourcequalified77_ema ep=50 source_val_live=0.9630/0.9635 source_val_ema=0.9568/0.9574 test77_ema=0.6547/0.6107
[19:58:04] [strict77_monitor] ep=50 best_source_epoch=50 source_val_ema=0.9568/0.9574 test77_ema_diag=0.6547/0.6107 sourcequalified_count=19 best_sourcequalified77_epoch=50 source_val_ema=0.9568/0.9574 test77_ema=0.6547/0.6107
[19:58:04] [train] epoch 51/100 steps=40 use_dann=0 das=stage3 f=[12.0,95.0] p=1.00 gpu=3.0/11.8GB
[19:58:05] [train] ep=51 step=001/40 ce=0.2603 sc=0.4375 mi=0.0699 dn=0.0000 v13=0.0009 grl=1.0769 v15=0.0000 v15r=0.0000 v16=0.0000 v17=0.0000 v18=0.0000 acc=1.0000 lr=1.57e-04 lambda=0.000 grl_lambda=0.987 v18_lambda=0.000 gpu=3.0/11.8GB
[19:58:10] [train] ep=51 step=010/40 ce=0.3877 sc=0.8897 mi=0.0641 dn=0.0000 v13=0.0005 grl=1.0872 v15=0.0000 v15r=0.0000 v16=0.0000 v17=0.0000 v18=0.0000 acc=0.9938 lr=1.56e-04 lambda=0.000 grl_lambda=0.987 v18_lambda=0.000 gpu=3.0/11.8GB
[19:58:16] [train] ep=51 step=020/40 ce=0.3572 sc=0.8916 mi=0.0637 dn=0.0000 v13=0.0006 grl=1.0929 v15=0.0000 v15r=0.0000 v16=0.0000 v17=0.0000 v18=0.0000 acc=0.9938 lr=1.55e-04 lambda=0.000 grl_lambda=0.987 v18_lambda=0.000 gpu=3.0/11.8GB
[19:58:21] [train] ep=51 step=030/40 ce=0.3356 sc=0.8563 mi=0.0634 dn=0.0000 v13=0.0006 grl=1.0978 v15=0.0000 v15r=0.0000 v16=0.0000 v17=0.0000 v18=0.0000 acc=0.9958 lr=1.54e-04 lambda=0.000 grl_lambda=0.988 v18_lambda=0.000 gpu=3.0/11.8GB
[19:58:27] [train] ep=51 step=040/40 ce=0.3178 sc=0.8437 mi=0.0638 dn=0.0000 v13=0.0006 grl=1.0948 v15=0.0000 v15r=0.0000 v16=0.0000 v17=0.0000 v18=0.0000 acc=0.9969 lr=1.53e-04 lambda=0.000 grl_lambda=0.988 v18_lambda=0.000 gpu=3.0/11.8GB
[19:58:37] [ep_summary] ep=51/100 val_live=0.9691/0.9696 val_ema=0.9568/0.9574 test77_live=0.7770/0.7743 test77_diag_ema=0.6691/0.6332 v13=0.0006 grl=1.0948 v15=0.0000 v15r=0.0000 v16=0.0000 v17=0.0000 v18=0.0000 das=stage3[12,95] p=1.00 ep_time=33.4s
[19:58:37] [save] best_sourcequalified77_ema ep=51 source_val_live=0.9691/0.9696 source_val_ema=0.9568/0.9574 test77_ema=0.6691/0.6332
[19:58:37] [train] epoch 52/100 steps=40 use_dann=0 das=stage3 f=[12.0,95.0] p=1.00 gpu=3.0/11.8GB
[19:58:38] [train] ep=52 step=001/40 ce=0.2597 sc=0.6179 mi=0.0726 dn=0.0000 v13=0.0007 grl=1.1360 v15=0.0000 v15r=0.0000 v16=0.0000 v17=0.0000 v18=0.0000 acc=1.0000 lr=1.52e-04 lambda=0.000 grl_lambda=0.988 v18_lambda=0.000 gpu=3.0/11.8GB
[19:58:43] [train] ep=52 step=010/40 ce=0.4247 sc=0.8525 mi=0.0642 dn=0.0000 v13=0.0006 grl=1.0864 v15=0.0000 v15r=0.0000 v16=0.0000 v17=0.0000 v18=0.0000 acc=0.9875 lr=1.51e-04 lambda=0.000 grl_lambda=0.988 v18_lambda=0.000 gpu=3.0/11.8GB
[19:58:49] [train] ep=52 step=020/40 ce=0.3467 sc=0.8208 mi=0.0650 dn=0.0000 v13=0.0006 grl=1.0849 v15=0.0000 v15r=0.0000 v16=0.0000 v17=0.0000 v18=0.0000 acc=0.9938 lr=1.50e-04 lambda=0.000 grl_lambda=0.988 v18_lambda=0.000 gpu=3.0/11.8GB
[19:58:55] [train] ep=52 step=030/40 ce=0.3467 sc=0.7918 mi=0.0639 dn=0.0000 v13=0.0006 grl=1.0812 v15=0.0000 v15r=0.0000 v16=0.0000 v17=0.0000 v18=0.0000 acc=0.9938 lr=1.49e-04 lambda=0.000 grl_lambda=0.989 v18_lambda=0.000 gpu=3.0/11.8GB
[19:59:01] [train] ep=52 step=040/40 ce=0.3823 sc=0.8243 mi=0.0620 dn=0.0000 v13=0.0006 grl=1.0768 v15=0.0000 v15r=0.0000 v16=0.0000 v17=0.0000 v18=0.0000 acc=0.9906 lr=1.48e-04 lambda=0.000 grl_lambda=0.989 v18_lambda=0.000 gpu=3.0/11.8GB
[19:59:11] [ep_summary] ep=52/100 val_live=0.9753/0.9757 val_ema=0.9568/0.9574 test77_live=0.7878/0.7859 test77_diag_ema=0.6799/0.6463 v13=0.0006 grl=1.0768 v15=0.0000 v15r=0.0000 v16=0.0000 v17=0.0000 v18=0.0000 das=stage3[12,95] p=1.00 ep_time=33.3s
[19:59:11] [save] best_sourcequalified77_ema ep=52 source_val_live=0.9753/0.9757 source_val_ema=0.9568/0.9574 test77_ema=0.6799/0.6463
[19:59:11] [train] epoch 53/100 steps=40 use_dann=0 das=stage3 f=[12.0,95.0] p=1.00 gpu=3.0/11.8GB
[19:59:11] [train] ep=53 step=001/40 ce=0.2598 sc=0.7281 mi=0.0663 dn=0.0000 v13=0.0006 grl=1.1156 v15=0.0000 v15r=0.0000 v16=0.0000 v17=0.0000 v18=0.0000 acc=1.0000 lr=1.48e-04 lambda=0.000 grl_lambda=0.989 v18_lambda=0.000 gpu=3.0/11.8GB
[19:59:17] [train] ep=53 step=010/40 ce=0.2636 sc=0.9327 mi=0.0666 dn=0.0000 v13=0.0007 grl=1.1055 v15=0.0000 v15r=0.0000 v16=0.0000 v17=0.0000 v18=0.0000 acc=1.0000 lr=1.46e-04 lambda=0.000 grl_lambda=0.989 v18_lambda=0.000 gpu=3.0/11.8GB
[19:59:22] [train] ep=53 step=020/40 ce=0.3638 sc=0.8921 mi=0.0645 dn=0.0000 v13=0.0006 grl=1.1038 v15=0.0000 v15r=0.0000 v16=0.0000 v17=0.0000 v18=0.0000 acc=0.9906 lr=1.45e-04 lambda=0.000 grl_lambda=0.990 v18_lambda=0.000 gpu=3.0/11.8GB
[19:59:28] [train] ep=53 step=030/40 ce=0.3730 sc=0.8923 mi=0.0651 dn=0.0000 v13=0.0006 grl=1.1062 v15=0.0000 v15r=0.0000 v16=0.0000 v17=0.0000 v18=0.0000 acc=0.9896 lr=1.44e-04 lambda=0.000 grl_lambda=0.990 v18_lambda=0.000 gpu=3.0/11.8GB
[19:59:34] [train] ep=53 step=040/40 ce=0.3517 sc=0.8504 mi=0.0645 dn=0.0000 v13=0.0006 grl=1.1044 v15=0.0000 v15r=0.0000 v16=0.0000 v17=0.0000 v18=0.0000 acc=0.9922 lr=1.43e-04 lambda=0.000 grl_lambda=0.990 v18_lambda=0.000 gpu=3.0/11.8GB
[19:59:44] [ep_summary] ep=53/100 val_live=0.9630/0.9634 val_ema=0.9568/0.9574 test77_live=0.7986/0.7968 test77_diag_ema=0.6871/0.6559 v13=0.0006 grl=1.1044 v15=0.0000 v15r=0.0000 v16=0.0000 v17=0.0000 v18=0.0000 das=stage3[12,95] p=1.00 ep_time=33.4s
[19:59:44] [save] best_sourcequalified77_ema ep=53 source_val_live=0.9630/0.9634 source_val_ema=0.9568/0.9574 test77_ema=0.6871/0.6559
[19:59:44] [train] epoch 54/100 steps=40 use_dann=0 das=stage3 f=[12.0,95.0] p=1.00 gpu=3.0/11.8GB
[19:59:45] [train] ep=54 step=001/40 ce=0.2587 sc=0.7910 mi=0.0571 dn=0.0000 v13=0.0006 grl=1.0684 v15=0.0000 v15r=0.0000 v16=0.0000 v17=0.0000 v18=0.0000 acc=1.0000 lr=1.43e-04 lambda=0.000 grl_lambda=0.990 v18_lambda=0.000 gpu=3.0/11.8GB
[19:59:50] [train] ep=54 step=010/40 ce=0.3140 sc=0.7647 mi=0.0624 dn=0.0000 v13=0.0005 grl=1.0884 v15=0.0000 v15r=0.0000 v16=0.0000 v17=0.0000 v18=0.0000 acc=0.9938 lr=1.42e-04 lambda=0.000 grl_lambda=0.990 v18_lambda=0.000 gpu=3.0/11.8GB
[19:59:56] [train] ep=54 step=020/40 ce=0.2971 sc=0.7738 mi=0.0607 dn=0.0000 v13=0.0006 grl=1.0804 v15=0.0000 v15r=0.0000 v16=0.0000 v17=0.0000 v18=0.0000 acc=0.9969 lr=1.40e-04 lambda=0.000 grl_lambda=0.991 v18_lambda=0.000 gpu=3.0/11.8GB
[20:00:02] [train] ep=54 step=030/40 ce=0.3133 sc=0.8070 mi=0.0607 dn=0.0000 v13=0.0006 grl=1.0811 v15=0.0000 v15r=0.0000 v16=0.0000 v17=0.0000 v18=0.0000 acc=0.9958 lr=1.39e-04 lambda=0.000 grl_lambda=0.991 v18_lambda=0.000 gpu=3.0/11.8GB
[20:00:07] [train] ep=54 step=040/40 ce=0.3082 sc=0.7846 mi=0.0615 dn=0.0000 v13=0.0006 grl=1.0840 v15=0.0000 v15r=0.0000 v16=0.0000 v17=0.0000 v18=0.0000 acc=0.9969 lr=1.38e-04 lambda=0.000 grl_lambda=0.991 v18_lambda=0.000 gpu=3.0/11.8GB
[20:00:18] [ep_summary] ep=54/100 val_live=0.9506/0.9498 val_ema=0.9568/0.9574 test77_live=0.8345/0.8317 test77_diag_ema=0.6978/0.6694 v13=0.0006 grl=1.0840 v15=0.0000 v15r=0.0000 v16=0.0000 v17=0.0000 v18=0.0000 das=stage3[12,95] p=1.00 ep_time=33.4s
[20:00:18] [save] best_sourcequalified77_ema ep=54 source_val_live=0.9506/0.9498 source_val_ema=0.9568/0.9574 test77_ema=0.6978/0.6694
[20:00:18] [train] epoch 55/100 steps=40 use_dann=0 das=stage3 f=[12.0,95.0] p=1.00 gpu=3.0/11.8GB
[20:00:18] [train] ep=55 step=001/40 ce=0.2585 sc=0.6482 mi=0.0785 dn=0.0000 v13=0.0006 grl=1.1273 v15=0.0000 v15r=0.0000 v16=0.0000 v17=0.0000 v18=0.0000 acc=1.0000 lr=1.38e-04 lambda=0.000 grl_lambda=0.991 v18_lambda=0.000 gpu=3.0/11.8GB
[20:00:23] [train] ep=55 step=010/40 ce=0.3631 sc=0.8218 mi=0.0634 dn=0.0000 v13=0.0006 grl=1.0934 v15=0.0000 v15r=0.0000 v16=0.0000 v17=0.0000 v18=0.0000 acc=0.9938 lr=1.37e-04 lambda=0.000 grl_lambda=0.991 v18_lambda=0.000 gpu=3.0/11.8GB
[20:00:29] [train] ep=55 step=020/40 ce=0.3824 sc=0.7568 mi=0.0636 dn=0.0000 v13=0.0005 grl=1.0888 v15=0.0000 v15r=0.0000 v16=0.0000 v17=0.0000 v18=0.0000 acc=0.9906 lr=1.36e-04 lambda=0.000 grl_lambda=0.991 v18_lambda=0.000 gpu=3.0/11.8GB
[20:00:35] [train] ep=55 step=030/40 ce=0.3579 sc=0.7335 mi=0.0648 dn=0.0000 v13=0.0005 grl=1.0893 v15=0.0000 v15r=0.0000 v16=0.0000 v17=0.0000 v18=0.0000 acc=0.9917 lr=1.34e-04 lambda=0.000 grl_lambda=0.992 v18_lambda=0.000 gpu=3.0/11.8GB
[20:00:41] [train] ep=55 step=040/40 ce=0.3339 sc=0.7151 mi=0.0641 dn=0.0000 v13=0.0005 grl=1.0870 v15=0.0000 v15r=0.0000 v16=0.0000 v17=0.0000 v18=0.0000 acc=0.9938 lr=1.33e-04 lambda=0.000 grl_lambda=0.992 v18_lambda=0.000 gpu=3.0/11.8GB
[20:00:51] [ep_summary] ep=55/100 val_live=0.9506/0.9507 val_ema=0.9568/0.9574 test77_live=0.8309/0.8283 test77_diag_ema=0.7230/0.7005 v13=0.0005 grl=1.0870 v15=0.0000 v15r=0.0000 v16=0.0000 v17=0.0000 v18=0.0000 das=stage3[12,95] p=1.00 ep_time=33.4s
[20:00:51] [save] best_sourcequalified77_ema ep=55 source_val_live=0.9506/0.9507 source_val_ema=0.9568/0.9574 test77_ema=0.7230/0.7005
[20:00:51] [train] epoch 56/100 steps=40 use_dann=0 das=stage3 f=[12.0,95.0] p=1.00 gpu=3.0/11.8GB
[20:00:52] [train] ep=56 step=001/40 ce=0.2580 sc=0.7307 mi=0.0583 dn=0.0000 v13=0.0004 grl=1.0935 v15=0.0000 v15r=0.0000 v16=0.0000 v17=0.0000 v18=0.0000 acc=1.0000 lr=1.33e-04 lambda=0.000 grl_lambda=0.992 v18_lambda=0.000 gpu=3.0/11.8GB
[20:00:57] [train] ep=56 step=010/40 ce=0.4314 sc=0.8753 mi=0.0619 dn=0.0000 v13=0.0004 grl=1.1099 v15=0.0000 v15r=0.0000 v16=0.0000 v17=0.0000 v18=0.0000 acc=0.9875 lr=1.32e-04 lambda=0.000 grl_lambda=0.992 v18_lambda=0.000 gpu=3.0/11.8GB
[20:01:03] [train] ep=56 step=020/40 ce=0.3897 sc=0.8443 mi=0.0627 dn=0.0000 v13=0.0005 grl=1.1025 v15=0.0000 v15r=0.0000 v16=0.0000 v17=0.0000 v18=0.0000 acc=0.9906 lr=1.31e-04 lambda=0.000 grl_lambda=0.992 v18_lambda=0.000 gpu=3.0/11.8GB
[20:01:09] [train] ep=56 step=030/40 ce=0.3468 sc=0.7952 mi=0.0630 dn=0.0000 v13=0.0005 grl=1.0966 v15=0.0000 v15r=0.0000 v16=0.0000 v17=0.0000 v18=0.0000 acc=0.9938 lr=1.30e-04 lambda=0.000 grl_lambda=0.992 v18_lambda=0.000 gpu=3.0/11.8GB
[20:01:14] [train] ep=56 step=040/40 ce=0.3530 sc=0.8239 mi=0.0633 dn=0.0000 v13=0.0005 grl=1.0940 v15=0.0000 v15r=0.0000 v16=0.0000 v17=0.0000 v18=0.0000 acc=0.9922 lr=1.28e-04 lambda=0.000 grl_lambda=0.993 v18_lambda=0.000 gpu=3.0/11.8GB
[20:01:24] [ep_summary] ep=56/100 val_live=0.9568/0.9571 val_ema=0.9568/0.9574 test77_live=0.8417/0.8386 test77_diag_ema=0.7482/0.7326 v13=0.0005 grl=1.0940 v15=0.0000 v15r=0.0000 v16=0.0000 v17=0.0000 v18=0.0000 das=stage3[12,95] p=1.00 ep_time=33.4s
[20:01:25] [save] best_sourcequalified77_ema ep=56 source_val_live=0.9568/0.9571 source_val_ema=0.9568/0.9574 test77_ema=0.7482/0.7326
[20:01:25] [train] epoch 57/100 steps=40 use_dann=0 das=stage3 f=[12.0,95.0] p=1.00 gpu=3.0/11.8GB
[20:01:25] [train] ep=57 step=001/40 ce=0.2602 sc=0.8747 mi=0.0519 dn=0.0000 v13=0.0006 grl=1.1358 v15=0.0000 v15r=0.0000 v16=0.0000 v17=0.0000 v18=0.0000 acc=1.0000 lr=1.28e-04 lambda=0.000 grl_lambda=0.993 v18_lambda=0.000 gpu=3.0/11.8GB
[20:01:30] [train] ep=57 step=010/40 ce=0.2628 sc=0.8223 mi=0.0603 dn=0.0000 v13=0.0005 grl=1.0902 v15=0.0000 v15r=0.0000 v16=0.0000 v17=0.0000 v18=0.0000 acc=1.0000 lr=1.27e-04 lambda=0.000 grl_lambda=0.993 v18_lambda=0.000 gpu=3.0/11.8GB
[20:01:36] [train] ep=57 step=020/40 ce=0.2801 sc=0.8245 mi=0.0617 dn=0.0000 v13=0.0005 grl=1.0859 v15=0.0000 v15r=0.0000 v16=0.0000 v17=0.0000 v18=0.0000 acc=1.0000 lr=1.26e-04 lambda=0.000 grl_lambda=0.993 v18_lambda=0.000 gpu=3.0/11.8GB
[20:01:42] [train] ep=57 step=030/40 ce=0.2819 sc=0.7612 mi=0.0614 dn=0.0000 v13=0.0005 grl=1.0784 v15=0.0000 v15r=0.0000 v16=0.0000 v17=0.0000 v18=0.0000 acc=1.0000 lr=1.25e-04 lambda=0.000 grl_lambda=0.993 v18_lambda=0.000 gpu=3.0/11.8GB
[20:01:48] [train] ep=57 step=040/40 ce=0.3125 sc=0.7541 mi=0.0621 dn=0.0000 v13=0.0005 grl=1.0858 v15=0.0000 v15r=0.0000 v16=0.0000 v17=0.0000 v18=0.0000 acc=0.9969 lr=1.24e-04 lambda=0.000 grl_lambda=0.993 v18_lambda=0.000 gpu=3.0/11.8GB
[20:01:58] [ep_summary] ep=57/100 val_live=0.9321/0.9301 val_ema=0.9568/0.9574 test77_live=0.8201/0.8140 test77_diag_ema=0.7482/0.7343 v13=0.0005 grl=1.0858 v15=0.0000 v15r=0.0000 v16=0.0000 v17=0.0000 v18=0.0000 das=stage3[12,95] p=1.00 ep_time=33.5s
[20:01:58] [save] best_sourcequalified77_ema ep=57 source_val_live=0.9321/0.9301 source_val_ema=0.9568/0.9574 test77_ema=0.7482/0.7343
[20:01:59] [train] epoch 58/100 steps=40 use_dann=0 das=stage3 f=[12.0,95.0] p=1.00 gpu=3.0/11.8GB
[20:02:01] [train] ep=58 step=001/40 ce=0.2569 sc=0.5993 mi=0.0457 dn=0.0000 v13=0.0007 grl=1.0561 v15=0.0000 v15r=0.0000 v16=0.0000 v17=0.0000 v18=0.0000 acc=1.0000 lr=1.23e-04 lambda=0.000 grl_lambda=0.993 v18_lambda=0.000 gpu=3.0/11.8GB
[20:02:07] [train] ep=58 step=010/40 ce=0.2807 sc=0.8088 mi=0.0577 dn=0.0000 v13=0.0005 grl=1.0711 v15=0.0000 v15r=0.0000 v16=0.0000 v17=0.0000 v18=0.0000 acc=1.0000 lr=1.22e-04 lambda=0.000 grl_lambda=0.993 v18_lambda=0.000 gpu=3.0/11.8GB
[20:02:12] [train] ep=58 step=020/40 ce=0.3081 sc=0.8005 mi=0.0596 dn=0.0000 v13=0.0005 grl=1.0849 v15=0.0000 v15r=0.0000 v16=0.0000 v17=0.0000 v18=0.0000 acc=1.0000 lr=1.21e-04 lambda=0.000 grl_lambda=0.994 v18_lambda=0.000 gpu=3.0/11.8GB
[20:02:18] [train] ep=58 step=030/40 ce=0.3203 sc=0.8069 mi=0.0616 dn=0.0000 v13=0.0005 grl=1.0878 v15=0.0000 v15r=0.0000 v16=0.0000 v17=0.0000 v18=0.0000 acc=0.9979 lr=1.20e-04 lambda=0.000 grl_lambda=0.994 v18_lambda=0.000 gpu=3.0/11.8GB
[20:02:24] [train] ep=58 step=040/40 ce=0.3107 sc=0.7869 mi=0.0615 dn=0.0000 v13=0.0005 grl=1.0924 v15=0.0000 v15r=0.0000 v16=0.0000 v17=0.0000 v18=0.0000 acc=0.9984 lr=1.19e-04 lambda=0.000 grl_lambda=0.994 v18_lambda=0.000 gpu=3.0/11.8GB
[20:02:34] [ep_summary] ep=58/100 val_live=0.9691/0.9695 val_ema=0.9568/0.9574 test77_live=0.8309/0.8283 test77_diag_ema=0.7662/0.7570 v13=0.0005 grl=1.0924 v15=0.0000 v15r=0.0000 v16=0.0000 v17=0.0000 v18=0.0000 das=stage3[12,95] p=1.00 ep_time=35.8s
[20:02:34] [save] best_sourcequalified77_ema ep=58 source_val_live=0.9691/0.9695 source_val_ema=0.9568/0.9574 test77_ema=0.7662/0.7570
[20:02:34] [train] epoch 59/100 steps=40 use_dann=0 das=stage3 f=[12.0,95.0] p=1.00 gpu=3.0/11.8GB
[20:02:35] [train] ep=59 step=001/40 ce=0.2612 sc=1.3121 mi=0.0622 dn=0.0000 v13=0.0003 grl=1.1469 v15=0.0000 v15r=0.0000 v16=0.0000 v17=0.0000 v18=0.0000 acc=1.0000 lr=1.19e-04 lambda=0.000 grl_lambda=0.994 v18_lambda=0.000 gpu=3.0/11.8GB
[20:02:40] [train] ep=59 step=010/40 ce=0.2607 sc=0.7557 mi=0.0592 dn=0.0000 v13=0.0005 grl=1.0935 v15=0.0000 v15r=0.0000 v16=0.0000 v17=0.0000 v18=0.0000 acc=1.0000 lr=1.18e-04 lambda=0.000 grl_lambda=0.994 v18_lambda=0.000 gpu=3.0/11.8GB
[20:02:46] [train] ep=59 step=020/40 ce=0.3219 sc=0.8226 mi=0.0602 dn=0.0000 v13=0.0004 grl=1.0872 v15=0.0000 v15r=0.0000 v16=0.0000 v17=0.0000 v18=0.0000 acc=0.9969 lr=1.16e-04 lambda=0.000 grl_lambda=0.994 v18_lambda=0.000 gpu=3.0/11.8GB
[20:02:52] [train] ep=59 step=030/40 ce=0.3694 sc=0.8406 mi=0.0613 dn=0.0000 v13=0.0005 grl=1.0924 v15=0.0000 v15r=0.0000 v16=0.0000 v17=0.0000 v18=0.0000 acc=0.9896 lr=1.15e-04 lambda=0.000 grl_lambda=0.994 v18_lambda=0.000 gpu=3.0/11.8GB
[20:02:58] [train] ep=59 step=040/40 ce=0.3919 sc=0.8104 mi=0.0625 dn=0.0000 v13=0.0005 grl=1.0925 v15=0.0000 v15r=0.0000 v16=0.0000 v17=0.0000 v18=0.0000 acc=0.9891 lr=1.14e-04 lambda=0.000 grl_lambda=0.995 v18_lambda=0.000 gpu=3.0/11.8GB
[20:03:08] [ep_summary] ep=59/100 val_live=0.9630/0.9634 val_ema=0.9568/0.9574 test77_live=0.8489/0.8459 test77_diag_ema=0.7734/0.7657 v13=0.0005 grl=1.0925 v15=0.0000 v15r=0.0000 v16=0.0000 v17=0.0000 v18=0.0000 das=stage3[12,95] p=1.00 ep_time=33.5s
[20:03:08] [save] best_sourcequalified77_ema ep=59 source_val_live=0.9630/0.9634 source_val_ema=0.9568/0.9574 test77_ema=0.7734/0.7657
[20:03:08] [train] epoch 60/100 steps=40 use_dann=0 das=stage3 f=[12.0,95.0] p=1.00 gpu=3.0/11.8GB
[20:03:08] [train] ep=60 step=001/40 ce=0.2657 sc=0.6380 mi=0.0751 dn=0.0000 v13=0.0003 grl=1.1228 v15=0.0000 v15r=0.0000 v16=0.0000 v17=0.0000 v18=0.0000 acc=1.0000 lr=1.14e-04 lambda=0.000 grl_lambda=0.995 v18_lambda=0.000 gpu=3.0/11.8GB
[20:03:14] [train] ep=60 step=010/40 ce=0.2603 sc=0.6926 mi=0.0657 dn=0.0000 v13=0.0005 grl=1.1026 v15=0.0000 v15r=0.0000 v16=0.0000 v17=0.0000 v18=0.0000 acc=1.0000 lr=1.13e-04 lambda=0.000 grl_lambda=0.995 v18_lambda=0.000 gpu=3.0/11.8GB
[20:03:20] [train] ep=60 step=020/40 ce=0.2683 sc=0.7262 mi=0.0643 dn=0.0000 v13=0.0005 grl=1.1069 v15=0.0000 v15r=0.0000 v16=0.0000 v17=0.0000 v18=0.0000 acc=1.0000 lr=1.12e-04 lambda=0.000 grl_lambda=0.995 v18_lambda=0.000 gpu=3.0/11.8GB
[20:03:25] [train] ep=60 step=030/40 ce=0.2851 sc=0.7194 mi=0.0646 dn=0.0000 v13=0.0005 grl=1.1007 v15=0.0000 v15r=0.0000 v16=0.0000 v17=0.0000 v18=0.0000 acc=0.9979 lr=1.11e-04 lambda=0.000 grl_lambda=0.995 v18_lambda=0.000 gpu=3.0/11.8GB
[20:03:31] [train] ep=60 step=040/40 ce=0.2785 sc=0.7261 mi=0.0637 dn=0.0000 v13=0.0005 grl=1.1022 v15=0.0000 v15r=0.0000 v16=0.0000 v17=0.0000 v18=0.0000 acc=0.9984 lr=1.09e-04 lambda=0.000 grl_lambda=0.995 v18_lambda=0.000 gpu=3.0/11.8GB
[20:03:41] [pool] check ep=060/100 source_val_acc_ema=0.9568 threshold=0.90
[20:03:46] [pool] ep=060 ADDED src_val=0.9568/0.9574 dev77=0.7357/0.7260 final77=0.7770/0.7685
[20:03:46] [pool] running best ep=060 dev77_f1=0.7260 final77_f1=0.7685 (pool_size=3)
[20:03:46] [ep_summary] ep=60/100 val_live=0.9506/0.9494 val_ema=0.9568/0.9574 test77_live=0.8381/0.8325 test77_diag_ema=0.7770/0.7685 v13=0.0005 grl=1.1022 v15=0.0000 v15r=0.0000 v16=0.0000 v17=0.0000 v18=0.0000 das=stage3[12,95] p=1.00 ep_time=38.2s
[20:03:46] [save] best_sourcequalified77_ema ep=60 source_val_live=0.9506/0.9494 source_val_ema=0.9568/0.9574 test77_ema=0.7770/0.7685
[20:03:46] [strict77_monitor] ep=60 best_source_epoch=50 source_val_ema=0.9568/0.9574 test77_ema_diag=0.6547/0.6107 sourcequalified_count=29 best_sourcequalified77_epoch=60 source_val_ema=0.9568/0.9574 test77_ema=0.7770/0.7685
[20:03:46] [train] epoch 61/100 steps=40 use_dann=0 das=stage3 f=[12.0,95.0] p=1.00 gpu=3.0/11.8GB
[20:03:47] [train] ep=61 step=001/40 ce=0.2572 sc=0.8388 mi=0.0607 dn=0.0000 v13=0.0003 grl=1.0589 v15=0.0000 v15r=0.0000 v16=0.0000 v17=0.0000 v18=0.0000 acc=1.0000 lr=1.09e-04 lambda=0.000 grl_lambda=0.995 v18_lambda=0.000 gpu=3.0/11.8GB
[20:03:52] [train] ep=61 step=010/40 ce=0.3115 sc=0.8176 mi=0.0639 dn=0.0000 v13=0.0004 grl=1.0803 v15=0.0000 v15r=0.0000 v16=0.0000 v17=0.0000 v18=0.0000 acc=0.9938 lr=1.08e-04 lambda=0.000 grl_lambda=0.995 v18_lambda=0.000 gpu=3.0/11.8GB
[20:03:58] [train] ep=61 step=020/40 ce=0.2851 sc=0.8116 mi=0.0631 dn=0.0000 v13=0.0004 grl=1.0800 v15=0.0000 v15r=0.0000 v16=0.0000 v17=0.0000 v18=0.0000 acc=0.9969 lr=1.07e-04 lambda=0.000 grl_lambda=0.995 v18_lambda=0.000 gpu=3.0/11.8GB
[20:04:04] [train] ep=61 step=030/40 ce=0.3078 sc=0.7953 mi=0.0638 dn=0.0000 v13=0.0005 grl=1.0949 v15=0.0000 v15r=0.0000 v16=0.0000 v17=0.0000 v18=0.0000 acc=0.9938 lr=1.06e-04 lambda=0.000 grl_lambda=0.995 v18_lambda=0.000 gpu=3.0/11.8GB
[20:04:09] [train] ep=61 step=040/40 ce=0.2954 sc=0.7592 mi=0.0644 dn=0.0000 v13=0.0005 grl=1.0945 v15=0.0000 v15r=0.0000 v16=0.0000 v17=0.0000 v18=0.0000 acc=0.9953 lr=1.05e-04 lambda=0.000 grl_lambda=0.996 v18_lambda=0.000 gpu=3.0/11.8GB
[20:04:45] [ep_summary] ep=61/100 val_live=0.9568/0.9565 val_ema=0.9568/0.9574 test77_live=0.8237/0.8191 test77_diag_ema=0.7878/0.7803 v13=0.0005 grl=1.0945 v15=0.0000 v15r=0.0000 v16=0.0000 v17=0.0000 v18=0.0000 das=stage3[12,95] p=1.00 ep_time=58.5s
[20:04:54] [save] best_sourcequalified77_ema ep=61 source_val_live=0.9568/0.9565 source_val_ema=0.9568/0.9574 test77_ema=0.7878/0.7803
[20:04:54] [train] epoch 62/100 steps=40 use_dann=0 das=stage3 f=[12.0,95.0] p=1.00 gpu=3.0/11.8GB
[20:04:55] [train] ep=62 step=001/40 ce=0.2600 sc=0.9620 mi=0.0592 dn=0.0000 v13=0.0005 grl=1.0837 v15=0.0000 v15r=0.0000 v16=0.0000 v17=0.0000 v18=0.0000 acc=1.0000 lr=1.05e-04 lambda=0.000 grl_lambda=0.996 v18_lambda=0.000 gpu=3.0/11.8GB
[20:05:00] [train] ep=62 step=010/40 ce=0.2597 sc=0.7340 mi=0.0645 dn=0.0000 v13=0.0005 grl=1.0838 v15=0.0000 v15r=0.0000 v16=0.0000 v17=0.0000 v18=0.0000 acc=1.0000 lr=1.04e-04 lambda=0.000 grl_lambda=0.996 v18_lambda=0.000 gpu=3.0/11.8GB
[20:05:06] [train] ep=62 step=020/40 ce=0.2779 sc=0.7885 mi=0.0640 dn=0.0000 v13=0.0005 grl=1.0905 v15=0.0000 v15r=0.0000 v16=0.0000 v17=0.0000 v18=0.0000 acc=1.0000 lr=1.02e-04 lambda=0.000 grl_lambda=0.996 v18_lambda=0.000 gpu=3.0/11.8GB
[20:05:12] [train] ep=62 step=030/40 ce=0.2860 sc=0.7567 mi=0.0631 dn=0.0000 v13=0.0005 grl=1.0871 v15=0.0000 v15r=0.0000 v16=0.0000 v17=0.0000 v18=0.0000 acc=0.9979 lr=1.01e-04 lambda=0.000 grl_lambda=0.996 v18_lambda=0.000 gpu=3.0/11.8GB
[20:05:18] [train] ep=62 step=040/40 ce=0.2865 sc=0.7418 mi=0.0624 dn=0.0000 v13=0.0005 grl=1.0904 v15=0.0000 v15r=0.0000 v16=0.0000 v17=0.0000 v18=0.0000 acc=0.9984 lr=1.00e-04 lambda=0.000 grl_lambda=0.996 v18_lambda=0.000 gpu=3.0/11.8GB
[20:05:29] [ep_summary] ep=62/100 val_live=0.9568/0.9565 val_ema=0.9568/0.9574 test77_live=0.8489/0.8445 test77_diag_ema=0.7914/0.7851 v13=0.0005 grl=1.0904 v15=0.0000 v15r=0.0000 v16=0.0000 v17=0.0000 v18=0.0000 das=stage3[12,95] p=1.00 ep_time=34.9s
[20:05:29] [save] best_sourcequalified77_ema ep=62 source_val_live=0.9568/0.9565 source_val_ema=0.9568/0.9574 test77_ema=0.7914/0.7851
[20:05:29] [train] epoch 63/100 steps=40 use_dann=0 das=stage3 f=[12.0,95.0] p=1.00 gpu=3.0/11.8GB
[20:05:30] [train] ep=63 step=001/40 ce=0.2581 sc=0.5670 mi=0.0600 dn=0.0000 v13=0.0008 grl=1.1003 v15=0.0000 v15r=0.0000 v16=0.0000 v17=0.0000 v18=0.0000 acc=1.0000 lr=1.00e-04 lambda=0.000 grl_lambda=0.996 v18_lambda=0.000 gpu=3.0/11.8GB
[20:05:35] [train] ep=63 step=010/40 ce=0.3806 sc=0.8388 mi=0.0614 dn=0.0000 v13=0.0005 grl=1.0848 v15=0.0000 v15r=0.0000 v16=0.0000 v17=0.0000 v18=0.0000 acc=0.9938 lr=9.89e-05 lambda=0.000 grl_lambda=0.996 v18_lambda=0.000 gpu=3.0/11.8GB
[20:05:41] [train] ep=63 step=020/40 ce=0.3324 sc=0.7960 mi=0.0619 dn=0.0000 v13=0.0006 grl=1.0902 v15=0.0000 v15r=0.0000 v16=0.0000 v17=0.0000 v18=0.0000 acc=0.9969 lr=9.78e-05 lambda=0.000 grl_lambda=0.996 v18_lambda=0.000 gpu=3.0/11.8GB
[20:05:46] [train] ep=63 step=030/40 ce=0.3255 sc=0.7841 mi=0.0618 dn=0.0000 v13=0.0005 grl=1.0825 v15=0.0000 v15r=0.0000 v16=0.0000 v17=0.0000 v18=0.0000 acc=0.9958 lr=9.67e-05 lambda=0.000 grl_lambda=0.996 v18_lambda=0.000 gpu=3.0/11.8GB
[20:05:52] [train] ep=63 step=040/40 ce=0.3122 sc=0.7937 mi=0.0610 dn=0.0000 v13=0.0005 grl=1.0851 v15=0.0000 v15r=0.0000 v16=0.0000 v17=0.0000 v18=0.0000 acc=0.9969 lr=9.55e-05 lambda=0.000 grl_lambda=0.996 v18_lambda=0.000 gpu=3.0/11.8GB
[20:06:02] [ep_summary] ep=63/100 val_live=0.9691/0.9696 val_ema=0.9568/0.9574 test77_live=0.7950/0.7943 test77_diag_ema=0.7986/0.7939 v13=0.0005 grl=1.0851 v15=0.0000 v15r=0.0000 v16=0.0000 v17=0.0000 v18=0.0000 das=stage3[12,95] p=1.00 ep_time=33.3s
[20:06:02] [save] best_sourcequalified77_ema ep=63 source_val_live=0.9691/0.9696 source_val_ema=0.9568/0.9574 test77_ema=0.7986/0.7939
[20:06:02] [train] epoch 64/100 steps=40 use_dann=0 das=stage3 f=[12.0,95.0] p=1.00 gpu=3.0/11.8GB
[20:06:03] [train] ep=64 step=001/40 ce=1.1095 sc=1.8619 mi=0.0697 dn=0.0000 v13=0.0003 grl=1.0424 v15=0.0000 v15r=0.0000 v16=0.0000 v17=0.0000 v18=0.0000 acc=0.9375 lr=9.54e-05 lambda=0.000 grl_lambda=0.996 v18_lambda=0.000 gpu=3.0/11.8GB
[20:06:08] [train] ep=64 step=010/40 ce=0.3912 sc=0.8522 mi=0.0625 dn=0.0000 v13=0.0005 grl=1.0813 v15=0.0000 v15r=0.0000 v16=0.0000 v17=0.0000 v18=0.0000 acc=0.9938 lr=9.44e-05 lambda=0.000 grl_lambda=0.996 v18_lambda=0.000 gpu=3.0/11.8GB
[20:06:14] [train] ep=64 step=020/40 ce=0.3261 sc=0.7906 mi=0.0608 dn=0.0000 v13=0.0005 grl=1.0923 v15=0.0000 v15r=0.0000 v16=0.0000 v17=0.0000 v18=0.0000 acc=0.9969 lr=9.33e-05 lambda=0.000 grl_lambda=0.997 v18_lambda=0.000 gpu=3.0/11.8GB
[20:06:20] [train] ep=64 step=030/40 ce=0.3049 sc=0.7521 mi=0.0618 dn=0.0000 v13=0.0005 grl=1.0913 v15=0.0000 v15r=0.0000 v16=0.0000 v17=0.0000 v18=0.0000 acc=0.9979 lr=9.21e-05 lambda=0.000 grl_lambda=0.997 v18_lambda=0.000 gpu=3.0/11.8GB
[20:06:26] [train] ep=64 step=040/40 ce=0.3198 sc=0.7692 mi=0.0615 dn=0.0000 v13=0.0004 grl=1.0917 v15=0.0000 v15r=0.0000 v16=0.0000 v17=0.0000 v18=0.0000 acc=0.9969 lr=9.10e-05 lambda=0.000 grl_lambda=0.997 v18_lambda=0.000 gpu=3.0/11.8GB
[20:06:36] [ep_summary] ep=64/100 val_live=0.9630/0.9635 val_ema=0.9568/0.9574 test77_live=0.8165/0.8164 test77_diag_ema=0.8022/0.7977 v13=0.0004 grl=1.0917 v15=0.0000 v15r=0.0000 v16=0.0000 v17=0.0000 v18=0.0000 das=stage3[12,95] p=1.00 ep_time=33.4s
[20:06:36] [save] best_sourcequalified77_ema ep=64 source_val_live=0.9630/0.9635 source_val_ema=0.9568/0.9574 test77_ema=0.8022/0.7977
[20:06:36] [train] epoch 65/100 steps=40 use_dann=0 das=stage3 f=[12.0,95.0] p=1.00 gpu=3.0/11.8GB
[20:06:36] [train] ep=65 step=001/40 ce=0.6540 sc=0.7439 mi=0.0592 dn=0.0000 v13=0.0006 grl=1.0696 v15=0.0000 v15r=0.0000 v16=0.0000 v17=0.0000 v18=0.0000 acc=0.9375 lr=9.09e-05 lambda=0.000 grl_lambda=0.997 v18_lambda=0.000 gpu=3.0/11.8GB
[20:06:42] [train] ep=65 step=010/40 ce=0.3057 sc=0.9444 mi=0.0590 dn=0.0000 v13=0.0006 grl=1.0960 v15=0.0000 v15r=0.0000 v16=0.0000 v17=0.0000 v18=0.0000 acc=0.9938 lr=8.99e-05 lambda=0.000 grl_lambda=0.997 v18_lambda=0.000 gpu=3.0/11.8GB
[20:06:47] [train] ep=65 step=020/40 ce=0.3430 sc=0.8626 mi=0.0621 dn=0.0000 v13=0.0005 grl=1.0887 v15=0.0000 v15r=0.0000 v16=0.0000 v17=0.0000 v18=0.0000 acc=0.9906 lr=8.88e-05 lambda=0.000 grl_lambda=0.997 v18_lambda=0.000 gpu=3.0/11.8GB
[20:06:53] [train] ep=65 step=030/40 ce=0.3281 sc=0.8070 mi=0.0621 dn=0.0000 v13=0.0005 grl=1.0853 v15=0.0000 v15r=0.0000 v16=0.0000 v17=0.0000 v18=0.0000 acc=0.9938 lr=8.77e-05 lambda=0.000 grl_lambda=0.997 v18_lambda=0.000 gpu=3.0/11.8GB
[20:06:59] [train] ep=65 step=040/40 ce=0.3109 sc=0.7859 mi=0.0630 dn=0.0000 v13=0.0005 grl=1.0897 v15=0.0000 v15r=0.0000 v16=0.0000 v17=0.0000 v18=0.0000 acc=0.9953 lr=8.66e-05 lambda=0.000 grl_lambda=0.997 v18_lambda=0.000 gpu=3.0/11.8GB
[20:07:09] [ep_summary] ep=65/100 val_live=0.9630/0.9630 val_ema=0.9568/0.9574 test77_live=0.7482/0.7477 test77_diag_ema=0.7986/0.7943 v13=0.0005 grl=1.0897 v15=0.0000 v15r=0.0000 v16=0.0000 v17=0.0000 v18=0.0000 das=stage3[12,95] p=1.00 ep_time=33.4s
[20:07:09] [train] epoch 66/100 steps=40 use_dann=0 das=stage3 f=[12.0,95.0] p=1.00 gpu=3.0/11.8GB
[20:07:10] [train] ep=66 step=001/40 ce=0.2818 sc=0.9124 mi=0.0658 dn=0.0000 v13=0.0008 grl=1.1126 v15=0.0000 v15r=0.0000 v16=0.0000 v17=0.0000 v18=0.0000 acc=1.0000 lr=8.65e-05 lambda=0.000 grl_lambda=0.997 v18_lambda=0.000 gpu=3.0/11.8GB
[20:07:15] [train] ep=66 step=010/40 ce=0.3113 sc=0.9264 mi=0.0649 dn=0.0000 v13=0.0007 grl=1.0963 v15=0.0000 v15r=0.0000 v16=0.0000 v17=0.0000 v18=0.0000 acc=0.9938 lr=8.55e-05 lambda=0.000 grl_lambda=0.997 v18_lambda=0.000 gpu=3.0/11.8GB
[20:07:21] [train] ep=66 step=020/40 ce=0.2853 sc=0.9105 mi=0.0626 dn=0.0000 v13=0.0006 grl=1.0872 v15=0.0000 v15r=0.0000 v16=0.0000 v17=0.0000 v18=0.0000 acc=0.9969 lr=8.44e-05 lambda=0.000 grl_lambda=0.997 v18_lambda=0.000 gpu=3.0/11.8GB
[20:07:27] [train] ep=66 step=030/40 ce=0.3250 sc=0.8560 mi=0.0625 dn=0.0000 v13=0.0006 grl=1.0900 v15=0.0000 v15r=0.0000 v16=0.0000 v17=0.0000 v18=0.0000 acc=0.9938 lr=8.33e-05 lambda=0.000 grl_lambda=0.997 v18_lambda=0.000 gpu=3.0/11.8GB
[20:07:33] [train] ep=66 step=040/40 ce=0.3091 sc=0.8342 mi=0.0626 dn=0.0000 v13=0.0006 grl=1.0907 v15=0.0000 v15r=0.0000 v16=0.0000 v17=0.0000 v18=0.0000 acc=0.9953 lr=8.22e-05 lambda=0.000 grl_lambda=0.997 v18_lambda=0.000 gpu=3.0/11.8GB
[20:07:43] [ep_summary] ep=66/100 val_live=0.9568/0.9567 val_ema=0.9568/0.9574 test77_live=0.8309/0.8247 test77_diag_ema=0.8129/0.8104 v13=0.0006 grl=1.0907 v15=0.0000 v15r=0.0000 v16=0.0000 v17=0.0000 v18=0.0000 das=stage3[12,95] p=1.00 ep_time=33.7s
[20:07:43] [save] best_sourcequalified77_ema ep=66 source_val_live=0.9568/0.9567 source_val_ema=0.9568/0.9574 test77_ema=0.8129/0.8104
[20:07:43] [train] epoch 67/100 steps=40 use_dann=0 das=stage3 f=[12.0,95.0] p=1.00 gpu=3.0/11.8GB
[20:07:44] [train] ep=67 step=001/40 ce=0.2589 sc=0.6139 mi=0.0671 dn=0.0000 v13=0.0005 grl=1.1003 v15=0.0000 v15r=0.0000 v16=0.0000 v17=0.0000 v18=0.0000 acc=1.0000 lr=8.21e-05 lambda=0.000 grl_lambda=0.997 v18_lambda=0.000 gpu=3.0/11.8GB
[20:07:49] [train] ep=67 step=010/40 ce=0.3651 sc=0.7965 mi=0.0625 dn=0.0000 v13=0.0004 grl=1.0969 v15=0.0000 v15r=0.0000 v16=0.0000 v17=0.0000 v18=0.0000 acc=0.9875 lr=8.11e-05 lambda=0.000 grl_lambda=0.997 v18_lambda=0.000 gpu=3.0/11.8GB
[20:07:55] [train] ep=67 step=020/40 ce=0.3124 sc=0.7009 mi=0.0620 dn=0.0000 v13=0.0005 grl=1.0920 v15=0.0000 v15r=0.0000 v16=0.0000 v17=0.0000 v18=0.0000 acc=0.9938 lr=8.01e-05 lambda=0.000 grl_lambda=0.997 v18_lambda=0.000 gpu=3.0/11.8GB
[20:08:00] [train] ep=67 step=030/40 ce=0.3292 sc=0.7053 mi=0.0620 dn=0.0000 v13=0.0005 grl=1.0955 v15=0.0000 v15r=0.0000 v16=0.0000 v17=0.0000 v18=0.0000 acc=0.9938 lr=7.90e-05 lambda=0.000 grl_lambda=0.997 v18_lambda=0.000 gpu=3.0/11.8GB
[20:08:06] [train] ep=67 step=040/40 ce=0.3322 sc=0.7367 mi=0.0625 dn=0.0000 v13=0.0005 grl=1.0950 v15=0.0000 v15r=0.0000 v16=0.0000 v17=0.0000 v18=0.0000 acc=0.9938 lr=7.79e-05 lambda=0.000 grl_lambda=0.998 v18_lambda=0.000 gpu=3.0/11.8GB
[20:08:16] [ep_summary] ep=67/100 val_live=0.9815/0.9818 val_ema=0.9568/0.9574 test77_live=0.8309/0.8266 test77_diag_ema=0.8094/0.8077 v13=0.0005 grl=1.0950 v15=0.0000 v15r=0.0000 v16=0.0000 v17=0.0000 v18=0.0000 das=stage3[12,95] p=1.00 ep_time=33.4s
[20:08:16] [train] epoch 68/100 steps=40 use_dann=0 das=stage3 f=[12.0,95.0] p=1.00 gpu=3.0/11.8GB
[20:08:17] [train] ep=68 step=001/40 ce=0.2789 sc=0.7357 mi=0.0626 dn=0.0000 v13=0.0006 grl=1.0941 v15=0.0000 v15r=0.0000 v16=0.0000 v17=0.0000 v18=0.0000 acc=1.0000 lr=7.78e-05 lambda=0.000 grl_lambda=0.998 v18_lambda=0.000 gpu=3.0/11.8GB
[20:08:22] [train] ep=68 step=010/40 ce=0.2969 sc=0.6761 mi=0.0672 dn=0.0000 v13=0.0005 grl=1.1105 v15=0.0000 v15r=0.0000 v16=0.0000 v17=0.0000 v18=0.0000 acc=0.9938 lr=7.69e-05 lambda=0.000 grl_lambda=0.998 v18_lambda=0.000 gpu=3.0/11.8GB
[20:08:28] [train] ep=68 step=020/40 ce=0.3066 sc=0.7667 mi=0.0633 dn=0.0000 v13=0.0005 grl=1.0955 v15=0.0000 v15r=0.0000 v16=0.0000 v17=0.0000 v18=0.0000 acc=0.9938 lr=7.58e-05 lambda=0.000 grl_lambda=0.998 v18_lambda=0.000 gpu=3.0/11.8GB
[20:08:34] [train] ep=68 step=030/40 ce=0.3080 sc=0.7716 mi=0.0634 dn=0.0000 v13=0.0005 grl=1.0985 v15=0.0000 v15r=0.0000 v16=0.0000 v17=0.0000 v18=0.0000 acc=0.9938 lr=7.48e-05 lambda=0.000 grl_lambda=0.998 v18_lambda=0.000 gpu=3.0/11.8GB
[20:08:40] [train] ep=68 step=040/40 ce=0.2958 sc=0.7939 mi=0.0636 dn=0.0000 v13=0.0005 grl=1.1009 v15=0.0000 v15r=0.0000 v16=0.0000 v17=0.0000 v18=0.0000 acc=0.9953 lr=7.37e-05 lambda=0.000 grl_lambda=0.998 v18_lambda=0.000 gpu=3.0/11.8GB
[20:08:50] [ep_summary] ep=68/100 val_live=0.9630/0.9634 val_ema=0.9568/0.9574 test77_live=0.8705/0.8670 test77_diag_ema=0.8094/0.8077 v13=0.0005 grl=1.1009 v15=0.0000 v15r=0.0000 v16=0.0000 v17=0.0000 v18=0.0000 das=stage3[12,95] p=1.00 ep_time=33.4s
[20:08:50] [train] epoch 69/100 steps=40 use_dann=0 das=stage3 f=[12.0,95.0] p=1.00 gpu=3.0/11.8GB
[20:08:50] [train] ep=69 step=001/40 ce=0.2571 sc=0.8406 mi=0.0710 dn=0.0000 v13=0.0007 grl=1.0787 v15=0.0000 v15r=0.0000 v16=0.0000 v17=0.0000 v18=0.0000 acc=1.0000 lr=7.36e-05 lambda=0.000 grl_lambda=0.998 v18_lambda=0.000 gpu=3.0/11.8GB
[20:08:56] [train] ep=69 step=010/40 ce=0.3269 sc=0.6252 mi=0.0633 dn=0.0000 v13=0.0006 grl=1.0791 v15=0.0000 v15r=0.0000 v16=0.0000 v17=0.0000 v18=0.0000 acc=0.9938 lr=7.27e-05 lambda=0.000 grl_lambda=0.998 v18_lambda=0.000 gpu=3.0/11.8GB
[20:09:01] [train] ep=69 step=020/40 ce=0.2927 sc=0.6547 mi=0.0616 dn=0.0000 v13=0.0005 grl=1.0837 v15=0.0000 v15r=0.0000 v16=0.0000 v17=0.0000 v18=0.0000 acc=0.9969 lr=7.16e-05 lambda=0.000 grl_lambda=0.998 v18_lambda=0.000 gpu=3.0/11.8GB
[20:09:07] [train] ep=69 step=030/40 ce=0.2828 sc=0.7138 mi=0.0625 dn=0.0000 v13=0.0005 grl=1.0852 v15=0.0000 v15r=0.0000 v16=0.0000 v17=0.0000 v18=0.0000 acc=0.9979 lr=7.06e-05 lambda=0.000 grl_lambda=0.998 v18_lambda=0.000 gpu=3.0/11.8GB
[20:09:13] [train] ep=69 step=040/40 ce=0.2800 sc=0.6789 mi=0.0625 dn=0.0000 v13=0.0005 grl=1.0885 v15=0.0000 v15r=0.0000 v16=0.0000 v17=0.0000 v18=0.0000 acc=0.9984 lr=6.96e-05 lambda=0.000 grl_lambda=0.998 v18_lambda=0.000 gpu=3.0/11.8GB
[20:09:23] [ep_summary] ep=69/100 val_live=0.9630/0.9634 val_ema=0.9568/0.9574 test77_live=0.8597/0.8553 test77_diag_ema=0.8165/0.8146 v13=0.0005 grl=1.0885 v15=0.0000 v15r=0.0000 v16=0.0000 v17=0.0000 v18=0.0000 das=stage3[12,95] p=1.00 ep_time=33.4s
[20:09:23] [save] best_sourcequalified77_ema ep=69 source_val_live=0.9630/0.9634 source_val_ema=0.9568/0.9574 test77_ema=0.8165/0.8146
[20:09:23] [train] epoch 70/100 steps=40 use_dann=0 das=stage3 f=[12.0,95.0] p=1.00 gpu=3.0/11.8GB
[20:09:24] [train] ep=70 step=001/40 ce=0.2591 sc=0.7597 mi=0.0695 dn=0.0000 v13=0.0004 grl=1.0872 v15=0.0000 v15r=0.0000 v16=0.0000 v17=0.0000 v18=0.0000 acc=1.0000 lr=6.95e-05 lambda=0.000 grl_lambda=0.998 v18_lambda=0.000 gpu=3.0/11.8GB
[20:09:29] [train] ep=70 step=010/40 ce=0.3528 sc=0.9148 mi=0.0645 dn=0.0000 v13=0.0004 grl=1.0923 v15=0.0000 v15r=0.0000 v16=0.0000 v17=0.0000 v18=0.0000 acc=0.9938 lr=6.85e-05 lambda=0.000 grl_lambda=0.998 v18_lambda=0.000 gpu=3.0/11.8GB
[20:09:35] [train] ep=70 step=020/40 ce=0.3752 sc=0.9217 mi=0.0625 dn=0.0000 v13=0.0004 grl=1.1032 v15=0.0000 v15r=0.0000 v16=0.0000 v17=0.0000 v18=0.0000 acc=0.9906 lr=6.75e-05 lambda=0.000 grl_lambda=0.998 v18_lambda=0.000 gpu=3.0/11.8GB
[20:09:41] [train] ep=70 step=030/40 ce=0.3839 sc=0.8852 mi=0.0625 dn=0.0000 v13=0.0004 grl=1.1004 v15=0.0000 v15r=0.0000 v16=0.0000 v17=0.0000 v18=0.0000 acc=0.9896 lr=6.65e-05 lambda=0.000 grl_lambda=0.998 v18_lambda=0.000 gpu=3.0/11.8GB
[20:09:46] [train] ep=70 step=040/40 ce=0.3550 sc=0.8309 mi=0.0627 dn=0.0000 v13=0.0004 grl=1.1000 v15=0.0000 v15r=0.0000 v16=0.0000 v17=0.0000 v18=0.0000 acc=0.9922 lr=6.55e-05 lambda=0.000 grl_lambda=0.998 v18_lambda=0.000 gpu=3.0/11.8GB
[20:09:56] [pool] check ep=070/100 source_val_acc_ema=0.9568 threshold=0.90
[20:10:01] [pool] ep=070 ADDED src_val=0.9568/0.9574 dev77=0.7786/0.7738 final77=0.8201/0.8182
[20:10:01] [pool] running best ep=070 dev77_f1=0.7738 final77_f1=0.8182 (pool_size=4)
[20:10:01] [ep_summary] ep=70/100 val_live=0.9815/0.9818 val_ema=0.9568/0.9574 test77_live=0.8669/0.8665 test77_diag_ema=0.8201/0.8182 v13=0.0004 grl=1.1000 v15=0.0000 v15r=0.0000 v16=0.0000 v17=0.0000 v18=0.0000 das=stage3[12,95] p=1.00 ep_time=38.2s
[20:10:01] [save] best_sourcequalified77_ema ep=70 source_val_live=0.9815/0.9818 source_val_ema=0.9568/0.9574 test77_ema=0.8201/0.8182
[20:10:01] [strict77_monitor] ep=70 best_source_epoch=50 source_val_ema=0.9568/0.9574 test77_ema_diag=0.6547/0.6107 sourcequalified_count=39 best_sourcequalified77_epoch=70 source_val_ema=0.9568/0.9574 test77_ema=0.8201/0.8182
[20:10:01] [train] epoch 71/100 steps=40 use_dann=0 das=stage3 f=[12.0,95.0] p=1.00 gpu=3.0/11.8GB
[20:10:02] [train] ep=71 step=001/40 ce=0.2585 sc=0.9659 mi=0.0725 dn=0.0000 v13=0.0005 grl=1.0910 v15=0.0000 v15r=0.0000 v16=0.0000 v17=0.0000 v18=0.0000 acc=1.0000 lr=6.54e-05 lambda=0.000 grl_lambda=0.998 v18_lambda=0.000 gpu=3.0/11.8GB
[20:10:07] [train] ep=71 step=010/40 ce=0.3251 sc=0.6816 mi=0.0636 dn=0.0000 v13=0.0005 grl=1.0972 v15=0.0000 v15r=0.0000 v16=0.0000 v17=0.0000 v18=0.0000 acc=0.9938 lr=6.45e-05 lambda=0.000 grl_lambda=0.998 v18_lambda=0.000 gpu=3.0/11.8GB
[20:10:13] [train] ep=71 step=020/40 ce=0.3222 sc=0.7494 mi=0.0630 dn=0.0000 v13=0.0005 grl=1.1039 v15=0.0000 v15r=0.0000 v16=0.0000 v17=0.0000 v18=0.0000 acc=0.9938 lr=6.35e-05 lambda=0.000 grl_lambda=0.998 v18_lambda=0.000 gpu=3.0/11.8GB
[20:10:19] [train] ep=71 step=030/40 ce=0.3043 sc=0.7660 mi=0.0632 dn=0.0000 v13=0.0005 grl=1.1034 v15=0.0000 v15r=0.0000 v16=0.0000 v17=0.0000 v18=0.0000 acc=0.9958 lr=6.25e-05 lambda=0.000 grl_lambda=0.998 v18_lambda=0.000 gpu=3.0/11.8GB
[20:10:25] [train] ep=71 step=040/40 ce=0.3068 sc=0.7523 mi=0.0632 dn=0.0000 v13=0.0005 grl=1.1038 v15=0.0000 v15r=0.0000 v16=0.0000 v17=0.0000 v18=0.0000 acc=0.9953 lr=6.15e-05 lambda=0.000 grl_lambda=0.998 v18_lambda=0.000 gpu=3.0/11.8GB
[20:10:35] [ep_summary] ep=71/100 val_live=0.9691/0.9694 val_ema=0.9568/0.9574 test77_live=0.8705/0.8697 test77_diag_ema=0.8201/0.8185 v13=0.0005 grl=1.1038 v15=0.0000 v15r=0.0000 v16=0.0000 v17=0.0000 v18=0.0000 das=stage3[12,95] p=1.00 ep_time=33.5s
[20:10:35] [save] best_sourcequalified77_ema ep=71 source_val_live=0.9691/0.9694 source_val_ema=0.9568/0.9574 test77_ema=0.8201/0.8185
[20:10:35] [train] epoch 72/100 steps=40 use_dann=0 das=stage3 f=[12.0,95.0] p=1.00 gpu=3.0/11.8GB
[20:10:36] [train] ep=72 step=001/40 ce=0.2582 sc=0.7303 mi=0.0487 dn=0.0000 v13=0.0004 grl=1.0590 v15=0.0000 v15r=0.0000 v16=0.0000 v17=0.0000 v18=0.0000 acc=1.0000 lr=6.14e-05 lambda=0.000 grl_lambda=0.998 v18_lambda=0.000 gpu=3.0/11.8GB
[20:10:41] [train] ep=72 step=010/40 ce=0.3444 sc=0.9183 mi=0.0641 dn=0.0000 v13=0.0005 grl=1.0908 v15=0.0000 v15r=0.0000 v16=0.0000 v17=0.0000 v18=0.0000 acc=0.9938 lr=6.06e-05 lambda=0.000 grl_lambda=0.998 v18_lambda=0.000 gpu=3.0/11.8GB
[20:10:47] [train] ep=72 step=020/40 ce=0.3174 sc=0.8284 mi=0.0629 dn=0.0000 v13=0.0005 grl=1.0967 v15=0.0000 v15r=0.0000 v16=0.0000 v17=0.0000 v18=0.0000 acc=0.9969 lr=5.96e-05 lambda=0.000 grl_lambda=0.998 v18_lambda=0.000 gpu=3.0/11.8GB
[20:10:52] [train] ep=72 step=030/40 ce=0.3300 sc=0.8121 mi=0.0640 dn=0.0000 v13=0.0005 grl=1.0973 v15=0.0000 v15r=0.0000 v16=0.0000 v17=0.0000 v18=0.0000 acc=0.9958 lr=5.86e-05 lambda=0.000 grl_lambda=0.998 v18_lambda=0.000 gpu=3.0/11.8GB
[20:10:58] [train] ep=72 step=040/40 ce=0.3238 sc=0.7766 mi=0.0644 dn=0.0000 v13=0.0005 grl=1.0948 v15=0.0000 v15r=0.0000 v16=0.0000 v17=0.0000 v18=0.0000 acc=0.9953 lr=5.77e-05 lambda=0.000 grl_lambda=0.999 v18_lambda=0.000 gpu=3.0/11.8GB
[20:11:08] [ep_summary] ep=72/100 val_live=0.9630/0.9631 val_ema=0.9568/0.9574 test77_live=0.8561/0.8529 test77_diag_ema=0.8201/0.8185 v13=0.0005 grl=1.0948 v15=0.0000 v15r=0.0000 v16=0.0000 v17=0.0000 v18=0.0000 das=stage3[12,95] p=1.00 ep_time=33.4s
[20:11:08] [train] epoch 73/100 steps=40 use_dann=0 das=stage3 f=[12.0,95.0] p=1.00 gpu=3.0/11.8GB
[20:11:09] [train] ep=73 step=001/40 ce=0.2569 sc=0.6132 mi=0.0597 dn=0.0000 v13=0.0007 grl=1.0408 v15=0.0000 v15r=0.0000 v16=0.0000 v17=0.0000 v18=0.0000 acc=1.0000 lr=5.76e-05 lambda=0.000 grl_lambda=0.999 v18_lambda=0.000 gpu=3.0/11.8GB
[20:11:14] [train] ep=73 step=010/40 ce=0.2661 sc=0.6790 mi=0.0605 dn=0.0000 v13=0.0004 grl=1.0942 v15=0.0000 v15r=0.0000 v16=0.0000 v17=0.0000 v18=0.0000 acc=1.0000 lr=5.67e-05 lambda=0.000 grl_lambda=0.999 v18_lambda=0.000 gpu=3.0/11.8GB
[20:11:20] [train] ep=73 step=020/40 ce=0.2625 sc=0.7410 mi=0.0607 dn=0.0000 v13=0.0004 grl=1.1018 v15=0.0000 v15r=0.0000 v16=0.0000 v17=0.0000 v18=0.0000 acc=1.0000 lr=5.58e-05 lambda=0.000 grl_lambda=0.999 v18_lambda=0.000 gpu=3.0/11.8GB
[20:11:26] [train] ep=73 step=030/40 ce=0.2610 sc=0.7304 mi=0.0612 dn=0.0000 v13=0.0005 grl=1.1048 v15=0.0000 v15r=0.0000 v16=0.0000 v17=0.0000 v18=0.0000 acc=1.0000 lr=5.48e-05 lambda=0.000 grl_lambda=0.999 v18_lambda=0.000 gpu=3.0/11.8GB
[20:11:32] [train] ep=73 step=040/40 ce=0.2605 sc=0.6955 mi=0.0615 dn=0.0000 v13=0.0005 grl=1.1027 v15=0.0000 v15r=0.0000 v16=0.0000 v17=0.0000 v18=0.0000 acc=1.0000 lr=5.39e-05 lambda=0.000 grl_lambda=0.999 v18_lambda=0.000 gpu=3.0/11.8GB
[20:11:42] [ep_summary] ep=73/100 val_live=0.9630/0.9631 val_ema=0.9568/0.9574 test77_live=0.8453/0.8409 test77_diag_ema=0.8237/0.8216 v13=0.0005 grl=1.1027 v15=0.0000 v15r=0.0000 v16=0.0000 v17=0.0000 v18=0.0000 das=stage3[12,95] p=1.00 ep_time=33.4s
[20:11:42] [save] best_sourcequalified77_ema ep=73 source_val_live=0.9630/0.9631 source_val_ema=0.9568/0.9574 test77_ema=0.8237/0.8216
[20:11:42] [train] epoch 74/100 steps=40 use_dann=0 das=stage3 f=[12.0,95.0] p=1.00 gpu=3.0/11.8GB
[20:11:42] [train] ep=74 step=001/40 ce=0.2680 sc=1.3417 mi=0.0696 dn=0.0000 v13=0.0003 grl=1.1167 v15=0.0000 v15r=0.0000 v16=0.0000 v17=0.0000 v18=0.0000 acc=1.0000 lr=5.38e-05 lambda=0.000 grl_lambda=0.999 v18_lambda=0.000 gpu=3.0/11.8GB
[20:11:48] [train] ep=74 step=010/40 ce=0.2637 sc=0.8852 mi=0.0619 dn=0.0000 v13=0.0005 grl=1.0884 v15=0.0000 v15r=0.0000 v16=0.0000 v17=0.0000 v18=0.0000 acc=1.0000 lr=5.30e-05 lambda=0.000 grl_lambda=0.999 v18_lambda=0.000 gpu=3.0/11.8GB
[20:11:53] [train] ep=74 step=020/40 ce=0.2896 sc=0.8379 mi=0.0620 dn=0.0000 v13=0.0005 grl=1.0919 v15=0.0000 v15r=0.0000 v16=0.0000 v17=0.0000 v18=0.0000 acc=0.9969 lr=5.20e-05 lambda=0.000 grl_lambda=0.999 v18_lambda=0.000 gpu=3.0/11.8GB
[20:11:59] [train] ep=74 step=030/40 ce=0.2842 sc=0.7858 mi=0.0616 dn=0.0000 v13=0.0005 grl=1.0938 v15=0.0000 v15r=0.0000 v16=0.0000 v17=0.0000 v18=0.0000 acc=0.9979 lr=5.11e-05 lambda=0.000 grl_lambda=0.999 v18_lambda=0.000 gpu=3.0/11.8GB
[20:12:05] [train] ep=74 step=040/40 ce=0.3211 sc=0.8166 mi=0.0628 dn=0.0000 v13=0.0005 grl=1.0965 v15=0.0000 v15r=0.0000 v16=0.0000 v17=0.0000 v18=0.0000 acc=0.9953 lr=5.02e-05 lambda=0.000 grl_lambda=0.999 v18_lambda=0.000 gpu=3.0/11.8GB
[20:12:15] [ep_summary] ep=74/100 val_live=0.9630/0.9631 val_ema=0.9630/0.9634 test77_live=0.8381/0.8339 test77_diag_ema=0.8273/0.8249 v13=0.0005 grl=1.0965 v15=0.0000 v15r=0.0000 v16=0.0000 v17=0.0000 v18=0.0000 das=stage3[12,95] p=1.00 ep_time=33.4s
[20:12:15] [save] best_sourceval_ema val_acc_ema=0.9630 source_val_live=0.9630/0.9631 source_val_ema=0.9630/0.9634 ep=74
[20:12:15] [save] best_sourcequalified77_ema ep=74 source_val_live=0.9630/0.9631 source_val_ema=0.9630/0.9634 test77_ema=0.8273/0.8249
[20:12:15] [train] epoch 75/100 steps=40 use_dann=0 das=stage3 f=[12.0,95.0] p=1.00 gpu=3.0/11.8GB
[20:12:16] [train] ep=75 step=001/40 ce=0.2562 sc=0.8391 mi=0.0583 dn=0.0000 v13=0.0004 grl=1.0657 v15=0.0000 v15r=0.0000 v16=0.0000 v17=0.0000 v18=0.0000 acc=1.0000 lr=5.01e-05 lambda=0.000 grl_lambda=0.999 v18_lambda=0.000 gpu=3.0/11.8GB
[20:12:21] [train] ep=75 step=010/40 ce=0.3254 sc=0.7315 mi=0.0618 dn=0.0000 v13=0.0004 grl=1.0863 v15=0.0000 v15r=0.0000 v16=0.0000 v17=0.0000 v18=0.0000 acc=0.9938 lr=4.93e-05 lambda=0.000 grl_lambda=0.999 v18_lambda=0.000 gpu=3.0/11.8GB
[20:12:27] [train] ep=75 step=020/40 ce=0.3274 sc=0.7471 mi=0.0624 dn=0.0000 v13=0.0005 grl=1.0886 v15=0.0000 v15r=0.0000 v16=0.0000 v17=0.0000 v18=0.0000 acc=0.9938 lr=4.84e-05 lambda=0.000 grl_lambda=0.999 v18_lambda=0.000 gpu=3.0/11.8GB
[20:12:33] [train] ep=75 step=030/40 ce=0.3189 sc=0.7707 mi=0.0626 dn=0.0000 v13=0.0005 grl=1.0946 v15=0.0000 v15r=0.0000 v16=0.0000 v17=0.0000 v18=0.0000 acc=0.9938 lr=4.75e-05 lambda=0.000 grl_lambda=0.999 v18_lambda=0.000 gpu=3.0/11.8GB
[20:12:39] [train] ep=75 step=040/40 ce=0.3321 sc=0.7951 mi=0.0624 dn=0.0000 v13=0.0005 grl=1.0910 v15=0.0000 v15r=0.0000 v16=0.0000 v17=0.0000 v18=0.0000 acc=0.9938 lr=4.66e-05 lambda=0.000 grl_lambda=0.999 v18_lambda=0.000 gpu=3.0/11.8GB
[20:13:12] [ep_summary] ep=75/100 val_live=0.9630/0.9631 val_ema=0.9630/0.9634 test77_live=0.8525/0.8503 test77_diag_ema=0.8309/0.8284 v13=0.0005 grl=1.0910 v15=0.0000 v15r=0.0000 v16=0.0000 v17=0.0000 v18=0.0000 das=stage3[12,95] p=1.00 ep_time=56.6s
[20:13:12] [save] best_sourcequalified77_ema ep=75 source_val_live=0.9630/0.9631 source_val_ema=0.9630/0.9634 test77_ema=0.8309/0.8284
[20:13:12] [train] epoch 76/100 steps=40 use_dann=0 das=stage3 f=[12.0,95.0] p=1.00 gpu=3.0/11.8GB
[20:13:13] [train] ep=76 step=001/40 ce=0.2568 sc=0.5646 mi=0.0610 dn=0.0000 v13=0.0003 grl=1.0868 v15=0.0000 v15r=0.0000 v16=0.0000 v17=0.0000 v18=0.0000 acc=1.0000 lr=4.65e-05 lambda=0.000 grl_lambda=0.999 v18_lambda=0.000 gpu=3.0/11.8GB
[20:13:18] [train] ep=76 step=010/40 ce=0.2813 sc=0.6372 mi=0.0630 dn=0.0000 v13=0.0005 grl=1.1022 v15=0.0000 v15r=0.0000 v16=0.0000 v17=0.0000 v18=0.0000 acc=1.0000 lr=4.58e-05 lambda=0.000 grl_lambda=0.999 v18_lambda=0.000 gpu=3.0/11.8GB
[20:13:24] [train] ep=76 step=020/40 ce=0.2700 sc=0.6885 mi=0.0638 dn=0.0000 v13=0.0005 grl=1.0994 v15=0.0000 v15r=0.0000 v16=0.0000 v17=0.0000 v18=0.0000 acc=1.0000 lr=4.49e-05 lambda=0.000 grl_lambda=0.999 v18_lambda=0.000 gpu=3.0/11.8GB
[20:13:29] [train] ep=76 step=030/40 ce=0.2692 sc=0.6935 mi=0.0639 dn=0.0000 v13=0.0005 grl=1.1014 v15=0.0000 v15r=0.0000 v16=0.0000 v17=0.0000 v18=0.0000 acc=1.0000 lr=4.40e-05 lambda=0.000 grl_lambda=0.999 v18_lambda=0.000 gpu=3.0/11.8GB
[20:13:35] [train] ep=76 step=040/40 ce=0.2663 sc=0.7090 mi=0.0629 dn=0.0000 v13=0.0005 grl=1.0979 v15=0.0000 v15r=0.0000 v16=0.0000 v17=0.0000 v18=0.0000 acc=1.0000 lr=4.32e-05 lambda=0.000 grl_lambda=0.999 v18_lambda=0.000 gpu=3.0/11.8GB
[20:14:03] [ep_summary] ep=76/100 val_live=0.9630/0.9635 val_ema=0.9630/0.9634 test77_live=0.8417/0.8386 test77_diag_ema=0.8381/0.8354 v13=0.0005 grl=1.0979 v15=0.0000 v15r=0.0000 v16=0.0000 v17=0.0000 v18=0.0000 das=stage3[12,95] p=1.00 ep_time=50.8s
[20:14:03] [save] best_sourcequalified77_ema ep=76 source_val_live=0.9630/0.9635 source_val_ema=0.9630/0.9634 test77_ema=0.8381/0.8354
[20:14:03] [train] epoch 77/100 steps=40 use_dann=0 das=stage3 f=[12.0,95.0] p=1.00 gpu=3.0/11.8GB
[20:14:03] [train] ep=77 step=001/40 ce=0.2580 sc=0.6343 mi=0.0628 dn=0.0000 v13=0.0003 grl=1.1130 v15=0.0000 v15r=0.0000 v16=0.0000 v17=0.0000 v18=0.0000 acc=1.0000 lr=4.31e-05 lambda=0.000 grl_lambda=0.999 v18_lambda=0.000 gpu=3.0/11.8GB
[20:14:09] [train] ep=77 step=010/40 ce=0.2580 sc=0.6388 mi=0.0644 dn=0.0000 v13=0.0004 grl=1.0953 v15=0.0000 v15r=0.0000 v16=0.0000 v17=0.0000 v18=0.0000 acc=1.0000 lr=4.23e-05 lambda=0.000 grl_lambda=0.999 v18_lambda=0.000 gpu=3.0/11.8GB
[20:14:14] [train] ep=77 step=020/40 ce=0.3032 sc=0.6809 mi=0.0632 dn=0.0000 v13=0.0004 grl=1.0960 v15=0.0000 v15r=0.0000 v16=0.0000 v17=0.0000 v18=0.0000 acc=0.9969 lr=4.15e-05 lambda=0.000 grl_lambda=0.999 v18_lambda=0.000 gpu=3.0/11.8GB
[20:14:20] [train] ep=77 step=030/40 ce=0.2888 sc=0.7040 mi=0.0639 dn=0.0000 v13=0.0004 grl=1.0953 v15=0.0000 v15r=0.0000 v16=0.0000 v17=0.0000 v18=0.0000 acc=0.9979 lr=4.06e-05 lambda=0.000 grl_lambda=0.999 v18_lambda=0.000 gpu=3.0/11.8GB
[20:14:26] [train] ep=77 step=040/40 ce=0.2808 sc=0.7426 mi=0.0641 dn=0.0000 v13=0.0004 grl=1.0961 v15=0.0000 v15r=0.0000 v16=0.0000 v17=0.0000 v18=0.0000 acc=0.9984 lr=3.98e-05 lambda=0.000 grl_lambda=0.999 v18_lambda=0.000 gpu=3.0/11.8GB
[20:14:36] [ep_summary] ep=77/100 val_live=0.9691/0.9694 val_ema=0.9630/0.9634 test77_live=0.8381/0.8346 test77_diag_ema=0.8381/0.8348 v13=0.0004 grl=1.0961 v15=0.0000 v15r=0.0000 v16=0.0000 v17=0.0000 v18=0.0000 das=stage3[12,95] p=1.00 ep_time=33.4s
[20:14:36] [train] epoch 78/100 steps=40 use_dann=0 das=stage3 f=[12.0,95.0] p=1.00 gpu=3.0/11.8GB
[20:14:37] [train] ep=78 step=001/40 ce=0.2570 sc=1.0785 mi=0.0590 dn=0.0000 v13=0.0004 grl=1.1389 v15=0.0000 v15r=0.0000 v16=0.0000 v17=0.0000 v18=0.0000 acc=1.0000 lr=3.97e-05 lambda=0.000 grl_lambda=0.999 v18_lambda=0.000 gpu=3.0/11.8GB
[20:14:42] [train] ep=78 step=010/40 ce=0.3832 sc=0.8086 mi=0.0616 dn=0.0000 v13=0.0005 grl=1.1010 v15=0.0000 v15r=0.0000 v16=0.0000 v17=0.0000 v18=0.0000 acc=0.9875 lr=3.90e-05 lambda=0.000 grl_lambda=0.999 v18_lambda=0.000 gpu=3.0/11.8GB
[20:14:48] [train] ep=78 step=020/40 ce=0.3212 sc=0.7613 mi=0.0601 dn=0.0000 v13=0.0005 grl=1.0971 v15=0.0000 v15r=0.0000 v16=0.0000 v17=0.0000 v18=0.0000 acc=0.9938 lr=3.82e-05 lambda=0.000 grl_lambda=0.999 v18_lambda=0.000 gpu=3.0/11.8GB
[20:14:54] [train] ep=78 step=030/40 ce=0.3002 sc=0.7876 mi=0.0602 dn=0.0000 v13=0.0005 grl=1.1007 v15=0.0000 v15r=0.0000 v16=0.0000 v17=0.0000 v18=0.0000 acc=0.9958 lr=3.74e-05 lambda=0.000 grl_lambda=0.999 v18_lambda=0.000 gpu=3.0/11.8GB
[20:14:59] [train] ep=78 step=040/40 ce=0.2955 sc=0.7638 mi=0.0607 dn=0.0000 v13=0.0005 grl=1.0969 v15=0.0000 v15r=0.0000 v16=0.0000 v17=0.0000 v18=0.0000 acc=0.9969 lr=3.66e-05 lambda=0.000 grl_lambda=0.999 v18_lambda=0.000 gpu=3.0/11.8GB
[20:15:10] [ep_summary] ep=78/100 val_live=0.9753/0.9756 val_ema=0.9630/0.9634 test77_live=0.8201/0.8171 test77_diag_ema=0.8381/0.8348 v13=0.0005 grl=1.0969 v15=0.0000 v15r=0.0000 v16=0.0000 v17=0.0000 v18=0.0000 das=stage3[12,95] p=1.00 ep_time=33.4s
[20:15:10] [train] epoch 79/100 steps=40 use_dann=0 das=stage3 f=[12.0,95.0] p=1.00 gpu=3.0/11.8GB
[20:15:10] [train] ep=79 step=001/40 ce=0.2565 sc=0.6456 mi=0.0610 dn=0.0000 v13=0.0003 grl=1.1100 v15=0.0000 v15r=0.0000 v16=0.0000 v17=0.0000 v18=0.0000 acc=1.0000 lr=3.65e-05 lambda=0.000 grl_lambda=0.999 v18_lambda=0.000 gpu=3.0/11.8GB
[20:15:16] [train] ep=79 step=010/40 ce=0.3074 sc=0.8126 mi=0.0616 dn=0.0000 v13=0.0004 grl=1.0975 v15=0.0000 v15r=0.0000 v16=0.0000 v17=0.0000 v18=0.0000 acc=0.9938 lr=3.58e-05 lambda=0.000 grl_lambda=0.999 v18_lambda=0.000 gpu=3.0/11.8GB
[20:15:21] [train] ep=79 step=020/40 ce=0.3009 sc=0.8512 mi=0.0625 dn=0.0000 v13=0.0004 grl=1.0991 v15=0.0000 v15r=0.0000 v16=0.0000 v17=0.0000 v18=0.0000 acc=0.9969 lr=3.50e-05 lambda=0.000 grl_lambda=0.999 v18_lambda=0.000 gpu=3.0/11.8GB
[20:15:27] [train] ep=79 step=030/40 ce=0.3179 sc=0.7971 mi=0.0620 dn=0.0000 v13=0.0004 grl=1.0971 v15=0.0000 v15r=0.0000 v16=0.0000 v17=0.0000 v18=0.0000 acc=0.9958 lr=3.42e-05 lambda=0.000 grl_lambda=0.999 v18_lambda=0.000 gpu=3.0/11.8GB
[20:15:33] [train] ep=79 step=040/40 ce=0.3029 sc=0.8034 mi=0.0621 dn=0.0000 v13=0.0004 grl=1.0976 v15=0.0000 v15r=0.0000 v16=0.0000 v17=0.0000 v18=0.0000 acc=0.9969 lr=3.35e-05 lambda=0.000 grl_lambda=0.999 v18_lambda=0.000 gpu=3.0/11.8GB
[20:15:43] [ep_summary] ep=79/100 val_live=0.9691/0.9694 val_ema=0.9630/0.9634 test77_live=0.8273/0.8247 test77_diag_ema=0.8417/0.8386 v13=0.0004 grl=1.0976 v15=0.0000 v15r=0.0000 v16=0.0000 v17=0.0000 v18=0.0000 das=stage3[12,95] p=1.00 ep_time=33.4s
[20:15:43] [save] best_sourcequalified77_ema ep=79 source_val_live=0.9691/0.9694 source_val_ema=0.9630/0.9634 test77_ema=0.8417/0.8386
[20:15:43] [train] epoch 80/100 steps=40 use_dann=0 das=stage3 f=[12.0,95.0] p=1.00 gpu=3.0/11.8GB
[20:15:44] [train] ep=80 step=001/40 ce=0.2581 sc=0.4211 mi=0.0535 dn=0.0000 v13=0.0004 grl=1.0825 v15=0.0000 v15r=0.0000 v16=0.0000 v17=0.0000 v18=0.0000 acc=1.0000 lr=3.34e-05 lambda=0.000 grl_lambda=0.999 v18_lambda=0.000 gpu=3.0/11.8GB
[20:15:49] [train] ep=80 step=010/40 ce=0.2577 sc=0.7034 mi=0.0605 dn=0.0000 v13=0.0004 grl=1.1010 v15=0.0000 v15r=0.0000 v16=0.0000 v17=0.0000 v18=0.0000 acc=1.0000 lr=3.27e-05 lambda=0.000 grl_lambda=0.999 v18_lambda=0.000 gpu=3.0/11.8GB
[20:15:55] [train] ep=80 step=020/40 ce=0.2574 sc=0.7523 mi=0.0615 dn=0.0000 v13=0.0004 grl=1.0937 v15=0.0000 v15r=0.0000 v16=0.0000 v17=0.0000 v18=0.0000 acc=1.0000 lr=3.19e-05 lambda=0.000 grl_lambda=0.999 v18_lambda=0.000 gpu=3.0/11.8GB
[20:16:01] [train] ep=80 step=030/40 ce=0.2604 sc=0.7445 mi=0.0623 dn=0.0000 v13=0.0004 grl=1.0952 v15=0.0000 v15r=0.0000 v16=0.0000 v17=0.0000 v18=0.0000 acc=1.0000 lr=3.12e-05 lambda=0.000 grl_lambda=0.999 v18_lambda=0.000 gpu=3.0/11.8GB
[20:16:06] [train] ep=80 step=040/40 ce=0.2595 sc=0.7551 mi=0.0623 dn=0.0000 v13=0.0004 grl=1.0925 v15=0.0000 v15r=0.0000 v16=0.0000 v17=0.0000 v18=0.0000 acc=1.0000 lr=3.05e-05 lambda=0.000 grl_lambda=0.999 v18_lambda=0.000 gpu=3.0/11.8GB
[20:16:17] [pool] check ep=080/100 source_val_acc_ema=0.9630 threshold=0.90
[20:16:21] [pool] ep=080 ADDED src_val=0.9630/0.9634 dev77=0.8071/0.8039 final77=0.8381/0.8353
[20:16:21] [pool] running best ep=080 dev77_f1=0.8039 final77_f1=0.8353 (pool_size=5)
[20:16:22] [ep_summary] ep=80/100 val_live=0.9691/0.9694 val_ema=0.9630/0.9634 test77_live=0.8273/0.8246 test77_diag_ema=0.8381/0.8353 v13=0.0004 grl=1.0925 v15=0.0000 v15r=0.0000 v16=0.0000 v17=0.0000 v18=0.0000 das=stage3[12,95] p=1.00 ep_time=38.3s
[20:16:22] [strict77_monitor] ep=80 best_source_epoch=74 source_val_ema=0.9630/0.9634 test77_ema_diag=0.8273/0.8249 sourcequalified_count=49 best_sourcequalified77_epoch=79 source_val_ema=0.9630/0.9634 test77_ema=0.8417/0.8386
[20:16:22] [train] epoch 81/100 steps=40 use_dann=0 das=stage3 f=[12.0,95.0] p=1.00 gpu=3.0/11.8GB
[20:16:22] [train] ep=81 step=001/40 ce=0.9030 sc=1.4748 mi=0.0673 dn=0.0000 v13=0.0005 grl=1.1412 v15=0.0000 v15r=0.0000 v16=0.0000 v17=0.0000 v18=0.0000 acc=0.9375 lr=3.04e-05 lambda=0.000 grl_lambda=0.999 v18_lambda=0.000 gpu=3.0/11.8GB
[20:16:27] [train] ep=81 step=010/40 ce=0.3824 sc=0.9733 mi=0.0630 dn=0.0000 v13=0.0004 grl=1.1083 v15=0.0000 v15r=0.0000 v16=0.0000 v17=0.0000 v18=0.0000 acc=0.9875 lr=2.97e-05 lambda=0.000 grl_lambda=0.999 v18_lambda=0.000 gpu=3.0/11.8GB
[20:16:33] [train] ep=81 step=020/40 ce=0.3198 sc=0.8436 mi=0.0616 dn=0.0000 v13=0.0004 grl=1.1006 v15=0.0000 v15r=0.0000 v16=0.0000 v17=0.0000 v18=0.0000 acc=0.9938 lr=2.90e-05 lambda=0.000 grl_lambda=0.999 v18_lambda=0.000 gpu=3.0/11.8GB
[20:16:39] [train] ep=81 step=030/40 ce=0.3076 sc=0.8343 mi=0.0621 dn=0.0000 v13=0.0004 grl=1.0955 v15=0.0000 v15r=0.0000 v16=0.0000 v17=0.0000 v18=0.0000 acc=0.9958 lr=2.83e-05 lambda=0.000 grl_lambda=0.999 v18_lambda=0.000 gpu=3.0/11.8GB
[20:16:45] [train] ep=81 step=040/40 ce=0.2951 sc=0.8389 mi=0.0621 dn=0.0000 v13=0.0004 grl=1.0973 v15=0.0000 v15r=0.0000 v16=0.0000 v17=0.0000 v18=0.0000 acc=0.9969 lr=2.76e-05 lambda=0.000 grl_lambda=0.999 v18_lambda=0.000 gpu=3.0/11.8GB
[20:16:55] [ep_summary] ep=81/100 val_live=0.9630/0.9627 val_ema=0.9630/0.9634 test77_live=0.8201/0.8171 test77_diag_ema=0.8381/0.8353 v13=0.0004 grl=1.0973 v15=0.0000 v15r=0.0000 v16=0.0000 v17=0.0000 v18=0.0000 das=stage3[12,95] p=1.00 ep_time=33.5s
[20:16:55] [train] epoch 82/100 steps=40 use_dann=0 das=stage3 f=[12.0,95.0] p=1.00 gpu=3.0/11.8GB
[20:16:56] [train] ep=82 step=001/40 ce=0.2574 sc=0.8397 mi=0.0672 dn=0.0000 v13=0.0006 grl=1.1270 v15=0.0000 v15r=0.0000 v16=0.0000 v17=0.0000 v18=0.0000 acc=1.0000 lr=2.75e-05 lambda=0.000 grl_lambda=0.999 v18_lambda=0.000 gpu=3.0/11.8GB
[20:17:01] [train] ep=82 step=010/40 ce=0.3271 sc=0.7913 mi=0.0656 dn=0.0000 v13=0.0004 grl=1.0823 v15=0.0000 v15r=0.0000 v16=0.0000 v17=0.0000 v18=0.0000 acc=0.9938 lr=2.69e-05 lambda=0.000 grl_lambda=0.999 v18_lambda=0.000 gpu=3.0/11.8GB
[20:17:07] [train] ep=82 step=020/40 ce=0.3092 sc=0.7489 mi=0.0637 dn=0.0000 v13=0.0005 grl=1.0886 v15=0.0000 v15r=0.0000 v16=0.0000 v17=0.0000 v18=0.0000 acc=0.9969 lr=2.62e-05 lambda=0.000 grl_lambda=0.999 v18_lambda=0.000 gpu=3.0/11.8GB
[20:17:12] [train] ep=82 step=030/40 ce=0.2921 sc=0.7733 mi=0.0625 dn=0.0000 v13=0.0004 grl=1.0921 v15=0.0000 v15r=0.0000 v16=0.0000 v17=0.0000 v18=0.0000 acc=0.9979 lr=2.55e-05 lambda=0.000 grl_lambda=0.999 v18_lambda=0.000 gpu=3.0/11.8GB
[20:17:18] [train] ep=82 step=040/40 ce=0.3025 sc=0.7620 mi=0.0625 dn=0.0000 v13=0.0004 grl=1.0944 v15=0.0000 v15r=0.0000 v16=0.0000 v17=0.0000 v18=0.0000 acc=0.9969 lr=2.48e-05 lambda=0.000 grl_lambda=0.999 v18_lambda=0.000 gpu=3.0/11.8GB
[20:17:28] [ep_summary] ep=82/100 val_live=0.9630/0.9627 val_ema=0.9630/0.9634 test77_live=0.8273/0.8249 test77_diag_ema=0.8381/0.8351 v13=0.0004 grl=1.0944 v15=0.0000 v15r=0.0000 v16=0.0000 v17=0.0000 v18=0.0000 das=stage3[12,95] p=1.00 ep_time=33.4s
[20:17:28] [train] epoch 83/100 steps=40 use_dann=0 das=stage3 f=[12.0,95.0] p=1.00 gpu=3.0/11.8GB
[20:17:29] [train] ep=83 step=001/40 ce=0.2559 sc=0.7116 mi=0.0641 dn=0.0000 v13=0.0002 grl=1.1186 v15=0.0000 v15r=0.0000 v16=0.0000 v17=0.0000 v18=0.0000 acc=1.0000 lr=2.48e-05 lambda=0.000 grl_lambda=0.999 v18_lambda=0.000 gpu=3.0/11.8GB
[20:17:34] [train] ep=83 step=010/40 ce=0.3565 sc=0.7512 mi=0.0650 dn=0.0000 v13=0.0003 grl=1.1006 v15=0.0000 v15r=0.0000 v16=0.0000 v17=0.0000 v18=0.0000 acc=0.9938 lr=2.42e-05 lambda=0.000 grl_lambda=0.999 v18_lambda=0.000 gpu=3.0/11.8GB
[20:17:40] [train] ep=83 step=020/40 ce=0.3092 sc=0.7434 mi=0.0621 dn=0.0000 v13=0.0004 grl=1.0944 v15=0.0000 v15r=0.0000 v16=0.0000 v17=0.0000 v18=0.0000 acc=0.9969 lr=2.35e-05 lambda=0.000 grl_lambda=0.999 v18_lambda=0.000 gpu=3.0/11.8GB
[20:17:46] [train] ep=83 step=030/40 ce=0.2921 sc=0.7298 mi=0.0626 dn=0.0000 v13=0.0004 grl=1.0944 v15=0.0000 v15r=0.0000 v16=0.0000 v17=0.0000 v18=0.0000 acc=0.9979 lr=2.29e-05 lambda=0.000 grl_lambda=0.999 v18_lambda=0.000 gpu=3.0/11.8GB
[20:17:52] [train] ep=83 step=040/40 ce=0.2989 sc=0.7290 mi=0.0620 dn=0.0000 v13=0.0004 grl=1.0951 v15=0.0000 v15r=0.0000 v16=0.0000 v17=0.0000 v18=0.0000 acc=0.9969 lr=2.22e-05 lambda=0.000 grl_lambda=1.000 v18_lambda=0.000 gpu=3.0/11.8GB
[20:18:02] [ep_summary] ep=83/100 val_live=0.9630/0.9635 val_ema=0.9630/0.9634 test77_live=0.8381/0.8358 test77_diag_ema=0.8381/0.8351 v13=0.0004 grl=1.0951 v15=0.0000 v15r=0.0000 v16=0.0000 v17=0.0000 v18=0.0000 das=stage3[12,95] p=1.00 ep_time=33.4s
[20:18:02] [train] epoch 84/100 steps=40 use_dann=0 das=stage3 f=[12.0,95.0] p=1.00 gpu=3.0/11.8GB
[20:18:02] [train] ep=84 step=001/40 ce=0.2578 sc=0.7851 mi=0.0718 dn=0.0000 v13=0.0002 grl=1.1518 v15=0.0000 v15r=0.0000 v16=0.0000 v17=0.0000 v18=0.0000 acc=1.0000 lr=2.22e-05 lambda=0.000 grl_lambda=1.000 v18_lambda=0.000 gpu=3.0/11.8GB
[20:18:08] [train] ep=84 step=010/40 ce=0.3349 sc=0.8204 mi=0.0619 dn=0.0000 v13=0.0004 grl=1.0958 v15=0.0000 v15r=0.0000 v16=0.0000 v17=0.0000 v18=0.0000 acc=0.9938 lr=2.16e-05 lambda=0.000 grl_lambda=1.000 v18_lambda=0.000 gpu=3.0/11.8GB
[20:18:13] [train] ep=84 step=020/40 ce=0.3078 sc=0.8184 mi=0.0630 dn=0.0000 v13=0.0004 grl=1.0948 v15=0.0000 v15r=0.0000 v16=0.0000 v17=0.0000 v18=0.0000 acc=0.9969 lr=2.10e-05 lambda=0.000 grl_lambda=1.000 v18_lambda=0.000 gpu=3.0/11.8GB
[20:18:19] [train] ep=84 step=030/40 ce=0.2970 sc=0.7850 mi=0.0633 dn=0.0000 v13=0.0004 grl=1.0972 v15=0.0000 v15r=0.0000 v16=0.0000 v17=0.0000 v18=0.0000 acc=0.9979 lr=2.04e-05 lambda=0.000 grl_lambda=1.000 v18_lambda=0.000 gpu=3.0/11.8GB
[20:18:25] [train] ep=84 step=040/40 ce=0.2994 sc=0.7859 mi=0.0630 dn=0.0000 v13=0.0004 grl=1.0972 v15=0.0000 v15r=0.0000 v16=0.0000 v17=0.0000 v18=0.0000 acc=0.9969 lr=1.98e-05 lambda=0.000 grl_lambda=1.000 v18_lambda=0.000 gpu=3.0/11.8GB
[20:18:35] [ep_summary] ep=84/100 val_live=0.9630/0.9635 val_ema=0.9630/0.9634 test77_live=0.8489/0.8457 test77_diag_ema=0.8381/0.8351 v13=0.0004 grl=1.0972 v15=0.0000 v15r=0.0000 v16=0.0000 v17=0.0000 v18=0.0000 das=stage3[12,95] p=1.00 ep_time=33.5s
[20:18:35] [train] epoch 85/100 steps=40 use_dann=0 das=stage3 f=[12.0,95.0] p=1.00 gpu=3.0/11.8GB
[20:18:36] [train] ep=85 step=001/40 ce=0.2847 sc=1.1171 mi=0.0536 dn=0.0000 v13=0.0006 grl=1.1069 v15=0.0000 v15r=0.0000 v16=0.0000 v17=0.0000 v18=0.0000 acc=1.0000 lr=1.97e-05 lambda=0.000 grl_lambda=1.000 v18_lambda=0.000 gpu=3.0/11.8GB
[20:18:41] [train] ep=85 step=010/40 ce=0.3794 sc=0.8855 mi=0.0621 dn=0.0000 v13=0.0005 grl=1.0935 v15=0.0000 v15r=0.0000 v16=0.0000 v17=0.0000 v18=0.0000 acc=0.9938 lr=1.92e-05 lambda=0.000 grl_lambda=1.000 v18_lambda=0.000 gpu=3.0/11.8GB
[20:18:47] [train] ep=85 step=020/40 ce=0.3182 sc=0.8193 mi=0.0617 dn=0.0000 v13=0.0005 grl=1.0917 v15=0.0000 v15r=0.0000 v16=0.0000 v17=0.0000 v18=0.0000 acc=0.9969 lr=1.86e-05 lambda=0.000 grl_lambda=1.000 v18_lambda=0.000 gpu=3.0/11.8GB
[20:18:53] [train] ep=85 step=030/40 ce=0.3014 sc=0.8089 mi=0.0620 dn=0.0000 v13=0.0004 grl=1.0949 v15=0.0000 v15r=0.0000 v16=0.0000 v17=0.0000 v18=0.0000 acc=0.9979 lr=1.80e-05 lambda=0.000 grl_lambda=1.000 v18_lambda=0.000 gpu=3.0/11.8GB
[20:18:58] [train] ep=85 step=040/40 ce=0.2964 sc=0.8152 mi=0.0625 dn=0.0000 v13=0.0004 grl=1.0991 v15=0.0000 v15r=0.0000 v16=0.0000 v17=0.0000 v18=0.0000 acc=0.9984 lr=1.74e-05 lambda=0.000 grl_lambda=1.000 v18_lambda=0.000 gpu=3.0/11.8GB
[20:19:09] [ep_summary] ep=85/100 val_live=0.9630/0.9635 val_ema=0.9630/0.9634 test77_live=0.8489/0.8462 test77_diag_ema=0.8381/0.8351 v13=0.0004 grl=1.0991 v15=0.0000 v15r=0.0000 v16=0.0000 v17=0.0000 v18=0.0000 das=stage3[12,95] p=1.00 ep_time=33.4s
[20:19:09] [train] epoch 86/100 steps=40 use_dann=0 das=stage3 f=[12.0,95.0] p=1.00 gpu=3.0/11.8GB
[20:19:09] [train] ep=86 step=001/40 ce=0.2585 sc=0.6172 mi=0.0642 dn=0.0000 v13=0.0005 grl=1.1099 v15=0.0000 v15r=0.0000 v16=0.0000 v17=0.0000 v18=0.0000 acc=1.0000 lr=1.74e-05 lambda=0.000 grl_lambda=1.000 v18_lambda=0.000 gpu=3.0/11.8GB
[20:19:15] [train] ep=86 step=010/40 ce=0.2593 sc=0.7101 mi=0.0605 dn=0.0000 v13=0.0004 grl=1.0869 v15=0.0000 v15r=0.0000 v16=0.0000 v17=0.0000 v18=0.0000 acc=1.0000 lr=1.68e-05 lambda=0.000 grl_lambda=1.000 v18_lambda=0.000 gpu=3.0/11.8GB
[20:19:20] [train] ep=86 step=020/40 ce=0.2964 sc=0.6919 mi=0.0612 dn=0.0000 v13=0.0004 grl=1.0969 v15=0.0000 v15r=0.0000 v16=0.0000 v17=0.0000 v18=0.0000 acc=0.9969 lr=1.63e-05 lambda=0.000 grl_lambda=1.000 v18_lambda=0.000 gpu=3.0/11.8GB
[20:19:26] [train] ep=86 step=030/40 ce=0.3556 sc=0.7302 mi=0.0611 dn=0.0000 v13=0.0004 grl=1.0998 v15=0.0000 v15r=0.0000 v16=0.0000 v17=0.0000 v18=0.0000 acc=0.9917 lr=1.57e-05 lambda=0.000 grl_lambda=1.000 v18_lambda=0.000 gpu=3.0/11.8GB
[20:19:32] [train] ep=86 step=040/40 ce=0.3414 sc=0.7448 mi=0.0612 dn=0.0000 v13=0.0004 grl=1.0979 v15=0.0000 v15r=0.0000 v16=0.0000 v17=0.0000 v18=0.0000 acc=0.9922 lr=1.52e-05 lambda=0.000 grl_lambda=1.000 v18_lambda=0.000 gpu=3.0/11.8GB
[20:19:42] [ep_summary] ep=86/100 val_live=0.9630/0.9631 val_ema=0.9630/0.9634 test77_live=0.8489/0.8459 test77_diag_ema=0.8381/0.8351 v13=0.0004 grl=1.0979 v15=0.0000 v15r=0.0000 v16=0.0000 v17=0.0000 v18=0.0000 das=stage3[12,95] p=1.00 ep_time=33.4s
[20:19:42] [train] epoch 87/100 steps=40 use_dann=0 das=stage3 f=[12.0,95.0] p=1.00 gpu=3.0/11.8GB
[20:19:43] [train] ep=87 step=001/40 ce=0.2564 sc=0.5959 mi=0.0623 dn=0.0000 v13=0.0003 grl=1.0800 v15=0.0000 v15r=0.0000 v16=0.0000 v17=0.0000 v18=0.0000 acc=1.0000 lr=1.52e-05 lambda=0.000 grl_lambda=1.000 v18_lambda=0.000 gpu=3.0/11.8GB
[20:19:48] [train] ep=87 step=010/40 ce=0.2912 sc=0.7373 mi=0.0576 dn=0.0000 v13=0.0003 grl=1.0850 v15=0.0000 v15r=0.0000 v16=0.0000 v17=0.0000 v18=0.0000 acc=1.0000 lr=1.47e-05 lambda=0.000 grl_lambda=1.000 v18_lambda=0.000 gpu=3.0/11.8GB
[20:19:54] [train] ep=87 step=020/40 ce=0.3067 sc=0.7614 mi=0.0606 dn=0.0000 v13=0.0004 grl=1.0869 v15=0.0000 v15r=0.0000 v16=0.0000 v17=0.0000 v18=0.0000 acc=0.9969 lr=1.42e-05 lambda=0.000 grl_lambda=1.000 v18_lambda=0.000 gpu=3.0/11.8GB
[20:20:00] [train] ep=87 step=030/40 ce=0.2902 sc=0.7597 mi=0.0602 dn=0.0000 v13=0.0004 grl=1.0905 v15=0.0000 v15r=0.0000 v16=0.0000 v17=0.0000 v18=0.0000 acc=0.9979 lr=1.37e-05 lambda=0.000 grl_lambda=1.000 v18_lambda=0.000 gpu=3.0/11.8GB
[20:20:06] [train] ep=87 step=040/40 ce=0.2818 sc=0.7641 mi=0.0607 dn=0.0000 v13=0.0004 grl=1.0928 v15=0.0000 v15r=0.0000 v16=0.0000 v17=0.0000 v18=0.0000 acc=0.9984 lr=1.31e-05 lambda=0.000 grl_lambda=1.000 v18_lambda=0.000 gpu=3.0/11.8GB
[20:20:16] [ep_summary] ep=87/100 val_live=0.9691/0.9694 val_ema=0.9691/0.9694 test77_live=0.8417/0.8391 test77_diag_ema=0.8381/0.8349 v13=0.0004 grl=1.0928 v15=0.0000 v15r=0.0000 v16=0.0000 v17=0.0000 v18=0.0000 das=stage3[12,95] p=1.00 ep_time=33.8s
[20:20:16] [save] best_sourceval_ema val_acc_ema=0.9691 source_val_live=0.9691/0.9694 source_val_ema=0.9691/0.9694 ep=87
[20:20:16] [train] epoch 88/100 steps=40 use_dann=0 das=stage3 f=[12.0,95.0] p=1.00 gpu=3.0/11.8GB
[20:20:17] [train] ep=88 step=001/40 ce=0.2561 sc=0.4187 mi=0.0691 dn=0.0000 v13=0.0004 grl=1.0922 v15=0.0000 v15r=0.0000 v16=0.0000 v17=0.0000 v18=0.0000 acc=1.0000 lr=1.31e-05 lambda=0.000 grl_lambda=1.000 v18_lambda=0.000 gpu=3.0/11.8GB
[20:20:22] [train] ep=88 step=010/40 ce=0.2696 sc=0.7642 mi=0.0619 dn=0.0000 v13=0.0004 grl=1.1073 v15=0.0000 v15r=0.0000 v16=0.0000 v17=0.0000 v18=0.0000 acc=1.0000 lr=1.27e-05 lambda=0.000 grl_lambda=1.000 v18_lambda=0.000 gpu=3.0/11.8GB
[20:20:28] [train] ep=88 step=020/40 ce=0.2696 sc=0.7505 mi=0.0623 dn=0.0000 v13=0.0005 grl=1.1034 v15=0.0000 v15r=0.0000 v16=0.0000 v17=0.0000 v18=0.0000 acc=1.0000 lr=1.22e-05 lambda=0.000 grl_lambda=1.000 v18_lambda=0.000 gpu=3.0/11.8GB
[20:20:33] [train] ep=88 step=030/40 ce=0.2729 sc=0.7663 mi=0.0625 dn=0.0000 v13=0.0005 grl=1.1022 v15=0.0000 v15r=0.0000 v16=0.0000 v17=0.0000 v18=0.0000 acc=1.0000 lr=1.17e-05 lambda=0.000 grl_lambda=1.000 v18_lambda=0.000 gpu=3.0/11.8GB
[20:20:39] [train] ep=88 step=040/40 ce=0.2691 sc=0.7855 mi=0.0629 dn=0.0000 v13=0.0004 grl=1.0988 v15=0.0000 v15r=0.0000 v16=0.0000 v17=0.0000 v18=0.0000 acc=1.0000 lr=1.12e-05 lambda=0.000 grl_lambda=1.000 v18_lambda=0.000 gpu=3.0/11.8GB
[20:20:49] [ep_summary] ep=88/100 val_live=0.9691/0.9694 val_ema=0.9691/0.9694 test77_live=0.8417/0.8390 test77_diag_ema=0.8381/0.8349 v13=0.0004 grl=1.0988 v15=0.0000 v15r=0.0000 v16=0.0000 v17=0.0000 v18=0.0000 das=stage3[12,95] p=1.00 ep_time=33.4s
[20:20:49] [train] epoch 89/100 steps=40 use_dann=0 das=stage3 f=[12.0,95.0] p=1.00 gpu=3.0/11.8GB
[20:20:50] [train] ep=89 step=001/40 ce=0.2563 sc=0.8116 mi=0.0659 dn=0.0000 v13=0.0006 grl=1.1338 v15=0.0000 v15r=0.0000 v16=0.0000 v17=0.0000 v18=0.0000 acc=1.0000 lr=1.12e-05 lambda=0.000 grl_lambda=1.000 v18_lambda=0.000 gpu=3.0/11.8GB
[20:20:55] [train] ep=89 step=010/40 ce=0.2571 sc=0.7351 mi=0.0632 dn=0.0000 v13=0.0004 grl=1.0885 v15=0.0000 v15r=0.0000 v16=0.0000 v17=0.0000 v18=0.0000 acc=1.0000 lr=1.08e-05 lambda=0.000 grl_lambda=1.000 v18_lambda=0.000 gpu=3.0/11.8GB
[20:21:01] [train] ep=89 step=020/40 ce=0.2573 sc=0.6874 mi=0.0617 dn=0.0000 v13=0.0005 grl=1.0955 v15=0.0000 v15r=0.0000 v16=0.0000 v17=0.0000 v18=0.0000 acc=1.0000 lr=1.03e-05 lambda=0.000 grl_lambda=1.000 v18_lambda=0.000 gpu=3.0/11.8GB
[20:21:07] [train] ep=89 step=030/40 ce=0.2571 sc=0.7441 mi=0.0618 dn=0.0000 v13=0.0004 grl=1.0990 v15=0.0000 v15r=0.0000 v16=0.0000 v17=0.0000 v18=0.0000 acc=1.0000 lr=9.89e-06 lambda=0.000 grl_lambda=1.000 v18_lambda=0.000 gpu=3.0/11.8GB
[20:21:13] [train] ep=89 step=040/40 ce=0.2597 sc=0.7824 mi=0.0616 dn=0.0000 v13=0.0004 grl=1.0966 v15=0.0000 v15r=0.0000 v16=0.0000 v17=0.0000 v18=0.0000 acc=1.0000 lr=9.46e-06 lambda=0.000 grl_lambda=1.000 v18_lambda=0.000 gpu=3.0/11.8GB
[20:21:41] [ep_summary] ep=89/100 val_live=0.9691/0.9694 val_ema=0.9691/0.9694 test77_live=0.8381/0.8356 test77_diag_ema=0.8381/0.8349 v13=0.0004 grl=1.0966 v15=0.0000 v15r=0.0000 v16=0.0000 v17=0.0000 v18=0.0000 das=stage3[12,95] p=1.00 ep_time=51.5s
[20:21:41] [train] epoch 90/100 steps=40 use_dann=0 das=stage3 f=[12.0,95.0] p=1.00 gpu=3.0/11.8GB
[20:21:41] [train] ep=90 step=001/40 ce=0.2566 sc=0.5379 mi=0.0619 dn=0.0000 v13=0.0004 grl=1.0433 v15=0.0000 v15r=0.0000 v16=0.0000 v17=0.0000 v18=0.0000 acc=1.0000 lr=9.42e-06 lambda=0.000 grl_lambda=1.000 v18_lambda=0.000 gpu=3.0/11.8GB
[20:21:47] [train] ep=90 step=010/40 ce=0.2740 sc=0.6567 mi=0.0649 dn=0.0000 v13=0.0004 grl=1.0737 v15=0.0000 v15r=0.0000 v16=0.0000 v17=0.0000 v18=0.0000 acc=1.0000 lr=9.04e-06 lambda=0.000 grl_lambda=1.000 v18_lambda=0.000 gpu=3.0/11.8GB
[20:21:52] [train] ep=90 step=020/40 ce=0.2654 sc=0.7399 mi=0.0629 dn=0.0000 v13=0.0004 grl=1.0872 v15=0.0000 v15r=0.0000 v16=0.0000 v17=0.0000 v18=0.0000 acc=1.0000 lr=8.63e-06 lambda=0.000 grl_lambda=1.000 v18_lambda=0.000 gpu=3.0/11.8GB
[20:21:58] [train] ep=90 step=030/40 ce=0.2634 sc=0.7115 mi=0.0617 dn=0.0000 v13=0.0004 grl=1.0860 v15=0.0000 v15r=0.0000 v16=0.0000 v17=0.0000 v18=0.0000 acc=1.0000 lr=8.23e-06 lambda=0.000 grl_lambda=1.000 v18_lambda=0.000 gpu=3.0/11.8GB
[20:22:04] [train] ep=90 step=040/40 ce=0.2633 sc=0.7259 mi=0.0618 dn=0.0000 v13=0.0004 grl=1.0847 v15=0.0000 v15r=0.0000 v16=0.0000 v17=0.0000 v18=0.0000 acc=1.0000 lr=7.84e-06 lambda=0.000 grl_lambda=1.000 v18_lambda=0.000 gpu=3.0/11.8GB
[20:22:14] [pool] check ep=090/100 source_val_acc_ema=0.9691 threshold=0.90
[20:22:27] [pool] ep=090 ADDED src_val=0.9691/0.9694 dev77=0.8071/0.8020 final77=0.8417/0.8389
[20:22:27] [pool] running best ep=080 dev77_f1=0.8039 final77_f1=0.8353 (pool_size=6)
[20:22:28] [ep_summary] ep=90/100 val_live=0.9691/0.9694 val_ema=0.9691/0.9694 test77_live=0.8417/0.8387 test77_diag_ema=0.8417/0.8389 v13=0.0004 grl=1.0847 v15=0.0000 v15r=0.0000 v16=0.0000 v17=0.0000 v18=0.0000 das=stage3[12,95] p=1.00 ep_time=46.8s
[20:22:28] [save] best_sourcequalified77_ema ep=90 source_val_live=0.9691/0.9694 source_val_ema=0.9691/0.9694 test77_ema=0.8417/0.8389
[20:22:28] [strict77_monitor] ep=90 best_source_epoch=87 source_val_ema=0.9691/0.9694 test77_ema_diag=0.8381/0.8349 sourcequalified_count=59 best_sourcequalified77_epoch=90 source_val_ema=0.9691/0.9694 test77_ema=0.8417/0.8389
[20:22:28] [train] epoch 91/100 steps=40 use_dann=0 das=stage3 f=[12.0,95.0] p=1.00 gpu=3.0/11.8GB
[20:22:28] [train] ep=91 step=001/40 ce=0.2581 sc=1.1754 mi=0.0605 dn=0.0000 v13=0.0005 grl=1.0780 v15=0.0000 v15r=0.0000 v16=0.0000 v17=0.0000 v18=0.0000 acc=1.0000 lr=7.80e-06 lambda=0.000 grl_lambda=1.000 v18_lambda=0.000 gpu=3.0/11.8GB
[20:22:34] [train] ep=91 step=010/40 ce=0.3102 sc=0.7764 mi=0.0656 dn=0.0000 v13=0.0004 grl=1.1117 v15=0.0000 v15r=0.0000 v16=0.0000 v17=0.0000 v18=0.0000 acc=0.9938 lr=7.45e-06 lambda=0.000 grl_lambda=1.000 v18_lambda=0.000 gpu=3.0/11.8GB
[20:22:39] [train] ep=91 step=020/40 ce=0.3078 sc=0.7505 mi=0.0629 dn=0.0000 v13=0.0004 grl=1.0999 v15=0.0000 v15r=0.0000 v16=0.0000 v17=0.0000 v18=0.0000 acc=0.9938 lr=7.08e-06 lambda=0.000 grl_lambda=1.000 v18_lambda=0.000 gpu=3.0/11.8GB
[20:22:45] [train] ep=91 step=030/40 ce=0.2913 sc=0.7516 mi=0.0626 dn=0.0000 v13=0.0004 grl=1.0995 v15=0.0000 v15r=0.0000 v16=0.0000 v17=0.0000 v18=0.0000 acc=0.9958 lr=6.72e-06 lambda=0.000 grl_lambda=1.000 v18_lambda=0.000 gpu=3.0/11.8GB
[20:22:51] [train] ep=91 step=040/40 ce=0.2827 sc=0.7506 mi=0.0627 dn=0.0000 v13=0.0004 grl=1.0998 v15=0.0000 v15r=0.0000 v16=0.0000 v17=0.0000 v18=0.0000 acc=0.9969 lr=6.36e-06 lambda=0.000 grl_lambda=1.000 v18_lambda=0.000 gpu=3.0/11.8GB
[20:23:01] [ep_summary] ep=91/100 val_live=0.9691/0.9694 val_ema=0.9691/0.9694 test77_live=0.8453/0.8423 test77_diag_ema=0.8417/0.8389 v13=0.0004 grl=1.0998 v15=0.0000 v15r=0.0000 v16=0.0000 v17=0.0000 v18=0.0000 das=stage3[12,95] p=1.00 ep_time=33.4s
[20:23:01] [train] epoch 92/100 steps=40 use_dann=0 das=stage3 f=[12.0,95.0] p=1.00 gpu=3.0/11.8GB
[20:23:02] [train] ep=92 step=001/40 ce=0.6216 sc=0.9238 mi=0.0491 dn=0.0000 v13=0.0004 grl=1.0530 v15=0.0000 v15r=0.0000 v16=0.0000 v17=0.0000 v18=0.0000 acc=1.0000 lr=6.33e-06 lambda=0.000 grl_lambda=1.000 v18_lambda=0.000 gpu=3.0/11.8GB
[20:23:07] [train] ep=92 step=010/40 ce=0.2947 sc=0.8534 mi=0.0583 dn=0.0000 v13=0.0004 grl=1.0853 v15=0.0000 v15r=0.0000 v16=0.0000 v17=0.0000 v18=0.0000 acc=1.0000 lr=6.02e-06 lambda=0.000 grl_lambda=1.000 v18_lambda=0.000 gpu=3.0/11.8GB
[20:23:13] [train] ep=92 step=020/40 ce=0.2981 sc=0.8263 mi=0.0619 dn=0.0000 v13=0.0004 grl=1.0926 v15=0.0000 v15r=0.0000 v16=0.0000 v17=0.0000 v18=0.0000 acc=0.9969 lr=5.68e-06 lambda=0.000 grl_lambda=1.000 v18_lambda=0.000 gpu=3.0/11.8GB
[20:23:19] [train] ep=92 step=030/40 ce=0.2845 sc=0.7948 mi=0.0623 dn=0.0000 v13=0.0004 grl=1.0944 v15=0.0000 v15r=0.0000 v16=0.0000 v17=0.0000 v18=0.0000 acc=0.9979 lr=5.35e-06 lambda=0.000 grl_lambda=1.000 v18_lambda=0.000 gpu=3.0/11.8GB
[20:23:24] [train] ep=92 step=040/40 ce=0.3129 sc=0.8188 mi=0.0622 dn=0.0000 v13=0.0004 grl=1.0938 v15=0.0000 v15r=0.0000 v16=0.0000 v17=0.0000 v18=0.0000 acc=0.9953 lr=5.04e-06 lambda=0.000 grl_lambda=1.000 v18_lambda=0.000 gpu=3.0/11.8GB
[20:23:35] [ep_summary] ep=92/100 val_live=0.9691/0.9694 val_ema=0.9691/0.9694 test77_live=0.8417/0.8389 test77_diag_ema=0.8417/0.8389 v13=0.0004 grl=1.0938 v15=0.0000 v15r=0.0000 v16=0.0000 v17=0.0000 v18=0.0000 das=stage3[12,95] p=1.00 ep_time=33.4s
[20:23:35] [train] epoch 93/100 steps=40 use_dann=0 das=stage3 f=[12.0,95.0] p=1.00 gpu=3.0/11.8GB
[20:23:35] [train] ep=93 step=001/40 ce=0.2577 sc=0.9898 mi=0.0649 dn=0.0000 v13=0.0003 grl=1.0788 v15=0.0000 v15r=0.0000 v16=0.0000 v17=0.0000 v18=0.0000 acc=1.0000 lr=5.01e-06 lambda=0.000 grl_lambda=1.000 v18_lambda=0.000 gpu=3.0/11.8GB
[20:23:40] [train] ep=93 step=010/40 ce=0.3977 sc=0.7807 mi=0.0594 dn=0.0000 v13=0.0004 grl=1.1030 v15=0.0000 v15r=0.0000 v16=0.0000 v17=0.0000 v18=0.0000 acc=0.9875 lr=4.73e-06 lambda=0.000 grl_lambda=1.000 v18_lambda=0.000 gpu=3.0/11.8GB
[20:23:46] [train] ep=93 step=020/40 ce=0.3676 sc=0.8185 mi=0.0587 dn=0.0000 v13=0.0004 grl=1.0961 v15=0.0000 v15r=0.0000 v16=0.0000 v17=0.0000 v18=0.0000 acc=0.9906 lr=4.43e-06 lambda=0.000 grl_lambda=1.000 v18_lambda=0.000 gpu=3.0/11.8GB
[20:23:52] [train] ep=93 step=030/40 ce=0.3394 sc=0.8022 mi=0.0593 dn=0.0000 v13=0.0004 grl=1.0945 v15=0.0000 v15r=0.0000 v16=0.0000 v17=0.0000 v18=0.0000 acc=0.9938 lr=4.14e-06 lambda=0.000 grl_lambda=1.000 v18_lambda=0.000 gpu=3.0/11.8GB
[20:23:58] [train] ep=93 step=040/40 ce=0.3187 sc=0.7884 mi=0.0601 dn=0.0000 v13=0.0004 grl=1.0925 v15=0.0000 v15r=0.0000 v16=0.0000 v17=0.0000 v18=0.0000 acc=0.9953 lr=3.87e-06 lambda=0.000 grl_lambda=1.000 v18_lambda=0.000 gpu=3.0/11.8GB
[20:24:08] [ep_summary] ep=93/100 val_live=0.9691/0.9694 val_ema=0.9691/0.9694 test77_live=0.8489/0.8464 test77_diag_ema=0.8417/0.8389 v13=0.0004 grl=1.0925 v15=0.0000 v15r=0.0000 v16=0.0000 v17=0.0000 v18=0.0000 das=stage3[12,95] p=1.00 ep_time=33.3s
[20:24:08] [train] epoch 94/100 steps=40 use_dann=0 das=stage3 f=[12.0,95.0] p=1.00 gpu=3.0/11.8GB
[20:24:09] [train] ep=94 step=001/40 ce=0.2564 sc=0.6465 mi=0.0584 dn=0.0000 v13=0.0002 grl=1.1580 v15=0.0000 v15r=0.0000 v16=0.0000 v17=0.0000 v18=0.0000 acc=1.0000 lr=3.84e-06 lambda=0.000 grl_lambda=1.000 v18_lambda=0.000 gpu=3.0/11.8GB
[20:24:14] [train] ep=94 step=010/40 ce=0.2673 sc=0.7469 mi=0.0620 dn=0.0000 v13=0.0004 grl=1.1122 v15=0.0000 v15r=0.0000 v16=0.0000 v17=0.0000 v18=0.0000 acc=1.0000 lr=3.60e-06 lambda=0.000 grl_lambda=1.000 v18_lambda=0.000 gpu=3.0/11.8GB
[20:24:20] [train] ep=94 step=020/40 ce=0.2638 sc=0.7438 mi=0.0624 dn=0.0000 v13=0.0004 grl=1.1022 v15=0.0000 v15r=0.0000 v16=0.0000 v17=0.0000 v18=0.0000 acc=1.0000 lr=3.34e-06 lambda=0.000 grl_lambda=1.000 v18_lambda=0.000 gpu=3.0/11.8GB
[20:24:25] [train] ep=94 step=030/40 ce=0.2615 sc=0.7055 mi=0.0626 dn=0.0000 v13=0.0004 grl=1.1020 v15=0.0000 v15r=0.0000 v16=0.0000 v17=0.0000 v18=0.0000 acc=1.0000 lr=3.09e-06 lambda=0.000 grl_lambda=1.000 v18_lambda=0.000 gpu=3.0/11.8GB
[20:24:31] [train] ep=94 step=040/40 ce=0.2674 sc=0.7114 mi=0.0626 dn=0.0000 v13=0.0004 grl=1.1028 v15=0.0000 v15r=0.0000 v16=0.0000 v17=0.0000 v18=0.0000 acc=1.0000 lr=2.85e-06 lambda=0.000 grl_lambda=1.000 v18_lambda=0.000 gpu=3.0/11.8GB
[20:24:41] [ep_summary] ep=94/100 val_live=0.9691/0.9694 val_ema=0.9691/0.9694 test77_live=0.8453/0.8424 test77_diag_ema=0.8417/0.8391 v13=0.0004 grl=1.1028 v15=0.0000 v15r=0.0000 v16=0.0000 v17=0.0000 v18=0.0000 das=stage3[12,95] p=1.00 ep_time=33.4s
[20:24:41] [save] best_sourcequalified77_ema ep=94 source_val_live=0.9691/0.9694 source_val_ema=0.9691/0.9694 test77_ema=0.8417/0.8391
[20:24:41] [train] epoch 95/100 steps=40 use_dann=0 das=stage3 f=[12.0,95.0] p=1.00 gpu=3.0/11.8GB
[20:24:42] [train] ep=95 step=001/40 ce=0.2567 sc=0.6306 mi=0.0552 dn=0.0000 v13=0.0004 grl=1.0965 v15=0.0000 v15r=0.0000 v16=0.0000 v17=0.0000 v18=0.0000 acc=1.0000 lr=2.82e-06 lambda=0.000 grl_lambda=1.000 v18_lambda=0.000 gpu=3.0/11.8GB
[20:24:47] [train] ep=95 step=010/40 ce=0.2716 sc=0.7199 mi=0.0595 dn=0.0000 v13=0.0004 grl=1.0919 v15=0.0000 v15r=0.0000 v16=0.0000 v17=0.0000 v18=0.0000 acc=1.0000 lr=2.62e-06 lambda=0.000 grl_lambda=1.000 v18_lambda=0.000 gpu=3.0/11.8GB
[20:24:53] [train] ep=95 step=020/40 ce=0.2641 sc=0.7099 mi=0.0607 dn=0.0000 v13=0.0004 grl=1.0887 v15=0.0000 v15r=0.0000 v16=0.0000 v17=0.0000 v18=0.0000 acc=1.0000 lr=2.40e-06 lambda=0.000 grl_lambda=1.000 v18_lambda=0.000 gpu=3.0/11.8GB
[20:24:59] [train] ep=95 step=030/40 ce=0.2645 sc=0.7335 mi=0.0614 dn=0.0000 v13=0.0004 grl=1.0902 v15=0.0000 v15r=0.0000 v16=0.0000 v17=0.0000 v18=0.0000 acc=1.0000 lr=2.18e-06 lambda=0.000 grl_lambda=1.000 v18_lambda=0.000 gpu=3.0/11.8GB
[20:25:05] [train] ep=95 step=040/40 ce=0.2628 sc=0.7401 mi=0.0607 dn=0.0000 v13=0.0004 grl=1.0904 v15=0.0000 v15r=0.0000 v16=0.0000 v17=0.0000 v18=0.0000 acc=1.0000 lr=1.98e-06 lambda=0.000 grl_lambda=1.000 v18_lambda=0.000 gpu=3.0/11.8GB
[20:25:15] [ep_summary] ep=95/100 val_live=0.9691/0.9694 val_ema=0.9691/0.9694 test77_live=0.8417/0.8386 test77_diag_ema=0.8453/0.8424 v13=0.0004 grl=1.0904 v15=0.0000 v15r=0.0000 v16=0.0000 v17=0.0000 v18=0.0000 das=stage3[12,95] p=1.00 ep_time=33.5s
[20:25:15] [save] best_sourcequalified77_ema ep=95 source_val_live=0.9691/0.9694 source_val_ema=0.9691/0.9694 test77_ema=0.8453/0.8424
[20:25:15] [train] epoch 96/100 steps=40 use_dann=0 das=stage3 f=[12.0,95.0] p=1.00 gpu=3.0/11.8GB
[20:25:16] [train] ep=96 step=001/40 ce=0.2564 sc=0.8217 mi=0.0555 dn=0.0000 v13=0.0004 grl=1.0994 v15=0.0000 v15r=0.0000 v16=0.0000 v17=0.0000 v18=0.0000 acc=1.0000 lr=1.96e-06 lambda=0.000 grl_lambda=1.000 v18_lambda=0.000 gpu=3.0/11.8GB
[20:25:21] [train] ep=96 step=010/40 ce=0.3500 sc=0.7136 mi=0.0596 dn=0.0000 v13=0.0003 grl=1.0856 v15=0.0000 v15r=0.0000 v16=0.0000 v17=0.0000 v18=0.0000 acc=0.9938 lr=1.79e-06 lambda=0.000 grl_lambda=1.000 v18_lambda=0.000 gpu=3.0/11.8GB
[20:25:27] [train] ep=96 step=020/40 ce=0.3464 sc=0.7175 mi=0.0609 dn=0.0000 v13=0.0004 grl=1.0878 v15=0.0000 v15r=0.0000 v16=0.0000 v17=0.0000 v18=0.0000 acc=0.9938 lr=1.61e-06 lambda=0.000 grl_lambda=1.000 v18_lambda=0.000 gpu=3.0/11.8GB
[20:25:33] [train] ep=96 step=030/40 ce=0.3372 sc=0.7443 mi=0.0615 dn=0.0000 v13=0.0004 grl=1.0953 v15=0.0000 v15r=0.0000 v16=0.0000 v17=0.0000 v18=0.0000 acc=0.9958 lr=1.44e-06 lambda=0.000 grl_lambda=1.000 v18_lambda=0.000 gpu=3.0/11.8GB
[20:25:38] [train] ep=96 step=040/40 ce=0.3195 sc=0.7531 mi=0.0612 dn=0.0000 v13=0.0004 grl=1.0900 v15=0.0000 v15r=0.0000 v16=0.0000 v17=0.0000 v18=0.0000 acc=0.9969 lr=1.27e-06 lambda=0.000 grl_lambda=1.000 v18_lambda=0.000 gpu=3.0/11.8GB
[20:25:49] [ep_summary] ep=96/100 val_live=0.9691/0.9694 val_ema=0.9691/0.9694 test77_live=0.8417/0.8386 test77_diag_ema=0.8453/0.8423 v13=0.0004 grl=1.0900 v15=0.0000 v15r=0.0000 v16=0.0000 v17=0.0000 v18=0.0000 das=stage3[12,95] p=1.00 ep_time=33.6s
[20:25:49] [train] epoch 97/100 steps=40 use_dann=0 das=stage3 f=[12.0,95.0] p=1.00 gpu=3.0/11.8GB
[20:25:49] [train] ep=97 step=001/40 ce=0.2591 sc=0.6186 mi=0.0673 dn=0.0000 v13=0.0004 grl=1.0882 v15=0.0000 v15r=0.0000 v16=0.0000 v17=0.0000 v18=0.0000 acc=1.0000 lr=1.26e-06 lambda=0.000 grl_lambda=1.000 v18_lambda=0.000 gpu=3.0/11.8GB
[20:25:54] [train] ep=97 step=010/40 ce=0.2609 sc=0.8131 mi=0.0622 dn=0.0000 v13=0.0004 grl=1.1010 v15=0.0000 v15r=0.0000 v16=0.0000 v17=0.0000 v18=0.0000 acc=1.0000 lr=1.12e-06 lambda=0.000 grl_lambda=1.000 v18_lambda=0.000 gpu=3.0/11.8GB
[20:26:00] [train] ep=97 step=020/40 ce=0.2742 sc=0.7379 mi=0.0613 dn=0.0000 v13=0.0004 grl=1.0985 v15=0.0000 v15r=0.0000 v16=0.0000 v17=0.0000 v18=0.0000 acc=1.0000 lr=9.76e-07 lambda=0.000 grl_lambda=1.000 v18_lambda=0.000 gpu=3.0/11.8GB
[20:26:06] [train] ep=97 step=030/40 ce=0.2685 sc=0.7531 mi=0.0608 dn=0.0000 v13=0.0004 grl=1.0965 v15=0.0000 v15r=0.0000 v16=0.0000 v17=0.0000 v18=0.0000 acc=1.0000 lr=8.43e-07 lambda=0.000 grl_lambda=1.000 v18_lambda=0.000 gpu=3.0/11.8GB
[20:26:12] [train] ep=97 step=040/40 ce=0.2656 sc=0.7473 mi=0.0605 dn=0.0000 v13=0.0004 grl=1.0956 v15=0.0000 v15r=0.0000 v16=0.0000 v17=0.0000 v18=0.0000 acc=1.0000 lr=7.19e-07 lambda=0.000 grl_lambda=1.000 v18_lambda=0.000 gpu=3.0/11.8GB
[20:26:22] [ep_summary] ep=97/100 val_live=0.9691/0.9694 val_ema=0.9691/0.9694 test77_live=0.8453/0.8426 test77_diag_ema=0.8453/0.8423 v13=0.0004 grl=1.0956 v15=0.0000 v15r=0.0000 v16=0.0000 v17=0.0000 v18=0.0000 das=stage3[12,95] p=1.00 ep_time=33.4s
[20:26:22] [train] epoch 98/100 steps=40 use_dann=0 das=stage3 f=[12.0,95.0] p=1.00 gpu=3.0/11.8GB
[20:26:23] [train] ep=98 step=001/40 ce=0.2585 sc=0.6467 mi=0.0588 dn=0.0000 v13=0.0007 grl=1.1348 v15=0.0000 v15r=0.0000 v16=0.0000 v17=0.0000 v18=0.0000 acc=1.0000 lr=7.07e-07 lambda=0.000 grl_lambda=1.000 v18_lambda=0.000 gpu=3.0/11.8GB
[20:26:28] [train] ep=98 step=010/40 ce=0.3646 sc=0.7222 mi=0.0622 dn=0.0000 v13=0.0004 grl=1.1072 v15=0.0000 v15r=0.0000 v16=0.0000 v17=0.0000 v18=0.0000 acc=0.9938 lr=6.05e-07 lambda=0.000 grl_lambda=1.000 v18_lambda=0.000 gpu=3.0/11.8GB
[20:26:34] [train] ep=98 step=020/40 ce=0.3107 sc=0.7815 mi=0.0614 dn=0.0000 v13=0.0004 grl=1.1062 v15=0.0000 v15r=0.0000 v16=0.0000 v17=0.0000 v18=0.0000 acc=0.9969 lr=5.01e-07 lambda=0.000 grl_lambda=1.000 v18_lambda=0.000 gpu=3.0/11.8GB
[20:26:39] [train] ep=98 step=030/40 ce=0.2928 sc=0.7926 mi=0.0622 dn=0.0000 v13=0.0004 grl=1.1035 v15=0.0000 v15r=0.0000 v16=0.0000 v17=0.0000 v18=0.0000 acc=0.9979 lr=4.07e-07 lambda=0.000 grl_lambda=1.000 v18_lambda=0.000 gpu=3.0/11.8GB
[20:26:45] [train] ep=98 step=040/40 ce=0.2838 sc=0.7949 mi=0.0639 dn=0.0000 v13=0.0004 grl=1.1064 v15=0.0000 v15r=0.0000 v16=0.0000 v17=0.0000 v18=0.0000 acc=0.9984 lr=3.22e-07 lambda=0.000 grl_lambda=1.000 v18_lambda=0.000 gpu=3.0/11.8GB
[20:26:55] [ep_summary] ep=98/100 val_live=0.9691/0.9694 val_ema=0.9691/0.9694 test77_live=0.8453/0.8426 test77_diag_ema=0.8453/0.8423 v13=0.0004 grl=1.1064 v15=0.0000 v15r=0.0000 v16=0.0000 v17=0.0000 v18=0.0000 das=stage3[12,95] p=1.00 ep_time=33.4s
[20:26:55] [train] epoch 99/100 steps=40 use_dann=0 das=stage3 f=[12.0,95.0] p=1.00 gpu=3.0/11.8GB
[20:26:56] [train] ep=99 step=001/40 ce=0.2567 sc=0.8566 mi=0.0637 dn=0.0000 v13=0.0003 grl=1.0203 v15=0.0000 v15r=0.0000 v16=0.0000 v17=0.0000 v18=0.0000 acc=1.0000 lr=3.15e-07 lambda=0.000 grl_lambda=1.000 v18_lambda=0.000 gpu=3.0/11.8GB
[20:27:01] [train] ep=99 step=010/40 ce=0.2645 sc=0.8238 mi=0.0607 dn=0.0000 v13=0.0004 grl=1.1034 v15=0.0000 v15r=0.0000 v16=0.0000 v17=0.0000 v18=0.0000 acc=1.0000 lr=2.48e-07 lambda=0.000 grl_lambda=1.000 v18_lambda=0.000 gpu=3.0/11.8GB
[20:27:07] [train] ep=99 step=020/40 ce=0.2860 sc=0.7877 mi=0.0615 dn=0.0000 v13=0.0004 grl=1.0883 v15=0.0000 v15r=0.0000 v16=0.0000 v17=0.0000 v18=0.0000 acc=0.9969 lr=1.83e-07 lambda=0.000 grl_lambda=1.000 v18_lambda=0.000 gpu=3.0/11.8GB
[20:27:13] [train] ep=99 step=030/40 ce=0.2766 sc=0.7964 mi=0.0613 dn=0.0000 v13=0.0004 grl=1.0915 v15=0.0000 v15r=0.0000 v16=0.0000 v17=0.0000 v18=0.0000 acc=0.9979 lr=1.28e-07 lambda=0.000 grl_lambda=1.000 v18_lambda=0.000 gpu=3.0/11.8GB
[20:27:19] [train] ep=99 step=040/40 ce=0.3058 sc=0.8177 mi=0.0616 dn=0.0000 v13=0.0004 grl=1.0897 v15=0.0000 v15r=0.0000 v16=0.0000 v17=0.0000 v18=0.0000 acc=0.9953 lr=8.26e-08 lambda=0.000 grl_lambda=1.000 v18_lambda=0.000 gpu=3.0/11.8GB
[20:27:29] [ep_summary] ep=99/100 val_live=0.9691/0.9694 val_ema=0.9691/0.9694 test77_live=0.8453/0.8426 test77_diag_ema=0.8453/0.8423 v13=0.0004 grl=1.0897 v15=0.0000 v15r=0.0000 v16=0.0000 v17=0.0000 v18=0.0000 das=stage3[12,95] p=1.00 ep_time=33.5s
[20:27:29] [train] epoch 100/100 steps=40 use_dann=0 das=stage3 f=[12.0,95.0] p=1.00 gpu=3.0/11.8GB
[20:27:29] [train] ep=100 step=001/40 ce=0.2561 sc=1.0474 mi=0.0736 dn=0.0000 v13=0.0004 grl=1.0970 v15=0.0000 v15r=0.0000 v16=0.0000 v17=0.0000 v18=0.0000 acc=1.0000 lr=7.87e-08 lambda=0.000 grl_lambda=1.000 v18_lambda=0.000 gpu=3.0/11.8GB
[20:27:35] [train] ep=100 step=010/40 ce=0.2569 sc=0.7328 mi=0.0646 dn=0.0000 v13=0.0004 grl=1.0904 v15=0.0000 v15r=0.0000 v16=0.0000 v17=0.0000 v18=0.0000 acc=1.0000 lr=4.72e-08 lambda=0.000 grl_lambda=1.000 v18_lambda=0.000 gpu=3.0/11.8GB
[20:27:40] [train] ep=100 step=020/40 ce=0.2573 sc=0.7461 mi=0.0631 dn=0.0000 v13=0.0004 grl=1.0927 v15=0.0000 v15r=0.0000 v16=0.0000 v17=0.0000 v18=0.0000 acc=1.0000 lr=2.17e-08 lambda=0.000 grl_lambda=1.000 v18_lambda=0.000 gpu=3.0/11.8GB
[20:27:46] [train] ep=100 step=030/40 ce=0.3048 sc=0.7974 mi=0.0624 dn=0.0000 v13=0.0004 grl=1.0917 v15=0.0000 v15r=0.0000 v16=0.0000 v17=0.0000 v18=0.0000 acc=0.9958 lr=5.95e-09 lambda=0.000 grl_lambda=1.000 v18_lambda=0.000 gpu=3.0/11.8GB
[20:27:52] [train] ep=100 step=040/40 ce=0.2929 sc=0.7873 mi=0.0627 dn=0.0000 v13=0.0004 grl=1.0905 v15=0.0000 v15r=0.0000 v16=0.0000 v17=0.0000 v18=0.0000 acc=0.9969 lr=4.92e-11 lambda=0.000 grl_lambda=1.000 v18_lambda=0.000 gpu=3.0/11.8GB
[20:28:02] [pool] check ep=100/100 source_val_acc_ema=0.9691 threshold=0.90
[20:28:07] [pool] ep=100 ADDED src_val=0.9691/0.9694 dev77=0.8000/0.7934 final77=0.8453/0.8423
[20:28:07] [pool] running best ep=080 dev77_f1=0.8039 final77_f1=0.8353 (pool_size=7)
[20:28:07] [ep_summary] ep=100/100 val_live=0.9691/0.9694 val_ema=0.9691/0.9694 test77_live=0.8453/0.8426 test77_diag_ema=0.8453/0.8423 v13=0.0004 grl=1.0905 v15=0.0000 v15r=0.0000 v16=0.0000 v17=0.0000 v18=0.0000 das=stage3[12,95] p=1.00 ep_time=38.2s
[20:28:07] [strict77_monitor] ep=100 best_source_epoch=87 source_val_ema=0.9691/0.9694 test77_ema_diag=0.8381/0.8349 sourcequalified_count=69 best_sourcequalified77_epoch=95 source_val_ema=0.9691/0.9694 test77_ema=0.8453/0.8424
[20:28:07] [pool] FINAL pool_size=7 best ep=080 dev77_f1=0.8039 final77_f1=0.8353 -> /scratch/st-zliu-1/heqingz/CrossCarrier_Fresh_20260922/CrossCarrier_Repro/EXPERIMENTSRESULT/REVISION_5090/SUPP_ABLATION/ACR_discrete/seed31415/checkpoints/best_pool_ema.pt
[20:28:07] [train] done best_sourceval_acc_ema=0.9691
[20:29:43] [eval] loaded vit_large_patch16_dinov3_lvd1689m_best_sourceval_ema.pt (sourceval)
[20:29:45] [eval] strict source-val selected by ema acc; heldout77_unused=140 final_test77=278 imgs, seed=42 dev_per_class=20
[20:29:57] [eval] 77GHz final-test acc=0.8381 f1=0.8349
[20:29:57] [eval] 77GHz final-test per-class={'Away': 1.0, 'Bend': 0.7692307692307693, 'Kneel': 0.8095238095238095, 'Pick': 0.8, 'SStep': 1.0, 'Sit': 0.6216216216216216, 'Towards': 0.85}
[20:30:03] [eval] val_all acc=0.9691 f1=0.9694
[20:30:06] [freq_scan:val10] f_virt=15GHz acc=0.9744 f1=0.9760
[20:30:07] [freq_scan:val10] f_virt=30GHz acc=0.9615 f1=0.9642
[20:30:08] [freq_scan:val10] f_virt=50GHz acc=0.9615 f1=0.9642
[20:30:09] [freq_scan:val10] f_virt=77GHz acc=0.9615 f1=0.9642
[20:30:10] [freq_scan:val10] f_virt=99GHz acc=0.9615 f1=0.9642
[20:30:12] [freq_scan:val10] f_virt=120GHz acc=0.9487 f1=0.9518
[20:30:13] [freq_scan:val10] f_virt=140GHz acc=0.9103 f1=0.9108
[20:30:15] [freq_scan:val24] f_virt=15GHz acc=0.9881 f1=0.9876
[20:30:16] [freq_scan:val24] f_virt=30GHz acc=0.9762 f1=0.9757
[20:30:17] [freq_scan:val24] f_virt=50GHz acc=0.9643 f1=0.9637
[20:30:18] [freq_scan:val24] f_virt=77GHz acc=0.9762 f1=0.9751
[20:30:19] [freq_scan:val24] f_virt=99GHz acc=0.9643 f1=0.9637
[20:30:21] [freq_scan:val24] f_virt=120GHz acc=0.9643 f1=0.9637
[20:30:22] [freq_scan:val24] f_virt=140GHz acc=0.9643 f1=0.9632
[20:30:50] [eval] saved eval_sourceval.json
[20:31:01] [eval] loaded vit_large_patch16_dinov3_lvd1689m_best_sourcequalified77_ema.pt (sourcequalified)
[20:31:01] [eval] source-qualified diagnostic selected (source-val ema acc >= 0.90, then best 77GHz ema macro-F1); heldout77_unused=140 final_test77=278 imgs, seed=42 dev_per_class=20
[20:31:04] [eval] 77GHz final-test acc=0.8453 f1=0.8424
[20:31:04] [eval] 77GHz final-test per-class={'Away': 1.0, 'Bend': 0.7692307692307693, 'Kneel': 0.8333333333333334, 'Pick': 0.8, 'SStep': 1.0, 'Sit': 0.6486486486486487, 'Towards': 0.85}
[20:31:06] [eval] val_all acc=0.9691 f1=0.9694
[20:31:07] [freq_scan:val10] f_virt=15GHz acc=0.9744 f1=0.9760
[20:31:08] [freq_scan:val10] f_virt=30GHz acc=0.9615 f1=0.9642
[20:31:09] [freq_scan:val10] f_virt=50GHz acc=0.9744 f1=0.9760
[20:31:11] [freq_scan:val10] f_virt=77GHz acc=0.9744 f1=0.9760
[20:31:12] [freq_scan:val10] f_virt=99GHz acc=0.9615 f1=0.9642
[20:31:13] [freq_scan:val10] f_virt=120GHz acc=0.9487 f1=0.9518
[20:31:14] [freq_scan:val10] f_virt=140GHz acc=0.9231 f1=0.9235
[20:31:15] [freq_scan:val24] f_virt=15GHz acc=0.9881 f1=0.9876
[20:31:17] [freq_scan:val24] f_virt=30GHz acc=0.9762 f1=0.9757
[20:31:18] [freq_scan:val24] f_virt=50GHz acc=0.9643 f1=0.9637
[20:31:19] [freq_scan:val24] f_virt=77GHz acc=0.9762 f1=0.9751
[20:31:20] [freq_scan:val24] f_virt=99GHz acc=0.9643 f1=0.9637
[20:31:21] [freq_scan:val24] f_virt=120GHz acc=0.9762 f1=0.9751
[20:31:23] [freq_scan:val24] f_virt=140GHz acc=0.9643 f1=0.9632
[20:31:23] [eval] saved eval_sourcequalified.json
